date,time,epicenter,緯度,経度,depth,magnitude,maxshindo,lat,lng
2002/1/1,5:19:37,長野県中部,36°24.9′N,138°03.0′E,8 km,3.2,震度２,36.415,138.05
2002/1/1,9:33:56,山梨県東部・富士五湖,35°32.1′N,138°58.7′E,20 km,3.2,震度２,35.535,138.9783333
2002/1/2,8:05:16,島根県東部,35°10.8′N,133°07.0′E,4 km,2,震度１,35.18,133.1166667
2002/1/2,19:36:59,三宅島近海,34°03.0′N,139°34.3′E,1 km,1.9,震度２,34.05,139.5716667
2002/1/2,20:08:00,詳細不明,34°07.0′N,139°32.0′E,0 km,,震度１,34.11666667,139.5333333
2002/1/2,20:34:00,詳細不明,34°07.0′N,139°32.0′E,0 km,,震度１,34.11666667,139.5333333
2002/1/2,20:36:00,詳細不明,34°07.0′N,139°32.0′E,0 km,,震度１,34.11666667,139.5333333
2002/1/2,23:37:28,宮古島近海,24°58.0′N,125°13.0′E,21 km,3.3,震度１,24.96666667,125.2166667
2002/1/3,0:12:28,新島・神津島近海,34°26.9′N,139°11.2′E,13 km,2.3,震度１,34.44833333,139.1866667
2002/1/3,3:12:54,岩手県沖,39°42.8′N,142°04.4′E,86 km,3.8,震度１,39.71333333,142.0733333
2002/1/3,5:43:41,群馬県北部,36°36.8′N,139°17.1′E,9 km,2.8,震度２,36.61333333,139.285
2002/1/3,16:39:23,新島・神津島近海,34°16.6′N,139°14.4′E,9 km,2,震度１,34.27666667,139.24
2002/1/3,23:38:32,新島・神津島近海,34°16.5′N,139°14.2′E,10 km,2.9,震度３,34.275,139.2366667
2002/1/4,2:57:19,新島・神津島近海,34°16.6′N,139°14.1′E,10 km,2,震度１,34.27666667,139.235
2002/1/4,3:18:16,茨城県沖,36°36.5′N,141°00.6′E,47 km,3.4,震度１,36.60833333,141.01
2002/1/4,4:47:10,三宅島近海,33°52.2′N,139°27.2′E,18 km,2.9,震度１,33.87,139.4533333
2002/1/4,11:05:03,京都府南部,35°07.7′N,135°46.4′E,13 km,3.4,震度３,35.12833333,135.7733333
2002/1/4,12:08:54,奈良県,33°56.6′N,135°37.8′E,11 km,3.4,震度３,33.94333333,135.63
2002/1/4,13:11:24,奈良県,33°56.8′N,135°37.6′E,11 km,2.5,震度１,33.94666667,135.6266667
2002/1/4,13:18:57,奈良県,33°56.7′N,135°37.9′E,12 km,3.7,震度３,33.945,135.6316667
2002/1/4,13:20:51,奈良県,33°56.7′N,135°38.1′E,11 km,2.9,震度１,33.945,135.635
2002/1/4,13:56:47,奈良県,33°56.5′N,135°38.0′E,11 km,3,震度２,33.94166667,135.6333333
2002/1/4,13:57:51,奈良県,33°56.7′N,135°38.0′E,11 km,2.8,震度１,33.945,135.6333333
2002/1/4,14:00:11,静岡県中部,34°59.4′N,138°17.6′E,16 km,3.5,震度２,34.99,138.2933333
2002/1/4,14:12:04,和歌山県南部,33°57.5′N,135°38.0′E,11 km,2.9,震度１,33.95833333,135.6333333
2002/1/4,14:16:39,奈良県,33°56.5′N,135°37.7′E,11 km,2.8,震度１,33.94166667,135.6283333
2002/1/4,14:21:32,和歌山県南部,33°57.0′N,135°38.2′E,11 km,2.7,震度１,33.95,135.6366667
2002/1/4,15:41:13,和歌山県南部,33°57.5′N,135°38.2′E,11 km,3.3,震度１,33.95833333,135.6366667
2002/1/4,16:33:55,和歌山県南部,33°57.4′N,135°38.2′E,12 km,4.1,震度３,33.95666667,135.6366667
2002/1/4,17:39:17,埼玉県南部,35°55.7′N,139°19.2′E,19 km,2.8,震度１,35.92833333,139.32
2002/1/5,4:51:37,新島・神津島近海,34°16.7′N,139°13.5′E,9 km,2,震度１,34.27833333,139.225
2002/1/5,8:59:08,秋田県内陸南部,39°16.5′N,140°24.7′E,8 km,2.2,震度１,39.275,140.4116667
2002/1/5,15:01:49,奈良県,33°56.6′N,135°38.3′E,11 km,2.8,震度１,33.94333333,135.6383333
2002/1/6,15:57:21,和歌山県南部,33°57.1′N,135°38.5′E,11 km,3.1,震度１,33.95166667,135.6416667
2002/1/6,18:35:19,茨城県沖,36°23.7′N,141°01.7′E,47 km,4,震度２,36.395,141.0283333
2002/1/7,6:41:45,和歌山県南部,33°57.0′N,135°38.6′E,11 km,2.7,震度１,33.95,135.6433333
2002/1/7,8:36:18,奈良県,33°56.5′N,135°38.0′E,11 km,3.1,震度１,33.94166667,135.6333333
2002/1/7,8:55:15,奈良県,33°56.5′N,135°38.1′E,11 km,3,震度１,33.94166667,135.635
2002/1/7,18:43:53,西表島付近,23°58.0′N,123°34.5′E,31 km,4.3,震度１,23.96666667,123.575
2002/1/7,18:50:23,千葉県東方沖,35°50.2′N,140°55.7′E,28 km,3.3,震度１,35.83666667,140.9283333
2002/1/7,19:26:55,紀伊水道,34°09.3′N,135°04.2′E,9 km,3.1,震度１,34.155,135.07
2002/1/7,22:41:51,千葉県東方沖,35°50.3′N,140°56.6′E,29 km,2.9,震度１,35.83833333,140.9433333
2002/1/8,2:41:50,茨城県南部,36°12.2′N,139°46.8′E,57 km,3.3,震度１,36.20333333,139.78
2002/1/8,7:35:46,茨城県沖,36°10.6′N,140°55.1′E,43 km,3.9,震度１,36.17666667,140.9183333
2002/1/8,12:03:53,和歌山県南部,33°57.1′N,135°38.7′E,11 km,2.6,震度１,33.95166667,135.645
2002/1/8,14:55:08,愛知県東部,34°39.6′N,137°05.3′E,13 km,3.4,震度２,34.66,137.0883333
2002/1/8,18:22:04,十勝地方中部,42°55.6′N,143°46.4′E,119 km,4,震度１,42.92666667,143.7733333
2002/1/9,3:27:39,栃木県北部,36°42.6′N,139°22.6′E,12 km,2,震度１,36.71,139.3766667
2002/1/9,5:41:05,埼玉県南部,35°55.7′N,139°15.4′E,19 km,3.2,震度２,35.92833333,139.2566667
2002/1/10,0:41:03,房総半島南方沖,34°14.0′N,139°43.6′E,117 km,4.9,震度２,34.23333333,139.7266667
2002/1/10,2:47:52,奈良県,33°56.4′N,135°37.8′E,11 km,2.5,震度１,33.94,135.63
2002/1/10,10:10:09,上川地方南部,43°23.7′N,142°21.0′E,12 km,2.5,震度１,43.395,142.35
2002/1/11,0:22:45,択捉島付近,44°21.4′N,146°52.1′E,113 km,4.6,震度１,44.35666667,146.8683333
2002/1/11,10:12:26,新島・神津島近海,34°14.8′N,139°12.6′E,11 km,2.2,震度１,34.24666667,139.21
2002/1/11,17:17:45,奄美大島近海,28°19.4′N,129°23.6′E,32 km,2.8,震度１,28.32333333,129.3933333
2002/1/12,2:28:47,新島・神津島近海,34°15.8′N,139°11.2′E,10 km,2.6,震度３,34.26333333,139.1866667
2002/1/12,2:30:44,新島・神津島近海,34°15.5′N,139°11.5′E,11 km,2.4,震度２,34.25833333,139.1916667
2002/1/12,2:32:15,新島・神津島近海,34°15.8′N,139°11.0′E,9 km,2.3,震度２,34.26333333,139.1833333
2002/1/12,2:34:05,新島・神津島近海,34°15.9′N,139°10.6′E,9 km,2.7,震度２,34.265,139.1766667
2002/1/12,2:34:46,新島・神津島近海,34°16.0′N,139°11.4′E,8 km,2.5,震度２,34.26666667,139.19
2002/1/12,6:57:42,三重県南東沖,33°58.3′N,137°12.3′E,366 km,5,震度１,33.97166667,137.205
2002/1/12,9:18:21,宮古島北西沖,25°44.8′N,125°13.7′E,9 km,5.4,震度２,25.74666667,125.2283333
2002/1/12,9:46:52,宮古島北西沖,25°43.5′N,125°14.5′E,8 km,5.1,震度１,25.725,125.2416667
2002/1/12,10:38:16,宮古島北西沖,25°43.7′N,125°16.3′E,16 km,5,震度１,25.72833333,125.2716667
2002/1/12,15:56:14,長野県中部,36°24.9′N,138°03.0′E,9 km,2.3,震度１,36.415,138.05
2002/1/12,17:22:51,静岡県伊豆地方,35°02.3′N,139°06.5′E,6 km,2.1,震度１,35.03833333,139.1083333
2002/1/12,20:19:02,京都府南部,35°01.7′N,135°36.1′E,12 km,3,震度１,35.02833333,135.6016667
2002/1/12,20:43:59,岩手県内陸南部,39°00.3′N,140°54.4′E,7 km,3.1,震度１,39.005,140.9066667
2002/1/12,23:00:24,北海道東方沖,43°38.9′N,147°21.1′E,31 km,4.9,震度１,43.64833333,147.3516667
2002/1/13,1:29:27,宮古島北西沖,25°43.9′N,125°14.5′E,9 km,5.1,震度１,25.73166667,125.2416667
2002/1/13,1:52:19,宮古島北西沖,25°44.9′N,125°13.6′E,12 km,4.9,震度１,25.74833333,125.2266667
2002/1/13,5:59:03,宮古島北西沖,25°41.9′N,125°13.6′E,24 km,4.3,震度１,25.69833333,125.2266667
2002/1/13,9:19:15,トカラ列島近海,29°35.4′N,129°56.3′E,26 km,3.4,震度１,29.59,129.9383333
2002/1/13,9:34:23,愛媛県中予,33°42.9′N,132°44.1′E,41 km,3.6,震度２,33.715,132.735
2002/1/13,11:47:41,愛媛県中予,33°42.9′N,132°44.0′E,41 km,3.6,震度１,33.715,132.7333333
2002/1/14,2:50:57,宮城県中部,38°19.7′N,140°37.0′E,10 km,2.5,震度１,38.32833333,140.6166667
2002/1/14,10:35:26,伊豆大島近海,34°44.2′N,139°18.6′E,0 km,2.2,震度２,34.73666667,139.31
2002/1/14,14:26:44,伊豆大島近海,34°42.6′N,139°24.2′E,0 km,0.3,震度１,34.71,139.4033333
2002/1/15,16:38:57,宮城県中部,38°19.7′N,140°36.8′E,9 km,3.1,震度２,38.32833333,140.6133333
2002/1/15,21:42:41,岐阜県飛騨地方,35°58.2′N,137°28.1′E,8 km,2.9,震度１,35.97,137.4683333
2002/1/15,21:59:46,千葉県北東部,35°53.2′N,140°36.7′E,44 km,4.5,震度３,35.88666667,140.6116667
2002/1/16,7:27:37,新潟県中越地方,37°34.6′N,139°03.4′E,9 km,2.8,震度２,37.57666667,139.0566667
2002/1/16,8:47:59,新潟県中越地方,37°34.8′N,139°03.1′E,10 km,2.3,震度１,37.58,139.0516667
2002/1/16,9:02:43,和歌山県北部,34°03.9′N,135°09.3′E,6 km,2.5,震度１,34.065,135.155
2002/1/16,20:43:29,熊本県熊本地方,32°43.9′N,130°47.5′E,9 km,2.4,震度１,32.73166667,130.7916667
2002/1/16,22:33:11,宮古島近海,23°50.3′N,125°19.9′E,55 km,5.8,震度２,23.83833333,125.3316667
2002/1/17,8:25:44,伊予灘,33°29.8′N,132°08.2′E,55 km,3.7,震度１,33.49666667,132.1366667
2002/1/17,23:29:32,伊豆大島近海,34°42.9′N,139°25.9′E,0 km,0.4,震度１,34.715,139.4316667
2002/1/18,1:00:36,奈良県,33°56.9′N,135°38.6′E,11 km,2.6,震度１,33.94833333,135.6433333
2002/1/18,1:18:10,八丈島近海,33°11.0′N,139°11.6′E,25 km,4,震度１,33.18333333,139.1933333
2002/1/18,2:30:00,伊豆大島近海,34°43.3′N,139°24.9′E,0 km,1.6,震度３,34.72166667,139.415
2002/1/18,2:43:12,伊豆大島近海,34°42.7′N,139°24.5′E,0 km,,震度１,34.71166667,139.4083333
2002/1/18,4:09:53,日向灘,31°53.8′N,131°41.8′E,43 km,3.3,震度１,31.89666667,131.6966667
2002/1/18,9:49:20,栃木県北部,36°42.5′N,139°22.1′E,12 km,2.1,震度１,36.70833333,139.3683333
2002/1/18,14:33:51,栃木県北部,36°44.5′N,139°32.6′E,9 km,2.8,震度２,36.74166667,139.5433333
2002/1/18,16:46:08,伊豆大島近海,34°44.9′N,139°37.3′E,20 km,3.9,震度３,34.74833333,139.6216667
2002/1/19,3:53:22,伊豆大島近海,34°42.7′N,139°25.3′E,0 km,1.9,震度３,34.71166667,139.4216667
2002/1/19,3:54:45,伊豆大島近海,34°43.1′N,139°25.1′E,0 km,1.1,震度２,34.71833333,139.4183333
2002/1/19,6:47:43,伊豆大島近海,34°43.5′N,139°25.1′E,0 km,,震度２,34.725,139.4183333
2002/1/19,9:41:43,伊豆大島近海,34°42.6′N,139°26.4′E,0 km,0.5,震度１,34.71,139.44
2002/1/19,13:48:09,伊豆大島近海,34°42.1′N,139°24.9′E,0 km,0.4,震度１,34.70166667,139.415
2002/1/19,14:07:22,伊豆大島近海,34°42.5′N,139°25.2′E,0 km,0.9,震度１,34.70833333,139.42
2002/1/19,18:06:17,北海道東方沖,43°42.8′N,147°21.4′E,32 km,5.8,震度３,43.71333333,147.3566667
2002/1/19,19:11:57,鳥取県西部,35°17.8′N,133°20.0′E,8 km,2,震度１,35.29666667,133.3333333
2002/1/19,20:18:21,伊豆大島近海,34°43.4′N,139°25.4′E,0 km,1.1,震度２,34.72333333,139.4233333
2002/1/19,22:17:38,浦河沖,42°01.8′N,142°35.9′E,62 km,3.4,震度１,42.03,142.5983333
2002/1/20,5:08:33,伊豆大島近海,34°42.9′N,139°24.9′E,0 km,1.4,震度３,34.715,139.415
2002/1/20,5:21:50,伊豆大島近海,34°43.0′N,139°24.6′E,0 km,2.2,震度４,34.71666667,139.41
2002/1/20,7:24:59,伊豆大島近海,34°42.3′N,139°25.6′E,0 km,0.8,震度１,34.705,139.4266667
2002/1/20,23:46:50,千葉県南部,35°16.9′N,140°07.2′E,81 km,3.7,震度１,35.28166667,140.12
2002/1/21,3:27:36,伊豆大島近海,34°43.4′N,139°24.9′E,0 km,1,震度３,34.72333333,139.415
2002/1/21,8:55:42,釧路沖,42°32.1′N,144°46.6′E,47 km,4.7,震度２,42.535,144.7766667
2002/1/21,17:28:36,五島列島近海,32°45.8′N,128°53.7′E,3 km,3,震度１,32.76333333,128.895
2002/1/21,19:12:15,伊豆大島近海,34°43.0′N,139°25.4′E,0 km,1,震度２,34.71666667,139.4233333
2002/1/21,19:14:08,伊豆大島近海,34°42.0′N,139°24.6′E,0 km,,震度１,34.7,139.41
2002/1/21,19:55:49,島根県東部,35°22.8′N,133°16.5′E,10 km,2.6,震度２,35.38,133.275
2002/1/22,0:04:36,長野県北部,36°41.9′N,138°08.6′E,4 km,2.1,震度１,36.69833333,138.1433333
2002/1/22,5:43:26,伊豆大島近海,34°43.3′N,139°25.0′E,0 km,1.1,震度２,34.72166667,139.4166667
2002/1/22,7:22:30,伊豆大島近海,34°41.8′N,139°24.0′E,0 km,0.2,震度１,34.69666667,139.4
2002/1/22,8:22:54,新島・神津島近海,34°12.2′N,139°08.3′E,11 km,2.6,震度２,34.20333333,139.1383333
2002/1/22,14:22:06,奄美大島北西沖,28°30.4′N,128°15.9′E,0 km,5.1,震度１,28.50666667,128.265
2002/1/22,22:09:53,日向灘,32°31.3′N,132°06.9′E,31 km,3.8,震度１,32.52166667,132.115
2002/1/23,12:09:06,青森県東方沖,41°14.1′N,142°14.1′E,57 km,4.1,震度２,41.235,142.235
2002/1/24,8:54:12,宮城県北部,38°50.9′N,141°03.3′E,10 km,2,震度１,38.84833333,141.055
2002/1/24,16:08:34,鳥取県西部,35°21.8′N,133°19.2′E,9 km,4.8,震度４,35.36333333,133.32
2002/1/24,16:12:22,鳥取県西部,35°21.7′N,133°19.2′E,9 km,2.4,震度１,35.36166667,133.32
2002/1/24,16:14:26,鳥取県西部,35°21.4′N,133°19.2′E,9 km,1.9,震度１,35.35666667,133.32
2002/1/24,16:25:35,鳥取県西部,35°21.6′N,133°19.3′E,10 km,2.1,震度１,35.36,133.3216667
2002/1/24,16:29:33,鳥取県西部,35°21.6′N,133°19.3′E,9 km,2.1,震度１,35.36,133.3216667
2002/1/24,16:31:51,鳥取県西部,35°21.6′N,133°19.3′E,9 km,3.1,震度２,35.36,133.3216667
2002/1/24,16:46:43,島根県東部,35°22.1′N,133°19.1′E,10 km,2.5,震度１,35.36833333,133.3183333
2002/1/24,16:54:08,鳥取県西部,35°21.5′N,133°19.3′E,9 km,1.6,震度１,35.35833333,133.3216667
2002/1/24,17:50:54,鳥取県西部,35°21.4′N,133°19.4′E,9 km,2.3,震度１,35.35666667,133.3233333
2002/1/24,18:07:56,鳥取県西部,35°21.5′N,133°19.4′E,9 km,2.1,震度１,35.35833333,133.3233333
2002/1/24,18:41:48,鳥取県西部,35°21.4′N,133°19.3′E,9 km,2,震度１,35.35666667,133.3216667
2002/1/25,0:11:28,鳥取県西部,35°21.8′N,133°19.0′E,9 km,2.1,震度１,35.36333333,133.3166667
2002/1/25,7:42:54,長野県南部,35°48.9′N,137°21.8′E,9 km,2.9,震度１,35.815,137.3633333
2002/1/26,0:20:07,三重県南東沖,34°10.6′N,136°36.8′E,36 km,2.7,震度１,34.17666667,136.6133333
2002/1/26,16:47:49,岩手県沖,40°20.9′N,142°11.2′E,45 km,3.7,震度１,40.34833333,142.1866667
2002/1/26,19:13:26,愛知県西部,35°18.2′N,137°04.9′E,44 km,3,震度１,35.30333333,137.0816667
2002/1/27,7:56:03,茨城県南部,36°03.0′N,139°54.7′E,45 km,3.1,震度１,36.05,139.9116667
2002/1/27,8:57:00,安芸灘,34°07.6′N,132°42.7′E,42 km,2.9,震度１,34.12666667,132.7116667
2002/1/27,15:24:22,奈良県,33°56.7′N,135°38.1′E,11 km,3,震度１,33.945,135.635
2002/1/27,15:30:42,鳥取県西部,35°21.6′N,133°19.1′E,8 km,2.2,震度１,35.36,133.3183333
2002/1/27,16:09:16,岩手県沖,39°19.1′N,142°24.7′E,46 km,5.5,震度４,39.31833333,142.4116667
2002/1/27,23:02:08,五島列島近海,32°45.8′N,128°53.4′E,6 km,3.4,震度１,32.76333333,128.89
2002/1/27,23:12:09,五島列島近海,32°46.0′N,128°53.4′E,5 km,2.7,震度１,32.76666667,128.89
2002/1/29,8:42:17,福島県沖,37°45.6′N,141°50.0′E,39 km,4.3,震度２,37.76,141.8333333
2002/1/29,8:45:11,福島県沖,37°46.0′N,141°49.3′E,39 km,4.8,震度３,37.76666667,141.8216667
2002/1/29,9:57:58,三宅島近海,34°05.0′N,139°30.6′E,0 km,2,震度１,34.08333333,139.51
2002/1/29,10:24:26,新島・神津島近海,34°14.3′N,139°12.4′E,12 km,2.2,震度１,34.23833333,139.2066667
2002/1/29,15:13:16,三宅島近海,34°04.3′N,139°30.8′E,0 km,1.8,震度１,34.07166667,139.5133333
2002/1/29,18:50:45,茨城県沖,36°44.8′N,140°52.9′E,58 km,4,震度２,36.74666667,140.8816667
2002/1/30,14:23:51,島根県東部,35°22.0′N,133°19.1′E,10 km,2.1,震度１,35.36666667,133.3183333
2002/1/31,14:10:24,京都府南部,35°06.0′N,135°42.7′E,7 km,2.9,震度１,35.1,135.7116667
2002/1/31,17:58:00,鳥取県西部,35°21.8′N,133°19.3′E,10 km,2.1,震度１,35.36333333,133.3216667
2002/2/1,0:33:48,群馬県北部,36°40.2′N,139°20.4′E,7 km,2.3,震度１,36.67,139.34
2002/2/1,0:54:15,奄美大島北東沖,29°23.3′N,130°34.7′E,27 km,4.1,震度１,29.38833333,130.5783333
2002/2/1,10:25:51,根室半島南東沖,43°24.2′N,145°58.5′E,97 km,3.9,震度１,43.40333333,145.975
2002/2/1,12:17:46,鳥取県西部,35°21.3′N,133°19.3′E,8 km,2.3,震度１,35.355,133.3216667
2002/2/1,17:48:10,鳥取県西部,35°11.4′N,133°25.5′E,8 km,3,震度２,35.19,133.425
2002/2/1,21:20:11,島根県東部,35°22.0′N,133°18.8′E,8 km,2.4,震度１,35.36666667,133.3133333
2002/2/2,3:15:58,新島・神津島近海,34°23.0′N,139°09.3′E,0 km,1.8,震度１,34.38333333,139.155
2002/2/2,3:34:47,鳥取県西部,35°21.5′N,133°19.3′E,9 km,2.1,震度１,35.35833333,133.3216667
2002/2/2,5:09:22,新潟県中越地方,37°24.2′N,138°56.7′E,11 km,4,震度３,37.40333333,138.945
2002/2/2,6:55:19,ウラジオストク付近,45°19.7′N,136°50.1′E,407 km,5.8,震度１,45.32833333,136.835
2002/2/3,1:16:20,福島県沖,37°15.4′N,141°11.4′E,77 km,3.7,震度１,37.25666667,141.19
2002/2/3,5:03:20,千葉県北東部,35°46.1′N,140°30.3′E,47 km,3.8,震度２,35.76833333,140.505
2002/2/3,14:21:48,鳥取県西部,35°10.7′N,133°17.1′E,9 km,2.1,震度１,35.17833333,133.285
2002/2/3,19:12:16,福島県沖,37°06.7′N,141°01.2′E,64 km,3.5,震度２,37.11166667,141.02
2002/2/4,0:15:03,福島県沖,37°21.1′N,141°52.9′E,39 km,4.5,震度１,37.35166667,141.8816667
2002/2/4,6:01:54,和歌山県南方沖,33°36.1′N,135°14.6′E,38 km,4.3,震度３,33.60166667,135.2433333
2002/2/4,18:30:03,三宅島近海,34°04.6′N,139°23.6′E,15 km,3.1,震度１,34.07666667,139.3933333
2002/2/4,20:14:52,新島・神津島近海,34°13.1′N,139°10.7′E,11 km,1.9,震度１,34.21833333,139.1783333
2002/2/5,19:57:13,茨城県南部,36°10.8′N,140°06.3′E,69 km,4.5,震度３,36.18,140.105
2002/2/6,2:39:53,和歌山県南部,33°44.9′N,135°23.8′E,4 km,2.7,震度２,33.74833333,135.3966667
2002/2/6,2:43:10,和歌山県南部,33°44.8′N,135°23.8′E,4 km,2.4,震度１,33.74666667,135.3966667
2002/2/7,10:10:17,栃木県北部,36°39.3′N,139°21.3′E,8 km,2.1,震度１,36.655,139.355
2002/2/8,7:03:13,新島・神津島近海,34°15.8′N,139°14.1′E,12 km,2,震度１,34.26333333,139.235
2002/2/8,11:35:20,父島近海,27°31.2′N,142°18.6′E,43 km,,震度１,27.52,142.31
2002/2/8,22:50:50,三宅島近海,34°04.8′N,139°30.8′E,0 km,1.8,震度１,34.08,139.5133333
2002/2/9,17:18:26,長野県南部,35°51.5′N,137°35.9′E,8 km,2,震度１,35.85833333,137.5983333
2002/2/9,19:00:43,和歌山県南部,33°44.9′N,135°23.9′E,5 km,2,震度１,33.74833333,135.3983333
2002/2/10,1:00:24,十勝地方南部,42°31.9′N,143°28.7′E,59 km,3.4,震度１,42.53166667,143.4783333
2002/2/10,1:56:09,宗谷海峡,45°53.9′N,142°47.6′E,348 km,5.5,震度１,45.89833333,142.7933333
2002/2/10,4:09:32,北海道南西沖,41°59.0′N,139°21.4′E,14 km,4.2,震度１,41.98333333,139.3566667
2002/2/10,14:37:19,鹿児島県薩摩地方,31°58.6′N,130°24.1′E,9 km,2.9,震度１,31.97666667,130.4016667
2002/2/10,15:23:00,三宅島近海,34°04.9′N,139°31.0′E,0 km,1.8,震度１,34.08166667,139.5166667
2002/2/10,15:32:06,三宅島近海,34°04.6′N,139°31.1′E,0 km,1.6,震度１,34.07666667,139.5183333
2002/2/10,16:08:19,三宅島近海,34°05.1′N,139°30.7′E,1 km,1.9,震度１,34.085,139.5116667
2002/2/10,16:43:00,詳細不明,34°07.0′N,139°32.0′E,0 km,,震度１,34.11666667,139.5333333
2002/2/11,4:08:32,千葉県東方沖,35°38.1′N,140°46.0′E,68 km,4.1,震度１,35.635,140.7666667
2002/2/11,10:09:54,千葉県東方沖,35°47.1′N,141°05.3′E,35 km,5.2,震度４,35.785,141.0883333
2002/2/12,12:27:26,台湾付近,23°54.4′N,121°42.6′E,87 km,5.9,震度１,23.90666667,121.71
2002/2/12,22:44:38,茨城県沖,36°35.3′N,141°04.9′E,48 km,5.7,震度５弱,36.58833333,141.0816667
2002/2/13,1:35:11,新島・神津島近海,34°12.8′N,139°14.8′E,14 km,2,震度１,34.21333333,139.2466667
2002/2/13,1:54:57,新島・神津島近海,34°12.8′N,139°15.2′E,14 km,2.2,震度１,34.21333333,139.2533333
2002/2/13,5:23:54,鳥取県西部,35°17.8′N,133°19.5′E,4 km,2.2,震度１,35.29666667,133.325
2002/2/13,5:36:01,長野県中部,36°24.9′N,138°03.1′E,8 km,2.2,震度１,36.415,138.0516667
2002/2/13,5:54:31,奄美大島近海,27°13.8′N,129°37.9′E,13 km,4.7,震度１,27.23,129.6316667
2002/2/13,14:45:28,奄美大島近海,28°18.1′N,129°23.2′E,32 km,3.3,震度２,28.30166667,129.3866667
2002/2/13,18:54:48,宮城県北部,38°45.9′N,141°08.4′E,9 km,3.9,震度３,38.765,141.14
2002/2/14,10:12:22,青森県東方沖,41°27.9′N,142°03.7′E,64 km,5.1,震度３,41.465,142.0616667
2002/2/16,14:07:03,鳥取県西部,35°21.8′N,133°19.2′E,10 km,2.6,震度１,35.36333333,133.32
2002/2/16,14:27:20,鳥取県西部,35°16.3′N,133°20.6′E,10 km,2.8,震度１,35.27166667,133.3433333
2002/2/16,17:21:07,新島・神津島近海,34°29.3′N,139°18.0′E,11 km,2.5,震度２,34.48833333,139.3
2002/2/16,22:46:36,浦河沖,42°10.2′N,142°30.1′E,24 km,3.7,震度２,42.17,142.5016667
2002/2/17,6:14:01,熊本県熊本地方,32°52.7′N,130°40.9′E,13 km,2.8,震度１,32.87833333,130.6816667
2002/2/17,11:27:19,島根県東部,35°22.6′N,133°19.3′E,10 km,2.4,震度１,35.37666667,133.3216667
2002/2/18,1:44:09,群馬県南部,36°01.6′N,138°41.7′E,7 km,2.3,震度１,36.02666667,138.695
2002/2/18,7:25:12,長野県中部,36°24.8′N,138°03.1′E,8 km,3,震度２,36.41333333,138.0516667
2002/2/18,9:56:32,和歌山県北部,34°12.0′N,135°13.4′E,5 km,2.1,震度１,34.2,135.2233333
2002/2/18,11:16:23,和歌山県北部,34°12.0′N,135°13.4′E,4 km,2.1,震度１,34.2,135.2233333
2002/2/19,0:05:25,紀伊水道,33°53.4′N,135°07.4′E,8 km,3.5,震度２,33.89,135.1233333
2002/2/19,13:31:40,栃木県北部,36°42.5′N,139°22.3′E,12 km,2.3,震度１,36.70833333,139.3716667
2002/2/20,11:48:28,奄美大島近海,28°19.2′N,129°29.2′E,36 km,3.6,震度２,28.32,129.4866667
2002/2/20,17:38:34,新潟県下越地方,37°48.4′N,139°15.0′E,9 km,2.3,震度１,37.80666667,139.25
2002/2/21,4:51:25,青森県津軽北部,40°43.6′N,140°28.2′E,15 km,2.9,震度２,40.72666667,140.47
2002/2/21,5:40:49,大分県西部,33°02.9′N,130°59.2′E,8 km,2.4,震度１,33.04833333,130.9866667
2002/2/21,15:14:54,茨城県南部,36°02.9′N,139°54.3′E,45 km,3.7,震度２,36.04833333,139.905
2002/2/21,20:16:59,福島県中通り,37°50.5′N,140°23.4′E,9 km,3.1,震度１,37.84166667,140.39
2002/2/22,7:34:37,三宅島近海,33°46.7′N,139°25.3′E,19 km,4.4,震度２,33.77833333,139.4216667
2002/2/22,9:28:37,佐渡付近,38°02.4′N,138°15.2′E,2 km,1.8,震度１,38.04,138.2533333
2002/2/22,22:56:50,宮城県北部,38°45.8′N,141°08.5′E,8 km,2.9,震度１,38.76333333,141.1416667
2002/2/23,5:57:16,大阪府北部,34°51.7′N,135°27.6′E,11 km,3,震度１,34.86166667,135.46
2002/2/23,9:16:32,和歌山県北部,34°04.5′N,135°09.9′E,6 km,2.6,震度１,34.075,135.165
2002/2/23,11:20:58,千葉県南部,35°18.7′N,140°16.0′E,65 km,4,震度２,35.31166667,140.2666667
2002/2/23,20:37:49,新島・神津島近海,34°21.3′N,139°14.6′E,7 km,1.5,震度１,34.355,139.2433333
2002/2/25,2:51:51,熊本県熊本地方,32°52.7′N,130°40.8′E,13 km,2.5,震度１,32.87833333,130.68
2002/2/25,5:44:41,徳島県南部,33°50.0′N,134°20.8′E,10 km,3.7,震度２,33.83333333,134.3466667
2002/2/25,20:45:50,鳥取県西部,35°16.6′N,133°20.6′E,11 km,2.3,震度１,35.27666667,133.3433333
2002/2/25,22:14:04,茨城県沖,36°21.8′N,140°43.7′E,85 km,4.7,震度３,36.36333333,140.7283333
2002/2/26,4:10:15,三宅島近海,34°04.3′N,139°29.8′E,3 km,1.9,震度１,34.07166667,139.4966667
2002/2/26,21:13:00,三宅島近海,33°56.1′N,139°28.7′E,19 km,3.1,震度１,33.935,139.4783333
2002/2/26,23:04:21,京都府南部,35°03.3′N,135°30.8′E,11 km,3.5,震度２,35.055,135.5133333
2002/2/27,20:28:04,和歌山県北部,34°06.8′N,135°16.4′E,6 km,1.9,震度１,34.11333333,135.2733333
2002/2/28,3:03:52,新島・神津島近海,34°15.1′N,139°05.4′E,9 km,2.1,震度１,34.25166667,139.09
2002/2/28,21:40:42,福島県中通り,37°51.0′N,140°24.0′E,7 km,3.3,震度１,37.85,140.4
2002/2/28,23:50:03,大分県中部,33°16.9′N,131°28.5′E,3 km,2.5,震度２,33.28166667,131.475
2002/3/1,1:32:33,大分県中部,33°16.7′N,131°28.6′E,2 km,1.3,震度１,33.27833333,131.4766667
2002/3/1,2:07:16,奄美大島近海,28°17.4′N,129°30.1′E,34 km,4.3,震度２,28.29,129.5016667
2002/3/1,9:48:26,鳥取県西部,35°11.1′N,133°25.1′E,7 km,3.3,震度２,35.185,133.4183333
2002/3/2,3:30:39,和歌山県南部,33°57.7′N,135°38.5′E,12 km,3,震度１,33.96166667,135.6416667
2002/3/2,5:46:20,大阪府北部,34°58.3′N,135°29.2′E,11 km,2.3,震度１,34.97166667,135.4866667
2002/3/2,8:32:25,鳥取県東部,35°18.4′N,134°12.3′E,6 km,2.2,震度１,35.30666667,134.205
2002/3/2,20:23:45,石川県西方沖,36°43.1′N,136°40.5′E,13 km,2.8,震度２,36.71833333,136.675
2002/3/2,20:38:12,岩手県沖,40°20.5′N,142°09.3′E,56 km,3.8,震度１,40.34166667,142.155
2002/3/2,20:39:32,岩手県沖,40°20.9′N,142°09.4′E,56 km,4.5,震度３,40.34833333,142.1566667
2002/3/3,6:25:43,青森県東方沖,41°33.9′N,142°03.4′E,64 km,3.3,震度１,41.565,142.0566667
2002/3/3,16:26:50,鳥取県西部,35°21.5′N,133°19.3′E,9 km,1.7,震度１,35.35833333,133.3216667
2002/3/3,16:30:25,紀伊水道,34°08.7′N,135°05.4′E,7 km,2.3,震度１,34.145,135.09
2002/3/4,16:27:54,トカラ列島近海,29°47.5′N,129°56.5′E,9 km,1.9,震度１,29.79166667,129.9416667
2002/3/4,23:43:21,和歌山県北部,34°11.1′N,135°12.1′E,4 km,2.2,震度１,34.185,135.2016667
2002/3/5,5:21:20,父島近海,28°31.4′N,143°12.9′E,35 km,5.5,震度１,28.52333333,143.215
2002/3/5,17:17:25,高知県東部,33°33.1′N,134°04.9′E,34 km,3,震度１,33.55166667,134.0816667
2002/3/5,23:26:24,奄美大島近海,28°18.6′N,129°23.9′E,34 km,3.2,震度１,28.31,129.3983333
2002/3/6,2:55:41,栃木県北部,37°00.4′N,139°50.6′E,6 km,3,震度２,37.00666667,139.8433333
2002/3/6,7:12:29,鳥取県西部,35°17.0′N,133°19.8′E,15 km,4.6,震度４,35.28333333,133.33
2002/3/7,4:15:56,栃木県北部,37°00.7′N,139°50.4′E,6 km,2.7,震度１,37.01166667,139.84
2002/3/7,4:19:21,青森県東方沖,40°34.2′N,142°29.6′E,73 km,4.5,震度３,40.57,142.4933333
2002/3/7,5:12:24,岩手県沿岸北部,39°34.3′N,141°29.8′E,76 km,3.7,震度２,39.57166667,141.4966667
2002/3/7,9:07:06,オホーツク海南部,47°21.7′N,147°22.4′E,477 km,5.8,震度１,47.36166667,147.3733333
2002/3/8,0:43:43,栃木県北部,37°00.5′N,139°50.5′E,6 km,3.1,震度２,37.00833333,139.8416667
2002/3/8,1:53:54,栃木県北部,37°00.4′N,139°50.4′E,7 km,3.2,震度２,37.00666667,139.84
2002/3/8,3:57:56,栃木県北部,37°00.6′N,139°50.5′E,8 km,2.1,震度１,37.01,139.8416667
2002/3/8,18:34:37,栃木県北部,37°00.6′N,139°50.4′E,7 km,2.3,震度１,37.01,139.84
2002/3/8,22:02:43,日向灘,32°13.5′N,131°59.0′E,27 km,4.2,震度２,32.225,131.9833333
2002/3/9,1:09:22,西表島付近,24°28.2′N,123°44.5′E,13 km,2.7,震度１,24.47,123.7416667
2002/3/9,2:38:55,茨城県沖,36°00.4′N,141°41.5′E,43 km,4.2,震度１,36.00666667,141.6916667
2002/3/9,8:41:49,和歌山県北部,34°11.0′N,135°19.8′E,8 km,2.6,震度１,34.18333333,135.33
2002/3/9,11:21:08,奄美大島近海,28°20.2′N,129°25.1′E,33 km,2.8,震度１,28.33666667,129.4183333
2002/3/9,12:57:29,福島県沖,37°06.4′N,141°07.5′E,51 km,4.2,震度３,37.10666667,141.125
2002/3/10,7:37:57,千葉県北東部,35°44.5′N,140°39.1′E,49 km,3.2,震度１,35.74166667,140.6516667
2002/3/10,7:45:25,栃木県北部,37°01.0′N,139°50.4′E,6 km,3.1,震度１,37.01666667,139.84
2002/3/10,23:23:54,栃木県北部,37°00.7′N,139°50.7′E,6 km,3.5,震度２,37.01166667,139.845
2002/3/11,11:54:16,栃木県北部,37°00.8′N,139°50.6′E,6 km,2.9,震度２,37.01333333,139.8433333
2002/3/11,15:54:20,徳島県北部,34°04.6′N,134°27.4′E,9 km,4.2,震度３,34.07666667,134.4566667
2002/3/11,17:52:55,沖縄本島近海,27°17.2′N,128°27.3′E,44 km,3.9,震度１,27.28666667,128.455
2002/3/11,19:02:38,伊予灘,33°28.9′N,132°09.1′E,59 km,3.5,震度１,33.48166667,132.1516667
2002/3/13,2:44:27,奄美大島近海,28°17.2′N,129°28.7′E,35 km,2.9,震度１,28.28666667,129.4783333
2002/3/13,10:05:09,新島・神津島近海,34°18.8′N,139°08.2′E,7 km,2.3,震度１,34.31333333,139.1366667
2002/3/13,10:05:58,新島・神津島近海,34°18.9′N,139°08.2′E,5 km,1.9,震度１,34.315,139.1366667
2002/3/13,10:25:28,新島・神津島近海,34°18.8′N,139°08.3′E,7 km,2,震度１,34.31333333,139.1383333
2002/3/14,20:31:16,岐阜県美濃中西部,35°34.1′N,136°41.6′E,10 km,2.4,震度１,35.56833333,136.6933333
2002/3/14,22:25:32,岩手県沖,39°05.8′N,142°12.4′E,43 km,3.8,震度１,39.09666667,142.2066667
2002/3/14,22:50:01,和歌山県北部,33°59.8′N,135°13.7′E,7 km,2.2,震度１,33.99666667,135.2283333
2002/3/16,9:58:19,浦河沖,41°54.5′N,142°18.9′E,65 km,3.7,震度１,41.90833333,142.315
2002/3/16,16:23:47,茨城県沖,36°42.3′N,141°08.4′E,43 km,4.1,震度２,36.705,141.14
2002/3/16,17:40:01,奄美大島近海,28°20.5′N,129°23.6′E,32 km,3.2,震度２,28.34166667,129.3933333
2002/3/17,1:22:58,十勝沖,42°29.3′N,143°30.5′E,73 km,4.7,震度２,42.48833333,143.5083333
2002/3/17,3:01:36,茨城県南部,36°06.1′N,139°52.6′E,49 km,4.1,震度３,36.10166667,139.8766667
2002/3/17,9:48:26,鳥取県西部,35°17.6′N,133°20.1′E,8 km,3.1,震度３,35.29333333,133.335
2002/3/17,9:52:43,鳥取県西部,35°17.6′N,133°20.1′E,8 km,3.1,震度２,35.29333333,133.335
2002/3/18,11:28:53,島根県東部,35°22.0′N,133°19.3′E,9 km,2.4,震度２,35.36666667,133.3216667
2002/3/18,15:54:19,鳥取県西部,35°19.8′N,133°19.6′E,10 km,2.8,震度２,35.33,133.3266667
2002/3/18,16:28:46,東海道南方沖,33°33.8′N,138°42.4′E,21 km,4.8,震度１,33.56333333,138.7066667
2002/3/19,1:37:57,島根県東部,35°22.4′N,133°17.9′E,11 km,2.7,震度１,35.37333333,133.2983333
2002/3/19,8:48:53,紀伊水道,33°49.7′N,134°57.6′E,13 km,2.9,震度１,33.82833333,134.96
2002/3/19,21:22:13,長野県北部,36°37.2′N,138°22.2′E,3 km,2,震度１,36.62,138.37
2002/3/20,9:02:33,鳥島近海,31°38.8′N,138°26.2′E,427 km,5.1,震度１,31.64666667,138.4366667
2002/3/20,18:10:27,鹿児島県薩摩地方,31°59.7′N,130°15.8′E,10 km,2.8,震度１,31.995,130.2633333
2002/3/20,22:09:09,岐阜県飛騨地方,36°12.5′N,137°10.5′E,8 km,3.5,震度２,36.20833333,137.175
2002/3/21,13:51:21,兵庫県南東部,34°43.5′N,135°12.7′E,9 km,2.9,震度１,34.725,135.2116667
2002/3/21,19:54:29,埼玉県北部,36°06.2′N,139°11.9′E,12 km,2.4,震度１,36.10333333,139.1983333
2002/3/21,20:25:06,岩手県沿岸北部,39°45.3′N,141°51.1′E,57 km,3.7,震度１,39.755,141.8516667
2002/3/22,17:57:09,天草灘,32°30.9′N,129°57.7′E,9 km,4,震度３,32.515,129.9616667
2002/3/22,21:12:48,茨城県沖,36°02.0′N,141°18.4′E,43 km,4,震度１,36.03333333,141.3066667
2002/3/24,16:45:53,島根県東部,35°18.2′N,133°18.3′E,7 km,2.5,震度１,35.30333333,133.305
2002/3/24,19:55:46,佐賀県南部,33°25.1′N,130°12.8′E,8 km,2.8,震度２,33.41833333,130.2133333
2002/3/24,20:08:04,佐賀県南部,33°25.2′N,130°13.0′E,8 km,2.9,震度２,33.42,130.2166667
2002/3/24,21:16:02,新島・神津島近海,34°12.3′N,139°11.7′E,13 km,2,震度１,34.205,139.195
2002/3/25,22:30:24,山梨県東部・富士五湖,35°31.9′N,139°01.6′E,23 km,3.2,震度２,35.53166667,139.0266667
2002/3/25,22:58:17,安芸灘,33°49.4′N,132°36.9′E,46 km,4.7,震度４,33.82333333,132.615
2002/3/26,12:45:43,石垣島近海,23°11.8′N,124°15.9′E,0 km,7,震度１,23.19666667,124.265
2002/3/26,17:56:13,和歌山県北部,34°16.0′N,135°26.6′E,8 km,2.5,震度１,34.26666667,135.4433333
2002/3/26,20:41:10,根室地方北部,43°35.6′N,144°36.1′E,0 km,3.5,震度２,43.59333333,144.6016667
2002/3/27,19:37:16,奄美大島近海,28°19.4′N,129°29.8′E,36 km,2.9,震度１,28.32333333,129.4966667
2002/3/27,21:15:25,択捉島南東沖,44°20.4′N,147°47.3′E,124 km,4.8,震度１,44.34,147.7883333
2002/3/27,21:49:04,安芸灘,33°49.2′N,132°36.7′E,44 km,3.5,震度１,33.82,132.6116667
2002/3/28,4:42:10,和歌山県南部,33°57.2′N,135°38.9′E,11 km,3.6,震度２,33.95333333,135.6483333
2002/3/28,4:53:14,新潟県中越地方,37°04.1′N,138°45.0′E,12 km,4.1,震度３,37.06833333,138.75
2002/3/28,5:06:49,神奈川県西部,35°27.6′N,139°07.7′E,17 km,4,震度３,35.46,139.1283333
2002/3/28,5:20:02,根室半島南東沖,43°09.3′N,145°45.9′E,51 km,4.1,震度１,43.155,145.765
2002/3/28,6:39:27,奈良県,33°57.1′N,135°39.0′E,11 km,3.7,震度２,33.95166667,135.65
2002/3/28,7:39:06,和歌山県南部,33°57.3′N,135°38.9′E,11 km,2.5,震度１,33.955,135.6483333
2002/3/28,7:50:34,新潟県中越地方,37°04.6′N,138°45.1′E,13 km,4.3,震度３,37.07666667,138.7516667
2002/3/28,8:15:53,熊本県熊本地方,32°38.8′N,130°56.2′E,8 km,2.7,震度１,32.64666667,130.9366667
2002/3/28,8:17:44,新潟県中越地方,37°04.3′N,138°45.0′E,13 km,3.1,震度１,37.07166667,138.75
2002/3/28,10:37:45,千葉県南東沖,34°38.2′N,140°41.8′E,75 km,4.6,震度２,34.63666667,140.6966667
2002/3/28,10:39:38,鳥取県西部,35°18.5′N,133°19.9′E,7 km,2.8,震度２,35.30833333,133.3316667
2002/3/28,11:57:12,新潟県中越地方,37°04.5′N,138°45.2′E,13 km,3.1,震度１,37.075,138.7533333
2002/3/28,12:56:43,千葉県東方沖,35°34.9′N,141°05.9′E,39 km,4.6,震度２,35.58166667,141.0983333
2002/3/28,15:51:31,神奈川県西部,35°27.6′N,139°07.4′E,17 km,4.3,震度３,35.46,139.1233333
2002/3/29,15:09:18,茨城県南部,36°01.9′N,140°05.1′E,63 km,3.2,震度１,36.03166667,140.085
2002/3/30,2:18:00,詳細不明,34°19.0′N,139°13.0′E,0 km,,震度１,34.31666667,139.2166667
2002/3/30,2:21:00,詳細不明,34°19.0′N,139°13.0′E,0 km,,震度１,34.31666667,139.2166667
2002/3/30,3:12:00,新島・神津島近海,34°19.3′N,139°10.9′E,4 km,1.7,震度１,34.32166667,139.1816667
2002/3/30,3:16:34,新島・神津島近海,34°19.9′N,139°09.7′E,0 km,1.8,震度１,34.33166667,139.1616667
2002/3/30,6:48:22,新島・神津島近海,34°19.3′N,139°10.6′E,4 km,2.2,震度２,34.32166667,139.1766667
2002/3/30,7:12:47,新島・神津島近海,34°19.5′N,139°10.8′E,4 km,2.3,震度３,34.325,139.18
2002/3/30,7:16:10,新島・神津島近海,34°19.1′N,139°11.0′E,2 km,1.9,震度１,34.31833333,139.1833333
2002/3/30,7:17:00,詳細不明,34°19.0′N,139°13.0′E,0 km,,震度１,34.31666667,139.2166667
2002/3/30,7:19:25,新島・神津島近海,34°20.2′N,139°10.5′E,0 km,1.6,震度１,34.33666667,139.175
2002/3/30,7:23:00,詳細不明,34°19.0′N,139°13.0′E,0 km,,震度１,34.31666667,139.2166667
2002/3/30,7:24:00,詳細不明,34°19.0′N,139°13.0′E,0 km,,震度２,34.31666667,139.2166667
2002/3/30,7:27:28,新島・神津島近海,34°19.6′N,139°10.5′E,3 km,2.5,震度４,34.32666667,139.175
2002/3/30,10:10:36,日向灘,32°13.4′N,131°58.7′E,27 km,3.7,震度１,32.22333333,131.9783333
2002/3/30,13:06:37,新島・神津島近海,34°18.7′N,139°09.7′E,1 km,1.8,震度１,34.31166667,139.1616667
2002/3/30,19:15:37,青森県東方沖,41°33.4′N,142°03.8′E,66 km,4.5,震度２,41.55666667,142.0633333
2002/3/30,23:55:26,宮城県沖,38°18.8′N,142°06.7′E,49 km,4.2,震度１,38.31333333,142.1116667
2002/3/31,6:02:24,佐渡付近,37°43.8′N,138°14.9′E,21 km,3.6,震度１,37.73,138.2483333
2002/3/31,7:23:51,北海道南西沖,41°53.1′N,139°19.1′E,13 km,3.8,震度１,41.885,139.3183333
2002/3/31,15:52:50,台湾付近,24°13.9′N,121°58.2′E,55 km,7,震度３,24.23166667,121.97
2002/4/1,14:06:49,岩手県内陸南部,38°49.8′N,141°14.5′E,113 km,3.9,震度１,38.83,141.2416667
2002/4/1,23:42:56,オホーツク海南部,47°25.3′N,147°34.8′E,493 km,5.3,震度１,47.42166667,147.58
2002/4/2,3:55:04,熊本県天草・芦北地方,32°19.7′N,130°26.1′E,11 km,2.6,震度１,32.32833333,130.435
2002/4/2,13:53:08,播磨灘,34°21.0′N,134°43.1′E,14 km,3.1,震度２,34.35,134.7183333
2002/4/2,19:59:30,沖縄本島近海,26°49.6′N,128°26.5′E,30 km,4.1,震度２,26.82666667,128.4416667
2002/4/2,22:13:13,新潟県中越地方,37°04.6′N,138°45.5′E,12 km,3.9,震度３,37.07666667,138.7583333
2002/4/3,17:25:23,熊本県熊本地方,32°52.9′N,130°40.8′E,14 km,3.2,震度２,32.88166667,130.68
2002/4/3,23:51:02,茨城県沖,36°30.5′N,141°41.4′E,57 km,4.1,震度１,36.50833333,141.69
2002/4/4,8:42:15,青森県東方沖,41°28.4′N,142°00.5′E,59 km,5.4,震度３,41.47333333,142.0083333
2002/4/4,14:03:00,奄美大島近海,28°20.7′N,129°22.5′E,33 km,3.1,震度１,28.345,129.375
2002/4/5,4:03:16,奈良県,33°56.7′N,135°38.7′E,11 km,2.7,震度１,33.945,135.645
2002/4/5,5:42:49,熊本県阿蘇地方,32°55.8′N,131°03.0′E,7 km,1.9,震度１,32.93,131.05
2002/4/6,1:57:05,愛媛県南予,33°25.7′N,132°31.8′E,42 km,4.4,震度４,33.42833333,132.53
2002/4/6,2:09:52,愛媛県南予,33°25.3′N,132°31.5′E,40 km,2.9,震度１,33.42166667,132.525
2002/4/6,13:05:50,与那国島近海,23°56.1′N,122°49.1′E,21 km,4.6,震度１,23.935,122.8183333
2002/4/7,4:54:08,新潟県中越地方,37°04.7′N,138°45.3′E,13 km,2.9,震度１,37.07833333,138.755
2002/4/7,9:06:38,西表島付近,24°13.7′N,123°38.9′E,18 km,3.5,震度２,24.22833333,123.6483333
2002/4/7,12:46:22,福島県沖,37°45.8′N,142°05.1′E,29 km,4.3,震度１,37.76333333,142.085
2002/4/7,16:53:30,青森県三八上北地方,40°29.6′N,141°08.2′E,12 km,2.5,震度１,40.49333333,141.1366667
2002/4/8,8:05:20,秋田県内陸南部,38°55.3′N,140°35.2′E,3 km,3.1,震度１,38.92166667,140.5866667
2002/4/8,16:01:51,熊本県熊本地方,32°24.8′N,130°37.0′E,6 km,2.3,震度１,32.41333333,130.6166667
2002/4/10,8:17:41,西表島付近,24°29.2′N,123°45.0′E,15 km,3.6,震度２,24.48666667,123.75
2002/4/10,19:06:09,茨城県北部,36°21.3′N,140°36.6′E,87 km,3.4,震度１,36.355,140.61
2002/4/11,1:55:40,新潟県中越地方,37°04.7′N,138°45.6′E,13 km,4,震度２,37.07833333,138.76
2002/4/11,12:59:09,滋賀県南部,35°05.5′N,135°55.1′E,13 km,2.5,震度１,35.09166667,135.9183333
2002/4/11,16:13:23,茨城県沖,36°19.8′N,140°55.7′E,47 km,3.3,震度１,36.33,140.9283333
2002/4/11,18:30:52,長野県南部,35°55.7′N,137°33.5′E,9 km,2.7,震度１,35.92833333,137.5583333
2002/4/11,21:04:15,岩手県沖,40°02.9′N,142°41.4′E,31 km,4.9,震度２,40.04833333,142.69
2002/4/11,23:16:09,愛知県西部,34°56.1′N,137°07.3′E,40 km,4.1,震度３,34.935,137.1216667
2002/4/12,7:12:45,宮古島近海,24°45.7′N,125°26.5′E,47 km,3.5,震度１,24.76166667,125.4416667
2002/4/12,9:55:39,新島・神津島近海,34°18.1′N,139°07.6′E,7 km,2,震度１,34.30166667,139.1266667
2002/4/12,12:35:42,栃木県北部,36°41.5′N,139°31.2′E,8 km,3,震度２,36.69166667,139.52
2002/4/12,16:53:25,長野県北部,36°45.1′N,138°09.3′E,0 km,2.1,震度１,36.75166667,138.155
2002/4/13,3:28:16,愛知県西部,34°51.5′N,137°03.1′E,10 km,2.6,震度１,34.85833333,137.0516667
2002/4/13,7:42:48,鳥取県西部,35°18.4′N,133°19.1′E,8 km,2.7,震度１,35.30666667,133.3183333
2002/4/13,16:54:01,新潟県中越地方,37°04.9′N,138°45.6′E,13 km,3.9,震度２,37.08166667,138.76
2002/4/13,17:25:41,トカラ列島近海,29°47.0′N,129°50.7′E,2 km,,震度２,29.78333333,129.845
2002/4/13,19:01:20,埼玉県南部,35°54.3′N,139°39.7′E,115 km,4.1,震度２,35.905,139.6616667
2002/4/14,7:47:07,熊本県熊本地方,33°05.8′N,130°34.0′E,14 km,2.3,震度１,33.09666667,130.5666667
2002/4/14,18:14:51,宮城県北部,38°46.7′N,141°21.1′E,109 km,3.4,震度１,38.77833333,141.3516667
2002/4/15,15:02:19,宮城県北部,38°38.0′N,141°07.2′E,7 km,2.6,震度２,38.63333333,141.12
2002/4/15,15:10:24,福島県沖,37°25.2′N,141°43.6′E,39 km,4.3,震度２,37.42,141.7266667
2002/4/16,8:46:32,新島・神津島近海,34°21.3′N,139°10.7′E,10 km,2,震度１,34.355,139.1783333
2002/4/16,23:56:21,奄美大島近海,28°18.2′N,129°23.6′E,33 km,3.8,震度３,28.30333333,129.3933333
2002/4/17,7:23:09,伊勢湾,35°00.0′N,136°51.3′E,14 km,2.6,震度１,35,136.855
2002/4/17,8:18:12,熊本県熊本地方,32°59.0′N,130°56.5′E,12 km,2.7,震度１,32.98333333,130.9416667
2002/4/17,9:10:13,茨城県北部,36°26.9′N,140°36.8′E,57 km,3.8,震度２,36.44833333,140.6133333
2002/4/17,9:15:00,八丈島東方沖,32°08.6′N,140°49.8′E,14 km,5.2,震度１,32.14333333,140.83
2002/4/18,2:45:24,長野県南部,35°48.8′N,137°21.8′E,9 km,2.7,震度１,35.81333333,137.3633333
2002/4/18,5:33:30,熊本県熊本地方,32°47.9′N,131°08.5′E,4 km,3,震度２,32.79833333,131.1416667
2002/4/18,8:24:55,新島・神津島近海,34°13.0′N,139°13.9′E,16 km,2.5,震度１,34.21666667,139.2316667
2002/4/18,12:07:53,西表島付近,24°29.3′N,123°45.2′E,14 km,2.3,震度１,24.48833333,123.7533333
2002/4/19,7:51:04,熊本県阿蘇地方,32°50.5′N,131°17.7′E,127 km,3.8,震度２,32.84166667,131.295
2002/4/19,9:02:39,島根県東部,35°21.7′N,133°18.5′E,10 km,2.6,震度１,35.36166667,133.3083333
2002/4/20,3:20:51,新潟県中越地方,37°05.6′N,138°45.4′E,14 km,3,震度１,37.09333333,138.7566667
2002/4/20,4:58:22,釧路沖,42°10.5′N,144°49.2′E,28 km,4.1,震度１,42.175,144.82
2002/4/20,22:07:18,日向灘,32°28.4′N,131°45.1′E,50 km,3.1,震度１,32.47333333,131.7516667
2002/4/21,2:28:35,埼玉県秩父地方,35°58.9′N,139°03.7′E,130 km,3.8,震度１,35.98166667,139.0616667
2002/4/21,6:30:32,青森県東方沖,41°34.0′N,142°05.5′E,65 km,4.8,震度３,41.56666667,142.0916667
2002/4/21,9:10:41,宮城県沖,38°20.1′N,141°38.4′E,60 km,4.1,震度２,38.335,141.64
2002/4/22,19:03:03,富山県西部,36°23.3′N,136°49.7′E,11 km,3.5,震度２,36.38833333,136.8283333
2002/4/23,14:51:16,安芸灘,33°55.5′N,132°38.7′E,45 km,3.3,震度１,33.925,132.645
2002/4/23,15:49:54,新島・神津島近海,34°15.5′N,139°11.5′E,14 km,2.7,震度２,34.25833333,139.1916667
2002/4/23,15:58:43,新島・神津島近海,34°15.2′N,139°11.2′E,12 km,1.7,震度１,34.25333333,139.1866667
2002/4/23,15:59:02,新島・神津島近海,34°15.7′N,139°10.7′E,12 km,2.6,震度３,34.26166667,139.1783333
2002/4/23,16:03:01,新島・神津島近海,34°15.9′N,139°10.9′E,14 km,3.2,震度３,34.265,139.1816667
2002/4/23,16:26:34,新島・神津島近海,34°15.2′N,139°11.6′E,13 km,2,震度１,34.25333333,139.1933333
2002/4/24,14:07:49,宮城県北部,38°41.8′N,140°47.2′E,103 km,3.3,震度１,38.69666667,140.7866667
2002/4/24,16:01:52,釧路沖,42°32.1′N,145°30.5′E,51 km,4.2,震度１,42.535,145.5083333
2002/4/26,7:18:39,紀伊水道,33°59.1′N,134°49.9′E,45 km,3.6,震度１,33.985,134.8316667
2002/4/26,13:49:56,奄美大島近海,27°54.6′N,130°10.6′E,58 km,3.4,震度１,27.91,130.1766667
2002/4/26,17:32:56,奄美大島近海,28°17.7′N,129°25.3′E,34 km,2.7,震度１,28.295,129.4216667
2002/4/26,20:46:24,上川地方南部,43°21.1′N,142°31.5′E,2 km,3.3,震度２,43.35166667,142.525
2002/4/26,20:51:24,上川地方南部,43°20.9′N,142°31.7′E,0 km,3.2,震度２,43.34833333,142.5283333
2002/4/26,23:00:11,宮城県北部,38°41.2′N,141°02.1′E,10 km,2.4,震度１,38.68666667,141.035
2002/4/27,5:36:38,大阪湾,34°41.1′N,135°14.5′E,9 km,2.7,震度１,34.685,135.2416667
2002/4/28,7:45:43,奄美大島近海,28°47.6′N,129°23.8′E,3 km,4.1,震度１,28.79333333,129.3966667
2002/4/28,9:32:33,福島県沖,37°25.4′N,141°46.2′E,39 km,3.5,震度１,37.42333333,141.77
2002/4/28,10:34:23,三重県中部,34°42.5′N,136°04.6′E,56 km,4.1,震度２,34.70833333,136.0766667
2002/4/28,14:01:11,京都府南部,35°08.8′N,135°39.9′E,7 km,2,震度１,35.14666667,135.665
2002/4/28,21:13:44,島根県東部,35°17.6′N,133°16.9′E,4 km,2.3,震度１,35.29333333,133.2816667
2002/4/28,22:23:48,与那国島近海,24°07.4′N,122°49.3′E,16 km,5.7,震度２,24.12333333,122.8216667
2002/4/29,15:59:46,岩手県沿岸北部,39°48.7′N,141°43.1′E,70 km,3.1,震度１,39.81166667,141.7183333
2002/4/29,18:25:19,宮城県北部,38°51.0′N,141°00.3′E,9 km,1.8,震度１,38.85,141.005
2002/4/29,23:47:43,千葉県北東部,35°44.7′N,140°37.0′E,49 km,3.4,震度１,35.745,140.6166667
2002/4/30,2:28:14,熊本県天草・芦北地方,32°15.3′N,130°33.9′E,7 km,2.4,震度１,32.255,130.565
2002/4/30,21:42:18,東京都多摩東部,35°39.1′N,139°31.8′E,28 km,3.3,震度２,35.65166667,139.53
2002/5/1,21:16:07,熊本県天草・芦北地方,32°15.3′N,130°33.8′E,7 km,2.7,震度１,32.255,130.5633333
2002/5/3,14:56:12,日向灘,32°33.7′N,131°46.9′E,18 km,3,震度１,32.56166667,131.7816667
2002/5/4,3:43:30,愛知県西部,35°18.4′N,136°54.2′E,10 km,2.3,震度１,35.30666667,136.9033333
2002/5/4,8:24:27,岩手県内陸北部,39°50.4′N,140°50.7′E,3 km,3.2,震度１,39.84,140.845
2002/5/4,9:19:05,新島・神津島近海,34°13.7′N,139°13.3′E,15 km,2.1,震度１,34.22833333,139.2216667
2002/5/4,20:35:07,千葉県北東部,35°27.8′N,140°24.3′E,32 km,4.8,震度４,35.46333333,140.405
2002/5/4,23:29:46,千葉県北西部,35°53.6′N,140°03.8′E,63 km,4.2,震度２,35.89333333,140.0633333
2002/5/5,4:11:33,三宅島近海,34°08.7′N,139°18.3′E,16 km,2.7,震度１,34.145,139.305
2002/5/5,5:46:12,三宅島近海,34°09.1′N,139°18.3′E,16 km,2.4,震度１,34.15166667,139.305
2002/5/5,5:48:12,三宅島近海,34°09.6′N,139°19.4′E,12 km,2.5,震度１,34.16,139.3233333
2002/5/5,14:17:21,千葉県北東部,35°28.9′N,140°24.7′E,32 km,2.8,震度１,35.48166667,140.4116667
2002/5/6,1:13:26,千葉県北東部,35°29.7′N,140°23.2′E,32 km,2.7,震度１,35.495,140.3866667
2002/5/6,11:22:13,福井県嶺南,35°30.8′N,135°55.2′E,11 km,2.8,震度１,35.51333333,135.92
2002/5/6,17:12:04,宮城県沖,38°27.9′N,142°09.0′E,40 km,5,震度３,38.465,142.15
2002/5/6,18:45:28,豊後水道,33°17.6′N,131°58.9′E,58 km,4.2,震度３,33.29333333,131.9816667
2002/5/7,3:38:16,浦河沖,42°08.4′N,142°46.0′E,28 km,3.1,震度１,42.14,142.7666667
2002/5/7,16:03:09,広島県南西部,34°28.7′N,132°40.4′E,28 km,2.9,震度１,34.47833333,132.6733333
2002/5/8,0:33:26,和歌山県北部,34°13.2′N,135°11.6′E,4 km,2.3,震度１,34.22,135.1933333
2002/5/8,9:48:02,滋賀県北部,35°23.3′N,136°22.1′E,16 km,3,震度１,35.38833333,136.3683333
2002/5/8,13:58:51,周防灘,34°01.8′N,131°05.5′E,16 km,3.1,震度１,34.03,131.0916667
2002/5/9,19:04:01,沖縄本島北西沖,27°08.8′N,127°22.3′E,92 km,4.6,震度１,27.14666667,127.3716667
2002/5/9,21:07:40,群馬県南部,36°34.5′N,139°21.2′E,7 km,2.8,震度１,36.575,139.3533333
2002/5/10,1:37:33,沖縄本島近海,26°21.9′N,128°58.2′E,36 km,5.2,震度１,26.365,128.97
2002/5/10,5:27:06,千葉県北東部,35°29.0′N,140°25.5′E,32 km,3.7,震度２,35.48333333,140.425
2002/5/10,13:28:34,浦河沖,41°58.6′N,142°49.1′E,43 km,3.6,震度１,41.97666667,142.8183333
2002/5/12,1:07:00,宮城県北部,38°46.0′N,140°41.5′E,6 km,4.3,震度１,38.76666667,140.6916667
2002/5/12,10:29:37,岩手県内陸南部,39°09.1′N,141°09.1′E,96 km,5.2,震度４,39.15166667,141.1516667
2002/5/12,17:36:22,三宅島近海,34°02.3′N,139°34.5′E,6 km,2,震度１,34.03833333,139.575
2002/5/12,18:17:43,愛知県東部,34°55.9′N,137°32.6′E,37 km,3.9,震度２,34.93166667,137.5433333
2002/5/12,18:52:48,愛知県西部,35°21.3′N,136°47.6′E,41 km,4.2,震度２,35.355,136.7933333
2002/5/14,14:26:35,沖縄本島近海,26°14.8′N,127°08.4′E,53 km,4.4,震度２,26.24666667,127.14
2002/5/14,16:23:33,福岡県筑後地方,33°05.4′N,130°25.4′E,11 km,3.3,震度１,33.09,130.4233333
2002/5/14,17:54:28,三宅島近海,34°02.9′N,139°32.5′E,0 km,1.8,震度１,34.04833333,139.5416667
2002/5/15,3:00:04,沖縄本島近海,26°14.1′N,127°08.6′E,53 km,3.9,震度１,26.235,127.1433333
2002/5/15,8:28:26,浦河沖,42°01.8′N,142°36.3′E,61 km,3.6,震度１,42.03,142.605
2002/5/15,12:46:07,台湾付近,24°38.8′N,121°47.8′E,47 km,7,震度３,24.64666667,121.7966667
2002/5/15,16:40:42,熊本県阿蘇地方,32°56.2′N,131°01.3′E,8 km,2.6,震度１,32.93666667,131.0216667
2002/5/15,18:40:39,沖縄本島近海,26°38.4′N,127°07.0′E,8 km,3.9,震度１,26.64,127.1166667
2002/5/15,19:23:07,伊豆大島近海,34°39.7′N,139°24.0′E,135 km,4.2,震度１,34.66166667,139.4
2002/5/16,2:40:01,島根県東部,35°22.8′N,133°15.2′E,10 km,2.3,震度１,35.38,133.2533333
2002/5/16,4:17:17,北海道南西沖,42°42.6′N,139°14.9′E,31 km,4.4,震度１,42.71,139.2483333
2002/5/16,6:00:55,東京湾,35°34.7′N,139°49.3′E,60 km,3.3,震度１,35.57833333,139.8216667
2002/5/16,7:26:16,静岡県中部,34°52.0′N,138°14.5′E,33 km,3.3,震度１,34.86666667,138.2416667
2002/5/16,14:14:38,福島県会津,37°14.2′N,139°50.6′E,6 km,3.1,震度２,37.23666667,139.8433333
2002/5/16,20:20:28,青森県西方沖,40°55.7′N,140°10.8′E,17 km,2.7,震度１,40.92833333,140.18
2002/5/17,1:03:28,千葉県南東沖,34°39.9′N,140°37.9′E,58 km,3.7,震度２,34.665,140.6316667
2002/5/18,18:38:02,新島・神津島近海,34°16.8′N,139°11.5′E,12 km,2.8,震度２,34.28,139.1916667
2002/5/18,21:57:56,茨城県沖,36°26.1′N,141°00.4′E,46 km,3.6,震度１,36.435,141.0066667
2002/5/18,21:58:50,宮城県北部,38°43.3′N,141°00.0′E,11 km,2.4,震度１,38.72166667,141
2002/5/19,4:37:57,宮城県北部,38°43.8′N,141°11.2′E,4 km,2.1,震度１,38.73,141.1866667
2002/5/19,5:00:18,千葉県北西部,35°38.7′N,140°12.7′E,72 km,4.6,震度３,35.645,140.2116667
2002/5/19,9:20:34,静岡県中部,34°40.5′N,138°11.6′E,26 km,3,震度１,34.675,138.1933333
2002/5/19,14:59:16,宮城県北部,38°44.1′N,141°09.7′E,4 km,2.4,震度１,38.735,141.1616667
2002/5/19,15:08:49,宮古島近海,24°59.1′N,125°13.3′E,21 km,3.1,震度１,24.985,125.2216667
2002/5/20,7:23:53,奄美大島近海,28°23.3′N,129°28.1′E,45 km,3.4,震度１,28.38833333,129.4683333
2002/5/20,12:36:47,新島・神津島近海,34°16.7′N,139°08.6′E,2 km,2.2,震度１,34.27833333,139.1433333
2002/5/20,15:12:55,新島・神津島近海,34°17.8′N,139°10.5′E,7 km,2.4,震度１,34.29666667,139.175
2002/5/20,15:17:03,新島・神津島近海,34°17.7′N,139°10.3′E,7 km,2.1,震度１,34.295,139.1716667
2002/5/20,15:38:38,千葉県北西部,35°39.3′N,140°11.5′E,68 km,4,震度１,35.655,140.1916667
2002/5/20,19:47:33,新島・神津島近海,34°17.6′N,139°10.5′E,8 km,2,震度１,34.29333333,139.175
2002/5/20,22:19:43,熊本県熊本地方,32°38.7′N,130°48.7′E,14 km,4.1,震度３,32.645,130.8116667
2002/5/21,13:29:30,鳥取県西部,35°16.6′N,133°20.7′E,11 km,1.8,震度１,35.27666667,133.345
2002/5/21,16:39:06,和歌山県北部,33°57.5′N,135°27.7′E,54 km,3,震度１,33.95833333,135.4616667
2002/5/21,20:30:20,鳥取県中部,35°23.1′N,133°51.5′E,9 km,3.1,震度１,35.385,133.8583333
2002/5/22,5:04:17,択捉島付近,44°16.7′N,146°44.4′E,146 km,5.7,震度３,44.27833333,146.74
2002/5/22,5:38:18,栃木県北部,36°37.9′N,139°27.8′E,8 km,2.4,震度１,36.63166667,139.4633333
2002/5/23,5:29:59,青森県東方沖,41°26.8′N,142°06.3′E,61 km,4,震度１,41.44666667,142.105
2002/5/23,5:59:06,宮城県沖,38°53.7′N,142°06.5′E,51 km,3.1,震度１,38.895,142.1083333
2002/5/23,7:50:55,島根県東部,35°22.7′N,133°15.4′E,8 km,2.3,震度１,35.37833333,133.2566667
2002/5/23,19:23:46,神奈川県西部,35°13.2′N,139°06.1′E,10 km,2.9,震度２,35.22,139.1016667
2002/5/24,16:43:11,新潟県上中越沖,37°27.3′N,137°39.3′E,21 km,3.4,震度１,37.455,137.655
2002/5/24,19:08:40,大隅半島東方沖,31°07.1′N,131°33.2′E,44 km,4.6,震度２,31.11833333,131.5533333
2002/5/25,6:32:42,福島県会津,37°21.5′N,139°57.9′E,9 km,3.6,震度２,37.35833333,139.965
2002/5/25,8:04:18,山梨県東部・富士五湖,35°33.4′N,139°04.7′E,20 km,2.2,震度１,35.55666667,139.0783333
2002/5/25,9:37:39,茨城県南部,36°04.6′N,139°53.0′E,55 km,3.8,震度２,36.07666667,139.8833333
2002/5/26,19:11:35,長野県南部,35°51.7′N,137°37.7′E,7 km,2.3,震度１,35.86166667,137.6283333
2002/5/27,1:22:26,大隅半島東方沖,31°16.8′N,131°57.1′E,24 km,3.8,震度１,31.28,131.9516667
2002/5/27,17:00:13,宮城県沖,38°43.1′N,141°56.7′E,56 km,3.7,震度１,38.71833333,141.945
2002/5/27,17:31:28,島根県東部,35°07.5′N,133°08.4′E,9 km,3.6,震度２,35.125,133.14
2002/5/27,21:21:49,熊本県天草・芦北地方,32°15.8′N,130°33.2′E,7 km,3,震度１,32.26333333,130.5533333
2002/5/28,9:11:49,新島・神津島近海,34°23.0′N,139°14.4′E,8 km,2,震度１,34.38333333,139.24
2002/5/28,9:22:02,新島・神津島近海,34°23.0′N,139°14.5′E,9 km,2,震度１,34.38333333,139.2416667
2002/5/28,9:24:33,新島・神津島近海,34°23.0′N,139°15.1′E,8 km,4.8,震度４,34.38333333,139.2516667
2002/5/28,9:25:48,新島・神津島近海,34°20.9′N,139°13.7′E,9 km,3.7,震度４,34.34833333,139.2283333
2002/5/28,9:26:50,新島・神津島近海,34°20.7′N,139°13.5′E,8 km,3.2,震度２,34.345,139.225
2002/5/28,9:26:00,詳細不明,34°22.0′N,139°16.0′E,0 km,,震度２,34.36666667,139.2666667
2002/5/28,9:27:54,新島・神津島近海,34°19.8′N,139°13.7′E,10 km,3,震度１,34.33,139.2283333
2002/5/28,9:27:00,詳細不明,34°19.0′N,139°13.0′E,0 km,,震度１,34.31666667,139.2166667
2002/5/28,9:30:37,新島・神津島近海,34°21.3′N,139°13.8′E,6 km,2.6,震度２,34.355,139.23
2002/5/28,9:31:22,新島・神津島近海,34°22.6′N,139°15.4′E,8 km,2.4,震度１,34.37666667,139.2566667
2002/5/28,9:32:10,新島・神津島近海,34°23.1′N,139°14.4′E,10 km,2.7,震度２,34.385,139.24
2002/5/28,9:33:01,新島・神津島近海,34°23.2′N,139°15.0′E,8 km,4.8,震度４,34.38666667,139.25
2002/5/28,9:36:00,新島・神津島近海,34°24.4′N,139°15.0′E,7 km,2.7,震度１,34.40666667,139.25
2002/5/28,9:40:25,新島・神津島近海,34°23.2′N,139°13.8′E,10 km,2.4,震度２,34.38666667,139.23
2002/5/28,9:44:26,新島・神津島近海,34°23.0′N,139°14.7′E,8 km,2.3,震度１,34.38333333,139.245
2002/5/28,11:04:40,房総半島南方沖,33°39.0′N,140°01.8′E,97 km,3.5,震度１,33.65,140.03
2002/5/28,13:57:33,新島・神津島近海,34°22.9′N,139°15.0′E,7 km,2,震度１,34.38166667,139.25
2002/5/28,13:59:55,新島・神津島近海,34°23.2′N,139°15.2′E,3 km,2.1,震度１,34.38666667,139.2533333
2002/5/28,14:41:38,新島・神津島近海,34°19.4′N,139°12.2′E,1 km,1.5,震度２,34.32333333,139.2033333
2002/5/29,1:45:19,台湾付近,23°57.7′N,122°16.6′E,30 km,6.1,震度２,23.96166667,122.2766667
2002/5/29,6:35:08,熊本県天草・芦北地方,32°28.9′N,130°34.1′E,9 km,2.5,震度１,32.48166667,130.5683333
2002/5/29,9:35:52,和歌山県北部,33°56.0′N,135°16.2′E,6 km,2.3,震度１,33.93333333,135.27
2002/5/29,23:30:05,北海道東方沖,43°29.3′N,147°09.9′E,51 km,4.7,震度１,43.48833333,147.165
2002/5/30,14:07:45,青森県東方沖,41°30.1′N,142°02.8′E,62 km,4.8,震度３,41.50166667,142.0466667
2002/5/30,15:18:21,浦河沖,42°05.2′N,142°41.5′E,49 km,3.8,震度１,42.08666667,142.6916667
2002/5/30,21:23:26,奄美大島近海,28°20.2′N,129°24.6′E,33 km,3,震度１,28.33666667,129.41
2002/6/1,7:39:26,根室半島南東沖,43°09.3′N,145°35.2′E,51 km,4,震度１,43.155,145.5866667
2002/6/1,11:52:34,千葉県北西部,35°48.0′N,140°09.2′E,67 km,3.9,震度１,35.8,140.1533333
2002/6/1,18:37:26,三宅島近海,34°05.0′N,139°32.5′E,8 km,2,震度１,34.08333333,139.5416667
2002/6/2,14:47:35,新島・神津島近海,34°16.2′N,139°14.3′E,12 km,1.9,震度１,34.27,139.2383333
2002/6/2,15:10:58,三宅島近海,34°04.1′N,139°32.4′E,0 km,1.7,震度１,34.06833333,139.54
2002/6/3,7:13:51,岩手県内陸北部,40°07.6′N,141°05.3′E,7 km,2.3,震度１,40.12666667,141.0883333
2002/6/3,14:29:49,岩手県沖,39°38.1′N,142°06.3′E,48 km,3.2,震度１,39.635,142.105
2002/6/3,18:15:02,小笠原諸島西方沖,27°40.9′N,140°27.3′E,521 km,6.1,震度１,27.68166667,140.455
2002/6/3,22:27:09,島根県東部,35°21.3′N,133°17.9′E,9 km,2.3,震度１,35.355,133.2983333
2002/6/3,23:49:18,岩手県内陸南部,39°05.4′N,140°49.3′E,9 km,3.3,震度１,39.09,140.8216667
2002/6/4,23:46:37,空知地方中部,43°37.8′N,141°40.9′E,7 km,2.6,震度１,43.63,141.6816667
2002/6/5,2:20:57,宮古島近海,24°50.7′N,125°24.3′E,50 km,5.2,震度３,24.845,125.405
2002/6/5,12:35:51,伊豆大島近海,34°44.4′N,139°17.9′E,1 km,2.9,震度２,34.74,139.2983333
2002/6/5,13:30:43,伊豆大島近海,34°44.3′N,139°18.3′E,1 km,2.4,震度１,34.73833333,139.305
2002/6/5,18:25:45,伊豆大島近海,34°44.7′N,139°17.7′E,1 km,3.9,震度３,34.745,139.295
2002/6/5,18:50:44,伊豆大島近海,34°44.5′N,139°17.8′E,0 km,2.1,震度１,34.74166667,139.2966667
2002/6/5,19:32:30,伊豆大島近海,34°44.3′N,139°17.6′E,0 km,3.5,震度４,34.73833333,139.2933333
2002/6/5,19:38:20,伊豆大島近海,34°45.0′N,139°17.7′E,0 km,1.6,震度１,34.75,139.295
2002/6/5,19:40:17,伊豆大島近海,34°44.8′N,139°17.8′E,2 km,2.5,震度２,34.74666667,139.2966667
2002/6/5,19:57:01,奄美大島近海,28°19.6′N,129°23.7′E,33 km,3.1,震度１,28.32666667,129.395
2002/6/5,20:04:37,伊豆大島近海,34°44.7′N,139°17.5′E,0 km,1.9,震度２,34.745,139.2916667
2002/6/5,21:50:21,伊豆大島近海,34°44.2′N,139°18.2′E,1 km,2.2,震度１,34.73666667,139.3033333
2002/6/6,1:00:56,伊豆大島近海,34°44.5′N,139°17.9′E,1 km,2.2,震度１,34.74166667,139.2983333
2002/6/6,1:24:17,父島近海,26°58.5′N,142°03.0′E,38 km,3.6,震度１,26.975,142.05
2002/6/6,7:55:07,父島近海,26°48.1′N,141°32.7′E,110 km,4.5,震度１,26.80166667,141.545
2002/6/7,0:40:06,宮古島近海,24°49.8′N,125°23.7′E,51 km,4.2,震度２,24.83,125.395
2002/6/7,18:52:24,紀伊水道,33°43.6′N,135°10.1′E,41 km,2.8,震度１,33.72666667,135.1683333
2002/6/8,3:29:32,愛知県東部,34°57.9′N,137°31.8′E,38 km,2.7,震度１,34.965,137.53
2002/6/8,15:52:01,愛知県西部,35°15.6′N,136°55.1′E,8 km,2.5,震度１,35.26,136.9183333
2002/6/8,18:37:29,西表島付近,24°28.4′N,123°45.0′E,14 km,3.2,震度１,24.47333333,123.75
2002/6/10,8:00:36,岩手県沖,40°08.9′N,142°25.1′E,36 km,4,震度１,40.14833333,142.4183333
2002/6/10,20:20:46,鳥取県西部,35°07.8′N,133°09.0′E,7 km,2.5,震度１,35.13,133.15
2002/6/10,23:26:09,新島・神津島近海,34°12.4′N,139°09.3′E,11 km,2.5,震度１,34.20666667,139.155
2002/6/11,1:28:45,釧路沖,42°50.5′N,145°00.6′E,47 km,3.9,震度１,42.84166667,145.01
2002/6/12,9:32:59,紀伊水道,34°10.4′N,135°10.6′E,4 km,2.1,震度１,34.17333333,135.1766667
2002/6/12,21:59:18,国後島付近,43°52.7′N,146°04.4′E,102 km,4.6,震度２,43.87833333,146.0733333
2002/6/12,22:55:46,新島・神津島近海,34°13.8′N,139°13.3′E,13 km,2.8,震度２,34.23,139.2216667
2002/6/12,23:03:27,新島・神津島近海,34°13.5′N,139°13.1′E,14 km,2.1,震度２,34.225,139.2183333
2002/6/13,5:10:52,三陸沖,37°52.5′N,143°19.8′E,54 km,4.8,震度１,37.875,143.33
2002/6/13,21:54:21,富山湾,37°00.8′N,137°04.0′E,11 km,2.6,震度１,37.01333333,137.0666667
2002/6/14,5:40:27,台湾付近,24°51.7′N,122°00.6′E,34 km,5.5,震度１,24.86166667,122.01
2002/6/14,11:42:49,茨城県南部,36°12.9′N,139°58.6′E,57 km,5.1,震度４,36.215,139.9766667
2002/6/14,18:56:18,茨城県南部,36°12.3′N,139°58.1′E,54 km,3,震度１,36.205,139.9683333
2002/6/14,20:52:59,茨城県南部,36°12.6′N,139°58.6′E,54 km,3,震度１,36.21,139.9766667
2002/6/14,22:34:49,和歌山県北部,34°03.1′N,135°09.2′E,6 km,2.4,震度１,34.05166667,135.1533333
2002/6/14,23:52:21,熊本県阿蘇地方,33°00.6′N,131°05.5′E,9 km,2.7,震度１,33.01,131.0916667
2002/6/15,1:28:11,福島県会津,37°18.8′N,139°54.5′E,9 km,3.1,震度２,37.31333333,139.9083333
2002/6/15,5:47:31,奄美大島近海,28°19.5′N,129°23.4′E,31 km,2.7,震度１,28.325,129.39
2002/6/15,7:43:59,父島近海,26°19.3′N,142°46.7′E,48 km,4.8,震度１,26.32166667,142.7783333
2002/6/15,9:30:33,鳥取県中部,35°21.5′N,133°44.5′E,7 km,2.1,震度１,35.35833333,133.7416667
2002/6/15,14:35:25,西表島付近,24°28.3′N,123°45.2′E,14 km,3,震度１,24.47166667,123.7533333
2002/6/15,18:13:27,青森県東方沖,41°33.0′N,142°03.9′E,66 km,3.7,震度１,41.55,142.065
2002/6/15,19:25:25,岩手県沖,39°08.3′N,142°14.0′E,49 km,3.7,震度１,39.13833333,142.2333333
2002/6/16,4:40:00,茨城県沖,36°37.6′N,141°11.8′E,45 km,4.4,震度２,36.62666667,141.1966667
2002/6/16,11:38:35,茨城県北部,36°31.2′N,140°35.0′E,60 km,3.6,震度２,36.52,140.5833333
2002/6/16,16:48:42,岩手県沿岸南部,39°11.2′N,141°52.6′E,59 km,3.3,震度１,39.18666667,141.8766667
2002/6/16,20:19:49,熊本県熊本地方,32°38.2′N,130°49.7′E,8 km,1.9,震度１,32.63666667,130.8283333
2002/6/16,21:40:03,西表島付近,24°08.1′N,123°51.9′E,21 km,3.6,震度１,24.135,123.865
2002/6/17,3:38:18,和歌山県南部,33°57.0′N,135°38.2′E,12 km,2.4,震度１,33.95,135.6366667
2002/6/17,15:31:41,浦河沖,41°55.5′N,142°18.2′E,69 km,4.2,震度２,41.925,142.3033333
2002/6/17,17:36:59,長崎県南西部,32°41.1′N,129°52.7′E,10 km,3.4,震度２,32.685,129.8783333
2002/6/18,14:09:53,鳥取県西部,35°17.0′N,133°19.9′E,15 km,2.8,震度１,35.28333333,133.3316667
2002/6/18,16:58:38,大隅半島東方沖,31°20.1′N,131°42.4′E,22 km,4.5,震度２,31.335,131.7066667
2002/6/19,4:51:28,奈良県,34°43.5′N,135°45.6′E,13 km,2.6,震度１,34.725,135.76
2002/6/19,18:16:27,茨城県沖,36°11.5′N,141°48.2′E,58 km,5.4,震度２,36.19166667,141.8033333
2002/6/20,8:12:38,福島県沖,37°29.2′N,141°36.2′E,44 km,3.7,震度１,37.48666667,141.6033333
2002/6/20,8:33:55,千葉県北東部,35°44.6′N,140°42.1′E,47 km,4.7,震度３,35.74333333,140.7016667
2002/6/20,9:59:15,千葉県北東部,35°45.3′N,140°42.0′E,49 km,3.2,震度１,35.755,140.7
2002/6/20,22:17:50,大分県南部,33°02.6′N,131°25.1′E,119 km,3.5,震度１,33.04333333,131.4183333
2002/6/21,3:14:53,岐阜県飛騨地方,35°43.3′N,137°06.6′E,8 km,2.5,震度１,35.72166667,137.11
2002/6/21,4:27:29,岐阜県美濃中西部,35°25.2′N,136°45.0′E,8 km,2.2,震度１,35.42,136.75
2002/6/21,5:56:24,茨城県南部,36°02.5′N,140°05.9′E,63 km,3.3,震度１,36.04166667,140.0983333
2002/6/21,22:11:46,千葉県東方沖,35°24.6′N,140°25.8′E,58 km,3.3,震度１,35.41,140.43
2002/6/21,23:15:06,岩手県沖,40°08.6′N,142°28.1′E,35 km,4.5,震度２,40.14333333,142.4683333
2002/6/22,0:14:01,京都府南部,35°10.4′N,135°45.0′E,7 km,2.5,震度１,35.17333333,135.75
2002/6/22,3:30:26,新島・神津島近海,34°13.7′N,139°14.9′E,12 km,2,震度１,34.22833333,139.2483333
2002/6/22,15:17:19,和歌山県北部,34°13.7′N,135°42.2′E,60 km,2.9,震度１,34.22833333,135.7033333
2002/6/22,21:34:29,千葉県東方沖,35°33.6′N,141°02.6′E,35 km,3.8,震度１,35.56,141.0433333
2002/6/22,21:49:56,宮城県沖,37°48.3′N,142°00.5′E,36 km,4.3,震度１,37.805,142.0083333
2002/6/23,0:22:06,三陸沖,39°54.0′N,143°20.6′E,19 km,4.8,震度１,39.9,143.3433333
2002/6/23,14:43:42,青森県東方沖,40°27.5′N,141°42.5′E,82 km,2.9,震度１,40.45833333,141.7083333
2002/6/23,20:18:11,長野県中部,36°24.8′N,138°00.6′E,5 km,2.2,震度２,36.41333333,138.01
2002/6/24,7:23:01,茨城県沖,36°12.0′N,141°47.8′E,46 km,5,震度１,36.2,141.7966667
2002/6/24,16:17:42,三宅島近海,34°05.1′N,139°30.9′E,0 km,2.3,震度２,34.085,139.515
2002/6/25,1:22:20,新島・神津島近海,34°17.7′N,139°09.0′E,11 km,2.6,震度２,34.295,139.15
2002/6/25,6:04:23,奈良県,33°56.6′N,135°38.6′E,11 km,2.5,震度１,33.94333333,135.6433333
2002/6/25,7:51:24,房総半島南方沖,34°02.2′N,140°13.8′E,78 km,4.2,震度１,34.03666667,140.23
2002/6/25,9:02:30,新島・神津島近海,34°14.0′N,139°14.8′E,13 km,3.2,震度２,34.23333333,139.2466667
2002/6/26,0:28:06,茨城県沖,36°26.1′N,141°00.1′E,47 km,3.8,震度１,36.435,141.0016667
2002/6/26,4:02:11,釧路地方中南部,43°02.2′N,144°03.9′E,88 km,3.8,震度１,43.03666667,144.065
2002/6/26,7:52:27,宮城県中部,38°23.1′N,140°41.6′E,7 km,1.9,震度１,38.385,140.6933333
2002/6/27,17:09:00,茨城県南部,36°12.5′N,139°58.2′E,54 km,3.2,震度１,36.20833333,139.97
2002/6/29,2:19:33,ウラジオストク付近,43°30.2′N,131°23.5′E,589 km,7,震度２,43.50333333,131.3916667
2002/6/29,3:43:11,愛知県東部,35°12.0′N,137°45.3′E,10 km,2.3,震度１,35.2,137.755
2002/6/29,19:31:25,宮城県中部,38°23.3′N,140°41.8′E,6 km,1.7,震度１,38.38833333,140.6966667
2002/6/30,9:47:03,茨城県沖,36°26.6′N,141°02.5′E,46 km,3.7,震度１,36.44333333,141.0416667
2002/6/30,16:29:26,青森県西方沖,40°40.1′N,139°08.1′E,24 km,4,震度１,40.66833333,139.135
2002/6/30,18:14:35,豊後水道,32°59.8′N,132°13.2′E,37 km,3.5,震度１,32.99666667,132.22
2002/7/1,6:24:26,紀伊水道,34°02.8′N,135°09.2′E,6 km,2.2,震度１,34.04666667,135.1533333
2002/7/1,8:01:58,和歌山県北部,34°14.5′N,135°11.7′E,6 km,2.3,震度１,34.24166667,135.195
2002/7/1,14:04:13,青森県東方沖,40°42.4′N,142°30.3′E,43 km,4.1,震度１,40.70666667,142.505
2002/7/1,15:48:13,青森県三八上北地方,40°26.3′N,141°36.7′E,82 km,4.1,震度３,40.43833333,141.6116667
2002/7/1,20:49:37,安芸灘,33°56.6′N,132°30.6′E,47 km,3.7,震度２,33.94333333,132.51
2002/7/2,10:17:53,長野県中部,36°24.7′N,138°01.0′E,5 km,2.2,震度２,36.41166667,138.0166667
2002/7/2,15:32:30,遠州灘,34°37.3′N,137°33.5′E,14 km,2.9,震度１,34.62166667,137.5583333
2002/7/2,19:32:54,新島・神津島近海,34°17.0′N,139°07.5′E,11 km,2.4,震度１,34.28333333,139.125
2002/7/3,6:56:05,鹿児島県薩摩地方,31°49.1′N,130°15.3′E,8 km,2.5,震度１,31.81833333,130.255
2002/7/3,8:35:03,島根県東部,35°18.1′N,133°18.9′E,6 km,2.2,震度１,35.30166667,133.315
2002/7/3,8:53:42,福島県沖,37°39.4′N,141°17.9′E,65 km,3.6,震度１,37.65666667,141.2983333
2002/7/3,15:56:30,新潟県中越地方,37°17.0′N,138°48.9′E,16 km,2,震度１,37.28333333,138.815
2002/7/3,16:18:27,京都府南部,35°09.3′N,135°39.9′E,7 km,2.9,震度２,35.155,135.665
2002/7/3,18:57:40,青森県東方沖,41°34.6′N,142°02.8′E,63 km,4.7,震度２,41.57666667,142.0466667
2002/7/4,12:34:29,島根県東部,35°18.2′N,133°18.5′E,7 km,2.8,震度１,35.30333333,133.3083333
2002/7/4,12:38:29,瀬戸内海中部,34°08.6′N,133°25.5′E,19 km,3.5,震度２,34.14333333,133.425
2002/7/4,15:08:23,日向灘,31°53.4′N,131°50.1′E,28 km,3.8,震度１,31.89,131.835
2002/7/5,16:32:32,福島県沖,37°19.7′N,141°26.0′E,46 km,3.9,震度１,37.32833333,141.4333333
2002/7/5,18:23:51,宮古島近海,24°49.0′N,125°23.7′E,50 km,4.6,震度３,24.81666667,125.395
2002/7/5,23:09:39,青森県三八上北地方,40°25.9′N,141°36.4′E,82 km,2.9,震度１,40.43166667,141.6066667
2002/7/6,6:58:35,岐阜県美濃中西部,35°24.9′N,136°46.7′E,45 km,4.1,震度２,35.415,136.7783333
2002/7/6,6:59:59,上川地方南部,43°06.0′N,142°43.5′E,8 km,3.4,震度１,43.1,142.725
2002/7/7,5:25:39,長野県南部,35°53.0′N,137°37.1′E,9 km,2,震度１,35.88333333,137.6183333
2002/7/7,6:02:26,八丈島東方沖,33°12.6′N,140°38.3′E,54 km,3.8,震度１,33.21,140.6383333
2002/7/7,7:29:24,新島・神津島近海,34°12.7′N,139°10.9′E,12 km,1.9,震度１,34.21166667,139.1816667
2002/7/7,14:53:32,岩手県内陸南部,39°01.5′N,141°04.0′E,7 km,1.5,震度１,39.025,141.0666667
2002/7/8,10:21:24,島根県東部,35°08.0′N,132°41.5′E,9 km,2.5,震度１,35.13333333,132.6916667
2002/7/8,16:00:35,種子島近海,30°22.7′N,130°37.3′E,4 km,3.3,震度２,30.37833333,130.6216667
2002/7/9,9:32:56,千葉県南部,35°04.2′N,139°58.3′E,89 km,3.3,震度１,35.07,139.9716667
2002/7/9,14:14:17,新島・神津島近海,34°20.6′N,139°16.0′E,11 km,2.5,震度２,34.34333333,139.2666667
2002/7/9,21:18:17,茨城県沖,36°20.9′N,141°56.3′E,69 km,4.6,震度１,36.34833333,141.9383333
2002/7/9,22:53:13,茨城県沖,36°19.6′N,141°58.3′E,60 km,4.8,震度２,36.32666667,141.9716667
2002/7/9,23:51:09,新潟県中越地方,37°16.3′N,138°41.6′E,16 km,2.9,震度２,37.27166667,138.6933333
2002/7/10,23:48:44,浦河沖,41°41.4′N,142°15.1′E,55 km,4.8,震度２,41.69,142.2516667
2002/7/11,11:41:59,新潟県中越地方,37°00.3′N,138°42.8′E,8 km,3,震度２,37.005,138.7133333
2002/7/11,16:36:24,台湾付近,23°59.7′N,122°12.4′E,23 km,6.1,震度２,23.995,122.2066667
2002/7/11,18:29:37,鳥取県西部,35°21.5′N,133°19.2′E,9 km,2,震度１,35.35833333,133.32
2002/7/12,22:35:04,岩手県沖,40°22.4′N,142°16.8′E,40 km,4.3,震度２,40.37333333,142.28
2002/7/13,18:26:08,青森県東方沖,41°04.4′N,141°36.0′E,17 km,3.2,震度１,41.07333333,141.6
2002/7/13,21:07:09,与那国島近海,23°54.5′N,122°50.2′E,14 km,5.1,震度１,23.90833333,122.8366667
2002/7/13,21:45:48,茨城県南部,35°59.9′N,140°07.4′E,65 km,4.8,震度４,35.99833333,140.1233333
2002/7/13,23:19:52,奄美大島近海,28°37.9′N,129°33.9′E,41 km,4.4,震度２,28.63166667,129.565
2002/7/14,3:16:04,島根県東部,35°21.5′N,133°15.7′E,10 km,2.5,震度１,35.35833333,133.2616667
2002/7/14,3:27:42,和歌山県北部,34°05.5′N,135°08.9′E,6 km,2.5,震度１,34.09166667,135.1483333
2002/7/14,12:06:29,岩手県沖,40°22.2′N,142°16.2′E,40 km,3.8,震度１,40.37,142.27
2002/7/14,16:30:34,和歌山県南部,33°47.9′N,135°46.1′E,25 km,2.4,震度１,33.79833333,135.7683333
2002/7/14,18:26:55,長野県中部,36°24.5′N,138°01.1′E,5 km,2.3,震度２,36.40833333,138.0183333
2002/7/15,2:27:01,宮古島近海,24°14.6′N,125°14.8′E,18 km,4.7,震度１,24.24333333,125.2466667
2002/7/15,8:39:11,熊本県熊本地方,32°44.6′N,130°39.3′E,13 km,2.9,震度１,32.74333333,130.655
2002/7/15,12:55:34,奄美大島近海,28°39.2′N,129°34.7′E,40 km,4,震度２,28.65333333,129.5783333
2002/7/15,15:34:34,新島・神津島近海,34°20.2′N,139°15.9′E,9 km,2,震度１,34.33666667,139.265
2002/7/15,17:24:17,奄美大島近海,28°05.3′N,129°37.6′E,54 km,5.4,震度３,28.08833333,129.6266667
2002/7/16,1:23:03,釧路沖,42°38.6′N,144°14.8′E,60 km,4,震度１,42.64333333,144.2466667
2002/7/16,4:58:01,日向灘,31°57.1′N,131°49.1′E,34 km,4.6,震度３,31.95166667,131.8183333
2002/7/16,5:59:24,日向灘,31°56.3′N,131°47.2′E,36 km,3.4,震度１,31.93833333,131.7866667
2002/7/16,15:26:47,内浦湾,42°08.2′N,140°41.1′E,13 km,2.1,震度１,42.13666667,140.685
2002/7/16,18:15:05,岐阜県美濃中西部,35°26.5′N,136°48.2′E,7 km,2.8,震度１,35.44166667,136.8033333
2002/7/16,20:08:58,京都府南部,35°04.2′N,135°40.3′E,16 km,4.3,震度３,35.07,135.6716667
2002/7/16,20:57:25,九州地方南東沖,30°46.6′N,132°29.7′E,61 km,5.2,震度２,30.77666667,132.495
2002/7/16,22:35:57,高知県中部,33°39.6′N,133°27.5′E,8 km,3.6,震度２,33.66,133.4583333
2002/7/17,7:01:00,日高地方東部,42°20.7′N,143°00.3′E,55 km,3.8,震度１,42.345,143.005
2002/7/18,14:10:02,佐賀県南部,33°01.0′N,130°09.4′E,12 km,2.8,震度１,33.01666667,130.1566667
2002/7/18,18:22:28,島根県東部,35°07.7′N,133°08.3′E,9 km,2.5,震度１,35.12833333,133.1383333
2002/7/18,19:13:17,沖縄本島北西沖,27°27.2′N,126°59.0′E,13 km,5.6,震度１,27.45333333,126.9833333
2002/7/18,23:40:09,父島近海,27°07.5′N,141°41.6′E,60 km,4.6,震度１,27.125,141.6933333
2002/7/19,3:18:00,津軽海峡,41°30.2′N,140°52.8′E,14 km,2,震度１,41.50333333,140.88
2002/7/19,17:54:08,新島・神津島近海,34°13.2′N,139°15.6′E,14 km,3.1,震度１,34.22,139.26
2002/7/20,5:00:20,東京湾,35°33.8′N,140°05.5′E,72 km,4,震度２,35.56333333,140.0916667
2002/7/20,12:57:23,伊豆大島近海,34°45.2′N,139°19.0′E,0 km,1.8,震度１,34.75333333,139.3166667
2002/7/20,14:09:16,伊豆大島近海,34°44.9′N,139°18.7′E,0 km,1.6,震度１,34.74833333,139.3116667
2002/7/20,15:41:51,伊豆大島近海,34°44.9′N,139°19.1′E,2 km,1.9,震度１,34.74833333,139.3183333
2002/7/21,6:20:43,岩手県沖,40°22.6′N,142°16.4′E,40 km,3.2,震度１,40.37666667,142.2733333
2002/7/21,7:07:58,奈良県,34°11.2′N,135°55.8′E,56 km,3.3,震度２,34.18666667,135.93
2002/7/21,14:44:08,岐阜県美濃中西部,35°25.0′N,136°39.2′E,7 km,1.4,震度１,35.41666667,136.6533333
2002/7/22,1:45:24,宮古島北西沖,25°02.9′N,124°18.0′E,95 km,4.7,震度１,25.04833333,124.3
2002/7/22,4:40:39,奄美大島近海,28°47.3′N,129°24.8′E,3 km,4.4,震度１,28.78833333,129.4133333
2002/7/22,13:59:51,和歌山県南部,33°54.8′N,135°29.8′E,52 km,3.1,震度１,33.91333333,135.4966667
2002/7/22,15:14:18,鳥取県西部,35°19.8′N,133°19.7′E,11 km,2.5,震度１,35.33,133.3283333
2002/7/22,19:37:33,島根県東部,35°25.8′N,133°17.3′E,13 km,2.5,震度１,35.43,133.2883333
2002/7/22,21:23:08,千葉県北東部,35°53.1′N,140°30.4′E,33 km,3.2,震度２,35.885,140.5066667
2002/7/23,18:46:14,沖縄本島近海,27°08.8′N,127°32.9′E,84 km,4.1,震度１,27.14666667,127.5483333
2002/7/24,4:11:28,種子島近海,30°22.5′N,130°37.4′E,1 km,2.6,震度１,30.375,130.6233333
2002/7/24,5:05:30,福島県沖,37°13.9′N,142°18.9′E,30 km,5.9,震度４,37.23166667,142.315
2002/7/24,5:48:54,奄美大島近海,28°19.7′N,129°13.3′E,10 km,3.3,震度１,28.32833333,129.2216667
2002/7/24,6:52:31,釧路沖,42°51.3′N,145°19.3′E,44 km,4.1,震度１,42.855,145.3216667
2002/7/24,22:56:22,山形県置賜地方,37°57.3′N,140°00.3′E,6 km,2.6,震度１,37.955,140.005
2002/7/25,14:32:12,奈良県,33°56.3′N,135°37.2′E,11 km,2.7,震度１,33.93833333,135.62
2002/7/25,17:35:06,福島県沖,36°59.1′N,141°04.8′E,88 km,3.7,震度１,36.985,141.08
2002/7/25,21:31:01,北海道東方沖,43°33.3′N,147°27.3′E,12 km,5.8,震度３,43.555,147.455
2002/7/26,4:12:15,日向灘,31°57.3′N,131°49.1′E,33 km,3.4,震度１,31.955,131.8183333
2002/7/27,1:51:59,種子島近海,30°22.4′N,130°37.4′E,1 km,2.4,震度１,30.37333333,130.6233333
2002/7/27,8:46:40,島根県東部,35°24.5′N,133°16.0′E,10 km,2,震度１,35.40833333,133.2666667
2002/7/27,13:21:02,新島・神津島近海,34°11.7′N,139°09.8′E,11 km,2.1,震度１,34.195,139.1633333
2002/7/27,13:24:27,新島・神津島近海,34°12.2′N,139°11.0′E,13 km,3,震度２,34.20333333,139.1833333
2002/7/27,14:25:29,新島・神津島近海,34°12.1′N,139°10.9′E,13 km,2.2,震度１,34.20166667,139.1816667
2002/7/27,17:58:58,茨城県沖,36°27.4′N,140°37.0′E,58 km,4.4,震度３,36.45666667,140.6166667
2002/7/27,22:23:58,熊本県天草・芦北地方,32°27.5′N,130°34.7′E,5 km,2.5,震度１,32.45833333,130.5783333
2002/7/28,20:31:30,十勝地方南部,42°19.1′N,143°04.1′E,52 km,5,震度３,42.31833333,143.0683333
2002/7/29,17:04:45,茨城県沖,36°13.8′N,140°50.8′E,46 km,3.4,震度１,36.23,140.8466667
2002/7/30,0:36:53,長野県南部,35°55.9′N,137°33.7′E,9 km,3.2,震度２,35.93166667,137.5616667
2002/7/30,1:19:18,青森県三八上北地方,40°28.7′N,141°14.3′E,104 km,4.3,震度３,40.47833333,141.2383333
2002/7/30,9:01:36,神奈川県西部,35°28.8′N,139°09.0′E,18 km,2.4,震度１,35.48,139.15
2002/7/31,23:02:57,茨城県南部,35°59.9′N,140°06.8′E,64 km,3.3,震度１,35.99833333,140.1133333
2002/8/1,13:45:27,愛知県西部,34°52.9′N,136°56.0′E,16 km,2.6,震度１,34.88166667,136.9333333
2002/8/1,18:15:15,長野県中部,36°24.5′N,138°01.2′E,5 km,2.7,震度３,36.40833333,138.02
2002/8/1,19:15:38,茨城県北部,36°27.1′N,140°36.2′E,57 km,3.7,震度２,36.45166667,140.6033333
2002/8/1,21:51:52,三重県南東沖,34°03.0′N,136°16.4′E,10 km,3.3,震度１,34.05,136.2733333
2002/8/2,8:13:43,新島・神津島近海,34°22.4′N,139°09.6′E,0 km,1.8,震度１,34.37333333,139.16
2002/8/2,18:35:10,日高地方東部,42°20.1′N,142°59.9′E,56 km,3.9,震度１,42.335,142.9983333
2002/8/3,4:10:46,宮城県北部,38°36.0′N,141°03.5′E,8 km,1.7,震度１,38.6,141.0583333
2002/8/3,8:11:40,鳥島近海,29°20.2′N,139°35.1′E,449 km,6.2,震度２,29.33666667,139.585
2002/8/3,11:23:57,北海道東方沖,43°30.4′N,147°31.0′E,28 km,5.1,震度２,43.50666667,147.5166667
2002/8/3,17:59:02,新島・神津島近海,34°12.9′N,139°08.2′E,11 km,2.4,震度１,34.215,139.1366667
2002/8/3,18:00:28,新島・神津島近海,34°13.5′N,139°09.1′E,10 km,2,震度１,34.225,139.1516667
2002/8/3,18:01:28,新島・神津島近海,34°13.4′N,139°09.1′E,10 km,2.6,震度１,34.22333333,139.1516667
2002/8/3,18:02:38,新島・神津島近海,34°13.2′N,139°08.5′E,10 km,2.5,震度２,34.22,139.1416667
2002/8/3,18:02:52,新島・神津島近海,34°13.5′N,139°10.7′E,7 km,2.8,震度１,34.225,139.1783333
2002/8/3,18:04:10,新島・神津島近海,34°13.3′N,139°08.0′E,11 km,2.8,震度２,34.22166667,139.1333333
2002/8/3,18:09:44,新島・神津島近海,34°13.6′N,139°08.5′E,11 km,2.6,震度１,34.22666667,139.1416667
2002/8/3,18:11:50,新島・神津島近海,34°13.1′N,139°08.2′E,11 km,2.3,震度１,34.21833333,139.1366667
2002/8/4,5:48:15,紀伊水道,34°03.3′N,135°06.4′E,6 km,3.3,震度２,34.055,135.1066667
2002/8/5,1:59:15,新島・神津島近海,34°14.2′N,139°09.0′E,12 km,2.2,震度１,34.23666667,139.15
2002/8/5,5:57:57,岩手県沖,40°22.5′N,142°16.0′E,41 km,4,震度２,40.375,142.2666667
2002/8/5,6:07:41,釧路地方中南部,43°04.2′N,145°00.4′E,61 km,4.3,震度２,43.07,145.0066667
2002/8/6,1:14:46,和歌山県北部,33°58.1′N,135°30.7′E,56 km,2.6,震度１,33.96833333,135.5116667
2002/8/7,1:10:36,浦河沖,42°00.1′N,142°33.7′E,62 km,3.5,震度１,42.00166667,142.5616667
2002/8/9,1:44:13,福島県沖,37°23.5′N,141°35.1′E,44 km,3.9,震度１,37.39166667,141.585
2002/8/9,11:14:28,五島列島近海,33°07.1′N,129°39.0′E,12 km,3,震度１,33.11833333,129.65
2002/8/10,11:30:59,宮城県南部,38°13.2′N,140°40.7′E,6 km,2.2,震度１,38.22,140.6783333
2002/8/11,2:11:16,岩手県沖,40°22.5′N,142°15.7′E,41 km,3.3,震度１,40.375,142.2616667
2002/8/11,7:56:18,愛知県東部,34°43.2′N,137°27.2′E,41 km,4.1,震度３,34.72,137.4533333
2002/8/11,10:12:45,兵庫県南西部,35°09.9′N,134°29.8′E,9 km,2.6,震度１,35.165,134.4966667
2002/8/11,23:00:16,奈良県,34°00.8′N,135°56.8′E,47 km,3.7,震度２,34.01333333,135.9466667
2002/8/12,6:55:30,青森県東方沖,41°05.1′N,142°38.0′E,26 km,5.1,震度３,41.085,142.6333333
2002/8/12,18:14:40,八丈島東方沖,32°43.5′N,140°45.9′E,55 km,4,震度１,32.725,140.765
2002/8/12,22:20:18,茨城県沖,36°23.1′N,141°02.2′E,48 km,3.8,震度１,36.385,141.0366667
2002/8/12,22:37:36,和歌山県北部,34°16.3′N,135°38.3′E,67 km,3.8,震度２,34.27166667,135.6383333
2002/8/13,8:56:39,父島近海,26°36.5′N,141°32.2′E,117 km,4.7,震度１,26.60833333,141.5366667
2002/8/13,18:32:52,八丈島近海,33°08.0′N,139°45.8′E,16 km,2.8,震度１,33.13333333,139.7633333
2002/8/13,22:09:37,八丈島近海,33°07.7′N,139°46.2′E,15 km,2.3,震度１,33.12833333,139.77
2002/8/14,2:52:15,宮古島近海,24°42.9′N,125°08.4′E,46 km,3.6,震度１,24.715,125.14
2002/8/14,4:21:49,八丈島近海,33°07.0′N,139°46.7′E,14 km,2,震度１,33.11666667,139.7783333
2002/8/14,6:50:04,茨城県南部,36°10.9′N,140°06.8′E,52 km,3.1,震度１,36.18166667,140.1133333
2002/8/14,7:40:32,八丈島近海,33°08.0′N,139°46.9′E,15 km,2.3,震度１,33.13333333,139.7816667
2002/8/14,8:09:08,八丈島近海,33°06.4′N,139°47.0′E,8 km,1.8,震度１,33.10666667,139.7833333
2002/8/14,8:40:22,八丈島近海,33°06.7′N,139°45.5′E,14 km,2.6,震度１,33.11166667,139.7583333
2002/8/14,9:04:41,八丈島近海,33°06.9′N,139°47.0′E,14 km,2.2,震度１,33.115,139.7833333
2002/8/14,11:57:57,八丈島近海,33°07.3′N,139°46.6′E,16 km,2.5,震度１,33.12166667,139.7766667
2002/8/14,12:46:21,八丈島近海,33°08.4′N,139°45.0′E,11 km,2.5,震度１,33.14,139.75
2002/8/14,13:11:02,八丈島近海,33°07.3′N,139°46.3′E,14 km,2.5,震度１,33.12166667,139.7716667
2002/8/14,21:23:03,沖縄本島近海,25°46.9′N,126°14.8′E,62 km,3.9,震度１,25.78166667,126.2466667
2002/8/14,23:03:00,詳細不明,33°07.0′N,139°49.0′E,0 km,,震度１,33.11666667,139.8166667
2002/8/14,23:16:22,鳥取県西部,35°19.6′N,133°19.1′E,12 km,1.9,震度１,35.32666667,133.3183333
2002/8/15,0:56:32,新島・神津島近海,34°13.1′N,139°14.9′E,15 km,2.3,震度１,34.21833333,139.2483333
2002/8/15,0:56:49,八丈島近海,33°08.2′N,139°45.0′E,13 km,1.9,震度１,33.13666667,139.75
2002/8/15,4:16:22,茨城県北部,36°26.5′N,140°36.9′E,57 km,3.8,震度２,36.44166667,140.615
2002/8/15,6:05:57,八丈島近海,33°09.2′N,139°45.7′E,13 km,2.3,震度１,33.15333333,139.7616667
2002/8/15,10:52:43,八丈島近海,33°10.9′N,139°46.2′E,15 km,2.6,震度１,33.18166667,139.77
2002/8/15,17:20:07,八丈島近海,33°08.9′N,139°46.2′E,10 km,2.7,震度１,33.14833333,139.77
2002/8/15,17:51:55,八丈島近海,33°08.8′N,139°46.4′E,8 km,3.3,震度２,33.14666667,139.7733333
2002/8/15,19:05:30,埼玉県南部,36°03.0′N,139°47.7′E,78 km,3.8,震度１,36.05,139.795
2002/8/15,20:21:06,八丈島近海,33°04.3′N,139°49.3′E,5 km,1.8,震度１,33.07166667,139.8216667
2002/8/15,21:57:10,八丈島近海,33°09.4′N,139°45.7′E,7 km,2.3,震度１,33.15666667,139.7616667
2002/8/16,4:37:08,八丈島近海,33°12.8′N,139°43.3′E,13 km,3.1,震度１,33.21333333,139.7216667
2002/8/16,5:35:34,八丈島近海,33°12.3′N,139°44.1′E,12 km,3.1,震度１,33.205,139.735
2002/8/16,6:09:23,八丈島近海,33°14.6′N,139°44.1′E,8 km,2.7,震度１,33.24333333,139.735
2002/8/16,10:13:17,八丈島近海,33°14.7′N,139°43.6′E,13 km,3.2,震度１,33.245,139.7266667
2002/8/16,15:16:25,奈良県,34°03.1′N,135°36.0′E,58 km,3.3,震度１,34.05166667,135.6
2002/8/16,22:19:30,岩手県沖,39°44.9′N,142°07.6′E,36 km,3.2,震度１,39.74833333,142.1266667
2002/8/17,0:31:17,熊本県熊本地方,32°52.5′N,130°46.9′E,14 km,2.7,震度１,32.875,130.7816667
2002/8/17,6:45:08,熊本県熊本地方,32°52.6′N,130°46.8′E,14 km,2.7,震度１,32.87666667,130.78
2002/8/17,13:38:34,八丈島近海,33°18.4′N,139°42.0′E,5 km,3.4,震度１,33.30666667,139.7
2002/8/17,15:11:24,八丈島近海,33°19.4′N,139°41.4′E,12 km,3.4,震度１,33.32333333,139.69
2002/8/17,22:27:09,岩手県内陸北部,39°47.7′N,141°16.2′E,90 km,3.9,震度２,39.795,141.27
2002/8/18,0:23:50,長野県南部,35°51.4′N,137°35.4′E,8 km,1.9,震度１,35.85666667,137.59
2002/8/18,9:01:02,福井県嶺北,36°07.7′N,136°10.6′E,11 km,4.7,震度４,36.12833333,136.1766667
2002/8/18,14:24:36,国後島付近,43°58.2′N,145°17.0′E,146 km,3.9,震度１,43.97,145.2833333
2002/8/18,16:06:47,茨城県南部,36°10.8′N,140°06.2′E,56 km,3.1,震度１,36.18,140.1033333
2002/8/18,18:54:41,宮城県沖,38°46.0′N,142°00.6′E,55 km,3.6,震度１,38.76666667,142.01
2002/8/18,20:38:46,八丈島近海,33°16.1′N,139°25.7′E,20 km,3.6,震度１,33.26833333,139.4283333
2002/8/20,13:42:52,八丈島近海,33°13.5′N,139°40.0′E,17 km,3.2,震度１,33.225,139.6666667
2002/8/20,16:31:20,茨城県沖,36°43.1′N,141°14.2′E,45 km,3.9,震度１,36.71833333,141.2366667
2002/8/21,5:51:09,新潟県上越地方,37°12.0′N,138°31.3′E,10 km,3.3,震度３,37.2,138.5216667
2002/8/22,8:32:17,奄美大島近海,28°13.8′N,130°03.6′E,28 km,3,震度１,28.23,130.06
2002/8/22,9:47:59,島根県東部,35°10.4′N,133°07.1′E,3 km,1.2,震度１,35.17333333,133.1183333
2002/8/22,18:59:09,八丈島近海,33°12.6′N,139°39.8′E,20 km,3.1,震度１,33.21,139.6633333
2002/8/22,19:47:35,八丈島近海,33°15.0′N,139°32.3′E,16 km,3.4,震度１,33.25,139.5383333
2002/8/23,11:19:06,岩手県沖,40°08.8′N,142°24.3′E,36 km,4.5,震度２,40.14666667,142.405
2002/8/23,12:17:00,八丈島近海,33°15.1′N,139°27.7′E,29 km,3.5,震度１,33.25166667,139.4616667
2002/8/23,12:26:05,八丈島近海,33°19.0′N,139°28.9′E,30 km,3.7,震度１,33.31666667,139.4816667
2002/8/23,12:52:52,千葉県北西部,35°40.6′N,140°02.6′E,73 km,4.1,震度２,35.67666667,140.0433333
2002/8/23,15:49:05,愛知県西部,35°05.7′N,137°00.1′E,37 km,2.9,震度１,35.095,137.0016667
2002/8/23,19:37:10,奈良県,34°25.6′N,135°52.3′E,10 km,2.2,震度１,34.42666667,135.8716667
2002/8/23,20:55:39,浦河沖,41°54.5′N,142°28.7′E,64 km,3.6,震度１,41.90833333,142.4783333
2002/8/24,8:22:02,宮城県沖,38°15.0′N,141°19.1′E,15 km,4,震度２,38.25,141.3183333
2002/8/24,16:11:06,岩手県沖,40°11.6′N,142°19.9′E,37 km,3.6,震度１,40.19333333,142.3316667
2002/8/24,17:49:24,大阪府北部,34°54.6′N,135°35.8′E,5 km,2.2,震度１,34.91,135.5966667
2002/8/24,21:04:51,沖縄本島近海,27°26.9′N,128°32.8′E,44 km,4.4,震度２,27.44833333,128.5466667
2002/8/25,0:10:34,八丈島近海,33°14.4′N,139°37.3′E,17 km,3.3,震度１,33.24,139.6216667
2002/8/25,3:40:54,根室半島南東沖,43°05.4′N,146°07.1′E,44 km,6,震度４,43.09,146.1183333
2002/8/25,14:35:17,八丈島近海,33°13.4′N,139°24.7′E,16 km,3.5,震度１,33.22333333,139.4116667
2002/8/26,0:26:47,沖縄本島近海,27°28.4′N,128°37.5′E,42 km,3.9,震度２,27.47333333,128.625
2002/8/27,9:30:38,浦河沖,41°55.9′N,142°18.9′E,69 km,3.6,震度１,41.93166667,142.315
2002/8/28,3:26:07,石垣島北西沖,25°24.1′N,123°16.9′E,196 km,5,震度１,25.40166667,123.2816667
2002/8/28,17:20:38,八丈島近海,33°26.6′N,139°34.9′E,19 km,3.6,震度１,33.44333333,139.5816667
2002/8/29,2:05:38,台湾付近,22°21.8′N,121°36.9′E,100 km,5.7,震度１,22.36333333,121.615
2002/8/29,18:04:09,浦河沖,41°55.7′N,142°19.3′E,67 km,4.7,震度３,41.92833333,142.3216667
2002/8/29,20:14:23,浦河沖,41°55.7′N,142°20.0′E,68 km,3.8,震度１,41.92833333,142.3333333
2002/8/30,8:41:01,根室半島南東沖,43°03.2′N,146°05.4′E,41 km,4.6,震度１,43.05333333,146.09
2002/8/30,8:41:26,鳥取県西部,35°20.4′N,133°18.5′E,10 km,2.6,震度１,35.34,133.3083333
2002/8/30,9:46:22,千葉県南部,34°58.7′N,139°52.2′E,91 km,3.7,震度１,34.97833333,139.87
2002/8/30,14:58:27,択捉島南東沖,44°31.2′N,148°56.2′E,30 km,5.3,震度２,44.52,148.9366667
2002/8/30,20:28:12,千葉県北西部,35°34.9′N,140°08.3′E,71 km,3.8,震度１,35.58166667,140.1383333
2002/8/30,21:16:15,熊本県熊本地方,32°51.1′N,130°38.8′E,9 km,2.9,震度２,32.85166667,130.6466667
2002/8/30,21:30:22,熊本県熊本地方,32°51.0′N,130°38.9′E,9 km,3.6,震度３,32.85,130.6483333
2002/8/31,0:11:39,和歌山県南部,33°49.3′N,135°23.4′E,50 km,2.5,震度１,33.82166667,135.39
2002/8/31,3:35:13,静岡県中部,34°55.3′N,138°20.4′E,28 km,3.1,震度１,34.92166667,138.34
2002/8/31,11:04:25,種子島南東沖,29°54.7′N,131°04.6′E,37 km,4.5,震度１,29.91166667,131.0766667
2002/9/1,2:50:23,浦河沖,41°55.0′N,142°18.1′E,66 km,4.2,震度２,41.91666667,142.3016667
2002/9/1,14:56:24,台湾付近,24°05.3′N,122°14.6′E,38 km,6,震度２,24.08833333,122.2433333
2002/9/1,16:07:37,台湾付近,23°59.3′N,122°21.7′E,24 km,5.7,震度２,23.98833333,122.3616667
2002/9/2,1:45:19,滋賀県南部,35°06.4′N,135°54.3′E,9 km,3.1,震度２,35.10666667,135.905
2002/9/2,3:00:55,相模湾,35°07.7′N,139°30.2′E,101 km,4.2,震度２,35.12833333,139.5033333
2002/9/2,5:48:08,熊本県熊本地方,32°43.6′N,130°48.2′E,12 km,3.7,震度３,32.72666667,130.8033333
2002/9/2,6:16:00,岩手県沿岸北部,40°16.4′N,141°44.2′E,75 km,3.1,震度１,40.27333333,141.7366667
2002/9/2,10:08:50,和歌山県南部,33°41.3′N,135°21.9′E,48 km,3,震度１,33.68833333,135.365
2002/9/2,18:17:03,和歌山県北部,34°02.6′N,135°16.1′E,8 km,4,震度３,34.04333333,135.2683333
2002/9/2,18:22:15,和歌山県北部,34°02.8′N,135°16.0′E,8 km,2.5,震度１,34.04666667,135.2666667
2002/9/3,0:07:01,新潟県中越地方,37°06.1′N,138°37.8′E,11 km,2.1,震度１,37.10166667,138.63
2002/9/3,7:24:34,青森県東方沖,40°58.7′N,142°00.1′E,58 km,4.3,震度３,40.97833333,142.0016667
2002/9/3,9:43:54,青森県津軽南部,40°46.1′N,140°03.0′E,161 km,4,震度１,40.76833333,140.05
2002/9/3,14:00:20,奈良県,33°56.4′N,135°37.0′E,12 km,2.5,震度１,33.94,135.6166667
2002/9/3,17:28:42,広島県北部,35°00.2′N,132°53.1′E,9 km,3.3,震度２,35.00333333,132.885
2002/9/3,18:36:27,宮城県北部,38°36.2′N,141°08.5′E,8 km,2.9,震度２,38.60333333,141.1416667
2002/9/4,6:44:19,千葉県東方沖,35°33.7′N,141°03.5′E,39 km,3.7,震度１,35.56166667,141.0583333
2002/9/4,7:33:15,茨城県南部,36°14.9′N,140°28.3′E,53 km,2.8,震度１,36.24833333,140.4716667
2002/9/4,17:04:47,瀬戸内海中部,34°25.4′N,133°50.6′E,16 km,3,震度１,34.42333333,133.8433333
2002/9/4,18:06:13,滋賀県北部,35°27.2′N,136°20.7′E,39 km,4.3,震度２,35.45333333,136.345
2002/9/4,21:08:27,新島・神津島近海,34°18.0′N,139°09.1′E,9 km,2.1,震度１,34.3,139.1516667
2002/9/4,21:09:13,新島・神津島近海,34°17.9′N,139°08.7′E,9 km,1.9,震度１,34.29833333,139.145
2002/9/4,21:19:02,新島・神津島近海,34°18.4′N,139°08.6′E,8 km,1.7,震度１,34.30666667,139.1433333
2002/9/5,10:39:25,愛媛県東予,33°53.4′N,133°12.8′E,12 km,2.9,震度１,33.89,133.2133333
2002/9/5,13:40:41,上川地方南部,43°25.8′N,142°30.8′E,6 km,2.5,震度１,43.43,142.5133333
2002/9/5,20:24:43,三重県中部,34°21.6′N,136°10.0′E,10 km,3.5,震度１,34.36,136.1666667
2002/9/6,4:42:54,茨城県沖,36°36.3′N,141°00.6′E,48 km,3.8,震度１,36.605,141.01
2002/9/6,17:43:45,岩手県沖,39°06.6′N,142°07.1′E,45 km,3.2,震度１,39.11,142.1183333
2002/9/7,6:57:23,埼玉県北部,36°13.7′N,139°20.2′E,90 km,4,震度２,36.22833333,139.3366667
2002/9/7,22:33:00,トカラ列島近海,29°33.4′N,129°59.4′E,30 km,3.3,震度１,29.55666667,129.99
2002/9/8,0:11:04,福井県嶺北,35°58.2′N,136°34.3′E,10 km,4.2,震度３,35.97,136.5716667
2002/9/8,1:45:33,宮城県北部,38°36.4′N,141°08.5′E,8 km,3.6,震度４,38.60666667,141.1416667
2002/9/8,18:10:10,宮城県北部,38°46.0′N,141°08.5′E,9 km,3.1,震度２,38.76666667,141.1416667
2002/9/8,19:48:30,新島・神津島近海,34°14.6′N,139°11.7′E,9 km,2.1,震度１,34.24333333,139.195
2002/9/9,4:09:35,宮城県北部,38°36.2′N,141°08.7′E,8 km,3.8,震度３,38.60333333,141.145
2002/9/9,4:32:45,日高地方東部,42°19.6′N,143°00.6′E,53 km,3.6,震度１,42.32666667,143.01
2002/9/9,7:12:42,宮城県北部,38°36.5′N,141°08.8′E,8 km,2.4,震度１,38.60833333,141.1466667
2002/9/9,8:47:57,宮古島近海,23°29.1′N,125°29.5′E,63 km,5.3,震度１,23.485,125.4916667
2002/9/10,17:54:20,福井県嶺北,35°58.2′N,136°34.2′E,10 km,3.3,震度２,35.97,136.57
2002/9/10,19:52:20,宮城県北部,38°42.5′N,141°26.9′E,105 km,4.2,震度２,38.70833333,141.4483333
2002/9/11,13:53:38,奈良県,34°25.6′N,135°52.3′E,10 km,2.5,震度１,34.42666667,135.8716667
2002/9/11,16:30:43,沖縄本島近海,26°17.7′N,127°22.0′E,48 km,3.8,震度１,26.295,127.3666667
2002/9/11,18:00:21,三重県中部,34°21.8′N,136°10.0′E,11 km,3.3,震度１,34.36333333,136.1666667
2002/9/12,6:38:26,島根県東部,35°18.2′N,133°18.2′E,7 km,2.3,震度１,35.30333333,133.3033333
2002/9/13,7:36:03,滋賀県北部,35°22.3′N,135°58.2′E,17 km,3.4,震度２,35.37166667,135.97
2002/9/13,10:02:47,岐阜県飛騨地方,36°16.3′N,137°05.4′E,3 km,2.7,震度１,36.27166667,137.09
2002/9/13,16:27:17,滋賀県南部,35°06.6′N,135°54.4′E,9 km,2.5,震度１,35.11,135.9066667
2002/9/14,1:26:17,釧路沖,42°52.4′N,144°29.8′E,66 km,4,震度１,42.87333333,144.4966667
2002/9/15,10:06:56,与那国島近海,24°03.2′N,122°24.3′E,31 km,5.3,震度１,24.05333333,122.405
2002/9/15,10:53:48,伊予灘,33°19.4′N,131°55.7′E,60 km,3.4,震度１,33.32333333,131.9283333
2002/9/15,17:39:32,ウラジオストク付近,44°48.3′N,130°35.6′E,644 km,6.3,震度１,44.805,130.5933333
2002/9/15,22:32:49,神奈川県東部,35°38.2′N,139°32.8′E,26 km,2.7,震度１,35.63666667,139.5466667
2002/9/16,0:25:45,青森県東方沖,40°33.8′N,142°01.7′E,61 km,4.1,震度２,40.56333333,142.0283333
2002/9/16,4:47:21,山形県村山地方,38°10.9′N,140°21.6′E,9 km,2.4,震度１,38.18166667,140.36
2002/9/16,9:03:32,石垣島北西沖,25°10.1′N,122°26.6′E,157 km,5.9,震度１,25.16833333,122.4433333
2002/9/16,10:10:50,鳥取県中部,35°22.2′N,133°44.3′E,10 km,5.5,震度４,35.37,133.7383333
2002/9/16,10:20:40,鳥取県中部,35°21.9′N,133°44.1′E,10 km,3.2,震度２,35.365,133.735
2002/9/16,10:28:50,鳥取県中部,35°22.0′N,133°42.9′E,10 km,3.2,震度１,35.36666667,133.715
2002/9/16,10:40:51,鳥取県中部,35°22.1′N,133°43.1′E,11 km,3.5,震度２,35.36833333,133.7183333
2002/9/16,11:13:02,鳥取県中部,35°22.0′N,133°43.7′E,9 km,3.3,震度２,35.36666667,133.7283333
2002/9/16,12:38:29,栃木県南部,36°20.1′N,139°34.7′E,126 km,3.7,震度１,36.335,139.5783333
2002/9/16,13:57:17,鳥取県中部,35°22.1′N,133°44.3′E,9 km,3.4,震度２,35.36833333,133.7383333
2002/9/16,17:36:32,鳥取県中部,35°22.0′N,133°43.5′E,9 km,2.7,震度１,35.36666667,133.725
2002/9/16,18:00:36,鳥取県中部,35°22.2′N,133°44.1′E,12 km,2.9,震度１,35.37,133.735
2002/9/17,0:38:27,鳥取県中部,35°21.9′N,133°43.7′E,9 km,3.6,震度２,35.365,133.7283333
2002/9/17,1:07:29,鳥取県中部,35°21.9′N,133°43.6′E,9 km,4,震度３,35.365,133.7266667
2002/9/17,1:51:38,茨城県沖,36°45.2′N,141°16.1′E,47 km,4,震度１,36.75333333,141.2683333
2002/9/17,23:16:25,和歌山県南方沖,33°38.8′N,135°12.1′E,40 km,3.6,震度２,33.64666667,135.2016667
2002/9/18,3:10:51,トカラ列島近海,29°54.8′N,130°00.6′E,9 km,2.2,震度１,29.91333333,130.01
2002/9/18,5:26:12,与那国島近海,24°37.5′N,122°57.9′E,94 km,4.1,震度１,24.625,122.965
2002/9/18,9:34:01,熊本県天草・芦北地方,32°15.8′N,130°33.3′E,7 km,2.7,震度１,32.26333333,130.555
2002/9/19,4:58:35,宮城県北部,38°46.0′N,141°08.6′E,9 km,3.9,震度３,38.76666667,141.1433333
2002/9/19,9:03:01,鳥取県中部,35°21.5′N,133°45.1′E,7 km,3.9,震度３,35.35833333,133.7516667
2002/9/19,9:03:53,鳥取県中部,35°21.6′N,133°45.0′E,7 km,2.7,震度１,35.36,133.75
2002/9/19,11:25:36,鳥取県中部,35°21.6′N,133°45.1′E,7 km,2.7,震度１,35.36,133.7516667
2002/9/19,13:17:19,大隅半島東方沖,31°08.5′N,131°32.1′E,36 km,4.3,震度２,31.14166667,131.535
2002/9/20,6:21:32,北海道東方沖,43°19.8′N,147°12.7′E,46 km,4.5,震度１,43.33,147.2116667
2002/9/20,16:47:30,陸奥湾,41°07.8′N,140°52.1′E,11 km,2.3,震度１,41.13,140.8683333
2002/9/20,17:17:03,奈良県,34°21.3′N,136°06.4′E,8 km,3.3,震度１,34.355,136.1066667
2002/9/20,19:16:57,浦河沖,41°55.9′N,142°20.4′E,70 km,3.8,震度１,41.93166667,142.34
2002/9/20,20:16:26,大阪府北部,34°57.1′N,135°35.8′E,10 km,3,震度１,34.95166667,135.5966667
2002/9/20,21:05:10,陸奥湾,41°07.6′N,140°51.8′E,12 km,2.4,震度１,41.12666667,140.8633333
2002/9/21,3:22:26,三重県南東沖,33°59.8′N,137°15.0′E,350 km,5.1,震度１,33.99666667,137.25
2002/9/21,19:51:48,神奈川県西部,35°29.5′N,139°06.5′E,19 km,2.5,震度１,35.49166667,139.1083333
2002/9/22,8:53:27,島根県東部,35°19.3′N,133°17.6′E,6 km,3.2,震度３,35.32166667,133.2933333
2002/9/22,9:36:24,愛知県西部,35°15.6′N,137°30.0′E,49 km,4,震度２,35.26,137.5
2002/9/23,3:02:23,紀伊水道,34°10.1′N,135°10.2′E,6 km,2.4,震度１,34.16833333,135.17
2002/9/23,8:43:58,新潟県中越地方,37°15.2′N,138°36.5′E,13 km,3.3,震度３,37.25333333,138.6083333
2002/9/23,9:41:09,鳥取県中部,35°22.5′N,133°44.6′E,8 km,3.2,震度２,35.375,133.7433333
2002/9/23,19:04:46,西表島付近,24°31.7′N,123°44.5′E,6 km,3.4,震度２,24.52833333,123.7416667
2002/9/23,19:50:50,安芸灘,34°04.3′N,132°30.7′E,45 km,2.8,震度１,34.07166667,132.5116667
2002/9/23,21:53:36,トカラ列島近海,29°49.9′N,129°48.4′E,0 km,,震度１,29.83166667,129.8066667
2002/9/23,22:36:36,長野県中部,36°24.6′N,138°02.0′E,6 km,3,震度２,36.41,138.0333333
2002/9/23,23:31:38,長野県中部,36°24.7′N,138°02.1′E,6 km,2.3,震度１,36.41166667,138.035
2002/9/24,9:20:39,天草灘,31°59.1′N,130°00.0′E,10 km,3.8,震度２,31.985,130
2002/9/24,21:46:18,福島県沖,37°30.8′N,142°36.6′E,23 km,5,震度１,37.51333333,142.61
2002/9/25,0:35:21,岩手県沿岸北部,39°45.4′N,141°50.1′E,58 km,3.7,震度１,39.75666667,141.835
2002/9/25,13:20:16,山梨県中・西部,35°25.3′N,138°31.4′E,25 km,3.1,震度１,35.42166667,138.5233333
2002/9/25,13:34:07,宮城県北部,38°50.1′N,141°02.0′E,10 km,2.2,震度２,38.835,141.0333333
2002/9/25,14:45:09,伊予灘,33°36.7′N,131°56.7′E,71 km,4,震度２,33.61166667,131.945
2002/9/26,14:53:58,岡山県北部,35°03.5′N,134°00.6′E,15 km,3.1,震度１,35.05833333,134.01
2002/9/26,19:12:51,日高地方西部,42°33.1′N,142°18.9′E,97 km,4.4,震度２,42.55166667,142.315
2002/9/27,2:01:06,長野県南部,35°49.5′N,138°02.4′E,9 km,2.4,震度１,35.825,138.04
2002/9/27,3:02:14,八丈島近海,33°18.8′N,139°29.4′E,25 km,3.8,震度１,33.31333333,139.49
2002/9/27,23:24:53,和歌山県北部,34°11.4′N,135°12.6′E,4 km,2.4,震度１,34.19,135.21
2002/9/28,0:16:17,滋賀県南部,35°06.6′N,135°54.3′E,9 km,2,震度１,35.11,135.905
2002/9/28,2:31:15,茨城県沖,36°44.4′N,141°17.4′E,46 km,4.2,震度２,36.74,141.29
2002/9/28,7:18:27,高知県西部,32°47.3′N,132°50.4′E,8 km,3.3,震度１,32.78833333,132.84
2002/9/28,14:17:58,秋田県沖,40°05.3′N,138°57.3′E,19 km,4.5,震度１,40.08833333,138.955
2002/9/28,23:16:28,根室半島南東沖,43°03.6′N,146°06.2′E,43 km,4.6,震度１,43.06,146.1033333
2002/9/29,8:31:07,愛知県西部,35°22.6′N,136°55.0′E,8 km,2.2,震度１,35.37666667,136.9166667
2002/9/29,21:47:47,島根県東部,35°10.0′N,133°06.9′E,6 km,2.2,震度１,35.16666667,133.115
2002/9/30,1:16:39,宮崎県北部平野部,32°33.8′N,131°39.0′E,16 km,2.9,震度１,32.56333333,131.65
2002/9/30,10:53:59,千葉県南東沖,34°57.3′N,140°06.3′E,65 km,4.2,震度２,34.955,140.105
2002/9/30,13:03:22,島根県東部,35°10.1′N,133°06.8′E,6 km,2.7,震度２,35.16833333,133.1133333
2002/10/1,0:56:06,奄美大島北東沖,29°12.6′N,130°02.6′E,66 km,4.6,震度１,29.21,130.0433333
2002/10/1,4:41:24,鳥取県中部,35°22.4′N,133°44.7′E,7 km,2.8,震度１,35.37333333,133.745
2002/10/1,7:08:11,沖縄本島近海,26°52.0′N,128°25.8′E,37 km,3.6,震度１,26.86666667,128.43
2002/10/1,9:05:54,神奈川県西部,35°25.7′N,139°01.1′E,23 km,3.3,震度２,35.42833333,139.0183333
2002/10/1,16:59:29,沖縄本島近海,27°28.8′N,128°43.2′E,10 km,2.7,震度１,27.48,128.72
2002/10/2,16:33:42,択捉島付近,44°22.6′N,146°44.6′E,119 km,5.1,震度２,44.37666667,146.7433333
2002/10/2,23:01:05,千葉県東方沖,35°18.0′N,140°36.1′E,17 km,3.6,震度１,35.3,140.6016667
2002/10/2,23:23:37,長野県中部,36°11.2′N,137°59.9′E,6 km,2.2,震度２,36.18666667,137.9983333
2002/10/3,0:32:11,千葉県東方沖,35°17.5′N,140°35.0′E,28 km,3.5,震度１,35.29166667,140.5833333
2002/10/3,4:36:06,長野県南部,35°29.9′N,137°45.9′E,7 km,2.4,震度１,35.49833333,137.765
2002/10/3,17:10:14,青森県東方沖,40°39.9′N,142°27.3′E,58 km,3.6,震度１,40.665,142.455
2002/10/3,19:29:21,島根県東部,35°23.9′N,133°16.1′E,9 km,2.1,震度１,35.39833333,133.2683333
2002/10/4,13:05:54,長野県中部,36°11.4′N,137°59.9′E,6 km,2.8,震度３,36.19,137.9983333
2002/10/4,13:17:33,長野県中部,36°11.4′N,138°00.1′E,6 km,2.3,震度１,36.19,138.0016667
2002/10/5,2:33:02,宮古島北西沖,25°38.5′N,124°51.3′E,23 km,5.1,震度１,25.64166667,124.855
2002/10/5,4:43:00,奈良県,34°07.0′N,135°40.9′E,57 km,2.9,震度１,34.11666667,135.6816667
2002/10/5,5:21:03,千葉県東方沖,35°16.6′N,140°35.6′E,27 km,3.5,震度１,35.27666667,140.5933333
2002/10/5,6:30:49,千葉県東方沖,35°18.5′N,140°33.1′E,30 km,3.1,震度１,35.30833333,140.5516667
2002/10/5,7:33:55,千葉県東方沖,35°19.1′N,140°33.1′E,29 km,3.7,震度２,35.31833333,140.5516667
2002/10/6,3:59:52,奄美大島近海,28°16.9′N,129°28.8′E,34 km,3.2,震度１,28.28166667,129.48
2002/10/6,7:30:30,千葉県東方沖,35°17.9′N,140°32.5′E,29 km,3.2,震度１,35.29833333,140.5416667
2002/10/6,14:44:24,紀伊水道,34°09.1′N,135°10.7′E,7 km,2.6,震度２,34.15166667,135.1783333
2002/10/6,16:24:51,千島列島,45°17.8′N,149°47.3′E,169 km,5,震度１,45.29666667,149.7883333
2002/10/6,18:41:59,長野県中部,36°11.0′N,138°00.4′E,7 km,2.2,震度１,36.18333333,138.0066667
2002/10/6,22:36:27,長野県中部,36°11.0′N,138°00.2′E,6 km,1.9,震度１,36.18333333,138.0033333
2002/10/7,2:29:15,長野県中部,36°11.1′N,138°00.4′E,7 km,2.3,震度１,36.185,138.0066667
2002/10/7,3:44:31,千葉県東方沖,35°14.7′N,140°39.0′E,27 km,3.3,震度１,35.245,140.65
2002/10/7,5:05:37,福岡県筑後地方,33°25.8′N,130°46.4′E,8 km,2.2,震度１,33.43,130.7733333
2002/10/7,8:08:18,紀伊水道,33°49.5′N,134°58.2′E,12 km,3.4,震度２,33.825,134.97
2002/10/7,9:16:49,伊豆半島東方沖,35°05.0′N,139°06.6′E,0 km,2.2,震度１,35.08333333,139.11
2002/10/7,11:00:55,伊豆半島東方沖,35°05.1′N,139°06.1′E,0 km,2.2,震度１,35.085,139.1016667
2002/10/7,15:29:07,伊豆半島東方沖,35°05.0′N,139°06.3′E,1 km,2.1,震度１,35.08333333,139.105
2002/10/7,17:38:13,紀伊水道,33°49.6′N,134°58.1′E,12 km,3.3,震度１,33.82666667,134.9683333
2002/10/8,5:22:31,長野県中部,36°11.1′N,138°00.2′E,6 km,2.1,震度１,36.185,138.0033333
2002/10/8,14:02:50,熊本県天草・芦北地方,32°28.6′N,130°34.0′E,10 km,3.5,震度２,32.47666667,130.5666667
2002/10/8,17:27:36,熊本県天草・芦北地方,32°28.7′N,130°34.0′E,10 km,3.2,震度１,32.47833333,130.5666667
2002/10/8,18:48:34,与那国島近海,23°56.3′N,122°51.8′E,6 km,4.7,震度１,23.93833333,122.8633333
2002/10/9,7:13:32,紀伊水道,34°03.4′N,135°06.3′E,6 km,2.2,震度１,34.05666667,135.105
2002/10/9,7:20:26,鳥取県中部,35°21.4′N,133°44.4′E,8 km,3.3,震度２,35.35666667,133.74
2002/10/10,3:37:10,鳥取県中部,35°22.4′N,133°45.5′E,7 km,2.6,震度１,35.37333333,133.7583333
2002/10/11,2:22:07,胆振地方中東部,42°40.8′N,142°00.2′E,12 km,3.5,震度２,42.68,142.0033333
2002/10/11,4:15:28,愛媛県南予,33°30.0′N,132°32.4′E,42 km,3.4,震度１,33.5,132.54
2002/10/11,10:04:00,福島県沖,37°43.6′N,142°47.9′E,27 km,5.4,震度２,37.72666667,142.7983333
2002/10/11,13:01:01,宮城県沖,38°58.3′N,142°31.6′E,28 km,4.1,震度１,38.97166667,142.5266667
2002/10/11,22:33:22,新島・神津島近海,34°19.7′N,139°12.8′E,3 km,1.5,震度１,34.32833333,139.2133333
2002/10/12,10:36:04,熊本県天草・芦北地方,32°16.0′N,130°07.7′E,12 km,3.2,震度１,32.26666667,130.1283333
2002/10/12,19:59:32,福島県沖,37°45.8′N,142°46.0′E,29 km,5.8,震度３,37.76333333,142.7666667
2002/10/13,0:28:54,千葉県南部,35°12.2′N,140°16.3′E,12 km,2.4,震度１,35.20333333,140.2716667
2002/10/13,0:58:00,相模湾,35°16.4′N,139°29.9′E,110 km,3.9,震度２,35.27333333,139.4983333
2002/10/13,4:28:38,茨城県沖,36°26.0′N,140°41.6′E,54 km,3.9,震度２,36.43333333,140.6933333
2002/10/13,5:25:21,栃木県北部,36°44.4′N,139°27.3′E,5 km,2.4,震度２,36.74,139.455
2002/10/13,19:06:32,豊後水道,33°20.9′N,132°21.3′E,43 km,4.9,震度４,33.34833333,132.355
2002/10/13,20:17:57,豊後水道,33°21.2′N,132°21.1′E,42 km,3.9,震度２,33.35333333,132.3516667
2002/10/14,2:07:03,岩手県沖,40°21.0′N,142°04.7′E,50 km,3.8,震度２,40.35,142.0783333
2002/10/14,6:48:29,茨城県南部,36°03.0′N,139°55.5′E,44 km,3.2,震度１,36.05,139.925
2002/10/14,13:04:09,胆振地方中東部,42°39.7′N,141°52.3′E,11 km,2.4,震度１,42.66166667,141.8716667
2002/10/14,15:13:42,島根県東部,35°13.4′N,133°07.7′E,13 km,3,震度１,35.22333333,133.1283333
2002/10/14,23:12:43,青森県東方沖,41°09.1′N,142°16.8′E,53 km,6.1,震度５弱,41.15166667,142.28
2002/10/15,17:29:34,千葉県南部,35°14.4′N,140°20.1′E,12 km,2.7,震度１,35.24,140.335
2002/10/16,13:04:34,千葉県東方沖,35°50.1′N,140°54.1′E,34 km,5,震度３,35.835,140.9016667
2002/10/16,13:55:09,茨城県沖,36°44.5′N,141°21.8′E,48 km,4,震度１,36.74166667,141.3633333
2002/10/16,17:14:33,長野県中部,36°25.0′N,138°03.4′E,8 km,2.5,震度１,36.41666667,138.0566667
2002/10/16,17:24:27,茨城県南部,36°11.6′N,140°00.9′E,53 km,3.5,震度１,36.19333333,140.015
2002/10/17,1:03:00,西表島付近,24°03.5′N,123°28.9′E,22 km,3.9,震度１,24.05833333,123.4816667
2002/10/17,3:12:02,三宅島近海,34°02.8′N,139°25.5′E,13 km,2.7,震度１,34.04666667,139.425
2002/10/17,17:24:10,広島県北部,35°00.7′N,132°53.0′E,7 km,3.1,震度２,35.01166667,132.8833333
2002/10/18,10:10:38,千葉県南部,35°10.2′N,140°13.8′E,12 km,3,震度２,35.17,140.23
2002/10/18,12:18:41,紀伊水道,34°03.4′N,135°06.6′E,6 km,2.5,震度１,34.05666667,135.11
2002/10/18,12:41:13,四国沖,33°25.2′N,134°38.5′E,39 km,3.6,震度１,33.42,134.6416667
2002/10/19,5:26:49,浦河沖,42°07.4′N,142°13.6′E,80 km,4.4,震度２,42.12333333,142.2266667
2002/10/19,9:07:17,鳥取県西部,35°15.1′N,133°22.4′E,9 km,2.5,震度１,35.25166667,133.3733333
2002/10/19,12:27:02,島根県西部,34°43.4′N,132°04.4′E,13 km,3,震度１,34.72333333,132.0733333
2002/10/19,17:58:35,新潟県上越地方,37°04.5′N,138°25.2′E,14 km,2.5,震度２,37.075,138.42
2002/10/19,22:50:40,小笠原諸島西方沖,27°46.4′N,140°19.6′E,509 km,5.4,震度１,27.77333333,140.3266667
2002/10/20,0:26:44,愛知県西部,34°54.1′N,136°51.0′E,16 km,3.1,震度１,34.90166667,136.85
2002/10/20,19:17:08,長野県中部,36°11.2′N,138°00.2′E,5 km,2.2,震度１,36.18666667,138.0033333
2002/10/20,23:27:50,熊本県熊本地方,32°55.1′N,130°51.2′E,8 km,1.9,震度１,32.91833333,130.8533333
2002/10/21,1:06:01,茨城県沖,36°22.1′N,141°07.4′E,50 km,5.4,震度３,36.36833333,141.1233333
2002/10/21,2:04:48,和歌山県北部,34°03.1′N,135°15.2′E,8 km,2.4,震度１,34.05166667,135.2533333
2002/10/21,8:10:41,島根県東部,35°24.6′N,133°15.9′E,10 km,2.3,震度２,35.41,133.265
2002/10/22,4:00:20,茨城県沖,36°22.8′N,141°06.7′E,48 km,4.1,震度１,36.38,141.1116667
2002/10/22,15:23:20,トカラ列島近海,29°46.2′N,129°52.2′E,8 km,3,震度２,29.77,129.87
2002/10/23,6:22:30,島根県東部,35°09.0′N,132°40.4′E,11 km,4,震度３,35.15,132.6733333
2002/10/24,0:34:54,千葉県南東沖,35°03.5′N,140°08.5′E,64 km,3.2,震度１,35.05833333,140.1416667
2002/10/24,0:46:13,八丈島近海,33°16.2′N,139°19.0′E,24 km,4.3,震度１,33.27,139.3166667
2002/10/24,4:11:55,トカラ列島近海,29°46.1′N,129°52.2′E,6 km,2.3,震度２,29.76833333,129.87
2002/10/24,6:13:15,鳥取県西部,35°20.3′N,133°24.1′E,12 km,3.3,震度２,35.33833333,133.4016667
2002/10/24,9:52:46,鳥取県西部,35°20.3′N,133°24.1′E,12 km,3.4,震度３,35.33833333,133.4016667
2002/10/25,5:00:39,秋田県沖,39°49.1′N,139°57.5′E,20 km,4.5,震度３,39.81833333,139.9583333
2002/10/25,15:04:53,トカラ列島近海,29°46.3′N,129°52.2′E,8 km,2.8,震度２,29.77166667,129.87
2002/10/25,15:33:41,駿河湾,34°41.4′N,138°33.6′E,20 km,3.2,震度１,34.69,138.56
2002/10/25,19:49:17,茨城県沖,36°44.7′N,141°22.4′E,49 km,4.1,震度２,36.745,141.3733333
2002/10/25,23:40:53,種子島近海,30°30.2′N,130°11.7′E,115 km,5.2,震度２,30.50333333,130.195
2002/10/26,19:43:28,福島県沖,37°03.9′N,141°12.3′E,51 km,4.6,震度３,37.065,141.205
2002/10/27,1:50:54,岐阜県美濃中西部,35°34.3′N,136°28.2′E,15 km,3.1,震度２,35.57166667,136.47
2002/10/27,13:27:15,千葉県南部,35°11.5′N,140°14.2′E,13 km,2.9,震度２,35.19166667,140.2366667
2002/10/28,11:15:16,島根県東部,35°10.0′N,133°06.9′E,5 km,2.6,震度２,35.16666667,133.115
2002/10/28,12:33:08,八丈島近海,33°15.4′N,139°22.7′E,30 km,4.8,震度１,33.25666667,139.3783333
2002/10/28,13:14:57,大分県中部,33°19.3′N,131°28.9′E,10 km,2.3,震度１,33.32166667,131.4816667
2002/10/28,21:59:29,石川県能登地方,37°20.6′N,136°55.0′E,11 km,2.9,震度１,37.34333333,136.9166667
2002/10/28,22:04:17,愛知県西部,35°15.6′N,136°55.0′E,6 km,2.7,震度１,35.26,136.9166667
2002/10/29,8:26:35,日高地方東部,42°19.3′N,142°59.7′E,54 km,4.2,震度２,42.32166667,142.995
2002/10/29,17:24:04,山口県東部,34°16.6′N,131°58.5′E,13 km,3.3,震度２,34.27666667,131.975
2002/10/29,18:55:34,奈良県,34°09.1′N,135°44.3′E,55 km,3.9,震度３,34.15166667,135.7383333
2002/10/30,14:34:10,長野県中部,36°18.4′N,138°17.5′E,7 km,2.5,震度２,36.30666667,138.2916667
2002/10/30,15:47:46,奈良県,34°08.9′N,135°53.5′E,54 km,2.5,震度１,34.14833333,135.8916667
2002/10/30,20:07:30,周防灘,33°46.8′N,131°06.1′E,8 km,3,震度１,33.78,131.1016667
2002/10/30,21:02:20,長野県中部,36°18.5′N,138°17.6′E,7 km,2.1,震度１,36.30833333,138.2933333
2002/10/30,23:10:24,長野県中部,36°18.5′N,138°17.4′E,7 km,2,震度１,36.30833333,138.29
2002/10/31,0:41:07,トカラ列島近海,29°47.8′N,129°50.4′E,7 km,2.1,震度１,29.79666667,129.84
2002/10/31,12:15:44,日高地方西部,42°52.8′N,142°43.8′E,114 km,4.2,震度２,42.88,142.73
2002/10/31,12:51:31,千葉県東方沖,35°22.6′N,140°26.6′E,28 km,3,震度１,35.37666667,140.4433333
2002/10/31,15:21:04,福井県嶺北,36°09.7′N,136°16.2′E,13 km,3,震度２,36.16166667,136.27
2002/11/1,1:10:01,根室半島南東沖,43°19.9′N,145°57.9′E,96 km,4.2,震度１,43.33166667,145.965
2002/11/1,3:46:57,千葉県東方沖,35°33.5′N,141°04.8′E,39 km,4.5,震度１,35.55833333,141.08
2002/11/1,14:58:52,栃木県北部,36°56.3′N,139°39.8′E,7 km,3.1,震度１,36.93833333,139.6633333
2002/11/1,19:05:00,宮城県沖,38°37.1′N,141°54.2′E,47 km,3.3,震度１,38.61833333,141.9033333
2002/11/1,23:30:24,和歌山県北部,34°13.9′N,135°26.3′E,8 km,2.6,震度１,34.23166667,135.4383333
2002/11/2,9:52:29,岩手県沖,40°21.2′N,142°04.6′E,50 km,3.7,震度２,40.35333333,142.0766667
2002/11/2,18:15:00,浦河沖,42°02.0′N,142°35.1′E,63 km,3.6,震度１,42.03333333,142.585
2002/11/3,7:06:58,千葉県東方沖,35°31.3′N,140°37.3′E,44 km,3.5,震度２,35.52166667,140.6216667
2002/11/3,7:29:21,奄美大島近海,28°02.1′N,130°25.5′E,47 km,4.3,震度１,28.035,130.425
2002/11/3,10:52:13,青森県東方沖,41°29.5′N,142°00.5′E,63 km,4,震度２,41.49166667,142.0083333
2002/11/3,12:37:44,宮城県沖,38°53.7′N,142°08.3′E,46 km,6.3,震度５弱,38.895,142.1383333
2002/11/3,12:39:36,宮城県沖,38°54.6′N,142°07.0′E,43 km,4.5,震度２,38.91,142.1166667
2002/11/3,13:47:14,宮城県沖,38°54.8′N,142°06.9′E,44 km,4.1,震度１,38.91333333,142.115
2002/11/3,14:54:16,宮城県沖,38°50.2′N,142°10.9′E,42 km,3.9,震度２,38.83666667,142.1816667
2002/11/3,19:37:53,愛知県東部,35°07.3′N,137°46.6′E,45 km,3.7,震度２,35.12166667,137.7766667
2002/11/4,0:01:30,瀬戸内海中部,34°10.0′N,133°05.5′E,15 km,3.1,震度１,34.16666667,133.0916667
2002/11/4,4:14:44,宮城県沖,38°50.2′N,142°07.9′E,44 km,4.8,震度３,38.83666667,142.1316667
2002/11/4,8:10:58,埼玉県南部,35°55.7′N,139°40.9′E,86 km,3.5,震度１,35.92833333,139.6816667
2002/11/4,9:13:43,奄美大島近海,28°27.6′N,129°15.5′E,49 km,3.4,震度１,28.46,129.2583333
2002/11/4,13:36:00,日向灘,32°24.7′N,131°52.1′E,35 km,5.9,震度５弱,32.41166667,131.8683333
2002/11/4,21:58:52,宮城県沖,38°49.1′N,142°09.3′E,42 km,3.4,震度１,38.81833333,142.155
2002/11/5,17:42:55,西表島付近,23°57.9′N,123°34.4′E,32 km,4.4,震度２,23.965,123.5733333
2002/11/6,8:23:50,和歌山県南部,33°55.5′N,135°27.1′E,54 km,3.6,震度２,33.925,135.4516667
2002/11/6,10:04:24,長野県南部,35°50.1′N,137°35.1′E,7 km,2.5,震度２,35.835,137.585
2002/11/7,5:56:09,日向灘,32°25.5′N,131°52.1′E,35 km,3.5,震度２,32.425,131.8683333
2002/11/7,13:39:49,浦河沖,41°56.6′N,142°19.4′E,67 km,3.5,震度１,41.94333333,142.3233333
2002/11/8,5:52:11,奄美大島近海,28°08.3′N,130°23.7′E,29 km,3.5,震度１,28.13833333,130.395
2002/11/8,11:22:39,福島県浜通り,37°47.3′N,140°50.8′E,113 km,4.1,震度２,37.78833333,140.8466667
2002/11/8,13:47:02,島根県東部,35°18.3′N,133°18.3′E,8 km,2.5,震度１,35.305,133.305
2002/11/8,18:52:30,奄美大島北東沖,29°05.7′N,130°00.4′E,52 km,4.8,震度１,29.095,130.0066667
2002/11/8,20:54:42,日向灘,32°27.2′N,131°54.5′E,31 km,3.6,震度１,32.45333333,131.9083333
2002/11/8,22:54:10,茨城県北部,36°40.9′N,140°42.5′E,77 km,3.2,震度１,36.68166667,140.7083333
2002/11/9,1:17:35,東京湾,35°37.2′N,140°02.2′E,71 km,3.8,震度１,35.62,140.0366667
2002/11/10,13:18:45,京都府南部,35°07.0′N,135°31.2′E,8 km,2.7,震度１,35.11666667,135.52
2002/11/10,19:35:17,熊本県熊本地方,32°43.4′N,130°48.1′E,11 km,3.5,震度２,32.72333333,130.8016667
2002/11/10,19:37:51,熊本県熊本地方,32°43.5′N,130°48.2′E,11 km,2.9,震度１,32.725,130.8033333
2002/11/10,23:21:43,熊本県熊本地方,32°43.4′N,130°48.0′E,11 km,2.7,震度１,32.72333333,130.8
2002/11/11,2:03:44,京都府南部,35°08.5′N,135°39.3′E,8 km,3.4,震度３,35.14166667,135.655
2002/11/11,6:25:40,和歌山県北部,34°06.3′N,135°10.7′E,6 km,3.3,震度２,34.105,135.1783333
2002/11/12,10:06:09,和歌山県南部,33°55.8′N,135°31.2′E,50 km,2.9,震度１,33.93,135.52
2002/11/12,13:46:12,茨城県沖,35°53.8′N,140°49.6′E,40 km,3.5,震度１,35.89666667,140.8266667
2002/11/13,22:59:54,鳥取県中部,35°25.8′N,133°55.1′E,10 km,2.8,震度１,35.43,133.9183333
2002/11/13,23:57:50,新潟県上越地方,37°02.2′N,138°21.5′E,8 km,2.6,震度１,37.03666667,138.3583333
2002/11/14,0:25:48,日向灘,32°27.4′N,131°52.3′E,34 km,3.4,震度１,32.45666667,131.8716667
2002/11/14,14:45:17,青森県東方沖,41°32.0′N,142°53.5′E,47 km,4,震度１,41.53333333,142.8916667
2002/11/15,7:29:05,石川県加賀地方,36°18.3′N,136°40.5′E,8 km,3.6,震度２,36.305,136.675
2002/11/15,7:35:33,石川県加賀地方,36°18.4′N,136°40.6′E,7 km,2.5,震度１,36.30666667,136.6766667
2002/11/15,9:08:17,石川県加賀地方,36°18.2′N,136°40.6′E,7 km,3.1,震度２,36.30333333,136.6766667
2002/11/16,12:19:53,宮城県北部,38°42.7′N,141°07.6′E,7 km,3.9,震度３,38.71166667,141.1266667
2002/11/16,12:44:34,青森県東方沖,41°25.1′N,141°45.7′E,68 km,3.5,震度１,41.41833333,141.7616667
2002/11/16,23:11:10,石川県加賀地方,36°18.4′N,136°40.5′E,8 km,3.2,震度３,36.30666667,136.675
2002/11/17,13:47:54,石川県加賀地方,36°18.1′N,136°40.4′E,8 km,4.7,震度４,36.30166667,136.6733333
2002/11/17,13:53:56,オホーツク海南部,47°07.6′N,146°49.6′E,496 km,7,震度３,47.12666667,146.8266667
2002/11/17,16:57:32,石川県加賀地方,36°18.4′N,136°40.7′E,7 km,3,震度２,36.30666667,136.6783333
2002/11/17,20:56:37,石川県加賀地方,36°18.4′N,136°41.0′E,7 km,2.9,震度２,36.30666667,136.6833333
2002/11/19,16:37:38,有明海,32°55.4′N,130°21.0′E,14 km,2.5,震度１,32.92333333,130.35
2002/11/19,18:36:16,滋賀県北部,35°27.2′N,136°18.3′E,14 km,3.9,震度２,35.45333333,136.305
2002/11/19,18:38:28,滋賀県北部,35°27.2′N,136°18.1′E,13 km,3.5,震度２,35.45333333,136.3016667
2002/11/20,8:38:45,房総半島南方沖,33°53.4′N,140°20.1′E,42 km,3.8,震度１,33.89,140.335
2002/11/20,13:38:41,山形県村山地方,38°28.8′N,140°31.2′E,9 km,3.3,震度１,38.48,140.52
2002/11/20,13:49:03,山形県村山地方,38°28.9′N,140°31.3′E,9 km,3.9,震度２,38.48166667,140.5216667
2002/11/20,19:46:13,福島県会津,37°05.2′N,139°22.5′E,7 km,3.3,震度１,37.08666667,139.375
2002/11/21,16:17:26,福井県嶺北,35°52.6′N,136°41.3′E,11 km,2.5,震度１,35.87666667,136.6883333
2002/11/21,19:06:11,大分県中部,33°14.4′N,131°48.0′E,80 km,3.6,震度１,33.24,131.8
2002/11/22,13:24:26,山梨県東部・富士五湖,35°32.7′N,138°59.9′E,20 km,3.2,震度１,35.545,138.9983333
2002/11/22,16:12:04,三河湾,34°48.7′N,137°13.4′E,38 km,3.1,震度１,34.81166667,137.2233333
2002/11/23,1:49:04,鳥取県西部,35°11.4′N,133°25.2′E,8 km,2.4,震度１,35.19,133.42
2002/11/23,3:27:00,和歌山県南部,33°52.4′N,135°35.8′E,26 km,3.4,震度２,33.87333333,135.5966667
2002/11/23,3:30:59,伊予灘,33°36.2′N,132°12.6′E,51 km,3.2,震度１,33.60333333,132.21
2002/11/24,5:14:40,岩手県沖,39°37.8′N,142°06.2′E,48 km,4.1,震度２,39.63,142.1033333
2002/11/24,14:07:56,奄美大島北東沖,29°14.9′N,130°33.9′E,74 km,5,震度２,29.24833333,130.565
2002/11/25,0:08:56,西表島付近,24°28.6′N,123°45.0′E,14 km,2.9,震度１,24.47666667,123.75
2002/11/25,0:24:51,新潟県上越地方,36°55.6′N,138°15.0′E,0 km,1.9,震度２,36.92666667,138.25
2002/11/26,1:20:01,和歌山県北部,34°11.1′N,135°21.4′E,7 km,2.4,震度１,34.185,135.3566667
2002/11/26,12:23:54,熊本県熊本地方,32°41.8′N,130°46.3′E,11 km,2.7,震度１,32.69666667,130.7716667
2002/11/27,0:40:20,八丈島東方沖,32°05.2′N,140°45.0′E,18 km,5.1,震度１,32.08666667,140.75
2002/11/27,15:22:26,三河湾,34°41.5′N,137°09.9′E,30 km,3.3,震度１,34.69166667,137.165
2002/11/28,10:07:37,山形県最上地方,38°35.5′N,140°07.8′E,9 km,2.3,震度１,38.59166667,140.13
2002/11/29,8:06:40,神奈川県西部,35°20.8′N,139°07.2′E,20 km,2.6,震度１,35.34666667,139.12
2002/11/29,12:42:00,熊本県熊本地方,32°51.4′N,130°40.6′E,10 km,2.2,震度１,32.85666667,130.6766667
2002/11/30,16:15:56,釧路沖,42°31.6′N,145°00.7′E,46 km,5.4,震度２,42.52666667,145.0116667
2002/11/30,22:05:38,和歌山県北部,34°02.5′N,135°16.0′E,8 km,2.9,震度１,34.04166667,135.2666667
2002/11/30,22:51:05,与那国島近海,23°41.8′N,123°20.2′E,46 km,5.4,震度２,23.69666667,123.3366667
2002/12/1,18:57:01,十勝沖,42°39.7′N,143°57.9′E,103 km,5.5,震度３,42.66166667,143.965
2002/12/1,19:48:08,岩手県沿岸北部,39°45.2′N,141°50.5′E,57 km,3.6,震度２,39.75333333,141.8416667
2002/12/1,22:27:59,東京都２３区,35°44.5′N,139°39.9′E,124 km,3.8,震度１,35.74166667,139.665
2002/12/1,23:37:56,千葉県南部,34°57.2′N,139°48.8′E,56 km,3.4,震度２,34.95333333,139.8133333
2002/12/2,8:02:30,宮城県沖,38°40.0′N,141°52.8′E,54 km,4.3,震度３,38.66666667,141.88
2002/12/3,3:29:54,福岡県北西沖,33°41.0′N,129°59.0′E,9 km,3.6,震度１,33.68333333,129.9833333
2002/12/4,8:09:35,長野県南部,35°52.2′N,137°35.6′E,8 km,4.5,震度４,35.87,137.5933333
2002/12/4,14:17:06,十勝沖,41°45.0′N,143°31.1′E,34 km,4.7,震度２,41.75,143.5183333
2002/12/4,19:48:49,石垣島近海,24°50.5′N,123°43.3′E,85 km,4.8,震度２,24.84166667,123.7216667
2002/12/4,23:37:38,西表島付近,24°15.0′N,123°37.4′E,16 km,4.6,震度２,24.25,123.6233333
2002/12/5,0:50:42,宮城県沖,38°42.6′N,142°19.0′E,40 km,5.3,震度３,38.71,142.3166667
2002/12/5,0:53:02,宮城県沖,38°43.1′N,142°15.7′E,37 km,4.9,震度３,38.71833333,142.2616667
2002/12/5,2:17:08,福島県沖,37°04.6′N,141°11.7′E,50 km,4.2,震度２,37.07666667,141.195
2002/12/5,5:22:44,茨城県南部,36°16.5′N,140°03.0′E,57 km,2.8,震度１,36.275,140.05
2002/12/5,6:09:24,岐阜県美濃中西部,35°44.7′N,137°07.1′E,12 km,3.2,震度１,35.745,137.1183333
2002/12/5,9:10:07,西表島付近,24°14.8′N,123°37.4′E,18 km,3.4,震度１,24.24666667,123.6233333
2002/12/5,16:46:27,熊本県熊本地方,32°51.1′N,130°39.6′E,9 km,2,震度１,32.85166667,130.66
2002/12/6,12:16:22,千葉県北西部,35°41.3′N,140°02.2′E,72 km,3.5,震度１,35.68833333,140.0366667
2002/12/6,18:57:59,釧路沖,42°48.3′N,144°47.4′E,53 km,3.5,震度１,42.805,144.79
2002/12/7,8:50:03,奄美大島近海,28°24.1′N,130°15.9′E,32 km,5.1,震度３,28.40166667,130.265
2002/12/7,22:15:04,静岡県中部,34°58.6′N,138°22.2′E,24 km,3.3,震度１,34.97666667,138.37
2002/12/7,22:38:19,青森県東方沖,40°37.1′N,142°03.6′E,41 km,3.8,震度１,40.61833333,142.06
2002/12/8,2:27:17,奄美大島近海,28°23.7′N,130°15.7′E,31 km,4,震度２,28.395,130.2616667
2002/12/8,17:15:56,西表島付近,24°15.5′N,123°37.5′E,19 km,4.1,震度１,24.25833333,123.625
2002/12/9,3:34:07,福島県沖,37°37.6′N,141°39.4′E,78 km,4.3,震度２,37.62666667,141.6566667
2002/12/9,19:26:52,奄美大島近海,28°22.8′N,130°16.3′E,32 km,4.3,震度２,28.38,130.2716667
2002/12/9,19:34:18,奄美大島近海,28°24.9′N,130°16.2′E,30 km,3.5,震度１,28.415,130.27
2002/12/9,20:14:36,山形県村山地方,38°14.6′N,140°23.0′E,8 km,2.5,震度１,38.24333333,140.3833333
2002/12/10,20:25:09,釧路沖,42°19.9′N,144°40.3′E,35 km,4.8,震度２,42.33166667,144.6716667
2002/12/11,13:56:15,西表島付近,24°15.4′N,123°37.1′E,19 km,3.9,震度１,24.25666667,123.6183333
2002/12/11,20:54:22,岩手県沖,40°09.5′N,142°28.0′E,34 km,4.2,震度１,40.15833333,142.4666667
2002/12/12,0:34:31,奈良県,34°03.5′N,135°38.9′E,51 km,3,震度２,34.05833333,135.6483333
2002/12/12,19:57:07,トカラ列島近海,29°47.3′N,129°51.9′E,7 km,2.9,震度２,29.78833333,129.865
2002/12/12,20:33:08,トカラ列島近海,29°46.4′N,129°51.7′E,7 km,2.6,震度２,29.77333333,129.8616667
2002/12/13,7:46:25,鳥取県西部,35°19.1′N,133°19.1′E,8 km,2.2,震度１,35.31833333,133.3183333
2002/12/13,19:57:08,十勝地方南部,42°20.7′N,143°09.7′E,47 km,3.9,震度１,42.345,143.1616667
2002/12/13,23:25:17,岩手県内陸南部,38°59.2′N,140°56.9′E,7 km,3.1,震度１,38.98666667,140.9483333
2002/12/14,4:38:12,茨城県沖,36°44.3′N,141°22.1′E,47 km,4.2,震度２,36.73833333,141.3683333
2002/12/14,5:15:25,茨城県沖,36°44.3′N,141°22.3′E,47 km,4.2,震度２,36.73833333,141.3716667
2002/12/15,4:04:55,岩手県内陸北部,40°04.6′N,141°22.4′E,12 km,3.1,震度１,40.07666667,141.3733333
2002/12/15,10:13:27,青森県東方沖,40°54.4′N,142°09.8′E,51 km,3.8,震度１,40.90666667,142.1633333
2002/12/15,13:37:33,和歌山県北部,34°13.8′N,135°10.1′E,7 km,2.5,震度１,34.23,135.1683333
2002/12/15,20:30:45,福島県沖,37°37.7′N,141°38.2′E,78 km,3.8,震度１,37.62833333,141.6366667
2002/12/17,7:17:13,和歌山県南部,33°32.0′N,135°35.9′E,11 km,4.4,震度２,33.53333333,135.5983333
2002/12/18,0:48:31,岩手県沖,40°06.9′N,142°27.0′E,35 km,4.2,震度２,40.115,142.45
2002/12/18,5:12:33,兵庫県南東部,34°51.9′N,135°24.7′E,10 km,3.1,震度１,34.865,135.4116667
2002/12/18,19:20:22,和歌山県北部,34°13.7′N,135°14.4′E,4 km,2.7,震度１,34.22833333,135.24
2002/12/19,13:18:07,熊本県熊本地方,32°33.9′N,130°39.7′E,8 km,3,震度２,32.565,130.6616667
2002/12/19,13:18:48,熊本県熊本地方,32°33.8′N,130°39.8′E,6 km,2.5,震度１,32.56333333,130.6633333
2002/12/19,17:06:53,沖縄本島近海,25°56.9′N,126°09.6′E,36 km,4.4,震度１,25.94833333,126.16
2002/12/19,21:19:18,青森県東方沖,40°53.3′N,143°07.6′E,14 km,4.8,震度２,40.88833333,143.1266667
2002/12/20,1:08:14,和歌山県北部,34°02.0′N,135°16.2′E,5 km,3.3,震度１,34.03333333,135.27
2002/12/20,1:23:31,宮古島近海,24°48.3′N,125°24.0′E,50 km,4.4,震度２,24.805,125.4
2002/12/20,3:48:58,安芸灘,33°58.5′N,132°43.8′E,46 km,3.5,震度２,33.975,132.73
2002/12/21,3:03:38,千葉県北西部,35°40.1′N,140°02.5′E,72 km,3.5,震度１,35.66833333,140.0416667
2002/12/21,11:38:16,長野県南部,35°52.5′N,137°35.1′E,7 km,3.1,震度２,35.875,137.585
2002/12/21,16:04:51,有明海,32°55.4′N,130°20.8′E,14 km,3.2,震度２,32.92333333,130.3466667
2002/12/22,15:55:18,トカラ列島近海,29°45.7′N,129°54.0′E,3 km,2.3,震度１,29.76166667,129.9
2002/12/22,18:36:38,長野県南部,35°52.5′N,137°35.1′E,7 km,2.7,震度２,35.875,137.585
2002/12/22,22:14:58,栃木県北部,36°44.9′N,139°40.8′E,2 km,1.4,震度１,36.74833333,139.68
2002/12/23,5:31:48,茨城県南部,36°12.2′N,139°59.0′E,55 km,4.2,震度３,36.20333333,139.9833333
2002/12/24,7:33:51,新島・神津島近海,34°14.7′N,139°10.8′E,12 km,2.6,震度１,34.245,139.18
2002/12/25,2:55:45,宮城県沖,38°28.9′N,141°59.5′E,80 km,3.4,震度１,38.48166667,141.9916667
2002/12/26,1:31:30,熊本県熊本地方,32°56.4′N,130°55.1′E,11 km,2.2,震度１,32.94,130.9183333
2002/12/26,4:31:38,奄美大島近海,28°47.4′N,129°23.4′E,3 km,4.4,震度１,28.79,129.39
2002/12/26,9:43:50,奄美大島近海,28°47.3′N,129°23.7′E,3 km,4.5,震度２,28.78833333,129.395
2002/12/27,7:51:57,熊本県熊本地方,32°32.1′N,130°42.1′E,10 km,2.8,震度１,32.535,130.7016667
2002/12/28,13:06:05,奄美大島近海,28°21.2′N,129°20.5′E,19 km,3.5,震度２,28.35333333,129.3416667
2002/12/28,16:01:39,和歌山県南部,33°49.0′N,135°51.5′E,50 km,2.9,震度１,33.81666667,135.8583333
2002/12/28,22:52:10,大分県中部,33°17.4′N,131°27.8′E,9 km,2.6,震度２,33.29,131.4633333
2002/12/29,0:38:37,石垣島北西沖,25°09.1′N,123°51.5′E,126 km,4,震度１,25.15166667,123.8583333
2002/12/29,3:38:19,奄美大島近海,28°47.3′N,129°23.5′E,4 km,4.8,震度２,28.78833333,129.3916667
2002/12/29,4:23:57,十勝沖,42°23.7′N,143°27.7′E,53 km,3.9,震度１,42.395,143.4616667
2002/12/29,18:20:52,新潟県下越沖,38°25.6′N,139°15.8′E,12 km,3.5,震度１,38.42666667,139.2633333
2002/12/30,12:08:20,神奈川県西部,35°12.7′N,139°01.0′E,0 km,2.8,震度２,35.21166667,139.0166667
2002/12/30,16:40:27,秋田県沿岸南部,39°18.4′N,140°08.0′E,13 km,3,震度１,39.30666667,140.1333333
2002/12/30,19:29:05,安芸灘,34°03.7′N,132°43.5′E,43 km,3.3,震度１,34.06166667,132.725
2002/12/30,20:21:30,十勝沖,42°30.9′N,143°28.0′E,59 km,3.6,震度１,42.515,143.4666667
2002/12/31,19:11:18,福島県沖,37°04.0′N,141°29.3′E,47 km,4.4,震度２,37.06666667,141.4883333
2002/12/31,20:31:57,宮城県北部,38°43.8′N,141°09.2′E,5 km,2.9,震度１,38.73,141.1533333
