date,time,epicenter,緯度,経度,depth,magnitude,maxshindo,lat,lng
2003/1/1,7:29:46,択捉島付近,44°43.1′N,146°17.3′E,203 km,5.1,震度２,44.71833333,146.2883333
2003/1/1,19:49:08,宮城県北部,38°43.7′N,141°09.2′E,5 km,2.7,震度２,38.72833333,141.1533333
2003/1/1,23:18:57,茨城県沖,36°25.8′N,140°39.6′E,55 km,3.6,震度２,36.43,140.66
2003/1/2,2:20:47,薩摩半島西方沖,31°09.4′N,130°22.9′E,147 km,3.9,震度１,31.15666667,130.3816667
2003/1/2,21:47:08,紀伊水道,34°03.6′N,135°06.7′E,6 km,2,震度１,34.06,135.1116667
2003/1/2,23:46:45,西表島付近,24°03.4′N,123°29.3′E,21 km,4,震度１,24.05666667,123.4883333
2003/1/3,4:39:00,福岡県筑後地方,33°07.4′N,130°29.2′E,13 km,2.6,震度１,33.12333333,130.4866667
2003/1/4,0:00:09,和歌山県北部,34°02.3′N,135°16.0′E,7 km,2.6,震度１,34.03833333,135.2666667
2003/1/4,19:48:46,奄美大島近海,28°04.0′N,129°25.1′E,41 km,3.6,震度１,28.06666667,129.4183333
2003/1/4,21:18:58,新島・神津島近海,34°10.7′N,139°16.9′E,14 km,2.7,震度１,34.17833333,139.2816667
2003/1/4,21:22:00,新島・神津島近海,34°11.2′N,139°16.8′E,15 km,3.1,震度２,34.18666667,139.28
2003/1/5,8:50:27,新島・神津島近海,34°10.6′N,139°16.8′E,15 km,2.7,震度１,34.17666667,139.28
2003/1/5,11:33:20,宮崎県南部山沿い,31°53.5′N,131°04.6′E,9 km,3.7,震度３,31.89166667,131.0766667
2003/1/5,18:47:04,愛知県西部,34°59.6′N,137°09.3′E,40 km,3.4,震度１,34.99333333,137.155
2003/1/5,18:50:54,宮城県沖,38°47.6′N,141°49.2′E,99 km,4.5,震度３,38.79333333,141.82
2003/1/6,13:41:29,茨城県南部,36°11.3′N,140°11.5′E,73 km,3.4,震度１,36.18833333,140.1916667
2003/1/6,13:42:53,青森県東方沖,41°04.0′N,142°21.1′E,45 km,5,震度３,41.06666667,142.3516667
2003/1/7,3:27:37,十勝地方南部,42°20.7′N,143°03.3′E,53 km,4.7,震度３,42.345,143.055
2003/1/7,20:44:19,宮城県沖,38°58.9′N,142°30.1′E,33 km,4.3,震度２,38.98166667,142.5016667
2003/1/8,3:06:20,奄美大島近海,27°55.0′N,130°10.1′E,52 km,3.7,震度１,27.91666667,130.1683333
2003/1/8,11:23:11,浦河沖,41°58.0′N,142°19.7′E,69 km,3.5,震度１,41.96666667,142.3283333
2003/1/9,5:19:47,宮古島北西沖,25°51.2′N,125°09.9′E,20 km,4.9,震度１,25.85333333,125.165
2003/1/9,5:20:59,山形県置賜地方,38°01.6′N,139°55.5′E,7 km,2.6,震度１,38.02666667,139.925
2003/1/9,6:12:43,滋賀県南部,35°16.6′N,135°53.7′E,14 km,2.9,震度１,35.27666667,135.895
2003/1/9,13:14:21,茨城県沖,36°25.2′N,141°07.7′E,47 km,4.7,震度３,36.42,141.1283333
2003/1/9,13:41:41,長野県中部,36°24.4′N,138°01.2′E,7 km,2.6,震度１,36.40666667,138.02
2003/1/9,20:47:31,高知県中部,33°41.7′N,133°43.3′E,38 km,3.5,震度１,33.695,133.7216667
2003/1/9,22:24:36,福島県沖,37°20.8′N,141°34.9′E,44 km,4.4,震度２,37.34666667,141.5816667
2003/1/10,17:06:53,島根県東部,35°24.3′N,133°15.1′E,9 km,3,震度２,35.405,133.2516667
2003/1/10,21:01:49,奄美大島近海,28°08.0′N,130°21.8′E,23 km,3.6,震度１,28.13333333,130.3633333
2003/1/11,5:23:12,滋賀県南部,35°09.4′N,135°56.9′E,12 km,2.7,震度１,35.15666667,135.9483333
2003/1/11,16:15:55,宮城県沖,38°10.5′N,141°40.7′E,50 km,3.5,震度１,38.175,141.6783333
2003/1/12,1:40:27,安芸灘,33°53.9′N,132°16.5′E,49 km,3.1,震度１,33.89833333,132.275
2003/1/12,9:19:59,石垣島近海,24°29.7′N,124°05.4′E,56 km,3.1,震度１,24.495,124.09
2003/1/12,12:28:31,安芸灘,33°57.2′N,132°23.7′E,49 km,3.5,震度１,33.95333333,132.395
2003/1/12,17:25:05,新島・神津島近海,34°20.2′N,139°09.6′E,0 km,1.9,震度２,34.33666667,139.16
2003/1/12,17:26:24,新島・神津島近海,34°19.4′N,139°10.4′E,3 km,1.6,震度２,34.32333333,139.1733333
2003/1/13,9:43:57,熊本県熊本地方,32°56.5′N,130°57.0′E,8 km,2.6,震度１,32.94166667,130.95
2003/1/13,13:38:53,青森県東方沖,41°33.2′N,141°49.4′E,71 km,4.2,震度２,41.55333333,141.8233333
2003/1/13,22:11:02,滋賀県南部,35°03.8′N,135°57.1′E,11 km,2.7,震度１,35.06333333,135.9516667
2003/1/13,23:42:02,橘湾,32°36.0′N,130°02.3′E,14 km,2.9,震度１,32.6,130.0383333
2003/1/14,3:05:18,徳島県北部,34°01.0′N,134°19.3′E,8 km,2.9,震度１,34.01666667,134.3216667
2003/1/14,22:15:51,山形県村山地方,38°13.6′N,139°58.5′E,8 km,2.8,震度１,38.22666667,139.975
2003/1/14,22:20:50,父島近海,27°42.2′N,141°42.1′E,72 km,4.6,震度１,27.70333333,141.7016667
2003/1/15,4:28:09,徳島県北部,34°01.0′N,134°19.3′E,6 km,3.1,震度１,34.01666667,134.3216667
2003/1/15,10:49:10,岩手県沖,40°23.0′N,142°04.5′E,26 km,3.9,震度１,40.38333333,142.075
2003/1/15,12:23:49,釧路沖,42°51.5′N,145°00.4′E,47 km,3.9,震度１,42.85833333,145.0066667
2003/1/15,12:52:46,茨城県沖,36°02.8′N,140°52.8′E,43 km,4.1,震度１,36.04666667,140.88
2003/1/15,18:02:32,浦河沖,41°58.3′N,142°33.2′E,62 km,4.3,震度３,41.97166667,142.5533333
2003/1/16,12:42:25,沖縄本島近海,27°19.3′N,128°53.1′E,27 km,5.3,震度２,27.32166667,128.885
2003/1/16,14:05:10,新島・神津島近海,34°32.6′N,139°19.5′E,14 km,2.8,震度２,34.54333333,139.325
2003/1/16,20:44:34,鳥取県西部,35°18.6′N,133°19.0′E,8 km,2.3,震度１,35.31,133.3166667
2003/1/16,21:27:19,島根県東部,35°18.6′N,133°18.9′E,8 km,2.4,震度１,35.31,133.315
2003/1/17,3:19:16,長野県南部,35°54.4′N,137°39.3′E,8 km,2.7,震度１,35.90666667,137.655
2003/1/17,6:27:04,青森県東方沖,41°30.0′N,142°08.4′E,47 km,3.4,震度１,41.5,142.14
2003/1/17,11:29:06,岩手県内陸北部,40°04.8′N,141°22.3′E,12 km,2.7,震度１,40.08,141.3716667
2003/1/18,13:57:36,島根県東部,35°06.4′N,132°42.4′E,11 km,3.3,震度１,35.10666667,132.7066667
2003/1/19,0:31:29,鹿児島県薩摩地方,31°58.2′N,130°27.1′E,8 km,3.6,震度３,31.97,130.4516667
2003/1/19,3:30:52,三重県南東沖,33°54.1′N,137°14.3′E,36 km,4.5,震度１,33.90166667,137.2383333
2003/1/19,4:22:23,和歌山県北部,34°13.9′N,135°12.3′E,7 km,2.6,震度１,34.23166667,135.205
2003/1/19,4:50:26,三重県南東沖,33°52.5′N,137°14.4′E,45 km,5.6,震度２,33.875,137.24
2003/1/19,5:49:27,三重県南東沖,33°52.4′N,137°14.8′E,40 km,4.5,震度１,33.87333333,137.2466667
2003/1/19,7:22:42,茨城県南部,36°08.6′N,139°43.6′E,61 km,3.2,震度１,36.14333333,139.7266667
2003/1/19,17:04:17,宮城県沖,38°50.4′N,142°07.3′E,43 km,3.9,震度１,38.84,142.1216667
2003/1/19,23:28:51,三重県南東沖,33°54.9′N,137°15.0′E,36 km,3.7,震度１,33.915,137.25
2003/1/20,6:53:30,新島・神津島近海,34°21.5′N,139°13.4′E,8 km,2.1,震度１,34.35833333,139.2233333
2003/1/20,22:05:46,茨城県沖,36°27.3′N,141°12.6′E,45 km,4.2,震度２,36.455,141.21
2003/1/21,6:07:36,和歌山県北部,34°13.8′N,135°10.2′E,6 km,3.4,震度２,34.23,135.17
2003/1/21,12:01:10,日高地方東部,42°13.8′N,142°55.0′E,55 km,3.6,震度１,42.23,142.9166667
2003/1/21,13:19:24,茨城県沖,36°21.8′N,141°01.7′E,47 km,5.1,震度３,36.36333333,141.0283333
2003/1/21,15:03:15,京都府南部,35°14.2′N,135°37.4′E,13 km,2.8,震度１,35.23666667,135.6233333
2003/1/21,18:03:09,和歌山県北部,34°13.8′N,135°10.0′E,4 km,2.1,震度１,34.23,135.1666667
2003/1/22,6:20:52,熊本県天草・芦北地方,32°18.7′N,130°26.7′E,9 km,2.8,震度１,32.31166667,130.445
2003/1/22,11:36:42,熊本県熊本地方,32°51.4′N,130°54.1′E,10 km,2.5,震度１,32.85666667,130.9016667
2003/1/22,23:57:40,沖縄本島近海,26°07.9′N,127°01.3′E,52 km,3.5,震度１,26.13166667,127.0216667
2003/1/23,10:10:24,島根県東部,35°07.1′N,132°43.2′E,11 km,2.6,震度１,35.11833333,132.72
2003/1/23,13:35:19,トカラ列島近海,29°18.5′N,129°01.1′E,10 km,3.8,震度２,29.30833333,129.0183333
2003/1/23,14:12:04,和歌山県南部,33°49.7′N,135°25.6′E,23 km,2.5,震度１,33.82833333,135.4266667
2003/1/23,21:42:37,三重県南東沖,33°54.2′N,137°16.2′E,35 km,4.5,震度３,33.90333333,137.27
2003/1/23,23:03:34,岩手県内陸南部,39°17.4′N,141°17.0′E,85 km,3.4,震度１,39.29,141.2833333
2003/1/24,5:23:37,東京湾,35°25.6′N,139°44.5′E,123 km,3.9,震度１,35.42666667,139.7416667
2003/1/24,7:56:47,トカラ列島近海,29°16.0′N,129°05.2′E,14 km,4.5,震度２,29.26666667,129.0866667
2003/1/24,16:48:38,内浦湾,41°57.6′N,140°57.7′E,10 km,3.1,震度１,41.96,140.9616667
2003/1/24,16:57:18,福井県嶺北,35°47.8′N,136°18.9′E,11 km,3.2,震度１,35.79666667,136.315
2003/1/24,22:10:43,長野県南部,35°56.3′N,137°31.4′E,9 km,2.5,震度２,35.93833333,137.5233333
2003/1/25,12:40:01,新島・神津島近海,34°23.8′N,139°15.4′E,7 km,1.7,震度１,34.39666667,139.2566667
2003/1/26,0:50:51,大分県西部,33°06.2′N,131°11.6′E,5 km,3.1,震度１,33.10333333,131.1933333
2003/1/26,3:18:45,長野県南部,35°56.3′N,137°31.4′E,8 km,2.7,震度２,35.93833333,137.5233333
2003/1/26,5:14:09,長野県南部,35°56.2′N,137°31.3′E,8 km,2,震度１,35.93666667,137.5216667
2003/1/26,11:08:57,和歌山県北部,33°51.2′N,135°24.4′E,47 km,3.4,震度２,33.85333333,135.4066667
2003/1/26,22:25:49,長野県北部,36°31.0′N,138°07.2′E,12 km,2.1,震度１,36.51666667,138.12
2003/1/27,2:22:50,宮城県沖,38°51.3′N,142°03.1′E,46 km,3.9,震度２,38.855,142.0516667
2003/1/27,11:44:20,千葉県東方沖,35°24.7′N,140°25.5′E,59 km,3.5,震度１,35.41166667,140.425
2003/1/27,14:17:41,奈良県,34°25.7′N,135°52.5′E,10 km,2.3,震度１,34.42833333,135.875
2003/1/27,16:16:41,宮城県沖,38°46.4′N,142°16.8′E,36 km,4.6,震度２,38.77333333,142.28
2003/1/28,15:09:09,青森県東方沖,41°03.4′N,143°15.5′E,41 km,5,震度２,41.05666667,143.2583333
2003/1/28,20:09:45,青森県東方沖,41°19.9′N,142°04.3′E,25 km,4.6,震度３,41.33166667,142.0716667
2003/1/28,21:13:35,新潟県上中越沖,37°02.2′N,137°47.1′E,0 km,2.4,震度１,37.03666667,137.785
2003/1/30,3:13:20,新島・神津島近海,34°26.6′N,139°10.5′E,12 km,2.5,震度１,34.44333333,139.175
2003/1/30,9:28:53,宮城県沖,38°22.0′N,141°13.3′E,13 km,2.7,震度２,38.36666667,141.2216667
2003/1/30,9:35:26,石川県西方沖,36°28.1′N,136°21.0′E,13 km,3.1,震度１,36.46833333,136.35
2003/1/30,10:01:19,群馬県南部,36°24.4′N,139°08.8′E,16 km,3,震度１,36.40666667,139.1466667
2003/1/30,12:55:30,新島・神津島近海,34°12.0′N,139°14.2′E,15 km,2.4,震度１,34.2,139.2366667
2003/1/30,14:57:14,新島・神津島近海,34°12.2′N,139°15.1′E,13 km,3.5,震度３,34.20333333,139.2516667
2003/1/31,7:18:02,宮城県沖,38°21.9′N,141°13.3′E,13 km,3.3,震度３,38.365,141.2216667
2003/1/31,9:28:47,千葉県東方沖,35°24.6′N,140°26.3′E,63 km,3.9,震度２,35.41,140.4383333
2003/1/31,10:23:02,有明海,32°55.4′N,130°21.4′E,14 km,3,震度１,32.92333333,130.3566667
2003/1/31,10:57:25,熊本県熊本地方,32°35.1′N,130°43.9′E,4 km,2.1,震度１,32.585,130.7316667
2003/1/31,12:18:19,秋田県内陸北部,40°01.7′N,140°29.0′E,7 km,2.9,震度１,40.02833333,140.4833333
2003/1/31,17:53:42,茨城県南部,36°02.6′N,140°06.2′E,66 km,4.5,震度３,36.04333333,140.1033333
2003/2/1,3:15:18,茨城県南部,36°03.5′N,139°52.4′E,46 km,4.1,震度２,36.05833333,139.8733333
2003/2/1,16:16:23,福島県沖,37°18.3′N,141°02.4′E,78 km,4,震度１,37.305,141.04
2003/2/2,2:17:21,宮城県沖,38°18.7′N,141°54.0′E,45 km,4.1,震度１,38.31166667,141.9
2003/2/2,12:58:12,奄美大島近海,28°18.4′N,129°30.5′E,35 km,4,震度２,28.30666667,129.5083333
2003/2/2,17:21:08,島根県東部,35°25.1′N,133°14.8′E,10 km,2.1,震度１,35.41833333,133.2466667
2003/2/3,4:25:32,浦河沖,42°05.1′N,142°33.8′E,67 km,4.1,震度２,42.085,142.5633333
2003/2/3,6:50:54,愛知県東部,34°56.1′N,137°26.2′E,38 km,3.1,震度１,34.935,137.4366667
2003/2/3,10:31:25,日向灘,32°20.4′N,131°58.0′E,33 km,3.3,震度１,32.34,131.9666667
2003/2/3,11:40:23,埼玉県南部,35°55.2′N,139°48.1′E,79 km,3.3,震度１,35.92,139.8016667
2003/2/3,15:07:26,留萌地方中北部,44°20.5′N,141°43.6′E,0 km,1.9,震度１,44.34166667,141.7266667
2003/2/4,13:35:57,新潟県中越地方,37°38.3′N,139°07.3′E,0 km,2.8,震度２,37.63833333,139.1216667
2003/2/4,21:42:17,三重県南東沖,33°59.3′N,137°16.4′E,350 km,4.9,震度１,33.98833333,137.2733333
2003/2/5,1:37:32,岩手県沖,40°08.8′N,142°27.6′E,35 km,4.4,震度１,40.14666667,142.46
2003/2/5,12:42:47,石垣島近海,24°13.2′N,124°06.7′E,38 km,3.3,震度１,24.22,124.1116667
2003/2/6,2:37:04,京都府南部,35°05.0′N,135°33.8′E,15 km,4.2,震度３,35.08333333,135.5633333
2003/2/6,3:07:28,新潟県中越地方,37°14.9′N,138°36.8′E,12 km,2.9,震度３,37.24833333,138.6133333
2003/2/6,12:23:29,新島・神津島近海,34°11.1′N,139°11.2′E,13 km,2.3,震度１,34.185,139.1866667
2003/2/6,15:51:42,新島・神津島近海,34°19.9′N,139°09.4′E,0 km,1.6,震度１,34.33166667,139.1566667
2003/2/6,17:02:57,茨城県南部,36°02.6′N,140°05.7′E,62 km,3.4,震度１,36.04333333,140.095
2003/2/6,19:57:43,兵庫県南東部,34°51.1′N,134°54.1′E,12 km,3,震度１,34.85166667,134.9016667
2003/2/7,3:48:35,北海道東方沖,43°10.0′N,147°50.8′E,0 km,5.4,震度１,43.16666667,147.8466667
2003/2/7,9:19:52,鹿児島県薩摩地方,31°58.2′N,130°27.0′E,8 km,2.9,震度１,31.97,130.45
2003/2/7,13:06:44,愛知県西部,35°07.1′N,136°56.6′E,38 km,4.1,震度２,35.11833333,136.9433333
2003/2/8,4:55:16,安芸灘,33°55.6′N,132°18.1′E,53 km,3.5,震度１,33.92666667,132.3016667
2003/2/8,19:34:58,新島・神津島近海,34°20.3′N,139°08.1′E,0 km,1.8,震度１,34.33833333,139.135
2003/2/9,21:46:14,奈良県,34°25.4′N,135°53.8′E,6 km,2.7,震度２,34.42333333,135.8966667
2003/2/10,4:13:54,島根県西部,35°12.0′N,132°32.8′E,15 km,2.9,震度１,35.2,132.5466667
2003/2/10,10:50:23,宮崎県北部山沿い,32°32.0′N,131°04.3′E,147 km,3.9,震度１,32.53333333,131.0716667
2003/2/10,11:03:48,父島近海,26°57.4′N,142°15.9′E,48 km,4.2,震度２,26.95666667,142.265
2003/2/10,19:30:31,西表島付近,24°28.8′N,123°45.2′E,14 km,3,震度１,24.48,123.7533333
2003/2/10,22:25:31,茨城県沖,35°54.5′N,140°54.6′E,38 km,3.3,震度１,35.90833333,140.91
2003/2/11,6:15:26,茨城県沖,36°44.4′N,141°25.9′E,48 km,4.1,震度１,36.74,141.4316667
2003/2/11,18:34:21,福井県嶺北,36°03.4′N,136°20.4′E,6 km,3.9,震度３,36.05666667,136.34
2003/2/11,22:07:39,西表島付近,24°29.5′N,123°45.3′E,13 km,3,震度２,24.49166667,123.755
2003/2/12,2:33:59,佐渡付近,37°50.2′N,138°24.3′E,17 km,3.2,震度２,37.83666667,138.405
2003/2/12,8:28:01,千葉県北東部,35°44.3′N,140°42.7′E,51 km,3.5,震度１,35.73833333,140.7116667
2003/2/12,17:25:14,山梨県東部・富士五湖,35°32.3′N,138°56.8′E,10 km,2.9,震度１,35.53833333,138.9466667
2003/2/12,18:02:24,八丈島東方沖,33°45.2′N,140°48.5′E,61 km,4.6,震度２,33.75333333,140.8083333
2003/2/12,18:25:08,根室半島南東沖,43°14.0′N,145°52.8′E,88 km,4.2,震度１,43.23333333,145.88
2003/2/12,22:13:27,三宅島近海,34°03.7′N,139°23.3′E,16 km,5.1,震度４,34.06166667,139.3883333
2003/2/12,22:15:11,三宅島近海,34°03.9′N,139°22.7′E,14 km,3.4,震度１,34.065,139.3783333
2003/2/12,22:24:32,三宅島近海,34°04.1′N,139°23.1′E,12 km,2.7,震度１,34.06833333,139.385
2003/2/13,1:50:05,千葉県南部,35°12.8′N,140°14.6′E,39 km,3.6,震度３,35.21333333,140.2433333
2003/2/13,2:04:48,三宅島近海,34°03.7′N,139°22.9′E,13 km,3.2,震度１,34.06166667,139.3816667
2003/2/13,2:43:45,釧路地方北部,43°34.5′N,144°31.7′E,0 km,3.1,震度１,43.575,144.5283333
2003/2/13,4:17:49,釧路地方北部,43°34.5′N,144°31.7′E,0 km,3.6,震度２,43.575,144.5283333
2003/2/13,10:52:12,釧路地方北部,43°34.6′N,144°32.0′E,0 km,3.2,震度１,43.57666667,144.5333333
2003/2/13,10:53:57,長野県南部,35°50.7′N,137°34.7′E,8 km,2.9,震度３,35.845,137.5783333
2003/2/13,11:01:50,長野県南部,35°50.6′N,137°34.6′E,8 km,1.7,震度１,35.84333333,137.5766667
2003/2/13,12:12:31,長野県南部,35°50.6′N,137°34.7′E,8 km,1.5,震度１,35.84333333,137.5783333
2003/2/13,19:16:10,新島・神津島近海,34°20.5′N,139°07.9′E,0 km,2.1,震度１,34.34166667,139.1316667
2003/2/13,21:51:33,岩手県沖,40°21.1′N,142°04.9′E,50 km,3.5,震度１,40.35166667,142.0816667
2003/2/14,2:18:58,三宅島近海,34°03.9′N,139°23.6′E,14 km,3,震度１,34.065,139.3933333
2003/2/14,4:59:27,千葉県東方沖,35°49.0′N,140°54.1′E,29 km,3,震度１,35.81666667,140.9016667
2003/2/14,8:35:26,長野県南部,35°56.3′N,137°31.3′E,8 km,2.1,震度１,35.93833333,137.5216667
2003/2/14,10:53:36,茨城県沖,36°47.9′N,140°58.8′E,78 km,3.4,震度１,36.79833333,140.98
2003/2/14,10:54:42,茨城県沖,36°25.5′N,140°39.0′E,55 km,4.2,震度３,36.425,140.65
2003/2/14,11:26:48,有明海,32°46.4′N,130°28.0′E,11 km,3.4,震度２,32.77333333,130.4666667
2003/2/14,12:49:45,浦河沖,41°37.6′N,142°10.1′E,57 km,3.7,震度１,41.62666667,142.1683333
2003/2/14,13:39:19,宮崎県南部山沿い,31°51.9′N,131°02.8′E,8 km,2.9,震度１,31.865,131.0466667
2003/2/15,4:52:41,福島県会津,37°25.6′N,139°40.9′E,3 km,2.4,震度１,37.42666667,139.6816667
2003/2/16,12:03:51,福島県沖,37°24.1′N,141°08.9′E,63 km,5.2,震度３,37.40166667,141.1483333
2003/2/17,6:37:48,奄美大島近海,28°22.1′N,130°16.2′E,34 km,3.7,震度１,28.36833333,130.27
2003/2/17,7:54:41,和歌山県北部,34°11.5′N,135°22.9′E,8 km,3,震度１,34.19166667,135.3816667
2003/2/18,5:40:23,釧路沖,42°54.5′N,144°06.9′E,101 km,3.7,震度１,42.90833333,144.115
2003/2/18,14:12:29,千葉県東方沖,35°49.0′N,140°53.9′E,28 km,3,震度１,35.81666667,140.8983333
2003/2/19,9:24:49,北海道東方沖,43°15.6′N,147°15.6′E,42 km,4.6,震度１,43.26,147.26
2003/2/19,9:47:58,熊本県阿蘇地方,32°55.2′N,131°06.5′E,6 km,1.9,震度１,32.92,131.1083333
2003/2/19,14:01:41,留萌地方中北部,44°07.1′N,141°50.8′E,222 km,5.9,震度３,44.11833333,141.8466667
2003/2/19,18:36:11,奄美大島近海,28°17.4′N,130°13.1′E,30 km,3.6,震度２,28.29,130.2183333
2003/2/19,18:41:40,奄美大島近海,28°17.9′N,130°15.4′E,29 km,3.5,震度１,28.29833333,130.2566667
2003/2/20,3:25:58,福島県中通り,36°59.4′N,140°30.8′E,11 km,3.5,震度１,36.99,140.5133333
2003/2/20,6:19:32,千葉県東方沖,35°41.5′N,140°45.6′E,51 km,4.4,震度２,35.69166667,140.76
2003/2/21,22:42:01,新潟県中越地方,37°37.7′N,139°07.2′E,0 km,2.5,震度２,37.62833333,139.12
2003/2/22,12:34:36,石川県西方沖,36°29.5′N,136°19.3′E,17 km,3.6,震度２,36.49166667,136.3216667
2003/2/23,7:50:04,宮城県北部,38°31.5′N,141°06.0′E,11 km,2,震度１,38.525,141.1
2003/2/23,7:50:49,宮城県北部,38°31.4′N,141°05.9′E,10 km,2.1,震度１,38.52333333,141.0983333
2003/2/23,10:26:31,三宅島近海,34°03.2′N,139°22.8′E,17 km,3.5,震度２,34.05333333,139.38
2003/2/23,22:38:57,苫小牧沖,42°12.6′N,141°05.0′E,122 km,4.3,震度１,42.21,141.0833333
2003/2/24,2:00:09,浦河沖,41°56.1′N,142°26.4′E,65 km,4.7,震度３,41.935,142.44
2003/2/24,16:24:02,宮城県沖,38°32.2′N,141°43.1′E,53 km,3.5,震度２,38.53666667,141.7183333
2003/2/24,21:48:07,周防灘,33°49.4′N,131°17.4′E,17 km,3,震度１,33.82333333,131.29
2003/2/25,10:08:26,青森県東方沖,40°41.2′N,142°14.9′E,45 km,3.6,震度１,40.68666667,142.2483333
2003/2/25,18:12:08,石川県西方沖,36°29.3′N,136°19.6′E,17 km,2.7,震度１,36.48833333,136.3266667
2003/2/26,3:03:44,和歌山県南部,33°47.0′N,135°25.0′E,45 km,3.5,震度２,33.78333333,135.4166667
2003/2/27,1:53:52,紀伊水道,33°49.6′N,134°58.3′E,13 km,3.2,震度１,33.82666667,134.9716667
2003/2/27,5:31:44,宮城県北部,38°35.2′N,141°11.0′E,14 km,2.8,震度２,38.58666667,141.1833333
2003/2/27,10:16:37,秋田県内陸南部,39°27.1′N,140°36.6′E,11 km,2.9,震度１,39.45166667,140.61
2003/2/27,17:09:07,茨城県北部,36°28.6′N,140°31.7′E,59 km,3.6,震度２,36.47666667,140.5283333
2003/2/28,4:52:57,天草灘,32°32.6′N,129°55.7′E,14 km,3,震度１,32.54333333,129.9283333
2003/2/28,10:38:21,熊本県熊本地方,32°37.4′N,130°43.7′E,4 km,2.3,震度２,32.62333333,130.7283333
2003/2/28,19:59:29,宮崎県北部山沿い,32°44.8′N,131°17.3′E,14 km,2.6,震度１,32.74666667,131.2883333
2003/2/28,22:34:22,北海道南西沖,41°53.1′N,139°12.6′E,21 km,3.9,震度１,41.885,139.21
2003/3/1,10:06:16,父島近海,27°24.8′N,141°47.5′E,62 km,4.3,震度１,27.41333333,141.7916667
2003/3/1,11:49:45,日向灘,32°24.9′N,131°50.1′E,34 km,3.2,震度１,32.415,131.835
2003/3/1,22:16:34,択捉島南東沖,44°05.9′N,148°01.0′E,0 km,4.8,震度１,44.09833333,148.0166667
2003/3/2,13:28:50,山形県置賜地方,37°58.1′N,139°43.1′E,1 km,3.3,震度１,37.96833333,139.7183333
2003/3/3,0:07:46,浦河沖,42°00.5′N,142°35.2′E,61 km,3.9,震度１,42.00833333,142.5866667
2003/3/3,7:46:48,福島県沖,37°41.2′N,141°47.0′E,41 km,5.9,震度４,37.68666667,141.7833333
2003/3/4,8:27:44,広島県南西部,34°23.7′N,132°48.2′E,46 km,3,震度１,34.395,132.8033333
2003/3/4,14:57:06,北海道南西沖,41°53.2′N,139°13.0′E,22 km,4.1,震度１,41.88666667,139.2166667
2003/3/4,18:36:23,北海道南西沖,41°53.3′N,139°13.1′E,21 km,3.7,震度１,41.88833333,139.2183333
2003/3/4,21:19:03,岐阜県美濃中西部,35°26.3′N,136°43.5′E,9 km,2.2,震度１,35.43833333,136.725
2003/3/4,23:15:36,鳥取県東部,35°13.2′N,134°14.4′E,7 km,3.5,震度２,35.22,134.24
2003/3/4,23:43:34,愛知県東部,34°54.8′N,137°27.8′E,34 km,3.9,震度３,34.91333333,137.4633333
2003/3/5,1:14:07,青森県東方沖,41°22.6′N,141°57.4′E,32 km,3.6,震度１,41.37666667,141.9566667
2003/3/5,2:35:08,八丈島東方沖,32°49.4′N,140°40.7′E,59 km,4.2,震度１,32.82333333,140.6783333
2003/3/5,16:39:46,和歌山県北部,34°04.7′N,135°14.0′E,6 km,2.6,震度１,34.07833333,135.2333333
2003/3/5,23:46:02,和歌山県北部,34°12.1′N,135°16.7′E,5 km,2.6,震度１,34.20166667,135.2783333
2003/3/7,4:37:47,父島近海,27°12.6′N,142°36.3′E,50 km,,震度１,27.21,142.605
2003/3/7,10:50:27,根室半島南東沖,43°05.1′N,146°07.6′E,48 km,4.8,震度１,43.085,146.1266667
2003/3/7,15:31:10,熊本県熊本地方,32°43.1′N,130°52.4′E,14 km,3.5,震度２,32.71833333,130.8733333
2003/3/7,20:00:18,宮崎県北部山沿い,32°15.0′N,131°08.8′E,84 km,3.7,震度２,32.25,131.1466667
2003/3/7,23:52:33,鳥取県中部,35°21.5′N,133°44.1′E,8 km,3.1,震度１,35.35833333,133.735
2003/3/8,16:45:06,豊後水道,33°27.4′N,132°22.0′E,43 km,3.3,震度１,33.45666667,132.3666667
2003/3/8,20:02:49,千葉県東方沖,35°26.3′N,140°28.7′E,62 km,3.9,震度１,35.43833333,140.4783333
2003/3/8,23:33:05,茨城県沖,36°11.2′N,140°59.8′E,44 km,3.9,震度１,36.18666667,140.9966667
2003/3/9,8:12:54,渡島地方東部,41°56.6′N,140°49.6′E,122 km,4.5,震度１,41.94333333,140.8266667
2003/3/10,4:30:26,茨城県沖,36°28.6′N,140°57.7′E,44 km,3.7,震度１,36.47666667,140.9616667
2003/3/11,2:26:27,三重県北部,34°57.9′N,136°28.3′E,17 km,2.6,震度１,34.965,136.4716667
2003/3/11,15:19:21,胆振地方中東部,42°32.0′N,141°08.6′E,3 km,3.2,震度１,42.53333333,141.1433333
2003/3/12,0:17:21,新潟県上越地方,37°03.1′N,138°29.1′E,12 km,3.2,震度３,37.05166667,138.485
2003/3/12,3:29:52,和歌山県北部,34°07.7′N,135°09.7′E,6 km,2.4,震度１,34.12833333,135.1616667
2003/3/12,8:08:39,薩摩半島西方沖,31°55.9′N,130°10.7′E,10 km,2.9,震度２,31.93166667,130.1783333
2003/3/12,8:09:24,薩摩半島西方沖,31°55.9′N,130°10.8′E,9 km,2.7,震度１,31.93166667,130.18
2003/3/12,10:30:53,新島・神津島近海,34°13.8′N,139°07.4′E,9 km,2,震度１,34.23,139.1233333
2003/3/12,10:52:31,栃木県北部,36°37.7′N,139°26.0′E,8 km,2.5,震度１,36.62833333,139.4333333
2003/3/12,14:06:11,石川県西方沖,36°21.1′N,136°11.5′E,16 km,3.1,震度２,36.35166667,136.1916667
2003/3/13,3:04:43,沖縄本島北西沖,27°19.9′N,127°07.0′E,127 km,5.4,震度２,27.33166667,127.1166667
2003/3/13,3:10:23,長野県南部,35°47.4′N,137°24.0′E,8 km,2.9,震度２,35.79,137.4
2003/3/13,8:23:41,大阪府南部,34°29.2′N,135°31.5′E,9 km,2.3,震度１,34.48666667,135.525
2003/3/13,8:28:13,長野県南部,35°49.4′N,137°29.9′E,7 km,2.8,震度１,35.82333333,137.4983333
2003/3/13,12:12:58,茨城県南部,36°05.4′N,139°51.3′E,47 km,5,震度４,36.09,139.855
2003/3/13,18:39:08,新島・神津島近海,34°18.8′N,139°10.1′E,9 km,2.8,震度３,34.31333333,139.1683333
2003/3/13,18:39:55,新島・神津島近海,34°19.3′N,139°08.5′E,3 km,2.6,震度２,34.32166667,139.1416667
2003/3/13,21:04:56,福井県嶺南,35°31.1′N,135°58.4′E,14 km,4.2,震度３,35.51833333,135.9733333
2003/3/14,10:10:33,熊本県熊本地方,32°51.0′N,130°53.8′E,9 km,2.5,震度１,32.85,130.8966667
2003/3/14,22:50:08,鳥取県西部,35°19.2′N,133°19.0′E,7 km,2.1,震度１,35.32,133.3166667
2003/3/15,4:33:47,大分県中部,33°18.0′N,131°28.4′E,8 km,1.8,震度１,33.3,131.4733333
2003/3/15,22:41:03,浦河沖,41°53.1′N,142°29.7′E,63 km,4,震度１,41.885,142.495
2003/3/16,0:06:57,福島県沖,37°20.4′N,141°44.6′E,41 km,4.7,震度２,37.34,141.7433333
2003/3/16,1:23:23,新島・神津島近海,34°20.2′N,139°09.6′E,7 km,2.3,震度２,34.33666667,139.16
2003/3/16,7:42:48,トカラ列島近海,28°49.8′N,128°41.6′E,1 km,3.8,震度１,28.83,128.6933333
2003/3/16,14:35:28,十勝地方南部,42°29.8′N,143°00.3′E,100 km,4.7,震度３,42.49666667,143.005
2003/3/16,22:01:34,宮城県北部,38°31.5′N,141°05.9′E,12 km,3.2,震度２,38.525,141.0983333
2003/3/17,1:15:01,鳥取県西部,35°19.9′N,133°18.4′E,11 km,2.1,震度１,35.33166667,133.3066667
2003/3/17,2:22:17,奈良県,34°25.8′N,135°52.5′E,11 km,2.8,震度２,34.43,135.875
2003/3/17,5:22:07,奄美大島近海,28°11.5′N,130°14.8′E,29 km,3.4,震度１,28.19166667,130.2466667
2003/3/17,12:47:51,茨城県沖,36°27.8′N,140°54.2′E,52 km,3.7,震度１,36.46333333,140.9033333
2003/3/17,22:14:43,埼玉県北部,36°06.9′N,139°18.4′E,11 km,3.7,震度３,36.115,139.3066667
2003/3/18,11:27:56,西表島付近,24°13.6′N,123°36.5′E,18 km,3.5,震度１,24.22666667,123.6083333
2003/3/18,12:14:57,新潟県中越地方,37°03.8′N,138°45.2′E,12 km,2.9,震度１,37.06333333,138.7533333
2003/3/19,9:34:28,沖縄本島近海,27°28.1′N,128°37.6′E,42 km,3.8,震度２,27.46833333,128.6266667
2003/3/20,21:43:05,十勝地方北部,43°03.5′N,142°49.4′E,150 km,4.2,震度１,43.05833333,142.8233333
2003/3/21,1:33:14,宮崎県南部山沿い,31°52.0′N,131°02.9′E,8 km,2.8,震度１,31.86666667,131.0483333
2003/3/21,4:51:09,栃木県北部,36°40.6′N,139°29.7′E,7 km,2.1,震度１,36.67666667,139.495
2003/3/21,11:50:06,新島・神津島近海,34°13.2′N,139°14.8′E,14 km,2.7,震度１,34.22,139.2466667
2003/3/22,21:00:44,和歌山県北部,34°14.8′N,135°25.4′E,8 km,2.9,震度２,34.24666667,135.4233333
2003/3/23,4:09:27,和歌山県北部,34°14.9′N,135°25.6′E,8 km,3.5,震度３,34.24833333,135.4266667
2003/3/23,17:46:54,岩手県沖,40°15.6′N,142°29.7′E,34 km,3.9,震度１,40.26,142.495
2003/3/24,7:08:36,宮崎県北部平野部,32°06.6′N,131°26.8′E,19 km,2.7,震度１,32.11,131.4466667
2003/3/24,9:48:27,鳥取県西部,35°17.7′N,133°19.9′E,7 km,3.4,震度３,35.295,133.3316667
2003/3/24,10:47:11,鳥島近海,29°55.8′N,139°19.0′E,445 km,5.5,震度１,29.93,139.3166667
2003/3/24,17:08:33,日高地方中部,42°28.8′N,142°51.0′E,66 km,3.5,震度１,42.48,142.85
2003/3/24,17:30:27,福島県沖,37°46.9′N,141°45.3′E,39 km,4.1,震度１,37.78166667,141.755
2003/3/24,22:31:08,福島県中通り,37°05.6′N,140°26.1′E,84 km,3,震度１,37.09333333,140.435
2003/3/26,4:08:40,豊後水道,33°08.3′N,132°18.3′E,10 km,4.5,震度３,33.13833333,132.305
2003/3/26,12:45:57,茨城県南部,36°11.4′N,140°01.0′E,53 km,3.2,震度１,36.19,140.0166667
2003/3/26,19:36:10,岩手県沖,39°38.3′N,142°06.4′E,48 km,3.8,震度１,39.63833333,142.1066667
2003/3/27,10:10:38,岩手県沖,40°09.4′N,142°24.9′E,36 km,4.7,震度２,40.15666667,142.415
2003/3/27,13:47:48,島根県西部,34°49.0′N,132°08.2′E,13 km,4.1,震度３,34.81666667,132.1366667
2003/3/27,14:53:35,愛知県西部,35°16.1′N,137°03.0′E,42 km,3.8,震度２,35.26833333,137.05
2003/3/28,5:31:47,島根県東部,35°07.9′N,132°41.2′E,12 km,3.7,震度２,35.13166667,132.6866667
2003/3/28,11:19:40,三重県中部,34°33.5′N,136°23.7′E,10 km,2.8,震度１,34.55833333,136.395
2003/3/29,7:11:29,沖縄本島近海,26°48.5′N,127°53.2′E,59 km,4,震度２,26.80833333,127.8866667
2003/3/29,11:07:37,茨城県沖,36°31.2′N,141°06.8′E,43 km,3.9,震度１,36.52,141.1133333
2003/3/29,14:52:58,新島・神津島近海,34°15.2′N,139°14.1′E,11 km,2.5,震度２,34.25333333,139.235
2003/3/29,14:55:01,和歌山県北部,34°14.3′N,135°10.8′E,7 km,2.8,震度１,34.23833333,135.18
2003/3/30,3:46:16,和歌山県北部,34°02.5′N,135°15.7′E,7 km,2.7,震度１,34.04166667,135.2616667
2003/3/30,4:35:19,埼玉県北部,36°07.0′N,139°17.9′E,10 km,3.3,震度２,36.11666667,139.2983333
2003/3/30,13:53:11,熊本県熊本地方,32°43.0′N,130°52.1′E,14 km,3.6,震度２,32.71666667,130.8683333
2003/3/30,16:31:18,宮古島近海,24°44.7′N,125°26.1′E,47 km,3.2,震度１,24.745,125.435
2003/3/30,23:24:17,宮古島近海,24°45.0′N,125°26.2′E,47 km,3.2,震度１,24.75,125.4366667
2003/3/31,10:25:10,長野県南部,35°49.6′N,137°33.6′E,9 km,2.7,震度２,35.82666667,137.56
2003/3/31,22:15:16,広島県北部,34°54.4′N,132°39.1′E,7 km,2.3,震度１,34.90666667,132.6516667
2003/4/1,2:12:30,宮崎県南部平野部,32°01.8′N,131°28.6′E,18 km,2.5,震度１,32.03,131.4766667
2003/4/1,8:42:49,熊本県熊本地方,32°43.1′N,130°52.3′E,14 km,3,震度１,32.71833333,130.8716667
2003/4/1,9:25:29,長野県南部,35°56.5′N,137°31.3′E,8 km,4.4,震度４,35.94166667,137.5216667
2003/4/1,12:11:53,和歌山県北部,34°16.1′N,135°28.1′E,68 km,3.9,震度２,34.26833333,135.4683333
2003/4/1,12:56:54,長野県南部,35°56.5′N,137°31.5′E,8 km,2.5,震度１,35.94166667,137.525
2003/4/2,1:38:31,島根県東部,35°07.1′N,132°43.1′E,11 km,4.4,震度３,35.11833333,132.7183333
2003/4/2,19:26:12,北海道南西沖,41°57.5′N,139°29.9′E,15 km,4.1,震度１,41.95833333,139.4983333
2003/4/2,23:52:52,八丈島東方沖,33°08.9′N,140°33.2′E,71 km,3.2,震度１,33.14833333,140.5533333
2003/4/3,21:42:21,和歌山県北部,34°12.9′N,135°12.2′E,4 km,2.3,震度１,34.215,135.2033333
2003/4/5,6:30:17,福島県沖,37°05.8′N,141°08.5′E,50 km,3.5,震度１,37.09666667,141.1416667
2003/4/5,10:10:10,淡路島付近,34°28.8′N,134°54.6′E,10 km,2.5,震度１,34.48,134.91
2003/4/5,19:57:29,宮古島近海,24°39.3′N,125°10.2′E,30 km,3.2,震度１,24.655,125.17
2003/4/6,6:35:58,宮城県沖,37°56.0′N,141°54.3′E,42 km,4.1,震度１,37.93333333,141.905
2003/4/6,12:42:52,国後島付近,43°34.8′N,145°35.8′E,102 km,4,震度２,43.58,145.5966667
2003/4/6,13:59:29,宮崎県南部山沿い,32°02.5′N,131°04.1′E,99 km,4,震度２,32.04166667,131.0683333
2003/4/7,0:27:17,長野県北部,36°43.1′N,137°48.1′E,4 km,2.6,震度１,36.71833333,137.8016667
2003/4/7,4:52:09,福井県嶺北,36°03.5′N,136°20.4′E,6 km,2.8,震度２,36.05833333,136.34
2003/4/8,2:42:07,京都府南部,35°05.2′N,135°50.5′E,12 km,2.6,震度１,35.08666667,135.8416667
2003/4/8,3:28:35,茨城県沖,36°22.4′N,141°57.4′E,24 km,6,震度２,36.37333333,141.9566667
2003/4/8,4:16:20,茨城県沖,36°22.0′N,141°52.3′E,60 km,4.8,震度１,36.36666667,141.8716667
2003/4/8,4:17:27,茨城県南部,36°04.3′N,139°54.5′E,47 km,4.6,震度３,36.07166667,139.9083333
2003/4/8,9:13:20,青森県津軽北部,40°43.9′N,140°28.3′E,16 km,2.3,震度１,40.73166667,140.4716667
2003/4/8,15:40:58,京都府南部,35°05.2′N,135°50.6′E,12 km,3.3,震度２,35.08666667,135.8433333
2003/4/8,17:59:53,新島・神津島近海,34°12.5′N,139°06.9′E,9 km,2.2,震度１,34.20833333,139.115
2003/4/9,19:34:10,青森県東方沖,41°00.5′N,141°31.3′E,83 km,3.5,震度１,41.00833333,141.5216667
2003/4/10,11:14:06,青森県東方沖,41°12.6′N,142°28.3′E,33 km,4.1,震度１,41.21,142.4716667
2003/4/11,1:12:06,和歌山県北部,34°10.0′N,135°11.2′E,4 km,2.1,震度１,34.16666667,135.1866667
2003/4/11,6:12:02,新潟県中越地方,37°24.4′N,138°36.8′E,25 km,2.7,震度１,37.40666667,138.6133333
2003/4/11,7:38:11,山形県置賜地方,37°50.6′N,139°50.7′E,11 km,3,震度１,37.84333333,139.845
2003/4/12,4:33:38,浦河沖,41°50.1′N,143°05.0′E,43 km,3.5,震度１,41.835,143.0833333
2003/4/12,13:28:44,鹿児島県薩摩地方,31°59.8′N,130°15.8′E,10 km,4.9,震度４,31.99666667,130.2633333
2003/4/12,19:28:42,鹿児島県薩摩地方,32°00.5′N,130°16.1′E,12 km,3.5,震度２,32.00833333,130.2683333
2003/4/13,0:41:24,千葉県北東部,35°30.2′N,140°24.0′E,32 km,2.4,震度１,35.50333333,140.4
2003/4/13,1:38:29,鹿児島県薩摩地方,32°00.5′N,130°16.1′E,12 km,3.3,震度２,32.00833333,130.2683333
2003/4/13,15:42:28,福井県嶺北,36°10.2′N,136°12.5′E,14 km,2.6,震度２,36.17,136.2083333
2003/4/13,15:58:04,千葉県北東部,35°43.9′N,140°42.1′E,49 km,3.4,震度１,35.73166667,140.7016667
2003/4/13,21:22:54,新島・神津島近海,34°12.9′N,139°11.1′E,13 km,3.4,震度３,34.215,139.185
2003/4/13,21:23:27,新島・神津島近海,34°13.2′N,139°12.2′E,8 km,3.4,震度２,34.22,139.2033333
2003/4/14,6:25:02,伊予灘,33°34.6′N,132°10.5′E,51 km,3.7,震度２,33.57666667,132.175
2003/4/14,11:52:44,茨城県沖,36°14.6′N,140°52.5′E,48 km,3.7,震度１,36.24333333,140.875
2003/4/14,12:46:01,十勝地方南部,42°21.9′N,143°07.1′E,50 km,4.3,震度２,42.365,143.1183333
2003/4/14,13:10:05,父島近海,27°01.9′N,143°08.8′E,60 km,4.7,震度１,27.03166667,143.1466667
2003/4/14,15:31:06,新島・神津島近海,34°23.4′N,139°15.3′E,9 km,2,震度１,34.39,139.255
2003/4/14,18:29:54,紀伊水道,33°41.0′N,135°19.8′E,10 km,3,震度１,33.68333333,135.33
2003/4/15,2:24:11,新島・神津島近海,34°17.5′N,139°13.0′E,9 km,2.7,震度２,34.29166667,139.2166667
2003/4/15,10:26:06,和歌山県北部,34°06.6′N,135°16.0′E,6 km,1.8,震度１,34.11,135.2666667
2003/4/15,14:13:35,和歌山県北部,34°12.8′N,135°25.2′E,8 km,2.5,震度１,34.21333333,135.42
2003/4/15,23:56:18,日向灘,31°43.3′N,131°48.0′E,39 km,4.4,震度２,31.72166667,131.8
2003/4/16,7:46:25,大阪府北部,34°55.8′N,135°30.7′E,4 km,1.3,震度１,34.93,135.5116667
2003/4/16,20:26:16,島根県東部,35°07.0′N,132°43.2′E,10 km,2.9,震度１,35.11666667,132.72
2003/4/17,0:28:42,奄美大島近海,28°01.3′N,128°55.5′E,4 km,4.1,震度２,28.02166667,128.925
2003/4/17,2:59:54,青森県東方沖,40°57.6′N,142°20.5′E,40 km,5.6,震度４,40.96,142.3416667
2003/4/17,9:03:15,十勝地方南部,42°33.7′N,143°08.7′E,62 km,3.4,震度１,42.56166667,143.145
2003/4/18,0:40:55,十勝地方南部,42°33.2′N,143°30.4′E,72 km,4.4,震度２,42.55333333,143.5066667
2003/4/18,8:11:20,新島・神津島近海,34°13.2′N,139°09.7′E,12 km,2.3,震度１,34.22,139.1616667
2003/4/18,15:13:42,和歌山県北部,33°54.6′N,135°13.5′E,8 km,2.5,震度１,33.91,135.225
2003/4/18,20:01:48,鳥取県西部,35°17.6′N,133°19.7′E,13 km,3.2,震度２,35.29333333,133.3283333
2003/4/19,4:05:37,宮崎県南部山沿い,31°53.2′N,131°04.3′E,10 km,3,震度２,31.88666667,131.0716667
2003/4/19,10:57:46,伊予灘,33°38.8′N,132°15.6′E,50 km,3.2,震度１,33.64666667,132.26
2003/4/19,12:44:40,新島・神津島近海,34°13.5′N,139°13.3′E,12 km,2.6,震度１,34.225,139.2216667
2003/4/19,14:50:28,新島・神津島近海,34°13.4′N,139°12.9′E,13 km,2.8,震度２,34.22333333,139.215
2003/4/19,14:55:28,新島・神津島近海,34°13.5′N,139°13.0′E,13 km,2.6,震度１,34.225,139.2166667
2003/4/19,16:03:45,新島・神津島近海,34°13.6′N,139°13.2′E,12 km,2.7,震度１,34.22666667,139.22
2003/4/19,16:24:22,新島・神津島近海,34°13.1′N,139°12.8′E,14 km,2.8,震度２,34.21833333,139.2133333
2003/4/19,18:31:57,熊本県熊本地方,32°50.0′N,130°41.0′E,7 km,2.5,震度２,32.83333333,130.6833333
2003/4/19,19:09:09,和歌山県北部,34°02.5′N,135°15.9′E,7 km,2.3,震度１,34.04166667,135.265
2003/4/19,19:18:04,熊本県熊本地方,32°50.0′N,130°41.0′E,7 km,2.3,震度２,32.83333333,130.6833333
2003/4/19,20:45:52,鳥取県西部,35°17.0′N,133°19.6′E,15 km,2.8,震度１,35.28333333,133.3266667
2003/4/21,10:18:33,茨城県沖,36°32.3′N,140°50.9′E,53 km,4.4,震度４,36.53833333,140.8483333
2003/4/21,14:06:54,茨城県沖,36°34.2′N,141°26.7′E,50 km,4.3,震度１,36.57,141.445
2003/4/21,18:08:16,奈良県,34°35.0′N,135°42.2′E,13 km,2.4,震度１,34.58333333,135.7033333
2003/4/21,23:21:03,根室半島南東沖,43°00.6′N,145°51.2′E,43 km,4.2,震度１,43.01,145.8533333
2003/4/22,14:17:51,三宅島近海,34°05.5′N,139°32.3′E,0 km,2.6,震度２,34.09166667,139.5383333
2003/4/23,2:45:52,千葉県南東沖,35°05.2′N,140°13.1′E,65 km,3.4,震度１,35.08666667,140.2183333
2003/4/23,9:53:31,釧路沖,42°31.4′N,145°02.0′E,45 km,4.1,震度１,42.52333333,145.0333333
2003/4/23,10:22:52,島根県東部,35°01.1′N,132°47.2′E,6 km,3.2,震度２,35.01833333,132.7866667
2003/4/23,11:20:11,島根県東部,35°24.1′N,133°17.6′E,10 km,1.6,震度１,35.40166667,133.2933333
2003/4/23,18:47:34,奄美大島近海,28°20.0′N,129°23.4′E,33 km,2.5,震度１,28.33333333,129.39
2003/4/23,19:46:11,新島・神津島近海,34°20.4′N,139°08.6′E,4 km,1.8,震度１,34.34,139.1433333
2003/4/24,10:22:42,茨城県南部,36°04.9′N,139°50.8′E,47 km,3.6,震度２,36.08166667,139.8466667
2003/4/25,7:40:26,茨城県沖,36°24.2′N,141°08.3′E,50 km,4.7,震度２,36.40333333,141.1383333
2003/4/25,7:43:50,千葉県北東部,35°43.0′N,140°38.4′E,53 km,3,震度１,35.71666667,140.64
2003/4/26,18:34:30,愛知県西部,35°01.6′N,137°11.8′E,41 km,3.6,震度２,35.02666667,137.1966667
2003/4/27,5:12:44,熊本県熊本地方,32°50.0′N,130°41.2′E,7 km,1.7,震度１,32.83333333,130.6866667
2003/4/28,8:02:31,日高地方東部,42°18.0′N,143°01.6′E,51 km,3.5,震度１,42.3,143.0266667
2003/4/29,0:03:37,長野県南部,35°50.8′N,137°34.3′E,8 km,2.3,震度１,35.84666667,137.5716667
2003/4/29,7:15:33,熊本県熊本地方,32°50.0′N,130°41.6′E,7 km,1.4,震度１,32.83333333,130.6933333
2003/4/29,10:04:53,岩手県沖,39°38.3′N,142°07.6′E,45 km,4.3,震度２,39.63833333,142.1266667
2003/4/29,19:05:10,熊本県熊本地方,32°49.9′N,130°41.5′E,6 km,1.5,震度１,32.83166667,130.6916667
2003/4/29,20:43:22,釧路地方中南部,43°00.0′N,144°13.5′E,97 km,4.3,震度２,43,144.225
2003/4/29,22:53:17,北海道東方沖,43°31.6′N,147°41.0′E,18 km,6,震度３,43.52666667,147.6833333
2003/4/30,1:26:28,熊本県球磨地方,32°07.9′N,130°44.0′E,5 km,2.7,震度１,32.13166667,130.7333333
2003/4/30,6:51:14,岩手県内陸北部,39°48.5′N,140°51.1′E,4 km,2.5,震度１,39.80833333,140.8516667
2003/4/30,17:29:51,福島県沖,37°07.1′N,141°39.9′E,44 km,4.3,震度１,37.11833333,141.665
2003/5/1,12:14:25,熊本県熊本地方,32°49.9′N,130°41.3′E,7 km,1.9,震度１,32.83166667,130.6883333
2003/5/1,18:11:43,浦河沖,41°54.9′N,143°04.4′E,40 km,3.9,震度２,41.915,143.0733333
2003/5/1,18:55:04,岩手県沖,40°14.9′N,142°30.9′E,35 km,3.9,震度１,40.24833333,142.515
2003/5/2,12:15:59,トカラ列島近海,28°39.0′N,129°01.9′E,61 km,3.8,震度１,28.65,129.0316667
2003/5/2,15:57:12,島根県東部,35°22.2′N,133°17.6′E,8 km,2.6,震度１,35.37,133.2933333
2003/5/2,19:33:03,熊本県熊本地方,32°52.1′N,130°39.2′E,13 km,2.3,震度１,32.86833333,130.6533333
2003/5/3,3:18:02,和歌山県北部,34°02.9′N,135°14.5′E,8 km,2.4,震度１,34.04833333,135.2416667
2003/5/3,9:31:51,広島県北部,35°01.0′N,132°55.6′E,7 km,3.6,震度３,35.01666667,132.9266667
2003/5/3,9:37:05,広島県北部,35°01.1′N,132°55.5′E,7 km,2.2,震度１,35.01833333,132.925
2003/5/4,6:33:32,上川地方中部,43°54.7′N,142°10.2′E,208 km,4.4,震度１,43.91166667,142.17
2003/5/4,7:50:59,福島県沖,37°04.9′N,142°20.4′E,22 km,5,震度１,37.08166667,142.34
2003/5/5,0:30:32,和歌山県北部,34°02.5′N,135°15.9′E,7 km,2.8,震度２,34.04166667,135.265
2003/5/5,13:07:18,鳥取県中部,35°21.4′N,133°44.2′E,8 km,2.9,震度１,35.35666667,133.7366667
2003/5/6,5:34:01,茨城県沖,36°22.4′N,140°59.6′E,46 km,3.5,震度１,36.37333333,140.9933333
2003/5/6,18:52:22,日向灘,32°27.8′N,132°03.8′E,24 km,3.4,震度１,32.46333333,132.0633333
2003/5/6,22:30:59,茨城県沖,36°31.2′N,140°42.7′E,56 km,3.8,震度２,36.52,140.7116667
2003/5/6,23:17:05,青森県東方沖,41°32.4′N,142°04.3′E,66 km,3.8,震度１,41.54,142.0716667
2003/5/6,23:48:45,茨城県南部,36°02.1′N,139°54.2′E,46 km,4.2,震度３,36.035,139.9033333
2003/5/7,10:46:11,和歌山県北部,34°02.5′N,135°15.8′E,7 km,2.7,震度１,34.04166667,135.2633333
2003/5/7,20:40:40,奈良県,34°23.9′N,135°43.8′E,64 km,3.1,震度１,34.39833333,135.73
2003/5/7,21:14:48,新島・神津島近海,34°18.5′N,139°10.2′E,3 km,1.5,震度１,34.30833333,139.17
2003/5/8,17:48:34,新島・神津島近海,34°12.5′N,139°09.1′E,12 km,2.3,震度１,34.20833333,139.1516667
2003/5/9,10:38:45,茨城県南部,36°16.1′N,139°52.8′E,71 km,3.2,震度１,36.26833333,139.88
2003/5/9,11:12:41,神奈川県西部,35°30.3′N,139°08.0′E,18 km,2.2,震度１,35.505,139.1333333
2003/5/9,12:47:00,島根県東部,35°07.7′N,132°41.2′E,11 km,3.4,震度２,35.12833333,132.6866667
2003/5/9,20:42:00,福井県嶺北,35°55.0′N,136°35.8′E,11 km,3.4,震度２,35.91666667,136.5966667
2003/5/10,1:02:42,和歌山県南方沖,33°30.5′N,135°37.0′E,25 km,3.1,震度２,33.50833333,135.6166667
2003/5/10,2:19:44,熊本県熊本地方,32°51.4′N,130°53.8′E,10 km,2.8,震度２,32.85666667,130.8966667
2003/5/10,8:27:37,山形県村山地方,38°10.8′N,140°21.5′E,8 km,2.9,震度１,38.18,140.3583333
2003/5/10,9:25:09,茨城県沖,36°40.6′N,141°15.5′E,47 km,3.8,震度１,36.67666667,141.2583333
2003/5/10,11:45:53,千葉県北西部,35°48.7′N,140°06.5′E,70 km,4.6,震度３,35.81166667,140.1083333
2003/5/10,17:00:50,茨城県南部,36°05.4′N,139°53.1′E,47 km,3.4,震度２,36.09,139.885
2003/5/10,22:40:48,宮城県沖,38°39.3′N,141°35.3′E,73 km,3.2,震度１,38.655,141.5883333
2003/5/11,6:19:21,宮城県北部,38°32.5′N,140°48.8′E,10 km,2.2,震度１,38.54166667,140.8133333
2003/5/11,16:28:59,茨城県沖,36°33.7′N,140°48.4′E,54 km,4.2,震度２,36.56166667,140.8066667
2003/5/11,17:52:00,西表島付近,23°57.7′N,123°34.7′E,31 km,4.1,震度１,23.96166667,123.5783333
2003/5/11,19:23:28,秋田県内陸南部,39°00.0′N,140°36.3′E,2 km,2.8,震度１,39,140.605
2003/5/12,0:57:06,千葉県北西部,35°52.1′N,140°05.1′E,47 km,5.3,震度４,35.86833333,140.085
2003/5/12,0:59:17,千葉県北西部,35°52.5′N,140°04.1′E,50 km,4.6,震度３,35.875,140.0683333
2003/5/12,22:32:40,根室半島南東沖,43°24.7′N,146°08.1′E,65 km,4.5,震度１,43.41166667,146.135
2003/5/14,14:36:03,和歌山県北部,33°58.2′N,135°07.0′E,6 km,1.8,震度１,33.97,135.1166667
2003/5/14,23:13:55,富山湾,37°14.8′N,137°11.0′E,13 km,3.1,震度１,37.24666667,137.1833333
2003/5/15,20:12:34,八丈島東方沖,33°24.7′N,140°53.5′E,26 km,4.2,震度１,33.41166667,140.8916667
2003/5/16,0:57:44,奄美大島近海,28°28.3′N,129°31.2′E,0 km,3.4,震度１,28.47166667,129.52
2003/5/16,7:23:05,三宅島近海,34°05.3′N,139°23.5′E,14 km,2.7,震度１,34.08833333,139.3916667
2003/5/16,18:01:05,北海道南西沖,41°20.3′N,140°04.0′E,8 km,4.5,震度３,41.33833333,140.0666667
2003/5/16,23:34:10,長野県北部,36°21.6′N,137°40.9′E,5 km,2.8,震度１,36.36,137.6816667
2003/5/17,3:14:37,トカラ列島近海,29°12.5′N,129°08.2′E,7 km,3.7,震度２,29.20833333,129.1366667
2003/5/17,14:15:53,新潟県中越地方,37°12.5′N,138°36.2′E,11 km,2.5,震度２,37.20833333,138.6033333
2003/5/17,23:33:11,千葉県北東部,35°44.3′N,140°39.0′E,47 km,5.3,震度４,35.73833333,140.65
2003/5/17,23:46:32,千葉県北東部,35°44.0′N,140°39.3′E,50 km,3.4,震度２,35.73333333,140.655
2003/5/17,23:49:18,千葉県北東部,35°44.8′N,140°38.6′E,49 km,3.9,震度２,35.74666667,140.6433333
2003/5/18,2:50:42,島根県東部,35°18.5′N,133°18.6′E,7 km,2.1,震度１,35.30833333,133.31
2003/5/18,3:23:25,長野県南部,35°52.0′N,137°35.7′E,7 km,4.7,震度４,35.86666667,137.595
2003/5/18,3:24:42,長野県南部,35°51.7′N,137°35.9′E,7 km,2.6,震度２,35.86166667,137.5983333
2003/5/18,3:26:28,長野県南部,35°51.7′N,137°35.5′E,7 km,2.4,震度１,35.86166667,137.5916667
2003/5/18,3:27:21,長野県南部,35°52.1′N,137°35.5′E,7 km,2.4,震度１,35.86833333,137.5916667
2003/5/18,3:42:11,長野県南部,35°51.9′N,137°36.1′E,8 km,2.8,震度２,35.865,137.6016667
2003/5/18,4:22:52,長野県南部,35°51.7′N,137°35.4′E,7 km,1.9,震度１,35.86166667,137.59
2003/5/18,4:33:50,長野県南部,35°51.7′N,137°35.8′E,7 km,2,震度１,35.86166667,137.5966667
2003/5/18,5:34:48,長野県南部,35°51.8′N,137°35.7′E,7 km,2.6,震度２,35.86333333,137.595
2003/5/18,7:33:08,長野県南部,35°51.7′N,137°35.8′E,7 km,1.9,震度１,35.86166667,137.5966667
2003/5/18,14:36:13,長野県南部,35°52.0′N,137°36.0′E,7 km,1.9,震度１,35.86666667,137.6
2003/5/18,20:19:51,長野県南部,35°52.0′N,137°36.0′E,7 km,3.2,震度３,35.86666667,137.6
2003/5/19,1:23:41,長野県南部,35°51.7′N,137°35.8′E,7 km,2.5,震度１,35.86166667,137.5966667
2003/5/19,1:49:30,長野県南部,35°52.0′N,137°34.5′E,8 km,2.2,震度１,35.86666667,137.575
2003/5/19,3:53:11,長野県南部,35°51.7′N,137°36.3′E,7 km,2.1,震度１,35.86166667,137.605
2003/5/19,7:18:01,長野県南部,35°51.8′N,137°35.9′E,7 km,1.8,震度１,35.86333333,137.5983333
2003/5/19,20:58:11,長野県南部,35°52.0′N,137°36.2′E,7 km,2.3,震度１,35.86666667,137.6033333
2003/5/20,3:19:52,長野県南部,35°51.9′N,137°36.0′E,7 km,2.1,震度１,35.865,137.6
2003/5/20,4:18:20,高知県中部,33°46.8′N,133°34.5′E,8 km,3.4,震度３,33.78,133.575
2003/5/20,4:34:03,島根県東部,35°22.2′N,133°18.1′E,9 km,2.1,震度１,35.37,133.3016667
2003/5/20,8:31:07,長野県南部,35°51.8′N,137°35.9′E,7 km,1.9,震度１,35.86333333,137.5983333
2003/5/20,21:53:33,長野県南部,35°51.7′N,137°36.3′E,7 km,2.3,震度１,35.86166667,137.605
2003/5/20,22:46:15,長野県南部,35°52.0′N,137°35.8′E,7 km,2.1,震度１,35.86666667,137.5966667
2003/5/21,0:21:37,トカラ列島近海,29°45.8′N,129°52.9′E,6 km,2.7,震度１,29.76333333,129.8816667
2003/5/21,16:59:27,トカラ列島近海,29°18.0′N,129°08.3′E,4 km,2.9,震度２,29.3,129.1383333
2003/5/21,17:00:30,トカラ列島近海,29°16.5′N,129°14.0′E,4 km,2.9,震度２,29.275,129.2333333
2003/5/22,3:32:03,若狭湾,35°49.0′N,135°48.5′E,12 km,3.4,震度１,35.81666667,135.8083333
2003/5/22,7:09:15,長野県南部,35°41.0′N,137°45.2′E,16 km,3.2,震度２,35.68333333,137.7533333
2003/5/22,14:24:58,茨城県南部,36°02.8′N,139°52.1′E,48 km,2.8,震度１,36.04666667,139.8683333
2003/5/23,3:33:18,岩手県内陸北部,39°47.5′N,141°15.8′E,91 km,3.6,震度１,39.79166667,141.2633333
2003/5/23,6:19:29,長野県南部,35°52.0′N,137°36.0′E,7 km,2.3,震度１,35.86666667,137.6
2003/5/23,9:53:04,長野県南部,35°51.8′N,137°35.8′E,7 km,2.3,震度２,35.86333333,137.5966667
2003/5/23,19:08:30,宮城県沖,38°46.2′N,142°01.3′E,55 km,4,震度２,38.77,142.0216667
2003/5/24,7:51:36,岩手県内陸北部,39°50.2′N,140°51.3′E,3 km,3.2,震度１,39.83666667,140.855
2003/5/25,3:02:45,長野県南部,35°51.5′N,137°35.6′E,7 km,3,震度３,35.85833333,137.5933333
2003/5/25,6:50:52,長野県南部,35°54.7′N,137°42.7′E,7 km,2,震度１,35.91166667,137.7116667
2003/5/25,11:50:08,岩手県沖,39°11.2′N,141°54.6′E,8 km,2.9,震度１,39.18666667,141.91
2003/5/26,6:09:15,トカラ列島近海,29°44.2′N,130°03.7′E,15 km,3,震度１,29.73666667,130.0616667
2003/5/26,8:17:15,茨城県北部,36°39.3′N,140°34.1′E,98 km,4,震度２,36.655,140.5683333
2003/5/26,11:41:34,新潟県中越地方,37°36.0′N,139°08.9′E,12 km,3.3,震度１,37.6,139.1483333
2003/5/26,14:30:31,種子島近海,30°40.1′N,130°53.2′E,4 km,2.9,震度１,30.66833333,130.8866667
2003/5/26,18:24:33,宮城県沖,38°49.2′N,141°39.0′E,72 km,7.1,震度６弱,38.82,141.65
2003/5/26,18:29:48,宮城県沖,38°49.6′N,141°39.0′E,63 km,4.1,震度２,38.82666667,141.65
2003/5/26,18:32:24,宮城県北部,38°52.3′N,141°40.1′E,63 km,3.6,震度２,38.87166667,141.6683333
2003/5/26,18:33:54,宮城県沖,38°47.6′N,141°36.8′E,65 km,3.4,震度１,38.79333333,141.6133333
2003/5/26,18:35:58,宮城県沖,38°52.8′N,141°39.8′E,65 km,3.7,震度２,38.88,141.6633333
2003/5/26,18:37:06,宮城県沖,38°52.9′N,141°36.1′E,75 km,3.1,震度１,38.88166667,141.6016667
2003/5/26,18:38:17,宮城県沖,38°50.4′N,141°39.3′E,62 km,3.4,震度２,38.84,141.655
2003/5/26,18:39:49,宮城県沖,38°49.5′N,141°40.1′E,66 km,4.3,震度３,38.825,141.6683333
2003/5/26,18:42:56,宮城県沖,38°49.7′N,141°37.2′E,72 km,4.5,震度３,38.82833333,141.62
2003/5/26,18:44:58,宮城県沖,38°50.0′N,141°37.0′E,71 km,3.5,震度１,38.83333333,141.6166667
2003/5/26,18:48:06,宮城県沖,38°51.9′N,141°39.7′E,65 km,4.6,震度３,38.865,141.6616667
2003/5/26,18:49:22,宮城県沖,38°51.8′N,141°36.1′E,74 km,4.5,震度３,38.86333333,141.6016667
2003/5/26,18:51:10,宮城県沖,38°50.9′N,141°38.6′E,67 km,3.4,震度１,38.84833333,141.6433333
2003/5/26,18:52:06,宮城県沖,38°51.1′N,141°39.1′E,68 km,3.7,震度１,38.85166667,141.6516667
2003/5/26,18:53:13,宮城県北部,38°50.0′N,141°35.3′E,74 km,3.7,震度２,38.83333333,141.5883333
2003/5/26,19:00:43,宮城県北部,38°53.0′N,141°40.5′E,64 km,3.5,震度１,38.88333333,141.675
2003/5/26,19:03:42,宮城県沖,38°48.7′N,141°38.5′E,63 km,2.7,震度１,38.81166667,141.6416667
2003/5/26,19:04:25,宮城県沖,38°50.7′N,141°40.1′E,64 km,3.4,震度１,38.845,141.6683333
2003/5/26,19:05:13,宮城県沖,38°49.0′N,141°38.3′E,62 km,3.2,震度１,38.81666667,141.6383333
2003/5/26,19:08:00,宮城県沖,38°56.6′N,141°40.3′E,66 km,4,震度２,38.94333333,141.6716667
2003/5/26,19:09:42,宮城県沖,38°47.5′N,141°36.1′E,70 km,4.7,震度３,38.79166667,141.6016667
2003/5/26,19:14:18,宮城県沖,38°48.1′N,141°36.5′E,70 km,2.9,震度１,38.80166667,141.6083333
2003/5/26,19:34:59,宮城県沖,38°47.4′N,141°38.2′E,64 km,3,震度１,38.79,141.6366667
2003/5/26,19:37:23,宮城県沖,38°49.2′N,141°35.1′E,75 km,3.8,震度２,38.82,141.585
2003/5/26,19:38:18,宮城県沖,38°50.8′N,141°36.9′E,70 km,3,震度１,38.84666667,141.615
2003/5/26,19:39:18,宮城県沖,38°56.5′N,141°40.7′E,67 km,3.4,震度１,38.94166667,141.6783333
2003/5/26,19:41:19,宮城県沖,38°47.8′N,141°39.9′E,60 km,3.3,震度１,38.79666667,141.665
2003/5/26,19:49:43,宮城県沖,38°51.0′N,141°36.8′E,71 km,3.3,震度１,38.85,141.6133333
2003/5/26,19:55:49,宮城県沖,38°47.4′N,141°37.2′E,72 km,2.9,震度１,38.79,141.62
2003/5/26,20:04:57,宮城県北部,38°54.0′N,141°39.6′E,65 km,3.1,震度１,38.9,141.66
2003/5/26,20:12:38,宮城県沖,38°47.7′N,141°38.3′E,63 km,2.8,震度１,38.795,141.6383333
2003/5/26,20:26:58,宮城県沖,38°49.8′N,141°38.5′E,64 km,3.2,震度１,38.83,141.6416667
2003/5/26,20:33:27,宮城県沖,38°52.4′N,141°36.9′E,71 km,2.6,震度２,38.87333333,141.615
2003/5/26,20:47:34,宮城県沖,38°50.9′N,141°37.3′E,74 km,3.8,震度２,38.84833333,141.6216667
2003/5/26,20:53:56,奄美大島近海,28°20.5′N,129°23.6′E,32 km,2.6,震度１,28.34166667,129.3933333
2003/5/26,20:59:25,山形県村山地方,38°14.3′N,140°14.3′E,10 km,2.8,震度１,38.23833333,140.2383333
2003/5/26,21:07:12,宮城県沖,38°52.2′N,141°39.2′E,65 km,3.4,震度１,38.87,141.6533333
2003/5/26,21:11:39,宮城県沖,38°52.9′N,141°36.8′E,72 km,3.7,震度１,38.88166667,141.6133333
2003/5/26,21:19:03,山形県村山地方,38°14.5′N,140°14.4′E,10 km,2.7,震度１,38.24166667,140.24
2003/5/26,21:23:21,宮城県沖,38°48.1′N,141°38.9′E,63 km,3.5,震度２,38.80166667,141.6483333
2003/5/26,21:24:04,宮城県沖,38°51.1′N,141°38.4′E,66 km,4,震度２,38.85166667,141.64
2003/5/26,21:27:24,宮城県沖,38°52.8′N,141°39.0′E,67 km,3.5,震度１,38.88,141.65
2003/5/26,21:29:27,宮城県沖,38°51.0′N,141°38.1′E,67 km,3.2,震度１,38.85,141.635
2003/5/26,21:32:45,宮城県北部,38°52.0′N,141°35.7′E,74 km,3.7,震度２,38.86666667,141.595
2003/5/26,21:50:44,宮城県沖,38°49.8′N,141°38.1′E,68 km,2.8,震度１,38.83,141.635
2003/5/26,21:54:46,宮城県北部,38°50.6′N,141°35.6′E,72 km,3.5,震度１,38.84333333,141.5933333
2003/5/26,22:07:11,宮城県北部,38°53.3′N,141°40.2′E,66 km,4.2,震度３,38.88833333,141.67
2003/5/26,22:25:35,宮城県沖,38°51.4′N,141°37.7′E,71 km,3.6,震度１,38.85666667,141.6283333
2003/5/26,22:34:19,宮城県北部,38°53.3′N,141°35.8′E,76 km,4.6,震度４,38.88833333,141.5966667
2003/5/26,22:41:52,宮城県沖,38°48.0′N,141°38.2′E,63 km,3.2,震度１,38.8,141.6366667
2003/5/26,22:44:32,宮城県北部,38°52.1′N,141°35.7′E,73 km,2.6,震度１,38.86833333,141.595
2003/5/26,22:59:34,宮城県沖,38°49.7′N,141°35.5′E,74 km,3.4,震度１,38.82833333,141.5916667
2003/5/26,23:02:23,宮城県北部,38°53.5′N,141°35.8′E,75 km,3.9,震度２,38.89166667,141.5966667
2003/5/26,23:30:40,宮城県北部,38°52.4′N,141°40.0′E,65 km,3.3,震度１,38.87333333,141.6666667
2003/5/26,23:33:42,宮城県沖,38°47.5′N,141°39.8′E,64 km,2.7,震度１,38.79166667,141.6633333
2003/5/26,23:44:59,宮城県北部,38°52.4′N,141°40.3′E,64 km,3.1,震度１,38.87333333,141.6716667
2003/5/26,23:48:25,宮城県沖,38°51.8′N,141°36.7′E,74 km,4,震度３,38.86333333,141.6116667
2003/5/26,23:56:26,宮城県沖,38°49.5′N,141°38.1′E,66 km,4,震度２,38.825,141.635
2003/5/27,0:44:18,宮城県沖,38°57.0′N,141°39.7′E,69 km,4.9,震度４,38.95,141.6616667
2003/5/27,0:50:09,宮城県沖,38°47.5′N,141°38.8′E,64 km,3,震度１,38.79166667,141.6466667
2003/5/27,1:03:12,宮城県北部,38°54.8′N,141°37.3′E,72 km,2.8,震度１,38.91333333,141.6216667
2003/5/27,1:14:58,宮城県北部,38°52.3′N,141°40.1′E,65 km,3,震度１,38.87166667,141.6683333
2003/5/27,1:27:18,宮城県沖,38°48.9′N,141°37.9′E,67 km,3,震度１,38.815,141.6316667
2003/5/27,1:34:42,宮城県沖,38°48.0′N,141°38.5′E,65 km,3.1,震度１,38.8,141.6416667
2003/5/27,1:38:15,宮城県北部,38°53.0′N,141°40.6′E,65 km,3.2,震度１,38.88333333,141.6766667
2003/5/27,1:48:34,宮城県北部,38°54.1′N,141°39.5′E,68 km,3.2,震度１,38.90166667,141.6583333
2003/5/27,1:57:24,宮城県沖,38°52.0′N,141°36.6′E,73 km,3.6,震度１,38.86666667,141.61
2003/5/27,2:22:04,宮城県沖,38°48.7′N,141°38.4′E,65 km,3,震度１,38.81166667,141.64
2003/5/27,2:31:28,山形県村山地方,38°14.3′N,140°14.4′E,10 km,2.8,震度１,38.23833333,140.24
2003/5/27,3:10:31,宮城県沖,38°49.2′N,141°36.0′E,74 km,3.6,震度１,38.82,141.6
2003/5/27,3:14:55,宮城県沖,38°50.9′N,141°36.8′E,71 km,2.9,震度１,38.84833333,141.6133333
2003/5/27,3:32:51,宮城県沖,38°49.6′N,141°38.3′E,67 km,2.8,震度１,38.82666667,141.6383333
2003/5/27,3:36:24,宮城県沖,38°48.9′N,141°39.1′E,63 km,3.1,震度１,38.815,141.6516667
2003/5/27,3:50:56,宮城県沖,38°50.0′N,141°38.0′E,65 km,3.2,震度１,38.83333333,141.6333333
2003/5/27,4:00:32,宮城県北部,38°56.0′N,141°36.9′E,75 km,3.5,震度２,38.93333333,141.615
2003/5/27,4:01:58,宮城県沖,38°50.9′N,141°36.3′E,71 km,3.1,震度１,38.84833333,141.605
2003/5/27,4:04:11,宮城県沖,38°50.9′N,141°37.4′E,72 km,3.7,震度２,38.84833333,141.6233333
2003/5/27,5:07:32,宮城県沖,38°52.1′N,141°36.4′E,73 km,3.8,震度２,38.86833333,141.6066667
2003/5/27,5:11:42,宮城県沖,38°52.3′N,141°39.8′E,68 km,3.1,震度１,38.87166667,141.6633333
2003/5/27,5:19:27,宮城県沖,38°56.6′N,141°39.7′E,68 km,3,震度１,38.94333333,141.6616667
2003/5/27,5:32:35,宮城県沖,38°49.1′N,141°37.8′E,67 km,2.9,震度１,38.81833333,141.63
2003/5/27,6:20:42,宮城県沖,38°50.8′N,141°37.2′E,73 km,3.4,震度１,38.84666667,141.62
2003/5/27,6:24:44,宮城県北部,38°49.8′N,141°34.9′E,75 km,3.6,震度１,38.83,141.5816667
2003/5/27,7:41:05,宮城県北部,38°52.8′N,141°40.0′E,66 km,4.2,震度３,38.88,141.6666667
2003/5/27,7:59:40,宮城県沖,38°49.1′N,141°35.5′E,74 km,3.1,震度１,38.81833333,141.5916667
2003/5/27,9:01:02,宮城県沖,38°52.3′N,141°36.2′E,73 km,3.7,震度１,38.87166667,141.6033333
2003/5/27,9:04:14,宮城県北部,38°50.9′N,141°35.7′E,73 km,3.8,震度１,38.84833333,141.595
2003/5/27,9:54:53,宮城県沖,38°50.2′N,141°37.2′E,72 km,3.4,震度１,38.83666667,141.62
2003/5/27,10:34:03,宮城県沖,38°49.9′N,141°38.2′E,74 km,3,震度１,38.83166667,141.6366667
2003/5/27,10:42:15,宮城県沖,38°47.9′N,141°38.7′E,63 km,3.9,震度３,38.79833333,141.645
2003/5/27,10:47:12,宮城県沖,38°44.9′N,141°40.5′E,66 km,4.1,震度２,38.74833333,141.675
2003/5/27,11:28:20,宮城県北部,38°57.7′N,141°37.4′E,74 km,4.1,震度２,38.96166667,141.6233333
2003/5/27,11:30:11,宮城県北部,38°57.6′N,141°38.2′E,73 km,3.2,震度１,38.96,141.6366667
2003/5/27,12:08:00,宮城県沖,38°50.9′N,141°38.1′E,69 km,3,震度１,38.84833333,141.635
2003/5/27,12:28:02,宮城県沖,38°49.6′N,141°35.1′E,75 km,3.7,震度１,38.82666667,141.585
2003/5/27,12:58:28,宮城県北部,38°52.3′N,141°35.4′E,75 km,3.3,震度１,38.87166667,141.59
2003/5/27,13:11:19,宮城県沖,38°44.7′N,141°40.3′E,66 km,4.1,震度２,38.745,141.6716667
2003/5/27,13:31:07,宮城県沖,38°49.2′N,141°35.4′E,73 km,3.6,震度１,38.82,141.59
2003/5/27,15:01:57,宮城県北部,38°55.7′N,141°38.1′E,72 km,3.4,震度１,38.92833333,141.635
2003/5/27,15:21:56,宮城県沖,38°51.4′N,141°39.3′E,63 km,3.9,震度２,38.85666667,141.655
2003/5/27,16:30:39,宮城県北部,38°55.4′N,141°36.5′E,77 km,3.4,震度２,38.92333333,141.6083333
2003/5/27,16:33:02,宮城県沖,38°50.5′N,141°38.1′E,67 km,3.1,震度１,38.84166667,141.635
2003/5/27,16:58:17,宮城県沖,38°51.2′N,141°37.7′E,71 km,3.3,震度１,38.85333333,141.6283333
2003/5/27,18:05:00,宮城県沖,38°52.6′N,141°36.3′E,73 km,3.5,震度１,38.87666667,141.605
2003/5/27,18:32:15,宮城県北部,38°52.5′N,141°40.1′E,65 km,2.8,震度１,38.875,141.6683333
2003/5/27,19:02:04,宮城県沖,38°47.8′N,141°35.9′E,73 km,3.4,震度１,38.79666667,141.5983333
2003/5/27,19:47:59,宮城県沖,38°48.7′N,141°38.0′E,68 km,3.2,震度１,38.81166667,141.6333333
2003/5/27,20:13:17,宮城県沖,38°53.0′N,141°38.1′E,71 km,3.3,震度１,38.88333333,141.635
2003/5/27,20:26:17,宮城県沖,38°51.3′N,141°39.6′E,66 km,3.2,震度１,38.855,141.66
2003/5/27,20:27:41,宮城県沖,38°49.2′N,141°38.7′E,62 km,3,震度１,38.82,141.645
2003/5/27,21:02:32,宮城県北部,38°53.1′N,141°39.9′E,65 km,3.2,震度１,38.885,141.665
2003/5/27,21:12:27,宮城県北部,38°57.8′N,141°38.0′E,68 km,4,震度３,38.96333333,141.6333333
2003/5/27,21:35:53,宮城県北部,38°58.6′N,141°38.2′E,73 km,2.8,震度１,38.97666667,141.6366667
2003/5/27,23:57:37,宮城県沖,38°48.1′N,141°38.5′E,64 km,3.3,震度１,38.80166667,141.6416667
2003/5/27,23:58:56,宮城県沖,38°50.7′N,141°38.6′E,63 km,3.3,震度１,38.845,141.6433333
2003/5/28,0:17:46,宮城県沖,38°47.3′N,141°37.8′E,72 km,3.6,震度１,38.78833333,141.63
2003/5/28,0:27:52,宮城県沖,38°50.6′N,141°39.1′E,64 km,3.4,震度１,38.84333333,141.6516667
2003/5/28,1:29:51,宮城県沖,38°49.0′N,141°36.6′E,70 km,3,震度１,38.81666667,141.61
2003/5/28,4:14:47,宮城県沖,38°56.4′N,141°39.8′E,69 km,3.7,震度１,38.94,141.6633333
2003/5/28,5:24:08,宮城県沖,38°48.8′N,141°35.9′E,75 km,4,震度２,38.81333333,141.5983333
2003/5/28,5:48:59,宮城県沖,38°47.7′N,141°36.0′E,71 km,4,震度２,38.795,141.6
2003/5/28,6:05:17,宮城県北部,38°55.8′N,141°38.0′E,75 km,3.8,震度２,38.93,141.6333333
2003/5/28,6:24:14,宮城県沖,38°51.0′N,141°37.2′E,73 km,4.5,震度３,38.85,141.62
2003/5/28,7:27:38,宮城県沖,38°52.4′N,141°36.5′E,74 km,3.4,震度１,38.87333333,141.6083333
2003/5/28,7:50:37,宮城県沖,38°46.3′N,141°37.9′E,68 km,3.8,震度２,38.77166667,141.6316667
2003/5/28,8:16:53,長野県南部,35°51.7′N,137°35.9′E,7 km,1.8,震度１,35.86166667,137.5983333
2003/5/28,8:19:20,和歌山県北部,33°55.8′N,135°12.2′E,7 km,3.1,震度２,33.93,135.2033333
2003/5/28,11:02:25,宮城県沖,38°49.6′N,141°38.6′E,64 km,2.9,震度１,38.82666667,141.6433333
2003/5/28,11:53:03,宮城県沖,38°47.9′N,141°37.5′E,72 km,3.2,震度１,38.79833333,141.625
2003/5/28,12:01:40,宮城県沖,38°49.0′N,141°38.2′E,68 km,3.2,震度１,38.81666667,141.6366667
2003/5/28,12:10:38,三重県南部,34°16.8′N,136°12.1′E,39 km,3.4,震度１,34.28,136.2016667
2003/5/28,13:50:01,山形県村山地方,38°14.2′N,140°14.3′E,10 km,3.4,震度２,38.23666667,140.2383333
2003/5/28,15:44:19,宮城県沖,38°47.1′N,141°38.9′E,66 km,2.8,震度１,38.785,141.6483333
2003/5/28,17:54:16,宮城県北部,38°53.0′N,141°39.1′E,69 km,3.7,震度１,38.88333333,141.6516667
2003/5/28,17:57:15,宮城県北部,38°52.5′N,141°40.0′E,65 km,3.2,震度２,38.875,141.6666667
2003/5/28,18:00:42,宮城県沖,38°49.3′N,141°41.2′E,75 km,3.4,震度１,38.82166667,141.6866667
2003/5/28,18:38:50,宮城県北部,38°53.1′N,141°40.0′E,65 km,3.2,震度１,38.885,141.6666667
2003/5/28,20:56:12,宮城県沖,38°56.4′N,141°39.8′E,69 km,3.8,震度２,38.94,141.6633333
2003/5/28,21:46:54,宮城県沖,38°48.2′N,141°36.2′E,70 km,3.1,震度１,38.80333333,141.6033333
2003/5/29,0:36:09,宮城県沖,38°58.1′N,141°39.1′E,73 km,2.9,震度１,38.96833333,141.6516667
2003/5/29,3:22:41,宮城県沖,38°48.2′N,141°38.8′E,72 km,2.9,震度１,38.80333333,141.6466667
2003/5/29,8:33:43,宮城県沖,38°49.7′N,141°37.7′E,72 km,2.9,震度１,38.82833333,141.6283333
2003/5/29,8:53:55,宮城県北部,38°53.7′N,141°37.4′E,75 km,3.4,震度１,38.895,141.6233333
2003/5/29,12:11:30,宮城県沖,38°50.5′N,141°37.5′E,72 km,3.1,震度１,38.84166667,141.625
2003/5/29,12:42:10,宮城県沖,38°50.3′N,141°38.5′E,67 km,3.1,震度１,38.83833333,141.6416667
2003/5/29,14:04:58,宮城県沖,38°49.5′N,141°37.8′E,65 km,2.7,震度１,38.825,141.63
2003/5/29,16:26:37,紀伊水道,34°08.8′N,135°06.1′E,6 km,2.1,震度１,34.14666667,135.1016667
2003/5/29,17:58:49,宮城県沖,38°50.1′N,141°38.3′E,65 km,3.7,震度２,38.835,141.6383333
2003/5/29,18:40:26,宮城県北部,38°49.6′N,141°34.7′E,75 km,4,震度２,38.82666667,141.5783333
2003/5/29,20:04:31,紀伊水道,34°08.8′N,135°06.4′E,6 km,2,震度１,34.14666667,135.1066667
2003/5/29,22:34:29,宮城県沖,38°49.9′N,141°38.3′E,66 km,3,震度１,38.83166667,141.6383333
2003/5/30,5:14:12,宮城県沖,38°52.6′N,141°38.4′E,70 km,3.3,震度１,38.87666667,141.64
2003/5/30,8:11:03,宮城県沖,38°48.0′N,141°38.3′E,65 km,3.1,震度１,38.8,141.6383333
2003/5/30,9:04:04,宮城県沖,38°51.5′N,141°39.2′E,64 km,3.2,震度１,38.85833333,141.6533333
2003/5/30,23:46:20,宮城県沖,38°52.4′N,141°39.9′E,65 km,3.4,震度２,38.87333333,141.665
2003/5/31,1:33:23,宮城県沖,38°46.7′N,141°37.0′E,68 km,3.8,震度２,38.77833333,141.6166667
2003/5/31,2:47:07,茨城県南部,36°10.1′N,139°48.4′E,55 km,4,震度３,36.16833333,139.8066667
2003/5/31,3:58:24,伊予灘,33°24.4′N,131°52.1′E,65 km,4.5,震度３,33.40666667,131.8683333
2003/5/31,4:37:04,淡路島付近,34°33.5′N,134°57.4′E,8 km,3.7,震度２,34.55833333,134.9566667
2003/5/31,4:55:30,十勝地方南部,42°35.1′N,142°54.1′E,40 km,3.5,震度１,42.585,142.9016667
2003/5/31,10:44:10,宮城県沖,38°50.1′N,141°36.1′E,71 km,3.2,震度１,38.835,141.6016667
2003/5/31,16:53:07,岩手県沿岸南部,38°57.5′N,141°42.6′E,65 km,4,震度２,38.95833333,141.71
2003/5/31,17:06:42,宮城県北部,38°43.3′N,141°32.7′E,71 km,3.4,震度１,38.72166667,141.545
2003/5/31,18:41:51,宮城県沖,38°51.2′N,141°36.9′E,74 km,4.6,震度３,38.85333333,141.615
2003/6/1,4:57:48,長野県南部,35°51.8′N,137°36.6′E,7 km,2.1,震度１,35.86333333,137.61
2003/6/1,5:38:35,宮城県沖,38°51.6′N,141°36.5′E,74 km,4.3,震度２,38.86,141.6083333
2003/6/1,6:09:04,宮城県沖,38°49.4′N,141°37.4′E,67 km,3.4,震度１,38.82333333,141.6233333
2003/6/1,7:02:35,宮城県沖,38°49.8′N,141°35.3′E,74 km,4,震度２,38.83,141.5883333
2003/6/1,9:16:35,長野県南部,35°52.0′N,137°36.1′E,7 km,2.4,震度１,35.86666667,137.6016667
2003/6/1,12:28:21,宮城県北部,38°55.6′N,141°38.5′E,71 km,3.3,震度１,38.92666667,141.6416667
2003/6/1,19:36:58,宮城県沖,38°50.1′N,141°39.0′E,63 km,2.9,震度１,38.835,141.65
2003/6/1,23:31:52,岩手県内陸南部,38°58.6′N,140°58.4′E,6 km,2.9,震度１,38.97666667,140.9733333
2003/6/2,12:48:15,宮城県北部,38°53.6′N,141°39.3′E,68 km,3.3,震度１,38.89333333,141.655
2003/6/2,21:35:18,宮城県沖,38°49.2′N,141°38.3′E,64 km,3.1,震度１,38.82,141.6383333
2003/6/3,8:08:37,宮城県沖,38°51.2′N,141°39.3′E,64 km,3.6,震度２,38.85333333,141.655
2003/6/3,8:56:59,宮城県沖,38°46.2′N,141°38.0′E,68 km,3.4,震度２,38.77,141.6333333
2003/6/3,17:21:50,茨城県南部,36°13.0′N,140°03.1′E,59 km,3.9,震度２,36.21666667,140.0516667
2003/6/3,21:10:17,宮城県沖,38°49.4′N,141°38.8′E,64 km,2.8,震度１,38.82333333,141.6466667
2003/6/4,0:58:43,宮城県沖,38°51.0′N,141°39.4′E,64 km,3,震度１,38.85,141.6566667
2003/6/4,2:52:36,長野県南部,35°55.5′N,137°37.5′E,9 km,3.3,震度２,35.925,137.625
2003/6/4,6:19:12,宮城県北部,38°53.3′N,141°40.0′E,64 km,3.2,震度１,38.88833333,141.6666667
2003/6/4,18:43:50,宮城県北部,38°53.0′N,141°37.3′E,80 km,3.6,震度１,38.88333333,141.6216667
2003/6/5,2:06:10,静岡県西部,34°46.4′N,137°39.0′E,32 km,3.9,震度２,34.77333333,137.65
2003/6/5,4:01:28,宮城県沖,38°50.9′N,141°39.1′E,67 km,3.3,震度１,38.84833333,141.6516667
2003/6/5,4:29:28,宮城県北部,38°53.0′N,141°39.1′E,72 km,3.5,震度２,38.88333333,141.6516667
2003/6/5,10:42:33,和歌山県北部,34°03.9′N,135°29.8′E,66 km,3.8,震度２,34.065,135.4966667
2003/6/5,15:06:39,奄美大島近海,28°09.1′N,130°18.8′E,40 km,5,震度２,28.15166667,130.3133333
2003/6/5,20:26:00,宮城県沖,38°49.0′N,141°37.4′E,71 km,3,震度１,38.81666667,141.6233333
2003/6/5,20:34:49,宮城県沖,38°51.3′N,141°37.3′E,64 km,3.1,震度１,38.855,141.6216667
2003/6/5,23:14:22,石川県加賀地方,36°16.4′N,136°18.6′E,12 km,4.1,震度３,36.27333333,136.31
2003/6/5,23:52:42,宮城県沖,38°48.4′N,141°37.9′E,65 km,3.1,震度１,38.80666667,141.6316667
2003/6/6,4:39:18,宮城県北部,38°56.6′N,141°36.9′E,74 km,3.8,震度２,38.94333333,141.615
2003/6/6,11:34:41,千葉県東方沖,35°31.9′N,140°59.4′E,46 km,4.8,震度２,35.53166667,140.99
2003/6/6,16:21:59,宮城県北部,38°52.2′N,141°35.6′E,74 km,3.3,震度１,38.87,141.5933333
2003/6/6,17:47:13,宮城県沖,38°47.2′N,141°37.0′E,68 km,3.7,震度１,38.78666667,141.6166667
2003/6/7,1:03:58,岩手県沖,40°20.8′N,142°10.9′E,44 km,3.7,震度２,40.34666667,142.1816667
2003/6/7,9:07:08,岩手県沖,39°59.9′N,142°00.5′E,89 km,3,震度１,39.99833333,142.0083333
2003/6/7,11:27:42,宮城県沖,38°48.8′N,141°36.6′E,71 km,3.4,震度１,38.81333333,141.61
2003/6/7,14:15:05,福井県嶺北,35°44.5′N,136°18.5′E,8 km,3.3,震度１,35.74166667,136.3083333
2003/6/7,21:29:14,岩手県沿岸南部,38°58.2′N,141°42.8′E,63 km,3.3,震度１,38.97,141.7133333
2003/6/8,10:57:32,宮城県北部,38°53.8′N,141°40.2′E,63 km,3,震度１,38.89666667,141.67
2003/6/9,3:57:53,宮城県沖,38°57.0′N,141°41.8′E,64 km,3.7,震度２,38.95,141.6966667
2003/6/9,4:08:34,八丈島東方沖,33°31.0′N,140°15.3′E,112 km,4.1,震度１,33.51666667,140.255
2003/6/9,5:14:55,北海道東方沖,43°58.6′N,147°09.1′E,86 km,4.8,震度１,43.97666667,147.1516667
2003/6/9,6:56:03,宮城県北部,38°58.3′N,141°37.8′E,74 km,3.8,震度２,38.97166667,141.63
2003/6/9,10:32:33,長野県南部,35°55.5′N,137°37.6′E,9 km,2.2,震度１,35.925,137.6266667
2003/6/9,10:52:49,台湾付近,24°28.9′N,121°45.7′E,43 km,6.3,震度１,24.48166667,121.7616667
2003/6/9,11:55:34,宮城県沖,38°50.4′N,141°36.5′E,74 km,3.8,震度２,38.84,141.6083333
2003/6/9,12:01:43,宮城県沖,38°49.0′N,141°36.3′E,71 km,3.1,震度１,38.81666667,141.605
2003/6/9,18:59:38,茨城県沖,36°25.3′N,140°42.1′E,54 km,4.7,震度３,36.42166667,140.7016667
2003/6/10,0:11:35,鳥取県東部,35°19.9′N,134°18.5′E,6 km,2.3,震度１,35.33166667,134.3083333
2003/6/10,4:34:48,宮城県北部,38°52.0′N,141°40.0′E,65 km,3.1,震度１,38.86666667,141.6666667
2003/6/10,6:53:53,熊本県熊本地方,32°49.8′N,130°41.8′E,6 km,1.4,震度１,32.83,130.6966667
2003/6/10,7:29:06,千葉県南部,35°16.1′N,140°17.7′E,15 km,3.7,震度３,35.26833333,140.295
2003/6/10,9:27:56,鹿児島県薩摩地方,31°58.3′N,130°24.9′E,10 km,2.8,震度１,31.97166667,130.415
2003/6/10,12:35:30,宮城県沖,38°49.7′N,141°35.1′E,75 km,3.3,震度１,38.82833333,141.585
2003/6/10,13:50:23,熊本県熊本地方,32°49.8′N,130°41.6′E,7 km,2.6,震度２,32.83,130.6933333
2003/6/10,16:24:06,宮城県沖,38°55.8′N,141°40.0′E,67 km,4.9,震度３,38.93,141.6666667
2003/6/10,17:40:33,台湾付近,23°34.6′N,121°41.2′E,92 km,6.3,震度２,23.57666667,121.6866667
2003/6/10,20:47:01,宮城県沖,38°50.5′N,141°39.0′E,62 km,2.8,震度１,38.84166667,141.65
2003/6/11,2:40:49,鹿児島県薩摩地方,31°59.8′N,130°15.8′E,10 km,2.5,震度１,31.99666667,130.2633333
2003/6/11,8:30:39,大分県中部,33°18.8′N,131°22.3′E,10 km,3,震度２,33.31333333,131.3716667
2003/6/11,17:52:44,新島・神津島近海,34°14.1′N,139°10.9′E,11 km,2.2,震度１,34.235,139.1816667
2003/6/12,4:45:59,北海道南西沖,41°35.0′N,139°26.0′E,21 km,4.5,震度３,41.58333333,139.4333333
2003/6/12,9:03:04,和歌山県北部,34°12.6′N,135°18.6′E,7 km,3,震度１,34.21,135.31
2003/6/12,17:23:53,宮城県沖,38°46.9′N,141°38.1′E,67 km,3.2,震度１,38.78166667,141.635
2003/6/12,19:12:21,浦河沖,42°03.2′N,142°28.5′E,66 km,4,震度２,42.05333333,142.475
2003/6/12,20:40:13,長野県南部,35°56.6′N,137°31.5′E,8 km,3.2,震度２,35.94333333,137.525
2003/6/12,22:32:31,熊本県熊本地方,32°49.7′N,130°41.6′E,6 km,1.5,震度１,32.82833333,130.6933333
2003/6/12,23:03:40,鹿児島県薩摩地方,31°18.5′N,130°28.1′E,155 km,4.1,震度１,31.30833333,130.4683333
2003/6/12,23:10:38,宮城県北部,38°52.7′N,141°40.0′E,66 km,3.2,震度１,38.87833333,141.6666667
2003/6/13,0:24:15,宮城県北部,38°54.7′N,141°39.3′E,69 km,2.7,震度１,38.91166667,141.655
2003/6/13,10:07:36,長野県南部,35°56.4′N,137°31.7′E,8 km,4.2,震度４,35.94,137.5283333
2003/6/13,14:52:12,宮城県沖,38°50.3′N,141°37.5′E,71 km,3,震度１,38.83833333,141.625
2003/6/13,18:33:59,宮城県沖,38°50.8′N,141°37.9′E,72 km,3.2,震度１,38.84666667,141.6316667
2003/6/13,19:10:25,宮城県沖,38°58.7′N,141°39.0′E,73 km,3.6,震度２,38.97833333,141.65
2003/6/14,2:04:26,宮城県沖,38°20.5′N,141°48.6′E,78 km,3.8,震度１,38.34166667,141.81
2003/6/14,2:13:33,新潟県下越地方,37°50.1′N,138°58.6′E,23 km,3.3,震度２,37.835,138.9766667
2003/6/14,8:38:12,兵庫県南東部,34°52.7′N,135°23.4′E,6 km,2.8,震度１,34.87833333,135.39
2003/6/14,9:34:53,宮城県沖,38°52.7′N,141°37.7′E,74 km,3.1,震度１,38.87833333,141.6283333
2003/6/14,14:55:38,宮城県沖,38°56.2′N,141°39.2′E,67 km,3.3,震度２,38.93666667,141.6533333
2003/6/14,23:03:33,宮城県北部,38°49.3′N,141°34.9′E,75 km,3.2,震度１,38.82166667,141.5816667
2003/6/15,0:43:12,宮城県北部,38°34.2′N,140°36.2′E,2 km,3.4,震度１,38.57,140.6033333
2003/6/15,1:54:29,茨城県沖,36°25.7′N,141°10.9′E,48 km,4.1,震度２,36.42833333,141.1816667
2003/6/15,6:03:18,宮城県沖,38°53.7′N,141°36.4′E,75 km,3,震度１,38.895,141.6066667
2003/6/15,10:24:51,宮城県北部,38°55.0′N,141°37.5′E,72 km,2.6,震度１,38.91666667,141.625
2003/6/15,15:07:52,和歌山県北部,34°06.0′N,135°08.6′E,6 km,2.3,震度１,34.1,135.1433333
2003/6/15,17:53:22,宮城県沖,38°52.4′N,141°39.3′E,72 km,3.7,震度２,38.87333333,141.655
2003/6/15,20:12:15,浦河沖,41°57.4′N,142°19.8′E,70 km,4,震度２,41.95666667,142.33
2003/6/16,7:13:58,釧路地方北部,43°35.4′N,144°32.6′E,0 km,3.5,震度１,43.59,144.5433333
2003/6/16,10:47:51,宮城県沖,38°53.3′N,141°38.1′E,72 km,2.9,震度１,38.88833333,141.635
2003/6/16,18:34:05,茨城県沖,36°50.4′N,141°15.7′E,77 km,5.1,震度４,36.84,141.2616667
2003/6/16,19:07:40,鹿児島県薩摩地方,31°50.1′N,130°17.1′E,7 km,2.8,震度２,31.835,130.285
2003/6/16,20:09:28,和歌山県北部,34°07.7′N,135°21.1′E,7 km,2.2,震度１,34.12833333,135.3516667
2003/6/16,21:11:28,宮城県沖,38°50.6′N,141°37.2′E,73 km,3.6,震度１,38.84333333,141.62
2003/6/17,0:58:17,宮城県沖,38°51.1′N,141°39.0′E,67 km,3.3,震度１,38.85166667,141.65
2003/6/17,1:49:59,静岡県中部,35°01.1′N,138°20.7′E,29 km,3,震度１,35.01833333,138.345
2003/6/17,10:17:23,宮城県沖,38°50.5′N,141°36.2′E,72 km,3.6,震度１,38.84166667,141.6033333
2003/6/17,22:25:39,宮城県中部,38°20.2′N,140°39.4′E,10 km,3.1,震度２,38.33666667,140.6566667
2003/6/18,10:20:58,岩手県沖,40°20.7′N,142°13.2′E,54 km,3.6,震度１,40.345,142.22
2003/6/18,10:43:02,五島列島近海,32°49.4′N,128°56.8′E,9 km,3.3,震度１,32.82333333,128.9466667
2003/6/18,13:35:54,十勝地方南部,42°20.7′N,143°04.2′E,51 km,4.2,震度２,42.345,143.07
2003/6/18,15:16:39,伊勢湾,34°51.5′N,136°45.0′E,15 km,2.9,震度２,34.85833333,136.75
2003/6/18,21:57:55,奄美大島近海,28°31.3′N,129°23.8′E,0 km,3,震度１,28.52166667,129.3966667
2003/6/19,8:58:03,茨城県沖,36°25.4′N,140°39.7′E,55 km,3.3,震度１,36.42333333,140.6616667
2003/6/19,9:42:53,宮城県沖,38°49.1′N,141°35.7′E,74 km,3.5,震度１,38.81833333,141.595
2003/6/19,10:35:22,沖縄本島近海,26°33.0′N,128°47.6′E,24 km,4.7,震度１,26.55,128.7933333
2003/6/19,12:22:05,宮城県沖,38°49.1′N,141°35.6′E,74 km,3.2,震度１,38.81833333,141.5933333
2003/6/19,14:18:59,宮城県北部,38°52.5′N,141°35.3′E,76 km,3.6,震度１,38.875,141.5883333
2003/6/19,19:44:23,沖縄本島近海,26°31.1′N,128°51.0′E,20 km,5.4,震度１,26.51833333,128.85
2003/6/19,22:56:02,和歌山県北部,34°10.2′N,135°11.0′E,4 km,2.5,震度１,34.17,135.1833333
2003/6/19,23:04:54,宮城県沖,38°32.5′N,141°57.3′E,89 km,4.2,震度２,38.54166667,141.955
2003/6/20,4:12:28,宮城県沖,38°50.8′N,141°37.7′E,70 km,3.2,震度１,38.84666667,141.6283333
2003/6/20,4:47:27,岩手県沖,39°20.3′N,142°03.7′E,47 km,3,震度１,39.33833333,142.0616667
2003/6/20,9:29:54,青森県東方沖,40°48.9′N,143°24.0′E,26 km,5.1,震度２,40.815,143.4
2003/6/20,10:44:28,宮城県沖,38°49.2′N,141°38.7′E,63 km,2.8,震度１,38.82,141.645
2003/6/20,16:22:26,房総半島南方沖,34°23.2′N,139°53.2′E,32 km,3.2,震度１,34.38666667,139.8866667
2003/6/20,19:13:44,紀伊水道,33°45.1′N,135°19.8′E,48 km,3.3,震度２,33.75166667,135.33
2003/6/20,19:25:57,宮城県沖,38°49.1′N,141°42.7′E,61 km,2.9,震度１,38.81833333,141.7116667
2003/6/21,3:11:55,岩手県沖,40°20.8′N,142°04.3′E,50 km,3.7,震度２,40.34666667,142.0716667
2003/6/21,3:12:39,岐阜県飛騨地方,35°56.7′N,137°30.5′E,9 km,2.4,震度１,35.945,137.5083333
2003/6/21,7:41:20,福井県嶺南,35°39.2′N,136°04.6′E,6 km,2.4,震度１,35.65333333,136.0766667
2003/6/21,10:23:16,岩手県内陸北部,40°21.4′N,141°36.5′E,88 km,3.1,震度１,40.35666667,141.6083333
2003/6/22,0:08:16,静岡県西部,34°46.8′N,138°07.7′E,14 km,2.5,震度１,34.78,138.1283333
2003/6/22,1:33:56,新潟県中越地方,37°14.0′N,138°35.3′E,8 km,2.4,震度１,37.23333333,138.5883333
2003/6/22,12:33:40,宮城県北部,38°49.3′N,141°34.7′E,74 km,3.9,震度２,38.82166667,141.5783333
2003/6/22,15:16:12,京都府沖,35°45.9′N,135°03.2′E,13 km,2.8,震度１,35.765,135.0533333
2003/6/23,1:23:07,茨城県南部,36°07.3′N,139°50.0′E,49 km,3,震度１,36.12166667,139.8333333
2003/6/23,8:26:13,十勝沖,42°29.2′N,143°39.4′E,73 km,3.7,震度１,42.48666667,143.6566667
2003/6/23,9:05:06,宮城県沖,38°52.5′N,141°37.8′E,71 km,3.2,震度１,38.875,141.63
2003/6/24,0:33:31,伊予灘,33°31.8′N,131°55.7′E,64 km,4.2,震度２,33.53,131.9283333
2003/6/24,5:23:51,十勝地方中部,42°47.9′N,143°06.2′E,80 km,3.9,震度１,42.79833333,143.1033333
2003/6/24,5:27:57,宮城県沖,38°47.5′N,141°37.8′E,66 km,3.1,震度１,38.79166667,141.63
2003/6/25,0:33:13,宮城県沖,38°49.7′N,141°38.2′E,66 km,3,震度１,38.82833333,141.6366667
2003/6/25,4:12:06,鹿児島県薩摩地方,31°50.5′N,130°18.4′E,7 km,2.2,震度１,31.84166667,130.3066667
2003/6/25,6:11:50,熊本県天草・芦北地方,32°19.0′N,130°25.5′E,9 km,2.9,震度１,32.31666667,130.425
2003/6/25,7:06:33,大分県中部,33°17.4′N,131°30.8′E,9 km,2.8,震度２,33.29,131.5133333
2003/6/25,7:07:56,大分県中部,33°17.4′N,131°30.5′E,8 km,2.2,震度１,33.29,131.5083333
2003/6/25,8:25:41,大分県中部,33°17.3′N,131°30.5′E,9 km,2.3,震度１,33.28833333,131.5083333
2003/6/25,8:29:10,大分県中部,33°17.2′N,131°30.3′E,9 km,2.4,震度１,33.28666667,131.505
2003/6/25,13:03:22,新島・神津島近海,34°16.8′N,139°09.9′E,8 km,2.2,震度１,34.28,139.165
2003/6/25,17:59:04,大分県中部,33°17.4′N,131°30.6′E,8 km,3.6,震度３,33.29,131.51
2003/6/25,18:17:21,宮城県沖,38°48.3′N,141°37.3′E,71 km,2.8,震度１,38.805,141.6216667
2003/6/25,19:46:23,日向灘,32°41.1′N,132°07.9′E,37 km,4,震度２,32.685,132.1316667
2003/6/26,7:42:41,日高地方東部,42°08.7′N,143°19.9′E,39 km,3.8,震度１,42.145,143.3316667
2003/6/26,14:05:11,十勝地方中部,43°02.4′N,143°17.5′E,121 km,3.8,震度１,43.04,143.2916667
2003/6/27,0:03:13,宮城県沖,38°56.4′N,141°39.9′E,69 km,3.9,震度２,38.94,141.665
2003/6/27,0:22:50,宮城県南部,38°07.1′N,140°26.4′E,7 km,3.2,震度１,38.11833333,140.44
2003/6/27,0:33:34,京都府南部,35°08.6′N,135°39.7′E,7 km,2,震度１,35.14333333,135.6616667
2003/6/27,0:41:36,宮城県南部,38°07.0′N,140°26.5′E,6 km,3.4,震度１,38.11666667,140.4416667
2003/6/27,1:52:44,宮城県沖,38°51.9′N,141°39.6′E,64 km,3,震度１,38.865,141.66
2003/6/27,9:37:55,日高地方東部,42°18.7′N,143°03.3′E,51 km,3.7,震度１,42.31166667,143.055
2003/6/27,14:33:51,長野県南部,35°56.2′N,137°31.7′E,8 km,2.2,震度１,35.93666667,137.5283333
2003/6/27,21:21:39,京都府北部,35°35.1′N,135°03.3′E,5 km,2,震度１,35.585,135.055
2003/6/28,2:40:57,沖縄本島近海,27°07.8′N,128°15.3′E,13 km,3.9,震度１,27.13,128.255
2003/6/28,13:33:40,宮城県沖,38°52.4′N,141°39.6′E,68 km,3.1,震度１,38.87333333,141.66
2003/6/28,19:07:44,宮城県沖,38°52.0′N,141°39.2′E,68 km,3.1,震度１,38.86666667,141.6533333
2003/6/28,20:18:50,宮城県沖,38°48.7′N,141°34.6′E,72 km,4.4,震度３,38.81166667,141.5766667
2003/6/28,20:19:49,茨城県沖,36°00.9′N,141°06.4′E,42 km,4,震度１,36.015,141.1066667
2003/6/29,4:25:03,上川地方南部,43°23.2′N,142°21.0′E,12 km,2.6,震度１,43.38666667,142.35
2003/6/29,4:58:37,宮城県北部,38°57.4′N,141°37.6′E,72 km,3.2,震度１,38.95666667,141.6266667
2003/6/29,5:18:39,青森県下北地方,41°18.0′N,141°13.0′E,92 km,3.6,震度１,41.3,141.2166667
2003/6/29,16:15:57,京都府北部,35°35.1′N,135°03.3′E,6 km,2.3,震度１,35.585,135.055
2003/6/29,17:06:22,滋賀県南部,35°05.7′N,135°57.5′E,13 km,2.4,震度１,35.095,135.9583333
2003/6/30,4:26:55,島根県東部,35°07.9′N,132°40.3′E,10 km,2.9,震度１,35.13166667,132.6716667
2003/7/1,4:54:58,宮城県沖,38°48.3′N,141°37.3′E,65 km,3.2,震度１,38.805,141.6216667
2003/7/1,12:30:12,宮城県沖,38°51.1′N,141°37.7′E,71 km,3.7,震度２,38.85166667,141.6283333
2003/7/1,12:31:30,三重県南東沖,33°55.2′N,136°10.3′E,12 km,3.4,震度２,33.92,136.1716667
2003/7/1,15:27:59,釧路地方中南部,43°09.0′N,144°05.3′E,98 km,4,震度１,43.15,144.0883333
2003/7/1,18:44:20,宮城県沖,38°51.4′N,141°39.0′E,73 km,3.5,震度１,38.85666667,141.65
2003/7/2,0:39:52,島根県東部,35°24.0′N,133°18.8′E,11 km,2,震度１,35.4,133.3133333
2003/7/2,11:55:15,国後島付近,43°52.8′N,146°18.5′E,92 km,4,震度１,43.88,146.3083333
2003/7/2,19:33:28,和歌山県南部,33°31.8′N,135°33.0′E,11 km,3.8,震度２,33.53,135.55
2003/7/2,20:51:07,苫小牧沖,41°36.0′N,141°20.2′E,91 km,3.6,震度１,41.6,141.3366667
2003/7/2,21:58:04,宮城県北部,38°53.8′N,141°39.4′E,69 km,3.2,震度１,38.89666667,141.6566667
2003/7/3,7:11:16,新島・神津島近海,34°15.8′N,139°11.0′E,14 km,2.6,震度２,34.26333333,139.1833333
2003/7/3,8:52:29,釧路沖,42°22.3′N,144°57.2′E,33 km,5.9,震度３,42.37166667,144.9533333
2003/7/3,13:01:09,秋田県沖,39°20.0′N,139°47.9′E,19 km,3.1,震度１,39.33333333,139.7983333
2003/7/4,1:09:27,宮城県沖,38°51.4′N,141°38.7′E,68 km,3.2,震度１,38.85666667,141.645
2003/7/4,1:54:33,宮城県北部,38°52.5′N,141°40.4′E,66 km,3,震度１,38.875,141.6733333
2003/7/4,19:15:41,長野県南部,35°56.8′N,137°31.3′E,8 km,2,震度１,35.94666667,137.5216667
2003/7/5,2:37:56,宮城県沖,38°49.6′N,141°35.2′E,74 km,3.2,震度１,38.82666667,141.5866667
2003/7/5,3:05:47,和歌山県南部,33°43.9′N,135°31.5′E,11 km,2.6,震度１,33.73166667,135.525
2003/7/5,20:35:15,長野県北部,36°59.7′N,138°24.0′E,13 km,2.5,震度１,36.995,138.4
2003/7/6,8:30:25,和歌山県南方沖,32°41.6′N,135°56.5′E,38 km,4.6,震度２,32.69333333,135.9416667
2003/7/6,14:51:12,岐阜県飛騨地方,35°56.1′N,137°30.8′E,9 km,2,震度１,35.935,137.5133333
2003/7/7,3:39:05,宮城県沖,38°49.6′N,141°38.1′E,65 km,3.7,震度２,38.82666667,141.635
2003/7/8,2:41:23,宮城県沖,38°48.4′N,141°34.3′E,72 km,3.8,震度２,38.80666667,141.5716667
2003/7/8,5:05:06,宮城県沖,38°47.9′N,141°36.7′E,71 km,3.2,震度１,38.79833333,141.6116667
2003/7/8,8:56:50,宮城県沖,38°50.9′N,141°36.9′E,75 km,3.9,震度２,38.84833333,141.615
2003/7/8,13:30:51,釧路沖,42°26.4′N,145°06.8′E,41 km,5.3,震度２,42.44,145.1133333
2003/7/8,17:30:02,熊本県天草・芦北地方,32°26.8′N,130°32.5′E,9 km,3.2,震度２,32.44666667,130.5416667
2003/7/8,23:32:30,宮城県北部,38°51.6′N,141°34.8′E,75 km,3.6,震度２,38.86,141.58
2003/7/9,0:25:36,宮城県北部,38°51.8′N,141°35.1′E,75 km,3.1,震度１,38.86333333,141.585
2003/7/9,2:14:22,愛知県西部,34°54.6′N,136°50.7′E,17 km,4.1,震度４,34.91,136.845
2003/7/9,2:16:31,福島県沖,37°01.5′N,141°12.2′E,72 km,3.5,震度１,37.025,141.2033333
2003/7/9,7:11:25,釧路沖,42°25.5′N,145°06.1′E,40 km,4.4,震度１,42.425,145.1016667
2003/7/9,14:46:10,宮城県北部,38°50.4′N,141°34.9′E,75 km,3.5,震度１,38.84,141.5816667
2003/7/9,22:57:04,宮城県北部,38°49.4′N,141°34.5′E,74 km,3.3,震度１,38.82333333,141.575
2003/7/9,23:07:30,宮城県沖,38°57.2′N,141°39.2′E,68 km,3.3,震度１,38.95333333,141.6533333
2003/7/10,1:18:59,宮城県沖,38°48.0′N,141°36.7′E,71 km,3.5,震度１,38.8,141.6116667
2003/7/10,2:15:15,トカラ列島近海,29°46.0′N,130°06.2′E,59 km,5.3,震度３,29.76666667,130.1033333
2003/7/10,3:00:58,三重県北部,34°58.2′N,136°39.9′E,14 km,2.5,震度１,34.97,136.665
2003/7/10,12:57:17,山形県村山地方,38°20.8′N,140°03.0′E,11 km,2.7,震度１,38.34666667,140.05
2003/7/10,13:02:16,長野県南部,35°51.8′N,137°36.4′E,8 km,3.1,震度３,35.86333333,137.6066667
2003/7/10,13:12:10,長野県南部,35°51.1′N,137°35.8′E,5 km,1.7,震度１,35.85166667,137.5966667
2003/7/10,14:51:37,島根県西部,35°09.8′N,132°33.7′E,9 km,3.2,震度１,35.16333333,132.5616667
2003/7/10,19:22:48,宮城県沖,38°50.2′N,141°38.2′E,66 km,3.5,震度１,38.83666667,141.6366667
2003/7/10,20:33:20,宮城県沖,38°48.8′N,141°35.8′E,74 km,3.1,震度１,38.81333333,141.5966667
2003/7/11,1:57:35,埼玉県南部,36°02.4′N,139°47.4′E,77 km,3,震度１,36.04,139.79
2003/7/11,2:04:56,島根県東部,35°23.1′N,133°16.3′E,9 km,1.9,震度１,35.385,133.2716667
2003/7/11,8:20:22,岩手県沿岸北部,40°12.7′N,141°34.4′E,77 km,3.3,震度２,40.21166667,141.5733333
2003/7/11,14:23:57,神奈川県西部,35°30.2′N,139°05.7′E,21 km,4.1,震度３,35.50333333,139.095
2003/7/11,14:58:52,神奈川県西部,35°30.4′N,139°05.8′E,22 km,3.1,震度１,35.50666667,139.0966667
2003/7/11,18:07:14,和歌山県南方沖,33°25.5′N,135°25.1′E,29 km,3.8,震度１,33.425,135.4183333
2003/7/11,20:21:59,宮城県沖,38°51.9′N,141°36.7′E,73 km,3.3,震度１,38.865,141.6116667
2003/7/12,2:19:08,宮城県沖,38°44.4′N,142°19.6′E,38 km,3.9,震度１,38.74,142.3266667
2003/7/12,2:31:54,神奈川県西部,35°30.1′N,139°05.7′E,22 km,4.1,震度３,35.50166667,139.095
2003/7/12,16:45:33,熊本県熊本地方,32°45.2′N,130°41.0′E,9 km,2.7,震度１,32.75333333,130.6833333
2003/7/14,3:38:06,福島県会津,37°06.6′N,139°25.5′E,7 km,2.9,震度１,37.11,139.425
2003/7/14,7:30:56,宮城県沖,38°52.1′N,141°39.2′E,70 km,4.4,震度２,38.86833333,141.6533333
2003/7/14,15:13:05,宮城県北部,38°53.5′N,141°39.8′E,73 km,2.9,震度１,38.89166667,141.6633333
2003/7/15,1:55:03,山梨県東部・富士五湖,35°31.5′N,138°58.8′E,20 km,3,震度１,35.525,138.98
2003/7/15,19:57:44,鳥取県西部,35°18.5′N,133°19.0′E,7 km,2.3,震度１,35.30833333,133.3166667
2003/7/16,6:12:54,紀伊水道,34°01.5′N,134°47.8′E,46 km,3.6,震度２,34.025,134.7966667
2003/7/16,19:04:19,長野県南部,35°55.5′N,137°37.6′E,9 km,2.3,震度１,35.925,137.6266667
2003/7/17,4:52:41,宮城県沖,38°50.2′N,141°36.0′E,73 km,3.8,震度２,38.83666667,141.6
2003/7/17,5:02:37,宮城県沖,38°49.8′N,141°38.2′E,67 km,3.1,震度１,38.83,141.6366667
2003/7/17,11:53:10,千葉県東方沖,35°45.7′N,141°02.6′E,40 km,4.2,震度２,35.76166667,141.0433333
2003/7/17,12:43:11,宮城県沖,38°52.4′N,141°39.5′E,69 km,3.3,震度１,38.87333333,141.6583333
2003/7/17,16:46:09,三陸沖,39°43.0′N,143°14.6′E,20 km,4.8,震度１,39.71666667,143.2433333
2003/7/18,8:57:00,長野県南部,35°51.6′N,137°34.6′E,7 km,4.1,震度４,35.86,137.5766667
2003/7/18,9:08:47,長野県南部,35°51.6′N,137°34.8′E,7 km,2.7,震度２,35.86,137.58
2003/7/18,9:26:55,長野県南部,35°51.5′N,137°34.6′E,7 km,3,震度２,35.85833333,137.5766667
2003/7/18,10:53:44,宮城県北部,38°55.4′N,141°35.8′E,76 km,3.5,震度１,38.92333333,141.5966667
2003/7/18,12:32:46,宮城県北部,38°49.8′N,141°34.9′E,75 km,4.6,震度３,38.83,141.5816667
2003/7/18,13:36:36,宮城県北部,38°49.7′N,141°34.9′E,75 km,3.4,震度１,38.82833333,141.5816667
2003/7/18,17:46:33,岩手県沖,40°08.9′N,142°25.0′E,35 km,3.8,震度１,40.14833333,142.4166667
2003/7/19,2:42:01,宮城県北部,38°56.3′N,141°38.0′E,75 km,3.3,震度２,38.93833333,141.6333333
2003/7/19,12:04:25,長野県南部,35°51.5′N,137°34.5′E,7 km,2,震度１,35.85833333,137.575
2003/7/19,16:18:27,宮城県沖,38°52.5′N,141°39.5′E,68 km,3,震度１,38.875,141.6583333
2003/7/20,1:47:05,岩手県内陸南部,39°02.5′N,140°57.1′E,6 km,3.3,震度２,39.04166667,140.9516667
2003/7/20,2:25:18,津軽海峡,41°27.6′N,140°17.1′E,9 km,4.1,震度２,41.46,140.285
2003/7/20,7:32:36,浦河沖,42°02.2′N,142°35.7′E,62 km,3.8,震度１,42.03666667,142.595
2003/7/20,17:37:09,宮城県北部,38°50.4′N,141°35.7′E,72 km,3.6,震度１,38.84,141.595
2003/7/21,18:21:29,胆振地方中東部,42°43.5′N,141°53.7′E,15 km,3,震度２,42.725,141.895
2003/7/21,19:04:07,宮城県沖,38°48.2′N,141°36.3′E,71 km,4.4,震度３,38.80333333,141.605
2003/7/22,5:26:51,宮城県沖,38°54.8′N,142°07.1′E,44 km,3.9,震度１,38.91333333,142.1183333
2003/7/22,7:13:24,宮城県北部,38°50.2′N,141°35.2′E,75 km,3.6,震度２,38.83666667,141.5866667
2003/7/22,7:20:18,宮城県沖,38°48.2′N,142°01.1′E,46 km,3.3,震度１,38.80333333,142.0183333
2003/7/22,17:35:40,青森県三八上北地方,40°35.0′N,141°28.1′E,85 km,3.7,震度２,40.58333333,141.4683333
2003/7/23,3:25:34,上川地方南部,43°22.6′N,142°35.4′E,4 km,2.8,震度１,43.37666667,142.59
2003/7/23,6:03:33,北海道南西沖,42°10.8′N,139°16.7′E,12 km,3.8,震度１,42.18,139.2783333
2003/7/23,9:52:26,岩手県沖,39°06.7′N,142°07.0′E,45 km,3.3,震度１,39.11166667,142.1166667
2003/7/23,13:27:54,岩手県内陸南部,39°02.8′N,140°57.1′E,8 km,2.8,震度１,39.04666667,140.9516667
2003/7/23,17:46:40,宮城県沖,38°18.7′N,141°56.9′E,44 km,4.2,震度１,38.31166667,141.9483333
2003/7/23,23:08:50,岩手県内陸南部,39°02.8′N,140°57.2′E,7 km,2.6,震度１,39.04666667,140.9533333
2003/7/24,0:19:33,宮城県北部,38°56.8′N,141°38.6′E,71 km,3,震度１,38.94666667,141.6433333
2003/7/24,8:19:32,鹿児島県薩摩地方,31°15.1′N,130°27.9′E,153 km,4,震度１,31.25166667,130.465
2003/7/25,0:49:42,新島・神津島近海,34°16.7′N,139°06.6′E,12 km,2.4,震度１,34.27833333,139.11
2003/7/25,16:41:29,宮城県沖,38°52.1′N,141°38.1′E,70 km,3.2,震度１,38.86833333,141.635
2003/7/26,0:13:08,宮城県中部,38°26.0′N,141°09.8′E,12 km,5.6,震度６弱,38.43333333,141.1633333
2003/7/26,0:18:06,宮城県中部,38°25.5′N,141°10.3′E,11 km,2.7,震度３,38.425,141.1716667
2003/7/26,0:18:51,宮城県中部,38°26.1′N,141°10.9′E,12 km,3.7,震度３,38.435,141.1816667
2003/7/26,0:19:56,宮城県中部,38°25.3′N,141°10.2′E,12 km,3.3,震度３,38.42166667,141.17
2003/7/26,0:20:29,宮城県中部,38°25.8′N,141°11.2′E,11 km,2.9,震度１,38.43,141.1866667
2003/7/26,0:20:49,宮城県中部,38°25.9′N,141°09.2′E,11 km,3.4,震度２,38.43166667,141.1533333
2003/7/26,0:25:52,宮城県中部,38°26.2′N,141°10.0′E,13 km,1.7,震度１,38.43666667,141.1666667
2003/7/26,0:28:06,宮城県中部,38°24.1′N,141°09.5′E,14 km,2.5,震度２,38.40166667,141.1583333
2003/7/26,0:30:34,宮城県中部,38°23.5′N,141°09.5′E,8 km,1.7,震度１,38.39166667,141.1583333
2003/7/26,0:34:22,宮城県中部,38°23.7′N,141°08.9′E,11 km,2.3,震度２,38.395,141.1483333
2003/7/26,0:38:33,宮城県中部,38°23.9′N,141°09.2′E,12 km,3.2,震度３,38.39833333,141.1533333
2003/7/26,0:39:55,宮城県中部,38°23.5′N,141°09.1′E,8 km,2.1,震度１,38.39166667,141.1516667
2003/7/26,0:49:15,宮城県中部,38°24.5′N,141°09.3′E,7 km,2,震度１,38.40833333,141.155
2003/7/26,0:50:46,宮城県中部,38°26.1′N,141°10.5′E,13 km,3.4,震度２,38.435,141.175
2003/7/26,0:59:02,宮城県中部,38°26.1′N,141°10.0′E,13 km,2.1,震度１,38.435,141.1666667
2003/7/26,1:03:58,宮城県中部,38°26.2′N,141°10.8′E,13 km,2.6,震度１,38.43666667,141.18
2003/7/26,1:10:56,宮城県中部,38°24.7′N,141°09.7′E,12 km,2.1,震度１,38.41166667,141.1616667
2003/7/26,1:22:46,宮城県中部,38°25.0′N,141°10.7′E,11 km,1.6,震度１,38.41666667,141.1783333
2003/7/26,1:23:34,宮城県中部,38°23.6′N,141°09.2′E,12 km,3,震度３,38.39333333,141.1533333
2003/7/26,1:30:35,宮城県中部,38°23.0′N,141°08.7′E,11 km,1.9,震度１,38.38333333,141.145
2003/7/26,1:54:57,宮城県中部,38°25.3′N,141°11.1′E,12 km,2.3,震度２,38.42166667,141.185
2003/7/26,2:18:25,宮城県中部,38°24.7′N,141°10.6′E,10 km,1.7,震度１,38.41166667,141.1766667
2003/7/26,2:20:59,宮城県中部,38°25.1′N,141°10.7′E,12 km,2.8,震度３,38.41833333,141.1783333
2003/7/26,2:26:02,宮城県中部,38°23.3′N,141°09.5′E,11 km,3.1,震度３,38.38833333,141.1583333
2003/7/26,2:27:52,宮城県中部,38°25.6′N,141°09.8′E,12 km,2.7,震度２,38.42666667,141.1633333
2003/7/26,2:37:28,宮城県中部,38°23.4′N,141°08.8′E,11 km,1.6,震度１,38.39,141.1466667
2003/7/26,2:44:02,宮城県中部,38°24.7′N,141°10.1′E,11 km,2.5,震度２,38.41166667,141.1683333
2003/7/26,2:49:20,宮城県中部,38°25.2′N,141°11.2′E,12 km,1.7,震度１,38.42,141.1866667
2003/7/26,2:59:46,宮城県中部,38°24.0′N,141°09.4′E,11 km,2.2,震度１,38.4,141.1566667
2003/7/26,3:09:32,宮城県中部,38°26.4′N,141°10.5′E,12 km,3.2,震度３,38.44,141.175
2003/7/26,3:11:22,宮城県中部,38°24.1′N,141°09.6′E,12 km,2.8,震度２,38.40166667,141.16
2003/7/26,3:15:22,宮城県中部,38°26.0′N,141°10.4′E,12 km,2.2,震度１,38.43333333,141.1733333
2003/7/26,3:29:21,宮城県中部,38°24.8′N,141°09.5′E,13 km,3,震度２,38.41333333,141.1583333
2003/7/26,3:48:32,宮城県中部,38°26.0′N,141°11.1′E,12 km,3.6,震度３,38.43333333,141.185
2003/7/26,4:05:59,奄美大島近海,28°08.2′N,129°28.4′E,37 km,4.2,震度２,28.13666667,129.4733333
2003/7/26,4:15:32,宮城県中部,38°26.7′N,141°10.0′E,12 km,2,震度１,38.445,141.1666667
2003/7/26,4:28:10,宮城県中部,38°24.2′N,141°10.3′E,10 km,2,震度１,38.40333333,141.1716667
2003/7/26,4:50:37,宮城県北部,38°27.1′N,141°09.7′E,13 km,2.3,震度１,38.45166667,141.1616667
2003/7/26,5:22:05,宮城県中部,38°23.1′N,141°09.0′E,11 km,3.6,震度３,38.385,141.15
2003/7/26,5:23:42,宮城県北部,38°27.2′N,141°10.3′E,12 km,2.4,震度１,38.45333333,141.1716667
2003/7/26,6:37:53,宮城県中部,38°26.6′N,141°10.1′E,13 km,2.7,震度２,38.44333333,141.1683333
2003/7/26,6:45:06,宮城県中部,38°26.1′N,141°11.1′E,12 km,2.8,震度２,38.435,141.185
2003/7/26,6:59:24,宮城県中部,38°24.8′N,141°10.0′E,11 km,2.3,震度１,38.41333333,141.1666667
2003/7/26,7:06:37,宮城県北部,38°27.0′N,141°10.8′E,12 km,2.6,震度１,38.45,141.18
2003/7/26,7:12:36,宮城県中部,38°24.5′N,141°10.3′E,11 km,2.1,震度２,38.40833333,141.1716667
2003/7/26,7:13:31,宮城県中部,38°24.3′N,141°10.2′E,12 km,6.4,震度６強,38.405,141.17
2003/7/26,7:15:02,宮城県中部,38°24.8′N,141°13.0′E,13 km,4,震度３,38.41333333,141.2166667
2003/7/26,7:15:39,宮城県北部,38°27.9′N,141°10.0′E,10 km,3.2,震度２,38.465,141.1666667
2003/7/26,7:16:29,宮城県中部,38°25.0′N,141°11.3′E,12 km,4,震度４,38.41666667,141.1883333
2003/7/26,7:17:34,宮城県中部,38°27.7′N,141°14.2′E,13 km,3.7,震度２,38.46166667,141.2366667
2003/7/26,7:18:03,宮城県中部,38°24.0′N,141°12.7′E,8 km,3.2,震度１,38.4,141.2116667
2003/7/26,7:18:14,宮城県中部,38°24.9′N,141°11.4′E,13 km,3.3,震度４,38.415,141.19
2003/7/26,7:18:35,宮城県中部,38°27.0′N,141°11.8′E,14 km,3.5,震度２,38.45,141.1966667
2003/7/26,7:19:10,宮城県沖,38°23.9′N,141°12.8′E,11 km,3.8,震度３,38.39833333,141.2133333
2003/7/26,7:19:31,宮城県中部,38°26.8′N,141°10.3′E,15 km,4.2,震度４,38.44666667,141.1716667
2003/7/26,7:20:37,宮城県中部,38°24.0′N,141°13.5′E,13 km,3.4,震度３,38.4,141.225
2003/7/26,7:21:53,宮城県中部,38°27.1′N,141°12.9′E,8 km,1.7,震度１,38.45166667,141.215
2003/7/26,7:21:58,宮城県中部,38°24.2′N,141°13.0′E,13 km,2.5,震度１,38.40333333,141.2166667
2003/7/26,7:22:10,宮城県北部,38°27.2′N,141°09.9′E,14 km,2.8,震度１,38.45333333,141.165
2003/7/26,7:22:36,宮城県中部,38°27.1′N,141°11.0′E,13 km,3,震度２,38.45166667,141.1833333
2003/7/26,7:23:40,宮城県中部,38°24.1′N,141°10.5′E,12 km,2,震度３,38.40166667,141.175
2003/7/26,7:24:09,宮城県中部,38°27.0′N,141°14.3′E,10 km,2,震度２,38.45,141.2383333
2003/7/26,7:24:23,宮城県北部,38°27.4′N,141°10.6′E,14 km,3.5,震度２,38.45666667,141.1766667
2003/7/26,7:25:17,宮城県中部,38°27.4′N,141°11.5′E,11 km,1.8,震度２,38.45666667,141.1916667
2003/7/26,7:25:33,宮城県中部,38°28.6′N,141°11.2′E,12 km,3,震度３,38.47666667,141.1866667
2003/7/26,7:26:05,宮城県中部,38°27.3′N,141°13.8′E,14 km,2.1,震度２,38.455,141.23
2003/7/26,7:26:17,宮城県中部,38°25.6′N,141°12.6′E,13 km,3.4,震度３,38.42666667,141.21
2003/7/26,7:26:29,宮城県中部,38°23.5′N,141°11.5′E,13 km,3,震度３,38.39166667,141.1916667
2003/7/26,7:27:31,宮城県中部,38°23.4′N,141°11.9′E,11 km,1.8,震度２,38.39,141.1983333
2003/7/26,7:28:12,宮城県中部,38°24.2′N,141°13.1′E,11 km,2.5,震度２,38.40333333,141.2183333
2003/7/26,7:30:37,宮城県北部,38°27.3′N,141°10.8′E,13 km,2.8,震度２,38.455,141.18
2003/7/26,7:31:33,宮城県中部,38°23.2′N,141°10.7′E,14 km,2.4,震度２,38.38666667,141.1783333
2003/7/26,7:31:54,宮城県北部,38°27.8′N,141°10.9′E,12 km,2.1,震度１,38.46333333,141.1816667
2003/7/26,7:32:43,宮城県中部,38°27.8′N,141°11.0′E,14 km,2.9,震度２,38.46333333,141.1833333
2003/7/26,7:33:16,宮城県中部,38°24.7′N,141°12.4′E,12 km,2.7,震度２,38.41166667,141.2066667
2003/7/26,7:35:14,宮城県北部,38°27.0′N,141°10.8′E,14 km,2.7,震度２,38.45,141.18
2003/7/26,7:35:41,宮城県中部,38°25.3′N,141°13.9′E,11 km,2.6,震度１,38.42166667,141.2316667
2003/7/26,7:36:44,宮城県中部,38°23.3′N,141°10.5′E,12 km,2.2,震度２,38.38833333,141.175
2003/7/26,7:39:41,宮城県中部,38°23.3′N,141°11.9′E,14 km,2.1,震度１,38.38833333,141.1983333
2003/7/26,7:41:01,宮城県中部,38°23.5′N,141°10.9′E,7 km,2.5,震度２,38.39166667,141.1816667
2003/7/26,7:42:16,宮城県中部,38°27.2′N,141°13.7′E,14 km,2,震度２,38.45333333,141.2283333
2003/7/26,7:42:43,宮城県中部,38°27.7′N,141°11.5′E,14 km,3.5,震度２,38.46166667,141.1916667
2003/7/26,7:44:00,宮城県中部,38°24.1′N,141°13.1′E,14 km,3.1,震度３,38.40166667,141.2183333
2003/7/26,7:44:12,宮城県北部,38°27.3′N,141°09.7′E,14 km,4.3,震度２,38.455,141.1616667
2003/7/26,7:45:18,宮城県北部,38°27.6′N,141°09.4′E,11 km,2.4,震度１,38.46,141.1566667
2003/7/26,7:45:50,宮城県北部,38°28.5′N,141°10.5′E,12 km,2.9,震度１,38.475,141.175
2003/7/26,7:47:13,宮城県中部,38°23.9′N,141°09.5′E,12 km,1.7,震度１,38.39833333,141.1583333
2003/7/26,7:48:14,宮城県中部,38°26.4′N,141°13.9′E,11 km,1.9,震度１,38.44,141.2316667
2003/7/26,7:48:56,宮城県中部,38°24.9′N,141°13.8′E,11 km,1.8,震度１,38.415,141.23
2003/7/26,7:49:52,宮城県沖,38°23.8′N,141°13.1′E,11 km,1.7,震度２,38.39666667,141.2183333
2003/7/26,7:50:29,宮城県中部,38°24.8′N,141°13.0′E,14 km,2.6,震度１,38.41333333,141.2166667
2003/7/26,7:50:53,宮城県北部,38°27.3′N,141°10.2′E,14 km,2.3,震度３,38.455,141.17
2003/7/26,7:51:33,宮城県中部,38°27.9′N,141°11.6′E,14 km,4,震度４,38.465,141.1933333
2003/7/26,7:52:02,宮城県北部,38°27.6′N,141°09.7′E,13 km,4.6,震度２,38.46,141.1616667
2003/7/26,7:53:59,宮城県中部,38°23.5′N,141°11.1′E,13 km,2.3,震度１,38.39166667,141.185
2003/7/26,7:54:40,宮城県北部,38°27.8′N,141°10.1′E,13 km,2.2,震度１,38.46333333,141.1683333
2003/7/26,7:54:52,宮城県中部,38°27.5′N,141°11.6′E,14 km,3.2,震度２,38.45833333,141.1933333
2003/7/26,7:58:25,宮城県中部,38°24.2′N,141°11.2′E,14 km,3.1,震度３,38.40333333,141.1866667
2003/7/26,8:02:13,宮城県中部,38°24.3′N,141°13.8′E,13 km,2.2,震度２,38.405,141.23
2003/7/26,8:03:48,宮城県中部,38°27.5′N,141°13.6′E,13 km,2.8,震度２,38.45833333,141.2266667
2003/7/26,8:04:20,宮城県中部,38°23.9′N,141°11.3′E,14 km,2.7,震度１,38.39833333,141.1883333
2003/7/26,8:05:40,宮城県中部,38°23.8′N,141°10.2′E,12 km,2.4,震度１,38.39666667,141.17
2003/7/26,8:08:28,宮城県沖,38°22.9′N,141°13.1′E,15 km,2.2,震度１,38.38166667,141.2183333
2003/7/26,8:09:30,宮城県沖,38°23.4′N,141°12.8′E,13 km,4,震度４,38.39,141.2133333
2003/7/26,8:12:54,宮城県沖,38°22.2′N,141°13.9′E,15 km,2.5,震度２,38.37,141.2316667
2003/7/26,8:15:22,宮城県中部,38°22.5′N,141°10.8′E,12 km,2.1,震度１,38.375,141.18
2003/7/26,8:16:31,宮城県沖,38°23.2′N,141°13.0′E,10 km,1.7,震度１,38.38666667,141.2166667
2003/7/26,8:16:59,宮城県中部,38°25.9′N,141°14.8′E,12 km,2.5,震度２,38.43166667,141.2466667
2003/7/26,8:18:05,宮城県中部,38°24.0′N,141°11.9′E,15 km,2.2,震度１,38.4,141.1983333
2003/7/26,8:19:29,宮城県沖,38°22.9′N,141°12.1′E,12 km,3.2,震度３,38.38166667,141.2016667
2003/7/26,8:21:34,宮城県中部,38°26.6′N,141°14.4′E,11 km,2.4,震度１,38.44333333,141.24
2003/7/26,8:22:30,宮城県中部,38°22.2′N,141°09.5′E,14 km,2.9,震度２,38.37,141.1583333
2003/7/26,8:22:47,宮城県中部,38°28.0′N,141°12.8′E,13 km,2,震度１,38.46666667,141.2133333
2003/7/26,8:23:26,宮城県中部,38°23.5′N,141°11.7′E,12 km,2,震度２,38.39166667,141.195
2003/7/26,8:23:47,宮城県沖,38°23.4′N,141°12.9′E,11 km,2,震度１,38.39,141.215
2003/7/26,8:26:17,宮城県中部,38°23.7′N,141°11.5′E,11 km,2.1,震度１,38.395,141.1916667
2003/7/26,8:28:05,宮城県中部,38°23.6′N,141°10.4′E,15 km,2.4,震度１,38.39333333,141.1733333
2003/7/26,8:32:23,宮城県中部,38°25.5′N,141°12.3′E,13 km,2.6,震度１,38.425,141.205
2003/7/26,8:34:09,宮城県中部,38°25.0′N,141°11.8′E,14 km,2.2,震度１,38.41666667,141.1966667
2003/7/26,8:34:44,宮城県北部,38°28.9′N,141°10.3′E,12 km,2.5,震度１,38.48166667,141.1716667
2003/7/26,8:36:15,宮城県中部,38°26.8′N,141°10.5′E,14 km,2.3,震度１,38.44666667,141.175
2003/7/26,8:38:46,宮城県中部,38°24.8′N,141°11.8′E,13 km,2.6,震度３,38.41333333,141.1966667
2003/7/26,8:39:11,宮城県中部,38°23.6′N,141°11.1′E,13 km,3.1,震度１,38.39333333,141.185
2003/7/26,8:39:42,宮城県沖,38°22.2′N,141°12.7′E,7 km,2.5,震度２,38.37,141.2116667
2003/7/26,8:41:19,宮城県北部,38°27.1′N,141°10.4′E,15 km,3.1,震度２,38.45166667,141.1733333
2003/7/26,8:42:59,宮城県中部,38°25.2′N,141°12.7′E,12 km,2.4,震度２,38.42,141.2116667
2003/7/26,8:44:46,宮城県中部,38°23.5′N,141°08.9′E,14 km,2.2,震度３,38.39166667,141.1483333
2003/7/26,8:45:30,宮城県北部,38°27.1′N,141°10.9′E,14 km,2.9,震度２,38.45166667,141.1816667
2003/7/26,8:46:20,宮城県北部,38°27.4′N,141°10.6′E,13 km,2.8,震度１,38.45666667,141.1766667
2003/7/26,8:49:07,宮城県中部,38°26.9′N,141°10.9′E,14 km,3.1,震度２,38.44833333,141.1816667
2003/7/26,8:51:38,宮城県北部,38°27.1′N,141°10.5′E,14 km,2.2,震度１,38.45166667,141.175
2003/7/26,8:52:36,宮城県中部,38°27.0′N,141°14.2′E,11 km,2.5,震度３,38.45,141.2366667
2003/7/26,8:52:46,宮城県中部,38°29.2′N,141°12.6′E,10 km,1.8,震度１,38.48666667,141.21
2003/7/26,8:53:08,宮城県北部,38°28.9′N,141°10.5′E,14 km,3.8,震度３,38.48166667,141.175
2003/7/26,8:56:00,宮城県中部,38°24.7′N,141°11.5′E,12 km,2.2,震度１,38.41166667,141.1916667
2003/7/26,8:58:22,宮城県北部,38°28.7′N,141°10.0′E,10 km,2.1,震度１,38.47833333,141.1666667
2003/7/26,8:58:52,宮城県中部,38°23.4′N,141°09.9′E,10 km,2.3,震度１,38.39,141.165
2003/7/26,9:03:41,宮城県北部,38°28.9′N,141°10.0′E,12 km,3.2,震度２,38.48166667,141.1666667
2003/7/26,9:07:29,宮城県中部,38°25.4′N,141°11.1′E,12 km,2.2,震度１,38.42333333,141.185
2003/7/26,9:07:46,宮城県中部,38°24.7′N,141°12.5′E,8 km,2.1,震度１,38.41166667,141.2083333
2003/7/26,9:08:40,宮城県中部,38°24.4′N,141°09.8′E,11 km,2.1,震度１,38.40666667,141.1633333
2003/7/26,9:12:49,宮城県中部,38°23.9′N,141°11.5′E,11 km,3.5,震度３,38.39833333,141.1916667
2003/7/26,9:16:13,宮城県中部,38°22.7′N,141°10.3′E,6 km,1.9,震度１,38.37833333,141.1716667
2003/7/26,9:18:48,宮城県中部,38°24.4′N,141°12.1′E,10 km,1.6,震度２,38.40666667,141.2016667
2003/7/26,9:19:18,宮城県中部,38°23.7′N,141°10.9′E,8 km,2.3,震度２,38.395,141.1816667
2003/7/26,9:19:46,宮城県中部,38°24.6′N,141°12.6′E,8 km,2.5,震度３,38.41,141.21
2003/7/26,9:20:30,宮城県中部,38°24.0′N,141°07.9′E,12 km,3,震度２,38.4,141.1316667
2003/7/26,9:23:11,宮城県中部,38°24.1′N,141°12.2′E,9 km,2,震度１,38.40166667,141.2033333
2003/7/26,9:26:19,宮城県中部,38°24.7′N,141°10.4′E,12 km,2.9,震度３,38.41166667,141.1733333
2003/7/26,9:27:04,宮城県中部,38°24.1′N,141°11.9′E,8 km,3.1,震度３,38.40166667,141.1983333
2003/7/26,9:33:17,宮城県中部,38°24.6′N,141°10.3′E,12 km,2.7,震度２,38.41,141.1716667
2003/7/26,9:35:07,宮城県中部,38°25.3′N,141°11.1′E,12 km,2.4,震度２,38.42166667,141.185
2003/7/26,9:36:49,宮城県沖,38°48.7′N,141°35.2′E,73 km,3.7,震度１,38.81166667,141.5866667
2003/7/26,9:41:39,宮城県中部,38°23.1′N,141°09.3′E,11 km,3.1,震度３,38.385,141.155
2003/7/26,9:43:10,宮城県中部,38°24.4′N,141°11.8′E,9 km,2.1,震度１,38.40666667,141.1966667
2003/7/26,9:46:06,宮城県中部,38°24.6′N,141°10.9′E,11 km,1.8,震度１,38.41,141.1816667
2003/7/26,9:48:30,宮城県中部,38°24.0′N,141°12.2′E,10 km,2.6,震度１,38.4,141.2033333
2003/7/26,9:50:17,宮城県北部,38°27.0′N,141°10.7′E,12 km,2.7,震度１,38.45,141.1783333
2003/7/26,9:54:01,宮城県北部,38°27.4′N,141°10.3′E,12 km,3.7,震度３,38.45666667,141.1716667
2003/7/26,9:55:03,宮城県中部,38°24.5′N,141°11.7′E,10 km,2.6,震度３,38.40833333,141.195
2003/7/26,9:55:58,宮城県中部,38°28.1′N,141°11.2′E,12 km,3.2,震度２,38.46833333,141.1866667
2003/7/26,9:58:10,宮城県中部,38°24.5′N,141°10.2′E,12 km,2.5,震度１,38.40833333,141.17
2003/7/26,9:59:02,宮城県中部,38°25.2′N,141°10.0′E,12 km,2.6,震度１,38.42,141.1666667
2003/7/26,10:01:00,宮城県中部,38°24.2′N,141°07.9′E,13 km,2.4,震度１,38.40333333,141.1316667
2003/7/26,10:03:13,宮城県中部,38°28.3′N,141°11.2′E,12 km,2.8,震度１,38.47166667,141.1866667
2003/7/26,10:04:39,宮城県中部,38°23.2′N,141°09.8′E,10 km,2,震度１,38.38666667,141.1633333
2003/7/26,10:07:11,宮城県中部,38°23.6′N,141°09.8′E,11 km,1.9,震度１,38.39333333,141.1633333
2003/7/26,10:17:29,宮城県中部,38°24.7′N,141°11.9′E,11 km,1.9,震度１,38.41166667,141.1983333
2003/7/26,10:20:37,宮城県中部,38°29.3′N,141°11.9′E,11 km,1.9,震度２,38.48833333,141.1983333
2003/7/26,10:20:58,宮城県北部,38°27.4′N,141°09.8′E,13 km,3.2,震度２,38.45666667,141.1633333
2003/7/26,10:22:25,宮城県北部,38°27.3′N,141°09.8′E,13 km,5.1,震度５弱,38.455,141.1633333
2003/7/26,10:25:33,宮城県北部,38°27.0′N,141°10.0′E,12 km,4,震度４,38.45,141.1666667
2003/7/26,10:28:27,宮城県中部,38°27.8′N,141°13.6′E,10 km,3.1,震度２,38.46333333,141.2266667
2003/7/26,10:33:17,宮城県中部,38°27.2′N,141°13.0′E,8 km,2.1,震度１,38.45333333,141.2166667
2003/7/26,10:43:53,宮城県中部,38°24.8′N,141°12.2′E,11 km,2.5,震度２,38.41333333,141.2033333
2003/7/26,10:51:08,宮城県中部,38°26.3′N,141°10.5′E,9 km,2.2,震度１,38.43833333,141.175
2003/7/26,10:58:17,宮城県中部,38°27.9′N,141°12.3′E,11 km,3.1,震度１,38.465,141.205
2003/7/26,10:59:44,宮城県中部,38°27.3′N,141°13.4′E,11 km,3.2,震度２,38.455,141.2233333
2003/7/26,11:05:37,宮城県中部,38°27.9′N,141°13.1′E,11 km,3.8,震度３,38.465,141.2183333
2003/7/26,11:07:49,宮城県中部,38°25.6′N,141°11.6′E,11 km,2.4,震度２,38.42666667,141.1933333
2003/7/26,11:08:04,宮城県中部,38°28.1′N,141°11.3′E,12 km,3.7,震度２,38.46833333,141.1883333
2003/7/26,11:18:22,宮城県中部,38°27.3′N,141°11.4′E,11 km,2.5,震度１,38.455,141.19
2003/7/26,11:25:57,宮城県中部,38°24.8′N,141°11.7′E,9 km,2,震度１,38.41333333,141.195
2003/7/26,11:33:43,宮城県中部,38°25.3′N,141°11.4′E,10 km,1.8,震度１,38.42166667,141.19
2003/7/26,11:40:25,宮城県中部,38°25.2′N,141°11.9′E,11 km,2.7,震度２,38.42,141.1983333
2003/7/26,11:41:34,宮城県中部,38°25.4′N,141°12.7′E,10 km,2.3,震度２,38.42333333,141.2116667
2003/7/26,11:43:12,宮城県北部,38°28.0′N,141°09.9′E,12 km,2.5,震度１,38.46666667,141.165
2003/7/26,11:44:49,宮城県中部,38°24.1′N,141°12.2′E,10 km,1.8,震度１,38.40166667,141.2033333
2003/7/26,11:47:32,宮城県中部,38°26.8′N,141°11.1′E,14 km,3.8,震度４,38.44666667,141.185
2003/7/26,11:48:52,宮城県中部,38°27.4′N,141°12.8′E,10 km,2.5,震度１,38.45666667,141.2133333
2003/7/26,12:00:45,宮城県北部,38°29.0′N,141°10.9′E,12 km,2.5,震度１,38.48333333,141.1816667
2003/7/26,12:01:21,宮城県中部,38°23.7′N,141°11.3′E,11 km,2.2,震度２,38.395,141.1883333
2003/7/26,12:03:06,宮城県中部,38°26.5′N,141°10.9′E,12 km,2.1,震度１,38.44166667,141.1816667
2003/7/26,12:14:50,宮城県中部,38°26.7′N,141°13.0′E,11 km,2.8,震度１,38.445,141.2166667
2003/7/26,12:16:25,宮城県中部,38°28.5′N,141°13.2′E,11 km,3.6,震度３,38.475,141.22
2003/7/26,12:33:56,福島県沖,37°19.1′N,141°05.5′E,81 km,3.2,震度１,37.31833333,141.0916667
2003/7/26,12:35:13,宮城県中部,38°26.8′N,141°09.4′E,13 km,2.1,震度１,38.44666667,141.1566667
2003/7/26,12:36:10,宮城県北部,38°29.1′N,141°10.7′E,12 km,3.2,震度２,38.485,141.1783333
2003/7/26,12:42:42,宮城県中部,38°29.3′N,141°12.0′E,12 km,3.2,震度２,38.48833333,141.2
2003/7/26,13:07:16,宮城県中部,38°27.9′N,141°12.0′E,11 km,2.4,震度１,38.465,141.2
2003/7/26,13:14:54,宮城県中部,38°24.7′N,141°12.1′E,10 km,1.6,震度１,38.41166667,141.2016667
2003/7/26,13:16:18,宮城県中部,38°24.8′N,141°11.2′E,9 km,1.8,震度１,38.41333333,141.1866667
2003/7/26,13:28:32,宮城県北部,38°30.0′N,140°40.5′E,9 km,2.8,震度１,38.5,140.675
2003/7/26,13:29:12,宮城県中部,38°24.2′N,141°09.6′E,9 km,2.2,震度１,38.40333333,141.16
2003/7/26,13:34:45,宮城県中部,38°25.7′N,141°11.5′E,11 km,2.9,震度２,38.42833333,141.1916667
2003/7/26,13:47:14,宮城県中部,38°23.5′N,141°09.7′E,11 km,2,震度１,38.39166667,141.1616667
2003/7/26,13:48:19,宮城県中部,38°24.6′N,141°11.6′E,11 km,1.9,震度１,38.41,141.1933333
2003/7/26,13:56:19,宮城県沖,38°23.7′N,141°12.0′E,10 km,1.9,震度１,38.395,141.2
2003/7/26,14:05:19,宮城県北部,38°27.6′N,141°09.9′E,12 km,2.6,震度１,38.46,141.165
2003/7/26,14:16:34,宮城県中部,38°28.0′N,141°12.3′E,10 km,2.9,震度１,38.46666667,141.205
2003/7/26,14:21:20,宮城県中部,38°24.3′N,141°11.5′E,11 km,2.4,震度２,38.405,141.1916667
2003/7/26,14:29:01,宮城県中部,38°24.2′N,141°11.7′E,12 km,3.7,震度４,38.40333333,141.195
2003/7/26,14:33:15,宮城県中部,38°24.5′N,141°11.9′E,10 km,2.2,震度２,38.40833333,141.1983333
2003/7/26,14:50:27,宮城県中部,38°28.0′N,141°12.1′E,11 km,3,震度２,38.46666667,141.2016667
2003/7/26,14:52:50,宮城県北部,38°27.6′N,141°09.8′E,12 km,3.8,震度４,38.46,141.1633333
2003/7/26,14:53:27,宮城県北部,38°27.7′N,141°10.0′E,13 km,4,震度３,38.46166667,141.1666667
2003/7/26,15:03:39,宮城県中部,38°28.0′N,141°11.2′E,11 km,3.9,震度３,38.46666667,141.1866667
2003/7/26,15:05:41,宮城県北部,38°27.2′N,141°10.5′E,13 km,2.7,震度１,38.45333333,141.175
2003/7/26,15:35:53,宮城県北部,38°27.2′N,141°10.3′E,13 km,3.3,震度２,38.45333333,141.1716667
2003/7/26,15:41:53,宮城県中部,38°29.1′N,141°11.8′E,12 km,3.9,震度４,38.485,141.1966667
2003/7/26,15:43:06,宮城県中部,38°29.4′N,141°12.2′E,11 km,2.7,震度１,38.49,141.2033333
2003/7/26,15:53:04,宮城県中部,38°24.0′N,141°11.0′E,10 km,2,震度１,38.4,141.1833333
2003/7/26,15:58:06,宮城県沖,38°23.8′N,141°12.3′E,10 km,2.2,震度２,38.39666667,141.205
2003/7/26,15:58:52,宮城県北部,38°29.9′N,140°40.3′E,7 km,3.4,震度１,38.49833333,140.6716667
2003/7/26,16:04:16,宮城県北部,38°27.0′N,141°10.4′E,12 km,2.9,震度１,38.45,141.1733333
2003/7/26,16:13:11,宮城県中部,38°27.1′N,141°12.7′E,12 km,2.8,震度１,38.45166667,141.2116667
2003/7/26,16:18:08,宮城県中部,38°24.1′N,141°10.7′E,11 km,1.6,震度１,38.40166667,141.1783333
2003/7/26,16:27:47,宮城県中部,38°27.6′N,141°13.5′E,8 km,1.9,震度１,38.46,141.225
2003/7/26,16:32:51,宮城県中部,38°22.9′N,141°09.7′E,9 km,1.7,震度１,38.38166667,141.1616667
2003/7/26,16:37:33,宮城県中部,38°28.2′N,141°11.4′E,12 km,2.5,震度１,38.47,141.19
2003/7/26,16:50:26,宮城県中部,38°23.3′N,141°08.9′E,10 km,1.9,震度１,38.38833333,141.1483333
2003/7/26,16:56:45,宮城県中部,38°30.0′N,141°11.3′E,12 km,5.5,震度６弱,38.5,141.1883333
2003/7/26,16:59:24,宮城県中部,38°29.1′N,141°12.9′E,11 km,3.8,震度３,38.485,141.215
2003/7/26,17:03:28,宮城県北部,38°29.9′N,141°10.7′E,12 km,2.5,震度１,38.49833333,141.1783333
2003/7/26,17:04:19,宮城県中部,38°24.2′N,141°09.9′E,8 km,1.8,震度１,38.40333333,141.165
2003/7/26,17:05:06,宮城県中部,38°30.4′N,141°12.4′E,10 km,1.6,震度１,38.50666667,141.2066667
2003/7/26,17:09:21,宮城県中部,38°30.3′N,141°11.8′E,11 km,2.5,震度１,38.505,141.1966667
2003/7/26,17:10:30,宮城県中部,38°22.8′N,141°09.6′E,9 km,1.7,震度１,38.38,141.16
2003/7/26,17:11:23,宮城県中部,38°23.7′N,141°10.2′E,6 km,1.7,震度１,38.395,141.17
2003/7/26,17:15:52,宮城県中部,38°23.2′N,141°10.1′E,11 km,2.7,震度２,38.38666667,141.1683333
2003/7/26,17:19:31,宮城県中部,38°25.8′N,141°10.2′E,13 km,2.9,震度２,38.43,141.17
2003/7/26,17:25:57,宮城県中部,38°24.5′N,141°12.6′E,7 km,1.8,震度１,38.40833333,141.21
2003/7/26,17:29:29,宮城県中部,38°24.7′N,141°12.0′E,12 km,1.9,震度１,38.41166667,141.2
2003/7/26,17:37:25,宮城県沖,38°22.8′N,141°07.7′E,12 km,2.2,震度１,38.38,141.1283333
2003/7/26,17:37:58,宮城県中部,38°26.0′N,141°13.1′E,10 km,2.2,震度１,38.43333333,141.2183333
2003/7/26,17:55:42,宮城県中部,38°23.2′N,141°08.8′E,10 km,2,震度１,38.38666667,141.1466667
2003/7/26,18:41:42,宮城県中部,38°23.5′N,141°09.7′E,12 km,1.7,震度１,38.39166667,141.1616667
2003/7/26,19:22:44,宮城県中部,38°26.8′N,141°12.6′E,11 km,2.2,震度１,38.44666667,141.21
2003/7/26,19:31:27,宮城県中部,38°24.8′N,141°09.9′E,12 km,3.3,震度２,38.41333333,141.165
2003/7/26,19:40:23,宮城県中部,38°23.7′N,141°10.1′E,11 km,2,震度１,38.395,141.1683333
2003/7/26,19:50:28,宮城県中部,38°25.4′N,141°13.1′E,9 km,1.9,震度１,38.42333333,141.2183333
2003/7/26,19:52:19,宮城県中部,38°23.4′N,141°10.0′E,11 km,1.7,震度１,38.39,141.1666667
2003/7/26,20:09:13,宮城県中部,38°23.9′N,141°11.3′E,11 km,1.8,震度１,38.39833333,141.1883333
2003/7/26,20:24:39,宮城県中部,38°24.6′N,141°10.4′E,11 km,2.7,震度２,38.41,141.1733333
2003/7/26,21:39:02,宮城県中部,38°29.5′N,141°12.4′E,12 km,2.4,震度１,38.49166667,141.2066667
2003/7/26,22:09:18,宮城県中部,38°28.6′N,141°11.2′E,12 km,3.2,震度２,38.47666667,141.1866667
2003/7/26,22:53:55,宮城県中部,38°24.3′N,141°12.6′E,10 km,1.5,震度１,38.405,141.21
2003/7/26,23:20:44,宮城県中部,38°23.6′N,141°11.9′E,10 km,1.3,震度１,38.39333333,141.1983333
2003/7/26,23:46:41,宮城県中部,38°25.1′N,141°11.3′E,9 km,1.7,震度１,38.41833333,141.1883333
2003/7/26,23:48:59,宮城県北部,38°27.1′N,141°09.7′E,14 km,2.5,震度１,38.45166667,141.1616667
2003/7/27,0:02:42,宮城県中部,38°26.2′N,141°11.4′E,12 km,3,震度２,38.43666667,141.19
2003/7/27,0:06:02,宮城県中部,38°26.4′N,141°10.7′E,13 km,2.8,震度１,38.44,141.1783333
2003/7/27,0:21:37,宮城県中部,38°26.4′N,141°13.9′E,10 km,2.2,震度２,38.44,141.2316667
2003/7/27,0:26:29,宮城県北部,38°27.6′N,141°10.1′E,13 km,2.6,震度１,38.46,141.1683333
2003/7/27,0:29:50,宮城県中部,38°24.7′N,141°12.2′E,11 km,2.6,震度３,38.41166667,141.2033333
2003/7/27,0:56:32,福島県沖,36°55.9′N,141°40.0′E,48 km,4.2,震度１,36.93166667,141.6666667
2003/7/27,1:01:53,宮城県中部,38°23.5′N,141°10.0′E,12 km,2.3,震度１,38.39166667,141.1666667
2003/7/27,1:08:43,宮城県中部,38°23.2′N,141°09.4′E,11 km,2.2,震度１,38.38666667,141.1566667
2003/7/27,1:21:08,宮城県中部,38°23.5′N,141°10.3′E,10 km,1.4,震度１,38.39166667,141.1716667
2003/7/27,1:55:52,奈良県,34°35.0′N,135°43.0′E,15 km,3.4,震度２,34.58333333,135.7166667
2003/7/27,2:01:46,宮城県中部,38°26.4′N,141°11.8′E,12 km,2.2,震度１,38.44,141.1966667
2003/7/27,2:26:59,宮城県中部,38°26.8′N,141°11.2′E,12 km,3.2,震度３,38.44666667,141.1866667
2003/7/27,2:31:45,宮城県中部,38°24.6′N,141°11.7′E,8 km,1.4,震度１,38.41,141.195
2003/7/27,2:47:17,宮城県中部,38°28.1′N,141°13.8′E,11 km,3.3,震度２,38.46833333,141.23
2003/7/27,2:49:27,宮城県中部,38°24.3′N,141°10.8′E,11 km,2.6,震度３,38.405,141.18
2003/7/27,3:08:30,宮城県中部,38°24.7′N,141°11.1′E,12 km,2.3,震度２,38.41166667,141.185
2003/7/27,3:47:06,宮城県中部,38°24.7′N,141°10.1′E,11 km,1.5,震度１,38.41166667,141.1683333
2003/7/27,3:47:49,宮城県中部,38°24.5′N,141°12.0′E,10 km,2.4,震度２,38.40833333,141.2
2003/7/27,4:03:44,宮城県中部,38°24.5′N,141°11.9′E,11 km,2.1,震度２,38.40833333,141.1983333
2003/7/27,4:16:38,宮城県中部,38°26.6′N,141°11.1′E,12 km,3.2,震度３,38.44333333,141.185
2003/7/27,4:30:20,宮城県中部,38°24.0′N,141°12.1′E,10 km,1.5,震度１,38.4,141.2016667
2003/7/27,4:46:24,宮城県中部,38°24.3′N,141°12.0′E,12 km,1.5,震度１,38.405,141.2
2003/7/27,5:01:32,宮城県中部,38°23.5′N,141°10.1′E,12 km,2.3,震度２,38.39166667,141.1683333
2003/7/27,5:10:43,宮城県中部,38°26.9′N,141°10.8′E,12 km,2.5,震度１,38.44833333,141.18
2003/7/27,5:14:18,宮城県中部,38°24.1′N,141°11.1′E,11 km,1.2,震度１,38.40166667,141.185
2003/7/27,5:23:38,宮城県中部,38°24.5′N,141°12.6′E,11 km,2.4,震度２,38.40833333,141.21
2003/7/27,5:40:54,宮城県中部,38°23.8′N,141°11.9′E,10 km,1.1,震度１,38.39666667,141.1983333
2003/7/27,5:52:50,宮城県中部,38°23.8′N,141°11.4′E,10 km,1.9,震度１,38.39666667,141.19
2003/7/27,6:01:13,宮城県中部,38°24.3′N,141°11.8′E,11 km,2.3,震度２,38.405,141.1966667
2003/7/27,6:03:55,宮城県中部,38°24.5′N,141°12.7′E,10 km,2.5,震度２,38.40833333,141.2116667
2003/7/27,6:22:11,宮城県北部,38°27.4′N,141°10.0′E,13 km,2.2,震度１,38.45666667,141.1666667
2003/7/27,7:22:29,宮城県中部,38°24.7′N,141°12.1′E,9 km,1.8,震度２,38.41166667,141.2016667
2003/7/27,8:09:14,宮城県北部,38°29.1′N,141°10.6′E,12 km,3.5,震度３,38.485,141.1766667
2003/7/27,8:15:17,宮城県中部,38°28.2′N,141°12.6′E,11 km,2.1,震度１,38.47,141.21
2003/7/27,8:18:59,宮城県中部,38°27.9′N,141°13.9′E,11 km,2.9,震度１,38.465,141.2316667
2003/7/27,8:24:34,宮城県中部,38°24.9′N,141°11.9′E,12 km,2.7,震度２,38.415,141.1983333
2003/7/27,9:19:11,宮城県中部,38°27.3′N,141°12.7′E,11 km,2.5,震度２,38.455,141.2116667
2003/7/27,9:35:13,宮城県北部,38°28.8′N,141°10.1′E,12 km,3,震度２,38.48,141.1683333
2003/7/27,9:50:07,宮城県中部,38°25.0′N,141°10.7′E,10 km,1.8,震度１,38.41666667,141.1783333
2003/7/27,10:20:03,宮城県中部,38°27.5′N,141°12.4′E,11 km,2.6,震度１,38.45833333,141.2066667
2003/7/27,10:21:40,宮城県中部,38°26.4′N,141°11.7′E,12 km,2.6,震度２,38.44,141.195
2003/7/27,10:41:18,宮城県中部,38°28.0′N,141°13.9′E,10 km,3,震度１,38.46666667,141.2316667
2003/7/27,10:59:59,宮城県中部,38°23.2′N,141°10.3′E,11 km,2.1,震度２,38.38666667,141.1716667
2003/7/27,11:05:17,宮城県中部,38°24.9′N,141°12.7′E,10 km,1.7,震度１,38.415,141.2116667
2003/7/27,11:09:09,宮城県中部,38°25.0′N,141°11.6′E,11 km,2.1,震度１,38.41666667,141.1933333
2003/7/27,11:13:31,宮城県北部,38°28.3′N,141°10.0′E,12 km,2.8,震度１,38.47166667,141.1666667
2003/7/27,11:43:53,宮城県中部,38°23.5′N,141°10.0′E,12 km,2.5,震度２,38.39166667,141.1666667
2003/7/27,12:57:43,宮城県中部,38°24.7′N,141°13.0′E,10 km,1.9,震度１,38.41166667,141.2166667
2003/7/27,13:20:29,宮城県中部,38°28.7′N,141°12.9′E,11 km,4.2,震度４,38.47833333,141.215
2003/7/27,13:28:10,宮城県中部,38°24.3′N,141°12.3′E,9 km,1.6,震度１,38.405,141.205
2003/7/27,14:49:00,宮城県中部,38°26.9′N,141°08.1′E,15 km,3.2,震度１,38.44833333,141.135
2003/7/27,14:58:21,宮城県中部,38°27.9′N,141°13.4′E,11 km,2.8,震度１,38.465,141.2233333
2003/7/27,15:03:46,宮城県中部,38°25.1′N,141°11.1′E,11 km,1.9,震度１,38.41833333,141.185
2003/7/27,15:25:34,日本海北部,46°49.1′N,139°08.8′E,487 km,7.1,震度３,46.81833333,139.1466667
2003/7/27,16:32:49,宮城県中部,38°24.6′N,141°11.3′E,10 km,1.4,震度１,38.41,141.1883333
2003/7/27,16:43:32,宮城県中部,38°23.0′N,141°09.5′E,12 km,3.6,震度４,38.38333333,141.1583333
2003/7/27,17:43:42,宮城県北部,38°29.2′N,141°10.1′E,12 km,2.7,震度１,38.48666667,141.1683333
2003/7/27,17:45:29,宮城県中部,38°23.2′N,141°10.2′E,11 km,3.4,震度４,38.38666667,141.17
2003/7/27,18:32:21,宮城県中部,38°24.1′N,141°12.2′E,11 km,1.5,震度１,38.40166667,141.2033333
2003/7/27,19:01:17,宮城県中部,38°25.1′N,141°11.0′E,12 km,2.6,震度２,38.41833333,141.1833333
2003/7/27,19:07:29,宮城県中部,38°25.5′N,141°12.6′E,11 km,3.5,震度４,38.425,141.21
2003/7/27,20:51:30,宮城県中部,38°23.5′N,141°09.9′E,12 km,2.1,震度１,38.39166667,141.165
2003/7/27,21:39:58,宮城県中部,38°23.1′N,141°09.9′E,11 km,1.4,震度１,38.385,141.165
2003/7/27,21:45:57,宮城県中部,38°25.0′N,141°10.4′E,12 km,2,震度１,38.41666667,141.1733333
2003/7/27,22:08:54,宮城県中部,38°25.4′N,141°10.8′E,12 km,1,震度１,38.42333333,141.18
2003/7/27,22:20:45,宮城県中部,38°27.5′N,141°12.4′E,11 km,2.8,震度２,38.45833333,141.2066667
2003/7/27,23:31:15,宮城県中部,38°23.8′N,141°08.9′E,12 km,2.3,震度１,38.39666667,141.1483333
2003/7/27,23:46:49,宮城県北部,38°29.0′N,141°10.6′E,12 km,2.7,震度１,38.48333333,141.1766667
2003/7/28,0:29:18,宮城県中部,38°24.3′N,141°12.2′E,10 km,1.9,震度１,38.405,141.2033333
2003/7/28,0:37:45,宮城県沖,38°22.4′N,141°08.7′E,12 km,2,震度１,38.37333333,141.145
2003/7/28,1:23:05,宮城県沖,38°23.9′N,141°12.0′E,11 km,1.9,震度１,38.39833333,141.2
2003/7/28,1:27:04,宮城県中部,38°28.0′N,141°14.5′E,10 km,3.2,震度３,38.46666667,141.2416667
2003/7/28,1:38:10,宮城県中部,38°24.1′N,141°12.6′E,10 km,1.5,震度１,38.40166667,141.21
2003/7/28,3:20:05,宮城県中部,38°24.7′N,141°12.0′E,11 km,1.9,震度１,38.41166667,141.2
2003/7/28,3:53:38,宮城県中部,38°25.0′N,141°11.6′E,11 km,2.2,震度１,38.41666667,141.1933333
2003/7/28,4:08:05,宮城県北部,38°27.5′N,141°08.9′E,14 km,5.1,震度５弱,38.45833333,141.1483333
2003/7/28,4:36:21,宮城県沖,38°22.9′N,141°11.3′E,11 km,2.4,震度２,38.38166667,141.1883333
2003/7/28,4:38:34,宮城県中部,38°24.5′N,141°11.7′E,8 km,2.3,震度２,38.40833333,141.195
2003/7/28,4:42:12,宮城県中部,38°22.9′N,141°09.6′E,11 km,2.1,震度１,38.38166667,141.16
2003/7/28,4:56:07,宮城県北部,38°27.1′N,141°08.9′E,14 km,2.8,震度１,38.45166667,141.1483333
2003/7/28,5:06:53,宮城県北部,38°28.6′N,141°10.5′E,12 km,2.3,震度１,38.47666667,141.175
2003/7/28,5:20:38,宮城県北部,38°27.1′N,141°09.0′E,14 km,3,震度１,38.45166667,141.15
2003/7/28,5:37:04,宮城県北部,38°27.1′N,141°09.1′E,13 km,2.3,震度１,38.45166667,141.1516667
2003/7/28,5:44:59,宮城県中部,38°24.6′N,141°12.6′E,11 km,2.5,震度３,38.41,141.21
2003/7/28,6:06:50,宮城県中部,38°25.8′N,141°13.2′E,10 km,1.4,震度１,38.43,141.22
2003/7/28,6:15:31,宮城県北部,38°28.4′N,141°09.2′E,13 km,3.1,震度２,38.47333333,141.1533333
2003/7/28,6:45:05,宮城県中部,38°28.0′N,141°13.2′E,11 km,2.3,震度１,38.46666667,141.22
2003/7/28,7:24:26,宮城県中部,38°27.6′N,141°11.1′E,12 km,2.5,震度１,38.46,141.185
2003/7/28,7:41:46,宮城県北部,38°27.0′N,141°09.2′E,14 km,2.9,震度１,38.45,141.1533333
2003/7/28,7:47:15,宮城県中部,38°28.8′N,141°12.5′E,12 km,3.2,震度２,38.48,141.2083333
2003/7/28,8:02:19,宮城県中部,38°24.5′N,141°12.6′E,10 km,2.2,震度２,38.40833333,141.21
2003/7/28,8:22:39,宮城県中部,38°25.4′N,141°10.5′E,12 km,2.3,震度１,38.42333333,141.175
2003/7/28,10:21:30,宮城県中部,38°23.6′N,141°10.2′E,12 km,2.2,震度１,38.39333333,141.17
2003/7/28,10:30:47,宮城県沖,38°45.9′N,141°38.2′E,65 km,3,震度１,38.765,141.6366667
2003/7/28,10:42:34,宮城県北部,38°27.4′N,141°10.4′E,13 km,2.2,震度１,38.45666667,141.1733333
2003/7/28,11:46:24,宮城県中部,38°25.8′N,141°10.6′E,13 km,2.9,震度２,38.43,141.1766667
2003/7/28,12:02:40,宮城県中部,38°24.9′N,141°11.8′E,10 km,1.6,震度１,38.415,141.1966667
2003/7/28,12:55:10,宮城県中部,38°24.6′N,141°10.5′E,12 km,2.6,震度２,38.41,141.175
2003/7/28,13:41:35,宮城県中部,38°24.3′N,141°13.5′E,10 km,2.4,震度２,38.405,141.225
2003/7/28,13:59:47,宮城県中部,38°22.9′N,141°09.9′E,11 km,1.8,震度１,38.38166667,141.165
2003/7/28,15:02:33,宮城県中部,38°23.6′N,141°10.2′E,12 km,3.1,震度３,38.39333333,141.17
2003/7/28,15:37:09,宮城県中部,38°25.6′N,141°12.5′E,11 km,2.2,震度２,38.42666667,141.2083333
2003/7/28,15:39:34,長野県南部,35°51.7′N,137°35.7′E,7 km,1.8,震度１,35.86166667,137.595
2003/7/28,15:40:00,宮城県中部,38°26.2′N,141°11.4′E,12 km,2.4,震度１,38.43666667,141.19
2003/7/28,16:00:14,宮城県中部,38°24.1′N,141°10.0′E,12 km,1.9,震度１,38.40166667,141.1666667
2003/7/28,16:24:35,茨城県沖,36°47.6′N,141°14.6′E,53 km,4.6,震度２,36.79333333,141.2433333
2003/7/28,17:48:55,宮城県中部,38°25.5′N,141°12.4′E,11 km,2.9,震度３,38.425,141.2066667
2003/7/28,17:51:45,宮城県中部,38°24.1′N,141°12.2′E,11 km,1.5,震度１,38.40166667,141.2033333
2003/7/28,18:34:17,宮城県中部,38°26.9′N,141°10.6′E,12 km,2.4,震度１,38.44833333,141.1766667
2003/7/28,19:00:29,宮城県中部,38°24.3′N,141°11.1′E,11 km,2.5,震度２,38.405,141.185
2003/7/28,19:45:21,宮城県中部,38°25.9′N,141°13.2′E,10 km,1.6,震度１,38.43166667,141.22
2003/7/28,20:47:55,津軽海峡,41°27.8′N,140°17.1′E,8 km,3.5,震度１,41.46333333,140.285
2003/7/28,21:44:57,宮城県中部,38°24.6′N,141°12.3′E,11 km,2,震度１,38.41,141.205
2003/7/28,23:48:43,千葉県北東部,35°42.0′N,140°46.6′E,43 km,3.2,震度１,35.7,140.7766667
2003/7/28,23:52:02,宮城県中部,38°27.5′N,141°11.1′E,13 km,2.4,震度１,38.45833333,141.185
2003/7/29,1:01:30,宮城県北部,38°27.3′N,141°10.4′E,13 km,3.1,震度１,38.455,141.1733333
2003/7/29,1:08:46,宮城県中部,38°26.5′N,141°10.1′E,13 km,2.8,震度１,38.44166667,141.1683333
2003/7/29,1:40:34,大隅半島東方沖,31°15.7′N,131°56.2′E,25 km,4.4,震度１,31.26166667,131.9366667
2003/7/29,3:34:40,宮城県中部,38°22.9′N,141°09.9′E,9 km,1.2,震度１,38.38166667,141.165
2003/7/29,6:20:08,宮城県中部,38°26.4′N,141°12.2′E,11 km,2.8,震度２,38.44,141.2033333
2003/7/29,8:35:39,宮城県中部,38°28.0′N,141°11.2′E,12 km,2.4,震度１,38.46666667,141.1866667
2003/7/29,10:03:35,宮城県中部,38°24.9′N,141°12.0′E,11 km,1.5,震度１,38.415,141.2
2003/7/29,10:11:43,宮城県中部,38°25.8′N,141°11.6′E,11 km,2,震度１,38.43,141.1933333
2003/7/29,10:52:43,宮城県中部,38°24.6′N,141°10.0′E,11 km,2.6,震度２,38.41,141.1666667
2003/7/29,13:38:37,宮城県中部,38°24.5′N,141°11.2′E,12 km,2.3,震度２,38.40833333,141.1866667
2003/7/29,13:45:53,宮城県北部,38°27.9′N,141°10.0′E,13 km,3.2,震度２,38.465,141.1666667
2003/7/29,14:19:16,宮城県北部,38°27.6′N,141°08.9′E,14 km,3.2,震度１,38.46,141.1483333
2003/7/29,14:56:43,宮城県北部,38°28.5′N,141°09.7′E,13 km,2.7,震度１,38.475,141.1616667
2003/7/29,16:07:30,宮城県中部,38°24.0′N,141°10.6′E,11 km,1.4,震度１,38.4,141.1766667
2003/7/29,16:24:48,宮城県中部,38°25.8′N,141°13.4′E,10 km,1.6,震度１,38.43,141.2233333
2003/7/29,17:57:26,宮城県沖,38°50.7′N,141°36.8′E,73 km,3.4,震度２,38.845,141.6133333
2003/7/29,20:54:13,宮城県中部,38°23.1′N,141°11.6′E,8 km,1.3,震度１,38.385,141.1933333
2003/7/29,21:49:37,宮城県中部,38°24.8′N,141°12.8′E,11 km,2.5,震度２,38.41333333,141.2133333
2003/7/29,22:19:25,宮城県中部,38°25.0′N,141°13.0′E,11 km,2.5,震度２,38.41666667,141.2166667
2003/7/30,0:33:59,宮城県北部,38°29.0′N,141°08.1′E,13 km,2.7,震度１,38.48333333,141.135
2003/7/30,1:08:07,宮城県中部,38°25.6′N,141°09.9′E,13 km,1.8,震度１,38.42666667,141.165
2003/7/30,3:41:12,宮城県中部,38°24.5′N,141°11.9′E,11 km,1.6,震度１,38.40833333,141.1983333
2003/7/30,5:13:57,宮城県北部,38°27.9′N,141°10.0′E,13 km,2.6,震度１,38.465,141.1666667
2003/7/30,5:30:16,宮城県中部,38°25.7′N,141°11.7′E,11 km,2.1,震度１,38.42833333,141.195
2003/7/30,7:02:33,宮城県中部,38°24.3′N,141°12.2′E,11 km,3,震度３,38.405,141.2033333
2003/7/30,7:30:27,宮城県中部,38°25.1′N,141°12.1′E,11 km,1.7,震度１,38.41833333,141.2016667
2003/7/30,9:47:31,宮城県北部,38°27.0′N,141°09.9′E,13 km,3.1,震度２,38.45,141.165
2003/7/30,11:51:41,宮城県北部,38°27.0′N,141°09.0′E,13 km,2.5,震度１,38.45,141.15
2003/7/30,15:34:22,宮城県中部,38°22.9′N,141°09.2′E,10 km,2.4,震度２,38.38166667,141.1533333
2003/7/30,17:49:58,宮城県中部,38°24.5′N,141°11.3′E,11 km,2.7,震度２,38.40833333,141.1883333
2003/7/30,19:05:48,宮城県中部,38°26.1′N,141°11.3′E,12 km,2.1,震度１,38.435,141.1883333
2003/7/30,19:11:54,宮城県中部,38°25.6′N,141°11.6′E,12 km,3.7,震度３,38.42666667,141.1933333
2003/7/30,19:12:58,宮城県中部,38°25.7′N,141°11.5′E,11 km,2.4,震度２,38.42833333,141.1916667
2003/7/30,21:01:37,宮城県中部,38°24.4′N,141°11.2′E,12 km,1.7,震度１,38.40666667,141.1866667
2003/7/30,22:46:21,徳島県北部,34°00.2′N,134°16.7′E,6 km,2.9,震度１,34.00333333,134.2783333
2003/7/30,22:48:27,宮城県北部,38°29.0′N,141°10.6′E,12 km,2.6,震度１,38.48333333,141.1766667
2003/7/30,22:50:45,宮城県北部,38°29.0′N,141°10.6′E,12 km,2.4,震度１,38.48333333,141.1766667
2003/7/30,23:03:46,鹿児島県薩摩地方,31°49.7′N,130°16.9′E,7 km,2.6,震度２,31.82833333,130.2816667
2003/7/31,3:36:43,宮城県沖,38°23.8′N,141°12.2′E,10 km,1.6,震度１,38.39666667,141.2033333
2003/7/31,4:08:36,宮城県中部,38°23.0′N,141°09.8′E,11 km,3.6,震度４,38.38333333,141.1633333
2003/7/31,4:13:11,宮城県中部,38°23.0′N,141°09.7′E,11 km,2.8,震度３,38.38333333,141.1616667
2003/7/31,4:21:01,宮城県中部,38°22.9′N,141°09.8′E,11 km,1.5,震度１,38.38166667,141.1633333
2003/7/31,4:25:46,宮城県中部,38°24.1′N,141°12.2′E,9 km,1.8,震度１,38.40166667,141.2033333
2003/7/31,4:36:04,宮城県北部,38°27.8′N,141°09.5′E,13 km,2.7,震度１,38.46333333,141.1583333
2003/7/31,4:44:31,宮城県中部,38°23.9′N,141°11.9′E,11 km,1.6,震度１,38.39833333,141.1983333
2003/7/31,4:46:58,宮城県中部,38°25.1′N,141°10.5′E,11 km,1.7,震度１,38.41833333,141.175
2003/7/31,4:53:38,宮城県中部,38°24.3′N,141°07.6′E,13 km,2.1,震度１,38.405,141.1266667
2003/7/31,5:06:10,宮城県中部,38°25.4′N,141°10.9′E,12 km,2.1,震度１,38.42333333,141.1816667
2003/7/31,7:05:59,宮城県沖,38°23.9′N,141°12.0′E,10 km,1.3,震度１,38.39833333,141.2
2003/7/31,8:51:41,宮城県中部,38°24.8′N,141°11.9′E,11 km,2.3,震度２,38.41333333,141.1983333
2003/7/31,9:48:58,宮城県中部,38°25.0′N,141°12.5′E,11 km,2.1,震度１,38.41666667,141.2083333
2003/7/31,9:51:22,宮城県中部,38°22.9′N,141°09.6′E,10 km,1.9,震度１,38.38166667,141.16
2003/7/31,11:04:03,宮城県中部,38°24.5′N,141°10.1′E,11 km,3.2,震度３,38.40833333,141.1683333
2003/7/31,11:38:49,宮城県中部,38°23.0′N,141°09.2′E,10 km,2.4,震度１,38.38333333,141.1533333
2003/7/31,12:26:54,宮城県北部,38°27.7′N,141°10.1′E,13 km,2.7,震度１,38.46166667,141.1683333
2003/7/31,14:23:23,広島県南西部,34°28.2′N,132°25.6′E,26 km,2.8,震度１,34.47,132.4266667
2003/7/31,15:02:16,宮城県中部,38°26.6′N,141°11.0′E,13 km,3.1,震度２,38.44333333,141.1833333
2003/7/31,18:58:34,宮城県中部,38°27.8′N,141°11.0′E,13 km,2.5,震度１,38.46333333,141.1833333
2003/7/31,20:50:46,宮城県沖,38°22.8′N,141°08.8′E,11 km,2.5,震度２,38.38,141.1466667
2003/7/31,21:50:03,宮城県中部,38°24.0′N,141°11.9′E,11 km,1.5,震度１,38.4,141.1983333
2003/8/1,3:28:13,宮城県中部,38°26.0′N,141°11.9′E,12 km,2.6,震度２,38.43333333,141.1983333
2003/8/1,6:29:01,宮城県中部,38°26.7′N,141°12.7′E,11 km,2.4,震度１,38.445,141.2116667
2003/8/1,6:36:42,宮城県中部,38°27.8′N,141°11.3′E,12 km,3.6,震度３,38.46333333,141.1883333
2003/8/1,9:59:26,宮城県中部,38°27.8′N,141°14.4′E,10 km,2.5,震度１,38.46333333,141.24
2003/8/1,12:27:29,宮城県中部,38°24.2′N,141°11.2′E,12 km,2.2,震度１,38.40333333,141.1866667
2003/8/1,17:10:10,宮城県北部,38°28.9′N,141°09.6′E,13 km,3.2,震度２,38.48166667,141.16
2003/8/1,17:23:28,宮城県北部,38°27.8′N,141°10.2′E,13 km,2.3,震度１,38.46333333,141.17
2003/8/1,19:54:17,宮城県中部,38°23.3′N,141°10.1′E,10 km,2.1,震度１,38.38833333,141.1683333
2003/8/1,22:46:47,八丈島東方沖,32°50.3′N,141°19.8′E,60 km,5.2,震度１,32.83833333,141.33
2003/8/2,4:02:45,宮城県沖,38°23.9′N,141°13.5′E,9 km,2.1,震度１,38.39833333,141.225
2003/8/2,4:42:05,宮城県中部,38°24.1′N,141°12.9′E,11 km,2.8,震度３,38.40166667,141.215
2003/8/2,9:00:58,宮城県中部,38°23.6′N,141°11.5′E,7 km,1.8,震度１,38.39333333,141.1916667
2003/8/2,11:09:39,宮城県中部,38°27.6′N,141°11.1′E,12 km,2.8,震度２,38.46,141.185
2003/8/2,12:53:51,北海道南西沖,42°36.7′N,139°18.5′E,27 km,4.1,震度１,42.61166667,139.3083333
2003/8/2,14:25:26,宮城県沖,38°52.3′N,141°39.2′E,68 km,2.9,震度１,38.87166667,141.6533333
2003/8/2,15:34:18,宮城県北部,38°29.0′N,141°10.8′E,12 km,2.8,震度１,38.48333333,141.18
2003/8/2,17:44:05,宮城県北部,38°27.9′N,141°10.2′E,13 km,2.4,震度１,38.465,141.17
2003/8/2,19:31:40,宮城県中部,38°24.4′N,141°09.5′E,12 km,2.4,震度２,38.40666667,141.1583333
2003/8/2,21:02:13,宮城県沖,38°47.9′N,141°38.2′E,64 km,2.6,震度１,38.79833333,141.6366667
2003/8/3,0:22:39,宮城県中部,38°26.7′N,141°11.0′E,13 km,2.3,震度１,38.445,141.1833333
2003/8/3,0:34:49,宮城県沖,38°46.1′N,141°36.9′E,67 km,3.3,震度１,38.76833333,141.615
2003/8/3,0:36:27,宮城県中部,38°23.1′N,141°09.8′E,10 km,1.8,震度１,38.385,141.1633333
2003/8/3,10:58:10,宮城県中部,38°25.3′N,141°11.9′E,11 km,1.7,震度１,38.42166667,141.1983333
2003/8/3,13:31:16,熊本県天草・芦北地方,32°32.2′N,130°02.0′E,12 km,2.4,震度１,32.53666667,130.0333333
2003/8/3,14:00:09,宮城県中部,38°26.8′N,141°10.6′E,15 km,3.3,震度２,38.44666667,141.1766667
2003/8/3,22:01:17,宮城県中部,38°23.6′N,141°10.0′E,13 km,2.1,震度１,38.39333333,141.1666667
2003/8/4,0:23:02,宮城県北部,38°27.2′N,141°10.7′E,14 km,2.9,震度２,38.45333333,141.1783333
2003/8/4,1:09:02,宮城県中部,38°24.4′N,141°12.0′E,14 km,2.5,震度３,38.40666667,141.2
2003/8/4,5:36:56,宮城県中部,38°25.9′N,141°10.1′E,15 km,2.2,震度１,38.43166667,141.1683333
2003/8/4,9:23:02,宮城県沖,38°52.0′N,141°36.8′E,72 km,3.5,震度２,38.86666667,141.6133333
2003/8/4,12:20:00,宮城県中部,38°24.9′N,141°11.2′E,15 km,2.6,震度２,38.415,141.1866667
2003/8/4,17:11:54,鹿児島県薩摩地方,32°06.3′N,130°27.2′E,10 km,3,震度１,32.105,130.4533333
2003/8/4,20:54:26,宮城県中部,38°26.2′N,141°13.6′E,11 km,2.1,震度１,38.43666667,141.2266667
2003/8/4,20:57:15,茨城県北部,36°26.5′N,140°36.7′E,58 km,4.9,震度４,36.44166667,140.6116667
2003/8/4,22:08:56,宮城県中部,38°25.2′N,141°10.8′E,12 km,2.2,震度２,38.42,141.18
2003/8/5,4:51:40,宮城県中部,38°27.4′N,141°13.2′E,11 km,3.1,震度２,38.45666667,141.22
2003/8/5,5:45:38,千葉県東方沖,35°49.8′N,140°56.0′E,29 km,3.3,震度１,35.83,140.9333333
2003/8/5,6:45:29,宮城県中部,38°23.7′N,141°10.0′E,12 km,3.2,震度３,38.395,141.1666667
2003/8/5,7:26:52,宮城県中部,38°26.5′N,141°12.2′E,11 km,2.9,震度２,38.44166667,141.2033333
2003/8/5,9:48:39,宮城県中部,38°24.5′N,141°12.4′E,11 km,1.5,震度１,38.40833333,141.2066667
2003/8/5,10:00:13,宮城県中部,38°22.8′N,141°09.2′E,10 km,1.8,震度１,38.38,141.1533333
2003/8/5,10:14:38,鹿児島県大隅地方,31°38.5′N,131°03.9′E,7 km,2.9,震度２,31.64166667,131.065
2003/8/5,12:58:01,新島・神津島近海,34°15.8′N,139°11.5′E,13 km,2,震度２,34.26333333,139.1916667
2003/8/5,20:14:44,宮城県中部,38°27.1′N,141°11.0′E,13 km,2.5,震度１,38.45166667,141.1833333
2003/8/5,20:52:55,沖縄本島近海,26°49.0′N,128°26.6′E,31 km,3.3,震度１,26.81666667,128.4433333
2003/8/5,23:49:57,神奈川県東部,35°37.6′N,139°32.2′E,61 km,3.4,震度１,35.62666667,139.5366667
2003/8/6,2:14:06,宮城県沖,38°22.9′N,141°11.3′E,10 km,1.7,震度１,38.38166667,141.1883333
2003/8/6,2:54:41,宮城県沖,38°48.7′N,141°38.6′E,65 km,3.5,震度２,38.81166667,141.6433333
2003/8/6,9:48:25,和歌山県北部,34°02.1′N,135°15.7′E,6 km,4,震度３,34.035,135.2616667
2003/8/6,10:21:37,宮城県中部,38°23.6′N,141°09.9′E,11 km,2.2,震度１,38.39333333,141.165
2003/8/6,13:55:14,宮城県中部,38°28.7′N,141°11.4′E,12 km,3.2,震度２,38.47833333,141.19
2003/8/6,16:22:40,宮城県北部,38°27.1′N,141°10.7′E,13 km,2.9,震度２,38.45166667,141.1783333
2003/8/6,17:49:08,宮城県中部,38°24.9′N,141°11.9′E,11 km,2.2,震度１,38.415,141.1983333
2003/8/6,20:14:21,宮城県中部,38°28.2′N,141°12.7′E,11 km,3.2,震度２,38.47,141.2116667
2003/8/6,21:15:24,北海道東方沖,43°20.3′N,147°15.8′E,41 km,5,震度２,43.33833333,147.2633333
2003/8/7,1:26:32,宮城県中部,38°28.0′N,141°13.0′E,12 km,3.1,震度２,38.46666667,141.2166667
2003/8/7,5:44:18,宮城県沖,38°51.7′N,141°37.3′E,71 km,3.4,震度１,38.86166667,141.6216667
2003/8/7,11:05:02,宮城県中部,38°23.2′N,141°10.4′E,10 km,2.7,震度２,38.38666667,141.1733333
2003/8/7,12:57:01,奄美大島近海,28°11.1′N,130°23.0′E,42 km,4.6,震度２,28.185,130.3833333
2003/8/7,19:17:48,宮城県北部,38°52.6′N,141°40.0′E,65 km,3.1,震度１,38.87666667,141.6666667
2003/8/7,19:20:27,宮城県中部,38°28.1′N,141°13.0′E,12 km,2.5,震度１,38.46833333,141.2166667
2003/8/7,23:29:22,宮城県中部,38°24.5′N,141°11.3′E,12 km,2.2,震度１,38.40833333,141.1883333
2003/8/8,1:36:37,熊本県熊本地方,32°40.4′N,130°39.4′E,11 km,2.1,震度１,32.67333333,130.6566667
2003/8/8,1:46:55,宮城県中部,38°24.7′N,141°11.9′E,11 km,1.7,震度１,38.41166667,141.1983333
2003/8/8,5:42:21,宮城県中部,38°24.4′N,141°12.6′E,11 km,1.9,震度１,38.40666667,141.21
2003/8/8,6:11:51,宮城県北部,38°56.7′N,141°38.3′E,69 km,3.6,震度２,38.945,141.6383333
2003/8/8,7:41:03,熊本県熊本地方,32°40.4′N,130°39.4′E,11 km,2.1,震度１,32.67333333,130.6566667
2003/8/8,7:53:24,宮城県中部,38°23.5′N,141°10.1′E,10 km,1.9,震度２,38.39166667,141.1683333
2003/8/8,9:03:58,宮城県中部,38°24.4′N,141°12.6′E,11 km,2,震度１,38.40666667,141.21
2003/8/8,9:51:32,宮城県中部,38°31.1′N,141°13.5′E,11 km,4.6,震度４,38.51833333,141.225
2003/8/8,10:15:19,宮城県中部,38°23.8′N,141°11.9′E,11 km,2,震度１,38.39666667,141.1983333
2003/8/8,10:23:56,和歌山県北部,34°12.0′N,135°09.3′E,7 km,2.8,震度１,34.2,135.155
2003/8/8,12:42:25,宮城県中部,38°31.0′N,141°13.3′E,10 km,2.1,震度１,38.51666667,141.2216667
2003/8/8,13:30:25,紀伊水道,33°50.5′N,134°59.7′E,13 km,3.6,震度２,33.84166667,134.995
2003/8/8,14:01:34,宮城県中部,38°22.2′N,141°10.2′E,10 km,1.4,震度１,38.37,141.17
2003/8/8,16:20:09,宮城県北部,38°27.8′N,141°09.5′E,13 km,2.9,震度２,38.46333333,141.1583333
2003/8/8,18:00:17,長野県中部,36°21.3′N,137°52.4′E,6 km,2,震度１,36.355,137.8733333
2003/8/8,22:24:11,宮城県中部,38°24.7′N,141°12.5′E,11 km,3.1,震度３,38.41166667,141.2083333
2003/8/8,23:30:07,渡島地方東部,42°06.9′N,140°26.3′E,6 km,2.8,震度１,42.115,140.4383333
2003/8/9,0:25:31,宮城県中部,38°24.5′N,141°09.8′E,12 km,2.5,震度１,38.40833333,141.1633333
2003/8/9,1:12:13,宮城県中部,38°24.6′N,141°11.6′E,10 km,1.5,震度１,38.41,141.1933333
2003/8/9,2:41:08,宮城県沖,38°50.8′N,141°37.4′E,72 km,3.2,震度１,38.84666667,141.6233333
2003/8/9,2:54:51,宮城県北部,38°27.6′N,141°10.0′E,13 km,3.8,震度４,38.46,141.1666667
2003/8/9,6:20:51,宮城県中部,38°31.1′N,141°13.6′E,10 km,3.1,震度２,38.51833333,141.2266667
2003/8/9,14:38:48,宮城県沖,38°22.9′N,141°08.6′E,10 km,2,震度１,38.38166667,141.1433333
2003/8/9,15:22:01,宮城県北部,38°27.2′N,141°10.7′E,13 km,2.7,震度１,38.45333333,141.1783333
2003/8/9,20:17:07,宮城県沖,38°23.3′N,141°12.5′E,10 km,1.4,震度１,38.38833333,141.2083333
2003/8/10,0:28:34,宮城県沖,38°22.8′N,141°08.6′E,10 km,1.9,震度１,38.38,141.1433333
2003/8/10,4:41:29,山梨県中・西部,35°24.8′N,138°29.7′E,15 km,2.9,震度１,35.41333333,138.495
2003/8/10,5:46:10,宮城県中部,38°27.2′N,141°12.9′E,11 km,3.1,震度２,38.45333333,141.215
2003/8/10,10:22:29,宮城県北部,38°28.5′N,141°09.1′E,13 km,3.4,震度２,38.475,141.1516667
2003/8/10,17:12:22,宮城県中部,38°23.3′N,141°05.9′E,13 km,2.2,震度１,38.38833333,141.0983333
2003/8/10,19:09:08,宮城県中部,38°24.3′N,141°11.9′E,11 km,2,震度１,38.405,141.1983333
2003/8/11,3:36:20,奄美大島北東沖,29°16.4′N,130°32.2′E,72 km,4.8,震度１,29.27333333,130.5366667
2003/8/11,8:22:44,宮城県沖,38°23.8′N,141°12.0′E,10 km,2.1,震度２,38.39666667,141.2
2003/8/11,8:35:33,千葉県南部,35°18.4′N,140°18.7′E,18 km,2.5,震度１,35.30666667,140.3116667
2003/8/11,11:51:46,岩手県沖,40°20.9′N,142°04.3′E,50 km,3.5,震度１,40.34833333,142.0716667
2003/8/11,14:12:53,宮城県中部,38°28.5′N,141°11.4′E,12 km,2.6,震度１,38.475,141.19
2003/8/11,21:00:45,和歌山県北部,34°03.5′N,135°28.9′E,63 km,3.1,震度１,34.05833333,135.4816667
2003/8/12,0:51:37,宮城県北部,38°53.5′N,141°39.0′E,73 km,3.4,震度１,38.89166667,141.65
2003/8/12,1:20:28,岩手県沖,40°04.8′N,142°05.7′E,49 km,3.3,震度１,40.08,142.095
2003/8/12,1:26:09,宮城県北部,38°28.9′N,141°10.7′E,12 km,2.3,震度１,38.48166667,141.1783333
2003/8/12,3:18:06,宮城県中部,38°27.8′N,141°12.6′E,11 km,2.5,震度１,38.46333333,141.21
2003/8/12,7:09:04,宮城県中部,38°23.7′N,141°11.3′E,10 km,1.3,震度１,38.395,141.1883333
2003/8/12,9:27:59,宮城県北部,38°29.8′N,141°10.6′E,12 km,4.3,震度４,38.49666667,141.1766667
2003/8/12,12:21:24,宮城県中部,38°23.3′N,141°07.3′E,12 km,2.5,震度１,38.38833333,141.1216667
2003/8/12,13:54:44,宮城県北部,38°28.1′N,141°10.1′E,13 km,3.2,震度２,38.46833333,141.1683333
2003/8/12,14:46:19,宮城県中部,38°28.5′N,141°13.1′E,11 km,2.8,震度１,38.475,141.2183333
2003/8/12,19:53:17,宮城県沖,38°22.6′N,141°08.9′E,12 km,2,震度１,38.37666667,141.1483333
2003/8/13,7:15:56,宮城県中部,38°24.7′N,141°11.7′E,11 km,2.4,震度２,38.41166667,141.195
2003/8/13,10:18:55,日高地方西部,42°39.0′N,142°30.0′E,25 km,4.2,震度２,42.65,142.5
2003/8/13,14:23:50,和歌山県北部,34°14.9′N,135°25.0′E,8 km,2.1,震度１,34.24833333,135.4166667
2003/8/13,14:50:27,長野県南部,35°55.6′N,137°37.6′E,10 km,2.2,震度１,35.92666667,137.6266667
2003/8/13,14:55:11,宮城県北部,38°28.7′N,141°10.9′E,12 km,3.2,震度２,38.47833333,141.1816667
2003/8/13,18:19:46,周防灘,33°42.0′N,131°33.1′E,121 km,3.6,震度１,33.7,131.5516667
2003/8/13,21:30:51,福島県沖,37°24.4′N,141°06.3′E,27 km,3.8,震度２,37.40666667,141.105
2003/8/14,0:51:48,宮城県中部,38°25.2′N,141°10.8′E,11 km,2.1,震度２,38.42,141.18
2003/8/14,11:13:39,新島・神津島近海,34°29.0′N,139°13.7′E,15 km,2.1,震度１,34.48333333,139.2283333
2003/8/14,12:43:47,宮城県中部,38°24.3′N,141°12.4′E,11 km,2.2,震度１,38.405,141.2066667
2003/8/14,20:45:43,宮城県中部,38°26.6′N,141°12.3′E,11 km,2.3,震度１,38.44333333,141.205
2003/8/14,23:45:54,高知県東部,33°33.8′N,133°58.8′E,37 km,4.6,震度３,33.56333333,133.98
2003/8/15,3:38:54,宮城県中部,38°23.8′N,141°11.5′E,10 km,2.7,震度２,38.39666667,141.1916667
2003/8/15,9:18:06,宮城県中部,38°25.2′N,141°10.9′E,12 km,2.3,震度２,38.42,141.1816667
2003/8/15,9:46:39,宮城県中部,38°24.5′N,141°09.8′E,12 km,3.3,震度３,38.40833333,141.1633333
2003/8/15,10:17:11,宮城県中部,38°25.1′N,141°10.6′E,12 km,2.3,震度２,38.41833333,141.1766667
2003/8/15,14:56:59,宮城県北部,38°52.7′N,141°35.5′E,76 km,3.1,震度１,38.87833333,141.5916667
2003/8/15,19:44:22,茨城県南部,35°53.3′N,140°04.2′E,57 km,3.9,震度２,35.88833333,140.07
2003/8/15,22:17:50,宮城県中部,38°23.3′N,141°10.0′E,9 km,2,震度２,38.38833333,141.1666667
2003/8/16,0:05:49,宮城県沖,38°50.9′N,141°37.3′E,71 km,3,震度１,38.84833333,141.6216667
2003/8/16,2:16:57,宮城県中部,38°24.3′N,141°09.9′E,12 km,2.3,震度２,38.405,141.165
2003/8/16,5:26:41,宮城県中部,38°23.4′N,141°11.5′E,10 km,2.2,震度２,38.39,141.1916667
2003/8/16,7:04:45,宮城県北部,38°57.0′N,141°37.5′E,74 km,2.8,震度１,38.95,141.625
2003/8/16,10:26:25,十勝沖,42°27.7′N,143°36.6′E,71 km,4.3,震度２,42.46166667,143.61
2003/8/16,11:44:03,新島・神津島近海,34°17.5′N,139°07.7′E,12 km,2.1,震度１,34.29166667,139.1283333
2003/8/16,11:58:30,鹿児島県大隅地方,31°38.6′N,131°03.9′E,8 km,2.6,震度２,31.64333333,131.065
2003/8/16,13:26:16,宮城県中部,38°25.6′N,141°10.8′E,11 km,1.5,震度１,38.42666667,141.18
2003/8/17,2:58:04,宮城県中部,38°26.7′N,141°13.6′E,11 km,2.1,震度１,38.445,141.2266667
2003/8/17,7:21:32,宮古島近海,24°47.5′N,125°04.6′E,30 km,3.5,震度１,24.79166667,125.0766667
2003/8/17,9:27:42,宮城県中部,38°24.6′N,141°09.3′E,11 km,2.2,震度１,38.41,141.155
2003/8/17,17:47:58,岩手県沿岸南部,39°01.1′N,141°35.6′E,71 km,3.3,震度１,39.01833333,141.5933333
2003/8/17,18:50:59,千葉県南東沖,34°52.3′N,140°00.0′E,65 km,3.4,震度１,34.87166667,140
2003/8/18,14:53:36,新潟県上中越沖,37°20.3′N,137°50.0′E,21 km,4.1,震度１,37.33833333,137.8333333
2003/8/18,15:03:31,根室半島南東沖,42°57.5′N,145°54.4′E,42 km,4.2,震度１,42.95833333,145.9066667
2003/8/18,15:10:01,新潟県上中越沖,37°20.2′N,137°49.7′E,21 km,3.9,震度２,37.33666667,137.8283333
2003/8/18,17:35:42,宮城県中部,38°25.9′N,141°13.3′E,10 km,1.4,震度１,38.43166667,141.2216667
2003/8/18,18:59:40,千葉県北西部,35°48.2′N,140°06.5′E,69 km,4.8,震度３,35.80333333,140.1083333
2003/8/19,3:43:34,和歌山県南方沖,33°27.3′N,135°30.1′E,31 km,3,震度１,33.455,135.5016667
2003/8/19,12:43:34,トカラ列島近海,29°08.9′N,129°03.8′E,14 km,3.3,震度２,29.14833333,129.0633333
2003/8/19,12:46:17,トカラ列島近海,29°09.3′N,129°08.4′E,13 km,3.8,震度２,29.155,129.14
2003/8/19,12:52:29,トカラ列島近海,29°08.0′N,129°06.4′E,21 km,3.5,震度２,29.13333333,129.1066667
2003/8/19,12:57:37,トカラ列島近海,29°10.1′N,129°03.4′E,12 km,3.4,震度２,29.16833333,129.0566667
2003/8/19,13:26:50,トカラ列島近海,29°10.5′N,129°04.7′E,7 km,5.2,震度４,29.175,129.0783333
2003/8/19,13:41:54,トカラ列島近海,29°10.8′N,129°02.4′E,9 km,3.2,震度２,29.18,129.04
2003/8/19,13:54:52,トカラ列島近海,29°07.7′N,129°06.2′E,20 km,3.3,震度２,29.12833333,129.1033333
2003/8/19,17:28:18,宮城県中部,38°24.7′N,141°12.2′E,10 km,2.4,震度２,38.41166667,141.2033333
2003/8/19,17:58:10,トカラ列島近海,29°10.5′N,129°09.2′E,14 km,3.3,震度２,29.175,129.1533333
2003/8/19,20:53:03,宮城県中部,38°24.8′N,141°12.4′E,11 km,2.1,震度２,38.41333333,141.2066667
2003/8/20,7:34:08,国後島付近,43°36.9′N,146°12.6′E,107 km,4.2,震度１,43.615,146.21
2003/8/20,7:43:37,宮城県北部,38°43.1′N,141°10.0′E,6 km,2.2,震度１,38.71833333,141.1666667
2003/8/21,0:08:40,茨城県沖,36°11.5′N,140°53.7′E,45 km,4,震度２,36.19166667,140.895
2003/8/21,3:34:29,宮城県沖,38°56.5′N,141°39.3′E,69 km,3.7,震度２,38.94166667,141.655
2003/8/21,5:37:50,岩手県内陸南部,39°02.7′N,140°57.1′E,7 km,3.5,震度３,39.045,140.9516667
2003/8/21,6:07:04,宮城県北部,38°54.5′N,141°37.2′E,77 km,2.9,震度１,38.90833333,141.62
2003/8/21,13:07:45,福島県会津,37°03.2′N,139°20.8′E,8 km,3.6,震度１,37.05333333,139.3466667
2003/8/21,13:40:57,紀伊水道,33°50.1′N,134°59.9′E,13 km,3,震度１,33.835,134.9983333
2003/8/21,17:24:18,宮城県中部,38°24.1′N,141°09.5′E,13 km,2.5,震度１,38.40166667,141.1583333
2003/8/22,3:22:36,宮城県中部,38°23.0′N,141°10.0′E,10 km,1.3,震度１,38.38333333,141.1666667
2003/8/22,9:41:11,宮城県中部,38°23.5′N,141°10.7′E,10 km,2.1,震度２,38.39166667,141.1783333
2003/8/22,12:23:57,宮城県中部,38°30.8′N,141°13.6′E,10 km,2.9,震度２,38.51333333,141.2266667
2003/8/22,21:04:39,根室半島南東沖,43°26.2′N,146°06.1′E,64 km,4.3,震度１,43.43666667,146.1016667
2003/8/22,22:44:39,宮城県沖,38°58.4′N,141°39.1′E,70 km,4.6,震度３,38.97333333,141.6516667
2003/8/23,0:51:23,根室半島南東沖,43°17.0′N,146°06.2′E,82 km,4.2,震度１,43.28333333,146.1033333
2003/8/23,0:54:31,宮城県中部,38°27.9′N,141°11.1′E,13 km,3.5,震度２,38.465,141.185
2003/8/23,1:05:55,宮城県北部,38°27.1′N,141°10.1′E,13 km,3.5,震度３,38.45166667,141.1683333
2003/8/23,4:08:48,宮城県中部,38°24.2′N,141°12.3′E,11 km,1.7,震度１,38.40333333,141.205
2003/8/23,5:19:14,宮城県中部,38°23.7′N,141°07.7′E,12 km,2.2,震度１,38.395,141.1283333
2003/8/23,6:44:33,宮城県中部,38°24.2′N,141°12.3′E,11 km,3,震度３,38.40333333,141.205
2003/8/23,22:42:00,五島列島近海,33°03.8′N,129°35.2′E,16 km,2.4,震度１,33.06333333,129.5866667
2003/8/24,1:06:05,長崎県南西部,32°53.9′N,130°05.4′E,10 km,2.3,震度１,32.89833333,130.09
2003/8/24,2:02:52,宮城県中部,38°23.5′N,141°09.7′E,10 km,1.8,震度１,38.39166667,141.1616667
2003/8/24,8:28:09,宮城県沖,38°52.2′N,141°39.6′E,67 km,3,震度１,38.87,141.66
2003/8/24,13:09:38,長野県南部,35°51.5′N,137°35.7′E,6 km,1.8,震度１,35.85833333,137.595
2003/8/24,17:11:50,北海道東方沖,43°50.3′N,147°22.6′E,27 km,4.8,震度１,43.83833333,147.3766667
2003/8/25,0:18:26,宮城県中部,38°23.3′N,141°08.0′E,12 km,2.4,震度１,38.38833333,141.1333333
2003/8/25,4:25:58,五島列島近海,32°51.1′N,129°01.4′E,12 km,2.9,震度１,32.85166667,129.0233333
2003/8/25,6:41:05,宮城県沖,38°49.1′N,141°36.9′E,69 km,3.5,震度１,38.81833333,141.615
2003/8/25,8:21:48,青森県東方沖,41°28.0′N,142°02.7′E,64 km,4,震度１,41.46666667,142.045
2003/8/25,9:19:45,宮城県中部,38°23.7′N,141°05.7′E,12 km,3.1,震度２,38.395,141.095
2003/8/25,10:42:29,宮城県中部,38°23.8′N,141°11.3′E,10 km,1.9,震度１,38.39666667,141.1883333
2003/8/25,15:11:27,宮城県中部,38°23.5′N,141°11.5′E,10 km,1.4,震度１,38.39166667,141.1916667
2003/8/25,18:41:32,宮城県中部,38°24.5′N,141°10.1′E,11 km,2.4,震度２,38.40833333,141.1683333
2003/8/26,9:31:17,新潟県中越地方,37°15.9′N,138°36.9′E,11 km,3.8,震度３,37.265,138.615
2003/8/26,12:04:43,宮城県北部,38°55.0′N,141°39.7′E,65 km,3.5,震度１,38.91666667,141.6616667
2003/8/26,14:08:15,宮城県沖,38°47.0′N,141°37.0′E,68 km,3.5,震度１,38.78333333,141.6166667
2003/8/26,15:48:24,長野県南部,35°56.6′N,137°31.8′E,8 km,2.2,震度１,35.94333333,137.53
2003/8/26,20:37:17,宮城県中部,38°27.2′N,141°12.8′E,11 km,2.3,震度１,38.45333333,141.2133333
2003/8/27,2:12:26,宮城県北部,38°29.0′N,141°08.0′E,14 km,4,震度３,38.48333333,141.1333333
2003/8/27,5:18:15,宮城県中部,38°23.1′N,141°10.5′E,10 km,1.9,震度１,38.385,141.175
2003/8/27,10:10:24,福島県沖,37°49.3′N,141°04.8′E,68 km,3.8,震度２,37.82166667,141.08
2003/8/27,10:14:07,宮城県中部,38°23.8′N,141°10.7′E,11 km,2.3,震度２,38.39666667,141.1783333
2003/8/27,20:48:10,鹿児島県薩摩地方,31°58.5′N,130°20.6′E,10 km,2.9,震度１,31.975,130.3433333
2003/8/27,21:05:44,宮城県沖,38°51.1′N,141°36.1′E,74 km,4.1,震度２,38.85166667,141.6016667
2003/8/28,11:11:43,宮城県北部,38°27.4′N,141°10.4′E,13 km,2.1,震度１,38.45666667,141.1733333
2003/8/28,21:11:55,宮城県中部,38°24.2′N,141°11.2′E,11 km,3,震度３,38.40333333,141.1866667
2003/8/28,23:30:36,宮城県中部,38°24.2′N,141°11.2′E,12 km,1.9,震度１,38.40333333,141.1866667
2003/8/29,11:55:14,沖縄本島近海,27°27.5′N,128°37.8′E,40 km,3.8,震度１,27.45833333,128.63
2003/8/29,13:38:28,秋田県内陸南部,39°13.2′N,140°33.2′E,10 km,3.3,震度２,39.22,140.5533333
2003/8/29,13:41:37,トカラ列島近海,29°32.3′N,129°59.4′E,27 km,3.3,震度１,29.53833333,129.99
2003/8/29,17:16:23,宮城県沖,38°47.6′N,141°36.2′E,73 km,3.1,震度１,38.79333333,141.6033333
2003/8/29,23:57:05,宮城県中部,38°24.5′N,141°12.0′E,11 km,1.5,震度１,38.40833333,141.2
2003/8/30,9:31:02,釧路沖,42°56.5′N,145°20.0′E,47 km,4.2,震度２,42.94166667,145.3333333
2003/8/30,16:05:43,長野県南部,35°51.5′N,137°36.1′E,7 km,2,震度１,35.85833333,137.6016667
2003/8/30,19:06:41,浦河沖,41°48.9′N,142°40.2′E,55 km,5.4,震度４,41.815,142.67
2003/8/30,22:00:04,周防灘,33°41.9′N,131°24.3′E,15 km,3,震度１,33.69833333,131.405
2003/8/31,9:03:35,和歌山県北部,34°13.6′N,135°25.0′E,9 km,2.7,震度１,34.22666667,135.4166667
2003/8/31,10:41:24,高知県東部,33°32.1′N,134°16.1′E,37 km,4.1,震度２,33.535,134.2683333
2003/9/1,0:16:59,宮城県中部,38°24.7′N,141°11.2′E,12 km,1.9,震度１,38.41166667,141.1866667
2003/9/1,8:08:01,ウラジオストク付近,43°17.8′N,132°57.2′E,539 km,6.2,震度１,43.29666667,132.9533333
2003/9/1,16:22:52,福岡県筑後地方,33°25.8′N,130°46.3′E,8 km,2.8,震度１,33.43,130.7716667
2003/9/1,21:48:09,宮城県北部,38°28.0′N,141°10.1′E,13 km,2.4,震度１,38.46666667,141.1683333
2003/9/2,1:23:13,岩手県沖,40°05.5′N,141°59.7′E,89 km,3.2,震度１,40.09166667,141.995
2003/9/2,3:18:32,和歌山県北部,34°13.4′N,135°25.1′E,9 km,2.8,震度２,34.22333333,135.4183333
2003/9/3,3:34:27,岐阜県美濃中西部,35°45.5′N,136°51.3′E,10 km,3,震度１,35.75833333,136.855
2003/9/3,6:25:00,宮城県中部,38°24.4′N,141°10.8′E,11 km,1.6,震度１,38.40666667,141.18
2003/9/3,11:32:12,宮城県北部,38°53.2′N,141°40.2′E,66 km,3.5,震度１,38.88666667,141.67
2003/9/4,1:30:26,新島・神津島近海,34°20.5′N,139°08.6′E,0 km,2.1,震度１,34.34166667,139.1433333
2003/9/4,3:09:27,宮城県中部,38°24.5′N,141°10.0′E,11 km,2.2,震度１,38.40833333,141.1666667
2003/9/4,19:41:02,八丈島東方沖,33°22.3′N,141°01.8′E,80 km,4,震度１,33.37166667,141.03
2003/9/4,22:55:52,宮城県中部,38°30.8′N,141°13.5′E,11 km,3.5,震度３,38.51333333,141.225
2003/9/4,22:57:29,宮城県中部,38°30.7′N,141°13.5′E,10 km,3.4,震度３,38.51166667,141.225
2003/9/5,0:13:44,宮城県中部,38°24.9′N,141°10.3′E,12 km,1.7,震度１,38.415,141.1716667
2003/9/5,7:10:37,宮城県中部,38°30.9′N,141°13.4′E,11 km,2.4,震度１,38.515,141.2233333
2003/9/5,7:59:31,茨城県南部,36°03.5′N,139°53.9′E,45 km,3.1,震度１,36.05833333,139.8983333
2003/9/5,15:45:15,愛知県東部,34°37.9′N,137°05.0′E,6 km,2,震度１,34.63166667,137.0833333
2003/9/5,19:54:55,宮城県中部,38°29.1′N,141°11.2′E,12 km,3.8,震度３,38.485,141.1866667
2003/9/6,10:44:12,宮城県沖,38°49.8′N,141°37.7′E,69 km,3.3,震度１,38.83,141.6283333
2003/9/6,11:50:55,長野県南部,35°52.0′N,137°39.1′E,11 km,2.3,震度１,35.86666667,137.6516667
2003/9/7,18:03:26,宮城県北部,38°58.2′N,141°37.8′E,74 km,3.4,震度１,38.97,141.63
2003/9/7,19:42:22,宮古島北西沖,25°34.4′N,124°44.1′E,111 km,5.2,震度１,25.57333333,124.735
2003/9/9,1:22:56,日高地方中部,42°14.3′N,142°37.1′E,30 km,4,震度２,42.23833333,142.6183333
2003/9/9,3:22:07,宮城県沖,38°49.0′N,141°38.3′E,65 km,2.9,震度１,38.81666667,141.6383333
2003/9/9,9:01:33,茨城県沖,35°54.0′N,140°52.5′E,42 km,4.4,震度２,35.9,140.875
2003/9/10,10:02:42,宮城県北部,38°28.4′N,141°09.3′E,14 km,3.4,震度２,38.47333333,141.155
2003/9/10,13:52:29,長野県南部,35°51.4′N,137°34.6′E,7 km,2.2,震度１,35.85666667,137.5766667
2003/9/10,20:39:11,秋田県内陸南部,39°12.1′N,140°43.6′E,10 km,3.2,震度２,39.20166667,140.7266667
2003/9/10,20:57:18,宮城県沖,38°37.2′N,141°54.0′E,47 km,3.4,震度１,38.62,141.9
2003/9/10,20:58:30,宮城県中部,38°23.4′N,141°06.2′E,11 km,2,震度１,38.39,141.1033333
2003/9/10,21:49:35,宮城県中部,38°27.0′N,141°12.7′E,11 km,2.3,震度１,38.45,141.2116667
2003/9/11,0:29:56,滋賀県北部,35°26.5′N,136°17.7′E,38 km,3.8,震度２,35.44166667,136.295
2003/9/11,4:31:57,十勝沖,42°40.5′N,143°53.4′E,97 km,4.9,震度３,42.675,143.89
2003/9/11,11:53:09,奄美大島近海,28°20.5′N,129°26.3′E,36 km,3.3,震度２,28.34166667,129.4383333
2003/9/11,12:40:15,京都府南部,35°09.5′N,135°39.9′E,10 km,2.5,震度１,35.15833333,135.665
2003/9/11,22:40:11,宮城県沖,38°46.8′N,141°38.2′E,68 km,3.3,震度１,38.78,141.6366667
2003/9/12,10:25:21,宮城県北部,38°56.1′N,141°38.8′E,72 km,2.8,震度１,38.935,141.6466667
2003/9/12,17:37:40,留萌地方中北部,44°21.9′N,141°43.5′E,7 km,2.7,震度１,44.365,141.725
2003/9/13,7:10:38,宮城県北部,38°50.8′N,141°35.8′E,74 km,3.3,震度１,38.84666667,141.5966667
2003/9/13,20:23:15,宮城県北部,38°56.6′N,141°38.6′E,71 km,2.9,震度１,38.94333333,141.6433333
2003/9/15,13:57:49,宮城県沖,38°58.2′N,141°39.8′E,69 km,3.3,震度１,38.97,141.6633333
2003/9/16,2:51:39,島根県東部,35°06.3′N,132°46.4′E,9 km,2.7,震度１,35.105,132.7733333
2003/9/16,17:43:26,茨城県南部,36°02.6′N,140°05.7′E,62 km,3.6,震度２,36.04333333,140.095
2003/9/17,0:16:52,福井県嶺北,36°10.8′N,136°17.8′E,12 km,2.7,震度１,36.18,136.2966667
2003/9/17,6:49:31,北海道東方沖,43°49.0′N,147°53.8′E,0 km,5,震度１,43.81666667,147.8966667
2003/9/18,9:41:16,鹿児島県薩摩地方,31°58.2′N,130°26.6′E,10 km,2.8,震度２,31.97,130.4433333
2003/9/18,14:29:54,長崎県南西部,32°45.1′N,129°55.1′E,9 km,2.7,震度１,32.75166667,129.9183333
2003/9/18,20:17:48,宮城県中部,38°28.3′N,141°14.0′E,12 km,3.1,震度１,38.47166667,141.2333333
2003/9/19,17:09:44,新島・神津島近海,34°20.3′N,139°09.2′E,2 km,2,震度１,34.33833333,139.1533333
2003/9/20,0:49:56,山梨県東部・富士五湖,35°28.9′N,138°49.3′E,18 km,3.2,震度２,35.48166667,138.8216667
2003/9/20,12:54:52,千葉県南部,35°13.1′N,140°18.0′E,70 km,5.8,震度４,35.21833333,140.3
2003/9/20,16:09:13,茨城県北部,36°27.4′N,140°35.9′E,57 km,3.8,震度２,36.45666667,140.5983333
2003/9/20,18:31:39,青森県東方沖,41°27.7′N,142°58.6′E,56 km,4.6,震度１,41.46166667,142.9766667
2003/9/22,6:47:04,青森県東方沖,40°31.0′N,141°49.7′E,102 km,4.1,震度２,40.51666667,141.8283333
2003/9/22,10:00:58,神奈川県東部,35°19.1′N,139°31.3′E,102 km,2.7,震度１,35.31833333,139.5216667
2003/9/22,12:26:58,千葉県南部,35°17.4′N,140°19.2′E,17 km,2.6,震度１,35.29,140.32
2003/9/22,12:35:11,新島・神津島近海,34°18.5′N,139°10.4′E,4 km,2.2,震度１,34.30833333,139.1733333
2003/9/22,13:11:25,千葉県南部,35°17.4′N,140°19.3′E,17 km,2.5,震度１,35.29,140.3216667
2003/9/22,15:42:15,宮城県中部,38°24.7′N,141°12.3′E,11 km,2.4,震度２,38.41166667,141.205
2003/9/22,15:58:18,岩手県沖,40°20.9′N,142°04.8′E,50 km,3.5,震度１,40.34833333,142.08
2003/9/22,16:20:17,伊豆半島東方沖,35°01.6′N,139°07.5′E,9 km,2.7,震度１,35.02666667,139.125
2003/9/23,4:32:56,西表島付近,24°07.9′N,123°35.3′E,19 km,4.4,震度２,24.13166667,123.5883333
2003/9/23,22:41:10,釧路沖,41°54.4′N,145°28.0′E,17 km,4.8,震度１,41.90666667,145.4666667
2003/9/24,9:29:40,茨城県南部,36°05.7′N,139°49.1′E,48 km,3.5,震度２,36.095,139.8183333
2003/9/24,18:52:47,千葉県南部,35°17.6′N,140°20.6′E,13 km,3,震度２,35.29333333,140.3433333
2003/9/24,23:45:07,千葉県南部,35°18.1′N,140°18.7′E,15 km,2.7,震度２,35.30166667,140.3116667
2003/9/25,5:56:55,京都府北部,35°24.6′N,135°22.3′E,370 km,5.4,震度１,35.41,135.3716667
2003/9/25,7:38:06,伊豆大島近海,34°42.7′N,139°22.1′E,2 km,1.4,震度１,34.71166667,139.3683333
2003/9/25,10:31:54,奄美大島北東沖,29°05.9′N,129°56.4′E,65 km,4.8,震度２,29.09833333,129.94
2003/9/25,13:24:18,茨城県沖,36°23.6′N,141°01.4′E,47 km,3.8,震度１,36.39333333,141.0233333
2003/9/25,18:48:50,京都府南部,35°01.2′N,135°33.2′E,13 km,3,震度１,35.02,135.5533333
2003/9/25,22:42:11,福島県沖,36°56.5′N,141°24.8′E,43 km,3.8,震度１,36.94166667,141.4133333
2003/9/26,0:30:12,長野県北部,36°35.3′N,138°11.4′E,7 km,2.8,震度１,36.58833333,138.19
2003/9/26,4:50:07,十勝沖,41°46.7′N,144°04.7′E,45 km,8,震度６弱,41.77833333,144.0783333
2003/9/26,4:59:49,釧路沖,42°47.2′N,144°36.9′E,53 km,4.3,震度２,42.78666667,144.615
2003/9/26,5:02:04,十勝沖,42°24.9′N,143°43.8′E,53 km,4.4,震度２,42.415,143.73
2003/9/26,5:03:52,新潟県下越沖,38°06.8′N,139°15.9′E,17 km,3.6,震度１,38.11333333,139.265
2003/9/26,5:05:27,十勝沖,41°50.2′N,144°25.7′E,32 km,5.1,震度２,41.83666667,144.4283333
2003/9/26,5:10:05,十勝沖,41°45.9′N,143°47.3′E,29 km,5.8,震度３,41.765,143.7883333
2003/9/26,5:10:46,宮城県北部,38°27.5′N,141°10.1′E,12 km,2.9,震度１,38.45833333,141.1683333
2003/9/26,5:12:16,宮城県北部,38°27.1′N,141°09.8′E,13 km,2.9,震度２,38.45166667,141.1633333
2003/9/26,5:15:18,十勝沖,42°02.2′N,144°16.9′E,35 km,4.5,震度１,42.03666667,144.2816667
2003/9/26,5:25:15,十勝沖,42°29.1′N,143°48.4′E,59 km,4.5,震度２,42.485,143.8066667
2003/9/26,5:26:56,十勝沖,41°58.1′N,144°04.3′E,52 km,4.4,震度１,41.96833333,144.0716667
2003/9/26,5:34:24,十勝沖,42°07.9′N,143°54.8′E,12 km,4,震度１,42.13166667,143.9133333
2003/9/26,5:38:50,十勝沖,41°44.2′N,143°59.5′E,48 km,5,震度１,41.73666667,143.9916667
2003/9/26,5:43:34,宮城県沖,38°51.4′N,141°37.2′E,71 km,3.2,震度１,38.85666667,141.62
2003/9/26,5:57:14,十勝沖,41°42.2′N,143°47.3′E,40 km,5.6,震度３,41.70333333,143.7883333
2003/9/26,6:02:53,十勝沖,41°45.0′N,144°23.9′E,31 km,5.5,震度２,41.75,144.3983333
2003/9/26,6:04:48,十勝沖,41°53.4′N,144°30.9′E,18 km,4.6,震度１,41.89,144.515
2003/9/26,6:07:19,十勝沖,42°22.5′N,144°02.4′E,58 km,4.9,震度２,42.375,144.04
2003/9/26,6:08:02,十勝沖,41°42.5′N,143°41.4′E,21 km,7.1,震度６弱,41.70833333,143.69
2003/9/26,6:31:44,十勝沖,42°18.6′N,143°36.0′E,45 km,3.7,震度１,42.31,143.6
2003/9/26,6:54:26,十勝沖,42°02.8′N,143°46.2′E,38 km,4.7,震度２,42.04666667,143.77
2003/9/26,7:15:05,浦河沖,41°57.2′N,143°03.5′E,44 km,3.4,震度１,41.95333333,143.0583333
2003/9/26,7:20:22,十勝沖,42°03.5′N,143°43.8′E,41 km,5.2,震度３,42.05833333,143.73
2003/9/26,7:24:39,十勝沖,42°15.8′N,143°35.5′E,47 km,4.6,震度２,42.26333333,143.5916667
2003/9/26,8:11:44,釧路沖,42°48.7′N,144°59.7′E,46 km,4.8,震度３,42.81166667,144.995
2003/9/26,9:15:07,十勝地方南部,42°15.7′N,143°15.6′E,45 km,3.5,震度１,42.26166667,143.26
2003/9/26,10:08:18,十勝沖,41°50.2′N,144°13.7′E,18 km,4.6,震度１,41.83666667,144.2283333
2003/9/26,11:35:13,十勝沖,41°58.1′N,144°33.5′E,39 km,5.8,震度３,41.96833333,144.5583333
2003/9/26,12:29:07,十勝沖,41°41.9′N,143°51.6′E,46 km,5.2,震度２,41.69833333,143.86
2003/9/26,12:41:05,十勝沖,42°05.4′N,143°46.1′E,44 km,4,震度１,42.09,143.7683333
2003/9/26,12:51:37,釧路沖,42°11.1′N,144°48.2′E,28 km,5.2,震度２,42.185,144.8033333
2003/9/26,13:44:18,サハリン南部付近,46°05.8′N,143°07.7′E,360 km,5.3,震度１,46.09666667,143.1283333
2003/9/26,15:26:58,釧路沖,42°11.3′N,144°46.5′E,27 km,6.1,震度４,42.18833333,144.775
2003/9/26,19:11:02,十勝沖,42°03.2′N,144°11.0′E,57 km,4.6,震度２,42.05333333,144.1833333
2003/9/27,1:38:28,日高地方東部,42°07.7′N,143°05.1′E,45 km,3,震度１,42.12833333,143.085
2003/9/27,5:38:22,釧路沖,42°01.5′N,144°43.6′E,34 km,6,震度３,42.025,144.7266667
2003/9/27,5:47:15,宮城県北部,38°51.2′N,141°35.7′E,74 km,3.6,震度１,38.85333333,141.595
2003/9/27,7:11:33,釧路沖,42°01.4′N,144°47.7′E,33 km,4.7,震度１,42.02333333,144.795
2003/9/27,7:57:18,宮城県北部,38°27.7′N,141°09.9′E,13 km,2.5,震度１,38.46166667,141.165
2003/9/27,11:14:07,十勝沖,42°02.2′N,144°15.5′E,59 km,4.7,震度１,42.03666667,144.2583333
2003/9/27,11:46:45,釧路沖,42°23.2′N,144°40.5′E,39 km,3.9,震度１,42.38666667,144.675
2003/9/27,11:57:36,日高地方東部,42°07.8′N,143°05.5′E,44 km,3,震度１,42.13,143.0916667
2003/9/27,13:41:05,釧路沖,41°56.2′N,145°01.9′E,29 km,4.7,震度１,41.93666667,145.0316667
2003/9/27,13:55:05,和歌山県北部,34°04.0′N,135°16.5′E,8 km,3,震度１,34.06666667,135.275
2003/9/27,15:42:51,新島・神津島近海,34°21.5′N,139°09.4′E,7 km,2.4,震度１,34.35833333,139.1566667
2003/9/27,17:06:22,釧路沖,42°44.1′N,144°20.5′E,59 km,5.2,震度４,42.735,144.3416667
2003/9/27,23:37:16,与那国島近海,24°20.1′N,123°23.6′E,55 km,3.7,震度１,24.335,123.3933333
2003/9/28,1:07:41,釧路沖,42°19.8′N,144°22.3′E,49 km,5.1,震度３,42.33,144.3716667
2003/9/28,7:11:58,奄美大島北西沖,28°55.6′N,128°10.7′E,0 km,6,震度２,28.92666667,128.1783333
2003/9/28,7:23:24,日高地方東部,42°11.4′N,142°58.1′E,51 km,5.2,震度４,42.19,142.9683333
2003/9/28,8:04:41,釧路沖,42°11.7′N,144°43.6′E,29 km,5.1,震度３,42.195,144.7266667
2003/9/28,9:23:11,十勝地方南部,42°16.0′N,143°19.2′E,43 km,5,震度３,42.26666667,143.32
2003/9/28,10:09:46,宮城県中部,38°22.8′N,141°10.3′E,11 km,1.6,震度１,38.38,141.1716667
2003/9/28,10:13:58,静岡県中部,35°14.3′N,138°23.9′E,18 km,3.5,震度１,35.23833333,138.3983333
2003/9/28,12:22:29,和歌山県北部,34°05.3′N,135°06.6′E,7 km,2.6,震度２,34.08833333,135.11
2003/9/28,13:17:56,釧路沖,42°36.2′N,144°48.7′E,48 km,5.5,震度３,42.60333333,144.8116667
2003/9/28,18:15:05,千葉県北東部,35°31.8′N,140°23.1′E,39 km,2.4,震度１,35.53,140.385
2003/9/28,21:56:15,釧路沖,42°52.7′N,144°56.0′E,51 km,4,震度２,42.87833333,144.9333333
2003/9/28,23:13:53,釧路沖,42°00.6′N,144°47.3′E,35 km,4.9,震度２,42.01,144.7883333
2003/9/29,0:02:13,日高地方東部,42°11.7′N,142°59.6′E,48 km,3,震度１,42.195,142.9933333
2003/9/29,1:50:55,釧路沖,41°52.6′N,145°32.0′E,19 km,5.5,震度３,41.87666667,145.5333333
2003/9/29,5:57:43,十勝沖,41°52.1′N,144°37.6′E,37 km,4.7,震度１,41.86833333,144.6266667
2003/9/29,5:59:52,釧路沖,42°01.6′N,144°56.8′E,28 km,5.2,震度２,42.02666667,144.9466667
2003/9/29,6:18:25,十勝沖,42°01.3′N,144°19.3′E,29 km,4.4,震度１,42.02166667,144.3216667
2003/9/29,6:29:44,釧路沖,42°10.0′N,144°50.7′E,27 km,5,震度２,42.16666667,144.845
2003/9/29,10:10:43,十勝沖,42°29.6′N,143°35.5′E,57 km,4,震度１,42.49333333,143.5916667
2003/9/29,11:36:55,釧路沖,42°21.5′N,144°33.1′E,43 km,6.5,震度４,42.35833333,144.5516667
2003/9/29,14:09:35,京都府南部,34°58.5′N,135°30.1′E,15 km,3.3,震度２,34.975,135.5016667
2003/9/29,15:05:43,福島県会津,37°25.8′N,139°41.2′E,3 km,1.7,震度１,37.43,139.6866667
2003/9/29,16:33:14,宮城県沖,38°49.0′N,141°35.4′E,74 km,3.1,震度１,38.81666667,141.59
2003/9/29,16:49:59,十勝沖,42°23.9′N,144°03.3′E,64 km,5.5,震度３,42.39833333,144.055
2003/9/29,18:26:41,浦河沖,42°18.5′N,142°10.0′E,85 km,3.6,震度１,42.30833333,142.1666667
2003/9/29,19:35:33,十勝沖,42°24.6′N,144°02.7′E,61 km,4.2,震度２,42.41,144.045
2003/9/29,21:16:20,釧路沖,42°34.3′N,144°43.4′E,49 km,3.4,震度１,42.57166667,144.7233333
2003/9/29,23:22:16,十勝沖,42°04.9′N,144°28.8′E,39 km,5.7,震度３,42.08166667,144.48
2003/9/29,23:27:20,釧路沖,42°23.4′N,144°40.9′E,39 km,4.6,震度２,42.39,144.6816667
2003/9/30,1:18:27,宮城県中部,38°23.0′N,141°10.1′E,11 km,3.8,震度４,38.38333333,141.1683333
2003/9/30,4:28:00,宮城県沖,38°49.0′N,141°35.4′E,74 km,3.5,震度１,38.81666667,141.59
2003/9/30,5:24:41,釧路沖,42°14.3′N,144°56.5′E,27 km,4.4,震度１,42.23833333,144.9416667
2003/9/30,6:22:12,十勝沖,41°34.4′N,144°11.6′E,25 km,5.8,震度２,41.57333333,144.1933333
2003/9/30,7:09:19,十勝沖,41°36.3′N,144°12.4′E,25 km,5.5,震度１,41.605,144.2066667
2003/9/30,7:45:05,日高地方東部,42°07.5′N,143°05.3′E,45 km,2.9,震度１,42.125,143.0883333
2003/9/30,7:55:21,宮城県中部,38°23.1′N,141°09.9′E,10 km,1.8,震度１,38.385,141.165
2003/9/30,8:24:25,釧路沖,41°59.3′N,144°59.2′E,32 km,5,震度２,41.98833333,144.9866667
2003/9/30,8:40:58,沖縄本島近海,27°26.8′N,128°39.5′E,39 km,3.8,震度１,27.44666667,128.6583333
2003/9/30,9:35:09,十勝沖,42°22.5′N,143°54.7′E,59 km,3.6,震度１,42.375,143.9116667
2003/9/30,12:22:56,佐渡付近,37°50.1′N,138°07.4′E,19 km,4.3,震度３,37.835,138.1233333
2003/9/30,13:10:01,千葉県北西部,35°41.5′N,140°13.4′E,73 km,4.3,震度２,35.69166667,140.2233333
2003/9/30,17:32:23,宮城県北部,38°55.8′N,141°37.8′E,73 km,3,震度１,38.93,141.63
2003/9/30,18:59:52,沖縄本島近海,27°26.8′N,128°39.4′E,40 km,3.8,震度１,27.44666667,128.6566667
2003/10/1,1:24:48,浦河沖,41°53.4′N,142°31.4′E,61 km,4.1,震度２,41.89,142.5233333
2003/10/1,10:30:23,釧路沖,41°57.7′N,145°04.5′E,31 km,5.3,震度２,41.96166667,145.075
2003/10/1,10:47:38,十勝沖,42°10.1′N,143°49.4′E,53 km,3.8,震度１,42.16833333,143.8233333
2003/10/1,13:10:07,十勝沖,41°26.0′N,144°09.6′E,30 km,4.8,震度１,41.43333333,144.16
2003/10/1,19:25:39,十勝沖,42°00.2′N,144°19.7′E,60 km,4.5,震度１,42.00333333,144.3283333
2003/10/1,19:59:58,紀伊水道,34°10.4′N,135°05.0′E,9 km,3.3,震度１,34.17333333,135.0833333
2003/10/2,1:23:30,十勝沖,42°03.5′N,144°33.1′E,38 km,5.2,震度２,42.05833333,144.5516667
2003/10/2,8:04:52,十勝沖,41°18.7′N,143°40.5′E,21 km,5.1,震度１,41.31166667,143.675
2003/10/2,13:03:53,茨城県南部,36°18.4′N,140°01.2′E,72 km,3.6,震度１,36.30666667,140.02
2003/10/2,16:29:39,埼玉県南部,35°59.4′N,139°28.9′E,98 km,3.6,震度１,35.99,139.4816667
2003/10/2,16:32:28,岩手県内陸南部,39°05.4′N,141°26.4′E,88 km,4,震度２,39.09,141.44
2003/10/2,18:00:09,兵庫県南東部,34°57.9′N,135°22.9′E,10 km,2.9,震度１,34.965,135.3816667
2003/10/3,9:14:29,北海道西方沖,43°55.5′N,139°54.3′E,245 km,4.7,震度１,43.925,139.905
2003/10/3,13:45:22,十勝沖,41°55.2′N,143°32.5′E,33 km,4.9,震度２,41.92,143.5416667
2003/10/3,16:34:50,宮城県沖,38°13.3′N,142°07.9′E,40 km,4,震度１,38.22166667,142.1316667
2003/10/3,17:14:11,宮城県中部,38°22.9′N,141°10.1′E,10 km,1.9,震度１,38.38166667,141.1683333
2003/10/3,17:30:33,十勝沖,41°55.9′N,144°02.5′E,51 km,4.2,震度１,41.93166667,144.0416667
2003/10/3,20:25:45,十勝沖,42°30.1′N,143°51.1′E,59 km,4.2,震度２,42.50166667,143.8516667
2003/10/3,20:28:22,宮城県沖,38°17.3′N,141°53.1′E,72 km,4.2,震度２,38.28833333,141.885
2003/10/4,5:38:43,日高地方東部,42°13.4′N,142°55.1′E,55 km,4.7,震度３,42.22333333,142.9183333
2003/10/4,5:39:20,新島・神津島近海,34°13.4′N,139°13.8′E,14 km,2.4,震度１,34.22333333,139.23
2003/10/4,6:46:32,新島・神津島近海,34°13.3′N,139°13.6′E,15 km,3.2,震度２,34.22166667,139.2266667
2003/10/4,8:11:29,宮城県沖,38°42.9′N,141°41.1′E,74 km,4.5,震度３,38.715,141.685
2003/10/4,12:10:32,釧路沖,42°12.4′N,145°03.0′E,28 km,4.8,震度２,42.20666667,145.05
2003/10/4,13:02:21,新島・神津島近海,34°13.8′N,139°13.7′E,13 km,2.6,震度１,34.23,139.2283333
2003/10/4,13:43:23,宮城県中部,38°27.7′N,141°13.4′E,11 km,2.7,震度１,38.46166667,141.2233333
2003/10/4,14:03:06,釧路沖,42°11.8′N,145°05.0′E,27 km,4.7,震度１,42.19666667,145.0833333
2003/10/4,15:23:53,新島・神津島近海,34°13.2′N,139°14.1′E,15 km,2.5,震度１,34.22,139.235
2003/10/4,20:12:16,新島・神津島近海,34°13.9′N,139°13.2′E,14 km,2.6,震度１,34.23166667,139.22
2003/10/4,23:41:11,青森県東方沖,41°33.7′N,142°03.3′E,69 km,4.7,震度２,41.56166667,142.055
2003/10/5,0:29:15,岐阜県飛騨地方,36°00.4′N,137°16.8′E,13 km,4.5,震度４,36.00666667,137.28
2003/10/5,1:37:52,鹿児島県薩摩地方,31°58.2′N,130°26.8′E,5 km,3.3,震度３,31.97,130.4466667
2003/10/5,4:57:59,浦河沖,41°58.4′N,143°03.3′E,42 km,3.4,震度１,41.97333333,143.055
2003/10/5,4:58:01,沖縄本島近海,27°11.3′N,128°17.5′E,52 km,4,震度２,27.18833333,128.2916667
2003/10/5,9:17:59,釧路沖,41°57.9′N,144°51.0′E,23 km,4.7,震度１,41.965,144.85
2003/10/5,9:19:57,釧路沖,41°58.3′N,144°50.8′E,22 km,4.6,震度１,41.97166667,144.8466667
2003/10/5,14:30:18,十勝沖,42°07.8′N,143°56.6′E,54 km,4.3,震度１,42.13,143.9433333
2003/10/6,3:40:04,宮城県中部,38°24.6′N,141°12.3′E,11 km,1.6,震度１,38.41,141.205
2003/10/6,8:57:12,千葉県南部,35°12.4′N,140°16.9′E,66 km,4.1,震度２,35.20666667,140.2816667
2003/10/6,9:12:49,青森県東方沖,40°57.7′N,142°00.7′E,56 km,3.7,震度１,40.96166667,142.0116667
2003/10/6,15:54:06,山形県村山地方,38°17.3′N,140°14.6′E,8 km,2.4,震度１,38.28833333,140.2433333
2003/10/6,20:57:53,山形県村山地方,38°17.3′N,140°14.5′E,8 km,3.5,震度４,38.28833333,140.2416667
2003/10/6,23:37:46,鳥取県西部,35°11.9′N,133°25.7′E,5 km,2.7,震度２,35.19833333,133.4283333
2003/10/7,1:27:55,浦河沖,41°58.1′N,142°32.3′E,64 km,4.5,震度３,41.96833333,142.5383333
2003/10/7,2:11:02,十勝沖,42°12.3′N,144°25.4′E,35 km,4.2,震度１,42.205,144.4233333
2003/10/7,3:11:57,宮城県沖,38°30.6′N,141°57.1′E,86 km,3.3,震度１,38.51,141.9516667
2003/10/7,4:26:17,釧路沖,42°14.4′N,144°44.4′E,28 km,5.6,震度３,42.24,144.74
2003/10/7,5:28:10,広島県北部,34°55.8′N,132°52.7′E,11 km,3.1,震度２,34.93,132.8783333
2003/10/7,6:56:41,宮城県中部,38°23.3′N,141°08.5′E,11 km,1.9,震度１,38.38833333,141.1416667
2003/10/7,10:41:02,宮城県中部,38°25.1′N,141°10.9′E,12 km,2.2,震度２,38.41833333,141.1816667
2003/10/7,17:00:32,釧路沖,42°16.6′N,145°01.6′E,24 km,4.9,震度２,42.27666667,145.0266667
2003/10/7,17:42:25,十勝沖,41°57.6′N,144°02.7′E,41 km,4.3,震度１,41.96,144.045
2003/10/7,20:40:30,釧路沖,42°16.7′N,144°48.9′E,28 km,4.7,震度２,42.27833333,144.815
2003/10/7,21:48:11,宮城県沖,38°23.8′N,141°12.2′E,10 km,2.3,震度２,38.39666667,141.2033333
2003/10/7,22:08:53,宮城県中部,38°23.5′N,141°10.7′E,11 km,1.5,震度１,38.39166667,141.1783333
2003/10/8,2:40:54,釧路沖,42°30.5′N,144°48.0′E,47 km,5.2,震度３,42.50833333,144.8
2003/10/8,15:34:34,有明海,32°57.2′N,130°22.2′E,11 km,2.9,震度１,32.95333333,130.37
2003/10/8,17:02:21,和歌山県北部,34°16.1′N,135°24.7′E,7 km,2.7,震度２,34.26833333,135.4116667
2003/10/8,18:06:57,釧路沖,42°33.9′N,144°40.1′E,51 km,6.4,震度４,42.565,144.6683333
2003/10/8,18:28:00,岩手県沿岸北部,39°32.8′N,142°01.8′E,86 km,3.4,震度１,39.54666667,142.03
2003/10/8,19:02:51,新島・神津島近海,34°17.9′N,139°08.2′E,9 km,2.1,震度１,34.29833333,139.1366667
2003/10/8,19:51:50,十勝沖,42°05.6′N,144°21.7′E,35 km,4.5,震度１,42.09333333,144.3616667
2003/10/8,19:54:54,釧路沖,42°33.4′N,144°44.8′E,52 km,4,震度１,42.55666667,144.7466667
2003/10/8,22:32:11,釧路沖,42°16.2′N,144°48.1′E,28 km,5.7,震度３,42.27,144.8016667
2003/10/8,23:35:12,兵庫県南東部,34°41.0′N,135°08.2′E,14 km,4.2,震度２,34.68333333,135.1366667
2003/10/9,0:18:33,釧路沖,42°15.5′N,144°25.7′E,31 km,4.9,震度２,42.25833333,144.4283333
2003/10/9,7:19:13,宮城県中部,38°24.4′N,141°11.4′E,11 km,2.1,震度１,38.40666667,141.19
2003/10/9,8:15:18,釧路沖,42°15.1′N,144°45.6′E,28 km,5.9,震度４,42.25166667,144.76
2003/10/9,13:56:16,和歌山県北部,34°13.7′N,135°25.0′E,8 km,2.5,震度１,34.22833333,135.4166667
2003/10/9,15:52:59,十勝沖,41°39.8′N,143°36.7′E,25 km,5.4,震度２,41.66333333,143.6116667
2003/10/10,11:21:55,日高地方東部,42°07.8′N,143°04.8′E,45 km,2.8,震度１,42.13,143.08
2003/10/10,18:31:14,和歌山県北部,34°02.4′N,135°12.3′E,7 km,2.6,震度１,34.04,135.205
2003/10/10,21:58:20,釧路沖,42°06.0′N,144°54.6′E,26 km,5.1,震度２,42.1,144.91
2003/10/11,9:08:48,十勝沖,41°51.8′N,144°26.3′E,28 km,6.1,震度３,41.86333333,144.4383333
2003/10/11,9:36:01,十勝沖,41°52.9′N,144°27.7′E,26 km,4.9,震度１,41.88166667,144.4616667
2003/10/11,10:11:32,北海道東方沖,43°43.4′N,147°49.8′E,0 km,5.5,震度２,43.72333333,147.83
2003/10/11,14:50:06,紀伊水道,34°07.7′N,135°06.9′E,8 km,2.6,震度２,34.12833333,135.115
2003/10/11,18:25:39,奈良県,34°15.1′N,136°00.9′E,52 km,3.2,震度２,34.25166667,136.015
2003/10/12,3:26:20,十勝沖,41°45.6′N,143°49.2′E,48 km,5.5,震度３,41.76,143.82
2003/10/12,5:57:37,釧路沖,42°48.1′N,145°01.6′E,47 km,3.7,震度１,42.80166667,145.0266667
2003/10/12,6:03:33,青森県東方沖,41°33.2′N,142°03.2′E,66 km,3.7,震度２,41.55333333,142.0533333
2003/10/12,6:56:14,十勝沖,42°15.2′N,143°43.9′E,53 km,3.9,震度２,42.25333333,143.7316667
2003/10/12,11:05:17,奄美大島近海,28°11.5′N,129°37.7′E,28 km,3.6,震度１,28.19166667,129.6283333
2003/10/12,15:19:04,石川県西方沖,36°50.9′N,135°38.2′E,24 km,4.7,震度２,36.84833333,135.6366667
2003/10/12,15:36:29,釧路沖,42°23.2′N,144°33.1′E,32 km,4.4,震度１,42.38666667,144.5516667
2003/10/13,5:21:30,西表島付近,24°24.7′N,123°29.7′E,55 km,3.8,震度２,24.41166667,123.495
2003/10/13,14:55:49,滋賀県南部,35°15.8′N,136°00.7′E,15 km,3.2,震度１,35.26333333,136.0116667
2003/10/14,2:55:00,宮城県沖,38°51.9′N,141°36.6′E,73 km,3.5,震度１,38.865,141.61
2003/10/14,6:04:05,紀伊水道,34°10.3′N,135°04.5′E,8 km,3,震度２,34.17166667,135.075
2003/10/14,13:47:57,新島・神津島近海,34°14.7′N,139°00.4′E,11 km,3.2,震度１,34.245,139.0066667
2003/10/14,18:40:56,大分県中部,32°58.3′N,131°40.5′E,66 km,3.3,震度１,32.97166667,131.675
2003/10/14,21:39:22,十勝沖,41°41.8′N,144°18.9′E,26 km,5.3,震度２,41.69666667,144.315
2003/10/15,9:42:31,岩手県内陸北部,40°09.8′N,141°05.3′E,7 km,2.3,震度１,40.16333333,141.0883333
2003/10/15,14:57:16,千葉県東方沖,35°38.1′N,141°01.2′E,28 km,3.7,震度１,35.635,141.02
2003/10/15,16:30:36,東京湾,35°36.8′N,140°02.9′E,74 km,5.1,震度４,35.61333333,140.0483333
2003/10/16,15:20:36,千葉県東方沖,35°51.2′N,140°58.5′E,27 km,3.5,震度１,35.85333333,140.975
2003/10/16,18:37:50,岩手県沿岸北部,40°05.8′N,141°31.9′E,75 km,3.5,震度２,40.09666667,141.5316667
2003/10/16,20:40:23,宮城県中部,38°24.4′N,141°09.8′E,11 km,2.3,震度１,38.40666667,141.1633333
2003/10/17,4:56:32,宮城県中部,38°24.3′N,141°12.0′E,11 km,2.1,震度１,38.405,141.2
2003/10/17,15:12:14,新島・神津島近海,34°14.0′N,139°13.8′E,13 km,3.5,震度２,34.23333333,139.23
2003/10/17,15:15:55,新島・神津島近海,34°14.2′N,139°13.2′E,13 km,2.6,震度１,34.23666667,139.22
2003/10/17,20:34:51,新潟県上越地方,37°02.9′N,138°22.5′E,16 km,2.1,震度１,37.04833333,138.375
2003/10/17,20:45:00,新島・神津島近海,34°14.0′N,139°13.6′E,13 km,2.9,震度１,34.23333333,139.2266667
2003/10/17,20:49:58,新潟県上越地方,37°03.6′N,138°23.1′E,8 km,2.3,震度２,37.06,138.385
2003/10/17,23:35:03,日高地方東部,42°12.4′N,142°48.4′E,12 km,3.3,震度３,42.20666667,142.8066667
2003/10/17,23:53:48,熊本県熊本地方,32°44.9′N,130°43.5′E,12 km,2.9,震度１,32.74833333,130.725
2003/10/18,7:50:10,十勝沖,41°42.4′N,144°13.6′E,32 km,5.1,震度１,41.70666667,144.2266667
2003/10/18,18:32:02,十勝地方北部,43°25.5′N,143°50.3′E,8 km,4.5,震度３,43.425,143.8383333
2003/10/19,1:24:48,秋田県内陸南部,39°15.2′N,140°35.2′E,146 km,3.8,震度１,39.25333333,140.5866667
2003/10/19,1:31:52,茨城県南部,36°04.1′N,139°55.7′E,46 km,3.6,震度２,36.06833333,139.9283333
2003/10/19,5:43:05,熊本県天草・芦北地方,32°14.3′N,130°22.5′E,8 km,3.1,震度１,32.23833333,130.375
2003/10/19,14:16:35,長野県南部,35°51.5′N,137°35.3′E,6 km,2.4,震度１,35.85833333,137.5883333
2003/10/19,15:54:57,釧路沖,42°56.7′N,145°01.6′E,51 km,3.9,震度１,42.945,145.0266667
2003/10/19,18:34:43,長野県南部,35°42.6′N,137°38.0′E,7 km,2.7,震度１,35.71,137.6333333
2003/10/20,8:27:31,釧路沖,43°01.3′N,145°09.9′E,96 km,4.7,震度２,43.02166667,145.165
2003/10/20,14:00:08,伊豆半島東方沖,35°00.9′N,139°07.5′E,8 km,3,震度２,35.015,139.125
2003/10/20,16:50:37,宮城県中部,38°27.3′N,141°12.7′E,11 km,2.9,震度１,38.455,141.2116667
2003/10/20,17:33:56,岩手県沖,40°26.3′N,141°51.0′E,46 km,3.1,震度１,40.43833333,141.85
2003/10/21,3:37:39,宮城県沖,38°51.4′N,141°39.1′E,67 km,3.4,震度１,38.85666667,141.6516667
2003/10/21,10:31:22,宮城県沖,38°51.3′N,141°39.0′E,66 km,3.1,震度１,38.855,141.65
2003/10/21,10:39:55,新島・神津島近海,34°20.7′N,139°08.8′E,0 km,1.6,震度１,34.345,139.1466667
2003/10/21,11:40:17,宮城県沖,38°56.5′N,141°39.5′E,69 km,2.8,震度１,38.94166667,141.6583333
2003/10/22,6:59:32,宮城県中部,38°25.0′N,141°10.3′E,11 km,1.7,震度１,38.41666667,141.1716667
2003/10/22,8:21:45,福島県会津,37°20.9′N,140°00.3′E,7 km,4.2,震度２,37.34833333,140.005
2003/10/22,9:21:09,福島県会津,37°20.6′N,140°00.4′E,7 km,3.7,震度２,37.34333333,140.0066667
2003/10/22,17:55:53,鳥取県中部,35°21.5′N,133°44.1′E,8 km,2.9,震度１,35.35833333,133.735
2003/10/22,18:49:04,紀伊水道,34°10.3′N,135°10.3′E,7 km,2.1,震度１,34.17166667,135.1716667
2003/10/22,20:00:52,和歌山県北部,34°15.0′N,135°25.2′E,8 km,2.4,震度１,34.25,135.42
2003/10/22,21:22:18,福井県嶺北,35°55.1′N,136°35.7′E,10 km,2.9,震度１,35.91833333,136.595
2003/10/23,4:26:38,伊予灘,33°38.3′N,132°23.8′E,45 km,3.1,震度１,33.63833333,132.3966667
2003/10/23,7:00:10,四国沖,32°39.5′N,132°46.3′E,26 km,3.1,震度１,32.65833333,132.7716667
2003/10/23,9:41:58,宮城県中部,38°23.8′N,141°06.9′E,12 km,2.1,震度１,38.39666667,141.115
2003/10/23,11:27:46,陸奥湾,40°58.1′N,140°46.9′E,13 km,3.6,震度３,40.96833333,140.7816667
2003/10/23,14:00:38,宮城県中部,38°28.0′N,141°11.3′E,12 km,4.4,震度４,38.46666667,141.1883333
2003/10/23,16:18:16,熊本県熊本地方,32°58.4′N,130°46.2′E,11 km,2.7,震度１,32.97333333,130.77
2003/10/23,23:22:11,福島県沖,37°04.9′N,141°08.0′E,86 km,4.3,震度２,37.08166667,141.1333333
2003/10/24,2:00:45,茨城県南部,36°18.9′N,140°01.7′E,72 km,3.4,震度１,36.315,140.0283333
2003/10/24,3:27:53,三宅島近海,34°04.2′N,139°33.4′E,0 km,2.3,震度１,34.07,139.5566667
2003/10/24,9:40:12,新島・神津島近海,34°16.3′N,139°11.5′E,10 km,2.4,震度１,34.27166667,139.1916667
2003/10/24,11:11:14,新島・神津島近海,34°16.3′N,139°10.8′E,10 km,2.4,震度１,34.27166667,139.18
2003/10/24,16:38:24,宮城県北部,38°54.4′N,141°39.7′E,66 km,3.5,震度１,38.90666667,141.6616667
2003/10/24,17:34:28,新島・神津島近海,34°20.8′N,139°07.7′E,0 km,2.1,震度１,34.34666667,139.1283333
2003/10/24,21:02:29,千葉県南部,35°12.9′N,140°17.2′E,70 km,4.3,震度２,35.215,140.2866667
2003/10/24,22:04:21,釧路沖,41°57.6′N,144°51.5′E,24 km,4.4,震度１,41.96,144.8583333
2003/10/25,11:47:06,石川県加賀地方,36°09.6′N,136°46.1′E,2 km,3.2,震度１,36.16,136.7683333
2003/10/25,14:09:36,宮城県中部,38°28.1′N,141°13.4′E,12 km,2.4,震度１,38.46833333,141.2233333
2003/10/25,17:27:12,千葉県北西部,35°38.7′N,140°04.4′E,71 km,3.7,震度１,35.645,140.0733333
2003/10/25,20:09:21,十勝地方中部,42°51.5′N,143°35.6′E,111 km,3.9,震度１,42.85833333,143.5933333
2003/10/26,1:34:55,十勝沖,42°24.3′N,144°04.7′E,62 km,3.7,震度１,42.405,144.0783333
2003/10/26,5:53:07,和歌山県北部,34°00.8′N,135°14.3′E,6 km,3.5,震度２,34.01333333,135.2383333
2003/10/27,5:42:31,栃木県北部,36°38.3′N,139°25.2′E,8 km,2.6,震度１,36.63833333,139.42
2003/10/27,11:15:27,西表島付近,24°09.7′N,123°36.1′E,42 km,4.7,震度２,24.16166667,123.6016667
2003/10/27,20:22:55,八丈島東方沖,33°21.4′N,140°34.6′E,49 km,4,震度１,33.35666667,140.5766667
2003/10/28,9:42:06,山口県北西沖,34°55.4′N,131°22.0′E,14 km,3.9,震度１,34.92333333,131.3666667
2003/10/28,11:20:04,伊豆大島近海,34°48.0′N,139°15.3′E,12 km,4.4,震度３,34.8,139.255
2003/10/28,13:24:37,宮城県沖,38°56.4′N,141°39.5′E,68 km,3.8,震度２,38.94,141.6583333
2003/10/28,13:31:31,三重県南部,34°24.3′N,136°47.7′E,33 km,4.1,震度２,34.405,136.795
2003/10/28,21:30:53,十勝沖,42°28.0′N,143°29.5′E,54 km,3.4,震度１,42.46666667,143.4916667
2003/10/29,0:32:18,茨城県南部,36°10.5′N,139°48.7′E,53 km,3.3,震度１,36.175,139.8116667
2003/10/29,6:48:23,北海道東方沖,43°36.2′N,147°43.9′E,31 km,6,震度３,43.60333333,147.7316667
2003/10/29,16:32:00,青森県東方沖,41°18.2′N,141°28.0′E,85 km,3.2,震度１,41.30333333,141.4666667
2003/10/29,17:34:42,長野県南部,35°49.1′N,137°31.1′E,8 km,2.2,震度１,35.81833333,137.5183333
2003/10/30,3:10:55,宮城県北部,38°54.9′N,141°37.5′E,73 km,3,震度１,38.915,141.625
2003/10/30,9:02:31,熊本県熊本地方,32°58.4′N,130°46.1′E,10 km,2.5,震度１,32.97333333,130.7683333
2003/10/30,9:12:06,宮城県沖,38°51.6′N,141°36.8′E,72 km,3.2,震度１,38.86,141.6133333
2003/10/31,1:41:57,宮城県中部,38°22.8′N,141°09.6′E,11 km,1.7,震度１,38.38,141.16
2003/10/31,4:04:50,熊本県天草・芦北地方,32°17.4′N,130°33.2′E,4 km,2.4,震度１,32.29,130.5533333
2003/10/31,10:06:31,宮城県沖,37°49.9′N,142°41.7′E,33 km,6.8,震度４,37.83166667,142.695
2003/10/31,10:17:54,三陸沖,37°53.5′N,142°51.5′E,34 km,4.4,震度１,37.89166667,142.8583333
2003/10/31,10:21:28,福島県沖,37°45.1′N,142°58.4′E,43 km,4.8,震度１,37.75166667,142.9733333
2003/10/31,14:31:11,三陸沖,37°53.4′N,142°50.0′E,35 km,4.8,震度１,37.89,142.8333333
2003/10/31,23:15:11,山形県庄内地方,38°34.7′N,139°56.0′E,158 km,5.1,震度２,38.57833333,139.9333333
2003/11/1,1:08:46,橘湾,32°46.0′N,130°09.8′E,13 km,2.1,震度１,32.76666667,130.1633333
2003/11/1,4:32:47,青森県東方沖,41°18.8′N,142°39.9′E,37 km,4.6,震度２,41.31333333,142.665
2003/11/1,9:26:58,三陸沖,37°49.7′N,143°17.0′E,39 km,5.2,震度２,37.82833333,143.2833333
2003/11/1,12:19:26,十勝沖,41°46.2′N,144°35.6′E,22 km,5,震度１,41.77,144.5933333
2003/11/1,15:53:38,宮城県中部,38°24.0′N,141°12.4′E,10 km,1.6,震度１,38.4,141.2066667
2003/11/1,17:59:39,宮城県中部,38°27.2′N,141°12.9′E,12 km,2.5,震度２,38.45333333,141.215
2003/11/1,22:10:08,福島県沖,37°46.4′N,143°16.2′E,46 km,6.2,震度２,37.77333333,143.27
2003/11/2,8:12:42,トカラ列島近海,29°43.2′N,130°00.1′E,10 km,2.3,震度１,29.72,130.0016667
2003/11/2,8:44:14,釧路沖,42°15.2′N,144°24.5′E,31 km,4.9,震度２,42.25333333,144.4083333
2003/11/2,9:35:55,宮城県沖,38°52.3′N,141°36.1′E,74 km,4,震度２,38.87166667,141.6016667
2003/11/2,11:58:16,三陸沖,37°49.6′N,143°06.7′E,44 km,5.6,震度３,37.82666667,143.1116667
2003/11/2,13:08:45,国後島付近,44°21.2′N,146°26.9′E,140 km,4.7,震度１,44.35333333,146.4483333
2003/11/2,14:04:37,釧路沖,42°20.0′N,144°39.2′E,36 km,4.2,震度１,42.33333333,144.6533333
2003/11/3,2:30:57,浦河沖,42°03.2′N,142°34.5′E,60 km,3.6,震度１,42.05333333,142.575
2003/11/3,2:46:23,十勝地方北部,43°01.2′N,142°46.3′E,9 km,3,震度１,43.02,142.7716667
2003/11/3,7:25:15,浦河沖,42°07.2′N,142°36.3′E,63 km,3.7,震度１,42.12,142.605
2003/11/3,16:11:35,福島県沖,37°29.1′N,142°30.3′E,21 km,5.2,震度２,37.485,142.505
2003/11/4,20:53:53,日高地方東部,42°19.8′N,143°00.6′E,53 km,3.5,震度１,42.33,143.01
2003/11/5,3:38:26,宮城県中部,38°23.9′N,141°08.9′E,12 km,2.9,震度２,38.39833333,141.1483333
2003/11/5,8:05:52,伊勢湾,35°00.4′N,136°51.6′E,13 km,3,震度１,35.00666667,136.86
2003/11/5,12:03:53,青森県西方沖,41°02.2′N,139°15.0′E,31 km,3.7,震度１,41.03666667,139.25
2003/11/5,20:34:32,茨城県南部,36°02.9′N,139°52.3′E,43 km,2.9,震度１,36.04833333,139.8716667
2003/11/5,21:12:22,鹿児島県薩摩地方,31°20.0′N,130°29.8′E,4 km,3.2,震度１,31.33333333,130.4966667
2003/11/6,12:30:48,福島県沖,37°25.3′N,143°00.4′E,48 km,4.7,震度１,37.42166667,143.0066667
2003/11/7,2:37:16,十勝地方南部,42°16.4′N,143°09.6′E,46 km,3.9,震度２,42.27333333,143.16
2003/11/7,9:44:41,宮城県中部,38°24.2′N,141°07.0′E,13 km,2.1,震度１,38.40333333,141.1166667
2003/11/7,13:58:22,陸奥湾,41°09.4′N,140°54.9′E,9 km,2.9,震度１,41.15666667,140.915
2003/11/7,21:02:03,茨城県沖,36°21.9′N,140°48.0′E,47 km,3.2,震度１,36.365,140.8
2003/11/8,3:07:19,宮城県沖,38°22.9′N,141°11.4′E,12 km,3.5,震度３,38.38166667,141.19
2003/11/8,10:22:02,茨城県北部,36°27.3′N,140°36.1′E,56 km,4.1,震度２,36.455,140.6016667
2003/11/8,10:57:35,三陸沖,38°10.2′N,143°34.2′E,12 km,4.9,震度１,38.17,143.57
2003/11/8,18:02:37,豊後水道,32°55.3′N,132°11.6′E,38 km,3.6,震度２,32.92166667,132.1933333
2003/11/9,0:10:45,宮城県北部,38°58.0′N,141°37.9′E,74 km,2.9,震度１,38.96666667,141.6316667
2003/11/9,9:49:33,宮城県中部,38°27.6′N,141°11.5′E,12 km,2.5,震度１,38.46,141.1916667
2003/11/9,17:02:12,和歌山県北部,34°12.6′N,135°12.4′E,3 km,2.2,震度１,34.21,135.2066667
2003/11/9,17:25:52,奄美大島北東沖,29°29.1′N,130°39.3′E,71 km,4.8,震度１,29.485,130.655
2003/11/10,5:49:37,宮城県中部,38°27.3′N,141°11.6′E,12 km,3.3,震度２,38.455,141.1933333
2003/11/10,8:18:19,紀伊水道,33°49.9′N,134°58.0′E,10 km,3,震度１,33.83166667,134.9666667
2003/11/10,11:32:44,宗谷東方沖,45°30.9′N,142°45.2′E,316 km,4.8,震度１,45.515,142.7533333
2003/11/10,14:39:56,岩手県内陸北部,40°12.3′N,141°18.5′E,11 km,2,震度１,40.205,141.3083333
2003/11/11,7:54:55,愛知県西部,34°50.1′N,137°02.2′E,11 km,3.7,震度３,34.835,137.0366667
2003/11/11,11:33:55,栃木県北部,36°38.2′N,139°25.1′E,8 km,2.7,震度１,36.63666667,139.4183333
2003/11/11,15:48:07,熊本県熊本地方,33°01.4′N,130°31.3′E,8 km,3.2,震度１,33.02333333,130.5216667
2003/11/11,17:30:56,紀伊水道,33°45.9′N,134°54.7′E,39 km,3.7,震度２,33.765,134.9116667
2003/11/12,0:32:45,宮城県北部,38°54.9′N,141°37.4′E,73 km,3.5,震度２,38.915,141.6233333
2003/11/12,3:48:28,硫黄島近海,22°40.1′N,143°41.5′E,152 km,6.4,震度１,22.66833333,143.6916667
2003/11/12,7:20:18,熊本県阿蘇地方,33°03.2′N,131°09.5′E,11 km,2.6,震度１,33.05333333,131.1583333
2003/11/12,8:20:03,熊本県阿蘇地方,33°03.2′N,131°09.4′E,11 km,3.2,震度２,33.05333333,131.1566667
2003/11/12,17:26:43,三重県南東沖,33°09.8′N,137°02.0′E,395 km,6.5,震度４,33.16333333,137.0333333
2003/11/13,13:44:41,宮城県沖,38°51.6′N,141°36.7′E,72 km,2.9,震度１,38.86,141.6116667
2003/11/14,0:45:37,十勝沖,42°00.8′N,144°14.2′E,63 km,4.2,震度１,42.01333333,144.2366667
2003/11/14,2:16:56,奄美大島近海,28°28.7′N,130°08.5′E,35 km,4.6,震度２,28.47833333,130.1416667
2003/11/14,2:25:20,奄美大島近海,28°28.7′N,130°07.4′E,36 km,4.8,震度３,28.47833333,130.1233333
2003/11/14,3:06:17,奄美大島近海,28°27.9′N,130°09.2′E,39 km,4.4,震度２,28.465,130.1533333
2003/11/14,4:55:00,千葉県東方沖,35°49.1′N,141°01.3′E,27 km,3.8,震度１,35.81833333,141.0216667
2003/11/14,7:39:20,浦河沖,41°50.2′N,142°11.8′E,70 km,4.8,震度３,41.83666667,142.1966667
2003/11/14,11:14:35,奄美大島近海,28°29.5′N,130°06.2′E,36 km,3.8,震度２,28.49166667,130.1033333
2003/11/14,12:15:04,岩手県沖,39°05.0′N,142°20.0′E,34 km,4.1,震度２,39.08333333,142.3333333
2003/11/14,16:20:57,茨城県北部,36°29.1′N,140°27.1′E,96 km,3.5,震度１,36.485,140.4516667
2003/11/15,0:02:33,栃木県南部,36°21.6′N,139°51.0′E,74 km,3.3,震度１,36.36,139.85
2003/11/15,2:05:25,十勝沖,42°08.4′N,144°23.5′E,26 km,5,震度２,42.14,144.3916667
2003/11/15,3:43:52,茨城県沖,36°25.9′N,141°09.9′E,48 km,5.8,震度４,36.43166667,141.165
2003/11/15,11:17:46,新潟県上中越沖,37°39.7′N,138°38.4′E,23 km,2.7,震度１,37.66166667,138.64
2003/11/15,12:25:43,奈良県,34°25.5′N,135°52.3′E,10 km,1.9,震度１,34.425,135.8716667
2003/11/15,15:24:44,宮城県中部,38°27.5′N,141°13.9′E,11 km,2.6,震度１,38.45833333,141.2316667
2003/11/15,15:43:20,宮城県沖,38°51.3′N,142°03.1′E,45 km,3.3,震度１,38.855,142.0516667
2003/11/15,16:51:59,宮城県沖,38°47.8′N,141°35.8′E,71 km,3.6,震度１,38.79666667,141.5966667
2003/11/16,16:44:50,三陸沖,38°00.2′N,142°54.9′E,15 km,5.2,震度１,38.00333333,142.915
2003/11/16,18:04:17,岩手県沖,40°22.2′N,142°15.2′E,40 km,3.6,震度１,40.37,142.2533333
2003/11/17,0:53:20,奄美大島近海,28°30.5′N,130°08.7′E,32 km,4.3,震度１,28.50833333,130.145
2003/11/17,4:49:31,新島・神津島近海,34°19.7′N,139°10.1′E,8 km,3.1,震度３,34.32833333,139.1683333
2003/11/17,5:57:26,宮城県中部,38°23.3′N,141°09.7′E,11 km,1.9,震度１,38.38833333,141.1616667
2003/11/17,10:51:33,紀伊水道,34°02.9′N,135°06.6′E,7 km,3,震度１,34.04833333,135.11
2003/11/17,13:33:43,埼玉県南部,35°58.9′N,139°36.3′E,54 km,3.9,震度２,35.98166667,139.605
2003/11/18,2:10:25,上川地方南部,43°23.4′N,142°35.3′E,4 km,2.7,震度１,43.39,142.5883333
2003/11/18,4:15:36,上川地方南部,43°23.5′N,142°35.3′E,4 km,2.7,震度１,43.39166667,142.5883333
2003/11/18,4:16:35,広島県北部,34°41.7′N,132°21.8′E,13 km,2.9,震度１,34.695,132.3633333
2003/11/18,7:53:43,宮城県沖,38°49.0′N,141°35.1′E,74 km,4,震度２,38.81666667,141.585
2003/11/18,9:40:23,宮城県中部,38°24.7′N,141°10.1′E,12 km,2.7,震度２,38.41166667,141.1683333
2003/11/18,10:36:40,奄美大島近海,28°13.9′N,129°27.3′E,33 km,4.1,震度２,28.23166667,129.455
2003/11/18,13:01:50,沖縄本島近海,26°41.1′N,127°12.0′E,9 km,4,震度２,26.685,127.2
2003/11/18,17:52:45,青森県東方沖,40°53.7′N,142°08.1′E,51 km,3.5,震度１,40.895,142.135
2003/11/18,20:42:27,新島・神津島近海,34°12.6′N,139°13.3′E,15 km,4.4,震度４,34.21,139.2216667
2003/11/19,0:05:20,熊本県熊本地方,32°49.7′N,130°43.0′E,8 km,2.1,震度２,32.82833333,130.7166667
2003/11/19,4:48:19,宮城県沖,38°46.1′N,141°39.1′E,65 km,3.2,震度１,38.76833333,141.6516667
2003/11/19,12:08:56,トカラ列島近海,29°44.7′N,129°59.4′E,12 km,3.8,震度２,29.745,129.99
2003/11/19,19:55:38,トカラ列島近海,29°44.8′N,129°59.4′E,13 km,2.3,震度１,29.74666667,129.99
2003/11/19,21:20:12,西表島付近,24°28.8′N,123°56.3′E,54 km,4,震度２,24.48,123.9383333
2003/11/20,6:33:30,岩手県沖,39°32.6′N,142°18.3′E,27 km,3.6,震度１,39.54333333,142.305
2003/11/20,12:17:04,十勝沖,41°42.4′N,144°15.3′E,29 km,4.9,震度１,41.70666667,144.255
2003/11/20,23:47:41,岩手県沖,40°22.4′N,141°57.1′E,44 km,3.8,震度３,40.37333333,141.9516667
2003/11/21,1:16:41,宮城県沖,38°30.5′N,142°02.6′E,82 km,3,震度１,38.50833333,142.0433333
2003/11/21,8:13:25,長野県南部,35°51.3′N,137°34.5′E,7 km,2.3,震度１,35.855,137.575
2003/11/21,8:41:30,宮城県中部,38°22.6′N,141°09.8′E,10 km,1.9,震度１,38.37666667,141.1633333
2003/11/21,16:17:30,熊本県阿蘇地方,32°52.7′N,131°06.3′E,1 km,1.3,震度１,32.87833333,131.105
2003/11/21,18:02:55,岩手県沿岸南部,39°03.3′N,141°40.6′E,74 km,3.8,震度２,39.055,141.6766667
2003/11/22,4:15:30,釧路沖,42°24.2′N,144°45.0′E,36 km,4.2,震度１,42.40333333,144.75
2003/11/22,19:27:08,千葉県東方沖,35°04.0′N,141°04.7′E,48 km,4.7,震度１,35.06666667,141.0783333
2003/11/22,21:58:29,新島・神津島近海,34°26.6′N,139°11.1′E,14 km,2.9,震度１,34.44333333,139.185
2003/11/23,1:59:42,広島県北部,34°34.5′N,132°15.2′E,17 km,3.4,震度２,34.575,132.2533333
2003/11/23,2:17:45,トカラ列島近海,29°44.2′N,129°59.8′E,10 km,2.2,震度１,29.73666667,129.9966667
2003/11/23,6:05:06,茨城県沖,36°26.5′N,141°06.4′E,47 km,4,震度１,36.44166667,141.1066667
2003/11/23,7:00:20,千葉県東方沖,35°34.5′N,141°07.6′E,39 km,5.1,震度４,35.575,141.1266667
2003/11/23,7:11:32,宮城県北部,38°49.6′N,141°34.7′E,74 km,3.3,震度１,38.82666667,141.5783333
2003/11/23,17:56:55,福島県沖,37°47.2′N,143°20.0′E,44 km,5.2,震度１,37.78666667,143.3333333
2003/11/23,19:13:26,栃木県北部,36°38.2′N,139°28.3′E,9 km,2.6,震度２,36.63666667,139.4716667
2003/11/23,20:24:26,岐阜県飛騨地方,36°00.5′N,137°16.4′E,12 km,3.7,震度２,36.00833333,137.2733333
2003/11/24,18:48:12,日高地方東部,42°19.2′N,142°59.7′E,55 km,4.8,震度３,42.32,142.995
2003/11/24,21:18:18,日高地方東部,42°19.0′N,143°00.1′E,52 km,5.3,震度４,42.31666667,143.0016667
2003/11/24,23:40:27,宮城県沖,38°36.6′N,141°59.6′E,73 km,4,震度２,38.61,141.9933333
2003/11/25,1:38:14,宮崎県南部山沿い,31°55.9′N,131°06.4′E,11 km,4.1,震度３,31.93166667,131.1066667
2003/11/25,12:40:52,紀伊水道,33°52.8′N,135°05.1′E,8 km,2.6,震度１,33.88,135.085
2003/11/27,5:45:09,茨城県北部,36°14.7′N,140°22.2′E,74 km,3.4,震度１,36.245,140.37
2003/11/28,1:49:30,岩手県沿岸北部,39°44.4′N,141°53.5′E,72 km,3.5,震度１,39.74,141.8916667
2003/11/28,3:14:19,静岡県西部,35°06.8′N,138°01.5′E,41 km,3.2,震度１,35.11333333,138.025
2003/11/28,3:41:30,伊豆大島近海,34°35.4′N,139°12.0′E,9 km,2.5,震度１,34.59,139.2
2003/11/28,15:11:56,トカラ列島近海,29°44.8′N,129°59.6′E,10 km,2.5,震度１,29.74666667,129.9933333
2003/11/28,15:52:02,新島・神津島近海,34°13.8′N,139°10.1′E,12 km,2.5,震度１,34.23,139.1683333
2003/11/30,2:01:12,宮城県沖,38°57.0′N,141°39.3′E,69 km,2.9,震度１,38.95,141.655
2003/11/30,8:01:33,沖縄本島近海,25°56.7′N,126°37.3′E,61 km,3.9,震度１,25.945,126.6216667
2003/11/30,8:24:24,広島県北部,34°54.2′N,132°50.0′E,5 km,3,震度２,34.90333333,132.8333333
2003/11/30,11:27:24,鹿児島県薩摩地方,31°58.5′N,130°20.0′E,10 km,3.4,震度２,31.975,130.3333333
2003/11/30,12:45:36,鹿児島県薩摩地方,31°58.4′N,130°19.8′E,10 km,4.8,震度４,31.97333333,130.33
2003/11/30,12:49:59,鹿児島県薩摩地方,31°58.5′N,130°20.3′E,10 km,2.8,震度１,31.975,130.3383333
2003/12/1,9:12:05,新島・神津島近海,34°15.2′N,139°10.4′E,14 km,2.1,震度１,34.25333333,139.1733333
2003/12/1,11:51:20,茨城県沖,36°48.1′N,140°55.9′E,63 km,3.4,震度１,36.80166667,140.9316667
2003/12/2,11:50:12,千葉県東方沖,35°40.8′N,140°51.5′E,29 km,3.3,震度１,35.68,140.8583333
2003/12/2,17:07:52,茨城県沖,36°02.0′N,141°07.3′E,43 km,3.9,震度１,36.03333333,141.1216667
2003/12/2,18:31:16,宮古島近海,25°01.0′N,125°37.8′E,53 km,4.3,震度２,25.01666667,125.63
2003/12/3,1:29:29,鳥取県西部,35°15.0′N,133°22.3′E,8 km,3,震度２,35.25,133.3716667
2003/12/3,16:04:40,宮城県沖,38°52.1′N,141°39.9′E,65 km,3.1,震度１,38.86833333,141.665
2003/12/3,23:11:15,釧路沖,42°23.6′N,144°48.8′E,35 km,5.6,震度３,42.39333333,144.8133333
2003/12/4,11:31:03,薩摩半島西方沖,31°43.2′N,130°11.4′E,5 km,2.7,震度１,31.72,130.19
2003/12/4,22:52:53,宮城県中部,38°23.8′N,141°11.4′E,11 km,2,震度２,38.39666667,141.19
2003/12/5,5:16:43,宮城県中部,38°24.7′N,141°11.2′E,11 km,2,震度１,38.41166667,141.1866667
2003/12/5,11:02:28,奄美大島近海,27°21.9′N,130°07.7′E,74 km,5.1,震度１,27.365,130.1283333
2003/12/5,11:56:18,鹿児島県薩摩地方,31°58.5′N,130°20.5′E,10 km,2.7,震度１,31.975,130.3416667
2003/12/5,19:27:42,釧路地方中南部,42°59.0′N,143°48.2′E,85 km,3.7,震度１,42.98333333,143.8033333
2003/12/5,20:58:37,新島・神津島近海,34°16.1′N,139°07.3′E,9 km,2.6,震度１,34.26833333,139.1216667
2003/12/5,23:03:15,三陸沖,38°09.2′N,142°47.1′E,28 km,4.6,震度１,38.15333333,142.785
2003/12/6,1:36:28,茨城県南部,36°18.5′N,140°01.0′E,73 km,3.5,震度１,36.30833333,140.0166667
2003/12/7,3:34:06,新島・神津島近海,34°14.6′N,139°09.9′E,11 km,2.5,震度１,34.24333333,139.165
2003/12/7,6:09:26,釧路沖,42°23.5′N,144°46.3′E,36 km,4,震度１,42.39166667,144.7716667
2003/12/7,8:04:58,駿河湾,34°53.5′N,138°44.8′E,8 km,2.9,震度１,34.89166667,138.7466667
2003/12/7,8:53:33,長野県南部,35°54.8′N,137°40.6′E,9 km,2.7,震度１,35.91333333,137.6766667
2003/12/7,11:33:39,熊本県熊本地方,32°43.5′N,130°48.6′E,9 km,3.5,震度２,32.725,130.81
2003/12/7,12:51:13,宮城県沖,38°53.6′N,141°38.9′E,69 km,3,震度１,38.89333333,141.6483333
2003/12/7,23:35:21,鳥取県西部,35°20.6′N,133°18.4′E,14 km,3.2,震度２,35.34333333,133.3066667
2003/12/8,3:01:32,宮古島近海,24°59.7′N,125°36.4′E,53 km,3.5,震度１,24.995,125.6066667
2003/12/8,9:29:19,広島県北部,34°56.7′N,132°49.0′E,8 km,2.7,震度１,34.945,132.8166667
2003/12/8,16:20:15,青森県東方沖,41°11.3′N,142°03.2′E,58 km,4.9,震度３,41.18833333,142.0533333
2003/12/8,20:19:43,有明海,32°48.8′N,130°33.2′E,13 km,3.6,震度２,32.81333333,130.5533333
2003/12/8,23:12:22,奄美大島近海,27°20.0′N,130°08.1′E,71 km,4.7,震度１,27.33333333,130.135
2003/12/9,17:44:43,奈良県,34°25.5′N,135°52.6′E,10 km,1.9,震度１,34.425,135.8766667
2003/12/9,20:58:48,三重県南東沖,33°53.3′N,136°23.3′E,30 km,3.1,震度１,33.88833333,136.3883333
2003/12/10,7:28:04,宮城県沖,38°49.1′N,141°35.3′E,74 km,3.3,震度１,38.81833333,141.5883333
2003/12/10,11:05:32,和歌山県北部,33°50.9′N,135°20.5′E,12 km,3.3,震度２,33.84833333,135.3416667
2003/12/10,13:38:11,台湾付近,22°48.5′N,121°16.8′E,32 km,6.6,震度１,22.80833333,121.28
2003/12/11,7:12:25,釧路沖,42°52.5′N,144°56.0′E,50 km,3.5,震度１,42.875,144.9333333
2003/12/12,1:12:17,奄美大島近海,28°48.0′N,129°26.7′E,4 km,4.3,震度１,28.8,129.445
2003/12/12,10:46:19,十勝地方南部,42°29.0′N,143°01.8′E,59 km,5,震度３,42.48333333,143.03
2003/12/12,13:30:16,宮城県北部,38°27.5′N,141°09.4′E,13 km,2.6,震度１,38.45833333,141.1566667
2003/12/12,13:44:10,宮城県北部,38°27.9′N,141°09.4′E,13 km,3.6,震度３,38.465,141.1566667
2003/12/12,14:47:31,十勝沖,42°26.7′N,143°49.4′E,87 km,4.3,震度２,42.445,143.8233333
2003/12/12,22:03:29,長野県南部,35°56.8′N,137°31.9′E,8 km,2.5,震度２,35.94666667,137.5316667
2003/12/13,3:22:29,和歌山県北部,33°51.2′N,135°25.9′E,46 km,2.8,震度１,33.85333333,135.4316667
2003/12/13,4:45:22,熊本県球磨地方,32°14.2′N,130°42.2′E,4 km,2.4,震度１,32.23666667,130.7033333
2003/12/13,12:32:34,播磨灘,34°33.5′N,134°17.8′E,15 km,4.6,震度４,34.55833333,134.2966667
2003/12/13,15:48:46,岩手県内陸北部,40°06.1′N,141°04.0′E,7 km,2.1,震度２,40.10166667,141.0666667
2003/12/13,19:47:20,宮城県北部,38°56.8′N,141°37.8′E,74 km,2.7,震度１,38.94666667,141.63
2003/12/13,22:07:44,鳥取県西部,35°13.6′N,133°18.2′E,11 km,3.8,震度２,35.22666667,133.3033333
2003/12/14,18:41:30,愛知県西部,34°50.2′N,137°02.0′E,11 km,3,震度１,34.83666667,137.0333333
2003/12/14,21:47:04,宮城県沖,38°50.8′N,141°37.7′E,73 km,3.3,震度１,38.84666667,141.6283333
2003/12/15,3:26:53,千葉県南部,35°12.3′N,140°07.6′E,41 km,2.9,震度１,35.205,140.1266667
2003/12/15,5:59:49,与那国島近海,24°21.1′N,122°59.7′E,47 km,4.4,震度１,24.35166667,122.995
2003/12/15,17:33:58,新島・神津島近海,34°13.7′N,139°09.1′E,12 km,2.3,震度１,34.22833333,139.1516667
2003/12/15,19:16:46,茨城県南部,36°11.3′N,140°01.4′E,52 km,3.2,震度１,36.18833333,140.0233333
2003/12/15,21:01:05,新島・神津島近海,34°16.8′N,139°14.0′E,12 km,2.7,震度１,34.28,139.2333333
2003/12/16,0:25:05,有明海,32°55.4′N,130°21.8′E,14 km,2.7,震度１,32.92333333,130.3633333
2003/12/16,8:48:00,十勝地方北部,43°20.5′N,143°45.9′E,0 km,2.6,震度１,43.34166667,143.765
2003/12/16,12:25:53,新島・神津島近海,34°16.8′N,139°13.9′E,12 km,2.7,震度２,34.28,139.2316667
2003/12/16,13:26:32,大隅半島東方沖,31°06.4′N,131°32.5′E,28 km,3.7,震度１,31.10666667,131.5416667
2003/12/16,19:48:47,新潟県中越地方,36°47.1′N,138°44.4′E,4 km,4.2,震度２,36.785,138.74
2003/12/16,20:41:52,青森県東方沖,41°32.1′N,141°37.2′E,77 km,4,震度２,41.535,141.62
2003/12/17,14:32:23,三陸沖,38°34.6′N,143°15.5′E,30 km,4.4,震度１,38.57666667,143.2583333
2003/12/17,18:27:16,新島・神津島近海,34°16.7′N,139°13.9′E,11 km,2.9,震度２,34.27833333,139.2316667
2003/12/17,20:52:14,渡島地方東部,41°55.8′N,140°45.3′E,12 km,3.6,震度３,41.93,140.755
2003/12/17,21:08:02,茨城県沖,36°45.1′N,141°00.8′E,86 km,3.9,震度１,36.75166667,141.0133333
2003/12/18,3:02:42,三重県南部,34°13.3′N,136°24.4′E,37 km,3.7,震度２,34.22166667,136.4066667
2003/12/18,18:26:41,岩手県沿岸北部,39°45.4′N,141°50.2′E,58 km,4.1,震度２,39.75666667,141.8366667
2003/12/18,23:50:33,熊本県阿蘇地方,33°01.2′N,131°11.9′E,8 km,2.2,震度１,33.02,131.1983333
2003/12/18,23:54:26,和歌山県北部,33°52.2′N,135°20.0′E,48 km,2.6,震度１,33.87,135.3333333
2003/12/19,3:43:45,和歌山県北部,34°13.6′N,135°09.6′E,5 km,2.7,震度１,34.22666667,135.16
2003/12/19,5:01:41,浦河沖,42°01.9′N,142°36.3′E,62 km,3.6,震度１,42.03166667,142.605
2003/12/19,6:26:40,根室半島南東沖,42°56.1′N,146°26.5′E,58 km,4.8,震度２,42.935,146.4416667
2003/12/19,9:56:21,薩摩半島西方沖,31°07.5′N,130°27.1′E,128 km,4,震度１,31.125,130.4516667
2003/12/19,11:24:44,大分県西部,33°10.2′N,131°18.7′E,9 km,3.4,震度３,33.17,131.3116667
2003/12/19,12:49:38,佐渡付近,38°08.6′N,137°55.9′E,27 km,4.4,震度４,38.14333333,137.9316667
2003/12/19,18:13:47,宮崎県南部山沿い,31°58.8′N,130°59.7′E,10 km,2.8,震度２,31.98,130.995
2003/12/20,11:44:32,千葉県南東沖,34°29.2′N,140°31.9′E,63 km,4.1,震度１,34.48666667,140.5316667
2003/12/20,15:54:46,八丈島東方沖,32°43.2′N,140°25.2′E,121 km,4.5,震度１,32.72,140.42
2003/12/20,19:22:13,日高地方東部,42°19.1′N,142°59.7′E,53 km,3.4,震度１,42.31833333,142.995
2003/12/20,19:37:42,伊勢湾,34°59.2′N,136°49.7′E,13 km,2.5,震度１,34.98666667,136.8283333
2003/12/20,20:59:05,宮城県北部,38°52.4′N,141°40.2′E,65 km,3.1,震度１,38.87333333,141.67
2003/12/21,14:19:05,紀伊水道,34°03.7′N,135°06.5′E,8 km,2.7,震度１,34.06166667,135.1083333
2003/12/21,17:20:10,熊本県熊本地方,32°30.3′N,130°34.3′E,15 km,3.4,震度２,32.505,130.5716667
2003/12/22,6:21:54,兵庫県南東部,34°41.1′N,135°08.0′E,15 km,3.1,震度１,34.685,135.1333333
2003/12/22,14:19:37,新潟県中越地方,37°17.8′N,138°43.3′E,16 km,2.5,震度１,37.29666667,138.7216667
2003/12/22,17:47:08,釧路沖,42°20.0′N,144°41.5′E,34 km,5.7,震度３,42.33333333,144.6916667
2003/12/22,21:04:28,釧路沖,42°20.6′N,144°40.7′E,36 km,4.3,震度１,42.34333333,144.6783333
2003/12/22,21:07:49,佐渡付近,37°53.2′N,138°15.2′E,16 km,4.7,震度４,37.88666667,138.2533333
2003/12/23,7:44:29,浦河沖,41°37.4′N,142°07.6′E,60 km,4.1,震度２,41.62333333,142.1266667
2003/12/23,11:47:51,青森県東方沖,41°22.2′N,143°05.9′E,46 km,3.9,震度１,41.37,143.0983333
2003/12/23,12:04:59,紀伊水道,34°03.2′N,135°08.7′E,7 km,3,震度２,34.05333333,135.145
2003/12/23,14:34:41,岐阜県美濃中西部,35°37.1′N,136°18.0′E,9 km,4.4,震度３,35.61833333,136.3
2003/12/24,0:08:41,宮城県中部,38°23.5′N,141°10.5′E,11 km,3.1,震度３,38.39166667,141.175
2003/12/24,0:13:08,宮城県中部,38°25.1′N,141°13.0′E,9 km,1.4,震度１,38.41833333,141.2166667
2003/12/24,6:53:57,沖縄本島北西沖,26°27.5′N,125°50.4′E,10 km,4.7,震度１,26.45833333,125.84
2003/12/24,8:01:10,沖縄本島北西沖,26°26.7′N,125°51.3′E,2 km,5.6,震度２,26.445,125.855
2003/12/24,8:15:21,沖縄本島北西沖,26°30.4′N,125°51.0′E,0 km,6,震度２,26.50666667,125.85
2003/12/24,8:54:44,沖縄本島北西沖,26°25.2′N,125°52.8′E,14 km,5.5,震度２,26.42,125.88
2003/12/24,10:42:39,宮城県沖,38°49.2′N,141°35.5′E,74 km,3.8,震度２,38.82,141.5916667
2003/12/24,15:22:32,宮城県沖,38°56.2′N,141°41.4′E,66 km,3.1,震度１,38.93666667,141.69
2003/12/24,18:48:40,沖縄本島北西沖,26°26.1′N,125°49.3′E,7 km,4.8,震度１,26.435,125.8216667
2003/12/24,22:30:18,埼玉県南部,35°56.0′N,139°28.7′E,84 km,3,震度１,35.93333333,139.4783333
2003/12/25,5:40:12,宮城県中部,38°23.4′N,141°10.9′E,10 km,1.8,震度１,38.39,141.1816667
2003/12/25,11:25:12,父島近海,28°46.1′N,141°48.5′E,79 km,5.4,震度１,28.76833333,141.8083333
2003/12/25,12:47:46,和歌山県北部,34°02.9′N,135°18.5′E,6 km,2.4,震度１,34.04833333,135.3083333
2003/12/25,14:36:36,宮城県沖,38°39.7′N,142°09.2′E,39 km,3.7,震度１,38.66166667,142.1533333
2003/12/25,19:27:38,紀伊水道,34°03.0′N,135°08.6′E,7 km,2.7,震度１,34.05,135.1433333
2003/12/25,22:40:28,釧路沖,42°26.1′N,144°48.2′E,48 km,4.3,震度２,42.435,144.8033333
2003/12/27,5:28:15,新潟県下越地方,38°03.7′N,139°31.2′E,13 km,2.1,震度１,38.06166667,139.52
2003/12/27,6:01:25,長野県南部,35°55.5′N,137°37.7′E,9 km,2.2,震度１,35.925,137.6283333
2003/12/27,6:35:39,釧路沖,42°15.7′N,144°25.8′E,30 km,5.2,震度２,42.26166667,144.43
2003/12/27,13:38:01,鹿児島県薩摩地方,31°58.5′N,130°20.3′E,10 km,2.7,震度１,31.975,130.3383333
2003/12/27,15:18:25,宮城県中部,38°23.6′N,141°10.1′E,11 km,1.9,震度１,38.39333333,141.1683333
2003/12/27,17:04:55,愛知県東部,34°54.2′N,137°31.0′E,38 km,2.7,震度１,34.90333333,137.5166667
2003/12/28,7:22:42,日高地方東部,42°14.1′N,142°55.0′E,53 km,3.4,震度１,42.235,142.9166667
2003/12/28,8:12:21,宮崎県南部山沿い,31°55.4′N,131°06.0′E,11 km,2.7,震度１,31.92333333,131.1
2003/12/28,12:20:09,宮城県中部,38°22.3′N,141°09.8′E,10 km,1.7,震度１,38.37166667,141.1633333
2003/12/28,13:45:47,種子島南東沖,29°57.0′N,131°26.6′E,36 km,5.1,震度１,29.95,131.4433333
2003/12/29,10:30:55,釧路沖,42°25.1′N,144°45.3′E,39 km,6,震度４,42.41833333,144.755
2003/12/29,19:23:04,宮城県沖,38°11.1′N,142°12.4′E,40 km,4.2,震度２,38.185,142.2066667
2003/12/29,20:24:43,与那国島近海,24°04.6′N,123°15.7′E,28 km,4.4,震度１,24.07666667,123.2616667
2003/12/30,1:13:10,宮城県中部,38°23.8′N,141°09.5′E,11 km,2.2,震度１,38.39666667,141.1583333
2003/12/30,12:09:32,長野県中部,36°14.6′N,137°36.6′E,5 km,3.2,震度１,36.24333333,137.61
2003/12/30,16:03:05,北海道東方沖,43°42.5′N,147°07.0′E,41 km,4.7,震度１,43.70833333,147.1166667
2003/12/30,16:35:57,根室半島南東沖,43°01.6′N,146°57.8′E,51 km,5.5,震度２,43.02666667,146.9633333
2003/12/30,21:59:10,新島・神津島近海,34°16.4′N,139°11.6′E,11 km,2.4,震度２,34.27333333,139.1933333
2003/12/30,22:17:07,青森県東方沖,40°41.3′N,142°44.4′E,22 km,4,震度１,40.68833333,142.74
2003/12/31,0:09:50,新島・神津島近海,34°16.3′N,139°11.9′E,11 km,4,震度４,34.27166667,139.1983333
2003/12/31,0:14:36,新島・神津島近海,34°15.2′N,139°10.9′E,11 km,3.3,震度３,34.25333333,139.1816667
2003/12/31,0:15:30,新島・神津島近海,34°14.7′N,139°10.2′E,11 km,3.7,震度３,34.245,139.17
2003/12/31,0:16:52,新島・神津島近海,34°16.1′N,139°11.5′E,9 km,3.2,震度２,34.26833333,139.1916667
2003/12/31,0:18:05,新島・神津島近海,34°16.7′N,139°10.7′E,11 km,3.4,震度４,34.27833333,139.1783333
2003/12/31,0:18:57,新島・神津島近海,34°14.8′N,139°11.5′E,7 km,3.1,震度２,34.24666667,139.1916667
2003/12/31,0:19:42,新島・神津島近海,34°15.9′N,139°13.3′E,2 km,3,震度１,34.265,139.2216667
2003/12/31,0:24:11,新島・神津島近海,34°16.2′N,139°11.1′E,11 km,2.5,震度２,34.27,139.185
2003/12/31,0:32:34,新島・神津島近海,34°15.8′N,139°10.6′E,12 km,4.4,震度４,34.26333333,139.1766667
2003/12/31,0:33:49,新島・神津島近海,34°15.9′N,139°09.3′E,4 km,3,震度１,34.265,139.155
2003/12/31,0:35:01,新島・神津島近海,34°15.8′N,139°10.1′E,11 km,3,震度１,34.26333333,139.1683333
2003/12/31,0:35:35,新島・神津島近海,34°16.1′N,139°09.4′E,11 km,2.9,震度２,34.26833333,139.1566667
2003/12/31,0:38:08,新島・神津島近海,34°15.0′N,139°10.3′E,11 km,2.5,震度１,34.25,139.1716667
2003/12/31,0:41:30,新島・神津島近海,34°16.5′N,139°10.7′E,9 km,2.5,震度１,34.275,139.1783333
2003/12/31,0:42:34,新島・神津島近海,34°15.5′N,139°10.2′E,11 km,2.5,震度１,34.25833333,139.17
2003/12/31,0:47:22,新島・神津島近海,34°16.6′N,139°09.8′E,10 km,2.6,震度１,34.27666667,139.1633333
2003/12/31,0:48:52,新島・神津島近海,34°15.5′N,139°08.8′E,9 km,2.6,震度１,34.25833333,139.1466667
2003/12/31,1:02:42,新島・神津島近海,34°15.6′N,139°08.2′E,8 km,2.5,震度１,34.26,139.1366667
2003/12/31,1:08:15,新島・神津島近海,34°15.6′N,139°09.9′E,11 km,2.3,震度１,34.26,139.165
2003/12/31,1:09:48,新島・神津島近海,34°16.3′N,139°11.8′E,5 km,2.5,震度２,34.27166667,139.1966667
2003/12/31,1:12:58,新島・神津島近海,34°16.2′N,139°12.6′E,8 km,2.4,震度１,34.27,139.21
2003/12/31,1:17:34,新島・神津島近海,34°15.8′N,139°10.5′E,11 km,2.3,震度１,34.26333333,139.175
2003/12/31,1:58:58,新島・神津島近海,34°14.9′N,139°09.7′E,11 km,2.5,震度１,34.24833333,139.1616667
2003/12/31,2:03:05,新島・神津島近海,34°15.6′N,139°10.8′E,10 km,2.2,震度１,34.26,139.18
2003/12/31,2:08:15,新島・神津島近海,34°16.7′N,139°10.1′E,11 km,2.7,震度２,34.27833333,139.1683333
2003/12/31,2:14:50,新島・神津島近海,34°14.5′N,139°09.1′E,11 km,2.5,震度２,34.24166667,139.1516667
2003/12/31,3:30:18,新島・神津島近海,34°17.1′N,139°11.3′E,10 km,2.2,震度１,34.285,139.1883333
2003/12/31,4:11:34,新島・神津島近海,34°16.9′N,139°12.2′E,9 km,2.2,震度１,34.28166667,139.2033333
2003/12/31,4:16:18,千葉県南東沖,34°52.2′N,139°55.6′E,56 km,4,震度１,34.87,139.9266667
2003/12/31,4:35:02,新島・神津島近海,34°16.6′N,139°10.8′E,11 km,2.2,震度１,34.27666667,139.18
2003/12/31,4:58:39,新島・神津島近海,34°16.0′N,139°09.5′E,10 km,2.5,震度１,34.26666667,139.1583333
2003/12/31,9:23:50,新島・神津島近海,34°16.5′N,139°10.0′E,10 km,2.4,震度２,34.275,139.1666667
2003/12/31,9:31:13,新島・神津島近海,34°16.6′N,139°12.8′E,9 km,2.4,震度１,34.27666667,139.2133333
2003/12/31,9:35:54,新島・神津島近海,34°18.2′N,139°09.9′E,7 km,2.1,震度１,34.30333333,139.165
2003/12/31,12:24:38,新島・神津島近海,34°18.2′N,139°10.0′E,7 km,2,震度１,34.30333333,139.1666667
2003/12/31,15:44:10,新島・神津島近海,34°18.1′N,139°10.3′E,7 km,2,震度１,34.30166667,139.1716667
2003/12/31,16:00:00,新島・神津島近海,34°18.0′N,139°09.6′E,7 km,2.2,震度１,34.3,139.16
2003/12/31,17:04:41,新島・神津島近海,34°15.7′N,139°11.2′E,10 km,2.3,震度１,34.26166667,139.1866667
2003/12/31,18:50:49,新島・神津島近海,34°17.7′N,139°11.7′E,8 km,2.4,震度１,34.295,139.195
