date,time,epicenter,緯度,経度,depth,magnitude,maxshindo,lat,lng
2005/1/1,5:13:49,茨城県沖,36°47.0′N,140°59.0′E,89 km,5,震度４,36.78333333,140.9833333
2005/1/1,12:38:05,福島県沖,37°19.9′N,141°46.0′E,43 km,4.1,震度１,37.33166667,141.7666667
2005/1/1,15:54:29,山口県北部,34°19.4′N,131°32.8′E,15 km,3.2,震度１,34.32333333,131.5466667
2005/1/1,19:48:59,長野県南部,35°51.7′N,137°35.0′E,6 km,2,震度１,35.86166667,137.5833333
2005/1/2,1:30:26,長野県南部,35°51.9′N,137°34.6′E,6 km,4.2,震度３,35.865,137.5766667
2005/1/2,4:36:51,新潟県上越地方,37°08.1′N,138°29.2′E,15 km,2,震度１,37.135,138.4866667
2005/1/2,12:30:01,伊予灘,33°44.7′N,131°56.0′E,73 km,4.2,震度２,33.745,131.9333333
2005/1/3,4:08:12,天草灘,31°57.5′N,130°07.8′E,10 km,3.8,震度２,31.95833333,130.13
2005/1/4,5:06:31,島根県沖,35°02.0′N,131°34.7′E,19 km,4,震度２,35.03333333,131.5783333
2005/1/5,1:43:33,埼玉県北部,36°06.5′N,139°41.0′E,85 km,3.7,震度１,36.10833333,139.6833333
2005/1/5,7:58:36,青森県東方沖,41°30.6′N,142°34.4′E,37 km,4,震度１,41.51,142.5733333
2005/1/5,17:24:25,青森県津軽北部,40°55.7′N,140°23.9′E,14 km,1.9,震度１,40.92833333,140.3983333
2005/1/5,23:01:41,岩手県沿岸北部,40°14.5′N,141°38.9′E,76 km,3.1,震度１,40.24166667,141.6483333
2005/1/5,23:49:14,新島・神津島近海,34°15.7′N,139°05.3′E,11 km,4.4,震度３,34.26166667,139.0883333
2005/1/5,23:51:03,新島・神津島近海,34°15.6′N,139°05.5′E,9 km,3,震度２,34.26,139.0916667
2005/1/6,0:32:19,新島・神津島近海,34°16.5′N,139°05.5′E,10 km,2.9,震度１,34.275,139.0916667
2005/1/6,0:45:10,新島・神津島近海,34°16.5′N,139°05.6′E,10 km,3,震度２,34.275,139.0933333
2005/1/6,1:31:25,新潟県中越地方,37°22.8′N,138°57.9′E,8 km,3.5,震度２,37.38,138.965
2005/1/6,5:47:14,宮城県北部,38°51.1′N,141°00.7′E,9 km,1.8,震度２,38.85166667,141.0116667
2005/1/6,6:06:15,長野県北部,36°40.8′N,138°14.3′E,3 km,2.7,震度２,36.68,138.2383333
2005/1/6,9:14:49,新島・神津島近海,34°16.7′N,139°05.0′E,7 km,2.5,震度１,34.27833333,139.0833333
2005/1/6,12:15:49,十勝地方南部,42°20.7′N,143°06.6′E,49 km,3.5,震度１,42.345,143.11
2005/1/6,13:46:52,宮城県北部,38°51.1′N,141°00.8′E,10 km,1.9,震度２,38.85166667,141.0133333
2005/1/6,13:52:51,宮城県北部,38°51.0′N,141°00.5′E,8 km,1.2,震度１,38.85,141.0083333
2005/1/6,22:00:39,青森県東方沖,41°27.4′N,142°06.2′E,61 km,5.3,震度３,41.45666667,142.1033333
2005/1/7,1:37:04,島根県東部,35°18.2′N,133°14.2′E,13 km,2.5,震度１,35.30333333,133.2366667
2005/1/7,2:23:21,静岡県中部,34°57.4′N,138°22.6′E,24 km,3.2,震度１,34.95666667,138.3766667
2005/1/7,5:10:55,奄美大島近海,28°26.6′N,129°17.5′E,4 km,3.4,震度１,28.44333333,129.2916667
2005/1/7,9:39:19,釧路沖,42°59.8′N,145°18.8′E,48 km,3.7,震度２,42.99666667,145.3133333
2005/1/7,19:15:14,安芸灘,33°50.8′N,132°17.7′E,51 km,3.2,震度１,33.84666667,132.295
2005/1/7,23:38:01,長野県南部,35°43.6′N,138°10.3′E,22 km,3.8,震度２,35.72666667,138.1716667
2005/1/8,12:49:23,新島・神津島近海,34°15.5′N,139°06.1′E,9 km,2.7,震度１,34.25833333,139.1016667
2005/1/8,12:53:08,新潟県中越地方,37°22.6′N,138°56.3′E,9 km,2.7,震度１,37.37666667,138.9383333
2005/1/8,16:14:57,釧路沖,42°53.5′N,145°29.4′E,43 km,4,震度１,42.89166667,145.49
2005/1/9,18:12:23,新潟県中越地方,37°22.0′N,139°01.7′E,0 km,3.2,震度２,37.36666667,139.0283333
2005/1/9,18:59:30,愛知県西部,35°18.7′N,136°51.0′E,13 km,4.7,震度４,35.31166667,136.85
2005/1/9,19:02:25,愛知県西部,35°18.6′N,136°51.1′E,12 km,2.5,震度１,35.31,136.8516667
2005/1/9,19:30:28,浦河沖,42°02.4′N,142°26.8′E,68 km,4.1,震度２,42.04,142.4466667
2005/1/9,20:15:46,新潟県中越地方,37°15.9′N,138°56.6′E,10 km,4.2,震度４,37.265,138.9433333
2005/1/9,20:18:05,新潟県中越地方,37°15.6′N,138°56.6′E,9 km,3.2,震度２,37.26,138.9433333
2005/1/9,20:33:27,三宅島近海,34°08.8′N,139°17.4′E,15 km,3.1,震度１,34.14666667,139.29
2005/1/9,20:40:28,三宅島近海,34°09.0′N,139°18.1′E,13 km,3.1,震度１,34.15,139.3016667
2005/1/9,21:34:09,新潟県中越地方,37°15.7′N,138°56.8′E,9 km,3,震度２,37.26166667,138.9466667
2005/1/9,22:31:54,愛知県西部,35°18.5′N,136°51.0′E,12 km,2.4,震度１,35.30833333,136.85
2005/1/9,22:35:06,新島・神津島近海,34°16.8′N,139°06.3′E,10 km,2.8,震度２,34.28,139.105
2005/1/10,4:02:40,愛知県西部,35°18.9′N,136°50.9′E,12 km,2.5,震度１,35.315,136.8483333
2005/1/10,11:19:35,新潟県中越地方,37°20.4′N,138°57.4′E,7 km,3.3,震度２,37.34,138.9566667
2005/1/10,11:48:24,宮城県中部,38°27.8′N,141°11.2′E,13 km,2.4,震度１,38.46333333,141.1866667
2005/1/10,18:29:28,新潟県中越地方,37°15.9′N,138°54.9′E,13 km,3,震度２,37.265,138.915
2005/1/11,6:30:00,宮城県中部,38°28.4′N,141°13.1′E,11 km,2.8,震度１,38.47333333,141.2183333
2005/1/11,10:04:45,奄美大島近海,28°58.4′N,129°46.6′E,66 km,4.2,震度１,28.97333333,129.7766667
2005/1/12,2:43:56,長野県北部,36°43.3′N,138°10.0′E,0 km,1.8,震度１,36.72166667,138.1666667
2005/1/12,13:04:38,釧路沖,43°01.8′N,145°06.0′E,55 km,3.9,震度１,43.03,145.1
2005/1/12,14:05:40,福岡県福岡地方,33°47.8′N,130°37.8′E,15 km,3.3,震度２,33.79666667,130.63
2005/1/12,22:35:01,浦河沖,41°57.5′N,142°19.6′E,67 km,4,震度２,41.95833333,142.3266667
2005/1/13,2:08:50,兵庫県南西部,34°53.2′N,134°25.8′E,17 km,2.9,震度１,34.88666667,134.43
2005/1/13,4:45:19,根室地方北部,43°36.9′N,144°42.1′E,6 km,3.5,震度３,43.615,144.7016667
2005/1/13,5:03:32,釧路沖,42°24.5′N,145°31.0′E,43 km,5.1,震度２,42.40833333,145.5166667
2005/1/13,9:48:33,島根県東部,35°18.1′N,133°14.2′E,13 km,3.1,震度１,35.30166667,133.2366667
2005/1/13,10:48:21,伊豆大島近海,34°36.5′N,139°13.0′E,13 km,3.1,震度１,34.60833333,139.2166667
2005/1/14,12:32:10,八丈島東方沖,32°28.4′N,140°31.3′E,88 km,4.2,震度１,32.47333333,140.5216667
2005/1/14,16:32:26,愛知県西部,35°18.4′N,136°51.2′E,13 km,2.9,震度１,35.30666667,136.8533333
2005/1/14,22:22:39,千葉県北西部,35°35.2′N,140°09.7′E,69 km,3.8,震度１,35.58666667,140.1616667
2005/1/15,15:42:30,熊本県熊本地方,32°38.2′N,130°50.5′E,8 km,4.1,震度４,32.63666667,130.8416667
2005/1/16,5:13:36,釧路沖,42°59.0′N,145°25.6′E,47 km,3.7,震度１,42.98333333,145.4266667
2005/1/16,7:59:40,釧路地方中南部,43°04.7′N,145°00.6′E,61 km,4.3,震度２,43.07833333,145.01
2005/1/16,15:57:29,新潟県中越地方,37°15.2′N,138°56.1′E,11 km,2.7,震度１,37.25333333,138.935
2005/1/16,19:28:20,宮城県北部,38°52.8′N,141°35.3′E,76 km,3.2,震度１,38.88,141.5883333
2005/1/16,22:02:35,熊本県熊本地方,32°38.1′N,130°50.1′E,7 km,2,震度１,32.635,130.835
2005/1/17,4:54:12,新潟県中越地方,37°18.9′N,138°55.9′E,10 km,2.9,震度１,37.315,138.9316667
2005/1/17,16:36:22,釧路沖,42°58.9′N,145°25.9′E,47 km,4.4,震度２,42.98166667,145.4316667
2005/1/17,23:36:54,新潟県中越地方,37°29.2′N,139°03.6′E,0 km,2.3,震度１,37.48666667,139.06
2005/1/18,6:11:39,五島列島近海,32°42.8′N,128°45.6′E,6 km,2.1,震度１,32.71333333,128.76
2005/1/18,11:08:11,新潟県中越地方,37°22.3′N,138°59.8′E,8 km,3.7,震度２,37.37166667,138.9966667
2005/1/18,11:44:40,奄美大島近海,28°25.6′N,129°17.9′E,3 km,3.1,震度１,28.42666667,129.2983333
2005/1/18,19:58:30,新潟県中越地方,37°11.3′N,138°48.7′E,9 km,3.4,震度２,37.18833333,138.8116667
2005/1/18,21:50:33,新潟県中越地方,37°22.2′N,138°59.8′E,8 km,4.7,震度４,37.37,138.9966667
2005/1/18,23:09:07,釧路沖,42°52.5′N,145°00.4′E,50 km,6.4,震度５強,42.875,145.0066667
2005/1/18,23:33:55,青森県東方沖,41°33.5′N,142°04.8′E,65 km,3.6,震度１,41.55833333,142.08
2005/1/19,1:54:31,熊本県熊本地方,32°46.6′N,130°56.4′E,7 km,2.5,震度１,32.77666667,130.94
2005/1/19,3:47:23,釧路沖,42°52.5′N,145°06.5′E,47 km,3.9,震度１,42.875,145.1083333
2005/1/19,14:39:46,栃木県北部,36°50.1′N,140°15.7′E,101 km,3.4,震度１,36.835,140.2616667
2005/1/19,15:11:30,関東東方沖,33°56.2′N,142°01.1′E,31 km,6.8,震度１,33.93666667,142.0183333
2005/1/19,16:53:10,沖縄本島近海,25°37.1′N,126°41.7′E,72 km,4.5,震度１,25.61833333,126.695
2005/1/19,19:09:44,新潟県中越地方,37°11.0′N,138°48.8′E,9 km,2.9,震度１,37.18333333,138.8133333
2005/1/19,21:15:57,山口県中部,34°12.7′N,131°27.3′E,10 km,2.8,震度１,34.21166667,131.455
2005/1/20,1:11:31,新潟県中越地方,37°22.7′N,138°57.4′E,13 km,3.6,震度２,37.37833333,138.9566667
2005/1/20,3:06:26,岐阜県飛騨地方,35°57.7′N,137°30.2′E,10 km,2.5,震度１,35.96166667,137.5033333
2005/1/20,6:12:43,紀伊水道,34°02.7′N,135°08.1′E,6 km,2.4,震度１,34.045,135.135
2005/1/20,11:41:07,新潟県中越地方,37°03.4′N,138°49.2′E,6 km,2.8,震度２,37.05666667,138.82
2005/1/20,12:01:35,釧路沖,43°00.7′N,144°51.5′E,61 km,4.2,震度２,43.01166667,144.8583333
2005/1/20,20:00:54,岩手県沿岸北部,40°14.6′N,141°38.9′E,76 km,2.7,震度１,40.24333333,141.6483333
2005/1/20,22:25:20,新潟県中越地方,37°13.1′N,138°54.1′E,10 km,3.5,震度２,37.21833333,138.9016667
2005/1/21,12:12:42,日向灘,32°07.3′N,131°45.2′E,36 km,3.3,震度１,32.12166667,131.7533333
2005/1/21,13:04:10,長野県北部,36°49.9′N,138°17.0′E,12 km,2.2,震度１,36.83166667,138.2833333
2005/1/21,23:28:22,与那国島近海,24°39.9′N,122°28.9′E,89 km,5.1,震度１,24.665,122.4816667
2005/1/22,8:50:10,熊本県熊本地方,32°38.2′N,130°51.0′E,7 km,2.1,震度１,32.63666667,130.85
2005/1/22,15:29:57,千葉県東方沖,35°38.1′N,140°59.7′E,18 km,3.8,震度１,35.635,140.995
2005/1/22,16:10:05,沖縄本島近海,26°21.9′N,127°44.2′E,16 km,2.8,震度１,26.365,127.7366667
2005/1/23,7:34:17,釧路沖,42°58.4′N,145°00.0′E,54 km,3.3,震度１,42.97333333,145
2005/1/23,8:24:36,宮城県沖,38°38.6′N,141°55.0′E,10 km,4.1,震度１,38.64333333,141.9166667
2005/1/23,8:41:46,十勝地方中部,42°37.5′N,142°58.3′E,106 km,4.5,震度２,42.625,142.9716667
2005/1/23,15:44:00,豊後水道,33°01.7′N,132°02.2′E,59 km,3.4,震度１,33.02833333,132.0366667
2005/1/23,17:26:00,熊本県天草・芦北地方,32°22.9′N,130°37.1′E,10 km,2.7,震度１,32.38166667,130.6183333
2005/1/24,10:31:23,茨城県南部,36°04.9′N,139°53.3′E,47 km,3,震度１,36.08166667,139.8883333
2005/1/24,11:34:33,奄美大島近海,28°32.9′N,129°48.6′E,53 km,3.8,震度１,28.54833333,129.81
2005/1/25,0:49:51,鳥取県東部,35°21.5′N,134°14.5′E,7 km,2.1,震度１,35.35833333,134.2416667
2005/1/25,8:55:26,宮城県沖,38°48.1′N,141°34.8′E,64 km,3,震度１,38.80166667,141.58
2005/1/25,11:09:03,新島・神津島近海,34°21.6′N,139°08.5′E,0 km,2.4,震度１,34.36,139.1416667
2005/1/25,16:29:27,滋賀県北部,35°26.8′N,136°16.1′E,8 km,3.2,震度１,35.44666667,136.2683333
2005/1/25,19:11:07,新潟県中越地方,37°13.0′N,138°50.0′E,9 km,2.5,震度１,37.21666667,138.8333333
2005/1/26,2:17:46,宮城県沖,38°50.6′N,141°36.2′E,73 km,3.2,震度１,38.84333333,141.6033333
2005/1/26,5:30:04,三重県南東沖,33°15.7′N,137°08.2′E,42 km,4.1,震度１,33.26166667,137.1366667
2005/1/26,8:50:13,新潟県中越地方,37°16.4′N,138°58.6′E,9 km,3,震度３,37.27333333,138.9766667
2005/1/26,16:37:15,新潟県中越地方,37°20.6′N,138°54.7′E,7 km,2.3,震度１,37.34333333,138.9116667
2005/1/27,8:43:44,茨城県沖,36°40.7′N,141°25.6′E,48 km,3.9,震度２,36.67833333,141.4266667
2005/1/27,12:56:45,父島近海,27°23.0′N,141°12.8′E,200 km,5.4,震度１,27.38333333,141.2133333
2005/1/27,14:38:14,福井県嶺南,35°35.9′N,136°08.6′E,12 km,2.8,震度１,35.59833333,136.1433333
2005/1/27,16:42:47,新潟県中越地方,37°22.0′N,139°01.8′E,0 km,3.5,震度２,37.36666667,139.03
2005/1/28,4:49:16,釧路沖,42°52.7′N,145°05.6′E,48 km,4.5,震度２,42.87833333,145.0933333
2005/1/28,6:48:12,千葉県北西部,35°39.6′N,140°03.3′E,74 km,3.7,震度２,35.66,140.055
2005/1/28,7:33:42,釧路沖,42°52.2′N,145°05.8′E,47 km,3.8,震度１,42.87,145.0966667
2005/1/28,11:07:24,奄美大島近海,28°18.4′N,129°33.6′E,35 km,3.9,震度２,28.30666667,129.56
2005/1/29,0:01:03,岩手県沖,40°21.2′N,142°04.8′E,50 km,3.7,震度２,40.35333333,142.08
2005/1/29,10:26:44,岩手県沿岸北部,40°04.3′N,141°50.4′E,76 km,3.7,震度２,40.07166667,141.84
2005/1/29,18:15:22,三重県南東沖,32°57.5′N,137°05.6′E,40 km,4,震度１,32.95833333,137.0933333
2005/1/29,20:30:14,宮城県沖,38°46.6′N,141°36.6′E,69 km,3.5,震度１,38.77666667,141.61
2005/1/29,20:47:56,宮城県沖,38°50.8′N,141°37.1′E,72 km,3.4,震度１,38.84666667,141.6183333
2005/1/29,23:23:55,伊勢湾,34°46.1′N,136°43.8′E,17 km,3.8,震度２,34.76833333,136.73
2005/1/31,0:45:29,薩摩半島西方沖,31°34.8′N,130°17.1′E,8 km,3.2,震度１,31.58,130.285
2005/1/31,3:50:21,和歌山県南部,33°51.6′N,135°30.4′E,29 km,2.6,震度１,33.86,135.5066667
2005/1/31,16:29:58,茨城県沖,36°08.1′N,141°17.5′E,54 km,3.7,震度１,36.135,141.2916667
2005/1/31,18:39:48,十勝沖,41°45.8′N,143°49.0′E,48 km,5.4,震度３,41.76333333,143.8166667
2005/1/31,19:28:22,長野県北部,36°43.4′N,138°09.3′E,0 km,1.9,震度１,36.72333333,138.155
2005/1/31,23:49:41,岩手県沖,39°14.3′N,142°00.9′E,54 km,3.1,震度１,39.23833333,142.015
2005/1/31,23:57:25,和歌山県北部,34°12.9′N,135°26.2′E,7 km,2.4,震度１,34.215,135.4366667
2005/2/1,0:57:31,十勝沖,41°42.5′N,143°51.0′E,47 km,4.7,震度１,41.70833333,143.85
2005/2/1,2:59:34,釧路沖,42°55.8′N,145°02.5′E,50 km,3.9,震度１,42.93,145.0416667
2005/2/1,13:37:46,奈良県,34°18.0′N,135°47.0′E,58 km,2.9,震度１,34.3,135.7833333
2005/2/1,23:33:36,千葉県東方沖,35°31.1′N,141°07.1′E,32 km,4.4,震度２,35.51833333,141.1183333
2005/2/2,16:43:22,岩手県沖,40°20.7′N,142°08.3′E,33 km,4.2,震度３,40.345,142.1383333
2005/2/2,19:20:46,津軽海峡,41°29.5′N,140°37.4′E,11 km,3.4,震度１,41.49166667,140.6233333
2005/2/3,1:31:17,宮城県北部,38°53.5′N,141°39.7′E,64 km,3.5,震度１,38.89166667,141.6616667
2005/2/4,1:08:48,和歌山県北部,33°58.4′N,135°30.6′E,57 km,4,震度２,33.97333333,135.51
2005/2/4,2:52:07,島根県東部,35°19.6′N,133°17.8′E,10 km,2.5,震度１,35.32666667,133.2966667
2005/2/4,17:58:22,長野県北部,36°43.3′N,138°09.4′E,0 km,2.2,震度２,36.72166667,138.1566667
2005/2/5,1:41:24,福島県沖,37°06.8′N,141°09.3′E,55 km,3.9,震度２,37.11333333,141.155
2005/2/5,5:31:49,徳島県北部,34°02.6′N,133°44.7′E,41 km,3.1,震度１,34.04333333,133.745
2005/2/5,10:16:37,福島県沖,36°44.5′N,142°02.8′E,36 km,5,震度２,36.74166667,142.0466667
2005/2/5,12:11:10,熊本県天草・芦北地方,32°15.6′N,130°31.0′E,8 km,2.7,震度１,32.26,130.5166667
2005/2/5,16:53:56,宮城県中部,38°22.8′N,141°10.2′E,10 km,3.1,震度３,38.38,141.17
2005/2/5,20:04:24,宮城県中部,38°24.6′N,141°10.1′E,12 km,2.3,震度１,38.41,141.1683333
2005/2/6,2:25:03,広島県南東部,34°37.8′N,132°59.8′E,17 km,3.4,震度２,34.63,132.9966667
2005/2/6,16:57:09,十勝沖,42°13.8′N,144°08.5′E,60 km,4.4,震度２,42.23,144.1416667
2005/2/6,19:40:13,十勝地方南部,42°21.3′N,143°06.9′E,51 km,4,震度１,42.355,143.115
2005/2/6,21:51:28,新島・神津島近海,34°20.2′N,139°12.7′E,2 km,,震度１,34.33666667,139.2116667
2005/2/6,22:02:03,茨城県沖,36°26.3′N,140°53.6′E,33 km,3.4,震度１,36.43833333,140.8933333
2005/2/6,22:06:50,新島・神津島近海,34°19.8′N,139°12.3′E,3 km,1.5,震度１,34.33,139.205
2005/2/6,22:13:36,新島・神津島近海,34°19.6′N,139°10.4′E,0 km,1.9,震度１,34.32666667,139.1733333
2005/2/6,22:17:11,新島・神津島近海,34°16.2′N,139°09.8′E,0 km,,震度１,34.27,139.1633333
2005/2/6,23:19:14,静岡県中部,35°00.6′N,138°15.6′E,31 km,2.9,震度１,35.01,138.26
2005/2/7,1:56:26,新潟県中越地方,37°15.6′N,138°52.8′E,11 km,2.6,震度１,37.26,138.88
2005/2/7,13:47:00,詳細不明,34°07.0′N,139°32.0′E,0 km,,震度１,34.11666667,139.5333333
2005/2/7,18:39:47,北海道東方沖,43°36.8′N,147°27.6′E,18 km,5,震度１,43.61333333,147.46
2005/2/8,11:29:29,茨城県南部,36°08.4′N,140°05.1′E,67 km,4.8,震度４,36.14,140.085
2005/2/8,13:31:52,新島・神津島近海,34°23.8′N,139°09.3′E,0 km,3.1,震度２,34.39666667,139.155
2005/2/8,13:50:59,新島・神津島近海,34°23.8′N,139°10.1′E,0 km,2.2,震度１,34.39666667,139.1683333
2005/2/8,20:27:08,岩手県内陸北部,40°10.5′N,141°08.0′E,10 km,2,震度１,40.175,141.1333333
2005/2/9,5:22:11,千葉県北西部,35°39.9′N,140°07.7′E,71 km,3.9,震度１,35.665,140.1283333
2005/2/9,6:53:37,島根県東部,35°01.2′N,132°47.3′E,7 km,2.8,震度１,35.02,132.7883333
2005/2/9,7:53:12,宮城県北部,38°56.3′N,141°37.6′E,73 km,3.1,震度１,38.93833333,141.6266667
2005/2/9,8:23:09,島根県東部,35°01.2′N,132°47.3′E,7 km,3,震度１,35.02,132.7883333
2005/2/9,21:15:00,五島列島近海,33°08.7′N,129°28.7′E,10 km,3.3,震度２,33.145,129.4783333
2005/2/9,21:33:14,長野県中部,36°12.7′N,137°39.2′E,3 km,2.6,震度１,36.21166667,137.6533333
2005/2/10,1:18:24,薩摩半島西方沖,31°34.8′N,130°16.8′E,8 km,2.8,震度１,31.58,130.28
2005/2/10,1:20:01,薩摩半島西方沖,31°34.7′N,130°16.7′E,8 km,2.7,震度１,31.57833333,130.2783333
2005/2/10,3:46:08,小笠原諸島東方沖,26°32.7′N,144°13.3′E,0 km,6.5,震度２,26.545,144.2216667
2005/2/10,3:48:04,千葉県東方沖,35°14.4′N,140°51.0′E,45 km,4.3,震度１,35.24,140.85
2005/2/10,17:41:18,長野県南部,35°55.1′N,138°03.5′E,11 km,3,震度１,35.91833333,138.0583333
2005/2/10,19:52:59,長野県南部,35°48.4′N,137°30.4′E,4 km,1.7,震度１,35.80666667,137.5066667
2005/2/11,13:26:26,日向灘,32°26.3′N,132°10.0′E,29 km,4.1,震度２,32.43833333,132.1666667
2005/2/11,17:04:55,新潟県中越地方,37°18.1′N,138°53.3′E,11 km,2.7,震度１,37.30166667,138.8883333
2005/2/12,1:05:58,宮城県北部,38°56.3′N,141°37.5′E,73 km,2.9,震度１,38.93833333,141.625
2005/2/12,4:43:18,新潟県中越地方,37°15.2′N,138°55.3′E,13 km,3,震度１,37.25333333,138.9216667
2005/2/12,11:30:15,日高地方東部,42°20.1′N,143°00.2′E,55 km,4.4,震度２,42.335,143.0033333
2005/2/12,17:27:33,静岡県伊豆地方,35°01.7′N,139°06.2′E,6 km,2.8,震度２,35.02833333,139.1033333
2005/2/12,21:23:19,岩手県沖,40°22.1′N,142°16.3′E,39 km,4,震度２,40.36833333,142.2716667
2005/2/13,6:19:14,茨城県沖,36°24.9′N,141°02.6′E,46 km,3.6,震度１,36.415,141.0433333
2005/2/13,15:55:51,長野県南部,35°55.2′N,138°03.5′E,12 km,3.4,震度１,35.92,138.0583333
2005/2/14,0:22:05,兵庫県南東部,34°41.0′N,135°08.2′E,13 km,4.1,震度３,34.68333333,135.1366667
2005/2/15,7:50:45,茨城県沖,36°36.3′N,141°23.3′E,49 km,4,震度１,36.605,141.3883333
2005/2/16,4:46:36,茨城県南部,36°02.3′N,139°53.3′E,46 km,5.3,震度５弱,36.03833333,139.8883333
2005/2/16,9:37:50,千葉県北西部,35°44.1′N,140°02.2′E,80 km,3.8,震度２,35.735,140.0366667
2005/2/17,15:24:22,宮城県北部,38°47.1′N,140°42.7′E,4 km,2,震度１,38.785,140.7116667
2005/2/17,19:38:57,新潟県中越地方,37°14.5′N,138°50.2′E,9 km,2.7,震度２,37.24166667,138.8366667
2005/2/18,0:11:45,島根県東部,35°25.1′N,133°18.3′E,11 km,1.7,震度１,35.41833333,133.305
2005/2/18,0:59:34,岩手県内陸南部,38°54.4′N,141°02.5′E,8 km,2.4,震度１,38.90666667,141.0416667
2005/2/18,1:59:53,硫黄島近海,25°58.6′N,140°57.2′E,14 km,5.1,震度１,25.97666667,140.9533333
2005/2/18,4:46:25,宮古島近海,24°44.5′N,125°26.0′E,47 km,3.7,震度１,24.74166667,125.4333333
2005/2/18,11:12:32,新潟県中越地方,37°19.2′N,138°51.3′E,20 km,3.4,震度１,37.32,138.855
2005/2/18,11:56:01,日向灘,31°38.2′N,131°28.5′E,39 km,4,震度２,31.63666667,131.475
2005/2/18,12:40:07,日向灘,31°38.4′N,131°28.0′E,38 km,3.8,震度２,31.64,131.4666667
2005/2/18,16:23:19,茨城県南部,36°08.0′N,140°05.1′E,65 km,3.2,震度１,36.13333333,140.085
2005/2/19,0:25:41,トカラ列島近海,29°12.9′N,129°20.7′E,27 km,2.1,震度２,29.215,129.345
2005/2/19,0:29:46,トカラ列島近海,29°12.7′N,129°19.9′E,27 km,2.3,震度２,29.21166667,129.3316667
2005/2/19,12:15:37,青森県三八上北地方,40°32.8′N,141°30.8′E,84 km,3.2,震度２,40.54666667,141.5133333
2005/2/20,5:10:31,新潟県中越地方,37°21.0′N,138°54.6′E,15 km,3.2,震度２,37.35,138.91
2005/2/20,9:59:44,宮城県中部,38°24.4′N,141°11.8′E,11 km,2,震度１,38.40666667,141.1966667
2005/2/20,15:19:11,新潟県中越地方,37°13.6′N,138°47.7′E,7 km,4.1,震度３,37.22666667,138.795
2005/2/20,15:32:24,新潟県中越地方,37°13.7′N,138°47.7′E,7 km,2.9,震度１,37.22833333,138.795
2005/2/20,17:15:09,宮城県沖,38°19.0′N,141°37.9′E,54 km,3.5,震度１,38.31666667,141.6316667
2005/2/21,10:50:49,茨城県南部,36°01.5′N,139°54.0′E,43 km,3.3,震度１,36.025,139.9
2005/2/21,19:49:36,空知地方南部,43°08.5′N,141°57.8′E,138 km,4.2,震度１,43.14166667,141.9633333
2005/2/22,5:01:22,新潟県中越地方,37°14.4′N,138°53.3′E,7 km,2.3,震度１,37.24,138.8883333
2005/2/22,8:34:34,熊本県阿蘇地方,32°57.4′N,131°07.5′E,12 km,2.6,震度１,32.95666667,131.125
2005/2/22,11:33:12,根室地方北部,43°36.8′N,144°42.1′E,5 km,2.1,震度１,43.61333333,144.7016667
2005/2/22,13:56:46,新島・神津島近海,34°24.8′N,139°15.7′E,11 km,2.8,震度１,34.41333333,139.2616667
2005/2/22,20:20:24,三重県南東沖,33°08.5′N,137°12.7′E,375 km,5.4,震度１,33.14166667,137.2116667
2005/2/22,20:55:32,伊予灘,33°41.4′N,132°07.8′E,55 km,3.8,震度３,33.69,132.13
2005/2/23,21:58:52,茨城県南部,36°06.4′N,139°50.9′E,50 km,4.4,震度３,36.10666667,139.8483333
2005/2/23,22:05:17,新潟県中越地方,37°15.4′N,138°59.3′E,11 km,3.4,震度２,37.25666667,138.9883333
2005/2/24,23:11:03,新潟県中越地方,37°17.3′N,138°57.9′E,12 km,3.2,震度２,37.28833333,138.965
2005/2/25,6:27:08,岐阜県飛騨地方,36°21.4′N,137°12.8′E,6 km,3,震度１,36.35666667,137.2133333
2005/2/25,6:30:38,東京都２３区,35°39.9′N,139°53.1′E,106 km,3.9,震度２,35.665,139.885
2005/2/25,7:13:59,鳥取県東部,35°22.8′N,134°16.1′E,7 km,2.3,震度１,35.38,134.2683333
2005/2/26,0:33:51,北海道東方沖,44°04.4′N,147°32.1′E,91 km,4.6,震度１,44.07333333,147.535
2005/2/26,3:47:50,和歌山県北部,34°14.0′N,135°14.5′E,3 km,2.2,震度１,34.23333333,135.2416667
2005/2/26,21:37:38,青森県東方沖,40°41.1′N,142°35.7′E,45 km,5.7,震度４,40.685,142.595
2005/2/26,21:53:21,佐渡付近,37°48.1′N,138°09.8′E,18 km,4.3,震度３,37.80166667,138.1633333
2005/2/26,22:26:36,青森県東方沖,40°41.9′N,142°35.1′E,46 km,4.2,震度１,40.69833333,142.585
2005/2/26,23:14:15,新潟県中越地方,37°10.1′N,138°47.9′E,9 km,4,震度３,37.16833333,138.7983333
2005/2/27,1:38:17,宮城県沖,38°55.5′N,141°40.1′E,68 km,3.1,震度１,38.925,141.6683333
2005/2/27,22:23:29,長野県南部,35°47.0′N,137°24.0′E,7 km,2.6,震度１,35.78333333,137.4
2005/2/28,3:31:10,千葉県北西部,35°30.8′N,140°07.9′E,1 km,2.7,震度１,35.51333333,140.1316667
2005/2/28,9:38:41,新潟県中越地方,37°16.2′N,138°42.6′E,13 km,2.8,震度２,37.27,138.71
2005/2/28,18:16:48,秋田県内陸北部,39°59.0′N,140°26.2′E,8 km,2.8,震度１,39.98333333,140.4366667
2005/2/28,19:55:28,新潟県中越地方,37°21.3′N,138°54.9′E,15 km,3.2,震度１,37.355,138.915
2005/2/28,20:27:21,宮城県沖,38°46.7′N,141°38.2′E,61 km,3.4,震度１,38.77833333,141.6366667
2005/3/1,0:21:41,新潟県中越地方,37°13.8′N,138°56.4′E,7 km,2,震度１,37.23,138.94
2005/3/1,6:33:26,宮城県中部,38°23.4′N,141°10.5′E,10 km,2.1,震度１,38.39,141.175
2005/3/1,6:59:45,三重県南東沖,33°19.8′N,136°54.7′E,39 km,4.5,震度１,33.33,136.9116667
2005/3/1,7:09:38,浦河沖,42°01.7′N,142°36.3′E,62 km,3.6,震度１,42.02833333,142.605
2005/3/1,11:46:27,新潟県中越地方,37°27.0′N,138°55.7′E,18 km,3,震度１,37.45,138.9283333
2005/3/1,12:20:57,宮古島近海,24°48.8′N,125°23.8′E,50 km,4.5,震度３,24.81333333,125.3966667
2005/3/2,6:04:30,三重県南東沖,33°05.4′N,136°42.7′E,39 km,4,震度２,33.09,136.7116667
2005/3/2,9:35:50,岩手県内陸北部,40°12.1′N,141°06.8′E,8 km,3.2,震度２,40.20166667,141.1133333
2005/3/2,11:56:19,兵庫県南西部,34°52.9′N,134°44.5′E,8 km,3.4,震度２,34.88166667,134.7416667
2005/3/2,19:23:47,宮城県沖,38°11.1′N,141°36.1′E,60 km,3.4,震度１,38.185,141.6016667
2005/3/3,2:46:24,和歌山県北部,33°58.0′N,135°11.8′E,8 km,3.2,震度２,33.96666667,135.1966667
2005/3/3,2:54:39,和歌山県北部,34°14.0′N,135°14.6′E,4 km,2.2,震度１,34.23333333,135.2433333
2005/3/3,3:39:02,和歌山県北部,33°49.8′N,135°14.5′E,49 km,3,震度１,33.83,135.2416667
2005/3/3,13:53:21,釧路沖,42°49.1′N,144°59.5′E,50 km,4.3,震度２,42.81833333,144.9916667
2005/3/3,21:52:00,新潟県中越地方,37°23.9′N,138°55.9′E,10 km,2.7,震度１,37.39833333,138.9316667
2005/3/4,6:13:51,新潟県中越地方,37°16.0′N,138°51.5′E,9 km,3.3,震度３,37.26666667,138.8583333
2005/3/4,15:11:02,日高地方東部,42°18.6′N,142°59.7′E,51 km,3.8,震度１,42.31,142.995
2005/3/4,16:29:27,茨城県南部,36°08.6′N,139°49.3′E,51 km,3.2,震度１,36.14333333,139.8216667
2005/3/5,2:25:11,日高地方東部,42°18.9′N,143°02.2′E,50 km,3.6,震度１,42.315,143.0366667
2005/3/5,14:58:52,宮崎県南部平野部,31°27.6′N,131°18.1′E,49 km,4.4,震度３,31.46,131.3016667
2005/3/6,4:06:52,台湾付近,24°34.9′N,121°46.1′E,41 km,6.2,震度２,24.58166667,121.7683333
2005/3/6,4:08:02,台湾付近,24°31.0′N,121°48.1′E,49 km,5.7,震度２,24.51666667,121.8016667
2005/3/6,9:23:22,岐阜県飛騨地方,36°02.8′N,137°34.6′E,6 km,1.9,震度１,36.04666667,137.5766667
2005/3/6,16:50:58,宮城県沖,38°47.0′N,141°37.2′E,67 km,3.5,震度１,38.78333333,141.62
2005/3/7,18:20:23,浦河沖,42°01.7′N,142°33.7′E,49 km,4.1,震度１,42.02833333,142.5616667
2005/3/8,3:45:46,安芸灘,34°11.8′N,132°50.0′E,17 km,3.9,震度３,34.19666667,132.8333333
2005/3/8,6:21:28,十勝地方南部,42°30.1′N,143°03.6′E,55 km,4.4,震度２,42.50166667,143.06
2005/3/8,17:43:44,宮崎県北部平野部,32°11.2′N,131°18.5′E,64 km,3.5,震度２,32.18666667,131.3083333
2005/3/8,22:47:30,新島・神津島近海,34°16.7′N,139°14.1′E,12 km,2.5,震度１,34.27833333,139.235
2005/3/9,6:46:54,新潟県中越地方,37°15.6′N,138°35.8′E,12 km,3.5,震度３,37.26,138.5966667
2005/3/9,9:11:01,宮古島近海,24°45.8′N,124°44.1′E,10 km,3.7,震度１,24.76333333,124.735
2005/3/9,10:25:40,福島県浜通り,37°09.5′N,140°45.4′E,94 km,3.5,震度１,37.15833333,140.7566667
2005/3/9,14:11:19,新潟県中越地方,37°16.0′N,138°57.0′E,8 km,3.7,震度３,37.26666667,138.95
2005/3/9,14:13:00,新潟県中越地方,37°15.8′N,138°57.3′E,7 km,3.3,震度３,37.26333333,138.955
2005/3/9,16:19:47,和歌山県南部,33°37.7′N,135°35.4′E,25 km,2.7,震度１,33.62833333,135.59
2005/3/9,16:48:23,根室半島南東沖,43°12.7′N,145°54.7′E,77 km,4,震度２,43.21166667,145.9116667
2005/3/10,0:02:08,熊本県熊本地方,32°58.0′N,130°51.6′E,13 km,3,震度１,32.96666667,130.86
2005/3/10,2:46:09,新島・神津島近海,34°16.1′N,139°14.3′E,13 km,2.1,震度１,34.26833333,139.2383333
2005/3/10,6:36:01,静岡県中部,34°57.2′N,138°22.8′E,23 km,2.7,震度１,34.95333333,138.38
2005/3/10,6:54:52,新島・神津島近海,34°16.5′N,139°14.3′E,10 km,2.2,震度１,34.275,139.2383333
2005/3/10,10:44:27,茨城県沖,36°38.6′N,140°54.3′E,50 km,4,震度２,36.64333333,140.905
2005/3/10,18:14:34,新島・神津島近海,34°16.4′N,139°14.2′E,13 km,2.5,震度１,34.27333333,139.2366667
2005/3/10,19:39:58,新潟県中越地方,37°14.9′N,138°55.8′E,11 km,3,震度２,37.24833333,138.93
2005/3/10,22:31:15,新島・神津島近海,34°16.7′N,139°14.3′E,11 km,2.4,震度１,34.27833333,139.2383333
2005/3/11,18:03:33,紀伊水道,34°10.4′N,135°08.1′E,6 km,2.7,震度１,34.17333333,135.135
2005/3/11,19:26:56,新島・神津島近海,34°15.8′N,139°14.5′E,14 km,2.6,震度１,34.26333333,139.2416667
2005/3/12,3:47:37,釧路沖,43°00.7′N,144°51.6′E,61 km,5.1,震度４,43.01166667,144.86
2005/3/12,5:23:29,三宅島近海,34°08.5′N,139°35.0′E,0 km,2.3,震度１,34.14166667,139.5833333
2005/3/12,5:24:46,三宅島近海,34°00.3′N,139°25.1′E,0 km,,震度１,34.005,139.4183333
2005/3/12,12:20:03,千葉県北西部,35°38.4′N,140°05.7′E,73 km,4.1,震度２,35.64,140.095
2005/3/12,14:01:17,千葉県北東部,35°25.8′N,140°21.4′E,28 km,4,震度３,35.43,140.3566667
2005/3/12,16:01:28,浦河沖,41°56.2′N,142°19.6′E,68 km,3.7,震度１,41.93666667,142.3266667
2005/3/12,17:54:02,浦河沖,42°03.1′N,142°34.1′E,46 km,4.2,震度２,42.05166667,142.5683333
2005/3/12,17:57:09,千葉県北東部,35°25.2′N,140°21.5′E,30 km,3.1,震度２,35.42,140.3583333
2005/3/12,17:57:46,千葉県北東部,35°25.8′N,140°21.3′E,26 km,3.1,震度１,35.43,140.355
2005/3/12,22:03:47,栃木県南部,36°37.5′N,139°49.8′E,127 km,4.1,震度２,36.625,139.83
2005/3/12,23:27:54,神奈川県西部,35°10.4′N,139°06.5′E,12 km,2.2,震度２,35.17333333,139.1083333
2005/3/13,8:13:46,新島・神津島近海,34°15.9′N,139°14.7′E,12 km,2.3,震度１,34.265,139.245
2005/3/13,13:32:31,徳島県南部,33°50.3′N,134°36.8′E,9 km,3.2,震度２,33.83833333,134.6133333
2005/3/13,18:36:03,淡路島付近,34°28.9′N,134°52.7′E,7 km,2.1,震度１,34.48166667,134.8783333
2005/3/13,19:22:20,奄美大島近海,28°06.5′N,129°14.8′E,49 km,3.8,震度２,28.10833333,129.2466667
2005/3/13,19:55:21,福島県沖,37°31.6′N,141°23.6′E,50 km,3.3,震度１,37.52666667,141.3933333
2005/3/13,20:52:00,房総半島南方沖,34°26.2′N,140°19.5′E,65 km,4.5,震度１,34.43666667,140.325
2005/3/13,23:34:27,宮城県中部,38°23.3′N,141°10.2′E,11 km,1.9,震度１,38.38833333,141.17
2005/3/14,12:58:45,新潟県中越地方,37°17.5′N,138°58.0′E,11 km,3.7,震度３,37.29166667,138.9666667
2005/3/14,19:49:32,三重県南東沖,33°10.0′N,137°02.4′E,44 km,4.3,震度２,33.16666667,137.04
2005/3/15,23:43:18,宮城県中部,38°24.6′N,141°11.0′E,11 km,2.1,震度１,38.41,141.1833333
2005/3/16,6:32:34,宮城県沖,38°26.0′N,141°39.2′E,54 km,3.3,震度１,38.43333333,141.6533333
2005/3/16,8:54:46,安芸灘,34°11.9′N,132°50.0′E,17 km,2.9,震度１,34.19833333,132.8333333
2005/3/16,22:13:38,日向灘,32°09.8′N,132°06.2′E,24 km,3.7,震度１,32.16333333,132.1033333
2005/3/16,22:23:35,北海道東方沖,43°23.5′N,146°34.4′E,46 km,5.3,震度２,43.39166667,146.5733333
2005/3/17,6:14:17,沖縄本島近海,26°08.2′N,127°39.8′E,41 km,3.4,震度１,26.13666667,127.6633333
2005/3/17,7:41:14,伊豆大島近海,34°47.1′N,139°41.4′E,134 km,4.5,震度２,34.785,139.69
2005/3/17,10:05:27,新潟県中越地方,37°14.4′N,138°53.9′E,7 km,2.4,震度１,37.24,138.8983333
2005/3/17,21:11:55,宮城県中部,38°24.5′N,141°09.7′E,11 km,2.2,震度１,38.40833333,141.1616667
2005/3/18,9:38:28,北海道西方沖,44°14.0′N,141°06.5′E,0 km,5,震度４,44.23333333,141.1083333
2005/3/18,10:55:19,三重県中部,34°36.9′N,136°27.9′E,15 km,3.9,震度３,34.615,136.465
2005/3/18,15:59:12,北海道西方沖,44°14.2′N,141°06.9′E,0 km,3.6,震度２,44.23666667,141.115
2005/3/19,5:11:27,宮城県沖,38°51.0′N,141°36.1′E,74 km,3.8,震度２,38.85,141.6016667
2005/3/19,10:12:55,宮城県北部,38°40.8′N,141°02.8′E,10 km,3.3,震度３,38.68,141.0466667
2005/3/19,11:34:10,三重県南東沖,33°05.9′N,137°10.6′E,42 km,4.7,震度１,33.09833333,137.1766667
2005/3/19,11:51:00,詳細不明,34°07.0′N,139°32.0′E,0 km,,震度１,34.11666667,139.5333333
2005/3/19,11:53:00,詳細不明,34°07.0′N,139°32.0′E,0 km,,震度１,34.11666667,139.5333333
2005/3/19,12:09:38,岩手県内陸南部,38°56.3′N,141°24.6′E,86 km,4.1,震度２,38.93833333,141.41
2005/3/19,15:03:47,島根県東部,35°00.4′N,132°47.7′E,8 km,3.6,震度２,35.00666667,132.795
2005/3/19,18:38:54,宮城県沖,38°51.2′N,141°37.8′E,73 km,3.2,震度１,38.85333333,141.63
2005/3/19,21:28:09,滋賀県南部,34°50.1′N,136°03.5′E,10 km,2.5,震度１,34.835,136.0583333
2005/3/20,10:53:40,福岡県北西沖,33°44.3′N,130°10.5′E,9 km,7,震度６弱,33.73833333,130.175
2005/3/20,10:55:55,福岡県北西沖,33°42.7′N,130°14.6′E,8 km,4.6,震度３,33.71166667,130.2433333
2005/3/20,10:57:04,茨城県南部,36°04.5′N,140°06.6′E,63 km,3.8,震度１,36.075,140.11
2005/3/20,10:59:29,福岡県北西沖,33°42.0′N,130°15.7′E,17 km,3.9,震度２,33.7,130.2616667
2005/3/20,11:00:24,福岡県北西沖,33°45.8′N,130°09.1′E,7 km,3.6,震度３,33.76333333,130.1516667
2005/3/20,11:01:06,福岡県北西沖,33°41.0′N,130°16.7′E,14 km,3.6,震度１,33.68333333,130.2783333
2005/3/20,11:02:28,福岡県北西沖,33°43.4′N,130°11.9′E,9 km,3.4,震度２,33.72333333,130.1983333
2005/3/20,11:03:43,福岡県北西沖,33°43.4′N,130°13.7′E,11 km,4.1,震度２,33.72333333,130.2283333
2005/3/20,11:04:30,福岡県北西沖,33°45.5′N,130°09.4′E,13 km,3.2,震度１,33.75833333,130.1566667
2005/3/20,11:05:31,福岡県北西沖,33°41.8′N,130°16.9′E,10 km,3.1,震度１,33.69666667,130.2816667
2005/3/20,11:06:51,福岡県北西沖,33°43.8′N,130°11.7′E,13 km,3.5,震度２,33.73,130.195
2005/3/20,11:07:30,福岡県北西沖,33°44.3′N,130°11.0′E,1 km,3.3,震度２,33.73833333,130.1833333
2005/3/20,11:08:07,福岡県北西沖,33°46.1′N,130°09.9′E,11 km,3.6,震度１,33.76833333,130.165
2005/3/20,11:08:32,福岡県北西沖,33°47.8′N,130°06.1′E,8 km,3.6,震度１,33.79666667,130.1016667
2005/3/20,11:09:54,福岡県北西沖,33°43.5′N,130°12.5′E,10 km,3.2,震度１,33.725,130.2083333
2005/3/20,11:11:01,福岡県北西沖,33°43.2′N,130°12.3′E,10 km,2.9,震度１,33.72,130.205
2005/3/20,11:12:41,福岡県北西沖,33°44.4′N,130°10.2′E,12 km,3.2,震度１,33.74,130.17
2005/3/20,11:13:03,福岡県北西沖,33°42.4′N,130°15.5′E,16 km,3.1,震度１,33.70666667,130.2583333
2005/3/20,11:13:58,福岡県北西沖,33°44.4′N,130°10.5′E,12 km,3.1,震度１,33.74,130.175
2005/3/20,11:14:28,福岡県北西沖,33°46.0′N,130°09.0′E,10 km,2.9,震度１,33.76666667,130.15
2005/3/20,11:15:11,福岡県北西沖,33°47.1′N,130°08.9′E,12 km,3.5,震度２,33.785,130.1483333
2005/3/20,11:16:11,福岡県北西沖,33°45.7′N,130°09.7′E,15 km,3.7,震度１,33.76166667,130.1616667
2005/3/20,11:16:57,福岡県北西沖,33°44.1′N,130°11.4′E,15 km,3.8,震度２,33.735,130.19
2005/3/20,11:17:36,福岡県北西沖,33°45.8′N,130°09.6′E,13 km,3.7,震度２,33.76333333,130.16
2005/3/20,11:18:36,福岡県北西沖,33°46.2′N,130°10.0′E,12 km,3.8,震度２,33.77,130.1666667
2005/3/20,11:21:48,福岡県北西沖,33°41.5′N,130°16.6′E,9 km,3.8,震度２,33.69166667,130.2766667
2005/3/20,11:23:04,福岡県北西沖,33°43.1′N,130°12.1′E,13 km,3.1,震度１,33.71833333,130.2016667
2005/3/20,11:24:02,福岡県北西沖,33°45.9′N,130°07.3′E,15 km,4,震度２,33.765,130.1216667
2005/3/20,11:25:33,福岡県北西沖,33°46.1′N,130°08.0′E,9 km,3.4,震度１,33.76833333,130.1333333
2005/3/20,11:26:30,福岡県北西沖,33°42.8′N,130°14.1′E,14 km,3.2,震度１,33.71333333,130.235
2005/3/20,11:28:10,福岡県北西沖,33°47.8′N,130°05.4′E,11 km,3.6,震度１,33.79666667,130.09
2005/3/20,11:29:15,福岡県北西沖,33°43.0′N,130°13.1′E,11 km,3.5,震度２,33.71666667,130.2183333
2005/3/20,11:30:26,福岡県北西沖,33°42.0′N,130°13.5′E,14 km,2.8,震度１,33.7,130.225
2005/3/20,11:31:52,福岡県北西沖,33°42.1′N,130°13.6′E,13 km,3.4,震度１,33.70166667,130.2266667
2005/3/20,11:33:03,福岡県北西沖,33°45.4′N,130°07.9′E,11 km,3,震度１,33.75666667,130.1316667
2005/3/20,11:33:46,福岡県北西沖,33°44.3′N,130°11.1′E,13 km,3.1,震度１,33.73833333,130.185
2005/3/20,11:34:22,福岡県北西沖,33°42.6′N,130°15.2′E,13 km,3.5,震度１,33.71,130.2533333
2005/3/20,11:35:30,福岡県北西沖,33°44.8′N,130°09.2′E,14 km,4,震度２,33.74666667,130.1533333
2005/3/20,11:37:02,福岡県北西沖,33°43.4′N,130°11.3′E,10 km,3,震度１,33.72333333,130.1883333
2005/3/20,11:38:57,福岡県北西沖,33°42.4′N,130°14.4′E,10 km,3.5,震度２,33.70666667,130.24
2005/3/20,11:40:05,福岡県北西沖,33°41.3′N,130°15.9′E,12 km,4,震度３,33.68833333,130.265
2005/3/20,11:45:17,福岡県北西沖,33°45.9′N,130°09.5′E,11 km,3.3,震度１,33.765,130.1583333
2005/3/20,11:50:04,福岡県北西沖,33°43.9′N,130°11.8′E,18 km,4.2,震度３,33.73166667,130.1966667
2005/3/20,11:51:58,福岡県北西沖,33°45.6′N,130°08.8′E,13 km,3.3,震度１,33.76,130.1466667
2005/3/20,11:54:43,福岡県北西沖,33°42.0′N,130°14.4′E,10 km,2.9,震度１,33.7,130.24
2005/3/20,11:56:15,福岡県北西沖,33°45.0′N,130°09.4′E,10 km,3,震度１,33.75,130.1566667
2005/3/20,11:58:46,福岡県北西沖,33°43.4′N,130°12.1′E,11 km,3.7,震度２,33.72333333,130.2016667
2005/3/20,12:01:30,福岡県北西沖,33°44.0′N,130°11.1′E,12 km,3,震度１,33.73333333,130.185
2005/3/20,12:02:38,福岡県北西沖,33°42.0′N,130°15.2′E,12 km,2.6,震度１,33.7,130.2533333
2005/3/20,12:07:29,福岡県北西沖,33°43.8′N,130°11.8′E,8 km,3,震度１,33.73,130.1966667
2005/3/20,12:09:47,福岡県北西沖,33°43.6′N,130°10.4′E,10 km,3,震度１,33.72666667,130.1733333
2005/3/20,12:17:15,福岡県北西沖,33°44.5′N,130°10.6′E,10 km,3.6,震度２,33.74166667,130.1766667
2005/3/20,12:18:13,福岡県北西沖,33°41.8′N,130°14.5′E,11 km,3,震度１,33.69666667,130.2416667
2005/3/20,12:23:15,福岡県北西沖,33°41.9′N,130°16.2′E,9 km,2.7,震度２,33.69833333,130.27
2005/3/20,12:23:55,福岡県北西沖,33°41.9′N,130°16.0′E,8 km,3.1,震度１,33.69833333,130.2666667
2005/3/20,12:24:44,福岡県北西沖,33°41.9′N,130°15.4′E,13 km,2.8,震度１,33.69833333,130.2566667
2005/3/20,12:31:15,福岡県北西沖,33°45.3′N,130°08.7′E,11 km,3.4,震度１,33.755,130.145
2005/3/20,12:35:45,福岡県北西沖,33°44.5′N,130°09.4′E,11 km,3.8,震度２,33.74166667,130.1566667
2005/3/20,12:44:03,福岡県北西沖,33°43.7′N,130°13.3′E,16 km,3.1,震度１,33.72833333,130.2216667
2005/3/20,12:46:41,福岡県北西沖,33°41.2′N,130°17.2′E,15 km,3.1,震度１,33.68666667,130.2866667
2005/3/20,12:50:16,福岡県北西沖,33°45.3′N,130°08.5′E,11 km,3.9,震度２,33.755,130.1416667
2005/3/20,13:00:31,福岡県北西沖,33°42.8′N,130°13.6′E,11 km,3.8,震度２,33.71333333,130.2266667
2005/3/20,13:01:48,福岡県北西沖,33°42.1′N,130°15.0′E,14 km,3.1,震度１,33.70166667,130.25
2005/3/20,13:05:31,福岡県北西沖,33°44.6′N,130°10.1′E,11 km,3.3,震度１,33.74333333,130.1683333
2005/3/20,13:06:28,福岡県北西沖,33°43.3′N,130°12.5′E,13 km,2.8,震度１,33.72166667,130.2083333
2005/3/20,13:16:04,福岡県北西沖,33°45.2′N,130°08.8′E,13 km,3.1,震度１,33.75333333,130.1466667
2005/3/20,13:16:30,福岡県北西沖,33°41.0′N,130°16.8′E,12 km,3.3,震度２,33.68333333,130.28
2005/3/20,13:17:56,福岡県北西沖,33°41.7′N,130°15.9′E,11 km,3.2,震度１,33.695,130.265
2005/3/20,13:21:03,福岡県北西沖,33°46.2′N,130°09.9′E,12 km,3,震度１,33.77,130.165
2005/3/20,13:26:28,福岡県北西沖,33°42.4′N,130°14.1′E,13 km,3,震度１,33.70666667,130.235
2005/3/20,13:27:54,福岡県北西沖,33°41.0′N,130°16.8′E,7 km,2.8,震度１,33.68333333,130.28
2005/3/20,13:39:44,福岡県北西沖,33°44.5′N,130°10.7′E,10 km,3.6,震度２,33.74166667,130.1783333
2005/3/20,13:47:59,福岡県北西沖,33°42.1′N,130°15.5′E,11 km,3,震度１,33.70166667,130.2583333
2005/3/20,13:50:58,福岡県北西沖,33°44.8′N,130°10.0′E,11 km,3.5,震度２,33.74666667,130.1666667
2005/3/20,13:54:10,福岡県北西沖,33°42.5′N,130°13.0′E,11 km,3.1,震度１,33.70833333,130.2166667
2005/3/20,13:55:46,福岡県北西沖,33°42.9′N,130°15.6′E,13 km,3.8,震度２,33.715,130.26
2005/3/20,14:19:42,福岡県北西沖,33°45.8′N,130°07.0′E,16 km,3.7,震度１,33.76333333,130.1166667
2005/3/20,14:25:37,福岡県北西沖,33°44.4′N,130°10.2′E,11 km,3.5,震度１,33.74,130.17
2005/3/20,14:26:59,福岡県北西沖,33°40.6′N,130°16.9′E,10 km,3.4,震度２,33.67666667,130.2816667
2005/3/20,14:32:23,福岡県北西沖,33°47.8′N,130°05.2′E,12 km,4.5,震度２,33.79666667,130.0866667
2005/3/20,14:45:04,福岡県北西沖,33°45.8′N,130°07.3′E,12 km,3.6,震度１,33.76333333,130.1216667
2005/3/20,14:48:19,福岡県北西沖,33°42.8′N,130°12.3′E,8 km,3.4,震度２,33.71333333,130.205
2005/3/20,14:51:31,福岡県北西沖,33°44.7′N,130°10.1′E,10 km,3.2,震度１,33.745,130.1683333
2005/3/20,15:13:29,福岡県北西沖,33°45.8′N,130°09.0′E,11 km,3.8,震度２,33.76333333,130.15
2005/3/20,15:19:51,福岡県北西沖,33°45.6′N,130°09.2′E,10 km,3.4,震度１,33.76,130.1533333
2005/3/20,15:35:59,福岡県北西沖,33°44.2′N,130°10.8′E,14 km,3.4,震度１,33.73666667,130.18
2005/3/20,15:41:25,福岡県北西沖,33°42.5′N,130°13.3′E,10 km,3.6,震度２,33.70833333,130.2216667
2005/3/20,16:07:41,福岡県北西沖,33°43.9′N,130°12.0′E,12 km,3.3,震度１,33.73166667,130.2
2005/3/20,16:08:49,福岡県北西沖,33°45.7′N,130°08.6′E,12 km,4.1,震度２,33.76166667,130.1433333
2005/3/20,16:15:51,福岡県北西沖,33°47.0′N,130°05.8′E,12 km,3.8,震度２,33.78333333,130.0966667
2005/3/20,16:37:11,福岡県北西沖,33°42.3′N,130°14.8′E,11 km,3.1,震度１,33.705,130.2466667
2005/3/20,16:40:20,福岡県北西沖,33°47.2′N,130°05.5′E,13 km,2.9,震度１,33.78666667,130.0916667
2005/3/20,16:44:37,福岡県北西沖,33°42.7′N,130°14.1′E,14 km,3.4,震度１,33.71166667,130.235
2005/3/20,16:45:49,福岡県北西沖,33°40.9′N,130°17.2′E,9 km,3.5,震度２,33.68166667,130.2866667
2005/3/20,17:13:03,福岡県北西沖,33°40.9′N,130°17.1′E,6 km,2.6,震度１,33.68166667,130.285
2005/3/20,17:43:58,福岡県北西沖,33°44.0′N,130°11.3′E,15 km,3.9,震度２,33.73333333,130.1883333
2005/3/20,18:15:22,福岡県北西沖,33°46.0′N,130°06.8′E,13 km,3.9,震度２,33.76666667,130.1133333
2005/3/20,18:23:58,福岡県北西沖,33°40.6′N,130°17.4′E,9 km,3.2,震度１,33.67666667,130.29
2005/3/20,19:04:04,福岡県北西沖,33°44.3′N,130°10.6′E,12 km,3,震度１,33.73833333,130.1766667
2005/3/20,19:31:17,福岡県北西沖,33°42.9′N,130°15.6′E,13 km,3.4,震度１,33.715,130.26
2005/3/20,19:32:23,福岡県北西沖,33°43.7′N,130°11.9′E,12 km,3.4,震度１,33.72833333,130.1983333
2005/3/20,19:52:03,福岡県北西沖,33°48.0′N,130°05.4′E,13 km,4.7,震度２,33.8,130.09
2005/3/20,19:57:13,福岡県北西沖,33°45.1′N,130°08.5′E,13 km,3.2,震度１,33.75166667,130.1416667
2005/3/20,20:08:22,福岡県北西沖,33°47.8′N,130°06.3′E,13 km,4.4,震度３,33.79666667,130.105
2005/3/20,20:18:42,福岡県北西沖,33°45.6′N,130°08.3′E,13 km,3.3,震度１,33.76,130.1383333
2005/3/20,20:25:28,福岡県北西沖,33°41.8′N,130°13.5′E,9 km,3.2,震度２,33.69666667,130.225
2005/3/20,20:26:02,鳥取県西部,35°13.4′N,133°25.6′E,5 km,1.9,震度１,35.22333333,133.4266667
2005/3/20,20:38:16,福岡県北西沖,33°44.7′N,130°10.2′E,11 km,4.5,震度３,33.745,130.17
2005/3/20,20:43:40,福岡県北西沖,33°43.4′N,130°13.7′E,11 km,3.4,震度２,33.72333333,130.2283333
2005/3/20,20:56:17,福岡県北西沖,33°45.1′N,130°08.5′E,12 km,3.1,震度１,33.75166667,130.1416667
2005/3/20,21:58:23,福岡県北西沖,33°42.5′N,130°13.6′E,14 km,3.3,震度１,33.70833333,130.2266667
2005/3/20,22:00:36,福岡県北西沖,33°46.1′N,130°09.4′E,10 km,3.3,震度１,33.76833333,130.1566667
2005/3/20,22:02:35,福岡県北西沖,33°42.0′N,130°16.0′E,12 km,3.3,震度２,33.7,130.2666667
2005/3/20,23:13:48,福岡県北西沖,33°41.8′N,130°14.7′E,12 km,3.4,震度２,33.69666667,130.245
2005/3/20,23:14:14,福岡県北西沖,33°46.4′N,130°04.5′E,11 km,3.7,震度１,33.77333333,130.075
2005/3/21,0:31:37,福岡県北西沖,33°45.6′N,130°06.8′E,14 km,3.8,震度２,33.76,130.1133333
2005/3/21,0:59:05,福岡県北西沖,33°44.1′N,130°14.9′E,9 km,3.7,震度２,33.735,130.2483333
2005/3/21,1:00:05,福岡県北西沖,33°45.8′N,130°07.2′E,12 km,3.5,震度１,33.76333333,130.12
2005/3/21,1:41:52,福岡県北西沖,33°44.4′N,130°10.3′E,11 km,3.2,震度１,33.74,130.1716667
2005/3/21,1:48:11,福岡県北西沖,33°44.1′N,130°13.9′E,11 km,3.3,震度１,33.735,130.2316667
2005/3/21,2:01:52,福岡県北西沖,33°43.3′N,130°12.6′E,10 km,3.1,震度１,33.72166667,130.21
2005/3/21,2:10:22,福岡県北西沖,33°43.9′N,130°15.2′E,10 km,3.5,震度１,33.73166667,130.2533333
2005/3/21,2:31:07,福岡県北西沖,33°44.8′N,130°09.6′E,12 km,2.9,震度１,33.74666667,130.16
2005/3/21,3:53:17,福岡県北西沖,33°42.4′N,130°16.7′E,9 km,3.2,震度１,33.70666667,130.2783333
2005/3/21,5:32:35,福岡県北西沖,33°44.5′N,130°10.9′E,10 km,3.5,震度１,33.74166667,130.1816667
2005/3/21,5:57:57,福岡県北西沖,33°42.3′N,130°15.5′E,9 km,2.8,震度１,33.705,130.2583333
2005/3/21,6:17:00,福岡県北西沖,33°43.7′N,130°11.6′E,12 km,3.9,震度３,33.72833333,130.1933333
2005/3/21,6:47:31,福岡県北西沖,33°44.9′N,130°08.2′E,13 km,3.4,震度１,33.74833333,130.1366667
2005/3/21,7:35:17,福岡県北西沖,33°41.3′N,130°15.6′E,7 km,2.6,震度１,33.68833333,130.26
2005/3/21,7:43:57,福岡県北西沖,33°44.8′N,130°08.2′E,11 km,3.2,震度１,33.74666667,130.1366667
2005/3/21,9:12:33,福岡県北西沖,33°44.6′N,130°10.0′E,9 km,3.2,震度１,33.74333333,130.1666667
2005/3/21,11:26:18,福岡県北西沖,33°43.1′N,130°12.8′E,13 km,3,震度１,33.71833333,130.2133333
2005/3/21,12:45:00,福岡県北西沖,33°41.4′N,130°15.7′E,8 km,3.1,震度１,33.69,130.2616667
2005/3/21,13:34:54,福岡県北西沖,33°41.8′N,130°14.9′E,10 km,3.5,震度１,33.69666667,130.2483333
2005/3/21,13:41:22,福岡県北西沖,33°41.8′N,130°16.3′E,15 km,2.9,震度１,33.69666667,130.2716667
2005/3/21,13:57:25,福岡県北西沖,33°43.6′N,130°14.5′E,10 km,3.6,震度２,33.72666667,130.2416667
2005/3/21,14:10:09,福岡県北西沖,33°42.3′N,130°15.2′E,9 km,3.1,震度１,33.705,130.2533333
2005/3/21,14:38:27,神奈川県西部,35°23.8′N,139°03.8′E,15 km,2.4,震度１,35.39666667,139.0633333
2005/3/21,15:37:26,福岡県北西沖,33°47.0′N,130°05.8′E,11 km,4.2,震度２,33.78333333,130.0966667
2005/3/21,16:08:27,福岡県北西沖,33°47.3′N,130°06.0′E,12 km,3.6,震度１,33.78833333,130.1
2005/3/21,16:17:38,宮古島近海,24°44.0′N,125°26.8′E,48 km,3.5,震度１,24.73333333,125.4466667
2005/3/21,17:27:06,北海道西方沖,44°13.7′N,141°06.8′E,4 km,3.8,震度１,44.22833333,141.1133333
2005/3/21,18:33:10,福岡県北西沖,33°42.2′N,130°14.6′E,7 km,1.3,震度１,33.70333333,130.2433333
2005/3/21,19:27:47,福岡県北西沖,33°44.2′N,130°13.9′E,10 km,2.5,震度１,33.73666667,130.2316667
2005/3/21,19:48:56,福岡県北西沖,33°44.9′N,130°10.7′E,10 km,2.7,震度１,33.74833333,130.1783333
2005/3/21,19:51:57,福岡県北西沖,33°42.3′N,130°15.4′E,8 km,2.8,震度２,33.705,130.2566667
2005/3/21,20:29:42,福岡県北西沖,33°41.4′N,130°16.2′E,8 km,2,震度１,33.69,130.27
2005/3/21,20:55:21,宮城県沖,38°54.0′N,142°32.6′E,31 km,4.1,震度１,38.9,142.5433333
2005/3/21,21:09:50,福岡県北西沖,33°43.7′N,130°12.0′E,10 km,2.8,震度１,33.72833333,130.2
2005/3/21,22:38:17,福岡県北西沖,33°44.5′N,130°10.7′E,11 km,2.8,震度１,33.74166667,130.1783333
2005/3/21,22:57:29,福岡県北西沖,33°40.3′N,130°16.6′E,8 km,2.3,震度１,33.67166667,130.2766667
2005/3/21,23:07:34,福岡県北西沖,33°43.3′N,130°13.2′E,9 km,2.8,震度２,33.72166667,130.22
2005/3/21,23:59:22,福岡県北西沖,33°47.1′N,130°06.0′E,12 km,4.8,震度３,33.785,130.1
2005/3/22,0:21:32,福岡県北西沖,33°42.1′N,130°15.1′E,7 km,2.1,震度１,33.70166667,130.2516667
2005/3/22,0:45:52,福岡県福岡地方,33°40.2′N,130°22.1′E,10 km,3.3,震度２,33.67,130.3683333
2005/3/22,1:15:59,福岡県北西沖,33°42.5′N,130°13.7′E,11 km,2.9,震度１,33.70833333,130.2283333
2005/3/22,4:28:29,福岡県北西沖,33°44.5′N,130°10.2′E,13 km,3.3,震度２,33.74166667,130.17
2005/3/22,4:31:16,福岡県北西沖,33°45.9′N,130°06.5′E,14 km,3.7,震度１,33.765,130.1083333
2005/3/22,5:00:07,福岡県北西沖,33°44.7′N,130°10.6′E,10 km,2.9,震度１,33.745,130.1766667
2005/3/22,6:28:25,福岡県北西沖,33°41.2′N,130°17.5′E,8 km,2.1,震度２,33.68666667,130.2916667
2005/3/22,7:57:12,福岡県北西沖,33°42.2′N,130°14.5′E,8 km,2,震度２,33.70333333,130.2416667
2005/3/22,8:23:08,福岡県北西沖,33°42.9′N,130°16.2′E,9 km,2.7,震度２,33.715,130.27
2005/3/22,8:23:57,福岡県北西沖,33°42.1′N,130°14.6′E,8 km,2.1,震度２,33.70166667,130.2433333
2005/3/22,8:53:51,福岡県北西沖,33°42.6′N,130°14.8′E,12 km,3.2,震度２,33.71,130.2466667
2005/3/22,11:35:20,長野県南部,35°56.2′N,137°39.0′E,8 km,2.5,震度１,35.93666667,137.65
2005/3/22,11:51:21,新潟県中越地方,37°25.2′N,138°56.3′E,11 km,3.6,震度２,37.42,138.9383333
2005/3/22,12:55:18,福岡県北西沖,33°42.6′N,130°14.6′E,9 km,2.6,震度２,33.71,130.2433333
2005/3/22,13:14:05,福岡県北西沖,33°45.0′N,130°07.8′E,14 km,2.8,震度１,33.75,130.13
2005/3/22,14:10:01,福岡県北西沖,33°42.4′N,130°14.7′E,10 km,2.5,震度２,33.70666667,130.245
2005/3/22,15:27:46,福岡県北西沖,33°41.9′N,130°15.9′E,7 km,1.8,震度１,33.69833333,130.265
2005/3/22,15:48:25,福岡県北西沖,33°42.2′N,130°15.1′E,9 km,2.7,震度１,33.70333333,130.2516667
2005/3/22,15:55:33,福岡県北西沖,33°43.5′N,130°10.6′E,11 km,5.4,震度４,33.725,130.1766667
2005/3/22,16:19:44,福岡県北西沖,33°43.8′N,130°11.4′E,10 km,2.6,震度１,33.73,130.19
2005/3/22,17:39:31,福岡県北西沖,33°42.9′N,130°10.4′E,10 km,2.6,震度１,33.715,130.1733333
2005/3/22,17:52:38,福岡県北西沖,33°43.8′N,130°11.8′E,13 km,3.4,震度１,33.73,130.1966667
2005/3/22,18:49:10,福岡県北西沖,33°42.5′N,130°13.6′E,10 km,3,震度１,33.70833333,130.2266667
2005/3/22,19:08:35,福岡県北西沖,33°42.6′N,130°14.8′E,6 km,2.2,震度１,33.71,130.2466667
2005/3/22,21:29:47,福岡県北西沖,33°44.9′N,130°09.1′E,12 km,3.7,震度２,33.74833333,130.1516667
2005/3/22,21:56:18,福岡県北西沖,33°45.9′N,130°06.5′E,12 km,3.1,震度１,33.765,130.1083333
2005/3/22,22:02:16,福岡県北西沖,33°42.4′N,130°14.0′E,7 km,2,震度１,33.70666667,130.2333333
2005/3/22,22:33:16,福岡県北西沖,33°42.2′N,130°14.3′E,11 km,2.8,震度１,33.70333333,130.2383333
2005/3/23,0:44:35,新潟県中越地方,37°12.8′N,138°49.7′E,9 km,2.6,震度１,37.21333333,138.8283333
2005/3/23,2:04:04,福岡県北西沖,33°42.3′N,130°12.8′E,7 km,1.7,震度１,33.705,130.2133333
2005/3/23,3:12:01,福岡県北西沖,33°42.4′N,130°14.3′E,9 km,1.8,震度１,33.70666667,130.2383333
2005/3/23,4:34:24,大分県中部,33°14.5′N,131°22.9′E,11 km,2.7,震度２,33.24166667,131.3816667
2005/3/23,4:44:59,大分県中部,33°14.4′N,131°23.0′E,10 km,2,震度１,33.24,131.3833333
2005/3/23,6:44:33,新潟県中越地方,37°15.6′N,138°57.5′E,8 km,2.8,震度２,37.26,138.9583333
2005/3/23,6:57:26,福岡県北西沖,33°43.1′N,130°12.7′E,9 km,2.6,震度１,33.71833333,130.2116667
2005/3/23,7:49:21,岩手県沖,40°06.6′N,142°25.9′E,35 km,3.9,震度１,40.11,142.4316667
2005/3/23,8:56:06,福岡県北西沖,33°44.7′N,130°13.8′E,11 km,2.5,震度１,33.745,130.23
2005/3/23,10:46:44,福岡県北西沖,33°42.8′N,130°14.8′E,5 km,2.7,震度２,33.71333333,130.2466667
2005/3/23,10:50:46,岩手県沿岸北部,39°45.4′N,141°51.1′E,57 km,3.6,震度１,39.75666667,141.8516667
2005/3/23,12:28:57,福岡県北西沖,33°42.7′N,130°13.3′E,9 km,2.5,震度１,33.71166667,130.2216667
2005/3/23,15:21:28,福岡県北西沖,33°42.2′N,130°14.6′E,5 km,1.7,震度１,33.70333333,130.2433333
2005/3/23,15:37:24,日向灘,32°01.5′N,131°58.9′E,21 km,4.1,震度１,32.025,131.9816667
2005/3/23,16:46:28,福岡県北西沖,33°40.4′N,130°16.7′E,5 km,3.4,震度３,33.67333333,130.2783333
2005/3/23,20:58:51,福岡県北西沖,33°40.6′N,130°16.5′E,5 km,3.3,震度３,33.67666667,130.275
2005/3/23,21:34:03,福岡県北西沖,33°43.6′N,130°13.6′E,8 km,2.4,震度１,33.72666667,130.2266667
2005/3/23,22:16:19,福岡県北西沖,33°42.6′N,130°14.7′E,10 km,2.7,震度１,33.71,130.245
2005/3/24,0:54:08,福岡県北西沖,33°42.5′N,130°14.4′E,7 km,2,震度１,33.70833333,130.24
2005/3/24,1:58:14,福岡県北西沖,33°42.4′N,130°13.4′E,8 km,3.7,震度３,33.70666667,130.2233333
2005/3/24,2:24:33,福岡県北西沖,33°42.5′N,130°15.0′E,10 km,3.1,震度１,33.70833333,130.25
2005/3/24,2:33:20,福岡県北西沖,33°42.4′N,130°13.5′E,8 km,3,震度２,33.70666667,130.225
2005/3/24,2:35:05,福岡県北西沖,33°42.2′N,130°13.5′E,7 km,3,震度２,33.70333333,130.225
2005/3/24,3:15:12,福岡県北西沖,33°40.8′N,130°16.3′E,5 km,2.5,震度１,33.68,130.2716667
2005/3/24,5:10:33,福岡県北西沖,33°43.9′N,130°10.3′E,13 km,2.8,震度１,33.73166667,130.1716667
2005/3/24,5:20:47,福岡県北西沖,33°42.9′N,130°15.2′E,7 km,2.2,震度１,33.715,130.2533333
2005/3/24,6:04:07,福岡県北西沖,33°40.7′N,130°17.3′E,4 km,2.9,震度２,33.67833333,130.2883333
2005/3/24,7:17:36,福岡県北西沖,33°42.1′N,130°14.4′E,5 km,1.7,震度１,33.70166667,130.24
2005/3/24,9:38:40,福岡県北西沖,33°41.0′N,130°17.4′E,4 km,2.4,震度１,33.68333333,130.29
2005/3/24,12:30:01,福岡県北西沖,33°41.8′N,130°15.1′E,10 km,3.5,震度２,33.69666667,130.2516667
2005/3/24,14:24:19,福岡県北西沖,33°41.6′N,130°15.6′E,6 km,2.6,震度１,33.69333333,130.26
2005/3/24,15:18:39,青森県東方沖,40°49.5′N,143°03.9′E,9 km,4.7,震度２,40.825,143.065
2005/3/24,15:23:36,福岡県北西沖,33°40.0′N,130°16.8′E,4 km,2.9,震度２,33.66666667,130.28
2005/3/24,15:43:28,青森県東方沖,40°48.4′N,143°18.2′E,22 km,4.7,震度１,40.80666667,143.3033333
2005/3/24,15:48:28,福岡県北西沖,33°42.2′N,130°14.5′E,5 km,2,震度２,33.70333333,130.2416667
2005/3/24,20:07:46,岐阜県飛騨地方,36°22.0′N,137°13.8′E,11 km,4.1,震度２,36.36666667,137.23
2005/3/24,20:12:31,岐阜県飛騨地方,36°22.1′N,137°13.9′E,11 km,2.7,震度１,36.36833333,137.2316667
2005/3/24,23:38:43,福岡県北西沖,33°44.4′N,130°10.2′E,11 km,4.3,震度３,33.74,130.17
2005/3/25,0:23:38,滋賀県北部,35°24.8′N,136°16.1′E,39 km,3.5,震度２,35.41333333,136.2683333
2005/3/25,2:46:28,和歌山県北部,34°10.0′N,135°15.7′E,4 km,2.2,震度１,34.16666667,135.2616667
2005/3/25,3:00:28,福岡県北西沖,33°41.5′N,130°17.8′E,9 km,2.8,震度１,33.69166667,130.2966667
2005/3/25,3:43:19,福岡県北西沖,33°43.3′N,130°12.9′E,11 km,4,震度３,33.72166667,130.215
2005/3/25,3:47:46,福岡県北西沖,33°48.2′N,130°06.7′E,11 km,3,震度１,33.80333333,130.1116667
2005/3/25,3:56:59,福岡県北西沖,33°42.7′N,130°14.5′E,6 km,2.3,震度２,33.71166667,130.2416667
2005/3/25,4:08:13,宮城県北部,38°56.2′N,141°37.7′E,73 km,3.7,震度２,38.93666667,141.6283333
2005/3/25,6:05:00,福岡県北西沖,33°45.3′N,130°09.1′E,13 km,3.6,震度２,33.755,130.1516667
2005/3/25,6:10:55,福岡県北西沖,33°43.2′N,130°13.9′E,7 km,2.3,震度１,33.72,130.2316667
2005/3/25,6:30:05,和歌山県南部,33°37.6′N,135°35.5′E,25 km,2.7,震度１,33.62666667,135.5916667
2005/3/25,6:51:26,福岡県北西沖,33°42.3′N,130°14.6′E,6 km,2,震度１,33.705,130.2433333
2005/3/25,7:49:49,福岡県北西沖,33°43.4′N,130°11.5′E,8 km,3,震度２,33.72333333,130.1916667
2005/3/25,16:09:59,日高地方中部,42°16.2′N,142°31.0′E,72 km,3.5,震度１,42.27,142.5166667
2005/3/25,18:13:14,福岡県北西沖,33°42.6′N,130°15.6′E,13 km,3.5,震度１,33.71,130.26
2005/3/25,18:40:03,福岡県北西沖,33°42.9′N,130°17.0′E,14 km,3.2,震度１,33.715,130.2833333
2005/3/25,20:09:54,福岡県北西沖,33°43.0′N,130°17.0′E,14 km,3.5,震度２,33.71666667,130.2833333
2005/3/25,20:46:01,福岡県北西沖,33°43.0′N,130°16.8′E,14 km,3.1,震度１,33.71666667,130.28
2005/3/25,21:03:20,福岡県北西沖,33°47.1′N,130°07.0′E,12 km,4.1,震度２,33.785,130.1166667
2005/3/25,22:18:33,福岡県北西沖,33°43.6′N,130°12.2′E,7 km,2.9,震度１,33.72666667,130.2033333
2005/3/25,23:01:24,福岡県北西沖,33°44.1′N,130°14.0′E,9 km,2.8,震度１,33.735,130.2333333
2005/3/26,5:45:40,福岡県北西沖,33°46.0′N,130°07.3′E,16 km,3.7,震度２,33.76666667,130.1216667
2005/3/26,8:03:06,福岡県北西沖,33°43.6′N,130°12.1′E,10 km,2.6,震度１,33.72666667,130.2016667
2005/3/26,9:27:59,福岡県北西沖,33°41.6′N,130°16.3′E,8 km,3.5,震度２,33.69333333,130.2716667
2005/3/26,10:02:40,福岡県北西沖,33°42.4′N,130°15.6′E,6 km,3,震度２,33.70666667,130.26
2005/3/26,11:18:42,福岡県北西沖,33°43.8′N,130°14.2′E,15 km,3.8,震度２,33.73,130.2366667
2005/3/26,14:43:12,福岡県北西沖,33°45.7′N,130°07.3′E,13 km,3,震度１,33.76166667,130.1216667
2005/3/26,15:34:36,福岡県北西沖,33°42.5′N,130°15.4′E,7 km,2.9,震度２,33.70833333,130.2566667
2005/3/26,20:01:04,福岡県北西沖,33°41.9′N,130°16.2′E,15 km,3.5,震度２,33.69833333,130.27
2005/3/26,20:16:31,福岡県北西沖,33°46.1′N,130°06.4′E,15 km,3,震度１,33.76833333,130.1066667
2005/3/26,21:46:24,福岡県北西沖,33°45.0′N,130°09.3′E,13 km,3.2,震度１,33.75,130.155
2005/3/26,22:18:35,福岡県北西沖,33°43.6′N,130°12.1′E,11 km,2.9,震度２,33.72666667,130.2016667
2005/3/27,0:03:32,福岡県北西沖,33°48.1′N,130°04.9′E,12 km,3,震度１,33.80166667,130.0816667
2005/3/27,1:20:43,福岡県北西沖,33°41.2′N,130°17.2′E,5 km,3.4,震度２,33.68666667,130.2866667
2005/3/27,5:21:00,能登半島沖,37°41.1′N,137°22.0′E,15 km,4.1,震度２,37.685,137.3666667
2005/3/27,5:29:29,福岡県北西沖,33°42.1′N,130°15.1′E,4 km,1.5,震度１,33.70166667,130.2516667
2005/3/27,7:58:48,福岡県北西沖,33°42.5′N,130°15.1′E,6 km,3.3,震度３,33.70833333,130.2516667
2005/3/27,8:07:42,福岡県北西沖,33°42.1′N,130°15.0′E,5 km,2.1,震度２,33.70166667,130.25
2005/3/27,8:08:56,福岡県北西沖,33°41.9′N,130°14.9′E,4 km,1.4,震度１,33.69833333,130.2483333
2005/3/27,11:50:32,福岡県北西沖,33°41.7′N,130°14.5′E,5 km,2,震度１,33.695,130.2416667
2005/3/27,13:54:06,福岡県北西沖,33°42.5′N,130°14.9′E,13 km,2.6,震度１,33.70833333,130.2483333
2005/3/27,13:56:12,日高地方中部,42°15.3′N,142°33.0′E,78 km,3.9,震度２,42.255,142.55
2005/3/27,14:33:25,新島・神津島近海,34°21.3′N,139°08.4′E,0 km,1.9,震度１,34.355,139.14
2005/3/27,14:59:33,福岡県北西沖,33°39.6′N,130°17.4′E,5 km,2.7,震度１,33.66,130.29
2005/3/27,21:44:07,千葉県東方沖,35°40.7′N,140°44.5′E,49 km,4,震度２,35.67833333,140.7416667
2005/3/27,22:35:17,トカラ列島近海,29°09.4′N,129°05.1′E,11 km,2.7,震度２,29.15666667,129.085
2005/3/27,23:17:16,福岡県北西沖,33°42.2′N,130°15.9′E,5 km,2.6,震度２,33.70333333,130.265
2005/3/28,0:06:41,新潟県中越地方,37°14.8′N,138°50.4′E,8 km,2.5,震度２,37.24666667,138.84
2005/3/28,6:49:45,福岡県北西沖,33°41.3′N,130°17.1′E,5 km,2.1,震度１,33.68833333,130.285
2005/3/28,7:48:48,福岡県福岡地方,33°40.2′N,130°18.4′E,9 km,3,震度１,33.67,130.3066667
2005/3/28,10:04:58,福岡県北西沖,33°42.5′N,130°14.7′E,5 km,1.8,震度１,33.70833333,130.245
2005/3/28,10:38:58,福岡県北西沖,33°41.7′N,130°15.4′E,6 km,2.5,震度２,33.695,130.2566667
2005/3/28,11:09:41,福岡県北西沖,33°44.9′N,130°09.7′E,15 km,2.9,震度１,33.74833333,130.1616667
2005/3/28,12:23:59,鹿児島県薩摩地方,31°58.0′N,130°26.0′E,8 km,2.8,震度２,31.96666667,130.4333333
2005/3/28,12:51:54,新潟県中越地方,37°09.0′N,138°49.8′E,6 km,2.8,震度１,37.15,138.83
2005/3/28,12:56:38,福岡県北西沖,33°40.2′N,130°16.8′E,8 km,2.7,震度１,33.67,130.28
2005/3/28,13:12:54,福岡県北西沖,33°42.8′N,130°15.3′E,7 km,2.8,震度２,33.71333333,130.255
2005/3/28,14:00:43,新島・神津島近海,34°16.1′N,139°08.8′E,12 km,2,震度１,34.26833333,139.1466667
2005/3/28,14:39:57,福岡県北西沖,33°44.8′N,130°10.5′E,7 km,2.9,震度１,33.74666667,130.175
2005/3/28,17:36:07,新島・神津島近海,34°20.7′N,139°09.6′E,1 km,2.1,震度２,34.345,139.16
2005/3/28,20:01:30,北海道東方沖,43°21.0′N,146°54.6′E,43 km,4.7,震度１,43.35,146.91
2005/3/29,0:35:27,福岡県北西沖,33°39.8′N,130°22.7′E,7 km,2.8,震度２,33.66333333,130.3783333
2005/3/29,7:09:25,青森県東方沖,40°50.3′N,143°09.1′E,19 km,4.5,震度１,40.83833333,143.1516667
2005/3/29,11:45:43,京都府南部,35°08.2′N,135°39.6′E,13 km,3.6,震度２,35.13666667,135.66
2005/3/29,12:01:47,福岡県北西沖,33°47.1′N,130°06.1′E,12 km,3.2,震度１,33.785,130.1016667
2005/3/29,14:59:57,鳥取県西部,35°17.0′N,133°19.6′E,15 km,2.7,震度１,35.28333333,133.3266667
2005/3/29,17:51:20,滋賀県南部,35°10.3′N,135°55.0′E,12 km,2.9,震度１,35.17166667,135.9166667
2005/3/29,22:24:40,兵庫県北部,35°27.4′N,134°50.7′E,12 km,2.8,震度１,35.45666667,134.845
2005/3/30,2:46:16,茨城県沖,36°19.1′N,141°03.5′E,47 km,3.8,震度１,36.31833333,141.0583333
2005/3/30,2:56:58,福岡県筑後地方,33°11.9′N,130°34.3′E,12 km,3,震度２,33.19833333,130.5716667
2005/3/30,3:30:48,房総半島南方沖,33°59.1′N,140°00.7′E,111 km,3.9,震度１,33.985,140.0116667
2005/3/30,4:12:17,宮城県沖,38°32.8′N,142°11.7′E,62 km,4.4,震度２,38.54666667,142.195
2005/3/30,4:59:13,新潟県中越地方,37°11.2′N,138°49.5′E,8 km,4,震度２,37.18666667,138.825
2005/3/30,13:37:35,福島県中通り,37°26.5′N,140°20.3′E,98 km,3.4,震度１,37.44166667,140.3383333
2005/3/30,14:57:46,奄美大島北東沖,29°27.7′N,129°57.2′E,60 km,3.6,震度１,29.46166667,129.9533333
2005/3/30,15:32:07,宮城県沖,38°53.3′N,141°38.2′E,72 km,3.1,震度１,38.88833333,141.6366667
2005/3/30,20:09:22,新潟県中越地方,37°11.7′N,138°50.2′E,9 km,2.6,震度２,37.195,138.8366667
2005/3/30,23:07:32,新潟県中越地方,37°09.3′N,138°48.5′E,7 km,3.2,震度２,37.155,138.8083333
2005/3/31,1:24:57,福岡県北西沖,33°42.0′N,130°15.4′E,5 km,2,震度１,33.7,130.2566667
2005/3/31,3:18:39,石川県能登地方,37°24.6′N,136°54.7′E,11 km,3.9,震度２,37.41,136.9116667
2005/3/31,5:32:47,福岡県北西沖,33°44.1′N,130°11.3′E,17 km,3.1,震度１,33.735,130.1883333
2005/3/31,9:29:21,福岡県北西沖,33°42.4′N,130°15.0′E,6 km,2.4,震度２,33.70666667,130.25
2005/3/31,14:34:09,静岡県中部,35°14.7′N,138°23.4′E,18 km,3.1,震度１,35.245,138.39
2005/3/31,18:46:48,福岡県北西沖,33°42.5′N,130°14.8′E,9 km,2.6,震度１,33.70833333,130.2466667
2005/4/1,8:03:03,福岡県北西沖,33°39.8′N,130°18.0′E,8 km,2.8,震度１,33.66333333,130.3
2005/4/1,9:41:50,大隅半島東方沖,31°06.6′N,131°31.7′E,28 km,4.3,震度２,31.11,131.5283333
2005/4/1,10:31:02,新潟県中越地方,37°10.6′N,138°48.3′E,6 km,2.9,震度１,37.17666667,138.805
2005/4/1,12:24:08,福岡県北西沖,33°39.8′N,130°22.4′E,8 km,2.6,震度１,33.66333333,130.3733333
2005/4/1,13:44:26,福島県沖,37°03.4′N,141°08.4′E,50 km,4.1,震度２,37.05666667,141.14
2005/4/1,17:08:27,新潟県中越地方,37°16.8′N,138°56.9′E,11 km,2.7,震度２,37.28,138.9483333
2005/4/1,21:52:14,福岡県福岡地方,33°40.3′N,130°19.1′E,12 km,4.3,震度４,33.67166667,130.3183333
2005/4/1,23:30:35,岐阜県美濃中西部,35°24.2′N,136°30.2′E,14 km,3,震度１,35.40333333,136.5033333
2005/4/2,4:20:18,新潟県中越地方,37°11.9′N,138°49.4′E,10 km,4,震度２,37.19833333,138.8233333
2005/4/2,5:19:52,福岡県北西沖,33°42.5′N,130°14.4′E,5 km,2.1,震度１,33.70833333,130.24
2005/4/2,6:38:39,福岡県北西沖,33°42.4′N,130°14.3′E,5 km,1.6,震度１,33.70666667,130.2383333
2005/4/2,11:38:03,鳥取県西部,35°17.0′N,133°19.5′E,15 km,2.8,震度１,35.28333333,133.325
2005/4/2,12:55:05,福岡県北西沖,33°44.7′N,130°10.0′E,17 km,3,震度１,33.745,130.1666667
2005/4/2,23:58:35,釧路沖,42°26.7′N,145°07.9′E,42 km,4.7,震度１,42.445,145.1316667
2005/4/3,3:48:20,福岡県北西沖,33°41.8′N,130°14.5′E,5 km,1.9,震度１,33.69666667,130.2416667
2005/4/3,4:39:43,福岡県北西沖,33°39.6′N,130°23.1′E,8 km,2.7,震度１,33.66,130.385
2005/4/3,4:45:38,福岡県北西沖,33°39.6′N,130°23.0′E,7 km,2.3,震度１,33.66,130.3833333
2005/4/3,14:08:17,福岡県北西沖,33°43.1′N,130°14.2′E,7 km,2.3,震度１,33.71833333,130.2366667
2005/4/3,17:26:43,福岡県北西沖,33°42.2′N,130°14.6′E,6 km,2.2,震度２,33.70333333,130.2433333
2005/4/3,17:41:54,福島県会津,37°12.1′N,139°56.8′E,5 km,4.5,震度３,37.20166667,139.9466667
2005/4/3,17:50:31,福島県会津,37°12.3′N,139°56.4′E,5 km,3.5,震度３,37.205,139.94
2005/4/3,17:51:24,福島県会津,37°12.0′N,139°56.7′E,5 km,3.4,震度２,37.2,139.945
2005/4/3,18:03:44,福島県会津,37°12.3′N,139°56.7′E,5 km,3.3,震度２,37.205,139.945
2005/4/3,18:20:15,福島県会津,37°12.2′N,139°56.8′E,6 km,3.6,震度２,37.20333333,139.9466667
2005/4/3,18:33:32,福島県会津,37°11.9′N,139°56.6′E,4 km,2.8,震度１,37.19833333,139.9433333
2005/4/3,19:04:33,福岡県北西沖,33°42.2′N,130°14.5′E,5 km,2.9,震度３,33.70333333,130.2416667
2005/4/3,19:05:50,福岡県北西沖,33°42.2′N,130°14.3′E,5 km,2.7,震度３,33.70333333,130.2383333
2005/4/3,19:16:25,福岡県北西沖,33°42.1′N,130°14.2′E,5 km,1.6,震度１,33.70166667,130.2366667
2005/4/3,20:52:46,三宅島近海,34°05.3′N,139°31.6′E,0 km,2.1,震度１,34.08833333,139.5266667
2005/4/3,21:40:31,福島県会津,37°12.3′N,139°56.9′E,5 km,3.6,震度２,37.205,139.9483333
2005/4/4,0:03:11,福岡県北西沖,33°42.1′N,130°14.8′E,4 km,1.5,震度１,33.70166667,130.2466667
2005/4/4,1:24:13,福岡県北西沖,33°42.1′N,130°14.5′E,4 km,1.8,震度２,33.70166667,130.2416667
2005/4/4,1:48:45,福島県会津,37°12.0′N,139°56.5′E,5 km,3,震度１,37.2,139.9416667
2005/4/4,2:57:10,福島県沖,37°22.3′N,141°45.2′E,44 km,5.3,震度４,37.37166667,141.7533333
2005/4/4,12:37:24,新潟県中越地方,37°20.9′N,138°50.9′E,18 km,2.7,震度２,37.34833333,138.8483333
2005/4/4,12:49:09,福岡県北西沖,33°42.0′N,130°14.9′E,6 km,1.8,震度２,33.7,130.2483333
2005/4/4,13:49:55,福岡県北西沖,33°42.2′N,130°15.2′E,8 km,2.2,震度１,33.70333333,130.2533333
2005/4/4,17:43:34,千葉県北東部,35°52.6′N,140°29.6′E,36 km,3.7,震度２,35.87666667,140.4933333
2005/4/4,20:21:51,福岡県北西沖,33°39.8′N,130°22.6′E,8 km,3.2,震度２,33.66333333,130.3766667
2005/4/4,20:43:51,新潟県中越地方,37°10.7′N,138°48.4′E,10 km,2.7,震度２,37.17833333,138.8066667
2005/4/4,22:02:49,福岡県北西沖,33°39.6′N,130°22.7′E,7 km,3.2,震度２,33.66,130.3783333
2005/4/4,22:07:37,福岡県北西沖,33°39.6′N,130°22.9′E,8 km,2.5,震度１,33.66,130.3816667
2005/4/4,23:36:58,福岡県北西沖,33°45.4′N,130°08.8′E,11 km,2.9,震度１,33.75666667,130.1466667
2005/4/5,3:32:11,福岡県北西沖,33°43.6′N,130°14.9′E,6 km,2.3,震度１,33.72666667,130.2483333
2005/4/5,4:35:26,日向灘,31°56.2′N,132°01.3′E,34 km,4.2,震度２,31.93666667,132.0216667
2005/4/5,5:21:04,福岡県北西沖,33°44.6′N,130°09.6′E,9 km,3.5,震度２,33.74333333,130.16
2005/4/5,6:04:06,福岡県北西沖,33°41.8′N,130°15.1′E,6 km,1.8,震度１,33.69666667,130.2516667
2005/4/5,6:04:51,福岡県北西沖,33°41.6′N,130°15.2′E,6 km,1.7,震度１,33.69333333,130.2533333
2005/4/5,6:32:41,福岡県北西沖,33°41.9′N,130°14.9′E,6 km,2.1,震度１,33.69833333,130.2483333
2005/4/5,20:02:44,新潟県中越地方,36°45.0′N,138°46.5′E,4 km,3.3,震度１,36.75,138.775
2005/4/5,20:19:52,新潟県中越地方,37°11.3′N,138°49.5′E,9 km,4,震度２,37.18833333,138.825
2005/4/5,21:49:59,福岡県北西沖,33°44.4′N,130°10.1′E,12 km,3.5,震度２,33.74,130.1683333
2005/4/5,23:57:51,秋田県沖,39°51.6′N,139°56.8′E,16 km,3.1,震度２,39.86,139.9466667
2005/4/6,7:59:54,福岡県北西沖,33°42.5′N,130°15.3′E,14 km,4.1,震度３,33.70833333,130.255
2005/4/6,8:36:15,福島県沖,37°21.8′N,141°43.2′E,45 km,3.7,震度１,37.36333333,141.72
2005/4/6,20:49:27,福岡県北西沖,33°42.3′N,130°14.4′E,7 km,2.4,震度２,33.705,130.24
2005/4/6,23:35:39,福岡県北西沖,33°42.3′N,130°14.5′E,5 km,3.2,震度３,33.705,130.2416667
2005/4/6,23:58:18,福岡県北西沖,33°42.2′N,130°14.6′E,5 km,2.8,震度３,33.70333333,130.2433333
2005/4/7,0:12:11,福岡県北西沖,33°42.3′N,130°14.3′E,5 km,2.4,震度２,33.705,130.2383333
2005/4/7,0:17:25,福岡県北西沖,33°42.4′N,130°14.1′E,5 km,4,震度４,33.70666667,130.235
2005/4/7,0:59:44,福岡県北西沖,33°42.1′N,130°14.5′E,4 km,2.2,震度２,33.70166667,130.2416667
2005/4/7,1:09:49,福岡県福岡地方,33°40.3′N,130°19.2′E,12 km,3.5,震度２,33.67166667,130.32
2005/4/7,3:22:55,福岡県北西沖,33°42.1′N,130°14.6′E,5 km,2,震度１,33.70166667,130.2433333
2005/4/7,15:04:50,大隅半島東方沖,31°10.5′N,131°26.2′E,34 km,3.1,震度１,31.175,131.4366667
2005/4/7,16:58:01,大隅半島東方沖,31°10.7′N,131°26.1′E,35 km,3.4,震度１,31.17833333,131.435
2005/4/7,21:41:42,宮城県北部,38°52.2′N,141°35.2′E,74 km,3,震度１,38.87,141.5866667
2005/4/8,7:31:03,福岡県北西沖,33°40.2′N,130°21.5′E,6 km,3.8,震度３,33.67,130.3583333
2005/4/8,9:16:20,福岡県北西沖,33°45.6′N,130°08.0′E,13 km,3.7,震度２,33.76,130.1333333
2005/4/8,13:03:14,福岡県北西沖,33°45.8′N,130°07.1′E,13 km,3.9,震度２,33.76333333,130.1183333
2005/4/8,20:33:25,三重県南東沖,33°06.6′N,136°55.8′E,38 km,4.2,震度１,33.11,136.93
2005/4/8,20:39:26,新潟県下越地方,37°41.6′N,138°51.0′E,14 km,2.1,震度１,37.69333333,138.85
2005/4/9,0:55:56,岩手県沖,40°21.1′N,142°05.3′E,49 km,3.4,震度１,40.35166667,142.0883333
2005/4/9,2:02:28,紀伊水道,34°11.8′N,135°09.7′E,5 km,2.4,震度１,34.19666667,135.1616667
2005/4/9,8:33:22,福岡県北西沖,33°42.4′N,130°16.6′E,5 km,2.7,震度２,33.70666667,130.2766667
2005/4/9,12:09:20,群馬県南部,36°36.6′N,139°22.6′E,11 km,2.9,震度１,36.61,139.3766667
2005/4/9,13:30:02,三重県南東沖,33°01.7′N,136°54.3′E,37 km,3.9,震度１,33.02833333,136.905
2005/4/10,17:17:04,福岡県北西沖,33°41.7′N,130°15.3′E,9 km,2.6,震度１,33.695,130.255
2005/4/10,18:44:11,徳島県南部,33°46.6′N,134°24.0′E,15 km,3.6,震度２,33.77666667,134.4
2005/4/10,19:47:01,日向灘,32°44.2′N,132°08.9′E,38 km,3.4,震度２,32.73666667,132.1483333
2005/4/10,20:10:15,鹿児島県薩摩地方,32°01.2′N,130°19.6′E,13 km,3.1,震度１,32.02,130.3266667
2005/4/10,20:34:38,福岡県北西沖,33°40.1′N,130°16.9′E,5 km,5,震度４,33.66833333,130.2816667
2005/4/10,20:41:43,福岡県北西沖,33°40.1′N,130°16.4′E,4 km,1.8,震度１,33.66833333,130.2733333
2005/4/11,4:21:09,福岡県北西沖,33°40.9′N,130°14.8′E,4 km,2,震度１,33.68166667,130.2466667
2005/4/11,7:22:16,千葉県北東部,35°43.6′N,140°37.2′E,52 km,6.1,震度５強,35.72666667,140.62
2005/4/11,8:42:55,千葉県北東部,35°43.1′N,140°36.8′E,50 km,2.9,震度１,35.71833333,140.6133333
2005/4/11,10:06:55,千葉県北東部,35°45.6′N,140°38.7′E,49 km,3.1,震度１,35.76,140.645
2005/4/11,10:09:59,新潟県中越地方,37°10.2′N,138°49.1′E,8 km,3,震度１,37.17,138.8183333
2005/4/11,10:55:21,釧路沖,42°59.5′N,145°20.4′E,50 km,4.2,震度２,42.99166667,145.34
2005/4/11,12:03:46,千葉県北東部,35°44.6′N,140°41.1′E,48 km,3.4,震度１,35.74333333,140.685
2005/4/11,14:31:00,釧路沖,42°53.6′N,145°29.2′E,45 km,3.9,震度１,42.89333333,145.4866667
2005/4/11,15:34:54,千葉県北西部,35°34.1′N,140°11.0′E,73 km,4.4,震度３,35.56833333,140.1833333
2005/4/11,18:15:21,釧路沖,42°20.8′N,144°37.4′E,37 km,4.7,震度１,42.34666667,144.6233333
2005/4/12,3:13:45,福岡県北西沖,33°43.0′N,130°12.7′E,6 km,2.4,震度１,33.71666667,130.2116667
2005/4/12,4:45:35,三宅島近海,34°05.0′N,139°30.8′E,0 km,2.2,震度１,34.08333333,139.5133333
2005/4/12,13:09:31,山梨県東部・富士五湖,35°29.6′N,138°57.4′E,25 km,4.1,震度２,35.49333333,138.9566667
2005/4/12,15:13:31,福岡県北西沖,33°43.8′N,130°12.0′E,11 km,2.9,震度１,33.73,130.2
2005/4/13,1:49:37,福岡県北西沖,33°41.4′N,130°15.0′E,5 km,3,震度２,33.69,130.25
2005/4/13,21:49:13,福岡県北西沖,33°46.9′N,130°05.9′E,11 km,3.5,震度１,33.78166667,130.0983333
2005/4/14,7:18:14,福岡県北西沖,33°42.0′N,130°13.6′E,5 km,3.8,震度３,33.7,130.2266667
2005/4/14,9:00:54,トカラ列島近海,29°46.5′N,129°53.9′E,16 km,2.7,震度１,29.775,129.8983333
2005/4/14,11:14:07,長野県北部,36°38.7′N,137°51.8′E,5 km,3.1,震度１,36.645,137.8633333
2005/4/14,12:32:44,栃木県北部,36°37.1′N,139°22.7′E,9 km,2.8,震度１,36.61833333,139.3783333
2005/4/14,13:16:58,福岡県北西沖,33°42.7′N,130°13.0′E,9 km,3.4,震度２,33.71166667,130.2166667
2005/4/14,17:02:35,三重県南東沖,33°08.3′N,137°09.5′E,41 km,4.3,震度１,33.13833333,137.1583333
2005/4/14,17:58:13,沖縄本島近海,27°00.1′N,128°10.0′E,41 km,3.4,震度１,27.00166667,128.1666667
2005/4/15,0:18:51,八丈島東方沖,33°19.7′N,140°59.7′E,49 km,4.1,震度１,33.32833333,140.995
2005/4/15,7:53:03,福岡県北西沖,33°45.2′N,130°08.9′E,10 km,2.9,震度１,33.75333333,130.1483333
2005/4/15,8:30:14,長野県北部,36°38.9′N,137°51.3′E,4 km,2.5,震度１,36.64833333,137.855
2005/4/15,8:42:31,長野県北部,36°39.2′N,137°51.7′E,4 km,2.8,震度１,36.65333333,137.8616667
2005/4/15,8:43:54,長野県北部,36°39.1′N,137°51.5′E,4 km,2.7,震度１,36.65166667,137.8583333
2005/4/15,10:43:55,和歌山県北部,34°02.4′N,135°17.7′E,7 km,3,震度１,34.04,135.295
2005/4/15,14:03:38,千葉県南部,35°20.0′N,140°21.7′E,21 km,3.1,震度２,35.33333333,140.3616667
2005/4/15,17:47:32,新潟県中越地方,37°11.8′N,138°49.2′E,10 km,2.7,震度１,37.19666667,138.82
2005/4/15,20:15:22,長野県南部,35°48.9′N,137°28.9′E,10 km,2.6,震度１,35.815,137.4816667
2005/4/16,4:25:26,福岡県北西沖,33°46.0′N,130°09.9′E,11 km,3.8,震度２,33.76666667,130.165
2005/4/16,5:01:28,福岡県北西沖,33°46.2′N,130°09.8′E,11 km,3.1,震度１,33.77,130.1633333
2005/4/16,9:28:38,内浦湾,42°09.3′N,140°53.6′E,124 km,3.8,震度１,42.155,140.8933333
2005/4/16,12:16:47,新潟県中越地方,37°18.3′N,138°58.1′E,9 km,2.1,震度１,37.305,138.9683333
2005/4/16,15:00:40,宮城県沖,38°46.8′N,141°37.6′E,67 km,3.4,震度１,38.78,141.6266667
2005/4/16,15:23:32,栃木県北部,36°40.5′N,139°29.4′E,7 km,2.5,震度２,36.675,139.49
2005/4/16,23:54:15,三宅島近海,34°07.9′N,139°22.3′E,15 km,2.6,震度１,34.13166667,139.3716667
2005/4/17,10:37:23,佐賀県北部,33°19.6′N,129°54.7′E,8 km,2.7,震度１,33.32666667,129.9116667
2005/4/17,14:41:15,岩手県沖,39°14.7′N,142°25.9′E,30 km,3.8,震度１,39.245,142.4316667
2005/4/17,20:09:05,千葉県南部,35°09.3′N,139°58.2′E,69 km,4.4,震度３,35.155,139.97
2005/4/17,22:56:14,愛媛県南予,33°19.2′N,132°28.8′E,39 km,4,震度２,33.32,132.48
2005/4/18,10:15:11,福島県浜通り,36°54.6′N,140°39.8′E,68 km,3.4,震度１,36.91,140.6633333
2005/4/18,14:54:13,千葉県北東部,35°43.5′N,140°41.7′E,51 km,3.2,震度１,35.725,140.695
2005/4/18,21:35:20,福岡県北西沖,33°42.8′N,130°13.5′E,13 km,3.2,震度２,33.71333333,130.225
2005/4/19,1:31:36,京都府北部,35°18.8′N,135°17.2′E,9 km,2.9,震度１,35.31333333,135.2866667
2005/4/19,10:46:55,鳥島近海,29°43.9′N,139°39.2′E,441 km,6,震度２,29.73166667,139.6533333
2005/4/19,17:41:01,長野県南部,35°51.5′N,137°35.9′E,5 km,2.7,震度２,35.85833333,137.5983333
2005/4/19,18:27:34,宮城県沖,38°50.0′N,141°37.6′E,71 km,2.9,震度１,38.83333333,141.6266667
2005/4/20,6:11:27,福岡県北西沖,33°40.6′N,130°17.2′E,14 km,5.8,震度５強,33.67666667,130.2866667
2005/4/20,6:15:00,福岡県北西沖,33°39.3′N,130°18.7′E,12 km,2.8,震度１,33.655,130.3116667
2005/4/20,6:22:50,福岡県北西沖,33°40.7′N,130°17.3′E,13 km,4.7,震度４,33.67833333,130.2883333
2005/4/20,6:40:19,福岡県北西沖,33°40.7′N,130°17.4′E,12 km,3.4,震度１,33.67833333,130.29
2005/4/20,6:44:52,福岡県北西沖,33°40.8′N,130°17.6′E,12 km,4.5,震度３,33.68,130.2933333
2005/4/20,7:09:51,福岡県北西沖,33°40.3′N,130°17.4′E,14 km,3.2,震度１,33.67166667,130.29
2005/4/20,9:09:43,福岡県北西沖,33°40.7′N,130°17.0′E,13 km,5.1,震度４,33.67833333,130.2833333
2005/4/20,9:40:34,福岡県北西沖,33°40.8′N,130°16.9′E,15 km,3.5,震度２,33.68,130.2816667
2005/4/20,10:17:15,福岡県北西沖,33°40.8′N,130°17.2′E,11 km,3,震度２,33.68,130.2866667
2005/4/20,10:54:02,福岡県北西沖,33°39.5′N,130°18.7′E,13 km,3.1,震度１,33.65833333,130.3116667
2005/4/20,11:46:07,福岡県北西沖,33°40.2′N,130°17.7′E,15 km,3,震度１,33.67,130.295
2005/4/20,12:23:40,福岡県北西沖,33°39.8′N,130°22.6′E,8 km,3.2,震度３,33.66333333,130.3766667
2005/4/20,12:46:16,福岡県北西沖,33°41.9′N,130°14.8′E,4 km,1.8,震度１,33.69833333,130.2466667
2005/4/20,12:50:00,詳細不明,34°07.0′N,139°32.0′E,0 km,,震度１,34.11666667,139.5333333
2005/4/20,13:28:30,福岡県北西沖,33°39.9′N,130°22.3′E,8 km,3,震度２,33.665,130.3716667
2005/4/20,23:17:57,岩手県内陸北部,39°51.9′N,141°19.7′E,10 km,2.9,震度１,39.865,141.3283333
2005/4/21,2:20:39,徳島県南部,33°54.1′N,134°39.2′E,45 km,3.5,震度１,33.90166667,134.6533333
2005/4/21,3:20:30,福岡県北西沖,33°46.0′N,130°06.5′E,12 km,3.6,震度２,33.76666667,130.1083333
2005/4/21,4:31:57,長野県南部,35°51.6′N,137°35.9′E,6 km,1.6,震度１,35.86,137.5983333
2005/4/21,7:32:12,福岡県北西沖,33°46.0′N,130°06.5′E,12 km,3.8,震度２,33.76666667,130.1083333
2005/4/21,9:05:05,福岡県福岡地方,33°40.1′N,130°18.4′E,11 km,3.2,震度２,33.66833333,130.3066667
2005/4/21,9:34:33,福岡県北西沖,33°44.7′N,130°09.6′E,8 km,3,震度１,33.745,130.16
2005/4/22,1:09:30,福岡県北西沖,33°39.9′N,130°18.2′E,14 km,2.7,震度１,33.665,130.3033333
2005/4/22,1:59:28,三重県北部,34°59.9′N,136°39.4′E,12 km,2.2,震度１,34.99833333,136.6566667
2005/4/22,2:33:30,薩摩半島西方沖,31°40.9′N,128°59.2′E,14 km,4.1,震度１,31.68166667,128.9866667
2005/4/22,3:42:52,福岡県北西沖,33°44.6′N,130°09.8′E,9 km,3.2,震度１,33.74333333,130.1633333
2005/4/22,17:54:17,三重県南東沖,33°06.0′N,136°57.6′E,36 km,4.4,震度１,33.1,136.96
2005/4/23,0:23:29,長野県北部,36°39.7′N,138°17.7′E,4 km,4.1,震度４,36.66166667,138.295
2005/4/23,7:23:06,相模湾,35°09.8′N,139°17.1′E,18 km,3.1,震度１,35.16333333,139.285
2005/4/23,7:23:29,福岡県北西沖,33°40.7′N,130°17.9′E,8 km,2.9,震度１,33.67833333,130.2983333
2005/4/23,8:19:11,和歌山県北部,33°56.6′N,135°13.2′E,8 km,2.8,震度１,33.94333333,135.22
2005/4/23,11:41:16,福岡県福岡地方,33°40.2′N,130°19.0′E,11 km,3,震度１,33.67,130.3166667
2005/4/23,22:21:02,福岡県北西沖,33°42.3′N,130°14.0′E,5 km,2,震度１,33.705,130.2333333
2005/4/24,6:08:36,佐賀県南部,33°00.7′N,130°09.6′E,13 km,3.2,震度２,33.01166667,130.16
2005/4/24,9:22:13,沖縄本島近海,27°01.4′N,128°07.8′E,41 km,3.4,震度１,27.02333333,128.13
2005/4/24,9:26:07,福岡県北西沖,33°39.8′N,130°22.4′E,8 km,2.4,震度１,33.66333333,130.3733333
2005/4/24,11:25:19,福岡県北西沖,33°39.2′N,130°19.1′E,11 km,3.1,震度２,33.65333333,130.3183333
2005/4/24,13:00:12,八丈島東方沖,33°20.7′N,140°51.9′E,42 km,4.8,震度２,33.345,140.865
2005/4/25,4:37:39,福岡県福岡地方,33°36.8′N,130°24.5′E,8 km,2.5,震度１,33.61333333,130.4083333
2005/4/25,10:19:41,千葉県北東部,35°42.8′N,140°37.9′E,51 km,3.7,震度２,35.71333333,140.6316667
2005/4/25,18:13:24,岐阜県美濃中西部,35°40.7′N,137°05.2′E,5 km,3.2,震度２,35.67833333,137.0866667
2005/4/25,21:14:20,日高地方東部,42°18.1′N,143°00.9′E,50 km,3.8,震度１,42.30166667,143.015
2005/4/26,20:35:24,和歌山県北部,34°03.6′N,135°15.6′E,8 km,2.9,震度１,34.06,135.26
2005/4/26,22:51:52,福岡県北西沖,33°43.2′N,130°12.2′E,7 km,2.5,震度１,33.72,130.2033333
2005/4/27,5:28:18,福岡県北西沖,33°45.9′N,130°06.6′E,14 km,3.2,震度１,33.765,130.11
2005/4/27,10:26:31,青森県東方沖,40°42.1′N,142°33.5′E,49 km,3.7,震度１,40.70166667,142.5583333
2005/4/28,1:21:07,栃木県北部,36°43.4′N,139°29.2′E,5 km,1.8,震度１,36.72333333,139.4866667
2005/4/28,3:17:11,宮城県北部,38°50.6′N,141°35.7′E,73 km,3.6,震度１,38.84333333,141.595
2005/4/28,3:43:18,福岡県北西沖,33°40.2′N,130°17.9′E,13 km,3.8,震度２,33.67,130.2983333
2005/4/28,4:15:40,岩手県内陸北部,39°32.4′N,141°16.8′E,120 km,3.8,震度１,39.54,141.28
2005/4/28,7:49:12,静岡県伊豆地方,35°01.9′N,139°06.8′E,6 km,2.1,震度１,35.03166667,139.1133333
2005/4/28,9:42:24,福岡県北西沖,33°45.5′N,130°07.8′E,14 km,3.3,震度１,33.75833333,130.13
2005/4/28,13:54:42,和歌山県北部,34°03.7′N,135°15.8′E,8 km,3,震度１,34.06166667,135.2633333
2005/4/28,18:10:11,和歌山県北部,34°03.6′N,135°15.7′E,8 km,3,震度１,34.06,135.2616667
2005/4/29,15:44:54,茨城県南部,35°53.8′N,140°21.1′E,37 km,3.2,震度１,35.89666667,140.3516667
2005/4/29,18:10:16,千葉県東方沖,35°32.3′N,140°58.6′E,41 km,3.6,震度１,35.53833333,140.9766667
2005/4/30,10:08:39,北海道東方沖,43°39.3′N,147°15.0′E,35 km,4.8,震度１,43.655,147.25
2005/4/30,10:59:46,沖縄本島近海,26°26.0′N,126°55.2′E,68 km,3.4,震度１,26.43333333,126.92
2005/4/30,14:22:40,福岡県北西沖,33°44.0′N,130°10.3′E,12 km,2.9,震度１,33.73333333,130.1716667
2005/4/30,15:15:10,宮城県北部,38°56.2′N,141°38.5′E,70 km,2.8,震度１,38.93666667,141.6416667
2005/4/30,16:30:56,新潟県中越地方,37°09.2′N,138°44.4′E,1 km,2.5,震度１,37.15333333,138.74
2005/4/30,17:29:39,奄美大島近海,27°57.6′N,130°16.8′E,40 km,3.9,震度１,27.96,130.28
2005/5/1,9:09:36,福岡県北西沖,33°43.9′N,130°10.9′E,8 km,2.9,震度１,33.73166667,130.1816667
2005/5/1,13:24:11,秋田県内陸北部,39°58.8′N,140°26.2′E,7 km,2.9,震度２,39.98,140.4366667
2005/5/1,17:58:29,留萌地方南部,44°03.8′N,141°42.1′E,5 km,3.8,震度１,44.06333333,141.7016667
2005/5/1,21:00:25,新島・神津島近海,34°17.9′N,139°06.2′E,10 km,3.2,震度２,34.29833333,139.1033333
2005/5/1,22:04:54,新島・神津島近海,34°18.1′N,139°06.3′E,10 km,3.8,震度３,34.30166667,139.105
2005/5/2,0:26:39,宮城県沖,38°59.1′N,141°39.4′E,72 km,3.9,震度２,38.985,141.6566667
2005/5/2,1:23:58,福岡県福岡地方,33°40.2′N,130°19.2′E,11 km,5,震度４,33.67,130.32
2005/5/2,4:14:12,福岡県北西沖,33°40.3′N,130°17.7′E,13 km,3.3,震度１,33.67166667,130.295
2005/5/2,4:36:26,福島県沖,37°33.2′N,142°04.5′E,57 km,4.6,震度１,37.55333333,142.075
2005/5/2,7:12:56,福岡県北西沖,33°42.1′N,130°15.5′E,13 km,3.6,震度２,33.70166667,130.2583333
2005/5/2,8:08:28,新潟県中越地方,37°11.4′N,138°49.7′E,9 km,3.5,震度３,37.19,138.8283333
2005/5/2,12:15:32,留萌地方中北部,44°07.2′N,141°51.0′E,14 km,3.6,震度１,44.12,141.85
2005/5/3,1:29:56,福岡県福岡地方,33°36.8′N,130°24.6′E,8 km,3.1,震度２,33.61333333,130.41
2005/5/3,13:37:40,豊後水道,33°20.6′N,132°21.5′E,42 km,3.4,震度２,33.34333333,132.3583333
2005/5/3,14:51:54,新潟県中越地方,37°09.8′N,138°48.6′E,8 km,3,震度２,37.16333333,138.81
2005/5/3,20:04:52,北海道南西沖,41°26.8′N,139°05.7′E,217 km,4.9,震度１,41.44666667,139.095
2005/5/4,8:07:02,埼玉県北部,36°01.6′N,139°27.0′E,96 km,3.8,震度１,36.02666667,139.45
2005/5/4,18:10:18,福岡県福岡地方,33°36.7′N,130°24.4′E,8 km,2.1,震度１,33.61166667,130.4066667
2005/5/5,6:48:59,福岡県北西沖,33°40.9′N,130°16.7′E,6 km,2.2,震度１,33.68166667,130.2783333
2005/5/5,7:38:04,長野県中部,35°50.3′N,138°11.1′E,16 km,3.7,震度２,35.83833333,138.185
2005/5/5,14:14:02,新島・神津島近海,34°25.1′N,139°15.6′E,7 km,3,震度２,34.41833333,139.26
2005/5/5,19:49:59,新潟県中越地方,37°17.1′N,138°49.0′E,14 km,2.4,震度２,37.285,138.8166667
2005/5/6,7:34:23,日高地方東部,42°20.0′N,143°00.0′E,51 km,3.4,震度１,42.33333333,143
2005/5/7,0:27:38,宮城県沖,38°07.6′N,141°18.1′E,78 km,4,震度２,38.12666667,141.3016667
2005/5/7,4:52:32,東京都多摩東部,35°38.0′N,139°26.0′E,32 km,4.2,震度３,35.63333333,139.4333333
2005/5/7,10:13:31,熊本県阿蘇地方,32°55.1′N,130°59.0′E,9 km,2.6,震度１,32.91833333,130.9833333
2005/5/7,12:29:29,和歌山県北部,33°59.3′N,135°13.7′E,6 km,3,震度１,33.98833333,135.2283333
2005/5/7,19:48:03,北海道西方沖,44°07.3′N,141°39.5′E,9 km,3.2,震度１,44.12166667,141.6583333
2005/5/7,23:14:31,宮城県北部,38°48.7′N,140°42.1′E,4 km,1.4,震度１,38.81166667,140.7016667
2005/5/7,23:15:45,熊本県阿蘇地方,32°55.2′N,130°59.0′E,9 km,2.9,震度１,32.92,130.9833333
2005/5/8,7:10:51,新潟県中越地方,37°26.9′N,138°56.4′E,8 km,2.4,震度１,37.44833333,138.94
2005/5/8,15:04:44,栃木県北部,36°37.8′N,139°29.5′E,10 km,4.5,震度４,36.63,139.4916667
2005/5/8,15:05:32,栃木県北部,36°37.8′N,139°29.4′E,10 km,3.4,震度２,36.63,139.49
2005/5/8,15:06:05,栃木県北部,36°37.8′N,139°29.4′E,10 km,3.3,震度１,36.63,139.49
2005/5/8,15:07:17,栃木県北部,36°37.9′N,139°29.3′E,9 km,2.7,震度１,36.63166667,139.4883333
2005/5/8,15:09:34,栃木県北部,36°37.8′N,139°29.4′E,9 km,2.7,震度１,36.63,139.49
2005/5/8,15:29:34,栃木県北部,36°37.8′N,139°29.3′E,9 km,3.2,震度２,36.63,139.4883333
2005/5/8,15:36:35,栃木県北部,36°37.8′N,139°29.4′E,9 km,2.5,震度１,36.63,139.49
2005/5/8,18:58:05,和歌山県北部,33°52.4′N,135°21.2′E,52 km,3.5,震度２,33.87333333,135.3533333
2005/5/9,1:44:23,福岡県北西沖,33°45.4′N,130°09.0′E,10 km,3,震度１,33.75666667,130.15
2005/5/10,1:09:40,福岡県筑後地方,33°23.9′N,130°42.4′E,6 km,2.9,震度２,33.39833333,130.7066667
2005/5/10,1:52:22,紀伊水道,34°13.6′N,135°05.8′E,9 km,2,震度１,34.22666667,135.0966667
2005/5/10,8:16:57,栃木県北部,36°49.2′N,139°38.0′E,6 km,2.5,震度１,36.82,139.6333333
2005/5/10,9:22:38,奄美大島近海,28°22.8′N,130°02.8′E,27 km,3.4,震度１,28.38,130.0466667
2005/5/10,10:06:30,福岡県北西沖,33°43.7′N,130°11.8′E,7 km,2.8,震度１,33.72833333,130.1966667
2005/5/10,11:53:21,福岡県北西沖,33°39.8′N,130°22.5′E,8 km,2.8,震度１,33.66333333,130.375
2005/5/10,17:33:22,福岡県北西沖,33°38.7′N,130°23.8′E,8 km,2,震度１,33.645,130.3966667
2005/5/11,8:50:39,北見地方,43°42.0′N,143°21.5′E,166 km,5.2,震度２,43.7,143.3583333
2005/5/11,10:51:24,山梨県中・西部,35°16.2′N,138°31.3′E,17 km,4,震度３,35.27,138.5216667
2005/5/11,17:30:27,福岡県北西沖,33°41.6′N,130°13.2′E,5 km,2.5,震度１,33.69333333,130.22
2005/5/12,4:22:51,日向灘,32°04.5′N,132°01.1′E,30 km,4.5,震度３,32.075,132.0183333
2005/5/12,17:36:27,奄美大島近海,28°32.6′N,129°38.0′E,54 km,3.6,震度１,28.54333333,129.6333333
2005/5/12,21:18:29,福岡県北西沖,33°45.2′N,130°08.0′E,13 km,3.4,震度２,33.75333333,130.1333333
2005/5/12,22:14:37,宮城県沖,38°50.7′N,141°37.5′E,72 km,3.1,震度１,38.845,141.625
2005/5/12,22:36:27,福島県中通り,37°29.7′N,140°42.1′E,80 km,3.4,震度２,37.495,140.7016667
2005/5/12,23:06:04,新潟県中越地方,37°10.7′N,138°48.6′E,9 km,2.5,震度１,37.17833333,138.81
2005/5/13,3:48:31,福岡県北西沖,33°41.6′N,130°15.3′E,4 km,1.8,震度１,33.69333333,130.255
2005/5/13,4:08:42,千葉県北西部,35°36.0′N,140°08.5′E,65 km,3.8,震度１,35.6,140.1416667
2005/5/13,8:40:24,大分県西部,33°02.2′N,130°58.4′E,12 km,3.1,震度１,33.03666667,130.9733333
2005/5/13,10:49:12,奄美大島近海,28°13.2′N,129°27.5′E,34 km,3.3,震度１,28.22,129.4583333
2005/5/13,17:54:03,国後島付近,43°28.4′N,145°35.1′E,79 km,3.7,震度１,43.47333333,145.585
2005/5/13,18:52:45,福岡県北西沖,33°45.2′N,130°07.5′E,13 km,3.9,震度２,33.75333333,130.125
2005/5/14,0:14:40,茨城県北部,36°27.0′N,140°34.4′E,57 km,4.4,震度３,36.45,140.5733333
2005/5/14,0:34:20,福岡県筑後地方,33°23.9′N,130°42.4′E,6 km,2.8,震度２,33.39833333,130.7066667
2005/5/14,5:03:00,鳥取県中部,35°21.2′N,133°44.3′E,4 km,2,震度１,35.35333333,133.7383333
2005/5/14,15:31:18,千葉県東方沖,35°30.0′N,140°34.3′E,60 km,4.1,震度２,35.5,140.5716667
2005/5/14,18:28:49,宮城県沖,38°49.6′N,141°58.5′E,55 km,3.7,震度１,38.82666667,141.975
2005/5/14,23:29:41,福岡県北西沖,33°42.6′N,130°13.8′E,12 km,3.4,震度１,33.71,130.23
2005/5/15,5:55:19,長野県北部,36°36.3′N,138°17.8′E,4 km,2.9,震度２,36.605,138.2966667
2005/5/15,9:02:46,福岡県北西沖,33°42.5′N,130°13.0′E,8 km,2.6,震度１,33.70833333,130.2166667
2005/5/15,10:10:33,千葉県北東部,35°45.1′N,140°41.0′E,50 km,3.5,震度１,35.75166667,140.6833333
2005/5/15,15:55:24,栃木県北部,36°37.7′N,139°29.0′E,9 km,4.8,震度４,36.62833333,139.4833333
2005/5/15,19:01:22,千葉県北東部,35°45.3′N,140°42.1′E,51 km,4.7,震度２,35.755,140.7016667
2005/5/16,2:20:04,新潟県中越地方,37°25.3′N,138°54.1′E,3 km,1.3,震度１,37.42166667,138.9016667
2005/5/16,5:32:40,福岡県北西沖,33°44.0′N,130°07.5′E,17 km,3.3,震度１,33.73333333,130.125
2005/5/16,7:05:44,岩手県内陸北部,39°49.6′N,141°23.1′E,84 km,3.2,震度１,39.82666667,141.385
2005/5/16,7:10:40,千葉県南部,35°19.2′N,140°18.8′E,87 km,4,震度２,35.32,140.3133333
2005/5/16,7:14:58,新潟県中越地方,37°17.0′N,138°50.7′E,17 km,2.6,震度１,37.28333333,138.845
2005/5/16,12:59:22,伊勢湾,35°00.1′N,136°46.4′E,15 km,2.7,震度１,35.00166667,136.7733333
2005/5/17,2:18:44,宮城県中部,38°24.4′N,141°11.2′E,11 km,1.7,震度１,38.40666667,141.1866667
2005/5/17,10:36:39,福岡県福岡地方,33°40.0′N,130°19.0′E,14 km,3.3,震度２,33.66666667,130.3166667
2005/5/19,1:33:06,釧路沖,42°55.2′N,144°43.2′E,58 km,4.8,震度４,42.92,144.72
2005/5/19,9:23:24,新潟県上越地方,37°10.6′N,138°30.7′E,13 km,2.5,震度１,37.17666667,138.5116667
2005/5/19,10:05:30,三宅島近海,34°05.0′N,139°30.4′E,0 km,1.7,震度１,34.08333333,139.5066667
2005/5/19,10:14:26,千葉県東方沖,35°33.5′N,141°04.9′E,33 km,5.4,震度３,35.55833333,141.0816667
2005/5/20,10:18:47,根室半島南東沖,43°06.2′N,146°04.5′E,44 km,4.1,震度１,43.10333333,146.075
2005/5/20,21:44:40,福岡県北西沖,33°40.3′N,130°24.0′E,8 km,2.5,震度１,33.67166667,130.4
2005/5/21,7:01:10,宮城県沖,38°51.3′N,142°15.4′E,18 km,5.1,震度３,38.855,142.2566667
2005/5/21,10:03:36,岩手県沖,40°08.6′N,142°26.6′E,35 km,3.8,震度１,40.14333333,142.4433333
2005/5/21,10:43:12,島根県東部,35°18.2′N,133°16.6′E,6 km,2.6,震度１,35.30333333,133.2766667
2005/5/21,11:01:47,兵庫県南東部,34°57.1′N,135°20.5′E,6 km,2,震度１,34.95166667,135.3416667
2005/5/21,13:55:38,千葉県北西部,36°05.8′N,139°48.9′E,49 km,3.3,震度１,36.09666667,139.815
2005/5/21,20:20:02,大阪府南部,34°17.4′N,135°11.7′E,9 km,2.8,震度１,34.29,135.195
2005/5/21,21:36:35,茨城県南部,36°06.0′N,139°51.2′E,50 km,3.6,震度２,36.1,139.8533333
2005/5/21,21:37:51,房総半島南方沖,34°17.4′N,140°14.8′E,54 km,4.3,震度２,34.29,140.2466667
2005/5/22,0:27:55,茨城県南部,36°01.6′N,139°54.3′E,45 km,3.3,震度１,36.02666667,139.905
2005/5/22,1:29:21,鳥島近海,30°43.9′N,139°02.8′E,422 km,5.3,震度１,30.73166667,139.0466667
2005/5/23,2:33:18,新潟県中越地方,37°15.9′N,138°57.5′E,8 km,2.5,震度２,37.265,138.9583333
2005/5/23,4:29:15,青森県東方沖,41°33.4′N,142°03.5′E,65 km,3.6,震度１,41.55666667,142.0583333
2005/5/23,5:34:15,宮城県沖,38°26.6′N,142°09.9′E,38 km,3.8,震度１,38.44333333,142.165
2005/5/23,6:20:03,釧路沖,42°23.3′N,144°40.6′E,40 km,4,震度１,42.38833333,144.6766667
2005/5/23,10:32:27,岩手県沖,39°38.2′N,142°06.1′E,48 km,3.2,震度１,39.63666667,142.1016667
2005/5/23,12:15:13,長野県南部,35°51.0′N,137°44.1′E,8 km,2.1,震度１,35.85,137.735
2005/5/23,21:36:36,宮城県中部,38°25.2′N,141°14.3′E,11 km,2.5,震度１,38.42,141.2383333
2005/5/25,10:47:09,栃木県北部,36°39.4′N,139°29.8′E,8 km,2.6,震度１,36.65666667,139.4966667
2005/5/25,16:49:24,茨城県沖,36°00.5′N,141°06.4′E,42 km,4.2,震度２,36.00833333,141.1066667
2005/5/25,20:31:31,豊後水道,33°19.4′N,132°17.2′E,54 km,4.6,震度３,33.32333333,132.2866667
2005/5/26,0:46:23,熊本県球磨地方,32°13.1′N,130°37.4′E,9 km,2.6,震度１,32.21833333,130.6233333
2005/5/26,2:17:24,福岡県北西沖,33°43.1′N,130°12.2′E,6 km,2.6,震度１,33.71833333,130.2033333
2005/5/27,1:20:12,青森県東方沖,41°05.0′N,143°07.3′E,22 km,4.4,震度１,41.08333333,143.1216667
2005/5/27,3:17:21,愛媛県東予,34°00.1′N,133°41.8′E,42 km,4.7,震度３,34.00166667,133.6966667
2005/5/27,3:33:47,西表島付近,23°58.3′N,123°34.7′E,31 km,4.2,震度１,23.97166667,123.5783333
2005/5/27,15:14:43,紀伊水道,34°05.3′N,135°04.9′E,8 km,2.5,震度１,34.08833333,135.0816667
2005/5/27,17:07:19,宮城県北部,38°32.0′N,140°35.0′E,110 km,4.9,震度３,38.53333333,140.5833333
2005/5/27,18:31:57,トカラ列島近海,29°43.9′N,130°00.0′E,16 km,4,震度３,29.73166667,130
2005/5/27,18:50:53,トカラ列島近海,29°44.5′N,129°59.7′E,18 km,4.2,震度２,29.74166667,129.995
2005/5/28,9:05:48,和歌山県北部,34°01.9′N,135°13.8′E,7 km,2.7,震度１,34.03166667,135.23
2005/5/29,5:23:15,長野県南部,35°38.5′N,137°43.8′E,7 km,2.3,震度１,35.64166667,137.73
2005/5/29,5:55:11,遠州灘,34°30.7′N,137°41.9′E,311 km,5,震度１,34.51166667,137.6983333
2005/5/29,6:36:00,長野県北部,36°30.2′N,137°57.6′E,11 km,2.4,震度１,36.50333333,137.96
2005/5/29,7:25:15,福岡県北西沖,33°42.0′N,130°15.3′E,4 km,2.1,震度２,33.7,130.255
2005/5/29,13:16:52,天草灘,32°26.1′N,129°58.6′E,13 km,3.5,震度２,32.435,129.9766667
2005/5/29,17:07:26,十勝地方南部,42°15.5′N,143°09.0′E,45 km,3.2,震度１,42.25833333,143.15
2005/5/30,6:34:37,岩手県沖,39°06.7′N,142°07.2′E,45 km,3.4,震度１,39.11166667,142.12
2005/5/30,7:34:34,千葉県東方沖,35°41.4′N,140°42.4′E,51 km,4.7,震度３,35.69,140.7066667
2005/5/30,8:51:50,福岡県福岡地方,33°40.0′N,130°22.5′E,8 km,3,震度２,33.66666667,130.375
2005/5/30,18:28:27,八丈島東方沖,33°40.4′N,140°28.0′E,63 km,4.2,震度１,33.67333333,140.4666667
2005/5/30,20:18:08,八丈島東方沖,32°12.0′N,141°00.8′E,11 km,5.4,震度２,32.2,141.0133333
2005/5/30,20:47:42,岐阜県美濃中西部,35°22.3′N,136°26.0′E,12 km,2.8,震度１,35.37166667,136.4333333
2005/5/31,11:04:15,大隅半島東方沖,31°18.3′N,131°32.7′E,29 km,5.8,震度４,31.305,131.545
2005/5/31,17:40:37,三宅島近海,34°06.4′N,139°32.0′E,0 km,1.9,震度１,34.10666667,139.5333333
2005/5/31,20:28:45,宮古島近海,24°58.9′N,125°26.4′E,19 km,3.2,震度１,24.98166667,125.44
2005/5/31,20:56:47,岩手県沖,40°04.0′N,142°06.0′E,38 km,3.3,震度１,40.06666667,142.1
2005/5/31,21:22:16,岩手県沖,40°22.1′N,142°15.9′E,40 km,3.4,震度１,40.36833333,142.265
2005/6/1,5:34:03,愛知県東部,34°51.3′N,137°31.1′E,37 km,3.1,震度１,34.855,137.5183333
2005/6/1,10:01:25,千葉県北東部,35°45.5′N,140°39.9′E,49 km,3.9,震度１,35.75833333,140.665
2005/6/1,15:20:12,和歌山県北部,34°05.6′N,135°23.9′E,7 km,3.4,震度１,34.09333333,135.3983333
2005/6/1,19:05:59,東京湾,35°32.9′N,139°49.1′E,29 km,4.1,震度２,35.54833333,139.8183333
2005/6/1,19:39:57,東京湾,35°32.9′N,139°49.2′E,28 km,4.1,震度２,35.54833333,139.82
2005/6/1,20:44:11,東京都２３区,35°33.0′N,139°48.9′E,28 km,4.3,震度３,35.55,139.815
2005/6/1,22:02:47,東京都２３区,35°32.7′N,139°48.3′E,27 km,3.1,震度１,35.545,139.805
2005/6/1,23:37:54,奄美大島北東沖,29°34.3′N,130°08.6′E,25 km,3.7,震度１,29.57166667,130.1433333
2005/6/2,0:36:43,茨城県南部,36°01.7′N,140°05.5′E,63 km,4,震度１,36.02833333,140.0916667
2005/6/2,0:48:13,トカラ列島近海,29°44.4′N,130°00.3′E,17 km,3.1,震度２,29.74,130.005
2005/6/2,1:10:13,東京都２３区,35°32.7′N,139°48.7′E,26 km,2.7,震度１,35.545,139.8116667
2005/6/2,1:20:05,台湾付近,24°39.0′N,122°01.1′E,65 km,5.5,震度１,24.65,122.0183333
2005/6/2,6:01:01,八丈島東方沖,33°11.9′N,140°32.8′E,59 km,4.2,震度２,33.19833333,140.5466667
2005/6/2,6:56:02,秋田県内陸南部,39°17.5′N,140°21.4′E,10 km,4,震度３,39.29166667,140.3566667
2005/6/2,7:25:20,奄美大島近海,28°15.2′N,129°32.4′E,19 km,4,震度２,28.25333333,129.54
2005/6/2,7:57:13,福岡県北西沖,33°42.1′N,130°14.3′E,5 km,2,震度１,33.70166667,130.2383333
2005/6/2,10:03:19,長野県南部,35°55.2′N,137°34.9′E,5 km,2.6,震度１,35.92,137.5816667
2005/6/2,12:41:42,鹿児島県薩摩地方,31°59.7′N,130°15.7′E,11 km,2.8,震度１,31.995,130.2616667
2005/6/2,20:40:22,愛知県西部,35°05.4′N,136°53.3′E,13 km,2.7,震度１,35.09,136.8883333
2005/6/3,0:47:00,長野県南部,35°48.2′N,137°27.4′E,8 km,3.1,震度２,35.80333333,137.4566667
2005/6/3,1:32:10,青森県東方沖,41°29.5′N,142°00.2′E,63 km,4.3,震度３,41.49166667,142.0033333
2005/6/3,4:16:42,熊本県天草・芦北地方,32°29.7′N,130°32.8′E,11 km,4.8,震度５弱,32.495,130.5466667
2005/6/3,4:23:10,福岡県北西沖,33°46.3′N,130°05.3′E,15 km,4.1,震度２,33.77166667,130.0883333
2005/6/3,7:31:01,熊本県天草・芦北地方,32°30.2′N,130°33.2′E,11 km,3.2,震度１,32.50333333,130.5533333
2005/6/3,8:13:39,茨城県南部,35°59.9′N,140°05.2′E,13 km,3,震度１,35.99833333,140.0866667
2005/6/3,10:48:47,紀伊水道,34°10.8′N,135°08.0′E,6 km,3.5,震度２,34.18,135.1333333
2005/6/3,22:12:39,福岡県筑豊地方,33°46.8′N,130°40.8′E,15 km,2.8,震度１,33.78,130.68
2005/6/4,9:40:33,和歌山県北部,34°12.3′N,135°11.8′E,5 km,3.3,震度３,34.205,135.1966667
2005/6/4,15:36:18,新潟県中越地方,37°16.0′N,138°57.9′E,8 km,2.6,震度２,37.26666667,138.965
2005/6/5,12:17:35,新潟県中越地方,37°34.2′N,138°51.9′E,17 km,3.3,震度４,37.57,138.865
2005/6/5,12:42:17,新潟県中越地方,37°34.0′N,138°51.7′E,17 km,2.4,震度２,37.56666667,138.8616667
2005/6/5,14:50:36,新潟県中越地方,37°34.2′N,138°51.6′E,17 km,2.6,震度２,37.57,138.86
2005/6/5,19:36:07,大阪湾,34°31.4′N,135°00.4′E,0 km,1.4,震度１,34.52333333,135.0066667
2005/6/5,22:28:43,日向灘,32°31.1′N,131°45.4′E,20 km,2.6,震度１,32.51833333,131.7566667
2005/6/6,18:30:06,福岡県北西沖,33°41.5′N,130°15.8′E,13 km,3.2,震度２,33.69166667,130.2633333
2005/6/7,2:37:06,新潟県中越地方,37°34.5′N,138°51.7′E,16 km,2.2,震度１,37.575,138.8616667
2005/6/7,6:26:25,和歌山県北部,34°03.6′N,135°15.7′E,8 km,3.4,震度２,34.06,135.2616667
2005/6/7,7:14:07,新潟県中越地方,37°13.3′N,138°50.4′E,8 km,2.8,震度１,37.22166667,138.84
2005/6/8,11:10:57,福岡県北西沖,33°43.1′N,130°12.9′E,9 km,2.8,震度１,33.71833333,130.215
2005/6/8,18:59:37,奈良県,34°19.5′N,135°41.3′E,64 km,3.1,震度１,34.325,135.6883333
2005/6/9,1:48:27,島根県東部,35°18.3′N,133°18.3′E,7 km,2.2,震度１,35.305,133.305
2005/6/9,9:28:46,千葉県北西部,35°37.8′N,140°04.8′E,72 km,4.5,震度２,35.63,140.08
2005/6/9,12:30:17,長野県北部,36°48.4′N,138°41.5′E,0 km,4.1,震度２,36.80666667,138.6916667
2005/6/10,15:26:24,千葉県北西部,35°35.6′N,140°13.5′E,75 km,4.1,震度２,35.59333333,140.225
2005/6/10,18:48:34,豊後水道,33°04.2′N,132°01.4′E,46 km,3.5,震度１,33.07,132.0233333
2005/6/10,22:49:03,山梨県東部・富士五湖,35°33.5′N,139°01.0′E,20 km,2.9,震度２,35.55833333,139.0166667
2005/6/11,1:55:46,長野県北部,36°49.6′N,138°17.0′E,14 km,1.8,震度１,36.82666667,138.2833333
2005/6/11,3:45:44,福岡県福岡地方,33°40.1′N,130°18.0′E,11 km,3.1,震度１,33.66833333,130.3
2005/6/11,6:40:01,西表島付近,23°57.9′N,123°34.6′E,31 km,4.3,震度１,23.965,123.5766667
2005/6/11,9:16:08,福岡県北西沖,33°42.0′N,130°14.7′E,9 km,2.6,震度１,33.7,130.245
2005/6/11,21:00:08,福岡県北西沖,33°42.5′N,130°15.0′E,5 km,1.7,震度１,33.70833333,130.25
2005/6/11,22:25:28,長野県南部,35°43.4′N,138°07.9′E,16 km,2.9,震度１,35.72333333,138.1316667
2005/6/12,0:28:38,福岡県北西沖,33°42.3′N,130°14.8′E,5 km,1.7,震度１,33.705,130.2466667
2005/6/12,9:05:24,栃木県北部,36°37.2′N,139°23.3′E,9 km,3.4,震度３,36.62,139.3883333
2005/6/12,13:07:09,大隅半島東方沖,31°16.0′N,131°30.1′E,38 km,3.9,震度１,31.26666667,131.5016667
2005/6/12,16:18:26,茨城県南部,35°59.8′N,140°05.1′E,12 km,2.9,震度１,35.99666667,140.085
2005/6/12,19:12:38,岩手県沖,40°06.0′N,142°02.8′E,65 km,3.9,震度２,40.1,142.0466667
2005/6/13,21:00:47,熊本県熊本地方,32°45.0′N,131°12.0′E,127 km,3.6,震度１,32.75,131.2
2005/6/14,6:32:01,和歌山県北部,34°09.1′N,135°14.3′E,3 km,1.9,震度１,34.15166667,135.2383333
2005/6/14,15:23:54,岩手県沖,39°25.6′N,142°40.6′E,35 km,4.2,震度１,39.42666667,142.6766667
2005/6/14,19:02:12,福岡県北西沖,33°41.8′N,130°15.8′E,7 km,2.7,震度１,33.69666667,130.2633333
2005/6/14,20:07:58,奄美大島北東沖,29°13.9′N,130°36.3′E,71 km,5,震度２,29.23166667,130.605
2005/6/14,22:06:23,釧路沖,42°59.0′N,145°24.2′E,48 km,3.8,震度１,42.98333333,145.4033333
2005/6/15,16:14:45,硫黄島近海,25°50.8′N,141°27.1′E,104 km,5.5,震度２,25.84666667,141.4516667
2005/6/16,11:51:34,伊勢湾,35°00.0′N,136°46.3′E,15 km,2.9,震度１,35,136.7716667
2005/6/16,23:42:19,根室半島南東沖,42°57.0′N,145°35.6′E,43 km,4.7,震度２,42.95,145.5933333
2005/6/17,5:56:42,茨城県南部,36°05.1′N,139°53.4′E,47 km,3.6,震度２,36.085,139.89
2005/6/18,1:43:34,天草灘,31°59.4′N,130°00.0′E,11 km,3.6,震度１,31.99,130
2005/6/18,9:05:57,宮城県沖,38°52.1′N,141°36.0′E,73 km,3,震度１,38.86833333,141.6
2005/6/19,3:10:48,岩手県沖,40°12.5′N,142°19.5′E,38 km,4.2,震度１,40.20833333,142.325
2005/6/19,7:58:33,茨城県南部,36°08.2′N,139°43.4′E,90 km,3.3,震度１,36.13666667,139.7233333
2005/6/19,8:24:39,福岡県北西沖,33°37.6′N,130°24.3′E,7 km,2.2,震度１,33.62666667,130.405
2005/6/19,14:53:54,新島・神津島近海,34°21.0′N,139°08.5′E,0 km,1.7,震度１,34.35,139.1416667
2005/6/19,21:03:56,京都府南部,35°21.6′N,135°37.6′E,8 km,2.9,震度２,35.36,135.6266667
2005/6/19,22:06:32,千葉県北東部,35°43.3′N,140°36.9′E,52 km,3.1,震度１,35.72166667,140.615
2005/6/20,1:15:14,千葉県北東部,35°44.0′N,140°41.6′E,51 km,5.6,震度４,35.73333333,140.6933333
2005/6/20,1:24:42,千葉県北東部,35°43.0′N,140°43.0′E,52 km,4.2,震度２,35.71666667,140.7166667
2005/6/20,1:25:37,千葉県北東部,35°43.5′N,140°41.7′E,50 km,3,震度１,35.725,140.695
2005/6/20,5:28:58,和歌山県北部,34°02.3′N,135°16.6′E,6 km,2.4,震度１,34.03833333,135.2766667
2005/6/20,6:40:29,宮城県北部,38°48.4′N,141°32.5′E,70 km,3.7,震度２,38.80666667,141.5416667
2005/6/20,13:03:13,新潟県中越地方,37°13.7′N,138°35.4′E,15 km,5,震度５弱,37.22833333,138.59
2005/6/20,13:15:31,新潟県中越地方,37°13.3′N,138°35.6′E,13 km,4.4,震度４,37.22166667,138.5933333
2005/6/20,14:04:28,岐阜県美濃中西部,35°45.4′N,136°51.3′E,9 km,4.6,震度３,35.75666667,136.855
2005/6/20,14:10:59,新潟県中越地方,37°13.6′N,138°35.3′E,13 km,2.6,震度１,37.22666667,138.5883333
2005/6/20,14:49:16,新潟県中越地方,37°14.0′N,138°35.2′E,14 km,2.6,震度１,37.23333333,138.5866667
2005/6/20,20:04:46,岐阜県飛騨地方,35°51.3′N,137°18.5′E,8 km,3.2,震度１,35.855,137.3083333
2005/6/20,21:19:48,鹿児島県大隅地方,31°39.3′N,131°02.1′E,2 km,1.9,震度２,31.655,131.035
2005/6/20,21:38:25,岐阜県美濃中西部,35°45.5′N,136°51.4′E,9 km,4.3,震度２,35.75833333,136.8566667
2005/6/21,8:40:14,福岡県北西沖,33°42.9′N,130°15.5′E,10 km,3,震度１,33.715,130.2583333
2005/6/21,9:11:56,福島県中通り,37°11.3′N,140°03.7′E,106 km,3.1,震度１,37.18833333,140.0616667
2005/6/21,19:11:08,茨城県沖,36°09.8′N,140°52.0′E,44 km,3.6,震度２,36.16333333,140.8666667
2005/6/22,9:07:50,宮城県中部,38°23.6′N,141°09.7′E,12 km,2.3,震度２,38.39333333,141.1616667
2005/6/22,9:57:12,宮城県中部,38°23.3′N,141°09.6′E,10 km,1.3,震度１,38.38833333,141.16
2005/6/22,16:21:11,福岡県北西沖,33°43.4′N,130°12.1′E,13 km,3.4,震度１,33.72333333,130.2016667
2005/6/22,18:37:49,宮城県北部,38°47.3′N,140°40.3′E,6 km,1.9,震度１,38.78833333,140.6716667
2005/6/22,20:07:39,釧路沖,42°49.7′N,145°00.9′E,47 km,3.5,震度１,42.82833333,145.015
2005/6/22,23:47:44,宮城県中部,38°23.4′N,141°09.8′E,11 km,1.9,震度２,38.39,141.1633333
2005/6/23,3:42:19,十勝沖,42°08.7′N,144°23.5′E,26 km,4.9,震度２,42.145,144.3916667
2005/6/23,20:48:40,栃木県南部,36°14.6′N,139°46.1′E,59 km,3.1,震度１,36.24333333,139.7683333
2005/6/24,0:24:42,長野県南部,35°48.1′N,137°27.4′E,7 km,2.3,震度１,35.80166667,137.4566667
2005/6/24,8:28:20,宮城県中部,38°23.4′N,141°09.7′E,9 km,2.3,震度１,38.39,141.1616667
2005/6/24,15:41:47,福岡県北西沖,33°43.9′N,130°11.8′E,15 km,3,震度１,33.73166667,130.1966667
2005/6/24,16:20:19,長野県南部,35°51.3′N,137°30.0′E,6 km,2.9,震度２,35.855,137.5
2005/6/24,18:00:45,神奈川県西部,35°13.2′N,139°06.5′E,13 km,2.1,震度１,35.22,139.1083333
2005/6/24,19:41:47,新潟県中越地方,37°16.7′N,138°51.4′E,11 km,2.9,震度２,37.27833333,138.8566667
2005/6/24,22:08:27,茨城県沖,36°26.6′N,141°03.2′E,46 km,4.5,震度３,36.44333333,141.0533333
2005/6/25,2:09:43,和歌山県北部,34°08.8′N,135°11.2′E,4 km,2.3,震度２,34.14666667,135.1866667
2005/6/25,4:22:42,新島・神津島近海,34°16.8′N,139°12.0′E,11 km,2.3,震度２,34.28,139.2
2005/6/25,4:52:32,トカラ列島近海,29°49.3′N,130°02.3′E,68 km,3.9,震度１,29.82166667,130.0383333
2005/6/25,20:31:03,和歌山県北部,34°08.7′N,135°11.1′E,4 km,1.6,震度１,34.145,135.185
2005/6/25,22:52:32,北海道南西沖,41°24.1′N,139°18.2′E,15 km,4.2,震度１,41.40166667,139.3033333
2005/6/26,1:24:23,福島県会津,37°25.9′N,139°41.9′E,4 km,2,震度１,37.43166667,139.6983333
2005/6/26,1:25:32,福島県会津,37°26.0′N,139°41.9′E,4 km,3.3,震度３,37.43333333,139.6983333
2005/6/26,1:45:50,紀伊水道,34°07.7′N,135°06.5′E,5 km,2.5,震度２,34.12833333,135.1083333
2005/6/26,7:44:36,福岡県北西沖,33°41.6′N,130°12.4′E,5 km,2.2,震度１,33.69333333,130.2066667
2005/6/26,19:55:20,福岡県北西沖,33°42.2′N,130°14.7′E,10 km,3.4,震度２,33.70333333,130.245
2005/6/26,20:22:20,渡島地方東部,41°46.7′N,140°43.3′E,122 km,4.2,震度１,41.77833333,140.7216667
2005/6/27,0:46:36,岩手県沖,40°22.6′N,142°15.3′E,41 km,4.1,震度２,40.37666667,142.255
2005/6/27,2:14:45,和歌山県北部,33°58.4′N,135°11.5′E,8 km,2.8,震度１,33.97333333,135.1916667
2005/6/27,2:16:48,日向灘,31°38.3′N,132°02.9′E,43 km,4,震度１,31.63833333,132.0483333
2005/6/27,4:16:21,茨城県沖,36°28.5′N,141°01.8′E,45 km,4.2,震度２,36.475,141.03
2005/6/27,5:02:36,茨城県沖,36°28.5′N,141°01.9′E,45 km,4.1,震度２,36.475,141.0316667
2005/6/27,6:41:57,青森県東方沖,40°44.3′N,142°13.6′E,46 km,3.5,震度１,40.73833333,142.2266667
2005/6/27,21:41:24,薩摩半島西方沖,31°09.8′N,130°16.9′E,169 km,4.5,震度１,31.16333333,130.2816667
2005/6/27,23:39:50,周防灘,33°45.5′N,131°28.0′E,17 km,3.9,震度２,33.75833333,131.4666667
2005/6/27,23:51:03,福岡県北西沖,33°40.5′N,130°17.6′E,12 km,2.8,震度１,33.675,130.2933333
2005/6/28,4:09:16,岐阜県飛騨地方,36°03.5′N,137°34.1′E,8 km,2.8,震度２,36.05833333,137.5683333
2005/6/28,14:17:48,宮城県北部,38°52.6′N,141°35.9′E,74 km,3.4,震度１,38.87666667,141.5983333
2005/6/29,12:13:03,京都府南部,35°02.4′N,135°28.8′E,9 km,2.5,震度１,35.04,135.48
2005/6/29,21:18:34,奄美大島近海,28°16.1′N,129°30.4′E,35 km,3.5,震度１,28.26833333,129.5066667
2005/6/29,23:18:04,壱岐・対馬近海,34°25.5′N,129°16.7′E,17 km,4.6,震度２,34.425,129.2783333
2005/6/29,23:24:10,伊予灘,33°34.9′N,132°04.5′E,57 km,3.5,震度１,33.58166667,132.075
2005/6/30,6:03:39,茨城県南部,36°02.1′N,139°53.7′E,44 km,3.1,震度１,36.035,139.895
2005/6/30,8:32:34,奄美大島近海,28°15.1′N,129°30.9′E,33 km,3,震度１,28.25166667,129.515
2005/6/30,9:24:52,茨城県沖,36°32.0′N,140°53.3′E,50 km,3.6,震度１,36.53333333,140.8883333
2005/6/30,13:39:42,釧路沖,42°53.4′N,145°28.9′E,44 km,4.1,震度１,42.89,145.4816667
2005/6/30,18:05:59,新潟県中越地方,37°12.9′N,138°50.2′E,10 km,3.1,震度２,37.215,138.8366667
2005/6/30,19:28:07,福岡県北西沖,33°37.6′N,130°24.4′E,7 km,2,震度１,33.62666667,130.4066667
2005/7/1,1:28:40,福岡県北西沖,33°42.2′N,130°14.5′E,3 km,1.6,震度１,33.70333333,130.2416667
2005/7/1,9:49:44,千葉県東方沖,35°39.2′N,140°58.1′E,17 km,3.4,震度１,35.65333333,140.9683333
2005/7/1,13:16:37,北海道南西沖,42°10.6′N,139°15.9′E,16 km,3.8,震度１,42.17666667,139.265
2005/7/1,18:36:15,鳥島近海,31°49.9′N,139°25.2′E,210 km,5.3,震度１,31.83166667,139.42
2005/7/1,19:05:07,福島県中通り,37°56.6′N,140°23.7′E,0 km,3,震度１,37.94333333,140.395
2005/7/1,20:05:34,青森県東方沖,41°34.1′N,142°04.1′E,62 km,3.5,震度１,41.56833333,142.0683333
2005/7/1,23:55:17,岐阜県飛騨地方,36°03.6′N,137°34.0′E,8 km,3,震度２,36.06,137.5666667
2005/7/2,2:48:36,周防灘,33°45.3′N,131°28.0′E,18 km,3,震度１,33.755,131.4666667
2005/7/2,9:31:47,三陸沖,39°30.6′N,143°25.9′E,40 km,5.5,震度３,39.51,143.4316667
2005/7/2,20:12:30,愛知県西部,35°22.1′N,136°54.3′E,6 km,2.1,震度１,35.36833333,136.905
2005/7/3,2:49:42,兵庫県南西部,34°52.2′N,134°45.6′E,13 km,3.4,震度２,34.87,134.76
2005/7/3,9:14:15,大阪府南部,34°34.7′N,135°25.2′E,11 km,3.3,震度１,34.57833333,135.42
2005/7/3,10:58:43,日高地方東部,42°14.0′N,142°50.3′E,27 km,3.4,震度２,42.23333333,142.8383333
2005/7/3,10:59:49,三宅島近海,34°05.6′N,139°31.5′E,0 km,2.1,震度１,34.09333333,139.525
2005/7/3,18:48:25,岩手県沖,40°14.4′N,141°52.1′E,61 km,3.9,震度２,40.24,141.8683333
2005/7/3,23:14:36,トカラ列島近海,28°55.7′N,129°08.3′E,40 km,4,震度１,28.92833333,129.1383333
2005/7/4,0:39:38,長野県南部,35°23.2′N,137°45.3′E,15 km,2.8,震度１,35.38666667,137.755
2005/7/4,7:43:41,岡山県北部,35°09.2′N,134°18.0′E,7 km,2.1,震度１,35.15333333,134.3
2005/7/4,8:04:36,奄美大島近海,28°13.5′N,129°05.9′E,21 km,3.3,震度１,28.225,129.0983333
2005/7/4,15:45:09,福岡県北西沖,33°42.8′N,130°14.2′E,8 km,2.7,震度２,33.71333333,130.2366667
2005/7/4,18:48:16,岐阜県飛騨地方,36°03.6′N,137°34.1′E,8 km,2.5,震度１,36.06,137.5683333
2005/7/5,5:10:02,福岡県北西沖,33°44.5′N,130°07.4′E,15 km,4.2,震度３,33.74166667,130.1233333
2005/7/5,10:41:33,奄美大島近海,27°52.3′N,130°13.5′E,49 km,3.9,震度１,27.87166667,130.225
2005/7/5,12:14:34,宮城県沖,38°46.5′N,141°36.3′E,70 km,3.3,震度１,38.775,141.605
2005/7/6,5:10:38,三陸沖,39°35.5′N,143°23.5′E,24 km,5.2,震度２,39.59166667,143.3916667
2005/7/6,14:57:55,三宅島近海,34°05.7′N,139°32.1′E,0 km,1.7,震度１,34.095,139.535
2005/7/6,18:06:47,宮城県沖,38°50.3′N,142°07.2′E,43 km,3.3,震度１,38.83833333,142.12
2005/7/6,19:34:40,網走地方,43°44.7′N,144°43.7′E,0 km,3,震度１,43.745,144.7283333
2005/7/9,4:11:42,千葉県北東部,35°21.9′N,140°22.4′E,31 km,2.7,震度１,35.365,140.3733333
2005/7/9,7:36:53,岐阜県飛騨地方,36°03.5′N,137°34.1′E,9 km,2.8,震度１,36.05833333,137.5683333
2005/7/9,13:11:53,和歌山県北部,34°12.6′N,135°12.3′E,5 km,2.7,震度２,34.21,135.205
2005/7/9,16:22:50,和歌山県北部,34°12.4′N,135°12.3′E,4 km,1.7,震度１,34.20666667,135.205
2005/7/9,18:00:27,岩手県沖,39°20.5′N,142°03.4′E,47 km,3.6,震度２,39.34166667,142.0566667
2005/7/9,18:04:28,島根県東部,35°18.5′N,133°18.8′E,6 km,1.7,震度１,35.30833333,133.3133333
2005/7/9,19:22:38,新潟県中越地方,37°12.8′N,138°49.9′E,11 km,4.3,震度４,37.21333333,138.8316667
2005/7/9,19:32:00,新潟県中越地方,37°12.9′N,138°50.2′E,10 km,2.6,震度１,37.215,138.8366667
2005/7/10,5:06:56,新潟県中越地方,37°23.8′N,138°56.5′E,11 km,2.7,震度１,37.39666667,138.9416667
2005/7/10,8:37:09,八丈島東方沖,33°30.4′N,141°08.0′E,55 km,5.8,震度３,33.50666667,141.1333333
2005/7/10,9:56:54,天草灘,32°05.7′N,129°58.0′E,9 km,3.4,震度１,32.095,129.9666667
2005/7/10,14:37:41,八丈島東方沖,33°30.4′N,141°09.5′E,48 km,4.1,震度１,33.50666667,141.1583333
2005/7/10,23:34:35,八丈島東方沖,33°28.4′N,141°10.1′E,52 km,4.3,震度１,33.47333333,141.1683333
2005/7/11,2:08:18,三陸沖,39°28.6′N,143°29.0′E,41 km,4.9,震度１,39.47666667,143.4833333
2005/7/11,7:27:27,茨城県沖,36°24.8′N,141°02.4′E,48 km,4.7,震度３,36.41333333,141.04
2005/7/11,11:18:39,愛知県西部,34°55.5′N,136°52.7′E,14 km,3,震度２,34.925,136.8783333
2005/7/11,14:30:10,山梨県東部・富士五湖,35°35.1′N,139°00.1′E,24 km,2.7,震度１,35.585,139.0016667
2005/7/11,17:24:13,有明海,32°57.4′N,130°22.3′E,10 km,2.3,震度１,32.95666667,130.3716667
2005/7/11,19:05:12,山口県中部,34°06.8′N,131°23.6′E,17 km,3.3,震度２,34.11333333,131.3933333
2005/7/11,23:49:03,千葉県北東部,35°44.7′N,140°36.7′E,49 km,3.9,震度２,35.745,140.6116667
2005/7/12,0:02:49,長野県南部,35°55.1′N,137°36.2′E,9 km,2.3,震度１,35.91833333,137.6033333
2005/7/12,3:10:08,栃木県北部,36°39.6′N,139°28.7′E,3 km,2.4,震度１,36.66,139.4783333
2005/7/12,6:37:01,紀伊水道,34°04.7′N,135°05.0′E,7 km,2.4,震度１,34.07833333,135.0833333
2005/7/12,7:30:39,新島・神津島近海,34°19.2′N,139°10.5′E,5 km,2.2,震度２,34.32,139.175
2005/7/12,7:32:45,新島・神津島近海,34°18.6′N,139°10.8′E,4 km,1.8,震度２,34.31,139.18
2005/7/12,7:34:03,新島・神津島近海,34°19.3′N,139°10.8′E,6 km,2.6,震度４,34.32166667,139.18
2005/7/12,7:34:52,新島・神津島近海,34°19.2′N,139°09.8′E,3 km,2.4,震度２,34.32,139.1633333
2005/7/12,14:38:42,宮城県中部,38°26.6′N,141°09.6′E,12 km,2.3,震度１,38.44333333,141.16
2005/7/13,4:45:47,山梨県中・西部,35°17.1′N,138°29.3′E,17 km,2.9,震度１,35.285,138.4883333
2005/7/13,6:38:42,沖縄本島近海,26°01.6′N,126°51.6′E,54 km,3.8,震度１,26.02666667,126.86
2005/7/13,9:07:42,釧路沖,42°56.3′N,145°29.1′E,45 km,4.1,震度１,42.93833333,145.485
2005/7/13,15:20:23,神奈川県東部,35°30.1′N,139°41.6′E,24 km,1.9,震度１,35.50166667,139.6933333
2005/7/13,19:00:48,岐阜県飛騨地方,36°03.6′N,137°34.1′E,7 km,2.2,震度１,36.06,137.5683333
2005/7/14,10:58:20,宮城県北部,38°52.7′N,141°35.0′E,74 km,3.9,震度２,38.87833333,141.5833333
2005/7/14,23:28:39,新潟県中越地方,37°12.9′N,138°52.9′E,9 km,2.6,震度１,37.215,138.8816667
2005/7/15,1:40:44,千葉県南東沖,34°52.8′N,139°56.2′E,53 km,3.5,震度１,34.88,139.9366667
2005/7/15,11:23:22,秋田県沿岸南部,39°17.7′N,140°04.6′E,15 km,2.4,震度１,39.295,140.0766667
2005/7/16,2:07:13,福岡県北西沖,33°41.5′N,130°16.2′E,14 km,3.3,震度２,33.69166667,130.27
2005/7/16,10:52:28,福岡県北西沖,33°42.5′N,130°15.1′E,12 km,2.5,震度１,33.70833333,130.2516667
2005/7/16,13:48:50,新島・神津島近海,34°19.9′N,139°10.5′E,4 km,2.5,震度３,34.33166667,139.175
2005/7/16,15:26:37,福島県沖,36°54.8′N,140°50.0′E,64 km,4,震度２,36.91333333,140.8333333
2005/7/16,15:36:49,新島・神津島近海,34°20.0′N,139°11.1′E,3 km,1.7,震度１,34.33333333,139.185
2005/7/16,16:28:21,天草灘,32°10.3′N,129°30.7′E,8 km,4,震度１,32.17166667,129.5116667
2005/7/17,19:50:58,千葉県北東部,35°30.7′N,140°24.5′E,33 km,3.8,震度３,35.51166667,140.4083333
2005/7/17,20:35:23,新潟県中越地方,37°14.3′N,138°35.0′E,12 km,2.8,震度２,37.23833333,138.5833333
2005/7/18,9:50:38,千葉県北東部,35°44.8′N,140°38.1′E,49 km,3,震度１,35.74666667,140.635
2005/7/18,10:23:07,新島・神津島近海,34°20.0′N,139°10.7′E,5 km,2.1,震度２,34.33333333,139.1783333
2005/7/18,14:37:06,紀伊水道,34°09.9′N,135°04.7′E,9 km,2.7,震度１,34.165,135.0783333
2005/7/18,18:22:56,島根県東部,35°18.1′N,133°16.5′E,6 km,3.1,震度２,35.30166667,133.275
2005/7/18,21:12:13,新島・神津島近海,34°19.6′N,139°10.4′E,9 km,2.3,震度２,34.32666667,139.1733333
2005/7/19,6:10:11,釧路地方中南部,43°24.2′N,144°05.5′E,148 km,3.9,震度１,43.40333333,144.0916667
2005/7/19,6:48:43,福岡県北西沖,33°37.7′N,130°24.3′E,6 km,1.9,震度１,33.62833333,130.405
2005/7/19,7:10:42,福岡県北西沖,33°37.8′N,130°24.4′E,7 km,1.9,震度１,33.63,130.4066667
2005/7/19,13:31:57,福島県沖,37°48.5′N,141°18.5′E,65 km,3.9,震度２,37.80833333,141.3083333
2005/7/20,7:11:50,新島・神津島近海,34°20.3′N,139°10.4′E,2 km,1.4,震度１,34.33833333,139.1733333
2005/7/20,9:15:01,新島・神津島近海,34°20.1′N,139°10.7′E,3 km,1.6,震度１,34.335,139.1783333
2005/7/20,17:15:30,釧路沖,42°56.6′N,145°01.6′E,51 km,4,震度１,42.94333333,145.0266667
2005/7/20,21:14:36,東京都多摩東部,35°38.9′N,139°24.8′E,33 km,3.4,震度３,35.64833333,139.4133333
2005/7/20,22:06:03,台湾付近,24°44.2′N,122°19.9′E,33 km,5.6,震度１,24.73666667,122.3316667
2005/7/21,5:05:42,島根県東部,35°18.3′N,133°17.6′E,6 km,2.9,震度２,35.305,133.2933333
2005/7/21,5:21:00,広島県北部,35°03.4′N,132°58.4′E,6 km,2.9,震度２,35.05666667,132.9733333
2005/7/21,7:53:13,三宅島近海,34°05.1′N,139°30.9′E,0 km,1.8,震度１,34.085,139.515
2005/7/21,9:31:40,新潟県中越地方,37°12.9′N,138°36.1′E,9 km,2.6,震度２,37.215,138.6016667
2005/7/22,5:29:18,宮古島近海,24°36.3′N,125°13.1′E,58 km,3.5,震度１,24.605,125.2183333
2005/7/22,9:27:03,千葉県北東部,35°44.7′N,140°41.7′E,50 km,4.4,震度３,35.745,140.695
2005/7/23,5:29:30,千葉県東方沖,35°22.2′N,140°28.7′E,28 km,3.1,震度１,35.37,140.4783333
2005/7/23,9:17:01,山梨県中・西部,35°17.9′N,138°23.0′E,29 km,2.8,震度１,35.29833333,138.3833333
2005/7/23,16:34:56,千葉県北西部,35°34.9′N,140°08.3′E,73 km,6,震度５強,35.58166667,140.1383333
2005/7/23,16:37:24,千葉県北西部,35°36.4′N,140°07.9′E,68 km,4.6,震度３,35.60666667,140.1316667
2005/7/23,16:42:22,千葉県北西部,35°37.3′N,140°07.8′E,69 km,4.3,震度２,35.62166667,140.13
2005/7/23,16:51:44,千葉県北西部,35°35.1′N,140°09.3′E,68 km,4.1,震度１,35.585,140.155
2005/7/23,17:38:42,千葉県北西部,35°36.5′N,140°07.1′E,69 km,3.2,震度１,35.60833333,140.1183333
2005/7/23,22:57:40,東京湾,35°36.6′N,140°05.1′E,67 km,3.1,震度１,35.61,140.085
2005/7/24,15:23:53,相模湾,35°06.1′N,139°18.7′E,151 km,4.1,震度２,35.10166667,139.3116667
2005/7/24,18:12:54,千葉県南部,35°12.4′N,140°11.2′E,66 km,4.5,震度２,35.20666667,140.1866667
2005/7/24,19:32:47,宮城県沖,38°48.4′N,141°37.7′E,66 km,3,震度１,38.80666667,141.6283333
2005/7/25,0:31:55,和歌山県南方沖,33°28.6′N,135°51.7′E,9 km,3.3,震度１,33.47666667,135.8616667
2005/7/25,6:42:12,兵庫県南東部,34°56.9′N,135°24.9′E,10 km,2.4,震度１,34.94833333,135.415
2005/7/25,9:08:33,播磨灘,34°41.6′N,134°26.7′E,10 km,3,震度１,34.69333333,134.445
2005/7/25,10:04:38,新潟県中越地方,37°11.8′N,138°49.0′E,9 km,2.8,震度１,37.19666667,138.8166667
2005/7/25,21:53:35,佐賀県南部,33°24.1′N,130°31.7′E,10 km,2.5,震度１,33.40166667,130.5283333
2005/7/25,21:55:21,和歌山県南方沖,33°29.3′N,135°51.4′E,9 km,3.1,震度１,33.48833333,135.8566667
2005/7/26,0:23:47,千葉県北西部,35°37.0′N,140°07.7′E,70 km,3.7,震度１,35.61666667,140.1283333
2005/7/26,1:44:48,愛知県西部,34°55.5′N,136°52.6′E,14 km,3,震度２,34.925,136.8766667
2005/7/26,3:16:30,福島県会津,37°23.9′N,139°27.6′E,5 km,3.5,震度２,37.39833333,139.46
2005/7/26,13:20:43,東京湾,35°34.5′N,140°05.6′E,71 km,3.1,震度１,35.575,140.0933333
2005/7/27,1:21:56,福岡県北西沖,33°43.2′N,130°13.4′E,9 km,3,震度２,33.72,130.2233333
2005/7/27,1:26:21,福岡県北西沖,33°43.1′N,130°13.2′E,9 km,2.6,震度１,33.71833333,130.22
2005/7/27,1:47:46,福岡県北西沖,33°43.1′N,130°13.2′E,9 km,2.9,震度１,33.71833333,130.22
2005/7/27,2:42:07,留萌地方中北部,44°20.2′N,141°45.7′E,0 km,2.4,震度１,44.33666667,141.7616667
2005/7/28,9:11:11,広島県北部,34°54.5′N,132°43.2′E,8 km,3.4,震度３,34.90833333,132.72
2005/7/28,15:41:43,八丈島近海,32°28.0′N,138°57.4′E,263 km,4.9,震度１,32.46666667,138.9566667
2005/7/28,19:15:35,茨城県南部,36°07.5′N,139°50.7′E,51 km,5,震度４,36.125,139.845
2005/7/29,13:44:42,静岡県西部,34°45.7′N,137°54.2′E,9 km,2.1,震度１,34.76166667,137.9033333
2005/7/29,21:50:11,新潟県中越地方,37°16.7′N,138°58.4′E,8 km,2.4,震度１,37.27833333,138.9733333
2005/7/30,14:55:08,福岡県北西沖,33°40.3′N,130°17.6′E,11 km,3.1,震度１,33.67166667,130.2933333
2005/7/30,17:49:53,岩手県沖,40°04.5′N,142°06.9′E,47 km,4.4,震度３,40.075,142.115
2005/7/31,4:37:03,群馬県北部,36°31.6′N,138°55.9′E,11 km,1.7,震度１,36.52666667,138.9316667
2005/7/31,14:53:36,山梨県東部・富士五湖,35°33.1′N,138°57.6′E,22 km,4.4,震度４,35.55166667,138.96
2005/7/31,23:08:37,青森県東方沖,40°53.7′N,142°07.5′E,50 km,3.4,震度１,40.895,142.125
2005/8/1,5:20:02,トカラ列島近海,29°42.1′N,130°00.8′E,12 km,2.9,震度１,29.70166667,130.0133333
2005/8/1,9:40:32,京都府南部,34°57.0′N,135°33.1′E,11 km,2.5,震度１,34.95,135.5516667
2005/8/1,19:16:34,岩手県内陸北部,40°11.2′N,141°12.7′E,9 km,2.3,震度１,40.18666667,141.2116667
2005/8/1,19:50:17,福岡県北西沖,33°45.9′N,130°07.7′E,11 km,3.8,震度２,33.765,130.1283333
2005/8/2,14:40:49,群馬県南部,36°35.4′N,139°21.9′E,7 km,3.3,震度２,36.59,139.365
2005/8/3,1:42:16,八丈島東方沖,33°28.4′N,141°09.9′E,52 km,4.3,震度１,33.47333333,141.165
2005/8/3,12:45:14,福岡県北西沖,33°42.2′N,130°14.2′E,6 km,3.5,震度３,33.70333333,130.2366667
2005/8/3,16:38:52,新潟県中越地方,37°12.4′N,138°49.3′E,8 km,3.8,震度２,37.20666667,138.8216667
2005/8/3,18:01:57,新潟県中越地方,37°12.5′N,138°49.1′E,9 km,2.4,震度１,37.20833333,138.8183333
2005/8/3,18:52:55,山梨県東部・富士五湖,35°32.2′N,139°01.8′E,20 km,2.6,震度１,35.53666667,139.03
2005/8/4,3:28:27,沖縄本島近海,26°31.9′N,126°56.2′E,78 km,3.4,震度１,26.53166667,126.9366667
2005/8/4,7:53:30,茨城県北部,36°21.9′N,140°32.6′E,59 km,3.4,震度１,36.365,140.5433333
2005/8/4,15:10:24,和歌山県北部,34°20.5′N,135°28.9′E,10 km,2.6,震度１,34.34166667,135.4816667
2005/8/4,15:37:48,茨城県沖,36°33.5′N,141°18.8′E,47 km,4.4,震度２,36.55833333,141.3133333
2005/8/4,16:31:32,広島県北部,35°01.5′N,132°50.2′E,6 km,2.8,震度１,35.025,132.8366667
2005/8/4,17:58:00,宮崎県北部平野部,32°40.7′N,131°45.3′E,50 km,3.7,震度２,32.67833333,131.755
2005/8/4,20:23:37,岩手県内陸南部,39°00.4′N,140°59.7′E,6 km,3.1,震度１,39.00666667,140.995
2005/8/5,19:55:20,青森県東方沖,40°47.1′N,142°46.5′E,21 km,4.1,震度１,40.785,142.775
2005/8/5,20:56:55,父島近海,26°29.0′N,141°59.8′E,54 km,4.3,震度１,26.48333333,141.9966667
2005/8/6,8:26:37,岩手県内陸南部,39°00.4′N,140°59.7′E,5 km,2.8,震度１,39.00666667,140.995
2005/8/6,12:04:33,青森県東方沖,41°32.0′N,142°56.6′E,30 km,4.3,震度１,41.53333333,142.9433333
2005/8/7,1:05:24,千葉県北西部,35°33.5′N,140°06.8′E,73 km,4.7,震度４,35.55833333,140.1133333
2005/8/7,1:07:16,東京湾,35°33.8′N,140°05.7′E,69 km,3.2,震度１,35.56333333,140.095
2005/8/7,10:56:12,沖縄本島近海,27°28.7′N,128°46.8′E,53 km,3.7,震度１,27.47833333,128.78
2005/8/7,23:28:54,青森県東方沖,41°32.2′N,142°55.7′E,29 km,4.6,震度２,41.53666667,142.9283333
2005/8/8,0:06:44,茨城県沖,36°20.3′N,141°26.7′E,46 km,5.6,震度３,36.33833333,141.445
2005/8/8,3:56:18,根室半島南東沖,43°15.3′N,146°14.8′E,46 km,4.3,震度１,43.255,146.2466667
2005/8/8,8:44:05,茨城県沖,36°47.2′N,141°12.7′E,47 km,4.1,震度２,36.78666667,141.2116667
2005/8/8,22:18:12,紀伊水道,34°13.4′N,135°08.0′E,6 km,2.5,震度１,34.22333333,135.1333333
2005/8/9,4:13:17,福岡県北西沖,33°41.2′N,130°17.7′E,12 km,3.3,震度２,33.68666667,130.295
2005/8/9,4:16:12,福岡県北西沖,33°41.2′N,130°17.7′E,11 km,2.9,震度１,33.68666667,130.295
2005/8/9,4:18:44,福岡県北西沖,33°41.2′N,130°17.7′E,11 km,2.7,震度１,33.68666667,130.295
2005/8/9,5:23:28,三宅島近海,34°03.9′N,139°30.0′E,0 km,1.9,震度１,34.065,139.5
2005/8/9,7:16:05,鳥取県西部,35°11.0′N,133°24.9′E,6 km,2.4,震度１,35.18333333,133.415
2005/8/10,14:11:06,国後島付近,43°54.2′N,146°45.8′E,92 km,4.2,震度１,43.90333333,146.7633333
2005/8/10,15:12:09,福島県沖,37°03.3′N,141°30.4′E,78 km,4.6,震度３,37.055,141.5066667
2005/8/10,22:26:52,広島県南西部,34°34.6′N,132°30.4′E,12 km,2.5,震度１,34.57666667,132.5066667
2005/8/11,5:24:46,奄美大島北東沖,29°35.4′N,130°09.1′E,23 km,3.3,震度１,29.59,130.1516667
2005/8/11,17:09:16,栃木県北部,36°38.9′N,139°26.2′E,8 km,2.5,震度１,36.64833333,139.4366667
2005/8/11,17:54:59,群馬県南部,36°31.2′N,138°56.0′E,9 km,2.7,震度１,36.52,138.9333333
2005/8/11,21:52:54,千葉県南東沖,34°49.3′N,140°21.1′E,67 km,4,震度１,34.82166667,140.3516667
2005/8/12,14:26:53,島根県東部,35°10.5′N,133°05.4′E,9 km,2.8,震度１,35.175,133.09
2005/8/12,23:46:22,栃木県南部,36°35.7′N,140°01.5′E,117 km,4,震度１,36.595,140.025
2005/8/13,11:23:52,千葉県北東部,35°28.9′N,140°24.5′E,32 km,2.5,震度１,35.48166667,140.4083333
2005/8/14,0:20:53,トカラ列島近海,29°43.8′N,130°01.3′E,16 km,2.8,震度１,29.73,130.0216667
2005/8/14,7:40:11,トカラ列島近海,29°43.9′N,130°01.2′E,16 km,3.1,震度２,29.73166667,130.02
2005/8/14,14:56:18,和歌山県北部,34°13.1′N,135°09.1′E,6 km,2.5,震度１,34.21833333,135.1516667
2005/8/14,23:47:47,茨城県沖,36°24.9′N,140°57.6′E,40 km,3.9,震度１,36.415,140.96
2005/8/15,9:48:41,新島・神津島近海,34°16.5′N,139°11.8′E,13 km,2.6,震度２,34.275,139.1966667
2005/8/15,16:39:16,トカラ列島近海,29°52.5′N,129°57.9′E,4 km,2.6,震度２,29.875,129.965
2005/8/15,19:57:40,奄美大島北東沖,29°35.3′N,130°06.9′E,26 km,4.5,震度２,29.58833333,130.115
2005/8/16,2:17:09,岩手県沖,40°21.0′N,142°04.7′E,50 km,3.5,震度１,40.35,142.0783333
2005/8/16,8:29:42,十勝地方南部,42°21.1′N,143°02.5′E,51 km,4.6,震度３,42.35166667,143.0416667
2005/8/16,11:24:38,福島県沖,37°43.5′N,142°07.0′E,34 km,4.3,震度１,37.725,142.1166667
2005/8/16,11:46:26,宮城県沖,38°08.9′N,142°16.6′E,42 km,7.2,震度６弱,38.14833333,142.2766667
2005/8/16,11:52:06,宮城県沖,38°11.0′N,142°09.1′E,38 km,4.6,震度２,38.18333333,142.1516667
2005/8/16,11:59:27,宮城県沖,38°17.5′N,142°18.0′E,26 km,4.1,震度１,38.29166667,142.3
2005/8/16,12:16:12,宮城県沖,38°12.0′N,142°05.7′E,43 km,4,震度１,38.2,142.095
2005/8/16,12:31:52,宮城県沖,38°11.1′N,141°41.5′E,51 km,4.1,震度２,38.185,141.6916667
2005/8/16,13:55:21,宮城県沖,38°17.2′N,142°03.8′E,43 km,4.5,震度２,38.28666667,142.0633333
2005/8/16,14:06:50,宮城県沖,38°14.7′N,141°55.6′E,46 km,3.7,震度１,38.245,141.9266667
2005/8/16,14:55:16,宮城県沖,38°18.4′N,142°09.0′E,40 km,3.7,震度１,38.30666667,142.15
2005/8/16,17:44:18,宮古島近海,24°16.0′N,125°16.6′E,42 km,4.5,震度１,24.26666667,125.2766667
2005/8/16,18:42:54,宮城県沖,38°10.3′N,142°11.4′E,42 km,4.1,震度１,38.17166667,142.19
2005/8/16,19:42:00,宮城県沖,38°11.6′N,141°41.1′E,51 km,3.7,震度１,38.19333333,141.685
2005/8/16,20:07:08,宮城県沖,38°10.9′N,142°10.4′E,42 km,4.1,震度１,38.18166667,142.1733333
2005/8/17,1:16:44,新潟県中越地方,37°19.7′N,138°53.3′E,14 km,2.7,震度１,37.32833333,138.8883333
2005/8/17,4:15:33,八丈島東方沖,32°22.0′N,141°02.4′E,0 km,5.1,震度１,32.36666667,141.04
2005/8/17,4:59:34,宮城県沖,38°20.6′N,141°36.9′E,55 km,3.4,震度１,38.34333333,141.615
2005/8/17,7:49:58,宮城県沖,38°12.3′N,142°08.5′E,42 km,4,震度１,38.205,142.1416667
2005/8/17,9:30:41,栃木県南部,36°25.1′N,139°47.7′E,90 km,4.1,震度２,36.41833333,139.795
2005/8/17,14:06:33,紀伊水道,33°46.3′N,135°01.9′E,38 km,3,震度１,33.77166667,135.0316667
2005/8/17,14:45:34,京都府南部,35°00.0′N,135°31.1′E,11 km,2.6,震度１,35,135.5183333
2005/8/17,17:35:17,大分県中部,33°18.2′N,131°23.0′E,9 km,2.6,震度１,33.30333333,131.3833333
2005/8/17,17:44:11,宮城県沖,38°23.3′N,142°07.2′E,37 km,3.4,震度１,38.38833333,142.12
2005/8/17,17:56:53,大分県中部,33°17.8′N,131°23.4′E,10 km,3.4,震度２,33.29666667,131.39
2005/8/17,19:36:38,八丈島東方沖,33°13.7′N,140°47.7′E,49 km,4.1,震度１,33.22833333,140.795
2005/8/17,22:36:08,青森県東方沖,40°49.0′N,143°22.3′E,28 km,4.8,震度１,40.81666667,143.3716667
2005/8/18,19:54:55,宮崎県北部山沿い,32°46.4′N,131°18.7′E,14 km,3.2,震度１,32.77333333,131.3116667
2005/8/19,10:56:10,大分県中部,33°18.2′N,131°23.1′E,10 km,2.6,震度１,33.30333333,131.385
2005/8/19,11:49:13,岐阜県飛騨地方,36°03.4′N,137°34.3′E,8 km,2.4,震度１,36.05666667,137.5716667
2005/8/19,18:19:03,浦河沖,42°01.5′N,142°34.9′E,62 km,3.7,震度１,42.025,142.5816667
2005/8/19,19:06:29,三重県南部,34°11.3′N,136°11.7′E,37 km,2.6,震度１,34.18833333,136.195
2005/8/20,6:04:06,新潟県中越地方,37°13.5′N,138°53.9′E,7 km,2.7,震度１,37.225,138.8983333
2005/8/20,12:18:05,大隅半島東方沖,31°08.7′N,131°20.9′E,29 km,2.8,震度１,31.145,131.3483333
2005/8/20,14:45:55,新潟県中越地方,37°23.2′N,138°55.9′E,13 km,2.8,震度１,37.38666667,138.9316667
2005/8/20,22:11:09,新潟県中越地方,37°12.5′N,138°48.7′E,9 km,3,震度２,37.20833333,138.8116667
2005/8/20,23:32:57,奄美大島北東沖,29°35.1′N,130°07.3′E,25 km,3.3,震度１,29.585,130.1216667
2005/8/21,11:29:30,新潟県中越地方,37°17.9′N,138°42.7′E,17 km,5,震度５強,37.29833333,138.7116667
2005/8/21,11:34:35,新潟県中越地方,37°17.2′N,138°42.9′E,16 km,2.8,震度２,37.28666667,138.715
2005/8/21,16:43:02,新潟県中越地方,37°17.1′N,138°42.7′E,16 km,3.4,震度３,37.285,138.7116667
2005/8/21,18:35:15,新潟県中越地方,37°17.3′N,138°42.9′E,16 km,2.3,震度１,37.28833333,138.715
2005/8/22,0:24:41,宮城県北部,38°58.0′N,141°38.0′E,73 km,3.7,震度３,38.96666667,141.6333333
2005/8/22,2:27:42,新潟県中越地方,37°17.0′N,138°42.6′E,16 km,3.3,震度２,37.28333333,138.71
2005/8/22,5:50:24,新潟県中越地方,37°17.0′N,138°42.3′E,16 km,3.2,震度２,37.28333333,138.705
2005/8/22,9:33:04,新潟県中越地方,37°16.9′N,138°42.0′E,16 km,2.9,震度２,37.28166667,138.7
2005/8/22,10:48:11,新潟県中越地方,37°18.2′N,138°43.7′E,15 km,2.9,震度２,37.30333333,138.7283333
2005/8/22,14:54:57,新潟県中越地方,37°17.1′N,138°42.4′E,17 km,3.2,震度２,37.285,138.7066667
2005/8/22,15:14:34,新潟県中越地方,37°17.4′N,138°42.6′E,16 km,2.5,震度１,37.29,138.71
2005/8/22,21:46:23,宮城県沖,38°05.1′N,141°54.7′E,45 km,4,震度１,38.085,141.9116667
2005/8/23,1:19:57,沖縄本島近海,26°25.4′N,127°01.9′E,64 km,3.4,震度１,26.42333333,127.0316667
2005/8/23,21:13:48,苫小牧沖,41°38.0′N,141°21.8′E,95 km,3.5,震度１,41.63333333,141.3633333
2005/8/23,22:13:21,新潟県中越地方,37°18.1′N,138°43.4′E,16 km,2.3,震度１,37.30166667,138.7233333
2005/8/24,2:11:55,岐阜県飛騨地方,36°03.4′N,137°34.3′E,8 km,2.1,震度１,36.05666667,137.5716667
2005/8/24,19:15:30,三陸沖,38°26.6′N,143°05.1′E,14 km,6.3,震度３,38.44333333,143.085
2005/8/24,23:52:23,三陸沖,38°27.7′N,143°24.8′E,17 km,4.9,震度１,38.46166667,143.4133333
2005/8/26,0:57:38,三陸沖,38°28.7′N,143°20.7′E,15 km,4.9,震度１,38.47833333,143.345
2005/8/26,6:02:24,静岡県西部,34°49.9′N,138°02.6′E,30 km,3.1,震度１,34.83166667,138.0433333
2005/8/26,7:28:53,福島県沖,37°39.8′N,143°35.2′E,10 km,5.4,震度２,37.66333333,143.5866667
2005/8/27,3:50:46,三陸沖,38°32.0′N,143°19.1′E,24 km,5,震度１,38.53333333,143.3183333
2005/8/27,9:51:44,熊本県熊本地方,33°02.3′N,130°57.7′E,12 km,3.3,震度２,33.03833333,130.9616667
2005/8/27,15:46:43,北海道東方沖,43°21.3′N,146°51.0′E,48 km,4.7,震度２,43.355,146.85
2005/8/28,0:44:12,新島・神津島近海,34°19.4′N,139°10.4′E,5 km,1.8,震度１,34.32333333,139.1733333
2005/8/28,13:58:32,新島・神津島近海,34°13.8′N,139°11.6′E,12 km,2.5,震度１,34.23,139.1933333
2005/8/29,4:18:20,静岡県伊豆地方,34°57.6′N,139°05.1′E,3 km,2.9,震度１,34.96,139.085
2005/8/29,13:50:47,根室半島南東沖,42°59.9′N,146°02.6′E,33 km,4.2,震度１,42.99833333,146.0433333
2005/8/29,16:40:48,宮城県北部,38°49.5′N,141°34.8′E,75 km,3.3,震度１,38.825,141.58
2005/8/29,16:41:41,宮城県北部,38°49.4′N,141°34.8′E,75 km,3.9,震度２,38.82333333,141.58
2005/8/29,16:47:06,宮城県北部,38°49.3′N,141°34.6′E,75 km,3.4,震度１,38.82166667,141.5766667
2005/8/29,22:29:43,千葉県南東沖,34°46.5′N,141°10.2′E,41 km,3.8,震度１,34.775,141.17
2005/8/30,1:15:26,釧路地方中南部,43°06.3′N,144°35.3′E,77 km,4.5,震度２,43.105,144.5883333
2005/8/30,12:27:01,石川県加賀地方,36°10.0′N,136°45.8′E,2 km,2.8,震度１,36.16666667,136.7633333
2005/8/31,2:48:22,三陸沖,38°26.4′N,143°20.5′E,27 km,4.9,震度１,38.44,143.3416667
2005/8/31,3:10:40,三陸沖,38°24.6′N,143°28.8′E,22 km,6.3,震度３,38.41,143.48
2005/8/31,3:14:00,三陸沖,38°29.7′N,143°12.0′E,23 km,4.9,震度１,38.495,143.2
2005/8/31,4:48:58,三宅島近海,34°03.7′N,139°23.5′E,16 km,2.7,震度１,34.06166667,139.3916667
2005/8/31,6:32:28,新島・神津島近海,34°22.3′N,139°13.6′E,10 km,2.1,震度１,34.37166667,139.2266667
2005/8/31,6:34:29,新島・神津島近海,34°22.1′N,139°13.8′E,11 km,2,震度１,34.36833333,139.23
2005/8/31,7:55:41,紀伊水道,34°09.1′N,135°04.2′E,8 km,3.1,震度１,34.15166667,135.07
2005/9/1,4:05:10,種子島南東沖,29°23.3′N,132°03.9′E,66 km,4.7,震度１,29.38833333,132.065
2005/9/1,19:33:25,千葉県北西部,35°38.1′N,140°03.6′E,70 km,3.1,震度１,35.635,140.06
2005/9/2,8:39:49,宮城県沖,38°50.3′N,141°38.3′E,66 km,2.9,震度１,38.83833333,141.6383333
2005/9/2,23:26:34,三陸沖,38°22.6′N,143°15.8′E,30 km,4.8,震度１,38.37666667,143.2633333
2005/9/3,1:24:43,青森県東方沖,41°28.8′N,141°58.5′E,64 km,4.9,震度２,41.48,141.975
2005/9/3,5:08:59,福島県沖,37°09.1′N,142°16.1′E,21 km,4.4,震度１,37.15166667,142.2683333
2005/9/3,6:54:59,宮城県中部,38°24.3′N,141°11.1′E,11 km,2,震度１,38.405,141.185
2005/9/3,7:29:00,三陸沖,38°20.6′N,143°18.6′E,32 km,4.8,震度１,38.34333333,143.31
2005/9/3,17:53:41,三宅島近海,34°05.1′N,139°31.2′E,0 km,2.4,震度１,34.085,139.52
2005/9/4,5:38:37,長野県中部,36°24.2′N,138°02.8′E,5 km,3.3,震度２,36.40333333,138.0466667
2005/9/4,5:44:45,長野県中部,36°24.3′N,138°02.9′E,5 km,2.4,震度１,36.405,138.0483333
2005/9/4,7:08:44,天草灘,32°16.8′N,129°44.0′E,11 km,3,震度１,32.28,129.7333333
2005/9/4,11:55:26,福岡県北西沖,33°40.9′N,130°17.0′E,6 km,2.1,震度１,33.68166667,130.2833333
2005/9/4,13:01:03,新潟県中越地方,36°47.9′N,138°46.3′E,5 km,2.9,震度２,36.79833333,138.7716667
2005/9/4,13:05:21,新潟県中越地方,36°47.9′N,138°46.4′E,5 km,3.3,震度２,36.79833333,138.7733333
2005/9/4,19:06:24,伊予灘,33°30.2′N,132°05.7′E,54 km,4.3,震度３,33.50333333,132.095
2005/9/4,21:18:04,伊豆大島近海,34°48.3′N,139°14.7′E,11 km,2.6,震度１,34.805,139.245
2005/9/5,7:05:39,新島・神津島近海,34°21.2′N,139°08.5′E,0 km,1.7,震度１,34.35333333,139.1416667
2005/9/5,14:42:04,種子島南東沖,30°26.5′N,131°23.2′E,24 km,4.6,震度１,30.44166667,131.3866667
2005/9/5,18:00:18,網走地方,43°44.7′N,144°43.7′E,0 km,2.4,震度１,43.745,144.7283333
2005/9/6,1:17:46,トカラ列島近海,29°50.5′N,129°20.8′E,212 km,4.9,震度１,29.84166667,129.3466667
2005/9/6,2:51:49,宮古島北西沖,25°46.8′N,124°49.3′E,116 km,5.2,震度１,25.78,124.8216667
2005/9/6,9:21:44,新島・神津島近海,34°21.8′N,139°10.0′E,8 km,3.4,震度３,34.36333333,139.1666667
2005/9/6,10:16:02,台湾付近,23°54.8′N,122°17.2′E,14 km,6,震度１,23.91333333,122.2866667
2005/9/6,18:13:09,宮城県沖,38°16.9′N,141°54.9′E,45 km,4.1,震度２,38.28166667,141.915
2005/9/6,19:19:10,沖縄本島近海,26°14.6′N,127°47.5′E,5 km,3,震度２,26.24333333,127.7916667
2005/9/7,13:23:12,茨城県南部,36°05.4′N,139°53.7′E,49 km,4.1,震度２,36.09,139.895
2005/9/7,20:31:45,岐阜県飛騨地方,36°02.3′N,137°21.7′E,11 km,3,震度１,36.03833333,137.3616667
2005/9/8,21:23:05,福岡県北西沖,33°43.1′N,130°13.4′E,8 km,2.8,震度２,33.71833333,130.2233333
2005/9/8,23:21:26,兵庫県南西部,34°56.4′N,134°47.5′E,17 km,3,震度１,34.94,134.7916667
2005/9/9,14:15:04,福岡県北西沖,33°41.6′N,130°16.4′E,6 km,2.5,震度１,33.69333333,130.2733333
2005/9/9,15:42:14,新潟県中越地方,37°09.9′N,138°51.9′E,8 km,3.7,震度３,37.165,138.865
2005/9/9,16:15:27,千葉県東方沖,35°35.4′N,140°56.8′E,38 km,5,震度２,35.59,140.9466667
2005/9/10,7:23:53,福井県嶺北,35°55.0′N,136°35.6′E,11 km,2.9,震度１,35.91666667,136.5933333
2005/9/10,19:25:48,秋田県内陸南部,39°04.1′N,140°34.8′E,8 km,3,震度２,39.06833333,140.58
2005/9/11,0:35:56,伊予灘,33°43.7′N,131°54.0′E,73 km,3.4,震度１,33.72833333,131.9
2005/9/11,5:06:51,福島県沖,37°03.8′N,141°10.4′E,50 km,4.5,震度３,37.06333333,141.1733333
2005/9/11,18:47:10,岩手県内陸北部,39°51.7′N,141°28.4′E,76 km,3.6,震度２,39.86166667,141.4733333
2005/9/12,4:28:33,宮城県沖,38°09.6′N,142°11.1′E,42 km,4.7,震度２,38.16,142.185
2005/9/12,18:35:09,和歌山県南方沖,33°20.6′N,135°44.5′E,25 km,4.2,震度２,33.34333333,135.7416667
2005/9/12,20:18:49,福岡県北西沖,33°46.6′N,130°06.3′E,12 km,4.1,震度２,33.77666667,130.105
2005/9/12,21:45:36,新潟県中越地方,37°14.3′N,138°35.0′E,14 km,3.1,震度２,37.23833333,138.5833333
2005/9/12,22:35:43,群馬県南部,36°12.2′N,139°00.7′E,126 km,3.7,震度２,36.20333333,139.0116667
2005/9/12,23:34:29,青森県東方沖,40°53.9′N,141°47.2′E,69 km,3.1,震度１,40.89833333,141.7866667
2005/9/13,17:01:50,福岡県北西沖,33°41.8′N,130°16.2′E,15 km,3.5,震度２,33.69666667,130.27
2005/9/13,23:00:41,福岡県北西沖,33°41.8′N,130°15.4′E,4 km,2.3,震度２,33.69666667,130.2566667
2005/9/13,23:23:55,広島県北部,34°56.6′N,132°49.9′E,5 km,2.9,震度２,34.94333333,132.8316667
2005/9/14,7:33:20,福岡県北西沖,33°41.8′N,130°15.4′E,4 km,1.7,震度１,33.69666667,130.2566667
2005/9/14,7:47:21,山梨県中・西部,35°29.8′N,138°16.2′E,16 km,3.2,震度１,35.49666667,138.27
2005/9/14,11:54:00,岐阜県飛騨地方,35°53.0′N,137°15.8′E,9 km,3,震度２,35.88333333,137.2633333
2005/9/14,19:26:35,沖縄本島近海,26°33.1′N,128°46.4′E,25 km,4.8,震度１,26.55166667,128.7733333
2005/9/15,8:05:12,沖縄本島近海,26°06.2′N,127°43.9′E,45 km,4.2,震度２,26.10333333,127.7316667
2005/9/15,8:14:36,沖縄本島近海,26°06.3′N,127°44.1′E,44 km,3.1,震度１,26.105,127.735
2005/9/15,15:06:09,東京湾,35°09.4′N,139°46.4′E,98 km,3.3,震度１,35.15666667,139.7733333
2005/9/15,22:58:05,岐阜県飛騨地方,35°53.0′N,137°15.8′E,9 km,2.9,震度１,35.88333333,137.2633333
2005/9/16,8:00:06,茨城県北部,36°28.4′N,140°31.5′E,58 km,3.5,震度１,36.47333333,140.525
2005/9/17,8:13:16,岐阜県美濃中西部,35°28.9′N,136°47.8′E,16 km,2.7,震度１,35.48166667,136.7966667
2005/9/17,11:57:54,宮城県中部,38°24.8′N,141°10.7′E,11 km,2.1,震度１,38.41333333,141.1783333
2005/9/18,3:59:04,宮古島近海,25°00.9′N,125°38.0′E,52 km,4.3,震度１,25.015,125.6333333
2005/9/19,4:22:58,和歌山県北部,34°05.1′N,135°14.2′E,6 km,3,震度１,34.085,135.2366667
2005/9/19,4:55:24,熊本県天草・芦北地方,32°30.7′N,130°33.3′E,11 km,2.8,震度１,32.51166667,130.555
2005/9/20,7:42:26,和歌山県北部,34°14.9′N,135°25.5′E,8 km,2,震度１,34.24833333,135.425
2005/9/20,13:22:42,沖縄本島北西沖,26°56.1′N,125°44.3′E,180 km,5.1,震度１,26.935,125.7383333
2005/9/20,13:44:41,和歌山県北部,34°05.1′N,135°14.2′E,6 km,2.5,震度１,34.085,135.2366667
2005/9/20,18:29:32,三陸沖,37°54.6′N,142°48.7′E,30 km,4.8,震度１,37.91,142.8116667
2005/9/20,20:39:47,千葉県北西部,35°35.9′N,140°07.6′E,72 km,4.3,震度３,35.59833333,140.1266667
2005/9/20,23:59:47,長野県南部,35°51.5′N,137°35.4′E,5 km,2.2,震度１,35.85833333,137.59
2005/9/21,11:25:09,国後島付近,43°42.5′N,146°23.8′E,103 km,6,震度４,43.70833333,146.3966667
2005/9/22,4:34:40,宮城県北部,38°27.9′N,141°08.7′E,13 km,2.9,震度１,38.465,141.145
2005/9/22,5:22:29,青森県東方沖,40°41.8′N,142°36.2′E,29 km,4.2,震度１,40.69666667,142.6033333
2005/9/23,2:47:22,房総半島南方沖,33°54.9′N,140°18.8′E,73 km,3.6,震度１,33.915,140.3133333
2005/9/23,6:21:31,沖縄本島近海,26°22.6′N,129°44.7′E,46 km,4.7,震度１,26.37666667,129.745
2005/9/23,6:45:09,茨城県北部,36°27.9′N,140°30.6′E,58 km,3.2,震度１,36.465,140.51
2005/9/24,0:37:02,大阪府北部,34°56.0′N,135°31.7′E,13 km,2.5,震度１,34.93333333,135.5283333
2005/9/24,6:04:20,日向灘,31°32.8′N,131°51.9′E,24 km,3.7,震度１,31.54666667,131.865
2005/9/24,9:43:24,根室半島南東沖,43°10.0′N,145°34.9′E,51 km,4,震度１,43.16666667,145.5816667
2005/9/24,15:07:23,福島県会津,37°20.3′N,139°47.4′E,6 km,2.9,震度１,37.33833333,139.79
2005/9/24,23:15:32,十勝地方南部,42°22.6′N,143°02.4′E,52 km,3.4,震度１,42.37666667,143.04
2005/9/24,23:48:43,関東東方沖,34°16.5′N,141°12.4′E,43 km,5.2,震度１,34.275,141.2066667
2005/9/25,18:43:07,山梨県東部・富士五湖,35°28.6′N,138°59.7′E,26 km,2.7,震度１,35.47666667,138.995
2005/9/27,0:24:09,宮城県沖,38°28.5′N,142°03.4′E,42 km,3.7,震度１,38.475,142.0566667
2005/9/27,6:13:38,岩手県内陸北部,40°09.2′N,141°10.5′E,10 km,2.9,震度２,40.15333333,141.175
2005/9/27,15:54:36,和歌山県北部,34°05.0′N,135°08.9′E,6 km,2.8,震度２,34.08333333,135.1483333
2005/9/27,23:38:20,新島・神津島近海,34°18.4′N,139°09.2′E,0 km,1.6,震度１,34.30666667,139.1533333
2005/9/28,6:50:08,和歌山県南部,33°32.2′N,135°34.4′E,11 km,2.9,震度１,33.53666667,135.5733333
2005/9/28,17:24:06,茨城県沖,36°41.8′N,141°07.7′E,46 km,3.7,震度１,36.69666667,141.1283333
2005/9/28,20:20:01,秋田県内陸南部,39°15.3′N,140°21.6′E,150 km,4.8,震度２,39.255,140.36
2005/9/28,23:44:07,東京湾,35°03.8′N,139°38.5′E,43 km,3.4,震度２,35.06333333,139.6416667
2005/9/29,1:31:19,新島・神津島近海,34°20.9′N,139°08.5′E,0 km,1.9,震度２,34.34833333,139.1416667
2005/9/29,6:51:48,岩手県内陸北部,40°09.3′N,141°10.5′E,10 km,3.4,震度２,40.155,141.175
2005/9/29,19:30:38,宮城県北部,38°49.6′N,141°34.8′E,75 km,3.6,震度１,38.82666667,141.58
2005/9/30,18:23:40,長野県南部,35°48.3′N,137°27.4′E,8 km,2.4,震度１,35.805,137.4566667
2005/10/1,12:00:20,千葉県北西部,35°37.6′N,140°08.3′E,70 km,3.9,震度２,35.62666667,140.1383333
2005/10/1,14:06:35,千葉県東方沖,35°26.2′N,140°28.7′E,64 km,4,震度２,35.43666667,140.4783333
2005/10/1,22:00:25,沖縄本島近海,26°02.3′N,127°17.5′E,44 km,4.3,震度２,26.03833333,127.2916667
2005/10/2,0:29:25,福岡県筑豊地方,33°30.1′N,130°46.5′E,10 km,2.8,震度２,33.50166667,130.775
2005/10/2,13:03:55,新潟県中越地方,37°10.1′N,138°42.1′E,13 km,2.5,震度１,37.16833333,138.7016667
2005/10/2,15:07:00,茨城県沖,36°31.9′N,140°58.0′E,53 km,3.6,震度１,36.53166667,140.9666667
2005/10/3,13:59:07,石川県加賀地方,36°09.1′N,136°45.7′E,1 km,4.5,震度２,36.15166667,136.7616667
2005/10/3,14:44:43,福島県会津,37°26.1′N,139°41.3′E,5 km,1.8,震度１,37.435,139.6883333
2005/10/3,16:26:03,浦河沖,41°59.1′N,142°31.2′E,65 km,4.2,震度３,41.985,142.52
2005/10/3,18:57:56,新潟県中越地方,37°16.8′N,138°52.3′E,11 km,2.7,震度１,37.28,138.8716667
2005/10/4,2:38:38,茨城県沖,36°42.5′N,141°08.5′E,46 km,3.6,震度１,36.70833333,141.1416667
2005/10/5,1:07:38,宮城県北部,38°50.6′N,140°39.4′E,3 km,1.9,震度１,38.84333333,140.6566667
2005/10/5,8:03:32,十勝地方中部,42°55.9′N,143°40.6′E,85 km,3.4,震度１,42.93166667,143.6766667
2005/10/5,11:45:02,三宅島近海,34°04.3′N,139°30.5′E,0 km,2.1,震度１,34.07166667,139.5083333
2005/10/6,7:40:10,三宅島近海,34°05.2′N,139°30.9′E,0 km,1.9,震度１,34.08666667,139.515
2005/10/6,10:51:34,与那国島近海,24°21.1′N,122°59.0′E,49 km,4.2,震度１,24.35166667,122.9833333
2005/10/6,12:40:48,新潟県中越地方,37°10.1′N,138°42.1′E,13 km,3.4,震度２,37.16833333,138.7016667
2005/10/6,16:43:04,新潟県中越地方,37°10.3′N,138°42.3′E,14 km,2.7,震度１,37.17166667,138.705
2005/10/6,21:12:25,滋賀県南部,34°54.9′N,136°16.6′E,11 km,3.1,震度２,34.915,136.2766667
2005/10/6,21:13:00,山形県村山地方,38°22.2′N,139°58.7′E,6 km,3.4,震度１,38.37,139.9783333
2005/10/7,16:36:19,秋田県沖,40°19.3′N,139°09.6′E,34 km,4.4,震度２,40.32166667,139.16
2005/10/8,8:16:50,和歌山県北部,34°01.4′N,135°18.4′E,6 km,3.4,震度１,34.02333333,135.3066667
2005/10/9,1:34:11,徳島県南部,33°44.7′N,134°10.8′E,6 km,2,震度１,33.745,134.18
2005/10/9,3:29:10,長野県北部,36°56.7′N,138°30.6′E,4 km,3,震度２,36.945,138.51
2005/10/9,11:10:27,和歌山県北部,34°12.6′N,135°14.6′E,4 km,2.4,震度２,34.21,135.2433333
2005/10/9,18:14:21,宮城県沖,38°46.9′N,141°37.6′E,70 km,4.2,震度３,38.78166667,141.6266667
2005/10/9,21:43:10,新潟県中越地方,37°10.3′N,138°42.5′E,13 km,2.4,震度１,37.17166667,138.7083333
2005/10/10,1:18:24,宮古島近海,25°00.3′N,125°36.5′E,53 km,3.5,震度１,25.005,125.6083333
2005/10/10,2:11:33,新潟県中越地方,37°23.9′N,138°56.6′E,10 km,2.7,震度１,37.39833333,138.9433333
2005/10/10,2:45:30,父島近海,26°26.3′N,141°59.6′E,49 km,4.8,震度１,26.43833333,141.9933333
2005/10/10,12:01:39,宮城県中部,38°23.3′N,141°09.3′E,12 km,3,震度３,38.38833333,141.155
2005/10/11,11:52:49,和歌山県北部,33°58.8′N,135°27.2′E,57 km,3.2,震度１,33.98,135.4533333
2005/10/11,13:36:26,和歌山県北部,34°10.3′N,135°17.7′E,6 km,2.4,震度１,34.17166667,135.295
2005/10/12,11:58:42,和歌山県北部,34°08.4′N,135°34.6′E,62 km,2.5,震度１,34.14,135.5766667
2005/10/12,13:30:14,宮城県沖,37°54.7′N,141°52.1′E,43 km,4.7,震度２,37.91166667,141.8683333
2005/10/13,14:28:49,長野県南部,35°55.8′N,137°39.8′E,10 km,2.8,震度２,35.93,137.6633333
2005/10/13,18:17:14,宮城県中部,38°23.4′N,141°09.5′E,10 km,1.7,震度１,38.39,141.1583333
2005/10/14,7:00:56,兵庫県南西部,34°57.3′N,134°21.9′E,17 km,2.9,震度１,34.955,134.365
2005/10/14,8:53:18,新潟県中越地方,37°18.4′N,138°53.3′E,13 km,2.2,震度１,37.30666667,138.8883333
2005/10/14,14:35:34,新潟県中越地方,37°20.0′N,138°57.7′E,13 km,3.1,震度１,37.33333333,138.9616667
2005/10/14,18:06:49,宮城県沖,38°48.9′N,141°34.8′E,72 km,3.2,震度１,38.815,141.58
2005/10/14,23:48:49,岩手県沖,39°16.4′N,142°10.7′E,50 km,3.5,震度１,39.27333333,142.1783333
2005/10/15,6:32:51,熊本県熊本地方,33°00.6′N,130°52.4′E,11 km,2.9,震度２,33.01,130.8733333
2005/10/15,7:50:17,熊本県熊本地方,32°58.2′N,130°46.0′E,12 km,2.6,震度１,32.97,130.7666667
2005/10/15,19:06:16,千島列島東方,46°49.3′N,154°17.3′E,30 km,6.4,震度１,46.82166667,154.2883333
2005/10/15,23:29:41,西表島付近,24°16.9′N,123°28.3′E,47 km,4.2,震度１,24.28166667,123.4716667
2005/10/16,0:51:07,石垣島北西沖,25°21.1′N,123°24.2′E,175 km,6.5,震度３,25.35166667,123.4033333
2005/10/16,1:52:35,青森県東方沖,41°25.6′N,141°45.1′E,68 km,3.4,震度１,41.42666667,141.7516667
2005/10/16,16:05:43,茨城県南部,36°02.3′N,139°56.2′E,47 km,5.1,震度４,36.03833333,139.9366667
2005/10/17,7:22:36,豊後水道,32°58.4′N,132°15.2′E,34 km,2.9,震度１,32.97333333,132.2533333
2005/10/18,1:13:41,青森県西方沖,40°44.9′N,139°09.3′E,12 km,5.4,震度２,40.74833333,139.155
2005/10/18,1:15:14,青森県西方沖,40°46.8′N,139°07.1′E,14 km,5.3,震度３,40.78,139.1183333
2005/10/18,1:44:26,和歌山県北部,34°09.2′N,135°14.9′E,3 km,2,震度１,34.15333333,135.2483333
2005/10/18,3:48:26,宮城県沖,37°56.0′N,141°54.6′E,43 km,4.8,震度２,37.93333333,141.91
2005/10/18,7:35:24,新潟県中越地方,37°24.2′N,138°56.6′E,10 km,2.4,震度１,37.40333333,138.9433333
2005/10/18,19:08:25,和歌山県北部,34°02.2′N,135°15.9′E,4 km,2.2,震度１,34.03666667,135.265
2005/10/19,15:24:49,福岡県北西沖,33°41.8′N,130°16.5′E,13 km,3.1,震度１,33.69666667,130.275
2005/10/19,20:44:43,茨城県沖,36°22.9′N,141°02.5′E,48 km,6.3,震度５弱,36.38166667,141.0416667
2005/10/20,1:30:58,新潟県中越地方,37°09.9′N,138°43.8′E,9 km,2.5,震度１,37.165,138.73
2005/10/20,2:52:11,埼玉県北部,36°08.0′N,139°34.7′E,64 km,2.7,震度１,36.13333333,139.5783333
2005/10/20,5:29:48,福岡県北西沖,33°42.9′N,130°15.6′E,11 km,2.9,震度１,33.715,130.26
2005/10/20,10:24:29,北海道南西沖,41°59.1′N,139°50.9′E,13 km,3.8,震度２,41.985,139.8483333
2005/10/20,20:05:56,岩手県沿岸北部,39°37.9′N,142°01.4′E,85 km,3.7,震度１,39.63166667,142.0233333
2005/10/20,21:00:35,長野県南部,35°46.6′N,138°13.0′E,8 km,2.7,震度１,35.77666667,138.2166667
2005/10/21,0:36:54,岐阜県飛騨地方,36°03.4′N,137°34.3′E,8 km,2.6,震度２,36.05666667,137.5716667
2005/10/21,9:11:15,根室半島南東沖,43°06.1′N,146°46.9′E,61 km,4.5,震度１,43.10166667,146.7816667
2005/10/21,11:20:13,福岡県北西沖,33°42.7′N,130°12.1′E,6 km,2.8,震度２,33.71166667,130.2016667
2005/10/21,15:27:35,岩手県沖,39°59.6′N,142°04.6′E,40 km,3.9,震度２,39.99333333,142.0766667
2005/10/22,22:12:47,福島県沖,37°04.7′N,141°07.2′E,52 km,5.6,震度４,37.07833333,141.12
2005/10/23,19:08:14,日本海中部,37°21.1′N,134°45.3′E,411 km,6.1,震度２,37.35166667,134.755
2005/10/24,13:53:12,四国沖,33°24.8′N,134°44.9′E,35 km,3.5,震度１,33.41333333,134.7483333
2005/10/24,18:34:53,宮城県沖,38°29.7′N,142°07.3′E,39 km,4.8,震度３,38.495,142.1216667
2005/10/24,21:40:29,新潟県中越地方,37°20.0′N,138°53.3′E,13 km,3.1,震度２,37.33333333,138.8883333
2005/10/24,22:11:01,新潟県中越地方,37°19.9′N,138°53.0′E,13 km,2.7,震度１,37.33166667,138.8833333
2005/10/25,22:28:01,奄美大島近海,28°41.2′N,129°37.9′E,20 km,4.4,震度１,28.68666667,129.6316667
2005/10/26,8:19:09,奄美大島近海,28°06.7′N,129°28.6′E,34 km,3.8,震度１,28.11166667,129.4766667
2005/10/27,7:26:23,奄美大島近海,28°41.2′N,129°38.8′E,21 km,3.7,震度１,28.68666667,129.6466667
2005/10/28,1:52:50,新潟県下越地方,37°31.1′N,139°19.7′E,6 km,3.2,震度１,37.51833333,139.3283333
2005/10/28,9:15:42,和歌山県北部,34°20.5′N,135°29.3′E,9 km,2.3,震度１,34.34166667,135.4883333
2005/10/28,20:00:02,茨城県南部,36°18.6′N,140°01.1′E,73 km,3.7,震度２,36.31,140.0183333
2005/10/28,20:33:48,空知地方中部,43°36.3′N,141°57.8′E,14 km,2,震度１,43.605,141.9633333
2005/10/29,3:06:14,三宅島近海,34°03.4′N,139°30.4′E,9 km,1.9,震度１,34.05666667,139.5066667
2005/10/29,4:26:28,新潟県中越地方,37°16.8′N,138°53.3′E,10 km,3,震度２,37.28,138.8883333
2005/10/29,8:39:42,根室半島南東沖,43°03.6′N,145°39.7′E,48 km,4.7,震度２,43.06,145.6616667
2005/10/29,18:07:18,奈良県,34°41.1′N,135°53.2′E,13 km,2.5,震度１,34.685,135.8866667
2005/10/30,7:19:38,千葉県北西部,35°39.1′N,140°02.3′E,70 km,3.1,震度１,35.65166667,140.0383333
2005/10/30,21:11:36,長野県南部,35°53.5′N,137°37.8′E,6 km,2.3,震度１,35.89166667,137.63
2005/10/31,1:04:49,石川県能登地方,36°58.9′N,137°01.9′E,4 km,2.4,震度１,36.98166667,137.0316667
2005/10/31,2:31:58,茨城県南部,36°07.8′N,139°50.1′E,51 km,4.2,震度３,36.13,139.835
2005/10/31,4:12:06,宮城県沖,38°34.6′N,141°38.8′E,62 km,3.4,震度１,38.57666667,141.6466667
2005/10/31,10:04:23,愛知県西部,35°22.5′N,136°52.6′E,7 km,2.8,震度１,35.375,136.8766667
2005/11/1,3:52:39,茨城県沖,36°44.9′N,141°18.4′E,48 km,3.9,震度１,36.74833333,141.3066667
2005/11/1,6:51:55,岩手県沿岸北部,39°51.8′N,141°44.5′E,70 km,4.1,震度３,39.86333333,141.7416667
2005/11/1,8:05:13,宮古島近海,24°17.9′N,125°14.9′E,39 km,4.1,震度１,24.29833333,125.2483333
2005/11/1,11:01:09,秋田県内陸南部,39°04.0′N,140°48.8′E,9 km,4.6,震度３,39.06666667,140.8133333
2005/11/1,12:47:38,紀伊水道,33°49.4′N,135°05.0′E,45 km,4.3,震度４,33.82333333,135.0833333
2005/11/1,13:57:27,紀伊水道,33°49.6′N,135°05.3′E,44 km,3.5,震度２,33.82666667,135.0883333
2005/11/1,16:23:39,トカラ列島近海,29°59.6′N,130°26.0′E,51 km,4.5,震度１,29.99333333,130.4333333
2005/11/2,1:09:00,福島県沖,37°42.2′N,144°38.0′E,61 km,5.2,震度１,37.70333333,144.6333333
2005/11/2,3:44:01,岩手県沿岸北部,39°51.9′N,141°44.8′E,70 km,3.1,震度１,39.865,141.7466667
2005/11/2,7:17:20,茨城県南部,36°05.3′N,140°00.6′E,66 km,3.7,震度１,36.08833333,140.01
2005/11/2,10:37:56,岩手県内陸南部,39°24.1′N,141°10.7′E,94 km,4.1,震度２,39.40166667,141.1783333
2005/11/2,19:05:41,奄美大島近海,28°08.0′N,130°13.1′E,26 km,4,震度２,28.13333333,130.2183333
2005/11/2,20:33:09,浦河沖,41°59.8′N,142°30.2′E,63 km,3.7,震度１,41.99666667,142.5033333
2005/11/3,5:06:05,福島県会津,37°23.8′N,139°44.8′E,4 km,3.5,震度２,37.39666667,139.7466667
2005/11/3,21:06:18,福島県会津,37°23.8′N,139°44.7′E,4 km,2.2,震度１,37.39666667,139.745
2005/11/4,0:23:32,京都府南部,35°07.4′N,135°25.0′E,13 km,2.9,震度１,35.12333333,135.4166667
2005/11/4,1:01:55,新潟県上中越沖,37°26.2′N,138°28.6′E,28 km,4.8,震度４,37.43666667,138.4766667
2005/11/4,6:00:06,新潟県中越地方,37°10.3′N,138°42.7′E,13 km,2.5,震度１,37.17166667,138.7116667
2005/11/5,3:59:00,岩手県沖,40°22.7′N,141°57.1′E,44 km,3.2,震度１,40.37833333,141.9516667
2005/11/6,12:48:01,茨城県南部,36°02.5′N,139°55.7′E,44 km,3,震度１,36.04166667,139.9283333
2005/11/6,18:51:45,茨城県沖,36°21.6′N,141°01.1′E,47 km,3.6,震度１,36.36,141.0183333
2005/11/7,17:35:47,大隅半島東方沖,31°15.8′N,131°37.5′E,26 km,4,震度１,31.26333333,131.625
2005/11/7,19:35:49,岩手県沖,40°05.9′N,142°49.2′E,24 km,4.9,震度２,40.09833333,142.82
2005/11/8,2:45:49,新潟県中越地方,37°10.4′N,138°42.2′E,14 km,3,震度２,37.17333333,138.7033333
2005/11/8,14:08:14,釧路沖,42°35.9′N,144°24.3′E,62 km,4.4,震度２,42.59833333,144.405
2005/11/8,14:27:42,静岡県西部,34°42.7′N,137°59.1′E,0 km,1.7,震度１,34.71166667,137.985
2005/11/8,19:19:10,群馬県南部,36°01.8′N,138°41.3′E,5 km,2.5,震度１,36.03,138.6883333
2005/11/9,10:20:10,和歌山県南部,33°40.3′N,135°28.2′E,38 km,3.6,震度１,33.67166667,135.47
2005/11/9,12:53:36,父島近海,28°11.9′N,142°11.9′E,41 km,4.5,震度１,28.19833333,142.1983333
2005/11/9,16:20:36,奄美大島近海,28°01.7′N,129°02.3′E,10 km,4,震度２,28.02833333,129.0383333
2005/11/11,16:40:36,京都府南部,35°18.5′N,135°46.5′E,6 km,3.4,震度２,35.30833333,135.775
2005/11/12,5:04:17,津軽海峡,41°33.4′N,141°05.1′E,11 km,2.8,震度１,41.55666667,141.085
2005/11/12,5:41:18,福岡県北西沖,33°44.2′N,130°10.9′E,15 km,3.7,震度２,33.73666667,130.1816667
2005/11/12,5:42:16,福岡県北西沖,33°44.1′N,130°10.9′E,15 km,3.1,震度１,33.735,130.1816667
2005/11/12,6:02:07,茨城県沖,36°29.0′N,140°51.3′E,57 km,4.6,震度３,36.48333333,140.855
2005/11/12,6:49:14,八丈島東方沖,33°29.5′N,140°56.2′E,63 km,4.2,震度１,33.49166667,140.9366667
2005/11/12,8:33:02,千葉県南部,35°04.2′N,139°54.9′E,94 km,3.3,震度１,35.07,139.915
2005/11/12,9:51:29,十勝沖,42°14.9′N,144°22.8′E,59 km,4.4,震度１,42.24833333,144.38
2005/11/12,13:14:02,福島県沖,37°19.8′N,141°49.7′E,41 km,4.4,震度１,37.33,141.8283333
2005/11/13,9:25:35,岩手県沿岸北部,39°36.8′N,142°00.8′E,56 km,4.3,震度３,39.61333333,142.0133333
2005/11/14,6:16:25,和歌山県北部,34°11.1′N,135°10.1′E,6 km,2.2,震度１,34.185,135.1683333
2005/11/15,0:56:49,浦河沖,42°02.0′N,142°35.0′E,63 km,3.7,震度１,42.03333333,142.5833333
2005/11/15,2:35:10,日高地方東部,42°13.9′N,142°55.1′E,54 km,4,震度１,42.23166667,142.9183333
2005/11/15,6:38:51,三陸沖,38°01.6′N,144°56.6′E,45 km,7.2,震度３,38.02666667,144.9433333
2005/11/15,7:10:26,宮城県沖,38°16.8′N,141°54.6′E,45 km,3.7,震度１,38.28,141.91
2005/11/16,6:17:58,茨城県沖,36°18.5′N,141°03.9′E,48 km,4.8,震度２,36.30833333,141.065
2005/11/16,13:12:16,浦河沖,41°53.9′N,142°57.3′E,44 km,3.7,震度１,41.89833333,142.955
2005/11/16,18:35:18,宮城県沖,37°48.5′N,142°01.2′E,36 km,4.4,震度１,37.80833333,142.02
2005/11/17,3:41:47,奄美大島近海,28°12.5′N,129°31.7′E,32 km,3.5,震度１,28.20833333,129.5283333
2005/11/17,9:27:00,奄美大島近海,28°16.5′N,129°59.8′E,20 km,3.4,震度２,28.275,129.9966667
2005/11/17,10:53:13,茨城県沖,36°18.1′N,141°03.9′E,48 km,4.7,震度３,36.30166667,141.065
2005/11/18,12:28:03,能登半島沖,37°22.9′N,136°41.1′E,11 km,3.2,震度１,37.38166667,136.685
2005/11/18,17:10:20,神奈川県東部,35°23.3′N,139°22.5′E,17 km,2.6,震度１,35.38833333,139.375
2005/11/18,18:30:29,根室地方南部,43°14.9′N,145°21.7′E,104 km,3.8,震度２,43.24833333,145.3616667
2005/11/18,19:27:12,新潟県下越地方,37°53.5′N,139°24.9′E,1 km,2.9,震度１,37.89166667,139.415
2005/11/19,18:35:36,和歌山県北部,34°05.4′N,135°20.3′E,6 km,2.3,震度１,34.09,135.3383333
2005/11/21,19:32:06,茨城県南部,36°03.2′N,139°56.5′E,45 km,3.3,震度２,36.05333333,139.9416667
2005/11/22,0:36:32,種子島近海,30°56.8′N,130°20.2′E,146 km,6,震度３,30.94666667,130.3366667
2005/11/22,12:26:17,熊本県熊本地方,32°39.2′N,130°44.4′E,12 km,2.7,震度１,32.65333333,130.74
2005/11/23,0:47:32,山梨県東部・富士五湖,35°32.0′N,139°02.2′E,23 km,3.4,震度２,35.53333333,139.0366667
2005/11/23,3:22:35,和歌山県北部,34°13.1′N,135°18.3′E,6 km,3.2,震度１,34.21833333,135.305
2005/11/23,6:54:18,山形県村山地方,38°20.9′N,140°03.5′E,10 km,3.7,震度２,38.34833333,140.0583333
2005/11/23,16:45:56,山形県村山地方,38°21.1′N,140°03.7′E,10 km,4,震度２,38.35166667,140.0616667
2005/11/23,22:24:21,紀伊水道,33°51.3′N,135°07.6′E,28 km,4,震度３,33.855,135.1266667
2005/11/24,1:52:57,宮城県沖,38°20.5′N,141°39.2′E,53 km,3.4,震度２,38.34166667,141.6533333
2005/11/24,20:14:05,和歌山県北部,34°01.6′N,135°15.3′E,5 km,3.7,震度２,34.02666667,135.255
2005/11/25,15:50:48,岩手県沿岸南部,39°06.7′N,141°44.7′E,72 km,3.9,震度２,39.11166667,141.745
2005/11/26,1:51:17,千葉県南東沖,34°53.9′N,139°56.0′E,54 km,3.7,震度１,34.89833333,139.9333333
2005/11/26,2:12:37,茨城県沖,36°13.4′N,140°54.1′E,47 km,4.1,震度２,36.22333333,140.9016667
2005/11/26,5:37:04,岩手県沿岸北部,40°09.8′N,141°40.5′E,108 km,3.7,震度２,40.16333333,141.675
2005/11/26,9:22:44,新潟県中越地方,37°10.5′N,138°41.8′E,14 km,2.7,震度１,37.175,138.6966667
2005/11/26,15:44:29,北海道南西沖,41°53.8′N,139°12.4′E,18 km,4.2,震度２,41.89666667,139.2066667
2005/11/27,19:42:54,奈良県,34°02.7′N,135°37.9′E,58 km,2.5,震度１,34.045,135.6316667
2005/11/27,20:30:32,宮城県沖,38°51.4′N,142°03.0′E,46 km,3.3,震度１,38.85666667,142.05
2005/11/28,2:13:02,与那国島近海,24°51.6′N,122°58.9′E,111 km,4.6,震度１,24.86,122.9816667
2005/11/29,10:32:06,山梨県東部・富士五湖,35°31.7′N,139°02.0′E,19 km,2.4,震度１,35.52833333,139.0333333
2005/11/29,14:40:48,千葉県北西部,35°35.2′N,140°08.9′E,66 km,4,震度１,35.58666667,140.1483333
2005/11/30,7:54:26,和歌山県北部,34°12.2′N,135°12.1′E,5 km,2,震度１,34.20333333,135.2016667
2005/11/30,9:37:24,岩手県沖,40°03.6′N,141°59.6′E,59 km,3.6,震度１,40.06,141.9933333
2005/11/30,13:19:16,豊後水道,32°59.0′N,132°00.6′E,11 km,3.3,震度１,32.98333333,132.01
2005/12/1,2:26:38,宮古島近海,24°53.0′N,125°49.3′E,37 km,4.1,震度１,24.88333333,125.8216667
2005/12/1,3:21:54,埼玉県北部,36°04.6′N,139°25.0′E,65 km,3.9,震度１,36.07666667,139.4166667
2005/12/1,11:28:05,長野県南部,35°55.6′N,137°40.1′E,10 km,2.8,震度１,35.92666667,137.6683333
2005/12/1,19:31:39,岩手県沖,39°30.2′N,142°14.8′E,64 km,3.8,震度１,39.50333333,142.2466667
2005/12/2,5:24:51,網走地方,43°44.7′N,144°43.5′E,0 km,2.7,震度１,43.745,144.725
2005/12/2,11:07:15,福島県浜通り,37°19.2′N,140°48.3′E,76 km,3.1,震度１,37.32,140.805
2005/12/2,20:30:16,有明海,32°57.3′N,130°22.1′E,11 km,2.4,震度１,32.955,130.3683333
2005/12/2,21:54:40,茨城県南部,36°08.0′N,139°51.0′E,50 km,4.2,震度３,36.13333333,139.85
2005/12/2,22:13:08,宮城県沖,38°04.3′N,142°21.2′E,40 km,6.6,震度３,38.07166667,142.3533333
2005/12/2,23:35:37,八丈島東方沖,33°39.5′N,140°28.4′E,54 km,4.4,震度２,33.65833333,140.4733333
2005/12/3,10:39:01,三重県南東沖,33°07.7′N,137°00.2′E,41 km,4.3,震度１,33.12833333,137.0033333
2005/12/3,11:01:22,三重県南東沖,33°08.0′N,136°59.6′E,42 km,4.4,震度１,33.13333333,136.9933333
2005/12/3,21:01:37,長野県北部,36°39.1′N,138°18.0′E,1 km,2.7,震度２,36.65166667,138.3
2005/12/4,1:10:39,奄美大島北東沖,29°12.8′N,130°26.3′E,69 km,6.1,震度３,29.21333333,130.4383333
2005/12/4,1:24:54,奄美大島北東沖,29°14.0′N,130°28.3′E,72 km,5.2,震度２,29.23333333,130.4716667
2005/12/4,1:48:56,奄美大島北東沖,29°16.4′N,130°30.7′E,67 km,5.3,震度３,29.27333333,130.5116667
2005/12/4,17:54:43,奄美大島北東沖,29°13.6′N,130°34.1′E,34 km,4.7,震度１,29.22666667,130.5683333
2005/12/4,19:15:24,奄美大島北東沖,29°16.2′N,130°32.9′E,76 km,4.6,震度１,29.27,130.5483333
2005/12/4,19:23:20,奄美大島北東沖,29°17.0′N,130°32.7′E,63 km,5,震度２,29.28333333,130.545
2005/12/5,3:03:15,岩手県沖,40°10.0′N,142°38.1′E,30 km,5,震度２,40.16666667,142.635
2005/12/5,7:20:23,宮城県沖,37°52.0′N,142°39.3′E,25 km,5.5,震度３,37.86666667,142.655
2005/12/5,13:23:28,大分県中部,33°17.7′N,131°29.1′E,4 km,1.6,震度１,33.295,131.485
2005/12/5,13:54:11,大分県中部,33°17.8′N,131°29.1′E,4 km,1.4,震度１,33.29666667,131.485
2005/12/6,11:00:03,千葉県南東沖,34°47.7′N,139°46.1′E,132 km,3.6,震度１,34.795,139.7683333
2005/12/7,4:42:32,五島列島近海,32°31.1′N,129°03.3′E,2 km,4.2,震度２,32.51833333,129.055
2005/12/7,9:11:32,宮城県沖,38°21.4′N,142°15.7′E,35 km,4,震度１,38.35666667,142.2616667
2005/12/7,13:17:55,三陸沖,39°06.5′N,143°40.9′E,33 km,4.9,震度１,39.10833333,143.6816667
2005/12/7,19:10:40,千葉県東方沖,35°51.8′N,140°53.1′E,36 km,3.4,震度１,35.86333333,140.885
2005/12/8,10:02:56,宮城県中部,38°27.2′N,141°11.4′E,12 km,2.7,震度１,38.45333333,141.19
2005/12/8,13:05:35,宮城県沖,38°46.4′N,141°52.7′E,68 km,4.5,震度３,38.77333333,141.8783333
2005/12/9,2:15:53,福岡県福岡地方,33°40.7′N,130°18.7′E,15 km,3.6,震度２,33.67833333,130.3116667
2005/12/9,8:58:48,豊後水道,33°10.6′N,132°04.5′E,50 km,3.1,震度１,33.17666667,132.075
2005/12/9,9:43:42,天草灘,32°16.2′N,129°44.8′E,12 km,3,震度１,32.27,129.7466667
2005/12/9,10:16:04,和歌山県北部,34°12.6′N,135°16.1′E,5 km,2.9,震度２,34.21,135.2683333
2005/12/10,18:32:09,日向灘,32°02.0′N,132°02.8′E,20 km,4.5,震度２,32.03333333,132.0466667
2005/12/11,3:57:07,和歌山県北部,34°02.3′N,135°16.0′E,4 km,2.3,震度１,34.03833333,135.2666667
2005/12/11,13:33:41,新潟県中越地方,36°49.6′N,138°44.2′E,5 km,3.6,震度２,36.82666667,138.7366667
2005/12/11,14:48:00,新潟県中越地方,36°49.7′N,138°44.4′E,5 km,3,震度１,36.82833333,138.74
2005/12/12,18:37:27,浦河沖,42°00.5′N,142°35.2′E,62 km,3.8,震度１,42.00833333,142.5866667
2005/12/12,22:08:46,千葉県北東部,35°21.9′N,140°13.6′E,38 km,3.5,震度１,35.365,140.2266667
2005/12/13,6:01:38,北海道南西沖,43°12.5′N,139°24.8′E,29 km,5.5,震度３,43.20833333,139.4133333
2005/12/13,7:42:55,茨城県沖,36°36.5′N,141°00.0′E,47 km,3.5,震度１,36.60833333,141
2005/12/14,0:17:19,岡山県南部,34°46.8′N,133°36.6′E,18 km,2.8,震度１,34.78,133.61
2005/12/15,7:36:17,奄美大島近海,28°24.8′N,129°21.7′E,10 km,2.8,震度１,28.41333333,129.3616667
2005/12/15,16:41:38,奄美大島北東沖,29°25.1′N,129°59.2′E,53 km,4.8,震度３,29.41833333,129.9866667
2005/12/16,2:09:17,宮城県中部,38°23.7′N,141°09.2′E,11 km,2,震度１,38.395,141.1533333
2005/12/16,12:37:30,新島・神津島近海,34°21.6′N,139°12.8′E,7 km,2,震度１,34.36,139.2133333
2005/12/17,3:27:36,熊本県熊本地方,32°45.8′N,130°44.1′E,9 km,2,震度１,32.76333333,130.735
2005/12/17,3:32:13,宮城県沖,38°26.9′N,142°10.8′E,40 km,6.1,震度４,38.44833333,142.18
2005/12/17,9:22:40,薩摩半島西方沖,31°45.6′N,129°09.7′E,14 km,4,震度１,31.76,129.1616667
2005/12/17,23:08:59,宮城県北部,38°52.5′N,141°34.9′E,75 km,3.8,震度２,38.875,141.5816667
2005/12/17,23:27:33,周防灘,33°54.1′N,131°14.3′E,16 km,3.7,震度２,33.90166667,131.2383333
2005/12/18,13:04:22,日向灘,32°29.1′N,132°01.3′E,30 km,3.3,震度１,32.485,132.0216667
2005/12/18,16:46:42,福岡県北西沖,33°46.4′N,130°06.0′E,11 km,3.3,震度１,33.77333333,130.1
2005/12/19,0:13:23,長野県北部,36°52.7′N,138°26.3′E,10 km,3.1,震度１,36.87833333,138.4383333
2005/12/19,4:07:56,島根県東部,35°10.8′N,133°06.8′E,5 km,2.8,震度２,35.18,133.1133333
2005/12/19,7:40:59,茨城県南部,36°11.8′N,140°05.8′E,56 km,3.4,震度１,36.19666667,140.0966667
2005/12/19,20:59:00,島根県東部,35°07.5′N,132°43.0′E,10 km,3.5,震度２,35.125,132.7166667
2005/12/19,21:25:42,島根県東部,35°07.5′N,132°42.9′E,10 km,2.9,震度１,35.125,132.715
2005/12/20,5:30:50,種子島近海,30°23.3′N,130°59.0′E,11 km,3.6,震度２,30.38833333,130.9833333
2005/12/20,5:57:03,和歌山県北部,34°02.2′N,135°15.8′E,5 km,2.2,震度１,34.03666667,135.2633333
2005/12/20,10:24:38,新潟県中越地方,37°09.7′N,138°49.4′E,7 km,2.7,震度１,37.16166667,138.8233333
2005/12/20,14:34:42,伊勢湾,34°37.9′N,136°39.3′E,366 km,5.1,震度１,34.63166667,136.655
2005/12/20,18:59:12,新潟県中越地方,37°12.7′N,138°35.7′E,13 km,3,震度３,37.21166667,138.595
2005/12/21,7:58:01,三陸沖,38°00.6′N,143°22.5′E,44 km,5.1,震度１,38.01,143.375
2005/12/21,21:41:41,和歌山県南部,33°46.2′N,135°49.0′E,25 km,3.3,震度２,33.77,135.8166667
2005/12/22,0:07:24,三重県北部,34°52.4′N,136°28.6′E,42 km,3.5,震度１,34.87333333,136.4766667
2005/12/22,5:46:57,釧路地方中南部,43°04.2′N,143°51.3′E,114 km,4.3,震度２,43.07,143.855
2005/12/23,13:43:18,宮城県沖,38°51.4′N,141°36.8′E,72 km,2.9,震度１,38.85666667,141.6133333
2005/12/23,20:32:26,宮城県沖,37°49.2′N,141°56.2′E,75 km,3.9,震度１,37.82,141.9366667
2005/12/23,23:48:16,苫小牧沖,41°39.8′N,141°29.5′E,125 km,3.8,震度１,41.66333333,141.4916667
2005/12/24,0:50:42,根室半島南東沖,43°13.8′N,145°43.6′E,94 km,3.9,震度２,43.23,145.7266667
2005/12/24,10:15:43,新潟県下越沖,38°10.7′N,138°51.0′E,23 km,3.9,震度１,38.17833333,138.85
2005/12/24,11:01:55,愛知県西部,35°13.8′N,136°50.4′E,43 km,4.8,震度４,35.23,136.84
2005/12/24,21:20:13,佐渡付近,38°04.5′N,138°36.3′E,16 km,4.4,震度２,38.075,138.605
2005/12/25,19:18:02,山口県北部,34°19.7′N,131°33.2′E,19 km,2.9,震度１,34.32833333,131.5533333
2005/12/25,20:06:54,千葉県東方沖,35°48.6′N,141°09.2′E,34 km,4.3,震度２,35.81,141.1533333
2005/12/25,23:08:37,新潟県下越沖,38°10.4′N,138°51.0′E,23 km,4.2,震度２,38.17333333,138.85
2005/12/26,1:55:31,東京湾,35°36.9′N,140°01.3′E,70 km,3.6,震度１,35.615,140.0216667
2005/12/26,22:41:11,佐渡付近,38°06.1′N,138°14.5′E,12 km,3.1,震度１,38.10166667,138.2416667
2005/12/26,22:48:00,小笠原諸島西方沖,26°47.8′N,140°53.8′E,0 km,5.6,震度１,26.79666667,140.8966667
2005/12/27,9:54:51,福島県浜通り,37°02.9′N,140°47.9′E,97 km,3.3,震度１,37.04833333,140.7983333
2005/12/27,12:57:27,浦河沖,41°47.0′N,142°43.5′E,61 km,3.9,震度１,41.78333333,142.725
2005/12/27,18:09:04,福井県嶺北,35°56.0′N,136°37.0′E,9 km,2.9,震度１,35.93333333,136.6166667
2005/12/27,22:38:50,奄美大島近海,28°05.7′N,129°24.7′E,32 km,3.3,震度１,28.095,129.4116667
2005/12/28,0:25:25,和歌山県北部,34°12.9′N,135°11.9′E,4 km,2,震度１,34.215,135.1983333
2005/12/28,11:18:43,三重県中部,34°36.4′N,136°09.9′E,51 km,3.7,震度３,34.60666667,136.165
2005/12/28,14:52:16,愛知県西部,35°10.9′N,136°42.6′E,13 km,3.8,震度２,35.18166667,136.71
2005/12/28,18:46:06,茨城県南部,36°10.9′N,140°01.6′E,53 km,4.8,震度４,36.18166667,140.0266667
2005/12/28,20:05:16,熊本県熊本地方,32°49.6′N,130°52.2′E,11 km,2.3,震度１,32.82666667,130.87
2005/12/28,22:11:28,茨城県南部,36°11.3′N,140°01.3′E,53 km,3.4,震度１,36.18833333,140.0216667
2005/12/28,22:35:35,千葉県北西部,35°39.9′N,140°11.3′E,66 km,4.1,震度１,35.665,140.1883333
2005/12/28,23:03:36,千葉県北西部,35°40.1′N,140°12.2′E,67 km,4.4,震度２,35.66833333,140.2033333
2005/12/29,0:41:53,根室半島南東沖,43°05.6′N,145°33.0′E,48 km,4.5,震度２,43.09333333,145.55
2005/12/29,20:23:31,岩手県沿岸北部,39°45.5′N,141°50.0′E,58 km,4,震度２,39.75833333,141.8333333
2005/12/30,15:18:33,島根県東部,35°18.3′N,133°18.7′E,9 km,2.7,震度２,35.305,133.3116667
2005/12/30,17:06:30,神奈川県西部,35°10.5′N,139°06.5′E,10 km,2.3,震度１,35.175,139.1083333
2005/12/31,22:26:43,大分県西部,33°07.5′N,131°23.9′E,123 km,4.5,震度２,33.125,131.3983333
2005/12/31,23:32:29,茨城県南部,35°55.6′N,140°08.1′E,61 km,4.1,震度２,35.92666667,140.135
