date,time,epicenter,緯度,経度,depth,magnitude,maxshindo,lat,lng
2007/1/1,0:50:07,播磨灘,34°31.6′N,134°14.8′E,12 km,3.2,震度２,34.52666667,134.2466667
2007/1/1,0:51:47,新島・神津島近海,34°15.5′N,139°13.8′E,11 km,2.4,震度１,34.25833333,139.23
2007/1/1,1:53:37,新島・神津島近海,34°15.5′N,139°13.6′E,11 km,2.4,震度１,34.25833333,139.2266667
2007/1/1,4:18:04,新島・神津島近海,34°14.3′N,139°16.8′E,13 km,2.9,震度２,34.23833333,139.28
2007/1/1,4:18:56,新島・神津島近海,34°13.9′N,139°16.8′E,12 km,2.8,震度１,34.23166667,139.28
2007/1/1,5:16:26,新島・神津島近海,34°14.1′N,139°16.9′E,13 km,3,震度２,34.235,139.2816667
2007/1/1,5:26:38,新島・神津島近海,34°15.3′N,139°14.4′E,10 km,2.3,震度１,34.255,139.24
2007/1/1,13:37:13,新島・神津島近海,34°15.4′N,139°14.2′E,11 km,2.2,震度１,34.25666667,139.2366667
2007/1/1,15:02:02,新島・神津島近海,34°15.2′N,139°13.6′E,12 km,2.1,震度１,34.25333333,139.2266667
2007/1/1,19:11:01,新島・神津島近海,34°15.7′N,139°14.2′E,11 km,2.3,震度１,34.26166667,139.2366667
2007/1/2,3:12:17,新島・神津島近海,34°14.5′N,139°14.7′E,2 km,2.8,震度２,34.24166667,139.245
2007/1/2,12:13:11,小笠原諸島西方沖,27°24.8′N,140°57.7′E,331 km,5.5,震度１,27.41333333,140.9616667
2007/1/2,22:46:34,新潟県中越地方,37°11.7′N,138°50.3′E,9 km,3.3,震度２,37.195,138.8383333
2007/1/2,23:17:49,日高地方東部,42°18.7′N,143°00.1′E,51 km,4,震度２,42.31166667,143.0016667
2007/1/3,12:13:48,長野県中部,36°11.5′N,138°17.4′E,6 km,2.5,震度１,36.19166667,138.29
2007/1/3,18:09:42,島根県西部,34°27.8′N,131°56.1′E,16 km,2.6,震度１,34.46333333,131.935
2007/1/4,0:40:05,茨城県沖,36°25.8′N,140°41.1′E,53 km,4.2,震度３,36.43,140.685
2007/1/4,7:40:45,父島近海,27°45.7′N,142°04.7′E,67 km,4.1,震度１,27.76166667,142.0783333
2007/1/4,8:47:49,東京湾,35°13.2′N,139°45.0′E,99 km,4,震度２,35.22,139.75
2007/1/4,17:13:32,埼玉県北部,36°08.8′N,139°03.1′E,14 km,2.2,震度１,36.14666667,139.0516667
2007/1/4,23:15:14,根室半島南東沖,43°02.6′N,146°53.0′E,56 km,3.8,震度１,43.04333333,146.8833333
2007/1/5,3:06:33,岐阜県美濃東部,35°24.3′N,137°18.6′E,54 km,4,震度３,35.405,137.31
2007/1/5,6:13:09,福島県会津,37°07.8′N,139°18.6′E,7 km,3,震度２,37.13,139.31
2007/1/5,6:40:59,栃木県南部,36°23.3′N,139°57.4′E,92 km,4,震度２,36.38833333,139.9566667
2007/1/5,20:36:23,新島・神津島近海,34°16.7′N,139°13.5′E,11 km,2,震度１,34.27833333,139.225
2007/1/6,1:18:03,宮崎県北部山沿い,32°32.2′N,131°05.5′E,143 km,3.9,震度１,32.53666667,131.0916667
2007/1/6,6:59:05,千葉県北西部,35°39.4′N,140°02.5′E,66 km,3.2,震度１,35.65666667,140.0416667
2007/1/6,12:12:14,京都府南部,35°14.9′N,135°19.1′E,11 km,3.1,震度１,35.24833333,135.3183333
2007/1/6,14:41:32,新島・神津島近海,34°16.5′N,139°14.4′E,10 km,2.2,震度１,34.275,139.24
2007/1/6,20:47:03,鹿児島県薩摩地方,31°56.6′N,130°22.1′E,8 km,2.4,震度１,31.94333333,130.3683333
2007/1/6,23:28:55,兵庫県南東部,35°11.6′N,135°06.1′E,15 km,3.1,震度１,35.19333333,135.1016667
2007/1/7,11:53:30,兵庫県南東部,35°11.5′N,135°06.0′E,14 km,3,震度１,35.19166667,135.1
2007/1/7,12:41:19,釧路沖,42°45.5′N,145°20.1′E,45 km,3.7,震度１,42.75833333,145.335
2007/1/7,15:39:25,沖縄本島近海,25°45.1′N,126°18.5′E,17 km,4.8,震度１,25.75166667,126.3083333
2007/1/7,17:01:29,新島・神津島近海,34°16.6′N,139°14.7′E,11 km,2.2,震度１,34.27666667,139.245
2007/1/7,21:47:54,宮城県沖,38°16.6′N,141°54.9′E,45 km,3.7,震度１,38.27666667,141.915
2007/1/8,10:36:53,和歌山県北部,33°59.5′N,135°18.5′E,6 km,1.8,震度１,33.99166667,135.3083333
2007/1/8,18:13:00,宮城県沖,38°16.5′N,141°36.4′E,54 km,3.7,震度２,38.275,141.6066667
2007/1/8,18:59:36,新潟県中越地方,37°16.0′N,138°55.1′E,13 km,4.8,震度４,37.26666667,138.9183333
2007/1/9,5:12:04,網走沖,44°16.9′N,144°04.0′E,9 km,4.7,震度３,44.28166667,144.0666667
2007/1/9,9:30:32,網走沖,44°16.2′N,144°03.6′E,11 km,3.6,震度１,44.27,144.06
2007/1/9,13:18:04,埼玉県南部,36°02.9′N,139°47.9′E,79 km,4.3,震度３,36.04833333,139.7983333
2007/1/10,8:26:15,宮城県中部,38°24.4′N,141°11.2′E,12 km,2.3,震度２,38.40666667,141.1866667
2007/1/10,9:57:37,鹿児島県薩摩地方,32°08.3′N,130°22.8′E,7 km,3.2,震度２,32.13833333,130.38
2007/1/10,19:19:14,茨城県沖,36°33.2′N,141°14.3′E,46 km,4.3,震度２,36.55333333,141.2383333
2007/1/10,20:02:48,青森県西方沖,40°44.7′N,139°07.9′E,21 km,4.2,震度２,40.745,139.1316667
2007/1/10,20:10:17,国後島付近,43°27.9′N,145°40.0′E,116 km,3.8,震度１,43.465,145.6666667
2007/1/10,21:13:45,愛媛県南予,33°13.6′N,132°32.3′E,36 km,3.8,震度２,33.22666667,132.5383333
2007/1/10,23:57:12,伊勢湾,34°49.9′N,136°42.3′E,12 km,2.7,震度１,34.83166667,136.705
2007/1/11,1:36:07,択捉島付近,44°31.2′N,147°26.6′E,138 km,4.9,震度１,44.52,147.4433333
2007/1/12,0:29:18,群馬県南部,36°15.2′N,139°16.6′E,18 km,3.1,震度１,36.25333333,139.2766667
2007/1/12,1:55:48,岐阜県飛騨地方,35°40.3′N,137°08.0′E,6 km,2.6,震度１,35.67166667,137.1333333
2007/1/12,5:34:51,北海道東方沖,43°17.4′N,147°13.3′E,40 km,5.2,震度２,43.29,147.2216667
2007/1/12,11:48:38,和歌山県北部,34°13.6′N,135°26.4′E,8 km,2.7,震度２,34.22666667,135.44
2007/1/12,15:26:24,岐阜県美濃中西部,35°34.6′N,136°22.4′E,12 km,2.3,震度１,35.57666667,136.3733333
2007/1/13,7:30:12,静岡県伊豆地方,34°59.0′N,139°01.2′E,2 km,2.5,震度１,34.98333333,139.02
2007/1/13,11:50:23,岩手県内陸北部,39°49.2′N,140°52.1′E,3 km,2.6,震度１,39.82,140.8683333
2007/1/13,13:23:13,千島列島東方,46°56.2′N,155°03.1′E,30 km,8.2,震度３,46.93666667,155.0516667
2007/1/13,17:20:41,長野県北部,36°45.4′N,137°50.9′E,1 km,3,震度２,36.75666667,137.8483333
2007/1/13,18:44:34,青森県下北地方,41°22.7′N,141°26.9′E,6 km,2.7,震度１,41.37833333,141.4483333
2007/1/14,1:36:45,茨城県南部,36°00.7′N,139°55.7′E,43 km,2.8,震度１,36.01166667,139.9283333
2007/1/14,11:18:23,伊予灘,33°47.7′N,132°15.2′E,51 km,3,震度１,33.795,132.2533333
2007/1/15,17:57:35,沖縄本島近海,25°49.2′N,128°25.4′E,47 km,4.3,震度１,25.82,128.4233333
2007/1/15,19:19:00,静岡県中部,34°53.0′N,138°12.7′E,32 km,3.4,震度２,34.88333333,138.2116667
2007/1/16,3:17:58,静岡県伊豆地方,34°56.2′N,138°53.5′E,175 km,5.8,震度３,34.93666667,138.8916667
2007/1/16,5:00:45,長野県南部,35°49.2′N,137°29.6′E,11 km,2.6,震度１,35.82,137.4933333
2007/1/16,9:49:34,長野県南部,35°49.2′N,137°34.7′E,5 km,2.1,震度１,35.82,137.5783333
2007/1/16,12:10:36,与那国島近海,23°59.7′N,122°26.7′E,28 km,5.5,震度１,23.995,122.445
2007/1/16,16:47:00,奄美大島近海,28°07.1′N,129°24.5′E,33 km,4.7,震度３,28.11833333,129.4083333
2007/1/16,21:52:37,青森県東方沖,41°10.8′N,142°42.8′E,30 km,5,震度２,41.18,142.7133333
2007/1/17,13:36:57,埼玉県南部,35°50.1′N,139°27.8′E,54 km,3.1,震度１,35.835,139.4633333
2007/1/18,5:05:28,新島・神津島近海,34°14.4′N,139°15.4′E,13 km,2.2,震度１,34.24,139.2566667
2007/1/19,14:59:12,石川県能登地方,37°19.3′N,136°56.8′E,13 km,2.8,震度１,37.32166667,136.9466667
2007/1/19,15:42:22,北海道東方沖,43°13.1′N,147°15.4′E,42 km,4.5,震度１,43.21833333,147.2566667
2007/1/20,22:43:03,埼玉県北部,36°06.2′N,139°26.9′E,64 km,3,震度１,36.10333333,139.4483333
2007/1/21,20:55:39,神奈川県西部,35°12.8′N,139°00.6′E,0 km,2.3,震度１,35.21333333,139.01
2007/1/21,21:57:50,静岡県伊豆地方,34°43.8′N,138°45.8′E,7 km,2.8,震度２,34.73,138.7633333
2007/1/22,2:16:08,岐阜県美濃中西部,35°44.0′N,136°20.2′E,13 km,4.5,震度３,35.73333333,136.3366667
2007/1/22,9:26:53,岐阜県美濃中西部,35°43.8′N,136°20.0′E,12 km,2.6,震度１,35.73,136.3333333
2007/1/22,22:24:28,岐阜県美濃東部,35°19.2′N,137°08.8′E,47 km,2.8,震度１,35.32,137.1466667
2007/1/23,13:07:29,岩手県内陸北部,39°49.3′N,141°04.6′E,100 km,4.3,震度２,39.82166667,141.0766667
2007/1/23,19:25:10,駿河湾南方沖,34°20.4′N,138°32.1′E,34 km,3.5,震度１,34.34,138.535
2007/1/24,4:36:24,紀伊水道,34°03.3′N,135°05.3′E,9 km,2.4,震度１,34.055,135.0883333
2007/1/24,10:30:02,茨城県南部,36°03.0′N,139°53.2′E,46 km,4,震度２,36.05,139.8866667
2007/1/24,19:12:59,熊本県熊本地方,32°42.6′N,130°52.7′E,12 km,2.8,震度１,32.71,130.8783333
2007/1/25,7:44:45,宮城県中部,38°26.0′N,141°11.9′E,11 km,2,震度１,38.43333333,141.1983333
2007/1/25,8:46:15,日向灘,31°59.2′N,131°34.0′E,39 km,3.5,震度１,31.98666667,131.5666667
2007/1/25,13:10:46,青森県三八上北地方,40°49.9′N,141°24.9′E,89 km,3.2,震度１,40.83166667,141.415
2007/1/25,16:55:22,福島県沖,36°57.3′N,141°00.4′E,85 km,4.1,震度３,36.955,141.0066667
2007/1/25,19:59:16,台湾付近,22°43.5′N,122°06.9′E,92 km,6.1,震度２,22.725,122.115
2007/1/25,23:37:28,茨城県南部,36°05.0′N,139°53.3′E,48 km,3.5,震度１,36.08333333,139.8883333
2007/1/26,19:00:22,和歌山県北部,34°07.9′N,135°09.1′E,8 km,2.1,震度１,34.13166667,135.1516667
2007/1/27,5:16:57,福島県沖,37°44.6′N,141°21.8′E,62 km,3.8,震度２,37.74333333,141.3633333
2007/1/27,16:11:58,埼玉県南部,35°56.7′N,139°28.7′E,127 km,4.2,震度２,35.945,139.4783333
2007/1/28,6:25:35,山形県沖,38°59.3′N,139°32.3′E,23 km,4.3,震度２,38.98833333,139.5383333
2007/1/28,7:12:39,岩手県沿岸北部,40°08.7′N,141°43.7′E,49 km,3.1,震度１,40.145,141.7283333
2007/1/28,7:28:14,山形県沖,38°59.3′N,139°32.6′E,22 km,4,震度１,38.98833333,139.5433333
2007/1/30,10:49:51,新潟県中越地方,37°06.9′N,138°42.1′E,11 km,3.3,震度３,37.115,138.7016667
2007/1/30,16:05:44,秋田県内陸南部,39°15.1′N,140°22.8′E,136 km,4.2,震度１,39.25166667,140.38
2007/1/30,16:44:55,和歌山県北部,34°08.0′N,135°09.1′E,8 km,2.1,震度１,34.13333333,135.1516667
2007/1/30,20:37:35,新潟県中越地方,37°07.0′N,138°42.4′E,10 km,2.3,震度１,37.11666667,138.7066667
2007/1/30,23:35:09,静岡県西部,34°45.3′N,137°56.3′E,8 km,2.9,震度２,34.755,137.9383333
2007/2/1,1:08:28,新潟県下越地方,38°02.2′N,139°31.5′E,15 km,2.5,震度１,38.03666667,139.525
2007/2/1,15:40:24,福島県浜通り,37°16.5′N,140°59.5′E,87 km,3.8,震度２,37.275,140.9916667
2007/2/1,16:40:08,静岡県西部,34°45.3′N,137°56.5′E,9 km,1.8,震度１,34.755,137.9416667
2007/2/1,21:51:48,兵庫県南東部,35°11.5′N,135°06.0′E,14 km,3,震度２,35.19166667,135.1
2007/2/2,2:52:25,宮城県中部,38°23.5′N,141°07.4′E,11 km,2.6,震度１,38.39166667,141.1233333
2007/2/2,4:16:46,鹿児島県薩摩地方,31°58.3′N,130°23.7′E,2 km,3,震度２,31.97166667,130.395
2007/2/2,14:06:46,長野県北部,36°34.9′N,138°14.8′E,6 km,2.5,震度１,36.58166667,138.2466667
2007/2/3,14:06:36,奄美大島近海,27°42.9′N,128°49.0′E,18 km,3.6,震度１,27.715,128.8166667
2007/2/4,20:59:17,千葉県北西部,35°35.4′N,140°09.2′E,67 km,4.3,震度３,35.59,140.1533333
2007/2/5,1:06:01,父島近海,27°32.4′N,142°04.3′E,44 km,4.5,震度１,27.54,142.0716667
2007/2/5,1:42:02,岐阜県飛騨地方,35°58.7′N,137°31.9′E,10 km,3.4,震度２,35.97833333,137.5316667
2007/2/5,7:54:42,長野県南部,35°49.2′N,137°34.7′E,5 km,3.1,震度２,35.82,137.5783333
2007/2/5,13:29:34,青森県東方沖,41°07.7′N,143°05.4′E,24 km,4.3,震度１,41.12833333,143.09
2007/2/5,23:07:53,釧路地方中南部,43°04.5′N,145°00.6′E,62 km,4.3,震度２,43.075,145.01
2007/2/6,0:53:26,新島・神津島近海,34°16.9′N,139°14.6′E,10 km,2.4,震度１,34.28166667,139.2433333
2007/2/6,1:01:25,新島・神津島近海,34°16.8′N,139°14.9′E,10 km,2.7,震度２,34.28,139.2483333
2007/2/6,2:44:22,十勝沖,42°11.7′N,143°22.9′E,41 km,3.9,震度３,42.195,143.3816667
2007/2/6,9:07:05,日向灘,32°40.4′N,132°18.4′E,39 km,3.1,震度１,32.67333333,132.3066667
2007/2/6,20:52:13,静岡県西部,34°45.0′N,137°56.2′E,9 km,2.8,震度１,34.75,137.9366667
2007/2/6,21:01:43,大分県西部,33°06.8′N,131°23.7′E,121 km,3.7,震度２,33.11333333,131.395
2007/2/6,22:04:26,石川県加賀地方,36°40.4′N,136°49.8′E,10 km,2.2,震度１,36.67333333,136.83
2007/2/6,23:15:52,福島県沖,37°19.6′N,142°06.3′E,36 km,4.5,震度２,37.32666667,142.105
2007/2/7,0:13:08,静岡県西部,34°45.3′N,137°56.3′E,8 km,1.9,震度１,34.755,137.9383333
2007/2/7,0:59:11,根室半島南東沖,43°12.9′N,145°58.7′E,45 km,3.3,震度１,43.215,145.9783333
2007/2/8,0:18:28,石垣島近海,23°50.5′N,123°49.6′E,30 km,4.6,震度１,23.84166667,123.8266667
2007/2/8,6:32:37,日向灘,32°10.0′N,132°11.7′E,20 km,3.2,震度１,32.16666667,132.195
2007/2/8,16:05:01,静岡県西部,34°45.0′N,137°56.3′E,10 km,2.1,震度１,34.75,137.9383333
2007/2/8,16:55:42,伊予灘,33°31.0′N,132°04.8′E,56 km,3.6,震度１,33.51666667,132.08
2007/2/9,16:35:22,根室半島南東沖,43°20.6′N,146°08.4′E,50 km,4.3,震度３,43.34333333,146.14
2007/2/9,17:58:39,十勝沖,41°42.3′N,143°50.8′E,48 km,4.6,震度１,41.705,143.8466667
2007/2/10,0:24:46,福岡県北西沖,33°42.4′N,130°15.2′E,8 km,2.7,震度１,33.70666667,130.2533333
2007/2/10,2:28:59,詳細不明,29°50.0′N,129°52.0′E,0 km,,震度１,29.83333333,129.8666667
2007/2/10,4:58:43,茨城県南部,35°59.3′N,140°00.4′E,43 km,3.3,震度１,35.98833333,140.0066667
2007/2/10,5:27:50,天草灘,31°57.8′N,130°08.8′E,6 km,3,震度１,31.96333333,130.1466667
2007/2/10,5:35:42,天草灘,31°57.7′N,130°08.7′E,6 km,3.2,震度１,31.96166667,130.145
2007/2/10,13:28:47,浦河沖,41°43.7′N,143°00.6′E,38 km,3.2,震度１,41.72833333,143.01
2007/2/10,17:31:09,茨城県南部,36°07.7′N,139°48.7′E,50 km,3.6,震度１,36.12833333,139.8116667
2007/2/12,4:10:47,天草灘,31°58.0′N,130°09.9′E,6 km,2.3,震度１,31.96666667,130.165
2007/2/12,23:09:19,根室半島南東沖,43°15.1′N,146°16.7′E,46 km,4,震度２,43.25166667,146.2783333
2007/2/13,6:53:41,岐阜県飛騨地方,36°03.1′N,137°32.4′E,7 km,1.8,震度１,36.05166667,137.54
2007/2/13,7:29:08,岐阜県美濃中西部,35°23.1′N,136°54.9′E,8 km,2.8,震度１,35.385,136.915
2007/2/13,8:57:10,茨城県北部,36°18.1′N,140°18.3′E,72 km,3.3,震度１,36.30166667,140.305
2007/2/13,11:05:16,根室半島南東沖,43°05.3′N,146°33.0′E,55 km,4.2,震度１,43.08833333,146.55
2007/2/13,13:57:33,岐阜県飛騨地方,36°02.2′N,137°32.0′E,6 km,2,震度１,36.03666667,137.5333333
2007/2/13,21:41:31,奈良県,34°24.7′N,135°52.7′E,9 km,2.7,震度１,34.41166667,135.8783333
2007/2/14,0:49:02,紀伊水道,34°11.9′N,135°07.1′E,7 km,2.4,震度１,34.19833333,135.1183333
2007/2/14,6:24:52,釧路沖,42°58.8′N,145°24.3′E,47 km,3.9,震度２,42.98,145.405
2007/2/14,7:36:06,神奈川県西部,35°17.3′N,139°07.1′E,13 km,3.1,震度２,35.28833333,139.1183333
2007/2/14,15:21:42,奄美大島北西沖,28°26.4′N,128°14.6′E,114 km,4.2,震度１,28.44,128.2433333
2007/2/14,15:36:10,宮城県北部,38°45.7′N,141°27.3′E,14 km,3,震度１,38.76166667,141.455
2007/2/15,4:22:45,岐阜県飛騨地方,35°59.6′N,137°18.9′E,9 km,2.7,震度１,35.99333333,137.315
2007/2/15,9:18:24,群馬県北部,36°31.3′N,138°55.1′E,9 km,2.2,震度１,36.52166667,138.9183333
2007/2/15,16:54:05,青森県東方沖,40°54.2′N,142°07.3′E,50 km,3.6,震度１,40.90333333,142.1216667
2007/2/17,6:29:48,種子島近海,30°01.7′N,130°30.1′E,48 km,3.1,震度１,30.02833333,130.5016667
2007/2/17,9:02:57,十勝沖,41°43.9′N,143°43.3′E,40 km,6.2,震度４,41.73166667,143.7216667
2007/2/17,9:22:26,十勝沖,41°42.2′N,143°44.0′E,45 km,5.1,震度２,41.70333333,143.7333333
2007/2/17,11:25:53,岐阜県美濃中西部,35°23.7′N,136°44.9′E,7 km,1.9,震度１,35.395,136.7483333
2007/2/18,1:08:18,新島・神津島近海,34°16.3′N,139°14.2′E,11 km,2.4,震度２,34.27166667,139.2366667
2007/2/18,3:19:03,新島・神津島近海,34°16.3′N,139°13.9′E,12 km,1.7,震度１,34.27166667,139.2316667
2007/2/18,9:48:51,石川県西方沖,36°47.6′N,136°24.6′E,14 km,3.4,震度１,36.79333333,136.41
2007/2/18,18:22:34,福岡県筑後地方,33°01.8′N,130°29.0′E,10 km,3.2,震度１,33.03,130.4833333
2007/2/18,20:08:05,岐阜県飛騨地方,36°02.6′N,137°31.2′E,7 km,2.2,震度２,36.04333333,137.52
2007/2/18,23:07:14,東京湾,34°59.9′N,139°49.7′E,50 km,3.3,震度１,34.99833333,139.8283333
2007/2/19,9:57:47,熊本県熊本地方,32°51.3′N,130°46.4′E,13 km,3.4,震度２,32.855,130.7733333
2007/2/19,13:29:07,宮古島近海,24°36.3′N,125°27.9′E,7 km,4,震度２,24.605,125.465
2007/2/20,6:24:01,岩手県沖,40°24.4′N,142°05.5′E,66 km,3.8,震度２,40.40666667,142.0916667
2007/2/22,4:28:40,浦河沖,42°02.3′N,142°36.4′E,62 km,3.4,震度１,42.03833333,142.6066667
2007/2/22,7:46:25,北海道東方沖,43°34.2′N,146°26.2′E,77 km,4.1,震度１,43.57,146.4366667
2007/2/23,2:47:17,伊予灘,33°39.1′N,132°16.8′E,46 km,3,震度１,33.65166667,132.28
2007/2/23,6:01:37,奄美大島近海,28°05.7′N,130°20.0′E,27 km,3.9,震度１,28.095,130.3333333
2007/2/23,20:04:26,茨城県南部,36°02.2′N,140°05.9′E,63 km,3.1,震度１,36.03666667,140.0983333
2007/2/24,21:39:41,福島県沖,37°06.5′N,141°39.3′E,46 km,3.9,震度１,37.10833333,141.655
2007/2/25,8:29:24,福井県嶺南,35°26.0′N,135°53.1′E,15 km,3.2,震度１,35.43333333,135.885
2007/2/25,9:12:24,岐阜県飛騨地方,36°00.4′N,137°35.0′E,10 km,2.2,震度１,36.00666667,137.5833333
2007/2/25,9:16:18,青森県三八上北地方,40°47.1′N,141°12.5′E,15 km,2.4,震度１,40.785,141.2083333
2007/2/25,11:36:55,茨城県沖,36°29.6′N,141°19.5′E,46 km,3.8,震度１,36.49333333,141.325
2007/2/25,12:58:39,長野県北部,36°40.8′N,138°12.6′E,11 km,2.7,震度１,36.68,138.21
2007/2/25,20:41:22,三重県南東沖,33°07.3′N,136°56.8′E,39 km,4.6,震度２,33.12166667,136.9466667
2007/2/26,0:35:14,茨城県沖,36°36.4′N,140°59.2′E,47 km,3.2,震度１,36.60666667,140.9866667
2007/2/26,5:21:56,西表島付近,24°09.4′N,123°58.4′E,15 km,3.3,震度１,24.15666667,123.9733333
2007/2/26,14:06:08,紀伊水道,34°10.3′N,135°09.3′E,6 km,3.6,震度２,34.17166667,135.155
2007/2/26,22:41:02,和歌山県南部,33°47.9′N,135°47.6′E,21 km,2.8,震度１,33.79833333,135.7933333
2007/2/27,2:02:09,釧路沖,42°42.8′N,145°01.0′E,50 km,3.8,震度１,42.71333333,145.0166667
2007/2/28,5:11:34,周防灘,33°51.0′N,132°01.5′E,60 km,3.5,震度１,33.85,132.025
2007/2/28,6:14:20,豊後水道,32°55.0′N,132°26.6′E,32 km,3.5,震度１,32.91666667,132.4433333
2007/2/28,8:28:13,新潟県中越地方,37°13.0′N,138°36.0′E,11 km,2.6,震度２,37.21666667,138.6
2007/2/28,8:57:28,奄美大島北西沖,28°41.5′N,128°35.3′E,102 km,4.1,震度１,28.69166667,128.5883333
2007/3/1,0:30:00,紀伊水道,34°08.0′N,135°07.1′E,7 km,2,震度１,34.13333333,135.1183333
2007/3/1,19:27:10,京都府南部,35°02.4′N,135°32.8′E,13 km,2.8,震度１,35.04,135.5466667
2007/3/2,4:17:20,浦河沖,42°06.1′N,142°55.0′E,41 km,3.6,震度２,42.10166667,142.9166667
2007/3/2,13:16:54,茨城県沖,36°25.0′N,140°55.0′E,52 km,3.1,震度１,36.41666667,140.9166667
2007/3/3,5:14:05,青森県東方沖,41°15.9′N,142°49.2′E,18 km,4.8,震度２,41.265,142.82
2007/3/3,8:55:51,和歌山県南方沖,33°30.1′N,135°14.1′E,31 km,3.5,震度１,33.50166667,135.235
2007/3/3,15:59:30,広島県北部,34°54.8′N,132°46.6′E,11 km,3.5,震度２,34.91333333,132.7766667
2007/3/3,18:26:14,千葉県東方沖,35°41.0′N,140°43.9′E,48 km,4,震度２,35.68333333,140.7316667
2007/3/4,5:01:24,三陸沖,39°06.4′N,143°39.1′E,22 km,4.7,震度１,39.10666667,143.6516667
2007/3/4,14:16:23,神奈川県西部,35°27.7′N,139°00.1′E,23 km,3.5,震度２,35.46166667,139.0016667
2007/3/4,20:22:18,択捉島南東沖,44°36.9′N,148°28.6′E,83 km,4.9,震度１,44.615,148.4766667
2007/3/5,0:56:13,釧路地方北部,43°29.0′N,144°16.7′E,130 km,3.8,震度１,43.48333333,144.2783333
2007/3/5,5:27:35,岐阜県飛騨地方,36°02.1′N,137°32.0′E,6 km,1.9,震度１,36.035,137.5333333
2007/3/5,9:29:24,和歌山県北部,34°10.0′N,135°11.2′E,4 km,2,震度１,34.16666667,135.1866667
2007/3/5,22:06:45,根室半島南東沖,42°55.2′N,146°44.9′E,51 km,4,震度１,42.92,146.7483333
2007/3/6,8:55:48,西表島付近,24°05.9′N,123°35.4′E,41 km,4.6,震度２,24.09833333,123.59
2007/3/6,10:13:35,宮城県沖,38°30.2′N,142°08.1′E,29 km,3.5,震度１,38.50333333,142.135
2007/3/6,11:00:11,日高地方中部,42°18.2′N,142°34.5′E,7 km,3.1,震度３,42.30333333,142.575
2007/3/6,17:41:17,根室半島南東沖,43°03.8′N,146°07.5′E,47 km,3.4,震度１,43.06333333,146.125
2007/3/7,4:41:38,岐阜県飛騨地方,36°00.1′N,137°20.6′E,12 km,2.7,震度１,36.00166667,137.3433333
2007/3/7,6:15:12,福島県浜通り,37°34.9′N,140°52.2′E,83 km,3.2,震度１,37.58166667,140.87
2007/3/7,14:53:22,根室地方北部,43°44.5′N,144°44.4′E,0 km,3.5,震度２,43.74166667,144.74
2007/3/7,18:14:27,群馬県南部,36°26.4′N,139°13.1′E,7 km,2.7,震度２,36.44,139.2183333
2007/3/7,21:02:07,奄美大島北東沖,29°35.4′N,130°06.4′E,23 km,3.5,震度１,29.59,130.1066667
2007/3/7,21:54:59,岐阜県飛騨地方,36°00.1′N,137°20.6′E,12 km,2.5,震度１,36.00166667,137.3433333
2007/3/7,21:59:26,秋田県内陸北部,40°05.3′N,140°18.2′E,16 km,4.2,震度４,40.08833333,140.3033333
2007/3/7,23:52:15,紀伊水道,34°09.6′N,135°10.8′E,4 km,1.8,震度１,34.16,135.18
2007/3/8,5:14:33,北海道東方沖,43°06.6′N,146°58.2′E,55 km,4.4,震度１,43.11,146.97
2007/3/8,6:47:25,天草灘,32°03.4′N,129°59.7′E,10 km,3.2,震度１,32.05666667,129.995
2007/3/8,10:25:39,十勝沖,41°40.7′N,143°15.6′E,29 km,4,震度１,41.67833333,143.26
2007/3/8,14:03:29,鳥島近海,29°52.1′N,140°53.6′E,152 km,6,震度２,29.86833333,140.8933333
2007/3/8,23:29:42,千葉県東方沖,35°33.8′N,141°02.3′E,38 km,4.2,震度１,35.56333333,141.0383333
2007/3/9,8:13:15,和歌山県北部,33°53.6′N,135°19.8′E,51 km,3.3,震度１,33.89333333,135.33
2007/3/9,10:11:44,京都府南部,35°09.1′N,135°31.0′E,12 km,2.6,震度１,35.15166667,135.5166667
2007/3/9,12:22:43,日本海北部,43°00.8′N,134°17.3′E,501 km,6.2,震度２,43.01333333,134.2883333
2007/3/9,16:00:55,北海道東方沖,43°26.4′N,146°56.0′E,56 km,4.4,震度２,43.44,146.9333333
2007/3/9,16:28:47,浦河沖,42°06.8′N,142°37.0′E,65 km,3.5,震度１,42.11333333,142.6166667
2007/3/9,19:42:47,岐阜県美濃中西部,35°13.6′N,136°36.8′E,14 km,3,震度１,35.22666667,136.6133333
2007/3/10,0:47:07,新潟県中越地方,37°08.9′N,138°38.7′E,9 km,4,震度３,37.14833333,138.645
2007/3/10,1:03:20,新潟県中越地方,37°08.8′N,138°38.8′E,10 km,2.2,震度１,37.14666667,138.6466667
2007/3/10,1:08:13,新潟県中越地方,37°08.8′N,138°38.8′E,10 km,2.1,震度１,37.14666667,138.6466667
2007/3/10,1:49:55,釧路沖,42°59.0′N,145°17.5′E,48 km,3.2,震度１,42.98333333,145.2916667
2007/3/10,4:32:10,新潟県中越地方,37°08.8′N,138°39.1′E,10 km,2.9,震度２,37.14666667,138.6516667
2007/3/10,4:43:06,新潟県中越地方,37°08.6′N,138°39.0′E,10 km,1.8,震度１,37.14333333,138.65
2007/3/10,6:32:47,新潟県中越地方,37°08.8′N,138°38.5′E,8 km,2.3,震度２,37.14666667,138.6416667
2007/3/10,11:18:04,新潟県中越地方,37°08.5′N,138°38.6′E,11 km,1.9,震度１,37.14166667,138.6433333
2007/3/10,17:47:40,埼玉県北部,35°59.7′N,139°13.7′E,21 km,2.8,震度１,35.995,139.2283333
2007/3/11,16:09:26,北海道東方沖,43°40.3′N,147°46.2′E,13 km,5.6,震度３,43.67166667,147.77
2007/3/11,17:02:16,京都府南部,35°08.9′N,135°40.1′E,6 km,2.7,震度２,35.14833333,135.6683333
2007/3/11,22:19:30,鹿児島県薩摩地方,31°58.2′N,130°25.7′E,7 km,3,震度２,31.97,130.4283333
2007/3/12,7:01:19,愛知県西部,34°52.2′N,136°52.9′E,13 km,2.6,震度１,34.87,136.8816667
2007/3/12,16:44:42,新潟県中越地方,37°08.7′N,138°39.0′E,10 km,2.2,震度１,37.145,138.65
2007/3/12,20:32:09,胆振地方中東部,42°43.1′N,141°37.2′E,145 km,4.5,震度２,42.71833333,141.62
2007/3/13,3:59:27,千島列島,45°53.4′N,151°55.0′E,163 km,5.4,震度１,45.89,151.9166667
2007/3/13,9:14:32,伊豆半島東方沖,35°05.8′N,139°09.4′E,5 km,3,震度１,35.09666667,139.1566667
2007/3/13,22:31:44,青森県下北地方,41°17.7′N,141°17.5′E,8 km,2,震度１,41.295,141.2916667
2007/3/14,22:39:27,山形県庄内地方,38°51.3′N,139°49.4′E,21 km,3.3,震度２,38.855,139.8233333
2007/3/14,22:39:47,千葉県北東部,35°42.3′N,140°42.6′E,52 km,4.7,震度２,35.705,140.71
2007/3/15,12:31:24,和歌山県南部,33°35.4′N,135°45.6′E,25 km,2.7,震度１,33.59,135.76
2007/3/15,14:43:11,苫小牧沖,41°56.5′N,141°23.3′E,123 km,4.5,震度２,41.94166667,141.3883333
2007/3/15,17:10:58,奄美大島近海,28°00.3′N,128°48.6′E,41 km,2.8,震度１,28.005,128.81
2007/3/16,7:40:18,伊豆大島近海,34°41.3′N,139°26.0′E,0 km,,震度１,34.68833333,139.4333333
2007/3/16,9:18:18,北海道南西沖,41°59.1′N,139°51.0′E,13 km,3.4,震度２,41.985,139.85
2007/3/16,19:24:35,伊豆大島近海,34°49.5′N,139°30.1′E,27 km,2.5,震度１,34.825,139.5016667
2007/3/16,19:29:02,群馬県北部,36°42.7′N,139°20.3′E,8 km,2.1,震度１,36.71166667,139.3383333
2007/3/16,19:58:26,根室半島南東沖,43°10.0′N,145°34.9′E,51 km,3.8,震度２,43.16666667,145.5816667
2007/3/16,21:28:51,福岡県北西沖,33°46.5′N,130°06.7′E,10 km,3,震度１,33.775,130.1116667
2007/3/17,10:56:58,新島・神津島近海,34°20.4′N,139°09.7′E,0 km,1.8,震度１,34.34,139.1616667
2007/3/17,13:13:21,長野県南部,35°46.1′N,137°32.9′E,6 km,2.2,震度１,35.76833333,137.5483333
2007/3/17,13:31:07,熊本県熊本地方,32°37.1′N,130°49.7′E,5 km,2.7,震度１,32.61833333,130.8283333
2007/3/17,20:40:23,青森県東方沖,40°58.6′N,142°00.1′E,57 km,4,震度２,40.97666667,142.0016667
2007/3/18,10:25:23,十勝沖,42°03.3′N,144°10.5′E,59 km,5.6,震度３,42.055,144.175
2007/3/19,7:17:45,上川地方南部,43°19.8′N,142°22.8′E,6 km,2.1,震度１,43.33,142.38
2007/3/19,10:06:40,奄美大島近海,28°16.1′N,129°27.7′E,37 km,2.9,震度１,28.26833333,129.4616667
2007/3/20,7:18:21,奄美大島近海,28°18.3′N,129°34.1′E,35 km,3.4,震度１,28.305,129.5683333
2007/3/20,16:26:14,岐阜県飛騨地方,36°19.4′N,137°04.7′E,5 km,2.6,震度２,36.32333333,137.0783333
2007/3/21,1:48:40,大隅半島東方沖,31°19.8′N,131°20.4′E,42 km,3.4,震度１,31.33,131.34
2007/3/21,1:54:30,紀伊水道,33°49.9′N,134°58.1′E,10 km,3,震度１,33.83166667,134.9683333
2007/3/21,3:35:20,十勝沖,42°32.1′N,143°50.5′E,61 km,3.8,震度１,42.535,143.8416667
2007/3/21,9:19:19,苫小牧沖,41°39.8′N,141°26.9′E,130 km,4.3,震度２,41.66333333,141.4483333
2007/3/21,10:26:51,浦河沖,41°54.1′N,142°55.6′E,44 km,3.2,震度１,41.90166667,142.9266667
2007/3/21,23:12:26,茨城県沖,36°39.1′N,140°57.5′E,49 km,3.3,震度１,36.65166667,140.9583333
2007/3/22,10:28:56,埼玉県南部,35°57.5′N,139°48.4′E,78 km,4.2,震度３,35.95833333,139.8066667
2007/3/22,18:27:30,熊本県熊本地方,32°37.1′N,130°49.6′E,6 km,4,震度３,32.61833333,130.8266667
2007/3/22,19:19:29,熊本県熊本地方,32°37.2′N,130°49.8′E,5 km,2,震度１,32.62,130.83
2007/3/23,15:38:48,浦河沖,41°58.4′N,142°32.6′E,66 km,4.2,震度１,41.97333333,142.5433333
2007/3/23,22:37:06,熊本県熊本地方,32°37.1′N,130°49.6′E,6 km,4.1,震度４,32.61833333,130.8266667
2007/3/24,10:17:28,熊本県熊本地方,32°37.2′N,130°49.7′E,5 km,3,震度３,32.62,130.8283333
2007/3/25,0:50:42,山梨県中・西部,35°43.5′N,138°47.5′E,14 km,3.3,震度２,35.725,138.7916667
2007/3/25,5:34:05,和歌山県北部,34°15.8′N,135°26.1′E,7 km,2.8,震度２,34.26333333,135.435
2007/3/25,9:41:58,能登半島沖,37°13.2′N,136°41.1′E,11 km,6.9,震度６強,37.22,136.685
2007/3/25,9:45:50,能登半島沖,37°12.1′N,136°39.9′E,6 km,4.7,震度４,37.20166667,136.665
2007/3/25,9:48:35,石川県能登地方,37°13.1′N,136°42.0′E,9 km,4.4,震度３,37.21833333,136.7
2007/3/25,9:51:03,能登半島沖,37°10.8′N,136°38.4′E,10 km,4.1,震度３,37.18,136.64
2007/3/25,9:52:37,能登半島沖,37°18.8′N,136°42.4′E,5 km,4.5,震度４,37.31333333,136.7066667
2007/3/25,9:54:52,能登半島沖,37°16.5′N,136°42.0′E,7 km,4.5,震度３,37.275,136.7
2007/3/25,9:56:31,石川県能登地方,37°13.7′N,136°43.4′E,10 km,4.7,震度３,37.22833333,136.7233333
2007/3/25,9:59:57,石川県能登地方,37°14.0′N,136°43.8′E,9 km,3.7,震度２,37.23333333,136.73
2007/3/25,10:01:19,石川県能登地方,37°13.7′N,136°43.9′E,11 km,3.7,震度２,37.22833333,136.7316667
2007/3/25,10:03:00,能登半島沖,37°09.4′N,136°39.2′E,10 km,3.4,震度１,37.15666667,136.6533333
2007/3/25,10:03:55,石川県能登地方,37°13.5′N,136°44.7′E,10 km,3.4,震度１,37.225,136.745
2007/3/25,10:05:13,石川県能登地方,37°11.9′N,136°41.7′E,12 km,3.4,震度１,37.19833333,136.695
2007/3/25,10:06:17,石川県能登地方,37°14.1′N,136°43.8′E,10 km,3.7,震度３,37.235,136.73
2007/3/25,10:07:44,能登半島沖,37°13.5′N,136°39.3′E,6 km,3.2,震度１,37.225,136.655
2007/3/25,10:10:12,能登半島沖,37°15.2′N,136°41.2′E,6 km,3.6,震度２,37.25333333,136.6866667
2007/3/25,10:11:27,石川県能登地方,37°17.6′N,136°45.1′E,8 km,4.5,震度３,37.29333333,136.7516667
2007/3/25,10:12:49,能登半島沖,37°11.1′N,136°39.2′E,10 km,3.3,震度１,37.185,136.6533333
2007/3/25,10:14:12,石川県能登地方,37°13.9′N,136°42.4′E,9 km,3,震度１,37.23166667,136.7066667
2007/3/25,10:16:13,能登半島沖,37°13.8′N,136°39.4′E,5 km,4.1,震度３,37.23,136.6566667
2007/3/25,10:18:10,能登半島沖,37°12.4′N,136°40.1′E,5 km,3.2,震度２,37.20666667,136.6683333
2007/3/25,10:20:40,能登半島沖,37°12.1′N,136°36.6′E,5 km,3.2,震度１,37.20166667,136.61
2007/3/25,10:21:42,能登半島沖,37°10.6′N,136°37.1′E,9 km,3.5,震度２,37.17666667,136.6183333
2007/3/25,10:23:29,能登半島沖,37°16.0′N,136°41.9′E,7 km,3.1,震度１,37.26666667,136.6983333
2007/3/25,10:25:23,石川県能登地方,37°13.4′N,136°43.5′E,10 km,3.3,震度１,37.22333333,136.725
2007/3/25,10:26:14,能登半島沖,37°12.9′N,136°37.2′E,6 km,3.2,震度１,37.215,136.62
2007/3/25,10:29:19,石川県能登地方,37°14.0′N,136°45.0′E,9 km,3.1,震度１,37.23333333,136.75
2007/3/25,10:32:39,能登半島沖,37°11.6′N,136°38.0′E,7 km,2.8,震度１,37.19333333,136.6333333
2007/3/25,10:36:02,石川県能登地方,37°11.8′N,136°41.9′E,11 km,4.1,震度２,37.19666667,136.6983333
2007/3/25,10:40:42,石川県能登地方,37°17.3′N,136°46.6′E,9 km,2.8,震度１,37.28833333,136.7766667
2007/3/25,10:41:36,能登半島沖,37°10.9′N,136°39.5′E,9 km,2.9,震度１,37.18166667,136.6583333
2007/3/25,10:43:15,石川県能登地方,37°12.3′N,136°43.2′E,11 km,3,震度１,37.205,136.72
2007/3/25,10:46:49,能登半島沖,37°10.7′N,136°34.1′E,0 km,3.5,震度１,37.17833333,136.5683333
2007/3/25,10:49:44,能登半島沖,37°12.0′N,136°41.2′E,12 km,3.4,震度１,37.2,136.6866667
2007/3/25,10:52:00,能登半島沖,37°18.0′N,136°41.7′E,7 km,2.5,震度１,37.3,136.695
2007/3/25,10:53:59,石川県能登地方,37°13.4′N,136°43.4′E,10 km,2.8,震度１,37.22333333,136.7233333
2007/3/25,10:55:10,石川県能登地方,37°12.4′N,136°42.3′E,10 km,3.3,震度１,37.20666667,136.705
2007/3/25,11:02:08,石川県能登地方,37°17.1′N,136°45.7′E,7 km,2.3,震度１,37.285,136.7616667
2007/3/25,11:02:51,能登半島沖,37°14.8′N,136°40.7′E,7 km,3.2,震度１,37.24666667,136.6783333
2007/3/25,11:03:54,石川県能登地方,37°14.9′N,136°43.7′E,10 km,2.6,震度１,37.24833333,136.7283333
2007/3/25,11:04:34,能登半島沖,37°12.5′N,136°40.4′E,5 km,3.2,震度２,37.20833333,136.6733333
2007/3/25,11:04:55,能登半島沖,37°14.2′N,136°41.6′E,5 km,3.5,震度２,37.23666667,136.6933333
2007/3/25,11:06:07,石川県能登地方,37°14.3′N,136°44.9′E,12 km,2.8,震度１,37.23833333,136.7483333
2007/3/25,11:14:44,能登半島沖,37°16.1′N,136°42.9′E,1 km,2.4,震度１,37.26833333,136.715
2007/3/25,11:16:00,石川県能登地方,37°12.1′N,136°43.5′E,12 km,3,震度１,37.20166667,136.725
2007/3/25,11:19:02,能登半島沖,37°16.0′N,136°42.0′E,7 km,4.2,震度３,37.26666667,136.7
2007/3/25,11:22:49,能登半島沖,37°14.6′N,136°38.3′E,1 km,3,震度１,37.24333333,136.6383333
2007/3/25,11:23:52,能登半島沖,37°15.5′N,136°42.8′E,5 km,2.8,震度１,37.25833333,136.7133333
2007/3/25,11:25:08,石川県能登地方,37°11.9′N,136°42.2′E,12 km,3.3,震度１,37.19833333,136.7033333
2007/3/25,11:26:53,石川県能登地方,37°13.2′N,136°43.6′E,10 km,3.3,震度１,37.22,136.7266667
2007/3/25,11:30:51,能登半島沖,37°14.3′N,136°38.7′E,4 km,3.2,震度１,37.23833333,136.645
2007/3/25,11:32:15,能登半島沖,37°13.8′N,136°40.9′E,8 km,3.1,震度１,37.23,136.6816667
2007/3/25,11:33:08,能登半島沖,37°14.5′N,136°40.6′E,6 km,3.6,震度２,37.24166667,136.6766667
2007/3/25,11:38:15,能登半島沖,37°16.1′N,136°39.9′E,8 km,3.9,震度２,37.26833333,136.665
2007/3/25,11:43:41,能登半島沖,37°12.9′N,136°41.5′E,9 km,3.6,震度２,37.215,136.6916667
2007/3/25,11:49:42,能登半島沖,37°15.7′N,136°42.2′E,7 km,3.7,震度２,37.26166667,136.7033333
2007/3/25,11:51:03,石川県能登地方,37°13.6′N,136°44.1′E,11 km,3.5,震度２,37.22666667,136.735
2007/3/25,11:53:06,能登半島沖,37°14.3′N,136°41.5′E,9 km,3.1,震度１,37.23833333,136.6916667
2007/3/25,11:54:09,能登半島沖,37°17.0′N,136°41.8′E,12 km,2.8,震度２,37.28333333,136.6966667
2007/3/25,11:55:59,石川県能登地方,37°14.0′N,136°45.0′E,10 km,2.8,震度１,37.23333333,136.75
2007/3/25,11:58:07,能登半島沖,37°14.0′N,136°37.0′E,3 km,4.2,震度２,37.23333333,136.6166667
2007/3/25,12:03:20,能登半島沖,37°13.9′N,136°41.5′E,10 km,2.9,震度１,37.23166667,136.6916667
2007/3/25,12:04:41,能登半島沖,37°12.8′N,136°38.0′E,4 km,3.3,震度１,37.21333333,136.6333333
2007/3/25,12:14:20,能登半島沖,37°16.0′N,136°42.2′E,5 km,3.4,震度１,37.26666667,136.7033333
2007/3/25,12:17:00,能登半島沖,37°10.5′N,136°38.8′E,9 km,2.6,震度１,37.175,136.6466667
2007/3/25,12:23:05,能登半島沖,37°15.4′N,136°41.6′E,7 km,3.7,震度２,37.25666667,136.6933333
2007/3/25,12:24:07,石川県能登地方,37°11.9′N,136°43.2′E,12 km,3.7,震度２,37.19833333,136.72
2007/3/25,12:26:18,能登半島沖,37°13.4′N,136°40.7′E,10 km,2.8,震度１,37.22333333,136.6783333
2007/3/25,12:38:32,能登半島沖,37°17.2′N,136°44.5′E,8 km,2.8,震度１,37.28666667,136.7416667
2007/3/25,12:40:43,能登半島沖,37°17.4′N,136°43.9′E,9 km,4,震度３,37.29,136.7316667
2007/3/25,12:43:37,能登半島沖,37°13.0′N,136°39.2′E,5 km,3.2,震度２,37.21666667,136.6533333
2007/3/25,12:46:22,能登半島沖,37°16.4′N,136°42.4′E,5 km,2.3,震度１,37.27333333,136.7066667
2007/3/25,12:51:49,能登半島沖,37°10.9′N,136°39.7′E,10 km,3.1,震度１,37.18166667,136.6616667
2007/3/25,12:55:50,能登半島沖,37°11.0′N,136°37.3′E,9 km,2.8,震度１,37.18333333,136.6216667
2007/3/25,12:57:33,石川県能登地方,37°10.7′N,136°41.5′E,11 km,2.9,震度１,37.17833333,136.6916667
2007/3/25,13:01:05,石川県能登地方,37°15.2′N,136°44.1′E,6 km,2.5,震度１,37.25333333,136.735
2007/3/25,13:02:08,石川県能登地方,37°12.4′N,136°43.0′E,12 km,3.9,震度２,37.20666667,136.7166667
2007/3/25,13:03:36,能登半島沖,37°16.2′N,136°42.9′E,4 km,2.6,震度１,37.27,136.715
2007/3/25,13:05:39,能登半島沖,37°15.1′N,136°43.2′E,9 km,2.5,震度１,37.25166667,136.72
2007/3/25,13:23:07,能登半島沖,37°12.7′N,136°37.5′E,6 km,3.4,震度２,37.21166667,136.625
2007/3/25,13:27:10,能登半島沖,37°13.6′N,136°38.3′E,3 km,3.2,震度１,37.22666667,136.6383333
2007/3/25,13:28:54,能登半島沖,37°11.5′N,136°37.2′E,7 km,3.2,震度１,37.19166667,136.62
2007/3/25,13:31:41,能登半島沖,37°10.1′N,136°32.2′E,2 km,3.1,震度１,37.16833333,136.5366667
2007/3/25,13:43:34,能登半島沖,37°13.0′N,136°41.1′E,8 km,2.7,震度１,37.21666667,136.685
2007/3/25,13:54:53,石川県能登地方,37°13.2′N,136°42.9′E,11 km,3.4,震度１,37.22,136.715
2007/3/25,13:56:18,能登半島沖,37°12.8′N,136°41.2′E,10 km,3.5,震度１,37.21333333,136.6866667
2007/3/25,14:03:25,能登半島沖,37°08.4′N,136°36.3′E,8 km,2.3,震度１,37.14,136.605
2007/3/25,14:05:03,石川県能登地方,37°13.9′N,136°46.6′E,9 km,2.7,震度１,37.23166667,136.7766667
2007/3/25,14:06:23,能登半島沖,37°11.4′N,136°39.8′E,10 km,3,震度１,37.19,136.6633333
2007/3/25,14:08:19,石川県能登地方,37°12.3′N,136°42.3′E,13 km,3.5,震度２,37.205,136.705
2007/3/25,14:10:10,能登半島沖,37°12.8′N,136°40.8′E,7 km,2.8,震度１,37.21333333,136.68
2007/3/25,14:12:20,石川県能登地方,37°13.0′N,136°43.1′E,10 km,2.3,震度１,37.21666667,136.7183333
2007/3/25,14:15:50,能登半島沖,37°14.1′N,136°42.0′E,7 km,3,震度１,37.235,136.7
2007/3/25,14:16:54,石川県能登地方,37°16.9′N,136°45.7′E,8 km,3.7,震度１,37.28166667,136.7616667
2007/3/25,14:21:04,能登半島沖,37°13.3′N,136°36.5′E,3 km,4.1,震度３,37.22166667,136.6083333
2007/3/25,14:41:03,石川県能登地方,37°13.8′N,136°43.5′E,10 km,3.5,震度２,37.23,136.725
2007/3/25,14:54:18,能登半島沖,37°11.0′N,136°40.2′E,9 km,3,震度１,37.18333333,136.67
2007/3/25,14:55:17,石川県能登地方,37°09.9′N,136°41.7′E,10 km,3.8,震度２,37.165,136.695
2007/3/25,14:59:42,石川県能登地方,37°13.4′N,136°44.1′E,9 km,3,震度１,37.22333333,136.735
2007/3/25,15:07:25,能登半島沖,37°15.0′N,136°43.7′E,7 km,2.9,震度１,37.25,136.7283333
2007/3/25,15:13:53,石川県能登地方,37°13.3′N,136°43.1′E,10 km,3.2,震度１,37.22166667,136.7183333
2007/3/25,15:18:37,能登半島沖,37°12.8′N,136°36.4′E,1 km,2.9,震度１,37.21333333,136.6066667
2007/3/25,15:23:39,能登半島沖,37°12.8′N,136°41.6′E,10 km,3,震度１,37.21333333,136.6933333
2007/3/25,15:25:11,石川県能登地方,37°09.4′N,136°41.1′E,11 km,3.8,震度１,37.15666667,136.685
2007/3/25,15:26:59,能登半島沖,37°12.3′N,136°36.4′E,4 km,3.7,震度２,37.205,136.6066667
2007/3/25,15:34:00,能登半島沖,37°14.5′N,136°38.0′E,4 km,3.2,震度１,37.24166667,136.6333333
2007/3/25,15:36:16,能登半島沖,37°17.3′N,136°44.2′E,8 km,2.4,震度１,37.28833333,136.7366667
2007/3/25,15:43:31,石川県能登地方,37°17.6′N,136°46.3′E,9 km,4.5,震度４,37.29333333,136.7716667
2007/3/25,15:48:40,石川県能登地方,37°17.4′N,136°46.7′E,8 km,3.4,震度２,37.29,136.7783333
2007/3/25,15:56:00,石川県能登地方,37°17.3′N,136°46.0′E,9 km,2.5,震度２,37.28833333,136.7666667
2007/3/25,15:57:00,石川県能登地方,37°13.7′N,136°44.0′E,11 km,3.8,震度３,37.22833333,136.7333333
2007/3/25,15:59:30,能登半島沖,37°13.7′N,136°41.3′E,8 km,2.8,震度１,37.22833333,136.6883333
2007/3/25,16:00:41,能登半島沖,37°16.0′N,136°41.2′E,6 km,3.4,震度２,37.26666667,136.6866667
2007/3/25,16:05:07,石川県能登地方,37°12.8′N,136°42.1′E,11 km,3,震度１,37.21333333,136.7016667
2007/3/25,16:14:13,能登半島沖,37°16.3′N,136°43.0′E,9 km,3.1,震度２,37.27166667,136.7166667
2007/3/25,16:15:37,石川県能登地方,37°14.4′N,136°43.3′E,10 km,3.3,震度２,37.24,136.7216667
2007/3/25,16:22:47,能登半島沖,37°17.0′N,136°44.3′E,7 km,2.1,震度１,37.28333333,136.7383333
2007/3/25,16:25:13,石川県能登地方,37°13.6′N,136°44.9′E,10 km,3,震度１,37.22666667,136.7483333
2007/3/25,16:26:54,能登半島沖,37°16.6′N,136°42.5′E,5 km,2.3,震度１,37.27666667,136.7083333
2007/3/25,16:29:23,能登半島沖,37°13.2′N,136°40.0′E,7 km,3.1,震度１,37.22,136.6666667
2007/3/25,16:36:24,能登半島沖,37°16.0′N,136°42.2′E,8 km,3.3,震度１,37.26666667,136.7033333
2007/3/25,16:39:02,能登半島沖,37°09.5′N,136°38.3′E,10 km,3.2,震度２,37.15833333,136.6383333
2007/3/25,16:53:23,能登半島沖,37°13.2′N,136°39.9′E,8 km,3.7,震度２,37.22,136.665
2007/3/25,17:08:50,能登半島沖,37°10.9′N,136°40.6′E,10 km,3.4,震度２,37.18166667,136.6766667
2007/3/25,17:12:11,石川県能登地方,37°14.8′N,136°45.0′E,11 km,2.9,震度１,37.24666667,136.75
2007/3/25,17:17:18,能登半島沖,37°14.1′N,136°40.8′E,8 km,3,震度１,37.235,136.68
2007/3/25,17:19:13,能登半島沖,37°17.3′N,136°44.0′E,8 km,2.8,震度１,37.28833333,136.7333333
2007/3/25,17:33:07,石川県能登地方,37°18.8′N,136°46.6′E,11 km,3,震度１,37.31333333,136.7766667
2007/3/25,17:37:43,能登半島沖,37°13.9′N,136°41.4′E,8 km,2.8,震度１,37.23166667,136.69
2007/3/25,17:39:11,石川県能登地方,37°16.7′N,136°44.5′E,7 km,3,震度２,37.27833333,136.7416667
2007/3/25,17:52:02,能登半島沖,37°10.6′N,136°33.6′E,1 km,2.9,震度１,37.17666667,136.56
2007/3/25,17:53:59,釧路沖,42°54.3′N,144°56.4′E,57 km,3.9,震度１,42.905,144.94
2007/3/25,17:54:24,石川県能登地方,37°14.6′N,136°43.8′E,10 km,3.8,震度２,37.24333333,136.73
2007/3/25,18:11:45,石川県能登地方,37°18.2′N,136°50.3′E,13 km,5.3,震度５弱,37.30333333,136.8383333
2007/3/25,18:13:38,能登半島沖,37°17.4′N,136°44.1′E,7 km,3.9,震度３,37.29,136.735
2007/3/25,18:15:18,石川県能登地方,37°18.8′N,136°50.9′E,12 km,3.2,震度１,37.31333333,136.8483333
2007/3/25,18:16:52,石川県能登地方,37°18.1′N,136°50.9′E,13 km,2.9,震度１,37.30166667,136.8483333
2007/3/25,18:23:17,石川県能登地方,37°17.8′N,136°51.1′E,12 km,4.2,震度３,37.29666667,136.8516667
2007/3/25,18:29:13,能登半島沖,37°15.5′N,136°41.3′E,6 km,2.7,震度１,37.25833333,136.6883333
2007/3/25,18:41:05,能登半島沖,37°13.6′N,136°36.5′E,1 km,3.6,震度２,37.22666667,136.6083333
2007/3/25,19:02:34,能登半島沖,37°11.2′N,136°38.8′E,11 km,3.5,震度２,37.18666667,136.6466667
2007/3/25,19:04:37,石川県能登地方,37°19.3′N,136°50.4′E,13 km,3.5,震度２,37.32166667,136.84
2007/3/25,19:07:26,能登半島沖,37°12.0′N,136°39.2′E,9 km,3.1,震度１,37.2,136.6533333
2007/3/25,19:11:18,能登半島沖,37°08.8′N,136°38.2′E,7 km,2.3,震度１,37.14666667,136.6366667
2007/3/25,19:53:00,能登半島沖,37°10.3′N,136°33.3′E,7 km,3,震度２,37.17166667,136.555
2007/3/25,19:53:42,奄美大島近海,28°07.7′N,129°12.8′E,24 km,3.3,震度１,28.12833333,129.2133333
2007/3/25,20:34:53,能登半島沖,37°12.6′N,136°37.6′E,6 km,2.5,震度１,37.21,136.6266667
2007/3/25,20:52:15,石川県能登地方,37°14.2′N,136°44.9′E,11 km,3.1,震度１,37.23666667,136.7483333
2007/3/25,20:56:20,能登半島沖,37°16.0′N,136°42.4′E,9 km,2.6,震度１,37.26666667,136.7066667
2007/3/25,21:02:07,能登半島沖,37°14.1′N,136°39.1′E,5 km,3.4,震度２,37.235,136.6516667
2007/3/25,21:07:28,能登半島沖,37°08.7′N,136°35.4′E,9 km,2.7,震度１,37.145,136.59
2007/3/25,21:08:57,能登半島沖,37°15.2′N,136°43.8′E,5 km,2.5,震度１,37.25333333,136.73
2007/3/25,21:26:36,能登半島沖,37°13.5′N,136°41.9′E,10 km,3.4,震度２,37.225,136.6983333
2007/3/25,21:32:48,石川県能登地方,37°14.4′N,136°46.4′E,13 km,3.2,震度１,37.24,136.7733333
2007/3/25,21:53:19,能登半島沖,37°13.7′N,136°41.0′E,7 km,3,震度１,37.22833333,136.6833333
2007/3/25,22:16:41,石川県能登地方,37°13.1′N,136°43.2′E,9 km,2.5,震度１,37.21833333,136.72
2007/3/25,22:19:03,能登半島沖,37°16.9′N,136°43.6′E,5 km,3,震度１,37.28166667,136.7266667
2007/3/25,22:28:26,石川県能登地方,37°14.7′N,136°46.0′E,10 km,3.5,震度２,37.245,136.7666667
2007/3/25,22:49:26,能登半島沖,37°16.5′N,136°41.8′E,8 km,3.8,震度３,37.275,136.6966667
2007/3/25,22:55:05,石川県能登地方,37°13.5′N,136°43.3′E,10 km,2.9,震度１,37.225,136.7216667
2007/3/25,23:39:02,石川県能登地方,37°16.7′N,136°46.3′E,11 km,3.4,震度１,37.27833333,136.7716667
2007/3/25,23:49:27,石川県能登地方,37°14.3′N,136°44.4′E,11 km,3.3,震度２,37.23833333,136.74
2007/3/25,23:56:15,能登半島沖,37°10.0′N,136°34.2′E,2 km,2.6,震度１,37.16666667,136.57
2007/3/26,0:02:57,石川県能登地方,37°17.1′N,136°46.9′E,10 km,3.3,震度１,37.285,136.7816667
2007/3/26,0:20:10,能登半島沖,37°18.0′N,136°43.8′E,7 km,2.7,震度１,37.3,136.73
2007/3/26,0:21:43,能登半島沖,37°13.1′N,136°39.0′E,6 km,3.6,震度２,37.21833333,136.65
2007/3/26,0:43:54,能登半島沖,37°17.0′N,136°43.5′E,8 km,2.6,震度１,37.28333333,136.725
2007/3/26,0:50:26,能登半島沖,37°15.2′N,136°43.7′E,7 km,2.7,震度１,37.25333333,136.7283333
2007/3/26,0:55:57,能登半島沖,37°09.5′N,136°35.6′E,6 km,2.8,震度１,37.15833333,136.5933333
2007/3/26,1:08:23,石川県能登地方,37°17.2′N,136°46.5′E,9 km,2.9,震度１,37.28666667,136.775
2007/3/26,1:35:17,能登半島沖,37°10.6′N,136°39.3′E,10 km,2.6,震度１,37.17666667,136.655
2007/3/26,2:05:38,能登半島沖,37°14.8′N,136°40.4′E,6 km,3.3,震度２,37.24666667,136.6733333
2007/3/26,2:14:54,能登半島沖,37°09.4′N,136°40.1′E,12 km,4.2,震度３,37.15666667,136.6683333
2007/3/26,2:25:53,能登半島沖,37°11.0′N,136°35.6′E,7 km,3.7,震度２,37.18333333,136.5933333
2007/3/26,2:31:55,石川県能登地方,37°14.7′N,136°46.7′E,10 km,2.8,震度１,37.245,136.7783333
2007/3/26,2:34:30,石川県能登地方,37°12.6′N,136°42.7′E,12 km,3.5,震度２,37.21,136.7116667
2007/3/26,2:36:57,石川県能登地方,37°18.6′N,136°51.6′E,12 km,3,震度１,37.31,136.86
2007/3/26,2:40:24,能登半島沖,37°14.1′N,136°39.2′E,5 km,3.3,震度１,37.235,136.6533333
2007/3/26,3:21:18,石川県能登地方,37°14.0′N,136°44.6′E,11 km,3.6,震度２,37.23333333,136.7433333
2007/3/26,3:32:06,石川県能登地方,37°16.3′N,136°46.5′E,12 km,3.2,震度２,37.27166667,136.775
2007/3/26,4:01:55,能登半島沖,37°08.7′N,136°34.3′E,9 km,2.7,震度１,37.145,136.5716667
2007/3/26,4:03:24,能登半島沖,37°22.2′N,136°43.2′E,9 km,3.5,震度１,37.37,136.72
2007/3/26,4:09:06,能登半島沖,37°10.7′N,136°34.7′E,8 km,3,震度２,37.17833333,136.5783333
2007/3/26,4:36:18,能登半島沖,37°13.0′N,136°37.8′E,6 km,3.1,震度１,37.21666667,136.63
2007/3/26,4:42:42,能登半島沖,37°18.0′N,136°43.6′E,7 km,2.7,震度１,37.3,136.7266667
2007/3/26,5:17:33,能登半島沖,37°18.1′N,136°43.6′E,8 km,2.4,震度１,37.30166667,136.7266667
2007/3/26,5:25:54,能登半島沖,37°15.0′N,136°40.9′E,6 km,2.8,震度１,37.25,136.6816667
2007/3/26,6:46:28,石川県能登地方,37°17.8′N,136°46.2′E,10 km,3.4,震度２,37.29666667,136.77
2007/3/26,7:11:21,石川県能登地方,37°14.0′N,136°44.4′E,11 km,3.3,震度１,37.23333333,136.74
2007/3/26,7:16:36,能登半島沖,37°10.0′N,136°29.3′E,0 km,5.3,震度４,37.16666667,136.4883333
2007/3/26,7:22:09,能登半島沖,37°10.1′N,136°30.7′E,7 km,3.6,震度２,37.16833333,136.5116667
2007/3/26,7:49:21,能登半島沖,37°09.8′N,136°31.1′E,5 km,3.5,震度１,37.16333333,136.5183333
2007/3/26,7:56:57,能登半島沖,37°10.0′N,136°31.8′E,7 km,2.8,震度１,37.16666667,136.53
2007/3/26,7:59:06,能登半島沖,37°10.0′N,136°30.6′E,8 km,3.2,震度１,37.16666667,136.51
2007/3/26,8:01:05,石川県能登地方,37°18.0′N,136°45.9′E,8 km,3.2,震度１,37.3,136.765
2007/3/26,8:39:20,能登半島沖,37°09.0′N,136°31.9′E,7 km,3.2,震度１,37.15,136.5316667
2007/3/26,9:48:21,能登半島沖,37°10.0′N,136°33.8′E,0 km,3.2,震度１,37.16666667,136.5633333
2007/3/26,9:52:27,能登半島沖,37°14.1′N,136°42.5′E,9 km,3.3,震度１,37.235,136.7083333
2007/3/26,9:55:47,能登半島沖,37°13.8′N,136°38.6′E,0 km,3.3,震度１,37.23,136.6433333
2007/3/26,10:40:45,能登半島沖,37°17.2′N,136°41.5′E,6 km,3.1,震度１,37.28666667,136.6916667
2007/3/26,11:27:52,能登半島沖,37°10.7′N,136°32.4′E,7 km,3.1,震度１,37.17833333,136.54
2007/3/26,11:58:15,石川県能登地方,37°13.1′N,136°43.9′E,14 km,3.6,震度１,37.21833333,136.7316667
2007/3/26,12:05:54,能登半島沖,37°14.4′N,136°40.7′E,7 km,3.6,震度３,37.24,136.6783333
2007/3/26,12:27:59,能登半島沖,37°14.3′N,136°40.7′E,7 km,2.7,震度１,37.23833333,136.6783333
2007/3/26,13:05:24,能登半島沖,37°11.9′N,136°38.6′E,9 km,2.9,震度１,37.19833333,136.6433333
2007/3/26,13:16:42,石川県能登地方,37°16.6′N,136°44.6′E,6 km,2.5,震度１,37.27666667,136.7433333
2007/3/26,13:47:41,能登半島沖,37°16.2′N,136°39.4′E,4 km,4.4,震度３,37.27,136.6566667
2007/3/26,13:50:39,石川県能登地方,37°17.4′N,136°47.6′E,7 km,3,震度２,37.29,136.7933333
2007/3/26,13:55:52,能登半島沖,37°16.4′N,136°42.7′E,7 km,2.5,震度１,37.27333333,136.7116667
2007/3/26,14:09:08,石川県能登地方,37°14.1′N,136°46.6′E,8 km,1.7,震度１,37.235,136.7766667
2007/3/26,14:42:55,能登半島沖,37°10.2′N,136°31.8′E,3 km,3.5,震度１,37.17,136.53
2007/3/26,14:46:35,能登半島沖,37°09.9′N,136°33.1′E,9 km,4.8,震度５弱,37.165,136.5516667
2007/3/26,14:51:35,能登半島沖,37°15.9′N,136°42.8′E,4 km,2.6,震度１,37.265,136.7133333
2007/3/26,15:04:31,能登半島沖,37°15.2′N,136°43.6′E,7 km,3.1,震度２,37.25333333,136.7266667
2007/3/26,15:25:29,能登半島沖,37°15.3′N,136°42.9′E,9 km,3.4,震度１,37.255,136.715
2007/3/26,16:00:30,能登半島沖,37°14.4′N,136°41.0′E,6 km,3.1,震度１,37.24,136.6833333
2007/3/26,16:41:16,能登半島沖,37°14.1′N,136°40.7′E,8 km,3.5,震度２,37.235,136.6783333
2007/3/26,16:42:25,能登半島沖,37°16.5′N,136°43.8′E,9 km,2.5,震度１,37.275,136.73
2007/3/26,16:55:33,能登半島沖,37°09.8′N,136°37.5′E,9 km,2.4,震度１,37.16333333,136.625
2007/3/26,17:18:52,長野県南部,35°56.6′N,137°38.9′E,8 km,2.6,震度１,35.94333333,137.6483333
2007/3/26,17:58:27,石川県能登地方,37°13.9′N,136°44.0′E,10 km,3.1,震度１,37.23166667,136.7333333
2007/3/26,18:02:53,能登半島沖,37°16.5′N,136°42.0′E,6 km,4.6,震度４,37.275,136.7
2007/3/26,18:13:08,石川県能登地方,37°17.3′N,136°46.2′E,9 km,1.9,震度１,37.28833333,136.77
2007/3/26,18:26:31,能登半島沖,37°11.6′N,136°39.6′E,10 km,3.6,震度２,37.19333333,136.66
2007/3/26,18:32:09,能登半島沖,37°16.1′N,136°43.5′E,3 km,1.7,震度１,37.26833333,136.725
2007/3/26,18:35:54,能登半島沖,37°09.7′N,136°33.6′E,8 km,3.6,震度２,37.16166667,136.56
2007/3/26,18:37:28,能登半島沖,37°09.6′N,136°33.7′E,8 km,3,震度１,37.16,136.5616667
2007/3/26,20:13:10,石川県能登地方,37°14.3′N,136°43.6′E,10 km,3.2,震度１,37.23833333,136.7266667
2007/3/26,20:45:28,能登半島沖,37°17.3′N,136°43.8′E,8 km,2.4,震度１,37.28833333,136.73
2007/3/26,21:02:24,石川県能登地方,37°17.8′N,136°47.7′E,9 km,2.9,震度１,37.29666667,136.795
2007/3/26,21:04:49,能登半島沖,37°11.9′N,136°36.7′E,7 km,3.6,震度２,37.19833333,136.6116667
2007/3/26,21:20:47,能登半島沖,37°14.7′N,136°42.2′E,8 km,2.8,震度１,37.245,136.7033333
2007/3/26,21:24:04,能登半島沖,37°10.3′N,136°32.6′E,7 km,2.9,震度１,37.17166667,136.5433333
2007/3/26,21:30:26,能登半島沖,37°11.1′N,136°38.8′E,10 km,3.9,震度３,37.185,136.6466667
2007/3/26,21:31:39,能登半島沖,37°16.0′N,136°42.6′E,7 km,2.6,震度１,37.26666667,136.71
2007/3/26,21:42:55,能登半島沖,37°15.7′N,136°42.2′E,7 km,3.9,震度３,37.26166667,136.7033333
2007/3/26,22:11:18,能登半島沖,37°11.2′N,136°33.7′E,2 km,3,震度１,37.18666667,136.5616667
2007/3/26,22:36:26,石川県能登地方,37°15.2′N,136°47.8′E,12 km,3.3,震度１,37.25333333,136.7966667
2007/3/26,23:05:28,能登半島沖,37°09.6′N,136°31.3′E,9 km,3.2,震度１,37.16,136.5216667
2007/3/26,23:34:29,石川県能登地方,37°17.5′N,136°46.9′E,9 km,3.2,震度２,37.29166667,136.7816667
2007/3/26,23:55:34,能登半島沖,37°14.3′N,136°40.2′E,8 km,3.4,震度２,37.23833333,136.67
2007/3/27,1:19:08,石川県能登地方,37°17.4′N,136°47.0′E,9 km,3.1,震度２,37.29,136.7833333
2007/3/27,1:59:15,石川県能登地方,37°17.6′N,136°45.9′E,9 km,3.9,震度３,37.29333333,136.765
2007/3/27,2:27:53,石川県能登地方,37°16.9′N,136°44.4′E,6 km,2.9,震度１,37.28166667,136.74
2007/3/27,3:11:27,石川県能登地方,37°14.9′N,136°49.0′E,13 km,2.9,震度１,37.24833333,136.8166667
2007/3/27,3:24:12,紀伊水道,34°07.9′N,135°06.3′E,9 km,2.7,震度２,34.13166667,135.105
2007/3/27,4:22:22,石川県能登地方,37°17.8′N,136°47.3′E,7 km,3.1,震度１,37.29666667,136.7883333
2007/3/27,6:48:55,能登半島沖,37°10.8′N,136°32.9′E,5 km,3.6,震度２,37.18,136.5483333
2007/3/27,7:16:33,石川県西方沖,37°06.8′N,136°32.8′E,7 km,4.1,震度２,37.11333333,136.5466667
2007/3/27,7:34:09,石川県西方沖,37°06.4′N,136°33.5′E,3 km,3.1,震度１,37.10666667,136.5583333
2007/3/27,7:35:38,石川県西方沖,37°06.5′N,136°33.0′E,4 km,3.1,震度１,37.10833333,136.55
2007/3/27,7:56:48,能登半島沖,37°14.6′N,136°38.4′E,2 km,3.1,震度１,37.24333333,136.64
2007/3/27,7:58:45,石川県西方沖,37°06.6′N,136°33.4′E,0 km,2.8,震度１,37.11,136.5566667
2007/3/27,8:32:30,石川県能登地方,37°12.0′N,136°43.8′E,11 km,2.9,震度１,37.2,136.73
2007/3/27,8:45:36,石川県能登地方,37°17.4′N,136°45.0′E,5 km,2.9,震度１,37.29,136.75
2007/3/27,9:38:36,能登半島沖,37°12.9′N,136°41.2′E,9 km,3.1,震度１,37.215,136.6866667
2007/3/27,9:42:54,能登半島沖,37°15.6′N,136°41.2′E,6 km,3.5,震度１,37.26,136.6866667
2007/3/27,10:01:24,石川県能登地方,37°21.1′N,136°49.1′E,5 km,2.5,震度１,37.35166667,136.8183333
2007/3/27,11:33:25,能登半島沖,37°13.6′N,136°40.7′E,7 km,3.8,震度２,37.22666667,136.6783333
2007/3/27,11:48:03,石川県能登地方,37°18.6′N,136°46.7′E,0 km,1.8,震度１,37.31,136.7783333
2007/3/27,12:28:04,石川県能登地方,37°14.5′N,136°44.9′E,11 km,3.8,震度２,37.24166667,136.7483333
2007/3/27,12:36:01,能登半島沖,37°17.3′N,136°44.8′E,8 km,2.5,震度２,37.28833333,136.7466667
2007/3/27,12:40:39,石川県能登地方,37°17.2′N,136°45.7′E,9 km,3.4,震度２,37.28666667,136.7616667
2007/3/27,13:24:26,石川県能登地方,37°18.7′N,136°45.9′E,6 km,2.4,震度１,37.31166667,136.765
2007/3/27,13:35:25,石川県能登地方,37°18.7′N,136°45.2′E,7 km,2.4,震度１,37.31166667,136.7533333
2007/3/27,16:28:52,島根県東部,35°22.7′N,133°16.4′E,10 km,2.3,震度１,35.37833333,133.2733333
2007/3/27,19:17:27,能登半島沖,37°17.3′N,136°44.3′E,8 km,2.6,震度１,37.28833333,136.7383333
2007/3/27,20:11:42,能登半島沖,37°13.1′N,136°41.0′E,10 km,3.3,震度１,37.21833333,136.6833333
2007/3/27,21:18:55,岩手県内陸南部,39°25.4′N,140°44.7′E,15 km,3.7,震度２,39.42333333,140.745
2007/3/27,23:04:15,能登半島沖,37°10.6′N,136°37.1′E,8 km,3.5,震度３,37.17666667,136.6183333
2007/3/27,23:05:15,能登半島沖,37°10.5′N,136°37.0′E,7 km,2.1,震度１,37.175,136.6166667
2007/3/27,23:14:23,能登半島沖,37°17.4′N,136°43.7′E,9 km,3.1,震度２,37.29,136.7283333
2007/3/28,0:13:51,石川県能登地方,37°16.5′N,136°47.0′E,0 km,1.6,震度１,37.275,136.7833333
2007/3/28,0:57:11,能登半島沖,37°15.0′N,136°43.2′E,10 km,4,震度３,37.25,136.72
2007/3/28,3:32:24,石川県能登地方,37°16.2′N,136°46.0′E,10 km,2.6,震度１,37.27,136.7666667
2007/3/28,4:37:54,能登半島沖,37°12.9′N,136°39.5′E,6 km,2.9,震度１,37.215,136.6583333
2007/3/28,4:45:00,石川県能登地方,37°17.4′N,136°45.4′E,8 km,3.1,震度２,37.29,136.7566667
2007/3/28,5:18:43,石川県能登地方,37°18.9′N,136°46.2′E,9 km,2.6,震度１,37.315,136.77
2007/3/28,6:08:04,石川県能登地方,37°17.8′N,136°46.5′E,9 km,2.4,震度１,37.29666667,136.775
2007/3/28,8:08:15,石川県能登地方,37°13.3′N,136°42.5′E,13 km,4.9,震度５弱,37.22166667,136.7083333
2007/3/28,8:47:42,石川県西方沖,37°04.9′N,136°29.7′E,0 km,3,震度１,37.08166667,136.495
2007/3/28,9:39:19,国後島付近,44°38.9′N,146°19.8′E,194 km,5.1,震度２,44.64833333,146.33
2007/3/28,10:51:03,能登半島沖,37°10.5′N,136°36.7′E,10 km,4.6,震度３,37.175,136.6116667
2007/3/28,11:05:24,石川県能登地方,37°21.3′N,136°48.6′E,4 km,1.8,震度１,37.355,136.81
2007/3/28,11:45:40,石川県能登地方,37°17.3′N,136°47.9′E,11 km,2.9,震度１,37.28833333,136.7983333
2007/3/28,13:05:31,能登半島沖,37°16.9′N,136°40.9′E,7 km,4.7,震度４,37.28166667,136.6816667
2007/3/28,14:36:49,能登半島沖,37°16.5′N,136°40.6′E,7 km,3.5,震度２,37.275,136.6766667
2007/3/28,14:39:35,新潟県中越地方,37°09.2′N,138°39.2′E,9 km,2,震度１,37.15333333,138.6533333
2007/3/28,16:20:22,石川県能登地方,37°16.3′N,136°45.1′E,7 km,2.8,震度１,37.27166667,136.7516667
2007/3/28,18:00:10,岐阜県美濃中西部,35°23.7′N,136°56.9′E,9 km,2.5,震度１,35.395,136.9483333
2007/3/28,18:09:43,能登半島沖,37°16.4′N,136°41.9′E,7 km,2.7,震度１,37.27333333,136.6983333
2007/3/28,19:23:27,石川県能登地方,37°17.6′N,136°45.3′E,9 km,2.5,震度１,37.29333333,136.755
2007/3/28,20:13:04,奄美大島近海,27°40.8′N,128°58.3′E,19 km,2.8,震度１,27.68,128.9716667
2007/3/28,21:14:11,能登半島沖,37°14.0′N,136°41.1′E,9 km,2.9,震度１,37.23333333,136.685
2007/3/28,21:16:39,能登半島沖,37°11.4′N,136°34.9′E,6 km,3.8,震度３,37.19,136.5816667
2007/3/28,22:13:31,奄美大島近海,28°07.6′N,129°16.5′E,35 km,3.9,震度２,28.12666667,129.275
2007/3/28,23:54:57,能登半島沖,37°14.8′N,136°40.9′E,7 km,3.2,震度１,37.24666667,136.6816667
2007/3/29,0:15:29,石川県能登地方,37°15.0′N,136°47.0′E,12 km,3.3,震度１,37.25,136.7833333
2007/3/29,2:52:04,石川県能登地方,37°18.4′N,136°45.8′E,9 km,2.9,震度１,37.30666667,136.7633333
2007/3/29,3:17:08,能登半島沖,37°09.6′N,136°40.2′E,11 km,3.2,震度１,37.16,136.67
2007/3/29,4:32:01,能登半島沖,37°14.7′N,136°42.0′E,8 km,3.4,震度２,37.245,136.7
2007/3/29,5:15:01,能登半島沖,37°09.3′N,136°34.1′E,8 km,2.5,震度１,37.155,136.5683333
2007/3/29,6:26:55,石川県能登地方,37°16.8′N,136°46.2′E,8 km,3.1,震度１,37.28,136.77
2007/3/29,8:18:13,石川県能登地方,37°16.2′N,136°47.2′E,12 km,2.7,震度１,37.27,136.7866667
2007/3/29,10:46:19,能登半島沖,37°13.7′N,136°41.3′E,8 km,3.8,震度２,37.22833333,136.6883333
2007/3/29,12:29:57,能登半島沖,37°13.0′N,136°36.2′E,2 km,2.9,震度１,37.21666667,136.6033333
2007/3/29,15:34:15,能登半島沖,37°10.6′N,136°37.6′E,11 km,3.5,震度２,37.17666667,136.6266667
2007/3/29,19:14:22,能登半島沖,37°21.3′N,136°41.0′E,8 km,2.8,震度１,37.355,136.6833333
2007/3/29,19:27:28,能登半島沖,37°11.4′N,136°38.7′E,11 km,2.7,震度１,37.19,136.645
2007/3/29,20:10:48,能登半島沖,37°15.3′N,136°43.6′E,7 km,2.6,震度１,37.255,136.7266667
2007/3/29,22:40:16,茨城県南部,36°02.0′N,140°05.9′E,64 km,3.4,震度１,36.03333333,140.0983333
2007/3/30,0:46:23,能登半島沖,37°15.0′N,136°43.7′E,6 km,2.3,震度１,37.25,136.7283333
2007/3/30,1:09:56,石川県能登地方,37°18.4′N,136°46.0′E,11 km,3,震度１,37.30666667,136.7666667
2007/3/30,2:05:36,石川県能登地方,37°13.5′N,136°43.6′E,11 km,3.5,震度１,37.225,136.7266667
2007/3/30,2:48:34,能登半島沖,37°12.1′N,136°39.9′E,10 km,2.7,震度１,37.20166667,136.665
2007/3/30,3:51:17,石川県能登地方,37°14.2′N,136°45.1′E,2 km,2.8,震度１,37.23666667,136.7516667
2007/3/30,4:18:15,能登半島沖,37°17.3′N,136°44.1′E,8 km,3.1,震度２,37.28833333,136.735
2007/3/30,4:58:45,石川県西方沖,37°06.6′N,136°33.0′E,1 km,3.2,震度１,37.11,136.55
2007/3/30,5:21:28,十勝地方南部,42°15.9′N,143°09.2′E,47 km,4.7,震度３,42.265,143.1533333
2007/3/30,6:54:45,新潟県中越地方,37°10.2′N,138°40.1′E,10 km,2.2,震度１,37.17,138.6683333
2007/3/30,9:35:52,石川県能登地方,37°18.1′N,136°46.2′E,9 km,2.5,震度１,37.30166667,136.77
2007/3/30,11:07:04,和歌山県南方沖,33°12.7′N,135°49.9′E,31 km,3.7,震度１,33.21166667,135.8316667
2007/3/30,14:04:54,能登半島沖,37°18.2′N,136°35.9′E,8 km,3.7,震度１,37.30333333,136.5983333
2007/3/30,15:21:44,石川県能登地方,37°17.5′N,136°46.6′E,9 km,2.7,震度１,37.29166667,136.7766667
2007/3/30,15:57:14,石川県能登地方,37°14.6′N,136°44.7′E,10 km,3.1,震度１,37.24333333,136.745
2007/3/30,18:05:06,国後島付近,43°57.2′N,146°19.2′E,99 km,5.6,震度３,43.95333333,146.32
2007/3/30,19:41:31,石川県能登地方,37°20.2′N,136°45.7′E,4 km,2.7,震度１,37.33666667,136.7616667
2007/3/30,19:51:05,宮城県沖,38°47.9′N,141°34.8′E,72 km,3.1,震度１,38.79833333,141.58
2007/3/30,20:02:08,石川県能登地方,37°14.4′N,136°44.7′E,11 km,2.8,震度１,37.24,136.745
2007/3/30,20:55:17,石川県能登地方,37°18.4′N,136°46.3′E,9 km,2.8,震度１,37.30666667,136.7716667
2007/3/30,22:02:06,能登半島沖,37°16.5′N,136°40.6′E,7 km,2.8,震度１,37.275,136.6766667
2007/3/31,1:30:33,石川県能登地方,37°17.7′N,136°47.0′E,10 km,2.9,震度１,37.295,136.7833333
2007/3/31,2:28:14,愛知県西部,34°54.4′N,136°54.0′E,15 km,3.2,震度２,34.90666667,136.9
2007/3/31,3:03:55,熊本県熊本地方,32°52.4′N,130°48.5′E,13 km,2.6,震度１,32.87333333,130.8083333
2007/3/31,8:09:47,石川県能登地方,37°14.0′N,136°45.5′E,13 km,4.4,震度３,37.23333333,136.7583333
2007/3/31,10:27:03,能登半島沖,37°13.1′N,136°38.8′E,6 km,3.2,震度１,37.21833333,136.6466667
2007/3/31,13:17:01,能登半島沖,37°11.5′N,136°39.6′E,10 km,2.7,震度１,37.19166667,136.66
2007/3/31,15:34:02,能登半島沖,37°14.3′N,136°41.3′E,6 km,3.3,震度２,37.23833333,136.6883333
2007/3/31,16:01:36,石川県能登地方,37°14.8′N,136°43.8′E,5 km,2.4,震度１,37.24666667,136.73
2007/3/31,18:52:13,能登半島沖,37°11.5′N,136°40.1′E,9 km,2.5,震度１,37.19166667,136.6683333
2007/3/31,20:32:15,能登半島沖,37°11.4′N,136°35.7′E,6 km,2.6,震度１,37.19,136.595
2007/3/31,22:32:09,宮城県北部,38°52.0′N,141°35.3′E,77 km,4.8,震度３,38.86666667,141.5883333
2007/3/31,23:58:59,能登半島沖,37°08.6′N,136°35.9′E,9 km,2.8,震度１,37.14333333,136.5983333
2007/4/1,1:44:10,能登半島沖,37°14.2′N,136°41.8′E,9 km,3,震度１,37.23666667,136.6966667
2007/4/1,5:32:30,石川県能登地方,37°18.6′N,136°46.4′E,10 km,3,震度１,37.31,136.7733333
2007/4/1,7:23:32,福島県会津,37°02.5′N,139°22.6′E,8 km,2.4,震度１,37.04166667,139.3766667
2007/4/1,10:07:04,栃木県北部,36°45.7′N,139°27.6′E,6 km,2,震度１,36.76166667,139.46
2007/4/1,10:25:27,能登半島沖,37°13.2′N,136°36.0′E,3 km,3.4,震度１,37.22,136.6
2007/4/1,11:51:03,東海道南方沖,32°24.6′N,137°54.5′E,405 km,5.8,震度２,32.41,137.9083333
2007/4/1,13:32:12,十勝沖,42°22.6′N,143°52.2′E,57 km,3.8,震度１,42.37666667,143.87
2007/4/1,14:54:41,石川県能登地方,37°14.2′N,136°44.0′E,10 km,2.9,震度１,37.23666667,136.7333333
2007/4/1,18:07:36,能登半島沖,37°17.0′N,136°44.7′E,7 km,2.6,震度１,37.28333333,136.745
2007/4/1,19:06:29,能登半島沖,37°14.1′N,136°39.3′E,5 km,3.1,震度１,37.235,136.655
2007/4/1,19:08:06,能登半島沖,37°09.9′N,136°38.3′E,5 km,2,震度１,37.165,136.6383333
2007/4/1,22:48:59,新潟県下越地方,38°02.6′N,139°32.9′E,13 km,2.6,震度１,38.04333333,139.5483333
2007/4/2,1:01:41,根室半島南東沖,43°09.2′N,146°00.4′E,73 km,4,震度２,43.15333333,146.0066667
2007/4/2,2:51:44,能登半島沖,37°12.6′N,136°41.3′E,12 km,4.2,震度２,37.21,136.6883333
2007/4/2,6:24:32,石川県能登地方,37°20.2′N,136°45.7′E,4 km,2.8,震度１,37.33666667,136.7616667
2007/4/2,8:01:22,能登半島沖,37°12.4′N,136°38.8′E,7 km,4.1,震度３,37.20666667,136.6466667
2007/4/2,13:37:41,栃木県北部,36°45.5′N,139°27.4′E,5 km,3.4,震度３,36.75833333,139.4566667
2007/4/2,13:50:04,石川県能登地方,37°17.0′N,136°46.0′E,8 km,3.2,震度１,37.28333333,136.7666667
2007/4/2,14:00:46,兵庫県南西部,34°54.1′N,134°44.7′E,14 km,3.1,震度１,34.90166667,134.745
2007/4/2,14:33:06,石川県能登地方,37°14.6′N,136°44.5′E,10 km,3,震度１,37.24333333,136.7416667
2007/4/2,17:16:54,能登半島沖,37°17.1′N,136°44.4′E,7 km,2.4,震度１,37.285,136.74
2007/4/2,17:25:13,能登半島沖,37°13.2′N,136°38.8′E,5 km,3.2,震度２,37.22,136.6466667
2007/4/2,21:28:38,能登半島沖,37°12.3′N,136°38.4′E,8 km,2.9,震度１,37.205,136.64
2007/4/2,21:49:50,能登半島沖,37°17.8′N,136°43.9′E,8 km,3.3,震度３,37.29666667,136.7316667
2007/4/3,5:58:14,千葉県北東部,35°42.0′N,140°42.6′E,53 km,4,震度２,35.7,140.71
2007/4/3,9:31:58,福島県浜通り,37°02.3′N,140°42.6′E,97 km,3.9,震度２,37.03833333,140.71
2007/4/3,9:54:45,千葉県北東部,35°44.6′N,140°39.4′E,46 km,3.4,震度２,35.74333333,140.6566667
2007/4/3,11:42:56,群馬県南部,36°14.5′N,139°19.6′E,21 km,2.5,震度１,36.24166667,139.3266667
2007/4/3,19:28:48,千葉県東方沖,35°33.8′N,141°01.4′E,37 km,3.6,震度１,35.56333333,141.0233333
2007/4/4,0:37:31,石川県能登地方,37°17.5′N,136°47.1′E,10 km,2.5,震度１,37.29166667,136.785
2007/4/4,6:46:58,鳥取県西部,35°17.5′N,133°20.3′E,11 km,3.5,震度３,35.29166667,133.3383333
2007/4/4,8:11:44,石川県能登地方,37°19.3′N,136°49.7′E,4 km,3,震度１,37.32166667,136.8283333
2007/4/4,8:18:45,石川県能登地方,37°15.6′N,136°44.5′E,7 km,3.9,震度３,37.26,136.7416667
2007/4/4,8:19:55,石川県能登地方,37°19.5′N,136°49.9′E,5 km,3.2,震度２,37.325,136.8316667
2007/4/4,8:23:32,十勝沖,42°31.3′N,143°54.7′E,58 km,3.1,震度１,42.52166667,143.9116667
2007/4/4,14:04:02,石川県能登地方,37°19.4′N,136°49.7′E,3 km,2.8,震度１,37.32333333,136.8283333
2007/4/4,14:12:50,能登半島沖,37°09.6′N,136°31.8′E,9 km,3.5,震度２,37.16,136.53
2007/4/5,4:14:42,茨城県沖,36°15.1′N,141°50.0′E,58 km,4.7,震度１,36.25166667,141.8333333
2007/4/5,6:34:17,能登半島沖,37°10.1′N,136°38.7′E,4 km,2,震度１,37.16833333,136.645
2007/4/5,9:05:17,島根県東部,35°09.1′N,133°05.4′E,9 km,3.4,震度２,35.15166667,133.09
2007/4/5,13:25:40,石川県能登地方,37°18.6′N,136°46.4′E,10 km,2.9,震度１,37.31,136.7733333
2007/4/5,14:18:00,能登半島沖,37°09.5′N,136°37.4′E,2 km,3,震度１,37.15833333,136.6233333
2007/4/5,15:09:41,石川県西方沖,37°04.3′N,136°26.5′E,0 km,3.8,震度１,37.07166667,136.4416667
2007/4/5,15:14:01,石川県西方沖,37°04.4′N,136°26.3′E,8 km,4.3,震度２,37.07333333,136.4383333
2007/4/5,20:39:41,宮城県沖,38°12.1′N,141°08.9′E,12 km,4.5,震度３,38.20166667,141.1483333
2007/4/5,22:43:19,石川県能登地方,37°16.1′N,136°47.1′E,11 km,3.4,震度２,37.26833333,136.785
2007/4/6,2:52:59,石川県西方沖,37°09.4′N,136°29.5′E,7 km,3.3,震度１,37.15666667,136.4916667
2007/4/6,6:41:10,京都府南部,35°06.5′N,135°39.9′E,5 km,2.3,震度１,35.10833333,135.665
2007/4/6,15:18:18,石川県能登地方,37°16.0′N,136°47.4′E,12 km,4.3,震度４,37.26666667,136.79
2007/4/6,20:28:45,石川県能登地方,37°17.2′N,136°47.1′E,7 km,2.4,震度１,37.28666667,136.785
2007/4/6,21:42:11,石川県西方沖,37°05.7′N,136°25.5′E,7 km,4.7,震度３,37.095,136.425
2007/4/6,22:02:12,石川県西方沖,37°05.2′N,136°25.6′E,0 km,3.4,震度１,37.08666667,136.4266667
2007/4/6,23:55:36,石川県西方沖,37°05.5′N,136°26.0′E,7 km,4.3,震度３,37.09166667,136.4333333
2007/4/7,4:36:01,三重県北部,34°55.3′N,136°25.8′E,14 km,2.2,震度１,34.92166667,136.43
2007/4/7,10:48:47,三宅島近海,34°13.6′N,139°23.4′E,21 km,3.6,震度１,34.22666667,139.39
2007/4/7,15:46:26,新島・神津島近海,34°16.2′N,139°11.8′E,11 km,2,震度１,34.27,139.1966667
2007/4/7,17:44:44,岐阜県美濃中西部,35°26.9′N,136°28.0′E,5 km,2,震度１,35.44833333,136.4666667
2007/4/7,18:28:48,石川県能登地方,37°14.3′N,136°44.7′E,3 km,2.8,震度１,37.23833333,136.745
2007/4/7,19:52:22,能登半島沖,37°17.0′N,136°44.5′E,8 km,2.6,震度１,37.28333333,136.7416667
2007/4/7,21:46:23,和歌山県北部,34°12.5′N,135°13.5′E,4 km,2.2,震度１,34.20833333,135.225
2007/4/8,0:15:30,石川県能登地方,37°15.3′N,136°46.5′E,3 km,3,震度２,37.255,136.775
2007/4/8,6:22:08,網走地方,44°02.5′N,145°03.8′E,2 km,1.8,震度１,44.04166667,145.0633333
2007/4/8,16:44:55,網走地方,44°02.5′N,145°03.6′E,3 km,2.7,震度３,44.04166667,145.06
2007/4/8,17:43:18,種子島近海,30°28.0′N,130°34.9′E,79 km,4,震度１,30.46666667,130.5816667
2007/4/8,19:43:55,能登半島沖,37°09.0′N,136°33.5′E,9 km,3.1,震度１,37.15,136.5583333
2007/4/9,0:08:59,新島・神津島近海,34°21.1′N,139°13.1′E,10 km,2.2,震度１,34.35166667,139.2183333
2007/4/9,2:42:38,熊本県熊本地方,32°37.1′N,130°49.3′E,7 km,1.9,震度１,32.61833333,130.8216667
2007/4/9,17:18:06,能登半島沖,37°16.5′N,136°43.4′E,5 km,2.4,震度１,37.275,136.7233333
2007/4/9,22:20:58,石川県能登地方,37°14.0′N,136°44.6′E,11 km,3.2,震度１,37.23333333,136.7433333
2007/4/10,0:55:08,能登半島沖,37°10.0′N,136°32.7′E,7 km,3.2,震度１,37.16666667,136.545
2007/4/10,8:32:02,茨城県沖,36°37.0′N,140°59.9′E,47 km,3.2,震度１,36.61666667,140.9983333
2007/4/10,8:37:40,青森県東方沖,41°35.7′N,141°54.3′E,66 km,3.3,震度１,41.595,141.905
2007/4/10,10:22:24,宮城県沖,38°57.6′N,141°39.0′E,74 km,4,震度２,38.96,141.65
2007/4/10,10:23:46,宮城県沖,38°57.6′N,141°39.2′E,74 km,4.1,震度３,38.96,141.6533333
2007/4/10,13:17:13,能登半島沖,37°09.0′N,136°31.1′E,8 km,3,震度１,37.15,136.5183333
2007/4/10,16:50:37,石川県能登地方,37°12.0′N,136°43.5′E,11 km,3.4,震度１,37.2,136.725
2007/4/10,21:19:38,能登半島沖,37°08.8′N,136°34.9′E,9 km,2.9,震度１,37.14666667,136.5816667
2007/4/11,0:47:06,宮城県中部,38°25.7′N,141°10.9′E,12 km,2.5,震度２,38.42833333,141.1816667
2007/4/11,1:17:18,能登半島沖,37°25.3′N,136°39.4′E,9 km,2.7,震度１,37.42166667,136.6566667
2007/4/11,8:03:55,豊後水道,33°12.0′N,132°25.4′E,38 km,2.7,震度１,33.2,132.4233333
2007/4/11,11:18:26,房総半島南方沖,34°18.4′N,140°18.7′E,77 km,4.1,震度１,34.30666667,140.3116667
2007/4/11,17:42:43,福島県沖,37°04.4′N,141°01.3′E,88 km,3.8,震度２,37.07333333,141.0216667
2007/4/11,22:11:58,石川県西方沖,37°04.4′N,136°25.6′E,8 km,4.3,震度２,37.07333333,136.4266667
2007/4/12,2:08:51,能登半島沖,37°15.4′N,136°42.1′E,5 km,3,震度１,37.25666667,136.7016667
2007/4/12,3:37:06,能登半島沖,37°13.7′N,136°39.7′E,5 km,3.5,震度２,37.22833333,136.6616667
2007/4/12,6:30:42,石川県能登地方,37°13.4′N,136°43.6′E,10 km,2.3,震度１,37.22333333,136.7266667
2007/4/12,7:43:24,能登半島沖,37°11.3′N,136°39.2′E,10 km,2.5,震度１,37.18833333,136.6533333
2007/4/12,9:05:28,石川県能登地方,37°14.6′N,136°46.4′E,7 km,2.7,震度１,37.24333333,136.7733333
2007/4/12,10:40:27,石川県能登地方,37°14.5′N,136°46.5′E,7 km,1.8,震度１,37.24166667,136.775
2007/4/12,13:40:39,十勝沖,42°30.9′N,143°56.6′E,90 km,3.8,震度１,42.515,143.9433333
2007/4/12,16:24:44,石川県能登地方,37°13.4′N,136°44.4′E,10 km,3,震度１,37.22333333,136.74
2007/4/12,19:03:51,岩手県沖,40°20.5′N,141°56.3′E,29 km,3.1,震度１,40.34166667,141.9383333
2007/4/12,21:59:59,青森県東方沖,41°15.7′N,142°39.7′E,37 km,4.6,震度２,41.26166667,142.6616667
2007/4/12,22:50:26,宮城県沖,38°11.9′N,141°08.8′E,12 km,4.5,震度３,38.19833333,141.1466667
2007/4/13,1:06:12,能登半島沖,37°13.8′N,136°41.2′E,8 km,3.3,震度１,37.23,136.6866667
2007/4/13,5:31:55,宮古島近海,23°49.6′N,125°50.1′E,30 km,5,震度１,23.82666667,125.835
2007/4/13,9:02:53,能登半島沖,37°10.1′N,136°30.9′E,0 km,3.7,震度１,37.16833333,136.515
2007/4/14,0:28:30,能登半島沖,37°16.5′N,136°40.7′E,3 km,3.5,震度２,37.275,136.6783333
2007/4/14,3:11:04,八丈島東方沖,33°40.5′N,141°03.3′E,55 km,5.3,震度３,33.675,141.055
2007/4/14,4:34:40,石川県能登地方,37°16.6′N,136°45.3′E,5 km,2.5,震度１,37.27666667,136.755
2007/4/14,5:42:24,茨城県沖,36°39.2′N,141°11.6′E,46 km,4.6,震度２,36.65333333,141.1933333
2007/4/14,8:08:18,網走地方,44°02.4′N,145°03.7′E,2 km,2.1,震度２,44.04,145.0616667
2007/4/14,18:19:29,能登半島沖,37°09.5′N,136°40.8′E,11 km,3,震度１,37.15833333,136.68
2007/4/14,20:27:12,石川県能登地方,37°18.8′N,136°48.5′E,9 km,3.1,震度１,37.31333333,136.8083333
2007/4/14,23:08:14,能登半島沖,37°15.8′N,136°43.3′E,6 km,3.5,震度３,37.26333333,136.7216667
2007/4/14,23:45:05,能登半島沖,37°15.9′N,136°43.1′E,6 km,2.7,震度２,37.265,136.7183333
2007/4/15,6:38:56,能登半島沖,37°15.0′N,136°43.7′E,5 km,3.8,震度３,37.25,136.7283333
2007/4/15,12:17:33,三重県中部,34°47.4′N,136°24.4′E,16 km,3.2,震度２,34.79,136.4066667
2007/4/15,12:19:30,三重県中部,34°47.4′N,136°24.4′E,16 km,5.4,震度５強,34.79,136.4066667
2007/4/15,12:27:10,三重県中部,34°47.0′N,136°24.4′E,15 km,2.4,震度１,34.78333333,136.4066667
2007/4/15,16:30:45,能登半島沖,37°11.2′N,136°38.6′E,10 km,2.9,震度１,37.18666667,136.6433333
2007/4/15,18:34:46,三重県中部,34°47.6′N,136°25.0′E,17 km,4.6,震度４,34.79333333,136.4166667
2007/4/15,21:45:04,茨城県沖,36°13.1′N,140°53.0′E,45 km,3.1,震度１,36.21833333,140.8833333
2007/4/15,22:06:16,能登半島沖,37°13.5′N,136°40.3′E,8 km,2.9,震度１,37.225,136.6716667
2007/4/16,7:24:30,能登半島沖,37°16.4′N,136°41.2′E,5 km,2.8,震度１,37.27333333,136.6866667
2007/4/16,9:55:05,父島近海,27°28.2′N,142°08.3′E,47 km,5.1,震度３,27.47,142.1383333
2007/4/16,10:58:55,石川県能登地方,37°13.9′N,136°43.6′E,10 km,3.2,震度１,37.23166667,136.7266667
2007/4/16,14:30:56,宮城県沖,38°25.1′N,142°10.7′E,36 km,3.7,震度１,38.41833333,142.1783333
2007/4/16,15:29:11,能登半島沖,37°10.8′N,136°33.3′E,0 km,4,震度２,37.18,136.555
2007/4/16,16:54:21,沖縄本島近海,26°41.2′N,127°45.3′E,52 km,3.4,震度１,26.68666667,127.755
2007/4/16,18:04:55,奄美大島近海,27°30.2′N,129°15.3′E,40 km,5,震度１,27.50333333,129.255
2007/4/16,18:49:56,石川県能登地方,37°18.5′N,136°48.2′E,9 km,2.5,震度１,37.30833333,136.8033333
2007/4/16,20:54:24,沖縄本島近海,26°49.2′N,128°26.8′E,30 km,3,震度１,26.82,128.4466667
2007/4/16,22:20:30,紀伊水道,34°07.7′N,135°08.7′E,6 km,2.1,震度１,34.12833333,135.145
2007/4/17,2:47:11,石川県能登地方,37°21.2′N,136°59.4′E,12 km,3,震度２,37.35333333,136.99
2007/4/17,7:50:00,三重県中部,34°47.6′N,136°24.8′E,16 km,2.7,震度１,34.79333333,136.4133333
2007/4/17,21:09:48,石川県能登地方,37°22.9′N,136°53.6′E,0 km,1.6,震度１,37.38166667,136.8933333
2007/4/17,21:16:41,石川県能登地方,37°23.7′N,136°52.8′E,6 km,2,震度１,37.395,136.88
2007/4/18,0:53:32,福島県会津,37°03.3′N,139°24.4′E,7 km,2.1,震度１,37.055,139.4066667
2007/4/18,1:13:16,奄美大島北東沖,29°36.0′N,130°34.4′E,49 km,4.8,震度１,29.6,130.5733333
2007/4/18,2:36:49,石川県西方沖,37°09.8′N,136°29.3′E,7 km,3.2,震度１,37.16333333,136.4883333
2007/4/18,7:08:28,石川県能登地方,37°24.0′N,136°53.1′E,6 km,1.9,震度１,37.4,136.885
2007/4/18,8:24:07,石川県能登地方,37°19.4′N,136°51.9′E,5 km,3.2,震度２,37.32333333,136.865
2007/4/18,15:35:14,熊本県熊本地方,32°37.1′N,130°49.6′E,6 km,2.3,震度１,32.61833333,130.8266667
2007/4/18,20:03:14,日向灘,32°45.8′N,132°19.7′E,18 km,3.6,震度１,32.76333333,132.3283333
2007/4/19,0:07:31,胆振地方中東部,42°40.2′N,141°56.8′E,126 km,5.6,震度４,42.67,141.9466667
2007/4/19,2:32:43,釧路沖,42°53.9′N,145°29.4′E,44 km,3.5,震度１,42.89833333,145.49
2007/4/19,18:46:19,石川県能登地方,37°17.3′N,136°46.4′E,8 km,2.7,震度１,37.28833333,136.7733333
2007/4/20,1:32:20,宮城県北部,38°56.6′N,141°37.5′E,74 km,3.3,震度１,38.94333333,141.625
2007/4/20,2:33:38,熊本県熊本地方,32°47.5′N,130°37.8′E,13 km,3.8,震度３,32.79166667,130.63
2007/4/20,9:26:40,宮古島北西沖,25°44.3′N,125°04.2′E,22 km,6.3,震度３,25.73833333,125.07
2007/4/20,9:30:59,宮古島北西沖,25°44.7′N,125°11.2′E,15 km,5.5,震度２,25.745,125.1866667
2007/4/20,10:45:55,宮古島北西沖,25°44.8′N,125°08.2′E,21 km,6.7,震度３,25.74666667,125.1366667
2007/4/20,10:55:48,宮古島北西沖,25°44.3′N,125°13.1′E,17 km,4.1,震度１,25.73833333,125.2183333
2007/4/20,11:23:32,宮古島北西沖,25°41.3′N,125°03.1′E,24 km,6.1,震度３,25.68833333,125.0516667
2007/4/20,12:00:58,宮古島北西沖,25°43.7′N,125°09.3′E,22 km,5.3,震度２,25.72833333,125.155
2007/4/20,12:28:54,宮古島北西沖,25°43.9′N,125°15.4′E,22 km,5.5,震度２,25.73166667,125.2566667
2007/4/20,14:23:10,宮古島北西沖,25°43.5′N,125°13.3′E,18 km,5.7,震度２,25.725,125.2216667
2007/4/20,16:45:15,沖縄本島近海,26°09.2′N,127°29.8′E,16 km,3.2,震度１,26.15333333,127.4966667
2007/4/20,16:59:42,宮古島北西沖,25°43.7′N,125°15.3′E,23 km,4.8,震度１,25.72833333,125.255
2007/4/20,21:34:53,千葉県南部,35°11.3′N,140°13.4′E,42 km,3.3,震度１,35.18833333,140.2233333
2007/4/21,4:37:58,沖縄本島近海,27°26.3′N,128°36.2′E,42 km,5.7,震度４,27.43833333,128.6033333
2007/4/21,13:39:11,日向灘,31°30.9′N,131°45.9′E,24 km,3.8,震度１,31.515,131.765
2007/4/21,18:15:12,鳥取県西部,35°16.9′N,133°20.7′E,8 km,2,震度１,35.28166667,133.345
2007/4/22,4:32:51,栃木県南部,36°42.9′N,139°34.7′E,8 km,3,震度１,36.715,139.5783333
2007/4/22,6:27:22,沖縄本島近海,27°25.7′N,128°37.0′E,40 km,3.9,震度２,27.42833333,128.6166667
2007/4/22,6:50:47,トカラ列島近海,29°44.4′N,129°59.4′E,17 km,4.1,震度３,29.74,129.99
2007/4/22,10:13:46,能登半島沖,37°09.0′N,136°35.1′E,9 km,2.6,震度１,37.15,136.585
2007/4/22,14:07:37,石川県能登地方,37°17.2′N,136°48.4′E,4 km,2.4,震度１,37.28666667,136.8066667
2007/4/22,17:58:25,三重県中部,34°48.4′N,136°24.3′E,14 km,2.3,震度１,34.80666667,136.405
2007/4/22,19:28:51,宮古島北西沖,25°41.7′N,125°07.8′E,22 km,5.5,震度２,25.695,125.13
2007/4/22,21:02:12,石川県能登地方,37°18.2′N,136°46.0′E,9 km,2.7,震度１,37.30333333,136.7666667
2007/4/23,13:29:21,宮城県沖,38°52.1′N,141°36.1′E,73 km,3,震度１,38.86833333,141.6016667
2007/4/23,15:00:01,能登半島沖,37°15.8′N,136°41.0′E,6 km,3.4,震度２,37.26333333,136.6833333
2007/4/23,17:27:21,留萌地方南部,44°05.9′N,141°42.4′E,10 km,4.6,震度３,44.09833333,141.7066667
2007/4/23,17:33:28,留萌地方南部,44°06.4′N,141°42.4′E,9 km,2.7,震度１,44.10666667,141.7066667
2007/4/24,16:24:46,能登半島沖,37°17.5′N,136°44.8′E,6 km,2.7,震度２,37.29166667,136.7466667
2007/4/24,22:34:23,新潟県中越地方,37°08.7′N,138°37.4′E,11 km,2.4,震度２,37.145,138.6233333
2007/4/25,5:16:43,熊本県熊本地方,32°36.5′N,130°46.8′E,10 km,2.9,震度１,32.60833333,130.78
2007/4/25,12:13:14,能登半島沖,37°14.9′N,136°41.9′E,8 km,3.2,震度１,37.24833333,136.6983333
2007/4/25,16:48:34,岐阜県飛騨地方,36°03.2′N,137°30.8′E,7 km,2.5,震度１,36.05333333,137.5133333
2007/4/26,8:12:27,千葉県東方沖,35°40.0′N,140°43.7′E,47 km,3.2,震度１,35.66666667,140.7283333
2007/4/26,9:02:57,愛媛県東予,33°53.3′N,133°35.0′E,39 km,5.3,震度４,33.88833333,133.5833333
2007/4/26,11:30:35,石川県能登地方,37°14.0′N,136°44.6′E,11 km,3.9,震度２,37.23333333,136.7433333
2007/4/26,11:55:15,和歌山県北部,34°07.0′N,135°19.2′E,7 km,4,震度３,34.11666667,135.32
2007/4/26,12:00:17,石川県能登地方,37°20.5′N,136°50.5′E,2 km,2.4,震度１,37.34166667,136.8416667
2007/4/26,12:04:43,石川県能登地方,37°19.6′N,136°52.3′E,3 km,2.6,震度１,37.32666667,136.8716667
2007/4/26,12:06:38,新潟県中越地方,37°15.5′N,139°00.9′E,9 km,3,震度２,37.25833333,139.015
2007/4/26,16:38:58,石川県能登地方,37°15.4′N,136°46.6′E,11 km,3,震度１,37.25666667,136.7766667
2007/4/26,20:15:58,能登半島沖,37°17.0′N,136°44.9′E,6 km,3.3,震度２,37.28333333,136.7483333
2007/4/27,1:37:57,十勝沖,42°22.4′N,143°36.3′E,58 km,5.2,震度４,42.37333333,143.605
2007/4/27,3:40:20,能登半島沖,37°19.6′N,136°42.0′E,5 km,3,震度１,37.32666667,136.7
2007/4/27,5:04:10,茨城県沖,36°47.4′N,140°58.7′E,83 km,3.8,震度１,36.79,140.9783333
2007/4/27,5:48:10,橘湾,32°42.7′N,130°02.8′E,15 km,2.3,震度１,32.71166667,130.0466667
2007/4/27,8:21:08,能登半島沖,37°09.0′N,136°34.4′E,9 km,2.2,震度１,37.15,136.5733333
2007/4/27,9:06:43,石川県能登地方,37°17.2′N,136°47.4′E,9 km,2.9,震度１,37.28666667,136.79
2007/4/27,14:02:20,茨城県南部,36°01.4′N,139°57.0′E,45 km,3.1,震度１,36.02333333,139.95
2007/4/27,14:55:43,能登半島沖,37°15.0′N,136°41.6′E,5 km,2.8,震度１,37.25,136.6933333
2007/4/27,19:30:39,能登半島沖,37°19.8′N,136°41.7′E,5 km,3.1,震度１,37.33,136.695
2007/4/27,22:26:05,沖縄本島近海,26°18.9′N,127°46.6′E,10 km,2.2,震度１,26.315,127.7766667
2007/4/27,22:32:34,沖縄本島近海,26°18.9′N,127°46.5′E,10 km,2.4,震度１,26.315,127.775
2007/4/28,0:04:22,福岡県北西沖,33°43.1′N,130°12.5′E,12 km,3.6,震度２,33.71833333,130.2083333
2007/4/28,3:15:57,能登半島沖,37°19.8′N,136°41.7′E,5 km,3.8,震度２,37.33,136.695
2007/4/28,7:44:10,浦河沖,41°57.6′N,142°19.6′E,69 km,4.1,震度２,41.96,142.3266667
2007/4/28,9:27:25,岐阜県美濃中西部,35°43.7′N,136°37.5′E,10 km,4.6,震度３,35.72833333,136.625
2007/4/28,17:30:07,根室地方北部,43°41.5′N,144°46.7′E,0 km,4,震度２,43.69166667,144.7783333
2007/4/28,17:55:57,石川県能登地方,37°14.8′N,136°44.4′E,4 km,3.2,震度２,37.24666667,136.74
2007/4/29,1:03:42,伊豆大島近海,34°44.6′N,139°22.0′E,6 km,0.8,震度１,34.74333333,139.3666667
2007/4/29,7:32:53,千葉県北西部,35°39.0′N,140°06.9′E,69 km,4,震度１,35.65,140.115
2007/4/29,11:54:41,千葉県東方沖,35°33.0′N,141°01.5′E,38 km,3.5,震度１,35.55,141.025
2007/4/29,20:00:50,浦河沖,42°12.0′N,142°36.3′E,25 km,3,震度１,42.2,142.605
2007/4/29,20:18:03,伊豆大島近海,34°44.9′N,139°21.9′E,4 km,0.7,震度２,34.74833333,139.365
2007/4/29,22:44:04,紋別地方,44°25.4′N,143°10.5′E,6 km,3,震度１,44.42333333,143.175
2007/4/30,5:41:27,奄美大島近海,28°38.8′N,129°23.3′E,13 km,4.9,震度４,28.64666667,129.3883333
2007/4/30,5:44:23,広島県北部,34°56.7′N,132°49.1′E,9 km,2.7,震度１,34.945,132.8183333
2007/4/30,5:47:31,伊豆大島近海,34°45.8′N,139°22.2′E,4 km,1.4,震度２,34.76333333,139.37
2007/4/30,6:32:16,石垣島近海,23°48.9′N,123°31.9′E,17 km,4.3,震度１,23.815,123.5316667
2007/4/30,10:23:39,種子島近海,30°22.6′N,131°17.7′E,25 km,4,震度１,30.37666667,131.295
2007/4/30,13:36:25,根室半島南東沖,42°54.0′N,146°25.5′E,39 km,4.2,震度２,42.9,146.425
2007/4/30,15:32:40,和歌山県北部,34°13.2′N,135°09.7′E,9 km,2.4,震度１,34.22,135.1616667
2007/4/30,15:43:22,三陸沖,38°05.0′N,142°46.0′E,32 km,4.8,震度１,38.08333333,142.7666667
2007/4/30,21:17:36,石川県能登地方,37°16.6′N,136°46.3′E,11 km,2.7,震度１,37.27666667,136.7716667
2007/4/30,23:17:55,岩手県沖,39°06.3′N,142°12.0′E,43 km,3.8,震度１,39.105,142.2
2007/5/1,1:55:38,東海道南方沖,32°13.1′N,137°40.6′E,452 km,5.4,震度２,32.21833333,137.6766667
2007/5/1,3:49:11,千葉県北西部,35°48.6′N,140°07.7′E,68 km,3.3,震度１,35.81,140.1283333
2007/5/1,7:22:35,石川県能登地方,37°18.7′N,136°46.5′E,11 km,3.1,震度１,37.31166667,136.775
2007/5/1,16:29:45,石川県能登地方,37°19.0′N,136°45.1′E,10 km,3,震度１,37.31666667,136.7516667
2007/5/1,17:02:37,奄美大島近海,27°50.1′N,128°49.1′E,11 km,3,震度２,27.835,128.8183333
2007/5/1,20:12:33,関東東方沖,34°02.4′N,140°57.7′E,84 km,4.8,震度１,34.04,140.9616667
2007/5/1,21:41:30,沖縄本島近海,26°12.3′N,128°45.5′E,41 km,4.6,震度１,26.205,128.7583333
2007/5/2,1:49:13,根室半島南東沖,42°53.8′N,146°26.3′E,38 km,3.7,震度１,42.89666667,146.4383333
2007/5/2,8:14:27,宮城県中部,38°23.3′N,140°40.8′E,5 km,2.6,震度２,38.38833333,140.68
2007/5/2,10:15:43,能登半島沖,37°14.3′N,136°41.3′E,8 km,3.4,震度２,37.23833333,136.6883333
2007/5/2,10:34:13,宮城県中部,38°23.2′N,140°40.6′E,5 km,1.7,震度１,38.38666667,140.6766667
2007/5/2,20:10:40,石川県能登地方,37°19.7′N,136°45.8′E,7 km,2.8,震度１,37.32833333,136.7633333
2007/5/2,20:44:38,石川県能登地方,37°19.8′N,136°45.7′E,7 km,4.7,震度４,37.33,136.7616667
2007/5/2,21:47:24,石川県能登地方,37°20.2′N,136°45.5′E,7 km,3.4,震度２,37.33666667,136.7583333
2007/5/2,21:50:48,岐阜県飛騨地方,36°02.2′N,137°32.0′E,6 km,1.6,震度１,36.03666667,137.5333333
2007/5/3,2:25:32,奄美大島近海,28°25.9′N,129°21.7′E,18 km,3.3,震度２,28.43166667,129.3616667
2007/5/3,3:43:41,長野県南部,35°49.1′N,137°32.1′E,6 km,2.4,震度２,35.81833333,137.535
2007/5/3,14:09:31,熊本県熊本地方,32°23.2′N,130°39.4′E,11 km,3,震度１,32.38666667,130.6566667
2007/5/3,21:11:35,根室地方中部,43°19.7′N,145°12.6′E,76 km,3.9,震度２,43.32833333,145.21
2007/5/4,3:37:47,浦河沖,41°56.3′N,142°58.4′E,39 km,3.7,震度１,41.93833333,142.9733333
2007/5/4,5:24:38,石川県能登地方,37°20.2′N,136°45.7′E,7 km,2.7,震度１,37.33666667,136.7616667
2007/5/4,14:08:25,能登半島沖,37°11.4′N,136°39.4′E,10 km,3.1,震度２,37.19,136.6566667
2007/5/4,16:51:02,能登半島沖,37°20.2′N,136°44.9′E,6 km,2.9,震度１,37.33666667,136.7483333
2007/5/4,21:23:35,石川県西方沖,37°08.6′N,136°30.8′E,8 km,3.3,震度１,37.14333333,136.5133333
2007/5/5,1:11:13,石川県西方沖,37°04.4′N,136°25.0′E,0 km,4.5,震度２,37.07333333,136.4166667
2007/5/5,10:19:32,八丈島東方沖,33°08.9′N,140°36.6′E,66 km,3.2,震度１,33.14833333,140.61
2007/5/5,10:25:14,京都府南部,35°07.8′N,135°41.5′E,11 km,3.5,震度２,35.13,135.6916667
2007/5/5,13:26:01,石川県西方沖,37°04.5′N,136°26.0′E,0 km,3.5,震度１,37.075,136.4333333
2007/5/5,16:51:42,父島近海,27°02.0′N,142°11.9′E,48 km,4.8,震度３,27.03333333,142.1983333
2007/5/5,17:09:30,新潟県上越地方,36°56.5′N,138°10.7′E,0 km,3.3,震度３,36.94166667,138.1783333
2007/5/5,17:43:37,能登半島沖,37°15.6′N,136°42.8′E,6 km,3.3,震度２,37.26,136.7133333
2007/5/5,18:22:26,能登半島沖,37°09.6′N,136°40.2′E,11 km,2.9,震度１,37.16,136.67
2007/5/5,20:39:51,新潟県上越地方,37°05.7′N,138°27.6′E,15 km,2.8,震度３,37.095,138.46
2007/5/5,20:50:54,新潟県上越地方,37°05.9′N,138°27.8′E,15 km,1.9,震度２,37.09833333,138.4633333
2007/5/6,3:16:54,岐阜県飛騨地方,36°01.3′N,137°32.4′E,5 km,1.9,震度１,36.02166667,137.54
2007/5/6,5:21:45,伊豆大島近海,34°45.3′N,139°21.3′E,6 km,1.1,震度１,34.755,139.355
2007/5/6,5:33:48,東京都多摩西部,35°48.6′N,139°11.2′E,16 km,2.9,震度２,35.81,139.1866667
2007/5/6,8:56:02,伊予灘,33°45.3′N,132°31.8′E,47 km,3.1,震度１,33.755,132.53
2007/5/6,10:09:42,福島県沖,36°53.0′N,141°28.0′E,62 km,4.5,震度２,36.88333333,141.4666667
2007/5/6,10:31:52,石川県西方沖,37°04.8′N,136°25.1′E,7 km,3.2,震度１,37.08,136.4183333
2007/5/6,10:40:04,石川県能登地方,37°14.7′N,136°44.2′E,4 km,2.5,震度１,37.245,136.7366667
2007/5/6,12:45:29,与那国島近海,23°51.1′N,123°21.6′E,28 km,4.9,震度２,23.85166667,123.36
2007/5/6,18:13:06,伊豆大島近海,34°48.2′N,139°20.7′E,0 km,0.9,震度１,34.80333333,139.345
2007/5/6,18:38:33,伊豆大島近海,34°47.6′N,139°22.5′E,0 km,0.7,震度１,34.79333333,139.375
2007/5/6,19:10:36,宮城県中部,38°24.3′N,141°10.6′E,12 km,2,震度１,38.405,141.1766667
2007/5/7,2:13:18,石川県能登地方,37°16.4′N,136°45.8′E,9 km,3.4,震度２,37.27333333,136.7633333
2007/5/7,6:11:13,九州地方南東沖,30°35.9′N,131°32.7′E,39 km,4.1,震度１,30.59833333,131.545
2007/5/7,7:05:36,沖縄本島近海,26°18.8′N,127°46.5′E,11 km,3.1,震度２,26.31333333,127.775
2007/5/7,9:29:05,奄美大島北東沖,29°58.3′N,130°27.3′E,49 km,5.1,震度３,29.97166667,130.455
2007/5/7,23:09:37,浦河沖,41°53.3′N,142°29.7′E,64 km,4.3,震度３,41.88833333,142.495
2007/5/8,7:58:50,宮城県北部,38°55.1′N,141°38.1′E,73 km,3,震度１,38.91833333,141.635
2007/5/8,12:32:22,石川県能登地方,37°20.2′N,136°45.9′E,7 km,2.5,震度１,37.33666667,136.765
2007/5/8,21:01:35,茨城県南部,36°03.6′N,139°53.4′E,46 km,4.5,震度３,36.06,139.89
2007/5/8,23:08:24,青森県東方沖,41°09.9′N,141°24.0′E,114 km,3.8,震度１,41.165,141.4
2007/5/9,2:08:46,茨城県沖,36°31.4′N,140°41.4′E,55 km,3.9,震度２,36.52333333,140.69
2007/5/9,8:52:05,東京都多摩西部,35°48.5′N,139°11.2′E,15 km,3.8,震度２,35.80833333,139.1866667
2007/5/9,19:46:16,与那国島近海,24°37.3′N,123°11.0′E,71 km,4.1,震度１,24.62166667,123.1833333
2007/5/11,2:12:27,石川県西方沖,37°07.1′N,136°18.7′E,11 km,4.5,震度２,37.11833333,136.3116667
2007/5/11,5:02:13,長野県南部,35°51.8′N,137°39.0′E,8 km,3.2,震度２,35.86333333,137.65
2007/5/11,7:47:38,北海道東方沖,43°07.0′N,146°57.7′E,44 km,4.5,震度１,43.11666667,146.9616667
2007/5/11,11:50:58,能登半島沖,37°15.0′N,136°43.2′E,7 km,3.3,震度１,37.25,136.72
2007/5/11,20:00:19,沖縄本島近海,27°18.5′N,128°25.6′E,45 km,3.6,震度１,27.30833333,128.4266667
2007/5/11,22:23:29,和歌山県北部,34°14.7′N,135°10.7′E,7 km,2.6,震度１,34.245,135.1783333
2007/5/12,9:38:13,宮城県北部,38°53.5′N,141°39.7′E,68 km,3.3,震度１,38.89166667,141.6616667
2007/5/12,10:26:10,岐阜県飛騨地方,36°03.5′N,137°33.8′E,8 km,2.5,震度１,36.05833333,137.5633333
2007/5/12,11:43:16,京都府南部,35°04.7′N,135°45.7′E,13 km,2.9,震度１,35.07833333,135.7616667
2007/5/12,13:10:59,新島・神津島近海,34°20.1′N,139°10.0′E,4 km,2,震度１,34.335,139.1666667
2007/5/12,13:42:45,能登半島沖,37°10.1′N,136°30.1′E,6 km,3.8,震度１,37.16833333,136.5016667
2007/5/12,22:46:26,石川県能登地方,37°14.1′N,136°44.3′E,3 km,3.1,震度２,37.235,136.7383333
2007/5/13,7:59:50,石川県能登地方,37°13.9′N,136°44.1′E,3 km,2.6,震度１,37.23166667,136.735
2007/5/13,8:13:55,島根県東部,35°00.5′N,132°47.5′E,9 km,4.6,震度４,35.00833333,132.7916667
2007/5/13,8:20:18,島根県東部,35°00.4′N,132°47.6′E,10 km,2.5,震度１,35.00666667,132.7933333
2007/5/13,11:30:59,島根県東部,35°00.6′N,132°47.5′E,9 km,3.1,震度１,35.01,132.7916667
2007/5/13,14:41:03,茨城県沖,35°54.6′N,140°49.7′E,40 km,3.6,震度１,35.91,140.8283333
2007/5/13,21:30:01,石川県能登地方,37°20.1′N,136°45.0′E,6 km,2.7,震度１,37.335,136.75
2007/5/14,6:59:40,茨城県沖,36°20.4′N,140°56.6′E,45 km,4,震度２,36.34,140.9433333
2007/5/14,10:02:39,島根県東部,35°00.6′N,132°47.5′E,10 km,2.9,震度２,35.01,132.7916667
2007/5/14,14:40:05,沖縄本島近海,27°27.5′N,128°37.8′E,40 km,4.2,震度２,27.45833333,128.63
2007/5/14,20:37:19,八丈島東方沖,32°13.5′N,141°04.4′E,14 km,5,震度１,32.225,141.0733333
2007/5/15,5:30:13,奄美大島近海,28°17.4′N,129°18.9′E,16 km,3.4,震度１,28.29,129.315
2007/5/15,11:42:51,長野県北部,36°44.9′N,137°50.5′E,0 km,2.4,震度１,36.74833333,137.8416667
2007/5/15,20:27:19,小笠原諸島西方沖,26°57.2′N,140°58.4′E,366 km,5.5,震度１,26.95333333,140.9733333
2007/5/16,3:08:01,石川県能登地方,37°18.1′N,136°47.6′E,8 km,2.5,震度１,37.30166667,136.7933333
2007/5/16,5:21:01,青森県東方沖,41°26.5′N,142°11.4′E,42 km,4.5,震度２,41.44166667,142.19
2007/5/16,17:20:58,宮城県沖,38°43.8′N,142°19.6′E,30 km,3.7,震度１,38.73,142.3266667
2007/5/16,21:13:20,能登半島沖,37°17.1′N,136°44.8′E,6 km,2.2,震度１,37.285,136.7466667
2007/5/17,11:51:31,千葉県東方沖,35°49.7′N,140°56.7′E,28 km,3,震度１,35.82833333,140.945
2007/5/17,18:13:44,奄美大島近海,27°56.1′N,130°08.5′E,41 km,3.6,震度１,27.935,130.1416667
2007/5/18,0:15:52,岐阜県飛騨地方,36°03.2′N,137°30.8′E,7 km,2.3,震度１,36.05333333,137.5133333
2007/5/18,10:54:09,岩手県沿岸北部,39°49.0′N,141°45.1′E,70 km,3,震度１,39.81666667,141.7516667
2007/5/18,12:59:17,三宅島近海,34°05.2′N,139°31.8′E,0 km,2,震度１,34.08666667,139.53
2007/5/18,15:33:46,奄美大島近海,28°27.9′N,129°14.4′E,19 km,3.7,震度１,28.465,129.24
2007/5/18,17:02:16,茨城県沖,36°25.4′N,140°41.1′E,52 km,3.9,震度２,36.42333333,140.685
2007/5/18,20:52:27,徳島県北部,33°57.4′N,134°36.2′E,13 km,2.9,震度１,33.95666667,134.6033333
2007/5/19,0:59:58,青森県東方沖,41°33.7′N,142°03.1′E,68 km,5.3,震度４,41.56166667,142.0516667
2007/5/19,12:20:05,宮古島近海,24°48.3′N,125°24.0′E,50 km,4.4,震度３,24.805,125.4
2007/5/19,15:12:18,茨城県沖,36°20.5′N,140°59.7′E,54 km,3.5,震度１,36.34166667,140.995
2007/5/19,16:57:14,奄美大島近海,28°09.4′N,130°13.4′E,25 km,3.4,震度１,28.15666667,130.2233333
2007/5/20,6:58:28,トカラ列島近海,28°25.4′N,128°37.0′E,53 km,4,震度１,28.42333333,128.6166667
2007/5/21,3:17:27,青森県三八上北地方,41°02.6′N,141°23.7′E,86 km,3.5,震度１,41.04333333,141.395
2007/5/21,3:35:27,石川県能登地方,37°14.3′N,136°43.1′E,8 km,2.6,震度１,37.23833333,136.7183333
2007/5/21,7:19:40,日本海中部,37°53.4′N,135°40.5′E,374 km,5.3,震度１,37.89,135.675
2007/5/21,10:21:50,父島近海,27°30.2′N,141°09.8′E,196 km,4.7,震度１,27.50333333,141.1633333
2007/5/21,10:33:50,奈良県,34°24.4′N,135°52.4′E,9 km,2.1,震度１,34.40666667,135.8733333
2007/5/22,2:27:53,長野県南部,35°54.6′N,137°40.4′E,9 km,3.4,震度２,35.91,137.6733333
2007/5/22,9:50:29,長野県南部,35°50.6′N,137°36.3′E,7 km,2,震度１,35.84333333,137.605
2007/5/23,2:14:27,宮城県北部,38°49.6′N,141°00.8′E,9 km,1.6,震度１,38.82666667,141.0133333
2007/5/23,4:38:16,能登半島沖,37°11.8′N,136°40.6′E,11 km,2.8,震度１,37.19666667,136.6766667
2007/5/23,11:37:22,伊豆大島近海,34°40.3′N,139°25.6′E,0 km,1.7,震度１,34.67166667,139.4266667
2007/5/24,23:08:57,伊勢湾,34°56.4′N,136°46.7′E,18 km,3,震度１,34.94,136.7783333
2007/5/25,5:13:01,父島近海,27°18.5′N,141°49.7′E,67 km,5.1,震度２,27.30833333,141.8283333
2007/5/25,5:53:37,沖縄本島近海,26°10.6′N,126°59.9′E,54 km,4.7,震度３,26.17666667,126.9983333
2007/5/25,12:26:51,長野県南部,35°51.9′N,137°39.2′E,9 km,2,震度１,35.865,137.6533333
2007/5/25,14:08:14,富山県東部,36°52.3′N,137°40.3′E,0 km,4.3,震度２,36.87166667,137.6716667
2007/5/25,19:07:51,千葉県東方沖,35°24.8′N,140°38.8′E,43 km,3.1,震度１,35.41333333,140.6466667
2007/5/26,1:12:01,山梨県東部・富士五湖,35°28.5′N,138°59.1′E,24 km,2.8,震度１,35.475,138.985
2007/5/26,8:54:38,日高地方東部,42°20.5′N,142°59.8′E,55 km,3.7,震度２,42.34166667,142.9966667
2007/5/26,23:18:11,大分県西部,33°10.7′N,131°10.0′E,11 km,2.3,震度２,33.17833333,131.1666667
2007/5/27,0:06:41,福島県沖,37°41.3′N,141°21.7′E,88 km,4,震度１,37.68833333,141.3616667
2007/5/27,0:14:21,苫小牧沖,42°30.7′N,141°53.4′E,132 km,4,震度１,42.51166667,141.89
2007/5/27,16:35:16,石川県能登地方,37°19.5′N,136°52.2′E,3 km,2.6,震度２,37.325,136.87
2007/5/28,1:32:05,京都府南部,35°02.4′N,135°34.9′E,12 km,2.5,震度１,35.04,135.5816667
2007/5/28,11:40:29,伊豆大島近海,34°43.3′N,139°17.7′E,2 km,2,震度１,34.72166667,139.295
2007/5/28,12:39:49,大隅半島東方沖,31°08.6′N,131°21.8′E,30 km,4.1,震度２,31.14333333,131.3633333
2007/5/28,17:09:35,西表島付近,23°57.7′N,123°34.9′E,33 km,4.1,震度１,23.96166667,123.5816667
2007/5/28,19:54:01,西表島付近,23°57.7′N,123°34.7′E,32 km,4.4,震度１,23.96166667,123.5783333
2007/5/29,3:15:48,留萌地方南部,44°02.2′N,141°47.0′E,7 km,2.3,震度１,44.03666667,141.7833333
2007/5/29,7:36:09,岩手県沖,39°38.1′N,142°06.2′E,48 km,4,震度３,39.635,142.1033333
2007/5/29,12:25:54,石川県能登地方,37°18.9′N,136°46.1′E,11 km,2.8,震度１,37.315,136.7683333
2007/5/29,16:03:33,宮城県中部,38°24.7′N,141°06.9′E,13 km,4,震度３,38.41166667,141.115
2007/5/29,20:51:39,伊豆大島近海,34°46.4′N,139°20.5′E,3 km,1.5,震度１,34.77333333,139.3416667
2007/5/29,20:52:26,伊豆大島近海,34°45.4′N,139°19.1′E,0 km,1.1,震度１,34.75666667,139.3183333
2007/5/30,10:15:56,浦河沖,42°00.0′N,142°35.8′E,64 km,3.9,震度１,42,142.5966667
2007/5/30,13:00:26,伊豆大島近海,34°46.1′N,139°20.0′E,0 km,0.9,震度１,34.76833333,139.3333333
2007/5/30,13:33:55,伊豆大島近海,34°46.1′N,139°20.8′E,6 km,1.6,震度２,34.76833333,139.3466667
2007/5/30,14:18:21,伊豆大島近海,34°46.0′N,139°20.7′E,4 km,1.8,震度２,34.76666667,139.345
2007/5/30,14:23:13,伊豆大島近海,34°45.3′N,139°20.6′E,5 km,1.2,震度１,34.755,139.3433333
2007/5/30,14:24:19,伊豆大島近海,34°45.8′N,139°20.0′E,0 km,0.9,震度１,34.76333333,139.3333333
2007/5/30,16:08:02,伊豆大島近海,34°46.1′N,139°21.2′E,5 km,1.2,震度１,34.76833333,139.3533333
2007/5/30,16:11:11,伊豆大島近海,34°43.1′N,139°19.9′E,4 km,1,震度１,34.71833333,139.3316667
2007/5/31,8:54:43,和歌山県北部,34°01.8′N,135°16.3′E,6 km,2.6,震度１,34.03,135.2716667
2007/5/31,22:41:04,静岡県西部,34°41.9′N,137°53.7′E,13 km,2.7,震度１,34.69833333,137.895
2007/6/1,0:56:00,茨城県南部,35°53.6′N,140°15.8′E,39 km,2.8,震度１,35.89333333,140.2633333
2007/6/1,4:33:29,新島・神津島近海,34°12.3′N,139°10.8′E,12 km,2.4,震度１,34.205,139.18
2007/6/1,7:00:56,種子島近海,30°23.9′N,131°02.5′E,39 km,3.2,震度１,30.39833333,131.0416667
2007/6/1,7:28:59,埼玉県北部,36°05.6′N,139°40.8′E,59 km,4.5,震度３,36.09333333,139.68
2007/6/1,11:17:02,静岡県西部,34°41.8′N,137°53.5′E,13 km,2.9,震度２,34.69666667,137.8916667
2007/6/1,11:42:46,静岡県西部,34°41.9′N,137°53.7′E,13 km,4.3,震度４,34.69833333,137.895
2007/6/1,11:49:10,静岡県西部,34°42.0′N,137°54.0′E,13 km,2.4,震度２,34.7,137.9
2007/6/1,16:50:09,伊豆大島近海,34°45.2′N,139°20.9′E,6 km,1.4,震度２,34.75333333,139.3483333
2007/6/1,23:25:21,千葉県北東部,35°42.2′N,140°43.0′E,53 km,3.2,震度１,35.70333333,140.7166667
2007/6/2,0:14:02,茨城県沖,36°33.7′N,141°05.6′E,43 km,3.3,震度１,36.56166667,141.0933333
2007/6/2,8:33:07,長野県中部,36°24.0′N,137°59.0′E,8 km,2.5,震度１,36.4,137.9833333
2007/6/2,12:14:49,種子島近海,30°40.7′N,130°41.6′E,63 km,3.3,震度１,30.67833333,130.6933333
2007/6/2,14:43:15,茨城県南部,36°08.0′N,140°02.0′E,50 km,4.6,震度４,36.13333333,140.0333333
2007/6/2,15:03:28,秋田県内陸北部,39°53.8′N,140°22.8′E,3 km,3.7,震度２,39.89666667,140.38
2007/6/2,16:51:29,十勝沖,42°14.7′N,143°57.4′E,76 km,3.9,震度１,42.245,143.9566667
2007/6/3,3:25:12,福島県会津,37°25.6′N,139°42.0′E,4 km,1.6,震度１,37.42666667,139.7
2007/6/3,6:48:17,茨城県沖,36°25.5′N,140°41.1′E,51 km,2.9,震度１,36.425,140.685
2007/6/3,16:05:15,岐阜県飛騨地方,36°00.3′N,137°35.1′E,9 km,3.2,震度２,36.005,137.585
2007/6/4,3:07:18,種子島近海,30°05.1′N,130°40.1′E,60 km,4.3,震度２,30.085,130.6683333
2007/6/4,3:08:45,和歌山県南方沖,33°19.6′N,135°14.6′E,33 km,3.7,震度１,33.32666667,135.2433333
2007/6/4,10:08:26,愛媛県南予,33°21.2′N,132°40.9′E,37 km,3,震度１,33.35333333,132.6816667
2007/6/4,13:33:55,茨城県南部,36°05.4′N,139°51.8′E,48 km,4.4,震度３,36.09,139.8633333
2007/6/4,17:56:07,石川県能登地方,37°19.1′N,136°47.7′E,5 km,2.5,震度１,37.31833333,136.795
2007/6/5,0:00:07,能登半島沖,37°11.8′N,136°38.1′E,7 km,2.7,震度２,37.19666667,136.635
2007/6/5,1:57:05,新潟県上越地方,37°11.3′N,138°24.7′E,13 km,2.6,震度２,37.18833333,138.4116667
2007/6/5,3:54:32,能登半島沖,37°17.0′N,136°43.3′E,4 km,2.5,震度１,37.28333333,136.7216667
2007/6/5,6:16:22,滋賀県南部,35°09.9′N,136°03.5′E,11 km,3.2,震度２,35.165,136.0583333
2007/6/5,6:49:31,滋賀県南部,35°09.9′N,136°03.6′E,11 km,2.5,震度１,35.165,136.06
2007/6/5,7:54:41,滋賀県南部,35°09.9′N,136°03.6′E,11 km,2.6,震度１,35.165,136.06
2007/6/5,11:19:57,奄美大島近海,28°27.5′N,129°18.5′E,6 km,3.6,震度２,28.45833333,129.3083333
2007/6/5,13:59:11,千葉県南東沖,34°53.3′N,140°19.7′E,66 km,4.1,震度１,34.88833333,140.3283333
2007/6/5,17:50:08,石川県能登地方,37°18.4′N,136°48.2′E,10 km,2.9,震度１,37.30666667,136.8033333
2007/6/6,1:02:22,岩手県内陸北部,40°08.4′N,141°07.8′E,9 km,3,震度１,40.14,141.13
2007/6/6,1:06:37,岩手県内陸北部,40°08.4′N,141°07.9′E,10 km,3,震度２,40.14,141.1316667
2007/6/6,6:28:47,根室半島南東沖,43°17.0′N,146°09.9′E,46 km,3.5,震度１,43.28333333,146.165
2007/6/6,15:40:24,日向灘,32°28.7′N,131°50.9′E,39 km,2.9,震度１,32.47833333,131.8483333
2007/6/6,15:55:37,有明海,32°55.7′N,130°23.3′E,11 km,3.4,震度２,32.92833333,130.3883333
2007/6/6,18:37:22,和歌山県南方沖,33°37.1′N,135°07.1′E,37 km,3.5,震度１,33.61833333,135.1183333
2007/6/6,21:17:09,大分県中部,33°19.9′N,131°29.9′E,10 km,2.9,震度１,33.33166667,131.4983333
2007/6/6,23:05:02,大分県中部,33°20.1′N,131°29.9′E,11 km,4.1,震度３,33.335,131.4983333
2007/6/6,23:07:48,大分県中部,33°20.0′N,131°29.9′E,9 km,2.8,震度１,33.33333333,131.4983333
2007/6/6,23:29:10,大分県中部,33°19.9′N,131°29.0′E,10 km,2.9,震度１,33.33166667,131.4833333
2007/6/6,23:36:20,大分県中部,33°20.0′N,131°29.6′E,11 km,2.9,震度２,33.33333333,131.4933333
2007/6/6,23:39:04,大分県中部,33°20.1′N,131°29.9′E,11 km,3,震度２,33.335,131.4983333
2007/6/6,23:39:48,大分県中部,33°20.1′N,131°29.6′E,10 km,3,震度１,33.335,131.4933333
2007/6/6,23:42:51,大分県中部,33°20.0′N,131°29.7′E,11 km,4.9,震度４,33.33333333,131.495
2007/6/6,23:46:20,伊予灘,33°20.3′N,131°30.0′E,10 km,3.1,震度２,33.33833333,131.5
2007/6/6,23:46:55,伊予灘,33°20.5′N,131°30.1′E,10 km,3.3,震度２,33.34166667,131.5016667
2007/6/6,23:48:50,大分県中部,33°19.9′N,131°28.6′E,11 km,3,震度２,33.33166667,131.4766667
2007/6/6,23:52:13,大分県中部,33°19.9′N,131°28.4′E,9 km,2.4,震度１,33.33166667,131.4733333
2007/6/6,23:57:09,大分県中部,33°20.0′N,131°29.0′E,11 km,3.7,震度３,33.33333333,131.4833333
2007/6/7,0:18:35,大分県中部,33°19.8′N,131°29.7′E,12 km,4.2,震度３,33.33,131.495
2007/6/7,2:31:30,大分県中部,33°19.7′N,131°29.7′E,10 km,2.3,震度１,33.32833333,131.495
2007/6/7,3:20:52,伊予灘,33°20.4′N,131°30.2′E,11 km,2.7,震度１,33.34,131.5033333
2007/6/7,7:27:43,愛知県東部,35°11.6′N,137°42.3′E,17 km,2.9,震度１,35.19333333,137.705
2007/6/7,8:04:31,大分県中部,33°20.1′N,131°29.0′E,11 km,2.9,震度２,33.335,131.4833333
2007/6/7,8:07:35,大分県中部,33°19.5′N,131°29.1′E,9 km,2.2,震度１,33.325,131.485
2007/6/7,9:36:43,大分県中部,33°19.7′N,131°29.5′E,9 km,2.4,震度１,33.32833333,131.4916667
2007/6/7,10:25:22,大分県中部,33°19.4′N,131°29.2′E,10 km,2.7,震度１,33.32333333,131.4866667
2007/6/7,11:19:10,大分県中部,33°19.5′N,131°28.5′E,8 km,4.2,震度３,33.325,131.475
2007/6/7,11:32:41,大分県中部,33°19.4′N,131°29.1′E,9 km,2.8,震度２,33.32333333,131.485
2007/6/7,11:37:09,大分県中部,33°19.6′N,131°29.1′E,9 km,1.9,震度１,33.32666667,131.485
2007/6/7,11:40:04,大分県中部,33°19.6′N,131°28.8′E,9 km,2.3,震度１,33.32666667,131.48
2007/6/7,12:14:47,滋賀県南部,35°07.9′N,135°54.7′E,12 km,2.4,震度１,35.13166667,135.9116667
2007/6/7,13:38:50,北海道東方沖,43°32.2′N,146°38.6′E,48 km,4,震度１,43.53666667,146.6433333
2007/6/7,14:58:50,大分県中部,33°18.8′N,131°29.2′E,8 km,3.8,震度３,33.31333333,131.4866667
2007/6/7,15:02:01,大分県中部,33°18.9′N,131°29.2′E,8 km,2.7,震度２,33.315,131.4866667
2007/6/7,15:57:15,大分県中部,33°18.7′N,131°28.8′E,8 km,2.2,震度１,33.31166667,131.48
2007/6/7,17:22:16,大分県中部,33°18.9′N,131°29.5′E,9 km,4.7,震度４,33.315,131.4916667
2007/6/7,17:31:54,大分県中部,33°18.8′N,131°28.7′E,9 km,2.4,震度２,33.31333333,131.4783333
2007/6/7,17:33:55,大分県中部,33°18.7′N,131°28.7′E,8 km,2.4,震度１,33.31166667,131.4783333
2007/6/7,17:46:13,大分県中部,33°19.2′N,131°29.7′E,9 km,2.5,震度１,33.32,131.495
2007/6/7,19:45:46,大分県中部,33°18.4′N,131°28.3′E,9 km,2.3,震度１,33.30666667,131.4716667
2007/6/7,20:03:14,大分県中部,33°18.4′N,131°29.0′E,8 km,2.1,震度１,33.30666667,131.4833333
2007/6/7,20:49:29,大分県中部,33°19.9′N,131°30.8′E,9 km,3.4,震度２,33.33166667,131.5133333
2007/6/7,20:50:41,伊予灘,33°20.0′N,131°30.7′E,8 km,4.7,震度４,33.33333333,131.5116667
2007/6/7,21:24:23,伊予灘,33°20.1′N,131°31.3′E,10 km,2.7,震度１,33.335,131.5216667
2007/6/8,1:46:42,大分県中部,33°19.2′N,131°30.2′E,9 km,2.9,震度２,33.32,131.5033333
2007/6/8,3:17:58,能登半島沖,37°13.4′N,136°40.5′E,8 km,3.4,震度２,37.22333333,136.675
2007/6/8,3:45:08,宮城県沖,38°14.4′N,141°41.5′E,51 km,4.1,震度２,38.24,141.6916667
2007/6/8,5:22:22,大分県中部,33°18.4′N,131°29.6′E,7 km,2.1,震度１,33.30666667,131.4933333
2007/6/8,5:31:09,大分県中部,33°18.3′N,131°29.4′E,7 km,2.2,震度１,33.305,131.49
2007/6/8,8:23:25,香川県西部,34°12.0′N,133°40.2′E,15 km,2.8,震度１,34.2,133.67
2007/6/8,8:37:50,徳島県南部,33°38.4′N,134°12.2′E,12 km,2.5,震度１,33.64,134.2033333
2007/6/8,9:37:52,大分県中部,33°18.8′N,131°28.4′E,8 km,1.8,震度１,33.31333333,131.4733333
2007/6/8,11:21:06,大分県中部,33°18.8′N,131°28.4′E,8 km,2.6,震度１,33.31333333,131.4733333
2007/6/8,11:23:25,石川県能登地方,37°16.0′N,136°46.8′E,9 km,2.6,震度１,37.26666667,136.78
2007/6/8,11:47:42,大分県中部,33°18.8′N,131°28.1′E,7 km,2.3,震度１,33.31333333,131.4683333
2007/6/8,11:56:16,大分県中部,33°18.7′N,131°28.5′E,8 km,2,震度１,33.31166667,131.475
2007/6/8,12:22:26,大分県中部,33°18.6′N,131°28.6′E,9 km,2.1,震度１,33.31,131.4766667
2007/6/8,12:37:56,大分県中部,33°19.0′N,131°28.8′E,7 km,2.9,震度２,33.31666667,131.48
2007/6/8,12:45:39,十勝地方南部,42°36.8′N,143°29.6′E,81 km,3.1,震度１,42.61333333,143.4933333
2007/6/8,12:47:37,大分県中部,33°18.8′N,131°28.8′E,9 km,2.7,震度２,33.31333333,131.48
2007/6/8,13:04:40,大分県中部,33°18.9′N,131°29.0′E,9 km,2.6,震度２,33.315,131.4833333
2007/6/8,13:07:04,大分県中部,33°18.8′N,131°28.7′E,8 km,2.3,震度１,33.31333333,131.4783333
2007/6/8,13:24:59,大分県中部,33°18.5′N,131°28.3′E,8 km,2.2,震度１,33.30833333,131.4716667
2007/6/8,13:28:14,大分県中部,33°19.0′N,131°28.7′E,9 km,2.3,震度１,33.31666667,131.4783333
2007/6/8,13:31:58,大分県中部,33°19.0′N,131°28.8′E,9 km,2.6,震度１,33.31666667,131.48
2007/6/8,14:41:00,大分県中部,33°18.7′N,131°28.5′E,8 km,2.4,震度２,33.31166667,131.475
2007/6/8,15:12:05,茨城県沖,36°08.7′N,140°57.7′E,42 km,3.3,震度１,36.145,140.9616667
2007/6/8,15:33:56,大分県中部,33°18.0′N,131°28.9′E,6 km,1.7,震度１,33.3,131.4816667
2007/6/8,17:00:58,大分県中部,33°18.2′N,131°28.1′E,9 km,2.8,震度２,33.30333333,131.4683333
2007/6/8,19:38:22,大分県中部,33°18.8′N,131°28.6′E,9 km,2.8,震度１,33.31333333,131.4766667
2007/6/8,20:21:11,大分県中部,33°18.7′N,131°28.5′E,10 km,3.3,震度３,33.31166667,131.475
2007/6/8,20:23:19,大分県中部,33°18.8′N,131°28.3′E,9 km,2.2,震度１,33.31333333,131.4716667
2007/6/9,4:04:27,大分県中部,33°18.8′N,131°28.5′E,9 km,2.3,震度１,33.31333333,131.475
2007/6/9,5:36:26,大分県中部,33°19.1′N,131°29.1′E,9 km,2.4,震度１,33.31833333,131.485
2007/6/9,5:37:10,大分県中部,33°19.1′N,131°29.1′E,9 km,2.2,震度１,33.31833333,131.485
2007/6/9,6:55:26,伊予灘,33°20.4′N,131°30.3′E,10 km,2.6,震度１,33.34,131.505
2007/6/9,8:57:34,能登半島沖,37°15.7′N,136°41.9′E,6 km,2.5,震度１,37.26166667,136.6983333
2007/6/9,13:14:00,浦河沖,42°02.6′N,142°35.8′E,60 km,3.9,震度１,42.04333333,142.5966667
2007/6/9,19:33:15,宮城県南部,37°50.6′N,140°48.6′E,86 km,3.5,震度１,37.84333333,140.81
2007/6/9,20:28:32,茨城県南部,36°04.3′N,139°55.1′E,47 km,4.1,震度３,36.07166667,139.9183333
2007/6/10,0:02:27,大分県中部,33°19.3′N,131°30.2′E,9 km,2.3,震度１,33.32166667,131.5033333
2007/6/10,0:49:42,大分県中部,33°19.2′N,131°30.3′E,8 km,2.2,震度１,33.32,131.505
2007/6/11,1:53:50,青森県東方沖,40°58.7′N,141°59.9′E,58 km,3.6,震度２,40.97833333,141.9983333
2007/6/11,3:45:14,能登半島沖,37°14.6′N,136°39.2′E,7 km,5,震度４,37.24333333,136.6533333
2007/6/11,4:23:44,能登半島沖,37°14.6′N,136°39.9′E,7 km,3.4,震度１,37.24333333,136.665
2007/6/11,4:36:23,空知地方南部,43°05.5′N,141°52.1′E,11 km,3,震度２,43.09166667,141.8683333
2007/6/11,6:27:28,能登半島沖,37°16.2′N,136°41.0′E,6 km,3.8,震度３,37.27,136.6833333
2007/6/11,9:30:12,沖縄本島近海,27°02.8′N,128°12.6′E,13 km,2.9,震度１,27.04666667,128.21
2007/6/12,5:30:11,種子島近海,30°30.1′N,130°43.9′E,59 km,4.2,震度２,30.50166667,130.7316667
2007/6/12,14:08:05,日高地方東部,42°14.4′N,142°54.5′E,53 km,4,震度２,42.24,142.9083333
2007/6/12,14:54:52,新潟県中越地方,37°16.3′N,138°53.1′E,7 km,1.6,震度１,37.27166667,138.885
2007/6/12,15:20:17,奄美大島近海,28°14.8′N,129°29.8′E,33 km,2.9,震度１,28.24666667,129.4966667
2007/6/12,18:14:43,新潟県上越地方,37°06.8′N,138°31.9′E,11 km,2.6,震度２,37.11333333,138.5316667
2007/6/13,10:49:36,宮城県沖,38°20.8′N,141°48.9′E,66 km,4.2,震度２,38.34666667,141.815
2007/6/14,7:28:35,栃木県北部,36°44.5′N,139°24.1′E,7 km,2.2,震度１,36.74166667,139.4016667
2007/6/14,21:39:06,宮城県北部,38°52.5′N,141°35.3′E,76 km,3.3,震度１,38.875,141.5883333
2007/6/15,0:40:54,北海道東方沖,44°00.4′N,147°26.3′E,74 km,4.5,震度１,44.00666667,147.4383333
2007/6/16,5:29:01,宮城県沖,38°50.1′N,142°16.6′E,45 km,4.5,震度３,38.835,142.2766667
2007/6/17,12:15:57,福島県沖,36°42.3′N,142°17.2′E,25 km,4.5,震度１,36.705,142.2866667
2007/6/17,14:34:23,沖縄本島近海,26°17.8′N,127°20.5′E,49 km,3.4,震度１,26.29666667,127.3416667
2007/6/17,17:50:09,和歌山県北部,34°14.8′N,135°25.6′E,7 km,2.2,震度１,34.24666667,135.4266667
2007/6/18,4:13:20,宮古島近海,24°49.7′N,125°24.6′E,51 km,4.2,震度１,24.82833333,125.41
2007/6/18,11:22:16,国後島付近,43°46.3′N,146°22.5′E,80 km,4.1,震度２,43.77166667,146.375
2007/6/18,19:43:18,熊本県熊本地方,32°45.7′N,130°48.8′E,12 km,2.7,震度１,32.76166667,130.8133333
2007/6/18,21:49:43,福井県嶺北,35°58.7′N,136°20.8′E,5 km,1.9,震度１,35.97833333,136.3466667
2007/6/19,3:01:31,淡路島付近,34°33.3′N,134°58.8′E,7 km,3.2,震度１,34.555,134.98
2007/6/19,9:15:16,新島・神津島近海,34°30.4′N,139°12.5′E,15 km,2.1,震度１,34.50666667,139.2083333
2007/6/19,12:06:39,三宅島近海,34°04.1′N,139°34.7′E,0 km,1.6,震度１,34.06833333,139.5783333
2007/6/19,15:27:50,山形県最上地方,38°43.6′N,140°30.9′E,117 km,4.4,震度１,38.72666667,140.515
2007/6/20,0:07:44,与那国島近海,24°20.3′N,122°59.5′E,47 km,4.3,震度２,24.33833333,122.9916667
2007/6/20,4:09:52,豊後水道,33°15.5′N,132°20.9′E,39 km,3.1,震度１,33.25833333,132.3483333
2007/6/20,15:20:25,沖縄本島近海,26°39.8′N,127°51.2′E,21 km,3.2,震度１,26.66333333,127.8533333
2007/6/20,23:00:26,千葉県東方沖,35°14.1′N,141°17.8′E,25 km,5,震度１,35.235,141.2966667
2007/6/21,1:16:09,青森県東方沖,41°29.1′N,141°58.7′E,63 km,3.5,震度１,41.485,141.9783333
2007/6/21,12:23:47,与那国島近海,24°09.7′N,122°52.5′E,58 km,4.3,震度１,24.16166667,122.875
2007/6/22,3:34:14,石川県西方沖,36°52.6′N,136°40.0′E,8 km,4.6,震度４,36.87666667,136.6666667
2007/6/22,4:31:41,石川県西方沖,36°52.5′N,136°40.0′E,7 km,2.9,震度１,36.875,136.6666667
2007/6/22,6:09:13,奄美大島近海,27°43.2′N,128°54.9′E,22 km,3,震度１,27.72,128.915
2007/6/22,6:44:02,石川県西方沖,36°52.6′N,136°40.1′E,7 km,3,震度１,36.87666667,136.6683333
2007/6/22,16:47:05,石川県西方沖,36°52.6′N,136°39.8′E,6 km,3,震度１,36.87666667,136.6633333
2007/6/22,17:58:54,石川県西方沖,36°53.0′N,136°40.9′E,6 km,2.5,震度１,36.88333333,136.6816667
2007/6/22,22:54:48,石川県西方沖,36°52.7′N,136°39.9′E,6 km,3.1,震度１,36.87833333,136.665
2007/6/23,3:34:22,福岡県北西沖,33°43.2′N,130°14.9′E,7 km,2.7,震度１,33.72,130.2483333
2007/6/23,6:31:58,宮城県沖,38°47.8′N,141°37.0′E,68 km,3,震度１,38.79666667,141.6166667
2007/6/23,7:20:04,日高地方西部,42°32.3′N,142°11.0′E,125 km,4.9,震度３,42.53833333,142.1833333
2007/6/23,7:49:15,宮城県沖,38°05.8′N,141°53.7′E,32 km,4.1,震度１,38.09666667,141.895
2007/6/23,7:53:57,滋賀県北部,35°21.8′N,135°56.7′E,14 km,2.6,震度１,35.36333333,135.945
2007/6/23,9:05:46,石川県西方沖,36°52.7′N,136°40.2′E,8 km,3.1,震度１,36.87833333,136.67
2007/6/23,14:57:52,千葉県南東沖,34°35.5′N,140°24.5′E,62 km,4.7,震度３,34.59166667,140.4083333
2007/6/23,16:15:31,苫小牧沖,41°53.2′N,141°23.0′E,126 km,4.3,震度２,41.88666667,141.3833333
2007/6/23,23:52:57,茨城県沖,36°32.9′N,140°48.2′E,53 km,4.2,震度４,36.54833333,140.8033333
2007/6/24,0:08:41,茨城県沖,36°32.6′N,140°47.8′E,52 km,2.8,震度１,36.54333333,140.7966667
2007/6/24,1:32:08,千葉県東方沖,35°31.6′N,140°55.2′E,40 km,3.5,震度１,35.52666667,140.92
2007/6/24,4:00:55,八丈島近海,33°25.7′N,139°29.3′E,30 km,3.3,震度１,33.42833333,139.4883333
2007/6/24,14:57:25,釧路沖,42°51.2′N,145°34.8′E,46 km,4.1,震度２,42.85333333,145.58
2007/6/24,17:08:39,伊予灘,33°20.1′N,131°31.9′E,8 km,2.6,震度１,33.335,131.5316667
2007/6/25,3:25:56,釧路沖,42°56.0′N,144°11.5′E,114 km,3.5,震度１,42.93333333,144.1916667
2007/6/25,5:12:16,奄美大島北東沖,29°41.6′N,130°51.7′E,68 km,4.2,震度１,29.69333333,130.8616667
2007/6/25,11:45:32,茨城県沖,36°11.9′N,140°51.7′E,71 km,3.4,震度１,36.19833333,140.8616667
2007/6/25,14:07:44,和歌山県北部,34°09.0′N,135°16.9′E,3 km,1.6,震度１,34.15,135.2816667
2007/6/25,18:38:04,長崎県南西部,33°00.7′N,129°48.1′E,10 km,2.5,震度１,33.01166667,129.8016667
2007/6/26,11:30:42,茨城県沖,36°41.9′N,141°12.3′E,45 km,3.7,震度１,36.69833333,141.205
2007/6/26,20:04:31,石川県西方沖,36°52.6′N,136°40.4′E,8 km,3.4,震度２,36.87666667,136.6733333
2007/6/26,21:08:02,青森県西方沖,41°15.5′N,139°02.3′E,29 km,4.4,震度２,41.25833333,139.0383333
2007/6/27,10:41:33,岩手県内陸北部,40°08.3′N,141°07.8′E,9 km,2.7,震度１,40.13833333,141.13
2007/6/27,10:50:46,新潟県上越地方,36°49.9′N,137°46.8′E,0 km,2.8,震度１,36.83166667,137.78
2007/6/27,11:34:28,新潟県上越地方,36°49.7′N,137°46.9′E,0 km,2.9,震度１,36.82833333,137.7816667
2007/6/27,14:39:24,島根県西部,34°57.9′N,132°11.4′E,9 km,2.5,震度１,34.965,132.19
2007/6/27,16:06:28,新潟県上越地方,36°49.7′N,137°46.9′E,0 km,3.5,震度２,36.82833333,137.7816667
2007/6/27,18:03:28,長野県北部,36°46.7′N,137°52.0′E,2 km,1.9,震度１,36.77833333,137.8666667
2007/6/27,20:02:57,北海道北西沖,44°19.4′N,141°38.2′E,0 km,1.9,震度１,44.32333333,141.6366667
2007/6/27,21:04:23,北海道西方沖,44°09.3′N,141°36.0′E,0 km,1.6,震度１,44.155,141.6
2007/6/28,13:37:53,青森県東方沖,41°28.5′N,142°00.0′E,63 km,3.7,震度１,41.475,142
2007/6/28,18:26:26,東京都多摩西部,35°48.7′N,139°11.2′E,15 km,4.1,震度４,35.81166667,139.1866667
2007/6/28,22:55:22,埼玉県北部,36°03.4′N,139°41.8′E,106 km,3.9,震度１,36.05666667,139.6966667
2007/6/29,9:33:04,胆振地方中東部,42°47.7′N,141°57.5′E,139 km,3.8,震度１,42.795,141.9583333
2007/6/29,22:56:35,千葉県南東沖,34°35.4′N,140°24.8′E,62 km,4.4,震度２,34.59,140.4133333
2007/6/29,23:46:23,岐阜県美濃中西部,35°24.1′N,136°30.5′E,16 km,3.5,震度２,35.40166667,136.5083333
2007/6/30,9:11:19,大隅半島東方沖,31°07.7′N,131°33.7′E,40 km,3.3,震度１,31.12833333,131.5616667
2007/6/30,16:08:09,薩摩半島西方沖,31°44.4′N,130°00.0′E,11 km,3.2,震度１,31.74,130
2007/6/30,16:11:59,石川県能登地方,37°19.2′N,136°46.0′E,10 km,3.5,震度２,37.32,136.7666667
2007/6/30,22:04:03,宮城県沖,38°51.3′N,142°03.1′E,46 km,3.5,震度２,38.855,142.0516667
2007/7/1,5:54:57,千葉県東方沖,35°19.5′N,141°09.9′E,33 km,4.4,震度１,35.325,141.165
2007/7/1,7:35:46,北海道西方沖,44°09.0′N,141°35.4′E,0 km,1.7,震度１,44.15,141.59
2007/7/1,13:12:07,根室地方北部,43°32.6′N,144°54.5′E,132 km,5.8,震度４,43.54333333,144.9083333
2007/7/1,23:07:50,サハリン南部付近,46°07.6′N,142°15.7′E,10 km,4.3,震度１,46.12666667,142.2616667
2007/7/2,7:52:48,石川県西方沖,36°52.6′N,136°39.9′E,6 km,2.8,震度１,36.87666667,136.665
2007/7/2,11:00:53,沖縄本島近海,26°20.7′N,128°45.4′E,22 km,4.2,震度１,26.345,128.7566667
2007/7/2,11:26:34,福島県会津,37°02.0′N,139°22.6′E,8 km,2,震度１,37.03333333,139.3766667
2007/7/2,17:49:46,釧路地方中南部,43°21.2′N,144°30.9′E,139 km,3.5,震度１,43.35333333,144.515
2007/7/2,18:21:42,宮城県北部,38°46.0′N,141°05.3′E,10 km,2.6,震度１,38.76666667,141.0883333
2007/7/2,20:52:59,後志地方東部,42°55.2′N,140°45.4′E,6 km,2.1,震度１,42.92,140.7566667
2007/7/3,14:57:48,山形県庄内地方,38°36.1′N,139°46.3′E,8 km,2.6,震度１,38.60166667,139.7716667
2007/7/3,20:06:43,新潟県中越地方,37°18.2′N,138°51.6′E,14 km,3,震度２,37.30333333,138.86
2007/7/3,23:31:14,千葉県北東部,35°51.4′N,140°35.9′E,48 km,4.5,震度３,35.85666667,140.5983333
2007/7/4,1:41:45,福島県沖,36°53.4′N,140°57.7′E,71 km,3.3,震度１,36.89,140.9616667
2007/7/4,2:26:24,能登半島沖,37°08.5′N,136°35.6′E,7 km,2.3,震度１,37.14166667,136.5933333
2007/7/4,7:15:41,釧路地方中南部,43°17.3′N,144°28.4′E,134 km,3.7,震度１,43.28833333,144.4733333
2007/7/4,12:34:07,和歌山県北部,34°04.9′N,135°08.4′E,5 km,1.8,震度１,34.08166667,135.14
2007/7/5,8:36:33,長野県南部,35°50.6′N,137°34.0′E,6 km,2.6,震度１,35.84333333,137.5666667
2007/7/6,0:32:20,三陸沖,39°56.6′N,143°14.6′E,19 km,4.4,震度１,39.94333333,143.2433333
2007/7/6,7:54:29,根室半島南東沖,43°21.0′N,145°51.8′E,68 km,3.8,震度１,43.35,145.8633333
2007/7/6,16:55:23,薩摩半島西方沖,31°44.4′N,130°00.0′E,12 km,3.4,震度２,31.74,130
2007/7/7,0:35:23,滋賀県南部,35°09.9′N,136°03.7′E,11 km,3.2,震度２,35.165,136.0616667
2007/7/7,10:26:27,根室半島南東沖,43°07.4′N,145°49.8′E,46 km,4.1,震度２,43.12333333,145.83
2007/7/7,22:17:29,宮古島北西沖,26°08.6′N,125°43.4′E,11 km,4.9,震度１,26.14333333,125.7233333
2007/7/8,5:35:44,奄美大島近海,28°32.8′N,130°06.9′E,40 km,4.1,震度１,28.54666667,130.115
2007/7/8,8:44:05,四国沖,33°25.9′N,134°48.2′E,38 km,4.2,震度３,33.43166667,134.8033333
2007/7/8,10:37:04,宮城県北部,38°48.6′N,141°00.8′E,9 km,2,震度１,38.81,141.0133333
2007/7/8,14:21:39,伊豆大島近海,34°45.3′N,139°20.5′E,8 km,1.4,震度１,34.755,139.3416667
2007/7/8,18:47:16,能登半島沖,37°14.3′N,136°40.3′E,7 km,3.2,震度１,37.23833333,136.6716667
2007/7/8,23:31:30,徳島県北部,34°01.1′N,134°35.3′E,45 km,3.6,震度２,34.01833333,134.5883333
2007/7/9,16:00:34,石川県能登地方,37°19.4′N,136°45.4′E,10 km,4.2,震度３,37.32333333,136.7566667
2007/7/9,16:05:09,奄美大島近海,27°55.4′N,130°16.4′E,48 km,4.7,震度２,27.92333333,130.2733333
2007/7/10,0:53:24,福島県沖,37°44.4′N,141°34.0′E,53 km,4,震度１,37.74,141.5666667
2007/7/10,1:15:42,新潟県上中越沖,37°13.7′N,137°59.2′E,25 km,3.1,震度１,37.22833333,137.9866667
2007/7/10,13:15:26,北海道南西沖,41°51.5′N,139°29.0′E,15 km,4.5,震度３,41.85833333,139.4833333
2007/7/10,15:05:26,北海道南西沖,41°51.4′N,139°29.5′E,13 km,3.5,震度１,41.85666667,139.4916667
2007/7/10,18:27:46,長野県南部,35°49.3′N,137°26.9′E,8 km,3.1,震度１,35.82166667,137.4483333
2007/7/11,0:05:14,大阪府北部,34°40.6′N,135°26.9′E,9 km,3.1,震度１,34.67666667,135.4483333
2007/7/11,4:46:05,長野県南部,35°49.2′N,137°27.0′E,8 km,2.5,震度１,35.82,137.45
2007/7/11,15:52:40,青森県東方沖,41°25.4′N,141°45.3′E,68 km,3.5,震度１,41.42333333,141.755
2007/7/11,22:17:44,和歌山県北部,34°11.3′N,135°14.0′E,5 km,2.4,震度１,34.18833333,135.2333333
2007/7/12,5:29:26,神奈川県西部,35°26.9′N,139°09.9′E,19 km,4.2,震度３,35.44833333,139.165
2007/7/12,17:43:34,日高地方中部,42°16.3′N,142°32.9′E,32 km,3.7,震度２,42.27166667,142.5483333
2007/7/12,19:43:55,和歌山県北部,33°57.7′N,135°30.6′E,51 km,3.4,震度１,33.96166667,135.51
2007/7/13,9:28:11,西表島付近,24°27.9′N,123°46.0′E,15 km,2.9,震度１,24.465,123.7666667
2007/7/13,14:07:25,岐阜県飛騨地方,35°58.6′N,137°32.8′E,11 km,2.5,震度２,35.97666667,137.5466667
2007/7/14,5:38:11,種子島近海,30°33.1′N,130°34.4′E,63 km,3.5,震度１,30.55166667,130.5733333
2007/7/14,12:08:43,岩手県沖,40°21.0′N,142°04.6′E,50 km,3.7,震度２,40.35,142.0766667
2007/7/14,20:00:14,壱岐・対馬近海,33°18.2′N,129°50.7′E,10 km,3,震度２,33.30333333,129.845
2007/7/14,23:24:14,石川県能登地方,37°14.8′N,136°43.9′E,5 km,3.1,震度２,37.24666667,136.7316667
2007/7/15,2:29:42,石川県能登地方,37°14.6′N,136°44.2′E,4 km,2.5,震度１,37.24333333,136.7366667
2007/7/15,10:04:54,能登半島沖,37°09.1′N,136°34.9′E,8 km,2.3,震度１,37.15166667,136.5816667
2007/7/16,10:13:23,新潟県上中越沖,37°33.4′N,138°36.5′E,17 km,6.8,震度６強,37.55666667,138.6083333
2007/7/16,10:16:17,新潟県上中越沖,37°32.2′N,138°38.4′E,14 km,4.6,震度４,37.53666667,138.64
2007/7/16,10:18:40,新潟県上中越沖,37°30.3′N,138°32.8′E,18 km,4.9,震度４,37.505,138.5466667
2007/7/16,10:20:02,新潟県上中越沖,37°26.6′N,138°27.0′E,10 km,3.8,震度１,37.44333333,138.45
2007/7/16,10:22:05,新潟県上中越沖,37°32.1′N,138°34.0′E,17 km,3.9,震度２,37.535,138.5666667
2007/7/16,10:24:48,新潟県上中越沖,37°28.9′N,138°31.3′E,19 km,3.7,震度２,37.48166667,138.5216667
2007/7/16,10:26:37,新潟県上中越沖,37°26.8′N,138°26.3′E,16 km,3.8,震度２,37.44666667,138.4383333
2007/7/16,10:28:11,新潟県上中越沖,37°25.3′N,138°31.7′E,19 km,3.9,震度３,37.42166667,138.5283333
2007/7/16,10:30:00,新潟県上中越沖,37°22.6′N,138°31.1′E,19 km,3.6,震度２,37.37666667,138.5183333
2007/7/16,10:34:29,新潟県上中越沖,37°31.6′N,138°33.4′E,19 km,4.3,震度３,37.52666667,138.5566667
2007/7/16,10:36:08,新潟県上中越沖,37°24.9′N,138°26.7′E,11 km,3.6,震度２,37.415,138.445
2007/7/16,10:37:30,新潟県上中越沖,37°28.7′N,138°28.5′E,19 km,3.4,震度２,37.47833333,138.475
2007/7/16,10:39:53,新潟県上中越沖,37°24.9′N,138°31.6′E,18 km,2.5,震度１,37.415,138.5266667
2007/7/16,10:43:01,新潟県上中越沖,37°27.3′N,138°34.2′E,19 km,3.3,震度２,37.455,138.57
2007/7/16,10:44:15,新潟県上中越沖,37°28.1′N,138°29.0′E,20 km,3.4,震度２,37.46833333,138.4833333
2007/7/16,10:49:35,新潟県中越地方,37°29.2′N,138°45.1′E,24 km,2.4,震度１,37.48666667,138.7516667
2007/7/16,10:52:15,新潟県上中越沖,37°29.8′N,138°35.7′E,17 km,4.2,震度３,37.49666667,138.595
2007/7/16,10:53:17,新潟県上中越沖,37°31.4′N,138°34.9′E,21 km,3.1,震度１,37.52333333,138.5816667
2007/7/16,10:54:35,新潟県中越地方,37°29.9′N,138°44.2′E,26 km,2.7,震度１,37.49833333,138.7366667
2007/7/16,10:57:30,新潟県上中越沖,37°28.4′N,138°33.9′E,20 km,3.4,震度２,37.47333333,138.565
2007/7/16,11:00:55,新潟県上中越沖,37°27.4′N,138°33.9′E,22 km,3.7,震度３,37.45666667,138.565
2007/7/16,11:04:34,新潟県上中越沖,37°31.6′N,138°35.3′E,17 km,2.7,震度１,37.52666667,138.5883333
2007/7/16,11:05:36,新潟県上中越沖,37°29.8′N,138°29.1′E,23 km,3.9,震度２,37.49666667,138.485
2007/7/16,11:12:46,新潟県上中越沖,37°31.2′N,138°36.0′E,17 km,2.9,震度２,37.52,138.6
2007/7/16,11:20:08,新潟県上中越沖,37°30.1′N,138°34.3′E,20 km,3.1,震度１,37.50166667,138.5716667
2007/7/16,11:21:27,新潟県上中越沖,37°34.4′N,138°38.4′E,17 km,2.9,震度２,37.57333333,138.64
2007/7/16,11:24:15,新潟県上中越沖,37°25.7′N,138°27.8′E,18 km,3.4,震度２,37.42833333,138.4633333
2007/7/16,11:25:51,新潟県上中越沖,37°29.8′N,138°35.4′E,20 km,3.3,震度２,37.49666667,138.59
2007/7/16,11:43:33,新潟県中越地方,37°22.8′N,138°37.6′E,26 km,2.9,震度１,37.38,138.6266667
2007/7/16,11:47:28,新潟県上中越沖,37°24.9′N,138°32.0′E,18 km,3.4,震度２,37.415,138.5333333
2007/7/16,11:50:25,新潟県上中越沖,37°28.4′N,138°34.7′E,19 km,3.5,震度２,37.47333333,138.5783333
2007/7/16,11:53:57,新潟県上中越沖,37°29.7′N,138°35.5′E,16 km,3.5,震度２,37.495,138.5916667
2007/7/16,11:54:55,新潟県上中越沖,37°27.2′N,138°34.2′E,23 km,2,震度１,37.45333333,138.57
2007/7/16,11:56:19,新潟県上中越沖,37°29.8′N,138°35.2′E,17 km,3.5,震度２,37.49666667,138.5866667
2007/7/16,12:20:37,新潟県上中越沖,37°30.7′N,138°32.7′E,20 km,3.4,震度２,37.51166667,138.545
2007/7/16,12:29:45,新潟県上中越沖,37°32.0′N,138°33.7′E,17 km,2.9,震度１,37.53333333,138.5616667
2007/7/16,12:49:44,新潟県上中越沖,37°29.4′N,138°31.8′E,19 km,2.9,震度１,37.49,138.53
2007/7/16,13:16:58,新潟県上中越沖,37°29.6′N,138°32.9′E,18 km,3.1,震度２,37.49333333,138.5483333
2007/7/16,13:17:36,新潟県上中越沖,37°24.2′N,138°25.6′E,16 km,3.6,震度２,37.40333333,138.4266667
2007/7/16,13:44:53,新潟県上中越沖,37°22.0′N,138°28.0′E,18 km,3.3,震度２,37.36666667,138.4666667
2007/7/16,13:53:09,新潟県上中越沖,37°27.8′N,138°34.2′E,21 km,2.8,震度１,37.46333333,138.57
2007/7/16,14:07:17,新潟県上中越沖,37°30.8′N,138°38.2′E,21 km,3.8,震度２,37.51333333,138.6366667
2007/7/16,14:15:47,新潟県上中越沖,37°29.6′N,138°32.9′E,20 km,3.2,震度１,37.49333333,138.5483333
2007/7/16,14:21:45,新潟県上中越沖,37°31.1′N,138°38.2′E,21 km,2.4,震度１,37.51833333,138.6366667
2007/7/16,14:26:09,新潟県上中越沖,37°24.4′N,138°25.7′E,20 km,3.3,震度１,37.40666667,138.4283333
2007/7/16,14:43:37,新潟県中越地方,37°29.6′N,138°38.0′E,22 km,2.5,震度１,37.49333333,138.6333333
2007/7/16,15:16:12,新潟県上中越沖,37°23.2′N,138°27.9′E,19 km,3,震度１,37.38666667,138.465
2007/7/16,15:26:14,新潟県上中越沖,37°27.6′N,138°33.7′E,19 km,3.1,震度２,37.46,138.5616667
2007/7/16,15:37:40,新潟県上中越沖,37°30.2′N,138°38.6′E,23 km,5.8,震度６弱,37.50333333,138.6433333
2007/7/16,15:41:08,新潟県上中越沖,37°28.7′N,138°37.7′E,25 km,3.1,震度１,37.47833333,138.6283333
2007/7/16,15:42:42,新潟県上中越沖,37°31.6′N,138°38.4′E,20 km,2.8,震度１,37.52666667,138.64
2007/7/16,15:47:40,新潟県上中越沖,37°31.2′N,138°39.5′E,22 km,2.7,震度１,37.52,138.6583333
2007/7/16,16:00:28,新潟県上中越沖,37°31.2′N,138°39.4′E,22 km,3.8,震度３,37.52,138.6566667
2007/7/16,16:06:43,新潟県上中越沖,37°31.1′N,138°39.5′E,22 km,2.8,震度１,37.51833333,138.6583333
2007/7/16,16:08:33,新潟県上中越沖,37°28.5′N,138°37.3′E,23 km,2.6,震度１,37.475,138.6216667
2007/7/16,16:11:06,新潟県上中越沖,37°31.0′N,138°38.9′E,21 km,2.6,震度１,37.51666667,138.6483333
2007/7/16,16:12:29,新潟県上中越沖,37°35.8′N,138°35.7′E,16 km,2.9,震度１,37.59666667,138.595
2007/7/16,16:18:02,新潟県上中越沖,37°30.2′N,138°38.8′E,22 km,2.5,震度１,37.50333333,138.6466667
2007/7/16,16:30:12,新潟県上中越沖,37°28.5′N,138°34.0′E,18 km,3.1,震度２,37.475,138.5666667
2007/7/16,16:32:19,新潟県上中越沖,37°31.2′N,138°39.4′E,21 km,3.5,震度３,37.52,138.6566667
2007/7/16,16:42:45,新潟県上中越沖,37°29.9′N,138°37.1′E,22 km,2.6,震度１,37.49833333,138.6183333
2007/7/16,16:54:45,新潟県上中越沖,37°30.2′N,138°37.7′E,21 km,3.7,震度３,37.50333333,138.6283333
2007/7/16,17:11:48,新潟県上中越沖,37°31.2′N,138°38.0′E,21 km,2.5,震度１,37.52,138.6333333
2007/7/16,17:13:11,新潟県中越地方,37°27.8′N,138°37.7′E,22 km,3.6,震度２,37.46333333,138.6283333
2007/7/16,17:24:19,奈良県,34°15.6′N,135°56.8′E,49 km,4.7,震度３,34.26,135.9466667
2007/7/16,17:26:16,新潟県上中越沖,37°30.2′N,138°36.1′E,20 km,2.8,震度１,37.50333333,138.6016667
2007/7/16,17:42:26,新潟県上中越沖,37°24.8′N,138°33.4′E,19 km,4.2,震度２,37.41333333,138.5566667
2007/7/16,17:54:06,新潟県上中越沖,37°34.2′N,138°37.6′E,18 km,2.9,震度１,37.57,138.6266667
2007/7/16,18:19:46,新潟県上中越沖,37°22.3′N,138°32.3′E,22 km,4.4,震度３,37.37166667,138.5383333
2007/7/16,18:49:04,新潟県中越地方,37°31.1′N,138°42.6′E,26 km,2.8,震度１,37.51833333,138.71
2007/7/16,18:58:16,新潟県上中越沖,37°26.4′N,138°27.8′E,21 km,3.1,震度２,37.44,138.4633333
2007/7/16,19:48:43,新潟県上中越沖,37°27.4′N,138°26.9′E,26 km,3,震度１,37.45666667,138.4483333
2007/7/16,20:22:36,新潟県上中越沖,37°23.8′N,138°25.8′E,17 km,3.1,震度１,37.39666667,138.43
2007/7/16,20:47:07,新潟県上中越沖,37°30.5′N,138°37.5′E,21 km,2.6,震度１,37.50833333,138.625
2007/7/16,21:08:02,新潟県上中越沖,37°30.5′N,138°37.7′E,20 km,4.4,震度４,37.50833333,138.6283333
2007/7/16,21:15:44,新潟県中越地方,37°31.2′N,138°41.3′E,27 km,3.4,震度３,37.52,138.6883333
2007/7/16,21:53:11,新潟県上中越沖,37°31.6′N,138°33.2′E,18 km,3.4,震度２,37.52666667,138.5533333
2007/7/16,22:51:10,新潟県上中越沖,37°31.5′N,138°33.6′E,17 km,3,震度１,37.525,138.56
2007/7/16,22:55:35,新潟県上中越沖,37°32.0′N,138°33.5′E,18 km,3.8,震度２,37.53333333,138.5583333
2007/7/16,22:59:06,新潟県上中越沖,37°32.0′N,138°37.8′E,20 km,2.1,震度１,37.53333333,138.63
2007/7/16,23:17:37,京都府沖,36°51.9′N,135°06.2′E,374 km,6.7,震度４,36.865,135.1033333
2007/7/16,23:22:24,新潟県上中越沖,37°27.9′N,138°27.4′E,19 km,3.3,震度１,37.465,138.4566667
2007/7/16,23:50:31,新潟県上中越沖,37°33.8′N,138°38.1′E,14 km,3.1,震度２,37.56333333,138.635
2007/7/17,0:34:28,新潟県上中越沖,37°26.0′N,138°31.6′E,19 km,3,震度１,37.43333333,138.5266667
2007/7/17,0:39:52,新潟県上中越沖,37°29.5′N,138°34.6′E,19 km,3.3,震度１,37.49166667,138.5766667
2007/7/17,1:36:00,新潟県上中越沖,37°31.4′N,138°32.6′E,18 km,3.6,震度２,37.52333333,138.5433333
2007/7/17,1:55:33,新潟県上中越沖,37°34.6′N,138°33.4′E,17 km,3,震度１,37.57666667,138.5566667
2007/7/17,1:59:16,新潟県上中越沖,37°26.0′N,138°31.0′E,17 km,2.7,震度１,37.43333333,138.5166667
2007/7/17,2:10:51,新潟県上中越沖,37°31.2′N,138°34.8′E,17 km,3,震度１,37.52,138.58
2007/7/17,3:03:37,新潟県上中越沖,37°24.9′N,138°26.3′E,17 km,3.2,震度１,37.415,138.4383333
2007/7/17,4:04:22,新潟県上中越沖,37°31.0′N,138°37.7′E,17 km,2.7,震度１,37.51666667,138.6283333
2007/7/17,5:20:21,新潟県上中越沖,37°30.2′N,138°37.0′E,16 km,3.2,震度２,37.50333333,138.6166667
2007/7/17,5:55:17,新潟県上中越沖,37°32.5′N,138°39.9′E,20 km,2.3,震度１,37.54166667,138.665
2007/7/17,6:19:07,新潟県上中越沖,37°32.0′N,138°39.5′E,20 km,3.1,震度２,37.53333333,138.6583333
2007/7/17,8:39:43,新潟県上中越沖,37°31.3′N,138°33.0′E,19 km,3.5,震度２,37.52166667,138.55
2007/7/17,10:26:41,新潟県上中越沖,37°29.4′N,138°31.0′E,18 km,3.5,震度２,37.49,138.5166667
2007/7/17,10:36:12,新潟県上中越沖,37°25.3′N,138°32.4′E,19 km,2.7,震度１,37.42166667,138.54
2007/7/17,10:58:54,能登半島沖,37°11.0′N,136°31.2′E,0 km,3.5,震度２,37.18333333,136.52
2007/7/17,11:29:14,長崎県南西部,32°54.0′N,130°00.4′E,12 km,2.8,震度２,32.9,130.0066667
2007/7/17,11:56:49,新潟県上中越沖,37°30.9′N,138°35.1′E,17 km,3.1,震度２,37.515,138.585
2007/7/17,13:42:07,新潟県上中越沖,37°31.4′N,138°35.7′E,18 km,2.7,震度１,37.52333333,138.595
2007/7/17,14:10:53,新潟県上中越沖,37°32.7′N,138°38.4′E,19 km,2.9,震度２,37.545,138.64
2007/7/17,16:47:48,新潟県上中越沖,37°28.3′N,138°29.5′E,18 km,3,震度１,37.47166667,138.4916667
2007/7/17,16:49:16,新潟県上中越沖,37°35.9′N,138°35.8′E,15 km,2.5,震度１,37.59833333,138.5966667
2007/7/17,18:40:43,新潟県上中越沖,37°28.2′N,138°32.9′E,18 km,3,震度１,37.47,138.5483333
2007/7/17,21:03:03,新潟県上中越沖,37°27.4′N,138°30.1′E,17 km,1.7,震度１,37.45666667,138.5016667
2007/7/17,21:37:59,青森県東方沖,40°52.3′N,142°17.2′E,38 km,3.6,震度１,40.87166667,142.2866667
2007/7/17,21:38:12,新潟県上中越沖,37°28.5′N,138°36.9′E,24 km,2.9,震度１,37.475,138.615
2007/7/18,3:44:15,島根県東部,35°09.0′N,132°40.7′E,9 km,2.3,震度１,35.15,132.6783333
2007/7/18,4:39:39,新潟県中越地方,37°24.5′N,139°02.0′E,1 km,3.9,震度２,37.40833333,139.0333333
2007/7/18,5:11:07,新潟県中越地方,37°08.8′N,138°37.0′E,13 km,1.9,震度１,37.14666667,138.6166667
2007/7/18,5:22:24,石川県能登地方,37°14.5′N,136°44.2′E,5 km,2.5,震度１,37.24166667,136.7366667
2007/7/18,8:57:14,新潟県上中越沖,37°26.5′N,138°28.6′E,18 km,2.8,震度１,37.44166667,138.4766667
2007/7/18,9:50:45,長崎県南西部,32°53.9′N,130°00.4′E,12 km,2,震度１,32.89833333,130.0066667
2007/7/18,11:47:55,新潟県上中越沖,37°28.6′N,138°34.1′E,18 km,3.7,震度２,37.47666667,138.5683333
2007/7/18,16:34:23,長崎県南西部,32°54.0′N,130°00.5′E,12 km,2.3,震度１,32.9,130.0083333
2007/7/18,16:53:05,新潟県中越地方,37°26.5′N,138°36.9′E,23 km,4.3,震度４,37.44166667,138.615
2007/7/18,17:25:40,新潟県上中越沖,37°32.9′N,138°36.9′E,17 km,2.7,震度１,37.54833333,138.615
2007/7/18,18:55:20,新潟県中越地方,37°31.9′N,138°41.4′E,10 km,1.6,震度１,37.53166667,138.69
2007/7/18,20:02:56,新潟県上中越沖,37°28.3′N,138°29.6′E,21 km,3.7,震度３,37.47166667,138.4933333
2007/7/18,20:20:03,新潟県上中越沖,37°25.0′N,138°26.2′E,19 km,2.7,震度１,37.41666667,138.4366667
2007/7/18,20:40:57,三重県中部,34°46.9′N,136°24.3′E,14 km,2.2,震度１,34.78166667,136.405
2007/7/18,21:45:44,新潟県上中越沖,37°24.3′N,138°31.3′E,19 km,2.9,震度１,37.405,138.5216667
2007/7/18,21:47:03,新潟県上中越沖,37°29.3′N,138°31.7′E,18 km,3,震度１,37.48833333,138.5283333
2007/7/18,23:33:38,新潟県上中越沖,37°28.8′N,138°34.5′E,18 km,2.8,震度１,37.48,138.575
2007/7/19,0:37:55,新潟県上中越沖,37°32.5′N,138°31.7′E,18 km,2.5,震度１,37.54166667,138.5283333
2007/7/19,12:15:47,新潟県上中越沖,37°34.1′N,138°37.5′E,17 km,2.6,震度１,37.56833333,138.625
2007/7/19,15:46:42,新潟県上中越沖,37°34.4′N,138°28.8′E,20 km,3.2,震度１,37.57333333,138.48
2007/7/19,16:08:15,能登半島沖,37°10.3′N,136°34.0′E,7 km,3.1,震度１,37.17166667,136.5666667
2007/7/19,23:11:17,宮古島近海,24°25.2′N,124°45.0′E,52 km,4.2,震度１,24.42,124.75
2007/7/20,1:52:05,新潟県上中越沖,37°27.1′N,138°33.4′E,19 km,4.2,震度３,37.45166667,138.5566667
2007/7/20,2:33:34,静岡県西部,34°41.9′N,137°53.8′E,13 km,3.9,震度２,34.69833333,137.8966667
2007/7/20,2:38:01,静岡県西部,34°41.6′N,137°53.7′E,13 km,3.1,震度２,34.69333333,137.895
2007/7/20,3:14:32,新潟県上中越沖,37°30.4′N,138°35.0′E,19 km,2.6,震度１,37.50666667,138.5833333
2007/7/20,4:09:26,徳島県北部,34°01.3′N,134°28.9′E,38 km,2.8,震度１,34.02166667,134.4816667
2007/7/20,4:50:26,新潟県中越地方,37°32.3′N,138°41.0′E,10 km,1.8,震度１,37.53833333,138.6833333
2007/7/20,6:22:12,新潟県上中越沖,37°17.2′N,138°13.3′E,18 km,2.8,震度１,37.28666667,138.2216667
2007/7/20,8:50:46,石川県西方沖,37°02.2′N,136°25.9′E,9 km,3.6,震度１,37.03666667,136.4316667
2007/7/20,8:58:45,石川県西方沖,37°02.2′N,136°26.3′E,9 km,4.1,震度２,37.03666667,136.4383333
2007/7/20,14:19:35,新潟県上中越沖,37°29.6′N,138°30.8′E,19 km,3.3,震度２,37.49333333,138.5133333
2007/7/20,17:15:23,伊豆大島近海,34°43.6′N,139°18.8′E,4 km,4.4,震度３,34.72666667,139.3133333
2007/7/20,17:17:27,伊豆大島近海,34°44.7′N,139°18.2′E,0 km,3.4,震度３,34.745,139.3033333
2007/7/20,17:19:23,伊豆大島近海,34°45.0′N,139°18.0′E,0 km,2.7,震度２,34.75,139.3
2007/7/20,17:28:00,伊豆大島近海,34°44.0′N,139°18.1′E,0 km,1.9,震度１,34.73333333,139.3016667
2007/7/20,17:36:49,伊豆大島近海,34°44.5′N,139°18.3′E,2 km,2.3,震度１,34.74166667,139.305
2007/7/20,17:48:44,伊豆大島近海,34°43.5′N,139°17.9′E,0 km,1.4,震度１,34.725,139.2983333
2007/7/20,18:10:19,伊豆大島近海,34°43.7′N,139°18.8′E,2 km,1.7,震度１,34.72833333,139.3133333
2007/7/20,18:17:55,新潟県上中越沖,37°32.0′N,138°40.9′E,10 km,2,震度２,37.53333333,138.6816667
2007/7/20,18:23:19,伊豆大島近海,34°43.2′N,139°18.8′E,0 km,2,震度１,34.72,139.3133333
2007/7/20,18:25:02,伊豆大島近海,34°44.1′N,139°18.4′E,0 km,1.6,震度１,34.735,139.3066667
2007/7/20,19:32:52,山梨県東部・富士五湖,35°31.5′N,138°59.1′E,20 km,2.5,震度１,35.525,138.985
2007/7/20,19:57:36,伊豆大島近海,34°43.7′N,139°16.5′E,0 km,2.6,震度１,34.72833333,139.275
2007/7/20,20:41:46,石川県西方沖,37°09.3′N,136°29.3′E,9 km,3.1,震度１,37.155,136.4883333
2007/7/20,20:47:55,伊豆大島近海,34°42.5′N,139°19.8′E,6 km,2,震度１,34.70833333,139.33
2007/7/20,21:08:06,伊豆大島近海,34°43.7′N,139°17.3′E,0 km,2.3,震度１,34.72833333,139.2883333
2007/7/20,21:47:11,新潟県上中越沖,37°29.9′N,138°37.8′E,15 km,3.2,震度２,37.49833333,138.63
2007/7/20,21:54:44,新潟県上中越沖,37°26.8′N,138°34.1′E,20 km,3.6,震度２,37.44666667,138.5683333
2007/7/20,22:13:33,伊豆大島近海,34°43.7′N,139°18.5′E,4 km,3.2,震度３,34.72833333,139.3083333
2007/7/20,22:15:54,伊豆大島近海,34°43.9′N,139°17.6′E,0 km,2,震度１,34.73166667,139.2933333
2007/7/20,22:20:23,伊豆大島近海,34°43.5′N,139°18.2′E,0 km,2.5,震度２,34.725,139.3033333
2007/7/20,22:41:40,伊豆大島近海,34°43.3′N,139°17.4′E,0 km,2.4,震度２,34.72166667,139.29
2007/7/20,22:42:45,伊豆大島近海,34°44.6′N,139°17.5′E,0 km,2.7,震度２,34.74333333,139.2916667
2007/7/20,22:44:54,伊豆大島近海,34°43.4′N,139°17.7′E,0 km,2.2,震度１,34.72333333,139.295
2007/7/20,22:45:40,伊豆大島近海,34°44.1′N,139°17.5′E,0 km,2.9,震度３,34.735,139.2916667
2007/7/20,22:45:55,伊豆大島近海,34°44.2′N,139°17.4′E,0 km,2.8,震度２,34.73666667,139.29
2007/7/20,22:56:07,伊豆大島近海,34°44.7′N,139°17.4′E,0 km,2.3,震度１,34.745,139.29
2007/7/20,23:10:13,伊豆大島近海,34°43.8′N,139°17.3′E,0 km,3,震度３,34.73,139.2883333
2007/7/20,23:28:22,新潟県上中越沖,37°22.5′N,138°22.0′E,20 km,3.3,震度２,37.375,138.3666667
2007/7/21,1:01:07,新潟県上中越沖,37°22.9′N,138°22.3′E,20 km,3,震度１,37.38166667,138.3716667
2007/7/21,2:21:16,伊豆大島近海,34°44.2′N,139°17.8′E,5 km,2,震度１,34.73666667,139.2966667
2007/7/21,2:53:51,伊豆大島近海,34°44.6′N,139°18.2′E,6 km,2,震度１,34.74333333,139.3033333
2007/7/21,3:05:43,新潟県上中越沖,37°23.5′N,138°26.2′E,18 km,2.9,震度１,37.39166667,138.4366667
2007/7/21,4:21:08,伊豆大島近海,34°44.0′N,139°17.7′E,0 km,3,震度２,34.73333333,139.295
2007/7/21,6:08:01,伊豆大島近海,34°44.1′N,139°17.2′E,0 km,2.2,震度１,34.735,139.2866667
2007/7/21,6:24:29,橘湾,32°40.1′N,130°02.2′E,15 km,3,震度１,32.66833333,130.0366667
2007/7/21,7:20:54,伊豆大島近海,34°43.6′N,139°17.4′E,2 km,2.2,震度１,34.72666667,139.29
2007/7/21,9:32:42,新潟県上中越沖,37°34.3′N,138°38.2′E,17 km,3.3,震度２,37.57166667,138.6366667
2007/7/21,9:52:40,宮城県北部,38°36.1′N,141°25.0′E,68 km,3.7,震度１,38.60166667,141.4166667
2007/7/21,11:47:03,伊豆大島近海,34°43.9′N,139°17.0′E,0 km,2,震度１,34.73166667,139.2833333
2007/7/21,12:13:39,愛知県西部,35°12.8′N,137°11.9′E,44 km,3,震度１,35.21333333,137.1983333
2007/7/21,14:20:41,伊豆大島近海,34°44.1′N,139°17.3′E,4 km,2.1,震度１,34.735,139.2883333
2007/7/21,16:36:09,茨城県沖,36°32.6′N,140°52.0′E,51 km,4.2,震度３,36.54333333,140.8666667
2007/7/22,6:18:42,伊豆大島近海,34°44.2′N,139°18.2′E,2 km,2.4,震度１,34.73666667,139.3033333
2007/7/22,7:09:03,新潟県上中越沖,37°27.2′N,138°33.2′E,19 km,2.6,震度１,37.45333333,138.5533333
2007/7/22,8:11:43,熊本県熊本地方,32°51.4′N,130°52.5′E,8 km,1.8,震度１,32.85666667,130.875
2007/7/22,10:40:27,埼玉県秩父地方,36°03.4′N,139°04.3′E,12 km,2.4,震度２,36.05666667,139.0716667
2007/7/22,13:14:56,新潟県上中越沖,37°29.5′N,138°34.6′E,18 km,2.5,震度１,37.49166667,138.5766667
2007/7/22,22:58:15,和歌山県北部,34°09.1′N,135°14.7′E,5 km,1.7,震度１,34.15166667,135.245
2007/7/22,23:25:44,和歌山県北部,34°11.9′N,135°11.5′E,6 km,2.6,震度２,34.19833333,135.1916667
2007/7/23,0:54:18,伊勢湾,35°00.8′N,136°51.0′E,13 km,3.1,震度２,35.01333333,136.85
2007/7/23,0:57:54,伊勢湾,35°00.9′N,136°51.4′E,13 km,2.9,震度２,35.015,136.8566667
2007/7/23,5:41:55,新潟県上中越沖,37°26.1′N,138°09.3′E,22 km,3.2,震度１,37.435,138.155
2007/7/23,6:16:28,新潟県上中越沖,37°29.9′N,138°37.7′E,15 km,3,震度２,37.49833333,138.6283333
2007/7/23,13:24:29,新潟県上中越沖,37°27.0′N,138°29.7′E,18 km,3,震度１,37.45,138.495
2007/7/23,17:10:46,東京湾,35°39.8′N,140°01.7′E,71 km,3.2,震度１,35.66333333,140.0283333
2007/7/23,19:46:23,伊豆大島近海,34°43.1′N,139°18.4′E,0 km,1.5,震度１,34.71833333,139.3066667
2007/7/23,22:40:03,台湾付近,23°45.3′N,121°43.6′E,76 km,5.5,震度１,23.755,121.7266667
2007/7/24,2:41:51,新潟県上中越沖,37°35.0′N,138°34.7′E,15 km,3,震度１,37.58333333,138.5783333
2007/7/24,11:37:54,新潟県上中越沖,37°32.7′N,138°35.0′E,17 km,3.6,震度２,37.545,138.5833333
2007/7/24,11:38:43,神奈川県西部,35°18.2′N,139°03.8′E,14 km,4.4,震度３,35.30333333,139.0633333
2007/7/24,12:39:51,神奈川県西部,35°18.6′N,139°04.0′E,13 km,2.5,震度１,35.31,139.0666667
2007/7/24,15:51:53,新潟県上中越沖,37°23.8′N,138°32.2′E,19 km,3.5,震度２,37.39666667,138.5366667
2007/7/24,15:54:22,北海道南西沖,41°57.3′N,139°16.3′E,14 km,4.1,震度２,41.955,139.2716667
2007/7/25,1:13:13,岐阜県飛騨地方,36°03.0′N,137°31.1′E,6 km,2.4,震度２,36.05,137.5183333
2007/7/25,6:52:04,新潟県中越地方,37°31.9′N,138°43.2′E,24 km,4.8,震度４,37.53166667,138.72
2007/7/25,7:27:04,新潟県中越地方,37°31.7′N,138°43.0′E,24 km,3.5,震度２,37.52833333,138.7166667
2007/7/25,9:40:55,浦河沖,41°54.0′N,142°31.4′E,61 km,3.8,震度２,41.9,142.5233333
2007/7/25,10:46:14,新潟県中越地方,37°30.3′N,138°44.6′E,26 km,2.4,震度１,37.505,138.7433333
2007/7/25,14:37:13,伊豆大島近海,34°44.2′N,139°18.1′E,4 km,2,震度１,34.73666667,139.3016667
2007/7/25,14:38:17,伊豆大島近海,34°43.8′N,139°17.5′E,0 km,1.7,震度１,34.73,139.2916667
2007/7/25,15:59:42,伊豆大島近海,34°44.0′N,139°17.7′E,0 km,1.9,震度１,34.73333333,139.295
2007/7/25,17:25:46,長野県南部,35°54.6′N,137°40.2′E,9 km,2.1,震度１,35.91,137.67
2007/7/26,1:07:51,伊豆大島近海,34°44.0′N,139°18.2′E,5 km,2,震度１,34.73333333,139.3033333
2007/7/26,18:32:50,大阪府北部,34°57.7′N,135°26.8′E,10 km,2.2,震度１,34.96166667,135.4466667
2007/7/26,19:51:22,大阪府北部,34°57.7′N,135°26.8′E,10 km,2.4,震度１,34.96166667,135.4466667
2007/7/27,9:17:06,トカラ列島近海,29°36.9′N,130°00.3′E,61 km,4.2,震度２,29.615,130.005
2007/7/27,9:24:42,根室半島南東沖,43°07.0′N,145°38.3′E,60 km,3.5,震度１,43.11666667,145.6383333
2007/7/27,14:05:13,石川県西方沖,37°03.0′N,136°25.8′E,7 km,3.6,震度１,37.05,136.43
2007/7/27,15:07:48,大阪府北部,34°57.7′N,135°26.7′E,9 km,2.3,震度１,34.96166667,135.445
2007/7/28,1:18:09,宮城県中部,38°24.0′N,141°06.4′E,12 km,2.3,震度１,38.4,141.1066667
2007/7/28,1:34:34,奄美大島近海,28°28.4′N,129°22.4′E,1 km,3.4,震度１,28.47333333,129.3733333
2007/7/28,4:41:48,新潟県上中越沖,37°32.2′N,138°37.5′E,15 km,2.5,震度１,37.53666667,138.625
2007/7/28,6:30:31,能登半島沖,37°09.4′N,136°32.9′E,8 km,3.3,震度２,37.15666667,136.5483333
2007/7/28,8:51:34,宮城県南部,38°08.6′N,140°53.7′E,88 km,3.5,震度１,38.14333333,140.895
2007/7/28,17:55:48,遠州灘,34°02.6′N,137°33.1′E,335 km,5,震度１,34.04333333,137.5516667
2007/7/29,6:07:09,奄美大島北東沖,29°58.2′N,130°27.9′E,50 km,3.5,震度１,29.97,130.465
2007/7/29,10:22:02,熊本県熊本地方,32°45.5′N,130°49.8′E,10 km,2.3,震度１,32.75833333,130.83
2007/7/29,14:17:06,和歌山県北部,34°15.0′N,135°23.7′E,9 km,2.2,震度１,34.25,135.395
2007/7/29,15:28:34,千葉県北西部,35°37.0′N,140°06.6′E,67 km,3.4,震度１,35.61666667,140.11
2007/7/30,11:41:30,大阪府北部,34°57.6′N,135°26.8′E,10 km,3.1,震度２,34.96,135.4466667
2007/7/31,5:29:59,石川県能登地方,37°17.8′N,136°45.9′E,5 km,1.9,震度１,37.29666667,136.765
2007/7/31,10:22:41,日向灘,32°09.8′N,131°52.6′E,21 km,4.1,震度２,32.16333333,131.8766667
2007/7/31,23:47:03,沖縄本島北西沖,27°19.5′N,126°45.3′E,2 km,4.7,震度１,27.325,126.755
2007/8/1,0:07:31,沖縄本島北西沖,27°23.3′N,126°42.7′E,6 km,6.1,震度３,27.38833333,126.7116667
2007/8/1,17:15:59,三重県南東沖,33°59.4′N,136°46.0′E,383 km,5.5,震度２,33.99,136.7666667
2007/8/1,20:00:40,茨城県沖,36°24.8′N,141°02.2′E,47 km,3.9,震度２,36.41333333,141.0366667
2007/8/2,11:37:34,サハリン西方沖,47°13.3′N,141°43.4′E,0 km,6.4,震度２,47.22166667,141.7233333
2007/8/2,14:01:44,サハリン西方沖,46°48.9′N,141°39.0′E,3 km,5,震度１,46.815,141.65
2007/8/2,14:17:19,新島・神津島近海,34°24.3′N,139°12.2′E,9 km,2.9,震度３,34.405,139.2033333
2007/8/2,14:17:48,新島・神津島近海,34°25.4′N,139°11.9′E,11 km,2.7,震度１,34.42333333,139.1983333
2007/8/2,14:22:15,サハリン西方沖,46°58.4′N,141°41.3′E,27 km,5.9,震度３,46.97333333,141.6883333
2007/8/2,15:04:39,サハリン西方沖,46°54.8′N,141°42.7′E,28 km,5,震度１,46.91333333,141.7116667
2007/8/2,16:03:51,能登半島沖,37°10.4′N,136°37.4′E,11 km,3.1,震度１,37.17333333,136.6233333
2007/8/2,17:06:27,サハリン西方沖,46°53.5′N,141°42.8′E,16 km,5.3,震度１,46.89166667,141.7133333
2007/8/2,19:37:25,サハリン西方沖,46°55.6′N,141°42.3′E,4 km,5.6,震度２,46.92666667,141.705
2007/8/2,22:36:34,種子島近海,30°01.0′N,130°49.6′E,28 km,3.3,震度１,30.01666667,130.8266667
2007/8/3,11:01:16,新潟県上中越沖,37°22.9′N,138°31.1′E,20 km,4.1,震度２,37.38166667,138.5183333
2007/8/3,12:32:33,豊後水道,32°59.2′N,132°14.5′E,35 km,3.3,震度１,32.98666667,132.2416667
2007/8/3,17:29:07,新潟県上中越沖,37°11.7′N,138°13.3′E,15 km,3.3,震度３,37.195,138.2216667
2007/8/3,17:40:23,新潟県上中越沖,37°11.9′N,138°13.7′E,14 km,2.3,震度１,37.19833333,138.2283333
2007/8/3,17:41:26,新潟県上中越沖,37°11.8′N,138°13.7′E,14 km,2.5,震度１,37.19666667,138.2283333
2007/8/3,17:54:53,山形県置賜地方,37°54.0′N,139°52.3′E,7 km,2.3,震度１,37.9,139.8716667
2007/8/3,18:08:50,青森県東方沖,41°35.6′N,141°55.0′E,65 km,3.5,震度１,41.59333333,141.9166667
2007/8/4,0:16:22,新潟県上中越沖,37°25.2′N,138°32.2′E,18 km,3.2,震度２,37.42,138.5366667
2007/8/4,2:13:04,福島県沖,36°54.9′N,141°10.9′E,49 km,4.2,震度３,36.915,141.1816667
2007/8/4,2:23:46,福島県沖,36°54.9′N,141°10.9′E,49 km,3.9,震度２,36.915,141.1816667
2007/8/4,8:45:38,山形県置賜地方,37°54.0′N,139°52.2′E,7 km,2.5,震度１,37.9,139.87
2007/8/4,9:22:27,千葉県東方沖,35°52.1′N,140°51.7′E,37 km,3.6,震度１,35.86833333,140.8616667
2007/8/4,17:03:29,宮城県沖,38°57.0′N,141°40.5′E,69 km,4,震度２,38.95,141.675
2007/8/5,6:57:15,新潟県上中越沖,37°32.6′N,138°37.6′E,13 km,2.9,震度１,37.54333333,138.6266667
2007/8/5,21:20:53,千葉県北西部,35°47.6′N,140°06.4′E,68 km,3.4,震度１,35.79333333,140.1066667
2007/8/5,23:27:37,茨城県南部,36°02.7′N,139°53.0′E,44 km,3.2,震度１,36.045,139.8833333
2007/8/6,14:53:21,新潟県上中越沖,37°30.5′N,138°34.6′E,14 km,3.5,震度３,37.50833333,138.5766667
2007/8/6,20:14:55,神奈川県西部,35°33.6′N,139°15.4′E,113 km,3.3,震度１,35.56,139.2566667
2007/8/6,21:06:41,福島県浜通り,37°25.2′N,140°56.6′E,86 km,3.4,震度１,37.42,140.9433333
2007/8/7,4:04:49,新島・神津島近海,34°15.4′N,139°10.9′E,12 km,2.6,震度２,34.25666667,139.1816667
2007/8/7,4:06:36,釧路地方中南部,42°59.3′N,143°51.4′E,88 km,3.3,震度１,42.98833333,143.8566667
2007/8/7,8:32:04,新潟県上中越沖,37°34.4′N,138°37.9′E,16 km,2.9,震度１,37.57333333,138.6316667
2007/8/7,9:02:20,沖縄本島北西沖,27°20.8′N,126°40.0′E,5 km,6.3,震度３,27.34666667,126.6666667
2007/8/7,11:57:17,沖縄本島北西沖,27°19.9′N,126°38.6′E,12 km,5.1,震度１,27.33166667,126.6433333
2007/8/7,16:39:26,熊本県熊本地方,32°35.6′N,131°06.5′E,148 km,3.9,震度１,32.59333333,131.1083333
2007/8/8,2:50:24,新潟県中越地方,37°32.4′N,138°41.4′E,10 km,1.8,震度１,37.54,138.69
2007/8/8,3:24:14,根室半島南東沖,43°23.8′N,146°04.4′E,88 km,3.6,震度１,43.39666667,146.0733333
2007/8/8,15:47:23,西表島付近,24°01.4′N,123°32.2′E,22 km,3.5,震度１,24.02333333,123.5366667
2007/8/8,21:27:21,福島県浜通り,37°39.1′N,140°48.7′E,77 km,3.7,震度２,37.65166667,140.8116667
2007/8/8,23:02:29,新潟県上中越沖,37°22.6′N,138°27.2′E,18 km,3.4,震度２,37.37666667,138.4533333
2007/8/9,0:19:43,沖縄本島近海,27°18.6′N,128°26.6′E,44 km,5.1,震度４,27.31,128.4433333
2007/8/9,5:16:33,新潟県上中越沖,37°21.8′N,138°27.4′E,18 km,2.8,震度１,37.36333333,138.4566667
2007/8/9,10:50:20,宮城県沖,38°49.4′N,141°35.0′E,71 km,3.2,震度１,38.82333333,141.5833333
2007/8/10,2:04:41,新潟県上中越沖,37°23.7′N,138°32.8′E,18 km,3.2,震度２,37.395,138.5466667
2007/8/10,5:30:10,種子島南東沖,29°57.5′N,131°25.7′E,41 km,4.8,震度１,29.95833333,131.4283333
2007/8/10,7:57:28,高知県中部,33°37.6′N,133°33.4′E,8 km,2.3,震度１,33.62666667,133.5566667
2007/8/10,9:28:49,新潟県上中越沖,37°33.7′N,138°35.9′E,18 km,2.8,震度１,37.56166667,138.5983333
2007/8/11,1:57:11,新潟県上中越沖,37°34.0′N,138°37.7′E,17 km,2.4,震度１,37.56666667,138.6283333
2007/8/11,7:04:41,能登半島沖,37°17.3′N,136°44.4′E,8 km,3.4,震度３,37.28833333,136.74
2007/8/11,8:18:10,伊予灘,33°31.7′N,132°00.9′E,57 km,3.3,震度１,33.52833333,132.015
2007/8/11,12:15:23,能登半島沖,37°40.2′N,137°25.3′E,12 km,4,震度１,37.67,137.4216667
2007/8/11,13:09:51,種子島近海,30°13.5′N,130°33.3′E,1 km,2.9,震度１,30.225,130.555
2007/8/11,15:28:10,京都府南部,35°15.1′N,135°46.3′E,13 km,3.4,震度１,35.25166667,135.7716667
2007/8/11,16:17:12,京都府南部,35°15.1′N,135°46.3′E,13 km,3.3,震度１,35.25166667,135.7716667
2007/8/11,16:36:38,新潟県上中越沖,37°22.0′N,138°22.5′E,17 km,3.2,震度１,37.36666667,138.375
2007/8/12,1:48:31,九州地方南東沖,30°36.4′N,131°34.5′E,37 km,4.5,震度１,30.60666667,131.575
2007/8/12,1:49:51,広島県北部,34°56.7′N,132°49.4′E,8 km,2.6,震度１,34.945,132.8233333
2007/8/12,8:13:15,伊豆大島近海,34°42.8′N,139°19.1′E,2 km,1.7,震度１,34.71333333,139.3183333
2007/8/12,9:56:46,福島県沖,37°33.3′N,141°40.5′E,45 km,4.1,震度１,37.555,141.675
2007/8/12,15:17:29,沖縄本島近海,26°49.4′N,128°26.6′E,30 km,4.1,震度２,26.82333333,128.4433333
2007/8/13,6:22:25,種子島南東沖,29°55.4′N,131°26.1′E,36 km,3.8,震度１,29.92333333,131.435
2007/8/13,7:22:06,新島・神津島近海,34°18.9′N,139°08.6′E,8 km,1.8,震度１,34.315,139.1433333
2007/8/13,9:30:31,千葉県東方沖,35°20.3′N,140°32.8′E,26 km,3.1,震度１,35.33833333,140.5466667
2007/8/13,11:16:24,千葉県東方沖,35°20.3′N,140°32.8′E,25 km,2.7,震度１,35.33833333,140.5466667
2007/8/13,12:34:13,宮城県沖,38°18.5′N,141°53.6′E,46 km,3.8,震度１,38.30833333,141.8933333
2007/8/13,15:47:13,種子島南東沖,30°01.2′N,131°16.4′E,33 km,4.4,震度１,30.02,131.2733333
2007/8/14,13:13:30,サハリン西方沖,47°08.8′N,141°47.9′E,18 km,5.8,震度２,47.14666667,141.7983333
2007/8/14,16:20:36,静岡県西部,34°42.0′N,137°54.1′E,13 km,2.1,震度１,34.7,137.9016667
2007/8/14,16:44:58,岩手県沖,40°21.5′N,142°05.0′E,51 km,3.5,震度１,40.35833333,142.0833333
2007/8/14,21:33:32,千葉県北東部,35°21.5′N,140°21.7′E,23 km,2.9,震度２,35.35833333,140.3616667
2007/8/15,2:27:57,千葉県東方沖,35°23.7′N,140°33.2′E,26 km,2.9,震度１,35.395,140.5533333
2007/8/15,2:42:57,奈良県,34°24.6′N,135°52.6′E,9 km,2.7,震度１,34.41,135.8766667
2007/8/15,3:39:23,秋田県内陸南部,38°59.0′N,140°33.8′E,3 km,2.6,震度１,38.98333333,140.5633333
2007/8/15,7:38:27,新潟県上中越沖,37°30.6′N,138°33.7′E,16 km,2.8,震度１,37.51,138.5616667
2007/8/15,9:23:25,青森県東方沖,41°29.1′N,142°00.5′E,63 km,3.6,震度１,41.485,142.0083333
2007/8/15,11:07:50,宮城県沖,38°49.0′N,141°35.2′E,73 km,3.6,震度２,38.81666667,141.5866667
2007/8/15,12:09:26,千葉県東方沖,35°22.6′N,140°31.4′E,28 km,3.1,震度１,35.37666667,140.5233333
2007/8/15,18:11:37,千葉県東方沖,35°22.7′N,140°30.2′E,26 km,2.8,震度１,35.37833333,140.5033333
2007/8/15,18:43:53,十勝地方中部,42°57.0′N,143°08.5′E,13 km,3.3,震度３,42.95,143.1416667
2007/8/15,19:34:49,岩手県沿岸北部,39°45.5′N,141°50.1′E,58 km,3.8,震度２,39.75833333,141.835
2007/8/15,20:34:24,千葉県東方沖,35°14.8′N,140°39.8′E,22 km,3.5,震度１,35.24666667,140.6633333
2007/8/16,0:11:49,千葉県東方沖,35°26.4′N,140°31.9′E,29 km,2.9,震度１,35.44,140.5316667
2007/8/16,3:32:10,西表島付近,24°19.6′N,123°31.4′E,18 km,3.9,震度１,24.32666667,123.5233333
2007/8/16,4:15:07,千葉県東方沖,35°26.6′N,140°31.8′E,31 km,5.3,震度４,35.44333333,140.53
2007/8/16,5:04:13,千葉県東方沖,35°24.6′N,140°33.2′E,28 km,4,震度２,35.41,140.5533333
2007/8/16,6:20:57,岩手県内陸南部,38°52.1′N,141°13.4′E,9 km,2.7,震度１,38.86833333,141.2233333
2007/8/16,7:41:14,千葉県東方沖,35°23.5′N,140°32.8′E,28 km,4,震度２,35.39166667,140.5466667
2007/8/16,7:47:43,千葉県東方沖,35°23.8′N,140°33.5′E,27 km,4.4,震度３,35.39666667,140.5583333
2007/8/16,8:20:33,千葉県東方沖,35°24.3′N,140°32.9′E,29 km,4.9,震度３,35.405,140.5483333
2007/8/16,8:29:58,千葉県東方沖,35°23.3′N,140°33.1′E,26 km,3.4,震度１,35.38833333,140.5516667
2007/8/16,8:32:32,千葉県東方沖,35°21.1′N,140°33.9′E,24 km,4.4,震度２,35.35166667,140.565
2007/8/16,9:22:12,千葉県東方沖,35°23.5′N,140°33.0′E,28 km,4.7,震度３,35.39166667,140.55
2007/8/17,0:22:03,千葉県南部,35°20.4′N,140°20.6′E,22 km,4.4,震度３,35.34,140.3433333
2007/8/17,0:25:48,千葉県南部,35°20.2′N,140°19.9′E,21 km,3.4,震度２,35.33666667,140.3316667
2007/8/17,2:10:06,栃木県北部,37°04.7′N,139°54.0′E,11 km,3.6,震度２,37.07833333,139.9
2007/8/17,9:43:33,秋田県内陸北部,39°59.9′N,140°24.4′E,7 km,3.1,震度２,39.99833333,140.4066667
2007/8/17,19:05:00,新島・神津島近海,34°13.1′N,139°09.9′E,10 km,2,震度１,34.21833333,139.165
2007/8/17,19:08:17,栃木県北部,36°37.9′N,139°27.5′E,9 km,2.5,震度１,36.63166667,139.4583333
2007/8/18,4:14:44,千葉県南部,35°20.9′N,140°21.6′E,23 km,4.8,震度５弱,35.34833333,140.36
2007/8/18,4:17:51,千葉県北東部,35°21.3′N,140°20.8′E,25 km,2.9,震度１,35.355,140.3466667
2007/8/18,4:30:23,千葉県南部,35°20.2′N,140°21.1′E,24 km,2.9,震度２,35.33666667,140.3516667
2007/8/18,4:36:03,宮古島近海,24°54.5′N,125°40.4′E,47 km,3.7,震度１,24.90833333,125.6733333
2007/8/18,4:38:47,千葉県南部,35°20.3′N,140°21.0′E,20 km,2.7,震度１,35.33833333,140.35
2007/8/18,4:52:34,千葉県南部,35°20.6′N,140°21.0′E,20 km,4,震度３,35.34333333,140.35
2007/8/18,5:11:10,千葉県南部,35°20.2′N,140°20.4′E,23 km,2.8,震度２,35.33666667,140.34
2007/8/18,5:54:09,新潟県中越地方,37°31.2′N,138°45.1′E,26 km,2.6,震度１,37.52,138.7516667
2007/8/18,13:36:37,千葉県北東部,35°21.5′N,140°21.1′E,24 km,4.5,震度４,35.35833333,140.3516667
2007/8/18,16:55:09,千葉県南部,35°20.5′N,140°20.7′E,20 km,5.2,震度４,35.34166667,140.345
2007/8/18,17:06:58,千葉県北東部,35°25.5′N,140°19.0′E,29 km,4.3,震度３,35.425,140.3166667
2007/8/18,23:16:01,千葉県北東部,35°24.3′N,140°18.8′E,26 km,4,震度３,35.405,140.3133333
2007/8/19,2:17:50,岩手県沖,40°22.3′N,142°16.7′E,41 km,4.2,震度２,40.37166667,142.2783333
2007/8/19,10:21:26,三宅島近海,33°50.0′N,139°14.1′E,23 km,4,震度１,33.83333333,139.235
2007/8/19,16:38:16,鹿児島県薩摩地方,31°56.1′N,130°48.6′E,2 km,2.4,震度１,31.935,130.81
2007/8/19,16:53:33,鹿児島県薩摩地方,31°56.2′N,130°48.7′E,2 km,2.2,震度１,31.93666667,130.8116667
2007/8/20,3:05:31,栃木県南部,36°35.1′N,139°39.2′E,7 km,2.8,震度１,36.585,139.6533333
2007/8/20,3:32:14,遠州灘,34°40.6′N,137°36.0′E,31 km,3.2,震度１,34.67666667,137.6
2007/8/20,12:54:14,釧路沖,42°59.3′N,145°06.3′E,57 km,4,震度２,42.98833333,145.105
2007/8/20,14:19:05,栃木県北部,36°37.8′N,139°27.3′E,10 km,2.5,震度１,36.63,139.455
2007/8/20,16:34:23,新潟県上中越沖,37°24.1′N,138°31.5′E,19 km,2.9,震度１,37.40166667,138.525
2007/8/20,16:55:15,千葉県南部,35°15.0′N,140°16.0′E,19 km,2.7,震度２,35.25,140.2666667
2007/8/20,18:14:57,千葉県南部,35°14.7′N,140°16.8′E,16 km,2.2,震度１,35.245,140.28
2007/8/20,23:32:21,沖縄本島近海,27°25.6′N,128°35.6′E,43 km,3.6,震度１,27.42666667,128.5933333
2007/8/21,20:05:06,国後島付近,43°34.0′N,146°05.4′E,80 km,3.9,震度２,43.56666667,146.09
2007/8/21,20:24:55,長野県南部,35°45.2′N,137°43.1′E,6 km,2.7,震度１,35.75333333,137.7183333
2007/8/22,16:26:23,渡島地方東部,41°58.4′N,140°48.0′E,122 km,5.4,震度３,41.97333333,140.8
2007/8/23,3:45:21,千葉県北東部,35°27.1′N,140°24.3′E,28 km,2.3,震度１,35.45166667,140.405
2007/8/23,8:52:56,岐阜県美濃東部,35°25.0′N,137°11.3′E,51 km,3.3,震度１,35.41666667,137.1883333
2007/8/23,10:12:02,東京湾,35°31.7′N,139°56.8′E,26 km,2.6,震度１,35.52833333,139.9466667
2007/8/23,18:46:49,新潟県上中越沖,37°31.9′N,138°33.2′E,15 km,3.4,震度２,37.53166667,138.5533333
2007/8/23,22:46:25,茨城県南部,36°11.7′N,139°59.2′E,53 km,3.6,震度１,36.195,139.9866667
2007/8/24,7:09:54,兵庫県南西部,34°50.7′N,134°46.5′E,12 km,3.4,震度３,34.845,134.775
2007/8/24,8:57:30,新潟県上中越沖,37°33.9′N,138°36.1′E,13 km,2.4,震度１,37.565,138.6016667
2007/8/24,9:17:34,沖縄本島近海,27°27.1′N,128°39.4′E,41 km,3.9,震度１,27.45166667,128.6566667
2007/8/24,13:20:12,青森県東方沖,41°26.8′N,142°07.3′E,63 km,4.4,震度２,41.44666667,142.1216667
2007/8/24,14:13:35,東京湾,35°31.3′N,139°56.5′E,26 km,2.9,震度１,35.52166667,139.9416667
2007/8/24,14:44:44,新潟県上中越沖,37°34.0′N,138°36.5′E,13 km,2.6,震度１,37.56666667,138.6083333
2007/8/24,21:01:51,兵庫県南東部,35°11.5′N,135°06.0′E,15 km,3.9,震度３,35.19166667,135.1
2007/8/24,21:46:16,兵庫県南東部,35°11.5′N,135°06.2′E,14 km,2.7,震度１,35.19166667,135.1033333
2007/8/24,21:52:51,和歌山県北部,34°12.7′N,135°10.2′E,5 km,2.2,震度１,34.21166667,135.17
2007/8/25,4:13:12,長野県南部,35°51.5′N,137°35.4′E,6 km,2,震度１,35.85833333,137.59
2007/8/25,12:30:26,広島県北部,34°38.3′N,132°32.1′E,17 km,3.3,震度１,34.63833333,132.535
2007/8/25,12:43:08,能登半島沖,37°07.4′N,136°35.8′E,6 km,2.4,震度１,37.12333333,136.5966667
2007/8/25,14:17:25,岩手県沿岸北部,39°59.0′N,141°57.6′E,50 km,3.4,震度１,39.98333333,141.96
2007/8/25,21:57:08,岩手県沿岸北部,40°08.2′N,141°29.8′E,82 km,4.2,震度３,40.13666667,141.4966667
2007/8/26,1:42:36,和歌山県北部,33°58.3′N,135°20.0′E,10 km,3.5,震度２,33.97166667,135.3333333
2007/8/26,3:07:50,福島県会津,37°02.1′N,139°22.8′E,8 km,2.3,震度２,37.035,139.38
2007/8/26,14:31:10,北海道東方沖,43°33.5′N,147°12.6′E,49 km,5.4,震度３,43.55833333,147.21
2007/8/26,21:57:46,北海道西方沖,44°11.9′N,141°39.7′E,1 km,3,震度１,44.19833333,141.6616667
2007/8/27,12:02:54,石川県能登地方,37°16.8′N,136°44.0′E,7 km,2.9,震度１,37.28,136.7333333
2007/8/27,12:21:08,硫黄島近海,25°31.4′N,141°25.2′E,123 km,4.8,震度１,25.52333333,141.42
2007/8/27,13:48:32,房総半島南方沖,34°19.5′N,139°49.6′E,104 km,4.1,震度１,34.325,139.8266667
2007/8/27,14:57:54,新潟県中越地方,37°16.6′N,138°48.9′E,12 km,1.9,震度１,37.27666667,138.815
2007/8/27,16:13:57,石川県能登地方,37°14.5′N,136°44.6′E,10 km,2.9,震度１,37.24166667,136.7433333
2007/8/27,19:30:26,宮城県沖,38°50.3′N,141°38.7′E,66 km,3.4,震度１,38.83833333,141.645
2007/8/27,22:45:58,沖縄本島近海,26°15.7′N,126°35.7′E,10 km,4.6,震度３,26.26166667,126.595
2007/8/28,14:51:16,宮崎県南部山沿い,31°52.8′N,131°03.9′E,9 km,2.7,震度１,31.88,131.065
2007/8/28,20:05:00,茨城県沖,35°58.9′N,141°27.4′E,42 km,4,震度１,35.98166667,141.4566667
2007/8/29,14:52:12,新潟県中越地方,37°29.4′N,138°43.1′E,11 km,1.8,震度１,37.49,138.7183333
2007/8/29,22:02:51,父島近海,28°08.2′N,141°28.6′E,54 km,4.5,震度１,28.13666667,141.4766667
2007/8/29,22:38:39,千葉県東方沖,35°51.1′N,140°56.7′E,30 km,3.8,震度１,35.85166667,140.945
2007/8/29,23:37:40,薩摩半島西方沖,31°13.5′N,129°49.6′E,7 km,3.7,震度１,31.225,129.8266667
2007/8/30,2:30:01,青森県津軽南部,40°40.4′N,140°31.2′E,12 km,2.3,震度２,40.67333333,140.52
2007/8/30,18:00:07,長野県南部,35°50.5′N,137°43.2′E,9 km,2,震度１,35.84166667,137.72
2007/8/31,8:07:47,長野県北部,37°01.5′N,138°29.1′E,10 km,2.5,震度１,37.025,138.485
2007/8/31,10:51:00,静岡県西部,34°53.3′N,137°45.1′E,34 km,4.3,震度３,34.88833333,137.7516667
2007/8/31,15:34:54,父島近海,26°30.1′N,142°08.1′E,44 km,3.7,震度１,26.50166667,142.135
2007/8/31,23:36:57,若狭湾,35°54.9′N,135°41.8′E,16 km,4.4,震度２,35.915,135.6966667
2007/9/1,4:04:06,千葉県南部,35°15.0′N,140°16.6′E,15 km,2.3,震度１,35.25,140.2766667
2007/9/1,5:53:14,福島県会津,37°17.3′N,139°52.1′E,8 km,2.1,震度１,37.28833333,139.8683333
2007/9/1,15:42:40,浦河沖,42°00.5′N,142°32.4′E,65 km,3.8,震度１,42.00833333,142.54
2007/9/1,22:33:15,三宅島近海,34°05.5′N,139°31.7′E,0 km,1.9,震度１,34.09166667,139.5283333
2007/9/2,8:21:17,福岡県北西沖,33°44.9′N,130°08.3′E,11 km,3.1,震度１,33.74833333,130.1383333
2007/9/2,12:26:49,和歌山県南方沖,33°29.9′N,135°36.6′E,25 km,3.1,震度１,33.49833333,135.61
2007/9/2,23:54:22,奄美大島近海,28°07.4′N,130°22.7′E,23 km,3.6,震度２,28.12333333,130.3783333
2007/9/3,5:24:56,岩手県沿岸北部,39°46.3′N,141°58.0′E,67 km,4,震度２,39.77166667,141.9666667
2007/9/3,10:30:28,日向灘,31°57.5′N,131°52.3′E,36 km,3.3,震度１,31.95833333,131.8716667
2007/9/3,14:17:12,静岡県西部,34°53.8′N,137°45.6′E,34 km,3.2,震度１,34.89666667,137.76
2007/9/3,20:13:33,福岡県北西沖,33°44.9′N,130°08.3′E,11 km,2.8,震度１,33.74833333,130.1383333
2007/9/4,1:14:57,千島列島,45°01.1′N,150°07.4′E,126 km,6.3,震度２,45.01833333,150.1233333
2007/9/4,7:01:01,天草灘,32°34.4′N,129°53.1′E,12 km,3.2,震度１,32.57333333,129.885
2007/9/4,7:46:05,和歌山県北部,34°08.8′N,135°09.8′E,4 km,1.6,震度１,34.14666667,135.1633333
2007/9/4,9:44:38,鳥取県中部,35°24.4′N,133°50.5′E,8 km,2.2,震度１,35.40666667,133.8416667
2007/9/4,12:52:42,宮城県北部,38°38.4′N,141°11.5′E,9 km,2.5,震度１,38.64,141.1916667
2007/9/5,0:19:52,大阪府北部,34°57.8′N,135°26.7′E,9 km,3.7,震度３,34.96333333,135.445
2007/9/5,0:49:29,宮古島近海,24°59.2′N,125°36.6′E,53 km,4,震度１,24.98666667,125.61
2007/9/5,2:28:40,大阪府北部,34°57.8′N,135°26.9′E,9 km,2.6,震度１,34.96333333,135.4483333
2007/9/5,3:58:30,長野県南部,35°56.3′N,137°37.5′E,11 km,2.4,震度１,35.93833333,137.625
2007/9/5,9:51:47,山形県最上地方,38°42.4′N,140°12.8′E,6 km,1.8,震度１,38.70666667,140.2133333
2007/9/5,11:19:05,留萌地方南部,44°04.0′N,141°42.3′E,6 km,2.2,震度１,44.06666667,141.705
2007/9/5,17:03:12,根室半島南東沖,43°16.7′N,146°11.1′E,80 km,4.1,震度２,43.27833333,146.185
2007/9/6,5:33:16,沖縄本島近海,26°17.8′N,129°24.0′E,44 km,4.4,震度１,26.29666667,129.4
2007/9/6,8:02:17,和歌山県北部,34°15.0′N,135°25.0′E,8 km,2.1,震度１,34.25,135.4166667
2007/9/6,12:34:45,八丈島東方沖,32°53.9′N,140°42.4′E,63 km,4.3,震度２,32.89833333,140.7066667
2007/9/6,15:27:11,大隅半島東方沖,31°01.8′N,131°34.1′E,34 km,3.9,震度１,31.03,131.5683333
2007/9/7,0:26:51,福島県会津,37°02.0′N,139°23.1′E,7 km,2,震度１,37.03333333,139.385
2007/9/7,2:51:27,台湾付近,24°24.7′N,122°16.4′E,66 km,6.6,震度３,24.41166667,122.2733333
2007/9/7,2:55:22,台湾付近,24°21.0′N,122°21.2′E,66 km,4.8,震度１,24.35,122.3533333
2007/9/7,23:36:15,奄美大島近海,28°04.4′N,129°23.4′E,40 km,4.7,震度３,28.07333333,129.39
2007/9/8,2:33:20,新潟県上中越沖,37°23.1′N,138°30.8′E,19 km,3.2,震度１,37.385,138.5133333
2007/9/8,13:05:19,宮古島近海,24°56.7′N,124°52.2′E,14 km,4.1,震度１,24.945,124.87
2007/9/8,16:17:37,岩手県沖,39°09.3′N,142°25.6′E,28 km,3.5,震度１,39.155,142.4266667
2007/9/8,16:21:31,石川県能登地方,37°18.0′N,136°47.5′E,8 km,2.6,震度１,37.3,136.7916667
2007/9/9,5:54:34,東京湾,35°33.3′N,139°58.3′E,81 km,3.4,震度１,35.555,139.9716667
2007/9/9,14:01:55,岩手県沖,39°28.3′N,142°16.6′E,81 km,3.8,震度１,39.47166667,142.2766667
2007/9/9,14:45:24,日高地方中部,42°21.8′N,142°26.1′E,85 km,4.2,震度２,42.36333333,142.435
2007/9/10,9:34:14,能登半島沖,37°09.3′N,136°32.9′E,8 km,3,震度１,37.155,136.5483333
2007/9/10,13:40:53,苫小牧沖,41°40.6′N,141°28.0′E,114 km,3.4,震度１,41.67666667,141.4666667
2007/9/10,14:29:00,浦河沖,41°59.3′N,142°34.0′E,63 km,4.5,震度２,41.98833333,142.5666667
2007/9/11,1:31:14,岩手県沿岸北部,39°55.9′N,141°52.6′E,72 km,3.5,震度１,39.93166667,141.8766667
2007/9/11,4:32:01,神奈川県西部,35°11.4′N,139°06.3′E,12 km,1.8,震度１,35.19,139.105
2007/9/11,14:55:19,長野県南部,35°51.6′N,137°30.3′E,6 km,2.1,震度１,35.86,137.505
2007/9/11,21:45:59,福岡県北西沖,33°42.4′N,130°13.6′E,6 km,2.7,震度１,33.70666667,130.2266667
2007/9/12,7:33:27,熊本県熊本地方,32°31.5′N,130°51.3′E,5 km,2.3,震度１,32.525,130.855
2007/9/12,10:29:01,福島県会津,37°02.2′N,139°23.6′E,8 km,2.5,震度１,37.03666667,139.3933333
2007/9/12,12:06:57,岐阜県美濃中西部,35°38.0′N,136°36.4′E,10 km,2.6,震度１,35.63333333,136.6066667
2007/9/12,21:59:56,岐阜県美濃中西部,35°27.6′N,136°36.2′E,44 km,3.3,震度２,35.46,136.6033333
2007/9/12,22:04:53,内浦湾,41°54.8′N,141°00.8′E,10 km,2,震度１,41.91333333,141.0133333
2007/9/13,0:19:06,三宅島近海,34°04.8′N,139°30.3′E,0 km,1.7,震度１,34.08,139.505
2007/9/13,4:54:47,茨城県沖,36°23.8′N,140°55.7′E,47 km,3.1,震度１,36.39666667,140.9283333
2007/9/13,9:12:24,岐阜県飛騨地方,36°02.1′N,137°23.0′E,7 km,2.3,震度１,36.035,137.3833333
2007/9/13,10:06:25,和歌山県北部,34°11.6′N,135°12.7′E,5 km,2.1,震度１,34.19333333,135.2116667
2007/9/14,1:51:14,網走地方,43°56.1′N,144°51.8′E,155 km,3.8,震度１,43.935,144.8633333
2007/9/14,6:54:53,和歌山県北部,34°12.8′N,135°18.7′E,5 km,2.8,震度１,34.21333333,135.3116667
2007/9/14,8:31:29,福島県会津,37°24.9′N,139°24.4′E,6 km,3.1,震度１,37.415,139.4066667
2007/9/14,9:37:57,福島県会津,37°02.1′N,139°23.3′E,8 km,2.1,震度１,37.035,139.3883333
2007/9/14,10:21:34,新島・神津島近海,34°17.4′N,139°07.1′E,10 km,2.5,震度１,34.29,139.1183333
2007/9/15,1:18:30,千葉県南部,35°09.2′N,140°14.1′E,14 km,2.2,震度１,35.15333333,140.235
2007/9/15,6:04:43,日向灘,32°27.4′N,131°52.4′E,32 km,3.8,震度１,32.45666667,131.8733333
2007/9/15,6:24:21,天草灘,32°34.4′N,129°53.5′E,12 km,2.8,震度１,32.57333333,129.8916667
2007/9/15,6:44:17,鹿児島県薩摩地方,31°24.8′N,130°31.0′E,3 km,1.8,震度１,31.41333333,130.5166667
2007/9/15,6:59:27,新島・神津島近海,34°16.0′N,139°08.7′E,8 km,2,震度１,34.26666667,139.145
2007/9/15,12:15:52,新潟県中越地方,37°12.7′N,138°49.5′E,8 km,2.2,震度１,37.21166667,138.825
2007/9/16,13:35:01,山形県庄内地方,38°51.3′N,139°57.5′E,18 km,3.1,震度１,38.855,139.9583333
2007/9/16,16:09:25,長野県北部,37°01.5′N,138°29.3′E,11 km,2.3,震度１,37.025,138.4883333
2007/9/16,18:36:40,静岡県中部,35°04.7′N,138°16.8′E,2 km,2.6,震度１,35.07833333,138.28
2007/9/16,19:14:00,伊豆大島近海,34°43.7′N,139°19.1′E,0 km,1.8,震度１,34.72833333,139.3183333
2007/9/16,19:44:17,岩手県沖,40°22.2′N,142°16.3′E,40 km,3.5,震度１,40.37,142.2716667
2007/9/17,10:30:27,広島県北部,34°39.5′N,132°52.9′E,20 km,3.2,震度１,34.65833333,132.8816667
2007/9/17,11:32:22,鹿児島県薩摩地方,31°24.7′N,130°30.8′E,4 km,2.1,震度１,31.41166667,130.5133333
2007/9/17,11:50:48,新潟県中越地方,37°13.3′N,138°50.9′E,7 km,2.4,震度１,37.22166667,138.8483333
2007/9/17,13:42:42,静岡県西部,34°41.9′N,137°53.4′E,13 km,2.6,震度１,34.69833333,137.89
2007/9/17,14:57:56,静岡県西部,34°41.9′N,137°53.3′E,13 km,3.4,震度２,34.69833333,137.8883333
2007/9/18,1:35:45,新潟県上中越沖,37°26.7′N,138°34.2′E,19 km,3.4,震度２,37.445,138.57
2007/9/18,3:16:48,八丈島東方沖,33°32.0′N,140°27.3′E,59 km,4.5,震度１,33.53333333,140.455
2007/9/18,11:26:29,八丈島東方沖,33°31.4′N,140°26.6′E,57 km,3.4,震度１,33.52333333,140.4433333
2007/9/18,15:17:44,熊本県阿蘇地方,33°00.3′N,131°07.3′E,11 km,2.4,震度１,33.005,131.1216667
2007/9/19,17:38:48,大隅半島東方沖,31°07.5′N,131°43.3′E,37 km,3.8,震度１,31.125,131.7216667
2007/9/20,0:06:52,日向灘,31°46.9′N,131°54.9′E,28 km,4,震度１,31.78166667,131.915
2007/9/20,1:31:05,栃木県北部,36°39.5′N,139°26.8′E,5 km,2.3,震度１,36.65833333,139.4466667
2007/9/20,20:05:22,石川県西方沖,37°08.9′N,136°29.8′E,9 km,3.9,震度２,37.14833333,136.4966667
2007/9/20,20:10:46,福井県嶺北,35°46.7′N,136°09.2′E,10 km,3,震度１,35.77833333,136.1533333
2007/9/20,23:51:57,日向灘,32°25.7′N,132°09.7′E,27 km,3.3,震度１,32.42833333,132.1616667
2007/9/21,0:08:44,神奈川県西部,35°13.3′N,139°05.9′E,8 km,2.5,震度１,35.22166667,139.0983333
2007/9/21,0:43:21,紀伊水道,34°10.1′N,135°07.2′E,8 km,2.4,震度１,34.16833333,135.12
2007/9/21,3:49:50,福島県浜通り,37°37.9′N,140°53.8′E,104 km,3.7,震度１,37.63166667,140.8966667
2007/9/21,4:24:33,宮崎県南部山沿い,31°53.8′N,131°01.5′E,10 km,2.6,震度１,31.89666667,131.025
2007/9/21,7:54:27,千葉県東方沖,35°14.9′N,141°12.9′E,35 km,5.1,震度２,35.24833333,141.215
2007/9/21,13:21:03,静岡県西部,34°41.8′N,137°53.6′E,13 km,3.9,震度２,34.69666667,137.8933333
2007/9/21,21:31:12,茨城県北部,36°26.6′N,140°36.4′E,56 km,3,震度１,36.44333333,140.6066667
2007/9/21,23:57:52,大阪府北部,34°57.9′N,135°26.7′E,10 km,3.5,震度３,34.965,135.445
2007/9/22,0:51:13,紀伊水道,34°13.1′N,135°08.9′E,7 km,2.3,震度１,34.21833333,135.1483333
2007/9/22,9:34:57,新潟県中越地方,37°18.6′N,138°58.6′E,10 km,2.7,震度２,37.31,138.9766667
2007/9/22,11:44:20,滋賀県北部,35°27.9′N,136°15.2′E,9 km,3.8,震度２,35.465,136.2533333
2007/9/22,17:00:17,宮古島近海,24°50.3′N,125°24.0′E,48 km,5.1,震度３,24.83833333,125.4
2007/9/22,23:35:19,宮古島近海,24°50.1′N,125°24.5′E,49 km,3.2,震度１,24.835,125.4083333
2007/9/23,12:36:29,岩手県内陸南部,39°02.5′N,140°55.6′E,7 km,3,震度１,39.04166667,140.9266667
2007/9/24,11:21:12,日向灘,32°01.9′N,131°35.3′E,37 km,3,震度１,32.03166667,131.5883333
2007/9/24,17:12:36,天草灘,32°34.6′N,129°58.1′E,14 km,4.1,震度３,32.57666667,129.9683333
2007/9/24,17:45:08,栃木県南部,36°25.1′N,139°46.7′E,88 km,3.7,震度２,36.41833333,139.7783333
2007/9/24,22:43:54,愛知県西部,35°14.8′N,137°14.7′E,16 km,2.9,震度１,35.24666667,137.245
2007/9/24,23:01:18,宮崎県北部平野部,32°08.6′N,131°28.2′E,45 km,2.7,震度２,32.14333333,131.47
2007/9/25,7:18:23,大阪府北部,34°58.0′N,135°26.6′E,9 km,2.6,震度１,34.96666667,135.4433333
2007/9/25,21:02:17,石川県能登地方,37°15.5′N,136°46.7′E,10 km,2.6,震度１,37.25833333,136.7783333
2007/9/26,2:14:38,青森県東方沖,41°28.4′N,142°01.2′E,64 km,3.7,震度１,41.47333333,142.02
2007/9/26,2:47:42,長野県南部,35°51.5′N,137°36.8′E,10 km,2.1,震度１,35.85833333,137.6133333
2007/9/26,7:35:02,十勝沖,41°29.0′N,143°30.5′E,60 km,4.3,震度１,41.48333333,143.5083333
2007/9/26,13:59:44,宮古島近海,24°44.5′N,125°26.8′E,48 km,3.2,震度１,24.74166667,125.4466667
2007/9/27,4:36:43,奄美大島北東沖,29°35.1′N,130°07.7′E,26 km,4.1,震度１,29.585,130.1283333
2007/9/27,20:29:18,千葉県南東沖,35°05.5′N,140°23.4′E,64 km,3.5,震度１,35.09166667,140.39
2007/9/28,22:38:55,マリアナ諸島,21°59.1′N,143°05.8′E,268 km,7.6,震度２,21.985,143.0966667
2007/9/29,3:03:16,根室半島南東沖,42°53.6′N,146°12.6′E,43 km,4,震度１,42.89333333,146.21
2007/9/29,8:25:49,房総半島南方沖,33°59.3′N,140°19.2′E,28 km,4.4,震度１,33.98833333,140.32
2007/9/29,8:48:21,新潟県上中越沖,37°22.3′N,138°30.2′E,21 km,3,震度１,37.37166667,138.5033333
2007/9/29,9:18:09,大隅半島東方沖,31°26.8′N,131°08.4′E,55 km,3,震度１,31.44666667,131.14
2007/9/29,11:24:51,熊本県阿蘇地方,32°55.4′N,131°00.4′E,5 km,2.5,震度２,32.92333333,131.0066667
2007/9/29,14:53:40,青森県東方沖,41°28.5′N,142°00.7′E,64 km,3.8,震度１,41.475,142.0116667
2007/9/29,17:51:13,宮古島近海,24°49.4′N,125°23.8′E,50 km,4.2,震度２,24.82333333,125.3966667
2007/9/30,3:46:35,紀伊水道,34°10.3′N,135°06.9′E,7 km,3,震度１,34.17166667,135.115
2007/9/30,7:49:33,茨城県沖,36°40.6′N,141°19.3′E,48 km,3.8,震度１,36.67666667,141.3216667
2007/9/30,11:11:00,沖縄本島近海,26°22.5′N,127°42.5′E,20 km,3.6,震度２,26.375,127.7083333
2007/9/30,19:05:56,岩手県内陸南部,39°22.7′N,141°34.0′E,111 km,3.6,震度１,39.37833333,141.5666667
2007/9/30,19:46:20,石川県能登地方,37°17.8′N,136°45.6′E,9 km,2.8,震度１,37.29666667,136.76
2007/9/30,23:46:25,福島県会津,37°25.5′N,139°41.6′E,4 km,2.1,震度１,37.425,139.6933333
2007/10/1,2:21:15,神奈川県西部,35°13.7′N,139°06.6′E,13 km,4.9,震度５強,35.22833333,139.11
2007/10/1,14:38:06,福井県嶺北,35°57.4′N,136°43.4′E,10 km,2.9,震度２,35.95666667,136.7233333
2007/10/1,16:52:43,鹿児島県薩摩地方,31°24.7′N,130°30.8′E,4 km,2.3,震度２,31.41166667,130.5133333
2007/10/1,17:23:50,鹿児島県薩摩地方,31°24.6′N,130°30.7′E,4 km,1.8,震度１,31.41,130.5116667
2007/10/2,3:16:03,神奈川県西部,35°13.5′N,139°07.1′E,13 km,2,震度１,35.225,139.1183333
2007/10/2,6:56:32,紀伊水道,34°13.1′N,135°08.4′E,8 km,2.3,震度１,34.21833333,135.14
2007/10/2,8:39:04,神奈川県西部,35°13.2′N,139°06.9′E,12 km,2.5,震度１,35.22,139.115
2007/10/2,15:50:18,千葉県東方沖,35°23.3′N,140°24.4′E,27 km,2.4,震度１,35.38833333,140.4066667
2007/10/2,17:34:27,奄美大島近海,28°16.4′N,129°29.8′E,32 km,3.1,震度１,28.27333333,129.4966667
2007/10/2,23:14:03,鹿児島県薩摩地方,31°24.6′N,130°30.7′E,4 km,2.2,震度１,31.41,130.5116667
2007/10/2,23:15:22,鹿児島県薩摩地方,31°24.7′N,130°30.7′E,3 km,2.1,震度１,31.41166667,130.5116667
2007/10/2,23:17:00,鹿児島県薩摩地方,31°24.6′N,130°30.6′E,4 km,2.8,震度２,31.41,130.51
2007/10/3,11:07:47,宮古島北西沖,25°30.8′N,124°34.2′E,113 km,4.7,震度１,25.51333333,124.57
2007/10/3,20:57:25,熊本県阿蘇地方,32°55.3′N,131°00.4′E,5 km,3.3,震度３,32.92166667,131.0066667
2007/10/3,21:35:48,岐阜県美濃中西部,35°35.9′N,136°39.2′E,16 km,3.2,震度１,35.59833333,136.6533333
2007/10/4,12:45:31,トカラ列島近海,29°36.7′N,130°03.1′E,32 km,4.1,震度２,29.61166667,130.0516667
2007/10/5,10:19:09,大分県南部,32°56.2′N,132°01.3′E,12 km,3.5,震度１,32.93666667,132.0216667
2007/10/5,19:13:29,徳島県北部,33°53.8′N,134°07.2′E,7 km,2.1,震度２,33.89666667,134.12
2007/10/6,1:47:17,茨城県沖,36°21.5′N,140°57.7′E,45 km,3.9,震度１,36.35833333,140.9616667
2007/10/6,3:08:52,紀伊水道,34°13.1′N,135°08.2′E,8 km,2.5,震度１,34.21833333,135.1366667
2007/10/6,3:46:07,神奈川県西部,35°24.1′N,139°16.4′E,32 km,4.2,震度３,35.40166667,139.2733333
2007/10/6,7:19:01,茨城県北部,36°27.5′N,140°35.8′E,56 km,3.3,震度１,36.45833333,140.5966667
2007/10/6,7:43:56,神奈川県西部,35°24.7′N,139°16.0′E,31 km,2.8,震度１,35.41166667,139.2666667
2007/10/6,10:18:08,宮城県北部,38°59.4′N,141°35.0′E,72 km,2.7,震度１,38.99,141.5833333
2007/10/6,16:55:21,青森県東方沖,41°33.3′N,142°03.6′E,66 km,3.7,震度２,41.555,142.06
2007/10/6,21:56:58,国後島付近,44°10.6′N,145°44.1′E,143 km,4.5,震度１,44.17666667,145.735
2007/10/6,22:33:43,岩手県沖,39°38.2′N,142°06.3′E,48 km,3.2,震度１,39.63666667,142.105
2007/10/6,23:49:00,神奈川県西部,35°23.6′N,139°17.5′E,32 km,3.1,震度２,35.39333333,139.2916667
2007/10/7,12:02:18,日高地方中部,42°26.5′N,142°35.9′E,23 km,3,震度１,42.44166667,142.5983333
2007/10/7,19:06:18,福島県沖,37°39.6′N,141°34.2′E,52 km,3.8,震度１,37.66,141.57
2007/10/7,22:36:04,千葉県東方沖,35°41.0′N,140°43.5′E,45 km,4.8,震度２,35.68333333,140.725
2007/10/8,1:37:39,鹿児島県薩摩地方,31°24.3′N,130°30.6′E,4 km,2.7,震度２,31.405,130.51
2007/10/8,1:38:26,鹿児島県薩摩地方,31°24.6′N,130°30.7′E,4 km,2.2,震度１,31.41,130.5116667
2007/10/9,2:10:35,北海道東方沖,43°21.1′N,146°43.5′E,40 km,5.8,震度４,43.35166667,146.725
2007/10/9,5:05:35,北海道東方沖,43°20.8′N,146°41.3′E,42 km,4.1,震度１,43.34666667,146.6883333
2007/10/9,11:30:48,北海道東方沖,43°20.7′N,146°41.7′E,44 km,4.1,震度２,43.345,146.695
2007/10/9,22:55:39,和歌山県北部,33°57.6′N,135°09.6′E,7 km,3.3,震度２,33.96,135.16
2007/10/10,0:51:26,十勝沖,41°56.1′N,143°44.4′E,45 km,4.4,震度２,41.935,143.74
2007/10/10,6:20:31,豊後水道,32°58.9′N,131°58.9′E,52 km,3.1,震度１,32.98166667,131.9816667
2007/10/10,23:43:59,東京都２３区,35°40.7′N,139°38.6′E,79 km,3.9,震度２,35.67833333,139.6433333
2007/10/11,7:45:22,千葉県東方沖,35°40.6′N,140°43.6′E,48 km,3.2,震度１,35.67666667,140.7266667
2007/10/11,12:56:55,福岡県北西沖,33°44.1′N,130°15.0′E,5 km,2.6,震度１,33.735,130.25
2007/10/11,18:16:45,紀伊水道,33°47.4′N,134°55.8′E,42 km,3.1,震度１,33.79,134.93
2007/10/12,1:45:56,徳島県南部,33°54.4′N,134°21.5′E,40 km,3.4,震度１,33.90666667,134.3583333
2007/10/12,15:11:35,岐阜県美濃東部,35°39.6′N,137°29.5′E,5 km,2,震度１,35.66,137.4916667
2007/10/13,1:30:10,千葉県北東部,35°21.7′N,140°21.1′E,22 km,3,震度２,35.36166667,140.3516667
2007/10/13,13:07:18,岩手県内陸南部,39°02.4′N,140°55.4′E,7 km,2.9,震度１,39.04,140.9233333
2007/10/13,16:06:45,新潟県上中越沖,37°22.4′N,138°27.3′E,18 km,2.9,震度２,37.37333333,138.455
2007/10/13,22:34:19,茨城県沖,36°33.7′N,140°54.9′E,49 km,3.8,震度２,36.56166667,140.915
2007/10/14,3:07:43,島根県東部,35°25.8′N,133°12.0′E,11 km,3.7,震度４,35.43,133.2
2007/10/14,3:10:42,島根県東部,35°25.8′N,133°12.0′E,11 km,2.5,震度２,35.43,133.2
2007/10/14,13:46:43,茨城県沖,36°25.2′N,141°01.9′E,46 km,3.3,震度１,36.42,141.0316667
2007/10/14,15:36:23,新潟県中越地方,37°19.5′N,138°51.8′E,13 km,2.2,震度１,37.325,138.8633333
2007/10/14,17:47:34,愛媛県南予,33°11.2′N,132°39.8′E,36 km,3.9,震度２,33.18666667,132.6633333
2007/10/14,23:20:35,根室半島南東沖,43°09.8′N,146°26.9′E,51 km,4.1,震度１,43.16333333,146.4483333
2007/10/14,23:38:50,島根県東部,35°25.8′N,133°12.1′E,11 km,3.5,震度３,35.43,133.2016667
2007/10/15,8:02:41,和歌山県北部,34°12.2′N,135°13.3′E,4 km,3.2,震度３,34.20333333,135.2216667
2007/10/15,8:17:01,和歌山県北部,34°12.1′N,135°13.1′E,4 km,2.3,震度１,34.20166667,135.2183333
2007/10/15,13:31:54,和歌山県北部,34°00.3′N,135°15.0′E,6 km,2.4,震度１,34.005,135.25
2007/10/15,20:59:33,新潟県中越地方,37°19.2′N,138°30.3′E,17 km,2.9,震度１,37.32,138.505
2007/10/16,7:56:14,津軽海峡,41°16.1′N,140°27.7′E,9 km,2.3,震度１,41.26833333,140.4616667
2007/10/16,10:16:14,伊勢湾,34°58.5′N,136°44.3′E,328 km,4.7,震度１,34.975,136.7383333
2007/10/16,12:07:01,群馬県南部,36°16.4′N,139°14.9′E,84 km,3,震度１,36.27333333,139.2483333
2007/10/16,13:50:26,鹿児島県薩摩地方,31°24.7′N,130°30.7′E,4 km,2.5,震度２,31.41166667,130.5116667
2007/10/16,15:04:42,父島近海,27°11.2′N,143°25.9′E,29 km,4.9,震度１,27.18666667,143.4316667
2007/10/17,2:03:08,新潟県中越地方,37°17.3′N,138°53.1′E,15 km,3.7,震度４,37.28833333,138.885
2007/10/17,19:58:42,沖縄本島近海,26°42.4′N,128°44.0′E,39 km,5.4,震度３,26.70666667,128.7333333
2007/10/17,22:33:19,茨城県南部,36°10.1′N,139°49.3′E,55 km,4.1,震度２,36.16833333,139.8216667
2007/10/17,23:08:37,茨城県沖,36°42.6′N,141°08.5′E,46 km,3.6,震度１,36.71,141.1416667
2007/10/18,0:57:31,千葉県北東部,35°24.5′N,140°21.1′E,32 km,2.8,震度１,35.40833333,140.3516667
2007/10/18,1:29:30,奄美大島北東沖,29°33.6′N,130°07.7′E,29 km,4,震度１,29.56,130.1283333
2007/10/18,10:21:26,熊本県熊本地方,32°52.4′N,130°37.2′E,12 km,3.2,震度２,32.87333333,130.62
2007/10/18,19:46:29,岩手県沖,40°15.2′N,141°59.0′E,62 km,3.5,震度１,40.25333333,141.9833333
2007/10/18,19:59:09,岩手県内陸北部,39°58.9′N,141°02.8′E,8 km,2.7,震度２,39.98166667,141.0466667
2007/10/19,6:20:04,新潟県中越地方,37°17.7′N,138°52.3′E,13 km,2.2,震度１,37.295,138.8716667
2007/10/20,8:38:47,岩手県沖,40°20.7′N,142°10.9′E,44 km,3.2,震度１,40.345,142.1816667
2007/10/20,12:14:51,青森県東方沖,41°18.2′N,142°40.2′E,38 km,4.4,震度１,41.30333333,142.67
2007/10/20,17:36:36,福島県沖,37°09.3′N,141°21.0′E,48 km,4,震度２,37.155,141.35
2007/10/20,19:05:51,岩手県沖,40°08.9′N,142°29.3′E,34 km,4.4,震度２,40.14833333,142.4883333
2007/10/20,19:06:35,和歌山県北部,34°00.3′N,135°14.9′E,6 km,2.2,震度１,34.005,135.2483333
2007/10/20,19:10:28,岩手県沖,40°08.8′N,142°28.6′E,34 km,4.2,震度１,40.14666667,142.4766667
2007/10/20,20:34:18,長野県南部,35°50.8′N,137°44.7′E,10 km,2.4,震度１,35.84666667,137.745
2007/10/21,2:09:27,日向灘,32°11.5′N,131°58.1′E,21 km,4.3,震度２,32.19166667,131.9683333
2007/10/22,8:04:04,島根県東部,35°25.8′N,133°12.0′E,10 km,3,震度２,35.43,133.2
2007/10/22,9:35:57,新島・神津島近海,34°15.6′N,139°06.4′E,9 km,4.3,震度４,34.26,139.1066667
2007/10/22,9:37:49,新島・神津島近海,34°15.4′N,139°06.7′E,9 km,2.9,震度２,34.25666667,139.1116667
2007/10/22,9:40:22,新島・神津島近海,34°15.4′N,139°06.9′E,8 km,1.9,震度１,34.25666667,139.115
2007/10/22,9:41:12,新島・神津島近海,34°15.4′N,139°06.0′E,5 km,2,震度１,34.25666667,139.1
2007/10/22,9:41:40,新島・神津島近海,34°15.4′N,139°06.6′E,8 km,2.8,震度１,34.25666667,139.11
2007/10/22,9:44:07,新島・神津島近海,34°15.2′N,139°07.0′E,9 km,2.4,震度１,34.25333333,139.1166667
2007/10/22,9:52:30,新島・神津島近海,34°15.8′N,139°06.4′E,9 km,2.8,震度１,34.26333333,139.1066667
2007/10/22,10:26:09,新島・神津島近海,34°15.1′N,139°06.3′E,7 km,2,震度１,34.25166667,139.105
2007/10/22,11:09:19,新島・神津島近海,34°14.6′N,139°06.9′E,10 km,1.8,震度１,34.24333333,139.115
2007/10/22,14:08:59,浦河沖,42°02.7′N,142°36.4′E,60 km,3.7,震度１,42.045,142.6066667
2007/10/22,17:35:50,大阪府北部,34°57.7′N,135°28.3′E,7 km,2.3,震度１,34.96166667,135.4716667
2007/10/23,10:22:57,福島県沖,37°40.9′N,141°41.5′E,42 km,4.1,震度２,37.68166667,141.6916667
2007/10/23,11:57:46,新島・神津島近海,34°20.2′N,139°11.7′E,5 km,1.2,震度１,34.33666667,139.195
2007/10/23,16:16:34,日高地方東部,42°18.8′N,143°02.7′E,49 km,3.8,震度１,42.31333333,143.045
2007/10/23,18:25:41,長野県南部,35°50.8′N,137°44.6′E,10 km,2,震度１,35.84666667,137.7433333
2007/10/23,23:05:12,島根県東部,35°25.7′N,133°12.1′E,11 km,2.7,震度２,35.42833333,133.2016667
2007/10/24,18:56:27,北海道東方沖,43°23.4′N,146°39.2′E,39 km,4.2,震度１,43.39,146.6533333
2007/10/25,17:42:12,長崎県南西部,33°01.8′N,129°40.3′E,12 km,3,震度２,33.03,129.6716667
2007/10/25,19:09:23,和歌山県北部,34°02.4′N,135°16.2′E,6 km,1.8,震度１,34.04,135.27
2007/10/25,21:50:47,茨城県南部,35°59.1′N,140°13.7′E,41 km,2.9,震度１,35.985,140.2283333
2007/10/25,22:50:03,千島列島東方,46°06.9′N,154°12.6′E,30 km,6.2,震度１,46.115,154.21
2007/10/26,2:40:17,能登半島沖,37°40.1′N,137°25.0′E,12 km,3.6,震度１,37.66833333,137.4166667
2007/10/26,5:36:30,宮城県沖,38°18.1′N,141°51.0′E,47 km,3.8,震度１,38.30166667,141.85
2007/10/26,9:07:30,鹿児島県薩摩地方,31°24.7′N,130°30.6′E,3 km,2.5,震度２,31.41166667,130.51
2007/10/27,2:50:32,長野県南部,35°53.4′N,137°32.1′E,6 km,2.7,震度１,35.89,137.535
2007/10/27,9:31:13,宮城県沖,38°54.7′N,142°04.9′E,52 km,3.2,震度１,38.91166667,142.0816667
2007/10/27,19:41:02,沖縄本島近海,26°42.8′N,128°05.0′E,12 km,3.6,震度２,26.71333333,128.0833333
2007/10/27,19:58:10,奄美大島近海,28°15.8′N,129°30.3′E,35 km,3.1,震度１,28.26333333,129.505
2007/10/27,20:51:23,上川地方南部,43°23.4′N,142°21.2′E,13 km,3.1,震度２,43.39,142.3533333
2007/10/27,20:56:37,山梨県東部・富士五湖,35°32.3′N,138°57.2′E,24 km,2.7,震度１,35.53833333,138.9533333
2007/10/28,9:19:21,日向灘,32°12.0′N,132°08.7′E,18 km,3.4,震度１,32.2,132.145
2007/10/28,10:56:17,新島・神津島近海,34°22.4′N,139°15.2′E,3 km,2.3,震度１,34.37333333,139.2533333
2007/10/28,14:40:04,日向灘,32°12.0′N,132°08.6′E,17 km,3.9,震度２,32.2,132.1433333
2007/10/28,23:02:58,岩手県内陸南部,39°07.8′N,141°17.5′E,114 km,3.3,震度１,39.13,141.2916667
2007/10/28,23:37:07,茨城県南部,36°02.1′N,140°06.4′E,63 km,4,震度１,36.035,140.1066667
2007/10/29,1:34:21,長野県北部,36°40.8′N,138°13.0′E,9 km,3,震度２,36.68,138.2166667
2007/10/29,1:35:04,長野県北部,36°40.9′N,138°12.9′E,10 km,2.7,震度２,36.68166667,138.215
2007/10/29,8:27:07,新潟県下越沖,38°36.0′N,139°21.5′E,10 km,3,震度１,38.6,139.3583333
2007/10/29,15:03:45,奈良県,34°04.9′N,135°38.9′E,55 km,3.3,震度１,34.08166667,135.6483333
2007/10/29,16:18:22,沖縄本島近海,26°33.0′N,128°47.2′E,23 km,4,震度１,26.55,128.7866667
2007/10/29,18:13:01,埼玉県秩父地方,35°59.1′N,139°06.5′E,14 km,3.2,震度２,35.985,139.1083333
2007/10/29,18:13:36,能登半島沖,37°09.7′N,136°34.5′E,10 km,2.9,震度１,37.16166667,136.575
2007/10/30,5:29:18,大分県中部,33°17.0′N,131°28.8′E,2 km,2.8,震度３,33.28333333,131.48
2007/10/30,5:41:36,大分県中部,33°17.0′N,131°28.8′E,3 km,3,震度３,33.28333333,131.48
2007/10/30,5:48:04,大分県中部,33°17.1′N,131°28.9′E,2 km,1.4,震度１,33.285,131.4816667
2007/10/30,6:11:45,宮城県沖,38°47.6′N,141°36.1′E,69 km,3.3,震度１,38.79333333,141.6016667
2007/10/30,6:51:46,大分県中部,33°16.9′N,131°28.5′E,3 km,2.1,震度１,33.28166667,131.475
2007/10/30,7:07:07,大分県中部,33°16.9′N,131°28.7′E,3 km,1.5,震度１,33.28166667,131.4783333
2007/10/30,7:09:36,大分県中部,33°16.9′N,131°28.4′E,3 km,2,震度１,33.28166667,131.4733333
2007/10/30,7:21:53,大分県中部,33°16.8′N,131°28.6′E,3 km,2.4,震度２,33.28,131.4766667
2007/10/30,7:29:14,大分県中部,33°17.0′N,131°27.9′E,3 km,1.7,震度１,33.28333333,131.465
2007/10/30,7:42:48,大分県中部,33°16.8′N,131°29.2′E,3 km,1.1,震度１,33.28,131.4866667
2007/10/30,8:20:16,大分県中部,33°16.8′N,131°28.8′E,3 km,2.2,震度２,33.28,131.48
2007/10/30,9:46:58,大分県中部,33°17.1′N,131°28.0′E,3 km,3,震度３,33.285,131.4666667
2007/10/30,9:49:31,大分県中部,33°17.1′N,131°27.9′E,4 km,2.5,震度２,33.285,131.465
2007/10/30,13:04:52,根室半島南東沖,43°01.7′N,145°35.0′E,70 km,4.2,震度２,43.02833333,145.5833333
2007/10/30,13:54:33,鹿児島県薩摩地方,31°20.7′N,130°26.6′E,155 km,3,震度１,31.345,130.4433333
2007/10/30,14:14:50,山梨県中・西部,35°52.4′N,138°43.8′E,9 km,3.6,震度３,35.87333333,138.73
2007/10/31,10:27:57,能登半島沖,37°19.7′N,136°40.3′E,4 km,3,震度１,37.32833333,136.6716667
2007/10/31,12:30:18,マリアナ諸島,19°13.4′N,145°29.2′E,216 km,7.1,震度１,19.22333333,145.4866667
2007/11/1,10:44:56,宮古島近海,24°46.2′N,124°48.8′E,11 km,4.4,震度１,24.77,124.8133333
2007/11/2,6:28:54,北海道東方沖,43°24.8′N,147°14.6′E,20 km,4.6,震度１,43.41333333,147.2433333
2007/11/2,10:26:10,神奈川県西部,35°15.6′N,139°07.6′E,14 km,3,震度１,35.26,139.1266667
2007/11/2,10:33:15,与那国島近海,24°19.6′N,122°59.7′E,48 km,4.1,震度１,24.32666667,122.995
2007/11/2,23:20:23,日向灘,32°05.6′N,131°53.4′E,23 km,4,震度２,32.09333333,131.89
2007/11/3,4:11:57,青森県津軽南部,40°39.1′N,140°28.7′E,13 km,2.1,震度１,40.65166667,140.4783333
2007/11/3,5:09:35,岐阜県飛騨地方,36°02.1′N,137°31.0′E,7 km,1.6,震度１,36.035,137.5166667
2007/11/3,22:36:00,神奈川県西部,35°32.1′N,139°24.0′E,35 km,2.5,震度１,35.535,139.4
2007/11/4,1:58:24,根室半島南東沖,43°10.4′N,146°33.4′E,55 km,4.4,震度１,43.17333333,146.5566667
2007/11/5,8:54:49,富山県東部,36°32.3′N,137°39.4′E,1 km,2.7,震度１,36.53833333,137.6566667
2007/11/5,15:57:26,熊本県天草・芦北地方,32°09.7′N,130°23.8′E,7 km,2.4,震度１,32.16166667,130.3966667
2007/11/6,10:02:00,大阪府南部,34°28.5′N,135°40.4′E,12 km,4.1,震度３,34.475,135.6733333
2007/11/7,20:05:42,宮城県沖,38°19.6′N,141°38.3′E,61 km,4.6,震度２,38.32666667,141.6383333
2007/11/8,5:58:36,宮城県中部,38°23.7′N,141°10.4′E,11 km,1.8,震度１,38.395,141.1733333
2007/11/8,9:40:54,沖縄本島近海,26°24.4′N,128°41.3′E,34 km,4.1,震度１,26.40666667,128.6883333
2007/11/8,12:32:13,五島列島近海,32°45.9′N,129°41.1′E,13 km,2.8,震度１,32.765,129.685
2007/11/9,11:48:05,橘湾,32°36.2′N,129°58.0′E,12 km,2.6,震度１,32.60333333,129.9666667
2007/11/9,14:15:23,岩手県沖,40°17.2′N,142°18.3′E,39 km,3.8,震度１,40.28666667,142.305
2007/11/9,16:34:07,東京湾,35°28.8′N,139°42.9′E,98 km,3.6,震度１,35.48,139.715
2007/11/10,1:47:27,島根県沖,35°16.0′N,131°55.1′E,18 km,4.3,震度２,35.26666667,131.9183333
2007/11/10,12:16:52,沖縄本島近海,26°38.8′N,127°40.5′E,15 km,3.5,震度１,26.64666667,127.675
2007/11/10,13:30:39,橘湾,32°36.2′N,129°57.9′E,13 km,3.2,震度２,32.60333333,129.965
2007/11/10,15:21:03,宮古島近海,24°44.3′N,125°26.3′E,47 km,3.3,震度１,24.73833333,125.4383333
2007/11/10,17:29:43,橘湾,32°36.0′N,129°57.7′E,13 km,3.7,震度２,32.6,129.9616667
2007/11/10,18:17:45,長野県北部,36°37.4′N,137°50.7′E,0 km,2.8,震度１,36.62333333,137.845
2007/11/10,21:20:27,長野県北部,36°37.3′N,137°50.7′E,0 km,2.5,震度１,36.62166667,137.845
2007/11/10,21:48:46,長野県南部,35°50.8′N,137°36.3′E,7 km,2.4,震度１,35.84666667,137.605
2007/11/10,23:39:48,茨城県沖,36°20.2′N,140°57.5′E,45 km,3.7,震度１,36.33666667,140.9583333
2007/11/11,2:32:51,静岡県西部,34°42.0′N,137°53.8′E,13 km,3,震度１,34.7,137.8966667
2007/11/11,6:14:56,種子島近海,30°15.2′N,130°50.6′E,52 km,2.8,震度１,30.25333333,130.8433333
2007/11/11,11:24:25,紀伊水道,34°09.9′N,135°03.6′E,10 km,2.5,震度１,34.165,135.06
2007/11/11,17:22:07,奄美大島北東沖,29°22.9′N,130°35.3′E,34 km,5.1,震度２,29.38166667,130.5883333
2007/11/11,19:48:54,茨城県南部,36°02.8′N,139°54.1′E,44 km,4.3,震度３,36.04666667,139.9016667
2007/11/12,9:20:42,茨城県沖,36°46.4′N,140°54.9′E,57 km,4.1,震度２,36.77333333,140.915
2007/11/12,18:01:30,奄美大島近海,28°21.4′N,129°14.1′E,4 km,3.4,震度１,28.35666667,129.235
2007/11/13,4:05:48,千葉県北西部,35°39.5′N,140°03.5′E,71 km,3.5,震度１,35.65833333,140.0583333
2007/11/14,14:46:36,熊本県熊本地方,33°01.6′N,130°50.7′E,11 km,2.6,震度１,33.02666667,130.845
2007/11/14,19:23:36,奄美大島近海,28°19.6′N,129°22.8′E,32 km,2.8,震度１,28.32666667,129.38
2007/11/15,0:13:30,茨城県南部,36°05.6′N,139°58.6′E,47 km,3.2,震度１,36.09333333,139.9766667
2007/11/16,12:45:20,兵庫県南東部,34°56.3′N,135°22.1′E,6 km,2.4,震度１,34.93833333,135.3683333
2007/11/17,5:04:11,有明海,32°50.6′N,130°35.0′E,10 km,2.7,震度１,32.84333333,130.5833333
2007/11/17,12:57:24,徳島県南部,33°57.2′N,134°27.2′E,40 km,3.3,震度２,33.95333333,134.4533333
2007/11/17,14:56:28,浦河沖,42°01.2′N,142°16.2′E,71 km,3.8,震度２,42.02,142.27
2007/11/18,3:47:12,和歌山県北部,34°02.3′N,135°16.3′E,6 km,2.5,震度１,34.03833333,135.2716667
2007/11/18,4:43:56,豊後水道,33°08.3′N,132°18.3′E,10 km,3.7,震度１,33.13833333,132.305
2007/11/18,10:21:21,和歌山県北部,34°06.8′N,135°09.7′E,6 km,3.3,震度２,34.11333333,135.1616667
2007/11/18,21:02:06,宮古島近海,24°44.7′N,125°27.0′E,47 km,3.5,震度１,24.745,125.45
2007/11/19,2:59:16,熊本県熊本地方,32°38.8′N,130°49.7′E,13 km,2.1,震度１,32.64666667,130.8283333
2007/11/19,3:23:42,栃木県北部,36°40.7′N,139°30.7′E,8 km,2.5,震度１,36.67833333,139.5116667
2007/11/19,4:48:09,静岡県西部,34°53.4′N,137°58.9′E,16 km,3.1,震度２,34.89,137.9816667
2007/11/19,5:46:49,静岡県西部,34°53.5′N,137°58.8′E,16 km,2.8,震度１,34.89166667,137.98
2007/11/19,8:21:10,静岡県西部,34°53.4′N,137°58.8′E,16 km,3.2,震度２,34.89,137.98
2007/11/19,8:58:39,京都府南部,35°11.1′N,135°31.4′E,13 km,2.9,震度２,35.185,135.5233333
2007/11/19,11:58:03,伊豆半島東方沖,34°52.4′N,139°10.3′E,7 km,3.7,震度３,34.87333333,139.1716667
2007/11/19,12:09:26,伊豆半島東方沖,34°52.3′N,139°10.4′E,7 km,2.7,震度１,34.87166667,139.1733333
2007/11/19,15:00:21,宮城県北部,38°58.5′N,141°38.9′E,71 km,4.2,震度２,38.975,141.6483333
2007/11/19,20:25:48,紀伊水道,34°07.3′N,135°07.2′E,8 km,2.4,震度１,34.12166667,135.12
2007/11/20,2:49:05,父島近海,27°39.5′N,141°59.0′E,59 km,5.1,震度２,27.65833333,141.9833333
2007/11/20,7:15:20,茨城県沖,36°41.1′N,141°01.2′E,46 km,3.6,震度１,36.685,141.02
2007/11/20,17:04:22,愛知県東部,35°11.6′N,137°41.4′E,16 km,2.2,震度１,35.19333333,137.69
2007/11/20,20:25:37,和歌山県北部,34°06.8′N,135°09.8′E,6 km,2.5,震度１,34.11333333,135.1633333
2007/11/20,20:46:29,八丈島東方沖,32°46.4′N,140°53.2′E,44 km,5.1,震度２,32.77333333,140.8866667
2007/11/21,11:07:39,埼玉県南部,35°58.9′N,139°33.7′E,61 km,3.5,震度２,35.98166667,139.5616667
2007/11/21,12:17:12,上川地方北部,44°38.8′N,142°11.6′E,14 km,3.6,震度２,44.64666667,142.1933333
2007/11/21,14:01:18,根室地方北部,44°02.9′N,145°04.6′E,4 km,2.3,震度１,44.04833333,145.0766667
2007/11/22,0:22:29,福島県会津,37°25.9′N,139°41.6′E,4 km,2.3,震度２,37.43166667,139.6933333
2007/11/22,0:24:12,福島県会津,37°25.8′N,139°41.7′E,4 km,1.7,震度１,37.43,139.695
2007/11/22,0:38:41,福島県会津,37°25.8′N,139°41.8′E,4 km,2.1,震度１,37.43,139.6966667
2007/11/22,21:38:24,釧路沖,42°59.6′N,145°07.7′E,92 km,3.4,震度１,42.99333333,145.1283333
2007/11/23,17:14:52,神奈川県東部,35°37.4′N,139°33.9′E,62 km,3.1,震度１,35.62333333,139.565
2007/11/24,6:36:16,神奈川県西部,35°31.8′N,139°06.8′E,26 km,3.1,震度２,35.53,139.1133333
2007/11/24,14:01:47,和歌山県北部,34°07.4′N,135°18.0′E,6 km,2.1,震度１,34.12333333,135.3
2007/11/26,6:42:11,宮城県沖,37°56.5′N,141°34.0′E,86 km,4.2,震度３,37.94166667,141.5666667
2007/11/26,8:30:28,新島・神津島近海,34°23.9′N,139°15.7′E,5 km,2,震度１,34.39833333,139.2616667
2007/11/26,12:11:52,千葉県南部,35°13.0′N,140°08.3′E,41 km,3.3,震度１,35.21666667,140.1383333
2007/11/26,13:48:18,大隅半島東方沖,31°05.3′N,131°30.9′E,29 km,2.5,震度１,31.08833333,131.515
2007/11/26,14:36:00,千葉県北東部,35°51.7′N,140°29.2′E,34 km,2.9,震度１,35.86166667,140.4866667
2007/11/26,15:55:52,静岡県西部,34°53.6′N,137°58.8′E,16 km,3,震度１,34.89333333,137.98
2007/11/26,16:00:44,千葉県北東部,35°51.8′N,140°29.4′E,35 km,3.2,震度１,35.86333333,140.49
2007/11/26,22:51:38,福島県沖,37°18.2′N,141°45.4′E,44 km,6,震度４,37.30333333,141.7566667
2007/11/27,7:01:39,岐阜県飛騨地方,35°59.5′N,137°18.0′E,6 km,2.3,震度１,35.99166667,137.3
2007/11/27,8:05:56,千葉県北東部,35°52.1′N,140°29.3′E,34 km,3.9,震度１,35.86833333,140.4883333
2007/11/27,19:22:01,浦河沖,41°55.0′N,142°19.3′E,73 km,4.3,震度３,41.91666667,142.3216667
2007/11/27,19:40:58,岩手県沖,39°07.2′N,142°31.1′E,26 km,4.4,震度１,39.12,142.5183333
2007/11/28,16:58:02,青森県西方沖,40°57.6′N,140°02.3′E,15 km,3.3,震度１,40.96,140.0383333
2007/11/29,1:01:05,静岡県西部,35°08.7′N,137°58.7′E,39 km,3.2,震度１,35.145,137.9783333
2007/11/29,10:46:53,浦河沖,42°04.1′N,142°43.8′E,37 km,3.4,震度１,42.06833333,142.73
2007/11/29,19:07:15,静岡県西部,34°53.5′N,137°58.7′E,16 km,2.6,震度１,34.89166667,137.9783333
2007/11/29,20:17:50,日向灘,32°43.3′N,131°55.9′E,47 km,4.3,震度２,32.72166667,131.9316667
2007/11/29,21:38:17,日高地方東部,42°19.3′N,143°03.1′E,50 km,3.6,震度１,42.32166667,143.0516667
2007/11/30,7:27:24,千葉県東方沖,35°30.3′N,141°09.6′E,37 km,4.4,震度２,35.505,141.16
2007/11/30,18:36:58,茨城県沖,36°25.6′N,140°41.7′E,53 km,4.7,震度４,36.42666667,140.695
2007/12/1,4:46:12,滋賀県北部,35°28.0′N,136°15.3′E,9 km,3.2,震度１,35.46666667,136.255
2007/12/1,6:18:37,和歌山県北部,34°01.5′N,135°14.7′E,4 km,2.2,震度１,34.025,135.245
2007/12/1,7:35:16,新潟県下越地方,37°49.6′N,139°23.3′E,7 km,2.6,震度１,37.82666667,139.3883333
2007/12/1,11:33:19,長崎県南西部,32°57.7′N,129°51.6′E,12 km,3.2,震度２,32.96166667,129.86
2007/12/1,16:15:26,小笠原諸島西方沖,27°53.7′N,140°20.4′E,491 km,4.9,震度１,27.895,140.34
2007/12/1,19:24:03,鹿児島県薩摩地方,32°04.8′N,130°32.1′E,8 km,3.6,震度３,32.08,130.535
2007/12/1,23:37:55,静岡県西部,34°53.6′N,137°58.7′E,16 km,3.5,震度２,34.89333333,137.9783333
2007/12/2,1:28:10,日高地方東部,42°19.9′N,143°00.3′E,52 km,3.4,震度２,42.33166667,143.005
2007/12/2,2:04:43,静岡県西部,34°53.6′N,137°58.7′E,17 km,2.6,震度１,34.89333333,137.9783333
2007/12/2,3:50:06,静岡県西部,34°53.8′N,137°58.5′E,16 km,2.6,震度１,34.89666667,137.975
2007/12/2,5:51:09,静岡県西部,34°53.6′N,137°58.7′E,16 km,2.7,震度１,34.89333333,137.9783333
2007/12/2,6:40:22,静岡県西部,34°53.5′N,137°58.8′E,16 km,3.6,震度２,34.89166667,137.98
2007/12/2,9:24:38,茨城県南部,36°12.2′N,139°59.0′E,54 km,3.9,震度２,36.20333333,139.9833333
2007/12/2,12:27:53,新潟県中越地方,37°06.5′N,138°41.6′E,11 km,2,震度１,37.10833333,138.6933333
2007/12/3,1:34:47,紀伊水道,34°10.3′N,135°07.4′E,7 km,3.4,震度２,34.17166667,135.1233333
2007/12/3,16:16:49,静岡県西部,34°53.8′N,137°58.6′E,17 km,3.2,震度２,34.89666667,137.9766667
2007/12/3,17:06:20,静岡県西部,34°53.7′N,137°58.9′E,17 km,3.1,震度１,34.895,137.9816667
2007/12/4,11:47:36,静岡県西部,34°53.3′N,137°59.1′E,17 km,2.7,震度１,34.88833333,137.985
2007/12/4,19:57:53,伊予灘,33°47.5′N,132°13.6′E,54 km,3.4,震度１,33.79166667,132.2266667
2007/12/4,21:49:26,天草灘,32°34.2′N,129°57.8′E,14 km,2.6,震度１,32.57,129.9633333
2007/12/5,8:13:20,茨城県南部,36°04.7′N,139°50.0′E,48 km,3.7,震度２,36.07833333,139.8333333
2007/12/5,8:37:18,愛知県西部,34°54.9′N,137°06.3′E,40 km,3.1,震度１,34.915,137.105
2007/12/5,10:09:31,能登半島沖,37°10.9′N,136°33.6′E,0 km,3.2,震度１,37.18166667,136.56
2007/12/5,13:33:38,宮古島北西沖,25°50.8′N,124°11.5′E,167 km,5.1,震度１,25.84666667,124.1916667
2007/12/5,21:27:27,岩手県沖,39°07.2′N,142°31.5′E,27 km,4.1,震度１,39.12,142.525
2007/12/6,1:50:38,神奈川県西部,35°13.0′N,139°07.3′E,11 km,2.5,震度１,35.21666667,139.1216667
2007/12/6,5:55:44,宮城県北部,38°52.5′N,141°35.9′E,74 km,3,震度１,38.875,141.5983333
2007/12/6,19:05:44,熊本県熊本地方,32°50.5′N,130°53.1′E,11 km,2.3,震度１,32.84166667,130.885
2007/12/6,22:20:36,静岡県西部,34°53.8′N,137°58.5′E,16 km,2.7,震度１,34.89666667,137.975
2007/12/7,4:40:37,大分県西部,33°05.2′N,130°57.6′E,13 km,2.9,震度１,33.08666667,130.96
2007/12/7,7:25:29,根室地方南部,43°23.8′N,145°43.3′E,67 km,3.3,震度１,43.39666667,145.7216667
2007/12/7,8:24:28,福岡県北西沖,33°40.4′N,130°16.7′E,14 km,3.2,震度１,33.67333333,130.2783333
2007/12/7,9:47:35,鳥島近海,30°03.5′N,141°37.3′E,75 km,6,震度２,30.05833333,141.6216667
2007/12/7,21:08:35,鹿児島県薩摩地方,31°24.2′N,130°30.9′E,4 km,1.7,震度１,31.40333333,130.515
2007/12/8,6:47:49,島根県東部,35°24.7′N,133°15.0′E,10 km,2.1,震度１,35.41166667,133.25
2007/12/8,15:20:42,茨城県南部,36°13.1′N,139°48.0′E,57 km,3.6,震度１,36.21833333,139.8
2007/12/8,18:55:19,鹿児島県薩摩地方,31°24.3′N,130°30.8′E,4 km,2.4,震度２,31.405,130.5133333
2007/12/9,18:07:39,埼玉県北部,36°03.6′N,139°32.5′E,60 km,3,震度１,36.06,139.5416667
2007/12/10,2:30:00,岐阜県美濃東部,35°18.8′N,137°26.0′E,50 km,3.3,震度１,35.31333333,137.4333333
2007/12/10,12:46:00,福島県沖,37°05.2′N,141°17.9′E,50 km,3.7,震度１,37.08666667,141.2983333
2007/12/10,14:33:18,和歌山県北部,34°02.4′N,135°16.4′E,5 km,2.3,震度１,34.04,135.2733333
2007/12/10,16:23:38,釧路沖,42°32.7′N,144°14.8′E,74 km,4.2,震度２,42.545,144.2466667
2007/12/10,16:38:19,岐阜県飛騨地方,36°12.9′N,137°33.7′E,4 km,2,震度１,36.215,137.5616667
2007/12/10,20:44:00,石川県能登地方,37°19.3′N,136°51.5′E,5 km,2.9,震度１,37.32166667,136.8583333
2007/12/11,8:52:25,薩摩半島西方沖,31°13.7′N,130°23.0′E,158 km,3.8,震度１,31.22833333,130.3833333
2007/12/11,9:03:51,和歌山県北部,34°02.4′N,135°16.5′E,5 km,2.3,震度１,34.04,135.275
2007/12/11,10:05:07,石川県能登地方,37°19.3′N,136°51.5′E,6 km,3.1,震度２,37.32166667,136.8583333
2007/12/11,13:07:21,宮城県北部,38°46.5′N,140°43.9′E,4 km,2.3,震度２,38.775,140.7316667
2007/12/11,13:20:41,宮城県北部,38°46.5′N,140°44.2′E,4 km,1.8,震度１,38.775,140.7366667
2007/12/11,14:05:54,種子島南東沖,30°20.6′N,131°21.9′E,27 km,4.3,震度１,30.34333333,131.365
2007/12/11,15:59:34,種子島南東沖,30°19.8′N,131°23.8′E,25 km,3.9,震度１,30.33,131.3966667
2007/12/11,17:27:16,種子島南東沖,30°20.5′N,131°22.5′E,27 km,4,震度１,30.34166667,131.375
2007/12/12,22:17:22,広島県南西部,34°18.7′N,132°42.3′E,7 km,2.3,震度１,34.31166667,132.705
2007/12/12,23:23:07,静岡県西部,34°53.3′N,137°58.9′E,17 km,3.4,震度２,34.88833333,137.9816667
2007/12/12,23:24:03,静岡県西部,34°53.3′N,137°59.1′E,16 km,2.5,震度１,34.88833333,137.985
2007/12/13,0:57:59,福島県会津,37°07.0′N,139°20.8′E,7 km,2.9,震度２,37.11666667,139.3466667
2007/12/14,11:45:25,栃木県南部,36°35.9′N,139°29.5′E,8 km,2.6,震度１,36.59833333,139.4916667
2007/12/15,1:47:15,宮城県沖,38°58.8′N,142°12.7′E,46 km,3.8,震度２,38.98,142.2116667
2007/12/15,13:18:16,岩手県沖,39°38.2′N,142°06.1′E,48 km,3.7,震度２,39.63666667,142.1016667
2007/12/15,14:09:33,福島県沖,37°44.7′N,142°08.0′E,33 km,4.1,震度１,37.745,142.1333333
2007/12/16,2:26:10,浦河沖,42°03.2′N,142°39.2′E,61 km,4,震度２,42.05333333,142.6533333
2007/12/16,9:35:29,岐阜県飛騨地方,36°02.2′N,137°21.6′E,10 km,2,震度１,36.03666667,137.36
2007/12/16,10:59:51,和歌山県北部,34°05.5′N,135°10.6′E,5 km,3.1,震度２,34.09166667,135.1766667
2007/12/16,11:12:28,和歌山県北部,34°01.6′N,135°14.7′E,4 km,3.7,震度２,34.02666667,135.245
2007/12/16,12:04:30,苫小牧沖,41°39.8′N,141°20.6′E,100 km,3.3,震度１,41.66333333,141.3433333
2007/12/16,19:53:09,父島近海,27°18.8′N,142°18.2′E,51 km,3.7,震度１,27.31333333,142.3033333
2007/12/17,18:53:31,周防灘,33°45.1′N,131°50.3′E,78 km,3.4,震度１,33.75166667,131.8383333
2007/12/18,2:53:16,石川県能登地方,37°14.1′N,136°44.8′E,9 km,3.9,震度３,37.235,136.7466667
2007/12/18,12:35:30,新潟県上越地方,37°02.0′N,138°29.2′E,12 km,3.3,震度３,37.03333333,138.4866667
2007/12/18,12:39:41,長野県北部,37°01.8′N,138°29.1′E,11 km,2.1,震度１,37.03,138.485
2007/12/19,3:09:14,長野県南部,35°51.6′N,137°30.1′E,6 km,2.1,震度１,35.86,137.5016667
2007/12/19,9:02:25,茨城県沖,36°27.6′N,141°04.7′E,46 km,3.8,震度２,36.46,141.0783333
2007/12/19,11:14:59,沖縄本島近海,26°39.2′N,127°53.3′E,22 km,3.1,震度１,26.65333333,127.8883333
2007/12/20,8:28:57,宮城県北部,38°39.3′N,141°12.8′E,16 km,2.6,震度１,38.655,141.2133333
2007/12/21,14:22:54,福井県嶺北,35°56.3′N,136°20.9′E,7 km,4.5,震度４,35.93833333,136.3483333
2007/12/21,16:01:09,福井県嶺北,35°56.3′N,136°20.9′E,7 km,4.2,震度３,35.93833333,136.3483333
2007/12/21,18:51:45,福井県嶺北,35°56.2′N,136°21.1′E,7 km,2.8,震度１,35.93666667,136.3516667
2007/12/21,21:50:32,鹿児島県薩摩地方,32°04.9′N,130°32.4′E,7 km,3.5,震度３,32.08166667,130.54
2007/12/22,1:16:39,釧路沖,42°52.2′N,145°30.8′E,44 km,4.3,震度２,42.87,145.5133333
2007/12/22,7:05:11,沖縄本島北西沖,26°52.6′N,126°50.9′E,107 km,5.1,震度２,26.87666667,126.8483333
2007/12/22,17:51:41,房総半島南方沖,34°23.2′N,140°23.2′E,87 km,4.5,震度２,34.38666667,140.3866667
2007/12/22,19:39:14,福島県会津,37°13.8′N,139°17.5′E,5 km,4.4,震度３,37.23,139.2916667
2007/12/23,1:04:57,茨城県沖,36°05.3′N,140°52.4′E,41 km,3.3,震度１,36.08833333,140.8733333
2007/12/23,2:48:03,大隅半島東方沖,31°19.8′N,131°41.9′E,24 km,4.4,震度２,31.33,131.6983333
2007/12/23,2:49:07,大隅半島東方沖,31°19.8′N,131°41.1′E,21 km,4.8,震度２,31.33,131.685
2007/12/23,18:53:10,青森県東方沖,41°29.9′N,142°02.4′E,64 km,4.5,震度３,41.49833333,142.04
2007/12/23,20:00:12,奈良県,34°17.4′N,135°44.9′E,65 km,3.2,震度１,34.29,135.7483333
2007/12/24,19:39:28,栃木県北部,36°59.1′N,139°49.0′E,8 km,3.6,震度４,36.985,139.8166667
2007/12/25,5:32:14,新潟県中越地方,37°18.6′N,138°52.4′E,14 km,2.8,震度１,37.31,138.8733333
2007/12/25,6:54:38,和歌山県北部,34°03.4′N,135°17.3′E,9 km,2.8,震度１,34.05666667,135.2883333
2007/12/25,23:04:33,宮城県沖,38°29.0′N,142°09.2′E,40 km,5.6,震度３,38.48333333,142.1533333
2007/12/26,2:01:08,留萌地方中北部,44°31.4′N,141°49.2′E,19 km,3.1,震度１,44.52333333,141.82
2007/12/26,8:38:54,宮城県沖,38°24.1′N,142°17.2′E,36 km,4.6,震度３,38.40166667,142.2866667
2007/12/26,12:15:35,天草灘,32°17.3′N,129°46.4′E,13 km,3,震度１,32.28833333,129.7733333
2007/12/26,13:37:24,宮城県沖,38°38.4′N,141°54.3′E,47 km,3.1,震度１,38.64,141.905
2007/12/26,20:25:18,福井県嶺北,35°47.0′N,136°08.8′E,10 km,2.6,震度１,35.78333333,136.1466667
2007/12/27,18:43:08,和歌山県北部,34°12.0′N,135°17.5′E,5 km,2,震度１,34.2,135.2916667
2007/12/27,18:56:13,茨城県沖,36°34.4′N,141°20.6′E,47 km,3.7,震度１,36.57333333,141.3433333
2007/12/27,22:40:28,渡島地方東部,41°53.5′N,140°40.6′E,10 km,2.8,震度２,41.89166667,140.6766667
2007/12/28,0:21:35,新島・神津島近海,34°21.2′N,139°13.8′E,7 km,1.8,震度１,34.35333333,139.23
2007/12/28,2:27:34,奄美大島近海,27°55.8′N,130°10.7′E,54 km,3.8,震度１,27.93,130.1783333
2007/12/28,10:51:39,浦河沖,42°01.2′N,142°33.3′E,50 km,4.3,震度２,42.02,142.555
2007/12/28,19:12:19,岩手県内陸北部,40°14.0′N,141°11.7′E,7 km,2.5,震度２,40.23333333,141.195
2007/12/28,20:45:16,熊本県天草・芦北地方,32°30.8′N,130°32.5′E,12 km,2.8,震度１,32.51333333,130.5416667
2007/12/29,8:53:04,茨城県南部,35°54.3′N,140°15.0′E,41 km,3.1,震度２,35.905,140.25
2007/12/29,17:05:56,福島県沖,37°43.6′N,141°01.3′E,82 km,3.6,震度２,37.72666667,141.0216667
2007/12/29,21:50:05,和歌山県北部,34°13.8′N,135°25.1′E,8 km,2.6,震度１,34.23,135.4183333
2007/12/30,4:42:21,和歌山県北部,34°13.9′N,135°25.2′E,8 km,3,震度２,34.23166667,135.42
2007/12/31,20:09:15,福島県沖,37°31.6′N,141°23.5′E,50 km,3.3,震度１,37.52666667,141.3916667
2007/12/31,23:40:00,小笠原諸島西方沖,27°31.2′N,140°54.8′E,332 km,5.6,震度２,27.52,140.9133333
