date,time,epicenter,緯度,経度,depth,magnitude,maxshindo,lat,lng
2009/1/1,1:59:18,沖縄本島近海,26°23.7′N,127°35.6′E,22 km,3.1,震度１,26.395,127.5933333
2009/1/1,6:55:48,千葉県北東部,35°55.1′N,140°32.3′E,36 km,3.1,震度１,35.91833333,140.5383333
2009/1/1,8:40:44,愛知県西部,35°20.7′N,136°47.4′E,7 km,2,震度１,35.345,136.79
2009/1/1,8:49:57,浦河沖,42°05.5′N,142°34.1′E,66 km,4,震度２,42.09166667,142.5683333
2009/1/1,14:02:44,福島県会津,37°25.5′N,139°40.8′E,3 km,2.6,震度１,37.425,139.68
2009/1/2,7:15:55,新潟県中越地方,37°14.5′N,138°50.6′E,12 km,3,震度２,37.24166667,138.8433333
2009/1/2,16:42:49,東海道南方沖,32°45.1′N,138°28.3′E,345 km,5.2,震度１,32.75166667,138.4716667
2009/1/3,8:10:12,奄美大島北東沖,29°19.5′N,130°02.6′E,50 km,3.7,震度１,29.325,130.0433333
2009/1/3,16:13:04,福島県沖,37°03.7′N,141°10.3′E,51 km,4.8,震度４,37.06166667,141.1716667
2009/1/3,17:58:51,愛媛県南予,33°29.2′N,132°28.7′E,42 km,3.1,震度１,33.48666667,132.4783333
2009/1/4,1:02:41,福島県沖,37°03.5′N,141°11.9′E,50 km,3.7,震度２,37.05833333,141.1983333
2009/1/4,16:12:23,山形県村山地方,38°32.3′N,140°13.8′E,9 km,2.6,震度１,38.53833333,140.23
2009/1/4,22:36:23,西表島付近,23°57.7′N,123°34.7′E,32 km,4.5,震度２,23.96166667,123.5783333
2009/1/5,5:44:30,宮城県沖,38°47.1′N,141°38.5′E,66 km,3,震度１,38.785,141.6416667
2009/1/5,6:18:01,奄美大島近海,28°04.9′N,129°25.2′E,32 km,3.5,震度１,28.08166667,129.42
2009/1/5,10:36:28,福島県沖,36°58.3′N,141°45.4′E,50 km,4.8,震度２,36.97166667,141.7566667
2009/1/6,8:52:54,福島県沖,37°35.4′N,142°58.1′E,45 km,5,震度１,37.59,142.9683333
2009/1/6,12:37:40,石垣島近海,24°11.9′N,124°07.1′E,17 km,4.8,震度２,24.19833333,124.1183333
2009/1/6,19:59:53,新潟県上越地方,37°12.6′N,138°32.9′E,0 km,2.3,震度１,37.21,138.5483333
2009/1/7,6:44:37,福島県沖,36°58.1′N,141°32.6′E,49 km,4,震度２,36.96833333,141.5433333
2009/1/7,17:46:11,岩手県沖,40°07.0′N,142°27.9′E,34 km,3.8,震度１,40.11666667,142.465
2009/1/7,18:24:17,奄美大島北東沖,29°20.9′N,129°53.3′E,61 km,3.6,震度１,29.34833333,129.8883333
2009/1/7,18:30:56,浦河沖,41°42.0′N,142°36.1′E,38 km,3.8,震度１,41.7,142.6016667
2009/1/8,0:16:57,日向灘,32°42.3′N,132°15.4′E,38 km,3.2,震度１,32.705,132.2566667
2009/1/8,2:44:35,栃木県北部,36°48.1′N,139°23.5′E,4 km,2.7,震度２,36.80166667,139.3916667
2009/1/8,3:02:48,栃木県北部,36°48.1′N,139°23.6′E,5 km,2.2,震度１,36.80166667,139.3933333
2009/1/8,11:41:25,新潟県中越地方,37°13.1′N,138°49.7′E,10 km,4,震度２,37.21833333,138.8283333
2009/1/8,15:36:49,岩手県内陸南部,39°05.6′N,140°54.0′E,5 km,3.2,震度１,39.09333333,140.9
2009/1/8,18:02:55,福島県会津,37°15.5′N,139°54.9′E,7 km,2.1,震度１,37.25833333,139.915
2009/1/8,21:48:33,高知県中部,33°35.3′N,133°36.8′E,7 km,2.9,震度２,33.58833333,133.6133333
2009/1/9,13:00:03,宮城県北部,38°52.3′N,140°46.3′E,4 km,3,震度１,38.87166667,140.7716667
2009/1/10,3:07:13,千葉県南東沖,35°07.4′N,140°16.9′E,17 km,3,震度１,35.12333333,140.2816667
2009/1/11,2:28:11,奄美大島近海,28°42.1′N,129°32.1′E,17 km,3.4,震度１,28.70166667,129.535
2009/1/11,7:59:02,種子島近海,30°32.4′N,130°31.4′E,73 km,3.6,震度１,30.54,130.5233333
2009/1/11,14:57:12,十勝地方中部,42°35.6′N,143°24.9′E,68 km,4.7,震度３,42.59333333,143.415
2009/1/11,21:53:37,十勝地方中部,42°53.5′N,143°07.6′E,88 km,4.5,震度２,42.89166667,143.1266667
2009/1/12,12:05:31,国後島付近,44°09.7′N,145°45.1′E,143 km,3.8,震度１,44.16166667,145.7516667
2009/1/12,17:48:21,父島近海,27°23.9′N,141°52.1′E,61 km,4.6,震度１,27.39833333,141.8683333
2009/1/12,19:39:37,福井県嶺南,35°25.4′N,135°43.5′E,6 km,2.9,震度２,35.42333333,135.725
2009/1/12,22:07:19,宮城県中部,38°25.5′N,141°12.8′E,10 km,1.8,震度１,38.425,141.2133333
2009/1/13,0:22:52,天草灘,32°33.6′N,129°59.5′E,15 km,3.5,震度２,32.56,129.9916667
2009/1/13,3:22:14,千葉県南東沖,35°07.9′N,140°16.1′E,15 km,2.2,震度１,35.13166667,140.2683333
2009/1/13,4:06:34,奄美大島近海,28°41.4′N,129°33.6′E,20 km,3.8,震度１,28.69,129.56
2009/1/13,7:03:49,山形県最上地方,38°47.7′N,140°35.0′E,4 km,2.5,震度２,38.795,140.5833333
2009/1/14,7:18:14,京都府南部,34°58.1′N,135°43.4′E,7 km,3.2,震度２,34.96833333,135.7233333
2009/1/15,4:09:23,岩手県沖,39°38.2′N,142°06.3′E,48 km,3.4,震度１,39.63666667,142.105
2009/1/16,2:49:37,千島列島東方,46°59.7′N,155°10.0′E,30 km,7.4,震度２,46.995,155.1666667
2009/1/16,15:23:28,宮城県沖,38°20.4′N,141°39.4′E,53 km,3.4,震度１,38.34,141.6566667
2009/1/17,1:03:57,五島列島近海,33°16.4′N,129°04.7′E,13 km,3.5,震度１,33.27333333,129.0783333
2009/1/17,2:39:29,茨城県沖,36°17.2′N,141°01.7′E,48 km,3.5,震度１,36.28666667,141.0283333
2009/1/17,17:48:38,岩手県内陸南部,38°58.4′N,140°51.8′E,5 km,2.8,震度１,38.97333333,140.8633333
2009/1/17,20:30:05,岩手県内陸南部,39°02.7′N,141°03.0′E,10 km,2.8,震度１,39.045,141.05
2009/1/18,3:30:55,岩手県内陸南部,38°59.0′N,140°50.9′E,4 km,3.3,震度１,38.98333333,140.8483333
2009/1/18,6:03:29,兵庫県南西部,34°52.7′N,134°42.6′E,13 km,2.6,震度１,34.87833333,134.71
2009/1/18,7:46:01,宮城県北部,38°53.7′N,140°51.7′E,7 km,3,震度１,38.895,140.8616667
2009/1/18,17:14:31,伊豆大島近海,34°44.0′N,139°17.3′E,6 km,1.9,震度１,34.73333333,139.2883333
2009/1/18,18:05:52,新潟県上中越沖,37°21.9′N,138°23.5′E,17 km,3.1,震度１,37.365,138.3916667
2009/1/18,18:36:35,茨城県北部,36°31.1′N,140°34.3′E,57 km,3.9,震度２,36.51833333,140.5716667
2009/1/19,2:09:38,伊予灘,33°41.0′N,132°09.9′E,54 km,3.7,震度２,33.68333333,132.165
2009/1/19,3:16:52,父島近海,26°38.5′N,141°47.8′E,36 km,4.1,震度１,26.64166667,141.7966667
2009/1/19,20:13:57,関東東方沖,34°40.5′N,141°47.7′E,43 km,4.9,震度１,34.675,141.795
2009/1/19,21:10:59,奄美大島近海,28°31.0′N,129°30.8′E,21 km,3.7,震度２,28.51666667,129.5133333
2009/1/20,2:07:48,宮古島近海,24°08.0′N,125°07.7′E,40 km,4.6,震度１,24.13333333,125.1283333
2009/1/20,17:32:15,豊後水道,32°54.7′N,132°37.2′E,30 km,3.1,震度１,32.91166667,132.62
2009/1/21,16:09:28,宮城県沖,37°48.2′N,142°02.0′E,36 km,4.1,震度２,37.80333333,142.0333333
2009/1/22,5:01:20,根室半島南東沖,43°03.6′N,145°30.2′E,52 km,3.5,震度１,43.06,145.5033333
2009/1/22,21:21:01,三宅島近海,34°20.0′N,139°30.3′E,143 km,4.7,震度２,34.33333333,139.505
2009/1/23,0:24:36,種子島南東沖,30°05.1′N,131°19.5′E,36 km,4.3,震度１,30.085,131.325
2009/1/23,1:00:54,根室半島南東沖,43°19.0′N,146°07.8′E,51 km,3.5,震度１,43.31666667,146.13
2009/1/23,15:08:41,宮城県沖,38°30.7′N,142°03.1′E,82 km,3.8,震度２,38.51166667,142.0516667
2009/1/24,8:41:45,熊本県天草・芦北地方,32°25.8′N,130°27.5′E,13 km,2.7,震度１,32.43,130.4583333
2009/1/24,11:38:58,宮古島近海,24°46.7′N,125°44.4′E,50 km,5.1,震度３,24.77833333,125.74
2009/1/24,12:47:03,京都府南部,35°03.1′N,135°35.5′E,12 km,2.5,震度１,35.05166667,135.5916667
2009/1/24,13:54:44,熊本県熊本地方,32°32.6′N,130°56.7′E,12 km,2.8,震度１,32.54333333,130.945
2009/1/24,15:16:24,宮城県北部,38°52.6′N,140°50.6′E,6 km,2.5,震度１,38.87666667,140.8433333
2009/1/24,18:32:07,宮城県南部,38°13.8′N,140°33.1′E,138 km,3.7,震度１,38.23,140.5516667
2009/1/24,21:44:21,択捉島南東沖,44°29.2′N,148°07.9′E,61 km,4.8,震度１,44.48666667,148.1316667
2009/1/25,2:33:38,伊予灘,33°33.6′N,131°52.6′E,78 km,4.4,震度２,33.56,131.8766667
2009/1/25,11:43:20,長野県北部,36°49.7′N,138°11.0′E,8 km,2.9,震度３,36.82833333,138.1833333
2009/1/25,16:30:31,兵庫県南東部,34°43.6′N,135°21.7′E,4 km,2.2,震度１,34.72666667,135.3616667
2009/1/26,17:54:23,栃木県南部,36°27.0′N,139°34.9′E,136 km,4.4,震度２,36.45,139.5816667
2009/1/26,22:57:50,トカラ列島近海,29°42.0′N,130°01.2′E,93 km,3.5,震度１,29.7,130.02
2009/1/27,17:42:16,栃木県北部,36°48.8′N,139°27.7′E,4 km,2.1,震度１,36.81333333,139.4616667
2009/1/27,17:44:36,福井県嶺北,35°57.4′N,136°38.7′E,4 km,3.1,震度２,35.95666667,136.645
2009/1/27,18:05:36,栃木県北部,36°48.8′N,139°27.7′E,4 km,2.3,震度１,36.81333333,139.4616667
2009/1/27,21:57:25,福井県嶺北,35°57.5′N,136°38.7′E,4 km,2.7,震度１,35.95833333,136.645
2009/1/27,22:07:20,宮城県沖,38°56.8′N,141°56.8′E,59 km,3.2,震度１,38.94666667,141.9466667
2009/1/28,6:21:05,福岡県福岡地方,33°28.2′N,130°24.1′E,12 km,2.8,震度１,33.47,130.4016667
2009/1/29,8:56:05,千葉県東方沖,35°38.8′N,140°39.6′E,51 km,4.3,震度３,35.64666667,140.66
2009/1/29,9:05:49,千葉県東方沖,35°39.2′N,140°39.4′E,50 km,4,震度２,35.65333333,140.6566667
2009/1/29,15:37:30,留萌地方中北部,44°31.4′N,141°49.1′E,19 km,3.6,震度１,44.52333333,141.8183333
2009/1/29,22:16:43,福井県嶺北,36°12.4′N,136°14.3′E,11 km,2.5,震度１,36.20666667,136.2383333
2009/1/30,1:14:08,大阪湾,34°28.6′N,135°00.4′E,10 km,3,震度２,34.47666667,135.0066667
2009/1/30,4:59:42,神奈川県東部,35°38.7′N,139°32.4′E,27 km,3.9,震度２,35.645,139.54
2009/1/31,4:07:25,十勝沖,42°22.2′N,143°35.4′E,55 km,4.2,震度３,42.37,143.59
2009/1/31,6:03:58,千葉県北西部,35°43.3′N,140°13.1′E,67 km,3.3,震度１,35.72166667,140.2183333
2009/2/1,6:51:52,茨城県沖,36°43.0′N,141°16.7′E,47 km,5.8,震度４,36.71666667,141.2783333
2009/2/1,6:58:19,茨城県沖,36°44.0′N,141°15.1′E,45 km,3.6,震度１,36.73333333,141.2516667
2009/2/1,14:43:40,千葉県南部,35°24.8′N,140°04.5′E,64 km,3.7,震度２,35.41333333,140.075
2009/2/1,16:08:59,沖縄本島近海,27°11.7′N,128°25.8′E,55 km,4.2,震度１,27.195,128.43
2009/2/1,18:32:46,宮城県沖,37°52.2′N,142°29.9′E,33 km,5.2,震度２,37.87,142.4983333
2009/2/1,19:19:15,釧路沖,42°18.7′N,144°33.7′E,36 km,4,震度１,42.31166667,144.5616667
2009/2/2,5:45:16,宮城県沖,38°56.3′N,141°40.1′E,69 km,3.5,震度１,38.93833333,141.6683333
2009/2/2,8:08:50,神奈川県西部,35°13.1′N,139°01.8′E,5 km,2.3,震度１,35.21833333,139.03
2009/2/2,19:28:54,釧路沖,42°35.6′N,144°06.3′E,65 km,3.5,震度２,42.59333333,144.105
2009/2/2,19:54:11,宗谷地方北部,45°12.5′N,141°51.3′E,0 km,1.9,震度１,45.20833333,141.855
2009/2/3,1:03:15,釧路沖,42°53.6′N,145°28.7′E,44 km,3.8,震度１,42.89333333,145.4783333
2009/2/3,15:30:52,日高地方東部,42°18.7′N,143°01.1′E,52 km,3.3,震度１,42.31166667,143.0183333
2009/2/4,0:22:45,三陸沖,38°26.6′N,143°12.3′E,18 km,4.3,震度１,38.44333333,143.205
2009/2/4,2:01:58,北海道南西沖,41°32.8′N,139°57.3′E,10 km,3.9,震度３,41.54666667,139.955
2009/2/4,7:14:37,北海道南西沖,41°32.8′N,139°57.2′E,10 km,3.6,震度２,41.54666667,139.9533333
2009/2/4,12:54:05,根室半島南東沖,43°12.7′N,145°43.9′E,59 km,3.2,震度１,43.21166667,145.7316667
2009/2/5,2:55:57,宮城県北部,38°53.4′N,140°52.2′E,8 km,2.5,震度１,38.89,140.87
2009/2/5,5:41:50,和歌山県南方沖,33°12.0′N,135°20.6′E,32 km,4.2,震度２,33.2,135.3433333
2009/2/6,5:57:05,和歌山県北部,34°13.0′N,135°18.7′E,6 km,3.4,震度２,34.21666667,135.3116667
2009/2/6,11:43:26,山梨県中・西部,35°53.6′N,138°44.6′E,10 km,2.2,震度１,35.89333333,138.7433333
2009/2/6,12:10:27,沖縄本島近海,26°20.6′N,127°05.8′E,9 km,3.3,震度２,26.34333333,127.0966667
2009/2/6,14:38:23,宗谷地方北部,45°12.5′N,141°50.6′E,0 km,3,震度２,45.20833333,141.8433333
2009/2/7,0:19:29,愛知県西部,35°11.6′N,136°45.9′E,15 km,3.1,震度２,35.19333333,136.765
2009/2/7,12:03:41,北海道東方沖,43°54.9′N,147°28.7′E,13 km,4.8,震度１,43.915,147.4783333
2009/2/7,13:43:25,宮城県中部,38°23.1′N,141°07.6′E,12 km,2.6,震度１,38.385,141.1266667
2009/2/7,19:47:51,和歌山県北部,34°06.2′N,135°09.5′E,6 km,1.9,震度１,34.10333333,135.1583333
2009/2/8,1:43:53,瀬戸内海中部,34°01.8′N,133°28.9′E,12 km,3.2,震度１,34.03,133.4816667
2009/2/8,9:26:32,沖縄本島北西沖,27°11.2′N,126°46.2′E,11 km,4.9,震度１,27.18666667,126.77
2009/2/8,9:56:59,宮城県沖,38°47.5′N,141°38.3′E,64 km,3.1,震度１,38.79166667,141.6383333
2009/2/9,2:27:48,青森県東方沖,41°28.9′N,141°58.9′E,62 km,3.4,震度１,41.48166667,141.9816667
2009/2/9,3:29:09,岩手県内陸南部,39°15.1′N,140°54.8′E,8 km,3.2,震度１,39.25166667,140.9133333
2009/2/9,11:59:20,熊本県熊本地方,32°36.8′N,130°42.3′E,6 km,3.3,震度３,32.61333333,130.705
2009/2/9,12:02:16,熊本県熊本地方,32°37.0′N,130°42.0′E,5 km,1.7,震度１,32.61666667,130.7
2009/2/10,1:37:40,駿河湾南方沖,34°35.9′N,138°50.8′E,8 km,2.4,震度１,34.59833333,138.8466667
2009/2/10,2:23:02,宮崎県北部平野部,32°13.2′N,131°32.8′E,17 km,3.3,震度２,32.22,131.5466667
2009/2/10,16:28:39,岩手県内陸北部,40°07.7′N,141°09.7′E,7 km,2.6,震度１,40.12833333,141.1616667
2009/2/10,20:52:25,茨城県南部,35°58.8′N,140°13.5′E,41 km,3,震度１,35.98,140.225
2009/2/11,5:33:29,兵庫県南西部,34°58.2′N,134°36.8′E,14 km,3.2,震度１,34.97,134.6133333
2009/2/11,14:52:33,千島列島,44°51.0′N,150°01.1′E,118 km,4.9,震度１,44.85,150.0183333
2009/2/11,15:04:12,茨城県南部,36°00.8′N,139°56.9′E,43 km,3.3,震度１,36.01333333,139.9483333
2009/2/11,16:36:55,宮崎県北部平野部,32°13.3′N,131°32.9′E,17 km,2.7,震度１,32.22166667,131.5483333
2009/2/11,19:07:18,福島県沖,37°06.0′N,141°06.9′E,51 km,4.1,震度２,37.1,141.115
2009/2/12,0:59:23,相模湾,35°10.1′N,139°33.1′E,46 km,3.1,震度１,35.16833333,139.5516667
2009/2/12,1:48:10,三重県北部,34°59.6′N,136°39.8′E,11 km,2.9,震度２,34.99333333,136.6633333
2009/2/12,8:48:09,北海道東方沖,43°46.3′N,147°39.8′E,0 km,4.9,震度１,43.77166667,147.6633333
2009/2/13,1:00:11,宮城県沖,38°47.4′N,141°35.0′E,75 km,3.4,震度１,38.79,141.5833333
2009/2/13,15:32:02,新島・神津島近海,34°20.8′N,139°08.5′E,0 km,1.6,震度１,34.34666667,139.1416667
2009/2/13,19:22:54,薩摩半島西方沖,31°16.4′N,130°11.0′E,2 km,2.7,震度１,31.27333333,130.1833333
2009/2/13,23:16:34,和歌山県北部,34°14.2′N,135°09.1′E,7 km,2.1,震度１,34.23666667,135.1516667
2009/2/15,1:41:08,愛知県東部,35°12.6′N,137°42.0′E,46 km,3,震度１,35.21,137.7
2009/2/15,15:03:40,千葉県東方沖,35°41.3′N,140°48.6′E,25 km,3.3,震度１,35.68833333,140.81
2009/2/15,18:24:32,岩手県沖,40°15.0′N,142°25.4′E,36 km,5.9,震度４,40.25,142.4233333
2009/2/15,18:36:52,渡島地方東部,41°54.7′N,140°59.9′E,10 km,2.6,震度１,41.91166667,140.9983333
2009/2/15,21:54:13,福島県沖,37°42.1′N,142°08.3′E,33 km,4.5,震度１,37.70166667,142.1383333
2009/2/16,0:46:15,岩手県沖,40°18.3′N,141°57.5′E,72 km,3.7,震度２,40.305,141.9583333
2009/2/16,3:06:37,千葉県南東沖,34°51.8′N,139°51.7′E,48 km,3.5,震度２,34.86333333,139.8616667
2009/2/16,7:39:04,宮城県沖,38°11.0′N,141°41.4′E,50 km,4,震度２,38.18333333,141.69
2009/2/16,17:31:24,岐阜県美濃中西部,35°34.3′N,136°23.7′E,12 km,2.7,震度１,35.57166667,136.395
2009/2/16,22:59:18,山梨県中・西部,35°24.7′N,138°32.8′E,20 km,3.8,震度３,35.41166667,138.5466667
2009/2/17,4:54:28,千葉県南部,35°16.5′N,140°13.6′E,31 km,4.6,震度４,35.275,140.2266667
2009/2/17,9:12:57,福島県沖,37°31.1′N,141°27.5′E,48 km,4.9,震度４,37.51833333,141.4583333
2009/2/17,19:26:35,十勝地方中部,42°54.7′N,143°44.4′E,112 km,3.6,震度１,42.91166667,143.74
2009/2/18,1:44:26,山梨県中・西部,35°25.0′N,138°32.7′E,19 km,3.5,震度２,35.41666667,138.545
2009/2/18,6:47:07,岐阜県美濃中西部,35°39.7′N,136°18.8′E,9 km,5.2,震度４,35.66166667,136.3133333
2009/2/18,21:45:28,宮城県沖,38°17.4′N,141°51.3′E,47 km,4.1,震度２,38.29,141.855
2009/2/18,22:56:59,岐阜県美濃中西部,35°39.9′N,136°19.9′E,10 km,2.6,震度１,35.665,136.3316667
2009/2/18,23:35:24,岩手県内陸南部,39°00.1′N,140°54.0′E,7 km,3.4,震度１,39.00166667,140.9
2009/2/19,6:04:45,茨城県北部,36°21.4′N,140°33.2′E,62 km,3.8,震度３,36.35666667,140.5533333
2009/2/19,13:07:25,相模湾,35°08.4′N,139°08.0′E,0 km,2.1,震度１,35.14,139.1333333
2009/2/19,14:15:02,和歌山県北部,33°58.3′N,135°11.1′E,9 km,2.8,震度１,33.97166667,135.185
2009/2/19,18:11:15,北海道西方沖,44°08.1′N,141°39.2′E,0 km,2.3,震度１,44.135,141.6533333
2009/2/19,21:53:15,淡路島付近,34°25.7′N,134°49.4′E,15 km,2.5,震度１,34.42833333,134.8233333
2009/2/19,22:02:09,栃木県北部,36°38.6′N,139°29.3′E,9 km,2.6,震度２,36.64333333,139.4883333
2009/2/19,23:26:49,千葉県南部,35°15.9′N,140°11.6′E,36 km,3.1,震度１,35.265,140.1933333
2009/2/20,0:13:35,紀伊水道,33°50.0′N,134°59.6′E,13 km,3.4,震度１,33.83333333,134.9933333
2009/2/20,4:00:42,三陸沖,40°25.3′N,143°47.9′E,27 km,4.8,震度１,40.42166667,143.7983333
2009/2/20,18:17:21,茨城県南部,35°59.2′N,140°05.6′E,64 km,4.4,震度３,35.98666667,140.0933333
2009/2/21,7:17:22,岐阜県美濃中西部,35°39.5′N,136°18.3′E,10 km,3.6,震度２,35.65833333,136.305
2009/2/21,7:29:07,宮城県沖,38°54.4′N,142°07.8′E,44 km,3.7,震度１,38.90666667,142.13
2009/2/21,7:34:29,岐阜県美濃中西部,35°39.4′N,136°18.3′E,10 km,2.9,震度１,35.65666667,136.305
2009/2/21,9:12:56,奄美大島北東沖,28°52.6′N,130°53.4′E,73 km,5.2,震度１,28.87666667,130.89
2009/2/21,13:30:33,青森県東方沖,40°53.9′N,142°07.6′E,51 km,3.6,震度１,40.89833333,142.1266667
2009/2/21,18:22:47,茨城県沖,36°10.5′N,140°55.6′E,43 km,3.5,震度２,36.175,140.9266667
2009/2/21,19:43:53,三宅島近海,34°05.1′N,139°32.0′E,2 km,1.7,震度１,34.085,139.5333333
2009/2/21,23:38:15,兵庫県南西部,34°59.2′N,134°43.9′E,14 km,2.9,震度１,34.98666667,134.7316667
2009/2/22,11:03:49,岐阜県美濃東部,35°47.8′N,137°22.9′E,9 km,2.7,震度１,35.79666667,137.3816667
2009/2/22,12:40:49,岐阜県美濃中西部,35°34.4′N,136°23.7′E,13 km,3.7,震度３,35.57333333,136.395
2009/2/22,18:40:02,宮城県北部,38°49.4′N,140°48.4′E,5 km,2.6,震度１,38.82333333,140.8066667
2009/2/22,23:24:10,十勝沖,41°42.8′N,144°13.0′E,34 km,5.4,震度２,41.71333333,144.2166667
2009/2/23,0:00:33,内浦湾,41°56.6′N,140°59.3′E,10 km,2.7,震度１,41.94333333,140.9883333
2009/2/23,3:43:40,和歌山県北部,33°59.1′N,135°13.8′E,7 km,2.5,震度１,33.985,135.23
2009/2/23,3:57:54,西表島付近,24°09.4′N,123°51.9′E,16 km,3.1,震度１,24.15666667,123.865
2009/2/23,4:49:42,奄美大島近海,28°00.8′N,128°47.2′E,39 km,3.2,震度２,28.01333333,128.7866667
2009/2/23,5:21:46,宮城県北部,38°52.2′N,140°51.7′E,6 km,2.4,震度１,38.87,140.8616667
2009/2/23,17:15:11,兵庫県南西部,34°58.2′N,134°36.8′E,14 km,3,震度１,34.97,134.6133333
2009/2/24,11:52:18,新潟県中越地方,37°31.7′N,138°42.4′E,11 km,3.4,震度４,37.52833333,138.7066667
2009/2/24,15:50:00,兵庫県南西部,34°50.7′N,134°29.6′E,8 km,3.2,震度２,34.845,134.4933333
2009/2/25,16:11:35,青森県東方沖,41°32.9′N,142°04.4′E,64 km,3.7,震度１,41.54833333,142.0733333
2009/2/25,17:02:57,新潟県中越地方,37°07.9′N,138°43.0′E,10 km,2.4,震度２,37.13166667,138.7166667
2009/2/26,5:52:44,茨城県沖,36°24.3′N,141°00.3′E,47 km,4.2,震度２,36.405,141.005
2009/2/26,12:27:51,網走地方,43°42.0′N,144°43.9′E,0 km,2.8,震度１,43.7,144.7316667
2009/2/26,17:35:47,渡島地方東部,41°54.9′N,140°59.8′E,10 km,2.4,震度１,41.915,140.9966667
2009/2/26,18:35:52,内浦湾,41°54.9′N,141°00.2′E,11 km,2,震度１,41.915,141.0033333
2009/2/27,18:23:45,福島県沖,37°21.1′N,141°15.7′E,54 km,3.6,震度１,37.35166667,141.2616667
2009/2/27,19:33:06,和歌山県北部,34°15.2′N,135°12.1′E,6 km,2.3,震度１,34.25333333,135.2016667
2009/2/28,2:30:13,茨城県北部,36°27.2′N,140°35.6′E,55 km,4.2,震度２,36.45333333,140.5933333
2009/2/28,6:51:52,宮城県北部,38°37.1′N,141°27.7′E,73 km,3.1,震度１,38.61833333,141.4616667
2009/2/28,9:35:55,日高地方西部,42°35.0′N,142°11.3′E,113 km,5.3,震度４,42.58333333,142.1883333
2009/2/28,15:27:10,宮城県中部,38°23.2′N,141°07.6′E,12 km,3,震度２,38.38666667,141.1266667
2009/2/28,15:35:15,長野県南部,35°51.3′N,137°39.0′E,11 km,2.4,震度１,35.855,137.65
2009/3/1,13:34:47,宮城県沖,38°31.8′N,142°04.4′E,79 km,3.7,震度１,38.53,142.0733333
2009/3/2,23:53:23,国後島付近,43°46.4′N,145°13.6′E,124 km,3.2,震度１,43.77333333,145.2266667
2009/3/3,4:42:44,宮城県北部,38°40.9′N,141°10.0′E,93 km,3.4,震度１,38.68166667,141.1666667
2009/3/3,19:27:26,奄美大島近海,28°17.6′N,129°30.2′E,38 km,3.5,震度１,28.29333333,129.5033333
2009/3/3,21:14:31,父島近海,26°57.8′N,142°47.1′E,82 km,4.1,震度１,26.96333333,142.785
2009/3/4,8:32:35,福井県嶺北,35°46.3′N,136°09.0′E,11 km,3.4,震度１,35.77166667,136.15
2009/3/4,19:04:32,茨城県沖,35°53.6′N,140°51.1′E,39 km,4.2,震度２,35.89333333,140.8516667
2009/3/5,3:13:49,奄美大島近海,28°19.4′N,129°31.3′E,29 km,3.8,震度２,28.32333333,129.5216667
2009/3/5,5:59:56,島根県東部,35°22.5′N,133°15.4′E,11 km,2,震度１,35.375,133.2566667
2009/3/5,6:15:13,父島近海,26°54.6′N,142°37.6′E,63 km,4.4,震度１,26.91,142.6266667
2009/3/5,17:43:21,宮城県北部,38°45.5′N,140°46.7′E,4 km,3.4,震度２,38.75833333,140.7783333
2009/3/5,19:49:51,静岡県中部,35°16.8′N,138°22.4′E,24 km,2.9,震度１,35.28,138.3733333
2009/3/5,21:47:37,渡島地方東部,41°54.9′N,140°59.7′E,11 km,2,震度１,41.915,140.995
2009/3/6,19:11:57,鹿児島県薩摩地方,31°14.2′N,130°37.8′E,8 km,3,震度１,31.23666667,130.63
2009/3/6,20:09:35,鹿児島県薩摩地方,31°14.8′N,130°38.1′E,8 km,2.7,震度１,31.24666667,130.635
2009/3/6,20:55:44,鹿児島県薩摩地方,31°14.8′N,130°37.8′E,8 km,2.7,震度１,31.24666667,130.63
2009/3/6,21:06:05,奄美大島近海,28°06.9′N,129°06.6′E,13 km,3.4,震度１,28.115,129.11
2009/3/7,2:26:17,福井県嶺北,36°12.5′N,136°14.3′E,11 km,2.8,震度２,36.20833333,136.2383333
2009/3/7,21:31:48,福岡県北西沖,33°43.2′N,130°13.6′E,8 km,3.1,震度２,33.72,130.2266667
2009/3/7,21:32:55,熊本県熊本地方,32°37.0′N,130°42.1′E,6 km,2.7,震度３,32.61666667,130.7016667
2009/3/7,23:33:05,十勝沖,41°47.7′N,143°49.3′E,39 km,5.4,震度３,41.795,143.8216667
2009/3/8,6:02:20,京都府南部,34°55.5′N,135°34.0′E,15 km,3.8,震度２,34.925,135.5666667
2009/3/8,10:05:28,宮城県北部,38°48.9′N,140°47.8′E,4 km,2.5,震度１,38.815,140.7966667
2009/3/8,14:45:56,奄美大島近海,28°05.1′N,130°22.0′E,25 km,4.4,震度１,28.085,130.3666667
2009/3/8,17:43:04,愛知県西部,35°11.0′N,137°18.4′E,13 km,2.6,震度１,35.18333333,137.3066667
2009/3/8,22:34:22,宮城県中部,38°18.8′N,140°59.4′E,86 km,3.8,震度１,38.31333333,140.99
2009/3/9,15:58:34,新島・神津島近海,34°14.9′N,139°13.2′E,10 km,2,震度１,34.24833333,139.22
2009/3/9,16:04:56,沖縄本島近海,27°24.4′N,128°57.2′E,35 km,3.4,震度１,27.40666667,128.9533333
2009/3/9,21:41:17,伊豆大島近海,34°48.4′N,139°13.3′E,9 km,2.2,震度１,34.80666667,139.2216667
2009/3/10,2:52:26,広島県南西部,34°22.4′N,132°42.4′E,20 km,2.7,震度１,34.37333333,132.7066667
2009/3/10,10:41:06,十勝地方南部,42°21.6′N,143°06.4′E,49 km,4.1,震度２,42.36,143.1066667
2009/3/10,16:45:38,国後島付近,44°25.7′N,146°29.3′E,164 km,4.5,震度１,44.42833333,146.4883333
2009/3/11,1:21:37,宮城県南部,37°55.1′N,140°48.7′E,85 km,3.6,震度２,37.91833333,140.8116667
2009/3/11,8:26:39,北海道南西沖,41°19.1′N,140°01.9′E,9 km,3.3,震度１,41.31833333,140.0316667
2009/3/12,3:50:47,宗谷東方沖,45°20.8′N,142°45.3′E,3 km,3.9,震度１,45.34666667,142.755
2009/3/12,3:59:28,宮古島近海,24°32.8′N,125°40.1′E,48 km,4.1,震度１,24.54666667,125.6683333
2009/3/12,7:38:54,栃木県南部,36°24.7′N,139°55.6′E,87 km,3.4,震度１,36.41166667,139.9266667
2009/3/12,17:41:14,北見地方,43°42.7′N,143°32.1′E,13 km,3,震度２,43.71166667,143.535
2009/3/13,2:14:17,奄美大島近海,28°16.9′N,129°19.9′E,25 km,3.3,震度１,28.28166667,129.3316667
2009/3/13,4:33:53,兵庫県南西部,34°58.1′N,134°37.0′E,14 km,3.2,震度１,34.96833333,134.6166667
2009/3/13,11:02:28,奄美大島近海,28°02.4′N,129°05.8′E,49 km,3.9,震度２,28.04,129.0966667
2009/3/13,21:21:54,東京湾,35°09.6′N,139°48.8′E,88 km,3.9,震度２,35.16,139.8133333
2009/3/13,23:05:13,小笠原諸島西方沖,26°25.5′N,141°19.8′E,31 km,4.5,震度１,26.425,141.33
2009/3/14,11:11:23,宮城県沖,38°14.1′N,141°41.6′E,50 km,3.2,震度１,38.235,141.6933333
2009/3/15,17:00:10,岐阜県飛騨地方,36°06.9′N,137°33.4′E,4 km,2.8,震度１,36.115,137.5566667
2009/3/15,19:25:10,岐阜県飛騨地方,36°07.0′N,137°33.4′E,4 km,2.4,震度１,36.11666667,137.5566667
2009/3/15,21:46:28,岐阜県飛騨地方,36°07.0′N,137°33.4′E,4 km,2.3,震度１,36.11666667,137.5566667
2009/3/16,5:22:36,岐阜県飛騨地方,36°07.0′N,137°33.5′E,4 km,2.2,震度１,36.11666667,137.5583333
2009/3/16,5:46:24,津軽海峡,41°42.0′N,140°40.3′E,16 km,2.3,震度１,41.7,140.6716667
2009/3/16,5:53:48,宮崎県北部平野部,32°13.0′N,131°32.7′E,18 km,3,震度２,32.21666667,131.545
2009/3/16,12:46:53,根室半島南東沖,43°17.4′N,145°44.4′E,58 km,3.7,震度１,43.29,145.74
2009/3/17,6:43:05,鹿児島県薩摩地方,32°13.2′N,130°18.2′E,9 km,3.2,震度２,32.22,130.3033333
2009/3/17,6:47:05,鹿児島県薩摩地方,32°13.1′N,130°18.2′E,9 km,3,震度２,32.21833333,130.3033333
2009/3/17,9:40:02,宮城県沖,38°00.5′N,142°37.5′E,34 km,4.6,震度１,38.00833333,142.625
2009/3/17,13:17:56,紀伊水道,34°09.8′N,135°03.2′E,11 km,2.8,震度１,34.16333333,135.0533333
2009/3/17,19:21:27,鹿児島県薩摩地方,31°18.8′N,130°35.4′E,5 km,2.6,震度１,31.31333333,130.59
2009/3/17,20:14:13,鳥取県西部,35°14.5′N,133°17.0′E,8 km,2.8,震度１,35.24166667,133.2833333
2009/3/18,15:26:00,福岡県北西沖,33°43.3′N,130°13.5′E,7 km,2.6,震度１,33.72166667,130.225
2009/3/18,22:08:18,鹿児島県薩摩地方,32°13.0′N,130°18.2′E,9 km,2.4,震度１,32.21666667,130.3033333
2009/3/19,7:57:30,岩手県内陸南部,39°03.9′N,140°55.3′E,7 km,3.1,震度１,39.065,140.9216667
2009/3/19,8:11:36,日向灘,32°32.2′N,131°55.9′E,36 km,4,震度２,32.53666667,131.9316667
2009/3/19,12:10:09,トカラ列島近海,29°37.0′N,129°41.4′E,13 km,3,震度２,29.61666667,129.69
2009/3/19,12:17:55,トカラ列島近海,29°36.8′N,129°43.2′E,11 km,2.5,震度２,29.61333333,129.72
2009/3/19,19:40:07,薩摩半島西方沖,31°51.0′N,129°23.5′E,11 km,4.3,震度２,31.85,129.3916667
2009/3/20,8:30:31,三河湾,34°47.6′N,137°07.4′E,7 km,3.2,震度２,34.79333333,137.1233333
2009/3/20,11:47:37,福岡県北西沖,33°45.4′N,130°07.7′E,13 km,3,震度１,33.75666667,130.1283333
2009/3/20,15:52:15,釧路沖,42°36.0′N,144°32.1′E,64 km,5,震度３,42.6,144.535
2009/3/20,20:56:17,トカラ列島近海,29°27.9′N,129°33.4′E,14 km,2.3,震度１,29.465,129.5566667
2009/3/22,4:58:19,沖縄本島近海,26°03.0′N,128°38.0′E,48 km,4.3,震度１,26.05,128.6333333
2009/3/22,6:47:56,石川県西方沖,37°06.3′N,136°24.0′E,7 km,3.7,震度１,37.105,136.4
2009/3/22,23:45:46,沖縄本島近海,26°01.5′N,128°40.0′E,50 km,5.3,震度２,26.025,128.6666667
2009/3/24,4:53:39,福島県沖,37°14.9′N,141°51.2′E,39 km,4.2,震度１,37.24833333,141.8533333
2009/3/24,12:21:14,紀伊水道,34°09.1′N,135°04.4′E,10 km,3.5,震度３,34.15166667,135.0733333
2009/3/24,15:17:37,岩手県沖,39°38.0′N,142°06.6′E,48 km,3.8,震度２,39.63333333,142.11
2009/3/24,15:49:26,紀伊水道,34°08.7′N,135°04.3′E,10 km,3.3,震度２,34.145,135.0716667
2009/3/25,2:28:40,硫黄島近海,25°43.7′N,140°22.6′E,48 km,5.5,震度１,25.72833333,140.3766667
2009/3/25,10:23:14,宮城県沖,38°16.6′N,141°54.3′E,46 km,3.9,震度１,38.27666667,141.905
2009/3/25,15:26:16,茨城県南部,36°01.1′N,139°56.7′E,44 km,4,震度３,36.01833333,139.945
2009/3/25,15:26:57,岩手県内陸南部,39°05.5′N,140°57.2′E,7 km,2.9,震度１,39.09166667,140.9533333
2009/3/25,19:46:09,熊本県熊本地方,32°32.6′N,130°56.8′E,12 km,3.5,震度１,32.54333333,130.9466667
2009/3/27,4:19:58,沖縄本島北西沖,27°27.9′N,126°48.7′E,139 km,5.6,震度２,27.465,126.8116667
2009/3/27,5:35:04,渡島地方東部,41°54.9′N,140°59.8′E,10 km,1.9,震度１,41.915,140.9966667
2009/3/28,1:23:18,群馬県南部,36°21.7′N,139°20.1′E,133 km,3.7,震度１,36.36166667,139.335
2009/3/28,7:11:52,宮城県北部,38°41.8′N,140°39.2′E,8 km,2.7,震度１,38.69666667,140.6533333
2009/3/28,12:27:36,伊予灘,33°35.2′N,131°49.5′E,83 km,3.9,震度２,33.58666667,131.825
2009/3/28,12:34:38,和歌山県北部,34°10.3′N,135°16.6′E,3 km,1.8,震度１,34.17166667,135.2766667
2009/3/28,19:41:02,滋賀県北部,35°29.7′N,135°59.7′E,12 km,3.1,震度２,35.495,135.995
2009/3/28,22:53:29,愛媛県中予,33°50.9′N,132°44.2′E,44 km,3.7,震度１,33.84833333,132.7366667
2009/3/31,5:32:28,根室半島南東沖,43°07.4′N,145°49.5′E,46 km,3.7,震度２,43.12333333,145.825
2009/3/31,21:30:19,奄美大島近海,28°15.0′N,129°11.2′E,13 km,3,震度１,28.25,129.1866667
2009/4/2,7:26:02,紀伊水道,34°12.2′N,135°07.6′E,7 km,2.4,震度１,34.20333333,135.1266667
2009/4/2,17:39:33,宮古島近海,24°42.6′N,125°50.6′E,54 km,5.1,震度２,24.71,125.8433333
2009/4/3,1:45:35,千葉県南東沖,34°50.5′N,140°25.2′E,80 km,3.8,震度１,34.84166667,140.42
2009/4/3,5:40:14,沖縄本島近海,26°10.0′N,128°28.1′E,36 km,4.4,震度２,26.16666667,128.4683333
2009/4/3,8:43:52,茨城県南部,36°11.0′N,139°47.7′E,55 km,3.7,震度２,36.18333333,139.795
2009/4/3,12:30:28,紀伊水道,34°13.2′N,135°08.3′E,9 km,2,震度１,34.22,135.1383333
2009/4/3,22:55:41,福島県会津,37°25.8′N,139°41.3′E,3 km,2.2,震度１,37.43,139.6883333
2009/4/4,20:24:02,紀伊水道,34°02.2′N,135°06.6′E,6 km,2.4,震度１,34.03666667,135.11
2009/4/5,4:38:39,岐阜県飛騨地方,36°02.9′N,137°30.9′E,7 km,2.2,震度１,36.04833333,137.515
2009/4/5,10:39:48,胆振地方中東部,42°43.4′N,142°08.0′E,105 km,3.3,震度１,42.72333333,142.1333333
2009/4/5,13:56:28,群馬県北部,36°35.7′N,139°10.7′E,11 km,3.4,震度３,36.595,139.1783333
2009/4/5,16:40:57,和歌山県南部,34°03.5′N,135°35.5′E,61 km,3.2,震度１,34.05833333,135.5916667
2009/4/5,17:00:26,日高地方東部,42°18.9′N,143°00.2′E,54 km,4.8,震度３,42.315,143.0033333
2009/4/5,18:36:26,日向灘,31°55.7′N,131°53.6′E,28 km,5.6,震度４,31.92833333,131.8933333
2009/4/5,18:53:18,日向灘,31°56.1′N,131°52.3′E,27 km,4.3,震度１,31.935,131.8716667
2009/4/6,1:44:08,宮城県沖,38°47.4′N,141°36.3′E,73 km,3.4,震度１,38.79,141.605
2009/4/6,2:50:05,岩手県内陸南部,39°07.0′N,140°58.2′E,8 km,3.9,震度２,39.11666667,140.97
2009/4/6,11:31:20,岩手県沖,39°11.6′N,142°23.2′E,33 km,4.4,震度２,39.19333333,142.3866667
2009/4/7,9:37:52,山梨県中・西部,35°51.7′N,138°46.4′E,12 km,2.7,震度１,35.86166667,138.7733333
2009/4/7,13:23:30,千島列島,46°00.4′N,152°11.5′E,30 km,6.7,震度３,46.00666667,152.1916667
2009/4/8,10:13:20,千葉県北東部,35°25.9′N,140°22.2′E,27 km,3.3,震度２,35.43166667,140.37
2009/4/8,17:56:44,宮崎県北部平野部,32°13.1′N,131°32.6′E,17 km,2.5,震度１,32.21833333,131.5433333
2009/4/9,3:53:42,日高地方西部,42°44.1′N,142°21.8′E,26 km,3,震度１,42.735,142.3633333
2009/4/9,4:20:40,茨城県南部,35°55.4′N,140°08.0′E,63 km,3.6,震度１,35.92333333,140.1333333
2009/4/9,6:40:27,新潟県中越地方,37°16.3′N,138°56.5′E,11 km,2.6,震度１,37.27166667,138.9416667
2009/4/9,19:26:31,日高地方東部,42°13.7′N,142°54.9′E,55 km,3.9,震度１,42.22833333,142.915
2009/4/10,2:12:50,静岡県伊豆地方,35°02.1′N,139°05.1′E,4 km,2.2,震度１,35.035,139.085
2009/4/10,3:34:13,岩手県沿岸北部,39°45.4′N,141°51.0′E,57 km,3.6,震度１,39.75666667,141.85
2009/4/10,17:24:13,徳島県南部,33°49.6′N,134°03.6′E,33 km,3,震度１,33.82666667,134.06
2009/4/10,20:01:59,薩摩半島西方沖,31°30.4′N,129°38.9′E,13 km,3.7,震度１,31.50666667,129.6483333
2009/4/11,2:36:36,八丈島東方沖,33°19.9′N,140°59.9′E,42 km,4,震度１,33.33166667,140.9983333
2009/4/11,17:25:16,茨城県南部,35°59.3′N,140°16.5′E,41 km,3,震度１,35.98833333,140.275
2009/4/11,20:58:18,鹿児島湾,31°18.5′N,130°45.6′E,106 km,3.8,震度２,31.30833333,130.76
2009/4/11,23:50:54,岡山県南部,34°52.9′N,133°50.5′E,19 km,3.2,震度１,34.88166667,133.8416667
2009/4/12,2:47:02,和歌山県南方沖,33°38.0′N,135°10.1′E,39 km,3.3,震度１,33.63333333,135.1683333
2009/4/12,21:13:17,日高地方東部,42°18.5′N,143°03.6′E,51 km,3.7,震度１,42.30833333,143.06
2009/4/13,2:46:47,千葉県北西部,35°37.4′N,140°05.3′E,66 km,2.8,震度１,35.62333333,140.0883333
2009/4/13,10:34:03,茨城県南部,36°05.0′N,139°51.2′E,47 km,3.9,震度２,36.08333333,139.8533333
2009/4/13,12:23:00,紀伊水道,34°10.8′N,135°08.0′E,7 km,2.8,震度１,34.18,135.1333333
2009/4/14,1:58:53,千葉県東方沖,35°39.3′N,140°42.8′E,46 km,4.2,震度２,35.655,140.7133333
2009/4/14,2:47:49,沖縄本島近海,26°01.5′N,126°48.6′E,56 km,3.7,震度１,26.025,126.81
2009/4/15,8:54:46,奄美大島近海,27°06.2′N,130°01.4′E,73 km,4.8,震度１,27.10333333,130.0233333
2009/4/15,12:06:08,千葉県南部,35°18.6′N,140°17.6′E,18 km,2.8,震度１,35.31,140.2933333
2009/4/15,12:11:28,沖縄本島北西沖,27°03.2′N,127°18.0′E,96 km,3.8,震度１,27.05333333,127.3
2009/4/15,16:23:34,奄美大島近海,27°00.1′N,129°54.8′E,62 km,5,震度１,27.00166667,129.9133333
2009/4/16,0:29:19,紀伊水道,33°53.1′N,134°53.5′E,43 km,3.2,震度１,33.885,134.8916667
2009/4/16,11:30:11,石川県能登地方,37°14.4′N,136°44.4′E,10 km,3.4,震度２,37.24,136.74
2009/4/16,14:47:01,岩手県内陸南部,39°01.4′N,140°48.0′E,4 km,3.1,震度１,39.02333333,140.8
2009/4/16,16:19:14,茨城県南部,36°03.9′N,139°52.7′E,48 km,3.8,震度２,36.065,139.8783333
2009/4/16,19:54:15,和歌山県北部,34°14.4′N,135°12.0′E,6 km,2.3,震度１,34.24,135.2
2009/4/16,19:58:38,薩摩半島西方沖,31°12.6′N,130°16.4′E,5 km,2.7,震度１,31.21,130.2733333
2009/4/17,12:48:49,岐阜県飛騨地方,35°59.4′N,137°21.0′E,8 km,1.8,震度１,35.99,137.35
2009/4/17,21:37:49,台湾付近,24°06.0′N,121°43.2′E,78 km,5,震度１,24.1,121.72
2009/4/17,23:51:56,千島列島,46°05.9′N,152°06.3′E,30 km,5.7,震度１,46.09833333,152.105
2009/4/18,1:14:57,西表島付近,24°06.8′N,123°34.3′E,21 km,3.9,震度１,24.11333333,123.5716667
2009/4/18,1:21:07,西表島付近,24°06.7′N,123°34.8′E,20 km,3.3,震度１,24.11166667,123.58
2009/4/18,17:58:09,富山県東部,36°29.7′N,137°39.3′E,2 km,3.1,震度１,36.495,137.655
2009/4/19,4:17:56,千島列島,45°59.4′N,152°04.4′E,30 km,6.5,震度３,45.99,152.0733333
2009/4/19,18:05:54,硫黄島近海,23°33.3′N,142°39.9′E,180 km,5.5,震度１,23.555,142.665
2009/4/19,22:31:27,八丈島東方沖,32°59.4′N,140°17.7′E,48 km,4,震度１,32.99,140.295
2009/4/20,16:22:38,奄美大島近海,27°05.6′N,130°00.3′E,59 km,5.1,震度１,27.09333333,130.005
2009/4/21,1:55:20,瀬戸内海中部,34°20.4′N,133°27.2′E,19 km,3.5,震度１,34.34,133.4533333
2009/4/21,5:10:12,津軽海峡,41°40.2′N,140°30.4′E,15 km,2.8,震度１,41.67,140.5066667
2009/4/21,5:16:48,津軽海峡,41°40.3′N,140°30.3′E,15 km,3.1,震度２,41.67166667,140.505
2009/4/21,7:54:25,茨城県沖,35°54.0′N,140°50.6′E,41 km,4.6,震度３,35.9,140.8433333
2009/4/21,7:56:25,津軽海峡,41°40.4′N,140°30.4′E,15 km,2.9,震度１,41.67333333,140.5066667
2009/4/21,10:16:44,択捉島南東沖,44°03.8′N,148°04.9′E,0 km,5,震度１,44.06333333,148.0816667
2009/4/21,18:57:49,福島県沖,37°20.4′N,141°35.2′E,45 km,5.2,震度３,37.34,141.5866667
2009/4/21,20:43:39,豊後水道,33°17.7′N,132°23.4′E,39 km,4,震度３,33.295,132.39
2009/4/22,1:23:19,宮古島近海,24°46.5′N,125°25.2′E,46 km,3.3,震度１,24.775,125.42
2009/4/22,20:24:11,種子島南東沖,30°03.6′N,131°18.9′E,37 km,4.8,震度２,30.06,131.315
2009/4/22,20:31:55,種子島南東沖,30°03.1′N,131°19.3′E,33 km,4,震度１,30.05166667,131.3216667
2009/4/23,2:26:10,種子島近海,30°27.9′N,130°58.9′E,11 km,2.5,震度１,30.465,130.9816667
2009/4/23,9:19:33,宮崎県北部平野部,32°13.0′N,131°32.7′E,17 km,2.3,震度１,32.21666667,131.545
2009/4/24,0:34:38,釧路沖,42°45.0′N,144°16.1′E,66 km,3.2,震度１,42.75,144.2683333
2009/4/24,4:19:26,奄美大島近海,27°59.7′N,130°14.6′E,34 km,4.4,震度２,27.995,130.2433333
2009/4/24,13:45:17,山形県村山地方,38°27.6′N,140°11.6′E,12 km,2.7,震度１,38.46,140.1933333
2009/4/24,15:03:38,茨城県沖,36°07.2′N,140°52.6′E,43 km,3.5,震度２,36.12,140.8766667
2009/4/24,22:04:05,新島・神津島近海,34°14.5′N,139°04.1′E,8 km,2.3,震度１,34.24166667,139.0683333
2009/4/24,23:37:23,宮城県沖,38°10.1′N,142°10.6′E,42 km,4,震度１,38.16833333,142.1766667
2009/4/25,0:52:06,渡島地方東部,41°55.0′N,140°43.7′E,12 km,2.1,震度１,41.91666667,140.7283333
2009/4/25,22:54:30,岩手県沖,40°09.7′N,142°22.8′E,37 km,5,震度３,40.16166667,142.38
2009/4/26,9:47:31,栃木県南部,36°17.2′N,139°48.3′E,68 km,3.2,震度１,36.28666667,139.805
2009/4/26,12:56:41,関東東方沖,36°04.5′N,143°00.0′E,88 km,4.7,震度１,36.075,143
2009/4/27,7:45:57,島根県西部,35°05.5′N,132°30.4′E,14 km,3,震度２,35.09166667,132.5066667
2009/4/27,13:22:56,父島近海,26°42.8′N,142°15.2′E,42 km,4,震度１,26.71333333,142.2533333
2009/4/27,18:54:22,岐阜県美濃中西部,35°34.3′N,136°23.7′E,12 km,2.7,震度１,35.57166667,136.395
2009/4/28,5:34:53,愛知県西部,35°18.1′N,137°00.7′E,44 km,3.4,震度１,35.30166667,137.0116667
2009/4/28,6:37:35,茨城県沖,36°24.4′N,141°07.8′E,48 km,5,震度３,36.40666667,141.13
2009/4/28,20:21:19,釧路沖,42°35.3′N,145°05.5′E,38 km,5.4,震度４,42.58833333,145.0916667
2009/4/28,23:02:03,岩手県内陸南部,39°11.6′N,140°56.9′E,7 km,3.9,震度２,39.19333333,140.9483333
2009/4/28,23:10:06,薩摩半島西方沖,31°12.6′N,130°16.6′E,4 km,2.5,震度１,31.21,130.2766667
2009/4/29,3:31:53,群馬県北部,36°40.4′N,139°18.8′E,9 km,2.4,震度１,36.67333333,139.3133333
2009/4/29,8:00:05,十勝沖,41°50.2′N,144°23.3′E,36 km,4.4,震度２,41.83666667,144.3883333
2009/4/29,11:08:03,相模湾,35°12.4′N,139°14.9′E,14 km,2.7,震度１,35.20666667,139.2483333
2009/4/30,1:35:21,釧路地方中南部,43°03.6′N,143°56.4′E,122 km,3.7,震度１,43.06,143.94
2009/4/30,2:21:58,与那国島近海,23°51.6′N,123°22.0′E,27 km,5.2,震度２,23.86,123.3666667
2009/4/30,2:24:08,与那国島近海,23°52.1′N,123°22.2′E,24 km,4,震度１,23.86833333,123.37
2009/4/30,7:23:19,淡路島付近,34°14.1′N,134°46.8′E,11 km,2.5,震度１,34.235,134.78
2009/4/30,8:07:31,安芸灘,33°59.0′N,132°44.1′E,46 km,3.5,震度１,33.98333333,132.735
2009/4/30,9:22:51,宮城県沖,38°56.5′N,141°40.7′E,66 km,3.1,震度１,38.94166667,141.6783333
2009/4/30,10:13:21,北海道南西沖,41°58.8′N,139°53.5′E,12 km,2.7,震度１,41.98,139.8916667
2009/4/30,19:40:51,浦河沖,42°03.6′N,142°28.7′E,66 km,3.8,震度１,42.06,142.4783333
2009/5/1,7:09:31,茨城県沖,36°02.6′N,141°22.0′E,40 km,3.4,震度１,36.04333333,141.3666667
2009/5/1,14:53:33,茨城県沖,36°36.5′N,141°00.2′E,47 km,3.5,震度１,36.60833333,141.0033333
2009/5/1,17:40:22,十勝地方北部,43°27.3′N,143°59.2′E,0 km,1.8,震度１,43.455,143.9866667
2009/5/1,17:50:10,十勝地方北部,43°27.1′N,143°59.7′E,0 km,1.9,震度１,43.45166667,143.995
2009/5/1,21:57:11,父島近海,26°40.4′N,141°18.3′E,418 km,5.5,震度１,26.67333333,141.305
2009/5/2,12:03:59,新島・神津島近海,34°15.0′N,139°12.2′E,11 km,2.3,震度１,34.25,139.2033333
2009/5/2,20:44:25,岩手県内陸南部,39°10.4′N,140°50.1′E,7 km,3.3,震度１,39.17333333,140.835
2009/5/3,2:39:28,茨城県南部,36°06.1′N,139°52.4′E,49 km,3.1,震度１,36.10166667,139.8733333
2009/5/3,4:16:43,北海道東方沖,43°59.4′N,147°20.3′E,102 km,4.2,震度１,43.99,147.3383333
2009/5/4,8:41:02,岩手県内陸南部,39°05.8′N,140°53.5′E,9 km,3.3,震度１,39.09666667,140.8916667
2009/5/4,13:14:03,宮城県北部,38°53.1′N,140°39.6′E,6 km,2.8,震度１,38.885,140.66
2009/5/5,4:51:38,宮城県北部,38°43.6′N,141°30.2′E,71 km,3.9,震度２,38.72666667,141.5033333
2009/5/5,5:35:19,山形県村山地方,38°30.4′N,140°23.4′E,4 km,2.4,震度１,38.50666667,140.39
2009/5/5,17:02:46,奄美大島北東沖,29°14.0′N,129°56.7′E,67 km,4.3,震度１,29.23333333,129.945
2009/5/5,22:14:16,茨城県沖,36°25.5′N,140°39.4′E,54 km,3.4,震度２,36.425,140.6566667
2009/5/6,21:12:33,浦河沖,41°55.3′N,142°27.7′E,64 km,3.7,震度１,41.92166667,142.4616667
2009/5/6,23:39:29,天草灘,32°03.8′N,129°50.3′E,10 km,3.3,震度１,32.06333333,129.8383333
2009/5/7,3:47:27,宮城県北部,38°55.4′N,140°51.5′E,5 km,2.8,震度１,38.92333333,140.8583333
2009/5/7,15:20:48,豊後水道,32°54.8′N,132°37.2′E,30 km,3,震度１,32.91333333,132.62
2009/5/7,18:42:53,八丈島東方沖,33°21.8′N,140°32.6′E,49 km,3.8,震度２,33.36333333,140.5433333
2009/5/7,21:03:23,愛知県西部,35°17.8′N,137°03.7′E,44 km,2.8,震度１,35.29666667,137.0616667
2009/5/7,22:58:43,静岡県中部,35°14.2′N,138°23.3′E,16 km,2.6,震度１,35.23666667,138.3883333
2009/5/8,21:31:40,岩手県内陸南部,39°05.1′N,140°54.1′E,8 km,3.1,震度１,39.085,140.9016667
2009/5/9,4:45:36,沖縄本島近海,26°05.1′N,127°30.4′E,25 km,2.9,震度１,26.085,127.5066667
2009/5/9,14:12:48,茨城県南部,36°02.1′N,140°06.0′E,64 km,3.2,震度１,36.035,140.1
2009/5/9,17:27:38,沖縄本島近海,26°05.1′N,127°30.5′E,25 km,3,震度１,26.085,127.5083333
2009/5/9,20:50:10,宮城県北部,38°46.9′N,140°46.6′E,2 km,2.4,震度１,38.78166667,140.7766667
2009/5/10,4:34:30,福島県沖,36°37.2′N,142°40.2′E,21 km,5.5,震度２,36.62,142.67
2009/5/10,8:24:07,沖縄本島近海,26°42.9′N,128°24.8′E,41 km,3.4,震度１,26.715,128.4133333
2009/5/10,8:38:32,静岡県西部,34°42.2′N,137°54.2′E,12 km,2.4,震度１,34.70333333,137.9033333
2009/5/10,11:30:08,日高地方中部,42°25.3′N,142°25.4′E,102 km,4.2,震度２,42.42166667,142.4233333
2009/5/10,16:33:46,奄美大島近海,29°02.8′N,129°35.7′E,58 km,3.8,震度１,29.04666667,129.595
2009/5/10,16:52:31,網走沖,44°44.0′N,144°27.0′E,16 km,4.3,震度２,44.73333333,144.45
2009/5/10,17:35:23,熊本県球磨地方,32°06.7′N,130°45.4′E,10 km,3.1,震度１,32.11166667,130.7566667
2009/5/10,19:54:09,石川県加賀地方,36°22.0′N,136°34.2′E,8 km,2.6,震度２,36.36666667,136.57
2009/5/11,0:50:02,種子島近海,30°16.5′N,130°34.5′E,52 km,2.9,震度１,30.275,130.575
2009/5/11,1:20:56,茨城県沖,36°16.8′N,141°02.7′E,47 km,3.9,震度１,36.28,141.045
2009/5/11,20:31:45,紋別地方,43°47.1′N,143°08.1′E,7 km,3.3,震度２,43.785,143.135
2009/5/12,19:40:18,新潟県上越地方,37°04.3′N,138°31.9′E,12 km,4.8,震度４,37.07166667,138.5316667
2009/5/12,19:55:29,新潟県上越地方,37°04.3′N,138°32.1′E,12 km,2.3,震度１,37.07166667,138.535
2009/5/12,20:42:59,新潟県上越地方,37°04.1′N,138°31.4′E,12 km,2.6,震度２,37.06833333,138.5233333
2009/5/12,21:07:14,新潟県上越地方,37°04.0′N,138°31.2′E,13 km,2.6,震度２,37.06666667,138.52
2009/5/13,0:56:56,山梨県東部・富士五湖,35°31.9′N,139°01.4′E,20 km,3.2,震度２,35.53166667,139.0233333
2009/5/13,3:14:53,奄美大島近海,28°18.3′N,129°39.1′E,45 km,3.9,震度２,28.305,129.6516667
2009/5/13,4:05:02,新潟県上越地方,37°04.2′N,138°32.2′E,12 km,2,震度１,37.07,138.5366667
2009/5/13,14:11:49,大阪府北部,34°57.4′N,135°26.9′E,11 km,2.3,震度１,34.95666667,135.4483333
2009/5/13,16:46:35,岐阜県飛騨地方,36°00.1′N,137°17.1′E,11 km,2.8,震度３,36.00166667,137.285
2009/5/13,16:48:28,大阪府北部,34°57.4′N,135°26.8′E,10 km,3,震度２,34.95666667,135.4466667
2009/5/14,5:49:37,新潟県上越地方,37°04.1′N,138°32.3′E,12 km,2.4,震度１,37.06833333,138.5383333
2009/5/14,16:34:08,福島県浜通り,37°03.7′N,140°54.5′E,90 km,3.5,震度１,37.06166667,140.9083333
2009/5/15,3:38:46,新島・神津島近海,34°16.9′N,139°07.7′E,7 km,3.3,震度３,34.28166667,139.1283333
2009/5/15,7:08:03,岩手県沖,40°07.7′N,142°07.0′E,55 km,3.8,震度２,40.12833333,142.1166667
2009/5/15,23:51:32,鹿児島県薩摩地方,31°58.2′N,130°26.5′E,7 km,2.4,震度１,31.97,130.4416667
2009/5/17,7:13:38,福井県嶺北,35°54.7′N,136°37.5′E,9 km,3,震度３,35.91166667,136.625
2009/5/17,8:36:54,安芸灘,33°55.6′N,132°11.0′E,15 km,2.7,震度１,33.92666667,132.1833333
2009/5/17,8:42:42,奄美大島近海,27°56.7′N,128°51.1′E,43 km,3.3,震度２,27.945,128.8516667
2009/5/17,17:17:00,宮城県北部,38°52.0′N,140°42.7′E,8 km,2.7,震度１,38.86666667,140.7116667
2009/5/18,1:07:39,豊後水道,33°14.9′N,132°02.0′E,49 km,3.2,震度１,33.24833333,132.0333333
2009/5/18,8:42:09,岐阜県飛騨地方,36°00.1′N,137°17.1′E,11 km,3.4,震度３,36.00166667,137.285
2009/5/18,13:21:29,日向灘,32°28.8′N,132°04.3′E,27 km,3.9,震度１,32.48,132.0716667
2009/5/19,7:04:40,北海道東方沖,43°56.7′N,147°47.9′E,85 km,4.6,震度１,43.945,147.7983333
2009/5/19,15:41:31,青森県津軽南部,40°36.7′N,140°22.8′E,9 km,2.4,震度１,40.61166667,140.38
2009/5/19,21:13:40,新潟県上中越沖,37°32.4′N,138°39.7′E,18 km,2.3,震度１,37.54,138.6616667
2009/5/19,21:47:40,長野県南部,35°51.5′N,137°35.3′E,6 km,2.1,震度１,35.85833333,137.5883333
2009/5/20,4:42:36,北海道南西沖,42°05.8′N,139°19.3′E,11 km,3.8,震度２,42.09666667,139.3216667
2009/5/20,23:54:36,北海道北西沖,44°21.9′N,141°36.6′E,9 km,1.8,震度１,44.365,141.61
2009/5/21,4:24:55,奄美大島近海,28°36.1′N,130°07.4′E,35 km,4.1,震度１,28.60166667,130.1233333
2009/5/21,5:11:23,奄美大島近海,28°36.1′N,130°06.9′E,33 km,4.1,震度１,28.60166667,130.115
2009/5/21,15:53:01,新潟県上越地方,37°03.8′N,138°31.4′E,12 km,2.1,震度１,37.06333333,138.5233333
2009/5/22,4:46:13,北海道北西沖,44°21.9′N,141°36.6′E,9 km,1.9,震度１,44.365,141.61
2009/5/22,11:48:17,宮城県北部,38°50.0′N,140°49.3′E,6 km,2.5,震度１,38.83333333,140.8216667
2009/5/22,15:30:14,岐阜県飛騨地方,35°51.8′N,137°16.4′E,9 km,3.1,震度２,35.86333333,137.2733333
2009/5/22,16:33:33,長野県北部,36°50.5′N,138°12.4′E,12 km,2.3,震度２,36.84166667,138.2066667
2009/5/23,4:14:06,日高地方西部,42°50.0′N,142°29.6′E,8 km,2.8,震度１,42.83333333,142.4933333
2009/5/23,5:15:51,能登半島沖,37°08.6′N,136°32.1′E,11 km,3.9,震度３,37.14333333,136.535
2009/5/23,18:31:56,神奈川県西部,35°29.9′N,139°09.0′E,21 km,2.7,震度１,35.49833333,139.15
2009/5/25,1:06:58,胆振地方中東部,42°47.5′N,142°17.7′E,28 km,3.9,震度２,42.79166667,142.295
2009/5/25,4:39:29,苫小牧沖,42°33.3′N,141°44.5′E,123 km,4.1,震度１,42.555,141.7416667
2009/5/25,8:24:32,愛知県西部,35°18.9′N,136°58.3′E,9 km,2.8,震度１,35.315,136.9716667
2009/5/25,11:10:29,新潟県中越地方,37°16.6′N,138°49.3′E,13 km,2,震度１,37.27666667,138.8216667
2009/5/25,20:26:22,静岡県西部,34°43.3′N,137°48.0′E,26 km,4.7,震度３,34.72166667,137.8
2009/5/26,0:28:33,長野県北部,36°45.7′N,137°51.8′E,7 km,2.2,震度１,36.76166667,137.8633333
2009/5/26,4:17:55,和歌山県南方沖,33°22.3′N,136°04.7′E,27 km,3.3,震度１,33.37166667,136.0783333
2009/5/26,5:25:33,岐阜県飛騨地方,36°00.2′N,137°17.2′E,12 km,1.8,震度１,36.00333333,137.2866667
2009/5/26,9:34:34,千葉県南部,35°12.2′N,140°11.1′E,23 km,2.7,震度１,35.20333333,140.185
2009/5/26,14:24:35,浦河沖,42°04.7′N,142°12.3′E,54 km,3.5,震度１,42.07833333,142.205
2009/5/26,19:12:00,小笠原諸島西方沖,27°48.2′N,140°27.9′E,460 km,5,震度１,27.80333333,140.465
2009/5/26,19:31:20,浦河沖,41°55.7′N,142°21.1′E,70 km,4.7,震度３,41.92833333,142.3516667
2009/5/26,22:02:00,紀伊水道,34°13.3′N,135°08.4′E,8 km,2.2,震度１,34.22166667,135.14
2009/5/27,3:47:55,浦河沖,41°56.2′N,142°19.4′E,71 km,3.5,震度１,41.93666667,142.3233333
2009/5/27,6:40:41,岩手県沿岸北部,39°32.9′N,141°56.6′E,33 km,3.9,震度２,39.54833333,141.9433333
2009/5/27,15:53:15,埼玉県南部,35°57.6′N,139°31.4′E,96 km,3.4,震度１,35.96,139.5233333
2009/5/27,18:53:54,種子島近海,30°19.7′N,130°52.6′E,10 km,2.3,震度１,30.32833333,130.8766667
2009/5/27,21:54:32,新潟県中越地方,37°16.8′N,138°49.3′E,13 km,2.6,震度２,37.28,138.8216667
2009/5/28,10:11:23,青森県東方沖,41°33.5′N,142°03.3′E,64 km,3.5,震度１,41.55833333,142.055
2009/5/28,12:01:22,大阪府北部,34°57.5′N,135°26.7′E,10 km,3.4,震度２,34.95833333,135.445
2009/5/28,16:52:33,大阪府北部,34°57.5′N,135°26.6′E,11 km,2.5,震度１,34.95833333,135.4433333
2009/5/28,18:03:05,新潟県上越地方,37°04.2′N,138°31.4′E,12 km,1.8,震度１,37.07,138.5233333
2009/5/28,18:52:20,京都府南部,35°08.0′N,135°41.8′E,10 km,3.1,震度２,35.13333333,135.6966667
2009/5/29,3:33:06,長野県南部,35°16.6′N,137°40.8′E,9 km,2.3,震度２,35.27666667,137.68
2009/5/29,4:20:45,新潟県中越地方,37°16.7′N,138°49.6′E,13 km,2.4,震度２,37.27833333,138.8266667
2009/5/29,14:39:39,茨城県南部,36°05.0′N,139°53.6′E,47 km,3.9,震度３,36.08333333,139.8933333
2009/5/30,1:03:49,宗谷東方沖,45°49.6′N,143°35.4′E,352 km,4.9,震度１,45.82666667,143.59
2009/5/30,1:53:56,福島県沖,37°46.6′N,143°15.8′E,40 km,4.9,震度１,37.77666667,143.2633333
2009/5/30,7:29:34,沖縄本島近海,26°19.1′N,127°21.3′E,52 km,4.1,震度２,26.31833333,127.355
2009/5/30,12:10:56,新潟県上越地方,37°09.0′N,138°31.4′E,14 km,2.3,震度１,37.15,138.5233333
2009/5/30,12:57:51,茨城県沖,36°37.6′N,141°11.2′E,44 km,3.5,震度１,36.62666667,141.1866667
2009/5/31,6:49:02,天草灘,32°34.0′N,129°57.5′E,13 km,3.7,震度２,32.56666667,129.9583333
2009/5/31,9:36:26,紀伊水道,33°57.2′N,134°42.1′E,41 km,3.5,震度１,33.95333333,134.7016667
2009/5/31,11:26:50,宮崎県南部平野部,32°01.0′N,131°25.9′E,18 km,1.9,震度１,32.01666667,131.4316667
2009/5/31,22:40:20,岩手県内陸南部,39°06.1′N,140°56.4′E,6 km,3.1,震度１,39.10166667,140.94
2009/6/1,0:33:04,福島県沖,37°46.6′N,141°37.8′E,59 km,4.6,震度３,37.77666667,141.63
2009/6/1,6:31:10,岩手県内陸南部,38°58.3′N,140°49.5′E,4 km,3.1,震度１,38.97166667,140.825
2009/6/2,10:04:31,種子島近海,30°14.6′N,130°53.3′E,12 km,3.1,震度２,30.24333333,130.8883333
2009/6/2,19:37:29,新島・神津島近海,34°32.1′N,139°23.9′E,14 km,3.4,震度２,34.535,139.3983333
2009/6/2,21:34:40,福島県沖,36°57.0′N,141°39.8′E,38 km,4.4,震度２,36.95,141.6633333
2009/6/2,23:40:03,福島県沖,36°57.8′N,141°37.2′E,49 km,3.9,震度１,36.96333333,141.62
2009/6/3,8:54:29,日向灘,31°37.2′N,131°43.8′E,44 km,3.4,震度１,31.62,131.73
2009/6/3,11:15:45,岩手県内陸南部,39°05.6′N,140°51.3′E,10 km,3.3,震度１,39.09333333,140.855
2009/6/4,1:03:44,長野県南部,35°46.5′N,137°34.1′E,8 km,2.6,震度１,35.775,137.5683333
2009/6/4,17:39:02,滋賀県南部,35°09.1′N,135°56.0′E,15 km,2.7,震度１,35.15166667,135.9333333
2009/6/4,19:23:18,北海道東方沖,43°38.8′N,147°16.0′E,29 km,4.3,震度１,43.64666667,147.2666667
2009/6/4,21:05:03,福岡県筑後地方,33°26.0′N,130°46.2′E,8 km,2.9,震度１,33.43333333,130.77
2009/6/4,22:27:33,滋賀県南部,35°09.2′N,135°56.0′E,15 km,2.9,震度１,35.15333333,135.9333333
2009/6/5,10:53:30,千葉県東方沖,35°49.6′N,140°55.1′E,30 km,3,震度１,35.82666667,140.9183333
2009/6/5,12:30:34,十勝沖,41°48.7′N,143°37.2′E,31 km,6.4,震度４,41.81166667,143.62
2009/6/6,5:50:59,山梨県中・西部,35°36.3′N,138°17.8′E,13 km,2.8,震度１,35.605,138.2966667
2009/6/6,5:51:40,奈良県,34°03.9′N,135°44.6′E,48 km,3.3,震度１,34.065,135.7433333
2009/6/6,14:52:41,千葉県東方沖,35°32.5′N,141°15.8′E,42 km,5.9,震度３,35.54166667,141.2633333
2009/6/6,19:37:51,択捉島南東沖,44°40.3′N,149°09.5′E,30 km,5,震度１,44.67166667,149.1583333
2009/6/6,21:10:58,長野県南部,35°52.5′N,137°34.9′E,6 km,2.4,震度１,35.875,137.5816667
2009/6/7,4:38:27,茨城県沖,36°34.2′N,141°21.5′E,48 km,3.8,震度１,36.57,141.3583333
2009/6/7,4:39:35,茨城県沖,36°34.8′N,141°21.0′E,46 km,3.6,震度１,36.58,141.35
2009/6/7,21:24:33,大分県中部,33°18.5′N,131°22.9′E,10 km,3.1,震度２,33.30833333,131.3816667
2009/6/7,21:55:47,大分県中部,33°18.5′N,131°23.0′E,10 km,2.1,震度１,33.30833333,131.3833333
2009/6/7,22:14:18,大分県中部,33°18.6′N,131°22.9′E,9 km,2.5,震度２,33.31,131.3816667
2009/6/7,22:44:27,大分県中部,33°18.7′N,131°22.8′E,10 km,2.2,震度１,33.31166667,131.38
2009/6/7,22:55:06,大分県中部,33°18.5′N,131°23.0′E,9 km,2.2,震度１,33.30833333,131.3833333
2009/6/8,2:08:52,静岡県伊豆地方,35°07.2′N,139°05.8′E,6 km,1.9,震度１,35.12,139.0966667
2009/6/8,6:51:27,山形県最上地方,38°37.7′N,140°07.6′E,8 km,1.8,震度１,38.62833333,140.1266667
2009/6/8,9:26:29,青森県東方沖,41°34.3′N,142°03.1′E,65 km,3.1,震度１,41.57166667,142.0516667
2009/6/8,19:55:48,留萌地方南部,44°05.2′N,141°44.8′E,10 km,2.7,震度１,44.08666667,141.7466667
2009/6/9,1:19:03,福岡県筑後地方,33°26.0′N,130°46.2′E,8 km,3.3,震度２,33.43333333,130.77
2009/6/9,6:30:58,兵庫県南東部,34°51.8′N,134°50.0′E,16 km,2.8,震度１,34.86333333,134.8333333
2009/6/9,11:07:36,岩手県沖,40°08.8′N,142°27.3′E,35 km,4.5,震度２,40.14666667,142.455
2009/6/9,11:22:56,沖縄本島近海,26°53.9′N,127°25.4′E,71 km,3.8,震度１,26.89833333,127.4233333
2009/6/10,13:06:33,千葉県東方沖,35°34.6′N,141°08.2′E,38 km,4.8,震度２,35.57666667,141.1366667
2009/6/10,13:07:03,伊勢湾,34°36.5′N,136°36.8′E,355 km,5,震度１,34.60833333,136.6133333
2009/6/10,17:49:00,オホーツク海南部,44°49.7′N,145°25.3′E,22 km,3.8,震度１,44.82833333,145.4216667
2009/6/11,0:54:57,択捉島南東沖,44°31.0′N,148°25.9′E,96 km,4.7,震度１,44.51666667,148.4316667
2009/6/11,2:52:13,宮城県沖,38°50.9′N,141°37.4′E,72 km,3.1,震度１,38.84833333,141.6233333
2009/6/11,2:57:55,浦河沖,41°55.7′N,142°18.2′E,72 km,3.5,震度１,41.92833333,142.3033333
2009/6/11,7:53:04,岐阜県美濃東部,35°17.4′N,137°28.0′E,11 km,3.7,震度３,35.29,137.4666667
2009/6/11,11:35:06,和歌山県北部,33°52.3′N,135°14.5′E,6 km,3.2,震度３,33.87166667,135.2416667
2009/6/11,11:50:15,千葉県東方沖,35°32.0′N,141°16.7′E,38 km,4.5,震度１,35.53333333,141.2783333
2009/6/11,15:41:09,奄美大島近海,28°13.9′N,129°31.6′E,51 km,3.1,震度１,28.23166667,129.5266667
2009/6/11,15:50:45,北海道東方沖,43°46.3′N,147°12.7′E,39 km,4.7,震度２,43.77166667,147.2116667
2009/6/11,22:14:48,東京都多摩西部,35°47.7′N,139°14.0′E,62 km,3.2,震度１,35.795,139.2333333
2009/6/12,6:31:57,青森県東方沖,41°27.8′N,141°29.1′E,79 km,3.6,震度２,41.46333333,141.485
2009/6/12,9:12:44,岡山県北部,35°10.9′N,133°25.3′E,8 km,2.5,震度１,35.18166667,133.4216667
2009/6/13,6:21:01,茨城県沖,36°44.6′N,141°07.3′E,42 km,3.8,震度２,36.74333333,141.1216667
2009/6/13,23:21:13,十勝沖,41°49.6′N,143°26.6′E,29 km,3.8,震度１,41.82666667,143.4433333
2009/6/14,2:15:49,十勝地方中部,42°53.5′N,143°22.6′E,118 km,3.3,震度１,42.89166667,143.3766667
2009/6/14,3:04:57,福島県沖,37°39.4′N,141°19.3′E,62 km,3.4,震度１,37.65666667,141.3216667
2009/6/14,19:17:56,豊後水道,33°06.7′N,132°06.3′E,56 km,4.2,震度２,33.11166667,132.105
2009/6/15,3:32:22,青森県東方沖,40°55.4′N,141°54.6′E,93 km,4,震度２,40.92333333,141.91
2009/6/15,5:02:43,岩手県内陸南部,39°06.3′N,140°51.1′E,10 km,3.3,震度１,39.105,140.8516667
2009/6/15,15:40:10,宮古島近海,24°49.2′N,125°22.6′E,46 km,4.2,震度２,24.82,125.3766667
2009/6/16,8:33:05,宮城県沖,38°54.8′N,142°06.8′E,44 km,3.7,震度１,38.91333333,142.1133333
2009/6/16,9:03:54,オホーツク海南部,46°43.9′N,145°54.9′E,438 km,5.1,震度１,46.73166667,145.915
2009/6/16,22:30:04,沖縄本島近海,26°05.6′N,127°30.3′E,24 km,3.3,震度１,26.09333333,127.505
2009/6/17,17:29:03,浦河沖,42°02.5′N,142°34.5′E,61 km,3.7,震度１,42.04166667,142.575
2009/6/17,17:51:30,岩手県沿岸北部,39°45.4′N,141°49.8′E,58 km,3.9,震度２,39.75666667,141.83
2009/6/17,19:41:05,茨城県南部,36°02.1′N,140°06.1′E,63 km,3.5,震度１,36.035,140.1016667
2009/6/17,20:12:10,根室半島南東沖,42°44.7′N,146°14.3′E,52 km,4.2,震度１,42.745,146.2383333
2009/6/18,2:01:29,日高地方中部,42°28.3′N,142°52.7′E,98 km,3.9,震度２,42.47166667,142.8783333
2009/6/18,3:58:03,沖縄本島近海,26°21.5′N,126°51.2′E,17 km,2.9,震度１,26.35833333,126.8533333
2009/6/18,5:11:59,山梨県東部・富士五湖,35°31.6′N,138°59.4′E,21 km,2.3,震度１,35.52666667,138.99
2009/6/18,19:58:24,沖縄本島近海,27°28.4′N,128°37.2′E,44 km,3.9,震度２,27.47333333,128.62
2009/6/19,8:51:04,三陸沖,39°31.4′N,144°25.1′E,57 km,5,震度１,39.52333333,144.4183333
2009/6/19,10:11:10,大分県西部,33°22.2′N,130°53.5′E,11 km,2.3,震度１,33.37,130.8916667
2009/6/19,11:40:10,山梨県東部・富士五湖,35°32.4′N,138°58.7′E,20 km,2.4,震度１,35.54,138.9783333
2009/6/19,12:05:32,紀伊水道,34°08.8′N,135°07.5′E,7 km,2.6,震度１,34.14666667,135.125
2009/6/19,14:32:50,千葉県東方沖,35°32.0′N,141°14.7′E,42 km,4.4,震度１,35.53333333,141.245
2009/6/20,8:52:05,三陸沖,39°05.6′N,143°17.6′E,27 km,4.6,震度１,39.09333333,143.2933333
2009/6/20,9:35:27,トカラ列島近海,29°50.7′N,129°57.0′E,7 km,,震度１,29.845,129.95
2009/6/20,10:53:51,北海道東方沖,43°37.2′N,146°33.0′E,68 km,4.2,震度１,43.62,146.55
2009/6/20,11:52:56,三陸沖,39°05.4′N,143°21.5′E,26 km,5.4,震度２,39.09,143.3583333
2009/6/20,12:44:29,与那国島近海,24°09.0′N,122°27.0′E,70 km,5,震度１,24.15,122.45
2009/6/20,23:08:05,十勝地方中部,42°41.4′N,143°38.0′E,13 km,3.2,震度１,42.69,143.6333333
2009/6/21,0:49:46,鹿児島県薩摩地方,31°47.9′N,130°48.1′E,7 km,2.1,震度１,31.79833333,130.8016667
2009/6/21,2:24:15,大阪府北部,34°53.1′N,135°31.4′E,9 km,3.2,震度１,34.885,135.5233333
2009/6/21,11:14:35,新潟県上中越沖,37°07.8′N,137°42.0′E,14 km,3.4,震度１,37.13,137.7
2009/6/21,11:34:36,長野県南部,35°56.3′N,137°38.9′E,8 km,2.4,震度１,35.93833333,137.6483333
2009/6/21,21:21:54,日高地方東部,42°20.3′N,142°59.6′E,55 km,3.6,震度１,42.33833333,142.9933333
2009/6/22,1:09:52,青森県西方沖,41°02.7′N,139°03.4′E,33 km,4.2,震度１,41.045,139.0566667
2009/6/22,7:32:10,熊本県熊本地方,32°24.5′N,130°38.4′E,3 km,1.7,震度２,32.40833333,130.64
2009/6/22,10:58:15,岐阜県美濃中西部,35°49.2′N,137°04.3′E,10 km,2.4,震度１,35.82,137.0716667
2009/6/22,18:50:34,トカラ列島近海,29°15.2′N,129°22.4′E,81 km,3.9,震度１,29.25333333,129.3733333
2009/6/22,19:42:44,日向灘,32°19.1′N,132°08.6′E,21 km,3.7,震度１,32.31833333,132.1433333
2009/6/23,10:06:38,福島県沖,37°11.5′N,142°08.7′E,37 km,4.1,震度１,37.19166667,142.145
2009/6/23,16:24:09,三陸沖,39°12.1′N,143°47.6′E,29 km,5.2,震度２,39.20166667,143.7933333
2009/6/23,16:37:17,宮城県沖,38°53.7′N,142°31.9′E,39 km,5.6,震度４,38.895,142.5316667
2009/6/24,2:14:38,宮城県沖,38°54.0′N,142°30.8′E,38 km,3.9,震度１,38.9,142.5133333
2009/6/24,5:08:43,茨城県南部,36°18.6′N,140°00.9′E,73 km,3.1,震度１,36.31,140.015
2009/6/24,5:48:36,広島県南西部,34°26.2′N,132°23.4′E,18 km,3,震度１,34.43666667,132.39
2009/6/24,8:26:45,岩手県内陸南部,39°10.4′N,140°50.8′E,7 km,3,震度１,39.17333333,140.8466667
2009/6/24,9:41:55,日高地方東部,42°19.7′N,143°00.2′E,52 km,3.3,震度１,42.32833333,143.0033333
2009/6/24,10:32:16,奄美大島北西沖,27°59.8′N,128°25.1′E,83 km,4.4,震度１,27.99666667,128.4183333
2009/6/24,18:15:51,能登半島沖,37°15.9′N,136°40.7′E,7 km,3.2,震度２,37.265,136.6783333
2009/6/25,6:09:54,台湾付近,24°02.3′N,122°16.6′E,28 km,5.1,震度１,24.03833333,122.2766667
2009/6/25,22:51:45,根室半島南東沖,43°17.6′N,146°26.0′E,45 km,4,震度２,43.29333333,146.4333333
2009/6/25,23:03:57,大分県西部,33°22.1′N,130°53.5′E,12 km,4.7,震度４,33.36833333,130.8916667
2009/6/25,23:24:33,大分県西部,33°22.0′N,130°53.1′E,12 km,2.9,震度２,33.36666667,130.885
2009/6/25,23:44:33,大分県西部,33°22.4′N,130°54.5′E,11 km,2.9,震度１,33.37333333,130.9083333
2009/6/25,23:45:50,大分県西部,33°22.5′N,130°54.6′E,11 km,3.1,震度１,33.375,130.91
2009/6/26,16:49:34,宮城県沖,38°54.4′N,142°30.3′E,39 km,3.8,震度１,38.90666667,142.505
2009/6/27,2:05:14,奈良県,34°21.2′N,136°06.4′E,8 km,3.9,震度３,34.35333333,136.1066667
2009/6/27,4:15:39,大分県西部,33°22.7′N,130°54.8′E,11 km,3.4,震度２,33.37833333,130.9133333
2009/6/27,7:14:13,石川県能登地方,37°17.0′N,136°47.3′E,10 km,2.7,震度１,37.28333333,136.7883333
2009/6/27,9:12:22,宮城県沖,38°53.8′N,142°30.0′E,41 km,3.8,震度１,38.89666667,142.5
2009/6/27,13:07:19,福島県沖,37°23.9′N,141°24.4′E,63 km,4,震度２,37.39833333,141.4066667
2009/6/27,13:55:05,和歌山県北部,34°09.3′N,135°19.2′E,5 km,2.1,震度１,34.155,135.32
2009/6/27,16:34:05,千葉県北西部,35°30.0′N,140°12.7′E,42 km,2.7,震度１,35.5,140.2116667
2009/6/27,18:00:58,日向灘,32°07.3′N,132°03.2′E,9 km,4,震度１,32.12166667,132.0533333
2009/6/27,18:29:58,長崎県南西部,32°58.9′N,129°53.7′E,12 km,2.6,震度１,32.98166667,129.895
2009/6/27,20:42:11,岩手県内陸南部,39°11.1′N,140°56.9′E,7 km,4.2,震度２,39.185,140.9483333
2009/6/28,3:48:11,福島県沖,37°02.6′N,141°11.1′E,70 km,3.6,震度１,37.04333333,141.185
2009/6/28,6:55:20,青森県東方沖,41°35.5′N,141°55.4′E,64 km,3.7,震度２,41.59166667,141.9233333
2009/6/28,9:25:12,紀伊水道,34°13.6′N,135°08.5′E,8 km,2,震度１,34.22666667,135.1416667
2009/6/28,9:35:28,長崎県南西部,32°58.8′N,129°53.7′E,12 km,4,震度３,32.98,129.895
2009/6/28,10:14:51,長崎県南西部,32°58.8′N,129°54.1′E,12 km,3.3,震度２,32.98,129.9016667
2009/6/28,20:00:46,長崎県南西部,32°58.8′N,129°53.7′E,12 km,3.3,震度２,32.98,129.895
2009/6/28,20:02:04,長崎県南西部,32°58.8′N,129°53.5′E,11 km,2.7,震度１,32.98,129.8916667
2009/6/29,1:20:33,宮城県沖,38°54.0′N,142°30.8′E,38 km,3.6,震度１,38.9,142.5133333
2009/6/29,6:13:12,千葉県南部,35°11.7′N,139°56.9′E,117 km,3.9,震度２,35.195,139.9483333
2009/6/29,14:25:24,大分県西部,33°22.5′N,130°53.9′E,11 km,2.6,震度１,33.375,130.8983333
2009/6/30,1:21:17,長崎県南西部,32°58.7′N,129°53.4′E,13 km,3.9,震度３,32.97833333,129.89
2009/6/30,6:18:16,種子島近海,30°55.3′N,130°22.9′E,125 km,3.5,震度１,30.92166667,130.3816667
2009/6/30,13:21:51,福島県沖,36°59.9′N,141°00.7′E,87 km,3.5,震度１,36.99833333,141.0116667
2009/7/1,1:51:13,和歌山県北部,34°13.3′N,135°12.2′E,3 km,2.2,震度１,34.22166667,135.2033333
2009/7/1,2:22:49,茨城県北部,36°31.9′N,140°25.9′E,95 km,3.6,震度１,36.53166667,140.4316667
2009/7/1,3:32:07,岩手県内陸南部,39°01.7′N,140°53.8′E,8 km,3.2,震度１,39.02833333,140.8966667
2009/7/1,5:48:43,五島列島近海,32°47.8′N,128°47.3′E,4 km,2.4,震度１,32.79666667,128.7883333
2009/7/2,1:54:18,茨城県南部,36°07.2′N,139°58.7′E,69 km,3.3,震度１,36.12,139.9783333
2009/7/2,11:26:24,茨城県沖,36°37.0′N,141°28.4′E,61 km,4.1,震度１,36.61666667,141.4733333
2009/7/2,12:50:19,宮城県沖,37°52.3′N,141°52.8′E,41 km,4.3,震度２,37.87166667,141.88
2009/7/2,18:05:54,紀伊水道,34°10.2′N,135°02.9′E,11 km,2.9,震度２,34.17,135.0483333
2009/7/2,20:25:00,和歌山県北部,34°13.2′N,135°12.3′E,3 km,2,震度１,34.22,135.205
2009/7/3,4:06:19,宮城県北部,38°49.1′N,140°49.0′E,3 km,1.9,震度１,38.81833333,140.8166667
2009/7/3,4:07:59,和歌山県北部,34°20.2′N,135°39.0′E,64 km,3.3,震度１,34.33666667,135.65
2009/7/3,4:40:03,和歌山県北部,34°13.3′N,135°12.2′E,4 km,2.2,震度１,34.22166667,135.2033333
2009/7/4,0:13:11,和歌山県北部,34°13.3′N,135°12.4′E,3 km,1.9,震度１,34.22166667,135.2066667
2009/7/4,0:21:22,和歌山県北部,34°13.3′N,135°12.4′E,3 km,2.4,震度２,34.22166667,135.2066667
2009/7/4,4:44:38,岩手県沖,40°20.9′N,142°05.1′E,50 km,3.7,震度１,40.34833333,142.085
2009/7/4,5:05:20,和歌山県北部,34°13.3′N,135°12.4′E,4 km,1.6,震度１,34.22166667,135.2066667
2009/7/4,7:46:38,茨城県沖,36°41.2′N,141°15.3′E,46 km,3.5,震度１,36.68666667,141.255
2009/7/4,13:50:35,大分県西部,33°22.3′N,130°54.2′E,12 km,3.3,震度１,33.37166667,130.9033333
2009/7/5,20:54:15,栃木県北部,36°37.7′N,139°28.5′E,9 km,2.6,震度１,36.62833333,139.475
2009/7/5,23:21:12,千葉県南東沖,34°33.4′N,140°34.0′E,94 km,3.7,震度１,34.55666667,140.5666667
2009/7/6,4:49:53,青森県三八上北地方,40°28.6′N,141°21.2′E,103 km,3.2,震度１,40.47666667,141.3533333
2009/7/6,7:00:35,福島県会津,37°00.9′N,139°20.2′E,7 km,1.9,震度１,37.015,139.3366667
2009/7/6,16:12:13,長崎県南西部,32°59.1′N,129°53.7′E,12 km,3,震度１,32.985,129.895
2009/7/7,5:42:03,沖縄本島近海,26°59.2′N,127°55.6′E,14 km,2.8,震度１,26.98666667,127.9266667
2009/7/7,7:03:09,宮城県沖,38°49.8′N,141°39.0′E,64 km,2.9,震度１,38.83,141.65
2009/7/7,7:35:07,沖縄本島近海,24°58.6′N,128°02.3′E,72 km,5.9,震度２,24.97666667,128.0383333
2009/7/7,12:54:16,千葉県北西部,35°25.5′N,140°08.5′E,57 km,3,震度１,35.425,140.1416667
2009/7/7,13:25:44,岐阜県美濃東部,35°17.5′N,137°27.9′E,11 km,2,震度１,35.29166667,137.465
2009/7/7,16:37:16,根室地方中部,43°26.2′N,145°13.1′E,89 km,3.1,震度１,43.43666667,145.2183333
2009/7/8,1:01:27,浦河沖,41°56.2′N,142°19.7′E,68 km,3.6,震度１,41.93666667,142.3283333
2009/7/8,7:33:06,茨城県北部,36°31.9′N,140°23.2′E,101 km,3.3,震度１,36.53166667,140.3866667
2009/7/8,7:38:53,薩摩半島西方沖,31°43.0′N,130°11.2′E,8 km,3.3,震度２,31.71666667,130.1866667
2009/7/8,23:02:50,徳島県南部,33°46.1′N,134°16.7′E,13 km,3,震度１,33.76833333,134.2783333
2009/7/9,1:11:00,北海道南西沖,41°25.0′N,140°06.4′E,7 km,3.2,震度２,41.41666667,140.1066667
2009/7/9,2:57:55,北海道南西沖,41°25.1′N,140°05.8′E,8 km,2.3,震度１,41.41833333,140.0966667
2009/7/9,17:20:53,東京湾,35°34.8′N,139°54.6′E,43 km,3.1,震度１,35.58,139.91
2009/7/10,9:07:16,種子島近海,30°33.9′N,131°07.5′E,32 km,3.8,震度２,30.565,131.125
2009/7/10,13:50:50,宮城県沖,38°17.6′N,141°41.0′E,89 km,3.5,震度１,38.29333333,141.6833333
2009/7/10,14:01:58,新潟県上中越沖,37°23.1′N,138°28.3′E,17 km,2.7,震度１,37.385,138.4716667
2009/7/11,0:01:37,苫小牧沖,42°29.2′N,141°22.6′E,134 km,4.7,震度３,42.48666667,141.3766667
2009/7/11,7:35:34,長崎県南西部,32°59.0′N,129°53.8′E,11 km,2.3,震度１,32.98333333,129.8966667
2009/7/12,3:46:53,福井県嶺南,35°25.3′N,135°43.5′E,6 km,2.8,震度１,35.42166667,135.725
2009/7/12,9:05:16,沖縄本島近海,26°08.4′N,127°15.7′E,45 km,3,震度１,26.14,127.2616667
2009/7/12,11:32:43,和歌山県北部,33°52.3′N,135°24.6′E,47 km,3.3,震度１,33.87166667,135.41
2009/7/12,11:36:19,和歌山県北部,33°52.3′N,135°24.6′E,47 km,3.4,震度２,33.87166667,135.41
2009/7/13,3:20:04,熊本県熊本地方,32°42.1′N,130°46.3′E,14 km,2.7,震度１,32.70166667,130.7716667
2009/7/13,4:28:08,釧路沖,42°58.8′N,145°26.0′E,47 km,4.4,震度３,42.98,145.4333333
2009/7/13,6:18:19,秋田県沿岸南部,39°17.9′N,140°20.9′E,10 km,2.4,震度１,39.29833333,140.3483333
2009/7/14,0:07:10,大阪府北部,34°57.5′N,135°35.2′E,14 km,2.9,震度１,34.95833333,135.5866667
2009/7/14,3:05:03,台湾付近,24°01.3′N,122°13.0′E,34 km,6.5,震度３,24.02166667,122.2166667
2009/7/14,3:57:30,岐阜県美濃東部,35°20.7′N,137°15.1′E,50 km,3.5,震度２,35.345,137.2516667
2009/7/14,14:11:35,宮城県沖,38°10.5′N,141°40.3′E,51 km,3.7,震度２,38.175,141.6716667
2009/7/14,14:29:28,宮城県沖,38°10.7′N,141°40.4′E,51 km,3.3,震度１,38.17833333,141.6733333
2009/7/14,16:26:14,新潟県上越地方,37°03.7′N,138°31.2′E,12 km,2.7,震度２,37.06166667,138.52
2009/7/15,14:59:57,新潟県中越地方,37°08.4′N,138°38.9′E,9 km,2.1,震度２,37.14,138.6483333
2009/7/15,15:32:24,福島県会津,37°17.1′N,139°55.4′E,8 km,2,震度１,37.285,139.9233333
2009/7/15,21:49:40,岐阜県飛騨地方,36°00.0′N,137°17.2′E,11 km,2.2,震度１,36,137.2866667
2009/7/15,22:01:35,紀伊水道,33°42.7′N,134°53.6′E,39 km,3.7,震度２,33.71166667,134.8933333
2009/7/15,23:32:29,宮城県沖,38°01.9′N,141°41.5′E,49 km,3.9,震度１,38.03166667,141.6916667
2009/7/16,1:34:19,留萌地方南部,44°05.0′N,141°44.4′E,10 km,3.1,震度１,44.08333333,141.74
2009/7/16,5:19:27,神奈川県西部,35°25.2′N,139°00.3′E,16 km,4.2,震度３,35.42,139.005
2009/7/16,14:04:14,東京都多摩東部,35°45.4′N,139°19.0′E,118 km,3.7,震度２,35.75666667,139.3166667
2009/7/16,19:48:14,台湾付近,24°05.6′N,122°13.2′E,33 km,5.7,震度２,24.09333333,122.22
2009/7/17,10:55:40,父島近海,26°26.0′N,142°44.6′E,39 km,5.1,震度２,26.43333333,142.7433333
2009/7/17,19:02:14,日向灘,32°17.8′N,132°13.7′E,16 km,3.6,震度１,32.29666667,132.2283333
2009/7/18,5:16:46,伊予灘,33°29.2′N,131°54.3′E,70 km,4.3,震度３,33.48666667,131.905
2009/7/18,11:01:47,福島県沖,37°11.0′N,141°59.2′E,46 km,4,震度１,37.18333333,141.9866667
2009/7/19,0:34:40,岩手県沖,40°21.1′N,142°05.4′E,50 km,3.7,震度１,40.35166667,142.09
2009/7/19,9:26:49,父島近海,26°29.1′N,142°18.7′E,65 km,4.3,震度１,26.485,142.3116667
2009/7/19,9:44:23,宮古島近海,25°04.7′N,125°20.4′E,18 km,3.3,震度１,25.07833333,125.34
2009/7/19,10:47:58,福島県沖,37°21.1′N,141°46.6′E,42 km,4.5,震度２,37.35166667,141.7766667
2009/7/19,16:40:01,日高地方西部,42°41.3′N,142°16.3′E,7 km,2.7,震度１,42.68833333,142.2716667
2009/7/19,17:16:58,岩手県内陸南部,39°30.4′N,140°44.0′E,9 km,3,震度１,39.50666667,140.7333333
2009/7/19,19:36:00,新島・神津島近海,34°16.9′N,139°13.0′E,8 km,2.2,震度１,34.28166667,139.2166667
2009/7/20,1:36:50,徳島県北部,33°54.0′N,134°07.3′E,8 km,2.9,震度３,33.9,134.1216667
2009/7/20,16:23:56,和歌山県北部,33°54.7′N,135°13.2′E,8 km,3.1,震度１,33.91166667,135.22
2009/7/21,7:12:45,千葉県北西部,35°42.1′N,140°03.4′E,37 km,3.3,震度２,35.70166667,140.0566667
2009/7/21,18:25:47,京都府南部,35°15.1′N,135°46.4′E,13 km,3.5,震度１,35.25166667,135.7733333
2009/7/22,3:56:41,茨城県北部,36°30.5′N,140°26.8′E,89 km,4.2,震度３,36.50833333,140.4466667
2009/7/22,6:40:51,長野県南部,35°46.9′N,138°03.7′E,10 km,3.4,震度１,35.78166667,138.0616667
2009/7/22,9:57:46,福岡県北西沖,33°46.5′N,130°06.3′E,13 km,3.2,震度１,33.775,130.105
2009/7/22,22:53:54,新潟県上越地方,36°58.4′N,138°20.9′E,11 km,2.2,震度１,36.97333333,138.3483333
2009/7/22,23:10:41,新潟県上越地方,36°58.3′N,138°20.5′E,10 km,2.2,震度１,36.97166667,138.3416667
2009/7/22,23:51:02,四国沖,33°01.9′N,134°19.2′E,29 km,4.6,震度４,33.03166667,134.32
2009/7/23,0:47:34,四国沖,33°02.4′N,134°19.5′E,29 km,4.1,震度３,33.04,134.325
2009/7/24,6:01:24,宮城県中部,38°27.4′N,141°12.3′E,11 km,2.5,震度１,38.45666667,141.205
2009/7/24,16:39:19,四国沖,33°02.5′N,134°19.6′E,27 km,2.8,震度１,33.04166667,134.3266667
2009/7/24,18:43:28,奄美大島近海,28°26.9′N,129°18.4′E,14 km,4.2,震度３,28.44833333,129.3066667
2009/7/25,12:45:12,茨城県沖,36°32.4′N,140°53.7′E,49 km,3.5,震度１,36.54,140.895
2009/7/25,13:18:13,奄美大島近海,28°25.4′N,129°19.0′E,14 km,3.4,震度１,28.42333333,129.3166667
2009/7/25,20:18:38,千葉県東方沖,35°27.2′N,140°27.1′E,56 km,3.5,震度１,35.45333333,140.4516667
2009/7/25,20:32:25,択捉島南東沖,44°22.8′N,148°10.8′E,105 km,4.9,震度１,44.38,148.18
2009/7/27,9:44:20,愛知県西部,35°04.6′N,137°16.2′E,41 km,4,震度３,35.07666667,137.27
2009/7/27,19:14:34,大阪府北部,34°57.6′N,135°26.7′E,10 km,2.5,震度１,34.96,135.445
2009/7/27,21:41:45,滋賀県北部,35°24.5′N,135°57.5′E,12 km,2.1,震度１,35.40833333,135.9583333
2009/7/28,4:16:18,国後島付近,43°48.2′N,145°24.6′E,147 km,4.7,震度２,43.80333333,145.41
2009/7/28,5:30:55,日向灘,32°00.8′N,131°51.1′E,34 km,4.2,震度２,32.01333333,131.8516667
2009/7/28,17:11:52,茨城県沖,36°04.8′N,141°22.7′E,42 km,4.3,震度１,36.08,141.3783333
2009/7/28,20:52:51,北海道南西沖,41°25.0′N,140°06.5′E,8 km,4,震度４,41.41666667,140.1083333
2009/7/28,20:55:18,北海道南西沖,41°25.1′N,140°06.7′E,7 km,2.6,震度１,41.41833333,140.1116667
2009/7/28,21:20:03,北海道南西沖,41°25.0′N,140°06.2′E,7 km,2.3,震度１,41.41666667,140.1033333
2009/7/29,20:03:30,北海道東方沖,43°18.6′N,147°07.6′E,49 km,4.4,震度２,43.31,147.1266667
2009/7/29,21:22:48,北海道東方沖,43°15.9′N,146°55.8′E,47 km,4.4,震度２,43.265,146.93
2009/7/30,20:07:24,奄美大島近海,27°46.5′N,128°42.8′E,42 km,3,震度１,27.775,128.7133333
2009/7/31,11:30:04,胆振地方中東部,42°40.4′N,141°55.9′E,124 km,4.1,震度１,42.67333333,141.9316667
2009/8/1,3:59:38,宮城県北部,38°50.4′N,140°49.5′E,6 km,2.4,震度１,38.84,140.825
2009/8/1,5:26:18,奄美大島近海,28°19.7′N,129°34.8′E,35 km,2.8,震度１,28.32833333,129.58
2009/8/1,6:09:35,熊本県熊本地方,32°45.1′N,130°47.0′E,8 km,2.9,震度２,32.75166667,130.7833333
2009/8/1,18:45:48,福島県沖,37°34.1′N,141°54.8′E,36 km,5,震度２,37.56833333,141.9133333
2009/8/1,21:36:47,神奈川県西部,35°21.5′N,139°06.4′E,17 km,2.9,震度１,35.35833333,139.1066667
2009/8/2,0:57:02,新潟県下越沖,38°18.2′N,138°46.9′E,28 km,4.9,震度３,38.30333333,138.7816667
2009/8/2,2:54:31,新潟県下越沖,38°18.7′N,138°46.4′E,26 km,4.8,震度３,38.31166667,138.7733333
2009/8/2,2:59:49,岩手県内陸北部,40°08.2′N,141°03.3′E,103 km,3.9,震度２,40.13666667,141.055
2009/8/2,3:53:09,新潟県下越沖,38°18.2′N,138°46.4′E,27 km,3.9,震度１,38.30333333,138.7733333
2009/8/2,14:51:11,茨城県南部,36°07.0′N,139°49.1′E,50 km,3,震度１,36.11666667,139.8183333
2009/8/3,0:21:04,新潟県中越地方,37°08.6′N,138°48.7′E,10 km,3.1,震度２,37.14333333,138.8116667
2009/8/3,2:10:56,岩手県沖,40°05.6′N,142°20.8′E,34 km,3.8,震度１,40.09333333,142.3466667
2009/8/3,4:19:53,新潟県中越地方,37°08.8′N,138°48.6′E,11 km,3.4,震度２,37.14666667,138.81
2009/8/3,5:23:34,新潟県中越地方,37°08.9′N,138°48.8′E,10 km,3.3,震度２,37.14833333,138.8133333
2009/8/3,6:28:11,岩手県沿岸北部,39°45.6′N,141°50.1′E,58 km,3.2,震度１,39.76,141.835
2009/8/3,12:15:50,長野県南部,35°16.0′N,137°38.7′E,6 km,1.7,震度１,35.26666667,137.645
2009/8/3,14:13:43,新潟県下越沖,38°17.5′N,138°46.9′E,25 km,4.7,震度２,38.29166667,138.7816667
2009/8/3,16:19:30,福島県沖,37°09.8′N,141°27.2′E,48 km,4.6,震度３,37.16333333,141.4533333
2009/8/3,20:18:15,熊本県天草・芦北地方,32°19.0′N,130°31.8′E,7 km,4.7,震度４,32.31666667,130.53
2009/8/3,20:19:17,熊本県天草・芦北地方,32°19.0′N,130°31.9′E,7 km,3.1,震度１,32.31666667,130.5316667
2009/8/3,20:29:09,熊本県天草・芦北地方,32°19.5′N,130°31.9′E,7 km,2.5,震度１,32.325,130.5316667
2009/8/3,20:30:56,熊本県天草・芦北地方,32°19.2′N,130°31.9′E,7 km,2.6,震度１,32.32,130.5316667
2009/8/4,0:06:13,岐阜県飛騨地方,36°00.7′N,137°32.6′E,6 km,2,震度１,36.01166667,137.5433333
2009/8/4,0:44:09,宮崎県南部山沿い,31°55.2′N,131°00.3′E,10 km,2.6,震度１,31.92,131.005
2009/8/4,5:56:51,淡路島付近,34°24.8′N,134°47.6′E,14 km,2.5,震度１,34.41333333,134.7933333
2009/8/4,8:09:23,岩手県沖,40°21.1′N,142°04.5′E,50 km,3.8,震度１,40.35166667,142.075
2009/8/4,13:18:04,新潟県中越地方,37°17.2′N,138°31.7′E,10 km,2.7,震度１,37.28666667,138.5283333
2009/8/4,20:26:59,富山県東部,36°39.6′N,137°41.9′E,0 km,3,震度２,36.66,137.6983333
2009/8/5,4:46:26,岐阜県飛騨地方,36°01.6′N,137°33.2′E,7 km,1.7,震度１,36.02666667,137.5533333
2009/8/5,7:40:35,栃木県北部,36°56.6′N,139°45.6′E,7 km,3.3,震度２,36.94333333,139.76
2009/8/5,9:17:58,宮古島近海,24°10.5′N,125°15.8′E,22 km,6.5,震度４,24.175,125.2633333
2009/8/5,9:18:14,栃木県北部,36°59.7′N,140°05.9′E,101 km,4.1,震度２,36.995,140.0983333
2009/8/5,12:51:14,日向灘,32°31.1′N,132°07.1′E,33 km,5,震度４,32.51833333,132.1183333
2009/8/5,13:02:48,徳島県北部,34°01.4′N,133°54.2′E,8 km,2.4,震度１,34.02333333,133.9033333
2009/8/5,20:26:47,宮古島近海,24°09.6′N,125°12.8′E,20 km,4.6,震度１,24.16,125.2133333
2009/8/6,5:48:32,渡島地方東部,41°53.2′N,140°36.1′E,9 km,2.7,震度１,41.88666667,140.6016667
2009/8/6,6:03:22,神奈川県西部,35°14.7′N,139°00.2′E,4 km,3.2,震度２,35.245,139.0033333
2009/8/6,6:33:13,千葉県南東沖,35°01.7′N,140°21.9′E,74 km,3.5,震度１,35.02833333,140.365
2009/8/6,11:21:58,熊本県天草・芦北地方,32°19.3′N,130°32.0′E,7 km,4.3,震度３,32.32166667,130.5333333
2009/8/6,11:37:14,神奈川県西部,35°14.8′N,138°59.8′E,2 km,2.9,震度１,35.24666667,138.9966667
2009/8/6,14:39:46,福島県沖,37°14.7′N,142°08.2′E,36 km,4.9,震度２,37.245,142.1366667
2009/8/6,17:19:06,新島・神津島近海,34°16.0′N,139°10.4′E,11 km,2,震度１,34.26666667,139.1733333
2009/8/7,3:20:24,千葉県南部,35°16.7′N,140°20.3′E,11 km,2.2,震度１,35.27833333,140.3383333
2009/8/7,13:45:22,北海道南西沖,41°24.7′N,140°06.0′E,7 km,3.3,震度２,41.41166667,140.1
2009/8/7,22:32:05,留萌地方南部,44°02.3′N,141°47.2′E,7 km,1.9,震度１,44.03833333,141.7866667
2009/8/8,7:30:32,福島県沖,37°14.9′N,142°09.2′E,36 km,4.7,震度２,37.24833333,142.1533333
2009/8/8,7:45:52,宮城県北部,38°47.0′N,140°43.4′E,3 km,1.9,震度１,38.78333333,140.7233333
2009/8/8,14:44:14,宮古島近海,24°12.5′N,125°11.3′E,22 km,5,震度１,24.20833333,125.1883333
2009/8/9,5:57:10,種子島近海,30°35.3′N,131°08.6′E,30 km,3.9,震度１,30.58833333,131.1433333
2009/8/9,19:55:52,東海道南方沖,33°07.6′N,138°24.2′E,333 km,6.8,震度４,33.12666667,138.4033333
2009/8/9,21:09:44,福井県嶺北,35°45.2′N,136°18.9′E,13 km,3,震度１,35.75333333,136.315
2009/8/10,1:01:25,東海道南方沖,33°08.2′N,138°25.7′E,316 km,4.8,震度１,33.13666667,138.4283333
2009/8/10,3:26:32,岩手県沿岸北部,39°30.6′N,141°50.3′E,95 km,3.9,震度２,39.51,141.8383333
2009/8/10,21:37:32,十勝地方南部,42°39.2′N,143°24.4′E,83 km,3.2,震度１,42.65333333,143.4066667
2009/8/11,5:07:06,駿河湾,34°47.1′N,138°29.9′E,23 km,6.5,震度６弱,34.785,138.4983333
2009/8/11,5:11:58,駿河湾,34°49.1′N,138°29.9′E,25 km,3.1,震度１,34.81833333,138.4983333
2009/8/11,5:12:56,駿河湾,34°52.1′N,138°26.1′E,24 km,3.2,震度１,34.86833333,138.435
2009/8/11,5:14:56,駿河湾,34°49.6′N,138°32.3′E,21 km,3.1,震度１,34.82666667,138.5383333
2009/8/11,5:15:56,駿河湾,34°54.1′N,138°24.7′E,23 km,2.9,震度１,34.90166667,138.4116667
2009/8/11,5:17:19,駿河湾,34°48.3′N,138°26.8′E,22 km,3,震度１,34.805,138.4466667
2009/8/11,5:20:58,駿河湾,34°49.0′N,138°25.2′E,21 km,2.9,震度１,34.81666667,138.42
2009/8/11,5:24:03,駿河湾,34°51.3′N,138°26.7′E,23 km,3.3,震度１,34.855,138.445
2009/8/11,5:28:19,駿河湾,34°48.9′N,138°31.2′E,21 km,2.8,震度１,34.815,138.52
2009/8/11,5:29:13,駿河湾,34°50.8′N,138°23.2′E,21 km,2.7,震度１,34.84666667,138.3866667
2009/8/11,5:31:43,駿河湾,34°50.3′N,138°27.0′E,23 km,3,震度１,34.83833333,138.45
2009/8/11,6:04:29,駿河湾,34°53.1′N,138°26.0′E,22 km,3.1,震度１,34.885,138.4333333
2009/8/11,6:07:00,駿河湾,34°49.6′N,138°29.3′E,23 km,3.7,震度２,34.82666667,138.4883333
2009/8/11,6:10:58,駿河湾,34°52.9′N,138°26.0′E,23 km,3.1,震度１,34.88166667,138.4333333
2009/8/11,6:13:14,駿河湾,34°53.8′N,138°25.4′E,23 km,4,震度２,34.89666667,138.4233333
2009/8/11,6:27:08,駿河湾,34°52.1′N,138°27.1′E,24 km,4.4,震度３,34.86833333,138.4516667
2009/8/11,6:51:24,駿河湾,34°46.4′N,138°27.9′E,21 km,2.7,震度１,34.77333333,138.465
2009/8/11,7:21:32,駿河湾,34°49.1′N,138°30.1′E,20 km,3,震度１,34.81833333,138.5016667
2009/8/11,7:32:31,駿河湾,34°48.0′N,138°32.2′E,21 km,3.3,震度１,34.8,138.5366667
2009/8/11,8:07:47,駿河湾,34°51.1′N,138°25.6′E,22 km,2.9,震度１,34.85166667,138.4266667
2009/8/11,18:09:43,駿河湾,34°49.0′N,138°31.8′E,19 km,4.4,震度２,34.81666667,138.53
2009/8/11,19:46:15,駿河湾,34°48.7′N,138°31.3′E,22 km,3.2,震度１,34.81166667,138.5216667
2009/8/11,20:02:20,駿河湾,34°52.1′N,138°24.9′E,20 km,2.8,震度１,34.86833333,138.415
2009/8/12,2:50:28,伊豆大島近海,34°47.9′N,139°14.1′E,11 km,2.4,震度１,34.79833333,139.235
2009/8/12,12:20:06,島根県東部,35°21.3′N,133°18.2′E,11 km,2.1,震度１,35.355,133.3033333
2009/8/12,12:43:36,駿河湾,34°46.4′N,138°29.1′E,25 km,3.5,震度１,34.77333333,138.485
2009/8/12,15:05:38,岩手県内陸南部,39°14.2′N,140°58.9′E,7 km,2.7,震度１,39.23666667,140.9816667
2009/8/12,17:51:49,青森県東方沖,40°52.3′N,142°02.7′E,61 km,4.2,震度２,40.87166667,142.045
2009/8/13,7:48:52,八丈島東方沖,32°52.1′N,140°49.5′E,57 km,6.6,震度５弱,32.86833333,140.825
2009/8/13,7:52:11,八丈島東方沖,32°52.0′N,140°39.3′E,66 km,5.2,震度２,32.86666667,140.655
2009/8/13,10:53:09,八丈島東方沖,32°50.2′N,140°43.2′E,62 km,5,震度２,32.83666667,140.72
2009/8/13,12:42:48,駿河湾,34°48.8′N,138°29.2′E,19 km,4.3,震度３,34.81333333,138.4866667
2009/8/13,18:11:05,駿河湾,34°50.4′N,138°24.5′E,23 km,4.5,震度３,34.84,138.4083333
2009/8/13,18:12:56,駿河湾,34°49.3′N,138°24.9′E,19 km,3.7,震度２,34.82166667,138.415
2009/8/13,20:29:52,駿河湾,34°48.4′N,138°27.7′E,20 km,2.8,震度１,34.80666667,138.4616667
2009/8/13,22:35:23,十勝地方南部,42°18.3′N,143°06.3′E,48 km,3.3,震度１,42.305,143.105
2009/8/13,22:47:25,釧路沖,42°58.9′N,145°24.4′E,47 km,3.7,震度２,42.98166667,145.4066667
2009/8/13,23:13:30,房総半島南方沖,34°20.2′N,140°23.7′E,62 km,4,震度１,34.33666667,140.395
2009/8/14,12:20:06,駿河湾,34°50.8′N,138°23.4′E,18 km,2.9,震度１,34.84666667,138.39
2009/8/14,17:10:25,駿河湾,34°52.9′N,138°23.3′E,19 km,2.6,震度１,34.88166667,138.3883333
2009/8/15,9:14:08,駿河湾,34°49.2′N,138°27.6′E,19 km,3,震度１,34.82,138.46
2009/8/15,19:45:49,根室半島南東沖,43°05.8′N,145°48.1′E,50 km,4.6,震度３,43.09666667,145.8016667
2009/8/15,20:47:22,駿河湾,34°52.7′N,138°25.2′E,22 km,3.3,震度２,34.87833333,138.42
2009/8/16,14:08:37,駿河湾,34°53.7′N,138°24.2′E,21 km,3.3,震度２,34.895,138.4033333
2009/8/16,14:27:36,岩手県内陸南部,39°03.6′N,140°54.4′E,7 km,3.4,震度２,39.06,140.9066667
2009/8/16,15:56:43,八丈島東方沖,32°53.4′N,140°45.8′E,53 km,3.7,震度１,32.89,140.7633333
2009/8/16,21:32:53,新潟県上中越沖,37°24.6′N,138°32.8′E,18 km,3,震度１,37.41,138.5466667
2009/8/17,2:21:08,千葉県北東部,35°43.1′N,140°42.2′E,49 km,3.8,震度２,35.71833333,140.7033333
2009/8/17,2:23:51,福岡県北西沖,33°40.2′N,130°25.2′E,13 km,3.6,震度３,33.67,130.42
2009/8/17,2:33:32,千葉県北東部,35°42.7′N,140°41.9′E,48 km,3.3,震度１,35.71166667,140.6983333
2009/8/17,9:05:49,石垣島近海,23°26.2′N,123°38.0′E,48 km,6.7,震度３,23.43666667,123.6333333
2009/8/17,11:00:03,千葉県北東部,35°43.6′N,140°42.0′E,49 km,3.4,震度１,35.72666667,140.7
2009/8/17,12:31:41,茨城県沖,36°18.5′N,141°00.4′E,46 km,3.6,震度１,36.30833333,141.0066667
2009/8/17,19:10:54,石垣島近海,23°16.6′N,123°40.2′E,42 km,6.6,震度２,23.27666667,123.67
2009/8/17,19:15:06,石垣島近海,23°22.9′N,123°39.3′E,43 km,5.3,震度２,23.38166667,123.655
2009/8/17,20:40:12,福岡県北西沖,33°43.4′N,130°12.0′E,14 km,3.9,震度３,33.72333333,130.2
2009/8/18,6:58:56,栃木県北部,36°51.7′N,140°13.0′E,92 km,4.4,震度３,36.86166667,140.2166667
2009/8/18,9:19:54,駿河湾,34°51.3′N,138°24.4′E,19 km,3.2,震度１,34.855,138.4066667
2009/8/18,10:47:53,石垣島近海,23°25.1′N,123°33.4′E,46 km,5.3,震度１,23.41833333,123.5566667
2009/8/18,18:17:28,秋田県内陸南部,39°26.1′N,140°22.4′E,13 km,3.2,震度１,39.435,140.3733333
2009/8/18,19:22:48,駿河湾,34°51.2′N,138°23.2′E,19 km,3.1,震度２,34.85333333,138.3866667
2009/8/18,22:17:36,石垣島近海,23°22.2′N,123°33.2′E,44 km,5.9,震度２,23.37,123.5533333
2009/8/19,4:58:40,駿河湾,34°50.2′N,138°23.9′E,19 km,2.9,震度１,34.83666667,138.3983333
2009/8/20,2:41:48,与那国島近海,24°21.7′N,123°01.2′E,49 km,4.1,震度１,24.36166667,123.02
2009/8/20,13:49:43,沖縄本島近海,26°40.1′N,127°45.1′E,54 km,3.4,震度２,26.66833333,127.7516667
2009/8/20,23:09:13,駿河湾,34°49.1′N,138°31.2′E,19 km,3.4,震度２,34.81833333,138.52
2009/8/20,23:18:10,石垣島近海,23°25.4′N,123°31.1′E,49 km,5.4,震度１,23.42333333,123.5183333
2009/8/21,8:51:17,千葉県北西部,35°42.4′N,139°58.1′E,64 km,4.2,震度３,35.70666667,139.9683333
2009/8/21,8:56:22,岩手県内陸南部,39°05.5′N,140°56.6′E,6 km,3.4,震度１,39.09166667,140.9433333
2009/8/21,15:13:52,宮城県沖,38°11.4′N,141°39.4′E,51 km,3.1,震度１,38.19,141.6566667
2009/8/21,20:35:19,沖縄本島近海,26°35.8′N,127°58.3′E,20 km,3.1,震度１,26.59666667,127.9716667
2009/8/22,1:01:29,熊本県天草・芦北地方,32°18.8′N,130°31.8′E,6 km,2.4,震度１,32.31333333,130.53
2009/8/22,7:36:09,青森県東方沖,40°41.1′N,142°14.4′E,46 km,3.5,震度１,40.685,142.24
2009/8/22,9:41:18,根室半島南東沖,43°05.5′N,145°39.7′E,47 km,3.4,震度１,43.09166667,145.6616667
2009/8/22,14:47:37,茨城県南部,36°08.8′N,139°49.4′E,51 km,3.4,震度１,36.14666667,139.8233333
2009/8/22,22:18:38,千島列島,45°32.1′N,150°06.9′E,184 km,5.2,震度１,45.535,150.115
2009/8/22,23:48:15,宮城県沖,38°01.1′N,142°38.9′E,30 km,4.3,震度１,38.01833333,142.6483333
2009/8/23,1:42:15,島根県東部,35°15.3′N,132°41.3′E,9 km,2.4,震度１,35.255,132.6883333
2009/8/23,21:33:22,八丈島東方沖,32°53.5′N,140°46.3′E,56 km,4,震度１,32.89166667,140.7716667
2009/8/23,22:16:11,新島・神津島近海,34°22.2′N,139°11.0′E,7 km,2.1,震度２,34.37,139.1833333
2009/8/24,4:46:27,日高地方中部,42°17.3′N,142°30.2′E,33 km,3.4,震度２,42.28833333,142.5033333
2009/8/24,13:30:39,新潟県上中越沖,37°26.7′N,138°35.0′E,19 km,3.6,震度３,37.445,138.5833333
2009/8/24,14:26:17,青森県西方沖,41°03.6′N,140°14.6′E,172 km,5.4,震度３,41.06,140.2433333
2009/8/25,2:22:49,浦河沖,42°08.9′N,142°47.9′E,32 km,4.5,震度３,42.14833333,142.7983333
2009/8/25,12:18:49,奄美大島近海,28°25.8′N,129°19.0′E,14 km,3.4,震度１,28.43,129.3166667
2009/8/25,20:19:26,千葉県北東部,35°23.9′N,140°19.1′E,26 km,3.6,震度３,35.39833333,140.3183333
2009/8/25,22:21:16,福島県沖,37°22.8′N,141°13.8′E,61 km,3.5,震度１,37.38,141.23
2009/8/26,2:33:46,父島近海,27°18.4′N,141°57.7′E,52 km,4,震度１,27.30666667,141.9616667
2009/8/26,4:58:43,和歌山県北部,34°05.8′N,135°08.1′E,5 km,2.4,震度１,34.09666667,135.135
2009/8/26,17:44:51,伊豆大島近海,34°45.2′N,139°28.6′E,119 km,3.6,震度１,34.75333333,139.4766667
2009/8/27,13:20:30,小笠原諸島西方沖,26°05.5′N,141°21.3′E,95 km,4.2,震度１,26.09166667,141.355
2009/8/27,17:47:31,紀伊水道,33°39.6′N,135°12.3′E,40 km,4,震度２,33.66,135.205
2009/8/27,19:50:27,長野県南部,35°51.4′N,137°34.9′E,6 km,2.2,震度１,35.85666667,137.5816667
2009/8/27,20:26:24,駿河湾,34°52.1′N,138°24.9′E,20 km,3.1,震度１,34.86833333,138.415
2009/8/28,14:47:50,種子島近海,29°52.0′N,130°41.9′E,36 km,5,震度２,29.86666667,130.6983333
2009/8/28,19:26:32,長野県中部,36°26.8′N,138°02.0′E,3 km,2.3,震度１,36.44666667,138.0333333
2009/8/28,20:00:12,種子島近海,29°52.6′N,130°42.4′E,39 km,4.4,震度１,29.87666667,130.7066667
2009/8/29,7:24:44,十勝沖,42°22.2′N,143°53.8′E,58 km,4.1,震度２,42.37,143.8966667
2009/8/29,15:30:41,茨城県南部,35°53.7′N,140°21.4′E,37 km,3.1,震度２,35.895,140.3566667
2009/8/30,0:48:50,天草灘,31°59.4′N,130°09.5′E,7 km,2.5,震度１,31.99,130.1583333
2009/8/30,1:32:47,静岡県中部,34°41.1′N,138°12.7′E,11 km,2.6,震度１,34.685,138.2116667
2009/8/30,13:25:03,岩手県内陸南部,38°49.9′N,141°25.2′E,15 km,2.6,震度１,38.83166667,141.42
2009/8/30,22:09:45,奄美大島近海,28°43.8′N,130°11.2′E,40 km,4.8,震度１,28.73,130.1866667
2009/8/31,0:45:54,福島県沖,37°05.6′N,141°29.1′E,48 km,4.8,震度３,37.09333333,141.485
2009/8/31,13:43:32,福島県沖,37°08.9′N,141°28.4′E,47 km,3.6,震度１,37.14833333,141.4733333
2009/8/31,17:55:54,八丈島東方沖,32°50.7′N,140°44.5′E,54 km,4.2,震度１,32.845,140.7416667
2009/8/31,18:15:27,上川地方北部,44°17.9′N,142°07.7′E,7 km,2.8,震度１,44.29833333,142.1283333
2009/8/31,18:20:16,上川地方北部,44°18.1′N,142°07.2′E,7 km,3,震度１,44.30166667,142.12
2009/8/31,21:11:40,大分県西部,33°22.5′N,130°54.7′E,12 km,3.9,震度３,33.375,130.9116667
2009/9/1,1:49:01,大分県西部,33°22.5′N,130°54.9′E,12 km,2.8,震度２,33.375,130.915
2009/9/1,2:37:27,沖縄本島近海,27°30.8′N,128°36.5′E,39 km,4,震度２,27.51333333,128.6083333
2009/9/1,4:47:37,長崎県南西部,32°57.9′N,130°05.2′E,10 km,2.6,震度１,32.965,130.0866667
2009/9/1,6:16:43,新潟県上越地方,37°08.7′N,138°25.2′E,19 km,2.1,震度１,37.145,138.42
2009/9/1,14:04:38,宮城県沖,38°47.3′N,141°37.7′E,70 km,3.3,震度１,38.78833333,141.6283333
2009/9/1,15:49:44,福島県沖,37°09.6′N,141°20.5′E,48 km,3.9,震度２,37.16,141.3416667
2009/9/1,16:40:11,釧路地方中南部,42°57.1′N,143°48.6′E,87 km,3,震度１,42.95166667,143.81
2009/9/1,18:43:52,和歌山県北部,33°53.6′N,135°22.0′E,52 km,3.5,震度２,33.89333333,135.3666667
2009/9/1,21:02:21,千葉県東方沖,35°36.6′N,141°05.5′E,36 km,4.9,震度２,35.61,141.0916667
2009/9/1,21:51:31,福岡県北西沖,33°40.8′N,130°21.1′E,7 km,2.6,震度１,33.68,130.3516667
2009/9/2,0:14:08,沖縄本島近海,26°48.7′N,128°26.0′E,31 km,3,震度１,26.81166667,128.4333333
2009/9/2,0:26:03,奄美大島北東沖,29°48.1′N,130°21.3′E,19 km,4.5,震度１,29.80166667,130.355
2009/9/2,4:56:24,釧路沖,42°50.5′N,145°33.1′E,45 km,4.1,震度２,42.84166667,145.5516667
2009/9/2,6:40:26,伊予灘,33°45.9′N,132°24.1′E,51 km,3.9,震度２,33.765,132.4016667
2009/9/2,7:30:15,新潟県中越地方,37°08.7′N,138°49.6′E,7 km,2.6,震度１,37.145,138.8266667
2009/9/2,13:04:45,駿河湾,34°52.0′N,138°26.7′E,22 km,3.8,震度２,34.86666667,138.445
2009/9/2,14:18:02,北海道東方沖,43°41.6′N,147°14.7′E,30 km,4.6,震度１,43.69333333,147.245
2009/9/2,17:37:53,豊後水道,33°18.9′N,132°07.5′E,47 km,3.6,震度１,33.315,132.125
2009/9/2,18:30:19,沖縄本島近海,26°42.3′N,127°45.6′E,52 km,3.8,震度１,26.705,127.76
2009/9/2,21:24:39,北海道東方沖,43°33.0′N,147°41.8′E,15 km,4.6,震度１,43.55,147.6966667
2009/9/3,10:12:08,新島・神津島近海,34°14.0′N,139°09.5′E,10 km,2,震度１,34.23333333,139.1583333
2009/9/3,18:32:42,宮城県沖,37°59.9′N,142°39.6′E,51 km,4.3,震度１,37.99833333,142.66
2009/9/3,22:26:18,薩摩半島西方沖,31°07.5′N,130°18.0′E,167 km,6,震度４,31.125,130.3
2009/9/4,10:18:15,房総半島南方沖,34°15.7′N,140°51.0′E,51 km,4.5,震度１,34.26166667,140.85
2009/9/4,10:42:10,青森県東方沖,41°00.6′N,142°17.2′E,47 km,3.9,震度１,41.01,142.2866667
2009/9/4,11:29:52,奄美大島近海,28°04.2′N,129°26.7′E,38 km,3.7,震度１,28.07,129.445
2009/9/4,11:30:32,千葉県北西部,35°48.8′N,140°05.5′E,67 km,4.5,震度３,35.81333333,140.0916667
2009/9/5,2:02:58,岐阜県美濃中西部,35°12.3′N,136°41.9′E,15 km,2.9,震度１,35.205,136.6983333
2009/9/5,2:37:01,宮城県沖,38°17.9′N,141°51.1′E,47 km,3.7,震度１,38.29833333,141.8516667
2009/9/5,10:59:35,栃木県北部,36°58.0′N,140°10.8′E,100 km,4.2,震度３,36.96666667,140.18
2009/9/5,15:14:19,豊後水道,33°12.6′N,132°20.8′E,38 km,3.2,震度２,33.21,132.3466667
2009/9/6,20:52:51,宮古島近海,24°49.1′N,125°23.4′E,49 km,4,震度２,24.81833333,125.39
2009/9/7,0:17:13,大分県西部,33°22.3′N,130°55.0′E,12 km,2.7,震度１,33.37166667,130.9166667
2009/9/7,4:42:03,八丈島東方沖,32°52.0′N,140°44.9′E,56 km,4,震度１,32.86666667,140.7483333
2009/9/7,6:16:08,伊豆大島近海,34°47.9′N,139°18.6′E,1 km,1.6,震度１,34.79833333,139.31
2009/9/7,13:42:35,三陸沖,38°28.2′N,143°10.2′E,26 km,4.5,震度１,38.47,143.17
2009/9/8,1:04:22,長野県南部,35°51.5′N,137°29.9′E,6 km,2.2,震度１,35.85833333,137.4983333
2009/9/8,1:17:30,伊豆大島近海,34°47.5′N,139°19.4′E,7 km,2.3,震度２,34.79166667,139.3233333
2009/9/8,1:18:29,伊豆大島近海,34°48.1′N,139°19.9′E,7 km,1.4,震度１,34.80166667,139.3316667
2009/9/8,1:19:34,伊豆大島近海,34°47.7′N,139°19.3′E,6 km,1.8,震度２,34.795,139.3216667
2009/9/8,1:24:27,日高地方東部,42°11.5′N,142°58.3′E,51 km,4.8,震度４,42.19166667,142.9716667
2009/9/8,7:48:00,釧路地方中南部,43°03.3′N,144°04.1′E,88 km,2.9,震度１,43.055,144.0683333
2009/9/8,10:02:55,千葉県北西部,35°45.3′N,140°05.5′E,41 km,4.1,震度２,35.755,140.0916667
2009/9/8,13:36:32,新潟県中越地方,37°15.6′N,138°36.5′E,12 km,2.6,震度２,37.26,138.6083333
2009/9/8,22:33:52,福島県沖,37°41.9′N,141°45.3′E,49 km,4.5,震度２,37.69833333,141.755
2009/9/9,1:35:15,和歌山県北部,34°08.9′N,135°10.8′E,5 km,2.1,震度１,34.14833333,135.18
2009/9/9,7:34:03,群馬県南部,36°21.8′N,139°21.5′E,10 km,2.2,震度１,36.36333333,139.3583333
2009/9/9,15:45:33,苫小牧沖,41°42.1′N,141°27.8′E,96 km,3.4,震度１,41.70166667,141.4633333
2009/9/9,16:43:17,沖縄本島北西沖,26°45.1′N,126°27.7′E,6 km,3.6,震度１,26.75166667,126.4616667
2009/9/9,17:02:29,福島県沖,37°41.7′N,141°50.2′E,39 km,4,震度１,37.695,141.8366667
2009/9/10,0:22:00,茨城県沖,36°38.1′N,141°01.9′E,47 km,4.2,震度２,36.635,141.0316667
2009/9/10,0:39:40,青森県東方沖,41°10.6′N,142°15.2′E,50 km,4,震度２,41.17666667,142.2533333
2009/9/10,5:23:53,茨城県沖,36°22.5′N,140°59.6′E,46 km,3.6,震度１,36.375,140.9933333
2009/9/10,5:31:32,新潟県上越地方,37°06.7′N,138°28.0′E,16 km,2.1,震度１,37.11166667,138.4666667
2009/9/10,13:09:16,千葉県東方沖,35°33.7′N,141°02.6′E,38 km,3.5,震度１,35.56166667,141.0433333
2009/9/10,17:45:42,西表島付近,23°57.4′N,123°34.9′E,32 km,4,震度１,23.95666667,123.5816667
2009/9/10,18:29:19,根室半島南東沖,43°09.5′N,146°15.3′E,68 km,4.7,震度３,43.15833333,146.255
2009/9/11,5:21:58,沖縄本島近海,26°49.5′N,128°26.6′E,30 km,3.9,震度２,26.825,128.4433333
2009/9/11,14:01:43,宗谷地方北部,45°05.0′N,141°52.5′E,10 km,3.4,震度３,45.08333333,141.875
2009/9/11,14:05:13,宗谷地方北部,45°05.1′N,141°52.4′E,10 km,2.4,震度１,45.085,141.8733333
2009/9/11,14:08:37,宗谷地方北部,45°04.7′N,141°51.9′E,10 km,3.7,震度３,45.07833333,141.865
2009/9/11,18:23:40,福島県会津,37°21.7′N,139°45.1′E,5 km,3.1,震度１,37.36166667,139.7516667
2009/9/11,19:25:48,福岡県北西沖,33°46.0′N,130°10.1′E,11 km,3.2,震度１,33.76666667,130.1683333
2009/9/12,11:01:56,岡山県北部,35°01.0′N,134°10.5′E,16 km,3.3,震度２,35.01666667,134.175
2009/9/12,15:51:01,茨城県沖,36°23.2′N,141°08.0′E,48 km,3.9,震度２,36.38666667,141.1333333
2009/9/12,16:03:51,宮城県北部,38°50.6′N,140°49.4′E,6 km,2.7,震度１,38.84333333,140.8233333
2009/9/12,23:30:22,岐阜県飛騨地方,36°00.2′N,137°33.0′E,7 km,2.2,震度１,36.00333333,137.55
2009/9/13,0:33:07,岡山県北部,35°01.1′N,134°10.4′E,16 km,3,震度１,35.01833333,134.1733333
2009/9/13,8:55:59,奄美大島北東沖,29°08.3′N,130°06.5′E,64 km,4.4,震度１,29.13833333,130.1083333
2009/9/13,9:37:34,十勝地方中部,42°42.3′N,143°22.3′E,45 km,3.6,震度２,42.705,143.3716667
2009/9/13,17:37:10,青森県東方沖,41°16.5′N,142°42.7′E,27 km,4.5,震度２,41.275,142.7116667
2009/9/13,22:56:42,千葉県北西部,35°48.1′N,140°08.3′E,65 km,4,震度１,35.80166667,140.1383333
2009/9/14,14:44:39,長野県南部,35°53.9′N,137°46.1′E,9 km,2.1,震度１,35.89833333,137.7683333
2009/9/15,1:07:12,静岡県東部,35°20.7′N,138°56.4′E,15 km,3.7,震度２,35.345,138.94
2009/9/15,4:20:25,和歌山県北部,33°59.2′N,135°18.1′E,5 km,2.7,震度１,33.98666667,135.3016667
2009/9/15,9:48:53,青森県東方沖,40°40.1′N,142°34.9′E,33 km,3.7,震度１,40.66833333,142.5816667
2009/9/15,14:19:20,茨城県南部,36°01.3′N,139°56.1′E,40 km,2.6,震度１,36.02166667,139.935
2009/9/15,16:48:34,長野県南部,35°55.8′N,137°37.4′E,10 km,2.7,震度１,35.93,137.6233333
2009/9/16,6:42:52,三重県中部,34°48.1′N,136°25.5′E,13 km,3.3,震度２,34.80166667,136.425
2009/9/16,10:48:48,浦河沖,42°02.4′N,142°36.2′E,62 km,3.5,震度１,42.04,142.6033333
2009/9/16,12:52:09,釧路沖,42°55.4′N,144°01.0′E,81 km,3,震度１,42.92333333,144.0166667
2009/9/16,18:28:01,千葉県南東沖,34°59.1′N,140°29.1′E,60 km,3.4,震度１,34.985,140.485
2009/9/16,21:38:05,大分県西部,33°22.3′N,130°54.9′E,12 km,3.5,震度３,33.37166667,130.915
2009/9/17,2:10:10,大分県西部,33°22.3′N,130°55.0′E,12 km,3.3,震度２,33.37166667,130.9166667
2009/9/17,13:38:24,北海道東方沖,43°48.3′N,147°24.7′E,37 km,4.8,震度１,43.805,147.4116667
2009/9/18,15:36:27,青森県東方沖,41°33.2′N,142°03.9′E,67 km,4.2,震度２,41.55333333,142.065
2009/9/19,1:36:05,西表島付近,23°58.0′N,123°34.7′E,31 km,3.9,震度１,23.96666667,123.5783333
2009/9/19,1:46:16,京都府南部,35°05.8′N,135°33.7′E,12 km,3.6,震度２,35.09666667,135.5616667
2009/9/19,13:42:37,橘湾,32°37.2′N,129°53.1′E,12 km,2.6,震度１,32.62,129.885
2009/9/19,17:21:13,茨城県沖,36°35.3′N,141°22.7′E,48 km,3.7,震度１,36.58833333,141.3783333
2009/9/19,18:03:04,天草灘,32°04.5′N,129°43.7′E,11 km,3.3,震度１,32.075,129.7283333
2009/9/20,20:11:00,新島・神津島近海,34°14.7′N,139°11.3′E,11 km,2.3,震度１,34.245,139.1883333
2009/9/21,0:30:07,浦河沖,42°20.1′N,142°12.2′E,59 km,3.8,震度１,42.335,142.2033333
2009/9/21,5:04:44,青森県東方沖,40°33.6′N,142°00.8′E,95 km,3.7,震度１,40.56,142.0133333
2009/9/21,10:17:04,京都府南部,35°05.7′N,135°33.7′E,12 km,3.4,震度２,35.095,135.5616667
2009/9/21,10:21:35,大分県西部,33°22.8′N,130°55.5′E,11 km,2.5,震度１,33.38,130.925
2009/9/21,12:33:42,大分県西部,33°22.8′N,130°55.4′E,11 km,2.3,震度１,33.38,130.9233333
2009/9/21,14:56:14,山形県庄内地方,38°37.5′N,140°02.5′E,8 km,2.7,震度２,38.625,140.0416667
2009/9/21,19:14:27,宮城県沖,38°50.6′N,141°36.0′E,73 km,3.5,震度１,38.84333333,141.6
2009/9/22,7:57:47,与那国島近海,24°21.8′N,122°59.9′E,48 km,4.1,震度１,24.36333333,122.9983333
2009/9/22,13:45:06,島根県東部,35°10.6′N,132°50.9′E,6 km,1.7,震度１,35.17666667,132.8483333
2009/9/22,18:49:29,福島県沖,36°59.3′N,141°14.2′E,57 km,3.8,震度１,36.98833333,141.2366667
2009/9/22,20:40:44,福島県沖,37°35.8′N,141°39.8′E,76 km,4.7,震度３,37.59666667,141.6633333
2009/9/23,4:55:30,種子島近海,30°36.8′N,131°03.7′E,41 km,3,震度１,30.61333333,131.0616667
2009/9/23,7:59:34,小笠原諸島西方沖,27°18.5′N,140°40.8′E,429 km,5.7,震度２,27.30833333,140.68
2009/9/23,12:10:29,静岡県中部,35°14.5′N,138°17.8′E,15 km,2.3,震度１,35.24166667,138.2966667
2009/9/23,17:58:08,奄美大島近海,28°01.0′N,129°27.2′E,40 km,3.5,震度１,28.01666667,129.4533333
2009/9/23,23:18:10,宮城県沖,38°48.9′N,141°34.6′E,75 km,3.5,震度１,38.815,141.5766667
2009/9/24,0:52:00,長野県南部,35°49.2′N,137°34.8′E,5 km,2.2,震度１,35.82,137.58
2009/9/24,10:14:01,八丈島東方沖,33°39.4′N,141°07.4′E,53 km,4.8,震度１,33.65666667,141.1233333
2009/9/25,14:30:09,福島県会津,37°07.9′N,139°18.5′E,7 km,2.8,震度１,37.13166667,139.3083333
2009/9/26,13:51:36,福島県会津,37°15.1′N,139°51.5′E,3 km,1.7,震度１,37.25166667,139.8583333
2009/9/26,14:27:47,東京都多摩東部,35°39.4′N,139°26.5′E,28 km,3,震度１,35.65666667,139.4416667
2009/9/26,15:06:05,奄美大島近海,28°03.7′N,129°24.4′E,40 km,3.5,震度１,28.06166667,129.4066667
2009/9/26,15:07:41,千葉県南東沖,34°34.4′N,140°21.6′E,61 km,4.6,震度１,34.57333333,140.36
2009/9/26,23:51:20,西表島付近,24°26.6′N,123°54.9′E,10 km,3.3,震度１,24.44333333,123.915
2009/9/27,7:39:14,新潟県上越地方,37°04.1′N,138°31.5′E,12 km,2.3,震度１,37.06833333,138.525
2009/9/28,11:04:17,父島近海,26°33.5′N,141°52.4′E,57 km,4,震度１,26.55833333,141.8733333
2009/9/28,12:08:32,浦河沖,42°06.1′N,142°30.6′E,46 km,4.3,震度２,42.10166667,142.51
2009/9/28,12:59:28,国後島付近,43°40.7′N,146°13.9′E,74 km,3.8,震度１,43.67833333,146.2316667
2009/9/29,0:12:08,大分県西部,33°22.4′N,130°53.0′E,12 km,2.9,震度１,33.37333333,130.8833333
2009/9/29,4:22:56,沖縄本島北西沖,27°52.1′N,127°51.4′E,13 km,6.1,震度３,27.86833333,127.8566667
2009/9/29,7:48:44,沖縄本島北西沖,27°49.5′N,127°49.4′E,12 km,4.3,震度１,27.825,127.8233333
2009/9/29,21:03:19,根室地方北部,43°37.5′N,144°39.6′E,5 km,4.5,震度４,43.625,144.66
2009/9/30,2:21:43,青森県東方沖,41°29.6′N,142°04.1′E,63 km,4.3,震度２,41.49333333,142.0683333
2009/9/30,7:36:15,沖縄本島北西沖,27°50.8′N,127°49.7′E,10 km,5.7,震度２,27.84666667,127.8283333
2009/9/30,7:43:26,沖縄本島北西沖,27°49.8′N,127°49.6′E,8 km,5,震度１,27.83,127.8266667
2009/9/30,14:17:22,宮城県北部,38°49.4′N,140°49.1′E,4 km,2.2,震度１,38.82333333,140.8183333
2009/9/30,16:40:33,胆振地方中東部,42°50.2′N,141°53.4′E,13 km,2.6,震度１,42.83666667,141.89
2009/9/30,16:56:42,山形県庄内地方,38°37.5′N,140°02.5′E,9 km,3.2,震度２,38.625,140.0416667
2009/9/30,19:02:08,奄美大島近海,28°30.2′N,130°09.9′E,51 km,3.9,震度１,28.50333333,130.165
2009/10/1,4:26:37,宮城県北部,38°49.5′N,140°49.1′E,4 km,2.4,震度１,38.825,140.8183333
2009/10/1,10:48:36,奄美大島近海,28°24.3′N,129°25.3′E,42 km,3.8,震度２,28.405,129.4216667
2009/10/1,19:09:34,長野県南部,35°51.3′N,137°39.0′E,10 km,2.7,震度１,35.855,137.65
2009/10/1,19:43:03,茨城県沖,36°25.5′N,140°38.9′E,54 km,4.2,震度３,36.425,140.6483333
2009/10/1,22:37:59,根室地方北部,43°37.5′N,144°39.3′E,4 km,2.4,震度１,43.625,144.655
2009/10/2,3:33:06,熊本県天草・芦北地方,32°18.9′N,130°32.0′E,6 km,2.7,震度１,32.315,130.5333333
2009/10/2,9:44:04,茨城県沖,36°41.1′N,141°26.8′E,49 km,4.3,震度１,36.685,141.4466667
2009/10/2,10:34:45,青森県東方沖,40°54.6′N,141°31.1′E,81 km,3.6,震度１,40.91,141.5183333
2009/10/2,10:43:57,十勝沖,41°44.8′N,143°51.1′E,41 km,4.8,震度２,41.74666667,143.8516667
2009/10/2,10:54:24,長野県南部,35°54.8′N,137°40.4′E,9 km,2.4,震度１,35.91333333,137.6733333
2009/10/2,12:25:34,大分県西部,33°22.5′N,130°55.7′E,12 km,3,震度１,33.375,130.9283333
2009/10/2,23:27:39,千葉県北東部,35°31.0′N,140°24.8′E,29 km,2.7,震度２,35.51666667,140.4133333
2009/10/3,10:13:17,三宅島近海,33°49.2′N,139°22.1′E,22 km,3.5,震度１,33.82,139.3683333
2009/10/3,10:16:04,青森県東方沖,41°24.0′N,142°14.8′E,50 km,3.8,震度１,41.4,142.2466667
2009/10/3,22:57:28,青森県東方沖,40°42.7′N,141°29.2′E,88 km,3.8,震度２,40.71166667,141.4866667
2009/10/4,0:36:41,沖縄本島北西沖,27°49.0′N,127°59.0′E,2 km,5.1,震度１,27.81666667,127.9833333
2009/10/4,1:52:28,宮城県沖,38°23.4′N,141°13.6′E,77 km,3,震度１,38.39,141.2266667
2009/10/4,2:23:41,新潟県中越地方,37°18.1′N,138°53.4′E,13 km,3.4,震度２,37.30166667,138.89
2009/10/4,2:36:06,台湾付近,23°36.6′N,121°35.6′E,74 km,6.3,震度２,23.61,121.5933333
2009/10/4,10:12:45,根室半島南東沖,42°59.0′N,145°39.0′E,53 km,4,震度２,42.98333333,145.65
2009/10/4,22:38:58,新潟県中越地方,37°10.1′N,138°45.9′E,7 km,2.3,震度１,37.16833333,138.765
2009/10/5,9:35:13,苫小牧沖,42°27.2′N,141°33.5′E,20 km,4.7,震度３,42.45333333,141.5583333
2009/10/5,14:45:26,鹿児島県薩摩地方,31°18.2′N,130°34.3′E,5 km,3.3,震度２,31.30333333,130.5716667
2009/10/5,23:12:01,三重県南東沖,33°48.0′N,137°12.8′E,366 km,4.8,震度１,33.8,137.2133333
2009/10/6,6:34:40,山梨県東部・富士五湖,35°33.2′N,138°59.0′E,25 km,2.9,震度２,35.55333333,138.9833333
2009/10/6,7:49:31,長野県南部,35°56.2′N,137°38.9′E,8 km,3.9,震度３,35.93666667,137.6483333
2009/10/6,8:19:08,長野県南部,35°56.8′N,137°38.8′E,9 km,2.4,震度１,35.94666667,137.6466667
2009/10/6,8:38:08,和歌山県北部,33°55.9′N,135°11.8′E,8 km,2.9,震度２,33.93166667,135.1966667
2009/10/8,4:10:25,大分県西部,33°22.4′N,130°55.4′E,12 km,2.9,震度１,33.37333333,130.9233333
2009/10/9,7:11:07,熊本県熊本地方,32°31.3′N,130°49.2′E,5 km,2.4,震度１,32.52166667,130.82
2009/10/9,15:11:18,千葉県東方沖,35°41.7′N,140°43.4′E,44 km,3.3,震度１,35.695,140.7233333
2009/10/9,20:49:04,新島・神津島近海,34°16.6′N,139°06.1′E,10 km,2.4,震度１,34.27666667,139.1016667
2009/10/9,20:52:12,新島・神津島近海,34°16.8′N,139°06.4′E,9 km,2.8,震度１,34.28,139.1066667
2009/10/10,4:14:50,静岡県西部,34°45.7′N,137°51.3′E,11 km,3.6,震度２,34.76166667,137.855
2009/10/10,17:42:48,浦河沖,41°43.2′N,142°13.5′E,92 km,5.1,震度４,41.72,142.225
2009/10/11,6:24:41,千島列島,46°32.2′N,153°13.7′E,144 km,5.9,震度１,46.53666667,153.2283333
2009/10/11,10:12:14,根室半島南東沖,43°00.2′N,146°58.5′E,50 km,5.4,震度３,43.00333333,146.975
2009/10/11,15:01:56,群馬県南部,36°16.8′N,139°11.6′E,149 km,4.1,震度１,36.28,139.1933333
2009/10/12,7:44:23,新島・神津島近海,34°19.7′N,139°12.7′E,4 km,1.8,震度１,34.32833333,139.2116667
2009/10/12,16:10:34,長野県南部,35°56.8′N,137°38.7′E,9 km,3.7,震度４,35.94666667,137.645
2009/10/12,16:16:50,長野県南部,35°56.9′N,137°38.9′E,9 km,2.5,震度１,35.94833333,137.6483333
2009/10/12,18:42:20,福島県会津,37°25.9′N,139°41.8′E,4 km,4.9,震度４,37.43166667,139.6966667
2009/10/12,18:58:35,福島県会津,37°25.8′N,139°42.0′E,4 km,2.5,震度１,37.43,139.7
2009/10/13,4:22:09,駿河湾,34°50.2′N,138°24.6′E,19 km,2.6,震度１,34.83666667,138.41
2009/10/14,9:41:11,青森県津軽南部,40°41.9′N,140°26.7′E,15 km,2.4,震度１,40.69833333,140.445
2009/10/14,10:15:07,新島・神津島近海,34°13.9′N,139°09.0′E,9 km,3.1,震度３,34.23166667,139.15
2009/10/14,19:09:44,熊本県熊本地方,32°30.4′N,130°54.6′E,11 km,3,震度１,32.50666667,130.91
2009/10/14,22:09:59,宮城県沖,38°21.2′N,142°15.8′E,38 km,4.2,震度１,38.35333333,142.2633333
2009/10/15,6:49:01,宮城県北部,38°48.7′N,140°48.5′E,4 km,2.4,震度１,38.81166667,140.8083333
2009/10/15,12:20:03,富山県東部,36°40.2′N,137°45.6′E,0 km,2.5,震度１,36.67,137.76
2009/10/15,13:35:08,三重県南部,33°58.4′N,136°13.0′E,32 km,3.2,震度１,33.97333333,136.2166667
2009/10/15,18:46:57,八丈島東方沖,32°22.0′N,140°42.3′E,42 km,4.8,震度１,32.36666667,140.705
2009/10/15,23:14:22,千葉県東方沖,35°33.6′N,141°04.1′E,37 km,3.8,震度１,35.56,141.0683333
2009/10/16,6:56:47,茨城県北部,36°27.2′N,140°35.5′E,56 km,3.9,震度２,36.45333333,140.5916667
2009/10/16,18:50:05,長野県南部,35°56.9′N,137°38.8′E,9 km,3.5,震度３,35.94833333,137.6466667
2009/10/17,5:33:16,長野県南部,35°50.4′N,137°34.1′E,5 km,2.8,震度２,35.84,137.5683333
2009/10/17,18:25:55,茨城県北部,36°36.1′N,140°35.2′E,95 km,4.2,震度２,36.60166667,140.5866667
2009/10/17,19:18:59,東京都２３区,35°45.1′N,139°49.4′E,30 km,2.5,震度１,35.75166667,139.8233333
2009/10/18,23:13:03,岩手県内陸北部,40°12.3′N,141°22.8′E,88 km,4.2,震度２,40.205,141.38
2009/10/19,5:38:17,宮城県北部,38°44.9′N,141°26.7′E,105 km,3.5,震度２,38.74833333,141.445
2009/10/19,12:09:09,伊予灘,33°33.6′N,131°47.9′E,81 km,3.3,震度１,33.56,131.7983333
2009/10/20,15:31:23,静岡県東部,35°10.8′N,138°34.2′E,14 km,2.3,震度２,35.18,138.57
2009/10/21,11:58:33,宮城県北部,38°52.4′N,140°51.5′E,8 km,4.1,震度３,38.87333333,140.8583333
2009/10/21,20:35:33,父島近海,26°35.7′N,141°59.0′E,30 km,4.7,震度３,26.595,141.9833333
2009/10/22,16:25:15,滋賀県北部,35°21.8′N,135°58.7′E,16 km,3.2,震度２,35.36333333,135.9783333
2009/10/22,20:56:52,千葉県北東部,35°29.7′N,140°24.9′E,30 km,2.6,震度１,35.495,140.415
2009/10/23,10:28:27,茨城県沖,36°36.1′N,141°10.5′E,45 km,5,震度３,36.60166667,141.175
2009/10/23,15:51:32,岐阜県飛騨地方,36°02.9′N,137°31.1′E,7 km,2,震度１,36.04833333,137.5183333
2009/10/23,18:31:26,新潟県中越地方,37°06.9′N,138°38.9′E,11 km,3.3,震度４,37.115,138.6483333
2009/10/23,18:41:09,新潟県中越地方,37°06.8′N,138°38.8′E,10 km,2.1,震度２,37.11333333,138.6466667
2009/10/23,20:18:13,新潟県中越地方,37°07.1′N,138°38.9′E,10 km,1.5,震度１,37.11833333,138.6483333
2009/10/24,3:27:37,東京都２３区,35°35.5′N,139°46.2′E,58 km,3.2,震度１,35.59166667,139.77
2009/10/24,7:26:10,新潟県中越地方,37°06.6′N,138°38.9′E,9 km,1.6,震度１,37.11,138.6483333
2009/10/24,12:48:29,新潟県中越地方,37°07.1′N,138°38.6′E,12 km,1.7,震度１,37.11833333,138.6433333
2009/10/24,20:04:37,茨城県南部,36°20.0′N,139°57.7′E,76 km,3.2,震度２,36.33333333,139.9616667
2009/10/24,21:38:18,和歌山県北部,33°54.7′N,135°12.5′E,9 km,3.6,震度２,33.91166667,135.2083333
2009/10/24,21:49:47,長野県南部,35°57.0′N,137°38.7′E,9 km,2.9,震度２,35.95,137.645
2009/10/24,21:53:38,長野県南部,35°56.9′N,137°38.6′E,9 km,3.9,震度３,35.94833333,137.6433333
2009/10/24,23:00:51,長野県南部,35°56.7′N,137°38.8′E,9 km,2.8,震度１,35.945,137.6466667
2009/10/25,5:50:02,京都府南部,35°05.3′N,135°34.3′E,13 km,3.9,震度２,35.08833333,135.5716667
2009/10/25,13:10:36,十勝沖,42°48.6′N,143°52.0′E,111 km,4,震度２,42.81,143.8666667
2009/10/25,15:16:59,奄美大島北東沖,29°10.8′N,130°03.3′E,66 km,4.9,震度２,29.18,130.055
2009/10/25,23:33:03,根室半島南東沖,43°19.2′N,146°24.6′E,50 km,4.3,震度１,43.32,146.41
2009/10/26,1:01:29,沖縄本島近海,26°47.2′N,128°07.1′E,18 km,2.8,震度１,26.78666667,128.1183333
2009/10/26,12:20:50,長野県南部,35°52.3′N,137°37.8′E,7 km,2.5,震度１,35.87166667,137.63
2009/10/26,19:11:18,北海道南西沖,41°24.8′N,140°06.2′E,7 km,3,震度２,41.41333333,140.1033333
2009/10/26,23:03:19,北海道南西沖,41°24.7′N,140°06.2′E,7 km,2.3,震度１,41.41166667,140.1033333
2009/10/27,4:48:31,長野県南部,35°56.8′N,137°38.9′E,9 km,3.1,震度２,35.94666667,137.6483333
2009/10/27,8:10:27,宮城県沖,38°51.3′N,142°03.0′E,45 km,3.5,震度２,38.855,142.05
2009/10/27,8:50:18,オホーツク海南部,47°19.1′N,145°15.9′E,497 km,5.2,震度１,47.31833333,145.265
2009/10/27,9:29:23,青森県津軽北部,40°57.7′N,140°30.0′E,17 km,2.6,震度１,40.96166667,140.5
2009/10/27,23:54:47,新潟県下越沖,38°31.5′N,139°22.3′E,12 km,2.9,震度１,38.525,139.3716667
2009/10/28,5:04:11,京都府南部,35°01.8′N,135°36.4′E,12 km,2.6,震度１,35.03,135.6066667
2009/10/28,14:25:31,福島県沖,37°28.7′N,141°32.5′E,43 km,4.2,震度２,37.47833333,141.5416667
2009/10/29,2:37:09,日向灘,32°19.3′N,132°05.9′E,26 km,4.7,震度３,32.32166667,132.0983333
2009/10/30,2:04:48,熊本県熊本地方,32°37.9′N,130°56.6′E,7 km,2.3,震度１,32.63166667,130.9433333
2009/10/30,14:12:44,新島・神津島近海,34°15.4′N,139°09.9′E,10 km,2.9,震度２,34.25666667,139.165
2009/10/30,14:16:50,新島・神津島近海,34°15.1′N,139°09.7′E,10 km,3,震度２,34.25166667,139.1616667
2009/10/30,16:03:39,奄美大島北東沖,29°10.0′N,129°56.2′E,60 km,6.8,震度４,29.16666667,129.9366667
2009/10/30,16:19:27,奄美大島北東沖,29°04.8′N,130°07.8′E,52 km,3.8,震度１,29.08,130.13
2009/10/30,16:39:27,奄美大島北東沖,29°03.2′N,129°56.2′E,53 km,4.1,震度１,29.05333333,129.9366667
2009/10/31,2:42:08,青森県東方沖,41°04.9′N,142°48.9′E,14 km,4.5,震度２,41.08166667,142.815
2009/10/31,2:43:03,長野県南部,35°56.9′N,137°38.9′E,9 km,2.4,震度１,35.94833333,137.6483333
2009/10/31,8:15:22,岐阜県飛騨地方,36°02.9′N,137°31.1′E,7 km,1.7,震度１,36.04833333,137.5183333
2009/10/31,11:51:45,日向灘,32°48.0′N,132°08.3′E,36 km,4,震度２,32.8,132.1383333
2009/10/31,17:49:29,岩手県沿岸南部,39°07.8′N,141°40.3′E,104 km,3.6,震度１,39.13,141.6716667
2009/11/1,1:19:54,京都府南部,35°05.4′N,135°34.2′E,13 km,3.1,震度１,35.09,135.57
2009/11/1,4:39:13,岩手県沖,39°14.2′N,141°58.1′E,95 km,4,震度２,39.23666667,141.9683333
2009/11/1,11:28:28,十勝沖,42°29.6′N,143°34.0′E,56 km,3.6,震度１,42.49333333,143.5666667
2009/11/2,9:48:34,熊本県天草・芦北地方,32°19.0′N,130°31.9′E,6 km,2.9,震度１,32.31666667,130.5316667
2009/11/2,15:54:25,静岡県中部,35°09.4′N,138°04.9′E,31 km,3,震度１,35.15666667,138.0816667
2009/11/2,17:21:33,奄美大島北東沖,29°06.3′N,129°58.7′E,55 km,4.1,震度１,29.105,129.9783333
2009/11/2,18:20:42,八丈島東方沖,32°52.4′N,140°45.5′E,59 km,4.6,震度１,32.87333333,140.7583333
2009/11/2,21:25:07,根室半島南東沖,43°14.8′N,146°18.5′E,46 km,3.5,震度１,43.24666667,146.3083333
2009/11/3,4:44:29,十勝沖,42°29.6′N,143°33.8′E,56 km,3.8,震度２,42.49333333,143.5633333
2009/11/3,13:50:17,青森県三八上北地方,40°30.5′N,141°32.2′E,79 km,3.7,震度２,40.50833333,141.5366667
2009/11/3,16:32:53,富山湾,37°18.7′N,137°17.7′E,7 km,2.9,震度１,37.31166667,137.295
2009/11/3,17:27:53,茨城県沖,36°37.2′N,141°05.5′E,45 km,3.8,震度２,36.62,141.0916667
2009/11/3,19:23:42,熊本県熊本地方,33°04.7′N,130°33.1′E,15 km,3.3,震度２,33.07833333,130.5516667
2009/11/3,23:40:53,熊本県熊本地方,33°04.7′N,130°33.0′E,15 km,3.1,震度２,33.07833333,130.55
2009/11/4,3:03:54,小笠原諸島西方沖,26°18.0′N,141°02.9′E,33 km,5.6,震度３,26.3,141.0483333
2009/11/4,3:24:22,宮古島北西沖,25°20.2′N,124°30.0′E,107 km,4.4,震度１,25.33666667,124.5
2009/11/4,4:52:25,茨城県北部,36°24.7′N,140°36.4′E,63 km,3.3,震度１,36.41166667,140.6066667
2009/11/4,17:56:19,福島県沖,37°00.6′N,141°56.3′E,36 km,4.4,震度１,37.01,141.9383333
2009/11/4,23:19:47,福島県沖,37°18.8′N,141°51.2′E,39 km,4,震度２,37.31333333,141.8533333
2009/11/5,1:57:13,岩手県内陸南部,38°59.1′N,140°48.7′E,4 km,3.1,震度１,38.985,140.8116667
2009/11/5,2:45:03,岩手県内陸南部,38°59.2′N,140°48.6′E,4 km,3.5,震度２,38.98666667,140.81
2009/11/5,11:56:30,茨城県沖,36°15.3′N,140°50.7′E,44 km,3.3,震度１,36.255,140.845
2009/11/5,18:50:17,宮古島近海,24°25.1′N,126°54.2′E,89 km,4.8,震度１,24.41833333,126.9033333
2009/11/6,6:23:42,岩手県内陸南部,39°02.2′N,140°53.0′E,7 km,3.3,震度１,39.03666667,140.8833333
2009/11/6,8:24:14,奄美大島近海,28°04.0′N,129°31.4′E,37 km,3.6,震度１,28.06666667,129.5233333
2009/11/6,14:23:52,熊本県熊本地方,33°04.6′N,130°33.1′E,14 km,3.1,震度１,33.07666667,130.5516667
2009/11/6,19:52:02,新潟県中越地方,37°04.9′N,138°37.1′E,9 km,2.4,震度２,37.08166667,138.6183333
2009/11/7,4:22:30,茨城県沖,36°41.9′N,141°14.6′E,46 km,4.5,震度２,36.69833333,141.2433333
2009/11/7,10:01:40,和歌山県北部,34°02.2′N,135°16.3′E,6 km,3,震度２,34.03666667,135.2716667
2009/11/7,15:36:43,鹿児島県薩摩地方,31°18.8′N,130°35.3′E,5 km,2.6,震度１,31.31333333,130.5883333
2009/11/7,18:39:38,北海道南西沖,41°26.0′N,139°29.9′E,19 km,3.9,震度１,41.43333333,139.4983333
2009/11/8,5:32:49,千葉県東方沖,35°23.9′N,140°27.0′E,54 km,3.3,震度１,35.39833333,140.45
2009/11/8,7:00:54,長崎県南西部,32°53.2′N,130°07.8′E,8 km,2.1,震度１,32.88666667,130.13
2009/11/8,10:07:23,与那国島近海,24°01.0′N,123°19.0′E,32 km,3.8,震度１,24.01666667,123.3166667
2009/11/8,13:21:53,和歌山県北部,33°57.6′N,135°16.0′E,7 km,2.3,震度１,33.96,135.2666667
2009/11/9,5:32:45,西表島付近,24°26.3′N,123°32.8′E,13 km,4.5,震度１,24.43833333,123.5466667
2009/11/9,8:16:59,岩手県沖,40°01.3′N,142°43.3′E,28 km,4.3,震度２,40.02166667,142.7216667
2009/11/9,10:42:44,長野県北部,37°00.9′N,138°26.2′E,10 km,2.7,震度１,37.015,138.4366667
2009/11/9,21:59:06,京都府南部,35°03.4′N,135°36.8′E,12 km,3,震度１,35.05666667,135.6133333
2009/11/9,22:10:06,京都府南部,35°14.7′N,135°43.4′E,5 km,3,震度２,35.245,135.7233333
2009/11/10,3:01:51,浦河沖,41°55.2′N,142°18.6′E,69 km,4.4,震度２,41.92,142.31
2009/11/10,16:20:19,新潟県上越地方,37°09.1′N,138°31.2′E,14 km,1.9,震度１,37.15166667,138.52
2009/11/10,19:31:47,茨城県沖,36°15.3′N,141°48.1′E,66 km,4.1,震度１,36.255,141.8016667
2009/11/10,23:12:50,能登半島沖,37°59.7′N,136°46.2′E,11 km,3.4,震度１,37.995,136.77
2009/11/11,13:14:29,五島列島近海,32°41.3′N,129°11.4′E,10 km,2.9,震度１,32.68833333,129.19
2009/11/11,16:31:45,根室地方中部,43°23.5′N,144°40.3′E,110 km,3.5,震度１,43.39166667,144.6716667
2009/11/12,12:39:34,新潟県中越地方,37°21.7′N,138°33.9′E,16 km,3.1,震度１,37.36166667,138.565
2009/11/13,21:09:03,福島県沖,37°09.8′N,142°11.1′E,36 km,4.5,震度２,37.16333333,142.185
2009/11/13,22:44:08,新潟県上越地方,37°03.7′N,138°31.3′E,11 km,2.6,震度２,37.06166667,138.5216667
2009/11/14,2:28:15,茨城県沖,36°13.1′N,140°52.8′E,46 km,3.4,震度１,36.21833333,140.88
2009/11/14,2:42:53,福島県中通り,37°34.8′N,140°32.4′E,103 km,3.5,震度２,37.58,140.54
2009/11/14,4:23:36,東京湾,35°28.1′N,139°47.7′E,39 km,4.2,震度３,35.46833333,139.795
2009/11/14,5:06:39,トカラ列島近海,29°34.9′N,129°40.7′E,10 km,2.6,震度２,29.58166667,129.6783333
2009/11/14,5:23:12,トカラ列島近海,29°34.2′N,129°40.2′E,11 km,2.4,震度１,29.57,129.67
2009/11/14,17:44:18,新潟県中越地方,37°31.7′N,138°43.6′E,10 km,2,震度１,37.52833333,138.7266667
2009/11/15,5:09:10,西表島付近,24°33.6′N,123°45.1′E,4 km,3.1,震度１,24.56,123.7516667
2009/11/15,5:12:33,島根県西部,34°59.0′N,132°18.1′E,12 km,2.6,震度１,34.98333333,132.3016667
2009/11/15,23:21:20,沖縄本島近海,26°56.3′N,128°12.5′E,37 km,3.7,震度１,26.93833333,128.2083333
2009/11/16,4:29:40,神奈川県西部,35°29.2′N,139°04.8′E,15 km,2.7,震度１,35.48666667,139.08
2009/11/16,5:09:23,福島県沖,37°09.8′N,141°16.8′E,60 km,3.8,震度２,37.16333333,141.28
2009/11/16,16:07:31,国後島付近,43°29.2′N,145°22.5′E,122 km,4,震度２,43.48666667,145.375
2009/11/16,17:00:37,宮古島近海,24°11.8′N,125°12.6′E,17 km,4.1,震度１,24.19666667,125.21
2009/11/16,17:59:09,滋賀県北部,35°16.3′N,136°08.5′E,15 km,3.8,震度２,35.27166667,136.1416667
2009/11/17,6:45:16,沖縄本島近海,26°47.4′N,128°07.0′E,16 km,3,震度１,26.79,128.1166667
2009/11/17,14:48:47,静岡県中部,35°04.0′N,138°10.7′E,32 km,3.4,震度２,35.06666667,138.1783333
2009/11/18,3:18:21,長野県北部,36°34.6′N,137°51.0′E,15 km,2.4,震度２,36.57666667,137.85
2009/11/18,7:13:03,長野県北部,36°34.7′N,137°51.2′E,15 km,2.4,震度１,36.57833333,137.8533333
2009/11/18,13:13:29,京都府南部,34°56.5′N,135°32.4′E,9 km,3.4,震度２,34.94166667,135.54
2009/11/19,0:23:56,北見地方,43°43.8′N,143°26.2′E,7 km,4.2,震度３,43.73,143.4366667
2009/11/19,3:09:52,三重県南部,34°11.8′N,136°19.9′E,36 km,3.1,震度１,34.19666667,136.3316667
2009/11/19,5:39:42,根室半島南東沖,43°06.3′N,146°14.6′E,65 km,3.6,震度１,43.105,146.2433333
2009/11/19,14:51:02,宮城県中部,38°27.8′N,141°13.3′E,11 km,3.3,震度２,38.46333333,141.2216667
2009/11/20,8:45:30,徳島県南部,33°50.9′N,134°39.3′E,37 km,3.4,震度１,33.84833333,134.655
2009/11/21,1:55:02,日高地方東部,42°19.3′N,143°03.1′E,49 km,4,震度１,42.32166667,143.0516667
2009/11/21,7:05:18,陸奥湾,41°07.8′N,140°53.8′E,10 km,2.5,震度１,41.13,140.8966667
2009/11/21,13:16:23,宗谷東方沖,45°34.1′N,142°30.7′E,321 km,4.9,震度１,45.56833333,142.5116667
2009/11/21,15:39:39,福島県会津,37°08.0′N,139°50.6′E,10 km,4.5,震度４,37.13333333,139.8433333
2009/11/21,16:14:46,栃木県北部,37°07.9′N,139°50.8′E,10 km,3.2,震度２,37.13166667,139.8466667
2009/11/21,20:04:33,沖縄本島近海,26°48.6′N,128°08.5′E,15 km,3.1,震度１,26.81,128.1416667
2009/11/21,23:04:07,日向灘,32°42.9′N,132°00.2′E,38 km,3.5,震度１,32.715,132.0033333
2009/11/21,23:54:37,山梨県東部・富士五湖,35°30.7′N,138°57.1′E,18 km,2.9,震度１,35.51166667,138.9516667
2009/11/22,0:45:01,奄美大島近海,28°15.5′N,129°33.0′E,34 km,3.3,震度１,28.25833333,129.55
2009/11/22,1:07:08,宮崎県南部平野部,32°03.9′N,131°18.4′E,18 km,2.6,震度２,32.065,131.3066667
2009/11/22,4:33:34,若狭湾,35°46.7′N,135°59.9′E,13 km,2.9,震度１,35.77833333,135.9983333
2009/11/22,6:13:01,和歌山県北部,34°18.2′N,135°38.9′E,64 km,3.7,震度１,34.30333333,135.6483333
2009/11/22,21:08:39,三重県南部,33°58.4′N,136°06.6′E,48 km,3.6,震度２,33.97333333,136.11
2009/11/22,23:49:23,福井県嶺南,35°29.4′N,135°54.6′E,12 km,3.7,震度３,35.49,135.91
2009/11/22,23:52:29,福井県嶺南,35°29.5′N,135°54.5′E,12 km,3.7,震度３,35.49166667,135.9083333
2009/11/23,16:04:49,愛知県東部,34°39.3′N,137°04.8′E,12 km,2.8,震度１,34.655,137.08
2009/11/24,1:28:35,茨城県南部,36°03.1′N,139°53.8′E,42 km,3.1,震度１,36.05166667,139.8966667
2009/11/24,2:29:38,香川県東部,34°21.2′N,134°13.7′E,11 km,2.4,震度１,34.35333333,134.2283333
2009/11/24,14:25:44,北海道東方沖,43°17.5′N,146°57.4′E,53 km,5,震度３,43.29166667,146.9566667
2009/11/24,19:59:59,種子島近海,30°16.6′N,130°29.2′E,3 km,3.2,震度１,30.27666667,130.4866667
2009/11/24,21:29:52,東京湾,35°06.7′N,139°44.5′E,48 km,2.9,震度１,35.11166667,139.7416667
2009/11/25,6:20:31,根室半島南東沖,43°18.2′N,145°57.7′E,51 km,3.1,震度１,43.30333333,145.9616667
2009/11/26,14:26:53,鹿児島湾,31°19.0′N,130°35.4′E,5 km,2.7,震度２,31.31666667,130.59
2009/11/27,13:32:23,宮城県南部,38°08.2′N,140°47.8′E,11 km,2.6,震度１,38.13666667,140.7966667
2009/11/27,13:36:45,北海道東方沖,43°40.7′N,147°20.0′E,25 km,4.7,震度１,43.67833333,147.3333333
2009/11/27,18:22:37,渡島地方東部,41°58.7′N,140°31.4′E,15 km,2.7,震度１,41.97833333,140.5233333
2009/11/27,23:34:07,島根県東部,35°06.9′N,133°00.2′E,8 km,3.3,震度３,35.115,133.0033333
2009/11/28,14:39:25,西表島付近,24°20.2′N,123°34.5′E,20 km,4.9,震度３,24.33666667,123.575
2009/11/28,19:45:48,鹿児島県薩摩地方,31°21.6′N,130°30.9′E,149 km,4.5,震度１,31.36,130.515
2009/11/28,20:02:56,山梨県東部・富士五湖,35°31.4′N,138°59.0′E,19 km,2.7,震度１,35.52333333,138.9833333
2009/11/30,5:23:57,宮城県北部,38°53.8′N,140°50.4′E,7 km,2.7,震度１,38.89666667,140.84
2009/11/30,9:06:37,青森県三八上北地方,40°40.6′N,141°23.5′E,89 km,3.5,震度２,40.67666667,141.3916667
2009/11/30,20:23:09,宮古島近海,24°37.6′N,125°12.2′E,26 km,3.4,震度１,24.62666667,125.2033333
2009/12/1,9:57:40,薩摩半島西方沖,32°03.3′N,129°10.9′E,16 km,4.4,震度１,32.055,129.1816667
2009/12/1,12:04:20,和歌山県北部,33°55.1′N,135°13.8′E,8 km,2.5,震度１,33.91833333,135.23
2009/12/1,15:30:00,京都府南部,34°55.0′N,135°34.3′E,10 km,2.7,震度１,34.91666667,135.5716667
2009/12/2,9:20:26,和歌山県北部,34°12.7′N,135°14.7′E,4 km,2.9,震度２,34.21166667,135.245
2009/12/2,9:32:57,福島県沖,37°19.5′N,141°18.9′E,83 km,4,震度２,37.325,141.315
2009/12/2,15:14:26,福島県沖,37°08.7′N,141°28.6′E,48 km,4.9,震度３,37.145,141.4766667
2009/12/2,15:28:29,福島県沖,37°08.9′N,141°27.2′E,47 km,3.8,震度２,37.14833333,141.4533333
2009/12/2,20:41:08,和歌山県北部,34°00.9′N,135°10.2′E,6 km,2.4,震度１,34.015,135.17
2009/12/3,20:45:11,新島・神津島近海,34°17.5′N,139°10.0′E,9 km,2.1,震度１,34.29166667,139.1666667
2009/12/4,2:06:33,茨城県南部,35°59.6′N,140°17.2′E,42 km,2.8,震度１,35.99333333,140.2866667
2009/12/4,4:33:47,滋賀県南部,35°09.9′N,136°03.4′E,11 km,2.7,震度１,35.165,136.0566667
2009/12/4,5:25:58,岐阜県飛騨地方,36°02.4′N,137°33.4′E,6 km,1.8,震度１,36.04,137.5566667
2009/12/4,8:15:07,紀伊水道,33°47.8′N,134°44.3′E,36 km,3.6,震度１,33.79666667,134.7383333
2009/12/4,8:41:25,福島県沖,37°11.6′N,142°07.3′E,37 km,4.5,震度１,37.19333333,142.1216667
2009/12/6,10:15:34,茨城県南部,35°56.8′N,140°10.9′E,48 km,3,震度１,35.94666667,140.1816667
2009/12/6,12:16:35,鹿児島県薩摩地方,31°46.3′N,130°31.3′E,9 km,2.7,震度２,31.77166667,130.5216667
2009/12/6,19:59:27,高知県中部,33°31.1′N,133°29.1′E,8 km,2.7,震度１,33.51833333,133.485
2009/12/7,4:06:01,根室半島南東沖,43°13.2′N,145°55.1′E,87 km,3.9,震度１,43.22,145.9183333
2009/12/7,19:49:01,和歌山県北部,34°11.9′N,135°25.7′E,6 km,2.8,震度１,34.19833333,135.4283333
2009/12/8,4:48:10,奄美大島近海,27°17.8′N,129°34.9′E,37 km,4.6,震度１,27.29666667,129.5816667
2009/12/8,8:07:38,和歌山県北部,34°12.7′N,135°14.6′E,3 km,3.4,震度３,34.21166667,135.2433333
2009/12/8,18:34:01,島根県東部,35°23.8′N,133°17.6′E,10 km,1.9,震度１,35.39666667,133.2933333
2009/12/9,8:13:42,京都府南部,34°56.3′N,135°35.9′E,11 km,2.7,震度１,34.93833333,135.5983333
2009/12/9,8:22:52,新潟県中越地方,37°20.0′N,138°59.9′E,8 km,3.2,震度２,37.33333333,138.9983333
2009/12/9,9:16:07,京都府南部,34°56.4′N,135°35.8′E,11 km,2.9,震度１,34.94,135.5966667
2009/12/9,17:41:25,新島・神津島近海,34°20.3′N,139°11.8′E,4 km,2.4,震度２,34.33833333,139.1966667
2009/12/9,19:09:12,兵庫県南東部,35°02.4′N,135°17.2′E,7 km,2.6,震度１,35.04,135.2866667
2009/12/9,20:30:01,北見地方,43°43.8′N,143°26.4′E,7 km,2.9,震度１,43.73,143.44
2009/12/10,0:35:38,静岡県西部,34°53.3′N,137°58.8′E,16 km,3,震度１,34.88833333,137.98
2009/12/10,5:06:15,静岡県西部,34°53.3′N,137°58.9′E,16 km,2.4,震度１,34.88833333,137.9816667
2009/12/10,5:55:22,静岡県西部,34°53.3′N,137°58.9′E,16 km,3.7,震度３,34.88833333,137.9816667
2009/12/10,6:00:27,静岡県西部,34°53.3′N,137°58.9′E,16 km,3.3,震度２,34.88833333,137.9816667
2009/12/10,8:25:35,根室半島南東沖,42°59.7′N,146°56.6′E,54 km,5.2,震度２,42.995,146.9433333
2009/12/10,20:38:38,釧路沖,42°30.5′N,145°01.1′E,44 km,3.7,震度１,42.50833333,145.0183333
2009/12/11,6:22:21,福島県沖,37°18.3′N,143°03.9′E,44 km,4.8,震度１,37.305,143.065
2009/12/11,9:22:14,根室半島南東沖,42°59.0′N,146°55.6′E,52 km,4.2,震度１,42.98333333,146.9266667
2009/12/11,16:55:42,岩手県沖,40°09.6′N,142°28.8′E,34 km,4,震度１,40.16,142.48
2009/12/11,18:07:33,埼玉県北部,36°15.5′N,139°13.4′E,14 km,2.7,震度１,36.25833333,139.2233333
2009/12/12,22:50:35,奄美大島近海,28°12.6′N,129°31.5′E,35 km,4.6,震度３,28.21,129.525
2009/12/13,23:13:47,宮城県北部,38°47.7′N,140°43.3′E,4 km,2.8,震度２,38.795,140.7216667
2009/12/14,2:33:47,北見地方,43°43.8′N,143°26.4′E,7 km,2.9,震度１,43.73,143.44
2009/12/14,20:45:09,北見地方,43°43.8′N,143°26.4′E,7 km,3.2,震度１,43.73,143.44
2009/12/14,20:48:46,熊本県天草・芦北地方,32°19.3′N,130°30.1′E,9 km,3.4,震度１,32.32166667,130.5016667
2009/12/14,20:55:54,熊本県天草・芦北地方,32°19.2′N,130°29.9′E,8 km,3.1,震度１,32.32,130.4983333
2009/12/14,21:18:01,熊本県天草・芦北地方,32°19.4′N,130°30.0′E,8 km,2.6,震度１,32.32333333,130.5
2009/12/14,22:51:19,熊本県天草・芦北地方,32°19.2′N,130°30.0′E,8 km,3.1,震度１,32.32,130.5
2009/12/14,23:34:15,熊本県天草・芦北地方,32°19.5′N,130°30.1′E,7 km,2.7,震度１,32.325,130.5016667
2009/12/15,16:23:06,青森県西方沖,41°03.0′N,139°02.9′E,34 km,4.2,震度１,41.05,139.0483333
2009/12/15,17:54:18,房総半島南方沖,34°10.3′N,140°22.9′E,47 km,4.5,震度２,34.17166667,140.3816667
2009/12/15,18:25:26,釧路沖,42°55.9′N,144°21.3′E,72 km,3,震度１,42.93166667,144.355
2009/12/16,5:25:54,奄美大島近海,28°26.1′N,129°26.4′E,0 km,3.3,震度１,28.435,129.44
2009/12/16,10:25:26,青森県西方沖,41°00.9′N,140°00.5′E,19 km,3.1,震度１,41.015,140.0083333
2009/12/16,14:12:51,土佐湾,33°06.5′N,133°21.7′E,31 km,4.6,震度４,33.10833333,133.3616667
2009/12/17,4:04:01,青森県東方沖,41°09.5′N,141°31.1′E,90 km,3.9,震度２,41.15833333,141.5183333
2009/12/17,6:58:47,長野県南部,35°20.6′N,137°40.3′E,14 km,2.6,震度１,35.34333333,137.6716667
2009/12/17,11:14:21,奄美大島近海,28°14.7′N,129°31.9′E,48 km,4.2,震度３,28.245,129.5316667
2009/12/17,11:42:41,千葉県南部,35°12.1′N,140°19.3′E,12 km,3.2,震度３,35.20166667,140.3216667
2009/12/17,18:33:51,福島県浜通り,37°14.7′N,140°57.1′E,91 km,3.5,震度１,37.245,140.9516667
2009/12/17,18:45:23,静岡県伊豆地方,34°57.8′N,139°08.2′E,6 km,2.6,震度１,34.96333333,139.1366667
2009/12/17,19:13:30,伊豆半島東方沖,34°58.0′N,139°08.2′E,6 km,2.4,震度１,34.96666667,139.1366667
2009/12/17,19:46:47,静岡県伊豆地方,34°57.9′N,139°08.1′E,6 km,2.7,震度１,34.965,139.135
2009/12/17,19:53:57,静岡県伊豆地方,34°57.8′N,139°08.1′E,6 km,2.9,震度２,34.96333333,139.135
2009/12/17,19:57:21,静岡県伊豆地方,34°57.9′N,139°07.8′E,6 km,2.5,震度１,34.965,139.13
2009/12/17,19:57:47,青森県東方沖,40°41.5′N,142°38.7′E,28 km,4.3,震度１,40.69166667,142.645
2009/12/17,20:19:09,静岡県伊豆地方,34°57.7′N,139°07.8′E,5 km,2.9,震度１,34.96166667,139.13
2009/12/17,20:45:40,静岡県伊豆地方,34°57.9′N,139°08.1′E,5 km,3.3,震度２,34.965,139.135
2009/12/17,21:39:44,静岡県伊豆地方,34°57.8′N,139°08.3′E,6 km,2.2,震度１,34.96333333,139.1383333
2009/12/17,21:47:41,静岡県伊豆地方,34°57.8′N,139°08.1′E,6 km,2.8,震度１,34.96333333,139.135
2009/12/17,21:51:29,静岡県伊豆地方,34°57.7′N,139°08.0′E,6 km,2.4,震度１,34.96166667,139.1333333
2009/12/17,22:06:29,伊豆半島東方沖,34°58.0′N,139°08.2′E,4 km,2.5,震度１,34.96666667,139.1366667
2009/12/17,22:12:44,静岡県伊豆地方,34°57.9′N,139°07.7′E,7 km,2.4,震度１,34.965,139.1283333
2009/12/17,22:15:29,静岡県伊豆地方,34°57.6′N,139°07.5′E,6 km,2.5,震度１,34.96,139.125
2009/12/17,22:22:05,静岡県伊豆地方,34°57.9′N,139°07.8′E,6 km,3.3,震度２,34.965,139.13
2009/12/17,22:38:34,伊豆半島東方沖,34°57.1′N,139°09.3′E,5 km,2.2,震度１,34.95166667,139.155
2009/12/17,22:44:48,静岡県伊豆地方,34°57.7′N,139°08.2′E,5 km,2.2,震度１,34.96166667,139.1366667
2009/12/17,22:54:16,静岡県伊豆地方,34°57.8′N,139°07.8′E,5 km,2.8,震度１,34.96333333,139.13
2009/12/17,23:01:43,静岡県伊豆地方,34°57.6′N,139°07.7′E,6 km,1.8,震度１,34.96,139.1283333
2009/12/17,23:15:10,静岡県伊豆地方,34°57.9′N,139°07.6′E,6 km,2.6,震度１,34.965,139.1266667
2009/12/17,23:19:48,静岡県伊豆地方,34°57.7′N,139°07.9′E,5 km,2.1,震度１,34.96166667,139.1316667
2009/12/17,23:21:04,静岡県伊豆地方,34°57.7′N,139°08.5′E,6 km,2.5,震度１,34.96166667,139.1416667
2009/12/17,23:22:16,静岡県伊豆地方,34°57.8′N,139°08.1′E,5 km,2.1,震度１,34.96333333,139.135
2009/12/17,23:24:18,静岡県伊豆地方,34°57.8′N,139°07.6′E,6 km,3.1,震度２,34.96333333,139.1266667
2009/12/17,23:25:40,静岡県伊豆地方,34°57.7′N,139°08.0′E,5 km,2,震度１,34.96166667,139.1333333
2009/12/17,23:29:22,静岡県伊豆地方,34°57.8′N,139°07.3′E,5 km,2.7,震度１,34.96333333,139.1216667
2009/12/17,23:32:53,静岡県伊豆地方,34°57.5′N,139°07.8′E,5 km,3.3,震度３,34.95833333,139.13
2009/12/17,23:35:19,静岡県伊豆地方,34°57.6′N,139°08.0′E,5 km,3.3,震度２,34.96,139.1333333
2009/12/17,23:40:42,静岡県伊豆地方,34°57.8′N,139°07.9′E,5 km,2,震度１,34.96333333,139.1316667
2009/12/17,23:45:25,静岡県伊豆地方,34°57.5′N,139°08.1′E,4 km,5,震度５弱,34.95833333,139.135
2009/12/17,23:56:18,静岡県伊豆地方,34°57.8′N,139°07.8′E,5 km,2.6,震度１,34.96333333,139.13
2009/12/17,23:58:10,静岡県伊豆地方,34°57.8′N,139°08.3′E,5 km,2.3,震度１,34.96333333,139.1383333
2009/12/18,0:00:39,静岡県伊豆地方,34°57.8′N,139°07.7′E,5 km,2.4,震度１,34.96333333,139.1283333
2009/12/18,0:01:47,静岡県伊豆地方,34°57.5′N,139°07.7′E,6 km,2.6,震度１,34.95833333,139.1283333
2009/12/18,0:07:42,静岡県伊豆地方,34°58.0′N,139°07.5′E,5 km,2.7,震度１,34.96666667,139.125
2009/12/18,0:10:17,静岡県伊豆地方,34°57.7′N,139°07.4′E,5 km,2.5,震度１,34.96166667,139.1233333
2009/12/18,0:15:23,静岡県伊豆地方,34°57.7′N,139°07.8′E,5 km,2,震度１,34.96166667,139.13
2009/12/18,0:24:02,静岡県伊豆地方,34°57.6′N,139°07.6′E,5 km,2,震度１,34.96,139.1266667
2009/12/18,0:28:48,伊豆半島東方沖,34°57.5′N,139°09.0′E,4 km,2.8,震度２,34.95833333,139.15
2009/12/18,0:31:17,静岡県伊豆地方,34°57.7′N,139°07.9′E,5 km,2.3,震度１,34.96166667,139.1316667
2009/12/18,0:40:38,静岡県伊豆地方,34°57.5′N,139°07.3′E,6 km,3.5,震度３,34.95833333,139.1216667
2009/12/18,0:46:27,静岡県伊豆地方,34°57.9′N,139°07.5′E,4 km,2.5,震度１,34.965,139.125
2009/12/18,0:50:24,静岡県伊豆地方,34°58.5′N,139°06.3′E,5 km,1.9,震度１,34.975,139.105
2009/12/18,1:14:07,静岡県伊豆地方,34°57.6′N,139°08.1′E,5 km,3.1,震度２,34.96,139.135
2009/12/18,1:32:20,伊豆半島東方沖,34°58.7′N,139°08.3′E,6 km,2.8,震度１,34.97833333,139.1383333
2009/12/18,1:42:00,静岡県伊豆地方,34°57.7′N,139°07.8′E,6 km,2.2,震度１,34.96166667,139.13
2009/12/18,1:43:47,静岡県伊豆地方,34°57.8′N,139°07.8′E,6 km,2.1,震度１,34.96333333,139.13
2009/12/18,2:08:28,静岡県伊豆地方,34°57.8′N,139°07.6′E,5 km,2.4,震度１,34.96333333,139.1266667
2009/12/18,2:10:01,静岡県伊豆地方,34°57.7′N,139°07.3′E,5 km,2.2,震度１,34.96166667,139.1216667
2009/12/18,2:16:28,静岡県伊豆地方,34°57.9′N,139°07.8′E,5 km,2.2,震度１,34.965,139.13
2009/12/18,2:21:46,静岡県伊豆地方,34°58.5′N,139°07.2′E,4 km,2.1,震度１,34.975,139.12
2009/12/18,2:29:54,静岡県伊豆地方,34°57.6′N,139°07.9′E,4 km,4.2,震度３,34.96,139.1316667
2009/12/18,2:36:39,静岡県伊豆地方,34°57.8′N,139°07.7′E,5 km,2.1,震度１,34.96333333,139.1283333
2009/12/18,2:56:59,静岡県伊豆地方,34°57.8′N,139°07.5′E,5 km,2.2,震度１,34.96333333,139.125
2009/12/18,3:02:34,静岡県伊豆地方,34°57.7′N,139°07.8′E,4 km,2.3,震度１,34.96166667,139.13
2009/12/18,3:08:03,静岡県伊豆地方,34°57.8′N,139°07.7′E,5 km,2.1,震度１,34.96333333,139.1283333
2009/12/18,3:09:25,静岡県伊豆地方,34°57.6′N,139°07.7′E,5 km,3.6,震度３,34.96,139.1283333
2009/12/18,3:32:48,静岡県伊豆地方,34°57.8′N,139°07.3′E,4 km,2.5,震度２,34.96333333,139.1216667
2009/12/18,3:51:52,静岡県伊豆地方,34°57.9′N,139°07.8′E,5 km,2.4,震度１,34.965,139.13
2009/12/18,4:10:30,静岡県伊豆地方,34°57.8′N,139°07.9′E,5 km,2.5,震度１,34.96333333,139.1316667
2009/12/18,4:46:03,静岡県伊豆地方,34°57.8′N,139°07.9′E,5 km,3.1,震度２,34.96333333,139.1316667
2009/12/18,4:58:44,静岡県伊豆地方,34°58.4′N,139°07.3′E,5 km,3.3,震度２,34.97333333,139.1216667
2009/12/18,5:01:27,静岡県伊豆地方,34°57.8′N,139°07.5′E,5 km,2.5,震度２,34.96333333,139.125
2009/12/18,5:03:15,静岡県伊豆地方,34°57.9′N,139°07.5′E,5 km,3,震度１,34.965,139.125
2009/12/18,5:05:34,静岡県伊豆地方,34°58.1′N,139°07.9′E,4 km,2.4,震度１,34.96833333,139.1316667
2009/12/18,5:08:35,静岡県伊豆地方,34°58.1′N,139°07.6′E,6 km,2.7,震度１,34.96833333,139.1266667
2009/12/18,5:15:33,静岡県伊豆地方,34°57.9′N,139°07.6′E,5 km,2.3,震度１,34.965,139.1266667
2009/12/18,5:25:28,静岡県伊豆地方,34°57.9′N,139°07.7′E,5 km,4.1,震度３,34.965,139.1283333
2009/12/18,5:39:13,静岡県伊豆地方,34°57.2′N,139°07.7′E,4 km,2.5,震度１,34.95333333,139.1283333
2009/12/18,5:41:30,栃木県南部,36°20.0′N,139°43.1′E,78 km,5.1,震度４,36.33333333,139.7183333
2009/12/18,6:37:00,静岡県伊豆地方,34°57.8′N,139°07.8′E,5 km,2.3,震度１,34.96333333,139.13
2009/12/18,6:47:04,静岡県伊豆地方,34°58.0′N,139°07.8′E,5 km,2.4,震度１,34.96666667,139.13
2009/12/18,6:49:04,静岡県伊豆地方,34°57.8′N,139°07.5′E,5 km,2.1,震度１,34.96333333,139.125
2009/12/18,6:55:26,静岡県伊豆地方,34°57.8′N,139°07.6′E,6 km,2.8,震度１,34.96333333,139.1266667
2009/12/18,7:00:52,静岡県伊豆地方,34°57.7′N,139°07.7′E,6 km,2.9,震度２,34.96166667,139.1283333
2009/12/18,7:15:32,静岡県伊豆地方,34°57.9′N,139°07.3′E,6 km,2.5,震度１,34.965,139.1216667
2009/12/18,7:38:52,静岡県伊豆地方,34°58.0′N,139°07.8′E,6 km,3.1,震度２,34.96666667,139.13
2009/12/18,7:45:54,静岡県伊豆地方,34°57.8′N,139°07.8′E,5 km,2.6,震度１,34.96333333,139.13
2009/12/18,8:05:06,静岡県伊豆地方,34°57.5′N,139°08.1′E,5 km,3.1,震度２,34.95833333,139.135
2009/12/18,8:05:57,伊豆半島東方沖,34°58.0′N,139°08.2′E,6 km,2.3,震度１,34.96666667,139.1366667
2009/12/18,8:13:10,静岡県伊豆地方,34°57.9′N,139°07.8′E,6 km,2.3,震度１,34.965,139.13
2009/12/18,8:23:18,静岡県伊豆地方,34°57.6′N,139°07.6′E,5 km,2.2,震度１,34.96,139.1266667
2009/12/18,8:44:36,静岡県伊豆地方,34°57.7′N,139°08.2′E,5 km,2.1,震度１,34.96166667,139.1366667
2009/12/18,8:45:37,静岡県伊豆地方,34°57.6′N,139°07.7′E,5 km,5.1,震度５弱,34.96,139.1283333
2009/12/18,8:55:40,静岡県伊豆地方,34°57.8′N,139°08.2′E,5 km,3,震度２,34.96333333,139.1366667
2009/12/18,9:05:00,伊豆半島東方沖,34°58.0′N,139°08.2′E,5 km,2.6,震度２,34.96666667,139.1366667
2009/12/18,9:23:30,静岡県伊豆地方,34°57.9′N,139°08.4′E,5 km,2.4,震度１,34.965,139.14
2009/12/18,9:28:52,静岡県伊豆地方,34°58.0′N,139°07.9′E,6 km,3.2,震度２,34.96666667,139.1316667
2009/12/18,9:44:37,静岡県伊豆地方,34°57.7′N,139°07.3′E,5 km,2.4,震度１,34.96166667,139.1216667
2009/12/18,9:57:23,静岡県伊豆地方,34°57.6′N,139°08.1′E,5 km,2.6,震度１,34.96,139.135
2009/12/18,10:16:48,静岡県伊豆地方,34°58.0′N,139°07.6′E,6 km,2.5,震度１,34.96666667,139.1266667
2009/12/18,10:18:57,静岡県伊豆地方,34°57.7′N,139°08.3′E,5 km,3.3,震度２,34.96166667,139.1383333
2009/12/18,10:54:52,静岡県伊豆地方,34°57.9′N,139°07.4′E,5 km,2.9,震度２,34.965,139.1233333
2009/12/18,12:05:41,静岡県伊豆地方,34°57.7′N,139°08.1′E,5 km,3.2,震度３,34.96166667,139.135
2009/12/18,12:08:43,奄美大島近海,28°17.9′N,129°24.0′E,15 km,3,震度１,28.29833333,129.4
2009/12/18,12:10:10,静岡県伊豆地方,34°57.6′N,139°08.0′E,4 km,2,震度１,34.96,139.1333333
2009/12/18,12:17:30,静岡県伊豆地方,34°57.7′N,139°07.3′E,3 km,1.6,震度１,34.96166667,139.1216667
2009/12/18,13:05:11,静岡県伊豆地方,34°57.7′N,139°07.2′E,8 km,2.5,震度１,34.96166667,139.12
2009/12/18,13:51:01,静岡県伊豆地方,34°57.9′N,139°07.5′E,5 km,3,震度２,34.965,139.125
2009/12/18,14:45:27,静岡県伊豆地方,34°58.0′N,139°07.9′E,5 km,2,震度１,34.96666667,139.1316667
2009/12/18,14:48:14,静岡県伊豆地方,34°58.2′N,139°07.9′E,3 km,1.7,震度１,34.97,139.1316667
2009/12/18,15:00:31,静岡県伊豆地方,34°57.8′N,139°07.5′E,4 km,2.6,震度２,34.96333333,139.125
2009/12/18,15:15:47,静岡県伊豆地方,34°57.8′N,139°07.6′E,4 km,1.9,震度１,34.96333333,139.1266667
2009/12/18,15:31:33,静岡県伊豆地方,34°58.0′N,139°07.3′E,5 km,2.5,震度２,34.96666667,139.1216667
2009/12/18,15:33:49,静岡県伊豆地方,34°57.8′N,139°07.7′E,4 km,2.5,震度１,34.96333333,139.1283333
2009/12/18,15:46:38,天草灘,32°33.5′N,130°01.7′E,12 km,2.6,震度１,32.55833333,130.0283333
2009/12/18,16:05:40,静岡県伊豆地方,34°57.8′N,139°07.5′E,3 km,2.6,震度２,34.96333333,139.125
2009/12/18,16:14:07,静岡県伊豆地方,34°57.8′N,139°07.6′E,4 km,2.4,震度１,34.96333333,139.1266667
2009/12/18,16:28:14,静岡県伊豆地方,34°57.9′N,139°07.9′E,4 km,2.3,震度１,34.965,139.1316667
2009/12/18,16:39:26,静岡県伊豆地方,34°57.9′N,139°07.9′E,4 km,3.9,震度３,34.965,139.1316667
2009/12/18,17:07:11,静岡県伊豆地方,34°58.1′N,139°07.5′E,4 km,2.5,震度２,34.96833333,139.125
2009/12/18,17:51:10,静岡県伊豆地方,34°58.0′N,139°07.7′E,4 km,2.6,震度１,34.96666667,139.1283333
2009/12/18,18:10:14,静岡県伊豆地方,34°58.1′N,139°07.5′E,4 km,2,震度１,34.96833333,139.125
2009/12/18,18:13:21,静岡県伊豆地方,34°58.0′N,139°07.7′E,3 km,2.2,震度１,34.96666667,139.1283333
2009/12/18,18:54:17,静岡県伊豆地方,34°57.9′N,139°07.6′E,4 km,2.5,震度２,34.965,139.1266667
2009/12/18,18:55:11,静岡県伊豆地方,34°57.9′N,139°07.9′E,4 km,2.6,震度１,34.965,139.1316667
2009/12/18,18:58:41,静岡県伊豆地方,34°58.1′N,139°07.9′E,4 km,3.1,震度２,34.96833333,139.1316667
2009/12/18,19:00:24,静岡県伊豆地方,34°58.2′N,139°07.6′E,4 km,2.9,震度１,34.97,139.1266667
2009/12/18,19:08:37,静岡県伊豆地方,34°57.5′N,139°05.6′E,4 km,2.6,震度１,34.95833333,139.0933333
2009/12/18,19:31:10,静岡県伊豆地方,34°57.8′N,139°07.8′E,4 km,1.9,震度１,34.96333333,139.13
2009/12/18,19:34:14,静岡県伊豆地方,34°57.9′N,139°07.7′E,4 km,2.7,震度２,34.965,139.1283333
2009/12/18,19:38:23,静岡県伊豆地方,34°57.8′N,139°07.5′E,3 km,2.2,震度１,34.96333333,139.125
2009/12/18,19:46:01,静岡県伊豆地方,34°57.7′N,139°08.2′E,4 km,2.4,震度２,34.96166667,139.1366667
2009/12/18,19:52:53,静岡県伊豆地方,34°57.7′N,139°07.5′E,5 km,2.4,震度１,34.96166667,139.125
2009/12/18,20:16:21,静岡県伊豆地方,34°58.0′N,139°07.5′E,5 km,2.3,震度１,34.96666667,139.125
2009/12/18,20:22:29,静岡県伊豆地方,34°57.9′N,139°07.3′E,4 km,1.7,震度１,34.965,139.1216667
2009/12/18,20:43:30,静岡県伊豆地方,34°57.9′N,139°07.6′E,5 km,2.5,震度２,34.965,139.1266667
2009/12/18,20:48:33,八丈島東方沖,33°42.1′N,141°18.0′E,63 km,5.2,震度２,33.70166667,141.3
2009/12/18,20:51:04,伊豆半島東方沖,34°58.0′N,139°08.2′E,3 km,2.7,震度２,34.96666667,139.1366667
2009/12/18,21:14:35,静岡県伊豆地方,34°57.6′N,139°07.9′E,4 km,2.9,震度２,34.96,139.1316667
2009/12/18,21:15:31,静岡県伊豆地方,34°57.8′N,139°08.0′E,3 km,2.1,震度１,34.96333333,139.1333333
2009/12/18,21:26:55,静岡県伊豆地方,34°57.8′N,139°07.7′E,4 km,3.9,震度４,34.96333333,139.1283333
2009/12/18,21:54:24,静岡県伊豆地方,34°58.0′N,139°07.8′E,4 km,3.2,震度３,34.96666667,139.13
2009/12/18,22:00:36,静岡県伊豆地方,34°57.7′N,139°07.7′E,5 km,2.5,震度１,34.96166667,139.1283333
2009/12/18,22:24:33,静岡県伊豆地方,34°58.0′N,139°07.7′E,4 km,2.1,震度１,34.96666667,139.1283333
2009/12/18,22:41:20,静岡県伊豆地方,34°57.7′N,139°07.9′E,4 km,2.2,震度１,34.96166667,139.1316667
2009/12/18,22:52:26,静岡県伊豆地方,34°57.8′N,139°08.0′E,4 km,3.9,震度３,34.96333333,139.1333333
2009/12/18,22:53:34,静岡県伊豆地方,34°57.7′N,139°06.9′E,3 km,2.7,震度２,34.96166667,139.115
2009/12/18,23:02:51,静岡県伊豆地方,34°57.7′N,139°07.9′E,4 km,2.1,震度１,34.96166667,139.1316667
2009/12/18,23:20:32,静岡県伊豆地方,34°58.2′N,139°07.4′E,4 km,2.4,震度１,34.97,139.1233333
2009/12/18,23:24:38,静岡県伊豆地方,34°58.1′N,139°07.6′E,3 km,2.5,震度２,34.96833333,139.1266667
2009/12/18,23:34:33,静岡県伊豆地方,34°57.7′N,139°07.7′E,5 km,1.6,震度１,34.96166667,139.1283333
2009/12/18,23:36:29,静岡県伊豆地方,34°58.0′N,139°07.7′E,3 km,2.1,震度１,34.96666667,139.1283333
2009/12/18,23:45:55,静岡県伊豆地方,34°57.9′N,139°07.6′E,4 km,2.7,震度２,34.965,139.1266667
2009/12/18,23:46:43,静岡県伊豆地方,34°58.2′N,139°07.6′E,4 km,2.7,震度１,34.97,139.1266667
2009/12/18,23:52:59,静岡県伊豆地方,34°57.8′N,139°07.6′E,3 km,2.2,震度１,34.96333333,139.1266667
2009/12/19,0:01:24,静岡県伊豆地方,34°58.2′N,139°07.9′E,3 km,2.6,震度１,34.97,139.1316667
2009/12/19,0:04:39,静岡県伊豆地方,34°57.8′N,139°07.8′E,4 km,2.4,震度１,34.96333333,139.13
2009/12/19,0:17:24,静岡県伊豆地方,34°57.8′N,139°07.9′E,4 km,2.6,震度２,34.96333333,139.1316667
2009/12/19,0:25:25,伊豆半島東方沖,34°58.2′N,139°09.0′E,4 km,3.2,震度２,34.97,139.15
2009/12/19,0:27:12,静岡県伊豆地方,34°57.9′N,139°07.5′E,4 km,2.5,震度２,34.965,139.125
2009/12/19,0:42:44,静岡県伊豆地方,34°57.8′N,139°08.1′E,3 km,2.1,震度１,34.96333333,139.135
2009/12/19,0:50:36,静岡県伊豆地方,34°57.9′N,139°07.3′E,4 km,1.9,震度１,34.965,139.1216667
2009/12/19,0:52:22,静岡県伊豆地方,34°57.8′N,139°07.6′E,3 km,2,震度１,34.96333333,139.1266667
2009/12/19,0:53:14,静岡県伊豆地方,34°57.8′N,139°07.4′E,4 km,4.5,震度４,34.96333333,139.1233333
2009/12/19,0:54:25,静岡県伊豆地方,34°57.9′N,139°08.0′E,3 km,2.1,震度１,34.965,139.1333333
2009/12/19,1:18:43,静岡県伊豆地方,34°57.9′N,139°07.6′E,4 km,2.2,震度１,34.965,139.1266667
2009/12/19,1:52:44,静岡県伊豆地方,34°58.0′N,139°07.6′E,4 km,3.7,震度３,34.96666667,139.1266667
2009/12/19,1:54:35,静岡県伊豆地方,34°57.8′N,139°07.3′E,3 km,2.4,震度２,34.96333333,139.1216667
2009/12/19,2:33:23,静岡県伊豆地方,34°57.9′N,139°08.6′E,3 km,2.6,震度２,34.965,139.1433333
2009/12/19,2:48:54,静岡県伊豆地方,34°57.7′N,139°07.9′E,4 km,2,震度１,34.96166667,139.1316667
2009/12/19,2:58:10,静岡県伊豆地方,34°58.0′N,139°07.5′E,3 km,2.5,震度２,34.96666667,139.125
2009/12/19,3:36:26,静岡県伊豆地方,34°57.9′N,139°07.8′E,3 km,3.6,震度３,34.965,139.13
2009/12/19,3:45:59,静岡県伊豆地方,34°57.7′N,139°07.6′E,3 km,2,震度１,34.96166667,139.1266667
2009/12/19,4:10:47,静岡県伊豆地方,34°57.9′N,139°07.8′E,3 km,2.3,震度１,34.965,139.13
2009/12/19,4:17:09,静岡県伊豆地方,34°57.9′N,139°07.7′E,3 km,2.2,震度１,34.965,139.1283333
2009/12/19,4:23:37,静岡県伊豆地方,34°58.3′N,139°07.6′E,3 km,3.5,震度３,34.97166667,139.1266667
2009/12/19,4:30:51,宮城県沖,38°01.8′N,141°52.8′E,45 km,4.6,震度３,38.03,141.88
2009/12/19,4:32:20,静岡県伊豆地方,34°57.8′N,139°07.8′E,3 km,2.1,震度１,34.96333333,139.13
2009/12/19,4:34:55,静岡県伊豆地方,34°58.0′N,139°07.1′E,4 km,2.8,震度２,34.96666667,139.1183333
2009/12/19,4:36:49,静岡県伊豆地方,34°58.0′N,139°07.4′E,3 km,2.3,震度１,34.96666667,139.1233333
2009/12/19,4:52:55,静岡県伊豆地方,34°57.9′N,139°07.4′E,5 km,2.6,震度２,34.965,139.1233333
2009/12/19,4:59:57,静岡県伊豆地方,34°58.3′N,139°07.4′E,4 km,2.2,震度１,34.97166667,139.1233333
2009/12/19,5:14:34,静岡県伊豆地方,34°58.2′N,139°07.8′E,6 km,2.5,震度２,34.97,139.13
2009/12/19,5:15:42,静岡県伊豆地方,34°57.9′N,139°07.6′E,5 km,2.6,震度２,34.965,139.1266667
2009/12/19,5:37:59,静岡県伊豆地方,34°58.0′N,139°07.6′E,4 km,2.3,震度１,34.96666667,139.1266667
2009/12/19,5:41:15,静岡県伊豆地方,34°58.0′N,139°07.5′E,4 km,2.2,震度１,34.96666667,139.125
2009/12/19,5:54:18,伊豆半島東方沖,34°57.3′N,139°09.1′E,3 km,2.5,震度２,34.955,139.1516667
2009/12/19,6:01:51,静岡県伊豆地方,34°58.4′N,139°07.1′E,3 km,2.4,震度１,34.97333333,139.1183333
2009/12/19,6:10:06,静岡県伊豆地方,34°57.9′N,139°07.2′E,5 km,2.6,震度２,34.965,139.12
2009/12/19,6:23:12,静岡県伊豆地方,34°58.0′N,139°07.2′E,5 km,1.9,震度１,34.96666667,139.12
2009/12/19,6:36:43,静岡県伊豆地方,34°58.0′N,139°07.3′E,5 km,2,震度１,34.96666667,139.1216667
2009/12/19,7:22:37,静岡県伊豆地方,34°58.0′N,139°07.3′E,4 km,2.4,震度１,34.96666667,139.1216667
2009/12/19,7:58:02,静岡県伊豆地方,34°57.7′N,139°08.2′E,4 km,3.3,震度３,34.96166667,139.1366667
2009/12/19,8:09:11,静岡県伊豆地方,34°58.0′N,139°07.4′E,5 km,2.2,震度１,34.96666667,139.1233333
2009/12/19,8:52:49,静岡県伊豆地方,34°57.9′N,139°07.3′E,5 km,1.8,震度１,34.965,139.1216667
2009/12/19,9:06:58,静岡県伊豆地方,34°58.2′N,139°07.3′E,4 km,2.6,震度２,34.97,139.1216667
2009/12/19,9:10:25,豊後水道,33°18.6′N,132°07.4′E,48 km,3.5,震度１,33.31,132.1233333
2009/12/19,9:51:47,静岡県伊豆地方,34°57.9′N,139°07.6′E,5 km,1.8,震度１,34.965,139.1266667
2009/12/19,10:49:35,熊本県天草・芦北地方,32°19.2′N,130°31.6′E,7 km,3.6,震度２,32.32,130.5266667
2009/12/19,11:22:14,静岡県伊豆地方,34°58.0′N,139°07.5′E,3 km,2.4,震度１,34.96666667,139.125
2009/12/19,11:28:00,静岡県伊豆地方,34°57.9′N,139°07.1′E,4 km,1.9,震度１,34.965,139.1183333
2009/12/19,11:49:16,静岡県伊豆地方,34°57.6′N,139°07.9′E,4 km,2,震度１,34.96,139.1316667
2009/12/19,12:06:28,静岡県伊豆地方,34°57.8′N,139°07.8′E,2 km,3.2,震度３,34.96333333,139.13
2009/12/19,12:11:13,静岡県伊豆地方,34°57.8′N,139°08.0′E,3 km,2.9,震度２,34.96333333,139.1333333
2009/12/19,12:15:02,伊豆半島東方沖,34°58.0′N,139°08.1′E,3 km,3.2,震度２,34.96666667,139.135
2009/12/19,12:20:34,静岡県伊豆地方,34°57.7′N,139°08.0′E,4 km,2.1,震度１,34.96166667,139.1333333
2009/12/19,12:21:20,伊豆半島東方沖,34°58.4′N,139°08.6′E,3 km,2.1,震度１,34.97333333,139.1433333
2009/12/19,12:24:56,静岡県伊豆地方,34°57.6′N,139°08.0′E,4 km,2.3,震度１,34.96,139.1333333
2009/12/19,12:26:46,静岡県伊豆地方,34°57.7′N,139°08.1′E,4 km,2.3,震度１,34.96166667,139.135
2009/12/19,12:35:40,伊豆半島東方沖,34°58.3′N,139°08.4′E,4 km,2.4,震度１,34.97166667,139.14
2009/12/19,12:59:30,静岡県伊豆地方,34°57.8′N,139°08.1′E,4 km,2.3,震度１,34.96333333,139.135
2009/12/19,13:47:54,静岡県伊豆地方,34°57.8′N,139°07.5′E,5 km,2.5,震度１,34.96333333,139.125
2009/12/19,13:52:00,静岡県伊豆地方,34°57.5′N,139°05.6′E,4 km,2.9,震度１,34.95833333,139.0933333
2009/12/19,14:03:09,静岡県伊豆地方,34°58.6′N,139°07.1′E,4 km,4,震度３,34.97666667,139.1183333
2009/12/19,14:12:13,静岡県伊豆地方,34°57.9′N,139°08.0′E,5 km,2.3,震度１,34.965,139.1333333
2009/12/19,14:42:29,静岡県伊豆地方,34°58.1′N,139°07.4′E,4 km,2.3,震度１,34.96833333,139.1233333
2009/12/19,16:38:39,静岡県伊豆地方,34°57.8′N,139°07.4′E,5 km,1.7,震度１,34.96333333,139.1233333
2009/12/19,16:44:47,静岡県伊豆地方,34°57.9′N,139°07.7′E,4 km,1.6,震度１,34.965,139.1283333
2009/12/19,16:45:39,静岡県伊豆地方,34°58.0′N,139°07.6′E,4 km,2.1,震度１,34.96666667,139.1266667
2009/12/19,16:50:08,静岡県伊豆地方,34°57.9′N,139°07.5′E,4 km,2,震度１,34.965,139.125
2009/12/19,16:51:17,静岡県伊豆地方,34°58.2′N,139°07.6′E,4 km,2.1,震度１,34.97,139.1266667
2009/12/19,16:52:09,静岡県伊豆地方,34°57.9′N,139°07.4′E,5 km,2.5,震度２,34.965,139.1233333
2009/12/19,16:53:55,静岡県伊豆地方,34°57.9′N,139°07.5′E,5 km,1.8,震度１,34.965,139.125
2009/12/19,16:56:22,静岡県伊豆地方,34°57.8′N,139°07.8′E,5 km,2.5,震度２,34.96333333,139.13
2009/12/19,16:57:36,静岡県伊豆地方,34°58.0′N,139°07.2′E,5 km,2,震度１,34.96666667,139.12
2009/12/19,17:00:21,静岡県伊豆地方,34°58.0′N,139°07.2′E,4 km,2.3,震度１,34.96666667,139.12
2009/12/19,17:02:37,静岡県伊豆地方,34°57.7′N,139°07.4′E,6 km,2.1,震度１,34.96166667,139.1233333
2009/12/19,17:05:09,静岡県伊豆地方,34°58.0′N,139°07.6′E,5 km,2.2,震度１,34.96666667,139.1266667
2009/12/19,17:07:49,静岡県伊豆地方,34°57.9′N,139°07.2′E,5 km,2.8,震度２,34.965,139.12
2009/12/19,17:10:03,静岡県伊豆地方,34°57.9′N,139°07.4′E,4 km,2.2,震度１,34.965,139.1233333
2009/12/19,17:16:06,静岡県伊豆地方,34°58.2′N,139°07.7′E,4 km,1.7,震度１,34.97,139.1283333
2009/12/19,17:17:31,静岡県伊豆地方,34°57.9′N,139°07.5′E,5 km,2.8,震度２,34.965,139.125
2009/12/19,17:25:44,静岡県伊豆地方,34°58.1′N,139°07.2′E,5 km,2.1,震度１,34.96833333,139.12
2009/12/19,17:31:27,静岡県伊豆地方,34°58.1′N,139°07.3′E,4 km,2.1,震度１,34.96833333,139.1216667
2009/12/19,17:35:10,静岡県伊豆地方,34°58.1′N,139°07.5′E,6 km,2.7,震度２,34.96833333,139.125
2009/12/19,17:36:48,静岡県伊豆地方,34°58.0′N,139°07.2′E,5 km,2.5,震度２,34.96666667,139.12
2009/12/19,17:51:18,静岡県伊豆地方,34°58.0′N,139°06.9′E,6 km,1.9,震度１,34.96666667,139.115
2009/12/19,17:57:42,静岡県伊豆地方,34°58.9′N,139°06.2′E,5 km,1.9,震度１,34.98166667,139.1033333
2009/12/19,18:11:43,静岡県伊豆地方,34°58.4′N,139°07.7′E,4 km,3.9,震度３,34.97333333,139.1283333
2009/12/19,18:22:40,静岡県伊豆地方,34°58.0′N,139°07.2′E,6 km,1.8,震度１,34.96666667,139.12
2009/12/19,19:14:08,静岡県伊豆地方,34°58.0′N,139°07.3′E,4 km,2.4,震度１,34.96666667,139.1216667
2009/12/19,19:18:48,静岡県伊豆地方,34°58.0′N,139°07.4′E,5 km,2.2,震度１,34.96666667,139.1233333
2009/12/19,19:33:01,静岡県伊豆地方,34°58.2′N,139°07.2′E,5 km,2,震度１,34.97,139.12
2009/12/19,20:34:51,静岡県伊豆地方,34°57.9′N,139°07.7′E,3 km,2.3,震度１,34.965,139.1283333
2009/12/19,20:46:47,長野県南部,35°52.7′N,137°39.9′E,11 km,3.1,震度２,35.87833333,137.665
2009/12/19,22:02:16,台湾付近,23°46.6′N,121°38.8′E,32 km,6.7,震度３,23.77666667,121.6466667
2009/12/19,22:04:53,静岡県伊豆地方,34°58.1′N,139°06.8′E,4 km,4.3,震度４,34.96833333,139.1133333
2009/12/19,22:07:49,静岡県伊豆地方,34°57.9′N,139°07.0′E,3 km,2.1,震度１,34.965,139.1166667
2009/12/19,22:09:39,静岡県伊豆地方,34°58.0′N,139°07.3′E,4 km,4.5,震度４,34.96666667,139.1216667
2009/12/19,22:10:55,静岡県伊豆地方,34°57.8′N,139°07.2′E,2 km,2,震度１,34.96333333,139.12
2009/12/19,22:12:38,伊豆半島東方沖,34°58.1′N,139°08.5′E,3 km,3.2,震度３,34.96833333,139.1416667
2009/12/19,22:27:53,伊豆半島東方沖,34°58.0′N,139°08.2′E,3 km,2,震度１,34.96666667,139.1366667
2009/12/19,22:47:39,静岡県伊豆地方,34°58.0′N,139°07.3′E,5 km,2.5,震度２,34.96666667,139.1216667
2009/12/19,22:59:08,静岡県伊豆地方,34°57.9′N,139°06.7′E,5 km,1.8,震度１,34.965,139.1116667
2009/12/20,1:51:43,静岡県伊豆地方,34°57.8′N,139°08.0′E,3 km,2.2,震度１,34.96333333,139.1333333
2009/12/20,4:33:37,静岡県伊豆地方,34°57.9′N,139°07.6′E,5 km,2.3,震度１,34.965,139.1266667
2009/12/20,9:45:26,静岡県伊豆地方,34°57.9′N,139°06.9′E,5 km,2.5,震度１,34.965,139.115
2009/12/20,9:54:23,静岡県伊豆地方,34°57.8′N,139°07.5′E,5 km,2,震度１,34.96333333,139.125
2009/12/20,10:06:32,静岡県伊豆地方,34°57.8′N,139°07.0′E,4 km,2.5,震度２,34.96333333,139.1166667
2009/12/20,10:23:10,静岡県伊豆地方,34°57.7′N,139°06.4′E,4 km,1.9,震度１,34.96166667,139.1066667
2009/12/20,10:54:25,静岡県伊豆地方,34°57.9′N,139°07.8′E,3 km,2.3,震度１,34.965,139.13
2009/12/20,11:42:25,静岡県伊豆地方,34°58.0′N,139°07.3′E,5 km,2.4,震度１,34.96666667,139.1216667
2009/12/20,16:45:10,静岡県伊豆地方,34°58.0′N,139°07.5′E,5 km,2.3,震度１,34.96666667,139.125
2009/12/20,17:49:36,静岡県伊豆地方,34°58.0′N,139°07.6′E,6 km,3.2,震度１,34.96666667,139.1266667
2009/12/20,18:00:48,鹿児島県大隅地方,31°38.1′N,130°57.7′E,2 km,2.1,震度１,31.635,130.9616667
2009/12/20,18:24:59,静岡県伊豆地方,34°56.9′N,139°05.5′E,3 km,2.2,震度１,34.94833333,139.0916667
2009/12/20,20:52:34,千葉県東方沖,35°50.2′N,140°53.9′E,34 km,3.8,震度２,35.83666667,140.8983333
2009/12/20,23:30:25,青森県東方沖,40°59.5′N,143°16.1′E,44 km,4.7,震度２,40.99166667,143.2683333
2009/12/21,3:31:31,茨城県北部,36°34.4′N,140°38.6′E,89 km,3.3,震度１,36.57333333,140.6433333
2009/12/21,5:23:24,静岡県伊豆地方,34°58.1′N,139°07.1′E,5 km,2.7,震度２,34.96833333,139.1183333
2009/12/21,5:31:50,トカラ列島近海,29°39.5′N,129°50.0′E,7 km,2.8,震度１,29.65833333,129.8333333
2009/12/21,6:22:06,静岡県伊豆地方,34°57.8′N,139°07.8′E,6 km,2.4,震度１,34.96333333,139.13
2009/12/21,10:04:23,岩手県内陸南部,39°00.7′N,140°53.1′E,5 km,2.8,震度１,39.01166667,140.885
2009/12/21,15:24:20,茨城県沖,36°10.9′N,140°57.2′E,44 km,3.2,震度１,36.18166667,140.9533333
2009/12/21,20:00:24,静岡県伊豆地方,34°57.9′N,139°07.7′E,5 km,2.5,震度１,34.965,139.1283333
2009/12/22,0:58:53,八丈島東方沖,32°53.4′N,140°46.0′E,54 km,3.9,震度１,32.89,140.7666667
2009/12/22,1:25:27,静岡県伊豆地方,34°57.9′N,139°07.5′E,5 km,2.8,震度２,34.965,139.125
2009/12/22,5:49:41,千葉県北東部,35°24.5′N,140°23.6′E,58 km,3.4,震度１,35.40833333,140.3933333
2009/12/22,16:28:50,茨城県南部,36°00.3′N,139°53.5′E,41 km,3.1,震度１,36.005,139.8916667
2009/12/22,18:26:05,宮城県沖,38°51.3′N,141°38.2′E,65 km,3.4,震度１,38.855,141.6366667
2009/12/22,22:49:14,能登半島沖,37°11.6′N,136°39.9′E,10 km,2.7,震度１,37.19333333,136.665
2009/12/23,5:22:18,静岡県伊豆地方,34°57.7′N,139°07.5′E,2 km,2.1,震度１,34.96166667,139.125
2009/12/23,6:52:24,和歌山県北部,34°09.0′N,135°15.5′E,5 km,1.7,震度１,34.15,135.2583333
2009/12/23,8:57:28,宮城県沖,38°47.0′N,141°36.2′E,70 km,3.5,震度１,38.78333333,141.6033333
2009/12/23,18:33:59,熊本県熊本地方,32°46.8′N,130°52.8′E,10 km,2.6,震度１,32.78,130.88
2009/12/24,1:00:24,長野県南部,35°49.8′N,137°54.4′E,6 km,2.8,震度１,35.83,137.9066667
2009/12/24,1:25:44,奄美大島近海,28°34.8′N,129°26.4′E,14 km,3.4,震度１,28.58,129.44
2009/12/24,2:10:16,静岡県伊豆地方,34°57.9′N,139°07.9′E,3 km,2.3,震度１,34.965,139.1316667
2009/12/24,2:11:54,静岡県伊豆地方,34°58.1′N,139°07.8′E,6 km,2.3,震度１,34.96833333,139.13
2009/12/24,5:16:20,静岡県伊豆地方,34°57.8′N,139°06.9′E,5 km,1.9,震度１,34.96333333,139.115
2009/12/24,6:01:32,千葉県南部,35°14.6′N,140°17.2′E,16 km,3.7,震度３,35.24333333,140.2866667
2009/12/24,7:22:31,千葉県南部,35°14.5′N,140°17.7′E,16 km,4.3,震度３,35.24166667,140.295
2009/12/24,9:18:56,秋田県内陸南部,39°11.8′N,140°47.0′E,6 km,3.1,震度１,39.19666667,140.7833333
2009/12/24,9:23:36,日本海北部,42°07.0′N,135°02.8′E,387 km,6.1,震度２,42.11666667,135.0466667
2009/12/24,11:49:08,根室半島南東沖,42°57.4′N,146°43.6′E,59 km,4.2,震度１,42.95666667,146.7266667
2009/12/24,14:36:39,長野県北部,36°41.9′N,138°14.1′E,10 km,2,震度１,36.69833333,138.235
2009/12/24,19:23:04,宮城県北部,38°28.1′N,141°10.0′E,12 km,2.9,震度２,38.46833333,141.1666667
2009/12/25,1:33:45,岐阜県美濃中西部,35°45.5′N,137°06.8′E,11 km,3.2,震度２,35.75833333,137.1133333
2009/12/25,3:58:41,豊後水道,33°23.8′N,132°22.6′E,42 km,3.1,震度１,33.39666667,132.3766667
2009/12/25,11:05:28,静岡県伊豆地方,34°58.0′N,139°07.7′E,6 km,2,震度１,34.96666667,139.1283333
2009/12/25,15:03:11,三宅島近海,34°05.6′N,139°30.4′E,0 km,1.5,震度１,34.09333333,139.5066667
2009/12/25,20:06:27,山形県最上地方,38°47.7′N,140°35.0′E,4 km,2.4,震度２,38.795,140.5833333
2009/12/26,0:44:42,長野県南部,35°56.1′N,137°39.4′E,10 km,2.5,震度１,35.935,137.6566667
2009/12/26,3:02:54,長野県南部,35°52.2′N,137°37.7′E,8 km,2.2,震度１,35.87,137.6283333
2009/12/26,10:16:35,北見地方,43°43.8′N,143°26.4′E,7 km,3.3,震度１,43.73,143.44
2009/12/26,19:48:32,岐阜県美濃中西部,35°26.4′N,136°48.1′E,7 km,3,震度２,35.44,136.8016667
2009/12/26,20:01:09,茨城県北部,36°28.5′N,140°31.2′E,57 km,3.3,震度１,36.475,140.52
2009/12/26,22:34:03,千葉県南部,35°15.1′N,140°18.3′E,14 km,2.2,震度１,35.25166667,140.305
2009/12/27,6:26:54,岩手県内陸南部,39°07.5′N,140°55.9′E,7 km,3.4,震度１,39.125,140.9316667
2009/12/27,18:54:20,静岡県伊豆地方,34°57.8′N,139°07.3′E,4 km,2,震度１,34.96333333,139.1216667
2009/12/27,19:29:40,茨城県南部,36°04.4′N,139°50.2′E,51 km,3.1,震度１,36.07333333,139.8366667
2009/12/28,0:23:30,福島県沖,37°49.3′N,141°29.4′E,60 km,4.1,震度２,37.82166667,141.49
2009/12/28,1:54:09,兵庫県南西部,34°54.2′N,134°44.7′E,13 km,3,震度１,34.90333333,134.745
2009/12/28,9:12:49,釧路地方中南部,43°10.4′N,144°38.6′E,85 km,5,震度４,43.17333333,144.6433333
2009/12/28,12:36:04,宮城県北部,38°48.5′N,140°48.5′E,5 km,2,震度１,38.80833333,140.8083333
2009/12/28,13:13:28,トカラ列島近海,28°02.5′N,128°28.3′E,81 km,4.6,震度１,28.04166667,128.4716667
2009/12/29,3:18:17,岩手県沖,40°07.5′N,142°28.0′E,35 km,3.9,震度１,40.125,142.4666667
2009/12/29,3:29:08,根室半島南東沖,43°16.7′N,146°09.9′E,45 km,3.5,震度１,43.27833333,146.165
2009/12/29,12:04:13,埼玉県南部,36°01.0′N,139°31.8′E,57 km,3.7,震度１,36.01666667,139.53
2009/12/29,16:08:09,茨城県沖,36°31.5′N,140°53.3′E,50 km,3.1,震度１,36.525,140.8883333
2009/12/29,21:06:17,千葉県東方沖,35°24.1′N,140°24.7′E,57 km,3.2,震度１,35.40166667,140.4116667
2009/12/30,4:23:03,浦河沖,41°50.2′N,142°12.1′E,72 km,4.8,震度３,41.83666667,142.2016667
2009/12/30,10:45:09,新潟県上越地方,37°00.6′N,138°15.2′E,7 km,1.6,震度１,37.01,138.2533333
2009/12/30,18:49:24,トカラ列島近海,29°40.5′N,129°46.4′E,11 km,2.2,震度１,29.675,129.7733333
2009/12/30,19:07:27,浦河沖,41°37.9′N,142°08.8′E,38 km,3.8,震度１,41.63166667,142.1466667
2009/12/31,6:32:50,日高地方中部,42°17.9′N,142°37.7′E,37 km,3.6,震度１,42.29833333,142.6283333
2009/12/31,7:05:39,岩手県沖,39°06.1′N,142°12.4′E,43 km,3.8,震度１,39.10166667,142.2066667
2009/12/31,7:58:15,千葉県北西部,35°40.0′N,140°01.0′E,18 km,2.5,震度１,35.66666667,140.0166667
2009/12/31,15:29:32,栃木県北部,36°38.0′N,139°28.1′E,10 km,2.9,震度２,36.63333333,139.4683333
2009/12/31,15:45:40,伊豆半島東方沖,35°01.1′N,139°07.5′E,6 km,3,震度２,35.01833333,139.125
2009/12/31,15:53:24,伊豆半島東方沖,35°01.2′N,139°07.3′E,6 km,2.6,震度１,35.02,139.1216667
2009/12/31,18:03:07,京都府南部,35°01.0′N,135°33.5′E,14 km,3,震度２,35.01666667,135.5583333
