date,time,epicenter,緯度,経度,depth,magnitude,maxshindo,lat,lng
2011/1/1,6:14:20,青森県三八上北地方,41°05.1′N,141°16.0′E,10 km,1.9,震度１,41.085,141.2666667
2011/1/1,8:01:02,茨城県沖,36°39.4′N,140°58.4′E,49 km,4.7,震度３,36.65666667,140.9733333
2011/1/2,9:42:37,山梨県東部・富士五湖,35°33.7′N,138°47.0′E,17 km,3.9,震度３,35.56166667,138.7833333
2011/1/2,18:21:53,岩手県沿岸北部,39°56.6′N,141°54.1′E,61 km,3.1,震度１,39.94333333,141.9016667
2011/1/2,22:53:41,青森県三八上北地方,40°31.2′N,141°23.9′E,91 km,3.3,震度１,40.52,141.3983333
2011/1/3,2:59:09,秋田県内陸南部,38°55.7′N,140°36.5′E,3 km,2.8,震度１,38.92833333,140.6083333
2011/1/3,4:10:23,茨城県沖,36°46.6′N,141°22.6′E,49 km,4.3,震度２,36.77666667,141.3766667
2011/1/3,8:22:30,福岡県北西沖,33°40.3′N,130°25.0′E,13 km,3.8,震度２,33.67166667,130.4166667
2011/1/3,10:52:14,京都府南部,35°03.3′N,135°33.2′E,12 km,2.7,震度１,35.055,135.5533333
2011/1/3,13:19:33,京都府南部,34°56.4′N,135°40.6′E,15 km,3.4,震度２,34.94,135.6766667
2011/1/3,13:45:12,新潟県下越沖,38°34.4′N,139°15.7′E,12 km,4.7,震度４,38.57333333,139.2616667
2011/1/4,3:51:35,和歌山県北部,34°08.5′N,135°08.1′E,6 km,2.8,震度２,34.14166667,135.135
2011/1/4,8:03:08,岐阜県美濃東部,35°26.2′N,137°23.3′E,7 km,2.5,震度１,35.43666667,137.3883333
2011/1/4,23:16:33,福島県沖,37°10.4′N,141°13.0′E,86 km,3.7,震度１,37.17333333,141.2166667
2011/1/5,13:11:50,新島・神津島近海,34°20.7′N,139°15.1′E,5 km,2.1,震度１,34.345,139.2516667
2011/1/6,8:23:52,埼玉県南部,35°48.3′N,139°52.4′E,28 km,3.1,震度１,35.805,139.8733333
2011/1/7,18:05:38,熊本県熊本地方,32°34.2′N,130°36.3′E,16 km,3.9,震度３,32.57,130.605
2011/1/8,6:51:04,奄美大島北東沖,29°23.7′N,130°23.6′E,48 km,3.9,震度１,29.395,130.3933333
2011/1/8,16:47:47,苫小牧沖,41°52.5′N,141°29.9′E,109 km,3.7,震度１,41.875,141.4983333
2011/1/9,3:21:52,胆振地方中東部,42°36.4′N,142°07.8′E,132 km,4.1,震度１,42.60666667,142.13
2011/1/9,11:21:41,茨城県南部,35°52.3′N,140°14.9′E,43 km,3.5,震度２,35.87166667,140.2483333
2011/1/9,21:42:31,釧路沖,42°20.4′N,144°31.3′E,31 km,4.7,震度２,42.34,144.5216667
2011/1/10,19:24:24,硫黄島近海,23°43.4′N,143°49.4′E,147 km,6,震度１,23.72333333,143.8233333
2011/1/10,21:01:18,茨城県北部,36°30.4′N,140°20.6′E,100 km,3.2,震度１,36.50666667,140.3433333
2011/1/11,3:12:58,和歌山県北部,34°02.3′N,135°16.1′E,6 km,3.5,震度２,34.03833333,135.2683333
2011/1/11,14:11:42,日高地方西部,42°36.1′N,142°08.5′E,133 km,4.1,震度２,42.60166667,142.1416667
2011/1/12,1:01:15,福島県沖,37°09.6′N,141°24.5′E,48 km,4.2,震度３,37.16,141.4083333
2011/1/12,5:20:52,福島県沖,37°03.5′N,141°12.0′E,50 km,3.4,震度２,37.05833333,141.2
2011/1/12,12:23:36,熊本県熊本地方,32°37.1′N,130°48.8′E,6 km,2.3,震度１,32.61833333,130.8133333
2011/1/12,18:07:51,長野県南部,35°53.7′N,137°46.5′E,8 km,2.5,震度２,35.895,137.775
2011/1/12,22:16:16,東京湾,35°37.3′N,140°03.8′E,73 km,3.5,震度１,35.62166667,140.0633333
2011/1/13,1:49:16,福島県中通り,37°17.2′N,140°00.1′E,8 km,2.4,震度１,37.28666667,140.0016667
2011/1/13,6:32:55,小笠原諸島西方沖,27°04.5′N,140°10.4′E,516 km,6.3,震度２,27.075,140.1733333
2011/1/13,15:23:38,トカラ列島近海,29°40.4′N,129°46.4′E,11 km,2.6,震度１,29.67333333,129.7733333
2011/1/13,16:38:39,北海道南西沖,42°02.3′N,139°22.0′E,9 km,2.9,震度１,42.03833333,139.3666667
2011/1/14,22:33:33,栃木県北部,36°37.3′N,139°29.5′E,9 km,2.4,震度１,36.62166667,139.4916667
2011/1/15,3:58:33,千葉県北西部,35°43.7′N,140°11.5′E,62 km,3.4,震度１,35.72833333,140.1916667
2011/1/16,12:35:45,択捉島南東沖,43°51.7′N,147°58.0′E,62 km,5.1,震度２,43.86166667,147.9666667
2011/1/16,20:33:25,徳島県北部,34°00.5′N,133°46.5′E,44 km,4.5,震度３,34.00833333,133.775
2011/1/16,23:55:03,新島・神津島近海,34°22.3′N,139°10.9′E,2 km,1.8,震度１,34.37166667,139.1816667
2011/1/17,3:53:19,新島・神津島近海,34°22.4′N,139°10.8′E,2 km,2.4,震度１,34.37333333,139.18
2011/1/17,3:55:31,新島・神津島近海,34°22.4′N,139°10.7′E,0 km,1.9,震度１,34.37333333,139.1783333
2011/1/17,13:07:03,根室地方中部,43°29.9′N,145°13.4′E,130 km,3.6,震度１,43.49833333,145.2233333
2011/1/17,15:29:57,奄美大島北東沖,29°34.7′N,130°09.6′E,42 km,3.2,震度１,29.57833333,130.16
2011/1/17,16:13:51,茨城県沖,36°30.9′N,140°58.7′E,58 km,4.2,震度３,36.515,140.9783333
2011/1/18,10:27:46,北海道南西沖,41°24.9′N,140°06.2′E,8 km,2.6,震度２,41.415,140.1033333
2011/1/18,13:11:19,沖縄本島近海,26°14.2′N,128°22.5′E,27 km,3.8,震度１,26.23666667,128.375
2011/1/18,23:52:30,新島・神津島近海,34°21.5′N,139°13.8′E,4 km,1.8,震度１,34.35833333,139.23
2011/1/19,8:21:22,駿河湾,34°57.9′N,138°37.3′E,22 km,2.9,震度１,34.965,138.6216667
2011/1/19,9:48:09,徳島県北部,34°00.5′N,133°46.6′E,44 km,3.6,震度１,34.00833333,133.7766667
2011/1/19,9:54:43,兵庫県南東部,34°53.0′N,135°22.7′E,3 km,2.5,震度１,34.88333333,135.3783333
2011/1/19,10:49:21,岐阜県美濃中西部,35°47.8′N,136°54.0′E,11 km,2.6,震度１,35.79666667,136.9
2011/1/20,0:53:18,伊豆大島近海,34°48.3′N,139°15.7′E,8 km,2.3,震度１,34.805,139.2616667
2011/1/20,4:27:36,茨城県南部,36°01.2′N,140°05.5′E,63 km,3.5,震度１,36.02,140.0916667
2011/1/20,20:36:41,トカラ列島近海,29°33.1′N,129°34.9′E,150 km,4.9,震度２,29.55166667,129.5816667
2011/1/20,22:20:15,栃木県北部,37°02.5′N,139°55.3′E,14 km,3.7,震度３,37.04166667,139.9216667
2011/1/21,13:28:23,新島・神津島近海,34°22.9′N,139°10.5′E,0 km,1.6,震度１,34.38166667,139.175
2011/1/22,10:02:27,福島県沖,37°01.4′N,140°59.5′E,89 km,3.6,震度１,37.02333333,140.9916667
2011/1/22,11:48:08,遠州灘,34°29.7′N,137°55.6′E,298 km,4.1,震度１,34.495,137.9266667
2011/1/22,14:49:02,日高地方東部,42°19.2′N,142°59.7′E,53 km,4.4,震度２,42.32,142.995
2011/1/25,0:49:32,石狩湾,43°29.0′N,141°20.0′E,0 km,3,震度１,43.48333333,141.3333333
2011/1/25,13:49:46,日向灘,32°01.0′N,131°52.9′E,24 km,3.3,震度１,32.01666667,131.8816667
2011/1/25,14:24:39,千葉県東方沖,35°11.0′N,141°24.4′E,39 km,5.3,震度２,35.18333333,141.4066667
2011/1/25,17:24:27,東京湾,35°37.6′N,140°03.0′E,71 km,3.4,震度１,35.62666667,140.05
2011/1/25,20:12:15,岐阜県飛騨地方,36°17.3′N,137°37.3′E,4 km,2.7,震度１,36.28833333,137.6216667
2011/1/26,22:13:56,秋田県内陸南部,39°04.7′N,140°41.7′E,10 km,2.7,震度１,39.07833333,140.695
2011/1/27,14:14:29,熊本県熊本地方,32°59.2′N,130°54.3′E,6 km,2.3,震度１,32.98666667,130.905
2011/1/28,11:42:47,長野県南部,35°40.2′N,137°47.3′E,7 km,2.8,震度１,35.67,137.7883333
2011/1/28,12:51:59,愛知県西部,35°21.8′N,136°48.9′E,41 km,3,震度１,35.36333333,136.815
2011/1/28,16:41:46,茨城県北部,36°33.5′N,140°34.1′E,55 km,3.8,震度２,36.55833333,140.5683333
2011/1/28,22:48:59,兵庫県南東部,34°43.8′N,135°16.0′E,6 km,3.6,震度３,34.73,135.2666667
2011/1/28,22:51:30,兵庫県南東部,34°43.8′N,135°16.1′E,6 km,2,震度１,34.73,135.2683333
2011/1/30,21:28:13,兵庫県南東部,34°43.7′N,135°16.3′E,6 km,2.2,震度１,34.72833333,135.2716667
2011/1/31,8:03:31,山梨県東部・富士五湖,35°32.6′N,138°56.6′E,25 km,3.5,震度２,35.54333333,138.9433333
2011/1/31,16:39:38,新潟県中越地方,37°17.2′N,138°55.8′E,12 km,2.5,震度１,37.28666667,138.93
2011/1/31,17:21:58,伊豆大島近海,34°50.6′N,139°14.2′E,9 km,4.2,震度４,34.84333333,139.2366667
2011/1/31,19:43:29,伊豆大島近海,34°50.6′N,139°13.5′E,8 km,2.4,震度１,34.84333333,139.225
2011/2/1,2:32:26,日向灘,31°50.0′N,132°10.8′E,22 km,4.1,震度１,31.83333333,132.18
2011/2/1,4:07:09,富山県東部,36°27.6′N,137°21.3′E,12 km,2.8,震度１,36.46,137.355
2011/2/1,5:37:03,広島県北部,34°53.5′N,133°01.5′E,9 km,2.6,震度１,34.89166667,133.025
2011/2/1,15:42:34,兵庫県南東部,34°43.7′N,135°16.2′E,6 km,2.2,震度１,34.72833333,135.27
2011/2/1,18:21:44,釧路沖,42°34.8′N,144°13.0′E,63 km,3.7,震度１,42.58,144.2166667
2011/2/1,22:38:36,和歌山県北部,34°14.8′N,135°11.0′E,6 km,2.4,震度１,34.24666667,135.1833333
2011/2/3,14:57:31,伊豆大島近海,34°50.5′N,139°13.8′E,9 km,2.1,震度１,34.84166667,139.23
2011/2/3,17:19:40,トカラ列島近海,29°36.4′N,129°41.5′E,8 km,2.7,震度１,29.60666667,129.6916667
2011/2/3,17:56:22,トカラ列島近海,29°38.9′N,129°44.0′E,11 km,2.2,震度１,29.64833333,129.7333333
2011/2/3,18:09:39,トカラ列島近海,29°35.4′N,129°44.2′E,5 km,2.1,震度２,29.59,129.7366667
2011/2/3,22:06:20,トカラ列島近海,29°36.4′N,129°43.0′E,6 km,2.9,震度３,29.60666667,129.7166667
2011/2/3,22:51:57,三陸沖,39°55.5′N,143°22.2′E,19 km,4.3,震度１,39.925,143.37
2011/2/3,23:09:46,トカラ列島近海,29°35.0′N,129°45.7′E,1 km,2,震度１,29.58333333,129.7616667
2011/2/4,18:11:24,大隅半島東方沖,31°04.8′N,131°30.9′E,31 km,4.7,震度３,31.08,131.515
2011/2/4,19:43:07,岩手県沖,39°06.3′N,142°15.2′E,58 km,3.6,震度１,39.105,142.2533333
2011/2/4,20:15:45,奄美大島北東沖,29°12.4′N,130°18.4′E,72 km,5,震度３,29.20666667,130.3066667
2011/2/5,0:01:59,トカラ列島近海,29°38.6′N,129°46.9′E,5 km,3.7,震度２,29.64333333,129.7816667
2011/2/5,6:59:39,熊本県天草・芦北地方,32°13.9′N,130°23.9′E,5 km,3,震度２,32.23166667,130.3983333
2011/2/5,10:56:12,千葉県南東沖,34°51.3′N,140°37.1′E,64 km,5.2,震度４,34.855,140.6183333
2011/2/5,21:22:18,トカラ列島近海,29°37.9′N,129°46.0′E,10 km,2.7,震度１,29.63166667,129.7666667
2011/2/5,21:23:23,トカラ列島近海,29°37.7′N,129°44.9′E,12 km,2.3,震度１,29.62833333,129.7483333
2011/2/5,22:16:27,福岡県筑後地方,33°25.3′N,130°46.0′E,7 km,3.3,震度２,33.42166667,130.7666667
2011/2/6,5:46:50,渡島地方東部,41°53.2′N,140°57.6′E,13 km,2.3,震度１,41.88666667,140.96
2011/2/6,6:15:26,トカラ列島近海,29°39.7′N,129°43.7′E,11 km,2.7,震度１,29.66166667,129.7283333
2011/2/6,7:25:04,長野県南部,35°55.2′N,137°47.0′E,11 km,3.7,震度３,35.92,137.7833333
2011/2/6,14:10:11,和歌山県北部,34°11.1′N,135°21.1′E,6 km,2.2,震度１,34.185,135.3516667
2011/2/7,0:36:16,広島県北部,34°53.5′N,133°01.5′E,9 km,3.6,震度２,34.89166667,133.025
2011/2/7,1:08:05,根室半島南東沖,43°05.5′N,145°36.4′E,47 km,3.8,震度１,43.09166667,145.6066667
2011/2/7,1:53:35,トカラ列島近海,29°37.3′N,129°46.6′E,7 km,2.5,震度１,29.62166667,129.7766667
2011/2/7,2:23:37,トカラ列島近海,29°38.1′N,129°46.5′E,5 km,2.7,震度１,29.635,129.775
2011/2/7,3:51:35,トカラ列島近海,29°38.7′N,129°46.1′E,7 km,3,震度１,29.645,129.7683333
2011/2/7,4:40:33,薩摩半島西方沖,31°12.5′N,130°24.4′E,137 km,4.4,震度３,31.20833333,130.4066667
2011/2/7,8:09:08,トカラ列島近海,29°37.3′N,129°44.5′E,13 km,2.9,震度２,29.62166667,129.7416667
2011/2/7,21:03:40,トカラ列島近海,29°38.7′N,129°47.0′E,6 km,2.7,震度１,29.645,129.7833333
2011/2/7,23:23:06,日向灘,32°01.0′N,131°34.0′E,37 km,2.7,震度１,32.01666667,131.5666667
2011/2/8,12:21:57,千葉県南東沖,34°57.1′N,140°08.1′E,62 km,3,震度１,34.95166667,140.135
2011/2/9,1:42:40,父島近海,27°25.0′N,143°26.7′E,51 km,5.2,震度１,27.41666667,143.445
2011/2/9,5:05:17,奄美大島近海,28°21.3′N,129°32.5′E,34 km,3.3,震度１,28.355,129.5416667
2011/2/9,11:01:00,伊豆大島近海,34°48.5′N,139°15.8′E,7 km,2.5,震度２,34.80833333,139.2633333
2011/2/9,18:03:31,山形県村山地方,38°12.9′N,140°13.4′E,10 km,2.6,震度１,38.215,140.2233333
2011/2/9,18:51:28,硫黄島近海,25°05.9′N,141°39.1′E,230 km,5.2,震度１,25.09833333,141.6516667
2011/2/9,20:53:29,山形県村山地方,38°12.8′N,140°13.4′E,10 km,2.4,震度１,38.21333333,140.2233333
2011/2/9,21:42:11,山形県村山地方,38°12.8′N,140°13.4′E,10 km,2.6,震度１,38.21333333,140.2233333
2011/2/9,22:52:27,福井県沖,36°11.3′N,135°57.2′E,16 km,3.3,震度２,36.18833333,135.9533333
2011/2/10,0:16:45,宮城県中部,38°17.6′N,140°32.8′E,10 km,3.2,震度２,38.29333333,140.5466667
2011/2/10,0:32:57,伊豆大島近海,34°43.5′N,139°19.2′E,0 km,2.2,震度１,34.725,139.32
2011/2/10,12:11:00,福島県沖,37°03.8′N,141°07.6′E,49 km,4.1,震度２,37.06333333,141.1266667
2011/2/10,13:20:18,茨城県沖,36°39.7′N,141°15.8′E,47 km,4.3,震度２,36.66166667,141.2633333
2011/2/10,20:36:17,千葉県南部,35°25.0′N,140°05.6′E,66 km,3,震度１,35.41666667,140.0933333
2011/2/10,22:03:04,福島県沖,37°09.5′N,141°24.5′E,48 km,5.4,震度４,37.15833333,141.4083333
2011/2/11,3:50:39,和歌山県北部,34°02.1′N,135°15.5′E,5 km,2.6,震度１,34.035,135.2583333
2011/2/11,6:12:12,奄美大島北東沖,29°19.6′N,129°59.4′E,53 km,3.4,震度１,29.32666667,129.99
2011/2/11,6:45:22,長野県南部,35°54.0′N,137°38.8′E,8 km,2.5,震度１,35.9,137.6466667
2011/2/11,8:40:43,トカラ列島近海,29°30.5′N,129°40.6′E,5 km,2.3,震度１,29.50833333,129.6766667
2011/2/11,13:31:23,兵庫県南東部,34°43.7′N,135°16.0′E,7 km,2.2,震度１,34.72833333,135.2666667
2011/2/11,18:59:14,東京湾,35°35.0′N,140°05.2′E,70 km,3.7,震度２,35.58333333,140.0866667
2011/2/12,4:52:42,長崎県南西部,32°36.2′N,129°49.5′E,13 km,2.5,震度１,32.60333333,129.825
2011/2/13,6:25:48,岩手県内陸南部,39°09.2′N,140°57.2′E,8 km,3.8,震度２,39.15333333,140.9533333
2011/2/13,12:14:53,茨城県北部,36°40.6′N,140°35.1′E,69 km,4,震度２,36.67666667,140.585
2011/2/13,15:16:30,伊豆大島近海,34°50.2′N,139°14.0′E,8 km,3,震度２,34.83666667,139.2333333
2011/2/14,0:15:32,播磨灘,34°41.2′N,134°47.1′E,12 km,2.5,震度１,34.68666667,134.785
2011/2/14,1:34:38,伊豆大島近海,34°39.8′N,139°38.7′E,110 km,3.6,震度１,34.66333333,139.645
2011/2/14,5:42:40,岐阜県美濃中西部,35°24.9′N,136°45.6′E,9 km,2.3,震度１,35.415,136.76
2011/2/14,8:38:48,宮古島近海,25°00.2′N,125°36.1′E,53 km,3.9,震度２,25.00333333,125.6016667
2011/2/15,6:08:10,新島・神津島近海,34°16.1′N,139°07.7′E,8 km,1.8,震度１,34.26833333,139.1283333
2011/2/15,13:44:30,福岡県筑後地方,33°25.1′N,130°46.2′E,7 km,2.3,震度１,33.41833333,130.77
2011/2/15,15:48:28,福岡県筑後地方,33°25.1′N,130°46.2′E,6 km,2.1,震度１,33.41833333,130.77
2011/2/15,16:03:01,福岡県筑後地方,33°25.1′N,130°46.2′E,7 km,2.8,震度１,33.41833333,130.77
2011/2/15,23:12:53,沖縄本島近海,25°57.5′N,128°26.6′E,41 km,5.4,震度２,25.95833333,128.4433333
2011/2/16,2:23:52,沖縄本島近海,25°56.3′N,128°27.9′E,42 km,4.6,震度１,25.93833333,128.465
2011/2/16,4:01:00,三陸沖,38°20.2′N,143°26.2′E,38 km,5.5,震度１,38.33666667,143.4366667
2011/2/16,4:06:50,三陸沖,38°21.7′N,143°23.6′E,36 km,5.3,震度１,38.36166667,143.3933333
2011/2/16,10:30:18,千葉県北東部,35°43.0′N,140°41.4′E,46 km,4.1,震度２,35.71666667,140.69
2011/2/16,15:17:41,千葉県北東部,35°43.0′N,140°41.8′E,48 km,3.4,震度２,35.71666667,140.6966667
2011/2/16,18:14:02,岩手県沖,39°53.1′N,142°18.1′E,83 km,4,震度２,39.885,142.3016667
2011/2/16,23:20:57,岩手県内陸南部,39°04.0′N,140°53.3′E,8 km,3.2,震度１,39.06666667,140.8883333
2011/2/17,2:25:17,熊本県熊本地方,32°51.5′N,130°44.2′E,8 km,2.5,震度１,32.85833333,130.7366667
2011/2/17,5:23:15,福島県浜通り,37°29.7′N,140°51.4′E,76 km,3.3,震度１,37.495,140.8566667
2011/2/17,8:45:13,沖縄本島近海,25°58.0′N,128°25.1′E,46 km,5.3,震度２,25.96666667,128.4183333
2011/2/17,10:41:18,長野県南部,35°51.9′N,137°38.7′E,8 km,2.5,震度１,35.865,137.645
2011/2/17,22:27:18,佐渡付近,38°12.4′N,138°09.6′E,8 km,3.7,震度１,38.20666667,138.16
2011/2/17,23:48:10,広島県北部,34°59.0′N,132°48.7′E,7 km,2.7,震度１,34.98333333,132.8116667
2011/2/18,0:51:25,沖縄本島近海,26°42.0′N,128°05.1′E,10 km,3.1,震度１,26.7,128.085
2011/2/18,6:20:52,釧路地方中南部,42°58.9′N,144°05.9′E,100 km,3.2,震度１,42.98166667,144.0983333
2011/2/18,8:26:30,茨城県沖,36°22.7′N,141°25.3′E,51 km,4.3,震度２,36.37833333,141.4216667
2011/2/18,13:04:38,新潟県中越地方,37°18.1′N,138°57.0′E,13 km,2.7,震度１,37.30166667,138.95
2011/2/18,16:16:02,トカラ列島近海,29°54.2′N,129°54.9′E,13 km,2.4,震度１,29.90333333,129.915
2011/2/18,21:02:46,日向灘,32°05.1′N,131°49.9′E,31 km,3.3,震度１,32.085,131.8316667
2011/2/19,0:10:09,熊本県熊本地方,32°51.7′N,130°44.4′E,9 km,2.4,震度１,32.86166667,130.74
2011/2/19,5:20:31,千島列島,44°47.6′N,150°06.4′E,30 km,5,震度１,44.79333333,150.1066667
2011/2/19,9:01:07,紀伊水道,34°03.7′N,135°04.9′E,9 km,2.9,震度１,34.06166667,135.0816667
2011/2/19,19:27:07,福島県浜通り,37°00.2′N,140°47.1′E,93 km,3.6,震度１,37.00333333,140.785
2011/2/19,22:04:57,和歌山県南方沖,33°29.4′N,135°28.2′E,32 km,4,震度３,33.49,135.47
2011/2/20,0:32:39,房総半島南方沖,33°57.8′N,139°52.0′E,117 km,4.3,震度１,33.96333333,139.8666667
2011/2/20,4:34:01,青森県東方沖,41°35.0′N,141°54.9′E,65 km,3.6,震度１,41.58333333,141.915
2011/2/20,8:17:35,福島県沖,37°09.8′N,141°20.0′E,48 km,3.8,震度２,37.16333333,141.3333333
2011/2/21,15:46:10,和歌山県北部,33°52.6′N,135°21.8′E,53 km,4.8,震度４,33.87666667,135.3633333
2011/2/21,16:08:20,栃木県北部,36°52.9′N,140°07.1′E,96 km,3.2,震度１,36.88166667,140.1183333
2011/2/21,20:34:05,宮城県沖,37°59.1′N,141°01.4′E,78 km,3.9,震度２,37.985,141.0233333
2011/2/21,22:27:50,熊本県熊本地方,32°31.1′N,130°45.8′E,8 km,2.6,震度１,32.51833333,130.7633333
2011/2/22,12:50:53,根室半島南東沖,42°59.9′N,145°53.4′E,48 km,4.2,震度２,42.99833333,145.89
2011/2/22,13:56:19,沖縄本島近海,26°21.3′N,128°57.0′E,33 km,5.2,震度２,26.355,128.95
2011/2/22,14:28:19,沖縄本島近海,26°21.6′N,128°56.5′E,28 km,4.7,震度１,26.36,128.9416667
2011/2/22,18:06:42,トカラ列島近海,29°51.6′N,129°55.5′E,16 km,,震度１,29.86,129.925
2011/2/22,18:53:34,三陸沖,38°11.6′N,143°28.6′E,36 km,5.2,震度１,38.19333333,143.4766667
2011/2/22,21:01:45,熊本県熊本地方,32°51.6′N,130°44.3′E,8 km,3,震度２,32.86,130.7383333
2011/2/22,23:09:52,硫黄島近海,22°33.9′N,144°14.6′E,120 km,5.8,震度１,22.565,144.2433333
2011/2/23,6:06:24,愛知県西部,34°52.7′N,136°54.0′E,14 km,2.4,震度１,34.87833333,136.9
2011/2/24,7:14:02,鳥島近海,31°27.3′N,140°40.1′E,80 km,5.2,震度１,31.455,140.6683333
2011/2/24,11:11:32,青森県西方沖,40°53.8′N,139°07.2′E,29 km,4.1,震度１,40.89666667,139.12
2011/2/24,14:36:45,茨城県南部,36°18.2′N,140°00.9′E,73 km,3.6,震度１,36.30333333,140.015
2011/2/24,17:50:38,トカラ列島近海,29°30.7′N,129°41.4′E,6 km,2.8,震度１,29.51166667,129.69
2011/2/24,17:51:31,トカラ列島近海,29°31.9′N,129°40.1′E,5 km,2.9,震度１,29.53166667,129.6683333
2011/2/24,18:02:19,トカラ列島近海,29°30.8′N,129°41.6′E,4 km,2.4,震度１,29.51333333,129.6933333
2011/2/25,6:51:57,千葉県南東沖,34°56.6′N,140°11.9′E,34 km,2.9,震度１,34.94333333,140.1983333
2011/2/25,20:40:49,和歌山県北部,34°11.5′N,135°20.4′E,7 km,2.3,震度１,34.19166667,135.34
2011/2/25,23:49:19,新潟県中越地方,37°21.1′N,138°35.0′E,15 km,2.8,震度１,37.35166667,138.5833333
2011/2/26,2:50:49,岐阜県美濃東部,35°26.2′N,137°23.4′E,7 km,2.8,震度１,35.43666667,137.39
2011/2/26,4:12:29,房総半島南方沖,34°26.0′N,140°22.4′E,56 km,5,震度３,34.43333333,140.3733333
2011/2/26,16:34:50,福島県沖,37°09.6′N,141°27.1′E,48 km,3.9,震度２,37.16,141.4516667
2011/2/26,18:57:47,福島県沖,37°10.0′N,141°26.7′E,48 km,4.1,震度２,37.16666667,141.445
2011/2/26,20:28:23,長野県南部,35°55.3′N,138°01.7′E,9 km,3.1,震度１,35.92166667,138.0283333
2011/2/26,23:40:53,三陸沖,38°10.2′N,143°32.1′E,34 km,5.2,震度２,38.17,143.535
2011/2/27,0:38:43,福島県沖,37°18.2′N,141°50.6′E,43 km,5.2,震度３,37.30333333,141.8433333
2011/2/27,2:18:59,岐阜県飛騨地方,36°09.4′N,137°27.4′E,4 km,5,震度４,36.15666667,137.4566667
2011/2/27,2:19:52,岐阜県飛騨地方,36°09.4′N,137°28.4′E,6 km,3,震度１,36.15666667,137.4733333
2011/2/27,2:20:06,三陸沖,38°13.1′N,143°19.2′E,23 km,4.7,震度１,38.21833333,143.32
2011/2/27,2:23:29,岐阜県飛騨地方,36°09.6′N,137°28.5′E,5 km,3.2,震度２,36.16,137.475
2011/2/27,2:24:33,岐阜県飛騨地方,36°09.3′N,137°28.1′E,5 km,2,震度１,36.155,137.4683333
2011/2/27,2:49:28,岐阜県飛騨地方,36°09.4′N,137°27.2′E,4 km,2.7,震度１,36.15666667,137.4533333
2011/2/27,2:59:46,岐阜県飛騨地方,36°09.3′N,137°27.1′E,4 km,3.2,震度２,36.155,137.4516667
2011/2/27,3:24:37,岐阜県飛騨地方,36°09.5′N,137°27.4′E,4 km,2.6,震度１,36.15833333,137.4566667
2011/2/27,3:31:44,岐阜県飛騨地方,36°09.3′N,137°27.1′E,4 km,2.6,震度１,36.155,137.4516667
2011/2/27,4:07:31,岐阜県飛騨地方,36°09.3′N,137°27.0′E,4 km,2.8,震度２,36.155,137.45
2011/2/27,4:40:48,岐阜県飛騨地方,36°09.3′N,137°28.2′E,5 km,2.6,震度１,36.155,137.47
2011/2/27,4:49:42,岐阜県飛騨地方,36°09.8′N,137°27.8′E,4 km,2.6,震度１,36.16333333,137.4633333
2011/2/27,5:38:03,岐阜県飛騨地方,36°09.3′N,137°27.2′E,4 km,5.5,震度４,36.155,137.4533333
2011/2/27,5:42:27,岐阜県飛騨地方,36°09.3′N,137°28.5′E,4 km,2.2,震度１,36.155,137.475
2011/2/27,5:44:06,岐阜県飛騨地方,36°08.8′N,137°26.4′E,5 km,3.5,震度２,36.14666667,137.44
2011/2/27,5:44:32,岐阜県飛騨地方,36°09.3′N,137°27.8′E,4 km,2.9,震度２,36.155,137.4633333
2011/2/27,6:01:20,岐阜県飛騨地方,36°09.3′N,137°26.8′E,5 km,2.4,震度１,36.155,137.4466667
2011/2/27,6:05:25,岐阜県飛騨地方,36°08.7′N,137°27.1′E,6 km,2.9,震度１,36.145,137.4516667
2011/2/27,6:09:53,岐阜県飛騨地方,36°09.3′N,137°28.2′E,5 km,2.3,震度１,36.155,137.47
2011/2/27,6:27:21,神奈川県西部,35°23.2′N,139°04.0′E,12 km,2.9,震度１,35.38666667,139.0666667
2011/2/27,6:41:40,岐阜県飛騨地方,36°09.1′N,137°27.1′E,5 km,3.1,震度１,36.15166667,137.4516667
2011/2/27,6:43:51,岐阜県飛騨地方,36°09.6′N,137°26.9′E,7 km,2.7,震度１,36.16,137.4483333
2011/2/27,6:48:02,岐阜県飛騨地方,36°09.7′N,137°27.2′E,4 km,2.4,震度１,36.16166667,137.4533333
2011/2/27,6:57:46,新島・神津島近海,34°21.8′N,139°13.1′E,4 km,2,震度１,34.36333333,139.2183333
2011/2/27,8:21:29,岐阜県飛騨地方,36°09.4′N,137°27.1′E,6 km,2.6,震度１,36.15666667,137.4516667
2011/2/27,9:00:56,愛知県西部,35°20.3′N,136°55.3′E,7 km,1.5,震度１,35.33833333,136.9216667
2011/2/27,9:48:10,岐阜県飛騨地方,36°09.8′N,137°27.9′E,5 km,3.7,震度３,36.16333333,137.465
2011/2/27,11:05:08,岩手県沖,39°20.4′N,142°03.6′E,48 km,3.4,震度２,39.34,142.06
2011/2/27,11:22:59,岐阜県飛騨地方,36°08.8′N,137°26.1′E,5 km,3.1,震度２,36.14666667,137.435
2011/2/27,12:13:21,岐阜県飛騨地方,36°09.8′N,137°27.5′E,4 km,2.8,震度１,36.16333333,137.4583333
2011/2/27,13:19:24,岐阜県飛騨地方,36°09.8′N,137°28.5′E,5 km,2.6,震度１,36.16333333,137.475
2011/2/27,19:55:41,岐阜県飛騨地方,36°08.9′N,137°25.9′E,6 km,2.9,震度１,36.14833333,137.4316667
2011/2/27,21:46:57,岐阜県飛騨地方,36°08.8′N,137°26.9′E,6 km,4,震度３,36.14666667,137.4483333
2011/2/28,2:25:20,静岡県中部,35°13.0′N,138°23.5′E,18 km,2.5,震度１,35.21666667,138.3916667
2011/2/28,4:03:27,岐阜県飛騨地方,36°08.7′N,137°27.1′E,5 km,3.9,震度３,36.145,137.4516667
2011/2/28,4:32:17,岐阜県飛騨地方,36°08.7′N,137°26.9′E,5 km,2.7,震度１,36.145,137.4483333
2011/2/28,9:04:34,日向灘,32°07.2′N,131°51.2′E,34 km,4.6,震度３,32.12,131.8533333
2011/2/28,10:15:58,広島県北部,34°59.0′N,132°48.8′E,7 km,2.5,震度１,34.98333333,132.8133333
2011/2/28,11:32:59,岐阜県飛騨地方,36°09.8′N,137°28.7′E,5 km,3.6,震度２,36.16333333,137.4783333
2011/3/1,4:17:30,日向灘,32°06.8′N,131°51.0′E,35 km,3.5,震度１,32.11333333,131.85
2011/3/1,16:50:20,岐阜県飛騨地方,36°09.3′N,137°26.6′E,5 km,3.4,震度２,36.155,137.4433333
2011/3/1,17:02:52,山形県村山地方,38°12.8′N,140°13.6′E,10 km,2.3,震度１,38.21333333,140.2266667
2011/3/1,23:12:54,福島県沖,37°09.6′N,141°27.9′E,47 km,4,震度２,37.16,141.465
2011/3/2,2:16:43,岐阜県飛騨地方,36°09.0′N,137°26.3′E,4 km,2.9,震度１,36.15,137.4383333
2011/3/2,8:26:57,宮古島近海,24°45.3′N,125°13.1′E,25 km,4.9,震度３,24.755,125.2183333
2011/3/2,8:31:06,宮古島近海,24°44.7′N,125°12.5′E,21 km,3.2,震度１,24.745,125.2083333
2011/3/2,12:08:08,奄美大島北東沖,29°14.7′N,130°30.4′E,27 km,4.1,震度１,29.245,130.5066667
2011/3/3,0:10:59,福島県会津,37°05.0′N,139°18.1′E,7 km,3,震度１,37.08333333,139.3016667
2011/3/3,20:52:39,千島列島,45°52.5′N,151°20.6′E,186 km,5.2,震度１,45.875,151.3433333
2011/3/4,2:51:00,宮崎県南部山沿い,31°58.3′N,130°58.5′E,9 km,2.9,震度２,31.97166667,130.975
2011/3/4,18:48:58,胆振地方中東部,42°37.5′N,141°25.5′E,115 km,3.7,震度１,42.625,141.425
2011/3/5,6:51:08,和歌山県北部,34°02.9′N,135°16.9′E,8 km,2.7,震度２,34.04833333,135.2816667
2011/3/5,9:25:57,宮城県沖,38°32.2′N,142°06.2′E,42 km,3.8,震度１,38.53666667,142.1033333
2011/3/5,15:41:03,三重県中部,34°30.3′N,136°15.5′E,41 km,3.4,震度１,34.505,136.2583333
2011/3/5,16:19:16,岩手県内陸南部,39°01.6′N,140°51.8′E,9 km,3.3,震度１,39.02666667,140.8633333
2011/3/5,22:25:33,福島県会津,37°04.9′N,139°22.6′E,9 km,2.3,震度１,37.08166667,139.3766667
2011/3/6,13:22:52,滋賀県北部,35°17.1′N,136°00.0′E,16 km,3.2,震度１,35.285,136
2011/3/6,17:08:29,岐阜県飛騨地方,36°08.7′N,137°26.9′E,5 km,2.8,震度１,36.145,137.4483333
2011/3/6,20:59:40,トカラ列島近海,29°14.3′N,129°14.3′E,9 km,2.2,震度１,29.23833333,129.2383333
2011/3/6,23:08:59,トカラ列島近海,28°39.5′N,129°11.9′E,70 km,3.8,震度１,28.65833333,129.1983333
2011/3/7,5:10:58,茨城県北部,36°31.4′N,140°34.2′E,58 km,3.9,震度２,36.52333333,140.57
2011/3/7,11:03:53,岐阜県飛騨地方,36°09.5′N,137°28.3′E,5 km,2.3,震度１,36.15833333,137.4716667
2011/3/7,12:16:19,渡島地方東部,41°53.4′N,140°57.5′E,13 km,2.3,震度１,41.89,140.9583333
2011/3/7,15:13:04,東京都多摩東部,35°40.9′N,139°16.6′E,140 km,3.8,震度１,35.68166667,139.2766667
2011/3/7,18:49:32,トカラ列島近海,29°05.3′N,129°27.3′E,29 km,4.5,震度３,29.08833333,129.455
2011/3/7,19:13:03,トカラ列島近海,29°05.3′N,129°27.4′E,27 km,5.1,震度３,29.08833333,129.4566667
2011/3/7,22:44:00,トカラ列島近海,29°04.8′N,129°27.5′E,23 km,3.5,震度２,29.08,129.4583333
2011/3/7,22:46:47,岐阜県飛騨地方,36°09.3′N,137°26.9′E,5 km,2.9,震度１,36.155,137.4483333
2011/3/8,3:26:49,愛知県東部,35°07.6′N,137°31.1′E,44 km,3,震度１,35.12666667,137.5183333
2011/3/8,7:58:19,宮崎県南部山沿い,31°52.9′N,131°03.7′E,10 km,2.7,震度１,31.88166667,131.0616667
2011/3/8,16:07:48,北海道南西沖,42°05.9′N,139°18.1′E,10 km,2.3,震度１,42.09833333,139.3016667
2011/3/9,11:45:13,三陸沖,38°19.7′N,143°16.7′E,8 km,7.3,震度５弱,38.32833333,143.2783333
2011/3/9,11:55:10,三陸沖,38°24.2′N,143°19.2′E,14 km,4.8,震度１,38.40333333,143.32
2011/3/9,11:57:11,三陸沖,38°19.3′N,143°23.8′E,12 km,6.2,震度２,38.32166667,143.3966667
2011/3/9,11:58:12,三陸沖,38°17.9′N,143°09.3′E,21 km,6,震度３,38.29833333,143.155
2011/3/9,12:02:02,三陸沖,38°31.3′N,143°16.3′E,28 km,5,震度１,38.52166667,143.2716667
2011/3/9,12:05:48,三陸沖,38°16.9′N,142°55.5′E,21 km,5,震度１,38.28166667,142.925
2011/3/9,12:08:33,三陸沖,38°21.4′N,143°18.9′E,27 km,5.8,震度２,38.35666667,143.315
2011/3/9,12:18:57,三陸沖,38°36.8′N,143°14.0′E,28 km,5.1,震度１,38.61333333,143.2333333
2011/3/9,12:59:18,熊本県熊本地方,32°51.7′N,130°44.4′E,8 km,2.8,震度２,32.86166667,130.74
2011/3/9,13:01:08,熊本県熊本地方,32°51.8′N,130°44.3′E,9 km,3.2,震度２,32.86333333,130.7383333
2011/3/9,13:03:18,熊本県熊本地方,32°51.8′N,130°44.4′E,8 km,2.6,震度２,32.86333333,130.74
2011/3/9,13:05:50,三陸沖,38°36.1′N,143°07.8′E,9 km,5.6,震度２,38.60166667,143.13
2011/3/9,13:09:17,三陸沖,38°37.0′N,143°07.9′E,17 km,4.5,震度１,38.61666667,143.1316667
2011/3/9,13:32:06,三陸沖,38°37.3′N,143°16.6′E,22 km,5.1,震度２,38.62166667,143.2766667
2011/3/9,13:33:28,三陸沖,38°31.4′N,143°14.3′E,30 km,4.7,震度１,38.52333333,143.2383333
2011/3/9,13:36:59,三陸沖,38°36.3′N,143°14.9′E,11 km,6.1,震度３,38.605,143.2483333
2011/3/9,13:45:50,三陸沖,38°26.2′N,142°56.4′E,22 km,5.3,震度２,38.43666667,142.94
2011/3/9,13:47:37,三陸沖,38°16.7′N,143°15.5′E,22 km,5,震度１,38.27833333,143.2583333
2011/3/9,15:12:13,三陸沖,38°37.8′N,143°13.9′E,26 km,4.6,震度１,38.63,143.2316667
2011/3/9,15:13:37,三陸沖,38°14.4′N,143°38.8′E,6 km,4.7,震度１,38.24,143.6466667
2011/3/9,15:25:06,三陸沖,38°12.3′N,143°34.1′E,6 km,5.1,震度１,38.205,143.5683333
2011/3/9,16:13:43,三陸沖,38°07.7′N,143°35.4′E,14 km,4.9,震度１,38.12833333,143.59
2011/3/9,16:56:25,三陸沖,38°38.2′N,143°08.7′E,11 km,5.1,震度１,38.63666667,143.145
2011/3/9,17:02:34,三陸沖,38°35.9′N,143°10.1′E,7 km,5.2,震度２,38.59833333,143.1683333
2011/3/9,17:55:36,三陸沖,38°36.3′N,143°07.6′E,8 km,4.7,震度１,38.605,143.1266667
2011/3/9,19:13:39,三陸沖,38°42.1′N,143°04.6′E,33 km,4.2,震度１,38.70166667,143.0766667
2011/3/9,20:27:47,三陸沖,38°32.7′N,143°09.1′E,8 km,5.3,震度２,38.545,143.1516667
2011/3/9,21:03:15,三陸沖,38°21.6′N,143°11.0′E,13 km,4.8,震度１,38.36,143.1833333
2011/3/9,23:24:06,三陸沖,38°33.3′N,143°19.3′E,26 km,4.7,震度１,38.555,143.3216667
2011/3/10,1:58:32,岐阜県美濃中西部,35°45.8′N,136°51.9′E,8 km,3.2,震度１,35.76333333,136.865
2011/3/10,1:59:20,三陸沖,38°28.4′N,143°22.3′E,23 km,4.4,震度１,38.47333333,143.3716667
2011/3/10,3:16:14,三陸沖,38°16.2′N,142°52.7′E,29 km,6.4,震度３,38.27,142.8783333
2011/3/10,3:44:36,三陸沖,38°28.7′N,143°25.9′E,36 km,6.3,震度３,38.47833333,143.4316667
2011/3/10,6:00:55,三陸沖,38°15.5′N,142°54.7′E,28 km,4.9,震度１,38.25833333,142.9116667
2011/3/10,6:23:57,紀伊水道,34°10.4′N,135°07.9′E,7 km,2.5,震度１,34.17333333,135.1316667
2011/3/10,6:24:00,三陸沖,38°10.3′N,143°02.6′E,9 km,6.8,震度４,38.17166667,143.0433333
2011/3/10,6:24:51,紀伊水道,34°10.4′N,135°08.3′E,6 km,3,震度２,34.17333333,135.1383333
2011/3/10,8:36:56,三陸沖,38°23.4′N,143°24.4′E,35 km,5.2,震度２,38.39,143.4066667
2011/3/10,8:57:40,三陸沖,38°22.5′N,143°18.2′E,25 km,4.9,震度１,38.375,143.3033333
2011/3/10,9:31:01,渡島地方西部,41°30.5′N,140°12.3′E,7 km,1.7,震度１,41.50833333,140.205
2011/3/10,10:20:21,三陸沖,38°21.6′N,143°12.5′E,30 km,4.7,震度１,38.36,143.2083333
2011/3/10,16:32:55,三陸沖,38°28.3′N,143°39.0′E,35 km,4.6,震度１,38.47166667,143.65
2011/3/10,17:08:18,三陸沖,38°34.0′N,143°32.1′E,34 km,5.9,震度２,38.56666667,143.535
2011/3/10,17:59:17,三陸沖,38°34.6′N,143°24.9′E,33 km,4.8,震度１,38.57666667,143.415
2011/3/10,18:02:18,三陸沖,38°35.4′N,143°27.4′E,23 km,5.4,震度１,38.59,143.4566667
2011/3/10,20:21:05,三陸沖,38°31.1′N,143°18.4′E,23 km,5.2,震度２,38.51833333,143.3066667
2011/3/10,20:29:37,三陸沖,38°18.2′N,143°17.3′E,34 km,4.3,震度１,38.30333333,143.2883333
2011/3/11,1:54:42,三陸沖,38°03.7′N,143°36.2′E,18 km,5.4,震度２,38.06166667,143.6033333
2011/3/11,3:13:59,宮城県北部,38°48.2′N,140°51.6′E,5 km,3.4,震度３,38.80333333,140.86
2011/3/11,6:41:23,茨城県南部,36°13.7′N,139°53.2′E,81 km,3.2,震度１,36.22833333,139.8866667
2011/3/11,6:49:44,三陸沖,38°28.3′N,143°15.0′E,35 km,4.5,震度１,38.47166667,143.25
2011/3/11,7:44:22,三陸沖,38°38.0′N,143°14.8′E,31 km,4.8,震度１,38.63333333,143.2466667
2011/3/11,14:46:18,三陸沖,38°06.2′N,142°51.6′E,24 km,9,震度７,38.10333333,142.86
2011/3/11,14:50:08,新島・神津島近海,34°23.0′N,139°10.9′E,10 km,4.7,震度４,34.38333333,139.1816667
2011/3/11,14:51:20,福島県沖,37°18.6′N,142°14.2′E,33 km,6.8,震度５弱,37.31,142.2366667
2011/3/11,14:54:31,福島県沖,37°30.4′N,141°21.1′E,34 km,6.1,震度５弱,37.50666667,141.3516667
2011/3/11,14:54:42,富山県東部,36°33.2′N,137°41.4′E,0 km,4.1,震度２,36.55333333,137.69
2011/3/11,14:55:53,茨城県沖,36°29.5′N,141°46.3′E,55 km,6,震度３,36.49166667,141.7716667
2011/3/11,14:55:54,新島・神津島近海,34°19.0′N,139°06.7′E,11 km,3.5,震度１,34.31666667,139.1116667
2011/3/11,14:57:01,福島県沖,37°24.1′N,141°07.3′E,22 km,5.2,震度４,37.40166667,141.1216667
2011/3/11,14:57:18,岐阜県飛騨地方,36°14.9′N,137°34.9′E,2 km,4.7,震度４,36.24833333,137.5816667
2011/3/11,14:57:34,岐阜県飛騨地方,36°15.3′N,137°34.6′E,3 km,3.4,震度２,36.255,137.5766667
2011/3/11,14:57:37,新島・神津島近海,34°14.9′N,139°10.6′E,12 km,,震度２,34.24833333,139.1766667
2011/3/11,14:58:06,福島県沖,37°41.3′N,141°56.0′E,35 km,6.6,震度５弱,37.68833333,141.9333333
2011/3/11,14:59:29,新島・神津島近海,34°16.9′N,139°11.8′E,10 km,3.3,震度１,34.28166667,139.1966667
2011/3/11,15:01:16,茨城県北部,36°45.4′N,140°37.5′E,6 km,4.5,震度３,36.75666667,140.625
2011/3/11,15:01:55,伊豆大島近海,34°44.5′N,139°17.8′E,0 km,2.8,震度２,34.74166667,139.2966667
2011/3/11,15:02:14,新島・神津島近海,34°16.2′N,139°13.9′E,0 km,3.3,震度２,34.27,139.2316667
2011/3/11,15:02:23,富山県東部,36°33.1′N,137°41.6′E,1 km,3.2,震度１,36.55166667,137.6933333
2011/3/11,15:03:51,栃木県北部,36°52.3′N,139°31.4′E,7 km,3,震度２,36.87166667,139.5233333
2011/3/11,15:03:59,茨城県沖,36°19.7′N,141°57.7′E,17 km,6,震度３,36.32833333,141.9616667
2011/3/11,15:04:48,岐阜県飛騨地方,36°15.8′N,137°34.2′E,2 km,2.6,震度１,36.26333333,137.57
2011/3/11,15:05:06,福島県沖,37°31.1′N,141°37.3′E,22 km,5.9,震度４,37.51833333,141.6216667
2011/3/11,15:06:11,岩手県沖,39°02.6′N,142°23.8′E,29 km,6.5,震度５弱,39.04333333,142.3966667
2011/3/11,15:06:34,岐阜県飛騨地方,36°15.5′N,137°34.9′E,2 km,3.3,震度２,36.25833333,137.5816667
2011/3/11,15:07:16,茨城県沖,36°18.1′N,142°13.5′E,20 km,6.5,震度４,36.30166667,142.225
2011/3/11,15:08:20,静岡県伊豆地方,35°10.7′N,139°01.5′E,6 km,4.6,震度５弱,35.17833333,139.025
2011/3/11,15:08:53,岩手県沖,39°49.2′N,142°46.0′E,32 km,7.4,震度５弱,39.82,142.7666667
2011/3/11,15:10:43,トカラ列島近海,29°08.6′N,129°08.0′E,3 km,3.4,震度１,29.14333333,129.1333333
2011/3/11,15:11:19,茨城県北部,36°51.8′N,140°37.1′E,6 km,5.5,震度４,36.86333333,140.6183333
2011/3/11,15:12:59,福島県沖,37°13.6′N,141°38.7′E,39 km,6.7,震度５弱,37.22666667,141.645
2011/3/11,15:13:10,神奈川県西部,35°12.9′N,139°02.1′E,3 km,3.6,震度３,35.215,139.035
2011/3/11,15:13:44,福島県沖,37°41.5′N,141°48.5′E,40 km,5.8,震度３,37.69166667,141.8083333
2011/3/11,15:13:57,岐阜県飛騨地方,36°08.9′N,137°33.0′E,2 km,3.1,震度２,36.14833333,137.55
2011/3/11,15:15:12,熊本県熊本地方,32°53.9′N,130°56.7′E,9 km,2.8,震度１,32.89833333,130.945
2011/3/11,15:15:34,茨城県沖,36°07.2′N,141°15.1′E,43 km,7.6,震度６強,36.12,141.2516667
2011/3/11,15:15:56,神奈川県西部,35°13.2′N,139°01.5′E,4 km,2.8,震度２,35.22,139.025
2011/3/11,15:18:12,茨城県沖,36°01.0′N,141°01.7′E,41 km,4.7,震度５弱,36.01666667,141.0283333
2011/3/11,15:18:44,岐阜県飛騨地方,36°15.5′N,137°33.4′E,1 km,,震度３,36.25833333,137.5566667
2011/3/11,15:19:03,茨城県沖,36°17.4′N,141°07.5′E,33 km,5.7,震度４,36.29,141.125
2011/3/11,15:19:18,トカラ列島近海,29°12.4′N,129°08.4′E,6 km,,震度２,29.20666667,129.14
2011/3/11,15:19:53,岐阜県飛騨地方,36°14.8′N,137°34.0′E,2 km,,震度１,36.24666667,137.5666667
2011/3/11,15:20:02,茨城県沖,36°05.6′N,141°45.9′E,34 km,5.8,震度４,36.09333333,141.765
2011/3/11,15:20:44,茨城県沖,36°35.3′N,141°43.4′E,62 km,5.7,震度３,36.58833333,141.7233333
2011/3/11,15:21:28,三陸沖,38°16.5′N,142°50.5′E,6 km,6.2,震度３,38.275,142.8416667
2011/3/11,15:22:46,宮城県沖,38°22.5′N,141°48.8′E,42 km,4.6,震度３,38.375,141.8133333
2011/3/11,15:23:06,岩手県沖,39°01.2′N,142°24.6′E,31 km,6.1,震度４,39.02,142.41
2011/3/11,15:25:44,三陸沖,37°54.8′N,144°45.0′E,11 km,7.5,震度４,37.91333333,144.75
2011/3/11,15:25:47,茨城県沖,36°38.2′N,141°04.6′E,40 km,4.6,震度３,36.63666667,141.0766667
2011/3/11,15:28:48,茨城県沖,35°54.3′N,141°18.4′E,25 km,5.2,震度３,35.905,141.3066667
2011/3/11,15:29:15,三陸沖,37°56.0′N,143°55.9′E,15 km,6.9,震度３,37.93333333,143.9316667
2011/3/11,15:29:32,岐阜県飛騨地方,36°16.3′N,137°33.8′E,2 km,3.1,震度２,36.27166667,137.5633333
2011/3/11,15:30:13,茨城県沖,36°03.9′N,141°04.3′E,35 km,4.5,震度２,36.065,141.0716667
2011/3/11,15:31:32,福島県沖,37°22.7′N,141°53.7′E,16 km,5.7,震度３,37.37833333,141.895
2011/3/11,15:32:31,富山県東部,36°42.7′N,137°44.6′E,0 km,3.6,震度２,36.71166667,137.7433333
2011/3/11,15:33:01,岐阜県飛騨地方,36°14.9′N,137°34.3′E,3 km,2.8,震度１,36.24833333,137.5716667
2011/3/11,15:33:16,福島県沖,37°29.5′N,143°31.8′E,40 km,6.4,震度３,37.49166667,143.53
2011/3/11,15:34:45,福島県沖,37°03.9′N,142°07.8′E,39 km,5.5,震度３,37.065,142.13
2011/3/11,15:34:47,神奈川県西部,35°13.8′N,139°01.0′E,4 km,2.6,震度１,35.23,139.0166667
2011/3/11,15:35:25,茨城県沖,36°02.3′N,141°02.1′E,38 km,5.1,震度４,36.03833333,141.035
2011/3/11,15:36:34,宮城県沖,38°25.7′N,142°14.3′E,16 km,5.1,震度３,38.42833333,142.2383333
2011/3/11,15:37:31,新島・神津島近海,34°19.9′N,139°06.4′E,4 km,2.7,震度１,34.33166667,139.1066667
2011/3/11,15:37:36,茨城県沖,36°44.2′N,141°04.8′E,33 km,4.8,震度３,36.73666667,141.08
2011/3/11,15:38:07,茨城県沖,36°10.9′N,141°51.1′E,24 km,5.6,震度３,36.18166667,141.8516667
2011/3/11,15:40:50,岩手県沖,39°19.9′N,142°04.2′E,48 km,5.9,震度４,39.33166667,142.07
2011/3/11,15:41:03,新島・神津島近海,34°16.8′N,139°09.8′E,10 km,3.1,震度１,34.28,139.1633333
2011/3/11,15:42:17,福島県沖,37°25.2′N,142°35.8′E,9 km,6.2,震度３,37.42,142.5966667
2011/3/11,15:42:40,新島・神津島近海,34°18.2′N,139°11.4′E,10 km,,震度１,34.30333333,139.19
2011/3/11,15:44:08,宮城県沖,38°44.7′N,142°12.9′E,40 km,5.4,震度４,38.745,142.215
2011/3/11,15:46:09,宮城県沖,38°45.0′N,142°13.8′E,38 km,5.6,震度４,38.75,142.23
2011/3/11,15:47:41,神奈川県西部,35°13.5′N,139°01.5′E,3 km,2.8,震度１,35.225,139.025
2011/3/11,15:48:11,茨城県沖,36°38.4′N,140°59.8′E,42 km,4.5,震度３,36.64,140.9966667
2011/3/11,15:48:19,宮城県沖,38°53.4′N,142°06.2′E,43 km,5.2,震度３,38.89,142.1033333
2011/3/11,15:48:36,熊本県阿蘇地方,32°56.3′N,131°01.2′E,8 km,2.8,震度１,32.93833333,131.02
2011/3/11,15:49:02,宮城県沖,38°23.1′N,142°16.0′E,23 km,5.6,震度３,38.385,142.2666667
2011/3/11,15:49:50,岩手県沖,40°06.5′N,142°37.0′E,7 km,5.9,震度４,40.10833333,142.6166667
2011/3/11,15:52:29,宮城県沖,38°23.9′N,142°44.3′E,0 km,5.9,震度２,38.39833333,142.7383333
2011/3/11,15:54:11,神奈川県西部,35°13.3′N,139°01.3′E,6 km,3.5,震度２,35.22166667,139.0216667
2011/3/11,15:54:13,福島県沖,37°11.0′N,141°26.3′E,48 km,5.2,震度３,37.18333333,141.4383333
2011/3/11,15:54:32,神奈川県西部,35°13.4′N,139°01.7′E,7 km,3.5,震度２,35.22333333,139.0283333
2011/3/11,15:55:41,茨城県沖,36°34.7′N,142°01.6′E,79 km,5.4,震度３,36.57833333,142.0266667
2011/3/11,15:57:13,千葉県東方沖,35°49.1′N,141°10.9′E,28 km,6.2,震度４,35.81833333,141.1816667
2011/3/11,15:57:59,宮城県沖,38°59.7′N,141°54.1′E,48 km,4.1,震度２,38.995,141.9016667
2011/3/11,15:59:01,福島県沖,37°31.9′N,144°25.9′E,50 km,6.8,震度２,37.53166667,144.4316667
2011/3/11,16:00:33,茨城県沖,36°37.9′N,140°53.7′E,46 km,4,震度２,36.63166667,140.895
2011/3/11,16:01:24,宮城県沖,38°32.7′N,142°03.0′E,38 km,5,震度３,38.545,142.05
2011/3/11,16:01:28,茨城県沖,36°11.8′N,141°02.1′E,44 km,3.8,震度２,36.19666667,141.035
2011/3/11,16:02:07,茨城県沖,36°49.8′N,141°03.6′E,50 km,3.8,震度１,36.83,141.06
2011/3/11,16:03:01,三陸沖,38°08.7′N,142°47.3′E,23 km,5.8,震度３,38.145,142.7883333
2011/3/11,16:03:20,新島・神津島近海,34°14.1′N,139°07.9′E,9 km,,震度１,34.235,139.1316667
2011/3/11,16:04:16,宮城県沖,38°59.0′N,142°25.6′E,24 km,5.7,震度４,38.98333333,142.4266667
2011/3/11,16:04:33,茨城県沖,36°37.3′N,141°24.8′E,52 km,,震度２,36.62166667,141.4133333
2011/3/11,16:05:34,岩手県沖,39°01.3′N,142°24.1′E,27 km,5.7,震度４,39.02166667,142.4016667
2011/3/11,16:06:32,トカラ列島近海,29°12.0′N,129°07.7′E,8 km,3.6,震度３,29.2,129.1283333
2011/3/11,16:07:28,宮城県沖,38°48.5′N,142°01.7′E,43 km,4,震度１,38.80833333,142.0283333
2011/3/11,16:08:23,福島県沖,37°18.5′N,141°08.7′E,34 km,3.9,震度２,37.30833333,141.145
2011/3/11,16:09:04,茨城県沖,36°16.8′N,140°59.5′E,41 km,3.4,震度１,36.28,140.9916667
2011/3/11,16:09:11,福島県沖,36°41.6′N,141°59.3′E,37 km,5.5,震度３,36.69333333,141.9883333
2011/3/11,16:09:28,新潟県下越地方,37°42.2′N,139°11.1′E,16 km,2.8,震度１,37.70333333,139.185
2011/3/11,16:09:54,福島県沖,36°40.2′N,142°06.1′E,23 km,5.5,震度２,36.67,142.1016667
2011/3/11,16:10:56,三陸沖,37°49.1′N,142°51.5′E,27 km,6.2,震度３,37.81833333,142.8583333
2011/3/11,16:12:39,伊豆半島東方沖,34°51.2′N,139°15.5′E,8 km,3,震度２,34.85333333,139.2583333
2011/3/11,16:12:39,新島・神津島近海,34°22.0′N,139°13.5′E,0 km,,震度１,34.36666667,139.225
2011/3/11,16:12:51,福島県沖,37°12.0′N,141°11.4′E,28 km,4.1,震度２,37.2,141.19
2011/3/11,16:13:37,宮城県沖,38°51.8′N,142°00.8′E,44 km,3.8,震度１,38.86333333,142.0133333
2011/3/11,16:13:44,新島・神津島近海,34°19.4′N,139°09.2′E,9 km,,震度１,34.32333333,139.1533333
2011/3/11,16:13:46,茨城県沖,35°57.1′N,141°58.5′E,50 km,5.8,震度３,35.95166667,141.975
2011/3/11,16:14:57,茨城県沖,36°33.4′N,142°02.4′E,25 km,6.8,震度４,36.55666667,142.04
2011/3/11,16:16:56,福島県沖,37°08.4′N,141°25.0′E,48 km,5.3,震度３,37.14,141.4166667
2011/3/11,16:17:43,福島県沖,37°08.5′N,142°35.4′E,20 km,6.5,震度４,37.14166667,142.59
2011/3/11,16:19:55,宮城県沖,37°50.6′N,141°51.2′E,32 km,4.6,震度２,37.84333333,141.8533333
2011/3/11,16:20:17,新島・神津島近海,34°16.0′N,139°12.8′E,0 km,3.9,震度３,34.26666667,139.2133333
2011/3/11,16:21:36,福島県沖,37°17.9′N,141°33.2′E,45 km,4.2,震度２,37.29833333,141.5533333
2011/3/11,16:22:11,福島県沖,37°40.1′N,141°45.3′E,42 km,4.5,震度２,37.66833333,141.755
2011/3/11,16:23:23,福島県沖,36°59.5′N,141°24.3′E,37 km,4.6,震度２,36.99166667,141.405
2011/3/11,16:24:14,島根県東部,35°18.3′N,133°18.8′E,7 km,2.4,震度１,35.305,133.3133333
2011/3/11,16:25:11,福島県沖,36°56.5′N,142°17.2′E,11 km,5.3,震度２,36.94166667,142.2866667
2011/3/11,16:25:36,三陸沖,38°03.8′N,144°30.1′E,40 km,6.2,震度３,38.06333333,144.5016667
2011/3/11,16:26:21,新島・神津島近海,34°16.8′N,139°09.7′E,11 km,3,震度１,34.28,139.1616667
2011/3/11,16:27:20,新島・神津島近海,34°16.9′N,139°09.6′E,12 km,3.1,震度１,34.28166667,139.16
2011/3/11,16:28:52,宮城県沖,38°49.3′N,142°08.8′E,39 km,5.6,震度４,38.82166667,142.1466667
2011/3/11,16:29:00,岩手県沖,39°01.3′N,142°18.6′E,17 km,6.6,震度５強,39.02166667,142.31
2011/3/11,16:30:16,福島県沖,37°21.8′N,141°15.5′E,27 km,5.9,震度５弱,37.36333333,141.2583333
2011/3/11,16:31:19,茨城県沖,36°09.0′N,141°30.3′E,39 km,5.4,震度３,36.15,141.505
2011/3/11,16:31:54,岩手県沖,39°38.5′N,142°36.5′E,22 km,5.5,震度２,39.64166667,142.6083333
2011/3/11,16:32:48,茨城県沖,36°00.4′N,141°46.6′E,27 km,4.8,震度２,36.00666667,141.7766667
2011/3/11,16:33:31,茨城県沖,36°17.4′N,142°08.4′E,19 km,5.2,震度２,36.29,142.14
2011/3/11,16:33:41,佐渡付近,37°56.8′N,138°05.7′E,15 km,4.3,震度２,37.94666667,138.095
2011/3/11,16:34:12,宮城県沖,38°53.2′N,142°32.7′E,24 km,5.6,震度２,38.88666667,142.545
2011/3/11,16:34:35,新潟県下越地方,38°00.8′N,139°25.3′E,16 km,4.2,震度３,38.01333333,139.4216667
2011/3/11,16:34:52,三陸沖,37°58.6′N,142°45.0′E,13 km,5.7,震度３,37.97666667,142.75
2011/3/11,16:35:49,福島県沖,37°03.5′N,142°29.1′E,28 km,6,震度２,37.05833333,142.485
2011/3/11,16:36:35,宮城県沖,38°59.3′N,142°17.6′E,29 km,5,震度２,38.98833333,142.2933333
2011/3/11,16:37:22,宮城県沖,38°35.2′N,141°49.8′E,42 km,4.5,震度２,38.58666667,141.83
2011/3/11,16:37:57,岩手県沖,39°19.3′N,142°09.0′E,42 km,5,震度３,39.32166667,142.15
2011/3/11,16:38:14,新島・神津島近海,34°14.8′N,139°09.4′E,11 km,3.3,震度１,34.24666667,139.1566667
2011/3/11,16:38:27,岩手県沖,39°15.2′N,142°48.4′E,16 km,5.8,震度４,39.25333333,142.8066667
2011/3/11,16:39:27,宮城県沖,38°29.7′N,142°04.0′E,37 km,5,震度２,38.495,142.0666667
2011/3/11,16:40:54,宮城県沖,38°27.2′N,142°17.3′E,28 km,5.3,震度３,38.45333333,142.2883333
2011/3/11,16:41:26,群馬県北部,36°51.6′N,139°21.8′E,4 km,3.1,震度１,36.86,139.3633333
2011/3/11,16:41:33,茨城県沖,36°13.5′N,140°58.3′E,23 km,3.7,震度１,36.225,140.9716667
2011/3/11,16:42:56,茨城県沖,36°04.7′N,141°13.9′E,37 km,5.4,震度３,36.07833333,141.2316667
2011/3/11,16:43:51,福島県沖,37°08.0′N,142°32.3′E,46 km,5.5,震度２,37.13333333,142.5383333
2011/3/11,16:44:29,茨城県沖,36°18.0′N,141°54.0′E,60 km,5.6,震度４,36.3,141.9
2011/3/11,16:45:13,岩手県沖,39°36.9′N,142°38.2′E,26 km,4.9,震度２,39.615,142.6366667
2011/3/11,16:45:22,茨城県沖,35°59.6′N,141°04.4′E,41 km,5,震度３,35.99333333,141.0733333
2011/3/11,16:47:28,茨城県沖,35°54.7′N,141°34.1′E,60 km,4.4,震度２,35.91166667,141.5683333
2011/3/11,16:47:53,岩手県沖,39°02.0′N,142°19.5′E,32 km,4,震度１,39.03333333,142.325
2011/3/11,16:48:13,福島県沖,37°06.4′N,142°19.5′E,27 km,5.1,震度２,37.10666667,142.325
2011/3/11,16:49:02,新島・神津島近海,34°15.4′N,139°12.9′E,0 km,2.9,震度２,34.25666667,139.215
2011/3/11,16:49:46,茨城県沖,36°33.3′N,141°58.0′E,34 km,5.5,震度３,36.555,141.9666667
2011/3/11,16:51:48,茨城県沖,36°18.8′N,141°56.6′E,55 km,4.7,震度２,36.31333333,141.9433333
2011/3/11,16:52:01,新島・神津島近海,34°16.2′N,139°13.6′E,0 km,2.9,震度１,34.27,139.2266667
2011/3/11,16:52:23,宮城県沖,38°32.6′N,142°05.6′E,37 km,4.3,震度２,38.54333333,142.0933333
2011/3/11,16:53:25,福島県沖,36°46.2′N,141°57.1′E,6 km,5,震度２,36.77,141.9516667
2011/3/11,16:54:00,宮城県沖,38°59.9′N,142°21.9′E,27 km,4.9,震度３,38.99833333,142.365
2011/3/11,16:54:43,福島県沖,37°40.1′N,141°41.0′E,35 km,5.5,震度３,37.66833333,141.6833333
2011/3/11,16:56:09,福島県沖,37°02.9′N,142°34.1′E,11 km,6.2,震度３,37.04833333,142.5683333
2011/3/11,16:58:18,宮城県沖,38°22.4′N,141°44.6′E,46 km,4,震度２,38.37333333,141.7433333
2011/3/11,16:58:30,岩手県沖,39°24.6′N,142°43.1′E,32 km,4.6,震度２,39.41,142.7183333
2011/3/11,17:00:04,千葉県東方沖,35°46.2′N,141°02.6′E,34 km,4.4,震度３,35.77,141.0433333
2011/3/11,17:00:27,新島・神津島近海,34°20.9′N,139°16.7′E,8 km,3,震度１,34.34833333,139.2783333
2011/3/11,17:01:57,茨城県沖,36°21.2′N,141°57.0′E,17 km,5.5,震度３,36.35333333,141.95
2011/3/11,17:03:56,三陸沖,39°11.5′N,142°59.6′E,23 km,5.3,震度３,39.19166667,142.9933333
2011/3/11,17:04:54,福島県沖,37°15.6′N,142°06.6′E,19 km,5.9,震度３,37.26,142.11
2011/3/11,17:07:48,新島・神津島近海,34°16.9′N,139°15.1′E,5 km,3.2,震度２,34.28166667,139.2516667
2011/3/11,17:07:55,福島県沖,37°14.9′N,141°31.5′E,44 km,4.4,震度２,37.24833333,141.525
2011/3/11,17:08:00,茨城県沖,36°00.8′N,141°03.1′E,29 km,3.7,震度１,36.01333333,141.0516667
2011/3/11,17:10:04,宮城県沖,37°52.9′N,142°34.4′E,37 km,5.5,震度３,37.88166667,142.5733333
2011/3/11,17:12:06,茨城県沖,36°32.9′N,141°23.1′E,32 km,6.6,震度４,36.54833333,141.385
2011/3/11,17:15:35,岐阜県飛騨地方,36°14.9′N,137°33.5′E,2 km,3.2,震度２,36.24833333,137.5583333
2011/3/11,17:15:43,福島県沖,37°15.8′N,144°15.6′E,32 km,6.5,震度２,37.26333333,144.26
2011/3/11,17:15:52,茨城県沖,36°28.1′N,140°55.3′E,27 km,4.4,震度３,36.46833333,140.9216667
2011/3/11,17:16:31,福島県沖,37°15.0′N,142°16.9′E,15 km,5.7,震度２,37.25,142.2816667
2011/3/11,17:18:24,三陸沖,39°15.2′N,142°55.0′E,34 km,4.7,震度２,39.25333333,142.9166667
2011/3/11,17:19:08,宮城県沖,38°51.8′N,142°22.1′E,28 km,4.9,震度３,38.86333333,142.3683333
2011/3/11,17:19:17,茨城県沖,36°09.4′N,141°42.9′E,36 km,6.8,震度４,36.15666667,141.715
2011/3/11,17:23:13,宮城県沖,38°45.4′N,142°43.3′E,19 km,4.9,震度２,38.75666667,142.7216667
2011/3/11,17:27:17,福島県沖,37°27.5′N,141°27.4′E,43 km,5.1,震度３,37.45833333,141.4566667
2011/3/11,17:27:48,三陸沖,38°01.9′N,142°47.1′E,30 km,6.2,震度３,38.03166667,142.785
2011/3/11,17:28:28,茨城県沖,36°46.6′N,141°01.5′E,46 km,4.7,震度２,36.77666667,141.025
2011/3/11,17:31:08,福島県沖,37°28.0′N,141°22.6′E,31 km,5.9,震度４,37.46666667,141.3766667
2011/3/11,17:32:59,三陸沖,39°12.0′N,142°57.3′E,12 km,6,震度３,39.2,142.955
2011/3/11,17:33:42,福島県沖,37°26.4′N,141°21.4′E,31 km,4.9,震度２,37.44,141.3566667
2011/3/11,17:35:13,新島・神津島近海,34°13.0′N,139°12.9′E,9 km,3.3,震度２,34.21666667,139.215
2011/3/11,17:35:22,茨城県沖,36°04.1′N,141°07.9′E,37 km,5.2,震度４,36.06833333,141.1316667
2011/3/11,17:36:29,岩手県沖,39°34.4′N,142°43.8′E,23 km,5.3,震度２,39.57333333,142.73
2011/3/11,17:37:34,茨城県沖,36°08.0′N,141°33.8′E,33 km,4.2,震度１,36.13333333,141.5633333
2011/3/11,17:38:03,三陸沖,37°48.0′N,143°37.6′E,30 km,5.9,震度２,37.8,143.6266667
2011/3/11,17:40:46,栃木県北部,36°45.8′N,139°28.2′E,4 km,4.2,震度３,36.76333333,139.47
2011/3/11,17:40:55,福島県沖,37°25.4′N,141°16.3′E,30 km,6,震度５強,37.42333333,141.2716667
2011/3/11,17:43:53,茨城県沖,36°16.2′N,142°05.2′E,0 km,6,震度２,36.27,142.0866667
2011/3/11,17:45:48,岐阜県飛騨地方,36°15.3′N,137°33.2′E,2 km,2.6,震度２,36.255,137.5533333
2011/3/11,17:45:51,茨城県沖,36°01.3′N,140°56.3′E,23 km,3.3,震度１,36.02166667,140.9383333
2011/3/11,17:46:44,福島県沖,37°26.9′N,142°23.6′E,15 km,5.9,震度３,37.44833333,142.3933333
2011/3/11,17:47:56,宮城県沖,38°49.7′N,142°04.3′E,41 km,5.1,震度３,38.82833333,142.0716667
2011/3/11,17:48:23,福島県沖,36°43.9′N,142°06.6′E,28 km,5.3,震度２,36.73166667,142.11
2011/3/11,17:50:03,茨城県沖,36°42.0′N,141°01.8′E,43 km,4,震度３,36.7,141.03
2011/3/11,17:50:49,栃木県北部,36°46.1′N,139°28.4′E,5 km,2.5,震度１,36.76833333,139.4733333
2011/3/11,17:50:56,福島県会津,37°05.1′N,139°17.2′E,6 km,3.3,震度２,37.085,139.2866667
2011/3/11,17:51:12,岩手県沖,39°08.5′N,142°24.2′E,30 km,4.7,震度２,39.14166667,142.4033333
2011/3/11,17:52:21,福島県沖,36°46.3′N,141°56.8′E,0 km,5.6,震度３,36.77166667,141.9466667
2011/3/11,17:54:07,福島県沖,37°39.5′N,141°40.5′E,40 km,5,震度３,37.65833333,141.675
2011/3/11,17:54:38,新島・神津島近海,34°17.2′N,139°10.9′E,1 km,3.4,震度２,34.28666667,139.1816667
2011/3/11,17:56:07,宮城県沖,38°55.5′N,142°23.2′E,23 km,4.8,震度２,38.925,142.3866667
2011/3/11,17:56:22,福島県沖,37°24.0′N,141°21.3′E,28 km,4.2,震度３,37.4,141.355
2011/3/11,17:56:41,茨城県沖,35°58.5′N,140°59.5′E,32 km,4.1,震度３,35.975,140.9916667
2011/3/11,17:58:08,栃木県北部,36°48.8′N,139°27.7′E,3 km,4.1,震度４,36.81333333,139.4616667
2011/3/11,18:00:01,茨城県沖,36°48.0′N,140°58.6′E,54 km,3.6,震度１,36.8,140.9766667
2011/3/11,18:00:31,三陸沖,38°07.8′N,143°30.9′E,0 km,5.5,震度２,38.13,143.515
2011/3/11,18:00:58,福島県沖,37°23.5′N,142°28.7′E,14 km,5.5,震度２,37.39166667,142.4783333
2011/3/11,18:02:15,宮城県沖,38°33.0′N,142°01.0′E,27 km,3.9,震度１,38.55,142.0166667
2011/3/11,18:02:34,福島県沖,37°06.6′N,141°15.7′E,43 km,3.6,震度２,37.11,141.2616667
2011/3/11,18:03:32,茨城県沖,35°57.9′N,141°01.6′E,30 km,3.7,震度１,35.965,141.0266667
2011/3/11,18:04:13,茨城県沖,36°33.0′N,140°57.3′E,17 km,5.3,震度４,36.55,140.955
2011/3/11,18:06:06,茨城県沖,36°46.8′N,141°18.5′E,17 km,4.5,震度２,36.78,141.3083333
2011/3/11,18:06:54,茨城県沖,36°27.0′N,141°04.6′E,36 km,3.7,震度１,36.45,141.0766667
2011/3/11,18:07:53,宮城県沖,38°57.1′N,142°24.3′E,24 km,4.6,震度２,38.95166667,142.405
2011/3/11,18:08:36,茨城県沖,36°04.3′N,141°05.9′E,42 km,3.7,震度１,36.07166667,141.0983333
2011/3/11,18:08:59,茨城県沖,36°19.2′N,141°09.4′E,48 km,3.6,震度１,36.32,141.1566667
2011/3/11,18:09:48,福島県沖,37°12.1′N,141°23.0′E,48 km,5.7,震度２,37.20166667,141.3833333
2011/3/11,18:11:03,宮城県沖,38°50.4′N,142°05.1′E,41 km,4.6,震度３,38.84,142.085
2011/3/11,18:11:22,福井県嶺北,36°07.4′N,136°30.3′E,7 km,3.2,震度２,36.12333333,136.505
2011/3/11,18:11:51,宮城県沖,37°55.1′N,141°52.5′E,35 km,4.7,震度２,37.91833333,141.875
2011/3/11,18:15:14,宮城県沖,38°34.4′N,141°56.3′E,37 km,4.1,震度２,38.57333333,141.9383333
2011/3/11,18:15:17,福島県沖,37°18.2′N,141°09.8′E,35 km,4.8,震度３,37.30333333,141.1633333
2011/3/11,18:16:04,茨城県沖,36°40.6′N,141°17.6′E,53 km,3.8,震度１,36.67666667,141.2933333
2011/3/11,18:16:24,福島県中通り,37°54.2′N,140°20.5′E,7 km,5.1,震度３,37.90333333,140.3416667
2011/3/11,18:18:05,福井県嶺北,36°07.3′N,136°30.6′E,7 km,2.7,震度１,36.12166667,136.51
2011/3/11,18:18:17,茨城県沖,36°38.1′N,141°02.7′E,40 km,3.7,震度１,36.635,141.045
2011/3/11,18:18:46,茨城県沖,36°08.2′N,141°56.0′E,59 km,4.6,震度２,36.13666667,141.9333333
2011/3/11,18:19:23,宮城県沖,38°20.4′N,142°04.2′E,35 km,4,震度２,38.34,142.07
2011/3/11,18:19:53,茨城県沖,36°33.7′N,140°57.2′E,15 km,5,震度４,36.56166667,140.9533333
2011/3/11,18:20:50,伊豆大島近海,34°44.2′N,139°16.8′E,0 km,2.7,震度１,34.73666667,139.28
2011/3/11,18:21:31,茨城県沖,36°08.4′N,140°59.0′E,45 km,3.4,震度２,36.14,140.9833333
2011/3/11,18:22:01,千葉県東方沖,35°40.1′N,140°59.6′E,35 km,3.3,震度１,35.66833333,140.9933333
2011/3/11,18:23:37,千葉県東方沖,35°51.2′N,140°51.7′E,30 km,3.3,震度１,35.85333333,140.8616667
2011/3/11,18:24:27,茨城県沖,36°14.2′N,141°38.6′E,40 km,4.4,震度１,36.23666667,141.6433333
2011/3/11,18:25:50,茨城県沖,36°09.6′N,141°52.1′E,54 km,4.8,震度２,36.16,141.8683333
2011/3/11,18:26:35,宮城県沖,38°52.9′N,142°44.0′E,23 km,4.1,震度３,38.88166667,142.7333333
2011/3/11,18:27:14,茨城県沖,36°08.9′N,140°58.5′E,44 km,2.8,震度１,36.14833333,140.975
2011/3/11,18:27:38,宮城県沖,38°17.8′N,142°11.5′E,36 km,5.4,震度３,38.29666667,142.1916667
2011/3/11,18:30:37,岩手県沖,39°04.7′N,142°16.5′E,42 km,3.7,震度１,39.07833333,142.275
2011/3/11,18:31:12,栃木県北部,36°45.9′N,139°28.2′E,4 km,3.1,震度２,36.765,139.47
2011/3/11,18:31:15,福島県沖,36°44.6′N,142°02.1′E,12 km,4.9,震度２,36.74333333,142.035
2011/3/11,18:31:59,三陸沖,38°29.6′N,142°54.3′E,8 km,4.6,震度１,38.49333333,142.905
2011/3/11,18:32:51,茨城県北部,36°38.6′N,140°35.4′E,43 km,2.9,震度１,36.64333333,140.59
2011/3/11,18:33:36,福島県沖,37°25.0′N,141°43.7′E,40 km,4.5,震度３,37.41666667,141.7283333
2011/3/11,18:34:20,福島県沖,37°17.8′N,141°16.1′E,46 km,4.8,震度３,37.29666667,141.2683333
2011/3/11,18:35:04,茨城県沖,35°53.4′N,140°59.9′E,23 km,4,震度１,35.89,140.9983333
2011/3/11,18:36:48,千葉県東方沖,35°50.7′N,140°56.3′E,22 km,3.6,震度２,35.845,140.9383333
2011/3/11,18:37:06,茨城県沖,36°01.9′N,141°46.4′E,31 km,5.3,震度３,36.03166667,141.7733333
2011/3/11,18:38:16,栃木県北部,36°45.8′N,139°28.6′E,5 km,3.1,震度１,36.76333333,139.4766667
2011/3/11,18:38:25,福島県沖,36°53.2′N,141°05.1′E,49 km,4.3,震度２,36.88666667,141.085
2011/3/11,18:39:26,千葉県東方沖,35°44.3′N,141°01.6′E,34 km,3.6,震度１,35.73833333,141.0266667
2011/3/11,18:40:09,福島県沖,37°19.7′N,142°18.6′E,9 km,5.1,震度１,37.32833333,142.31
2011/3/11,18:40:19,宮城県沖,38°17.2′N,142°34.4′E,0 km,5.1,震度１,38.28666667,142.5733333
2011/3/11,18:41:39,福島県沖,37°19.3′N,141°05.7′E,28 km,4.1,震度２,37.32166667,141.095
2011/3/11,18:42:20,岩手県沖,39°29.8′N,142°45.2′E,24 km,5.6,震度３,39.49666667,142.7533333
2011/3/11,18:44:18,茨城県沖,36°44.4′N,140°47.2′E,14 km,3.6,震度３,36.74,140.7866667
2011/3/11,18:44:49,宮城県沖,38°59.6′N,142°28.7′E,24 km,3.9,震度１,38.99333333,142.4783333
2011/3/11,18:45:36,福島県沖,36°55.4′N,141°02.4′E,46 km,3.7,震度１,36.92333333,141.04
2011/3/11,18:46:59,三陸沖,39°35.5′N,143°15.6′E,28 km,5.7,震度３,39.59166667,143.26
2011/3/11,18:47:51,茨城県沖,35°58.9′N,141°08.6′E,20 km,4,震度１,35.98166667,141.1433333
2011/3/11,18:48:39,茨城県沖,36°31.7′N,140°50.9′E,49 km,4.2,震度２,36.52833333,140.8483333
2011/3/11,18:50:22,茨城県沖,36°33.1′N,140°55.2′E,48 km,3.9,震度２,36.55166667,140.92
2011/3/11,18:51:03,茨城県沖,36°17.2′N,141°57.9′E,44 km,4.4,震度１,36.28666667,141.965
2011/3/11,18:52:15,茨城県沖,36°07.6′N,142°00.7′E,15 km,4.5,震度２,36.12666667,142.0116667
2011/3/11,18:52:41,福島県沖,37°41.1′N,141°51.1′E,32 km,4.9,震度３,37.685,141.8516667
2011/3/11,18:55:21,福島県沖,36°45.0′N,141°48.0′E,0 km,5.4,震度３,36.75,141.8
2011/3/11,18:57:13,茨城県沖,36°39.9′N,140°57.1′E,48 km,4.3,震度３,36.665,140.9516667
2011/3/11,18:58:32,福島県沖,37°03.8′N,141°17.8′E,40 km,4.7,震度２,37.06333333,141.2966667
2011/3/11,18:59:04,トカラ列島近海,29°14.8′N,129°14.7′E,15 km,2.6,震度１,29.24666667,129.245
2011/3/11,18:59:53,福島県沖,36°39.2′N,142°17.9′E,36 km,5,震度２,36.65333333,142.2983333
2011/3/11,19:00:52,福島県沖,37°27.4′N,141°16.8′E,28 km,4,震度１,37.45666667,141.28
2011/3/11,19:02:40,宮城県沖,38°26.2′N,142°01.8′E,36 km,4.1,震度１,38.43666667,142.03
2011/3/11,19:03:21,福島県沖,37°23.9′N,141°17.0′E,24 km,4,震度１,37.39833333,141.2833333
2011/3/11,19:04:40,茨城県北部,36°18.9′N,140°30.2′E,14 km,3,震度１,36.315,140.5033333
2011/3/11,19:05:20,茨城県沖,36°46.1′N,141°20.6′E,33 km,4.6,震度２,36.76833333,141.3433333
2011/3/11,19:09:39,福井県嶺北,36°07.3′N,136°30.7′E,9 km,4,震度３,36.12166667,136.5116667
2011/3/11,19:09:45,茨城県沖,36°15.2′N,141°02.8′E,44 km,3.6,震度１,36.25333333,141.0466667
2011/3/11,19:10:19,宮城県沖,38°56.6′N,142°35.3′E,31 km,4.7,震度３,38.94333333,142.5883333
2011/3/11,19:10:40,岩手県沖,39°20.0′N,142°09.1′E,44 km,6.2,震度４,39.33333333,142.1516667
2011/3/11,19:13:12,宮城県沖,38°37.5′N,141°55.0′E,46 km,5.3,震度３,38.625,141.9166667
2011/3/11,19:14:04,福井県嶺北,36°07.3′N,136°30.4′E,8 km,3.1,震度１,36.12166667,136.5066667
2011/3/11,19:15:01,岩手県沖,39°24.3′N,142°05.8′E,44 km,3.8,震度１,39.405,142.0966667
2011/3/11,19:15:29,宮城県沖,38°21.1′N,141°48.7′E,49 km,4.4,震度２,38.35166667,141.8116667
2011/3/11,19:15:48,茨城県沖,35°59.4′N,141°02.0′E,36 km,4.6,震度３,35.99,141.0333333
2011/3/11,19:17:30,福井県嶺北,36°07.4′N,136°30.1′E,9 km,3.3,震度２,36.12333333,136.5016667
2011/3/11,19:18:35,茨城県沖,36°36.1′N,141°00.1′E,42 km,3.6,震度２,36.60166667,141.0016667
2011/3/11,19:19:48,新島・神津島近海,34°18.5′N,139°12.0′E,9 km,2.8,震度１,34.30833333,139.2
2011/3/11,19:19:51,茨城県沖,36°06.8′N,141°46.5′E,26 km,4.5,震度１,36.11333333,141.775
2011/3/11,19:20:25,福島県沖,36°54.4′N,142°17.2′E,12 km,5.8,震度３,36.90666667,142.2866667
2011/3/11,19:25:38,茨城県南部,35°57.7′N,140°25.4′E,51 km,3.3,震度１,35.96166667,140.4233333
2011/3/11,19:26:36,栃木県北部,36°45.8′N,139°28.6′E,5 km,2.4,震度１,36.76333333,139.4766667
2011/3/11,19:26:53,茨城県沖,36°45.2′N,141°29.5′E,46 km,4.5,震度２,36.75333333,141.4916667
2011/3/11,19:27:47,福島県沖,37°20.2′N,141°55.0′E,21 km,4.6,震度１,37.33666667,141.9166667
2011/3/11,19:28:44,茨城県沖,36°18.8′N,140°50.5′E,35 km,3.8,震度２,36.31333333,140.8416667
2011/3/11,19:30:21,茨城県沖,35°54.8′N,141°08.6′E,37 km,3.7,震度１,35.91333333,141.1433333
2011/3/11,19:31:01,千葉県東方沖,35°40.1′N,140°58.9′E,35 km,3.4,震度１,35.66833333,140.9816667
2011/3/11,19:31:16,宮城県沖,38°28.5′N,142°13.3′E,31 km,4.3,震度１,38.475,142.2216667
2011/3/11,19:32:04,茨城県沖,36°47.9′N,141°09.0′E,34 km,4.1,震度１,36.79833333,141.15
2011/3/11,19:32:32,岩手県沖,39°12.2′N,142°23.8′E,28 km,4.8,震度２,39.20333333,142.3966667
2011/3/11,19:34:18,千葉県東方沖,35°50.5′N,140°54.2′E,30 km,2.9,震度１,35.84166667,140.9033333
2011/3/11,19:35:37,福島県沖,37°04.2′N,141°20.5′E,49 km,5.1,震度４,37.07,141.3416667
2011/3/11,19:36:54,茨城県沖,36°27.4′N,141°05.8′E,41 km,3.9,震度２,36.45666667,141.0966667
2011/3/11,19:38:06,岐阜県飛騨地方,36°15.5′N,137°33.8′E,2 km,3.6,震度３,36.25833333,137.5633333
2011/3/11,19:38:52,宮城県沖,38°29.6′N,142°14.0′E,31 km,5,震度２,38.49333333,142.2333333
2011/3/11,19:39:19,茨城県沖,36°00.4′N,141°59.3′E,52 km,4.3,震度１,36.00666667,141.9883333
2011/3/11,19:40:54,栃木県北部,36°48.9′N,139°27.8′E,4 km,3.5,震度３,36.815,139.4633333
2011/3/11,19:41:34,茨城県沖,36°30.0′N,141°14.2′E,39 km,3.6,震度１,36.5,141.2366667
2011/3/11,19:43:33,茨城県沖,36°14.0′N,140°52.9′E,46 km,4,震度２,36.23333333,140.8816667
2011/3/11,19:44:17,宮城県沖,38°57.9′N,142°21.3′E,36 km,4.6,震度２,38.965,142.355
2011/3/11,19:45:21,茨城県沖,35°52.9′N,141°23.5′E,30 km,4.9,震度２,35.88166667,141.3916667
2011/3/11,19:45:54,岩手県沖,39°24.2′N,142°44.8′E,21 km,4.6,震度１,39.40333333,142.7466667
2011/3/11,19:46:17,福島県沖,36°51.0′N,141°08.3′E,47 km,4.8,震度３,36.85,141.1383333
2011/3/11,19:49:44,茨城県沖,36°32.8′N,141°42.7′E,72 km,4,震度１,36.54666667,141.7116667
2011/3/11,19:52:03,福井県嶺北,36°07.0′N,136°30.7′E,9 km,3,震度１,36.11666667,136.5116667
2011/3/11,19:52:44,岩手県沖,39°05.3′N,142°20.1′E,33 km,4.6,震度２,39.08833333,142.335
2011/3/11,19:53:12,茨城県沖,36°09.5′N,141°19.7′E,33 km,4,震度２,36.15833333,141.3283333
2011/3/11,19:53:47,福島県浜通り,37°17.0′N,140°58.8′E,28 km,3.5,震度２,37.28333333,140.98
2011/3/11,19:54:12,福島県沖,37°05.0′N,141°17.8′E,50 km,4.2,震度２,37.08333333,141.2966667
2011/3/11,19:56:17,茨城県沖,36°50.3′N,141°07.3′E,47 km,3.5,震度１,36.83833333,141.1216667
2011/3/11,19:58:04,岩手県沖,39°01.0′N,142°22.0′E,32 km,4.9,震度４,39.01666667,142.3666667
2011/3/11,20:00:53,福島県沖,37°43.3′N,141°43.8′E,46 km,5.5,震度４,37.72166667,141.73
2011/3/11,20:01:55,茨城県北部,36°45.2′N,140°37.4′E,4 km,3.7,震度２,36.75333333,140.6233333
2011/3/11,20:02:26,三陸沖,39°10.1′N,142°57.6′E,22 km,5.3,震度２,39.16833333,142.96
2011/3/11,20:03:03,茨城県沖,36°00.3′N,141°15.5′E,25 km,4.4,震度２,36.005,141.2583333
2011/3/11,20:03:21,岐阜県飛騨地方,36°14.0′N,137°32.8′E,3 km,2.2,震度１,36.23333333,137.5466667
2011/3/11,20:03:58,茨城県北部,36°32.8′N,140°29.7′E,13 km,2.6,震度１,36.54666667,140.495
2011/3/11,20:06:04,宮城県沖,38°06.9′N,142°41.9′E,13 km,5,震度２,38.115,142.6983333
2011/3/11,20:07:28,茨城県沖,36°37.3′N,140°58.3′E,48 km,4.3,震度３,36.62166667,140.9716667
2011/3/11,20:08:28,茨城県沖,36°32.1′N,140°49.4′E,14 km,3.5,震度２,36.535,140.8233333
2011/3/11,20:08:44,福島県沖,37°29.1′N,142°30.2′E,11 km,5,震度２,37.485,142.5033333
2011/3/11,20:08:56,岐阜県飛騨地方,36°14.2′N,137°32.8′E,3 km,2,震度１,36.23666667,137.5466667
2011/3/11,20:10:23,岩手県沖,39°00.6′N,142°17.0′E,35 km,3.6,震度１,39.01,142.2833333
2011/3/11,20:10:55,群馬県北部,36°51.7′N,139°19.5′E,5 km,3.5,震度３,36.86166667,139.325
2011/3/11,20:10:54,茨城県沖,35°43.8′N,142°06.8′E,28 km,5.9,震度２,35.73,142.1133333
2011/3/11,20:13:11,茨城県沖,36°19.2′N,141°56.8′E,37 km,5.6,震度２,36.32,141.9466667
2011/3/11,20:15:17,宮城県沖,38°54.4′N,142°03.5′E,45 km,4.5,震度２,38.90666667,142.0583333
2011/3/11,20:15:51,三陸沖,39°04.0′N,143°32.2′E,35 km,5.4,震度１,39.06666667,143.5366667
2011/3/11,20:16:50,茨城県沖,36°37.6′N,141°42.5′E,43 km,5.5,震度３,36.62666667,141.7083333
2011/3/11,20:19:32,福島県沖,36°57.1′N,141°08.1′E,48 km,3.5,震度１,36.95166667,141.135
2011/3/11,20:21:00,千葉県東方沖,35°47.6′N,141°12.0′E,39 km,5.6,震度４,35.79333333,141.2
2011/3/11,20:23:32,宮城県沖,38°58.4′N,142°19.7′E,29 km,3.9,震度１,38.97333333,142.3283333
2011/3/11,20:24:09,福島県沖,37°44.4′N,142°06.1′E,23 km,4.5,震度１,37.74,142.1016667
2011/3/11,20:25:58,宮城県沖,38°26.5′N,142°17.5′E,35 km,5,震度２,38.44166667,142.2916667
2011/3/11,20:27:20,三陸沖,39°15.8′N,143°17.4′E,0 km,5.7,震度２,39.26333333,143.29
2011/3/11,20:28:53,宮城県沖,38°41.7′N,142°15.4′E,35 km,5.2,震度３,38.695,142.2566667
2011/3/11,20:28:59,茨城県沖,36°15.0′N,141°42.5′E,34 km,4.3,震度１,36.25,141.7083333
2011/3/11,20:30:16,三陸沖,39°17.3′N,143°37.5′E,0 km,5.7,震度３,39.28833333,143.625
2011/3/11,20:31:07,宮城県南部,38°10.9′N,140°29.3′E,9 km,5.2,震度４,38.18166667,140.4883333
2011/3/11,20:32:24,三陸沖,39°04.2′N,143°16.1′E,11 km,5.7,震度２,39.07,143.2683333
2011/3/11,20:34:32,岩手県沖,39°36.8′N,142°32.9′E,31 km,4.3,震度１,39.61333333,142.5483333
2011/3/11,20:35:34,茨城県沖,36°26.9′N,141°09.5′E,43 km,4.3,震度２,36.44833333,141.1583333
2011/3/11,20:36:40,岩手県沖,39°13.8′N,142°34.7′E,24 km,6.7,震度５弱,39.23,142.5783333
2011/3/11,20:39:28,宮城県沖,38°19.8′N,142°14.8′E,25 km,5.8,震度４,38.33,142.2466667
2011/3/11,20:41:09,茨城県沖,36°38.6′N,141°47.0′E,51 km,4.9,震度２,36.64333333,141.7833333
2011/3/11,20:42:10,岩手県沖,39°21.2′N,142°49.0′E,16 km,5.7,震度３,39.35333333,142.8166667
2011/3/11,20:43:11,茨城県沖,36°11.6′N,141°01.4′E,41 km,3.4,震度１,36.19333333,141.0233333
2011/3/11,20:43:50,神奈川県西部,35°12.9′N,139°01.4′E,5 km,2.8,震度１,35.215,139.0233333
2011/3/11,20:44:16,岩手県沖,39°02.2′N,142°17.4′E,33 km,4.4,震度２,39.03666667,142.29
2011/3/11,20:44:23,福島県沖,36°41.7′N,142°27.0′E,13 km,5.7,震度２,36.695,142.45
2011/3/11,20:46:43,茨城県沖,36°03.7′N,141°10.5′E,41 km,5.4,震度３,36.06166667,141.175
2011/3/11,20:48:21,茨城県沖,36°39.3′N,140°59.7′E,43 km,3.6,震度１,36.655,140.995
2011/3/11,20:49:30,茨城県北部,36°42.2′N,140°39.6′E,44 km,3.3,震度１,36.70333333,140.66
2011/3/11,20:49:57,茨城県沖,36°36.8′N,140°59.4′E,41 km,3.6,震度１,36.61333333,140.99
2011/3/11,20:51:04,宮城県沖,38°33.8′N,141°50.8′E,45 km,4.1,震度１,38.56333333,141.8466667
2011/3/11,20:51:09,茨城県沖,36°03.3′N,141°22.4′E,49 km,4.2,震度１,36.055,141.3733333
2011/3/11,20:51:33,岩手県沖,39°12.7′N,142°33.6′E,21 km,4.4,震度１,39.21166667,142.56
2011/3/11,20:53:26,岩手県沖,39°12.1′N,142°37.9′E,21 km,4.9,震度２,39.20166667,142.6316667
2011/3/11,20:54:00,岩手県沖,39°10.4′N,142°32.3′E,29 km,4.2,震度１,39.17333333,142.5383333
2011/3/11,20:55:13,宮城県沖,38°31.6′N,141°56.1′E,39 km,3.9,震度１,38.52666667,141.935
2011/3/11,20:56:13,茨城県沖,36°16.8′N,141°40.5′E,40 km,5.3,震度２,36.28,141.675
2011/3/11,20:57:14,岩手県沖,39°16.3′N,142°18.6′E,29 km,5.3,震度４,39.27166667,142.31
2011/3/11,20:58:56,宮城県沖,37°55.1′N,142°44.5′E,30 km,5.4,震度２,37.91833333,142.7416667
2011/3/11,21:00:37,茨城県沖,36°46.0′N,141°06.8′E,43 km,4.2,震度２,36.76666667,141.1133333
2011/3/11,21:01:46,岩手県沖,39°12.5′N,142°34.5′E,24 km,5.1,震度２,39.20833333,142.575
2011/3/11,21:02:33,岩手県沖,39°13.7′N,142°28.6′E,33 km,4.5,震度２,39.22833333,142.4766667
2011/3/11,21:04:28,宮城県沖,38°22.8′N,141°43.0′E,49 km,3.7,震度１,38.38,141.7166667
2011/3/11,21:05:16,宮城県沖,38°12.3′N,142°07.7′E,36 km,4.5,震度１,38.205,142.1283333
2011/3/11,21:06:53,茨城県沖,36°13.6′N,140°46.3′E,37 km,3.6,震度２,36.22666667,140.7716667
2011/3/11,21:07:23,宮城県沖,38°35.7′N,141°57.0′E,37 km,3.6,震度１,38.595,141.95
2011/3/11,21:10:58,福島県沖,37°27.6′N,142°19.3′E,23 km,4.8,震度１,37.46,142.3216667
2011/3/11,21:12:16,宮城県沖,38°23.1′N,142°01.1′E,32 km,3.8,震度１,38.385,142.0183333
2011/3/11,21:13:03,福島県沖,37°13.5′N,142°13.0′E,26 km,6.2,震度４,37.225,142.2166667
2011/3/11,21:15:39,茨城県沖,36°32.6′N,140°51.4′E,25 km,3.3,震度１,36.54333333,140.8566667
2011/3/11,21:15:42,岩手県沖,39°07.5′N,142°24.3′E,23 km,5.9,震度４,39.125,142.405
2011/3/11,21:17:46,宮城県沖,38°08.6′N,142°17.2′E,46 km,4.8,震度１,38.14333333,142.2866667
2011/3/11,21:19:42,岩手県沖,39°08.1′N,142°19.6′E,32 km,4,震度１,39.135,142.3266667
2011/3/11,21:20:42,茨城県沖,36°19.5′N,141°13.1′E,43 km,3.8,震度２,36.325,141.2183333
2011/3/11,21:21:22,福島県沖,37°28.9′N,141°18.0′E,23 km,4.9,震度４,37.48166667,141.3
2011/3/11,21:22:28,茨城県沖,36°32.3′N,140°58.4′E,28 km,3.3,震度１,36.53833333,140.9733333
2011/3/11,21:22:37,福島県沖,37°25.9′N,142°01.2′E,26 km,4.3,震度１,37.43166667,142.02
2011/3/11,21:24:35,茨城県沖,36°27.6′N,141°52.4′E,23 km,5.2,震度２,36.46,141.8733333
2011/3/11,21:27:54,三陸沖,39°25.6′N,142°59.6′E,4 km,4.9,震度１,39.42666667,142.9933333
2011/3/11,21:28:42,茨城県沖,36°12.1′N,141°51.6′E,23 km,5.1,震度２,36.20166667,141.86
2011/3/11,21:30:13,宮城県沖,38°23.9′N,141°41.9′E,48 km,3.8,震度１,38.39833333,141.6983333
2011/3/11,21:31:16,岩手県沖,39°31.1′N,142°44.7′E,24 km,4.4,震度１,39.51833333,142.745
2011/3/11,21:33:11,三陸沖,38°04.0′N,142°45.4′E,10 km,5.1,震度３,38.06666667,142.7566667
2011/3/11,21:33:47,茨城県沖,35°54.8′N,141°05.0′E,22 km,3.5,震度１,35.91333333,141.0833333
2011/3/11,21:34:52,茨城県北部,36°47.0′N,140°34.7′E,5 km,3.4,震度１,36.78333333,140.5783333
2011/3/11,21:35:14,新島・神津島近海,34°18.9′N,139°11.3′E,6 km,2.4,震度１,34.315,139.1883333
2011/3/11,21:35:37,茨城県北部,36°47.5′N,140°35.0′E,5 km,4.1,震度１,36.79166667,140.5833333
2011/3/11,21:36:38,茨城県沖,36°21.8′N,140°58.6′E,37 km,3.9,震度２,36.36333333,140.9766667
2011/3/11,21:38:09,福島県沖,37°00.3′N,142°10.8′E,39 km,5.1,震度１,37.005,142.18
2011/3/11,21:40:18,宮城県沖,38°22.0′N,141°47.9′E,48 km,4.4,震度２,38.36666667,141.7983333
2011/3/11,21:41:55,宮城県沖,38°00.8′N,142°43.1′E,12 km,4.6,震度１,38.01333333,142.7183333
2011/3/11,21:43:57,福島県沖,37°05.6′N,141°41.5′E,39 km,4.1,震度１,37.09333333,141.6916667
2011/3/11,21:48:30,宮城県沖,38°47.7′N,142°00.5′E,38 km,3.4,震度１,38.795,142.0083333
2011/3/11,21:49:00,茨城県沖,36°14.5′N,141°45.7′E,35 km,5.3,震度２,36.24166667,141.7616667
2011/3/11,21:51:46,茨城県沖,36°20.5′N,140°49.8′E,35 km,3.9,震度２,36.34166667,140.83
2011/3/11,21:51:59,福島県会津,36°59.5′N,139°25.0′E,8 km,2.5,震度１,36.99166667,139.4166667
2011/3/11,21:52:16,群馬県北部,36°52.1′N,139°19.3′E,3 km,2.8,震度１,36.86833333,139.3216667
2011/3/11,21:52:19,茨城県沖,36°12.8′N,140°54.1′E,45 km,3.9,震度２,36.21333333,140.9016667
2011/3/11,21:52:26,宮城県沖,38°16.7′N,142°12.1′E,37 km,4.7,震度１,38.27833333,142.2016667
2011/3/11,21:53:20,栃木県北部,36°48.5′N,139°25.1′E,3 km,2.3,震度１,36.80833333,139.4183333
2011/3/11,21:54:11,茨城県沖,36°27.8′N,140°55.5′E,32 km,4.1,震度２,36.46333333,140.925
2011/3/11,21:54:51,宮城県沖,38°30.2′N,142°08.7′E,39 km,5.1,震度３,38.50333333,142.145
2011/3/11,21:56:04,福島県沖,37°47.6′N,142°02.8′E,29 km,5.3,震度３,37.79333333,142.0466667
2011/3/11,21:57:30,福井県嶺北,36°07.1′N,136°30.9′E,7 km,2.7,震度１,36.11833333,136.515
2011/3/11,21:58:10,茨城県沖,36°34.1′N,140°53.9′E,43 km,3.3,震度１,36.56833333,140.8983333
2011/3/11,21:58:24,岩手県沖,39°12.7′N,142°09.7′E,38 km,3.4,震度１,39.21166667,142.1616667
2011/3/11,21:59:19,茨城県沖,36°08.9′N,141°54.8′E,35 km,5.3,震度２,36.14833333,141.9133333
2011/3/11,22:00:06,新島・神津島近海,34°28.3′N,139°17.6′E,13 km,3.4,震度１,34.47166667,139.2933333
2011/3/11,22:00:29,岩手県沖,39°37.4′N,142°07.1′E,45 km,4.6,震度２,39.62333333,142.1183333
2011/3/11,22:01:02,茨城県沖,36°22.1′N,141°00.9′E,39 km,3.2,震度１,36.36833333,141.015
2011/3/11,22:02:40,茨城県沖,36°34.2′N,142°07.2′E,55 km,4.8,震度２,36.57,142.12
2011/3/11,22:03:48,伊豆大島近海,34°46.0′N,139°21.4′E,1 km,2.5,震度１,34.76666667,139.3566667
2011/3/11,22:05:13,茨城県沖,36°24.0′N,141°37.7′E,28 km,4.2,震度１,36.4,141.6283333
2011/3/11,22:06:03,宮城県沖,38°58.9′N,142°22.0′E,33 km,4,震度１,38.98166667,142.3666667
2011/3/11,22:08:13,岩手県沖,39°10.6′N,142°34.0′E,26 km,4.8,震度２,39.17666667,142.5666667
2011/3/11,22:08:13,茨城県沖,36°32.2′N,140°48.6′E,49 km,2.8,震度１,36.53666667,140.81
2011/3/11,22:08:30,茨城県沖,36°42.2′N,141°02.3′E,44 km,3.3,震度１,36.70333333,141.0383333
2011/3/11,22:09:29,岐阜県飛騨地方,36°14.9′N,137°33.5′E,3 km,3.4,震度３,36.24833333,137.5583333
2011/3/11,22:09:45,茨城県沖,36°37.8′N,140°59.2′E,46 km,4.1,震度３,36.63,140.9866667
2011/3/11,22:12:39,岩手県沖,39°17.6′N,142°16.5′E,31 km,4,震度１,39.29333333,142.275
2011/3/11,22:13:03,福島県沖,37°17.0′N,141°47.5′E,37 km,3.8,震度１,37.28333333,141.7916667
2011/3/11,22:14:07,新島・神津島近海,34°32.8′N,139°17.4′E,8 km,2.6,震度２,34.54666667,139.29
2011/3/11,22:15:15,茨城県沖,36°15.9′N,140°53.1′E,51 km,2.9,震度１,36.265,140.885
2011/3/11,22:15:33,宮城県沖,38°40.4′N,141°58.7′E,44 km,3.8,震度２,38.67333333,141.9783333
2011/3/11,22:15:43,福島県沖,37°18.8′N,141°55.6′E,26 km,5.2,震度３,37.31333333,141.9266667
2011/3/11,22:16:49,茨城県沖,36°25.6′N,141°50.6′E,28 km,5.7,震度３,36.42666667,141.8433333
2011/3/11,22:20:59,茨城県沖,36°27.9′N,141°51.5′E,63 km,4.4,震度１,36.465,141.8583333
2011/3/11,22:22:09,茨城県沖,36°28.1′N,141°46.5′E,80 km,4.4,震度２,36.46833333,141.775
2011/3/11,22:23:40,福島県沖,37°23.8′N,141°27.8′E,30 km,4.5,震度２,37.39666667,141.4633333
2011/3/11,22:26:42,千葉県東方沖,35°50.8′N,140°54.3′E,36 km,3.3,震度１,35.84666667,140.905
2011/3/11,22:29:10,福島県沖,37°05.8′N,141°07.0′E,51 km,3.8,震度３,37.09666667,141.1166667
2011/3/11,22:29:29,茨城県沖,36°25.0′N,141°02.9′E,37 km,3.4,震度１,36.41666667,141.0483333
2011/3/11,22:29:42,茨城県沖,36°00.8′N,141°04.6′E,30 km,4.1,震度２,36.01333333,141.0766667
2011/3/11,22:31:33,岩手県沖,39°46.8′N,142°12.2′E,28 km,3.4,震度１,39.78,142.2033333
2011/3/11,22:31:55,茨城県沖,36°27.0′N,141°51.3′E,46 km,4.6,震度１,36.45,141.855
2011/3/11,22:33:31,福島県沖,37°15.5′N,141°05.1′E,34 km,4.5,震度４,37.25833333,141.085
2011/3/11,22:34:33,茨城県沖,36°17.1′N,141°55.7′E,23 km,5.6,震度２,36.285,141.9283333
2011/3/11,22:35:37,福島県沖,36°54.6′N,141°03.3′E,49 km,4.2,震度２,36.91,141.055
2011/3/11,22:36:23,福島県沖,36°55.8′N,141°06.6′E,48 km,3.8,震度２,36.93,141.11
2011/3/11,22:36:57,茨城県沖,36°49.8′N,141°01.5′E,31 km,4.6,震度３,36.83,141.025
2011/3/11,22:38:11,神奈川県西部,35°14.3′N,139°00.5′E,0 km,2,震度１,35.23833333,139.0083333
2011/3/11,22:38:42,福島県沖,37°41.1′N,141°41.3′E,38 km,4.2,震度１,37.685,141.6883333
2011/3/11,22:39:16,茨城県北部,36°26.4′N,140°34.1′E,12 km,3.3,震度２,36.44,140.5683333
2011/3/11,22:40:02,茨城県沖,36°07.8′N,141°09.3′E,32 km,3.6,震度１,36.13,141.155
2011/3/11,22:42:25,福島県沖,37°22.3′N,142°03.2′E,20 km,4.8,震度２,37.37166667,142.0533333
2011/3/11,22:43:08,三陸沖,39°01.3′N,144°13.4′E,39 km,5.7,震度１,39.02166667,144.2233333
2011/3/11,22:46:49,福島県沖,37°26.6′N,141°28.2′E,26 km,4.1,震度１,37.44333333,141.47
2011/3/11,22:47:41,福島県沖,36°55.9′N,141°06.6′E,50 km,4.7,震度４,36.93166667,141.11
2011/3/11,22:48:28,茨城県沖,36°24.4′N,141°53.0′E,55 km,4.7,震度２,36.40666667,141.8833333
2011/3/11,22:50:17,茨城県沖,36°12.7′N,141°00.6′E,44 km,3.3,震度１,36.21166667,141.01
2011/3/11,22:50:20,宮城県沖,38°23.5′N,142°12.6′E,34 km,4,震度１,38.39166667,142.21
2011/3/11,22:51:48,茨城県沖,36°24.6′N,141°02.5′E,44 km,4.1,震度２,36.41,141.0416667
2011/3/11,22:52:11,福島県沖,36°40.3′N,141°49.8′E,45 km,4.9,震度２,36.67166667,141.83
2011/3/11,22:53:39,茨城県沖,36°24.2′N,141°49.4′E,58 km,4.5,震度１,36.40333333,141.8233333
2011/3/11,22:54:47,宮城県沖,38°37.8′N,142°20.4′E,31 km,4.4,震度２,38.63,142.34
2011/3/11,22:56:06,福島県沖,37°39.9′N,141°43.3′E,46 km,5.3,震度３,37.665,141.7216667
2011/3/11,22:57:32,茨城県沖,36°02.1′N,141°05.9′E,43 km,3.6,震度１,36.035,141.0983333
2011/3/11,22:58:09,福島県沖,36°53.3′N,141°05.6′E,49 km,3.3,震度１,36.88833333,141.0933333
2011/3/11,22:58:49,福島県沖,36°41.1′N,141°50.2′E,36 km,5.1,震度２,36.685,141.8366667
2011/3/11,23:00:37,茨城県沖,36°08.8′N,140°52.7′E,43 km,5.4,震度４,36.14666667,140.8783333
2011/3/11,23:03:16,茨城県沖,36°25.4′N,141°02.7′E,38 km,3.8,震度１,36.42333333,141.045
2011/3/11,23:04:52,福島県沖,36°59.5′N,141°44.8′E,40 km,4.4,震度１,36.99166667,141.7466667
2011/3/11,23:05:37,茨城県沖,36°22.2′N,141°38.2′E,56 km,4.2,震度１,36.37,141.6366667
2011/3/11,23:07:40,岩手県沖,39°14.4′N,142°23.5′E,29 km,4.4,震度２,39.24,142.3916667
2011/3/11,23:08:42,茨城県沖,36°39.4′N,140°58.6′E,44 km,3.4,震度２,36.65666667,140.9766667
2011/3/11,23:10:39,福島県沖,37°30.2′N,141°59.7′E,31 km,5.2,震度３,37.50333333,141.995
2011/3/11,23:11:39,岐阜県飛騨地方,36°15.1′N,137°33.4′E,2 km,2.3,震度１,36.25166667,137.5566667
2011/3/11,23:13:05,宮城県沖,38°21.6′N,142°04.2′E,32 km,4.3,震度１,38.36,142.07
2011/3/11,23:14:53,福島県沖,36°53.5′N,141°02.7′E,49 km,4.1,震度２,36.89166667,141.045
2011/3/11,23:18:53,茨城県沖,36°39.2′N,140°58.6′E,44 km,3.1,震度２,36.65333333,140.9766667
2011/3/11,23:19:06,茨城県沖,36°16.1′N,141°51.1′E,35 km,4.6,震度２,36.26833333,141.8516667
2011/3/11,23:19:18,宮城県北部,38°41.7′N,141°21.0′E,17 km,2.9,震度１,38.695,141.35
2011/3/11,23:20:03,茨城県沖,36°37.8′N,140°57.9′E,43 km,3.2,震度１,36.63,140.965
2011/3/11,23:20:55,静岡県西部,34°45.0′N,137°53.2′E,11 km,2.1,震度１,34.75,137.8866667
2011/3/11,23:21:02,岩手県沖,39°09.8′N,142°31.6′E,13 km,4.4,震度２,39.16333333,142.5266667
2011/3/11,23:25:43,宮城県沖,38°19.5′N,141°49.0′E,40 km,3.7,震度１,38.325,141.8166667
2011/3/11,23:26:28,三陸沖,39°41.3′N,143°26.3′E,1 km,5,震度１,39.68833333,143.4383333
2011/3/11,23:26:54,茨城県沖,36°37.7′N,141°02.3′E,43 km,4.8,震度３,36.62833333,141.0383333
2011/3/11,23:28:50,宮城県沖,38°19.8′N,142°01.5′E,42 km,4.9,震度３,38.33,142.025
2011/3/11,23:29:00,新潟県上中越沖,37°39.2′N,138°37.1′E,22 km,3.2,震度１,37.65333333,138.6183333
2011/3/11,23:30:57,宮城県沖,38°16.5′N,142°21.0′E,29 km,5,震度１,38.275,142.35
2011/3/11,23:31:23,茨城県沖,36°14.9′N,140°57.7′E,44 km,3.6,震度２,36.24833333,140.9616667
2011/3/11,23:31:59,茨城県沖,36°02.6′N,141°16.9′E,26 km,4.6,震度２,36.04333333,141.2816667
2011/3/11,23:35:04,福島県沖,37°11.3′N,141°07.8′E,31 km,3.2,震度１,37.18833333,141.13
2011/3/11,23:38:27,三陸沖,39°12.8′N,142°57.0′E,10 km,5,震度１,39.21333333,142.95
2011/3/11,23:40:03,岐阜県飛騨地方,36°15.4′N,137°34.7′E,3 km,2.7,震度１,36.25666667,137.5783333
2011/3/11,23:42:22,岩手県沖,39°36.4′N,142°33.4′E,32 km,4.4,震度２,39.60666667,142.5566667
2011/3/11,23:44:09,茨城県沖,36°38.7′N,140°58.7′E,47 km,4.9,震度４,36.645,140.9783333
2011/3/11,23:46:09,宮城県沖,38°22.4′N,141°40.0′E,49 km,3.6,震度１,38.37333333,141.6666667
2011/3/11,23:49:07,茨城県沖,36°23.8′N,140°55.1′E,35 km,4,震度２,36.39666667,140.9183333
2011/3/11,23:50:00,茨城県沖,36°43.4′N,140°56.6′E,46 km,3,震度１,36.72333333,140.9433333
2011/3/11,23:51:16,福島県沖,37°03.3′N,141°27.9′E,39 km,4.4,震度２,37.055,141.465
2011/3/11,23:51:25,内浦湾,41°55.0′N,140°59.2′E,11 km,2.5,震度１,41.91666667,140.9866667
2011/3/11,23:52:37,神奈川県西部,35°13.2′N,139°01.3′E,3 km,3.3,震度２,35.22,139.0216667
2011/3/11,23:53:58,茨城県沖,36°00.3′N,142°08.2′E,13 km,5.4,震度２,36.005,142.1366667
2011/3/11,23:56:14,茨城県沖,35°58.2′N,141°34.2′E,31 km,5.8,震度３,35.97,141.57
2011/3/11,23:57:44,福島県沖,37°02.3′N,141°08.1′E,50 km,3.7,震度２,37.03833333,141.135
2011/3/11,23:58:16,茨城県沖,36°11.2′N,141°27.4′E,48 km,4.1,震度１,36.18666667,141.4566667
2011/3/11,23:59:01,福島県沖,37°03.6′N,141°17.8′E,56 km,4.1,震度２,37.06,141.2966667
2011/3/12,0:01:38,岩手県沖,39°06.4′N,142°24.3′E,29 km,4.9,震度２,39.10666667,142.405
2011/3/12,0:02:57,宮城県沖,38°44.7′N,142°09.6′E,32 km,4.2,震度１,38.745,142.16
2011/3/12,0:03:58,三陸沖,38°08.7′N,142°48.0′E,1 km,5.1,震度１,38.145,142.8
2011/3/12,0:05:22,茨城県沖,36°03.0′N,141°12.4′E,26 km,3.5,震度１,36.05,141.2066667
2011/3/12,0:05:53,福島県沖,37°27.3′N,141°27.8′E,44 km,4,震度２,37.455,141.4633333
2011/3/12,0:06:24,福島県沖,37°17.4′N,141°45.5′E,35 km,4.8,震度２,37.29,141.7583333
2011/3/12,0:07:42,茨城県沖,36°22.6′N,141°31.5′E,41 km,5.4,震度３,36.37666667,141.525
2011/3/12,0:09:49,栃木県北部,36°52.3′N,139°23.2′E,4 km,2.6,震度１,36.87166667,139.3866667
2011/3/12,0:10:18,岩手県沖,39°30.8′N,142°06.3′E,45 km,3.1,震度１,39.51333333,142.105
2011/3/12,0:10:31,岩手県沖,39°04.9′N,142°20.6′E,31 km,3.7,震度１,39.08166667,142.3433333
2011/3/12,0:11:04,岩手県沖,39°06.5′N,142°21.8′E,33 km,4.1,震度１,39.10833333,142.3633333
2011/3/12,0:11:43,岐阜県飛騨地方,36°14.9′N,137°33.3′E,2 km,3.8,震度３,36.24833333,137.555
2011/3/12,0:12:06,福島県沖,37°07.9′N,142°00.7′E,42 km,4.3,震度２,37.13166667,142.0116667
2011/3/12,0:13:12,茨城県沖,36°03.2′N,142°00.0′E,23 km,6.7,震度４,36.05333333,142
2011/3/12,0:15:11,茨城県沖,36°44.6′N,141°00.2′E,17 km,4.9,震度３,36.74333333,141.0033333
2011/3/12,0:16:33,福島県沖,36°57.0′N,141°07.3′E,49 km,3.6,震度１,36.95,141.1216667
2011/3/12,0:19:35,茨城県沖,36°19.3′N,142°03.3′E,18 km,5.7,震度３,36.32166667,142.055
2011/3/12,0:22:24,茨城県沖,35°54.4′N,141°46.3′E,12 km,4.9,震度２,35.90666667,141.7716667
2011/3/12,0:23:42,茨城県沖,36°18.1′N,141°39.6′E,2 km,4.4,震度１,36.30166667,141.66
2011/3/12,0:24:40,群馬県北部,36°48.2′N,139°18.6′E,6 km,4.5,震度４,36.80333333,139.31
2011/3/12,0:25:09,トカラ列島近海,29°57.7′N,129°55.9′E,9 km,2.8,震度１,29.96166667,129.9316667
2011/3/12,0:25:59,茨城県沖,36°01.9′N,141°04.0′E,38 km,4,震度２,36.03166667,141.0666667
2011/3/12,0:26:08,福島県沖,37°19.3′N,141°33.6′E,36 km,4.9,震度２,37.32166667,141.56
2011/3/12,0:26:52,福島県沖,37°12.7′N,141°09.0′E,14 km,4.4,震度２,37.21166667,141.15
2011/3/12,0:28:37,岐阜県飛騨地方,36°14.9′N,137°33.5′E,2 km,2,震度１,36.24833333,137.5583333
2011/3/12,0:30:52,茨城県沖,35°55.6′N,140°56.3′E,25 km,3.1,震度１,35.92666667,140.9383333
2011/3/12,0:31:12,福島県沖,37°19.0′N,141°32.5′E,43 km,3.8,震度１,37.31666667,141.5416667
2011/3/12,0:32:17,茨城県沖,36°49.0′N,140°58.8′E,50 km,3.7,震度２,36.81666667,140.98
2011/3/12,0:32:32,福島県沖,37°18.4′N,142°10.4′E,14 km,5.3,震度２,37.30666667,142.1733333
2011/3/12,0:34:50,岩手県沖,39°16.6′N,142°35.6′E,28 km,4.3,震度１,39.27666667,142.5933333
2011/3/12,0:36:14,宮城県沖,38°55.1′N,142°42.7′E,13 km,5,震度２,38.91833333,142.7116667
2011/3/12,0:38:55,千葉県東方沖,35°44.2′N,141°03.6′E,33 km,4.1,震度２,35.73666667,141.06
2011/3/12,0:39:48,茨城県沖,36°22.5′N,141°52.8′E,62 km,4.5,震度１,36.375,141.88
2011/3/12,0:40:36,栃木県北部,36°48.1′N,139°24.2′E,4 km,2.3,震度１,36.80166667,139.4033333
2011/3/12,0:41:47,宮城県沖,38°00.2′N,141°56.3′E,5 km,4.7,震度１,38.00333333,141.9383333
2011/3/12,0:42:03,茨城県沖,36°07.7′N,141°54.1′E,16 km,5.5,震度３,36.12833333,141.9016667
2011/3/12,0:43:26,宮城県沖,38°13.3′N,142°30.6′E,30 km,4.9,震度２,38.22166667,142.51
2011/3/12,0:44:29,岩手県沖,39°20.9′N,142°31.4′E,31 km,4.4,震度２,39.34833333,142.5233333
2011/3/12,0:45:04,岩手県沖,39°11.3′N,142°23.4′E,33 km,4.5,震度２,39.18833333,142.39
2011/3/12,0:47:01,茨城県沖,36°29.7′N,141°32.8′E,41 km,4.4,震度１,36.495,141.5466667
2011/3/12,0:47:48,栃木県北部,36°46.0′N,139°28.4′E,5 km,3.3,震度２,36.76666667,139.4733333
2011/3/12,0:48:53,福島県沖,37°28.9′N,141°17.6′E,27 km,4.1,震度２,37.48166667,141.2933333
2011/3/12,0:49:35,茨城県沖,36°14.9′N,140°54.9′E,29 km,3.7,震度１,36.24833333,140.915
2011/3/12,0:50:16,岩手県沖,39°07.1′N,142°20.2′E,37 km,4.2,震度２,39.11833333,142.3366667
2011/3/12,0:50:57,福島県沖,37°31.5′N,142°16.1′E,14 km,5,震度２,37.525,142.2683333
2011/3/12,0:53:12,新島・神津島近海,34°17.1′N,139°12.6′E,0 km,2.2,震度１,34.285,139.21
2011/3/12,0:53:48,福島県浜通り,37°15.9′N,140°59.4′E,26 km,3.3,震度２,37.265,140.99
2011/3/12,0:54:54,福島県沖,37°09.9′N,142°25.4′E,37 km,4.6,震度１,37.165,142.4233333
2011/3/12,0:55:26,福島県沖,36°41.8′N,141°49.4′E,44 km,4.7,震度２,36.69666667,141.8233333
2011/3/12,0:57:01,茨城県沖,35°56.9′N,141°33.4′E,35 km,4.8,震度２,35.94833333,141.5566667
2011/3/12,0:57:57,福島県沖,37°06.6′N,141°06.5′E,49 km,4.1,震度３,37.11,141.1083333
2011/3/12,0:59:22,茨城県沖,36°31.2′N,140°52.4′E,49 km,3.9,震度２,36.52,140.8733333
2011/3/12,1:01:43,宮城県沖,38°47.5′N,142°10.2′E,31 km,4.2,震度１,38.79166667,142.17
2011/3/12,1:03:49,宮城県沖,38°16.9′N,142°12.4′E,29 km,4.4,震度２,38.28166667,142.2066667
2011/3/12,1:04:43,岩手県沖,39°02.5′N,142°23.0′E,33 km,4.4,震度２,39.04166667,142.3833333
2011/3/12,1:05:23,福島県沖,37°14.6′N,141°25.6′E,45 km,4.4,震度３,37.24333333,141.4266667
2011/3/12,1:06:47,茨城県沖,36°31.7′N,140°55.5′E,49 km,4.3,震度３,36.52833333,140.925
2011/3/12,1:07:13,宮城県沖,38°05.7′N,142°34.6′E,8 km,4.9,震度１,38.095,142.5766667
2011/3/12,1:09:32,茨城県沖,35°55.5′N,141°06.3′E,25 km,3.6,震度１,35.925,141.105
2011/3/12,1:11:24,三陸沖,39°33.9′N,143°36.2′E,2 km,5.8,震度２,39.565,143.6033333
2011/3/12,1:12:03,栃木県北部,36°48.7′N,139°27.9′E,4 km,2.2,震度１,36.81166667,139.465
2011/3/12,1:12:04,茨城県沖,36°14.0′N,141°43.1′E,54 km,4.4,震度１,36.23333333,141.7183333
2011/3/12,1:17:27,宮城県沖,38°28.8′N,142°03.1′E,41 km,4.2,震度１,38.48,142.0516667
2011/3/12,1:18:57,福島県沖,37°23.1′N,141°29.7′E,38 km,3.8,震度１,37.385,141.495
2011/3/12,1:19:16,茨城県沖,36°06.9′N,141°15.5′E,26 km,4.3,震度２,36.115,141.2583333
2011/3/12,1:20:50,茨城県沖,36°15.4′N,142°02.2′E,25 km,4.9,震度１,36.25666667,142.0366667
2011/3/12,1:21:24,宮城県沖,38°54.8′N,142°20.4′E,46 km,4,震度１,38.91333333,142.34
2011/3/12,1:29:10,茨城県沖,36°48.7′N,141°08.8′E,46 km,3.6,震度２,36.81166667,141.1466667
2011/3/12,1:29:41,茨城県沖,36°14.7′N,141°09.5′E,46 km,4.3,震度１,36.245,141.1583333
2011/3/12,1:31:11,茨城県沖,36°11.6′N,141°24.9′E,47 km,3.6,震度１,36.19333333,141.415
2011/3/12,1:34:17,三陸沖,39°21.4′N,143°27.9′E,13 km,4.9,震度１,39.35666667,143.465
2011/3/12,1:36:43,岩手県沖,39°12.7′N,142°31.4′E,32 km,3.9,震度１,39.21166667,142.5233333
2011/3/12,1:36:48,茨城県沖,36°04.1′N,141°02.4′E,39 km,3.3,震度１,36.06833333,141.04
2011/3/12,1:40:54,福島県沖,37°21.4′N,141°47.7′E,22 km,4.3,震度１,37.35666667,141.795
2011/3/12,1:42:19,三陸沖,38°26.8′N,142°51.7′E,7 km,4.8,震度２,38.44666667,142.8616667
2011/3/12,1:45:52,宮城県沖,38°21.3′N,141°45.2′E,48 km,3.9,震度１,38.355,141.7533333
2011/3/12,1:49:17,茨城県沖,36°04.3′N,141°13.9′E,45 km,4.6,震度２,36.07166667,141.2316667
2011/3/12,1:51:50,茨城県沖,36°01.4′N,141°14.9′E,31 km,3.7,震度１,36.02333333,141.2483333
2011/3/12,1:52:50,茨城県沖,36°35.9′N,141°29.4′E,37 km,4.1,震度１,36.59833333,141.49
2011/3/12,1:54:09,福島県沖,37°23.5′N,141°58.2′E,28 km,4.4,震度１,37.39166667,141.97
2011/3/12,1:55:50,福島県沖,37°45.5′N,143°12.6′E,30 km,5.1,震度２,37.75833333,143.21
2011/3/12,1:56:44,宮城県沖,38°16.3′N,142°12.1′E,42 km,5.3,震度２,38.27166667,142.2016667
2011/3/12,1:59:05,宮城県沖,38°53.9′N,142°24.5′E,40 km,3.9,震度１,38.89833333,142.4083333
2011/3/12,2:00:43,宮城県沖,38°52.9′N,142°27.1′E,46 km,3.9,震度１,38.88166667,142.4516667
2011/3/12,2:03:37,福島県沖,37°26.1′N,141°18.7′E,32 km,3,震度１,37.435,141.3116667
2011/3/12,2:05:52,新島・神津島近海,34°32.9′N,139°17.3′E,8 km,2.8,震度２,34.54833333,139.2883333
2011/3/12,2:07:08,岩手県沖,39°10.8′N,142°21.1′E,31 km,4,震度１,39.18,142.3516667
2011/3/12,2:08:06,茨城県沖,36°38.9′N,140°56.3′E,49 km,4.2,震度２,36.64833333,140.9383333
2011/3/12,2:08:58,福島県沖,37°17.1′N,141°05.5′E,32 km,3.2,震度１,37.285,141.0916667
2011/3/12,2:11:37,三陸沖,38°28.0′N,142°57.5′E,19 km,4.6,震度１,38.46666667,142.9583333
2011/3/12,2:12:40,栃木県北部,36°48.9′N,139°29.7′E,5 km,2.8,震度２,36.815,139.495
2011/3/12,2:13:26,福島県沖,37°36.0′N,141°55.1′E,36 km,4.3,震度１,37.6,141.9183333
2011/3/12,2:14:55,岩手県沖,39°02.8′N,142°25.2′E,26 km,5,震度３,39.04666667,142.42
2011/3/12,2:15:57,千葉県北東部,35°21.5′N,140°22.1′E,26 km,3.3,震度２,35.35833333,140.3683333
2011/3/12,2:17:24,関東東方沖,35°24.2′N,142°01.6′E,22 km,6.1,震度２,35.40333333,142.0266667
2011/3/12,2:22:47,宮城県北部,38°43.2′N,141°29.5′E,66 km,3.7,震度１,38.72,141.4916667
2011/3/12,2:23:56,茨城県沖,36°07.1′N,141°55.4′E,32 km,5.2,震度２,36.11833333,141.9233333
2011/3/12,2:27:13,岩手県沖,39°10.1′N,142°20.5′E,32 km,3.9,震度１,39.16833333,142.3416667
2011/3/12,2:30:11,宮城県沖,38°05.6′N,141°54.1′E,51 km,4.5,震度３,38.09333333,141.9016667
2011/3/12,2:30:46,福島県沖,37°24.7′N,141°18.5′E,18 km,5,震度４,37.41166667,141.3083333
2011/3/12,2:32:14,福島県沖,37°04.1′N,144°23.3′E,43 km,5.8,震度１,37.06833333,144.3883333
2011/3/12,2:39:27,福島県沖,37°26.9′N,141°24.1′E,42 km,4,震度２,37.44833333,141.4016667
2011/3/12,2:41:47,岩手県沖,39°17.7′N,142°35.7′E,37 km,4,震度１,39.295,142.595
2011/3/12,2:46:32,福島県沖,37°25.2′N,141°55.1′E,19 km,4.5,震度１,37.42,141.9183333
2011/3/12,2:47:49,岐阜県美濃中西部,35°17.4′N,136°30.0′E,6 km,2.3,震度１,35.29,136.5
2011/3/12,2:48:10,茨城県沖,36°17.4′N,140°54.5′E,43 km,3.8,震度２,36.29,140.9083333
2011/3/12,2:49:01,福島県沖,36°52.3′N,141°03.5′E,49 km,3.9,震度１,36.87166667,141.0583333
2011/3/12,2:51:43,茨城県沖,36°27.9′N,141°03.8′E,39 km,4.7,震度２,36.465,141.0633333
2011/3/12,2:55:50,茨城県沖,35°52.7′N,141°10.4′E,18 km,3.8,震度１,35.87833333,141.1733333
2011/3/12,2:56:47,福島県沖,37°28.5′N,141°19.0′E,30 km,4.4,震度４,37.475,141.3166667
2011/3/12,2:57:40,福島県沖,37°02.8′N,142°16.1′E,37 km,4.7,震度１,37.04666667,142.2683333
2011/3/12,3:01:33,福島県沖,36°53.7′N,141°01.2′E,50 km,3,震度１,36.895,141.02
2011/3/12,3:01:48,茨城県沖,36°04.3′N,141°15.1′E,42 km,3.8,震度１,36.07166667,141.2516667
2011/3/12,3:02:58,十勝地方北部,43°25.6′N,142°58.5′E,6 km,3.1,震度１,43.42666667,142.975
2011/3/12,3:11:26,福島県沖,37°10.2′N,142°01.5′E,26 km,6,震度３,37.17,142.025
2011/3/12,3:14:43,岩手県沖,39°14.3′N,142°22.9′E,29 km,3.8,震度１,39.23833333,142.3816667
2011/3/12,3:16:02,宮城県沖,38°12.9′N,141°51.5′E,13 km,4.5,震度２,38.215,141.8583333
2011/3/12,3:17:03,茨城県沖,36°15.4′N,141°48.2′E,16 km,5.7,震度２,36.25666667,141.8033333
2011/3/12,3:25:49,岩手県沖,39°03.6′N,142°20.1′E,26 km,3.8,震度１,39.06,142.335
2011/3/12,3:28:20,栃木県北部,36°48.9′N,139°29.7′E,5 km,2.6,震度１,36.815,139.495
2011/3/12,3:33:47,岩手県沖,39°02.4′N,142°19.6′E,37 km,4.3,震度２,39.04,142.3266667
2011/3/12,3:36:51,福島県沖,37°07.4′N,141°13.5′E,34 km,3.6,震度１,37.12333333,141.225
2011/3/12,3:39:52,茨城県沖,36°34.8′N,141°05.9′E,31 km,4.4,震度３,36.58,141.0983333
2011/3/12,3:44:08,福島県沖,36°52.2′N,141°09.2′E,47 km,5,震度４,36.87,141.1533333
2011/3/12,3:45:28,茨城県沖,36°13.0′N,141°15.7′E,43 km,4.8,震度２,36.21666667,141.2616667
2011/3/12,3:47:49,茨城県沖,35°59.9′N,141°03.9′E,31 km,3.9,震度２,35.99833333,141.065
2011/3/12,3:48:51,栃木県北部,36°52.9′N,139°22.5′E,4 km,2.6,震度１,36.88166667,139.375
2011/3/12,3:50:17,茨城県沖,36°15.5′N,141°02.5′E,29 km,3.8,震度１,36.25833333,141.0416667
2011/3/12,3:53:56,秋田県内陸南部,38°59.6′N,140°45.1′E,1 km,3.8,震度２,38.99333333,140.7516667
2011/3/12,3:55:12,茨城県沖,35°56.7′N,141°49.6′E,16 km,4.8,震度２,35.945,141.8266667
2011/3/12,3:59:16,長野県北部,36°59.1′N,138°35.8′E,8 km,6.7,震度６強,36.985,138.5966667
2011/3/12,4:01:32,新潟県中越地方,36°57.0′N,138°36.4′E,1 km,3.9,震度４,36.95,138.6066667
2011/3/12,4:02:11,茨城県沖,36°37.2′N,140°54.6′E,46 km,3.8,震度２,36.62,140.91
2011/3/12,4:02:25,長野県北部,36°55.8′N,138°35.6′E,9 km,3.2,震度３,36.93,138.5933333
2011/3/12,4:02:57,三陸沖,39°21.2′N,142°56.2′E,9 km,6.3,震度４,39.35333333,142.9366667
2011/3/12,4:03:37,新潟県中越地方,37°03.0′N,138°36.7′E,9 km,4.1,震度４,37.05,138.6116667
2011/3/12,4:04:30,長野県北部,36°57.5′N,138°35.6′E,8 km,3.8,震度３,36.95833333,138.5933333
2011/3/12,4:05:58,新潟県中越地方,37°01.3′N,138°41.1′E,16 km,3.1,震度２,37.02166667,138.685
2011/3/12,4:06:43,新潟県中越地方,37°00.8′N,138°36.4′E,11 km,3.4,震度３,37.01333333,138.6066667
2011/3/12,4:07:27,新潟県中越地方,36°59.0′N,138°36.7′E,11 km,3.4,震度２,36.98333333,138.6116667
2011/3/12,4:08:41,茨城県沖,36°17.1′N,140°56.8′E,35 km,5.2,震度４,36.285,140.9466667
2011/3/12,4:08:43,長野県北部,36°55.7′N,138°35.2′E,7 km,2.4,震度２,36.92833333,138.5866667
2011/3/12,4:09:27,長野県北部,36°59.7′N,138°33.7′E,9 km,4.5,震度４,36.995,138.5616667
2011/3/12,4:10:44,長野県北部,36°56.3′N,138°35.4′E,0 km,4.2,震度４,36.93833333,138.59
2011/3/12,4:10:54,福島県沖,37°04.4′N,141°01.5′E,51 km,3.2,震度１,37.07333333,141.025
2011/3/12,4:11:26,長野県北部,36°56.7′N,138°35.6′E,6 km,3.7,震度３,36.945,138.5933333
2011/3/12,4:12:45,新潟県中越地方,37°01.9′N,138°40.3′E,12 km,4.3,震度４,37.03166667,138.6716667
2011/3/12,4:13:50,福島県浜通り,36°56.6′N,140°44.0′E,27 km,3.5,震度１,36.94333333,140.7333333
2011/3/12,4:14:38,新潟県中越地方,37°02.9′N,138°36.4′E,11 km,2.8,震度２,37.04833333,138.6066667
2011/3/12,4:15:20,新潟県中越地方,36°57.0′N,138°36.8′E,0 km,3.6,震度３,36.95,138.6133333
2011/3/12,4:16:11,新潟県中越地方,37°03.3′N,138°35.6′E,12 km,3.6,震度３,37.055,138.5933333
2011/3/12,4:16:18,福島県沖,37°18.8′N,141°05.6′E,29 km,4,震度３,37.31333333,141.0933333
2011/3/12,4:17:03,新潟県中越地方,36°56.9′N,138°37.2′E,1 km,2.5,震度２,36.94833333,138.62
2011/3/12,4:19:55,福島県沖,37°13.4′N,141°34.4′E,46 km,3.8,震度１,37.22333333,141.5733333
2011/3/12,4:20:12,長野県北部,37°00.8′N,138°34.9′E,10 km,2.5,震度２,37.01333333,138.5816667
2011/3/12,4:21:09,新潟県中越地方,37°02.4′N,138°37.7′E,13 km,3.7,震度３,37.04,138.6283333
2011/3/12,4:22:06,新潟県中越地方,37°02.3′N,138°35.0′E,12 km,2.7,震度１,37.03833333,138.5833333
2011/3/12,4:23:36,宮城県沖,38°20.5′N,141°48.0′E,50 km,4.2,震度２,38.34166667,141.8
2011/3/12,4:23:51,新潟県中越地方,36°59.7′N,138°39.1′E,12 km,2.6,震度２,36.995,138.6516667
2011/3/12,4:24:23,長野県北部,36°59.7′N,138°33.1′E,12 km,2.3,震度１,36.995,138.5516667
2011/3/12,4:24:28,千葉県東方沖,35°45.5′N,141°02.4′E,35 km,5.7,震度４,35.75833333,141.04
2011/3/12,4:26:03,新潟県中越地方,37°01.0′N,138°39.7′E,11 km,3.7,震度３,37.01666667,138.6616667
2011/3/12,4:27:17,千葉県東方沖,35°43.0′N,140°59.6′E,36 km,3.7,震度１,35.71666667,140.9933333
2011/3/12,4:27:58,新潟県中越地方,37°00.5′N,138°35.0′E,10 km,3.4,震度３,37.00833333,138.5833333
2011/3/12,4:29:19,新潟県中越地方,37°01.8′N,138°39.1′E,8 km,2.9,震度１,37.03,138.6516667
2011/3/12,4:30:58,新潟県中越地方,37°01.1′N,138°35.7′E,11 km,3,震度２,37.01833333,138.595
2011/3/12,4:31:34,長野県北部,36°56.1′N,138°34.5′E,0 km,3.1,震度４,36.935,138.575
2011/3/12,4:31:41,茨城県沖,36°41.9′N,141°20.2′E,47 km,4,震度２,36.69833333,141.3366667
2011/3/12,4:31:45,熊本県阿蘇地方,32°55.3′N,131°01.9′E,4 km,1.9,震度１,32.92166667,131.0316667
2011/3/12,4:31:56,長野県北部,36°56.9′N,138°34.3′E,1 km,5.9,震度６弱,36.94833333,138.5716667
2011/3/12,4:33:41,長野県北部,36°56.5′N,138°33.1′E,0 km,3.2,震度２,36.94166667,138.5516667
2011/3/12,4:34:42,福島県沖,36°59.7′N,141°14.2′E,38 km,3.5,震度１,36.995,141.2366667
2011/3/12,4:34:55,長野県北部,36°56.8′N,138°33.1′E,0 km,3.6,震度３,36.94666667,138.5516667
2011/3/12,4:35:54,茨城県沖,36°22.3′N,141°01.4′E,45 km,3.8,震度２,36.37166667,141.0233333
2011/3/12,4:36:08,長野県北部,36°59.9′N,138°35.4′E,10 km,3.4,震度３,36.99833333,138.59
2011/3/12,4:37:15,新潟県中越地方,36°57.8′N,138°37.3′E,9 km,2.5,震度１,36.96333333,138.6216667
2011/3/12,4:38:25,新潟県中越地方,37°00.4′N,138°36.4′E,6 km,2.9,震度１,37.00666667,138.6066667
2011/3/12,4:39:08,長野県北部,36°55.6′N,138°32.3′E,0 km,2.7,震度１,36.92666667,138.5383333
2011/3/12,4:39:32,三陸沖,39°23.7′N,143°11.5′E,9 km,4.6,震度１,39.395,143.1916667
2011/3/12,4:40:17,福島県沖,37°41.9′N,141°45.5′E,44 km,4.1,震度１,37.69833333,141.7583333
2011/3/12,4:40:31,新潟県中越地方,36°59.7′N,138°37.4′E,11 km,2.6,震度２,36.995,138.6233333
2011/3/12,4:41:24,新潟県中越地方,37°01.5′N,138°41.0′E,12 km,2.8,震度２,37.025,138.6833333
2011/3/12,4:42:00,長野県北部,36°55.6′N,138°33.8′E,0 km,3.2,震度３,36.92666667,138.5633333
2011/3/12,4:43:05,長野県北部,36°57.7′N,138°35.3′E,1 km,2.5,震度１,36.96166667,138.5883333
2011/3/12,4:44:28,長野県北部,36°56.5′N,138°35.8′E,0 km,4.2,震度４,36.94166667,138.5966667
2011/3/12,4:45:22,福島県沖,37°29.4′N,141°39.9′E,26 km,5.2,震度４,37.49,141.665
2011/3/12,4:46:17,新潟県中越地方,37°01.6′N,138°36.0′E,14 km,4.1,震度４,37.02666667,138.6
2011/3/12,4:46:46,秋田県沖,40°23.6′N,139°05.3′E,4 km,6.4,震度４,40.39333333,139.0883333
2011/3/12,4:49:21,長野県北部,36°55.2′N,138°34.9′E,2 km,3.9,震度４,36.92,138.5816667
2011/3/12,4:49:53,長野県北部,36°56.1′N,138°31.7′E,0 km,3.2,震度１,36.935,138.5283333
2011/3/12,4:51:12,山梨県中・西部,35°38.6′N,138°45.7′E,14 km,2.5,震度１,35.64333333,138.7616667
2011/3/12,4:52:00,長野県北部,36°58.2′N,138°35.7′E,9 km,3,震度２,36.97,138.595
2011/3/12,4:52:49,茨城県沖,36°02.0′N,141°15.7′E,39 km,4.3,震度２,36.03333333,141.2616667
2011/3/12,4:53:20,新潟県中越地方,37°02.2′N,138°36.0′E,9 km,2.5,震度１,37.03666667,138.6
2011/3/12,4:54:23,茨城県沖,36°26.9′N,141°45.4′E,76 km,3.7,震度１,36.44833333,141.7566667
2011/3/12,4:55:34,新潟県中越地方,36°56.1′N,138°36.3′E,0 km,2.6,震度２,36.935,138.605
2011/3/12,4:56:48,新潟県中越地方,36°58.1′N,138°37.4′E,11 km,3.4,震度３,36.96833333,138.6233333
2011/3/12,4:57:52,長野県北部,36°55.2′N,138°32.1′E,0 km,3.8,震度３,36.92,138.535
2011/3/12,4:58:39,新潟県中越地方,37°02.6′N,138°37.8′E,10 km,2.6,震度１,37.04333333,138.63
2011/3/12,4:58:49,茨城県沖,36°15.3′N,141°03.1′E,43 km,4.8,震度２,36.255,141.0516667
2011/3/12,4:59:09,長野県北部,36°55.0′N,138°33.4′E,0 km,2.5,震度２,36.91666667,138.5566667
2011/3/12,5:00:00,茨城県沖,36°45.9′N,141°17.4′E,42 km,3.7,震度１,36.765,141.29
2011/3/12,5:00:47,新潟県中越地方,37°00.9′N,138°38.2′E,13 km,2.2,震度２,37.015,138.6366667
2011/3/12,5:03:17,新潟県中越地方,37°01.4′N,138°36.8′E,9 km,3.8,震度３,37.02333333,138.6133333
2011/3/12,5:03:23,秋田県沖,40°19.3′N,139°07.2′E,23 km,4.4,震度１,40.32166667,139.12
2011/3/12,5:04:41,長野県北部,36°56.5′N,138°35.8′E,9 km,2.6,震度１,36.94166667,138.5966667
2011/3/12,5:05:20,茨城県北部,36°45.5′N,140°37.0′E,4 km,3,震度１,36.75833333,140.6166667
2011/3/12,5:05:48,福島県沖,37°17.0′N,141°04.6′E,23 km,2.9,震度１,37.28333333,141.0766667
2011/3/12,5:07:36,長野県北部,36°54.8′N,138°32.7′E,3 km,2.4,震度２,36.91333333,138.545
2011/3/12,5:08:29,秋田県沖,40°19.6′N,139°08.5′E,28 km,4.8,震度３,40.32666667,139.1416667
2011/3/12,5:09:34,福島県沖,37°21.0′N,141°44.9′E,51 km,3.8,震度２,37.35,141.7483333
2011/3/12,5:10:12,福島県沖,37°26.6′N,141°15.4′E,27 km,4.1,震度３,37.44333333,141.2566667
2011/3/12,5:10:16,長野県北部,36°58.8′N,138°35.6′E,10 km,2.5,震度１,36.98,138.5933333
2011/3/12,5:11:21,三陸沖,38°58.3′N,142°45.3′E,6 km,6.4,震度３,38.97166667,142.755
2011/3/12,5:13:12,長野県北部,36°56.4′N,138°34.1′E,7 km,3,震度１,36.94,138.5683333
2011/3/12,5:13:42,福島県沖,36°53.1′N,141°02.2′E,49 km,3.5,震度１,36.885,141.0366667
2011/3/12,5:15:47,長野県北部,36°57.0′N,138°34.9′E,8 km,2.8,震度１,36.95,138.5816667
2011/3/12,5:17:20,長野県北部,37°00.7′N,138°34.4′E,0 km,3,震度２,37.01166667,138.5733333
2011/3/12,5:19:39,茨城県北部,36°45.9′N,140°34.3′E,8 km,3.1,震度１,36.765,140.5716667
2011/3/12,5:20:54,新潟県中越地方,36°59.2′N,138°37.3′E,7 km,3.6,震度３,36.98666667,138.6216667
2011/3/12,5:22:41,宮城県沖,38°34.0′N,141°52.9′E,50 km,4.6,震度２,38.56666667,141.8816667
2011/3/12,5:22:48,新潟県中越地方,36°59.4′N,138°39.0′E,11 km,3.2,震度２,36.99,138.65
2011/3/12,5:22:56,福島県沖,37°26.4′N,142°31.6′E,52 km,4.9,震度１,37.44,142.5266667
2011/3/12,5:23:43,茨城県沖,35°57.4′N,141°39.7′E,10 km,5.4,震度２,35.95666667,141.6616667
2011/3/12,5:24:18,宮城県沖,38°59.5′N,142°17.7′E,33 km,4.2,震度１,38.99166667,142.295
2011/3/12,5:25:21,福島県沖,37°04.9′N,141°53.1′E,28 km,5.1,震度２,37.08166667,141.885
2011/3/12,5:25:44,新潟県中越地方,36°58.7′N,138°36.3′E,9 km,3.1,震度２,36.97833333,138.605
2011/3/12,5:26:29,群馬県北部,36°48.1′N,139°18.6′E,7 km,3.3,震度１,36.80166667,139.31
2011/3/12,5:26:52,福島県沖,37°38.8′N,141°37.2′E,44 km,4.9,震度３,37.64666667,141.62
2011/3/12,5:27:16,福島県沖,37°39.2′N,141°59.0′E,28 km,4.8,震度２,37.65333333,141.9833333
2011/3/12,5:28:18,茨城県沖,36°02.8′N,141°05.5′E,40 km,3.8,震度１,36.04666667,141.0916667
2011/3/12,5:28:59,宮城県沖,38°41.9′N,141°44.4′E,52 km,4.4,震度１,38.69833333,141.74
2011/3/12,5:30:38,福島県沖,37°22.8′N,143°12.9′E,0 km,4.8,震度１,37.38,143.215
2011/3/12,5:32:32,長野県北部,36°57.9′N,138°33.6′E,8 km,2.2,震度１,36.965,138.56
2011/3/12,5:33:13,新潟県中越地方,36°59.6′N,138°37.0′E,9 km,2.4,震度１,36.99333333,138.6166667
2011/3/12,5:34:32,長野県北部,36°56.3′N,138°35.6′E,7 km,2.4,震度１,36.93833333,138.5933333
2011/3/12,5:34:42,福島県沖,36°56.8′N,141°13.4′E,49 km,5.1,震度３,36.94666667,141.2233333
2011/3/12,5:36:09,宮城県沖,37°48.1′N,142°43.6′E,4 km,5.6,震度２,37.80166667,142.7266667
2011/3/12,5:36:14,長野県北部,36°56.4′N,138°34.0′E,6 km,3.6,震度３,36.94,138.5666667
2011/3/12,5:38:09,福島県沖,37°15.2′N,141°11.5′E,35 km,3.1,震度１,37.25333333,141.1916667
2011/3/12,5:39:12,新潟県中越地方,36°57.6′N,138°37.0′E,8 km,3.1,震度２,36.96,138.6166667
2011/3/12,5:39:58,長野県北部,37°00.8′N,138°34.1′E,9 km,2.9,震度１,37.01333333,138.5683333
2011/3/12,5:40:29,福島県沖,37°21.1′N,141°08.9′E,11 km,3.2,震度１,37.35166667,141.1483333
2011/3/12,5:41:06,新潟県中越地方,36°56.9′N,138°36.9′E,3 km,3.2,震度３,36.94833333,138.615
2011/3/12,5:41:08,宮城県沖,37°57.8′N,142°19.4′E,19 km,4.6,震度１,37.96333333,142.3233333
2011/3/12,5:41:45,長野県北部,36°56.7′N,138°35.6′E,5 km,3,震度３,36.945,138.5933333
2011/3/12,5:42:20,長野県北部,36°58.3′N,138°35.4′E,4 km,5.3,震度６弱,36.97166667,138.59
2011/3/12,5:42:41,宮城県沖,38°27.4′N,142°15.8′E,34 km,5,震度１,38.45666667,142.2633333
2011/3/12,5:43:01,茨城県沖,36°40.9′N,140°59.4′E,43 km,3.6,震度１,36.68166667,140.99
2011/3/12,5:45:11,福島県沖,36°39.0′N,142°10.1′E,23 km,4.8,震度１,36.65,142.1683333
2011/3/12,5:46:07,岩手県沖,39°10.9′N,142°34.7′E,26 km,4.9,震度２,39.18166667,142.5783333
2011/3/12,5:46:55,長野県北部,36°56.2′N,138°31.1′E,4 km,2.7,震度１,36.93666667,138.5183333
2011/3/12,5:46:57,三陸沖,39°05.3′N,142°53.2′E,22 km,4.9,震度１,39.08833333,142.8866667
2011/3/12,5:48:56,岩手県沖,39°28.8′N,142°49.5′E,15 km,4.6,震度１,39.48,142.825
2011/3/12,5:49:14,福島県沖,37°15.6′N,141°05.2′E,31 km,4,震度２,37.26,141.0866667
2011/3/12,5:49:53,長野県北部,36°58.0′N,138°33.5′E,8 km,2.8,震度２,36.96666667,138.5583333
2011/3/12,5:50:59,長野県北部,36°58.5′N,138°35.6′E,6 km,3,震度３,36.975,138.5933333
2011/3/12,5:51:56,茨城県沖,36°23.5′N,141°04.7′E,19 km,3.7,震度１,36.39166667,141.0783333
2011/3/12,5:54:00,長野県北部,36°55.8′N,138°35.5′E,3 km,2.8,震度１,36.93,138.5916667
2011/3/12,5:54:54,三陸沖,38°59.3′N,143°56.4′E,38 km,4.8,震度１,38.98833333,143.94
2011/3/12,5:55:03,茨城県沖,36°19.2′N,140°56.5′E,44 km,3.6,震度１,36.32,140.9416667
2011/3/12,5:56:26,新潟県中越地方,36°58.9′N,138°36.9′E,10 km,3,震度２,36.98166667,138.615
2011/3/12,5:57:34,茨城県沖,36°35.8′N,140°58.9′E,47 km,3.7,震度１,36.59666667,140.9816667
2011/3/12,5:57:50,新潟県中越地方,37°00.7′N,138°39.7′E,12 km,3,震度３,37.01166667,138.6616667
2011/3/12,5:59:24,新潟県中越地方,37°01.4′N,138°35.8′E,11 km,2.9,震度２,37.02333333,138.5966667
2011/3/12,6:00:41,岩手県沖,39°01.1′N,142°42.2′E,12 km,5.5,震度３,39.01833333,142.7033333
2011/3/12,6:01:21,新潟県中越地方,37°02.9′N,138°38.2′E,10 km,2.7,震度２,37.04833333,138.6366667
2011/3/12,6:02:25,長野県北部,36°58.7′N,138°31.4′E,13 km,2.7,震度１,36.97833333,138.5233333
2011/3/12,6:03:35,長野県北部,36°58.9′N,138°35.7′E,9 km,2.4,震度２,36.98166667,138.595
2011/3/12,6:04:30,茨城県沖,36°36.4′N,140°58.2′E,45 km,3.8,震度２,36.60666667,140.97
2011/3/12,6:04:52,長野県北部,36°56.3′N,138°35.0′E,7 km,2.8,震度１,36.93833333,138.5833333
2011/3/12,6:08:46,福島県沖,37°26.5′N,141°18.9′E,31 km,3.8,震度１,37.44166667,141.315
2011/3/12,6:09:19,茨城県沖,36°03.2′N,141°23.3′E,47 km,4.4,震度１,36.05333333,141.3883333
2011/3/12,6:09:50,新潟県中越地方,37°00.1′N,138°37.1′E,12 km,2.6,震度１,37.00166667,138.6183333
2011/3/12,6:11:07,長野県北部,36°56.4′N,138°31.7′E,7 km,3.7,震度４,36.94,138.5283333
2011/3/12,6:13:12,茨城県沖,36°44.4′N,140°55.7′E,49 km,3,震度１,36.74,140.9283333
2011/3/12,6:14:13,宮城県沖,38°34.4′N,142°02.3′E,38 km,3.8,震度１,38.57333333,142.0383333
2011/3/12,6:16:25,千葉県東方沖,35°45.3′N,141°01.3′E,33 km,4.2,震度２,35.755,141.0216667
2011/3/12,6:18:31,長野県北部,36°56.9′N,138°33.2′E,0 km,1.4,震度２,36.94833333,138.5533333
2011/3/12,6:18:53,茨城県沖,36°07.2′N,140°54.2′E,37 km,3.5,震度１,36.12,140.9033333
2011/3/12,6:19:20,長野県北部,36°55.2′N,138°31.4′E,0 km,3.7,震度３,36.92,138.5233333
2011/3/12,6:20:58,長野県北部,36°59.2′N,138°32.5′E,9 km,2.9,震度２,36.98666667,138.5416667
2011/3/12,6:21:36,岩手県沖,39°29.0′N,142°35.4′E,30 km,4.4,震度１,39.48333333,142.59
2011/3/12,6:23:15,長野県北部,36°59.6′N,138°35.0′E,9 km,2.1,震度１,36.99333333,138.5833333
2011/3/12,6:25:30,長野県北部,36°56.8′N,138°34.0′E,7 km,2.8,震度３,36.94666667,138.5666667
2011/3/12,6:27:59,長野県北部,36°56.4′N,138°35.5′E,2 km,3,震度３,36.94,138.5916667
2011/3/12,6:29:28,岩手県沖,39°09.8′N,142°20.7′E,33 km,4.7,震度３,39.16333333,142.345
2011/3/12,6:30:02,長野県北部,36°55.5′N,138°32.2′E,3 km,3.1,震度４,36.925,138.5366667
2011/3/12,6:30:33,福島県沖,37°25.0′N,142°31.8′E,22 km,4.7,震度１,37.41666667,142.53
2011/3/12,6:30:44,新潟県中越地方,36°57.8′N,138°36.0′E,5 km,3,震度２,36.96333333,138.6
2011/3/12,6:31:35,神奈川県西部,35°16.7′N,139°01.2′E,1 km,2.1,震度１,35.27833333,139.02
2011/3/12,6:33:02,長野県北部,36°57.7′N,138°35.2′E,5 km,2.3,震度２,36.96166667,138.5866667
2011/3/12,6:34:22,福島県沖,37°27.1′N,141°18.5′E,23 km,4.8,震度４,37.45166667,141.3083333
2011/3/12,6:34:45,長野県北部,36°58.2′N,138°34.6′E,7 km,3.5,震度３,36.97,138.5766667
2011/3/12,6:38:14,茨城県沖,36°28.3′N,141°06.7′E,45 km,3.4,震度１,36.47166667,141.1116667
2011/3/12,6:40:52,新潟県中越地方,36°55.8′N,138°36.8′E,1 km,2.5,震度２,36.93,138.6133333
2011/3/12,6:41:55,福島県沖,37°16.5′N,142°31.5′E,2 km,5.6,震度２,37.275,142.525
2011/3/12,6:46:56,長野県北部,36°59.0′N,138°35.8′E,8 km,2,震度１,36.98333333,138.5966667
2011/3/12,6:48:40,千葉県東方沖,35°52.1′N,140°57.4′E,11 km,4.6,震度３,35.86833333,140.9566667
2011/3/12,6:49:11,新潟県中越地方,37°02.1′N,138°39.1′E,11 km,2.5,震度１,37.035,138.6516667
2011/3/12,6:50:50,茨城県沖,36°27.3′N,140°42.8′E,13 km,3.7,震度１,36.455,140.7133333
2011/3/12,6:51:53,茨城県沖,36°27.9′N,141°16.2′E,42 km,4,震度１,36.465,141.27
2011/3/12,6:53:31,新潟県中越地方,37°00.3′N,138°39.1′E,11 km,2.3,震度２,37.005,138.6516667
2011/3/12,6:54:03,長野県北部,36°54.9′N,138°33.0′E,9 km,1.7,震度１,36.915,138.55
2011/3/12,6:54:38,茨城県沖,36°41.1′N,141°07.0′E,43 km,4.2,震度２,36.685,141.1166667
2011/3/12,6:55:13,新潟県中越地方,37°03.5′N,138°38.2′E,12 km,3,震度２,37.05833333,138.6366667
2011/3/12,6:55:56,福島県浜通り,36°58.6′N,140°51.2′E,14 km,4.4,震度３,36.97666667,140.8533333
2011/3/12,7:00:07,新潟県中越地方,36°58.4′N,138°36.0′E,3 km,1.7,震度２,36.97333333,138.6
2011/3/12,7:01:46,新潟県中越地方,36°56.3′N,138°36.3′E,4 km,3.9,震度４,36.93833333,138.605
2011/3/12,7:04:08,宮城県沖,38°25.6′N,142°16.7′E,38 km,4.4,震度１,38.42666667,142.2783333
2011/3/12,7:06:16,新潟県中越地方,37°00.0′N,138°39.4′E,11 km,3.1,震度２,37,138.6566667
2011/3/12,7:06:51,福島県沖,37°07.1′N,141°43.9′E,41 km,3.9,震度１,37.11833333,141.7316667
2011/3/12,7:09:11,茨城県沖,36°49.6′N,141°09.5′E,46 km,3.7,震度２,36.82666667,141.1583333
2011/3/12,7:11:23,新潟県中越地方,37°00.5′N,138°37.6′E,10 km,2.6,震度１,37.00833333,138.6266667
2011/3/12,7:14:05,新潟県中越地方,36°59.6′N,138°38.3′E,10 km,4.2,震度４,36.99333333,138.6383333
2011/3/12,7:14:35,茨城県沖,36°29.6′N,141°18.9′E,45 km,4.1,震度１,36.49333333,141.315
2011/3/12,7:16:37,長野県北部,36°56.4′N,138°35.4′E,4 km,2.2,震度１,36.94,138.59
2011/3/12,7:18:06,新潟県中越地方,36°58.1′N,138°36.7′E,7 km,3.8,震度４,36.96833333,138.6116667
2011/3/12,7:18:37,茨城県沖,36°43.5′N,141°33.2′E,35 km,4.6,震度１,36.725,141.5533333
2011/3/12,7:19:46,福島県沖,37°15.7′N,142°17.3′E,14 km,4.8,震度１,37.26166667,142.2883333
2011/3/12,7:23:31,長野県北部,36°55.9′N,138°35.9′E,3 km,2.8,震度２,36.93166667,138.5983333
2011/3/12,7:25:14,茨城県沖,36°43.2′N,140°58.3′E,47 km,3.1,震度１,36.72,140.9716667
2011/3/12,7:26:04,福島県沖,37°09.4′N,141°24.6′E,49 km,3.6,震度１,37.15666667,141.41
2011/3/12,7:27:15,秋田県内陸北部,39°54.8′N,140°36.2′E,4 km,3.3,震度２,39.91333333,140.6033333
2011/3/12,7:29:41,宮城県沖,38°21.7′N,142°35.4′E,7 km,4.9,震度１,38.36166667,142.59
2011/3/12,7:33:17,新潟県中越地方,37°03.7′N,138°37.9′E,11 km,2.4,震度１,37.06166667,138.6316667
2011/3/12,7:35:11,新潟県中越地方,37°03.8′N,138°37.3′E,12 km,2.5,震度１,37.06333333,138.6216667
2011/3/12,7:36:10,茨城県沖,35°54.2′N,141°08.4′E,25 km,4.4,震度３,35.90333333,141.14
2011/3/12,7:42:11,神奈川県西部,35°12.8′N,139°01.1′E,3 km,2.6,震度１,35.21333333,139.0183333
2011/3/12,7:43:17,岩手県沖,39°27.0′N,142°47.0′E,40 km,5.2,震度２,39.45,142.7833333
2011/3/12,7:46:57,福島県浜通り,37°23.5′N,140°59.3′E,27 km,3,震度１,37.39166667,140.9883333
2011/3/12,7:48:37,岩手県沖,39°36.8′N,142°32.6′E,38 km,4,震度１,39.61333333,142.5433333
2011/3/12,7:49:15,千葉県東方沖,35°51.9′N,140°58.2′E,12 km,3.8,震度１,35.865,140.97
2011/3/12,7:50:30,福島県沖,37°36.7′N,141°50.0′E,23 km,4.3,震度１,37.61166667,141.8333333
2011/3/12,7:51:19,三陸沖,37°56.1′N,144°38.3′E,35 km,5.7,震度２,37.935,144.6383333
2011/3/12,7:54:03,福島県沖,37°26.5′N,141°24.9′E,26 km,3.6,震度１,37.44166667,141.415
2011/3/12,7:54:25,関東東方沖,36°29.3′N,142°32.3′E,68 km,5.3,震度１,36.48833333,142.5383333
2011/3/12,7:54:30,長野県北部,36°58.1′N,138°35.0′E,8 km,2.2,震度１,36.96833333,138.5833333
2011/3/12,7:56:15,長野県北部,36°59.5′N,138°32.7′E,8 km,2.7,震度１,36.99166667,138.545
2011/3/12,7:58:57,岩手県沖,39°24.0′N,142°44.8′E,23 km,3.6,震度１,39.4,142.7466667
2011/3/12,7:59:42,千葉県東方沖,35°36.8′N,141°04.4′E,32 km,3.6,震度１,35.61333333,141.0733333
2011/3/12,7:59:51,福島県浜通り,37°14.0′N,140°59.2′E,39 km,3.1,震度１,37.23333333,140.9866667
2011/3/12,8:05:11,岩手県沖,39°37.1′N,142°09.1′E,47 km,4.9,震度３,39.61833333,142.1516667
2011/3/12,8:09:02,長野県北部,36°57.9′N,138°35.4′E,6 km,2.2,震度２,36.965,138.59
2011/3/12,8:09:44,岩手県沖,39°14.1′N,142°20.9′E,36 km,4,震度１,39.235,142.3483333
2011/3/12,8:10:49,岩手県沖,39°36.4′N,142°41.3′E,26 km,4.3,震度１,39.60666667,142.6883333
2011/3/12,8:11:52,福島県浜通り,37°10.8′N,140°58.4′E,10 km,4.6,震度４,37.18,140.9733333
2011/3/12,8:15:18,長野県北部,36°57.4′N,138°35.2′E,8 km,2.1,震度１,36.95666667,138.5866667
2011/3/12,8:15:52,茨城県北部,36°44.6′N,140°37.3′E,6 km,4,震度２,36.74333333,140.6216667
2011/3/12,8:19:04,岩手県沖,39°37.3′N,142°07.6′E,44 km,3.3,震度１,39.62166667,142.1266667
2011/3/12,8:21:21,三陸沖,39°10.1′N,143°23.0′E,31 km,5.1,震度１,39.16833333,143.3833333
2011/3/12,8:22:52,新潟県中越地方,37°00.1′N,138°35.1′E,9 km,2.3,震度１,37.00166667,138.585
2011/3/12,8:24:09,福島県沖,37°27.0′N,142°17.9′E,9 km,4.8,震度２,37.45,142.2983333
2011/3/12,8:25:41,長野県北部,36°57.5′N,138°35.8′E,8 km,3.4,震度３,36.95833333,138.5966667
2011/3/12,8:26:34,茨城県沖,36°15.6′N,141°05.8′E,41 km,4.4,震度２,36.26,141.0966667
2011/3/12,8:26:47,岩手県沖,39°00.7′N,142°41.6′E,13 km,5.3,震度２,39.01166667,142.6933333
2011/3/12,8:28:17,茨城県沖,36°48.1′N,140°57.8′E,50 km,3.5,震度１,36.80166667,140.9633333
2011/3/12,8:30:26,栃木県北部,36°46.0′N,139°25.7′E,4 km,3.2,震度２,36.76666667,139.4283333
2011/3/12,8:31:51,三陸沖,39°16.8′N,143°04.2′E,39 km,4.8,震度１,39.28,143.07
2011/3/12,8:32:24,長野県北部,36°56.0′N,138°33.4′E,5 km,3.7,震度４,36.93333333,138.5566667
2011/3/12,8:33:38,長野県北部,36°57.2′N,138°33.5′E,9 km,2.5,震度２,36.95333333,138.5583333
2011/3/12,8:36:18,茨城県沖,35°53.8′N,141°12.4′E,21 km,3.5,震度１,35.89666667,141.2066667
2011/3/12,8:43:45,岩手県沖,39°08.6′N,142°24.7′E,38 km,4.3,震度１,39.14333333,142.4116667
2011/3/12,8:46:28,栃木県北部,36°49.1′N,139°28.4′E,5 km,2.1,震度１,36.81833333,139.4733333
2011/3/12,8:48:53,長野県北部,36°56.9′N,138°34.0′E,8 km,2.3,震度１,36.94833333,138.5666667
2011/3/12,8:50:11,宮城県沖,38°17.3′N,141°45.8′E,50 km,4.1,震度２,38.28833333,141.7633333
2011/3/12,8:50:42,宮城県沖,37°59.8′N,141°40.9′E,37 km,4.1,震度１,37.99666667,141.6816667
2011/3/12,8:52:08,三陸沖,39°30.7′N,143°11.9′E,14 km,4.6,震度１,39.51166667,143.1983333
2011/3/12,8:53:02,長野県北部,36°56.2′N,138°35.6′E,5 km,2.3,震度２,36.93666667,138.5933333
2011/3/12,8:53:27,宮城県沖,38°57.0′N,142°35.1′E,37 km,5.1,震度３,38.95,142.585
2011/3/12,8:53:39,岩手県沖,39°18.4′N,142°10.8′E,39 km,4.7,震度１,39.30666667,142.18
2011/3/12,8:54:46,福島県沖,37°25.8′N,141°52.8′E,40 km,5,震度３,37.43,141.88
2011/3/12,8:56:41,福島県沖,37°36.3′N,142°13.9′E,28 km,4.6,震度１,37.605,142.2316667
2011/3/12,8:57:23,長野県北部,36°57.2′N,138°33.5′E,6 km,3.4,震度３,36.95333333,138.5583333
2011/3/12,8:59:21,茨城県沖,36°29.8′N,141°28.8′E,28 km,5.5,震度３,36.49666667,141.48
2011/3/12,9:00:56,茨城県沖,36°33.6′N,141°44.0′E,65 km,4.5,震度２,36.56,141.7333333
2011/3/12,9:01:45,新島・神津島近海,34°17.3′N,139°12.4′E,6 km,3.4,震度２,34.28833333,139.2066667
2011/3/12,9:02:03,長野県北部,36°56.5′N,138°31.0′E,6 km,3.4,震度２,36.94166667,138.5166667
2011/3/12,9:02:41,新島・神津島近海,34°18.6′N,139°09.1′E,3 km,3.2,震度１,34.31,139.1516667
2011/3/12,9:03:35,新島・神津島近海,34°16.6′N,139°13.3′E,0 km,2.6,震度１,34.27666667,139.2216667
2011/3/12,9:04:52,福島県沖,36°59.7′N,142°13.0′E,15 km,4.9,震度１,36.995,142.2166667
2011/3/12,9:05:36,新島・神津島近海,34°16.4′N,139°13.5′E,0 km,2.8,震度１,34.27333333,139.225
2011/3/12,9:07:40,新潟県中越地方,37°02.8′N,138°36.5′E,11 km,2.3,震度１,37.04666667,138.6083333
2011/3/12,9:08:46,福島県沖,36°52.2′N,141°07.8′E,47 km,4,震度２,36.87,141.13
2011/3/12,9:10:20,岩手県沖,39°12.1′N,142°20.5′E,29 km,4.6,震度２,39.20166667,142.3416667
2011/3/12,9:10:52,長野県北部,36°55.3′N,138°34.8′E,3 km,2.9,震度２,36.92166667,138.58
2011/3/12,9:11:20,茨城県沖,36°15.1′N,140°56.7′E,40 km,3.7,震度１,36.25166667,140.945
2011/3/12,9:12:18,福島県沖,37°11.8′N,141°15.4′E,15 km,3.5,震度１,37.19666667,141.2566667
2011/3/12,9:12:44,茨城県沖,36°41.2′N,141°02.6′E,44 km,3.7,震度１,36.68666667,141.0433333
2011/3/12,9:16:16,福島県沖,37°39.9′N,142°03.2′E,22 km,4.4,震度２,37.665,142.0533333
2011/3/12,9:16:45,新潟県中越地方,37°03.3′N,138°38.8′E,11 km,2,震度１,37.055,138.6466667
2011/3/12,9:20:13,宮城県沖,38°39.8′N,141°54.2′E,48 km,3.4,震度１,38.66333333,141.9033333
2011/3/12,9:21:33,福島県沖,36°40.8′N,141°56.4′E,53 km,4.3,震度１,36.68,141.94
2011/3/12,9:23:02,岩手県沖,39°03.6′N,142°19.8′E,29 km,3.3,震度１,39.06,142.33
2011/3/12,9:23:33,長野県北部,36°58.4′N,138°33.3′E,8 km,2.3,震度１,36.97333333,138.555
2011/3/12,9:25:05,福島県沖,37°45.9′N,141°58.6′E,23 km,4.8,震度３,37.765,141.9766667
2011/3/12,9:28:56,新潟県中越地方,36°59.5′N,138°36.2′E,6 km,2.8,震度３,36.99166667,138.6033333
2011/3/12,9:30:42,福島県沖,37°05.9′N,141°08.5′E,49 km,3.4,震度１,37.09833333,141.1416667
2011/3/12,9:35:46,岐阜県飛騨地方,36°14.4′N,137°32.9′E,2 km,2.6,震度２,36.24,137.5483333
2011/3/12,9:36:03,岩手県沖,39°33.1′N,142°50.5′E,9 km,4.4,震度１,39.55166667,142.8416667
2011/3/12,9:36:44,新潟県中越地方,36°58.5′N,138°37.3′E,8 km,2.2,震度１,36.975,138.6216667
2011/3/12,9:39:09,秋田県沖,40°24.0′N,139°08.0′E,16 km,4.7,震度３,40.4,139.1333333
2011/3/12,9:39:48,福島県沖,36°51.5′N,141°05.7′E,50 km,4.7,震度２,36.85833333,141.095
2011/3/12,9:40:36,宮城県沖,38°27.7′N,142°19.0′E,37 km,5,震度２,38.46166667,142.3166667
2011/3/12,9:41:54,福島県沖,36°59.1′N,141°11.5′E,48 km,3.6,震度１,36.985,141.1916667
2011/3/12,9:43:08,岩手県沖,39°32.8′N,142°50.5′E,14 km,4.7,震度１,39.54666667,142.8416667
2011/3/12,9:45:07,茨城県沖,36°09.7′N,141°55.9′E,20 km,5.6,震度２,36.16166667,141.9316667
2011/3/12,9:45:09,福島県沖,36°57.2′N,141°02.6′E,52 km,3.8,震度１,36.95333333,141.0433333
2011/3/12,9:46:42,新潟県中越地方,36°57.7′N,138°36.1′E,11 km,3.1,震度１,36.96166667,138.6016667
2011/3/12,9:47:08,福島県沖,37°16.4′N,141°38.1′E,45 km,3.5,震度１,37.27333333,141.635
2011/3/12,9:47:46,宮城県沖,38°31.3′N,142°01.5′E,24 km,4.2,震度１,38.52166667,142.025
2011/3/12,9:49:37,福島県沖,37°26.2′N,141°19.8′E,31 km,3.4,震度１,37.43666667,141.33
2011/3/12,9:50:50,宮城県南部,38°13.0′N,140°37.7′E,16 km,3,震度１,38.21666667,140.6283333
2011/3/12,9:52:56,宮城県南部,38°12.5′N,140°38.9′E,13 km,3.5,震度２,38.20833333,140.6483333
2011/3/12,9:58:58,岩手県沖,39°08.3′N,142°21.2′E,31 km,4.2,震度１,39.13833333,142.3533333
2011/3/12,9:59:59,長野県北部,36°58.0′N,138°35.7′E,6 km,2.1,震度２,36.96666667,138.595
2011/3/12,10:00:36,茨城県沖,36°00.3′N,141°03.0′E,33 km,4.1,震度２,36.005,141.05
2011/3/12,10:02:36,千葉県東方沖,35°43.6′N,141°03.3′E,34 km,3.6,震度１,35.72666667,141.055
2011/3/12,10:04:02,宮城県沖,37°54.0′N,141°31.4′E,58 km,4.8,震度３,37.9,141.5233333
2011/3/12,10:07:52,茨城県沖,36°50.3′N,141°02.7′E,49 km,3.8,震度２,36.83833333,141.045
2011/3/12,10:12:10,福島県浜通り,37°00.8′N,140°44.2′E,11 km,4.8,震度３,37.01333333,140.7366667
2011/3/12,10:13:56,福島県沖,37°19.3′N,141°13.3′E,30 km,4.9,震度４,37.32166667,141.2216667
2011/3/12,10:16:59,三陸沖,37°58.6′N,142°53.9′E,37 km,5.1,震度２,37.97666667,142.8983333
2011/3/12,10:17:27,茨城県沖,36°33.8′N,140°56.2′E,49 km,4.5,震度３,36.56333333,140.9366667
2011/3/12,10:19:43,宮城県沖,38°21.0′N,142°02.8′E,35 km,4.5,震度１,38.35,142.0466667
2011/3/12,10:21:17,岩手県沖,39°07.8′N,142°06.7′E,42 km,3.9,震度２,39.13,142.1116667
2011/3/12,10:22:58,茨城県沖,36°43.4′N,140°59.7′E,46 km,3.8,震度１,36.72333333,140.995
2011/3/12,10:23:59,岩手県沖,39°11.7′N,142°20.5′E,32 km,4.1,震度１,39.195,142.3416667
2011/3/12,10:24:09,福島県沖,37°42.5′N,142°02.3′E,17 km,5,震度１,37.70833333,142.0383333
2011/3/12,10:25:02,茨城県沖,36°19.8′N,141°52.6′E,60 km,5,震度１,36.33,141.8766667
2011/3/12,10:30:30,福島県沖,37°00.9′N,141°59.6′E,3 km,4.9,震度２,37.015,141.9933333
2011/3/12,10:32:03,新潟県中越地方,36°58.0′N,138°36.8′E,8 km,2.9,震度１,36.96666667,138.6133333
2011/3/12,10:32:21,茨城県沖,36°37.2′N,141°15.5′E,46 km,3.9,震度１,36.62,141.2583333
2011/3/12,10:32:56,新潟県中越地方,37°01.8′N,138°35.7′E,8 km,3.8,震度３,37.03,138.595
2011/3/12,10:34:08,三陸沖,38°49.9′N,142°53.3′E,0 km,6.2,震度３,38.83166667,142.8883333
2011/3/12,10:36:24,福島県沖,36°43.3′N,142°04.7′E,10 km,5.5,震度２,36.72166667,142.0783333
2011/3/12,10:38:32,茨城県沖,36°16.9′N,141°00.7′E,39 km,3.6,震度１,36.28166667,141.0116667
2011/3/12,10:41:23,長野県北部,36°58.3′N,138°35.3′E,10 km,1.8,震度１,36.97166667,138.5883333
2011/3/12,10:41:32,宮城県沖,37°55.9′N,142°10.0′E,23 km,4.4,震度１,37.93166667,142.1666667
2011/3/12,10:42:35,長野県北部,36°58.6′N,138°35.8′E,6 km,3.7,震度４,36.97666667,138.5966667
2011/3/12,10:43:19,茨城県沖,36°21.9′N,141°40.5′E,60 km,4.9,震度２,36.365,141.675
2011/3/12,10:46:21,福島県沖,37°22.0′N,141°49.5′E,36 km,5.2,震度２,37.36666667,141.825
2011/3/12,10:47:13,福島県沖,37°28.5′N,142°45.2′E,0 km,6.8,震度４,37.475,142.7533333
2011/3/12,10:49:37,茨城県沖,36°31.2′N,140°55.8′E,49 km,4.5,震度２,36.52,140.93
2011/3/12,10:52:08,茨城県沖,35°56.1′N,141°12.7′E,21 km,3.8,震度１,35.935,141.2116667
2011/3/12,10:58:55,茨城県沖,36°23.4′N,141°34.8′E,75 km,4.1,震度１,36.39,141.58
2011/3/12,10:59:25,長野県北部,36°58.1′N,138°35.3′E,7 km,2.1,震度１,36.96833333,138.5883333
2011/3/12,10:59:43,福島県沖,37°26.0′N,142°38.9′E,19 km,5.5,震度２,37.43333333,142.6483333
2011/3/12,11:02:11,宮城県沖,38°54.3′N,142°05.9′E,42 km,3.6,震度１,38.905,142.0983333
2011/3/12,11:04:54,茨城県沖,36°32.3′N,141°26.0′E,0 km,4.6,震度１,36.53833333,141.4333333
2011/3/12,11:06:56,茨城県北部,36°44.0′N,140°38.8′E,6 km,3.7,震度１,36.73333333,140.6466667
2011/3/12,11:07:20,三陸沖,37°51.3′N,143°00.1′E,29 km,5.2,震度１,37.855,143.0016667
2011/3/12,11:08:26,新潟県中越地方,36°57.8′N,138°37.0′E,7 km,3,震度２,36.96333333,138.6166667
2011/3/12,11:14:37,長野県北部,36°55.0′N,138°35.8′E,0 km,2.1,震度１,36.91666667,138.5966667
2011/3/12,11:14:40,三陸沖,39°22.9′N,143°00.1′E,13 km,5.7,震度２,39.38166667,143.0016667
2011/3/12,11:15:20,千葉県東方沖,35°12.0′N,141°33.9′E,46 km,4.1,震度１,35.2,141.565
2011/3/12,11:18:11,長野県北部,37°00.0′N,138°33.7′E,11 km,2.1,震度１,37,138.5616667
2011/3/12,11:19:33,新潟県中越地方,37°02.5′N,138°36.2′E,7 km,3,震度３,37.04166667,138.6033333
2011/3/12,11:20:20,宮城県沖,38°09.5′N,141°48.2′E,44 km,4.3,震度１,38.15833333,141.8033333
2011/3/12,11:22:30,茨城県北部,36°44.2′N,140°37.7′E,10 km,3,震度１,36.73666667,140.6283333
2011/3/12,11:22:42,茨城県沖,36°09.7′N,141°21.3′E,43 km,3.8,震度１,36.16166667,141.355
2011/3/12,11:24:03,福島県沖,36°54.3′N,141°02.6′E,49 km,3.4,震度１,36.905,141.0433333
2011/3/12,11:28:43,新潟県中越地方,37°01.5′N,138°35.9′E,11 km,2.4,震度１,37.025,138.5983333
2011/3/12,11:30:01,宮城県沖,38°31.3′N,142°07.0′E,46 km,4.7,震度３,38.52166667,142.1166667
2011/3/12,11:34:04,茨城県沖,36°44.6′N,141°36.7′E,46 km,5.2,震度３,36.74333333,141.6116667
2011/3/12,11:37:31,岩手県沖,40°01.2′N,142°44.9′E,35 km,5.1,震度２,40.02,142.7483333
2011/3/12,11:43:11,岩手県沖,39°12.0′N,142°25.9′E,28 km,4.9,震度３,39.2,142.4316667
2011/3/12,11:46:22,長野県北部,36°57.1′N,138°34.9′E,6 km,1.7,震度１,36.95166667,138.5816667
2011/3/12,11:47:34,福島県沖,37°35.3′N,143°35.1′E,40 km,5.9,震度２,37.58833333,143.585
2011/3/12,11:50:34,福島県沖,36°57.9′N,141°09.6′E,48 km,4.2,震度２,36.965,141.16
2011/3/12,11:52:34,福島県沖,37°13.5′N,141°09.0′E,16 km,5.1,震度３,37.225,141.15
2011/3/12,11:53:04,新潟県中越地方,37°01.4′N,138°35.7′E,9 km,2.9,震度１,37.02333333,138.595
2011/3/12,11:53:48,福島県沖,37°13.5′N,141°08.1′E,14 km,4.1,震度１,37.225,141.135
2011/3/12,11:56:22,福島県沖,37°12.8′N,141°09.1′E,15 km,4.7,震度２,37.21333333,141.1516667
2011/3/12,11:57:37,福島県沖,37°13.8′N,141°08.8′E,13 km,3.7,震度１,37.23,141.1466667
2011/3/12,11:59:16,長野県北部,36°58.8′N,138°35.7′E,8 km,1.9,震度１,36.98,138.595
2011/3/12,11:59:19,茨城県沖,36°10.6′N,141°01.5′E,38 km,4.5,震度２,36.17666667,141.025
2011/3/12,11:59:29,福島県沖,37°43.2′N,143°25.6′E,59 km,5.4,震度１,37.72,143.4266667
2011/3/12,12:01:45,岩手県沖,39°34.0′N,142°53.2′E,11 km,5.6,震度３,39.56666667,142.8866667
2011/3/12,12:04:22,福島県沖,37°15.6′N,141°17.4′E,43 km,3.3,震度１,37.26,141.29
2011/3/12,12:06:25,岩手県沖,39°02.2′N,142°41.8′E,42 km,5.2,震度１,39.03666667,142.6966667
2011/3/12,12:07:33,千葉県東方沖,35°14.6′N,141°14.7′E,30 km,3.9,震度２,35.24333333,141.245
2011/3/12,12:10:19,福島県沖,37°40.8′N,141°52.7′E,12 km,4.5,震度１,37.68,141.8783333
2011/3/12,12:10:22,長野県北部,36°57.9′N,138°35.2′E,7 km,2,震度１,36.965,138.5866667
2011/3/12,12:11:30,新潟県中越地方,37°04.2′N,138°37.5′E,13 km,2.4,震度１,37.07,138.625
2011/3/12,12:11:58,茨城県沖,35°58.9′N,141°36.6′E,37 km,5.6,震度３,35.98166667,141.61
2011/3/12,12:15:37,茨城県沖,36°49.8′N,141°07.1′E,46 km,4.1,震度２,36.83,141.1183333
2011/3/12,12:20:31,茨城県沖,36°48.0′N,141°05.8′E,45 km,4,震度２,36.8,141.0966667
2011/3/12,12:22:46,福島県沖,37°41.6′N,141°45.2′E,34 km,4.3,震度２,37.69333333,141.7533333
2011/3/12,12:28:46,茨城県沖,36°05.8′N,142°09.7′E,64 km,4.3,震度１,36.09666667,142.1616667
2011/3/12,12:34:44,千葉県東方沖,35°13.4′N,141°12.6′E,40 km,5.5,震度２,35.22333333,141.21
2011/3/12,12:39:32,福島県沖,37°25.8′N,141°20.0′E,29 km,3.4,震度１,37.43,141.3333333
2011/3/12,12:40:57,新潟県中越地方,36°58.3′N,138°36.0′E,6 km,3.2,震度３,36.97166667,138.6
2011/3/12,12:44:23,千葉県東方沖,35°20.0′N,140°37.2′E,17 km,3.2,震度１,35.33333333,140.62
2011/3/12,12:48:49,千葉県東方沖,35°51.7′N,140°56.7′E,12 km,3.3,震度２,35.86166667,140.945
2011/3/12,12:49:24,千葉県東方沖,35°52.8′N,140°56.7′E,7 km,4.2,震度１,35.88,140.945
2011/3/12,12:51:04,茨城県沖,36°00.8′N,141°02.6′E,32 km,4.1,震度１,36.01333333,141.0433333
2011/3/12,12:52:57,福島県沖,37°22.5′N,142°27.1′E,36 km,4.5,震度１,37.375,142.4516667
2011/3/12,12:54:45,茨城県沖,35°55.7′N,141°26.7′E,16 km,5,震度３,35.92833333,141.445
2011/3/12,12:57:43,長野県北部,36°57.6′N,138°34.7′E,13 km,2.5,震度２,36.96,138.5783333
2011/3/12,13:04:42,新島・神津島近海,34°17.1′N,139°11.3′E,7 km,2.6,震度１,34.285,139.1883333
2011/3/12,13:05:14,福島県沖,37°15.8′N,141°14.1′E,32 km,3,震度１,37.26333333,141.235
2011/3/12,13:06:09,宮城県沖,38°44.1′N,142°10.0′E,40 km,5.3,震度４,38.735,142.1666667
2011/3/12,13:06:56,新潟県中越地方,36°57.3′N,138°36.2′E,9 km,3,震度１,36.955,138.6033333
2011/3/12,13:16:55,茨城県沖,36°05.5′N,141°16.3′E,26 km,3.9,震度１,36.09166667,141.2716667
2011/3/12,13:19:58,新潟県中越地方,36°59.1′N,138°36.2′E,9 km,2,震度１,36.985,138.6033333
2011/3/12,13:20:39,茨城県北部,36°51.9′N,140°33.5′E,17 km,2.8,震度１,36.865,140.5583333
2011/3/12,13:21:09,茨城県北部,36°47.3′N,140°34.9′E,1 km,4.3,震度１,36.78833333,140.5816667
2011/3/12,13:22:21,長野県北部,36°57.1′N,138°33.1′E,5 km,1.6,震度１,36.95166667,138.5516667
2011/3/12,13:24:26,茨城県沖,35°58.6′N,141°26.3′E,42 km,4.2,震度１,35.97666667,141.4383333
2011/3/12,13:28:56,福島県沖,36°39.3′N,141°54.9′E,35 km,4.5,震度１,36.655,141.915
2011/3/12,13:35:18,長野県北部,36°55.8′N,138°35.0′E,6 km,2,震度１,36.93,138.5833333
2011/3/12,13:37:22,茨城県沖,36°15.4′N,141°07.9′E,40 km,4.4,震度２,36.25666667,141.1316667
2011/3/12,13:39:24,新潟県中越地方,36°57.4′N,138°36.9′E,9 km,2.9,震度１,36.95666667,138.615
2011/3/12,13:43:01,長野県北部,36°57.1′N,138°33.9′E,7 km,3.5,震度３,36.95166667,138.565
2011/3/12,13:43:03,茨城県沖,35°59.5′N,141°25.8′E,37 km,4.3,震度１,35.99166667,141.43
2011/3/12,13:47:18,茨城県沖,36°02.7′N,141°30.4′E,28 km,4.9,震度１,36.045,141.5066667
2011/3/12,13:52:52,三陸沖,40°03.7′N,143°33.3′E,8 km,5.7,震度２,40.06166667,143.555
2011/3/12,13:53:23,茨城県北部,36°47.4′N,140°34.4′E,5 km,3.5,震度１,36.79,140.5733333
2011/3/12,13:58:23,福島県沖,36°54.4′N,141°04.0′E,50 km,4,震度２,36.90666667,141.0666667
2011/3/12,13:59:10,新潟県中越地方,36°57.4′N,138°36.5′E,8 km,2.4,震度１,36.95666667,138.6083333
2011/3/12,14:01:42,福島県沖,37°08.4′N,141°26.6′E,38 km,3.7,震度１,37.14,141.4433333
2011/3/12,14:03:22,茨城県沖,36°01.4′N,141°25.7′E,37 km,4,震度１,36.02333333,141.4283333
2011/3/12,14:06:23,茨城県沖,36°30.1′N,140°51.3′E,52 km,2.9,震度１,36.50166667,140.855
2011/3/12,14:14:47,茨城県北部,36°45.1′N,140°39.0′E,10 km,4.8,震度３,36.75166667,140.65
2011/3/12,14:16:46,新潟県中越地方,37°03.5′N,138°36.7′E,12 km,2.9,震度２,37.05833333,138.6116667
2011/3/12,14:21:35,新島・神津島近海,34°17.1′N,139°11.5′E,6 km,2.6,震度１,34.285,139.1916667
2011/3/12,14:22:30,長野県北部,36°58.2′N,138°35.5′E,9 km,2.2,震度１,36.97,138.5916667
2011/3/12,14:23:47,岐阜県飛騨地方,36°09.0′N,137°34.0′E,2 km,2.8,震度１,36.15,137.5666667
2011/3/12,14:26:38,福島県沖,36°57.3′N,141°07.6′E,47 km,3.8,震度２,36.955,141.1266667
2011/3/12,14:29:00,新潟県中越地方,37°03.2′N,138°37.0′E,10 km,2.2,震度１,37.05333333,138.6166667
2011/3/12,14:29:47,宮城県沖,38°35.6′N,141°52.8′E,33 km,4.3,震度１,38.59333333,141.88
2011/3/12,14:36:51,新潟県中越地方,37°00.2′N,138°35.5′E,8 km,2.2,震度１,37.00333333,138.5916667
2011/3/12,14:39:11,茨城県沖,36°00.1′N,141°34.2′E,34 km,3.4,震度２,36.00166667,141.57
2011/3/12,14:41:42,千葉県東方沖,35°45.6′N,141°03.5′E,35 km,3.6,震度１,35.76,141.0583333
2011/3/12,14:45:18,福島県沖,37°13.5′N,141°18.8′E,30 km,4.4,震度３,37.225,141.3133333
2011/3/12,14:50:46,長野県北部,36°56.4′N,138°35.8′E,4 km,3.4,震度３,36.94,138.5966667
2011/3/12,14:53:29,茨城県沖,36°41.1′N,141°20.9′E,41 km,3.6,震度１,36.685,141.3483333
2011/3/12,14:55:13,長野県北部,36°56.9′N,138°33.5′E,7 km,4.2,震度４,36.94833333,138.5583333
2011/3/12,14:58:18,茨城県沖,36°09.2′N,141°25.0′E,53 km,2.9,震度１,36.15333333,141.4166667
2011/3/12,15:00:21,茨城県沖,36°19.7′N,141°57.6′E,26 km,5.3,震度２,36.32833333,141.96
2011/3/12,15:10:44,三陸沖,37°59.1′N,143°50.5′E,25 km,5.3,震度１,37.985,143.8416667
2011/3/12,15:10:48,三陸沖,38°11.5′N,144°24.3′E,18 km,5.3,震度１,38.19166667,144.405
2011/3/12,15:18:40,岩手県沖,39°09.4′N,142°42.2′E,44 km,5.5,震度４,39.15666667,142.7033333
2011/3/12,15:21:35,福島県沖,37°20.9′N,141°18.4′E,29 km,3.8,震度２,37.34833333,141.3066667
2011/3/12,15:23:11,三陸沖,39°32.4′N,142°58.8′E,24 km,5.4,震度２,39.54,142.98
2011/3/12,15:23:35,栃木県北部,36°48.6′N,139°24.7′E,3 km,2.1,震度２,36.81,139.4116667
2011/3/12,15:27:02,長野県北部,36°57.2′N,138°34.0′E,0 km,1.2,震度１,36.95333333,138.5666667
2011/3/12,15:27:06,千葉県北東部,35°44.9′N,140°52.7′E,33 km,3.4,震度１,35.74833333,140.8783333
2011/3/12,15:29:09,岩手県沖,39°09.1′N,142°31.7′E,50 km,5.4,震度２,39.15166667,142.5283333
2011/3/12,15:29:33,長野県北部,36°58.4′N,138°34.5′E,7 km,2.2,震度１,36.97333333,138.575
2011/3/12,15:31:21,新潟県中越地方,36°57.6′N,138°36.9′E,9 km,2.6,震度１,36.96,138.615
2011/3/12,15:35:58,三陸沖,39°41.8′N,143°46.0′E,50 km,5,震度２,39.69666667,143.7666667
2011/3/12,15:37:08,茨城県沖,36°11.7′N,140°52.1′E,44 km,3.4,震度１,36.195,140.8683333
2011/3/12,15:39:35,福島県沖,37°20.0′N,141°20.7′E,43 km,3.7,震度１,37.33333333,141.345
2011/3/12,15:39:59,茨城県沖,36°38.5′N,141°00.6′E,48 km,4.1,震度３,36.64166667,141.01
2011/3/12,15:40:20,新潟県中越地方,37°03.6′N,138°37.7′E,16 km,2.5,震度１,37.06,138.6283333
2011/3/12,15:40:45,茨城県沖,36°46.3′N,140°56.0′E,23 km,4.7,震度２,36.77166667,140.9333333
2011/3/12,15:41:45,茨城県沖,36°16.2′N,141°48.3′E,13 km,4.2,震度１,36.27,141.805
2011/3/12,15:44:01,茨城県沖,36°35.7′N,141°01.7′E,43 km,4.7,震度３,36.595,141.0283333
2011/3/12,15:49:09,宮城県沖,38°38.9′N,142°41.6′E,46 km,4.7,震度２,38.64833333,142.6933333
2011/3/12,15:51:21,長野県北部,36°58.1′N,138°35.6′E,6 km,2.3,震度１,36.96833333,138.5933333
2011/3/12,15:57:37,東京湾,35°31.6′N,139°55.0′E,25 km,3.9,震度３,35.52666667,139.9166667
2011/3/12,15:58:21,新潟県中越地方,37°03.0′N,138°37.5′E,15 km,2.4,震度１,37.05,138.625
2011/3/12,16:04:20,茨城県沖,36°00.7′N,141°02.7′E,17 km,4.1,震度２,36.01166667,141.045
2011/3/12,16:06:31,長野県北部,36°57.6′N,138°35.2′E,5 km,1.9,震度１,36.96,138.5866667
2011/3/12,16:07:30,宮城県沖,38°15.6′N,142°14.8′E,30 km,4.9,震度２,38.26,142.2466667
2011/3/12,16:10:24,茨城県沖,36°29.0′N,140°53.6′E,44 km,3.2,震度１,36.48333333,140.8933333
2011/3/12,16:10:58,福島県沖,37°25.8′N,141°26.0′E,36 km,3.7,震度１,37.43,141.4333333
2011/3/12,16:13:34,福島県沖,37°22.6′N,141°59.6′E,13 km,4.8,震度２,37.37666667,141.9933333
2011/3/12,16:17:03,新潟県中越地方,36°55.8′N,138°36.1′E,3 km,2.5,震度２,36.93,138.6016667
2011/3/12,16:18:27,福島県沖,37°07.7′N,141°11.8′E,24 km,3.4,震度１,37.12833333,141.1966667
2011/3/12,16:20:58,茨城県沖,36°02.4′N,141°28.0′E,29 km,4.6,震度２,36.04,141.4666667
2011/3/12,16:25:45,福島県沖,36°59.3′N,142°20.3′E,19 km,4.3,震度１,36.98833333,142.3383333
2011/3/12,16:30:17,茨城県沖,36°01.1′N,141°28.7′E,33 km,4.1,震度１,36.01833333,141.4783333
2011/3/12,16:31:35,福島県沖,37°16.4′N,141°04.6′E,22 km,3,震度１,37.27333333,141.0766667
2011/3/12,16:32:13,福島県沖,37°42.5′N,142°21.2′E,6 km,4.6,震度１,37.70833333,142.3533333
2011/3/12,16:33:45,群馬県北部,36°46.6′N,138°50.7′E,4 km,2.5,震度１,36.77666667,138.845
2011/3/12,16:35:35,福島県沖,37°23.7′N,142°30.2′E,7 km,4.8,震度１,37.395,142.5033333
2011/3/12,16:35:58,福島県浜通り,36°58.3′N,140°51.6′E,13 km,3.4,震度１,36.97166667,140.86
2011/3/12,16:36:56,福島県沖,36°57.8′N,141°37.2′E,24 km,4.7,震度２,36.96333333,141.62
2011/3/12,16:39:19,福島県沖,37°14.6′N,141°54.9′E,5 km,4.3,震度１,37.24333333,141.915
2011/3/12,16:46:59,新潟県中越地方,37°01.0′N,138°40.3′E,11 km,2.7,震度１,37.01666667,138.6716667
2011/3/12,16:51:07,長野県北部,36°56.6′N,138°32.8′E,7 km,2.4,震度１,36.94333333,138.5466667
2011/3/12,16:51:57,福島県沖,36°51.9′N,141°09.3′E,43 km,4,震度１,36.865,141.155
2011/3/12,16:53:05,茨城県沖,36°00.8′N,141°13.5′E,32 km,3.8,震度１,36.01333333,141.225
2011/3/12,16:54:06,茨城県沖,36°03.2′N,141°38.4′E,5 km,5.2,震度２,36.05333333,141.64
2011/3/12,16:55:47,福島県沖,37°41.4′N,141°34.5′E,46 km,4.3,震度２,37.69,141.575
2011/3/12,16:58:02,岩手県沖,39°10.5′N,142°35.5′E,24 km,4.8,震度１,39.175,142.5916667
2011/3/12,17:02:28,福島県沖,37°19.6′N,141°31.3′E,37 km,3.7,震度１,37.32666667,141.5216667
2011/3/12,17:05:31,福島県浜通り,36°56.2′N,140°44.0′E,13 km,3.2,震度１,36.93666667,140.7333333
2011/3/12,17:07:34,千葉県東方沖,35°46.5′N,141°01.9′E,38 km,2.9,震度１,35.775,141.0316667
2011/3/12,17:11:43,長野県北部,36°57.5′N,138°35.5′E,6 km,1.7,震度１,36.95833333,138.5916667
2011/3/12,17:13:19,長野県北部,36°56.4′N,138°32.6′E,7 km,2.7,震度２,36.94,138.5433333
2011/3/12,17:13:42,茨城県沖,35°52.2′N,141°36.8′E,39 km,4.8,震度２,35.87,141.6133333
2011/3/12,17:21:47,岐阜県飛騨地方,36°14.3′N,137°34.7′E,3 km,2.4,震度１,36.23833333,137.5783333
2011/3/12,17:21:57,新潟県中越地方,37°00.7′N,138°40.7′E,11 km,2,震度１,37.01166667,138.6783333
2011/3/12,17:22:05,茨城県沖,36°16.2′N,141°39.6′E,43 km,4.4,震度１,36.27,141.66
2011/3/12,17:22:52,新潟県中越地方,37°00.9′N,138°40.2′E,11 km,2.9,震度２,37.015,138.67
2011/3/12,17:24:31,新潟県中越地方,37°02.8′N,138°35.4′E,8 km,2.8,震度２,37.04666667,138.59
2011/3/12,17:30:16,三陸沖,38°10.5′N,142°51.7′E,0 km,5,震度１,38.175,142.8616667
2011/3/12,17:43:15,長野県北部,36°59.6′N,138°32.8′E,8 km,2.4,震度１,36.99333333,138.5466667
2011/3/12,17:44:53,岩手県沖,39°14.3′N,142°29.9′E,36 km,4.9,震度２,39.23833333,142.4983333
2011/3/12,17:49:51,新潟県中越地方,36°57.7′N,138°37.7′E,8 km,2.4,震度１,36.96166667,138.6283333
2011/3/12,17:52:56,茨城県沖,36°15.0′N,141°07.0′E,40 km,4.2,震度２,36.25,141.1166667
2011/3/12,18:00:13,福島県沖,37°42.8′N,141°57.7′E,18 km,4.4,震度１,37.71333333,141.9616667
2011/3/12,18:02:49,岩手県沖,39°41.8′N,142°41.4′E,14 km,4.8,震度２,39.69666667,142.69
2011/3/12,18:07:08,岩手県沖,39°13.8′N,142°27.3′E,7 km,4.4,震度１,39.23,142.455
2011/3/12,18:20:46,秋田県沖,40°17.7′N,139°09.2′E,10 km,4.4,震度１,40.295,139.1533333
2011/3/12,18:22:59,宮城県沖,37°50.8′N,142°10.4′E,0 km,5,震度１,37.84666667,142.1733333
2011/3/12,18:26:33,宮城県沖,38°12.9′N,142°15.0′E,50 km,4.3,震度２,38.215,142.25
2011/3/12,18:27:26,福島県沖,37°16.7′N,141°06.2′E,21 km,3.7,震度２,37.27833333,141.1033333
2011/3/12,18:35:03,千葉県東方沖,35°32.4′N,141°01.2′E,35 km,3.8,震度１,35.54,141.02
2011/3/12,18:36:32,長野県北部,36°58.4′N,138°34.8′E,9 km,3.3,震度３,36.97333333,138.58
2011/3/12,18:37:08,宮城県沖,38°57.2′N,142°24.6′E,50 km,4.1,震度２,38.95333333,142.41
2011/3/12,18:37:46,福島県沖,37°45.5′N,141°53.1′E,14 km,4.3,震度１,37.75833333,141.885
2011/3/12,18:39:52,福島県沖,37°23.9′N,142°15.4′E,11 km,4.4,震度３,37.39833333,142.2566667
2011/3/12,18:40:12,宮城県沖,38°57.4′N,142°22.3′E,13 km,5.3,震度１,38.95666667,142.3716667
2011/3/12,18:40:36,三陸沖,38°27.0′N,143°32.8′E,22 km,5.4,震度２,38.45,143.5466667
2011/3/12,18:46:10,福島県沖,37°36.3′N,141°24.1′E,49 km,3.7,震度１,37.605,141.4016667
2011/3/12,18:47:54,宮城県沖,37°50.6′N,142°26.8′E,23 km,4.8,震度２,37.84333333,142.4466667
2011/3/12,18:48:38,福島県沖,37°05.1′N,141°47.9′E,14 km,4.6,震度１,37.085,141.7983333
2011/3/12,18:51:34,新潟県中越地方,37°03.9′N,138°37.4′E,8 km,2.8,震度２,37.065,138.6233333
2011/3/12,18:55:05,福島県沖,37°18.3′N,141°15.1′E,47 km,4.1,震度２,37.305,141.2516667
2011/3/12,19:00:24,茨城県沖,36°02.3′N,141°59.0′E,36 km,5,震度１,36.03833333,141.9833333
2011/3/12,19:02:10,福島県沖,37°16.9′N,141°44.1′E,35 km,4.1,震度１,37.28166667,141.735
2011/3/12,19:05:29,宮城県沖,38°18.1′N,142°09.0′E,35 km,4.3,震度１,38.30166667,142.15
2011/3/12,19:08:02,長野県北部,36°57.5′N,138°33.0′E,5 km,3.6,震度４,36.95833333,138.55
2011/3/12,19:09:33,福島県沖,37°19.0′N,141°06.5′E,27 km,3.7,震度２,37.31666667,141.1083333
2011/3/12,19:11:31,福島県沖,36°44.9′N,142°03.7′E,0 km,4.4,震度１,36.74833333,142.0616667
2011/3/12,19:12:34,富山県東部,36°32.1′N,137°38.0′E,2 km,2.8,震度１,36.535,137.6333333
2011/3/12,19:17:29,宮城県沖,37°53.5′N,142°19.9′E,0 km,4.8,震度２,37.89166667,142.3316667
2011/3/12,19:19:10,長野県北部,36°57.0′N,138°35.3′E,7 km,3.4,震度２,36.95,138.5883333
2011/3/12,19:20:21,福島県沖,37°01.0′N,143°08.5′E,0 km,5.3,震度１,37.01666667,143.1416667
2011/3/12,19:25:23,長野県北部,36°56.5′N,138°35.9′E,5 km,2.1,震度１,36.94166667,138.5983333
2011/3/12,19:32:03,宮城県沖,38°18.2′N,141°41.2′E,33 km,3.4,震度１,38.30333333,141.6866667
2011/3/12,19:32:41,岩手県沖,39°26.8′N,142°04.1′E,34 km,3.7,震度１,39.44666667,142.0683333
2011/3/12,19:34:47,福島県沖,37°31.5′N,144°22.7′E,53 km,5.1,震度２,37.525,144.3783333
2011/3/12,19:39:11,福島県沖,36°43.3′N,141°51.9′E,22 km,4.9,震度２,36.72166667,141.865
2011/3/12,19:39:38,伊豆半島東方沖,34°52.8′N,139°09.3′E,4 km,3.1,震度２,34.88,139.155
2011/3/12,19:51:14,宮城県沖,38°46.6′N,142°01.7′E,25 km,3.5,震度１,38.77666667,142.0283333
2011/3/12,19:53:28,宮城県沖,38°59.8′N,142°32.2′E,20 km,5.8,震度４,38.99666667,142.5366667
2011/3/12,19:59:50,岩手県沖,39°10.1′N,142°27.4′E,28 km,4,震度１,39.16833333,142.4566667
2011/3/12,20:05:02,三陸沖,39°21.9′N,143°10.4′E,34 km,4.7,震度２,39.365,143.1733333
2011/3/12,20:06:48,福島県沖,37°18.3′N,141°20.7′E,42 km,4,震度２,37.305,141.345
2011/3/12,20:11:56,福島県沖,37°09.0′N,141°18.7′E,24 km,4,震度１,37.15,141.3116667
2011/3/12,20:12:11,新潟県中越地方,37°01.9′N,138°36.3′E,11 km,2.7,震度１,37.03166667,138.605
2011/3/12,20:16:51,宮城県沖,38°42.2′N,142°13.9′E,50 km,3.6,震度１,38.70333333,142.2316667
2011/3/12,20:20:14,宮城県沖,38°39.0′N,142°31.6′E,20 km,4.6,震度２,38.65,142.5266667
2011/3/12,20:24:05,宮城県沖,38°29.7′N,141°43.0′E,43 km,3.8,震度１,38.495,141.7166667
2011/3/12,20:29:12,長野県北部,36°55.4′N,138°33.3′E,1 km,2.7,震度１,36.92333333,138.555
2011/3/12,20:31:28,福島県沖,37°42.7′N,141°59.2′E,28 km,4.2,震度１,37.71166667,141.9866667
2011/3/12,20:32:45,福島県沖,37°15.2′N,141°29.3′E,36 km,3.7,震度１,37.25333333,141.4883333
2011/3/12,20:35:22,岩手県沖,39°12.6′N,142°31.7′E,14 km,4.2,震度１,39.21,142.5283333
2011/3/12,20:39:03,福島県沖,37°30.0′N,142°40.5′E,6 km,4.5,震度１,37.5,142.675
2011/3/12,20:46:00,茨城県沖,35°52.5′N,141°51.4′E,26 km,5.5,震度３,35.875,141.8566667
2011/3/12,20:47:21,福島県沖,37°21.1′N,141°36.5′E,17 km,4.5,震度２,37.35166667,141.6083333
2011/3/12,20:51:56,福島県沖,37°18.6′N,141°32.6′E,36 km,3.8,震度１,37.31,141.5433333
2011/3/12,20:58:35,千葉県東方沖,35°37.0′N,141°00.7′E,25 km,3.3,震度２,35.61666667,141.0116667
2011/3/12,20:59:08,千葉県東方沖,35°38.2′N,141°06.3′E,41 km,4.4,震度２,35.63666667,141.105
2011/3/12,21:01:20,茨城県沖,36°09.3′N,141°14.2′E,27 km,4.3,震度２,36.155,141.2366667
2011/3/12,21:02:05,岩手県沖,39°05.4′N,142°24.6′E,16 km,4.6,震度３,39.09,142.41
2011/3/12,21:04:06,福島県沖,37°19.5′N,141°21.1′E,27 km,4.2,震度２,37.325,141.3516667
2011/3/12,21:04:27,岩手県沖,39°05.9′N,142°27.3′E,23 km,4.4,震度２,39.09833333,142.455
2011/3/12,21:06:45,三陸沖,39°44.0′N,143°26.6′E,0 km,4.7,震度１,39.73333333,143.4433333
2011/3/12,21:12:20,茨城県北部,36°46.6′N,140°37.0′E,10 km,3.2,震度１,36.77666667,140.6166667
2011/3/12,21:15:26,岩手県沖,39°34.4′N,142°48.6′E,5 km,4.9,震度２,39.57333333,142.81
2011/3/12,21:17:23,福島県沖,37°13.4′N,142°28.6′E,18 km,4.8,震度２,37.22333333,142.4766667
2011/3/12,21:18:43,茨城県沖,36°40.2′N,141°46.8′E,18 km,4.7,震度１,36.67,141.78
2011/3/12,21:25:04,栃木県北部,36°48.1′N,139°28.7′E,5 km,2.7,震度１,36.80166667,139.4783333
2011/3/12,21:29:39,茨城県沖,36°18.8′N,140°50.2′E,32 km,3.5,震度１,36.31333333,140.8366667
2011/3/12,21:34:33,福島県沖,37°13.7′N,141°09.3′E,49 km,3.9,震度３,37.22833333,141.155
2011/3/12,21:45:42,岩手県沖,39°13.0′N,142°23.3′E,13 km,4,震度１,39.21666667,142.3883333
2011/3/12,21:45:56,福島県沖,37°12.8′N,141°05.0′E,26 km,3.3,震度１,37.21333333,141.0833333
2011/3/12,21:50:27,福島県沖,37°36.4′N,143°46.8′E,40 km,4.8,震度１,37.60666667,143.78
2011/3/12,21:51:56,三陸沖,39°14.8′N,142°54.6′E,21 km,4.8,震度２,39.24666667,142.91
2011/3/12,21:53:55,福島県沖,37°45.5′N,142°45.3′E,2 km,5.9,震度３,37.75833333,142.755
2011/3/12,22:05:49,長野県北部,36°58.3′N,138°35.7′E,6 km,2.6,震度３,36.97166667,138.595
2011/3/12,22:11:03,三重県南東沖,33°01.2′N,136°41.0′E,51 km,4.3,震度１,33.02,136.6833333
2011/3/12,22:14:28,千葉県東方沖,35°44.5′N,141°01.0′E,35 km,4.6,震度３,35.74166667,141.0166667
2011/3/12,22:15:42,福島県沖,37°11.8′N,141°25.5′E,40 km,6.2,震度５弱,37.19666667,141.425
2011/3/12,22:20:40,福島県沖,37°13.8′N,141°23.5′E,41 km,4.4,震度２,37.23,141.3916667
2011/3/12,22:22:43,富山県東部,36°33.7′N,137°35.9′E,1 km,3.5,震度２,36.56166667,137.5983333
2011/3/12,22:23:05,茨城県沖,36°01.9′N,141°03.4′E,36 km,4.3,震度２,36.03166667,141.0566667
2011/3/12,22:24:14,宮城県沖,38°57.7′N,142°28.0′E,30 km,5,震度３,38.96166667,142.4666667
2011/3/12,22:25:03,福島県沖,37°13.8′N,141°01.5′E,23 km,4.4,震度２,37.23,141.025
2011/3/12,22:26:11,福島県沖,37°14.2′N,141°10.6′E,30 km,3,震度１,37.23666667,141.1766667
2011/3/12,22:26:54,岩手県沖,39°31.6′N,142°37.8′E,7 km,5.4,震度２,39.52666667,142.63
2011/3/12,22:27:01,福島県沖,37°12.3′N,141°22.6′E,39 km,3.7,震度１,37.205,141.3766667
2011/3/12,22:27:13,長野県北部,36°55.0′N,138°33.3′E,0 km,3.6,震度３,36.91666667,138.555
2011/3/12,22:30:18,福島県沖,37°43.2′N,143°25.8′E,43 km,4.8,震度１,37.72,143.43
2011/3/12,22:35:04,福島県沖,36°53.5′N,141°04.2′E,28 km,3.4,震度１,36.89166667,141.07
2011/3/12,22:37:06,福島県沖,37°14.6′N,141°10.5′E,29 km,3,震度１,37.24333333,141.175
2011/3/12,22:40:57,千葉県東方沖,35°48.8′N,141°05.6′E,34 km,4.5,震度２,35.81333333,141.0933333
2011/3/12,22:44:30,福島県浜通り,37°10.9′N,140°58.5′E,7 km,3.7,震度２,37.18166667,140.975
2011/3/12,22:49:02,千葉県東方沖,35°21.5′N,141°13.5′E,22 km,4.2,震度１,35.35833333,141.225
2011/3/12,22:49:40,福島県沖,37°04.3′N,141°46.3′E,22 km,4.1,震度１,37.07166667,141.7716667
2011/3/12,22:51:14,福島県沖,36°58.5′N,141°38.5′E,19 km,4,震度２,36.975,141.6416667
2011/3/12,22:52:17,福島県浜通り,37°18.8′N,140°56.0′E,19 km,3.4,震度１,37.31333333,140.9333333
2011/3/12,22:53:26,福島県沖,36°58.7′N,142°25.9′E,5 km,4.3,震度１,36.97833333,142.4316667
2011/3/12,22:57:11,茨城県沖,36°25.5′N,141°53.3′E,27 km,5,震度２,36.425,141.8883333
2011/3/12,22:58:33,茨城県沖,36°32.9′N,140°49.7′E,28 km,4.2,震度２,36.54833333,140.8283333
2011/3/12,23:03:27,宮城県沖,38°47.0′N,142°44.5′E,7 km,5.8,震度３,38.78333333,142.7416667
2011/3/12,23:06:03,福島県沖,36°39.0′N,142°01.8′E,14 km,4.6,震度１,36.65,142.03
2011/3/12,23:07:21,新潟県中越地方,37°01.3′N,138°40.7′E,13 km,2.6,震度１,37.02166667,138.6783333
2011/3/12,23:10:43,茨城県沖,35°53.9′N,140°56.5′E,9 km,4.2,震度２,35.89833333,140.9416667
2011/3/12,23:12:23,福島県沖,37°12.7′N,141°23.6′E,36 km,4.1,震度２,37.21166667,141.3933333
2011/3/12,23:14:52,茨城県沖,35°53.8′N,140°56.4′E,11 km,5,震度３,35.89666667,140.94
2011/3/12,23:15:05,福島県沖,37°12.6′N,141°24.0′E,39 km,4.1,震度１,37.21,141.4
2011/3/12,23:15:43,千葉県東方沖,35°49.0′N,140°53.3′E,21 km,3.2,震度１,35.81666667,140.8883333
2011/3/12,23:17:05,茨城県沖,36°18.2′N,141°03.3′E,42 km,4.4,震度２,36.30333333,141.055
2011/3/12,23:18:05,福島県沖,37°36.3′N,141°41.8′E,43 km,4.1,震度１,37.605,141.6966667
2011/3/12,23:21:50,岩手県沖,39°26.7′N,142°50.1′E,19 km,4.8,震度２,39.445,142.835
2011/3/12,23:25:06,相模湾,35°15.7′N,139°13.8′E,10 km,2.6,震度１,35.26166667,139.23
2011/3/12,23:29:18,福島県浜通り,37°10.7′N,140°58.8′E,10 km,2.9,震度１,37.17833333,140.98
2011/3/12,23:30:20,岩手県沖,39°06.6′N,142°23.1′E,18 km,3.5,震度１,39.11,142.385
2011/3/12,23:33:40,茨城県沖,36°07.4′N,141°11.7′E,25 km,3.8,震度１,36.12333333,141.195
2011/3/12,23:34:59,長野県北部,36°58.0′N,138°34.0′E,5 km,3.7,震度５弱,36.96666667,138.5666667
2011/3/12,23:34:58,茨城県沖,35°52.9′N,141°50.0′E,22 km,5.6,震度３,35.88166667,141.8333333
2011/3/12,23:37:46,伊豆大島近海,34°44.5′N,139°19.4′E,8 km,2.9,震度１,34.74166667,139.3233333
2011/3/12,23:38:55,長野県北部,36°57.8′N,138°34.2′E,6 km,2.1,震度１,36.96333333,138.57
2011/3/12,23:42:31,栃木県北部,36°48.8′N,139°26.4′E,4 km,2,震度１,36.81333333,139.44
2011/3/12,23:43:06,岩手県沖,39°28.2′N,142°41.7′E,9 km,5.9,震度４,39.47,142.695
2011/3/12,23:47:59,長野県北部,36°57.4′N,138°33.8′E,6 km,2.2,震度２,36.95666667,138.5633333
2011/3/12,23:49:15,長野県北部,36°58.0′N,138°35.8′E,6 km,2.3,震度２,36.96666667,138.5966667
2011/3/12,23:51:54,長野県北部,36°57.7′N,138°34.1′E,4 km,2.4,震度３,36.96166667,138.5683333
2011/3/12,23:54:37,長野県北部,36°57.6′N,138°34.2′E,5 km,2.3,震度３,36.96,138.57
2011/3/12,23:56:40,岩手県沖,39°16.7′N,142°17.8′E,46 km,4.4,震度２,39.27833333,142.2966667
2011/3/13,0:06:40,福島県沖,37°13.3′N,141°23.1′E,39 km,3.7,震度１,37.22166667,141.385
2011/3/13,0:10:43,福島県沖,37°17.9′N,141°18.7′E,28 km,3.8,震度２,37.29833333,141.3116667
2011/3/13,0:12:29,栃木県北部,36°48.9′N,139°26.5′E,4 km,2.6,震度２,36.815,139.4416667
2011/3/13,0:13:53,福島県沖,37°37.1′N,142°42.1′E,0 km,5.2,震度１,37.61833333,142.7016667
2011/3/13,0:14:42,栃木県北部,36°48.8′N,139°28.1′E,5 km,2.6,震度１,36.81333333,139.4683333
2011/3/13,0:15:14,福島県沖,37°03.1′N,141°53.4′E,15 km,4.3,震度１,37.05166667,141.89
2011/3/13,0:22:26,茨城県沖,36°23.1′N,140°58.7′E,24 km,3.5,震度１,36.385,140.9783333
2011/3/13,0:24:32,宮城県沖,38°08.7′N,142°12.1′E,34 km,4.1,震度１,38.145,142.2016667
2011/3/13,0:26:13,岐阜県飛騨地方,35°58.6′N,137°18.5′E,7 km,2.3,震度１,35.97666667,137.3083333
2011/3/13,0:26:26,新潟県中越地方,37°00.0′N,138°37.3′E,9 km,2.3,震度１,37,138.6216667
2011/3/13,0:27:08,長野県北部,37°00.7′N,138°34.2′E,13 km,2.4,震度１,37.01166667,138.57
2011/3/13,0:31:06,長野県北部,36°57.0′N,138°30.2′E,0 km,1.1,震度１,36.95,138.5033333
2011/3/13,0:34:14,茨城県沖,36°37.9′N,141°05.5′E,38 km,3.7,震度１,36.63166667,141.0916667
2011/3/13,0:44:16,新潟県中越地方,36°55.9′N,138°36.0′E,5 km,3.8,震度３,36.93166667,138.6
2011/3/13,0:45:36,茨城県沖,36°13.1′N,141°07.2′E,47 km,3.6,震度１,36.21833333,141.12
2011/3/13,0:45:43,長野県北部,36°55.8′N,138°35.8′E,5 km,2.7,震度１,36.93,138.5966667
2011/3/13,0:47:00,長野県北部,36°56.1′N,138°35.7′E,6 km,2,震度１,36.935,138.595
2011/3/13,0:55:19,茨城県沖,36°28.4′N,141°31.0′E,28 km,4.6,震度２,36.47333333,141.5166667
2011/3/13,0:56:32,新島・神津島近海,34°16.2′N,139°14.0′E,0 km,3,震度１,34.27,139.2333333
2011/3/13,0:57:29,新潟県中越地方,36°55.4′N,138°36.3′E,0 km,2.9,震度２,36.92333333,138.605
2011/3/13,1:03:53,福島県沖,37°00.6′N,142°18.2′E,14 km,4.8,震度１,37.01,142.3033333
2011/3/13,1:06:37,福島県沖,37°25.4′N,141°24.1′E,38 km,3.7,震度１,37.42333333,141.4016667
2011/3/13,1:07:35,岩手県沖,39°00.2′N,142°38.6′E,11 km,4.7,震度１,39.00333333,142.6433333
2011/3/13,1:08:27,福島県沖,37°18.4′N,141°05.4′E,26 km,3.5,震度１,37.30666667,141.09
2011/3/13,1:10:07,茨城県沖,35°56.9′N,141°04.6′E,21 km,3.4,震度１,35.94833333,141.0766667
2011/3/13,1:10:47,福島県沖,37°22.2′N,141°19.7′E,24 km,4,震度２,37.37,141.3283333
2011/3/13,1:11:26,長野県北部,36°57.2′N,138°34.3′E,5 km,1.5,震度１,36.95333333,138.5716667
2011/3/13,1:13:46,千葉県東方沖,35°47.2′N,141°03.0′E,35 km,3.7,震度１,35.78666667,141.05
2011/3/13,1:15:35,新潟県中越地方,36°58.5′N,138°36.1′E,8 km,2.2,震度１,36.975,138.6016667
2011/3/13,1:16:43,福島県沖,37°25.0′N,141°27.1′E,37 km,3.7,震度２,37.41666667,141.4516667
2011/3/13,1:19:17,福島県沖,37°17.1′N,141°16.2′E,43 km,3.5,震度２,37.285,141.27
2011/3/13,1:25:03,福島県沖,37°12.7′N,141°23.2′E,39 km,3.1,震度１,37.21166667,141.3866667
2011/3/13,1:27:48,福島県浜通り,36°56.5′N,140°44.5′E,12 km,3.4,震度１,36.94166667,140.7416667
2011/3/13,1:35:01,岩手県沖,39°06.9′N,142°23.5′E,11 km,3.8,震度１,39.115,142.3916667
2011/3/13,1:47:18,福島県沖,36°55.9′N,141°10.6′E,43 km,3.7,震度１,36.93166667,141.1766667
2011/3/13,1:48:11,福島県沖,37°29.3′N,142°01.8′E,22 km,4.6,震度１,37.48833333,142.03
2011/3/13,1:51:00,茨城県沖,36°38.8′N,141°00.5′E,43 km,3.9,震度１,36.64666667,141.0083333
2011/3/13,1:53:26,岩手県沖,39°04.1′N,142°24.8′E,20 km,4.1,震度１,39.06833333,142.4133333
2011/3/13,1:56:01,千葉県東方沖,35°38.2′N,141°00.7′E,25 km,3.1,震度１,35.63666667,141.0116667
2011/3/13,1:59:22,茨城県沖,36°40.8′N,141°09.1′E,29 km,4.6,震度３,36.68,141.1516667
2011/3/13,2:04:31,宮城県沖,38°40.5′N,142°12.4′E,35 km,4.4,震度２,38.675,142.2066667
2011/3/13,2:08:46,福島県浜通り,37°09.1′N,140°57.5′E,24 km,3.2,震度１,37.15166667,140.9583333
2011/3/13,2:10:30,宮城県沖,37°59.6′N,142°33.7′E,2 km,4.5,震度１,37.99333333,142.5616667
2011/3/13,2:19:21,関東東方沖,36°31.8′N,142°37.2′E,2 km,5.6,震度１,36.53,142.62
2011/3/13,2:22:32,新潟県中越地方,36°58.0′N,138°36.5′E,9 km,3.2,震度２,36.96666667,138.6083333
2011/3/13,2:24:21,福島県沖,37°21.0′N,141°08.7′E,10 km,3.5,震度２,37.35,141.145
2011/3/13,2:25:54,茨城県沖,36°49.3′N,141°08.1′E,45 km,4.2,震度２,36.82166667,141.135
2011/3/13,2:30:41,岩手県沖,39°07.4′N,142°03.4′E,25 km,3.6,震度１,39.12333333,142.0566667
2011/3/13,2:35:23,茨城県沖,36°36.9′N,140°57.7′E,41 km,4.1,震度２,36.615,140.9616667
2011/3/13,2:40:55,宮城県沖,38°48.6′N,142°33.4′E,18 km,4.9,震度２,38.81,142.5566667
2011/3/13,2:42:55,福島県浜通り,37°08.9′N,140°56.8′E,22 km,4,震度２,37.14833333,140.9466667
2011/3/13,2:45:53,長野県北部,36°59.0′N,138°35.4′E,6 km,2.4,震度２,36.98333333,138.59
2011/3/13,2:53:08,茨城県沖,35°56.2′N,140°52.2′E,37 km,3.7,震度１,35.93666667,140.87
2011/3/13,3:05:02,岩手県沖,39°00.0′N,142°09.6′E,37 km,3.1,震度１,39,142.16
2011/3/13,3:06:15,新潟県中越地方,36°58.1′N,138°36.9′E,7 km,2.3,震度１,36.96833333,138.615
2011/3/13,3:09:14,福島県沖,37°23.6′N,141°17.8′E,28 km,4.5,震度４,37.39333333,141.2966667
2011/3/13,3:14:25,茨城県沖,36°14.6′N,140°54.1′E,40 km,3.4,震度１,36.24333333,140.9016667
2011/3/13,3:37:26,福島県沖,37°16.8′N,141°27.0′E,39 km,3.8,震度２,37.28,141.45
2011/3/13,3:40:20,福島県沖,37°11.9′N,141°23.9′E,40 km,3.9,震度２,37.19833333,141.3983333
2011/3/13,3:44:31,東京湾,35°32.2′N,140°00.3′E,20 km,2.9,震度１,35.53666667,140.005
2011/3/13,3:47:16,長野県北部,36°58.2′N,138°34.6′E,8 km,3.2,震度３,36.97,138.5766667
2011/3/13,3:48:17,秋田県沖,40°20.7′N,139°12.4′E,19 km,4,震度１,40.345,139.2066667
2011/3/13,3:51:34,茨城県沖,36°35.2′N,141°50.0′E,15 km,4.2,震度２,36.58666667,141.8333333
2011/3/13,3:52:57,長野県北部,36°59.0′N,138°35.6′E,6 km,2.4,震度２,36.98333333,138.5933333
2011/3/13,3:54:06,福島県沖,36°39.4′N,141°58.5′E,49 km,4.1,震度１,36.65666667,141.975
2011/3/13,3:56:41,福島県沖,37°11.8′N,141°09.4′E,14 km,3.5,震度２,37.19666667,141.1566667
2011/3/13,3:58:15,三陸沖,38°48.4′N,142°48.2′E,0 km,4.2,震度１,38.80666667,142.8033333
2011/3/13,3:58:25,福島県沖,37°16.8′N,141°05.1′E,21 km,3.5,震度１,37.28,141.085
2011/3/13,4:00:57,神奈川県西部,35°12.6′N,139°01.6′E,5 km,2.7,震度１,35.21,139.0266667
2011/3/13,4:01:01,長野県北部,36°59.5′N,138°33.9′E,8 km,2,震度１,36.99166667,138.565
2011/3/13,4:01:04,福島県沖,36°38.3′N,142°11.3′E,55 km,4.7,震度１,36.63833333,142.1883333
2011/3/13,4:07:34,岩手県沖,39°08.5′N,142°23.7′E,18 km,4,震度１,39.14166667,142.395
2011/3/13,4:08:06,茨城県沖,36°50.7′N,141°08.0′E,44 km,3.9,震度２,36.845,141.1333333
2011/3/13,4:11:57,福島県沖,37°39.8′N,142°35.7′E,1 km,5.3,震度２,37.66333333,142.595
2011/3/13,4:12:13,茨城県沖,35°59.5′N,141°06.9′E,21 km,3.8,震度１,35.99166667,141.115
2011/3/13,4:14:09,茨城県沖,36°32.5′N,140°52.6′E,22 km,3.7,震度１,36.54166667,140.8766667
2011/3/13,4:16:32,茨城県沖,36°45.6′N,141°08.5′E,20 km,3.9,震度１,36.76,141.1416667
2011/3/13,4:17:00,岩手県沖,39°52.8′N,142°12.7′E,45 km,4,震度１,39.88,142.2116667
2011/3/13,4:17:48,新潟県中越地方,37°00.8′N,138°38.1′E,10 km,2.4,震度１,37.01333333,138.635
2011/3/13,4:22:41,福島県沖,37°06.1′N,142°18.4′E,1 km,4.9,震度１,37.10166667,142.3066667
2011/3/13,4:27:07,新潟県中越地方,37°02.4′N,138°38.4′E,12 km,3.6,震度２,37.04,138.64
2011/3/13,4:38:06,茨城県沖,35°57.5′N,141°31.9′E,26 km,4.4,震度２,35.95833333,141.5316667
2011/3/13,4:43:42,三陸沖,38°11.4′N,143°43.1′E,52 km,4.8,震度１,38.19,143.7183333
2011/3/13,4:48:20,富山県東部,36°30.1′N,137°37.2′E,1 km,3.3,震度１,36.50166667,137.62
2011/3/13,4:52:58,宮城県沖,38°49.9′N,142°02.6′E,47 km,3.7,震度１,38.83166667,142.0433333
2011/3/13,4:58:58,三陸沖,37°54.2′N,142°51.0′E,0 km,4.8,震度１,37.90333333,142.85
2011/3/13,5:02:37,福島県沖,37°24.7′N,141°14.7′E,24 km,3.5,震度２,37.41166667,141.245
2011/3/13,5:21:39,宮城県沖,37°53.8′N,142°07.6′E,6 km,4.3,震度１,37.89666667,142.1266667
2011/3/13,5:32:41,新島・神津島近海,34°14.6′N,139°11.5′E,9 km,2.1,震度１,34.24333333,139.1916667
2011/3/13,5:35:07,茨城県沖,36°31.3′N,141°53.7′E,11 km,4.4,震度１,36.52166667,141.895
2011/3/13,5:37:02,福島県浜通り,37°11.4′N,140°58.8′E,4 km,3.2,震度２,37.19,140.98
2011/3/13,5:39:30,岐阜県飛騨地方,35°58.5′N,137°18.5′E,7 km,2.6,震度１,35.975,137.3083333
2011/3/13,5:41:27,福島県沖,37°09.9′N,141°22.6′E,41 km,4.7,震度３,37.165,141.3766667
2011/3/13,5:42:01,岐阜県飛騨地方,35°58.6′N,137°18.4′E,7 km,2.3,震度１,35.97666667,137.3066667
2011/3/13,5:56:16,宮城県沖,38°16.4′N,141°50.1′E,20 km,4.4,震度２,38.27333333,141.835
2011/3/13,5:58:54,新潟県中越地方,36°56.1′N,138°36.4′E,3 km,2.1,震度１,36.935,138.6066667
2011/3/13,5:59:07,岩手県沖,39°06.5′N,142°40.0′E,9 km,4.2,震度１,39.10833333,142.6666667
2011/3/13,6:01:11,福島県沖,37°18.1′N,141°48.0′E,23 km,4.4,震度１,37.30166667,141.8
2011/3/13,6:02:39,福島県沖,37°16.9′N,141°24.5′E,40 km,4.2,震度２,37.28166667,141.4083333
2011/3/13,6:05:04,長野県北部,36°57.3′N,138°34.9′E,4 km,1.6,震度２,36.955,138.5816667
2011/3/13,6:05:12,福島県沖,37°13.0′N,141°12.5′E,29 km,3.3,震度１,37.21666667,141.2083333
2011/3/13,6:12:29,福島県沖,37°12.4′N,141°24.9′E,40 km,3.6,震度１,37.20666667,141.415
2011/3/13,6:31:28,岐阜県飛騨地方,36°15.6′N,137°34.3′E,2 km,2.9,震度１,36.26,137.5716667
2011/3/13,6:42:34,秋田県内陸南部,39°40.5′N,140°34.3′E,0 km,,震度１,39.675,140.5716667
2011/3/13,6:48:04,三陸沖,39°35.0′N,142°55.9′E,0 km,5.6,震度３,39.58333333,142.9316667
2011/3/13,6:58:14,岩手県沖,39°01.7′N,142°31.7′E,14 km,5.4,震度３,39.02833333,142.5283333
2011/3/13,7:05:16,福島県沖,37°32.5′N,143°46.6′E,43 km,5,震度１,37.54166667,143.7766667
2011/3/13,7:08:09,群馬県北部,36°50.0′N,139°21.7′E,5 km,2.4,震度１,36.83333333,139.3616667
2011/3/13,7:10:14,岩手県沖,39°03.3′N,142°27.2′E,20 km,4.7,震度２,39.055,142.4533333
2011/3/13,7:10:38,長野県北部,36°44.3′N,138°30.7′E,0 km,2.2,震度１,36.73833333,138.5116667
2011/3/13,7:11:13,茨城県南部,35°45.0′N,140°50.6′E,30 km,3.9,震度２,35.75,140.8433333
2011/3/13,7:12:00,茨城県沖,36°30.8′N,140°57.5′E,43 km,3.7,震度１,36.51333333,140.9583333
2011/3/13,7:12:44,福島県沖,37°36.3′N,142°03.2′E,9 km,6.1,震度３,37.605,142.0533333
2011/3/13,7:13:08,東京湾,35°31.2′N,139°55.6′E,24 km,2.8,震度２,35.52,139.9266667
2011/3/13,7:13:40,東京湾,35°30.7′N,139°53.0′E,27 km,3.3,震度２,35.51166667,139.8833333
2011/3/13,7:18:43,千葉県東方沖,35°49.7′N,140°51.1′E,12 km,2.9,震度１,35.82833333,140.8516667
2011/3/13,7:26:31,茨城県沖,36°30.1′N,140°48.9′E,50 km,3.8,震度２,36.50166667,140.815
2011/3/13,7:27:08,岩手県沖,39°13.2′N,142°29.4′E,27 km,4.8,震度２,39.22,142.49
2011/3/13,7:31:25,岩手県沖,39°11.9′N,142°28.0′E,24 km,5.4,震度３,39.19833333,142.4666667
2011/3/13,7:33:25,新潟県中越地方,37°00.3′N,138°36.9′E,9 km,2.6,震度１,37.005,138.615
2011/3/13,7:34:07,岩手県沖,39°13.3′N,142°23.5′E,20 km,4.7,震度２,39.22166667,142.3916667
2011/3/13,7:36:41,岩手県沖,39°47.1′N,142°20.5′E,44 km,4.6,震度２,39.785,142.3416667
2011/3/13,7:38:12,岩手県沖,39°46.3′N,142°41.3′E,12 km,4.3,震度１,39.77166667,142.6883333
2011/3/13,7:40:37,岩手県沖,39°11.7′N,142°24.7′E,15 km,3.9,震度１,39.195,142.4116667
2011/3/13,7:42:19,福島県沖,37°05.3′N,141°10.6′E,46 km,3.8,震度１,37.08833333,141.1766667
2011/3/13,7:43:28,岐阜県飛騨地方,36°09.5′N,137°32.9′E,4 km,2.5,震度１,36.15833333,137.5483333
2011/3/13,7:44:28,茨城県沖,36°07.1′N,141°12.0′E,26 km,4.7,震度２,36.11833333,141.2
2011/3/13,7:45:34,岩手県沖,39°08.3′N,142°20.5′E,13 km,4.2,震度２,39.13833333,142.3416667
2011/3/13,7:50:00,茨城県沖,35°57.9′N,141°04.7′E,23 km,4.4,震度２,35.965,141.0783333
2011/3/13,7:50:10,岩手県沖,39°05.0′N,142°23.7′E,15 km,3.9,震度１,39.08333333,142.395
2011/3/13,7:51:03,茨城県沖,36°05.5′N,141°11.2′E,31 km,3.9,震度１,36.09166667,141.1866667
2011/3/13,7:54:16,福島県沖,37°20.6′N,141°27.1′E,33 km,3.7,震度１,37.34333333,141.4516667
2011/3/13,7:59:25,福島県沖,37°18.5′N,141°25.2′E,40 km,4.3,震度３,37.30833333,141.42
2011/3/13,8:03:00,新潟県中越地方,36°59.3′N,138°36.4′E,8 km,1.7,震度１,36.98833333,138.6066667
2011/3/13,8:12:08,岩手県沖,39°04.1′N,142°26.9′E,18 km,4.3,震度２,39.06833333,142.4483333
2011/3/13,8:16:25,岩手県沖,39°05.1′N,142°22.7′E,15 km,4.1,震度１,39.085,142.3783333
2011/3/13,8:16:33,福島県浜通り,37°03.9′N,140°58.0′E,53 km,3.4,震度１,37.065,140.9666667
2011/3/13,8:20:38,宮城県沖,37°57.3′N,142°19.1′E,3 km,5.3,震度３,37.955,142.3183333
2011/3/13,8:24:08,千葉県東方沖,35°33.8′N,141°00.8′E,36 km,3.5,震度１,35.56333333,141.0133333
2011/3/13,8:24:47,宮城県沖,38°00.7′N,141°56.9′E,15 km,6.2,震度５弱,38.01166667,141.9483333
2011/3/13,8:31:31,宮城県沖,37°55.3′N,141°58.1′E,29 km,4.2,震度１,37.92166667,141.9683333
2011/3/13,8:38:45,茨城県沖,35°53.5′N,140°56.2′E,14 km,3.6,震度１,35.89166667,140.9366667
2011/3/13,8:40:47,福島県沖,36°51.7′N,141°50.2′E,4 km,5,震度３,36.86166667,141.8366667
2011/3/13,8:44:00,茨城県沖,36°49.4′N,141°08.1′E,45 km,4.1,震度２,36.82333333,141.135
2011/3/13,8:47:13,新潟県中越地方,37°03.2′N,138°37.4′E,12 km,2.8,震度１,37.05333333,138.6233333
2011/3/13,8:48:55,新潟県中越地方,37°00.6′N,138°37.5′E,8 km,2.4,震度１,37.01,138.625
2011/3/13,8:50:14,茨城県沖,36°02.3′N,141°27.0′E,37 km,4.6,震度１,36.03833333,141.45
2011/3/13,8:50:45,新潟県中越地方,36°59.2′N,138°38.9′E,11 km,2.4,震度１,36.98666667,138.6483333
2011/3/13,8:55:10,東京湾,35°36.3′N,139°58.0′E,21 km,3.3,震度１,35.605,139.9666667
2011/3/13,8:57:09,東京湾,35°32.2′N,139°56.8′E,19 km,3.1,震度１,35.53666667,139.9466667
2011/3/13,8:58:47,宮城県沖,37°52.5′N,142°28.0′E,4 km,4.5,震度１,37.875,142.4666667
2011/3/13,9:04:52,福島県沖,37°14.8′N,141°26.3′E,32 km,4,震度１,37.24666667,141.4383333
2011/3/13,9:25:30,宮城県沖,38°19.7′N,141°37.2′E,44 km,3.7,震度１,38.32833333,141.62
2011/3/13,9:25:51,新潟県中越地方,36°58.4′N,138°37.9′E,9 km,2.7,震度１,36.97333333,138.6316667
2011/3/13,9:31:56,宮城県沖,38°17.4′N,141°50.9′E,22 km,3.9,震度１,38.29,141.8483333
2011/3/13,9:32:54,茨城県沖,35°53.4′N,141°01.2′E,12 km,4.7,震度３,35.89,141.02
2011/3/13,9:35:43,福島県沖,37°00.6′N,141°23.1′E,30 km,4.2,震度１,37.01,141.385
2011/3/13,9:41:11,茨城県沖,36°35.8′N,141°07.4′E,35 km,4.6,震度３,36.59666667,141.1233333
2011/3/13,9:43:14,三陸沖,37°59.0′N,142°45.5′E,12 km,5.1,震度２,37.98333333,142.7583333
2011/3/13,9:47:02,三陸沖,39°09.0′N,143°32.2′E,39 km,4.9,震度１,39.15,143.5366667
2011/3/13,9:50:22,長野県北部,36°59.8′N,138°35.2′E,10 km,2.1,震度１,36.99666667,138.5866667
2011/3/13,10:02:38,宮城県沖,38°22.6′N,142°00.9′E,9 km,3.8,震度１,38.37666667,142.015
2011/3/13,10:06:04,長野県北部,36°58.5′N,138°33.1′E,9 km,3.3,震度２,36.975,138.5516667
2011/3/13,10:16:18,福島県沖,37°12.8′N,141°22.5′E,39 km,3.9,震度２,37.21333333,141.375
2011/3/13,10:23:26,福島県沖,37°16.5′N,141°15.3′E,26 km,3.4,震度１,37.275,141.255
2011/3/13,10:26:02,茨城県沖,35°49.6′N,141°58.3′E,11 km,6.6,震度４,35.82666667,141.9716667
2011/3/13,10:31:31,福島県沖,37°34.4′N,143°39.1′E,43 km,5.4,震度１,37.57333333,143.6516667
2011/3/13,10:42:53,福島県沖,36°54.3′N,142°55.8′E,41 km,5.5,震度２,36.905,142.93
2011/3/13,10:45:59,岩手県沖,39°55.5′N,142°14.4′E,15 km,4.2,震度１,39.925,142.24
2011/3/13,10:52:35,福島県沖,37°35.3′N,141°58.9′E,12 km,4.7,震度１,37.58833333,141.9816667
2011/3/13,10:54:57,新潟県中越地方,37°04.4′N,138°37.5′E,12 km,2.3,震度１,37.07333333,138.625
2011/3/13,10:56:06,宮城県沖,38°08.2′N,142°26.7′E,19 km,4.4,震度１,38.13666667,142.445
2011/3/13,10:57:27,群馬県北部,36°50.1′N,139°21.5′E,4 km,3.1,震度２,36.835,139.3583333
2011/3/13,11:04:27,宮城県沖,38°02.5′N,141°34.5′E,56 km,4.1,震度１,38.04166667,141.575
2011/3/13,11:05:06,福島県沖,37°35.7′N,141°52.5′E,22 km,4.3,震度１,37.595,141.875
2011/3/13,11:05:17,島根県西部,34°53.6′N,132°15.8′E,18 km,3.4,震度１,34.89333333,132.2633333
2011/3/13,11:13:44,宮城県沖,37°59.4′N,141°55.6′E,32 km,3.9,震度１,37.99,141.9266667
2011/3/13,11:14:44,長野県北部,36°49.7′N,138°34.4′E,0 km,3.3,震度２,36.82833333,138.5733333
2011/3/13,11:15:20,茨城県沖,36°46.8′N,141°08.4′E,39 km,3.8,震度１,36.78,141.14
2011/3/13,11:21:53,茨城県沖,35°42.5′N,141°51.1′E,23 km,4.5,震度２,35.70833333,141.8516667
2011/3/13,11:23:31,茨城県沖,36°29.6′N,141°54.7′E,23 km,6.2,震度２,36.49333333,141.9116667
2011/3/13,11:25:26,茨城県沖,36°20.3′N,141°50.3′E,24 km,4.6,震度１,36.33833333,141.8383333
2011/3/13,11:32:35,茨城県沖,36°45.3′N,141°36.2′E,25 km,5.4,震度２,36.755,141.6033333
2011/3/13,11:36:59,茨城県北部,36°33.0′N,140°37.9′E,23 km,3.4,震度１,36.55,140.6316667
2011/3/13,11:38:41,栃木県北部,36°38.6′N,139°24.8′E,3 km,2,震度１,36.64333333,139.4133333
2011/3/13,11:45:11,新潟県中越地方,37°02.6′N,138°35.5′E,10 km,3.1,震度２,37.04333333,138.5916667
2011/3/13,11:51:28,茨城県沖,36°39.8′N,141°05.0′E,38 km,3.6,震度１,36.66333333,141.0833333
2011/3/13,11:53:21,三陸沖,39°37.8′N,143°33.5′E,19 km,5.2,震度１,39.63,143.5583333
2011/3/13,11:56:35,宮城県沖,38°34.4′N,141°45.8′E,46 km,3.8,震度１,38.57333333,141.7633333
2011/3/13,11:57:14,福島県沖,37°00.2′N,143°12.6′E,46 km,5,震度１,37.00333333,143.21
2011/3/13,12:01:23,茨城県北部,36°45.1′N,140°35.5′E,13 km,4.6,震度２,36.75166667,140.5916667
2011/3/13,12:07:01,三陸沖,39°29.5′N,142°58.3′E,0 km,4.6,震度１,39.49166667,142.9716667
2011/3/13,12:07:42,福島県沖,37°01.0′N,142°29.9′E,2 km,5.4,震度１,37.01666667,142.4983333
2011/3/13,12:09:45,千葉県北東部,35°21.2′N,140°20.6′E,25 km,3.6,震度３,35.35333333,140.3433333
2011/3/13,12:11:02,福島県沖,37°31.3′N,141°04.5′E,18 km,3.5,震度２,37.52166667,141.075
2011/3/13,12:13:50,千葉県東方沖,35°52.8′N,140°57.5′E,32 km,3.3,震度１,35.88,140.9583333
2011/3/13,12:14:41,群馬県南部,36°34.6′N,139°24.2′E,5 km,2.6,震度２,36.57666667,139.4033333
2011/3/13,12:22:15,長野県北部,36°58.8′N,138°33.8′E,8 km,2.2,震度１,36.98,138.5633333
2011/3/13,12:22:22,茨城県沖,36°33.8′N,141°00.6′E,41 km,3.7,震度１,36.56333333,141.01
2011/3/13,12:25:09,茨城県沖,36°40.1′N,141°04.6′E,40 km,3.7,震度２,36.66833333,141.0766667
2011/3/13,12:31:09,長野県北部,36°49.6′N,138°34.8′E,0 km,3.7,震度３,36.82666667,138.58
2011/3/13,12:32:02,千葉県東方沖,35°23.3′N,140°28.4′E,22 km,3.7,震度２,35.38833333,140.4733333
2011/3/13,12:32:19,新潟県中越地方,37°00.8′N,138°40.1′E,9 km,3.8,震度４,37.01333333,138.6683333
2011/3/13,12:34:09,福島県沖,37°34.7′N,142°54.3′E,41 km,4.7,震度１,37.57833333,142.905
2011/3/13,12:34:26,長野県北部,36°49.7′N,138°35.1′E,0 km,3.6,震度３,36.82833333,138.585
2011/3/13,12:45:41,宮城県沖,38°12.2′N,142°40.2′E,14 km,4.8,震度１,38.20333333,142.67
2011/3/13,12:47:34,新潟県中越地方,36°59.2′N,138°38.1′E,9 km,2.3,震度１,36.98666667,138.635
2011/3/13,12:52:44,宮城県沖,38°52.7′N,141°53.0′E,59 km,4,震度２,38.87833333,141.8833333
2011/3/13,12:59:45,福島県沖,37°42.6′N,141°49.6′E,4 km,4.6,震度１,37.71,141.8266667
2011/3/13,13:01:17,岩手県沖,39°07.9′N,142°23.2′E,13 km,3.8,震度１,39.13166667,142.3866667
2011/3/13,13:02:11,宮城県沖,38°01.4′N,142°42.2′E,28 km,5,震度２,38.02333333,142.7033333
2011/3/13,13:12:52,茨城県沖,35°48.5′N,141°58.6′E,42 km,5.1,震度１,35.80833333,141.9766667
2011/3/13,13:22:22,福島県沖,37°33.6′N,142°00.0′E,7 km,4.4,震度１,37.56,142
2011/3/13,13:23:11,岐阜県飛騨地方,36°09.1′N,137°31.9′E,3 km,2.5,震度１,36.15166667,137.5316667
2011/3/13,13:23:21,茨城県沖,36°35.5′N,141°05.0′E,34 km,3.8,震度１,36.59166667,141.0833333
2011/3/13,13:23:22,三陸沖,38°07.7′N,143°04.7′E,23 km,5.3,震度２,38.12833333,143.0783333
2011/3/13,13:28:22,長野県北部,36°59.8′N,138°35.6′E,6 km,2.1,震度１,36.99666667,138.5933333
2011/3/13,13:29:43,茨城県北部,36°30.7′N,140°26.7′E,26 km,3,震度１,36.51166667,140.445
2011/3/13,13:36:11,千葉県東方沖,35°13.7′N,141°26.4′E,27 km,4.9,震度１,35.22833333,141.44
2011/3/13,13:36:55,宮城県沖,37°57.6′N,141°36.0′E,46 km,4.1,震度１,37.96,141.6
2011/3/13,13:39:41,天草灘,32°32.8′N,129°56.0′E,15 km,2.7,震度１,32.54666667,129.9333333
2011/3/13,13:49:33,岩手県内陸南部,39°18.1′N,140°52.9′E,10 km,3,震度１,39.30166667,140.8816667
2011/3/13,13:55:03,長野県北部,36°58.0′N,138°34.5′E,7 km,2.3,震度１,36.96666667,138.575
2011/3/13,14:00:24,茨城県沖,36°14.8′N,141°48.3′E,19 km,4.5,震度１,36.24666667,141.805
2011/3/13,14:09:55,茨城県沖,36°27.8′N,141°04.5′E,39 km,4.1,震度２,36.46333333,141.075
2011/3/13,14:21:35,岩手県沖,39°29.5′N,142°33.2′E,17 km,4,震度２,39.49166667,142.5533333
2011/3/13,14:22:51,千葉県南部,35°19.4′N,140°22.1′E,27 km,3.3,震度１,35.32333333,140.3683333
2011/3/13,14:26:59,岩手県沖,39°19.6′N,142°36.4′E,16 km,4,震度１,39.32666667,142.6066667
2011/3/13,14:36:47,宮城県沖,38°58.7′N,141°58.0′E,51 km,4.2,震度２,38.97833333,141.9666667
2011/3/13,14:37:58,茨城県沖,36°25.9′N,141°07.0′E,36 km,4.1,震度１,36.43166667,141.1166667
2011/3/13,14:42:51,福島県沖,37°19.0′N,141°46.9′E,14 km,4.3,震度１,37.31666667,141.7816667
2011/3/13,14:45:38,長野県北部,36°49.4′N,138°35.7′E,0 km,2.8,震度１,36.82333333,138.595
2011/3/13,14:46:55,茨城県沖,36°45.5′N,141°09.6′E,38 km,3.5,震度１,36.75833333,141.16
2011/3/13,14:47:38,岩手県沖,39°32.7′N,142°45.2′E,8 km,4.7,震度２,39.545,142.7533333
2011/3/13,14:50:52,福島県沖,37°25.0′N,142°10.0′E,10 km,4.7,震度１,37.41666667,142.1666667
2011/3/13,14:51:10,長野県中部,36°12.3′N,137°59.6′E,6 km,2,震度１,36.205,137.9933333
2011/3/13,14:55:05,宮城県沖,38°17.3′N,142°14.8′E,38 km,4.9,震度３,38.28833333,142.2466667
2011/3/13,14:57:48,岩手県沖,39°39.6′N,142°44.0′E,12 km,4.4,震度１,39.66,142.7333333
2011/3/13,14:59:54,福島県沖,37°02.3′N,141°22.6′E,43 km,4.7,震度３,37.03833333,141.3766667
2011/3/13,15:13:48,茨城県沖,36°27.4′N,140°56.9′E,36 km,3.7,震度１,36.45666667,140.9483333
2011/3/13,15:14:12,東京湾,35°31.3′N,139°52.8′E,23 km,3.1,震度２,35.52166667,139.88
2011/3/13,15:19:10,岩手県沖,40°05.3′N,142°10.0′E,44 km,4.3,震度３,40.08833333,142.1666667
2011/3/13,15:22:35,茨城県沖,36°04.2′N,141°09.4′E,32 km,3.8,震度１,36.07,141.1566667
2011/3/13,15:27:27,宮城県沖,38°07.0′N,141°43.2′E,37 km,3.9,震度１,38.11666667,141.72
2011/3/13,15:29:15,茨城県沖,36°34.5′N,141°15.0′E,33 km,4.3,震度１,36.575,141.25
2011/3/13,15:34:47,宮城県沖,38°25.0′N,141°57.9′E,36 km,3.6,震度１,38.41666667,141.965
2011/3/13,15:36:11,長野県北部,36°54.7′N,138°34.7′E,0 km,2.6,震度２,36.91166667,138.5783333
2011/3/13,15:36:30,福島県沖,36°58.1′N,141°41.5′E,23 km,4.3,震度１,36.96833333,141.6916667
2011/3/13,15:37:04,長野県南部,35°54.9′N,137°37.4′E,8 km,3.3,震度２,35.915,137.6233333
2011/3/13,15:45:57,岩手県沖,39°18.6′N,142°33.8′E,5 km,4.5,震度１,39.31,142.5633333
2011/3/13,15:47:31,茨城県沖,36°16.4′N,141°14.3′E,38 km,4.4,震度２,36.27333333,141.2383333
2011/3/13,15:53:06,福島県沖,37°25.0′N,141°10.7′E,20 km,3.2,震度１,37.41666667,141.1783333
2011/3/13,16:02:57,千葉県東方沖,35°22.4′N,140°29.5′E,22 km,2.9,震度１,35.37333333,140.4916667
2011/3/13,16:04:34,三陸沖,38°20.1′N,144°11.2′E,48 km,5.4,震度２,38.335,144.1866667
2011/3/13,16:07:30,千葉県東方沖,35°17.2′N,141°16.4′E,12 km,3.9,震度１,35.28666667,141.2733333
2011/3/13,16:09:24,茨城県沖,36°17.4′N,140°40.9′E,45 km,3,震度１,36.29,140.6816667
2011/3/13,16:11:42,岐阜県飛騨地方,36°14.4′N,137°34.9′E,4 km,1.9,震度１,36.24,137.5816667
2011/3/13,16:16:06,福島県沖,37°37.1′N,141°44.0′E,33 km,4,震度２,37.61833333,141.7333333
2011/3/13,16:20:04,福島県沖,37°24.7′N,141°13.7′E,9 km,4.2,震度２,37.41166667,141.2283333
2011/3/13,16:20:42,新潟県中越地方,36°59.3′N,138°36.2′E,0 km,1.9,震度２,36.98833333,138.6033333
2011/3/13,16:24:03,長野県北部,36°59.3′N,138°35.7′E,7 km,1.6,震度１,36.98833333,138.595
2011/3/13,16:26:15,長野県北部,36°59.3′N,138°35.9′E,3 km,1.6,震度２,36.98833333,138.5983333
2011/3/13,16:28:09,宮城県沖,38°18.0′N,141°52.2′E,37 km,4,震度１,38.3,141.87
2011/3/13,16:35:30,新潟県中越地方,37°01.0′N,138°41.7′E,9 km,2.1,震度１,37.01666667,138.695
2011/3/13,16:37:23,福島県沖,36°54.6′N,143°01.3′E,22 km,4.4,震度１,36.91,143.0216667
2011/3/13,16:38:00,岩手県沖,39°38.8′N,142°50.2′E,9 km,4.5,震度１,39.64666667,142.8366667
2011/3/13,16:39:52,長野県北部,36°55.4′N,138°34.9′E,3 km,2.6,震度２,36.92333333,138.5816667
2011/3/13,16:45:17,福島県沖,37°23.0′N,141°21.8′E,25 km,3.6,震度２,37.38333333,141.3633333
2011/3/13,16:50:11,長野県北部,36°55.8′N,138°35.1′E,2 km,1.7,震度１,36.93,138.585
2011/3/13,16:56:40,三陸沖,39°38.4′N,143°27.1′E,6 km,5.8,震度３,39.64,143.4516667
2011/3/13,17:10:46,宮城県沖,38°44.0′N,142°19.5′E,30 km,4.3,震度１,38.73333333,142.325
2011/3/13,17:11:35,岩手県沖,39°13.6′N,142°14.8′E,27 km,4.3,震度１,39.22666667,142.2466667
2011/3/13,17:12:24,岩手県沖,39°41.8′N,142°42.5′E,22 km,4.4,震度１,39.69666667,142.7083333
2011/3/13,17:13:38,長野県中部,36°12.4′N,137°59.6′E,6 km,2.1,震度１,36.20666667,137.9933333
2011/3/13,17:22:13,長野県北部,36°56.8′N,138°32.9′E,8 km,1.5,震度１,36.94666667,138.5483333
2011/3/13,17:29:19,新潟県中越地方,37°00.7′N,138°40.0′E,9 km,2.6,震度２,37.01166667,138.6666667
2011/3/13,17:35:22,福島県沖,37°09.6′N,141°54.0′E,32 km,4.1,震度１,37.16,141.9
2011/3/13,17:41:05,福島県沖,37°22.1′N,141°20.0′E,21 km,3.6,震度２,37.36833333,141.3333333
2011/3/13,17:42:16,福島県沖,37°37.8′N,141°49.0′E,29 km,4.4,震度１,37.63,141.8166667
2011/3/13,17:43:20,福島県沖,37°09.8′N,142°28.2′E,6 km,5,震度１,37.16333333,142.47
2011/3/13,18:05:11,茨城県沖,36°34.9′N,141°01.4′E,41 km,3.9,震度２,36.58166667,141.0233333
2011/3/13,18:09:28,福島県沖,37°17.2′N,141°21.8′E,43 km,3.9,震度２,37.28666667,141.3633333
2011/3/13,18:12:57,福島県沖,37°40.8′N,143°44.0′E,54 km,5.1,震度１,37.68,143.7333333
2011/3/13,18:14:34,岐阜県美濃中西部,35°15.0′N,136°28.7′E,6 km,2.8,震度１,35.25,136.4783333
2011/3/13,18:25:04,岩手県沖,39°02.4′N,142°40.3′E,10 km,5.5,震度３,39.04,142.6716667
2011/3/13,18:29:22,千葉県東方沖,35°16.3′N,140°36.4′E,19 km,3.6,震度１,35.27166667,140.6066667
2011/3/13,18:33:57,長野県北部,36°41.9′N,138°09.2′E,1 km,2.2,震度１,36.69833333,138.1533333
2011/3/13,18:44:02,新潟県中越地方,36°57.5′N,138°36.0′E,5 km,2.2,震度１,36.95833333,138.6
2011/3/13,18:45:40,茨城県沖,36°35.8′N,141°50.6′E,68 km,4.3,震度１,36.59666667,141.8433333
2011/3/13,18:47:50,福島県沖,37°34.9′N,142°03.9′E,5 km,4.3,震度１,37.58166667,142.065
2011/3/13,18:50:23,長野県北部,36°58.4′N,138°35.8′E,8 km,2.1,震度１,36.97333333,138.5966667
2011/3/13,18:52:31,宮城県沖,38°48.8′N,142°07.2′E,42 km,5.6,震度３,38.81333333,142.12
2011/3/13,19:08:12,新潟県中越地方,37°01.3′N,138°41.6′E,9 km,2.9,震度１,37.02166667,138.6933333
2011/3/13,19:08:34,福島県沖,37°06.8′N,141°03.6′E,55 km,3.9,震度２,37.11333333,141.06
2011/3/13,19:26:22,新潟県中越地方,36°56.1′N,138°36.2′E,5 km,2.4,震度１,36.935,138.6033333
2011/3/13,19:43:10,宮城県沖,38°10.7′N,141°41.0′E,37 km,4.4,震度２,38.17833333,141.6833333
2011/3/13,19:47:20,岩手県内陸南部,39°20.8′N,141°25.0′E,11 km,2.5,震度１,39.34666667,141.4166667
2011/3/13,19:58:42,福島県沖,37°15.5′N,141°07.1′E,23 km,2.9,震度１,37.25833333,141.1183333
2011/3/13,20:00:16,トカラ列島近海,29°11.0′N,129°12.0′E,11 km,3.2,震度１,29.18333333,129.2
2011/3/13,20:00:45,長野県北部,36°49.4′N,138°35.6′E,0 km,3.1,震度１,36.82333333,138.5933333
2011/3/13,20:07:51,茨城県沖,36°17.6′N,141°10.4′E,26 km,4.2,震度２,36.29333333,141.1733333
2011/3/13,20:11:58,茨城県沖,36°07.2′N,141°12.5′E,25 km,4.1,震度１,36.12,141.2083333
2011/3/13,20:15:15,茨城県沖,36°17.3′N,141°09.6′E,43 km,3.9,震度１,36.28833333,141.16
2011/3/13,20:19:33,岩手県沖,39°33.1′N,142°42.3′E,1 km,4.4,震度１,39.55166667,142.705
2011/3/13,20:23:40,岐阜県飛騨地方,36°09.8′N,137°27.7′E,4 km,3.2,震度２,36.16333333,137.4616667
2011/3/13,20:23:40,福島県沖,37°18.5′N,141°41.9′E,28 km,3.8,震度１,37.30833333,141.6983333
2011/3/13,20:27:31,宮城県沖,38°39.1′N,142°07.2′E,44 km,4.8,震度２,38.65166667,142.12
2011/3/13,20:37:27,福島県沖,37°23.7′N,142°26.0′E,2 km,6.1,震度３,37.395,142.4333333
2011/3/13,20:51:30,新潟県中越地方,37°01.1′N,138°39.5′E,9 km,3.1,震度２,37.01833333,138.6583333
2011/3/13,20:54:13,茨城県沖,36°24.5′N,141°06.3′E,49 km,3.7,震度１,36.40833333,141.105
2011/3/13,20:56:26,茨城県沖,36°04.3′N,141°22.4′E,32 km,4.8,震度３,36.07166667,141.3733333
2011/3/13,21:02:49,福島県沖,37°22.1′N,142°32.5′E,20 km,4.7,震度１,37.36833333,142.5416667
2011/3/13,21:14:13,長野県北部,36°58.1′N,138°34.3′E,12 km,1.9,震度２,36.96833333,138.5716667
2011/3/13,21:29:04,宮城県沖,38°37.6′N,142°00.2′E,49 km,3.6,震度１,38.62666667,142.0033333
2011/3/13,21:31:06,茨城県沖,36°47.6′N,140°58.6′E,46 km,3.5,震度１,36.79333333,140.9766667
2011/3/13,21:35:43,岩手県沖,39°38.1′N,142°07.2′E,42 km,3.3,震度１,39.635,142.12
2011/3/13,21:38:07,茨城県沖,36°15.4′N,140°47.2′E,35 km,3.3,震度１,36.25666667,140.7866667
2011/3/13,21:40:43,福島県沖,37°25.3′N,141°22.7′E,24 km,3.8,震度１,37.42166667,141.3783333
2011/3/13,21:44:28,福島県沖,37°18.2′N,141°51.6′E,26 km,4.8,震度３,37.30333333,141.86
2011/3/13,21:56:19,群馬県南部,36°33.2′N,139°23.7′E,5 km,2.9,震度１,36.55333333,139.395
2011/3/13,21:57:19,長野県北部,36°55.8′N,138°31.2′E,2 km,3.1,震度２,36.93,138.52
2011/3/13,21:59:06,茨城県南部,35°59.2′N,140°15.4′E,40 km,3.4,震度２,35.98666667,140.2566667
2011/3/13,22:01:10,宮城県沖,38°14.1′N,142°11.6′E,16 km,4.2,震度１,38.235,142.1933333
2011/3/13,22:07:33,茨城県北部,36°33.9′N,140°24.5′E,62 km,3.2,震度１,36.565,140.4083333
2011/3/13,22:09:26,福井県嶺南,35°23.2′N,135°43.1′E,7 km,2.6,震度１,35.38666667,135.7183333
2011/3/13,22:20:36,長野県北部,36°57.2′N,138°34.5′E,7 km,2.2,震度１,36.95333333,138.575
2011/3/13,22:26:11,長野県北部,36°49.7′N,138°34.9′E,0 km,2.6,震度１,36.82833333,138.5816667
2011/3/13,22:27:39,福島県沖,37°23.9′N,141°19.6′E,47 km,4,震度２,37.39833333,141.3266667
2011/3/13,22:39:44,福島県沖,37°12.5′N,141°22.3′E,40 km,3.6,震度１,37.20833333,141.3716667
2011/3/13,22:43:39,宮城県沖,38°58.2′N,142°30.6′E,26 km,4.8,震度３,38.97,142.51
2011/3/13,23:01:21,福島県沖,36°55.7′N,141°06.4′E,47 km,3.9,震度１,36.92833333,141.1066667
2011/3/13,23:02:16,岩手県沖,39°12.8′N,142°32.7′E,17 km,4,震度２,39.21333333,142.545
2011/3/13,23:04:25,福島県沖,37°17.9′N,141°35.4′E,35 km,4.1,震度１,37.29833333,141.59
2011/3/13,23:05:22,茨城県沖,36°49.4′N,141°17.3′E,36 km,3.2,震度１,36.82333333,141.2883333
2011/3/13,23:06:01,福島県沖,37°22.4′N,141°21.1′E,20 km,3.4,震度１,37.37333333,141.3516667
2011/3/13,23:06:19,福島県沖,36°57.2′N,140°58.7′E,51 km,3.5,震度１,36.95333333,140.9783333
2011/3/13,23:08:50,千葉県東方沖,35°16.6′N,140°35.9′E,20 km,3.8,震度２,35.27666667,140.5983333
2011/3/13,23:13:54,長野県北部,36°49.4′N,138°36.8′E,0 km,2.7,震度１,36.82333333,138.6133333
2011/3/13,23:14:28,福島県沖,37°32.0′N,142°02.4′E,17 km,4.5,震度１,37.53333333,142.04
2011/3/13,23:26:37,宮城県沖,38°13.5′N,142°06.5′E,34 km,4.1,震度１,38.225,142.1083333
2011/3/13,23:27:55,長野県北部,36°58.0′N,138°34.2′E,6 km,3.6,震度４,36.96666667,138.57
2011/3/13,23:28:36,福島県沖,36°54.7′N,141°15.7′E,43 km,4.4,震度３,36.91166667,141.2616667
2011/3/13,23:31:54,三陸沖,39°11.4′N,142°56.3′E,4 km,5.2,震度２,39.19,142.9383333
2011/3/13,23:40:32,福島県沖,37°31.1′N,141°51.0′E,7 km,4.3,震度１,37.51833333,141.85
2011/3/13,23:41:19,三陸沖,38°19.9′N,142°52.3′E,0 km,5.1,震度２,38.33166667,142.8716667
2011/3/13,23:44:15,岩手県沖,39°03.1′N,142°22.2′E,28 km,4.3,震度２,39.05166667,142.37
2011/3/13,23:48:01,福島県沖,37°35.5′N,142°53.0′E,11 km,5.7,震度２,37.59166667,142.8833333
2011/3/14,0:01:48,長野県北部,36°58.0′N,138°30.2′E,10 km,2.6,震度１,36.96666667,138.5033333
2011/3/14,0:10:51,千葉県東方沖,35°33.6′N,141°04.7′E,36 km,5.1,震度３,35.56,141.0783333
2011/3/14,0:11:58,宮城県沖,38°00.6′N,142°31.1′E,0 km,4.6,震度１,38.01,142.5183333
2011/3/14,0:14:44,長野県北部,36°55.8′N,138°35.3′E,3 km,1.8,震度１,36.93,138.5883333
2011/3/14,0:15:30,千葉県東方沖,35°51.2′N,140°53.6′E,6 km,3.8,震度１,35.85333333,140.8933333
2011/3/14,0:18:01,長野県北部,36°56.6′N,138°35.7′E,4 km,2.4,震度２,36.94333333,138.595
2011/3/14,0:25:53,岩手県沖,39°30.8′N,142°38.3′E,10 km,4.1,震度１,39.51333333,142.6383333
2011/3/14,0:26:48,福島県沖,37°22.1′N,141°17.1′E,29 km,3.7,震度１,37.36833333,141.285
2011/3/14,0:27:18,岩手県沖,39°31.4′N,142°39.3′E,6 km,5,震度２,39.52333333,142.655
2011/3/14,0:45:13,岩手県沖,39°12.8′N,142°24.4′E,21 km,4.5,震度２,39.21333333,142.4066667
2011/3/14,0:51:40,長野県北部,36°41.5′N,138°09.1′E,0 km,2,震度１,36.69166667,138.1516667
2011/3/14,0:56:36,栃木県北部,36°48.4′N,139°28.4′E,5 km,2.7,震度２,36.80666667,139.4733333
2011/3/14,1:04:42,千葉県北東部,35°44.4′N,140°49.7′E,29 km,4.1,震度２,35.74,140.8283333
2011/3/14,1:10:03,福島県沖,37°07.5′N,141°25.4′E,21 km,3.5,震度１,37.125,141.4233333
2011/3/14,1:11:33,茨城県沖,36°46.1′N,141°10.0′E,38 km,4,震度１,36.76833333,141.1666667
2011/3/14,1:13:05,茨城県北部,36°41.4′N,140°41.6′E,12 km,2.9,震度１,36.69,140.6933333
2011/3/14,1:15:57,三陸沖,39°15.9′N,142°59.0′E,0 km,4.8,震度２,39.265,142.9833333
2011/3/14,1:20:40,岩手県沖,40°06.3′N,142°13.3′E,38 km,3.7,震度１,40.105,142.2216667
2011/3/14,1:22:07,長野県北部,37°00.3′N,138°34.4′E,9 km,2.6,震度２,37.005,138.5733333
2011/3/14,1:36:40,新潟県中越地方,37°01.7′N,138°40.3′E,10 km,2.7,震度１,37.02833333,138.6716667
2011/3/14,1:47:55,千葉県東方沖,35°16.6′N,140°36.7′E,19 km,4.2,震度２,35.27666667,140.6116667
2011/3/14,1:50:39,千葉県東方沖,35°47.3′N,141°03.2′E,26 km,4.2,震度２,35.78833333,141.0533333
2011/3/14,1:59:47,茨城県南部,35°45.2′N,140°50.7′E,31 km,3.7,震度２,35.75333333,140.845
2011/3/14,2:01:31,千葉県東方沖,35°15.4′N,141°18.1′E,23 km,5.1,震度２,35.25666667,141.3016667
2011/3/14,2:03:24,宮城県沖,38°46.9′N,142°00.7′E,44 km,3.7,震度１,38.78166667,142.0116667
2011/3/14,2:04:13,福島県沖,37°10.9′N,141°34.8′E,25 km,4.5,震度３,37.18166667,141.58
2011/3/14,2:07:16,福島県沖,37°14.0′N,141°14.3′E,32 km,3.6,震度２,37.23333333,141.2383333
2011/3/14,2:08:24,福島県浜通り,37°11.4′N,141°00.0′E,25 km,3.9,震度２,37.19,141
2011/3/14,2:16:14,宮城県沖,38°42.1′N,141°42.5′E,49 km,3.8,震度１,38.70166667,141.7083333
2011/3/14,2:20:46,福島県沖,36°58.8′N,141°34.0′E,29 km,4.6,震度２,36.98,141.5666667
2011/3/14,2:29:10,千葉県東方沖,35°45.5′N,140°51.2′E,32 km,4.8,震度３,35.75833333,140.8533333
2011/3/14,2:35:28,茨城県南部,36°14.0′N,140°28.0′E,52 km,3.5,震度１,36.23333333,140.4666667
2011/3/14,2:40:28,宮城県沖,37°56.0′N,142°34.9′E,2 km,5.1,震度２,37.93333333,142.5816667
2011/3/14,2:50:05,茨城県沖,36°04.5′N,141°47.4′E,39 km,4.4,震度２,36.075,141.79
2011/3/14,2:53:39,福島県沖,37°15.4′N,142°22.3′E,12 km,4.4,震度１,37.25666667,142.3716667
2011/3/14,2:54:59,千葉県東方沖,35°23.3′N,140°29.3′E,23 km,2.8,震度２,35.38833333,140.4883333
2011/3/14,2:55:25,千葉県東方沖,35°14.8′N,141°13.8′E,16 km,5.7,震度２,35.24666667,141.23
2011/3/14,3:01:18,長野県北部,36°56.3′N,138°35.2′E,6 km,3.4,震度２,36.93833333,138.5866667
2011/3/14,3:03:19,茨城県沖,36°14.4′N,141°12.2′E,31 km,4.6,震度２,36.24,141.2033333
2011/3/14,3:40:17,茨城県沖,36°22.3′N,140°59.3′E,41 km,3.6,震度１,36.37166667,140.9883333
2011/3/14,3:42:44,岐阜県飛騨地方,36°14.5′N,137°34.7′E,3 km,3.2,震度２,36.24166667,137.5783333
2011/3/14,3:43:39,福島県沖,36°51.6′N,141°11.1′E,43 km,3.9,震度１,36.86,141.185
2011/3/14,3:45:13,宮城県沖,38°22.2′N,142°21.0′E,29 km,4.8,震度３,38.37,142.35
2011/3/14,3:47:08,新潟県中越地方,37°01.4′N,138°39.6′E,15 km,2.6,震度１,37.02333333,138.66
2011/3/14,3:49:31,千葉県東方沖,35°14.5′N,141°13.8′E,18 km,4.7,震度１,35.24166667,141.23
2011/3/14,3:52:42,宮城県沖,38°25.0′N,142°10.0′E,13 km,4.3,震度１,38.41666667,142.1666667
2011/3/14,3:58:29,千葉県北東部,35°44.6′N,140°49.8′E,29 km,3,震度１,35.74333333,140.83
2011/3/14,4:13:24,茨城県沖,36°09.0′N,141°00.4′E,33 km,3.5,震度１,36.15,141.0066667
2011/3/14,4:15:12,福島県沖,37°18.1′N,142°06.7′E,17 km,4.6,震度１,37.30166667,142.1116667
2011/3/14,4:16:38,千葉県東方沖,35°52.7′N,141°01.8′E,13 km,4.9,震度３,35.87833333,141.03
2011/3/14,4:23:24,滋賀県南部,35°05.7′N,136°09.2′E,14 km,3.6,震度２,35.095,136.1533333
2011/3/14,4:27:22,福島県沖,37°11.4′N,141°04.5′E,28 km,4.1,震度３,37.19,141.075
2011/3/14,4:35:50,千葉県東方沖,35°52.6′N,141°01.3′E,10 km,3.9,震度１,35.87666667,141.0216667
2011/3/14,4:41:26,千葉県東方沖,35°46.8′N,141°05.4′E,33 km,3.6,震度１,35.78,141.09
2011/3/14,4:42:56,福島県沖,37°19.1′N,141°04.2′E,25 km,3.7,震度２,37.31833333,141.07
2011/3/14,4:48:16,新潟県中越地方,37°02.4′N,138°38.5′E,12 km,3,震度１,37.04,138.6416667
2011/3/14,4:52:26,茨城県南部,35°58.0′N,140°38.2′E,36 km,3.6,震度２,35.96666667,140.6366667
2011/3/14,4:59:50,福島県沖,36°58.4′N,141°54.3′E,36 km,5.3,震度２,36.97333333,141.905
2011/3/14,5:04:52,長野県北部,36°44.2′N,138°29.5′E,2 km,2.5,震度２,36.73666667,138.4916667
2011/3/14,5:10:35,岩手県沖,39°09.4′N,141°53.9′E,51 km,3,震度１,39.15666667,141.8983333
2011/3/14,5:13:39,福島県沖,37°27.4′N,142°02.5′E,17 km,4.4,震度１,37.45666667,142.0416667
2011/3/14,5:14:50,茨城県沖,36°35.0′N,140°50.2′E,30 km,3.8,震度１,36.58333333,140.8366667
2011/3/14,5:16:11,岩手県沖,39°25.4′N,142°42.0′E,8 km,4.1,震度１,39.42333333,142.7
2011/3/14,5:21:46,東京湾,35°31.7′N,139°55.1′E,27 km,2.7,震度１,35.52833333,139.9183333
2011/3/14,5:23:37,茨城県沖,36°00.7′N,141°10.5′E,36 km,4.2,震度２,36.01166667,141.175
2011/3/14,5:25:40,宮城県沖,38°58.9′N,142°23.2′E,25 km,4,震度２,38.98166667,142.3866667
2011/3/14,5:32:21,福島県沖,37°22.0′N,141°56.3′E,23 km,4.2,震度１,37.36666667,141.9383333
2011/3/14,5:38:14,宮城県沖,38°46.1′N,142°21.7′E,37 km,4.2,震度１,38.76833333,142.3616667
2011/3/14,5:48:38,宮城県沖,38°39.6′N,141°53.0′E,42 km,4.1,震度１,38.66,141.8833333
2011/3/14,5:52:08,宮城県沖,37°54.1′N,142°17.5′E,17 km,4.2,震度１,37.90166667,142.2916667
2011/3/14,6:00:54,長野県北部,36°58.0′N,138°34.6′E,6 km,1.6,震度１,36.96666667,138.5766667
2011/3/14,6:13:37,長野県北部,36°55.5′N,138°35.0′E,3 km,2.4,震度２,36.925,138.5833333
2011/3/14,6:13:37,福島県沖,37°38.4′N,141°56.7′E,8 km,4.2,震度１,37.64,141.945
2011/3/14,6:17:24,宮城県沖,38°17.2′N,142°05.2′E,18 km,4.3,震度１,38.28666667,142.0866667
2011/3/14,6:26:06,茨城県沖,36°48.4′N,141°08.0′E,46 km,3.5,震度１,36.80666667,141.1333333
2011/3/14,6:28:22,茨城県沖,36°38.7′N,141°04.6′E,44 km,3.6,震度１,36.645,141.0766667
2011/3/14,6:28:22,岩手県沖,39°04.3′N,142°22.5′E,21 km,3.9,震度１,39.07166667,142.375
2011/3/14,6:44:38,千葉県東方沖,35°51.5′N,140°55.6′E,10 km,4.1,震度１,35.85833333,140.9266667
2011/3/14,6:47:27,福島県沖,37°01.0′N,142°03.0′E,30 km,4,震度１,37.01666667,142.05
2011/3/14,6:47:30,岐阜県飛騨地方,35°48.7′N,137°11.4′E,13 km,3.1,震度１,35.81166667,137.19
2011/3/14,6:52:56,岩手県沖,39°02.2′N,142°25.0′E,29 km,4.5,震度２,39.03666667,142.4166667
2011/3/14,7:06:42,千葉県東方沖,35°52.3′N,140°56.9′E,11 km,3.7,震度２,35.87166667,140.9483333
2011/3/14,7:12:58,岩手県内陸南部,39°03.6′N,141°20.5′E,115 km,4.2,震度２,39.06,141.3416667
2011/3/14,7:15:22,千葉県東方沖,35°51.6′N,140°58.4′E,14 km,2.3,震度１,35.86,140.9733333
2011/3/14,7:16:31,茨城県沖,36°15.8′N,140°54.5′E,36 km,4.4,震度３,36.26333333,140.9083333
2011/3/14,7:18:39,岩手県沖,39°03.4′N,142°20.9′E,22 km,4.3,震度１,39.05666667,142.3483333
2011/3/14,7:20:16,茨城県沖,36°01.2′N,142°02.8′E,64 km,5.4,震度２,36.02,142.0466667
2011/3/14,7:23:55,三陸沖,39°50.4′N,143°22.5′E,0 km,5.2,震度１,39.84,143.375
2011/3/14,7:34:56,千葉県東方沖,35°48.7′N,140°52.4′E,23 km,3.5,震度１,35.81166667,140.8733333
2011/3/14,7:35:59,岩手県沖,39°06.7′N,142°24.1′E,30 km,4.4,震度２,39.11166667,142.4016667
2011/3/14,7:38:18,秋田県内陸南部,39°35.0′N,140°24.6′E,6 km,3.2,震度２,39.58333333,140.41
2011/3/14,7:42:14,福島県沖,37°44.1′N,142°00.6′E,28 km,4.2,震度２,37.735,142.01
2011/3/14,7:46:16,秋田県内陸南部,39°35.2′N,140°24.5′E,7 km,3.1,震度３,39.58666667,140.4083333
2011/3/14,7:48:23,福島県沖,37°13.2′N,141°11.1′E,29 km,3.7,震度１,37.22,141.185
2011/3/14,7:56:32,福島県沖,36°54.3′N,141°03.7′E,50 km,4.3,震度２,36.905,141.0616667
2011/3/14,8:01:22,岩手県沖,39°25.9′N,142°43.4′E,0 km,4.6,震度１,39.43166667,142.7233333
2011/3/14,8:06:20,岩手県沖,39°58.3′N,142°19.0′E,37 km,4.1,震度２,39.97166667,142.3166667
2011/3/14,8:25:13,岩手県沖,39°58.0′N,142°19.0′E,36 km,4,震度１,39.96666667,142.3166667
2011/3/14,8:30:32,茨城県沖,35°57.4′N,141°11.9′E,22 km,3.4,震度１,35.95666667,141.1983333
2011/3/14,8:33:10,茨城県北部,36°47.4′N,140°34.5′E,1 km,4,震度２,36.79,140.575
2011/3/14,8:37:52,宮城県沖,38°52.2′N,142°17.9′E,28 km,4.1,震度２,38.87,142.2983333
2011/3/14,8:41:28,茨城県沖,36°39.2′N,140°57.6′E,49 km,4.6,震度３,36.65333333,140.96
2011/3/14,8:42:19,福島県沖,37°20.0′N,141°23.8′E,43 km,4.3,震度３,37.33333333,141.3966667
2011/3/14,8:47:55,長野県中部,36°11.4′N,138°00.8′E,3 km,3.1,震度３,36.19,138.0133333
2011/3/14,8:53:49,千葉県東方沖,35°47.6′N,141°04.9′E,35 km,4.9,震度３,35.79333333,141.0816667
2011/3/14,9:01:43,千葉県北東部,35°43.9′N,140°49.6′E,31 km,4.5,震度２,35.73166667,140.8266667
2011/3/14,9:19:31,長野県北部,36°57.8′N,138°35.5′E,6 km,1.8,震度１,36.96333333,138.5916667
2011/3/14,9:20:51,茨城県北部,36°37.7′N,140°37.8′E,48 km,3.7,震度１,36.62833333,140.63
2011/3/14,9:22:50,福島県沖,36°52.9′N,141°43.3′E,42 km,5,震度１,36.88166667,141.7216667
2011/3/14,9:27:55,西表島付近,24°22.1′N,123°28.7′E,17 km,3.8,震度１,24.36833333,123.4783333
2011/3/14,9:42:29,宮城県沖,38°18.5′N,141°40.4′E,33 km,4,震度２,38.30833333,141.6733333
2011/3/14,9:46:30,山梨県東部・富士五湖,35°36.3′N,138°59.3′E,24 km,2.9,震度１,35.605,138.9883333
2011/3/14,9:55:49,千葉県東方沖,35°32.9′N,141°06.7′E,36 km,3.9,震度１,35.54833333,141.1116667
2011/3/14,9:56:18,福島県沖,37°44.2′N,142°21.8′E,20 km,4.2,震度１,37.73666667,142.3633333
2011/3/14,9:56:48,長野県北部,37°00.7′N,138°33.8′E,0 km,2.7,震度２,37.01166667,138.5633333
2011/3/14,10:02:39,茨城県沖,36°27.5′N,141°07.5′E,32 km,6.2,震度５弱,36.45833333,141.125
2011/3/14,10:12:07,千葉県東方沖,35°52.2′N,140°54.8′E,29 km,3.9,震度２,35.87,140.9133333
2011/3/14,10:13:10,千葉県東方沖,35°52.1′N,140°56.0′E,31 km,4,震度２,35.86833333,140.9333333
2011/3/14,10:18:42,宮城県沖,38°33.2′N,142°05.2′E,35 km,3.8,震度１,38.55333333,142.0866667
2011/3/14,10:40:16,秋田県内陸南部,39°35.3′N,140°24.6′E,6 km,2.4,震度１,39.58833333,140.41
2011/3/14,10:40:29,茨城県沖,36°27.4′N,141°04.1′E,31 km,3.9,震度２,36.45666667,141.0683333
2011/3/14,10:41:32,秋田県内陸南部,39°35.3′N,140°24.7′E,5 km,2.8,震度２,39.58833333,140.4116667
2011/3/14,10:50:48,岩手県沖,39°30.5′N,142°33.0′E,8 km,4,震度２,39.50833333,142.55
2011/3/14,11:11:25,茨城県沖,36°29.1′N,141°06.4′E,40 km,4.5,震度３,36.485,141.1066667
2011/3/14,11:20:07,茨城県沖,36°28.0′N,141°07.6′E,27 km,3.9,震度１,36.46666667,141.1266667
2011/3/14,11:20:40,宮城県沖,38°15.7′N,141°51.8′E,52 km,3.7,震度１,38.26166667,141.8633333
2011/3/14,11:26:23,千葉県東方沖,35°44.8′N,141°25.1′E,34 km,4,震度１,35.74666667,141.4183333
2011/3/14,11:33:23,長野県中部,36°11.2′N,138°00.9′E,4 km,2.7,震度１,36.18666667,138.015
2011/3/14,12:01:46,宮城県沖,38°48.0′N,142°03.4′E,36 km,4.1,震度２,38.8,142.0566667
2011/3/14,12:09:55,関東東方沖,36°18.5′N,142°41.6′E,16 km,4.8,震度２,36.30833333,142.6933333
2011/3/14,12:10:05,長野県北部,36°50.2′N,138°35.1′E,0 km,3.5,震度３,36.83666667,138.585
2011/3/14,12:10:10,宮城県沖,38°38.8′N,141°52.1′E,53 km,4.6,震度１,38.64666667,141.8683333
2011/3/14,12:15:56,茨城県沖,36°21.2′N,141°39.1′E,30 km,5.5,震度１,36.35333333,141.6516667
2011/3/14,12:18:44,三陸沖,39°17.1′N,144°26.3′E,47 km,5.2,震度１,39.285,144.4383333
2011/3/14,12:20:42,茨城県沖,36°40.8′N,141°45.2′E,40 km,5.3,震度２,36.68,141.7533333
2011/3/14,12:24:43,宮城県沖,37°55.3′N,142°27.2′E,0 km,4.6,震度１,37.92166667,142.4533333
2011/3/14,12:35:11,福島県沖,37°18.9′N,141°17.8′E,33 km,4,震度２,37.315,141.2966667
2011/3/14,12:43:30,茨城県沖,36°20.6′N,140°54.8′E,38 km,3.5,震度１,36.34333333,140.9133333
2011/3/14,12:51:19,茨城県沖,35°58.5′N,141°07.3′E,25 km,3.7,震度１,35.975,141.1216667
2011/3/14,12:58:07,福島県沖,37°24.3′N,141°29.4′E,37 km,3.7,震度１,37.405,141.49
2011/3/14,13:01:20,宮城県沖,38°29.1′N,142°02.3′E,40 km,3.9,震度１,38.485,142.0383333
2011/3/14,13:08:41,福島県沖,37°14.4′N,141°04.4′E,20 km,3.7,震度１,37.24,141.0733333
2011/3/14,13:20:36,福島県沖,37°30.7′N,141°22.7′E,28 km,3.6,震度１,37.51166667,141.3783333
2011/3/14,13:21:59,栃木県南部,36°39.7′N,140°10.8′E,16 km,3,震度１,36.66166667,140.18
2011/3/14,13:24:21,長野県中部,36°11.0′N,138°00.8′E,3 km,3.1,震度２,36.18333333,138.0133333
2011/3/14,13:26:24,長野県中部,36°11.1′N,138°00.7′E,4 km,2.3,震度１,36.185,138.0116667
2011/3/14,13:35:55,茨城県沖,36°34.3′N,141°01.1′E,33 km,3.5,震度１,36.57166667,141.0183333
2011/3/14,13:42:52,長野県北部,36°57.7′N,138°35.1′E,9 km,2.9,震度１,36.96166667,138.585
2011/3/14,13:44:15,茨城県沖,36°37.6′N,141°26.0′E,47 km,4.1,震度１,36.62666667,141.4333333
2011/3/14,13:45:38,福島県沖,37°20.9′N,141°30.5′E,40 km,4.7,震度３,37.34833333,141.5083333
2011/3/14,13:48:18,茨城県沖,36°01.6′N,141°05.2′E,28 km,3.7,震度１,36.02666667,141.0866667
2011/3/14,13:59:05,福島県沖,37°12.1′N,141°22.9′E,46 km,3.9,震度２,37.20166667,141.3816667
2011/3/14,14:12:08,岩手県沖,39°15.8′N,142°20.5′E,23 km,3.8,震度１,39.26333333,142.3416667
2011/3/14,14:26:54,宮城県沖,38°46.2′N,142°09.5′E,34 km,4,震度１,38.77,142.1583333
2011/3/14,14:27:18,福島県沖,36°46.1′N,141°52.7′E,37 km,4.5,震度２,36.76833333,141.8783333
2011/3/14,14:37:18,福島県沖,37°29.4′N,141°10.5′E,23 km,4.1,震度１,37.49,141.175
2011/3/14,14:52:42,岩手県沖,39°02.3′N,142°25.1′E,23 km,3.9,震度１,39.03833333,142.4183333
2011/3/14,14:53:23,茨城県沖,36°24.6′N,142°12.3′E,66 km,4.9,震度１,36.41,142.205
2011/3/14,14:55:22,福島県沖,37°23.0′N,141°22.8′E,41 km,3.8,震度２,37.38333333,141.38
2011/3/14,15:09:31,福島県沖,37°24.4′N,141°19.7′E,26 km,3.4,震度１,37.40666667,141.3283333
2011/3/14,15:12:34,宮城県沖,37°48.2′N,142°35.2′E,7 km,6.5,震度４,37.80333333,142.5866667
2011/3/14,15:16:23,茨城県沖,36°25.1′N,141°37.7′E,53 km,3.9,震度１,36.41833333,141.6283333
2011/3/14,15:17:48,福島県沖,37°43.4′N,142°25.9′E,4 km,5.3,震度４,37.72333333,142.4316667
2011/3/14,15:19:42,福島県沖,37°27.3′N,141°19.6′E,29 km,4.2,震度２,37.455,141.3266667
2011/3/14,15:25:04,福島県沖,37°28.0′N,141°20.9′E,27 km,3.8,震度１,37.46666667,141.3483333
2011/3/14,15:27:21,福島県沖,36°43.6′N,142°18.7′E,20 km,5.3,震度２,36.72666667,142.3116667
2011/3/14,15:38:28,山梨県東部・富士五湖,35°26.0′N,138°44.6′E,11 km,2.8,震度１,35.43333333,138.7433333
2011/3/14,15:38:52,長野県北部,36°55.9′N,138°35.9′E,4 km,3.5,震度４,36.93166667,138.5983333
2011/3/14,15:43:53,岩手県沖,39°10.9′N,142°28.0′E,19 km,5.2,震度３,39.18166667,142.4666667
2011/3/14,15:46:56,三陸沖,37°55.8′N,143°01.3′E,33 km,5.4,震度２,37.93,143.0216667
2011/3/14,15:52:23,福島県沖,36°57.3′N,141°07.2′E,52 km,5.2,震度４,36.955,141.12
2011/3/14,15:56:15,茨城県沖,36°27.1′N,140°43.0′E,52 km,4.2,震度３,36.45166667,140.7166667
2011/3/14,16:00:11,三陸沖,39°13.5′N,143°42.3′E,37 km,5.1,震度１,39.225,143.705
2011/3/14,16:03:28,三陸沖,39°52.0′N,143°39.7′E,31 km,5.2,震度２,39.86666667,143.6616667
2011/3/14,16:09:55,茨城県南部,35°58.7′N,140°03.5′E,62 km,2.7,震度１,35.97833333,140.0583333
2011/3/14,16:21:56,新潟県中越地方,36°59.9′N,138°37.3′E,8 km,2.7,震度１,36.99833333,138.6216667
2011/3/14,16:22:27,宮城県沖,38°43.9′N,142°09.4′E,32 km,3.8,震度１,38.73166667,142.1566667
2011/3/14,16:23:13,宮城県沖,38°39.4′N,142°05.9′E,33 km,3.7,震度１,38.65666667,142.0983333
2011/3/14,16:25:09,長野県中部,36°10.7′N,138°00.9′E,3 km,2.8,震度２,36.17833333,138.015
2011/3/14,16:25:09,茨城県沖,36°43.2′N,141°19.9′E,45 km,5,震度３,36.72,141.3316667
2011/3/14,16:31:37,茨城県沖,36°06.3′N,141°11.8′E,27 km,3.8,震度１,36.105,141.1966667
2011/3/14,16:32:45,千葉県東方沖,35°32.9′N,141°00.5′E,37 km,4.3,震度１,35.54833333,141.0083333
2011/3/14,16:43:05,茨城県沖,36°04.8′N,141°52.6′E,59 km,4.1,震度１,36.08,141.8766667
2011/3/14,16:43:49,岐阜県飛騨地方,36°16.6′N,136°59.4′E,6 km,2.8,震度１,36.27666667,136.99
2011/3/14,16:45:06,宮城県沖,38°09.5′N,141°39.8′E,56 km,3.9,震度１,38.15833333,141.6633333
2011/3/14,16:55:41,福島県沖,37°07.5′N,141°18.7′E,48 km,3.6,震度１,37.125,141.3116667
2011/3/14,16:56:33,茨城県沖,36°06.1′N,141°02.1′E,40 km,3.4,震度１,36.10166667,141.035
2011/3/14,17:01:08,長野県北部,36°57.2′N,138°29.4′E,8 km,2.7,震度１,36.95333333,138.49
2011/3/14,17:15:07,福島県沖,37°05.0′N,141°03.3′E,24 km,3.5,震度２,37.08333333,141.055
2011/3/14,17:23:51,宮城県沖,38°06.9′N,142°09.7′E,14 km,4.9,震度２,38.115,142.1616667
2011/3/14,17:27:10,福島県沖,37°10.3′N,141°23.6′E,43 km,4.4,震度２,37.17166667,141.3933333
2011/3/14,17:33:02,千葉県北東部,35°53.2′N,140°34.0′E,45 km,2.9,震度１,35.88666667,140.5666667
2011/3/14,17:40:33,長野県北部,36°56.7′N,138°29.3′E,8 km,2.8,震度１,36.945,138.4883333
2011/3/14,17:49:00,茨城県沖,36°25.0′N,140°50.0′E,49 km,2.8,震度１,36.41666667,140.8333333
2011/3/14,17:50:20,長野県北部,36°55.1′N,138°35.8′E,1 km,2.6,震度２,36.91833333,138.5966667
2011/3/14,18:02:01,千葉県東方沖,35°33.9′N,141°01.4′E,35 km,3.9,震度２,35.565,141.0233333
2011/3/14,18:07:47,茨城県沖,36°48.6′N,141°23.5′E,32 km,4.8,震度３,36.81,141.3916667
2011/3/14,18:16:11,福島県浜通り,37°10.5′N,140°57.2′E,9 km,3.8,震度２,37.175,140.9533333
2011/3/14,18:17:03,福島県沖,36°56.6′N,141°10.4′E,47 km,3.5,震度１,36.94333333,141.1733333
2011/3/14,18:20:57,福島県沖,37°01.8′N,141°26.0′E,22 km,4.3,震度１,37.03,141.4333333
2011/3/14,18:23:22,千葉県東方沖,35°33.3′N,141°02.9′E,36 km,4.3,震度２,35.555,141.0483333
2011/3/14,18:24:26,千葉県東方沖,35°33.3′N,140°59.3′E,33 km,3.6,震度１,35.555,140.9883333
2011/3/14,18:32:43,長野県北部,36°56.0′N,138°31.3′E,5 km,2.1,震度１,36.93333333,138.5216667
2011/3/14,18:37:47,宮城県中部,38°30.2′N,141°14.8′E,17 km,3.7,震度１,38.50333333,141.2466667
2011/3/14,18:38:48,岩手県沖,39°17.8′N,142°14.6′E,40 km,4.6,震度２,39.29666667,142.2433333
2011/3/14,18:58:38,福島県沖,37°20.2′N,141°07.4′E,31 km,3.6,震度１,37.33666667,141.1233333
2011/3/14,19:17:49,宮城県沖,38°57.0′N,142°23.9′E,25 km,4,震度１,38.95,142.3983333
2011/3/14,19:19:17,宮城県沖,38°22.8′N,142°03.6′E,41 km,4.2,震度２,38.38,142.06
2011/3/14,19:25:40,新島・神津島近海,34°17.5′N,139°13.0′E,5 km,1.7,震度１,34.29166667,139.2166667
2011/3/14,19:27:56,茨城県沖,36°39.9′N,141°08.1′E,44 km,3.9,震度２,36.665,141.135
2011/3/14,19:28:37,福島県沖,37°13.4′N,142°19.8′E,23 km,4.6,震度１,37.22333333,142.33
2011/3/14,19:29:02,岩手県沖,39°36.6′N,142°38.7′E,12 km,4.9,震度２,39.61,142.645
2011/3/14,19:34:47,岩手県沖,39°35.1′N,142°38.0′E,8 km,5,震度２,39.585,142.6333333
2011/3/14,19:47:14,福島県沖,37°35.6′N,141°57.7′E,30 km,4.4,震度１,37.59333333,141.9616667
2011/3/14,19:49:48,新潟県中越地方,36°59.3′N,138°37.3′E,9 km,3,震度２,36.98833333,138.6216667
2011/3/14,19:49:52,宮城県沖,38°27.2′N,142°04.9′E,40 km,4.2,震度２,38.45333333,142.0816667
2011/3/14,20:03:06,新島・神津島近海,34°17.8′N,139°12.6′E,5 km,2.4,震度１,34.29666667,139.21
2011/3/14,20:04:02,宮城県沖,38°46.0′N,142°08.4′E,37 km,4.3,震度２,38.76666667,142.14
2011/3/14,20:06:25,茨城県沖,36°29.1′N,141°05.5′E,32 km,4.8,震度３,36.485,141.0916667
2011/3/14,20:11:16,千葉県東方沖,35°52.6′N,140°57.2′E,13 km,4.1,震度１,35.87666667,140.9533333
2011/3/14,20:27:11,宮城県沖,38°39.8′N,141°51.1′E,50 km,3.7,震度１,38.66333333,141.8516667
2011/3/14,20:27:25,茨城県沖,36°37.1′N,141°50.0′E,26 km,4.3,震度１,36.61833333,141.8333333
2011/3/14,20:46:54,静岡県伊豆地方,35°09.2′N,139°01.1′E,0 km,2.8,震度１,35.15333333,139.0183333
2011/3/14,20:48:35,茨城県沖,35°58.4′N,141°38.3′E,36 km,4.3,震度１,35.97333333,141.6383333
2011/3/14,20:52:39,茨城県沖,36°29.0′N,141°04.2′E,23 km,4,震度２,36.48333333,141.07
2011/3/14,20:57:54,秋田県内陸南部,39°37.2′N,140°24.1′E,3 km,3.2,震度２,39.62,140.4016667
2011/3/14,20:59:19,岩手県沖,39°05.8′N,142°24.8′E,25 km,3.9,震度１,39.09666667,142.4133333
2011/3/14,20:59:35,静岡県伊豆地方,35°09.2′N,139°01.5′E,2 km,2.3,震度１,35.15333333,139.025
2011/3/14,21:04:28,茨城県沖,35°59.9′N,141°09.1′E,38 km,4.2,震度２,35.99833333,141.1516667
2011/3/14,21:06:05,茨城県北部,36°45.0′N,140°38.5′E,7 km,3,震度１,36.75,140.6416667
2011/3/14,21:10:44,福島県沖,36°54.4′N,141°07.9′E,49 km,3.7,震度２,36.90666667,141.1316667
2011/3/14,21:19:43,長野県北部,36°57.7′N,138°35.4′E,8 km,1.9,震度１,36.96166667,138.59
2011/3/14,21:25:28,茨城県沖,36°01.2′N,141°02.7′E,28 km,3.4,震度１,36.02,141.045
2011/3/14,21:31:25,宮城県沖,38°21.2′N,141°41.6′E,48 km,3.9,震度１,38.35333333,141.6933333
2011/3/14,21:40:22,長野県北部,36°42.8′N,138°30.3′E,6 km,2.4,震度１,36.71333333,138.505
2011/3/14,21:48:14,千葉県東方沖,35°51.5′N,140°54.7′E,37 km,3.7,震度１,35.85833333,140.9116667
2011/3/14,21:50:16,茨城県沖,36°29.7′N,141°05.0′E,18 km,4.1,震度２,36.495,141.0833333
2011/3/14,22:02:27,静岡県伊豆地方,35°08.6′N,139°01.8′E,7 km,2.1,震度１,35.14333333,139.03
2011/3/14,22:20:06,茨城県沖,36°33.4′N,141°43.2′E,72 km,4.2,震度１,36.55666667,141.72
2011/3/14,22:43:19,福島県沖,37°26.6′N,141°30.6′E,36 km,4,震度２,37.44333333,141.51
2011/3/14,23:13:07,茨城県沖,36°29.1′N,141°01.6′E,34 km,3.2,震度１,36.485,141.0266667
2011/3/14,23:18:12,茨城県沖,36°33.5′N,140°49.6′E,17 km,3.5,震度１,36.55833333,140.8266667
2011/3/14,23:22:36,茨城県沖,36°11.6′N,141°47.9′E,67 km,4.9,震度１,36.19333333,141.7983333
2011/3/14,23:44:36,岩手県沖,39°02.9′N,142°22.1′E,18 km,3.7,震度１,39.04833333,142.3683333
2011/3/14,23:50:54,宮城県沖,38°20.1′N,142°14.1′E,32 km,4.8,震度２,38.335,142.235
2011/3/14,23:52:57,三陸沖,37°48.1′N,142°50.0′E,4 km,5.2,震度１,37.80166667,142.8333333
2011/3/14,23:57:47,長野県北部,36°58.3′N,138°35.3′E,7 km,1.4,震度１,36.97166667,138.5883333
2011/3/15,0:03:05,福島県沖,37°16.9′N,142°05.2′E,23 km,4.6,震度１,37.28166667,142.0866667
2011/3/15,0:21:48,宮城県沖,38°22.7′N,141°34.0′E,57 km,3.9,震度２,38.37833333,141.5666667
2011/3/15,0:26:33,茨城県沖,36°39.1′N,140°58.5′E,50 km,3.9,震度３,36.65166667,140.975
2011/3/15,0:29:59,福島県沖,37°43.7′N,142°06.2′E,31 km,4.3,震度１,37.72833333,142.1033333
2011/3/15,0:33:32,茨城県沖,36°41.8′N,140°57.9′E,48 km,3.4,震度１,36.69666667,140.965
2011/3/15,0:39:06,宮城県沖,38°52.3′N,142°34.1′E,16 km,4,震度１,38.87166667,142.5683333
2011/3/15,0:42:55,茨城県沖,36°04.1′N,141°11.8′E,36 km,3.9,震度２,36.06833333,141.1966667
2011/3/15,0:43:43,岩手県沖,39°02.9′N,142°22.7′E,25 km,3.9,震度１,39.04833333,142.3783333
2011/3/15,0:50:45,岩手県沖,39°38.1′N,142°40.4′E,20 km,4.2,震度１,39.635,142.6733333
2011/3/15,0:52:37,茨城県沖,36°33.1′N,140°50.6′E,15 km,3,震度１,36.55166667,140.8433333
2011/3/15,0:56:09,福島県沖,37°01.9′N,141°42.2′E,44 km,4.5,震度１,37.03166667,141.7033333
2011/3/15,1:09:49,千葉県東方沖,35°52.2′N,140°56.1′E,14 km,3.4,震度１,35.87,140.935
2011/3/15,1:11:34,茨城県沖,36°30.2′N,140°52.6′E,51 km,4.5,震度３,36.50333333,140.8766667
2011/3/15,1:23:17,岩手県沖,39°24.3′N,142°43.0′E,0 km,4.3,震度１,39.405,142.7166667
2011/3/15,1:31:09,新潟県中越地方,36°55.6′N,138°36.1′E,1 km,2.3,震度１,36.92666667,138.6016667
2011/3/15,1:35:57,新潟県中越地方,36°56.2′N,138°36.6′E,3 km,2.5,震度２,36.93666667,138.61
2011/3/15,1:36:13,東京湾,35°31.5′N,139°52.7′E,21 km,3.3,震度２,35.525,139.8783333
2011/3/15,1:41:29,茨城県沖,36°03.9′N,141°13.0′E,39 km,3.7,震度１,36.065,141.2166667
2011/3/15,1:55:41,福島県沖,36°55.6′N,141°04.3′E,56 km,3.6,震度１,36.92666667,141.0716667
2011/3/15,2:19:53,千葉県東方沖,35°49.3′N,141°06.0′E,33 km,3.5,震度１,35.82166667,141.1
2011/3/15,2:20:05,福島県沖,37°21.2′N,141°03.5′E,24 km,3.7,震度２,37.35333333,141.0583333
2011/3/15,2:26:03,福島県沖,37°37.1′N,142°02.1′E,31 km,4.4,震度２,37.61833333,142.035
2011/3/15,2:34:29,東京湾,35°31.7′N,139°52.9′E,25 km,2.7,震度１,35.52833333,139.8816667
2011/3/15,2:34:55,宮城県沖,38°57.8′N,142°20.7′E,20 km,3.7,震度１,38.96333333,142.345
2011/3/15,2:51:56,茨城県沖,36°11.9′N,141°01.5′E,43 km,3.4,震度１,36.19833333,141.025
2011/3/15,2:59:40,福島県沖,37°09.8′N,142°26.4′E,22 km,5.8,震度２,37.16333333,142.44
2011/3/15,3:01:08,岩手県沖,39°54.2′N,142°12.6′E,41 km,4.2,震度１,39.90333333,142.21
2011/3/15,3:01:32,福島県沖,37°05.6′N,142°22.8′E,16 km,5.4,震度２,37.09333333,142.38
2011/3/15,3:16:19,静岡県東部,35°09.1′N,139°00.8′E,0 km,1.5,震度１,35.15166667,139.0133333
2011/3/15,3:20:57,茨城県沖,36°28.3′N,141°02.0′E,45 km,3.5,震度１,36.47166667,141.0333333
2011/3/15,3:35:42,福島県沖,37°12.9′N,141°09.8′E,39 km,4.3,震度３,37.215,141.1633333
2011/3/15,3:41:01,茨城県沖,36°33.8′N,141°50.7′E,44 km,5.7,震度３,36.56333333,141.845
2011/3/15,3:53:15,福島県沖,37°09.5′N,141°11.0′E,28 km,3.5,震度１,37.15833333,141.1833333
2011/3/15,3:53:59,岩手県沖,39°16.0′N,142°22.2′E,27 km,4.2,震度１,39.26666667,142.37
2011/3/15,4:04:12,茨城県沖,35°55.4′N,140°52.2′E,37 km,4.5,震度３,35.92333333,140.87
2011/3/15,4:28:30,宮城県沖,38°38.8′N,141°52.8′E,51 km,5,震度３,38.64666667,141.88
2011/3/15,4:29:30,宮城県沖,38°37.8′N,141°52.6′E,43 km,5.1,震度３,38.63,141.8766667
2011/3/15,4:31:35,茨城県沖,36°34.3′N,141°44.9′E,50 km,4.7,震度２,36.57166667,141.7483333
2011/3/15,4:34:07,三陸沖,39°18.5′N,143°00.9′E,0 km,5,震度２,39.30833333,143.015
2011/3/15,4:38:14,福島県沖,37°44.3′N,141°57.0′E,14 km,4.3,震度１,37.73833333,141.95
2011/3/15,4:40:02,茨城県沖,36°45.2′N,141°15.3′E,37 km,3.9,震度１,36.75333333,141.255
2011/3/15,4:56:43,宮城県沖,38°26.8′N,142°15.8′E,28 km,4.4,震度１,38.44666667,142.2633333
2011/3/15,4:59:47,東京湾,35°31.8′N,139°52.7′E,23 km,4.1,震度３,35.53,139.8783333
2011/3/15,5:04:35,茨城県沖,35°54.3′N,140°50.6′E,41 km,4.4,震度２,35.905,140.8433333
2011/3/15,5:07:25,茨城県沖,36°26.6′N,141°02.1′E,43 km,3.3,震度１,36.44333333,141.035
2011/3/15,5:09:53,福島県沖,37°19.5′N,141°32.0′E,16 km,4.4,震度２,37.325,141.5333333
2011/3/15,5:16:19,岩手県沖,39°18.3′N,142°42.4′E,6 km,4.6,震度１,39.305,142.7066667
2011/3/15,5:33:50,千葉県東方沖,35°46.6′N,141°00.9′E,33 km,3.6,震度１,35.77666667,141.015
2011/3/15,5:40:00,新潟県中越地方,37°01.4′N,138°41.7′E,9 km,2.9,震度３,37.02333333,138.695
2011/3/15,5:45:49,福島県沖,37°21.3′N,141°11.7′E,30 km,3.7,震度２,37.355,141.195
2011/3/15,5:54:30,千葉県東方沖,35°48.8′N,140°55.3′E,15 km,3.7,震度２,35.81333333,140.9216667
2011/3/15,5:57:48,茨城県沖,36°22.4′N,141°00.5′E,37 km,3.5,震度１,36.37333333,141.0083333
2011/3/15,6:09:02,新島・神津島近海,34°17.7′N,139°12.5′E,6 km,2.1,震度１,34.295,139.2083333
2011/3/15,6:13:56,岩手県内陸南部,39°01.4′N,140°49.2′E,7 km,4.1,震度２,39.02333333,140.82
2011/3/15,6:32:40,福島県沖,37°20.8′N,141°20.3′E,35 km,3.6,震度２,37.34666667,141.3383333
2011/3/15,6:53:41,福島県沖,37°53.6′N,141°30.1′E,61 km,3.9,震度１,37.89333333,141.5016667
2011/3/15,6:58:30,茨城県沖,36°43.2′N,141°03.4′E,45 km,3.4,震度１,36.72,141.0566667
2011/3/15,7:04:10,茨城県沖,35°53.0′N,141°13.8′E,36 km,4.8,震度３,35.88333333,141.23
2011/3/15,7:05:26,宮城県沖,38°11.2′N,141°42.2′E,46 km,4,震度１,38.18666667,141.7033333
2011/3/15,7:20:32,長野県北部,36°49.1′N,138°36.7′E,0 km,4.5,震度３,36.81833333,138.6116667
2011/3/15,7:22:31,岩手県沖,39°11.0′N,142°31.8′E,22 km,4.5,震度２,39.18333333,142.53
2011/3/15,7:29:22,福島県浜通り,37°04.1′N,140°44.8′E,9 km,4.3,震度３,37.06833333,140.7466667
2011/3/15,7:32:30,福島県沖,37°28.7′N,142°34.4′E,0 km,4.6,震度１,37.47833333,142.5733333
2011/3/15,7:41:39,宮城県沖,38°50.6′N,142°00.0′E,49 km,3.6,震度１,38.84333333,142
2011/3/15,7:41:46,福島県沖,37°11.6′N,141°02.4′E,31 km,3.5,震度１,37.19333333,141.04
2011/3/15,8:00:17,宮城県沖,38°37.3′N,141°59.6′E,45 km,3.7,震度１,38.62166667,141.9933333
2011/3/15,8:02:15,長野県北部,36°49.4′N,138°35.4′E,0 km,3.4,震度２,36.82333333,138.59
2011/3/15,8:03:33,福島県沖,36°58.0′N,141°21.1′E,31 km,4,震度１,36.96666667,141.3516667
2011/3/15,8:15:12,茨城県沖,36°13.9′N,141°48.0′E,32 km,4.6,震度１,36.23166667,141.8
2011/3/15,8:23:08,三陸沖,39°52.4′N,143°24.7′E,17 km,5,震度２,39.87333333,143.4116667
2011/3/15,8:30:57,茨城県沖,36°23.1′N,140°45.1′E,19 km,3.5,震度１,36.385,140.7516667
2011/3/15,8:35:34,宮城県沖,38°44.0′N,142°20.6′E,26 km,3.9,震度１,38.73333333,142.3433333
2011/3/15,8:49:54,宮城県沖,38°41.7′N,142°03.1′E,43 km,4,震度１,38.695,142.0516667
2011/3/15,8:58:57,宮城県沖,38°13.7′N,141°42.7′E,47 km,3.6,震度１,38.22833333,141.7116667
2011/3/15,9:02:52,茨城県沖,36°09.5′N,141°13.8′E,43 km,4.2,震度２,36.15833333,141.23
2011/3/15,9:18:44,茨城県沖,36°12.4′N,140°55.2′E,33 km,3.7,震度２,36.20666667,140.92
2011/3/15,9:35:17,茨城県沖,36°05.9′N,141°20.6′E,43 km,3.9,震度１,36.09833333,141.3433333
2011/3/15,9:36:13,千葉県東方沖,35°48.9′N,140°55.5′E,15 km,3.6,震度１,35.815,140.925
2011/3/15,9:38:33,福島県沖,37°16.4′N,141°44.4′E,28 km,4.5,震度１,37.27333333,141.74
2011/3/15,9:49:33,茨城県北部,36°43.4′N,140°37.9′E,7 km,2.8,震度１,36.72333333,140.6316667
2011/3/15,9:51:00,東京湾,35°32.0′N,139°52.7′E,22 km,2.7,震度１,35.53333333,139.8783333
2011/3/15,9:54:47,秋田県内陸南部,39°34.7′N,140°27.2′E,8 km,3.8,震度３,39.57833333,140.4533333
2011/3/15,10:04:38,岩手県沖,39°41.6′N,142°09.3′E,44 km,3.8,震度１,39.69333333,142.155
2011/3/15,10:17:26,千葉県東方沖,35°39.6′N,140°55.3′E,15 km,3.4,震度１,35.66,140.9216667
2011/3/15,10:34:50,宮城県沖,38°39.3′N,142°04.6′E,42 km,3.6,震度１,38.655,142.0766667
2011/3/15,10:35:40,三陸沖,39°24.1′N,142°56.3′E,0 km,4.8,震度１,39.40166667,142.9383333
2011/3/15,10:41:40,長野県北部,36°57.6′N,138°35.7′E,4 km,2.1,震度３,36.96,138.595
2011/3/15,10:48:19,千葉県東方沖,35°09.7′N,140°34.8′E,10 km,2.7,震度１,35.16166667,140.58
2011/3/15,11:09:25,千葉県東方沖,35°40.3′N,141°03.2′E,28 km,3.7,震度１,35.67166667,141.0533333
2011/3/15,11:16:14,宮城県沖,38°52.0′N,141°59.5′E,48 km,3.6,震度１,38.86666667,141.9916667
2011/3/15,11:32:00,茨城県沖,35°53.9′N,140°52.5′E,36 km,3.8,震度２,35.89833333,140.875
2011/3/15,11:33:54,岩手県沖,39°08.7′N,142°20.4′E,33 km,3.9,震度１,39.145,142.34
2011/3/15,11:40:20,長野県北部,36°49.0′N,138°36.9′E,0 km,2.5,震度１,36.81666667,138.615
2011/3/15,11:59:59,茨城県沖,36°14.9′N,141°01.2′E,46 km,3.5,震度１,36.24833333,141.02
2011/3/15,12:01:43,茨城県北部,36°44.4′N,140°35.3′E,7 km,3,震度１,36.74,140.5883333
2011/3/15,12:09:51,新潟県中越地方,37°02.6′N,138°35.6′E,10 km,2.7,震度２,37.04333333,138.5933333
2011/3/15,12:12:38,福島県浜通り,37°10.8′N,140°56.3′E,9 km,2.9,震度１,37.18,140.9383333
2011/3/15,12:16:10,茨城県沖,36°45.3′N,141°17.4′E,46 km,3.7,震度１,36.755,141.29
2011/3/15,12:17:25,岩手県沖,39°12.1′N,142°25.9′E,23 km,4.5,震度２,39.20166667,142.4316667
2011/3/15,12:20:44,千葉県東方沖,35°51.3′N,140°55.1′E,10 km,4.6,震度２,35.855,140.9183333
2011/3/15,12:21:33,福島県沖,37°42.8′N,143°59.4′E,43 km,5.1,震度１,37.71333333,143.99
2011/3/15,12:28:43,茨城県沖,36°11.8′N,141°22.9′E,26 km,3.6,震度１,36.19666667,141.3816667
2011/3/15,12:39:00,長野県北部,36°49.3′N,138°36.1′E,0 km,2.6,震度１,36.82166667,138.6016667
2011/3/15,12:44:14,宮城県沖,38°44.3′N,142°05.6′E,36 km,3.7,震度１,38.73833333,142.0933333
2011/3/15,12:47:05,茨城県沖,36°17.7′N,140°43.9′E,48 km,3,震度１,36.295,140.7316667
2011/3/15,13:07:26,岩手県沖,39°00.0′N,142°21.2′E,24 km,3.3,震度１,39,142.3533333
2011/3/15,13:08:46,福島県沖,36°55.0′N,141°52.1′E,21 km,4.6,震度１,36.91666667,141.8683333
2011/3/15,13:16:31,宮城県沖,38°18.8′N,141°51.9′E,45 km,3.8,震度１,38.31333333,141.865
2011/3/15,13:34:35,茨城県沖,36°11.4′N,140°51.9′E,34 km,3,震度１,36.19,140.865
2011/3/15,13:49:44,茨城県沖,36°28.8′N,140°45.3′E,15 km,2.7,震度１,36.48,140.755
2011/3/15,13:55:50,岩手県沖,39°22.5′N,142°03.6′E,49 km,4.5,震度３,39.375,142.06
2011/3/15,13:56:05,茨城県沖,36°43.9′N,141°03.3′E,20 km,4.4,震度２,36.73166667,141.055
2011/3/15,14:01:22,茨城県沖,36°32.1′N,140°50.1′E,48 km,3.4,震度２,36.535,140.835
2011/3/15,14:05:27,茨城県北部,36°45.2′N,140°34.8′E,3 km,3.7,震度２,36.75333333,140.58
2011/3/15,14:28:39,茨城県南部,36°00.9′N,140°23.2′E,54 km,3.9,震度２,36.015,140.3866667
2011/3/15,14:29:37,新潟県中越地方,37°03.3′N,138°38.7′E,16 km,2.5,震度１,37.055,138.645
2011/3/15,14:37:27,千葉県東方沖,35°49.3′N,140°56.6′E,25 km,3.1,震度１,35.82166667,140.9433333
2011/3/15,14:39:21,新潟県中越地方,36°56.3′N,138°36.5′E,5 km,2.7,震度１,36.93833333,138.6083333
2011/3/15,14:40:24,福島県沖,37°44.9′N,142°01.4′E,29 km,4.5,震度２,37.74833333,142.0233333
2011/3/15,14:44:55,茨城県北部,36°43.6′N,140°33.2′E,8 km,2.6,震度２,36.72666667,140.5533333
2011/3/15,14:50:07,岐阜県飛騨地方,36°14.6′N,137°35.0′E,3 km,2.8,震度１,36.24333333,137.5833333
2011/3/15,14:56:51,茨城県北部,36°44.5′N,140°34.2′E,11 km,2.5,震度１,36.74166667,140.57
2011/3/15,15:21:16,岩手県沖,39°51.2′N,142°31.4′E,14 km,4.4,震度２,39.85333333,142.5233333
2011/3/15,15:28:21,千葉県東方沖,35°10.4′N,140°34.1′E,16 km,3,震度１,35.17333333,140.5683333
2011/3/15,15:31:29,福島県沖,37°15.1′N,142°07.1′E,43 km,4.4,震度１,37.25166667,142.1183333
2011/3/15,15:32:29,岐阜県飛騨地方,35°58.7′N,137°18.3′E,8 km,3.8,震度３,35.97833333,137.305
2011/3/15,15:34:34,茨城県沖,36°33.0′N,140°56.9′E,16 km,3.3,震度１,36.55,140.9483333
2011/3/15,15:35:13,岐阜県飛騨地方,35°58.4′N,137°18.6′E,7 km,2.7,震度２,35.97333333,137.31
2011/3/15,15:40:26,福島県沖,37°30.5′N,143°40.9′E,48 km,4.8,震度１,37.50833333,143.6816667
2011/3/15,15:51:48,新潟県中越地方,36°59.0′N,138°37.0′E,9 km,2.5,震度１,36.98333333,138.6166667
2011/3/15,15:56:27,茨城県北部,36°45.6′N,140°35.7′E,0 km,4.7,震度３,36.76,140.595
2011/3/15,15:56:47,伊豆大島近海,34°43.4′N,139°17.5′E,0 km,2.3,震度１,34.72333333,139.2916667
2011/3/15,15:59:15,福島県沖,37°26.6′N,141°29.5′E,40 km,4,震度２,37.44333333,141.4916667
2011/3/15,16:00:06,岐阜県飛騨地方,35°58.4′N,137°18.5′E,8 km,2.7,震度１,35.97333333,137.3083333
2011/3/15,16:03:44,茨城県北部,36°44.7′N,140°35.1′E,0 km,4.9,震度３,36.745,140.585
2011/3/15,16:06:38,茨城県北部,36°44.6′N,140°34.9′E,4 km,3.5,震度１,36.74333333,140.5816667
2011/3/15,16:08:29,宮城県沖,38°21.1′N,142°17.9′E,30 km,4.9,震度２,38.35166667,142.2983333
2011/3/15,16:20:52,茨城県沖,36°17.6′N,141°01.3′E,45 km,3.4,震度１,36.29333333,141.0216667
2011/3/15,16:25:54,岐阜県飛騨地方,35°58.6′N,137°18.4′E,8 km,2.8,震度２,35.97666667,137.3066667
2011/3/15,16:28:56,福島県浜通り,37°05.1′N,140°47.5′E,5 km,3.1,震度２,37.085,140.7916667
2011/3/15,16:35:42,福島県沖,37°26.5′N,142°17.8′E,16 km,4.8,震度１,37.44166667,142.2966667
2011/3/15,16:37:21,茨城県沖,36°32.6′N,141°05.0′E,44 km,3.5,震度１,36.54333333,141.0833333
2011/3/15,16:40:36,岐阜県飛騨地方,35°58.7′N,137°18.3′E,7 km,2.8,震度２,35.97833333,137.305
2011/3/15,16:44:34,福島県中通り,37°15.7′N,140°22.6′E,13 km,3.1,震度１,37.26166667,140.3766667
2011/3/15,16:48:27,福島県沖,37°13.6′N,141°20.5′E,28 km,4.4,震度３,37.22666667,141.3416667
2011/3/15,16:52:39,岐阜県飛騨地方,36°15.0′N,137°35.1′E,4 km,2.5,震度１,36.25,137.585
2011/3/15,17:01:42,三陸沖,40°23.4′N,143°27.7′E,13 km,5.5,震度２,40.39,143.4616667
2011/3/15,17:09:02,福島県会津,37°03.0′N,139°27.9′E,8 km,2.3,震度１,37.05,139.465
2011/3/15,17:23:12,岩手県沖,39°33.7′N,142°32.3′E,13 km,4.1,震度１,39.56166667,142.5383333
2011/3/15,17:29:58,苫小牧沖,41°37.0′N,141°39.2′E,75 km,3.1,震度１,41.61666667,141.6533333
2011/3/15,17:31:39,群馬県南部,36°34.9′N,139°24.4′E,5 km,2.4,震度１,36.58166667,139.4066667
2011/3/15,17:34:48,茨城県北部,36°47.4′N,140°34.9′E,7 km,3,震度１,36.79,140.5816667
2011/3/15,17:39:53,福島県沖,37°25.9′N,141°19.0′E,35 km,3.7,震度１,37.43166667,141.3166667
2011/3/15,17:45:31,茨城県沖,35°58.5′N,141°27.8′E,38 km,4.1,震度１,35.975,141.4633333
2011/3/15,17:56:31,茨城県沖,36°38.8′N,141°00.4′E,45 km,3.8,震度２,36.64666667,141.0066667
2011/3/15,17:56:38,岩手県沖,39°34.1′N,142°36.9′E,10 km,4.5,震度２,39.56833333,142.615
2011/3/15,18:01:03,岐阜県飛騨地方,36°14.3′N,137°32.3′E,3 km,2.2,震度２,36.23833333,137.5383333
2011/3/15,18:05:51,福島県浜通り,37°15.9′N,141°00.3′E,26 km,3.3,震度１,37.265,141.005
2011/3/15,18:22:55,岩手県沖,39°41.9′N,142°10.2′E,42 km,3.8,震度１,39.69833333,142.17
2011/3/15,18:23:53,栃木県北部,36°37.8′N,139°27.6′E,3 km,1.6,震度１,36.63,139.46
2011/3/15,18:39:31,福島県沖,36°52.5′N,141°03.7′E,49 km,3.6,震度１,36.875,141.0616667
2011/3/15,18:41:03,千葉県東方沖,35°50.5′N,140°55.6′E,9 km,4.3,震度３,35.84166667,140.9266667
2011/3/15,18:49:52,福島県沖,37°23.3′N,142°19.9′E,7 km,6.3,震度３,37.38833333,142.3316667
2011/3/15,18:53:16,福島県沖,36°42.4′N,142°26.1′E,46 km,4.8,震度１,36.70666667,142.435
2011/3/15,19:06:54,宮城県沖,38°50.1′N,142°00.8′E,48 km,3.6,震度２,38.835,142.0133333
2011/3/15,19:14:06,長野県北部,36°57.0′N,138°32.8′E,9 km,2.7,震度１,36.95,138.5466667
2011/3/15,19:31:29,千葉県北東部,35°51.6′N,140°36.9′E,47 km,4.5,震度３,35.86,140.615
2011/3/15,19:33:07,茨城県沖,36°39.4′N,140°58.2′E,47 km,3.7,震度２,36.65666667,140.97
2011/3/15,19:43:49,伊豆大島近海,34°43.2′N,139°17.7′E,0 km,2.2,震度１,34.72,139.295
2011/3/15,20:06:14,福島県沖,37°12.2′N,142°23.8′E,15 km,5.2,震度３,37.20333333,142.3966667
2011/3/15,20:15:47,福島県沖,37°18.3′N,141°05.0′E,31 km,3.1,震度１,37.305,141.0833333
2011/3/15,20:28:58,宮城県沖,38°27.9′N,142°05.3′E,41 km,4,震度１,38.465,142.0883333
2011/3/15,20:29:02,千葉県北東部,35°43.4′N,140°49.1′E,29 km,3.6,震度２,35.72333333,140.8183333
2011/3/15,20:37:59,茨城県北部,36°47.4′N,140°33.8′E,6 km,3.2,震度１,36.79,140.5633333
2011/3/15,21:09:34,岩手県沖,39°28.3′N,142°31.5′E,9 km,4.4,震度１,39.47166667,142.525
2011/3/15,21:33:08,岩手県沖,39°00.6′N,142°39.6′E,19 km,4.8,震度１,39.01,142.66
2011/3/15,21:53:51,岩手県沖,39°18.2′N,142°24.1′E,20 km,4.2,震度１,39.30333333,142.4016667
2011/3/15,22:10:47,茨城県沖,36°37.7′N,140°57.2′E,49 km,4.2,震度３,36.62833333,140.9533333
2011/3/15,22:17:01,茨城県沖,36°39.7′N,140°59.2′E,47 km,3.3,震度１,36.66166667,140.9866667
2011/3/15,22:22:27,千葉県東方沖,35°41.7′N,140°50.0′E,27 km,3,震度１,35.695,140.8333333
2011/3/15,22:27:54,福島県沖,37°35.9′N,142°17.9′E,10 km,6.2,震度４,37.59833333,142.2983333
2011/3/15,22:31:46,静岡県東部,35°18.5′N,138°42.8′E,14 km,6.4,震度６強,35.30833333,138.7133333
2011/3/15,22:34:09,静岡県東部,35°19.8′N,138°43.4′E,13 km,3.7,震度３,35.33,138.7233333
2011/3/15,22:35:22,静岡県東部,35°20.6′N,138°44.0′E,11 km,4.1,震度３,35.34333333,138.7333333
2011/3/15,22:36:08,静岡県東部,35°20.3′N,138°44.0′E,15 km,3,震度２,35.33833333,138.7333333
2011/3/15,22:37:03,静岡県東部,35°18.1′N,138°42.7′E,16 km,3.8,震度３,35.30166667,138.7116667
2011/3/15,22:37:31,静岡県東部,35°20.0′N,138°43.7′E,13 km,3.4,震度１,35.33333333,138.7283333
2011/3/15,22:37:55,福島県沖,37°37.4′N,142°00.0′E,30 km,5.3,震度３,37.62333333,142
2011/3/15,22:38:49,静岡県東部,35°19.4′N,138°42.5′E,13 km,3.1,震度２,35.32333333,138.7083333
2011/3/15,22:40:03,静岡県東部,35°19.9′N,138°43.4′E,12 km,3.7,震度３,35.33166667,138.7233333
2011/3/15,22:40:10,静岡県東部,35°21.1′N,138°43.6′E,10 km,4.2,震度４,35.35166667,138.7266667
2011/3/15,22:42:33,静岡県東部,35°19.4′N,138°43.2′E,14 km,2.8,震度１,35.32333333,138.72
2011/3/15,22:43:11,静岡県東部,35°20.5′N,138°43.6′E,11 km,3.9,震度３,35.34166667,138.7266667
2011/3/15,22:45:18,静岡県東部,35°20.3′N,138°43.1′E,10 km,1.9,震度１,35.33833333,138.7183333
2011/3/15,22:46:54,静岡県東部,35°19.7′N,138°43.7′E,13 km,3.2,震度２,35.32833333,138.7283333
2011/3/15,22:47:04,福島県沖,37°29.9′N,142°18.3′E,0 km,4.9,震度１,37.49833333,142.305
2011/3/15,22:47:31,静岡県東部,35°18.5′N,138°42.9′E,13 km,2.5,震度１,35.30833333,138.715
2011/3/15,22:49:22,静岡県東部,35°20.2′N,138°43.3′E,11 km,3,震度２,35.33666667,138.7216667
2011/3/15,22:52:36,静岡県東部,35°20.5′N,138°43.9′E,11 km,2.8,震度１,35.34166667,138.7316667
2011/3/15,22:53:34,茨城県沖,36°39.2′N,141°07.3′E,43 km,3.4,震度１,36.65333333,141.1216667
2011/3/15,22:55:07,静岡県東部,35°18.7′N,138°42.8′E,13 km,2.2,震度１,35.31166667,138.7133333
2011/3/15,22:56:04,静岡県東部,35°21.3′N,138°43.7′E,8 km,2.7,震度１,35.355,138.7283333
2011/3/15,23:01:03,静岡県東部,35°20.0′N,138°43.3′E,11 km,2.2,震度１,35.33333333,138.7216667
2011/3/15,23:03:49,静岡県東部,35°20.9′N,138°43.5′E,7 km,2.7,震度２,35.34833333,138.725
2011/3/15,23:14:27,静岡県東部,35°20.5′N,138°43.6′E,11 km,3.4,震度２,35.34166667,138.7266667
2011/3/15,23:15:24,宮城県沖,38°20.1′N,141°39.1′E,53 km,4,震度１,38.335,141.6516667
2011/3/15,23:15:25,福島県浜通り,37°03.7′N,140°44.5′E,9 km,3.1,震度１,37.06166667,140.7416667
2011/3/15,23:15:33,静岡県東部,35°19.0′N,138°41.9′E,13 km,2.4,震度１,35.31666667,138.6983333
2011/3/15,23:24:12,福島県沖,37°29.2′N,142°04.0′E,26 km,4.1,震度１,37.48666667,142.0666667
2011/3/15,23:26:47,静岡県東部,35°18.6′N,138°42.3′E,11 km,2.5,震度１,35.31,138.705
2011/3/15,23:35:39,福島県浜通り,37°05.6′N,140°47.0′E,5 km,2.8,震度１,37.09333333,140.7833333
2011/3/15,23:36:44,長野県北部,36°56.1′N,138°33.1′E,7 km,2.1,震度１,36.935,138.5516667
2011/3/15,23:38:50,静岡県東部,35°19.8′N,138°42.7′E,10 km,2.6,震度１,35.33,138.7116667
2011/3/15,23:40:34,岩手県沖,39°35.7′N,142°45.3′E,9 km,4.5,震度２,39.595,142.755
2011/3/15,23:51:18,福島県沖,37°07.3′N,142°20.1′E,0 km,4.5,震度１,37.12166667,142.335
2011/3/15,23:55:59,茨城県沖,36°29.0′N,140°54.2′E,17 km,3.6,震度１,36.48333333,140.9033333
2011/3/16,0:03:56,福島県沖,37°20.1′N,141°55.5′E,24 km,4.4,震度１,37.335,141.925
2011/3/16,0:06:47,茨城県沖,36°37.0′N,141°09.6′E,35 km,4.3,震度２,36.61666667,141.16
2011/3/16,0:17:17,静岡県東部,35°19.2′N,138°42.5′E,10 km,2.4,震度１,35.32,138.7083333
2011/3/16,0:20:46,静岡県東部,35°21.0′N,138°43.2′E,7 km,2.7,震度１,35.35,138.72
2011/3/16,0:23:52,三陸沖,40°22.2′N,143°28.4′E,18 km,6.3,震度３,40.37,143.4733333
2011/3/16,0:29:16,静岡県東部,35°20.4′N,138°43.9′E,13 km,2.5,震度１,35.34,138.7316667
2011/3/16,0:33:37,岐阜県飛騨地方,35°58.4′N,137°18.7′E,7 km,2.9,震度２,35.97333333,137.3116667
2011/3/16,0:39:35,岐阜県飛騨地方,35°58.4′N,137°18.6′E,7 km,3.4,震度３,35.97333333,137.31
2011/3/16,0:50:16,千葉県東方沖,35°44.7′N,140°55.7′E,7 km,2.9,震度１,35.745,140.9283333
2011/3/16,0:53:46,千葉県北西部,35°40.1′N,140°04.3′E,18 km,2.4,震度１,35.66833333,140.0716667
2011/3/16,0:53:57,茨城県沖,36°31.7′N,141°02.7′E,23 km,3.9,震度２,36.52833333,141.045
2011/3/16,1:03:41,福島県沖,37°17.7′N,141°14.4′E,51 km,3.9,震度２,37.295,141.24
2011/3/16,1:12:24,静岡県東部,35°19.9′N,138°43.0′E,10 km,2.3,震度１,35.33166667,138.7166667
2011/3/16,1:13:34,静岡県東部,35°19.4′N,138°41.6′E,13 km,2.6,震度１,35.32333333,138.6933333
2011/3/16,1:14:45,長野県北部,36°49.4′N,138°36.4′E,0 km,2.9,震度１,36.82333333,138.6066667
2011/3/16,1:18:25,奄美大島近海,28°11.3′N,128°48.1′E,63 km,4.1,震度２,28.18833333,128.8016667
2011/3/16,1:22:59,茨城県北部,36°44.1′N,140°35.2′E,0 km,4.5,震度２,36.735,140.5866667
2011/3/16,1:26:02,茨城県北部,36°43.9′N,140°34.5′E,3 km,3.9,震度２,36.73166667,140.575
2011/3/16,1:27:44,静岡県東部,35°18.6′N,138°42.6′E,13 km,2.9,震度１,35.31,138.71
2011/3/16,1:28:17,茨城県南部,36°12.1′N,139°57.8′E,52 km,3.6,震度２,36.20166667,139.9633333
2011/3/16,1:37:04,秋田県内陸南部,39°27.5′N,140°22.5′E,9 km,2.1,震度１,39.45833333,140.375
2011/3/16,1:41:13,宮城県沖,38°01.9′N,142°00.7′E,37 km,4.4,震度２,38.03166667,142.0116667
2011/3/16,1:44:25,静岡県東部,35°20.8′N,138°43.4′E,11 km,2.9,震度１,35.34666667,138.7233333
2011/3/16,1:45:17,静岡県東部,35°18.9′N,138°42.1′E,8 km,2.4,震度１,35.315,138.7016667
2011/3/16,1:47:47,静岡県東部,35°19.1′N,138°42.9′E,6 km,2.5,震度１,35.31833333,138.715
2011/3/16,1:48:11,栃木県北部,36°52.1′N,139°27.7′E,4 km,2.4,震度１,36.86833333,139.4616667
2011/3/16,1:50:33,静岡県東部,35°18.7′N,138°43.3′E,14 km,3,震度２,35.31166667,138.7216667
2011/3/16,2:06:38,静岡県東部,35°18.6′N,138°41.9′E,8 km,2.9,震度２,35.31,138.6983333
2011/3/16,2:09:24,静岡県東部,35°18.7′N,138°43.6′E,15 km,2.7,震度１,35.31166667,138.7266667
2011/3/16,2:12:23,静岡県東部,35°20.8′N,138°43.6′E,9 km,2.6,震度１,35.34666667,138.7266667
2011/3/16,2:14:43,静岡県東部,35°19.1′N,138°41.6′E,7 km,3,震度３,35.31833333,138.6933333
2011/3/16,2:23:32,栃木県北部,36°48.4′N,139°25.1′E,5 km,2,震度１,36.80666667,139.4183333
2011/3/16,2:25:06,宮城県沖,38°53.9′N,141°55.4′E,52 km,3.6,震度１,38.89833333,141.9233333
2011/3/16,2:31:26,茨城県沖,35°58.7′N,141°04.1′E,17 km,3.5,震度１,35.97833333,141.0683333
2011/3/16,2:37:34,静岡県東部,35°18.7′N,138°42.2′E,12 km,2.2,震度１,35.31166667,138.7033333
2011/3/16,2:40:55,千葉県東方沖,35°37.7′N,140°59.3′E,26 km,4,震度２,35.62833333,140.9883333
2011/3/16,2:42:41,千葉県東方沖,35°36.4′N,140°58.5′E,28 km,3.5,震度１,35.60666667,140.975
2011/3/16,2:43:38,静岡県東部,35°18.6′N,138°42.5′E,14 km,2.4,震度１,35.31,138.7083333
2011/3/16,2:51:57,茨城県沖,36°11.4′N,141°00.9′E,36 km,4.1,震度２,36.19,141.015
2011/3/16,2:55:56,静岡県東部,35°20.5′N,138°43.9′E,8 km,2.6,震度１,35.34166667,138.7316667
2011/3/16,2:56:11,茨城県沖,36°32.4′N,140°57.5′E,46 km,3.7,震度２,36.54,140.9583333
2011/3/16,3:14:32,岩手県沖,39°12.2′N,142°23.9′E,28 km,4,震度１,39.20333333,142.3983333
2011/3/16,3:19:41,茨城県沖,36°38.9′N,140°59.8′E,49 km,4.1,震度３,36.64833333,140.9966667
2011/3/16,3:33:28,岐阜県飛騨地方,35°58.7′N,137°18.5′E,7 km,4,震度４,35.97833333,137.3083333
2011/3/16,3:38:09,静岡県東部,35°19.9′N,138°42.5′E,5 km,2,震度１,35.33166667,138.7083333
2011/3/16,3:41:30,福島県沖,37°11.0′N,141°28.6′E,41 km,4.3,震度２,37.18333333,141.4766667
2011/3/16,3:50:35,長野県北部,36°58.7′N,138°33.2′E,10 km,2.4,震度１,36.97833333,138.5533333
2011/3/16,3:52:29,静岡県東部,35°18.7′N,138°42.3′E,14 km,2.5,震度１,35.31166667,138.705
2011/3/16,3:54:57,福島県沖,37°07.7′N,141°02.1′E,32 km,3.3,震度１,37.12833333,141.035
2011/3/16,4:00:15,宮城県沖,38°26.7′N,142°00.4′E,37 km,3.8,震度１,38.445,142.0066667
2011/3/16,4:01:29,宮城県沖,38°06.2′N,142°09.3′E,18 km,5.6,震度３,38.10333333,142.155
2011/3/16,4:13:34,三陸沖,38°29.0′N,143°33.6′E,43 km,4.9,震度１,38.48333333,143.56
2011/3/16,4:33:17,群馬県北部,36°50.5′N,139°19.9′E,5 km,2.8,震度２,36.84166667,139.3316667
2011/3/16,4:39:24,静岡県東部,35°20.1′N,138°43.7′E,7 km,2.4,震度１,35.335,138.7283333
2011/3/16,4:46:22,茨城県沖,36°26.4′N,141°43.6′E,64 km,4.1,震度１,36.44,141.7266667
2011/3/16,4:48:15,群馬県北部,36°50.4′N,139°20.0′E,6 km,2.6,震度１,36.84,139.3333333
2011/3/16,4:50:08,福島県沖,37°15.7′N,141°34.0′E,45 km,4,震度１,37.26166667,141.5666667
2011/3/16,4:53:20,福島県沖,37°40.1′N,142°04.8′E,25 km,5.1,震度３,37.66833333,142.08
2011/3/16,5:03:49,宮城県沖,38°26.4′N,142°16.6′E,23 km,4.5,震度２,38.44,142.2766667
2011/3/16,5:14:31,静岡県東部,35°21.0′N,138°43.4′E,7 km,2.5,震度１,35.35,138.7233333
2011/3/16,5:14:32,福島県沖,37°45.5′N,143°27.3′E,43 km,5.1,震度１,37.75833333,143.455
2011/3/16,5:16:23,福島県沖,37°19.2′N,141°47.6′E,32 km,4.2,震度１,37.32,141.7933333
2011/3/16,5:20:56,長野県北部,36°58.8′N,138°33.2′E,9 km,2.5,震度１,36.98,138.5533333
2011/3/16,5:27:19,渡島地方西部,41°28.5′N,140°12.0′E,5 km,2.9,震度３,41.475,140.2
2011/3/16,5:29:31,茨城県北部,36°43.9′N,140°34.7′E,4 km,3.4,震度１,36.73166667,140.5783333
2011/3/16,5:30:00,千葉県東方沖,35°17.0′N,141°13.4′E,24 km,5.8,震度３,35.28333333,141.2233333
2011/3/16,5:44:46,岩手県沖,39°02.4′N,142°27.9′E,24 km,4.3,震度２,39.04,142.465
2011/3/16,5:53:43,福島県浜通り,36°55.5′N,140°43.3′E,28 km,4.2,震度３,36.925,140.7216667
2011/3/16,5:56:31,岐阜県飛騨地方,35°58.8′N,137°18.4′E,7 km,2,震度１,35.98,137.3066667
2011/3/16,6:04:48,茨城県北部,36°44.0′N,140°34.1′E,0 km,4.8,震度３,36.73333333,140.5683333
2011/3/16,6:06:19,茨城県北部,36°44.6′N,140°33.7′E,2 km,3,震度１,36.74333333,140.5616667
2011/3/16,6:15:31,新潟県中越地方,37°03.7′N,138°37.5′E,13 km,3.6,震度３,37.06166667,138.625
2011/3/16,6:20:15,茨城県南部,36°14.9′N,140°28.2′E,53 km,2.9,震度１,36.24833333,140.47
2011/3/16,6:26:27,福島県沖,37°17.9′N,141°51.6′E,35 km,4.3,震度１,37.29833333,141.86
2011/3/16,6:42:07,三陸沖,39°41.8′N,143°08.1′E,1 km,4.6,震度１,39.69666667,143.135
2011/3/16,7:01:19,岩手県沖,39°07.2′N,142°21.9′E,30 km,3.9,震度１,39.12,142.365
2011/3/16,7:01:55,静岡県東部,35°19.8′N,138°43.6′E,12 km,2.4,震度１,35.33,138.7266667
2011/3/16,7:12:38,新潟県中越地方,37°02.7′N,138°42.5′E,7 km,2.3,震度２,37.045,138.7083333
2011/3/16,7:48:39,福島県沖,37°13.2′N,141°17.3′E,31 km,3.2,震度１,37.22,141.2883333
2011/3/16,7:50:30,茨城県北部,36°43.4′N,140°32.5′E,8 km,2.7,震度１,36.72333333,140.5416667
2011/3/16,7:50:51,岐阜県飛騨地方,36°14.9′N,137°35.1′E,4 km,2.4,震度１,36.24833333,137.585
2011/3/16,7:51:14,静岡県東部,35°21.0′N,138°43.2′E,7 km,2.6,震度１,35.35,138.72
2011/3/16,7:59:51,福島県沖,37°22.9′N,141°15.9′E,32 km,3.7,震度１,37.38166667,141.265
2011/3/16,8:05:38,福島県沖,37°03.0′N,141°01.4′E,29 km,3.3,震度１,37.05,141.0233333
2011/3/16,8:12:17,熊本県熊本地方,32°34.0′N,130°43.0′E,7 km,2.4,震度１,32.56666667,130.7166667
2011/3/16,8:13:44,宮城県沖,38°09.8′N,142°08.8′E,20 km,4.3,震度１,38.16333333,142.1466667
2011/3/16,8:20:50,茨城県沖,36°39.3′N,141°07.1′E,45 km,3.7,震度２,36.655,141.1183333
2011/3/16,8:28:28,福島県浜通り,37°05.7′N,140°50.0′E,6 km,2.1,震度１,37.095,140.8333333
2011/3/16,8:39:20,茨城県北部,36°44.0′N,140°35.4′E,5 km,3.7,震度２,36.73333333,140.59
2011/3/16,8:40:11,茨城県北部,36°44.3′N,140°35.2′E,7 km,3.8,震度３,36.73833333,140.5866667
2011/3/16,8:57:43,静岡県東部,35°18.7′N,138°43.5′E,12 km,2.6,震度１,35.31166667,138.725
2011/3/16,8:58:05,茨城県沖,35°57.5′N,141°21.4′E,36 km,4.4,震度２,35.95833333,141.3566667
2011/3/16,9:03:50,長野県北部,36°49.4′N,138°35.9′E,1 km,2.9,震度１,36.82333333,138.5983333
2011/3/16,9:11:39,福島県浜通り,37°03.0′N,140°56.8′E,54 km,3.4,震度１,37.05,140.9466667
2011/3/16,9:22:31,茨城県沖,36°23.3′N,141°04.7′E,46 km,4.3,震度３,36.38833333,141.0783333
2011/3/16,9:46:23,宮城県沖,38°21.0′N,141°43.7′E,52 km,3.8,震度１,38.35,141.7283333
2011/3/16,9:47:09,岩手県沖,39°05.8′N,142°22.8′E,28 km,4.2,震度１,39.09666667,142.38
2011/3/16,9:50:29,福島県沖,37°31.2′N,141°25.7′E,45 km,3.3,震度１,37.52,141.4283333
2011/3/16,9:57:15,秋田県内陸南部,39°33.4′N,140°26.6′E,8 km,2.5,震度１,39.55666667,140.4433333
2011/3/16,10:08:08,茨城県沖,36°17.5′N,140°57.5′E,39 km,4.2,震度３,36.29166667,140.9583333
2011/3/16,10:20:11,茨城県北部,36°38.7′N,140°35.7′E,5 km,1.7,震度１,36.645,140.595
2011/3/16,10:25:10,茨城県沖,36°30.1′N,140°41.1′E,54 km,2.9,震度１,36.50166667,140.685
2011/3/16,10:33:04,静岡県東部,35°18.2′N,138°42.5′E,12 km,2.7,震度２,35.30333333,138.7083333
2011/3/16,10:43:57,福島県浜通り,37°09.9′N,140°46.3′E,6 km,2.4,震度１,37.165,140.7716667
2011/3/16,10:44:55,静岡県東部,35°18.3′N,138°42.6′E,7 km,3.3,震度３,35.305,138.71
2011/3/16,10:52:52,福島県沖,36°53.4′N,141°05.7′E,30 km,3.6,震度１,36.89,141.095
2011/3/16,10:55:06,福島県沖,37°27.4′N,142°59.6′E,16 km,4.9,震度１,37.45666667,142.9933333
2011/3/16,11:06:20,茨城県沖,36°24.6′N,141°02.0′E,46 km,3.5,震度１,36.41,141.0333333
2011/3/16,11:13:20,宮城県沖,38°53.7′N,142°00.6′E,46 km,3.6,震度１,38.895,142.01
2011/3/16,11:15:44,福島県沖,37°26.4′N,141°27.2′E,38 km,3.5,震度１,37.44,141.4533333
2011/3/16,11:47:10,福島県沖,37°39.5′N,142°30.4′E,4 km,4.7,震度１,37.65833333,142.5066667
2011/3/16,11:48:26,岩手県沖,39°33.0′N,142°29.6′E,14 km,4.4,震度２,39.55,142.4933333
2011/3/16,11:52:26,宮城県沖,38°40.7′N,142°10.2′E,40 km,4.2,震度１,38.67833333,142.17
2011/3/16,12:23:32,福島県沖,36°54.6′N,141°20.3′E,31 km,4.7,震度２,36.91,141.3383333
2011/3/16,12:34:39,岩手県沖,39°07.3′N,142°20.6′E,33 km,4.4,震度２,39.12166667,142.3433333
2011/3/16,12:52:03,千葉県東方沖,35°50.2′N,140°54.3′E,10 km,6.1,震度５弱,35.83666667,140.905
2011/3/16,12:53:19,千葉県東方沖,35°49.7′N,140°54.4′E,20 km,4.4,震度３,35.82833333,140.9066667
2011/3/16,12:55:09,千葉県東方沖,35°52.3′N,140°52.4′E,8 km,3.8,震度１,35.87166667,140.8733333
2011/3/16,12:56:04,千葉県東方沖,35°51.3′N,140°52.9′E,13 km,3.7,震度１,35.855,140.8816667
2011/3/16,13:03:11,岩手県沖,40°19.3′N,141°54.0′E,38 km,3,震度１,40.32166667,141.9
2011/3/16,13:04:42,千葉県東方沖,35°50.4′N,140°53.6′E,1 km,3.3,震度１,35.84,140.8933333
2011/3/16,13:09:56,千葉県東方沖,35°50.4′N,140°55.0′E,11 km,3.6,震度１,35.84,140.9166667
2011/3/16,13:13:20,千葉県東方沖,35°49.4′N,140°53.4′E,10 km,3.6,震度１,35.82333333,140.89
2011/3/16,13:14:30,福島県沖,37°32.0′N,141°34.8′E,25 km,5.6,震度４,37.53333333,141.58
2011/3/16,13:17:23,千葉県東方沖,35°51.7′N,140°54.0′E,12 km,4.8,震度３,35.86166667,140.9
2011/3/16,13:23:25,長野県北部,36°59.8′N,138°35.1′E,9 km,1.8,震度１,36.99666667,138.585
2011/3/16,13:38:52,福島県沖,36°39.6′N,142°06.9′E,33 km,4.4,震度１,36.66,142.115
2011/3/16,13:55:18,福島県沖,37°06.7′N,141°05.4′E,30 km,3.4,震度２,37.11166667,141.09
2011/3/16,13:56:05,静岡県東部,35°19.3′N,138°42.7′E,7 km,2.1,震度１,35.32166667,138.7116667
2011/3/16,14:16:06,茨城県沖,36°12.5′N,141°01.0′E,28 km,3.5,震度１,36.20833333,141.0166667
2011/3/16,14:20:46,茨城県沖,35°58.7′N,141°01.4′E,15 km,3.4,震度１,35.97833333,141.0233333
2011/3/16,14:22:01,千葉県東方沖,35°51.1′N,140°51.8′E,10 km,3.3,震度１,35.85166667,140.8633333
2011/3/16,14:36:56,長野県北部,36°55.4′N,138°35.8′E,4 km,2.1,震度１,36.92333333,138.5966667
2011/3/16,14:50:21,長野県北部,36°49.0′N,138°36.1′E,0 km,2.8,震度１,36.81666667,138.6016667
2011/3/16,14:55:01,福島県沖,37°20.1′N,141°50.6′E,33 km,4.1,震度１,37.335,141.8433333
2011/3/16,15:00:44,栃木県北部,36°48.5′N,139°29.2′E,5 km,2.3,震度１,36.80833333,139.4866667
2011/3/16,15:06:17,福島県沖,37°23.6′N,141°50.6′E,36 km,4.2,震度１,37.39333333,141.8433333
2011/3/16,15:29:03,岩手県沖,39°51.8′N,142°17.7′E,41 km,5.7,震度３,39.86333333,142.295
2011/3/16,15:42:12,千葉県東方沖,35°50.1′N,140°52.8′E,8 km,3.1,震度１,35.835,140.88
2011/3/16,15:51:28,千葉県東方沖,35°46.5′N,141°00.5′E,33 km,3.5,震度１,35.775,141.0083333
2011/3/16,15:57:30,茨城県沖,36°45.0′N,141°11.8′E,39 km,3.2,震度１,36.75,141.1966667
2011/3/16,15:59:57,福島県沖,36°55.9′N,141°07.0′E,49 km,3,震度１,36.93166667,141.1166667
2011/3/16,16:03:42,宮城県沖,38°22.5′N,142°01.8′E,33 km,4,震度１,38.375,142.03
2011/3/16,16:07:12,茨城県沖,35°56.8′N,140°58.5′E,16 km,3.8,震度１,35.94666667,140.975
2011/3/16,16:08:36,千葉県東方沖,35°48.4′N,140°53.0′E,9 km,3.3,震度１,35.80666667,140.8833333
2011/3/16,16:17:53,福島県沖,36°56.3′N,141°03.2′E,49 km,3.5,震度１,36.93833333,141.0533333
2011/3/16,16:17:56,宮城県沖,38°28.3′N,142°16.3′E,20 km,4.3,震度１,38.47166667,142.2716667
2011/3/16,16:19:56,宮城県沖,38°30.5′N,142°11.0′E,29 km,3.6,震度１,38.50833333,142.1833333
2011/3/16,16:30:54,静岡県東部,35°18.6′N,138°42.6′E,10 km,2.3,震度１,35.31,138.71
2011/3/16,16:32:48,長野県北部,36°49.1′N,138°36.6′E,0 km,2.8,震度１,36.81833333,138.61
2011/3/16,16:33:09,茨城県沖,35°56.8′N,140°58.6′E,17 km,3.8,震度１,35.94666667,140.9766667
2011/3/16,16:34:44,宮城県沖,38°31.2′N,142°00.2′E,33 km,3.7,震度１,38.52,142.0033333
2011/3/16,16:42:22,長野県北部,36°48.9′N,138°36.8′E,1 km,3.1,震度２,36.815,138.6133333
2011/3/16,16:44:27,栃木県北部,36°39.6′N,139°26.7′E,4 km,2.3,震度１,36.66,139.445
2011/3/16,16:46:45,岩手県沖,39°02.0′N,142°22.1′E,25 km,3.3,震度１,39.03333333,142.3683333
2011/3/16,16:52:59,茨城県南部,36°14.9′N,140°06.5′E,54 km,3.3,震度１,36.24833333,140.1083333
2011/3/16,16:57:46,岩手県沖,39°32.2′N,142°48.1′E,8 km,3.8,震度１,39.53666667,142.8016667
2011/3/16,17:02:28,静岡県東部,35°20.0′N,138°43.8′E,12 km,2.3,震度１,35.33333333,138.73
2011/3/16,17:03:46,岩手県内陸南部,39°15.5′N,140°59.0′E,8 km,2.4,震度１,39.25833333,140.9833333
2011/3/16,17:17:09,福島県沖,37°09.1′N,143°28.7′E,50 km,5.1,震度１,37.15166667,143.4783333
2011/3/16,17:17:27,岩手県沖,39°07.9′N,142°23.6′E,21 km,4.6,震度２,39.13166667,142.3933333
2011/3/16,17:30:43,茨城県沖,36°45.1′N,141°07.2′E,31 km,3.5,震度１,36.75166667,141.12
2011/3/16,17:49:15,茨城県沖,36°18.3′N,140°48.6′E,54 km,3.9,震度２,36.305,140.81
2011/3/16,17:53:39,静岡県東部,35°18.8′N,138°42.5′E,12 km,2.6,震度１,35.31333333,138.7083333
2011/3/16,17:59:31,福島県沖,37°30.1′N,141°18.5′E,49 km,3.8,震度２,37.50166667,141.3083333
2011/3/16,18:15:25,福島県沖,36°58.9′N,141°27.0′E,46 km,4.5,震度３,36.98166667,141.45
2011/3/16,18:20:59,茨城県北部,36°44.0′N,140°35.8′E,7 km,3.2,震度１,36.73333333,140.5966667
2011/3/16,18:24:20,茨城県北部,36°50.2′N,140°37.9′E,21 km,2.9,震度１,36.83666667,140.6316667
2011/3/16,18:29:32,宮城県沖,38°06.5′N,142°07.0′E,21 km,4.3,震度１,38.10833333,142.1166667
2011/3/16,18:34:54,岩手県沖,39°13.0′N,142°24.0′E,26 km,3.8,震度１,39.21666667,142.4
2011/3/16,18:44:37,宮城県沖,38°42.8′N,141°45.0′E,53 km,3.1,震度１,38.71333333,141.75
2011/3/16,18:50:34,千葉県東方沖,35°48.7′N,140°53.6′E,8 km,3,震度１,35.81166667,140.8933333
2011/3/16,18:56:14,茨城県沖,36°31.3′N,141°01.8′E,34 km,3.5,震度１,36.52166667,141.03
2011/3/16,19:00:13,新潟県中越地方,37°00.2′N,138°37.0′E,10 km,2.7,震度２,37.00333333,138.6166667
2011/3/16,19:08:50,千葉県東方沖,35°49.1′N,140°53.1′E,9 km,3.6,震度１,35.81833333,140.885
2011/3/16,19:09:33,福島県沖,37°38.9′N,142°05.2′E,34 km,4,震度１,37.64833333,142.0866667
2011/3/16,19:15:25,茨城県沖,36°02.4′N,141°25.8′E,44 km,3.8,震度１,36.04,141.43
2011/3/16,19:16:11,三陸沖,39°52.2′N,143°35.9′E,36 km,5,震度１,39.87,143.5983333
2011/3/16,19:17:35,茨城県南部,35°59.6′N,140°14.0′E,41 km,3.1,震度２,35.99333333,140.2333333
2011/3/16,19:21:32,千葉県東方沖,35°37.4′N,140°58.4′E,27 km,3.2,震度１,35.62333333,140.9733333
2011/3/16,19:27:21,岩手県沖,39°08.0′N,142°18.5′E,22 km,4.4,震度２,39.13333333,142.3083333
2011/3/16,19:32:32,宮城県沖,38°19.3′N,142°16.1′E,43 km,4.4,震度１,38.32166667,142.2683333
2011/3/16,19:36:06,茨城県北部,36°28.1′N,140°29.5′E,58 km,3.3,震度１,36.46833333,140.4916667
2011/3/16,19:48:33,宮城県沖,38°47.3′N,142°08.5′E,36 km,3.7,震度１,38.78833333,142.1416667
2011/3/16,19:48:34,静岡県東部,35°19.2′N,138°42.9′E,9 km,2.1,震度１,35.32,138.715
2011/3/16,19:49:10,福島県沖,37°44.2′N,141°45.5′E,27 km,4.3,震度２,37.73666667,141.7583333
2011/3/16,19:50:53,福島県沖,37°00.9′N,141°18.2′E,47 km,4.1,震度１,37.015,141.3033333
2011/3/16,19:52:51,長野県北部,36°57.3′N,138°35.8′E,8 km,2.4,震度１,36.955,138.5966667
2011/3/16,20:11:41,新潟県中越地方,37°04.3′N,138°37.6′E,11 km,2.4,震度１,37.07166667,138.6266667
2011/3/16,20:12:05,福島県沖,37°29.7′N,141°44.8′E,33 km,4.2,震度１,37.495,141.7466667
2011/3/16,20:18:21,千葉県東方沖,35°48.8′N,140°53.5′E,11 km,3.4,震度１,35.81333333,140.8916667
2011/3/16,20:20:04,茨城県沖,36°08.5′N,141°13.6′E,35 km,4.9,震度３,36.14166667,141.2266667
2011/3/16,20:37:52,宮城県沖,38°46.9′N,142°26.6′E,22 km,4.2,震度２,38.78166667,142.4433333
2011/3/16,20:39:31,宮城県沖,38°12.2′N,142°05.0′E,11 km,4.3,震度１,38.20333333,142.0833333
2011/3/16,20:44:58,福島県沖,37°36.0′N,141°29.4′E,46 km,4.5,震度３,37.6,141.49
2011/3/16,20:51:39,三陸沖,38°37.0′N,142°47.6′E,4 km,4.6,震度１,38.61666667,142.7933333
2011/3/16,21:14:14,茨城県沖,36°32.4′N,140°49.7′E,52 km,3.8,震度２,36.54,140.8283333
2011/3/16,21:27:15,長野県中部,36°11.1′N,137°38.1′E,5 km,3.1,震度１,36.185,137.635
2011/3/16,21:30:15,宮城県沖,37°50.4′N,141°50.9′E,35 km,3.8,震度１,37.84,141.8483333
2011/3/16,21:48:37,福島県沖,37°19.9′N,142°30.3′E,29 km,4.6,震度１,37.33166667,142.505
2011/3/16,22:26:38,宮城県沖,38°57.5′N,142°21.5′E,32 km,4,震度１,38.95833333,142.3583333
2011/3/16,22:26:53,茨城県沖,35°57.2′N,141°13.1′E,25 km,3.7,震度１,35.95333333,141.2183333
2011/3/16,22:33:53,茨城県沖,35°58.5′N,140°59.3′E,32 km,3.4,震度２,35.975,140.9883333
2011/3/16,22:39:03,茨城県南部,35°55.0′N,140°26.4′E,53 km,5.4,震度４,35.91666667,140.44
2011/3/16,22:50:30,福島県沖,37°02.8′N,141°08.3′E,50 km,4.1,震度２,37.04666667,141.1383333
2011/3/16,22:54:05,福島県沖,37°21.5′N,141°20.1′E,29 km,4.6,震度３,37.35833333,141.335
2011/3/16,23:14:16,茨城県沖,36°12.7′N,140°54.3′E,45 km,3.7,震度２,36.21166667,140.905
2011/3/16,23:17:47,千葉県東方沖,35°51.3′N,140°56.3′E,15 km,4.2,震度２,35.855,140.9383333
2011/3/16,23:28:22,茨城県沖,36°20.4′N,141°25.4′E,49 km,4.5,震度１,36.34,141.4233333
2011/3/16,23:34:44,茨城県沖,36°31.2′N,140°52.4′E,47 km,3,震度１,36.52,140.8733333
2011/3/16,23:38:13,三陸沖,39°18.0′N,142°53.4′E,14 km,4.4,震度１,39.3,142.89
2011/3/16,23:46:10,宮城県沖,38°32.2′N,141°48.1′E,54 km,5.3,震度４,38.53666667,141.8016667
2011/3/16,23:52:16,新潟県中越地方,37°01.3′N,138°41.1′E,7 km,2.1,震度１,37.02166667,138.685
2011/3/17,0:00:58,三陸沖,39°12.1′N,144°25.5′E,61 km,4.9,震度１,39.20166667,144.425
2011/3/17,0:08:26,宮城県沖,38°22.0′N,141°52.8′E,28 km,4.1,震度２,38.36666667,141.88
2011/3/17,0:10:28,茨城県北部,36°28.7′N,140°29.7′E,58 km,3,震度１,36.47833333,140.495
2011/3/17,0:21:30,千葉県東方沖,35°48.5′N,140°53.2′E,10 km,3.5,震度１,35.80833333,140.8866667
2011/3/17,0:29:49,長野県中部,36°11.3′N,138°00.7′E,5 km,2.5,震度２,36.18833333,138.0116667
2011/3/17,0:36:09,茨城県沖,36°26.8′N,141°49.1′E,59 km,3.3,震度１,36.44666667,141.8183333
2011/3/17,0:45:20,長野県中部,36°11.3′N,138°00.7′E,5 km,2.4,震度１,36.18833333,138.0116667
2011/3/17,0:57:12,長野県北部,36°59.2′N,138°32.9′E,6 km,2.3,震度１,36.98666667,138.5483333
2011/3/17,1:23:14,福島県浜通り,37°04.8′N,140°46.8′E,5 km,2.4,震度１,37.08,140.78
2011/3/17,1:34:32,岩手県沖,39°16.8′N,142°23.5′E,33 km,3.9,震度１,39.28,142.3916667
2011/3/17,2:14:05,茨城県北部,36°43.8′N,140°34.8′E,2 km,3.6,震度１,36.73,140.58
2011/3/17,2:14:38,秋田県内陸南部,39°31.2′N,140°25.5′E,8 km,1.9,震度１,39.52,140.425
2011/3/17,2:19:28,千葉県東方沖,35°37.8′N,140°56.5′E,26 km,4.7,震度２,35.63,140.9416667
2011/3/17,3:00:24,千葉県東方沖,35°37.6′N,140°59.8′E,28 km,3.3,震度１,35.62666667,140.9966667
2011/3/17,3:12:54,福島県沖,37°06.9′N,142°18.7′E,17 km,5.2,震度２,37.115,142.3116667
2011/3/17,3:20:04,福島県沖,37°09.2′N,141°13.2′E,27 km,3.3,震度１,37.15333333,141.22
2011/3/17,3:20:53,宮城県沖,38°06.7′N,141°47.4′E,44 km,4,震度１,38.11166667,141.79
2011/3/17,3:29:00,宮城県沖,38°45.1′N,142°22.4′E,39 km,4.1,震度１,38.75166667,142.3733333
2011/3/17,3:36:28,岩手県沖,39°47.3′N,142°41.7′E,23 km,4.4,震度２,39.78833333,142.695
2011/3/17,3:38:52,福島県浜通り,36°53.9′N,140°43.2′E,12 km,4,震度２,36.89833333,140.72
2011/3/17,3:48:09,福島県沖,37°39.9′N,141°46.0′E,37 km,4.1,震度１,37.665,141.7666667
2011/3/17,3:56:23,福島県浜通り,37°12.9′N,140°56.0′E,6 km,4.4,震度３,37.215,140.9333333
2011/3/17,4:00:35,福島県沖,37°38.9′N,141°34.2′E,45 km,4.5,震度３,37.64833333,141.57
2011/3/17,4:12:35,福島県沖,37°25.7′N,141°13.0′E,28 km,3.5,震度１,37.42833333,141.2166667
2011/3/17,4:26:10,茨城県沖,36°24.7′N,141°03.0′E,46 km,3.3,震度１,36.41166667,141.05
2011/3/17,4:35:01,福島県沖,37°36.0′N,142°00.7′E,18 km,4.9,震度２,37.6,142.0116667
2011/3/17,5:05:04,三陸沖,39°44.3′N,143°02.7′E,0 km,4.7,震度１,39.73833333,143.045
2011/3/17,5:05:14,福島県浜通り,37°05.6′N,140°49.8′E,6 km,2.6,震度１,37.09333333,140.83
2011/3/17,5:13:38,岩手県沖,39°19.9′N,142°05.0′E,47 km,3.5,震度１,39.33166667,142.0833333
2011/3/17,5:25:39,新潟県中越地方,37°02.3′N,138°39.9′E,12 km,2.2,震度１,37.03833333,138.665
2011/3/17,5:25:38,宮城県沖,38°02.6′N,141°40.3′E,51 km,4,震度２,38.04333333,141.6716667
2011/3/17,5:30:57,渡島地方西部,41°28.9′N,140°11.8′E,7 km,2.2,震度２,41.48166667,140.1966667
2011/3/17,5:44:43,福島県沖,37°21.9′N,143°37.1′E,47 km,5.2,震度１,37.365,143.6183333
2011/3/17,5:45:57,福島県沖,36°53.6′N,142°21.2′E,20 km,4.9,震度１,36.89333333,142.3533333
2011/3/17,5:51:24,宮城県沖,38°17.5′N,142°14.2′E,34 km,4.2,震度１,38.29166667,142.2366667
2011/3/17,6:14:46,長野県北部,36°45.2′N,138°10.6′E,0 km,2,震度１,36.75333333,138.1766667
2011/3/17,6:16:13,茨城県北部,36°52.6′N,140°42.4′E,12 km,3.9,震度３,36.87666667,140.7066667
2011/3/17,6:17:24,茨城県沖,36°48.2′N,141°08.5′E,34 km,3.8,震度１,36.80333333,141.1416667
2011/3/17,6:31:03,茨城県沖,36°34.4′N,140°53.9′E,48 km,3.3,震度１,36.57333333,140.8983333
2011/3/17,6:32:41,宮城県沖,37°53.9′N,142°34.8′E,7 km,4.5,震度１,37.89833333,142.58
2011/3/17,6:47:40,茨城県沖,36°23.0′N,141°09.8′E,25 km,3.7,震度１,36.38333333,141.1633333
2011/3/17,7:05:05,茨城県沖,36°03.5′N,141°03.4′E,40 km,4.5,震度３,36.05833333,141.0566667
2011/3/17,7:13:55,茨城県北部,36°45.0′N,140°34.5′E,3 km,2.9,震度１,36.75,140.575
2011/3/17,7:28:20,三陸沖,37°57.3′N,143°29.9′E,23 km,4.4,震度１,37.955,143.4983333
2011/3/17,7:47:46,長野県北部,36°54.8′N,138°34.0′E,0 km,2,震度１,36.91333333,138.5666667
2011/3/17,7:48:27,福島県沖,37°06.2′N,141°43.7′E,39 km,4.4,震度１,37.10333333,141.7283333
2011/3/17,7:49:45,青森県東方沖,40°45.7′N,142°09.3′E,48 km,3.4,震度１,40.76166667,142.155
2011/3/17,7:50:12,福島県沖,37°19.1′N,141°12.7′E,30 km,3.3,震度１,37.31833333,141.2116667
2011/3/17,7:53:06,茨城県沖,36°22.5′N,141°47.3′E,62 km,4.5,震度１,36.375,141.7883333
2011/3/17,8:03:14,宮城県沖,38°38.7′N,142°09.0′E,41 km,4.3,震度２,38.645,142.15
2011/3/17,8:11:40,福島県沖,36°42.0′N,141°53.3′E,36 km,4.4,震度１,36.7,141.8883333
2011/3/17,8:11:53,長野県北部,36°43.3′N,138°29.2′E,6 km,3.3,震度３,36.72166667,138.4866667
2011/3/17,8:28:19,茨城県沖,36°08.3′N,140°59.9′E,38 km,3.7,震度２,36.13833333,140.9983333
2011/3/17,8:30:19,福島県沖,37°20.0′N,141°30.1′E,44 km,3.6,震度１,37.33333333,141.5016667
2011/3/17,8:38:17,岩手県沖,39°09.3′N,142°43.7′E,22 km,5.5,震度３,39.155,142.7283333
2011/3/17,8:45:12,福島県沖,37°34.2′N,141°36.3′E,19 km,2.5,震度１,37.57,141.605
2011/3/17,9:05:32,長野県北部,36°57.4′N,138°35.7′E,6 km,1.7,震度１,36.95666667,138.595
2011/3/17,9:16:13,福島県沖,37°18.0′N,141°51.1′E,38 km,4.3,震度１,37.3,141.8516667
2011/3/17,9:23:38,茨城県北部,36°44.8′N,140°35.7′E,4 km,3.6,震度２,36.74666667,140.595
2011/3/17,9:37:00,茨城県北部,36°44.4′N,140°35.8′E,7 km,2.8,震度１,36.74,140.5966667
2011/3/17,9:42:49,福島県沖,37°22.3′N,143°37.1′E,55 km,4.8,震度１,37.37166667,143.6183333
2011/3/17,9:45:53,茨城県沖,36°09.5′N,141°13.1′E,43 km,4.3,震度２,36.15833333,141.2183333
2011/3/17,9:51:08,福島県沖,37°13.4′N,141°01.9′E,26 km,3.8,震度２,37.22333333,141.0316667
2011/3/17,10:15:17,福島県沖,37°24.5′N,141°30.0′E,40 km,3.8,震度１,37.40833333,141.5
2011/3/17,10:19:04,福島県沖,37°35.4′N,141°53.2′E,4 km,4.4,震度１,37.59,141.8866667
2011/3/17,10:29:47,茨城県沖,36°42.9′N,140°56.4′E,51 km,2.9,震度１,36.715,140.94
2011/3/17,10:44:27,福島県沖,37°18.9′N,141°02.0′E,24 km,3,震度２,37.315,141.0333333
2011/3/17,10:58:14,茨城県北部,36°42.8′N,140°33.7′E,8 km,2.6,震度１,36.71333333,140.5616667
2011/3/17,11:12:25,新潟県中越地方,36°58.8′N,138°38.1′E,8 km,2,震度１,36.98,138.635
2011/3/17,11:29:11,福島県中通り,37°10.1′N,140°19.1′E,12 km,3.2,震度２,37.16833333,140.3183333
2011/3/17,11:30:41,福島県沖,37°12.0′N,141°11.5′E,34 km,3.3,震度１,37.2,141.1916667
2011/3/17,11:30:42,宮城県沖,38°37.0′N,141°53.6′E,52 km,4,震度２,38.61666667,141.8933333
2011/3/17,11:36:33,茨城県沖,36°03.9′N,141°03.5′E,38 km,3.3,震度１,36.065,141.0583333
2011/3/17,11:43:43,千葉県東方沖,35°36.9′N,140°58.3′E,26 km,3.5,震度１,35.615,140.9716667
2011/3/17,11:46:57,福島県沖,37°14.0′N,141°24.2′E,41 km,4.1,震度１,37.23333333,141.4033333
2011/3/17,11:48:33,岩手県沖,39°42.6′N,142°41.4′E,17 km,4.7,震度２,39.71,142.69
2011/3/17,11:50:26,岩手県沖,39°16.9′N,142°29.9′E,25 km,4.6,震度２,39.28166667,142.4983333
2011/3/17,11:59:40,長野県北部,36°57.7′N,138°34.6′E,6 km,2.7,震度２,36.96166667,138.5766667
2011/3/17,12:01:24,長野県北部,36°45.4′N,138°10.5′E,0 km,3,震度２,36.75666667,138.175
2011/3/17,12:11:34,宮城県沖,38°22.2′N,142°01.7′E,37 km,3.8,震度１,38.37,142.0283333
2011/3/17,12:18:45,茨城県沖,36°27.3′N,141°05.6′E,42 km,3.2,震度１,36.455,141.0933333
2011/3/17,12:43:57,宮城県沖,38°15.7′N,142°30.9′E,21 km,4.5,震度１,38.26166667,142.515
2011/3/17,12:55:43,福島県沖,37°25.6′N,141°16.1′E,26 km,3.8,震度２,37.42666667,141.2683333
2011/3/17,13:05:28,東京湾,35°32.2′N,139°53.3′E,25 km,2.6,震度１,35.53666667,139.8883333
2011/3/17,13:10:11,東京湾,35°32.2′N,139°53.5′E,23 km,3.2,震度２,35.53666667,139.8916667
2011/3/17,13:13:57,岩手県沖,40°07.5′N,142°24.6′E,31 km,5.9,震度４,40.125,142.41
2011/3/17,13:18:31,岩手県沖,39°14.4′N,142°29.2′E,26 km,4.3,震度１,39.24,142.4866667
2011/3/17,13:46:50,茨城県南部,36°08.1′N,140°33.3′E,40 km,2.2,震度１,36.135,140.555
2011/3/17,13:47:22,千葉県東方沖,35°50.6′N,140°54.7′E,12 km,3.7,震度１,35.84333333,140.9116667
2011/3/17,13:50:19,岩手県沖,39°02.1′N,142°26.1′E,23 km,3.9,震度１,39.035,142.435
2011/3/17,13:59:20,東京湾,35°31.4′N,139°53.9′E,23 km,2.6,震度１,35.52333333,139.8983333
2011/3/17,14:01:04,宮城県北部,38°44.3′N,141°00.7′E,12 km,2.5,震度１,38.73833333,141.0116667
2011/3/17,14:06:58,三陸沖,37°57.5′N,143°36.0′E,43 km,5.2,震度１,37.95833333,143.6
2011/3/17,14:21:16,岩手県沿岸南部,39°26.5′N,141°49.9′E,66 km,3.4,震度１,39.44166667,141.8316667
2011/3/17,14:22:43,福島県沖,37°09.7′N,141°03.6′E,30 km,4,震度２,37.16166667,141.06
2011/3/17,14:24:16,秋田県沖,40°22.3′N,139°12.6′E,19 km,4.2,震度２,40.37166667,139.21
2011/3/17,14:32:18,新潟県中越地方,36°56.2′N,138°36.1′E,5 km,2.5,震度１,36.93666667,138.6016667
2011/3/17,14:53:36,千葉県東方沖,35°45.8′N,141°00.4′E,23 km,3,震度２,35.76333333,141.0066667
2011/3/17,15:01:51,兵庫県南東部,34°56.6′N,135°21.0′E,5 km,1.7,震度１,34.94333333,135.35
2011/3/17,15:03:50,宮城県沖,38°44.0′N,142°22.8′E,26 km,4,震度１,38.73333333,142.38
2011/3/17,15:04:05,岩手県沖,39°54.4′N,142°11.5′E,40 km,3.5,震度１,39.90666667,142.1916667
2011/3/17,15:09:30,千葉県東方沖,35°49.1′N,141°01.3′E,25 km,3.5,震度１,35.81833333,141.0216667
2011/3/17,15:12:40,福島県沖,37°44.7′N,143°30.4′E,42 km,5.7,震度１,37.745,143.5066667
2011/3/17,15:24:30,福島県沖,37°15.7′N,142°05.6′E,32 km,5.2,震度２,37.26166667,142.0933333
2011/3/17,15:36:54,茨城県沖,36°19.0′N,140°58.7′E,35 km,3.8,震度２,36.31666667,140.9783333
2011/3/17,15:37:39,福島県沖,37°22.3′N,141°08.8′E,11 km,3.4,震度１,37.37166667,141.1466667
2011/3/17,15:42:43,三陸沖,38°49.5′N,144°01.1′E,55 km,4.9,震度１,38.825,144.0183333
2011/3/17,15:58:34,岐阜県飛騨地方,36°14.4′N,137°34.7′E,3 km,2.8,震度１,36.24,137.5783333
2011/3/17,16:03:40,福島県沖,37°25.7′N,142°32.7′E,0 km,4.7,震度１,37.42833333,142.545
2011/3/17,16:13:37,茨城県沖,36°37.5′N,141°03.2′E,42 km,3.2,震度１,36.625,141.0533333
2011/3/17,16:19:24,宮城県沖,38°47.8′N,141°40.0′E,60 km,3,震度１,38.79666667,141.6666667
2011/3/17,16:28:25,静岡県東部,35°18.5′N,138°43.6′E,13 km,2.2,震度１,35.30833333,138.7266667
2011/3/17,16:49:50,茨城県北部,36°43.9′N,140°33.9′E,2 km,3,震度１,36.73166667,140.565
2011/3/17,17:04:39,宮城県沖,38°56.9′N,142°23.3′E,30 km,4.1,震度１,38.94833333,142.3883333
2011/3/17,17:25:23,福島県沖,36°40.8′N,141°51.0′E,17 km,5.4,震度３,36.68,141.85
2011/3/17,17:33:06,茨城県沖,36°31.9′N,141°01.2′E,55 km,3.4,震度１,36.53166667,141.02
2011/3/17,17:34:18,福島県沖,37°42.5′N,142°00.8′E,29 km,4,震度１,37.70833333,142.0133333
2011/3/17,17:44:47,宮城県沖,38°25.1′N,142°17.9′E,23 km,4.7,震度３,38.41833333,142.2983333
2011/3/17,17:51:14,福島県沖,37°03.9′N,141°11.1′E,51 km,3.8,震度２,37.065,141.185
2011/3/17,17:56:55,茨城県沖,36°25.2′N,141°05.0′E,45 km,3.9,震度２,36.42,141.0833333
2011/3/17,17:59:40,岩手県沖,40°09.2′N,142°29.7′E,29 km,5,震度３,40.15333333,142.495
2011/3/17,18:05:59,岩手県沖,40°09.0′N,142°27.7′E,31 km,4.8,震度３,40.15,142.4616667
2011/3/17,18:44:09,栃木県北部,36°53.2′N,139°24.5′E,4 km,3.3,震度２,36.88666667,139.4083333
2011/3/17,19:09:02,岩手県沖,39°16.2′N,142°12.4′E,44 km,3.5,震度１,39.27,142.2066667
2011/3/17,19:11:16,福島県沖,37°20.5′N,141°09.1′E,24 km,3.6,震度２,37.34166667,141.1516667
2011/3/17,19:18:38,静岡県東部,35°19.0′N,138°43.3′E,10 km,2.9,震度１,35.31666667,138.7216667
2011/3/17,19:38:58,岩手県沖,39°38.0′N,142°06.9′E,48 km,3.1,震度１,39.63333333,142.115
2011/3/17,19:47:02,茨城県北部,36°44.3′N,140°33.7′E,2 km,3.1,震度１,36.73833333,140.5616667
2011/3/17,19:54:50,福島県沖,37°28.0′N,141°18.9′E,25 km,3.4,震度１,37.46666667,141.315
2011/3/17,19:54:56,千葉県東方沖,35°44.0′N,140°54.3′E,9 km,3.5,震度２,35.73333333,140.905
2011/3/17,19:59:09,千葉県東方沖,35°44.4′N,140°54.1′E,8 km,3.4,震度２,35.74,140.9016667
2011/3/17,20:07:16,茨城県沖,36°35.9′N,140°44.7′E,28 km,2.6,震度１,36.59833333,140.745
2011/3/17,20:13:16,宮城県沖,38°34.9′N,141°52.4′E,53 km,4,震度２,38.58166667,141.8733333
2011/3/17,20:31:23,千葉県東方沖,35°37.8′N,140°59.7′E,27 km,3.9,震度２,35.63,140.995
2011/3/17,20:38:27,茨城県北部,36°43.0′N,140°34.2′E,3 km,3.7,震度２,36.71666667,140.57
2011/3/17,20:41:02,茨城県沖,36°01.6′N,141°15.9′E,36 km,4,震度２,36.02666667,141.265
2011/3/17,20:41:43,新潟県中越地方,36°57.2′N,138°36.5′E,8 km,2.8,震度１,36.95333333,138.6083333
2011/3/17,20:47:25,千葉県東方沖,35°48.5′N,140°51.7′E,10 km,3,震度１,35.80833333,140.8616667
2011/3/17,20:48:11,福島県沖,37°22.0′N,141°20.1′E,29 km,4.3,震度３,37.36666667,141.335
2011/3/17,20:57:40,新潟県中越地方,36°58.9′N,138°37.0′E,14 km,2.1,震度１,36.98166667,138.6166667
2011/3/17,21:00:35,茨城県沖,36°13.3′N,140°59.7′E,44 km,3.7,震度１,36.22166667,140.995
2011/3/17,21:02:13,新島・神津島近海,34°27.3′N,139°15.6′E,7 km,2.5,震度１,34.455,139.26
2011/3/17,21:19:10,茨城県北部,36°46.4′N,140°33.5′E,8 km,3.8,震度２,36.77333333,140.5583333
2011/3/17,21:27:41,宮城県沖,38°43.1′N,142°08.1′E,37 km,3.5,震度１,38.71833333,142.135
2011/3/17,21:32:02,千葉県東方沖,35°37.8′N,140°58.7′E,28 km,5.7,震度４,35.63,140.9783333
2011/3/17,21:33:23,千葉県東方沖,35°36.5′N,140°59.9′E,27 km,4.9,震度３,35.60833333,140.9983333
2011/3/17,21:35:51,福島県沖,37°13.2′N,141°26.6′E,45 km,4.9,震度３,37.22,141.4433333
2011/3/17,21:37:14,茨城県沖,35°56.3′N,140°59.2′E,13 km,4,震度２,35.93833333,140.9866667
2011/3/17,21:54:54,茨城県沖,36°44.2′N,141°18.5′E,47 km,5.7,震度４,36.73666667,141.3083333
2011/3/17,22:03:00,宮城県沖,38°21.3′N,142°06.8′E,33 km,4.5,震度２,38.355,142.1133333
2011/3/17,22:04:21,千葉県東方沖,35°38.7′N,140°57.3′E,25 km,3.8,震度１,35.645,140.955
2011/3/17,22:12:35,茨城県沖,36°45.1′N,141°17.8′E,45 km,3.5,震度１,36.75166667,141.2966667
2011/3/17,22:15:07,千葉県東方沖,35°36.2′N,140°58.1′E,25 km,3.4,震度１,35.60333333,140.9683333
2011/3/17,22:23:45,長野県北部,36°57.6′N,138°35.8′E,5 km,1.6,震度１,36.96,138.5966667
2011/3/17,22:34:55,千葉県東方沖,35°50.5′N,141°01.3′E,7 km,3.7,震度１,35.84166667,141.0216667
2011/3/17,22:37:33,茨城県沖,36°11.3′N,141°51.3′E,66 km,4.5,震度１,36.18833333,141.855
2011/3/17,22:47:12,茨城県沖,36°24.6′N,140°37.4′E,52 km,3.4,震度２,36.41,140.6233333
2011/3/17,22:53:35,宮城県沖,38°47.8′N,141°56.3′E,56 km,4.1,震度２,38.79666667,141.9383333
2011/3/17,22:58:37,茨城県沖,36°16.3′N,141°33.9′E,59 km,4.4,震度２,36.27166667,141.565
2011/3/17,23:04:08,福島県沖,36°56.3′N,141°06.5′E,48 km,3.1,震度１,36.93833333,141.1083333
2011/3/17,23:17:07,千葉県東方沖,35°37.7′N,140°58.8′E,26 km,3.2,震度１,35.62833333,140.98
2011/3/17,23:30:51,秋田県内陸南部,39°34.7′N,140°32.6′E,7 km,2.7,震度２,39.57833333,140.5433333
2011/3/17,23:31:35,宮城県沖,38°18.7′N,141°36.4′E,55 km,3.5,震度１,38.31166667,141.6066667
2011/3/17,23:41:29,茨城県沖,36°03.8′N,141°26.7′E,45 km,3.8,震度１,36.06333333,141.445
2011/3/17,23:45:14,岐阜県飛騨地方,36°14.6′N,137°35.0′E,4 km,2.2,震度１,36.24333333,137.5833333
2011/3/17,23:49:41,岩手県沖,40°07.6′N,142°25.5′E,31 km,4.4,震度２,40.12666667,142.425
2011/3/17,23:50:02,千葉県東方沖,35°31.4′N,140°59.0′E,36 km,4.4,震度２,35.52333333,140.9833333
2011/3/17,23:53:29,長野県北部,36°58.2′N,138°35.1′E,7 km,2.1,震度１,36.97,138.585
2011/3/17,23:58:13,新潟県中越地方,37°01.8′N,138°40.1′E,10 km,2.8,震度２,37.03,138.6683333
2011/3/18,0:00:29,岩手県沖,40°09.2′N,142°25.7′E,32 km,4.5,震度２,40.15333333,142.4283333
2011/3/18,0:42:03,茨城県沖,36°34.6′N,141°05.7′E,48 km,4,震度２,36.57666667,141.095
2011/3/18,0:45:17,宮城県沖,38°31.1′N,142°03.2′E,43 km,4.1,震度２,38.51833333,142.0533333
2011/3/18,0:51:51,千葉県東方沖,35°48.7′N,140°52.5′E,11 km,4.2,震度２,35.81166667,140.875
2011/3/18,1:00:21,福島県浜通り,37°05.6′N,140°49.8′E,6 km,2.1,震度１,37.09333333,140.83
2011/3/18,1:00:35,福島県沖,36°43.1′N,142°11.8′E,30 km,4.6,震度１,36.71833333,142.1966667
2011/3/18,1:02:06,福島県沖,37°11.5′N,141°21.5′E,49 km,3.7,震度２,37.19166667,141.3583333
2011/3/18,1:07:48,静岡県東部,35°18.4′N,138°42.3′E,10 km,2.4,震度１,35.30666667,138.705
2011/3/18,1:30:01,茨城県北部,36°44.0′N,140°35.2′E,4 km,3.1,震度１,36.73333333,140.5866667
2011/3/18,1:36:16,千葉県東方沖,35°48.9′N,140°52.6′E,8 km,3.2,震度１,35.815,140.8766667
2011/3/18,1:40:49,福島県沖,37°16.4′N,141°25.5′E,46 km,3.2,震度１,37.27333333,141.425
2011/3/18,1:44:32,茨城県沖,35°59.1′N,141°31.2′E,40 km,4.8,震度２,35.985,141.52
2011/3/18,2:00:04,長野県北部,36°56.1′N,138°31.5′E,3 km,3.4,震度３,36.935,138.525
2011/3/18,2:01:22,長野県北部,36°55.3′N,138°31.1′E,0 km,3,震度２,36.92166667,138.5183333
2011/3/18,2:04:56,長野県北部,36°55.4′N,138°31.1′E,2 km,2.9,震度１,36.92333333,138.5183333
2011/3/18,2:22:43,岩手県沖,40°18.4′N,142°23.5′E,26 km,4.2,震度２,40.30666667,142.3916667
2011/3/18,2:34:52,宮城県沖,38°38.5′N,141°52.7′E,51 km,4.1,震度２,38.64166667,141.8783333
2011/3/18,2:57:10,岩手県内陸南部,39°17.0′N,140°53.4′E,9 km,2.9,震度１,39.28333333,140.89
2011/3/18,2:57:13,福島県中通り,37°05.3′N,140°36.5′E,6 km,3.2,震度２,37.08833333,140.6083333
2011/3/18,3:17:28,宮城県沖,38°17.8′N,142°18.9′E,32 km,4.4,震度１,38.29666667,142.315
2011/3/18,3:26:18,茨城県沖,35°58.6′N,141°11.4′E,29 km,3.8,震度１,35.97666667,141.19
2011/3/18,3:38:08,福島県中通り,37°04.9′N,140°36.4′E,7 km,2.4,震度２,37.08166667,140.6066667
2011/3/18,3:38:09,福島県沖,37°10.6′N,141°10.1′E,30 km,4.7,震度３,37.17666667,141.1683333
2011/3/18,3:55:32,福島県沖,37°08.5′N,142°31.3′E,9 km,5.7,震度２,37.14166667,142.5216667
2011/3/18,4:02:53,宮城県沖,38°16.4′N,142°16.6′E,35 km,4.7,震度２,38.27333333,142.2766667
2011/3/18,4:05:41,茨城県沖,36°14.4′N,141°54.8′E,57 km,4.8,震度１,36.24,141.9133333
2011/3/18,4:11:34,茨城県北部,36°48.2′N,140°34.8′E,5 km,3.4,震度１,36.80333333,140.58
2011/3/18,4:22:31,福島県沖,37°10.3′N,141°09.6′E,31 km,3.1,震度１,37.17166667,141.16
2011/3/18,4:40:23,福島県中通り,36°50.5′N,140°30.4′E,5 km,3.7,震度２,36.84166667,140.5066667
2011/3/18,4:43:47,岐阜県飛騨地方,36°14.9′N,137°35.1′E,3 km,2.6,震度１,36.24833333,137.585
2011/3/18,4:44:01,新潟県中越地方,37°01.0′N,138°41.4′E,10 km,2.8,震度２,37.01666667,138.69
2011/3/18,4:48:44,青森県東方沖,41°09.2′N,141°42.3′E,80 km,3,震度１,41.15333333,141.705
2011/3/18,5:06:31,長野県北部,36°56.3′N,138°35.8′E,4 km,2.6,震度２,36.93833333,138.5966667
2011/3/18,5:09:15,千葉県東方沖,35°47.8′N,140°49.6′E,19 km,3.9,震度２,35.79666667,140.8266667
2011/3/18,5:31:32,茨城県北部,36°55.0′N,140°35.3′E,6 km,3.6,震度１,36.91666667,140.5883333
2011/3/18,5:42:54,茨城県沖,35°55.0′N,141°04.7′E,24 km,3.3,震度１,35.91666667,141.0783333
2011/3/18,6:06:28,茨城県沖,35°47.4′N,141°27.2′E,21 km,4.8,震度２,35.79,141.4533333
2011/3/18,6:09:53,茨城県沖,36°47.1′N,141°13.7′E,35 km,4,震度２,36.785,141.2283333
2011/3/18,6:18:14,福島県沖,37°26.5′N,141°21.3′E,34 km,4.4,震度３,37.44166667,141.355
2011/3/18,6:24:20,岩手県沖,39°08.8′N,142°25.7′E,32 km,4.7,震度３,39.14666667,142.4283333
2011/3/18,6:51:42,茨城県沖,36°37.6′N,141°02.1′E,45 km,3.2,震度１,36.62666667,141.035
2011/3/18,6:56:26,福島県浜通り,37°02.4′N,140°46.5′E,9 km,3.5,震度２,37.04,140.775
2011/3/18,7:01:09,宮城県沖,38°08.5′N,142°08.4′E,17 km,4.4,震度２,38.14166667,142.14
2011/3/18,7:14:44,茨城県北部,36°24.3′N,140°32.2′E,55 km,3.1,震度１,36.405,140.5366667
2011/3/18,7:17:59,茨城県沖,36°24.4′N,141°10.7′E,44 km,3.1,震度１,36.40666667,141.1783333
2011/3/18,7:22:59,新潟県中越地方,36°58.7′N,138°36.2′E,8 km,1.2,震度１,36.97833333,138.6033333
2011/3/18,7:23:27,茨城県沖,35°55.7′N,141°00.4′E,24 km,3.2,震度１,35.92833333,141.0066667
2011/3/18,8:01:46,千葉県東方沖,35°50.7′N,140°50.6′E,7 km,3.9,震度１,35.845,140.8433333
2011/3/18,8:11:35,宮城県沖,38°59.0′N,142°41.2′E,12 km,4.7,震度１,38.98333333,142.6866667
2011/3/18,8:16:32,福島県沖,37°26.2′N,141°52.2′E,32 km,4.2,震度１,37.43666667,141.87
2011/3/18,8:36:56,宮城県沖,38°58.5′N,142°23.3′E,25 km,4.1,震度１,38.975,142.3883333
2011/3/18,9:13:23,長野県北部,36°58.8′N,138°35.0′E,6 km,2,震度１,36.98,138.5833333
2011/3/18,9:18:37,京都府南部,35°17.3′N,135°26.4′E,7 km,2.4,震度１,35.28833333,135.44
2011/3/18,9:30:49,栃木県北部,36°53.1′N,139°24.5′E,4 km,3.2,震度２,36.885,139.4083333
2011/3/18,9:41:16,茨城県沖,35°59.1′N,141°49.8′E,28 km,5.4,震度３,35.985,141.83
2011/3/18,9:46:51,宮城県沖,38°55.6′N,142°18.3′E,30 km,4,震度１,38.92666667,142.305
2011/3/18,9:52:06,茨城県沖,35°46.3′N,141°25.9′E,24 km,4.4,震度１,35.77166667,141.4316667
2011/3/18,9:55:49,栃木県北部,36°53.1′N,139°24.9′E,4 km,2.6,震度１,36.885,139.415
2011/3/18,10:21:48,新潟県中越地方,36°57.2′N,138°36.4′E,6 km,2.3,震度１,36.95333333,138.6066667
2011/3/18,10:25:25,栃木県北部,36°38.6′N,139°24.8′E,3 km,1.5,震度１,36.64333333,139.4133333
2011/3/18,10:39:24,宮城県沖,38°52.3′N,142°31.5′E,20 km,3.8,震度１,38.87166667,142.525
2011/3/18,10:46:48,宮城県沖,38°14.0′N,142°07.6′E,16 km,4.3,震度１,38.23333333,142.1266667
2011/3/18,10:50:22,茨城県北部,36°43.9′N,140°35.4′E,5 km,4.2,震度３,36.73166667,140.59
2011/3/18,10:51:21,茨城県北部,36°43.7′N,140°35.7′E,7 km,2.9,震度１,36.72833333,140.595
2011/3/18,11:05:02,福島県浜通り,37°04.9′N,140°47.5′E,5 km,2.1,震度１,37.08166667,140.7916667
2011/3/18,11:15:39,静岡県伊豆地方,35°09.9′N,139°01.3′E,6 km,2.2,震度１,35.165,139.0216667
2011/3/18,11:43:44,岩手県沖,39°03.6′N,142°23.3′E,32 km,4,震度１,39.06,142.3883333
2011/3/18,11:47:47,福島県沖,37°11.2′N,141°51.9′E,44 km,5.2,震度３,37.18666667,141.865
2011/3/18,11:55:13,岩手県沖,39°28.4′N,142°43.6′E,24 km,4,震度２,39.47333333,142.7266667
2011/3/18,12:21:02,茨城県北部,36°48.4′N,140°36.6′E,4 km,2.7,震度１,36.80666667,140.61
2011/3/18,12:23:55,三陸沖,37°48.1′N,143°26.8′E,44 km,5.5,震度１,37.80166667,143.4466667
2011/3/18,12:31:04,茨城県沖,36°24.2′N,141°15.7′E,37 km,3.5,震度１,36.40333333,141.2616667
2011/3/18,12:32:41,茨城県沖,36°29.7′N,141°03.4′E,19 km,3.1,震度１,36.495,141.0566667
2011/3/18,12:51:31,宮城県沖,38°54.1′N,142°21.2′E,21 km,3.7,震度１,38.90166667,142.3533333
2011/3/18,13:22:01,福島県沖,37°25.9′N,141°28.4′E,43 km,3.7,震度２,37.43166667,141.4733333
2011/3/18,13:37:57,福島県沖,37°44.5′N,141°48.8′E,36 km,3.7,震度１,37.74166667,141.8133333
2011/3/18,13:44:29,茨城県沖,36°26.7′N,141°16.6′E,45 km,3.6,震度１,36.445,141.2766667
2011/3/18,13:56:39,岩手県沖,39°10.5′N,142°21.8′E,28 km,3.9,震度１,39.175,142.3633333
2011/3/18,14:13:14,岩手県沖,39°10.9′N,142°27.4′E,31 km,4.3,震度１,39.18166667,142.4566667
2011/3/18,14:15:51,千葉県北東部,35°45.2′N,140°43.1′E,17 km,3.7,震度２,35.75333333,140.7183333
2011/3/18,14:57:56,福島県沖,37°29.0′N,141°14.5′E,29 km,4.1,震度２,37.48333333,141.2416667
2011/3/18,15:07:34,千葉県東方沖,35°43.4′N,140°57.8′E,35 km,3.4,震度１,35.72333333,140.9633333
2011/3/18,15:12:02,茨城県沖,36°48.5′N,141°07.1′E,47 km,3.4,震度１,36.80833333,141.1183333
2011/3/18,15:23:04,福島県沖,36°57.3′N,141°21.9′E,40 km,4,震度１,36.955,141.365
2011/3/18,15:27:00,長野県中部,36°20.3′N,138°00.1′E,4 km,2.2,震度１,36.33833333,138.0016667
2011/3/18,15:32:19,茨城県北部,36°43.8′N,140°34.8′E,8 km,2.8,震度１,36.73,140.58
2011/3/18,15:40:27,長野県北部,36°42.5′N,138°29.9′E,0 km,2.4,震度１,36.70833333,138.4983333
2011/3/18,16:03:08,宮城県沖,38°23.5′N,141°39.4′E,25 km,3.9,震度１,38.39166667,141.6566667
2011/3/18,16:10:24,茨城県沖,36°36.2′N,141°02.4′E,45 km,3.4,震度１,36.60333333,141.04
2011/3/18,16:28:23,茨城県沖,36°48.2′N,141°08.3′E,35 km,4,震度１,36.80333333,141.1383333
2011/3/18,16:30:48,宮城県沖,38°49.2′N,141°56.5′E,49 km,4.5,震度３,38.82,141.9416667
2011/3/18,16:41:28,三陸沖,39°12.4′N,143°03.1′E,12 km,4.8,震度１,39.20666667,143.0516667
2011/3/18,17:01:34,千葉県東方沖,35°49.3′N,141°06.7′E,35 km,5.4,震度４,35.82166667,141.1116667
2011/3/18,17:09:02,茨城県北部,36°42.7′N,140°33.9′E,9 km,2.9,震度２,36.71166667,140.565
2011/3/18,17:16:18,新島・神津島近海,34°22.9′N,139°13.4′E,2 km,1.7,震度１,34.38166667,139.2233333
2011/3/18,17:27:11,千葉県東方沖,35°50.1′N,140°53.4′E,11 km,4.4,震度３,35.835,140.89
2011/3/18,17:47:05,福島県沖,36°54.7′N,141°09.1′E,32 km,3.6,震度１,36.91166667,141.1516667
2011/3/18,17:50:28,福島県沖,37°16.7′N,141°23.4′E,48 km,3.4,震度２,37.27833333,141.39
2011/3/18,18:03:34,茨城県北部,36°46.1′N,140°34.1′E,9 km,2.9,震度１,36.76833333,140.5683333
2011/3/18,18:10:40,茨城県沖,36°13.0′N,140°59.9′E,37 km,3.2,震度１,36.21666667,140.9983333
2011/3/18,18:15:43,長野県北部,36°58.0′N,138°34.9′E,6 km,1.5,震度１,36.96666667,138.5816667
2011/3/18,18:27:19,千葉県東方沖,35°49.0′N,140°54.1′E,10 km,3.2,震度１,35.81666667,140.9016667
2011/3/18,18:35:00,茨城県沖,35°53.2′N,140°48.8′E,39 km,3.4,震度１,35.88666667,140.8133333
2011/3/18,18:40:36,茨城県沖,36°13.2′N,141°04.1′E,36 km,3.5,震度１,36.22,141.0683333
2011/3/18,18:59:01,茨城県沖,36°46.5′N,140°59.2′E,27 km,3.2,震度１,36.775,140.9866667
2011/3/18,19:07:30,千葉県東方沖,35°42.7′N,140°56.8′E,11 km,3.2,震度１,35.71166667,140.9466667
2011/3/18,19:33:59,岩手県沖,39°38.1′N,142°09.4′E,45 km,3.7,震度１,39.635,142.1566667
2011/3/18,19:38:54,茨城県沖,36°14.3′N,140°54.1′E,44 km,3.4,震度１,36.23833333,140.9016667
2011/3/18,19:42:11,茨城県沖,35°57.5′N,141°13.2′E,26 km,3.8,震度１,35.95833333,141.22
2011/3/18,19:43:02,千葉県東方沖,35°38.6′N,140°54.7′E,26 km,3.6,震度１,35.64333333,140.9116667
2011/3/18,20:41:20,静岡県東部,35°17.4′N,139°00.2′E,0 km,2.3,震度１,35.29,139.0033333
2011/3/18,20:49:41,福島県浜通り,37°11.5′N,140°48.2′E,6 km,3,震度１,37.19166667,140.8033333
2011/3/18,20:55:37,茨城県北部,36°15.3′N,140°29.0′E,52 km,3.2,震度１,36.255,140.4833333
2011/3/18,21:04:48,岩手県沖,39°03.4′N,142°21.0′E,31 km,3.6,震度１,39.05666667,142.35
2011/3/18,21:17:01,宮城県沖,38°59.7′N,142°21.1′E,32 km,4.7,震度３,38.995,142.3516667
2011/3/18,21:21:02,宮城県沖,38°05.9′N,142°07.0′E,20 km,4.7,震度２,38.09833333,142.1166667
2011/3/18,21:33:54,茨城県沖,36°26.3′N,141°06.7′E,43 km,3.8,震度１,36.43833333,141.1116667
2011/3/18,21:36:28,茨城県北部,36°45.1′N,140°35.6′E,5 km,3.7,震度２,36.75166667,140.5933333
2011/3/18,21:38:06,静岡県東部,35°18.2′N,138°42.6′E,12 km,2.5,震度１,35.30333333,138.71
2011/3/18,21:53:15,宮城県沖,38°49.6′N,142°23.7′E,30 km,3.9,震度２,38.82666667,142.395
2011/3/18,21:57:16,茨城県沖,36°33.1′N,140°56.3′E,17 km,3,震度１,36.55166667,140.9383333
2011/3/18,21:59:29,宮城県沖,38°22.9′N,142°12.3′E,36 km,4.3,震度２,38.38166667,142.205
2011/3/18,22:21:10,宮城県沖,38°50.2′N,142°26.3′E,28 km,3.9,震度１,38.83666667,142.4383333
2011/3/18,22:29:01,岩手県沖,39°10.4′N,142°24.3′E,28 km,3.8,震度１,39.17333333,142.405
2011/3/18,22:30:21,茨城県北部,36°37.3′N,140°40.3′E,13 km,2.3,震度１,36.62166667,140.6716667
2011/3/18,22:33:11,福島県沖,37°18.5′N,141°15.3′E,50 km,3.5,震度１,37.30833333,141.255
2011/3/18,22:41:43,宮城県沖,38°33.1′N,141°53.0′E,44 km,3.5,震度１,38.55166667,141.8833333
2011/3/18,22:47:16,福島県沖,37°39.6′N,142°04.1′E,26 km,4.2,震度１,37.66,142.0683333
2011/3/18,22:47:35,岐阜県飛騨地方,36°14.5′N,137°34.7′E,3 km,3.1,震度１,36.24166667,137.5783333
2011/3/18,22:49:27,茨城県沖,36°15.8′N,140°57.4′E,38 km,3.2,震度１,36.26333333,140.9566667
2011/3/18,23:10:29,茨城県沖,36°36.9′N,141°08.4′E,33 km,4.2,震度２,36.615,141.14
2011/3/18,23:12:28,岩手県沖,39°00.6′N,142°21.9′E,31 km,3.9,震度１,39.01,142.365
2011/3/18,23:13:36,紀伊水道,34°10.5′N,135°04.1′E,10 km,2.9,震度１,34.175,135.0683333
2011/3/18,23:17:19,静岡県東部,35°17.8′N,138°41.5′E,10 km,2.3,震度１,35.29666667,138.6916667
2011/3/18,23:20:38,茨城県北部,36°44.2′N,140°34.6′E,3 km,3.1,震度１,36.73666667,140.5766667
2011/3/18,23:34:48,福島県沖,37°06.5′N,141°19.7′E,57 km,4,震度２,37.10833333,141.3283333
2011/3/18,23:51:30,新潟県中越地方,36°56.7′N,138°36.4′E,2 km,1.4,震度１,36.945,138.6066667
2011/3/19,0:11:13,留萌地方南部,44°04.8′N,141°50.6′E,13 km,1.8,震度１,44.08,141.8433333
2011/3/19,0:34:34,長野県北部,36°57.1′N,138°35.3′E,5 km,1.8,震度１,36.95166667,138.5883333
2011/3/19,1:04:17,茨城県沖,36°35.0′N,141°10.6′E,44 km,4.2,震度２,36.58333333,141.1766667
2011/3/19,1:23:29,三陸沖,39°14.8′N,143°03.5′E,13 km,4.4,震度１,39.24666667,143.0583333
2011/3/19,1:31:09,福島県沖,37°18.2′N,141°20.3′E,50 km,3.7,震度１,37.30333333,141.3383333
2011/3/19,1:37:35,秋田県内陸南部,39°35.4′N,140°35.9′E,5 km,2.4,震度１,39.59,140.5983333
2011/3/19,1:40:58,茨城県沖,36°37.8′N,141°48.6′E,46 km,4.3,震度１,36.63,141.81
2011/3/19,1:45:45,千葉県東方沖,35°49.3′N,140°51.8′E,10 km,3.8,震度１,35.82166667,140.8633333
2011/3/19,1:49:12,伊豆半島東方沖,34°52.2′N,139°14.2′E,11 km,4.4,震度３,34.87,139.2366667
2011/3/19,2:07:16,福島県浜通り,37°02.2′N,140°46.6′E,7 km,3.2,震度２,37.03666667,140.7766667
2011/3/19,2:55:11,新潟県中越地方,36°58.0′N,138°36.2′E,4 km,1.5,震度１,36.96666667,138.6033333
2011/3/19,3:11:13,新潟県中越地方,37°01.2′N,138°41.0′E,5 km,2.3,震度２,37.02,138.6833333
2011/3/19,3:24:36,千葉県東方沖,35°45.2′N,140°54.9′E,9 km,3,震度１,35.75333333,140.915
2011/3/19,3:31:11,新潟県中越地方,37°00.7′N,138°37.3′E,11 km,2.3,震度１,37.01166667,138.6216667
2011/3/19,3:32:45,岩手県沖,39°11.0′N,142°26.6′E,23 km,5,震度３,39.18333333,142.4433333
2011/3/19,3:39:48,茨城県沖,36°37.7′N,141°00.7′E,44 km,3.2,震度１,36.62833333,141.0116667
2011/3/19,4:01:56,福島県沖,36°56.2′N,141°12.7′E,48 km,3.3,震度１,36.93666667,141.2116667
2011/3/19,4:04:30,福島県沖,37°10.8′N,141°33.9′E,46 km,4.1,震度１,37.18,141.565
2011/3/19,4:16:41,三陸沖,39°43.0′N,143°33.7′E,1 km,4.8,震度１,39.71666667,143.5616667
2011/3/19,4:23:03,茨城県沖,36°35.9′N,140°53.3′E,30 km,3.3,震度１,36.59833333,140.8883333
2011/3/19,4:42:15,茨城県沖,36°09.2′N,141°15.4′E,38 km,3.4,震度１,36.15333333,141.2566667
2011/3/19,4:53:05,福島県沖,37°35.8′N,141°35.1′E,43 km,5.2,震度３,37.59666667,141.585
2011/3/19,4:57:28,新潟県中越地方,36°58.5′N,138°37.9′E,8 km,3,震度２,36.975,138.6316667
2011/3/19,5:10:30,新潟県中越地方,36°58.6′N,138°36.3′E,6 km,1.8,震度１,36.97666667,138.605
2011/3/19,5:15:21,三陸沖,39°40.9′N,143°17.8′E,17 km,4.8,震度１,39.68166667,143.2966667
2011/3/19,5:32:36,福島県沖,37°19.2′N,141°33.7′E,45 km,4.7,震度２,37.32,141.5616667
2011/3/19,5:36:23,福島県沖,37°00.8′N,141°43.0′E,44 km,3.9,震度１,37.01333333,141.7166667
2011/3/19,5:44:14,福島県沖,37°17.3′N,141°35.1′E,45 km,3.8,震度１,37.28833333,141.585
2011/3/19,5:58:22,岩手県沖,39°09.4′N,142°22.0′E,34 km,4,震度１,39.15666667,142.3666667
2011/3/19,6:18:06,群馬県北部,36°51.8′N,139°19.5′E,6 km,2.5,震度１,36.86333333,139.325
2011/3/19,6:18:48,栃木県北部,36°53.1′N,139°24.7′E,3 km,2.5,震度１,36.885,139.4116667
2011/3/19,6:18:53,茨城県沖,36°12.2′N,141°09.0′E,45 km,4.8,震度２,36.20333333,141.15
2011/3/19,6:25:00,福島県中通り,36°52.7′N,140°29.2′E,4 km,3.1,震度１,36.87833333,140.4866667
2011/3/19,6:58:01,茨城県沖,36°28.6′N,140°56.1′E,33 km,3.7,震度２,36.47666667,140.935
2011/3/19,7:09:37,栃木県北部,36°49.2′N,139°35.6′E,4 km,2.5,震度２,36.82,139.5933333
2011/3/19,7:10:49,福島県沖,36°54.3′N,141°07.9′E,51 km,3.8,震度１,36.905,141.1316667
2011/3/19,7:24:22,宮城県沖,38°51.4′N,142°02.0′E,44 km,3.8,震度１,38.85666667,142.0333333
2011/3/19,7:24:39,秋田県内陸南部,39°27.4′N,140°23.1′E,9 km,2.6,震度２,39.45666667,140.385
2011/3/19,7:35:40,茨城県沖,36°37.1′N,141°02.4′E,34 km,3.4,震度１,36.61833333,141.04
2011/3/19,8:00:06,宮城県沖,38°20.8′N,142°10.3′E,34 km,3.7,震度１,38.34666667,142.1716667
2011/3/19,8:08:13,岩手県沖,39°39.2′N,142°38.6′E,21 km,4.5,震度２,39.65333333,142.6433333
2011/3/19,8:12:15,茨城県北部,36°44.5′N,140°37.5′E,5 km,3.1,震度１,36.74166667,140.625
2011/3/19,8:15:47,茨城県沖,36°45.3′N,141°06.4′E,45 km,3.6,震度１,36.755,141.1066667
2011/3/19,8:19:00,茨城県北部,36°45.4′N,140°38.1′E,7 km,2.9,震度１,36.75666667,140.635
2011/3/19,8:19:02,秋田県内陸北部,40°00.6′N,140°33.4′E,7 km,3.4,震度１,40.01,140.5566667
2011/3/19,8:19:45,茨城県沖,35°58.3′N,141°48.9′E,19 km,4.5,震度１,35.97166667,141.815
2011/3/19,8:29:15,岩手県沖,39°00.9′N,142°21.0′E,26 km,3.7,震度２,39.015,142.35
2011/3/19,8:33:00,岩手県沖,39°11.1′N,142°25.2′E,37 km,5.7,震度４,39.185,142.42
2011/3/19,8:34:31,宮古島近海,24°15.1′N,125°17.2′E,57 km,4.9,震度１,24.25166667,125.2866667
2011/3/19,8:49:03,福島県沖,37°43.6′N,141°54.7′E,16 km,5.3,震度４,37.72666667,141.9116667
2011/3/19,8:50:16,茨城県南部,36°10.0′N,140°08.8′E,49 km,3.4,震度２,36.16666667,140.1466667
2011/3/19,8:51:45,宮城県沖,38°18.0′N,141°52.5′E,48 km,4,震度１,38.3,141.875
2011/3/19,8:53:21,茨城県南部,36°00.9′N,139°56.3′E,33 km,3,震度１,36.015,139.9383333
2011/3/19,8:53:52,茨城県北部,36°44.3′N,140°36.1′E,5 km,2.5,震度１,36.73833333,140.6016667
2011/3/19,9:01:26,宮城県沖,38°19.9′N,142°36.4′E,22 km,4.3,震度１,38.33166667,142.6066667
2011/3/19,9:07:49,福島県沖,37°49.9′N,141°44.1′E,54 km,4.2,震度１,37.83166667,141.735
2011/3/19,9:14:34,茨城県北部,36°45.8′N,140°35.6′E,5 km,3.2,震度１,36.76333333,140.5933333
2011/3/19,9:17:25,茨城県沖,36°36.0′N,140°59.1′E,45 km,2.5,震度１,36.6,140.985
2011/3/19,9:19:05,茨城県北部,36°43.4′N,140°36.0′E,6 km,3,震度１,36.72333333,140.6
2011/3/19,9:19:16,岩手県沖,39°39.8′N,142°38.0′E,19 km,4.2,震度１,39.66333333,142.6333333
2011/3/19,9:20:11,茨城県北部,36°44.0′N,140°35.8′E,6 km,2.9,震度１,36.73333333,140.5966667
2011/3/19,9:21:07,福島県沖,36°54.4′N,141°07.9′E,51 km,3.7,震度２,36.90666667,141.1316667
2011/3/19,9:23:54,茨城県沖,36°22.2′N,140°57.3′E,45 km,3.6,震度１,36.37,140.955
2011/3/19,9:28:20,茨城県沖,36°33.2′N,140°59.0′E,44 km,3.1,震度１,36.55333333,140.9833333
2011/3/19,9:35:10,茨城県北部,36°19.8′N,140°35.8′E,47 km,2,震度１,36.33,140.5966667
2011/3/19,9:39:26,茨城県北部,36°40.8′N,140°33.9′E,7 km,3.5,震度２,36.68,140.565
2011/3/19,9:41:27,茨城県北部,36°43.2′N,140°35.5′E,6 km,3.4,震度１,36.72,140.5916667
2011/3/19,9:45:17,宮城県沖,37°54.5′N,141°55.4′E,36 km,4.1,震度１,37.90833333,141.9233333
2011/3/19,9:47:44,福島県浜通り,37°05.0′N,140°49.8′E,7 km,2.9,震度２,37.08333333,140.83
2011/3/19,9:57:10,茨城県沖,36°48.8′N,141°08.1′E,48 km,4.1,震度３,36.81333333,141.135
2011/3/19,10:22:42,三陸沖,39°39.5′N,143°20.8′E,13 km,6.1,震度２,39.65833333,143.3466667
2011/3/19,10:27:10,三陸沖,39°36.8′N,143°19.1′E,21 km,5.7,震度１,39.61333333,143.3183333
2011/3/19,10:59:31,新潟県中越地方,37°03.0′N,138°33.8′E,0 km,2.1,震度１,37.05,138.5633333
2011/3/19,11:06:46,宮城県沖,38°56.1′N,142°21.2′E,30 km,3.8,震度１,38.935,142.3533333
2011/3/19,11:55:57,福島県沖,37°44.3′N,141°41.1′E,45 km,4.7,震度２,37.73833333,141.685
2011/3/19,12:08:06,福島県会津,37°44.1′N,139°58.2′E,9 km,3,震度１,37.735,139.97
2011/3/19,12:37:51,茨城県北部,36°46.8′N,140°37.9′E,10 km,3,震度１,36.78,140.6316667
2011/3/19,12:53:36,福島県沖,37°33.7′N,141°36.9′E,42 km,3.6,震度１,37.56166667,141.615
2011/3/19,12:58:03,長野県北部,36°46.2′N,138°30.1′E,0 km,2.5,震度２,36.77,138.5016667
2011/3/19,13:07:13,長野県北部,36°58.3′N,138°26.7′E,7 km,3.4,震度２,36.97166667,138.445
2011/3/19,13:22:24,茨城県沖,36°22.9′N,140°54.8′E,42 km,3.7,震度２,36.38166667,140.9133333
2011/3/19,13:30:15,宮城県沖,38°09.2′N,142°09.4′E,16 km,4.3,震度１,38.15333333,142.1566667
2011/3/19,13:46:53,福島県浜通り,37°08.0′N,140°45.7′E,5 km,2.1,震度１,37.13333333,140.7616667
2011/3/19,14:16:59,茨城県沖,36°20.3′N,140°57.5′E,41 km,3.1,震度１,36.33833333,140.9583333
2011/3/19,14:27:45,茨城県沖,36°36.2′N,140°59.4′E,47 km,3.1,震度１,36.60333333,140.99
2011/3/19,14:28:54,岩手県沖,39°12.3′N,142°22.7′E,31 km,3.9,震度１,39.205,142.3783333
2011/3/19,14:30:04,茨城県沖,36°28.7′N,140°45.4′E,19 km,3.4,震度２,36.47833333,140.7566667
2011/3/19,14:38:34,茨城県沖,36°19.7′N,141°02.0′E,46 km,3.3,震度１,36.32833333,141.0333333
2011/3/19,14:41:30,千葉県東方沖,35°44.6′N,140°59.7′E,9 km,3.7,震度１,35.74333333,140.995
2011/3/19,15:01:13,茨城県北部,36°43.3′N,140°32.8′E,9 km,3.1,震度１,36.72166667,140.5466667
2011/3/19,15:01:45,宮城県沖,38°08.0′N,142°07.0′E,11 km,4.2,震度１,38.13333333,142.1166667
2011/3/19,15:06:10,福島県浜通り,37°05.3′N,140°50.0′E,7 km,2.8,震度２,37.08833333,140.8333333
2011/3/19,15:31:24,茨城県北部,36°43.8′N,140°35.8′E,4 km,3.5,震度１,36.73,140.5966667
2011/3/19,15:31:26,千葉県北東部,35°49.8′N,140°43.3′E,6 km,3.2,震度１,35.83,140.7216667
2011/3/19,15:43:04,茨城県沖,36°09.5′N,141°15.1′E,43 km,4.5,震度２,36.15833333,141.2516667
2011/3/19,15:53:02,三陸沖,39°56.9′N,143°11.4′E,0 km,4.9,震度２,39.94833333,143.19
2011/3/19,16:03:19,茨城県沖,36°08.7′N,141°12.2′E,42 km,3.6,震度１,36.145,141.2033333
2011/3/19,16:07:34,茨城県沖,36°38.8′N,140°59.4′E,47 km,3,震度１,36.64666667,140.99
2011/3/19,16:14:22,新潟県中越地方,36°55.9′N,138°36.1′E,3 km,2.2,震度１,36.93166667,138.6016667
2011/3/19,16:17:33,千葉県北東部,35°45.1′N,140°39.8′E,47 km,3.1,震度１,35.75166667,140.6633333
2011/3/19,16:24:54,岐阜県飛騨地方,36°14.9′N,137°35.1′E,3 km,2.8,震度１,36.24833333,137.585
2011/3/19,16:41:09,三陸沖,37°52.7′N,142°55.3′E,18 km,4.8,震度１,37.87833333,142.9216667
2011/3/19,16:52:58,岩手県沖,39°03.9′N,142°21.3′E,30 km,3.1,震度１,39.065,142.355
2011/3/19,17:02:22,岩手県沖,39°00.1′N,142°27.2′E,26 km,4.5,震度２,39.00166667,142.4533333
2011/3/19,17:54:30,茨城県北部,36°47.1′N,140°33.9′E,6 km,2.7,震度１,36.785,140.565
2011/3/19,18:36:47,茨城県沖,36°13.4′N,141°01.2′E,35 km,3.4,震度１,36.22333333,141.02
2011/3/19,18:37:30,茨城県北部,36°46.9′N,140°33.8′E,6 km,2.5,震度１,36.78166667,140.5633333
2011/3/19,18:56:20,茨城県北部,36°46.9′N,140°34.4′E,6 km,4,震度４,36.78166667,140.5733333
2011/3/19,18:56:48,茨城県北部,36°47.0′N,140°34.2′E,5 km,6.1,震度５強,36.78333333,140.57
2011/3/19,19:00:53,茨城県北部,36°44.7′N,140°36.3′E,6 km,3.1,震度１,36.745,140.605
2011/3/19,19:02:39,茨城県北部,36°49.1′N,140°34.8′E,4 km,3.2,震度１,36.81833333,140.58
2011/3/19,19:04:53,茨城県北部,36°43.2′N,140°38.4′E,7 km,2.3,震度１,36.72,140.64
2011/3/19,19:05:48,茨城県北部,36°44.0′N,140°36.7′E,6 km,3.4,震度１,36.73333333,140.6116667
2011/3/19,19:07:18,茨城県北部,36°43.7′N,140°38.4′E,6 km,3.1,震度１,36.72833333,140.64
2011/3/19,19:10:53,茨城県北部,36°44.8′N,140°38.0′E,5 km,3.1,震度１,36.74666667,140.6333333
2011/3/19,19:11:48,茨城県北部,36°43.0′N,140°37.8′E,6 km,3.7,震度２,36.71666667,140.63
2011/3/19,19:15:37,茨城県北部,36°44.1′N,140°38.1′E,6 km,3.6,震度２,36.735,140.635
2011/3/19,19:17:04,福島県浜通り,37°00.1′N,140°57.9′E,50 km,3.6,震度２,37.00166667,140.965
2011/3/19,19:18:22,茨城県北部,36°43.2′N,140°35.5′E,8 km,2.9,震度１,36.72,140.5916667
2011/3/19,19:21:00,茨城県北部,36°44.2′N,140°35.7′E,3 km,2.9,震度１,36.73666667,140.595
2011/3/19,19:23:00,茨城県北部,36°47.4′N,140°33.5′E,9 km,3.3,震度１,36.79,140.5583333
2011/3/19,19:23:57,茨城県北部,36°48.8′N,140°33.9′E,7 km,3.2,震度１,36.81333333,140.565
2011/3/19,19:25:49,福島県沖,37°03.4′N,141°27.6′E,45 km,3.4,震度２,37.05666667,141.46
2011/3/19,19:26:14,茨城県北部,36°46.7′N,140°34.1′E,6 km,3.7,震度１,36.77833333,140.5683333
2011/3/19,19:31:11,茨城県北部,36°42.5′N,140°35.7′E,8 km,2.3,震度１,36.70833333,140.595
2011/3/19,19:31:33,茨城県北部,36°43.9′N,140°35.8′E,8 km,2.7,震度１,36.73166667,140.5966667
2011/3/19,19:36:01,茨城県北部,36°41.4′N,140°36.8′E,6 km,3,震度１,36.69,140.6133333
2011/3/19,19:41:08,茨城県南部,36°04.8′N,139°50.5′E,46 km,2.8,震度１,36.08,139.8416667
2011/3/19,19:53:09,茨城県北部,36°48.5′N,140°33.4′E,5 km,3.1,震度１,36.80833333,140.5566667
2011/3/19,20:15:59,茨城県北部,36°46.9′N,140°33.8′E,7 km,3,震度１,36.78166667,140.5633333
2011/3/19,20:17:39,茨城県北部,36°46.3′N,140°34.8′E,8 km,3.8,震度２,36.77166667,140.58
2011/3/19,20:18:20,関東東方沖,36°18.8′N,142°27.4′E,73 km,4.4,震度１,36.31333333,142.4566667
2011/3/19,20:19:23,茨城県北部,36°42.6′N,140°36.0′E,8 km,3.2,震度１,36.71,140.6
2011/3/19,20:25:55,茨城県北部,36°41.0′N,140°35.9′E,7 km,2.9,震度１,36.68333333,140.5983333
2011/3/19,20:28:50,茨城県北部,36°41.4′N,140°37.5′E,6 km,2.1,震度１,36.69,140.625
2011/3/19,20:29:26,茨城県北部,36°46.8′N,140°34.0′E,8 km,3,震度１,36.78,140.5666667
2011/3/19,20:42:08,茨城県北部,36°47.0′N,140°34.4′E,6 km,3.2,震度１,36.78333333,140.5733333
2011/3/19,20:56:24,茨城県北部,36°43.0′N,140°37.7′E,5 km,3.5,震度２,36.71666667,140.6283333
2011/3/19,21:09:29,千葉県東方沖,35°47.5′N,140°54.7′E,10 km,3.5,震度１,35.79166667,140.9116667
2011/3/19,21:15:33,茨城県北部,36°43.6′N,140°37.4′E,4 km,3.2,震度１,36.72666667,140.6233333
2011/3/19,21:23:25,茨城県北部,36°47.3′N,140°34.0′E,7 km,2.5,震度１,36.78833333,140.5666667
2011/3/19,21:28:42,茨城県北部,36°41.8′N,140°37.1′E,7 km,2.4,震度１,36.69666667,140.6183333
2011/3/19,21:33:50,茨城県北部,36°43.9′N,140°35.8′E,8 km,2.7,震度１,36.73166667,140.5966667
2011/3/19,21:34:50,茨城県北部,36°47.1′N,140°34.0′E,8 km,3,震度２,36.785,140.5666667
2011/3/19,21:35:48,茨城県北部,36°44.5′N,140°37.7′E,7 km,2.9,震度１,36.74166667,140.6283333
2011/3/19,21:40:49,紀伊水道,33°41.9′N,135°09.3′E,41 km,3.2,震度１,33.69833333,135.155
2011/3/19,21:53:17,茨城県北部,36°41.7′N,140°37.2′E,5 km,2.7,震度１,36.695,140.62
2011/3/19,22:11:03,茨城県北部,36°46.5′N,140°34.0′E,8 km,2.5,震度１,36.775,140.5666667
2011/3/19,22:13:20,茨城県北部,36°44.6′N,140°34.0′E,10 km,3.3,震度２,36.74333333,140.5666667
2011/3/19,22:13:50,茨城県北部,36°47.0′N,140°33.6′E,7 km,3.5,震度２,36.78333333,140.56
2011/3/19,22:14:06,宮城県沖,38°35.6′N,141°59.1′E,31 km,3.8,震度１,38.59333333,141.985
2011/3/19,22:24:59,茨城県北部,36°43.8′N,140°36.0′E,8 km,3.1,震度１,36.73,140.6
2011/3/19,22:26:20,茨城県北部,36°43.6′N,140°35.2′E,9 km,2.7,震度１,36.72666667,140.5866667
2011/3/19,22:28:36,茨城県北部,36°44.8′N,140°35.7′E,7 km,2.8,震度１,36.74666667,140.595
2011/3/19,22:33:37,長野県北部,36°57.5′N,138°34.1′E,7 km,1.7,震度１,36.95833333,138.5683333
2011/3/19,22:39:15,茨城県北部,36°14.9′N,140°27.6′E,51 km,3.6,震度２,36.24833333,140.46
2011/3/19,22:44:00,茨城県北部,36°43.9′N,140°35.8′E,8 km,2.6,震度１,36.73166667,140.5966667
2011/3/19,22:46:37,福島県会津,37°44.9′N,139°56.7′E,6 km,3,震度２,37.74833333,139.945
2011/3/19,22:58:53,茨城県沖,36°48.5′N,141°06.9′E,48 km,3.6,震度２,36.80833333,141.115
2011/3/19,23:54:21,長野県北部,36°58.7′N,138°35.8′E,7 km,2,震度１,36.97833333,138.5966667
2011/3/20,0:09:12,茨城県沖,36°35.3′N,141°07.2′E,23 km,3,震度１,36.58833333,141.12
2011/3/20,0:12:13,茨城県北部,36°43.1′N,140°37.7′E,5 km,2.8,震度１,36.71833333,140.6283333
2011/3/20,0:14:11,茨城県北部,36°45.3′N,140°35.4′E,6 km,3.2,震度１,36.755,140.59
2011/3/20,0:18:20,茨城県北部,36°43.9′N,140°35.1′E,8 km,3.4,震度２,36.73166667,140.585
2011/3/20,0:23:40,福島県沖,37°19.2′N,141°05.3′E,26 km,3.1,震度１,37.32,141.0883333
2011/3/20,0:26:44,福島県沖,37°32.8′N,141°29.6′E,53 km,4.2,震度２,37.54666667,141.4933333
2011/3/20,0:31:34,茨城県北部,36°42.9′N,140°41.3′E,6 km,2.3,震度１,36.715,140.6883333
2011/3/20,0:33:03,福島県沖,37°27.4′N,141°17.4′E,30 km,3.2,震度１,37.45666667,141.29
2011/3/20,0:41:15,福島県沖,36°51.1′N,141°07.2′E,49 km,3.6,震度１,36.85166667,141.12
2011/3/20,0:47:57,茨城県北部,36°42.3′N,140°35.7′E,8 km,2.6,震度２,36.705,140.595
2011/3/20,0:48:45,茨城県北部,36°42.1′N,140°35.6′E,8 km,3.4,震度１,36.70166667,140.5933333
2011/3/20,1:06:20,茨城県北部,36°41.3′N,140°34.2′E,3 km,2.7,震度１,36.68833333,140.57
2011/3/20,1:23:36,茨城県北部,36°15.0′N,140°29.1′E,53 km,3.3,震度１,36.25,140.485
2011/3/20,1:24:25,茨城県北部,36°46.2′N,140°34.2′E,7 km,3.1,震度１,36.77,140.57
2011/3/20,1:28:44,岩手県沖,39°56.6′N,142°23.5′E,33 km,3.7,震度１,39.94333333,142.3916667
2011/3/20,1:29:34,茨城県南部,36°14.5′N,140°28.4′E,53 km,3.3,震度２,36.24166667,140.4733333
2011/3/20,1:33:52,茨城県北部,36°42.7′N,140°37.8′E,6 km,2.6,震度１,36.71166667,140.63
2011/3/20,1:38:17,茨城県北部,36°42.5′N,140°38.4′E,5 km,4.1,震度３,36.70833333,140.64
2011/3/20,1:48:44,茨城県北部,36°44.6′N,140°33.9′E,10 km,3,震度１,36.74333333,140.565
2011/3/20,1:49:50,茨城県沖,36°19.2′N,140°58.5′E,40 km,3.8,震度２,36.32,140.975
2011/3/20,1:52:08,茨城県北部,36°43.2′N,140°38.3′E,8 km,2.8,震度１,36.72,140.6383333
2011/3/20,2:01:32,茨城県北部,36°42.9′N,140°38.5′E,4 km,2.6,震度１,36.715,140.6416667
2011/3/20,2:02:02,茨城県沖,36°00.7′N,141°03.1′E,28 km,3.5,震度１,36.01166667,141.0516667
2011/3/20,2:04:05,岩手県沖,39°10.0′N,142°21.0′E,32 km,4.5,震度２,39.16666667,142.35
2011/3/20,2:06:46,茨城県北部,36°43.6′N,140°37.6′E,6 km,2.6,震度１,36.72666667,140.6266667
2011/3/20,2:10:17,千葉県東方沖,35°48.0′N,140°51.5′E,9 km,2.8,震度１,35.8,140.8583333
2011/3/20,2:11:39,岐阜県飛騨地方,36°14.5′N,137°31.9′E,3 km,2,震度２,36.24166667,137.5316667
2011/3/20,2:19:27,静岡県西部,34°45.5′N,137°55.1′E,8 km,1.6,震度１,34.75833333,137.9183333
2011/3/20,2:54:04,静岡県東部,35°17.0′N,139°00.6′E,1 km,2.7,震度２,35.28333333,139.01
2011/3/20,3:08:44,神奈川県西部,35°16.6′N,139°01.0′E,1 km,1.9,震度１,35.27666667,139.0166667
2011/3/20,3:10:45,岩手県沖,39°44.7′N,142°16.4′E,43 km,4.3,震度２,39.745,142.2733333
2011/3/20,3:55:36,茨城県沖,36°26.1′N,140°48.6′E,49 km,3,震度１,36.435,140.81
2011/3/20,4:01:37,福島県沖,36°55.5′N,141°10.7′E,33 km,3.8,震度１,36.925,141.1783333
2011/3/20,4:12:50,茨城県北部,36°48.1′N,140°34.2′E,7 km,3.4,震度１,36.80166667,140.57
2011/3/20,4:28:41,福島県中通り,36°53.8′N,140°34.9′E,18 km,3.4,震度１,36.89666667,140.5816667
2011/3/20,4:31:00,福島県沖,37°22.6′N,141°21.1′E,27 km,3.7,震度２,37.37666667,141.3516667
2011/3/20,4:31:15,伊豆大島近海,34°50.8′N,139°12.9′E,0 km,2.3,震度１,34.84666667,139.215
2011/3/20,4:34:31,岩手県沖,39°21.4′N,142°21.4′E,29 km,3.6,震度１,39.35666667,142.3566667
2011/3/20,4:51:47,渡島地方西部,41°28.6′N,140°11.7′E,7 km,1.7,震度１,41.47666667,140.195
2011/3/20,5:00:15,渡島地方西部,41°28.9′N,140°11.7′E,8 km,2.4,震度２,41.48166667,140.195
2011/3/20,5:05:06,福島県沖,37°09.8′N,141°11.3′E,21 km,3.5,震度１,37.16333333,141.1883333
2011/3/20,5:06:24,茨城県沖,36°50.6′N,141°03.5′E,50 km,4.3,震度２,36.84333333,141.0583333
2011/3/20,5:22:10,静岡県西部,34°45.7′N,137°55.0′E,8 km,1.9,震度１,34.76166667,137.9166667
2011/3/20,5:24:16,静岡県西部,34°46.0′N,137°55.1′E,7 km,1.7,震度１,34.76666667,137.9183333
2011/3/20,5:27:50,茨城県南部,36°05.5′N,139°58.5′E,46 km,3,震度１,36.09166667,139.975
2011/3/20,5:36:42,栃木県北部,36°48.7′N,139°26.5′E,4 km,1.9,震度１,36.81166667,139.4416667
2011/3/20,5:48:28,福島県沖,37°41.4′N,141°43.9′E,45 km,4.6,震度３,37.69,141.7316667
2011/3/20,5:56:47,宮城県沖,38°57.8′N,142°25.5′E,28 km,3.5,震度１,38.96333333,142.425
2011/3/20,6:02:14,福島県浜通り,37°08.1′N,140°57.0′E,43 km,3.2,震度２,37.135,140.95
2011/3/20,6:10:52,茨城県沖,36°44.0′N,141°02.1′E,20 km,3.7,震度１,36.73333333,141.035
2011/3/20,6:13:03,福島県浜通り,37°05.7′N,140°50.1′E,6 km,2.1,震度１,37.095,140.835
2011/3/20,6:20:11,宮城県沖,38°33.1′N,142°28.2′E,26 km,4.2,震度１,38.55166667,142.47
2011/3/20,6:22:25,茨城県沖,36°38.0′N,140°59.9′E,45 km,3.2,震度１,36.63333333,140.9983333
2011/3/20,6:22:34,宮城県沖,38°34.3′N,142°25.6′E,17 km,4.4,震度１,38.57166667,142.4266667
2011/3/20,6:30:53,福島県浜通り,37°16.4′N,141°00.7′E,28 km,3.3,震度２,37.27333333,141.0116667
2011/3/20,6:59:54,茨城県北部,36°42.8′N,140°37.3′E,6 km,2.8,震度１,36.71333333,140.6216667
2011/3/20,7:10:23,茨城県沖,36°39.5′N,140°57.4′E,49 km,3.7,震度１,36.65833333,140.9566667
2011/3/20,7:33:52,福島県会津,37°44.4′N,139°56.1′E,9 km,2.9,震度１,37.74,139.935
2011/3/20,7:37:12,宮城県沖,38°11.1′N,142°12.8′E,41 km,4.1,震度２,38.185,142.2133333
2011/3/20,8:03:02,茨城県北部,36°43.7′N,140°35.4′E,8 km,3.2,震度２,36.72833333,140.59
2011/3/20,8:03:47,茨城県北部,36°44.3′N,140°37.5′E,7 km,3.5,震度２,36.73833333,140.625
2011/3/20,8:24:47,宮城県沖,38°39.7′N,142°10.0′E,39 km,3.8,震度１,38.66166667,142.1666667
2011/3/20,8:26:50,福島県沖,37°11.2′N,142°00.0′E,39 km,4.5,震度２,37.18666667,142
2011/3/20,8:28:24,茨城県沖,36°39.2′N,140°58.0′E,45 km,2.7,震度１,36.65333333,140.9666667
2011/3/20,8:32:19,宮城県沖,38°36.8′N,141°52.5′E,50 km,3.9,震度２,38.61333333,141.875
2011/3/20,8:37:12,宮城県沖,38°36.4′N,141°53.1′E,51 km,4.7,震度３,38.60666667,141.885
2011/3/20,8:52:46,宮城県沖,38°57.1′N,142°01.5′E,55 km,3.8,震度１,38.95166667,142.025
2011/3/20,9:35:13,茨城県北部,36°46.6′N,140°33.0′E,7 km,2.6,震度１,36.77666667,140.55
2011/3/20,10:01:04,岩手県沖,39°15.3′N,142°35.9′E,24 km,3.9,震度１,39.255,142.5983333
2011/3/20,10:05:31,岩手県沖,39°17.3′N,142°14.2′E,43 km,4.2,震度３,39.28833333,142.2366667
2011/3/20,10:09:42,岩手県沖,39°11.3′N,142°38.1′E,19 km,5.2,震度３,39.18833333,142.635
2011/3/20,10:18:54,三陸沖,38°58.9′N,144°01.1′E,25 km,4.4,震度１,38.98166667,144.0183333
2011/3/20,10:24:44,福島県沖,37°18.8′N,141°46.9′E,38 km,4.8,震度２,37.31333333,141.7816667
2011/3/20,10:30:46,福島県沖,36°56.3′N,141°10.6′E,29 km,5.5,震度４,36.93833333,141.1766667
2011/3/20,10:38:35,福島県沖,37°44.3′N,142°01.8′E,28 km,4.5,震度２,37.73833333,142.03
2011/3/20,10:59:31,茨城県沖,36°24.9′N,141°02.3′E,45 km,3.2,震度１,36.415,141.0383333
2011/3/20,10:59:56,宮城県沖,38°43.5′N,142°11.5′E,36 km,3.6,震度１,38.725,142.1916667
2011/3/20,11:11:29,福島県沖,37°46.5′N,141°34.9′E,48 km,4.1,震度２,37.775,141.5816667
2011/3/20,11:48:09,茨城県北部,36°45.1′N,140°34.2′E,9 km,2.7,震度１,36.75166667,140.57
2011/3/20,12:04:57,茨城県北部,36°43.1′N,140°37.8′E,5 km,3.6,震度２,36.71833333,140.63
2011/3/20,12:10:41,茨城県北部,36°44.5′N,140°38.1′E,5 km,3,震度１,36.74166667,140.635
2011/3/20,12:38:31,千葉県東方沖,35°09.2′N,140°43.2′E,29 km,3.7,震度１,35.15333333,140.72
2011/3/20,12:53:36,茨城県北部,36°42.9′N,140°37.4′E,5 km,2.1,震度１,36.715,140.6233333
2011/3/20,13:00:46,茨城県南部,36°10.4′N,140°06.3′E,51 km,3.2,震度１,36.17333333,140.105
2011/3/20,13:02:39,岩手県沖,39°08.2′N,142°22.7′E,30 km,4,震度１,39.13666667,142.3783333
2011/3/20,13:17:43,茨城県沖,36°45.0′N,141°20.1′E,49 km,4,震度２,36.75,141.335
2011/3/20,13:30:58,静岡県東部,35°18.7′N,138°43.5′E,15 km,3,震度１,35.31166667,138.725
2011/3/20,13:42:33,岩手県沖,39°28.3′N,142°46.9′E,18 km,4.2,震度１,39.47166667,142.7816667
2011/3/20,14:00:02,福島県沖,36°55.4′N,141°09.6′E,31 km,4,震度１,36.92333333,141.16
2011/3/20,14:19:58,福島県浜通り,37°04.9′N,140°47.6′E,7 km,4.7,震度３,37.08166667,140.7933333
2011/3/20,14:23:58,宮城県沖,38°25.4′N,142°06.8′E,43 km,4.2,震度１,38.42333333,142.1133333
2011/3/20,14:25:45,宮城県沖,38°45.3′N,142°18.4′E,24 km,3.9,震度１,38.755,142.3066667
2011/3/20,14:33:45,茨城県北部,36°43.1′N,140°36.9′E,5 km,2.6,震度１,36.71833333,140.615
2011/3/20,14:34:23,宮城県沖,38°42.8′N,142°19.3′E,31 km,3.8,震度１,38.71333333,142.3216667
2011/3/20,14:55:28,福島県沖,37°39.7′N,141°38.9′E,42 km,5.4,震度３,37.66166667,141.6483333
2011/3/20,14:58:04,千葉県東方沖,35°26.3′N,141°13.1′E,33 km,4.4,震度２,35.43833333,141.2183333
2011/3/20,15:12:55,千葉県東方沖,35°40.0′N,141°00.1′E,22 km,2.9,震度１,35.66666667,141.0016667
2011/3/20,15:16:39,福島県沖,37°19.7′N,142°03.7′E,22 km,4,震度１,37.32833333,142.0616667
2011/3/20,15:41:07,茨城県沖,36°11.2′N,140°59.3′E,34 km,3.1,震度１,36.18666667,140.9883333
2011/3/20,15:43:31,福島県浜通り,37°04.8′N,140°47.1′E,7 km,3,震度１,37.08,140.785
2011/3/20,15:51:32,茨城県沖,36°32.8′N,141°02.3′E,51 km,3.5,震度２,36.54666667,141.0383333
2011/3/20,16:20:48,茨城県沖,36°03.7′N,141°21.4′E,47 km,2.2,震度１,36.06166667,141.3566667
2011/3/20,16:22:55,岩手県沖,39°05.8′N,142°36.9′E,24 km,4.5,震度１,39.09666667,142.615
2011/3/20,16:56:27,茨城県沖,36°12.3′N,141°59.2′E,57 km,5.2,震度１,36.205,141.9866667
2011/3/20,16:57:02,宮城県沖,38°25.5′N,142°13.4′E,23 km,4.2,震度１,38.425,142.2233333
2011/3/20,16:59:06,福島県浜通り,37°05.6′N,140°50.0′E,6 km,,震度１,37.09333333,140.8333333
2011/3/20,17:01:55,茨城県沖,36°38.9′N,140°56.8′E,49 km,4.1,震度２,36.64833333,140.9466667
2011/3/20,17:02:36,岩手県沖,39°33.8′N,142°40.9′E,11 km,4.5,震度１,39.56333333,142.6816667
2011/3/20,17:23:49,岐阜県飛騨地方,36°14.8′N,137°35.2′E,3 km,2.4,震度１,36.24666667,137.5866667
2011/3/20,17:27:55,三陸沖,39°08.8′N,142°54.9′E,22 km,4.9,震度２,39.14666667,142.915
2011/3/20,17:42:03,福島県沖,37°19.7′N,142°05.6′E,14 km,4.4,震度１,37.32833333,142.0933333
2011/3/20,18:26:17,福島県沖,37°21.2′N,141°05.9′E,29 km,3.1,震度１,37.35333333,141.0983333
2011/3/20,18:41:57,岩手県沖,40°16.1′N,142°28.6′E,34 km,3.8,震度１,40.26833333,142.4766667
2011/3/20,18:45:27,岩手県沖,39°17.2′N,142°20.2′E,29 km,3.7,震度１,39.28666667,142.3366667
2011/3/20,18:49:58,福島県沖,37°18.8′N,141°51.8′E,36 km,4.3,震度２,37.31333333,141.8633333
2011/3/20,19:35:53,千葉県東方沖,35°14.4′N,141°18.1′E,27 km,4.9,震度２,35.24,141.3016667
2011/3/20,19:47:17,宮城県沖,38°28.2′N,141°54.3′E,43 km,3.7,震度１,38.47,141.905
2011/3/20,19:55:24,福島県沖,37°18.3′N,141°08.5′E,30 km,3.8,震度２,37.305,141.1416667
2011/3/20,19:59:23,福島県沖,36°53.1′N,141°05.1′E,49 km,4.1,震度２,36.885,141.085
2011/3/20,20:00:47,福島県沖,36°53.1′N,141°05.4′E,49 km,3.7,震度１,36.885,141.09
2011/3/20,20:02:50,宮城県沖,38°26.6′N,142°04.8′E,43 km,4.1,震度１,38.44333333,142.08
2011/3/20,20:07:25,茨城県北部,36°42.7′N,140°37.8′E,6 km,2.8,震度２,36.71166667,140.63
2011/3/20,20:20:19,千葉県東方沖,35°45.1′N,140°55.3′E,9 km,3.6,震度２,35.75166667,140.9216667
2011/3/20,20:32:10,宮城県沖,38°02.0′N,141°26.1′E,62 km,4.2,震度２,38.03333333,141.435
2011/3/20,21:01:36,富山県東部,36°32.4′N,137°37.8′E,0 km,3.1,震度１,36.54,137.63
2011/3/20,21:03:48,岩手県沖,39°20.6′N,142°02.9′E,48 km,5.9,震度４,39.34333333,142.0483333
2011/3/20,21:11:56,宮城県沖,38°31.9′N,142°03.8′E,20 km,3.6,震度１,38.53166667,142.0633333
2011/3/20,21:14:29,茨城県北部,36°44.3′N,140°35.2′E,4 km,2.8,震度１,36.73833333,140.5866667
2011/3/20,21:18:22,千葉県東方沖,35°45.3′N,140°56.9′E,9 km,3.6,震度１,35.755,140.9483333
2011/3/20,21:21:17,千葉県北東部,35°49.5′N,140°42.9′E,6 km,2.8,震度１,35.825,140.715
2011/3/20,21:29:15,茨城県北部,36°15.7′N,140°27.7′E,52 km,2.8,震度１,36.26166667,140.4616667
2011/3/20,21:29:49,茨城県沖,36°38.1′N,141°05.5′E,21 km,3.7,震度１,36.635,141.0916667
2011/3/20,21:39:45,岩手県沖,39°05.1′N,142°23.4′E,30 km,4.1,震度１,39.085,142.39
2011/3/20,21:43:30,福島県沖,37°19.6′N,141°33.4′E,46 km,4.8,震度２,37.32666667,141.5566667
2011/3/20,22:07:59,福島県沖,37°06.7′N,141°18.4′E,50 km,4.3,震度２,37.11166667,141.3066667
2011/3/20,22:56:26,新潟県中越地方,37°02.1′N,138°40.0′E,10 km,2.4,震度２,37.035,138.6666667
2011/3/20,23:06:21,宮城県沖,38°18.0′N,142°07.2′E,41 km,4.2,震度１,38.3,142.12
2011/3/20,23:16:09,茨城県北部,36°45.6′N,140°35.7′E,6 km,3.2,震度１,36.76,140.595
2011/3/20,23:19:27,宮城県沖,37°50.7′N,141°57.5′E,34 km,3.9,震度１,37.845,141.9583333
2011/3/20,23:35:48,福島県沖,37°09.7′N,141°10.7′E,33 km,3.6,震度２,37.16166667,141.1783333
2011/3/20,23:48:50,千葉県東方沖,35°25.7′N,141°16.1′E,36 km,5.2,震度２,35.42833333,141.2683333
2011/3/20,23:50:39,宮城県沖,38°08.3′N,142°22.9′E,30 km,4.2,震度１,38.13833333,142.3816667
2011/3/20,23:54:45,千葉県東方沖,35°26.4′N,141°16.3′E,33 km,4.7,震度１,35.44,141.2716667
2011/3/21,0:26:58,茨城県北部,36°38.7′N,140°36.3′E,6 km,2.4,震度１,36.645,140.605
2011/3/21,0:43:58,茨城県南部,36°10.9′N,140°01.0′E,52 km,3.3,震度１,36.18166667,140.0166667
2011/3/21,0:44:19,長野県北部,36°57.5′N,138°34.6′E,6 km,2.2,震度２,36.95833333,138.5766667
2011/3/21,0:54:14,茨城県沖,36°16.5′N,142°03.8′E,24 km,4.6,震度１,36.275,142.0633333
2011/3/21,1:05:07,三陸沖,39°03.6′N,143°18.9′E,22 km,4.8,震度２,39.06,143.315
2011/3/21,1:10:51,茨城県北部,36°55.5′N,140°35.1′E,6 km,3.1,震度１,36.925,140.585
2011/3/21,1:27:50,茨城県沖,36°24.5′N,140°48.7′E,13 km,3.9,震度２,36.40833333,140.8116667
2011/3/21,1:47:03,茨城県北部,36°52.8′N,140°38.2′E,9 km,3.3,震度１,36.88,140.6366667
2011/3/21,1:57:14,岩手県沖,39°11.1′N,142°25.7′E,34 km,4,震度１,39.185,142.4283333
2011/3/21,2:34:23,三陸沖,39°10.5′N,142°50.6′E,13 km,4.6,震度１,39.175,142.8433333
2011/3/21,2:34:28,福島県浜通り,37°04.8′N,140°47.8′E,3 km,2.7,震度１,37.08,140.7966667
2011/3/21,2:42:25,宮城県沖,38°55.5′N,141°54.8′E,51 km,4,震度２,38.925,141.9133333
2011/3/21,2:51:20,茨城県南部,35°59.3′N,140°16.3′E,40 km,3.1,震度１,35.98833333,140.2716667
2011/3/21,3:18:33,宮城県沖,38°54.0′N,142°03.4′E,40 km,3.6,震度１,38.9,142.0566667
2011/3/21,3:33:19,宮城県沖,38°09.4′N,142°20.3′E,37 km,4,震度１,38.15666667,142.3383333
2011/3/21,3:36:32,福島県沖,36°51.7′N,141°07.0′E,49 km,3.3,震度１,36.86166667,141.1166667
2011/3/21,3:43:45,宮城県沖,38°17.0′N,141°53.2′E,47 km,4.3,震度２,38.28333333,141.8866667
2011/3/21,3:47:38,宮城県沖,38°43.9′N,142°10.3′E,32 km,4,震度２,38.73166667,142.1716667
2011/3/21,4:10:10,岐阜県飛騨地方,36°14.8′N,137°35.0′E,4 km,2.4,震度１,36.24666667,137.5833333
2011/3/21,4:21:17,茨城県北部,36°43.7′N,140°37.7′E,7 km,3.1,震度２,36.72833333,140.6283333
2011/3/21,4:41:42,茨城県北部,36°41.2′N,140°37.0′E,5 km,2,震度１,36.68666667,140.6166667
2011/3/21,4:48:46,秋田県内陸南部,39°46.7′N,140°47.6′E,2 km,2.6,震度１,39.77833333,140.7933333
2011/3/21,4:54:20,福島県沖,37°18.4′N,141°07.4′E,29 km,4.6,震度４,37.30666667,141.1233333
2011/3/21,4:59:07,福島県浜通り,37°27.9′N,141°02.7′E,11 km,4.1,震度３,37.465,141.045
2011/3/21,5:05:28,福島県沖,37°05.9′N,141°07.3′E,52 km,4.4,震度３,37.09833333,141.1216667
2011/3/21,5:10:14,福島県沖,37°23.8′N,141°16.8′E,25 km,3.3,震度１,37.39666667,141.28
2011/3/21,5:13:45,新潟県中越地方,36°59.6′N,138°38.2′E,11 km,2.1,震度１,36.99333333,138.6366667
2011/3/21,5:17:55,福島県沖,36°56.2′N,141°53.9′E,29 km,4.8,震度２,36.93666667,141.8983333
2011/3/21,5:34:41,千葉県東方沖,35°50.3′N,140°54.0′E,27 km,3.4,震度１,35.83833333,140.9
2011/3/21,5:44:29,茨城県沖,36°05.3′N,140°55.8′E,36 km,3.8,震度３,36.08833333,140.93
2011/3/21,5:46:23,福島県沖,37°43.6′N,141°36.1′E,55 km,3.9,震度２,37.72666667,141.6016667
2011/3/21,5:47:26,福島県沖,36°42.6′N,142°14.9′E,31 km,4.6,震度１,36.71,142.2483333
2011/3/21,6:04:10,茨城県沖,36°30.9′N,140°50.6′E,50 km,3.4,震度１,36.515,140.8433333
2011/3/21,6:43:50,千葉県東方沖,35°44.0′N,140°53.3′E,9 km,3.1,震度１,35.73333333,140.8883333
2011/3/21,6:46:23,福島県沖,37°21.1′N,141°19.3′E,31 km,3.8,震度２,37.35166667,141.3216667
2011/3/21,6:53:17,福島県沖,37°22.1′N,141°39.4′E,29 km,3.6,震度１,37.36833333,141.6566667
2011/3/21,7:03:04,福島県沖,37°11.7′N,141°21.2′E,48 km,3.5,震度１,37.195,141.3533333
2011/3/21,7:39:05,茨城県沖,36°12.0′N,141°02.6′E,36 km,3.4,震度１,36.2,141.0433333
2011/3/21,7:43:41,福島県沖,36°39.5′N,141°49.8′E,56 km,4.2,震度１,36.65833333,141.83
2011/3/21,7:59:41,長野県北部,36°58.7′N,138°33.8′E,9 km,2.1,震度１,36.97833333,138.5633333
2011/3/21,8:14:11,福島県沖,37°19.4′N,141°07.2′E,31 km,3.7,震度２,37.32333333,141.12
2011/3/21,8:37:52,福島県沖,37°14.5′N,141°04.5′E,14 km,4,震度３,37.24166667,141.075
2011/3/21,8:43:12,福島県沖,37°14.1′N,141°05.5′E,15 km,4.4,震度３,37.235,141.0916667
2011/3/21,8:53:23,長野県北部,36°57.5′N,138°34.5′E,7 km,2,震度１,36.95833333,138.575
2011/3/21,8:57:04,トカラ列島近海,29°04.0′N,129°26.4′E,22 km,3.7,震度１,29.06666667,129.44
2011/3/21,9:05:10,宮城県沖,38°56.2′N,142°12.6′E,42 km,3.3,震度１,38.93666667,142.21
2011/3/21,9:16:35,宮城県沖,38°43.6′N,142°09.2′E,32 km,4,震度１,38.72666667,142.1533333
2011/3/21,9:33:20,福島県沖,37°14.1′N,141°03.0′E,29 km,3.6,震度２,37.235,141.05
2011/3/21,10:02:20,福島県沖,36°56.1′N,141°11.4′E,48 km,3.9,震度２,36.935,141.19
2011/3/21,10:04:03,岩手県沖,39°03.2′N,142°21.6′E,28 km,3.9,震度１,39.05333333,142.36
2011/3/21,10:09:50,福島県浜通り,37°05.6′N,140°50.3′E,6 km,2.3,震度１,37.09333333,140.8383333
2011/3/21,10:10:09,茨城県南部,35°46.8′N,140°47.7′E,6 km,3.7,震度２,35.78,140.795
2011/3/21,10:15:30,茨城県北部,36°43.4′N,140°33.3′E,9 km,2.6,震度１,36.72333333,140.555
2011/3/21,10:24:33,茨城県北部,36°52.8′N,140°37.5′E,9 km,3.6,震度１,36.88,140.625
2011/3/21,10:31:19,茨城県北部,36°43.5′N,140°33.4′E,10 km,3,震度１,36.725,140.5566667
2011/3/21,10:45:48,福島県中通り,37°02.4′N,140°37.6′E,5 km,3.9,震度２,37.04,140.6266667
2011/3/21,10:54:00,茨城県沖,36°46.3′N,141°00.7′E,48 km,3.5,震度１,36.77166667,141.0116667
2011/3/21,11:55:59,福島県沖,37°26.5′N,142°32.2′E,4 km,4.4,震度１,37.44166667,142.5366667
2011/3/21,12:05:58,福島県沖,37°08.8′N,141°22.9′E,30 km,3.3,震度１,37.14666667,141.3816667
2011/3/21,12:07:58,茨城県北部,36°46.2′N,140°34.7′E,7 km,3.1,震度１,36.77,140.5783333
2011/3/21,12:09:46,茨城県北部,36°42.1′N,140°35.0′E,8 km,2.6,震度１,36.70166667,140.5833333
2011/3/21,12:14:09,宮城県沖,38°53.9′N,141°57.3′E,50 km,4.1,震度２,38.89833333,141.955
2011/3/21,12:17:39,三陸沖,38°38.8′N,143°57.9′E,43 km,4.4,震度１,38.64666667,143.965
2011/3/21,12:26:14,長野県北部,36°58.5′N,138°31.0′E,9 km,2.7,震度２,36.975,138.5166667
2011/3/21,12:39:07,長野県北部,36°57.3′N,138°35.3′E,8 km,3.6,震度３,36.955,138.5883333
2011/3/21,12:45:42,福島県中通り,37°02.1′N,140°37.6′E,6 km,3.1,震度１,37.035,140.6266667
2011/3/21,12:58:14,福島県沖,37°23.1′N,141°14.1′E,27 km,3.4,震度２,37.385,141.235
2011/3/21,13:11:40,茨城県北部,36°40.8′N,140°36.1′E,8 km,2.9,震度１,36.68,140.6016667
2011/3/21,13:15:14,岐阜県飛騨地方,36°14.8′N,137°35.1′E,3 km,4.8,震度３,36.24666667,137.585
2011/3/21,13:16:16,茨城県北部,36°43.8′N,140°34.0′E,4 km,3.3,震度１,36.73,140.5666667
2011/3/21,13:17:51,岐阜県飛騨地方,36°15.3′N,137°34.8′E,3 km,3.4,震度２,36.255,137.58
2011/3/21,13:22:28,茨城県北部,36°44.1′N,140°35.7′E,7 km,3.7,震度２,36.735,140.595
2011/3/21,13:47:26,茨城県沖,36°14.6′N,141°03.9′E,35 km,3.4,震度１,36.24333333,141.065
2011/3/21,14:08:04,茨城県沖,36°14.4′N,141°34.5′E,49 km,5,震度３,36.24,141.575
2011/3/21,14:15:09,茨城県北部,36°49.4′N,140°34.1′E,5 km,3.6,震度１,36.82333333,140.5683333
2011/3/21,14:37:02,千葉県東方沖,35°50.3′N,140°55.5′E,10 km,3.5,震度２,35.83833333,140.925
2011/3/21,14:54:09,茨城県沖,36°18.1′N,142°09.9′E,71 km,5.1,震度１,36.30166667,142.165
2011/3/21,15:11:27,福島県沖,37°12.6′N,141°05.6′E,32 km,3.4,震度２,37.21,141.0933333
2011/3/21,16:18:10,東京湾,35°33.2′N,140°03.3′E,8 km,2.4,震度１,35.55333333,140.055
2011/3/21,16:21:08,長野県北部,36°53.3′N,138°33.8′E,0 km,2.3,震度１,36.88833333,138.5633333
2011/3/21,16:33:57,茨城県沖,36°35.9′N,141°04.7′E,46 km,3.7,震度１,36.59833333,141.0783333
2011/3/21,16:40:42,福島県沖,37°09.1′N,141°36.2′E,46 km,3.9,震度１,37.15166667,141.6033333
2011/3/21,16:54:07,茨城県北部,36°43.7′N,140°37.5′E,5 km,3.4,震度２,36.72833333,140.625
2011/3/21,16:57:54,福島県中通り,37°02.4′N,140°37.8′E,5 km,2.4,震度１,37.04,140.63
2011/3/21,17:00:38,茨城県北部,36°40.7′N,140°41.6′E,6 km,2.3,震度１,36.67833333,140.6933333
2011/3/21,17:01:35,茨城県北部,36°42.7′N,140°37.9′E,7 km,2.5,震度１,36.71166667,140.6316667
2011/3/21,17:06:22,茨城県沖,36°28.5′N,141°33.7′E,45 km,4.6,震度２,36.475,141.5616667
2011/3/21,17:09:23,岩手県沖,39°09.9′N,142°34.4′E,24 km,4.5,震度２,39.165,142.5733333
2011/3/21,17:39:16,茨城県沖,36°18.2′N,140°48.3′E,36 km,3.3,震度１,36.30333333,140.805
2011/3/21,17:48:08,茨城県沖,36°31.2′N,141°30.8′E,49 km,3.8,震度１,36.52,141.5133333
2011/3/21,18:00:07,千葉県東方沖,35°42.1′N,140°53.1′E,9 km,3,震度１,35.70166667,140.885
2011/3/21,18:15:30,茨城県沖,36°32.8′N,140°50.2′E,52 km,3.5,震度２,36.54666667,140.8366667
2011/3/21,18:20:54,茨城県沖,36°38.7′N,140°57.1′E,48 km,3.9,震度２,36.645,140.9516667
2011/3/21,18:24:19,宮城県沖,37°56.7′N,142°32.8′E,28 km,4.4,震度１,37.945,142.5466667
2011/3/21,18:29:32,茨城県沖,36°44.2′N,141°06.5′E,44 km,3.3,震度１,36.73666667,141.1083333
2011/3/21,19:02:44,茨城県沖,36°43.0′N,141°03.3′E,45 km,3.6,震度１,36.71666667,141.055
2011/3/21,19:06:04,長野県北部,36°57.9′N,138°34.3′E,5 km,1.1,震度１,36.965,138.5716667
2011/3/21,19:14:53,茨城県沖,36°32.7′N,140°50.1′E,51 km,2.9,震度１,36.545,140.835
2011/3/21,19:27:11,茨城県北部,36°44.3′N,140°35.3′E,4 km,3.9,震度２,36.73833333,140.5883333
2011/3/21,19:42:44,茨城県沖,36°28.1′N,141°04.3′E,23 km,3.7,震度１,36.46833333,141.0716667
2011/3/21,19:55:04,千葉県東方沖,35°52.0′N,140°52.6′E,13 km,4.1,震度２,35.86666667,140.8766667
2011/3/21,21:37:33,福島県沖,37°26.9′N,142°22.9′E,13 km,4.9,震度２,37.44833333,142.3816667
2011/3/21,21:41:49,福島県沖,37°11.6′N,141°10.8′E,33 km,3,震度１,37.19333333,141.18
2011/3/21,21:58:29,茨城県沖,36°39.9′N,140°56.8′E,49 km,2.9,震度１,36.665,140.9466667
2011/3/21,22:22:59,熊本県熊本地方,32°51.6′N,130°44.1′E,8 km,3.4,震度３,32.86,130.735
2011/3/21,22:49:22,茨城県沖,36°28.3′N,141°05.2′E,24 km,4.7,震度３,36.47166667,141.0866667
2011/3/21,22:57:11,伊豆大島近海,34°50.4′N,139°05.9′E,10 km,2.7,震度２,34.84,139.0983333
2011/3/21,23:14:33,神奈川県西部,35°12.8′N,139°01.1′E,3 km,4.2,震度２,35.21333333,139.0183333
2011/3/21,23:22:05,神奈川県西部,35°13.5′N,139°00.9′E,3 km,2.6,震度２,35.225,139.015
2011/3/21,23:27:27,神奈川県西部,35°12.9′N,139°00.8′E,2 km,2.9,震度２,35.215,139.0133333
2011/3/21,23:39:55,千葉県東方沖,35°48.9′N,140°54.2′E,10 km,3.6,震度２,35.815,140.9033333
2011/3/21,23:45:01,神奈川県西部,35°13.2′N,139°01.5′E,3 km,2.2,震度１,35.22,139.025
2011/3/21,23:53:51,茨城県北部,36°43.8′N,140°35.5′E,5 km,4.5,震度３,36.73,140.5916667
2011/3/22,0:04:17,茨城県北部,36°42.2′N,140°37.3′E,7 km,3.1,震度１,36.70333333,140.6216667
2011/3/22,0:06:09,茨城県沖,36°44.1′N,141°07.1′E,46 km,3.5,震度１,36.735,141.1183333
2011/3/22,0:08:12,茨城県沖,35°59.0′N,141°12.3′E,35 km,4,震度２,35.98333333,141.205
2011/3/22,0:08:41,茨城県沖,36°38.5′N,141°00.2′E,42 km,3.5,震度１,36.64166667,141.0033333
2011/3/22,0:27:40,新島・神津島近海,34°14.0′N,139°14.2′E,11 km,2.3,震度１,34.23333333,139.2366667
2011/3/22,1:44:17,福島県沖,37°45.2′N,142°15.8′E,20 km,4.2,震度１,37.75333333,142.2633333
2011/3/22,1:46:56,福島県沖,37°44.3′N,142°18.3′E,22 km,5,震度２,37.73833333,142.305
2011/3/22,1:51:10,宮城県沖,38°01.3′N,141°59.1′E,40 km,4.2,震度１,38.02166667,141.985
2011/3/22,1:58:22,長野県北部,36°58.5′N,138°35.0′E,8 km,2,震度１,36.975,138.5833333
2011/3/22,1:59:07,茨城県沖,36°25.4′N,141°53.1′E,49 km,3.7,震度１,36.42333333,141.885
2011/3/22,2:00:56,福島県中通り,36°54.5′N,140°35.0′E,17 km,3.1,震度１,36.90833333,140.5833333
2011/3/22,2:27:56,福島県沖,37°20.0′N,141°47.6′E,40 km,3.8,震度１,37.33333333,141.7933333
2011/3/22,2:34:58,茨城県沖,36°27.3′N,141°05.8′E,43 km,3.6,震度１,36.455,141.0966667
2011/3/22,2:52:57,岐阜県飛騨地方,36°14.4′N,137°33.3′E,1 km,1.6,震度１,36.24,137.555
2011/3/22,3:23:37,茨城県沖,36°36.2′N,140°46.1′E,45 km,3.8,震度２,36.60333333,140.7683333
2011/3/22,3:24:40,茨城県沖,36°49.8′N,141°09.6′E,46 km,3.3,震度１,36.83,141.16
2011/3/22,3:31:54,茨城県北部,36°42.0′N,140°40.4′E,4 km,2.4,震度１,36.7,140.6733333
2011/3/22,3:48:14,宮城県沖,38°25.8′N,142°12.1′E,31 km,3.9,震度１,38.43,142.2016667
2011/3/22,3:52:48,福島県沖,37°27.1′N,141°16.7′E,27 km,3.7,震度２,37.45166667,141.2783333
2011/3/22,4:01:16,福島県沖,36°49.2′N,143°10.5′E,46 km,4.9,震度１,36.82,143.175
2011/3/22,4:24:22,三陸沖,39°34.4′N,143°44.3′E,13 km,4.6,震度１,39.57333333,143.7383333
2011/3/22,4:26:48,茨城県北部,36°43.8′N,140°35.2′E,8 km,4.4,震度３,36.73,140.5866667
2011/3/22,4:29:02,岩手県沖,39°38.3′N,142°09.3′E,48 km,4.5,震度３,39.63833333,142.155
2011/3/22,4:31:55,茨城県沖,36°09.2′N,141°15.0′E,44 km,4.1,震度１,36.15333333,141.25
2011/3/22,4:41:46,茨城県沖,36°35.2′N,141°44.4′E,52 km,4.1,震度１,36.58666667,141.74
2011/3/22,4:43:16,秋田県内陸南部,39°35.3′N,140°22.3′E,6 km,2.2,震度１,39.58833333,140.3716667
2011/3/22,4:54:56,宮城県沖,38°48.1′N,142°22.3′E,32 km,3.6,震度１,38.80166667,142.3716667
2011/3/22,5:05:25,福島県沖,36°42.1′N,141°49.7′E,51 km,4.3,震度１,36.70166667,141.8283333
2011/3/22,5:15:51,茨城県沖,36°13.9′N,141°02.5′E,46 km,3.9,震度２,36.23166667,141.0416667
2011/3/22,5:27:30,茨城県北部,36°43.3′N,140°34.9′E,8 km,2.7,震度１,36.72166667,140.5816667
2011/3/22,5:47:06,千葉県北東部,35°44.8′N,140°37.6′E,47 km,3.1,震度１,35.74666667,140.6266667
2011/3/22,6:21:50,茨城県沖,36°27.6′N,141°05.8′E,44 km,3.4,震度１,36.46,141.0966667
2011/3/22,6:23:14,福島県沖,37°45.0′N,143°39.0′E,44 km,4.5,震度２,37.75,143.65
2011/3/22,6:24:02,茨城県沖,36°43.6′N,140°56.1′E,52 km,4.3,震度３,36.72666667,140.935
2011/3/22,6:42:25,福島県浜通り,37°02.1′N,140°46.1′E,8 km,3.1,震度１,37.035,140.7683333
2011/3/22,6:51:00,茨城県北部,36°46.4′N,140°33.9′E,8 km,3.1,震度１,36.77333333,140.565
2011/3/22,6:58:53,福島県沖,37°44.6′N,142°17.9′E,21 km,4.2,震度１,37.74333333,142.2983333
2011/3/22,7:32:32,千葉県東方沖,35°49.2′N,140°53.1′E,9 km,3.2,震度１,35.82,140.885
2011/3/22,7:47:13,茨城県北部,36°47.8′N,140°32.8′E,8 km,3.3,震度１,36.79666667,140.5466667
2011/3/22,8:15:59,宮城県沖,38°46.3′N,142°11.4′E,31 km,3.7,震度１,38.77166667,142.19
2011/3/22,8:48:27,宮城県沖,38°23.5′N,141°36.2′E,57 km,3.5,震度１,38.39166667,141.6033333
2011/3/22,9:08:54,福島県沖,37°16.5′N,141°20.8′E,51 km,3.7,震度２,37.275,141.3466667
2011/3/22,9:19:08,福島県沖,37°06.1′N,141°07.4′E,51 km,3.6,震度２,37.10166667,141.1233333
2011/3/22,9:33:12,茨城県沖,36°32.3′N,140°50.5′E,51 km,3.7,震度３,36.53833333,140.8416667
2011/3/22,10:13:45,茨城県沖,36°05.1′N,141°56.1′E,69 km,5,震度２,36.085,141.935
2011/3/22,10:17:11,宮城県沖,38°46.3′N,142°10.9′E,31 km,3.7,震度１,38.77166667,142.1816667
2011/3/22,10:19:51,茨城県沖,36°20.4′N,140°57.9′E,46 km,4.2,震度２,36.34,140.965
2011/3/22,10:27:15,茨城県沖,36°27.4′N,141°03.2′E,45 km,3.3,震度１,36.45666667,141.0533333
2011/3/22,11:11:47,岩手県沖,39°04.0′N,142°43.3′E,23 km,4.7,震度２,39.06666667,142.7216667
2011/3/22,11:13:24,新潟県中越地方,36°55.4′N,138°36.0′E,1 km,2.6,震度２,36.92333333,138.6
2011/3/22,11:26:53,岐阜県飛騨地方,36°14.5′N,137°35.1′E,3 km,2.1,震度１,36.24166667,137.585
2011/3/22,11:53:46,岩手県沖,39°16.3′N,142°21.8′E,30 km,4.3,震度２,39.27166667,142.3633333
2011/3/22,12:19:29,福島県会津,37°43.6′N,139°58.3′E,9 km,3,震度１,37.72666667,139.9716667
2011/3/22,12:21:39,岐阜県飛騨地方,36°14.7′N,137°35.1′E,3 km,2.2,震度１,36.245,137.585
2011/3/22,12:31:32,新島・神津島近海,34°14.1′N,139°14.1′E,11 km,3,震度２,34.235,139.235
2011/3/22,12:38:35,千葉県東方沖,35°15.8′N,141°14.2′E,37 km,5.9,震度４,35.26333333,141.2366667
2011/3/22,12:41:19,千葉県東方沖,35°18.3′N,141°08.5′E,34 km,3.7,震度１,35.305,141.1416667
2011/3/22,12:50:07,福島県沖,37°27.5′N,141°22.8′E,35 km,4,震度２,37.45833333,141.38
2011/3/22,12:56:15,新島・神津島近海,34°14.2′N,139°14.2′E,10 km,2.7,震度１,34.23666667,139.2366667
2011/3/22,13:25:33,茨城県南部,36°07.6′N,139°48.5′E,51 km,3.9,震度２,36.12666667,139.8083333
2011/3/22,13:33:55,茨城県沖,36°29.1′N,141°04.6′E,20 km,3.6,震度１,36.485,141.0766667
2011/3/22,13:35:43,岩手県沖,39°03.9′N,142°25.7′E,28 km,4.1,震度１,39.065,142.4283333
2011/3/22,13:44:19,千葉県東方沖,35°16.5′N,141°12.7′E,33 km,4.5,震度１,35.275,141.2116667
2011/3/22,13:58:31,宮城県沖,38°53.1′N,142°04.4′E,40 km,3.8,震度２,38.885,142.0733333
2011/3/22,14:07:58,茨城県北部,36°43.7′N,140°38.0′E,5 km,3.2,震度１,36.72833333,140.6333333
2011/3/22,14:09:32,茨城県北部,36°43.9′N,140°38.2′E,5 km,3,震度１,36.73166667,140.6366667
2011/3/22,14:09:34,岩手県沖,39°05.0′N,142°23.0′E,35 km,4.1,震度１,39.08333333,142.3833333
2011/3/22,14:34:06,福島県沖,37°16.4′N,141°07.3′E,26 km,3.7,震度２,37.27333333,141.1216667
2011/3/22,14:49:38,静岡県東部,35°18.6′N,138°42.4′E,6 km,2.8,震度２,35.31,138.7066667
2011/3/22,14:59:34,茨城県沖,35°48.1′N,141°48.9′E,39 km,5.1,震度２,35.80166667,141.815
2011/3/22,15:24:00,茨城県沖,36°24.5′N,140°48.3′E,12 km,3,震度１,36.40833333,140.805
2011/3/22,15:26:21,茨城県沖,36°47.6′N,141°00.7′E,53 km,3.5,震度１,36.79333333,141.0116667
2011/3/22,16:12:24,宮城県沖,38°19.7′N,142°07.9′E,38 km,4.2,震度１,38.32833333,142.1316667
2011/3/22,16:18:41,福島県沖,37°05.1′N,144°14.8′E,28 km,6.7,震度４,37.085,144.2466667
2011/3/22,16:26:00,宮城県沖,38°24.3′N,142°09.4′E,38 km,4.3,震度１,38.405,142.1566667
2011/3/22,16:41:26,茨城県沖,36°01.5′N,141°31.0′E,48 km,4.2,震度１,36.025,141.5166667
2011/3/22,17:03:07,茨城県沖,35°55.5′N,141°02.7′E,13 km,3.8,震度１,35.925,141.045
2011/3/22,17:05:10,福島県浜通り,37°02.0′N,140°46.1′E,8 km,2.8,震度１,37.03333333,140.7683333
2011/3/22,17:26:52,宮城県沖,38°37.8′N,142°01.9′E,39 km,3.7,震度１,38.63,142.0316667
2011/3/22,17:29:30,千葉県北東部,35°45.1′N,140°38.8′E,45 km,2.9,震度１,35.75166667,140.6466667
2011/3/22,17:33:08,茨城県沖,36°48.9′N,141°10.5′E,47 km,4.8,震度３,36.815,141.175
2011/3/22,17:35:19,新潟県中越地方,36°58.5′N,138°36.8′E,9 km,3.2,震度１,36.975,138.6133333
2011/3/22,17:39:02,福島県浜通り,37°16.6′N,141°00.9′E,28 km,2.9,震度１,37.27666667,141.015
2011/3/22,17:46:24,岐阜県飛騨地方,36°16.5′N,136°59.4′E,7 km,2.7,震度１,36.275,136.99
2011/3/22,17:49:10,長野県北部,36°56.4′N,138°32.7′E,6 km,3.2,震度２,36.94,138.545
2011/3/22,18:19:05,福島県沖,37°18.9′N,141°54.6′E,43 km,6.4,震度４,37.315,141.91
2011/3/22,18:28:44,福島県沖,37°20.1′N,141°47.3′E,46 km,3.8,震度１,37.335,141.7883333
2011/3/22,18:35:28,福島県沖,37°18.5′N,141°49.4′E,32 km,3.7,震度１,37.30833333,141.8233333
2011/3/22,18:36:51,長野県北部,36°56.1′N,138°32.7′E,6 km,2.9,震度２,36.935,138.545
2011/3/22,18:44:25,三陸沖,39°55.1′N,143°39.6′E,0 km,6.5,震度４,39.91833333,143.66
2011/3/22,18:50:44,福島県沖,37°29.8′N,141°54.3′E,21 km,4.3,震度１,37.49666667,141.905
2011/3/22,18:53:02,福島県沖,37°17.2′N,141°47.6′E,35 km,4.3,震度１,37.28666667,141.7933333
2011/3/22,19:13:31,茨城県沖,36°46.3′N,140°51.2′E,18 km,3.9,震度２,36.77166667,140.8533333
2011/3/22,19:18:58,岩手県沖,40°14.6′N,142°33.1′E,28 km,4.9,震度３,40.24333333,142.5516667
2011/3/22,19:23:12,岩手県沖,40°15.0′N,142°34.4′E,26 km,4.8,震度２,40.25,142.5733333
2011/3/22,19:35:04,福島県浜通り,37°05.1′N,140°49.9′E,7 km,3,震度２,37.085,140.8316667
2011/3/22,19:37:26,福島県浜通り,37°04.9′N,140°49.9′E,7 km,3.2,震度２,37.08166667,140.8316667
2011/3/22,19:43:15,岩手県沖,40°14.5′N,142°36.0′E,27 km,4.3,震度１,40.24166667,142.6
2011/3/22,19:49:32,福島県沖,37°20.7′N,141°18.2′E,32 km,3.9,震度２,37.345,141.3033333
2011/3/22,19:56:46,福島県沖,37°17.2′N,141°52.4′E,33 km,4.8,震度２,37.28666667,141.8733333
2011/3/22,20:08:11,千葉県北東部,35°44.7′N,140°51.4′E,7 km,3.2,震度１,35.745,140.8566667
2011/3/22,20:09:04,茨城県沖,36°49.0′N,141°09.9′E,45 km,3.9,震度２,36.81666667,141.165
2011/3/22,20:09:53,長野県北部,36°48.6′N,138°36.8′E,0 km,3.1,震度１,36.81,138.6133333
2011/3/22,20:21:35,三陸沖,39°45.7′N,143°23.5′E,17 km,5.6,震度２,39.76166667,143.3916667
2011/3/22,20:35:28,福島県中通り,37°15.7′N,140°19.5′E,12 km,2.9,震度１,37.26166667,140.325
2011/3/22,20:49:23,茨城県北部,36°42.0′N,140°38.2′E,4 km,2.8,震度１,36.7,140.6366667
2011/3/22,20:58:36,茨城県沖,36°35.2′N,141°48.3′E,55 km,4.3,震度１,36.58666667,141.805
2011/3/22,21:01:22,福島県沖,36°50.6′N,143°14.2′E,56 km,5.6,震度１,36.84333333,143.2366667
2011/3/22,21:04:05,茨城県沖,36°13.8′N,141°37.6′E,48 km,5.9,震度３,36.23,141.6266667
2011/3/22,21:22:51,秋田県内陸南部,39°35.4′N,140°24.6′E,6 km,2.1,震度１,39.59,140.41
2011/3/22,21:56:25,福島県沖,37°06.9′N,143°48.9′E,55 km,4.9,震度１,37.115,143.815
2011/3/22,21:57:16,茨城県沖,36°09.7′N,141°13.4′E,27 km,4.3,震度２,36.16166667,141.2233333
2011/3/22,22:17:06,新潟県中越地方,36°59.0′N,138°36.1′E,8 km,1.5,震度１,36.98333333,138.6016667
2011/3/22,22:17:36,茨城県沖,35°53.8′N,140°49.8′E,40 km,3.6,震度１,35.89666667,140.83
2011/3/22,22:23:33,福島県中通り,37°02.2′N,140°37.6′E,5 km,3.7,震度２,37.03666667,140.6266667
2011/3/22,22:42:47,千葉県東方沖,35°45.6′N,140°56.5′E,12 km,3.5,震度１,35.76,140.9416667
2011/3/22,22:50:50,茨城県沖,35°51.6′N,141°46.8′E,22 km,6,震度３,35.86,141.78
2011/3/22,22:55:38,宮城県沖,38°32.7′N,141°44.4′E,49 km,3.3,震度１,38.545,141.74
2011/3/22,22:59:43,茨城県沖,35°52.2′N,141°39.5′E,23 km,3.9,震度１,35.87,141.6583333
2011/3/22,23:12:01,静岡県西部,34°45.5′N,137°55.0′E,8 km,1.4,震度１,34.75833333,137.9166667
2011/3/22,23:12:45,福島県浜通り,37°05.3′N,140°47.8′E,4 km,2,震度１,37.08833333,140.7966667
2011/3/22,23:18:29,静岡県西部,34°45.8′N,137°55.1′E,7 km,1.8,震度１,34.76333333,137.9183333
2011/3/22,23:30:01,岩手県沖,39°02.2′N,142°24.4′E,33 km,3.6,震度１,39.03666667,142.4066667
2011/3/22,23:30:25,栃木県北部,36°47.8′N,139°26.4′E,4 km,2.1,震度１,36.79666667,139.44
2011/3/22,23:31:31,宮城県沖,38°06.7′N,142°41.4′E,20 km,4.2,震度１,38.11166667,142.69
2011/3/22,23:32:37,茨城県沖,36°47.3′N,141°27.0′E,50 km,3.4,震度１,36.78833333,141.45
2011/3/23,0:03:46,茨城県沖,35°52.5′N,141°45.8′E,23 km,5.8,震度３,35.875,141.7633333
2011/3/23,0:07:29,福島県沖,37°13.1′N,141°26.6′E,34 km,3.9,震度１,37.21833333,141.4433333
2011/3/23,0:12:22,宮城県沖,38°17.0′N,141°52.5′E,47 km,4.7,震度３,38.28333333,141.875
2011/3/23,0:24:19,茨城県沖,36°22.2′N,141°05.9′E,46 km,4.2,震度２,36.37,141.0983333
2011/3/23,0:47:34,宮城県沖,38°23.6′N,141°37.0′E,58 km,3.5,震度１,38.39333333,141.6166667
2011/3/23,0:49:27,岩手県沖,39°13.3′N,142°23.9′E,34 km,5.2,震度４,39.22166667,142.3983333
2011/3/23,0:58:28,岩手県沖,39°13.4′N,142°24.9′E,33 km,4.8,震度２,39.22333333,142.415
2011/3/23,1:01:13,茨城県北部,36°15.5′N,140°28.4′E,52 km,3.2,震度１,36.25833333,140.4733333
2011/3/23,1:05:48,茨城県沖,35°48.8′N,141°45.2′E,52 km,5.1,震度２,35.81333333,141.7533333
2011/3/23,1:12:07,栃木県北部,36°42.0′N,139°25.9′E,7 km,2.3,震度１,36.7,139.4316667
2011/3/23,1:12:07,茨城県沖,35°48.6′N,141°50.2′E,35 km,5.4,震度３,35.81,141.8366667
2011/3/23,1:58:22,静岡県西部,34°45.5′N,137°55.2′E,8 km,2.2,震度２,34.75833333,137.92
2011/3/23,1:59:46,栃木県北部,36°52.9′N,139°24.7′E,4 km,2.2,震度１,36.88166667,139.4116667
2011/3/23,2:17:59,福島県会津,37°43.3′N,139°58.2′E,9 km,3.1,震度２,37.72166667,139.97
2011/3/23,2:19:28,長野県北部,36°58.7′N,138°35.7′E,9 km,2.8,震度２,36.97833333,138.595
2011/3/23,2:32:45,福島県中通り,36°58.5′N,140°33.5′E,4 km,3.4,震度１,36.975,140.5583333
2011/3/23,2:46:35,千葉県東方沖,35°19.4′N,141°09.6′E,36 km,4.3,震度１,35.32333333,141.16
2011/3/23,2:49:52,千葉県東方沖,35°19.7′N,141°08.1′E,23 km,4.8,震度２,35.32833333,141.135
2011/3/23,2:57:59,長野県北部,36°45.4′N,138°32.9′E,3 km,2.4,震度１,36.75666667,138.5483333
2011/3/23,3:00:33,茨城県沖,36°14.3′N,141°02.5′E,36 km,3.5,震度１,36.23833333,141.0416667
2011/3/23,3:03:03,茨城県北部,36°48.8′N,140°32.9′E,7 km,3.8,震度２,36.81333333,140.5483333
2011/3/23,3:03:26,静岡県西部,34°46.0′N,137°55.1′E,7 km,3.3,震度２,34.76666667,137.9183333
2011/3/23,3:08:08,福島県沖,37°22.0′N,141°24.7′E,37 km,4,震度２,37.36666667,141.4116667
2011/3/23,3:09:40,茨城県北部,36°43.3′N,140°38.1′E,7 km,2.7,震度１,36.72166667,140.635
2011/3/23,3:21:18,福島県沖,37°18.6′N,141°47.8′E,36 km,4,震度１,37.31,141.7966667
2011/3/23,3:25:41,千葉県東方沖,35°19.8′N,141°07.7′E,30 km,4.2,震度１,35.33,141.1283333
2011/3/23,3:37:32,宮城県沖,38°58.9′N,142°21.1′E,34 km,3.5,震度１,38.98166667,142.3516667
2011/3/23,3:50:12,福島県沖,37°40.5′N,141°36.4′E,48 km,4.2,震度２,37.675,141.6066667
2011/3/23,4:07:44,茨城県沖,35°41.1′N,141°48.6′E,17 km,4.5,震度３,35.685,141.81
2011/3/23,4:08:35,千葉県東方沖,35°43.3′N,140°53.8′E,8 km,4.1,震度１,35.72166667,140.8966667
2011/3/23,4:09:58,茨城県沖,36°13.2′N,141°40.9′E,52 km,5,震度２,36.22,141.6816667
2011/3/23,4:13:28,千葉県東方沖,35°43.7′N,140°53.6′E,9 km,3.1,震度１,35.72833333,140.8933333
2011/3/23,4:16:45,長野県北部,36°59.2′N,138°35.8′E,7 km,1.6,震度１,36.98666667,138.5966667
2011/3/23,4:42:34,秋田県内陸南部,39°35.3′N,140°24.6′E,5 km,2.1,震度１,39.58833333,140.41
2011/3/23,4:45:14,千葉県北東部,35°43.3′N,140°52.5′E,8 km,3.1,震度１,35.72166667,140.875
2011/3/23,5:50:11,福島県沖,37°16.9′N,141°48.8′E,44 km,4.3,震度２,37.28166667,141.8133333
2011/3/23,6:23:03,茨城県沖,36°32.6′N,140°49.7′E,51 km,3.2,震度１,36.54333333,140.8283333
2011/3/23,6:32:13,宮城県沖,37°56.8′N,142°36.0′E,3 km,4.3,震度２,37.94666667,142.6
2011/3/23,6:55:35,岩手県沖,40°15.0′N,142°36.3′E,24 km,4.7,震度２,40.25,142.605
2011/3/23,7:02:45,岐阜県飛騨地方,35°58.5′N,137°18.2′E,8 km,2.4,震度１,35.975,137.3033333
2011/3/23,7:12:29,福島県浜通り,37°05.0′N,140°47.2′E,8 km,6,震度５強,37.08333333,140.7866667
2011/3/23,7:20:44,茨城県北部,36°42.4′N,140°39.3′E,5 km,3.1,震度１,36.70666667,140.655
2011/3/23,7:21:11,福島県浜通り,37°05.2′N,140°46.7′E,8 km,3.6,震度３,37.08666667,140.7783333
2011/3/23,7:22:14,福島県浜通り,37°01.9′N,140°47.0′E,9 km,2.7,震度１,37.03166667,140.7833333
2011/3/23,7:25:30,福島県浜通り,37°04.9′N,140°46.7′E,8 km,2.7,震度１,37.08166667,140.7783333
2011/3/23,7:26:31,福島県浜通り,37°04.2′N,140°46.0′E,8 km,2.7,震度１,37.07,140.7666667
2011/3/23,7:30:35,宮城県沖,37°58.9′N,142°36.9′E,5 km,4.5,震度２,37.98166667,142.615
2011/3/23,7:31:07,福島県浜通り,37°05.4′N,140°46.5′E,8 km,3.5,震度２,37.09,140.775
2011/3/23,7:34:56,福島県浜通り,37°05.8′N,140°47.7′E,7 km,5.5,震度５強,37.09666667,140.795
2011/3/23,7:36:31,福島県浜通り,37°03.8′N,140°46.2′E,7 km,5.8,震度５弱,37.06333333,140.77
2011/3/23,7:38:15,福島県浜通り,37°05.3′N,140°45.6′E,7 km,3.4,震度２,37.08833333,140.76
2011/3/23,7:43:00,福島県浜通り,37°05.0′N,140°44.7′E,9 km,2.9,震度１,37.08333333,140.745
2011/3/23,7:43:56,福島県浜通り,37°06.0′N,140°47.9′E,5 km,3.2,震度１,37.1,140.7983333
2011/3/23,7:45:49,福島県浜通り,37°01.2′N,140°46.1′E,10 km,3.6,震度１,37.02,140.7683333
2011/3/23,7:49:13,福島県浜通り,37°05.4′N,140°47.3′E,7 km,2.6,震度１,37.09,140.7883333
2011/3/23,7:51:35,福島県沖,37°04.7′N,142°25.0′E,45 km,4.7,震度１,37.07833333,142.4166667
2011/3/23,7:53:27,福島県浜通り,37°04.3′N,140°47.8′E,5 km,5.1,震度３,37.07166667,140.7966667
2011/3/23,7:55:38,福島県浜通り,37°04.4′N,140°45.1′E,9 km,2.9,震度１,37.07333333,140.7516667
2011/3/23,8:03:53,福島県浜通り,37°02.7′N,140°42.7′E,11 km,4.3,震度３,37.045,140.7116667
2011/3/23,8:05:57,福島県浜通り,37°04.2′N,140°46.1′E,7 km,2.6,震度１,37.07,140.7683333
2011/3/23,8:09:53,福島県浜通り,37°13.4′N,140°53.3′E,8 km,3.4,震度２,37.22333333,140.8883333
2011/3/23,8:14:49,茨城県北部,36°15.7′N,140°28.6′E,52 km,3.3,震度１,36.26166667,140.4766667
2011/3/23,8:23:58,福島県浜通り,37°04.5′N,140°44.8′E,9 km,3.1,震度２,37.075,140.7466667
2011/3/23,8:41:08,福島県浜通り,37°05.9′N,140°47.9′E,6 km,2.2,震度１,37.09833333,140.7983333
2011/3/23,8:46:50,千葉県東方沖,35°15.5′N,141°13.6′E,38 km,5,震度２,35.25833333,141.2266667
2011/3/23,8:48:12,岩手県沖,39°16.6′N,142°21.2′E,28 km,3.7,震度１,39.27666667,142.3533333
2011/3/23,9:06:42,岩手県沖,39°15.0′N,142°24.2′E,33 km,5.1,震度３,39.25,142.4033333
2011/3/23,9:07:54,千葉県東方沖,35°15.5′N,141°13.2′E,35 km,4.7,震度１,35.25833333,141.22
2011/3/23,9:21:12,宮城県沖,38°51.0′N,142°02.6′E,45 km,4,震度２,38.85,142.0433333
2011/3/23,9:21:59,岩手県沖,39°14.3′N,142°21.0′E,31 km,3.9,震度１,39.23833333,142.35
2011/3/23,9:23:51,長野県南部,35°54.2′N,137°41.7′E,6 km,2,震度１,35.90333333,137.695
2011/3/23,9:40:39,福島県浜通り,37°03.7′N,140°46.0′E,8 km,3.2,震度２,37.06166667,140.7666667
2011/3/23,9:53:56,福島県浜通り,37°04.9′N,140°46.1′E,8 km,2.4,震度１,37.08166667,140.7683333
2011/3/23,9:56:08,福島県浜通り,37°05.0′N,140°47.4′E,7 km,3.4,震度２,37.08333333,140.79
2011/3/23,10:21:51,宮城県沖,38°25.5′N,142°16.8′E,25 km,4.2,震度１,38.425,142.28
2011/3/23,10:38:12,福島県浜通り,37°06.2′N,140°47.9′E,6 km,2,震度１,37.10333333,140.7983333
2011/3/23,10:53:44,茨城県沖,36°38.3′N,141°02.8′E,33 km,3.1,震度１,36.63833333,141.0466667
2011/3/23,11:04:27,福島県浜通り,37°05.1′N,140°48.2′E,4 km,2,震度１,37.085,140.8033333
2011/3/23,11:19:12,栃木県北部,36°36.7′N,139°24.7′E,4 km,2.4,震度２,36.61166667,139.4116667
2011/3/23,11:26:15,福島県浜通り,37°04.7′N,140°46.0′E,8 km,2.4,震度１,37.07833333,140.7666667
2011/3/23,11:40:22,福島県浜通り,37°03.0′N,140°45.3′E,8 km,3.7,震度２,37.05,140.755
2011/3/23,11:52:07,茨城県沖,36°28.9′N,140°55.0′E,31 km,2.9,震度１,36.48166667,140.9166667
2011/3/23,11:56:07,福島県浜通り,37°02.4′N,140°43.3′E,9 km,3.1,震度２,37.04,140.7216667
2011/3/23,12:24:27,宮城県沖,38°51.3′N,142°21.6′E,43 km,4.2,震度２,38.855,142.36
2011/3/23,12:57:48,宮城県沖,38°49.1′N,142°04.4′E,42 km,3.7,震度２,38.81833333,142.0733333
2011/3/23,13:10:59,福島県浜通り,37°05.5′N,140°48.5′E,4 km,1.8,震度１,37.09166667,140.8083333
2011/3/23,13:13:11,岩手県沖,39°45.4′N,142°21.3′E,42 km,4.4,震度２,39.75666667,142.355
2011/3/23,13:14:13,福島県沖,37°32.4′N,141°53.4′E,30 km,4.3,震度２,37.54,141.89
2011/3/23,13:18:02,福島県浜通り,37°01.9′N,140°46.4′E,8 km,2.8,震度１,37.03166667,140.7733333
2011/3/23,13:19:04,千葉県東方沖,35°14.7′N,141°12.9′E,32 km,4.6,震度１,35.245,141.215
2011/3/23,13:35:02,宮城県沖,38°23.5′N,142°07.5′E,37 km,4.1,震度１,38.39166667,142.125
2011/3/23,13:40:16,茨城県沖,36°18.4′N,141°02.5′E,46 km,4.3,震度２,36.30666667,141.0416667
2011/3/23,13:47:46,福島県沖,37°23.3′N,141°28.3′E,40 km,3.5,震度１,37.38833333,141.4716667
2011/3/23,13:51:59,福島県浜通り,37°05.2′N,140°48.1′E,5 km,2.1,震度１,37.08666667,140.8016667
2011/3/23,14:17:33,福島県沖,37°12.1′N,141°28.7′E,37 km,3.6,震度１,37.20166667,141.4783333
2011/3/23,14:17:41,宮城県沖,38°20.0′N,141°52.5′E,45 km,3.8,震度１,38.33333333,141.875
2011/3/23,14:37:21,福島県浜通り,37°04.8′N,140°45.8′E,8 km,3.5,震度２,37.08,140.7633333
2011/3/23,15:40:06,福島県浜通り,36°58.9′N,140°45.9′E,9 km,2.9,震度１,36.98166667,140.765
2011/3/23,16:09:34,福島県沖,37°04.7′N,141°09.7′E,50 km,3.1,震度１,37.07833333,141.1616667
2011/3/23,16:12:01,福島県沖,37°21.2′N,141°21.7′E,35 km,3.6,震度２,37.35333333,141.3616667
2011/3/23,16:16:33,茨城県沖,36°43.0′N,140°58.5′E,49 km,4,震度３,36.71666667,140.975
2011/3/23,16:25:18,茨城県北部,36°50.2′N,140°34.1′E,4 km,3.5,震度１,36.83666667,140.5683333
2011/3/23,16:31:33,福島県浜通り,37°05.3′N,140°47.3′E,7 km,2.8,震度１,37.08833333,140.7883333
2011/3/23,16:34:16,茨城県北部,36°52.0′N,140°38.7′E,5 km,3.1,震度１,36.86666667,140.645
2011/3/23,16:39:49,新潟県中越地方,37°00.9′N,138°36.4′E,11 km,2.2,震度１,37.015,138.6066667
2011/3/23,17:20:12,福島県会津,37°43.3′N,139°58.2′E,9 km,2.9,震度１,37.72166667,139.97
2011/3/23,17:21:01,宮城県沖,37°52.2′N,141°48.9′E,47 km,3.9,震度１,37.87,141.815
2011/3/23,17:27:06,福島県浜通り,37°06.7′N,140°48.1′E,5 km,2.5,震度１,37.11166667,140.8016667
2011/3/23,17:27:48,新潟県中越地方,36°58.6′N,138°36.7′E,6 km,2.5,震度３,36.97666667,138.6116667
2011/3/23,17:34:04,福島県沖,36°42.4′N,141°51.2′E,49 km,4.5,震度１,36.70666667,141.8533333
2011/3/23,17:48:27,茨城県北部,36°42.8′N,140°37.4′E,6 km,2.4,震度１,36.71333333,140.6233333
2011/3/23,17:51:28,千葉県東方沖,35°41.7′N,140°51.3′E,28 km,3.3,震度１,35.695,140.855
2011/3/23,18:08:57,茨城県沖,36°36.4′N,141°10.9′E,45 km,4,震度２,36.60666667,141.1816667
2011/3/23,18:33:07,茨城県北部,36°50.6′N,140°32.2′E,9 km,3.2,震度１,36.84333333,140.5366667
2011/3/23,18:35:53,三陸沖,39°36.9′N,143°37.8′E,27 km,5.2,震度２,39.615,143.63
2011/3/23,18:47:50,福島県浜通り,37°04.0′N,140°45.9′E,7 km,3.2,震度２,37.06666667,140.765
2011/3/23,18:55:20,福島県浜通り,37°06.6′N,140°45.6′E,9 km,4.7,震度５強,37.11,140.76
2011/3/23,19:28:30,宮城県沖,38°46.2′N,142°10.8′E,30 km,3.8,震度１,38.77,142.18
2011/3/23,19:43:35,茨城県沖,36°40.9′N,141°27.2′E,51 km,5.1,震度３,36.68166667,141.4533333
2011/3/23,20:09:51,福島県浜通り,37°05.3′N,140°48.3′E,2 km,1.7,震度１,37.08833333,140.805
2011/3/23,20:16:47,大分県西部,33°22.4′N,130°52.0′E,11 km,3.5,震度３,33.37333333,130.8666667
2011/3/23,20:31:22,沖縄本島近海,27°28.3′N,128°37.6′E,43 km,3.9,震度２,27.47166667,128.6266667
2011/3/23,21:11:40,福島県浜通り,37°05.4′N,140°47.8′E,7 km,2.5,震度１,37.09,140.7966667
2011/3/23,21:19:00,千葉県東方沖,35°14.4′N,141°13.0′E,35 km,4.6,震度１,35.24,141.2166667
2011/3/23,21:19:30,福島県浜通り,37°04.4′N,140°45.5′E,8 km,2.9,震度１,37.07333333,140.7583333
2011/3/23,21:28:50,茨城県沖,36°41.2′N,141°26.0′E,51 km,4,震度１,36.68666667,141.4333333
2011/3/23,21:37:51,福島県浜通り,37°05.5′N,140°47.2′E,7 km,2.7,震度１,37.09166667,140.7866667
2011/3/23,22:19:17,茨城県沖,36°22.9′N,141°05.5′E,46 km,3.7,震度２,36.38166667,141.0916667
2011/3/23,22:21:40,千葉県東方沖,35°43.1′N,140°54.5′E,10 km,3.5,震度１,35.71833333,140.9083333
2011/3/23,22:56:25,福島県沖,37°38.6′N,142°51.4′E,38 km,5.2,震度１,37.64333333,142.8566667
2011/3/23,23:17:27,茨城県南部,36°07.1′N,140°01.3′E,48 km,3.4,震度１,36.11833333,140.0216667
2011/3/23,23:38:18,茨城県北部,36°25.3′N,140°33.4′E,54 km,2.9,震度１,36.42166667,140.5566667
2011/3/23,23:48:09,福島県沖,37°34.9′N,141°53.4′E,18 km,4.6,震度２,37.58166667,141.89
2011/3/23,23:50:51,千葉県北東部,35°44.1′N,140°52.3′E,7 km,3.6,震度２,35.735,140.8716667
2011/3/24,0:06:44,茨城県北部,36°36.7′N,140°37.9′E,10 km,2.5,震度１,36.61166667,140.6316667
2011/3/24,0:08:20,長野県北部,37°00.0′N,138°32.3′E,10 km,2.8,震度２,37,138.5383333
2011/3/24,0:09:15,福島県沖,37°15.8′N,141°13.8′E,37 km,3.8,震度２,37.26333333,141.23
2011/3/24,0:21:17,福島県浜通り,37°02.0′N,140°46.1′E,5 km,2.9,震度１,37.03333333,140.7683333
2011/3/24,0:21:30,岩手県沖,39°07.4′N,142°26.4′E,31 km,3.7,震度１,39.12333333,142.44
2011/3/24,0:51:24,長野県北部,36°57.7′N,138°35.5′E,5 km,0.7,震度１,36.96166667,138.5916667
2011/3/24,1:10:28,宮城県沖,38°57.6′N,142°24.1′E,31 km,3.6,震度１,38.96,142.4016667
2011/3/24,1:16:59,茨城県沖,36°27.4′N,140°50.6′E,28 km,3,震度１,36.45666667,140.8433333
2011/3/24,1:17:45,千葉県北東部,35°44.0′N,140°52.5′E,8 km,3.6,震度２,35.73333333,140.875
2011/3/24,1:54:23,茨城県沖,36°10.8′N,141°03.2′E,39 km,4.4,震度２,36.18,141.0533333
2011/3/24,1:58:19,福島県会津,37°43.0′N,139°58.2′E,10 km,3.3,震度１,37.71666667,139.97
2011/3/24,2:01:54,三陸沖,39°25.2′N,143°51.9′E,0 km,4.6,震度１,39.42,143.865
2011/3/24,2:01:58,茨城県北部,36°46.7′N,140°33.4′E,8 km,3.9,震度３,36.77833333,140.5566667
2011/3/24,2:35:15,福島県沖,37°34.7′N,141°55.8′E,20 km,4.2,震度１,37.57833333,141.93
2011/3/24,3:30:44,三陸沖,39°45.5′N,143°37.5′E,12 km,4.7,震度１,39.75833333,143.625
2011/3/24,3:39:33,三陸沖,39°40.5′N,143°39.3′E,5 km,4.6,震度１,39.675,143.655
2011/3/24,4:12:36,茨城県北部,36°43.3′N,140°36.5′E,7 km,2.4,震度１,36.72166667,140.6083333
2011/3/24,4:20:12,福島県沖,37°43.7′N,142°18.5′E,27 km,4,震度１,37.72833333,142.3083333
2011/3/24,4:21:45,茨城県沖,36°09.9′N,140°49.2′E,29 km,2.9,震度１,36.165,140.82
2011/3/24,4:27:54,長野県北部,36°51.3′N,138°24.7′E,2 km,2.6,震度２,36.855,138.4116667
2011/3/24,4:46:53,茨城県北部,36°42.0′N,140°37.7′E,6 km,3.6,震度３,36.7,140.6283333
2011/3/24,4:49:17,岩手県沖,39°09.3′N,142°21.5′E,34 km,4,震度１,39.155,142.3583333
2011/3/24,5:24:59,栃木県北部,36°36.8′N,139°24.6′E,4 km,1.9,震度１,36.61333333,139.41
2011/3/24,5:28:45,茨城県沖,35°56.5′N,141°13.4′E,26 km,4.2,震度２,35.94166667,141.2233333
2011/3/24,5:31:05,茨城県沖,36°36.8′N,141°06.1′E,45 km,3.6,震度１,36.61333333,141.1016667
2011/3/24,5:32:56,茨城県沖,36°13.6′N,140°56.1′E,45 km,4.7,震度４,36.22666667,140.935
2011/3/24,5:37:25,福島県浜通り,37°03.9′N,140°45.8′E,9 km,2.9,震度１,37.065,140.7633333
2011/3/24,5:43:11,茨城県沖,35°57.5′N,141°15.4′E,27 km,5.2,震度３,35.95833333,141.2566667
2011/3/24,5:48:51,岩手県沖,39°39.2′N,142°42.7′E,31 km,4.1,震度１,39.65333333,142.7116667
2011/3/24,5:51:22,栃木県北部,36°36.7′N,139°24.6′E,4 km,2.3,震度１,36.61166667,139.41
2011/3/24,5:58:20,宮城県沖,38°20.2′N,142°15.4′E,39 km,4.3,震度１,38.33666667,142.2566667
2011/3/24,6:11:33,茨城県北部,36°42.4′N,140°35.1′E,8 km,3.5,震度２,36.70666667,140.585
2011/3/24,6:28:20,茨城県沖,36°33.6′N,141°44.8′E,53 km,4.2,震度１,36.56,141.7466667
2011/3/24,6:41:23,岐阜県飛騨地方,36°14.9′N,137°35.0′E,1 km,2.3,震度１,36.24833333,137.5833333
2011/3/24,6:44:33,岩手県沖,39°29.4′N,142°37.5′E,25 km,3.6,震度１,39.49,142.625
2011/3/24,7:27:32,トカラ列島近海,28°24.7′N,128°47.6′E,71 km,4.2,震度２,28.41166667,128.7933333
2011/3/24,8:02:21,福島県浜通り,37°00.9′N,140°46.0′E,10 km,3.7,震度２,37.015,140.7666667
2011/3/24,8:03:20,トカラ列島近海,29°06.2′N,129°25.7′E,36 km,3.6,震度１,29.10333333,129.4283333
2011/3/24,8:11:16,福島県浜通り,37°00.8′N,140°46.0′E,10 km,3.2,震度１,37.01333333,140.7666667
2011/3/24,8:28:11,福島県沖,37°20.7′N,141°22.0′E,36 km,3.4,震度１,37.345,141.3666667
2011/3/24,8:35:01,宮城県沖,38°20.0′N,142°16.8′E,20 km,4,震度１,38.33333333,142.28
2011/3/24,8:48:25,新島・神津島近海,34°15.7′N,139°14.1′E,9 km,2.4,震度１,34.26166667,139.235
2011/3/24,8:54:36,兵庫県南西部,34°58.3′N,134°36.5′E,14 km,2.9,震度１,34.97166667,134.6083333
2011/3/24,8:56:49,茨城県南部,36°10.6′N,140°02.5′E,52 km,4.8,震度５弱,36.17666667,140.0416667
2011/3/24,9:35:18,岩手県沖,39°28.4′N,142°43.7′E,24 km,4.2,震度１,39.47333333,142.7283333
2011/3/24,9:50:58,福島県沖,37°08.5′N,141°07.8′E,31 km,3.3,震度１,37.14166667,141.13
2011/3/24,10:11:15,宮城県沖,38°19.5′N,142°14.8′E,33 km,4.1,震度１,38.325,142.2466667
2011/3/24,10:35:18,茨城県沖,36°13.5′N,140°53.1′E,45 km,3.5,震度１,36.225,140.885
2011/3/24,10:56:57,茨城県北部,36°36.8′N,140°34.8′E,2 km,1.6,震度１,36.61333333,140.58
2011/3/24,11:16:53,福島県沖,36°56.4′N,141°07.5′E,50 km,3.4,震度１,36.94,141.125
2011/3/24,11:33:14,千葉県北東部,35°44.5′N,140°39.4′E,47 km,3.6,震度２,35.74166667,140.6566667
2011/3/24,11:37:44,宮城県沖,37°55.6′N,141°32.0′E,61 km,3.6,震度１,37.92666667,141.5333333
2011/3/24,11:49:24,福島県沖,37°23.9′N,141°26.1′E,36 km,3.1,震度１,37.39833333,141.435
2011/3/24,11:49:36,宮城県沖,38°01.4′N,142°20.9′E,24 km,4.1,震度１,38.02333333,142.3483333
2011/3/24,11:53:35,福島県沖,36°41.3′N,141°50.2′E,48 km,4.3,震度１,36.68833333,141.8366667
2011/3/24,12:02:29,福島県浜通り,37°05.0′N,140°46.4′E,9 km,2.2,震度１,37.08333333,140.7733333
2011/3/24,12:03:47,福島県沖,37°17.0′N,141°08.0′E,28 km,3.2,震度１,37.28333333,141.1333333
2011/3/24,12:15:20,福島県浜通り,37°15.7′N,141°00.4′E,29 km,2.8,震度１,37.26166667,141.0066667
2011/3/24,12:21:18,福島県中通り,36°59.8′N,140°29.1′E,5 km,2.6,震度１,36.99666667,140.485
2011/3/24,12:23:35,新潟県中越地方,36°56.0′N,138°36.6′E,3 km,2.2,震度２,36.93333333,138.61
2011/3/24,12:24:31,茨城県北部,36°46.8′N,140°33.7′E,7 km,3.7,震度２,36.78,140.5616667
2011/3/24,12:45:15,福島県浜通り,37°08.6′N,140°52.0′E,7 km,2.7,震度１,37.14333333,140.8666667
2011/3/24,12:58:07,三陸沖,38°36.1′N,142°55.5′E,38 km,5.2,震度２,38.60166667,142.925
2011/3/24,13:06:18,茨城県北部,36°42.0′N,140°36.6′E,3 km,2.6,震度１,36.7,140.61
2011/3/24,13:11:20,福島県沖,37°22.3′N,141°37.7′E,32 km,3.7,震度１,37.37166667,141.6283333
2011/3/24,13:14:25,トカラ列島近海,29°05.2′N,129°24.3′E,22 km,3.4,震度１,29.08666667,129.405
2011/3/24,13:14:26,長野県北部,36°56.7′N,138°34.1′E,3 km,1,震度１,36.945,138.5683333
2011/3/24,13:30:37,福島県沖,37°25.7′N,143°38.0′E,46 km,4.8,震度１,37.42833333,143.6333333
2011/3/24,13:56:08,宮城県沖,38°44.4′N,142°19.3′E,38 km,4.5,震度２,38.74,142.3216667
2011/3/24,14:03:39,茨城県北部,36°43.2′N,140°35.8′E,6 km,4.5,震度３,36.72,140.5966667
2011/3/24,14:34:34,宮城県沖,38°49.4′N,142°04.8′E,44 km,3.5,震度１,38.82333333,142.08
2011/3/24,15:02:24,千葉県東方沖,35°40.8′N,140°47.7′E,21 km,3.3,震度１,35.68,140.795
2011/3/24,15:12:40,福島県浜通り,37°07.0′N,140°46.8′E,5 km,2,震度１,37.11666667,140.78
2011/3/24,15:13:40,福島県沖,37°18.1′N,141°14.7′E,51 km,3.6,震度２,37.30166667,141.245
2011/3/24,15:17:58,長野県北部,36°45.3′N,138°32.8′E,5 km,2.1,震度１,36.755,138.5466667
2011/3/24,15:23:48,福島県浜通り,37°02.9′N,140°45.1′E,10 km,2.9,震度１,37.04833333,140.7516667
2011/3/24,16:03:52,茨城県沖,36°12.6′N,141°47.8′E,74 km,4.9,震度２,36.21,141.7966667
2011/3/24,16:07:25,宮城県沖,38°14.5′N,141°41.0′E,52 km,3.5,震度１,38.24166667,141.6833333
2011/3/24,16:34:49,茨城県沖,36°46.4′N,141°32.5′E,46 km,3.8,震度１,36.77333333,141.5416667
2011/3/24,17:04:36,茨城県北部,36°45.6′N,140°38.1′E,5 km,3.1,震度１,36.76,140.635
2011/3/24,17:05:41,福島県会津,37°43.3′N,139°58.3′E,9 km,2.9,震度１,37.72166667,139.9716667
2011/3/24,17:16:49,茨城県沖,36°13.6′N,140°55.5′E,47 km,3.7,震度２,36.22666667,140.925
2011/3/24,17:20:59,岩手県沖,39°04.6′N,142°21.4′E,34 km,6.2,震度５弱,39.07666667,142.3566667
2011/3/24,17:41:49,岩手県沖,39°02.5′N,142°17.6′E,31 km,3.8,震度１,39.04166667,142.2933333
2011/3/24,17:46:52,岩手県沖,39°01.8′N,142°18.8′E,33 km,3.9,震度１,39.03,142.3133333
2011/3/24,17:58:13,宮城県沖,38°50.7′N,142°02.8′E,45 km,3.8,震度１,38.845,142.0466667
2011/3/24,18:13:50,福島県沖,37°01.0′N,141°14.4′E,23 km,3.6,震度１,37.01666667,141.24
2011/3/24,19:04:59,茨城県北部,36°42.1′N,140°35.3′E,8 km,2.7,震度１,36.70166667,140.5883333
2011/3/24,19:30:37,茨城県北部,36°49.0′N,140°35.0′E,4 km,3.4,震度１,36.81666667,140.5833333
2011/3/24,19:44:11,宮城県沖,38°26.6′N,142°20.1′E,35 km,4.2,震度１,38.44333333,142.335
2011/3/24,19:53:09,長野県北部,36°59.5′N,138°30.9′E,10 km,2.5,震度１,36.99166667,138.515
2011/3/24,20:04:59,福島県沖,37°21.8′N,141°55.4′E,17 km,4.1,震度１,37.36333333,141.9233333
2011/3/24,20:08:24,岩手県沖,39°12.9′N,142°30.5′E,33 km,4.3,震度１,39.215,142.5083333
2011/3/24,21:09:04,茨城県沖,36°39.0′N,140°55.9′E,48 km,3.2,震度１,36.65,140.9316667
2011/3/24,21:11:22,茨城県沖,35°54.1′N,141°11.5′E,24 km,3.7,震度１,35.90166667,141.1916667
2011/3/24,22:02:31,三陸沖,37°55.0′N,143°56.6′E,46 km,4.7,震度１,37.91666667,143.9433333
2011/3/24,22:19:38,茨城県沖,36°47.3′N,141°02.7′E,50 km,3.9,震度２,36.78833333,141.045
2011/3/24,22:28:13,茨城県北部,36°42.3′N,140°38.7′E,6 km,2.8,震度１,36.705,140.645
2011/3/24,23:16:36,宮城県沖,38°14.4′N,141°56.6′E,45 km,3.7,震度１,38.24,141.9433333
2011/3/25,1:40:49,福島県沖,36°54.4′N,141°05.4′E,49 km,4,震度２,36.90666667,141.09
2011/3/25,1:42:15,宮城県沖,38°38.1′N,141°53.6′E,49 km,4,震度２,38.635,141.8933333
2011/3/25,1:49:04,茨城県北部,36°42.7′N,140°37.9′E,5 km,2.5,震度１,36.71166667,140.6316667
2011/3/25,1:54:13,福島県浜通り,37°05.9′N,140°48.3′E,7 km,2.8,震度１,37.09833333,140.805
2011/3/25,2:08:30,茨城県北部,36°49.2′N,140°34.2′E,6 km,4.7,震度３,36.82,140.57
2011/3/25,2:10:43,宮城県沖,38°11.0′N,141°37.5′E,52 km,3.6,震度１,38.18333333,141.625
2011/3/25,2:26:23,秋田県内陸南部,39°34.8′N,140°40.8′E,9 km,3,震度１,39.58,140.68
2011/3/25,2:37:14,千葉県北東部,35°44.5′N,140°51.2′E,7 km,3,震度１,35.74166667,140.8533333
2011/3/25,2:58:37,福島県浜通り,37°05.3′N,140°46.1′E,10 km,3.1,震度２,37.08833333,140.7683333
2011/3/25,3:14:00,茨城県沖,36°15.5′N,140°50.6′E,37 km,4.1,震度２,36.25833333,140.8433333
2011/3/25,3:16:21,岩手県沖,39°42.8′N,142°07.5′E,47 km,3.2,震度１,39.71333333,142.125
2011/3/25,3:16:47,福島県沖,36°51.7′N,141°07.3′E,49 km,4.3,震度３,36.86166667,141.1216667
2011/3/25,3:42:55,福島県沖,37°26.3′N,141°24.3′E,26 km,3.5,震度１,37.43833333,141.405
2011/3/25,3:56:00,群馬県北部,36°46.5′N,138°50.9′E,4 km,2.6,震度１,36.775,138.8483333
2011/3/25,4:17:18,三陸沖,38°09.6′N,143°33.0′E,46 km,5.4,震度１,38.16,143.55
2011/3/25,4:22:16,宮城県沖,38°17.2′N,142°12.6′E,35 km,4.2,震度１,38.28666667,142.21
2011/3/25,4:36:55,岩手県沖,39°04.1′N,142°22.6′E,34 km,3.6,震度１,39.06833333,142.3766667
2011/3/25,4:44:46,宮城県沖,38°47.4′N,142°12.5′E,42 km,4.8,震度３,38.79,142.2083333
2011/3/25,4:56:57,岩手県沖,39°37.8′N,142°06.8′E,48 km,3.2,震度１,39.63,142.1133333
2011/3/25,5:33:47,岩手県沖,39°32.5′N,142°31.4′E,26 km,4.2,震度１,39.54166667,142.5233333
2011/3/25,5:39:41,三陸沖,39°28.6′N,143°10.7′E,18 km,4.4,震度１,39.47666667,143.1783333
2011/3/25,6:58:24,福島県浜通り,37°05.7′N,140°47.3′E,7 km,2.5,震度１,37.095,140.7883333
2011/3/25,7:01:38,福島県浜通り,37°07.7′N,140°51.3′E,6 km,2.3,震度１,37.12833333,140.855
2011/3/25,7:07:17,長野県南部,35°37.5′N,137°36.8′E,251 km,4,震度１,35.625,137.6133333
2011/3/25,7:25:20,福島県会津,37°42.8′N,139°58.3′E,9 km,3,震度１,37.71333333,139.9716667
2011/3/25,7:51:34,茨城県沖,36°38.0′N,141°09.0′E,32 km,3.8,震度１,36.63333333,141.15
2011/3/25,7:58:20,茨城県北部,36°43.6′N,140°35.6′E,5 km,3.2,震度１,36.72666667,140.5933333
2011/3/25,8:12:19,茨城県北部,36°48.9′N,140°34.1′E,6 km,3.9,震度２,36.815,140.5683333
2011/3/25,8:32:36,福島県浜通り,37°08.2′N,140°58.7′E,29 km,3.4,震度２,37.13666667,140.9783333
2011/3/25,8:33:51,島根県西部,34°43.8′N,132°09.9′E,15 km,2.8,震度１,34.73,132.165
2011/3/25,8:47:03,千葉県東方沖,35°49.1′N,140°54.6′E,12 km,3.3,震度１,35.81833333,140.91
2011/3/25,9:00:37,福島県沖,37°22.5′N,141°26.2′E,33 km,3.8,震度１,37.375,141.4366667
2011/3/25,9:48:55,福島県沖,37°16.5′N,141°37.9′E,45 km,4,震度２,37.275,141.6316667
2011/3/25,10:45:37,福島県沖,37°12.0′N,141°14.2′E,33 km,3.4,震度１,37.2,141.2366667
2011/3/25,10:54:47,宮城県沖,38°45.2′N,142°19.3′E,37 km,4,震度１,38.75333333,142.3216667
2011/3/25,11:01:00,宮城県沖,38°44.9′N,142°33.7′E,26 km,4,震度２,38.74833333,142.5616667
2011/3/25,11:17:41,岩手県沖,39°10.1′N,142°24.6′E,32 km,3.9,震度１,39.16833333,142.41
2011/3/25,11:23:13,福島県沖,36°59.2′N,141°00.4′E,28 km,2.9,震度１,36.98666667,141.0066667
2011/3/25,11:36:13,福島県中通り,36°53.9′N,140°29.5′E,7 km,3.3,震度２,36.89833333,140.4916667
2011/3/25,11:41:56,茨城県北部,36°46.7′N,140°34.2′E,7 km,2.9,震度１,36.77833333,140.57
2011/3/25,12:04:25,福島県沖,37°25.5′N,141°23.0′E,25 km,3.4,震度１,37.425,141.3833333
2011/3/25,12:05:02,福島県浜通り,37°05.7′N,140°46.8′E,6 km,2.6,震度１,37.095,140.78
2011/3/25,12:29:24,茨城県沖,36°29.6′N,141°05.4′E,21 km,3.4,震度１,36.49333333,141.09
2011/3/25,12:56:56,福島県会津,37°43.5′N,139°58.2′E,9 km,3.1,震度１,37.725,139.97
2011/3/25,12:58:22,茨城県北部,36°43.5′N,140°36.3′E,7 km,3,震度１,36.725,140.605
2011/3/25,13:11:28,宮城県沖,38°19.1′N,141°34.4′E,60 km,4.3,震度２,38.31833333,141.5733333
2011/3/25,13:46:34,茨城県北部,36°48.4′N,140°33.9′E,6 km,3.1,震度１,36.80666667,140.565
2011/3/25,13:49:39,福島県沖,37°18.2′N,141°10.5′E,36 km,3.5,震度１,37.30333333,141.175
2011/3/25,14:05:44,福島県浜通り,37°05.6′N,140°47.7′E,6 km,2.6,震度１,37.09333333,140.795
2011/3/25,14:13:46,三陸沖,37°57.7′N,143°08.5′E,36 km,4.6,震度１,37.96166667,143.1416667
2011/3/25,14:21:26,茨城県沖,35°58.3′N,141°12.2′E,25 km,3.5,震度１,35.97166667,141.2033333
2011/3/25,14:27:42,茨城県北部,36°43.5′N,140°39.2′E,7 km,2.6,震度１,36.725,140.6533333
2011/3/25,14:39:02,福島県沖,37°18.0′N,141°20.8′E,44 km,2.9,震度１,37.3,141.3466667
2011/3/25,14:54:23,静岡県東部,35°18.7′N,138°42.8′E,13 km,2.5,震度１,35.31166667,138.7133333
2011/3/25,15:35:39,福島県浜通り,36°59.0′N,140°46.0′E,9 km,3.9,震度２,36.98333333,140.7666667
2011/3/25,17:35:19,茨城県沖,36°32.7′N,140°50.9′E,49 km,2.3,震度１,36.545,140.8483333
2011/3/25,17:37:27,福島県浜通り,37°04.9′N,140°46.0′E,8 km,3.4,震度３,37.08166667,140.7666667
2011/3/25,17:38:18,茨城県沖,36°48.9′N,140°58.3′E,27 km,2.8,震度１,36.815,140.9716667
2011/3/25,17:44:20,福島県浜通り,37°04.9′N,140°46.2′E,8 km,2.3,震度１,37.08166667,140.77
2011/3/25,17:52:10,神奈川県西部,35°30.3′N,139°08.2′E,20 km,2.7,震度１,35.505,139.1366667
2011/3/25,18:43:46,三陸沖,37°53.2′N,143°42.1′E,10 km,5.2,震度１,37.88666667,143.7016667
2011/3/25,18:48:42,宮城県沖,38°22.1′N,141°59.2′E,30 km,4,震度１,38.36833333,141.9866667
2011/3/25,19:02:35,福島県浜通り,37°14.0′N,140°57.0′E,5 km,2.2,震度２,37.23333333,140.95
2011/3/25,19:17:36,陸奥湾,41°09.0′N,140°52.2′E,12 km,3.4,震度２,41.15,140.87
2011/3/25,19:42:48,秋田県内陸南部,39°34.6′N,140°22.8′E,4 km,2,震度１,39.57666667,140.38
2011/3/25,20:36:24,宮城県沖,38°43.7′N,142°06.4′E,45 km,6.3,震度４,38.72833333,142.1066667
2011/3/25,20:52:19,宮城県沖,38°54.4′N,142°21.0′E,24 km,3.9,震度１,38.90666667,142.35
2011/3/25,21:13:51,宮城県沖,38°19.6′N,141°56.0′E,42 km,3.6,震度１,38.32666667,141.9333333
2011/3/25,21:17:46,福島県浜通り,36°59.0′N,140°46.2′E,8 km,3.3,震度１,36.98333333,140.77
2011/3/25,21:29:52,宮城県沖,38°52.7′N,141°58.1′E,50 km,4,震度３,38.87833333,141.9683333
2011/3/25,21:31:30,福島県沖,37°18.7′N,141°07.6′E,28 km,3.3,震度１,37.31166667,141.1266667
2011/3/25,21:43:10,福島県沖,37°45.8′N,143°47.8′E,38 km,4.8,震度１,37.76333333,143.7966667
2011/3/25,21:47:12,茨城県北部,36°47.9′N,140°25.0′E,3 km,3,震度１,36.79833333,140.4166667
2011/3/25,21:53:28,茨城県北部,36°44.2′N,140°35.6′E,5 km,4,震度１,36.73666667,140.5933333
2011/3/25,21:54:22,長野県南部,35°55.9′N,137°38.8′E,8 km,3.1,震度３,35.93166667,137.6466667
2011/3/25,23:01:00,岩手県沖,39°09.8′N,142°20.6′E,36 km,3.8,震度１,39.16333333,142.3433333
2011/3/25,23:10:42,福島県沖,37°26.3′N,141°56.0′E,20 km,4.4,震度１,37.43833333,141.9333333
2011/3/25,23:13:14,宮城県沖,38°44.3′N,142°13.1′E,42 km,3.3,震度１,38.73833333,142.2183333
2011/3/25,23:39:35,長野県南部,35°56.0′N,137°38.8′E,8 km,2.7,震度１,35.93333333,137.6466667
2011/3/25,23:47:05,福島県浜通り,37°05.3′N,140°46.9′E,7 km,2.4,震度１,37.08833333,140.7816667
2011/3/26,0:01:14,関東東方沖,36°20.3′N,142°33.9′E,76 km,5.2,震度１,36.33833333,142.565
2011/3/26,0:28:27,静岡県伊豆地方,35°10.6′N,139°01.4′E,8 km,3.6,震度２,35.17666667,139.0233333
2011/3/26,0:37:04,秋田県内陸北部,40°15.4′N,140°22.0′E,12 km,3.4,震度２,40.25666667,140.3666667
2011/3/26,0:46:04,茨城県沖,36°40.8′N,141°07.2′E,45 km,4.2,震度２,36.68,141.12
2011/3/26,1:10:25,茨城県沖,36°38.3′N,140°54.4′E,49 km,3.7,震度３,36.63833333,140.9066667
2011/3/26,1:46:28,群馬県北部,36°46.4′N,138°51.1′E,4 km,3,震度１,36.77333333,138.8516667
2011/3/26,1:49:30,福島県沖,36°56.5′N,141°08.5′E,50 km,3.9,震度１,36.94166667,141.1416667
2011/3/26,2:05:58,茨城県沖,36°39.0′N,140°49.7′E,53 km,3.1,震度１,36.65,140.8283333
2011/3/26,2:33:24,福島県浜通り,37°05.7′N,140°48.3′E,7 km,3.1,震度２,37.095,140.805
2011/3/26,2:42:22,茨城県北部,36°42.4′N,140°37.4′E,9 km,2.7,震度１,36.70666667,140.6233333
2011/3/26,2:46:06,福島県沖,37°09.7′N,141°01.5′E,30 km,3.1,震度１,37.16166667,141.025
2011/3/26,2:54:35,奄美大島近海,28°25.6′N,129°32.6′E,40 km,3.9,震度２,28.42666667,129.5433333
2011/3/26,3:04:27,宮城県沖,38°48.2′N,142°01.2′E,47 km,3.3,震度１,38.80333333,142.02
2011/3/26,3:10:58,福島県浜通り,37°05.4′N,140°50.0′E,5 km,1.7,震度１,37.09,140.8333333
2011/3/26,3:57:05,茨城県沖,36°18.7′N,140°55.2′E,29 km,2.8,震度１,36.31166667,140.92
2011/3/26,4:04:28,群馬県北部,36°46.4′N,138°51.1′E,5 km,2.5,震度１,36.77333333,138.8516667
2011/3/26,4:30:15,宮城県沖,38°27.2′N,141°57.6′E,48 km,4.2,震度３,38.45333333,141.96
2011/3/26,4:53:30,宮城県沖,38°23.6′N,142°04.3′E,34 km,3.7,震度１,38.39333333,142.0716667
2011/3/26,5:22:05,宮城県沖,38°20.5′N,141°49.1′E,49 km,3.9,震度１,38.34166667,141.8183333
2011/3/26,5:23:54,茨城県沖,36°46.8′N,140°54.2′E,27 km,3.5,震度２,36.78,140.9033333
2011/3/26,5:31:56,伊豆大島近海,34°47.9′N,139°14.3′E,11 km,2.3,震度１,34.79833333,139.2383333
2011/3/26,5:52:10,千葉県東方沖,35°51.4′N,140°55.7′E,23 km,4.1,震度３,35.85666667,140.9283333
2011/3/26,6:11:27,長野県北部,36°58.1′N,138°35.6′E,7 km,2,震度１,36.96833333,138.5933333
2011/3/26,6:22:00,福島県会津,37°42.9′N,139°58.4′E,8 km,3.1,震度１,37.715,139.9733333
2011/3/26,6:43:02,茨城県沖,36°19.1′N,140°59.0′E,42 km,3.5,震度１,36.31833333,140.9833333
2011/3/26,6:50:22,茨城県北部,36°39.4′N,140°36.0′E,5 km,2.9,震度１,36.65666667,140.6
2011/3/26,7:16:29,福島県沖,37°04.8′N,141°23.6′E,34 km,3.7,震度１,37.08,141.3933333
2011/3/26,7:19:19,福島県浜通り,37°05.5′N,140°50.0′E,7 km,2.3,震度１,37.09166667,140.8333333
2011/3/26,7:46:14,福島県中通り,36°59.4′N,140°30.3′E,6 km,2.9,震度１,36.99,140.505
2011/3/26,7:48:56,新潟県中越地方,37°01.5′N,138°40.7′E,10 km,2.7,震度２,37.025,138.6783333
2011/3/26,7:49:34,福島県沖,37°04.6′N,141°07.1′E,51 km,3.2,震度１,37.07666667,141.1183333
2011/3/26,7:57:50,福島県浜通り,36°59.2′N,140°46.2′E,8 km,2.6,震度１,36.98666667,140.77
2011/3/26,8:03:30,茨城県沖,36°49.0′N,141°06.8′E,47 km,3.8,震度２,36.81666667,141.1133333
2011/3/26,8:16:41,宮城県沖,38°11.2′N,141°41.4′E,50 km,3.6,震度２,38.18666667,141.69
2011/3/26,8:22:50,茨城県北部,36°42.6′N,140°37.7′E,6 km,3,震度１,36.71,140.6283333
2011/3/26,8:47:22,茨城県沖,36°39.7′N,140°57.8′E,47 km,3.3,震度１,36.66166667,140.9633333
2011/3/26,8:50:09,岩手県沖,39°07.6′N,142°24.3′E,33 km,4.4,震度３,39.12666667,142.405
2011/3/26,9:10:58,岩手県沖,39°10.1′N,142°23.8′E,30 km,4.1,震度１,39.16833333,142.3966667
2011/3/26,9:15:13,千葉県東方沖,35°44.1′N,140°53.4′E,9 km,3.5,震度２,35.735,140.89
2011/3/26,10:05:11,宮城県沖,38°57.7′N,142°21.2′E,34 km,3.8,震度１,38.96166667,142.3533333
2011/3/26,10:09:06,宮城県沖,38°25.7′N,142°17.6′E,30 km,3.9,震度１,38.42833333,142.2933333
2011/3/26,10:21:18,新潟県中越地方,37°01.5′N,138°42.0′E,10 km,1.4,震度１,37.025,138.7
2011/3/26,10:34:39,福島県沖,37°43.8′N,142°59.3′E,18 km,4.4,震度１,37.73,142.9883333
2011/3/26,10:36:39,福島県浜通り,37°05.9′N,140°48.4′E,6 km,3,震度２,37.09833333,140.8066667
2011/3/26,10:48:46,岩手県沖,39°31.4′N,142°05.8′E,48 km,3.3,震度１,39.52333333,142.0966667
2011/3/26,11:03:02,新潟県中越地方,36°55.4′N,138°36.6′E,1 km,2.3,震度１,36.92333333,138.61
2011/3/26,11:57:14,岩手県沖,39°09.0′N,142°28.6′E,30 km,3.7,震度１,39.15,142.4766667
2011/3/26,12:00:26,福島県沖,37°18.9′N,141°16.4′E,50 km,3.3,震度１,37.315,141.2733333
2011/3/26,12:12:17,福島県浜通り,36°57.8′N,140°44.0′E,12 km,3.4,震度１,36.96333333,140.7333333
2011/3/26,12:29:28,宮城県沖,38°01.5′N,141°56.7′E,48 km,3.9,震度２,38.025,141.945
2011/3/26,13:01:32,茨城県北部,36°41.7′N,140°40.4′E,7 km,1.9,震度１,36.695,140.6733333
2011/3/26,13:03:47,福島県沖,37°38.5′N,142°45.3′E,13 km,4.5,震度１,37.64166667,142.755
2011/3/26,13:11:48,茨城県北部,36°43.1′N,140°37.1′E,6 km,2.6,震度１,36.71833333,140.6183333
2011/3/26,13:24:25,宮城県南部,38°05.0′N,140°39.2′E,7 km,2.3,震度１,38.08333333,140.6533333
2011/3/26,14:02:33,茨城県沖,36°25.5′N,140°41.1′E,52 km,3.7,震度２,36.425,140.685
2011/3/26,14:20:22,宮城県沖,38°48.7′N,142°32.1′E,29 km,3.9,震度１,38.81166667,142.535
2011/3/26,14:31:40,千葉県北東部,35°44.6′N,140°52.7′E,8 km,3.3,震度１,35.74333333,140.8783333
2011/3/26,14:42:38,岩手県沖,39°13.9′N,142°25.0′E,30 km,3.7,震度１,39.23166667,142.4166667
2011/3/26,15:35:35,宮城県沖,38°09.1′N,141°57.1′E,50 km,4,震度１,38.15166667,141.9516667
2011/3/26,15:55:13,茨城県沖,36°30.6′N,140°58.5′E,16 km,3.7,震度１,36.51,140.975
2011/3/26,16:18:35,千葉県東方沖,35°49.4′N,140°54.5′E,10 km,3.7,震度２,35.82333333,140.9083333
2011/3/26,16:19:32,茨城県沖,36°34.0′N,141°00.5′E,24 km,4.6,震度３,36.56666667,141.0083333
2011/3/26,16:29:20,宮城県沖,38°43.4′N,142°10.5′E,32 km,3.6,震度１,38.72333333,142.175
2011/3/26,16:52:33,茨城県沖,36°33.4′N,141°00.6′E,25 km,4.4,震度３,36.55666667,141.01
2011/3/26,16:54:01,茨城県北部,36°45.1′N,140°35.6′E,7 km,2.6,震度１,36.75166667,140.5933333
2011/3/26,16:56:32,茨城県沖,36°32.9′N,141°00.7′E,25 km,4.5,震度２,36.54833333,141.0116667
2011/3/26,17:02:18,福島県沖,37°21.9′N,142°30.5′E,4 km,4.5,震度１,37.365,142.5083333
2011/3/26,17:23:35,茨城県沖,36°33.6′N,141°00.6′E,23 km,3.9,震度２,36.56,141.01
2011/3/26,18:15:00,秋田県沖,40°17.3′N,139°14.8′E,17 km,4.2,震度１,40.28833333,139.2466667
2011/3/26,18:16:02,群馬県北部,36°46.5′N,138°51.0′E,5 km,2.7,震度１,36.775,138.85
2011/3/26,19:18:35,宮城県沖,38°34.0′N,141°53.4′E,49 km,5.2,震度４,38.56666667,141.89
2011/3/26,19:23:40,福島県沖,37°31.4′N,141°47.0′E,22 km,4.6,震度２,37.52333333,141.7833333
2011/3/26,19:28:23,福島県中通り,36°55.8′N,140°31.9′E,4 km,3.7,震度１,36.93,140.5316667
2011/3/26,19:30:04,茨城県沖,36°33.6′N,141°00.7′E,24 km,3.9,震度３,36.56,141.0116667
2011/3/26,19:35:46,福島県沖,37°31.1′N,141°47.8′E,22 km,4.1,震度１,37.51833333,141.7966667
2011/3/26,19:42:24,茨城県沖,36°12.8′N,141°32.1′E,58 km,4.7,震度２,36.21333333,141.535
2011/3/26,19:42:50,長野県南部,35°55.9′N,137°38.9′E,8 km,2.3,震度１,35.93166667,137.6483333
2011/3/26,19:54:32,茨城県沖,36°33.7′N,141°00.6′E,25 km,4,震度２,36.56166667,141.01
2011/3/26,20:42:36,福島県浜通り,37°06.2′N,140°45.7′E,4 km,1.9,震度１,37.10333333,140.7616667
2011/3/26,21:02:03,福島県浜通り,37°05.9′N,140°48.5′E,7 km,2.9,震度１,37.09833333,140.8083333
2011/3/26,21:36:05,新潟県上中越沖,37°39.4′N,138°16.3′E,25 km,3.9,震度１,37.65666667,138.2716667
2011/3/26,21:40:27,茨城県北部,36°47.9′N,140°25.0′E,3 km,3.4,震度２,36.79833333,140.4166667
2011/3/26,21:52:25,茨城県北部,36°23.0′N,140°34.1′E,54 km,3,震度１,36.38333333,140.5683333
2011/3/26,22:28:49,福島県浜通り,37°05.8′N,140°48.6′E,7 km,2.9,震度１,37.09666667,140.81
2011/3/26,22:33:04,福島県浜通り,37°04.8′N,140°46.1′E,9 km,3.7,震度４,37.08,140.7683333
2011/3/26,22:40:20,福島県浜通り,37°05.0′N,140°46.0′E,9 km,2.2,震度１,37.08333333,140.7666667
2011/3/26,23:04:39,茨城県北部,36°47.8′N,140°33.5′E,6 km,4,震度２,36.79666667,140.5583333
2011/3/26,23:11:00,茨城県北部,36°43.5′N,140°39.1′E,7 km,4.3,震度４,36.725,140.6516667
2011/3/26,23:12:12,福島県浜通り,37°05.7′N,140°47.8′E,6 km,2.8,震度１,37.095,140.7966667
2011/3/26,23:14:53,茨城県北部,36°47.8′N,140°34.3′E,7 km,2.7,震度１,36.79666667,140.5716667
2011/3/26,23:15:11,福島県沖,36°56.7′N,141°04.9′E,49 km,3.8,震度２,36.945,141.0816667
2011/3/26,23:19:07,茨城県北部,36°43.8′N,140°39.1′E,7 km,4.1,震度３,36.73,140.6516667
2011/3/27,0:01:51,福島県沖,36°57.2′N,141°04.0′E,51 km,3.9,震度２,36.95333333,141.0666667
2011/3/27,0:28:24,福島県浜通り,37°04.8′N,140°45.9′E,9 km,3.1,震度２,37.08,140.765
2011/3/27,0:28:33,新潟県中越地方,36°57.8′N,138°36.2′E,7 km,2.8,震度２,36.96333333,138.6033333
2011/3/27,0:35:04,福島県浜通り,37°05.0′N,140°48.1′E,5 km,2,震度１,37.08333333,140.8016667
2011/3/27,0:43:49,福島県沖,37°22.5′N,141°21.9′E,31 km,3.3,震度１,37.375,141.365
2011/3/27,0:46:41,千葉県北東部,35°53.1′N,140°29.3′E,17 km,3,震度１,35.885,140.4883333
2011/3/27,1:06:51,茨城県沖,36°25.2′N,141°07.2′E,46 km,4.4,震度３,36.42,141.12
2011/3/27,1:20:07,岩手県沖,39°52.0′N,142°10.1′E,47 km,4,震度２,39.86666667,142.1683333
2011/3/27,1:22:36,福島県沖,37°42.8′N,142°25.2′E,25 km,4.6,震度２,37.71333333,142.42
2011/3/27,1:28:36,福島県沖,37°41.2′N,142°25.3′E,16 km,3.9,震度１,37.68666667,142.4216667
2011/3/27,1:33:10,茨城県南部,35°47.0′N,140°48.8′E,17 km,3.3,震度１,35.78333333,140.8133333
2011/3/27,1:54:29,茨城県北部,36°44.9′N,140°37.9′E,7 km,3.1,震度２,36.74833333,140.6316667
2011/3/27,1:59:01,茨城県北部,36°45.0′N,140°37.9′E,7 km,2.8,震度１,36.75,140.6316667
2011/3/27,1:59:34,福島県浜通り,37°11.2′N,140°47.6′E,8 km,3.3,震度１,37.18666667,140.7933333
2011/3/27,2:04:32,岩手県沖,39°19.9′N,142°08.7′E,44 km,3.3,震度１,39.33166667,142.145
2011/3/27,2:15:51,茨城県沖,36°41.2′N,141°27.2′E,51 km,3.9,震度１,36.68666667,141.4533333
2011/3/27,2:18:12,福島県浜通り,37°05.7′N,140°50.1′E,6 km,2.4,震度１,37.095,140.835
2011/3/27,2:30:52,茨城県沖,36°34.2′N,141°12.2′E,46 km,3.8,震度１,36.57,141.2033333
2011/3/27,2:32:16,千葉県東方沖,35°45.4′N,141°03.8′E,36 km,4.4,震度２,35.75666667,141.0633333
2011/3/27,2:42:43,千葉県北東部,35°53.1′N,140°29.3′E,17 km,3.4,震度２,35.885,140.4883333
2011/3/27,2:54:53,福島県沖,37°30.6′N,141°22.9′E,34 km,3.4,震度１,37.51,141.3816667
2011/3/27,2:59:34,福島県沖,37°20.9′N,141°32.8′E,46 km,4,震度１,37.34833333,141.5466667
2011/3/27,3:11:03,宮城県沖,38°20.4′N,141°59.3′E,25 km,3.8,震度２,38.34,141.9883333
2011/3/27,3:38:32,愛媛県南予,33°35.5′N,132°33.2′E,42 km,3.6,震度２,33.59166667,132.5533333
2011/3/27,3:49:49,福島県浜通り,37°08.1′N,140°51.5′E,6 km,3.7,震度２,37.135,140.8583333
2011/3/27,3:57:29,茨城県北部,36°42.1′N,140°36.0′E,9 km,2.8,震度１,36.70166667,140.6
2011/3/27,4:01:22,茨城県沖,36°35.7′N,140°57.9′E,27 km,2.9,震度１,36.595,140.965
2011/3/27,4:15:39,秋田県内陸南部,39°27.5′N,140°22.2′E,8 km,2.2,震度２,39.45833333,140.37
2011/3/27,4:21:16,宮古島近海,24°53.8′N,125°38.2′E,50 km,3.6,震度１,24.89666667,125.6366667
2011/3/27,4:22:02,福島県沖,36°43.8′N,141°51.4′E,40 km,4.5,震度２,36.73,141.8566667
2011/3/27,4:52:52,茨城県南部,35°59.7′N,140°17.4′E,41 km,3.7,震度２,35.995,140.29
2011/3/27,4:57:02,茨城県南部,35°59.7′N,140°17.1′E,41 km,3.3,震度１,35.995,140.285
2011/3/27,5:23:30,福島県沖,37°26.0′N,141°19.4′E,26 km,3.8,震度２,37.43333333,141.3233333
2011/3/27,5:27:49,福島県沖,37°26.4′N,141°31.8′E,41 km,4,震度２,37.44,141.53
2011/3/27,5:30:19,茨城県北部,36°28.8′N,140°29.8′E,56 km,3.5,震度２,36.48,140.4966667
2011/3/27,5:36:02,福島県浜通り,37°07.9′N,140°51.0′E,6 km,4,震度４,37.13166667,140.85
2011/3/27,5:37:20,福島県浜通り,37°08.0′N,140°51.0′E,5 km,3.1,震度１,37.13333333,140.85
2011/3/27,6:01:39,茨城県沖,36°50.4′N,141°08.5′E,33 km,3.4,震度１,36.84,141.1416667
2011/3/27,6:03:23,茨城県沖,36°36.5′N,141°01.1′E,47 km,3.3,震度１,36.60833333,141.0183333
2011/3/27,6:37:52,岐阜県飛騨地方,36°15.2′N,137°35.3′E,4 km,2.9,震度２,36.25333333,137.5883333
2011/3/27,6:46:22,茨城県沖,36°19.5′N,140°57.5′E,39 km,3.2,震度１,36.325,140.9583333
2011/3/27,7:04:16,福島県浜通り,37°05.0′N,140°47.3′E,7 km,2.9,震度１,37.08333333,140.7883333
2011/3/27,7:20:07,福島県沖,37°20.1′N,141°22.5′E,36 km,3.2,震度１,37.335,141.375
2011/3/27,7:21:12,福島県浜通り,37°08.1′N,140°51.7′E,6 km,2.6,震度１,37.135,140.8616667
2011/3/27,7:46:48,福島県浜通り,37°07.9′N,140°51.5′E,6 km,2.5,震度１,37.13166667,140.8583333
2011/3/27,7:47:45,福島県沖,37°23.3′N,141°31.2′E,26 km,3.5,震度２,37.38833333,141.52
2011/3/27,8:32:15,福島県沖,37°16.1′N,141°23.0′E,47 km,3.1,震度１,37.26833333,141.3833333
2011/3/27,9:09:40,福島県沖,37°19.6′N,141°29.7′E,35 km,3.4,震度１,37.32666667,141.495
2011/3/27,9:35:42,茨城県沖,36°15.0′N,141°16.4′E,44 km,3.6,震度１,36.25,141.2733333
2011/3/27,10:16:58,宮城県沖,38°20.5′N,142°05.5′E,36 km,3.8,震度１,38.34166667,142.0916667
2011/3/27,10:20:47,茨城県北部,36°43.1′N,140°38.2′E,5 km,2.6,震度１,36.71833333,140.6366667
2011/3/27,10:26:55,茨城県北部,36°43.1′N,140°38.2′E,6 km,2.6,震度１,36.71833333,140.6366667
2011/3/27,11:09:35,神奈川県西部,35°16.7′N,139°01.4′E,0 km,2.2,震度２,35.27833333,139.0233333
2011/3/27,11:53:47,岐阜県飛騨地方,36°15.2′N,137°35.1′E,4 km,2.4,震度１,36.25333333,137.585
2011/3/27,12:07:57,福島県会津,37°42.8′N,139°58.5′E,9 km,3,震度２,37.71333333,139.975
2011/3/27,12:16:11,新潟県中越地方,37°01.8′N,138°39.4′E,11 km,2.5,震度１,37.03,138.6566667
2011/3/27,12:20:15,福島県沖,37°19.2′N,141°59.6′E,26 km,3.9,震度１,37.32,141.9933333
2011/3/27,12:20:18,岩手県沖,40°09.0′N,142°24.9′E,36 km,5,震度３,40.15,142.415
2011/3/27,12:37:50,茨城県沖,36°36.4′N,141°01.0′E,48 km,4,震度２,36.60666667,141.0166667
2011/3/27,12:46:31,釧路沖,42°56.0′N,145°29.1′E,45 km,3.8,震度２,42.93333333,145.485
2011/3/27,13:40:13,福島県浜通り,37°07.9′N,140°51.5′E,6 km,2.3,震度１,37.13166667,140.8583333
2011/3/27,13:48:14,青森県東方沖,40°44.3′N,142°10.8′E,49 km,3.2,震度１,40.73833333,142.18
2011/3/27,13:52:29,岩手県沖,39°09.2′N,142°24.5′E,33 km,3.6,震度１,39.15333333,142.4083333
2011/3/27,13:54:01,岩手県沖,39°05.4′N,142°25.2′E,31 km,3.8,震度１,39.09,142.42
2011/3/27,13:57:21,茨城県北部,36°44.0′N,140°35.3′E,6 km,3.2,震度１,36.73333333,140.5883333
2011/3/27,14:07:52,岩手県沖,39°53.2′N,142°10.0′E,48 km,4.8,震度３,39.88666667,142.1666667
2011/3/27,14:22:56,宮城県沖,38°20.8′N,141°45.2′E,50 km,3.7,震度１,38.34666667,141.7533333
2011/3/27,14:31:50,福島県沖,37°12.2′N,141°05.8′E,29 km,3,震度１,37.20333333,141.0966667
2011/3/27,14:32:35,茨城県沖,36°11.5′N,140°59.8′E,47 km,3.7,震度２,36.19166667,140.9966667
2011/3/27,15:00:32,三陸沖,39°53.0′N,143°25.9′E,13 km,4.2,震度１,39.88333333,143.4316667
2011/3/27,16:08:50,福島県浜通り,37°05.8′N,140°48.4′E,7 km,3,震度２,37.09666667,140.8066667
2011/3/27,16:21:29,福島県沖,37°06.1′N,141°06.9′E,51 km,3.1,震度１,37.10166667,141.115
2011/3/27,16:26:50,福島県浜通り,37°17.7′N,141°01.8′E,27 km,2.7,震度１,37.295,141.03
2011/3/27,16:27:20,茨城県北部,36°45.4′N,140°34.2′E,8 km,3,震度１,36.75666667,140.57
2011/3/27,16:44:39,岩手県沖,39°15.0′N,142°27.5′E,31 km,3.9,震度１,39.25,142.4583333
2011/3/27,16:45:49,福島県沖,37°41.3′N,141°51.1′E,16 km,4.2,震度１,37.68833333,141.8516667
2011/3/27,17:31:18,茨城県沖,36°37.7′N,141°07.7′E,28 km,3.2,震度１,36.62833333,141.1283333
2011/3/27,17:36:49,福島県中通り,36°56.3′N,140°32.0′E,4 km,3.2,震度１,36.93833333,140.5333333
2011/3/27,17:46:41,福島県浜通り,37°05.5′N,140°48.3′E,8 km,2.6,震度１,37.09166667,140.805
2011/3/27,17:52:04,栃木県北部,36°52.6′N,139°39.9′E,8 km,2.9,震度１,36.87666667,139.665
2011/3/27,18:14:00,宮城県沖,38°37.6′N,141°55.1′E,45 km,4,震度２,38.62666667,141.9183333
2011/3/27,18:35:27,福島県浜通り,37°01.1′N,140°58.1′E,38 km,3.3,震度１,37.01833333,140.9683333
2011/3/27,18:49:05,茨城県沖,36°34.8′N,140°59.5′E,48 km,3.8,震度２,36.58,140.9916667
2011/3/27,19:00:33,茨城県沖,36°33.7′N,141°19.5′E,49 km,3.5,震度１,36.56166667,141.325
2011/3/27,19:09:49,秋田県内陸南部,39°30.6′N,140°26.5′E,9 km,2.4,震度２,39.51,140.4416667
2011/3/27,19:17:40,宮城県沖,38°25.9′N,142°15.2′E,34 km,3.9,震度１,38.43166667,142.2533333
2011/3/27,19:22:22,茨城県沖,36°38.3′N,140°51.2′E,16 km,3,震度１,36.63833333,140.8533333
2011/3/27,19:23:04,岩手県内陸南部,38°59.7′N,141°22.6′E,14 km,2.6,震度１,38.995,141.3766667
2011/3/27,19:23:20,千葉県東方沖,35°18.8′N,141°09.8′E,31 km,5,震度２,35.31333333,141.1633333
2011/3/27,19:49:31,福島県沖,37°07.6′N,141°09.8′E,34 km,3.6,震度２,37.12666667,141.1633333
2011/3/27,20:02:01,福島県浜通り,37°06.0′N,140°48.0′E,6 km,2.7,震度１,37.1,140.8
2011/3/27,20:08:24,福島県沖,37°20.6′N,141°34.1′E,45 km,4.6,震度３,37.34333333,141.5683333
2011/3/27,20:12:53,茨城県沖,36°29.8′N,140°47.6′E,49 km,3.4,震度１,36.49666667,140.7933333
2011/3/27,20:13:26,新潟県中越地方,36°57.4′N,138°37.5′E,8 km,3,震度１,36.95666667,138.625
2011/3/27,20:25:40,西表島付近,23°57.5′N,123°35.3′E,32 km,3.8,震度１,23.95833333,123.5883333
2011/3/27,20:32:08,秋田県内陸南部,39°35.7′N,140°26.5′E,6 km,3.6,震度２,39.595,140.4416667
2011/3/27,20:36:34,福島県浜通り,37°05.4′N,140°48.3′E,8 km,2.6,震度１,37.09,140.805
2011/3/27,21:02:02,茨城県北部,36°42.5′N,140°38.6′E,6 km,2.2,震度１,36.70833333,140.6433333
2011/3/27,21:36:14,福島県沖,37°10.1′N,141°04.2′E,31 km,3.3,震度２,37.16833333,141.07
2011/3/27,22:41:33,宮城県沖,38°58.4′N,142°24.2′E,36 km,5.4,震度３,38.97333333,142.4033333
2011/3/27,23:04:05,茨城県沖,36°24.5′N,141°02.4′E,45 km,3.3,震度１,36.40833333,141.04
2011/3/27,23:47:57,福島県沖,37°17.2′N,141°24.4′E,46 km,3.4,震度１,37.28666667,141.4066667
2011/3/27,23:54:42,長野県北部,36°58.4′N,138°35.9′E,5 km,1.5,震度１,36.97333333,138.5983333
2011/3/28,0:15:44,栃木県北部,36°49.6′N,139°28.1′E,4 km,2.8,震度１,36.82666667,139.4683333
2011/3/28,0:17:44,福島県沖,37°37.1′N,141°54.3′E,19 km,4.7,震度２,37.61833333,141.905
2011/3/28,0:20:10,宮城県沖,38°16.1′N,141°39.5′E,51 km,3.2,震度１,38.26833333,141.6583333
2011/3/28,1:00:02,栃木県北部,36°49.7′N,139°28.0′E,4 km,3.4,震度３,36.82833333,139.4666667
2011/3/28,1:03:23,福島県浜通り,37°05.1′N,140°48.7′E,5 km,2.9,震度２,37.085,140.8116667
2011/3/28,1:19:20,宮城県沖,38°59.4′N,142°25.3′E,33 km,3.9,震度２,38.99,142.4216667
2011/3/28,1:22:08,福島県浜通り,37°04.9′N,140°48.5′E,5 km,2.8,震度２,37.08166667,140.8083333
2011/3/28,1:23:10,福島県浜通り,37°04.6′N,140°48.9′E,12 km,2.2,震度１,37.07666667,140.815
2011/3/28,1:23:42,宮城県沖,38°44.4′N,142°13.3′E,32 km,4.1,震度１,38.74,142.2216667
2011/3/28,1:32:07,茨城県北部,36°42.4′N,140°39.6′E,2 km,2.3,震度１,36.70666667,140.66
2011/3/28,1:34:18,茨城県北部,36°42.3′N,140°40.1′E,4 km,2.1,震度１,36.705,140.6683333
2011/3/28,1:36:55,茨城県北部,36°42.3′N,140°39.4′E,4 km,2.6,震度２,36.705,140.6566667
2011/3/28,1:41:05,宮城県沖,38°59.2′N,142°24.8′E,31 km,3.6,震度１,38.98666667,142.4133333
2011/3/28,2:06:18,栃木県北部,36°49.8′N,139°28.4′E,5 km,2.5,震度２,36.83,139.4733333
2011/3/28,2:09:31,福島県浜通り,37°05.8′N,140°48.7′E,7 km,3,震度１,37.09666667,140.8116667
2011/3/28,2:09:57,栃木県北部,36°49.7′N,139°28.0′E,5 km,3.6,震度３,36.82833333,139.4666667
2011/3/28,2:11:51,茨城県北部,36°40.5′N,140°33.4′E,10 km,2.3,震度１,36.675,140.5566667
2011/3/28,2:52:12,福島県浜通り,37°05.5′N,140°47.5′E,3 km,1.8,震度１,37.09166667,140.7916667
2011/3/28,2:57:11,福島県浜通り,37°00.1′N,140°43.3′E,6 km,3.3,震度１,37.00166667,140.7216667
2011/3/28,3:08:34,茨城県北部,36°52.8′N,140°37.9′E,9 km,3.3,震度１,36.88,140.6316667
2011/3/28,3:09:38,茨城県北部,36°43.8′N,140°36.9′E,7 km,2.6,震度１,36.73,140.615
2011/3/28,3:14:06,福島県沖,36°54.8′N,141°08.7′E,49 km,2.9,震度１,36.91333333,141.145
2011/3/28,3:30:45,茨城県沖,36°41.7′N,141°05.0′E,45 km,3.5,震度１,36.695,141.0833333
2011/3/28,4:25:02,群馬県北部,36°46.6′N,138°51.0′E,4 km,2.4,震度１,36.77666667,138.85
2011/3/28,4:32:55,福島県浜通り,37°05.5′N,140°48.5′E,8 km,2.9,震度１,37.09166667,140.8083333
2011/3/28,5:22:12,滋賀県南部,35°05.4′N,135°56.6′E,13 km,2.6,震度１,35.09,135.9433333
2011/3/28,5:50:24,岩手県沖,39°28.2′N,142°27.0′E,32 km,4.3,震度１,39.47,142.45
2011/3/28,5:52:42,茨城県沖,36°46.0′N,141°14.2′E,40 km,3.4,震度１,36.76666667,141.2366667
2011/3/28,5:56:51,岩手県沖,39°14.1′N,142°25.0′E,32 km,3.5,震度１,39.235,142.4166667
2011/3/28,6:09:41,福島県浜通り,37°04.7′N,140°48.1′E,4 km,2.4,震度１,37.07833333,140.8016667
2011/3/28,6:11:46,茨城県沖,36°34.6′N,141°03.3′E,52 km,4.7,震度３,36.57666667,141.055
2011/3/28,6:29:32,宮城県沖,38°53.1′N,142°04.5′E,44 km,3.9,震度２,38.885,142.075
2011/3/28,7:23:57,宮城県沖,38°23.0′N,142°20.7′E,32 km,6.5,震度５弱,38.38333333,142.345
2011/3/28,7:42:00,宮城県沖,38°25.6′N,142°12.6′E,33 km,4.3,震度１,38.42666667,142.21
2011/3/28,7:42:55,福島県沖,36°59.9′N,141°22.1′E,41 km,3.5,震度１,36.99833333,141.3683333
2011/3/28,7:47:53,茨城県北部,36°43.3′N,140°31.9′E,5 km,2.3,震度１,36.72166667,140.5316667
2011/3/28,7:58:06,茨城県沖,36°25.0′N,141°02.9′E,23 km,3.7,震度１,36.41666667,141.0483333
2011/3/28,8:03:19,宮城県沖,38°18.3′N,141°56.6′E,27 km,3.9,震度１,38.305,141.9433333
2011/3/28,8:08:39,宮城県沖,38°13.6′N,142°05.3′E,40 km,3.9,震度１,38.22666667,142.0883333
2011/3/28,8:18:11,茨城県北部,36°45.6′N,140°37.8′E,7 km,2.7,震度１,36.76,140.63
2011/3/28,8:29:52,茨城県北部,36°45.5′N,140°38.0′E,7 km,2.6,震度１,36.75833333,140.6333333
2011/3/28,8:32:45,茨城県北部,36°41.8′N,140°39.3′E,5 km,2.4,震度１,36.69666667,140.655
2011/3/28,8:32:52,岩手県沖,40°06.4′N,142°08.1′E,45 km,3.6,震度２,40.10666667,142.135
2011/3/28,9:08:20,長野県中部,36°06.8′N,137°40.8′E,7 km,2.6,震度１,36.11333333,137.68
2011/3/28,9:33:19,長野県南部,35°56.0′N,137°39.0′E,8 km,2.4,震度１,35.93333333,137.65
2011/3/28,9:47:44,福島県会津,37°43.4′N,139°58.2′E,9 km,3,震度１,37.72333333,139.97
2011/3/28,9:58:07,福島県浜通り,37°06.2′N,140°47.9′E,6 km,2.8,震度１,37.10333333,140.7983333
2011/3/28,10:01:14,福島県沖,37°44.7′N,142°03.7′E,31 km,4.3,震度１,37.745,142.0616667
2011/3/28,10:06:38,長野県南部,35°56.0′N,137°38.9′E,8 km,2.5,震度１,35.93333333,137.6483333
2011/3/28,10:19:48,宮城県沖,38°36.8′N,141°52.9′E,50 km,4.4,震度３,38.61333333,141.8816667
2011/3/28,10:22:23,宮城県沖,38°52.2′N,141°59.9′E,49 km,3.8,震度１,38.87,141.9983333
2011/3/28,10:27:48,茨城県北部,36°36.6′N,140°35.2′E,3 km,2.9,震度２,36.61,140.5866667
2011/3/28,10:46:04,新潟県中越地方,36°58.5′N,138°36.0′E,5 km,1.6,震度１,36.975,138.6
2011/3/28,10:52:05,茨城県沖,36°44.4′N,140°59.1′E,20 km,4,震度２,36.74,140.985
2011/3/28,10:57:13,茨城県北部,36°38.7′N,140°36.1′E,5 km,1.8,震度１,36.645,140.6016667
2011/3/28,11:09:08,茨城県沖,36°47.2′N,140°58.6′E,56 km,3.8,震度１,36.78666667,140.9766667
2011/3/28,11:17:26,茨城県北部,36°42.4′N,140°34.2′E,5 km,2.9,震度１,36.70666667,140.57
2011/3/28,11:40:48,茨城県沖,36°45.4′N,141°00.1′E,49 km,4,震度２,36.75666667,141.0016667
2011/3/28,11:42:16,宮城県沖,38°51.2′N,142°07.9′E,39 km,3.5,震度１,38.85333333,142.1316667
2011/3/28,11:43:41,福島県沖,37°05.7′N,141°08.1′E,30 km,3.4,震度２,37.095,141.135
2011/3/28,11:55:13,茨城県沖,36°36.9′N,141°01.4′E,44 km,3.7,震度１,36.615,141.0233333
2011/3/28,12:19:14,宮城県沖,38°25.8′N,142°13.6′E,29 km,3.1,震度２,38.43,142.2266667
2011/3/28,12:19:33,岩手県沖,39°27.1′N,142°29.3′E,35 km,4.4,震度２,39.45166667,142.4883333
2011/3/28,12:23:47,岩手県沖,40°10.1′N,142°23.0′E,36 km,3.9,震度１,40.16833333,142.3833333
2011/3/28,12:31:55,宮城県沖,38°46.2′N,142°12.2′E,34 km,4.1,震度２,38.77,142.2033333
2011/3/28,12:55:41,宮城県沖,38°44.9′N,142°11.0′E,32 km,3.6,震度１,38.74833333,142.1833333
2011/3/28,13:01:50,茨城県沖,36°29.7′N,141°04.6′E,27 km,3.1,震度１,36.495,141.0766667
2011/3/28,13:16:54,栃木県北部,36°49.3′N,139°28.4′E,5 km,2.1,震度１,36.82166667,139.4733333
2011/3/28,13:45:48,茨城県沖,36°27.9′N,141°07.3′E,47 km,3.7,震度１,36.465,141.1216667
2011/3/28,14:02:04,茨城県沖,36°36.8′N,141°01.2′E,32 km,3.6,震度２,36.61333333,141.02
2011/3/28,14:24:33,茨城県沖,36°22.9′N,141°50.7′E,62 km,4.4,震度１,36.38166667,141.845
2011/3/28,14:37:59,秋田県内陸南部,39°34.9′N,140°26.2′E,7 km,2.8,震度３,39.58166667,140.4366667
2011/3/28,14:38:37,秋田県内陸南部,39°35.9′N,140°26.5′E,6 km,4.2,震度３,39.59833333,140.4416667
2011/3/28,14:44:55,茨城県沖,36°21.7′N,141°51.8′E,73 km,5.3,震度２,36.36166667,141.8633333
2011/3/28,15:18:35,福島県沖,37°36.2′N,141°49.4′E,16 km,4.2,震度１,37.60333333,141.8233333
2011/3/28,15:46:15,福島県沖,36°54.4′N,141°06.1′E,50 km,3.8,震度２,36.90666667,141.1016667
2011/3/28,15:53:55,石垣島近海,24°32.8′N,124°19.2′E,4 km,2.7,震度１,24.54666667,124.32
2011/3/28,16:10:47,岩手県沖,40°13.2′N,142°22.7′E,34 km,3.9,震度１,40.22,142.3783333
2011/3/28,16:32:42,宮城県沖,38°48.7′N,142°26.0′E,33 km,4.5,震度２,38.81166667,142.4333333
2011/3/28,16:34:40,福島県浜通り,37°08.1′N,140°50.8′E,5 km,2.7,震度１,37.135,140.8466667
2011/3/28,16:35:04,宮城県沖,38°49.2′N,142°25.0′E,33 km,4.1,震度１,38.82,142.4166667
2011/3/28,17:11:10,茨城県沖,36°47.2′N,140°56.9′E,53 km,3.7,震度２,36.78666667,140.9483333
2011/3/28,17:18:51,茨城県北部,36°42.7′N,140°39.7′E,3 km,2.4,震度１,36.71166667,140.6616667
2011/3/28,17:39:35,宮城県沖,38°23.7′N,142°17.2′E,29 km,4.1,震度１,38.395,142.2866667
2011/3/28,17:47:18,茨城県北部,36°16.2′N,140°28.8′E,52 km,3.4,震度１,36.27,140.48
2011/3/28,18:25:47,福島県沖,37°01.4′N,141°13.0′E,32 km,4.5,震度２,37.02333333,141.2166667
2011/3/28,19:26:09,福島県浜通り,37°05.0′N,140°45.9′E,9 km,2.7,震度１,37.08333333,140.765
2011/3/28,20:08:11,茨城県北部,36°46.6′N,140°33.3′E,8 km,4,震度３,36.77666667,140.555
2011/3/28,20:18:43,三陸沖,38°50.3′N,142°58.2′E,18 km,5.3,震度２,38.83833333,142.97
2011/3/28,20:34:14,宮城県沖,38°01.4′N,141°59.5′E,41 km,4.4,震度２,38.02333333,141.9916667
2011/3/28,21:39:15,岩手県沖,39°17.0′N,142°14.5′E,43 km,3.7,震度１,39.28333333,142.2416667
2011/3/28,23:00:40,福島県浜通り,37°06.2′N,140°45.9′E,5 km,2.4,震度１,37.10333333,140.765
2011/3/28,23:01:39,岩手県沖,39°10.4′N,142°25.7′E,32 km,3.8,震度１,39.17333333,142.4283333
2011/3/28,23:13:56,岩手県沖,39°17.1′N,142°14.2′E,43 km,4.1,震度３,39.285,142.2366667
2011/3/28,23:32:49,長野県北部,36°57.1′N,138°33.8′E,4 km,2.2,震度２,36.95166667,138.5633333
2011/3/28,23:33:55,福島県浜通り,37°05.4′N,140°48.2′E,7 km,2.7,震度１,37.09,140.8033333
2011/3/28,23:44:54,岩手県沖,39°34.0′N,142°54.3′E,20 km,4.4,震度１,39.56666667,142.905
2011/3/28,23:50:59,宮城県沖,38°26.9′N,142°14.5′E,28 km,4.2,震度１,38.44833333,142.2416667
2011/3/28,23:53:51,福島県浜通り,37°00.0′N,140°43.1′E,7 km,3.4,震度１,37,140.7183333
2011/3/29,0:06:12,茨城県沖,35°58.9′N,141°07.5′E,34 km,3.5,震度１,35.98166667,141.125
2011/3/29,0:13:03,福島県浜通り,37°03.1′N,140°46.6′E,7 km,3.3,震度１,37.05166667,140.7766667
2011/3/29,0:50:59,新潟県中越地方,36°59.6′N,138°37.3′E,9 km,2.6,震度１,36.99333333,138.6216667
2011/3/29,0:53:02,福島県浜通り,37°07.4′N,140°50.2′E,7 km,2.6,震度１,37.12333333,140.8366667
2011/3/29,0:53:28,宮城県沖,38°48.4′N,142°02.5′E,38 km,3.3,震度１,38.80666667,142.0416667
2011/3/29,1:30:57,宮城県沖,38°16.2′N,141°47.4′E,47 km,4.2,震度２,38.27,141.79
2011/3/29,1:39:21,福島県沖,37°06.0′N,141°07.4′E,31 km,3,震度１,37.1,141.1233333
2011/3/29,1:40:47,東京湾,35°31.8′N,139°52.8′E,25 km,2.7,震度１,35.53,139.88
2011/3/29,1:41:42,茨城県沖,36°42.2′N,141°04.9′E,45 km,3.7,震度１,36.70333333,141.0816667
2011/3/29,2:22:03,茨城県北部,36°42.7′N,140°37.3′E,7 km,3.2,震度２,36.71166667,140.6216667
2011/3/29,2:36:33,岩手県内陸北部,40°02.5′N,141°24.2′E,7 km,2.2,震度１,40.04166667,141.4033333
2011/3/29,2:46:42,茨城県沖,36°32.5′N,140°51.4′E,49 km,2.6,震度１,36.54166667,140.8566667
2011/3/29,3:22:40,茨城県沖,36°19.1′N,140°49.8′E,41 km,3.6,震度２,36.31833333,140.83
2011/3/29,3:49:03,岩手県内陸北部,40°02.7′N,141°24.2′E,6 km,2.1,震度１,40.045,141.4033333
2011/3/29,4:17:25,茨城県沖,36°33.3′N,140°46.6′E,24 km,2.9,震度１,36.555,140.7766667
2011/3/29,4:36:37,新潟県中越地方,37°03.0′N,138°37.6′E,11 km,3,震度２,37.05,138.6266667
2011/3/29,5:01:36,茨城県沖,36°10.9′N,141°13.6′E,30 km,3.9,震度２,36.18166667,141.2266667
2011/3/29,5:03:04,茨城県北部,36°42.4′N,140°38.9′E,7 km,2.6,震度２,36.70666667,140.6483333
2011/3/29,5:09:07,茨城県北部,36°42.4′N,140°39.0′E,7 km,2.5,震度１,36.70666667,140.65
2011/3/29,5:23:56,茨城県北部,36°49.8′N,140°37.4′E,6 km,3.1,震度１,36.83,140.6233333
2011/3/29,5:59:58,山梨県東部・富士五湖,35°25.8′N,138°44.7′E,12 km,2.6,震度１,35.43,138.745
2011/3/29,6:01:52,福島県沖,37°26.6′N,141°17.8′E,28 km,3.8,震度２,37.44333333,141.2966667
2011/3/29,6:08:35,福島県浜通り,37°08.4′N,140°50.9′E,6 km,2.6,震度１,37.14,140.8483333
2011/3/29,6:34:39,福島県沖,37°44.0′N,142°18.5′E,33 km,4.1,震度１,37.73333333,142.3083333
2011/3/29,7:00:43,福島県沖,37°17.1′N,141°20.9′E,50 km,3.5,震度２,37.285,141.3483333
2011/3/29,7:12:04,日高地方東部,42°20.8′N,142°59.4′E,55 km,3.6,震度１,42.34666667,142.99
2011/3/29,8:22:17,島根県東部,35°23.5′N,133°15.6′E,9 km,2.8,震度１,35.39166667,133.26
2011/3/29,8:51:31,岩手県沖,39°20.6′N,142°03.2′E,49 km,4.3,震度３,39.34333333,142.0533333
2011/3/29,9:22:32,宮城県沖,38°25.4′N,142°16.4′E,30 km,4,震度１,38.42333333,142.2733333
2011/3/29,9:25:26,茨城県北部,36°42.2′N,140°38.4′E,3 km,2.9,震度２,36.70333333,140.64
2011/3/29,9:52:41,茨城県北部,36°43.0′N,140°38.1′E,6 km,3.1,震度２,36.71666667,140.635
2011/3/29,9:53:47,新潟県中越地方,37°00.1′N,138°39.6′E,12 km,2.9,震度１,37.00166667,138.66
2011/3/29,11:24:04,岩手県沖,39°01.5′N,142°27.3′E,33 km,4.1,震度２,39.025,142.455
2011/3/29,12:25:51,福島県沖,37°24.6′N,141°37.4′E,42 km,3.7,震度１,37.41,141.6233333
2011/3/29,12:32:22,三陸沖,40°03.2′N,143°21.9′E,18 km,4.5,震度１,40.05333333,143.365
2011/3/29,12:45:16,茨城県沖,36°17.0′N,140°54.6′E,36 km,2.7,震度１,36.28333333,140.91
2011/3/29,13:11:50,宮城県沖,38°34.4′N,142°04.2′E,44 km,3.7,震度１,38.57333333,142.07
2011/3/29,13:21:00,茨城県沖,36°47.2′N,140°59.1′E,48 km,3.5,震度１,36.78666667,140.985
2011/3/29,13:51:44,栃木県北部,36°51.8′N,139°31.0′E,6 km,3.1,震度２,36.86333333,139.5166667
2011/3/29,13:55:57,秋田県内陸南部,39°27.2′N,140°22.2′E,10 km,1.6,震度１,39.45333333,140.37
2011/3/29,14:16:17,茨城県沖,36°34.0′N,140°59.7′E,47 km,3.5,震度１,36.56666667,140.995
2011/3/29,14:18:42,秋田県沿岸北部,39°56.3′N,139°47.5′E,5 km,1.6,震度１,39.93833333,139.7916667
2011/3/29,14:24:16,千葉県東方沖,35°51.5′N,140°54.0′E,38 km,3.4,震度１,35.85833333,140.9
2011/3/29,16:00:12,福島県浜通り,37°05.1′N,140°48.4′E,4 km,2.5,震度２,37.085,140.8066667
2011/3/29,16:04:57,福島県沖,37°26.9′N,141°22.1′E,31 km,4.3,震度３,37.44833333,141.3683333
2011/3/29,16:06:54,岩手県沖,39°28.4′N,142°32.4′E,23 km,4.2,震度１,39.47333333,142.54
2011/3/29,16:08:24,栃木県北部,36°38.5′N,139°25.0′E,4 km,1.7,震度１,36.64166667,139.4166667
2011/3/29,16:14:39,千葉県東方沖,35°48.5′N,140°51.7′E,9 km,3.8,震度２,35.80833333,140.8616667
2011/3/29,16:22:49,福島県浜通り,36°59.4′N,140°46.6′E,9 km,2.6,震度１,36.99,140.7766667
2011/3/29,16:40:45,茨城県北部,36°42.7′N,140°38.6′E,6 km,3.2,震度２,36.71166667,140.6433333
2011/3/29,17:10:36,栃木県北部,36°38.5′N,139°25.1′E,3 km,1.6,震度１,36.64166667,139.4183333
2011/3/29,17:29:08,千葉県東方沖,35°49.3′N,140°53.2′E,7 km,3,震度１,35.82166667,140.8866667
2011/3/29,18:11:43,福島県浜通り,37°05.0′N,140°48.5′E,5 km,1.8,震度１,37.08333333,140.8083333
2011/3/29,18:23:45,岩手県沖,39°13.7′N,142°23.8′E,33 km,3.9,震度１,39.22833333,142.3966667
2011/3/29,18:25:09,栃木県北部,36°48.5′N,139°28.0′E,5 km,2,震度１,36.80833333,139.4666667
2011/3/29,19:04:48,長野県北部,36°57.7′N,138°30.5′E,9 km,2.5,震度１,36.96166667,138.5083333
2011/3/29,19:18:16,茨城県北部,36°43.5′N,140°34.9′E,9 km,2.5,震度１,36.725,140.5816667
2011/3/29,19:35:05,長野県南部,35°55.8′N,137°38.8′E,8 km,2.5,震度１,35.93,137.6466667
2011/3/29,19:41:33,長野県北部,36°46.3′N,138°36.4′E,0 km,2.8,震度１,36.77166667,138.6066667
2011/3/29,19:48:19,石垣島近海,23°12.4′N,124°38.0′E,39 km,5.2,震度１,23.20666667,124.6333333
2011/3/29,19:54:30,福島県沖,37°24.5′N,142°28.1′E,13 km,6.6,震度４,37.40833333,142.4683333
2011/3/29,20:02:26,福島県沖,37°22.3′N,141°18.8′E,28 km,3.8,震度１,37.37166667,141.3133333
2011/3/29,20:14:03,茨城県南部,36°11.1′N,140°00.3′E,50 km,3.8,震度２,36.185,140.005
2011/3/29,20:19:03,秋田県内陸南部,39°36.6′N,140°37.9′E,5 km,2.5,震度１,39.61,140.6316667
2011/3/29,21:10:34,茨城県沖,36°28.9′N,141°01.4′E,46 km,3.6,震度２,36.48166667,141.0233333
2011/3/29,21:18:42,福島県沖,36°59.8′N,141°12.4′E,31 km,3.1,震度１,36.99666667,141.2066667
2011/3/29,21:24:53,茨城県沖,36°30.2′N,140°44.5′E,51 km,4.2,震度３,36.50333333,140.7416667
2011/3/29,23:15:55,宮城県沖,38°24.4′N,142°44.3′E,19 km,4.3,震度１,38.40666667,142.7383333
2011/3/29,23:23:28,茨城県北部,36°41.5′N,140°36.5′E,5 km,3.2,震度１,36.69166667,140.6083333
2011/3/29,23:25:14,長野県北部,36°59.3′N,138°32.8′E,8 km,2.4,震度１,36.98833333,138.5466667
2011/3/29,23:46:42,静岡県西部,34°51.3′N,137°57.1′E,24 km,2.8,震度１,34.855,137.9516667
2011/3/29,23:55:23,福島県浜通り,37°05.4′N,140°48.0′E,7 km,2.2,震度１,37.09,140.8
2011/3/29,23:58:59,宮城県沖,38°55.5′N,142°33.9′E,26 km,4,震度１,38.925,142.565
2011/3/30,0:47:24,茨城県北部,36°48.9′N,140°33.5′E,4 km,3.3,震度１,36.815,140.5583333
2011/3/30,1:32:32,宮城県沖,38°14.8′N,142°03.8′E,43 km,3.7,震度１,38.24666667,142.0633333
2011/3/30,1:35:44,三陸沖,39°39.2′N,143°46.9′E,8 km,5.6,震度２,39.65333333,143.7816667
2011/3/30,1:44:51,宮城県沖,38°06.6′N,142°22.4′E,27 km,4.4,震度１,38.11,142.3733333
2011/3/30,1:58:50,福島県中通り,36°56.4′N,140°32.3′E,7 km,3.2,震度１,36.94,140.5383333
2011/3/30,2:15:48,福島県浜通り,37°05.5′N,140°50.2′E,6 km,2.1,震度１,37.09166667,140.8366667
2011/3/30,2:32:50,福島県浜通り,37°05.8′N,140°50.0′E,6 km,2.1,震度１,37.09666667,140.8333333
2011/3/30,2:32:51,宮城県沖,38°50.7′N,142°27.3′E,34 km,3.6,震度１,38.845,142.455
2011/3/30,2:39:40,宮城県沖,38°24.5′N,142°09.7′E,34 km,3.9,震度１,38.40833333,142.1616667
2011/3/30,2:45:53,茨城県沖,36°30.4′N,140°43.8′E,52 km,4.1,震度２,36.50666667,140.73
2011/3/30,3:09:31,福島県沖,36°42.0′N,141°50.3′E,49 km,4.4,震度１,36.7,141.8383333
2011/3/30,3:52:08,静岡県東部,35°17.7′N,138°41.6′E,10 km,2.1,震度１,35.295,138.6933333
2011/3/30,4:35:25,茨城県沖,36°24.9′N,141°14.1′E,38 km,3.4,震度１,36.415,141.235
2011/3/30,4:58:06,宮城県沖,38°20.8′N,141°45.9′E,51 km,3.9,震度１,38.34666667,141.765
2011/3/30,5:21:02,千葉県東方沖,35°48.9′N,140°54.5′E,11 km,3.4,震度１,35.815,140.9083333
2011/3/30,5:27:32,静岡県東部,35°20.7′N,138°43.8′E,11 km,3,震度２,35.345,138.73
2011/3/30,5:30:46,岩手県沖,40°03.8′N,142°52.7′E,24 km,4.3,震度１,40.06333333,142.8783333
2011/3/30,5:38:32,茨城県沖,36°29.3′N,141°16.5′E,46 km,3.8,震度１,36.48833333,141.275
2011/3/30,6:00:00,長野県北部,36°57.0′N,138°33.5′E,7 km,2.4,震度１,36.95,138.5583333
2011/3/30,6:01:27,福島県浜通り,37°10.1′N,140°48.0′E,5 km,2.9,震度１,37.16833333,140.8
2011/3/30,6:04:16,茨城県北部,36°16.1′N,140°28.8′E,52 km,3.6,震度２,36.26833333,140.48
2011/3/30,6:05:33,岐阜県飛騨地方,36°14.0′N,137°32.5′E,3 km,2.1,震度２,36.23333333,137.5416667
2011/3/30,6:06:12,福島県沖,37°22.8′N,142°33.4′E,7 km,4.6,震度１,37.38,142.5566667
2011/3/30,6:51:29,長野県北部,36°55.8′N,138°30.9′E,0 km,2.9,震度３,36.93,138.515
2011/3/30,7:23:32,茨城県沖,36°07.0′N,141°21.8′E,48 km,4.5,震度１,36.11666667,141.3633333
2011/3/30,7:33:03,宮城県沖,38°25.9′N,142°12.7′E,33 km,4.5,震度２,38.43166667,142.2116667
2011/3/30,8:02:20,静岡県東部,35°19.4′N,138°43.5′E,9 km,3,震度２,35.32333333,138.725
2011/3/30,8:36:47,福島県沖,37°42.7′N,142°45.6′E,7 km,4.9,震度２,37.71166667,142.76
2011/3/30,8:51:51,栃木県北部,36°38.4′N,139°25.2′E,4 km,1.8,震度１,36.64,139.42
2011/3/30,9:45:07,岩手県沖,39°04.3′N,142°23.0′E,28 km,3.5,震度１,39.07166667,142.3833333
2011/3/30,10:00:42,福島県浜通り,37°07.5′N,140°51.9′E,8 km,2.5,震度１,37.125,140.865
2011/3/30,10:38:06,宮城県沖,38°32.4′N,141°49.5′E,47 km,3.6,震度１,38.54,141.825
2011/3/30,11:31:19,岩手県沖,39°40.4′N,142°07.9′E,48 km,3.5,震度１,39.67333333,142.1316667
2011/3/30,11:50:10,三陸沖,38°02.0′N,143°32.8′E,45 km,4.8,震度２,38.03333333,143.5466667
2011/3/30,11:54:26,福島県沖,37°10.7′N,142°15.9′E,2 km,4.3,震度１,37.17833333,142.265
2011/3/30,12:19:49,長野県北部,36°57.5′N,138°34.4′E,7 km,2.7,震度２,36.95833333,138.5733333
2011/3/30,12:45:22,宮城県沖,38°46.7′N,142°34.0′E,33 km,3.9,震度１,38.77833333,142.5666667
2011/3/30,12:57:14,岩手県沖,39°14.7′N,142°24.0′E,32 km,4.1,震度２,39.245,142.4
2011/3/30,13:33:29,茨城県沖,36°23.8′N,140°53.8′E,38 km,3.6,震度１,36.39666667,140.8966667
2011/3/30,13:45:12,宮城県沖,38°39.8′N,142°02.1′E,46 km,3.5,震度１,38.66333333,142.035
2011/3/30,13:58:25,茨城県沖,36°38.7′N,140°55.2′E,49 km,3.9,震度２,36.645,140.92
2011/3/30,14:01:45,宮城県沖,38°31.2′N,142°08.3′E,31 km,3.4,震度１,38.52,142.1383333
2011/3/30,14:02:12,宮城県沖,38°53.3′N,141°57.0′E,48 km,3.9,震度２,38.88833333,141.95
2011/3/30,14:06:35,福島県浜通り,37°08.2′N,140°51.8′E,6 km,2.8,震度１,37.13666667,140.8633333
2011/3/30,14:29:53,関東東方沖,36°07.4′N,142°28.2′E,80 km,6.3,震度１,36.12333333,142.47
2011/3/30,14:31:56,新潟県中越地方,36°57.5′N,138°36.3′E,8 km,3.7,震度３,36.95833333,138.605
2011/3/30,15:12:23,福島県浜通り,37°06.0′N,140°48.7′E,7 km,3.1,震度２,37.1,140.8116667
2011/3/30,15:14:44,群馬県北部,36°46.6′N,138°51.0′E,5 km,2.6,震度１,36.77666667,138.85
2011/3/30,15:58:02,茨城県沖,36°13.2′N,140°47.5′E,36 km,3.7,震度２,36.22,140.7916667
2011/3/30,16:15:27,福島県沖,37°23.3′N,141°23.3′E,48 km,4,震度２,37.38833333,141.3883333
2011/3/30,16:58:39,宮城県沖,38°22.9′N,142°14.4′E,34 km,4.3,震度２,38.38166667,142.24
2011/3/30,17:13:33,福島県浜通り,37°05.9′N,140°48.6′E,7 km,3.7,震度２,37.09833333,140.81
2011/3/30,17:21:21,福島県浜通り,37°05.0′N,140°48.4′E,5 km,2.3,震度１,37.08333333,140.8066667
2011/3/30,17:48:54,宮城県沖,38°53.1′N,142°01.2′E,47 km,3.6,震度１,38.885,142.02
2011/3/30,17:50:13,福島県浜通り,37°04.9′N,140°48.4′E,5 km,3.8,震度３,37.08166667,140.8066667
2011/3/30,17:52:40,茨城県沖,35°58.6′N,141°06.7′E,35 km,4.2,震度３,35.97666667,141.1116667
2011/3/30,18:05:24,秋田県内陸南部,39°35.9′N,140°37.9′E,5 km,2.3,震度１,39.59833333,140.6316667
2011/3/30,18:19:19,秋田県内陸南部,39°35.9′N,140°38.2′E,5 km,3.4,震度２,39.59833333,140.6366667
2011/3/30,18:42:51,岩手県沖,39°05.8′N,142°23.5′E,32 km,4.1,震度２,39.09666667,142.3916667
2011/3/30,19:14:16,岐阜県飛騨地方,36°09.6′N,137°27.2′E,7 km,3,震度１,36.16,137.4533333
2011/3/30,19:54:50,長野県北部,36°49.4′N,138°36.5′E,0 km,3.9,震度３,36.82333333,138.6083333
2011/3/30,20:12:43,茨城県沖,36°11.8′N,141°01.9′E,35 km,3.4,震度１,36.19666667,141.0316667
2011/3/30,20:39:29,千葉県東方沖,35°52.4′N,140°55.5′E,13 km,3.7,震度１,35.87333333,140.925
2011/3/30,21:21:46,秋田県内陸南部,39°35.8′N,140°38.0′E,5 km,2.7,震度１,39.59666667,140.6333333
2011/3/30,21:44:58,福島県中通り,37°06.0′N,140°28.1′E,6 km,3.1,震度２,37.1,140.4683333
2011/3/30,21:51:37,千葉県東方沖,35°26.6′N,141°13.6′E,30 km,5.3,震度３,35.44333333,141.2266667
2011/3/30,22:00:04,宮城県沖,38°39.0′N,142°09.3′E,42 km,5.1,震度３,38.65,142.155
2011/3/30,22:03:22,茨城県沖,36°42.1′N,141°01.3′E,45 km,3.4,震度１,36.70166667,141.0216667
2011/3/30,22:19:05,茨城県沖,36°38.9′N,140°55.9′E,50 km,5,震度４,36.64833333,140.9316667
2011/3/30,22:44:02,宮城県沖,37°55.0′N,141°48.7′E,31 km,3.8,震度１,37.91666667,141.8116667
2011/3/30,22:46:52,福島県沖,37°05.8′N,141°07.5′E,34 km,3,震度１,37.09666667,141.125
2011/3/30,22:57:30,千葉県東方沖,35°51.0′N,141°05.2′E,22 km,3.9,震度２,35.85,141.0866667
2011/3/30,22:58:19,日高地方中部,42°19.2′N,142°36.5′E,27 km,3.9,震度２,42.32,142.6083333
2011/3/30,23:03:48,茨城県沖,36°28.5′N,140°59.6′E,47 km,3.2,震度１,36.475,140.9933333
2011/3/30,23:45:30,千葉県東方沖,35°46.1′N,141°03.9′E,36 km,4.7,震度２,35.76833333,141.065
2011/3/31,0:01:10,福島県沖,37°11.1′N,141°21.7′E,49 km,3.8,震度２,37.185,141.3616667
2011/3/31,0:02:20,福島県浜通り,37°06.5′N,140°48.2′E,5 km,2.7,震度１,37.10833333,140.8033333
2011/3/31,0:21:48,福島県中通り,36°59.1′N,140°30.3′E,4 km,3.7,震度２,36.985,140.505
2011/3/31,0:23:00,茨城県沖,36°41.8′N,141°00.5′E,47 km,3.3,震度１,36.69666667,141.0083333
2011/3/31,0:41:39,福島県沖,37°40.2′N,141°44.8′E,43 km,4,震度１,37.67,141.7466667
2011/3/31,1:32:53,長野県北部,36°57.6′N,138°34.4′E,4 km,2.8,震度４,36.96,138.5733333
2011/3/31,1:53:13,福島県沖,37°41.5′N,141°57.8′E,29 km,4,震度１,37.69166667,141.9633333
2011/3/31,2:10:32,北海道東方沖,43°38.7′N,147°55.7′E,0 km,4.6,震度１,43.645,147.9283333
2011/3/31,2:23:13,宮城県沖,38°12.7′N,142°08.7′E,18 km,4.1,震度１,38.21166667,142.145
2011/3/31,2:53:44,茨城県沖,36°12.1′N,141°01.0′E,34 km,3.2,震度１,36.20166667,141.0166667
2011/3/31,2:54:06,茨城県沖,36°44.5′N,141°16.2′E,48 km,3.5,震度１,36.74166667,141.27
2011/3/31,4:45:59,宮城県沖,38°19.2′N,142°22.6′E,31 km,4.1,震度１,38.32,142.3766667
2011/3/31,5:00:21,千葉県東方沖,35°51.1′N,141°06.9′E,24 km,4.3,震度２,35.85166667,141.115
2011/3/31,5:33:30,茨城県沖,36°23.6′N,141°04.3′E,22 km,4.2,震度２,36.39333333,141.0716667
2011/3/31,6:52:26,千葉県東方沖,35°49.3′N,140°54.4′E,11 km,3.5,震度１,35.82166667,140.9066667
2011/3/31,7:30:13,茨城県沖,36°21.6′N,140°50.5′E,53 km,3.4,震度１,36.36,140.8416667
2011/3/31,7:31:04,茨城県沖,36°30.9′N,140°43.9′E,48 km,2.8,震度１,36.515,140.7316667
2011/3/31,7:33:07,富山県東部,36°27.0′N,137°37.3′E,1 km,3.9,震度２,36.45,137.6216667
2011/3/31,7:37:01,宮城県沖,37°54.1′N,142°30.7′E,40 km,4.2,震度１,37.90166667,142.5116667
2011/3/31,7:50:54,岩手県沖,39°05.2′N,142°41.6′E,19 km,4.4,震度１,39.08666667,142.6933333
2011/3/31,7:52:55,茨城県北部,36°43.2′N,140°38.1′E,6 km,3.3,震度１,36.72,140.635
2011/3/31,8:40:01,茨城県沖,36°21.4′N,140°53.1′E,37 km,3.6,震度１,36.35666667,140.885
2011/3/31,8:49:50,福島県浜通り,37°07.6′N,140°49.1′E,6 km,2.1,震度１,37.12666667,140.8183333
2011/3/31,8:52:10,父島近海,27°00.4′N,142°19.0′E,93 km,4.8,震度２,27.00666667,142.3166667
2011/3/31,9:22:05,秋田県内陸南部,39°36.1′N,140°26.5′E,5 km,3.5,震度２,39.60166667,140.4416667
2011/3/31,9:29:10,福島県沖,37°43.2′N,141°53.0′E,20 km,4.4,震度２,37.72,141.8833333
2011/3/31,9:41:07,福島県浜通り,36°57.7′N,140°48.0′E,9 km,3,震度１,36.96166667,140.8
2011/3/31,9:47:01,茨城県沖,36°37.6′N,140°58.2′E,47 km,2.8,震度１,36.62666667,140.97
2011/3/31,9:57:04,富山県東部,36°26.4′N,137°37.3′E,0 km,3.5,震度１,36.44,137.6216667
2011/3/31,10:28:48,宮城県沖,38°13.4′N,141°55.9′E,47 km,4.3,震度２,38.22333333,141.9316667
2011/3/31,10:42:42,茨城県北部,36°38.7′N,140°35.8′E,6 km,2.4,震度１,36.645,140.5966667
2011/3/31,11:19:33,宮城県沖,38°20.8′N,141°47.8′E,49 km,3.4,震度１,38.34666667,141.7966667
2011/3/31,11:31:27,茨城県沖,36°08.8′N,141°01.5′E,33 km,2.8,震度１,36.14666667,141.025
2011/3/31,11:54:40,福島県浜通り,37°05.5′N,140°47.1′E,7 km,2.8,震度１,37.09166667,140.785
2011/3/31,12:15:18,宮城県沖,38°50.8′N,142°02.9′E,47 km,3.7,震度１,38.84666667,142.0483333
2011/3/31,12:25:38,茨城県沖,36°46.7′N,141°35.3′E,49 km,4.6,震度２,36.77833333,141.5883333
2011/3/31,13:40:17,茨城県北部,36°41.9′N,140°37.1′E,5 km,3.6,震度３,36.69833333,140.6183333
2011/3/31,13:45:23,宮城県沖,38°20.4′N,141°55.4′E,47 km,3.6,震度１,38.34,141.9233333
2011/3/31,14:15:00,茨城県北部,36°44.9′N,140°37.9′E,7 km,2.6,震度１,36.74833333,140.6316667
2011/3/31,14:26:22,茨城県北部,36°41.8′N,140°38.0′E,6 km,2.1,震度１,36.69666667,140.6333333
2011/3/31,15:04:58,岐阜県美濃中西部,35°40.6′N,136°53.2′E,15 km,3.5,震度１,35.67666667,136.8866667
2011/3/31,15:19:20,福島県浜通り,37°05.9′N,140°48.7′E,7 km,3.2,震度２,37.09833333,140.8116667
2011/3/31,15:25:42,茨城県沖,36°39.3′N,140°50.4′E,21 km,2.6,震度１,36.655,140.84
2011/3/31,15:27:25,三陸沖,39°08.2′N,142°59.3′E,16 km,4.5,震度１,39.13666667,142.9883333
2011/3/31,16:15:30,宮城県沖,38°52.3′N,142°05.0′E,47 km,6.1,震度５弱,38.87166667,142.0833333
2011/3/31,16:21:01,岩手県沖,39°28.7′N,142°38.1′E,27 km,4.4,震度１,39.47833333,142.635
2011/3/31,17:20:15,岐阜県美濃中西部,35°36.3′N,136°39.6′E,8 km,2.3,震度１,35.605,136.66
2011/3/31,18:14:33,宮城県沖,38°53.5′N,142°03.9′E,46 km,3.3,震度１,38.89166667,142.065
2011/3/31,18:18:53,岩手県沖,39°05.6′N,142°22.4′E,32 km,3.9,震度１,39.09333333,142.3733333
2011/3/31,18:26:28,福島県沖,37°22.9′N,141°21.2′E,29 km,3.6,震度２,37.38166667,141.3533333
2011/3/31,18:36:23,千葉県北東部,35°45.4′N,140°39.3′E,42 km,3.1,震度１,35.75666667,140.655
2011/3/31,19:04:37,三陸沖,40°19.4′N,143°25.0′E,13 km,4.6,震度１,40.32333333,143.4166667
2011/3/31,19:28:27,福島県沖,37°17.8′N,141°13.2′E,17 km,4,震度２,37.29666667,141.22
2011/3/31,19:30:30,宮城県沖,38°24.4′N,142°08.6′E,37 km,4.2,震度１,38.40666667,142.1433333
2011/3/31,19:59:52,宮城県沖,38°30.1′N,142°12.0′E,26 km,4,震度１,38.50166667,142.2
2011/3/31,20:39:00,茨城県北部,36°43.5′N,140°39.0′E,7 km,2.9,震度１,36.725,140.65
2011/3/31,20:45:46,長野県北部,36°49.4′N,138°36.1′E,0 km,2.7,震度１,36.82333333,138.6016667
2011/3/31,20:54:46,長野県北部,36°49.3′N,138°35.9′E,0 km,2.8,震度１,36.82166667,138.5983333
2011/3/31,22:01:01,茨城県沖,36°40.9′N,141°08.2′E,47 km,3.5,震度１,36.68166667,141.1366667
2011/3/31,22:10:52,福島県沖,37°39.3′N,141°53.1′E,14 km,4.4,震度１,37.655,141.885
2011/3/31,22:39:52,長野県北部,36°49.4′N,138°35.5′E,0 km,3,震度１,36.82333333,138.5916667
2011/3/31,22:42:58,宮城県沖,38°25.8′N,142°12.6′E,27 km,4.2,震度２,38.43,142.21
2011/3/31,23:20:35,宮城県沖,38°57.5′N,142°23.6′E,36 km,3.8,震度２,38.95833333,142.3933333
2011/3/31,23:42:34,宮城県沖,38°23.6′N,142°39.9′E,25 km,4.5,震度２,38.39333333,142.665
2011/3/31,23:49:15,長野県南部,35°55.8′N,137°38.8′E,7 km,2.2,震度１,35.93,137.6466667
2011/4/1,0:14:52,福島県浜通り,37°05.6′N,140°50.0′E,7 km,2.5,震度１,37.09333333,140.8333333
2011/4/1,0:18:05,福島県沖,37°24.8′N,141°30.8′E,41 km,3.4,震度１,37.41333333,141.5133333
2011/4/1,1:21:12,福島県沖,37°18.2′N,141°15.3′E,50 km,2.9,震度１,37.30333333,141.255
2011/4/1,1:53:41,福島県沖,37°49.6′N,141°48.0′E,48 km,3.8,震度１,37.82666667,141.8
2011/4/1,2:21:36,福島県沖,36°57.5′N,141°13.0′E,34 km,4.4,震度３,36.95833333,141.2166667
2011/4/1,2:30:00,福島県沖,37°11.7′N,141°25.5′E,47 km,3.9,震度１,37.195,141.425
2011/4/1,2:33:42,岩手県沖,39°12.5′N,142°18.2′E,42 km,3.6,震度１,39.20833333,142.3033333
2011/4/1,3:16:52,福島県沖,37°16.7′N,141°12.5′E,33 km,3.6,震度１,37.27833333,141.2083333
2011/4/1,3:34:39,茨城県北部,36°44.0′N,140°35.4′E,7 km,2.7,震度１,36.73333333,140.59
2011/4/1,3:35:23,福島県浜通り,37°02.1′N,140°45.5′E,7 km,2.7,震度１,37.035,140.7583333
2011/4/1,4:34:59,福島県沖,37°43.3′N,142°24.9′E,14 km,5.2,震度２,37.72166667,142.415
2011/4/1,4:58:02,茨城県北部,36°40.4′N,140°36.1′E,7 km,2.5,震度１,36.67333333,140.6016667
2011/4/1,5:24:06,岩手県沖,39°12.9′N,142°23.3′E,31 km,4,震度１,39.215,142.3883333
2011/4/1,5:35:30,福島県沖,37°22.9′N,141°33.1′E,44 km,3.8,震度１,37.38166667,141.5516667
2011/4/1,6:09:25,福島県会津,37°44.1′N,139°55.4′E,9 km,3,震度１,37.735,139.9233333
2011/4/1,6:28:50,福島県沖,37°24.7′N,141°16.2′E,25 km,3.5,震度２,37.41166667,141.27
2011/4/1,7:16:57,宮城県沖,38°18.1′N,141°44.3′E,51 km,4.3,震度３,38.30166667,141.7383333
2011/4/1,7:24:01,宮城県沖,38°41.9′N,142°09.4′E,36 km,3.6,震度１,38.69833333,142.1566667
2011/4/1,7:25:46,三陸沖,37°51.8′N,143°24.0′E,45 km,4.9,震度１,37.86333333,143.4
2011/4/1,7:54:20,千葉県北東部,35°44.0′N,140°41.0′E,46 km,2.9,震度１,35.73333333,140.6833333
2011/4/1,8:11:50,宮城県沖,38°10.7′N,141°36.5′E,56 km,3.5,震度１,38.17833333,141.6083333
2011/4/1,8:17:15,福島県中通り,37°00.0′N,140°30.1′E,6 km,3.4,震度２,37,140.5016667
2011/4/1,8:22:13,茨城県南部,35°54.8′N,140°08.9′E,60 km,3.3,震度２,35.91333333,140.1483333
2011/4/1,8:30:28,千葉県東方沖,35°44.1′N,140°57.8′E,34 km,3.2,震度１,35.735,140.9633333
2011/4/1,8:51:57,茨城県北部,36°24.7′N,140°34.1′E,54 km,3,震度１,36.41166667,140.5683333
2011/4/1,10:01:03,茨城県沖,36°20.0′N,141°01.9′E,47 km,3.7,震度１,36.33333333,141.0316667
2011/4/1,10:48:31,長野県北部,36°59.4′N,138°35.5′E,9 km,2.4,震度２,36.99,138.5916667
2011/4/1,10:54:24,福島県沖,36°59.4′N,142°18.2′E,18 km,4.2,震度１,36.99,142.3033333
2011/4/1,12:23:17,福島県沖,37°39.8′N,143°23.1′E,45 km,4.9,震度１,37.66333333,143.385
2011/4/1,12:36:23,宮城県沖,38°27.8′N,142°14.4′E,32 km,4.4,震度２,38.46333333,142.24
2011/4/1,13:14:19,宮城県沖,38°26.2′N,141°57.7′E,42 km,3.8,震度１,38.43666667,141.9616667
2011/4/1,13:51:44,茨城県南部,36°14.9′N,140°28.8′E,51 km,3.1,震度２,36.24833333,140.48
2011/4/1,14:16:39,宮城県沖,38°32.1′N,141°42.3′E,55 km,3.8,震度１,38.535,141.705
2011/4/1,14:41:32,茨城県北部,36°41.7′N,140°36.8′E,4 km,2.5,震度１,36.695,140.6133333
2011/4/1,15:44:11,福島県沖,37°34.8′N,142°40.1′E,14 km,4.3,震度１,37.58,142.6683333
2011/4/1,16:07:59,茨城県沖,36°48.6′N,141°05.0′E,48 km,3.4,震度１,36.81,141.0833333
2011/4/1,16:44:36,宮城県沖,38°16.7′N,142°11.8′E,39 km,4,震度１,38.27833333,142.1966667
2011/4/1,17:08:30,福島県浜通り,36°59.9′N,140°46.9′E,9 km,2.8,震度１,36.99833333,140.7816667
2011/4/1,17:13:28,茨城県北部,36°43.5′N,140°35.6′E,7 km,3.3,震度２,36.725,140.5933333
2011/4/1,17:25:24,福島県浜通り,36°59.0′N,140°46.1′E,8 km,2.9,震度１,36.98333333,140.7683333
2011/4/1,17:34:43,茨城県南部,36°14.9′N,140°28.5′E,52 km,3.5,震度２,36.24833333,140.475
2011/4/1,18:00:21,岩手県沖,40°05.0′N,142°48.7′E,25 km,4.2,震度１,40.08333333,142.8116667
2011/4/1,19:23:58,宮城県沖,38°37.1′N,141°58.8′E,53 km,3.8,震度２,38.61833333,141.98
2011/4/1,19:28:35,福島県沖,37°24.4′N,141°21.0′E,32 km,4.1,震度２,37.40666667,141.35
2011/4/1,19:49:44,秋田県内陸北部,40°15.4′N,140°21.8′E,12 km,5,震度５強,40.25666667,140.3633333
2011/4/1,20:24:29,秋田県内陸北部,40°15.5′N,140°21.5′E,12 km,3.5,震度２,40.25833333,140.3583333
2011/4/1,20:29:41,秋田県内陸北部,40°15.4′N,140°21.4′E,12 km,2.9,震度１,40.25666667,140.3566667
2011/4/1,20:57:55,岩手県沖,39°20.1′N,142°09.9′E,45 km,6,震度４,39.335,142.165
2011/4/1,21:15:02,福島県沖,36°39.8′N,142°07.5′E,23 km,4.9,震度２,36.66333333,142.125
2011/4/1,21:16:08,宮城県沖,38°51.5′N,142°04.5′E,43 km,4.3,震度２,38.85833333,142.075
2011/4/1,21:16:22,茨城県沖,36°10.5′N,140°56.7′E,41 km,3.4,震度１,36.175,140.945
2011/4/1,21:45:26,岩手県沖,39°37.9′N,142°12.1′E,44 km,3.7,震度１,39.63166667,142.2016667
2011/4/1,21:46:41,茨城県沖,36°12.9′N,140°47.3′E,36 km,3.3,震度１,36.215,140.7883333
2011/4/1,21:54:01,茨城県北部,36°42.9′N,140°38.3′E,7 km,2.4,震度１,36.715,140.6383333
2011/4/1,22:30:27,宮城県沖,38°28.0′N,142°14.4′E,33 km,4.3,震度２,38.46666667,142.24
2011/4/1,23:12:09,千葉県東方沖,35°51.4′N,140°54.3′E,37 km,3.5,震度１,35.85666667,140.905
2011/4/1,23:31:51,茨城県北部,36°25.1′N,140°33.7′E,54 km,2.9,震度１,36.41833333,140.5616667
2011/4/1,23:44:33,茨城県沖,36°14.3′N,141°39.1′E,63 km,5.2,震度２,36.23833333,141.6516667
2011/4/1,23:59:17,茨城県沖,36°15.2′N,140°50.0′E,36 km,3.9,震度２,36.25333333,140.8333333
2011/4/2,0:36:25,茨城県沖,36°17.9′N,141°01.4′E,47 km,3.8,震度１,36.29833333,141.0233333
2011/4/2,0:40:26,福島県浜通り,37°06.0′N,140°48.5′E,7 km,2.5,震度１,37.1,140.8083333
2011/4/2,1:11:42,茨城県北部,36°46.5′N,140°31.9′E,10 km,3,震度１,36.775,140.5316667
2011/4/2,2:03:43,三陸沖,40°18.1′N,143°22.2′E,3 km,5.5,震度３,40.30166667,143.37
2011/4/2,3:01:00,宮城県沖,38°22.8′N,142°05.0′E,36 km,4.1,震度２,38.38,142.0833333
2011/4/2,3:26:07,宮城県沖,38°59.1′N,142°22.2′E,33 km,4,震度１,38.985,142.37
2011/4/2,3:45:29,福島県沖,36°51.0′N,141°05.6′E,49 km,4,震度２,36.85,141.0933333
2011/4/2,4:14:06,茨城県北部,36°37.4′N,140°38.3′E,8 km,2.5,震度１,36.62333333,140.6383333
2011/4/2,4:19:35,栃木県北部,36°38.4′N,139°25.2′E,3 km,3.1,震度２,36.64,139.42
2011/4/2,4:59:50,宮城県沖,38°52.5′N,141°59.7′E,49 km,4.9,震度４,38.875,141.995
2011/4/2,5:06:03,茨城県北部,36°41.2′N,140°37.5′E,6 km,2.6,震度１,36.68666667,140.625
2011/4/2,5:22:19,栃木県北部,36°38.5′N,139°24.9′E,3 km,2,震度１,36.64166667,139.415
2011/4/2,6:17:14,岐阜県飛騨地方,36°15.1′N,137°35.2′E,4 km,2.6,震度１,36.25166667,137.5866667
2011/4/2,6:59:01,宮城県沖,38°38.1′N,141°54.1′E,50 km,3.9,震度２,38.635,141.9016667
2011/4/2,7:33:37,茨城県沖,36°27.8′N,140°54.0′E,31 km,2.7,震度１,36.46333333,140.9
2011/4/2,8:06:10,宮城県中部,38°11.9′N,140°47.7′E,14 km,3,震度２,38.19833333,140.795
2011/4/2,9:30:26,宮城県沖,38°52.6′N,141°59.5′E,48 km,3.2,震度１,38.87666667,141.9916667
2011/4/2,11:18:49,栃木県北部,36°38.4′N,139°25.3′E,4 km,2.3,震度２,36.64,139.4216667
2011/4/2,11:36:05,栃木県北部,36°38.5′N,139°25.0′E,4 km,2.2,震度２,36.64166667,139.4166667
2011/4/2,11:45:25,秋田県内陸北部,40°15.0′N,140°22.6′E,13 km,3.2,震度２,40.25,140.3766667
2011/4/2,11:55:20,長野県北部,37°00.0′N,138°34.6′E,8 km,2.7,震度２,37,138.5766667
2011/4/2,12:48:43,秋田県内陸北部,40°15.3′N,140°21.9′E,12 km,3.9,震度３,40.255,140.365
2011/4/2,13:08:07,宮城県沖,38°46.3′N,142°05.7′E,42 km,5.2,震度４,38.77166667,142.095
2011/4/2,14:03:31,新潟県中越地方,36°58.5′N,138°36.2′E,6 km,1.8,震度１,36.975,138.6033333
2011/4/2,14:08:01,茨城県沖,36°25.3′N,141°05.8′E,45 km,4.6,震度３,36.42166667,141.0966667
2011/4/2,14:16:19,福島県浜通り,37°05.3′N,140°50.7′E,5 km,2,震度１,37.08833333,140.845
2011/4/2,14:32:53,岩手県沖,39°05.6′N,142°23.1′E,36 km,4.7,震度３,39.09333333,142.385
2011/4/2,14:34:28,茨城県南部,36°12.8′N,139°58.7′E,79 km,3.5,震度１,36.21333333,139.9783333
2011/4/2,15:22:44,福島県会津,37°44.2′N,139°55.5′E,9 km,2.9,震度１,37.73666667,139.925
2011/4/2,15:24:00,千葉県北西部,35°47.7′N,140°13.0′E,63 km,3.2,震度１,35.795,140.2166667
2011/4/2,16:16:44,福島県浜通り,37°07.7′N,140°52.2′E,8 km,2.7,震度１,37.12833333,140.87
2011/4/2,16:18:07,茨城県北部,36°38.2′N,140°36.2′E,5 km,1.5,震度１,36.63666667,140.6033333
2011/4/2,16:30:38,岩手県沖,39°06.6′N,142°21.7′E,35 km,3.7,震度１,39.11,142.3616667
2011/4/2,16:55:54,茨城県南部,36°12.4′N,139°57.7′E,54 km,5,震度５弱,36.20666667,139.9616667
2011/4/2,16:58:01,福島県浜通り,37°06.6′N,140°48.0′E,5 km,2.7,震度１,37.11,140.8
2011/4/2,17:22:49,宮城県沖,38°32.7′N,141°54.6′E,42 km,3.4,震度１,38.545,141.91
2011/4/2,17:32:13,茨城県北部,36°42.8′N,140°39.7′E,5 km,2.2,震度１,36.71333333,140.6616667
2011/4/2,17:53:42,栃木県北部,36°38.3′N,139°25.3′E,3 km,1.6,震度１,36.63833333,139.4216667
2011/4/2,17:55:41,福島県浜通り,37°06.0′N,140°49.1′E,4 km,1.6,震度１,37.1,140.8183333
2011/4/2,18:05:09,福島県中通り,36°54.1′N,140°35.7′E,7 km,4.4,震度２,36.90166667,140.595
2011/4/2,18:06:07,福島県中通り,36°54.1′N,140°35.9′E,7 km,3.1,震度１,36.90166667,140.5983333
2011/4/2,18:59:00,東京湾,35°31.5′N,139°59.5′E,23 km,2.9,震度１,35.525,139.9916667
2011/4/2,19:00:59,福島県浜通り,37°05.9′N,140°48.2′E,7 km,2.6,震度１,37.09833333,140.8033333
2011/4/2,19:01:18,茨城県北部,36°49.1′N,140°34.0′E,6 km,3.3,震度２,36.81833333,140.5666667
2011/4/2,19:22:55,茨城県北部,36°49.2′N,140°34.1′E,6 km,4.4,震度３,36.82,140.5683333
2011/4/2,20:24:57,熊本県熊本地方,32°51.9′N,130°44.4′E,9 km,2.9,震度２,32.865,130.74
2011/4/2,21:25:20,茨城県沖,36°32.7′N,141°48.9′E,38 km,4.5,震度２,36.545,141.815
2011/4/2,22:02:19,福島県浜通り,37°06.0′N,140°49.9′E,7 km,2.1,震度１,37.1,140.8316667
2011/4/2,22:29:49,栃木県北部,36°38.5′N,139°24.9′E,4 km,2.9,震度３,36.64166667,139.415
2011/4/2,22:37:03,長野県北部,36°57.2′N,138°35.4′E,4 km,0.9,震度１,36.95333333,138.59
2011/4/2,22:42:34,茨城県沖,35°53.4′N,140°50.8′E,18 km,3.7,震度１,35.89,140.8466667
2011/4/2,22:51:06,茨城県北部,36°20.4′N,140°34.7′E,50 km,3.3,震度１,36.34,140.5783333
2011/4/2,23:06:42,福島県浜通り,37°06.0′N,140°48.6′E,8 km,3,震度１,37.1,140.81
2011/4/2,23:19:08,茨城県北部,36°43.1′N,140°37.9′E,5 km,3,震度２,36.71833333,140.6316667
2011/4/2,23:38:08,福島県浜通り,37°05.7′N,140°50.0′E,6 km,4.8,震度４,37.095,140.8333333
2011/4/2,23:51:03,茨城県沖,36°32.4′N,140°47.1′E,51 km,3.2,震度１,36.54,140.785
2011/4/2,23:53:21,福島県浜通り,37°05.9′N,140°47.8′E,4 km,2.1,震度１,37.09833333,140.7966667
2011/4/3,0:02:47,三陸沖,39°04.6′N,143°14.9′E,14 km,4.8,震度１,39.07666667,143.2483333
2011/4/3,0:07:57,福島県浜通り,37°05.7′N,140°48.5′E,5 km,2.3,震度１,37.095,140.8083333
2011/4/3,0:10:05,福島県沖,37°02.9′N,141°21.4′E,32 km,3.6,震度１,37.04833333,141.3566667
2011/4/3,0:43:34,福島県浜通り,37°05.4′N,140°48.4′E,5 km,2.1,震度１,37.09,140.8066667
2011/4/3,1:20:06,広島県北部,34°59.0′N,132°48.7′E,7 km,2.5,震度１,34.98333333,132.8116667
2011/4/3,1:43:25,福島県浜通り,37°02.1′N,140°46.5′E,6 km,4.3,震度３,37.035,140.775
2011/4/3,1:52:08,岐阜県飛騨地方,36°15.2′N,137°35.2′E,3 km,2.3,震度１,36.25333333,137.5866667
2011/4/3,1:55:47,福島県浜通り,37°05.5′N,140°47.2′E,7 km,1.8,震度１,37.09166667,140.7866667
2011/4/3,2:01:01,新潟県中越地方,36°59.1′N,138°37.7′E,5 km,2.1,震度１,36.985,138.6283333
2011/4/3,2:07:18,新島・神津島近海,34°22.1′N,139°12.0′E,2 km,2,震度１,34.36833333,139.2
2011/4/3,2:50:24,秋田県内陸南部,39°34.2′N,140°32.0′E,6 km,2.4,震度１,39.57,140.5333333
2011/4/3,2:55:34,福島県浜通り,37°02.0′N,140°46.3′E,7 km,3,震度１,37.03333333,140.7716667
2011/4/3,2:58:51,福島県浜通り,37°02.1′N,140°46.9′E,6 km,2.7,震度１,37.035,140.7816667
2011/4/3,3:23:33,宮城県沖,38°37.0′N,141°53.9′E,49 km,3.5,震度１,38.61666667,141.8983333
2011/4/3,3:55:02,福島県浜通り,37°05.5′N,140°48.7′E,5 km,3.2,震度２,37.09166667,140.8116667
2011/4/3,3:55:55,茨城県北部,36°43.2′N,140°39.2′E,3 km,2.5,震度１,36.72,140.6533333
2011/4/3,4:02:24,福島県沖,37°00.2′N,141°30.7′E,41 km,3.5,震度１,37.00333333,141.5116667
2011/4/3,4:04:53,福島県浜通り,37°05.3′N,140°48.5′E,5 km,2.3,震度１,37.08833333,140.8083333
2011/4/3,5:43:36,福島県浜通り,37°05.7′N,140°50.0′E,8 km,2.7,震度１,37.095,140.8333333
2011/4/3,5:43:50,長野県北部,36°55.3′N,138°33.5′E,3 km,2.8,震度２,36.92166667,138.5583333
2011/4/3,5:52:29,福島県沖,37°22.9′N,141°22.7′E,29 km,3.3,震度１,37.38166667,141.3783333
2011/4/3,6:28:27,茨城県北部,36°52.0′N,140°36.4′E,6 km,3.4,震度１,36.86666667,140.6066667
2011/4/3,6:44:37,福島県浜通り,37°05.5′N,140°48.7′E,5 km,2.2,震度１,37.09166667,140.8116667
2011/4/3,6:52:33,岩手県沖,39°30.5′N,142°52.8′E,21 km,4.4,震度１,39.50833333,142.88
2011/4/3,7:03:13,新潟県中越地方,36°58.5′N,138°36.1′E,7 km,1.8,震度１,36.975,138.6016667
2011/4/3,8:08:22,福島県浜通り,37°05.5′N,140°48.2′E,5 km,2.5,震度１,37.09166667,140.8033333
2011/4/3,8:21:14,茨城県北部,36°42.7′N,140°37.3′E,6 km,3.1,震度２,36.71166667,140.6216667
2011/4/3,8:24:18,福島県浜通り,37°01.9′N,140°46.7′E,7 km,3.5,震度１,37.03166667,140.7783333
2011/4/3,8:27:53,福島県浜通り,37°05.6′N,140°49.7′E,8 km,2.6,震度１,37.09333333,140.8283333
2011/4/3,8:43:07,福島県浜通り,37°05.7′N,140°48.1′E,6 km,2.3,震度１,37.095,140.8016667
2011/4/3,8:48:40,福島県浜通り,37°01.9′N,140°46.4′E,6 km,3.2,震度１,37.03166667,140.7733333
2011/4/3,9:22:52,福島県浜通り,36°56.1′N,140°44.7′E,27 km,3.7,震度２,36.935,140.745
2011/4/3,9:23:04,秋田県内陸南部,39°34.2′N,140°32.0′E,7 km,3.4,震度３,39.57,140.5333333
2011/4/3,10:47:26,福島県浜通り,37°05.8′N,140°48.6′E,6 km,2.8,震度２,37.09666667,140.81
2011/4/3,10:54:09,福島県浜通り,37°05.6′N,140°48.5′E,6 km,4.1,震度３,37.09333333,140.8083333
2011/4/3,11:00:12,福島県浜通り,37°06.1′N,140°48.6′E,5 km,1.9,震度１,37.10166667,140.81
2011/4/3,11:15:17,千葉県東方沖,35°42.7′N,140°55.4′E,9 km,2.8,震度１,35.71166667,140.9233333
2011/4/3,11:32:19,宮城県沖,38°14.5′N,141°54.4′E,47 km,3.9,震度１,38.24166667,141.9066667
2011/4/3,11:49:30,茨城県南部,36°11.7′N,139°58.4′E,53 km,4.2,震度３,36.195,139.9733333
2011/4/3,11:54:50,福島県浜通り,37°05.3′N,140°47.9′E,5 km,2.4,震度１,37.08833333,140.7983333
2011/4/3,11:55:12,千葉県東方沖,35°42.6′N,140°54.9′E,8 km,3.4,震度２,35.71,140.915
2011/4/3,11:55:55,福島県沖,37°18.3′N,141°40.1′E,28 km,3.8,震度１,37.305,141.6683333
2011/4/3,11:56:30,宮城県沖,38°49.5′N,142°03.2′E,54 km,3.8,震度１,38.825,142.0533333
2011/4/3,12:09:06,福島県沖,36°49.2′N,142°14.8′E,20 km,5.1,震度２,36.82,142.2466667
2011/4/3,12:39:45,宮城県沖,38°17.8′N,142°07.1′E,41 km,4.1,震度２,38.29666667,142.1183333
2011/4/3,12:45:24,茨城県沖,36°30.1′N,140°49.5′E,50 km,3,震度１,36.50166667,140.825
2011/4/3,13:14:30,岩手県沖,39°42.1′N,142°07.2′E,48 km,3.6,震度１,39.70166667,142.12
2011/4/3,13:36:01,福島県浜通り,37°05.7′N,140°50.3′E,8 km,3.5,震度３,37.095,140.8383333
2011/4/3,14:40:20,宮城県沖,38°51.0′N,142°01.3′E,46 km,3.9,震度２,38.85,142.0216667
2011/4/3,15:10:19,茨城県南部,36°12.4′N,139°58.3′E,53 km,3.3,震度１,36.20666667,139.9716667
2011/4/3,15:23:22,福島県中通り,36°59.9′N,140°29.5′E,5 km,3.5,震度２,36.99833333,140.4916667
2011/4/3,15:26:43,宮城県沖,38°20.5′N,141°49.5′E,49 km,3.7,震度１,38.34166667,141.825
2011/4/3,15:27:46,千葉県東方沖,35°44.1′N,140°58.0′E,34 km,3.5,震度１,35.735,140.9666667
2011/4/3,16:37:56,福島県浜通り,37°05.9′N,140°47.8′E,5 km,1.9,震度１,37.09833333,140.7966667
2011/4/3,16:38:45,福島県沖,37°37.5′N,141°39.0′E,47 km,5.4,震度４,37.625,141.65
2011/4/3,16:48:33,茨城県沖,36°27.2′N,140°55.5′E,33 km,2.9,震度１,36.45333333,140.925
2011/4/3,16:51:03,茨城県沖,36°00.1′N,141°46.3′E,35 km,4.4,震度１,36.00166667,141.7716667
2011/4/3,16:53:07,福島県沖,37°40.7′N,141°35.9′E,46 km,4.3,震度２,37.67833333,141.5983333
2011/4/3,16:58:45,長野県北部,36°59.0′N,138°34.2′E,10 km,1.9,震度１,36.98333333,138.57
2011/4/3,17:11:25,福島県沖,37°01.4′N,141°39.6′E,47 km,3.9,震度１,37.02333333,141.66
2011/4/3,17:42:05,宮城県沖,38°28.7′N,142°05.3′E,34 km,4.1,震度２,38.47833333,142.0883333
2011/4/3,18:35:54,福島県沖,37°13.7′N,141°14.6′E,50 km,4,震度２,37.22833333,141.2433333
2011/4/3,19:40:36,岩手県沖,39°06.1′N,142°23.8′E,33 km,4,震度１,39.10166667,142.3966667
2011/4/3,20:57:14,茨城県沖,35°54.8′N,141°03.0′E,30 km,4.1,震度２,35.91333333,141.05
2011/4/3,21:10:41,茨城県北部,36°36.7′N,140°35.6′E,3 km,1.7,震度１,36.61166667,140.5933333
2011/4/3,21:20:45,宮城県沖,38°17.6′N,141°52.9′E,48 km,3.6,震度１,38.29333333,141.8816667
2011/4/3,21:57:39,福島県沖,37°15.8′N,141°24.1′E,48 km,4.6,震度４,37.26333333,141.4016667
2011/4/3,22:18:03,福島県沖,36°44.2′N,142°19.3′E,15 km,4.9,震度２,36.73666667,142.3216667
2011/4/3,23:14:45,岩手県沖,39°00.3′N,142°22.7′E,34 km,3.7,震度１,39.005,142.3783333
2011/4/3,23:20:57,茨城県北部,36°42.0′N,140°38.3′E,6 km,3.7,震度３,36.7,140.6383333
2011/4/3,23:38:16,茨城県沖,35°54.8′N,141°03.5′E,31 km,3.3,震度１,35.91333333,141.0583333
2011/4/3,23:53:24,宮城県沖,37°52.1′N,142°07.8′E,40 km,4.9,震度３,37.86833333,142.13
2011/4/3,23:55:27,宮城県沖,37°51.8′N,142°09.6′E,36 km,4.5,震度２,37.86333333,142.16
2011/4/4,0:40:47,宮城県沖,38°30.0′N,141°59.8′E,32 km,3.8,震度１,38.5,141.9966667
2011/4/4,1:47:12,長野県北部,36°56.0′N,138°35.2′E,6 km,2.4,震度１,36.93333333,138.5866667
2011/4/4,2:10:22,宮城県沖,38°17.6′N,141°48.2′E,49 km,3.9,震度１,38.29333333,141.8033333
2011/4/4,4:54:04,福島県中通り,37°12.7′N,140°24.6′E,11 km,2.4,震度１,37.21166667,140.41
2011/4/4,4:57:28,福島県会津,37°43.8′N,139°57.9′E,9 km,2.8,震度１,37.73,139.965
2011/4/4,5:34:05,千葉県北東部,35°42.0′N,140°52.2′E,11 km,3.2,震度１,35.7,140.87
2011/4/4,5:36:11,福島県中通り,36°59.8′N,140°33.7′E,4 km,3.2,震度１,36.99666667,140.5616667
2011/4/4,5:45:18,岩手県沖,39°03.8′N,142°23.0′E,31 km,3.6,震度１,39.06333333,142.3833333
2011/4/4,5:59:23,宮城県沖,38°45.6′N,142°04.8′E,36 km,3.3,震度１,38.76,142.08
2011/4/4,6:15:18,福島県沖,37°42.8′N,141°44.3′E,34 km,3.9,震度１,37.71333333,141.7383333
2011/4/4,7:12:29,茨城県沖,36°48.8′N,141°06.6′E,48 km,3.7,震度１,36.81333333,141.11
2011/4/4,7:34:42,茨城県北部,36°48.0′N,140°33.7′E,7 km,3.4,震度２,36.8,140.5616667
2011/4/4,8:17:28,国後島付近,43°54.3′N,145°45.4′E,117 km,3.7,震度１,43.905,145.7566667
2011/4/4,8:32:41,福島県沖,37°08.1′N,141°19.1′E,48 km,3.6,震度１,37.135,141.3183333
2011/4/4,8:33:02,千葉県北東部,35°43.0′N,140°41.7′E,47 km,3.3,震度１,35.71666667,140.695
2011/4/4,8:54:26,三陸沖,39°37.3′N,143°06.8′E,21 km,4.7,震度２,39.62166667,143.1133333
2011/4/4,10:19:56,新潟県中越地方,36°58.9′N,138°37.1′E,6 km,2.7,震度２,36.98166667,138.6183333
2011/4/4,10:40:07,茨城県沖,36°37.0′N,141°08.2′E,44 km,3.4,震度１,36.61666667,141.1366667
2011/4/4,11:13:21,宮城県沖,38°30.0′N,141°59.3′E,32 km,3.9,震度１,38.5,141.9883333
2011/4/4,12:05:59,茨城県沖,36°38.3′N,141°05.4′E,36 km,3.7,震度１,36.63833333,141.09
2011/4/4,12:25:32,福島県浜通り,37°05.6′N,140°48.4′E,5 km,2,震度１,37.09333333,140.8066667
2011/4/4,12:28:46,宮城県沖,38°10.4′N,141°40.6′E,52 km,3.7,震度２,38.17333333,141.6766667
2011/4/4,13:30:07,千葉県東方沖,35°19.5′N,141°10.4′E,37 km,4.3,震度１,35.325,141.1733333
2011/4/4,13:43:46,茨城県北部,36°53.9′N,140°38.3′E,5 km,4.3,震度２,36.89833333,140.6383333
2011/4/4,14:14:35,宮城県沖,38°35.3′N,142°02.5′E,26 km,3.5,震度１,38.58833333,142.0416667
2011/4/4,14:19:46,東京湾,35°34.7′N,139°59.7′E,19 km,2.6,震度１,35.57833333,139.995
2011/4/4,15:12:52,三陸沖,39°06.9′N,143°32.9′E,6 km,4.4,震度１,39.115,143.5483333
2011/4/4,15:32:12,福島県浜通り,37°06.6′N,140°51.3′E,7 km,2.3,震度１,37.11,140.855
2011/4/4,15:46:45,茨城県南部,36°15.3′N,140°03.5′E,55 km,3.4,震度１,36.255,140.0583333
2011/4/4,16:09:37,福島県会津,37°44.2′N,139°55.6′E,9 km,3,震度１,37.73666667,139.9266667
2011/4/4,16:21:33,福島県浜通り,37°06.1′N,140°48.3′E,8 km,2.1,震度１,37.10166667,140.805
2011/4/4,16:22:02,福島県浜通り,37°12.7′N,140°56.2′E,8 km,3.5,震度２,37.21166667,140.9366667
2011/4/4,16:44:01,宮城県沖,38°20.0′N,142°06.8′E,41 km,4.1,震度２,38.33333333,142.1133333
2011/4/4,17:10:32,宮城県沖,37°48.6′N,142°32.0′E,37 km,4.2,震度２,37.81,142.5333333
2011/4/4,17:36:03,茨城県沖,36°32.6′N,140°47.3′E,52 km,3.3,震度１,36.54333333,140.7883333
2011/4/4,17:38:21,宮城県沖,37°48.7′N,142°34.5′E,40 km,5,震度２,37.81166667,142.575
2011/4/4,17:42:30,宮城県沖,37°48.6′N,142°32.6′E,38 km,4.8,震度３,37.81,142.5433333
2011/4/4,17:50:08,宮城県沖,37°50.3′N,142°32.4′E,43 km,4.3,震度２,37.83833333,142.54
2011/4/4,17:55:50,福島県沖,37°23.3′N,141°19.7′E,30 km,3.6,震度２,37.38833333,141.3283333
2011/4/4,18:29:29,福島県沖,37°13.0′N,141°17.7′E,35 km,4,震度２,37.21666667,141.295
2011/4/4,18:39:08,福島県沖,37°04.4′N,142°00.9′E,29 km,5.2,震度１,37.07333333,142.015
2011/4/4,19:34:34,茨城県北部,36°20.7′N,140°34.8′E,50 km,3.3,震度１,36.345,140.58
2011/4/4,19:35:47,宮城県沖,38°28.6′N,142°07.0′E,38 km,3.7,震度１,38.47666667,142.1166667
2011/4/4,19:37:26,宮城県沖,38°09.3′N,141°41.4′E,50 km,4.2,震度２,38.155,141.69
2011/4/4,20:46:25,茨城県南部,36°08.1′N,140°00.7′E,49 km,4.1,震度３,36.135,140.0116667
2011/4/4,21:57:01,福島県沖,37°06.6′N,141°08.0′E,50 km,3.6,震度２,37.11,141.1333333
2011/4/4,22:06:28,茨城県北部,36°39.1′N,140°35.7′E,6 km,2.1,震度１,36.65166667,140.595
2011/4/4,22:07:24,茨城県北部,36°38.7′N,140°36.2′E,6 km,1.8,震度１,36.645,140.6033333
2011/4/4,22:11:27,三陸沖,39°07.7′N,142°57.8′E,21 km,4.8,震度１,39.12833333,142.9633333
2011/4/4,22:17:45,茨城県沖,36°45.1′N,141°03.6′E,28 km,3.9,震度２,36.75166667,141.06
2011/4/4,23:38:47,福島県浜通り,37°05.7′N,140°47.9′E,7 km,2.5,震度１,37.095,140.7983333
2011/4/5,0:36:25,茨城県北部,36°40.2′N,140°36.4′E,4 km,2.5,震度１,36.67,140.6066667
2011/4/5,0:47:06,福島県沖,37°35.8′N,141°29.5′E,47 km,4,震度２,37.59666667,141.4916667
2011/4/5,1:01:11,山形県村山地方,38°12.9′N,140°13.3′E,10 km,2.6,震度１,38.215,140.2216667
2011/4/5,1:04:10,長野県北部,36°57.2′N,138°33.3′E,7 km,1.7,震度１,36.95333333,138.555
2011/4/5,1:56:20,茨城県北部,36°43.7′N,140°39.2′E,7 km,2.9,震度１,36.72833333,140.6533333
2011/4/5,2:27:05,岩手県沖,39°12.4′N,142°26.7′E,32 km,3.6,震度１,39.20666667,142.445
2011/4/5,2:27:40,茨城県北部,36°44.0′N,140°35.5′E,6 km,2.2,震度１,36.73333333,140.5916667
2011/4/5,2:45:03,茨城県北部,36°49.3′N,140°31.7′E,5 km,3.4,震度１,36.82166667,140.5283333
2011/4/5,3:46:36,茨城県沖,35°57.8′N,141°09.3′E,25 km,3.9,震度１,35.96333333,141.155
2011/4/5,3:46:37,宮城県沖,38°49.0′N,142°03.3′E,38 km,3.1,震度１,38.81666667,142.055
2011/4/5,4:14:35,宮城県沖,38°48.4′N,142°00.0′E,41 km,3.8,震度３,38.80666667,142
2011/4/5,4:30:25,千葉県北西部,35°48.4′N,140°07.4′E,67 km,3.9,震度２,35.80666667,140.1233333
2011/4/5,4:34:14,福島県沖,37°47.1′N,141°37.4′E,54 km,3.9,震度１,37.785,141.6233333
2011/4/5,4:50:02,茨城県北部,36°43.2′N,140°37.8′E,4 km,3.8,震度２,36.72,140.63
2011/4/5,4:52:22,茨城県北部,36°42.6′N,140°37.7′E,6 km,2.5,震度１,36.71,140.6283333
2011/4/5,4:53:15,茨城県沖,35°53.7′N,140°51.4′E,39 km,3.7,震度１,35.895,140.8566667
2011/4/5,4:54:55,茨城県北部,36°43.2′N,140°37.9′E,5 km,3.1,震度１,36.72,140.6316667
2011/4/5,5:20:29,茨城県南部,36°08.7′N,140°05.0′E,49 km,2.9,震度１,36.145,140.0833333
2011/4/5,5:33:48,静岡県東部,35°13.5′N,138°41.2′E,10 km,2.1,震度１,35.225,138.6866667
2011/4/5,5:43:57,茨城県沖,36°18.1′N,140°54.9′E,41 km,4.3,震度４,36.30166667,140.915
2011/4/5,6:37:01,茨城県北部,36°43.2′N,140°37.5′E,5 km,3.8,震度２,36.72,140.625
2011/4/5,6:52:56,宮城県沖,38°18.7′N,141°51.8′E,49 km,4.1,震度２,38.31166667,141.8633333
2011/4/5,7:45:16,福島県浜通り,37°02.9′N,140°44.0′E,8 km,2.6,震度１,37.04833333,140.7333333
2011/4/5,8:06:29,茨城県沖,36°33.3′N,140°51.2′E,51 km,3.1,震度１,36.555,140.8533333
2011/4/5,10:29:11,岩手県沖,39°40.3′N,142°08.4′E,48 km,4.7,震度３,39.67166667,142.14
2011/4/5,10:57:01,茨城県沖,36°38.8′N,140°44.8′E,16 km,2.7,震度１,36.64666667,140.7466667
2011/4/5,11:38:18,茨城県北部,36°25.8′N,140°36.1′E,53 km,3.1,震度１,36.43,140.6016667
2011/4/5,11:52:17,福島県浜通り,37°05.5′N,140°48.7′E,5 km,2.2,震度１,37.09166667,140.8116667
2011/4/5,11:57:14,宮城県沖,38°11.4′N,141°41.7′E,58 km,4.1,震度２,38.19,141.695
2011/4/5,13:18:15,福島県会津,37°46.5′N,139°56.6′E,9 km,2.6,震度１,37.775,139.9433333
2011/4/5,13:25:28,宮城県沖,38°53.9′N,142°32.7′E,42 km,4.6,震度３,38.89833333,142.545
2011/4/5,13:32:29,茨城県南部,36°07.8′N,140°01.7′E,49 km,3.8,震度３,36.13,140.0283333
2011/4/5,13:54:09,茨城県南部,36°01.8′N,139°55.4′E,31 km,3.1,震度１,36.03,139.9233333
2011/4/5,15:28:20,茨城県沖,36°42.5′N,140°58.4′E,49 km,3,震度１,36.70833333,140.9733333
2011/4/5,15:34:10,福島県沖,37°00.1′N,141°10.3′E,32 km,4,震度２,37.00166667,141.1716667
2011/4/5,15:56:07,福島県沖,37°13.0′N,141°18.6′E,27 km,2.7,震度１,37.21666667,141.31
2011/4/5,17:47:29,宮城県沖,38°32.7′N,141°45.2′E,49 km,3.4,震度１,38.545,141.7533333
2011/4/5,18:07:37,茨城県北部,36°48.4′N,140°34.0′E,7 km,2.9,震度１,36.80666667,140.5666667
2011/4/5,18:08:49,茨城県北部,36°48.4′N,140°33.9′E,7 km,4.4,震度３,36.80666667,140.565
2011/4/5,18:30:03,茨城県北部,36°46.8′N,140°33.9′E,7 km,3.4,震度２,36.78,140.565
2011/4/5,18:31:23,茨城県北部,36°46.9′N,140°33.7′E,7 km,3.6,震度２,36.78166667,140.5616667
2011/4/5,19:11:52,福島県浜通り,37°07.7′N,140°52.4′E,8 km,2.8,震度１,37.12833333,140.8733333
2011/4/5,19:29:46,茨城県沖,36°12.6′N,140°53.9′E,46 km,3.1,震度１,36.21,140.8983333
2011/4/5,20:00:00,宮城県沖,38°24.9′N,142°13.1′E,36 km,4,震度１,38.415,142.2183333
2011/4/5,20:12:26,千葉県東方沖,35°44.2′N,140°55.2′E,9 km,2.9,震度１,35.73666667,140.92
2011/4/5,20:55:17,福島県沖,37°18.2′N,141°14.9′E,50 km,3.4,震度２,37.30333333,141.2483333
2011/4/5,21:11:49,新潟県下越地方,38°00.1′N,139°39.4′E,11 km,2.6,震度１,38.00166667,139.6566667
2011/4/5,21:31:28,茨城県北部,36°43.9′N,140°35.3′E,7 km,2.6,震度１,36.73166667,140.5883333
2011/4/5,21:44:07,千葉県東方沖,35°42.3′N,140°57.6′E,9 km,3.5,震度１,35.705,140.96
2011/4/5,22:09:14,宮城県沖,38°02.2′N,141°40.4′E,48 km,3.7,震度１,38.03666667,141.6733333
2011/4/5,23:41:38,千葉県東方沖,35°42.2′N,140°59.1′E,10 km,4.6,震度３,35.70333333,140.985
2011/4/5,23:55:59,福島県中通り,37°01.1′N,140°32.4′E,5 km,2.9,震度１,37.01833333,140.54
2011/4/6,0:01:24,岩手県沖,39°16.9′N,142°14.7′E,43 km,4.2,震度２,39.28166667,142.245
2011/4/6,0:01:54,トカラ列島近海,29°05.9′N,129°30.8′E,25 km,3.3,震度１,29.09833333,129.5133333
2011/4/6,0:50:23,宮城県沖,38°31.9′N,141°48.5′E,51 km,3.7,震度２,38.53166667,141.8083333
2011/4/6,2:10:03,千葉県東方沖,35°41.4′N,140°50.4′E,27 km,2.8,震度１,35.69,140.84
2011/4/6,3:13:07,福島県沖,37°05.6′N,141°04.2′E,55 km,3.9,震度２,37.09333333,141.07
2011/4/6,4:04:46,茨城県北部,36°42.2′N,140°35.5′E,8 km,3.1,震度２,36.70333333,140.5916667
2011/4/6,4:11:44,宮城県沖,38°36.4′N,142°24.3′E,33 km,4.2,震度１,38.60666667,142.405
2011/4/6,4:43:39,岩手県沖,39°43.9′N,142°15.2′E,44 km,4.3,震度２,39.73166667,142.2533333
2011/4/6,5:07:58,福島県浜通り,37°05.8′N,140°49.3′E,4 km,1.7,震度１,37.09666667,140.8216667
2011/4/6,5:19:24,宮城県沖,38°46.0′N,142°00.7′E,48 km,3.6,震度１,38.76666667,142.0116667
2011/4/6,5:52:56,福島県浜通り,37°05.9′N,140°49.3′E,4 km,1.6,震度１,37.09833333,140.8216667
2011/4/6,6:24:00,茨城県沖,36°18.5′N,140°56.5′E,41 km,4.4,震度３,36.30833333,140.9416667
2011/4/6,7:01:58,宮城県沖,38°24.0′N,142°18.6′E,27 km,5,震度３,38.4,142.31
2011/4/6,7:31:31,トカラ列島近海,29°07.2′N,129°26.5′E,34 km,3.5,震度２,29.12,129.4416667
2011/4/6,7:37:12,トカラ列島近海,29°05.0′N,129°31.7′E,20 km,2.9,震度１,29.08333333,129.5283333
2011/4/6,7:54:26,岩手県沖,39°11.4′N,142°24.2′E,32 km,4.2,震度１,39.19,142.4033333
2011/4/6,8:21:49,茨城県沖,36°19.9′N,140°51.9′E,37 km,3.2,震度１,36.33166667,140.865
2011/4/6,9:04:08,新潟県中越地方,37°02.5′N,138°45.1′E,6 km,2.2,震度３,37.04166667,138.7516667
2011/4/6,9:08:37,福島県浜通り,37°05.9′N,140°49.5′E,7 km,2.6,震度１,37.09833333,140.825
2011/4/6,9:22:48,福島県沖,36°56.6′N,141°07.6′E,50 km,3.4,震度２,36.94333333,141.1266667
2011/4/6,12:27:54,宮城県沖,38°47.8′N,142°04.6′E,36 km,3.9,震度２,38.79666667,142.0766667
2011/4/6,13:39:49,茨城県北部,36°30.9′N,140°34.3′E,58 km,3.3,震度２,36.515,140.5716667
2011/4/6,14:31:22,宮城県沖,38°15.2′N,141°46.9′E,50 km,4.1,震度１,38.25333333,141.7816667
2011/4/6,14:54:22,宮城県沖,38°23.9′N,142°17.7′E,31 km,4.5,震度２,38.39833333,142.295
2011/4/6,15:06:54,福島県沖,37°19.2′N,142°29.6′E,0 km,4.8,震度１,37.32,142.4933333
2011/4/6,15:14:25,岩手県沖,39°33.4′N,142°44.9′E,17 km,4.4,震度１,39.55666667,142.7483333
2011/4/6,15:17:42,栃木県北部,36°53.4′N,139°24.6′E,4 km,2.9,震度２,36.89,139.41
2011/4/6,16:10:13,福島県浜通り,37°04.8′N,140°48.2′E,4 km,3.2,震度２,37.08,140.8033333
2011/4/6,16:11:27,茨城県北部,36°42.0′N,140°38.5′E,5 km,3.2,震度２,36.7,140.6416667
2011/4/6,16:12:59,福島県沖,37°21.9′N,141°49.5′E,40 km,4,震度１,37.365,141.825
2011/4/6,16:16:37,秋田県沖,39°52.1′N,139°39.1′E,11 km,3.4,震度１,39.86833333,139.6516667
2011/4/6,16:54:17,宮城県沖,38°36.3′N,142°09.4′E,39 km,4,震度１,38.605,142.1566667
2011/4/6,17:36:42,茨城県南部,36°03.5′N,140°25.7′E,32 km,2.8,震度１,36.05833333,140.4283333
2011/4/6,19:09:25,茨城県南部,35°53.2′N,140°42.8′E,18 km,4.1,震度３,35.88666667,140.7133333
2011/4/6,19:44:56,宮城県沖,38°56.2′N,142°21.7′E,32 km,3.5,震度１,38.93666667,142.3616667
2011/4/6,19:47:56,宮城県沖,38°56.8′N,142°21.9′E,39 km,3.9,震度１,38.94666667,142.365
2011/4/6,20:30:57,福島県浜通り,37°05.1′N,140°48.6′E,3 km,2.4,震度１,37.085,140.81
2011/4/6,20:48:56,福島県中通り,37°02.9′N,140°18.9′E,12 km,3.8,震度３,37.04833333,140.315
2011/4/6,21:21:51,福島県沖,37°31.3′N,141°26.9′E,47 km,3.7,震度１,37.52166667,141.4483333
2011/4/6,21:37:16,宮城県北部,38°37.4′N,141°17.5′E,17 km,2.9,震度１,38.62333333,141.2916667
2011/4/6,21:56:50,茨城県北部,36°44.0′N,140°36.1′E,7 km,4.9,震度４,36.73333333,140.6016667
2011/4/6,22:24:43,茨城県北部,36°38.2′N,140°34.6′E,5 km,2.4,震度１,36.63666667,140.5766667
2011/4/6,22:41:10,茨城県北部,36°43.4′N,140°37.2′E,6 km,2.8,震度１,36.72333333,140.62
2011/4/6,22:54:51,福島県沖,37°38.0′N,141°34.3′E,46 km,5.3,震度４,37.63333333,141.5716667
2011/4/7,0:36:24,宮城県沖,38°52.0′N,142°01.5′E,47 km,3.3,震度１,38.86666667,142.025
2011/4/7,0:56:30,福島県沖,37°03.0′N,141°11.3′E,50 km,3.9,震度２,37.05,141.1883333
2011/4/7,1:25:40,宮城県沖,38°23.2′N,142°08.6′E,39 km,4.5,震度３,38.38666667,142.1433333
2011/4/7,1:43:58,福島県浜通り,37°06.2′N,140°48.4′E,6 km,2.2,震度１,37.10333333,140.8066667
2011/4/7,2:14:00,西表島付近,24°17.3′N,123°30.3′E,45 km,3.7,震度１,24.28833333,123.505
2011/4/7,2:55:19,福島県中通り,36°52.9′N,140°31.0′E,5 km,3.5,震度２,36.88166667,140.5166667
2011/4/7,4:20:12,三陸沖,39°19.6′N,143°53.8′E,0 km,4.9,震度１,39.32666667,143.8966667
2011/4/7,5:16:25,福島県浜通り,37°06.0′N,140°51.2′E,7 km,2.4,震度１,37.1,140.8533333
2011/4/7,5:56:46,福島県浜通り,37°05.8′N,140°48.3′E,7 km,2.9,震度２,37.09666667,140.805
2011/4/7,6:29:03,茨城県沖,36°32.1′N,140°55.6′E,31 km,3.2,震度１,36.535,140.9266667
2011/4/7,7:16:45,茨城県沖,36°27.1′N,140°37.0′E,56 km,3.1,震度１,36.45166667,140.6166667
2011/4/7,7:18:18,栃木県北部,36°38.4′N,139°26.5′E,4 km,2.4,震度２,36.64,139.4416667
2011/4/7,7:25:35,宮城県沖,37°54.7′N,141°39.9′E,48 km,4.2,震度２,37.91166667,141.665
2011/4/7,7:55:27,東京湾,35°34.1′N,139°55.7′E,19 km,2.9,震度１,35.56833333,139.9283333
2011/4/7,8:01:42,福島県会津,36°56.8′N,139°25.7′E,5 km,2.8,震度１,36.94666667,139.4283333
2011/4/7,8:30:12,福島県沖,36°55.1′N,141°05.4′E,50 km,3,震度１,36.91833333,141.09
2011/4/7,8:49:31,福島県沖,37°22.5′N,141°33.6′E,32 km,4.2,震度２,37.375,141.56
2011/4/7,10:12:04,福島県沖,37°25.2′N,141°31.8′E,42 km,3.6,震度１,37.42,141.53
2011/4/7,11:01:29,福島県会津,37°43.8′N,139°58.1′E,9 km,2.8,震度１,37.73,139.9683333
2011/4/7,11:11:32,福島県沖,37°17.5′N,141°24.6′E,44 km,3.6,震度２,37.29166667,141.41
2011/4/7,11:19:41,長崎県南西部,32°50.7′N,130°07.5′E,13 km,2,震度１,32.845,130.125
2011/4/7,11:34:28,茨城県北部,36°42.8′N,140°38.1′E,4 km,2.2,震度１,36.71333333,140.635
2011/4/7,11:40:47,茨城県沖,36°32.4′N,140°53.4′E,51 km,4.9,震度４,36.54,140.89
2011/4/7,12:16:12,新島・神津島近海,34°13.2′N,139°08.6′E,11 km,2.1,震度１,34.22,139.1433333
2011/4/7,14:26:43,宮城県沖,38°32.4′N,141°43.6′E,54 km,3.3,震度１,38.54,141.7266667
2011/4/7,14:52:44,福島県沖,37°11.8′N,141°24.1′E,48 km,3.4,震度２,37.19666667,141.4016667
2011/4/7,15:04:46,茨城県北部,36°40.6′N,140°35.4′E,5 km,3.6,震度２,36.67666667,140.59
2011/4/7,15:34:21,宮城県沖,37°50.8′N,142°31.8′E,16 km,4.4,震度２,37.84666667,142.53
2011/4/7,15:47:59,福島県沖,37°27.2′N,141°42.2′E,26 km,4.1,震度１,37.45333333,141.7033333
2011/4/7,16:26:52,千葉県北東部,35°36.3′N,140°23.2′E,26 km,3,震度１,35.605,140.3866667
2011/4/7,17:25:04,福島県沖,37°37.9′N,141°53.4′E,24 km,4.3,震度１,37.63166667,141.89
2011/4/7,19:52:14,千葉県北東部,35°44.4′N,140°36.5′E,48 km,3.9,震度３,35.74,140.6083333
2011/4/7,20:36:03,千葉県東方沖,35°51.9′N,140°51.0′E,38 km,4.1,震度１,35.865,140.85
2011/4/7,20:47:25,宮城県沖,38°20.2′N,142°05.0′E,32 km,4,震度１,38.33666667,142.0833333
2011/4/7,20:48:21,岩手県沖,39°06.4′N,142°22.2′E,31 km,4.4,震度２,39.10666667,142.37
2011/4/7,21:03:46,岩手県沿岸南部,39°11.7′N,141°51.9′E,57 km,3.6,震度１,39.195,141.865
2011/4/7,21:10:33,宮城県沖,38°27.1′N,142°13.7′E,28 km,4,震度１,38.45166667,142.2283333
2011/4/7,22:08:44,宮城県沖,38°39.9′N,142°06.7′E,42 km,3.8,震度１,38.665,142.1116667
2011/4/7,22:46:25,茨城県沖,36°37.5′N,141°09.7′E,34 km,3.9,震度２,36.625,141.1616667
2011/4/7,23:32:43,宮城県沖,38°12.2′N,141°55.2′E,66 km,7.2,震度６強,38.20333333,141.92
2011/4/7,23:36:40,宮城県沖,38°22.5′N,141°55.3′E,58 km,4.5,震度２,38.375,141.9216667
2011/4/7,23:37:53,宮城県沖,38°26.9′N,141°57.1′E,57 km,4.5,震度２,38.44833333,141.9516667
2011/4/7,23:38:20,宮城県沖,38°20.9′N,141°53.0′E,63 km,4.2,震度１,38.34833333,141.8833333
2011/4/7,23:40:24,宮城県沖,38°14.2′N,141°53.9′E,65 km,4.7,震度２,38.23666667,141.8983333
2011/4/7,23:41:23,宮城県沖,38°15.6′N,141°51.8′E,61 km,4.1,震度１,38.26,141.8633333
2011/4/7,23:45:06,宮城県沖,38°20.4′N,141°52.3′E,64 km,3.5,震度１,38.34,141.8716667
2011/4/7,23:46:25,宮城県沖,38°15.2′N,141°50.4′E,57 km,4.2,震度２,38.25333333,141.84
2011/4/7,23:47:23,宮城県沖,38°18.1′N,141°55.2′E,58 km,4.8,震度２,38.30166667,141.92
2011/4/7,23:49:35,宮城県沖,38°08.5′N,141°49.0′E,59 km,4.6,震度３,38.14166667,141.8166667
2011/4/7,23:51:39,宮城県沖,38°22.9′N,141°51.5′E,60 km,4.2,震度２,38.38166667,141.8583333
2011/4/7,23:53:14,宮城県沖,38°21.5′N,141°54.2′E,59 km,4.6,震度２,38.35833333,141.9033333
2011/4/7,23:57:51,宮城県沖,38°27.9′N,141°56.4′E,58 km,3.6,震度１,38.465,141.94
2011/4/7,23:58:20,宮城県沖,38°19.3′N,141°53.4′E,64 km,4,震度１,38.32166667,141.89
2011/4/7,23:59:18,宮城県沖,38°23.9′N,141°50.9′E,51 km,3.9,震度１,38.39833333,141.8483333
2011/4/8,0:01:04,宮城県沖,38°17.8′N,141°52.0′E,63 km,4.4,震度２,38.29666667,141.8666667
2011/4/8,0:03:01,宮城県沖,38°23.5′N,141°54.2′E,62 km,3.3,震度１,38.39166667,141.9033333
2011/4/8,0:06:48,宮城県沖,38°23.0′N,141°51.0′E,64 km,4.3,震度２,38.38333333,141.85
2011/4/8,0:14:56,茨城県沖,36°34.6′N,141°09.3′E,32 km,3.8,震度２,36.57666667,141.155
2011/4/8,0:14:58,宮城県沖,38°14.8′N,141°48.4′E,58 km,4.2,震度１,38.24666667,141.8066667
2011/4/8,0:25:13,宮城県沖,38°12.2′N,141°51.1′E,63 km,4.5,震度２,38.20333333,141.8516667
2011/4/8,0:31:29,宮城県沖,38°18.8′N,141°53.9′E,58 km,4.2,震度２,38.31333333,141.8983333
2011/4/8,0:33:49,宮城県沖,38°24.5′N,141°51.3′E,55 km,3.5,震度１,38.40833333,141.855
2011/4/8,0:46:06,宮城県沖,38°12.7′N,141°53.9′E,56 km,3.4,震度１,38.21166667,141.8983333
2011/4/8,1:31:22,福島県沖,37°32.3′N,141°52.5′E,14 km,3.4,震度１,37.53833333,141.875
2011/4/8,1:31:35,宮城県沖,38°24.3′N,141°52.4′E,52 km,3.9,震度１,38.405,141.8733333
2011/4/8,1:36:04,宮城県沖,38°24.1′N,141°50.4′E,55 km,3.4,震度１,38.40166667,141.84
2011/4/8,1:40:07,宮城県沖,38°24.3′N,141°59.7′E,57 km,4,震度２,38.405,141.995
2011/4/8,1:44:22,宮城県沖,38°26.4′N,141°52.4′E,56 km,3.7,震度１,38.44,141.8733333
2011/4/8,2:11:26,宮城県沖,38°17.5′N,141°53.0′E,61 km,3.4,震度１,38.29166667,141.8833333
2011/4/8,2:11:46,宮城県沖,38°23.2′N,141°52.7′E,53 km,4.2,震度２,38.38666667,141.8783333
2011/4/8,2:24:52,宮城県沖,38°24.9′N,141°52.2′E,57 km,4.2,震度１,38.415,141.87
2011/4/8,2:42:19,宮城県沖,38°13.8′N,141°54.7′E,59 km,4.1,震度１,38.23,141.9116667
2011/4/8,2:55:55,茨城県北部,36°42.0′N,140°38.6′E,5 km,2.8,震度１,36.7,140.6433333
2011/4/8,3:10:00,宮城県沖,38°25.5′N,141°52.0′E,52 km,4,震度１,38.425,141.8666667
2011/4/8,3:35:24,宮城県沖,38°18.2′N,141°39.5′E,59 km,3.9,震度２,38.30333333,141.6583333
2011/4/8,3:43:10,福島県浜通り,37°05.6′N,140°48.4′E,7 km,3,震度２,37.09333333,140.8066667
2011/4/8,3:52:04,茨城県沖,36°04.2′N,141°07.5′E,40 km,3.6,震度１,36.07,141.125
2011/4/8,4:01:02,宮城県沖,38°30.0′N,142°05.4′E,36 km,4,震度１,38.5,142.09
2011/4/8,4:06:14,千葉県東方沖,35°43.6′N,140°54.9′E,10 km,2.8,震度１,35.72666667,140.915
2011/4/8,4:11:10,福島県沖,36°42.9′N,142°10.7′E,29 km,4.5,震度１,36.715,142.1783333
2011/4/8,4:14:18,宮城県沖,38°16.3′N,141°50.2′E,59 km,4.1,震度１,38.27166667,141.8366667
2011/4/8,4:34:01,宮城県沖,38°24.5′N,142°19.0′E,32 km,4,震度１,38.40833333,142.3166667
2011/4/8,4:43:02,宮城県沖,38°14.7′N,141°51.0′E,55 km,4,震度１,38.245,141.85
2011/4/8,4:46:11,茨城県南部,36°03.1′N,139°55.9′E,44 km,3.8,震度２,36.05166667,139.9316667
2011/4/8,4:46:50,茨城県南部,36°02.3′N,139°55.9′E,43 km,3.4,震度１,36.03833333,139.9316667
2011/4/8,4:53:09,宮城県沖,38°13.6′N,141°52.8′E,63 km,4,震度１,38.22666667,141.88
2011/4/8,5:17:39,福島県沖,37°30.6′N,141°28.1′E,42 km,4.1,震度２,37.51,141.4683333
2011/4/8,5:22:12,宮城県沖,38°52.8′N,141°57.7′E,53 km,3.2,震度１,38.88,141.9616667
2011/4/8,5:41:02,宮城県沖,38°17.0′N,141°54.7′E,61 km,3.9,震度１,38.28333333,141.9116667
2011/4/8,5:47:13,福島県沖,37°06.4′N,141°06.1′E,53 km,4.3,震度３,37.10666667,141.1016667
2011/4/8,6:31:50,宮城県沖,38°26.6′N,142°14.7′E,30 km,2.8,震度１,38.44333333,142.245
2011/4/8,6:42:53,宮城県沖,38°24.4′N,141°54.3′E,61 km,3.9,震度２,38.40666667,141.905
2011/4/8,6:55:27,宮城県沖,38°24.0′N,141°54.7′E,58 km,4.1,震度１,38.4,141.9116667
2011/4/8,6:57:48,宮城県沖,38°10.6′N,141°52.9′E,56 km,3.9,震度２,38.17666667,141.8816667
2011/4/8,7:02:15,三陸沖,39°06.2′N,143°01.3′E,8 km,5,震度２,39.10333333,143.0216667
2011/4/8,7:33:07,宮城県沖,38°36.9′N,141°55.1′E,50 km,3.7,震度１,38.615,141.9183333
2011/4/8,8:07:08,宮城県沖,38°26.7′N,141°53.0′E,57 km,3.8,震度１,38.445,141.8833333
2011/4/8,8:07:49,千葉県東方沖,35°33.5′N,141°02.4′E,36 km,3.9,震度１,35.55833333,141.04
2011/4/8,8:39:27,宮城県沖,38°54.7′N,141°54.6′E,55 km,4.1,震度３,38.91166667,141.91
2011/4/8,9:11:17,岩手県沖,39°10.5′N,142°21.9′E,27 km,4,震度１,39.175,142.365
2011/4/8,9:28:52,宮城県沖,38°25.0′N,141°59.0′E,60 km,4.2,震度２,38.41666667,141.9833333
2011/4/8,9:32:54,宮城県沖,38°46.7′N,142°25.8′E,31 km,3.6,震度１,38.77833333,142.43
2011/4/8,9:56:19,福島県沖,36°42.8′N,142°16.5′E,17 km,4.7,震度１,36.71333333,142.275
2011/4/8,10:12:06,茨城県北部,36°42.4′N,140°33.2′E,12 km,3.7,震度２,36.70666667,140.5533333
2011/4/8,10:24:02,茨城県北部,36°42.0′N,140°38.3′E,6 km,3.1,震度２,36.7,140.6383333
2011/4/8,10:40:41,茨城県北部,36°38.3′N,140°36.5′E,5 km,2.6,震度１,36.63833333,140.6083333
2011/4/8,10:42:08,福島県浜通り,37°08.1′N,140°52.1′E,6 km,3,震度１,37.135,140.8683333
2011/4/8,11:21:09,宮城県沖,38°18.3′N,141°53.0′E,60 km,4.2,震度２,38.305,141.8833333
2011/4/8,11:24:39,宮城県沖,38°15.1′N,141°53.5′E,62 km,4,震度１,38.25166667,141.8916667
2011/4/8,11:57:20,茨城県沖,36°46.4′N,141°10.0′E,44 km,4.7,震度３,36.77333333,141.1666667
2011/4/8,12:00:06,福島県沖,37°06.2′N,141°07.6′E,52 km,4.1,震度２,37.10333333,141.1266667
2011/4/8,12:34:10,宮城県沖,38°23.1′N,141°55.0′E,58 km,3.7,震度１,38.385,141.9166667
2011/4/8,12:50:04,岩手県沖,39°11.6′N,142°22.6′E,11 km,4.1,震度１,39.19333333,142.3766667
2011/4/8,12:55:07,福島県沖,37°19.2′N,141°07.3′E,29 km,3.2,震度１,37.32,141.1216667
2011/4/8,13:23:02,熊本県熊本地方,32°50.5′N,130°46.4′E,13 km,2.5,震度１,32.84166667,130.7733333
2011/4/8,14:03:52,福島県浜通り,37°08.0′N,140°51.6′E,6 km,3.4,震度２,37.13333333,140.86
2011/4/8,14:11:00,宮城県沖,38°15.6′N,142°07.5′E,32 km,3.9,震度１,38.26,142.125
2011/4/8,14:42:12,福島県中通り,37°00.9′N,140°29.5′E,4 km,2.6,震度１,37.015,140.4916667
2011/4/8,15:14:34,宮城県沖,38°13.7′N,141°48.3′E,57 km,3.8,震度２,38.22833333,141.805
2011/4/8,16:04:32,茨城県北部,36°42.6′N,140°37.8′E,5 km,3.3,震度２,36.71,140.63
2011/4/8,16:42:28,宮城県沖,38°15.0′N,141°51.4′E,64 km,3.8,震度２,38.25,141.8566667
2011/4/8,17:03:26,宮城県沖,38°50.1′N,142°05.1′E,40 km,3.8,震度１,38.835,142.085
2011/4/8,17:53:36,福島県浜通り,37°07.8′N,140°50.8′E,6 km,2.3,震度１,37.13,140.8466667
2011/4/8,18:40:04,長野県南部,35°55.3′N,138°01.6′E,9 km,3.6,震度２,35.92166667,138.0266667
2011/4/8,19:18:29,長野県北部,36°57.1′N,138°35.5′E,4 km,0.8,震度１,36.95166667,138.5916667
2011/4/8,19:33:17,福島県沖,36°52.6′N,141°03.5′E,50 km,3.8,震度２,36.87666667,141.0583333
2011/4/8,19:58:55,長野県北部,36°46.6′N,138°33.0′E,1 km,2,震度１,36.77666667,138.55
2011/4/8,20:07:22,宮城県沖,38°23.1′N,141°45.5′E,58 km,3.7,震度１,38.385,141.7583333
2011/4/8,20:09:18,宮城県沖,38°19.4′N,141°53.3′E,63 km,4,震度１,38.32333333,141.8883333
2011/4/8,20:53:04,宮城県沖,38°34.2′N,142°06.7′E,34 km,3.8,震度１,38.57,142.1116667
2011/4/8,21:21:20,福島県中通り,36°54.6′N,140°30.9′E,4 km,3.1,震度１,36.91,140.515
2011/4/8,21:46:50,福島県沖,37°37.9′N,141°55.2′E,40 km,4.1,震度２,37.63166667,141.92
2011/4/8,21:58:27,宮城県沖,38°24.2′N,141°46.9′E,58 km,3.9,震度１,38.40333333,141.7816667
2011/4/8,22:20:26,宮城県沖,37°53.4′N,142°18.6′E,26 km,4.2,震度１,37.89,142.31
2011/4/9,0:05:15,福島県沖,36°57.2′N,141°03.0′E,50 km,3.7,震度１,36.95333333,141.05
2011/4/9,0:39:40,福島県沖,36°53.0′N,141°04.0′E,50 km,4.2,震度３,36.88333333,141.0666667
2011/4/9,2:00:41,宮城県沖,38°18.8′N,141°52.7′E,65 km,3.6,震度１,38.31333333,141.8783333
2011/4/9,3:14:55,福島県沖,37°16.7′N,141°24.3′E,47 km,3.1,震度１,37.27833333,141.405
2011/4/9,3:42:29,北海道東方沖,43°32.3′N,147°32.0′E,34 km,5.2,震度２,43.53833333,147.5333333
2011/4/9,3:53:33,福島県中通り,36°56.5′N,140°32.1′E,5 km,3.9,震度２,36.94166667,140.535
2011/4/9,3:56:57,茨城県南部,36°11.1′N,140°00.8′E,52 km,4.1,震度３,36.185,140.0133333
2011/4/9,4:06:57,福島県沖,37°15.6′N,141°39.1′E,27 km,4.2,震度１,37.26,141.6516667
2011/4/9,4:51:13,福島県浜通り,37°06.1′N,140°48.7′E,7 km,2.5,震度１,37.10166667,140.8116667
2011/4/9,5:33:02,茨城県北部,36°43.9′N,140°35.7′E,8 km,2.8,震度１,36.73166667,140.595
2011/4/9,5:58:27,鹿児島県薩摩地方,31°56.8′N,130°49.2′E,0 km,1.7,震度１,31.94666667,130.82
2011/4/9,6:16:11,福島県沖,36°53.9′N,141°03.4′E,50 km,3.5,震度１,36.89833333,141.0566667
2011/4/9,6:30:12,群馬県北部,36°48.0′N,139°18.4′E,6 km,3.4,震度３,36.8,139.3066667
2011/4/9,7:09:23,福島県沖,37°12.2′N,141°24.7′E,47 km,3.7,震度１,37.20333333,141.4116667
2011/4/9,7:40:42,鹿児島県薩摩地方,31°56.8′N,130°49.4′E,1 km,2.2,震度１,31.94666667,130.8233333
2011/4/9,7:44:17,山形県村山地方,38°31.2′N,139°59.8′E,6 km,2.4,震度１,38.52,139.9966667
2011/4/9,8:05:21,岐阜県飛騨地方,36°01.7′N,137°19.9′E,8 km,2.7,震度１,36.02833333,137.3316667
2011/4/9,8:07:50,岐阜県飛騨地方,36°01.8′N,137°19.8′E,8 km,2.7,震度１,36.03,137.33
2011/4/9,8:24:28,根室半島南東沖,43°02.8′N,145°44.8′E,50 km,3.7,震度１,43.04666667,145.7466667
2011/4/9,9:30:26,茨城県沖,36°48.4′N,141°00.3′E,52 km,3.8,震度２,36.80666667,141.005
2011/4/9,10:19:49,福島県沖,37°13.9′N,141°19.9′E,37 km,3.4,震度１,37.23166667,141.3316667
2011/4/9,10:25:24,福島県沖,36°46.7′N,142°15.0′E,20 km,5.1,震度２,36.77833333,142.25
2011/4/9,11:31:01,三陸沖,39°57.8′N,143°16.9′E,11 km,4.6,震度１,39.96333333,143.2816667
2011/4/9,11:33:48,三陸沖,39°57.5′N,143°14.9′E,3 km,4.5,震度１,39.95833333,143.2483333
2011/4/9,11:38:02,茨城県沖,36°37.6′N,141°02.5′E,45 km,4,震度２,36.62666667,141.0416667
2011/4/9,11:53:01,福島県沖,37°03.2′N,141°35.2′E,44 km,3.9,震度１,37.05333333,141.5866667
2011/4/9,11:59:35,宮城県沖,38°25.8′N,141°47.8′E,57 km,4.3,震度３,38.43,141.7966667
2011/4/9,12:32:58,茨城県沖,36°27.9′N,140°56.1′E,33 km,4,震度３,36.465,140.935
2011/4/9,12:39:01,宮城県沖,38°23.9′N,141°48.1′E,56 km,3.9,震度２,38.39833333,141.8016667
2011/4/9,13:10:05,長野県北部,36°58.4′N,138°35.2′E,7 km,1.7,震度１,36.97333333,138.5866667
2011/4/9,13:17:55,宮城県沖,38°44.7′N,142°22.1′E,38 km,3.6,震度１,38.745,142.3683333
2011/4/9,13:53:31,宮城県沖,38°26.5′N,141°49.7′E,55 km,3.3,震度２,38.44166667,141.8283333
2011/4/9,13:58:04,宮城県沖,38°22.4′N,141°46.4′E,58 km,3.9,震度１,38.37333333,141.7733333
2011/4/9,14:24:17,岐阜県飛騨地方,36°01.8′N,137°19.8′E,8 km,2.6,震度１,36.03,137.33
2011/4/9,15:10:36,新潟県中越地方,37°02.7′N,138°37.3′E,11 km,1.7,震度１,37.045,138.6216667
2011/4/9,15:29:39,宮城県沖,38°59.8′N,142°33.5′E,25 km,4.1,震度１,38.99666667,142.5583333
2011/4/9,16:28:39,茨城県沖,36°38.9′N,140°59.4′E,48 km,3.8,震度３,36.64833333,140.99
2011/4/9,16:59:25,宮城県沖,38°18.0′N,141°52.6′E,63 km,3.3,震度１,38.3,141.8766667
2011/4/9,17:02:19,茨城県南部,36°13.7′N,140°05.4′E,54 km,4.3,震度４,36.22833333,140.09
2011/4/9,17:17:00,宮城県沖,37°49.8′N,142°43.3′E,15 km,4.3,震度１,37.83,142.7216667
2011/4/9,17:53:30,茨城県沖,36°38.4′N,141°11.8′E,37 km,4.3,震度２,36.64,141.1966667
2011/4/9,18:01:43,福島県浜通り,36°56.4′N,140°36.4′E,17 km,4.3,震度３,36.94,140.6066667
2011/4/9,18:40:49,茨城県沖,36°24.7′N,140°59.8′E,44 km,3.7,震度１,36.41166667,140.9966667
2011/4/9,18:42:20,宮城県沖,38°14.8′N,141°48.8′E,58 km,5.4,震度５弱,38.24666667,141.8133333
2011/4/9,19:02:55,静岡県東部,35°19.1′N,138°42.6′E,5 km,2.3,震度１,35.31833333,138.71
2011/4/9,19:25:36,茨城県北部,36°52.9′N,140°38.0′E,9 km,3.4,震度１,36.88166667,140.6333333
2011/4/9,20:30:06,宮城県沖,38°10.9′N,142°05.3′E,44 km,4,震度２,38.18166667,142.0883333
2011/4/9,20:53:34,宮城県沖,38°15.9′N,141°49.7′E,59 km,3.6,震度１,38.265,141.8283333
2011/4/9,21:47:51,埼玉県南部,36°00.2′N,139°38.4′E,43 km,4.1,震度３,36.00333333,139.64
2011/4/9,21:57:49,種子島南東沖,30°00.9′N,131°50.3′E,62 km,5.8,震度３,30.015,131.8383333
2011/4/9,23:29:41,茨城県南部,36°07.5′N,139°49.8′E,50 km,3.3,震度１,36.125,139.83
2011/4/10,0:08:40,茨城県南部,36°00.0′N,140°17.6′E,41 km,2.9,震度１,36,140.2933333
2011/4/10,1:57:21,三陸沖,38°27.1′N,142°50.2′E,6 km,4.6,震度２,38.45166667,142.8366667
2011/4/10,2:01:27,宮城県沖,38°20.3′N,141°52.6′E,62 km,3.3,震度１,38.33833333,141.8766667
2011/4/10,2:37:07,福島県沖,37°08.0′N,141°09.3′E,34 km,3.3,震度１,37.13333333,141.155
2011/4/10,2:47:30,千葉県北西部,35°34.9′N,140°07.0′E,70 km,3.2,震度１,35.58166667,140.1166667
2011/4/10,3:22:53,福島県沖,37°34.7′N,141°41.7′E,27 km,3.9,震度１,37.57833333,141.695
2011/4/10,3:47:09,宮城県沖,38°11.3′N,141°49.6′E,62 km,3.8,震度１,38.18833333,141.8266667
2011/4/10,3:49:16,千葉県北西部,35°40.6′N,140°08.3′E,67 km,3.2,震度１,35.67666667,140.1383333
2011/4/10,5:00:39,茨城県北部,36°50.8′N,140°34.9′E,8 km,3.3,震度１,36.84666667,140.5816667
2011/4/10,6:23:06,千葉県北西部,35°48.2′N,140°05.9′E,67 km,4.4,震度２,35.80333333,140.0983333
2011/4/10,7:49:45,岩手県沖,40°21.5′N,142°04.8′E,50 km,3.8,震度１,40.35833333,142.08
2011/4/10,9:02:31,福島県浜通り,37°04.7′N,140°46.0′E,9 km,2.5,震度１,37.07833333,140.7666667
2011/4/10,9:08:35,福島県沖,37°41.9′N,141°48.2′E,20 km,4.2,震度１,37.69833333,141.8033333
2011/4/10,9:19:17,福島県会津,37°44.6′N,139°55.6′E,9 km,3.2,震度１,37.74333333,139.9266667
2011/4/10,9:50:46,茨城県沖,36°30.3′N,140°44.2′E,52 km,4.2,震度２,36.505,140.7366667
2011/4/10,9:55:42,宮城県沖,38°47.7′N,142°03.4′E,37 km,3.2,震度１,38.795,142.0566667
2011/4/10,11:01:27,宮城県沖,38°39.9′N,142°10.3′E,39 km,3.8,震度１,38.665,142.1716667
2011/4/10,11:01:29,茨城県沖,36°18.5′N,141°02.5′E,46 km,4.1,震度２,36.30833333,141.0416667
2011/4/10,11:29:27,宮城県沖,38°24.2′N,141°49.8′E,56 km,3.8,震度１,38.40333333,141.83
2011/4/10,11:49:19,宮城県沖,38°16.2′N,141°47.4′E,56 km,4,震度２,38.27,141.79
2011/4/10,11:56:06,茨城県南部,36°08.3′N,139°59.3′E,67 km,2.4,震度１,36.13833333,139.9883333
2011/4/10,12:11:24,宮城県沖,38°33.7′N,141°47.8′E,46 km,3.7,震度１,38.56166667,141.7966667
2011/4/10,12:13:27,福島県沖,37°27.4′N,141°56.5′E,36 km,4,震度２,37.45666667,141.9416667
2011/4/10,12:21:54,茨城県南部,36°10.9′N,140°00.5′E,51 km,3.5,震度１,36.18166667,140.0083333
2011/4/10,12:38:21,千葉県東方沖,35°44.2′N,140°53.5′E,9 km,3.7,震度２,35.73666667,140.8916667
2011/4/10,13:12:31,茨城県沖,36°15.4′N,141°09.0′E,48 km,4.2,震度２,36.25666667,141.15
2011/4/10,13:18:04,千葉県東方沖,35°44.4′N,140°53.6′E,9 km,3.8,震度２,35.74,140.8933333
2011/4/10,13:30:14,福島県沖,36°52.9′N,141°03.5′E,50 km,3.6,震度１,36.88166667,141.0583333
2011/4/10,13:52:28,茨城県北部,36°46.7′N,140°34.3′E,6 km,2.7,震度１,36.77833333,140.5716667
2011/4/10,14:23:29,福島県沖,37°03.4′N,143°17.2′E,57 km,4.3,震度１,37.05666667,143.2866667
2011/4/10,15:30:23,茨城県沖,35°58.4′N,141°00.7′E,34 km,3.6,震度１,35.97333333,141.0116667
2011/4/10,15:37:29,宮城県沖,37°57.4′N,142°15.0′E,31 km,4.1,震度１,37.95666667,142.25
2011/4/10,16:19:57,宮城県沖,38°43.6′N,142°10.5′E,37 km,3.8,震度１,38.72666667,142.175
2011/4/10,16:52:14,茨城県北部,36°47.0′N,140°33.7′E,7 km,3.2,震度２,36.78333333,140.5616667
2011/4/10,17:44:23,福島県浜通り,37°06.2′N,140°46.0′E,4 km,2.3,震度１,37.10333333,140.7666667
2011/4/10,17:52:30,福島県浜通り,37°05.2′N,140°47.0′E,8 km,3.8,震度３,37.08666667,140.7833333
2011/4/10,20:22:16,福島県浜通り,37°05.0′N,140°46.0′E,7 km,3.8,震度４,37.08333333,140.7666667
2011/4/10,20:35:02,茨城県南部,35°59.8′N,140°14.1′E,41 km,2.8,震度１,35.99666667,140.235
2011/4/10,20:57:18,宮城県北部,38°45.8′N,141°03.0′E,12 km,2.3,震度１,38.76333333,141.05
2011/4/10,21:01:53,茨城県沖,36°41.5′N,141°36.4′E,44 km,4.1,震度１,36.69166667,141.6066667
2011/4/10,22:06:24,福島県沖,37°25.1′N,141°15.0′E,28 km,3.8,震度２,37.41833333,141.25
2011/4/10,23:02:32,福島県浜通り,37°05.0′N,140°46.0′E,6 km,3.3,震度２,37.08333333,140.7666667
2011/4/10,23:55:19,茨城県北部,36°42.5′N,140°37.9′E,6 km,3.5,震度２,36.70833333,140.6316667
2011/4/11,0:07:06,宮城県沖,38°19.7′N,141°51.9′E,64 km,4.5,震度３,38.32833333,141.865
2011/4/11,0:50:09,福島県会津,37°43.7′N,139°58.0′E,9 km,3.3,震度２,37.72833333,139.9666667
2011/4/11,1:21:39,宮城県沖,38°15.5′N,141°47.1′E,56 km,4.1,震度３,38.25833333,141.785
2011/4/11,1:28:55,宮城県沖,38°27.2′N,142°12.5′E,30 km,4.2,震度１,38.45333333,142.2083333
2011/4/11,1:34:02,茨城県沖,36°21.9′N,141°06.5′E,48 km,4.2,震度２,36.365,141.1083333
2011/4/11,2:44:55,福島県沖,37°17.8′N,141°26.5′E,36 km,4.5,震度３,37.29666667,141.4416667
2011/4/11,3:20:58,茨城県北部,36°41.9′N,140°40.0′E,4 km,3,震度２,36.69833333,140.6666667
2011/4/11,3:29:08,茨城県沖,36°17.5′N,140°50.8′E,38 km,3.6,震度２,36.29166667,140.8466667
2011/4/11,4:23:55,岩手県沖,39°45.3′N,142°21.6′E,41 km,4.4,震度２,39.755,142.36
2011/4/11,4:27:06,根室半島南東沖,43°07.2′N,145°43.1′E,84 km,3.6,震度１,43.12,145.7183333
2011/4/11,5:02:08,茨城県沖,36°38.0′N,141°09.6′E,34 km,3.9,震度１,36.63333333,141.16
2011/4/11,5:06:57,福島県浜通り,37°03.1′N,140°45.3′E,9 km,2.8,震度１,37.05166667,140.755
2011/4/11,5:07:43,福島県浜通り,37°00.2′N,140°46.1′E,10 km,2.9,震度１,37.00333333,140.7683333
2011/4/11,5:11:23,宮城県沖,38°16.7′N,141°48.9′E,49 km,3.5,震度１,38.27833333,141.815
2011/4/11,5:19:55,茨城県沖,36°26.0′N,141°04.9′E,46 km,4.3,震度３,36.43333333,141.0816667
2011/4/11,5:20:25,宮城県沖,38°22.3′N,141°45.8′E,57 km,4,震度２,38.37166667,141.7633333
2011/4/11,5:23:08,福島県沖,37°20.8′N,141°55.4′E,38 km,3.9,震度１,37.34666667,141.9233333
2011/4/11,5:46:47,宮城県沖,38°42.4′N,141°47.0′E,54 km,3.2,震度１,38.70666667,141.7833333
2011/4/11,6:14:07,長野県北部,36°59.8′N,138°32.3′E,11 km,2.5,震度１,36.99666667,138.5383333
2011/4/11,6:35:54,茨城県沖,36°44.4′N,141°09.2′E,53 km,5.1,震度４,36.74,141.1533333
2011/4/11,6:57:14,茨城県北部,36°46.5′N,140°39.2′E,25 km,3.6,震度１,36.775,140.6533333
2011/4/11,8:47:18,千葉県北西部,35°48.7′N,140°04.2′E,67 km,3.6,震度１,35.81166667,140.07
2011/4/11,9:00:12,福島県中通り,36°49.6′N,140°30.1′E,5 km,4,震度２,36.82666667,140.5016667
2011/4/11,9:06:30,茨城県北部,36°43.2′N,140°35.9′E,7 km,3.3,震度２,36.72,140.5983333
2011/4/11,9:34:46,茨城県北部,36°42.2′N,140°38.3′E,4 km,3.1,震度２,36.70333333,140.6383333
2011/4/11,9:39:17,茨城県北部,36°47.6′N,140°31.2′E,17 km,2.9,震度１,36.79333333,140.52
2011/4/11,10:17:36,長野県北部,36°58.1′N,138°35.3′E,6 km,2.8,震度３,36.96833333,138.5883333
2011/4/11,10:24:47,千葉県東方沖,35°49.8′N,140°52.6′E,11 km,3.6,震度１,35.83,140.8766667
2011/4/11,10:26:07,福島県沖,37°18.4′N,141°06.0′E,29 km,3.9,震度２,37.30666667,141.1
2011/4/11,11:00:35,茨城県北部,36°42.0′N,140°39.3′E,4 km,4,震度３,36.7,140.655
2011/4/11,11:04:50,新潟県中越地方,36°58.5′N,138°36.4′E,6 km,1.3,震度１,36.975,138.6066667
2011/4/11,11:11:54,長野県北部,36°55.1′N,138°31.4′E,2 km,2.6,震度１,36.91833333,138.5233333
2011/4/11,11:26:28,福島県沖,37°18.8′N,142°35.6′E,0 km,4.5,震度１,37.31333333,142.5933333
2011/4/11,11:36:39,長野県南部,35°51.0′N,137°39.1′E,10 km,2.6,震度１,35.85,137.6516667
2011/4/11,11:44:56,長野県北部,36°57.8′N,138°35.5′E,5 km,2.1,震度２,36.96333333,138.5916667
2011/4/11,13:05:38,福島県中通り,36°49.9′N,140°30.9′E,6 km,3.6,震度２,36.83166667,140.515
2011/4/11,13:39:54,宮城県沖,38°17.1′N,141°39.4′E,54 km,3.6,震度１,38.285,141.6566667
2011/4/11,13:51:45,福島県沖,37°28.1′N,141°19.4′E,29 km,5,震度４,37.46833333,141.3233333
2011/4/11,14:06:28,福島県会津,37°43.3′N,139°58.5′E,9 km,2.8,震度１,37.72166667,139.975
2011/4/11,14:11:27,岩手県沖,40°03.4′N,141°57.2′E,24 km,3.8,震度２,40.05666667,141.9533333
2011/4/11,14:59:08,長野県北部,36°49.2′N,138°36.0′E,0 km,3.7,震度２,36.82,138.6
2011/4/11,15:00:24,長野県北部,36°49.2′N,138°35.9′E,0 km,3.5,震度２,36.82,138.5983333
2011/4/11,15:13:48,茨城県北部,36°40.9′N,140°40.4′E,45 km,3.2,震度１,36.68166667,140.6733333
2011/4/11,16:06:41,福島県沖,37°29.5′N,141°29.6′E,40 km,4,震度２,37.49166667,141.4933333
2011/4/11,16:29:36,宮城県沖,38°46.8′N,142°03.8′E,41 km,3.7,震度２,38.78,142.0633333
2011/4/11,16:43:28,福島県浜通り,37°05.1′N,140°46.1′E,6 km,3,震度２,37.085,140.7683333
2011/4/11,16:44:40,福島県会津,37°16.3′N,139°51.7′E,7 km,3.3,震度２,37.27166667,139.8616667
2011/4/11,17:10:17,十勝地方中部,42°40.4′N,143°20.0′E,85 km,3.7,震度１,42.67333333,143.3333333
2011/4/11,17:16:12,福島県浜通り,36°56.7′N,140°40.3′E,6 km,7,震度６弱,36.945,140.6716667
2011/4/11,17:17:48,福島県浜通り,36°53.4′N,140°42.9′E,9 km,5.7,震度５弱,36.89,140.715
2011/4/11,17:19:31,福島県浜通り,37°00.3′N,140°43.2′E,11 km,4.5,震度４,37.005,140.72
2011/4/11,17:20:17,福島県浜通り,36°58.9′N,140°44.7′E,11 km,4.3,震度３,36.98166667,140.745
2011/4/11,17:22:16,福島県浜通り,37°02.3′N,140°41.4′E,9 km,3.9,震度２,37.03833333,140.69
2011/4/11,17:22:56,福島県中通り,37°01.8′N,140°36.4′E,9 km,4,震度２,37.03,140.6066667
2011/4/11,17:24:04,福島県浜通り,36°56.7′N,140°40.4′E,8 km,3.9,震度２,36.945,140.6733333
2011/4/11,17:24:43,福島県浜通り,36°54.0′N,140°41.1′E,7 km,3.5,震度１,36.9,140.685
2011/4/11,17:25:04,福島県浜通り,37°00.3′N,140°39.0′E,7 km,3.1,震度１,37.005,140.65
2011/4/11,17:26:29,福島県中通り,37°03.7′N,140°37.3′E,5 km,5.4,震度５弱,37.06166667,140.6216667
2011/4/11,17:27:25,福島県浜通り,36°59.0′N,140°41.3′E,11 km,3.8,震度２,36.98333333,140.6883333
2011/4/11,17:28:14,福島県浜通り,37°00.3′N,140°40.3′E,12 km,3.5,震度１,37.005,140.6716667
2011/4/11,17:28:45,福島県浜通り,37°00.4′N,140°41.8′E,10 km,3.8,震度２,37.00666667,140.6966667
2011/4/11,17:31:42,福島県浜通り,37°00.6′N,140°37.5′E,11 km,3.7,震度２,37.01,140.625
2011/4/11,17:32:00,福島県浜通り,36°55.1′N,140°39.6′E,10 km,3.6,震度１,36.91833333,140.66
2011/4/11,17:33:10,福島県浜通り,37°01.0′N,140°42.1′E,9 km,3.9,震度２,37.01666667,140.7016667
2011/4/11,17:33:40,福島県浜通り,36°58.6′N,140°38.3′E,10 km,4.2,震度３,36.97666667,140.6383333
2011/4/11,17:35:54,福島県中通り,37°01.8′N,140°37.4′E,9 km,4.1,震度２,37.03,140.6233333
2011/4/11,17:36:51,福島県浜通り,37°00.4′N,140°38.1′E,9 km,4.1,震度２,37.00666667,140.635
2011/4/11,17:37:29,福島県浜通り,36°57.5′N,140°41.6′E,10 km,4,震度２,36.95833333,140.6933333
2011/4/11,17:39:21,福島県浜通り,37°00.6′N,140°44.4′E,9 km,4.1,震度２,37.01,140.74
2011/4/11,17:40:19,福島県浜通り,36°58.6′N,140°38.5′E,9 km,2.9,震度１,36.97666667,140.6416667
2011/4/11,17:41:42,福島県中通り,37°06.1′N,140°38.0′E,14 km,3.6,震度２,37.10166667,140.6333333
2011/4/11,17:42:40,福島県中通り,37°06.1′N,140°38.1′E,15 km,3.8,震度２,37.10166667,140.635
2011/4/11,17:43:54,福島県浜通り,37°03.2′N,140°42.3′E,12 km,3.7,震度２,37.05333333,140.705
2011/4/11,17:44:38,福島県中通り,37°05.7′N,140°38.8′E,15 km,3.4,震度２,37.095,140.6466667
2011/4/11,17:45:37,福島県中通り,37°01.1′N,140°37.0′E,10 km,4.8,震度３,37.01833333,140.6166667
2011/4/11,17:46:55,福島県浜通り,36°56.1′N,140°45.9′E,13 km,3.9,震度２,36.935,140.765
2011/4/11,17:48:11,福島県浜通り,36°54.0′N,140°40.7′E,7 km,3.9,震度２,36.9,140.6783333
2011/4/11,17:50:01,福島県浜通り,37°01.4′N,140°41.7′E,10 km,3.8,震度２,37.02333333,140.695
2011/4/11,17:51:01,福島県浜通り,37°00.0′N,140°45.1′E,11 km,4.3,震度３,37,140.7516667
2011/4/11,17:54:01,福島県浜通り,37°01.3′N,140°41.7′E,10 km,2.8,震度１,37.02166667,140.695
2011/4/11,17:54:17,福島県中通り,37°01.0′N,140°37.7′E,10 km,3.8,震度２,37.01666667,140.6283333
2011/4/11,17:54:55,福島県浜通り,37°00.2′N,140°37.6′E,10 km,4.1,震度２,37.00333333,140.6266667
2011/4/11,17:55:57,福島県浜通り,37°01.0′N,140°41.8′E,11 km,3.5,震度２,37.01666667,140.6966667
2011/4/11,17:57:12,福島県浜通り,37°02.1′N,140°42.2′E,9 km,3.3,震度１,37.035,140.7033333
2011/4/11,17:58:03,福島県中通り,37°01.4′N,140°36.4′E,10 km,4.9,震度４,37.02333333,140.6066667
2011/4/11,17:59:45,福島県浜通り,36°59.5′N,140°43.8′E,12 km,4.8,震度４,36.99166667,140.73
2011/4/11,18:01:33,福島県中通り,37°03.0′N,140°37.6′E,8 km,3.4,震度２,37.05,140.6266667
2011/4/11,18:03:57,福島県浜通り,37°01.1′N,140°40.7′E,9 km,4.1,震度２,37.01833333,140.6783333
2011/4/11,18:05:18,福島県浜通り,36°59.3′N,140°43.8′E,12 km,5.1,震度４,36.98833333,140.73
2011/4/11,18:06:11,福島県浜通り,36°59.3′N,140°42.6′E,11 km,4.3,震度３,36.98833333,140.71
2011/4/11,18:11:38,福島県浜通り,37°00.8′N,140°42.2′E,11 km,3.4,震度１,37.01333333,140.7033333
2011/4/11,18:12:31,茨城県北部,36°53.1′N,140°41.2′E,6 km,4.7,震度３,36.885,140.6866667
2011/4/11,18:13:18,福島県浜通り,36°56.9′N,140°39.7′E,7 km,4.1,震度２,36.94833333,140.6616667
2011/4/11,18:15:13,福島県浜通り,37°02.0′N,140°41.7′E,10 km,3.5,震度１,37.03333333,140.695
2011/4/11,18:16:31,福島県浜通り,36°56.3′N,140°37.7′E,18 km,3.3,震度１,36.93833333,140.6283333
2011/4/11,18:17:13,宮城県沖,37°48.9′N,142°31.4′E,36 km,4.8,震度２,37.815,142.5233333
2011/4/11,18:19:05,宮城県沖,38°08.1′N,142°19.6′E,37 km,4.5,震度２,38.135,142.3266667
2011/4/11,18:23:24,福島県浜通り,36°57.8′N,140°48.3′E,10 km,4.3,震度３,36.96333333,140.805
2011/4/11,18:28:35,福島県浜通り,36°59.5′N,140°39.1′E,10 km,3.2,震度１,36.99166667,140.6516667
2011/4/11,18:30:33,福島県浜通り,36°54.7′N,140°43.2′E,6 km,4.7,震度３,36.91166667,140.72
2011/4/11,18:31:34,福島県浜通り,36°57.3′N,140°39.3′E,8 km,3.9,震度２,36.955,140.655
2011/4/11,18:35:17,福島県浜通り,37°02.9′N,140°39.9′E,7 km,3.5,震度２,37.04833333,140.665
2011/4/11,18:36:20,福島県浜通り,36°54.0′N,140°40.8′E,8 km,4.8,震度４,36.9,140.68
2011/4/11,18:39:25,福島県浜通り,37°01.5′N,140°40.8′E,9 km,3.4,震度２,37.025,140.68
2011/4/11,18:42:08,福島県浜通り,36°59.3′N,140°45.2′E,9 km,3.3,震度１,36.98833333,140.7533333
2011/4/11,18:44:58,福島県浜通り,36°59.7′N,140°44.8′E,11 km,4.2,震度３,36.995,140.7466667
2011/4/11,18:46:48,福島県浜通り,36°59.4′N,140°43.8′E,10 km,3.9,震度２,36.99,140.73
2011/4/11,18:48:14,福島県浜通り,36°58.0′N,140°39.0′E,10 km,4.6,震度３,36.96666667,140.65
2011/4/11,18:50:03,福島県浜通り,37°03.4′N,140°41.4′E,10 km,3.3,震度１,37.05666667,140.69
2011/4/11,18:52:06,福島県浜通り,36°57.7′N,140°40.3′E,8 km,3.4,震度２,36.96166667,140.6716667
2011/4/11,18:52:27,福島県沖,37°11.0′N,141°25.9′E,42 km,3.9,震度３,37.18333333,141.4316667
2011/4/11,18:53:30,福島県浜通り,37°05.0′N,140°46.4′E,11 km,3.4,震度２,37.08333333,140.7733333
2011/4/11,18:55:00,福島県浜通り,37°04.4′N,140°40.9′E,8 km,4.3,震度３,37.07333333,140.6816667
2011/4/11,18:57:27,宮城県沖,38°15.8′N,141°52.1′E,62 km,4.1,震度１,38.26333333,141.8683333
2011/4/11,18:57:41,群馬県北部,36°48.2′N,139°18.5′E,6 km,3,震度２,36.80333333,139.3083333
2011/4/11,19:00:04,福島県浜通り,36°56.1′N,140°43.4′E,6 km,4.7,震度３,36.935,140.7233333
2011/4/11,19:01:22,茨城県北部,36°53.8′N,140°40.4′E,8 km,3.3,震度２,36.89666667,140.6733333
2011/4/11,19:02:36,福島県中通り,37°01.7′N,140°37.2′E,7 km,3.5,震度１,37.02833333,140.62
2011/4/11,19:05:06,福島県中通り,37°04.1′N,140°37.2′E,7 km,4.3,震度３,37.06833333,140.62
2011/4/11,19:09:37,福島県浜通り,37°03.3′N,140°44.2′E,10 km,3.5,震度３,37.055,140.7366667
2011/4/11,19:10:08,福島県中通り,37°05.6′N,140°36.5′E,14 km,3.9,震度３,37.09333333,140.6083333
2011/4/11,19:10:43,宮城県沖,38°37.9′N,141°46.1′E,46 km,3.6,震度１,38.63166667,141.7683333
2011/4/11,19:11:24,福島県浜通り,36°59.4′N,140°42.5′E,9 km,3.3,震度１,36.99,140.7083333
2011/4/11,19:11:30,福島県浜通り,37°02.4′N,140°40.4′E,9 km,3.7,震度２,37.04,140.6733333
2011/4/11,19:16:06,福島県浜通り,37°01.4′N,140°42.4′E,9 km,3.1,震度１,37.02333333,140.7066667
2011/4/11,19:17:15,茨城県沖,36°34.3′N,141°14.1′E,42 km,3.9,震度１,36.57166667,141.235
2011/4/11,19:19:00,福島県中通り,37°01.3′N,140°37.3′E,9 km,4.6,震度３,37.02166667,140.6216667
2011/4/11,19:20:06,福島県浜通り,36°57.7′N,140°46.1′E,10 km,3.5,震度２,36.96166667,140.7683333
2011/4/11,19:20:53,福島県浜通り,36°58.9′N,140°38.9′E,10 km,3.5,震度１,36.98166667,140.6483333
2011/4/11,19:22:20,福島県浜通り,37°02.2′N,140°40.5′E,10 km,3.2,震度１,37.03666667,140.675
2011/4/11,19:22:58,福島県中通り,37°01.3′N,140°37.4′E,11 km,3.4,震度１,37.02166667,140.6233333
2011/4/11,19:25:47,福島県浜通り,37°01.1′N,140°38.7′E,8 km,4.4,震度３,37.01833333,140.645
2011/4/11,19:27:10,福島県浜通り,37°01.4′N,140°40.8′E,11 km,2.8,震度１,37.02333333,140.68
2011/4/11,19:29:11,福島県浜通り,36°57.9′N,140°44.6′E,12 km,4.3,震度３,36.965,140.7433333
2011/4/11,19:31:00,長野県南部,35°51.1′N,137°39.0′E,10 km,2.4,震度１,35.85166667,137.65
2011/4/11,19:31:10,福島県浜通り,36°54.2′N,140°41.5′E,9 km,4.3,震度３,36.90333333,140.6916667
2011/4/11,19:34:48,福島県浜通り,36°55.1′N,140°41.5′E,7 km,4,震度２,36.91833333,140.6916667
2011/4/11,19:38:07,福島県浜通り,36°59.3′N,140°45.6′E,10 km,3.2,震度１,36.98833333,140.76
2011/4/11,19:39:26,福島県浜通り,36°58.7′N,140°39.1′E,11 km,3,震度１,36.97833333,140.6516667
2011/4/11,19:42:04,福島県浜通り,37°00.9′N,140°36.6′E,11 km,3.5,震度２,37.015,140.61
2011/4/11,19:44:06,福島県浜通り,37°01.2′N,140°38.7′E,10 km,2.9,震度１,37.02,140.645
2011/4/11,19:44:59,福島県浜通り,36°58.3′N,140°51.3′E,8 km,3.6,震度２,36.97166667,140.855
2011/4/11,19:46:55,福島県浜通り,37°00.9′N,140°41.7′E,10 km,3.3,震度１,37.015,140.695
2011/4/11,19:50:22,福島県浜通り,37°00.8′N,140°44.0′E,8 km,3.6,震度２,37.01333333,140.7333333
2011/4/11,19:55:07,福島県浜通り,36°59.7′N,140°42.4′E,10 km,2.7,震度１,36.995,140.7066667
2011/4/11,19:59:10,福島県浜通り,37°04.1′N,140°42.1′E,6 km,4.5,震度２,37.06833333,140.7016667
2011/4/11,19:59:50,福島県浜通り,36°58.1′N,140°40.9′E,8 km,3.3,震度２,36.96833333,140.6816667
2011/4/11,20:00:34,福島県浜通り,37°01.3′N,140°41.7′E,11 km,4.4,震度３,37.02166667,140.695
2011/4/11,20:07:50,福島県浜通り,36°59.3′N,140°44.9′E,10 km,3.7,震度２,36.98833333,140.7483333
2011/4/11,20:08:48,福島県浜通り,37°01.1′N,140°42.1′E,11 km,3.1,震度１,37.01833333,140.7016667
2011/4/11,20:12:41,福島県浜通り,36°57.1′N,140°39.3′E,8 km,4.3,震度２,36.95166667,140.655
2011/4/11,20:21:47,福島県浜通り,36°57.1′N,140°37.6′E,9 km,3.1,震度１,36.95166667,140.6266667
2011/4/11,20:23:22,茨城県北部,36°42.2′N,140°37.7′E,7 km,3.8,震度３,36.70333333,140.6283333
2011/4/11,20:23:59,福島県浜通り,36°59.8′N,140°37.9′E,10 km,3.4,震度１,36.99666667,140.6316667
2011/4/11,20:24:30,福島県浜通り,37°03.6′N,140°42.9′E,6 km,3,震度１,37.06,140.715
2011/4/11,20:27:30,福島県浜通り,37°02.5′N,140°40.9′E,11 km,4.6,震度３,37.04166667,140.6816667
2011/4/11,20:28:46,福島県浜通り,36°57.8′N,140°42.1′E,10 km,3.2,震度１,36.96333333,140.7016667
2011/4/11,20:30:07,福島県浜通り,36°58.5′N,140°46.5′E,11 km,2.9,震度１,36.975,140.775
2011/4/11,20:32:49,福島県浜通り,36°57.6′N,140°37.5′E,9 km,2.9,震度１,36.96,140.625
2011/4/11,20:33:25,福島県浜通り,37°02.6′N,140°41.2′E,11 km,3.3,震度１,37.04333333,140.6866667
2011/4/11,20:38:50,福島県浜通り,37°00.4′N,140°44.3′E,9 km,3.2,震度１,37.00666667,140.7383333
2011/4/11,20:42:35,福島県浜通り,36°57.9′N,140°38.0′E,11 km,5.9,震度５弱,36.965,140.6333333
2011/4/11,20:46:54,福島県浜通り,37°02.1′N,140°38.8′E,9 km,3.1,震度１,37.035,140.6466667
2011/4/11,20:53:54,福島県浜通り,36°57.5′N,140°42.6′E,7 km,3.7,震度３,36.95833333,140.71
2011/4/11,20:57:01,福島県中通り,37°06.1′N,140°39.1′E,14 km,3.1,震度１,37.10166667,140.6516667
2011/4/11,20:59:04,福島県浜通り,37°01.8′N,140°43.1′E,8 km,3.4,震度１,37.03,140.7183333
2011/4/11,21:05:04,福島県浜通り,36°57.5′N,140°41.3′E,13 km,3.6,震度１,36.95833333,140.6883333
2011/4/11,21:06:17,福島県浜通り,36°57.2′N,140°37.2′E,9 km,4,震度２,36.95333333,140.62
2011/4/11,21:07:40,福島県浜通り,36°58.9′N,140°38.0′E,10 km,3.2,震度１,36.98166667,140.6333333
2011/4/11,21:10:01,福島県浜通り,37°01.9′N,140°47.4′E,7 km,3.4,震度１,37.03166667,140.79
2011/4/11,21:12:03,福島県浜通り,36°56.9′N,140°39.8′E,8 km,3.5,震度１,36.94833333,140.6633333
2011/4/11,21:13:23,福島県浜通り,37°00.4′N,140°42.1′E,10 km,3.2,震度１,37.00666667,140.7016667
2011/4/11,21:15:32,福島県浜通り,37°02.4′N,140°42.2′E,8 km,3.6,震度２,37.04,140.7033333
2011/4/11,21:16:27,福島県浜通り,36°58.8′N,140°38.8′E,10 km,3.9,震度２,36.98,140.6466667
2011/4/11,21:17:29,福島県浜通り,36°56.3′N,140°42.7′E,6 km,3.2,震度１,36.93833333,140.7116667
2011/4/11,21:25:07,福島県浜通り,37°02.6′N,140°38.0′E,9 km,2.9,震度１,37.04333333,140.6333333
2011/4/11,21:27:38,福島県浜通り,36°54.9′N,140°42.5′E,6 km,3.8,震度１,36.915,140.7083333
2011/4/11,21:34:59,福島県中通り,37°06.1′N,140°37.0′E,14 km,3.3,震度１,37.10166667,140.6166667
2011/4/11,21:36:52,和歌山県北部,33°54.8′N,135°13.9′E,7 km,2.4,震度１,33.91333333,135.2316667
2011/4/11,21:37:16,福島県浜通り,37°02.1′N,140°42.6′E,8 km,3.6,震度１,37.035,140.71
2011/4/11,21:45:38,福島県中通り,37°02.1′N,140°36.8′E,7 km,3.4,震度１,37.035,140.6133333
2011/4/11,21:47:20,福島県浜通り,36°56.8′N,140°40.6′E,7 km,4.3,震度２,36.94666667,140.6766667
2011/4/11,21:52:45,福島県浜通り,36°54.5′N,140°38.5′E,19 km,3.8,震度２,36.90833333,140.6416667
2011/4/11,21:55:56,福島県浜通り,37°00.0′N,140°36.9′E,9 km,2.4,震度１,37,140.615
2011/4/11,21:59:50,福島県浜通り,36°55.0′N,140°42.9′E,10 km,3.8,震度２,36.91666667,140.715
2011/4/11,22:04:37,福島県中通り,37°01.6′N,140°37.2′E,9 km,3.3,震度１,37.02666667,140.62
2011/4/11,22:05:40,福島県浜通り,37°01.1′N,140°41.4′E,11 km,4.7,震度４,37.01833333,140.69
2011/4/11,22:09:33,福島県中通り,37°03.3′N,140°17.3′E,8 km,3,震度２,37.055,140.2883333
2011/4/11,22:11:21,福島県中通り,36°52.9′N,140°29.0′E,8 km,2.5,震度１,36.88166667,140.4833333
2011/4/11,22:12:54,宮城県沖,38°37.8′N,141°46.0′E,48 km,3.2,震度１,38.63,141.7666667
2011/4/11,22:21:20,福島県浜通り,36°57.1′N,140°36.6′E,17 km,4,震度３,36.95166667,140.61
2011/4/11,22:23:57,福島県浜通り,36°58.2′N,140°42.2′E,8 km,2.9,震度１,36.97,140.7033333
2011/4/11,22:24:30,福島県浜通り,36°58.3′N,140°36.9′E,11 km,3.9,震度３,36.97166667,140.615
2011/4/11,22:33:28,福島県中通り,37°04.1′N,140°28.2′E,5 km,2.4,震度１,37.06833333,140.47
2011/4/11,22:36:40,福島県浜通り,37°07.0′N,140°44.5′E,7 km,2.2,震度１,37.11666667,140.7416667
2011/4/11,22:45:39,福島県浜通り,37°00.6′N,140°44.8′E,8 km,3.1,震度１,37.01,140.7466667
2011/4/11,22:46:07,長野県北部,36°49.7′N,138°34.9′E,0 km,3.8,震度３,36.82833333,138.5816667
2011/4/11,22:48:39,福島県浜通り,37°01.3′N,140°40.9′E,11 km,3.4,震度１,37.02166667,140.6816667
2011/4/11,22:51:18,福島県浜通り,36°57.2′N,140°44.5′E,13 km,3.6,震度１,36.95333333,140.7416667
2011/4/11,22:54:26,福島県浜通り,36°57.6′N,140°42.3′E,7 km,3.1,震度１,36.96,140.705
2011/4/11,22:58:47,福島県浜通り,37°04.0′N,140°40.4′E,8 km,3.2,震度１,37.06666667,140.6733333
2011/4/11,22:59:51,福島県浜通り,36°56.6′N,140°40.2′E,7 km,4.2,震度２,36.94333333,140.67
2011/4/11,23:02:06,福島県浜通り,36°54.3′N,140°40.9′E,8 km,4.1,震度２,36.905,140.6816667
2011/4/11,23:06:00,新潟県中越地方,37°00.4′N,138°39.9′E,10 km,2.2,震度２,37.00666667,138.665
2011/4/11,23:07:08,福島県浜通り,36°53.3′N,140°42.1′E,9 km,3.7,震度２,36.88833333,140.7016667
2011/4/11,23:08:48,福島県浜通り,37°01.0′N,140°40.5′E,9 km,4.3,震度２,37.01666667,140.675
2011/4/11,23:12:07,福島県浜通り,37°01.9′N,140°41.9′E,10 km,3.4,震度２,37.03166667,140.6983333
2011/4/11,23:19:17,福島県中通り,37°01.0′N,140°37.1′E,10 km,3.7,震度２,37.01666667,140.6183333
2011/4/11,23:22:25,神奈川県西部,35°23.1′N,139°03.9′E,12 km,2.5,震度１,35.385,139.065
2011/4/11,23:26:03,福島県中通り,37°05.6′N,140°38.8′E,16 km,3.7,震度３,37.09333333,140.6466667
2011/4/11,23:37:21,茨城県北部,36°53.9′N,140°40.2′E,6 km,3.9,震度１,36.89833333,140.67
2011/4/11,23:54:17,福島県浜通り,37°02.3′N,140°41.3′E,10 km,3,震度１,37.03833333,140.6883333
2011/4/11,23:56:28,福島県中通り,37°05.1′N,140°39.3′E,9 km,3,震度１,37.085,140.655
2011/4/11,23:57:56,福島県浜通り,37°02.7′N,140°43.7′E,9 km,2.9,震度１,37.045,140.7283333
2011/4/12,0:08:03,福島県沖,37°39.2′N,142°31.5′E,0 km,4.4,震度１,37.65333333,142.525
2011/4/12,0:13:20,福島県浜通り,36°53.1′N,140°42.0′E,6 km,3,震度１,36.885,140.7
2011/4/12,0:21:39,福島県中通り,36°50.4′N,140°30.8′E,7 km,4.8,震度３,36.84,140.5133333
2011/4/12,0:24:24,福島県中通り,37°05.9′N,140°36.8′E,13 km,3.7,震度２,37.09833333,140.6133333
2011/4/12,0:25:00,福島県浜通り,37°00.6′N,140°42.0′E,8 km,3.6,震度１,37.01,140.7
2011/4/12,0:26:30,福島県浜通り,37°00.5′N,140°40.7′E,8 km,4,震度２,37.00833333,140.6783333
2011/4/12,0:38:56,福島県浜通り,37°00.4′N,140°41.3′E,8 km,3.4,震度１,37.00666667,140.6883333
2011/4/12,0:41:20,福島県浜通り,37°01.2′N,140°41.4′E,9 km,3.4,震度１,37.02,140.69
2011/4/12,0:43:14,福島県浜通り,36°56.6′N,140°39.0′E,11 km,4.5,震度３,36.94333333,140.65
2011/4/12,0:48:20,福島県浜通り,37°05.0′N,140°51.9′E,7 km,2.8,震度１,37.08333333,140.865
2011/4/12,0:53:53,新潟県中越地方,37°02.6′N,138°44.3′E,6 km,1.3,震度１,37.04333333,138.7383333
2011/4/12,0:55:13,福島県浜通り,37°00.2′N,140°43.4′E,11 km,4.1,震度２,37.00333333,140.7233333
2011/4/12,0:56:48,福島県浜通り,36°59.2′N,140°38.6′E,9 km,2.8,震度３,36.98666667,140.6433333
2011/4/12,0:57:56,福島県浜通り,37°03.7′N,140°39.2′E,11 km,5,震度４,37.06166667,140.6533333
2011/4/12,1:02:50,福島県中通り,37°06.0′N,140°35.2′E,15 km,3.3,震度１,37.1,140.5866667
2011/4/12,1:13:44,福島県中通り,37°04.2′N,140°38.8′E,7 km,3.6,震度１,37.07,140.6466667
2011/4/12,1:16:57,福島県中通り,37°06.0′N,140°39.7′E,15 km,3.1,震度１,37.1,140.6616667
2011/4/12,1:19:20,福島県中通り,37°05.9′N,140°39.7′E,15 km,4,震度３,37.09833333,140.6616667
2011/4/12,1:22:58,長野県北部,36°57.6′N,138°34.7′E,7 km,2.7,震度３,36.96,138.5783333
2011/4/12,1:23:53,福島県浜通り,36°58.8′N,140°42.1′E,11 km,3.8,震度２,36.98,140.7016667
2011/4/12,1:24:01,長野県北部,36°57.5′N,138°34.4′E,6 km,2.2,震度２,36.95833333,138.5733333
2011/4/12,1:45:27,茨城県北部,36°42.2′N,140°34.4′E,4 km,3.7,震度２,36.70333333,140.5733333
2011/4/12,1:46:55,福島県浜通り,37°08.0′N,140°47.6′E,8 km,2.4,震度１,37.13333333,140.7933333
2011/4/12,1:49:18,福島県中通り,37°03.9′N,140°36.3′E,8 km,4.3,震度３,37.065,140.605
2011/4/12,1:57:00,茨城県北部,36°53.0′N,140°40.7′E,9 km,3.4,震度１,36.88333333,140.6783333
2011/4/12,2:05:33,福島県浜通り,36°55.3′N,140°42.8′E,6 km,3.6,震度１,36.92166667,140.7133333
2011/4/12,2:18:05,福島県浜通り,36°59.2′N,140°38.0′E,19 km,4.1,震度３,36.98666667,140.6333333
2011/4/12,2:21:01,福島県浜通り,37°00.1′N,140°36.5′E,9 km,4.3,震度３,37.00166667,140.6083333
2011/4/12,2:23:57,福島県浜通り,37°00.4′N,140°36.7′E,9 km,3.1,震度１,37.00666667,140.6116667
2011/4/12,2:25:42,福島県浜通り,36°55.1′N,140°42.7′E,6 km,2.6,震度１,36.91833333,140.7116667
2011/4/12,2:27:06,茨城県北部,36°53.2′N,140°41.7′E,7 km,3.1,震度１,36.88666667,140.695
2011/4/12,2:38:24,福島県浜通り,36°59.1′N,140°44.8′E,11 km,3.3,震度２,36.985,140.7466667
2011/4/12,2:43:55,福島県浜通り,36°55.4′N,140°42.6′E,6 km,2.8,震度１,36.92333333,140.71
2011/4/12,2:53:33,福島県沖,37°40.1′N,144°24.4′E,47 km,5.4,震度２,37.66833333,144.4066667
2011/4/12,2:55:35,福島県浜通り,36°58.4′N,140°37.4′E,10 km,3.5,震度２,36.97333333,140.6233333
2011/4/12,3:15:17,福島県浜通り,37°08.2′N,140°47.6′E,6 km,4.3,震度３,37.13666667,140.7933333
2011/4/12,3:27:08,福島県中通り,37°04.2′N,140°38.8′E,7 km,4.3,震度３,37.07,140.6466667
2011/4/12,3:29:20,福島県浜通り,36°59.6′N,140°36.8′E,12 km,3.5,震度１,36.99333333,140.6133333
2011/4/12,3:31:53,福島県浜通り,37°08.0′N,140°48.0′E,8 km,2.7,震度２,37.13333333,140.8
2011/4/12,3:38:48,福島県浜通り,37°00.7′N,140°36.6′E,9 km,3.4,震度２,37.01166667,140.61
2011/4/12,3:46:02,福島県中通り,37°01.8′N,140°37.6′E,10 km,3.4,震度１,37.03,140.6266667
2011/4/12,3:48:32,福島県浜通り,36°53.2′N,140°42.2′E,6 km,2.9,震度１,36.88666667,140.7033333
2011/4/12,3:50:06,福島県浜通り,37°00.5′N,140°36.5′E,10 km,3.1,震度１,37.00833333,140.6083333
2011/4/12,4:22:06,福島県浜通り,37°01.2′N,140°42.1′E,11 km,3,震度１,37.02,140.7016667
2011/4/12,4:36:42,福島県中通り,37°05.2′N,140°37.7′E,11 km,2.9,震度１,37.08666667,140.6283333
2011/4/12,4:41:58,福島県浜通り,37°01.4′N,140°46.1′E,9 km,2.9,震度１,37.02333333,140.7683333
2011/4/12,4:43:48,福島県中通り,37°04.6′N,140°36.6′E,9 km,3.8,震度３,37.07666667,140.61
2011/4/12,4:46:01,福島県浜通り,37°00.5′N,140°38.6′E,9 km,3.5,震度１,37.00833333,140.6433333
2011/4/12,4:54:37,福島県浜通り,37°08.4′N,140°48.5′E,7 km,2.6,震度１,37.14,140.8083333
2011/4/12,5:00:04,福島県浜通り,37°03.9′N,140°41.0′E,10 km,3.8,震度２,37.065,140.6833333
2011/4/12,5:03:43,福島県浜通り,36°56.4′N,140°40.3′E,6 km,4.4,震度３,36.94,140.6716667
2011/4/12,5:11:28,福島県浜通り,36°54.7′N,140°38.9′E,6 km,3.3,震度１,36.91166667,140.6483333
2011/4/12,5:27:22,福島県浜通り,36°58.3′N,140°36.1′E,10 km,3.9,震度３,36.97166667,140.6016667
2011/4/12,5:30:09,福島県浜通り,37°00.9′N,140°37.4′E,9 km,3.4,震度１,37.015,140.6233333
2011/4/12,5:31:33,福島県浜通り,36°54.8′N,140°43.0′E,6 km,3.6,震度２,36.91333333,140.7166667
2011/4/12,5:42:49,福島県浜通り,37°06.7′N,140°46.3′E,5 km,2.1,震度１,37.11166667,140.7716667
2011/4/12,5:43:00,福島県浜通り,37°01.1′N,140°38.0′E,8 km,3.6,震度２,37.01833333,140.6333333
2011/4/12,5:46:42,福島県浜通り,37°05.7′N,140°41.8′E,9 km,3.3,震度２,37.095,140.6966667
2011/4/12,5:55:11,福島県浜通り,37°02.4′N,140°41.2′E,11 km,3.6,震度２,37.04,140.6866667
2011/4/12,6:01:28,福島県浜通り,37°04.5′N,140°39.0′E,7 km,3.3,震度１,37.075,140.65
2011/4/12,6:03:37,宮城県沖,38°25.8′N,141°49.1′E,54 km,4.1,震度３,38.43,141.8183333
2011/4/12,6:18:22,福島県浜通り,37°03.1′N,140°44.1′E,10 km,3.9,震度２,37.05166667,140.735
2011/4/12,6:21:19,宮城県沖,38°53.5′N,141°58.9′E,51 km,4.2,震度２,38.89166667,141.9816667
2011/4/12,6:21:35,福島県中通り,37°02.6′N,140°37.9′E,10 km,2.9,震度１,37.04333333,140.6316667
2011/4/12,6:29:28,茨城県北部,36°53.7′N,140°40.5′E,9 km,3.8,震度１,36.895,140.675
2011/4/12,6:29:40,宮城県沖,38°15.3′N,141°53.4′E,59 km,3.8,震度１,38.255,141.89
2011/4/12,6:40:07,福島県浜通り,37°00.4′N,140°40.4′E,12 km,3.2,震度１,37.00666667,140.6733333
2011/4/12,6:46:24,福島県浜通り,36°56.3′N,140°44.6′E,14 km,3.2,震度１,36.93833333,140.7433333
2011/4/12,7:03:17,福島県浜通り,37°00.5′N,140°36.7′E,9 km,4.3,震度３,37.00833333,140.6116667
2011/4/12,7:04:18,福島県中通り,37°06.2′N,140°39.3′E,12 km,3.3,震度１,37.10333333,140.655
2011/4/12,7:05:24,福島県浜通り,36°55.6′N,140°41.7′E,6 km,3.3,震度１,36.92666667,140.695
2011/4/12,7:15:13,福島県浜通り,37°00.1′N,140°41.4′E,7 km,3.5,震度１,37.00166667,140.69
2011/4/12,7:16:27,福島県中通り,37°02.0′N,140°36.4′E,9 km,3.5,震度１,37.03333333,140.6066667
2011/4/12,7:22:48,福島県浜通り,36°57.9′N,140°42.7′E,10 km,3.9,震度２,36.965,140.7116667
2011/4/12,7:26:17,長野県北部,36°49.1′N,138°36.3′E,0 km,5.6,震度５弱,36.81833333,138.605
2011/4/12,7:27:29,長野県北部,36°50.1′N,138°35.1′E,5 km,3.8,震度２,36.835,138.585
2011/4/12,7:28:33,長野県北部,36°50.3′N,138°33.8′E,5 km,3.6,震度１,36.83833333,138.5633333
2011/4/12,7:30:51,長野県北部,36°49.8′N,138°34.3′E,1 km,2.9,震度１,36.83,138.5716667
2011/4/12,7:32:51,長野県北部,36°49.8′N,138°35.0′E,0 km,4.7,震度３,36.83,138.5833333
2011/4/12,7:44:12,宮城県沖,38°51.0′N,142°05.3′E,45 km,4.3,震度１,38.85,142.0883333
2011/4/12,7:45:32,宮城県沖,38°37.1′N,141°53.7′E,48 km,4.2,震度２,38.61833333,141.895
2011/4/12,7:51:20,福島県浜通り,37°06.1′N,140°41.4′E,7 km,2.8,震度１,37.10166667,140.69
2011/4/12,7:56:11,長野県北部,36°49.8′N,138°35.3′E,1 km,2.9,震度１,36.83,138.5883333
2011/4/12,8:02:01,福島県浜通り,36°58.0′N,140°48.5′E,10 km,3.9,震度３,36.96666667,140.8083333
2011/4/12,8:03:14,福島県浜通り,36°58.1′N,140°41.9′E,11 km,4,震度２,36.96833333,140.6983333
2011/4/12,8:08:16,千葉県東方沖,35°28.9′N,140°52.0′E,26 km,6.4,震度５弱,35.48166667,140.8666667
2011/4/12,8:13:33,千葉県東方沖,35°29.4′N,140°51.3′E,18 km,3.5,震度１,35.49,140.855
2011/4/12,8:15:46,千葉県東方沖,35°26.4′N,140°53.9′E,20 km,3.6,震度１,35.44,140.8983333
2011/4/12,8:22:35,福島県浜通り,37°01.5′N,140°41.6′E,11 km,3.9,震度２,37.025,140.6933333
2011/4/12,8:24:21,長野県北部,36°49.1′N,138°36.4′E,0 km,3.9,震度３,36.81833333,138.6066667
2011/4/12,8:29:52,福島県浜通り,37°02.1′N,140°41.6′E,11 km,3.5,震度２,37.035,140.6933333
2011/4/12,8:31:42,福島県中通り,37°05.6′N,140°35.8′E,10 km,2.7,震度１,37.09333333,140.5966667
2011/4/12,8:35:30,千葉県東方沖,35°29.2′N,140°47.6′E,21 km,3.2,震度１,35.48666667,140.7933333
2011/4/12,8:36:09,福島県浜通り,37°07.2′N,140°50.3′E,6 km,1.9,震度１,37.12,140.8383333
2011/4/12,8:38:53,千葉県東方沖,35°26.6′N,140°53.3′E,22 km,3,震度１,35.44333333,140.8883333
2011/4/12,8:39:20,福島県浜通り,36°58.2′N,140°38.2′E,10 km,3.3,震度１,36.97,140.6366667
2011/4/12,8:43:59,千葉県東方沖,35°28.4′N,140°55.2′E,21 km,3.7,震度１,35.47333333,140.92
2011/4/12,8:46:38,千葉県東方沖,35°27.2′N,140°54.3′E,23 km,3.9,震度２,35.45333333,140.905
2011/4/12,8:48:15,福島県浜通り,37°01.8′N,140°41.5′E,11 km,4.7,震度４,37.03,140.6916667
2011/4/12,8:56:51,長野県北部,36°49.8′N,138°34.1′E,1 km,2.7,震度１,36.83,138.5683333
2011/4/12,8:59:09,福島県浜通り,36°55.7′N,140°39.7′E,7 km,3.5,震度１,36.92833333,140.6616667
2011/4/12,9:04:48,福島県浜通り,36°58.8′N,140°36.4′E,10 km,3.9,震度２,36.98,140.6066667
2011/4/12,9:07:18,福島県浜通り,37°00.2′N,140°40.0′E,9 km,3.5,震度１,37.00333333,140.6666667
2011/4/12,9:09:29,福島県浜通り,37°01.7′N,140°41.6′E,11 km,4.2,震度３,37.02833333,140.6933333
2011/4/12,9:11:19,茨城県北部,36°44.9′N,140°32.7′E,9 km,3,震度１,36.74833333,140.545
2011/4/12,9:12:11,千葉県東方沖,35°28.1′N,140°58.0′E,21 km,3.5,震度１,35.46833333,140.9666667
2011/4/12,9:13:11,長野県北部,36°48.8′N,138°37.2′E,0 km,3.3,震度２,36.81333333,138.62
2011/4/12,9:14:25,千葉県東方沖,35°29.2′N,140°54.5′E,23 km,3.6,震度１,35.48666667,140.9083333
2011/4/12,9:15:32,長野県北部,36°49.2′N,138°36.9′E,0 km,2.9,震度１,36.82,138.615
2011/4/12,9:20:10,千葉県東方沖,35°25.1′N,140°59.5′E,23 km,3.9,震度２,35.41833333,140.9916667
2011/4/12,9:21:48,福島県浜通り,37°06.8′N,140°46.5′E,9 km,3.6,震度３,37.11333333,140.775
2011/4/12,9:34:53,福島県浜通り,37°06.3′N,140°46.5′E,8 km,3,震度２,37.105,140.775
2011/4/12,9:39:36,福島県浜通り,37°01.5′N,140°41.9′E,10 km,2.6,震度１,37.025,140.6983333
2011/4/12,9:46:04,福島県浜通り,36°58.9′N,140°45.0′E,11 km,3.3,震度２,36.98166667,140.75
2011/4/12,9:46:44,福島県浜通り,36°58.9′N,140°45.4′E,11 km,4.1,震度３,36.98166667,140.7566667
2011/4/12,9:49:51,福島県浜通り,37°00.9′N,140°36.5′E,10 km,3.7,震度２,37.015,140.6083333
2011/4/12,9:50:42,福島県中通り,37°05.1′N,140°29.7′E,7 km,2.7,震度１,37.085,140.495
2011/4/12,9:53:49,福島県沖,37°24.8′N,141°21.7′E,27 km,3.5,震度１,37.41333333,141.3616667
2011/4/12,10:15:56,福島県浜通り,37°05.5′N,140°50.8′E,8 km,2.6,震度２,37.09166667,140.8466667
2011/4/12,10:17:56,福島県浜通り,37°08.3′N,140°48.3′E,8 km,3.2,震度１,37.13833333,140.805
2011/4/12,10:23:51,千葉県東方沖,35°28.1′N,140°51.6′E,24 km,4.2,震度２,35.46833333,140.86
2011/4/12,10:25:47,長野県北部,36°49.0′N,138°37.1′E,0 km,2.8,震度１,36.81666667,138.6183333
2011/4/12,10:27:38,福島県浜通り,37°08.1′N,140°48.1′E,8 km,2.7,震度１,37.135,140.8016667
2011/4/12,10:30:40,長野県北部,36°49.0′N,138°37.0′E,0 km,3.1,震度２,36.81666667,138.6166667
2011/4/12,10:33:11,福島県沖,37°17.0′N,141°24.9′E,44 km,4.2,震度３,37.28333333,141.415
2011/4/12,10:49:18,長野県北部,36°49.1′N,138°36.9′E,0 km,2.8,震度１,36.81833333,138.615
2011/4/12,10:59:35,福島県浜通り,37°00.9′N,140°41.7′E,11 km,3.2,震度１,37.015,140.695
2011/4/12,11:03:53,岩手県沖,40°21.3′N,142°11.2′E,45 km,3.7,震度２,40.355,142.1866667
2011/4/12,11:06:47,福島県中通り,37°06.0′N,140°36.9′E,13 km,3.7,震度２,37.1,140.615
2011/4/12,11:09:43,福島県浜通り,36°59.5′N,140°35.5′E,10 km,3.3,震度２,36.99166667,140.5916667
2011/4/12,11:11:29,福島県浜通り,36°56.6′N,140°41.7′E,8 km,3,震度１,36.94333333,140.695
2011/4/12,11:13:50,福島県浜通り,37°01.3′N,140°40.9′E,10 km,4.2,震度３,37.02166667,140.6816667
2011/4/12,11:15:40,福島県中通り,37°06.2′N,140°37.5′E,13 km,3.5,震度２,37.10333333,140.625
2011/4/12,11:18:18,福島県浜通り,37°08.1′N,140°48.4′E,8 km,3.3,震度２,37.135,140.8066667
2011/4/12,11:18:36,千葉県東方沖,35°24.6′N,141°00.4′E,24 km,3.5,震度１,35.41,141.0066667
2011/4/12,11:23:44,千葉県東方沖,35°28.8′N,140°51.1′E,25 km,4.2,震度３,35.48,140.8516667
2011/4/12,11:47:20,福島県浜通り,36°59.0′N,140°39.3′E,8 km,3,震度１,36.98333333,140.655
2011/4/12,11:50:52,福島県浜通り,36°57.2′N,140°38.8′E,9 km,3.5,震度１,36.95333333,140.6466667
2011/4/12,11:51:27,岩手県沖,39°09.7′N,142°36.5′E,28 km,3.8,震度１,39.16166667,142.6083333
2011/4/12,12:09:43,茨城県北部,36°40.6′N,140°38.7′E,9 km,2.8,震度１,36.67666667,140.645
2011/4/12,12:13:46,福島県浜通り,37°01.6′N,140°41.4′E,10 km,3.5,震度１,37.02666667,140.69
2011/4/12,12:16:41,長野県北部,36°50.1′N,138°33.2′E,0 km,2.9,震度１,36.835,138.5533333
2011/4/12,12:20:33,千葉県東方沖,35°30.5′N,140°53.4′E,23 km,3.8,震度２,35.50833333,140.89
2011/4/12,12:20:56,福島県浜通り,37°00.6′N,140°40.8′E,5 km,3.9,震度２,37.01,140.68
2011/4/12,12:25:44,福島県浜通り,37°01.0′N,140°41.7′E,9 km,3.1,震度１,37.01666667,140.695
2011/4/12,12:33:19,千葉県東方沖,35°31.5′N,140°58.8′E,27 km,3.8,震度２,35.525,140.98
2011/4/12,12:39:38,宮城県沖,38°40.9′N,142°00.5′E,45 km,3.4,震度１,38.68166667,142.0083333
2011/4/12,12:50:34,福島県浜通り,37°07.2′N,140°46.4′E,9 km,2.5,震度２,37.12,140.7733333
2011/4/12,13:01:03,福島県浜通り,37°08.1′N,140°48.2′E,8 km,2.7,震度１,37.135,140.8033333
2011/4/12,13:16:48,長野県北部,36°49.6′N,138°35.5′E,1 km,3.1,震度１,36.82666667,138.5916667
2011/4/12,13:32:57,福島県浜通り,36°56.3′N,140°38.8′E,11 km,4,震度２,36.93833333,140.6466667
2011/4/12,13:42:43,福島県沖,37°38.2′N,141°52.4′E,22 km,3.7,震度１,37.63666667,141.8733333
2011/4/12,13:43:56,福島県浜通り,37°06.9′N,140°50.1′E,6 km,2.8,震度２,37.115,140.835
2011/4/12,13:57:57,福島県中通り,37°04.7′N,140°38.4′E,4 km,2.9,震度１,37.07833333,140.64
2011/4/12,13:58:34,福島県浜通り,37°07.9′N,140°47.6′E,8 km,3.2,震度２,37.13166667,140.7933333
2011/4/12,13:59:37,千葉県東方沖,35°29.4′N,140°48.4′E,25 km,4.1,震度２,35.49,140.8066667
2011/4/12,14:07:42,福島県中通り,37°03.1′N,140°38.6′E,15 km,6.4,震度６弱,37.05166667,140.6433333
2011/4/12,14:10:44,福島県浜通り,37°01.7′N,140°40.5′E,11 km,4.3,震度３,37.02833333,140.675
2011/4/12,14:11:32,福島県中通り,37°04.2′N,140°38.4′E,16 km,3.3,震度１,37.07,140.64
2011/4/12,14:12:12,長野県北部,36°48.0′N,138°35.3′E,0 km,3.7,震度２,36.8,138.5883333
2011/4/12,14:14:38,福島県中通り,37°04.4′N,140°38.9′E,15 km,3.8,震度１,37.07333333,140.6483333
2011/4/12,14:15:07,福島県浜通り,37°03.2′N,140°40.4′E,13 km,4.5,震度３,37.05333333,140.6733333
2011/4/12,14:26:33,福島県浜通り,37°02.5′N,140°39.1′E,14 km,4.8,震度４,37.04166667,140.6516667
2011/4/12,14:32:47,福島県中通り,37°05.9′N,140°39.2′E,15 km,4,震度４,37.09833333,140.6533333
2011/4/12,14:42:20,福島県中通り,37°04.6′N,140°38.4′E,6 km,4.1,震度２,37.07666667,140.64
2011/4/12,14:43:30,福島県浜通り,37°02.2′N,140°38.5′E,13 km,3,震度１,37.03666667,140.6416667
2011/4/12,14:49:48,福島県浜通り,37°00.2′N,140°37.8′E,6 km,3.8,震度２,37.00333333,140.63
2011/4/12,14:50:47,福島県浜通り,37°02.1′N,140°39.2′E,13 km,3.4,震度１,37.035,140.6533333
2011/4/12,15:00:14,福島県浜通り,36°58.6′N,140°43.6′E,11 km,3.4,震度２,36.97666667,140.7266667
2011/4/12,15:23:19,福島県浜通り,37°00.7′N,140°39.9′E,8 km,3.9,震度２,37.01166667,140.665
2011/4/12,15:27:32,福島県浜通り,37°02.2′N,140°39.1′E,13 km,3.4,震度１,37.03666667,140.6516667
2011/4/12,15:57:26,千葉県東方沖,35°27.5′N,140°52.5′E,23 km,3.5,震度１,35.45833333,140.875
2011/4/12,16:03:24,千葉県東方沖,35°27.7′N,140°57.3′E,22 km,3.4,震度１,35.46166667,140.955
2011/4/12,16:14:19,福島県浜通り,37°06.2′N,140°51.6′E,7 km,3.1,震度２,37.10333333,140.86
2011/4/12,16:15:00,長野県北部,36°49.9′N,138°34.1′E,1 km,4.6,震度４,36.83166667,138.5683333
2011/4/12,16:42:44,茨城県沖,36°44.2′N,141°29.8′E,38 km,4.4,震度１,36.73666667,141.4966667
2011/4/12,16:47:16,福島県浜通り,37°02.8′N,140°46.9′E,11 km,4.4,震度３,37.04666667,140.7816667
2011/4/12,16:49:20,福島県浜通り,37°02.3′N,140°40.2′E,8 km,3.9,震度２,37.03833333,140.67
2011/4/12,17:00:31,福島県浜通り,37°03.4′N,140°40.1′E,13 km,1.9,震度１,37.05666667,140.6683333
2011/4/12,17:14:28,秋田県内陸北部,40°15.4′N,140°22.1′E,12 km,3.5,震度２,40.25666667,140.3683333
2011/4/12,17:21:22,福島県浜通り,37°02.3′N,140°39.0′E,13 km,3.3,震度１,37.03833333,140.65
2011/4/12,17:30:02,福島県浜通り,36°54.1′N,140°41.0′E,7 km,2.3,震度１,36.90166667,140.6833333
2011/4/12,17:48:25,福島県浜通り,37°01.6′N,140°41.3′E,10 km,4.9,震度４,37.02666667,140.6883333
2011/4/12,17:51:22,福島県浜通り,37°07.0′N,140°51.2′E,6 km,2.5,震度２,37.11666667,140.8533333
2011/4/12,17:56:16,宮城県沖,38°25.2′N,141°50.7′E,58 km,3.4,震度１,38.42,141.845
2011/4/12,17:58:32,福島県浜通り,36°59.1′N,140°39.4′E,7 km,3.1,震度１,36.985,140.6566667
2011/4/12,18:00:49,福島県沖,37°17.2′N,141°53.5′E,27 km,4.4,震度１,37.28666667,141.8916667
2011/4/12,18:04:49,島根県西部,34°56.7′N,132°15.8′E,6 km,2.4,震度１,34.945,132.2633333
2011/4/12,18:14:28,長野県北部,36°49.8′N,138°36.3′E,5 km,3.6,震度２,36.83,138.605
2011/4/12,18:16:52,福島県浜通り,37°01.3′N,140°41.8′E,10 km,3.6,震度２,37.02166667,140.6966667
2011/4/12,18:45:25,福島県浜通り,37°07.9′N,140°49.6′E,7 km,2.4,震度１,37.13166667,140.8266667
2011/4/12,19:15:35,福島県浜通り,37°09.0′N,140°49.2′E,10 km,4.5,震度４,37.15,140.82
2011/4/12,19:29:45,長野県北部,36°58.0′N,138°35.5′E,6 km,1.9,震度１,36.96666667,138.5916667
2011/4/12,19:34:28,福島県浜通り,37°06.3′N,140°46.2′E,8 km,2.4,震度１,37.105,140.77
2011/4/12,19:36:49,福島県浜通り,37°04.3′N,140°39.5′E,14 km,3.3,震度１,37.07166667,140.6583333
2011/4/12,19:47:43,茨城県沖,35°55.8′N,141°05.2′E,20 km,3.7,震度１,35.93,141.0866667
2011/4/12,19:54:52,福島県浜通り,37°00.6′N,140°47.5′E,8 km,3.3,震度１,37.01,140.7916667
2011/4/12,20:00:54,福島県中通り,37°03.8′N,140°38.3′E,15 km,3.8,震度３,37.06333333,140.6383333
2011/4/12,20:10:34,福島県中通り,37°00.8′N,140°32.6′E,5 km,3.2,震度１,37.01333333,140.5433333
2011/4/12,20:47:03,茨城県南部,36°07.6′N,140°02.9′E,49 km,3.7,震度２,36.12666667,140.0483333
2011/4/12,20:49:50,福島県浜通り,37°02.8′N,140°41.0′E,10 km,3.4,震度１,37.04666667,140.6833333
2011/4/12,21:24:58,茨城県沖,36°32.4′N,140°50.8′E,51 km,3.4,震度１,36.54,140.8466667
2011/4/12,21:33:51,福島県中通り,37°01.7′N,140°37.3′E,6 km,3.8,震度２,37.02833333,140.6216667
2011/4/12,21:43:10,千葉県東方沖,35°41.5′N,140°56.6′E,9 km,3.2,震度１,35.69166667,140.9433333
2011/4/12,22:04:20,福島県浜通り,36°57.9′N,140°41.2′E,10 km,3.6,震度２,36.965,140.6866667
2011/4/12,22:07:32,長野県北部,36°48.7′N,138°37.2′E,0 km,3.5,震度２,36.81166667,138.62
2011/4/12,22:14:48,福島県浜通り,37°00.2′N,140°41.4′E,12 km,3,震度１,37.00333333,140.69
2011/4/12,22:17:15,福島県浜通り,37°01.7′N,140°41.4′E,10 km,3.2,震度１,37.02833333,140.69
2011/4/12,22:18:37,茨城県南部,36°07.9′N,140°00.9′E,48 km,3.3,震度１,36.13166667,140.015
2011/4/12,22:25:59,福島県浜通り,37°03.2′N,140°40.4′E,12 km,3.7,震度２,37.05333333,140.6733333
2011/4/12,22:29:04,千葉県東方沖,35°29.1′N,140°54.2′E,22 km,3.3,震度１,35.485,140.9033333
2011/4/12,22:30:09,福島県浜通り,37°00.7′N,140°40.3′E,10 km,3.5,震度１,37.01166667,140.6716667
2011/4/12,22:34:26,福島県浜通り,37°02.4′N,140°38.6′E,14 km,3.2,震度１,37.04,140.6433333
2011/4/12,23:04:23,千葉県東方沖,35°41.2′N,140°57.6′E,8 km,3.5,震度１,35.68666667,140.96
2011/4/12,23:48:18,福島県浜通り,37°02.3′N,140°47.9′E,6 km,,震度１,37.03833333,140.7983333
2011/4/12,23:48:22,福島県会津,37°44.4′N,139°55.8′E,10 km,3.1,震度２,37.74,139.93
2011/4/12,23:54:17,長野県南部,35°54.2′N,137°39.2′E,12 km,2.9,震度１,35.90333333,137.6533333
2011/4/12,23:55:19,千葉県東方沖,35°31.0′N,140°52.5′E,24 km,4.4,震度２,35.51666667,140.875
2011/4/13,0:09:50,福島県浜通り,37°02.3′N,140°44.6′E,9 km,3.7,震度２,37.03833333,140.7433333
2011/4/13,0:14:09,千葉県東方沖,35°41.5′N,140°56.7′E,9 km,3.5,震度１,35.69166667,140.945
2011/4/13,0:20:38,福島県浜通り,37°04.5′N,140°54.2′E,8 km,2.1,震度１,37.075,140.9033333
2011/4/13,0:42:38,長野県北部,36°48.8′N,138°38.1′E,0 km,2.8,震度１,36.81333333,138.635
2011/4/13,0:43:56,福島県浜通り,37°03.7′N,140°39.7′E,14 km,3.4,震度１,37.06166667,140.6616667
2011/4/13,0:59:59,長野県北部,36°50.0′N,138°33.9′E,0 km,2.6,震度１,36.83333333,138.565
2011/4/13,1:02:03,福島県浜通り,37°02.0′N,140°40.2′E,7 km,3.4,震度１,37.03333333,140.67
2011/4/13,1:03:38,福島県浜通り,37°00.9′N,140°41.5′E,9 km,3.5,震度１,37.015,140.6916667
2011/4/13,1:59:57,福島県中通り,37°06.0′N,140°39.5′E,12 km,3.6,震度２,37.1,140.6583333
2011/4/13,1:59:59,千葉県東方沖,35°27.1′N,140°56.0′E,24 km,4,震度２,35.45166667,140.9333333
2011/4/13,2:13:16,福島県浜通り,37°06.4′N,140°48.3′E,9 km,3,震度２,37.10666667,140.805
2011/4/13,2:46:49,福島県中通り,37°03.6′N,140°37.0′E,12 km,3,震度１,37.06,140.6166667
2011/4/13,2:56:16,福島県浜通り,37°01.4′N,140°40.8′E,11 km,3,震度１,37.02333333,140.68
2011/4/13,3:04:11,茨城県沖,36°17.6′N,140°56.6′E,46 km,3.5,震度２,36.29333333,140.9433333
2011/4/13,3:06:34,福島県浜通り,37°00.3′N,140°39.5′E,7 km,3,震度１,37.005,140.6583333
2011/4/13,3:47:54,福島県浜通り,37°03.9′N,140°40.1′E,13 km,4,震度３,37.065,140.6683333
2011/4/13,4:02:16,福島県浜通り,36°56.7′N,140°37.9′E,7 km,4.5,震度３,36.945,140.6316667
2011/4/13,4:04:51,福島県沖,36°52.5′N,140°48.7′E,7 km,4,震度２,36.875,140.8116667
2011/4/13,4:17:21,福島県浜通り,36°57.3′N,140°42.2′E,8 km,3.3,震度１,36.955,140.7033333
2011/4/13,4:28:33,福島県中通り,37°03.8′N,140°35.2′E,7 km,2.7,震度１,37.06333333,140.5866667
2011/4/13,4:29:34,福島県中通り,37°02.5′N,140°37.5′E,8 km,3.4,震度２,37.04166667,140.625
2011/4/13,4:34:40,福島県中通り,37°04.3′N,140°38.8′E,15 km,3.8,震度３,37.07166667,140.6466667
2011/4/13,4:37:48,岩手県沖,39°20.6′N,142°03.8′E,48 km,5.5,震度４,39.34333333,142.0633333
2011/4/13,4:52:13,福島県浜通り,37°00.7′N,140°42.0′E,10 km,3.3,震度１,37.01166667,140.7
2011/4/13,5:13:26,千葉県北西部,35°42.2′N,140°07.6′E,67 km,3.2,震度１,35.70333333,140.1266667
2011/4/13,5:47:36,福島県浜通り,36°58.7′N,140°36.2′E,8 km,3.9,震度２,36.97833333,140.6033333
2011/4/13,5:52:11,福島県浜通り,37°03.3′N,140°40.6′E,11 km,3.8,震度１,37.055,140.6766667
2011/4/13,5:53:37,岩手県沖,39°11.7′N,142°23.8′E,27 km,4,震度１,39.195,142.3966667
2011/4/13,6:07:47,茨城県沖,36°33.0′N,140°53.9′E,49 km,3.8,震度２,36.55,140.8983333
2011/4/13,6:10:48,福島県浜通り,37°07.1′N,140°50.9′E,6 km,2.2,震度１,37.11833333,140.8483333
2011/4/13,6:48:32,茨城県沖,36°27.5′N,141°11.2′E,44 km,3.6,震度１,36.45833333,141.1866667
2011/4/13,6:52:09,茨城県沖,36°24.4′N,141°49.0′E,53 km,4.6,震度１,36.40666667,141.8166667
2011/4/13,7:09:08,福島県中通り,36°52.3′N,140°34.5′E,6 km,3.3,震度１,36.87166667,140.575
2011/4/13,7:11:39,宮城県沖,37°55.5′N,142°07.4′E,26 km,3.9,震度１,37.925,142.1233333
2011/4/13,7:35:50,福島県浜通り,36°56.7′N,140°38.6′E,10 km,3.8,震度２,36.945,140.6433333
2011/4/13,7:54:14,福島県沖,37°44.6′N,142°03.0′E,34 km,4.1,震度２,37.74333333,142.05
2011/4/13,7:55:18,福島県浜通り,37°02.1′N,140°41.2′E,9 km,3.8,震度２,37.035,140.6866667
2011/4/13,8:17:11,茨城県北部,36°39.9′N,140°41.3′E,6 km,2,震度１,36.665,140.6883333
2011/4/13,8:36:20,千葉県東方沖,35°29.2′N,140°52.7′E,27 km,5.3,震度３,35.48666667,140.8783333
2011/4/13,8:54:15,宮城県沖,38°16.4′N,141°52.4′E,61 km,4.5,震度３,38.27333333,141.8733333
2011/4/13,9:12:59,福島県沖,37°23.5′N,142°13.1′E,19 km,4.4,震度１,37.39166667,142.2183333
2011/4/13,9:37:05,福島県浜通り,37°07.3′N,140°42.1′E,7 km,2.9,震度１,37.12166667,140.7016667
2011/4/13,10:07:58,福島県浜通り,36°54.9′N,140°42.4′E,5 km,5.7,震度５弱,36.915,140.7066667
2011/4/13,10:18:19,茨城県北部,36°52.8′N,140°42.0′E,5 km,3.1,震度１,36.88,140.7
2011/4/13,10:21:49,茨城県北部,36°52.9′N,140°41.6′E,5 km,3.5,震度１,36.88166667,140.6933333
2011/4/13,10:30:45,秋田県内陸南部,39°36.0′N,140°23.2′E,6 km,2.3,震度１,39.6,140.3866667
2011/4/13,10:50:52,福島県浜通り,36°55.0′N,140°41.4′E,6 km,3.4,震度１,36.91666667,140.69
2011/4/13,11:46:05,岩手県沖,40°05.0′N,141°56.0′E,8 km,4,震度２,40.08333333,141.9333333
2011/4/13,12:16:58,茨城県沖,36°04.4′N,141°08.5′E,43 km,4.2,震度２,36.07333333,141.1416667
2011/4/13,12:18:16,福島県沖,37°23.9′N,141°12.4′E,28 km,3.1,震度１,37.39833333,141.2066667
2011/4/13,12:21:08,千葉県東方沖,35°41.9′N,140°57.3′E,12 km,3.4,震度１,35.69833333,140.955
2011/4/13,13:03:12,福島県沖,37°20.3′N,141°21.6′E,46 km,3.5,震度１,37.33833333,141.36
2011/4/13,13:24:51,宮城県沖,38°29.1′N,142°08.2′E,31 km,3.6,震度１,38.485,142.1366667
2011/4/13,13:36:52,福島県浜通り,37°07.1′N,140°42.1′E,7 km,3.4,震度２,37.11833333,140.7016667
2011/4/13,14:21:28,福島県浜通り,37°06.8′N,140°52.5′E,8 km,2.4,震度１,37.11333333,140.875
2011/4/13,14:22:21,千葉県北西部,35°38.7′N,140°12.1′E,70 km,3.2,震度１,35.645,140.2016667
2011/4/13,14:36:15,福島県浜通り,37°01.7′N,140°39.2′E,14 km,2.6,震度１,37.02833333,140.6533333
2011/4/13,14:40:58,福島県沖,37°04.4′N,142°27.8′E,0 km,4.7,震度１,37.07333333,142.4633333
2011/4/13,14:48:59,千葉県東方沖,35°28.7′N,140°51.4′E,25 km,3.9,震度２,35.47833333,140.8566667
2011/4/13,14:52:22,福島県中通り,37°05.1′N,140°39.2′E,14 km,4.1,震度３,37.085,140.6533333
2011/4/13,15:03:19,静岡県東部,35°20.4′N,138°43.6′E,11 km,2.6,震度１,35.34,138.7266667
2011/4/13,15:09:35,茨城県北部,36°42.2′N,140°38.2′E,7 km,3.4,震度２,36.70333333,140.6366667
2011/4/13,15:35:54,福島県浜通り,36°57.5′N,140°41.3′E,11 km,3.5,震度２,36.95833333,140.6883333
2011/4/13,15:36:48,福島県浜通り,37°01.1′N,140°41.4′E,8 km,2.5,震度１,37.01833333,140.69
2011/4/13,15:37:24,福島県浜通り,36°59.6′N,140°45.9′E,7 km,3.5,震度１,36.99333333,140.765
2011/4/13,16:32:32,岩手県沖,39°07.8′N,142°23.8′E,32 km,4.1,震度１,39.13,142.3966667
2011/4/13,16:56:33,福島県中通り,37°05.7′N,140°29.3′E,8 km,2.2,震度１,37.095,140.4883333
2011/4/13,17:03:38,福島県会津,37°43.8′N,139°58.1′E,9 km,2.8,震度１,37.73,139.9683333
2011/4/13,17:05:11,福島県浜通り,36°59.6′N,140°42.5′E,8 km,2.6,震度１,36.99333333,140.7083333
2011/4/13,17:26:07,宮城県沖,38°37.7′N,141°55.7′E,48 km,4.2,震度２,38.62833333,141.9283333
2011/4/13,17:44:50,福島県沖,37°13.1′N,141°11.2′E,35 km,3.5,震度２,37.21833333,141.1866667
2011/4/13,17:45:30,千葉県東方沖,35°46.1′N,140°51.3′E,4 km,3.1,震度１,35.76833333,140.855
2011/4/13,18:03:23,福島県浜通り,37°05.9′N,140°41.8′E,8 km,2.6,震度１,37.09833333,140.6966667
2011/4/13,18:05:47,福島県浜通り,36°58.6′N,140°44.1′E,11 km,3.2,震度２,36.97666667,140.735
2011/4/13,18:06:13,福島県浜通り,36°58.1′N,140°45.5′E,12 km,3.6,震度１,36.96833333,140.7583333
2011/4/13,18:27:28,宮城県沖,38°22.3′N,141°52.6′E,65 km,3.7,震度１,38.37166667,141.8766667
2011/4/13,19:08:01,福島県浜通り,37°03.8′N,140°47.8′E,9 km,2.8,震度１,37.06333333,140.7966667
2011/4/13,19:11:48,福島県沖,37°07.9′N,141°04.7′E,53 km,3.6,震度１,37.13166667,141.0783333
2011/4/13,19:29:45,福島県浜通り,37°01.9′N,140°40.4′E,4 km,3.4,震度１,37.03166667,140.6733333
2011/4/13,19:33:17,岩手県沖,39°17.4′N,142°20.7′E,29 km,3.8,震度１,39.29,142.345
2011/4/13,19:37:58,福島県中通り,37°03.4′N,140°35.6′E,8 km,2.8,震度１,37.05666667,140.5933333
2011/4/13,19:45:04,福島県沖,37°21.4′N,141°17.1′E,35 km,3.7,震度２,37.35666667,141.285
2011/4/13,19:54:22,千葉県東方沖,35°27.7′N,140°55.3′E,23 km,3.4,震度１,35.46166667,140.9216667
2011/4/13,20:58:49,福島県浜通り,37°00.5′N,140°38.7′E,15 km,3.5,震度２,37.00833333,140.645
2011/4/13,21:00:43,福島県浜通り,37°06.1′N,140°51.4′E,7 km,2.8,震度２,37.10166667,140.8566667
2011/4/13,21:01:38,福島県浜通り,37°06.3′N,140°51.0′E,7 km,2.7,震度１,37.105,140.85
2011/4/13,21:05:34,三陸沖,38°08.5′N,143°02.0′E,10 km,4.4,震度１,38.14166667,143.0333333
2011/4/13,21:07:27,福島県中通り,37°05.8′N,140°35.3′E,14 km,3.1,震度１,37.09666667,140.5883333
2011/4/13,21:15:56,福島県浜通り,37°06.3′N,140°41.2′E,13 km,3.1,震度１,37.105,140.6866667
2011/4/13,21:48:11,宮城県沖,38°26.1′N,142°09.6′E,33 km,4.2,震度２,38.435,142.16
2011/4/13,21:58:19,福島県沖,37°13.5′N,141°11.9′E,14 km,4.5,震度３,37.225,141.1983333
2011/4/13,21:58:31,千葉県東方沖,35°28.9′N,140°50.7′E,25 km,4.2,震度２,35.48166667,140.845
2011/4/13,22:24:37,福島県沖,37°35.3′N,142°05.4′E,20 km,4,震度１,37.58833333,142.09
2011/4/13,22:29:11,宮城県沖,38°54.0′N,142°28.0′E,36 km,4.1,震度１,38.9,142.4666667
2011/4/13,22:40:18,新潟県中越地方,36°59.9′N,138°38.1′E,10 km,2.3,震度１,36.99833333,138.635
2011/4/13,23:04:14,福島県浜通り,37°03.5′N,140°40.1′E,13 km,3.9,震度２,37.05833333,140.6683333
2011/4/13,23:06:01,千葉県東方沖,35°50.8′N,141°00.2′E,22 km,3.6,震度１,35.84666667,141.0033333
2011/4/13,23:08:46,福島県浜通り,37°03.0′N,140°47.6′E,8 km,2.9,震度１,37.05,140.7933333
2011/4/13,23:17:57,福島県浜通り,36°59.4′N,140°36.4′E,7 km,2.7,震度１,36.99,140.6066667
2011/4/13,23:24:22,茨城県北部,36°53.4′N,140°41.6′E,6 km,2.7,震度１,36.89,140.6933333
2011/4/14,0:11:18,福島県浜通り,36°58.0′N,140°45.6′E,12 km,2.9,震度１,36.96666667,140.76
2011/4/14,0:19:59,福島県浜通り,37°02.0′N,140°39.6′E,6 km,3.2,震度１,37.03333333,140.66
2011/4/14,0:31:39,長野県北部,36°50.3′N,138°34.2′E,0 km,3.3,震度１,36.83833333,138.57
2011/4/14,2:03:25,福島県浜通り,37°03.6′N,140°40.8′E,12 km,3.3,震度１,37.06,140.68
2011/4/14,2:16:52,福島県中通り,37°02.2′N,140°35.1′E,7 km,2.9,震度１,37.03666667,140.585
2011/4/14,2:28:10,福島県浜通り,37°06.6′N,140°47.1′E,7 km,2,震度１,37.11,140.785
2011/4/14,2:41:12,福島県中通り,37°02.8′N,140°36.7′E,5 km,3.6,震度２,37.04666667,140.6116667
2011/4/14,2:58:44,茨城県北部,36°52.9′N,140°41.8′E,6 km,2.9,震度１,36.88166667,140.6966667
2011/4/14,3:10:58,福島県浜通り,37°01.2′N,140°41.7′E,9 km,3.1,震度１,37.02,140.695
2011/4/14,3:16:30,福島県沖,37°11.6′N,141°44.8′E,27 km,3.9,震度１,37.19333333,141.7466667
2011/4/14,3:57:01,茨城県沖,36°46.0′N,141°01.9′E,48 km,4,震度２,36.76666667,141.0316667
2011/4/14,4:41:12,秋田県内陸南部,39°36.6′N,140°38.0′E,5 km,2.5,震度１,39.61,140.6333333
2011/4/14,4:57:19,三陸沖,39°38.8′N,143°48.5′E,0 km,6.3,震度３,39.64666667,143.8083333
2011/4/14,5:02:30,三陸沖,39°34.3′N,143°28.7′E,15 km,5.3,震度２,39.57166667,143.4783333
2011/4/14,5:32:20,三陸沖,39°38.8′N,143°27.9′E,33 km,5.7,震度２,39.64666667,143.465
2011/4/14,5:39:33,福島県沖,37°25.2′N,141°16.1′E,31 km,4.1,震度３,37.42,141.2683333
2011/4/14,5:43:06,福島県中通り,37°01.5′N,140°36.3′E,8 km,3.2,震度１,37.025,140.605
2011/4/14,6:12:58,福島県浜通り,37°00.5′N,140°36.1′E,9 km,3.2,震度１,37.00833333,140.6016667
2011/4/14,6:36:53,三陸沖,39°29.3′N,143°30.9′E,29 km,4.7,震度１,39.48833333,143.515
2011/4/14,6:43:07,福島県浜通り,36°59.7′N,140°36.2′E,9 km,4.1,震度３,36.995,140.6033333
2011/4/14,7:35:50,茨城県北部,36°46.7′N,140°34.3′E,9 km,5.1,震度４,36.77833333,140.5716667
2011/4/14,7:39:00,茨城県北部,36°46.7′N,140°34.3′E,8 km,2.9,震度１,36.77833333,140.5716667
2011/4/14,8:01:16,茨城県北部,36°46.3′N,140°34.5′E,9 km,3.7,震度２,36.77166667,140.575
2011/4/14,8:05:30,福島県沖,37°07.0′N,141°15.8′E,27 km,3.7,震度２,37.11666667,141.2633333
2011/4/14,8:36:13,千葉県北西部,35°39.6′N,140°08.5′E,64 km,2,震度１,35.66,140.1416667
2011/4/14,8:43:41,福島県中通り,37°04.3′N,140°38.9′E,15 km,3.8,震度２,37.07166667,140.6483333
2011/4/14,9:08:07,福島県中通り,37°01.7′N,140°36.2′E,9 km,2,震度１,37.02833333,140.6033333
2011/4/14,9:10:07,宮城県沖,38°20.7′N,142°14.8′E,35 km,4.2,震度２,38.345,142.2466667
2011/4/14,10:00:07,宮城県沖,38°23.6′N,141°46.4′E,58 km,3.7,震度１,38.39333333,141.7733333
2011/4/14,10:02:14,福島県浜通り,37°00.9′N,140°37.2′E,7 km,3.7,震度２,37.015,140.62
2011/4/14,10:06:49,宮城県沖,38°33.8′N,141°36.1′E,54 km,4.1,震度３,38.56333333,141.6016667
2011/4/14,10:18:17,福島県浜通り,36°54.9′N,140°43.1′E,8 km,2.9,震度１,36.915,140.7183333
2011/4/14,10:33:17,三陸沖,39°45.2′N,143°34.0′E,0 km,4.6,震度１,39.75333333,143.5666667
2011/4/14,11:01:09,福島県浜通り,37°02.0′N,140°39.8′E,13 km,2.5,震度１,37.03333333,140.6633333
2011/4/14,11:13:10,長野県北部,36°49.0′N,138°38.1′E,0 km,2.6,震度１,36.81666667,138.635
2011/4/14,11:24:10,福島県浜通り,36°57.1′N,140°39.9′E,7 km,3.9,震度２,36.95166667,140.665
2011/4/14,11:37:12,福島県浜通り,37°02.8′N,140°45.9′E,9 km,3.3,震度１,37.04666667,140.765
2011/4/14,11:46:52,福島県浜通り,36°59.2′N,140°36.0′E,6 km,3.1,震度１,36.98666667,140.6
2011/4/14,11:50:13,福島県浜通り,36°59.1′N,140°35.9′E,6 km,2.8,震度１,36.985,140.5983333
2011/4/14,12:04:07,栃木県南部,36°25.1′N,139°51.1′E,84 km,3.5,震度２,36.41833333,139.8516667
2011/4/14,12:08:58,福島県浜通り,36°59.0′N,140°46.3′E,11 km,5.4,震度４,36.98333333,140.7716667
2011/4/14,12:13:59,岩手県沖,39°01.0′N,142°27.5′E,29 km,4.2,震度１,39.01666667,142.4583333
2011/4/14,12:22:48,福島県浜通り,36°56.7′N,140°44.6′E,12 km,2.1,震度１,36.945,140.7433333
2011/4/14,12:39:26,沖縄本島近海,26°13.8′N,127°15.6′E,35 km,3.7,震度１,26.23,127.26
2011/4/14,12:44:35,茨城県北部,36°42.2′N,140°38.8′E,5 km,2.6,震度１,36.70333333,140.6466667
2011/4/14,13:01:15,福島県浜通り,37°01.4′N,140°43.1′E,8 km,3.2,震度１,37.02333333,140.7183333
2011/4/14,13:43:24,福島県沖,37°37.8′N,141°35.3′E,41 km,3.8,震度１,37.63,141.5883333
2011/4/14,13:46:30,三陸沖,39°39.2′N,143°18.3′E,22 km,4.7,震度１,39.65333333,143.305
2011/4/14,13:54:48,福島県沖,37°49.6′N,141°48.8′E,47 km,3.8,震度１,37.82666667,141.8133333
2011/4/14,13:59:39,茨城県北部,36°52.6′N,140°42.0′E,5 km,3.6,震度１,36.87666667,140.7
2011/4/14,14:14:18,福島県浜通り,37°01.2′N,140°40.2′E,12 km,3.5,震度１,37.02,140.67
2011/4/14,14:38:46,福島県浜通り,37°05.2′N,140°48.9′E,5 km,2.2,震度１,37.08666667,140.815
2011/4/14,14:49:01,福島県浜通り,36°58.7′N,140°36.1′E,8 km,3.5,震度１,36.97833333,140.6016667
2011/4/14,15:02:26,福島県浜通り,37°04.2′N,140°41.7′E,7 km,3,震度１,37.07,140.695
2011/4/14,15:03:14,宮城県中部,38°19.9′N,141°29.5′E,66 km,3.5,震度１,38.33166667,141.4916667
2011/4/14,15:07:06,茨城県沖,36°44.2′N,141°38.1′E,33 km,4.3,震度１,36.73666667,141.635
2011/4/14,15:08:43,関東東方沖,35°31.0′N,142°27.9′E,28 km,6,震度１,35.51666667,142.465
2011/4/14,15:09:06,福島県浜通り,37°08.1′N,140°49.9′E,7 km,3.2,震度２,37.135,140.8316667
2011/4/14,16:04:15,福島県沖,36°52.5′N,140°48.8′E,9 km,3.1,震度１,36.875,140.8133333
2011/4/14,16:26:08,福島県浜通り,37°00.0′N,140°44.2′E,7 km,3,震度１,37,140.7366667
2011/4/14,16:32:01,福島県沖,37°09.8′N,141°24.0′E,44 km,4,震度３,37.16333333,141.4
2011/4/14,16:41:32,福島県浜通り,37°01.5′N,140°39.2′E,8 km,3.3,震度１,37.025,140.6533333
2011/4/14,16:52:38,宮城県沖,38°46.5′N,141°57.5′E,37 km,3,震度１,38.775,141.9583333
2011/4/14,17:01:58,福島県浜通り,37°04.1′N,140°49.6′E,7 km,2,震度１,37.06833333,140.8266667
2011/4/14,17:13:18,福島県浜通り,37°05.0′N,140°49.1′E,5 km,2.5,震度１,37.08333333,140.8183333
2011/4/14,17:14:52,福島県浜通り,36°57.3′N,140°41.5′E,11 km,3.9,震度２,36.955,140.6916667
2011/4/14,17:47:12,茨城県沖,36°34.5′N,141°45.5′E,34 km,4.5,震度２,36.575,141.7583333
2011/4/14,18:18:33,宮城県沖,38°25.8′N,141°49.2′E,54 km,3.3,震度１,38.43,141.82
2011/4/14,18:25:23,長野県北部,36°49.4′N,138°36.6′E,1 km,2.9,震度１,36.82333333,138.61
2011/4/14,18:31:07,福島県浜通り,37°08.4′N,140°52.5′E,7 km,3.6,震度２,37.14,140.875
2011/4/14,18:36:54,新潟県中越地方,37°07.2′N,138°38.0′E,12 km,1.2,震度１,37.12,138.6333333
2011/4/14,18:54:00,岩手県沖,39°09.2′N,142°24.2′E,26 km,3.8,震度１,39.15333333,142.4033333
2011/4/14,18:57:00,宮城県沖,38°23.5′N,141°45.4′E,57 km,4.1,震度２,38.39166667,141.7566667
2011/4/14,19:10:04,千葉県東方沖,35°45.4′N,140°52.3′E,9 km,2.8,震度１,35.75666667,140.8716667
2011/4/14,19:32:32,三陸沖,39°47.3′N,143°25.5′E,32 km,5,震度３,39.78833333,143.425
2011/4/14,20:02:28,茨城県北部,36°50.7′N,140°35.5′E,9 km,4.2,震度３,36.845,140.5916667
2011/4/14,20:24:31,福島県浜通り,37°07.1′N,140°46.3′E,9 km,4.4,震度３,37.11833333,140.7716667
2011/4/14,20:29:50,福島県浜通り,37°07.1′N,140°46.3′E,9 km,2.4,震度１,37.11833333,140.7716667
2011/4/14,20:46:50,福島県中通り,37°01.4′N,140°35.3′E,9 km,4.1,震度３,37.02333333,140.5883333
2011/4/14,21:13:56,長崎県南西部,33°05.5′N,129°43.5′E,7 km,2.3,震度１,33.09166667,129.725
2011/4/14,21:14:42,福島県中通り,37°04.3′N,140°38.5′E,7 km,2.9,震度１,37.07166667,140.6416667
2011/4/14,21:17:37,茨城県北部,36°42.8′N,140°38.0′E,7 km,3.6,震度２,36.71333333,140.6333333
2011/4/14,21:18:16,茨城県北部,36°42.4′N,140°38.3′E,6 km,2.9,震度１,36.70666667,140.6383333
2011/4/14,21:24:07,福島県浜通り,37°05.1′N,140°49.2′E,6 km,3.9,震度３,37.085,140.82
2011/4/14,21:50:04,福島県沖,37°28.2′N,141°19.8′E,28 km,3.2,震度１,37.47,141.33
2011/4/14,22:06:19,茨城県沖,35°53.0′N,140°51.1′E,40 km,3.4,震度１,35.88333333,140.8516667
2011/4/14,22:15:21,岩手県沖,39°16.9′N,142°20.1′E,30 km,3.7,震度１,39.28166667,142.335
2011/4/14,22:45:40,福島県浜通り,36°58.9′N,140°35.5′E,7 km,3.2,震度１,36.98166667,140.5916667
2011/4/14,23:31:48,福島県浜通り,36°57.3′N,140°42.5′E,9 km,3.4,震度１,36.955,140.7083333
2011/4/14,23:33:06,新島・神津島近海,34°29.3′N,139°12.6′E,9 km,2.1,震度１,34.48833333,139.21
2011/4/14,23:34:16,福島県浜通り,36°56.9′N,140°36.9′E,8 km,3.6,震度１,36.94833333,140.615
2011/4/14,23:50:20,福島県浜通り,37°05.8′N,140°50.1′E,5 km,3,震度３,37.09666667,140.835
2011/4/14,23:50:45,茨城県沖,36°30.2′N,140°53.5′E,28 km,3.1,震度１,36.50333333,140.8916667
2011/4/15,0:15:05,福島県中通り,37°02.1′N,140°37.0′E,9 km,2.3,震度１,37.035,140.6166667
2011/4/15,0:20:49,福島県浜通り,37°00.5′N,140°38.9′E,15 km,2.9,震度１,37.00833333,140.6483333
2011/4/15,0:42:13,福島県浜通り,37°14.1′N,140°56.1′E,7 km,2.8,震度１,37.235,140.935
2011/4/15,0:49:50,根室半島南東沖,43°08.7′N,146°02.2′E,70 km,3.8,震度１,43.145,146.0366667
2011/4/15,0:57:19,福島県浜通り,37°06.1′N,140°46.0′E,7 km,2.6,震度１,37.10166667,140.7666667
2011/4/15,1:23:39,福島県浜通り,37°04.9′N,140°49.4′E,5 km,1.9,震度１,37.08166667,140.8233333
2011/4/15,1:48:34,千葉県東方沖,35°43.4′N,140°57.4′E,9 km,3.5,震度１,35.72333333,140.9566667
2011/4/15,1:56:39,福島県浜通り,37°03.8′N,140°47.1′E,8 km,2.8,震度１,37.06333333,140.785
2011/4/15,2:12:40,福島県浜通り,37°05.4′N,140°50.6′E,8 km,2.8,震度２,37.09,140.8433333
2011/4/15,3:15:12,長野県北部,36°58.4′N,138°35.8′E,8 km,3.2,震度３,36.97333333,138.5966667
2011/4/15,3:48:57,福島県浜通り,37°13.9′N,140°56.3′E,7 km,2.7,震度１,37.23166667,140.9383333
2011/4/15,3:59:45,福島県浜通り,37°01.0′N,140°42.0′E,10 km,2.9,震度１,37.01666667,140.7
2011/4/15,4:07:44,福島県浜通り,36°57.1′N,140°40.4′E,6 km,3.8,震度２,36.95166667,140.6733333
2011/4/15,4:43:50,茨城県沖,36°17.6′N,140°55.9′E,41 km,2.9,震度１,36.29333333,140.9316667
2011/4/15,4:47:44,茨城県北部,36°42.1′N,140°33.9′E,7 km,3.5,震度２,36.70166667,140.565
2011/4/15,5:00:44,福島県沖,37°12.4′N,141°13.4′E,31 km,4.2,震度３,37.20666667,141.2233333
2011/4/15,7:00:27,岩手県沖,39°04.4′N,142°23.5′E,31 km,4.1,震度２,39.07333333,142.3916667
2011/4/15,7:24:06,宮城県沖,38°55.4′N,142°16.1′E,37 km,3.8,震度１,38.92333333,142.2683333
2011/4/15,7:52:36,福島県浜通り,37°00.6′N,140°40.0′E,13 km,3.6,震度１,37.01,140.6666667
2011/4/15,7:55:34,秋田県内陸南部,39°36.5′N,140°38.3′E,4 km,3,震度２,39.60833333,140.6383333
2011/4/15,8:05:25,福島県浜通り,37°04.0′N,140°41.4′E,8 km,3.1,震度１,37.06666667,140.69
2011/4/15,8:11:19,福島県浜通り,36°53.6′N,140°42.3′E,6 km,3,震度１,36.89333333,140.705
2011/4/15,8:19:23,福島県中通り,37°02.3′N,140°30.2′E,8 km,2.3,震度１,37.03833333,140.5033333
2011/4/15,8:25:09,長野県北部,36°57.8′N,138°35.0′E,6 km,1.3,震度１,36.96333333,138.5833333
2011/4/15,8:31:49,岩手県沖,39°02.9′N,142°26.1′E,34 km,4.3,震度３,39.04833333,142.435
2011/4/15,8:53:28,宮城県沖,38°35.4′N,142°13.6′E,29 km,4.1,震度１,38.59,142.2266667
2011/4/15,9:50:36,岩手県沖,39°15.4′N,142°35.5′E,28 km,4.1,震度１,39.25666667,142.5916667
2011/4/15,10:16:44,長野県北部,36°48.7′N,138°37.3′E,0 km,2.6,震度１,36.81166667,138.6216667
2011/4/15,10:42:01,福島県中通り,37°01.7′N,140°37.0′E,15 km,2.4,震度１,37.02833333,140.6166667
2011/4/15,11:08:53,千葉県東方沖,35°40.2′N,140°55.3′E,13 km,3.6,震度１,35.67,140.9216667
2011/4/15,11:29:53,茨城県沖,36°24.4′N,141°42.4′E,53 km,3.9,震度１,36.40666667,141.7066667
2011/4/15,11:54:04,福島県中通り,37°00.6′N,140°35.5′E,6 km,3.5,震度１,37.01,140.5916667
2011/4/15,11:58:53,福島県中通り,37°02.0′N,140°37.3′E,8 km,4,震度２,37.03333333,140.6216667
2011/4/15,12:09:54,秋田県内陸南部,39°36.4′N,140°38.2′E,6 km,3,震度１,39.60666667,140.6366667
2011/4/15,12:10:11,福島県会津,37°45.9′N,140°00.9′E,7 km,3.2,震度２,37.765,140.015
2011/4/15,13:12:57,福島県中通り,37°01.5′N,140°37.2′E,9 km,3.4,震度１,37.025,140.62
2011/4/15,13:27:18,宮城県沖,38°26.3′N,141°58.2′E,61 km,3.5,震度１,38.43833333,141.97
2011/4/15,14:15:03,福島県浜通り,37°00.3′N,140°41.7′E,7 km,3.7,震度２,37.005,140.695
2011/4/15,14:48:41,福島県浜通り,37°01.3′N,140°41.2′E,7 km,3.7,震度１,37.02166667,140.6866667
2011/4/15,14:53:17,茨城県北部,36°41.5′N,140°37.9′E,5 km,3.2,震度２,36.69166667,140.6316667
2011/4/15,15:05:59,福島県沖,37°15.2′N,141°08.9′E,39 km,3.3,震度１,37.25333333,141.1483333
2011/4/15,15:27:58,長野県北部,36°54.3′N,138°32.9′E,0 km,2.9,震度１,36.905,138.5483333
2011/4/15,16:03:55,長野県北部,36°49.4′N,138°37.1′E,1 km,3.5,震度２,36.82333333,138.6183333
2011/4/15,17:05:53,福島県浜通り,37°01.1′N,140°41.3′E,7 km,3.5,震度１,37.01833333,140.6883333
2011/4/15,17:16:08,宮城県沖,38°11.8′N,141°36.9′E,54 km,3.8,震度１,38.19666667,141.615
2011/4/15,17:24:11,福島県浜通り,37°01.0′N,140°41.2′E,6 km,3.4,震度１,37.01666667,140.6866667
2011/4/15,17:27:00,福島県浜通り,36°56.0′N,140°39.3′E,9 km,3.8,震度２,36.93333333,140.655
2011/4/15,17:29:47,福島県浜通り,37°05.7′N,140°49.9′E,7 km,3.1,震度１,37.095,140.8316667
2011/4/15,17:50:30,山形県村山地方,38°31.2′N,140°00.0′E,5 km,2.9,震度１,38.52,140
2011/4/15,18:00:12,秋田県内陸南部,39°31.5′N,140°25.0′E,8 km,1.6,震度１,39.525,140.4166667
2011/4/15,18:01:56,福島県中通り,37°03.1′N,140°27.9′E,8 km,2.6,震度１,37.05166667,140.465
2011/4/15,18:50:05,福島県会津,37°44.0′N,139°57.9′E,8 km,2.7,震度１,37.73333333,139.965
2011/4/15,19:40:57,茨城県北部,36°40.1′N,140°38.1′E,6 km,3,震度１,36.66833333,140.635
2011/4/15,20:16:54,福島県浜通り,37°02.1′N,140°38.6′E,8 km,3.3,震度１,37.035,140.6433333
2011/4/15,20:19:47,岩手県沖,39°38.4′N,142°07.1′E,48 km,3.9,震度１,39.64,142.1183333
2011/4/15,21:43:05,岩手県沖,40°19.3′N,142°19.3′E,36 km,4.1,震度２,40.32166667,142.3216667
2011/4/15,21:53:04,福島県沖,37°24.7′N,141°29.2′E,19 km,4.7,震度３,37.41166667,141.4866667
2011/4/15,22:15:24,根室半島南東沖,42°46.3′N,146°18.6′E,38 km,4.2,震度１,42.77166667,146.31
2011/4/15,22:27:56,福島県浜通り,37°01.9′N,140°41.6′E,8 km,2.9,震度１,37.03166667,140.6933333
2011/4/15,22:44:24,福島県沖,37°03.9′N,141°08.5′E,51 km,4.1,震度３,37.065,141.1416667
2011/4/15,22:46:02,福島県沖,37°03.7′N,141°08.7′E,49 km,3.3,震度１,37.06166667,141.145
2011/4/15,23:34:24,岩手県沖,39°10.0′N,142°25.3′E,31 km,5,震度３,39.16666667,142.4216667
2011/4/15,23:38:00,福島県浜通り,36°59.9′N,140°36.2′E,8 km,3.5,震度１,36.99833333,140.6033333
2011/4/15,23:48:14,福島県浜通り,37°08.2′N,140°52.1′E,8 km,3.5,震度２,37.13666667,140.8683333
2011/4/15,23:51:57,福島県浜通り,36°59.7′N,140°36.8′E,10 km,3.3,震度１,36.995,140.6133333
2011/4/15,23:58:30,福島県沖,37°22.4′N,141°29.8′E,32 km,3.9,震度１,37.37333333,141.4966667
2011/4/16,0:18:22,千葉県東方沖,35°42.1′N,140°47.8′E,6 km,2.6,震度１,35.70166667,140.7966667
2011/4/16,1:04:56,福島県中通り,37°02.6′N,140°18.1′E,4 km,2.4,震度２,37.04333333,140.3016667
2011/4/16,1:09:27,福島県浜通り,37°06.8′N,140°46.6′E,6 km,1.8,震度１,37.11333333,140.7766667
2011/4/16,1:37:04,長野県北部,36°56.3′N,138°35.9′E,4 km,2.1,震度１,36.93833333,138.5983333
2011/4/16,1:44:05,福島県浜通り,37°08.4′N,140°50.2′E,7 km,2.7,震度１,37.14,140.8366667
2011/4/16,1:52:46,宮城県沖,38°19.7′N,141°54.3′E,60 km,3.7,震度１,38.32833333,141.905
2011/4/16,1:56:12,福島県浜通り,37°01.4′N,140°42.0′E,8 km,2.9,震度１,37.02333333,140.7
2011/4/16,2:07:56,宮城県沖,38°19.6′N,141°53.2′E,64 km,4.1,震度２,38.32666667,141.8866667
2011/4/16,2:55:26,岩手県内陸南部,39°11.9′N,140°52.5′E,7 km,2.8,震度１,39.19833333,140.875
2011/4/16,4:27:04,岩手県沖,40°11.0′N,142°36.2′E,27 km,4.6,震度２,40.18333333,142.6033333
2011/4/16,5:03:31,秋田県内陸南部,39°31.5′N,140°25.2′E,9 km,2.5,震度２,39.525,140.42
2011/4/16,5:22:35,宮城県沖,38°23.2′N,141°52.9′E,57 km,3.5,震度１,38.38666667,141.8816667
2011/4/16,6:06:40,福島県浜通り,37°06.8′N,140°46.6′E,5 km,1.7,震度１,37.11333333,140.7766667
2011/4/16,6:10:33,福島県沖,37°17.3′N,142°30.4′E,0 km,5.1,震度２,37.28833333,142.5066667
2011/4/16,6:43:18,福島県浜通り,36°57.7′N,140°40.9′E,11 km,2.8,震度１,36.96166667,140.6816667
2011/4/16,7:15:39,福島県中通り,37°06.2′N,140°38.0′E,13 km,3.2,震度１,37.10333333,140.6333333
2011/4/16,7:52:35,福島県浜通り,37°05.7′N,140°50.6′E,8 km,2.3,震度１,37.095,140.8433333
2011/4/16,8:22:55,宮城県沖,38°27.6′N,142°06.6′E,39 km,2.8,震度１,38.46,142.11
2011/4/16,9:43:42,岩手県沖,39°39.1′N,142°06.4′E,48 km,3.2,震度１,39.65166667,142.1066667
2011/4/16,9:58:08,宮城県沖,38°44.6′N,142°05.5′E,40 km,3.3,震度１,38.74333333,142.0916667
2011/4/16,10:11:11,石垣島北西沖,25°12.5′N,124°01.4′E,137 km,5.8,震度２,25.20833333,124.0233333
2011/4/16,11:19:32,茨城県南部,36°20.4′N,139°56.7′E,79 km,5.9,震度５強,36.34,139.945
2011/4/16,11:30:40,茨城県南部,36°20.0′N,139°57.1′E,76 km,3.3,震度１,36.33333333,139.9516667
2011/4/16,11:33:04,長野県北部,36°49.0′N,138°39.3′E,0 km,2.9,震度１,36.81666667,138.655
2011/4/16,11:37:09,長野県北部,36°49.6′N,138°33.6′E,0 km,2.4,震度１,36.82666667,138.56
2011/4/16,11:52:50,茨城県南部,36°20.2′N,139°56.2′E,77 km,3.3,震度１,36.33666667,139.9366667
2011/4/16,12:22:40,宮城県沖,38°14.9′N,141°50.5′E,60 km,4.1,震度２,38.24833333,141.8416667
2011/4/16,12:32:17,福島県沖,37°17.9′N,141°19.2′E,35 km,3.6,震度１,37.29833333,141.32
2011/4/16,13:19:54,福島県沖,37°37.9′N,141°34.6′E,46 km,4.4,震度３,37.63166667,141.5766667
2011/4/16,13:40:59,千葉県東方沖,35°37.0′N,140°52.9′E,17 km,3.1,震度１,35.61666667,140.8816667
2011/4/16,14:01:59,福島県会津,37°43.8′N,139°58.1′E,9 km,2.7,震度１,37.73,139.9683333
2011/4/16,14:25:18,新潟県中越地方,36°59.7′N,138°37.5′E,9 km,2.2,震度１,36.995,138.625
2011/4/16,15:17:00,長野県北部,36°49.5′N,138°36.5′E,0 km,2.6,震度１,36.825,138.6083333
2011/4/16,16:20:03,長野県北部,36°56.1′N,138°33.6′E,6 km,2.4,震度１,36.935,138.56
2011/4/16,16:20:21,宮城県沖,38°18.2′N,141°54.2′E,47 km,4.1,震度２,38.30333333,141.9033333
2011/4/16,16:24:38,福島県浜通り,36°56.5′N,140°44.7′E,14 km,3.6,震度２,36.94166667,140.745
2011/4/16,16:29:55,福島県中通り,37°01.6′N,140°36.8′E,15 km,4.1,震度３,37.02666667,140.6133333
2011/4/16,16:48:16,秋田県内陸南部,39°36.4′N,140°38.1′E,4 km,2.5,震度１,39.60666667,140.635
2011/4/16,16:53:25,福島県浜通り,36°58.1′N,140°50.3′E,10 km,2.7,震度１,36.96833333,140.8383333
2011/4/16,17:23:32,福島県浜通り,37°05.4′N,140°51.3′E,7 km,3.1,震度２,37.09,140.855
2011/4/16,17:44:09,山形県置賜地方,37°48.0′N,139°59.5′E,10 km,2.5,震度１,37.8,139.9916667
2011/4/16,18:08:22,福島県浜通り,37°06.5′N,140°47.1′E,6 km,2.6,震度２,37.10833333,140.785
2011/4/16,18:32:31,福島県浜通り,36°55.6′N,140°41.0′E,9 km,3,震度１,36.92666667,140.6833333
2011/4/16,18:35:00,福島県中通り,36°58.4′N,140°18.9′E,86 km,3.5,震度２,36.97333333,140.315
2011/4/16,18:37:42,福島県浜通り,37°06.8′N,140°46.6′E,5 km,1.9,震度１,37.11333333,140.7766667
2011/4/16,18:45:15,長崎県南西部,32°52.8′N,129°46.0′E,9 km,2.7,震度２,32.88,129.7666667
2011/4/16,19:47:02,新潟県中越地方,37°02.9′N,138°44.7′E,0 km,2.1,震度２,37.04833333,138.745
2011/4/16,19:50:49,岐阜県飛騨地方,36°03.2′N,137°34.5′E,10 km,3.4,震度２,36.05333333,137.575
2011/4/16,20:16:38,茨城県北部,36°38.1′N,140°35.0′E,6 km,2.7,震度１,36.635,140.5833333
2011/4/16,20:32:43,茨城県沖,36°31.4′N,141°01.7′E,36 km,3.9,震度２,36.52333333,141.0283333
2011/4/16,22:01:21,宮城県沖,38°44.0′N,142°11.4′E,39 km,3.8,震度２,38.73333333,142.19
2011/4/16,22:10:58,宮城県沖,38°10.9′N,141°46.1′E,55 km,3.7,震度１,38.18166667,141.7683333
2011/4/16,22:12:34,福島県浜通り,36°57.3′N,140°43.0′E,10 km,3.3,震度１,36.955,140.7166667
2011/4/16,22:22:56,福島県沖,37°28.1′N,141°19.2′E,28 km,3.5,震度１,37.46833333,141.32
2011/4/16,22:36:38,岩手県沖,39°38.4′N,142°06.1′E,48 km,3.8,震度２,39.64,142.1016667
2011/4/16,22:39:54,与那国島近海,24°00.1′N,122°51.0′E,20 km,4.6,震度１,24.00166667,122.85
2011/4/16,22:52:23,宮城県沖,38°20.0′N,141°45.0′E,57 km,4.1,震度１,38.33333333,141.75
2011/4/16,23:08:20,茨城県沖,36°07.3′N,141°04.7′E,42 km,3.5,震度１,36.12166667,141.0783333
2011/4/16,23:37:29,播磨灘,34°39.4′N,134°23.2′E,12 km,3.2,震度１,34.65666667,134.3866667
2011/4/16,23:52:33,福島県中通り,37°05.1′N,140°34.6′E,7 km,2.3,震度１,37.085,140.5766667
2011/4/17,0:14:19,茨城県北部,36°52.6′N,140°41.6′E,7 km,3.9,震度２,36.87666667,140.6933333
2011/4/17,0:41:16,福島県浜通り,37°05.1′N,140°49.2′E,7 km,2.1,震度１,37.085,140.82
2011/4/17,0:56:22,新潟県中越地方,37°01.3′N,138°41.3′E,8 km,4.9,震度５弱,37.02166667,138.6883333
2011/4/17,1:01:11,宮城県沖,38°20.5′N,141°53.0′E,63 km,3.8,震度１,38.34166667,141.8833333
2011/4/17,1:05:38,新潟県中越地方,37°01.2′N,138°42.6′E,8 km,2.8,震度３,37.02,138.71
2011/4/17,1:13:52,新潟県中越地方,37°01.1′N,138°41.8′E,8 km,2.7,震度３,37.01833333,138.6966667
2011/4/17,1:21:18,宮城県沖,38°40.8′N,141°37.6′E,55 km,3.8,震度２,38.68,141.6266667
2011/4/17,1:21:27,新潟県中越地方,37°02.2′N,138°42.2′E,9 km,1.6,震度１,37.03666667,138.7033333
2011/4/17,2:26:38,新潟県中越地方,37°01.5′N,138°41.5′E,10 km,2.2,震度１,37.025,138.6916667
2011/4/17,2:44:14,岡山県南部,34°53.9′N,134°09.2′E,18 km,2.6,震度１,34.89833333,134.1533333
2011/4/17,2:45:12,新潟県中越地方,37°01.7′N,138°41.4′E,10 km,1.8,震度１,37.02833333,138.69
2011/4/17,3:03:01,千葉県東方沖,35°51.8′N,140°55.8′E,15 km,3.7,震度１,35.86333333,140.93
2011/4/17,3:57:24,福島県浜通り,37°02.0′N,140°39.9′E,6 km,3.2,震度１,37.03333333,140.665
2011/4/17,4:17:52,新潟県中越地方,37°02.0′N,138°41.6′E,8 km,3.2,震度３,37.03333333,138.6933333
2011/4/17,5:01:33,新潟県中越地方,37°01.7′N,138°41.5′E,9 km,2.7,震度２,37.02833333,138.6916667
2011/4/17,5:19:16,福島県浜通り,37°05.8′N,140°49.7′E,8 km,4.5,震度３,37.09666667,140.8283333
2011/4/17,5:21:33,茨城県沖,36°10.7′N,140°58.2′E,52 km,4.7,震度３,36.17833333,140.97
2011/4/17,5:36:48,関東東方沖,36°56.1′N,143°45.7′E,54 km,5.4,震度１,36.935,143.7616667
2011/4/17,5:54:10,宮城県沖,38°38.3′N,141°53.3′E,49 km,4,震度２,38.63833333,141.8883333
2011/4/17,6:00:23,福島県浜通り,37°05.9′N,140°49.0′E,6 km,3.1,震度２,37.09833333,140.8166667
2011/4/17,6:29:39,宮城県沖,38°19.1′N,141°48.4′E,58 km,3.9,震度２,38.31833333,141.8066667
2011/4/17,7:02:42,福島県浜通り,37°05.8′N,140°49.2′E,8 km,2.3,震度１,37.09666667,140.82
2011/4/17,8:01:23,福島県中通り,37°00.9′N,140°35.3′E,7 km,3.5,震度２,37.015,140.5883333
2011/4/17,10:37:51,宮城県沖,38°39.0′N,142°22.2′E,38 km,4.8,震度３,38.65,142.37
2011/4/17,11:21:26,宮城県沖,38°16.4′N,141°31.4′E,18 km,3.9,震度１,38.27333333,141.5233333
2011/4/17,11:22:52,福島県浜通り,37°04.8′N,140°48.6′E,6 km,2.6,震度１,37.08,140.81
2011/4/17,11:35:24,宮城県沖,38°25.4′N,142°05.9′E,31 km,3.7,震度１,38.42333333,142.0983333
2011/4/17,12:10:11,宮城県沖,38°45.2′N,142°01.4′E,39 km,3.3,震度１,38.75333333,142.0233333
2011/4/17,12:43:59,茨城県北部,36°51.6′N,140°35.1′E,9 km,3.7,震度２,36.86,140.585
2011/4/17,12:45:04,茨城県北部,36°50.0′N,140°36.9′E,5 km,3.5,震度１,36.83333333,140.615
2011/4/17,13:23:23,茨城県沖,36°16.1′N,140°46.9′E,37 km,4,震度２,36.26833333,140.7816667
2011/4/17,13:23:58,宮城県沖,38°24.1′N,141°54.3′E,59 km,4.3,震度３,38.40166667,141.905
2011/4/17,13:39:00,千葉県北東部,35°52.0′N,140°28.2′E,35 km,4.5,震度３,35.86666667,140.47
2011/4/17,14:38:48,福島県浜通り,37°00.6′N,140°40.8′E,7 km,4.5,震度３,37.01,140.68
2011/4/17,14:42:36,宮城県沖,38°34.3′N,141°53.4′E,49 km,3.8,震度１,38.57166667,141.89
2011/4/17,14:45:33,新潟県中越地方,37°01.2′N,138°41.8′E,9 km,2.3,震度２,37.02,138.6966667
2011/4/17,15:21:42,福島県中通り,37°04.1′N,140°36.4′E,6 km,3.3,震度２,37.06833333,140.6066667
2011/4/17,15:25:38,福島県浜通り,37°06.5′N,140°52.2′E,7 km,2.6,震度１,37.10833333,140.87
2011/4/17,15:49:23,千葉県北東部,35°52.0′N,140°27.8′E,35 km,4.6,震度３,35.86666667,140.4633333
2011/4/17,15:52:08,福島県中通り,37°00.6′N,140°35.9′E,9 km,3.3,震度１,37.01,140.5983333
2011/4/17,16:06:05,宮城県沖,38°53.3′N,141°58.3′E,50 km,3.9,震度２,38.88833333,141.9716667
2011/4/17,16:12:50,福島県沖,37°24.4′N,141°24.3′E,47 km,4.3,震度２,37.40666667,141.405
2011/4/17,16:28:48,福島県浜通り,37°05.7′N,140°41.9′E,9 km,2.6,震度１,37.095,140.6983333
2011/4/17,16:47:28,福島県中通り,37°04.9′N,140°28.8′E,7 km,2.3,震度１,37.08166667,140.48
2011/4/17,17:03:47,福島県浜通り,37°05.2′N,140°42.9′E,9 km,4.3,震度３,37.08666667,140.715
2011/4/17,17:04:41,福島県浜通り,37°05.3′N,140°42.6′E,7 km,3,震度１,37.08833333,140.71
2011/4/17,17:40:01,福島県浜通り,37°04.4′N,140°48.8′E,8 km,2.8,震度１,37.07333333,140.8133333
2011/4/17,18:51:08,宮城県中部,38°19.5′N,140°41.7′E,13 km,2.3,震度１,38.325,140.695
2011/4/17,19:07:15,福島県浜通り,37°05.5′N,140°43.2′E,8 km,3.1,震度２,37.09166667,140.72
2011/4/17,20:56:18,茨城県南部,36°09.6′N,140°04.3′E,50 km,3.1,震度２,36.16,140.0716667
2011/4/17,21:13:05,岩手県沖,39°10.0′N,142°23.5′E,26 km,4.1,震度１,39.16666667,142.3916667
2011/4/17,21:14:14,新潟県中越地方,37°02.3′N,138°42.3′E,9 km,2.4,震度２,37.03833333,138.705
2011/4/17,21:51:43,福島県浜通り,37°03.9′N,140°43.8′E,8 km,4.6,震度３,37.065,140.73
2011/4/17,23:05:58,千葉県北東部,35°44.8′N,140°45.4′E,6 km,2.4,震度１,35.74666667,140.7566667
2011/4/17,23:10:17,茨城県北部,36°44.7′N,140°35.2′E,8 km,4,震度３,36.745,140.5866667
2011/4/17,23:19:49,茨城県北部,36°44.1′N,140°36.3′E,7 km,2.9,震度１,36.735,140.605
2011/4/17,23:42:26,福島県浜通り,37°01.4′N,140°40.6′E,7 km,3.8,震度２,37.02333333,140.6766667
2011/4/17,23:46:52,福島県浜通り,37°05.6′N,140°50.0′E,7 km,4.5,震度４,37.09333333,140.8333333
2011/4/17,23:57:26,福島県浜通り,37°05.7′N,140°50.1′E,5 km,2.7,震度２,37.095,140.835
2011/4/18,0:28:16,福島県浜通り,37°05.7′N,140°50.2′E,4 km,2.4,震度２,37.095,140.8366667
2011/4/18,0:38:38,青森県東方沖,40°33.9′N,141°39.9′E,76 km,3.2,震度１,40.565,141.665
2011/4/18,0:40:47,福島県浜通り,37°05.2′N,140°49.5′E,5 km,2,震度１,37.08666667,140.825
2011/4/18,0:47:29,福島県沖,36°59.8′N,141°16.8′E,29 km,4.8,震度３,36.99666667,141.28
2011/4/18,0:53:42,千葉県北西部,35°51.8′N,140°28.4′E,34 km,3.1,震度１,35.86333333,140.4733333
2011/4/18,1:00:02,茨城県沖,36°40.1′N,141°41.8′E,32 km,4.6,震度１,36.66833333,141.6966667
2011/4/18,1:22:20,長野県北部,36°54.6′N,138°33.6′E,0 km,2.7,震度２,36.91,138.56
2011/4/18,1:29:30,福島県沖,37°01.0′N,141°15.8′E,29 km,3.4,震度１,37.01666667,141.2633333
2011/4/18,1:48:01,福島県沖,37°24.4′N,141°31.8′E,40 km,4.4,震度２,37.40666667,141.53
2011/4/18,1:56:46,茨城県沖,36°10.8′N,141°01.1′E,38 km,4,震度２,36.18,141.0183333
2011/4/18,1:56:48,宮城県沖,38°44.6′N,142°14.0′E,38 km,4.1,震度２,38.74333333,142.2333333
2011/4/18,2:29:11,福島県浜通り,37°05.7′N,140°50.1′E,6 km,2.6,震度２,37.095,140.835
2011/4/18,2:34:19,宮城県沖,38°02.4′N,142°37.4′E,19 km,4.3,震度１,38.04,142.6233333
2011/4/18,2:37:19,福島県浜通り,37°05.0′N,140°43.1′E,9 km,3,震度１,37.08333333,140.7183333
2011/4/18,2:42:51,福島県浜通り,37°05.8′N,140°49.8′E,7 km,2.8,震度１,37.09666667,140.83
2011/4/18,3:08:49,千葉県北西部,35°47.6′N,140°06.7′E,65 km,4.4,震度３,35.79333333,140.1116667
2011/4/18,3:20:31,長野県北部,36°57.6′N,138°33.2′E,6 km,2.8,震度３,36.96,138.5533333
2011/4/18,3:33:42,福島県浜通り,37°00.7′N,140°42.2′E,10 km,4.1,震度３,37.01166667,140.7033333
2011/4/18,4:18:25,千葉県東方沖,35°40.8′N,140°50.1′E,27 km,2.7,震度１,35.68,140.835
2011/4/18,4:21:20,福島県浜通り,37°06.4′N,140°52.1′E,8 km,2.6,震度１,37.10666667,140.8683333
2011/4/18,4:48:32,十勝地方中部,42°46.5′N,143°11.0′E,103 km,3,震度１,42.775,143.1833333
2011/4/18,5:20:34,茨城県沖,36°34.0′N,141°16.9′E,42 km,4.2,震度２,36.56666667,141.2816667
2011/4/18,5:59:12,宮城県沖,38°26.5′N,141°46.3′E,53 km,3.3,震度１,38.44166667,141.7716667
2011/4/18,7:02:54,茨城県沖,36°47.5′N,140°57.2′E,51 km,3.6,震度１,36.79166667,140.9533333
2011/4/18,9:03:06,宮城県沖,38°26.0′N,142°14.0′E,27 km,4.2,震度１,38.43333333,142.2333333
2011/4/18,9:13:28,福島県沖,37°13.7′N,141°41.8′E,33 km,2.8,震度１,37.22833333,141.6966667
2011/4/18,9:19:21,宮城県沖,38°50.9′N,142°02.7′E,46 km,3.6,震度１,38.84833333,142.045
2011/4/18,9:47:56,静岡県東部,35°19.2′N,138°44.0′E,14 km,2.9,震度２,35.32,138.7333333
2011/4/18,10:11:15,福島県沖,37°29.9′N,141°44.8′E,38 km,3.8,震度１,37.49833333,141.7466667
2011/4/18,10:30:37,福島県浜通り,37°08.2′N,140°48.1′E,7 km,3,震度３,37.13666667,140.8016667
2011/4/18,10:43:54,福島県浜通り,37°08.0′N,140°47.9′E,7 km,2.4,震度１,37.13333333,140.7983333
2011/4/18,11:08:14,福島県中通り,37°05.2′N,140°39.5′E,8 km,4.2,震度４,37.08666667,140.6583333
2011/4/18,11:16:08,福島県中通り,37°02.4′N,140°36.4′E,5 km,3,震度１,37.04,140.6066667
2011/4/18,11:28:38,福島県沖,37°35.5′N,141°38.6′E,49 km,3.5,震度１,37.59166667,141.6433333
2011/4/18,11:52:57,福島県中通り,37°01.1′N,140°32.8′E,6 km,3,震度１,37.01833333,140.5466667
2011/4/18,12:13:49,岩手県沖,39°16.7′N,142°14.6′E,42 km,3.6,震度１,39.27833333,142.2433333
2011/4/18,12:57:47,福島県中通り,37°02.1′N,140°36.6′E,5 km,2.4,震度１,37.035,140.61
2011/4/18,13:07:29,宮崎県北部山沿い,32°46.4′N,131°18.9′E,13 km,3.6,震度２,32.77333333,131.315
2011/4/18,13:20:52,宮城県沖,38°18.2′N,141°47.2′E,58 km,3.6,震度１,38.30333333,141.7866667
2011/4/18,14:09:28,栃木県南部,36°19.7′N,139°27.0′E,121 km,2.3,震度１,36.32833333,139.45
2011/4/18,14:11:43,茨城県北部,36°43.6′N,140°36.5′E,7 km,3.8,震度２,36.72666667,140.6083333
2011/4/18,14:32:27,福島県浜通り,37°05.8′N,140°51.0′E,4 km,2.2,震度１,37.09666667,140.85
2011/4/18,14:34:48,福島県中通り,37°01.0′N,140°32.9′E,6 km,2.2,震度１,37.01666667,140.5483333
2011/4/18,14:54:25,福島県浜通り,37°01.0′N,140°41.4′E,10 km,3.6,震度２,37.01666667,140.69
2011/4/18,15:45:39,茨城県北部,36°52.6′N,140°41.4′E,7 km,3.2,震度１,36.87666667,140.69
2011/4/18,16:21:09,茨城県沖,36°25.6′N,141°06.2′E,46 km,4.1,震度２,36.42666667,141.1033333
2011/4/18,16:52:51,長野県北部,36°58.7′N,138°30.7′E,8 km,2.2,震度１,36.97833333,138.5116667
2011/4/18,17:02:00,福島県沖,37°10.3′N,141°14.5′E,29 km,4.4,震度３,37.17166667,141.2416667
2011/4/18,17:07:42,福島県浜通り,37°01.3′N,140°40.8′E,12 km,2.9,震度１,37.02166667,140.68
2011/4/18,17:16:29,滋賀県北部,35°23.4′N,136°17.3′E,38 km,3.6,震度２,35.39,136.2883333
2011/4/18,17:40:49,福島県浜通り,37°08.1′N,140°48.4′E,7 km,2.4,震度１,37.135,140.8066667
2011/4/18,17:44:37,福島県浜通り,36°56.7′N,140°38.1′E,7 km,4.1,震度２,36.945,140.635
2011/4/18,18:17:24,茨城県北部,36°48.4′N,140°33.2′E,8 km,3.3,震度１,36.80666667,140.5533333
2011/4/18,18:45:33,福島県浜通り,37°07.3′N,140°46.9′E,7 km,2.3,震度１,37.12166667,140.7816667
2011/4/18,18:58:35,大分県中部,33°16.4′N,131°23.8′E,9 km,2.7,震度２,33.27333333,131.3966667
2011/4/18,19:56:05,宮城県沖,38°31.2′N,141°50.1′E,48 km,4.1,震度２,38.52,141.835
2011/4/18,21:16:58,福島県浜通り,37°04.5′N,140°40.0′E,13 km,3.2,震度１,37.075,140.6666667
2011/4/18,22:03:21,岩手県沖,40°10.1′N,142°22.6′E,37 km,4.6,震度２,40.16833333,142.3766667
2011/4/18,22:11:13,茨城県南部,36°05.1′N,140°00.5′E,65 km,3,震度１,36.085,140.0083333
2011/4/18,23:08:01,福島県浜通り,36°59.0′N,140°42.5′E,9 km,3,震度１,36.98333333,140.7083333
2011/4/18,23:09:12,福島県浜通り,37°03.0′N,140°47.4′E,9 km,2.6,震度１,37.05,140.79
2011/4/18,23:19:26,宮城県沖,38°19.2′N,141°53.7′E,64 km,3.9,震度１,38.32,141.895
2011/4/18,23:58:13,福島県沖,36°52.7′N,140°48.6′E,8 km,3.5,震度２,36.87833333,140.81
2011/4/19,0:07:56,福島県浜通り,37°13.7′N,140°56.0′E,7 km,4.1,震度３,37.22833333,140.9333333
2011/4/19,0:23:48,茨城県北部,36°15.2′N,140°28.7′E,52 km,2.9,震度１,36.25333333,140.4783333
2011/4/19,0:33:24,和歌山県北部,34°07.6′N,135°13.3′E,6 km,2.4,震度１,34.12666667,135.2216667
2011/4/19,0:36:07,福島県中通り,37°01.9′N,140°34.2′E,10 km,3.1,震度１,37.03166667,140.57
2011/4/19,0:43:47,千葉県東方沖,35°28.9′N,140°51.6′E,24 km,3.8,震度２,35.48166667,140.86
2011/4/19,1:20:20,福島県沖,37°25.4′N,141°17.3′E,33 km,3.9,震度２,37.42333333,141.2883333
2011/4/19,2:17:17,青森県三八上北地方,40°29.5′N,141°07.1′E,10 km,2.2,震度１,40.49166667,141.1183333
2011/4/19,2:26:06,青森県東方沖,41°29.0′N,142°00.3′E,63 km,4,震度２,41.48333333,142.005
2011/4/19,2:29:03,福島県沖,36°55.6′N,141°12.9′E,45 km,3.8,震度１,36.92666667,141.215
2011/4/19,2:37:08,神奈川県東部,35°33.2′N,139°40.0′E,84 km,4.2,震度３,35.55333333,139.6666667
2011/4/19,2:54:18,茨城県沖,36°18.6′N,141°17.3′E,47 km,3.8,震度１,36.31,141.2883333
2011/4/19,3:02:35,三陸沖,39°26.6′N,142°53.2′E,23 km,4.8,震度２,39.44333333,142.8866667
2011/4/19,3:31:48,伊豆大島近海,34°50.0′N,139°14.2′E,9 km,2.2,震度１,34.83333333,139.2366667
2011/4/19,4:14:27,秋田県内陸南部,39°36.1′N,140°23.2′E,6 km,4.9,震度５弱,39.60166667,140.3866667
2011/4/19,4:17:07,秋田県内陸南部,39°36.5′N,140°23.1′E,5 km,3,震度２,39.60833333,140.385
2011/4/19,4:18:47,秋田県内陸南部,39°35.4′N,140°23.3′E,6 km,2.6,震度１,39.59,140.3883333
2011/4/19,4:21:48,福島県浜通り,36°58.0′N,140°49.0′E,10 km,2.5,震度１,36.96666667,140.8166667
2011/4/19,4:27:37,秋田県内陸南部,39°34.8′N,140°23.6′E,6 km,2.6,震度２,39.58,140.3933333
2011/4/19,4:41:45,新潟県中越地方,37°01.1′N,138°41.6′E,9 km,2.6,震度２,37.01833333,138.6933333
2011/4/19,5:00:03,秋田県内陸南部,39°34.8′N,140°23.7′E,5 km,2,震度１,39.58,140.395
2011/4/19,5:56:12,秋田県内陸南部,39°34.1′N,140°23.8′E,3 km,1.8,震度１,39.56833333,140.3966667
2011/4/19,5:57:01,福島県浜通り,37°05.5′N,140°49.2′E,7 km,2.6,震度１,37.09166667,140.82
2011/4/19,6:13:44,千葉県東方沖,35°42.1′N,140°48.8′E,21 km,3.1,震度１,35.70166667,140.8133333
2011/4/19,6:33:51,茨城県沖,36°42.8′N,141°28.0′E,37 km,4.8,震度３,36.71333333,141.4666667
2011/4/19,7:08:12,長野県中部,36°22.2′N,138°33.1′E,0 km,1.6,震度１,36.37,138.5516667
2011/4/19,7:09:27,秋田県内陸南部,39°34.7′N,140°23.5′E,6 km,3,震度２,39.57833333,140.3916667
2011/4/19,7:34:10,秋田県内陸南部,39°34.4′N,140°23.5′E,6 km,1.8,震度１,39.57333333,140.3916667
2011/4/19,7:57:20,福島県会津,37°45.4′N,139°56.2′E,3 km,3.2,震度２,37.75666667,139.9366667
2011/4/19,8:22:48,山梨県中・西部,35°51.9′N,138°46.7′E,12 km,2.4,震度１,35.865,138.7783333
2011/4/19,8:24:13,秋田県内陸南部,39°34.6′N,140°23.6′E,6 km,2.2,震度１,39.57666667,140.3933333
2011/4/19,8:39:39,秋田県内陸南部,39°35.5′N,140°23.6′E,6 km,2.1,震度１,39.59166667,140.3933333
2011/4/19,8:44:33,茨城県北部,36°41.5′N,140°37.8′E,5 km,3,震度１,36.69166667,140.63
2011/4/19,8:47:34,新潟県中越地方,36°58.9′N,138°36.1′E,10 km,3,震度２,36.98166667,138.6016667
2011/4/19,9:06:55,福島県沖,37°45.7′N,141°38.2′E,54 km,3.9,震度２,37.76166667,141.6366667
2011/4/19,9:28:02,福島県中通り,37°03.7′N,140°36.6′E,4 km,2.8,震度１,37.06166667,140.61
2011/4/19,9:46:56,茨城県南部,36°05.3′N,140°00.7′E,67 km,3.6,震度２,36.08833333,140.0116667
2011/4/19,9:48:31,茨城県沖,36°14.8′N,140°54.0′E,37 km,3.2,震度１,36.24666667,140.9
2011/4/19,11:19:49,宮城県沖,38°01.7′N,141°52.9′E,49 km,3.7,震度１,38.02833333,141.8816667
2011/4/19,11:21:57,宮城県沖,38°44.7′N,142°11.3′E,37 km,3.7,震度１,38.745,142.1883333
2011/4/19,11:26:51,岩手県沖,39°09.3′N,142°20.5′E,37 km,3.9,震度１,39.155,142.3416667
2011/4/19,11:49:47,秋田県内陸南部,39°34.2′N,140°23.2′E,5 km,2.3,震度２,39.57,140.3866667
2011/4/19,11:56:44,秋田県内陸南部,39°34.1′N,140°23.3′E,4 km,1.8,震度１,39.56833333,140.3883333
2011/4/19,12:02:52,宮城県沖,38°09.9′N,141°42.4′E,50 km,3.7,震度１,38.165,141.7066667
2011/4/19,12:10:09,福島県浜通り,37°05.9′N,140°50.0′E,8 km,2.9,震度２,37.09833333,140.8333333
2011/4/19,12:11:02,静岡県東部,35°18.1′N,138°42.7′E,12 km,3.3,震度２,35.30166667,138.7116667
2011/4/19,12:59:53,茨城県沖,36°44.8′N,140°48.2′E,14 km,3.9,震度２,36.74666667,140.8033333
2011/4/19,13:04:32,福島県沖,37°20.6′N,143°27.3′E,41 km,4.7,震度１,37.34333333,143.455
2011/4/19,14:05:25,奄美大島北西沖,28°06.4′N,128°02.4′E,16 km,4.7,震度１,28.10666667,128.04
2011/4/19,15:29:33,福島県浜通り,37°05.4′N,140°50.9′E,8 km,2.4,震度１,37.09,140.8483333
2011/4/19,15:53:33,福島県浜通り,37°01.0′N,140°39.0′E,7 km,4.6,震度３,37.01666667,140.65
2011/4/19,15:59:42,福島県浜通り,37°01.3′N,140°39.4′E,5 km,3,震度１,37.02166667,140.6566667
2011/4/19,16:03:04,福島県沖,37°20.2′N,141°26.1′E,31 km,3.6,震度１,37.33666667,141.435
2011/4/19,16:28:07,岡山県南部,34°37.0′N,133°26.0′E,15 km,2.8,震度１,34.61666667,133.4333333
2011/4/19,16:29:45,福島県中通り,36°59.5′N,140°30.6′E,8 km,2.7,震度１,36.99166667,140.51
2011/4/19,18:45:09,千葉県東方沖,35°42.3′N,140°56.2′E,10 km,2.9,震度１,35.705,140.9366667
2011/4/19,18:54:29,福島県沖,37°29.2′N,141°22.2′E,27 km,3.4,震度１,37.48666667,141.37
2011/4/19,19:00:59,宮城県沖,38°32.7′N,141°58.0′E,32 km,3.6,震度１,38.545,141.9666667
2011/4/19,19:02:21,福島県中通り,36°58.2′N,140°34.8′E,8 km,3,震度１,36.97,140.58
2011/4/19,20:34:23,茨城県北部,36°42.0′N,140°37.9′E,5 km,2.9,震度１,36.7,140.6316667
2011/4/19,20:36:37,秋田県内陸南部,39°34.8′N,140°23.5′E,3 km,1.9,震度１,39.58,140.3916667
2011/4/19,20:52:35,千葉県東方沖,35°41.9′N,140°56.0′E,10 km,3.7,震度１,35.69833333,140.9333333
2011/4/19,21:34:27,福島県浜通り,37°04.4′N,140°40.2′E,9 km,4.1,震度３,37.07333333,140.67
2011/4/19,21:55:33,岩手県沖,40°04.6′N,142°06.7′E,48 km,4.3,震度４,40.07666667,142.1116667
2011/4/19,22:03:11,福島県会津,37°42.0′N,139°57.0′E,9 km,2.8,震度１,37.7,139.95
2011/4/19,22:06:09,奄美大島北西沖,28°05.0′N,128°03.8′E,16 km,4,震度１,28.08333333,128.0633333
2011/4/19,22:22:53,秋田県内陸南部,39°37.3′N,140°37.2′E,4 km,2.6,震度２,39.62166667,140.62
2011/4/19,22:59:59,秋田県内陸南部,39°35.1′N,140°23.3′E,5 km,2.6,震度２,39.585,140.3883333
2011/4/19,23:01:34,茨城県沖,36°38.5′N,141°03.4′E,42 km,3.5,震度１,36.64166667,141.0566667
2011/4/19,23:04:53,福島県浜通り,36°54.3′N,140°41.1′E,9 km,1.6,震度１,36.905,140.685
2011/4/19,23:10:20,茨城県南部,36°10.1′N,139°48.4′E,53 km,5,震度４,36.16833333,139.8066667
2011/4/19,23:29:36,茨城県沖,36°18.3′N,141°02.3′E,45 km,3.6,震度１,36.305,141.0383333
2011/4/19,23:35:37,福島県浜通り,36°58.3′N,140°45.4′E,10 km,3.5,震度２,36.97166667,140.7566667
2011/4/19,23:47:08,福島県沖,36°52.8′N,140°48.8′E,8 km,4.5,震度４,36.88,140.8133333
2011/4/20,0:22:04,千葉県東方沖,35°42.5′N,140°54.6′E,9 km,2.8,震度１,35.70833333,140.91
2011/4/20,0:48:30,宮城県沖,38°17.2′N,141°53.4′E,66 km,3.6,震度１,38.28666667,141.89
2011/4/20,1:10:32,宮城県沖,38°24.0′N,141°53.4′E,57 km,3.6,震度１,38.4,141.89
2011/4/20,1:23:45,福島県浜通り,37°05.6′N,140°42.5′E,7 km,2.8,震度１,37.09333333,140.7083333
2011/4/20,1:32:57,長崎県南西部,32°52.8′N,129°45.8′E,9 km,2.6,震度１,32.88,129.7633333
2011/4/20,2:35:33,日向灘,32°10.4′N,131°59.0′E,30 km,3.7,震度２,32.17333333,131.9833333
2011/4/20,3:14:37,福島県沖,37°18.2′N,141°17.6′E,49 km,3.4,震度１,37.30333333,141.2933333
2011/4/20,4:02:07,千葉県東方沖,35°26.9′N,140°55.1′E,26 km,4.2,震度２,35.44833333,140.9183333
2011/4/20,4:29:23,福島県沖,37°02.7′N,141°09.7′E,47 km,4.4,震度３,37.045,141.1616667
2011/4/20,5:20:55,茨城県沖,36°32.0′N,141°01.9′E,34 km,3.7,震度２,36.53333333,141.0316667
2011/4/20,5:44:34,神奈川県西部,35°23.4′N,139°12.3′E,0 km,1.8,震度２,35.39,139.205
2011/4/20,5:58:33,福島県沖,37°04.8′N,141°15.1′E,42 km,3.7,震度１,37.08,141.2516667
2011/4/20,6:22:43,福島県浜通り,36°55.4′N,140°42.4′E,9 km,3.1,震度１,36.92333333,140.7066667
2011/4/20,6:38:01,茨城県沖,36°26.8′N,140°55.5′E,33 km,4,震度３,36.44666667,140.925
2011/4/20,7:33:58,新潟県中越地方,37°02.2′N,138°42.6′E,8 km,2.6,震度３,37.03666667,138.71
2011/4/20,7:58:34,岩手県沖,39°11.6′N,142°25.2′E,31 km,3.9,震度１,39.19333333,142.42
2011/4/20,8:07:02,房総半島南方沖,34°07.2′N,140°14.8′E,84 km,5,震度２,34.12,140.2466667
2011/4/20,8:28:44,福島県浜通り,36°59.5′N,140°36.9′E,9 km,3.3,震度１,36.99166667,140.615
2011/4/20,9:05:27,秋田県内陸南部,39°33.3′N,140°26.9′E,9 km,2.5,震度１,39.555,140.4483333
2011/4/20,9:35:28,秋田県内陸南部,39°34.4′N,140°23.4′E,6 km,2.4,震度１,39.57333333,140.39
2011/4/20,9:39:24,福島県浜通り,36°56.5′N,140°39.1′E,5 km,3.9,震度２,36.94166667,140.6516667
2011/4/20,9:50:50,福島県浜通り,37°01.5′N,140°40.5′E,7 km,4.8,震度３,37.025,140.675
2011/4/20,10:00:53,福島県浜通り,37°05.2′N,140°49.4′E,5 km,2.9,震度２,37.08666667,140.8233333
2011/4/20,10:46:18,福島県浜通り,37°04.9′N,140°40.6′E,8 km,2.8,震度１,37.08166667,140.6766667
2011/4/20,12:09:13,宮城県沖,38°26.1′N,142°11.6′E,27 km,3.7,震度１,38.435,142.1933333
2011/4/20,13:22:37,福島県浜通り,37°02.7′N,140°47.9′E,9 km,3.8,震度１,37.045,140.7983333
2011/4/20,15:05:18,岩手県沖,39°24.4′N,142°26.6′E,34 km,4.4,震度２,39.40666667,142.4433333
2011/4/20,15:06:37,青森県下北地方,41°11.0′N,140°57.6′E,6 km,2.8,震度１,41.18333333,140.96
2011/4/20,15:18:03,宮城県沖,38°52.5′N,142°00.0′E,49 km,3.5,震度１,38.875,142
2011/4/20,15:45:23,茨城県沖,36°39.7′N,141°02.5′E,47 km,3.3,震度１,36.66166667,141.0416667
2011/4/20,15:53:52,宮城県沖,38°47.3′N,142°04.7′E,41 km,3.2,震度１,38.78833333,142.0783333
2011/4/20,16:09:30,宮城県沖,38°20.9′N,141°44.2′E,57 km,3.5,震度１,38.34833333,141.7366667
2011/4/20,16:27:22,宮城県沖,38°20.7′N,142°03.1′E,34 km,3.7,震度１,38.345,142.0516667
2011/4/20,16:52:14,茨城県沖,36°14.7′N,141°51.2′E,33 km,4.4,震度１,36.245,141.8533333
2011/4/20,17:30:25,茨城県沖,36°47.0′N,141°06.2′E,46 km,4.1,震度３,36.78333333,141.1033333
2011/4/20,18:06:16,福島県沖,36°57.7′N,141°13.1′E,42 km,3.7,震度２,36.96166667,141.2183333
2011/4/20,18:27:19,秋田県内陸南部,39°37.3′N,140°37.2′E,4 km,3.8,震度３,39.62166667,140.62
2011/4/20,19:01:22,宮城県沖,38°10.0′N,141°45.3′E,55 km,3.6,震度１,38.16666667,141.755
2011/4/20,19:15:37,滋賀県北部,35°21.6′N,135°55.9′E,11 km,2.5,震度２,35.36,135.9316667
2011/4/20,21:48:38,滋賀県北部,35°21.7′N,135°56.1′E,11 km,2,震度１,35.36166667,135.935
2011/4/20,21:54:52,宮城県中部,38°19.5′N,140°41.6′E,12 km,2.1,震度１,38.325,140.6933333
2011/4/20,22:24:14,茨城県沖,36°26.4′N,141°04.7′E,45 km,3.8,震度１,36.44,141.0783333
2011/4/21,0:00:24,福島県浜通り,37°02.1′N,140°50.5′E,9 km,3.8,震度２,37.035,140.8416667
2011/4/21,0:29:08,淡路島付近,34°25.1′N,134°49.8′E,16 km,3.5,震度２,34.41833333,134.83
2011/4/21,0:29:45,茨城県沖,36°38.4′N,140°54.2′E,50 km,4.2,震度３,36.64,140.9033333
2011/4/21,1:33:21,宮城県沖,38°08.8′N,141°44.4′E,55 km,4.5,震度３,38.14666667,141.74
2011/4/21,1:52:16,新潟県中越地方,37°00.8′N,138°42.4′E,8 km,1.8,震度１,37.01333333,138.7066667
2011/4/21,1:57:12,宮城県沖,38°17.0′N,142°00.5′E,44 km,3.9,震度１,38.28333333,142.0083333
2011/4/21,3:25:09,埼玉県南部,35°54.2′N,139°48.9′E,77 km,3.4,震度１,35.90333333,139.815
2011/4/21,3:41:06,福島県浜通り,37°04.2′N,140°40.6′E,8 km,3.9,震度３,37.07,140.6766667
2011/4/21,4:04:24,福島県浜通り,36°53.3′N,140°42.3′E,10 km,3.8,震度３,36.88833333,140.705
2011/4/21,4:17:43,福島県浜通り,36°54.8′N,140°39.4′E,7 km,3.2,震度１,36.91333333,140.6566667
2011/4/21,4:22:00,茨城県沖,36°22.5′N,141°00.3′E,39 km,3.6,震度１,36.375,141.005
2011/4/21,4:25:02,秋田県内陸南部,39°37.5′N,140°23.9′E,4 km,3.7,震度３,39.625,140.3983333
2011/4/21,5:07:36,茨城県南部,35°59.1′N,140°16.1′E,40 km,3.2,震度１,35.985,140.2683333
2011/4/21,5:32:28,茨城県南部,36°10.6′N,140°03.1′E,51 km,3.7,震度２,36.17666667,140.0516667
2011/4/21,5:51:56,福島県浜通り,37°04.0′N,140°41.9′E,8 km,4.3,震度３,37.06666667,140.6983333
2011/4/21,5:57:46,福島県浜通り,37°03.6′N,140°42.0′E,7 km,3.2,震度１,37.06,140.7
2011/4/21,6:08:44,宮城県沖,38°22.1′N,142°04.9′E,31 km,1.9,震度１,38.36833333,142.0816667
2011/4/21,7:10:20,奄美大島近海,28°07.5′N,129°12.9′E,31 km,3.8,震度２,28.125,129.215
2011/4/21,7:24:31,茨城県北部,36°40.2′N,140°43.6′E,11 km,2.9,震度１,36.67,140.7266667
2011/4/21,8:04:45,福島県浜通り,37°01.1′N,140°41.5′E,10 km,3.1,震度１,37.01833333,140.6916667
2011/4/21,8:31:41,山形県置賜地方,37°47.7′N,139°59.5′E,8 km,2.8,震度１,37.795,139.9916667
2011/4/21,8:34:05,宮城県沖,38°24.6′N,142°05.9′E,38 km,4,震度１,38.41,142.0983333
2011/4/21,9:36:11,茨城県南部,35°47.6′N,140°45.4′E,6 km,3.8,震度２,35.79333333,140.7566667
2011/4/21,9:39:02,三陸沖,40°19.7′N,143°40.7′E,10 km,5.7,震度２,40.32833333,143.6783333
2011/4/21,9:40:01,福島県沖,37°18.4′N,141°08.5′E,26 km,4.4,震度２,37.30666667,141.1416667
2011/4/21,9:42:12,宮城県沖,38°26.0′N,141°53.3′E,55 km,3.5,震度１,38.43333333,141.8883333
2011/4/21,9:54:57,茨城県北部,36°42.5′N,140°38.3′E,4 km,3,震度２,36.70833333,140.6383333
2011/4/21,10:54:41,三陸沖,40°18.6′N,143°39.0′E,11 km,6,震度２,40.31,143.65
2011/4/21,11:45:03,岩手県沖,40°06.3′N,142°26.8′E,36 km,3.3,震度１,40.105,142.4466667
2011/4/21,11:58:50,佐渡付近,38°14.5′N,138°38.0′E,16 km,3.7,震度１,38.24166667,138.6333333
2011/4/21,12:08:32,福島県沖,37°11.4′N,142°24.4′E,13 km,5,震度２,37.19,142.4066667
2011/4/21,12:37:38,宮城県沖,38°18.9′N,142°04.3′E,36 km,3.9,震度１,38.315,142.0716667
2011/4/21,13:31:43,福島県浜通り,37°02.3′N,140°50.0′E,10 km,3,震度１,37.03833333,140.8333333
2011/4/21,13:44:44,福島県浜通り,36°59.1′N,140°36.0′E,7 km,3,震度１,36.985,140.6
2011/4/21,14:52:57,秋田県内陸南部,39°34.3′N,140°23.5′E,5 km,2.2,震度１,39.57166667,140.3916667
2011/4/21,15:06:02,福島県浜通り,37°02.7′N,140°47.6′E,8 km,3.4,震度２,37.045,140.7933333
2011/4/21,15:22:50,福島県浜通り,37°03.0′N,140°47.4′E,8 km,2.7,震度１,37.05,140.79
2011/4/21,16:01:09,三陸沖,38°43.4′N,143°03.0′E,14 km,4.4,震度１,38.72333333,143.05
2011/4/21,16:55:06,福島県会津,37°44.5′N,139°56.1′E,8 km,2.8,震度１,37.74166667,139.935
2011/4/21,17:18:13,宮城県沖,38°19.2′N,142°13.9′E,31 km,5.2,震度４,38.32,142.2316667
2011/4/21,17:50:26,秋田県内陸南部,39°37.4′N,140°23.9′E,4 km,2.6,震度１,39.62333333,140.3983333
2011/4/21,19:18:13,福島県沖,37°13.0′N,141°23.0′E,48 km,3.6,震度１,37.21666667,141.3833333
2011/4/21,20:16:04,渡島地方東部,41°53.2′N,140°57.4′E,13 km,2.5,震度１,41.88666667,140.9566667
2011/4/21,20:25:29,福島県浜通り,37°07.5′N,140°47.7′E,4 km,1.7,震度１,37.125,140.795
2011/4/21,20:32:13,宮城県沖,38°48.8′N,141°55.9′E,50 km,3.6,震度１,38.81333333,141.9316667
2011/4/21,22:37:02,千葉県東方沖,35°40.5′N,140°41.1′E,46 km,6,震度５弱,35.675,140.685
2011/4/21,22:47:11,千葉県東方沖,35°40.4′N,140°44.4′E,45 km,4.3,震度３,35.67333333,140.74
2011/4/21,22:49:02,岩手県沖,39°16.7′N,142°14.0′E,43 km,4.2,震度２,39.27833333,142.2333333
2011/4/21,22:54:00,千葉県北東部,35°42.5′N,140°42.9′E,49 km,4.4,震度３,35.70833333,140.715
2011/4/21,23:10:03,千葉県東方沖,35°38.8′N,140°43.4′E,47 km,3.1,震度１,35.64666667,140.7233333
2011/4/22,0:06:51,千葉県東方沖,35°40.6′N,140°44.1′E,47 km,4.4,震度２,35.67666667,140.735
2011/4/22,1:11:17,福島県沖,37°30.6′N,141°27.1′E,48 km,5.6,震度４,37.51,141.4516667
2011/4/22,1:15:17,福島県中通り,36°57.5′N,140°35.0′E,8 km,4.3,震度２,36.95833333,140.5833333
2011/4/22,2:16:25,福島県浜通り,37°02.4′N,140°49.9′E,9 km,2.9,震度１,37.04,140.8316667
2011/4/22,2:28:39,岩手県沖,39°40.9′N,142°07.5′E,48 km,3.5,震度１,39.68166667,142.125
2011/4/22,3:09:45,福島県中通り,37°00.9′N,140°34.7′E,6 km,3.3,震度２,37.015,140.5783333
2011/4/22,3:44:40,熊本県熊本地方,33°01.7′N,130°44.1′E,12 km,3.8,震度３,33.02833333,130.735
2011/4/22,3:55:24,長野県南部,35°51.1′N,137°39.0′E,10 km,3.2,震度２,35.85166667,137.65
2011/4/22,5:28:43,茨城県沖,36°36.3′N,141°24.7′E,46 km,4.5,震度２,36.605,141.4116667
2011/4/22,5:55:10,宮城県沖,38°16.0′N,141°52.2′E,64 km,3.8,震度１,38.26666667,141.87
2011/4/22,6:22:20,茨城県北部,36°42.4′N,140°38.8′E,5 km,3.4,震度２,36.70666667,140.6466667
2011/4/22,6:28:46,茨城県北部,36°42.6′N,140°38.7′E,5 km,3.6,震度２,36.71,140.645
2011/4/22,6:33:43,茨城県北部,36°42.3′N,140°38.7′E,5 km,3.3,震度２,36.705,140.645
2011/4/22,7:43:55,福島県浜通り,37°02.9′N,140°48.1′E,14 km,1.9,震度１,37.04833333,140.8016667
2011/4/22,7:55:48,福島県浜通り,37°08.7′N,140°51.4′E,7 km,2.8,震度１,37.145,140.8566667
2011/4/22,7:58:02,福島県浜通り,37°08.6′N,140°51.9′E,7 km,2.3,震度１,37.14333333,140.865
2011/4/22,8:41:18,長野県北部,36°59.0′N,138°32.0′E,7 km,2.4,震度１,36.98333333,138.5333333
2011/4/22,9:01:59,岩手県沿岸北部,40°15.7′N,141°47.3′E,23 km,2.9,震度１,40.26166667,141.7883333
2011/4/22,10:03:07,茨城県北部,36°15.9′N,140°28.7′E,52 km,2.8,震度１,36.265,140.4783333
2011/4/22,10:17:31,茨城県北部,36°27.1′N,140°36.2′E,56 km,4.1,震度２,36.45166667,140.6033333
2011/4/22,10:34:47,山口県東部,33°55.5′N,132°03.9′E,8 km,2.1,震度１,33.925,132.065
2011/4/22,10:57:01,福島県浜通り,37°04.1′N,140°39.8′E,6 km,3.2,震度１,37.06833333,140.6633333
2011/4/22,12:03:51,福島県浜通り,37°05.2′N,140°42.5′E,7 km,3.9,震度２,37.08666667,140.7083333
2011/4/22,12:12:55,宮城県沖,38°31.8′N,141°48.8′E,50 km,4.4,震度２,38.53,141.8133333
2011/4/22,12:17:50,福島県中通り,36°57.5′N,140°35.1′E,7 km,3.8,震度１,36.95833333,140.585
2011/4/22,12:37:43,宮城県沖,38°22.6′N,141°38.7′E,56 km,3.8,震度１,38.37666667,141.645
2011/4/22,13:10:10,福島県浜通り,36°59.5′N,140°43.8′E,10 km,3,震度１,36.99166667,140.73
2011/4/22,13:42:49,千葉県東方沖,35°42.8′N,140°56.9′E,10 km,3.8,震度２,35.71333333,140.9483333
2011/4/22,15:35:23,千葉県北西部,35°30.2′N,140°08.4′E,24 km,4.1,震度３,35.50333333,140.14
2011/4/22,17:42:44,福島県沖,37°24.1′N,141°46.2′E,31 km,4.1,震度２,37.40166667,141.77
2011/4/22,17:52:04,宮城県沖,38°24.1′N,142°10.3′E,34 km,3.8,震度１,38.40166667,142.1716667
2011/4/22,17:58:55,東京湾,35°31.3′N,140°02.3′E,15 km,2.6,震度１,35.52166667,140.0383333
2011/4/22,18:05:02,福島県浜通り,37°03.0′N,140°47.5′E,7 km,2.9,震度１,37.05,140.7916667
2011/4/22,21:00:31,福島県浜通り,37°01.8′N,140°46.0′E,10 km,2.9,震度１,37.03,140.7666667
2011/4/22,21:38:34,福島県浜通り,36°58.3′N,140°35.8′E,6 km,3.3,震度１,36.97166667,140.5966667
2011/4/22,22:01:28,宮城県沖,38°32.5′N,141°43.1′E,53 km,3.3,震度１,38.54166667,141.7183333
2011/4/22,22:18:08,福島県浜通り,37°02.9′N,140°47.4′E,9 km,2.5,震度１,37.04833333,140.79
2011/4/22,22:23:57,千葉県東方沖,35°38.4′N,140°38.7′E,47 km,3.1,震度１,35.64,140.645
2011/4/22,23:11:31,秋田県内陸南部,39°34.4′N,140°23.4′E,5 km,1.9,震度１,39.57333333,140.39
2011/4/22,23:34:24,山形県置賜地方,37°48.8′N,139°59.6′E,9 km,3.2,震度１,37.81333333,139.9933333
2011/4/23,0:25:16,福島県沖,37°10.1′N,141°11.6′E,21 km,5.4,震度５弱,37.16833333,141.1933333
2011/4/23,0:58:16,福島県沖,36°56.8′N,141°05.0′E,49 km,3.7,震度２,36.94666667,141.0833333
2011/4/23,1:27:39,福島県沖,37°15.0′N,143°58.0′E,57 km,4.8,震度１,37.25,143.9666667
2011/4/23,4:36:55,福島県浜通り,37°00.9′N,140°39.5′E,7 km,3.4,震度１,37.015,140.6583333
2011/4/23,4:44:17,福島県会津,36°56.9′N,139°25.6′E,4 km,3.4,震度２,36.94833333,139.4266667
2011/4/23,4:46:56,福島県浜通り,37°13.6′N,140°54.9′E,4 km,2.4,震度１,37.22666667,140.915
2011/4/23,6:25:28,福島県浜通り,37°13.8′N,140°55.0′E,5 km,2.7,震度２,37.23,140.9166667
2011/4/23,6:33:05,熊本県熊本地方,33°01.7′N,130°44.0′E,12 km,3.1,震度２,33.02833333,130.7333333
2011/4/23,7:32:58,茨城県北部,36°41.1′N,140°37.4′E,6 km,3.1,震度２,36.685,140.6233333
2011/4/23,7:41:39,福島県浜通り,37°05.3′N,140°42.4′E,7 km,2.3,震度１,37.08833333,140.7066667
2011/4/23,7:51:42,福島県浜通り,37°03.2′N,140°47.7′E,9 km,2.7,震度１,37.05333333,140.795
2011/4/23,8:02:57,茨城県沖,36°18.9′N,140°58.5′E,42 km,3.6,震度２,36.315,140.975
2011/4/23,8:15:27,茨城県北部,36°42.5′N,140°38.4′E,5 km,4.5,震度４,36.70833333,140.64
2011/4/23,8:17:50,茨城県北部,36°42.6′N,140°37.7′E,4 km,2.4,震度１,36.71,140.6283333
2011/4/23,8:38:01,福島県浜通り,37°04.2′N,140°46.1′E,9 km,3.2,震度２,37.07,140.7683333
2011/4/23,9:01:58,茨城県北部,36°42.4′N,140°38.5′E,5 km,2.4,震度１,36.70666667,140.6416667
2011/4/23,10:13:58,茨城県北部,36°37.1′N,140°35.6′E,5 km,2.3,震度１,36.61833333,140.5933333
2011/4/23,11:13:31,宮城県沖,38°09.9′N,141°40.6′E,50 km,3.5,震度１,38.165,141.6766667
2011/4/23,14:31:32,長野県中部,36°03.6′N,138°03.5′E,4 km,1.6,震度１,36.06,138.0583333
2011/4/23,15:30:23,岩手県沖,39°01.1′N,142°24.9′E,34 km,4.4,震度３,39.01833333,142.415
2011/4/23,16:20:01,千葉県東方沖,35°34.2′N,141°04.1′E,37 km,3.6,震度１,35.57,141.0683333
2011/4/23,17:11:30,福島県沖,37°19.2′N,141°49.4′E,26 km,4.2,震度１,37.32,141.8233333
2011/4/23,17:27:46,宮城県沖,38°24.2′N,141°47.1′E,57 km,4,震度２,38.40333333,141.785
2011/4/23,19:12:46,三陸沖,39°07.9′N,143°00.0′E,35 km,6.1,震度３,39.13166667,143
2011/4/23,19:59:23,茨城県沖,35°55.9′N,141°40.6′E,50 km,4.3,震度１,35.93166667,141.6766667
2011/4/23,20:07:40,福島県浜通り,37°03.2′N,140°39.6′E,6 km,4.3,震度３,37.05333333,140.66
2011/4/23,20:51:51,熊本県熊本地方,32°52.8′N,130°54.6′E,11 km,3.5,震度３,32.88,130.91
2011/4/23,21:56:43,千葉県東方沖,35°26.1′N,141°02.0′E,23 km,3.9,震度１,35.435,141.0333333
2011/4/23,22:22:41,福島県浜通り,37°06.9′N,140°49.2′E,6 km,2.3,震度１,37.115,140.82
2011/4/23,23:08:54,京都府南部,35°01.0′N,135°27.3′E,12 km,2.6,震度１,35.01666667,135.455
2011/4/23,23:31:29,茨城県北部,36°25.4′N,140°35.6′E,55 km,4.2,震度３,36.42333333,140.5933333
2011/4/23,23:45:35,福島県沖,37°20.6′N,141°21.1′E,48 km,3.8,震度２,37.34333333,141.3516667
2011/4/24,1:07:11,千葉県東方沖,35°47.5′N,140°57.5′E,14 km,3.7,震度１,35.79166667,140.9583333
2011/4/24,1:23:11,宮城県中部,38°19.5′N,140°41.9′E,13 km,2.6,震度１,38.325,140.6983333
2011/4/24,1:39:50,福島県浜通り,36°58.1′N,140°35.8′E,7 km,3.5,震度１,36.96833333,140.5966667
2011/4/24,1:48:20,宮城県沖,38°37.7′N,141°59.6′E,50 km,3.3,震度１,38.62833333,141.9933333
2011/4/24,2:19:02,宮城県沖,38°24.4′N,141°46.8′E,57 km,3.3,震度１,38.40666667,141.78
2011/4/24,2:27:15,茨城県北部,36°46.5′N,140°33.1′E,9 km,3.1,震度１,36.775,140.5516667
2011/4/24,3:12:09,茨城県北部,36°52.8′N,140°39.5′E,8 km,3.7,震度１,36.88,140.6583333
2011/4/24,3:51:08,茨城県北部,36°42.9′N,140°38.8′E,6 km,2.9,震度２,36.715,140.6466667
2011/4/24,3:55:00,福島県沖,37°48.2′N,141°47.1′E,47 km,4.2,震度２,37.80333333,141.785
2011/4/24,4:11:27,福島県浜通り,37°07.8′N,140°45.8′E,5 km,2.3,震度１,37.13,140.7633333
2011/4/24,5:04:58,福島県沖,37°14.5′N,141°17.3′E,22 km,4.3,震度２,37.24166667,141.2883333
2011/4/24,5:53:04,福島県浜通り,37°05.6′N,140°45.1′E,5 km,3.7,震度３,37.09333333,140.7516667
2011/4/24,6:30:37,千葉県東方沖,35°29.3′N,140°54.7′E,25 km,3.7,震度２,35.48833333,140.9116667
2011/4/24,8:29:13,福島県浜通り,37°01.4′N,140°39.1′E,6 km,3.4,震度１,37.02333333,140.6516667
2011/4/24,10:51:03,福島県浜通り,37°01.0′N,140°46.5′E,8 km,2.9,震度１,37.01666667,140.775
2011/4/24,11:04:46,宮城県沖,38°47.4′N,142°02.9′E,35 km,3.4,震度１,38.79,142.0483333
2011/4/24,11:21:53,宮城県沖,38°44.6′N,142°11.8′E,32 km,3.9,震度２,38.74333333,142.1966667
2011/4/24,11:35:37,福島県浜通り,37°00.8′N,140°46.7′E,8 km,2.9,震度１,37.01333333,140.7783333
2011/4/24,11:55:30,長野県北部,36°57.5′N,138°27.6′E,11 km,2.4,震度１,36.95833333,138.46
2011/4/24,12:18:01,宮城県沖,38°38.6′N,142°24.3′E,38 km,4.2,震度２,38.64333333,142.405
2011/4/24,12:25:11,茨城県南部,36°04.2′N,139°51.4′E,44 km,4.1,震度３,36.07,139.8566667
2011/4/24,13:02:18,岩手県沖,39°11.7′N,142°24.1′E,29 km,4.1,震度１,39.195,142.4016667
2011/4/24,13:47:54,宮城県沖,38°20.2′N,141°51.8′E,63 km,4.3,震度２,38.33666667,141.8633333
2011/4/24,14:12:57,茨城県北部,36°41.6′N,140°36.4′E,5 km,3.5,震度２,36.69333333,140.6066667
2011/4/24,14:13:08,宮城県沖,38°22.1′N,142°18.3′E,22 km,4.1,震度１,38.36833333,142.305
2011/4/24,14:26:55,福島県浜通り,37°06.6′N,140°41.5′E,6 km,2.4,震度１,37.11,140.6916667
2011/4/24,15:11:34,茨城県沖,36°06.0′N,141°01.5′E,42 km,3.6,震度１,36.1,141.025
2011/4/24,15:28:29,福島県沖,37°05.4′N,141°10.2′E,50 km,3.7,震度１,37.09,141.17
2011/4/24,16:00:05,千葉県東方沖,35°49.2′N,140°54.7′E,12 km,3.8,震度１,35.82,140.9116667
2011/4/24,16:55:57,秋田県内陸南部,39°34.0′N,140°23.3′E,5 km,1.9,震度２,39.56666667,140.3883333
2011/4/24,17:20:47,宮城県沖,38°20.6′N,141°46.1′E,49 km,4.2,震度２,38.34333333,141.7683333
2011/4/24,18:51:57,宮城県沖,38°37.3′N,141°55.2′E,49 km,4.4,震度２,38.62166667,141.92
2011/4/24,19:09:52,福島県中通り,37°03.5′N,140°38.3′E,14 km,4.5,震度４,37.05833333,140.6383333
2011/4/24,19:35:16,福島県浜通り,37°05.9′N,140°41.8′E,8 km,2.8,震度１,37.09833333,140.6966667
2011/4/24,19:45:14,宮城県沖,38°39.3′N,142°02.6′E,44 km,3.8,震度１,38.655,142.0433333
2011/4/24,19:49:37,宮城県沖,38°29.9′N,141°50.8′E,56 km,4.1,震度２,38.49833333,141.8466667
2011/4/24,20:03:38,茨城県北部,36°53.1′N,140°40.6′E,7 km,3.8,震度２,36.885,140.6766667
2011/4/24,20:07:34,千葉県東方沖,35°42.2′N,141°00.9′E,21 km,3.6,震度１,35.70333333,141.015
2011/4/24,20:50:17,福島県浜通り,37°07.7′N,140°47.2′E,3 km,3.1,震度３,37.12833333,140.7866667
2011/4/24,21:00:33,秋田県内陸南部,39°02.5′N,140°47.6′E,9 km,3.1,震度１,39.04166667,140.7933333
2011/4/24,21:20:57,福島県浜通り,37°07.9′N,140°47.1′E,4 km,3.6,震度３,37.13166667,140.785
2011/4/24,21:24:38,茨城県北部,36°38.5′N,140°34.4′E,6 km,3.1,震度２,36.64166667,140.5733333
2011/4/24,21:32:53,福島県浜通り,37°08.2′N,140°47.3′E,2 km,1.5,震度１,37.13666667,140.7883333
2011/4/24,22:46:06,福島県浜通り,37°08.3′N,140°46.7′E,3 km,2.7,震度２,37.13833333,140.7783333
2011/4/24,23:32:16,福島県浜通り,37°07.8′N,140°47.3′E,3 km,1.9,震度１,37.13,140.7883333
2011/4/24,23:34:03,宮城県沖,37°58.2′N,141°38.9′E,47 km,4.2,震度２,37.97,141.6483333
2011/4/24,23:50:13,福島県中通り,37°00.5′N,140°33.4′E,5 km,3.3,震度１,37.00833333,140.5566667
2011/4/24,23:56:58,伊勢湾,34°51.5′N,136°48.9′E,40 km,3.1,震度１,34.85833333,136.815
2011/4/25,0:13:25,岩手県沖,39°16.6′N,142°14.2′E,42 km,3.4,震度１,39.27666667,142.2366667
2011/4/25,0:38:04,千葉県東方沖,35°40.7′N,140°56.1′E,20 km,3.1,震度１,35.67833333,140.935
2011/4/25,1:41:45,福島県浜通り,37°05.6′N,140°45.0′E,6 km,3.1,震度２,37.09333333,140.75
2011/4/25,2:43:13,福島県浜通り,37°04.5′N,140°39.3′E,9 km,3.3,震度２,37.075,140.655
2011/4/25,2:48:22,熊本県熊本地方,33°01.6′N,130°43.7′E,12 km,4.1,震度３,33.02666667,130.7283333
2011/4/25,2:55:07,熊本県熊本地方,33°01.4′N,130°43.5′E,12 km,3.2,震度１,33.02333333,130.725
2011/4/25,4:49:35,三陸沖,40°20.4′N,143°41.8′E,10 km,4.4,震度１,40.34,143.6966667
2011/4/25,5:25:11,熊本県熊本地方,33°01.5′N,130°44.0′E,12 km,3,震度１,33.025,130.7333333
2011/4/25,5:54:26,千葉県北東部,35°46.7′N,140°46.6′E,7 km,3.6,震度２,35.77833333,140.7766667
2011/4/25,6:06:34,千葉県東方沖,35°13.5′N,141°14.6′E,40 km,5.1,震度２,35.225,141.2433333
2011/4/25,6:10:26,岩手県沖,39°40.3′N,142°07.3′E,48 km,3.4,震度１,39.67166667,142.1216667
2011/4/25,6:37:10,千葉県東方沖,35°43.9′N,140°55.8′E,12 km,3.1,震度１,35.73166667,140.93
2011/4/25,7:44:12,茨城県沖,36°22.3′N,140°58.3′E,38 km,3.6,震度２,36.37166667,140.9716667
2011/4/25,8:20:44,福島県沖,37°13.3′N,141°27.9′E,34 km,3.8,震度１,37.22166667,141.465
2011/4/25,9:44:47,福島県浜通り,37°04.2′N,140°46.0′E,10 km,2.6,震度１,37.07,140.7666667
2011/4/25,9:46:09,宮城県沖,38°47.9′N,142°06.5′E,43 km,3.9,震度２,38.79833333,142.1083333
2011/4/25,11:44:18,熊本県熊本地方,33°01.5′N,130°43.5′E,12 km,2.7,震度１,33.025,130.725
2011/4/25,12:16:10,宮城県沖,38°26.1′N,141°47.1′E,53 km,3.8,震度２,38.435,141.785
2011/4/25,12:47:13,熊本県熊本地方,33°01.4′N,130°43.9′E,11 km,2.6,震度１,33.02333333,130.7316667
2011/4/25,13:57:01,福島県沖,37°37.8′N,141°36.3′E,44 km,4,震度２,37.63,141.605
2011/4/25,14:26:20,千葉県東方沖,35°27.5′N,140°58.9′E,19 km,3.7,震度１,35.45833333,140.9816667
2011/4/25,15:11:41,福島県沖,37°22.8′N,141°19.8′E,34 km,3.5,震度１,37.38,141.33
2011/4/25,15:41:23,福島県沖,36°45.8′N,141°41.1′E,47 km,4.5,震度２,36.76333333,141.685
2011/4/25,15:48:30,新潟県中越地方,36°59.6′N,138°40.2′E,18 km,1.4,震度１,36.99333333,138.67
2011/4/25,17:03:39,宮崎県南部山沿い,31°52.9′N,131°04.8′E,9 km,2.5,震度１,31.88166667,131.08
2011/4/25,17:31:44,宮城県沖,38°44.6′N,142°12.8′E,31 km,3.8,震度２,38.74333333,142.2133333
2011/4/25,18:00:19,茨城県沖,36°10.4′N,141°01.5′E,39 km,5,震度４,36.17333333,141.025
2011/4/25,18:27:30,茨城県北部,36°45.1′N,140°33.3′E,9 km,3.3,震度２,36.75166667,140.555
2011/4/25,19:22:38,茨城県沖,36°09.8′N,140°59.1′E,39 km,3.9,震度２,36.16333333,140.985
2011/4/25,19:29:53,茨城県沖,36°10.3′N,141°01.0′E,39 km,3.7,震度１,36.17166667,141.0166667
2011/4/25,20:16:42,千葉県東方沖,35°23.3′N,140°59.4′E,23 km,3.9,震度１,35.38833333,140.99
2011/4/25,21:38:17,千葉県北西部,35°30.2′N,140°08.1′E,23 km,2.6,震度１,35.50333333,140.135
2011/4/25,21:48:05,長野県北部,36°56.5′N,138°27.3′E,7 km,3.1,震度２,36.94166667,138.455
2011/4/25,21:57:24,秋田県内陸南部,39°34.3′N,140°23.7′E,5 km,2.7,震度２,39.57166667,140.395
2011/4/25,23:11:07,長野県北部,36°56.5′N,138°27.3′E,6 km,2.6,震度１,36.94166667,138.455
2011/4/25,23:22:08,岩手県沿岸北部,39°38.9′N,141°57.8′E,23 km,3,震度１,39.64833333,141.9633333
2011/4/25,23:51:12,栃木県南部,36°40.1′N,139°34.7′E,10 km,3.8,震度３,36.66833333,139.5783333
2011/4/26,0:08:19,千葉県東方沖,35°44.2′N,141°00.3′E,35 km,3.1,震度１,35.73666667,141.005
2011/4/26,0:13:20,福島県浜通り,36°56.8′N,140°38.0′E,5 km,4.3,震度２,36.94666667,140.6333333
2011/4/26,0:43:39,福島県沖,37°29.0′N,141°24.6′E,32 km,3.3,震度１,37.48333333,141.41
2011/4/26,0:59:25,宮城県沖,38°25.2′N,141°55.3′E,63 km,4,震度２,38.42,141.9216667
2011/4/26,1:14:34,福島県浜通り,36°55.3′N,140°42.1′E,10 km,3.4,震度１,36.92166667,140.7016667
2011/4/26,5:11:32,茨城県沖,36°19.4′N,141°15.8′E,49 km,4.1,震度１,36.32333333,141.2633333
2011/4/26,5:24:39,福島県沖,37°05.1′N,141°05.6′E,32 km,3.9,震度３,37.085,141.0933333
2011/4/26,5:51:14,茨城県沖,35°55.3′N,141°07.0′E,21 km,3.5,震度１,35.92166667,141.1166667
2011/4/26,6:03:44,群馬県北部,36°48.3′N,139°18.4′E,7 km,2.1,震度１,36.805,139.3066667
2011/4/26,6:14:13,福島県沖,36°52.2′N,142°13.2′E,25 km,5,震度２,36.87,142.22
2011/4/26,6:16:23,宮城県沖,38°20.9′N,141°52.2′E,64 km,4.5,震度３,38.34833333,141.87
2011/4/26,6:42:17,茨城県北部,36°42.0′N,140°36.1′E,7 km,3.4,震度２,36.7,140.6016667
2011/4/26,7:13:19,熊本県熊本地方,33°03.4′N,130°50.3′E,11 km,2.4,震度１,33.05666667,130.8383333
2011/4/26,7:42:32,茨城県北部,36°51.1′N,140°41.5′E,9 km,3.8,震度２,36.85166667,140.6916667
2011/4/26,8:15:04,宮城県沖,38°26.1′N,142°14.9′E,29 km,3.8,震度１,38.435,142.2483333
2011/4/26,8:24:51,茨城県沖,36°18.9′N,141°03.3′E,48 km,4.1,震度２,36.315,141.055
2011/4/26,8:26:34,浦河沖,42°01.4′N,142°35.5′E,61 km,4.6,震度２,42.02333333,142.5916667
2011/4/26,8:46:22,宮城県沖,38°17.9′N,141°53.2′E,52 km,3.4,震度１,38.29833333,141.8866667
2011/4/26,8:58:20,三重県中部,34°49.6′N,136°24.8′E,43 km,3.4,震度１,34.82666667,136.4133333
2011/4/26,9:05:20,福島県中通り,37°03.1′N,140°38.3′E,14 km,3.6,震度３,37.05166667,140.6383333
2011/4/26,9:30:47,茨城県北部,36°42.6′N,140°35.7′E,6 km,3.2,震度１,36.71,140.595
2011/4/26,9:50:55,福島県浜通り,37°05.2′N,140°49.6′E,8 km,2.2,震度１,37.08666667,140.8266667
2011/4/26,9:59:44,福島県沖,37°20.4′N,141°09.9′E,28 km,3.2,震度１,37.34,141.165
2011/4/26,10:07:48,茨城県沖,36°28.7′N,140°55.2′E,32 km,3.9,震度２,36.47833333,140.92
2011/4/26,10:35:09,宮城県沖,38°24.5′N,142°06.9′E,35 km,4.1,震度１,38.40833333,142.115
2011/4/26,11:25:54,茨城県北部,36°45.1′N,140°35.6′E,4 km,3.7,震度２,36.75166667,140.5933333
2011/4/26,11:27:18,茨城県北部,36°45.4′N,140°35.8′E,4 km,3.9,震度２,36.75666667,140.5966667
2011/4/26,11:38:17,宮城県沖,38°29.2′N,142°08.9′E,27 km,4.1,震度１,38.48666667,142.1483333
2011/4/26,12:39:33,茨城県北部,36°45.6′N,140°35.5′E,4 km,3.8,震度１,36.76,140.5916667
2011/4/26,12:42:31,茨城県北部,36°45.5′N,140°35.6′E,5 km,3.3,震度１,36.75833333,140.5933333
2011/4/26,13:01:47,福島県沖,37°17.1′N,141°14.8′E,13 km,5.2,震度３,37.285,141.2466667
2011/4/26,13:14:42,宮城県沖,38°17.4′N,141°45.7′E,56 km,4.2,震度２,38.29,141.7616667
2011/4/26,13:52:20,宮城県沖,38°17.7′N,141°50.5′E,46 km,3.7,震度１,38.295,141.8416667
2011/4/26,14:06:26,福島県浜通り,36°59.8′N,140°35.9′E,10 km,3.2,震度１,36.99666667,140.5983333
2011/4/26,14:57:54,宮城県沖,38°42.0′N,141°47.9′E,52 km,3,震度１,38.7,141.7983333
2011/4/26,15:49:14,茨城県北部,36°53.3′N,140°40.7′E,11 km,3.3,震度１,36.88833333,140.6783333
2011/4/26,15:50:19,福島県浜通り,36°55.1′N,140°41.1′E,9 km,3.5,震度１,36.91833333,140.685
2011/4/26,16:15:05,福島県沖,37°26.2′N,141°23.4′E,26 km,1.9,震度１,37.43666667,141.39
2011/4/26,17:11:51,新潟県中越地方,37°03.2′N,138°37.5′E,13 km,2.4,震度１,37.05333333,138.625
2011/4/26,17:24:07,福島県沖,37°17.6′N,141°21.6′E,46 km,3.1,震度１,37.29333333,141.36
2011/4/26,17:24:53,茨城県北部,36°25.6′N,140°35.3′E,53 km,3.6,震度２,36.42666667,140.5883333
2011/4/26,17:48:08,茨城県北部,36°51.2′N,140°41.3′E,10 km,3.2,震度１,36.85333333,140.6883333
2011/4/26,19:06:21,茨城県北部,36°42.5′N,140°37.5′E,4 km,2.7,震度１,36.70833333,140.625
2011/4/26,19:31:58,福島県沖,37°49.4′N,141°40.8′E,53 km,4,震度１,37.82333333,141.68
2011/4/26,19:33:40,岩手県沖,39°11.3′N,142°22.6′E,31 km,3.9,震度１,39.18833333,142.3766667
2011/4/26,20:00:48,宮城県沖,38°18.3′N,141°52.9′E,44 km,3.6,震度１,38.305,141.8816667
2011/4/26,21:01:33,福島県中通り,37°03.7′N,140°35.6′E,8 km,3,震度１,37.06166667,140.5933333
2011/4/26,21:12:02,茨城県南部,36°05.1′N,139°58.5′E,46 km,5,震度４,36.085,139.975
2011/4/26,21:26:56,宮城県沖,38°23.7′N,141°45.6′E,56 km,4.3,震度２,38.395,141.76
2011/4/26,21:39:25,宮城県沖,38°47.4′N,142°02.3′E,37 km,2.9,震度１,38.79,142.0383333
2011/4/26,21:40:14,福島県浜通り,36°57.8′N,140°38.4′E,8 km,3.2,震度１,36.96333333,140.64
2011/4/26,22:13:08,茨城県沖,36°31.0′N,141°03.9′E,38 km,3.9,震度２,36.51666667,141.065
2011/4/26,22:21:53,福島県浜通り,37°03.1′N,140°40.1′E,12 km,3.2,震度１,37.05166667,140.6683333
2011/4/26,23:20:24,福島県浜通り,37°05.2′N,140°42.1′E,8 km,2.9,震度１,37.08666667,140.7016667
2011/4/26,23:31:55,福島県浜通り,37°05.2′N,140°42.3′E,8 km,2.9,震度１,37.08666667,140.705
2011/4/26,23:33:30,新潟県中越地方,37°00.9′N,138°42.1′E,5 km,1.5,震度１,37.015,138.7016667
2011/4/26,23:53:42,岩手県沖,39°05.4′N,142°22.9′E,32 km,3.9,震度１,39.09,142.3816667
2011/4/27,1:41:55,福島県中通り,37°10.8′N,140°36.0′E,6 km,3.3,震度１,37.18,140.6
2011/4/27,2:12:22,福島県浜通り,37°00.8′N,140°41.3′E,8 km,3.4,震度１,37.01333333,140.6883333
2011/4/27,2:17:36,茨城県南部,36°12.0′N,139°57.3′E,52 km,3.6,震度２,36.2,139.955
2011/4/27,3:17:59,福島県沖,37°28.6′N,141°19.7′E,29 km,4,震度２,37.47666667,141.3283333
2011/4/27,3:23:24,新潟県中越地方,37°00.8′N,138°42.2′E,7 km,1.8,震度１,37.01333333,138.7033333
2011/4/27,4:34:19,岩手県内陸南部,38°51.9′N,141°26.8′E,16 km,3,震度１,38.865,141.4466667
2011/4/27,4:39:53,宮城県沖,38°47.6′N,142°22.6′E,20 km,3.5,震度１,38.79333333,142.3766667
2011/4/27,5:07:14,茨城県沖,36°09.3′N,140°57.2′E,43 km,3.4,震度１,36.155,140.9533333
2011/4/27,6:12:08,茨城県沖,36°32.0′N,140°48.6′E,18 km,3.2,震度２,36.53333333,140.81
2011/4/27,7:35:32,千葉県東方沖,35°25.3′N,140°59.5′E,27 km,4.2,震度２,35.42166667,140.9916667
2011/4/27,7:55:09,福島県中通り,37°03.6′N,140°35.1′E,8 km,3,震度２,37.06,140.585
2011/4/27,7:56:48,長野県北部,36°56.2′N,138°27.4′E,6 km,3.3,震度２,36.93666667,138.4566667
2011/4/27,8:13:14,岩手県沖,39°16.1′N,142°24.2′E,35 km,3.8,震度１,39.26833333,142.4033333
2011/4/27,8:42:39,福島県中通り,37°06.8′N,140°35.0′E,7 km,2.8,震度１,37.11333333,140.5833333
2011/4/27,9:43:13,福島県浜通り,37°05.2′N,140°42.2′E,8 km,2.9,震度１,37.08666667,140.7033333
2011/4/27,9:55:52,福島県浜通り,37°02.2′N,140°40.8′E,9 km,4.1,震度２,37.03666667,140.68
2011/4/27,10:06:41,福島県会津,37°44.2′N,139°55.7′E,9 km,2.6,震度１,37.73666667,139.9283333
2011/4/27,10:10:50,福島県会津,37°43.5′N,139°55.7′E,8 km,2.9,震度１,37.725,139.9283333
2011/4/27,10:48:51,千葉県東方沖,35°49.7′N,140°52.5′E,13 km,3.3,震度１,35.82833333,140.875
2011/4/27,12:55:09,福島県浜通り,37°03.7′N,140°40.3′E,10 km,4.1,震度３,37.06166667,140.6716667
2011/4/27,13:03:44,福島県沖,37°02.4′N,141°12.4′E,28 km,4,震度２,37.04,141.2066667
2011/4/27,13:06:09,岩手県沖,39°03.8′N,142°20.9′E,33 km,4,震度１,39.06333333,142.3483333
2011/4/27,13:23:58,福島県沖,37°05.8′N,141°25.5′E,54 km,3.9,震度２,37.09666667,141.425
2011/4/27,13:36:57,茨城県北部,36°47.1′N,140°36.7′E,3 km,3.1,震度１,36.785,140.6116667
2011/4/27,13:39:40,岩手県沿岸南部,39°01.5′N,141°43.1′E,67 km,3.5,震度１,39.025,141.7183333
2011/4/27,15:15:40,茨城県北部,36°42.9′N,140°38.8′E,6 km,3.9,震度２,36.715,140.6466667
2011/4/27,16:03:21,岩手県沖,39°56.9′N,142°20.3′E,41 km,4.2,震度２,39.94833333,142.3383333
2011/4/27,17:35:37,千葉県東方沖,35°41.4′N,140°44.6′E,47 km,3.6,震度１,35.69,140.7433333
2011/4/27,19:27:24,長野県北部,36°49.2′N,138°37.4′E,0 km,4.6,震度４,36.82,138.6233333
2011/4/27,19:38:45,福島県浜通り,37°06.8′N,140°51.5′E,8 km,2.4,震度１,37.11333333,140.8583333
2011/4/27,20:12:46,宮城県沖,38°24.1′N,141°46.5′E,58 km,3.8,震度１,38.40166667,141.775
2011/4/27,21:27:47,福島県浜通り,37°03.8′N,140°39.6′E,13 km,3.9,震度３,37.06333333,140.66
2011/4/27,21:57:12,福島県浜通り,37°04.0′N,140°40.2′E,9 km,3.7,震度２,37.06666667,140.67
2011/4/27,22:01:21,山形県置賜地方,37°48.1′N,139°59.5′E,9 km,2.6,震度１,37.80166667,139.9916667
2011/4/27,22:55:25,福島県沖,37°26.6′N,141°31.1′E,43 km,3.5,震度１,37.44333333,141.5183333
2011/4/27,23:06:34,富山県東部,36°30.2′N,137°37.4′E,1 km,3.2,震度１,36.50333333,137.6233333
2011/4/27,23:48:24,福島県浜通り,37°03.0′N,140°39.0′E,7 km,3.3,震度１,37.05,140.65
2011/4/28,0:56:21,茨城県北部,36°43.0′N,140°36.6′E,6 km,2.8,震度２,36.71666667,140.61
2011/4/28,3:01:52,福島県沖,37°19.0′N,141°16.0′E,38 km,3.3,震度１,37.31666667,141.2666667
2011/4/28,5:35:49,茨城県南部,36°10.3′N,140°06.9′E,51 km,3.3,震度１,36.17166667,140.115
2011/4/28,6:11:18,福島県浜通り,37°00.1′N,140°38.7′E,17 km,3.5,震度２,37.00166667,140.645
2011/4/28,6:45:03,宮城県沖,38°07.6′N,141°46.6′E,53 km,4.8,震度３,38.12666667,141.7766667
2011/4/28,7:00:19,日向灘,32°41.6′N,132°08.4′E,37 km,3.9,震度２,32.69333333,132.14
2011/4/28,7:29:29,福島県浜通り,36°56.8′N,140°39.3′E,7 km,3.8,震度１,36.94666667,140.655
2011/4/28,8:24:28,広島県北部,35°00.7′N,132°56.1′E,7 km,2.2,震度１,35.01166667,132.935
2011/4/28,8:42:08,福島県浜通り,37°06.6′N,140°51.3′E,7 km,2.3,震度１,37.11,140.855
2011/4/28,9:02:22,福島県沖,36°47.1′N,142°38.3′E,54 km,5,震度１,36.785,142.6383333
2011/4/28,9:38:56,宮城県沖,37°58.0′N,141°50.3′E,52 km,3.9,震度１,37.96666667,141.8383333
2011/4/28,10:20:18,福島県浜通り,36°54.2′N,140°39.9′E,7 km,3.3,震度１,36.90333333,140.665
2011/4/28,10:44:47,宮城県沖,38°33.8′N,141°53.4′E,48 km,4.8,震度３,38.56333333,141.89
2011/4/28,11:15:07,秋田県内陸南部,39°32.8′N,140°27.7′E,10 km,2.4,震度１,39.54666667,140.4616667
2011/4/28,11:46:23,宮城県沖,38°12.2′N,141°48.8′E,47 km,3.6,震度１,38.20333333,141.8133333
2011/4/28,12:18:06,茨城県北部,36°53.0′N,140°40.5′E,11 km,3.4,震度１,36.88333333,140.675
2011/4/28,14:06:55,福島県沖,36°51.0′N,141°13.0′E,36 km,3.4,震度１,36.85,141.2166667
2011/4/28,14:09:04,宮城県沖,38°17.0′N,141°47.7′E,54 km,3.8,震度１,38.28333333,141.795
2011/4/28,15:11:16,宮城県沖,38°20.7′N,141°47.4′E,48 km,3.3,震度１,38.345,141.79
2011/4/28,15:27:18,秋田県内陸南部,39°27.4′N,140°22.4′E,9 km,2.8,震度２,39.45666667,140.3733333
2011/4/28,17:04:49,福島県会津,37°44.5′N,139°55.3′E,9 km,2.7,震度１,37.74166667,139.9216667
2011/4/28,17:05:58,宮城県沖,38°15.2′N,141°46.1′E,56 km,3.9,震度１,38.25333333,141.7683333
2011/4/28,17:51:37,宮城県沖,38°20.7′N,141°45.6′E,50 km,3.3,震度１,38.345,141.76
2011/4/28,18:27:47,福島県沖,37°24.8′N,141°46.8′E,44 km,5.7,震度４,37.41333333,141.78
2011/4/28,19:42:43,釧路沖,42°31.9′N,145°04.9′E,53 km,4.2,震度１,42.53166667,145.0816667
2011/4/28,21:39:31,福島県浜通り,37°05.3′N,140°49.8′E,8 km,3.5,震度３,37.08833333,140.83
2011/4/28,23:01:50,福島県沖,36°53.1′N,141°06.3′E,50 km,3.7,震度１,36.885,141.105
2011/4/28,23:18:33,福島県沖,37°26.1′N,141°33.3′E,41 km,3.4,震度１,37.435,141.555
2011/4/28,23:43:58,福島県浜通り,37°06.8′N,140°51.5′E,8 km,2.3,震度１,37.11333333,140.8583333
2011/4/29,0:13:53,福島県浜通り,37°05.3′N,140°48.3′E,5 km,1.8,震度１,37.08833333,140.805
2011/4/29,1:22:14,福島県浜通り,36°58.0′N,140°41.6′E,10 km,3.2,震度１,36.96666667,140.6933333
2011/4/29,1:24:49,茨城県北部,36°42.2′N,140°36.4′E,7 km,3.2,震度１,36.70333333,140.6066667
2011/4/29,1:43:52,宮城県沖,38°36.9′N,141°54.5′E,49 km,3.7,震度２,38.615,141.9083333
2011/4/29,2:14:47,茨城県北部,36°35.5′N,140°37.7′E,8 km,2.6,震度２,36.59166667,140.6283333
2011/4/29,2:17:55,岩手県沖,39°08.4′N,142°23.6′E,35 km,4.3,震度３,39.14,142.3933333
2011/4/29,2:35:00,福島県浜通り,37°05.9′N,140°50.8′E,8 km,3.1,震度２,37.09833333,140.8466667
2011/4/29,3:53:00,岐阜県美濃東部,35°47.8′N,137°23.2′E,11 km,2.7,震度１,35.79666667,137.3866667
2011/4/29,3:56:00,茨城県北部,36°35.5′N,140°37.8′E,8 km,2.4,震度２,36.59166667,140.63
2011/4/29,4:22:01,宮城県中部,38°19.4′N,140°41.5′E,12 km,2.5,震度１,38.32333333,140.6916667
2011/4/29,5:59:17,宮城県沖,37°49.5′N,142°38.8′E,23 km,4.3,震度１,37.825,142.6466667
2011/4/29,7:04:32,福島県沖,37°38.9′N,141°34.5′E,45 km,3.9,震度２,37.64833333,141.575
2011/4/29,7:21:12,新潟県中越地方,37°02.4′N,138°42.3′E,9 km,2.4,震度３,37.04,138.705
2011/4/29,7:21:56,新潟県中越地方,37°02.4′N,138°42.4′E,9 km,3.5,震度３,37.04,138.7066667
2011/4/29,7:24:47,新潟県中越地方,37°02.5′N,138°42.0′E,11 km,1.7,震度１,37.04166667,138.7
2011/4/29,8:49:35,福島県浜通り,37°08.1′N,140°47.3′E,4 km,3.2,震度２,37.135,140.7883333
2011/4/29,9:00:02,北海道南西沖,42°06.7′N,139°11.9′E,18 km,3.9,震度２,42.11166667,139.1983333
2011/4/29,9:54:27,福島県浜通り,37°00.5′N,140°40.7′E,7 km,2.7,震度１,37.00833333,140.6783333
2011/4/29,10:13:51,福島県沖,37°28.3′N,142°35.2′E,25 km,4.6,震度１,37.47166667,142.5866667
2011/4/29,10:25:08,宮城県沖,38°16.8′N,142°01.7′E,49 km,3.8,震度１,38.28,142.0283333
2011/4/29,11:50:16,福島県浜通り,37°05.9′N,140°50.9′E,8 km,2.7,震度２,37.09833333,140.8483333
2011/4/29,12:09:23,伊予灘,33°42.6′N,132°22.0′E,49 km,3.2,震度１,33.71,132.3666667
2011/4/29,12:56:08,隠岐島近海,35°58.8′N,133°19.8′E,16 km,4,震度１,35.98,133.33
2011/4/29,13:00:56,隠岐島近海,35°58.8′N,133°19.8′E,17 km,3.9,震度２,35.98,133.33
2011/4/29,13:08:51,熊本県熊本地方,33°01.5′N,130°43.7′E,12 km,3,震度１,33.025,130.7283333
2011/4/29,13:38:37,種子島近海,30°14.3′N,130°56.9′E,44 km,4.6,震度３,30.23833333,130.9483333
2011/4/29,14:30:03,福島県沖,36°57.7′N,141°18.9′E,27 km,3.9,震度１,36.96166667,141.315
2011/4/29,14:45:38,福島県沖,37°00.5′N,141°07.9′E,50 km,3.7,震度２,37.00833333,141.1316667
2011/4/29,14:59:46,宮城県北部,38°50.2′N,141°35.2′E,73 km,3.2,震度１,38.83666667,141.5866667
2011/4/29,15:54:48,岩手県沖,39°20.4′N,142°03.8′E,48 km,4.8,震度４,39.34,142.0633333
2011/4/29,17:29:08,茨城県沖,36°36.4′N,140°54.2′E,50 km,3.9,震度２,36.60666667,140.9033333
2011/4/29,19:31:03,長野県北部,36°48.9′N,138°38.3′E,0 km,3.2,震度２,36.815,138.6383333
2011/4/29,19:38:18,北海道北西沖,44°21.1′N,141°39.8′E,9 km,1.3,震度１,44.35166667,141.6633333
2011/4/29,21:24:56,茨城県北部,36°41.2′N,140°37.4′E,7 km,3,震度３,36.68666667,140.6233333
2011/4/29,21:53:53,千葉県南東沖,34°45.0′N,140°07.2′E,61 km,3.5,震度１,34.75,140.12
2011/4/29,22:02:29,岩手県沖,39°04.0′N,142°26.3′E,32 km,3.9,震度１,39.06666667,142.4383333
2011/4/29,22:27:51,福島県会津,37°43.9′N,139°55.5′E,9 km,2.5,震度１,37.73166667,139.925
2011/4/29,23:31:52,福島県沖,37°13.1′N,141°32.9′E,46 km,3.7,震度１,37.21833333,141.5483333
2011/4/29,23:33:33,茨城県沖,36°20.5′N,140°53.9′E,40 km,3.8,震度２,36.34166667,140.8983333
2011/4/30,2:04:13,千葉県東方沖,35°27.4′N,140°54.9′E,24 km,4.7,震度３,35.45666667,140.915
2011/4/30,3:44:33,宮城県沖,38°23.2′N,142°09.0′E,38 km,3.6,震度１,38.38666667,142.15
2011/4/30,4:11:54,群馬県北部,36°28.5′N,138°40.9′E,13 km,2.6,震度２,36.475,138.6816667
2011/4/30,4:32:03,福島県沖,37°14.0′N,141°21.2′E,37 km,3.4,震度１,37.23333333,141.3533333
2011/4/30,4:41:00,長野県北部,36°48.9′N,138°38.3′E,0 km,2.6,震度１,36.815,138.6383333
2011/4/30,5:21:13,茨城県北部,36°46.4′N,140°31.9′E,10 km,3.7,震度２,36.77333333,140.5316667
2011/4/30,5:42:10,福島県沖,37°35.9′N,142°11.8′E,8 km,4.5,震度１,37.59833333,142.1966667
2011/4/30,5:49:36,福島県浜通り,37°00.1′N,140°40.4′E,10 km,2.9,震度１,37.00166667,140.6733333
2011/4/30,6:11:36,茨城県沖,36°20.0′N,141°04.7′E,46 km,4,震度２,36.33333333,141.0783333
2011/4/30,7:19:31,宮城県沖,38°50.3′N,142°06.8′E,44 km,5.2,震度３,38.83833333,142.1133333
2011/4/30,7:23:18,茨城県南部,35°58.2′N,140°03.3′E,64 km,3.3,震度１,35.97,140.055
2011/4/30,7:53:44,千葉県北東部,35°44.5′N,140°51.1′E,7 km,2.9,震度１,35.74166667,140.8516667
2011/4/30,9:22:01,福島県中通り,37°01.1′N,140°30.4′E,5 km,2.6,震度２,37.01833333,140.5066667
2011/4/30,9:53:25,茨城県沖,36°32.7′N,140°51.8′E,50 km,3.3,震度１,36.545,140.8633333
2011/4/30,10:05:11,千葉県東方沖,35°44.5′N,140°56.3′E,11 km,3.5,震度１,35.74166667,140.9383333
2011/4/30,10:34:10,宮城県沖,38°17.2′N,141°46.5′E,57 km,3.7,震度１,38.28666667,141.775
2011/4/30,10:54:27,岩手県沖,39°40.4′N,142°08.2′E,47 km,4.2,震度２,39.67333333,142.1366667
2011/4/30,12:44:38,群馬県北部,36°50.5′N,139°20.6′E,6 km,2.4,震度１,36.84166667,139.3433333
2011/4/30,12:56:50,群馬県北部,36°50.4′N,139°20.4′E,5 km,2.3,震度１,36.84,139.34
2011/4/30,13:46:14,千葉県東方沖,35°44.3′N,140°56.3′E,12 km,3.2,震度１,35.73833333,140.9383333
2011/4/30,14:06:01,千葉県東方沖,35°42.9′N,140°49.0′E,19 km,3.1,震度１,35.715,140.8166667
2011/4/30,14:06:31,茨城県沖,36°45.5′N,141°16.8′E,37 km,5.3,震度４,36.75833333,141.28
2011/4/30,14:29:50,茨城県沖,36°45.2′N,141°14.9′E,35 km,4.1,震度３,36.75333333,141.2483333
2011/4/30,14:46:59,福島県沖,37°20.1′N,141°17.7′E,33 km,4.5,震度４,37.335,141.295
2011/4/30,15:04:22,茨城県沖,36°46.0′N,141°14.9′E,37 km,4.6,震度３,36.76666667,141.2483333
2011/4/30,15:33:26,福島県沖,37°17.5′N,141°25.3′E,46 km,3.4,震度１,37.29166667,141.4216667
2011/4/30,17:18:24,茨城県沖,36°18.4′N,141°04.2′E,48 km,3.9,震度２,36.30666667,141.07
2011/4/30,17:35:38,台湾付近,24°36.4′N,121°48.0′E,72 km,4.8,震度１,24.60666667,121.8
2011/4/30,19:21:44,茨城県沖,36°46.2′N,141°14.8′E,37 km,3.6,震度１,36.77,141.2466667
2011/4/30,19:28:06,宮城県中部,38°19.2′N,140°41.5′E,12 km,2.6,震度１,38.32,140.6916667
2011/4/30,19:28:55,宮城県中部,38°19.2′N,140°41.4′E,12 km,3.2,震度２,38.32,140.69
2011/4/30,19:31:41,宮城県中部,38°19.2′N,140°41.6′E,12 km,2.5,震度１,38.32,140.6933333
2011/4/30,19:45:21,秋田県内陸南部,39°34.1′N,140°23.3′E,3 km,1.9,震度１,39.56833333,140.3883333
2011/4/30,19:46:24,宮城県沖,38°18.5′N,142°07.0′E,37 km,4,震度１,38.30833333,142.1166667
2011/4/30,21:57:49,福島県中通り,37°01.8′N,140°35.6′E,9 km,3.6,震度２,37.03,140.5933333
2011/4/30,22:22:08,茨城県沖,36°13.0′N,140°59.4′E,39 km,3.5,震度１,36.21666667,140.99
2011/4/30,22:25:35,福島県浜通り,37°05.9′N,140°48.8′E,6 km,2.2,震度１,37.09833333,140.8133333
2011/5/1,2:11:57,茨城県沖,36°23.3′N,141°00.3′E,21 km,4.9,震度３,36.38833333,141.005
2011/5/1,3:07:08,宮城県沖,38°50.6′N,142°03.5′E,46 km,3.7,震度１,38.84333333,142.0583333
2011/5/1,7:04:45,千葉県東方沖,35°44.0′N,140°57.4′E,35 km,3.3,震度１,35.73333333,140.9566667
2011/5/1,7:47:59,福島県浜通り,36°56.6′N,140°41.9′E,6 km,3.3,震度１,36.94333333,140.6983333
2011/5/1,8:03:59,岩手県沖,39°30.5′N,142°22.1′E,30 km,3.8,震度１,39.50833333,142.3683333
2011/5/1,8:08:13,茨城県沖,36°23.7′N,141°00.4′E,20 km,4.2,震度２,36.395,141.0066667
2011/5/1,8:24:23,茨城県沖,36°23.8′N,140°59.8′E,20 km,4.3,震度２,36.39666667,140.9966667
2011/5/1,9:02:33,福島県浜通り,37°05.8′N,140°50.8′E,9 km,3.7,震度３,37.09666667,140.8466667
2011/5/1,10:27:46,茨城県沖,35°53.7′N,140°51.2′E,39 km,4.5,震度３,35.895,140.8533333
2011/5/1,10:45:18,埼玉県南部,35°55.1′N,139°49.5′E,77 km,4.2,震度３,35.91833333,139.825
2011/5/1,10:52:10,秋田県内陸南部,39°27.4′N,140°22.7′E,9 km,1.9,震度１,39.45666667,140.3783333
2011/5/1,10:56:04,福島県沖,37°08.7′N,141°22.4′E,49 km,4.1,震度３,37.145,141.3733333
2011/5/1,10:59:06,福島県浜通り,37°04.9′N,140°46.5′E,8 km,2.6,震度１,37.08166667,140.775
2011/5/1,11:22:03,福島県浜通り,37°05.9′N,140°50.4′E,8 km,2.8,震度２,37.09833333,140.84
2011/5/1,11:26:24,茨城県北部,36°43.0′N,140°37.2′E,7 km,2.6,震度１,36.71666667,140.62
2011/5/1,11:31:54,宮城県中部,38°19.1′N,140°41.4′E,12 km,2.4,震度１,38.31833333,140.69
2011/5/1,11:44:25,福島県会津,37°45.3′N,140°01.0′E,8 km,3,震度１,37.755,140.0166667
2011/5/1,11:48:46,福島県沖,37°25.4′N,141°12.5′E,29 km,4.6,震度４,37.42333333,141.2083333
2011/5/1,12:26:42,福島県沖,37°06.6′N,141°08.7′E,56 km,4.2,震度２,37.11,141.145
2011/5/1,12:28:18,宮城県沖,37°49.7′N,142°02.5′E,30 km,4.1,震度１,37.82833333,142.0416667
2011/5/1,12:37:18,福島県浜通り,37°04.0′N,140°40.1′E,10 km,3.9,震度３,37.06666667,140.6683333
2011/5/1,12:57:37,宮城県中部,38°19.5′N,140°41.9′E,13 km,2.5,震度１,38.325,140.6983333
2011/5/1,13:40:19,福島県浜通り,37°00.3′N,140°38.9′E,8 km,3.5,震度１,37.005,140.6483333
2011/5/1,14:06:08,福島県沖,37°32.0′N,141°17.0′E,19 km,4.2,震度３,37.53333333,141.2833333
2011/5/1,14:12:33,福島県沖,36°55.5′N,141°02.2′E,25 km,3.1,震度１,36.925,141.0366667
2011/5/1,15:51:17,千葉県北西部,35°30.2′N,140°08.0′E,21 km,2.6,震度１,35.50333333,140.1333333
2011/5/1,16:04:28,茨城県沖,35°54.6′N,141°03.3′E,30 km,4.4,震度２,35.91,141.055
2011/5/1,18:14:35,福島県浜通り,37°04.0′N,140°47.8′E,9 km,2.8,震度１,37.06666667,140.7966667
2011/5/1,18:32:12,宮城県沖,38°38.2′N,141°53.5′E,47 km,3.9,震度２,38.63666667,141.8916667
2011/5/1,18:36:34,茨城県北部,36°37.8′N,140°33.6′E,22 km,3.9,震度３,36.63,140.56
2011/5/1,19:22:41,茨城県沖,35°53.9′N,140°50.8′E,42 km,4.4,震度２,35.89833333,140.8466667
2011/5/1,19:23:50,福島県沖,37°10.5′N,141°25.5′E,44 km,3.8,震度１,37.175,141.425
2011/5/1,19:31:26,茨城県北部,36°44.9′N,140°34.0′E,8 km,3.2,震度１,36.74833333,140.5666667
2011/5/1,19:35:10,岩手県沖,39°02.5′N,142°25.5′E,31 km,3.7,震度１,39.04166667,142.425
2011/5/1,20:01:46,福島県浜通り,37°06.0′N,140°48.3′E,8 km,3.2,震度２,37.1,140.805
2011/5/1,20:47:14,宮城県沖,38°30.6′N,141°50.7′E,56 km,3.8,震度１,38.51,141.845
2011/5/1,21:12:06,秋田県内陸南部,39°31.8′N,140°23.4′E,6 km,2.5,震度２,39.53,140.39
2011/5/1,21:30:34,秋田県内陸南部,39°30.2′N,140°27.6′E,10 km,2.5,震度２,39.50333333,140.46
2011/5/1,21:55:12,岩手県沖,39°39.9′N,142°07.6′E,47 km,3.6,震度１,39.665,142.1266667
2011/5/2,0:51:36,福島県浜通り,36°59.4′N,140°44.2′E,19 km,3.2,震度１,36.99,140.7366667
2011/5/2,2:26:50,岩手県沖,39°39.9′N,142°07.8′E,47 km,3.1,震度１,39.665,142.13
2011/5/2,3:36:25,福島県浜通り,37°02.3′N,140°40.5′E,10 km,3.2,震度１,37.03833333,140.675
2011/5/2,4:04:18,秋田県内陸南部,39°36.6′N,140°37.9′E,5 km,2.2,震度１,39.61,140.6316667
2011/5/2,4:59:31,福島県浜通り,37°04.1′N,140°40.2′E,10 km,3.8,震度２,37.06833333,140.67
2011/5/2,6:59:33,福島県浜通り,37°05.4′N,140°48.2′E,5 km,2.1,震度１,37.09,140.8033333
2011/5/2,7:05:18,宮城県沖,38°22.7′N,142°18.8′E,29 km,3.9,震度１,38.37833333,142.3133333
2011/5/2,7:14:36,千葉県北西部,35°30.3′N,140°08.1′E,24 km,3,震度１,35.505,140.135
2011/5/2,8:02:01,奄美大島近海,28°39.7′N,129°35.4′E,16 km,3.9,震度２,28.66166667,129.59
2011/5/2,8:25:28,福島県沖,37°46.9′N,141°34.3′E,48 km,4.1,震度２,37.78166667,141.5716667
2011/5/2,8:52:21,茨城県北部,36°41.9′N,140°37.5′E,7 km,3.3,震度３,36.69833333,140.625
2011/5/2,9:17:27,茨城県北部,36°41.7′N,140°42.1′E,6 km,2.5,震度１,36.695,140.7016667
2011/5/2,9:18:44,茨城県南部,36°08.2′N,139°49.3′E,50 km,3.1,震度１,36.13666667,139.8216667
2011/5/2,9:38:06,岩手県沖,39°45.2′N,142°22.0′E,40 km,4,震度１,39.75333333,142.3666667
2011/5/2,9:38:42,茨城県北部,36°42.2′N,140°35.7′E,9 km,3.7,震度２,36.70333333,140.595
2011/5/2,9:49:07,茨城県沖,36°19.5′N,140°56.1′E,39 km,3.8,震度２,36.325,140.935
2011/5/2,10:16:57,茨城県南部,36°05.3′N,139°49.5′E,47 km,3.3,震度１,36.08833333,139.825
2011/5/2,10:33:34,福島県中通り,37°01.0′N,140°30.2′E,5 km,3,震度１,37.01666667,140.5033333
2011/5/2,11:09:36,福島県沖,37°39.1′N,141°36.0′E,48 km,4.7,震度３,37.65166667,141.6
2011/5/2,11:11:50,千葉県東方沖,35°41.8′N,140°52.6′E,8 km,3.4,震度１,35.69666667,140.8766667
2011/5/2,11:48:20,福島県中通り,36°59.2′N,140°33.0′E,8 km,2.9,震度１,36.98666667,140.55
2011/5/2,12:16:55,福島県中通り,36°59.3′N,140°32.0′E,7 km,3.9,震度３,36.98833333,140.5333333
2011/5/2,13:15:20,福島県浜通り,37°06.1′N,140°45.3′E,6 km,2.5,震度１,37.10166667,140.755
2011/5/2,15:09:34,釧路沖,42°55.6′N,145°30.6′E,44 km,4,震度２,42.92666667,145.51
2011/5/2,15:25:14,岩手県沖,39°55.3′N,142°24.1′E,38 km,3.7,震度１,39.92166667,142.4016667
2011/5/2,15:44:20,茨城県沖,36°20.9′N,140°49.4′E,49 km,3.8,震度２,36.34833333,140.8233333
2011/5/2,16:55:18,茨城県沖,36°35.9′N,140°49.8′E,28 km,3.9,震度３,36.59833333,140.83
2011/5/2,18:10:50,茨城県南部,36°02.6′N,139°55.3′E,43 km,3.2,震度１,36.04333333,139.9216667
2011/5/2,18:52:51,福島県沖,37°04.9′N,141°24.8′E,46 km,3.9,震度２,37.08166667,141.4133333
2011/5/2,20:29:49,宮城県沖,38°36.9′N,141°53.5′E,49 km,4.3,震度３,38.615,141.8916667
2011/5/2,21:36:46,宮城県沖,38°18.8′N,142°13.9′E,38 km,4.7,震度２,38.31333333,142.2316667
2011/5/2,22:34:31,茨城県北部,36°39.9′N,140°32.7′E,10 km,3.1,震度２,36.665,140.545
2011/5/2,22:57:03,福島県中通り,36°59.3′N,140°32.0′E,6 km,3.1,震度１,36.98833333,140.5333333
2011/5/2,22:58:36,福島県浜通り,37°06.4′N,140°45.0′E,3 km,2.3,震度１,37.10666667,140.75
2011/5/3,0:14:23,茨城県沖,36°43.2′N,141°03.1′E,46 km,3.6,震度１,36.72,141.0516667
2011/5/3,1:06:26,茨城県沖,36°01.0′N,140°48.6′E,28 km,2.9,震度１,36.01666667,140.81
2011/5/3,1:43:57,福島県中通り,36°59.2′N,140°31.8′E,5 km,3.2,震度１,36.98666667,140.53
2011/5/3,2:18:37,宮城県中部,38°18.7′N,140°42.8′E,13 km,2.5,震度１,38.31166667,140.7133333
2011/5/3,2:44:11,福島県沖,37°11.9′N,141°31.1′E,46 km,3.9,震度１,37.19833333,141.5183333
2011/5/3,3:35:14,茨城県南部,36°07.7′N,139°48.9′E,49 km,3,震度１,36.12833333,139.815
2011/5/3,5:01:47,茨城県沖,36°39.3′N,141°05.8′E,45 km,4,震度２,36.655,141.0966667
2011/5/3,5:15:44,津軽海峡,41°23.8′N,141°15.4′E,7 km,3.5,震度２,41.39666667,141.2566667
2011/5/3,5:31:16,福島県沖,37°10.0′N,141°18.7′E,34 km,4.3,震度２,37.16666667,141.3116667
2011/5/3,6:25:48,岩手県沖,40°03.4′N,142°43.3′E,31 km,5.1,震度３,40.05666667,142.7216667
2011/5/3,7:06:36,大阪府南部,34°17.1′N,135°10.4′E,8 km,2.9,震度２,34.285,135.1733333
2011/5/3,8:22:23,熊本県熊本地方,33°01.5′N,130°43.5′E,12 km,2.7,震度１,33.025,130.725
2011/5/3,8:46:03,岩手県沖,39°06.2′N,142°22.4′E,35 km,3.6,震度１,39.10333333,142.3733333
2011/5/3,9:10:14,宮城県沖,38°56.9′N,142°21.2′E,33 km,3.9,震度１,38.94833333,142.3533333
2011/5/3,10:55:34,福島県中通り,36°59.3′N,140°33.8′E,4 km,3.1,震度１,36.98833333,140.5633333
2011/5/3,11:13:24,福島県浜通り,36°57.3′N,140°37.2′E,9 km,3.8,震度２,36.955,140.62
2011/5/3,11:14:08,茨城県北部,36°50.3′N,140°34.0′E,3 km,2.6,震度１,36.83833333,140.5666667
2011/5/3,12:25:48,福島県浜通り,37°01.1′N,140°41.0′E,10 km,2.9,震度１,37.01833333,140.6833333
2011/5/3,12:57:50,茨城県沖,36°45.6′N,141°13.3′E,36 km,3.8,震度１,36.76,141.2216667
2011/5/3,13:28:41,岐阜県飛騨地方,36°03.2′N,137°34.7′E,10 km,3.3,震度１,36.05333333,137.5783333
2011/5/3,14:26:09,千葉県南東沖,35°00.0′N,140°14.4′E,33 km,4.2,震度２,35,140.24
2011/5/3,15:22:25,茨城県沖,35°47.7′N,141°26.4′E,10 km,4.2,震度１,35.795,141.44
2011/5/3,15:36:09,福島県会津,37°43.8′N,139°55.6′E,8 km,2.7,震度１,37.73,139.9266667
2011/5/3,19:26:06,茨城県沖,36°36.8′N,141°52.9′E,38 km,4.1,震度１,36.61333333,141.8816667
2011/5/3,20:44:09,福島県沖,37°30.3′N,141°23.0′E,49 km,4.3,震度２,37.505,141.3833333
2011/5/3,20:52:14,新潟県中越地方,36°57.8′N,138°36.2′E,8 km,2.9,震度２,36.96333333,138.6033333
2011/5/3,22:35:41,茨城県北部,36°44.3′N,140°33.7′E,9 km,2.5,震度１,36.73833333,140.5616667
2011/5/3,22:35:54,宮城県沖,38°48.2′N,142°02.5′E,47 km,4.8,震度３,38.80333333,142.0416667
2011/5/3,22:57:15,福島県中通り,37°00.7′N,140°35.1′E,8 km,4.5,震度４,37.01166667,140.585
2011/5/3,23:02:30,福島県沖,37°11.7′N,141°12.1′E,30 km,3.4,震度１,37.195,141.2016667
2011/5/3,23:30:56,宮城県沖,38°48.9′N,142°04.6′E,45 km,3.1,震度１,38.815,142.0766667
2011/5/3,23:53:06,福島県浜通り,37°02.2′N,140°49.0′E,10 km,3.5,震度２,37.03666667,140.8166667
2011/5/4,0:27:48,千葉県北東部,35°45.3′N,140°39.8′E,47 km,3,震度１,35.755,140.6633333
2011/5/4,0:37:04,紀伊水道,34°10.4′N,135°05.6′E,9 km,2.4,震度１,34.17333333,135.0933333
2011/5/4,0:44:56,福島県沖,37°10.7′N,141°22.8′E,48 km,3.9,震度１,37.17833333,141.38
2011/5/4,2:30:49,福島県沖,37°17.3′N,141°15.9′E,37 km,3.1,震度１,37.28833333,141.265
2011/5/4,2:54:20,秋田県内陸南部,39°33.3′N,140°27.0′E,8 km,2.6,震度１,39.555,140.45
2011/5/4,2:55:01,福島県浜通り,37°00.7′N,140°42.3′E,9 km,2.5,震度１,37.01166667,140.705
2011/5/4,3:40:09,茨城県沖,36°14.9′N,141°00.3′E,38 km,3.8,震度１,36.24833333,141.005
2011/5/4,3:52:53,秋田県内陸南部,39°36.0′N,140°32.0′E,6 km,3,震度２,39.6,140.5333333
2011/5/4,4:15:34,宮城県南部,37°58.8′N,140°33.6′E,10 km,3.9,震度２,37.98,140.56
2011/5/4,4:53:31,栃木県北部,36°53.5′N,139°24.3′E,4 km,2.2,震度１,36.89166667,139.405
2011/5/4,5:51:48,岩手県沖,39°04.3′N,142°24.1′E,32 km,3.4,震度１,39.07166667,142.4016667
2011/5/4,5:58:32,福島県沖,37°24.7′N,141°16.5′E,34 km,3.5,震度１,37.41166667,141.275
2011/5/4,6:28:04,茨城県南部,36°08.1′N,139°50.8′E,50 km,3.6,震度１,36.135,139.8466667
2011/5/4,7:01:30,宮城県沖,38°23.3′N,141°58.5′E,47 km,4.2,震度２,38.38833333,141.975
2011/5/4,8:06:48,秋田県内陸南部,39°31.0′N,140°24.7′E,9 km,2.6,震度２,39.51666667,140.4116667
2011/5/4,10:04:52,茨城県北部,36°40.6′N,140°36.8′E,7 km,3,震度１,36.67666667,140.6133333
2011/5/4,10:43:36,福島県沖,37°04.2′N,141°10.6′E,51 km,3.8,震度２,37.07,141.1766667
2011/5/4,11:38:21,福島県会津,37°43.7′N,139°55.6′E,8 km,2.5,震度１,37.72833333,139.9266667
2011/5/4,12:47:30,千葉県北東部,35°52.9′N,140°33.1′E,45 km,3.3,震度１,35.88166667,140.5516667
2011/5/4,13:52:23,茨城県沖,35°56.9′N,141°08.8′E,24 km,3.8,震度１,35.94833333,141.1466667
2011/5/4,14:39:18,茨城県南部,36°07.6′N,139°50.8′E,49 km,3,震度１,36.12666667,139.8466667
2011/5/4,14:41:46,青森県三八上北地方,40°50.7′N,141°24.8′E,92 km,4.6,震度３,40.845,141.4133333
2011/5/4,15:18:30,福島県中通り,37°02.0′N,140°33.1′E,8 km,2.7,震度２,37.03333333,140.5516667
2011/5/4,15:59:30,宮城県沖,38°40.0′N,142°10.0′E,40 km,3.9,震度１,38.66666667,142.1666667
2011/5/4,16:13:34,埼玉県秩父地方,35°54.1′N,139°01.8′E,15 km,3.2,震度２,35.90166667,139.03
2011/5/4,16:38:00,茨城県北部,36°42.4′N,140°39.1′E,2 km,3,震度２,36.70666667,140.6516667
2011/5/4,16:48:44,茨城県沖,36°31.7′N,141°00.7′E,34 km,3.5,震度１,36.52833333,141.0116667
2011/5/4,17:23:49,福島県沖,37°02.7′N,143°20.7′E,44 km,5.5,震度１,37.045,143.345
2011/5/4,17:38:11,茨城県北部,36°48.0′N,140°32.7′E,8 km,3.5,震度１,36.8,140.545
2011/5/4,17:40:40,福島県沖,37°09.9′N,141°12.5′E,34 km,3.2,震度１,37.165,141.2083333
2011/5/4,17:44:53,福島県中通り,37°06.2′N,140°35.6′E,7 km,2.9,震度２,37.10333333,140.5933333
2011/5/4,17:47:09,茨城県北部,36°47.9′N,140°32.7′E,8 km,3.8,震度３,36.79833333,140.545
2011/5/4,17:47:48,茨城県北部,36°48.0′N,140°32.8′E,7 km,3.7,震度２,36.8,140.5466667
2011/5/4,18:32:07,福島県浜通り,37°06.1′N,140°49.1′E,7 km,2.9,震度１,37.10166667,140.8183333
2011/5/4,20:02:26,岩手県沖,39°25.8′N,142°33.8′E,34 km,4,震度１,39.43,142.5633333
2011/5/4,20:43:18,茨城県沖,36°18.8′N,141°09.9′E,47 km,4.2,震度２,36.31333333,141.165
2011/5/4,21:15:45,群馬県北部,36°50.4′N,139°20.5′E,6 km,2.3,震度１,36.84,139.3416667
2011/5/4,22:18:50,宮城県沖,38°52.7′N,141°59.4′E,49 km,4.2,震度２,38.87833333,141.99
2011/5/5,0:09:04,茨城県北部,36°48.1′N,140°32.7′E,7 km,4.1,震度３,36.80166667,140.545
2011/5/5,1:29:04,福島県沖,37°50.4′N,141°48.7′E,31 km,4.2,震度２,37.84,141.8116667
2011/5/5,1:33:53,福島県中通り,37°01.2′N,140°20.4′E,1 km,2.7,震度２,37.02,140.34
2011/5/5,1:36:30,和歌山県北部,34°03.3′N,135°11.6′E,2 km,2.1,震度１,34.055,135.1933333
2011/5/5,2:36:17,宮城県沖,38°14.2′N,142°13.3′E,38 km,4.2,震度１,38.23666667,142.2216667
2011/5/5,3:22:21,静岡県中部,35°13.5′N,138°23.7′E,18 km,3.6,震度３,35.225,138.395
2011/5/5,4:05:05,福島県浜通り,37°06.6′N,140°51.0′E,7 km,2.5,震度１,37.11,140.85
2011/5/5,4:13:48,茨城県沖,36°34.7′N,141°12.9′E,46 km,3.7,震度１,36.57833333,141.215
2011/5/5,5:53:12,福島県沖,37°06.7′N,141°22.3′E,45 km,3.5,震度１,37.11166667,141.3716667
2011/5/5,6:13:45,宮城県沖,38°10.6′N,141°41.0′E,51 km,3.9,震度１,38.17666667,141.6833333
2011/5/5,6:39:04,福島県沖,37°05.8′N,142°28.2′E,0 km,4.3,震度１,37.09666667,142.47
2011/5/5,6:53:24,福島県沖,37°43.2′N,141°35.8′E,56 km,4,震度１,37.72,141.5966667
2011/5/5,7:53:23,群馬県北部,36°50.4′N,139°20.5′E,6 km,2.4,震度１,36.84,139.3416667
2011/5/5,8:17:54,岩手県沖,39°04.5′N,142°21.6′E,35 km,3.3,震度２,39.075,142.36
2011/5/5,10:39:17,福島県浜通り,37°13.2′N,140°53.4′E,8 km,3.4,震度２,37.22,140.89
2011/5/5,12:14:20,新潟県中越地方,37°00.7′N,138°40.7′E,8 km,2.5,震度２,37.01166667,138.6783333
2011/5/5,12:55:01,福島県沖,36°52.0′N,141°09.7′E,48 km,3.7,震度１,36.86666667,141.1616667
2011/5/5,13:22:46,茨城県沖,36°37.4′N,140°59.7′E,47 km,3.2,震度１,36.62333333,140.995
2011/5/5,13:28:55,茨城県沖,35°53.8′N,140°49.4′E,39 km,3.6,震度１,35.89666667,140.8233333
2011/5/5,14:06:42,千葉県東方沖,35°41.2′N,140°44.9′E,45 km,3.7,震度２,35.68666667,140.7483333
2011/5/5,14:12:54,山梨県中・西部,35°43.6′N,138°15.5′E,5 km,2.8,震度１,35.72666667,138.2583333
2011/5/5,14:14:48,山梨県中・西部,35°43.6′N,138°15.5′E,5 km,2.8,震度１,35.72666667,138.2583333
2011/5/5,15:29:45,福島県浜通り,37°02.0′N,140°39.4′E,5 km,1.5,震度１,37.03333333,140.6566667
2011/5/5,15:43:41,福島県沖,37°31.4′N,141°27.5′E,46 km,3.1,震度１,37.52333333,141.4583333
2011/5/5,17:43:57,宮城県中部,38°19.6′N,140°41.4′E,12 km,2.8,震度１,38.32666667,140.69
2011/5/5,17:57:29,岩手県沖,39°12.2′N,142°23.7′E,35 km,3.9,震度１,39.20333333,142.395
2011/5/5,18:19:34,岐阜県飛騨地方,36°08.5′N,137°23.7′E,7 km,2.4,震度１,36.14166667,137.395
2011/5/5,18:20:14,岩手県沖,39°08.3′N,142°25.0′E,34 km,4.1,震度１,39.13833333,142.4166667
2011/5/5,18:44:37,茨城県沖,36°26.8′N,140°48.3′E,24 km,2.4,震度１,36.44666667,140.805
2011/5/5,19:20:47,茨城県北部,36°50.9′N,140°34.9′E,8 km,4.5,震度３,36.84833333,140.5816667
2011/5/5,20:02:12,福島県沖,36°57.4′N,141°04.0′E,51 km,3.9,震度２,36.95666667,141.0666667
2011/5/5,22:23:39,宮城県沖,38°53.0′N,141°59.1′E,50 km,3.9,震度２,38.88333333,141.985
2011/5/5,23:33:14,福島県沖,37°10.5′N,141°07.2′E,33 km,3.9,震度２,37.175,141.12
2011/5/5,23:58:19,三陸沖,38°12.7′N,144°07.1′E,42 km,6.1,震度３,38.21166667,144.1183333
2011/5/6,0:48:24,宮城県沖,38°21.5′N,142°11.6′E,31 km,3.9,震度１,38.35833333,142.1933333
2011/5/6,1:47:06,愛知県西部,35°08.6′N,137°22.7′E,44 km,2.9,震度１,35.14333333,137.3783333
2011/5/6,2:03:12,福島県浜通り,37°05.7′N,140°48.6′E,6 km,2.5,震度１,37.095,140.81
2011/5/6,2:04:27,福島県浜通り,37°05.9′N,140°48.5′E,6 km,5.2,震度５弱,37.09833333,140.8083333
2011/5/6,2:06:29,福島県浜通り,37°06.1′N,140°47.5′E,7 km,2.5,震度１,37.10166667,140.7916667
2011/5/6,2:23:45,福島県浜通り,37°04.8′N,140°48.3′E,5 km,2,震度１,37.08,140.805
2011/5/6,2:27:52,茨城県南部,36°08.9′N,140°04.4′E,49 km,3.2,震度１,36.14833333,140.0733333
2011/5/6,2:35:24,福島県浜通り,37°05.7′N,140°48.2′E,6 km,3,震度２,37.095,140.8033333
2011/5/6,2:45:17,福島県浜通り,37°05.7′N,140°48.6′E,8 km,2.7,震度１,37.095,140.81
2011/5/6,3:06:48,茨城県北部,36°43.0′N,140°36.4′E,7 km,3.5,震度３,36.71666667,140.6066667
2011/5/6,3:32:08,福島県会津,37°43.7′N,139°55.8′E,8 km,3.4,震度３,37.72833333,139.93
2011/5/6,3:45:42,福島県浜通り,37°03.9′N,140°48.1′E,4 km,2.8,震度１,37.065,140.8016667
2011/5/6,4:23:16,福島県浜通り,37°05.2′N,140°47.5′E,7 km,2.5,震度１,37.08666667,140.7916667
2011/5/6,5:36:45,福島県中通り,37°03.5′N,140°34.9′E,6 km,3.1,震度１,37.05833333,140.5816667
2011/5/6,6:55:26,福島県沖,37°23.8′N,141°17.2′E,34 km,3.8,震度２,37.39666667,141.2866667
2011/5/6,7:36:57,福島県中通り,37°00.9′N,140°30.3′E,6 km,4,震度３,37.015,140.505
2011/5/6,7:46:51,茨城県沖,36°33.9′N,141°49.4′E,44 km,4.1,震度２,36.565,141.8233333
2011/5/6,8:09:07,福島県沖,37°20.4′N,142°33.5′E,0 km,4.6,震度１,37.34,142.5583333
2011/5/6,8:21:22,沖縄本島近海,26°04.9′N,128°40.3′E,35 km,5.6,震度２,26.08166667,128.6716667
2011/5/6,9:09:16,宮城県沖,38°45.9′N,142°12.4′E,38 km,3.2,震度１,38.765,142.2066667
2011/5/6,9:15:05,千葉県東方沖,35°29.3′N,140°57.3′E,24 km,3.5,震度１,35.48833333,140.955
2011/5/6,12:21:05,福島県中通り,37°04.7′N,140°34.3′E,8 km,2.9,震度１,37.07833333,140.5716667
2011/5/6,13:22:52,宮城県沖,38°36.7′N,142°04.0′E,35 km,3.6,震度１,38.61166667,142.0666667
2011/5/6,13:41:45,福島県浜通り,37°06.3′N,140°50.4′E,7 km,2.3,震度１,37.105,140.84
2011/5/6,14:14:57,岩手県沖,39°04.6′N,142°13.8′E,44 km,4.7,震度３,39.07666667,142.23
2011/5/6,14:45:05,福島県浜通り,37°05.7′N,140°48.5′E,8 km,2.9,震度１,37.095,140.8083333
2011/5/6,14:47:08,北海道南西沖,41°32.8′N,139°57.2′E,10 km,3.3,震度１,41.54666667,139.9533333
2011/5/6,15:07:42,栃木県北部,36°42.2′N,139°25.3′E,4 km,2.7,震度１,36.70333333,139.4216667
2011/5/6,15:29:07,宮城県沖,37°54.8′N,141°56.2′E,38 km,3.8,震度１,37.91333333,141.9366667
2011/5/6,15:43:54,宮城県沖,38°24.8′N,142°12.2′E,36 km,4.2,震度２,38.41333333,142.2033333
2011/5/6,16:56:13,宮城県沖,38°20.5′N,141°43.6′E,51 km,4.1,震度３,38.34166667,141.7266667
2011/5/6,17:30:52,岩手県沖,39°44.0′N,142°13.7′E,44 km,3.9,震度１,39.73333333,142.2283333
2011/5/6,17:42:26,新島・神津島近海,34°21.7′N,139°16.2′E,6 km,1.5,震度１,34.36166667,139.27
2011/5/6,18:00:15,佐渡付近,37°42.6′N,138°06.8′E,18 km,4.2,震度３,37.71,138.1133333
2011/5/6,18:54:34,福島県浜通り,37°06.5′N,140°49.3′E,7 km,2.4,震度１,37.10833333,140.8216667
2011/5/6,19:35:41,福島県浜通り,37°07.4′N,140°48.3′E,3 km,1.9,震度１,37.12333333,140.805
2011/5/6,20:26:20,宮城県沖,38°10.1′N,141°42.6′E,50 km,3.7,震度１,38.16833333,141.71
2011/5/6,20:52:14,秋田県内陸南部,39°33.3′N,140°27.0′E,9 km,3.6,震度３,39.555,140.45
2011/5/6,21:13:01,トカラ列島近海,29°05.2′N,129°25.2′E,22 km,3.4,震度１,29.08666667,129.42
2011/5/6,23:15:17,福島県浜通り,36°56.1′N,140°39.2′E,7 km,3.8,震度２,36.935,140.6533333
2011/5/7,3:50:46,福島県浜通り,37°06.8′N,140°50.3′E,7 km,2.4,震度１,37.11333333,140.8383333
2011/5/7,4:17:40,熊本県熊本地方,33°01.4′N,130°43.5′E,12 km,3,震度１,33.02333333,130.725
2011/5/7,6:58:37,根室半島南東沖,43°11.9′N,146°15.9′E,49 km,3.5,震度１,43.19833333,146.265
2011/5/7,8:43:16,岩手県沖,39°15.9′N,142°22.2′E,37 km,3.8,震度１,39.265,142.37
2011/5/7,9:37:23,釧路地方中南部,42°54.3′N,143°48.5′E,116 km,3.8,震度１,42.905,143.8083333
2011/5/7,10:12:23,福島県浜通り,37°06.4′N,140°52.1′E,8 km,2.8,震度２,37.10666667,140.8683333
2011/5/7,12:21:50,奄美大島近海,28°40.0′N,129°35.5′E,17 km,3.9,震度１,28.66666667,129.5916667
2011/5/7,13:34:54,福島県会津,37°44.7′N,139°55.9′E,8 km,4.6,震度４,37.745,139.9316667
2011/5/7,13:40:31,福島県浜通り,37°11.6′N,140°39.5′E,8 km,2.8,震度１,37.19333333,140.6583333
2011/5/7,14:16:37,長野県北部,36°49.6′N,138°40.9′E,2 km,3.7,震度２,36.82666667,138.6816667
2011/5/7,14:54:48,宮城県沖,38°27.7′N,141°49.7′E,55 km,3.6,震度１,38.46166667,141.8283333
2011/5/7,15:16:39,岐阜県飛騨地方,36°08.5′N,137°23.7′E,8 km,2.4,震度１,36.14166667,137.395
2011/5/7,15:21:43,福島県沖,37°44.0′N,141°44.2′E,51 km,3.7,震度１,37.73333333,141.7366667
2011/5/7,20:24:51,茨城県沖,36°43.1′N,141°06.6′E,24 km,4.2,震度２,36.71833333,141.11
2011/5/7,20:32:29,宮城県沖,38°08.8′N,141°33.2′E,61 km,3.5,震度１,38.14666667,141.5533333
2011/5/7,21:36:59,茨城県沖,36°25.4′N,140°38.7′E,53 km,2.9,震度１,36.42333333,140.645
2011/5/7,21:47:38,紀伊水道,33°51.3′N,134°41.1′E,39 km,4,震度３,33.855,134.685
2011/5/7,22:00:26,紀伊水道,33°51.5′N,134°40.9′E,38 km,3.6,震度２,33.85833333,134.6816667
2011/5/7,23:25:42,宮城県沖,38°23.4′N,141°58.7′E,47 km,4,震度２,38.39,141.9783333
2011/5/7,23:31:04,千葉県東方沖,35°43.5′N,140°54.9′E,13 km,3.8,震度２,35.725,140.915
2011/5/8,2:11:38,新潟県中越地方,37°02.3′N,138°42.8′E,8 km,1.7,震度１,37.03833333,138.7133333
2011/5/8,2:17:10,茨城県沖,36°19.3′N,140°57.0′E,41 km,3.7,震度１,36.32166667,140.95
2011/5/8,3:01:38,福島県会津,36°56.9′N,139°25.4′E,4 km,2.4,震度１,36.94833333,139.4233333
2011/5/8,5:03:07,宮城県沖,38°48.8′N,141°41.8′E,78 km,4.1,震度２,38.81333333,141.6966667
2011/5/8,5:16:00,福島県中通り,37°05.1′N,140°28.4′E,8 km,2,震度１,37.085,140.4733333
2011/5/8,5:52:20,岩手県沖,40°14.6′N,142°30.0′E,34 km,5.7,震度４,40.24333333,142.5
2011/5/8,6:22:00,千葉県北東部,35°43.7′N,140°52.1′E,13 km,3.5,震度１,35.72833333,140.8683333
2011/5/8,6:24:00,福島県沖,37°20.3′N,141°36.0′E,44 km,4.3,震度２,37.33833333,141.6
2011/5/8,7:11:07,福島県浜通り,37°06.5′N,140°46.4′E,4 km,4.5,震度３,37.10833333,140.7733333
2011/5/8,7:32:46,茨城県沖,36°39.0′N,140°59.2′E,48 km,3.1,震度１,36.65,140.9866667
2011/5/8,8:18:24,福島県沖,37°22.3′N,142°40.8′E,34 km,4.5,震度１,37.37166667,142.68
2011/5/8,8:48:42,岩手県沖,39°16.7′N,142°14.4′E,42 km,3.4,震度１,39.27833333,142.24
2011/5/8,9:23:07,茨城県沖,36°21.6′N,140°52.7′E,37 km,3.5,震度１,36.36,140.8783333
2011/5/8,9:46:27,福島県浜通り,36°56.4′N,140°37.8′E,9 km,3.5,震度１,36.94,140.63
2011/5/8,9:55:24,茨城県北部,36°24.5′N,140°32.3′E,54 km,2.9,震度１,36.40833333,140.5383333
2011/5/8,10:18:16,宮城県中部,38°19.4′N,140°42.0′E,12 km,2.1,震度１,38.32333333,140.7
2011/5/8,11:56:13,長野県南部,35°50.9′N,137°39.1′E,10 km,3.1,震度２,35.84833333,137.6516667
2011/5/8,12:45:03,千葉県東方沖,35°41.4′N,140°44.8′E,20 km,3.4,震度１,35.69,140.7466667
2011/5/8,13:13:41,福島県沖,37°26.3′N,141°16.5′E,28 km,3.4,震度２,37.43833333,141.275
2011/5/8,13:24:13,長野県北部,36°48.9′N,138°37.6′E,2 km,2.9,震度１,36.815,138.6266667
2011/5/8,13:36:36,福島県浜通り,37°06.6′N,140°46.0′E,5 km,1.9,震度１,37.11,140.7666667
2011/5/8,13:53:42,福島県沖,37°01.3′N,141°05.0′E,51 km,4.4,震度３,37.02166667,141.0833333
2011/5/8,14:01:48,茨城県北部,36°53.4′N,140°40.3′E,8 km,3.7,震度２,36.89,140.6716667
2011/5/8,15:23:17,茨城県北部,36°53.1′N,140°40.4′E,7 km,3.1,震度１,36.885,140.6733333
2011/5/8,19:42:54,福島県沖,37°39.0′N,141°35.3′E,46 km,4.7,震度３,37.65,141.5883333
2011/5/8,20:21:33,宮城県沖,38°48.2′N,142°20.9′E,28 km,4.1,震度１,38.80333333,142.3483333
2011/5/8,20:39:09,宮城県沖,38°14.3′N,141°49.3′E,56 km,3.6,震度１,38.23833333,141.8216667
2011/5/8,20:49:52,宮城県沖,38°17.8′N,141°40.1′E,52 km,3.9,震度２,38.29666667,141.6683333
2011/5/8,22:28:41,宮城県沖,38°33.5′N,142°28.3′E,28 km,4.2,震度１,38.55833333,142.4716667
2011/5/8,23:12:20,秋田県内陸南部,39°35.7′N,140°27.4′E,6 km,2.6,震度１,39.595,140.4566667
2011/5/9,0:20:46,福島県浜通り,36°58.9′N,140°46.6′E,12 km,4.1,震度２,36.98166667,140.7766667
2011/5/9,2:15:48,福島県浜通り,37°06.6′N,140°46.1′E,5 km,2.5,震度２,37.11,140.7683333
2011/5/9,2:32:42,種子島近海,30°04.2′N,130°53.6′E,24 km,3.6,震度１,30.07,130.8933333
2011/5/9,3:08:15,福島県中通り,36°59.7′N,140°30.7′E,5 km,3,震度１,36.995,140.5116667
2011/5/9,3:43:54,福島県沖,37°45.5′N,141°01.3′E,18 km,3.2,震度１,37.75833333,141.0216667
2011/5/9,4:22:56,宮城県沖,38°23.9′N,141°59.1′E,48 km,3.8,震度２,38.39833333,141.985
2011/5/9,4:59:31,岐阜県飛騨地方,35°58.8′N,137°18.3′E,7 km,2.9,震度２,35.98,137.305
2011/5/9,6:28:31,茨城県沖,36°19.1′N,140°48.4′E,53 km,3.3,震度２,36.31833333,140.8066667
2011/5/9,7:24:35,福島県浜通り,37°13.0′N,140°53.4′E,8 km,3.2,震度１,37.21666667,140.89
2011/5/9,8:03:59,福島県浜通り,36°54.9′N,140°40.5′E,10 km,3.7,震度２,36.915,140.675
2011/5/9,8:44:56,福島県中通り,37°05.4′N,140°35.8′E,6 km,2.8,震度２,37.09,140.5966667
2011/5/9,8:54:32,トカラ列島近海,29°05.2′N,129°25.7′E,23 km,3.8,震度１,29.08666667,129.4283333
2011/5/9,9:00:59,茨城県北部,36°48.3′N,140°34.8′E,5 km,3.8,震度２,36.805,140.58
2011/5/9,9:41:15,福島県沖,36°55.2′N,141°34.7′E,30 km,3.7,震度１,36.92,141.5783333
2011/5/9,10:07:13,茨城県北部,36°41.9′N,140°35.6′E,9 km,2.7,震度１,36.69833333,140.5933333
2011/5/9,11:09:53,宮城県沖,38°20.5′N,141°51.9′E,64 km,3.6,震度１,38.34166667,141.865
2011/5/9,11:19:22,茨城県沖,36°23.5′N,141°01.4′E,47 km,3.7,震度１,36.39166667,141.0233333
2011/5/9,11:26:41,福島県沖,36°57.4′N,141°32.5′E,43 km,4.3,震度２,36.95666667,141.5416667
2011/5/9,12:00:46,福島県浜通り,37°06.4′N,140°49.5′E,7 km,2.4,震度１,37.10666667,140.825
2011/5/9,12:09:30,福島県浜通り,37°06.7′N,140°50.3′E,9 km,2.9,震度２,37.11166667,140.8383333
2011/5/9,12:10:27,福島県浜通り,37°06.4′N,140°49.4′E,7 km,2.7,震度１,37.10666667,140.8233333
2011/5/9,12:27:24,福島県浜通り,37°06.5′N,140°49.1′E,7 km,2.6,震度１,37.10833333,140.8183333
2011/5/9,13:56:05,福島県中通り,37°03.6′N,140°36.5′E,5 km,3.1,震度１,37.06,140.6083333
2011/5/9,15:58:45,福島県沖,37°17.4′N,141°35.8′E,45 km,3.8,震度１,37.29,141.5966667
2011/5/9,18:09:26,千葉県東方沖,35°49.2′N,140°55.0′E,29 km,3.5,震度１,35.82,140.9166667
2011/5/9,18:46:11,千葉県東方沖,35°41.4′N,140°45.2′E,20 km,2.9,震度１,35.69,140.7533333
2011/5/9,19:53:20,茨城県沖,36°32.3′N,140°51.3′E,52 km,4,震度３,36.53833333,140.855
2011/5/9,21:08:18,茨城県沖,36°27.9′N,141°04.7′E,23 km,4.4,震度２,36.465,141.0783333
2011/5/9,21:26:09,福島県浜通り,37°06.6′N,140°49.6′E,7 km,2.2,震度１,37.11,140.8266667
2011/5/9,21:37:44,福島県浜通り,37°06.6′N,140°46.0′E,6 km,2.4,震度１,37.11,140.7666667
2011/5/9,21:38:30,岐阜県飛騨地方,36°03.4′N,137°34.7′E,10 km,2.5,震度１,36.05666667,137.5783333
2011/5/9,22:35:21,茨城県沖,36°33.4′N,140°59.4′E,24 km,3.7,震度１,36.55666667,140.99
2011/5/9,22:55:45,千葉県北西部,35°39.6′N,140°11.3′E,66 km,3.7,震度１,35.66,140.1883333
2011/5/10,0:38:14,新潟県中越地方,37°01.5′N,138°41.8′E,7 km,2.7,震度２,37.025,138.6966667
2011/5/10,0:45:55,岩手県内陸南部,39°26.3′N,141°17.3′E,5 km,2.9,震度２,39.43833333,141.2883333
2011/5/10,1:33:05,福島県浜通り,37°06.5′N,140°50.5′E,7 km,2.2,震度１,37.10833333,140.8416667
2011/5/10,1:35:00,宮城県沖,38°19.9′N,141°51.7′E,62 km,3.2,震度１,38.33166667,141.8616667
2011/5/10,4:34:58,福島県沖,37°18.4′N,141°15.9′E,50 km,3.1,震度１,37.30666667,141.265
2011/5/10,4:36:33,千葉県東方沖,35°43.7′N,140°55.1′E,12 km,3,震度１,35.72833333,140.9183333
2011/5/10,5:15:54,福島県沖,37°47.7′N,143°37.0′E,45 km,5.6,震度２,37.795,143.6166667
2011/5/10,6:38:55,福島県沖,37°45.6′N,141°43.7′E,47 km,2.8,震度１,37.76,141.7283333
2011/5/10,8:17:53,岩手県内陸北部,40°20.9′N,141°35.3′E,84 km,3.2,震度１,40.34833333,141.5883333
2011/5/10,8:38:23,茨城県北部,36°41.9′N,140°38.2′E,6 km,4.5,震度４,36.69833333,140.6366667
2011/5/10,8:52:42,茨城県沖,36°14.4′N,141°03.2′E,40 km,3.9,震度２,36.24,141.0533333
2011/5/10,8:58:07,茨城県北部,36°45.0′N,140°35.0′E,7 km,3.2,震度２,36.75,140.5833333
2011/5/10,9:14:15,新潟県中越地方,37°01.4′N,138°41.4′E,9 km,1.7,震度１,37.02333333,138.69
2011/5/10,10:35:55,茨城県北部,36°42.7′N,140°35.8′E,9 km,3.1,震度２,36.71166667,140.5966667
2011/5/10,10:56:39,岩手県沖,39°02.4′N,142°25.1′E,34 km,3.9,震度１,39.04,142.4183333
2011/5/10,11:52:22,宮城県沖,38°08.7′N,141°58.7′E,37 km,4,震度１,38.145,141.9783333
2011/5/10,13:02:21,茨城県南部,35°53.8′N,140°21.7′E,37 km,3.3,震度１,35.89666667,140.3616667
2011/5/10,13:52:58,岐阜県美濃中西部,35°47.5′N,136°54.3′E,12 km,2.5,震度１,35.79166667,136.905
2011/5/10,14:22:09,千葉県東方沖,35°44.4′N,140°56.1′E,12 km,3.5,震度１,35.74,140.935
2011/5/10,14:40:32,福島県沖,37°36.0′N,141°31.0′E,45 km,4,震度１,37.6,141.5166667
2011/5/10,14:41:28,茨城県沖,36°46.9′N,141°11.0′E,37 km,3.3,震度１,36.78166667,141.1833333
2011/5/10,15:35:04,茨城県北部,36°41.9′N,140°37.5′E,7 km,2.8,震度１,36.69833333,140.625
2011/5/10,16:16:13,福島県沖,37°18.7′N,143°35.0′E,51 km,5,震度１,37.31166667,143.5833333
2011/5/10,17:30:29,三陸沖,37°50.8′N,143°35.8′E,47 km,5.1,震度１,37.84666667,143.5966667
2011/5/10,18:02:39,宮崎県北部平野部,32°14.4′N,131°17.1′E,63 km,3.3,震度２,32.24,131.285
2011/5/10,19:14:39,茨城県沖,36°13.5′N,141°51.7′E,58 km,5.4,震度３,36.225,141.8616667
2011/5/10,22:09:31,和歌山県北部,34°11.8′N,135°10.9′E,5 km,3.4,震度２,34.19666667,135.1816667
2011/5/10,22:13:46,千葉県東方沖,35°37.8′N,141°01.5′E,17 km,3.7,震度１,35.63,141.025
2011/5/10,22:26:32,福島県浜通り,37°06.7′N,140°46.0′E,5 km,2.6,震度２,37.11166667,140.7666667
2011/5/10,23:01:47,和歌山県北部,34°11.9′N,135°11.1′E,5 km,1.9,震度２,34.19833333,135.185
2011/5/10,23:01:53,和歌山県北部,34°11.9′N,135°11.1′E,5 km,4.2,震度４,34.19833333,135.185
2011/5/10,23:12:43,和歌山県北部,34°11.9′N,135°11.0′E,5 km,2.2,震度１,34.19833333,135.1833333
2011/5/10,23:13:59,和歌山県北部,34°12.2′N,135°11.6′E,5 km,2.8,震度２,34.20333333,135.1933333
2011/5/10,23:14:49,和歌山県北部,34°12.2′N,135°11.6′E,5 km,2.4,震度１,34.20333333,135.1933333
2011/5/10,23:35:34,宮城県沖,38°52.9′N,142°04.7′E,48 km,3.7,震度１,38.88166667,142.0783333
2011/5/11,0:13:46,福島県会津,37°02.9′N,139°26.0′E,8 km,3,震度１,37.04833333,139.4333333
2011/5/11,0:22:40,茨城県沖,36°43.5′N,140°55.7′E,52 km,3.7,震度２,36.725,140.9283333
2011/5/11,1:14:21,福島県沖,37°03.8′N,141°21.6′E,29 km,3.3,震度１,37.06333333,141.36
2011/5/11,1:42:39,茨城県北部,36°38.3′N,140°36.4′E,5 km,2.6,震度２,36.63833333,140.6066667
2011/5/11,1:52:01,宮城県沖,38°51.4′N,142°26.7′E,35 km,3.8,震度１,38.85666667,142.445
2011/5/11,2:02:16,千葉県東方沖,35°40.4′N,140°50.6′E,28 km,4.1,震度２,35.67333333,140.8433333
2011/5/11,3:09:59,福島県浜通り,37°06.5′N,140°46.0′E,5 km,2.9,震度２,37.10833333,140.7666667
2011/5/11,3:24:18,宮城県沖,38°17.8′N,141°52.9′E,47 km,4.2,震度３,38.29666667,141.8816667
2011/5/11,4:22:25,千葉県東方沖,35°47.2′N,140°58.9′E,13 km,4.2,震度２,35.78666667,140.9816667
2011/5/11,4:58:11,宮城県沖,38°54.8′N,141°56.2′E,51 km,4,震度２,38.91333333,141.9366667
2011/5/11,5:08:22,千葉県北西部,35°37.5′N,140°05.9′E,68 km,3.4,震度１,35.625,140.0983333
2011/5/11,5:24:15,千葉県東方沖,35°40.4′N,141°00.7′E,23 km,4.7,震度３,35.67333333,141.0116667
2011/5/11,7:15:04,福島県中通り,37°01.8′N,140°37.2′E,6 km,3.3,震度２,37.03,140.62
2011/5/11,8:13:23,千葉県東方沖,35°47.5′N,140°57.7′E,13 km,3.4,震度１,35.79166667,140.9616667
2011/5/11,8:25:34,三陸沖,38°27.6′N,144°36.5′E,52 km,5,震度１,38.46,144.6083333
2011/5/11,9:21:14,和歌山県北部,34°12.1′N,135°11.9′E,5 km,2,震度１,34.20166667,135.1983333
2011/5/11,9:35:22,岩手県沖,39°07.0′N,142°24.4′E,33 km,3.9,震度１,39.11666667,142.4066667
2011/5/11,9:50:50,宮城県沖,38°10.4′N,141°40.8′E,51 km,3.9,震度２,38.17333333,141.68
2011/5/11,10:20:05,三陸沖,37°51.3′N,143°35.1′E,43 km,5.2,震度１,37.855,143.585
2011/5/11,11:00:49,福島県浜通り,37°08.3′N,140°47.1′E,6 km,3.4,震度３,37.13833333,140.785
2011/5/11,11:09:31,福島県浜通り,37°08.2′N,140°46.9′E,6 km,2.2,震度１,37.13666667,140.7816667
2011/5/11,13:51:47,茨城県北部,36°41.5′N,140°37.2′E,4 km,3.4,震度２,36.69166667,140.62
2011/5/11,14:22:27,茨城県北部,36°41.4′N,140°37.1′E,5 km,2.6,震度１,36.69,140.6183333
2011/5/11,14:55:04,新島・神津島近海,34°20.6′N,139°13.2′E,4 km,1.6,震度１,34.34333333,139.22
2011/5/11,16:11:04,宮城県沖,38°31.3′N,142°02.3′E,40 km,3.6,震度１,38.52166667,142.0383333
2011/5/11,16:12:10,茨城県北部,36°25.5′N,140°30.6′E,57 km,3,震度１,36.425,140.51
2011/5/11,17:20:27,福島県浜通り,37°06.3′N,140°49.4′E,6 km,2.4,震度１,37.105,140.8233333
2011/5/11,19:23:38,福島県中通り,37°06.1′N,140°36.5′E,12 km,3.4,震度２,37.10166667,140.6083333
2011/5/11,19:44:42,宮城県沖,38°17.7′N,142°13.7′E,40 km,4,震度１,38.295,142.2283333
2011/5/11,19:53:03,岩手県沖,40°17.6′N,142°17.0′E,37 km,3.9,震度１,40.29333333,142.2833333
2011/5/11,20:52:42,新潟県中越地方,36°58.3′N,138°38.3′E,8 km,3,震度２,36.97166667,138.6383333
2011/5/11,21:16:30,千葉県東方沖,35°48.9′N,140°55.1′E,29 km,3.4,震度２,35.815,140.9183333
2011/5/11,21:19:07,青森県三八上北地方,40°29.6′N,141°07.1′E,11 km,3,震度２,40.49333333,141.1183333
2011/5/11,21:22:13,千葉県東方沖,35°49.0′N,140°54.7′E,29 km,3,震度１,35.81666667,140.9116667
2011/5/11,21:57:10,福島県沖,37°10.7′N,141°10.3′E,34 km,3.1,震度１,37.17833333,141.1716667
2011/5/11,22:03:09,宮城県沖,38°32.0′N,142°03.3′E,34 km,3.5,震度１,38.53333333,142.055
2011/5/11,22:10:20,宮城県沖,38°42.0′N,141°47.5′E,53 km,3.2,震度１,38.7,141.7916667
2011/5/11,23:08:51,福島県中通り,37°02.3′N,140°29.9′E,6 km,2.6,震度２,37.03833333,140.4983333
2011/5/12,0:17:01,宮城県沖,38°50.5′N,142°03.4′E,45 km,3.6,震度１,38.84166667,142.0566667
2011/5/12,1:04:23,福島県浜通り,37°05.7′N,140°50.5′E,6 km,2.2,震度１,37.095,140.8416667
2011/5/12,1:40:00,福島県沖,37°34.8′N,141°35.9′E,47 km,3.9,震度２,37.58,141.5983333
2011/5/12,2:46:20,和歌山県北部,34°11.7′N,135°10.5′E,6 km,3.5,震度３,34.195,135.175
2011/5/12,3:20:15,千葉県北東部,35°43.0′N,140°35.7′E,47 km,3.5,震度２,35.71666667,140.595
2011/5/12,3:21:48,宮城県沖,38°31.7′N,141°48.8′E,50 km,4.6,震度３,38.52833333,141.8133333
2011/5/12,4:20:55,埼玉県秩父地方,36°07.9′N,138°58.4′E,131 km,3.9,震度２,36.13166667,138.9733333
2011/5/12,5:08:17,福島県沖,37°11.0′N,141°15.8′E,31 km,3.4,震度１,37.18333333,141.2633333
2011/5/12,5:46:58,岩手県沖,39°37.6′N,142°06.6′E,48 km,3.3,震度１,39.62666667,142.11
2011/5/12,7:13:32,釧路沖,42°20.5′N,144°40.6′E,36 km,3.9,震度１,42.34166667,144.6766667
2011/5/12,10:47:28,茨城県沖,36°17.8′N,140°49.1′E,43 km,3.7,震度１,36.29666667,140.8183333
2011/5/12,10:50:10,茨城県沖,36°10.5′N,141°01.3′E,39 km,3.5,震度１,36.175,141.0216667
2011/5/12,14:57:16,福島県会津,37°44.5′N,139°55.4′E,9 km,3.2,震度２,37.74166667,139.9233333
2011/5/12,16:06:46,福島県浜通り,37°07.1′N,140°41.7′E,7 km,3.2,震度１,37.11833333,140.695
2011/5/12,16:43:38,宮城県沖,38°47.5′N,142°01.9′E,37 km,2.7,震度１,38.79166667,142.0316667
2011/5/12,16:54:15,茨城県南部,36°02.8′N,139°52.8′E,43 km,3.1,震度１,36.04666667,139.88
2011/5/12,18:51:24,福島県浜通り,37°00.1′N,140°47.6′E,10 km,3.7,震度２,37.00166667,140.7933333
2011/5/12,19:18:00,和歌山県北部,34°04.3′N,135°20.1′E,6 km,3.2,震度１,34.07166667,135.335
2011/5/12,19:25:48,釧路沖,42°33.5′N,145°38.3′E,58 km,4.1,震度１,42.55833333,145.6383333
2011/5/12,21:41:23,宮城県沖,38°22.4′N,141°52.1′E,65 km,3.8,震度２,38.37333333,141.8683333
2011/5/12,22:56:56,栃木県北部,36°37.7′N,139°27.9′E,4 km,1.7,震度１,36.62833333,139.465
2011/5/12,23:15:46,秋田県内陸南部,39°31.4′N,140°25.2′E,9 km,1.6,震度１,39.52333333,140.42
2011/5/13,0:26:15,茨城県沖,36°17.8′N,141°01.7′E,46 km,4.3,震度２,36.29666667,141.0283333
2011/5/13,0:48:03,福島県浜通り,37°05.9′N,140°49.7′E,7 km,2.9,震度２,37.09833333,140.8283333
2011/5/13,0:56:52,福島県浜通り,37°05.4′N,140°49.9′E,7 km,2.2,震度１,37.09,140.8316667
2011/5/13,1:20:59,岩手県沖,39°39.8′N,142°08.3′E,49 km,4.7,震度３,39.66333333,142.1383333
2011/5/13,4:29:33,福島県浜通り,37°05.6′N,140°49.1′E,8 km,2.6,震度１,37.09333333,140.8183333
2011/5/13,4:52:18,千葉県北東部,35°44.7′N,140°39.4′E,49 km,3.4,震度１,35.745,140.6566667
2011/5/13,5:03:04,宮城県沖,38°50.5′N,142°05.8′E,44 km,3.8,震度１,38.84166667,142.0966667
2011/5/13,5:24:37,宮城県沖,38°38.3′N,141°54.7′E,48 km,3.8,震度１,38.63833333,141.9116667
2011/5/13,5:52:10,千葉県北西部,35°39.6′N,140°03.6′E,70 km,4.1,震度２,35.66,140.06
2011/5/13,6:30:48,茨城県南部,35°59.2′N,140°16.1′E,40 km,3.1,震度１,35.98666667,140.2683333
2011/5/13,7:36:08,茨城県北部,36°40.1′N,140°35.8′E,6 km,3.6,震度３,36.66833333,140.5966667
2011/5/13,8:29:11,新潟県中越地方,37°02.6′N,138°41.6′E,12 km,1.7,震度１,37.04333333,138.6933333
2011/5/13,8:35:55,茨城県南部,36°09.9′N,140°05.8′E,50 km,3.9,震度２,36.165,140.0966667
2011/5/13,10:17:42,福島県浜通り,37°05.4′N,140°50.0′E,7 km,2.8,震度２,37.09,140.8333333
2011/5/13,11:29:48,宮城県沖,38°39.6′N,142°10.3′E,38 km,3.9,震度１,38.66,142.1716667
2011/5/13,11:45:06,福島県沖,37°11.5′N,141°24.1′E,48 km,3.5,震度１,37.19166667,141.4016667
2011/5/13,12:34:11,長野県南部,35°53.9′N,137°39.1′E,7 km,2.8,震度１,35.89833333,137.6516667
2011/5/13,12:47:38,福島県沖,37°34.8′N,141°50.4′E,32 km,3.8,震度１,37.58,141.84
2011/5/13,13:03:18,茨城県北部,36°39.2′N,140°36.2′E,6 km,2.9,震度１,36.65333333,140.6033333
2011/5/13,13:48:33,茨城県北部,36°41.4′N,140°37.0′E,5 km,2.7,震度１,36.69,140.6166667
2011/5/13,14:59:41,福島県中通り,37°07.9′N,140°36.1′E,13 km,3.2,震度１,37.13166667,140.6016667
2011/5/13,16:49:34,福島県沖,37°46.1′N,141°46.7′E,49 km,4.2,震度１,37.76833333,141.7783333
2011/5/13,17:19:42,福島県浜通り,37°05.5′N,140°42.2′E,6 km,3.5,震度２,37.09166667,140.7033333
2011/5/13,17:26:50,福島県沖,36°51.9′N,141°03.3′E,49 km,4,震度２,36.865,141.055
2011/5/13,18:16:28,日高地方東部,42°16.8′N,142°54.7′E,11 km,3.2,震度１,42.28,142.9116667
2011/5/13,21:19:12,千葉県東方沖,35°26.4′N,141°02.1′E,24 km,4.3,震度１,35.44,141.035
2011/5/13,22:15:53,兵庫県南東部,34°47.9′N,135°22.7′E,11 km,2.8,震度１,34.79833333,135.3783333
2011/5/13,22:34:57,福島県沖,37°45.7′N,141°56.6′E,31 km,3.9,震度１,37.76166667,141.9433333
2011/5/13,22:51:11,千葉県東方沖,35°48.4′N,140°59.8′E,28 km,4.2,震度２,35.80666667,140.9966667
2011/5/13,22:54:37,福島県浜通り,37°00.4′N,140°45.8′E,9 km,2.9,震度１,37.00666667,140.7633333
2011/5/13,22:54:39,千葉県東方沖,35°48.0′N,140°59.5′E,27 km,4,震度２,35.8,140.9916667
2011/5/13,22:56:50,茨城県南部,36°09.6′N,140°30.3′E,21 km,3.2,震度１,36.16,140.505
2011/5/13,23:21:38,福島県沖,37°36.3′N,141°41.1′E,48 km,3.9,震度１,37.605,141.685
2011/5/14,0:29:12,福島県浜通り,36°59.9′N,140°46.7′E,10 km,3.3,震度１,36.99833333,140.7783333
2011/5/14,1:28:03,茨城県北部,36°44.3′N,140°35.4′E,6 km,4.3,震度３,36.73833333,140.59
2011/5/14,2:59:51,岩手県沖,39°04.5′N,142°23.4′E,32 km,3.9,震度１,39.075,142.39
2011/5/14,3:11:05,茨城県北部,36°49.6′N,140°31.4′E,5 km,3.1,震度１,36.82666667,140.5233333
2011/5/14,4:51:47,福島県沖,37°03.2′N,141°21.7′E,31 km,4,震度２,37.05333333,141.3616667
2011/5/14,5:17:37,福島県沖,37°39.7′N,141°46.3′E,45 km,4.3,震度１,37.66166667,141.7716667
2011/5/14,5:45:30,福島県会津,37°42.3′N,139°55.8′E,8 km,2.9,震度１,37.705,139.93
2011/5/14,6:37:32,岐阜県飛騨地方,36°06.2′N,137°27.9′E,8 km,2.7,震度１,36.10333333,137.465
2011/5/14,6:49:25,茨城県沖,35°57.4′N,141°06.2′E,29 km,4.7,震度３,35.95666667,141.1033333
2011/5/14,6:59:14,福島県浜通り,37°06.5′N,140°49.7′E,6 km,2.1,震度１,37.10833333,140.8283333
2011/5/14,7:06:26,陸奥湾,41°09.3′N,140°52.2′E,11 km,2.6,震度１,41.155,140.87
2011/5/14,7:23:44,茨城県北部,36°50.6′N,140°38.1′E,8 km,3.2,震度１,36.84333333,140.635
2011/5/14,8:17:06,宮城県沖,38°32.5′N,141°43.2′E,54 km,3.4,震度１,38.54166667,141.72
2011/5/14,8:17:11,千葉県南部,35°13.0′N,140°13.2′E,27 km,2.7,震度１,35.21666667,140.22
2011/5/14,8:35:51,福島県沖,37°19.6′N,141°37.7′E,41 km,5.9,震度４,37.32666667,141.6283333
2011/5/14,8:40:39,福島県沖,37°18.0′N,141°37.3′E,44 km,4.4,震度２,37.3,141.6216667
2011/5/14,8:43:06,福島県会津,37°42.3′N,139°55.8′E,8 km,3.1,震度２,37.705,139.93
2011/5/14,9:24:36,福島県浜通り,37°05.5′N,140°42.9′E,8 km,2.5,震度１,37.09166667,140.715
2011/5/14,9:25:13,福島県沖,37°17.8′N,141°36.6′E,45 km,4.3,震度２,37.29666667,141.61
2011/5/14,10:57:16,宮城県北部,38°54.9′N,140°51.7′E,6 km,2.9,震度１,38.915,140.8616667
2011/5/14,11:07:08,秋田県内陸南部,39°31.1′N,140°26.5′E,10 km,2.7,震度２,39.51833333,140.4416667
2011/5/14,11:37:20,千葉県東方沖,35°26.9′N,140°53.7′E,24 km,3.7,震度１,35.44833333,140.895
2011/5/14,12:39:28,福島県沖,37°26.2′N,141°50.4′E,22 km,4,震度１,37.43666667,141.84
2011/5/14,14:03:53,三陸沖,39°44.7′N,143°35.7′E,6 km,3.5,震度１,39.745,143.595
2011/5/14,14:16:53,宮城県沖,38°34.2′N,142°01.3′E,40 km,3.5,震度１,38.57,142.0216667
2011/5/14,14:44:21,福島県沖,36°55.1′N,141°04.0′E,50 km,3.8,震度１,36.91833333,141.0666667
2011/5/14,16:23:36,岩手県沖,39°13.6′N,142°22.0′E,31 km,3.3,震度１,39.22666667,142.3666667
2011/5/14,19:11:35,宮城県沖,38°36.0′N,142°09.8′E,35 km,4.1,震度２,38.6,142.1633333
2011/5/14,19:52:57,千葉県東方沖,35°38.2′N,141°00.8′E,22 km,3.6,震度１,35.63666667,141.0133333
2011/5/14,22:46:50,茨城県北部,36°41.5′N,140°36.5′E,5 km,3.8,震度２,36.69166667,140.6083333
2011/5/14,23:49:09,福島県沖,37°09.0′N,141°21.8′E,48 km,3.9,震度２,37.15,141.3633333
2011/5/15,0:01:43,福島県沖,37°24.6′N,141°19.0′E,28 km,4.6,震度３,37.41,141.3166667
2011/5/15,0:47:08,福島県沖,37°02.9′N,141°11.9′E,28 km,3.5,震度１,37.04833333,141.1983333
2011/5/15,0:50:37,福島県沖,37°18.0′N,141°34.8′E,44 km,4,震度１,37.3,141.58
2011/5/15,1:45:11,宮城県沖,38°51.4′N,142°04.8′E,42 km,3.9,震度２,38.85666667,142.08
2011/5/15,3:15:46,秋田県内陸南部,39°33.8′N,140°32.2′E,6 km,2.5,震度１,39.56333333,140.5366667
2011/5/15,3:41:55,茨城県沖,35°58.4′N,141°16.8′E,32 km,3.6,震度１,35.97333333,141.28
2011/5/15,4:20:56,福島県浜通り,37°09.5′N,140°44.3′E,8 km,3.1,震度１,37.15833333,140.7383333
2011/5/15,4:30:16,千葉県北西部,35°41.6′N,140°04.7′E,68 km,3.3,震度１,35.69333333,140.0783333
2011/5/15,5:04:17,茨城県北部,36°43.7′N,140°38.7′E,7 km,2.7,震度１,36.72833333,140.645
2011/5/15,5:14:28,新潟県中越地方,37°00.7′N,138°41.0′E,8 km,1.8,震度１,37.01166667,138.6833333
2011/5/15,5:59:08,紀伊水道,34°08.2′N,135°07.9′E,6 km,2.1,震度１,34.13666667,135.1316667
2011/5/15,7:30:27,根室半島南東沖,42°51.2′N,146°18.7′E,48 km,5,震度３,42.85333333,146.3116667
2011/5/15,8:50:48,福島県沖,37°39.3′N,141°34.9′E,48 km,5.1,震度３,37.655,141.5816667
2011/5/15,9:51:45,茨城県沖,36°44.8′N,141°22.6′E,48 km,4.1,震度１,36.74666667,141.3766667
2011/5/15,10:24:31,宮城県沖,38°47.6′N,142°05.3′E,39 km,3.3,震度１,38.79333333,142.0883333
2011/5/15,13:12:17,宮城県沖,38°08.9′N,141°43.7′E,55 km,3.9,震度２,38.14833333,141.7283333
2011/5/15,13:17:18,宮城県沖,38°48.3′N,142°03.8′E,37 km,3.2,震度１,38.805,142.0633333
2011/5/15,13:25:04,茨城県沖,36°36.5′N,141°10.0′E,39 km,3.8,震度１,36.60833333,141.1666667
2011/5/15,13:32:11,福島県中通り,37°05.2′N,140°39.7′E,11 km,3.2,震度１,37.08666667,140.6616667
2011/5/15,13:54:58,宮城県沖,38°37.6′N,142°24.5′E,38 km,4.3,震度１,38.62666667,142.4083333
2011/5/15,14:19:43,十勝地方中部,42°39.9′N,143°00.7′E,106 km,3.5,震度２,42.665,143.0116667
2011/5/15,16:03:31,福島県浜通り,37°06.5′N,140°47.1′E,9 km,3.5,震度２,37.10833333,140.785
2011/5/15,16:41:21,福島県浜通り,37°05.7′N,140°50.3′E,8 km,2.6,震度１,37.095,140.8383333
2011/5/15,16:56:45,福島県会津,37°42.4′N,139°55.7′E,7 km,3.7,震度３,37.70666667,139.9283333
2011/5/15,17:09:10,福島県中通り,36°53.0′N,140°30.3′E,18 km,2.8,震度１,36.88333333,140.505
2011/5/15,18:04:54,宮城県北部,38°43.8′N,141°01.4′E,13 km,2.5,震度１,38.73,141.0233333
2011/5/15,18:56:39,宮城県沖,38°19.9′N,141°43.4′E,52 km,3.7,震度２,38.33166667,141.7233333
2011/5/15,19:25:14,福島県沖,37°04.2′N,142°29.5′E,6 km,5.1,震度２,37.07,142.4916667
2011/5/15,19:57:15,茨城県沖,36°32.8′N,140°51.9′E,51 km,3.4,震度１,36.54666667,140.865
2011/5/15,21:14:21,福島県沖,37°17.2′N,142°33.3′E,68 km,5.3,震度３,37.28666667,142.555
2011/5/15,21:32:58,岩手県沖,39°45.9′N,142°43.8′E,31 km,4.7,震度２,39.765,142.73
2011/5/15,22:03:33,新潟県中越地方,36°58.7′N,138°37.9′E,9 km,3,震度２,36.97833333,138.6316667
2011/5/15,22:48:32,福島県沖,37°39.4′N,142°50.3′E,12 km,4.8,震度１,37.65666667,142.8383333
2011/5/15,22:51:10,福島県沖,37°24.7′N,141°23.3′E,28 km,3.7,震度２,37.41166667,141.3883333
2011/5/15,23:24:42,宮城県沖,38°21.5′N,141°49.7′E,48 km,3.4,震度１,38.35833333,141.8283333
2011/5/16,0:34:09,宮城県沖,38°26.5′N,142°12.4′E,31 km,3.8,震度１,38.44166667,142.2066667
2011/5/16,0:36:54,福島県浜通り,36°55.9′N,140°42.2′E,6 km,3.3,震度１,36.93166667,140.7033333
2011/5/16,1:58:35,秋田県内陸南部,39°36.6′N,140°38.1′E,5 km,2.8,震度１,39.61,140.635
2011/5/16,2:51:36,福島県中通り,37°03.7′N,140°29.1′E,7 km,2.3,震度１,37.06166667,140.485
2011/5/16,3:45:26,福島県中通り,37°02.4′N,140°18.2′E,3 km,2.8,震度２,37.04,140.3033333
2011/5/16,4:07:41,宮城県沖,38°37.7′N,141°56.0′E,48 km,4.7,震度３,38.62833333,141.9333333
2011/5/16,6:58:18,千葉県北東部,35°51.9′N,140°37.3′E,52 km,3.8,震度２,35.865,140.6216667
2011/5/16,7:06:47,長野県北部,36°57.8′N,138°35.5′E,5 km,1.1,震度１,36.96333333,138.5916667
2011/5/16,7:23:14,新潟県中越地方,36°58.4′N,138°36.5′E,5 km,2.2,震度２,36.97333333,138.6083333
2011/5/16,8:21:55,新潟県中越地方,36°58.5′N,138°36.3′E,5 km,1.2,震度１,36.975,138.605
2011/5/16,8:27:47,新潟県中越地方,36°58.3′N,138°36.2′E,6 km,2,震度２,36.97166667,138.6033333
2011/5/16,9:26:18,長野県中部,36°10.0′N,137°57.7′E,4 km,2.4,震度１,36.16666667,137.9616667
2011/5/16,10:03:44,千葉県東方沖,35°32.6′N,140°41.2′E,26 km,3,震度１,35.54333333,140.6866667
2011/5/16,11:01:27,京都府南部,34°56.7′N,135°35.6′E,10 km,2.6,震度１,34.945,135.5933333
2011/5/16,12:20:47,岩手県沖,39°06.6′N,142°07.9′E,45 km,3.7,震度２,39.11,142.1316667
2011/5/16,12:22:53,千葉県東方沖,35°46.9′N,140°58.8′E,13 km,3.6,震度１,35.78166667,140.98
2011/5/16,13:30:50,新潟県中越地方,37°01.4′N,138°41.6′E,8 km,2.2,震度１,37.02333333,138.6933333
2011/5/16,16:31:48,宮城県沖,38°26.7′N,142°11.0′E,30 km,3.8,震度１,38.445,142.1833333
2011/5/16,17:30:03,福島県沖,37°15.3′N,141°21.2′E,49 km,3.9,震度２,37.255,141.3533333
2011/5/16,18:05:59,福島県沖,37°18.3′N,141°32.1′E,32 km,4.1,震度２,37.305,141.535
2011/5/16,19:55:33,岩手県沖,39°00.2′N,142°26.8′E,32 km,3.8,震度１,39.00333333,142.4466667
2011/5/16,23:00:30,福島県沖,37°18.3′N,141°19.4′E,36 km,3.4,震度１,37.305,141.3233333
2011/5/17,0:53:33,福島県沖,37°22.6′N,141°17.8′E,35 km,4.6,震度４,37.37666667,141.2966667
2011/5/17,1:03:31,熊本県阿蘇地方,32°57.3′N,131°05.6′E,7 km,2.4,震度１,32.955,131.0933333
2011/5/17,1:25:43,福島県沖,37°35.6′N,141°34.7′E,42 km,3.4,震度１,37.59333333,141.5783333
2011/5/17,3:05:03,富山県東部,36°28.7′N,137°38.3′E,2 km,4.5,震度２,36.47833333,137.6383333
2011/5/17,3:12:34,宮城県沖,38°11.0′N,142°27.7′E,35 km,3.8,震度１,38.18333333,142.4616667
2011/5/17,4:14:13,茨城県南部,36°11.6′N,139°58.9′E,52 km,3.4,震度１,36.19333333,139.9816667
2011/5/17,4:37:39,長野県北部,36°56.5′N,138°31.7′E,7 km,3,震度１,36.94166667,138.5283333
2011/5/17,5:31:37,茨城県南部,35°58.2′N,140°04.6′E,63 km,3.7,震度１,35.97,140.0766667
2011/5/17,5:52:14,宮城県沖,38°33.3′N,141°41.5′E,54 km,2.7,震度１,38.555,141.6916667
2011/5/17,6:14:06,宮城県沖,38°09.4′N,141°44.8′E,55 km,4.2,震度２,38.15666667,141.7466667
2011/5/17,6:56:40,秋田県内陸南部,39°34.0′N,140°23.1′E,4 km,1.6,震度１,39.56666667,140.385
2011/5/17,7:14:22,青森県東方沖,41°32.9′N,142°04.3′E,64 km,4.2,震度２,41.54833333,142.0716667
2011/5/17,7:32:24,長野県北部,36°56.8′N,138°35.5′E,4 km,2.3,震度２,36.94666667,138.5916667
2011/5/17,7:38:15,福島県沖,37°16.6′N,141°23.3′E,47 km,3.1,震度２,37.27666667,141.3883333
2011/5/17,8:14:24,福島県沖,37°24.7′N,141°18.7′E,33 km,3.7,震度１,37.41166667,141.3116667
2011/5/17,9:56:08,千葉県東方沖,35°50.9′N,140°56.8′E,32 km,3.3,震度１,35.84833333,140.9466667
2011/5/17,10:03:04,福島県沖,37°45.6′N,141°01.2′E,18 km,4,震度３,37.76,141.02
2011/5/17,12:11:25,石狩地方南部,42°53.8′N,141°47.7′E,6 km,1.6,震度１,42.89666667,141.795
2011/5/17,13:54:48,岩手県沖,39°16.4′N,142°14.9′E,42 km,3.9,震度２,39.27333333,142.2483333
2011/5/17,13:57:33,茨城県北部,36°51.4′N,140°39.6′E,11 km,3.5,震度１,36.85666667,140.66
2011/5/17,15:04:32,岩手県沖,39°05.1′N,142°24.9′E,31 km,4,震度１,39.085,142.415
2011/5/17,16:49:00,千葉県東方沖,35°50.6′N,140°56.0′E,32 km,3.5,震度２,35.84333333,140.9333333
2011/5/17,17:26:48,福島県浜通り,37°11.3′N,140°53.6′E,7 km,2.8,震度１,37.18833333,140.8933333
2011/5/17,17:32:44,栃木県北部,36°36.1′N,139°24.9′E,3 km,2.1,震度１,36.60166667,139.415
2011/5/17,19:40:03,山梨県中・西部,35°20.5′N,138°31.3′E,19 km,2.6,震度２,35.34166667,138.5216667
2011/5/17,19:54:06,新潟県中越地方,37°02.5′N,138°42.4′E,11 km,2,震度２,37.04166667,138.7066667
2011/5/17,22:41:01,茨城県北部,36°16.1′N,140°27.3′E,52 km,4,震度３,36.26833333,140.455
2011/5/17,23:00:21,新潟県中越地方,36°57.8′N,138°38.0′E,6 km,2.3,震度１,36.96333333,138.6333333
2011/5/18,0:07:50,茨城県北部,36°26.3′N,140°36.5′E,64 km,3.1,震度１,36.43833333,140.6083333
2011/5/18,0:23:43,福島県浜通り,36°55.0′N,140°38.2′E,5 km,3.7,震度１,36.91666667,140.6366667
2011/5/18,1:47:40,福島県浜通り,37°11.4′N,140°54.0′E,8 km,2.8,震度１,37.19,140.9
2011/5/18,3:35:14,岩手県沿岸北部,39°45.6′N,141°51.0′E,57 km,3.5,震度１,39.76,141.85
2011/5/18,4:18:45,福島県沖,37°06.7′N,141°05.8′E,39 km,3.2,震度１,37.11166667,141.0966667
2011/5/18,4:34:30,茨城県北部,36°52.5′N,140°41.1′E,9 km,3.9,震度２,36.875,140.685
2011/5/18,7:53:40,茨城県沖,36°12.9′N,141°00.3′E,36 km,3.5,震度２,36.215,141.005
2011/5/18,8:04:08,千葉県東方沖,35°37.6′N,140°55.5′E,16 km,3.8,震度１,35.62666667,140.925
2011/5/18,8:36:14,岩手県沖,39°14.0′N,142°22.6′E,31 km,4,震度２,39.23333333,142.3766667
2011/5/18,11:37:13,宮城県中部,38°19.3′N,140°41.7′E,13 km,3.1,震度２,38.32166667,140.695
2011/5/18,14:15:06,宮城県沖,38°14.3′N,141°48.9′E,57 km,3.8,震度１,38.23833333,141.815
2011/5/18,14:20:13,秋田県内陸南部,39°34.4′N,140°32.0′E,7 km,2.4,震度１,39.57333333,140.5333333
2011/5/18,14:26:06,福島県沖,37°14.4′N,141°06.4′E,15 km,3.4,震度１,37.24,141.1066667
2011/5/18,15:30:32,福島県沖,37°25.6′N,141°20.1′E,27 km,3.3,震度１,37.42666667,141.335
2011/5/18,15:36:29,秋田県内陸南部,39°34.3′N,140°32.0′E,6 km,2,震度１,39.57166667,140.5333333
2011/5/18,16:23:56,福島県沖,37°13.2′N,141°23.6′E,48 km,4.2,震度４,37.22,141.3933333
2011/5/18,17:18:28,福島県浜通り,37°04.9′N,140°41.9′E,7 km,2.9,震度１,37.08166667,140.6983333
2011/5/18,18:11:21,宮城県沖,38°12.5′N,141°36.8′E,60 km,3.9,震度２,38.20833333,141.6133333
2011/5/18,19:21:08,茨城県北部,36°42.1′N,140°37.8′E,5 km,2.8,震度２,36.70166667,140.63
2011/5/18,20:15:42,福島県浜通り,37°11.4′N,140°54.0′E,8 km,3,震度１,37.19,140.9
2011/5/18,20:16:42,宮城県沖,38°24.3′N,142°07.5′E,31 km,4,震度２,38.405,142.125
2011/5/18,20:48:28,茨城県沖,36°35.8′N,140°58.4′E,48 km,4.2,震度２,36.59666667,140.9733333
2011/5/18,20:56:18,福島県沖,37°17.2′N,141°25.0′E,47 km,3.1,震度１,37.28666667,141.4166667
2011/5/18,22:32:43,福島県浜通り,36°55.8′N,140°42.1′E,8 km,4.3,震度２,36.93,140.7016667
2011/5/19,0:38:45,福島県沖,37°26.5′N,141°28.5′E,40 km,3.4,震度１,37.44166667,141.475
2011/5/19,3:59:29,千葉県南部,35°10.8′N,140°04.3′E,13 km,2.9,震度１,35.18,140.0716667
2011/5/19,5:39:28,宮城県沖,38°24.1′N,141°46.5′E,58 km,4.1,震度２,38.40166667,141.775
2011/5/19,7:03:20,千葉県北西部,35°54.2′N,140°01.8′E,68 km,2.4,震度１,35.90333333,140.03
2011/5/19,8:17:31,福島県沖,37°46.2′N,141°58.3′E,24 km,4.2,震度１,37.77,141.9716667
2011/5/19,9:23:43,福島県沖,37°15.6′N,141°09.0′E,31 km,3.3,震度１,37.26,141.15
2011/5/19,10:42:38,日向灘,32°02.7′N,131°45.6′E,35 km,3.1,震度１,32.045,131.76
2011/5/19,10:51:51,茨城県沖,36°36.4′N,140°50.3′E,28 km,3,震度１,36.60666667,140.8383333
2011/5/19,12:08:58,茨城県沖,36°19.6′N,140°58.9′E,37 km,3.2,震度１,36.32666667,140.9816667
2011/5/19,12:12:32,青森県東方沖,41°34.0′N,142°03.8′E,62 km,3.6,震度２,41.56666667,142.0633333
2011/5/19,12:13:22,福島県中通り,37°03.8′N,140°32.8′E,7 km,2.6,震度１,37.06333333,140.5466667
2011/5/19,12:26:20,秋田県内陸南部,39°34.3′N,140°23.6′E,6 km,2.3,震度１,39.57166667,140.3933333
2011/5/19,12:41:48,青森県東方沖,40°54.5′N,142°07.5′E,52 km,3.8,震度２,40.90833333,142.125
2011/5/19,15:23:36,京都府南部,34°51.9′N,135°55.3′E,10 km,2.3,震度１,34.865,135.9216667
2011/5/19,17:32:49,宮城県沖,38°19.7′N,141°46.5′E,60 km,4.8,震度３,38.32833333,141.775
2011/5/19,18:12:44,福島県沖,37°10.3′N,142°50.8′E,42 km,5.5,震度２,37.17166667,142.8466667
2011/5/19,18:58:25,茨城県沖,36°42.8′N,141°02.2′E,48 km,3.7,震度２,36.71333333,141.0366667
2011/5/19,19:33:04,宮城県中部,38°19.0′N,140°41.9′E,11 km,2.5,震度１,38.31666667,140.6983333
2011/5/19,19:38:12,秋田県内陸南部,39°36.8′N,140°38.2′E,5 km,2.5,震度１,39.61333333,140.6366667
2011/5/19,21:12:18,茨城県沖,35°59.4′N,141°05.8′E,34 km,4.1,震度２,35.99,141.0966667
2011/5/19,21:20:55,千葉県東方沖,35°36.5′N,140°35.7′E,22 km,3,震度１,35.60833333,140.595
2011/5/19,22:42:26,茨城県北部,36°42.0′N,140°37.8′E,6 km,3.2,震度３,36.7,140.63
2011/5/19,23:01:47,宮城県沖,38°37.3′N,141°53.4′E,47 km,3.8,震度２,38.62166667,141.89
2011/5/20,0:48:18,岩手県沖,39°42.3′N,142°08.0′E,46 km,3.5,震度１,39.705,142.1333333
2011/5/20,4:30:26,陸奥湾,41°09.2′N,140°52.3′E,11 km,3,震度２,41.15333333,140.8716667
2011/5/20,4:42:00,福島県沖,37°13.7′N,141°08.2′E,13 km,3.8,震度２,37.22833333,141.1366667
2011/5/20,6:55:19,宮城県中部,38°19.2′N,140°41.8′E,11 km,2.6,震度１,38.32,140.6966667
2011/5/20,7:02:06,宮城県沖,38°49.5′N,142°24.5′E,34 km,3.8,震度１,38.825,142.4083333
2011/5/20,7:04:48,福島県浜通り,37°14.2′N,140°53.7′E,4 km,2.7,震度１,37.23666667,140.895
2011/5/20,7:38:09,宮城県中部,38°19.1′N,140°41.7′E,12 km,2.7,震度１,38.31833333,140.695
2011/5/20,8:41:12,新潟県中越地方,37°07.2′N,138°35.3′E,16 km,1.9,震度１,37.12,138.5883333
2011/5/20,8:52:51,福島県浜通り,36°56.3′N,140°44.5′E,12 km,3.5,震度１,36.93833333,140.7416667
2011/5/20,9:02:14,茨城県南部,36°14.7′N,140°28.5′E,52 km,3.1,震度１,36.245,140.475
2011/5/20,9:10:11,宮城県沖,37°48.5′N,142°03.6′E,33 km,4.4,震度２,37.80833333,142.06
2011/5/20,9:46:15,千葉県東方沖,35°48.0′N,141°10.5′E,36 km,5.8,震度４,35.8,141.175
2011/5/20,10:37:42,茨城県北部,36°41.6′N,140°39.5′E,4 km,2.1,震度１,36.69333333,140.6583333
2011/5/20,12:35:18,秋田県沿岸南部,39°30.0′N,140°14.8′E,9 km,2.1,震度１,39.5,140.2466667
2011/5/20,12:50:19,福島県沖,37°04.1′N,141°10.1′E,50 km,3.9,震度２,37.06833333,141.1683333
2011/5/20,13:46:29,茨城県北部,36°42.0′N,140°37.5′E,7 km,2.1,震度１,36.7,140.625
2011/5/20,13:48:03,茨城県北部,36°41.0′N,140°33.5′E,3 km,3.4,震度２,36.68333333,140.5583333
2011/5/20,14:04:24,秋田県沿岸南部,39°30.0′N,140°14.9′E,9 km,2.6,震度１,39.5,140.2483333
2011/5/20,15:05:37,福島県浜通り,37°05.2′N,140°50.7′E,9 km,2.3,震度１,37.08666667,140.845
2011/5/20,16:28:46,福島県沖,37°27.1′N,141°29.0′E,41 km,5.2,震度４,37.45166667,141.4833333
2011/5/20,16:36:20,福島県沖,37°20.8′N,141°20.7′E,47 km,3.4,震度１,37.34666667,141.345
2011/5/20,17:53:04,茨城県南部,35°59.3′N,140°05.3′E,64 km,4.6,震度４,35.98833333,140.0883333
2011/5/20,19:35:57,石川県加賀地方,36°20.8′N,136°44.7′E,8 km,2.6,震度１,36.34666667,136.745
2011/5/20,20:04:24,千葉県東方沖,35°48.9′N,140°55.1′E,30 km,3.1,震度１,35.815,140.9183333
2011/5/20,20:16:04,茨城県沖,36°19.4′N,141°02.9′E,45 km,3.9,震度２,36.32333333,141.0483333
2011/5/20,20:42:16,宮城県沖,38°10.8′N,141°42.0′E,51 km,3.9,震度２,38.18,141.7
2011/5/20,21:31:22,宮城県沖,38°43.6′N,141°39.2′E,64 km,3.4,震度１,38.72666667,141.6533333
2011/5/20,21:59:02,福島県沖,37°27.2′N,141°28.4′E,39 km,3.5,震度１,37.45333333,141.4733333
2011/5/20,22:20:54,茨城県北部,36°37.4′N,140°36.0′E,4 km,2.4,震度１,36.62333333,140.6
2011/5/20,23:13:50,新潟県中越地方,36°58.5′N,138°37.2′E,8 km,2.5,震度１,36.975,138.62
2011/5/20,23:49:23,福島県浜通り,36°57.9′N,140°40.8′E,10 km,3.2,震度１,36.965,140.68
2011/5/21,0:02:46,秋田県沿岸南部,39°29.8′N,140°15.0′E,8 km,2.5,震度１,39.49666667,140.25
2011/5/21,1:04:45,神奈川県西部,35°29.2′N,139°08.0′E,17 km,3.8,震度３,35.48666667,139.1333333
2011/5/21,1:33:10,宮城県中部,38°19.2′N,140°41.8′E,12 km,3,震度１,38.32,140.6966667
2011/5/21,3:01:26,福島県浜通り,36°55.9′N,140°37.1′E,9 km,3.4,震度１,36.93166667,140.6183333
2011/5/21,3:32:04,宮城県沖,38°58.5′N,142°26.3′E,31 km,3.9,震度１,38.975,142.4383333
2011/5/21,5:20:52,千葉県東方沖,35°49.1′N,140°54.4′E,29 km,3.5,震度２,35.81833333,140.9066667
2011/5/21,5:22:30,福島県中通り,36°53.2′N,140°32.4′E,7 km,3.5,震度２,36.88666667,140.54
2011/5/21,6:18:12,宮古島近海,24°47.5′N,125°24.7′E,47 km,3.7,震度１,24.79166667,125.4116667
2011/5/21,6:40:16,福島県沖,36°56.4′N,141°09.9′E,49 km,3.4,震度１,36.94,141.165
2011/5/21,8:43:16,宮城県沖,38°10.3′N,142°08.5′E,14 km,4.5,震度１,38.17166667,142.1416667
2011/5/21,9:34:41,宮城県沖,38°45.0′N,142°15.9′E,39 km,3.6,震度１,38.75,142.265
2011/5/21,11:16:43,福島県浜通り,37°08.5′N,140°47.3′E,3 km,2.7,震度２,37.14166667,140.7883333
2011/5/21,11:46:32,宮城県沖,38°15.2′N,141°50.8′E,47 km,3.7,震度１,38.25333333,141.8466667
2011/5/21,11:52:56,千葉県東方沖,35°43.0′N,140°56.2′E,10 km,2.9,震度１,35.71666667,140.9366667
2011/5/21,12:40:46,福島県沖,37°05.3′N,141°09.3′E,51 km,4,震度３,37.08833333,141.155
2011/5/21,14:35:24,岩手県沖,39°05.6′N,142°26.1′E,30 km,4.4,震度２,39.09333333,142.435
2011/5/21,15:25:38,滋賀県北部,35°22.4′N,135°53.3′E,15 km,3.4,震度２,35.37333333,135.8883333
2011/5/21,15:46:52,宮城県沖,38°58.4′N,142°27.1′E,28 km,3.7,震度１,38.97333333,142.4516667
2011/5/21,17:51:48,茨城県南部,36°00.5′N,140°23.5′E,55 km,3.6,震度２,36.00833333,140.3916667
2011/5/21,18:43:52,福島県沖,37°34.9′N,141°41.9′E,23 km,4,震度１,37.58166667,141.6983333
2011/5/21,19:24:44,福島県沖,37°11.1′N,141°28.3′E,48 km,4.4,震度３,37.185,141.4716667
2011/5/21,19:42:28,宮城県沖,38°41.9′N,142°12.4′E,40 km,4.4,震度２,38.69833333,142.2066667
2011/5/21,20:54:15,福島県会津,36°56.7′N,139°25.7′E,4 km,2.9,震度１,36.945,139.4283333
2011/5/21,21:04:53,宮城県沖,38°14.6′N,141°37.2′E,62 km,3.6,震度１,38.24333333,141.62
2011/5/21,23:06:47,福島県会津,36°56.9′N,139°25.7′E,4 km,2.7,震度１,36.94833333,139.4283333
2011/5/21,23:16:18,宮城県沖,38°16.7′N,141°55.0′E,52 km,4,震度１,38.27833333,141.9166667
2011/5/22,0:03:11,茨城県沖,36°32.5′N,140°52.4′E,51 km,4.1,震度３,36.54166667,140.8733333
2011/5/22,0:19:23,熊本県熊本地方,32°52.0′N,130°44.4′E,9 km,2.1,震度１,32.86666667,130.74
2011/5/22,2:17:22,福島県会津,36°56.9′N,139°25.3′E,4 km,3.9,震度３,36.94833333,139.4216667
2011/5/22,2:37:05,茨城県沖,36°19.6′N,141°00.4′E,46 km,3.7,震度１,36.32666667,141.0066667
2011/5/22,2:45:02,根室地方北部,43°30.8′N,144°50.8′E,143 km,4,震度２,43.51333333,144.8466667
2011/5/22,4:51:10,福島県浜通り,37°08.3′N,140°47.3′E,4 km,2.7,震度２,37.13833333,140.7883333
2011/5/22,5:13:39,熊本県熊本地方,33°01.4′N,130°43.3′E,12 km,2.9,震度１,33.02333333,130.7216667
2011/5/22,6:37:07,埼玉県南部,35°55.2′N,139°48.7′E,78 km,2.7,震度１,35.92,139.8116667
2011/5/22,7:06:27,千葉県北東部,35°43.7′N,140°38.6′E,48 km,5.5,震度４,35.72833333,140.6433333
2011/5/22,7:32:37,福島県浜通り,37°02.9′N,140°58.8′E,53 km,3.9,震度２,37.04833333,140.98
2011/5/22,12:16:04,岩手県沖,39°49.7′N,142°15.9′E,43 km,4.1,震度１,39.82833333,142.265
2011/5/22,12:53:03,愛知県東部,35°12.6′N,137°42.7′E,14 km,1.8,震度１,35.21,137.7116667
2011/5/22,13:21:35,茨城県北部,36°40.0′N,140°35.6′E,5 km,3.1,震度１,36.66666667,140.5933333
2011/5/22,14:59:29,秋田県沿岸南部,39°30.0′N,140°14.8′E,8 km,2.6,震度１,39.5,140.2466667
2011/5/22,15:17:11,福島県沖,37°38.8′N,141°35.8′E,45 km,3.7,震度１,37.64666667,141.5966667
2011/5/22,15:59:18,秋田県沿岸南部,39°30.1′N,140°15.0′E,8 km,2.1,震度１,39.50166667,140.25
2011/5/22,17:28:20,三陸沖,39°07.5′N,142°58.7′E,22 km,4.7,震度１,39.125,142.9783333
2011/5/22,17:33:37,三陸沖,39°07.1′N,143°00.6′E,21 km,4.7,震度２,39.11833333,143.01
2011/5/22,18:44:30,千葉県東方沖,35°49.6′N,141°01.6′E,29 km,3.1,震度１,35.82666667,141.0266667
2011/5/22,18:47:19,福島県沖,37°23.8′N,141°16.2′E,29 km,3.1,震度１,37.39666667,141.27
2011/5/22,19:02:52,福島県浜通り,37°05.1′N,140°46.5′E,8 km,2.5,震度１,37.085,140.775
2011/5/22,20:06:56,福島県沖,37°34.9′N,142°03.5′E,27 km,4.7,震度２,37.58166667,142.0583333
2011/5/22,21:08:29,陸奥湾,41°09.3′N,140°52.3′E,12 km,2.9,震度１,41.155,140.8716667
2011/5/22,23:46:10,福島県沖,37°35.0′N,143°27.4′E,45 km,5.6,震度２,37.58333333,143.4566667
2011/5/23,0:15:05,茨城県北部,36°49.3′N,140°32.0′E,4 km,3.4,震度１,36.82166667,140.5333333
2011/5/23,1:18:13,熊本県熊本地方,33°01.5′N,130°43.3′E,12 km,3.5,震度２,33.025,130.7216667
2011/5/23,1:26:01,宮城県中部,38°18.9′N,140°41.8′E,12 km,2.1,震度１,38.315,140.6966667
2011/5/23,5:31:30,山形県庄内地方,38°32.0′N,139°59.4′E,6 km,2.7,震度１,38.53333333,139.99
2011/5/23,6:39:53,福島県沖,37°36.3′N,141°36.7′E,43 km,4.3,震度２,37.605,141.6116667
2011/5/23,7:12:17,宮城県沖,38°31.2′N,142°03.6′E,40 km,3.4,震度１,38.52,142.06
2011/5/23,12:26:21,宮城県沖,38°09.8′N,141°40.9′E,51 km,3.8,震度２,38.16333333,141.6816667
2011/5/23,14:20:57,宮城県沖,38°11.3′N,142°09.2′E,16 km,4.8,震度２,38.18833333,142.1533333
2011/5/23,14:33:25,宮城県沖,38°41.9′N,142°15.2′E,38 km,3.9,震度１,38.69833333,142.2533333
2011/5/23,15:10:36,静岡県東部,35°18.6′N,138°42.0′E,9 km,2.3,震度１,35.31,138.7
2011/5/23,16:17:42,宮城県沖,38°17.8′N,141°44.1′E,51 km,3.7,震度１,38.29666667,141.735
2011/5/23,18:32:26,埼玉県南部,35°54.7′N,139°41.0′E,85 km,3.6,震度１,35.91166667,139.6833333
2011/5/23,18:46:50,福島県浜通り,37°06.7′N,140°46.4′E,6 km,2.8,震度２,37.11166667,140.7733333
2011/5/23,19:37:07,秋田県沿岸南部,39°30.3′N,140°15.0′E,8 km,2.2,震度１,39.505,140.25
2011/5/23,19:37:48,福島県沖,37°00.7′N,141°07.4′E,50 km,3.9,震度１,37.01166667,141.1233333
2011/5/23,20:17:26,福島県会津,37°41.9′N,139°56.6′E,9 km,3.1,震度１,37.69833333,139.9433333
2011/5/23,21:01:35,福島県浜通り,36°54.8′N,140°42.8′E,10 km,3,震度１,36.91333333,140.7133333
2011/5/23,22:06:56,宮城県中部,38°19.1′N,140°41.5′E,12 km,2.7,震度１,38.31833333,140.6916667
2011/5/23,22:25:35,福島県沖,37°01.5′N,141°04.2′E,16 km,3.4,震度１,37.025,141.07
2011/5/23,23:07:16,茨城県北部,36°42.1′N,140°37.3′E,7 km,3.1,震度２,36.70166667,140.6216667
2011/5/23,23:40:23,宮城県沖,38°03.7′N,142°38.9′E,32 km,4.8,震度２,38.06166667,142.6483333
2011/5/24,0:09:10,茨城県北部,36°53.3′N,140°41.5′E,10 km,3.5,震度１,36.88833333,140.6916667
2011/5/24,3:32:34,福島県浜通り,37°05.5′N,140°40.0′E,8 km,3.2,震度１,37.09166667,140.6666667
2011/5/24,3:50:14,宮城県沖,38°19.5′N,142°02.1′E,26 km,3.9,震度１,38.325,142.035
2011/5/24,5:49:27,茨城県沖,36°29.3′N,140°54.2′E,31 km,3.4,震度１,36.48833333,140.9033333
2011/5/24,6:53:55,福島県沖,37°09.7′N,141°12.2′E,31 km,3.5,震度１,37.16166667,141.2033333
2011/5/24,6:55:28,宮城県沖,38°32.1′N,141°42.8′E,54 km,3.8,震度２,38.535,141.7133333
2011/5/24,6:56:44,福島県中通り,37°04.0′N,140°28.7′E,7 km,2.8,震度２,37.06666667,140.4783333
2011/5/24,8:26:46,秋田県内陸南部,39°36.7′N,140°38.0′E,6 km,2.8,震度１,39.61166667,140.6333333
2011/5/24,8:56:39,茨城県沖,35°59.9′N,141°13.4′E,37 km,3.9,震度２,35.99833333,141.2233333
2011/5/24,9:55:18,千葉県北東部,35°44.7′N,140°40.8′E,48 km,3.4,震度１,35.745,140.68
2011/5/24,10:10:26,千葉県北東部,35°44.7′N,140°40.2′E,45 km,3.3,震度１,35.745,140.67
2011/5/24,10:40:14,茨城県北部,36°43.8′N,140°39.0′E,6 km,3.3,震度２,36.73,140.65
2011/5/24,11:17:57,福島県沖,37°04.4′N,141°10.7′E,51 km,3.3,震度１,37.07333333,141.1783333
2011/5/24,12:04:18,福島県中通り,37°06.5′N,140°35.5′E,7 km,2.5,震度１,37.10833333,140.5916667
2011/5/24,12:21:37,岩手県沖,39°37.3′N,142°06.6′E,48 km,2.9,震度１,39.62166667,142.11
2011/5/24,12:29:40,千葉県南部,35°07.5′N,140°09.3′E,15 km,2.5,震度１,35.125,140.155
2011/5/24,12:40:50,三陸沖,39°47.0′N,143°29.2′E,27 km,5.8,震度３,39.78333333,143.4866667
2011/5/24,13:14:14,福島県会津,36°56.7′N,139°25.9′E,4 km,2.7,震度１,36.945,139.4316667
2011/5/24,13:46:55,宮城県沖,38°26.8′N,142°13.7′E,28 km,4,震度１,38.44666667,142.2283333
2011/5/24,14:29:55,福島県沖,36°59.8′N,141°11.7′E,32 km,3.8,震度１,36.99666667,141.195
2011/5/24,14:43:30,十勝地方南部,42°21.4′N,143°07.4′E,50 km,4.1,震度２,42.35666667,143.1233333
2011/5/24,15:37:25,千葉県北東部,35°43.6′N,140°40.1′E,47 km,3,震度１,35.72666667,140.6683333
2011/5/24,15:43:31,福島県中通り,37°02.2′N,140°34.0′E,5 km,3.1,震度１,37.03666667,140.5666667
2011/5/24,16:10:32,瀬戸内海中部,34°20.9′N,133°24.9′E,16 km,3.3,震度１,34.34833333,133.415
2011/5/24,17:03:32,福島県沖,37°06.5′N,141°08.0′E,51 km,3.9,震度２,37.10833333,141.1333333
2011/5/24,18:58:42,沖縄本島近海,27°18.3′N,128°56.5′E,42 km,3.7,震度２,27.305,128.9416667
2011/5/24,19:18:13,茨城県沖,36°46.8′N,141°17.3′E,36 km,4.6,震度３,36.78,141.2883333
2011/5/24,19:27:10,秋田県内陸南部,39°36.7′N,140°37.9′E,5 km,2.6,震度１,39.61166667,140.6316667
2011/5/24,19:46:15,秋田県内陸南部,39°36.6′N,140°38.0′E,5 km,2.8,震度２,39.61,140.6333333
2011/5/24,20:49:20,茨城県沖,36°23.9′N,141°07.3′E,44 km,5,震度３,36.39833333,141.1216667
2011/5/24,20:50:31,千葉県北西部,35°41.0′N,140°02.5′E,69 km,3.8,震度２,35.68333333,140.0416667
2011/5/25,1:04:13,豊後水道,33°08.8′N,132°08.0′E,54 km,3,震度１,33.14666667,132.1333333
2011/5/25,1:31:02,石川県加賀地方,36°20.8′N,136°44.8′E,8 km,3.2,震度２,36.34666667,136.7466667
2011/5/25,5:11:57,宮城県沖,38°16.5′N,141°52.6′E,62 km,3.8,震度１,38.275,141.8766667
2011/5/25,5:35:13,福島県浜通り,37°06.4′N,140°49.9′E,7 km,3,震度２,37.10666667,140.8316667
2011/5/25,5:36:13,福島県浜通り,37°06.7′N,140°49.8′E,7 km,5,震度５弱,37.11166667,140.83
2011/5/25,5:49:20,福島県浜通り,37°05.4′N,140°47.7′E,4 km,1.9,震度１,37.09,140.795
2011/5/25,5:54:23,福島県浜通り,37°05.1′N,140°48.1′E,5 km,1.8,震度１,37.085,140.8016667
2011/5/25,5:59:01,福島県浜通り,37°06.9′N,140°49.9′E,8 km,3.2,震度２,37.115,140.8316667
2011/5/25,6:21:06,宮城県沖,37°55.2′N,141°31.9′E,61 km,3.6,震度１,37.92,141.5316667
2011/5/25,6:30:54,福島県浜通り,37°06.8′N,140°50.1′E,7 km,2.1,震度１,37.11333333,140.835
2011/5/25,6:36:48,福島県浜通り,37°07.0′N,140°49.9′E,7 km,2.5,震度１,37.11666667,140.8316667
2011/5/25,6:46:04,福島県浜通り,37°06.8′N,140°50.3′E,6 km,2.5,震度２,37.11333333,140.8383333
2011/5/25,6:57:41,福島県浜通り,37°05.1′N,140°48.5′E,5 km,1.8,震度１,37.085,140.8083333
2011/5/25,7:05:16,岩手県沖,39°10.8′N,142°23.2′E,30 km,3.9,震度１,39.18,142.3866667
2011/5/25,7:37:53,福島県沖,37°26.3′N,141°30.7′E,42 km,4.3,震度３,37.43833333,141.5116667
2011/5/25,8:03:09,茨城県北部,36°51.0′N,140°41.7′E,9 km,3.8,震度２,36.85,140.695
2011/5/25,9:19:16,茨城県南部,35°55.4′N,140°08.3′E,62 km,4.5,震度３,35.92333333,140.1383333
2011/5/25,9:34:09,福島県浜通り,37°06.6′N,140°49.5′E,8 km,2.8,震度１,37.11,140.825
2011/5/25,10:04:05,宮城県沖,38°21.1′N,142°12.1′E,38 km,4.1,震度１,38.35166667,142.2016667
2011/5/25,11:53:15,千葉県東方沖,35°48.6′N,140°54.1′E,29 km,3.1,震度１,35.81,140.9016667
2011/5/25,11:53:57,茨城県北部,36°39.5′N,140°39.6′E,4 km,1.5,震度１,36.65833333,140.66
2011/5/25,12:23:50,岩手県沖,39°05.8′N,142°20.0′E,33 km,3.6,震度１,39.09666667,142.3333333
2011/5/25,12:47:28,福島県中通り,37°01.2′N,140°30.2′E,5 km,3,震度２,37.02,140.5033333
2011/5/25,13:07:27,千葉県北東部,35°44.7′N,140°40.0′E,48 km,3.3,震度１,35.745,140.6666667
2011/5/25,13:11:42,宮城県沖,38°07.6′N,142°01.0′E,21 km,3.9,震度１,38.12666667,142.0166667
2011/5/25,14:07:42,福島県沖,36°52.3′N,141°03.5′E,50 km,3.4,震度１,36.87166667,141.0583333
2011/5/25,14:49:31,福島県浜通り,36°54.6′N,140°40.9′E,7 km,3.5,震度１,36.91,140.6816667
2011/5/25,15:12:03,福島県浜通り,37°05.5′N,140°50.1′E,7 km,2.6,震度１,37.09166667,140.835
2011/5/25,15:34:57,宮城県中部,38°22.7′N,141°09.9′E,14 km,2.3,震度１,38.37833333,141.165
2011/5/25,16:20:04,福島県浜通り,37°05.9′N,140°50.5′E,7 km,2.5,震度１,37.09833333,140.8416667
2011/5/25,17:08:48,千葉県北東部,35°43.9′N,140°39.8′E,46 km,2.9,震度１,35.73166667,140.6633333
2011/5/25,17:26:55,福島県沖,37°26.2′N,141°31.1′E,40 km,3.6,震度１,37.43666667,141.5183333
2011/5/25,17:27:53,宮城県沖,38°08.2′N,141°36.2′E,60 km,4.1,震度２,38.13666667,141.6033333
2011/5/25,17:48:10,福島県浜通り,37°07.8′N,140°50.1′E,9 km,3,震度１,37.13,140.835
2011/5/25,19:02:49,オホーツク海南部,48°41.5′N,148°24.1′E,585 km,5.4,震度１,48.69166667,148.4016667
2011/5/25,20:48:41,福島県浜通り,37°06.8′N,140°49.6′E,8 km,2.3,震度１,37.11333333,140.8266667
2011/5/25,21:55:13,福島県浜通り,37°05.4′N,140°47.2′E,8 km,2.7,震度１,37.09,140.7866667
2011/5/25,23:20:51,千葉県東方沖,35°29.8′N,140°55.7′E,24 km,3.9,震度２,35.49666667,140.9283333
2011/5/26,0:30:48,福島県浜通り,37°00.0′N,140°41.0′E,10 km,3.4,震度１,37,140.6833333
2011/5/26,1:58:30,茨城県北部,36°47.2′N,140°32.3′E,8 km,3.6,震度１,36.78666667,140.5383333
2011/5/26,2:27:36,岩手県沖,39°45.1′N,142°20.9′E,41 km,3.8,震度１,39.75166667,142.3483333
2011/5/26,5:29:26,三陸沖,39°40.6′N,143°40.0′E,30 km,4.8,震度１,39.67666667,143.6666667
2011/5/26,7:36:09,福島県浜通り,37°11.5′N,140°54.0′E,8 km,3.3,震度１,37.19166667,140.9
2011/5/26,9:48:59,宮城県北部,38°49.9′N,140°37.3′E,5 km,3,震度３,38.83166667,140.6216667
2011/5/26,10:06:18,茨城県沖,35°47.3′N,141°49.9′E,32 km,4.1,震度１,35.78833333,141.8316667
2011/5/26,10:08:44,福島県沖,37°11.7′N,141°05.3′E,14 km,3.4,震度１,37.195,141.0883333
2011/5/26,10:37:09,福島県沖,37°14.6′N,141°02.2′E,30 km,3.5,震度２,37.24333333,141.0366667
2011/5/26,10:43:59,宮城県沖,38°50.3′N,142°09.8′E,42 km,3.5,震度１,38.83833333,142.1633333
2011/5/26,12:22:51,茨城県北部,36°42.0′N,140°37.4′E,7 km,2.8,震度１,36.7,140.6233333
2011/5/26,12:23:34,千葉県東方沖,35°31.8′N,140°43.2′E,26 km,3.1,震度１,35.53,140.72
2011/5/26,15:57:35,岩手県沖,39°38.0′N,142°05.9′E,48 km,4.1,震度３,39.63333333,142.0983333
2011/5/26,17:21:33,福島県沖,37°07.0′N,141°07.5′E,32 km,3.3,震度１,37.11666667,141.125
2011/5/26,17:24:03,千葉県東方沖,35°44.7′N,140°59.3′E,14 km,3.8,震度１,35.745,140.9883333
2011/5/26,19:08:01,福島県浜通り,37°06.9′N,140°49.9′E,7 km,2.6,震度１,37.115,140.8316667
2011/5/26,19:15:54,福島県浜通り,37°06.6′N,140°50.1′E,7 km,3.7,震度３,37.11,140.835
2011/5/26,19:56:36,茨城県北部,36°43.1′N,140°37.4′E,6 km,4.8,震度４,36.71833333,140.6233333
2011/5/26,19:59:00,茨城県北部,36°43.4′N,140°37.3′E,6 km,2.5,震度１,36.72333333,140.6216667
2011/5/26,20:06:58,茨城県北部,36°43.2′N,140°38.3′E,6 km,2.5,震度１,36.72,140.6383333
2011/5/26,20:12:50,茨城県北部,36°43.0′N,140°37.9′E,6 km,4,震度３,36.71666667,140.6316667
2011/5/26,20:19:12,福島県浜通り,37°07.8′N,140°51.3′E,6 km,2.6,震度１,37.13,140.855
2011/5/26,20:19:14,千葉県東方沖,35°44.1′N,140°56.4′E,12 km,3,震度１,35.735,140.94
2011/5/26,21:22:51,福島県浜通り,37°06.6′N,140°49.8′E,4 km,3.2,震度３,37.11,140.83
2011/5/26,21:28:11,茨城県北部,36°43.4′N,140°36.5′E,7 km,3.1,震度１,36.72333333,140.6083333
2011/5/26,22:36:45,長野県中部,36°11.5′N,138°02.4′E,10 km,3,震度１,36.19166667,138.04
2011/5/27,0:04:38,岩手県沖,39°04.9′N,142°23.0′E,34 km,4.2,震度２,39.08166667,142.3833333
2011/5/27,1:30:10,青森県東方沖,40°40.9′N,142°14.4′E,45 km,3.4,震度１,40.68166667,142.24
2011/5/27,2:19:04,茨城県沖,36°33.6′N,141°15.1′E,46 km,4.3,震度２,36.56,141.2516667
2011/5/27,2:44:22,茨城県沖,36°25.5′N,141°02.2′E,46 km,3.6,震度１,36.425,141.0366667
2011/5/27,3:14:41,宮城県沖,38°22.6′N,141°44.3′E,58 km,3.4,震度１,38.37666667,141.7383333
2011/5/27,4:17:01,茨城県沖,36°23.4′N,140°53.5′E,35 km,3.4,震度１,36.39,140.8916667
2011/5/27,4:50:42,福島県中通り,37°05.0′N,140°37.9′E,8 km,3.6,震度２,37.08333333,140.6316667
2011/5/27,7:09:14,茨城県沖,35°54.7′N,141°03.5′E,29 km,3.4,震度１,35.91166667,141.0583333
2011/5/27,7:52:59,岩手県沖,39°07.9′N,142°29.2′E,31 km,3.7,震度１,39.13166667,142.4866667
2011/5/27,8:21:42,福島県浜通り,37°06.8′N,140°49.6′E,8 km,3.5,震度２,37.11333333,140.8266667
2011/5/27,8:25:08,福島県浜通り,37°06.9′N,140°50.0′E,7 km,3.3,震度３,37.115,140.8333333
2011/5/27,8:34:45,福島県沖,37°04.8′N,141°22.1′E,25 km,4.3,震度１,37.08,141.3683333
2011/5/27,10:37:56,千葉県東方沖,35°20.5′N,140°52.1′E,41 km,3.8,震度１,35.34166667,140.8683333
2011/5/27,11:28:29,茨城県北部,36°42.3′N,140°37.5′E,2 km,2.9,震度１,36.705,140.625
2011/5/27,12:34:15,福島県浜通り,37°06.7′N,140°49.7′E,8 km,4.7,震度４,37.11166667,140.8283333
2011/5/27,13:44:03,福島県沖,37°22.5′N,141°27.7′E,30 km,3.6,震度３,37.375,141.4616667
2011/5/27,14:18:47,茨城県北部,36°43.8′N,140°38.7′E,8 km,3,震度１,36.73,140.645
2011/5/27,14:23:36,茨城県南部,36°00.0′N,140°14.4′E,41 km,3.3,震度１,36,140.24
2011/5/27,15:04:13,福島県浜通り,37°06.9′N,140°49.9′E,7 km,2.5,震度１,37.115,140.8316667
2011/5/27,15:11:13,トカラ列島近海,29°55.7′N,129°53.2′E,11 km,,震度１,29.92833333,129.8866667
2011/5/27,15:32:32,千葉県東方沖,35°46.7′N,140°58.0′E,11 km,3.6,震度１,35.77833333,140.9666667
2011/5/27,15:53:23,福島県浜通り,37°08.1′N,140°51.2′E,7 km,2.7,震度１,37.135,140.8533333
2011/5/27,15:56:44,福島県浜通り,37°07.0′N,140°50.3′E,7 km,2.3,震度１,37.11666667,140.8383333
2011/5/27,16:11:56,秋田県沿岸南部,39°30.5′N,140°15.2′E,8 km,2.6,震度２,39.50833333,140.2533333
2011/5/27,17:03:16,福島県浜通り,37°07.5′N,140°49.8′E,6 km,2.5,震度１,37.125,140.83
2011/5/27,17:04:08,福島県中通り,37°04.4′N,140°38.7′E,15 km,4.2,震度４,37.07333333,140.645
2011/5/27,17:51:49,福島県沖,36°55.9′N,141°04.9′E,51 km,3.5,震度１,36.93166667,141.0816667
2011/5/27,17:54:21,秋田県沿岸南部,39°30.6′N,140°15.0′E,8 km,1.7,震度１,39.51,140.25
2011/5/27,19:30:40,大隅半島東方沖,31°06.8′N,131°30.0′E,34 km,3.9,震度１,31.11333333,131.5
2011/5/27,19:51:37,秋田県内陸南部,39°27.5′N,140°22.1′E,9 km,1.5,震度１,39.45833333,140.3683333
2011/5/27,19:53:04,秋田県内陸南部,39°27.5′N,140°22.2′E,9 km,2.4,震度３,39.45833333,140.37
2011/5/27,20:25:09,福島県浜通り,36°59.0′N,140°49.8′E,15 km,3.6,震度３,36.98333333,140.83
2011/5/27,20:51:13,福島県浜通り,37°07.1′N,140°50.0′E,7 km,3,震度２,37.11833333,140.8333333
2011/5/27,22:02:06,福島県会津,37°45.5′N,140°01.5′E,8 km,2.9,震度１,37.75833333,140.025
2011/5/27,22:33:36,秋田県内陸南部,39°36.7′N,140°37.9′E,5 km,4.6,震度４,39.61166667,140.6316667
2011/5/27,22:51:27,伊豆大島近海,35°01.8′N,139°27.2′E,33 km,3.4,震度２,35.03,139.4533333
2011/5/27,23:39:27,茨城県沖,36°25.9′N,141°07.2′E,46 km,4.3,震度２,36.43166667,141.12
2011/5/28,0:02:48,茨城県沖,35°53.6′N,140°58.3′E,18 km,4.2,震度１,35.89333333,140.9716667
2011/5/28,0:42:17,福島県沖,36°54.6′N,141°06.1′E,51 km,3,震度１,36.91,141.1016667
2011/5/28,3:33:21,新潟県中越地方,37°02.4′N,138°42.6′E,8 km,3.2,震度３,37.04,138.71
2011/5/28,4:13:44,静岡県伊豆地方,34°58.4′N,139°07.5′E,5 km,2.5,震度１,34.97333333,139.125
2011/5/28,4:30:31,茨城県沖,36°40.0′N,140°48.7′E,26 km,3.2,震度１,36.66666667,140.8116667
2011/5/28,5:25:06,新潟県中越地方,37°02.5′N,138°42.3′E,11 km,1.7,震度１,37.04166667,138.705
2011/5/28,5:29:58,茨城県北部,36°43.4′N,140°36.3′E,8 km,2.6,震度１,36.72333333,140.605
2011/5/28,6:11:15,宮城県中部,38°18.8′N,140°41.8′E,12 km,2.4,震度１,38.31333333,140.6966667
2011/5/28,7:44:17,福島県浜通り,37°06.9′N,140°49.9′E,8 km,2.1,震度１,37.115,140.8316667
2011/5/28,7:49:33,福島県浜通り,37°06.9′N,140°49.9′E,8 km,2.9,震度２,37.115,140.8316667
2011/5/28,7:50:21,福島県浜通り,37°06.9′N,140°49.9′E,7 km,2.9,震度２,37.115,140.8316667
2011/5/28,8:01:54,岩手県沖,39°47.7′N,142°08.4′E,47 km,4.5,震度３,39.795,142.14
2011/5/28,10:08:11,岩手県沖,39°33.8′N,142°41.9′E,25 km,4.2,震度１,39.56333333,142.6983333
2011/5/28,10:34:26,福島県浜通り,37°06.9′N,140°50.1′E,8 km,2.3,震度１,37.115,140.835
2011/5/28,10:57:20,千葉県東方沖,35°42.3′N,140°56.8′E,11 km,4.4,震度３,35.705,140.9466667
2011/5/28,10:59:46,茨城県北部,36°43.5′N,140°35.8′E,8 km,2.9,震度１,36.725,140.5966667
2011/5/28,11:14:00,茨城県北部,36°27.5′N,140°36.2′E,56 km,4.4,震度３,36.45833333,140.6033333
2011/5/28,14:09:25,茨城県南部,36°01.0′N,139°56.4′E,32 km,1.7,震度１,36.01666667,139.94
2011/5/28,16:03:23,熊本県熊本地方,33°01.8′N,130°44.5′E,11 km,3.1,震度２,33.03,130.7416667
2011/5/28,16:43:34,福島県中通り,37°03.0′N,140°33.6′E,6 km,2.9,震度２,37.05,140.56
2011/5/28,19:03:09,トカラ列島近海,29°14.9′N,129°12.3′E,11 km,2.1,震度２,29.24833333,129.205
2011/5/28,19:06:06,トカラ列島近海,29°16.6′N,129°13.8′E,0 km,,震度１,29.27666667,129.23
2011/5/28,19:38:12,福島県中通り,37°03.0′N,140°33.7′E,5 km,2.7,震度１,37.05,140.5616667
2011/5/28,19:47:55,福島県浜通り,36°55.8′N,140°40.2′E,5 km,3.6,震度１,36.93,140.67
2011/5/28,20:55:15,宮城県沖,38°41.8′N,142°24.2′E,34 km,3.9,震度２,38.69666667,142.4033333
2011/5/28,21:28:28,千葉県北西部,35°55.3′N,139°56.0′E,66 km,3.7,震度１,35.92166667,139.9333333
2011/5/28,22:15:30,福島県沖,37°18.3′N,141°15.8′E,51 km,3,震度１,37.305,141.2633333
2011/5/28,22:46:05,茨城県沖,36°18.1′N,142°08.0′E,77 km,5,震度１,36.30166667,142.1333333
2011/5/28,22:54:11,福島県浜通り,37°02.0′N,140°41.0′E,9 km,3.6,震度２,37.03333333,140.6833333
2011/5/28,23:56:02,福島県沖,37°28.7′N,143°32.8′E,41 km,4.7,震度１,37.47833333,143.5466667
2011/5/29,0:52:30,大分県南部,32°53.4′N,131°41.7′E,14 km,3.3,震度２,32.89,131.695
2011/5/29,1:36:04,宮城県北部,38°49.9′N,140°37.3′E,5 km,2.2,震度２,38.83166667,140.6216667
2011/5/29,1:54:16,千葉県北西部,35°41.9′N,140°05.1′E,71 km,3.4,震度１,35.69833333,140.085
2011/5/29,2:59:40,青森県東方沖,40°32.6′N,142°02.8′E,41 km,3.7,震度２,40.54333333,142.0466667
2011/5/29,3:12:48,長野県中部,36°11.4′N,138°02.4′E,10 km,2.8,震度１,36.19,138.04
2011/5/29,3:52:54,宮城県沖,38°52.8′N,142°15.3′E,46 km,4.3,震度２,38.88,142.255
2011/5/29,4:16:33,宮城県沖,38°51.3′N,142°03.3′E,40 km,3.3,震度１,38.855,142.055
2011/5/29,5:18:38,薩摩半島西方沖,31°37.1′N,129°35.8′E,7 km,4.3,震度３,31.61833333,129.5966667
2011/5/29,6:04:02,福島県沖,37°20.5′N,141°22.1′E,48 km,3.9,震度２,37.34166667,141.3683333
2011/5/29,6:39:38,福島県浜通り,37°07.2′N,140°47.6′E,2 km,1.9,震度１,37.12,140.7933333
2011/5/29,7:02:42,福島県浜通り,37°07.2′N,140°47.5′E,2 km,2.6,震度２,37.12,140.7916667
2011/5/29,7:09:33,宮城県沖,38°50.6′N,142°03.5′E,46 km,3.7,震度１,38.84333333,142.0583333
2011/5/29,8:28:34,福島県浜通り,37°06.8′N,140°49.5′E,8 km,2.5,震度１,37.11333333,140.825
2011/5/29,8:51:52,熊本県熊本地方,33°01.8′N,130°44.5′E,12 km,3.4,震度２,33.03,130.7416667
2011/5/29,9:03:07,岩手県沖,39°45.2′N,142°21.6′E,41 km,4.1,震度２,39.75333333,142.36
2011/5/29,10:22:03,宮城県沖,38°28.3′N,141°52.7′E,52 km,3.2,震度１,38.47166667,141.8783333
2011/5/29,10:42:46,福島県沖,37°06.1′N,141°07.6′E,51 km,3.4,震度２,37.10166667,141.1266667
2011/5/29,11:27:51,茨城県北部,36°47.9′N,140°34.0′E,17 km,3.6,震度２,36.79833333,140.5666667
2011/5/29,11:55:52,茨城県沖,36°34.3′N,141°03.8′E,36 km,3.8,震度２,36.57166667,141.0633333
2011/5/29,12:12:19,宮城県沖,38°10.0′N,141°42.1′E,50 km,3.8,震度１,38.16666667,141.7016667
2011/5/29,12:43:38,千葉県北西部,35°30.3′N,140°07.7′E,22 km,3.1,震度２,35.505,140.1283333
2011/5/29,12:58:14,岩手県沖,39°37.8′N,142°07.4′E,48 km,3.9,震度１,39.63,142.1233333
2011/5/29,13:23:33,福島県浜通り,36°59.0′N,140°35.7′E,10 km,4.2,震度２,36.98333333,140.595
2011/5/29,13:44:14,茨城県北部,36°52.4′N,140°41.3′E,8 km,3.6,震度２,36.87333333,140.6883333
2011/5/29,15:22:38,福島県中通り,37°03.0′N,140°33.4′E,5 km,2.7,震度１,37.05,140.5566667
2011/5/29,18:38:41,福島県沖,37°46.8′N,141°45.7′E,48 km,3.8,震度１,37.78,141.7616667
2011/5/29,18:40:42,宮城県沖,38°22.0′N,141°46.2′E,54 km,4.2,震度２,38.36666667,141.77
2011/5/29,18:49:18,茨城県沖,36°25.2′N,141°00.8′E,50 km,4.1,震度２,36.42,141.0133333
2011/5/29,20:14:50,福島県浜通り,37°11.4′N,140°54.0′E,8 km,2.9,震度１,37.19,140.9
2011/5/29,20:29:47,苫小牧沖,42°06.9′N,141°30.2′E,88 km,3.8,震度２,42.115,141.5033333
2011/5/29,20:41:39,茨城県北部,36°48.6′N,140°34.3′E,6 km,3.6,震度２,36.81,140.5716667
2011/5/29,20:56:15,秋田県内陸南部,39°32.0′N,140°24.1′E,7 km,2.5,震度２,39.53333333,140.4016667
2011/5/29,22:39:55,千葉県北東部,35°42.8′N,140°40.1′E,48 km,3.1,震度１,35.71333333,140.6683333
2011/5/30,2:01:19,宮城県沖,38°42.0′N,141°47.5′E,53 km,2.9,震度１,38.7,141.7916667
2011/5/30,3:32:14,岩手県沖,39°07.0′N,142°28.3′E,32 km,4.3,震度１,39.11666667,142.4716667
2011/5/30,5:50:17,福島県浜通り,37°07.8′N,140°50.1′E,9 km,3.3,震度２,37.13,140.835
2011/5/30,6:55:15,福島県会津,37°40.4′N,139°56.2′E,8 km,3.6,震度２,37.67333333,139.9366667
2011/5/30,8:57:40,宮城県沖,38°50.2′N,142°01.6′E,53 km,3.3,震度１,38.83666667,142.0266667
2011/5/30,9:51:54,福島県中通り,37°05.9′N,140°29.8′E,8 km,2.4,震度１,37.09833333,140.4966667
2011/5/30,10:12:43,宮城県沖,38°44.2′N,142°14.1′E,33 km,4,震度１,38.73666667,142.235
2011/5/30,11:35:40,茨城県南部,36°07.9′N,140°01.1′E,48 km,3.4,震度１,36.13166667,140.0183333
2011/5/30,12:14:22,千葉県北西部,35°35.1′N,140°07.3′E,63 km,2.8,震度１,35.585,140.1216667
2011/5/30,12:47:56,福島県浜通り,37°05.9′N,140°50.5′E,8 km,2.3,震度１,37.09833333,140.8416667
2011/5/30,13:40:27,福島県沖,37°09.0′N,141°02.9′E,33 km,3,震度１,37.15,141.0483333
2011/5/30,14:13:20,静岡県東部,35°20.1′N,138°43.1′E,8 km,2.3,震度１,35.335,138.7183333
2011/5/30,14:21:39,福島県沖,37°20.6′N,141°08.3′E,27 km,3.7,震度２,37.34333333,141.1383333
2011/5/30,14:22:32,福島県沖,37°20.9′N,141°07.7′E,26 km,2.6,震度１,37.34833333,141.1283333
2011/5/30,14:24:24,福島県浜通り,37°05.4′N,140°50.7′E,9 km,2.6,震度１,37.09,140.845
2011/5/30,14:28:15,千葉県北西部,35°30.7′N,140°07.3′E,23 km,3,震度２,35.51166667,140.1216667
2011/5/30,14:28:38,福島県浜通り,36°57.4′N,140°43.6′E,14 km,3.7,震度２,36.95666667,140.7266667
2011/5/30,14:52:45,福島県浜通り,37°06.8′N,140°49.5′E,8 km,2.3,震度１,37.11333333,140.825
2011/5/30,15:06:24,福島県浜通り,37°05.5′N,140°51.0′E,9 km,2.8,震度２,37.09166667,140.85
2011/5/30,15:34:56,宮城県沖,38°39.8′N,142°04.2′E,43 km,3.6,震度１,38.66333333,142.07
2011/5/30,15:41:52,宮城県沖,38°21.1′N,141°56.3′E,15 km,4,震度１,38.35166667,141.9383333
2011/5/30,16:49:15,茨城県北部,36°49.6′N,140°34.9′E,7 km,3.3,震度１,36.82666667,140.5816667
2011/5/30,17:17:12,茨城県沖,36°38.5′N,140°56.1′E,48 km,3.2,震度１,36.64166667,140.935
2011/5/30,18:12:29,新潟県中越地方,37°14.2′N,139°04.5′E,0 km,2.4,震度１,37.23666667,139.075
2011/5/30,21:24:06,福島県沖,37°19.7′N,141°21.5′E,30 km,3.8,震度１,37.32833333,141.3583333
2011/5/30,22:40:08,青森県東方沖,40°54.4′N,142°07.9′E,50 km,3.3,震度１,40.90666667,142.1316667
2011/5/30,22:51:13,茨城県沖,36°18.7′N,140°49.1′E,55 km,3.1,震度１,36.31166667,140.8183333
2011/5/31,3:18:50,福島県中通り,37°02.9′N,140°33.1′E,5 km,2.6,震度１,37.04833333,140.5516667
2011/5/31,3:23:54,岩手県沖,39°38.2′N,142°06.5′E,48 km,3.3,震度１,39.63666667,142.1083333
2011/5/31,3:34:52,宮城県北部,38°37.2′N,140°59.7′E,92 km,3.3,震度１,38.62,140.995
2011/5/31,4:36:37,茨城県沖,36°30.7′N,140°55.8′E,15 km,5,震度３,36.51166667,140.93
2011/5/31,5:39:19,茨城県北部,36°48.4′N,140°33.4′E,7 km,3.6,震度２,36.80666667,140.5566667
2011/5/31,7:13:03,上川地方北部,44°17.1′N,142°13.3′E,0 km,1.3,震度１,44.285,142.2216667
2011/5/31,7:16:09,福島県沖,37°23.2′N,141°15.2′E,33 km,3.3,震度２,37.38666667,141.2533333
2011/5/31,7:47:03,岐阜県飛騨地方,36°08.9′N,137°26.5′E,4 km,2.7,震度１,36.14833333,137.4416667
2011/5/31,8:53:40,三陸沖,40°15.5′N,143°22.9′E,10 km,5,震度２,40.25833333,143.3816667
2011/5/31,9:52:09,土佐湾,33°31.7′N,133°44.0′E,8 km,2,震度１,33.52833333,133.7333333
2011/5/31,11:20:58,福島県浜通り,37°05.4′N,140°50.7′E,9 km,2.6,震度１,37.09,140.845
2011/5/31,11:28:44,茨城県北部,36°44.0′N,140°36.4′E,6 km,3,震度１,36.73333333,140.6066667
2011/5/31,16:12:20,福島県沖,37°11.9′N,141°05.4′E,32 km,3.9,震度２,37.19833333,141.09
2011/5/31,16:50:13,茨城県沖,36°12.9′N,140°59.7′E,45 km,4.4,震度２,36.215,140.995
2011/5/31,16:56:42,釧路沖,42°38.2′N,145°21.9′E,47 km,3.9,震度１,42.63666667,145.365
2011/5/31,20:08:27,岩手県沖,39°07.2′N,142°06.4′E,45 km,3.3,震度１,39.12,142.1066667
2011/5/31,21:28:36,岩手県沖,39°20.5′N,142°03.7′E,48 km,5.3,震度４,39.34166667,142.0616667
2011/6/1,0:51:59,福島県会津,37°44.0′N,139°58.2′E,9 km,2.7,震度１,37.73333333,139.97
2011/6/1,1:26:08,三陸沖,40°14.9′N,143°21.1′E,12 km,5.1,震度２,40.24833333,143.3516667
2011/6/1,1:41:20,福島県沖,37°39.5′N,141°45.7′E,44 km,4.2,震度２,37.65833333,141.7616667
2011/6/1,2:15:17,宮城県沖,38°52.7′N,141°59.8′E,50 km,4.1,震度２,38.87833333,141.9966667
2011/6/1,3:48:26,福島県浜通り,37°00.8′N,140°42.9′E,8 km,3.5,震度２,37.01333333,140.715
2011/6/1,6:14:32,福島県浜通り,37°07.1′N,140°50.3′E,7 km,2.8,震度１,37.11833333,140.8383333
2011/6/1,6:21:00,福島県浜通り,37°07.1′N,140°50.4′E,7 km,2.6,震度１,37.11833333,140.84
2011/6/1,6:23:27,福島県浜通り,37°07.0′N,140°50.4′E,7 km,3.4,震度３,37.11666667,140.84
2011/6/1,6:24:12,福島県浜通り,37°07.0′N,140°50.2′E,6 km,3.1,震度２,37.11666667,140.8366667
2011/6/1,7:18:59,岐阜県飛騨地方,36°15.5′N,137°05.0′E,7 km,2.8,震度２,36.25833333,137.0833333
2011/6/1,8:03:41,千葉県東方沖,35°33.4′N,141°01.8′E,36 km,3.6,震度１,35.55666667,141.03
2011/6/1,8:19:59,茨城県北部,36°43.5′N,140°35.5′E,8 km,3.8,震度３,36.725,140.5916667
2011/6/1,8:53:59,宮城県沖,38°38.2′N,141°54.5′E,49 km,4.2,震度２,38.63666667,141.9083333
2011/6/1,9:54:57,茨城県北部,36°49.6′N,140°34.2′E,6 km,3.7,震度１,36.82666667,140.57
2011/6/1,10:17:42,福島県浜通り,36°58.5′N,140°36.5′E,7 km,3.4,震度１,36.975,140.6083333
2011/6/1,12:14:11,三陸沖,39°46.5′N,143°42.4′E,33 km,5.1,震度１,39.775,143.7066667
2011/6/1,12:50:02,トカラ列島近海,29°13.5′N,129°17.5′E,17 km,2.8,震度１,29.225,129.2916667
2011/6/1,13:19:17,秋田県内陸南部,39°27.5′N,140°22.2′E,8 km,2,震度１,39.45833333,140.37
2011/6/1,15:44:31,三陸沖,40°16.1′N,143°20.7′E,10 km,4.5,震度１,40.26833333,143.345
2011/6/1,17:18:19,千葉県東方沖,35°31.8′N,140°43.0′E,28 km,4.5,震度３,35.53,140.7166667
2011/6/1,18:33:45,茨城県沖,36°36.9′N,140°49.4′E,53 km,3.4,震度２,36.615,140.8233333
2011/6/1,20:33:37,宮城県沖,38°56.0′N,142°24.4′E,36 km,4,震度１,38.93333333,142.4066667
2011/6/1,20:43:06,福島県沖,37°08.6′N,141°08.4′E,35 km,3.3,震度１,37.14333333,141.14
2011/6/1,21:18:44,福島県会津,37°40.2′N,139°56.2′E,8 km,2.8,震度２,37.67,139.9366667
2011/6/1,21:19:15,福島県浜通り,37°04.7′N,140°47.5′E,8 km,2.6,震度１,37.07833333,140.7916667
2011/6/1,21:20:29,福島県会津,37°40.3′N,139°56.1′E,8 km,2.1,震度１,37.67166667,139.935
2011/6/1,22:39:47,宮城県沖,38°08.9′N,141°46.3′E,54 km,4,震度１,38.14833333,141.7716667
2011/6/1,22:58:19,千葉県東方沖,35°43.7′N,140°54.4′E,12 km,3.1,震度１,35.72833333,140.9066667
2011/6/1,23:36:40,宮城県沖,38°17.6′N,141°54.0′E,47 km,3.8,震度１,38.29333333,141.9
2011/6/1,23:42:10,千葉県東方沖,35°24.9′N,140°24.1′E,50 km,2.9,震度１,35.415,140.4016667
2011/6/2,1:39:27,浦河沖,41°40.1′N,142°14.2′E,42 km,4.1,震度２,41.66833333,142.2366667
2011/6/2,3:37:00,岩手県沖,39°43.9′N,142°14.7′E,44 km,4.3,震度２,39.73166667,142.245
2011/6/2,4:11:11,秋田県内陸南部,39°36.1′N,140°32.2′E,6 km,2.1,震度１,39.60166667,140.5366667
2011/6/2,4:27:00,茨城県北部,36°42.6′N,140°36.2′E,4 km,2.7,震度１,36.71,140.6033333
2011/6/2,4:57:45,福島県浜通り,37°04.3′N,140°48.1′E,9 km,2.6,震度１,37.07166667,140.8016667
2011/6/2,4:57:56,栃木県北部,36°38.4′N,139°28.3′E,4 km,2.9,震度２,36.64,139.4716667
2011/6/2,5:27:13,千葉県東方沖,35°33.1′N,141°01.7′E,37 km,3.3,震度１,35.55166667,141.0283333
2011/6/2,5:33:29,岩手県沖,40°22.6′N,142°16.4′E,40 km,4.1,震度１,40.37666667,142.2733333
2011/6/2,7:06:41,岩手県沖,40°22.1′N,142°15.7′E,40 km,4.1,震度１,40.36833333,142.2616667
2011/6/2,7:17:06,宮城県沖,38°42.0′N,142°14.3′E,38 km,3.7,震度１,38.7,142.2383333
2011/6/2,9:29:44,宮城県沖,38°16.3′N,141°52.6′E,64 km,3.9,震度２,38.27166667,141.8766667
2011/6/2,10:28:19,福島県浜通り,36°57.4′N,140°42.2′E,17 km,3.9,震度２,36.95666667,140.7033333
2011/6/2,10:39:42,福島県浜通り,37°06.0′N,140°41.2′E,8 km,3,震度１,37.1,140.6866667
2011/6/2,11:03:56,宮城県沖,38°45.8′N,142°10.5′E,37 km,3.5,震度１,38.76333333,142.175
2011/6/2,11:15:38,宮城県沖,38°10.2′N,141°45.4′E,55 km,4,震度２,38.17,141.7566667
2011/6/2,11:33:48,新潟県中越地方,37°01.0′N,138°42.3′E,6 km,4.7,震度５強,37.01666667,138.705
2011/6/2,11:36:29,新潟県中越地方,37°02.6′N,138°42.7′E,12 km,2.9,震度３,37.04333333,138.7116667
2011/6/2,11:49:36,新潟県中越地方,37°02.1′N,138°42.6′E,9 km,1.7,震度１,37.035,138.71
2011/6/2,11:51:05,新潟県中越地方,37°02.1′N,138°42.2′E,6 km,2.1,震度２,37.035,138.7033333
2011/6/2,11:53:56,新潟県中越地方,37°01.5′N,138°42.6′E,9 km,1.7,震度１,37.025,138.71
2011/6/2,12:18:30,宮城県沖,38°20.1′N,141°53.3′E,63 km,3.5,震度１,38.335,141.8883333
2011/6/2,12:51:03,新潟県中越地方,37°02.5′N,138°42.4′E,8 km,4.1,震度４,37.04166667,138.7066667
2011/6/2,12:56:56,新潟県中越地方,37°02.3′N,138°42.9′E,9 km,1.9,震度１,37.03833333,138.715
2011/6/2,13:36:00,岐阜県美濃東部,35°26.2′N,137°23.3′E,7 km,2.6,震度１,35.43666667,137.3883333
2011/6/2,14:47:52,茨城県北部,36°49.5′N,140°35.1′E,7 km,4.2,震度２,36.825,140.585
2011/6/2,16:01:50,新潟県中越地方,37°01.7′N,138°41.5′E,8 km,3.4,震度４,37.02833333,138.6916667
2011/6/2,16:02:44,新潟県中越地方,37°01.9′N,138°41.7′E,11 km,2.3,震度２,37.03166667,138.695
2011/6/2,16:06:50,新潟県中越地方,37°02.3′N,138°41.5′E,11 km,1.7,震度１,37.03833333,138.6916667
2011/6/2,16:06:50,宮城県中部,38°19.1′N,140°41.8′E,11 km,2.5,震度１,38.31833333,140.6966667
2011/6/2,17:42:20,長野県北部,36°57.8′N,138°35.5′E,6 km,2.3,震度３,36.96333333,138.5916667
2011/6/2,18:33:15,新潟県中越地方,37°01.7′N,138°41.7′E,8 km,1.7,震度１,37.02833333,138.695
2011/6/2,19:49:06,福島県沖,37°05.9′N,141°07.7′E,52 km,3,震度１,37.09833333,141.1283333
2011/6/2,20:22:36,岩手県沖,39°07.6′N,142°25.2′E,32 km,3.9,震度１,39.12666667,142.42
2011/6/2,20:26:43,岩手県沖,39°08.0′N,142°24.1′E,34 km,3.9,震度１,39.13333333,142.4016667
2011/6/2,21:00:08,富山県東部,36°28.8′N,137°38.2′E,1 km,3.8,震度２,36.48,137.6366667
2011/6/2,21:17:37,宮城県沖,38°32.5′N,141°43.3′E,54 km,3.3,震度１,38.54166667,141.7216667
2011/6/2,21:30:33,宮城県沖,38°25.0′N,141°50.6′E,58 km,3.4,震度１,38.41666667,141.8433333
2011/6/2,23:28:06,千葉県北西部,35°39.2′N,140°10.9′E,69 km,3.5,震度１,35.65333333,140.1816667
2011/6/2,23:37:50,福島県沖,37°30.6′N,142°43.0′E,31 km,4.9,震度２,37.51,142.7166667
2011/6/2,23:41:36,福島県中通り,37°05.7′N,140°35.4′E,7 km,3.8,震度３,37.095,140.59
2011/6/3,1:14:58,宮城県沖,38°25.9′N,141°49.0′E,57 km,3.8,震度２,38.43166667,141.8166667
2011/6/3,1:40:43,新潟県中越地方,37°02.7′N,138°42.1′E,10 km,1.7,震度１,37.045,138.7016667
2011/6/3,2:36:27,新潟県中越地方,37°01.6′N,138°42.8′E,7 km,1.5,震度１,37.02666667,138.7133333
2011/6/3,3:13:30,新潟県中越地方,37°01.5′N,138°42.8′E,7 km,2.2,震度１,37.025,138.7133333
2011/6/3,3:24:43,三宅島近海,34°06.1′N,139°32.1′E,0 km,2.1,震度１,34.10166667,139.535
2011/6/3,3:25:47,新潟県中越地方,37°01.1′N,138°41.6′E,7 km,1.8,震度１,37.01833333,138.6933333
2011/6/3,4:22:51,新潟県中越地方,37°02.5′N,138°42.5′E,9 km,2.2,震度２,37.04166667,138.7083333
2011/6/3,4:35:43,新潟県中越地方,37°02.5′N,138°42.4′E,9 km,2.1,震度１,37.04166667,138.7066667
2011/6/3,4:57:54,紀伊水道,34°11.2′N,135°03.3′E,11 km,2.7,震度１,34.18666667,135.055
2011/6/3,5:05:21,福島県中通り,37°03.5′N,140°36.2′E,3 km,3,震度１,37.05833333,140.6033333
2011/6/3,5:07:34,福島県沖,37°18.9′N,141°16.7′E,50 km,3.3,震度１,37.315,141.2783333
2011/6/3,5:25:31,宮城県沖,37°51.1′N,142°12.3′E,32 km,4.1,震度１,37.85166667,142.205
2011/6/3,7:15:56,岩手県沖,39°08.0′N,142°24.6′E,34 km,4.3,震度１,39.13333333,142.41
2011/6/3,7:36:32,福島県沖,37°06.0′N,141°14.4′E,30 km,3.2,震度１,37.1,141.24
2011/6/3,7:46:52,神奈川県西部,35°13.3′N,139°01.1′E,5 km,2.6,震度１,35.22166667,139.0183333
2011/6/3,8:04:36,秋田県内陸南部,39°36.8′N,140°38.2′E,4 km,2.9,震度１,39.61333333,140.6366667
2011/6/3,8:33:49,岩手県沖,40°22.6′N,142°16.1′E,40 km,3.9,震度１,40.37666667,142.2683333
2011/6/3,8:38:06,岩手県沖,39°03.8′N,142°23.1′E,32 km,3.9,震度１,39.06333333,142.385
2011/6/3,9:05:03,福島県沖,37°18.1′N,143°49.9′E,57 km,6.1,震度３,37.30166667,143.8316667
2011/6/3,9:29:33,福島県沖,36°53.1′N,141°03.6′E,50 km,3.4,震度１,36.885,141.06
2011/6/3,10:33:28,茨城県南部,35°58.8′N,140°09.4′E,62 km,4.5,震度３,35.98,140.1566667
2011/6/3,10:59:04,新潟県中越地方,37°02.5′N,138°42.4′E,9 km,2.8,震度２,37.04166667,138.7066667
2011/6/3,11:05:41,福島県浜通り,37°04.7′N,140°48.4′E,8 km,2.7,震度１,37.07833333,140.8066667
2011/6/3,12:21:17,茨城県北部,36°45.0′N,140°37.2′E,7 km,3,震度１,36.75,140.62
2011/6/3,14:31:15,千葉県東方沖,35°33.7′N,141°03.6′E,36 km,3.5,震度１,35.56166667,141.06
2011/6/3,14:52:00,宮城県中部,38°19.1′N,140°41.2′E,11 km,2.4,震度１,38.31833333,140.6866667
2011/6/3,15:42:36,宮城県中部,38°19.2′N,140°41.3′E,12 km,3.4,震度３,38.32,140.6883333
2011/6/3,16:07:18,福島県沖,36°59.7′N,141°10.6′E,30 km,3.6,震度２,36.995,141.1766667
2011/6/3,17:21:01,京都府南部,35°00.2′N,135°35.1′E,10 km,3.1,震度１,35.00333333,135.585
2011/6/3,20:22:59,福島県沖,37°04.8′N,141°06.0′E,51 km,3.1,震度１,37.08,141.1
2011/6/3,20:44:41,宮崎県南部山沿い,31°58.5′N,130°59.2′E,10 km,2.1,震度１,31.975,130.9866667
2011/6/3,21:44:39,福島県沖,37°16.7′N,141°28.1′E,36 km,4.2,震度２,37.27833333,141.4683333
2011/6/3,22:56:07,茨城県北部,36°46.1′N,140°33.9′E,8 km,3.2,震度１,36.76833333,140.565
2011/6/4,1:00:14,福島県沖,36°59.4′N,141°12.6′E,30 km,5.5,震度５弱,36.99,141.21
2011/6/4,1:19:17,福島県沖,37°00.5′N,141°11.3′E,27 km,3.4,震度１,37.00833333,141.1883333
2011/6/4,1:57:31,島根県東部,35°05.7′N,132°40.2′E,11 km,5.2,震度４,35.095,132.67
2011/6/4,2:03:23,島根県西部,35°06.2′N,132°39.9′E,10 km,3.7,震度２,35.10333333,132.665
2011/6/4,2:53:36,福島県浜通り,37°07.1′N,140°50.6′E,7 km,2.7,震度１,37.11833333,140.8433333
2011/6/4,3:56:52,新潟県中越地方,37°01.2′N,138°42.3′E,7 km,3.2,震度３,37.02,138.705
2011/6/4,4:03:18,新潟県中越地方,37°00.7′N,138°42.0′E,4 km,1.9,震度２,37.01166667,138.7
2011/6/4,5:03:15,新潟県中越地方,37°01.3′N,138°42.3′E,5 km,2.2,震度１,37.02166667,138.705
2011/6/4,5:29:29,福島県沖,36°59.7′N,141°09.4′E,30 km,3.3,震度１,36.995,141.1566667
2011/6/4,5:31:08,新潟県中越地方,37°01.1′N,138°41.6′E,10 km,1.5,震度１,37.01833333,138.6933333
2011/6/4,6:15:47,浦河沖,41°40.7′N,142°13.3′E,38 km,3.7,震度１,41.67833333,142.2216667
2011/6/4,8:26:09,島根県西部,35°06.4′N,132°39.8′E,10 km,2.6,震度１,35.10666667,132.6633333
2011/6/4,9:03:32,根室地方北部,43°29.5′N,144°51.0′E,135 km,3.7,震度２,43.49166667,144.85
2011/6/4,9:03:34,福島県沖,37°16.1′N,141°28.7′E,36 km,4.3,震度２,37.26833333,141.4783333
2011/6/4,9:18:44,長野県北部,36°49.6′N,138°36.4′E,1 km,2.7,震度１,36.82666667,138.6066667
2011/6/4,9:40:28,宮城県沖,38°24.9′N,142°09.6′E,32 km,3.9,震度１,38.415,142.16
2011/6/4,10:35:39,福島県浜通り,36°59.0′N,140°50.3′E,14 km,3.4,震度１,36.98333333,140.8383333
2011/6/4,10:41:10,福島県沖,37°00.2′N,141°11.6′E,28 km,4.1,震度２,37.00333333,141.1933333
2011/6/4,11:27:47,新潟県中越地方,37°01.1′N,138°42.1′E,8 km,1.7,震度１,37.01833333,138.7016667
2011/6/4,12:00:18,茨城県沖,36°30.3′N,140°56.5′E,14 km,3.9,震度２,36.505,140.9416667
2011/6/4,12:32:58,秋田県内陸北部,40°14.4′N,140°22.8′E,13 km,4.1,震度３,40.24,140.38
2011/6/4,12:37:16,宮城県沖,38°16.3′N,141°15.9′E,76 km,4.4,震度３,38.27166667,141.265
2011/6/4,15:29:42,宮城県沖,38°01.4′N,141°30.7′E,62 km,3.8,震度２,38.02333333,141.5116667
2011/6/4,16:19:35,福島県沖,37°17.5′N,141°35.5′E,45 km,3.7,震度１,37.29166667,141.5916667
2011/6/4,16:35:53,新潟県中越地方,37°00.6′N,138°41.5′E,1 km,1.5,震度１,37.01,138.6916667
2011/6/4,16:53:51,福島県沖,37°00.0′N,141°09.8′E,30 km,3.3,震度１,37,141.1633333
2011/6/4,17:57:01,新潟県中越地方,37°02.7′N,138°42.7′E,10 km,1.6,震度１,37.045,138.7116667
2011/6/4,18:02:40,島根県東部,35°05.4′N,132°40.2′E,10 km,2.5,震度１,35.09,132.67
2011/6/4,18:28:14,宮城県沖,38°11.4′N,141°28.6′E,65 km,3.3,震度１,38.19,141.4766667
2011/6/4,20:01:36,釧路地方北部,43°31.0′N,144°30.5′E,143 km,4.4,震度２,43.51666667,144.5083333
2011/6/5,1:31:19,島根県東部,35°05.2′N,132°40.4′E,10 km,3.3,震度２,35.08666667,132.6733333
2011/6/5,1:37:56,岩手県沖,39°05.5′N,142°08.6′E,45 km,3.9,震度２,39.09166667,142.1433333
2011/6/5,4:08:03,福島県沖,37°11.4′N,141°21.9′E,49 km,3.4,震度１,37.19,141.365
2011/6/5,5:23:13,千葉県北西部,35°30.8′N,140°08.3′E,22 km,2.8,震度１,35.51333333,140.1383333
2011/6/5,6:14:07,茨城県沖,35°52.7′N,141°16.8′E,41 km,4.4,震度２,35.87833333,141.28
2011/6/5,8:17:46,福島県浜通り,37°07.2′N,140°50.5′E,6 km,2.4,震度１,37.12,140.8416667
2011/6/5,9:16:58,茨城県沖,36°31.2′N,140°55.8′E,14 km,3.9,震度２,36.52,140.93
2011/6/5,9:27:51,紀伊水道,34°11.2′N,135°03.2′E,11 km,2.7,震度１,34.18666667,135.0533333
2011/6/5,9:40:03,西表島付近,24°21.2′N,123°40.4′E,16 km,2.8,震度１,24.35333333,123.6733333
2011/6/5,9:57:28,茨城県北部,36°43.7′N,140°35.2′E,8 km,2.8,震度１,36.72833333,140.5866667
2011/6/5,10:06:08,島根県東部,35°05.3′N,132°40.3′E,10 km,3.3,震度２,35.08833333,132.6716667
2011/6/5,10:22:04,千葉県北東部,35°42.3′N,140°38.5′E,48 km,3.5,震度２,35.705,140.6416667
2011/6/5,11:17:06,福島県沖,37°28.0′N,141°40.2′E,46 km,3.9,震度２,37.46666667,141.67
2011/6/5,12:55:43,西表島付近,24°21.2′N,123°40.6′E,16 km,2.5,震度１,24.35333333,123.6766667
2011/6/5,17:19:03,福島県浜通り,37°06.9′N,140°49.9′E,8 km,3.3,震度２,37.115,140.8316667
2011/6/5,17:22:13,福島県浜通り,37°06.8′N,140°49.6′E,7 km,3.3,震度２,37.11333333,140.8266667
2011/6/5,17:32:39,福島県浜通り,37°06.7′N,140°49.3′E,7 km,3.5,震度２,37.11166667,140.8216667
2011/6/5,18:10:39,福島県浜通り,37°05.1′N,140°47.8′E,6 km,3.4,震度２,37.085,140.7966667
2011/6/5,18:17:34,淡路島付近,34°30.9′N,134°54.3′E,9 km,2.6,震度１,34.515,134.905
2011/6/5,18:30:46,熊本県熊本地方,32°27.3′N,130°36.7′E,10 km,2.9,震度１,32.455,130.6116667
2011/6/5,18:34:47,茨城県南部,35°58.9′N,140°09.1′E,59 km,3.1,震度１,35.98166667,140.1516667
2011/6/5,19:43:25,日高地方東部,42°18.8′N,143°03.0′E,50 km,3.6,震度１,42.31333333,143.05
2011/6/5,19:46:06,福島県浜通り,36°55.2′N,140°44.0′E,14 km,3.9,震度２,36.92,140.7333333
2011/6/5,20:16:37,福島県浜通り,37°03.0′N,140°46.3′E,11 km,4.4,震度３,37.05,140.7716667
2011/6/5,20:28:39,宮城県沖,38°47.1′N,141°37.4′E,68 km,3.6,震度１,38.785,141.6233333
2011/6/5,20:36:51,福島県浜通り,37°03.9′N,140°46.3′E,10 km,3.7,震度２,37.065,140.7716667
2011/6/5,21:12:43,宮城県沖,38°20.2′N,141°46.5′E,51 km,3.3,震度１,38.33666667,141.775
2011/6/5,22:56:14,宮城県中部,38°19.3′N,140°41.6′E,12 km,2.2,震度１,38.32166667,140.6933333
2011/6/5,23:14:15,茨城県南部,36°05.3′N,139°58.9′E,46 km,3.1,震度１,36.08833333,139.9816667
2011/6/5,23:31:45,福島県沖,37°30.8′N,141°41.9′E,38 km,4.1,震度１,37.51333333,141.6983333
2011/6/6,1:36:19,福島県沖,37°05.4′N,141°08.8′E,30 km,3.5,震度１,37.09,141.1466667
2011/6/6,3:39:53,福島県浜通り,37°07.2′N,140°44.4′E,2 km,1.7,震度１,37.12,140.74
2011/6/6,4:19:01,熊本県天草・芦北地方,32°19.4′N,130°31.8′E,8 km,2.4,震度１,32.32333333,130.53
2011/6/6,6:36:35,新潟県中越地方,37°03.0′N,138°38.4′E,11 km,2.4,震度１,37.05,138.64
2011/6/6,6:37:50,宮城県沖,38°25.5′N,142°11.8′E,35 km,3.6,震度１,38.425,142.1966667
2011/6/6,7:59:23,岐阜県飛騨地方,36°01.7′N,137°34.0′E,8 km,2.4,震度１,36.02833333,137.5666667
2011/6/6,10:15:52,新潟県中越地方,37°03.9′N,138°43.5′E,6 km,2.2,震度１,37.065,138.725
2011/6/6,12:00:05,宮城県沖,38°19.2′N,142°12.9′E,40 km,4,震度２,38.32,142.215
2011/6/6,13:21:04,岐阜県飛騨地方,36°06.2′N,137°28.4′E,7 km,2.5,震度１,36.10333333,137.4733333
2011/6/6,15:20:53,福島県沖,37°11.6′N,141°22.6′E,49 km,3.9,震度１,37.19333333,141.3766667
2011/6/6,18:11:41,千葉県東方沖,35°27.2′N,140°54.5′E,23 km,3.2,震度１,35.45333333,140.9083333
2011/6/6,19:24:16,岐阜県飛騨地方,36°06.2′N,137°28.3′E,8 km,4.1,震度３,36.10333333,137.4716667
2011/6/6,21:36:11,茨城県南部,36°06.8′N,139°59.3′E,68 km,3.5,震度１,36.11333333,139.9883333
2011/6/6,21:46:54,茨城県南部,36°06.7′N,139°59.2′E,68 km,3,震度１,36.11166667,139.9866667
2011/6/7,2:10:46,岐阜県美濃東部,35°26.3′N,137°23.4′E,7 km,2.8,震度１,35.43833333,137.39
2011/6/7,3:11:56,福島県浜通り,37°07.4′N,140°50.7′E,5 km,2.6,震度１,37.12333333,140.845
2011/6/7,3:52:21,福島県沖,37°35.2′N,143°38.4′E,45 km,4.9,震度１,37.58666667,143.64
2011/6/7,5:10:27,福島県沖,37°46.3′N,141°36.0′E,48 km,4.6,震度３,37.77166667,141.6
2011/6/7,5:37:15,福島県沖,37°26.3′N,141°28.9′E,39 km,3.6,震度２,37.43833333,141.4816667
2011/6/7,5:53:46,福島県中通り,37°01.8′N,140°34.8′E,8 km,2.8,震度１,37.03,140.58
2011/6/7,7:25:47,宮城県中部,38°19.1′N,140°41.4′E,13 km,2.6,震度１,38.31833333,140.69
2011/6/7,12:41:42,茨城県沖,36°27.7′N,140°49.7′E,25 km,3.2,震度１,36.46166667,140.8283333
2011/6/7,13:02:32,岩手県沖,40°21.1′N,142°04.8′E,50 km,3.9,震度２,40.35166667,142.08
2011/6/7,17:06:47,三陸沖,38°02.1′N,142°48.2′E,18 km,4.3,震度１,38.035,142.8033333
2011/6/7,18:22:21,福島県浜通り,36°54.4′N,140°39.5′E,7 km,3.5,震度１,36.90666667,140.6583333
2011/6/7,18:45:06,宮城県沖,38°19.5′N,142°05.6′E,35 km,3.9,震度１,38.325,142.0933333
2011/6/7,19:06:41,茨城県沖,36°00.2′N,141°12.0′E,35 km,3.8,震度１,36.00333333,141.2
2011/6/7,19:18:13,福島県沖,37°25.7′N,141°42.7′E,27 km,4.2,震度１,37.42833333,141.7116667
2011/6/8,0:44:23,福島県沖,37°12.0′N,141°22.9′E,48 km,3.8,震度２,37.2,141.3816667
2011/6/8,3:30:42,宮城県沖,38°37.1′N,141°54.4′E,48 km,3.8,震度２,38.61833333,141.9066667
2011/6/8,3:48:56,宮城県沖,38°16.4′N,141°49.3′E,56 km,3.7,震度１,38.27333333,141.8216667
2011/6/8,6:36:53,愛媛県東予,33°57.8′N,132°58.6′E,40 km,3.8,震度２,33.96333333,132.9766667
2011/6/8,6:53:19,福島県沖,37°14.0′N,141°13.1′E,35 km,3.5,震度２,37.23333333,141.2183333
2011/6/8,7:46:46,茨城県沖,36°46.0′N,141°09.0′E,41 km,3.2,震度１,36.76666667,141.15
2011/6/8,8:09:04,福島県沖,37°05.9′N,141°08.6′E,51 km,3.6,震度２,37.09833333,141.1433333
2011/6/8,9:30:16,宮城県沖,38°33.4′N,141°41.4′E,55 km,2.9,震度１,38.55666667,141.69
2011/6/8,10:02:45,福島県浜通り,37°11.4′N,140°53.9′E,8 km,2.6,震度１,37.19,140.8983333
2011/6/8,15:34:11,宮城県沖,38°15.1′N,141°55.3′E,46 km,2.8,震度１,38.25166667,141.9216667
2011/6/8,16:53:46,青森県東方沖,41°18.7′N,142°40.0′E,38 km,4.1,震度１,41.31166667,142.6666667
2011/6/8,21:27:01,福島県沖,37°15.4′N,141°11.3′E,35 km,3.5,震度１,37.25666667,141.1883333
2011/6/9,3:18:19,長野県南部,35°54.3′N,137°38.4′E,7 km,2.9,震度２,35.905,137.64
2011/6/9,7:11:14,岩手県沖,39°02.4′N,142°26.5′E,34 km,5,震度４,39.04,142.4416667
2011/6/9,9:12:07,宮古島近海,25°00.5′N,125°56.8′E,61 km,4.4,震度１,25.00833333,125.9466667
2011/6/9,9:49:02,福島県浜通り,36°55.5′N,140°40.1′E,9 km,3.3,震度１,36.925,140.6683333
2011/6/9,11:55:28,茨城県北部,36°47.9′N,140°34.1′E,17 km,3.1,震度１,36.79833333,140.5683333
2011/6/9,13:22:10,石川県加賀地方,36°20.8′N,136°44.5′E,7 km,2.7,震度１,36.34666667,136.7416667
2011/6/9,13:33:37,石川県加賀地方,36°20.8′N,136°44.4′E,7 km,3.7,震度３,36.34666667,136.74
2011/6/9,13:47:11,秋田県内陸南部,39°36.6′N,140°38.0′E,4 km,3.6,震度３,39.61,140.6333333
2011/6/9,15:22:59,長野県北部,36°44.1′N,138°08.8′E,0 km,1.7,震度１,36.735,138.1466667
2011/6/9,16:20:40,福島県会津,37°40.4′N,139°56.5′E,9 km,2.7,震度１,37.67333333,139.9416667
2011/6/9,19:26:03,福島県沖,37°13.5′N,142°16.6′E,22 km,5.2,震度２,37.225,142.2766667
2011/6/9,19:38:33,茨城県沖,36°29.8′N,140°58.2′E,13 km,5.7,震度４,36.49666667,140.97
2011/6/9,20:20:51,奄美大島近海,28°18.0′N,129°33.6′E,26 km,3.9,震度２,28.3,129.56
2011/6/9,22:26:12,茨城県北部,36°43.2′N,140°35.4′E,7 km,2.8,震度１,36.72,140.59
2011/6/9,23:33:27,福島県浜通り,37°05.6′N,140°49.0′E,8 km,2.6,震度１,37.09333333,140.8166667
2011/6/9,23:54:43,福島県沖,37°26.7′N,141°31.0′E,42 km,3.8,震度１,37.445,141.5166667
2011/6/10,0:40:56,宮城県沖,37°53.7′N,141°39.1′E,49 km,4.4,震度２,37.895,141.6516667
2011/6/10,3:15:53,岩手県沖,40°09.1′N,142°23.7′E,37 km,4.7,震度３,40.15166667,142.395
2011/6/10,3:34:01,浦河沖,42°01.9′N,142°33.5′E,62 km,3.5,震度１,42.03166667,142.5583333
2011/6/10,4:47:57,宮城県中部,38°18.9′N,140°41.8′E,12 km,2.4,震度１,38.315,140.6966667
2011/6/10,4:54:04,岩手県沖,39°42.3′N,142°07.8′E,48 km,3.7,震度１,39.705,142.13
2011/6/10,5:30:06,福島県沖,37°47.8′N,142°26.0′E,42 km,4.3,震度１,37.79666667,142.4333333
2011/6/10,5:44:16,千葉県北東部,35°44.2′N,140°50.5′E,14 km,3.5,震度１,35.73666667,140.8416667
2011/6/10,5:51:25,茨城県沖,36°13.7′N,141°31.5′E,53 km,4.5,震度１,36.22833333,141.525
2011/6/10,6:03:16,千葉県北東部,35°44.1′N,140°50.0′E,13 km,3.8,震度２,35.735,140.8333333
2011/6/10,6:44:23,福島県沖,37°46.9′N,141°34.1′E,49 km,3.7,震度１,37.78166667,141.5683333
2011/6/10,7:06:00,岩手県内陸南部,39°02.2′N,141°27.8′E,78 km,3.4,震度１,39.03666667,141.4633333
2011/6/10,7:15:27,福島県浜通り,37°07.1′N,140°50.8′E,7 km,2.2,震度１,37.11833333,140.8466667
2011/6/10,7:26:59,福島県中通り,37°05.3′N,140°35.1′E,13 km,3,震度２,37.08833333,140.585
2011/6/10,7:50:20,福島県中通り,37°05.3′N,140°35.1′E,14 km,2.9,震度１,37.08833333,140.585
2011/6/10,8:14:11,宮城県沖,38°33.6′N,141°41.7′E,53 km,2.8,震度１,38.56,141.695
2011/6/10,10:18:17,宮城県沖,38°35.2′N,142°06.1′E,50 km,3.5,震度１,38.58666667,142.1016667
2011/6/10,14:24:40,山形県置賜地方,37°48.3′N,140°00.6′E,9 km,2.9,震度１,37.805,140.01
2011/6/10,15:07:54,宮城県沖,38°27.7′N,141°54.2′E,55 km,3.2,震度１,38.46166667,141.9033333
2011/6/10,16:13:55,岩手県沖,39°01.5′N,142°24.0′E,31 km,3.3,震度１,39.025,142.4
2011/6/10,17:06:52,福島県沖,36°58.3′N,141°12.7′E,32 km,3.2,震度１,36.97166667,141.2116667
2011/6/10,17:18:30,茨城県沖,36°28.7′N,140°59.2′E,19 km,4.4,震度３,36.47833333,140.9866667
2011/6/10,19:10:19,福島県沖,37°26.2′N,141°19.4′E,26 km,3.2,震度１,37.43666667,141.3233333
2011/6/10,19:11:34,福島県沖,37°02.5′N,141°11.9′E,28 km,3.4,震度１,37.04166667,141.1983333
2011/6/10,21:13:25,福島県中通り,37°06.1′N,140°36.2′E,11 km,3.2,震度１,37.10166667,140.6033333
2011/6/10,22:39:45,宮城県沖,38°37.1′N,141°54.2′E,48 km,4.4,震度３,38.61833333,141.9033333
2011/6/10,22:42:06,福島県沖,37°22.5′N,141°35.1′E,19 km,4.7,震度１,37.375,141.585
2011/6/11,0:35:08,福島県沖,37°16.5′N,141°14.9′E,37 km,3.6,震度２,37.275,141.2483333
2011/6/11,0:40:55,福島県浜通り,36°56.2′N,140°41.0′E,11 km,3.9,震度２,36.93666667,140.6833333
2011/6/11,2:34:26,宮城県沖,38°48.3′N,141°40.2′E,72 km,3.1,震度１,38.805,141.67
2011/6/11,3:33:21,福島県沖,36°44.6′N,142°15.2′E,25 km,4.7,震度１,36.74333333,142.2533333
2011/6/11,4:20:22,福島県中通り,37°06.2′N,140°36.3′E,11 km,3.1,震度１,37.10333333,140.605
2011/6/11,6:22:31,茨城県沖,36°30.9′N,140°56.1′E,16 km,3.8,震度１,36.515,140.935
2011/6/11,6:23:49,福島県沖,37°24.7′N,141°23.9′E,46 km,3.9,震度２,37.41166667,141.3983333
2011/6/11,6:40:10,岩手県沖,39°06.8′N,142°25.8′E,23 km,3.9,震度１,39.11333333,142.43
2011/6/11,7:18:55,広島県北部,34°59.0′N,132°48.5′E,8 km,2.7,震度１,34.98333333,132.8083333
2011/6/11,7:35:54,宮城県沖,38°21.8′N,142°13.3′E,36 km,5,震度３,38.36333333,142.2216667
2011/6/11,8:20:46,福島県沖,37°14.6′N,141°18.8′E,34 km,3.9,震度２,37.24333333,141.3133333
2011/6/11,9:02:36,留萌地方南部,43°47.8′N,141°35.1′E,8 km,2,震度１,43.79666667,141.585
2011/6/11,11:08:32,宮城県沖,38°26.4′N,142°13.5′E,29 km,4,震度２,38.44,142.225
2011/6/11,13:50:03,福島県沖,36°52.8′N,141°03.7′E,50 km,3.7,震度１,36.88,141.0616667
2011/6/11,15:18:55,茨城県沖,35°54.9′N,141°00.9′E,19 km,4.3,震度２,35.915,141.015
2011/6/11,15:34:14,福島県浜通り,36°56.8′N,140°39.8′E,5 km,4.2,震度２,36.94666667,140.6633333
2011/6/11,18:04:57,福島県沖,37°35.7′N,142°45.4′E,7 km,4.5,震度１,37.595,142.7566667
2011/6/11,22:20:04,秋田県内陸南部,39°36.7′N,140°38.3′E,4 km,2.9,震度２,39.61166667,140.6383333
2011/6/11,23:25:26,秋田県内陸南部,39°36.7′N,140°38.8′E,5 km,2.9,震度１,39.61166667,140.6466667
2011/6/12,1:54:03,福島県会津,37°40.2′N,139°56.1′E,8 km,3.2,震度２,37.67,139.935
2011/6/12,2:30:33,千葉県東方沖,35°43.1′N,140°54.9′E,12 km,2.7,震度１,35.71833333,140.915
2011/6/12,3:41:10,青森県東方沖,40°45.4′N,142°39.5′E,25 km,4,震度１,40.75666667,142.6583333
2011/6/12,5:08:58,福島県沖,37°12.9′N,141°12.6′E,21 km,4.5,震度４,37.215,141.21
2011/6/12,6:16:49,福島県浜通り,37°05.8′N,140°41.4′E,9 km,3.2,震度２,37.09666667,140.69
2011/6/12,9:27:46,岩手県沖,39°37.2′N,142°06.4′E,48 km,3,震度１,39.62,142.1066667
2011/6/12,9:37:56,千葉県東方沖,35°47.1′N,140°53.0′E,11 km,4.4,震度３,35.785,140.8833333
2011/6/12,11:17:45,福島県沖,37°08.6′N,141°10.6′E,30 km,3.4,震度１,37.14333333,141.1766667
2011/6/12,12:11:53,新潟県中越地方,37°01.1′N,138°42.2′E,8 km,2.5,震度２,37.01833333,138.7033333
2011/6/12,12:51:12,宮城県沖,37°53.4′N,141°55.5′E,41 km,3.9,震度１,37.89,141.925
2011/6/12,17:09:45,茨城県沖,36°24.7′N,141°04.8′E,47 km,4.6,震度３,36.41166667,141.08
2011/6/12,17:26:55,福島県中通り,36°50.9′N,140°31.6′E,8 km,3.3,震度１,36.84833333,140.5266667
2011/6/12,17:27:47,福島県中通り,36°51.0′N,140°31.5′E,7 km,3.6,震度２,36.85,140.525
2011/6/12,18:03:00,千葉県北西部,35°30.9′N,140°07.9′E,22 km,2.7,震度１,35.515,140.1316667
2011/6/12,18:14:45,新潟県中越地方,37°01.6′N,138°41.5′E,8 km,2.1,震度１,37.02666667,138.6916667
2011/6/12,20:33:09,トカラ列島近海,29°08.4′N,129°12.1′E,11 km,2.7,震度２,29.14,129.2016667
2011/6/12,21:57:53,茨城県沖,36°14.1′N,141°45.2′E,29 km,4.9,震度２,36.235,141.7533333
2011/6/12,22:34:00,茨城県北部,36°47.4′N,140°32.4′E,8 km,3.5,震度２,36.79,140.54
2011/6/13,0:30:23,宮城県沖,38°12.3′N,141°37.2′E,59 km,3.7,震度１,38.205,141.62
2011/6/13,1:01:52,岩手県沖,39°20.0′N,142°29.0′E,52 km,3.9,震度１,39.33333333,142.4833333
2011/6/13,1:02:19,東京都２３区,35°36.0′N,139°43.9′E,39 km,2.9,震度１,35.6,139.7316667
2011/6/13,1:53:45,岐阜県飛騨地方,36°05.3′N,137°30.1′E,8 km,3.2,震度２,36.08833333,137.5016667
2011/6/13,3:31:22,茨城県沖,36°29.2′N,140°56.5′E,17 km,4.4,震度２,36.48666667,140.9416667
2011/6/13,5:22:49,宮城県沖,38°41.9′N,141°48.2′E,53 km,3.9,震度３,38.69833333,141.8033333
2011/6/13,5:36:12,和歌山県北部,34°00.7′N,135°27.6′E,58 km,3,震度１,34.01166667,135.46
2011/6/13,5:48:14,奄美大島近海,28°00.0′N,130°15.4′E,35 km,4.6,震度３,28,130.2566667
2011/6/13,6:08:15,苫小牧沖,41°46.9′N,141°26.7′E,91 km,3.1,震度１,41.78166667,141.445
2011/6/13,9:08:31,千葉県北西部,35°37.2′N,140°09.2′E,65 km,3.3,震度１,35.62,140.1533333
2011/6/13,11:30:39,紀伊水道,34°02.9′N,135°07.5′E,6 km,2.3,震度１,34.04833333,135.125
2011/6/13,13:17:33,長野県南部,35°56.1′N,137°38.9′E,9 km,2.8,震度１,35.935,137.6483333
2011/6/13,13:53:45,石川県加賀地方,36°20.8′N,136°44.4′E,8 km,3.3,震度２,36.34666667,136.74
2011/6/13,13:58:42,福島県会津,37°43.9′N,139°58.3′E,8 km,3.1,震度１,37.73166667,139.9716667
2011/6/13,15:50:29,三陸沖,39°56.8′N,143°13.6′E,16 km,5.1,震度２,39.94666667,143.2266667
2011/6/13,16:42:37,茨城県沖,36°19.4′N,141°02.8′E,47 km,3.6,震度１,36.32333333,141.0466667
2011/6/13,16:44:43,千葉県北東部,35°43.1′N,140°40.0′E,46 km,3.6,震度２,35.71833333,140.6666667
2011/6/13,17:01:45,千葉県北東部,35°43.7′N,140°40.7′E,49 km,3.3,震度１,35.72833333,140.6783333
2011/6/13,17:51:35,茨城県沖,36°32.4′N,140°40.6′E,16 km,3,震度２,36.54,140.6766667
2011/6/13,20:39:25,福島県沖,36°45.3′N,142°01.8′E,47 km,4.3,震度１,36.755,142.03
2011/6/13,22:38:47,福島県沖,37°17.1′N,141°13.5′E,14 km,3.8,震度１,37.285,141.225
2011/6/14,0:54:00,千葉県北東部,35°44.7′N,140°37.9′E,47 km,2.9,震度１,35.745,140.6316667
2011/6/14,1:20:16,宮城県沖,38°59.3′N,142°23.4′E,42 km,3.6,震度１,38.98833333,142.39
2011/6/14,1:49:47,福島県沖,36°40.8′N,142°01.7′E,36 km,4.7,震度１,36.68,142.0283333
2011/6/14,1:54:24,福島県中通り,36°57.3′N,140°34.6′E,7 km,3.1,震度１,36.955,140.5766667
2011/6/14,4:50:34,トカラ列島近海,29°12.4′N,129°11.3′E,13 km,2.4,震度１,29.20666667,129.1883333
2011/6/14,5:01:39,トカラ列島近海,29°12.0′N,129°13.2′E,12 km,2.6,震度１,29.2,129.22
2011/6/14,5:14:25,トカラ列島近海,29°13.4′N,129°12.7′E,14 km,2.9,震度２,29.22333333,129.2116667
2011/6/14,5:59:35,福島県沖,37°20.1′N,141°19.7′E,33 km,4.4,震度２,37.335,141.3283333
2011/6/14,9:16:20,大阪府北部,34°56.7′N,135°36.0′E,10 km,2.7,震度１,34.945,135.6
2011/6/14,15:21:43,新潟県中越地方,37°02.0′N,138°41.7′E,11 km,1.4,震度１,37.03333333,138.695
2011/6/14,15:56:50,熊本県熊本地方,32°52.1′N,130°44.4′E,8 km,2.5,震度１,32.86833333,130.74
2011/6/14,17:01:06,岩手県沖,39°21.1′N,142°22.0′E,31 km,3.6,震度１,39.35166667,142.3666667
2011/6/14,18:23:59,福島県浜通り,37°00.9′N,140°46.2′E,8 km,3.1,震度１,37.015,140.77
2011/6/14,21:01:07,福島県沖,37°16.9′N,141°26.5′E,44 km,3.1,震度１,37.28166667,141.4416667
2011/6/14,21:48:55,釧路沖,43°07.0′N,145°21.6′E,73 km,5.1,震度４,43.11666667,145.36
2011/6/14,22:06:53,三陸沖,37°48.7′N,143°34.9′E,50 km,6,震度３,37.81166667,143.5816667
2011/6/14,23:56:00,岩手県沖,39°29.4′N,142°31.7′E,28 km,5.3,震度３,39.49,142.5283333
2011/6/15,1:51:40,岩手県内陸南部,39°02.6′N,140°52.3′E,5 km,3.8,震度２,39.04333333,140.8716667
2011/6/15,2:54:47,岩手県沖,39°30.0′N,142°33.1′E,28 km,4.6,震度２,39.5,142.5516667
2011/6/15,8:15:51,福島県浜通り,36°57.9′N,140°40.1′E,7 km,3.8,震度２,36.965,140.6683333
2011/6/15,12:51:53,茨城県北部,36°50.7′N,140°34.8′E,9 km,3.1,震度１,36.845,140.58
2011/6/15,13:12:11,宮城県沖,38°47.9′N,142°02.1′E,37 km,2.8,震度１,38.79833333,142.035
2011/6/15,14:40:24,茨城県沖,36°19.8′N,140°58.5′E,42 km,3.4,震度１,36.33,140.975
2011/6/15,15:07:50,宮城県沖,38°50.7′N,142°02.6′E,46 km,3.6,震度１,38.845,142.0433333
2011/6/15,15:10:50,千葉県東方沖,35°46.9′N,140°53.3′E,11 km,3.4,震度１,35.78166667,140.8883333
2011/6/15,16:42:09,茨城県沖,36°03.6′N,140°40.4′E,12 km,3.5,震度２,36.06,140.6733333
2011/6/15,20:32:42,北海道東方沖,43°20.7′N,146°57.9′E,38 km,3.9,震度１,43.345,146.965
2011/6/15,20:50:18,茨城県沖,36°18.3′N,140°50.4′E,48 km,3,震度１,36.305,140.84
2011/6/15,21:03:13,福島県沖,37°20.3′N,141°33.2′E,33 km,3.9,震度１,37.33833333,141.5533333
2011/6/15,21:05:56,福島県中通り,37°15.3′N,140°21.0′E,10 km,2.8,震度１,37.255,140.35
2011/6/15,21:48:27,宮城県沖,38°54.8′N,141°56.2′E,52 km,4,震度２,38.91333333,141.9366667
2011/6/16,0:16:33,宮城県沖,38°19.3′N,142°15.4′E,39 km,4.2,震度２,38.32166667,142.2566667
2011/6/16,0:36:33,宮城県沖,38°51.1′N,142°03.3′E,46 km,3.8,震度２,38.85166667,142.055
2011/6/16,0:56:43,茨城県北部,36°42.1′N,140°34.7′E,8 km,3.9,震度３,36.70166667,140.5783333
2011/6/16,10:55:48,福島県浜通り,37°07.9′N,140°47.5′E,4 km,1.7,震度１,37.13166667,140.7916667
2011/6/16,11:19:00,茨城県沖,36°29.6′N,140°56.8′E,12 km,4.5,震度１,36.49333333,140.9466667
2011/6/16,11:37:38,茨城県北部,36°25.5′N,140°36.3′E,54 km,3.3,震度１,36.425,140.605
2011/6/16,11:56:16,福島県会津,37°39.9′N,139°56.0′E,8 km,2.9,震度２,37.665,139.9333333
2011/6/16,12:13:05,福島県中通り,37°04.8′N,140°29.8′E,6 km,2.4,震度１,37.08,140.4966667
2011/6/16,14:10:56,長野県南部,35°56.4′N,137°37.6′E,8 km,2.3,震度１,35.94,137.6266667
2011/6/16,15:48:30,宮城県沖,38°43.8′N,141°42.2′E,52 km,3.5,震度１,38.73,141.7033333
2011/6/16,15:53:02,茨城県北部,36°43.1′N,140°37.3′E,5 km,4.2,震度３,36.71833333,140.6216667
2011/6/16,15:59:07,宮城県沖,38°26.9′N,141°50.9′E,56 km,3.6,震度１,38.44833333,141.8483333
2011/6/16,18:42:59,茨城県沖,36°26.6′N,140°38.2′E,53 km,3.2,震度１,36.44333333,140.6366667
2011/6/16,19:09:06,三陸沖,39°48.4′N,143°35.7′E,17 km,4.9,震度１,39.80666667,143.595
2011/6/16,23:32:21,島根県東部,35°05.7′N,132°40.0′E,9 km,3.9,震度３,35.095,132.6666667
2011/6/16,23:38:43,福島県沖,36°57.7′N,141°42.6′E,49 km,4.3,震度２,36.96166667,141.71
2011/6/17,4:00:13,千葉県東方沖,35°25.0′N,141°17.1′E,31 km,4.9,震度２,35.41666667,141.285
2011/6/17,5:52:35,福島県浜通り,37°06.0′N,140°47.7′E,8 km,2.4,震度１,37.1,140.795
2011/6/17,9:14:04,岩手県沖,39°04.0′N,142°24.6′E,32 km,4,震度１,39.06666667,142.41
2011/6/17,10:45:33,千葉県北西部,35°41.4′N,140°07.2′E,64 km,2.7,震度１,35.69,140.12
2011/6/17,11:23:45,宮城県中部,38°18.9′N,140°42.0′E,12 km,2.3,震度１,38.315,140.7
2011/6/17,12:27:00,茨城県北部,36°43.8′N,140°35.8′E,6 km,3.1,震度１,36.73,140.5966667
2011/6/17,12:36:27,茨城県北部,36°47.6′N,140°32.6′E,8 km,3.1,震度１,36.79333333,140.5433333
2011/6/17,12:50:58,茨城県北部,36°41.6′N,140°38.3′E,5 km,3.3,震度２,36.69333333,140.6383333
2011/6/17,13:48:32,千葉県東方沖,35°49.1′N,140°52.4′E,22 km,3.2,震度１,35.81833333,140.8733333
2011/6/17,15:27:12,福島県浜通り,36°59.0′N,140°44.3′E,10 km,2.8,震度１,36.98333333,140.7383333
2011/6/17,18:05:47,長野県北部,36°57.1′N,138°35.2′E,7 km,2.7,震度１,36.95166667,138.5866667
2011/6/17,19:29:08,広島県北部,34°59.0′N,132°48.8′E,7 km,2.8,震度２,34.98333333,132.8133333
2011/6/17,19:33:21,和歌山県北部,33°51.8′N,135°22.1′E,51 km,3.4,震度１,33.86333333,135.3683333
2011/6/17,21:09:07,日向灘,32°40.8′N,132°08.0′E,37 km,4.1,震度２,32.68,132.1333333
2011/6/17,21:58:54,千葉県北東部,35°52.3′N,140°29.1′E,35 km,2.9,震度１,35.87166667,140.485
2011/6/17,23:21:01,茨城県沖,36°30.8′N,140°56.0′E,16 km,3.7,震度１,36.51333333,140.9333333
2011/6/18,4:05:41,秋田県沿岸南部,39°30.8′N,140°15.3′E,9 km,1.9,震度１,39.51333333,140.255
2011/6/18,4:13:57,福島県沖,36°59.6′N,141°20.1′E,44 km,3.4,震度１,36.99333333,141.335
2011/6/18,4:21:56,茨城県北部,36°17.0′N,140°17.8′E,101 km,3.7,震度１,36.28333333,140.2966667
2011/6/18,4:48:24,岐阜県飛騨地方,36°09.3′N,137°26.1′E,7 km,3.8,震度３,36.155,137.435
2011/6/18,5:13:05,岩手県沖,40°08.9′N,142°03.5′E,60 km,3.7,震度２,40.14833333,142.0583333
2011/6/18,5:26:13,岐阜県飛騨地方,36°09.3′N,137°26.2′E,6 km,3.1,震度１,36.155,137.4366667
2011/6/18,5:48:44,宮城県中部,38°18.9′N,140°42.0′E,12 km,2.9,震度２,38.315,140.7
2011/6/18,6:27:34,岩手県内陸北部,40°11.8′N,141°21.8′E,9 km,2.6,震度２,40.19666667,141.3633333
2011/6/18,6:32:40,沖縄本島北西沖,26°33.5′N,126°21.5′E,114 km,4.4,震度１,26.55833333,126.3583333
2011/6/18,8:19:55,石川県加賀地方,36°20.7′N,136°44.0′E,7 km,3.3,震度２,36.345,136.7333333
2011/6/18,8:59:08,宮城県沖,38°20.3′N,141°50.8′E,48 km,3.4,震度１,38.33833333,141.8466667
2011/6/18,9:13:41,福島県沖,36°56.6′N,141°03.8′E,51 km,3.6,震度１,36.94333333,141.0633333
2011/6/18,9:17:44,福島県浜通り,36°54.5′N,140°40.2′E,7 km,3.5,震度１,36.90833333,140.67
2011/6/18,9:25:12,新潟県中越地方,37°01.4′N,138°41.3′E,9 km,2.2,震度１,37.02333333,138.6883333
2011/6/18,10:40:21,宮城県沖,38°21.2′N,141°47.9′E,57 km,3.8,震度２,38.35333333,141.7983333
2011/6/18,13:33:22,茨城県北部,36°40.9′N,140°37.2′E,12 km,3.8,震度３,36.68166667,140.62
2011/6/18,13:39:05,福島県中通り,37°03.6′N,140°37.6′E,15 km,4.6,震度４,37.06,140.6266667
2011/6/18,13:51:49,宮城県沖,38°42.2′N,141°47.5′E,53 km,3.1,震度１,38.70333333,141.7916667
2011/6/18,15:45:56,島根県西部,35°05.6′N,132°39.9′E,9 km,2.7,震度１,35.09333333,132.665
2011/6/18,18:12:50,福島県沖,37°00.1′N,141°10.0′E,48 km,4,震度３,37.00166667,141.1666667
2011/6/18,18:24:43,千葉県東方沖,35°48.8′N,140°54.1′E,11 km,3.1,震度１,35.81333333,140.9016667
2011/6/18,18:57:55,千葉県北西部,35°40.1′N,140°06.9′E,71 km,4.2,震度２,35.66833333,140.115
2011/6/18,19:11:08,茨城県北部,36°47.2′N,140°32.4′E,8 km,3,震度１,36.78666667,140.54
2011/6/18,20:31:05,福島県沖,37°37.0′N,141°49.2′E,28 km,6,震度４,37.61666667,141.82
2011/6/18,20:50:10,茨城県沖,36°50.5′N,141°11.3′E,36 km,3.4,震度１,36.84166667,141.1883333
2011/6/18,21:04:08,茨城県沖,36°34.6′N,141°14.9′E,43 km,3.1,震度１,36.57666667,141.2483333
2011/6/19,1:02:39,秋田県内陸南部,39°27.5′N,140°22.3′E,9 km,1.8,震度１,39.45833333,140.3716667
2011/6/19,1:57:53,宮城県沖,38°35.8′N,141°59.9′E,34 km,3.9,震度１,38.59666667,141.9983333
2011/6/19,3:26:21,宮城県中部,38°18.9′N,140°41.9′E,12 km,2.8,震度２,38.315,140.6983333
2011/6/19,4:01:31,茨城県北部,36°42.5′N,140°36.1′E,7 km,3.3,震度２,36.70833333,140.6016667
2011/6/19,4:10:29,福島県沖,36°59.1′N,141°11.9′E,28 km,4.3,震度３,36.985,141.1983333
2011/6/19,4:17:38,茨城県北部,36°42.3′N,140°35.5′E,9 km,3.1,震度２,36.705,140.5916667
2011/6/19,5:05:28,茨城県沖,36°48.3′N,141°17.0′E,27 km,3.9,震度１,36.805,141.2833333
2011/6/19,6:14:47,長野県北部,36°49.0′N,138°38.6′E,2 km,3.4,震度２,36.81666667,138.6433333
2011/6/19,6:15:46,長野県北部,36°48.9′N,138°38.7′E,2 km,3,震度２,36.815,138.645
2011/6/19,9:37:10,宮城県沖,38°32.5′N,141°43.4′E,54 km,3.2,震度１,38.54166667,141.7233333
2011/6/19,9:39:43,宮城県中部,38°19.2′N,140°42.1′E,12 km,2.2,震度１,38.32,140.7016667
2011/6/19,11:04:33,茨城県北部,36°41.9′N,140°33.6′E,7 km,2.8,震度１,36.69833333,140.56
2011/6/19,11:56:27,千葉県東方沖,35°41.1′N,140°44.8′E,19 km,3.1,震度１,35.685,140.7466667
2011/6/19,12:31:23,福島県浜通り,37°04.8′N,140°46.8′E,8 km,2.6,震度１,37.08,140.78
2011/6/19,13:23:50,茨城県北部,36°51.1′N,140°41.7′E,10 km,3.6,震度１,36.85166667,140.695
2011/6/19,14:06:07,長野県北部,36°57.7′N,138°35.6′E,6 km,1.6,震度１,36.96166667,138.5933333
2011/6/19,14:17:45,福島県浜通り,37°14.4′N,140°53.8′E,5 km,2.8,震度１,37.24,140.8966667
2011/6/19,14:54:24,宮城県沖,38°51.8′N,141°36.6′E,74 km,3,震度１,38.86333333,141.61
2011/6/19,15:41:05,福島県沖,37°23.4′N,141°25.7′E,34 km,3.9,震度２,37.39,141.4283333
2011/6/19,15:52:46,千葉県東方沖,35°30.9′N,141°00.9′E,38 km,4.5,震度２,35.515,141.015
2011/6/19,16:55:36,福島県沖,36°58.6′N,141°10.7′E,28 km,3.3,震度１,36.97666667,141.1783333
2011/6/19,17:46:42,岩手県沖,39°36.2′N,142°06.4′E,48 km,3.7,震度２,39.60333333,142.1066667
2011/6/19,19:26:43,新潟県下越地方,37°43.0′N,139°20.7′E,5 km,1.5,震度１,37.71666667,139.345
2011/6/19,20:40:24,秋田県沖,39°46.9′N,139°43.7′E,14 km,3,震度１,39.78166667,139.7283333
2011/6/19,22:47:50,宮城県沖,38°52.2′N,141°59.1′E,47 km,3.1,震度１,38.87,141.985
2011/6/19,23:15:58,福島県会津,37°02.2′N,139°21.3′E,7 km,1.9,震度１,37.03666667,139.355
2011/6/20,0:49:24,宮城県沖,38°31.4′N,141°55.2′E,44 km,4.1,震度２,38.52333333,141.92
2011/6/20,1:31:20,福島県沖,37°29.2′N,141°22.3′E,28 km,3.5,震度１,37.48666667,141.3716667
2011/6/20,1:55:25,宮城県沖,38°53.0′N,141°59.2′E,49 km,3.3,震度１,38.88333333,141.9866667
2011/6/20,2:00:02,福島県沖,37°22.4′N,141°18.2′E,35 km,3.7,震度１,37.37333333,141.3033333
2011/6/20,3:09:05,千葉県東方沖,35°42.5′N,140°49.2′E,7 km,2.8,震度１,35.70833333,140.82
2011/6/20,3:13:02,茨城県沖,36°46.4′N,141°17.5′E,30 km,4.7,震度２,36.77333333,141.2916667
2011/6/20,3:58:34,福島県沖,36°55.0′N,141°23.4′E,46 km,4.3,震度３,36.91666667,141.39
2011/6/20,4:50:58,福島県中通り,36°55.7′N,140°28.6′E,6 km,3.8,震度２,36.92833333,140.4766667
2011/6/20,5:24:19,岩手県沖,39°50.1′N,142°13.6′E,30 km,3.9,震度１,39.835,142.2266667
2011/6/20,6:17:09,福島県浜通り,37°06.8′N,140°51.6′E,7 km,3.7,震度３,37.11333333,140.86
2011/6/20,6:40:37,宮城県中部,38°18.7′N,140°42.0′E,12 km,2.2,震度１,38.31166667,140.7
2011/6/20,6:55:33,福島県浜通り,37°07.0′N,140°50.0′E,8 km,3.3,震度３,37.11666667,140.8333333
2011/6/20,7:25:34,福島県浜通り,37°06.9′N,140°50.1′E,7 km,2.7,震度２,37.115,140.835
2011/6/20,7:26:46,福島県浜通り,37°06.9′N,140°50.1′E,6 km,2.1,震度１,37.115,140.835
2011/6/20,8:05:00,茨城県沖,36°21.2′N,140°54.3′E,40 km,3.5,震度１,36.35333333,140.905
2011/6/20,9:15:32,茨城県沖,36°30.3′N,140°57.9′E,16 km,3.8,震度１,36.505,140.965
2011/6/20,9:41:40,宮城県沖,38°18.4′N,141°47.4′E,50 km,4,震度１,38.30666667,141.79
2011/6/20,9:50:56,岩手県沖,39°16.0′N,142°29.4′E,33 km,4,震度１,39.26666667,142.49
2011/6/20,10:34:51,千葉県東方沖,35°31.2′N,140°58.3′E,42 km,4.4,震度１,35.52,140.9716667
2011/6/20,10:42:44,千葉県東方沖,35°31.4′N,140°56.2′E,38 km,3.5,震度１,35.52333333,140.9366667
2011/6/20,10:46:36,千葉県東方沖,35°31.4′N,140°56.6′E,40 km,4.6,震度３,35.52333333,140.9433333
2011/6/20,11:03:39,茨城県北部,36°25.1′N,140°34.0′E,54 km,3.4,震度１,36.41833333,140.5666667
2011/6/20,11:35:33,福島県沖,37°25.1′N,141°42.1′E,39 km,3.8,震度１,37.41833333,141.7016667
2011/6/20,12:13:05,福島県会津,37°03.3′N,139°30.2′E,8 km,3,震度２,37.055,139.5033333
2011/6/20,13:07:44,福島県沖,37°19.0′N,141°09.8′E,63 km,3.6,震度１,37.31666667,141.1633333
2011/6/20,16:55:42,茨城県北部,36°48.1′N,140°32.5′E,8 km,3.4,震度１,36.80166667,140.5416667
2011/6/21,1:39:38,茨城県沖,36°31.7′N,141°11.4′E,33 km,3.3,震度１,36.52833333,141.19
2011/6/21,2:45:39,浦河沖,41°57.9′N,143°02.9′E,44 km,3.1,震度１,41.965,143.0483333
2011/6/21,4:44:56,千葉県東方沖,35°26.0′N,140°59.4′E,26 km,3.4,震度１,35.43333333,140.99
2011/6/21,5:26:25,宮城県沖,38°07.3′N,141°46.8′E,56 km,3.7,震度１,38.12166667,141.78
2011/6/21,5:34:10,福島県沖,37°20.7′N,141°08.3′E,27 km,3.2,震度１,37.345,141.1383333
2011/6/21,6:27:51,茨城県北部,36°23.0′N,140°34.7′E,54 km,2.8,震度１,36.38333333,140.5783333
2011/6/21,7:26:40,福島県沖,37°03.7′N,141°08.1′E,51 km,3.8,震度２,37.06166667,141.135
2011/6/21,8:10:02,岩手県沖,40°08.8′N,142°27.3′E,35 km,4,震度１,40.14666667,142.455
2011/6/21,8:16:30,秋田県内陸南部,39°35.7′N,140°38.2′E,4 km,2.5,震度１,39.595,140.6366667
2011/6/21,11:08:42,茨城県北部,36°43.7′N,140°35.2′E,10 km,3,震度１,36.72833333,140.5866667
2011/6/21,11:28:09,秋田県内陸南部,39°36.7′N,140°37.9′E,5 km,3.4,震度３,39.61166667,140.6316667
2011/6/21,13:00:33,岩手県沖,39°08.4′N,141°53.2′E,53 km,2.9,震度１,39.14,141.8866667
2011/6/21,13:39:51,宮城県沖,38°40.2′N,142°01.3′E,45 km,4.1,震度３,38.67,142.0216667
2011/6/21,14:17:01,宮城県沖,38°34.8′N,141°43.8′E,61 km,4,震度２,38.58,141.73
2011/6/21,14:21:22,宮城県沖,38°18.3′N,142°07.4′E,36 km,3.8,震度１,38.305,142.1233333
2011/6/21,14:36:59,千葉県北東部,35°43.2′N,140°37.4′E,47 km,3.2,震度１,35.72,140.6233333
2011/6/21,17:37:34,福島県会津,37°40.8′N,139°56.4′E,8 km,2.8,震度２,37.68,139.94
2011/6/21,17:47:15,宮城県中部,38°18.9′N,140°42.0′E,12 km,2.1,震度１,38.315,140.7
2011/6/21,17:49:40,茨城県沖,35°45.5′N,141°28.4′E,21 km,5.5,震度３,35.75833333,141.4733333
2011/6/21,18:51:49,石狩地方中部,42°58.2′N,141°25.4′E,0 km,3.8,震度２,42.97,141.4233333
2011/6/21,19:53:46,宮城県沖,38°47.0′N,141°37.4′E,71 km,3.4,震度１,38.78333333,141.6233333
2011/6/21,21:19:20,宮城県沖,38°51.7′N,141°38.4′E,61 km,3.1,震度１,38.86166667,141.64
2011/6/21,22:10:31,福島県沖,37°10.6′N,141°23.2′E,48 km,3.6,震度１,37.17666667,141.3866667
2011/6/21,22:58:32,福島県浜通り,37°03.3′N,140°46.1′E,10 km,2.4,震度１,37.055,140.7683333
2011/6/21,22:59:08,福島県沖,36°55.2′N,141°16.2′E,30 km,3.7,震度１,36.92,141.27
2011/6/21,23:30:59,千葉県東方沖,35°22.8′N,140°26.7′E,54 km,4.3,震度２,35.38,140.445
2011/6/22,4:03:57,岩手県沖,39°01.6′N,142°24.8′E,30 km,4.1,震度１,39.02666667,142.4133333
2011/6/22,4:21:09,遠州灘,34°31.9′N,137°09.4′E,29 km,3.4,震度１,34.53166667,137.1566667
2011/6/22,5:27:00,福島県沖,37°17.5′N,141°22.6′E,46 km,3.4,震度２,37.29166667,141.3766667
2011/6/22,6:15:59,茨城県沖,36°17.6′N,141°51.0′E,73 km,5,震度２,36.29333333,141.85
2011/6/22,6:28:22,茨城県沖,36°33.0′N,140°50.3′E,18 km,3.3,震度１,36.55,140.8383333
2011/6/22,6:52:42,宮城県沖,38°53.2′N,141°58.3′E,50 km,3.9,震度２,38.88666667,141.9716667
2011/6/22,6:56:10,福島県浜通り,36°59.7′N,140°36.4′E,9 km,3.7,震度１,36.995,140.6066667
2011/6/22,9:57:22,福島県沖,37°21.0′N,141°18.6′E,31 km,3.8,震度１,37.35,141.31
2011/6/22,10:39:35,岩手県沖,39°10.7′N,142°10.8′E,52 km,4,震度２,39.17833333,142.18
2011/6/22,12:17:44,福島県沖,37°47.2′N,141°48.6′E,32 km,4.1,震度２,37.78666667,141.81
2011/6/22,12:49:07,宮城県沖,38°28.0′N,142°13.9′E,41 km,3.5,震度１,38.46666667,142.2316667
2011/6/22,13:28:10,福島県沖,37°31.2′N,141°22.7′E,50 km,3.5,震度１,37.52,141.3783333
2011/6/22,13:53:51,福島県沖,36°59.0′N,141°03.9′E,30 km,3.2,震度１,36.98333333,141.065
2011/6/22,14:53:10,高知県中部,33°47.7′N,133°31.2′E,5 km,2.5,震度１,33.795,133.52
2011/6/22,19:16:02,宮城県沖,38°38.2′N,141°54.5′E,49 km,3.9,震度２,38.63666667,141.9083333
2011/6/22,20:12:40,茨城県南部,35°47.9′N,140°45.2′E,7 km,2.9,震度１,35.79833333,140.7533333
2011/6/22,20:35:10,千葉県東方沖,35°33.8′N,141°01.6′E,38 km,3.9,震度１,35.56333333,141.0266667
2011/6/22,22:02:54,山形県置賜地方,37°48.4′N,140°00.2′E,9 km,2.8,震度１,37.80666667,140.0033333
2011/6/22,22:50:55,宮城県沖,38°47.1′N,142°12.1′E,36 km,3.4,震度１,38.785,142.2016667
2011/6/22,22:52:08,福井県嶺北,36°06.5′N,136°11.3′E,5 km,2.2,震度１,36.10833333,136.1883333
2011/6/22,23:28:56,岩手県沖,40°03.8′N,142°54.8′E,23 km,5.5,震度３,40.06333333,142.9133333
2011/6/23,2:27:58,宮崎県北部平野部,32°38.9′N,131°39.0′E,16 km,3.1,震度１,32.64833333,131.65
2011/6/23,3:19:02,茨城県北部,36°25.7′N,140°33.1′E,53 km,3.8,震度３,36.42833333,140.5516667
2011/6/23,3:56:55,長野県北部,36°48.2′N,138°35.6′E,1 km,3.2,震度２,36.80333333,138.5933333
2011/6/23,6:50:51,岩手県沖,39°56.8′N,142°35.4′E,36 km,6.9,震度５弱,39.94666667,142.59
2011/6/23,6:56:55,岩手県沖,39°59.2′N,142°30.1′E,32 km,3.7,震度１,39.98666667,142.5016667
2011/6/23,7:00:34,岩手県沖,40°00.4′N,142°27.6′E,33 km,3.7,震度１,40.00666667,142.46
2011/6/23,8:34:21,茨城県沖,36°14.0′N,141°04.4′E,36 km,3.9,震度１,36.23333333,141.0733333
2011/6/23,8:47:50,福島県沖,37°21.9′N,141°08.5′E,34 km,3.8,震度２,37.365,141.1416667
2011/6/23,9:32:32,岩手県沖,40°00.6′N,142°26.8′E,37 km,3.6,震度１,40.01,142.4466667
2011/6/23,10:06:32,岩手県沖,39°59.8′N,142°27.9′E,35 km,3.5,震度１,39.99666667,142.465
2011/6/23,10:15:38,茨城県沖,36°14.7′N,141°05.3′E,32 km,3.5,震度１,36.245,141.0883333
2011/6/23,10:40:37,島根県西部,35°05.6′N,132°39.9′E,9 km,2.3,震度１,35.09333333,132.665
2011/6/23,11:05:02,長野県北部,37°00.0′N,138°31.4′E,3 km,2.2,震度１,37,138.5233333
2011/6/23,12:11:47,岩手県沖,39°58.6′N,142°23.6′E,40 km,3.8,震度１,39.97666667,142.3933333
2011/6/23,17:09:30,福島県中通り,36°59.9′N,140°30.3′E,5 km,3.5,震度２,36.99833333,140.505
2011/6/23,17:22:25,岩手県沖,39°56.4′N,142°29.0′E,35 km,4,震度２,39.94,142.4833333
2011/6/23,17:22:49,福島県沖,37°03.9′N,141°10.4′E,50 km,4.5,震度４,37.065,141.1733333
2011/6/23,19:15:57,岩手県沖,39°58.3′N,142°25.4′E,38 km,4.3,震度２,39.97166667,142.4233333
2011/6/23,19:35:02,宮城県沖,38°28.0′N,141°36.4′E,57 km,5.3,震度４,38.46666667,141.6066667
2011/6/23,20:13:55,岩手県沖,39°11.4′N,142°24.2′E,29 km,3.9,震度１,39.19,142.4033333
2011/6/23,20:38:32,種子島南東沖,30°14.9′N,131°36.5′E,50 km,4.7,震度２,30.24833333,131.6083333
2011/6/23,21:00:13,愛知県西部,34°53.6′N,136°50.8′E,11 km,3.4,震度２,34.89333333,136.8466667
2011/6/24,0:50:57,宮城県中部,38°18.5′N,140°42.2′E,12 km,2.5,震度１,38.30833333,140.7033333
2011/6/24,1:25:34,茨城県沖,36°09.9′N,141°00.2′E,38 km,3.5,震度１,36.165,141.0033333
2011/6/24,1:54:11,千葉県東方沖,35°51.5′N,140°54.8′E,13 km,3.4,震度１,35.85833333,140.9133333
2011/6/24,2:53:35,岐阜県美濃東部,35°17.6′N,137°27.8′E,11 km,2.2,震度１,35.29333333,137.4633333
2011/6/24,3:48:02,伊豆大島近海,34°37.1′N,139°14.8′E,10 km,3.6,震度２,34.61833333,139.2466667
2011/6/24,4:04:34,福島県浜通り,37°07.3′N,140°55.5′E,9 km,2.6,震度１,37.12166667,140.925
2011/6/24,4:15:43,茨城県沖,36°29.5′N,140°57.7′E,17 km,4.1,震度１,36.49166667,140.9616667
2011/6/24,4:41:05,宮城県中部,38°18.9′N,140°41.9′E,12 km,2.6,震度１,38.315,140.6983333
2011/6/24,5:24:49,宮城県中部,38°18.7′N,140°42.1′E,12 km,2.4,震度１,38.31166667,140.7016667
2011/6/24,5:58:50,岩手県沖,40°02.4′N,142°24.6′E,38 km,3.7,震度１,40.04,142.41
2011/6/24,6:05:46,宮城県沖,38°28.2′N,142°16.9′E,27 km,3.9,震度１,38.47,142.2816667
2011/6/24,7:22:32,福島県沖,37°12.7′N,141°12.2′E,22 km,3.6,震度１,37.21166667,141.2033333
2011/6/24,7:47:16,滋賀県南部,35°08.3′N,135°53.3′E,11 km,2.8,震度１,35.13833333,135.8883333
2011/6/24,9:36:41,福島県会津,37°40.5′N,139°55.8′E,9 km,3.7,震度３,37.675,139.93
2011/6/24,9:41:04,宮崎県北部平野部,32°39.0′N,131°39.1′E,16 km,3.4,震度２,32.65,131.6516667
2011/6/24,9:45:44,福島県会津,37°40.6′N,139°55.9′E,9 km,2.7,震度２,37.67666667,139.9316667
2011/6/24,10:00:16,茨城県北部,36°22.3′N,140°37.6′E,53 km,3.7,震度２,36.37166667,140.6266667
2011/6/24,10:21:44,宮城県沖,38°51.1′N,142°05.5′E,45 km,3.6,震度１,38.85166667,142.0916667
2011/6/24,10:28:21,岩手県沖,39°36.2′N,142°06.7′E,48 km,3.3,震度１,39.60333333,142.1116667
2011/6/24,12:59:16,宮城県沖,38°25.1′N,142°10.2′E,31 km,3.9,震度１,38.41833333,142.17
2011/6/24,13:17:59,宮城県沖,38°29.8′N,141°58.5′E,38 km,3.2,震度１,38.49666667,141.975
2011/6/24,15:54:31,茨城県沖,35°59.2′N,141°09.8′E,25 km,4.3,震度２,35.98666667,141.1633333
2011/6/24,16:55:38,秋田県内陸南部,39°33.9′N,140°32.1′E,7 km,2,震度１,39.565,140.535
2011/6/24,18:08:05,千葉県南東沖,34°29.3′N,140°29.4′E,38 km,3.7,震度１,34.48833333,140.49
2011/6/24,18:44:00,岩手県沖,39°40.8′N,142°07.2′E,48 km,3.9,震度２,39.68,142.12
2011/6/24,21:14:25,長野県中部,36°22.1′N,137°57.3′E,6 km,2.2,震度１,36.36833333,137.955
2011/6/24,21:41:01,宮城県沖,38°52.3′N,142°32.3′E,26 km,3.7,震度１,38.87166667,142.5383333
2011/6/24,23:31:57,福島県沖,37°16.3′N,141°29.1′E,45 km,3.3,震度１,37.27166667,141.485
2011/6/24,23:39:03,宮城県中部,38°19.0′N,140°42.0′E,12 km,3.2,震度２,38.31666667,140.7
2011/6/24,23:46:53,福島県沖,37°01.4′N,141°05.6′E,52 km,4.3,震度３,37.02333333,141.0933333
2011/6/25,0:22:53,福島県沖,37°06.2′N,141°08.2′E,53 km,4.1,震度２,37.10333333,141.1366667
2011/6/25,0:31:02,三陸沖,39°11.3′N,144°20.4′E,49 km,4.6,震度１,39.18833333,144.34
2011/6/25,2:25:16,福島県沖,36°54.4′N,141°03.7′E,51 km,3.9,震度２,36.90666667,141.0616667
2011/6/25,2:39:26,浦河沖,41°57.9′N,142°43.2′E,57 km,5.4,震度３,41.965,142.72
2011/6/25,3:52:21,茨城県北部,36°38.3′N,140°34.6′E,7 km,2.6,震度１,36.63833333,140.5766667
2011/6/25,6:41:00,千葉県東方沖,35°40.6′N,140°55.5′E,13 km,3.4,震度１,35.67666667,140.925
2011/6/25,8:27:27,宮城県沖,38°37.2′N,141°54.4′E,45 km,3.2,震度１,38.62,141.9066667
2011/6/25,9:32:22,宮城県沖,38°23.0′N,142°10.9′E,35 km,3.6,震度１,38.38333333,142.1816667
2011/6/25,9:44:18,岩手県沖,39°40.7′N,142°07.6′E,48 km,4.3,震度２,39.67833333,142.1266667
2011/6/25,11:37:32,秋田県内陸北部,40°02.4′N,140°32.6′E,10 km,3.1,震度２,40.04,140.5433333
2011/6/25,11:42:40,茨城県沖,35°54.3′N,141°02.5′E,31 km,3.3,震度１,35.905,141.0416667
2011/6/25,12:46:16,福島県沖,37°34.7′N,141°49.1′E,26 km,4.1,震度１,37.57833333,141.8183333
2011/6/25,14:50:21,浦河沖,41°57.0′N,142°41.7′E,56 km,3.7,震度１,41.95,142.695
2011/6/25,15:54:28,福島県沖,37°01.1′N,142°27.9′E,15 km,4.7,震度２,37.01833333,142.465
2011/6/25,16:06:02,福島県中通り,36°57.8′N,140°32.2′E,6 km,4.5,震度３,36.96333333,140.5366667
2011/6/25,17:01:52,福島県浜通り,37°05.7′N,140°50.7′E,9 km,4,震度３,37.095,140.845
2011/6/25,17:02:41,福島県浜通り,37°05.5′N,140°50.9′E,10 km,3.2,震度３,37.09166667,140.8483333
2011/6/25,17:25:34,福島県浜通り,37°05.7′N,140°50.8′E,9 km,4.1,震度３,37.095,140.8466667
2011/6/25,17:53:30,宮城県沖,38°57.4′N,142°29.4′E,28 km,4,震度１,38.95666667,142.49
2011/6/25,17:55:15,秋田県内陸南部,39°35.8′N,140°38.1′E,4 km,2.5,震度１,39.59666667,140.635
2011/6/25,18:38:30,福島県浜通り,37°05.7′N,140°51.2′E,9 km,2.5,震度１,37.095,140.8533333
2011/6/25,18:59:32,茨城県南部,36°01.1′N,140°05.8′E,63 km,3.7,震度２,36.01833333,140.0966667
2011/6/25,20:56:37,房総半島南方沖,34°19.9′N,140°14.9′E,46 km,3.7,震度１,34.33166667,140.2483333
2011/6/25,22:04:59,日高地方西部,42°53.8′N,142°38.2′E,103 km,4.1,震度２,42.89666667,142.6366667
2011/6/25,22:35:42,岩手県沖,39°55.3′N,142°30.2′E,35 km,4,震度１,39.92166667,142.5033333
2011/6/26,0:29:48,茨城県北部,36°53.8′N,140°41.4′E,10 km,3.3,震度１,36.89666667,140.69
2011/6/26,2:01:35,福島県沖,37°23.7′N,141°21.6′E,30 km,2.9,震度１,37.395,141.36
2011/6/26,2:22:08,岩手県沖,39°07.3′N,142°21.0′E,32 km,3.6,震度１,39.12166667,142.35
2011/6/26,3:15:19,岩手県沖,40°02.5′N,142°24.8′E,38 km,3.8,震度１,40.04166667,142.4133333
2011/6/26,5:11:35,秋田県内陸南部,39°35.7′N,140°38.0′E,4 km,3.9,震度３,39.595,140.6333333
2011/6/26,5:12:52,茨城県北部,36°40.4′N,140°35.6′E,6 km,2.7,震度１,36.67333333,140.5933333
2011/6/26,6:38:18,福島県沖,36°54.6′N,141°04.8′E,51 km,4.1,震度２,36.91,141.08
2011/6/26,7:58:17,茨城県南部,35°58.4′N,140°05.4′E,62 km,3.5,震度２,35.97333333,140.09
2011/6/26,10:58:16,茨城県沖,36°17.6′N,141°00.8′E,45 km,3.4,震度１,36.29333333,141.0133333
2011/6/26,11:23:53,宮城県沖,38°31.8′N,141°48.8′E,50 km,3.2,震度１,38.53,141.8133333
2011/6/26,11:42:53,茨城県北部,36°44.5′N,140°35.0′E,8 km,3.3,震度２,36.74166667,140.5833333
2011/6/26,12:00:16,茨城県沖,36°37.7′N,141°02.3′E,47 km,3.8,震度２,36.62833333,141.0383333
2011/6/26,12:30:43,福島県中通り,37°03.9′N,140°28.8′E,7 km,2.2,震度１,37.065,140.48
2011/6/26,14:27:23,日向灘,32°06.3′N,131°49.8′E,32 km,3,震度１,32.105,131.83
2011/6/26,14:36:07,茨城県沖,36°20.4′N,140°55.9′E,39 km,3.2,震度１,36.34,140.9316667
2011/6/26,18:40:17,秋田県内陸北部,40°14.1′N,140°22.8′E,13 km,3.7,震度２,40.235,140.38
2011/6/26,19:11:34,青森県東方沖,40°34.0′N,142°32.7′E,30 km,4.4,震度１,40.56666667,142.545
2011/6/26,19:16:55,宮城県沖,38°54.3′N,142°20.1′E,31 km,3.6,震度１,38.905,142.335
2011/6/26,21:05:22,青森県東方沖,41°07.7′N,142°34.2′E,33 km,4,震度１,41.12833333,142.57
2011/6/26,21:16:32,宮城県沖,38°20.8′N,142°18.5′E,30 km,3.6,震度１,38.34666667,142.3083333
2011/6/26,21:29:06,宮城県沖,38°22.0′N,141°49.9′E,59 km,3.9,震度２,38.36666667,141.8316667
2011/6/26,22:29:04,茨城県沖,36°31.0′N,140°56.3′E,16 km,3.4,震度１,36.51666667,140.9383333
2011/6/26,22:55:41,神奈川県西部,35°26.7′N,139°02.1′E,21 km,3,震度１,35.445,139.035
2011/6/27,0:29:29,宮城県沖,38°50.1′N,141°38.1′E,69 km,3.2,震度１,38.835,141.635
2011/6/27,0:54:35,福島県会津,37°28.6′N,139°34.1′E,6 km,2.3,震度１,37.47666667,139.5683333
2011/6/27,1:50:33,千葉県東方沖,35°45.1′N,140°55.1′E,9 km,3.5,震度１,35.75166667,140.9183333
2011/6/27,1:56:15,宮城県中部,38°18.5′N,140°42.1′E,12 km,2.5,震度１,38.30833333,140.7016667
2011/6/27,3:55:05,秋田県内陸南部,39°35.6′N,140°38.2′E,5 km,2.8,震度１,39.59333333,140.6366667
2011/6/27,5:10:28,岩手県沖,39°09.7′N,142°25.6′E,32 km,3.8,震度１,39.16166667,142.4266667
2011/6/27,7:57:55,福島県浜通り,37°01.9′N,140°39.2′E,10 km,3.6,震度１,37.03166667,140.6533333
2011/6/27,11:06:41,岩手県沖,40°02.5′N,142°24.5′E,38 km,3.9,震度１,40.04166667,142.4083333
2011/6/27,13:05:05,秋田県内陸北部,40°13.8′N,140°22.9′E,12 km,2.7,震度１,40.23,140.3816667
2011/6/27,18:43:45,宮城県沖,38°40.8′N,142°27.1′E,42 km,4,震度１,38.68,142.4516667
2011/6/27,19:14:50,岩手県沖,39°05.2′N,142°09.3′E,45 km,3.6,震度１,39.08666667,142.155
2011/6/27,20:48:40,福島県中通り,37°02.1′N,140°34.4′E,9 km,3.4,震度２,37.035,140.5733333
2011/6/27,22:04:15,茨城県沖,36°13.3′N,140°52.9′E,46 km,3.1,震度１,36.22166667,140.8816667
2011/6/27,22:23:28,千葉県東方沖,35°35.9′N,140°53.1′E,17 km,3.4,震度１,35.59833333,140.885
2011/6/27,22:54:43,岩手県沖,39°38.2′N,142°06.8′E,48 km,3.5,震度１,39.63666667,142.1133333
2011/6/27,23:55:34,千葉県東方沖,35°46.1′N,140°59.3′E,14 km,3.4,震度１,35.76833333,140.9883333
2011/6/28,0:04:48,千葉県東方沖,35°49.0′N,140°59.9′E,18 km,4.5,震度２,35.81666667,140.9983333
2011/6/28,0:35:54,秋田県内陸南部,39°32.9′N,140°27.8′E,8 km,2.5,震度１,39.54833333,140.4633333
2011/6/28,0:38:40,福井県嶺南,35°28.2′N,135°55.6′E,11 km,3,震度１,35.47,135.9266667
2011/6/28,1:37:44,福島県沖,36°52.2′N,141°49.4′E,49 km,4.3,震度１,36.87,141.8233333
2011/6/28,3:22:49,茨城県沖,36°27.4′N,141°00.3′E,54 km,3.8,震度２,36.45666667,141.005
2011/6/28,4:31:39,千葉県北東部,35°44.0′N,140°41.1′E,47 km,3.2,震度１,35.73333333,140.685
2011/6/28,4:44:34,宮城県中部,38°18.4′N,140°42.1′E,12 km,2.3,震度１,38.30666667,140.7016667
2011/6/28,5:41:55,茨城県北部,36°53.0′N,140°41.0′E,5 km,3.2,震度１,36.88333333,140.6833333
2011/6/28,5:49:26,福島県沖,36°56.7′N,141°11.6′E,26 km,3.7,震度１,36.945,141.1933333
2011/6/28,6:58:10,福島県沖,37°06.4′N,141°09.0′E,29 km,3.1,震度１,37.10666667,141.15
2011/6/28,7:22:36,宮城県沖,38°01.5′N,141°46.4′E,54 km,3.8,震度１,38.025,141.7733333
2011/6/28,9:03:21,新島・神津島近海,34°13.5′N,139°03.0′E,6 km,1.9,震度１,34.225,139.05
2011/6/28,10:35:26,宮城県沖,38°14.9′N,142°01.3′E,44 km,3.5,震度１,38.24833333,142.0216667
2011/6/28,10:44:08,福島県浜通り,37°07.2′N,140°50.7′E,7 km,2.8,震度１,37.12,140.845
2011/6/28,12:16:22,福島県浜通り,37°07.2′N,140°52.3′E,8 km,2.3,震度１,37.12,140.8716667
2011/6/28,12:39:06,茨城県北部,36°44.3′N,140°34.3′E,9 km,2.7,震度１,36.73833333,140.5716667
2011/6/28,12:45:04,福島県浜通り,37°07.3′N,140°52.3′E,9 km,4.3,震度３,37.12166667,140.8716667
2011/6/28,12:57:34,宮城県沖,38°57.1′N,142°23.5′E,38 km,3.3,震度１,38.95166667,142.3916667
2011/6/28,15:50:57,宮城県沖,38°25.5′N,141°47.1′E,56 km,4,震度２,38.425,141.785
2011/6/28,16:22:57,宮城県沖,38°51.8′N,142°01.9′E,46 km,3.5,震度１,38.86333333,142.0316667
2011/6/28,16:29:02,茨城県沖,36°19.2′N,140°59.8′E,43 km,3.5,震度１,36.32,140.9966667
2011/6/28,17:11:09,宮城県沖,38°26.4′N,141°50.0′E,57 km,3.6,震度２,38.44,141.8333333
2011/6/28,17:27:03,福島県沖,37°20.5′N,141°18.8′E,27 km,3.9,震度１,37.34166667,141.3133333
2011/6/28,18:13:11,宮城県沖,38°53.9′N,142°29.9′E,39 km,3.6,震度１,38.89833333,142.4983333
2011/6/28,19:04:54,福島県浜通り,37°07.8′N,140°51.6′E,7 km,2.3,震度１,37.13,140.86
2011/6/28,19:46:40,福島県浜通り,37°07.7′N,140°51.5′E,7 km,2.9,震度２,37.12833333,140.8583333
2011/6/28,21:10:55,茨城県沖,36°30.8′N,140°41.2′E,55 km,3.3,震度１,36.51333333,140.6866667
2011/6/28,21:18:26,熊本県熊本地方,33°01.4′N,130°44.1′E,11 km,4.2,震度４,33.02333333,130.735
2011/6/28,21:20:40,熊本県熊本地方,33°01.2′N,130°44.5′E,11 km,2.5,震度１,33.02,130.7416667
2011/6/28,22:22:59,宮城県沖,38°12.4′N,142°00.0′E,50 km,4.2,震度２,38.20666667,142
2011/6/28,22:46:52,岩手県沖,39°41.0′N,142°07.7′E,47 km,3.3,震度１,39.68333333,142.1283333
2011/6/28,22:54:14,岩手県沖,40°01.7′N,142°24.6′E,38 km,3.8,震度１,40.02833333,142.41
2011/6/29,1:17:17,福島県沖,37°07.9′N,141°03.8′E,54 km,3.9,震度２,37.13166667,141.0633333
2011/6/29,1:58:35,十勝地方南部,42°31.7′N,143°27.7′E,59 km,3.2,震度１,42.52833333,143.4616667
2011/6/29,2:45:46,熊本県熊本地方,33°01.0′N,130°44.5′E,11 km,3.1,震度２,33.01666667,130.7416667
2011/6/29,3:55:39,福島県沖,37°29.3′N,141°25.6′E,39 km,3.9,震度１,37.48833333,141.4266667
2011/6/29,5:13:34,岩手県沖,39°06.8′N,142°07.0′E,46 km,3.6,震度１,39.11333333,142.1166667
2011/6/29,5:48:42,茨城県沖,36°36.4′N,141°23.9′E,45 km,4,震度１,36.60666667,141.3983333
2011/6/29,10:51:04,福島県浜通り,37°08.2′N,140°51.6′E,7 km,3.8,震度２,37.13666667,140.86
2011/6/29,10:52:51,福島県浜通り,37°08.0′N,140°51.5′E,6 km,2.7,震度１,37.13333333,140.8583333
2011/6/29,11:04:56,福島県浜通り,37°08.0′N,140°51.1′E,7 km,3.3,震度３,37.13333333,140.8516667
2011/6/29,11:30:40,茨城県北部,36°39.5′N,140°35.9′E,7 km,2.3,震度１,36.65833333,140.5983333
2011/6/29,12:02:55,静岡県東部,35°18.1′N,138°42.3′E,10 km,2.7,震度２,35.30166667,138.705
2011/6/29,12:26:10,茨城県北部,36°46.2′N,140°33.7′E,8 km,3.1,震度１,36.77,140.5616667
2011/6/29,12:58:37,宮城県沖,38°53.3′N,141°58.1′E,50 km,3.8,震度２,38.88833333,141.9683333
2011/6/29,13:03:44,福島県浜通り,37°07.9′N,140°51.6′E,7 km,2.4,震度１,37.13166667,140.86
2011/6/29,13:11:54,福島県浜通り,37°08.3′N,140°51.3′E,7 km,2.7,震度１,37.13833333,140.855
2011/6/29,13:29:24,秋田県内陸南部,39°35.6′N,140°38.2′E,5 km,2.4,震度１,39.59333333,140.6366667
2011/6/29,14:27:21,福島県会津,37°40.9′N,139°56.5′E,8 km,3.3,震度３,37.68166667,139.9416667
2011/6/29,14:29:29,福島県会津,37°40.8′N,139°56.4′E,9 km,2.8,震度２,37.68,139.94
2011/6/29,14:34:06,福島県会津,37°40.5′N,139°56.3′E,8 km,2.7,震度２,37.675,139.9383333
2011/6/29,14:40:20,福島県会津,37°40.7′N,139°56.3′E,8 km,2.8,震度２,37.67833333,139.9383333
2011/6/29,15:30:23,香川県西部,34°06.6′N,133°58.2′E,45 km,3.2,震度１,34.11,133.97
2011/6/29,16:18:56,茨城県沖,36°48.4′N,141°09.8′E,34 km,3.9,震度２,36.80666667,141.1633333
2011/6/29,17:35:32,福島県沖,37°25.7′N,141°16.2′E,26 km,3.6,震度１,37.42833333,141.27
2011/6/29,19:32:39,長野県中部,36°11.4′N,137°57.1′E,4 km,3.4,震度３,36.19,137.9516667
2011/6/29,19:37:05,長野県中部,36°11.2′N,137°57.2′E,5 km,1.7,震度１,36.18666667,137.9533333
2011/6/29,20:04:07,長野県中部,36°11.5′N,137°57.2′E,5 km,2.8,震度３,36.19166667,137.9533333
2011/6/29,20:05:22,長野県中部,36°11.5′N,137°57.2′E,5 km,2.2,震度１,36.19166667,137.9533333
2011/6/29,20:17:51,長野県中部,36°11.5′N,137°57.1′E,4 km,1.8,震度１,36.19166667,137.9516667
2011/6/29,20:58:58,長野県中部,36°11.8′N,137°57.0′E,5 km,2.3,震度２,36.19666667,137.95
2011/6/29,21:52:27,茨城県沖,36°47.8′N,140°57.9′E,53 km,3.3,震度１,36.79666667,140.965
2011/6/29,22:05:59,福島県浜通り,37°10.1′N,140°53.9′E,9 km,3.2,震度２,37.16833333,140.8983333
2011/6/29,22:18:04,新潟県中越地方,36°56.7′N,138°36.8′E,4 km,2.7,震度２,36.945,138.6133333
2011/6/29,22:18:17,長野県中部,36°14.3′N,137°58.0′E,10 km,2,震度１,36.23833333,137.9666667
2011/6/29,23:19:34,福島県沖,36°57.3′N,141°04.3′E,51 km,3.9,震度２,36.955,141.0716667
2011/6/29,23:36:11,伊予灘,33°24.8′N,131°54.7′E,64 km,3.8,震度２,33.41333333,131.9116667
2011/6/30,0:59:39,宮城県沖,38°26.1′N,141°50.1′E,57 km,3.9,震度２,38.435,141.835
2011/6/30,2:09:33,宮城県沖,38°12.8′N,141°35.8′E,53 km,4,震度２,38.21333333,141.5966667
2011/6/30,2:43:01,宮城県沖,38°20.5′N,141°39.5′E,53 km,3.2,震度１,38.34166667,141.6583333
2011/6/30,2:49:49,千葉県東方沖,35°39.7′N,140°51.3′E,14 km,3.8,震度１,35.66166667,140.855
2011/6/30,2:57:03,沖縄本島近海,27°13.4′N,128°38.0′E,39 km,3.4,震度１,27.22333333,128.6333333
2011/6/30,3:23:05,茨城県北部,36°41.7′N,140°33.7′E,5 km,2.8,震度１,36.695,140.5616667
2011/6/30,4:45:28,長野県中部,36°11.6′N,137°57.0′E,5 km,2.4,震度２,36.19333333,137.95
2011/6/30,4:52:03,茨城県沖,36°33.2′N,140°56.9′E,19 km,3.8,震度２,36.55333333,140.9483333
2011/6/30,5:09:45,福島県沖,37°03.5′N,142°21.9′E,22 km,4.4,震度１,37.05833333,142.365
2011/6/30,5:56:49,新潟県中越地方,37°02.3′N,138°42.7′E,8 km,2.3,震度２,37.03833333,138.7116667
2011/6/30,7:04:41,茨城県北部,36°25.8′N,140°32.9′E,54 km,3.5,震度１,36.43,140.5483333
2011/6/30,7:14:37,千葉県北東部,35°44.1′N,140°37.1′E,51 km,4.6,震度３,35.735,140.6183333
2011/6/30,7:50:02,茨城県沖,36°33.6′N,140°57.8′E,16 km,3.4,震度１,36.56,140.9633333
2011/6/30,8:16:37,長野県中部,36°11.3′N,137°57.2′E,4 km,5.4,震度５強,36.18833333,137.9533333
2011/6/30,8:21:34,長野県中部,36°11.3′N,137°57.2′E,4 km,5.1,震度４,36.18833333,137.9533333
2011/6/30,8:29:39,長野県中部,36°12.1′N,137°57.3′E,5 km,1.3,震度１,36.20166667,137.955
2011/6/30,8:30:52,長野県中部,36°12.4′N,137°56.8′E,5 km,2.5,震度２,36.20666667,137.9466667
2011/6/30,8:45:50,長野県中部,36°12.3′N,137°56.8′E,4 km,2.1,震度１,36.205,137.9466667
2011/6/30,9:17:57,秋田県内陸南部,39°35.6′N,140°38.1′E,5 km,2.8,震度２,39.59333333,140.635
2011/6/30,9:20:57,長野県中部,36°11.9′N,137°58.5′E,3 km,2.4,震度２,36.19833333,137.975
2011/6/30,10:07:21,長野県中部,36°12.0′N,137°57.2′E,5 km,1.9,震度１,36.2,137.9533333
2011/6/30,10:19:35,千葉県北東部,35°43.4′N,140°40.9′E,48 km,3.5,震度２,35.72333333,140.6816667
2011/6/30,11:51:19,浦河沖,42°02.3′N,142°34.6′E,62 km,3.8,震度１,42.03833333,142.5766667
2011/6/30,12:12:23,茨城県北部,36°37.3′N,140°39.4′E,3 km,2,震度１,36.62166667,140.6566667
2011/6/30,13:18:07,岩手県内陸北部,39°52.3′N,141°08.8′E,8 km,3.5,震度３,39.87166667,141.1466667
2011/6/30,13:53:59,長野県中部,36°12.3′N,137°56.7′E,4 km,3.1,震度３,36.205,137.945
2011/6/30,14:11:36,長野県中部,36°12.1′N,137°57.1′E,4 km,3.4,震度４,36.20166667,137.9516667
2011/6/30,14:14:43,長野県中部,36°12.2′N,137°56.9′E,5 km,1.8,震度１,36.20333333,137.9483333
2011/6/30,14:17:40,長野県中部,36°12.1′N,137°57.1′E,5 km,1.7,震度１,36.20166667,137.9516667
2011/6/30,14:58:57,岩手県沖,39°09.2′N,142°24.9′E,31 km,4,震度２,39.15333333,142.415
2011/6/30,15:32:13,宮城県沖,38°16.9′N,141°52.4′E,46 km,3.8,震度１,38.28166667,141.8733333
2011/6/30,15:35:42,長野県中部,36°11.8′N,137°58.2′E,4 km,2.1,震度１,36.19666667,137.97
2011/6/30,18:49:23,宮崎県南部山沿い,31°54.6′N,131°00.0′E,10 km,2.5,震度１,31.91,131
2011/6/30,19:22:44,福島県沖,37°20.6′N,141°35.3′E,43 km,4.8,震度３,37.34333333,141.5883333
2011/6/30,21:13:27,長野県中部,36°12.0′N,137°57.2′E,5 km,2.1,震度１,36.2,137.9533333
2011/6/30,21:42:47,宮城県沖,38°43.6′N,142°22.9′E,38 km,4.2,震度２,38.72666667,142.3816667
2011/6/30,22:03:21,長野県中部,36°12.2′N,137°57.3′E,5 km,1.9,震度１,36.20333333,137.955
2011/6/30,22:31:39,福島県浜通り,37°06.2′N,140°41.5′E,6 km,2.5,震度１,37.10333333,140.6916667
2011/6/30,23:07:58,千葉県北東部,35°27.6′N,140°24.7′E,31 km,3.5,震度２,35.46,140.4116667
2011/6/30,23:18:19,茨城県北部,36°41.5′N,140°37.6′E,7 km,3,震度１,36.69166667,140.6266667
2011/6/30,23:45:44,長野県中部,36°12.8′N,137°56.6′E,5 km,2.4,震度２,36.21333333,137.9433333
2011/7/1,1:20:39,福島県沖,37°26.1′N,141°17.7′E,29 km,4.2,震度２,37.435,141.295
2011/7/1,5:30:48,徳島県北部,33°58.5′N,133°42.0′E,43 km,3.1,震度１,33.975,133.7
2011/7/1,6:47:55,三陸沖,40°21.1′N,143°31.3′E,12 km,4.6,震度１,40.35166667,143.5216667
2011/7/1,9:37:39,宮城県沖,38°44.1′N,142°21.9′E,39 km,4.3,震度２,38.735,142.365
2011/7/1,13:03:48,福島県沖,37°24.3′N,141°26.7′E,20 km,3.9,震度２,37.405,141.445
2011/7/1,13:19:49,福島県沖,37°35.8′N,142°00.4′E,24 km,4.5,震度２,37.59666667,142.0066667
2011/7/1,13:59:21,長野県中部,36°12.8′N,137°56.6′E,4 km,2.1,震度２,36.21333333,137.9433333
2011/7/1,14:22:10,豊後水道,33°23.4′N,132°13.7′E,46 km,3.9,震度２,33.39,132.2283333
2011/7/1,16:31:38,長野県中部,36°12.9′N,137°56.5′E,4 km,2.2,震度２,36.215,137.9416667
2011/7/1,16:41:25,長野県中部,36°12.8′N,137°56.5′E,4 km,1.7,震度１,36.21333333,137.9416667
2011/7/1,18:01:29,長野県中部,36°12.5′N,137°56.8′E,4 km,2,震度１,36.20833333,137.9466667
2011/7/1,18:02:40,長野県中部,36°12.7′N,137°56.7′E,4 km,1.8,震度１,36.21166667,137.945
2011/7/1,18:10:58,長野県中部,36°12.8′N,137°56.7′E,5 km,2,震度１,36.21333333,137.945
2011/7/1,18:43:11,岩手県沖,39°03.5′N,142°24.0′E,32 km,3.9,震度１,39.05833333,142.4
2011/7/1,19:10:16,福島県浜通り,37°07.1′N,140°51.7′E,7 km,2.7,震度１,37.11833333,140.8616667
2011/7/1,19:17:13,奄美大島近海,27°41.7′N,129°05.9′E,44 km,3.5,震度１,27.695,129.0983333
2011/7/1,20:03:50,千葉県東方沖,35°49.6′N,141°00.8′E,17 km,4.4,震度２,35.82666667,141.0133333
2011/7/1,20:11:17,千葉県東方沖,35°49.5′N,141°00.3′E,17 km,3.8,震度１,35.825,141.005
2011/7/1,20:14:50,長野県中部,36°12.9′N,137°56.4′E,5 km,1.4,震度１,36.215,137.94
2011/7/2,1:13:09,長野県中部,36°12.3′N,137°59.0′E,5 km,2.3,震度１,36.205,137.9833333
2011/7/2,1:56:57,千葉県北東部,35°23.4′N,140°23.5′E,29 km,2.8,震度１,35.39,140.3916667
2011/7/2,2:42:53,茨城県北部,36°39.4′N,140°35.7′E,6 km,2.3,震度１,36.65666667,140.595
2011/7/2,2:47:22,茨城県沖,36°14.6′N,140°59.6′E,37 km,3,震度１,36.24333333,140.9933333
2011/7/2,5:45:43,宮城県沖,38°47.9′N,142°10.9′E,34 km,3.3,震度１,38.79833333,142.1816667
2011/7/2,7:28:43,長野県中部,36°11.7′N,137°58.4′E,4 km,3.9,震度３,36.195,137.9733333
2011/7/2,9:34:40,長野県中部,36°12.1′N,137°57.1′E,5 km,1.9,震度１,36.20166667,137.9516667
2011/7/2,11:52:25,長野県中部,36°11.7′N,137°58.4′E,4 km,2.3,震度２,36.195,137.9733333
2011/7/2,12:12:36,茨城県沖,36°12.9′N,140°54.0′E,46 km,3.1,震度１,36.215,140.9
2011/7/2,14:01:26,福島県中通り,37°15.3′N,140°21.0′E,10 km,3.3,震度１,37.255,140.35
2011/7/2,16:22:14,茨城県沖,36°22.7′N,141°00.1′E,40 km,3.4,震度１,36.37833333,141.0016667
2011/7/2,16:28:22,長野県北部,36°50.0′N,138°34.0′E,1 km,2.6,震度１,36.83333333,138.5666667
2011/7/2,19:08:11,山形県置賜地方,37°48.4′N,140°00.4′E,9 km,2.9,震度１,37.80666667,140.0066667
2011/7/2,19:09:53,沖縄本島近海,27°03.2′N,127°59.0′E,15 km,3.1,震度１,27.05333333,127.9833333
2011/7/2,19:33:55,千葉県東方沖,35°33.9′N,141°01.1′E,37 km,3.9,震度１,35.565,141.0183333
2011/7/2,22:19:00,宮城県沖,38°26.4′N,141°58.2′E,54 km,4,震度２,38.44,141.97
2011/7/2,22:56:55,福島県沖,37°11.3′N,141°23.0′E,48 km,3.5,震度１,37.18833333,141.3833333
2011/7/2,23:43:54,長野県中部,36°11.8′N,137°57.8′E,5 km,2,震度１,36.19666667,137.9633333
2011/7/3,0:22:38,千葉県東方沖,35°33.6′N,141°02.1′E,39 km,3.8,震度１,35.56,141.035
2011/7/3,2:11:11,福島県会津,37°40.6′N,139°55.9′E,9 km,3.9,震度４,37.67666667,139.9316667
2011/7/3,3:19:59,茨城県北部,36°39.8′N,140°35.4′E,10 km,2.5,震度１,36.66333333,140.59
2011/7/3,3:54:19,房総半島南方沖,34°25.9′N,139°57.7′E,34 km,3.4,震度１,34.43166667,139.9616667
2011/7/3,4:40:55,千葉県北東部,35°44.9′N,140°42.2′E,51 km,3.6,震度１,35.74833333,140.7033333
2011/7/3,5:52:16,茨城県沖,36°14.8′N,141°03.9′E,37 km,3.4,震度１,36.24666667,141.065
2011/7/3,8:23:39,福島県沖,37°12.1′N,141°25.5′E,47 km,3.5,震度１,37.20166667,141.425
2011/7/3,9:01:04,埼玉県南部,36°01.7′N,139°47.2′E,77 km,3.5,震度１,36.02833333,139.7866667
2011/7/3,9:39:03,埼玉県南部,36°01.0′N,139°47.8′E,76 km,3,震度１,36.01666667,139.7966667
2011/7/3,10:03:14,福島県浜通り,36°59.6′N,140°40.3′E,11 km,3.5,震度１,36.99333333,140.6716667
2011/7/3,11:40:03,茨城県沖,36°11.0′N,140°50.3′E,38 km,3.7,震度２,36.18333333,140.8383333
2011/7/3,12:15:15,宮城県沖,38°20.9′N,142°08.0′E,45 km,3.9,震度２,38.34833333,142.1333333
2011/7/3,13:38:37,宮城県沖,38°52.1′N,142°26.1′E,35 km,4.1,震度２,38.86833333,142.435
2011/7/3,16:48:48,岩手県沖,39°10.1′N,142°25.3′E,33 km,4.4,震度２,39.16833333,142.4216667
2011/7/3,18:19:21,福島県沖,37°25.8′N,141°16.2′E,29 km,3.7,震度３,37.43,141.27
2011/7/3,18:19:36,茨城県沖,35°53.2′N,140°46.9′E,11 km,3.5,震度１,35.88666667,140.7816667
2011/7/3,19:48:09,福島県沖,37°17.7′N,141°10.0′E,14 km,3.3,震度１,37.295,141.1666667
2011/7/3,20:15:13,福島県沖,37°12.0′N,141°23.8′E,49 km,3.5,震度１,37.2,141.3966667
2011/7/3,21:35:08,岐阜県飛騨地方,36°16.3′N,137°36.5′E,3 km,2.6,震度１,36.27166667,137.6083333
2011/7/3,22:12:39,宮城県沖,38°29.9′N,141°59.5′E,39 km,3.4,震度１,38.49833333,141.9916667
2011/7/4,0:12:58,長野県中部,36°11.6′N,137°58.5′E,5 km,1.9,震度１,36.19333333,137.975
2011/7/4,1:10:31,福島県沖,37°27.1′N,141°25.2′E,27 km,3.5,震度１,37.45166667,141.42
2011/7/4,1:47:59,茨城県南部,35°54.5′N,140°07.8′E,61 km,3.3,震度１,35.90833333,140.13
2011/7/4,1:51:03,福島県中通り,36°59.4′N,140°30.5′E,5 km,3.1,震度１,36.99,140.5083333
2011/7/4,2:29:40,福島県中通り,36°59.4′N,140°30.5′E,5 km,3.7,震度２,36.99,140.5083333
2011/7/4,2:30:44,福島県中通り,36°59.5′N,140°30.4′E,5 km,3,震度１,36.99166667,140.5066667
2011/7/4,3:48:21,福島県浜通り,36°56.8′N,140°42.1′E,9 km,3.1,震度１,36.94666667,140.7016667
2011/7/4,5:41:06,宮城県沖,37°54.7′N,142°34.7′E,39 km,4.5,震度２,37.91166667,142.5783333
2011/7/4,6:04:50,宮城県沖,38°24.2′N,142°11.5′E,37 km,3.9,震度１,38.40333333,142.1916667
2011/7/4,7:42:17,宮城県沖,38°25.3′N,142°11.0′E,31 km,3.9,震度１,38.42166667,142.1833333
2011/7/4,9:06:10,岩手県沖,40°05.4′N,142°14.1′E,42 km,3.5,震度１,40.09,142.235
2011/7/4,9:17:46,福島県浜通り,37°11.4′N,140°54.2′E,8 km,3,震度１,37.19,140.9033333
2011/7/4,11:07:12,和歌山県南部,33°55.8′N,135°32.8′E,46 km,4.1,震度３,33.93,135.5466667
2011/7/4,11:10:04,和歌山県南部,33°55.8′N,135°32.8′E,46 km,3,震度１,33.93,135.5466667
2011/7/4,11:51:55,福島県中通り,36°59.3′N,140°30.3′E,7 km,3.1,震度１,36.98833333,140.505
2011/7/4,12:24:32,茨城県沖,35°57.3′N,141°14.1′E,27 km,4.2,震度２,35.955,141.235
2011/7/4,16:52:50,福島県沖,37°07.8′N,141°02.4′E,26 km,3.4,震度２,37.13,141.04
2011/7/4,18:55:39,福島県沖,37°24.0′N,141°19.4′E,29 km,4.2,震度２,37.4,141.3233333
2011/7/4,19:10:30,福島県沖,36°51.1′N,141°10.6′E,32 km,3.6,震度１,36.85166667,141.1766667
2011/7/4,19:45:13,岩手県沖,40°06.4′N,142°41.4′E,28 km,4.5,震度２,40.10666667,142.69
2011/7/4,19:59:57,福島県中通り,36°59.3′N,140°30.4′E,6 km,4.4,震度３,36.98833333,140.5066667
2011/7/4,23:00:24,宮城県沖,37°57.2′N,141°51.3′E,41 km,3.9,震度１,37.95333333,141.855
2011/7/4,23:44:45,茨城県北部,36°47.2′N,140°37.3′E,4 km,3.2,震度１,36.78666667,140.6216667
2011/7/4,23:53:55,福島県中通り,37°06.0′N,140°35.6′E,12 km,3.4,震度１,37.1,140.5933333
2011/7/4,23:56:53,新潟県中越地方,37°02.4′N,138°36.7′E,9 km,2.6,震度１,37.04,138.6116667
2011/7/5,0:19:16,宮城県沖,38°58.6′N,142°24.7′E,36 km,4,震度１,38.97666667,142.4116667
2011/7/5,0:53:05,福島県沖,37°27.5′N,141°22.4′E,33 km,3.5,震度１,37.45833333,141.3733333
2011/7/5,1:06:42,岩手県沖,40°09.7′N,142°22.6′E,37 km,4.5,震度２,40.16166667,142.3766667
2011/7/5,2:16:02,茨城県北部,36°36.8′N,140°35.2′E,3 km,2.2,震度２,36.61333333,140.5866667
2011/7/5,6:23:20,長野県中部,36°11.5′N,137°58.8′E,5 km,2.6,震度２,36.19166667,137.98
2011/7/5,8:44:47,宮城県沖,38°57.9′N,142°23.9′E,35 km,3.7,震度１,38.965,142.3983333
2011/7/5,9:09:51,福島県浜通り,37°10.4′N,140°52.6′E,6 km,3.1,震度１,37.17333333,140.8766667
2011/7/5,9:54:44,秋田県内陸南部,39°36.1′N,140°37.1′E,5 km,2.4,震度１,39.60166667,140.6183333
2011/7/5,11:00:50,岩手県沖,39°16.6′N,142°14.2′E,43 km,3.8,震度２,39.27666667,142.2366667
2011/7/5,11:46:02,愛知県東部,34°47.8′N,137°20.2′E,33 km,3,震度１,34.79666667,137.3366667
2011/7/5,16:52:00,茨城県北部,36°50.0′N,140°34.2′E,4 km,4,震度２,36.83333333,140.57
2011/7/5,17:22:53,福島県沖,36°51.5′N,141°09.8′E,34 km,3.4,震度１,36.85833333,141.1633333
2011/7/5,19:18:43,和歌山県北部,33°59.4′N,135°14.0′E,7 km,5.5,震度５強,33.99,135.2333333
2011/7/5,19:21:06,和歌山県北部,33°59.7′N,135°14.1′E,8 km,2.6,震度１,33.995,135.235
2011/7/5,19:34:56,和歌山県北部,33°59.7′N,135°14.5′E,7 km,4.5,震度４,33.995,135.2416667
2011/7/5,19:41:41,和歌山県北部,33°59.7′N,135°14.4′E,7 km,2.1,震度１,33.995,135.24
2011/7/5,20:53:01,和歌山県北部,33°59.4′N,135°14.2′E,7 km,2.5,震度１,33.99,135.2366667
2011/7/5,21:51:56,岩手県沖,39°38.7′N,142°06.4′E,48 km,3.3,震度１,39.645,142.1066667
2011/7/5,22:31:40,日向灘,32°39.9′N,132°18.1′E,39 km,3.5,震度１,32.665,132.3016667
2011/7/5,23:37:42,茨城県南部,36°07.1′N,139°58.9′E,67 km,3.3,震度１,36.11833333,139.9816667
2011/7/6,0:25:42,和歌山県北部,33°59.8′N,135°14.4′E,7 km,2.6,震度１,33.99666667,135.24
2011/7/6,0:57:51,茨城県沖,35°59.4′N,141°06.0′E,21 km,3.5,震度１,35.99,141.1
2011/7/6,1:12:53,福島県浜通り,37°12.8′N,140°55.0′E,9 km,2.8,震度１,37.21333333,140.9166667
2011/7/6,2:44:43,父島近海,28°04.5′N,141°02.8′E,187 km,5,震度１,28.075,141.0466667
2011/7/6,3:41:40,和歌山県北部,33°59.1′N,135°13.6′E,8 km,3,震度１,33.985,135.2266667
2011/7/6,4:54:45,宮城県沖,38°33.8′N,141°57.1′E,37 km,3.7,震度１,38.56333333,141.9516667
2011/7/6,6:02:44,秋田県内陸南部,39°35.6′N,140°37.7′E,5 km,2.3,震度１,39.59333333,140.6283333
2011/7/6,7:06:03,千葉県北東部,35°25.0′N,140°19.4′E,25 km,3.2,震度１,35.41666667,140.3233333
2011/7/6,8:38:08,茨城県沖,36°44.6′N,141°13.3′E,36 km,3.4,震度１,36.74333333,141.2216667
2011/7/6,9:14:04,宮城県沖,38°25.4′N,142°09.0′E,29 km,3.7,震度１,38.42333333,142.15
2011/7/6,11:15:31,茨城県北部,36°39.8′N,140°36.1′E,7 km,2.1,震度１,36.66333333,140.6016667
2011/7/6,14:04:41,宮城県沖,37°58.7′N,142°15.6′E,39 km,4.3,震度１,37.97833333,142.26
2011/7/6,16:22:05,宮城県北部,38°34.9′N,141°00.1′E,12 km,2.5,震度１,38.58166667,141.0016667
2011/7/6,18:29:46,茨城県北部,36°48.9′N,140°34.0′E,6 km,3.2,震度１,36.815,140.5666667
2011/7/6,21:05:32,岩手県沖,39°13.3′N,142°25.9′E,30 km,3.9,震度１,39.22166667,142.4316667
2011/7/7,0:15:00,茨城県沖,36°22.4′N,141°47.2′E,76 km,5.9,震度３,36.37333333,141.7866667
2011/7/7,0:23:40,福島県浜通り,36°59.9′N,140°40.5′E,10 km,3.2,震度１,36.99833333,140.675
2011/7/7,3:50:48,茨城県北部,36°48.9′N,140°34.2′E,6 km,3.6,震度１,36.815,140.57
2011/7/7,4:01:42,トカラ列島近海,29°34.5′N,129°42.3′E,8 km,1.6,震度１,29.575,129.705
2011/7/7,7:31:15,茨城県沖,36°17.4′N,141°05.2′E,41 km,3.6,震度１,36.29,141.0866667
2011/7/7,10:47:54,千葉県東方沖,35°44.5′N,140°59.5′E,35 km,3.5,震度１,35.74166667,140.9916667
2011/7/7,11:02:03,宮城県沖,38°06.3′N,142°24.0′E,34 km,4.3,震度１,38.105,142.4
2011/7/7,12:00:50,茨城県南部,36°08.0′N,139°50.1′E,50 km,3.6,震度２,36.13333333,139.835
2011/7/7,12:04:32,茨城県沖,36°30.8′N,140°41.1′E,55 km,3.1,震度１,36.51333333,140.685
2011/7/7,13:02:04,宮城県沖,38°01.1′N,142°18.1′E,38 km,4.7,震度２,38.01833333,142.3016667
2011/7/7,13:50:06,千葉県北東部,35°44.5′N,140°52.1′E,13 km,3.4,震度１,35.74166667,140.8683333
2011/7/7,14:10:05,福島県沖,37°34.9′N,142°01.8′E,29 km,4.7,震度２,37.58166667,142.03
2011/7/7,15:01:35,福島県沖,37°17.4′N,141°25.3′E,46 km,3.1,震度１,37.29,141.4216667
2011/7/7,15:45:56,福島県会津,37°40.4′N,139°55.8′E,9 km,2.9,震度２,37.67333333,139.93
2011/7/7,15:48:07,茨城県北部,36°42.2′N,140°38.2′E,6 km,3.5,震度２,36.70333333,140.6366667
2011/7/7,17:56:45,福島県中通り,37°06.1′N,140°29.2′E,7 km,2.9,震度１,37.10166667,140.4866667
2011/7/7,18:30:29,福島県浜通り,37°03.7′N,140°46.5′E,8 km,2.7,震度１,37.06166667,140.775
2011/7/7,19:05:58,千葉県北東部,35°24.3′N,140°23.1′E,57 km,3.4,震度１,35.405,140.385
2011/7/7,19:06:34,千葉県北東部,35°24.5′N,140°23.6′E,54 km,3.3,震度１,35.40833333,140.3933333
2011/7/7,20:10:50,千葉県東方沖,35°50.4′N,140°55.1′E,15 km,3.4,震度１,35.84,140.9183333
2011/7/8,1:10:06,宮城県沖,38°50.8′N,142°03.3′E,46 km,3.6,震度１,38.84666667,142.055
2011/7/8,3:34:44,福島県浜通り,37°00.2′N,140°37.3′E,5 km,3.4,震度１,37.00333333,140.6216667
2011/7/8,3:35:42,福島県沖,37°05.8′N,141°07.7′E,55 km,5.6,震度４,37.09666667,141.1283333
2011/7/8,4:10:46,鹿児島県薩摩地方,31°21.6′N,130°27.2′E,155 km,4.2,震度１,31.36,130.4533333
2011/7/8,5:22:23,福島県沖,37°07.8′N,141°06.4′E,54 km,3.2,震度１,37.13,141.1066667
2011/7/8,6:10:52,千葉県北西部,35°44.3′N,140°12.6′E,68 km,3.3,震度１,35.73833333,140.21
2011/7/8,6:25:07,宮城県沖,38°12.6′N,141°35.5′E,55 km,3.1,震度１,38.21,141.5916667
2011/7/8,9:06:00,茨城県南部,36°03.4′N,139°51.7′E,44 km,2.9,震度１,36.05666667,139.8616667
2011/7/8,11:42:57,宮城県沖,38°36.4′N,141°48.3′E,46 km,4,震度３,38.60666667,141.805
2011/7/8,13:51:34,宮城県沖,38°36.9′N,141°54.5′E,48 km,3.7,震度１,38.615,141.9083333
2011/7/8,13:53:53,宮城県沖,38°37.1′N,141°54.9′E,46 km,3.1,震度１,38.61833333,141.915
2011/7/8,13:58:37,千葉県東方沖,35°51.0′N,140°48.1′E,25 km,3.5,震度２,35.85,140.8016667
2011/7/8,14:54:14,種子島近海,30°21.0′N,131°17.0′E,29 km,3.7,震度１,30.35,131.2833333
2011/7/8,15:38:08,茨城県沖,36°27.4′N,141°37.0′E,56 km,4.2,震度１,36.45666667,141.6166667
2011/7/8,15:49:24,福島県浜通り,36°55.6′N,140°40.4′E,7 km,3.5,震度１,36.92666667,140.6733333
2011/7/8,19:08:23,宮城県中部,38°19.4′N,140°41.7′E,12 km,2.2,震度１,38.32333333,140.695
2011/7/8,22:01:01,栃木県北部,36°49.1′N,139°39.6′E,7 km,2.9,震度１,36.81833333,139.66
2011/7/8,22:08:43,宮城県沖,38°25.6′N,142°11.7′E,30 km,4.5,震度２,38.42666667,142.195
2011/7/8,22:10:48,岩手県沖,39°50.4′N,142°14.7′E,43 km,4.9,震度３,39.84,142.245
2011/7/8,22:19:08,茨城県北部,36°36.7′N,140°36.8′E,4 km,2.5,震度２,36.61166667,140.6133333
2011/7/8,22:24:20,宮城県沖,38°26.3′N,141°50.2′E,56 km,3.8,震度１,38.43833333,141.8366667
2011/7/8,23:13:45,茨城県沖,36°30.9′N,140°44.0′E,50 km,3,震度１,36.515,140.7333333
2011/7/8,23:39:16,福島県沖,37°05.2′N,141°05.7′E,54 km,3.3,震度１,37.08666667,141.095
2011/7/9,2:27:28,宮城県北部,38°52.2′N,141°35.7′E,74 km,3.2,震度１,38.87,141.595
2011/7/9,2:37:08,福島県浜通り,36°54.0′N,140°47.3′E,11 km,3.4,震度１,36.9,140.7883333
2011/7/9,4:19:08,宮城県沖,38°33.5′N,141°41.6′E,55 km,2.7,震度１,38.55833333,141.6933333
2011/7/9,5:05:05,茨城県北部,36°48.0′N,140°33.9′E,7 km,3.1,震度２,36.8,140.565
2011/7/9,5:42:13,茨城県沖,36°31.8′N,140°49.5′E,18 km,3.1,震度１,36.53,140.825
2011/7/9,5:55:34,福島県沖,36°52.4′N,141°07.0′E,50 km,3.6,震度２,36.87333333,141.1166667
2011/7/9,6:44:45,福島県浜通り,37°07.4′N,140°55.4′E,9 km,3.4,震度２,37.12333333,140.9233333
2011/7/9,8:23:38,福島県沖,37°26.2′N,141°26.1′E,44 km,3.5,震度２,37.43666667,141.435
2011/7/9,8:46:43,宮城県沖,38°45.3′N,142°09.7′E,34 km,3.6,震度１,38.755,142.1616667
2011/7/9,11:02:21,千葉県東方沖,35°46.3′N,140°54.2′E,10 km,3.2,震度１,35.77166667,140.9033333
2011/7/9,11:11:21,茨城県沖,36°31.8′N,140°49.9′E,18 km,3.8,震度２,36.53,140.8316667
2011/7/9,11:51:42,福島県沖,37°18.2′N,141°13.9′E,39 km,3.7,震度２,37.30333333,141.2316667
2011/7/9,12:40:16,宮城県沖,38°19.6′N,141°53.1′E,63 km,3.9,震度１,38.32666667,141.885
2011/7/9,14:08:15,宮城県沖,38°22.0′N,141°51.6′E,64 km,3.4,震度１,38.36666667,141.86
2011/7/9,16:39:56,福島県沖,37°17.8′N,141°09.6′E,11 km,3.5,震度１,37.29666667,141.16
2011/7/9,17:13:07,福島県沖,37°17.6′N,141°10.0′E,14 km,3.7,震度１,37.29333333,141.1666667
2011/7/9,18:43:39,福島県浜通り,37°05.5′N,140°50.2′E,8 km,3.4,震度２,37.09166667,140.8366667
2011/7/9,19:58:47,長野県北部,36°58.3′N,138°32.4′E,10 km,2.6,震度１,36.97166667,138.54
2011/7/9,20:25:42,宮城県沖,38°42.1′N,141°47.7′E,53 km,3.3,震度２,38.70166667,141.795
2011/7/9,22:35:26,宮城県沖,38°10.1′N,141°40.5′E,51 km,3.7,震度１,38.16833333,141.675
2011/7/9,22:41:43,宮城県沖,38°53.0′N,141°59.1′E,49 km,3.9,震度３,38.88333333,141.985
2011/7/10,0:10:58,茨城県沖,36°47.0′N,141°25.4′E,33 km,4,震度１,36.78333333,141.4233333
2011/7/10,2:02:08,福島県浜通り,37°05.6′N,140°49.7′E,8 km,2.8,震度１,37.09333333,140.8283333
2011/7/10,2:20:22,宮城県沖,38°33.8′N,142°24.3′E,37 km,3.9,震度１,38.56333333,142.405
2011/7/10,5:04:33,宮城県沖,38°16.1′N,141°54.7′E,51 km,3.8,震度１,38.26833333,141.9116667
2011/7/10,5:58:01,静岡県中部,34°54.5′N,138°14.6′E,28 km,3.8,震度２,34.90833333,138.2433333
2011/7/10,7:44:21,青森県東方沖,41°22.1′N,142°11.8′E,58 km,3.4,震度１,41.36833333,142.1966667
2011/7/10,9:57:07,三陸沖,38°01.9′N,143°30.4′E,34 km,7.3,震度４,38.03166667,143.5066667
2011/7/10,10:03:49,三陸沖,37°58.1′N,143°16.3′E,39 km,5,震度１,37.96833333,143.2716667
2011/7/10,11:21:59,宮城県沖,38°38.1′N,141°54.6′E,48 km,3.7,震度１,38.635,141.91
2011/7/10,12:27:37,茨城県沖,36°30.0′N,140°46.6′E,12 km,3.1,震度１,36.5,140.7766667
2011/7/10,12:43:34,三陸沖,37°55.7′N,143°19.3′E,45 km,4.6,震度１,37.92833333,143.3216667
2011/7/10,13:18:12,茨城県沖,36°14.3′N,141°08.8′E,44 km,4.2,震度２,36.23833333,141.1466667
2011/7/10,14:14:34,三陸沖,38°04.2′N,143°15.3′E,38 km,4.7,震度１,38.07,143.255
2011/7/10,14:24:40,三陸沖,37°54.2′N,143°22.0′E,46 km,4.9,震度１,37.90333333,143.3666667
2011/7/10,18:40:19,奄美大島近海,28°33.9′N,129°29.7′E,56 km,3.4,震度１,28.565,129.495
2011/7/10,18:54:51,茨城県沖,36°25.5′N,140°41.8′E,52 km,3.2,震度１,36.425,140.6966667
2011/7/10,19:28:19,福島県中通り,37°05.7′N,140°39.8′E,7 km,3.2,震度２,37.095,140.6633333
2011/7/10,19:37:43,福島県沖,37°07.2′N,141°04.3′E,55 km,3.7,震度２,37.12,141.0716667
2011/7/10,23:52:18,岐阜県飛騨地方,36°13.3′N,137°32.8′E,4 km,1.6,震度１,36.22166667,137.5466667
2011/7/10,23:59:17,岐阜県飛騨地方,36°13.4′N,137°32.8′E,3 km,1.8,震度１,36.22333333,137.5466667
2011/7/11,0:54:24,茨城県沖,36°11.6′N,140°59.2′E,44 km,3.8,震度２,36.19333333,140.9866667
2011/7/11,3:04:17,福島県沖,37°20.6′N,141°21.2′E,49 km,3.6,震度２,37.34333333,141.3533333
2011/7/11,5:07:56,宮城県沖,38°58.8′N,142°24.2′E,33 km,4,震度１,38.98,142.4033333
2011/7/11,7:18:26,宮城県沖,38°32.5′N,141°43.2′E,53 km,3.3,震度１,38.54166667,141.72
2011/7/11,7:55:31,宮城県沖,38°37.1′N,141°54.7′E,47 km,3.3,震度１,38.61833333,141.9116667
2011/7/11,9:09:12,福島県浜通り,37°05.5′N,140°50.1′E,8 km,4.4,震度４,37.09166667,140.835
2011/7/11,9:21:45,福島県会津,37°44.0′N,139°58.3′E,9 km,3.2,震度１,37.73333333,139.9716667
2011/7/11,9:22:05,福島県浜通り,37°05.8′N,140°49.3′E,7 km,2.3,震度１,37.09666667,140.8216667
2011/7/11,9:26:26,福島県沖,37°45.9′N,141°43.5′E,49 km,4.1,震度１,37.765,141.725
2011/7/11,10:36:04,宮城県沖,38°25.4′N,142°12.1′E,35 km,4.6,震度３,38.42333333,142.2016667
2011/7/11,11:02:09,新潟県中越地方,36°59.7′N,138°41.1′E,7 km,2.1,震度２,36.995,138.685
2011/7/11,11:18:14,福島県浜通り,37°05.3′N,140°49.4′E,8 km,2.6,震度１,37.08833333,140.8233333
2011/7/11,11:35:53,和歌山県北部,34°03.6′N,135°15.4′E,8 km,2.7,震度１,34.06,135.2566667
2011/7/11,12:55:43,駿河湾,35°03.2′N,138°40.9′E,14 km,2.2,震度１,35.05333333,138.6816667
2011/7/11,13:29:28,岩手県沖,39°20.5′N,142°03.6′E,48 km,5.1,震度４,39.34166667,142.06
2011/7/11,14:23:24,長野県北部,36°50.1′N,138°33.9′E,0 km,2.9,震度１,36.835,138.565
2011/7/11,17:22:51,岩手県沖,40°00.2′N,142°29.6′E,35 km,3.9,震度１,40.00333333,142.4933333
2011/7/11,17:42:26,岩手県沿岸北部,39°57.0′N,141°46.9′E,14 km,3.4,震度２,39.95,141.7816667
2011/7/11,17:47:18,茨城県沖,36°10.2′N,141°15.7′E,42 km,3.6,震度１,36.17,141.2616667
2011/7/11,19:28:48,岐阜県美濃東部,35°29.3′N,137°21.9′E,62 km,3.5,震度１,35.48833333,137.365
2011/7/11,21:49:12,宮城県沖,38°09.9′N,142°06.8′E,16 km,3.9,震度１,38.165,142.1133333
2011/7/11,23:51:37,福島県浜通り,37°05.0′N,140°46.7′E,8 km,2.5,震度１,37.08333333,140.7783333
2011/7/12,1:12:34,宮城県沖,38°51.8′N,142°10.8′E,42 km,3.2,震度１,38.86333333,142.18
2011/7/12,2:18:44,宮城県沖,38°21.6′N,141°39.9′E,53 km,3.7,震度２,38.36,141.665
2011/7/12,2:42:24,宮城県沖,38°35.0′N,141°37.4′E,56 km,3.4,震度１,38.58333333,141.6233333
2011/7/12,5:13:53,岩手県沖,39°04.3′N,142°24.3′E,35 km,4.1,震度２,39.07166667,142.405
2011/7/12,5:19:10,広島県北部,34°50.1′N,132°54.4′E,18 km,3.3,震度１,34.835,132.9066667
2011/7/12,5:49:07,茨城県北部,36°53.4′N,140°41.4′E,10 km,3.3,震度１,36.89,140.69
2011/7/12,8:09:07,福島県浜通り,37°05.6′N,140°50.3′E,8 km,2.8,震度２,37.09333333,140.8383333
2011/7/12,9:09:48,千島列島,45°39.9′N,151°13.0′E,30 km,5.2,震度１,45.665,151.2166667
2011/7/12,9:11:51,福島県中通り,37°00.3′N,140°32.1′E,5 km,3.3,震度２,37.005,140.535
2011/7/12,9:38:17,福島県浜通り,37°07.2′N,140°50.5′E,7 km,3.5,震度３,37.12,140.8416667
2011/7/12,10:35:05,福島県浜通り,37°06.9′N,140°50.9′E,7 km,3.2,震度２,37.115,140.8483333
2011/7/12,11:53:50,福島県浜通り,37°07.1′N,140°50.6′E,7 km,2.5,震度１,37.11833333,140.8433333
2011/7/12,15:46:57,三陸沖,37°59.7′N,143°21.0′E,39 km,4.4,震度１,37.995,143.35
2011/7/12,17:59:59,宮城県沖,38°45.6′N,142°03.7′E,57 km,4.8,震度４,38.76,142.0616667
2011/7/12,18:39:09,福島県沖,37°36.6′N,141°48.3′E,26 km,4.4,震度２,37.61,141.805
2011/7/12,18:40:41,福島県沖,37°37.1′N,142°02.9′E,25 km,4.5,震度２,37.61833333,142.0483333
2011/7/12,19:22:06,宮城県沖,38°01.7′N,142°16.2′E,40 km,4,震度１,38.02833333,142.27
2011/7/12,20:20:48,茨城県北部,36°42.8′N,140°37.5′E,6 km,2.4,震度１,36.71333333,140.625
2011/7/13,0:37:23,宮城県沖,38°19.8′N,142°00.4′E,47 km,5.1,震度４,38.33,142.0066667
2011/7/13,2:09:08,茨城県北部,36°51.8′N,140°34.9′E,9 km,3.2,震度１,36.86333333,140.5816667
2011/7/13,2:54:59,茨城県沖,36°32.0′N,141°01.9′E,36 km,4,震度２,36.53333333,141.0316667
2011/7/13,4:32:10,三陸沖,37°55.9′N,143°23.0′E,46 km,4.9,震度１,37.93166667,143.3833333
2011/7/13,4:34:06,宮城県沖,38°18.8′N,141°51.8′E,46 km,3.5,震度１,38.31333333,141.8633333
2011/7/13,5:06:33,宮城県沖,38°59.1′N,141°56.5′E,52 km,3.8,震度２,38.985,141.9416667
2011/7/13,5:31:33,福島県沖,37°17.6′N,141°09.1′E,15 km,3.2,震度１,37.29333333,141.1516667
2011/7/13,5:36:40,茨城県北部,36°39.5′N,140°35.6′E,7 km,3.1,震度２,36.65833333,140.5933333
2011/7/13,5:47:10,福島県沖,37°17.4′N,141°10.4′E,14 km,5.3,震度４,37.29,141.1733333
2011/7/13,9:02:29,宮城県沖,38°25.7′N,141°49.9′E,58 km,3.6,震度１,38.42833333,141.8316667
2011/7/13,11:02:06,福島県浜通り,37°13.3′N,140°54.3′E,8 km,3.4,震度２,37.22166667,140.905
2011/7/13,12:21:16,茨城県北部,36°45.3′N,140°34.8′E,7 km,3.1,震度１,36.755,140.58
2011/7/13,12:32:00,千葉県東方沖,35°46.1′N,140°52.1′E,14 km,3.4,震度１,35.76833333,140.8683333
2011/7/13,13:10:53,宮城県沖,38°53.3′N,142°32.0′E,41 km,4.4,震度２,38.88833333,142.5333333
2011/7/13,13:30:53,茨城県北部,36°52.9′N,140°40.3′E,7 km,3.6,震度１,36.88166667,140.6716667
2011/7/13,13:45:38,茨城県沖,36°36.3′N,141°08.2′E,33 km,3.3,震度１,36.605,141.1366667
2011/7/13,16:19:41,石垣島近海,24°59.7′N,123°47.7′E,116 km,5.1,震度２,24.995,123.795
2011/7/13,17:35:02,福島県沖,36°54.8′N,141°27.0′E,31 km,3.9,震度１,36.91333333,141.45
2011/7/13,23:31:24,茨城県沖,36°42.1′N,141°01.8′E,47 km,3.3,震度１,36.70166667,141.03
2011/7/13,23:50:04,茨城県沖,36°10.6′N,141°01.0′E,37 km,3.2,震度１,36.17666667,141.0166667
2011/7/14,0:44:38,茨城県沖,36°25.7′N,141°15.0′E,48 km,4.2,震度２,36.42833333,141.25
2011/7/14,2:43:38,宮城県沖,38°20.0′N,141°59.0′E,47 km,3.9,震度１,38.33333333,141.9833333
2011/7/14,3:49:57,宮城県沖,38°25.3′N,142°10.1′E,32 km,4.2,震度２,38.42166667,142.1683333
2011/7/14,4:13:51,福島県浜通り,37°05.5′N,140°49.8′E,8 km,2.5,震度１,37.09166667,140.83
2011/7/14,4:24:09,長野県北部,36°33.9′N,137°42.5′E,1 km,3.1,震度１,36.565,137.7083333
2011/7/14,4:31:18,福島県浜通り,37°01.8′N,140°39.2′E,10 km,3.3,震度１,37.03,140.6533333
2011/7/14,4:35:43,宮城県沖,38°32.1′N,141°43.0′E,54 km,3.8,震度２,38.535,141.7166667
2011/7/14,5:45:49,長野県北部,36°33.9′N,137°42.1′E,1 km,2.4,震度１,36.565,137.7016667
2011/7/14,6:46:05,三重県南部,34°17.2′N,136°23.1′E,35 km,3.2,震度１,34.28666667,136.385
2011/7/14,7:55:16,茨城県北部,36°41.2′N,140°36.6′E,4 km,2.5,震度１,36.68666667,140.61
2011/7/14,10:34:56,宮城県沖,38°26.1′N,141°50.3′E,57 km,4.8,震度３,38.435,141.8383333
2011/7/14,11:45:48,長野県北部,36°33.9′N,137°42.4′E,0 km,3.2,震度１,36.565,137.7066667
2011/7/14,12:39:27,福島県中通り,37°01.9′N,140°35.8′E,5 km,2.8,震度１,37.03166667,140.5966667
2011/7/14,13:10:49,福島県沖,36°53.7′N,141°31.1′E,29 km,5.4,震度２,36.895,141.5183333
2011/7/14,14:17:27,福島県沖,36°52.1′N,141°28.3′E,30 km,4.3,震度１,36.86833333,141.4716667
2011/7/14,14:48:47,宮城県沖,38°07.2′N,141°46.0′E,55 km,3.8,震度２,38.12,141.7666667
2011/7/14,15:44:37,茨城県沖,36°33.0′N,140°53.2′E,49 km,3,震度１,36.55,140.8866667
2011/7/14,18:50:38,岐阜県飛騨地方,36°03.2′N,137°33.4′E,9 km,3,震度２,36.05333333,137.5566667
2011/7/14,20:42:32,宮城県沖,38°42.2′N,142°02.4′E,48 km,3.8,震度２,38.70333333,142.04
2011/7/14,22:00:05,千葉県東方沖,35°45.7′N,141°00.9′E,13 km,3.6,震度１,35.76166667,141.015
2011/7/15,0:04:16,福島県沖,36°56.6′N,141°05.2′E,50 km,3.5,震度１,36.94333333,141.0866667
2011/7/15,0:37:57,福島県会津,37°05.6′N,139°20.0′E,7 km,2.6,震度１,37.09333333,139.3333333
2011/7/15,1:27:38,千葉県北西部,35°40.8′N,140°01.9′E,68 km,3.5,震度１,35.68,140.0316667
2011/7/15,1:29:05,新潟県中越地方,36°59.8′N,138°41.8′E,12 km,1.8,震度１,36.99666667,138.6966667
2011/7/15,1:47:12,宮城県沖,38°46.5′N,142°01.0′E,55 km,4,震度３,38.775,142.0166667
2011/7/15,2:10:07,伊豆半島東方沖,34°51.7′N,139°14.6′E,11 km,2.8,震度１,34.86166667,139.2433333
2011/7/15,10:31:43,京都府南部,34°45.6′N,135°48.4′E,11 km,3.4,震度２,34.76,135.8066667
2011/7/15,10:59:12,福島県中通り,37°03.6′N,140°33.8′E,3 km,3.3,震度３,37.06,140.5633333
2011/7/15,12:21:46,福島県沖,37°22.3′N,141°20.3′E,30 km,4.1,震度３,37.37166667,141.3383333
2011/7/15,12:25:15,千葉県東方沖,35°39.3′N,140°41.7′E,48 km,3.6,震度２,35.655,140.695
2011/7/15,14:38:15,長野県中部,36°11.4′N,137°58.9′E,4 km,2.7,震度２,36.19,137.9816667
2011/7/15,14:55:04,茨城県沖,36°12.6′N,140°59.7′E,43 km,3.3,震度１,36.21,140.995
2011/7/15,17:53:30,茨城県沖,36°13.7′N,141°04.8′E,46 km,3.9,震度２,36.22833333,141.08
2011/7/15,18:19:30,福島県中通り,37°03.6′N,140°33.8′E,4 km,2.3,震度１,37.06,140.5633333
2011/7/15,20:20:59,秋田県内陸南部,39°34.2′N,140°32.1′E,7 km,2.2,震度１,39.57,140.535
2011/7/15,21:01:11,茨城県南部,36°09.8′N,140°05.0′E,66 km,5.4,震度５弱,36.16333333,140.0833333
2011/7/15,22:52:39,茨城県沖,36°39.5′N,140°51.7′E,42 km,3.2,震度１,36.65833333,140.8616667
2011/7/16,3:00:24,小笠原諸島西方沖,27°05.6′N,140°18.9′E,481 km,5.4,震度１,27.09333333,140.315
2011/7/16,3:05:00,千葉県北東部,35°44.0′N,140°50.3′E,26 km,3.2,震度１,35.73333333,140.8383333
2011/7/16,3:24:58,茨城県北部,36°43.0′N,140°35.2′E,7 km,3.2,震度１,36.71666667,140.5866667
2011/7/16,6:11:55,茨城県北部,36°31.1′N,140°37.4′E,12 km,3.5,震度３,36.51833333,140.6233333
2011/7/16,8:30:54,福島県浜通り,37°01.9′N,140°39.4′E,6 km,3.4,震度１,37.03166667,140.6566667
2011/7/16,8:36:04,新島・神津島近海,34°11.4′N,139°15.6′E,14 km,2.4,震度１,34.19,139.26
2011/7/16,8:53:10,宮城県沖,38°14.9′N,142°15.0′E,40 km,4.1,震度１,38.24833333,142.25
2011/7/16,11:05:21,奄美大島近海,28°17.2′N,129°26.6′E,32 km,3.5,震度２,28.28666667,129.4433333
2011/7/16,14:17:40,福島県沖,37°04.0′N,141°11.8′E,52 km,4.3,震度３,37.06666667,141.1966667
2011/7/16,14:54:34,和歌山県北部,33°59.3′N,135°14.4′E,7 km,2,震度１,33.98833333,135.24
2011/7/16,16:04:58,茨城県沖,36°33.4′N,140°57.6′E,19 km,4.2,震度２,36.55666667,140.96
2011/7/16,17:26:27,茨城県北部,36°43.2′N,140°34.8′E,9 km,3.1,震度１,36.72,140.58
2011/7/16,17:56:39,茨城県北部,36°27.3′N,140°35.7′E,57 km,3.9,震度２,36.455,140.595
2011/7/16,17:57:50,茨城県南部,36°04.3′N,139°52.0′E,46 km,4.1,震度３,36.07166667,139.8666667
2011/7/16,18:27:54,千葉県東方沖,35°47.0′N,140°57.8′E,13 km,3.4,震度１,35.78333333,140.9633333
2011/7/16,19:51:24,奄美大島近海,27°59.0′N,130°17.3′E,31 km,3.4,震度１,27.98333333,130.2883333
2011/7/16,20:41:18,福島県浜通り,37°23.6′N,141°01.7′E,13 km,3.7,震度２,37.39333333,141.0283333
2011/7/16,21:29:59,長野県南部,35°50.5′N,137°43.7′E,8 km,2.7,震度２,35.84166667,137.7283333
2011/7/16,22:23:03,宮城県沖,38°54.9′N,141°56.3′E,52 km,4,震度２,38.915,141.9383333
2011/7/17,1:27:20,茨城県沖,36°33.0′N,140°58.1′E,19 km,4,震度２,36.55,140.9683333
2011/7/17,1:41:58,茨城県沖,36°33.0′N,140°57.8′E,18 km,3.8,震度２,36.55,140.9633333
2011/7/17,2:26:34,茨城県北部,36°43.7′N,140°36.9′E,5 km,2.8,震度１,36.72833333,140.615
2011/7/17,3:43:23,宮城県沖,38°14.8′N,141°51.3′E,63 km,3.5,震度１,38.24666667,141.855
2011/7/17,9:55:44,福島県浜通り,37°01.8′N,140°39.8′E,12 km,4.2,震度３,37.03,140.6633333
2011/7/17,11:36:22,岩手県沖,40°21.3′N,142°05.1′E,51 km,3.8,震度２,40.355,142.085
2011/7/17,12:34:21,茨城県北部,36°42.2′N,140°35.9′E,7 km,3,震度１,36.70333333,140.5983333
2011/7/17,14:03:11,福島県浜通り,37°00.4′N,140°46.9′E,11 km,3.4,震度１,37.00666667,140.7816667
2011/7/17,15:05:39,茨城県沖,36°05.4′N,140°56.2′E,35 km,3.2,震度１,36.09,140.9366667
2011/7/17,15:57:03,福島県浜通り,37°04.3′N,140°40.3′E,11 km,3.5,震度１,37.07166667,140.6716667
2011/7/17,21:18:56,千葉県東方沖,35°49.0′N,140°59.2′E,14 km,3.6,震度１,35.81666667,140.9866667
2011/7/18,2:53:38,福島県沖,37°05.0′N,141°09.9′E,34 km,3.2,震度１,37.08333333,141.165
2011/7/18,3:01:45,茨城県沖,36°34.0′N,141°03.2′E,37 km,3.3,震度１,36.56666667,141.0533333
2011/7/18,3:35:36,茨城県沖,36°32.0′N,140°47.2′E,19 km,3.3,震度１,36.53333333,140.7866667
2011/7/18,3:48:01,兵庫県南西部,35°03.6′N,134°31.9′E,12 km,3.4,震度１,35.06,134.5316667
2011/7/18,3:58:06,茨城県沖,36°30.7′N,141°05.7′E,29 km,3.3,震度１,36.51166667,141.095
2011/7/18,3:59:28,伊豆半島東方沖,34°58.5′N,139°08.1′E,8 km,2.5,震度１,34.975,139.135
2011/7/18,4:21:26,伊豆半島東方沖,34°58.1′N,139°08.7′E,7 km,2.8,震度１,34.96833333,139.145
2011/7/18,5:12:32,茨城県北部,36°43.9′N,140°35.3′E,6 km,3,震度１,36.73166667,140.5883333
2011/7/18,5:21:07,福島県沖,37°31.0′N,141°20.7′E,51 km,3.6,震度１,37.51666667,141.345
2011/7/18,6:07:07,千葉県東方沖,35°48.2′N,140°58.0′E,12 km,3.9,震度１,35.80333333,140.9666667
2011/7/18,7:15:06,千葉県東方沖,35°51.9′N,140°53.5′E,31 km,3.3,震度１,35.865,140.8916667
2011/7/18,10:01:06,千葉県東方沖,35°51.7′N,140°54.0′E,32 km,3.1,震度１,35.86166667,140.9
2011/7/18,15:34:54,福島県中通り,37°03.4′N,140°33.7′E,5 km,2.6,震度１,37.05666667,140.5616667
2011/7/18,15:40:39,茨城県沖,36°32.6′N,140°51.8′E,51 km,3.3,震度１,36.54333333,140.8633333
2011/7/18,17:21:13,宮城県沖,38°09.0′N,141°43.9′E,55 km,3.8,震度２,38.15,141.7316667
2011/7/18,19:01:40,福島県沖,36°52.4′N,141°02.3′E,31 km,3.8,震度１,36.87333333,141.0383333
2011/7/18,19:27:51,茨城県北部,36°22.1′N,140°30.4′E,34 km,2.8,震度１,36.36833333,140.5066667
2011/7/19,1:00:20,宮城県沖,38°19.0′N,142°12.9′E,37 km,4.3,震度１,38.31666667,142.215
2011/7/19,1:31:11,千葉県北東部,35°43.3′N,140°40.9′E,45 km,3,震度１,35.72166667,140.6816667
2011/7/19,3:39:58,福島県浜通り,37°05.5′N,140°51.5′E,10 km,3.5,震度２,37.09166667,140.8583333
2011/7/19,3:41:03,福島県浜通り,37°05.6′N,140°51.3′E,10 km,3.4,震度３,37.09333333,140.855
2011/7/19,3:41:46,福島県浜通り,37°05.4′N,140°51.4′E,10 km,3.5,震度２,37.09,140.8566667
2011/7/19,3:55:11,熊本県天草・芦北地方,32°19.7′N,130°30.4′E,0 km,2.3,震度１,32.32833333,130.5066667
2011/7/19,5:22:42,駿河湾,34°40.5′N,138°41.3′E,13 km,4,震度３,34.675,138.6883333
2011/7/19,6:00:32,福島県沖,37°20.9′N,141°20.7′E,49 km,3.9,震度２,37.34833333,141.345
2011/7/19,8:10:45,岩手県沖,39°07.3′N,142°22.9′E,33 km,4,震度１,39.12166667,142.3816667
2011/7/19,10:38:48,福島県沖,37°19.5′N,141°45.4′E,31 km,5.4,震度３,37.325,141.7566667
2011/7/19,10:57:08,北海道北西沖,44°27.8′N,141°39.1′E,11 km,2.6,震度１,44.46333333,141.6516667
2011/7/19,12:16:45,浦河沖,41°37.5′N,142°03.8′E,73 km,3.3,震度１,41.625,142.0633333
2011/7/19,13:26:26,茨城県北部,36°38.6′N,140°36.8′E,6 km,2.4,震度１,36.64333333,140.6133333
2011/7/19,16:58:50,茨城県北部,36°42.0′N,140°34.9′E,6 km,3,震度１,36.7,140.5816667
2011/7/19,17:23:19,茨城県沖,36°31.9′N,141°00.5′E,34 km,3.1,震度１,36.53166667,141.0083333
2011/7/19,21:18:17,新潟県中越地方,36°56.0′N,138°36.2′E,3 km,1.9,震度１,36.93333333,138.6033333
2011/7/19,21:52:07,福島県浜通り,37°07.7′N,140°44.8′E,5 km,2.7,震度２,37.12833333,140.7466667
2011/7/19,22:08:33,三陸沖,38°05.2′N,143°12.2′E,41 km,4.6,震度１,38.08666667,143.2033333
2011/7/19,23:09:12,秋田県内陸南部,39°33.7′N,140°33.0′E,7 km,3,震度２,39.56166667,140.55
2011/7/20,1:43:13,茨城県沖,36°25.5′N,141°05.1′E,21 km,3.6,震度１,36.425,141.085
2011/7/20,4:07:45,新潟県下越地方,38°00.0′N,139°39.5′E,11 km,2.6,震度１,38,139.6583333
2011/7/20,6:52:02,福島県浜通り,37°05.4′N,140°51.2′E,10 km,2.7,震度１,37.09,140.8533333
2011/7/20,10:02:24,茨城県沖,36°12.9′N,140°58.8′E,43 km,3,震度１,36.215,140.98
2011/7/20,10:35:48,オホーツク海南部,44°37.1′N,145°22.5′E,19 km,4,震度２,44.61833333,145.375
2011/7/20,11:00:17,茨城県北部,36°48.3′N,140°33.6′E,7 km,4,震度２,36.805,140.56
2011/7/20,12:29:48,福島県浜通り,37°05.0′N,140°46.3′E,9 km,3,震度２,37.08333333,140.7716667
2011/7/20,16:37:11,宮城県沖,38°50.1′N,142°27.9′E,41 km,3.4,震度１,38.835,142.465
2011/7/20,18:19:53,千葉県北東部,35°43.0′N,140°41.3′E,48 km,3.1,震度１,35.71666667,140.6883333
2011/7/20,20:17:49,福島県浜通り,37°07.8′N,140°44.7′E,5 km,2.5,震度１,37.13,140.745
2011/7/20,20:30:27,福島県沖,37°16.8′N,141°28.3′E,45 km,4.1,震度２,37.28,141.4716667
2011/7/20,21:58:44,福島県浜通り,37°07.7′N,140°44.6′E,4 km,3.7,震度２,37.12833333,140.7433333
2011/7/20,22:09:40,宮城県沖,38°28.6′N,142°16.3′E,27 km,4.4,震度２,38.47666667,142.2716667
2011/7/20,22:18:02,福島県浜通り,37°07.8′N,140°44.8′E,5 km,2.9,震度１,37.13,140.7466667
2011/7/21,1:12:47,新潟県中越地方,37°01.6′N,138°41.3′E,8 km,2.9,震度３,37.02666667,138.6883333
2011/7/21,1:33:10,新潟県中越地方,37°01.3′N,138°41.4′E,8 km,1.8,震度１,37.02166667,138.69
2011/7/21,2:49:57,福島県浜通り,37°00.0′N,140°46.9′E,10 km,3,震度１,37,140.7816667
2011/7/21,4:18:14,沖縄本島近海,27°13.9′N,128°18.9′E,59 km,5.2,震度４,27.23166667,128.315
2011/7/21,4:25:18,山形県置賜地方,37°48.5′N,140°00.5′E,8 km,3,震度１,37.80833333,140.0083333
2011/7/21,5:31:01,岩手県沖,39°45.1′N,142°21.5′E,41 km,3.7,震度１,39.75166667,142.3583333
2011/7/21,5:45:47,茨城県北部,36°42.6′N,140°35.6′E,7 km,3.4,震度２,36.71,140.5933333
2011/7/21,5:55:38,釧路沖,42°57.8′N,145°18.1′E,48 km,3.3,震度１,42.96333333,145.3016667
2011/7/21,7:03:25,茨城県北部,36°51.1′N,140°34.9′E,6 km,3.2,震度１,36.85166667,140.5816667
2011/7/21,9:51:20,茨城県沖,36°08.5′N,141°15.2′E,46 km,3.6,震度１,36.14166667,141.2533333
2011/7/21,10:03:26,三陸沖,39°36.2′N,143°48.3′E,20 km,5,震度１,39.60333333,143.805
2011/7/21,10:23:14,福島県浜通り,37°15.4′N,140°55.4′E,5 km,2.5,震度１,37.25666667,140.9233333
2011/7/21,10:27:37,茨城県北部,36°44.6′N,140°35.5′E,7 km,3.2,震度１,36.74333333,140.5916667
2011/7/21,17:28:53,福島県浜通り,37°05.9′N,140°49.8′E,9 km,2.4,震度１,37.09833333,140.83
2011/7/21,18:08:06,福島県浜通り,37°05.6′N,140°49.7′E,9 km,3.3,震度２,37.09333333,140.8283333
2011/7/21,19:11:48,茨城県沖,36°03.3′N,140°52.8′E,48 km,2.8,震度１,36.055,140.88
2011/7/21,20:53:51,茨城県北部,36°48.7′N,140°32.8′E,8 km,3.3,震度１,36.81166667,140.5466667
2011/7/21,23:23:08,茨城県沖,36°13.4′N,140°52.5′E,47 km,3.6,震度１,36.22333333,140.875
2011/7/22,0:05:00,茨城県沖,36°24.4′N,140°50.5′E,29 km,2.8,震度１,36.40666667,140.8416667
2011/7/22,3:37:47,福島県中通り,36°52.3′N,140°34.5′E,8 km,3.1,震度１,36.87166667,140.575
2011/7/22,4:27:25,秋田県内陸南部,39°35.5′N,140°38.6′E,5 km,2.4,震度１,39.59166667,140.6433333
2011/7/22,5:01:57,茨城県沖,36°01.7′N,141°04.6′E,39 km,3.8,震度１,36.02833333,141.0766667
2011/7/22,6:14:47,青森県東方沖,41°33.0′N,142°04.5′E,65 km,3.4,震度１,41.55,142.075
2011/7/22,6:38:46,福島県浜通り,37°11.8′N,140°53.7′E,8 km,2.8,震度１,37.19666667,140.895
2011/7/22,6:55:50,福島県浜通り,37°06.4′N,140°45.9′E,5 km,2.7,震度２,37.10666667,140.765
2011/7/22,7:48:36,千葉県東方沖,35°34.7′N,141°03.0′E,37 km,4.4,震度２,35.57833333,141.05
2011/7/22,8:27:21,オホーツク海南部,44°39.0′N,145°24.4′E,15 km,4.1,震度１,44.65,145.4066667
2011/7/22,8:58:46,福島県浜通り,37°00.1′N,140°37.0′E,9 km,3.2,震度１,37.00166667,140.6166667
2011/7/22,9:56:24,三陸沖,39°51.6′N,143°41.3′E,23 km,4.8,震度１,39.86,143.6883333
2011/7/22,10:03:06,秋田県内陸南部,39°33.6′N,140°33.0′E,7 km,2.6,震度１,39.56,140.55
2011/7/22,10:36:19,茨城県北部,36°25.8′N,140°36.9′E,54 km,4,震度２,36.43,140.615
2011/7/22,11:01:34,千葉県東方沖,35°49.4′N,140°58.6′E,13 km,4,震度１,35.82333333,140.9766667
2011/7/22,12:03:09,福島県沖,37°20.0′N,141°18.1′E,29 km,3.5,震度１,37.33333333,141.3016667
2011/7/22,14:43:32,福島県浜通り,37°02.9′N,140°40.6′E,8 km,3.3,震度１,37.04833333,140.6766667
2011/7/22,14:58:27,宮城県沖,38°18.7′N,141°51.8′E,46 km,4.2,震度２,38.31166667,141.8633333
2011/7/22,18:03:07,宮城県沖,38°51.3′N,142°03.1′E,46 km,3.8,震度２,38.855,142.0516667
2011/7/22,18:32:01,福島県沖,37°45.4′N,141°51.7′E,23 km,4.1,震度１,37.75666667,141.8616667
2011/7/22,19:30:23,長野県中部,36°12.2′N,137°56.8′E,5 km,2.1,震度１,36.20333333,137.9466667
2011/7/22,20:17:30,群馬県南部,36°34.2′N,139°20.1′E,7 km,2.9,震度１,36.57,139.335
2011/7/22,22:26:33,福島県浜通り,37°07.2′N,140°50.8′E,7 km,3.3,震度２,37.12,140.8466667
2011/7/23,0:01:52,福島県浜通り,37°07.1′N,140°50.6′E,8 km,2.7,震度１,37.11833333,140.8433333
2011/7/23,3:00:58,福島県会津,37°16.6′N,139°56.3′E,4 km,2.7,震度２,37.27666667,139.9383333
2011/7/23,3:14:26,福島県浜通り,37°07.7′N,140°53.0′E,8 km,2.6,震度１,37.12833333,140.8833333
2011/7/23,3:26:43,浦河沖,41°55.0′N,142°19.2′E,69 km,3.5,震度１,41.91666667,142.32
2011/7/23,5:53:15,秋田県沖,40°18.1′N,139°10.7′E,17 km,3.9,震度１,40.30166667,139.1783333
2011/7/23,6:00:41,福島県浜通り,37°07.9′N,140°52.8′E,8 km,2.9,震度１,37.13166667,140.88
2011/7/23,7:05:22,茨城県北部,36°38.6′N,140°36.4′E,4 km,2.6,震度１,36.64333333,140.6066667
2011/7/23,11:37:13,福島県沖,37°21.5′N,141°37.2′E,26 km,4.6,震度１,37.35833333,141.62
2011/7/23,13:34:24,宮城県沖,38°52.4′N,142°05.4′E,47 km,6.4,震度５強,38.87333333,142.09
2011/7/23,13:43:55,宮城県沖,38°43.4′N,142°10.8′E,36 km,3.3,震度１,38.72333333,142.18
2011/7/23,19:19:48,新潟県中越地方,37°05.4′N,138°37.9′E,11 km,1.7,震度１,37.09,138.6316667
2011/7/23,20:01:04,茨城県北部,36°50.2′N,140°36.3′E,8 km,3.3,震度１,36.83666667,140.605
2011/7/23,23:22:28,茨城県南部,36°10.6′N,140°06.7′E,51 km,4,震度２,36.17666667,140.1116667
2011/7/24,2:20:31,茨城県沖,36°36.2′N,141°14.2′E,45 km,3.7,震度１,36.60333333,141.2366667
2011/7/24,2:43:24,紀伊水道,33°50.4′N,134°58.0′E,13 km,3.1,震度１,33.84,134.9666667
2011/7/24,3:51:55,宮城県沖,38°16.4′N,141°48.3′E,49 km,3.7,震度１,38.27333333,141.805
2011/7/24,6:18:49,茨城県北部,36°43.1′N,140°38.0′E,6 km,2.7,震度１,36.71833333,140.6333333
2011/7/24,7:06:21,福島県沖,37°17.7′N,141°42.1′E,44 km,4.2,震度１,37.295,141.7016667
2011/7/24,7:13:36,茨城県沖,36°19.3′N,141°02.5′E,47 km,3.3,震度１,36.32166667,141.0416667
2011/7/24,8:56:16,宮城県沖,38°24.4′N,141°54.1′E,59 km,4.2,震度３,38.40666667,141.9016667
2011/7/24,9:05:20,茨城県北部,36°44.2′N,140°36.2′E,6 km,2.8,震度１,36.73666667,140.6033333
2011/7/24,9:17:04,茨城県北部,36°41.1′N,140°37.4′E,6 km,2.8,震度１,36.685,140.6233333
2011/7/24,13:17:39,福島県沖,37°27.5′N,141°16.2′E,32 km,3.9,震度２,37.45833333,141.27
2011/7/24,17:42:18,茨城県沖,36°19.6′N,140°54.5′E,37 km,2.9,震度１,36.32666667,140.9083333
2011/7/24,18:59:09,福島県沖,37°30.6′N,141°22.6′E,50 km,3.6,震度１,37.51,141.3766667
2011/7/24,19:03:32,宮城県沖,38°32.6′N,141°43.4′E,53 km,3,震度１,38.54333333,141.7233333
2011/7/24,20:02:52,宮城県沖,38°53.2′N,141°58.0′E,50 km,3.6,震度２,38.88666667,141.9666667
2011/7/24,22:59:45,茨城県北部,36°43.1′N,140°37.8′E,5 km,3.3,震度１,36.71833333,140.63
2011/7/24,23:32:12,三重県南部,33°55.2′N,136°08.3′E,42 km,4.8,震度４,33.92,136.1383333
2011/7/25,0:07:09,宮城県沖,38°50.6′N,142°07.0′E,44 km,5.2,震度３,38.84333333,142.1166667
2011/7/25,1:41:19,奄美大島近海,27°53.6′N,129°04.5′E,17 km,2.9,震度１,27.89333333,129.075
2011/7/25,2:19:31,栃木県南部,36°37.6′N,139°36.8′E,5 km,3.9,震度２,36.62666667,139.6133333
2011/7/25,2:29:52,岩手県沖,39°09.4′N,142°23.2′E,32 km,3.5,震度１,39.15666667,142.3866667
2011/7/25,3:51:25,福島県沖,37°42.5′N,141°37.6′E,46 km,6.3,震度５弱,37.70833333,141.6266667
2011/7/25,4:16:21,茨城県沖,36°03.9′N,141°12.7′E,37 km,4,震度２,36.065,141.2116667
2011/7/25,4:46:00,茨城県北部,36°50.6′N,140°38.0′E,8 km,3.4,震度１,36.84333333,140.6333333
2011/7/25,6:29:30,沖縄本島北西沖,27°06.2′N,127°27.7′E,92 km,4,震度１,27.10333333,127.4616667
2011/7/25,6:30:54,群馬県北部,36°42.6′N,138°45.4′E,5 km,2.7,震度１,36.71,138.7566667
2011/7/25,9:02:36,青森県東方沖,40°40.0′N,141°56.1′E,71 km,3.8,震度２,40.66666667,141.935
2011/7/25,10:04:19,福島県浜通り,37°04.1′N,140°45.2′E,9 km,3.4,震度２,37.06833333,140.7533333
2011/7/25,11:07:15,茨城県沖,36°39.7′N,141°47.1′E,48 km,4.3,震度１,36.66166667,141.785
2011/7/25,18:03:09,茨城県沖,36°47.5′N,140°59.7′E,49 km,3.6,震度１,36.79166667,140.995
2011/7/25,18:12:15,宮城県沖,38°51.3′N,142°05.6′E,44 km,3.6,震度１,38.855,142.0933333
2011/7/25,19:04:39,岩手県沖,39°43.4′N,142°03.0′E,56 km,3.7,震度１,39.72333333,142.05
2011/7/25,19:08:15,宮城県沖,38°32.5′N,141°49.8′E,49 km,3.6,震度２,38.54166667,141.83
2011/7/25,19:11:09,岩手県沖,39°05.6′N,142°24.8′E,30 km,3.9,震度１,39.09333333,142.4133333
2011/7/25,20:03:21,千葉県東方沖,35°14.5′N,141°12.7′E,37 km,4.5,震度１,35.24166667,141.2116667
2011/7/25,20:04:46,宮城県沖,38°33.8′N,142°04.6′E,45 km,5.2,震度３,38.56333333,142.0766667
2011/7/25,20:10:48,宮城県沖,38°33.6′N,142°05.0′E,45 km,4.4,震度２,38.56,142.0833333
2011/7/25,20:32:02,岩手県沿岸北部,40°03.4′N,141°51.8′E,7 km,2.4,震度１,40.05666667,141.8633333
2011/7/25,20:35:45,沖縄本島近海,26°47.5′N,128°25.5′E,31 km,3.9,震度２,26.79166667,128.425
2011/7/25,20:54:49,千葉県東方沖,35°14.6′N,141°13.9′E,37 km,5.7,震度３,35.24333333,141.2316667
2011/7/25,21:04:35,千葉県東方沖,35°15.0′N,141°12.6′E,32 km,4.5,震度１,35.25,141.21
2011/7/25,22:23:44,宮城県沖,38°37.8′N,141°55.8′E,46 km,3.5,震度１,38.63,141.93
2011/7/26,0:23:22,宮城県沖,38°25.0′N,142°05.1′E,32 km,3.4,震度１,38.41666667,142.085
2011/7/26,0:57:17,宮城県沖,38°24.6′N,142°05.5′E,34 km,3.7,震度１,38.41,142.0916667
2011/7/26,2:19:34,宮城県中部,38°19.0′N,140°42.1′E,12 km,2.5,震度１,38.31666667,140.7016667
2011/7/26,3:05:19,奄美大島近海,27°47.2′N,129°50.2′E,62 km,3.8,震度１,27.78666667,129.8366667
2011/7/26,5:20:32,福島県中通り,36°59.9′N,140°29.9′E,5 km,3.1,震度１,36.99833333,140.4983333
2011/7/26,5:35:24,茨城県沖,36°12.1′N,141°01.0′E,36 km,4.3,震度３,36.20166667,141.0166667
2011/7/26,5:39:56,宮城県沖,38°32.2′N,141°49.1′E,50 km,4.6,震度２,38.53666667,141.8183333
2011/7/26,6:33:13,岩手県沖,39°01.9′N,142°44.7′E,24 km,4.9,震度２,39.03166667,142.745
2011/7/26,7:17:15,福島県浜通り,37°04.4′N,140°45.8′E,9 km,2.5,震度１,37.07333333,140.7633333
2011/7/26,7:58:45,浦河沖,42°02.5′N,142°30.3′E,67 km,4.8,震度３,42.04166667,142.505
2011/7/26,8:36:03,宮城県沖,38°16.2′N,141°53.0′E,46 km,3.7,震度１,38.27,141.8833333
2011/7/26,10:29:00,茨城県沖,36°24.2′N,141°00.0′E,31 km,3.3,震度１,36.40333333,141
2011/7/26,14:11:00,岩手県沖,39°52.6′N,142°10.1′E,47 km,3.5,震度１,39.87666667,142.1683333
2011/7/26,15:23:36,宮城県沖,38°52.9′N,141°59.3′E,49 km,3.8,震度１,38.88166667,141.9883333
2011/7/26,20:44:15,千葉県北東部,35°52.0′N,140°30.5′E,17 km,3.3,震度２,35.86666667,140.5083333
2011/7/26,21:02:47,宮城県北部,38°47.2′N,141°28.6′E,12 km,2.4,震度１,38.78666667,141.4766667
2011/7/26,21:31:19,福島県沖,37°31.2′N,141°27.7′E,54 km,3.8,震度１,37.52,141.4616667
2011/7/26,22:35:27,千葉県東方沖,35°48.9′N,140°55.4′E,12 km,4.2,震度２,35.815,140.9233333
2011/7/26,22:36:02,宮城県沖,38°23.6′N,141°49.8′E,59 km,4.4,震度３,38.39333333,141.83
2011/7/26,22:41:29,福島県沖,37°22.8′N,141°30.9′E,44 km,3.9,震度２,37.38,141.515
2011/7/26,23:34:45,宮城県沖,38°50.8′N,142°03.0′E,46 km,3.6,震度１,38.84666667,142.05
2011/7/27,0:28:19,新潟県中越地方,36°58.5′N,138°36.3′E,6 km,1.9,震度２,36.975,138.605
2011/7/27,0:30:05,岩手県沖,39°02.9′N,142°23.0′E,31 km,3.6,震度１,39.04833333,142.3833333
2011/7/27,1:49:55,新潟県中越地方,37°23.3′N,138°36.1′E,18 km,3.7,震度３,37.38833333,138.6016667
2011/7/27,2:29:54,岩手県沖,39°05.9′N,142°23.9′E,34 km,3.8,震度１,39.09833333,142.3983333
2011/7/27,3:07:12,茨城県沖,36°37.5′N,140°56.5′E,48 km,3.2,震度２,36.625,140.9416667
2011/7/27,4:07:14,茨城県沖,36°28.2′N,140°44.3′E,52 km,3.8,震度２,36.47,140.7383333
2011/7/27,4:29:21,福島県沖,37°25.1′N,141°36.3′E,42 km,4,震度１,37.41833333,141.605
2011/7/27,6:36:24,福島県浜通り,37°08.4′N,140°52.4′E,8 km,2.7,震度１,37.14,140.8733333
2011/7/27,7:18:36,福島県中通り,37°00.9′N,140°34.9′E,5 km,3.3,震度２,37.015,140.5816667
2011/7/27,12:08:55,岩手県沖,39°02.9′N,142°11.0′E,57 km,3.6,震度１,39.04833333,142.1833333
2011/7/27,17:48:52,福島県沖,37°19.0′N,141°16.4′E,50 km,3.1,震度１,37.31666667,141.2733333
2011/7/27,20:54:47,長野県北部,36°57.3′N,138°31.2′E,8 km,2.6,震度１,36.955,138.52
2011/7/27,21:33:07,茨城県北部,36°41.9′N,140°38.0′E,7 km,3.2,震度３,36.69833333,140.6333333
2011/7/27,22:01:26,茨城県北部,36°41.5′N,140°37.6′E,7 km,2.8,震度１,36.69166667,140.6266667
2011/7/27,23:49:58,岩手県沖,40°06.1′N,142°47.8′E,25 km,4.9,震度２,40.10166667,142.7966667
2011/7/28,1:59:02,山形県置賜地方,37°48.5′N,140°00.2′E,9 km,2.7,震度１,37.80833333,140.0033333
2011/7/28,3:35:44,宮城県沖,38°41.3′N,142°14.1′E,40 km,3.7,震度１,38.68833333,142.235
2011/7/28,3:45:37,福島県沖,37°18.7′N,141°56.3′E,38 km,4.1,震度１,37.31166667,141.9383333
2011/7/28,4:09:02,福島県沖,37°38.1′N,141°48.5′E,33 km,4,震度１,37.635,141.8083333
2011/7/28,4:28:42,茨城県沖,36°46.5′N,141°04.0′E,52 km,3.9,震度１,36.775,141.0666667
2011/7/28,5:23:01,千葉県東方沖,35°47.4′N,141°00.9′E,20 km,4.1,震度２,35.79,141.015
2011/7/28,5:24:02,福島県沖,37°04.8′N,141°09.2′E,48 km,3.4,震度１,37.08,141.1533333
2011/7/28,7:30:50,宮城県沖,38°29.3′N,142°12.0′E,33 km,3.5,震度１,38.48833333,142.2
2011/7/28,17:02:23,茨城県沖,36°18.8′N,140°55.2′E,33 km,3.1,震度１,36.31333333,140.92
2011/7/28,18:01:33,三陸沖,40°17.7′N,143°31.4′E,3 km,5.7,震度２,40.295,143.5233333
2011/7/28,18:40:50,宮城県沖,38°21.2′N,141°46.9′E,50 km,3.9,震度２,38.35333333,141.7816667
2011/7/28,20:53:20,福島県浜通り,37°07.5′N,140°39.7′E,7 km,3.3,震度１,37.125,140.6616667
2011/7/28,23:16:19,岩手県沖,39°01.7′N,142°43.8′E,21 km,4,震度１,39.02833333,142.73
2011/7/29,1:01:38,宮城県沖,38°47.7′N,142°01.3′E,56 km,4.1,震度３,38.795,142.0216667
2011/7/29,1:34:59,福井県嶺北,36°10.8′N,136°16.8′E,10 km,2.6,震度１,36.18,136.28
2011/7/29,1:50:23,岩手県沖,39°02.2′N,142°26.9′E,29 km,3.8,震度１,39.03666667,142.4483333
2011/7/29,2:45:11,福島県沖,37°17.2′N,141°42.5′E,42 km,4,震度１,37.28666667,141.7083333
2011/7/29,4:25:26,茨城県沖,36°30.9′N,140°55.9′E,15 km,3.6,震度１,36.515,140.9316667
2011/7/29,5:33:31,長野県南部,35°32.2′N,137°47.8′E,8 km,2.2,震度１,35.53666667,137.7966667
2011/7/29,5:46:57,茨城県北部,36°41.3′N,140°35.7′E,8 km,3.3,震度２,36.68833333,140.595
2011/7/29,6:21:58,千葉県東方沖,35°37.1′N,140°44.0′E,46 km,3.2,震度１,35.61833333,140.7333333
2011/7/29,6:51:09,宮城県沖,38°27.6′N,141°58.2′E,52 km,3.2,震度１,38.46,141.97
2011/7/29,7:07:21,茨城県沖,36°31.1′N,140°54.5′E,14 km,4,震度２,36.51833333,140.9083333
2011/7/29,7:11:51,千葉県東方沖,35°45.4′N,140°59.2′E,13 km,4.2,震度２,35.75666667,140.9866667
2011/7/29,8:29:32,茨城県沖,36°34.0′N,140°54.9′E,49 km,3.2,震度１,36.56666667,140.915
2011/7/29,10:16:18,茨城県沖,36°30.6′N,140°54.8′E,15 km,3.2,震度１,36.51,140.9133333
2011/7/29,10:38:28,茨城県沖,36°12.4′N,140°58.3′E,43 km,3.3,震度１,36.20666667,140.9716667
2011/7/29,10:59:11,茨城県沖,36°37.9′N,141°03.9′E,26 km,4.3,震度２,36.63166667,141.065
2011/7/29,14:37:16,福島県浜通り,37°01.6′N,140°45.2′E,9 km,3.2,震度１,37.02666667,140.7533333
2011/7/29,16:48:19,沖縄本島近海,26°39.9′N,127°45.6′E,47 km,3.5,震度１,26.665,127.76
2011/7/29,17:08:58,宮城県中部,38°19.1′N,140°42.1′E,12 km,2.7,震度２,38.31833333,140.7016667
2011/7/29,19:58:57,茨城県北部,36°49.8′N,140°35.3′E,8 km,4.1,震度２,36.83,140.5883333
2011/7/29,21:14:00,茨城県北部,36°52.5′N,140°40.9′E,9 km,3.8,震度２,36.875,140.6816667
2011/7/29,23:53:17,福島県沖,36°41.2′N,142°08.0′E,29 km,5.6,震度３,36.68666667,142.1333333
2011/7/30,2:07:10,千葉県東方沖,35°37.6′N,141°00.7′E,15 km,3.9,震度１,35.62666667,141.0116667
2011/7/30,3:27:44,福島県沖,36°40.4′N,142°05.1′E,13 km,4.7,震度１,36.67333333,142.085
2011/7/30,5:51:50,茨城県北部,36°44.9′N,140°35.1′E,7 km,2.9,震度１,36.74833333,140.585
2011/7/30,6:29:14,福島県沖,37°28.5′N,141°29.6′E,38 km,3.6,震度１,37.475,141.4933333
2011/7/30,8:18:37,宮城県沖,38°27.4′N,142°16.5′E,31 km,4.3,震度２,38.45666667,142.275
2011/7/30,8:26:15,千葉県東方沖,35°46.1′N,141°08.5′E,14 km,4,震度１,35.76833333,141.1416667
2011/7/30,8:41:12,秋田県内陸南部,39°35.6′N,140°38.7′E,5 km,2.6,震度１,39.59333333,140.645
2011/7/30,8:44:12,宮城県沖,38°53.8′N,141°57.1′E,50 km,3.9,震度２,38.89666667,141.9516667
2011/7/30,10:07:05,和歌山県北部,34°05.3′N,135°13.1′E,7 km,4,震度３,34.08833333,135.2183333
2011/7/30,12:02:17,和歌山県北部,34°15.9′N,135°24.4′E,7 km,3.1,震度２,34.265,135.4066667
2011/7/30,12:16:09,栃木県北部,37°06.0′N,139°51.1′E,9 km,3.4,震度２,37.1,139.8516667
2011/7/30,12:37:09,茨城県北部,36°41.8′N,140°37.2′E,8 km,3.2,震度１,36.69666667,140.62
2011/7/30,13:07:35,茨城県沖,35°54.9′N,141°02.2′E,30 km,3.7,震度２,35.915,141.0366667
2011/7/30,14:42:32,山形県村山地方,38°31.8′N,139°59.1′E,5 km,3.7,震度２,38.53,139.985
2011/7/30,15:07:07,茨城県北部,36°30.4′N,140°32.8′E,57 km,3.3,震度１,36.50666667,140.5466667
2011/7/30,16:22:30,和歌山県北部,34°05.3′N,135°13.1′E,7 km,2.6,震度１,34.08833333,135.2183333
2011/7/30,19:38:40,紀伊水道,34°14.0′N,135°06.9′E,7 km,2.5,震度１,34.23333333,135.115
2011/7/30,21:08:24,三陸沖,39°08.9′N,142°54.1′E,25 km,4.4,震度１,39.14833333,142.9016667
2011/7/30,21:18:03,和歌山県北部,34°02.2′N,135°16.2′E,6 km,3.2,震度２,34.03666667,135.27
2011/7/30,23:38:16,茨城県沖,36°13.7′N,141°03.3′E,41 km,3.7,震度１,36.22833333,141.055
2011/7/31,0:06:38,福島県浜通り,36°54.0′N,140°39.3′E,9 km,3.5,震度１,36.9,140.655
2011/7/31,1:07:54,宮城県中部,38°19.1′N,140°41.9′E,12 km,3,震度２,38.31833333,140.6983333
2011/7/31,1:09:06,福島県沖,37°26.9′N,141°52.5′E,39 km,4,震度２,37.44833333,141.875
2011/7/31,1:13:39,宮城県中部,38°19.1′N,140°41.9′E,12 km,2.3,震度１,38.31833333,140.6983333
2011/7/31,1:21:59,福島県浜通り,37°05.4′N,140°51.4′E,10 km,3.4,震度２,37.09,140.8566667
2011/7/31,1:51:55,山梨県東部・富士五湖,35°32.8′N,139°05.1′E,21 km,2.9,震度１,35.54666667,139.085
2011/7/31,3:53:51,福島県沖,36°54.1′N,141°13.2′E,57 km,6.5,震度５強,36.90166667,141.22
2011/7/31,3:57:30,福島県沖,36°57.2′N,141°05.6′E,49 km,3.2,震度１,36.95333333,141.0933333
2011/7/31,3:59:18,福島県沖,36°55.9′N,141°08.3′E,50 km,3.3,震度１,36.93166667,141.1383333
2011/7/31,4:05:36,福島県沖,36°56.7′N,141°08.2′E,50 km,3.9,震度２,36.945,141.1366667
2011/7/31,4:12:43,福島県沖,36°56.0′N,141°11.7′E,55 km,3.1,震度１,36.93333333,141.195
2011/7/31,4:23:42,根室半島南東沖,43°10.7′N,146°36.5′E,53 km,4,震度１,43.17833333,146.6083333
2011/7/31,4:33:12,福島県沖,36°56.2′N,141°10.1′E,53 km,3.6,震度１,36.93666667,141.1683333
2011/7/31,4:43:35,福島県沖,36°57.6′N,141°09.3′E,52 km,2.8,震度１,36.96,141.155
2011/7/31,6:25:19,福島県沖,37°27.1′N,141°56.2′E,21 km,4.2,震度１,37.45166667,141.9366667
2011/7/31,6:45:09,福島県沖,36°56.0′N,141°07.7′E,50 km,3.3,震度１,36.93333333,141.1283333
2011/7/31,10:04:20,日向灘,32°24.1′N,131°47.0′E,35 km,3.3,震度１,32.40166667,131.7833333
2011/7/31,12:06:55,宮城県沖,38°39.5′N,142°02.0′E,45 km,4,震度２,38.65833333,142.0333333
2011/7/31,12:30:15,広島県南西部,34°36.5′N,132°40.0′E,21 km,3,震度１,34.60833333,132.6666667
2011/7/31,13:58:12,宮城県沖,38°24.4′N,142°16.8′E,33 km,3.6,震度１,38.40666667,142.28
2011/7/31,14:20:24,青森県東方沖,40°58.4′N,142°00.0′E,57 km,4,震度３,40.97333333,142
2011/7/31,15:39:40,宮城県沖,38°42.4′N,141°46.8′E,54 km,2.9,震度１,38.70666667,141.78
2011/7/31,17:28:53,宮城県沖,38°51.0′N,142°05.2′E,45 km,3.8,震度１,38.85,142.0866667
2011/7/31,17:42:02,茨城県南部,36°01.5′N,140°05.1′E,63 km,3.3,震度１,36.025,140.085
2011/7/31,17:46:26,岩手県沖,39°00.8′N,142°26.9′E,34 km,4.2,震度１,39.01333333,142.4483333
2011/7/31,18:05:06,福島県沖,36°53.8′N,141°11.6′E,56 km,3.9,震度２,36.89666667,141.1933333
2011/7/31,18:34:16,福島県沖,37°32.4′N,141°19.6′E,27 km,3.5,震度１,37.54,141.3266667
2011/7/31,21:40:04,宮城県沖,38°38.2′N,141°54.6′E,49 km,4.1,震度２,38.63666667,141.91
2011/7/31,22:40:35,福島県沖,37°10.4′N,141°11.4′E,31 km,3.9,震度２,37.17333333,141.19
2011/7/31,23:48:52,宮城県沖,38°48.8′N,142°00.0′E,47 km,3.4,震度１,38.81333333,142
2011/8/1,0:27:35,福島県沖,36°56.4′N,141°08.4′E,51 km,3.9,震度２,36.94,141.14
2011/8/1,2:08:38,茨城県沖,36°31.6′N,140°53.4′E,49 km,3.3,震度１,36.52666667,140.89
2011/8/1,2:32:22,茨城県沖,36°38.5′N,141°03.1′E,27 km,4.3,震度２,36.64166667,141.0516667
2011/8/1,2:35:57,浦河沖,41°42.5′N,143°00.7′E,37 km,5.5,震度４,41.70833333,143.0116667
2011/8/1,3:26:36,福島県沖,36°56.8′N,141°09.3′E,53 km,3.2,震度１,36.94666667,141.155
2011/8/1,3:31:41,新潟県上越地方,36°56.5′N,138°10.5′E,0 km,1.4,震度１,36.94166667,138.175
2011/8/1,3:45:24,浦河沖,41°44.6′N,142°58.7′E,34 km,3.5,震度１,41.74333333,142.9783333
2011/8/1,4:33:49,宮城県沖,38°43.3′N,142°20.4′E,43 km,4.6,震度２,38.72166667,142.34
2011/8/1,9:15:10,千葉県東方沖,35°52.2′N,140°55.1′E,16 km,3.6,震度１,35.87,140.9183333
2011/8/1,12:50:10,千葉県東方沖,35°45.7′N,140°53.1′E,10 km,3.2,震度１,35.76166667,140.885
2011/8/1,13:29:20,福島県沖,36°44.7′N,141°47.5′E,52 km,4.8,震度２,36.745,141.7916667
2011/8/1,15:54:59,宮城県沖,38°39.2′N,142°09.0′E,42 km,4.6,震度３,38.65333333,142.15
2011/8/1,19:01:37,駿河湾,34°51.5′N,138°24.2′E,21 km,2.4,震度１,34.85833333,138.4033333
2011/8/1,20:09:16,沖縄本島近海,27°13.9′N,128°18.8′E,59 km,3.3,震度１,27.23166667,128.3133333
2011/8/1,20:43:24,茨城県沖,36°36.7′N,140°51.8′E,75 km,3.2,震度１,36.61166667,140.8633333
2011/8/1,21:48:32,和歌山県北部,34°02.6′N,135°16.5′E,6 km,2.7,震度２,34.04333333,135.275
2011/8/1,22:44:48,岩手県沖,39°48.9′N,142°15.2′E,43 km,5.8,震度４,39.815,142.2533333
2011/8/1,22:47:25,岩手県沖,39°11.1′N,142°23.2′E,29 km,4.5,震度２,39.185,142.3866667
2011/8/1,22:48:12,父島近海,27°19.4′N,141°38.5′E,120 km,4.7,震度２,27.32333333,141.6416667
2011/8/1,23:54:19,青森県東方沖,40°58.1′N,142°01.1′E,57 km,3.8,震度２,40.96833333,142.0183333
2011/8/1,23:58:11,駿河湾,34°42.4′N,138°32.9′E,23 km,6.2,震度５弱,34.70666667,138.5483333
2011/8/2,0:03:18,駿河湾,34°40.2′N,138°34.0′E,23 km,3.1,震度１,34.67,138.5666667
2011/8/2,0:14:53,駿河湾,34°42.4′N,138°33.9′E,23 km,3.1,震度１,34.70666667,138.565
2011/8/2,0:23:16,茨城県沖,36°49.5′N,141°18.6′E,37 km,4.8,震度２,36.825,141.31
2011/8/2,0:48:41,駿河湾,34°43.8′N,138°32.9′E,25 km,2.8,震度１,34.73,138.5483333
2011/8/2,2:52:25,宮城県沖,38°53.3′N,142°03.6′E,46 km,3,震度１,38.88833333,142.06
2011/8/2,4:44:12,駿河湾,34°40.7′N,138°32.4′E,24 km,3.1,震度１,34.67833333,138.54
2011/8/2,10:46:14,福島県会津,37°39.9′N,139°55.8′E,9 km,3.5,震度３,37.665,139.93
2011/8/2,11:15:32,福島県会津,37°39.9′N,139°55.7′E,9 km,2.7,震度１,37.665,139.9283333
2011/8/2,12:37:44,千葉県北西部,35°48.0′N,140°06.8′E,64 km,4.1,震度２,35.8,140.1133333
2011/8/2,13:39:40,福島県会津,37°39.8′N,139°55.7′E,9 km,3.6,震度３,37.66333333,139.9283333
2011/8/2,14:56:13,福島県会津,37°39.9′N,139°55.5′E,8 km,2.4,震度１,37.665,139.925
2011/8/2,15:49:07,宮城県沖,38°44.7′N,141°42.8′E,52 km,3.2,震度１,38.745,141.7133333
2011/8/2,16:15:36,長野県北部,36°59.1′N,138°30.4′E,8 km,2.6,震度１,36.985,138.5066667
2011/8/2,16:54:19,茨城県沖,36°14.0′N,140°59.7′E,42 km,3.1,震度１,36.23333333,140.995
2011/8/2,18:13:55,福島県沖,37°24.0′N,141°17.0′E,30 km,3.4,震度１,37.4,141.2833333
2011/8/3,1:44:24,宮城県沖,38°44.4′N,142°27.4′E,43 km,4,震度１,38.74,142.4566667
2011/8/3,2:16:59,岩手県沖,39°07.2′N,142°06.3′E,46 km,3.6,震度１,39.12,142.105
2011/8/3,3:13:46,福島県中通り,37°02.2′N,140°31.4′E,8 km,3,震度１,37.03666667,140.5233333
2011/8/3,3:40:11,宮城県沖,38°22.3′N,142°05.6′E,37 km,3.7,震度１,38.37166667,142.0933333
2011/8/3,3:53:34,茨城県北部,36°38.9′N,140°36.0′E,6 km,2.1,震度１,36.64833333,140.6
2011/8/3,4:26:04,千葉県北西部,35°46.7′N,140°08.2′E,65 km,4.1,震度２,35.77833333,140.1366667
2011/8/3,5:08:16,宮城県沖,38°38.6′N,141°43.5′E,49 km,4,震度２,38.64333333,141.725
2011/8/3,5:43:48,千葉県東方沖,35°30.1′N,140°53.1′E,23 km,3,震度１,35.50166667,140.885
2011/8/3,5:56:57,茨城県北部,36°42.0′N,140°36.9′E,6 km,3.5,震度２,36.7,140.615
2011/8/3,6:22:36,日高地方東部,42°19.3′N,143°03.3′E,49 km,3.8,震度２,42.32166667,143.055
2011/8/3,8:33:42,千葉県東方沖,35°41.7′N,140°52.2′E,20 km,3.8,震度２,35.695,140.87
2011/8/3,9:04:14,茨城県北部,36°25.6′N,140°36.1′E,53 km,3.2,震度１,36.42666667,140.6016667
2011/8/3,12:41:01,岩手県沖,40°15.2′N,142°29.0′E,35 km,4,震度１,40.25333333,142.4833333
2011/8/3,15:07:44,岩手県沖,39°28.8′N,142°30.9′E,25 km,3.8,震度１,39.48,142.515
2011/8/3,15:31:39,茨城県沖,36°31.7′N,140°47.2′E,53 km,3.3,震度１,36.52833333,140.7866667
2011/8/3,19:24:14,岩手県沖,39°04.8′N,142°25.3′E,36 km,3.8,震度１,39.08,142.4216667
2011/8/3,20:30:08,茨城県南部,36°10.8′N,140°04.4′E,66 km,3,震度１,36.18,140.0733333
2011/8/3,22:03:20,兵庫県南東部,35°11.5′N,135°06.0′E,15 km,2.5,震度１,35.19166667,135.1
2011/8/3,22:51:45,福島県沖,37°47.9′N,141°31.6′E,48 km,3.8,震度１,37.79833333,141.5266667
2011/8/4,0:26:54,福島県会津,37°40.2′N,139°56.1′E,9 km,2.8,震度２,37.67,139.935
2011/8/4,1:32:28,福島県沖,37°02.8′N,141°23.8′E,25 km,4.5,震度１,37.04666667,141.3966667
2011/8/4,2:12:09,福島県浜通り,37°06.3′N,140°41.4′E,7 km,2.8,震度１,37.105,140.69
2011/8/4,2:38:56,東京湾,35°33.8′N,139°59.2′E,11 km,2.3,震度１,35.56333333,139.9866667
2011/8/4,3:05:02,茨城県沖,36°11.6′N,140°54.5′E,33 km,3.2,震度１,36.19333333,140.9083333
2011/8/4,4:44:19,千葉県北東部,35°54.8′N,140°23.1′E,27 km,2.8,震度１,35.91333333,140.385
2011/8/4,5:23:06,浦河沖,41°44.1′N,143°00.1′E,34 km,3.5,震度１,41.735,143.0016667
2011/8/4,7:33:43,宮城県沖,38°18.2′N,141°59.9′E,47 km,4.2,震度２,38.30333333,141.9983333
2011/8/4,8:51:52,岩手県沖,39°45.2′N,142°21.9′E,41 km,4.1,震度２,39.75333333,142.365
2011/8/4,10:01:34,福島県浜通り,37°07.8′N,140°40.0′E,7 km,3.1,震度１,37.13,140.6666667
2011/8/4,14:09:12,茨城県北部,36°42.5′N,140°35.5′E,8 km,3.6,震度２,36.70833333,140.5916667
2011/8/4,14:12:16,茨城県北部,36°42.8′N,140°34.7′E,8 km,2.8,震度１,36.71333333,140.5783333
2011/8/4,16:23:35,茨城県北部,36°42.5′N,140°36.0′E,9 km,3.1,震度２,36.70833333,140.6
2011/8/4,18:07:21,福島県会津,37°39.9′N,139°55.7′E,9 km,2.6,震度１,37.665,139.9283333
2011/8/4,19:55:30,福島県沖,37°11.8′N,141°22.1′E,49 km,3.4,震度１,37.19666667,141.3683333
2011/8/5,0:09:21,種子島近海,30°29.7′N,130°20.8′E,82 km,4.1,震度１,30.495,130.3466667
2011/8/5,1:23:48,宮城県沖,38°37.6′N,141°55.8′E,48 km,3.6,震度２,38.62666667,141.93
2011/8/5,2:21:25,浦河沖,42°02.2′N,142°42.7′E,51 km,3.3,震度１,42.03666667,142.7116667
2011/8/5,2:45:30,千葉県東方沖,35°46.4′N,140°52.6′E,11 km,4.3,震度３,35.77333333,140.8766667
2011/8/5,6:51:41,千葉県南東沖,34°55.5′N,140°05.2′E,64 km,3.7,震度２,34.925,140.0866667
2011/8/5,7:12:32,福島県中通り,37°06.3′N,140°32.3′E,9 km,2.9,震度１,37.105,140.5383333
2011/8/5,7:38:32,駿河湾,34°40.3′N,138°33.9′E,24 km,3.2,震度１,34.67166667,138.565
2011/8/5,9:29:54,房総半島南方沖,34°26.2′N,140°13.0′E,56 km,3.9,震度１,34.43666667,140.2166667
2011/8/5,12:28:39,宮城県沖,38°19.5′N,142°08.1′E,35 km,3.6,震度１,38.325,142.135
2011/8/5,13:14:19,宮城県沖,38°35.7′N,142°09.1′E,38 km,4,震度１,38.595,142.1516667
2011/8/5,17:42:37,福島県沖,36°56.9′N,141°11.7′E,55 km,3.8,震度２,36.94833333,141.195
2011/8/5,18:00:49,岩手県沿岸南部,39°04.5′N,141°33.5′E,71 km,3.2,震度１,39.075,141.5583333
2011/8/5,18:06:44,長野県中部,36°12.3′N,137°56.3′E,5 km,2.2,震度１,36.205,137.9383333
2011/8/5,19:53:19,岩手県沖,40°07.4′N,142°28.7′E,34 km,4.9,震度３,40.12333333,142.4783333
2011/8/5,20:16:02,福島県浜通り,37°07.2′N,140°50.8′E,7 km,4.7,震度４,37.12,140.8466667
2011/8/5,20:25:55,福島県沖,37°18.8′N,141°59.7′E,29 km,4.3,震度１,37.31333333,141.995
2011/8/5,21:28:03,茨城県南部,36°20.1′N,140°02.6′E,72 km,3.8,震度２,36.335,140.0433333
2011/8/5,21:51:05,福島県浜通り,37°06.8′N,140°50.1′E,5 km,2.1,震度１,37.11333333,140.835
2011/8/5,22:09:57,福島県浜通り,37°06.6′N,140°47.8′E,4 km,1.9,震度１,37.11,140.7966667
2011/8/5,23:27:27,岩手県沖,39°05.4′N,142°08.4′E,45 km,3.2,震度１,39.09,142.14
2011/8/5,23:42:47,福島県浜通り,37°06.5′N,140°49.9′E,5 km,2.2,震度１,37.10833333,140.8316667
2011/8/6,1:30:51,福島県浜通り,37°07.6′N,140°50.5′E,6 km,3.2,震度２,37.12666667,140.8416667
2011/8/6,2:21:15,千葉県東方沖,35°49.9′N,140°51.2′E,13 km,3.3,震度１,35.83166667,140.8533333
2011/8/6,3:25:47,与那国島近海,23°58.8′N,122°25.2′E,14 km,4.5,震度１,23.98,122.42
2011/8/6,4:53:32,福島県浜通り,37°07.4′N,140°51.3′E,6 km,2.4,震度１,37.12333333,140.855
2011/8/6,5:02:48,福島県浜通り,37°07.1′N,140°51.1′E,6 km,2.3,震度１,37.11833333,140.8516667
2011/8/6,7:05:59,福島県沖,36°57.0′N,141°12.6′E,55 km,3.2,震度１,36.95,141.21
2011/8/6,7:52:09,福島県中通り,37°04.2′N,140°26.6′E,6 km,2.8,震度１,37.07,140.4433333
2011/8/6,9:31:22,福島県沖,37°02.7′N,141°22.2′E,33 km,3.4,震度１,37.045,141.37
2011/8/6,11:00:21,福島県沖,37°11.9′N,141°04.8′E,32 km,3.7,震度２,37.19833333,141.08
2011/8/6,11:32:14,福島県浜通り,37°07.5′N,140°51.3′E,7 km,2.2,震度１,37.125,140.855
2011/8/6,11:52:42,福島県浜通り,37°07.2′N,140°52.3′E,7 km,2.7,震度１,37.12,140.8716667
2011/8/6,11:54:18,福島県浜通り,37°07.5′N,140°51.3′E,7 km,3.8,震度３,37.125,140.855
2011/8/6,14:31:42,茨城県沖,36°30.7′N,140°55.7′E,16 km,3.3,震度１,36.51166667,140.9283333
2011/8/6,15:12:59,新潟県中越地方,37°00.9′N,138°46.2′E,0 km,1.9,震度１,37.015,138.77
2011/8/6,16:10:17,茨城県北部,36°41.2′N,140°36.5′E,4 km,3.1,震度１,36.68666667,140.6083333
2011/8/6,16:12:33,茨城県北部,36°41.2′N,140°36.1′E,4 km,3.1,震度２,36.68666667,140.6016667
2011/8/6,16:14:52,千葉県東方沖,35°20.3′N,141°09.4′E,28 km,5.2,震度３,35.33833333,141.1566667
2011/8/6,16:42:51,福島県沖,36°55.0′N,141°09.0′E,52 km,3.4,震度１,36.91666667,141.15
2011/8/6,18:30:47,千葉県東方沖,35°19.9′N,141°10.3′E,26 km,3.9,震度１,35.33166667,141.1716667
2011/8/6,18:53:25,福島県中通り,37°04.7′N,140°32.3′E,7 km,2.3,震度２,37.07833333,140.5383333
2011/8/6,19:07:08,宮城県沖,38°37.1′N,141°54.5′E,48 km,2.9,震度１,38.61833333,141.9083333
2011/8/6,20:30:17,福島県浜通り,37°05.8′N,140°48.6′E,7 km,2.4,震度１,37.09666667,140.81
2011/8/6,20:42:33,福島県浜通り,37°04.7′N,140°48.3′E,4 km,2.3,震度１,37.07833333,140.805
2011/8/6,21:37:44,茨城県沖,36°03.1′N,141°17.8′E,40 km,4.1,震度１,36.05166667,141.2966667
2011/8/6,23:45:36,福島県沖,37°03.1′N,141°08.8′E,51 km,4.3,震度２,37.05166667,141.1466667
2011/8/7,0:18:31,茨城県北部,36°41.0′N,140°37.5′E,7 km,2.2,震度１,36.68333333,140.625
2011/8/7,0:43:23,茨城県沖,36°34.4′N,140°53.7′E,50 km,3.3,震度１,36.57333333,140.895
2011/8/7,2:58:40,福島県沖,37°45.4′N,142°14.8′E,38 km,4.3,震度２,37.75666667,142.2466667
2011/8/7,3:41:26,茨城県沖,36°24.3′N,141°50.1′E,66 km,4.6,震度１,36.405,141.835
2011/8/7,4:06:04,福島県浜通り,37°07.3′N,140°51.3′E,7 km,2.5,震度１,37.12166667,140.855
2011/8/7,4:15:13,福島県浜通り,37°07.2′N,140°51.3′E,7 km,2.9,震度２,37.12,140.855
2011/8/7,5:07:49,長野県南部,35°51.3′N,137°39.9′E,9 km,2.5,震度１,35.855,137.665
2011/8/7,6:02:25,新潟県中越地方,37°15.3′N,139°04.1′E,0 km,2.6,震度１,37.255,139.0683333
2011/8/7,7:02:52,福島県浜通り,37°07.3′N,140°50.9′E,8 km,2.5,震度１,37.12166667,140.8483333
2011/8/7,7:23:21,福島県浜通り,37°07.2′N,140°50.2′E,8 km,2.5,震度１,37.12,140.8366667
2011/8/7,7:26:52,茨城県沖,36°18.4′N,141°00.7′E,36 km,3.4,震度１,36.30666667,141.0116667
2011/8/7,8:02:40,茨城県沖,36°36.9′N,140°59.8′E,48 km,4.1,震度２,36.615,140.9966667
2011/8/7,10:21:07,岩手県沖,39°15.1′N,142°22.9′E,35 km,3.8,震度１,39.25166667,142.3816667
2011/8/7,11:42:32,茨城県沖,36°42.9′N,141°14.1′E,33 km,3.1,震度１,36.715,141.235
2011/8/7,12:28:18,福島県浜通り,37°07.3′N,140°51.5′E,7 km,2.4,震度１,37.12166667,140.8583333
2011/8/7,12:28:37,福島県浜通り,37°07.4′N,140°51.0′E,6 km,2.3,震度１,37.12333333,140.85
2011/8/7,12:34:51,茨城県北部,36°43.7′N,140°35.7′E,7 km,4.7,震度４,36.72833333,140.595
2011/8/7,12:37:38,茨城県北部,36°43.6′N,140°34.3′E,8 km,3.3,震度１,36.72666667,140.5716667
2011/8/7,15:30:56,鳥島近海,31°32.6′N,138°16.6′E,407 km,4.8,震度１,31.54333333,138.2766667
2011/8/7,22:33:28,福島県浜通り,37°04.5′N,140°48.3′E,9 km,4.1,震度３,37.075,140.805
2011/8/8,0:11:14,福島県浜通り,37°05.1′N,140°48.2′E,5 km,2.1,震度１,37.085,140.8033333
2011/8/8,0:36:50,福島県浜通り,37°05.6′N,140°48.1′E,4 km,2,震度１,37.09333333,140.8016667
2011/8/8,1:24:40,宮城県沖,38°25.9′N,142°09.8′E,32 km,3.6,震度１,38.43166667,142.1633333
2011/8/8,3:43:17,茨城県沖,36°48.3′N,141°21.2′E,31 km,3.8,震度１,36.805,141.3533333
2011/8/8,4:53:52,薩摩半島西方沖,31°36.7′N,129°37.9′E,6 km,3,震度１,31.61166667,129.6316667
2011/8/8,4:55:22,福島県沖,36°57.5′N,141°09.3′E,52 km,2.7,震度１,36.95833333,141.155
2011/8/8,5:04:40,宮崎県南部山沿い,32°00.7′N,130°58.3′E,0 km,0.9,震度１,32.01166667,130.9716667
2011/8/8,5:08:50,岩手県沿岸北部,39°45.5′N,141°49.9′E,59 km,3.7,震度１,39.75833333,141.8316667
2011/8/8,5:34:33,宮城県沖,38°34.5′N,142°03.5′E,44 km,3.6,震度１,38.575,142.0583333
2011/8/8,5:41:52,千葉県東方沖,35°48.0′N,140°54.7′E,12 km,3.7,震度１,35.8,140.9116667
2011/8/8,7:19:55,千葉県東方沖,35°24.6′N,140°27.2′E,51 km,3.2,震度１,35.41,140.4533333
2011/8/8,9:20:13,新潟県上越地方,37°01.6′N,138°28.9′E,12 km,3,震度２,37.02666667,138.4816667
2011/8/8,10:05:37,宮城県沖,38°42.2′N,142°15.4′E,39 km,4.4,震度２,38.70333333,142.2566667
2011/8/8,10:39:54,茨城県北部,36°43.1′N,140°35.7′E,8 km,2.6,震度１,36.71833333,140.595
2011/8/8,12:46:13,茨城県北部,36°40.7′N,140°36.1′E,6 km,3,震度１,36.67833333,140.6016667
2011/8/8,13:56:04,西表島付近,24°27.7′N,123°57.6′E,8 km,3.8,震度２,24.46166667,123.96
2011/8/8,14:11:59,宮城県沖,38°53.1′N,142°00.1′E,47 km,3.4,震度１,38.885,142.0016667
2011/8/8,14:24:30,福島県会津,37°41.0′N,139°56.3′E,8 km,2.8,震度２,37.68333333,139.9383333
2011/8/8,16:19:56,福島県沖,37°27.6′N,141°25.5′E,47 km,4.2,震度３,37.46,141.425
2011/8/8,16:32:45,伊予灘,33°30.7′N,132°11.7′E,50 km,3.3,震度１,33.51166667,132.195
2011/8/8,17:34:28,茨城県北部,36°43.1′N,140°36.1′E,7 km,2.9,震度１,36.71833333,140.6016667
2011/8/8,19:57:53,宮城県沖,38°33.4′N,141°41.4′E,55 km,2.8,震度１,38.55666667,141.69
2011/8/8,21:29:39,岩手県沖,40°02.4′N,142°03.6′E,38 km,3.3,震度１,40.04,142.06
2011/8/8,21:35:24,十勝地方中部,42°42.3′N,142°55.4′E,89 km,3.8,震度２,42.705,142.9233333
2011/8/8,21:56:45,宮城県沖,38°44.4′N,141°43.3′E,52 km,3.4,震度１,38.74,141.7216667
2011/8/8,23:01:44,茨城県北部,36°42.4′N,140°35.2′E,9 km,2.9,震度１,36.70666667,140.5866667
2011/8/9,0:13:15,西表島付近,24°27.7′N,123°57.7′E,10 km,3.5,震度２,24.46166667,123.9616667
2011/8/9,1:15:49,福島県浜通り,37°04.7′N,140°48.3′E,9 km,3.2,震度１,37.07833333,140.805
2011/8/9,3:02:28,茨城県北部,36°47.2′N,140°33.0′E,8 km,2.8,震度１,36.78666667,140.55
2011/8/9,4:46:52,関東東方沖,36°33.3′N,142°28.1′E,35 km,4.8,震度１,36.555,142.4683333
2011/8/9,5:03:14,岩手県沖,39°55.2′N,142°23.5′E,40 km,3.9,震度１,39.92,142.3916667
2011/8/9,7:26:18,西表島付近,24°11.1′N,123°24.3′E,23 km,3.9,震度１,24.185,123.405
2011/8/9,7:31:21,浦河沖,41°44.7′N,143°02.0′E,35 km,4.1,震度３,41.745,143.0333333
2011/8/9,9:00:28,福島県中通り,37°04.3′N,140°26.5′E,6 km,2.3,震度１,37.07166667,140.4416667
2011/8/9,9:01:04,千葉県南東沖,34°56.2′N,140°05.8′E,64 km,3.5,震度１,34.93666667,140.0966667
2011/8/9,10:57:29,宮城県沖,38°17.5′N,141°54.8′E,22 km,4,震度２,38.29166667,141.9133333
2011/8/9,11:06:23,奄美大島近海,27°57.8′N,129°18.1′E,16 km,3.6,震度２,27.96333333,129.3016667
2011/8/9,11:26:01,和歌山県北部,34°10.1′N,135°11.6′E,8 km,2.8,震度１,34.16833333,135.1933333
2011/8/9,12:18:04,宮城県沖,38°33.4′N,141°41.7′E,55 km,2.7,震度１,38.55666667,141.695
2011/8/9,12:55:15,千葉県東方沖,35°48.7′N,140°57.9′E,13 km,3.7,震度１,35.81166667,140.965
2011/8/9,16:47:01,茨城県沖,36°46.4′N,141°23.5′E,32 km,4.1,震度１,36.77333333,141.3916667
2011/8/9,19:40:00,秋田県沖,39°48.7′N,139°44.9′E,14 km,3.4,震度２,39.81166667,139.7483333
2011/8/10,0:26:18,宮城県沖,37°59.5′N,141°38.5′E,58 km,4,震度１,37.99166667,141.6416667
2011/8/10,2:44:54,宮城県沖,38°41.6′N,141°41.8′E,52 km,4.1,震度３,38.69333333,141.6966667
2011/8/10,2:46:17,滋賀県北部,35°34.6′N,136°08.4′E,4 km,2.7,震度２,35.57666667,136.14
2011/8/10,3:29:47,宮城県沖,38°53.5′N,141°58.1′E,50 km,3.8,震度２,38.89166667,141.9683333
2011/8/10,4:35:31,茨城県沖,36°11.7′N,141°22.0′E,48 km,4.5,震度２,36.195,141.3666667
2011/8/10,5:12:22,新潟県中越地方,36°57.9′N,138°36.1′E,7 km,2.9,震度２,36.965,138.6016667
2011/8/10,7:03:27,茨城県沖,36°27.4′N,141°03.9′E,44 km,2.9,震度１,36.45666667,141.065
2011/8/10,8:03:13,茨城県北部,36°43.1′N,140°35.4′E,8 km,3.1,震度１,36.71833333,140.59
2011/8/10,8:13:22,和歌山県北部,34°03.0′N,135°31.2′E,61 km,4.7,震度４,34.05,135.52
2011/8/10,12:00:22,茨城県沖,36°27.4′N,141°03.8′E,45 km,3.4,震度２,36.45666667,141.0633333
2011/8/10,13:29:47,岩手県沖,39°09.8′N,142°24.2′E,34 km,4.4,震度２,39.16333333,142.4033333
2011/8/10,15:17:34,茨城県南部,36°05.3′N,140°00.8′E,67 km,3.7,震度２,36.08833333,140.0133333
2011/8/10,16:03:30,宮城県沖,38°02.2′N,141°44.0′E,56 km,3.9,震度１,38.03666667,141.7333333
2011/8/10,18:15:45,福島県沖,37°02.0′N,141°23.7′E,22 km,4.3,震度１,37.03333333,141.395
2011/8/10,21:11:26,橘湾,32°40.8′N,129°58.1′E,11 km,2.7,震度２,32.68,129.9683333
2011/8/10,21:36:09,茨城県北部,36°41.8′N,140°34.7′E,9 km,2.2,震度１,36.69666667,140.5783333
2011/8/11,10:26:16,茨城県沖,36°09.9′N,141°20.6′E,48 km,4.6,震度２,36.165,141.3433333
2011/8/11,15:17:55,宮城県沖,38°42.5′N,142°09.9′E,47 km,3.4,震度１,38.70833333,142.165
2011/8/11,15:50:24,五島列島近海,32°44.8′N,129°38.4′E,6 km,2.7,震度１,32.74666667,129.64
2011/8/11,17:15:55,茨城県沖,36°12.6′N,140°59.8′E,44 km,3.3,震度１,36.21,140.9966667
2011/8/11,17:44:27,福島県浜通り,37°07.5′N,140°51.5′E,7 km,3.1,震度２,37.125,140.8583333
2011/8/11,18:12:16,福島県沖,37°26.4′N,141°50.3′E,28 km,4.4,震度２,37.44,141.8383333
2011/8/11,21:35:30,大分県南部,32°48.1′N,131°58.4′E,44 km,3.4,震度１,32.80166667,131.9733333
2011/8/11,21:59:59,福島県浜通り,37°07.7′N,140°51.5′E,7 km,2.8,震度１,37.12833333,140.8583333
2011/8/11,22:31:23,宮城県沖,38°26.9′N,142°13.8′E,30 km,5.3,震度４,38.44833333,142.23
2011/8/11,22:33:51,宮城県沖,38°28.9′N,142°11.7′E,27 km,3.9,震度１,38.48166667,142.195
2011/8/11,23:30:04,岩手県沖,39°13.3′N,142°27.5′E,33 km,4,震度１,39.22166667,142.4583333
2011/8/12,0:03:27,宮城県沖,38°28.2′N,142°11.8′E,28 km,3.8,震度１,38.47,142.1966667
2011/8/12,1:00:49,福島県浜通り,37°07.0′N,140°51.0′E,6 km,2.6,震度１,37.11666667,140.85
2011/8/12,1:46:43,茨城県沖,36°12.8′N,141°00.7′E,36 km,3.2,震度１,36.21333333,141.0116667
2011/8/12,3:22:05,福島県沖,36°58.1′N,141°09.6′E,52 km,6.1,震度５弱,36.96833333,141.16
2011/8/12,4:37:45,遠州灘,34°24.5′N,138°04.9′E,27 km,5.2,震度２,34.40833333,138.0816667
2011/8/12,4:45:38,千葉県北東部,35°21.5′N,140°20.3′E,24 km,2.4,震度１,35.35833333,140.3383333
2011/8/12,5:36:00,宮城県沖,38°23.4′N,142°15.2′E,29 km,3.6,震度１,38.39,142.2533333
2011/8/12,7:26:55,北海道北西沖,44°52.3′N,141°38.7′E,28 km,3.9,震度２,44.87166667,141.645
2011/8/12,8:48:17,茨城県沖,36°32.4′N,140°51.7′E,51 km,3.1,震度１,36.54,140.8616667
2011/8/12,11:07:41,宮城県沖,38°17.9′N,141°52.2′E,47 km,4,震度２,38.29833333,141.87
2011/8/12,11:50:28,渡島地方東部,41°50.8′N,140°49.8′E,14 km,2.6,震度１,41.84666667,140.83
2011/8/12,14:13:49,宮城県沖,38°42.1′N,142°13.2′E,47 km,3.9,震度１,38.70166667,142.22
2011/8/12,18:08:14,福島県浜通り,37°07.6′N,140°51.4′E,8 km,2.7,震度１,37.12666667,140.8566667
2011/8/12,20:15:32,茨城県沖,36°15.0′N,140°55.3′E,39 km,2.9,震度１,36.25,140.9216667
2011/8/12,20:19:38,宮城県沖,38°27.5′N,141°49.3′E,52 km,2.9,震度１,38.45833333,141.8216667
2011/8/12,21:04:04,駿河湾,34°40.8′N,138°33.3′E,24 km,3.6,震度１,34.68,138.555
2011/8/12,21:37:22,宮城県沖,38°53.1′N,141°58.9′E,49 km,3.3,震度１,38.885,141.9816667
2011/8/12,22:47:16,茨城県沖,36°30.8′N,141°02.2′E,52 km,3.5,震度１,36.51333333,141.0366667
2011/8/13,2:30:23,長野県北部,36°31.5′N,137°43.2′E,0 km,3.4,震度２,36.525,137.72
2011/8/13,4:20:06,宮城県沖,38°25.1′N,142°10.7′E,32 km,3.8,震度１,38.41833333,142.1783333
2011/8/13,5:27:28,日向灘,32°04.4′N,131°57.7′E,22 km,3.6,震度１,32.07333333,131.9616667
2011/8/13,8:41:21,秋田県内陸南部,39°33.8′N,140°32.2′E,6 km,2.4,震度１,39.56333333,140.5366667
2011/8/13,8:55:02,長野県北部,36°31.7′N,137°43.5′E,0 km,2.9,震度１,36.52833333,137.725
2011/8/13,9:25:46,茨城県沖,36°13.7′N,140°55.0′E,45 km,3.4,震度１,36.22833333,140.9166667
2011/8/13,13:31:51,熊本県阿蘇地方,32°57.8′N,130°59.1′E,10 km,3.5,震度２,32.96333333,130.985
2011/8/13,13:44:16,宮城県沖,38°19.3′N,141°45.1′E,51 km,3.9,震度２,38.32166667,141.7516667
2011/8/13,14:15:07,宮城県沖,38°10.7′N,141°41.3′E,51 km,3.8,震度２,38.17833333,141.6883333
2011/8/13,17:30:22,宮城県沖,38°28.1′N,142°13.3′E,28 km,4,震度２,38.46833333,142.2216667
2011/8/13,20:02:44,茨城県沖,36°39.0′N,140°50.3′E,52 km,3.1,震度１,36.65,140.8383333
2011/8/13,21:31:41,宮城県沖,38°54.7′N,141°55.6′E,50 km,3.5,震度１,38.91166667,141.9266667
2011/8/13,23:00:53,福島県沖,37°00.5′N,141°23.9′E,26 km,5,震度２,37.00833333,141.3983333
2011/8/14,0:11:05,福島県沖,37°01.0′N,141°23.2′E,27 km,3.7,震度１,37.01666667,141.3866667
2011/8/14,3:14:55,福島県沖,37°00.7′N,141°08.9′E,52 km,3.2,震度１,37.01166667,141.1483333
2011/8/14,5:18:40,福島県浜通り,37°04.1′N,140°48.4′E,9 km,2.4,震度１,37.06833333,140.8066667
2011/8/14,11:47:55,茨城県沖,35°53.2′N,140°48.8′E,40 km,3.4,震度１,35.88666667,140.8133333
2011/8/14,14:14:46,福島県沖,37°36.3′N,141°30.5′E,48 km,3.8,震度１,37.605,141.5083333
2011/8/14,14:25:38,茨城県北部,36°52.0′N,140°36.0′E,18 km,3.2,震度１,36.86666667,140.6
2011/8/14,14:46:20,福島県浜通り,37°07.5′N,140°51.2′E,8 km,2.8,震度１,37.125,140.8533333
2011/8/14,14:58:26,福島県浜通り,37°07.6′N,140°51.3′E,7 km,2.4,震度１,37.12666667,140.855
2011/8/14,16:38:31,茨城県北部,36°44.7′N,140°34.5′E,9 km,4.3,震度４,36.745,140.575
2011/8/14,16:40:41,茨城県北部,36°44.5′N,140°34.4′E,9 km,2.8,震度１,36.74166667,140.5733333
2011/8/14,18:41:03,宮城県沖,38°43.2′N,141°54.6′E,53 km,3.4,震度１,38.72,141.91
2011/8/14,18:55:50,福島県浜通り,37°07.6′N,140°51.5′E,8 km,4.2,震度３,37.12666667,140.8583333
2011/8/14,19:39:43,福島県浜通り,37°07.2′N,140°50.5′E,7 km,2.6,震度１,37.12,140.8416667
2011/8/14,19:53:21,福島県沖,37°01.7′N,141°13.1′E,29 km,3.5,震度１,37.02833333,141.2183333
2011/8/14,19:57:24,福島県沖,37°09.8′N,141°12.0′E,32 km,3.1,震度１,37.16333333,141.2
2011/8/14,20:05:11,福島県沖,37°24.4′N,141°17.0′E,30 km,3.2,震度１,37.40666667,141.2833333
2011/8/14,20:06:04,福島県浜通り,37°07.5′N,140°51.3′E,6 km,2.5,震度１,37.125,140.855
2011/8/14,20:22:02,福島県浜通り,37°07.4′N,140°51.5′E,6 km,2.8,震度１,37.12333333,140.8583333
2011/8/14,20:32:25,根室半島南東沖,43°07.0′N,145°46.1′E,48 km,3.7,震度１,43.11666667,145.7683333
2011/8/14,21:19:49,福島県浜通り,37°07.1′N,140°51.3′E,6 km,2.4,震度１,37.11833333,140.855
2011/8/14,21:32:04,福島県浜通り,37°06.9′N,140°52.4′E,5 km,3,震度１,37.115,140.8733333
2011/8/14,23:28:53,福島県浜通り,37°07.0′N,140°51.1′E,6 km,3.1,震度１,37.11666667,140.8516667
2011/8/15,0:27:45,茨城県北部,36°41.1′N,140°37.8′E,8 km,2.9,震度２,36.685,140.63
2011/8/15,0:53:29,茨城県北部,36°37.8′N,140°36.6′E,6 km,2.6,震度２,36.63,140.61
2011/8/15,0:59:40,福島県中通り,36°50.8′N,140°31.6′E,8 km,3.1,震度１,36.84666667,140.5266667
2011/8/15,3:16:19,福島県沖,37°29.7′N,142°45.6′E,38 km,4.4,震度１,37.495,142.76
2011/8/15,5:42:00,三陸沖,39°55.2′N,143°20.4′E,18 km,4.7,震度１,39.92,143.34
2011/8/15,5:45:30,茨城県北部,36°52.1′N,140°38.5′E,5 km,3.6,震度２,36.86833333,140.6416667
2011/8/15,7:09:14,福島県浜通り,37°07.6′N,140°51.8′E,7 km,2.2,震度１,37.12666667,140.8633333
2011/8/15,11:41:44,岩手県内陸南部,39°16.8′N,140°57.1′E,9 km,3,震度１,39.28,140.9516667
2011/8/15,13:56:43,茨城県北部,36°43.2′N,140°35.5′E,7 km,3.1,震度１,36.72,140.5916667
2011/8/15,15:26:48,茨城県南部,36°07.6′N,140°04.8′E,64 km,4.7,震度４,36.12666667,140.08
2011/8/15,15:28:34,茨城県南部,36°06.8′N,140°05.0′E,64 km,3.4,震度１,36.11333333,140.0833333
2011/8/15,16:18:25,千葉県東方沖,35°41.5′N,140°58.0′E,14 km,4.3,震度２,35.69166667,140.9666667
2011/8/15,20:30:32,福島県浜通り,37°07.6′N,140°51.5′E,7 km,2.2,震度１,37.12666667,140.8583333
2011/8/15,20:44:39,硫黄島近海,23°11.5′N,143°48.1′E,169 km,5.9,震度１,23.19166667,143.8016667
2011/8/15,22:31:21,福島県沖,37°06.0′N,141°08.8′E,53 km,4.1,震度３,37.1,141.1466667
2011/8/16,2:58:52,宮城県沖,38°51.8′N,141°38.2′E,61 km,2.9,震度１,38.86333333,141.6366667
2011/8/16,3:25:50,北海道北西沖,44°52.2′N,141°38.7′E,28 km,2.6,震度１,44.87,141.645
2011/8/16,3:28:09,福島県浜通り,37°04.7′N,140°48.3′E,8 km,2.7,震度１,37.07833333,140.805
2011/8/16,4:26:13,奄美大島近海,27°35.5′N,128°58.8′E,38 km,2.9,震度１,27.59166667,128.98
2011/8/16,10:09:51,福島県浜通り,37°07.7′N,140°51.6′E,7 km,2.4,震度１,37.12833333,140.86
2011/8/16,14:48:13,茨城県沖,36°13.1′N,140°54.0′E,46 km,3.9,震度２,36.21833333,140.9
2011/8/16,16:37:46,茨城県北部,36°37.7′N,140°36.5′E,5 km,2.4,震度１,36.62833333,140.6083333
2011/8/16,19:11:41,宮城県沖,38°59.7′N,142°16.6′E,48 km,3.6,震度１,38.995,142.2766667
2011/8/16,19:16:14,茨城県北部,36°49.6′N,140°34.3′E,6 km,4.6,震度３,36.82666667,140.5716667
2011/8/16,21:31:34,奄美大島近海,27°58.9′N,129°16.0′E,17 km,3.6,震度２,27.98166667,129.2666667
2011/8/16,21:36:07,宮城県沖,38°50.8′N,142°03.2′E,46 km,3.5,震度１,38.84666667,142.0533333
2011/8/16,21:42:58,三陸沖,38°11.8′N,143°41.1′E,36 km,5,震度１,38.19666667,143.685
2011/8/16,23:57:02,福島県沖,37°14.4′N,141°52.8′E,39 km,4.1,震度１,37.24,141.88
2011/8/17,1:11:27,宮城県沖,38°26.8′N,142°12.4′E,30 km,3.8,震度２,38.44666667,142.2066667
2011/8/17,4:26:22,福島県沖,37°15.4′N,141°08.1′E,35 km,3.7,震度２,37.25666667,141.135
2011/8/17,4:35:19,岩手県沖,40°07.4′N,142°26.7′E,35 km,5.4,震度３,40.12333333,142.445
2011/8/17,9:23:16,埼玉県南部,36°02.1′N,139°47.6′E,78 km,4.3,震度４,36.035,139.7933333
2011/8/17,10:21:11,福島県沖,37°10.2′N,141°07.4′E,31 km,3,震度１,37.17,141.1233333
2011/8/17,10:21:23,岩手県沖,39°05.3′N,142°22.8′E,32 km,3.4,震度１,39.08833333,142.38
2011/8/17,10:51:24,茨城県南部,36°07.5′N,139°59.0′E,69 km,3.7,震度２,36.125,139.9833333
2011/8/17,11:26:18,岩手県沖,39°12.0′N,142°24.0′E,34 km,4.1,震度２,39.2,142.4
2011/8/17,12:05:04,宮城県沖,38°27.6′N,142°11.2′E,31 km,5.1,震度４,38.46,142.1866667
2011/8/17,12:14:28,宮城県沖,38°28.1′N,142°11.6′E,28 km,4.5,震度３,38.46833333,142.1933333
2011/8/17,12:40:35,茨城県北部,36°43.5′N,140°35.0′E,7 km,3,震度１,36.725,140.5833333
2011/8/17,15:55:08,宮城県沖,38°19.7′N,142°07.8′E,37 km,3.8,震度１,38.32833333,142.13
2011/8/17,16:55:37,千葉県東方沖,35°31.0′N,140°57.6′E,41 km,4.5,震度２,35.51666667,140.96
2011/8/17,17:05:24,千葉県東方沖,35°43.5′N,140°53.1′E,9 km,3.1,震度１,35.725,140.885
2011/8/17,17:45:53,千葉県東方沖,35°30.9′N,140°55.8′E,40 km,4.4,震度２,35.515,140.93
2011/8/17,20:44:09,関東東方沖,36°46.1′N,143°45.8′E,52 km,6.2,震度２,36.76833333,143.7633333
2011/8/17,21:41:45,千葉県東方沖,35°31.6′N,140°56.0′E,40 km,3.5,震度１,35.52666667,140.9333333
2011/8/17,23:32:38,福島県浜通り,37°07.5′N,140°51.3′E,8 km,3.4,震度２,37.125,140.855
2011/8/18,0:11:20,福島県浜通り,37°07.6′N,140°51.4′E,7 km,2.7,震度１,37.12666667,140.8566667
2011/8/18,0:20:45,茨城県北部,36°38.6′N,140°36.5′E,5 km,2.6,震度２,36.64333333,140.6083333
2011/8/18,1:32:42,茨城県南部,36°12.9′N,139°51.9′E,78 km,4.1,震度２,36.215,139.865
2011/8/18,2:26:53,福島県浜通り,37°15.4′N,140°53.9′E,5 km,3.1,震度１,37.25666667,140.8983333
2011/8/18,2:55:46,熊本県熊本地方,32°52.1′N,130°44.5′E,9 km,2.6,震度２,32.86833333,130.7416667
2011/8/18,3:25:42,長野県南部,35°50.3′N,138°10.4′E,12 km,2.9,震度２,35.83833333,138.1733333
2011/8/18,7:18:44,宮城県沖,38°28.6′N,142°12.0′E,28 km,4.1,震度１,38.47666667,142.2
2011/8/18,8:06:35,福井県嶺北,36°11.0′N,136°16.6′E,11 km,2.4,震度１,36.18333333,136.2766667
2011/8/18,9:11:22,福島県浜通り,37°07.9′N,140°51.7′E,7 km,3,震度２,37.13166667,140.8616667
2011/8/18,9:36:39,福島県沖,37°50.4′N,141°44.0′E,49 km,4.1,震度１,37.84,141.7333333
2011/8/18,10:06:56,福島県沖,37°15.8′N,141°05.1′E,29 km,3.4,震度１,37.26333333,141.085
2011/8/18,10:11:29,茨城県北部,36°46.8′N,140°36.3′E,4 km,4.3,震度２,36.78,140.605
2011/8/18,11:38:43,新潟県中越地方,37°13.7′N,138°35.5′E,12 km,2,震度１,37.22833333,138.5916667
2011/8/18,11:39:55,福島県沖,36°55.4′N,141°08.6′E,52 km,3,震度１,36.92333333,141.1433333
2011/8/18,13:52:31,宮城県沖,38°55.1′N,142°06.6′E,54 km,3.1,震度１,38.91833333,142.11
2011/8/18,14:34:39,宮城県沖,38°10.6′N,141°40.9′E,51 km,3.9,震度２,38.17666667,141.6816667
2011/8/18,14:36:58,茨城県北部,36°52.7′N,140°39.4′E,7 km,3.6,震度１,36.87833333,140.6566667
2011/8/18,15:19:36,茨城県北部,36°50.8′N,140°41.6′E,10 km,3.8,震度２,36.84666667,140.6933333
2011/8/18,16:50:18,福島県会津,37°40.4′N,139°55.6′E,8 km,2.4,震度２,37.67333333,139.9266667
2011/8/18,18:25:15,千葉県東方沖,35°43.8′N,140°53.6′E,8 km,3.2,震度１,35.73,140.8933333
2011/8/18,18:38:25,茨城県沖,36°30.1′N,140°48.0′E,52 km,3.6,震度１,36.50166667,140.8
2011/8/18,19:08:48,茨城県沖,36°30.1′N,140°47.7′E,52 km,3,震度１,36.50166667,140.795
2011/8/18,19:55:02,福島県浜通り,37°07.9′N,140°46.9′E,4 km,2.1,震度１,37.13166667,140.7816667
2011/8/18,20:36:57,宮城県沖,38°27.7′N,142°16.2′E,27 km,3.9,震度１,38.46166667,142.27
2011/8/18,20:42:40,茨城県沖,36°20.2′N,140°50.7′E,42 km,3.5,震度１,36.33666667,140.845
2011/8/18,22:50:50,福島県沖,36°55.7′N,141°13.1′E,57 km,3.7,震度２,36.92833333,141.2183333
2011/8/18,22:56:54,宮城県沖,38°27.9′N,141°58.8′E,51 km,3.4,震度１,38.465,141.98
2011/8/19,0:39:49,茨城県南部,36°09.1′N,140°05.0′E,50 km,4,震度３,36.15166667,140.0833333
2011/8/19,1:39:42,国後島付近,44°01.2′N,146°09.6′E,115 km,4.2,震度２,44.02,146.16
2011/8/19,1:45:42,宮城県沖,38°45.1′N,142°20.1′E,39 km,4.2,震度１,38.75166667,142.335
2011/8/19,1:56:00,福島県浜通り,37°07.8′N,140°51.8′E,7 km,2.8,震度２,37.13,140.8633333
2011/8/19,3:46:46,宮城県沖,38°26.4′N,142°13.7′E,34 km,3.9,震度１,38.44,142.2283333
2011/8/19,4:18:27,茨城県沖,36°39.5′N,141°05.2′E,45 km,3.7,震度１,36.65833333,141.0866667
2011/8/19,4:34:59,福島県中通り,36°59.7′N,140°29.8′E,6 km,3.1,震度２,36.995,140.4966667
2011/8/19,4:54:35,千葉県東方沖,35°51.0′N,140°56.2′E,15 km,4.1,震度１,35.85,140.9366667
2011/8/19,7:02:18,千葉県北東部,35°51.6′N,140°29.6′E,35 km,3,震度１,35.86,140.4933333
2011/8/19,9:47:50,茨城県沖,36°11.0′N,140°57.4′E,38 km,3.4,震度１,36.18333333,140.9566667
2011/8/19,10:41:05,択捉島南東沖,44°20.9′N,148°12.0′E,86 km,4.6,震度１,44.34833333,148.2
2011/8/19,10:42:06,千葉県東方沖,35°49.8′N,140°50.5′E,13 km,3.4,震度１,35.83,140.8416667
2011/8/19,11:28:51,根室半島南東沖,43°18.5′N,146°03.7′E,90 km,4.2,震度３,43.30833333,146.0616667
2011/8/19,12:57:10,宮城県沖,38°22.1′N,141°45.8′E,58 km,3.2,震度１,38.36833333,141.7633333
2011/8/19,13:31:52,熊本県熊本地方,32°35.9′N,130°52.1′E,9 km,2.3,震度１,32.59833333,130.8683333
2011/8/19,13:43:17,茨城県北部,36°39.5′N,140°35.8′E,6 km,3.4,震度３,36.65833333,140.5966667
2011/8/19,13:51:03,岩手県沖,39°05.9′N,142°08.5′E,45 km,4.5,震度３,39.09833333,142.1416667
2011/8/19,14:01:02,宮城県沖,38°25.3′N,142°11.0′E,34 km,4,震度１,38.42166667,142.1833333
2011/8/19,14:36:32,福島県沖,37°38.9′N,141°47.8′E,51 km,6.5,震度５弱,37.64833333,141.7966667
2011/8/19,14:53:07,宮城県沖,38°46.0′N,142°25.8′E,29 km,3.9,震度１,38.76666667,142.43
2011/8/19,15:34:33,福島県沖,37°39.7′N,141°45.2′E,51 km,3.9,震度１,37.66166667,141.7533333
2011/8/19,15:45:19,宮城県北部,38°50.7′N,141°34.3′E,74 km,3.5,震度１,38.845,141.5716667
2011/8/19,16:17:17,福島県沖,37°40.4′N,141°44.3′E,45 km,3.8,震度１,37.67333333,141.7383333
2011/8/19,17:36:39,福島県中通り,37°01.7′N,140°19.6′E,2 km,2.6,震度２,37.02833333,140.3266667
2011/8/19,17:50:46,岩手県沖,39°05.5′N,142°08.7′E,45 km,4,震度２,39.09166667,142.145
2011/8/19,18:58:16,岩手県沖,39°38.2′N,142°06.4′E,48 km,3.8,震度２,39.63666667,142.1066667
2011/8/19,19:10:14,長野県北部,36°48.9′N,138°39.1′E,2 km,2.7,震度１,36.815,138.6516667
2011/8/19,21:10:49,茨城県沖,35°57.5′N,141°00.9′E,73 km,3.9,震度１,35.95833333,141.015
2011/8/19,21:14:27,千葉県東方沖,35°47.5′N,140°54.9′E,12 km,3.2,震度１,35.79166667,140.915
2011/8/20,0:07:08,宮城県沖,38°48.5′N,142°01.3′E,46 km,3.5,震度１,38.80833333,142.0216667
2011/8/20,0:43:17,茨城県沖,36°45.3′N,141°10.4′E,36 km,3.6,震度２,36.755,141.1733333
2011/8/20,0:52:06,群馬県北部,36°28.4′N,138°40.9′E,13 km,2.1,震度１,36.47333333,138.6816667
2011/8/20,1:23:42,宮城県沖,38°28.1′N,142°12.2′E,29 km,3.8,震度１,38.46833333,142.2033333
2011/8/20,1:37:29,茨城県沖,36°38.6′N,141°04.0′E,29 km,3.3,震度１,36.64333333,141.0666667
2011/8/20,4:10:10,宗谷東方沖,45°44.4′N,142°39.8′E,322 km,4.7,震度１,45.74,142.6633333
2011/8/20,5:12:58,千葉県北西部,35°41.0′N,140°08.9′E,65 km,2.9,震度１,35.68333333,140.1483333
2011/8/20,6:20:24,長野県北部,36°48.9′N,138°39.1′E,2 km,3.1,震度１,36.815,138.6516667
2011/8/20,6:40:50,宮城県沖,38°22.4′N,141°45.7′E,56 km,3.7,震度１,38.37333333,141.7616667
2011/8/20,7:04:13,北海道東方沖,44°07.5′N,147°25.4′E,95 km,4.5,震度２,44.125,147.4233333
2011/8/20,8:47:56,福島県沖,37°37.9′N,141°42.8′E,46 km,4,震度２,37.63166667,141.7133333
2011/8/20,9:05:41,茨城県北部,36°39.8′N,140°35.8′E,6 km,2.2,震度１,36.66333333,140.5966667
2011/8/20,10:33:30,福島県沖,37°36.7′N,141°43.4′E,47 km,3.9,震度１,37.61166667,141.7233333
2011/8/20,14:15:41,茨城県北部,36°20.7′N,140°34.9′E,53 km,3.3,震度１,36.345,140.5816667
2011/8/20,15:52:47,福島県中通り,36°57.9′N,140°32.5′E,6 km,3.8,震度２,36.965,140.5416667
2011/8/20,15:58:12,岩手県沖,39°12.6′N,142°23.5′E,34 km,3.8,震度１,39.21,142.3916667
2011/8/20,18:12:12,千葉県東方沖,35°39.5′N,140°38.6′E,47 km,3.2,震度１,35.65833333,140.6433333
2011/8/20,18:54:42,福島県沖,37°39.0′N,141°46.8′E,50 km,3.9,震度１,37.65,141.78
2011/8/20,20:02:51,宮城県沖,38°10.0′N,141°41.1′E,51 km,3.9,震度２,38.16666667,141.685
2011/8/20,23:12:05,茨城県沖,36°17.8′N,141°49.1′E,59 km,4.9,震度１,36.29666667,141.8183333
2011/8/21,0:05:40,福島県浜通り,37°06.6′N,140°47.2′E,9 km,2.5,震度１,37.11,140.7866667
2011/8/21,1:26:27,東京湾,35°12.9′N,139°48.6′E,94 km,3.9,震度２,35.215,139.81
2011/8/21,2:11:11,福島県沖,37°38.5′N,141°44.1′E,48 km,4,震度２,37.64166667,141.735
2011/8/21,2:49:33,和歌山県北部,33°59.9′N,135°13.9′E,8 km,2.6,震度１,33.99833333,135.2316667
2011/8/21,4:37:24,宮城県沖,38°37.5′N,141°54.1′E,49 km,4.4,震度３,38.625,141.9016667
2011/8/21,6:30:26,宮城県沖,38°27.4′N,142°12.0′E,33 km,4.1,震度１,38.45666667,142.2
2011/8/21,6:54:53,福島県浜通り,37°05.3′N,140°48.5′E,8 km,2.7,震度１,37.08833333,140.8083333
2011/8/21,6:59:48,岩手県沿岸北部,39°59.2′N,141°57.8′E,51 km,3.3,震度１,39.98666667,141.9633333
2011/8/21,7:33:08,福島県浜通り,37°06.6′N,140°47.1′E,9 km,2.8,震度２,37.11,140.785
2011/8/21,7:37:25,長野県北部,36°49.0′N,138°39.6′E,1 km,3.3,震度１,36.81666667,138.66
2011/8/21,7:58:40,宮城県沖,38°37.3′N,141°57.3′E,50 km,4.8,震度４,38.62166667,141.955
2011/8/21,11:35:58,福島県浜通り,37°07.3′N,140°51.8′E,7 km,2.4,震度１,37.12166667,140.8633333
2011/8/21,11:57:32,福島県沖,37°39.0′N,141°44.7′E,48 km,4.1,震度２,37.65,141.745
2011/8/21,12:49:26,茨城県北部,36°38.7′N,140°36.2′E,5 km,2.6,震度１,36.645,140.6033333
2011/8/21,13:03:31,宮城県沖,38°26.5′N,141°50.7′E,56 km,3.6,震度１,38.44166667,141.845
2011/8/21,13:47:06,千葉県北東部,35°51.5′N,140°32.0′E,33 km,3.6,震度２,35.85833333,140.5333333
2011/8/21,16:13:16,宮城県沖,38°25.4′N,142°21.4′E,37 km,4,震度１,38.42333333,142.3566667
2011/8/21,16:37:49,福島県沖,36°57.0′N,141°09.9′E,52 km,3.3,震度１,36.95,141.165
2011/8/21,17:13:11,宮城県沖,38°32.5′N,141°43.2′E,54 km,3.3,震度２,38.54166667,141.72
2011/8/21,18:56:06,奈良県,34°25.0′N,135°52.0′E,9 km,2.2,震度１,34.41666667,135.8666667
2011/8/21,19:49:57,秋田県内陸南部,39°27.3′N,140°22.0′E,9 km,3.1,震度３,39.455,140.3666667
2011/8/21,20:08:36,福島県沖,37°20.9′N,141°08.3′E,24 km,3.3,震度１,37.34833333,141.1383333
2011/8/21,21:04:54,土佐湾,33°31.7′N,133°43.9′E,7 km,2.6,震度１,33.52833333,133.7316667
2011/8/22,0:37:25,茨城県沖,36°37.8′N,140°57.7′E,18 km,4.3,震度２,36.63,140.9616667
2011/8/22,0:46:22,茨城県沖,36°38.2′N,140°57.1′E,18 km,3.4,震度１,36.63666667,140.9516667
2011/8/22,0:50:19,茨城県北部,36°25.7′N,140°30.3′E,58 km,2.9,震度１,36.42833333,140.505
2011/8/22,2:32:47,茨城県南部,35°59.3′N,140°13.5′E,40 km,3,震度１,35.98833333,140.225
2011/8/22,3:31:02,熊本県熊本地方,32°40.1′N,130°53.1′E,13 km,2.6,震度１,32.66833333,130.885
2011/8/22,4:42:36,宮城県沖,38°51.9′N,142°02.3′E,47 km,3.9,震度３,38.865,142.0383333
2011/8/22,6:39:51,茨城県北部,36°50.9′N,140°34.1′E,7 km,4.3,震度２,36.84833333,140.5683333
2011/8/22,6:48:50,秋田県内陸南部,39°27.1′N,140°22.1′E,9 km,1.7,震度１,39.45166667,140.3683333
2011/8/22,7:05:44,福島県沖,37°05.2′N,141°07.6′E,53 km,4.5,震度４,37.08666667,141.1266667
2011/8/22,9:07:08,十勝地方南部,42°40.2′N,143°16.1′E,25 km,4.7,震度４,42.67,143.2683333
2011/8/22,11:21:16,茨城県沖,36°21.3′N,140°48.3′E,13 km,4.3,震度２,36.355,140.805
2011/8/22,13:21:13,福島県沖,37°20.5′N,141°21.1′E,47 km,3.5,震度１,37.34166667,141.3516667
2011/8/22,14:02:58,宮城県沖,38°53.7′N,141°57.6′E,50 km,3.6,震度１,38.895,141.96
2011/8/22,14:36:30,福島県浜通り,37°11.8′N,140°53.7′E,9 km,2.9,震度２,37.19666667,140.895
2011/8/22,15:57:50,福島県浜通り,37°07.3′N,140°50.7′E,8 km,2.5,震度１,37.12166667,140.845
2011/8/22,16:21:08,宮城県沖,38°58.1′N,142°26.3′E,33 km,3.9,震度１,38.96833333,142.4383333
2011/8/22,17:04:34,静岡県中部,35°11.2′N,138°24.3′E,20 km,2.8,震度１,35.18666667,138.405
2011/8/22,17:36:22,茨城県南部,36°05.1′N,140°09.3′E,64 km,4.7,震度３,36.085,140.155
2011/8/22,18:44:02,千葉県東方沖,35°47.3′N,140°51.7′E,8 km,3.2,震度１,35.78833333,140.8616667
2011/8/22,20:23:35,茨城県沖,36°06.4′N,141°59.0′E,34 km,6.1,震度３,36.10666667,141.9833333
2011/8/22,21:21:23,福島県沖,37°11.0′N,141°12.9′E,31 km,4.1,震度３,37.18333333,141.215
2011/8/22,22:16:58,栃木県南部,36°36.9′N,139°35.8′E,7 km,2.9,震度１,36.615,139.5966667
2011/8/22,22:19:20,福島県浜通り,37°07.8′N,140°51.7′E,8 km,2.8,震度２,37.13,140.8616667
2011/8/22,23:14:04,根室半島南東沖,43°16.9′N,146°09.5′E,45 km,3.5,震度１,43.28166667,146.1583333
2011/8/23,0:26:10,福島県沖,37°24.3′N,141°28.9′E,41 km,4.3,震度３,37.405,141.4816667
2011/8/23,3:14:16,茨城県沖,36°13.8′N,140°52.7′E,46 km,3.6,震度１,36.23,140.8783333
2011/8/23,4:21:26,福島県浜通り,37°08.0′N,140°52.2′E,8 km,2.4,震度１,37.13333333,140.87
2011/8/23,4:43:24,熊本県熊本地方,32°47.4′N,130°58.2′E,8 km,2.6,震度１,32.79,130.97
2011/8/23,6:09:00,千葉県東方沖,35°41.4′N,140°43.4′E,44 km,3.5,震度１,35.69,140.7233333
2011/8/23,7:04:52,福島県浜通り,37°12.7′N,140°57.3′E,50 km,4.2,震度３,37.21166667,140.955
2011/8/23,7:11:05,茨城県沖,36°41.3′N,141°07.6′E,29 km,3.6,震度１,36.68833333,141.1266667
2011/8/23,11:13:55,千葉県北東部,35°52.7′N,140°29.8′E,35 km,3.7,震度２,35.87833333,140.4966667
2011/8/23,12:25:48,秋田県内陸南部,39°33.5′N,140°32.3′E,7 km,2,震度１,39.55833333,140.5383333
2011/8/23,12:57:32,福島県沖,36°56.2′N,141°11.7′E,54 km,3.7,震度１,36.93666667,141.195
2011/8/23,15:04:57,浦河沖,42°00.6′N,142°32.5′E,63 km,4.3,震度２,42.01,142.5416667
2011/8/23,16:35:00,浦河沖,42°12.0′N,142°34.0′E,36 km,3.8,震度１,42.2,142.5666667
2011/8/23,17:01:13,福島県中通り,37°04.5′N,140°26.5′E,6 km,2,震度１,37.075,140.4416667
2011/8/23,17:27:20,茨城県沖,36°50.7′N,141°00.5′E,55 km,4,震度２,36.845,141.0083333
2011/8/23,18:07:33,沖縄本島近海,27°13.3′N,128°19.8′E,60 km,3.8,震度１,27.22166667,128.33
2011/8/23,20:00:17,和歌山県北部,34°10.2′N,135°11.7′E,8 km,2.9,震度２,34.17,135.195
2011/8/23,20:56:23,茨城県沖,36°22.4′N,140°55.5′E,40 km,3.7,震度１,36.37333333,140.925
2011/8/23,21:07:58,福島県会津,37°40.4′N,139°56.5′E,9 km,2.7,震度１,37.67333333,139.9416667
2011/8/23,23:08:07,福島県浜通り,36°55.8′N,140°39.7′E,10 km,3.3,震度１,36.93,140.6616667
2011/8/23,23:30:02,岩手県沖,39°38.0′N,142°06.9′E,48 km,3.4,震度１,39.63333333,142.115
2011/8/24,5:04:47,福島県沖,37°03.9′N,141°11.4′E,51 km,3.9,震度２,37.065,141.19
2011/8/24,8:59:09,宮城県沖,37°50.4′N,142°44.6′E,12 km,4.4,震度１,37.84,142.7433333
2011/8/24,10:53:57,福島県浜通り,36°54.2′N,140°39.8′E,6 km,3.2,震度１,36.90333333,140.6633333
2011/8/24,20:38:54,茨城県北部,36°51.5′N,140°37.1′E,7 km,3.5,震度１,36.85833333,140.6183333
2011/8/24,21:02:19,福島県中通り,37°04.5′N,140°26.5′E,5 km,2.2,震度１,37.075,140.4416667
2011/8/24,22:40:03,北海道南西沖,41°33.0′N,139°50.4′E,13 km,3.6,震度１,41.55,139.84
2011/8/24,22:58:44,十勝地方北部,43°24.7′N,143°03.6′E,0 km,4.2,震度１,43.41166667,143.06
2011/8/25,0:56:50,茨城県南部,36°02.3′N,139°54.5′E,43 km,3.2,震度２,36.03833333,139.9083333
2011/8/25,1:22:30,奄美大島北東沖,29°33.1′N,130°48.2′E,71 km,4.5,震度１,29.55166667,130.8033333
2011/8/25,4:40:46,宮城県沖,38°24.3′N,141°46.7′E,57 km,2.9,震度１,38.405,141.7783333
2011/8/25,7:31:01,岩手県沖,39°38.1′N,142°06.1′E,48 km,3.3,震度１,39.635,142.1016667
2011/8/25,7:52:48,トカラ列島近海,29°33.6′N,130°00.2′E,15 km,2.7,震度１,29.56,130.0033333
2011/8/25,9:19:44,トカラ列島近海,29°33.6′N,130°00.1′E,15 km,2.7,震度１,29.56,130.0016667
2011/8/25,10:14:11,茨城県沖,36°33.5′N,140°52.7′E,50 km,3.5,震度１,36.55833333,140.8783333
2011/8/25,10:28:14,福島県中通り,36°59.4′N,140°33.6′E,5 km,3.8,震度１,36.99,140.56
2011/8/25,11:45:49,福島県沖,37°18.0′N,141°11.7′E,58 km,3.8,震度１,37.3,141.195
2011/8/25,13:07:50,岩手県沖,39°46.2′N,142°12.1′E,28 km,4.3,震度２,39.77,142.2016667
2011/8/25,17:39:41,千葉県東方沖,35°49.1′N,140°49.3′E,12 km,3.8,震度１,35.81833333,140.8216667
2011/8/25,18:23:15,福島県浜通り,37°00.0′N,140°37.1′E,11 km,3.5,震度２,37,140.6183333
2011/8/25,18:54:25,宮城県沖,38°49.7′N,141°59.7′E,39 km,3,震度１,38.82833333,141.995
2011/8/25,20:20:39,茨城県沖,36°28.7′N,140°52.4′E,30 km,3.5,震度２,36.47833333,140.8733333
2011/8/25,21:03:48,千葉県北西部,35°51.9′N,140°28.7′E,34 km,3.6,震度２,35.865,140.4783333
2011/8/25,21:05:16,千葉県北西部,35°51.9′N,140°28.9′E,35 km,2.9,震度１,35.865,140.4816667
2011/8/26,4:12:35,福島県沖,37°30.4′N,141°22.6′E,49 km,4.1,震度１,37.50666667,141.3766667
2011/8/26,4:25:02,茨城県北部,36°51.4′N,140°39.1′E,9 km,3.6,震度２,36.85666667,140.6516667
2011/8/26,5:12:39,福島県中通り,37°02.3′N,140°30.2′E,8 km,2.8,震度１,37.03833333,140.5033333
2011/8/26,5:13:03,福島県浜通り,37°07.5′N,140°51.0′E,7 km,2.5,震度１,37.125,140.85
2011/8/26,6:20:20,秋田県内陸南部,39°35.9′N,140°33.1′E,6 km,1.9,震度１,39.59833333,140.5516667
2011/8/26,8:09:01,福島県沖,37°00.4′N,141°08.2′E,51 km,4,震度２,37.00666667,141.1366667
2011/8/26,8:34:10,宮城県沖,38°55.5′N,141°55.0′E,51 km,3.9,震度２,38.925,141.9166667
2011/8/26,9:36:51,茨城県南部,35°55.3′N,140°29.6′E,17 km,2.7,震度１,35.92166667,140.4933333
2011/8/26,11:39:08,福島県浜通り,37°07.0′N,140°50.9′E,6 km,3.3,震度２,37.11666667,140.8483333
2011/8/26,12:57:01,福島県浜通り,37°07.3′N,140°51.2′E,6 km,2.6,震度１,37.12166667,140.8533333
2011/8/26,16:37:33,茨城県北部,36°43.4′N,140°36.6′E,7 km,3.3,震度１,36.72333333,140.61
2011/8/26,18:57:10,青森県東方沖,40°59.8′N,142°00.5′E,57 km,3.1,震度１,40.99666667,142.0083333
2011/8/26,20:08:36,宮城県沖,38°57.6′N,142°15.0′E,48 km,3.5,震度１,38.96,142.25
2011/8/26,21:26:06,茨城県南部,36°05.9′N,139°52.1′E,47 km,3.8,震度２,36.09833333,139.8683333
2011/8/27,1:51:14,福島県沖,37°12.9′N,141°25.7′E,49 km,3.6,震度２,37.215,141.4283333
2011/8/27,5:56:16,栃木県北部,36°48.3′N,139°25.3′E,3 km,2,震度２,36.805,139.4216667
2011/8/27,6:22:19,茨城県北部,36°38.9′N,140°36.0′E,6 km,2.1,震度１,36.64833333,140.6
2011/8/27,9:16:36,福島県沖,37°01.0′N,141°26.4′E,28 km,4.5,震度２,37.01666667,141.44
2011/8/27,9:45:33,トカラ列島近海,29°22.2′N,129°35.8′E,8 km,3.1,震度２,29.37,129.5966667
2011/8/27,10:08:48,茨城県北部,36°45.4′N,140°35.2′E,7 km,3.2,震度１,36.75666667,140.5866667
2011/8/27,11:35:23,茨城県北部,36°52.0′N,140°38.2′E,6 km,4.3,震度３,36.86666667,140.6366667
2011/8/27,11:37:20,茨城県北部,36°51.8′N,140°38.3′E,5 km,3.8,震度２,36.86333333,140.6383333
2011/8/27,13:46:59,茨城県北部,36°52.2′N,140°38.4′E,6 km,3.4,震度１,36.87,140.64
2011/8/27,13:50:17,宮古島近海,24°37.0′N,125°12.3′E,32 km,3.5,震度２,24.61666667,125.205
2011/8/27,14:05:32,茨城県沖,36°44.1′N,140°45.1′E,15 km,4.3,震度４,36.735,140.7516667
2011/8/27,14:09:19,福島県沖,37°36.7′N,141°43.6′E,48 km,4.1,震度２,37.61166667,141.7266667
2011/8/27,16:17:41,茨城県沖,36°47.6′N,141°22.7′E,33 km,4.1,震度１,36.79333333,141.3783333
2011/8/27,17:43:54,岩手県沖,40°06.4′N,142°26.7′E,35 km,4.1,震度１,40.10666667,142.445
2011/8/27,17:45:35,福島県浜通り,37°08.1′N,140°51.8′E,6 km,2.6,震度１,37.135,140.8633333
2011/8/27,18:14:40,福島県浜通り,37°08.0′N,140°51.2′E,6 km,2.3,震度１,37.13333333,140.8533333
2011/8/27,18:17:53,福島県浜通り,37°07.7′N,140°51.6′E,7 km,2.5,震度１,37.12833333,140.86
2011/8/27,19:11:32,福島県浜通り,37°07.7′N,140°52.3′E,7 km,2.5,震度１,37.12833333,140.8716667
2011/8/27,19:13:59,福島県浜通り,37°08.1′N,140°51.7′E,7 km,2.4,震度１,37.135,140.8616667
2011/8/27,23:29:23,福島県沖,37°00.4′N,141°23.2′E,28 km,4.8,震度２,37.00666667,141.3866667
2011/8/27,23:31:59,和歌山県南部,33°49.7′N,135°35.1′E,41 km,3.4,震度１,33.82833333,135.585
2011/8/27,23:33:58,福島県沖,37°00.1′N,141°23.5′E,28 km,4.4,震度２,37.00166667,141.3916667
2011/8/28,0:44:28,奄美大島近海,27°58.9′N,129°29.9′E,28 km,3.6,震度１,27.98166667,129.4983333
2011/8/28,0:49:57,奄美大島近海,27°59.7′N,129°29.6′E,29 km,4.5,震度２,27.995,129.4933333
2011/8/28,1:14:29,奄美大島近海,27°59.3′N,129°29.1′E,30 km,4.1,震度２,27.98833333,129.485
2011/8/28,2:24:57,東京都２３区,35°39.9′N,139°38.3′E,76 km,3.1,震度１,35.665,139.6383333
2011/8/28,4:49:10,奄美大島近海,27°59.0′N,129°29.4′E,30 km,4.1,震度２,27.98333333,129.49
2011/8/28,9:52:04,大隅半島東方沖,31°07.1′N,131°30.9′E,29 km,4.2,震度１,31.11833333,131.515
2011/8/28,9:54:09,茨城県沖,36°19.0′N,140°55.0′E,38 km,3.3,震度１,36.31666667,140.9166667
2011/8/28,10:23:17,宮城県沖,38°32.2′N,142°10.9′E,37 km,3.9,震度１,38.53666667,142.1816667
2011/8/28,13:47:38,茨城県沖,36°42.2′N,141°06.7′E,35 km,2.8,震度１,36.70333333,141.1116667
2011/8/28,18:23:05,和歌山県北部,34°04.1′N,135°20.0′E,5 km,3.8,震度３,34.06833333,135.3333333
2011/8/28,18:37:30,福島県浜通り,37°07.8′N,140°52.3′E,9 km,2.9,震度１,37.13,140.8716667
2011/8/28,20:13:26,宮城県沖,38°26.4′N,142°13.1′E,28 km,4,震度１,38.44,142.2183333
2011/8/28,23:56:55,福島県会津,37°40.4′N,139°55.5′E,8 km,2.5,震度２,37.67333333,139.925
2011/8/29,0:47:06,駿河湾,34°39.4′N,138°33.1′E,23 km,3.1,震度１,34.65666667,138.5516667
2011/8/29,0:55:30,トカラ列島近海,29°22.8′N,129°34.0′E,6 km,3,震度３,29.38,129.5666667
2011/8/29,1:22:03,茨城県沖,36°34.9′N,141°09.9′E,30 km,3.3,震度１,36.58166667,141.165
2011/8/29,1:48:08,福島県中通り,37°00.3′N,140°35.6′E,8 km,3.1,震度１,37.005,140.5933333
2011/8/29,5:19:55,岩手県沿岸南部,39°23.8′N,141°48.3′E,59 km,3.1,震度１,39.39666667,141.805
2011/8/29,8:07:09,山形県置賜地方,37°48.6′N,140°00.1′E,9 km,2.6,震度１,37.81,140.0016667
2011/8/29,8:12:57,釧路地方中南部,43°01.4′N,144°41.6′E,73 km,3.4,震度１,43.02333333,144.6933333
2011/8/29,8:17:55,福島県浜通り,37°00.9′N,140°41.0′E,10 km,3.5,震度１,37.015,140.6833333
2011/8/29,9:54:40,茨城県沖,36°24.4′N,140°56.5′E,19 km,3.9,震度１,36.40666667,140.9416667
2011/8/29,10:49:08,茨城県北部,36°47.2′N,140°34.7′E,5 km,3.6,震度１,36.78666667,140.5783333
2011/8/29,11:02:25,内浦湾,41°56.8′N,140°59.4′E,9 km,3.4,震度２,41.94666667,140.99
2011/8/29,12:00:45,岩手県沖,39°52.4′N,142°10.4′E,47 km,3.8,震度１,39.87333333,142.1733333
2011/8/29,12:45:35,茨城県沖,36°25.4′N,140°41.4′E,52 km,2.9,震度１,36.42333333,140.69
2011/8/29,13:34:26,静岡県東部,35°22.8′N,138°58.7′E,17 km,3.4,震度２,35.38,138.9783333
2011/8/29,17:06:45,福島県沖,37°09.0′N,142°21.2′E,14 km,4.5,震度２,37.15,142.3533333
2011/8/29,20:41:14,茨城県北部,36°39.7′N,140°35.5′E,7 km,2.4,震度２,36.66166667,140.5916667
2011/8/29,22:31:38,長野県中部,36°15.5′N,137°42.2′E,5 km,3,震度１,36.25833333,137.7033333
2011/8/30,3:21:57,茨城県沖,36°30.5′N,140°55.9′E,16 km,4.6,震度３,36.50833333,140.9316667
2011/8/30,5:19:51,宮城県沖,38°42.1′N,141°47.7′E,53 km,3.1,震度１,38.70166667,141.795
2011/8/30,6:32:24,宮城県沖,38°53.3′N,141°58.1′E,50 km,3.8,震度２,38.88833333,141.9683333
2011/8/30,6:43:51,宮城県沖,38°23.9′N,142°11.0′E,32 km,3.9,震度１,38.39833333,142.1833333
2011/8/30,9:39:39,駿河湾,34°43.9′N,138°32.3′E,21 km,2.9,震度１,34.73166667,138.5383333
2011/8/30,10:50:36,福島県中通り,37°14.0′N,140°12.2′E,130 km,3.9,震度２,37.23333333,140.2033333
2011/8/30,11:29:06,宮城県沖,38°32.7′N,142°04.7′E,33 km,4,震度２,38.545,142.0783333
2011/8/30,12:33:32,宮城県沖,38°40.5′N,141°29.1′E,69 km,3.4,震度２,38.675,141.485
2011/8/30,13:17:58,三重県南東沖,34°01.6′N,136°32.2′E,16 km,3.6,震度１,34.02666667,136.5366667
2011/8/30,16:14:06,岩手県沖,39°07.6′N,142°22.7′E,35 km,3.5,震度１,39.12666667,142.3783333
2011/8/30,16:23:20,福島県浜通り,37°13.0′N,140°53.3′E,8 km,3.2,震度２,37.21666667,140.8883333
2011/8/30,16:33:28,福島県中通り,37°05.9′N,140°39.5′E,13 km,3.6,震度２,37.09833333,140.6583333
2011/8/30,16:48:27,茨城県北部,36°43.6′N,140°39.3′E,7 km,2.8,震度１,36.72666667,140.655
2011/8/30,17:47:34,岩手県沖,39°01.0′N,142°22.4′E,35 km,3.7,震度１,39.01666667,142.3733333
2011/8/30,18:07:00,三陸沖,39°46.8′N,143°35.4′E,21 km,4.5,震度１,39.78,143.59
2011/8/30,18:19:56,浦河沖,42°27.1′N,142°05.7′E,101 km,3.9,震度２,42.45166667,142.095
2011/8/30,19:41:49,福島県中通り,37°17.6′N,140°00.3′E,8 km,2.8,震度２,37.29333333,140.005
2011/8/30,21:46:16,宮城県沖,38°32.2′N,141°43.1′E,54 km,3.7,震度２,38.53666667,141.7183333
2011/8/30,22:44:36,秋田県内陸南部,39°11.2′N,140°34.7′E,155 km,4.9,震度２,39.18666667,140.5783333
2011/8/30,23:12:47,秋田県内陸北部,40°02.3′N,140°32.5′E,9 km,2.6,震度１,40.03833333,140.5416667
2011/8/31,0:24:48,山形県置賜地方,37°48.2′N,140°00.2′E,7 km,2.7,震度１,37.80333333,140.0033333
2011/8/31,2:20:43,千葉県東方沖,35°46.4′N,140°53.5′E,16 km,4.3,震度３,35.77333333,140.8916667
2011/8/31,4:04:23,千葉県東方沖,35°46.7′N,140°52.9′E,15 km,3.8,震度２,35.77833333,140.8816667
2011/8/31,5:43:11,宮城県中部,38°19.0′N,140°41.4′E,12 km,2.6,震度１,38.31666667,140.69
2011/8/31,16:40:03,岩手県沖,39°06.7′N,142°06.9′E,45 km,3.4,震度１,39.11166667,142.115
2011/8/31,18:12:52,宮城県沖,38°19.3′N,141°53.2′E,45 km,4.1,震度２,38.32166667,141.8866667
2011/8/31,18:32:50,東京湾,35°33.4′N,140°05.8′E,72 km,4.6,震度３,35.55666667,140.0966667
2011/8/31,19:12:12,神奈川県東部,35°34.8′N,139°33.1′E,107 km,3.6,震度１,35.58,139.5516667
2011/8/31,19:59:33,北海道南西沖,42°21.4′N,139°14.8′E,24 km,3.6,震度２,42.35666667,139.2466667
2011/8/31,21:42:57,千葉県東方沖,35°45.6′N,140°54.6′E,11 km,3.8,震度２,35.76,140.91
2011/9/1,1:29:33,茨城県北部,36°44.3′N,140°36.2′E,7 km,3.3,震度１,36.73833333,140.6033333
2011/9/1,4:28:23,岩手県内陸南部,39°02.3′N,140°53.6′E,5 km,3,震度１,39.03833333,140.8933333
2011/9/1,4:31:17,宮城県沖,38°53.4′N,141°58.6′E,50 km,3.4,震度１,38.89,141.9766667
2011/9/1,5:32:13,千葉県東方沖,35°30.0′N,140°57.1′E,24 km,3.7,震度１,35.5,140.9516667
2011/9/1,11:50:45,茨城県沖,36°24.6′N,140°51.0′E,16 km,3.9,震度３,36.41,140.85
2011/9/1,12:50:56,静岡県東部,35°19.6′N,138°44.0′E,13 km,2.5,震度１,35.32666667,138.7333333
2011/9/1,19:01:30,長野県中部,36°09.8′N,137°57.7′E,4 km,2.4,震度１,36.16333333,137.9616667
2011/9/1,21:41:35,茨城県南部,36°01.1′N,139°56.2′E,42 km,3.3,震度１,36.01833333,139.9366667
2011/9/2,0:16:36,宮城県沖,38°22.6′N,141°46.1′E,58 km,3.2,震度１,38.37666667,141.7683333
2011/9/2,2:56:18,福島県中通り,36°59.4′N,140°30.4′E,5 km,3.6,震度２,36.99,140.5066667
2011/9/2,5:36:34,千葉県東方沖,35°47.9′N,140°58.1′E,13 km,3.6,震度１,35.79833333,140.9683333
2011/9/2,6:43:50,岩手県沖,39°05.0′N,142°10.8′E,44 km,3.1,震度１,39.08333333,142.18
2011/9/2,7:39:35,千葉県北東部,35°44.7′N,140°38.9′E,45 km,3.4,震度２,35.745,140.6483333
2011/9/2,7:52:58,宮城県沖,38°58.2′N,142°33.3′E,29 km,3.7,震度１,38.97,142.555
2011/9/2,8:00:07,茨城県沖,36°31.5′N,141°01.4′E,35 km,3.2,震度１,36.525,141.0233333
2011/9/2,9:07:18,福島県沖,37°17.3′N,141°24.3′E,46 km,3.3,震度１,37.28833333,141.405
2011/9/2,11:06:23,茨城県北部,36°51.1′N,140°41.4′E,10 km,3.7,震度２,36.85166667,140.69
2011/9/2,12:15:10,茨城県沖,36°47.5′N,141°08.2′E,47 km,3.5,震度１,36.79166667,141.1366667
2011/9/2,13:08:04,岩手県沖,39°05.3′N,142°24.8′E,33 km,4.5,震度２,39.08833333,142.4133333
2011/9/2,13:48:33,宮城県北部,38°49.2′N,141°34.9′E,74 km,4.3,震度３,38.82,141.5816667
2011/9/2,16:33:05,福島県浜通り,37°05.6′N,140°50.4′E,9 km,2.8,震度２,37.09333333,140.84
2011/9/2,17:53:32,福島県浜通り,37°07.6′N,140°52.3′E,8 km,2.5,震度１,37.12666667,140.8716667
2011/9/2,18:48:47,宮城県沖,38°57.7′N,142°34.1′E,28 km,3.6,震度１,38.96166667,142.5683333
2011/9/2,19:47:50,茨城県南部,36°00.9′N,140°05.1′E,62 km,3.4,震度１,36.015,140.085
2011/9/2,20:49:42,釧路地方中南部,43°21.3′N,143°59.8′E,4 km,3.5,震度１,43.355,143.9966667
2011/9/2,20:53:27,釧路地方中南部,43°21.1′N,143°59.7′E,4 km,3.2,震度１,43.35166667,143.995
2011/9/2,21:19:10,宮城県沖,38°53.0′N,141°59.1′E,49 km,3.2,震度１,38.88333333,141.985
2011/9/2,21:42:29,長野県北部,36°58.6′N,138°35.5′E,9 km,1.9,震度１,36.97666667,138.5916667
2011/9/2,23:15:31,栃木県北部,36°38.3′N,139°28.9′E,4 km,3,震度２,36.63833333,139.4816667
2011/9/3,1:14:13,青森県東方沖,40°48.5′N,141°47.4′E,101 km,3.4,震度１,40.80833333,141.79
2011/9/3,4:32:15,岩手県沿岸北部,39°45.5′N,141°51.1′E,58 km,3.1,震度１,39.75833333,141.8516667
2011/9/3,5:08:20,福島県沖,36°55.8′N,141°04.3′E,50 km,3.3,震度１,36.93,141.0716667
2011/9/3,5:55:57,宮城県沖,38°11.9′N,141°37.6′E,53 km,3.7,震度１,38.19833333,141.6266667
2011/9/3,6:18:20,宮城県沖,38°39.1′N,142°05.5′E,43 km,3.7,震度１,38.65166667,142.0916667
2011/9/3,6:25:21,宮城県沖,38°34.0′N,141°54.2′E,51 km,3.2,震度１,38.56666667,141.9033333
2011/9/3,6:56:54,奈良県,34°19.7′N,136°03.0′E,53 km,3.6,震度２,34.32833333,136.05
2011/9/3,7:53:49,宮城県北部,38°50.0′N,140°37.4′E,5 km,1.8,震度１,38.83333333,140.6233333
2011/9/3,12:46:13,茨城県沖,36°12.1′N,140°52.3′E,44 km,3.1,震度１,36.20166667,140.8716667
2011/9/3,16:42:58,千葉県北東部,35°45.0′N,140°39.7′E,48 km,3.6,震度２,35.75,140.6616667
2011/9/3,21:41:06,茨城県沖,36°07.9′N,140°59.7′E,40 km,3.9,震度２,36.13166667,140.995
2011/9/4,0:14:01,大分県中部,33°17.7′N,131°23.1′E,9 km,2.2,震度１,33.295,131.385
2011/9/4,5:17:36,福島県中通り,37°05.7′N,140°34.4′E,12 km,3.7,震度２,37.095,140.5733333
2011/9/4,5:48:29,大分県中部,33°17.7′N,131°23.5′E,9 km,2.4,震度１,33.295,131.3916667
2011/9/4,5:52:49,埼玉県南部,35°52.3′N,139°36.5′E,90 km,4.7,震度３,35.87166667,139.6083333
2011/9/4,8:27:39,福島県沖,37°14.8′N,141°23.5′E,22 km,4.4,震度１,37.24666667,141.3916667
2011/9/4,12:25:31,宮城県沖,38°48.2′N,142°05.4′E,43 km,3.4,震度１,38.80333333,142.09
2011/9/4,14:02:02,北海道東方沖,43°43.5′N,147°50.9′E,0 km,5,震度１,43.725,147.8483333
2011/9/4,14:25:05,千葉県東方沖,35°49.6′N,140°56.9′E,15 km,3.9,震度１,35.82666667,140.9483333
2011/9/4,16:01:43,岩手県沖,39°46.5′N,142°40.0′E,41 km,4.3,震度１,39.775,142.6666667
2011/9/4,17:09:27,福島県沖,37°23.2′N,141°19.1′E,35 km,3.8,震度１,37.38666667,141.3183333
2011/9/4,17:52:47,長野県北部,36°55.6′N,138°34.7′E,7 km,2.8,震度１,36.92666667,138.5783333
2011/9/4,20:07:00,岩手県沖,39°05.3′N,142°08.4′E,45 km,3.2,震度１,39.08833333,142.14
2011/9/4,21:15:56,宮城県沖,38°44.8′N,142°03.4′E,52 km,3.5,震度１,38.74666667,142.0566667
2011/9/4,21:22:01,宮城県沖,38°29.1′N,142°12.0′E,31 km,3.8,震度１,38.485,142.2
2011/9/4,23:05:07,茨城県北部,36°45.8′N,140°33.9′E,59 km,3.6,震度２,36.76333333,140.565
2011/9/5,2:35:57,茨城県沖,36°49.7′N,141°19.3′E,27 km,3.9,震度１,36.82833333,141.3216667
2011/9/5,4:59:35,トカラ列島近海,29°41.8′N,129°46.5′E,11 km,2.5,震度１,29.69666667,129.775
2011/9/5,6:31:42,茨城県沖,36°14.4′N,141°04.9′E,46 km,3.4,震度１,36.24,141.0816667
2011/9/5,11:17:43,宮城県沖,38°17.2′N,141°54.9′E,46 km,3.8,震度１,38.28666667,141.915
2011/9/5,11:43:39,福島県中通り,36°59.8′N,140°29.6′E,6 km,3.2,震度２,36.99666667,140.4933333
2011/9/5,11:45:21,秋田県内陸南部,39°34.2′N,140°23.6′E,4 km,2.2,震度１,39.57,140.3933333
2011/9/5,13:57:33,宮城県沖,38°26.7′N,142°11.9′E,29 km,3.8,震度１,38.445,142.1983333
2011/9/5,14:30:36,秋田県内陸南部,39°34.2′N,140°23.5′E,3 km,2.2,震度１,39.57,140.3916667
2011/9/5,17:04:23,茨城県沖,36°11.9′N,140°53.3′E,46 km,4.3,震度２,36.19833333,140.8883333
2011/9/5,17:52:05,新潟県中越地方,37°14.9′N,139°04.4′E,2 km,2.2,震度１,37.24833333,139.0733333
2011/9/5,19:50:59,熊本県天草・芦北地方,32°33.8′N,130°30.0′E,9 km,2.4,震度１,32.56333333,130.5
2011/9/5,19:54:59,福島県浜通り,37°14.1′N,140°54.4′E,6 km,2.8,震度１,37.235,140.9066667
2011/9/5,21:03:47,千葉県東方沖,35°23.1′N,141°10.2′E,20 km,4.1,震度２,35.385,141.17
2011/9/5,21:14:30,福島県沖,37°29.9′N,141°29.1′E,46 km,4.3,震度３,37.49833333,141.485
2011/9/5,22:20:56,千葉県東方沖,35°22.8′N,141°12.8′E,24 km,3.7,震度１,35.38,141.2133333
2011/9/5,22:36:45,福島県沖,37°29.7′N,141°28.3′E,46 km,3.9,震度１,37.495,141.4716667
2011/9/6,3:49:58,秋田県内陸南部,39°34.0′N,140°23.6′E,4 km,2.8,震度２,39.56666667,140.3933333
2011/9/6,5:03:04,千葉県東方沖,35°42.7′N,140°54.6′E,13 km,3.3,震度２,35.71166667,140.91
2011/9/6,12:59:55,茨城県北部,36°38.4′N,140°34.9′E,7 km,3.4,震度２,36.64,140.5816667
2011/9/6,16:08:32,長野県北部,36°41.0′N,138°13.2′E,8 km,2.5,震度１,36.68333333,138.22
2011/9/6,18:06:31,福島県中通り,36°59.8′N,140°30.0′E,8 km,2.9,震度１,36.99666667,140.5
2011/9/6,19:06:51,茨城県南部,35°58.7′N,140°03.8′E,64 km,3.2,震度１,35.97833333,140.0633333
2011/9/7,2:54:50,茨城県沖,36°39.7′N,141°41.3′E,36 km,5.2,震度２,36.66166667,141.6883333
2011/9/7,3:03:42,茨城県沖,36°38.8′N,141°38.5′E,48 km,4.2,震度１,36.64666667,141.6416667
2011/9/7,4:37:20,奄美大島近海,27°41.8′N,128°49.2′E,42 km,3.3,震度１,27.69666667,128.82
2011/9/7,5:33:22,秋田県内陸南部,39°34.1′N,140°23.5′E,4 km,2,震度１,39.56833333,140.3916667
2011/9/7,7:27:25,浦河沖,42°14.8′N,142°35.4′E,10 km,4.3,震度４,42.24666667,142.59
2011/9/7,7:33:45,浦河沖,42°14.3′N,142°35.2′E,10 km,2.5,震度２,42.23833333,142.5866667
2011/9/7,7:43:47,茨城県沖,36°38.0′N,141°45.4′E,54 km,4.5,震度２,36.63333333,141.7566667
2011/9/7,14:42:08,宮城県沖,38°38.8′N,142°09.9′E,42 km,4.6,震度２,38.64666667,142.165
2011/9/7,15:24:50,熊本県熊本地方,32°54.7′N,130°50.8′E,9 km,3.6,震度３,32.91166667,130.8466667
2011/9/7,17:08:47,東京湾,35°32.2′N,140°00.9′E,12 km,3,震度１,35.53666667,140.015
2011/9/7,17:28:15,茨城県北部,36°37.7′N,140°36.4′E,5 km,2.7,震度２,36.62833333,140.6066667
2011/9/7,21:00:39,茨城県北部,36°23.0′N,140°34.0′E,55 km,2.8,震度１,36.38333333,140.5666667
2011/9/7,22:29:43,日高地方中部,42°15.6′N,142°35.3′E,10 km,5.1,震度５強,42.26,142.5883333
2011/9/7,22:32:16,日高地方中部,42°15.7′N,142°35.6′E,6 km,3,震度３,42.26166667,142.5933333
2011/9/7,22:32:43,浦河沖,42°15.3′N,142°31.9′E,8 km,2.5,震度２,42.255,142.5316667
2011/9/7,22:34:50,日高地方中部,42°16.8′N,142°36.6′E,6 km,2.5,震度２,42.28,142.61
2011/9/7,22:36:40,浦河沖,42°14.6′N,142°33.2′E,9 km,2.2,震度１,42.24333333,142.5533333
2011/9/7,22:37:17,日高地方中部,42°15.9′N,142°35.7′E,7 km,1.9,震度１,42.265,142.595
2011/9/7,22:42:16,日高地方中部,42°16.2′N,142°35.7′E,6 km,1.6,震度１,42.27,142.595
2011/9/7,22:55:53,長野県北部,36°54.8′N,138°33.7′E,1 km,2.2,震度１,36.91333333,138.5616667
2011/9/7,23:17:34,日高地方中部,42°16.1′N,142°34.2′E,8 km,2.7,震度２,42.26833333,142.57
2011/9/7,23:26:23,宮城県沖,38°24.7′N,142°12.9′E,37 km,4.1,震度１,38.41166667,142.215
2011/9/7,23:27:15,日高地方中部,42°15.7′N,142°34.1′E,8 km,2.4,震度１,42.26166667,142.5683333
2011/9/7,23:29:01,日高地方中部,42°16.2′N,142°34.8′E,8 km,2.1,震度１,42.27,142.58
2011/9/7,23:33:17,日高地方中部,42°15.4′N,142°35.2′E,7 km,2,震度１,42.25666667,142.5866667
2011/9/7,23:37:28,日高地方中部,42°16.2′N,142°35.8′E,5 km,2.7,震度３,42.27,142.5966667
2011/9/7,23:44:02,日高地方中部,42°15.5′N,142°34.0′E,8 km,2.2,震度１,42.25833333,142.5666667
2011/9/7,23:54:25,日高地方中部,42°16.7′N,142°36.0′E,4 km,2.5,震度２,42.27833333,142.6
2011/9/8,0:26:43,日高地方中部,42°16.4′N,142°35.9′E,6 km,2.2,震度１,42.27333333,142.5983333
2011/9/8,1:30:36,日高地方中部,42°15.6′N,142°36.3′E,6 km,2.2,震度１,42.26,142.605
2011/9/8,2:30:03,宮城県沖,38°33.3′N,141°41.8′E,55 km,2.7,震度１,38.555,141.6966667
2011/9/8,3:13:15,日高地方中部,42°16.2′N,142°35.6′E,6 km,1.8,震度１,42.27,142.5933333
2011/9/8,3:17:51,日高地方中部,42°16.0′N,142°36.2′E,6 km,2.1,震度１,42.26666667,142.6033333
2011/9/8,3:50:41,日高地方中部,42°15.4′N,142°35.6′E,7 km,3.1,震度３,42.25666667,142.5933333
2011/9/8,4:54:00,日高地方中部,42°15.2′N,142°35.0′E,6 km,2,震度１,42.25333333,142.5833333
2011/9/8,5:48:32,茨城県北部,36°45.2′N,140°35.2′E,7 km,3.9,震度２,36.75333333,140.5866667
2011/9/8,6:35:40,岩手県沖,40°06.2′N,142°28.7′E,34 km,3.8,震度１,40.10333333,142.4783333
2011/9/8,7:00:05,岩手県沖,39°12.3′N,142°22.9′E,30 km,3.6,震度１,39.205,142.3816667
2011/9/8,7:23:14,浦河沖,42°14.5′N,142°34.2′E,8 km,2,震度１,42.24166667,142.57
2011/9/8,8:16:23,浦河沖,42°14.6′N,142°34.3′E,8 km,2,震度１,42.24333333,142.5716667
2011/9/8,8:38:27,浦河沖,42°14.8′N,142°34.6′E,6 km,1.9,震度１,42.24666667,142.5766667
2011/9/8,8:42:27,日高地方中部,42°16.1′N,142°36.1′E,6 km,1.6,震度１,42.26833333,142.6016667
2011/9/8,9:12:09,茨城県沖,36°07.8′N,140°59.8′E,46 km,3.6,震度１,36.13,140.9966667
2011/9/8,11:14:10,日高地方中部,42°15.1′N,142°35.2′E,9 km,1.9,震度１,42.25166667,142.5866667
2011/9/8,12:27:18,日高地方中部,42°15.8′N,142°35.3′E,9 km,2.6,震度１,42.26333333,142.5883333
2011/9/8,12:46:29,日高地方中部,42°15.5′N,142°35.5′E,6 km,1.8,震度１,42.25833333,142.5916667
2011/9/8,13:44:06,伊豆半島東方沖,35°00.9′N,139°08.0′E,8 km,2.7,震度１,35.015,139.1333333
2011/9/8,13:50:57,長野県北部,36°29.7′N,138°08.2′E,7 km,2.9,震度１,36.495,138.1366667
2011/9/8,16:09:45,福島県浜通り,37°07.4′N,140°51.3′E,7 km,2.6,震度１,37.12333333,140.855
2011/9/8,16:30:01,日高地方中部,42°15.4′N,142°35.9′E,9 km,1.7,震度１,42.25666667,142.5983333
2011/9/8,16:44:36,千葉県東方沖,35°48.5′N,140°53.6′E,11 km,3,震度１,35.80833333,140.8933333
2011/9/8,16:56:54,茨城県沖,36°11.7′N,141°00.6′E,35 km,3.5,震度１,36.195,141.01
2011/9/8,16:57:28,宮城県沖,38°30.8′N,141°55.5′E,45 km,3.7,震度１,38.51333333,141.925
2011/9/8,17:14:54,福島県浜通り,37°07.5′N,140°51.1′E,8 km,2.7,震度１,37.125,140.8516667
2011/9/8,17:22:39,茨城県南部,35°59.6′N,140°13.5′E,41 km,3.5,震度２,35.99333333,140.225
2011/9/8,17:25:53,日高地方中部,42°15.8′N,142°34.9′E,6 km,1.8,震度１,42.26333333,142.5816667
2011/9/8,18:02:35,浦河沖,42°14.8′N,142°35.6′E,5 km,3,震度３,42.24666667,142.5933333
2011/9/8,19:25:34,茨城県北部,36°40.8′N,140°40.0′E,3 km,2.2,震度１,36.68,140.6666667
2011/9/8,19:58:02,香川県西部,34°05.7′N,133°40.6′E,15 km,3.8,震度３,34.095,133.6766667
2011/9/8,22:38:11,福島県沖,37°16.3′N,141°55.4′E,40 km,5.2,震度３,37.27166667,141.9233333
2011/9/9,0:46:22,日高地方中部,42°15.3′N,142°36.0′E,7 km,2.3,震度２,42.255,142.6
2011/9/9,1:04:37,浦河沖,42°14.4′N,142°34.8′E,9 km,1.7,震度１,42.24,142.58
2011/9/9,2:14:06,日高地方中部,42°15.0′N,142°35.6′E,9 km,2.8,震度２,42.25,142.5933333
2011/9/9,2:18:17,宮城県沖,38°32.5′N,141°43.3′E,54 km,3.2,震度２,38.54166667,141.7216667
2011/9/9,2:18:38,浦河沖,42°14.5′N,142°35.2′E,9 km,1.8,震度１,42.24166667,142.5866667
2011/9/9,2:42:07,福島県浜通り,37°05.2′N,140°45.8′E,7 km,3.1,震度１,37.08666667,140.7633333
2011/9/9,5:58:03,福島県沖,37°04.9′N,142°13.3′E,38 km,4.4,震度１,37.08166667,142.2216667
2011/9/9,6:52:43,日高地方中部,42°15.6′N,142°35.5′E,9 km,2.9,震度３,42.26,142.5916667
2011/9/9,7:06:18,岩手県沖,39°47.9′N,142°17.2′E,22 km,4.8,震度３,39.79833333,142.2866667
2011/9/9,7:14:21,千葉県東方沖,35°49.1′N,140°53.9′E,11 km,3.3,震度１,35.81833333,140.8983333
2011/9/9,10:45:52,茨城県南部,36°08.7′N,140°05.1′E,49 km,3.2,震度１,36.145,140.085
2011/9/9,15:12:47,茨城県北部,36°42.3′N,140°35.3′E,8 km,2.6,震度１,36.705,140.5883333
2011/9/9,16:25:17,三重県北部,34°52.9′N,136°37.3′E,39 km,3.1,震度１,34.88166667,136.6216667
2011/9/9,20:24:35,岩手県沖,39°04.6′N,142°11.8′E,44 km,3.4,震度１,39.07666667,142.1966667
2011/9/9,23:29:52,茨城県北部,36°50.7′N,140°34.1′E,4 km,3.9,震度２,36.845,140.5683333
2011/9/9,23:40:24,岩手県沖,39°06.7′N,142°06.8′E,46 km,3.9,震度２,39.11166667,142.1133333
2011/9/10,0:51:01,日高地方中部,42°15.5′N,142°35.3′E,8 km,3.7,震度３,42.25833333,142.5883333
2011/9/10,1:01:54,日高地方中部,42°16.2′N,142°35.5′E,7 km,2.4,震度１,42.27,142.5916667
2011/9/10,1:10:08,日高地方中部,42°15.6′N,142°35.9′E,6 km,2,震度１,42.26,142.5983333
2011/9/10,7:21:12,茨城県沖,36°14.6′N,141°02.2′E,36 km,3.2,震度１,36.24333333,141.0366667
2011/9/10,14:32:48,宗谷地方北部,45°02.8′N,141°58.1′E,0 km,2.2,震度１,45.04666667,141.9683333
2011/9/10,15:00:32,茨城県沖,36°25.7′N,140°41.6′E,53 km,4.8,震度４,36.42833333,140.6933333
2011/9/10,15:21:39,福島県沖,36°44.0′N,142°14.4′E,25 km,4.5,震度１,36.73333333,142.24
2011/9/10,15:57:02,茨城県沖,36°32.7′N,140°40.3′E,16 km,2.7,震度１,36.545,140.6716667
2011/9/10,17:19:21,宮城県沖,38°23.4′N,142°02.5′E,30 km,3.5,震度１,38.39,142.0416667
2011/9/10,17:36:38,日高地方中部,42°16.3′N,142°36.5′E,6 km,3,震度３,42.27166667,142.6083333
2011/9/10,17:38:15,浦河沖,42°15.1′N,142°32.7′E,5 km,2.2,震度１,42.25166667,142.545
2011/9/10,17:54:39,福島県中通り,37°02.2′N,140°34.2′E,8 km,3.4,震度２,37.03666667,140.57
2011/9/10,18:47:51,日高地方中部,42°15.1′N,142°35.5′E,7 km,3.2,震度２,42.25166667,142.5916667
2011/9/10,19:01:10,岩手県沖,39°16.6′N,142°14.1′E,43 km,3.9,震度２,39.27666667,142.235
2011/9/10,21:21:35,宮古島近海,24°59.3′N,125°35.0′E,54 km,3.4,震度１,24.98833333,125.5833333
2011/9/10,22:10:33,茨城県北部,36°36.3′N,140°35.2′E,3 km,2.4,震度１,36.605,140.5866667
2011/9/10,23:17:02,伊豆半島東方沖,34°52.3′N,139°14.5′E,11 km,2.9,震度１,34.87166667,139.2416667
2011/9/11,2:33:12,茨城県北部,36°40.1′N,140°35.9′E,4 km,2.7,震度１,36.66833333,140.5983333
2011/9/11,3:35:43,千葉県北東部,35°45.4′N,140°43.3′E,16 km,3.9,震度２,35.75666667,140.7216667
2011/9/11,5:38:35,福島県沖,37°44.3′N,141°46.7′E,51 km,4.1,震度１,37.73833333,141.7783333
2011/9/11,8:14:03,青森県東方沖,41°07.0′N,143°03.2′E,27 km,4,震度１,41.11666667,143.0533333
2011/9/11,9:20:00,福島県沖,37°10.3′N,141°40.0′E,33 km,4.2,震度１,37.17166667,141.6666667
2011/9/11,9:40:14,日高地方中部,42°16.4′N,142°36.0′E,6 km,1.9,震度１,42.27333333,142.6
2011/9/11,10:29:31,茨城県沖,36°37.7′N,140°55.6′E,50 km,3.1,震度１,36.62833333,140.9266667
2011/9/11,16:58:33,岩手県沖,39°38.7′N,142°06.2′E,48 km,3.2,震度１,39.645,142.1033333
2011/9/11,17:33:45,茨城県北部,36°41.7′N,140°39.0′E,5 km,2.5,震度１,36.695,140.65
2011/9/11,17:41:57,茨城県北部,36°41.0′N,140°35.9′E,8 km,2.2,震度１,36.68333333,140.5983333
2011/9/11,18:22:10,宮城県沖,38°40.2′N,142°09.4′E,40 km,3.5,震度１,38.67,142.1566667
2011/9/11,19:09:28,東京湾,35°36.6′N,140°01.9′E,73 km,4.3,震度３,35.61,140.0316667
2011/9/11,20:33:53,紀伊水道,33°41.0′N,135°19.9′E,9 km,3.3,震度２,33.68333333,135.3316667
2011/9/12,0:14:22,宮城県沖,38°51.2′N,142°02.8′E,46 km,3.6,震度１,38.85333333,142.0466667
2011/9/12,1:29:16,岩手県沖,39°00.4′N,142°21.2′E,33 km,3.6,震度１,39.00666667,142.3533333
2011/9/12,6:48:24,東京湾,35°36.7′N,140°01.7′E,70 km,3.6,震度１,35.61166667,140.0283333
2011/9/12,7:30:41,福島県沖,36°43.2′N,142°08.3′E,41 km,4.4,震度１,36.72,142.1383333
2011/9/12,8:19:58,茨城県沖,36°36.0′N,141°35.5′E,56 km,4.4,震度１,36.6,141.5916667
2011/9/12,11:38:19,山形県置賜地方,37°47.4′N,140°00.8′E,9 km,3.1,震度１,37.79,140.0133333
2011/9/12,14:15:12,与那国島近海,23°38.7′N,122°47.4′E,52 km,4.7,震度１,23.645,122.79
2011/9/12,20:30:38,福島県沖,36°56.3′N,141°31.3′E,41 km,3.9,震度１,36.93833333,141.5216667
2011/9/12,21:29:04,茨城県北部,36°43.1′N,140°36.7′E,7 km,2.9,震度１,36.71833333,140.6116667
2011/9/12,23:22:05,茨城県北部,36°44.1′N,140°36.2′E,6 km,3,震度１,36.735,140.6033333
2011/9/12,23:25:59,山形県置賜地方,37°48.6′N,140°00.1′E,9 km,2.7,震度１,37.81,140.0016667
2011/9/12,23:59:34,福島県沖,36°54.1′N,141°11.2′E,54 km,3.3,震度１,36.90166667,141.1866667
2011/9/13,0:25:59,千葉県東方沖,35°33.8′N,141°00.8′E,37 km,4.3,震度２,35.56333333,141.0133333
2011/9/13,1:14:11,宮城県沖,38°18.6′N,142°07.5′E,38 km,4.1,震度２,38.31,142.125
2011/9/13,1:49:59,日高地方西部,42°41.7′N,142°30.0′E,101 km,4.5,震度３,42.695,142.5
2011/9/13,2:42:42,茨城県沖,36°32.7′N,140°47.7′E,54 km,4.3,震度４,36.545,140.795
2011/9/13,10:22:55,茨城県北部,36°42.8′N,140°37.5′E,7 km,3.6,震度３,36.71333333,140.625
2011/9/13,10:34:03,宮城県沖,38°53.6′N,141°57.8′E,50 km,3.9,震度２,38.89333333,141.9633333
2011/9/13,12:00:30,福島県浜通り,37°07.3′N,140°44.4′E,4 km,2.4,震度１,37.12166667,140.74
2011/9/13,18:10:19,千葉県東方沖,35°18.6′N,141°12.2′E,38 km,4.5,震度１,35.31,141.2033333
2011/9/13,21:14:58,茨城県北部,36°48.2′N,140°34.8′E,5 km,3.4,震度１,36.80333333,140.58
2011/9/13,23:14:30,宮城県沖,38°56.1′N,142°24.8′E,35 km,4.7,震度３,38.935,142.4133333
2011/9/14,2:02:23,奄美大島近海,27°58.7′N,129°16.3′E,17 km,3.2,震度１,27.97833333,129.2716667
2011/9/14,3:07:35,福島県中通り,37°06.0′N,140°35.9′E,12 km,3.6,震度２,37.1,140.5983333
2011/9/14,4:21:18,茨城県北部,36°40.8′N,140°37.6′E,6 km,3.9,震度３,36.68,140.6266667
2011/9/14,4:29:56,福島県浜通り,37°07.2′N,140°50.8′E,7 km,2.4,震度１,37.12,140.8466667
2011/9/14,7:09:24,福島県浜通り,37°07.1′N,140°50.3′E,7 km,3.3,震度２,37.11833333,140.8383333
2011/9/14,7:09:43,沖縄本島北西沖,27°01.2′N,127°16.5′E,93 km,4.1,震度２,27.02,127.275
2011/9/14,13:34:33,茨城県北部,36°40.7′N,140°37.6′E,6 km,2.7,震度１,36.67833333,140.6266667
2011/9/14,16:31:34,宮古島近海,24°42.4′N,125°09.2′E,32 km,3.4,震度１,24.70666667,125.1533333
2011/9/14,19:58:47,茨城県沖,36°42.8′N,141°25.1′E,51 km,3.7,震度１,36.71333333,141.4183333
2011/9/14,21:52:29,千葉県北西部,35°32.9′N,140°08.1′E,6 km,3,震度２,35.54833333,140.135
2011/9/14,23:56:36,福島県沖,37°44.3′N,141°47.4′E,51 km,4.6,震度３,37.73833333,141.79
2011/9/15,4:24:01,日高地方中部,42°15.1′N,142°33.5′E,10 km,3,震度３,42.25166667,142.5583333
2011/9/15,7:48:20,日高地方中部,42°15.2′N,142°35.3′E,7 km,2.2,震度１,42.25333333,142.5883333
2011/9/15,9:00:23,宮城県沖,38°47.1′N,142°08.0′E,35 km,4.1,震度２,38.785,142.1333333
2011/9/15,9:11:56,和歌山県北部,34°10.8′N,135°12.0′E,6 km,2.6,震度２,34.18,135.2
2011/9/15,11:13:58,宮城県沖,38°20.0′N,142°07.0′E,38 km,4,震度１,38.33333333,142.1166667
2011/9/15,16:43:42,福島県会津,37°39.8′N,139°55.5′E,9 km,2.6,震度１,37.66333333,139.925
2011/9/15,17:00:09,茨城県沖,36°15.3′N,141°29.0′E,51 km,6.3,震度４,36.255,141.4833333
2011/9/15,20:19:42,福島県浜通り,36°55.1′N,140°44.4′E,16 km,3.4,震度１,36.91833333,140.74
2011/9/15,21:16:55,岩手県沖,39°41.7′N,142°09.6′E,51 km,3.6,震度１,39.695,142.16
2011/9/15,23:25:09,岩手県沖,39°44.0′N,142°14.6′E,43 km,4.1,震度２,39.73333333,142.2433333
2011/9/15,23:30:34,茨城県北部,36°40.4′N,140°35.3′E,8 km,2.3,震度１,36.67333333,140.5883333
2011/9/16,1:38:48,宮城県沖,38°23.2′N,142°05.3′E,31 km,3.5,震度１,38.38666667,142.0883333
2011/9/16,2:37:59,日高地方中部,42°15.8′N,142°35.8′E,7 km,1.4,震度１,42.26333333,142.5966667
2011/9/16,3:36:14,茨城県沖,35°55.6′N,141°09.3′E,23 km,3.6,震度１,35.92666667,141.155
2011/9/16,3:40:24,宮城県沖,38°27.0′N,141°50.0′E,55 km,3.5,震度１,38.45,141.8333333
2011/9/16,5:26:20,茨城県沖,36°16.9′N,141°33.7′E,54 km,4.6,震度１,36.28166667,141.5616667
2011/9/16,5:36:01,茨城県沖,36°12.9′N,141°35.4′E,60 km,4.6,震度１,36.215,141.59
2011/9/16,6:04:17,長野県北部,36°26.1′N,137°40.7′E,1 km,2.7,震度１,36.435,137.6783333
2011/9/16,7:15:07,和歌山県北部,34°09.6′N,135°36.4′E,67 km,4.3,震度３,34.16,135.6066667
2011/9/16,7:39:30,宮城県沖,38°15.5′N,141°52.8′E,64 km,4,震度２,38.25833333,141.88
2011/9/16,8:49:59,栃木県北部,36°54.2′N,139°24.2′E,3 km,2.7,震度１,36.90333333,139.4033333
2011/9/16,11:03:18,福島県中通り,37°02.0′N,140°36.2′E,4 km,4.4,震度３,37.03333333,140.6033333
2011/9/16,14:22:44,福島県沖,36°51.3′N,141°06.7′E,50 km,3.6,震度１,36.855,141.1116667
2011/9/16,14:27:08,千葉県東方沖,35°34.3′N,141°02.5′E,33 km,4.5,震度２,35.57166667,141.0416667
2011/9/16,14:31:59,宮城県沖,38°17.6′N,141°52.6′E,47 km,4,震度２,38.29333333,141.8766667
2011/9/16,17:27:08,福島県中通り,37°04.4′N,140°26.6′E,6 km,2.5,震度１,37.07333333,140.4433333
2011/9/16,17:55:38,福島県沖,37°02.6′N,141°12.5′E,27 km,3.4,震度１,37.04333333,141.2083333
2011/9/16,23:35:14,茨城県北部,36°50.2′N,140°33.8′E,5 km,3.2,震度１,36.83666667,140.5633333
2011/9/17,4:26:36,岩手県沖,40°15.5′N,143°05.1′E,7 km,6.6,震度４,40.25833333,143.085
2011/9/17,4:39:59,三陸沖,40°14.5′N,143°09.8′E,6 km,5.2,震度２,40.24166667,143.1633333
2011/9/17,5:11:11,三陸沖,40°15.9′N,143°28.8′E,5 km,5.7,震度２,40.265,143.48
2011/9/17,5:16:20,三陸沖,40°14.5′N,143°23.1′E,11 km,4.7,震度１,40.24166667,143.385
2011/9/17,6:08:03,三陸沖,40°14.8′N,143°12.7′E,4 km,6.1,震度３,40.24666667,143.2116667
2011/9/17,6:28:43,福島県沖,37°07.6′N,141°35.7′E,45 km,3.8,震度１,37.12666667,141.595
2011/9/17,6:36:33,三陸沖,40°08.3′N,143°23.2′E,5 km,5.8,震度３,40.13833333,143.3866667
2011/9/17,6:42:36,宮城県沖,38°10.3′N,141°42.4′E,52 km,4.1,震度２,38.17166667,141.7066667
2011/9/17,7:40:42,三陸沖,40°16.5′N,143°23.6′E,15 km,5.8,震度３,40.275,143.3933333
2011/9/17,10:18:52,三陸沖,40°13.2′N,143°06.0′E,10 km,4.4,震度１,40.22,143.1
2011/9/17,14:49:17,千葉県北東部,35°45.2′N,140°40.1′E,44 km,3.2,震度１,35.75333333,140.6683333
2011/9/17,16:34:17,三陸沖,40°17.6′N,143°12.5′E,8 km,5.8,震度３,40.29333333,143.2083333
2011/9/17,18:04:48,茨城県沖,36°13.9′N,140°56.1′E,48 km,4,震度２,36.23166667,140.935
2011/9/17,22:04:32,日高地方中部,42°16.1′N,142°36.1′E,4 km,2.1,震度１,42.26833333,142.6016667
2011/9/17,23:33:08,茨城県沖,36°14.0′N,140°55.6′E,46 km,3.5,震度１,36.23333333,140.9266667
2011/9/18,0:13:23,宮城県沖,38°17.8′N,141°54.1′E,47 km,4.3,震度３,38.29666667,141.9016667
2011/9/18,0:44:59,長野県北部,36°48.0′N,138°35.5′E,0 km,3.1,震度１,36.8,138.5916667
2011/9/18,1:45:00,茨城県沖,36°11.9′N,140°59.1′E,45 km,3.6,震度１,36.19833333,140.985
2011/9/18,2:54:44,三陸沖,40°16.9′N,143°19.6′E,7 km,5.1,震度２,40.28166667,143.3266667
2011/9/18,9:55:37,宮城県沖,38°20.6′N,142°08.5′E,38 km,4.1,震度１,38.34333333,142.1416667
2011/9/18,12:23:54,福島県沖,37°49.2′N,141°46.4′E,42 km,4.1,震度１,37.82,141.7733333
2011/9/18,12:28:36,秋田県内陸南部,39°34.9′N,140°27.0′E,7 km,4.1,震度３,39.58166667,140.45
2011/9/18,12:33:59,福島県浜通り,37°05.5′N,140°49.1′E,8 km,3.1,震度１,37.09166667,140.8183333
2011/9/18,16:02:17,茨城県北部,36°42.2′N,140°37.5′E,6 km,3.1,震度１,36.70333333,140.625
2011/9/18,16:04:18,三陸沖,39°55.7′N,143°13.4′E,19 km,5.8,震度３,39.92833333,143.2233333
2011/9/18,18:09:31,福島県浜通り,36°55.0′N,140°42.5′E,7 km,2.9,震度１,36.91666667,140.7083333
2011/9/18,18:27:31,宮城県沖,38°42.1′N,141°47.5′E,53 km,3,震度１,38.70166667,141.7916667
2011/9/18,19:39:46,浦河沖,41°56.1′N,142°26.4′E,66 km,5,震度４,41.935,142.44
2011/9/18,20:50:58,福島県浜通り,37°07.6′N,140°52.5′E,9 km,2.4,震度１,37.12666667,140.875
2011/9/18,21:16:56,茨城県沖,36°20.9′N,140°56.2′E,46 km,3.4,震度１,36.34833333,140.9366667
2011/9/18,22:03:28,福島県沖,37°17.8′N,141°42.6′E,46 km,4.4,震度２,37.29666667,141.71
2011/9/19,0:31:03,福島県浜通り,37°07.9′N,140°51.5′E,8 km,3.4,震度２,37.13166667,140.8583333
2011/9/19,0:34:59,福島県浜通り,37°07.9′N,140°51.6′E,8 km,2.2,震度１,37.13166667,140.86
2011/9/19,0:47:02,長野県北部,36°34.8′N,138°20.6′E,1 km,2.7,震度１,36.58,138.3433333
2011/9/19,0:53:05,静岡県東部,35°18.7′N,138°43.2′E,12 km,2.2,震度１,35.31166667,138.72
2011/9/19,0:58:58,福島県沖,37°44.4′N,141°44.1′E,51 km,4.1,震度１,37.74,141.735
2011/9/19,3:32:24,福島県沖,37°46.0′N,141°36.5′E,48 km,5.2,震度３,37.76666667,141.6083333
2011/9/19,6:23:14,和歌山県北部,34°15.1′N,135°11.6′E,6 km,2.2,震度１,34.25166667,135.1933333
2011/9/19,8:22:47,沖縄本島近海,26°02.7′N,126°53.9′E,45 km,3.3,震度１,26.045,126.8983333
2011/9/19,10:38:22,宮城県沖,38°18.3′N,141°45.8′E,57 km,3.5,震度１,38.305,141.7633333
2011/9/19,15:28:38,茨城県沖,36°13.3′N,140°59.2′E,45 km,3.2,震度１,36.22166667,140.9866667
2011/9/19,18:12:12,茨城県沖,36°31.1′N,140°49.9′E,50 km,3.2,震度１,36.51833333,140.8316667
2011/9/19,18:36:34,茨城県南部,35°58.7′N,140°13.1′E,41 km,3.9,震度２,35.97833333,140.2183333
2011/9/19,18:38:38,茨城県南部,35°58.6′N,140°13.2′E,40 km,3.5,震度２,35.97666667,140.22
2011/9/19,18:50:25,茨城県沖,36°04.6′N,141°13.3′E,40 km,3.5,震度１,36.07666667,141.2216667
2011/9/20,1:27:26,岩手県沖,39°06.5′N,141°59.1′E,53 km,3.6,震度１,39.10833333,141.985
2011/9/20,3:09:04,宮城県中部,38°11.1′N,140°48.6′E,16 km,3,震度１,38.185,140.81
2011/9/20,3:39:48,茨城県沖,36°30.2′N,141°04.5′E,53 km,3.9,震度１,36.50333333,141.075
2011/9/20,4:04:48,奄美大島近海,27°56.3′N,128°54.3′E,43 km,3,震度１,27.93833333,128.905
2011/9/20,5:37:41,福島県沖,37°38.9′N,141°45.1′E,47 km,4,震度１,37.64833333,141.7516667
2011/9/20,6:35:27,福島県中通り,37°03.6′N,140°30.6′E,6 km,2.7,震度１,37.06,140.51
2011/9/20,7:08:33,茨城県南部,36°20.3′N,140°00.1′E,73 km,3.5,震度１,36.33833333,140.0016667
2011/9/20,7:16:25,宮城県沖,38°33.5′N,141°41.6′E,55 km,2.7,震度１,38.55833333,141.6933333
2011/9/20,14:50:26,茨城県沖,36°24.1′N,141°05.1′E,46 km,3.6,震度１,36.40166667,141.085
2011/9/20,15:13:16,千葉県東方沖,35°48.1′N,140°55.1′E,12 km,3.7,震度１,35.80166667,140.9183333
2011/9/20,15:43:13,千葉県東方沖,35°38.5′N,140°56.0′E,16 km,3.5,震度１,35.64166667,140.9333333
2011/9/20,18:20:14,福島県沖,37°13.6′N,141°15.1′E,23 km,3.8,震度２,37.22666667,141.2516667
2011/9/20,19:37:55,群馬県北部,36°50.5′N,139°20.4′E,6 km,2.4,震度１,36.84166667,139.34
2011/9/20,21:15:59,福島県浜通り,37°05.8′N,140°48.5′E,6 km,2.1,震度１,37.09666667,140.8083333
2011/9/20,23:59:06,千葉県北東部,35°42.0′N,140°36.4′E,47 km,3.5,震度２,35.7,140.6066667
2011/9/21,0:46:28,宮城県沖,38°55.6′N,142°30.2′E,39 km,4,震度２,38.92666667,142.5033333
2011/9/21,1:38:03,千葉県東方沖,35°41.7′N,140°51.8′E,18 km,3.2,震度１,35.695,140.8633333
2011/9/21,4:37:49,福島県沖,36°56.5′N,141°10.5′E,54 km,3.7,震度２,36.94166667,141.175
2011/9/21,5:41:45,福井県嶺北,35°55.5′N,136°20.0′E,8 km,3.1,震度１,35.925,136.3333333
2011/9/21,5:59:04,宮城県沖,38°31.8′N,141°49.1′E,51 km,4.8,震度３,38.53,141.8183333
2011/9/21,12:27:49,佐渡付近,38°06.0′N,138°28.0′E,19 km,2.9,震度１,38.1,138.4666667
2011/9/21,13:14:42,茨城県北部,36°42.1′N,140°34.9′E,3 km,3.4,震度２,36.70166667,140.5816667
2011/9/21,14:37:20,日高地方中部,42°15.5′N,142°35.6′E,5 km,1.4,震度１,42.25833333,142.5933333
2011/9/21,18:48:31,橘湾,32°39.3′N,129°58.4′E,12 km,2.4,震度１,32.655,129.9733333
2011/9/21,19:54:31,岩手県沖,40°22.1′N,142°15.7′E,41 km,3.4,震度１,40.36833333,142.2616667
2011/9/21,22:30:57,茨城県北部,36°44.2′N,140°34.6′E,9 km,5.2,震度５弱,36.73666667,140.5766667
2011/9/21,23:19:01,茨城県北部,36°45.1′N,140°38.1′E,3 km,3,震度１,36.75166667,140.635
2011/9/21,23:39:17,茨城県北部,36°44.6′N,140°37.8′E,4 km,2.5,震度１,36.74333333,140.63
2011/9/22,1:35:15,茨城県北部,36°42.0′N,140°38.1′E,6 km,2.8,震度１,36.7,140.635
2011/9/22,5:48:06,茨城県北部,36°50.7′N,140°37.3′E,7 km,3.1,震度１,36.845,140.6216667
2011/9/22,6:38:41,茨城県北部,36°40.7′N,140°38.0′E,7 km,2.6,震度１,36.67833333,140.6333333
2011/9/22,7:09:47,茨城県北部,36°42.2′N,140°35.7′E,5 km,3,震度１,36.70333333,140.595
2011/9/22,7:26:50,茨城県北部,36°41.9′N,140°35.2′E,3 km,2.8,震度１,36.69833333,140.5866667
2011/9/22,8:16:25,釧路沖,42°53.3′N,145°28.7′E,45 km,3.7,震度２,42.88833333,145.4783333
2011/9/22,9:50:23,千葉県東方沖,35°40.1′N,140°54.6′E,14 km,3.8,震度１,35.66833333,140.91
2011/9/22,13:02:14,京都府南部,35°02.9′N,135°33.0′E,12 km,2.5,震度１,35.04833333,135.55
2011/9/22,14:22:34,福島県沖,36°56.6′N,141°03.8′E,51 km,3.5,震度１,36.94333333,141.0633333
2011/9/22,14:46:25,茨城県沖,36°47.6′N,141°23.8′E,42 km,4.4,震度３,36.79333333,141.3966667
2011/9/22,15:35:28,茨城県北部,36°41.7′N,140°36.3′E,6 km,3,震度１,36.695,140.605
2011/9/22,19:43:20,茨城県沖,36°08.1′N,141°00.3′E,40 km,3.9,震度２,36.135,141.005
2011/9/22,22:43:31,福島県中通り,36°52.8′N,140°29.3′E,4 km,2.7,震度１,36.88,140.4883333
2011/9/23,4:03:33,宮城県中部,38°18.6′N,140°42.6′E,12 km,2.1,震度１,38.31,140.71
2011/9/23,4:59:19,福島県沖,37°19.4′N,141°29.6′E,34 km,4.7,震度３,37.32333333,141.4933333
2011/9/23,5:15:24,父島近海,27°47.4′N,141°49.6′E,72 km,4.3,震度１,27.79,141.8266667
2011/9/23,8:57:11,福島県中通り,37°22.7′N,140°37.9′E,85 km,3.4,震度１,37.37833333,140.6316667
2011/9/23,10:16:46,千葉県東方沖,35°30.3′N,140°58.0′E,39 km,3.8,震度１,35.505,140.9666667
2011/9/23,14:41:09,宮城県沖,38°53.8′N,141°57.4′E,50 km,3.8,震度２,38.89666667,141.9566667
2011/9/23,17:15:56,茨城県北部,36°41.5′N,140°37.0′E,4 km,5.1,震度４,36.69166667,140.6166667
2011/9/23,18:34:25,茨城県北部,36°42.0′N,140°36.3′E,6 km,2.3,震度１,36.7,140.605
2011/9/23,18:47:56,茨城県北部,36°42.1′N,140°39.0′E,3 km,3.2,震度２,36.70166667,140.65
2011/9/23,20:42:20,茨城県北部,36°41.3′N,140°38.5′E,5 km,2.6,震度１,36.68833333,140.6416667
2011/9/23,22:08:59,宮城県沖,38°38.3′N,141°54.4′E,48 km,3.8,震度２,38.63833333,141.9066667
2011/9/23,22:12:26,岩手県沖,39°20.3′N,142°03.8′E,48 km,5,震度３,39.33833333,142.0633333
2011/9/24,0:22:57,宮城県沖,38°57.4′N,142°23.7′E,31 km,3.9,震度１,38.95666667,142.395
2011/9/24,2:48:40,茨城県北部,36°40.6′N,140°38.0′E,6 km,3.6,震度３,36.67666667,140.6333333
2011/9/24,2:50:12,茨城県北部,36°44.4′N,140°35.2′E,9 km,2.8,震度１,36.74,140.5866667
2011/9/24,5:19:36,茨城県北部,36°42.0′N,140°36.8′E,5 km,3,震度１,36.7,140.6133333
2011/9/24,9:08:36,岩手県沖,40°07.2′N,142°45.5′E,25 km,4.2,震度１,40.12,142.7583333
2011/9/24,9:56:36,日高地方中部,42°15.3′N,142°35.0′E,8 km,2.4,震度２,42.255,142.5833333
2011/9/24,12:29:35,岩手県沖,39°06.3′N,142°12.0′E,44 km,3.6,震度１,39.105,142.2
2011/9/24,14:09:29,宮城県沖,38°49.7′N,142°26.4′E,33 km,4,震度１,38.82833333,142.44
2011/9/24,15:20:48,日高地方中部,42°15.1′N,142°33.0′E,9 km,2,震度１,42.25166667,142.55
2011/9/24,20:17:40,千葉県東方沖,35°44.7′N,140°54.8′E,11 km,3.7,震度２,35.745,140.9133333
2011/9/24,23:51:00,福島県会津,37°40.7′N,139°55.3′E,8 km,2.8,震度２,37.67833333,139.9216667
2011/9/25,0:06:06,福島県沖,37°12.7′N,141°37.7′E,30 km,4,震度１,37.21166667,141.6283333
2011/9/25,0:10:54,長野県北部,36°48.0′N,138°35.6′E,0 km,3.1,震度１,36.8,138.5933333
2011/9/25,3:12:52,福島県浜通り,37°06.9′N,140°51.3′E,6 km,3.2,震度２,37.115,140.855
2011/9/25,3:14:43,福島県浜通り,37°07.0′N,140°51.4′E,6 km,2.7,震度１,37.11666667,140.8566667
2011/9/25,3:37:00,長野県南部,35°49.1′N,137°30.1′E,7 km,2.5,震度１,35.81833333,137.5016667
2011/9/25,4:11:29,福島県沖,37°21.7′N,141°20.9′E,31 km,3.4,震度１,37.36166667,141.3483333
2011/9/25,4:29:50,宮城県沖,38°51.9′N,141°38.0′E,61 km,3.2,震度１,38.865,141.6333333
2011/9/25,6:12:35,福島県浜通り,37°07.2′N,140°51.3′E,7 km,2.9,震度１,37.12,140.855
2011/9/25,6:56:27,福島県浜通り,37°07.2′N,140°51.3′E,7 km,3.1,震度２,37.12,140.855
2011/9/25,6:57:39,福島県浜通り,37°07.5′N,140°51.5′E,7 km,2.4,震度１,37.125,140.8583333
2011/9/25,10:58:56,福島県浜通り,37°07.1′N,140°50.9′E,7 km,3.3,震度３,37.11833333,140.8483333
2011/9/25,12:18:34,宮城県中部,38°19.2′N,140°41.7′E,12 km,2.1,震度１,38.32,140.695
2011/9/25,12:29:41,千葉県東方沖,35°25.7′N,140°58.2′E,28 km,3.9,震度２,35.42833333,140.97
2011/9/25,13:16:42,山形県置賜地方,37°48.2′N,140°00.6′E,9 km,3.1,震度１,37.80333333,140.01
2011/9/25,13:18:19,十勝沖,41°53.5′N,144°17.5′E,45 km,4.8,震度２,41.89166667,144.2916667
2011/9/25,13:23:01,山形県置賜地方,37°48.7′N,140°00.9′E,8 km,2.9,震度１,37.81166667,140.015
2011/9/25,15:09:12,茨城県南部,36°04.4′N,139°51.2′E,46 km,3.6,震度２,36.07333333,139.8533333
2011/9/25,15:35:48,岩手県沖,40°12.6′N,141°57.1′E,16 km,2.9,震度１,40.21,141.9516667
2011/9/25,19:58:56,茨城県北部,36°40.6′N,140°31.9′E,9 km,2.5,震度１,36.67666667,140.5316667
2011/9/25,20:56:20,福島県浜通り,37°07.1′N,140°50.0′E,9 km,2.7,震度１,37.11833333,140.8333333
2011/9/25,23:10:34,秋田県内陸南部,39°34.3′N,140°23.6′E,3 km,2.1,震度１,39.57166667,140.3933333
2011/9/26,0:31:12,宮城県沖,38°42.7′N,142°12.8′E,39 km,3.8,震度１,38.71166667,142.2133333
2011/9/26,5:25:05,茨城県北部,36°42.8′N,140°36.3′E,7 km,3.1,震度１,36.71333333,140.605
2011/9/26,6:21:21,宮城県沖,38°26.0′N,141°47.1′E,55 km,3.2,震度１,38.43333333,141.785
2011/9/26,7:30:51,茨城県北部,36°41.7′N,140°37.3′E,6 km,3.8,震度３,36.695,140.6216667
2011/9/26,7:31:57,茨城県北部,36°41.7′N,140°37.2′E,6 km,3.5,震度３,36.695,140.62
2011/9/26,7:43:26,茨城県沖,36°31.3′N,140°57.4′E,15 km,4.2,震度２,36.52166667,140.9566667
2011/9/26,9:13:06,岐阜県飛騨地方,36°04.8′N,137°33.5′E,7 km,2.6,震度１,36.08,137.5583333
2011/9/26,9:40:25,茨城県北部,36°38.0′N,140°35.9′E,7 km,2.4,震度１,36.63333333,140.5983333
2011/9/26,11:44:09,宮城県沖,38°53.0′N,141°59.1′E,49 km,3.2,震度１,38.88333333,141.985
2011/9/26,14:39:37,福島県会津,37°41.0′N,139°56.2′E,8 km,3.8,震度３,37.68333333,139.9366667
2011/9/26,14:41:14,福島県会津,37°40.6′N,139°56.6′E,8 km,2.6,震度２,37.67666667,139.9433333
2011/9/26,16:02:09,十勝沖,42°29.7′N,143°33.9′E,56 km,3.3,震度１,42.495,143.565
2011/9/26,16:24:29,福島県会津,37°39.4′N,139°55.8′E,8 km,2.4,震度１,37.65666667,139.93
2011/9/26,16:49:18,日高地方中部,42°15.0′N,142°35.6′E,9 km,4.2,震度４,42.25,142.5933333
2011/9/26,17:20:14,福島県会津,37°41.0′N,139°56.6′E,9 km,4.2,震度４,37.68333333,139.9433333
2011/9/26,17:25:01,福島県会津,37°40.8′N,139°56.2′E,8 km,2.6,震度１,37.68,139.9366667
2011/9/26,17:35:24,茨城県北部,36°41.1′N,140°37.4′E,6 km,2.7,震度１,36.685,140.6233333
2011/9/26,19:12:39,宮城県沖,38°27.1′N,141°48.2′E,53 km,3.5,震度１,38.45166667,141.8033333
2011/9/26,22:46:03,茨城県北部,36°40.4′N,140°39.6′E,5 km,4.2,震度４,36.67333333,140.66
2011/9/26,22:50:53,茨城県北部,36°40.4′N,140°39.7′E,6 km,2.4,震度１,36.67333333,140.6616667
2011/9/27,2:30:36,茨城県北部,36°50.7′N,140°37.3′E,7 km,4.1,震度２,36.845,140.6216667
2011/9/27,5:45:23,千葉県東方沖,35°39.8′N,140°56.9′E,19 km,3.4,震度１,35.66333333,140.9483333
2011/9/27,5:46:15,福島県会津,37°40.5′N,139°56.3′E,9 km,2.6,震度１,37.675,139.9383333
2011/9/27,12:04:21,福島県沖,37°46.1′N,142°01.2′E,37 km,3.9,震度１,37.76833333,142.02
2011/9/27,12:56:54,茨城県北部,36°51.7′N,140°39.6′E,7 km,4,震度２,36.86166667,140.66
2011/9/27,13:04:37,徳島県北部,34°00.1′N,134°15.3′E,4 km,2.5,震度１,34.00166667,134.255
2011/9/27,14:06:05,秋田県内陸南部,39°35.5′N,140°32.9′E,6 km,2,震度１,39.59166667,140.5483333
2011/9/27,16:22:02,青森県三八上北地方,40°18.3′N,140°59.1′E,9 km,3,震度１,40.305,140.985
2011/9/28,0:19:54,茨城県北部,36°45.9′N,140°33.9′E,9 km,3.6,震度２,36.765,140.565
2011/9/28,0:57:49,千葉県北東部,35°53.1′N,140°29.3′E,16 km,2.8,震度１,35.885,140.4883333
2011/9/28,0:58:21,千葉県北東部,35°53.1′N,140°29.6′E,13 km,2.8,震度１,35.885,140.4933333
2011/9/28,2:37:17,福島県中通り,37°05.0′N,140°33.2′E,7 km,2.3,震度１,37.08333333,140.5533333
2011/9/28,4:48:48,福島県中通り,37°04.9′N,140°33.1′E,7 km,2.7,震度２,37.08166667,140.5516667
2011/9/28,9:21:41,伊予灘,33°32.3′N,132°22.8′E,44 km,3.8,震度２,33.53833333,132.38
2011/9/28,11:17:04,岩手県沖,40°08.9′N,142°25.7′E,36 km,4,震度２,40.14833333,142.4283333
2011/9/28,11:39:43,滋賀県南部,35°13.4′N,135°56.1′E,7 km,2.4,震度２,35.22333333,135.935
2011/9/28,15:43:03,宮城県沖,38°14.2′N,142°07.0′E,34 km,4.1,震度１,38.23666667,142.1166667
2011/9/28,16:57:00,福島県沖,37°24.7′N,141°11.9′E,30 km,3.8,震度２,37.41166667,141.1983333
2011/9/28,20:25:57,茨城県南部,36°04.6′N,139°52.1′E,46 km,3.5,震度２,36.07666667,139.8683333
2011/9/28,22:15:11,茨城県沖,36°29.3′N,140°41.7′E,15 km,2.7,震度１,36.48833333,140.695
2011/9/29,4:18:10,福島県沖,37°24.5′N,141°18.2′E,36 km,4.3,震度３,37.40833333,141.3033333
2011/9/29,7:40:42,西表島付近,24°05.5′N,123°32.1′E,25 km,3.8,震度１,24.09166667,123.535
2011/9/29,8:13:29,宮城県沖,38°55.0′N,141°55.8′E,51 km,3.8,震度２,38.91666667,141.93
2011/9/29,9:56:55,宮城県沖,38°32.6′N,141°43.4′E,54 km,3.3,震度１,38.54333333,141.7233333
2011/9/29,10:48:37,宮城県沖,38°48.2′N,141°34.3′E,71 km,3.8,震度２,38.80333333,141.5716667
2011/9/29,12:17:23,茨城県沖,36°11.0′N,141°12.8′E,36 km,3.5,震度１,36.18333333,141.2133333
2011/9/29,18:55:05,茨城県北部,36°48.7′N,140°33.5′E,9 km,3.1,震度１,36.81166667,140.5583333
2011/9/29,19:00:50,茨城県北部,36°25.6′N,140°35.7′E,53 km,3.1,震度１,36.42666667,140.595
2011/9/29,19:05:06,福島県浜通り,37°07.9′N,140°52.1′E,9 km,5.4,震度５強,37.13166667,140.8683333
2011/9/29,19:07:15,福島県浜通り,37°05.9′N,140°48.2′E,6 km,3,震度２,37.09833333,140.8033333
2011/9/29,19:08:46,福島県浜通り,37°07.2′N,140°49.7′E,6 km,2.3,震度１,37.12,140.8283333
2011/9/29,19:09:37,福島県浜通り,37°05.3′N,140°47.9′E,4 km,2,震度１,37.08833333,140.7983333
2011/9/29,19:13:43,福島県浜通り,37°06.0′N,140°47.1′E,7 km,2.3,震度１,37.1,140.785
2011/9/29,19:40:33,福島県浜通り,37°05.9′N,140°47.8′E,8 km,2.4,震度１,37.09833333,140.7966667
2011/9/29,20:03:39,福島県浜通り,37°05.1′N,140°48.8′E,4 km,3.5,震度２,37.085,140.8133333
2011/9/29,20:37:48,福島県浜通り,37°07.3′N,140°50.1′E,7 km,2.7,震度１,37.12166667,140.835
2011/9/29,21:29:54,福島県浜通り,37°07.7′N,140°51.8′E,7 km,3.3,震度２,37.12833333,140.8633333
2011/9/29,21:54:09,福島県浜通り,37°04.8′N,140°47.0′E,7 km,2.9,震度１,37.08,140.7833333
2011/9/29,22:41:01,福島県浜通り,37°04.6′N,140°47.6′E,5 km,3,震度２,37.07666667,140.7933333
2011/9/29,23:16:08,岐阜県飛騨地方,35°58.4′N,137°18.3′E,7 km,2.8,震度２,35.97333333,137.305
2011/9/29,23:21:11,千葉県東方沖,35°36.7′N,140°55.6′E,17 km,3.4,震度１,35.61166667,140.9266667
2011/9/30,0:27:29,福島県浜通り,37°07.1′N,140°50.1′E,8 km,2.2,震度１,37.11833333,140.835
2011/9/30,1:54:40,福島県浜通り,37°07.4′N,140°51.8′E,8 km,3.7,震度３,37.12333333,140.8633333
2011/9/30,1:59:18,日高地方中部,42°16.2′N,142°34.9′E,8 km,2.5,震度２,42.27,142.5816667
2011/9/30,2:49:12,日高地方中部,42°16.1′N,142°34.6′E,7 km,2,震度１,42.26833333,142.5766667
2011/9/30,2:51:51,福島県浜通り,37°07.3′N,140°50.3′E,6 km,2.4,震度１,37.12166667,140.8383333
2011/9/30,3:17:40,宮城県沖,38°07.5′N,141°51.7′E,53 km,4,震度２,38.125,141.8616667
2011/9/30,3:26:56,沖縄本島近海,26°36.7′N,127°45.3′E,44 km,4.3,震度２,26.61166667,127.755
2011/9/30,3:30:01,福島県沖,36°57.2′N,141°04.3′E,51 km,3.9,震度２,36.95333333,141.0716667
2011/9/30,3:42:35,福島県浜通り,37°07.7′N,140°52.7′E,8 km,3.4,震度１,37.12833333,140.8783333
2011/9/30,3:58:53,日高地方中部,42°16.0′N,142°34.3′E,8 km,2.4,震度２,42.26666667,142.5716667
2011/9/30,5:25:02,宮城県沖,38°07.7′N,141°52.5′E,53 km,3.8,震度１,38.12833333,141.875
2011/9/30,5:39:17,新潟県上越地方,37°03.3′N,138°22.9′E,8 km,2.1,震度１,37.055,138.3816667
2011/9/30,6:14:46,福島県浜通り,37°07.5′N,140°51.8′E,7 km,2.6,震度１,37.125,140.8633333
2011/9/30,8:45:46,釧路沖,42°32.3′N,144°16.4′E,67 km,3.6,震度１,42.53833333,144.2733333
2011/9/30,9:47:46,長野県中部,36°24.2′N,138°02.1′E,2 km,1.5,震度１,36.40333333,138.035
2011/9/30,13:30:12,福島県浜通り,37°05.1′N,140°48.3′E,7 km,3.4,震度３,37.085,140.805
2011/9/30,13:34:56,福島県浜通り,37°05.0′N,140°48.4′E,7 km,2.9,震度２,37.08333333,140.8066667
2011/9/30,14:09:10,三陸沖,39°56.2′N,143°17.3′E,18 km,4.4,震度１,39.93666667,143.2883333
2011/9/30,14:36:07,福島県浜通り,37°07.6′N,140°45.4′E,7 km,3.3,震度２,37.12666667,140.7566667
2011/9/30,15:22:24,長野県北部,36°43.4′N,138°11.6′E,7 km,2.4,震度１,36.72333333,138.1933333
2011/9/30,15:24:33,福島県浜通り,37°04.7′N,140°49.2′E,5 km,2,震度１,37.07833333,140.82
2011/9/30,15:35:01,茨城県北部,36°49.2′N,140°35.3′E,9 km,4,震度２,36.82,140.5883333
2011/9/30,16:29:02,福島県浜通り,37°06.8′N,140°50.5′E,8 km,2.6,震度１,37.11333333,140.8416667
2011/9/30,16:44:45,茨城県北部,36°44.0′N,140°37.9′E,6 km,3.6,震度２,36.73333333,140.6316667
2011/9/30,16:55:10,茨城県北部,36°44.1′N,140°37.8′E,6 km,3.1,震度１,36.735,140.63
2011/9/30,18:50:39,岩手県沖,39°06.9′N,142°06.8′E,46 km,3.6,震度１,39.115,142.1133333
2011/9/30,20:33:20,福島県浜通り,37°05.7′N,140°50.7′E,8 km,2.5,震度１,37.095,140.845
2011/9/30,20:37:26,茨城県北部,36°44.1′N,140°38.0′E,6 km,3,震度１,36.735,140.6333333
2011/9/30,20:45:41,茨城県北部,36°44.2′N,140°38.0′E,5 km,3.6,震度２,36.73666667,140.6333333
2011/10/1,0:04:57,宮城県沖,38°19.3′N,142°06.4′E,38 km,4.2,震度２,38.32166667,142.1066667
2011/10/1,0:22:59,宮城県沖,38°33.3′N,141°41.2′E,55 km,2.7,震度１,38.555,141.6866667
2011/10/1,1:31:24,福島県沖,37°18.2′N,141°13.7′E,37 km,3.7,震度２,37.30333333,141.2283333
2011/10/1,2:01:02,宮城県沖,38°51.2′N,142°02.8′E,46 km,3.8,震度２,38.85333333,142.0466667
2011/10/1,2:20:01,千葉県東方沖,35°28.6′N,140°58.6′E,24 km,4.5,震度３,35.47666667,140.9766667
2011/10/1,5:48:54,福島県浜通り,37°05.4′N,140°47.2′E,7 km,2.4,震度１,37.09,140.7866667
2011/10/1,6:13:01,福島県浜通り,37°05.2′N,140°42.3′E,8 km,2.5,震度１,37.08666667,140.705
2011/10/1,6:37:22,福島県中通り,37°15.6′N,140°22.0′E,10 km,4.1,震度３,37.26,140.3666667
2011/10/1,11:29:49,岩手県沖,39°45.1′N,142°21.2′E,41 km,3.9,震度１,39.75166667,142.3533333
2011/10/1,11:52:09,岩手県沖,39°04.2′N,142°24.2′E,33 km,3.6,震度１,39.07,142.4033333
2011/10/1,12:43:18,茨城県沖,35°54.4′N,140°58.1′E,17 km,3.6,震度１,35.90666667,140.9683333
2011/10/1,13:19:36,茨城県北部,36°42.1′N,140°36.4′E,5 km,3.6,震度２,36.70166667,140.6066667
2011/10/1,16:03:07,茨城県沖,36°17.3′N,140°54.4′E,41 km,3.1,震度１,36.28833333,140.9066667
2011/10/1,16:26:00,茨城県北部,36°41.0′N,140°36.4′E,7 km,2.5,震度１,36.68333333,140.6066667
2011/10/1,17:52:06,宮城県沖,38°26.0′N,141°52.8′E,62 km,3.8,震度１,38.43333333,141.88
2011/10/1,18:03:17,安芸灘,33°47.2′N,132°37.0′E,43 km,3,震度１,33.78666667,132.6166667
2011/10/1,18:04:19,青森県津軽南部,40°37.4′N,140°27.8′E,9 km,1.9,震度１,40.62333333,140.4633333
2011/10/1,18:40:19,沖縄本島近海,26°47.2′N,128°25.6′E,30 km,2.9,震度１,26.78666667,128.4266667
2011/10/1,19:10:51,岩手県沖,39°04.1′N,142°23.2′E,32 km,3.9,震度１,39.06833333,142.3866667
2011/10/2,1:37:59,茨城県沖,36°12.9′N,141°12.4′E,45 km,3.5,震度１,36.215,141.2066667
2011/10/2,3:27:43,千葉県東方沖,35°47.9′N,140°52.8′E,10 km,3.4,震度１,35.79833333,140.88
2011/10/2,3:47:14,茨城県北部,36°38.7′N,140°36.3′E,6 km,2.3,震度１,36.645,140.605
2011/10/2,5:06:08,福島県浜通り,37°07.7′N,140°44.4′E,5 km,2.9,震度２,37.12833333,140.74
2011/10/2,5:49:30,茨城県北部,36°38.9′N,140°35.9′E,6 km,2.1,震度１,36.64833333,140.5983333
2011/10/2,6:24:04,福島県沖,37°16.7′N,141°15.0′E,27 km,4,震度３,37.27833333,141.25
2011/10/2,11:28:48,日高地方中部,42°16.6′N,142°36.3′E,5 km,2,震度２,42.27666667,142.605
2011/10/2,11:53:43,福島県沖,37°13.1′N,141°26.1′E,44 km,3.4,震度１,37.21833333,141.435
2011/10/2,12:43:44,福島県浜通り,37°07.0′N,140°51.5′E,8 km,2.9,震度１,37.11666667,140.8583333
2011/10/2,13:22:31,西表島付近,24°28.0′N,123°56.9′E,8 km,3.3,震度１,24.46666667,123.9483333
2011/10/2,13:38:00,和歌山県南部,33°52.1′N,135°30.6′E,49 km,3.5,震度１,33.86833333,135.51
2011/10/2,18:00:35,秋田県内陸南部,39°35.5′N,140°31.6′E,6 km,2,震度１,39.59166667,140.5266667
2011/10/2,22:04:55,宮城県沖,38°26.2′N,142°13.5′E,32 km,3.6,震度１,38.43666667,142.225
2011/10/2,22:26:30,奄美大島近海,27°53.2′N,129°02.2′E,15 km,3.2,震度１,27.88666667,129.0366667
2011/10/2,22:30:14,三陸沖,38°28.5′N,144°20.9′E,53 km,4.7,震度１,38.475,144.3483333
2011/10/2,22:51:31,新潟県中越地方,37°06.0′N,138°39.8′E,10 km,3.2,震度３,37.1,138.6633333
2011/10/2,23:36:11,福島県浜通り,37°06.7′N,140°48.6′E,5 km,2.6,震度２,37.11166667,140.81
2011/10/3,1:49:01,福島県沖,37°20.2′N,141°38.1′E,18 km,5.3,震度２,37.33666667,141.635
2011/10/3,1:52:28,富山県東部,36°32.5′N,137°38.8′E,1 km,3.9,震度２,36.54166667,137.6466667
2011/10/3,2:55:32,宮城県沖,38°33.5′N,141°41.7′E,54 km,2.6,震度１,38.55833333,141.695
2011/10/3,5:08:38,茨城県北部,36°41.2′N,140°37.7′E,7 km,2.7,震度１,36.68666667,140.6283333
2011/10/3,6:40:48,新潟県中越地方,36°59.7′N,138°39.7′E,10 km,2.6,震度１,36.995,138.6616667
2011/10/3,6:44:37,福島県沖,37°00.6′N,141°13.3′E,28 km,3.3,震度１,37.01,141.2216667
2011/10/3,6:48:56,千葉県東方沖,35°38.8′N,141°01.4′E,17 km,4.3,震度２,35.64666667,141.0233333
2011/10/3,7:10:28,茨城県北部,36°41.1′N,140°37.8′E,7 km,2.4,震度１,36.685,140.63
2011/10/3,7:29:53,福島県浜通り,37°07.1′N,140°49.3′E,5 km,3.7,震度３,37.11833333,140.8216667
2011/10/3,7:44:19,福島県浜通り,37°07.2′N,140°48.9′E,5 km,2.2,震度１,37.12,140.815
2011/10/3,7:46:41,福島県浜通り,37°07.7′N,140°48.7′E,3 km,2.1,震度１,37.12833333,140.8116667
2011/10/3,7:55:24,茨城県北部,36°43.0′N,140°37.6′E,7 km,2.9,震度１,36.71666667,140.6266667
2011/10/3,8:12:07,宮城県沖,38°19.9′N,141°53.1′E,62 km,3.4,震度１,38.33166667,141.885
2011/10/3,10:04:49,富山県東部,36°32.1′N,137°38.8′E,2 km,2.6,震度１,36.535,137.6466667
2011/10/3,11:16:36,茨城県沖,36°13.5′N,140°52.7′E,45 km,3.3,震度１,36.225,140.8783333
2011/10/3,12:00:48,富山県東部,36°32.4′N,137°38.7′E,1 km,2.8,震度１,36.54,137.645
2011/10/3,13:02:40,福島県浜通り,36°58.9′N,140°37.9′E,10 km,3.4,震度１,36.98166667,140.6316667
2011/10/3,14:16:12,奄美大島北東沖,29°33.6′N,130°07.2′E,16 km,3.6,震度１,29.56,130.12
2011/10/3,15:46:02,宮古島近海,24°44.7′N,125°05.0′E,24 km,3.3,震度１,24.745,125.0833333
2011/10/3,16:56:31,千葉県北西部,35°52.6′N,140°07.6′E,55 km,2.8,震度１,35.87666667,140.1266667
2011/10/3,21:28:34,トカラ列島近海,29°36.0′N,129°51.8′E,10 km,3.1,震度１,29.6,129.8633333
2011/10/4,1:54:57,岐阜県飛騨地方,36°04.6′N,137°33.1′E,7 km,2,震度１,36.07666667,137.5516667
2011/10/4,2:14:43,熊本県熊本地方,32°59.2′N,130°31.3′E,11 km,2.4,震度１,32.98666667,130.5216667
2011/10/4,4:41:42,宮城県沖,38°21.2′N,142°00.7′E,48 km,4.1,震度１,38.35333333,142.0116667
2011/10/4,7:42:43,茨城県北部,36°43.1′N,140°36.8′E,7 km,2.6,震度１,36.71833333,140.6133333
2011/10/4,8:08:51,茨城県沖,36°47.6′N,140°47.8′E,17 km,3.1,震度１,36.79333333,140.7966667
2011/10/4,10:14:57,宮城県沖,38°18.8′N,141°54.7′E,46 km,3.9,震度２,38.31333333,141.9116667
2011/10/4,10:37:27,小笠原諸島西方沖,26°47.2′N,140°52.2′E,456 km,5.7,震度２,26.78666667,140.87
2011/10/4,12:19:18,福島県沖,36°53.9′N,141°27.5′E,35 km,3.8,震度１,36.89833333,141.4583333
2011/10/4,13:32:28,秋田県内陸南部,39°34.8′N,140°26.6′E,7 km,2.7,震度１,39.58,140.4433333
2011/10/4,14:43:17,千葉県北東部,35°44.5′N,140°50.1′E,6 km,2.7,震度１,35.74166667,140.835
2011/10/4,15:16:19,福島県浜通り,37°07.6′N,140°51.8′E,7 km,2.9,震度２,37.12666667,140.8633333
2011/10/4,15:32:32,福島県浜通り,37°07.9′N,140°51.9′E,7 km,2.7,震度１,37.13166667,140.865
2011/10/4,15:38:30,福島県浜通り,37°07.9′N,140°51.9′E,7 km,2.8,震度１,37.13166667,140.865
2011/10/4,17:58:29,宮城県沖,38°10.8′N,141°41.7′E,51 km,3.3,震度１,38.18,141.695
2011/10/4,18:37:58,茨城県北部,36°39.3′N,140°35.6′E,7 km,2.1,震度１,36.655,140.5933333
2011/10/4,19:19:30,徳島県北部,34°02.5′N,134°04.9′E,44 km,4.2,震度３,34.04166667,134.0816667
2011/10/4,19:23:49,福島県浜通り,37°07.6′N,140°51.8′E,6 km,2.5,震度１,37.12666667,140.8633333
2011/10/4,19:25:13,福島県浜通り,37°07.1′N,140°48.0′E,4 km,3.9,震度３,37.11833333,140.8
2011/10/4,19:26:24,福島県浜通り,37°08.0′N,140°47.8′E,2 km,2,震度１,37.13333333,140.7966667
2011/10/4,20:58:35,千葉県東方沖,35°29.5′N,140°57.9′E,24 km,4.5,震度２,35.49166667,140.965
2011/10/4,22:00:04,福島県沖,37°18.7′N,141°23.4′E,31 km,4.4,震度２,37.31166667,141.39
2011/10/4,22:58:27,福島県会津,37°43.7′N,139°58.1′E,8 km,2.8,震度１,37.72833333,139.9683333
2011/10/4,22:58:54,福島県浜通り,37°07.7′N,140°47.9′E,5 km,2.2,震度１,37.12833333,140.7983333
2011/10/5,0:37:14,長野県中部,36°25.9′N,138°02.1′E,0 km,2.1,震度２,36.43166667,138.035
2011/10/5,0:48:38,宮城県中部,38°19.0′N,140°41.5′E,12 km,2.6,震度１,38.31666667,140.6916667
2011/10/5,3:52:47,千葉県東方沖,35°46.0′N,140°53.8′E,9 km,3.7,震度２,35.76666667,140.8966667
2011/10/5,4:07:59,茨城県北部,36°38.5′N,140°37.3′E,9 km,2.3,震度１,36.64166667,140.6216667
2011/10/5,5:41:07,宮城県沖,38°17.4′N,142°02.2′E,49 km,3.8,震度１,38.29,142.0366667
2011/10/5,11:59:39,福島県浜通り,37°07.4′N,140°52.3′E,7 km,2.4,震度１,37.12333333,140.8716667
2011/10/5,12:43:07,宮城県中部,38°18.9′N,140°41.6′E,12 km,2.9,震度２,38.315,140.6933333
2011/10/5,12:51:00,茨城県北部,36°35.4′N,140°37.8′E,8 km,2.3,震度１,36.59,140.63
2011/10/5,13:24:02,宮城県中部,38°19.0′N,140°41.3′E,11 km,2.6,震度２,38.31666667,140.6883333
2011/10/5,14:16:23,岩手県沖,40°11.2′N,142°01.2′E,13 km,4.4,震度３,40.18666667,142.02
2011/10/5,14:17:36,岩手県沖,40°11.0′N,142°01.1′E,12 km,5,震度４,40.18333333,142.0183333
2011/10/5,18:52:36,富山県東部,36°31.6′N,137°39.0′E,1 km,2.8,震度１,36.52666667,137.65
2011/10/5,18:59:59,富山県東部,36°31.9′N,137°39.0′E,1 km,5.4,震度３,36.53166667,137.65
2011/10/5,19:06:10,富山県東部,36°32.9′N,137°38.8′E,0 km,5.2,震度４,36.54833333,137.6466667
2011/10/5,19:07:23,富山県東部,36°32.4′N,137°38.8′E,3 km,2.9,震度１,36.54,137.6466667
2011/10/5,19:13:07,富山県東部,36°33.3′N,137°38.9′E,2 km,3.6,震度２,36.555,137.6483333
2011/10/5,19:17:24,富山県東部,36°33.4′N,137°38.7′E,2 km,3,震度１,36.55666667,137.645
2011/10/5,19:18:56,富山県東部,36°31.5′N,137°39.4′E,1 km,2.7,震度１,36.525,137.6566667
2011/10/5,19:23:33,富山県東部,36°32.4′N,137°38.9′E,2 km,3.1,震度１,36.54,137.6483333
2011/10/5,19:26:22,富山県東部,36°31.9′N,137°39.3′E,2 km,2.6,震度１,36.53166667,137.655
2011/10/5,19:55:52,富山県東部,36°31.8′N,137°39.1′E,2 km,3,震度１,36.53,137.6516667
2011/10/5,20:19:57,岩手県沖,39°13.5′N,142°14.0′E,49 km,3.2,震度１,39.225,142.2333333
2011/10/5,21:51:39,福島県浜通り,37°07.3′N,140°50.7′E,8 km,2.6,震度１,37.12166667,140.845
2011/10/5,23:33:28,熊本県熊本地方,32°54.8′N,130°51.0′E,10 km,4.5,震度５強,32.91333333,130.85
2011/10/6,0:44:51,富山県東部,36°31.9′N,137°40.5′E,2 km,2.7,震度１,36.53166667,137.675
2011/10/6,2:43:45,富山県東部,36°31.7′N,137°39.4′E,2 km,2.4,震度１,36.52833333,137.6566667
2011/10/6,5:41:45,福島県沖,37°03.6′N,141°11.4′E,50 km,3.2,震度１,37.06,141.19
2011/10/6,6:16:46,宮城県沖,38°25.7′N,142°11.7′E,29 km,3.6,震度１,38.42833333,142.195
2011/10/6,6:44:12,富山県東部,36°31.1′N,137°39.0′E,3 km,3.4,震度２,36.51833333,137.65
2011/10/6,6:55:31,富山県東部,36°30.8′N,137°39.2′E,2 km,3.6,震度２,36.51333333,137.6533333
2011/10/6,7:55:46,宮城県中部,38°19.1′N,140°41.9′E,12 km,2.6,震度１,38.31833333,140.6983333
2011/10/6,7:57:33,富山県東部,36°31.0′N,137°39.0′E,2 km,3.3,震度２,36.51666667,137.65
2011/10/6,8:35:30,福島県沖,36°56.5′N,141°05.4′E,51 km,3.3,震度１,36.94166667,141.09
2011/10/6,10:57:48,福島県沖,37°10.6′N,141°05.9′E,29 km,3.2,震度１,37.17666667,141.0983333
2011/10/6,11:28:34,熊本県熊本地方,32°54.6′N,130°50.8′E,9 km,2.2,震度１,32.91,130.8466667
2011/10/6,15:11:03,福島県浜通り,37°07.7′N,140°48.3′E,5 km,1.9,震度１,37.12833333,140.805
2011/10/6,17:37:31,宮城県沖,38°17.7′N,142°36.6′E,31 km,4.3,震度１,38.295,142.61
2011/10/6,17:39:28,栃木県北部,36°40.4′N,139°28.2′E,4 km,3.7,震度３,36.67333333,139.47
2011/10/6,17:40:08,富山県東部,36°32.8′N,137°42.7′E,2 km,2.3,震度１,36.54666667,137.7116667
2011/10/6,19:37:13,富山県東部,36°34.0′N,137°39.1′E,1 km,4.7,震度３,36.56666667,137.6516667
2011/10/6,19:38:32,富山県東部,36°33.1′N,137°38.8′E,0 km,3.6,震度２,36.55166667,137.6466667
2011/10/6,20:05:53,富山県東部,36°33.6′N,137°39.0′E,1 km,2.9,震度１,36.56,137.65
2011/10/7,5:05:25,播磨灘,34°24.7′N,134°39.1′E,11 km,2.5,震度１,34.41166667,134.6516667
2011/10/7,7:00:58,福島県沖,37°26.9′N,141°18.1′E,31 km,4.1,震度３,37.44833333,141.3016667
2011/10/7,7:20:57,富山県東部,36°32.2′N,137°40.6′E,1 km,2.4,震度１,36.53666667,137.6766667
2011/10/7,9:05:34,富山県東部,36°31.8′N,137°39.3′E,1 km,3.2,震度１,36.53,137.655
2011/10/7,11:32:37,茨城県北部,36°41.0′N,140°37.3′E,6 km,2.5,震度１,36.68333333,140.6216667
2011/10/7,11:51:18,青森県東方沖,41°33.9′N,142°03.4′E,67 km,5,震度３,41.565,142.0566667
2011/10/7,13:34:51,宮城県沖,38°17.8′N,142°08.2′E,39 km,3.7,震度１,38.29666667,142.1366667
2011/10/7,14:32:21,福岡県北西沖,33°40.2′N,130°25.0′E,13 km,2.9,震度１,33.67,130.4166667
2011/10/7,18:26:00,福島県沖,36°49.9′N,141°51.5′E,12 km,4.6,震度１,36.83166667,141.8583333
2011/10/7,18:35:02,福島県浜通り,37°05.3′N,140°42.4′E,8 km,3.2,震度１,37.08833333,140.7066667
2011/10/7,19:34:19,福島県浜通り,37°07.3′N,140°50.7′E,8 km,2.7,震度１,37.12166667,140.845
2011/10/7,19:48:33,奄美大島北東沖,29°12.4′N,130°27.3′E,65 km,4.5,震度１,29.20666667,130.455
2011/10/7,21:44:09,北海道東方沖,43°08.9′N,146°53.8′E,66 km,4.8,震度２,43.14833333,146.8966667
2011/10/7,23:51:22,留萌地方中北部,44°49.9′N,141°52.2′E,27 km,2.5,震度１,44.83166667,141.87
2011/10/8,1:23:33,茨城県沖,36°47.1′N,140°59.9′E,49 km,3.8,震度２,36.785,140.9983333
2011/10/8,2:26:30,茨城県沖,36°24.8′N,140°49.1′E,28 km,2.9,震度１,36.41333333,140.8183333
2011/10/8,5:41:34,茨城県北部,36°42.1′N,140°34.9′E,10 km,3,震度１,36.70166667,140.5816667
2011/10/8,6:11:39,紀伊水道,33°50.1′N,134°59.3′E,13 km,4.2,震度３,33.835,134.9883333
2011/10/8,7:50:27,茨城県北部,36°42.2′N,140°36.0′E,6 km,3.6,震度１,36.70333333,140.6
2011/10/8,7:51:52,福島県浜通り,37°07.6′N,140°50.9′E,7 km,2.4,震度１,37.12666667,140.8483333
2011/10/8,10:26:43,福島県沖,37°36.9′N,141°41.9′E,45 km,4.1,震度２,37.615,141.6983333
2011/10/8,13:19:45,宮城県沖,38°09.5′N,141°44.8′E,56 km,3.5,震度１,38.15833333,141.7466667
2011/10/8,18:55:35,宮城県沖,38°50.8′N,142°03.2′E,46 km,3.6,震度１,38.84666667,142.0533333
2011/10/8,20:44:59,岩手県沖,39°06.6′N,142°25.3′E,34 km,4.4,震度２,39.11,142.4216667
2011/10/8,23:29:12,長野県南部,35°43.4′N,137°50.4′E,14 km,3.8,震度２,35.72333333,137.84
2011/10/8,23:46:28,富山県東部,36°31.1′N,137°38.9′E,1 km,2.6,震度１,36.51833333,137.6483333
2011/10/9,1:08:48,茨城県南部,35°58.0′N,140°09.1′E,60 km,4.3,震度２,35.96666667,140.1516667
2011/10/9,2:09:51,茨城県南部,35°57.8′N,140°08.8′E,58 km,3.1,震度１,35.96333333,140.1466667
2011/10/9,2:20:49,熊本県熊本地方,32°54.9′N,130°51.3′E,9 km,3.1,震度３,32.915,130.855
2011/10/9,2:48:11,長野県北部,36°29.7′N,137°55.1′E,10 km,1.8,震度１,36.495,137.9183333
2011/10/9,7:51:17,宮城県沖,38°50.2′N,142°01.8′E,55 km,3.3,震度１,38.83666667,142.03
2011/10/9,8:36:54,福島県浜通り,37°45.4′N,140°45.1′E,85 km,3.4,震度１,37.75666667,140.7516667
2011/10/9,12:48:59,伊豆大島近海,34°37.9′N,139°13.6′E,10 km,2.6,震度１,34.63166667,139.2266667
2011/10/9,13:17:33,宮城県沖,38°25.0′N,141°59.7′E,21 km,3.4,震度１,38.41666667,141.995
2011/10/9,13:32:37,長野県北部,36°29.6′N,137°55.0′E,11 km,2.1,震度１,36.49333333,137.9166667
2011/10/9,15:38:22,長野県北部,36°29.5′N,137°55.4′E,9 km,1.9,震度１,36.49166667,137.9233333
2011/10/9,16:18:26,大阪府南部,34°30.2′N,135°29.4′E,12 km,3.9,震度３,34.50333333,135.49
2011/10/9,17:53:36,北海道南西沖,41°53.4′N,139°18.6′E,13 km,3,震度１,41.89,139.31
2011/10/9,23:38:35,福島県沖,37°42.9′N,142°18.1′E,31 km,4.2,震度１,37.715,142.3016667
2011/10/10,1:34:10,北海道東方沖,43°23.5′N,146°34.4′E,74 km,4.2,震度２,43.39166667,146.5733333
2011/10/10,3:00:45,山梨県東部・富士五湖,35°26.3′N,138°52.9′E,9 km,3.5,震度３,35.43833333,138.8816667
2011/10/10,3:15:21,福島県沖,37°17.1′N,141°51.2′E,40 km,4,震度１,37.285,141.8533333
2011/10/10,4:54:36,福島県沖,36°58.8′N,141°22.9′E,32 km,3.4,震度１,36.98,141.3816667
2011/10/10,5:20:04,岐阜県飛騨地方,36°02.0′N,137°34.2′E,10 km,2.6,震度１,36.03333333,137.57
2011/10/10,6:57:48,茨城県南部,36°13.1′N,139°52.5′E,77 km,4,震度２,36.21833333,139.875
2011/10/10,10:07:36,長野県北部,36°57.8′N,138°34.0′E,9 km,1.9,震度１,36.96333333,138.5666667
2011/10/10,10:58:50,茨城県沖,36°20.3′N,140°58.0′E,37 km,2.9,震度１,36.33833333,140.9666667
2011/10/10,11:45:57,福島県沖,37°30.4′N,141°29.1′E,47 km,5.6,震度４,37.50666667,141.485
2011/10/10,12:17:06,宮城県沖,38°43.2′N,142°21.7′E,34 km,3.5,震度１,38.72,142.3616667
2011/10/10,16:09:38,和歌山県北部,34°13.2′N,135°11.9′E,6 km,2.7,震度２,34.22,135.1983333
2011/10/10,21:41:49,福島県浜通り,37°02.9′N,140°39.9′E,11 km,3.1,震度１,37.04833333,140.665
2011/10/11,6:06:00,群馬県南部,36°34.4′N,139°20.3′E,8 km,2.8,震度２,36.57333333,139.3383333
2011/10/11,11:04:41,福島県中通り,37°01.1′N,140°34.7′E,8 km,3,震度１,37.01833333,140.5783333
2011/10/11,12:26:12,関東東方沖,36°40.8′N,143°21.4′E,57 km,4.8,震度１,36.68,143.3566667
2011/10/11,21:58:18,兵庫県北部,35°33.5′N,134°30.5′E,8 km,2.3,震度１,35.55833333,134.5083333
2011/10/11,22:36:41,青森県三八上北地方,40°28.7′N,141°11.8′E,11 km,2.2,震度１,40.47833333,141.1966667
2011/10/11,22:39:14,北海道南西沖,41°20.3′N,140°09.2′E,9 km,2.5,震度１,41.33833333,140.1533333
2011/10/11,23:59:23,宮城県沖,38°45.9′N,142°23.8′E,30 km,3.8,震度２,38.765,142.3966667
2011/10/12,1:25:49,福島県沖,37°13.7′N,141°26.8′E,47 km,3.8,震度２,37.22833333,141.4466667
2011/10/12,1:36:01,茨城県沖,36°12.1′N,140°52.8′E,45 km,3.3,震度１,36.20166667,140.88
2011/10/12,1:39:52,宮城県沖,38°02.1′N,141°48.6′E,48 km,4.3,震度２,38.035,141.81
2011/10/12,5:55:44,富山県東部,36°32.2′N,137°36.0′E,4 km,2.8,震度１,36.53666667,137.6
2011/10/12,6:09:02,熊本県熊本地方,32°55.0′N,130°50.7′E,10 km,2.7,震度２,32.91666667,130.845
2011/10/12,6:32:01,佐渡付近,38°06.5′N,138°00.2′E,23 km,4.2,震度３,38.10833333,138.0033333
2011/10/12,13:41:22,岩手県沖,39°17.4′N,142°20.2′E,30 km,3.7,震度１,39.29,142.3366667
2011/10/12,17:29:06,福島県沖,37°33.1′N,141°54.3′E,33 km,4,震度２,37.55166667,141.905
2011/10/12,23:30:45,日高地方東部,42°18.1′N,143°01.0′E,50 km,3.4,震度１,42.30166667,143.0166667
2011/10/13,0:16:00,千葉県東方沖,35°29.9′N,140°55.6′E,23 km,3.4,震度１,35.49833333,140.9266667
2011/10/13,2:44:05,福島県中通り,37°04.9′N,140°32.8′E,7 km,3,震度３,37.08166667,140.5466667
2011/10/13,3:04:42,福島県中通り,37°04.9′N,140°33.5′E,8 km,2.5,震度１,37.08166667,140.5583333
2011/10/13,3:43:46,兵庫県北部,35°33.5′N,134°30.5′E,7 km,2.1,震度１,35.55833333,134.5083333
2011/10/13,4:31:23,福島県沖,37°31.5′N,141°27.9′E,47 km,3.2,震度１,37.525,141.465
2011/10/13,4:54:33,宮城県沖,38°42.1′N,141°47.6′E,53 km,3.3,震度２,38.70166667,141.7933333
2011/10/13,13:20:09,茨城県北部,36°40.8′N,140°36.1′E,8 km,2.8,震度１,36.68,140.6016667
2011/10/13,19:33:06,高知県中部,33°28.2′N,133°18.1′E,5 km,2.2,震度１,33.47,133.3016667
2011/10/13,20:39:45,茨城県北部,36°40.4′N,140°38.0′E,6 km,2.7,震度１,36.67333333,140.6333333
2011/10/14,3:09:02,福島県沖,37°39.5′N,142°41.9′E,31 km,4.6,震度１,37.65833333,142.6983333
2011/10/14,3:34:00,群馬県北部,36°53.8′N,139°21.9′E,4 km,2.6,震度１,36.89666667,139.365
2011/10/14,4:54:31,福島県沖,37°08.7′N,141°24.6′E,29 km,3.5,震度１,37.145,141.41
2011/10/14,6:05:09,三陸沖,39°40.8′N,143°39.7′E,27 km,4.6,震度１,39.68,143.6616667
2011/10/14,7:47:10,福島県沖,37°15.4′N,141°16.5′E,35 km,3.3,震度１,37.25666667,141.275
2011/10/14,10:44:21,秋田県内陸南部,39°28.7′N,140°25.9′E,10 km,1.5,震度１,39.47833333,140.4316667
2011/10/14,11:54:18,岩手県沖,40°03.8′N,142°12.3′E,44 km,3.6,震度１,40.06333333,142.205
2011/10/14,12:59:51,福島県浜通り,37°07.6′N,140°51.1′E,7 km,2.3,震度１,37.12666667,140.8516667
2011/10/14,15:20:40,福島県浜通り,37°07.7′N,140°51.4′E,8 km,2.4,震度１,37.12833333,140.8566667
2011/10/14,15:25:33,宮城県沖,38°17.7′N,141°51.5′E,48 km,4,震度２,38.295,141.8583333
2011/10/14,18:26:56,千葉県北西部,35°47.5′N,140°07.6′E,63 km,3.8,震度２,35.79166667,140.1266667
2011/10/14,18:40:56,茨城県沖,36°38.6′N,140°59.0′E,17 km,3.8,震度１,36.64333333,140.9833333
2011/10/14,19:42:38,東京湾,35°33.9′N,139°59.5′E,13 km,2.4,震度１,35.565,139.9916667
2011/10/14,19:59:22,福島県沖,37°26.9′N,141°30.4′E,41 km,4.3,震度２,37.44833333,141.5066667
2011/10/14,21:35:08,福島県沖,36°57.9′N,141°08.9′E,51 km,3.1,震度１,36.965,141.1483333
2011/10/15,0:10:42,宮城県沖,38°50.4′N,142°01.3′E,56 km,3.8,震度２,38.84,142.0216667
2011/10/15,11:55:14,茨城県北部,36°43.7′N,140°37.3′E,6 km,4.2,震度３,36.72833333,140.6216667
2011/10/15,14:30:52,茨城県北部,36°43.2′N,140°37.4′E,6 km,3,震度１,36.72,140.6233333
2011/10/15,16:21:28,紀伊水道,33°49.7′N,134°59.1′E,13 km,3.2,震度１,33.82833333,134.985
2011/10/15,17:23:44,浦河沖,41°59.0′N,142°30.8′E,65 km,4.2,震度２,41.98333333,142.5133333
2011/10/15,19:29:32,福島県中通り,37°05.1′N,140°33.3′E,7 km,1.9,震度１,37.085,140.555
2011/10/15,22:33:54,宮城県沖,38°52.6′N,141°59.9′E,48 km,3.6,震度１,38.87666667,141.9983333
2011/10/15,22:46:09,茨城県北部,36°44.5′N,140°37.1′E,5 km,3,震度１,36.74166667,140.6183333
2011/10/16,5:15:39,福島県中通り,37°05.8′N,140°38.8′E,9 km,3.1,震度１,37.09666667,140.6466667
2011/10/16,5:24:08,福島県浜通り,37°07.2′N,140°50.4′E,7 km,2.2,震度１,37.12,140.84
2011/10/16,5:55:54,福島県中通り,37°05.8′N,140°38.8′E,9 km,3,震度１,37.09666667,140.6466667
2011/10/16,12:44:34,栃木県北部,36°38.5′N,139°28.8′E,3 km,2.1,震度１,36.64166667,139.48
2011/10/16,13:32:33,広島県南西部,34°25.5′N,132°35.6′E,26 km,3,震度１,34.425,132.5933333
2011/10/16,14:04:44,新潟県中越地方,36°59.8′N,138°39.0′E,9 km,2.3,震度１,36.99666667,138.65
2011/10/16,16:31:01,長野県南部,35°49.1′N,138°01.4′E,12 km,3.2,震度１,35.81833333,138.0233333
2011/10/16,16:34:03,福島県会津,37°41.0′N,139°55.5′E,9 km,3.5,震度２,37.68333333,139.925
2011/10/16,16:55:41,福島県会津,37°40.8′N,139°55.4′E,8 km,2.6,震度２,37.68,139.9233333
2011/10/16,18:46:02,茨城県沖,36°06.4′N,141°56.3′E,26 km,4.5,震度１,36.10666667,141.9383333
2011/10/16,21:23:59,秋田県内陸南部,39°36.9′N,140°33.2′E,6 km,1.8,震度１,39.615,140.5533333
2011/10/16,22:09:16,宮城県沖,38°26.1′N,141°50.8′E,58 km,3.5,震度１,38.435,141.8466667
2011/10/16,23:07:14,福島県沖,37°30.1′N,141°27.2′E,46 km,3.5,震度１,37.50166667,141.4533333
2011/10/17,0:31:55,茨城県北部,36°41.1′N,140°35.7′E,7 km,2.4,震度１,36.685,140.595
2011/10/17,2:13:17,福島県沖,37°06.1′N,141°27.7′E,48 km,3.9,震度１,37.10166667,141.4616667
2011/10/17,3:27:01,宮城県沖,38°20.8′N,142°05.4′E,33 km,3.7,震度１,38.34666667,142.09
2011/10/17,4:57:06,宮城県中部,38°18.9′N,140°41.7′E,12 km,2.8,震度１,38.315,140.695
2011/10/17,5:33:39,茨城県北部,36°20.6′N,140°35.0′E,51 km,3,震度１,36.34333333,140.5833333
2011/10/17,5:59:27,福島県浜通り,37°07.9′N,140°48.8′E,4 km,2,震度１,37.13166667,140.8133333
2011/10/17,9:10:31,宮古島近海,24°44.0′N,125°24.4′E,46 km,3.5,震度２,24.73333333,125.4066667
2011/10/17,11:17:47,宮城県沖,38°32.5′N,141°43.4′E,54 km,3.1,震度１,38.54166667,141.7233333
2011/10/17,11:24:23,青森県東方沖,41°25.2′N,141°45.1′E,68 km,3.4,震度１,41.42,141.7516667
2011/10/17,16:05:35,福島県浜通り,37°07.9′N,140°48.7′E,4 km,2.5,震度１,37.13166667,140.8116667
2011/10/17,18:15:20,福島県沖,37°44.0′N,141°55.5′E,25 km,4.3,震度１,37.73333333,141.925
2011/10/17,19:08:30,福島県浜通り,37°07.9′N,140°48.5′E,5 km,2.3,震度１,37.13166667,140.8083333
2011/10/17,19:09:11,岩手県沖,39°04.5′N,142°12.1′E,43 km,3.3,震度１,39.075,142.2016667
2011/10/17,20:15:04,宮城県沖,38°21.2′N,141°48.0′E,45 km,3.7,震度１,38.35333333,141.8
2011/10/17,22:17:30,宮古島近海,24°16.4′N,125°11.0′E,31 km,4.2,震度１,24.27333333,125.1833333
2011/10/18,0:51:57,愛知県西部,34°50.1′N,136°55.5′E,36 km,3.2,震度１,34.835,136.925
2011/10/18,5:02:04,播磨灘,34°24.3′N,134°46.8′E,17 km,2.8,震度１,34.405,134.78
2011/10/18,5:33:57,三陸沖,39°36.0′N,143°45.2′E,25 km,4.8,震度１,39.6,143.7533333
2011/10/18,6:05:20,福島県沖,36°57.5′N,141°11.0′E,54 km,3.8,震度１,36.95833333,141.1833333
2011/10/18,6:29:40,宮城県沖,38°07.1′N,141°48.3′E,54 km,3.8,震度２,38.11833333,141.805
2011/10/18,8:52:45,長野県北部,36°29.7′N,137°54.9′E,10 km,2.5,震度１,36.495,137.915
2011/10/18,9:41:32,長野県北部,36°29.3′N,137°55.0′E,9 km,2.5,震度２,36.48833333,137.9166667
2011/10/18,9:42:44,長野県北部,36°29.3′N,137°54.9′E,9 km,2,震度１,36.48833333,137.915
2011/10/18,13:10:38,福島県浜通り,37°07.6′N,140°42.5′E,7 km,3.5,震度２,37.12666667,140.7083333
2011/10/18,13:23:14,宮城県沖,38°24.5′N,142°16.3′E,37 km,4.2,震度２,38.40833333,142.2716667
2011/10/18,15:44:05,福島県中通り,37°05.9′N,140°34.5′E,15 km,3.3,震度１,37.09833333,140.575
2011/10/18,18:06:02,宮城県沖,38°37.2′N,141°54.3′E,48 km,4.1,震度３,38.62,141.905
2011/10/18,19:39:19,茨城県沖,36°31.4′N,140°55.0′E,31 km,3.4,震度１,36.52333333,140.9166667
2011/10/18,23:10:54,長野県北部,36°29.5′N,137°55.0′E,10 km,2.3,震度２,36.49166667,137.9166667
2011/10/19,1:22:59,茨城県沖,36°18.4′N,140°48.7′E,55 km,3,震度１,36.30666667,140.8116667
2011/10/19,6:15:41,岩手県内陸南部,39°00.8′N,140°51.1′E,6 km,3.4,震度１,39.01333333,140.8516667
2011/10/19,7:38:42,東京都多摩東部,35°38.9′N,139°31.4′E,26 km,2.4,震度１,35.64833333,139.5233333
2011/10/19,8:43:45,宮城県沖,38°37.2′N,141°54.6′E,47 km,3,震度１,38.62,141.91
2011/10/19,9:11:48,茨城県北部,36°40.3′N,140°35.6′E,8 km,1.9,震度１,36.67166667,140.5933333
2011/10/19,10:20:50,山梨県東部・富士五湖,35°34.8′N,139°00.8′E,24 km,2.3,震度１,35.58,139.0133333
2011/10/19,11:18:49,宮城県沖,38°15.9′N,142°12.7′E,39 km,4.4,震度２,38.265,142.2116667
2011/10/19,11:36:54,宮崎県北部山沿い,32°41.5′N,131°17.4′E,89 km,4,震度２,32.69166667,131.29
2011/10/19,12:20:14,千葉県北東部,35°19.2′N,140°17.3′E,16 km,2.8,震度１,35.32,140.2883333
2011/10/19,14:25:51,岩手県沖,39°07.6′N,142°24.5′E,34 km,4.2,震度１,39.12666667,142.4083333
2011/10/19,16:05:02,福島県浜通り,37°02.5′N,140°38.5′E,8 km,4.1,震度３,37.04166667,140.6416667
2011/10/19,22:46:22,茨城県沖,36°46.6′N,141°00.7′E,50 km,4,震度２,36.77666667,141.0116667
2011/10/20,3:50:49,茨城県北部,36°51.6′N,140°36.5′E,6 km,2.9,震度１,36.86,140.6083333
2011/10/20,4:38:32,釧路地方中南部,43°08.1′N,144°28.9′E,85 km,3,震度１,43.135,144.4816667
2011/10/20,6:13:53,福島県浜通り,37°02.3′N,140°38.4′E,8 km,4.1,震度３,37.03833333,140.64
2011/10/20,6:21:40,福島県浜通り,37°02.6′N,140°38.6′E,9 km,4.4,震度３,37.04333333,140.6433333
2011/10/20,7:21:15,千葉県北東部,35°52.5′N,140°28.6′E,35 km,2.9,震度１,35.875,140.4766667
2011/10/20,9:13:11,紀伊水道,34°08.9′N,135°07.6′E,7 km,2.8,震度２,34.14833333,135.1266667
2011/10/20,11:14:56,茨城県沖,36°29.1′N,140°43.7′E,50 km,3.3,震度１,36.485,140.7283333
2011/10/20,15:24:30,熊本県熊本地方,32°54.5′N,130°50.6′E,9 km,1.9,震度１,32.90833333,130.8433333
2011/10/20,19:02:14,紀伊水道,33°49.8′N,134°59.0′E,13 km,3.2,震度１,33.83,134.9833333
2011/10/20,20:50:22,埼玉県北部,36°05.9′N,139°36.7′E,60 km,2.9,震度１,36.09833333,139.6116667
2011/10/20,20:53:50,福島県浜通り,37°02.4′N,140°38.1′E,9 km,3.8,震度２,37.04,140.635
2011/10/21,5:06:18,和歌山県北部,33°58.5′N,135°16.2′E,8 km,3.1,震度２,33.975,135.27
2011/10/21,10:25:12,福島県沖,37°35.5′N,141°56.4′E,28 km,4.4,震度２,37.59166667,141.94
2011/10/21,12:18:18,和歌山県南方沖,33°35.5′N,135°19.8′E,24 km,3.1,震度２,33.59166667,135.33
2011/10/21,13:44:38,播磨灘,34°24.7′N,134°38.9′E,10 km,3.1,震度２,34.41166667,134.6483333
2011/10/21,17:02:37,上川地方中部,43°47.6′N,142°39.1′E,196 km,6.3,震度３,43.79333333,142.6516667
2011/10/21,21:14:29,茨城県北部,36°50.7′N,140°34.6′E,9 km,3.6,震度１,36.845,140.5766667
2011/10/21,22:23:33,宮城県沖,38°48.5′N,142°10.7′E,37 km,3,震度１,38.80833333,142.1783333
2011/10/21,23:18:06,茨城県北部,36°42.2′N,140°36.7′E,5 km,3.6,震度２,36.70333333,140.6116667
2011/10/21,23:24:14,茨城県北部,36°42.2′N,140°37.2′E,6 km,2.9,震度１,36.70333333,140.62
2011/10/22,0:17:48,福島県浜通り,37°12.9′N,140°55.1′E,8 km,3.1,震度１,37.215,140.9183333
2011/10/22,2:39:14,福島県沖,37°16.4′N,141°09.5′E,30 km,3.3,震度１,37.27333333,141.1583333
2011/10/22,4:31:57,秋田県内陸南部,39°34.2′N,140°23.7′E,5 km,2.5,震度１,39.57,140.395
2011/10/22,4:53:12,福島県沖,37°35.4′N,141°59.9′E,34 km,4.2,震度１,37.59,141.9983333
2011/10/22,5:20:33,茨城県北部,36°51.6′N,140°34.4′E,8 km,3,震度１,36.86,140.5733333
2011/10/22,6:02:54,千葉県北西部,35°35.1′N,140°08.6′E,65 km,3.1,震度１,35.585,140.1433333
2011/10/22,8:19:53,福島県中通り,37°01.7′N,140°36.6′E,9 km,3.6,震度２,37.02833333,140.61
2011/10/22,11:31:56,福島県沖,37°17.3′N,141°49.0′E,39 km,4.1,震度２,37.28833333,141.8166667
2011/10/22,15:13:58,宮城県沖,38°32.2′N,141°49.4′E,50 km,3.4,震度１,38.53666667,141.8233333
2011/10/22,16:10:55,秋田県内陸南部,39°34.1′N,140°23.7′E,4 km,2.1,震度１,39.56833333,140.395
2011/10/22,16:31:33,福島県沖,36°58.8′N,141°15.3′E,33 km,3.6,震度１,36.98,141.255
2011/10/22,17:57:38,宮城県沖,38°10.0′N,141°42.4′E,51 km,3.9,震度１,38.16666667,141.7066667
2011/10/22,18:28:15,宮古島近海,24°49.1′N,125°22.4′E,49 km,3.8,震度２,24.81833333,125.3733333
2011/10/22,20:52:22,福島県浜通り,37°00.0′N,140°39.8′E,6 km,3.2,震度１,37,140.6633333
2011/10/22,21:20:26,宮城県沖,38°55.0′N,141°55.9′E,52 km,3.5,震度１,38.91666667,141.9316667
2011/10/22,21:40:12,秋田県内陸南部,39°34.7′N,140°26.5′E,7 km,2.1,震度１,39.57833333,140.4416667
2011/10/23,2:23:52,鳥取県西部,35°19.8′N,133°18.6′E,11 km,2.5,震度１,35.33,133.31
2011/10/23,3:58:14,福島県会津,37°40.0′N,139°55.9′E,9 km,2.8,震度２,37.66666667,139.9316667
2011/10/23,5:36:14,千葉県東方沖,35°42.8′N,140°56.7′E,12 km,3.4,震度１,35.71333333,140.945
2011/10/23,6:35:25,福島県中通り,37°01.6′N,140°36.1′E,7 km,3.5,震度２,37.02666667,140.6016667
2011/10/23,8:26:05,茨城県北部,36°35.5′N,140°37.9′E,8 km,2.3,震度１,36.59166667,140.6316667
2011/10/23,9:04:03,福島県浜通り,37°14.6′N,140°54.9′E,6 km,2.6,震度２,37.24333333,140.915
2011/10/23,12:35:28,紀伊水道,33°49.7′N,134°58.7′E,13 km,3.7,震度１,33.82833333,134.9783333
2011/10/23,14:57:42,茨城県北部,36°46.2′N,140°34.7′E,6 km,3.2,震度１,36.77,140.5783333
2011/10/23,17:25:06,福島県中通り,37°10.2′N,140°27.1′E,5 km,3,震度２,37.17,140.4516667
2011/10/23,18:08:44,千葉県北西部,35°40.9′N,140°04.9′E,65 km,3.2,震度１,35.68166667,140.0816667
2011/10/23,19:27:07,長野県北部,36°50.2′N,138°33.8′E,1 km,2.8,震度１,36.83666667,138.5633333
2011/10/23,19:45:34,福島県沖,37°13.8′N,141°11.2′E,34 km,3.6,震度１,37.23,141.1866667
2011/10/23,19:57:02,日高地方中部,42°15.9′N,142°36.4′E,4 km,1.9,震度１,42.265,142.6066667
2011/10/23,21:05:13,宮城県沖,38°19.5′N,142°05.9′E,33 km,3.5,震度１,38.325,142.0983333
2011/10/23,22:00:10,福島県浜通り,37°07.9′N,140°48.4′E,5 km,1.9,震度１,37.13166667,140.8066667
2011/10/24,1:32:12,宮城県沖,38°32.6′N,141°43.1′E,54 km,3.9,震度２,38.54333333,141.7183333
2011/10/24,1:36:10,茨城県沖,36°34.4′N,141°08.6′E,36 km,3.3,震度１,36.57333333,141.1433333
2011/10/24,1:56:10,奈良県,33°54.4′N,135°38.9′E,11 km,2.7,震度１,33.90666667,135.6483333
2011/10/24,3:25:52,茨城県北部,36°49.6′N,140°34.7′E,6 km,3.6,震度１,36.82666667,140.5783333
2011/10/24,3:58:35,岩手県沖,39°38.0′N,142°06.2′E,48 km,4.2,震度３,39.63333333,142.1033333
2011/10/24,4:05:11,奄美大島近海,27°57.9′N,130°14.9′E,51 km,3.7,震度１,27.965,130.2483333
2011/10/24,4:45:06,新島・神津島近海,34°10.8′N,139°17.3′E,14 km,2.4,震度１,34.18,139.2883333
2011/10/24,8:07:56,福島県浜通り,37°06.0′N,140°48.0′E,8 km,2.6,震度１,37.1,140.8
2011/10/24,8:57:42,紀伊水道,33°49.7′N,134°58.7′E,13 km,3.6,震度１,33.82833333,134.9783333
2011/10/24,9:16:26,福島県沖,37°10.7′N,141°11.3′E,33 km,3.3,震度１,37.17833333,141.1883333
2011/10/24,9:52:05,福島県沖,37°44.3′N,141°44.6′E,51 km,4.1,震度１,37.73833333,141.7433333
2011/10/24,11:49:56,日高地方中部,42°15.6′N,142°35.5′E,7 km,2.7,震度２,42.26,142.5916667
2011/10/24,13:27:17,福島県会津,37°39.5′N,139°56.1′E,10 km,2.3,震度１,37.65833333,139.935
2011/10/24,17:44:41,岩手県内陸北部,39°49.6′N,141°26.2′E,13 km,2.7,震度１,39.82666667,141.4366667
2011/10/24,18:24:15,福島県沖,37°17.1′N,141°51.7′E,44 km,4.2,震度１,37.285,141.8616667
2011/10/24,19:18:25,奈良県,33°54.3′N,135°38.9′E,11 km,3,震度１,33.905,135.6483333
2011/10/25,0:45:56,茨城県北部,36°43.7′N,140°37.2′E,6 km,3.3,震度２,36.72833333,140.62
2011/10/25,1:44:14,秋田県内陸南部,39°36.5′N,140°36.9′E,5 km,2.4,震度１,39.60833333,140.615
2011/10/25,3:11:39,青森県三八上北地方,40°44.8′N,141°19.2′E,92 km,3.6,震度２,40.74666667,141.32
2011/10/25,6:37:27,宮城県沖,38°38.1′N,141°54.8′E,49 km,4.1,震度２,38.635,141.9133333
2011/10/25,8:43:22,大隅半島東方沖,30°49.1′N,131°14.4′E,40 km,3.7,震度１,30.81833333,131.24
2011/10/25,12:22:52,宮城県沖,38°33.4′N,141°41.2′E,55 km,2.7,震度１,38.55666667,141.6866667
2011/10/25,12:30:16,富山県東部,36°30.6′N,137°38.9′E,1 km,3.1,震度１,36.51,137.6483333
2011/10/25,12:54:12,福島県沖,37°06.2′N,141°08.7′E,53 km,4.2,震度３,37.10333333,141.145
2011/10/25,15:11:20,岩手県沖,39°05.6′N,142°23.8′E,32 km,3.9,震度１,39.09333333,142.3966667
2011/10/25,16:22:12,福島県沖,36°51.2′N,141°07.5′E,49 km,3.2,震度１,36.85333333,141.125
2011/10/25,17:50:45,宮城県沖,38°22.6′N,141°53.1′E,61 km,3.4,震度１,38.37666667,141.885
2011/10/25,17:51:50,茨城県南部,36°07.2′N,140°05.0′E,64 km,3.4,震度１,36.12,140.0833333
2011/10/25,19:12:55,熊本県熊本地方,32°29.8′N,130°35.0′E,6 km,2.6,震度１,32.49666667,130.5833333
2011/10/25,22:37:37,四国沖,33°24.7′N,134°48.3′E,38 km,4,震度２,33.41166667,134.805
2011/10/26,0:33:07,福島県浜通り,37°05.7′N,140°50.2′E,8 km,2.3,震度１,37.095,140.8366667
2011/10/26,0:54:48,福島県浜通り,37°05.6′N,140°50.1′E,8 km,2.5,震度１,37.09333333,140.835
2011/10/26,1:06:13,奈良県,34°24.4′N,135°52.3′E,10 km,2.4,震度１,34.40666667,135.8716667
2011/10/26,2:08:52,福島県沖,36°57.7′N,141°08.8′E,30 km,5,震度３,36.96166667,141.1466667
2011/10/26,4:34:13,東海道南方沖,32°10.5′N,138°23.0′E,45 km,4.9,震度２,32.175,138.3833333
2011/10/26,6:21:11,鹿児島県薩摩地方,31°58.2′N,130°25.5′E,8 km,2.7,震度１,31.97,130.425
2011/10/26,6:58:03,鹿児島県薩摩地方,31°58.2′N,130°25.4′E,8 km,3.9,震度３,31.97,130.4233333
2011/10/26,9:55:52,茨城県南部,36°18.2′N,140°01.4′E,72 km,3.6,震度１,36.30333333,140.0233333
2011/10/26,13:19:03,茨城県北部,36°39.6′N,140°36.9′E,16 km,3.8,震度３,36.66,140.615
2011/10/26,13:25:56,富山県西部,36°51.6′N,136°58.8′E,13 km,3.7,震度２,36.86,136.98
2011/10/26,18:31:34,福島県浜通り,37°07.5′N,140°48.3′E,3 km,2.7,震度２,37.125,140.805
2011/10/26,21:03:26,千葉県東方沖,35°23.0′N,140°26.2′E,24 km,3.2,震度２,35.38333333,140.4366667
2011/10/27,1:08:20,福島県浜通り,37°07.1′N,140°48.4′E,3 km,2.6,震度２,37.11833333,140.8066667
2011/10/27,1:13:19,福島県浜通り,37°07.2′N,140°48.2′E,3 km,2.5,震度２,37.12,140.8033333
2011/10/27,1:44:02,岩手県沖,39°38.2′N,142°06.2′E,48 km,3.9,震度２,39.63666667,142.1033333
2011/10/27,2:23:52,紀伊水道,34°08.6′N,135°05.0′E,9 km,2.7,震度１,34.14333333,135.0833333
2011/10/27,2:27:33,福島県浜通り,37°07.1′N,140°48.0′E,2 km,1.9,震度１,37.11833333,140.8
2011/10/27,7:30:44,福島県浜通り,37°06.9′N,140°47.8′E,3 km,1.9,震度１,37.115,140.7966667
2011/10/27,7:50:12,宮城県沖,38°24.8′N,141°47.4′E,55 km,3.8,震度２,38.41333333,141.79
2011/10/27,10:22:37,茨城県沖,36°44.9′N,141°07.6′E,22 km,4.1,震度１,36.74833333,141.1266667
2011/10/27,11:27:21,熊本県熊本地方,32°41.3′N,131°05.5′E,8 km,2,震度１,32.68833333,131.0916667
2011/10/27,12:56:59,茨城県北部,36°44.8′N,140°36.6′E,6 km,3,震度１,36.74666667,140.61
2011/10/27,13:15:35,国後島付近,43°32.7′N,145°43.7′E,81 km,3.1,震度１,43.545,145.7283333
2011/10/27,18:53:55,山形県置賜地方,37°48.2′N,140°00.0′E,9 km,2.8,震度１,37.80333333,140
2011/10/27,19:12:17,茨城県北部,36°47.8′N,140°33.7′E,7 km,2.8,震度１,36.79666667,140.5616667
2011/10/27,23:46:54,福島県沖,37°24.4′N,141°20.1′E,28 km,3.5,震度１,37.40666667,141.335
2011/10/28,1:48:48,宮城県沖,38°58.5′N,142°27.8′E,29 km,3.7,震度１,38.975,142.4633333
2011/10/28,2:38:55,千葉県東方沖,35°23.2′N,140°27.8′E,25 km,3.6,震度２,35.38666667,140.4633333
2011/10/28,3:06:22,福島県沖,37°47.7′N,144°26.4′E,48 km,4.7,震度１,37.795,144.44
2011/10/28,4:55:21,宮城県沖,37°57.4′N,142°39.9′E,30 km,4.4,震度１,37.95666667,142.665
2011/10/28,5:20:17,福島県沖,37°31.4′N,141°29.4′E,46 km,4.1,震度２,37.52333333,141.49
2011/10/28,5:23:34,茨城県北部,36°50.1′N,140°33.2′E,8 km,3.1,震度１,36.835,140.5533333
2011/10/28,5:29:26,山形県置賜地方,37°48.2′N,140°00.1′E,9 km,3.9,震度３,37.80333333,140.0016667
2011/10/28,5:45:38,山形県置賜地方,37°48.5′N,140°00.2′E,9 km,3.2,震度２,37.80833333,140.0033333
2011/10/28,6:01:52,福島県会津,37°01.4′N,139°21.1′E,6 km,1.3,震度１,37.02333333,139.3516667
2011/10/28,7:30:16,三宅島近海,34°03.1′N,139°23.1′E,15 km,3.4,震度１,34.05166667,139.385
2011/10/28,8:20:18,宮城県沖,38°33.4′N,141°41.4′E,55 km,3.9,震度２,38.55666667,141.69
2011/10/28,9:37:08,山形県置賜地方,37°48.4′N,140°01.0′E,8 km,3,震度１,37.80666667,140.0166667
2011/10/28,11:06:47,宮城県沖,38°52.8′N,141°58.6′E,47 km,3.9,震度２,38.88,141.9766667
2011/10/28,12:02:50,宮城県沖,38°17.9′N,141°50.0′E,47 km,3.7,震度１,38.29833333,141.8333333
2011/10/28,14:33:40,福島県沖,37°18.2′N,141°54.5′E,30 km,4,震度１,37.30333333,141.9083333
2011/10/28,15:59:21,宮城県沖,38°15.7′N,141°50.1′E,48 km,3.7,震度１,38.26166667,141.835
2011/10/28,16:32:43,福島県浜通り,37°11.4′N,140°53.8′E,8 km,2.7,震度１,37.19,140.8966667
2011/10/28,19:37:05,愛知県西部,35°19.1′N,136°57.0′E,9 km,2.7,震度１,35.31833333,136.95
2011/10/28,19:57:44,和歌山県北部,34°02.2′N,135°16.2′E,6 km,3.2,震度２,34.03666667,135.27
2011/10/28,21:09:18,千葉県北東部,35°24.0′N,140°19.1′E,21 km,2.4,震度１,35.4,140.3183333
2011/10/29,0:07:29,岐阜県飛騨地方,36°04.8′N,137°33.3′E,7 km,2.3,震度１,36.08,137.555
2011/10/29,2:12:13,千葉県東方沖,35°46.0′N,140°52.4′E,14 km,4,震度２,35.76666667,140.8733333
2011/10/29,2:51:59,宮城県沖,38°24.9′N,142°09.6′E,33 km,3.6,震度１,38.415,142.16
2011/10/29,4:16:43,秋田県内陸南部,39°26.8′N,140°22.0′E,9 km,1.1,震度１,39.44666667,140.3666667
2011/10/29,4:32:20,宮城県沖,38°27.8′N,142°16.1′E,28 km,3.9,震度１,38.46333333,142.2683333
2011/10/29,5:02:33,千葉県東方沖,35°48.9′N,141°01.5′E,15 km,3.6,震度１,35.815,141.025
2011/10/29,8:18:27,茨城県北部,36°48.9′N,140°34.2′E,4 km,3.6,震度１,36.815,140.57
2011/10/29,8:47:51,福島県中通り,36°59.7′N,140°33.6′E,8 km,3.7,震度２,36.995,140.56
2011/10/29,9:04:01,福島県中通り,36°59.6′N,140°33.6′E,8 km,3.3,震度１,36.99333333,140.56
2011/10/29,11:56:52,千葉県南部,35°20.3′N,140°19.5′E,24 km,3.6,震度２,35.33833333,140.325
2011/10/29,13:13:04,福島県中通り,37°05.1′N,140°33.3′E,7 km,2.2,震度１,37.085,140.555
2011/10/29,14:04:57,宮古島近海,24°48.2′N,125°04.5′E,19 km,2.7,震度１,24.80333333,125.075
2011/10/29,15:24:43,宮城県沖,38°12.8′N,142°01.7′E,51 km,4.9,震度３,38.21333333,142.0283333
2011/10/29,15:28:35,千葉県南部,35°13.8′N,140°19.4′E,14 km,2.6,震度１,35.23,140.3233333
2011/10/29,18:22:52,栃木県北部,36°39.4′N,139°29.4′E,4 km,3.2,震度２,36.65666667,139.49
2011/10/29,20:24:11,宮城県沖,38°26.2′N,142°06.9′E,47 km,4,震度２,38.43666667,142.115
2011/10/29,23:45:36,千葉県南東沖,35°07.7′N,140°17.1′E,17 km,2.9,震度１,35.12833333,140.285
2011/10/30,0:11:29,千葉県東方沖,35°41.8′N,140°47.1′E,18 km,3.3,震度１,35.69666667,140.785
2011/10/30,3:17:10,福島県浜通り,37°07.5′N,140°51.2′E,8 km,2.7,震度２,37.125,140.8533333
2011/10/30,3:18:53,福島県浜通り,37°07.5′N,140°51.3′E,7 km,2.3,震度１,37.125,140.855
2011/10/30,3:24:39,秋田県内陸南部,39°27.0′N,140°21.8′E,8 km,1.6,震度１,39.45,140.3633333
2011/10/30,7:36:22,千葉県南部,35°11.9′N,140°16.1′E,11 km,2.4,震度１,35.19833333,140.2683333
2011/10/30,10:01:20,宮城県沖,38°11.5′N,141°46.1′E,56 km,3.8,震度１,38.19166667,141.7683333
2011/10/30,11:39:13,奄美大島北西沖,28°45.0′N,128°35.2′E,131 km,3.8,震度１,28.75,128.5866667
2011/10/30,12:23:45,石垣島北西沖,25°13.0′N,122°59.5′E,209 km,5.5,震度２,25.21666667,122.9916667
2011/10/30,14:24:10,福島県沖,37°46.8′N,144°24.0′E,48 km,4.8,震度１,37.78,144.4
2011/10/30,18:03:07,茨城県北部,36°39.5′N,140°31.4′E,7 km,3,震度２,36.65833333,140.5233333
2011/10/31,1:39:32,福島県沖,37°14.6′N,141°05.4′E,31 km,3.2,震度１,37.24333333,141.09
2011/10/31,2:58:55,岩手県沖,39°36.9′N,142°06.8′E,48 km,3,震度１,39.615,142.1133333
2011/10/31,3:07:44,岩手県沖,39°36.9′N,142°06.6′E,48 km,2.8,震度１,39.615,142.11
2011/10/31,3:52:42,茨城県北部,36°39.5′N,140°36.4′E,15 km,2.9,震度１,36.65833333,140.6066667
2011/10/31,4:36:07,茨城県北部,36°51.1′N,140°33.9′E,5 km,3.5,震度１,36.85166667,140.565
2011/10/31,8:08:27,宮城県沖,38°49.8′N,142°27.7′E,34 km,4.5,震度２,38.83,142.4616667
2011/10/31,9:31:46,宮城県沖,38°25.3′N,141°49.4′E,54 km,3.6,震度１,38.42166667,141.8233333
2011/10/31,10:31:40,茨城県南部,36°00.2′N,140°22.9′E,56 km,3.5,震度２,36.00333333,140.3816667
2011/10/31,16:22:20,千葉県北東部,35°28.1′N,140°23.4′E,27 km,3.7,震度２,35.46833333,140.39
2011/10/31,17:04:07,福島県沖,37°14.0′N,141°29.9′E,47 km,3.7,震度１,37.23333333,141.4983333
2011/10/31,22:18:15,宮城県沖,38°20.2′N,141°46.7′E,16 km,3.6,震度１,38.33666667,141.7783333
2011/11/1,2:38:21,千葉県南部,35°09.6′N,140°14.3′E,12 km,2.5,震度１,35.16,140.2383333
2011/11/1,3:32:01,熊本県熊本地方,32°32.2′N,130°36.2′E,11 km,2.7,震度１,32.53666667,130.6033333
2011/11/1,5:59:46,釧路沖,42°45.0′N,145°19.9′E,47 km,4.5,震度３,42.75,145.3316667
2011/11/1,8:19:15,千葉県南部,35°20.8′N,140°19.8′E,21 km,2.6,震度１,35.34666667,140.33
2011/11/1,11:41:22,千葉県南部,35°09.4′N,140°14.2′E,10 km,2.9,震度１,35.15666667,140.2366667
2011/11/1,16:23:38,福島県会津,37°39.6′N,139°55.4′E,9 km,2.2,震度１,37.66,139.9233333
2011/11/1,16:36:38,岩手県内陸南部,39°10.2′N,140°51.1′E,8 km,3.3,震度１,39.17,140.8516667
2011/11/1,16:38:12,宮城県沖,38°26.5′N,142°09.7′E,31 km,3.8,震度１,38.44166667,142.1616667
2011/11/1,16:47:24,福島県中通り,37°01.0′N,140°31.7′E,7 km,2.9,震度１,37.01666667,140.5283333
2011/11/1,23:45:16,日向灘,32°30.8′N,132°17.4′E,22 km,3.4,震度１,32.51333333,132.29
2011/11/2,0:26:41,宮城県沖,38°32.2′N,141°42.9′E,54 km,3.7,震度２,38.53666667,141.715
2011/11/2,0:28:06,宮城県沖,38°37.8′N,141°55.3′E,47 km,3.2,震度１,38.63,141.9216667
2011/11/2,1:21:25,茨城県沖,36°00.3′N,141°45.9′E,41 km,5,震度１,36.005,141.765
2011/11/2,7:55:47,茨城県沖,36°25.7′N,140°38.1′E,54 km,3.6,震度２,36.42833333,140.635
2011/11/2,9:00:15,秋田県内陸南部,39°37.6′N,140°24.5′E,4 km,2.6,震度１,39.62666667,140.4083333
2011/11/2,10:43:26,岩手県沖,39°00.3′N,141°46.5′E,63 km,4.3,震度３,39.005,141.775
2011/11/2,11:36:04,岩手県沖,39°06.9′N,142°24.9′E,44 km,3.7,震度１,39.115,142.415
2011/11/2,12:36:14,岩手県沿岸南部,39°10.8′N,141°40.5′E,67 km,3.4,震度１,39.18,141.675
2011/11/2,14:23:15,福島県会津,37°40.7′N,139°56.0′E,8 km,2.5,震度１,37.67833333,139.9333333
2011/11/2,16:13:42,青森県東方沖,41°26.8′N,142°07.4′E,62 km,3.6,震度１,41.44666667,142.1233333
2011/11/2,16:37:44,静岡県伊豆地方,34°57.4′N,139°05.3′E,4 km,3.4,震度２,34.95666667,139.0883333
2011/11/2,16:38:28,岩手県沖,40°20.9′N,142°11.0′E,45 km,3.4,震度１,40.34833333,142.1833333
2011/11/2,17:16:21,静岡県伊豆地方,34°57.5′N,139°04.9′E,4 km,2.7,震度２,34.95833333,139.0816667
2011/11/3,0:10:29,宮城県沖,38°54.7′N,142°04.9′E,54 km,3.2,震度１,38.91166667,142.0816667
2011/11/3,2:52:50,茨城県北部,36°51.4′N,140°34.0′E,5 km,3.7,震度１,36.85666667,140.5666667
2011/11/3,8:47:26,福島県沖,37°20.0′N,141°20.9′E,34 km,3.9,震度１,37.33333333,141.3483333
2011/11/3,9:20:37,宮城県沖,38°20.3′N,141°39.9′E,54 km,3.1,震度１,38.33833333,141.665
2011/11/3,12:45:41,秋田県内陸南部,39°30.7′N,140°25.3′E,9 km,2.2,震度１,39.51166667,140.4216667
2011/11/3,13:24:22,宮城県沖,38°42.3′N,141°47.4′E,53 km,3,震度１,38.705,141.79
2011/11/3,15:25:11,宮城県沖,38°32.5′N,141°43.6′E,54 km,3.3,震度１,38.54166667,141.7266667
2011/11/3,17:27:06,宮城県沖,38°25.6′N,142°10.4′E,30 km,3.7,震度１,38.42666667,142.1733333
2011/11/3,19:22:41,福島県浜通り,37°05.6′N,140°49.1′E,9 km,2.5,震度１,37.09333333,140.8183333
2011/11/3,19:34:29,茨城県南部,35°55.2′N,140°08.5′E,62 km,4.9,震度４,35.92,140.1416667
2011/11/3,23:01:53,茨城県北部,36°46.1′N,140°33.7′E,8 km,3,震度１,36.76833333,140.5616667
2011/11/4,0:00:45,茨城県北部,36°51.6′N,140°34.0′E,6 km,3.1,震度１,36.86,140.5666667
2011/11/4,1:45:21,熊本県熊本地方,32°55.6′N,130°50.4′E,12 km,2,震度１,32.92666667,130.84
2011/11/4,4:22:45,宮城県中部,38°19.2′N,140°41.8′E,11 km,2,震度１,38.32,140.6966667
2011/11/4,4:27:22,宮城県中部,38°19.1′N,140°41.9′E,12 km,2.4,震度１,38.31833333,140.6983333
2011/11/4,5:04:07,福島県浜通り,36°54.5′N,140°40.1′E,17 km,3.3,震度１,36.90833333,140.6683333
2011/11/4,9:05:57,秋田県内陸北部,40°03.4′N,140°23.5′E,7 km,2.3,震度１,40.05666667,140.3916667
2011/11/4,10:42:34,沖縄本島近海,26°32.8′N,128°44.7′E,25 km,4.3,震度１,26.54666667,128.745
2011/11/4,11:59:14,茨城県沖,36°00.4′N,141°19.7′E,32 km,4.9,震度３,36.00666667,141.3283333
2011/11/4,13:45:34,新潟県中越地方,37°16.8′N,138°48.9′E,13 km,2.2,震度１,37.28,138.815
2011/11/4,14:07:12,福島県浜通り,37°11.5′N,140°54.3′E,7 km,3.1,震度１,37.19166667,140.905
2011/11/4,21:48:55,福島県沖,37°15.5′N,141°08.0′E,34 km,3.9,震度２,37.25833333,141.1333333
2011/11/4,23:56:35,千葉県北東部,35°42.9′N,140°37.8′E,49 km,3.9,震度２,35.715,140.63
2011/11/5,0:30:16,千葉県北東部,35°42.8′N,140°37.1′E,46 km,3.5,震度２,35.71333333,140.6183333
2011/11/5,0:45:10,茨城県北部,36°46.9′N,140°33.0′E,8 km,4.2,震度３,36.78166667,140.55
2011/11/5,1:47:19,千葉県北東部,35°42.5′N,140°37.5′E,47 km,3.3,震度１,35.70833333,140.625
2011/11/5,2:54:50,秋田県沖,39°19.1′N,138°30.5′E,42 km,4.3,震度１,39.31833333,138.5083333
2011/11/5,3:29:15,岐阜県飛騨地方,36°02.4′N,137°29.7′E,9 km,2.5,震度１,36.04,137.495
2011/11/5,4:28:16,茨城県北部,36°53.3′N,140°39.4′E,9 km,3.2,震度１,36.88833333,140.6566667
2011/11/5,10:27:37,宮城県沖,38°33.5′N,141°41.9′E,54 km,2.7,震度１,38.55833333,141.6983333
2011/11/5,13:18:50,紀伊水道,33°44.1′N,134°55.3′E,41 km,3.8,震度２,33.735,134.9216667
2011/11/5,13:49:25,宮城県沖,38°19.7′N,141°33.6′E,57 km,3.6,震度１,38.32833333,141.56
2011/11/5,17:32:25,愛知県西部,35°15.2′N,137°22.7′E,48 km,2.8,震度１,35.25333333,137.3783333
2011/11/5,18:56:52,茨城県沖,36°19.5′N,140°58.7′E,41 km,3.9,震度２,36.325,140.9783333
2011/11/6,0:26:26,千葉県南東沖,35°04.6′N,140°14.7′E,14 km,3.4,震度２,35.07666667,140.245
2011/11/6,8:41:53,福島県沖,36°51.7′N,141°28.4′E,40 km,3.9,震度１,36.86166667,141.4733333
2011/11/6,8:43:43,宮城県沖,38°19.4′N,141°52.2′E,47 km,4.1,震度２,38.32333333,141.87
2011/11/6,11:40:54,鹿児島湾,31°13.0′N,130°43.8′E,4 km,2.6,震度１,31.21666667,130.73
2011/11/6,11:53:06,十勝地方南部,42°42.3′N,143°05.8′E,81 km,3.6,震度２,42.705,143.0966667
2011/11/6,12:30:37,福島県沖,37°24.5′N,141°19.0′E,35 km,3.7,震度１,37.40833333,141.3166667
2011/11/6,13:57:45,岐阜県美濃中西部,35°36.5′N,136°38.2′E,14 km,2.9,震度２,35.60833333,136.6366667
2011/11/6,17:40:32,岩手県沖,39°09.1′N,142°23.6′E,32 km,4.1,震度２,39.15166667,142.3933333
2011/11/6,17:42:14,岩手県沖,39°08.8′N,142°23.3′E,30 km,4,震度１,39.14666667,142.3883333
2011/11/6,18:56:09,奄美大島近海,28°18.6′N,129°24.7′E,0 km,2.7,震度１,28.31,129.4116667
2011/11/6,19:44:29,宮古島近海,24°44.8′N,125°17.7′E,55 km,3.7,震度１,24.74666667,125.295
2011/11/6,21:37:20,茨城県北部,36°40.7′N,140°37.5′E,6 km,2.4,震度１,36.67833333,140.625
2011/11/6,22:10:18,茨城県沖,36°20.0′N,141°00.0′E,42 km,3.2,震度１,36.33333333,141
2011/11/7,0:03:34,宮城県中部,38°19.0′N,140°41.8′E,11 km,2.8,震度１,38.31666667,140.6966667
2011/11/7,4:30:34,宮城県中部,38°18.9′N,140°41.7′E,12 km,2.8,震度１,38.315,140.695
2011/11/7,5:51:05,宮城県沖,38°20.5′N,141°45.7′E,50 km,3.3,震度１,38.34166667,141.7616667
2011/11/7,10:46:36,択捉島南東沖,45°13.6′N,149°20.2′E,154 km,4.7,震度１,45.22666667,149.3366667
2011/11/7,12:02:56,茨城県北部,36°40.6′N,140°36.6′E,7 km,2.9,震度１,36.67666667,140.61
2011/11/7,13:47:12,福島県浜通り,37°11.5′N,140°54.2′E,7 km,2.8,震度１,37.19166667,140.9033333
2011/11/7,18:51:21,宮城県中部,38°19.0′N,140°41.5′E,12 km,2.7,震度２,38.31666667,140.6916667
2011/11/7,19:06:25,和歌山県北部,34°12.6′N,135°18.7′E,7 km,3.3,震度２,34.21,135.3116667
2011/11/7,19:14:29,留萌地方中北部,44°46.6′N,141°58.5′E,17 km,2.8,震度１,44.77666667,141.975
2011/11/7,23:42:00,群馬県北部,36°53.9′N,139°22.8′E,3 km,4.5,震度３,36.89833333,139.38
2011/11/8,1:42:11,群馬県北部,36°54.1′N,139°23.2′E,4 km,2.1,震度１,36.90166667,139.3866667
2011/11/8,3:30:38,福島県中通り,37°03.7′N,140°34.5′E,6 km,3.8,震度３,37.06166667,140.575
2011/11/8,4:05:48,福島県中通り,37°03.7′N,140°34.6′E,7 km,2.9,震度２,37.06166667,140.5766667
2011/11/8,7:13:19,宮城県沖,38°09.9′N,141°41.0′E,51 km,3.7,震度１,38.165,141.6833333
2011/11/8,8:17:23,長野県中部,36°09.1′N,137°35.1′E,2 km,2.8,震度２,36.15166667,137.585
2011/11/8,9:54:25,長野県中部,36°09.1′N,137°35.1′E,3 km,3,震度２,36.15166667,137.585
2011/11/8,10:37:27,沖縄本島近海,26°37.8′N,127°46.3′E,44 km,3.9,震度２,26.63,127.7716667
2011/11/8,10:56:36,福島県沖,37°01.2′N,141°10.8′E,23 km,4.1,震度２,37.02,141.18
2011/11/8,11:59:07,沖縄本島北西沖,27°17.8′N,125°44.3′E,217 km,7,震度４,27.29666667,125.7383333
2011/11/8,13:11:21,鹿児島湾,31°12.9′N,130°43.8′E,4 km,2.8,震度１,31.215,130.73
2011/11/8,17:34:59,三陸沖,38°00.0′N,143°46.9′E,29 km,4.7,震度１,38,143.7816667
2011/11/8,22:52:49,宮城県沖,38°18.8′N,142°11.5′E,37 km,4,震度２,38.31333333,142.1916667
2011/11/9,1:01:30,宮城県沖,38°09.8′N,141°45.0′E,56 km,3.6,震度１,38.16333333,141.75
2011/11/9,1:56:12,和歌山県北部,34°12.9′N,135°19.0′E,6 km,2.5,震度１,34.215,135.3166667
2011/11/9,4:21:07,茨城県沖,36°26.3′N,140°37.6′E,53 km,3.6,震度１,36.43833333,140.6266667
2011/11/9,6:16:38,岩手県沿岸南部,39°03.7′N,141°47.3′E,60 km,3.7,震度２,39.06166667,141.7883333
2011/11/9,7:45:02,福島県沖,37°31.4′N,142°43.1′E,36 km,4.5,震度１,37.52333333,142.7183333
2011/11/9,10:10:39,茨城県沖,36°11.2′N,140°55.9′E,40 km,3.3,震度１,36.18666667,140.9316667
2011/11/9,10:19:20,茨城県北部,36°41.6′N,140°36.5′E,6 km,3.3,震度２,36.69333333,140.6083333
2011/11/9,11:39:02,静岡県伊豆地方,34°58.1′N,139°07.4′E,5 km,2.3,震度１,34.96833333,139.1233333
2011/11/9,12:05:10,福島県浜通り,37°02.6′N,140°39.3′E,10 km,3.7,震度２,37.04333333,140.655
2011/11/9,14:06:20,茨城県北部,36°52.9′N,140°39.1′E,8 km,3.4,震度１,36.88166667,140.6516667
2011/11/9,14:24:36,茨城県沖,36°14.8′N,140°51.3′E,38 km,4.2,震度３,36.24666667,140.855
2011/11/9,14:59:25,愛媛県南予,33°29.6′N,132°21.1′E,45 km,3.5,震度１,33.49333333,132.3516667
2011/11/9,15:12:49,相模湾,35°16.8′N,139°24.3′E,108 km,3.7,震度１,35.28,139.405
2011/11/9,19:43:27,根室半島南東沖,43°01.2′N,146°54.6′E,57 km,4.2,震度１,43.02,146.91
2011/11/9,22:33:54,宮城県沖,38°26.8′N,142°12.4′E,29 km,4,震度１,38.44666667,142.2066667
2011/11/10,1:05:04,宮城県沖,38°19.4′N,142°07.0′E,38 km,4.1,震度２,38.32333333,142.1166667
2011/11/10,3:00:58,秋田県内陸南部,39°34.8′N,140°26.7′E,7 km,2.7,震度１,39.58,140.445
2011/11/10,3:53:44,宮城県沖,37°52.4′N,141°43.5′E,56 km,3.9,震度１,37.87333333,141.725
2011/11/10,5:38:57,宮城県沖,38°09.0′N,141°42.6′E,53 km,3.8,震度２,38.15,141.71
2011/11/10,7:43:12,秋田県内陸南部,39°34.8′N,140°26.5′E,7 km,4.1,震度４,39.58,140.4416667
2011/11/10,9:04:01,福島県浜通り,37°07.1′N,140°50.4′E,7 km,3.3,震度２,37.11833333,140.84
2011/11/10,17:04:22,宮城県沖,38°28.8′N,141°59.0′E,56 km,3.8,震度１,38.48,141.9833333
2011/11/10,18:55:59,愛知県西部,35°11.5′N,136°44.9′E,14 km,3.9,震度３,35.19166667,136.7483333
2011/11/10,20:40:27,福島県沖,37°17.7′N,141°09.2′E,28 km,2.9,震度１,37.295,141.1533333
2011/11/11,4:19:46,駿河湾,34°51.5′N,138°24.7′E,20 km,3,震度１,34.85833333,138.4116667
2011/11/11,9:10:15,五島列島近海,32°33.5′N,128°36.6′E,13 km,2.9,震度１,32.55833333,128.61
2011/11/11,10:30:23,長野県南部,35°52.4′N,138°06.6′E,6 km,2.2,震度１,35.87333333,138.11
2011/11/11,15:27:28,日向灘,32°07.6′N,131°51.3′E,34 km,3.5,震度１,32.12666667,131.855
2011/11/11,16:52:11,宮城県沖,38°55.0′N,141°56.0′E,51 km,3.9,震度２,38.91666667,141.9333333
2011/11/11,18:12:02,福島県中通り,37°04.9′N,140°33.6′E,7 km,2.1,震度１,37.08166667,140.56
2011/11/11,20:34:42,トカラ列島近海,29°36.7′N,129°50.7′E,13 km,4.3,震度２,29.61166667,129.845
2011/11/11,21:06:58,宮城県沖,38°27.7′N,142°18.2′E,36 km,3.7,震度１,38.46166667,142.3033333
2011/11/11,21:44:06,三陸沖,39°39.3′N,143°41.6′E,23 km,4.9,震度１,39.655,143.6933333
2011/11/12,0:23:51,茨城県北部,36°48.1′N,140°33.8′E,6 km,3.4,震度２,36.80166667,140.5633333
2011/11/12,1:06:12,三陸沖,39°42.8′N,143°40.1′E,27 km,4.8,震度１,39.71333333,143.6683333
2011/11/12,2:09:46,トカラ列島近海,29°42.9′N,129°59.0′E,91 km,4,震度２,29.715,129.9833333
2011/11/12,2:24:20,宮城県沖,38°51.3′N,142°03.0′E,46 km,4,震度２,38.855,142.05
2011/11/12,7:59:08,長野県南部,35°51.0′N,137°39.1′E,8 km,2.1,震度１,35.85,137.6516667
2011/11/12,14:10:05,福島県沖,37°08.3′N,141°10.8′E,32 km,3.1,震度１,37.13833333,141.18
2011/11/12,17:08:17,福島県沖,37°00.5′N,141°11.0′E,30 km,3.4,震度１,37.00833333,141.1833333
2011/11/12,17:14:38,鹿児島県薩摩地方,31°58.4′N,130°25.5′E,9 km,3.4,震度２,31.97333333,130.425
2011/11/12,19:09:42,静岡県東部,35°13.3′N,138°54.5′E,7 km,3,震度１,35.22166667,138.9083333
2011/11/12,19:53:12,豊後水道,33°11.1′N,132°19.8′E,38 km,2.8,震度１,33.185,132.33
2011/11/13,0:09:16,鹿児島県薩摩地方,31°58.5′N,130°25.5′E,8 km,2.5,震度１,31.975,130.425
2011/11/13,0:28:57,福島県会津,37°41.2′N,139°55.6′E,8 km,3.3,震度３,37.68666667,139.9266667
2011/11/13,0:32:19,福島県会津,37°41.1′N,139°55.6′E,9 km,2.8,震度２,37.685,139.9266667
2011/11/13,2:07:23,福島県会津,37°41.3′N,139°55.5′E,9 km,2.6,震度２,37.68833333,139.925
2011/11/13,4:12:49,福島県会津,37°41.0′N,139°55.5′E,9 km,2.5,震度２,37.68333333,139.925
2011/11/13,13:37:30,薩摩半島西方沖,31°37.1′N,129°36.7′E,5 km,2.7,震度１,31.61833333,129.6116667
2011/11/13,15:10:56,広島県北部,35°01.6′N,132°54.7′E,6 km,2.2,震度１,35.02666667,132.9116667
2011/11/13,16:42:13,秋田県内陸南部,39°33.1′N,140°23.9′E,4 km,2,震度２,39.55166667,140.3983333
2011/11/13,17:01:08,福島県沖,36°56.2′N,141°12.6′E,55 km,3.7,震度１,36.93666667,141.21
2011/11/13,18:05:16,福島県沖,37°11.3′N,141°22.2′E,49 km,4,震度３,37.18833333,141.37
2011/11/13,19:14:25,国後島付近,43°32.9′N,145°48.4′E,77 km,3.6,震度１,43.54833333,145.8066667
2011/11/13,20:27:00,和歌山県北部,34°02.7′N,135°16.4′E,6 km,2.9,震度２,34.045,135.2733333
2011/11/13,21:27:27,千葉県北西部,35°41.2′N,140°06.8′E,65 km,3.2,震度１,35.68666667,140.1133333
2011/11/13,22:31:02,宮城県沖,38°50.7′N,142°03.4′E,46 km,3.6,震度２,38.845,142.0566667
2011/11/14,4:40:36,千葉県南部,35°04.9′N,139°58.3′E,71 km,4.1,震度２,35.08166667,139.9716667
2011/11/14,9:25:19,熊本県熊本地方,32°54.3′N,130°50.8′E,9 km,3.1,震度３,32.905,130.8466667
2011/11/14,14:25:06,茨城県沖,36°13.7′N,141°03.2′E,36 km,3.6,震度１,36.22833333,141.0533333
2011/11/14,15:53:00,島根県西部,35°05.0′N,132°29.5′E,11 km,3.3,震度２,35.08333333,132.4916667
2011/11/14,17:31:33,茨城県沖,36°13.5′N,141°02.9′E,38 km,3.5,震度１,36.225,141.0483333
2011/11/14,22:23:25,福島県浜通り,37°03.2′N,140°44.8′E,10 km,3,震度１,37.05333333,140.7466667
2011/11/15,1:06:14,大阪府北部,34°56.8′N,135°30.0′E,13 km,2.8,震度１,34.94666667,135.5
2011/11/15,2:30:39,茨城県北部,36°40.7′N,140°36.5′E,10 km,2.5,震度１,36.67833333,140.6083333
2011/11/15,4:02:24,茨城県北部,36°48.7′N,140°33.9′E,8 km,3.7,震度１,36.81166667,140.565
2011/11/15,22:14:51,熊本県熊本地方,32°32.3′N,130°46.1′E,7 km,2.1,震度１,32.53833333,130.7683333
2011/11/15,22:46:04,福島県中通り,36°57.6′N,140°34.5′E,8 km,3.4,震度１,36.96,140.575
2011/11/15,23:06:19,宮城県沖,38°35.7′N,142°09.3′E,55 km,3.7,震度１,38.595,142.155
2011/11/15,23:10:29,宮城県沖,38°50.1′N,142°26.4′E,34 km,3.9,震度１,38.835,142.44
2011/11/16,1:53:22,宮城県沖,38°59.1′N,141°56.3′E,51 km,3.6,震度１,38.985,141.9383333
2011/11/16,2:24:58,福島県沖,37°17.3′N,141°39.4′E,30 km,4.3,震度１,37.28833333,141.6566667
2011/11/16,4:56:28,茨城県南部,36°12.4′N,139°59.4′E,53 km,3.4,震度１,36.20666667,139.99
2011/11/16,8:31:51,静岡県東部,35°18.9′N,138°43.6′E,13 km,2,震度１,35.315,138.7266667
2011/11/16,15:25:50,檜山地方,41°58.2′N,140°11.8′E,3 km,2.9,震度２,41.97,140.1966667
2011/11/16,16:28:26,茨城県沖,36°25.4′N,140°40.2′E,28 km,2.8,震度１,36.42333333,140.67
2011/11/16,17:13:08,大阪府北部,34°56.5′N,135°31.6′E,8 km,2.1,震度１,34.94166667,135.5266667
2011/11/16,17:34:01,宮城県沖,38°10.7′N,141°41.2′E,51 km,3.5,震度１,38.17833333,141.6866667
2011/11/16,20:07:24,茨城県沖,36°50.9′N,141°08.6′E,49 km,3.3,震度１,36.84833333,141.1433333
2011/11/17,1:14:05,岩手県沖,39°08.5′N,142°23.3′E,35 km,3.9,震度１,39.14166667,142.3883333
2011/11/17,1:19:20,宮城県沖,38°18.8′N,141°52.4′E,65 km,3.6,震度１,38.31333333,141.8733333
2011/11/17,2:36:26,長野県北部,36°57.8′N,138°27.8′E,7 km,2.4,震度１,36.96333333,138.4633333
2011/11/17,4:39:47,三陸沖,39°39.4′N,143°25.3′E,25 km,4.4,震度１,39.65666667,143.4216667
2011/11/17,6:16:10,紀伊水道,34°07.1′N,135°07.5′E,7 km,1.9,震度１,34.11833333,135.125
2011/11/17,7:08:32,根室半島南東沖,43°03.4′N,145°52.1′E,45 km,3.7,震度１,43.05666667,145.8683333
2011/11/17,12:22:09,宮城県沖,38°48.2′N,141°59.9′E,41 km,3.4,震度１,38.80333333,141.9983333
2011/11/17,16:49:16,宮城県沖,38°21.9′N,141°49.8′E,60 km,3.5,震度１,38.365,141.83
2011/11/17,17:34:32,宮城県沖,38°48.4′N,142°02.1′E,47 km,4.7,震度３,38.80666667,142.035
2011/11/17,18:43:00,茨城県沖,35°49.1′N,141°53.9′E,20 km,5.1,震度２,35.81833333,141.8983333
2011/11/17,18:45:34,茨城県沖,35°51.2′N,141°49.4′E,18 km,4.1,震度１,35.85333333,141.8233333
2011/11/17,19:09:47,福井県嶺北,35°56.0′N,136°20.2′E,8 km,3.7,震度３,35.93333333,136.3366667
2011/11/18,0:56:49,山形県置賜地方,37°46.7′N,140°01.0′E,9 km,2.8,震度１,37.77833333,140.0166667
2011/11/18,3:57:56,福井県嶺北,35°56.0′N,136°20.2′E,7 km,4.8,震度４,35.93333333,136.3366667
2011/11/18,4:50:40,福井県嶺北,35°55.9′N,136°20.1′E,8 km,2.9,震度２,35.93166667,136.335
2011/11/18,5:00:28,福井県嶺北,35°56.1′N,136°20.4′E,8 km,2.9,震度１,35.935,136.34
2011/11/18,5:13:03,茨城県北部,36°42.5′N,140°34.8′E,9 km,3,震度１,36.70833333,140.58
2011/11/18,7:00:47,宮城県沖,38°22.0′N,142°16.2′E,25 km,3.8,震度１,38.36666667,142.27
2011/11/18,7:52:16,紀伊水道,33°49.7′N,134°58.6′E,13 km,3.1,震度１,33.82833333,134.9766667
2011/11/18,10:19:10,秋田県内陸南部,39°37.2′N,140°38.0′E,5 km,2.7,震度１,39.62,140.6333333
2011/11/18,16:48:53,長野県北部,36°29.7′N,137°55.1′E,9 km,2.3,震度２,36.495,137.9183333
2011/11/18,22:54:55,三陸沖,39°36.0′N,143°23.7′E,25 km,4.7,震度１,39.6,143.395
2011/11/18,23:41:19,千葉県東方沖,35°42.7′N,140°55.7′E,15 km,4,震度２,35.71166667,140.9283333
2011/11/19,2:39:39,釧路沖,42°41.1′N,145°03.0′E,40 km,3.6,震度１,42.685,145.05
2011/11/19,6:29:35,福島県沖,36°52.2′N,141°16.0′E,55 km,3.9,震度２,36.87,141.2666667
2011/11/19,7:53:51,長野県中部,36°20.8′N,138°00.2′E,3 km,2.9,震度２,36.34666667,138.0033333
2011/11/19,14:46:16,千葉県東方沖,35°30.6′N,140°30.7′E,28 km,3.1,震度２,35.51,140.5116667
2011/11/19,16:17:01,岩手県沖,39°06.8′N,142°07.0′E,45 km,3.6,震度１,39.11333333,142.1166667
2011/11/19,17:52:19,福島県沖,37°26.0′N,141°55.3′E,36 km,4.3,震度１,37.43333333,141.9216667
2011/11/19,19:06:57,福島県中通り,37°00.4′N,140°32.4′E,6 km,4.2,震度３,37.00666667,140.54
2011/11/19,21:03:56,熊本県熊本地方,32°52.2′N,130°44.5′E,9 km,2.7,震度２,32.87,130.7416667
2011/11/19,21:35:28,福島県浜通り,36°55.6′N,140°45.1′E,14 km,2.9,震度１,36.92666667,140.7516667
2011/11/19,22:06:16,岩手県沖,39°04.6′N,142°11.4′E,44 km,4.3,震度２,39.07666667,142.19
2011/11/19,22:38:47,茨城県沖,36°40.8′N,140°50.2′E,30 km,3.6,震度２,36.68,140.8366667
2011/11/20,2:36:55,福島県沖,37°46.1′N,141°46.4′E,48 km,4.6,震度３,37.76833333,141.7733333
2011/11/20,4:27:39,千葉県東方沖,35°31.5′N,140°56.6′E,43 km,4.8,震度２,35.525,140.9433333
2011/11/20,4:42:10,千葉県東方沖,35°31.3′N,140°56.9′E,43 km,3.7,震度１,35.52166667,140.9483333
2011/11/20,5:18:46,千葉県東方沖,35°30.9′N,140°56.0′E,41 km,3.7,震度１,35.515,140.9333333
2011/11/20,6:00:35,福島県会津,37°40.6′N,139°55.4′E,9 km,3.1,震度３,37.67666667,139.9233333
2011/11/20,6:29:56,福島県会津,37°40.5′N,139°55.4′E,9 km,2.4,震度１,37.675,139.9233333
2011/11/20,6:34:42,福島県会津,37°44.7′N,139°59.1′E,8 km,3.1,震度１,37.745,139.985
2011/11/20,6:59:12,奈良県,34°12.1′N,135°42.0′E,62 km,3.1,震度１,34.20166667,135.7
2011/11/20,7:05:57,千島列島,46°25.1′N,151°56.2′E,30 km,5.5,震度１,46.41833333,151.9366667
2011/11/20,7:42:59,福島県沖,37°09.8′N,141°26.8′E,18 km,4.3,震度１,37.16333333,141.4466667
2011/11/20,8:47:51,宮城県沖,38°26.3′N,142°12.1′E,37 km,4.1,震度２,38.43833333,142.2016667
2011/11/20,9:28:30,福島県沖,36°58.0′N,141°10.0′E,53 km,3.7,震度１,36.96666667,141.1666667
2011/11/20,10:09:29,茨城県北部,36°42.5′N,140°35.5′E,8 km,3.1,震度２,36.70833333,140.5916667
2011/11/20,10:23:41,茨城県北部,36°42.6′N,140°35.2′E,9 km,5.3,震度５強,36.71,140.5866667
2011/11/20,10:26:00,茨城県北部,36°43.2′N,140°37.3′E,4 km,4.8,震度３,36.72,140.6216667
2011/11/20,10:27:58,茨城県北部,36°42.3′N,140°35.8′E,8 km,3.1,震度１,36.705,140.5966667
2011/11/20,10:39:20,茨城県北部,36°41.3′N,140°37.5′E,6 km,2.8,震度１,36.68833333,140.625
2011/11/20,10:56:46,福島県中通り,37°03.5′N,140°34.6′E,6 km,2.6,震度１,37.05833333,140.5766667
2011/11/20,11:11:07,茨城県南部,36°02.3′N,139°56.0′E,43 km,3.1,震度１,36.03833333,139.9333333
2011/11/20,11:13:23,岩手県沖,39°42.7′N,142°07.5′E,48 km,4.2,震度２,39.71166667,142.125
2011/11/20,11:13:35,宮崎県南部山沿い,32°02.7′N,130°59.2′E,11 km,2.3,震度１,32.045,130.9866667
2011/11/20,11:42:18,茨城県北部,36°40.6′N,140°37.8′E,6 km,3.3,震度２,36.67666667,140.63
2011/11/20,11:48:11,茨城県北部,36°41.8′N,140°37.2′E,6 km,2.9,震度１,36.69666667,140.62
2011/11/20,14:40:40,茨城県北部,36°41.4′N,140°38.0′E,8 km,2.2,震度１,36.69,140.6333333
2011/11/20,18:38:33,茨城県北部,36°40.7′N,140°40.2′E,7 km,2.5,震度１,36.67833333,140.67
2011/11/20,20:19:52,茨城県北部,36°41.5′N,140°38.5′E,8 km,2.7,震度１,36.69166667,140.6416667
2011/11/20,21:23:42,岩手県沖,39°42.6′N,142°07.0′E,47 km,3.4,震度１,39.71,142.1166667
2011/11/20,21:30:45,福島県沖,37°33.1′N,141°29.3′E,48 km,3.7,震度１,37.55166667,141.4883333
2011/11/20,22:49:09,福島県沖,37°18.3′N,141°04.5′E,25 km,3.4,震度１,37.305,141.075
2011/11/20,23:11:04,宮城県沖,38°16.2′N,142°05.1′E,38 km,3.9,震度２,38.27,142.085
2011/11/20,23:35:50,宮城県沖,38°53.0′N,141°58.8′E,49 km,3.3,震度１,38.88333333,141.98
2011/11/21,3:18:24,岩手県内陸北部,40°20.9′N,141°33.0′E,84 km,2.6,震度１,40.34833333,141.55
2011/11/21,6:30:39,茨城県北部,36°41.8′N,140°37.0′E,7 km,3,震度２,36.69666667,140.6166667
2011/11/21,7:54:26,茨城県北部,36°43.0′N,140°37.4′E,7 km,2.6,震度１,36.71666667,140.6233333
2011/11/21,11:18:57,福島県会津,37°44.9′N,139°58.8′E,8 km,3,震度１,37.74833333,139.98
2011/11/21,18:48:25,宮城県沖,37°48.5′N,142°09.3′E,37 km,4.4,震度２,37.80833333,142.155
2011/11/21,19:08:09,茨城県北部,36°41.5′N,140°38.0′E,8 km,2.9,震度１,36.69166667,140.6333333
2011/11/21,19:16:30,広島県北部,34°52.3′N,132°53.6′E,12 km,5.4,震度５弱,34.87166667,132.8933333
2011/11/21,19:19:57,広島県北部,34°52.1′N,132°53.7′E,12 km,3.1,震度１,34.86833333,132.895
2011/11/21,19:31:34,広島県北部,34°52.2′N,132°53.8′E,12 km,3.3,震度１,34.87,132.8966667
2011/11/22,0:10:22,福島県沖,37°26.4′N,141°18.7′E,33 km,3.3,震度１,37.44,141.3116667
2011/11/22,2:23:03,茨城県北部,36°41.2′N,140°37.8′E,7 km,2.5,震度１,36.68666667,140.63
2011/11/22,2:38:52,福井県嶺北,35°55.8′N,136°20.4′E,8 km,3.6,震度２,35.93,136.34
2011/11/22,2:41:00,広島県北部,34°52.1′N,132°53.8′E,12 km,3.2,震度１,34.86833333,132.8966667
2011/11/22,3:00:10,福島県沖,36°59.6′N,141°10.9′E,32 km,3.5,震度１,36.99333333,141.1816667
2011/11/22,6:33:48,広島県北部,34°52.5′N,132°53.4′E,11 km,3.2,震度２,34.875,132.89
2011/11/22,11:35:39,宮城県沖,38°28.7′N,142°03.6′E,44 km,4.2,震度２,38.47833333,142.06
2011/11/22,12:04:38,宮城県沖,38°32.8′N,141°43.1′E,53 km,3.1,震度１,38.54666667,141.7183333
2011/11/22,15:54:18,岩手県沖,40°19.5′N,142°19.1′E,38 km,3.9,震度１,40.325,142.3183333
2011/11/22,17:45:15,山形県置賜地方,37°46.6′N,140°00.3′E,8 km,2.7,震度１,37.77666667,140.005
2011/11/22,17:46:39,山形県置賜地方,37°48.4′N,140°00.3′E,8 km,2.6,震度１,37.80666667,140.005
2011/11/23,3:40:49,茨城県沖,36°29.1′N,141°03.8′E,24 km,3.7,震度１,36.485,141.0633333
2011/11/23,3:54:26,東京湾,35°37.8′N,140°00.1′E,68 km,3,震度１,35.63,140.0016667
2011/11/23,5:07:29,広島県北部,34°52.4′N,132°53.9′E,14 km,3.1,震度１,34.87333333,132.8983333
2011/11/23,10:02:13,長野県中部,36°04.5′N,138°01.8′E,9 km,2.3,震度１,36.075,138.03
2011/11/23,11:54:23,岩手県沖,39°05.3′N,142°25.8′E,29 km,3.8,震度１,39.08833333,142.43
2011/11/23,12:38:00,千葉県東方沖,35°19.6′N,141°12.1′E,36 km,4.6,震度１,35.32666667,141.2016667
2011/11/23,14:03:45,福島県会津,37°44.8′N,139°59.5′E,7 km,2.8,震度１,37.74666667,139.9916667
2011/11/23,14:33:34,千葉県東方沖,35°49.3′N,140°53.2′E,14 km,4.1,震度１,35.82166667,140.8866667
2011/11/23,15:22:48,東京湾,35°15.0′N,139°45.4′E,95 km,3.7,震度２,35.25,139.7566667
2011/11/23,17:55:25,茨城県沖,36°43.8′N,141°00.9′E,22 km,3.4,震度１,36.73,141.015
2011/11/23,18:47:26,茨城県沖,36°47.9′N,141°17.1′E,28 km,3.6,震度１,36.79833333,141.285
2011/11/23,19:07:01,岩手県内陸南部,39°07.9′N,141°20.0′E,116 km,3.5,震度１,39.13166667,141.3333333
2011/11/23,22:32:38,宮城県沖,38°48.8′N,141°36.6′E,69 km,3.3,震度１,38.81333333,141.61
2011/11/23,23:53:55,日向灘,32°05.2′N,131°58.9′E,33 km,3.6,震度１,32.08666667,131.9816667
2011/11/24,1:05:47,広島県北部,34°52.2′N,132°53.6′E,11 km,3.1,震度２,34.87,132.8933333
2011/11/24,1:08:43,茨城県沖,36°43.8′N,141°01.5′E,21 km,3.3,震度１,36.73,141.025
2011/11/24,4:24:30,福島県沖,37°19.8′N,141°36.7′E,45 km,6.1,震度４,37.33,141.6116667
2011/11/24,4:29:14,広島県北部,34°51.8′N,132°54.0′E,11 km,2.7,震度１,34.86333333,132.9
2011/11/24,5:48:21,熊本県熊本地方,32°55.5′N,130°50.6′E,11 km,2.6,震度２,32.925,130.8433333
2011/11/24,8:16:20,鹿児島県大隅地方,31°41.3′N,130°58.0′E,93 km,3.5,震度１,31.68833333,130.9666667
2011/11/24,10:16:07,茨城県南部,35°55.2′N,140°26.2′E,53 km,3.5,震度１,35.92,140.4366667
2011/11/24,11:06:55,父島近海,26°29.6′N,142°37.1′E,22 km,4.8,震度２,26.49333333,142.6183333
2011/11/24,11:26:38,群馬県南部,36°15.5′N,139°34.9′E,118 km,3.7,震度１,36.25833333,139.5816667
2011/11/24,15:39:44,茨城県沖,36°43.1′N,141°05.7′E,21 km,3.2,震度１,36.71833333,141.095
2011/11/24,16:59:43,福島県沖,37°26.4′N,141°30.0′E,45 km,3.6,震度２,37.44,141.5
2011/11/24,19:25:34,浦河沖,41°45.0′N,142°53.2′E,43 km,6.2,震度５弱,41.75,142.8866667
2011/11/24,19:49:45,千葉県東方沖,35°45.3′N,140°55.2′E,11 km,3.5,震度１,35.755,140.92
2011/11/24,21:06:26,千葉県東方沖,35°50.9′N,140°56.7′E,18 km,4,震度１,35.84833333,140.945
2011/11/24,21:47:44,埼玉県南部,35°57.9′N,139°32.9′E,43 km,3.4,震度２,35.965,139.5483333
2011/11/24,22:13:51,青森県東方沖,41°29.1′N,142°37.4′E,34 km,3.7,震度１,41.485,142.6233333
2011/11/24,23:07:39,福島県沖,37°05.6′N,141°04.8′E,55 km,3,震度１,37.09333333,141.08
2011/11/24,23:46:27,福井県嶺北,35°56.0′N,136°20.4′E,7 km,2.4,震度１,35.93333333,136.34
2011/11/25,0:21:55,福島県浜通り,37°12.1′N,140°54.0′E,8 km,3.3,震度２,37.20166667,140.9
2011/11/25,2:39:28,福島県会津,37°40.6′N,139°55.4′E,9 km,3.1,震度３,37.67666667,139.9233333
2011/11/25,2:43:38,福島県会津,37°40.7′N,139°55.5′E,9 km,2.3,震度２,37.67833333,139.925
2011/11/25,4:35:27,広島県北部,34°52.2′N,132°53.6′E,12 km,4.7,震度４,34.87,132.8933333
2011/11/25,4:50:35,広島県北部,34°52.4′N,132°53.4′E,12 km,2.9,震度１,34.87333333,132.89
2011/11/25,4:52:24,広島県北部,34°52.1′N,132°53.7′E,13 km,4.3,震度３,34.86833333,132.895
2011/11/25,4:58:23,茨城県北部,36°42.4′N,140°37.9′E,7 km,2.8,震度１,36.70666667,140.6316667
2011/11/25,5:07:01,広島県北部,34°52.2′N,132°53.7′E,12 km,2.5,震度１,34.87,132.895
2011/11/25,5:14:07,静岡県東部,35°18.9′N,138°42.5′E,12 km,2.7,震度３,35.315,138.7083333
2011/11/25,8:21:33,岐阜県飛騨地方,36°16.2′N,137°35.4′E,3 km,2.4,震度１,36.27,137.59
2011/11/25,11:08:21,佐渡付近,37°44.4′N,138°16.8′E,24 km,3.7,震度１,37.74,138.28
2011/11/25,11:28:24,福島県浜通り,37°01.9′N,140°40.6′E,11 km,3.6,震度２,37.03166667,140.6766667
2011/11/25,12:43:08,広島県北部,34°52.4′N,132°53.4′E,12 km,2.8,震度１,34.87333333,132.89
2011/11/25,15:35:51,長野県北部,36°58.2′N,138°32.0′E,10 km,2.5,震度１,36.97,138.5333333
2011/11/25,15:36:57,和歌山県北部,34°02.2′N,135°11.8′E,6 km,2.2,震度１,34.03666667,135.1966667
2011/11/25,19:40:07,千葉県南部,35°04.2′N,139°58.0′E,67 km,3.2,震度１,35.07,139.9666667
2011/11/25,19:56:47,岩手県沖,39°42.3′N,142°07.6′E,47 km,3.3,震度１,39.705,142.1266667
2011/11/25,21:38:53,茨城県沖,36°29.2′N,140°41.5′E,15 km,3.7,震度３,36.48666667,140.6916667
2011/11/25,22:16:16,宮城県沖,38°42.2′N,141°47.4′E,53 km,3.2,震度２,38.70333333,141.79
2011/11/25,23:46:18,秋田県内陸南部,39°29.0′N,140°26.7′E,10 km,2.3,震度１,39.48333333,140.445
2011/11/26,0:41:13,岐阜県飛騨地方,36°16.1′N,137°35.3′E,3 km,2.4,震度１,36.26833333,137.5883333
2011/11/26,1:45:29,広島県北部,34°52.1′N,132°53.6′E,13 km,3,震度１,34.86833333,132.8933333
2011/11/26,3:55:49,千葉県東方沖,35°22.5′N,140°29.0′E,27 km,3.4,震度２,35.375,140.4833333
2011/11/26,9:05:46,佐渡付近,37°44.3′N,138°16.9′E,24 km,4.3,震度３,37.73833333,138.2816667
2011/11/26,9:16:36,福島県会津,37°41.2′N,139°58.6′E,9 km,3.7,震度３,37.68666667,139.9766667
2011/11/26,9:20:27,福島県浜通り,37°07.7′N,140°42.1′E,8 km,2.6,震度１,37.12833333,140.7016667
2011/11/26,10:43:21,宮城県沖,38°50.7′N,142°06.7′E,44 km,4.5,震度３,38.845,142.1116667
2011/11/26,13:27:44,茨城県沖,36°23.8′N,140°59.1′E,39 km,3,震度１,36.39666667,140.985
2011/11/26,15:01:05,茨城県沖,36°07.2′N,141°00.1′E,43 km,3.1,震度１,36.12,141.0016667
2011/11/26,20:06:32,千葉県南部,35°04.3′N,139°58.5′E,67 km,3.5,震度１,35.07166667,139.975
2011/11/26,20:09:27,福島県沖,37°06.5′N,141°06.2′E,53 km,4,震度３,37.10833333,141.1033333
2011/11/26,20:44:47,福島県沖,37°07.2′N,141°18.1′E,58 km,3.5,震度２,37.12,141.3016667
2011/11/26,21:48:24,福島県浜通り,37°07.7′N,140°42.1′E,8 km,2.9,震度１,37.12833333,140.7016667
2011/11/26,22:58:55,山形県置賜地方,37°48.6′N,140°01.3′E,9 km,3.5,震度２,37.81,140.0216667
2011/11/26,23:34:34,岩手県沖,40°06.2′N,142°08.2′E,46 km,3.8,震度２,40.10333333,142.1366667
2011/11/27,2:03:15,福島県沖,37°22.5′N,141°08.9′E,24 km,3.5,震度１,37.375,141.1483333
2011/11/27,3:25:32,岩手県沖,39°06.0′N,142°24.0′E,33 km,3.7,震度１,39.1,142.4
2011/11/27,3:28:05,岩手県沖,39°05.8′N,142°24.2′E,32 km,3.6,震度１,39.09666667,142.4033333
2011/11/27,8:43:13,福島県浜通り,36°58.6′N,140°50.6′E,12 km,2.8,震度１,36.97666667,140.8433333
2011/11/27,9:11:29,福島県沖,37°10.3′N,141°11.1′E,21 km,3.6,震度１,37.17166667,141.185
2011/11/27,10:07:44,福島県沖,37°37.3′N,141°35.8′E,46 km,4.2,震度２,37.62166667,141.5966667
2011/11/27,11:26:03,千葉県東方沖,35°47.8′N,141°11.1′E,18 km,3.9,震度１,35.79666667,141.185
2011/11/27,13:06:06,茨城県沖,36°14.4′N,140°59.5′E,43 km,4,震度２,36.24,140.9916667
2011/11/28,0:18:52,福島県中通り,37°02.2′N,140°35.8′E,3 km,3.6,震度２,37.03666667,140.5966667
2011/11/28,0:55:32,トカラ列島近海,29°36.9′N,129°49.1′E,14 km,3.9,震度２,29.615,129.8183333
2011/11/28,1:44:01,福島県浜通り,37°00.9′N,140°41.1′E,10 km,2.8,震度１,37.015,140.685
2011/11/28,7:25:38,宮城県沖,38°38.4′N,141°54.4′E,48 km,3.8,震度２,38.64,141.9066667
2011/11/28,7:36:10,東京湾,35°38.7′N,140°02.8′E,68 km,2.8,震度１,35.645,140.0466667
2011/11/28,12:10:57,宮城県沖,38°18.1′N,141°54.4′E,46 km,3.8,震度１,38.30166667,141.9066667
2011/11/28,12:18:40,岩手県沖,39°42.4′N,142°07.8′E,47 km,3.3,震度１,39.70666667,142.13
2011/11/28,12:49:21,茨城県北部,36°42.0′N,140°42.9′E,46 km,3.5,震度２,36.7,140.715
2011/11/28,12:51:55,茨城県北部,36°39.5′N,140°31.3′E,7 km,3.1,震度２,36.65833333,140.5216667
2011/11/28,13:46:17,宮城県中部,38°18.9′N,140°42.0′E,12 km,2.1,震度１,38.315,140.7
2011/11/28,17:39:35,長野県南部,35°54.9′N,137°37.3′E,9 km,2.6,震度１,35.915,137.6216667
2011/11/28,23:33:08,茨城県沖,36°25.9′N,140°37.4′E,54 km,4.3,震度３,36.43166667,140.6233333
2011/11/28,23:47:38,茨城県北部,36°40.2′N,140°36.3′E,7 km,2.3,震度１,36.67,140.605
2011/11/29,2:50:03,岩手県沖,39°07.2′N,142°21.7′E,37 km,3.7,震度１,39.12,142.3616667
2011/11/29,3:53:32,宮城県沖,38°37.6′N,141°55.7′E,48 km,4.4,震度３,38.62666667,141.9283333
2011/11/29,8:02:37,福島県中通り,37°00.4′N,140°32.5′E,7 km,3.5,震度２,37.00666667,140.5416667
2011/11/29,8:08:54,岩手県沖,40°22.6′N,142°16.1′E,41 km,3.9,震度２,40.37666667,142.2683333
2011/11/29,8:33:12,宮城県沖,38°43.1′N,142°23.3′E,37 km,3.9,震度１,38.71833333,142.3883333
2011/11/29,11:12:21,福島県沖,37°00.1′N,141°12.5′E,53 km,3.7,震度２,37.00166667,141.2083333
2011/11/29,22:14:32,長野県北部,36°33.6′N,137°44.5′E,1 km,2.6,震度１,36.56,137.7416667
2011/11/30,0:31:53,北海道東方沖,43°24.1′N,147°01.5′E,54 km,4.4,震度１,43.40166667,147.025
2011/11/30,1:30:17,トカラ列島近海,29°05.7′N,129°31.9′E,22 km,3.4,震度１,29.095,129.5316667
2011/11/30,2:35:15,福島県浜通り,37°07.7′N,140°48.3′E,5 km,2.5,震度１,37.12833333,140.805
2011/11/30,9:40:15,福島県中通り,37°02.4′N,140°29.5′E,6 km,2.6,震度１,37.04,140.4916667
2011/11/30,12:08:17,福島県沖,37°41.2′N,141°42.1′E,49 km,4.2,震度１,37.68666667,141.7016667
2011/11/30,21:55:17,宮城県沖,38°25.3′N,141°59.8′E,63 km,4,震度３,38.42166667,141.9966667
2011/12/1,2:45:18,福島県沖,37°05.3′N,142°03.7′E,36 km,4.3,震度１,37.08833333,142.0616667
2011/12/1,5:01:24,福島県沖,36°54.8′N,141°05.3′E,51 km,3.4,震度１,36.91333333,141.0883333
2011/12/1,5:57:49,岩手県沖,39°11.6′N,142°24.7′E,29 km,3.5,震度１,39.19333333,142.4116667
2011/12/1,9:58:46,茨城県南部,35°59.2′N,140°08.2′E,59 km,3.5,震度１,35.98666667,140.1366667
2011/12/1,11:44:11,福島県沖,37°43.6′N,141°54.0′E,22 km,4.1,震度１,37.72666667,141.9
2011/12/1,13:47:20,岩手県沖,39°36.8′N,142°07.2′E,48 km,3.1,震度１,39.61333333,142.12
2011/12/1,20:20:31,国後島付近,44°27.9′N,146°15.7′E,147 km,4.7,震度２,44.465,146.2616667
2011/12/1,22:23:55,長野県北部,36°33.7′N,137°44.4′E,1 km,4.6,震度３,36.56166667,137.74
2011/12/2,0:41:11,長野県北部,36°33.5′N,137°45.0′E,1 km,3.2,震度２,36.55833333,137.75
2011/12/2,1:27:18,千葉県北東部,35°44.2′N,140°52.1′E,11 km,3.8,震度２,35.73666667,140.8683333
2011/12/2,3:45:12,栃木県南部,36°36.7′N,139°29.0′E,5 km,2.4,震度１,36.61166667,139.4833333
2011/12/2,5:17:35,千葉県東方沖,35°38.4′N,140°38.3′E,46 km,3,震度１,35.64,140.6383333
2011/12/2,6:36:30,福島県中通り,37°00.7′N,140°35.2′E,10 km,3,震度１,37.01166667,140.5866667
2011/12/2,9:50:29,宮城県沖,38°11.1′N,141°46.5′E,56 km,4.6,震度３,38.185,141.775
2011/12/2,10:29:17,静岡県東部,35°20.3′N,138°44.1′E,12 km,1.7,震度１,35.33833333,138.735
2011/12/2,13:02:37,岩手県沖,39°16.6′N,142°14.4′E,43 km,3.8,震度２,39.27666667,142.24
2011/12/2,13:19:41,有明海,33°03.1′N,130°19.5′E,12 km,2.7,震度１,33.05166667,130.325
2011/12/2,14:42:01,福島県浜通り,37°07.1′N,140°47.7′E,4 km,1.9,震度１,37.11833333,140.795
2011/12/2,16:22:26,日向灘,32°04.1′N,131°58.8′E,30 km,3.3,震度１,32.06833333,131.98
2011/12/2,16:39:27,岩手県沖,39°06.9′N,142°24.1′E,31 km,4,震度１,39.115,142.4016667
2011/12/2,17:16:23,茨城県沖,35°51.3′N,141°08.8′E,22 km,4.2,震度２,35.855,141.1466667
2011/12/2,17:58:46,宮城県沖,38°37.2′N,141°54.3′E,48 km,3.8,震度２,38.62,141.905
2011/12/2,19:40:29,宮城県沖,38°42.1′N,142°08.4′E,37 km,3.6,震度１,38.70166667,142.14
2011/12/2,20:08:14,新潟県中越地方,37°10.5′N,138°38.2′E,12 km,2.1,震度１,37.175,138.6366667
2011/12/2,21:58:30,岩手県沖,39°38.7′N,142°06.4′E,48 km,3.3,震度１,39.645,142.1066667
2011/12/3,0:51:47,茨城県北部,36°41.8′N,140°37.2′E,7 km,2.6,震度１,36.69666667,140.62
2011/12/3,5:55:29,千葉県北東部,35°21.1′N,140°19.3′E,22 km,5.2,震度４,35.35166667,140.3216667
2011/12/3,6:03:42,千葉県北東部,35°21.3′N,140°18.0′E,20 km,4.2,震度３,35.355,140.3
2011/12/3,6:40:57,千葉県南部,35°20.5′N,140°20.3′E,20 km,3.1,震度２,35.34166667,140.3383333
2011/12/3,8:16:57,茨城県沖,36°31.0′N,140°49.1′E,49 km,3,震度１,36.51666667,140.8183333
2011/12/3,13:16:38,宮城県沖,38°53.0′N,141°58.7′E,50 km,4.4,震度３,38.88333333,141.9783333
2011/12/3,13:37:38,長野県北部,36°33.7′N,137°44.0′E,1 km,2.8,震度１,36.56166667,137.7333333
2011/12/3,15:42:23,福島県沖,37°20.6′N,141°34.0′E,44 km,4.3,震度２,37.34333333,141.5666667
2011/12/3,18:25:52,千葉県北東部,35°21.8′N,140°19.3′E,21 km,2.1,震度１,35.36333333,140.3216667
2011/12/3,18:28:19,熊本県熊本地方,32°54.3′N,130°50.8′E,9 km,1.8,震度１,32.905,130.8466667
2011/12/3,18:55:44,千葉県東方沖,35°42.2′N,140°55.4′E,14 km,3.1,震度１,35.70333333,140.9233333
2011/12/3,22:29:26,滋賀県南部,35°09.5′N,135°55.5′E,10 km,2.7,震度１,35.15833333,135.925
2011/12/4,2:50:19,宮城県沖,38°24.3′N,142°10.2′E,35 km,3.8,震度１,38.405,142.17
2011/12/4,4:11:36,茨城県北部,36°45.7′N,140°34.1′E,9 km,3.9,震度２,36.76166667,140.5683333
2011/12/4,6:04:06,福島県沖,37°36.0′N,141°30.7′E,47 km,3.6,震度１,37.6,141.5116667
2011/12/4,11:05:32,福島県中通り,37°04.4′N,140°26.6′E,7 km,2.6,震度２,37.07333333,140.4433333
2011/12/4,12:19:01,福島県中通り,37°01.4′N,140°19.8′E,2 km,2.2,震度１,37.02333333,140.33
2011/12/4,19:30:34,宮城県沖,38°46.9′N,142°07.9′E,45 km,3.6,震度１,38.78166667,142.1316667
2011/12/4,22:13:48,茨城県北部,36°39.2′N,140°35.5′E,7 km,2.7,震度１,36.65333333,140.5916667
2011/12/5,1:02:38,豊後水道,33°17.3′N,132°09.4′E,50 km,4,震度３,33.28833333,132.1566667
2011/12/5,2:03:56,福島県沖,37°37.6′N,141°44.4′E,46 km,3.8,震度１,37.62666667,141.74
2011/12/5,3:44:59,宮城県沖,38°21.2′N,142°16.1′E,32 km,3.9,震度１,38.35333333,142.2683333
2011/12/5,4:20:05,宮城県沖,38°10.7′N,141°46.0′E,56 km,4.4,震度３,38.17833333,141.7666667
2011/12/5,6:40:24,神奈川県西部,35°26.3′N,139°12.9′E,20 km,3.4,震度２,35.43833333,139.215
2011/12/5,10:01:12,茨城県沖,36°14.7′N,141°58.3′E,48 km,5.2,震度２,36.245,141.9716667
2011/12/5,12:29:43,茨城県北部,36°41.8′N,140°36.2′E,7 km,2.9,震度１,36.69666667,140.6033333
2011/12/5,12:55:00,茨城県北部,36°28.8′N,140°27.7′E,77 km,3.9,震度２,36.48,140.4616667
2011/12/5,17:00:04,秋田県内陸北部,39°57.6′N,140°24.3′E,6 km,2.1,震度１,39.96,140.405
2011/12/5,17:26:42,秋田県内陸北部,39°57.6′N,140°24.2′E,6 km,3.1,震度２,39.96,140.4033333
2011/12/5,17:31:53,秋田県内陸北部,39°57.6′N,140°24.3′E,6 km,2,震度１,39.96,140.405
2011/12/5,18:07:00,薩摩半島西方沖,31°28.3′N,129°28.3′E,10 km,3.6,震度１,31.47166667,129.4716667
2011/12/5,20:43:33,沖縄本島近海,26°17.3′N,127°19.4′E,45 km,3.3,震度１,26.28833333,127.3233333
2011/12/5,22:38:36,宮城県沖,38°50.6′N,142°07.6′E,47 km,3.5,震度１,38.84333333,142.1266667
2011/12/6,0:07:43,千葉県東方沖,35°46.7′N,140°52.6′E,17 km,3.1,震度１,35.77833333,140.8766667
2011/12/6,0:39:40,トカラ列島近海,29°15.6′N,129°09.0′E,12 km,3.1,震度１,29.26,129.15
2011/12/6,1:27:56,広島県北部,34°53.6′N,133°01.5′E,9 km,2.6,震度１,34.89333333,133.025
2011/12/6,2:07:39,千葉県東方沖,35°46.7′N,140°52.3′E,18 km,3.2,震度１,35.77833333,140.8716667
2011/12/6,6:04:10,三陸沖,39°07.4′N,142°58.6′E,24 km,4.3,震度１,39.12333333,142.9766667
2011/12/6,6:50:15,北海道東方沖,43°23.9′N,146°54.5′E,39 km,4.5,震度２,43.39833333,146.9083333
2011/12/6,8:25:09,宮城県沖,38°10.6′N,141°46.0′E,56 km,3.8,震度２,38.17666667,141.7666667
2011/12/6,9:08:52,種子島近海,30°17.7′N,130°50.7′E,6 km,2.2,震度１,30.295,130.845
2011/12/6,10:24:58,秋田県内陸北部,39°57.8′N,140°24.3′E,6 km,2.2,震度１,39.96333333,140.405
2011/12/6,10:26:08,宮城県沖,38°01.5′N,141°51.6′E,46 km,4.4,震度２,38.025,141.86
2011/12/6,11:56:08,福島県会津,37°40.6′N,139°55.8′E,9 km,2.4,震度２,37.67666667,139.93
2011/12/6,12:16:37,福島県沖,37°36.5′N,142°05.9′E,31 km,4.2,震度２,37.60833333,142.0983333
2011/12/6,12:38:03,福島県会津,37°40.5′N,139°55.9′E,8 km,3.2,震度３,37.675,139.9316667
2011/12/6,12:49:20,西表島付近,24°08.6′N,123°40.9′E,45 km,3.7,震度１,24.14333333,123.6816667
2011/12/6,13:23:43,長野県中部,36°13.6′N,138°02.5′E,8 km,3.1,震度１,36.22666667,138.0416667
2011/12/6,15:31:27,福井県嶺北,35°56.0′N,136°20.6′E,9 km,2.6,震度１,35.93333333,136.3433333
2011/12/6,17:29:57,千葉県東方沖,35°39.0′N,140°50.7′E,19 km,3.2,震度１,35.65,140.845
2011/12/6,18:01:05,長野県北部,36°58.3′N,138°35.8′E,6 km,1.9,震度１,36.97166667,138.5966667
2011/12/6,19:18:07,新潟県中越地方,37°00.8′N,138°40.3′E,9 km,2.4,震度１,37.01333333,138.6716667
2011/12/6,19:32:44,茨城県北部,36°41.1′N,140°37.9′E,7 km,2.6,震度１,36.685,140.6316667
2011/12/6,21:13:00,福島県中通り,37°00.0′N,140°31.2′E,8 km,2.7,震度１,37,140.52
2011/12/6,22:36:33,茨城県沖,36°13.1′N,141°05.1′E,47 km,3.5,震度１,36.21833333,141.085
2011/12/7,1:00:04,茨城県北部,36°41.2′N,140°40.3′E,6 km,3,震度２,36.68666667,140.6716667
2011/12/7,5:52:50,宮城県沖,38°27.6′N,141°58.2′E,59 km,3.3,震度１,38.46,141.97
2011/12/7,8:33:42,宮城県沖,38°20.1′N,141°38.4′E,54 km,3.5,震度１,38.335,141.64
2011/12/7,11:46:03,千葉県東方沖,35°36.0′N,140°59.0′E,17 km,4.4,震度２,35.6,140.9833333
2011/12/7,16:48:49,福島県浜通り,37°16.5′N,140°54.5′E,4 km,2.7,震度１,37.275,140.9083333
2011/12/7,17:54:21,福島県浜通り,37°16.3′N,140°55.3′E,7 km,2.5,震度２,37.27166667,140.9216667
2011/12/8,1:12:31,能登半島沖,37°34.6′N,137°20.0′E,10 km,3.9,震度３,37.57666667,137.3333333
2011/12/8,4:26:54,宮城県沖,38°06.8′N,142°43.1′E,30 km,4.6,震度１,38.11333333,142.7183333
2011/12/8,5:43:11,千葉県南東沖,34°32.6′N,140°15.9′E,62 km,4.5,震度２,34.54333333,140.265
2011/12/8,7:01:28,福島県沖,37°15.7′N,141°30.7′E,28 km,3.9,震度１,37.26166667,141.5116667
2011/12/8,7:11:41,茨城県沖,36°18.0′N,141°04.0′E,49 km,4.7,震度２,36.3,141.0666667
2011/12/8,10:36:12,茨城県沖,36°20.7′N,141°00.9′E,46 km,3.3,震度１,36.345,141.015
2011/12/8,19:23:02,茨城県沖,36°42.7′N,140°58.2′E,31 km,3.2,震度１,36.71166667,140.97
2011/12/8,23:32:22,宮城県沖,38°06.6′N,141°43.8′E,52 km,3.9,震度１,38.11,141.73
2011/12/9,0:34:35,岩手県沖,40°08.8′N,142°28.7′E,34 km,4.2,震度２,40.14666667,142.4783333
2011/12/9,1:20:58,宮城県沖,37°59.4′N,141°29.2′E,62 km,3.6,震度１,37.99,141.4866667
2011/12/9,7:16:17,福島県沖,37°06.6′N,141°28.3′E,44 km,3.9,震度１,37.11,141.4716667
2011/12/9,7:17:25,宮城県沖,38°24.8′N,141°50.9′E,55 km,3.8,震度２,38.41333333,141.8483333
2011/12/9,12:57:14,宮城県沖,38°49.0′N,142°00.4′E,55 km,4,震度２,38.81666667,142.0066667
2011/12/9,15:54:52,岐阜県飛騨地方,36°07.1′N,137°18.1′E,12 km,3,震度２,36.11833333,137.3016667
2011/12/9,19:47:22,茨城県北部,36°42.4′N,140°35.8′E,6 km,3.1,震度１,36.70666667,140.5966667
2011/12/10,0:23:10,茨城県沖,36°38.4′N,140°56.2′E,50 km,4.1,震度３,36.64,140.9366667
2011/12/10,1:10:44,宮城県沖,38°32.0′N,141°51.4′E,49 km,2.8,震度１,38.53333333,141.8566667
2011/12/10,3:01:13,宮城県沖,38°27.3′N,142°15.1′E,27 km,4.1,震度１,38.455,142.2516667
2011/12/10,4:42:52,オホーツク海南部,46°45.6′N,144°53.4′E,431 km,5.7,震度３,46.76,144.89
2011/12/10,6:37:38,岩手県沖,39°23.7′N,142°03.0′E,43 km,3.2,震度１,39.395,142.05
2011/12/10,10:49:49,茨城県沖,36°06.5′N,141°06.7′E,34 km,3.3,震度１,36.10833333,141.1116667
2011/12/10,13:19:28,千葉県北西部,35°39.6′N,140°05.6′E,67 km,4.1,震度２,35.66,140.0933333
2011/12/10,15:08:16,宮城県沖,38°37.5′N,141°48.7′E,45 km,4.7,震度４,38.625,141.8116667
2011/12/10,16:50:30,宮城県沖,38°53.0′N,141°59.1′E,49 km,3.3,震度１,38.88333333,141.985
2011/12/10,23:15:05,岩手県沖,40°01.5′N,142°25.5′E,38 km,3.9,震度２,40.025,142.425
2011/12/11,0:50:51,茨城県北部,36°41.6′N,140°36.8′E,6 km,3.4,震度２,36.69333333,140.6133333
2011/12/11,2:33:43,埼玉県北部,36°01.1′N,139°23.6′E,51 km,2.8,震度１,36.01833333,139.3933333
2011/12/11,6:16:46,福島県中通り,37°00.0′N,140°31.3′E,7 km,3.2,震度１,37,140.5216667
2011/12/11,7:23:26,千葉県北東部,35°51.8′N,140°29.8′E,35 km,2.9,震度１,35.86333333,140.4966667
2011/12/11,10:22:44,奄美大島近海,28°07.8′N,129°32.6′E,29 km,5.5,震度４,28.13,129.5433333
2011/12/11,10:23:49,奄美大島近海,28°07.8′N,129°30.6′E,27 km,4.5,震度３,28.13,129.51
2011/12/11,10:25:06,奄美大島近海,28°07.4′N,129°32.0′E,26 km,3.6,震度１,28.12333333,129.5333333
2011/12/11,10:27:03,奄美大島近海,28°06.9′N,129°31.7′E,28 km,3.6,震度１,28.115,129.5283333
2011/12/11,10:30:50,奄美大島近海,28°07.8′N,129°31.6′E,28 km,3.5,震度１,28.13,129.5266667
2011/12/11,12:30:52,奄美大島近海,28°06.7′N,129°32.0′E,24 km,4.4,震度３,28.11166667,129.5333333
2011/12/11,13:09:18,奄美大島近海,28°07.8′N,129°31.9′E,28 km,3.9,震度２,28.13,129.5316667
2011/12/11,16:06:45,宮城県沖,38°22.2′N,141°53.7′E,65 km,3.9,震度２,38.37,141.895
2011/12/11,20:16:12,茨城県北部,36°27.8′N,140°35.3′E,62 km,3.9,震度３,36.46333333,140.5883333
2011/12/11,22:54:42,福島県沖,36°57.0′N,141°13.2′E,49 km,3.7,震度１,36.95,141.22
2011/12/12,2:43:08,奄美大島近海,28°05.8′N,129°32.3′E,27 km,3.3,震度１,28.09666667,129.5383333
2011/12/12,4:26:46,日高地方中部,42°16.4′N,142°35.1′E,6 km,2.4,震度１,42.27333333,142.585
2011/12/12,4:51:10,茨城県沖,36°12.6′N,140°55.9′E,38 km,4.6,震度３,36.21,140.9316667
2011/12/12,5:43:40,宮城県沖,38°33.3′N,141°41.5′E,54 km,2.7,震度１,38.555,141.6916667
2011/12/12,10:39:50,奄美大島近海,28°07.7′N,129°31.6′E,26 km,4,震度２,28.12833333,129.5266667
2011/12/12,10:43:54,奄美大島近海,28°08.1′N,129°31.9′E,27 km,3.4,震度１,28.135,129.5316667
2011/12/12,11:34:08,宮城県沖,38°14.5′N,142°11.9′E,39 km,4.3,震度１,38.24166667,142.1983333
2011/12/12,14:13:19,茨城県沖,35°55.8′N,140°49.6′E,18 km,4.6,震度３,35.93,140.8266667
2011/12/12,20:12:39,奄美大島近海,28°06.8′N,129°31.8′E,29 km,3.8,震度１,28.11333333,129.53
2011/12/12,20:23:16,有明海,33°03.2′N,130°19.4′E,12 km,2.9,震度１,33.05333333,130.3233333
2011/12/12,21:33:35,福島県中通り,37°02.2′N,140°34.6′E,8 km,3.2,震度２,37.03666667,140.5766667
2011/12/13,2:19:52,宮城県沖,38°32.6′N,141°43.1′E,54 km,3.3,震度２,38.54333333,141.7183333
2011/12/13,4:04:39,岩手県沿岸北部,39°45.4′N,141°50.5′E,58 km,3.8,震度２,39.75666667,141.8416667
2011/12/13,5:40:11,栃木県北部,36°38.9′N,139°21.1′E,8 km,2.8,震度１,36.64833333,139.3516667
2011/12/13,6:18:59,福島県会津,37°00.0′N,139°23.4′E,7 km,1.7,震度１,37,139.39
2011/12/13,6:37:55,新潟県上越地方,37°04.0′N,138°31.5′E,12 km,2,震度１,37.06666667,138.525
2011/12/13,6:41:04,福島県中通り,37°02.2′N,140°34.5′E,8 km,2.8,震度１,37.03666667,140.575
2011/12/13,9:57:09,三陸沖,37°52.3′N,143°35.6′E,49 km,4.6,震度１,37.87166667,143.5933333
2011/12/13,12:09:00,千葉県東方沖,35°36.3′N,140°59.3′E,17 km,3.4,震度１,35.605,140.9883333
2011/12/13,15:44:17,宮城県沖,38°28.8′N,142°08.6′E,47 km,3.7,震度１,38.48,142.1433333
2011/12/13,17:35:14,大分県中部,33°17.5′N,131°22.9′E,9 km,1.9,震度１,33.29166667,131.3816667
2011/12/13,17:36:34,大分県中部,33°17.4′N,131°22.9′E,10 km,1.9,震度１,33.29,131.3816667
2011/12/13,17:39:04,大分県中部,33°17.4′N,131°23.1′E,11 km,2.5,震度１,33.29,131.385
2011/12/13,19:33:29,福島県沖,37°15.9′N,141°19.4′E,58 km,3.7,震度１,37.265,141.3233333
2011/12/13,20:31:02,福島県浜通り,37°04.5′N,140°46.1′E,8 km,3.1,震度２,37.075,140.7683333
2011/12/13,23:23:22,千葉県東方沖,35°48.1′N,140°56.7′E,28 km,3.2,震度１,35.80166667,140.945
2011/12/14,2:49:24,宮城県沖,38°18.3′N,142°13.0′E,37 km,3.9,震度１,38.305,142.2166667
2011/12/14,3:05:52,宮城県沖,38°10.7′N,141°46.5′E,56 km,3.6,震度１,38.17833333,141.775
2011/12/14,7:21:25,愛媛県東予,33°56.7′N,133°35.4′E,45 km,3.1,震度１,33.945,133.59
2011/12/14,12:00:20,茨城県沖,35°56.8′N,141°05.2′E,32 km,3.2,震度１,35.94666667,141.0866667
2011/12/14,13:01:08,岐阜県美濃東部,35°21.3′N,137°14.6′E,49 km,5.1,震度４,35.355,137.2433333
2011/12/14,16:31:50,奄美大島近海,28°39.0′N,129°35.5′E,14 km,4.1,震度２,28.65,129.5916667
2011/12/14,17:37:25,宮城県沖,38°53.2′N,142°06.6′E,42 km,3.6,震度２,38.88666667,142.11
2011/12/14,20:49:38,福島県沖,37°06.2′N,141°06.3′E,36 km,3.4,震度１,37.10333333,141.105
2011/12/14,22:22:59,茨城県北部,36°38.2′N,140°35.6′E,7 km,2.3,震度１,36.63666667,140.5933333
2011/12/14,23:19:07,岐阜県美濃中西部,35°28.8′N,136°44.7′E,9 km,3,震度２,35.48,136.745
2011/12/15,1:03:33,福島県沖,36°53.3′N,141°09.8′E,49 km,3.6,震度１,36.88833333,141.1633333
2011/12/15,1:25:46,千葉県東方沖,35°47.6′N,140°55.0′E,12 km,3.3,震度１,35.79333333,140.9166667
2011/12/15,5:53:37,茨城県北部,36°40.5′N,140°37.6′E,7 km,3.4,震度１,36.675,140.6266667
2011/12/15,7:45:44,茨城県沖,35°56.1′N,140°55.1′E,26 km,4.2,震度３,35.935,140.9183333
2011/12/15,8:59:25,福島県沖,37°25.6′N,141°16.9′E,28 km,3.3,震度２,37.42666667,141.2816667
2011/12/15,11:49:22,三陸沖,38°02.6′N,143°22.8′E,45 km,4.8,震度１,38.04333333,143.38
2011/12/15,12:59:25,茨城県沖,36°36.8′N,140°52.8′E,20 km,3.8,震度２,36.61333333,140.88
2011/12/15,14:08:33,千葉県北西部,35°40.3′N,140°07.9′E,63 km,3.1,震度１,35.67166667,140.1316667
2011/12/16,5:00:31,紀伊水道,34°09.9′N,135°03.5′E,11 km,2.7,震度１,34.165,135.0583333
2011/12/16,13:03:38,茨城県北部,36°49.8′N,140°33.8′E,7 km,3.4,震度１,36.83,140.5633333
2011/12/16,14:27:27,宮城県沖,38°29.5′N,142°11.5′E,23 km,4.4,震度１,38.49166667,142.1916667
2011/12/16,15:12:02,茨城県南部,36°20.6′N,140°03.0′E,73 km,4.3,震度３,36.34333333,140.05
2011/12/16,16:18:19,奄美大島近海,28°07.8′N,129°31.2′E,27 km,3.6,震度１,28.13,129.52
2011/12/16,18:46:17,岩手県沖,39°06.3′N,142°12.2′E,43 km,3.7,震度２,39.105,142.2033333
2011/12/16,22:05:07,茨城県沖,36°36.3′N,141°00.0′E,47 km,3.4,震度２,36.605,141
2011/12/16,22:38:12,福島県沖,37°27.0′N,141°29.7′E,40 km,3.7,震度１,37.45,141.495
2011/12/17,1:16:20,福島県沖,37°26.1′N,141°47.1′E,43 km,3.6,震度１,37.435,141.785
2011/12/17,11:20:42,茨城県北部,36°38.2′N,140°35.6′E,7 km,2.9,震度２,36.63666667,140.5933333
2011/12/17,12:22:00,宮城県沖,38°41.7′N,142°15.7′E,39 km,4.2,震度１,38.695,142.2616667
2011/12/17,13:15:15,福島県中通り,37°01.6′N,140°19.6′E,4 km,1.9,震度１,37.02666667,140.3266667
2011/12/17,14:07:04,岩手県沖,39°44.7′N,142°12.7′E,25 km,3.7,震度１,39.745,142.2116667
2011/12/17,15:35:54,福島県沖,37°20.8′N,141°20.9′E,48 km,3.5,震度１,37.34666667,141.3483333
2011/12/17,15:52:25,長野県中部,36°24.1′N,137°59.0′E,10 km,2.4,震度１,36.40166667,137.9833333
2011/12/17,17:50:34,石川県能登地方,37°28.5′N,137°21.6′E,13 km,4.3,震度３,37.475,137.36
2011/12/17,17:55:53,福島県中通り,37°01.5′N,140°19.6′E,5 km,2.6,震度２,37.025,140.3266667
2011/12/17,18:15:20,宮城県沖,38°10.7′N,141°42.0′E,50 km,3.7,震度１,38.17833333,141.7
2011/12/17,18:48:46,石川県能登地方,37°28.4′N,137°21.4′E,13 km,3,震度１,37.47333333,137.3566667
2011/12/17,21:45:17,秋田県内陸南部,39°35.9′N,140°26.5′E,6 km,2.8,震度１,39.59833333,140.4416667
2011/12/17,22:21:19,茨城県北部,36°41.2′N,140°37.8′E,7 km,3,震度２,36.68666667,140.63
2011/12/17,22:50:55,茨城県南部,35°55.7′N,140°08.5′E,61 km,3.6,震度１,35.92833333,140.1416667
2011/12/18,6:14:56,岩手県沖,39°37.8′N,142°06.5′E,48 km,3.7,震度１,39.63,142.1083333
2011/12/18,9:04:26,岩手県沿岸北部,39°45.6′N,141°51.0′E,58 km,3.5,震度１,39.76,141.85
2011/12/18,11:49:33,宮城県沖,38°23.9′N,141°48.0′E,58 km,3.4,震度１,38.39833333,141.8
2011/12/18,15:08:58,宮城県沖,38°39.1′N,142°09.2′E,42 km,4.5,震度２,38.65166667,142.1533333
2011/12/18,18:02:03,千葉県東方沖,35°34.2′N,141°01.3′E,38 km,4.8,震度３,35.57,141.0216667
2011/12/18,18:51:56,茨城県沖,36°39.0′N,140°50.9′E,53 km,3.3,震度１,36.65,140.8483333
2011/12/19,0:28:18,千葉県南部,35°09.8′N,140°15.1′E,16 km,2.6,震度１,35.16333333,140.2516667
2011/12/19,1:14:49,トカラ列島近海,29°15.0′N,129°10.0′E,11 km,1.4,震度１,29.25,129.1666667
2011/12/19,2:20:22,茨城県北部,36°50.5′N,140°35.1′E,7 km,4.2,震度２,36.84166667,140.585
2011/12/19,4:50:09,茨城県沖,36°43.1′N,141°14.7′E,32 km,3.4,震度１,36.71833333,141.245
2011/12/19,5:36:29,能登半島沖,37°31.3′N,137°12.5′E,9 km,4.1,震度３,37.52166667,137.2083333
2011/12/19,8:58:51,滋賀県北部,35°21.1′N,135°47.0′E,8 km,3.6,震度２,35.35166667,135.7833333
2011/12/19,11:39:38,千葉県東方沖,35°40.2′N,140°47.8′E,23 km,3.2,震度１,35.67,140.7966667
2011/12/19,12:33:42,茨城県北部,36°49.1′N,140°32.3′E,6 km,3.4,震度１,36.81833333,140.5383333
2011/12/19,12:55:12,宮城県沖,38°22.0′N,142°01.8′E,32 km,4.2,震度２,38.36666667,142.03
2011/12/19,13:13:47,北海道東方沖,43°36.4′N,147°54.9′E,53 km,4.7,震度２,43.60666667,147.915
2011/12/19,14:48:05,秋田県内陸南部,39°34.6′N,140°32.5′E,7 km,1.8,震度１,39.57666667,140.5416667
2011/12/19,16:01:47,千葉県東方沖,35°33.5′N,141°02.7′E,36 km,4.6,震度３,35.55833333,141.045
2011/12/19,21:40:00,胆振地方中東部,42°38.0′N,141°49.1′E,28 km,2.7,震度１,42.63333333,141.8183333
2011/12/19,22:51:36,茨城県沖,36°14.8′N,141°03.9′E,41 km,3.3,震度１,36.24666667,141.065
2011/12/19,23:40:05,茨城県北部,36°44.3′N,140°37.6′E,4 km,3.9,震度３,36.73833333,140.6266667
2011/12/19,23:45:37,茨城県北部,36°44.3′N,140°37.8′E,4 km,2.7,震度１,36.73833333,140.63
2011/12/20,0:33:21,福島県中通り,37°04.0′N,140°26.5′E,7 km,3.1,震度２,37.06666667,140.4416667
2011/12/20,2:23:22,茨城県北部,36°42.2′N,140°37.3′E,5 km,3.7,震度２,36.70333333,140.6216667
2011/12/20,2:24:44,茨城県北部,36°41.7′N,140°37.3′E,5 km,4.4,震度３,36.695,140.6216667
2011/12/20,2:31:45,茨城県北部,36°41.5′N,140°36.5′E,6 km,3,震度１,36.69166667,140.6083333
2011/12/20,2:38:19,茨城県北部,36°43.1′N,140°35.5′E,8 km,3.4,震度２,36.71833333,140.5916667
2011/12/20,5:03:18,茨城県北部,36°41.7′N,140°37.5′E,6 km,2.4,震度１,36.695,140.625
2011/12/20,6:29:55,京都府南部,35°09.2′N,135°41.6′E,10 km,3.1,震度２,35.15333333,135.6933333
2011/12/20,8:04:11,福島県会津,37°41.5′N,139°57.3′E,9 km,2.5,震度１,37.69166667,139.955
2011/12/20,9:13:24,天草灘,32°33.8′N,130°02.9′E,14 km,3.2,震度２,32.56333333,130.0483333
2011/12/20,9:28:11,青森県三八上北地方,40°24.5′N,141°16.2′E,14 km,2.9,震度１,40.40833333,141.27
2011/12/20,10:35:50,秋田県内陸南部,39°34.4′N,140°32.4′E,6 km,2.8,震度３,39.57333333,140.54
2011/12/20,11:13:17,宮城県沖,38°50.5′N,142°03.4′E,46 km,3.6,震度１,38.84166667,142.0566667
2011/12/20,11:27:32,秋田県内陸南部,39°34.3′N,140°32.2′E,5 km,1.8,震度１,39.57166667,140.5366667
2011/12/20,13:22:12,茨城県北部,36°41.5′N,140°37.5′E,5 km,2.4,震度１,36.69166667,140.625
2011/12/20,13:22:47,千葉県東方沖,35°51.8′N,140°50.8′E,14 km,3.4,震度１,35.86333333,140.8466667
2011/12/20,15:26:20,岩手県沖,40°03.3′N,142°41.9′E,29 km,5,震度３,40.055,142.6983333
2011/12/20,17:07:14,茨城県沖,36°40.0′N,141°29.8′E,38 km,3.9,震度１,36.66666667,141.4966667
2011/12/20,18:10:56,茨城県北部,36°41.4′N,140°37.9′E,5 km,3.2,震度３,36.69,140.6316667
2011/12/20,21:26:35,奄美大島北西沖,28°41.4′N,128°37.4′E,137 km,4.2,震度２,28.69,128.6233333
2011/12/21,1:40:30,福岡県北西沖,33°44.2′N,130°14.3′E,15 km,3.1,震度１,33.73666667,130.2383333
2011/12/21,1:56:45,宮城県沖,38°37.7′N,141°49.2′E,45 km,3.7,震度１,38.62833333,141.82
2011/12/21,3:27:30,福島県会津,37°41.1′N,139°55.9′E,9 km,3.1,震度２,37.685,139.9316667
2011/12/21,6:23:49,福島県会津,37°45.1′N,139°59.0′E,8 km,3.5,震度２,37.75166667,139.9833333
2011/12/21,6:51:55,茨城県沖,36°27.2′N,141°17.6′E,50 km,3.8,震度１,36.45333333,141.2933333
2011/12/21,8:09:29,千葉県東方沖,35°40.9′N,140°47.4′E,20 km,3.1,震度１,35.68166667,140.79
2011/12/21,11:06:51,岩手県沖,39°37.9′N,142°06.6′E,49 km,4.7,震度３,39.63166667,142.11
2011/12/21,13:58:58,オホーツク海南部,44°37.0′N,145°18.7′E,17 km,4,震度１,44.61666667,145.3116667
2011/12/21,15:04:10,埼玉県南部,35°49.7′N,139°20.6′E,116 km,4,震度２,35.82833333,139.3433333
2011/12/21,17:02:11,内浦湾,41°59.9′N,141°04.1′E,110 km,3.4,震度１,41.99833333,141.0683333
2011/12/21,21:08:57,福島県会津,37°44.9′N,139°59.5′E,8 km,3.1,震度１,37.74833333,139.9916667
2011/12/21,21:09:46,福島県会津,37°44.9′N,139°59.1′E,7 km,2.9,震度１,37.74833333,139.985
2011/12/21,21:40:48,福島県沖,37°21.7′N,141°16.6′E,36 km,3.7,震度２,37.36166667,141.2766667
2011/12/22,5:03:32,千葉県南部,35°08.8′N,140°11.8′E,15 km,3.2,震度２,35.14666667,140.1966667
2011/12/22,5:10:30,福島県沖,36°58.6′N,141°09.6′E,30 km,4.6,震度３,36.97666667,141.16
2011/12/22,5:21:25,千葉県南東沖,35°06.7′N,140°12.5′E,20 km,2.8,震度１,35.11166667,140.2083333
2011/12/22,6:15:45,長野県北部,36°59.9′N,138°35.2′E,11 km,2.7,震度１,36.99833333,138.5866667
2011/12/22,7:29:10,静岡県西部,35°01.0′N,137°52.3′E,11 km,2.5,震度１,35.01666667,137.8716667
2011/12/22,8:22:34,秋田県内陸北部,39°57.6′N,140°24.3′E,6 km,2.3,震度１,39.96,140.405
2011/12/22,9:24:02,茨城県北部,36°42.1′N,140°36.3′E,8 km,3.1,震度１,36.70166667,140.605
2011/12/22,11:10:13,福島県会津,37°40.4′N,139°55.3′E,8 km,2.4,震度１,37.67333333,139.9216667
2011/12/22,12:00:58,鹿児島県薩摩地方,31°58.9′N,130°35.8′E,8 km,2,震度１,31.98166667,130.5966667
2011/12/22,13:59:03,茨城県沖,36°31.8′N,141°07.1′E,29 km,3.8,震度１,36.53,141.1183333
2011/12/22,16:08:46,宮城県沖,38°56.5′N,142°07.4′E,51 km,3.1,震度１,38.94166667,142.1233333
2011/12/22,17:41:33,千葉県北西部,35°38.7′N,140°06.5′E,64 km,3.7,震度２,35.645,140.1083333
2011/12/22,17:58:28,長野県中部,36°27.5′N,138°02.5′E,4 km,1.9,震度１,36.45833333,138.0416667
2011/12/22,18:40:13,茨城県沖,36°38.5′N,140°55.9′E,49 km,3.8,震度２,36.64166667,140.9316667
2011/12/23,0:30:55,日向灘,32°21.4′N,131°55.6′E,25 km,2.7,震度１,32.35666667,131.9266667
2011/12/23,1:13:36,茨城県北部,36°47.1′N,140°32.7′E,9 km,3.8,震度２,36.785,140.545
2011/12/23,3:44:07,福島県浜通り,37°07.3′N,140°50.7′E,8 km,2.4,震度１,37.12166667,140.845
2011/12/23,4:14:00,釧路沖,42°26.9′N,145°12.7′E,44 km,4.1,震度１,42.44833333,145.2116667
2011/12/23,4:39:58,与那国島近海,23°58.5′N,122°32.3′E,28 km,4.7,震度１,23.975,122.5383333
2011/12/23,5:24:40,福島県浜通り,37°07.1′N,140°50.5′E,8 km,2.7,震度１,37.11833333,140.8416667
2011/12/23,8:06:51,釧路沖,42°35.0′N,144°46.1′E,52 km,3.9,震度１,42.58333333,144.7683333
2011/12/23,18:01:10,福島県沖,37°26.5′N,141°36.6′E,23 km,4.1,震度１,37.44166667,141.61
2011/12/23,18:56:13,宮城県沖,38°59.5′N,142°28.7′E,32 km,3.6,震度１,38.99166667,142.4783333
2011/12/23,21:08:03,秋田県内陸北部,39°57.7′N,140°24.3′E,6 km,2.3,震度１,39.96166667,140.405
2011/12/23,23:44:06,茨城県南部,36°09.1′N,139°49.6′E,54 km,4.2,震度２,36.15166667,139.8266667
2011/12/24,1:51:39,三河湾,34°43.5′N,137°05.4′E,12 km,3.3,震度２,34.725,137.09
2011/12/24,3:15:28,宮城県沖,38°53.1′N,141°58.8′E,49 km,3.3,震度１,38.885,141.98
2011/12/24,4:38:20,秋田県内陸南部,39°36.1′N,140°33.1′E,5 km,2,震度１,39.60166667,140.5516667
2011/12/24,9:53:09,広島県北部,35°00.7′N,132°55.9′E,7 km,2,震度１,35.01166667,132.9316667
2011/12/24,11:21:51,山形県置賜地方,37°48.2′N,140°00.0′E,8 km,3.8,震度３,37.80333333,140
2011/12/24,15:14:39,福島県中通り,37°00.8′N,140°34.9′E,9 km,4,震度３,37.01333333,140.5816667
2011/12/24,18:23:59,福島県浜通り,36°59.5′N,140°44.7′E,19 km,3.7,震度１,36.99166667,140.745
2011/12/24,18:57:22,秋田県内陸北部,39°57.7′N,140°24.2′E,6 km,3.2,震度２,39.96166667,140.4033333
2011/12/25,0:11:06,宮城県沖,38°25.5′N,142°09.4′E,32 km,3.8,震度２,38.425,142.1566667
2011/12/25,1:13:39,宮城県沖,38°51.8′N,141°38.2′E,61 km,3.3,震度１,38.86333333,141.6366667
2011/12/25,2:56:33,兵庫県南東部,34°43.2′N,135°20.4′E,6 km,2.8,震度１,34.72,135.34
2011/12/25,4:54:44,福島県中通り,37°00.0′N,140°32.6′E,6 km,3.6,震度２,37,140.5433333
2011/12/25,5:49:05,釧路地方北部,43°30.6′N,144°29.2′E,150 km,4,震度２,43.51,144.4866667
2011/12/25,8:03:43,山形県置賜地方,37°48.2′N,139°59.9′E,9 km,2.6,震度１,37.80333333,139.9983333
2011/12/25,8:56:27,宮城県沖,38°41.9′N,141°48.1′E,53 km,2.8,震度１,38.69833333,141.8016667
2011/12/25,9:53:45,福島県中通り,36°59.2′N,140°30.3′E,6 km,2.9,震度１,36.98666667,140.505
2011/12/25,10:54:14,岩手県沖,39°24.3′N,142°05.1′E,57 km,3.5,震度１,39.405,142.085
2011/12/25,11:59:27,釧路地方中南部,42°55.9′N,144°00.4′E,95 km,3.3,震度２,42.93166667,144.0066667
2011/12/25,12:36:50,茨城県沖,36°46.3′N,141°01.3′E,49 km,4.1,震度２,36.77166667,141.0216667
2011/12/25,14:03:31,千葉県東方沖,35°27.0′N,140°25.8′E,51 km,3.5,震度１,35.45,140.43
2011/12/25,22:15:32,宮古島近海,24°44.8′N,125°24.6′E,47 km,3.3,震度１,24.74666667,125.41
2011/12/25,22:25:29,茨城県北部,36°20.5′N,140°34.2′E,51 km,3.1,震度１,36.34166667,140.57
2011/12/25,23:07:11,福島県沖,37°17.6′N,141°09.5′E,35 km,4,震度２,37.29333333,141.1583333
2011/12/26,0:54:49,宮城県沖,38°39.0′N,141°47.4′E,48 km,3.3,震度１,38.65,141.79
2011/12/26,2:41:37,茨城県沖,35°53.9′N,140°50.2′E,41 km,4.5,震度２,35.89833333,140.8366667
2011/12/26,10:24:11,岩手県内陸南部,39°03.4′N,140°50.5′E,6 km,3.5,震度１,39.05666667,140.8416667
2011/12/26,11:20:29,福島県会津,37°45.3′N,139°58.7′E,8 km,3,震度１,37.755,139.9783333
2011/12/26,11:30:34,福島県沖,37°47.3′N,141°32.1′E,47 km,3.7,震度１,37.78833333,141.535
2011/12/26,13:20:29,福島県中通り,37°00.4′N,140°32.9′E,10 km,3.5,震度２,37.00666667,140.5483333
2011/12/26,14:20:31,茨城県沖,36°14.4′N,140°49.7′E,36 km,3.1,震度１,36.24,140.8283333
2011/12/26,16:00:11,秋田県内陸南部,39°31.9′N,140°24.6′E,8 km,2.2,震度１,39.53166667,140.41
2011/12/26,16:16:40,茨城県沖,36°26.1′N,141°07.8′E,45 km,3.9,震度２,36.435,141.13
2011/12/26,19:45:51,千葉県南部,35°09.1′N,140°14.0′E,7 km,2.7,震度１,35.15166667,140.2333333
2011/12/26,20:31:30,秋田県内陸北部,39°57.5′N,140°24.3′E,6 km,2.4,震度１,39.95833333,140.405
2011/12/26,20:45:47,福島県沖,37°11.3′N,141°09.2′E,31 km,3.2,震度１,37.18833333,141.1533333
2011/12/26,21:03:46,栃木県北部,36°55.5′N,139°42.7′E,5 km,2.8,震度１,36.925,139.7116667
2011/12/26,22:53:49,静岡県西部,35°00.8′N,137°52.2′E,12 km,2.5,震度１,35.01333333,137.87
2011/12/27,2:56:02,宮城県沖,38°00.6′N,141°37.6′E,89 km,4,震度２,38.01,141.6266667
2011/12/27,7:28:52,宮城県沖,38°32.0′N,141°43.0′E,54 km,3.7,震度２,38.53333333,141.7166667
2011/12/27,7:36:47,長野県北部,36°59.0′N,138°35.3′E,9 km,3,震度２,36.98333333,138.5883333
2011/12/27,7:37:45,秋田県内陸南部,39°32.0′N,140°24.7′E,8 km,3.2,震度２,39.53333333,140.4116667
2011/12/27,7:50:33,熊本県熊本地方,32°31.6′N,130°45.8′E,8 km,2.8,震度２,32.52666667,130.7633333
2011/12/27,11:25:32,福島県中通り,37°16.4′N,140°01.8′E,7 km,1.7,震度１,37.27333333,140.03
2011/12/27,12:34:54,秋田県内陸南部,39°45.1′N,140°46.2′E,3 km,2.6,震度１,39.75166667,140.77
2011/12/27,14:27:28,石川県加賀地方,36°22.7′N,136°34.6′E,9 km,2.5,震度１,36.37833333,136.5766667
2011/12/27,14:35:04,福島県浜通り,37°06.5′N,140°49.7′E,8 km,3.2,震度２,37.10833333,140.8283333
2011/12/27,16:33:32,宮城県沖,38°17.0′N,142°07.8′E,36 km,4.3,震度２,38.28333333,142.13
2011/12/27,18:04:29,鳥島近海,31°16.0′N,140°52.5′E,78 km,5.3,震度１,31.26666667,140.875
2011/12/27,19:43:51,宮城県沖,38°52.9′N,142°01.1′E,47 km,3.7,震度１,38.88166667,142.0183333
2011/12/27,19:59:24,長野県北部,36°59.4′N,138°35.2′E,9 km,3,震度１,36.99,138.5866667
2011/12/28,2:42:43,宮城県沖,38°41.7′N,141°58.1′E,53 km,3.9,震度２,38.695,141.9683333
2011/12/28,3:21:57,茨城県北部,36°46.3′N,140°33.7′E,10 km,3.2,震度１,36.77166667,140.5616667
2011/12/28,3:56:47,紀伊水道,33°50.1′N,134°59.0′E,13 km,3.4,震度２,33.835,134.9833333
2011/12/28,7:59:11,福島県沖,37°18.9′N,141°16.6′E,50 km,3.2,震度１,37.315,141.2766667
2011/12/28,10:04:50,和歌山県北部,34°09.3′N,135°11.2′E,6 km,2.6,震度２,34.155,135.1866667
2011/12/28,10:35:45,北海道東方沖,43°18.7′N,146°45.4′E,46 km,3.8,震度１,43.31166667,146.7566667
2011/12/28,13:00:39,岩手県沖,39°06.7′N,142°07.3′E,45 km,3.4,震度１,39.11166667,142.1216667
2011/12/28,13:42:38,伊豆大島近海,34°37.0′N,139°15.0′E,12 km,2.5,震度１,34.61666667,139.25
2011/12/28,14:55:38,福島県中通り,37°01.5′N,140°35.8′E,10 km,3.1,震度１,37.025,140.5966667
2011/12/28,16:33:07,福島県沖,37°31.0′N,141°20.8′E,51 km,3.5,震度１,37.51666667,141.3466667
2011/12/28,18:18:32,北海道東方沖,43°32.0′N,147°06.7′E,51 km,4.2,震度２,43.53333333,147.1116667
2011/12/28,21:29:53,茨城県沖,36°19.2′N,140°49.8′E,55 km,3.7,震度１,36.32,140.83
2011/12/29,2:02:24,新潟県中越地方,36°58.3′N,138°37.4′E,8 km,2.9,震度２,36.97166667,138.6233333
2011/12/29,3:06:34,茨城県北部,36°52.0′N,140°39.4′E,8 km,3.6,震度２,36.86666667,140.6566667
2011/12/29,9:30:39,茨城県北部,36°50.1′N,140°36.5′E,10 km,3.6,震度２,36.835,140.6083333
2011/12/29,9:49:48,茨城県北部,36°50.1′N,140°36.5′E,10 km,3.5,震度１,36.835,140.6083333
2011/12/30,1:34:13,福島県中通り,37°04.2′N,140°33.3′E,6 km,2.2,震度１,37.07,140.555
2011/12/30,1:56:19,福島県中通り,37°04.2′N,140°33.2′E,6 km,2.8,震度２,37.07,140.5533333
2011/12/30,6:12:59,茨城県沖,36°42.6′N,141°04.2′E,28 km,2.7,震度１,36.71,141.07
2011/12/30,12:23:21,宮城県沖,38°43.1′N,142°00.7′E,58 km,3.6,震度１,38.71833333,142.0116667
2011/12/30,13:59:55,日高地方東部,42°09.9′N,143°08.6′E,50 km,4,震度１,42.165,143.1433333
2011/12/30,17:32:53,茨城県南部,36°01.0′N,140°05.0′E,61 km,3,震度１,36.01666667,140.0833333
2011/12/30,18:34:50,宮城県沖,38°42.8′N,141°42.4′E,69 km,4.1,震度３,38.71333333,141.7066667
2011/12/30,19:26:26,広島県北部,35°00.7′N,132°55.9′E,7 km,2.1,震度１,35.01166667,132.9316667
2011/12/30,19:38:37,広島県北部,35°00.7′N,132°56.0′E,7 km,1.9,震度１,35.01166667,132.9333333
2011/12/31,2:07:22,鳥島近海,30°55.3′N,138°40.9′E,433 km,5.1,震度１,30.92166667,138.6816667
2011/12/31,2:17:40,宮城県沖,38°45.0′N,142°14.0′E,33 km,3.7,震度１,38.75,142.2333333
2011/12/31,2:52:23,宮城県沖,38°25.5′N,142°10.3′E,30 km,3.9,震度２,38.425,142.1716667
2011/12/31,4:11:34,宮城県沖,38°55.1′N,141°56.1′E,50 km,3.8,震度２,38.91833333,141.935
2011/12/31,6:14:10,埼玉県北部,36°06.3′N,139°41.0′E,84 km,3.2,震度１,36.105,139.6833333
2011/12/31,8:11:05,茨城県北部,36°51.3′N,140°34.4′E,8 km,4.5,震度３,36.855,140.5733333
2011/12/31,13:12:36,岩手県沖,39°06.2′N,142°22.2′E,35 km,3.7,震度１,39.10333333,142.37
2011/12/31,14:48:41,福島県沖,36°57.1′N,141°04.4′E,51 km,3.7,震度１,36.95166667,141.0733333
2011/12/31,19:29:02,宮城県沖,38°38.2′N,141°54.5′E,48 km,3.8,震度２,38.63666667,141.9083333
2011/12/31,21:16:29,浦河沖,41°51.3′N,142°36.8′E,36 km,3.9,震度１,41.855,142.6133333
2011/12/31,22:03:44,福島県中通り,36°59.0′N,140°26.3′E,8 km,2.8,震度１,36.98333333,140.4383333
2011/12/31,23:51:31,種子島近海,30°31.0′N,130°30.0′E,71 km,3.1,震度１,30.51666667,130.5
