date,time,epicenter,緯度,経度,depth,magnitude,maxshindo,lat,lng
2012/1/1,0:28:53,新潟県中越地方,36°57.7′N,138°36.0′E,7 km,4.2,震度４,36.96166667,138.6
2012/1/1,0:40:17,新潟県中越地方,36°57.8′N,138°36.4′E,7 km,2.3,震度１,36.96333333,138.6066667
2012/1/1,2:03:57,茨城県北部,36°53.0′N,140°41.1′E,11 km,3.4,震度１,36.88333333,140.685
2012/1/1,10:26:02,千葉県東方沖,35°35.4′N,140°38.0′E,24 km,3.1,震度１,35.59,140.6333333
2012/1/1,10:45:38,栃木県北部,36°52.2′N,139°40.5′E,4 km,2,震度１,36.87,139.675
2012/1/1,14:27:52,鳥島近海,31°25.6′N,138°33.9′E,397 km,7,震度４,31.42666667,138.565
2012/1/1,14:49:05,千葉県南部,35°19.1′N,140°05.4′E,72 km,3.3,震度１,35.31833333,140.09
2012/1/1,16:32:41,千葉県東方沖,35°42.9′N,140°58.6′E,11 km,3.8,震度２,35.715,140.9766667
2012/1/1,16:49:49,宮城県沖,38°52.9′N,141°58.7′E,49 km,3.7,震度１,38.88166667,141.9783333
2012/1/1,17:31:15,福島県沖,37°19.7′N,142°15.4′E,25 km,4.5,震度１,37.32833333,142.2566667
2012/1/1,19:47:23,広島県北部,34°53.2′N,132°52.7′E,11 km,3.3,震度２,34.88666667,132.8783333
2012/1/1,20:09:19,福島県沖,37°30.7′N,141°23.4′E,49 km,3.4,震度１,37.51166667,141.39
2012/1/1,21:06:41,福島県沖,37°30.5′N,141°23.5′E,49 km,3.5,震度１,37.50833333,141.3916667
2012/1/2,4:28:20,福島県中通り,36°57.6′N,140°32.8′E,9 km,3.3,震度１,36.96,140.5466667
2012/1/2,5:32:03,福島県中通り,37°04.2′N,140°33.5′E,7 km,2.1,震度１,37.07,140.5583333
2012/1/2,6:40:20,福島県中通り,37°04.2′N,140°33.1′E,6 km,2.5,震度２,37.07,140.5516667
2012/1/2,7:09:32,福島県沖,37°28.3′N,141°08.4′E,68 km,3.5,震度１,37.47166667,141.14
2012/1/2,10:41:19,福島県浜通り,37°03.2′N,140°44.6′E,10 km,3.5,震度１,37.05333333,140.7433333
2012/1/2,16:49:24,千葉県北東部,35°51.5′N,140°31.7′E,34 km,2.8,震度１,35.85833333,140.5283333
2012/1/2,17:28:49,福島県浜通り,36°58.2′N,140°38.4′E,7 km,3.5,震度１,36.97,140.64
2012/1/2,22:28:13,茨城県沖,36°14.4′N,141°03.8′E,37 km,3.6,震度１,36.24,141.0633333
2012/1/2,22:51:23,福島県中通り,36°59.9′N,140°31.4′E,7 km,2.9,震度１,36.99833333,140.5233333
2012/1/3,3:08:31,兵庫県南西部,34°57.6′N,134°43.9′E,13 km,3.6,震度２,34.96,134.7316667
2012/1/3,3:28:24,茨城県沖,36°22.6′N,141°53.9′E,60 km,5,震度２,36.37666667,141.8983333
2012/1/3,4:34:58,茨城県沖,36°23.0′N,141°43.4′E,67 km,4.5,震度１,36.38333333,141.7233333
2012/1/3,7:00:38,茨城県北部,36°52.9′N,140°39.4′E,9 km,3.4,震度１,36.88166667,140.6566667
2012/1/3,8:06:44,千葉県北西部,36°05.2′N,139°48.6′E,75 km,3.1,震度１,36.08666667,139.81
2012/1/3,8:07:18,千葉県北西部,36°05.9′N,139°48.7′E,74 km,3.3,震度１,36.09833333,139.8116667
2012/1/3,10:11:16,熊本県熊本地方,33°01.3′N,130°43.1′E,12 km,2.8,震度１,33.02166667,130.7183333
2012/1/3,11:21:10,和歌山県南部,33°42.4′N,135°27.2′E,42 km,3.2,震度１,33.70666667,135.4533333
2012/1/3,23:57:18,埼玉県北部,36°07.2′N,139°01.8′E,11 km,2,震度１,36.12,139.03
2012/1/4,6:33:27,千葉県東方沖,35°26.9′N,140°56.8′E,26 km,3.3,震度１,35.44833333,140.9466667
2012/1/4,8:13:48,宮城県沖,38°33.3′N,141°41.3′E,55 km,2.8,震度１,38.555,141.6883333
2012/1/4,9:59:06,福島県浜通り,36°59.6′N,140°45.9′E,10 km,3.2,震度１,36.99333333,140.765
2012/1/4,11:07:49,奄美大島近海,27°55.9′N,130°24.7′E,48 km,4.5,震度１,27.93166667,130.4116667
2012/1/4,21:48:43,茨城県沖,36°34.4′N,141°08.8′E,33 km,4.2,震度２,36.57333333,141.1466667
2012/1/5,3:02:57,宮城県沖,38°07.2′N,141°50.3′E,50 km,3.9,震度１,38.12,141.8383333
2012/1/5,9:47:08,福島県浜通り,37°05.0′N,140°47.2′E,9 km,2.8,震度１,37.08333333,140.7866667
2012/1/5,11:22:42,福島県中通り,37°04.1′N,140°33.1′E,6 km,2.7,震度２,37.06833333,140.5516667
2012/1/5,11:28:26,福島県中通り,37°04.0′N,140°33.4′E,6 km,2.2,震度１,37.06666667,140.5566667
2012/1/5,15:08:26,福島県浜通り,37°07.7′N,140°42.6′E,8 km,2.8,震度１,37.12833333,140.71
2012/1/5,17:44:36,福島県沖,37°47.2′N,141°27.8′E,44 km,3.9,震度１,37.78666667,141.4633333
2012/1/5,17:48:53,茨城県沖,36°08.1′N,140°58.3′E,46 km,3.6,震度２,36.135,140.9716667
2012/1/5,18:02:47,岩手県沖,39°45.2′N,142°21.7′E,40 km,3.7,震度１,39.75333333,142.3616667
2012/1/5,20:11:34,兵庫県南西部,34°57.6′N,134°43.8′E,13 km,2.8,震度１,34.96,134.73
2012/1/5,21:37:30,福島県中通り,37°04.2′N,140°33.3′E,6 km,3.9,震度３,37.07,140.555
2012/1/5,22:03:33,福島県中通り,37°04.1′N,140°33.1′E,7 km,2.5,震度２,37.06833333,140.5516667
2012/1/5,22:13:52,福島県中通り,37°04.1′N,140°33.4′E,6 km,4.2,震度４,37.06833333,140.5566667
2012/1/5,22:41:24,岩手県沖,39°06.9′N,142°11.7′E,43 km,3.3,震度１,39.115,142.195
2012/1/5,22:46:22,福島県中通り,37°04.3′N,140°34.1′E,6 km,2.2,震度１,37.07166667,140.5683333
2012/1/5,22:57:38,茨城県沖,36°36.3′N,140°59.1′E,47 km,3.4,震度１,36.605,140.985
2012/1/6,0:21:49,宮城県沖,38°51.9′N,141°38.1′E,62 km,3.3,震度１,38.865,141.635
2012/1/6,1:47:06,宮城県沖,38°42.9′N,142°21.1′E,36 km,4.9,震度３,38.715,142.3516667
2012/1/6,3:23:11,福島県会津,37°40.4′N,139°56.1′E,9 km,2.5,震度２,37.67333333,139.935
2012/1/6,5:55:47,茨城県沖,35°53.3′N,140°51.1′E,40 km,4.5,震度３,35.88833333,140.8516667
2012/1/6,8:05:53,千葉県東方沖,35°47.7′N,140°58.5′E,13 km,3.6,震度１,35.795,140.975
2012/1/6,8:28:43,福島県沖,37°29.7′N,141°55.9′E,29 km,4.5,震度１,37.495,141.9316667
2012/1/6,9:48:39,根室半島南東沖,43°23.7′N,145°58.1′E,98 km,3.7,震度１,43.395,145.9683333
2012/1/6,10:16:52,宮城県沖,38°45.2′N,142°02.1′E,36 km,3.6,震度２,38.75333333,142.035
2012/1/6,15:25:59,福島県会津,37°39.8′N,139°55.3′E,9 km,2.6,震度１,37.66333333,139.9216667
2012/1/6,19:44:20,茨城県沖,36°41.2′N,141°04.2′E,24 km,4,震度２,36.68666667,141.07
2012/1/6,20:57:45,福島県中通り,37°04.2′N,140°32.8′E,5 km,2.5,震度１,37.07,140.5466667
2012/1/6,22:28:35,福島県中通り,37°03.8′N,140°34.6′E,7 km,2.4,震度１,37.06333333,140.5766667
2012/1/6,22:34:48,茨城県沖,36°37.0′N,141°11.1′E,37 km,3.4,震度１,36.61666667,141.185
2012/1/7,4:19:46,宮城県沖,38°14.0′N,141°50.3′E,62 km,3.5,震度１,38.23333333,141.8383333
2012/1/7,5:02:18,島根県西部,35°04.5′N,132°40.8′E,13 km,2.9,震度１,35.075,132.68
2012/1/7,5:48:23,福島県浜通り,37°04.7′N,140°39.3′E,12 km,3.4,震度１,37.07833333,140.655
2012/1/7,6:02:27,福島県中通り,37°05.0′N,140°33.4′E,8 km,2.2,震度１,37.08333333,140.5566667
2012/1/7,6:47:10,茨城県沖,36°41.2′N,141°04.1′E,24 km,3.9,震度１,36.68666667,141.0683333
2012/1/7,8:41:04,福島県会津,37°42.7′N,139°56.4′E,8 km,2.6,震度１,37.71166667,139.94
2012/1/7,10:12:56,茨城県沖,36°32.5′N,140°51.8′E,51 km,3.9,震度２,36.54166667,140.8633333
2012/1/7,17:17:54,福島県沖,37°29.0′N,142°00.3′E,32 km,4.4,震度２,37.48333333,142.005
2012/1/7,17:52:39,岐阜県美濃中西部,35°47.6′N,136°49.7′E,9 km,2.6,震度１,35.79333333,136.8283333
2012/1/7,19:43:08,福島県沖,37°13.8′N,141°25.3′E,56 km,4.7,震度３,37.23,141.4216667
2012/1/7,20:11:02,岩手県沿岸南部,39°04.1′N,141°43.2′E,69 km,3.1,震度１,39.06833333,141.72
2012/1/7,21:26:23,茨城県沖,36°27.3′N,141°00.1′E,54 km,3.3,震度２,36.455,141.0016667
2012/1/7,21:30:59,宮城県沖,38°10.2′N,141°40.8′E,51 km,3.9,震度２,38.17,141.68
2012/1/8,2:27:25,福島県沖,36°56.6′N,141°05.3′E,50 km,3.2,震度１,36.94333333,141.0883333
2012/1/8,6:00:28,茨城県沖,36°45.6′N,141°15.4′E,37 km,4.2,震度２,36.76,141.2566667
2012/1/8,8:52:27,千葉県東方沖,35°39.7′N,140°51.4′E,15 km,3.9,震度２,35.66166667,140.8566667
2012/1/8,10:51:40,宮城県沖,38°35.7′N,141°39.5′E,55 km,3.3,震度１,38.595,141.6583333
2012/1/8,13:15:19,宮城県沖,38°32.6′N,141°43.3′E,53 km,3.2,震度１,38.54333333,141.7216667
2012/1/8,13:41:20,宮城県沖,38°37.6′N,141°55.7′E,48 km,4.1,震度２,38.62666667,141.9283333
2012/1/8,16:18:19,茨城県北部,36°48.8′N,140°34.2′E,8 km,3.3,震度１,36.81333333,140.57
2012/1/8,21:28:07,福島県沖,37°46.7′N,141°36.4′E,47 km,3.9,震度１,37.77833333,141.6066667
2012/1/8,23:14:16,茨城県南部,36°14.8′N,140°28.3′E,53 km,3.1,震度１,36.24666667,140.4716667
2012/1/9,0:37:28,和歌山県北部,33°59.9′N,135°30.1′E,56 km,4.7,震度３,33.99833333,135.5016667
2012/1/9,1:23:38,茨城県沖,36°38.2′N,140°53.8′E,50 km,3.7,震度２,36.63666667,140.8966667
2012/1/9,1:52:42,千葉県北東部,35°29.3′N,140°22.8′E,25 km,3.6,震度３,35.48833333,140.38
2012/1/9,2:03:54,宮城県沖,38°46.3′N,142°13.6′E,38 km,4,震度１,38.77166667,142.2266667
2012/1/9,7:13:08,岩手県沖,39°20.4′N,142°03.8′E,48 km,5.1,震度３,39.34,142.0633333
2012/1/9,13:20:34,福島県浜通り,36°59.7′N,140°40.1′E,9 km,3.4,震度１,36.995,140.6683333
2012/1/9,13:29:12,千葉県東方沖,35°30.6′N,140°46.8′E,25 km,3.2,震度１,35.51,140.78
2012/1/9,13:41:22,千葉県東方沖,35°39.2′N,140°51.2′E,15 km,3.6,震度２,35.65333333,140.8533333
2012/1/9,13:48:38,福島県中通り,37°04.1′N,140°34.4′E,5 km,2.5,震度１,37.06833333,140.5733333
2012/1/9,13:51:12,茨城県沖,36°45.9′N,141°16.8′E,32 km,3.9,震度１,36.765,141.28
2012/1/9,14:25:37,鳥取県中部,35°21.3′N,133°44.0′E,5 km,1.8,震度１,35.355,133.7333333
2012/1/9,15:35:07,千葉県東方沖,35°31.2′N,140°46.9′E,24 km,2.9,震度１,35.52,140.7816667
2012/1/9,16:10:44,茨城県沖,36°41.3′N,141°31.4′E,38 km,4.6,震度２,36.68833333,141.5233333
2012/1/9,17:50:13,茨城県沖,36°42.5′N,141°25.7′E,50 km,4.7,震度２,36.70833333,141.4283333
2012/1/9,18:23:31,茨城県沖,35°53.5′N,140°49.2′E,42 km,3.6,震度１,35.89166667,140.82
2012/1/9,21:04:26,岩手県沖,39°52.6′N,142°10.1′E,47 km,3.6,震度１,39.87666667,142.1683333
2012/1/10,1:52:07,福島県沖,37°01.0′N,141°29.2′E,35 km,3.4,震度１,37.01666667,141.4866667
2012/1/10,11:34:15,静岡県西部,35°01.1′N,137°52.5′E,11 km,3,震度１,35.01833333,137.875
2012/1/10,17:17:08,宮城県沖,38°51.8′N,142°01.9′E,46 km,3.4,震度１,38.86333333,142.0316667
2012/1/10,22:05:52,福島県沖,37°19.1′N,141°18.0′E,33 km,3.8,震度２,37.31833333,141.3
2012/1/10,22:15:34,茨城県沖,36°50.9′N,141°12.7′E,37 km,4.2,震度２,36.84833333,141.2116667
2012/1/11,4:17:54,茨城県北部,36°53.0′N,140°38.6′E,6 km,3.4,震度１,36.88333333,140.6433333
2012/1/11,4:25:02,千葉県東方沖,35°38.8′N,140°51.3′E,15 km,3.4,震度１,35.64666667,140.855
2012/1/11,6:21:56,福島県沖,37°18.0′N,141°33.1′E,51 km,3.9,震度３,37.3,141.5516667
2012/1/11,8:23:44,宮城県沖,38°23.8′N,141°49.4′E,59 km,3.8,震度２,38.39666667,141.8233333
2012/1/11,10:16:28,三陸沖,39°31.5′N,143°25.5′E,40 km,4.7,震度２,39.525,143.425
2012/1/11,13:35:22,岩手県沖,39°52.6′N,142°09.7′E,47 km,3.4,震度１,39.87666667,142.1616667
2012/1/11,14:29:44,茨城県北部,36°53.2′N,140°40.8′E,8 km,3.7,震度２,36.88666667,140.68
2012/1/11,15:00:51,留萌地方南部,44°03.6′N,141°41.9′E,0 km,4,震度３,44.06,141.6983333
2012/1/11,17:42:05,根室半島南東沖,43°14.1′N,146°20.8′E,51 km,3.2,震度１,43.235,146.3466667
2012/1/11,21:47:08,茨城県沖,36°09.9′N,140°53.2′E,48 km,3.8,震度１,36.165,140.8866667
2012/1/12,0:20:50,秋田県内陸南部,39°35.9′N,140°26.6′E,6 km,2.9,震度１,39.59833333,140.4433333
2012/1/12,0:47:29,茨城県沖,36°21.0′N,140°58.7′E,39 km,3.7,震度２,36.35,140.9783333
2012/1/12,6:40:53,茨城県沖,36°15.3′N,140°55.1′E,46 km,3.5,震度１,36.255,140.9183333
2012/1/12,9:55:20,京都府南部,35°05.9′N,135°35.1′E,11 km,2.9,震度１,35.09833333,135.585
2012/1/12,10:40:04,茨城県沖,36°26.3′N,141°11.5′E,52 km,4.7,震度３,36.43833333,141.1916667
2012/1/12,12:20:49,福島県沖,36°58.0′N,141°18.2′E,33 km,5.9,震度４,36.96666667,141.3033333
2012/1/12,12:25:09,福島県沖,36°59.1′N,141°13.2′E,30 km,3.1,震度１,36.985,141.22
2012/1/12,12:27:29,福島県沖,36°59.6′N,141°14.5′E,30 km,3.6,震度１,36.99333333,141.2416667
2012/1/12,14:37:25,宮城県沖,38°22.6′N,142°37.3′E,28 km,5.5,震度３,38.37666667,142.6216667
2012/1/12,16:45:38,福島県沖,36°56.5′N,141°14.6′E,34 km,4,震度２,36.94166667,141.2433333
2012/1/12,18:17:59,福島県沖,37°35.7′N,141°36.9′E,43 km,3.9,震度２,37.595,141.615
2012/1/12,18:30:50,千葉県東方沖,35°43.3′N,140°57.2′E,36 km,3.3,震度１,35.72166667,140.9533333
2012/1/12,18:37:40,茨城県沖,36°23.5′N,140°57.9′E,54 km,3.8,震度２,36.39166667,140.965
2012/1/12,20:11:22,福島県浜通り,37°03.8′N,140°46.4′E,7 km,3.3,震度３,37.06333333,140.7733333
2012/1/13,0:26:26,福島県沖,36°40.2′N,142°05.1′E,30 km,4.7,震度１,36.67,142.085
2012/1/13,2:08:47,福島県浜通り,37°05.1′N,140°46.0′E,8 km,2.2,震度１,37.085,140.7666667
2012/1/13,2:40:58,福島県沖,37°40.8′N,141°45.2′E,48 km,4,震度２,37.68,141.7533333
2012/1/13,6:05:03,奄美大島近海,28°39.2′N,129°35.8′E,16 km,3.8,震度１,28.65333333,129.5966667
2012/1/13,6:27:27,宮城県沖,38°35.8′N,142°42.7′E,33 km,4.1,震度１,38.59666667,142.7116667
2012/1/13,12:28:11,福島県沖,37°48.6′N,141°44.1′E,50 km,4.2,震度１,37.81,141.735
2012/1/13,14:39:56,福井県嶺北,35°56.0′N,136°20.6′E,7 km,2.7,震度１,35.93333333,136.3433333
2012/1/13,21:15:18,宮城県沖,38°33.2′N,141°41.8′E,55 km,2.6,震度１,38.55333333,141.6966667
2012/1/13,21:33:30,岩手県沖,39°07.7′N,142°24.4′E,29 km,3.6,震度１,39.12833333,142.4066667
2012/1/13,21:50:07,茨城県北部,36°38.2′N,140°35.6′E,7 km,3.8,震度３,36.63666667,140.5933333
2012/1/13,22:48:43,福島県沖,37°42.2′N,141°54.3′E,29 km,4,震度１,37.70333333,141.905
2012/1/13,22:53:19,茨城県沖,36°47.2′N,141°22.6′E,32 km,4.2,震度１,36.78666667,141.3766667
2012/1/14,1:50:09,茨城県北部,36°43.3′N,140°36.6′E,7 km,3.4,震度２,36.72166667,140.61
2012/1/14,2:02:29,茨城県北部,36°42.5′N,140°35.3′E,10 km,2.8,震度１,36.70833333,140.5883333
2012/1/14,3:54:04,宮城県沖,38°42.0′N,141°47.9′E,53 km,3.4,震度２,38.7,141.7983333
2012/1/14,6:06:15,茨城県沖,36°21.9′N,140°43.3′E,58 km,2.9,震度１,36.365,140.7216667
2012/1/14,7:37:28,千葉県東方沖,35°48.8′N,140°57.3′E,29 km,3.2,震度１,35.81333333,140.955
2012/1/14,15:07:23,胆振地方中東部,42°56.0′N,142°12.3′E,130 km,3.5,震度１,42.93333333,142.205
2012/1/14,18:57:54,岩手県沖,40°08.6′N,142°28.3′E,34 km,4.7,震度３,40.14333333,142.4716667
2012/1/14,21:52:23,茨城県南部,36°04.6′N,140°25.2′E,32 km,3.1,震度１,36.07666667,140.42
2012/1/15,0:45:39,茨城県沖,36°25.6′N,140°39.5′E,53 km,3.8,震度２,36.42666667,140.6583333
2012/1/15,5:32:39,宮城県沖,38°16.8′N,141°52.7′E,46 km,3.9,震度１,38.28,141.8783333
2012/1/15,6:20:09,宮古島近海,24°49.0′N,125°23.2′E,50 km,3.5,震度１,24.81666667,125.3866667
2012/1/15,7:12:46,岐阜県美濃東部,35°21.6′N,137°15.4′E,51 km,3.6,震度２,35.36,137.2566667
2012/1/15,9:43:23,千葉県北西部,35°43.9′N,139°56.0′E,49 km,3.6,震度２,35.73166667,139.9333333
2012/1/15,16:15:10,千葉県東方沖,35°49.0′N,140°49.9′E,11 km,3.2,震度１,35.81666667,140.8316667
2012/1/15,19:36:47,宮城県沖,38°51.3′N,142°03.1′E,46 km,3.8,震度３,38.855,142.0516667
2012/1/15,23:48:11,和歌山県北部,34°16.7′N,135°15.0′E,7 km,2.8,震度１,34.27833333,135.25
2012/1/16,4:47:41,千葉県東方沖,35°46.8′N,140°52.1′E,11 km,3.1,震度１,35.78,140.8683333
2012/1/16,6:13:35,秋田県内陸南部,39°36.4′N,140°34.5′E,6 km,2.3,震度２,39.60666667,140.575
2012/1/16,7:18:52,宮崎県南部平野部,31°26.1′N,131°19.7′E,46 km,3.1,震度１,31.435,131.3283333
2012/1/16,10:38:11,宮城県沖,38°24.2′N,141°54.6′E,59 km,4,震度２,38.40333333,141.91
2012/1/16,13:02:53,宮城県沖,38°16.5′N,141°52.1′E,63 km,3.7,震度１,38.275,141.8683333
2012/1/16,15:20:56,千葉県北東部,35°44.9′N,140°40.5′E,46 km,3.6,震度１,35.74833333,140.675
2012/1/16,15:29:02,千葉県北東部,35°45.0′N,140°40.6′E,47 km,3.8,震度２,35.75,140.6766667
2012/1/16,16:40:30,内浦湾,42°08.4′N,140°34.2′E,14 km,2.9,震度２,42.14,140.57
2012/1/16,17:46:03,千葉県南東沖,35°08.4′N,140°26.4′E,17 km,2.7,震度１,35.14,140.44
2012/1/16,19:26:42,茨城県沖,36°14.2′N,140°57.6′E,33 km,3.6,震度１,36.23666667,140.96
2012/1/16,20:50:37,千葉県北東部,35°45.3′N,140°40.1′E,45 km,3.5,震度１,35.755,140.6683333
2012/1/16,21:51:41,宮城県沖,38°41.6′N,142°05.6′E,34 km,3.4,震度１,38.69333333,142.0933333
2012/1/17,3:25:10,茨城県北部,36°40.5′N,140°38.7′E,9 km,3.6,震度２,36.675,140.645
2012/1/17,5:48:28,遠州灘,34°30.2′N,136°59.2′E,31 km,3.6,震度１,34.50333333,136.9866667
2012/1/17,5:56:37,紀伊水道,33°55.5′N,135°01.6′E,9 km,3.2,震度２,33.925,135.0266667
2012/1/17,7:06:36,静岡県西部,35°00.7′N,137°52.4′E,12 km,3.1,震度１,35.01166667,137.8733333
2012/1/17,8:13:05,東京湾,35°34.7′N,140°04.7′E,1 km,2.2,震度１,35.57833333,140.0783333
2012/1/17,9:12:49,釧路地方中南部,43°07.7′N,144°01.0′E,94 km,3.4,震度１,43.12833333,144.0166667
2012/1/17,12:10:50,岩手県沖,40°21.3′N,142°04.7′E,50 km,3.3,震度１,40.355,142.0783333
2012/1/17,12:30:15,茨城県南部,36°03.9′N,139°51.6′E,46 km,4.7,震度３,36.065,139.86
2012/1/17,13:16:57,和歌山県北部,34°01.9′N,135°13.8′E,7 km,2.5,震度１,34.03166667,135.23
2012/1/17,14:21:43,福島県沖,37°21.4′N,141°19.3′E,33 km,3.2,震度１,37.35666667,141.3216667
2012/1/17,14:40:31,八丈島近海,33°24.5′N,139°07.1′E,33 km,3.8,震度１,33.40833333,139.1183333
2012/1/17,17:20:49,岩手県沖,39°09.1′N,142°23.9′E,34 km,3.6,震度１,39.15166667,142.3983333
2012/1/18,1:21:41,千葉県東方沖,35°45.6′N,140°55.1′E,16 km,3.2,震度１,35.76,140.9183333
2012/1/18,2:10:07,茨城県沖,36°25.7′N,141°05.7′E,46 km,3.5,震度１,36.42833333,141.095
2012/1/18,3:01:23,宮城県沖,38°41.7′N,142°14.4′E,39 km,3.9,震度１,38.695,142.24
2012/1/18,3:08:03,千葉県東方沖,35°51.9′N,140°52.8′E,14 km,3.8,震度１,35.865,140.88
2012/1/18,3:52:58,千葉県東方沖,35°30.9′N,140°56.9′E,35 km,3.3,震度１,35.515,140.9483333
2012/1/18,6:08:44,千葉県北西部,35°47.3′N,140°05.3′E,65 km,3.3,震度１,35.78833333,140.0883333
2012/1/18,8:18:16,奄美大島近海,28°14.4′N,129°11.2′E,52 km,3.4,震度１,28.24,129.1866667
2012/1/18,10:25:00,千葉県北西部,35°46.8′N,140°06.8′E,63 km,3.8,震度２,35.78,140.1133333
2012/1/18,12:10:03,福島県浜通り,37°10.9′N,140°42.9′E,7 km,4.2,震度３,37.18166667,140.715
2012/1/18,12:38:54,茨城県北部,36°52.4′N,140°38.8′E,6 km,3.4,震度１,36.87333333,140.6466667
2012/1/18,17:55:40,宮城県沖,38°37.1′N,141°54.5′E,48 km,4.3,震度３,38.61833333,141.9083333
2012/1/18,18:55:42,福島県中通り,37°05.0′N,140°33.5′E,7 km,3,震度２,37.08333333,140.5583333
2012/1/18,18:56:42,宮城県沖,38°26.8′N,141°50.1′E,55 km,3.6,震度１,38.44666667,141.835
2012/1/18,19:22:10,宮城県沖,38°27.0′N,141°49.6′E,54 km,3.1,震度１,38.45,141.8266667
2012/1/18,20:12:50,福島県中通り,37°05.1′N,140°33.1′E,7 km,2.8,震度１,37.085,140.5516667
2012/1/18,22:29:26,福島県浜通り,37°10.7′N,140°43.1′E,6 km,4.1,震度３,37.17833333,140.7183333
2012/1/18,22:55:21,茨城県北部,36°25.7′N,140°36.4′E,67 km,3.3,震度１,36.42833333,140.6066667
2012/1/18,23:05:53,岩手県沖,39°23.2′N,142°12.9′E,48 km,3.7,震度１,39.38666667,142.215
2012/1/19,1:16:27,茨城県北部,36°52.5′N,140°39.0′E,6 km,3.3,震度１,36.875,140.65
2012/1/19,3:05:25,宮城県沖,38°11.9′N,141°35.9′E,53 km,3.4,震度１,38.19833333,141.5983333
2012/1/19,4:32:49,岩手県沖,39°06.8′N,142°27.4′E,30 km,4.3,震度２,39.11333333,142.4566667
2012/1/19,8:37:07,茨城県北部,36°46.6′N,140°34.0′E,9 km,3.1,震度２,36.77666667,140.5666667
2012/1/19,9:10:10,宮城県沖,38°20.0′N,141°47.9′E,50 km,4.2,震度２,38.33333333,141.7983333
2012/1/19,10:11:07,岩手県沖,39°03.1′N,142°01.6′E,48 km,3.9,震度２,39.05166667,142.0266667
2012/1/19,12:33:35,千葉県東方沖,35°47.4′N,140°53.7′E,12 km,3.3,震度１,35.79,140.895
2012/1/19,14:30:53,宮城県沖,38°26.1′N,141°59.3′E,50 km,3.3,震度１,38.435,141.9883333
2012/1/19,16:42:03,岩手県沖,39°10.6′N,142°25.3′E,33 km,4.4,震度２,39.17666667,142.4216667
2012/1/19,17:01:36,奄美大島近海,28°38.9′N,129°35.6′E,15 km,3.6,震度１,28.64833333,129.5933333
2012/1/19,20:50:33,茨城県沖,36°14.5′N,141°03.6′E,37 km,3.9,震度２,36.24166667,141.06
2012/1/19,21:23:30,千葉県東方沖,35°45.9′N,140°57.2′E,12 km,3.9,震度２,35.765,140.9533333
2012/1/19,21:35:07,茨城県北部,36°41.4′N,140°37.7′E,8 km,2.6,震度１,36.69,140.6283333
2012/1/19,22:09:47,千葉県東方沖,35°46.4′N,140°58.8′E,14 km,4.5,震度３,35.77333333,140.98
2012/1/19,22:39:26,高知県東部,33°31.4′N,133°59.4′E,16 km,3.1,震度１,33.52333333,133.99
2012/1/20,8:14:22,宮城県沖,38°20.2′N,142°13.5′E,33 km,4.2,震度２,38.33666667,142.225
2012/1/20,13:51:55,宮城県沖,38°14.6′N,141°46.7′E,48 km,3.5,震度１,38.24333333,141.7783333
2012/1/20,17:29:01,宮城県沖,38°21.4′N,142°06.9′E,36 km,4.1,震度２,38.35666667,142.115
2012/1/20,17:36:44,日向灘,31°58.4′N,131°36.1′E,37 km,3.9,震度２,31.97333333,131.6016667
2012/1/20,21:02:59,福島県会津,37°39.3′N,139°55.5′E,9 km,2.4,震度１,37.655,139.925
2012/1/20,22:30:48,福島県沖,37°47.8′N,143°33.1′E,48 km,5,震度１,37.79666667,143.5516667
2012/1/21,0:01:11,福島県浜通り,37°00.2′N,140°45.8′E,9 km,3.2,震度１,37.00333333,140.7633333
2012/1/21,2:08:23,宮城県沖,38°10.4′N,141°45.7′E,56 km,3.6,震度１,38.17333333,141.7616667
2012/1/21,2:16:12,宮城県沖,38°23.6′N,142°13.0′E,43 km,3.7,震度１,38.39333333,142.2166667
2012/1/21,2:53:21,沖縄本島近海,27°13.6′N,128°43.9′E,31 km,3.4,震度１,27.22666667,128.7316667
2012/1/21,3:52:36,青森県東方沖,41°29.2′N,141°59.9′E,64 km,3.8,震度２,41.48666667,141.9983333
2012/1/21,4:27:23,宮城県北部,38°49.9′N,140°37.1′E,5 km,1.7,震度１,38.83166667,140.6183333
2012/1/21,6:20:09,福島県沖,37°28.1′N,141°19.7′E,27 km,3.7,震度２,37.46833333,141.3283333
2012/1/21,7:23:07,福島県浜通り,37°00.1′N,140°46.3′E,10 km,3.4,震度２,37.00166667,140.7716667
2012/1/21,14:50:05,沖縄本島近海,25°59.7′N,128°24.5′E,50 km,4.5,震度１,25.995,128.4083333
2012/1/21,19:31:36,茨城県北部,36°44.1′N,140°36.6′E,7 km,2.9,震度１,36.735,140.61
2012/1/21,22:32:25,茨城県沖,36°43.7′N,141°06.9′E,43 km,3.7,震度１,36.72833333,141.115
2012/1/22,10:20:26,茨城県南部,36°14.7′N,140°02.3′E,59 km,4.1,震度３,36.245,140.0383333
2012/1/22,12:09:01,千葉県東方沖,35°32.0′N,140°54.3′E,38 km,4.5,震度２,35.53333333,140.905
2012/1/22,12:11:53,千葉県東方沖,35°32.7′N,140°56.6′E,41 km,3.8,震度２,35.545,140.9433333
2012/1/22,13:19:03,宮城県沖,38°48.4′N,142°00.7′E,47 km,3.3,震度１,38.80666667,142.0116667
2012/1/22,13:42:42,苫小牧沖,42°09.7′N,141°33.2′E,89 km,3.1,震度１,42.16166667,141.5533333
2012/1/22,13:44:01,宮崎県南部山沿い,31°54.5′N,131°00.1′E,9 km,3.3,震度２,31.90833333,131.0016667
2012/1/22,22:46:29,国後島付近,43°25.7′N,145°28.9′E,90 km,3.6,震度１,43.42833333,145.4816667
2012/1/22,23:43:54,宮城県沖,38°54.6′N,142°07.8′E,44 km,3.6,震度１,38.91,142.13
2012/1/22,23:59:08,茨城県沖,36°43.3′N,141°09.4′E,45 km,3.9,震度１,36.72166667,141.1566667
2012/1/23,3:46:35,茨城県北部,36°40.7′N,140°38.4′E,7 km,2.6,震度１,36.67833333,140.64
2012/1/23,7:14:48,千葉県東方沖,35°47.1′N,140°56.4′E,14 km,3.5,震度１,35.785,140.94
2012/1/23,7:52:20,宮城県沖,38°40.3′N,141°53.0′E,56 km,4.2,震度３,38.67166667,141.8833333
2012/1/23,13:37:00,千葉県東方沖,35°35.9′N,140°55.0′E,16 km,3.2,震度１,35.59833333,140.9166667
2012/1/23,16:43:55,宮城県沖,38°17.2′N,142°11.2′E,18 km,3.9,震度１,38.28666667,142.1866667
2012/1/23,18:18:14,千葉県東方沖,35°33.1′N,140°56.1′E,40 km,3.6,震度１,35.55166667,140.935
2012/1/23,20:18:37,福島県沖,37°21.4′N,142°13.9′E,23 km,4.1,震度１,37.35666667,142.2316667
2012/1/23,20:45:41,福島県沖,37°03.5′N,141°11.4′E,52 km,5.1,震度５弱,37.05833333,141.19
2012/1/23,22:43:46,宮城県沖,37°51.3′N,141°55.3′E,34 km,4.1,震度１,37.855,141.9216667
2012/1/24,2:26:27,日高地方中部,42°15.0′N,142°33.7′E,11 km,2.6,震度１,42.25,142.5616667
2012/1/24,3:19:20,茨城県沖,36°34.4′N,141°03.6′E,53 km,3.8,震度２,36.57333333,141.06
2012/1/24,9:26:40,岩手県沖,40°08.7′N,142°27.1′E,35 km,4.2,震度２,40.145,142.4516667
2012/1/24,13:26:05,茨城県北部,36°41.3′N,140°37.8′E,7 km,2.9,震度２,36.68833333,140.63
2012/1/24,13:55:32,茨城県沖,36°38.9′N,140°52.1′E,24 km,3,震度１,36.64833333,140.8683333
2012/1/24,17:07:44,福島県沖,37°04.2′N,141°11.2′E,51 km,4,震度３,37.07,141.1866667
2012/1/24,18:34:27,徳島県北部,33°59.4′N,134°26.3′E,39 km,2.9,震度１,33.99,134.4383333
2012/1/24,23:05:45,宮城県沖,38°33.2′N,141°41.8′E,55 km,2.7,震度１,38.55333333,141.6966667
2012/1/25,2:04:07,茨城県北部,36°46.0′N,140°37.0′E,5 km,2.9,震度１,36.76666667,140.6166667
2012/1/25,2:06:59,宗谷東方沖,45°46.6′N,143°10.2′E,336 km,4.7,震度１,45.77666667,143.17
2012/1/25,2:35:49,茨城県沖,36°43.5′N,141°13.5′E,38 km,4.4,震度２,36.725,141.225
2012/1/25,5:19:35,千葉県東方沖,35°36.0′N,140°53.5′E,17 km,3.3,震度１,35.6,140.8916667
2012/1/25,8:06:54,茨城県北部,36°41.8′N,140°37.9′E,8 km,2.3,震度１,36.69666667,140.6316667
2012/1/25,13:16:35,相模湾,35°06.3′N,139°29.0′E,35 km,2.6,震度１,35.105,139.4833333
2012/1/25,18:30:27,福島県中通り,37°04.3′N,140°34.4′E,6 km,2.3,震度１,37.07166667,140.5733333
2012/1/25,22:50:04,山形県置賜地方,37°48.6′N,140°01.3′E,9 km,3.2,震度１,37.81,140.0216667
2012/1/26,1:33:52,宮城県沖,38°25.3′N,142°19.4′E,26 km,3.4,震度１,38.42166667,142.3233333
2012/1/26,5:21:24,茨城県沖,36°46.7′N,141°17.5′E,30 km,4.6,震度２,36.77833333,141.2916667
2012/1/26,5:42:55,宮城県沖,38°10.5′N,141°41.5′E,51 km,5.2,震度４,38.175,141.6916667
2012/1/26,8:32:19,茨城県沖,36°47.2′N,141°16.8′E,27 km,4.2,震度１,36.78666667,141.28
2012/1/26,12:34:43,千葉県北東部,35°43.7′N,140°52.9′E,11 km,3,震度１,35.72833333,140.8816667
2012/1/26,15:43:00,秋田県内陸南部,39°34.6′N,140°32.4′E,6 km,1.9,震度１,39.57666667,140.54
2012/1/26,16:49:26,茨城県沖,36°47.0′N,141°17.6′E,30 km,3.8,震度１,36.78333333,141.2933333
2012/1/26,18:02:38,岩手県沖,39°52.6′N,142°10.0′E,47 km,3.5,震度１,39.87666667,142.1666667
2012/1/26,21:22:16,福島県沖,37°03.2′N,141°08.6′E,52 km,4.2,震度２,37.05333333,141.1433333
2012/1/27,0:55:29,宮城県沖,38°00.4′N,141°25.5′E,63 km,3.6,震度１,38.00666667,141.425
2012/1/27,3:25:30,茨城県沖,36°10.5′N,140°56.9′E,43 km,3.4,震度１,36.175,140.9483333
2012/1/27,6:25:12,熊本県天草・芦北地方,32°17.4′N,130°33.7′E,6 km,2.1,震度１,32.29,130.5616667
2012/1/27,9:26:30,福島県浜通り,37°05.1′N,140°46.5′E,9 km,2.6,震度１,37.085,140.775
2012/1/27,10:08:32,三陸沖,38°01.2′N,143°47.8′E,43 km,4.9,震度２,38.02,143.7966667
2012/1/27,11:31:55,宮城県沖,38°52.9′N,141°59.2′E,49 km,3.2,震度１,38.88166667,141.9866667
2012/1/27,13:19:27,千葉県東方沖,35°46.5′N,140°58.9′E,14 km,5,震度３,35.775,140.9816667
2012/1/27,14:27:34,千葉県東方沖,35°46.1′N,140°58.9′E,15 km,4.2,震度２,35.76833333,140.9816667
2012/1/27,15:15:45,福島県中通り,36°58.9′N,140°30.0′E,6 km,2.7,震度１,36.98166667,140.5
2012/1/27,17:30:37,宮城県沖,38°37.6′N,141°55.6′E,46 km,3,震度１,38.62666667,141.9266667
2012/1/27,19:50:37,茨城県北部,36°40.7′N,140°37.4′E,13 km,3.8,震度２,36.67833333,140.6233333
2012/1/28,1:06:05,茨城県沖,36°45.6′N,141°16.2′E,31 km,3.5,震度１,36.76,141.27
2012/1/28,3:56:45,熊本県熊本地方,32°55.5′N,130°50.7′E,11 km,3,震度２,32.925,130.845
2012/1/28,4:07:51,熊本県熊本地方,32°55.5′N,130°50.6′E,11 km,2.4,震度２,32.925,130.8433333
2012/1/28,7:39:43,山梨県東部・富士五湖,35°29.5′N,138°58.7′E,18 km,4.9,震度４,35.49166667,138.9783333
2012/1/28,7:43:14,山梨県東部・富士五湖,35°29.3′N,138°58.6′E,18 km,5.4,震度５弱,35.48833333,138.9766667
2012/1/28,7:45:08,山梨県東部・富士五湖,35°29.2′N,138°58.3′E,20 km,3.8,震度２,35.48666667,138.9716667
2012/1/28,7:46:35,山梨県東部・富士五湖,35°28.6′N,138°58.8′E,21 km,4.2,震度３,35.47666667,138.98
2012/1/28,7:48:44,山梨県東部・富士五湖,35°30.1′N,138°58.7′E,19 km,3,震度１,35.50166667,138.9783333
2012/1/28,8:04:47,山梨県東部・富士五湖,35°29.8′N,138°58.8′E,18 km,4.2,震度３,35.49666667,138.98
2012/1/28,8:07:50,山梨県東部・富士五湖,35°28.3′N,138°59.4′E,21 km,3.4,震度１,35.47166667,138.99
2012/1/28,9:22:16,岩手県沖,40°09.1′N,142°25.6′E,36 km,5.7,震度４,40.15166667,142.4266667
2012/1/28,9:39:09,長野県南部,35°57.3′N,137°38.6′E,10 km,2.4,震度１,35.955,137.6433333
2012/1/28,10:58:29,山梨県東部・富士五湖,35°29.5′N,138°58.6′E,19 km,2.9,震度１,35.49166667,138.9766667
2012/1/28,12:33:30,茨城県沖,36°26.3′N,141°05.2′E,43 km,3.5,震度１,36.43833333,141.0866667
2012/1/28,12:45:41,山梨県東部・富士五湖,35°29.4′N,138°58.8′E,20 km,3,震度１,35.49,138.98
2012/1/28,13:19:43,山梨県東部・富士五湖,35°29.6′N,138°58.6′E,17 km,2.8,震度１,35.49333333,138.9766667
2012/1/28,14:03:16,岐阜県美濃中西部,35°44.2′N,137°07.0′E,8 km,3.2,震度２,35.73666667,137.1166667
2012/1/28,14:20:54,茨城県沖,36°46.2′N,141°15.1′E,37 km,4.7,震度４,36.77,141.2516667
2012/1/28,14:52:02,茨城県北部,36°36.5′N,140°34.8′E,5 km,1.8,震度１,36.60833333,140.58
2012/1/28,15:05:07,山梨県東部・富士五湖,35°28.7′N,138°59.6′E,23 km,2.7,震度１,35.47833333,138.9933333
2012/1/28,16:11:12,福島県沖,37°43.5′N,142°22.3′E,37 km,4.4,震度１,37.725,142.3716667
2012/1/28,16:14:55,石垣島近海,24°10.5′N,124°17.2′E,40 km,4.7,震度２,24.175,124.2866667
2012/1/28,21:44:25,岩手県沖,40°09.8′N,142°23.3′E,37 km,4.9,震度３,40.16333333,142.3883333
2012/1/28,22:34:43,宮城県沖,38°32.4′N,141°43.5′E,53 km,2.9,震度１,38.54,141.725
2012/1/28,23:58:06,山梨県東部・富士五湖,35°28.5′N,138°58.3′E,21 km,3,震度１,35.475,138.9716667
2012/1/29,0:19:00,山梨県東部・富士五湖,35°29.3′N,138°59.6′E,22 km,2.6,震度１,35.48833333,138.9933333
2012/1/29,1:42:33,岩手県内陸南部,38°54.7′N,141°23.2′E,82 km,3.6,震度２,38.91166667,141.3866667
2012/1/29,10:47:09,茨城県沖,36°46.2′N,141°16.7′E,32 km,3.9,震度１,36.77,141.2783333
2012/1/29,12:01:48,茨城県北部,36°36.5′N,140°34.9′E,4 km,2,震度１,36.60833333,140.5816667
2012/1/29,14:35:09,宮城県沖,38°52.6′N,141°39.5′E,65 km,3.5,震度１,38.87666667,141.6583333
2012/1/29,15:16:06,山梨県東部・富士五湖,35°29.3′N,138°58.1′E,20 km,3.1,震度１,35.48833333,138.9683333
2012/1/29,16:46:43,山梨県東部・富士五湖,35°32.2′N,138°59.0′E,21 km,4.7,震度４,35.53666667,138.9833333
2012/1/29,17:38:57,山梨県東部・富士五湖,35°30.2′N,138°58.7′E,18 km,3.1,震度１,35.50333333,138.9783333
2012/1/29,17:41:24,山梨県東部・富士五湖,35°32.3′N,138°59.1′E,22 km,3.4,震度２,35.53833333,138.985
2012/1/29,18:26:17,山梨県東部・富士五湖,35°32.4′N,138°59.3′E,21 km,2.5,震度１,35.54,138.9883333
2012/1/29,18:38:48,山梨県東部・富士五湖,35°32.3′N,138°58.7′E,20 km,3.1,震度２,35.53833333,138.9783333
2012/1/29,20:15:02,トカラ列島近海,28°30.5′N,128°56.1′E,8 km,4.2,震度２,28.50833333,128.935
2012/1/29,20:39:29,山梨県東部・富士五湖,35°28.3′N,138°58.4′E,21 km,2.7,震度１,35.47166667,138.9733333
2012/1/30,3:18:23,日向灘,32°36.8′N,132°00.2′E,39 km,4.9,震度４,32.61333333,132.0033333
2012/1/30,6:06:10,岩手県沖,39°26.4′N,142°28.8′E,34 km,4,震度１,39.44,142.48
2012/1/30,8:54:16,秋田県内陸南部,39°31.8′N,140°24.6′E,8 km,2.5,震度１,39.53,140.41
2012/1/30,10:30:08,宮城県沖,38°27.9′N,141°57.3′E,45 km,3.8,震度２,38.465,141.955
2012/1/30,11:30:19,宮城県沖,38°30.4′N,141°56.4′E,43 km,3,震度１,38.50666667,141.94
2012/1/30,13:02:41,福島県沖,37°22.0′N,141°54.0′E,38 km,3.9,震度１,37.36666667,141.9
2012/1/30,13:17:11,福島県中通り,36°50.5′N,140°31.6′E,3 km,3.5,震度１,36.84166667,140.5266667
2012/1/30,14:48:33,宮城県沖,38°50.5′N,142°22.7′E,40 km,3.5,震度１,38.84166667,142.3783333
2012/1/30,15:52:36,福島県浜通り,37°14.1′N,140°55.9′E,7 km,3.1,震度１,37.235,140.9316667
2012/1/30,16:13:32,福島県浜通り,37°14.3′N,140°55.1′E,7 km,3.5,震度２,37.23833333,140.9183333
2012/1/30,17:10:47,茨城県沖,36°48.9′N,141°08.8′E,34 km,3.8,震度２,36.815,141.1466667
2012/1/30,20:35:48,北海道東方沖,43°18.5′N,146°53.9′E,45 km,3.9,震度１,43.30833333,146.8983333
2012/1/31,2:29:14,山梨県東部・富士五湖,35°29.6′N,138°59.2′E,21 km,2.9,震度１,35.49333333,138.9866667
2012/1/31,3:14:55,トカラ列島近海,28°29.4′N,128°56.5′E,9 km,3.6,震度１,28.49,128.9416667
2012/1/31,4:21:58,新島・神津島近海,33°54.1′N,138°47.1′E,21 km,3.5,震度１,33.90166667,138.785
2012/1/31,13:35:27,宮城県沖,38°57.7′N,142°23.9′E,33 km,4.2,震度２,38.96166667,142.3983333
2012/1/31,16:13:10,岩手県内陸北部,40°09.8′N,141°10.4′E,8 km,2.5,震度１,40.16333333,141.1733333
2012/1/31,22:01:02,渡島地方東部,42°07.5′N,140°26.2′E,8 km,2.4,震度１,42.125,140.4366667
2012/1/31,22:49:47,茨城県沖,36°35.0′N,141°10.7′E,30 km,3.4,震度１,36.58333333,141.1783333
2012/2/1,3:51:49,茨城県沖,36°41.1′N,141°00.2′E,27 km,2.7,震度１,36.685,141.0033333
2012/2/1,4:30:34,宮城県沖,38°27.4′N,141°55.0′E,50 km,3.4,震度１,38.45666667,141.9166667
2012/2/1,4:35:22,福島県沖,37°10.0′N,141°37.4′E,43 km,4.4,震度２,37.16666667,141.6233333
2012/2/1,5:23:15,福島県沖,37°27.9′N,141°33.6′E,40 km,3.9,震度２,37.465,141.56
2012/2/1,6:30:20,日高地方中部,42°15.3′N,142°35.0′E,7 km,2.1,震度２,42.255,142.5833333
2012/2/1,10:54:59,新島・神津島近海,33°53.8′N,138°47.1′E,23 km,3.8,震度１,33.89666667,138.785
2012/2/1,13:28:51,神奈川県東部,35°38.7′N,139°32.2′E,24 km,2.4,震度１,35.645,139.5366667
2012/2/1,13:59:29,茨城県南部,36°11.2′N,139°57.3′E,52 km,3.1,震度１,36.18666667,139.955
2012/2/1,14:17:10,根室半島南東沖,43°23.1′N,146°25.8′E,50 km,3.8,震度１,43.385,146.43
2012/2/1,16:44:34,宮古島近海,24°40.7′N,125°09.6′E,30 km,4.2,震度３,24.67833333,125.16
2012/2/1,16:48:28,山形県置賜地方,37°48.7′N,140°01.1′E,9 km,3.3,震度１,37.81166667,140.0183333
2012/2/1,17:22:27,東京都多摩東部,35°39.7′N,139°32.5′E,20 km,2.4,震度１,35.66166667,139.5416667
2012/2/1,20:57:00,和歌山県北部,33°59.7′N,135°15.1′E,7 km,2.1,震度１,33.995,135.2516667
2012/2/1,21:36:59,石川県能登地方,37°28.3′N,137°21.2′E,13 km,3,震度１,37.47166667,137.3533333
2012/2/1,22:48:21,秋田県沖,39°13.9′N,139°48.6′E,22 km,3.5,震度２,39.23166667,139.81
2012/2/1,23:09:27,岩手県沖,39°12.1′N,142°11.7′E,49 km,4,震度１,39.20166667,142.195
2012/2/2,2:01:40,茨城県北部,36°31.4′N,140°34.2′E,58 km,3.9,震度２,36.52333333,140.57
2012/2/2,8:06:22,鳥取県西部,35°17.5′N,133°20.0′E,6 km,2,震度１,35.29166667,133.3333333
2012/2/2,10:45:30,長野県南部,35°57.3′N,137°38.6′E,10 km,2.7,震度１,35.955,137.6433333
2012/2/2,19:34:03,千葉県東方沖,35°43.8′N,140°58.6′E,36 km,3.1,震度１,35.73,140.9766667
2012/2/2,21:24:04,秋田県内陸南部,39°33.0′N,140°23.8′E,6 km,1.7,震度１,39.55,140.3966667
2012/2/2,21:25:41,宮城県沖,38°25.8′N,141°49.8′E,57 km,3.8,震度２,38.43,141.83
2012/2/2,21:29:17,北海道東方沖,43°19.4′N,146°55.5′E,43 km,4.3,震度１,43.32333333,146.925
2012/2/2,22:06:09,福島県浜通り,37°03.8′N,140°46.4′E,7 km,2.2,震度１,37.06333333,140.7733333
2012/2/3,5:16:24,熊本県熊本地方,32°55.4′N,130°50.8′E,11 km,3.2,震度２,32.92333333,130.8466667
2012/2/3,9:32:34,茨城県北部,36°23.0′N,140°34.3′E,55 km,3,震度１,36.38333333,140.5716667
2012/2/3,10:57:20,山梨県東部・富士五湖,35°29.4′N,138°57.8′E,18 km,2.7,震度１,35.49,138.9633333
2012/2/3,13:44:20,宮城県沖,38°31.9′N,141°49.9′E,50 km,3.5,震度１,38.53166667,141.8316667
2012/2/3,15:02:59,福島県中通り,37°03.9′N,140°26.6′E,6 km,3,震度２,37.065,140.4433333
2012/2/3,17:41:47,秋田県内陸南部,39°34.4′N,140°26.0′E,7 km,2.3,震度１,39.57333333,140.4333333
2012/2/3,18:52:03,岩手県沖,40°17.6′N,142°17.6′E,38 km,3.6,震度１,40.29333333,142.2933333
2012/2/3,18:59:45,宮城県沖,38°26.0′N,142°10.1′E,45 km,4.5,震度２,38.43333333,142.1683333
2012/2/3,20:12:09,秋田県内陸南部,39°36.3′N,140°34.7′E,5 km,1.7,震度１,39.605,140.5783333
2012/2/3,21:44:11,沖縄本島近海,26°08.4′N,126°27.6′E,72 km,3.9,震度１,26.14,126.46
2012/2/3,22:48:40,日高地方中部,42°15.9′N,142°33.7′E,10 km,2.1,震度１,42.265,142.5616667
2012/2/4,2:36:40,岩手県沖,39°06.7′N,142°23.8′E,33 km,3.9,震度１,39.11166667,142.3966667
2012/2/4,6:02:00,福島県沖,36°54.4′N,141°23.5′E,53 km,3.8,震度１,36.90666667,141.3916667
2012/2/4,6:51:36,岩手県沖,39°38.0′N,142°06.3′E,48 km,3.8,震度２,39.63333333,142.105
2012/2/4,8:32:30,岩手県沖,39°37.9′N,142°06.4′E,48 km,3.9,震度２,39.63166667,142.1066667
2012/2/4,8:41:12,宮城県沖,38°53.1′N,141°58.7′E,50 km,3.9,震度２,38.885,141.9783333
2012/2/4,10:16:27,京都府南部,35°18.4′N,135°45.4′E,6 km,2.5,震度１,35.30666667,135.7566667
2012/2/4,11:54:22,与那国島近海,24°37.3′N,122°37.7′E,117 km,4.9,震度２,24.62166667,122.6283333
2012/2/4,14:56:01,福島県沖,37°19.0′N,141°47.5′E,42 km,4.2,震度１,37.31666667,141.7916667
2012/2/4,16:21:10,宮城県沖,38°14.1′N,141°51.6′E,63 km,3.9,震度１,38.235,141.86
2012/2/4,17:01:21,茨城県北部,36°40.1′N,140°36.2′E,7 km,3.1,震度２,36.66833333,140.6033333
2012/2/4,17:30:45,岐阜県飛騨地方,36°11.1′N,137°11.5′E,6 km,2.7,震度１,36.185,137.1916667
2012/2/4,19:21:42,茨城県南部,36°14.9′N,140°06.6′E,65 km,3.9,震度２,36.24833333,140.11
2012/2/4,20:29:07,秋田県内陸南部,39°34.7′N,140°29.3′E,7 km,2.4,震度１,39.57833333,140.4883333
2012/2/5,2:13:18,宮城県沖,38°24.6′N,141°34.2′E,64 km,3.3,震度１,38.41,141.57
2012/2/5,3:02:55,岩手県沖,40°09.5′N,142°28.4′E,34 km,4.1,震度２,40.15833333,142.4733333
2012/2/5,4:45:12,福島県沖,37°26.3′N,141°17.8′E,34 km,3.6,震度２,37.43833333,141.2966667
2012/2/5,7:19:31,福島県浜通り,37°05.2′N,140°40.2′E,8 km,2.8,震度１,37.08666667,140.67
2012/2/5,7:54:52,福島県浜通り,36°59.9′N,140°39.4′E,8 km,3,震度１,36.99833333,140.6566667
2012/2/5,8:00:50,宮城県沖,38°21.4′N,142°13.2′E,43 km,4,震度２,38.35666667,142.22
2012/2/5,8:26:34,山梨県東部・富士五湖,35°29.4′N,138°58.4′E,19 km,2.8,震度１,35.49,138.9733333
2012/2/5,8:59:07,茨城県沖,36°07.7′N,140°54.7′E,38 km,4.5,震度３,36.12833333,140.9116667
2012/2/5,9:11:12,茨城県南部,36°16.2′N,140°03.0′E,57 km,3.3,震度１,36.27,140.05
2012/2/5,9:37:54,千葉県東方沖,35°39.5′N,140°41.1′E,46 km,3.6,震度２,35.65833333,140.685
2012/2/5,10:35:38,宮城県沖,38°24.3′N,142°10.4′E,33 km,3.5,震度１,38.405,142.1733333
2012/2/5,16:45:15,宮城県沖,38°26.2′N,142°12.4′E,32 km,4.2,震度１,38.43666667,142.2066667
2012/2/5,21:44:58,宮城県沖,38°38.2′N,141°54.7′E,48 km,3.9,震度２,38.63666667,141.9116667
2012/2/5,23:16:58,宮城県沖,38°27.1′N,142°17.4′E,36 km,4,震度１,38.45166667,142.29
2012/2/6,7:05:44,茨城県沖,36°27.7′N,141°01.2′E,17 km,5,震度３,36.46166667,141.02
2012/2/6,12:22:41,釧路沖,42°56.3′N,144°40.8′E,38 km,3.9,震度２,42.93833333,144.68
2012/2/6,14:31:30,茨城県沖,36°25.6′N,141°00.0′E,40 km,4,震度２,36.42666667,141
2012/2/6,20:04:35,福島県沖,36°58.1′N,141°09.7′E,52 km,3.6,震度１,36.96833333,141.1616667
2012/2/7,1:05:58,岩手県内陸南部,39°16.3′N,141°08.4′E,128 km,3.7,震度２,39.27166667,141.14
2012/2/7,3:43:55,茨城県沖,36°34.8′N,141°09.6′E,33 km,3.8,震度１,36.58,141.16
2012/2/7,4:19:25,千葉県北東部,35°44.3′N,140°50.1′E,13 km,3.7,震度２,35.73833333,140.835
2012/2/7,6:23:35,宮城県沖,38°26.6′N,142°10.6′E,29 km,4.2,震度１,38.44333333,142.1766667
2012/2/7,7:38:52,福島県沖,37°38.8′N,141°52.3′E,32 km,4.2,震度２,37.64666667,141.8716667
2012/2/7,8:10:32,東京都多摩東部,35°36.5′N,139°25.8′E,28 km,3.4,震度２,35.60833333,139.43
2012/2/7,20:10:56,茨城県北部,36°42.6′N,140°35.2′E,8 km,3.2,震度１,36.71,140.5866667
2012/2/7,22:30:04,宗谷東方沖,45°28.4′N,142°21.5′E,314 km,4.9,震度２,45.47333333,142.3583333
2012/2/7,22:37:55,千葉県北西部,35°48.4′N,140°08.5′E,65 km,4.3,震度２,35.80666667,140.1416667
2012/2/8,1:00:29,静岡県西部,35°00.9′N,137°52.4′E,11 km,2.8,震度１,35.015,137.8733333
2012/2/8,6:41:29,茨城県沖,36°33.6′N,140°40.7′E,12 km,4,震度４,36.56,140.6783333
2012/2/8,9:57:10,福島県会津,37°44.5′N,139°59.2′E,7 km,3.4,震度２,37.74166667,139.9866667
2012/2/8,11:54:30,千葉県東方沖,35°45.8′N,140°52.4′E,12 km,3.2,震度１,35.76333333,140.8733333
2012/2/8,15:21:06,福島県沖,37°26.6′N,141°17.6′E,29 km,3.5,震度１,37.44333333,141.2933333
2012/2/8,15:37:04,長野県北部,36°29.5′N,137°54.7′E,10 km,2.1,震度１,36.49166667,137.9116667
2012/2/8,16:12:21,長野県北部,36°29.8′N,137°55.1′E,9 km,2.1,震度１,36.49666667,137.9183333
2012/2/8,17:13:46,長野県北部,36°29.7′N,137°54.8′E,10 km,2.1,震度１,36.495,137.9133333
2012/2/8,18:53:49,国後島付近,43°31.6′N,145°25.8′E,125 km,3.7,震度１,43.52666667,145.43
2012/2/8,20:36:39,茨城県沖,36°39.0′N,141°01.9′E,47 km,3.9,震度３,36.65,141.0316667
2012/2/8,20:38:42,福島県沖,37°40.6′N,141°51.3′E,31 km,4.1,震度１,37.67666667,141.855
2012/2/8,21:01:38,佐渡付近,37°51.9′N,138°10.2′E,14 km,5.7,震度５強,37.865,138.17
2012/2/8,21:08:57,佐渡付近,37°52.7′N,138°10.1′E,13 km,3.1,震度１,37.87833333,138.1683333
2012/2/8,21:22:37,佐渡付近,37°53.0′N,138°10.1′E,12 km,3.1,震度１,37.88333333,138.1683333
2012/2/8,23:09:05,宮城県沖,38°32.2′N,142°12.8′E,34 km,3.6,震度１,38.53666667,142.2133333
2012/2/9,0:22:49,佐渡付近,37°53.5′N,138°10.2′E,12 km,3,震度１,37.89166667,138.17
2012/2/9,0:27:28,岩手県沖,39°06.9′N,142°06.8′E,45 km,3.7,震度１,39.115,142.1133333
2012/2/9,3:15:01,奄美大島近海,28°38.9′N,129°36.4′E,16 km,3.6,震度１,28.64833333,129.6066667
2012/2/9,4:22:30,青森県西方沖,41°14.2′N,140°17.4′E,153 km,4.2,震度１,41.23666667,140.29
2012/2/9,12:41:05,トカラ列島近海,29°34.7′N,129°41.8′E,5 km,,震度１,29.57833333,129.6966667
2012/2/9,12:49:17,トカラ列島近海,29°34.8′N,129°41.8′E,7 km,,震度１,29.58,129.6966667
2012/2/9,12:55:19,日向灘,31°30.3′N,131°49.6′E,22 km,4.6,震度３,31.505,131.8266667
2012/2/9,12:56:20,茨城県沖,36°33.3′N,140°50.5′E,51 km,2.9,震度１,36.555,140.8416667
2012/2/9,14:12:04,岐阜県飛騨地方,36°09.6′N,137°34.8′E,3 km,2,震度１,36.16,137.58
2012/2/9,14:18:52,千葉県東方沖,35°48.0′N,140°55.2′E,16 km,3.5,震度１,35.8,140.92
2012/2/9,15:14:35,伊豆半島東方沖,35°00.9′N,139°07.3′E,9 km,3.7,震度３,35.015,139.1216667
2012/2/9,16:00:46,宮城県沖,38°13.8′N,141°52.4′E,50 km,4.1,震度２,38.23,141.8733333
2012/2/9,16:09:47,福島県沖,37°08.5′N,141°22.5′E,50 km,4.1,震度２,37.14166667,141.375
2012/2/9,17:06:53,熊本県熊本地方,32°46.6′N,130°49.2′E,11 km,2.4,震度１,32.77666667,130.82
2012/2/9,19:22:05,千葉県北東部,35°28.8′N,140°25.9′E,26 km,3.4,震度２,35.48,140.4316667
2012/2/9,22:02:15,宮城県沖,38°42.0′N,141°47.8′E,53 km,2.9,震度１,38.7,141.7966667
2012/2/9,23:38:59,長野県北部,36°29.8′N,137°54.8′E,10 km,2.4,震度１,36.49666667,137.9133333
2012/2/10,0:22:39,千葉県北西部,35°41.4′N,140°07.8′E,64 km,3.3,震度１,35.69,140.13
2012/2/10,1:58:22,茨城県沖,36°49.6′N,141°14.2′E,36 km,3.7,震度２,36.82666667,141.2366667
2012/2/10,3:33:12,岩手県沖,39°38.9′N,142°06.5′E,48 km,3.2,震度１,39.64833333,142.1083333
2012/2/10,6:52:01,宮城県中部,38°22.9′N,140°48.0′E,107 km,4.4,震度３,38.38166667,140.8
2012/2/10,13:35:05,茨城県沖,36°11.4′N,140°53.0′E,45 km,3.2,震度１,36.19,140.8833333
2012/2/10,13:43:28,福島県沖,37°10.9′N,141°14.1′E,36 km,3.5,震度１,37.18166667,141.235
2012/2/10,13:56:56,秋田県内陸北部,40°03.0′N,140°33.1′E,10 km,3.8,震度３,40.05,140.5516667
2012/2/10,14:10:33,茨城県北部,36°50.5′N,140°35.1′E,8 km,3.8,震度２,36.84166667,140.585
2012/2/10,15:29:34,宮城県沖,38°32.5′N,142°03.0′E,41 km,3.5,震度１,38.54166667,142.05
2012/2/10,17:31:58,秋田県内陸南部,39°35.0′N,140°21.9′E,6 km,2.7,震度１,39.58333333,140.365
2012/2/10,18:43:31,茨城県沖,36°38.9′N,141°02.0′E,47 km,3.1,震度１,36.64833333,141.0333333
2012/2/10,19:56:46,北海道北西沖,44°27.6′N,141°39.5′E,11 km,3.1,震度１,44.46,141.6583333
2012/2/11,7:07:33,茨城県南部,36°04.5′N,139°52.8′E,47 km,3.4,震度２,36.075,139.88
2012/2/11,7:19:36,茨城県北部,36°35.2′N,140°37.5′E,7 km,1.7,震度１,36.58666667,140.625
2012/2/11,10:26:57,千葉県北西部,36°05.2′N,139°47.3′E,46 km,4.7,震度３,36.08666667,139.7883333
2012/2/11,18:40:45,和歌山県北部,34°01.1′N,135°16.3′E,7 km,3.2,震度１,34.01833333,135.2716667
2012/2/11,20:27:49,青森県東方沖,41°15.2′N,141°42.7′E,20 km,3.8,震度２,41.25333333,141.7116667
2012/2/11,20:42:28,茨城県沖,36°20.8′N,140°57.6′E,39 km,2.9,震度１,36.34666667,140.96
2012/2/12,0:58:03,千葉県東方沖,35°47.5′N,140°52.3′E,15 km,3.7,震度１,35.79166667,140.8716667
2012/2/12,1:22:11,茨城県沖,36°35.6′N,141°05.0′E,23 km,3.3,震度１,36.59333333,141.0833333
2012/2/12,3:35:02,福島県沖,37°22.2′N,141°39.8′E,29 km,4.1,震度１,37.37,141.6633333
2012/2/12,4:55:49,宮城県沖,38°43.5′N,142°11.2′E,42 km,4.6,震度３,38.725,142.1866667
2012/2/12,7:38:26,宮城県沖,38°18.9′N,141°54.9′E,45 km,3.6,震度１,38.315,141.915
2012/2/12,10:51:04,山梨県東部・富士五湖,35°28.8′N,138°56.9′E,19 km,3.6,震度２,35.48,138.9483333
2012/2/12,11:04:29,宮城県沖,38°17.5′N,142°13.2′E,34 km,3.5,震度１,38.29166667,142.22
2012/2/12,13:41:02,三陸沖,38°33.2′N,144°10.2′E,45 km,5,震度２,38.55333333,144.17
2012/2/12,17:26:04,茨城県沖,36°19.0′N,140°58.1′E,38 km,3.9,震度２,36.31666667,140.9683333
2012/2/12,18:15:40,茨城県北部,36°41.9′N,140°34.9′E,9 km,3.1,震度１,36.69833333,140.5816667
2012/2/13,0:51:56,千葉県北西部,35°39.4′N,140°04.8′E,69 km,3.4,震度１,35.65666667,140.08
2012/2/13,5:58:03,宮城県沖,38°16.1′N,142°26.8′E,36 km,4,震度１,38.26833333,142.4466667
2012/2/13,16:21:23,福島県浜通り,36°59.3′N,140°45.9′E,10 km,3.1,震度１,36.98833333,140.765
2012/2/13,19:03:46,岩手県沖,39°25.7′N,142°25.8′E,34 km,3.9,震度１,39.42833333,142.43
2012/2/13,22:11:29,沖縄本島近海,26°32.4′N,128°44.8′E,26 km,4.3,震度１,26.54,128.7466667
2012/2/14,4:06:05,日高地方中部,42°15.6′N,142°36.0′E,7 km,2,震度１,42.26,142.6
2012/2/14,8:21:13,茨城県北部,36°43.0′N,140°36.3′E,8 km,3.2,震度１,36.71666667,140.605
2012/2/14,9:56:52,千葉県東方沖,35°41.1′N,140°52.4′E,11 km,3.1,震度１,35.685,140.8733333
2012/2/14,11:49:46,福島県浜通り,36°58.9′N,140°44.9′E,12 km,3.5,震度１,36.98166667,140.7483333
2012/2/14,12:27:48,茨城県沖,36°13.2′N,141°37.9′E,59 km,5.6,震度３,36.22,141.6316667
2012/2/14,12:29:55,茨城県沖,36°13.5′N,141°41.1′E,52 km,5,震度２,36.225,141.685
2012/2/14,13:33:46,長野県北部,36°29.7′N,137°54.9′E,9 km,2.3,震度１,36.495,137.915
2012/2/14,13:54:17,島根県西部,35°05.6′N,132°39.9′E,9 km,2.2,震度１,35.09333333,132.665
2012/2/14,15:21:59,茨城県沖,36°13.0′N,141°35.8′E,54 km,6,震度３,36.21666667,141.5966667
2012/2/14,19:48:24,三陸沖,39°22.2′N,144°20.2′E,58 km,4.8,震度２,39.37,144.3366667
2012/2/14,20:15:10,千葉県東方沖,35°38.1′N,141°00.9′E,21 km,3.9,震度１,35.635,141.015
2012/2/14,21:40:16,長野県北部,36°30.0′N,137°55.2′E,9 km,3.6,震度４,36.5,137.92
2012/2/14,21:41:30,茨城県沖,36°39.3′N,140°58.8′E,49 km,3.9,震度２,36.655,140.98
2012/2/14,21:47:24,長野県北部,36°29.8′N,137°55.3′E,10 km,1.9,震度１,36.49666667,137.9216667
2012/2/14,21:55:51,長野県北部,36°29.6′N,137°55.4′E,9 km,1.9,震度１,36.49333333,137.9233333
2012/2/14,22:21:21,長野県北部,36°29.6′N,137°55.0′E,9 km,2,震度１,36.49333333,137.9166667
2012/2/14,22:56:28,福島県沖,37°17.5′N,141°25.1′E,47 km,3.1,震度１,37.29166667,141.4183333
2012/2/15,3:51:49,千葉県東方沖,35°43.7′N,141°26.7′E,23 km,4.1,震度１,35.72833333,141.445
2012/2/15,4:15:11,千葉県東方沖,35°38.1′N,141°02.1′E,22 km,4.2,震度２,35.635,141.035
2012/2/15,5:00:31,宮城県北部,38°57.5′N,141°38.8′E,70 km,3.4,震度１,38.95833333,141.6466667
2012/2/15,5:35:01,茨城県北部,36°41.9′N,140°36.5′E,5 km,3.1,震度１,36.69833333,140.6083333
2012/2/15,7:34:40,茨城県沖,36°14.7′N,141°38.3′E,54 km,4.9,震度２,36.245,141.6383333
2012/2/15,11:59:47,渡島地方東部,42°07.1′N,140°26.6′E,13 km,3.2,震度２,42.11833333,140.4433333
2012/2/15,13:36:33,渡島地方東部,42°07.3′N,140°26.5′E,8 km,3.6,震度３,42.12166667,140.4416667
2012/2/15,14:55:12,渡島地方東部,42°07.3′N,140°26.2′E,8 km,2.6,震度１,42.12166667,140.4366667
2012/2/15,15:28:35,福島県沖,37°46.8′N,141°37.9′E,47 km,4.8,震度３,37.78,141.6316667
2012/2/15,21:02:23,静岡県西部,35°00.9′N,137°52.5′E,12 km,2.7,震度１,35.015,137.875
2012/2/16,2:32:18,茨城県沖,36°09.4′N,141°00.3′E,34 km,4.3,震度３,36.15666667,141.005
2012/2/16,7:19:55,千葉県南部,35°01.8′N,139°58.3′E,68 km,3.3,震度１,35.03,139.9716667
2012/2/16,10:43:08,福島県沖,37°21.4′N,141°19.3′E,41 km,3.3,震度１,37.35666667,141.3216667
2012/2/16,11:58:18,駿河湾,34°47.9′N,138°40.9′E,12 km,3.2,震度１,34.79833333,138.6816667
2012/2/16,13:50:09,北海道南西沖,41°55.6′N,139°17.8′E,20 km,4.2,震度３,41.92666667,139.2966667
2012/2/16,14:09:39,宮城県沖,38°32.7′N,142°04.5′E,42 km,4.3,震度３,38.545,142.075
2012/2/16,14:21:58,福島県沖,36°53.7′N,141°03.8′E,51 km,3.4,震度１,36.895,141.0633333
2012/2/17,0:30:15,福島県中通り,37°03.7′N,140°33.6′E,7 km,3.2,震度２,37.06166667,140.56
2012/2/17,2:42:16,福島県沖,37°03.2′N,141°11.9′E,50 km,3.6,震度２,37.05333333,141.1983333
2012/2/17,4:29:25,福島県沖,37°16.1′N,141°05.3′E,15 km,2.8,震度１,37.26833333,141.0883333
2012/2/17,4:50:27,山形県置賜地方,37°47.1′N,140°00.1′E,9 km,3,震度１,37.785,140.0016667
2012/2/17,6:00:32,静岡県西部,34°55.2′N,138°02.5′E,13 km,3.7,震度２,34.92,138.0416667
2012/2/17,6:48:05,秋田県内陸南部,39°35.1′N,140°21.9′E,6 km,2.4,震度１,39.585,140.365
2012/2/17,16:13:58,茨城県北部,36°39.9′N,140°36.3′E,7 km,2.5,震度１,36.665,140.605
2012/2/17,18:08:00,宮城県沖,38°23.4′N,141°53.1′E,63 km,3.3,震度１,38.39,141.885
2012/2/17,19:23:35,千葉県東方沖,35°45.5′N,140°55.7′E,13 km,3.1,震度１,35.75833333,140.9283333
2012/2/17,19:37:13,愛知県東部,34°56.9′N,137°38.4′E,39 km,3.1,震度１,34.94833333,137.64
2012/2/17,19:55:18,福島県沖,37°30.9′N,141°51.8′E,40 km,3.8,震度１,37.515,141.8633333
2012/2/17,21:48:25,紀伊水道,34°03.7′N,135°04.9′E,10 km,3,震度２,34.06166667,135.0816667
2012/2/18,3:10:25,石垣島近海,24°09.3′N,124°19.4′E,38 km,3.7,震度１,24.155,124.3233333
2012/2/18,6:18:08,茨城県沖,36°29.3′N,140°42.0′E,14 km,3.2,震度２,36.48833333,140.7
2012/2/18,6:21:59,茨城県沖,36°29.2′N,140°42.0′E,14 km,2.8,震度１,36.48666667,140.7
2012/2/18,9:38:37,千葉県東方沖,35°33.4′N,141°01.0′E,38 km,4.2,震度１,35.55666667,141.0166667
2012/2/18,10:59:11,浦河沖,41°53.0′N,142°29.8′E,63 km,4.2,震度２,41.88333333,142.4966667
2012/2/18,13:56:32,東京湾,35°35.1′N,140°05.1′E,2 km,3.8,震度３,35.585,140.085
2012/2/18,14:13:11,東京湾,35°35.0′N,140°05.2′E,2 km,4.2,震度４,35.58333333,140.0866667
2012/2/18,16:07:24,宮城県沖,38°41.5′N,141°42.2′E,54 km,3.9,震度２,38.69166667,141.7033333
2012/2/18,16:22:20,茨城県沖,36°30.3′N,140°57.5′E,49 km,3.6,震度１,36.505,140.9583333
2012/2/18,17:43:58,釧路地方中南部,43°12.5′N,145°17.0′E,74 km,3.7,震度１,43.20833333,145.2833333
2012/2/18,20:57:25,茨城県北部,36°39.9′N,140°36.5′E,8 km,2.5,震度１,36.665,140.6083333
2012/2/18,22:43:47,茨城県沖,36°38.3′N,140°56.7′E,49 km,3.2,震度１,36.63833333,140.945
2012/2/18,23:20:27,茨城県沖,36°28.2′N,140°58.3′E,17 km,4.8,震度３,36.47,140.9716667
2012/2/18,23:35:37,島根県東部,35°10.3′N,132°40.2′E,7 km,2.8,震度１,35.17166667,132.67
2012/2/19,3:22:03,千葉県北東部,35°52.8′N,140°25.5′E,30 km,2.9,震度１,35.88,140.425
2012/2/19,4:31:35,千葉県北東部,35°37.3′N,140°22.5′E,25 km,2.8,震度１,35.62166667,140.375
2012/2/19,6:44:00,宮城県沖,38°02.2′N,141°50.4′E,47 km,4.4,震度２,38.03666667,141.84
2012/2/19,9:57:49,福島県沖,37°13.7′N,141°53.0′E,39 km,4,震度１,37.22833333,141.8833333
2012/2/19,12:11:20,宮古島近海,24°37.3′N,125°12.2′E,31 km,3.4,震度１,24.62166667,125.2033333
2012/2/19,14:54:50,茨城県北部,36°45.0′N,140°35.3′E,7 km,5.2,震度５弱,36.75,140.5883333
2012/2/19,21:52:43,福島県沖,37°09.3′N,141°07.8′E,36 km,3.8,震度２,37.155,141.13
2012/2/19,22:12:27,茨城県北部,36°44.4′N,140°36.4′E,7 km,3.8,震度２,36.74,140.6066667
2012/2/19,22:28:59,茨城県北部,36°51.1′N,140°34.2′E,8 km,3.5,震度１,36.85166667,140.57
2012/2/19,23:18:37,茨城県北部,36°44.5′N,140°37.1′E,7 km,3,震度１,36.74166667,140.6183333
2012/2/20,2:27:35,秋田県内陸南部,39°28.6′N,140°24.9′E,10 km,2.2,震度１,39.47666667,140.415
2012/2/20,5:42:41,茨城県北部,36°41.1′N,140°38.2′E,7 km,2.4,震度１,36.685,140.6366667
2012/2/20,6:55:16,秋田県内陸南部,39°28.7′N,140°24.9′E,10 km,2.6,震度２,39.47833333,140.415
2012/2/20,8:42:51,栃木県北部,36°38.7′N,139°27.6′E,3 km,2,震度１,36.645,139.46
2012/2/20,10:42:41,奄美大島近海,28°36.2′N,129°27.4′E,49 km,3.5,震度１,28.60333333,129.4566667
2012/2/20,11:18:40,八丈島近海,33°04.3′N,139°49.8′E,0 km,,震度１,33.07166667,139.83
2012/2/20,13:20:35,安芸灘,33°52.0′N,132°21.9′E,48 km,3.1,震度１,33.86666667,132.365
2012/2/20,13:28:10,茨城県北部,36°41.1′N,140°38.3′E,7 km,3.4,震度３,36.685,140.6383333
2012/2/20,13:29:43,奄美大島近海,27°58.8′N,129°23.0′E,32 km,3.4,震度１,27.98,129.3833333
2012/2/20,18:37:17,千葉県北東部,35°25.6′N,140°23.6′E,53 km,3.6,震度１,35.42666667,140.3933333
2012/2/20,21:16:19,山形県置賜地方,37°47.9′N,140°01.5′E,8 km,3.1,震度１,37.79833333,140.025
2012/2/20,21:21:15,山形県置賜地方,37°48.0′N,140°01.4′E,8 km,3.2,震度１,37.8,140.0233333
2012/2/20,21:40:07,茨城県北部,36°50.5′N,140°38.1′E,8 km,3.5,震度２,36.84166667,140.635
2012/2/20,22:43:09,福島県沖,37°07.5′N,141°12.7′E,29 km,3.7,震度２,37.125,141.2116667
2012/2/20,23:40:43,千葉県南部,35°01.4′N,139°57.8′E,68 km,3.4,震度１,35.02333333,139.9633333
2012/2/21,4:16:22,宮城県沖,38°50.2′N,142°20.4′E,40 km,4.2,震度２,38.83666667,142.34
2012/2/21,7:37:09,茨城県北部,36°47.8′N,140°33.8′E,7 km,3.9,震度２,36.79666667,140.5633333
2012/2/21,9:34:27,千葉県北東部,35°51.9′N,140°29.4′E,36 km,3.6,震度２,35.865,140.49
2012/2/21,10:22:35,京都府南部,35°16.2′N,135°49.2′E,13 km,3.4,震度２,35.27,135.82
2012/2/21,20:14:27,陸奥湾,41°04.6′N,141°02.7′E,105 km,3.8,震度１,41.07666667,141.045
2012/2/21,21:04:29,宮城県沖,38°35.2′N,141°31.5′E,60 km,2.8,震度１,38.58666667,141.525
2012/2/21,23:36:25,佐渡付近,37°54.6′N,138°09.1′E,15 km,3.9,震度２,37.91,138.1516667
2012/2/21,23:44:24,佐渡付近,37°54.6′N,138°09.3′E,15 km,3.4,震度２,37.91,138.155
2012/2/22,1:17:04,奄美大島近海,28°11.5′N,129°30.7′E,33 km,3.1,震度１,28.19166667,129.5116667
2012/2/22,2:26:40,茨城県北部,36°42.6′N,140°35.7′E,7 km,3.3,震度２,36.71,140.595
2012/2/22,2:58:56,千葉県北西部,35°33.7′N,140°08.0′E,63 km,3.2,震度１,35.56166667,140.1333333
2012/2/22,4:13:44,茨城県南部,36°04.2′N,139°54.6′E,44 km,3.1,震度１,36.07,139.91
2012/2/22,5:35:43,青森県東方沖,41°34.4′N,142°03.6′E,63 km,3.5,震度１,41.57333333,142.06
2012/2/22,5:43:32,茨城県北部,36°45.6′N,140°33.1′E,9 km,3.1,震度１,36.76,140.5516667
2012/2/22,7:43:26,宮城県沖,37°52.0′N,142°30.8′E,40 km,3.8,震度１,37.86666667,142.5133333
2012/2/22,9:54:04,千葉県東方沖,35°39.9′N,140°57.4′E,17 km,3.9,震度１,35.665,140.9566667
2012/2/22,10:55:22,岩手県沖,39°05.9′N,142°24.0′E,32 km,4,震度１,39.09833333,142.4
2012/2/22,13:07:28,福島県中通り,37°00.9′N,140°35.3′E,9 km,3,震度１,37.015,140.5883333
2012/2/22,17:28:16,岩手県沖,40°08.1′N,142°08.2′E,56 km,3.9,震度２,40.135,142.1366667
2012/2/22,20:03:24,宮城県沖,38°32.0′N,141°43.1′E,54 km,3.6,震度１,38.53333333,141.7183333
2012/2/22,22:10:34,茨城県沖,35°58.4′N,141°06.6′E,25 km,3.6,震度１,35.97333333,141.11
2012/2/23,5:35:11,千葉県北西部,35°37.3′N,140°09.0′E,67 km,2.8,震度１,35.62166667,140.15
2012/2/23,12:20:02,岐阜県飛騨地方,36°17.0′N,137°02.6′E,9 km,2.9,震度１,36.28333333,137.0433333
2012/2/23,13:09:25,福島県浜通り,37°00.1′N,140°37.5′E,17 km,3.3,震度１,37.00166667,140.625
2012/2/23,15:43:56,福島県浜通り,37°09.8′N,141°00.3′E,11 km,2.6,震度１,37.16333333,141.005
2012/2/24,0:26:39,浦河沖,42°02.2′N,142°26.9′E,68 km,4.1,震度２,42.03666667,142.4483333
2012/2/24,4:27:58,岩手県沖,39°00.5′N,142°18.6′E,58 km,4.8,震度３,39.00833333,142.31
2012/2/24,4:30:31,岩手県沖,39°00.5′N,142°18.0′E,56 km,3.7,震度１,39.00833333,142.3
2012/2/24,11:45:08,茨城県南部,36°01.9′N,140°05.5′E,63 km,3.5,震度１,36.03166667,140.0916667
2012/2/24,13:10:35,茨城県南部,35°59.2′N,140°04.6′E,63 km,4.2,震度３,35.98666667,140.0766667
2012/2/25,0:59:39,宮城県沖,38°18.5′N,142°19.8′E,27 km,4,震度１,38.30833333,142.33
2012/2/25,4:53:48,長野県南部,35°49.8′N,137°35.1′E,6 km,2.4,震度２,35.83,137.585
2012/2/25,5:14:55,宮城県沖,38°21.2′N,141°46.9′E,56 km,3.8,震度１,38.35333333,141.7816667
2012/2/25,5:48:58,広島県北部,35°00.7′N,132°55.9′E,7 km,2.2,震度１,35.01166667,132.9316667
2012/2/25,6:02:23,長野県北部,36°57.8′N,138°33.0′E,6 km,3,震度２,36.96333333,138.55
2012/2/25,7:33:20,茨城県沖,36°36.3′N,141°00.4′E,46 km,3.9,震度１,36.605,141.0066667
2012/2/25,8:00:27,福島県沖,36°55.9′N,141°03.6′E,50 km,3.3,震度１,36.93166667,141.06
2012/2/25,14:15:25,茨城県北部,36°41.2′N,140°38.1′E,7 km,3.3,震度１,36.68666667,140.635
2012/2/25,15:42:10,千葉県北西部,35°34.4′N,140°08.5′E,70 km,3.2,震度１,35.57333333,140.1416667
2012/2/25,17:27:26,福島県会津,37°40.1′N,139°55.6′E,9 km,2.5,震度１,37.66833333,139.9266667
2012/2/25,20:39:24,福島県中通り,37°01.7′N,140°35.0′E,8 km,3,震度１,37.02833333,140.5833333
2012/2/25,23:26:58,茨城県北部,36°27.4′N,140°36.4′E,54 km,3.7,震度２,36.45666667,140.6066667
2012/2/26,4:12:50,岐阜県飛騨地方,36°17.0′N,137°02.6′E,9 km,3.6,震度２,36.28333333,137.0433333
2012/2/26,4:31:12,茨城県沖,36°17.9′N,140°58.2′E,39 km,3.2,震度１,36.29833333,140.97
2012/2/26,5:42:00,宮城県沖,38°33.2′N,141°41.4′E,55 km,2.8,震度１,38.55333333,141.69
2012/2/26,7:37:04,豊後水道,33°17.8′N,132°18.3′E,42 km,3,震度１,33.29666667,132.305
2012/2/26,11:35:00,台湾付近,22°38.9′N,120°46.0′E,31 km,6.2,震度１,22.64833333,120.7666667
2012/2/26,16:05:34,釧路沖,42°38.9′N,144°28.0′E,56 km,4.1,震度２,42.64833333,144.4666667
2012/2/26,17:58:36,宮城県沖,38°19.6′N,141°37.0′E,55 km,3.3,震度１,38.32666667,141.6166667
2012/2/26,20:00:28,宮城県沖,38°33.1′N,141°41.6′E,55 km,2.7,震度１,38.55166667,141.6933333
2012/2/26,20:26:47,宮城県沖,38°32.6′N,141°43.2′E,53 km,3.3,震度１,38.54333333,141.72
2012/2/26,22:01:02,山梨県東部・富士五湖,35°28.8′N,138°59.1′E,22 km,3.7,震度２,35.48,138.985
2012/2/26,23:19:16,福島県沖,37°29.6′N,141°52.6′E,38 km,4.2,震度２,37.49333333,141.8766667
2012/2/27,5:58:28,宮城県沖,38°53.1′N,141°57.4′E,49 km,2.8,震度１,38.885,141.9566667
2012/2/27,7:57:40,茨城県沖,36°18.4′N,141°02.0′E,45 km,3.7,震度１,36.30666667,141.0333333
2012/2/27,9:25:39,茨城県沖,36°18.3′N,141°02.6′E,45 km,3.3,震度１,36.305,141.0433333
2012/2/27,10:11:46,与那国島近海,23°50.1′N,123°21.6′E,30 km,5.5,震度２,23.835,123.36
2012/2/27,11:25:33,青森県東方沖,40°30.4′N,142°53.3′E,15 km,4.6,震度１,40.50666667,142.8883333
2012/2/27,16:34:51,福島県中通り,37°01.0′N,140°35.8′E,8 km,3.1,震度１,37.01666667,140.5966667
2012/2/27,16:48:24,石川県能登地方,37°21.6′N,136°57.6′E,10 km,2.9,震度１,37.36,136.96
2012/2/27,20:32:03,岩手県沖,39°52.8′N,142°09.8′E,48 km,4,震度２,39.88,142.1633333
2012/2/28,1:29:24,沖縄本島近海,25°30.3′N,127°16.5′E,45 km,4.9,震度２,25.505,127.275
2012/2/28,1:30:34,宮城県沖,38°32.1′N,141°49.2′E,50 km,4.5,震度３,38.535,141.82
2012/2/28,2:47:36,千葉県南部,35°12.8′N,140°04.3′E,114 km,3.8,震度１,35.21333333,140.0716667
2012/2/28,4:31:49,沖縄本島近海,25°30.0′N,127°15.5′E,48 km,5.7,震度３,25.5,127.2583333
2012/2/28,4:56:55,沖縄本島近海,25°30.3′N,127°15.8′E,46 km,4.7,震度１,25.505,127.2633333
2012/2/28,5:00:14,福島県浜通り,37°13.1′N,140°54.9′E,7 km,2.5,震度１,37.21833333,140.915
2012/2/28,13:33:57,和歌山県北部,34°09.2′N,135°14.4′E,4 km,2.5,震度２,34.15333333,135.24
2012/2/28,13:40:30,茨城県沖,36°18.6′N,142°10.2′E,64 km,4.9,震度１,36.31,142.17
2012/2/28,14:20:48,茨城県沖,36°32.1′N,140°58.0′E,23 km,5.1,震度４,36.535,140.9666667
2012/2/28,14:31:08,茨城県北部,36°43.1′N,140°37.1′E,6 km,3.1,震度２,36.71833333,140.6183333
2012/2/28,15:25:48,千葉県東方沖,35°42.8′N,140°55.4′E,13 km,2.9,震度１,35.71333333,140.9233333
2012/2/28,23:14:00,宮城県沖,38°21.9′N,141°52.8′E,65 km,4,震度２,38.365,141.88
2012/2/28,23:30:11,根室半島南東沖,43°12.0′N,145°44.1′E,92 km,4.1,震度２,43.2,145.735
2012/2/29,0:07:33,小笠原諸島西方沖,28°10.5′N,139°44.5′E,521 km,6,震度１,28.175,139.7416667
2012/2/29,1:23:00,日向灘,31°45.3′N,131°59.5′E,28 km,4.5,震度２,31.755,131.9916667
2012/2/29,1:57:24,千葉県東方沖,35°33.2′N,141°00.0′E,39 km,3.7,震度１,35.55333333,141
2012/2/29,2:12:44,日向灘,31°45.5′N,131°58.8′E,27 km,3.5,震度１,31.75833333,131.98
2012/2/29,7:52:41,福島県沖,37°18.3′N,143°54.9′E,59 km,4.9,震度１,37.305,143.915
2012/2/29,8:43:57,茨城県沖,36°37.8′N,141°08.2′E,18 km,3.6,震度１,36.63,141.1366667
2012/2/29,8:49:13,伊豆大島近海,34°57.6′N,139°35.0′E,33 km,3.5,震度１,34.96,139.5833333
2012/2/29,18:00:03,福島県沖,37°17.3′N,141°40.6′E,44 km,5.4,震度４,37.28833333,141.6766667
2012/2/29,19:33:35,日向灘,31°45.2′N,132°00.0′E,25 km,4.1,震度２,31.75333333,132
2012/2/29,20:31:31,三陸沖,39°35.2′N,143°42.0′E,20 km,4.6,震度１,39.58666667,143.7
2012/2/29,20:41:02,千葉県北西部,35°51.7′N,140°28.7′E,34 km,3,震度１,35.86166667,140.4783333
2012/2/29,23:32:46,千葉県東方沖,35°20.1′N,141°16.7′E,39 km,5.9,震度４,35.335,141.2783333
2012/3/1,6:19:55,紀伊水道,34°06.5′N,135°05.7′E,9 km,2.1,震度１,34.10833333,135.095
2012/3/1,7:32:33,茨城県沖,36°26.3′N,140°37.5′E,56 km,5.3,震度５弱,36.43833333,140.625
2012/3/1,11:12:26,千葉県東方沖,35°15.8′N,141°12.4′E,37 km,4.7,震度２,35.26333333,141.2066667
2012/3/1,12:25:12,茨城県沖,36°50.2′N,141°12.1′E,38 km,4.3,震度２,36.83666667,141.2016667
2012/3/1,23:00:44,熊本県熊本地方,32°43.8′N,130°44.0′E,11 km,2.6,震度１,32.73,130.7333333
2012/3/1,23:48:51,熊本県熊本地方,32°43.8′N,130°44.1′E,11 km,3.4,震度２,32.73,130.735
2012/3/1,23:49:54,福島県沖,37°00.6′N,141°08.2′E,51 km,4.1,震度３,37.01,141.1366667
2012/3/2,0:13:46,茨城県沖,36°07.9′N,140°58.4′E,37 km,3.3,震度１,36.13166667,140.9733333
2012/3/2,1:49:12,宮崎県南部山沿い,31°42.9′N,131°02.9′E,7 km,2.2,震度１,31.715,131.0483333
2012/3/2,3:27:15,秋田県内陸南部,39°36.7′N,140°31.2′E,6 km,2.1,震度１,39.61166667,140.52
2012/3/2,9:08:30,日向灘,32°37.2′N,132°00.2′E,39 km,3.3,震度１,32.62,132.0033333
2012/3/2,13:58:24,熊本県阿蘇地方,32°52.3′N,131°05.7′E,0 km,0.5,震度１,32.87166667,131.095
2012/3/2,18:09:31,茨城県北部,36°44.6′N,140°34.7′E,9 km,3.1,震度１,36.74333333,140.5783333
2012/3/2,19:11:41,千葉県東方沖,35°14.5′N,141°22.0′E,34 km,5.2,震度２,35.24166667,141.3666667
2012/3/3,6:16:18,宮城県沖,38°37.0′N,141°54.6′E,48 km,3.7,震度２,38.61666667,141.91
2012/3/3,6:48:29,新潟県中越地方,36°58.7′N,138°37.4′E,9 km,2.3,震度１,36.97833333,138.6233333
2012/3/3,7:19:10,浦河沖,42°00.0′N,142°35.5′E,63 km,3.8,震度１,42,142.5916667
2012/3/3,8:46:45,長野県南部,35°55.9′N,138°09.4′E,8 km,2.5,震度１,35.93166667,138.1566667
2012/3/3,9:24:23,静岡県伊豆地方,34°58.0′N,139°07.3′E,5 km,2.6,震度１,34.96666667,139.1216667
2012/3/3,9:41:38,岩手県沖,39°40.0′N,142°07.7′E,48 km,3.2,震度１,39.66666667,142.1283333
2012/3/3,15:06:33,日高地方東部,42°14.2′N,142°54.9′E,54 km,3.9,震度２,42.23666667,142.915
2012/3/3,16:54:54,宮城県沖,38°37.0′N,141°54.8′E,47 km,2.9,震度１,38.61666667,141.9133333
2012/3/3,17:21:17,宮崎県北部平野部,32°16.2′N,131°18.5′E,77 km,3.4,震度１,32.27,131.3083333
2012/3/3,19:31:45,沖縄本島近海,26°17.4′N,127°11.3′E,10 km,2.9,震度１,26.29,127.1883333
2012/3/3,21:33:41,山梨県東部・富士五湖,35°35.9′N,139°02.4′E,25 km,2.9,震度２,35.59833333,139.04
2012/3/3,22:03:53,岩手県沿岸北部,40°08.8′N,141°41.9′E,59 km,3.8,震度２,40.14666667,141.6983333
2012/3/3,22:26:19,宮城県沖,38°55.0′N,141°55.9′E,52 km,3.9,震度２,38.91666667,141.9316667
2012/3/3,23:25:54,茨城県北部,36°39.8′N,140°36.3′E,7 km,2.8,震度１,36.66333333,140.605
2012/3/4,0:05:58,茨城県北部,36°39.9′N,140°36.3′E,7 km,2.5,震度１,36.665,140.605
2012/3/4,1:58:16,福島県沖,37°03.5′N,141°35.9′E,44 km,3.8,震度１,37.05833333,141.5983333
2012/3/4,2:10:33,宮崎県南部山沿い,31°55.9′N,131°03.0′E,5 km,2.3,震度１,31.93166667,131.05
2012/3/4,2:48:20,茨城県沖,36°19.7′N,140°59.4′E,45 km,3.9,震度１,36.32833333,140.99
2012/3/4,12:41:26,茨城県北部,36°45.6′N,140°34.3′E,9 km,3.1,震度１,36.76,140.5716667
2012/3/4,14:15:03,茨城県北部,36°41.1′N,140°38.2′E,7 km,3.2,震度３,36.685,140.6366667
2012/3/4,19:25:34,宮城県沖,38°53.1′N,141°58.8′E,49 km,3.2,震度１,38.885,141.98
2012/3/4,21:30:28,福島県浜通り,37°07.8′N,140°47.1′E,3 km,1.5,震度１,37.13,140.785
2012/3/4,23:33:32,紀伊水道,33°40.6′N,135°06.5′E,41 km,3.3,震度１,33.67666667,135.1083333
2012/3/5,1:14:31,埼玉県北部,36°06.3′N,139°09.2′E,20 km,2.1,震度１,36.105,139.1533333
2012/3/5,1:31:09,宮城県沖,38°19.9′N,142°06.4′E,35 km,3.8,震度１,38.33166667,142.1066667
2012/3/5,1:32:40,宮城県沖,38°53.3′N,141°58.0′E,50 km,3.8,震度１,38.88833333,141.9666667
2012/3/5,2:52:15,与那国島近海,24°05.5′N,122°38.2′E,39 km,4.5,震度１,24.09166667,122.6366667
2012/3/5,13:39:44,福島県沖,36°59.6′N,141°15.6′E,28 km,3.9,震度１,36.99333333,141.26
2012/3/5,15:24:24,岩手県沖,40°09.0′N,142°30.7′E,33 km,5.1,震度３,40.15,142.5116667
2012/3/5,15:26:38,岩手県沖,40°09.1′N,142°27.4′E,32 km,4,震度２,40.15166667,142.4566667
2012/3/5,21:52:00,宮城県沖,38°13.2′N,142°06.2′E,41 km,3.5,震度１,38.22,142.1033333
2012/3/5,23:15:48,茨城県南部,35°53.8′N,140°21.8′E,38 km,3.3,震度１,35.89666667,140.3633333
2012/3/6,4:28:28,宮城県沖,38°42.0′N,141°47.9′E,53 km,3.1,震度１,38.7,141.7983333
2012/3/6,5:57:15,秋田県内陸南部,39°27.0′N,140°21.9′E,10 km,1.7,震度１,39.45,140.365
2012/3/6,6:55:35,栃木県北部,36°38.0′N,139°29.9′E,6 km,2.4,震度１,36.63333333,139.4983333
2012/3/6,9:25:15,岩手県沖,39°07.8′N,142°18.2′E,41 km,3.6,震度１,39.13,142.3033333
2012/3/6,9:30:34,茨城県沖,36°31.5′N,141°02.6′E,34 km,3.4,震度１,36.525,141.0433333
2012/3/6,9:47:32,茨城県沖,36°39.3′N,141°00.2′E,18 km,3.6,震度１,36.655,141.0033333
2012/3/6,11:15:05,宮城県沖,38°33.3′N,141°41.8′E,54 km,2.7,震度１,38.555,141.6966667
2012/3/6,16:05:20,茨城県南部,36°14.4′N,140°06.5′E,54 km,3.7,震度２,36.24,140.1083333
2012/3/6,18:50:20,福島県沖,37°46.4′N,141°46.5′E,50 km,4.5,震度２,37.77333333,141.775
2012/3/6,18:58:06,福島県沖,37°03.6′N,141°08.6′E,51 km,3.5,震度１,37.06,141.1433333
2012/3/6,20:16:59,茨城県沖,35°47.2′N,141°57.9′E,23 km,4.8,震度１,35.78666667,141.965
2012/3/6,20:34:31,宮城県沖,38°19.5′N,142°05.0′E,36 km,3.8,震度１,38.325,142.0833333
2012/3/7,4:26:26,青森県東方沖,40°37.1′N,142°00.9′E,45 km,3.9,震度２,40.61833333,142.015
2012/3/7,6:58:21,茨城県沖,35°54.4′N,141°00.8′E,17 km,3.6,震度１,35.90666667,141.0133333
2012/3/7,10:12:36,福島県沖,37°05.1′N,141°08.3′E,52 km,3.8,震度２,37.085,141.1383333
2012/3/7,11:58:01,千葉県北東部,35°42.8′N,140°35.8′E,46 km,3.1,震度１,35.71333333,140.5966667
2012/3/7,14:34:06,岩手県沖,39°14.3′N,142°24.4′E,34 km,4.3,震度２,39.23833333,142.4066667
2012/3/7,15:18:08,沖縄本島近海,25°31.8′N,127°16.8′E,47 km,5.2,震度２,25.53,127.28
2012/3/7,16:49:00,沖縄本島近海,25°29.7′N,127°15.8′E,36 km,4.2,震度１,25.495,127.2633333
2012/3/7,23:55:55,新潟県中越地方,37°01.7′N,138°41.5′E,9 km,1.8,震度１,37.02833333,138.6916667
2012/3/8,0:19:31,新潟県中越地方,37°01.3′N,138°41.8′E,6 km,2.7,震度３,37.02166667,138.6966667
2012/3/8,3:41:24,宮城県沖,38°19.4′N,141°55.6′E,63 km,3.8,震度１,38.32333333,141.9266667
2012/3/8,3:50:58,茨城県南部,36°04.0′N,139°51.9′E,44 km,4.2,震度３,36.06666667,139.865
2012/3/8,12:23:28,宮城県沖,38°31.7′N,141°49.1′E,50 km,4.8,震度３,38.52833333,141.8183333
2012/3/8,13:44:33,長野県北部,36°58.5′N,138°30.3′E,10 km,2.7,震度１,36.975,138.505
2012/3/8,22:16:02,長野県北部,36°30.1′N,137°55.4′E,11 km,2.5,震度２,36.50166667,137.9233333
2012/3/9,0:22:18,長野県北部,36°30.0′N,137°55.4′E,10 km,1.7,震度１,36.5,137.9233333
2012/3/9,1:03:52,茨城県沖,36°29.1′N,140°56.8′E,32 km,2.9,震度１,36.485,140.9466667
2012/3/9,1:18:58,熊本県熊本地方,33°02.0′N,130°45.2′E,12 km,3.1,震度２,33.03333333,130.7533333
2012/3/9,1:41:34,宮城県沖,38°41.1′N,142°28.5′E,39 km,4.3,震度３,38.685,142.475
2012/3/9,9:37:03,福島県沖,37°16.2′N,141°20.3′E,57 km,3.9,震度２,37.27,141.3383333
2012/3/9,14:31:47,福島県沖,36°45.2′N,142°11.7′E,35 km,4.7,震度１,36.75333333,142.195
2012/3/9,15:54:58,茨城県北部,36°50.6′N,140°37.5′E,7 km,3.3,震度１,36.84333333,140.625
2012/3/9,19:48:58,茨城県北部,36°40.4′N,140°36.9′E,7 km,3.6,震度２,36.67333333,140.615
2012/3/10,1:36:02,岩手県沖,39°40.2′N,142°07.4′E,48 km,3.8,震度１,39.67,142.1233333
2012/3/10,2:25:31,茨城県北部,36°43.0′N,140°36.7′E,7 km,5.4,震度５弱,36.71666667,140.6116667
2012/3/10,2:32:56,茨城県北部,36°43.7′N,140°37.7′E,5 km,2.7,震度１,36.72833333,140.6283333
2012/3/10,3:15:02,千葉県東方沖,35°42.1′N,140°56.4′E,11 km,2.8,震度１,35.70166667,140.94
2012/3/10,3:15:46,茨城県北部,36°41.9′N,140°38.2′E,6 km,3.7,震度３,36.69833333,140.6366667
2012/3/10,3:19:44,茨城県北部,36°42.2′N,140°38.4′E,5 km,3.2,震度２,36.70333333,140.64
2012/3/10,3:36:39,茨城県北部,36°45.6′N,140°36.7′E,5 km,3.3,震度１,36.76,140.6116667
2012/3/10,3:38:28,茨城県北部,36°45.5′N,140°36.9′E,5 km,3.5,震度２,36.75833333,140.615
2012/3/10,5:13:49,岡山県北部,35°04.7′N,133°23.6′E,11 km,2.6,震度１,35.07833333,133.3933333
2012/3/10,5:49:12,茨城県北部,36°41.9′N,140°39.0′E,5 km,3,震度２,36.69833333,140.65
2012/3/10,7:35:46,徳島県北部,34°08.7′N,134°28.5′E,6 km,2.3,震度１,34.145,134.475
2012/3/10,7:37:14,茨城県北部,36°42.1′N,140°36.6′E,8 km,3.3,震度２,36.70166667,140.61
2012/3/10,10:33:34,宮城県沖,38°18.3′N,141°53.4′E,46 km,4.1,震度２,38.305,141.89
2012/3/10,12:13:43,宮城県沖,38°24.9′N,141°49.9′E,54 km,3.2,震度１,38.415,141.8316667
2012/3/10,12:56:15,熊本県阿蘇地方,32°52.5′N,131°06.5′E,0 km,1.7,震度１,32.875,131.1083333
2012/3/10,14:31:25,茨城県北部,36°41.9′N,140°39.1′E,4 km,2.9,震度１,36.69833333,140.6516667
2012/3/10,16:46:15,茨城県沖,35°58.5′N,141°09.1′E,22 km,3.8,震度１,35.975,141.1516667
2012/3/10,19:08:29,鹿児島県大隅地方,31°37.2′N,131°04.3′E,67 km,3.6,震度２,31.62,131.0716667
2012/3/10,20:43:53,福島県会津,37°40.3′N,139°55.5′E,8 km,3,震度２,37.67166667,139.925
2012/3/10,20:55:41,福島県沖,37°21.9′N,141°35.7′E,27 km,4.3,震度１,37.365,141.595
2012/3/10,21:19:33,茨城県北部,36°43.2′N,140°37.2′E,6 km,3.4,震度２,36.72,140.62
2012/3/11,0:40:10,福島県沖,37°15.1′N,141°26.8′E,46 km,4.1,震度２,37.25166667,141.4466667
2012/3/11,1:00:43,茨城県沖,36°36.3′N,141°04.7′E,49 km,3.9,震度２,36.605,141.0783333
2012/3/11,2:03:26,茨城県北部,36°44.6′N,140°37.3′E,4 km,2.9,震度１,36.74333333,140.6216667
2012/3/11,7:40:55,岩手県沖,39°06.1′N,142°24.9′E,30 km,3.9,震度１,39.10166667,142.415
2012/3/11,9:00:21,千葉県東方沖,35°46.0′N,140°59.0′E,14 km,3.7,震度２,35.76666667,140.9833333
2012/3/11,10:54:35,茨城県沖,36°18.2′N,141°00.6′E,42 km,3.2,震度１,36.30333333,141.01
2012/3/11,11:14:17,福島県浜通り,36°55.9′N,140°38.8′E,7 km,3.6,震度１,36.93166667,140.6466667
2012/3/11,13:13:13,岐阜県美濃中西部,35°30.6′N,136°51.5′E,16 km,2.9,震度１,35.51,136.8583333
2012/3/11,16:25:38,沖縄本島近海,25°33.1′N,127°17.3′E,46 km,4.3,震度１,25.55166667,127.2883333
2012/3/11,17:33:07,十勝地方南部,42°32.2′N,143°15.9′E,63 km,4.4,震度３,42.53666667,143.265
2012/3/11,18:25:53,茨城県北部,36°43.7′N,140°37.2′E,7 km,3.2,震度１,36.72833333,140.62
2012/3/11,20:08:31,宮城県沖,38°52.7′N,142°04.3′E,46 km,3.9,震度１,38.87833333,142.0716667
2012/3/12,6:12:52,茨城県北部,36°41.4′N,140°36.2′E,3 km,3,震度１,36.69,140.6033333
2012/3/12,7:58:09,熊本県熊本地方,32°55.2′N,130°51.3′E,8 km,3.9,震度４,32.92,130.855
2012/3/12,8:13:09,北海道東方沖,44°01.2′N,147°41.5′E,0 km,4.7,震度１,44.02,147.6916667
2012/3/12,8:18:54,熊本県熊本地方,32°55.2′N,130°51.2′E,8 km,1.8,震度１,32.92,130.8533333
2012/3/12,10:14:52,福島県浜通り,36°56.4′N,140°38.4′E,8 km,3.4,震度１,36.94,140.64
2012/3/12,11:25:30,千葉県東方沖,35°46.2′N,140°59.2′E,12 km,3.3,震度１,35.77,140.9866667
2012/3/12,19:41:21,岩手県沖,39°09.1′N,142°20.7′E,35 km,3.5,震度１,39.15166667,142.345
2012/3/12,20:07:43,東京湾,35°34.7′N,140°04.3′E,4 km,2.9,震度１,35.57833333,140.0716667
2012/3/12,21:32:48,択捉島付近,44°47.2′N,147°57.6′E,120 km,5.5,震度２,44.78666667,147.96
2012/3/12,22:38:49,茨城県北部,36°41.9′N,140°35.7′E,8 km,3.7,震度２,36.69833333,140.595
2012/3/12,22:45:40,茨城県北部,36°41.8′N,140°35.7′E,8 km,2.9,震度１,36.69666667,140.595
2012/3/13,7:46:02,福島県沖,37°23.3′N,141°16.8′E,33 km,3.9,震度２,37.38833333,141.28
2012/3/13,8:03:56,奄美大島近海,28°08.2′N,129°59.6′E,43 km,3,震度１,28.13666667,129.9933333
2012/3/13,14:51:49,新潟県中越地方,37°01.2′N,138°40.5′E,8 km,2,震度１,37.02,138.675
2012/3/13,15:29:56,福島県沖,37°22.1′N,141°10.8′E,31 km,3,震度１,37.36833333,141.18
2012/3/13,19:55:24,熊本県熊本地方,32°55.4′N,130°57.9′E,9 km,2.7,震度１,32.92333333,130.965
2012/3/14,0:39:33,宮城県沖,38°14.8′N,141°46.7′E,55 km,3.9,震度１,38.24666667,141.7783333
2012/3/14,1:50:29,長野県北部,37°00.1′N,138°32.5′E,12 km,2.5,震度１,37.00166667,138.5416667
2012/3/14,4:11:47,茨城県沖,36°41.0′N,141°07.5′E,27 km,3.4,震度１,36.68333333,141.125
2012/3/14,5:13:07,福島県中通り,37°03.9′N,140°33.5′E,7 km,2.5,震度１,37.065,140.5583333
2012/3/14,7:04:15,福島県中通り,37°08.9′N,140°31.0′E,83 km,3.1,震度１,37.14833333,140.5166667
2012/3/14,16:23:07,西表島付近,24°21.6′N,123°24.5′E,20 km,3.6,震度１,24.36,123.4083333
2012/3/14,18:08:33,三陸沖,40°46.5′N,145°13.6′E,64 km,6.9,震度４,40.775,145.2266667
2012/3/14,19:29:40,福島県沖,37°43.4′N,142°20.1′E,30 km,4.5,震度１,37.72333333,142.335
2012/3/14,19:49:23,三陸沖,40°40.8′N,144°58.0′E,69 km,6,震度３,40.68,144.9666667
2012/3/14,19:57:40,三陸沖,40°42.8′N,144°57.8′E,46 km,5.5,震度２,40.71333333,144.9633333
2012/3/14,20:40:16,三陸沖,40°53.0′N,145°07.6′E,65 km,5.5,震度１,40.88333333,145.1266667
2012/3/14,21:05:04,千葉県東方沖,35°44.8′N,140°55.9′E,15 km,6.1,震度５強,35.74666667,140.9316667
2012/3/14,21:06:39,千葉県東方沖,35°45.2′N,140°52.8′E,12 km,3.3,震度１,35.75333333,140.88
2012/3/14,21:16:41,千葉県東方沖,35°46.1′N,140°54.5′E,17 km,3.1,震度１,35.76833333,140.9083333
2012/3/14,21:25:48,千葉県東方沖,35°47.3′N,140°53.7′E,15 km,3.7,震度１,35.78833333,140.895
2012/3/14,21:27:04,千葉県東方沖,35°46.8′N,140°54.6′E,13 km,3.6,震度１,35.78,140.91
2012/3/14,21:29:49,千葉県東方沖,35°46.1′N,140°53.5′E,12 km,3.5,震度１,35.76833333,140.8916667
2012/3/14,21:40:21,千葉県東方沖,35°45.6′N,140°53.6′E,12 km,3.3,震度１,35.76,140.8933333
2012/3/14,21:58:37,千葉県東方沖,35°47.8′N,140°54.4′E,13 km,3.3,震度１,35.79666667,140.9066667
2012/3/14,21:59:26,千葉県東方沖,35°46.0′N,140°53.3′E,12 km,3.5,震度１,35.76666667,140.8883333
2012/3/14,22:25:39,千葉県東方沖,35°47.0′N,140°54.3′E,14 km,3.5,震度１,35.78333333,140.905
2012/3/14,22:28:09,宮城県沖,38°38.2′N,141°54.6′E,48 km,3.9,震度２,38.63666667,141.91
2012/3/14,22:29:53,千葉県東方沖,35°47.2′N,140°53.7′E,13 km,4.3,震度３,35.78666667,140.895
2012/3/14,22:52:29,千葉県東方沖,35°47.1′N,140°53.9′E,12 km,3.4,震度１,35.785,140.8983333
2012/3/14,23:32:00,千葉県東方沖,35°44.2′N,140°53.3′E,14 km,3.3,震度１,35.73666667,140.8883333
2012/3/15,0:23:11,千葉県東方沖,35°39.2′N,140°55.1′E,18 km,3.7,震度１,35.65333333,140.9183333
2012/3/15,1:31:01,千葉県東方沖,35°45.2′N,140°53.7′E,13 km,3,震度１,35.75333333,140.895
2012/3/15,1:39:43,千葉県東方沖,35°47.3′N,140°53.8′E,12 km,3.5,震度１,35.78833333,140.8966667
2012/3/15,1:52:05,千葉県東方沖,35°45.8′N,140°55.8′E,17 km,4.1,震度２,35.76333333,140.93
2012/3/15,1:57:19,茨城県北部,36°42.2′N,140°35.7′E,8 km,3.7,震度３,36.70333333,140.595
2012/3/15,1:58:33,千葉県東方沖,35°46.0′N,140°54.0′E,15 km,3.3,震度１,35.76666667,140.9
2012/3/15,2:10:33,千葉県東方沖,35°46.6′N,140°53.3′E,12 km,3.6,震度１,35.77666667,140.8883333
2012/3/15,2:35:36,上川地方北部,44°13.9′N,142°12.9′E,0 km,1.3,震度１,44.23166667,142.215
2012/3/15,4:50:33,岐阜県飛騨地方,36°02.9′N,137°19.8′E,9 km,2.8,震度１,36.04833333,137.33
2012/3/15,6:38:54,千葉県東方沖,35°38.5′N,141°46.4′E,57 km,5,震度２,35.64166667,141.7733333
2012/3/15,7:11:51,千葉県東方沖,35°45.2′N,140°51.3′E,9 km,3.5,震度１,35.75333333,140.855
2012/3/15,8:45:30,千葉県東方沖,35°43.1′N,140°55.7′E,9 km,3,震度１,35.71833333,140.9283333
2012/3/15,9:09:14,三陸沖,39°05.6′N,144°13.5′E,50 km,4.6,震度１,39.09333333,144.225
2012/3/15,9:25:17,千葉県東方沖,35°46.8′N,140°53.1′E,13 km,3.2,震度１,35.78,140.885
2012/3/15,10:56:26,千葉県東方沖,35°48.3′N,140°56.6′E,13 km,3.3,震度１,35.805,140.9433333
2012/3/15,11:57:13,千葉県東方沖,35°45.2′N,140°53.8′E,14 km,3.5,震度１,35.75333333,140.8966667
2012/3/15,12:50:50,千葉県北東部,35°42.3′N,140°52.8′E,10 km,3.2,震度１,35.705,140.88
2012/3/15,14:01:55,宮城県沖,38°34.9′N,142°06.2′E,34 km,3.5,震度１,38.58166667,142.1033333
2012/3/15,14:45:13,北海道南西沖,41°58.3′N,139°12.1′E,14 km,3.4,震度１,41.97166667,139.2016667
2012/3/15,15:13:01,茨城県北部,36°51.7′N,140°33.7′E,8 km,3.5,震度１,36.86166667,140.5616667
2012/3/15,19:42:15,千葉県南東沖,34°37.8′N,140°40.8′E,55 km,3.6,震度１,34.63,140.68
2012/3/15,21:59:22,千葉県北東部,35°43.2′N,140°52.1′E,8 km,2.7,震度１,35.72,140.8683333
2012/3/15,22:20:25,三陸沖,39°57.6′N,143°13.5′E,14 km,4.3,震度１,39.96,143.225
2012/3/15,23:21:48,宮城県沖,38°03.7′N,141°50.2′E,47 km,4.3,震度２,38.06166667,141.8366667
2012/3/16,0:07:07,千葉県東方沖,35°42.8′N,140°53.1′E,9 km,3.2,震度１,35.71333333,140.885
2012/3/16,0:37:24,千葉県北東部,35°42.5′N,140°52.9′E,9 km,3.1,震度１,35.70833333,140.8816667
2012/3/16,3:31:01,千葉県東方沖,35°44.6′N,140°55.0′E,12 km,3,震度１,35.74333333,140.9166667
2012/3/16,4:19:08,長野県中部,36°20.8′N,137°58.8′E,10 km,2.7,震度１,36.34666667,137.98
2012/3/16,4:20:17,埼玉県南部,35°52.8′N,139°35.4′E,94 km,5.3,震度３,35.88,139.59
2012/3/16,5:01:19,茨城県沖,36°32.6′N,140°50.7′E,51 km,3,震度１,36.54333333,140.845
2012/3/16,5:49:30,千葉県北東部,35°43.8′N,140°52.9′E,13 km,3.4,震度１,35.73,140.8816667
2012/3/16,6:50:04,紀伊水道,34°09.8′N,135°10.4′E,7 km,2.7,震度２,34.16333333,135.1733333
2012/3/16,9:14:47,千葉県東方沖,35°49.8′N,140°55.5′E,14 km,3.8,震度１,35.83,140.925
2012/3/16,10:27:50,千葉県東方沖,35°47.4′N,140°55.8′E,20 km,3.6,震度２,35.79,140.93
2012/3/16,10:38:56,千葉県東方沖,35°42.4′N,140°53.9′E,11 km,3.6,震度２,35.70666667,140.8983333
2012/3/16,14:05:11,福島県沖,37°16.1′N,141°37.2′E,42 km,3.5,震度１,37.26833333,141.62
2012/3/16,16:10:04,茨城県沖,36°36.9′N,141°00.4′E,45 km,3.2,震度１,36.615,141.0066667
2012/3/16,17:39:29,千葉県東方沖,35°42.6′N,140°53.0′E,9 km,3.2,震度１,35.71,140.8833333
2012/3/16,17:53:34,千葉県東方沖,35°44.2′N,140°54.1′E,14 km,3.6,震度１,35.73666667,140.9016667
2012/3/16,17:55:01,奈良県,34°13.6′N,135°44.9′E,61 km,3.5,震度１,34.22666667,135.7483333
2012/3/17,3:30:30,茨城県北部,36°39.9′N,140°36.3′E,7 km,2.7,震度１,36.665,140.605
2012/3/17,3:30:51,東京都多摩西部,35°50.7′N,139°00.2′E,56 km,2.7,震度１,35.845,139.0033333
2012/3/17,8:18:17,千葉県東方沖,35°42.0′N,140°57.2′E,11 km,4.4,震度２,35.7,140.9533333
2012/3/17,8:38:58,千葉県東方沖,35°42.4′N,140°57.5′E,12 km,3.7,震度２,35.70666667,140.9583333
2012/3/17,8:40:06,愛知県西部,35°11.4′N,137°13.7′E,42 km,2.7,震度１,35.19,137.2283333
2012/3/17,11:55:12,埼玉県南部,35°54.1′N,139°34.6′E,90 km,4,震度２,35.90166667,139.5766667
2012/3/17,14:05:40,千葉県東方沖,35°48.1′N,140°54.7′E,14 km,3.4,震度１,35.80166667,140.9116667
2012/3/17,14:12:16,千葉県東方沖,35°46.6′N,140°56.8′E,13 km,4,震度２,35.77666667,140.9466667
2012/3/17,14:25:53,茨城県北部,36°48.8′N,140°34.8′E,7 km,3.1,震度１,36.81333333,140.58
2012/3/17,18:11:31,千葉県東方沖,35°47.7′N,140°56.4′E,12 km,3.7,震度１,35.795,140.94
2012/3/17,20:02:08,千葉県東方沖,35°44.2′N,140°54.6′E,11 km,3.2,震度１,35.73666667,140.91
2012/3/17,20:24:40,茨城県北部,36°50.0′N,140°34.7′E,7 km,4.2,震度３,36.83333333,140.5783333
2012/3/17,22:47:39,宮城県沖,38°07.1′N,141°29.8′E,63 km,4.4,震度３,38.11833333,141.4966667
2012/3/18,1:40:40,千葉県東方沖,35°44.8′N,140°54.1′E,10 km,3.2,震度１,35.74666667,140.9016667
2012/3/18,5:10:23,新潟県中越地方,36°58.0′N,138°38.0′E,8 km,2.5,震度１,36.96666667,138.6333333
2012/3/18,6:42:44,千葉県東方沖,35°45.7′N,140°53.5′E,12 km,4.1,震度３,35.76166667,140.8916667
2012/3/18,7:28:29,千葉県東方沖,35°44.6′N,140°54.5′E,11 km,3.2,震度２,35.74333333,140.9083333
2012/3/18,8:11:31,八丈島東方沖,32°48.8′N,140°41.0′E,60 km,4.5,震度１,32.81333333,140.6833333
2012/3/18,8:50:28,茨城県北部,36°46.5′N,140°34.5′E,7 km,3.7,震度２,36.775,140.575
2012/3/18,9:36:29,岩手県沖,39°06.2′N,142°19.8′E,45 km,5,震度４,39.10333333,142.33
2012/3/18,14:55:51,岩手県沖,39°16.6′N,142°14.3′E,43 km,3.7,震度２,39.27666667,142.2383333
2012/3/18,16:45:31,秋田県内陸南部,39°30.2′N,140°25.6′E,9 km,1.7,震度１,39.50333333,140.4266667
2012/3/18,22:16:39,千葉県東方沖,35°49.8′N,140°58.8′E,14 km,4.2,震度２,35.83,140.98
2012/3/19,0:45:40,福島県中通り,37°03.1′N,140°33.1′E,7 km,2.6,震度１,37.05166667,140.5516667
2012/3/19,2:37:29,岩手県沖,39°15.4′N,142°12.1′E,84 km,4.1,震度１,39.25666667,142.2016667
2012/3/19,5:10:08,伊予灘,33°34.7′N,132°23.3′E,45 km,3.4,震度１,33.57833333,132.3883333
2012/3/19,6:03:48,千葉県東方沖,35°46.0′N,140°51.4′E,9 km,3.3,震度２,35.76666667,140.8566667
2012/3/19,11:30:06,埼玉県南部,35°54.3′N,139°35.6′E,88 km,3.7,震度１,35.905,139.5933333
2012/3/19,11:56:01,青森県東方沖,41°30.1′N,142°02.2′E,63 km,5,震度３,41.50166667,142.0366667
2012/3/19,16:54:32,千葉県東方沖,35°48.2′N,140°54.5′E,15 km,3.3,震度１,35.80333333,140.9083333
2012/3/19,19:23:20,根室半島南東沖,43°25.4′N,146°06.6′E,95 km,4.6,震度２,43.42333333,146.11
2012/3/20,4:22:48,岩手県沖,39°06.4′N,142°27.4′E,33 km,3.9,震度１,39.10666667,142.4566667
2012/3/20,5:07:54,千葉県東方沖,35°42.4′N,140°56.2′E,15 km,3.3,震度１,35.70666667,140.9366667
2012/3/20,7:06:25,福島県沖,36°51.2′N,141°08.2′E,34 km,3.9,震度２,36.85333333,141.1366667
2012/3/20,8:35:03,三陸沖,40°47.8′N,144°59.8′E,56 km,4.6,震度１,40.79666667,144.9966667
2012/3/20,8:35:03,千葉県東方沖,35°44.5′N,140°57.0′E,13 km,3.3,震度１,35.74166667,140.95
2012/3/20,16:41:51,茨城県北部,36°39.3′N,140°35.7′E,7 km,3.3,震度２,36.655,140.595
2012/3/20,18:14:40,福島県浜通り,37°11.0′N,140°42.9′E,8 km,2.9,震度１,37.18333333,140.715
2012/3/20,21:32:55,茨城県北部,36°38.3′N,140°37.8′E,10 km,2.7,震度１,36.63833333,140.63
2012/3/21,1:53:37,千葉県東方沖,35°44.2′N,141°00.8′E,36 km,3.8,震度１,35.73666667,141.0133333
2012/3/21,1:58:24,千葉県東方沖,35°44.1′N,141°01.1′E,35 km,3.6,震度１,35.735,141.0183333
2012/3/21,4:16:06,宮崎県南部山沿い,32°03.1′N,130°59.1′E,10 km,2.6,震度１,32.05166667,130.985
2012/3/21,5:31:09,和歌山県北部,34°13.6′N,135°13.9′E,4 km,2.3,震度１,34.22666667,135.2316667
2012/3/21,5:43:25,千葉県東方沖,35°44.8′N,140°55.9′E,13 km,3.8,震度２,35.74666667,140.9316667
2012/3/21,7:22:16,千葉県東方沖,35°45.2′N,140°52.9′E,20 km,3.2,震度１,35.75333333,140.8816667
2012/3/21,15:22:07,茨城県沖,36°42.7′N,141°04.7′E,45 km,3.3,震度１,36.71166667,141.0783333
2012/3/21,17:32:48,福島県沖,36°45.2′N,142°22.6′E,41 km,4.8,震度１,36.75333333,142.3766667
2012/3/21,18:06:34,茨城県北部,36°42.8′N,140°38.2′E,6 km,2.5,震度１,36.71333333,140.6366667
2012/3/21,19:03:47,根室地方北部,43°45.9′N,144°51.1′E,0 km,3.2,震度１,43.765,144.8516667
2012/3/21,21:01:31,福島県沖,36°45.1′N,142°23.6′E,41 km,5,震度１,36.75166667,142.3933333
2012/3/21,23:09:03,千葉県東方沖,35°44.3′N,140°59.7′E,36 km,3.5,震度１,35.73833333,140.995
2012/3/22,0:12:03,茨城県南部,36°15.4′N,140°03.8′E,55 km,3.4,震度２,36.25666667,140.0633333
2012/3/22,1:52:58,宮城県沖,37°50.1′N,142°34.3′E,44 km,4.4,震度１,37.835,142.5716667
2012/3/22,3:05:16,福島県沖,37°39.0′N,142°06.7′E,29 km,4.6,震度２,37.65,142.1116667
2012/3/22,3:25:05,宮城県沖,38°37.0′N,141°54.3′E,48 km,4,震度２,38.61666667,141.905
2012/3/22,6:43:58,宮城県沖,37°50.2′N,142°36.3′E,40 km,4.6,震度１,37.83666667,142.605
2012/3/22,9:25:25,福島県中通り,37°03.7′N,140°34.6′E,7 km,2.9,震度１,37.06166667,140.5766667
2012/3/23,8:59:30,埼玉県南部,35°52.8′N,139°36.8′E,86 km,3.1,震度１,35.88,139.6133333
2012/3/23,11:30:41,茨城県沖,36°17.9′N,141°01.4′E,46 km,3.3,震度１,36.29833333,141.0233333
2012/3/23,13:46:16,北海道南西沖,42°08.8′N,139°10.2′E,18 km,3.8,震度２,42.14666667,139.17
2012/3/23,17:32:36,愛知県西部,35°07.7′N,136°57.7′E,38 km,3.2,震度１,35.12833333,136.9616667
2012/3/23,19:15:01,上川地方南部,43°21.8′N,142°29.8′E,8 km,1.6,震度１,43.36333333,142.4966667
2012/3/23,20:31:36,福島県沖,37°05.2′N,141°15.9′E,56 km,3.4,震度１,37.08666667,141.265
2012/3/23,21:44:19,京都府北部,35°14.8′N,135°14.4′E,13 km,3.5,震度２,35.24666667,135.24
2012/3/23,22:55:48,千葉県東方沖,35°44.6′N,140°56.3′E,11 km,3.9,震度２,35.74333333,140.9383333
2012/3/23,23:53:16,福島県沖,37°24.0′N,141°22.0′E,34 km,4,震度３,37.4,141.3666667
2012/3/24,0:52:59,茨城県北部,36°41.2′N,140°38.3′E,8 km,3.4,震度２,36.68666667,140.6383333
2012/3/24,1:31:29,播磨灘,34°24.5′N,134°39.1′E,11 km,2.5,震度１,34.40833333,134.6516667
2012/3/24,2:49:10,宮城県沖,38°26.3′N,142°01.1′E,63 km,3.3,震度１,38.43833333,142.0183333
2012/3/24,6:14:40,播磨灘,34°24.5′N,134°39.1′E,10 km,3.4,震度２,34.40833333,134.6516667
2012/3/24,14:14:04,千葉県東方沖,35°42.3′N,140°56.0′E,14 km,3.9,震度２,35.705,140.9333333
2012/3/24,14:56:10,千葉県東方沖,35°46.7′N,140°56.1′E,13 km,3.7,震度１,35.77833333,140.935
2012/3/24,16:20:11,茨城県沖,36°20.4′N,140°55.1′E,42 km,3.5,震度１,36.34,140.9183333
2012/3/24,19:30:13,茨城県沖,36°32.3′N,140°50.4′E,50 km,2.7,震度１,36.53833333,140.84
2012/3/24,19:48:49,茨城県沖,36°32.9′N,140°53.2′E,48 km,3.3,震度１,36.54833333,140.8866667
2012/3/25,1:31:58,茨城県沖,35°53.6′N,140°48.3′E,39 km,3.5,震度１,35.89333333,140.805
2012/3/25,1:40:18,茨城県北部,36°37.9′N,140°36.0′E,5 km,2.1,震度１,36.63166667,140.6
2012/3/25,3:24:17,埼玉県南部,35°53.8′N,139°35.4′E,89 km,3.6,震度２,35.89666667,139.59
2012/3/25,3:24:40,福島県沖,37°27.9′N,141°26.8′E,39 km,3.7,震度２,37.465,141.4466667
2012/3/25,5:03:20,茨城県北部,36°49.5′N,140°35.5′E,9 km,3.1,震度１,36.825,140.5916667
2012/3/25,6:54:54,釧路沖,42°39.5′N,145°00.2′E,29 km,4.6,震度２,42.65833333,145.0033333
2012/3/25,7:15:58,茨城県北部,36°50.1′N,140°34.7′E,7 km,3.3,震度２,36.835,140.5783333
2012/3/25,8:01:07,宮城県沖,38°03.2′N,141°57.6′E,42 km,3.5,震度１,38.05333333,141.96
2012/3/25,9:16:14,宮城県沖,38°50.8′N,142°03.3′E,46 km,3.5,震度１,38.84666667,142.055
2012/3/25,11:40:06,秋田県内陸南部,39°23.9′N,140°32.0′E,9 km,2.6,震度１,39.39833333,140.5333333
2012/3/25,13:52:03,愛媛県南予,33°29.2′N,132°19.6′E,45 km,3.9,震度２,33.48666667,132.3266667
2012/3/25,16:40:57,福島県浜通り,37°13.6′N,140°54.3′E,7 km,2.9,震度１,37.22666667,140.905
2012/3/25,21:22:55,宮城県沖,38°18.3′N,141°53.0′E,46 km,4.1,震度２,38.305,141.8833333
2012/3/25,21:25:42,栃木県北部,36°36.8′N,139°24.4′E,4 km,2.5,震度２,36.61333333,139.4066667
2012/3/25,22:22:39,福島県沖,37°40.5′N,141°46.1′E,49 km,5.2,震度４,37.675,141.7683333
2012/3/26,3:28:08,茨城県北部,36°39.7′N,140°38.0′E,7 km,2.7,震度１,36.66166667,140.6333333
2012/3/26,3:46:38,福島県沖,37°48.9′N,141°44.6′E,56 km,4.1,震度２,37.815,141.7433333
2012/3/26,4:24:47,千葉県東方沖,35°44.0′N,140°53.5′E,13 km,3.2,震度１,35.73333333,140.8916667
2012/3/26,4:28:50,茨城県沖,36°35.5′N,140°41.3′E,15 km,2.2,震度１,36.59166667,140.6883333
2012/3/26,7:43:57,岩手県沖,39°52.4′N,142°10.5′E,47 km,3.8,震度１,39.87333333,142.175
2012/3/26,8:33:43,千葉県東方沖,35°47.7′N,140°54.6′E,14 km,3.4,震度１,35.795,140.91
2012/3/26,11:27:04,茨城県北部,36°42.3′N,140°36.3′E,7 km,3.3,震度２,36.705,140.605
2012/3/26,11:33:46,岩手県沖,40°14.5′N,142°33.4′E,28 km,4.7,震度３,40.24166667,142.5566667
2012/3/26,18:52:22,岩手県沖,39°43.9′N,142°17.5′E,48 km,3.8,震度１,39.73166667,142.2916667
2012/3/27,4:05:09,茨城県北部,36°44.4′N,140°36.4′E,6 km,2.7,震度１,36.74,140.6066667
2012/3/27,7:39:32,福島県浜通り,37°17.5′N,140°56.4′E,7 km,2.3,震度１,37.29166667,140.94
2012/3/27,12:06:04,千葉県東方沖,35°47.1′N,140°54.9′E,14 km,3.3,震度１,35.785,140.915
2012/3/27,13:22:09,千葉県東方沖,35°42.5′N,140°53.3′E,14 km,3.6,震度２,35.70833333,140.8883333
2012/3/27,14:58:37,日向灘,32°05.4′N,131°42.5′E,32 km,3.8,震度２,32.09,131.7083333
2012/3/27,16:09:03,宮城県沖,38°33.3′N,141°41.5′E,55 km,2.9,震度１,38.555,141.6916667
2012/3/27,16:58:35,宮城県沖,38°32.5′N,141°43.5′E,53 km,3.3,震度１,38.54166667,141.725
2012/3/27,19:21:59,千葉県東方沖,35°41.4′N,140°57.7′E,12 km,4.6,震度３,35.69,140.9616667
2012/3/27,20:00:42,岩手県沖,39°48.3′N,142°20.0′E,21 km,6.6,震度５弱,39.805,142.3333333
2012/3/27,20:09:03,岩手県沖,39°47.1′N,142°18.2′E,20 km,3.5,震度１,39.785,142.3033333
2012/3/27,20:11:01,岩手県沖,39°44.5′N,142°18.5′E,22 km,3.8,震度１,39.74166667,142.3083333
2012/3/27,22:21:01,三陸沖,39°49.7′N,143°41.8′E,32 km,4.8,震度１,39.82833333,143.6966667
2012/3/27,23:44:08,岩手県沖,39°47.2′N,142°18.5′E,21 km,3.9,震度１,39.78666667,142.3083333
2012/3/28,2:46:07,岩手県沖,39°44.9′N,142°14.9′E,23 km,3.4,震度１,39.74833333,142.2483333
2012/3/28,6:53:35,福島県中通り,36°50.6′N,140°31.8′E,8 km,3.3,震度２,36.84333333,140.53
2012/3/28,7:15:21,岩手県沖,39°44.3′N,142°13.6′E,22 km,3.3,震度１,39.73833333,142.2266667
2012/3/28,7:37:22,茨城県沖,36°00.1′N,140°59.0′E,33 km,3.4,震度１,36.00166667,140.9833333
2012/3/28,9:34:09,福島県沖,36°56.6′N,141°03.6′E,51 km,3.5,震度１,36.94333333,141.06
2012/3/28,10:53:56,岩手県沖,39°44.3′N,142°16.6′E,23 km,4.1,震度２,39.73833333,142.2766667
2012/3/28,11:35:14,東京湾,35°33.5′N,139°56.8′E,21 km,2.6,震度１,35.55833333,139.9466667
2012/3/28,11:37:00,埼玉県南部,35°53.6′N,139°35.9′E,88 km,3.2,震度１,35.89333333,139.5983333
2012/3/28,13:41:58,千葉県東方沖,35°42.8′N,140°56.0′E,14 km,3.4,震度１,35.71333333,140.9333333
2012/3/28,21:07:19,千葉県東方沖,35°45.0′N,140°57.9′E,12 km,3.4,震度１,35.75,140.965
2012/3/29,2:28:46,千葉県南東沖,34°36.5′N,140°09.5′E,55 km,3.6,震度１,34.60833333,140.1583333
2012/3/29,4:01:17,宮城県沖,38°00.8′N,141°51.7′E,45 km,4,震度２,38.01333333,141.8616667
2012/3/29,11:57:12,秋田県内陸南部,39°34.2′N,140°21.6′E,7 km,1.9,震度１,39.57,140.36
2012/3/29,14:54:21,山口県中部,34°18.9′N,131°39.1′E,17 km,3.4,震度１,34.315,131.6516667
2012/3/29,15:14:28,茨城県北部,36°39.9′N,140°39.8′E,9 km,3.1,震度１,36.665,140.6633333
2012/3/29,15:32:08,長野県南部,35°54.2′N,137°38.4′E,6 km,2.4,震度１,35.90333333,137.64
2012/3/29,15:33:37,長野県南部,35°54.2′N,137°38.3′E,7 km,2.6,震度１,35.90333333,137.6383333
2012/3/29,16:12:50,長野県南部,35°54.2′N,137°38.4′E,6 km,2.3,震度１,35.90333333,137.64
2012/3/30,0:48:19,山形県庄内地方,38°50.0′N,139°54.1′E,17 km,2.5,震度１,38.83333333,139.9016667
2012/3/30,2:24:05,岩手県沖,39°07.4′N,142°21.4′E,37 km,4,震度２,39.12333333,142.3566667
2012/3/30,3:10:49,宮城県沖,38°26.9′N,141°49.0′E,54 km,3.7,震度１,38.44833333,141.8166667
2012/3/30,5:38:16,宮城県沖,38°18.7′N,141°55.2′E,50 km,4.6,震度３,38.31166667,141.92
2012/3/30,8:32:24,宮城県沖,38°57.3′N,142°24.9′E,34 km,3.4,震度１,38.955,142.415
2012/3/30,9:52:10,胆振地方中東部,42°47.8′N,141°51.4′E,141 km,3.9,震度１,42.79666667,141.8566667
2012/3/30,11:17:08,島根県西部,35°06.3′N,132°39.7′E,11 km,2.6,震度１,35.105,132.6616667
2012/3/30,12:37:07,宮城県沖,38°51.6′N,142°02.6′E,46 km,3.7,震度２,38.86,142.0433333
2012/3/30,13:38:32,福島県沖,37°30.9′N,141°28.3′E,46 km,5.1,震度３,37.515,141.4716667
2012/3/30,16:03:33,空知地方北部,43°52.1′N,142°04.5′E,10 km,3,震度１,43.86833333,142.075
2012/3/30,17:24:29,岩手県沖,39°52.3′N,142°10.0′E,48 km,3.8,震度１,39.87166667,142.1666667
2012/3/30,18:36:57,福島県沖,37°30.4′N,141°30.8′E,44 km,3.6,震度１,37.50666667,141.5133333
2012/3/30,18:40:54,岩手県沖,39°46.7′N,142°17.1′E,21 km,4.5,震度３,39.77833333,142.285
2012/3/30,19:55:23,三陸沖,40°47.9′N,145°04.1′E,67 km,4.9,震度１,40.79833333,145.0683333
2012/3/30,22:07:32,宮城県沖,38°57.9′N,142°29.0′E,28 km,3.7,震度１,38.965,142.4833333
2012/3/30,23:11:23,宮城県沖,38°42.1′N,141°47.7′E,53 km,2.9,震度１,38.70166667,141.795
2012/3/31,4:28:00,青森県東方沖,41°33.9′N,142°03.3′E,66 km,3.6,震度１,41.565,142.055
2012/3/31,11:50:47,岩手県沖,39°47.1′N,142°19.0′E,21 km,3.6,震度１,39.785,142.3166667
2012/3/31,18:04:38,茨城県沖,36°33.2′N,140°59.5′E,46 km,3.2,震度１,36.55333333,140.9916667
2012/4/1,0:20:33,熊本県熊本地方,32°55.2′N,130°51.4′E,8 km,2.6,震度２,32.92,130.8566667
2012/4/1,2:13:04,茨城県北部,36°42.5′N,140°38.2′E,6 km,3.8,震度３,36.70833333,140.6366667
2012/4/1,3:50:45,福島県沖,37°30.1′N,141°28.2′E,45 km,3.9,震度１,37.50166667,141.47
2012/4/1,4:12:59,日高地方西部,42°48.2′N,142°30.1′E,44 km,3.4,震度１,42.80333333,142.5016667
2012/4/1,4:53:02,伊予灘,33°41.7′N,132°29.8′E,43 km,3.1,震度１,33.695,132.4966667
2012/4/1,7:30:16,岩手県沿岸北部,39°45.5′N,141°50.2′E,59 km,4.2,震度２,39.75833333,141.8366667
2012/4/1,7:38:42,茨城県北部,36°40.6′N,140°40.9′E,7 km,2.6,震度１,36.67666667,140.6816667
2012/4/1,12:10:13,日高地方中部,42°15.8′N,142°35.5′E,9 km,1.6,震度１,42.26333333,142.5916667
2012/4/1,13:47:59,茨城県北部,36°15.1′N,140°29.1′E,52 km,3.4,震度１,36.25166667,140.485
2012/4/1,17:48:50,宮城県沖,37°52.0′N,142°39.4′E,30 km,4.4,震度１,37.86666667,142.6566667
2012/4/1,19:00:23,茨城県北部,36°49.4′N,140°34.0′E,6 km,3.5,震度２,36.82333333,140.5666667
2012/4/1,23:04:25,福島県沖,37°04.6′N,141°07.9′E,53 km,5.9,震度５弱,37.07666667,141.1316667
2012/4/2,3:17:22,茨城県沖,36°32.6′N,140°51.1′E,51 km,3.5,震度１,36.54333333,140.8516667
2012/4/2,4:58:50,和歌山県北部,34°15.0′N,135°25.6′E,8 km,2.4,震度１,34.25,135.4266667
2012/4/2,6:55:28,岩手県沖,39°46.9′N,142°17.7′E,21 km,3.9,震度１,39.78166667,142.295
2012/4/2,13:50:57,宮城県沖,38°46.7′N,142°34.1′E,30 km,4.4,震度１,38.77833333,142.5683333
2012/4/2,15:21:47,千葉県東方沖,35°49.6′N,140°58.6′E,14 km,3.4,震度１,35.82666667,140.9766667
2012/4/2,16:39:07,伊予灘,33°47.0′N,132°10.9′E,56 km,4.1,震度２,33.78333333,132.1816667
2012/4/2,21:53:02,宮城県沖,38°58.1′N,141°43.4′E,66 km,4,震度２,38.96833333,141.7233333
2012/4/3,0:05:11,福島県中通り,37°02.9′N,140°28.4′E,6 km,2.6,震度１,37.04833333,140.4733333
2012/4/3,1:56:59,福島県浜通り,37°12.9′N,140°54.1′E,7 km,2.8,震度１,37.215,140.9016667
2012/4/3,2:48:15,宮城県沖,38°53.1′N,141°58.3′E,50 km,4.1,震度３,38.885,141.9716667
2012/4/3,8:33:37,福島県沖,37°30.3′N,141°35.4′E,48 km,4.1,震度２,37.505,141.59
2012/4/3,9:56:56,福島県中通り,37°01.5′N,140°36.0′E,10 km,3.8,震度２,37.025,140.6
2012/4/3,10:28:46,日高地方東部,42°19.8′N,142°59.9′E,52 km,3.5,震度１,42.33,142.9983333
2012/4/3,10:56:29,長野県北部,36°48.2′N,138°35.7′E,1 km,3,震度１,36.80333333,138.595
2012/4/3,12:12:50,埼玉県南部,35°51.9′N,139°35.6′E,90 km,4.1,震度２,35.865,139.5933333
2012/4/3,18:10:22,日向灘,32°13.9′N,132°04.5′E,20 km,4.1,震度２,32.23166667,132.075
2012/4/3,20:52:20,岩手県沖,40°13.5′N,142°31.8′E,28 km,4.7,震度２,40.225,142.53
2012/4/4,7:40:52,青森県東方沖,41°16.3′N,142°41.5′E,23 km,4,震度１,41.27166667,142.6916667
2012/4/4,9:12:58,福島県沖,36°53.0′N,141°55.8′E,43 km,4.4,震度１,36.88333333,141.93
2012/4/4,12:05:44,岩手県沖,39°46.8′N,142°17.7′E,21 km,3.8,震度１,39.78,142.295
2012/4/4,21:12:06,茨城県沖,35°54.9′N,141°02.5′E,29 km,3.5,震度１,35.915,141.0416667
2012/4/5,0:44:19,茨城県北部,36°39.3′N,140°31.5′E,7 km,3,震度１,36.655,140.525
2012/4/5,1:06:23,千葉県北東部,35°43.8′N,140°41.0′E,44 km,3.4,震度２,35.73,140.6833333
2012/4/5,2:27:45,宮城県沖,38°16.8′N,141°55.0′E,50 km,3.8,震度１,38.28,141.9166667
2012/4/5,4:45:34,根室地方北部,43°45.9′N,144°51.0′E,0 km,3.2,震度１,43.765,144.85
2012/4/5,20:56:50,駿河湾,34°40.2′N,138°33.3′E,21 km,3.6,震度１,34.67,138.555
2012/4/5,23:23:03,千葉県東方沖,35°47.2′N,140°58.2′E,13 km,3.6,震度１,35.78666667,140.97
2012/4/6,2:07:25,秋田県内陸北部,40°01.4′N,140°27.5′E,7 km,2.4,震度１,40.02333333,140.4583333
2012/4/6,3:28:16,千葉県東方沖,35°41.3′N,140°57.7′E,12 km,3.2,震度１,35.68833333,140.9616667
2012/4/6,3:29:32,千葉県東方沖,35°41.8′N,140°58.6′E,13 km,3.8,震度２,35.69666667,140.9766667
2012/4/6,8:04:07,千葉県北東部,35°42.4′N,140°51.0′E,8 km,2.9,震度１,35.70666667,140.85
2012/4/6,10:54:45,福島県沖,37°23.3′N,141°31.8′E,42 km,3.8,震度１,37.38833333,141.53
2012/4/6,18:22:07,千葉県東方沖,35°45.0′N,140°52.5′E,11 km,3.2,震度１,35.75,140.875
2012/4/7,1:38:14,宮城県沖,38°13.9′N,141°42.0′E,50 km,3.5,震度１,38.23166667,141.7
2012/4/7,17:31:06,千葉県東方沖,35°48.5′N,141°05.4′E,16 km,4.3,震度２,35.80833333,141.09
2012/4/7,19:26:39,茨城県沖,36°30.7′N,140°52.4′E,50 km,3.4,震度１,36.51166667,140.8733333
2012/4/8,3:00:49,渡島地方東部,41°52.2′N,140°34.6′E,10 km,2.9,震度１,41.87,140.5766667
2012/4/8,6:06:38,岩手県沖,39°06.8′N,142°06.9′E,46 km,3.4,震度１,39.11333333,142.115
2012/4/8,6:44:28,岩手県沖,39°42.5′N,142°13.4′E,23 km,3.9,震度２,39.70833333,142.2233333
2012/4/8,7:15:36,茨城県沖,36°24.8′N,140°45.8′E,59 km,3.8,震度２,36.41333333,140.7633333
2012/4/8,10:18:17,トカラ列島近海,29°14.5′N,129°04.6′E,5 km,3.2,震度１,29.24166667,129.0766667
2012/4/8,14:44:57,福島県沖,37°29.5′N,141°30.3′E,44 km,4,震度２,37.49166667,141.505
2012/4/8,20:59:43,福島県沖,37°18.8′N,141°16.5′E,50 km,3.1,震度１,37.31333333,141.275
2012/4/9,6:43:31,台湾付近,23°57.3′N,122°19.9′E,24 km,5.8,震度２,23.955,122.3316667
2012/4/9,7:05:47,埼玉県南部,35°58.6′N,139°33.9′E,22 km,2.9,震度１,35.97666667,139.565
2012/4/9,17:25:01,茨城県南部,35°58.7′N,140°05.1′E,63 km,3.4,震度１,35.97833333,140.085
2012/4/9,20:40:48,山梨県東部・富士五湖,35°29.4′N,138°59.0′E,21 km,2.7,震度１,35.49,138.9833333
2012/4/10,3:48:17,宮城県沖,38°18.6′N,142°07.4′E,34 km,3.9,震度１,38.31,142.1233333
2012/4/10,5:33:32,網走地方,43°57.8′N,144°59.8′E,6 km,2.7,震度１,43.96333333,144.9966667
2012/4/10,6:14:04,茨城県北部,36°41.6′N,140°37.1′E,6 km,2.8,震度１,36.69333333,140.6183333
2012/4/10,10:26:32,岩手県沖,39°46.7′N,142°18.0′E,22 km,3.9,震度２,39.77833333,142.3
2012/4/10,11:57:38,宮城県沖,38°50.3′N,142°07.3′E,44 km,4.3,震度２,38.83833333,142.1216667
2012/4/10,13:54:07,千葉県東方沖,35°42.1′N,140°58.4′E,13 km,3.2,震度１,35.70166667,140.9733333
2012/4/10,20:45:37,岩手県沖,39°08.6′N,142°24.2′E,29 km,3.8,震度１,39.14333333,142.4033333
2012/4/11,3:41:25,愛媛県東予,34°01.3′N,133°40.6′E,9 km,3.5,震度２,34.02166667,133.6766667
2012/4/11,16:22:45,福岡県北西沖,33°46.1′N,130°09.8′E,11 km,2.9,震度１,33.76833333,130.1633333
2012/4/11,17:44:10,長野県南部,35°55.2′N,137°35.8′E,10 km,2.6,震度１,35.92,137.5966667
2012/4/11,17:58:17,宮城県南部,38°04.0′N,140°43.7′E,94 km,3.2,震度１,38.06666667,140.7283333
2012/4/12,0:15:16,宮城県沖,38°16.3′N,141°48.2′E,58 km,3.4,震度１,38.27166667,141.8033333
2012/4/12,4:13:46,岩手県沖,39°45.3′N,142°16.1′E,21 km,3.7,震度１,39.755,142.2683333
2012/4/12,5:29:18,岩手県沖,39°40.2′N,142°07.8′E,48 km,4.5,震度３,39.67,142.13
2012/4/12,10:55:36,岩手県沖,39°45.3′N,142°15.7′E,22 km,3.8,震度２,39.755,142.2616667
2012/4/12,13:49:18,千葉県東方沖,35°41.8′N,140°58.1′E,12 km,3.7,震度１,35.69666667,140.9683333
2012/4/12,20:19:57,茨城県沖,36°49.7′N,141°20.5′E,29 km,5.6,震度４,36.82833333,141.3416667
2012/4/12,22:07:41,岐阜県飛騨地方,35°53.0′N,137°17.4′E,10 km,3.6,震度３,35.88333333,137.29
2012/4/12,22:57:53,福島県会津,37°40.4′N,139°55.5′E,8 km,2.9,震度２,37.67333333,139.925
2012/4/12,23:50:50,福島県沖,37°27.1′N,141°44.0′E,27 km,5.9,震度４,37.45166667,141.7333333
2012/4/13,0:05:34,能登半島沖,37°20.4′N,136°41.4′E,9 km,3,震度１,37.34,136.69
2012/4/13,0:51:20,茨城県沖,36°46.5′N,141°15.8′E,29 km,3.9,震度１,36.775,141.2633333
2012/4/13,2:15:50,茨城県沖,36°48.1′N,141°19.4′E,29 km,4.1,震度２,36.80166667,141.3233333
2012/4/13,3:02:06,宮城県沖,38°33.2′N,141°41.8′E,54 km,2.7,震度１,38.55333333,141.6966667
2012/4/13,9:45:36,茨城県沖,36°49.6′N,141°21.8′E,30 km,2.7,震度１,36.82666667,141.3633333
2012/4/13,10:38:06,千葉県東方沖,35°41.9′N,140°59.9′E,14 km,3.5,震度１,35.69833333,140.9983333
2012/4/13,11:28:08,岩手県沖,39°47.2′N,142°19.0′E,21 km,3.8,震度１,39.78666667,142.3166667
2012/4/13,16:40:00,宮城県沖,38°53.4′N,141°57.9′E,50 km,3.7,震度１,38.89,141.965
2012/4/13,19:10:00,福島県沖,36°56.8′N,141°25.3′E,32 km,6,震度４,36.94666667,141.4216667
2012/4/13,19:15:52,福島県沖,36°58.9′N,141°20.4′E,28 km,4.4,震度２,36.98166667,141.34
2012/4/13,19:33:27,福島県沖,36°58.8′N,141°21.1′E,29 km,4.1,震度２,36.98,141.3516667
2012/4/13,20:03:58,福島県沖,36°55.9′N,141°20.1′E,30 km,4,震度１,36.93166667,141.335
2012/4/13,21:12:02,福島県沖,36°57.4′N,141°22.4′E,31 km,5.2,震度３,36.95666667,141.3733333
2012/4/13,21:15:22,福島県沖,36°57.3′N,141°20.8′E,29 km,3.3,震度１,36.955,141.3466667
2012/4/13,21:30:12,茨城県沖,36°40.2′N,140°47.3′E,17 km,4.1,震度３,36.67,140.7883333
2012/4/13,21:52:20,福島県沖,36°56.4′N,141°20.7′E,32 km,3.4,震度１,36.94,141.345
2012/4/13,23:53:22,福島県沖,37°00.6′N,141°30.2′E,37 km,4.2,震度２,37.01,141.5033333
2012/4/13,23:56:19,宮城県沖,38°46.5′N,142°01.4′E,54 km,3.4,震度１,38.775,142.0233333
2012/4/14,0:26:43,福島県沖,36°54.9′N,141°20.2′E,30 km,4.2,震度２,36.915,141.3366667
2012/4/14,0:54:41,三陸沖,38°07.2′N,142°55.7′E,14 km,4.4,震度１,38.12,142.9283333
2012/4/14,0:57:42,福島県沖,36°56.7′N,141°21.3′E,25 km,4.1,震度１,36.945,141.355
2012/4/14,1:51:51,福島県沖,37°00.9′N,141°20.7′E,29 km,4.4,震度２,37.015,141.345
2012/4/14,3:25:30,宮城県沖,38°26.8′N,142°11.3′E,30 km,4.1,震度２,38.44666667,142.1883333
2012/4/14,4:00:21,茨城県沖,36°27.8′N,140°44.4′E,52 km,3.8,震度３,36.46333333,140.74
2012/4/14,4:37:50,北海道北西沖,44°29.8′N,141°15.4′E,12 km,2.6,震度１,44.49666667,141.2566667
2012/4/14,7:54:15,千葉県東方沖,35°46.8′N,140°50.9′E,8 km,3.6,震度２,35.78,140.8483333
2012/4/14,10:11:44,岩手県沖,39°05.1′N,142°25.0′E,43 km,4.1,震度２,39.085,142.4166667
2012/4/14,11:10:27,千葉県東方沖,35°46.5′N,140°54.0′E,14 km,3.9,震度１,35.775,140.9
2012/4/14,11:33:19,茨城県北部,36°47.4′N,140°34.7′E,6 km,3.3,震度１,36.79,140.5783333
2012/4/14,17:46:11,福島県沖,36°53.5′N,141°20.3′E,74 km,4.2,震度３,36.89166667,141.3383333
2012/4/14,18:06:00,茨城県沖,36°47.7′N,141°17.1′E,30 km,3.7,震度１,36.795,141.285
2012/4/14,18:25:10,茨城県沖,36°46.3′N,141°20.5′E,24 km,5,震度３,36.77166667,141.3416667
2012/4/14,18:26:41,茨城県沖,36°45.7′N,141°18.7′E,21 km,4.9,震度２,36.76166667,141.3116667
2012/4/14,18:57:04,福島県沖,36°55.8′N,141°20.7′E,30 km,3.8,震度１,36.93,141.345
2012/4/14,19:48:48,福島県沖,37°10.9′N,141°19.6′E,22 km,4.6,震度２,37.18166667,141.3266667
2012/4/14,19:51:22,福島県沖,37°10.4′N,141°18.1′E,22 km,4.7,震度２,37.17333333,141.3016667
2012/4/14,20:00:01,茨城県沖,36°47.7′N,141°17.0′E,27 km,3.6,震度１,36.795,141.2833333
2012/4/14,20:08:48,岩手県沖,39°46.5′N,142°17.7′E,21 km,4.2,震度２,39.775,142.295
2012/4/14,21:39:56,トカラ列島近海,30°01.9′N,130°25.3′E,42 km,4.4,震度３,30.03166667,130.4216667
2012/4/14,22:17:16,福島県沖,37°11.2′N,141°15.9′E,22 km,4.2,震度１,37.18666667,141.265
2012/4/14,22:53:34,茨城県沖,36°46.0′N,141°17.2′E,26 km,3.5,震度１,36.76666667,141.2866667
2012/4/14,23:05:33,宮城県沖,38°33.3′N,141°42.1′E,54 km,2.6,震度１,38.555,141.7016667
2012/4/14,23:13:20,福島県沖,37°00.1′N,141°21.9′E,23 km,3.9,震度１,37.00166667,141.365
2012/4/15,0:04:52,福島県沖,36°59.9′N,141°20.5′E,24 km,4.4,震度２,36.99833333,141.3416667
2012/4/15,0:07:52,福島県沖,37°11.4′N,141°18.8′E,23 km,4.4,震度２,37.19,141.3133333
2012/4/15,0:56:20,千葉県東方沖,35°37.3′N,140°53.4′E,15 km,3.7,震度１,35.62166667,140.89
2012/4/15,2:26:06,福島県沖,37°13.1′N,141°06.1′E,23 km,3.2,震度１,37.21833333,141.1016667
2012/4/15,2:57:43,栃木県北部,36°42.8′N,139°22.6′E,13 km,2.3,震度１,36.71333333,139.3766667
2012/4/15,5:41:29,茨城県沖,36°44.7′N,141°16.6′E,29 km,4,震度２,36.745,141.2766667
2012/4/15,8:17:54,茨城県沖,36°39.1′N,141°16.5′E,40 km,3.4,震度１,36.65166667,141.275
2012/4/15,13:33:25,宮城県沖,38°53.0′N,141°58.9′E,49 km,3.3,震度１,38.88333333,141.9816667
2012/4/15,13:45:54,徳島県北部,34°01.5′N,134°27.6′E,7 km,3.2,震度２,34.025,134.46
2012/4/15,19:36:49,福島県沖,37°00.1′N,141°21.9′E,24 km,4.7,震度２,37.00166667,141.365
2012/4/15,22:01:33,岩手県沖,39°38.7′N,142°06.6′E,48 km,3.3,震度１,39.645,142.11
2012/4/15,23:29:00,岩手県沖,39°51.2′N,142°10.1′E,47 km,3.8,震度１,39.85333333,142.1683333
2012/4/16,1:35:45,宮城県沖,38°48.6′N,142°25.9′E,34 km,4.1,震度１,38.81,142.4316667
2012/4/16,1:59:06,福島県会津,37°45.6′N,139°58.6′E,8 km,3.1,震度２,37.76,139.9766667
2012/4/16,10:08:21,神奈川県東部,35°15.7′N,139°41.4′E,88 km,3.1,震度１,35.26166667,139.69
2012/4/16,23:26:19,岐阜県美濃中西部,35°33.5′N,136°21.1′E,13 km,2.8,震度１,35.55833333,136.3516667
2012/4/17,1:05:42,宮城県沖,38°19.4′N,142°06.5′E,36 km,3.3,震度１,38.32333333,142.1083333
2012/4/17,1:21:41,茨城県北部,36°20.6′N,140°35.4′E,52 km,3.6,震度１,36.34333333,140.59
2012/4/17,3:45:25,秋田県内陸北部,40°01.4′N,140°27.5′E,7 km,2.4,震度１,40.02333333,140.4583333
2012/4/17,5:49:16,岩手県内陸南部,39°30.3′N,141°24.7′E,11 km,3,震度１,39.505,141.4116667
2012/4/17,7:58:51,釧路沖,42°40.1′N,145°01.2′E,49 km,3.8,震度１,42.66833333,145.02
2012/4/17,11:14:56,父島近海,27°09.0′N,141°16.2′E,116 km,4.3,震度１,27.15,141.27
2012/4/17,12:13:50,岐阜県美濃東部,35°26.6′N,137°21.5′E,57 km,3,震度１,35.44333333,137.3583333
2012/4/17,13:25:00,宮城県沖,38°25.0′N,142°18.1′E,34 km,4.4,震度２,38.41666667,142.3016667
2012/4/17,14:54:16,三宅島近海,34°01.8′N,139°23.1′E,16 km,3.1,震度１,34.03,139.385
2012/4/17,16:53:29,三重県南東沖,33°59.4′N,136°17.2′E,33 km,3.8,震度１,33.99,136.2866667
2012/4/17,17:51:44,宮城県沖,38°52.9′N,141°58.5′E,49 km,3.8,震度１,38.88166667,141.975
2012/4/17,21:29:05,福島県沖,36°59.7′N,141°20.6′E,27 km,4.5,震度２,36.995,141.3433333
2012/4/17,22:15:21,茨城県北部,36°43.3′N,140°36.6′E,7 km,3.1,震度１,36.72166667,140.61
2012/4/17,23:29:46,宮城県沖,38°47.1′N,142°26.0′E,40 km,4.4,震度２,38.785,142.4333333
2012/4/18,2:20:20,茨城県沖,36°44.9′N,141°18.0′E,30 km,4.3,震度２,36.74833333,141.3
2012/4/18,5:12:47,根室半島南東沖,43°02.5′N,145°50.2′E,50 km,3.2,震度１,43.04166667,145.8366667
2012/4/18,5:34:42,宮城県沖,38°26.6′N,142°11.4′E,28 km,3.8,震度１,38.44333333,142.19
2012/4/18,7:13:39,茨城県南部,36°03.6′N,139°54.7′E,44 km,3.6,震度２,36.06,139.9116667
2012/4/18,7:36:38,福島県浜通り,37°11.4′N,140°53.9′E,8 km,2.9,震度１,37.19,140.8983333
2012/4/18,10:08:50,福島県浜通り,37°11.5′N,140°53.5′E,7 km,2.8,震度１,37.19166667,140.8916667
2012/4/18,12:39:31,茨城県北部,36°42.0′N,140°37.7′E,6 km,3,震度２,36.7,140.6283333
2012/4/18,16:03:42,福島県会津,37°43.6′N,140°00.1′E,8 km,3.3,震度２,37.72666667,140.0016667
2012/4/18,16:06:17,福島県会津,37°43.7′N,139°59.9′E,8 km,3.6,震度２,37.72833333,139.9983333
2012/4/18,16:35:51,豊後水道,33°13.4′N,132°22.9′E,38 km,3,震度１,33.22333333,132.3816667
2012/4/19,0:13:06,上川地方南部,43°24.7′N,142°33.3′E,5 km,2.3,震度１,43.41166667,142.555
2012/4/19,1:19:10,岩手県沖,40°15.2′N,142°30.7′E,35 km,3.9,震度１,40.25333333,142.5116667
2012/4/19,2:07:48,新潟県中越地方,37°14.3′N,139°03.7′E,2 km,2.5,震度１,37.23833333,139.0616667
2012/4/19,3:03:59,上川地方南部,43°24.7′N,142°33.4′E,6 km,2.9,震度２,43.41166667,142.5566667
2012/4/19,4:38:32,千葉県東方沖,35°44.4′N,140°55.4′E,12 km,3,震度１,35.74,140.9233333
2012/4/19,5:22:14,岩手県沖,39°40.6′N,142°07.9′E,48 km,3.3,震度１,39.67666667,142.1316667
2012/4/19,6:20:10,石狩地方中部,43°03.0′N,141°19.1′E,10 km,2.9,震度２,43.05,141.3183333
2012/4/19,9:51:16,熊本県阿蘇地方,32°52.6′N,131°05.7′E,2 km,1.7,震度１,32.87666667,131.095
2012/4/19,12:33:23,福島県沖,36°56.6′N,141°23.4′E,34 km,5.1,震度４,36.94333333,141.39
2012/4/19,13:31:14,福島県沖,36°56.8′N,141°05.8′E,50 km,3.2,震度１,36.94666667,141.0966667
2012/4/19,13:55:08,茨城県北部,36°49.6′N,140°42.1′E,9 km,3,震度１,36.82666667,140.7016667
2012/4/19,17:41:39,宮城県沖,38°24.6′N,141°58.4′E,58 km,3.8,震度３,38.41,141.9733333
2012/4/19,19:04:26,宮城県沖,38°32.5′N,141°43.6′E,53 km,2.9,震度１,38.54166667,141.7266667
2012/4/19,20:12:58,和歌山県北部,34°15.0′N,135°25.2′E,7 km,2.1,震度１,34.25,135.42
2012/4/19,23:35:37,新潟県中越地方,37°14.0′N,139°04.0′E,1 km,3.1,震度２,37.23333333,139.0666667
2012/4/20,6:54:11,福島県沖,37°04.3′N,141°23.1′E,32 km,3.9,震度２,37.07166667,141.385
2012/4/20,7:53:41,福島県会津,37°46.4′N,139°58.9′E,7 km,3.8,震度２,37.77333333,139.9816667
2012/4/20,9:54:15,宮城県沖,38°25.0′N,141°49.1′E,46 km,3.3,震度１,38.41666667,141.8183333
2012/4/20,10:34:08,福島県沖,37°30.3′N,141°23.7′E,49 km,3.9,震度１,37.505,141.395
2012/4/20,13:15:50,茨城県南部,36°02.2′N,139°56.0′E,43 km,3,震度１,36.03666667,139.9333333
2012/4/20,21:20:32,沖縄本島近海,27°16.0′N,128°24.0′E,47 km,3.3,震度１,27.26666667,128.4
2012/4/21,1:27:53,宮城県沖,38°10.4′N,141°51.6′E,51 km,3.5,震度１,38.17333333,141.86
2012/4/21,2:29:05,福島県沖,37°04.3′N,141°23.2′E,34 km,3.9,震度２,37.07166667,141.3866667
2012/4/21,5:44:59,宮城県沖,38°16.4′N,141°48.5′E,56 km,3.2,震度１,38.27333333,141.8083333
2012/4/21,8:03:44,宮城県沖,38°42.0′N,141°47.9′E,53 km,2.8,震度１,38.7,141.7983333
2012/4/21,12:13:52,沖縄本島近海,27°28.1′N,128°37.5′E,43 km,4,震度２,27.46833333,128.625
2012/4/21,18:24:15,福島県浜通り,37°02.8′N,140°39.5′E,9 km,3.5,震度２,37.04666667,140.6583333
2012/4/21,20:06:34,宮城県沖,38°52.0′N,141°38.1′E,62 km,3.3,震度２,38.86666667,141.635
2012/4/21,23:29:37,日高地方西部,42°30.8′N,142°18.2′E,104 km,4.5,震度３,42.51333333,142.3033333
2012/4/22,4:14:15,千葉県北西部,35°39.6′N,140°04.0′E,70 km,3.3,震度１,35.66,140.0666667
2012/4/22,7:00:54,千葉県東方沖,35°46.6′N,140°54.1′E,12 km,3.8,震度２,35.77666667,140.9016667
2012/4/22,7:11:45,静岡県伊豆地方,35°01.4′N,139°06.7′E,7 km,3,震度１,35.02333333,139.1116667
2012/4/22,10:32:49,秋田県内陸南部,39°35.2′N,140°21.9′E,6 km,2.6,震度１,39.58666667,140.365
2012/4/22,12:52:08,福島県沖,37°04.9′N,141°22.4′E,34 km,3.8,震度２,37.08166667,141.3733333
2012/4/22,15:04:32,福島県浜通り,37°05.5′N,140°50.3′E,9 km,2.8,震度１,37.09166667,140.8383333
2012/4/22,15:46:42,福島県浜通り,37°05.6′N,140°49.7′E,9 km,3.2,震度２,37.09333333,140.8283333
2012/4/22,15:56:35,静岡県西部,34°47.8′N,137°31.3′E,35 km,2.8,震度１,34.79666667,137.5216667
2012/4/22,18:20:30,沖縄本島近海,26°21.3′N,128°41.7′E,19 km,4.1,震度１,26.355,128.695
2012/4/22,18:45:20,福島県沖,37°05.1′N,141°23.2′E,33 km,4.3,震度２,37.085,141.3866667
2012/4/22,20:00:54,福島県浜通り,37°03.5′N,140°42.1′E,8 km,3.7,震度２,37.05833333,140.7016667
2012/4/22,21:37:04,千葉県北西部,35°32.6′N,140°05.7′E,9 km,2.3,震度１,35.54333333,140.095
2012/4/22,22:13:53,上川地方中部,43°46.6′N,142°40.1′E,193 km,4.6,震度２,43.77666667,142.6683333
2012/4/22,22:37:00,西表島付近,23°57.0′N,123°35.4′E,34 km,4.4,震度１,23.95,123.59
2012/4/23,4:11:38,岐阜県美濃中西部,35°46.1′N,137°04.0′E,10 km,2.4,震度１,35.76833333,137.0666667
2012/4/23,5:55:19,秋田県内陸北部,40°23.0′N,140°35.8′E,7 km,2.9,震度１,40.38333333,140.5966667
2012/4/23,14:00:41,千葉県東方沖,35°30.0′N,140°55.5′E,23 km,4,震度２,35.5,140.925
2012/4/23,17:50:39,千葉県南東沖,34°47.5′N,140°06.7′E,66 km,3.6,震度１,34.79166667,140.1116667
2012/4/23,23:57:57,茨城県沖,36°35.2′N,141°04.0′E,23 km,3.8,震度１,36.58666667,141.0666667
2012/4/24,5:53:44,北海道東方沖,43°56.9′N,147°07.8′E,71 km,4.7,震度１,43.94833333,147.13
2012/4/24,9:14:13,広島県北部,34°43.9′N,133°00.6′E,10 km,2.2,震度１,34.73166667,133.01
2012/4/24,10:13:38,千葉県東方沖,35°45.1′N,140°56.6′E,13 km,3.8,震度１,35.75166667,140.9433333
2012/4/24,11:29:10,栃木県南部,36°39.3′N,139°30.7′E,6 km,3,震度２,36.655,139.5116667
2012/4/24,12:28:03,山形県置賜地方,37°48.0′N,139°59.6′E,8 km,4.4,震度３,37.8,139.9933333
2012/4/24,12:28:38,山形県置賜地方,37°47.8′N,139°59.5′E,9 km,3.4,震度１,37.79666667,139.9916667
2012/4/24,12:30:26,山形県置賜地方,37°48.1′N,139°59.5′E,9 km,3.1,震度１,37.80166667,139.9916667
2012/4/24,16:40:34,茨城県沖,36°34.8′N,141°03.7′E,24 km,3.4,震度１,36.58,141.0616667
2012/4/24,17:42:42,留萌地方南部,44°03.7′N,141°42.3′E,0 km,2.1,震度１,44.06166667,141.705
2012/4/24,20:17:34,トカラ列島近海,29°43.8′N,130°09.8′E,58 km,3.9,震度２,29.73,130.1633333
2012/4/24,21:13:26,愛知県東部,35°12.6′N,137°44.8′E,19 km,3.6,震度３,35.21,137.7466667
2012/4/24,21:34:18,岩手県沖,39°06.2′N,142°12.5′E,44 km,3.9,震度２,39.10333333,142.2083333
2012/4/25,0:52:05,茨城県沖,36°11.7′N,141°21.0′E,49 km,4.2,震度１,36.195,141.35
2012/4/25,1:27:33,宮城県沖,38°16.3′N,141°50.0′E,47 km,3.8,震度１,38.27166667,141.8333333
2012/4/25,4:21:01,茨城県南部,36°18.8′N,140°01.6′E,72 km,3.5,震度１,36.31333333,140.0266667
2012/4/25,5:22:09,千葉県北東部,35°43.3′N,140°40.7′E,43 km,5.5,震度４,35.72166667,140.6783333
2012/4/25,5:27:55,茨城県北部,36°38.9′N,140°34.9′E,4 km,2.5,震度１,36.64833333,140.5816667
2012/4/25,5:31:05,千葉県北東部,35°44.0′N,140°40.3′E,45 km,3.6,震度２,35.73333333,140.6716667
2012/4/25,7:43:25,千葉県北東部,35°43.7′N,140°41.3′E,48 km,3.8,震度２,35.72833333,140.6883333
2012/4/25,13:08:07,千葉県北東部,35°44.5′N,140°38.8′E,46 km,3.7,震度２,35.74166667,140.6466667
2012/4/25,13:32:27,福島県浜通り,37°01.5′N,140°45.2′E,8 km,2.9,震度１,37.025,140.7533333
2012/4/25,20:52:12,岩手県内陸北部,40°15.8′N,141°28.2′E,83 km,3,震度１,40.26333333,141.47
2012/4/25,21:21:01,千葉県東方沖,35°42.6′N,140°57.7′E,12 km,3,震度１,35.71,140.9616667
2012/4/26,5:39:41,茨城県沖,36°30.4′N,140°38.0′E,57 km,3.2,震度１,36.50666667,140.6333333
2012/4/26,5:45:24,福島県沖,37°35.4′N,141°17.8′E,63 km,4.5,震度３,37.59,141.2966667
2012/4/26,7:11:51,福島県沖,37°24.5′N,141°43.7′E,42 km,4.3,震度２,37.40833333,141.7283333
2012/4/26,7:58:49,長野県南部,35°55.1′N,137°37.6′E,8 km,2.2,震度１,35.91833333,137.6266667
2012/4/26,9:32:51,大隅半島東方沖,31°24.6′N,131°34.4′E,29 km,3.6,震度１,31.41,131.5733333
2012/4/26,15:40:31,岩手県沖,39°06.0′N,142°23.8′E,33 km,3.5,震度１,39.1,142.3966667
2012/4/26,16:27:24,宮城県沖,38°27.3′N,141°50.9′E,56 km,3.6,震度１,38.455,141.8483333
2012/4/26,23:06:24,茨城県北部,36°51.1′N,140°34.4′E,8 km,3,震度１,36.85166667,140.5733333
2012/4/27,3:41:19,青森県東方沖,41°28.7′N,141°58.8′E,65 km,5,震度３,41.47833333,141.98
2012/4/27,3:44:34,青森県東方沖,41°28.0′N,142°00.4′E,62 km,3.7,震度１,41.46666667,142.0066667
2012/4/27,5:03:29,茨城県南部,36°01.1′N,140°05.0′E,62 km,3.2,震度１,36.01833333,140.0833333
2012/4/27,14:37:07,三陸沖,39°56.6′N,143°12.2′E,17 km,4.9,震度２,39.94333333,143.2033333
2012/4/27,15:24:53,宮崎県南部山沿い,32°02.9′N,130°59.2′E,11 km,2.6,震度１,32.04833333,130.9866667
2012/4/27,17:22:48,埼玉県南部,35°55.9′N,139°46.5′E,78 km,3.4,震度１,35.93166667,139.775
2012/4/27,18:18:34,和歌山県北部,34°03.4′N,135°17.2′E,9 km,3,震度１,34.05666667,135.2866667
2012/4/27,19:53:50,岩手県沖,39°02.8′N,142°24.4′E,34 km,4.1,震度２,39.04666667,142.4066667
2012/4/27,21:06:29,茨城県北部,36°21.9′N,140°36.0′E,51 km,3.9,震度２,36.365,140.6
2012/4/27,22:03:45,紀伊水道,33°34.6′N,134°35.2′E,34 km,3.6,震度１,33.57666667,134.5866667
2012/4/28,0:12:28,岩手県内陸北部,40°09.3′N,141°10.8′E,9 km,2.9,震度２,40.155,141.18
2012/4/28,3:59:21,兵庫県南東部,34°43.2′N,135°20.4′E,7 km,2.7,震度１,34.72,135.34
2012/4/28,4:08:19,岩手県内陸北部,40°09.4′N,141°10.8′E,9 km,3.1,震度２,40.15666667,141.18
2012/4/28,8:21:36,宮崎県南部山沿い,32°02.8′N,130°59.4′E,11 km,2.4,震度１,32.04666667,130.99
2012/4/28,12:30:38,鹿児島県薩摩地方,31°35.1′N,130°39.2′E,2 km,1.6,震度１,31.585,130.6533333
2012/4/28,18:58:02,宮城県沖,38°16.2′N,141°51.1′E,46 km,3.4,震度１,38.27,141.8516667
2012/4/28,20:38:09,鹿児島県薩摩地方,31°56.5′N,130°48.8′E,1 km,2,震度１,31.94166667,130.8133333
2012/4/28,23:12:48,福島県沖,37°18.6′N,141°51.3′E,40 km,3.8,震度１,37.31,141.855
2012/4/28,23:46:24,宮城県沖,38°43.3′N,142°22.7′E,46 km,3.8,震度２,38.72166667,142.3783333
2012/4/29,7:44:41,岩手県沖,39°05.2′N,142°23.5′E,33 km,3.6,震度１,39.08666667,142.3916667
2012/4/29,16:35:04,福島県沖,37°03.7′N,141°22.9′E,28 km,4.2,震度１,37.06166667,141.3816667
2012/4/29,17:12:53,千葉県北西部,35°32.6′N,140°06.0′E,8 km,3.4,震度３,35.54333333,140.1
2012/4/29,17:13:59,千葉県北西部,35°32.6′N,140°05.7′E,9 km,2.8,震度２,35.54333333,140.095
2012/4/29,19:28:52,千葉県北東部,35°42.9′N,140°36.0′E,48 km,5.8,震度５弱,35.715,140.6
2012/4/29,21:16:52,福島県沖,36°51.5′N,141°08.8′E,48 km,4.5,震度３,36.85833333,141.1466667
2012/4/30,0:02:18,岩手県沖,39°44.5′N,142°15.3′E,23 km,5.6,震度４,39.74166667,142.255
2012/4/30,0:05:32,岩手県沖,39°44.4′N,142°13.3′E,21 km,4.2,震度２,39.74,142.2216667
2012/4/30,0:20:00,千葉県北東部,35°42.9′N,140°39.1′E,46 km,3.3,震度１,35.715,140.6516667
2012/4/30,0:54:09,岩手県沖,39°44.6′N,142°14.1′E,23 km,3.3,震度１,39.74333333,142.235
2012/4/30,4:25:57,千葉県北東部,35°44.6′N,140°37.0′E,44 km,3.1,震度１,35.74333333,140.6166667
2012/4/30,5:14:24,新島・神津島近海,34°20.4′N,139°09.9′E,8 km,1.6,震度１,34.34,139.165
2012/4/30,5:33:16,宮城県沖,38°26.9′N,142°13.1′E,28 km,3.8,震度１,38.44833333,142.2183333
2012/4/30,8:28:55,広島県南西部,34°25.5′N,132°35.7′E,26 km,2.8,震度１,34.425,132.595
2012/4/30,9:20:34,福島県沖,37°03.8′N,141°23.7′E,23 km,4.3,震度２,37.06333333,141.395
2012/4/30,10:25:55,岩手県沖,39°44.4′N,142°14.0′E,23 km,3.8,震度２,39.74,142.2333333
2012/4/30,11:33:09,茨城県北部,36°41.7′N,140°35.0′E,9 km,3.4,震度３,36.695,140.5833333
2012/4/30,11:40:51,茨城県北部,36°41.7′N,140°34.7′E,9 km,3.7,震度２,36.695,140.5783333
2012/4/30,17:37:56,三重県北部,34°52.9′N,136°28.4′E,14 km,2.5,震度１,34.88166667,136.4733333
2012/4/30,17:51:02,新潟県上越地方,37°05.4′N,138°08.7′E,28 km,2.6,震度１,37.09,138.145
2012/4/30,22:07:07,青森県東方沖,40°43.4′N,142°45.9′E,34 km,4,震度１,40.72333333,142.765
2012/5/1,4:42:36,福島県沖,37°15.5′N,141°29.4′E,34 km,3.9,震度１,37.25833333,141.49
2012/5/1,4:54:29,千葉県北東部,35°42.4′N,140°37.9′E,48 km,3.7,震度２,35.70666667,140.6316667
2012/5/1,5:00:05,岩手県沖,39°38.1′N,142°06.4′E,48 km,3.8,震度１,39.635,142.1066667
2012/5/1,7:16:31,茨城県北部,36°28.3′N,140°32.2′E,58 km,3.6,震度２,36.47166667,140.5366667
2012/5/1,8:28:07,茨城県北部,36°45.3′N,140°33.9′E,9 km,2.9,震度１,36.755,140.565
2012/5/1,13:11:08,千葉県東方沖,35°40.6′N,141°01.7′E,19 km,3.4,震度１,35.67666667,141.0283333
2012/5/1,13:51:07,滋賀県南部,34°57.4′N,136°02.1′E,9 km,2.1,震度１,34.95666667,136.035
2012/5/1,14:33:49,硫黄島近海,25°31.4′N,141°08.2′E,111 km,5.5,震度２,25.52333333,141.1366667
2012/5/1,16:41:05,千葉県南部,35°03.0′N,139°57.8′E,66 km,3,震度１,35.05,139.9633333
2012/5/1,18:09:23,茨城県沖,36°33.0′N,140°55.0′E,48 km,3.5,震度１,36.55,140.9166667
2012/5/2,0:39:46,茨城県沖,36°28.3′N,140°59.5′E,17 km,3.7,震度１,36.47166667,140.9916667
2012/5/2,1:14:19,千葉県東方沖,35°37.3′N,141°00.8′E,18 km,4.1,震度１,35.62166667,141.0133333
2012/5/2,2:54:12,茨城県沖,36°21.6′N,140°59.7′E,39 km,3.3,震度１,36.36,140.995
2012/5/2,5:20:08,千葉県東方沖,35°37.6′N,141°01.3′E,20 km,3.3,震度１,35.62666667,141.0216667
2012/5/2,6:28:11,茨城県北部,36°36.7′N,140°40.4′E,14 km,2.8,震度１,36.61166667,140.6733333
2012/5/2,7:07:49,宮城県沖,38°38.3′N,141°54.8′E,48 km,3.6,震度２,38.63833333,141.9133333
2012/5/2,20:19:19,熊本県阿蘇地方,32°55.5′N,130°58.1′E,9 km,3.4,震度２,32.925,130.9683333
2012/5/2,20:26:53,岩手県沖,40°20.3′N,142°12.8′E,44 km,3.5,震度１,40.33833333,142.2133333
2012/5/2,22:51:01,根室半島南東沖,43°14.9′N,146°18.0′E,47 km,3.8,震度１,43.24833333,146.3
2012/5/2,23:33:32,福島県沖,36°58.3′N,141°06.4′E,33 km,4,震度２,36.97166667,141.1066667
2012/5/3,1:20:19,福島県沖,36°52.7′N,141°20.4′E,33 km,3.9,震度１,36.87833333,141.34
2012/5/3,2:15:30,千葉県東方沖,35°42.1′N,140°57.4′E,20 km,3,震度１,35.70166667,140.9566667
2012/5/3,3:07:26,岩手県沖,39°37.1′N,142°07.2′E,48 km,3,震度１,39.61833333,142.12
2012/5/3,6:08:27,岩手県沖,39°25.8′N,142°26.2′E,34 km,4,震度１,39.43,142.4366667
2012/5/3,10:03:20,宗谷東方沖,45°05.4′N,142°47.4′E,1 km,3.1,震度１,45.09,142.79
2012/5/3,16:15:45,宮城県沖,38°55.0′N,141°55.7′E,51 km,4,震度２,38.91666667,141.9283333
2012/5/4,8:58:55,茨城県沖,36°14.1′N,140°51.6′E,45 km,3.5,震度１,36.235,140.86
2012/5/4,11:20:45,千葉県東方沖,35°45.1′N,140°55.6′E,9 km,3.4,震度２,35.75166667,140.9266667
2012/5/4,11:54:10,千葉県北西部,35°36.9′N,140°08.7′E,70 km,4.3,震度３,35.615,140.145
2012/5/4,12:01:48,千葉県北西部,35°37.7′N,140°08.8′E,68 km,3.8,震度２,35.62833333,140.1466667
2012/5/4,14:34:09,根室地方南部,43°17.5′N,145°32.6′E,84 km,4.5,震度３,43.29166667,145.5433333
2012/5/4,15:55:08,福島県沖,36°54.9′N,141°04.1′E,51 km,3.6,震度２,36.915,141.0683333
2012/5/4,18:20:58,宮城県沖,38°28.7′N,141°55.0′E,59 km,3.4,震度１,38.47833333,141.9166667
2012/5/5,2:04:39,茨城県南部,36°00.9′N,139°55.5′E,41 km,3.2,震度１,36.015,139.925
2012/5/5,3:04:44,福島県中通り,36°58.1′N,140°32.2′E,8 km,3.9,震度２,36.96833333,140.5366667
2012/5/5,5:00:52,福島県沖,36°58.4′N,141°20.5′E,33 km,3.5,震度１,36.97333333,141.3416667
2012/5/5,5:57:07,宮城県沖,38°20.2′N,141°47.3′E,49 km,3.5,震度１,38.33666667,141.7883333
2012/5/5,6:15:32,岐阜県飛騨地方,36°04.8′N,137°27.2′E,8 km,3.1,震度２,36.08,137.4533333
2012/5/5,16:57:42,紀伊水道,34°09.8′N,135°10.3′E,7 km,2.3,震度１,34.16333333,135.1716667
2012/5/5,17:12:01,千葉県東方沖,35°31.5′N,140°57.1′E,41 km,4.4,震度２,35.525,140.9516667
2012/5/5,18:56:53,愛知県西部,35°11.3′N,137°10.4′E,45 km,4.3,震度３,35.18833333,137.1733333
2012/5/5,20:00:56,千島列島,46°11.8′N,150°01.0′E,273 km,5.3,震度１,46.19666667,150.0166667
2012/5/5,22:11:46,茨城県沖,36°36.6′N,140°49.8′E,53 km,3.1,震度２,36.61,140.83
2012/5/5,23:44:02,千葉県東方沖,35°40.8′N,140°43.3′E,46 km,3.4,震度１,35.68,140.7216667
2012/5/6,2:21:46,茨城県沖,36°32.9′N,140°56.9′E,17 km,3.2,震度１,36.54833333,140.9483333
2012/5/6,5:12:33,宮城県沖,38°10.0′N,141°44.1′E,51 km,5.2,震度３,38.16666667,141.735
2012/5/6,5:53:50,千葉県東方沖,35°30.1′N,140°58.4′E,37 km,3.8,震度１,35.50166667,140.9733333
2012/5/6,6:09:47,栃木県北部,36°42.6′N,139°22.5′E,12 km,2.3,震度１,36.71,139.375
2012/5/6,10:42:56,茨城県沖,36°49.8′N,141°19.6′E,25 km,3.7,震度１,36.83,141.3266667
2012/5/6,12:11:03,千葉県北西部,35°33.1′N,140°06.8′E,10 km,2.2,震度１,35.55166667,140.1133333
2012/5/6,12:42:58,群馬県北部,36°54.2′N,139°22.8′E,3 km,2.3,震度１,36.90333333,139.38
2012/5/6,15:07:10,宮城県沖,38°22.4′N,141°51.4′E,64 km,4.1,震度２,38.37333333,141.8566667
2012/5/6,18:34:58,福島県沖,37°03.8′N,141°13.7′E,25 km,3.7,震度１,37.06333333,141.2283333
2012/5/7,4:04:29,宮城県沖,38°24.8′N,142°09.8′E,31 km,3.7,震度１,38.41333333,142.1633333
2012/5/7,6:14:14,淡路島付近,34°23.0′N,134°50.1′E,11 km,2.7,震度１,34.38333333,134.835
2012/5/7,6:55:04,宮城県沖,38°27.6′N,142°08.6′E,41 km,3.9,震度１,38.46,142.1433333
2012/5/7,9:17:16,福島県沖,37°18.1′N,141°43.2′E,41 km,4.2,震度１,37.30166667,141.72
2012/5/7,16:24:57,宮城県沖,38°42.0′N,141°48.0′E,53 km,3,震度１,38.7,141.8
2012/5/7,16:56:11,トカラ列島近海,29°09.8′N,129°14.8′E,15 km,3.1,震度１,29.16333333,129.2466667
2012/5/8,2:00:50,千葉県東方沖,35°42.4′N,140°56.1′E,15 km,3.8,震度２,35.70666667,140.935
2012/5/8,3:59:45,福島県沖,36°52.1′N,141°21.6′E,29 km,4.7,震度３,36.86833333,141.36
2012/5/8,7:01:54,福島県沖,37°26.5′N,141°20.2′E,29 km,3.4,震度１,37.44166667,141.3366667
2012/5/8,7:48:45,秋田県内陸南部,39°35.7′N,140°24.7′E,6 km,3,震度１,39.595,140.4116667
2012/5/8,8:59:20,千葉県東方沖,35°42.1′N,140°55.7′E,14 km,3.3,震度１,35.70166667,140.9283333
2012/5/8,9:16:39,福島県沖,37°39.9′N,141°47.1′E,20 km,4.2,震度１,37.665,141.785
2012/5/8,12:39:03,福島県中通り,36°59.4′N,140°25.9′E,5 km,3.2,震度１,36.99,140.4316667
2012/5/8,14:43:17,福島県沖,37°04.0′N,141°11.3′E,51 km,4.1,震度２,37.06666667,141.1883333
2012/5/8,16:02:14,岩手県沿岸北部,39°45.4′N,141°51.0′E,58 km,3.4,震度１,39.75666667,141.85
2012/5/8,18:16:35,福島県沖,37°30.3′N,144°30.4′E,52 km,4.9,震度１,37.505,144.5066667
2012/5/8,20:55:34,渡島地方東部,41°52.4′N,140°34.7′E,10 km,2.3,震度１,41.87333333,140.5783333
2012/5/8,23:48:18,トカラ列島近海,29°59.8′N,130°00.2′E,13 km,3.3,震度２,29.99666667,130.0033333
2012/5/9,0:59:52,岩手県沖,39°00.0′N,142°27.8′E,32 km,3.7,震度１,39,142.4633333
2012/5/9,6:46:55,岩手県沖,39°20.5′N,142°03.6′E,48 km,4.6,震度３,39.34166667,142.06
2012/5/9,17:03:18,福島県中通り,37°07.3′N,140°17.3′E,11 km,3.1,震度２,37.12166667,140.2883333
2012/5/9,18:29:10,宮城県沖,38°51.8′N,141°38.2′E,61 km,3.3,震度１,38.86333333,141.6366667
2012/5/9,18:43:55,長野県南部,35°56.0′N,137°38.0′E,10 km,2.6,震度１,35.93333333,137.6333333
2012/5/9,18:58:51,山形県庄内地方,38°50.1′N,139°54.1′E,16 km,3.2,震度２,38.835,139.9016667
2012/5/9,22:49:11,宮城県沖,38°37.0′N,141°54.6′E,47 km,3.3,震度１,38.61666667,141.91
2012/5/10,0:20:06,京都府南部,35°00.0′N,135°34.8′E,9 km,3.4,震度３,35,135.58
2012/5/10,6:49:22,茨城県北部,36°51.3′N,140°34.0′E,6 km,3.5,震度１,36.855,140.5666667
2012/5/10,6:50:11,茨城県北部,36°51.6′N,140°34.2′E,5 km,1.9,震度１,36.86,140.57
2012/5/10,7:02:43,茨城県北部,36°51.3′N,140°33.8′E,6 km,4,震度２,36.855,140.5633333
2012/5/10,8:13:12,山形県置賜地方,37°47.6′N,139°59.9′E,9 km,3.2,震度１,37.79333333,139.9983333
2012/5/10,9:28:18,岩手県沖,39°46.1′N,142°14.6′E,23 km,5.1,震度３,39.76833333,142.2433333
2012/5/10,11:00:21,新島・神津島近海,34°03.3′N,138°51.1′E,20 km,3.2,震度１,34.055,138.8516667
2012/5/10,11:44:00,新潟県中越地方,37°02.0′N,138°41.5′E,8 km,1.7,震度１,37.03333333,138.6916667
2012/5/10,15:01:29,釧路沖,42°51.2′N,144°32.8′E,51 km,4.3,震度３,42.85333333,144.5466667
2012/5/10,15:41:18,岩手県沖,39°44.8′N,142°15.2′E,22 km,4.6,震度２,39.74666667,142.2533333
2012/5/10,17:31:12,山形県置賜地方,37°47.6′N,140°00.0′E,9 km,3.4,震度２,37.79333333,140
2012/5/10,17:34:48,福島県沖,36°54.2′N,141°24.1′E,32 km,4.5,震度２,36.90333333,141.4016667
2012/5/10,18:43:41,千葉県東方沖,35°43.8′N,140°58.5′E,9 km,4.3,震度２,35.73,140.975
2012/5/11,9:14:54,宮城県沖,38°59.3′N,142°16.9′E,48 km,3.9,震度２,38.98833333,142.2816667
2012/5/11,11:54:50,宮城県沖,38°23.9′N,141°58.0′E,63 km,3.3,震度１,38.39833333,141.9666667
2012/5/11,12:40:05,福島県沖,37°21.2′N,141°51.9′E,37 km,4.2,震度１,37.35333333,141.865
2012/5/11,16:22:30,茨城県北部,36°41.3′N,140°39.9′E,6 km,2.5,震度１,36.68833333,140.665
2012/5/11,23:18:51,千葉県東方沖,35°44.7′N,140°55.6′E,12 km,3.7,震度２,35.745,140.9266667
2012/5/12,0:45:30,茨城県北部,36°51.0′N,140°34.5′E,7 km,3.2,震度１,36.85,140.575
2012/5/12,1:36:39,宮城県沖,38°32.1′N,141°43.0′E,54 km,3.8,震度２,38.535,141.7166667
2012/5/12,2:59:13,福島県沖,37°10.8′N,141°22.5′E,49 km,4,震度３,37.18,141.375
2012/5/12,5:34:24,鳥島近海,30°41.9′N,139°03.8′E,421 km,5.3,震度１,30.69833333,139.0633333
2012/5/12,5:35:52,福島県沖,36°51.5′N,141°20.7′E,28 km,3.8,震度１,36.85833333,141.345
2012/5/12,10:28:04,能登半島沖,37°31.1′N,137°12.2′E,8 km,2.8,震度１,37.51833333,137.2033333
2012/5/12,13:22:13,茨城県北部,36°41.3′N,140°40.2′E,6 km,2.2,震度１,36.68833333,140.67
2012/5/12,14:17:20,山梨県東部・富士五湖,35°31.5′N,138°57.7′E,20 km,3.1,震度１,35.525,138.9616667
2012/5/12,15:03:29,宮城県沖,38°25.3′N,141°51.1′E,58 km,3.8,震度２,38.42166667,141.8516667
2012/5/12,20:32:52,福島県浜通り,37°10.6′N,140°54.4′E,9 km,3.7,震度２,37.17666667,140.9066667
2012/5/12,23:59:07,千葉県東方沖,35°44.8′N,140°55.8′E,12 km,3.6,震度２,35.74666667,140.93
2012/5/13,2:14:40,宮城県沖,38°50.5′N,142°03.4′E,46 km,3.5,震度１,38.84166667,142.0566667
2012/5/13,2:31:37,宮城県沖,38°47.2′N,142°00.9′E,55 km,3.3,震度１,38.78666667,142.015
2012/5/13,3:39:40,茨城県北部,36°48.9′N,140°34.5′E,8 km,3.2,震度１,36.815,140.575
2012/5/13,7:08:47,宮城県沖,38°42.8′N,141°59.3′E,54 km,4,震度３,38.71333333,141.9883333
2012/5/13,11:21:40,種子島近海,30°41.1′N,131°03.8′E,9 km,2.9,震度１,30.685,131.0633333
2012/5/13,11:49:55,栃木県北部,36°51.4′N,139°27.5′E,4 km,2.3,震度１,36.85666667,139.4583333
2012/5/13,12:05:46,福島県沖,37°22.8′N,141°13.3′E,64 km,4.1,震度２,37.38,141.2216667
2012/5/13,15:54:17,秋田県内陸南部,39°36.2′N,140°29.5′E,7 km,2.7,震度２,39.60333333,140.4916667
2012/5/13,16:08:09,岩手県沖,39°06.7′N,142°07.2′E,45 km,3.2,震度１,39.11166667,142.12
2012/5/13,18:02:33,茨城県沖,36°46.1′N,141°15.4′E,31 km,3.2,震度１,36.76833333,141.2566667
2012/5/13,21:43:29,福島県沖,37°30.8′N,141°45.8′E,37 km,4,震度１,37.51333333,141.7633333
2012/5/13,22:34:11,福島県中通り,37°05.1′N,140°39.1′E,15 km,3.6,震度１,37.085,140.6516667
2012/5/14,4:05:59,熊本県熊本地方,32°53.2′N,130°49.0′E,14 km,2.6,震度１,32.88666667,130.8166667
2012/5/14,4:18:21,奄美大島近海,28°43.9′N,129°36.5′E,20 km,3.8,震度１,28.73166667,129.6083333
2012/5/14,5:21:29,長野県北部,36°32.3′N,137°47.2′E,2 km,3,震度３,36.53833333,137.7866667
2012/5/14,8:17:49,千葉県北東部,35°21.9′N,140°19.3′E,20 km,3.7,震度３,35.365,140.3216667
2012/5/14,12:36:46,日向灘,31°42.5′N,131°52.1′E,27 km,4.8,震度３,31.70833333,131.8683333
2012/5/14,16:27:33,熊本県熊本地方,32°53.2′N,130°49.0′E,14 km,2.5,震度１,32.88666667,130.8166667
2012/5/14,17:06:46,長野県北部,36°32.5′N,137°47.1′E,3 km,1.5,震度１,36.54166667,137.785
2012/5/15,4:19:26,茨城県沖,36°45.0′N,141°14.7′E,37 km,4.1,震度２,36.75,141.245
2012/5/15,6:21:45,宮古島近海,24°34.6′N,125°07.4′E,33 km,4.2,震度２,24.57666667,125.1233333
2012/5/15,9:09:06,岩手県沖,39°37.9′N,142°06.5′E,49 km,4,震度２,39.63166667,142.1083333
2012/5/15,9:12:10,岩手県沖,39°38.0′N,142°06.9′E,48 km,3.6,震度１,39.63333333,142.115
2012/5/15,10:12:51,留萌地方南部,44°04.1′N,141°48.6′E,14 km,2.1,震度２,44.06833333,141.81
2012/5/15,22:15:03,福島県沖,37°07.3′N,141°30.1′E,38 km,3.5,震度１,37.12166667,141.5016667
2012/5/15,23:42:47,宮城県沖,38°32.5′N,141°43.3′E,53 km,3.4,震度１,38.54166667,141.7216667
2012/5/16,1:00:46,宮城県沖,38°16.4′N,141°53.3′E,64 km,4.8,震度４,38.27333333,141.8883333
2012/5/16,1:48:07,茨城県沖,36°32.9′N,140°59.6′E,17 km,3.8,震度１,36.54833333,140.9933333
2012/5/16,7:03:33,福島県沖,37°28.1′N,141°43.7′E,40 km,3.8,震度１,37.46833333,141.7283333
2012/5/16,11:05:54,青森県津軽北部,40°43.1′N,140°27.2′E,15 km,2.9,震度１,40.71833333,140.4533333
2012/5/17,0:59:01,青森県津軽北部,40°43.0′N,140°27.2′E,15 km,3.6,震度３,40.71666667,140.4533333
2012/5/17,1:40:02,和歌山県北部,34°01.6′N,135°14.2′E,5 km,2.5,震度１,34.02666667,135.2366667
2012/5/17,14:01:46,茨城県北部,36°40.6′N,140°39.2′E,9 km,2.8,震度１,36.67666667,140.6533333
2012/5/17,15:51:06,三陸沖,39°19.0′N,143°08.4′E,17 km,4.1,震度１,39.31666667,143.14
2012/5/17,18:11:50,埼玉県南部,36°01.1′N,139°47.4′E,77 km,3.5,震度１,36.01833333,139.79
2012/5/17,18:44:50,茨城県沖,36°34.2′N,141°06.1′E,34 km,3.4,震度１,36.57,141.1016667
2012/5/17,18:59:38,茨城県北部,36°41.3′N,140°39.6′E,5 km,2.8,震度１,36.68833333,140.66
2012/5/17,21:52:14,茨城県北部,36°36.3′N,140°35.7′E,6 km,2,震度１,36.605,140.595
2012/5/18,3:43:01,千葉県東方沖,35°46.4′N,140°53.4′E,12 km,3,震度１,35.77333333,140.89
2012/5/18,10:12:26,宮城県沖,38°21.4′N,142°05.1′E,34 km,3.4,震度１,38.35666667,142.085
2012/5/18,10:23:30,宮城県北部,38°51.8′N,141°35.7′E,75 km,3.8,震度２,38.86333333,141.595
2012/5/18,11:32:38,宮城県沖,38°01.3′N,141°51.8′E,52 km,4,震度１,38.02166667,141.8633333
2012/5/18,17:18:59,茨城県南部,36°08.1′N,139°50.4′E,51 km,4.8,震度４,36.135,139.84
2012/5/18,20:21:35,千葉県北東部,35°51.8′N,140°37.1′E,51 km,4.4,震度２,35.86333333,140.6183333
2012/5/18,23:36:37,長野県南部,35°53.6′N,138°07.6′E,10 km,3.3,震度２,35.89333333,138.1266667
2012/5/19,0:46:44,宮城県沖,38°24.5′N,141°48.4′E,55 km,3.9,震度１,38.40833333,141.8066667
2012/5/19,3:38:33,岩手県沖,39°07.1′N,142°26.7′E,31 km,3.8,震度１,39.11833333,142.445
2012/5/19,6:23:22,三陸沖,39°38.2′N,143°37.6′E,27 km,5.2,震度２,39.63666667,143.6266667
2012/5/19,6:32:23,三陸沖,39°35.3′N,143°35.9′E,25 km,4.7,震度１,39.58833333,143.5983333
2012/5/19,6:57:21,茨城県南部,36°07.9′N,139°49.8′E,50 km,3.2,震度１,36.13166667,139.83
2012/5/19,7:36:44,宮城県沖,38°25.1′N,141°50.7′E,58 km,3.4,震度１,38.41833333,141.845
2012/5/19,9:08:39,三陸沖,39°35.6′N,143°41.2′E,21 km,4.8,震度１,39.59333333,143.6866667
2012/5/19,23:20:28,宮城県沖,38°25.5′N,142°11.3′E,37 km,3.8,震度１,38.425,142.1883333
2012/5/19,23:22:45,茨城県北部,36°44.4′N,140°36.7′E,6 km,3.2,震度１,36.74,140.6116667
2012/5/20,1:18:46,安芸灘,33°54.7′N,132°37.4′E,43 km,3.1,震度１,33.91166667,132.6233333
2012/5/20,3:31:17,秋田県内陸北部,40°06.9′N,140°25.5′E,12 km,2.9,震度１,40.115,140.425
2012/5/20,4:05:18,三陸沖,39°41.9′N,143°40.8′E,33 km,6,震度３,39.69833333,143.68
2012/5/20,4:13:41,三陸沖,39°36.9′N,143°42.2′E,11 km,4.9,震度１,39.615,143.7033333
2012/5/20,4:16:41,三陸沖,39°40.1′N,143°21.8′E,35 km,4.5,震度１,39.66833333,143.3633333
2012/5/20,12:49:13,新潟県中越地方,37°16.9′N,138°57.2′E,11 km,1.9,震度１,37.28166667,138.9533333
2012/5/20,14:52:46,福島県沖,37°04.6′N,141°02.2′E,89 km,3.8,震度１,37.07666667,141.0366667
2012/5/20,16:20:34,三陸沖,39°32.2′N,143°37.2′E,7 km,6.5,震度３,39.53666667,143.62
2012/5/20,16:25:14,三陸沖,39°24.7′N,143°50.6′E,21 km,5.4,震度１,39.41166667,143.8433333
2012/5/20,16:26:59,三陸沖,39°29.7′N,143°31.1′E,28 km,5,震度１,39.495,143.5183333
2012/5/20,16:27:54,三陸沖,39°22.0′N,143°41.6′E,0 km,5.7,震度２,39.36666667,143.6933333
2012/5/20,16:49:17,茨城県北部,36°51.0′N,140°34.3′E,7 km,3.3,震度１,36.85,140.5716667
2012/5/20,17:20:56,三陸沖,39°36.8′N,143°36.5′E,28 km,5.5,震度２,39.61333333,143.6083333
2012/5/20,17:40:38,三陸沖,39°30.2′N,143°33.6′E,27 km,4.4,震度１,39.50333333,143.56
2012/5/20,17:41:44,三陸沖,39°24.2′N,143°29.9′E,28 km,5.1,震度２,39.40333333,143.4983333
2012/5/20,22:01:32,茨城県南部,36°01.0′N,140°04.9′E,62 km,3.8,震度２,36.01666667,140.0816667
2012/5/21,7:20:58,三陸沖,39°38.7′N,143°49.2′E,20 km,5.2,震度１,39.645,143.82
2012/5/21,9:46:10,三陸沖,39°27.9′N,143°45.9′E,34 km,5.1,震度２,39.465,143.765
2012/5/21,12:18:46,沖縄本島北西沖,27°10.8′N,127°28.2′E,91 km,5.1,震度３,27.18,127.47
2012/5/21,12:21:05,茨城県沖,36°26.7′N,141°04.4′E,44 km,3.7,震度１,36.445,141.0733333
2012/5/21,17:39:11,岩手県沿岸南部,39°23.7′N,141°54.7′E,65 km,3.3,震度１,39.395,141.9116667
2012/5/21,19:17:07,三陸沖,39°21.8′N,143°42.4′E,32 km,5.1,震度２,39.36333333,143.7066667
2012/5/21,21:45:55,青森県東方沖,40°44.6′N,142°12.7′E,45 km,3.1,震度１,40.74333333,142.2116667
2012/5/21,22:47:43,岩手県沖,39°03.6′N,142°23.5′E,34 km,3.7,震度１,39.06,142.3916667
2012/5/22,7:21:20,千葉県北西部,35°39.5′N,140°06.5′E,63 km,3.4,震度１,35.65833333,140.1083333
2012/5/22,11:40:58,茨城県北部,36°45.4′N,140°34.3′E,9 km,3.1,震度１,36.75666667,140.5716667
2012/5/22,16:18:28,三陸沖,39°36.8′N,143°34.0′E,32 km,5,震度２,39.61333333,143.5666667
2012/5/22,20:21:35,宮城県沖,38°21.9′N,141°56.6′E,59 km,3.5,震度１,38.365,141.9433333
2012/5/22,22:46:01,根室半島南東沖,43°01.5′N,145°49.2′E,44 km,3.5,震度１,43.025,145.82
2012/5/23,2:01:20,宮城県沖,38°33.7′N,142°02.0′E,37 km,3.3,震度１,38.56166667,142.0333333
2012/5/23,3:27:23,宮城県沖,38°33.3′N,141°41.6′E,55 km,2.8,震度１,38.555,141.6933333
2012/5/23,3:45:28,大隅半島東方沖,31°08.9′N,131°21.2′E,30 km,4,震度２,31.14833333,131.3533333
2012/5/23,7:41:57,茨城県沖,36°28.5′N,141°02.5′E,45 km,3.6,震度１,36.475,141.0416667
2012/5/24,0:02:27,青森県東方沖,41°20.6′N,142°07.4′E,60 km,6.1,震度５強,41.34333333,142.1233333
2012/5/24,2:19:03,茨城県南部,35°59.2′N,140°05.8′E,61 km,2.9,震度１,35.98666667,140.0966667
2012/5/24,9:10:51,宮城県沖,38°16.0′N,141°06.2′E,88 km,3.3,震度１,38.26666667,141.1033333
2012/5/24,10:09:39,千葉県北東部,35°43.7′N,140°37.7′E,46 km,3.6,震度２,35.72833333,140.6283333
2012/5/24,10:15:05,千葉県北東部,35°43.8′N,140°38.4′E,48 km,3.2,震度２,35.73,140.64
2012/5/24,13:24:25,宮古島近海,24°41.3′N,125°07.3′E,27 km,3.4,震度１,24.68833333,125.1216667
2012/5/24,13:51:59,宮城県沖,38°28.4′N,141°36.2′E,57 km,3.9,震度２,38.47333333,141.6033333
2012/5/24,15:43:02,福島県浜通り,36°59.9′N,140°47.7′E,12 km,3.8,震度２,36.99833333,140.795
2012/5/24,21:35:14,岐阜県飛騨地方,35°52.9′N,137°17.4′E,9 km,2.4,震度１,35.88166667,137.29
2012/5/24,23:54:23,根室半島南東沖,43°04.9′N,145°50.4′E,50 km,3.5,震度１,43.08166667,145.84
2012/5/25,1:03:19,群馬県北部,36°54.0′N,139°23.8′E,4 km,2.6,震度１,36.9,139.3966667
2012/5/25,4:43:10,伊予灘,33°31.3′N,131°56.7′E,63 km,4,震度２,33.52166667,131.945
2012/5/25,8:19:10,青森県東方沖,40°44.5′N,142°13.9′E,47 km,3.4,震度１,40.74166667,142.2316667
2012/5/25,12:59:28,福島県沖,37°35.0′N,141°44.1′E,47 km,4.4,震度２,37.58333333,141.735
2012/5/25,16:27:00,東京都２３区,35°41.1′N,139°54.7′E,37 km,3.4,震度２,35.685,139.9116667
2012/5/26,0:15:01,秋田県内陸南部,39°35.1′N,140°21.9′E,6 km,2.1,震度１,39.585,140.365
2012/5/26,5:47:14,福島県浜通り,36°54.8′N,140°42.9′E,11 km,3.1,震度１,36.91333333,140.715
2012/5/26,10:18:28,茨城県沖,36°45.8′N,141°06.7′E,30 km,3.5,震度１,36.76333333,141.1116667
2012/5/26,13:03:24,岩手県沖,39°05.1′N,142°20.5′E,32 km,3.9,震度２,39.085,142.3416667
2012/5/26,17:36:08,千葉県東方沖,35°41.4′N,140°56.4′E,20 km,3.7,震度２,35.69,140.94
2012/5/26,21:35:40,茨城県南部,36°13.9′N,140°05.1′E,54 km,3.7,震度２,36.23166667,140.085
2012/5/27,1:45:39,大分県中部,33°19.2′N,131°28.9′E,10 km,2.8,震度２,33.32,131.4816667
2012/5/27,1:50:22,奄美大島近海,28°00.6′N,129°26.9′E,41 km,3.3,震度１,28.01,129.4483333
2012/5/27,2:46:43,大分県中部,33°19.2′N,131°28.7′E,10 km,2,震度１,33.32,131.4783333
2012/5/27,6:48:09,小笠原諸島西方沖,27°00.1′N,140°38.9′E,499 km,6,震度２,27.00166667,140.6483333
2012/5/27,10:08:49,宮城県沖,38°27.2′N,141°56.4′E,57 km,3.2,震度１,38.45333333,141.94
2012/5/27,11:43:05,茨城県沖,36°43.3′N,141°01.4′E,32 km,3.1,震度１,36.72166667,141.0233333
2012/5/27,13:22:47,宮城県沖,38°27.4′N,142°09.7′E,30 km,3.6,震度１,38.45666667,142.1616667
2012/5/27,19:09:22,宮城県沖,38°28.0′N,142°16.8′E,26 km,4.1,震度１,38.46666667,142.28
2012/5/27,20:20:07,与那国島近海,24°41.4′N,123°13.1′E,15 km,5.1,震度２,24.69,123.2183333
2012/5/28,3:08:34,宮城県沖,38°45.9′N,142°04.1′E,34 km,3.3,震度１,38.765,142.0683333
2012/5/28,13:17:03,千葉県東方沖,35°44.0′N,140°53.9′E,9 km,3.3,震度１,35.73333333,140.8983333
2012/5/28,14:24:11,福島県会津,37°25.7′N,139°41.8′E,4 km,1.8,震度１,37.42833333,139.6966667
2012/5/28,15:31:58,石川県能登地方,37°25.4′N,137°00.0′E,13 km,4,震度３,37.42333333,137
2012/5/28,21:39:09,宮城県沖,38°33.3′N,141°41.7′E,54 km,2.7,震度１,38.555,141.695
2012/5/29,1:36:47,千葉県北西部,35°48.3′N,140°05.2′E,64 km,5.2,震度４,35.805,140.0866667
2012/5/29,2:19:29,千葉県北西部,35°47.8′N,140°06.3′E,63 km,3.5,震度１,35.79666667,140.105
2012/5/29,6:37:00,留萌地方南部,44°03.9′N,141°48.7′E,13 km,2.2,震度２,44.065,141.8116667
2012/5/29,10:48:18,福島県沖,37°12.7′N,141°08.3′E,27 km,3.1,震度１,37.21166667,141.1383333
2012/5/29,10:56:03,三陸沖,39°14.4′N,144°36.4′E,46 km,4.8,震度１,39.24,144.6066667
2012/5/29,14:49:35,千葉県東方沖,35°42.9′N,140°50.3′E,13 km,3.3,震度１,35.715,140.8383333
2012/5/29,15:38:18,千葉県東方沖,35°43.6′N,140°53.8′E,10 km,3.3,震度１,35.72666667,140.8966667
2012/5/29,18:18:53,新潟県中越地方,37°17.1′N,138°57.5′E,11 km,2.7,震度１,37.285,138.9583333
2012/5/29,19:06:15,茨城県北部,36°41.3′N,140°39.5′E,5 km,2.9,震度２,36.68833333,140.6583333
2012/5/29,21:02:04,千葉県東方沖,35°41.4′N,140°52.9′E,15 km,3.5,震度１,35.69,140.8816667
2012/5/29,21:11:27,宮城県沖,38°23.6′N,142°03.6′E,41 km,3.7,震度１,38.39333333,142.06
2012/5/30,0:53:00,十勝地方南部,42°21.1′N,143°07.3′E,51 km,4,震度２,42.35166667,143.1216667
2012/5/30,8:05:42,宮城県沖,38°47.4′N,142°01.5′E,39 km,3.3,震度１,38.79,142.025
2012/5/31,1:30:55,宮城県沖,38°51.3′N,142°03.1′E,46 km,3.8,震度２,38.855,142.0516667
2012/5/31,7:06:25,宮城県沖,38°24.3′N,142°10.0′E,30 km,3.5,震度１,38.405,142.1666667
2012/5/31,7:27:32,秋田県沖,40°12.5′N,139°50.1′E,19 km,3.9,震度２,40.20833333,139.835
2012/5/31,9:47:48,茨城県南部,36°17.2′N,140°05.6′E,69 km,3.1,震度１,36.28666667,140.0933333
2012/5/31,12:11:12,岩手県沖,39°07.3′N,142°19.2′E,41 km,3.8,震度１,39.12166667,142.32
2012/5/31,14:49:31,福島県沖,37°30.9′N,141°26.9′E,48 km,4.6,震度３,37.515,141.4483333
2012/5/31,16:04:38,岩手県内陸南部,39°02.6′N,140°53.8′E,6 km,3.3,震度１,39.04333333,140.8966667
2012/5/31,20:11:15,新潟県中越地方,37°16.0′N,138°57.9′E,10 km,2.7,震度１,37.26666667,138.965
2012/5/31,21:08:07,京都府南部,35°00.8′N,135°30.4′E,14 km,2.6,震度１,35.01333333,135.5066667
2012/5/31,23:08:33,紀伊水道,33°49.6′N,135°02.8′E,48 km,3.7,震度１,33.82666667,135.0466667
2012/5/31,23:34:21,宮古島近海,24°17.4′N,125°12.4′E,40 km,3.8,震度１,24.29,125.2066667
2012/6/1,4:43:11,埼玉県南部,35°58.7′N,139°33.1′E,44 km,3.5,震度１,35.97833333,139.5516667
2012/6/1,9:10:17,奄美大島近海,28°30.2′N,129°24.5′E,0 km,3.1,震度１,28.50333333,129.4083333
2012/6/1,17:48:09,千葉県北西部,36°01.6′N,139°52.5′E,44 km,5.1,震度４,36.02666667,139.875
2012/6/2,2:12:00,福島県沖,36°51.6′N,141°21.0′E,30 km,3.8,震度１,36.86,141.35
2012/6/2,3:08:56,茨城県北部,36°27.2′N,140°35.7′E,55 km,3.2,震度１,36.45333333,140.595
2012/6/2,3:37:38,奄美大島近海,27°55.0′N,129°12.7′E,12 km,3.9,震度２,27.91666667,129.2116667
2012/6/2,4:11:23,千葉県北東部,35°45.0′N,140°39.8′E,49 km,3.4,震度１,35.75,140.6633333
2012/6/2,6:00:32,茨城県北部,36°41.5′N,140°39.7′E,6 km,2.4,震度２,36.69166667,140.6616667
2012/6/2,7:32:55,茨城県沖,36°47.8′N,141°15.5′E,30 km,3.6,震度１,36.79666667,141.2583333
2012/6/2,18:48:04,福島県沖,36°53.3′N,141°19.8′E,32 km,4.1,震度２,36.88833333,141.33
2012/6/2,19:04:04,宮城県中部,38°28.6′N,140°48.5′E,13 km,2.8,震度１,38.47666667,140.8083333
2012/6/2,19:29:08,宮城県沖,38°17.9′N,141°52.2′E,62 km,4,震度２,38.29833333,141.87
2012/6/2,19:59:42,北海道南西沖,41°58.6′N,139°19.8′E,13 km,3.6,震度１,41.97666667,139.33
2012/6/2,22:53:24,沖縄本島近海,26°17.8′N,127°37.5′E,20 km,2.8,震度１,26.29666667,127.625
2012/6/3,0:44:22,浦河沖,41°44.4′N,142°17.6′E,91 km,3.7,震度１,41.74,142.2933333
2012/6/3,3:46:47,宮城県沖,38°37.1′N,141°54.2′E,48 km,3.6,震度２,38.61833333,141.9033333
2012/6/3,6:35:27,千葉県東方沖,35°38.0′N,140°58.1′E,18 km,3.7,震度１,35.63333333,140.9683333
2012/6/3,7:38:28,浦河沖,41°55.3′N,142°18.9′E,68 km,3.3,震度１,41.92166667,142.315
2012/6/3,8:30:02,広島県北部,34°52.3′N,132°53.5′E,11 km,2.7,震度１,34.87166667,132.8916667
2012/6/3,12:54:59,岩手県沖,39°47.7′N,142°22.4′E,20 km,4.3,震度１,39.795,142.3733333
2012/6/3,13:07:08,岩手県沖,40°04.4′N,142°07.3′E,48 km,4.2,震度４,40.07333333,142.1216667
2012/6/3,19:52:00,釧路沖,43°02.2′N,145°21.9′E,92 km,3.1,震度１,43.03666667,145.365
2012/6/4,1:44:25,群馬県北部,36°27.9′N,138°28.1′E,171 km,3.7,震度１,36.465,138.4683333
2012/6/4,6:08:16,宮城県沖,38°42.0′N,141°47.6′E,54 km,3,震度１,38.7,141.7933333
2012/6/4,7:16:58,岩手県沖,39°10.3′N,142°20.5′E,31 km,3.9,震度１,39.17166667,142.3416667
2012/6/4,10:20:15,栃木県北部,36°38.7′N,139°27.7′E,3 km,2.1,震度１,36.645,139.4616667
2012/6/4,12:52:14,茨城県沖,36°46.2′N,141°17.5′E,27 km,3.4,震度１,36.77,141.2916667
2012/6/4,14:09:10,宮崎県南部山沿い,32°03.6′N,130°55.2′E,8 km,3.8,震度３,32.06,130.92
2012/6/4,15:51:00,宮崎県南部山沿い,32°03.6′N,130°55.4′E,9 km,4.4,震度４,32.06,130.9233333
2012/6/4,16:26:25,宮崎県南部山沿い,32°03.8′N,130°55.3′E,8 km,2.4,震度１,32.06333333,130.9216667
2012/6/4,17:20:37,宮崎県南部山沿い,32°03.6′N,130°55.1′E,8 km,2.7,震度１,32.06,130.9183333
2012/6/4,18:34:39,千葉県東方沖,35°46.5′N,140°53.8′E,12 km,3.7,震度１,35.775,140.8966667
2012/6/5,4:38:57,茨城県沖,36°42.5′N,141°04.4′E,28 km,3.6,震度２,36.70833333,141.0733333
2012/6/5,9:00:34,静岡県中部,35°13.1′N,138°18.9′E,23 km,3,震度１,35.21833333,138.315
2012/6/5,9:02:56,茨城県沖,36°44.9′N,141°03.7′E,29 km,3.6,震度２,36.74833333,141.0616667
2012/6/5,11:32:26,茨城県沖,36°42.6′N,141°05.8′E,24 km,3.4,震度１,36.71,141.0966667
2012/6/5,16:39:58,紀伊水道,33°45.4′N,135°07.6′E,42 km,2.8,震度１,33.75666667,135.1266667
2012/6/5,17:51:05,宮城県沖,38°25.5′N,142°12.4′E,37 km,3.8,震度２,38.425,142.2066667
2012/6/5,19:09:14,千葉県東方沖,35°42.3′N,140°56.6′E,9 km,3.6,震度１,35.705,140.9433333
2012/6/5,19:32:16,千葉県東方沖,35°42.4′N,140°55.9′E,11 km,4.2,震度２,35.70666667,140.9316667
2012/6/5,19:41:38,千葉県東方沖,35°41.7′N,140°56.8′E,10 km,3.8,震度２,35.695,140.9466667
2012/6/6,0:58:22,宮城県沖,38°36.5′N,141°59.3′E,50 km,3.8,震度１,38.60833333,141.9883333
2012/6/6,4:31:33,千葉県東方沖,34°59.5′N,141°22.2′E,37 km,6.3,震度３,34.99166667,141.37
2012/6/6,5:37:23,福島県沖,36°52.1′N,141°20.8′E,30 km,4.3,震度２,36.86833333,141.3466667
2012/6/6,7:52:14,岩手県沖,39°06.6′N,142°24.0′E,33 km,3.6,震度１,39.11,142.4
2012/6/6,10:24:53,和歌山県北部,34°06.1′N,135°08.7′E,4 km,2.8,震度２,34.10166667,135.145
2012/6/6,11:31:31,熊本県熊本地方,32°55.0′N,130°51.1′E,8 km,1.6,震度１,32.91666667,130.8516667
2012/6/6,12:37:37,宮城県沖,38°32.9′N,142°04.4′E,42 km,3.8,震度２,38.54833333,142.0733333
2012/6/6,13:35:27,茨城県南部,35°59.9′N,140°08.9′E,59 km,3,震度１,35.99833333,140.1483333
2012/6/6,18:30:06,福島県中通り,37°05.5′N,140°37.9′E,8 km,2.9,震度２,37.09166667,140.6316667
2012/6/7,5:59:48,宮崎県南部山沿い,32°03.8′N,130°56.6′E,9 km,2.8,震度１,32.06333333,130.9433333
2012/6/7,6:41:23,沖縄本島近海,26°21.2′N,126°54.1′E,71 km,3.3,震度１,26.35333333,126.9016667
2012/6/7,9:59:55,茨城県沖,36°08.0′N,140°56.7′E,36 km,3.9,震度２,36.13333333,140.945
2012/6/7,11:21:09,茨城県沖,36°48.6′N,141°10.3′E,44 km,3.9,震度１,36.81,141.1716667
2012/6/7,12:06:19,三陸沖,37°58.2′N,144°13.9′E,46 km,4.8,震度１,37.97,144.2316667
2012/6/7,12:30:25,宮崎県南部山沿い,32°03.8′N,130°56.4′E,9 km,2.4,震度１,32.06333333,130.94
2012/6/7,17:47:27,茨城県北部,36°39.9′N,140°36.2′E,8 km,2.2,震度１,36.665,140.6033333
2012/6/8,3:00:54,福島県浜通り,37°12.6′N,140°53.9′E,8 km,2.9,震度１,37.21,140.8983333
2012/6/8,3:40:37,岩手県沖,39°46.4′N,142°18.4′E,20 km,3.8,震度１,39.77333333,142.3066667
2012/6/8,3:43:35,三陸沖,39°55.4′N,143°16.7′E,23 km,4.3,震度１,39.92333333,143.2783333
2012/6/8,4:08:19,父島近海,26°33.1′N,142°27.2′E,25 km,3.4,震度１,26.55166667,142.4533333
2012/6/8,6:13:35,千葉県南部,35°25.4′N,139°59.8′E,42 km,3.5,震度２,35.42333333,139.9966667
2012/6/8,7:52:32,山形県置賜地方,37°48.7′N,140°01.1′E,8 km,3.4,震度１,37.81166667,140.0183333
2012/6/8,8:33:43,福島県沖,37°40.5′N,141°44.8′E,48 km,4.2,震度２,37.675,141.7466667
2012/6/8,13:10:34,茨城県沖,36°45.8′N,141°16.5′E,37 km,4.3,震度２,36.76333333,141.275
2012/6/8,13:27:21,埼玉県北部,36°11.3′N,139°08.8′E,154 km,3.9,震度１,36.18833333,139.1466667
2012/6/8,13:54:14,茨城県南部,36°04.7′N,140°27.3′E,32 km,3.4,震度２,36.07833333,140.455
2012/6/8,14:15:51,大隅半島東方沖,31°02.7′N,130°59.5′E,62 km,3.8,震度２,31.045,130.9916667
2012/6/8,14:22:35,福島県沖,37°31.3′N,142°01.6′E,33 km,4.9,震度３,37.52166667,142.0266667
2012/6/8,14:23:36,福島県沖,37°25.0′N,141°48.9′E,24 km,4.6,震度１,37.41666667,141.815
2012/6/8,23:13:45,千葉県北東部,35°52.6′N,140°28.6′E,35 km,3,震度１,35.87666667,140.4766667
2012/6/9,2:34:33,宮城県沖,38°53.3′N,141°58.0′E,50 km,3.9,震度２,38.88833333,141.9666667
2012/6/9,4:07:37,静岡県中部,35°01.4′N,138°22.1′E,26 km,4,震度３,35.02333333,138.3683333
2012/6/9,4:08:14,福島県沖,37°37.8′N,141°44.4′E,45 km,3.8,震度２,37.63,141.74
2012/6/9,10:23:11,千葉県東方沖,35°51.6′N,140°54.6′E,13 km,3.8,震度２,35.86,140.91
2012/6/9,11:06:18,茨城県沖,36°35.1′N,140°46.5′E,17 km,3.4,震度３,36.585,140.775
2012/6/9,11:35:07,岐阜県飛騨地方,35°52.9′N,137°16.1′E,8 km,3.2,震度２,35.88166667,137.2683333
2012/6/9,14:57:39,静岡県中部,35°01.4′N,138°22.0′E,27 km,3.3,震度１,35.02333333,138.3666667
2012/6/9,17:03:30,静岡県中部,35°01.4′N,138°22.0′E,27 km,2.5,震度１,35.02333333,138.3666667
2012/6/9,19:07:19,福島県沖,37°28.4′N,141°30.4′E,41 km,3.9,震度２,37.47333333,141.5066667
2012/6/9,19:20:16,茨城県沖,36°22.3′N,140°38.1′E,52 km,3.9,震度３,36.37166667,140.635
2012/6/9,21:10:39,福島県沖,36°55.8′N,141°05.5′E,51 km,3.4,震度１,36.93,141.0916667
2012/6/9,21:59:41,石川県西方沖,36°29.3′N,136°18.6′E,17 km,3,震度２,36.48833333,136.31
2012/6/10,1:50:31,神奈川県東部,35°35.9′N,139°36.9′E,22 km,2.4,震度１,35.59833333,139.615
2012/6/10,1:51:46,長野県北部,36°44.8′N,138°22.9′E,6 km,2,震度１,36.74666667,138.3816667
2012/6/10,6:00:18,台湾付近,24°25.0′N,122°16.0′E,70 km,6,震度３,24.41666667,122.2666667
2012/6/10,8:45:42,茨城県沖,36°05.9′N,140°52.9′E,41 km,3,震度１,36.09833333,140.8816667
2012/6/10,11:01:58,福島県沖,37°14.6′N,141°05.8′E,29 km,3.4,震度１,37.24333333,141.0966667
2012/6/10,13:10:55,岩手県沖,39°04.5′N,142°23.4′E,32 km,3.7,震度１,39.075,142.39
2012/6/10,13:21:51,茨城県沖,36°13.2′N,141°00.9′E,38 km,3.9,震度２,36.22,141.015
2012/6/10,16:53:40,宮城県北部,38°55.1′N,141°39.8′E,66 km,2.9,震度１,38.91833333,141.6633333
2012/6/10,17:38:00,宮城県沖,38°38.6′N,142°10.1′E,41 km,4.5,震度２,38.64333333,142.1683333
2012/6/10,22:52:04,茨城県沖,36°35.9′N,140°49.5′E,25 km,2.7,震度１,36.59833333,140.825
2012/6/11,2:11:30,種子島近海,30°57.5′N,130°48.3′E,60 km,4.4,震度３,30.95833333,130.805
2012/6/11,3:31:22,宮城県沖,38°53.0′N,141°58.9′E,49 km,3.6,震度２,38.88333333,141.9816667
2012/6/11,5:42:42,岩手県沖,39°07.3′N,142°24.5′E,46 km,3.4,震度１,39.12166667,142.4083333
2012/6/11,12:28:17,奄美大島近海,27°59.3′N,128°51.4′E,42 km,3.1,震度１,27.98833333,128.8566667
2012/6/11,12:35:58,北海道東方沖,43°21.6′N,146°38.8′E,45 km,4,震度１,43.36,146.6466667
2012/6/11,18:21:33,北海道東方沖,43°22.5′N,146°54.7′E,40 km,4.1,震度１,43.375,146.9116667
2012/6/11,18:57:12,宮城県沖,38°23.7′N,142°06.0′E,33 km,3.7,震度１,38.395,142.1
2012/6/11,19:33:11,岩手県沖,40°07.0′N,142°27.0′E,35 km,4.1,震度１,40.11666667,142.45
2012/6/11,20:20:42,宮城県沖,38°18.6′N,141°54.4′E,46 km,3.8,震度２,38.31,141.9066667
2012/6/12,7:15:12,宮城県沖,38°38.2′N,141°54.6′E,48 km,3.8,震度１,38.63666667,141.91
2012/6/12,16:40:01,茨城県沖,36°31.9′N,140°50.7′E,51 km,3.8,震度３,36.53166667,140.845
2012/6/12,16:46:28,長野県南部,35°29.2′N,137°38.9′E,16 km,2.7,震度１,35.48666667,137.6483333
2012/6/12,20:12:46,福島県沖,37°13.6′N,142°14.6′E,31 km,4.5,震度１,37.22666667,142.2433333
2012/6/13,6:56:38,沖縄本島近海,27°00.9′N,128°12.3′E,15 km,4,震度２,27.015,128.205
2012/6/13,10:01:20,網走地方,43°58.1′N,144°59.8′E,8 km,2.8,震度１,43.96833333,144.9966667
2012/6/13,18:05:26,福島県沖,37°11.3′N,141°30.7′E,48 km,3.7,震度１,37.18833333,141.5116667
2012/6/13,18:49:39,千葉県東方沖,35°41.0′N,140°43.4′E,47 km,3.8,震度２,35.68333333,140.7233333
2012/6/13,19:51:52,群馬県北部,36°41.2′N,139°19.4′E,9 km,3.3,震度２,36.68666667,139.3233333
2012/6/14,12:31:04,青森県西方沖,40°59.3′N,139°16.4′E,31 km,3.3,震度１,40.98833333,139.2733333
2012/6/15,2:16:40,茨城県北部,36°38.8′N,140°36.1′E,6 km,3.1,震度２,36.64666667,140.6016667
2012/6/15,4:05:41,豊後水道,32°53.7′N,132°32.1′E,34 km,3.3,震度１,32.895,132.535
2012/6/15,6:55:52,茨城県北部,36°39.0′N,140°35.9′E,7 km,3.3,震度２,36.65,140.5983333
2012/6/15,10:20:46,茨城県北部,36°39.5′N,140°36.0′E,5 km,2.7,震度２,36.65833333,140.6
2012/6/15,13:34:07,宮城県沖,38°27.8′N,142°11.7′E,28 km,3.8,震度１,38.46333333,142.195
2012/6/15,14:09:46,福島県沖,37°02.6′N,141°19.8′E,49 km,4.3,震度２,37.04333333,141.33
2012/6/15,14:29:19,茨城県北部,36°47.6′N,140°34.0′E,8 km,3.4,震度１,36.79333333,140.5666667
2012/6/15,16:31:51,宮城県沖,38°11.5′N,141°51.2′E,63 km,4.6,震度３,38.19166667,141.8533333
2012/6/15,18:35:20,択捉島付近,44°46.2′N,148°02.3′E,163 km,4.7,震度１,44.77,148.0383333
2012/6/15,21:18:19,千葉県南東沖,34°49.3′N,140°06.0′E,62 km,3.3,震度１,34.82166667,140.1
2012/6/15,22:14:01,千葉県東方沖,35°44.8′N,140°56.6′E,12 km,3.2,震度１,35.74666667,140.9433333
2012/6/16,1:34:24,千葉県東方沖,35°45.9′N,140°56.1′E,12 km,3.8,震度１,35.765,140.935
2012/6/16,3:27:26,三陸沖,39°08.4′N,142°53.9′E,28 km,4.3,震度１,39.14,142.8983333
2012/6/16,6:07:59,和歌山県北部,33°57.6′N,135°09.2′E,7 km,2.8,震度１,33.96,135.1533333
2012/6/16,8:38:04,浦河沖,41°45.5′N,142°58.3′E,41 km,3.5,震度１,41.75833333,142.9716667
2012/6/16,9:18:57,日高地方中部,42°16.4′N,142°33.6′E,8 km,1.6,震度１,42.27333333,142.56
2012/6/16,11:44:16,福島県沖,37°09.7′N,141°20.8′E,49 km,3.6,震度１,37.16166667,141.3466667
2012/6/16,13:27:21,福島県会津,37°43.8′N,140°00.5′E,8 km,3.3,震度１,37.73,140.0083333
2012/6/16,21:40:27,千葉県東方沖,35°22.9′N,140°35.3′E,25 km,3.4,震度１,35.38166667,140.5883333
2012/6/16,23:49:49,千葉県北西部,35°32.8′N,140°05.9′E,9 km,2.3,震度１,35.54666667,140.0983333
2012/6/16,23:58:24,福島県浜通り,37°12.3′N,140°53.6′E,8 km,3.1,震度２,37.205,140.8933333
2012/6/17,5:47:47,愛知県西部,35°05.1′N,137°10.9′E,42 km,3.2,震度１,35.085,137.1816667
2012/6/17,16:13:16,茨城県南部,36°10.7′N,140°00.6′E,51 km,4.5,震度３,36.17833333,140.01
2012/6/17,19:51:55,茨城県南部,36°03.5′N,139°54.4′E,44 km,3.2,震度２,36.05833333,139.9066667
2012/6/18,5:30:46,岐阜県飛騨地方,35°43.7′N,137°06.5′E,5 km,1.8,震度１,35.72833333,137.1083333
2012/6/18,5:32:21,宮城県沖,38°52.4′N,142°05.4′E,47 km,6.2,震度４,38.87333333,142.09
2012/6/18,7:18:25,宮城県沖,38°26.8′N,142°07.9′E,32 km,3.7,震度１,38.44666667,142.1316667
2012/6/18,14:45:37,宮城県沖,38°48.9′N,142°27.8′E,42 km,3.9,震度２,38.815,142.4633333
2012/6/18,15:09:10,福島県沖,36°55.7′N,141°03.8′E,51 km,3.7,震度２,36.92833333,141.0633333
2012/6/18,16:47:44,茨城県沖,36°31.7′N,140°47.4′E,52 km,3.6,震度２,36.52833333,140.79
2012/6/18,23:26:27,福島県沖,36°51.9′N,141°19.8′E,34 km,3.6,震度１,36.865,141.33
2012/6/18,23:30:55,千葉県南東沖,34°49.3′N,140°06.6′E,64 km,3.5,震度１,34.82166667,140.11
2012/6/19,0:03:09,千葉県北東部,35°26.4′N,140°24.0′E,54 km,3,震度１,35.44,140.4
2012/6/19,0:19:15,福島県浜通り,37°11.7′N,140°54.5′E,9 km,2.6,震度１,37.195,140.9083333
2012/6/19,1:26:09,宮城県沖,38°32.5′N,141°43.3′E,53 km,3.2,震度１,38.54166667,141.7216667
2012/6/19,5:24:29,秋田県沖,39°48.3′N,139°48.2′E,12 km,2.5,震度１,39.805,139.8033333
2012/6/19,5:29:40,茨城県北部,36°34.9′N,140°35.2′E,19 km,3.8,震度３,36.58166667,140.5866667
2012/6/19,7:44:54,宮城県沖,38°16.1′N,141°50.8′E,61 km,4,震度１,38.26833333,141.8466667
2012/6/19,9:21:03,茨城県沖,35°53.8′N,141°00.6′E,19 km,3.9,震度２,35.89666667,141.01
2012/6/19,9:39:49,宮崎県南部山沿い,32°03.6′N,130°55.0′E,8 km,2.7,震度１,32.06,130.9166667
2012/6/19,12:35:34,千葉県南東沖,34°49.5′N,140°06.4′E,63 km,3.3,震度１,34.825,140.1066667
2012/6/19,13:04:16,茨城県沖,35°53.6′N,141°00.9′E,22 km,4,震度２,35.89333333,141.015
2012/6/20,2:32:02,伊予灘,33°46.2′N,132°14.8′E,52 km,3.7,震度２,33.77,132.2466667
2012/6/20,2:35:42,茨城県南部,36°10.8′N,140°00.4′E,51 km,3.5,震度１,36.18,140.0066667
2012/6/20,3:35:34,日向灘,32°08.7′N,132°17.9′E,26 km,4.1,震度１,32.145,132.2983333
2012/6/20,7:28:48,福島県沖,37°39.4′N,141°43.1′E,40 km,4.8,震度３,37.65666667,141.7183333
2012/6/20,8:07:24,福島県浜通り,37°12.5′N,140°53.3′E,8 km,2.7,震度１,37.20833333,140.8883333
2012/6/20,9:51:25,茨城県北部,36°48.8′N,140°35.4′E,8 km,3,震度１,36.81333333,140.59
2012/6/20,9:51:57,茨城県北部,36°49.0′N,140°35.6′E,8 km,3.1,震度１,36.81666667,140.5933333
2012/6/20,10:51:18,茨城県沖,36°31.8′N,140°47.6′E,52 km,3.5,震度２,36.53,140.7933333
2012/6/20,20:20:09,千葉県南東沖,34°49.9′N,140°06.4′E,65 km,3.9,震度２,34.83166667,140.1066667
2012/6/21,0:03:03,岩手県沖,39°38.8′N,142°06.4′E,48 km,3.2,震度１,39.64666667,142.1066667
2012/6/21,1:47:07,千葉県東方沖,35°44.3′N,140°53.3′E,12 km,4.1,震度２,35.73833333,140.8883333
2012/6/21,3:40:34,宮城県沖,38°50.4′N,142°06.0′E,44 km,3.8,震度１,38.84,142.1
2012/6/21,8:17:05,千葉県東方沖,35°44.3′N,140°58.3′E,35 km,3.2,震度１,35.73833333,140.9716667
2012/6/21,8:56:32,福島県沖,36°51.4′N,141°09.8′E,49 km,4.4,震度３,36.85666667,141.1633333
2012/6/21,10:33:29,茨城県南部,36°10.9′N,140°00.5′E,51 km,3.3,震度１,36.18166667,140.0083333
2012/6/21,13:12:31,宮城県中部,38°20.0′N,140°42.9′E,11 km,2.6,震度１,38.33333333,140.715
2012/6/21,13:19:31,宮城県中部,38°19.9′N,140°42.8′E,12 km,3.3,震度２,38.33166667,140.7133333
2012/6/21,13:21:07,宮城県中部,38°19.9′N,140°42.7′E,11 km,2.5,震度１,38.33166667,140.7116667
2012/6/21,13:29:04,宮城県中部,38°20.0′N,140°42.9′E,11 km,2.8,震度１,38.33333333,140.715
2012/6/21,14:26:24,宮城県中部,38°19.9′N,140°42.5′E,11 km,2.7,震度１,38.33166667,140.7083333
2012/6/21,17:11:17,茨城県北部,36°43.0′N,140°37.1′E,6 km,2.9,震度１,36.71666667,140.6183333
2012/6/21,19:50:15,宮城県中部,38°19.8′N,140°42.7′E,11 km,2.1,震度１,38.33,140.7116667
2012/6/22,5:32:44,三陸沖,39°22.7′N,143°45.4′E,22 km,5.3,震度２,39.37833333,143.7566667
2012/6/22,8:12:49,福島県沖,37°17.0′N,142°05.6′E,33 km,4.1,震度１,37.28333333,142.0933333
2012/6/22,10:29:36,宮崎県北部平野部,32°24.6′N,131°29.5′E,13 km,3,震度１,32.41,131.4916667
2012/6/22,10:40:38,日向灘,31°54.1′N,131°59.6′E,25 km,3.1,震度１,31.90166667,131.9933333
2012/6/22,16:58:41,三陸沖,39°24.0′N,143°40.0′E,37 km,5.2,震度２,39.4,143.6666667
2012/6/22,18:27:53,福島県浜通り,37°17.6′N,140°55.7′E,6 km,2.4,震度１,37.29333333,140.9283333
2012/6/22,21:44:50,宮城県沖,38°10.2′N,141°40.8′E,51 km,3.6,震度２,38.17,141.68
2012/6/23,16:34:09,宮城県沖,38°39.6′N,142°09.3′E,39 km,3.7,震度１,38.66,142.155
2012/6/23,18:04:29,兵庫県南東部,35°05.4′N,134°52.2′E,7 km,3.2,震度２,35.09,134.87
2012/6/23,19:09:28,福島県沖,37°11.0′N,141°11.2′E,34 km,2.9,震度１,37.18333333,141.1866667
2012/6/23,19:36:26,熊本県熊本地方,32°58.0′N,130°45.4′E,11 km,2.5,震度１,32.96666667,130.7566667
2012/6/23,19:41:49,茨城県南部,36°02.0′N,139°53.2′E,43 km,3.3,震度１,36.03333333,139.8866667
2012/6/23,23:42:00,山梨県東部・富士五湖,35°29.5′N,138°58.1′E,19 km,3.5,震度２,35.49166667,138.9683333
2012/6/24,0:33:03,山梨県東部・富士五湖,35°29.4′N,138°58.1′E,19 km,3,震度１,35.49,138.9683333
2012/6/24,3:45:24,茨城県北部,36°48.9′N,140°35.0′E,7 km,2.9,震度１,36.815,140.5833333
2012/6/24,5:12:24,岐阜県飛騨地方,36°02.2′N,137°33.9′E,10 km,3.1,震度１,36.03666667,137.565
2012/6/24,10:29:15,宮城県沖,38°50.6′N,142°06.9′E,44 km,4.8,震度３,38.84333333,142.115
2012/6/24,11:23:28,千葉県東方沖,35°46.8′N,140°53.6′E,11 km,3,震度１,35.78,140.8933333
2012/6/24,12:51:55,千葉県北西部,35°47.1′N,140°06.0′E,63 km,3.2,震度１,35.785,140.1
2012/6/24,13:30:04,福島県沖,37°03.1′N,141°08.9′E,52 km,4.2,震度２,37.05166667,141.1483333
2012/6/24,15:40:55,大分県西部,33°07.8′N,131°11.4′E,7 km,2.9,震度１,33.13,131.19
2012/6/24,16:18:26,大分県西部,33°07.8′N,131°11.4′E,6 km,2.6,震度１,33.13,131.19
2012/6/24,16:40:00,大分県西部,33°07.8′N,131°11.3′E,7 km,3,震度１,33.13,131.1883333
2012/6/24,21:37:56,福島県沖,36°43.7′N,142°14.5′E,24 km,4.4,震度１,36.72833333,142.2416667
2012/6/24,22:23:32,種子島南東沖,29°59.7′N,131°17.5′E,23 km,4,震度１,29.995,131.2916667
2012/6/25,4:05:17,西表島付近,24°35.1′N,123°44.2′E,60 km,3.4,震度１,24.585,123.7366667
2012/6/25,10:38:29,茨城県沖,36°47.4′N,141°01.5′E,49 km,3.8,震度２,36.79,141.025
2012/6/25,13:53:37,大隅半島東方沖,31°07.0′N,131°35.1′E,27 km,3.9,震度１,31.11666667,131.585
2012/6/25,15:37:41,宮城県沖,38°30.4′N,141°55.5′E,44 km,3.5,震度１,38.50666667,141.925
2012/6/25,17:33:48,千葉県東方沖,35°47.3′N,140°54.9′E,14 km,3.4,震度１,35.78833333,140.915
2012/6/26,3:04:41,茨城県沖,36°46.3′N,141°18.9′E,40 km,3.7,震度１,36.77166667,141.315
2012/6/26,8:23:44,新潟県中越地方,37°32.9′N,138°57.6′E,19 km,4,震度３,37.54833333,138.96
2012/6/26,8:51:00,宮城県沖,38°37.7′N,141°55.6′E,45 km,3.3,震度１,38.62833333,141.9266667
2012/6/26,13:07:48,秋田県内陸南部,39°36.4′N,140°26.9′E,6 km,2.9,震度１,39.60666667,140.4483333
2012/6/26,14:23:00,秋田県内陸南部,39°36.4′N,140°26.9′E,6 km,2.8,震度１,39.60666667,140.4483333
2012/6/26,17:27:09,鹿児島県薩摩地方,32°05.0′N,130°32.5′E,7 km,3,震度１,32.08333333,130.5416667
2012/6/26,17:46:42,福島県沖,36°57.5′N,141°04.4′E,51 km,3.8,震度１,36.95833333,141.0733333
2012/6/26,18:10:37,岩手県沖,39°50.2′N,142°15.3′E,43 km,4,震度１,39.83666667,142.255
2012/6/26,21:00:48,宮城県沖,38°42.0′N,141°47.8′E,53 km,3.1,震度１,38.7,141.7966667
2012/6/26,22:42:51,宮城県沖,38°55.0′N,141°55.7′E,51 km,3.9,震度２,38.91666667,141.9283333
2012/6/27,16:21:30,宮城県沖,38°10.6′N,141°41.4′E,50 km,3.5,震度１,38.17666667,141.69
2012/6/27,17:34:07,豊後水道,33°11.8′N,132°18.4′E,39 km,3.5,震度１,33.19666667,132.3066667
2012/6/28,0:34:26,茨城県沖,36°09.6′N,140°56.5′E,42 km,3.3,震度１,36.16,140.9416667
2012/6/28,3:50:45,岩手県沖,40°10.1′N,141°58.6′E,37 km,3.1,震度１,40.16833333,141.9766667
2012/6/28,9:40:01,三宅島近海,34°03.6′N,139°34.0′E,2 km,1.7,震度１,34.06,139.5666667
2012/6/28,10:54:11,福島県沖,36°52.9′N,141°04.4′E,31 km,3.8,震度２,36.88166667,141.0733333
2012/6/28,13:55:10,茨城県沖,36°40.2′N,141°04.7′E,18 km,4.5,震度２,36.67,141.0783333
2012/6/28,14:51:51,福島県沖,37°10.0′N,141°11.8′E,63 km,5.2,震度４,37.16666667,141.1966667
2012/6/28,15:17:25,茨城県南部,36°04.7′N,140°27.2′E,33 km,4,震度３,36.07833333,140.4533333
2012/6/28,16:41:13,青森県東方沖,40°56.5′N,143°09.0′E,21 km,4.4,震度１,40.94166667,143.15
2012/6/29,2:44:05,千葉県南部,35°15.2′N,140°12.4′E,0 km,4.5,震度３,35.25333333,140.2066667
2012/6/29,3:26:18,宮城県沖,38°24.8′N,142°08.5′E,35 km,3.7,震度１,38.41333333,142.1416667
2012/6/29,4:12:41,宮城県沖,38°33.4′N,141°41.4′E,55 km,2.8,震度１,38.55666667,141.69
2012/6/29,7:01:11,茨城県沖,36°23.1′N,141°01.4′E,20 km,4.2,震度２,36.385,141.0233333
2012/6/29,11:05:34,福島県中通り,37°06.4′N,140°36.6′E,10 km,3.6,震度２,37.10666667,140.61
2012/6/29,16:02:22,茨城県沖,36°08.1′N,140°57.1′E,37 km,3.8,震度２,36.135,140.9516667
2012/6/30,1:05:54,青森県東方沖,40°54.3′N,142°06.9′E,51 km,3.4,震度１,40.905,142.115
2012/6/30,6:05:36,茨城県沖,36°08.0′N,140°57.2′E,37 km,3.5,震度２,36.13333333,140.9533333
2012/6/30,8:10:08,宮城県沖,38°21.9′N,141°51.7′E,64 km,4,震度２,38.365,141.8616667
2012/6/30,9:09:12,父島近海,28°08.9′N,142°39.8′E,109 km,4.9,震度１,28.14833333,142.6633333
2012/6/30,9:19:09,大分県中部,33°19.1′N,131°28.7′E,9 km,2.4,震度１,33.31833333,131.4783333
2012/6/30,13:32:13,福島県沖,37°31.3′N,141°23.2′E,51 km,3.3,震度１,37.52166667,141.3866667
2012/6/30,14:50:26,千葉県北東部,35°23.3′N,140°22.4′E,26 km,3.8,震度２,35.38833333,140.3733333
2012/6/30,15:34:05,茨城県沖,36°17.3′N,141°02.1′E,45 km,4.2,震度２,36.28833333,141.035
2012/6/30,16:11:46,宮城県沖,38°12.0′N,141°52.2′E,64 km,4.8,震度３,38.2,141.87
2012/6/30,18:43:54,岩手県沖,40°01.4′N,141°57.0′E,8 km,2.9,震度１,40.02333333,141.95
2012/6/30,18:51:45,岩手県沖,40°01.4′N,141°57.0′E,8 km,2.9,震度１,40.02333333,141.95
2012/6/30,22:40:23,茨城県沖,36°11.6′N,140°55.0′E,31 km,3,震度１,36.19333333,140.9166667
2012/7/1,0:00:52,茨城県沖,36°19.1′N,141°02.8′E,42 km,3.3,震度１,36.31833333,141.0466667
2012/7/1,3:11:57,千葉県東方沖,35°48.8′N,140°55.5′E,31 km,3.8,震度２,35.81333333,140.925
2012/7/1,6:24:05,秋田県内陸南部,39°29.3′N,140°25.1′E,9 km,2.8,震度３,39.48833333,140.4183333
2012/7/1,8:57:23,熊本県熊本地方,32°33.7′N,130°46.2′E,8 km,2.7,震度１,32.56166667,130.77
2012/7/1,13:09:53,福島県中通り,36°57.6′N,140°32.5′E,8 km,3.7,震度２,36.96,140.5416667
2012/7/2,5:51:33,岩手県沖,40°01.4′N,141°57.0′E,8 km,3.1,震度２,40.02333333,141.95
2012/7/2,11:06:21,岩手県沖,40°01.5′N,141°57.4′E,9 km,4.5,震度４,40.025,141.9566667
2012/7/2,15:23:27,福島県沖,37°28.6′N,141°35.6′E,46 km,4.4,震度３,37.47666667,141.5933333
2012/7/3,4:17:30,宮崎県北部平野部,32°04.2′N,131°27.2′E,20 km,2.3,震度１,32.07,131.4533333
2012/7/3,9:46:15,福島県沖,37°20.7′N,141°59.9′E,36 km,4.6,震度２,37.345,141.9983333
2012/7/3,11:31:02,千葉県南部,35°00.0′N,139°52.2′E,88 km,5.2,震度４,35,139.87
2012/7/3,11:32:55,福島県中通り,37°05.9′N,140°29.5′E,11 km,4.2,震度３,37.09833333,140.4916667
2012/7/3,12:36:25,熊本県熊本地方,32°59.4′N,130°48.3′E,10 km,2.5,震度１,32.99,130.805
2012/7/3,13:05:08,秋田県内陸南部,39°34.5′N,140°32.3′E,6 km,2.6,震度２,39.575,140.5383333
2012/7/3,13:22:17,宮城県沖,38°01.6′N,141°52.3′E,46 km,4.4,震度２,38.02666667,141.8716667
2012/7/3,13:52:49,青森県東方沖,41°27.8′N,141°56.4′E,55 km,4.1,震度３,41.46333333,141.94
2012/7/3,13:53:55,秋田県内陸南部,39°34.5′N,140°32.9′E,7 km,2.9,震度３,39.575,140.5483333
2012/7/3,14:09:38,宮城県沖,38°22.1′N,141°38.4′E,54 km,3.2,震度１,38.36833333,141.64
2012/7/3,14:39:34,宮古島近海,24°59.5′N,125°37.2′E,55 km,3.8,震度１,24.99166667,125.62
2012/7/3,21:18:55,福島県会津,37°07.0′N,139°28.3′E,8 km,3,震度２,37.11666667,139.4716667
2012/7/3,21:47:30,根室半島南東沖,43°04.2′N,146°10.9′E,41 km,3.4,震度１,43.07,146.1816667
2012/7/3,21:53:57,静岡県東部,35°23.0′N,138°57.9′E,18 km,2.9,震度１,35.38333333,138.965
2012/7/3,22:20:59,静岡県東部,35°23.1′N,138°57.8′E,18 km,3.2,震度２,35.385,138.9633333
2012/7/4,1:57:21,茨城県沖,36°25.9′N,141°06.2′E,45 km,3.6,震度１,36.43166667,141.1033333
2012/7/4,2:38:36,有明海,32°46.7′N,130°30.2′E,10 km,3.7,震度２,32.77833333,130.5033333
2012/7/4,2:53:53,宮城県沖,38°33.3′N,141°41.5′E,55 km,2.6,震度１,38.555,141.6916667
2012/7/4,4:30:06,宮城県沖,38°20.4′N,141°39.6′E,53 km,3.2,震度１,38.34,141.66
2012/7/4,9:14:25,宮城県沖,38°25.1′N,141°53.9′E,63 km,3.4,震度１,38.41833333,141.8983333
2012/7/4,11:25:10,茨城県沖,36°41.7′N,140°47.4′E,46 km,3.6,震度２,36.695,140.79
2012/7/4,11:37:48,国後島付近,43°42.8′N,146°25.9′E,79 km,4,震度２,43.71333333,146.4316667
2012/7/4,14:53:23,千葉県南東沖,34°56.3′N,139°58.0′E,65 km,3.6,震度１,34.93833333,139.9666667
2012/7/4,15:03:25,茨城県沖,36°38.5′N,140°55.9′E,49 km,4,震度３,36.64166667,140.9316667
2012/7/4,22:28:49,青森県東方沖,40°58.5′N,142°00.7′E,57 km,4,震度３,40.975,142.0116667
2012/7/4,22:52:28,青森県東方沖,40°40.9′N,142°13.4′E,46 km,3,震度１,40.68166667,142.2233333
2012/7/5,1:09:08,京都府南部,35°05.4′N,135°37.7′E,7 km,2.7,震度１,35.09,135.6283333
2012/7/5,10:42:58,宮城県沖,38°33.3′N,142°21.6′E,43 km,3.7,震度１,38.555,142.36
2012/7/5,16:28:53,岩手県沖,39°02.2′N,142°23.0′E,31 km,3.8,震度１,39.03666667,142.3833333
2012/7/5,17:30:36,宮城県沖,38°27.5′N,141°56.5′E,54 km,2.9,震度１,38.45833333,141.9416667
2012/7/5,18:20:09,福島県沖,37°11.1′N,141°22.6′E,48 km,3.7,震度１,37.185,141.3766667
2012/7/5,18:49:29,苫小牧沖,41°56.1′N,141°26.5′E,88 km,4.1,震度１,41.935,141.4416667
2012/7/6,1:07:16,浦河沖,42°02.3′N,142°35.7′E,64 km,3.8,震度１,42.03833333,142.595
2012/7/6,2:04:33,福島県中通り,37°02.5′N,140°34.3′E,9 km,4.5,震度３,37.04166667,140.5716667
2012/7/6,2:40:04,宮城県沖,38°22.4′N,141°51.1′E,64 km,3.3,震度１,38.37333333,141.8516667
2012/7/6,2:53:21,福島県中通り,37°02.8′N,140°34.2′E,9 km,3.9,震度２,37.04666667,140.57
2012/7/6,4:43:15,秋田県内陸南部,39°35.5′N,140°32.7′E,5 km,1.4,震度１,39.59166667,140.545
2012/7/6,6:05:55,宮城県沖,38°10.6′N,141°42.0′E,51 km,3.7,震度２,38.17666667,141.7
2012/7/6,8:04:30,奄美大島北東沖,29°15.8′N,130°33.0′E,68 km,4.4,震度２,29.26333333,130.55
2012/7/6,8:24:20,福島県中通り,37°05.8′N,140°29.5′E,12 km,4.1,震度２,37.09666667,140.4916667
2012/7/6,12:00:33,千葉県北西部,35°40.5′N,140°07.1′E,64 km,3,震度１,35.675,140.1183333
2012/7/6,14:04:07,福島県沖,36°52.6′N,140°56.4′E,63 km,3.3,震度１,36.87666667,140.94
2012/7/6,19:58:18,千葉県東方沖,35°41.4′N,140°54.6′E,12 km,3.2,震度１,35.69,140.91
2012/7/7,0:46:32,茨城県北部,36°40.9′N,140°36.0′E,8 km,2.9,震度１,36.68166667,140.6
2012/7/7,2:22:11,和歌山県北部,33°59.2′N,135°17.3′E,6 km,2.6,震度１,33.98666667,135.2883333
2012/7/7,5:42:18,島根県東部,35°19.9′N,133°15.1′E,8 km,2.7,震度１,35.33166667,133.2516667
2012/7/7,5:53:32,宮崎県南部山沿い,32°03.8′N,130°56.4′E,9 km,3,震度１,32.06333333,130.94
2012/7/7,18:24:34,秋田県内陸南部,39°30.5′N,140°23.2′E,9 km,2,震度１,39.50833333,140.3866667
2012/7/7,20:47:01,宮城県沖,38°51.3′N,142°03.1′E,46 km,3.9,震度２,38.855,142.0516667
2012/7/7,23:10:23,新潟県上越地方,36°56.0′N,138°09.6′E,11 km,2.3,震度１,36.93333333,138.16
2012/7/8,8:34:33,京都府北部,35°14.5′N,135°14.4′E,12 km,2.5,震度１,35.24166667,135.24
2012/7/8,11:30:07,福島県会津,37°40.7′N,139°56.0′E,8 km,2.5,震度２,37.67833333,139.9333333
2012/7/8,12:09:30,千葉県北東部,35°52.5′N,140°28.6′E,34 km,3.2,震度１,35.875,140.4766667
2012/7/8,20:33:01,千島列島,45°25.0′N,151°44.1′E,30 km,6.2,震度１,45.41666667,151.735
2012/7/9,13:01:53,宮城県沖,38°39.4′N,142°09.0′E,42 km,4.5,震度２,38.65666667,142.15
2012/7/9,17:30:19,浦河沖,42°03.9′N,142°28.8′E,67 km,3.8,震度２,42.065,142.48
2012/7/10,1:34:02,宮城県沖,38°35.1′N,141°31.1′E,61 km,2.8,震度１,38.585,141.5183333
2012/7/10,1:56:20,宮城県沖,38°32.1′N,141°42.9′E,54 km,3.7,震度２,38.535,141.715
2012/7/10,3:47:46,岩手県沖,40°20.9′N,142°04.8′E,50 km,3.9,震度２,40.34833333,142.08
2012/7/10,4:25:06,奄美大島北東沖,29°19.6′N,130°13.6′E,51 km,5.3,震度２,29.32666667,130.2266667
2012/7/10,7:19:04,茨城県南部,36°02.2′N,139°52.7′E,43 km,3.2,震度１,36.03666667,139.8783333
2012/7/10,12:34:35,有明海,32°55.4′N,130°21.2′E,10 km,2.3,震度１,32.92333333,130.3533333
2012/7/10,12:48:57,長野県北部,36°49.8′N,138°23.3′E,9 km,5.2,震度５弱,36.83,138.3883333
2012/7/10,12:50:13,長野県北部,36°48.8′N,138°24.2′E,9 km,3.9,震度２,36.81333333,138.4033333
2012/7/10,12:51:56,長野県北部,36°49.5′N,138°23.8′E,7 km,3.6,震度３,36.825,138.3966667
2012/7/10,12:57:21,長野県北部,36°49.4′N,138°23.1′E,8 km,3.3,震度３,36.82333333,138.385
2012/7/10,12:59:45,長野県北部,36°49.5′N,138°22.8′E,9 km,2.6,震度１,36.825,138.38
2012/7/10,13:01:34,長野県北部,36°49.2′N,138°22.7′E,11 km,2,震度１,36.82,138.3783333
2012/7/10,13:03:16,長野県北部,36°49.3′N,138°23.4′E,8 km,3.5,震度２,36.82166667,138.39
2012/7/10,13:06:24,長野県北部,36°50.1′N,138°23.7′E,9 km,3.1,震度２,36.835,138.395
2012/7/10,13:08:05,長野県北部,36°49.4′N,138°23.5′E,9 km,2.7,震度１,36.82333333,138.3916667
2012/7/10,13:11:28,宮城県沖,38°50.9′N,142°03.0′E,46 km,3.5,震度１,38.84833333,142.05
2012/7/10,13:17:13,長野県北部,36°49.3′N,138°23.0′E,9 km,2.3,震度１,36.82166667,138.3833333
2012/7/10,13:18:37,長野県北部,36°49.6′N,138°22.7′E,9 km,2.6,震度１,36.82666667,138.3783333
2012/7/10,13:27:10,長野県北部,36°49.0′N,138°23.5′E,10 km,2.1,震度１,36.81666667,138.3916667
2012/7/10,13:33:27,長野県北部,36°49.6′N,138°23.5′E,9 km,3.9,震度３,36.82666667,138.3916667
2012/7/10,13:39:23,長野県北部,36°49.6′N,138°23.6′E,9 km,2.8,震度１,36.82666667,138.3933333
2012/7/10,14:00:26,長野県北部,36°49.3′N,138°23.8′E,9 km,2.4,震度１,36.82166667,138.3966667
2012/7/10,15:15:54,長野県北部,36°49.4′N,138°23.4′E,9 km,3.1,震度２,36.82333333,138.39
2012/7/10,15:21:31,長野県北部,36°49.6′N,138°23.2′E,8 km,3.2,震度２,36.82666667,138.3866667
2012/7/10,17:18:46,長野県北部,36°49.6′N,138°23.2′E,11 km,2,震度１,36.82666667,138.3866667
2012/7/10,22:43:56,千葉県東方沖,35°47.3′N,141°02.1′E,16 km,3.6,震度１,35.78833333,141.035
2012/7/10,23:22:48,岩手県沖,39°04.4′N,142°22.7′E,32 km,3.4,震度１,39.07333333,142.3783333
2012/7/11,0:46:12,秋田県内陸南部,39°36.3′N,140°26.8′E,6 km,2.9,震度１,39.605,140.4466667
2012/7/11,1:26:09,秋田県内陸南部,39°36.4′N,140°27.0′E,6 km,2.9,震度１,39.60666667,140.45
2012/7/11,3:15:10,岐阜県美濃中西部,35°14.9′N,136°33.4′E,6 km,2.6,震度１,35.24833333,136.5566667
2012/7/11,5:19:48,岩手県沖,40°12.2′N,141°59.5′E,12 km,3.7,震度１,40.20333333,141.9916667
2012/7/11,7:58:50,宮城県沖,38°12.4′N,142°20.6′E,37 km,3.8,震度１,38.20666667,142.3433333
2012/7/11,11:43:53,茨城県北部,36°43.0′N,140°38.1′E,6 km,3.5,震度３,36.71666667,140.635
2012/7/11,11:58:53,千葉県北東部,35°43.8′N,140°41.2′E,47 km,3.2,震度１,35.73,140.6866667
2012/7/11,19:54:33,千葉県東方沖,35°47.9′N,141°01.4′E,17 km,4.4,震度２,35.79833333,141.0233333
2012/7/11,23:21:23,長野県北部,36°49.3′N,138°23.2′E,9 km,2.8,震度１,36.82166667,138.3866667
2012/7/12,0:32:54,島根県東部,35°10.8′N,133°05.7′E,8 km,2.3,震度１,35.18,133.095
2012/7/12,5:27:24,渡島地方東部,41°53.4′N,140°57.8′E,12 km,1.9,震度１,41.89,140.9633333
2012/7/12,8:16:48,和歌山県北部,34°12.2′N,135°13.0′E,5 km,3,震度２,34.20333333,135.2166667
2012/7/12,12:31:04,山梨県東部・富士五湖,35°29.0′N,138°59.2′E,21 km,2.8,震度１,35.48333333,138.9866667
2012/7/12,13:54:47,茨城県南部,36°04.9′N,139°53.1′E,46 km,4.2,震度３,36.08166667,139.885
2012/7/12,14:10:22,東京都２３区,35°42.4′N,139°41.8′E,85 km,3.4,震度１,35.70666667,139.6966667
2012/7/12,20:17:16,青森県東方沖,41°33.5′N,143°11.9′E,55 km,4.6,震度２,41.55833333,143.1983333
2012/7/13,0:47:57,長野県北部,36°56.6′N,138°30.1′E,3 km,2.5,震度１,36.94333333,138.5016667
2012/7/13,13:15:36,渡島地方東部,41°53.4′N,140°57.8′E,12 km,2.1,震度１,41.89,140.9633333
2012/7/13,14:14:24,宮城県沖,38°47.9′N,142°27.4′E,44 km,4.5,震度３,38.79833333,142.4566667
2012/7/13,23:42:17,宮城県沖,38°25.8′N,142°12.3′E,34 km,4.2,震度２,38.43,142.205
2012/7/14,3:31:15,岩手県沖,40°12.5′N,141°59.1′E,12 km,3.2,震度１,40.20833333,141.985
2012/7/14,8:33:29,安芸灘,33°51.0′N,132°23.0′E,48 km,3.3,震度１,33.85,132.3833333
2012/7/14,11:06:19,福島県沖,36°57.9′N,141°00.5′E,91 km,3.8,震度１,36.965,141.0083333
2012/7/14,13:04:30,長野県北部,36°49.6′N,138°22.0′E,8 km,3.7,震度３,36.82666667,138.3666667
2012/7/14,23:49:32,岩手県沖,39°07.9′N,142°24.0′E,34 km,4.1,震度２,39.13166667,142.4
2012/7/15,2:22:47,奄美大島近海,28°39.2′N,129°35.1′E,15 km,3.8,震度２,28.65333333,129.585
2012/7/15,13:05:39,岩手県沿岸南部,39°06.9′N,141°35.0′E,71 km,2.9,震度１,39.115,141.5833333
2012/7/15,20:41:25,岩手県沖,40°01.3′N,141°57.0′E,8 km,2.9,震度１,40.02166667,141.95
2012/7/15,23:08:06,上川地方北部,44°49.8′N,142°09.4′E,0 km,4.2,震度４,44.83,142.1566667
2012/7/15,23:18:13,福島県沖,36°59.7′N,141°22.1′E,34 km,3.3,震度１,36.995,141.3683333
2012/7/15,23:34:47,根室半島南東沖,43°09.5′N,146°24.8′E,62 km,5,震度３,43.15833333,146.4133333
2012/7/16,0:16:26,上川地方北部,44°50.3′N,142°09.0′E,0 km,1.5,震度１,44.83833333,142.15
2012/7/16,4:31:31,茨城県南部,36°09.1′N,139°49.0′E,52 km,4.8,震度４,36.15166667,139.8166667
2012/7/16,6:49:47,上川地方北部,44°50.1′N,142°08.9′E,0 km,4.3,震度４,44.835,142.1483333
2012/7/16,9:38:38,上川地方北部,44°50.0′N,142°09.0′E,0 km,1.7,震度１,44.83333333,142.15
2012/7/16,15:02:05,岩手県沖,39°01.3′N,142°24.4′E,32 km,3.8,震度２,39.02166667,142.4066667
2012/7/16,16:21:48,青森県三八上北地方,40°29.6′N,141°07.0′E,11 km,2.5,震度１,40.49333333,141.1166667
2012/7/16,20:14:05,茨城県北部,36°38.1′N,140°37.5′E,47 km,3.2,震度１,36.635,140.625
2012/7/17,4:28:34,福島県浜通り,37°03.7′N,140°41.8′E,10 km,3,震度１,37.06166667,140.6966667
2012/7/17,7:12:55,新潟県下越地方,37°32.1′N,139°26.1′E,7 km,2.9,震度１,37.535,139.435
2012/7/17,11:40:28,福島県会津,37°45.9′N,139°58.8′E,8 km,3.2,震度１,37.765,139.98
2012/7/17,11:47:31,宮城県沖,38°46.0′N,142°03.2′E,43 km,3.4,震度１,38.76666667,142.0533333
2012/7/17,14:38:22,岩手県沖,39°09.2′N,142°26.4′E,45 km,3.5,震度１,39.15333333,142.44
2012/7/17,17:32:57,宮城県沖,38°24.0′N,142°14.1′E,39 km,3.8,震度１,38.4,142.235
2012/7/17,22:25:18,宮城県沖,38°33.3′N,141°41.9′E,55 km,2.7,震度１,38.555,141.6983333
2012/7/18,4:03:30,上川地方北部,44°49.9′N,142°08.8′E,0 km,1.8,震度１,44.83166667,142.1466667
2012/7/18,4:39:35,上川地方北部,44°49.9′N,142°08.8′E,0 km,4.1,震度４,44.83166667,142.1466667
2012/7/18,4:50:19,上川地方北部,44°50.1′N,142°09.0′E,0 km,4.1,震度３,44.835,142.15
2012/7/18,4:57:57,上川地方北部,44°50.7′N,142°09.3′E,0 km,2.7,震度２,44.845,142.155
2012/7/18,7:38:32,長野県北部,36°49.7′N,138°24.3′E,8 km,3.2,震度１,36.82833333,138.405
2012/7/18,10:37:01,千葉県南東沖,34°52.2′N,140°13.2′E,73 km,3.5,震度１,34.87,140.22
2012/7/18,16:38:12,有明海,32°50.5′N,130°34.6′E,12 km,2.7,震度１,32.84166667,130.5766667
2012/7/18,20:14:42,福島県沖,37°11.4′N,141°22.5′E,48 km,3.9,震度２,37.19,141.375
2012/7/19,2:07:35,茨城県南部,36°05.1′N,139°52.8′E,46 km,3,震度１,36.085,139.88
2012/7/19,4:37:18,宮崎県北部山沿い,32°25.6′N,131°27.6′E,17 km,2.9,震度１,32.42666667,131.46
2012/7/19,5:38:22,福島県沖,36°56.8′N,141°21.0′E,27 km,4.2,震度１,36.94666667,141.35
2012/7/19,9:48:10,上川地方北部,44°50.7′N,142°08.2′E,0 km,1.8,震度１,44.845,142.1366667
2012/7/19,15:10:49,岩手県沖,40°22.7′N,142°16.3′E,40 km,3.3,震度１,40.37833333,142.2716667
2012/7/19,19:39:17,福島県沖,37°03.1′N,141°09.7′E,29 km,3.9,震度２,37.05166667,141.1616667
2012/7/20,1:11:37,福島県沖,37°34.9′N,141°51.2′E,29 km,4.5,震度２,37.58166667,141.8533333
2012/7/20,5:08:17,茨城県北部,36°21.1′N,140°34.3′E,52 km,3.4,震度１,36.35166667,140.5716667
2012/7/20,12:27:51,千葉県北西部,35°32.3′N,140°07.3′E,0 km,2.9,震度１,35.53833333,140.1216667
2012/7/20,12:59:45,宮城県沖,38°18.1′N,141°52.4′E,47 km,4.1,震度２,38.30166667,141.8733333
2012/7/20,13:39:07,千葉県北西部,35°32.4′N,140°07.3′E,0 km,2.3,震度１,35.54,140.1216667
2012/7/20,13:42:43,千葉県北西部,35°32.3′N,140°07.6′E,1 km,2.9,震度２,35.53833333,140.1266667
2012/7/20,15:03:26,岩手県沖,40°01.4′N,141°57.0′E,8 km,2.8,震度１,40.02333333,141.95
2012/7/20,15:50:16,硫黄島近海,24°58.7′N,140°55.2′E,96 km,5.1,震度１,24.97833333,140.92
2012/7/20,16:14:02,千葉県北西部,35°32.5′N,140°07.6′E,3 km,3,震度２,35.54166667,140.1266667
2012/7/20,18:11:56,茨城県沖,36°15.2′N,141°03.8′E,45 km,3.6,震度１,36.25333333,141.0633333
2012/7/21,5:03:35,青森県三八上北地方,40°28.5′N,141°30.7′E,89 km,2.9,震度１,40.475,141.5116667
2012/7/21,6:49:50,熊本県熊本地方,32°52.4′N,130°50.3′E,11 km,1.9,震度１,32.87333333,130.8383333
2012/7/21,12:01:19,福島県沖,37°45.3′N,141°55.9′E,37 km,4.9,震度３,37.755,141.9316667
2012/7/21,19:56:09,長野県北部,36°48.4′N,138°35.9′E,2 km,2.9,震度１,36.80666667,138.5983333
2012/7/21,21:36:51,茨城県北部,36°49.0′N,140°32.6′E,5 km,3.1,震度１,36.81666667,140.5433333
2012/7/22,3:22:33,上川地方北部,44°50.8′N,142°07.5′E,0 km,1.5,震度１,44.84666667,142.125
2012/7/22,4:34:00,福島県中通り,37°05.3′N,140°31.7′E,5 km,2.5,震度１,37.08833333,140.5283333
2012/7/22,11:08:33,福島県沖,36°52.7′N,141°21.6′E,31 km,4.3,震度２,36.87833333,141.36
2012/7/22,13:41:58,十勝地方南部,42°29.3′N,143°01.5′E,61 km,5.1,震度４,42.48833333,143.025
2012/7/22,16:00:03,苫小牧沖,42°18.2′N,141°46.7′E,94 km,4,震度１,42.30333333,141.7783333
2012/7/22,17:20:34,宮城県沖,38°37.1′N,141°54.3′E,48 km,4.3,震度３,38.61833333,141.905
2012/7/22,18:06:11,福井県嶺北,36°01.6′N,136°11.8′E,8 km,2,震度１,36.02666667,136.1966667
2012/7/22,18:38:49,福島県浜通り,37°11.5′N,140°53.5′E,8 km,3.2,震度２,37.19166667,140.8916667
2012/7/22,19:12:54,茨城県南部,36°11.2′N,140°00.6′E,52 km,3.7,震度２,36.18666667,140.01
2012/7/22,20:33:45,能登半島沖,37°31.2′N,137°11.8′E,8 km,2.7,震度１,37.52,137.1966667
2012/7/22,20:49:19,茨城県沖,36°34.6′N,141°09.8′E,30 km,3.9,震度２,36.57666667,141.1633333
2012/7/22,21:33:23,福島県中通り,37°01.9′N,140°35.0′E,10 km,3.4,震度１,37.03166667,140.5833333
2012/7/23,5:29:42,千葉県東方沖,35°24.7′N,140°24.0′E,55 km,3.4,震度１,35.41166667,140.4
2012/7/23,5:51:16,宮城県沖,38°19.3′N,141°49.0′E,58 km,3.8,震度２,38.32166667,141.8166667
2012/7/23,6:57:54,宮城県沖,38°19.2′N,141°49.2′E,57 km,4,震度２,38.32,141.82
2012/7/23,10:05:54,福島県沖,37°12.7′N,141°31.5′E,47 km,4,震度２,37.21166667,141.525
2012/7/23,11:15:46,宮城県沖,38°13.9′N,141°49.4′E,64 km,3.9,震度２,38.23166667,141.8233333
2012/7/23,20:14:18,茨城県南部,36°02.0′N,139°54.1′E,43 km,3.1,震度１,36.03333333,139.9016667
2012/7/23,21:22:08,福島県会津,37°44.1′N,139°58.2′E,7 km,2.9,震度１,37.735,139.97
2012/7/24,1:34:07,釧路地方中南部,42°56.7′N,144°01.2′E,97 km,3.5,震度１,42.945,144.02
2012/7/24,1:52:53,浦河沖,42°01.0′N,142°34.8′E,62 km,3.6,震度１,42.01666667,142.58
2012/7/24,2:09:50,千葉県東方沖,35°45.1′N,140°52.9′E,12 km,3.5,震度１,35.75166667,140.8816667
2012/7/24,5:19:09,日高地方中部,42°16.5′N,142°35.6′E,63 km,3.8,震度１,42.275,142.5933333
2012/7/24,18:36:16,新潟県中越地方,37°23.0′N,138°52.3′E,5 km,2.3,震度１,37.38333333,138.8716667
2012/7/24,21:08:11,岩手県沖,40°21.0′N,142°11.4′E,45 km,3.7,震度２,40.35,142.19
2012/7/24,21:52:17,岩手県沖,39°12.4′N,142°24.4′E,34 km,4.2,震度２,39.20666667,142.4066667
2012/7/25,1:17:33,島根県西部,35°06.9′N,132°33.9′E,12 km,2.8,震度１,35.115,132.565
2012/7/25,4:19:55,島根県西部,35°06.9′N,132°33.9′E,12 km,3,震度１,35.115,132.565
2012/7/25,9:55:29,岐阜県飛騨地方,36°02.6′N,137°13.4′E,13 km,3.1,震度１,36.04333333,137.2233333
2012/7/25,10:31:41,茨城県北部,36°47.2′N,140°29.4′E,105 km,4,震度２,36.78666667,140.49
2012/7/25,10:35:02,岩手県沖,39°12.6′N,142°24.1′E,33 km,3.7,震度１,39.21,142.4016667
2012/7/25,10:55:01,福島県沖,36°54.2′N,140°50.6′E,31 km,3.3,震度１,36.90333333,140.8433333
2012/7/25,11:43:34,山形県置賜地方,37°46.6′N,139°59.6′E,8 km,3.3,震度１,37.77666667,139.9933333
2012/7/25,13:04:52,浦河沖,41°53.5′N,142°31.8′E,63 km,3.8,震度１,41.89166667,142.53
2012/7/25,19:50:25,茨城県南部,36°09.1′N,139°48.5′E,52 km,3,震度１,36.15166667,139.8083333
2012/7/26,1:21:05,宮城県沖,37°54.6′N,141°32.3′E,60 km,3.8,震度１,37.91,141.5383333
2012/7/26,1:34:25,茨城県沖,36°20.1′N,141°00.0′E,46 km,3.5,震度１,36.335,141
2012/7/26,2:20:12,種子島近海,30°59.7′N,130°27.1′E,131 km,4.7,震度３,30.995,130.4516667
2012/7/26,2:30:03,日高地方東部,42°11.2′N,142°47.8′E,63 km,3.5,震度１,42.18666667,142.7966667
2012/7/26,7:45:26,山形県置賜地方,37°46.4′N,140°00.4′E,8 km,3.6,震度２,37.77333333,140.0066667
2012/7/26,15:00:38,福島県会津,37°31.8′N,140°04.0′E,10 km,4.1,震度３,37.53,140.0666667
2012/7/26,19:28:37,茨城県沖,36°25.7′N,140°58.7′E,26 km,3.5,震度１,36.42833333,140.9783333
2012/7/26,19:30:01,茨城県南部,36°06.4′N,140°06.6′E,63 km,4.1,震度３,36.10666667,140.11
2012/7/26,22:00:29,群馬県北部,36°43.6′N,139°20.3′E,8 km,2.2,震度１,36.72666667,139.3383333
2012/7/26,22:31:45,宮城県沖,38°42.1′N,141°47.7′E,53 km,2.8,震度１,38.70166667,141.795
2012/7/27,1:54:13,茨城県沖,36°41.7′N,140°59.2′E,49 km,3.4,震度１,36.695,140.9866667
2012/7/27,2:04:05,千葉県北西部,35°46.1′N,140°20.6′E,65 km,3.5,震度１,35.76833333,140.3433333
2012/7/27,2:07:26,茨城県沖,36°06.9′N,140°58.4′E,37 km,3.2,震度１,36.115,140.9733333
2012/7/27,2:39:27,山梨県東部・富士五湖,35°31.7′N,139°01.4′E,25 km,2.8,震度１,35.52833333,139.0233333
2012/7/27,14:32:57,福島県沖,36°52.5′N,141°03.7′E,50 km,3.5,震度１,36.875,141.0616667
2012/7/27,19:02:19,トカラ列島近海,29°14.8′N,129°10.4′E,12 km,1.8,震度２,29.24666667,129.1733333
2012/7/27,19:29:08,トカラ列島近海,29°13.3′N,129°12.7′E,13 km,1.8,震度１,29.22166667,129.2116667
2012/7/27,19:30:35,トカラ列島近海,29°13.1′N,129°13.4′E,12 km,2.2,震度１,29.21833333,129.2233333
2012/7/27,19:31:52,トカラ列島近海,29°13.9′N,129°08.0′E,10 km,1.9,震度１,29.23166667,129.1333333
2012/7/27,19:34:48,トカラ列島近海,29°14.5′N,129°14.3′E,12 km,2.2,震度２,29.24166667,129.2383333
2012/7/27,20:02:48,トカラ列島近海,29°13.7′N,129°13.5′E,13 km,2.4,震度２,29.22833333,129.225
2012/7/27,23:40:05,茨城県南部,35°58.4′N,140°05.8′E,63 km,3.8,震度２,35.97333333,140.0966667
2012/7/28,0:04:04,兵庫県南西部,34°54.1′N,134°44.7′E,14 km,3.1,震度１,34.90166667,134.745
2012/7/28,5:07:08,和歌山県北部,34°02.3′N,135°17.4′E,7 km,2.8,震度１,34.03833333,135.29
2012/7/28,7:17:58,岐阜県飛騨地方,36°22.4′N,137°35.7′E,0 km,3.2,震度１,36.37333333,137.595
2012/7/28,9:08:30,福島県沖,37°22.9′N,141°24.7′E,33 km,3.5,震度１,37.38166667,141.4116667
2012/7/28,12:40:55,福島県浜通り,37°11.5′N,140°53.4′E,8 km,2.8,震度１,37.19166667,140.89
2012/7/28,12:44:24,長野県北部,36°49.1′N,138°22.9′E,8 km,2.6,震度１,36.81833333,138.3816667
2012/7/28,22:16:21,福井県嶺北,36°07.4′N,136°30.2′E,9 km,2.9,震度１,36.12333333,136.5033333
2012/7/28,22:17:37,群馬県南部,36°15.3′N,139°25.4′E,137 km,3.9,震度１,36.255,139.4233333
2012/7/29,0:27:21,茨城県沖,36°34.6′N,141°04.4′E,26 km,3.9,震度１,36.57666667,141.0733333
2012/7/29,2:26:29,福島県沖,37°11.5′N,141°22.3′E,48 km,3.9,震度２,37.19166667,141.3716667
2012/7/29,9:59:32,青森県東方沖,41°34.9′N,141°54.8′E,67 km,3.7,震度１,41.58166667,141.9133333
2012/7/29,10:59:51,宮城県沖,38°10.5′N,141°36.4′E,61 km,3.7,震度１,38.175,141.6066667
2012/7/29,14:23:22,静岡県西部,34°52.6′N,137°39.1′E,34 km,2.9,震度１,34.87666667,137.6516667
2012/7/29,14:25:54,千葉県北東部,35°43.7′N,140°36.0′E,47 km,3.4,震度２,35.72833333,140.6
2012/7/29,18:20:53,日本海北部,47°11.1′N,139°27.5′E,528 km,5.7,震度１,47.185,139.4583333
2012/7/29,18:32:28,宮城県沖,38°56.4′N,142°37.3′E,40 km,3.8,震度１,38.94,142.6216667
2012/7/29,22:21:09,福島県浜通り,37°07.4′N,140°48.4′E,3 km,2,震度１,37.12333333,140.8066667
2012/7/29,23:56:19,トカラ列島近海,28°19.1′N,128°46.3′E,68 km,3.8,震度１,28.31833333,128.7716667
2012/7/30,2:33:13,日向灘,32°37.2′N,131°49.5′E,47 km,3.8,震度２,32.62,131.825
2012/7/30,7:05:05,岩手県沖,39°05.8′N,142°28.3′E,34 km,5.5,震度４,39.09666667,142.4716667
2012/7/30,7:10:10,岩手県沖,39°08.9′N,142°24.6′E,33 km,3.6,震度１,39.14833333,142.41
2012/7/30,9:42:49,福島県中通り,37°00.8′N,140°35.8′E,8 km,2.9,震度１,37.01333333,140.5966667
2012/7/30,9:48:06,岩手県沖,39°08.8′N,142°25.1′E,33 km,4.2,震度１,39.14666667,142.4183333
2012/7/30,11:16:49,岩手県沖,39°05.9′N,142°25.2′E,33 km,3.5,震度１,39.09833333,142.42
2012/7/30,11:22:45,奄美大島北東沖,29°34.0′N,130°09.0′E,25 km,3.4,震度１,29.56666667,130.15
2012/7/30,19:25:29,茨城県北部,36°37.7′N,140°34.6′E,11 km,2.5,震度１,36.62833333,140.5766667
2012/7/30,21:46:10,奈良県,34°26.5′N,135°56.2′E,7 km,2.5,震度１,34.44166667,135.9366667
2012/7/30,22:24:11,奈良県,34°26.5′N,135°56.2′E,6 km,2.5,震度１,34.44166667,135.9366667
2012/7/31,1:52:40,宮城県沖,38°20.8′N,142°07.4′E,28 km,3.4,震度１,38.34666667,142.1233333
2012/7/31,2:17:43,宮城県沖,38°02.4′N,141°41.0′E,49 km,4.1,震度２,38.04,141.6833333
2012/7/31,3:05:18,駿河湾南方沖,34°27.4′N,138°36.5′E,27 km,3.3,震度１,34.45666667,138.6083333
2012/7/31,6:16:31,東京都２３区,35°45.8′N,139°53.4′E,84 km,3.9,震度２,35.76333333,139.89
2012/7/31,7:05:35,茨城県沖,36°15.3′N,141°02.7′E,47 km,3.4,震度１,36.255,141.045
2012/7/31,8:34:44,宮城県沖,38°19.2′N,141°36.5′E,55 km,3.2,震度１,38.32,141.6083333
2012/7/31,9:40:36,父島近海,26°20.5′N,142°04.3′E,46 km,4.1,震度１,26.34166667,142.0716667
2012/7/31,11:28:41,父島近海,26°28.9′N,142°38.8′E,0 km,4.2,震度１,26.48166667,142.6466667
2012/7/31,16:02:15,茨城県北部,36°41.4′N,140°39.5′E,6 km,2.4,震度１,36.69,140.6583333
2012/8/1,1:34:31,宮崎県南部山沿い,32°03.8′N,130°55.6′E,9 km,3.2,震度２,32.06333333,130.9266667
2012/8/1,3:44:52,宮城県沖,38°53.0′N,141°58.9′E,49 km,3.6,震度１,38.88333333,141.9816667
2012/8/1,5:26:33,茨城県北部,36°47.2′N,140°32.4′E,11 km,2.9,震度１,36.78666667,140.54
2012/8/1,13:03:58,茨城県沖,36°25.4′N,140°40.0′E,53 km,3.5,震度２,36.42333333,140.6666667
2012/8/1,13:28:15,福島県沖,37°08.2′N,141°03.7′E,55 km,3.9,震度２,37.13666667,141.0616667
2012/8/1,14:14:51,奄美大島近海,28°38.8′N,129°34.5′E,13 km,3.5,震度１,28.64666667,129.575
2012/8/1,22:43:02,福島県沖,37°19.5′N,141°48.7′E,43 km,3.9,震度１,37.325,141.8116667
2012/8/1,23:37:42,宮城県沖,38°53.1′N,141°58.6′E,50 km,4,震度２,38.885,141.9766667
2012/8/2,6:08:04,熊本県熊本地方,32°51.9′N,130°43.6′E,11 km,2.3,震度１,32.865,130.7266667
2012/8/2,7:03:54,茨城県沖,36°44.7′N,141°09.0′E,40 km,3.5,震度１,36.745,141.15
2012/8/2,7:35:26,岩手県沖,40°01.5′N,141°56.6′E,9 km,3.1,震度２,40.025,141.9433333
2012/8/2,8:26:53,三陸沖,39°25.3′N,143°00.1′E,28 km,4,震度１,39.42166667,143.0016667
2012/8/2,9:52:58,岩手県沖,39°38.1′N,142°06.5′E,48 km,3.8,震度２,39.635,142.1083333
2012/8/2,10:34:50,茨城県北部,36°39.2′N,140°35.9′E,7 km,3.6,震度３,36.65333333,140.5983333
2012/8/2,11:01:58,宮城県沖,38°20.0′N,142°07.1′E,36 km,3.9,震度１,38.33333333,142.1183333
2012/8/2,18:15:01,長野県北部,36°46.2′N,138°24.0′E,8 km,2.7,震度１,36.77,138.4
2012/8/3,10:38:43,和歌山県北部,34°09.1′N,135°11.2′E,6 km,1.8,震度１,34.15166667,135.1866667
2012/8/3,14:55:22,和歌山県南部,33°58.6′N,135°38.0′E,59 km,3.7,震度１,33.97666667,135.6333333
2012/8/3,15:17:02,茨城県北部,36°50.5′N,140°33.8′E,5 km,3,震度１,36.84166667,140.5633333
2012/8/3,18:53:43,広島県南東部,34°22.1′N,133°22.9′E,13 km,3,震度１,34.36833333,133.3816667
2012/8/3,19:00:41,三陸沖,39°21.5′N,143°40.3′E,44 km,5,震度２,39.35833333,143.6716667
2012/8/3,19:21:18,岩手県沖,39°20.3′N,142°05.1′E,48 km,4.8,震度３,39.33833333,142.085
2012/8/3,22:19:37,茨城県南部,36°01.5′N,139°53.9′E,43 km,4.6,震度４,36.025,139.8983333
2012/8/4,0:18:18,茨城県南部,36°01.6′N,139°54.0′E,42 km,3,震度１,36.02666667,139.9
2012/8/4,6:44:41,兵庫県南東部,34°47.0′N,135°21.3′E,12 km,3.1,震度１,34.78333333,135.355
2012/8/4,7:42:43,福島県中通り,37°02.6′N,140°33.8′E,10 km,3.4,震度１,37.04333333,140.5633333
2012/8/4,8:52:12,宮城県沖,38°20.1′N,141°44.6′E,52 km,3.6,震度１,38.335,141.7433333
2012/8/4,9:21:26,茨城県北部,36°44.6′N,140°36.2′E,6 km,3.7,震度２,36.74333333,140.6033333
2012/8/4,11:57:12,千葉県北東部,35°51.5′N,140°32.0′E,36 km,3.2,震度１,35.85833333,140.5333333
2012/8/4,13:27:59,宮城県沖,38°25.6′N,141°58.1′E,62 km,3.8,震度２,38.42666667,141.9683333
2012/8/4,15:41:01,秋田県内陸南部,39°34.2′N,140°22.0′E,5 km,2.9,震度２,39.57,140.3666667
2012/8/4,22:08:12,茨城県北部,36°51.1′N,140°34.4′E,7 km,3.7,震度２,36.85166667,140.5733333
2012/8/5,5:05:30,宮城県沖,38°38.3′N,141°54.4′E,48 km,3.8,震度１,38.63833333,141.9066667
2012/8/5,5:44:47,茨城県南部,36°02.7′N,139°52.6′E,43 km,3.4,震度２,36.045,139.8766667
2012/8/5,6:45:08,茨城県沖,36°13.7′N,141°08.3′E,47 km,3.8,震度２,36.22833333,141.1383333
2012/8/5,9:55:21,和歌山県北部,34°06.5′N,135°09.6′E,5 km,3.1,震度２,34.10833333,135.16
2012/8/5,14:32:43,熊本県熊本地方,32°23.4′N,130°38.0′E,1 km,2.3,震度２,32.39,130.6333333
2012/8/5,15:24:42,岐阜県美濃東部,35°17.6′N,137°27.9′E,11 km,1.9,震度１,35.29333333,137.465
2012/8/6,0:50:35,千葉県東方沖,35°39.8′N,140°50.9′E,12 km,3.7,震度２,35.66333333,140.8483333
2012/8/6,7:28:12,岩手県沖,39°46.2′N,142°16.7′E,22 km,4,震度２,39.77,142.2783333
2012/8/6,11:34:11,千葉県東方沖,35°39.1′N,140°43.0′E,45 km,3.7,震度２,35.65166667,140.7166667
2012/8/6,11:58:24,長野県北部,36°49.2′N,138°22.8′E,10 km,2.8,震度１,36.82,138.38
2012/8/6,12:28:21,奄美大島北東沖,29°28.2′N,130°41.4′E,56 km,5.3,震度２,29.47,130.69
2012/8/6,14:30:19,奄美大島北東沖,29°28.7′N,130°42.0′E,64 km,4.7,震度２,29.47833333,130.7
2012/8/6,15:39:21,千葉県北東部,35°51.8′N,140°29.0′E,37 km,3.3,震度１,35.86333333,140.4833333
2012/8/6,16:03:43,埼玉県南部,35°57.4′N,139°35.0′E,43 km,3,震度１,35.95666667,139.5833333
2012/8/6,22:13:34,宮城県沖,38°10.6′N,141°41.3′E,51 km,4,震度２,38.17666667,141.6883333
2012/8/7,2:23:31,宮城県沖,38°18.8′N,142°07.6′E,37 km,4.3,震度２,38.31333333,142.1266667
2012/8/7,3:26:10,与那国島近海,24°21.0′N,122°59.2′E,49 km,4.4,震度２,24.35,122.9866667
2012/8/7,3:51:16,秋田県沿岸南部,39°39.2′N,140°16.3′E,7 km,1.9,震度１,39.65333333,140.2716667
2012/8/7,6:11:47,千葉県東方沖,35°39.3′N,140°52.3′E,14 km,3.9,震度２,35.655,140.8716667
2012/8/7,9:57:40,愛知県東部,35°10.2′N,137°35.8′E,12 km,2.8,震度１,35.17,137.5966667
2012/8/7,10:08:17,茨城県南部,35°59.4′N,140°15.2′E,40 km,3.1,震度１,35.99,140.2533333
2012/8/7,10:45:42,秋田県沿岸南部,39°39.3′N,140°16.4′E,8 km,1.7,震度１,39.655,140.2733333
2012/8/7,12:21:32,岩手県内陸北部,39°58.0′N,141°02.0′E,10 km,1.5,震度１,39.96666667,141.0333333
2012/8/7,13:18:33,福島県沖,37°33.4′N,141°51.5′E,35 km,4.5,震度３,37.55666667,141.8583333
2012/8/7,18:13:44,檜山地方,41°58.0′N,140°08.4′E,2 km,2.3,震度２,41.96666667,140.14
2012/8/7,18:22:07,茨城県沖,36°33.4′N,140°54.4′E,49 km,3.3,震度１,36.55666667,140.9066667
2012/8/7,20:43:26,山形県置賜地方,37°48.3′N,139°59.9′E,9 km,3.3,震度１,37.805,139.9983333
2012/8/7,20:51:53,秋田県沿岸南部,39°39.2′N,140°16.2′E,8 km,2.1,震度１,39.65333333,140.27
2012/8/7,22:49:05,宮城県沖,38°20.9′N,142°05.5′E,35 km,3.9,震度１,38.34833333,142.0916667
2012/8/8,0:59:21,和歌山県北部,34°13.7′N,135°16.8′E,7 km,2.9,震度１,34.22833333,135.28
2012/8/8,1:11:18,岩手県沖,39°07.1′N,142°25.6′E,33 km,4.7,震度３,39.11833333,142.4266667
2012/8/8,2:25:01,福島県浜通り,37°00.6′N,140°46.2′E,10 km,3.1,震度１,37.01,140.77
2012/8/8,7:01:03,宮城県沖,38°32.6′N,141°43.2′E,54 km,3.3,震度１,38.54333333,141.72
2012/8/8,7:34:12,茨城県北部,36°41.2′N,140°38.3′E,8 km,2.4,震度１,36.68666667,140.6383333
2012/8/8,8:54:06,福島県沖,36°53.3′N,141°22.7′E,33 km,4.4,震度２,36.88833333,141.3783333
2012/8/8,10:19:47,浦河沖,41°57.4′N,142°20.1′E,70 km,4.1,震度２,41.95666667,142.335
2012/8/8,14:57:35,沖縄本島近海,26°37.9′N,127°55.7′E,15 km,2.7,震度１,26.63166667,127.9283333
2012/8/8,16:11:01,宮古島北西沖,25°55.0′N,124°59.4′E,123 km,5.5,震度２,25.91666667,124.99
2012/8/8,23:09:13,岩手県沖,39°06.7′N,142°07.1′E,46 km,3.5,震度１,39.11166667,142.1183333
2012/8/9,8:50:38,留萌地方南部,44°03.5′N,141°42.2′E,7 km,2,震度１,44.05833333,141.7033333
2012/8/9,13:33:01,宮城県沖,38°18.0′N,141°51.9′E,47 km,3.5,震度１,38.3,141.865
2012/8/9,23:47:23,秋田県内陸南部,39°02.1′N,140°35.8′E,6 km,2.6,震度１,39.035,140.5966667
2012/8/10,3:50:57,宮城県沖,38°33.4′N,141°41.3′E,55 km,2.9,震度１,38.55666667,141.6883333
2012/8/10,5:36:43,福島県沖,37°03.7′N,141°11.8′E,50 km,3.7,震度２,37.06166667,141.1966667
2012/8/10,5:38:23,茨城県沖,36°46.8′N,141°16.2′E,37 km,4.3,震度２,36.78,141.27
2012/8/10,6:16:34,和歌山県北部,34°01.6′N,135°18.9′E,6 km,2.8,震度１,34.02666667,135.315
2012/8/10,7:18:57,茨城県北部,36°45.5′N,140°35.4′E,7 km,3.2,震度２,36.75833333,140.59
2012/8/10,8:10:51,和歌山県北部,34°07.4′N,135°10.1′E,7 km,2.2,震度１,34.12333333,135.1683333
2012/8/10,9:59:23,福島県沖,37°33.6′N,141°51.6′E,33 km,3.9,震度１,37.56,141.86
2012/8/10,13:45:09,宮城県沖,38°25.7′N,141°40.3′E,54 km,3.5,震度１,38.42833333,141.6716667
2012/8/10,20:00:24,宮城県沖,38°59.7′N,141°44.9′E,62 km,3.3,震度１,38.995,141.7483333
2012/8/10,20:07:54,千葉県東方沖,35°45.3′N,140°59.0′E,15 km,3.6,震度１,35.755,140.9833333
2012/8/10,22:02:12,千葉県東方沖,35°45.0′N,140°58.0′E,13 km,3.1,震度１,35.75,140.9666667
2012/8/11,1:32:40,伊豆半島東方沖,34°58.8′N,139°16.1′E,12 km,3.7,震度２,34.98,139.2683333
2012/8/11,2:10:39,宮城県沖,38°23.4′N,142°14.8′E,29 km,3.8,震度１,38.39,142.2466667
2012/8/11,6:47:55,福島県沖,36°56.8′N,141°05.3′E,50 km,3.2,震度１,36.94666667,141.0883333
2012/8/11,6:49:54,静岡県東部,35°20.7′N,138°44.0′E,12 km,1.8,震度１,35.345,138.7333333
2012/8/11,7:05:49,福島県浜通り,37°01.2′N,140°46.3′E,10 km,3.3,震度１,37.02,140.7716667
2012/8/11,12:39:35,茨城県北部,36°42.4′N,140°35.9′E,8 km,3.3,震度１,36.70666667,140.5983333
2012/8/11,19:30:08,福島県沖,37°07.8′N,141°10.9′E,60 km,4.4,震度３,37.13,141.1816667
2012/8/11,20:58:36,岐阜県飛騨地方,36°09.1′N,137°33.6′E,3 km,2.4,震度１,36.15166667,137.56
2012/8/11,21:33:18,和歌山県北部,33°52.4′N,135°14.5′E,6 km,2.9,震度２,33.87333333,135.2416667
2012/8/11,23:09:16,大分県中部,33°17.4′N,131°28.0′E,4 km,1.4,震度１,33.29,131.4666667
2012/8/11,23:58:36,福島県沖,37°27.6′N,141°18.2′E,30 km,4,震度２,37.46,141.3033333
2012/8/12,2:02:40,栃木県北部,36°39.7′N,139°29.8′E,4 km,3.1,震度２,36.66166667,139.4966667
2012/8/12,3:17:01,福島県中通り,37°03.8′N,140°25.9′E,8 km,2.4,震度１,37.06333333,140.4316667
2012/8/12,9:49:22,大分県中部,33°17.4′N,131°28.3′E,4 km,1.2,震度１,33.29,131.4716667
2012/8/12,14:29:30,長野県北部,36°49.5′N,138°23.4′E,7 km,2.4,震度１,36.825,138.39
2012/8/12,15:32:41,奄美大島北西沖,28°30.3′N,128°24.3′E,119 km,4.5,震度１,28.505,128.405
2012/8/12,18:56:28,福島県中通り,37°04.9′N,140°32.8′E,4 km,3.8,震度４,37.08166667,140.5466667
2012/8/12,18:57:17,福島県中通り,37°05.2′N,140°32.5′E,5 km,2.1,震度１,37.08666667,140.5416667
2012/8/12,20:11:25,山形県置賜地方,37°48.5′N,140°00.0′E,9 km,3.6,震度２,37.80833333,140
2012/8/12,21:26:36,釧路沖,42°52.6′N,144°55.9′E,50 km,3.7,震度２,42.87666667,144.9316667
2012/8/12,22:06:02,岐阜県飛騨地方,36°09.0′N,137°33.6′E,2 km,3.7,震度２,36.15,137.56
2012/8/13,2:29:41,岐阜県飛騨地方,36°09.2′N,137°33.4′E,2 km,2.8,震度１,36.15333333,137.5566667
2012/8/13,2:31:18,長野県北部,36°46.7′N,138°23.6′E,7 km,2.6,震度１,36.77833333,138.3933333
2012/8/13,4:30:19,長野県北部,36°46.8′N,138°23.6′E,7 km,2.9,震度１,36.78,138.3933333
2012/8/13,7:12:27,岐阜県飛騨地方,36°08.9′N,137°33.6′E,3 km,2.7,震度１,36.14833333,137.56
2012/8/13,9:36:39,青森県東方沖,40°32.1′N,141°32.9′E,80 km,3.3,震度１,40.535,141.5483333
2012/8/13,13:48:17,埼玉県南部,35°55.2′N,139°49.0′E,77 km,3.9,震度２,35.92,139.8166667
2012/8/13,14:11:03,宮城県沖,38°26.6′N,142°10.5′E,31 km,3.7,震度２,38.44333333,142.175
2012/8/14,1:06:03,熊本県阿蘇地方,32°55.5′N,131°01.5′E,8 km,1.7,震度１,32.925,131.025
2012/8/14,7:54:46,茨城県沖,36°44.7′N,141°05.2′E,29 km,3.7,震度２,36.745,141.0866667
2012/8/14,11:06:48,与那国島近海,23°54.3′N,122°30.3′E,21 km,5.1,震度１,23.905,122.505
2012/8/14,11:52:33,福島県浜通り,37°04.7′N,140°41.9′E,5 km,2.6,震度１,37.07833333,140.6983333
2012/8/14,11:59:36,オホーツク海南部,49°11.0′N,145°52.9′E,654 km,7.3,震度３,49.18333333,145.8816667
2012/8/14,17:21:29,茨城県南部,35°59.8′N,140°08.2′E,59 km,3.4,震度１,35.99666667,140.1366667
2012/8/14,17:49:46,岩手県沖,39°20.3′N,142°23.8′E,27 km,3.6,震度１,39.33833333,142.3966667
2012/8/14,21:32:49,熊本県阿蘇地方,32°55.7′N,131°01.4′E,5 km,1.8,震度１,32.92833333,131.0233333
2012/8/14,23:18:27,福島県沖,37°19.8′N,141°48.8′E,43 km,4.2,震度１,37.33,141.8133333
2012/8/15,1:09:15,熊本県熊本地方,32°51.0′N,130°47.1′E,13 km,3.4,震度３,32.85,130.785
2012/8/15,1:15:10,福島県浜通り,37°03.1′N,140°46.3′E,9 km,3.6,震度２,37.05166667,140.7716667
2012/8/15,1:32:53,岐阜県飛騨地方,36°00.7′N,137°32.5′E,7 km,3,震度２,36.01166667,137.5416667
2012/8/15,3:48:07,宮城県沖,38°31.5′N,142°14.8′E,42 km,3.9,震度１,38.525,142.2466667
2012/8/15,8:56:39,宮城県沖,37°58.5′N,141°50.4′E,50 km,4.2,震度２,37.975,141.84
2012/8/15,13:12:40,青森県西方沖,41°03.1′N,140°11.9′E,154 km,4.1,震度１,41.05166667,140.1983333
2012/8/16,2:37:55,石垣島近海,24°19.4′N,124°02.7′E,17 km,3.4,震度１,24.32333333,124.045
2012/8/16,3:42:57,熊本県熊本地方,32°51.1′N,130°47.2′E,13 km,2.8,震度２,32.85166667,130.7866667
2012/8/16,3:57:06,福島県沖,37°30.8′N,141°19.8′E,53 km,3.4,震度１,37.51333333,141.33
2012/8/16,18:48:25,福島県浜通り,37°11.3′N,140°53.6′E,9 km,2.8,震度１,37.18833333,140.8933333
2012/8/16,18:59:19,秋田県内陸北部,39°52.2′N,140°24.4′E,140 km,4.1,震度２,39.87,140.4066667
2012/8/16,19:38:39,鹿児島湾,31°37.7′N,130°46.0′E,1 km,2.9,震度２,31.62833333,130.7666667
2012/8/17,1:38:35,トカラ列島近海,29°13.1′N,129°19.5′E,9 km,2.4,震度１,29.21833333,129.325
2012/8/17,1:53:30,茨城県北部,36°46.3′N,140°34.3′E,9 km,3.6,震度２,36.77166667,140.5716667
2012/8/17,3:12:02,愛知県西部,35°11.3′N,137°10.3′E,44 km,3.2,震度１,35.18833333,137.1716667
2012/8/17,4:06:48,愛知県西部,35°01.7′N,137°00.2′E,42 km,3.4,震度１,35.02833333,137.0033333
2012/8/17,8:35:38,トカラ列島近海,29°14.3′N,129°13.7′E,13 km,2.4,震度２,29.23833333,129.2283333
2012/8/17,8:38:14,トカラ列島近海,29°15.2′N,129°11.3′E,14 km,2.1,震度１,29.25333333,129.1883333
2012/8/17,8:42:47,トカラ列島近海,29°15.3′N,129°11.2′E,14 km,1.6,震度１,29.255,129.1866667
2012/8/17,8:46:38,トカラ列島近海,29°13.6′N,129°17.0′E,13 km,2.6,震度２,29.22666667,129.2833333
2012/8/17,8:46:46,天草灘,32°03.8′N,129°59.9′E,10 km,4.9,震度４,32.06333333,129.9983333
2012/8/17,13:07:05,トカラ列島近海,29°12.6′N,129°07.0′E,10 km,2.4,震度１,29.21,129.1166667
2012/8/17,13:13:28,長野県北部,36°29.9′N,137°55.3′E,10 km,3.2,震度２,36.49833333,137.9216667
2012/8/17,13:15:58,長野県北部,36°29.7′N,137°55.2′E,10 km,2.4,震度１,36.495,137.92
2012/8/17,15:15:14,福島県沖,37°21.2′N,141°51.9′E,41 km,4.6,震度２,37.35333333,141.865
2012/8/17,16:24:37,青森県東方沖,41°11.7′N,142°02.3′E,58 km,4.9,震度３,41.195,142.0383333
2012/8/17,17:58:47,トカラ列島近海,29°15.1′N,129°10.9′E,10 km,1.6,震度２,29.25166667,129.1816667
2012/8/17,18:03:48,トカラ列島近海,29°13.1′N,129°14.2′E,14 km,1.4,震度１,29.21833333,129.2366667
2012/8/17,18:11:55,宮城県沖,38°48.5′N,142°00.4′E,47 km,3.3,震度１,38.80833333,142.0066667
2012/8/17,18:38:13,トカラ列島近海,29°10.0′N,129°16.6′E,10 km,3.5,震度２,29.16666667,129.2766667
2012/8/17,19:10:52,トカラ列島近海,29°11.8′N,129°14.6′E,18 km,3.8,震度２,29.19666667,129.2433333
2012/8/17,19:20:05,トカラ列島近海,29°10.4′N,129°15.7′E,18 km,3.2,震度１,29.17333333,129.2616667
2012/8/17,20:37:32,茨城県沖,36°39.3′N,140°59.2′E,89 km,4.3,震度３,36.655,140.9866667
2012/8/17,21:02:14,福島県沖,37°27.3′N,141°33.7′E,46 km,3.6,震度１,37.455,141.5616667
2012/8/17,23:19:19,トカラ列島近海,29°08.7′N,129°09.9′E,14 km,2.6,震度１,29.145,129.165
2012/8/18,0:37:33,長野県北部,36°29.9′N,137°55.2′E,11 km,1.7,震度１,36.49833333,137.92
2012/8/18,1:23:59,トカラ列島近海,29°09.2′N,129°12.7′E,15 km,3.9,震度２,29.15333333,129.2116667
2012/8/18,1:55:52,宮城県沖,38°33.4′N,141°41.4′E,55 km,2.6,震度１,38.55666667,141.69
2012/8/18,2:27:17,トカラ列島近海,29°13.7′N,129°12.2′E,12 km,3,震度２,29.22833333,129.2033333
2012/8/18,9:56:35,宮城県沖,38°51.8′N,142°01.9′E,46 km,3.3,震度１,38.86333333,142.0316667
2012/8/18,12:38:00,岩手県沖,39°09.7′N,142°21.5′E,33 km,4.2,震度２,39.16166667,142.3583333
2012/8/18,15:27:32,福島県中通り,37°06.5′N,140°28.1′E,4 km,3,震度２,37.10833333,140.4683333
2012/8/18,15:31:46,岐阜県美濃東部,35°19.7′N,137°29.9′E,53 km,3,震度１,35.32833333,137.4983333
2012/8/18,19:24:02,千葉県北東部,35°51.6′N,140°32.0′E,34 km,2.7,震度１,35.86,140.5333333
2012/8/19,0:34:04,茨城県南部,35°59.0′N,140°03.4′E,62 km,2.9,震度１,35.98333333,140.0566667
2012/8/19,6:51:54,福島県中通り,36°59.9′N,140°26.6′E,8 km,2.4,震度１,36.99833333,140.4433333
2012/8/19,11:11:35,福島県中通り,37°01.6′N,140°36.6′E,8 km,2.8,震度１,37.02666667,140.61
2012/8/19,20:40:41,宮城県沖,38°10.2′N,141°41.1′E,51 km,3.7,震度２,38.17,141.685
2012/8/19,23:43:07,岩手県内陸南部,38°57.8′N,141°18.3′E,113 km,3.3,震度１,38.96333333,141.305
2012/8/20,1:46:24,長野県北部,36°29.6′N,137°55.0′E,9 km,2,震度１,36.49333333,137.9166667
2012/8/20,8:26:55,茨城県北部,36°44.8′N,140°35.9′E,6 km,3.4,震度１,36.74666667,140.5983333
2012/8/20,9:10:34,岩手県沖,40°03.9′N,142°42.8′E,27 km,3.8,震度１,40.065,142.7133333
2012/8/20,12:18:30,岐阜県美濃中西部,35°44.3′N,137°07.1′E,8 km,3,震度２,35.73833333,137.1183333
2012/8/20,17:32:02,茨城県北部,36°42.8′N,140°36.7′E,8 km,2.6,震度１,36.71333333,140.6116667
2012/8/20,20:42:46,茨城県南部,35°55.0′N,140°26.5′E,57 km,5.2,震度３,35.91666667,140.4416667
2012/8/20,21:02:25,茨城県沖,35°56.2′N,140°49.2′E,26 km,3.6,震度２,35.93666667,140.82
2012/8/20,23:09:33,宮城県沖,38°51.3′N,142°03.2′E,46 km,3.8,震度２,38.855,142.0533333
2012/8/21,1:42:50,福島県沖,36°54.3′N,141°26.9′E,46 km,5.1,震度３,36.905,141.4483333
2012/8/21,2:22:16,豊後水道,33°16.0′N,132°08.8′E,46 km,3.8,震度２,33.26666667,132.1466667
2012/8/21,3:02:07,茨城県北部,36°43.5′N,140°36.8′E,7 km,2.8,震度１,36.725,140.6133333
2012/8/21,3:12:46,茨城県北部,36°43.4′N,140°36.9′E,7 km,3.1,震度１,36.72333333,140.615
2012/8/21,3:43:34,宮崎県南部山沿い,32°03.7′N,130°56.0′E,8 km,2.8,震度１,32.06166667,130.9333333
2012/8/21,17:08:58,徳島県南部,33°47.4′N,134°08.5′E,8 km,2.4,震度１,33.79,134.1416667
2012/8/22,3:44:59,釧路沖,42°53.7′N,145°28.8′E,44 km,3.8,震度１,42.895,145.48
2012/8/22,6:08:41,山形県置賜地方,37°46.1′N,140°00.3′E,8 km,3.1,震度１,37.76833333,140.005
2012/8/22,6:29:38,択捉島南東沖,44°06.3′N,147°59.7′E,0 km,4.7,震度１,44.105,147.995
2012/8/22,10:33:06,十勝地方南部,42°20.8′N,143°03.1′E,53 km,5.2,震度４,42.34666667,143.0516667
2012/8/22,17:49:51,宮城県沖,38°51.9′N,141°38.4′E,62 km,3.3,震度２,38.865,141.64
2012/8/22,19:27:55,トカラ列島近海,29°16.8′N,129°14.4′E,16 km,2.4,震度１,29.28,129.24
2012/8/23,0:16:18,福島県沖,36°51.6′N,141°03.6′E,51 km,3.8,震度２,36.86,141.06
2012/8/23,9:49:38,和歌山県北部,34°05.0′N,135°08.6′E,5 km,2,震度１,34.08333333,135.1433333
2012/8/23,12:19:45,茨城県沖,36°12.0′N,140°52.7′E,45 km,3,震度１,36.2,140.8783333
2012/8/23,13:05:12,福島県沖,37°17.6′N,141°24.8′E,48 km,3,震度１,37.29333333,141.4133333
2012/8/23,13:38:50,福島県中通り,37°04.7′N,140°32.4′E,5 km,2.1,震度１,37.07833333,140.54
2012/8/23,13:56:39,茨城県北部,36°46.1′N,140°34.5′E,9 km,3.1,震度１,36.76833333,140.575
2012/8/23,15:11:50,福島県中通り,37°04.9′N,140°32.5′E,5 km,2,震度１,37.08166667,140.5416667
2012/8/23,20:04:48,北海道東方沖,43°23.0′N,147°02.9′E,51 km,4.2,震度２,43.38333333,147.0483333
2012/8/24,2:10:02,福島県沖,37°38.7′N,141°43.5′E,48 km,4.2,震度２,37.645,141.725
2012/8/24,3:40:52,岩手県沖,40°12.6′N,142°19.4′E,39 km,4.1,震度１,40.21,142.3233333
2012/8/24,10:22:44,茨城県南部,36°08.6′N,139°49.4′E,51 km,3.4,震度２,36.14333333,139.8233333
2012/8/24,15:49:56,宮城県沖,38°43.3′N,142°24.7′E,39 km,3.9,震度１,38.72166667,142.4116667
2012/8/24,20:01:44,新島・神津島近海,34°26.9′N,139°19.1′E,14 km,3.3,震度２,34.44833333,139.3183333
2012/8/25,0:37:54,宮城県沖,38°42.1′N,141°47.6′E,53 km,3.1,震度１,38.70166667,141.7933333
2012/8/25,7:43:26,茨城県沖,36°25.4′N,141°04.9′E,45 km,3.9,震度２,36.42333333,141.0816667
2012/8/25,8:35:41,熊本県阿蘇地方,33°04.9′N,131°05.6′E,10 km,2.4,震度１,33.08166667,131.0933333
2012/8/25,8:51:11,茨城県沖,36°17.6′N,141°01.3′E,44 km,3.6,震度１,36.29333333,141.0216667
2012/8/25,9:52:20,山形県置賜地方,37°48.2′N,140°00.0′E,8 km,3.5,震度２,37.80333333,140
2012/8/25,9:55:25,福島県浜通り,37°03.6′N,140°41.8′E,8 km,3.2,震度１,37.06,140.6966667
2012/8/25,18:02:53,福島県中通り,37°04.7′N,140°31.8′E,3 km,2.2,震度１,37.07833333,140.53
2012/8/25,20:14:45,岩手県沿岸北部,40°00.8′N,141°56.5′E,7 km,3.7,震度３,40.01333333,141.9416667
2012/8/25,23:16:17,十勝地方南部,42°19.6′N,143°06.6′E,49 km,6.1,震度５弱,42.32666667,143.11
2012/8/26,0:48:58,岩手県沖,39°24.9′N,142°05.4′E,57 km,3.6,震度１,39.415,142.09
2012/8/26,1:20:47,青森県三八上北地方,40°28.4′N,141°32.3′E,116 km,3.6,震度２,40.47333333,141.5383333
2012/8/26,3:37:00,福島県沖,36°58.0′N,141°04.9′E,90 km,5.2,震度４,36.96666667,141.0816667
2012/8/26,10:43:17,福島県会津,37°05.0′N,139°18.2′E,7 km,2.3,震度１,37.08333333,139.3033333
2012/8/26,22:13:18,岐阜県飛騨地方,35°53.0′N,137°16.1′E,7 km,3.4,震度３,35.88333333,137.2683333
2012/8/26,22:24:04,長野県北部,36°50.1′N,138°35.5′E,7 km,2.9,震度１,36.835,138.5916667
2012/8/27,4:37:45,釧路沖,42°52.0′N,145°00.7′E,87 km,3.5,震度１,42.86666667,145.0116667
2012/8/27,7:58:14,福島県中通り,37°03.0′N,140°34.1′E,8 km,3.2,震度１,37.05,140.5683333
2012/8/27,17:06:10,青森県下北地方,41°14.4′N,141°17.5′E,7 km,2,震度１,41.24,141.2916667
2012/8/27,19:54:12,大隅半島東方沖,31°05.1′N,131°31.6′E,31 km,4.1,震度１,31.085,131.5266667
2012/8/27,19:58:45,大隅半島東方沖,31°05.3′N,131°31.1′E,29 km,4,震度１,31.08833333,131.5183333
2012/8/27,20:21:39,岩手県沖,40°06.1′N,142°22.4′E,19 km,4.5,震度１,40.10166667,142.3733333
2012/8/27,20:29:58,宮城県沖,38°32.0′N,141°44.1′E,53 km,3,震度１,38.53333333,141.735
2012/8/28,2:51:04,茨城県沖,36°19.0′N,140°38.8′E,48 km,2.9,震度１,36.31666667,140.6466667
2012/8/28,5:28:53,茨城県沖,36°44.9′N,141°15.4′E,31 km,3.2,震度１,36.74833333,141.2566667
2012/8/28,8:11:51,十勝地方南部,42°20.3′N,143°04.8′E,51 km,3.6,震度１,42.33833333,143.08
2012/8/28,20:24:45,福島県浜通り,37°04.9′N,140°46.2′E,9 km,2.5,震度１,37.08166667,140.77
2012/8/28,20:44:13,福島県沖,36°56.9′N,141°21.0′E,40 km,4.2,震度２,36.94833333,141.35
2012/8/28,21:32:40,千葉県東方沖,35°50.2′N,140°58.5′E,30 km,3.2,震度１,35.83666667,140.975
2012/8/28,22:55:04,茨城県沖,36°23.7′N,141°52.4′E,27 km,5,震度２,36.395,141.8733333
2012/8/29,2:50:56,岩手県内陸南部,38°58.4′N,140°54.0′E,7 km,4,震度２,38.97333333,140.9
2012/8/29,3:11:39,福島県浜通り,37°11.2′N,140°53.6′E,10 km,2.6,震度１,37.18666667,140.8933333
2012/8/29,6:34:40,宮城県沖,38°24.7′N,141°49.9′E,54 km,2.9,震度１,38.41166667,141.8316667
2012/8/29,8:17:43,宮城県沖,38°55.0′N,141°55.7′E,51 km,3.8,震度２,38.91666667,141.9283333
2012/8/29,19:19:38,茨城県沖,36°38.5′N,141°03.6′E,45 km,3.7,震度２,36.64166667,141.06
2012/8/29,21:36:48,宮城県沖,38°50.8′N,142°03.2′E,46 km,3.5,震度１,38.84666667,142.0533333
2012/8/29,22:50:38,秋田県内陸南部,39°35.5′N,140°31.8′E,6 km,2.7,震度２,39.59166667,140.53
2012/8/30,0:14:05,宮城県沖,38°42.1′N,141°47.8′E,53 km,2.7,震度１,38.70166667,141.7966667
2012/8/30,1:11:21,宮城県沖,38°10.4′N,141°42.7′E,51 km,3.7,震度１,38.17333333,141.7116667
2012/8/30,2:40:35,茨城県南部,36°05.0′N,140°00.5′E,66 km,3.4,震度１,36.08333333,140.0083333
2012/8/30,2:43:22,岩手県沖,39°10.8′N,142°24.7′E,31 km,4.1,震度２,39.18,142.4116667
2012/8/30,4:05:12,宮城県沖,38°24.4′N,141°54.8′E,60 km,5.6,震度５強,38.40666667,141.9133333
2012/8/30,4:17:40,茨城県南部,36°07.2′N,139°51.0′E,49 km,4.1,震度３,36.12,139.85
2012/8/30,7:35:39,岩手県沖,39°10.5′N,142°23.3′E,31 km,4.1,震度１,39.175,142.3883333
2012/8/30,8:33:33,根室半島南東沖,43°11.5′N,145°36.2′E,96 km,3.6,震度１,43.19166667,145.6033333
2012/8/30,15:24:56,秋田県内陸北部,40°03.0′N,140°32.4′E,10 km,3.1,震度１,40.05,140.54
2012/8/30,18:57:00,和歌山県北部,34°16.1′N,135°24.7′E,7 km,2.8,震度２,34.26833333,135.4116667
2012/8/31,3:06:49,茨城県北部,36°50.7′N,140°34.7′E,8 km,3.4,震度１,36.845,140.5783333
2012/8/31,11:29:19,宮城県沖,38°37.8′N,141°55.5′E,47 km,3.2,震度１,38.63,141.925
2012/8/31,20:14:44,宮古島近海,24°46.1′N,125°11.9′E,39 km,3.3,震度２,24.76833333,125.1983333
2012/8/31,23:26:31,茨城県北部,36°53.8′N,140°39.8′E,7 km,4.4,震度３,36.89666667,140.6633333
2012/9/1,0:31:22,福島県沖,37°11.0′N,141°22.8′E,29 km,4.6,震度２,37.18333333,141.38
2012/9/1,11:58:59,茨城県南部,35°59.1′N,140°15.5′E,41 km,3.3,震度１,35.985,140.2583333
2012/9/1,14:58:46,与那国島近海,24°21.6′N,122°58.5′E,49 km,3.5,震度１,24.36,122.975
2012/9/2,1:38:16,千葉県東方沖,35°44.2′N,140°56.2′E,12 km,3.5,震度１,35.73666667,140.9366667
2012/9/2,2:45:41,山形県置賜地方,37°48.1′N,139°59.9′E,9 km,4.1,震度２,37.80166667,139.9983333
2012/9/2,3:24:13,山形県置賜地方,37°47.3′N,140°00.0′E,8 km,3,震度１,37.78833333,140
2012/9/2,3:47:48,山形県置賜地方,37°47.6′N,140°00.2′E,8 km,3.2,震度１,37.79333333,140.0033333
2012/9/2,11:14:50,茨城県沖,36°37.2′N,141°18.9′E,46 km,3.7,震度１,36.62,141.315
2012/9/2,12:42:44,三陸沖,39°35.9′N,143°38.9′E,23 km,4.6,震度１,39.59833333,143.6483333
2012/9/2,13:33:46,茨城県沖,36°31.1′N,140°41.7′E,54 km,3.9,震度３,36.51833333,140.695
2012/9/2,19:35:19,青森県東方沖,41°15.2′N,141°42.5′E,20 km,3.6,震度１,41.25333333,141.7083333
2012/9/3,2:50:04,滋賀県北部,35°22.1′N,135°55.7′E,10 km,1.9,震度１,35.36833333,135.9283333
2012/9/3,3:15:04,宮崎県南部山沿い,31°59.2′N,130°59.1′E,9 km,2.1,震度１,31.98666667,130.985
2012/9/3,6:14:30,奄美大島近海,28°30.9′N,129°03.1′E,74 km,3.4,震度１,28.515,129.0516667
2012/9/3,7:17:31,茨城県沖,36°38.3′N,140°55.7′E,50 km,3.8,震度２,36.63833333,140.9283333
2012/9/3,18:30:29,栃木県北部,36°56.3′N,140°06.5′E,96 km,3.6,震度１,36.93833333,140.1083333
2012/9/3,23:45:17,福島県沖,37°04.1′N,141°08.7′E,51 km,3.4,震度１,37.06833333,141.145
2012/9/4,5:36:06,福島県沖,37°36.4′N,141°28.1′E,79 km,3.9,震度２,37.60666667,141.4683333
2012/9/4,9:06:35,宮城県沖,38°32.6′N,141°43.4′E,53 km,3.1,震度２,38.54333333,141.7233333
2012/9/4,12:41:48,茨城県北部,36°41.6′N,140°38.2′E,8 km,3.5,震度２,36.69333333,140.6366667
2012/9/4,23:56:16,宮城県沖,38°18.0′N,141°51.6′E,48 km,4.2,震度２,38.3,141.86
2012/9/5,1:26:48,茨城県北部,36°41.9′N,140°38.6′E,6 km,3.3,震度２,36.69833333,140.6433333
2012/9/5,1:54:35,福島県沖,37°27.3′N,141°31.5′E,42 km,3.7,震度２,37.455,141.525
2012/9/5,16:55:09,宮城県沖,38°33.4′N,141°41.9′E,54 km,2.7,震度１,38.55666667,141.6983333
2012/9/5,19:02:42,宮城県沖,38°50.7′N,142°02.8′E,41 km,3.6,震度１,38.845,142.0466667
2012/9/6,3:20:00,茨城県北部,36°42.0′N,140°36.3′E,10 km,3.8,震度３,36.7,140.605
2012/9/6,4:16:16,茨城県北部,36°42.4′N,140°36.0′E,9 km,2.9,震度１,36.70666667,140.6
2012/9/6,5:33:12,神奈川県西部,35°24.5′N,139°15.0′E,17 km,3.6,震度２,35.40833333,139.25
2012/9/6,11:09:22,福島県沖,36°56.7′N,141°20.6′E,27 km,4.1,震度１,36.945,141.3433333
2012/9/7,6:05:14,千葉県北西部,35°38.9′N,140°10.6′E,63 km,3.2,震度１,35.64833333,140.1766667
2012/9/7,13:20:14,岩手県沖,39°16.6′N,142°14.3′E,43 km,3.6,震度１,39.27666667,142.2383333
2012/9/7,14:36:40,茨城県沖,36°24.8′N,141°02.1′E,46 km,3.5,震度１,36.41333333,141.035
2012/9/7,15:17:28,茨城県沖,36°39.6′N,141°07.9′E,30 km,4.3,震度２,36.66,141.1316667
2012/9/7,21:12:16,兵庫県南東部,34°57.9′N,134°52.3′E,15 km,2.8,震度１,34.965,134.8716667
2012/9/8,7:39:25,茨城県北部,36°43.2′N,140°37.1′E,7 km,2.2,震度１,36.72,140.6183333
2012/9/8,10:41:25,伊予灘,33°48.7′N,132°18.6′E,50 km,4.5,震度３,33.81166667,132.31
2012/9/8,20:59:59,岩手県沖,39°04.5′N,142°23.5′E,33 km,3.4,震度１,39.075,142.3916667
2012/9/9,0:49:12,千葉県東方沖,35°45.5′N,140°58.6′E,15 km,3.8,震度１,35.75833333,140.9766667
2012/9/9,1:17:57,山形県置賜地方,37°48.2′N,139°59.8′E,9 km,3.2,震度１,37.80333333,139.9966667
2012/9/9,1:18:55,山形県置賜地方,37°48.3′N,139°59.8′E,8 km,3.1,震度１,37.805,139.9966667
2012/9/9,1:28:28,福島県沖,37°16.1′N,141°09.3′E,32 km,3.2,震度１,37.26833333,141.155
2012/9/9,1:48:33,奄美大島近海,28°16.5′N,129°23.9′E,28 km,3.9,震度２,28.275,129.3983333
2012/9/9,3:38:31,静岡県西部,34°51.4′N,137°49.2′E,28 km,3.4,震度２,34.85666667,137.82
2012/9/9,12:45:01,岩手県沿岸北部,39°55.9′N,141°56.9′E,66 km,3.5,震度１,39.93166667,141.9483333
2012/9/9,15:54:17,宮城県沖,38°01.5′N,141°40.9′E,48 km,3.9,震度２,38.025,141.6816667
2012/9/9,16:58:19,宮城県沖,38°37.1′N,141°54.3′E,48 km,3.9,震度２,38.61833333,141.905
2012/9/9,22:04:13,釧路沖,42°37.5′N,145°12.0′E,73 km,3.8,震度１,42.625,145.2
2012/9/10,9:02:10,宮城県沖,38°52.8′N,142°04.5′E,55 km,3.2,震度１,38.88,142.075
2012/9/10,17:02:11,長野県南部,35°53.9′N,137°38.9′E,8 km,2.6,震度１,35.89833333,137.6483333
2012/9/10,19:43:54,十勝沖,41°43.1′N,143°51.3′E,46 km,4.5,震度１,41.71833333,143.855
2012/9/10,20:54:16,北海道東方沖,43°31.7′N,146°32.8′E,47 km,3.9,震度２,43.52833333,146.5466667
2012/9/10,21:21:11,宮城県沖,38°21.7′N,141°40.0′E,54 km,3.9,震度２,38.36166667,141.6666667
2012/9/11,2:58:28,茨城県北部,36°34.2′N,140°35.5′E,19 km,2.7,震度１,36.57,140.5916667
2012/9/11,5:49:25,茨城県北部,36°45.4′N,140°34.8′E,10 km,2.9,震度１,36.75666667,140.58
2012/9/11,8:17:33,茨城県沖,36°46.5′N,141°15.8′E,33 km,4.4,震度２,36.775,141.2633333
2012/9/11,10:39:02,宮城県沖,38°22.1′N,142°04.3′E,34 km,4.1,震度２,38.36833333,142.0716667
2012/9/11,16:10:45,岩手県沿岸南部,39°05.1′N,141°49.5′E,58 km,3,震度１,39.085,141.825
2012/9/11,19:27:52,千葉県南部,34°59.2′N,139°57.5′E,71 km,3.6,震度１,34.98666667,139.9583333
2012/9/11,20:12:10,福島県沖,37°37.2′N,141°54.0′E,30 km,4.7,震度２,37.62,141.9
2012/9/11,23:07:31,大阪府北部,34°57.4′N,135°28.2′E,9 km,2.1,震度１,34.95666667,135.47
2012/9/12,1:06:47,紀伊水道,33°50.5′N,134°58.9′E,10 km,3,震度１,33.84166667,134.9816667
2012/9/12,3:02:57,静岡県東部,35°20.0′N,138°43.9′E,12 km,2,震度１,35.33333333,138.7316667
2012/9/12,7:41:37,宮崎県南部山沿い,31°52.9′N,131°04.8′E,9 km,2.6,震度１,31.88166667,131.08
2012/9/12,12:20:05,十勝沖,41°42.2′N,144°15.4′E,29 km,4.6,震度１,41.70333333,144.2566667
2012/9/12,12:52:23,宮城県沖,38°33.5′N,141°41.4′E,55 km,2.7,震度１,38.55833333,141.69
2012/9/12,22:06:20,釧路沖,42°39.9′N,145°16.8′E,49 km,3.9,震度１,42.665,145.28
2012/9/13,0:38:16,茨城県沖,36°08.7′N,141°00.0′E,40 km,4.2,震度３,36.145,141
2012/9/13,3:07:47,千葉県東方沖,35°30.8′N,140°30.8′E,27 km,2.6,震度１,35.51333333,140.5133333
2012/9/13,4:42:08,福島県沖,37°16.6′N,141°54.3′E,41 km,4.3,震度１,37.27666667,141.905
2012/9/13,6:35:26,静岡県西部,35°02.1′N,137°47.8′E,25 km,3.2,震度２,35.035,137.7966667
2012/9/13,8:32:36,茨城県沖,36°45.3′N,141°15.3′E,31 km,3.8,震度１,36.755,141.255
2012/9/13,9:01:32,紀伊水道,34°10.3′N,135°10.8′E,4 km,2,震度１,34.17166667,135.18
2012/9/13,14:03:34,静岡県西部,34°54.8′N,138°02.7′E,14 km,2.5,震度１,34.91333333,138.045
2012/9/13,18:24:46,福島県沖,37°14.5′N,141°17.7′E,36 km,3.5,震度１,37.24166667,141.295
2012/9/14,2:01:17,橘湾,32°35.7′N,129°50.4′E,11 km,3.3,震度３,32.595,129.84
2012/9/14,2:22:07,千葉県北東部,35°51.6′N,140°32.4′E,37 km,5.1,震度４,35.86,140.54
2012/9/14,2:45:48,千葉県北東部,35°51.3′N,140°31.6′E,35 km,3.8,震度２,35.855,140.5266667
2012/9/14,4:42:15,岩手県沖,39°04.1′N,142°22.9′E,32 km,3.8,震度１,39.06833333,142.3816667
2012/9/14,8:18:39,岩手県沖,39°04.3′N,142°22.6′E,32 km,4,震度２,39.07166667,142.3766667
2012/9/14,10:46:00,新島・神津島近海,34°32.1′N,139°20.5′E,14 km,2.9,震度１,34.535,139.3416667
2012/9/14,11:20:18,宮城県沖,38°28.3′N,142°02.8′E,43 km,3.9,震度２,38.47166667,142.0466667
2012/9/14,13:42:33,奄美大島近海,27°54.2′N,129°58.0′E,55 km,4.1,震度１,27.90333333,129.9666667
2012/9/14,16:05:19,奈良県,34°08.9′N,135°39.4′E,57 km,3.4,震度１,34.14833333,135.6566667
2012/9/14,16:18:03,茨城県沖,36°36.8′N,141°01.8′E,49 km,3.6,震度１,36.61333333,141.03
2012/9/14,17:43:51,静岡県西部,35°05.7′N,137°49.1′E,18 km,2.9,震度１,35.095,137.8183333
2012/9/14,17:56:45,千葉県東方沖,35°24.4′N,140°24.1′E,28 km,2.4,震度１,35.40666667,140.4016667
2012/9/15,1:20:32,新潟県上越地方,37°04.8′N,138°22.6′E,7 km,1.6,震度１,37.08,138.3766667
2012/9/15,2:49:00,房総半島南方沖,34°16.1′N,140°17.6′E,46 km,3.7,震度１,34.26833333,140.2933333
2012/9/15,8:10:13,茨城県北部,36°43.8′N,140°39.1′E,7 km,2.2,震度１,36.73,140.6516667
2012/9/15,9:14:16,宮城県沖,38°49.6′N,142°32.7′E,30 km,4,震度１,38.82666667,142.545
2012/9/15,12:24:52,長野県中部,36°15.5′N,137°41.9′E,5 km,3,震度１,36.25833333,137.6983333
2012/9/16,1:09:46,千葉県東方沖,35°45.3′N,140°59.7′E,14 km,4.4,震度３,35.755,140.995
2012/9/16,1:17:32,新潟県中越地方,37°03.1′N,138°37.0′E,11 km,3.4,震度２,37.05166667,138.6166667
2012/9/16,3:20:03,福島県中通り,36°57.6′N,140°22.1′E,3 km,2.6,震度１,36.96,140.3683333
2012/9/16,6:55:49,千葉県東方沖,35°45.9′N,140°52.7′E,13 km,3.2,震度１,35.765,140.8783333
2012/9/16,7:11:06,静岡県中部,35°00.1′N,138°06.3′E,30 km,3.6,震度１,35.00166667,138.105
2012/9/16,8:03:21,長野県南部,35°57.7′N,137°38.1′E,5 km,1.9,震度１,35.96166667,137.635
2012/9/16,13:44:29,宮城県沖,38°13.6′N,141°42.3′E,51 km,3.4,震度１,38.22666667,141.705
2012/9/16,14:25:15,福島県沖,36°51.1′N,141°20.6′E,31 km,3.7,震度１,36.85166667,141.3433333
2012/9/16,16:02:36,長野県南部,35°51.0′N,137°35.2′E,6 km,2,震度１,35.85,137.5866667
2012/9/16,16:43:25,福島県沖,37°01.8′N,141°15.6′E,29 km,3.8,震度１,37.03,141.26
2012/9/17,1:12:23,岩手県沖,39°06.5′N,142°22.5′E,33 km,3.9,震度１,39.10833333,142.375
2012/9/17,4:39:06,秋田県内陸南部,39°32.0′N,140°24.8′E,9 km,2.4,震度１,39.53333333,140.4133333
2012/9/17,5:31:00,秋田県内陸南部,39°32.0′N,140°25.0′E,9 km,2.7,震度２,39.53333333,140.4166667
2012/9/17,11:56:05,宮崎県南部山沿い,31°52.6′N,131°04.5′E,9 km,2.6,震度１,31.87666667,131.075
2012/9/17,13:28:36,鳥取県西部,35°11.5′N,133°25.4′E,7 km,2.3,震度１,35.19166667,133.4233333
2012/9/17,17:22:34,岩手県沖,39°06.1′N,142°12.4′E,43 km,3.9,震度２,39.10166667,142.2066667
2012/9/17,17:50:46,長野県北部,36°58.5′N,138°35.6′E,9 km,2.6,震度２,36.975,138.5933333
2012/9/17,22:37:09,青森県東方沖,41°09.4′N,142°22.9′E,65 km,4,震度１,41.15666667,142.3816667
2012/9/18,4:09:31,岩手県沖,39°49.0′N,142°15.5′E,43 km,5,震度３,39.81666667,142.2583333
2012/9/18,4:50:25,和歌山県北部,33°57.6′N,135°10.3′E,7 km,2.5,震度１,33.96,135.1716667
2012/9/18,12:23:14,岩手県沖,40°12.7′N,142°19.6′E,38 km,4,震度１,40.21166667,142.3266667
2012/9/18,16:47:30,福島県沖,37°45.0′N,141°47.2′E,52 km,4,震度１,37.75,141.7866667
2012/9/18,17:13:33,茨城県沖,36°32.5′N,141°03.4′E,53 km,3.5,震度１,36.54166667,141.0566667
2012/9/18,19:34:10,福島県沖,37°30.4′N,141°29.4′E,48 km,3.5,震度１,37.50666667,141.49
2012/9/19,3:30:00,福島県沖,37°20.7′N,141°08.4′E,33 km,3.3,震度１,37.345,141.14
2012/9/19,4:11:02,千葉県北東部,35°51.0′N,140°32.5′E,35 km,3.6,震度１,35.85,140.5416667
2012/9/19,13:47:04,千葉県南東沖,34°38.1′N,140°09.1′E,57 km,3.7,震度１,34.635,140.1516667
2012/9/19,14:59:56,茨城県沖,36°24.3′N,141°01.6′E,46 km,3.4,震度１,36.405,141.0266667
2012/9/19,15:57:41,茨城県沖,36°36.7′N,141°02.3′E,24 km,3.3,震度１,36.61166667,141.0383333
2012/9/19,23:30:02,宮城県沖,38°32.1′N,141°43.1′E,54 km,3.7,震度２,38.535,141.7183333
2012/9/20,4:15:28,秋田県内陸北部,40°02.6′N,140°32.1′E,9 km,2.4,震度１,40.04333333,140.535
2012/9/20,4:48:38,宮城県沖,38°42.1′N,141°47.7′E,53 km,2.9,震度１,38.70166667,141.795
2012/9/20,9:08:45,福島県沖,37°26.3′N,141°36.9′E,45 km,3.6,震度１,37.43833333,141.615
2012/9/20,9:26:23,奄美大島近海,28°15.9′N,129°27.5′E,32 km,3.4,震度２,28.265,129.4583333
2012/9/20,12:24:22,福島県沖,37°04.5′N,141°10.9′E,50 km,3.8,震度２,37.075,141.1816667
2012/9/20,12:32:28,日高地方東部,42°19.8′N,142°58.7′E,55 km,3.8,震度１,42.33,142.9783333
2012/9/20,14:03:59,和歌山県北部,34°14.0′N,135°14.0′E,4 km,3,震度２,34.23333333,135.2333333
2012/9/21,3:32:06,三陸沖,39°38.3′N,143°38.2′E,30 km,4.9,震度１,39.63833333,143.6366667
2012/9/21,9:05:10,熊本県天草・芦北地方,32°13.8′N,130°23.9′E,3 km,2.2,震度１,32.23,130.3983333
2012/9/21,9:43:00,岩手県沖,39°38.8′N,142°06.5′E,48 km,3.3,震度１,39.64666667,142.1083333
2012/9/21,12:14:35,秋田県内陸北部,40°02.6′N,140°32.2′E,9 km,3.1,震度１,40.04333333,140.5366667
2012/9/21,15:01:06,茨城県北部,36°40.7′N,140°29.4′E,69 km,3,震度１,36.67833333,140.49
2012/9/21,16:33:58,福島県浜通り,37°05.8′N,140°47.5′E,8 km,2.4,震度１,37.09666667,140.7916667
2012/9/21,19:08:11,宮城県沖,38°02.4′N,141°56.6′E,50 km,3.8,震度１,38.04,141.9433333
2012/9/21,23:36:19,宮崎県南部山沿い,31°52.6′N,131°04.5′E,9 km,2.6,震度１,31.87666667,131.075
2012/9/22,6:48:53,千葉県東方沖,35°43.0′N,140°59.9′E,13 km,3.6,震度１,35.71666667,140.9983333
2012/9/22,11:05:25,長野県南部,35°43.7′N,137°32.2′E,8 km,2.9,震度１,35.72833333,137.5366667
2012/9/22,12:56:04,茨城県北部,36°41.1′N,140°37.9′E,8 km,2.7,震度１,36.685,140.6316667
2012/9/22,15:22:20,茨城県北部,36°41.6′N,140°37.6′E,7 km,3.7,震度２,36.69333333,140.6266667
2012/9/23,3:24:20,宮城県沖,38°34.5′N,142°00.0′E,40 km,4,震度２,38.575,142
2012/9/23,3:40:16,茨城県沖,36°13.9′N,140°54.7′E,47 km,3.2,震度１,36.23166667,140.9116667
2012/9/23,13:23:38,岩手県沿岸北部,39°45.6′N,141°50.2′E,59 km,3.3,震度１,39.76,141.8366667
2012/9/24,7:39:05,青森県東方沖,41°28.7′N,142°00.7′E,64 km,3.8,震度２,41.47833333,142.0116667
2012/9/24,8:33:47,宮城県沖,38°57.6′N,142°20.4′E,34 km,3.4,震度１,38.96,142.34
2012/9/24,10:53:33,宮城県沖,38°53.3′N,141°58.1′E,50 km,3.7,震度１,38.88833333,141.9683333
2012/9/24,11:00:40,宮城県沖,38°52.9′N,141°59.1′E,48 km,3.2,震度１,38.88166667,141.985
2012/9/24,13:11:29,和歌山県南方沖,33°33.2′N,135°10.4′E,43 km,3.9,震度１,33.55333333,135.1733333
2012/9/24,17:03:46,岩手県沖,39°52.5′N,142°09.9′E,47 km,3.8,震度１,39.875,142.165
2012/9/24,22:51:07,日高地方中部,42°16.1′N,142°35.8′E,8 km,2.5,震度１,42.26833333,142.5966667
2012/9/25,1:12:48,茨城県南部,36°07.7′N,139°50.6′E,49 km,3.5,震度２,36.12833333,139.8433333
2012/9/25,4:23:45,宮城県沖,38°33.3′N,141°41.6′E,54 km,2.6,震度１,38.555,141.6933333
2012/9/25,5:16:04,宮城県沖,38°38.2′N,141°54.6′E,48 km,3.8,震度１,38.63666667,141.91
2012/9/25,11:55:49,茨城県沖,36°40.1′N,141°07.2′E,46 km,4.1,震度２,36.66833333,141.12
2012/9/25,15:48:37,福島県沖,37°38.3′N,141°46.7′E,48 km,3.7,震度１,37.63833333,141.7783333
2012/9/25,16:10:46,埼玉県北部,36°07.4′N,139°18.0′E,12 km,2.9,震度１,36.12333333,139.3
2012/9/25,23:21:39,茨城県沖,36°11.6′N,142°20.9′E,55 km,4.7,震度１,36.19333333,142.3483333
2012/9/25,23:52:00,熊本県熊本地方,32°38.6′N,130°55.4′E,11 km,2.7,震度１,32.64333333,130.9233333
2012/9/26,3:05:58,福島県浜通り,37°00.4′N,140°45.8′E,10 km,3,震度１,37.00666667,140.7633333
2012/9/26,5:51:33,福島県浜通り,37°00.4′N,140°45.7′E,10 km,2.7,震度１,37.00666667,140.7616667
2012/9/26,9:08:24,茨城県北部,36°37.4′N,140°36.8′E,10 km,3.6,震度２,36.62333333,140.6133333
2012/9/26,12:17:44,茨城県沖,36°12.0′N,140°53.8′E,45 km,3,震度１,36.2,140.8966667
2012/9/26,16:38:54,滋賀県北部,35°25.6′N,136°21.2′E,11 km,2.6,震度１,35.42666667,136.3533333
2012/9/27,9:57:21,高知県中部,33°42.3′N,133°30.8′E,7 km,2.4,震度１,33.705,133.5133333
2012/9/28,2:38:45,宮城県沖,38°25.3′N,142°12.8′E,36 km,4.5,震度２,38.42166667,142.2133333
2012/9/28,3:40:01,千葉県北西部,35°51.2′N,140°28.8′E,36 km,3.1,震度１,35.85333333,140.48
2012/9/28,14:46:50,茨城県北部,36°50.7′N,140°38.1′E,9 km,3.8,震度２,36.845,140.635
2012/9/28,16:55:58,和歌山県北部,33°52.8′N,135°21.0′E,53 km,3.3,震度１,33.88,135.35
2012/9/28,18:43:48,釧路地方北部,43°36.4′N,144°22.7′E,3 km,1.8,震度１,43.60666667,144.3783333
2012/9/28,19:10:12,岩手県沖,39°06.4′N,142°25.7′E,29 km,3.8,震度１,39.10666667,142.4283333
2012/9/28,19:42:06,釧路地方北部,43°36.3′N,144°22.7′E,3 km,2,震度２,43.605,144.3783333
2012/9/29,6:56:10,秋田県内陸北部,40°02.5′N,140°32.1′E,9 km,3.6,震度２,40.04166667,140.535
2012/9/29,16:34:43,千葉県東方沖,35°33.6′N,141°02.1′E,36 km,3.6,震度１,35.56,141.035
2012/9/29,18:54:30,沖縄本島近海,26°03.7′N,127°44.7′E,26 km,2.9,震度１,26.06166667,127.745
2012/9/29,19:09:50,宮城県沖,38°32.6′N,141°43.3′E,53 km,3.2,震度２,38.54333333,141.7216667
2012/9/29,19:49:12,千葉県南部,34°58.7′N,139°57.1′E,71 km,3.6,震度２,34.97833333,139.9516667
2012/9/30,2:37:40,千葉県南部,34°59.3′N,139°57.3′E,71 km,3.7,震度１,34.98833333,139.955
2012/9/30,2:57:48,新島・神津島近海,34°21.0′N,139°14.4′E,6 km,2.1,震度１,34.35,139.24
2012/9/30,8:21:33,和歌山県北部,34°09.2′N,135°11.4′E,4 km,1.7,震度１,34.15333333,135.19
2012/9/30,10:39:28,宮城県沖,38°59.2′N,142°23.5′E,33 km,4.3,震度２,38.98666667,142.3916667
2012/9/30,14:41:53,茨城県北部,36°46.5′N,140°33.7′E,8 km,3.6,震度２,36.775,140.5616667
2012/9/30,16:06:59,千葉県北東部,35°44.3′N,140°50.2′E,8 km,3.4,震度１,35.73833333,140.8366667
2012/9/30,16:36:13,福島県会津,37°01.5′N,139°19.5′E,6 km,2.2,震度１,37.025,139.325
2012/9/30,22:39:00,福島県中通り,37°01.0′N,140°36.4′E,8 km,4,震度３,37.01666667,140.6066667
2012/9/30,22:39:59,福島県浜通り,37°00.8′N,140°36.4′E,8 km,3.8,震度３,37.01333333,140.6066667
2012/10/1,0:44:25,沖縄本島近海,26°47.2′N,128°25.3′E,31 km,3.1,震度１,26.78666667,128.4216667
2012/10/1,5:31:21,千葉県東方沖,35°46.8′N,140°54.1′E,11 km,3.4,震度２,35.78,140.9016667
2012/10/1,6:35:18,十勝地方南部,42°32.9′N,143°29.5′E,61 km,3.4,震度１,42.54833333,143.4916667
2012/10/1,6:40:44,宮城県沖,38°37.3′N,141°44.6′E,50 km,3.7,震度２,38.62166667,141.7433333
2012/10/1,7:39:17,宮城県沖,38°24.6′N,141°53.1′E,19 km,4.6,震度３,38.41,141.885
2012/10/1,8:42:03,トカラ列島近海,29°57.3′N,130°02.9′E,10 km,3.2,震度１,29.955,130.0483333
2012/10/1,10:00:36,三陸沖,39°46.1′N,143°38.3′E,20 km,4.7,震度１,39.76833333,143.6383333
2012/10/1,10:28:58,秋田県沖,40°05.9′N,139°00.3′E,30 km,3.9,震度１,40.09833333,139.005
2012/10/1,10:29:41,宮城県沖,38°26.0′N,142°11.5′E,32 km,3.6,震度１,38.43333333,142.1916667
2012/10/1,14:17:55,茨城県沖,35°58.5′N,141°28.8′E,48 km,4.7,震度２,35.975,141.48
2012/10/1,17:39:52,静岡県西部,34°50.0′N,137°51.0′E,18 km,2.8,震度１,34.83333333,137.85
2012/10/1,19:38:22,浦河沖,42°18.4′N,142°24.9′E,55 km,3.4,震度１,42.30666667,142.415
2012/10/2,1:00:30,宮城県北部,38°52.7′N,141°35.7′E,76 km,3,震度１,38.87833333,141.595
2012/10/2,1:01:44,紀伊水道,34°03.4′N,135°05.4′E,4 km,2.8,震度１,34.05666667,135.09
2012/10/2,1:08:37,岩手県沖,40°06.2′N,142°08.3′E,46 km,3.6,震度１,40.10333333,142.1383333
2012/10/2,1:12:21,山形県置賜地方,37°48.3′N,140°01.6′E,8 km,4.2,震度３,37.805,140.0266667
2012/10/2,1:13:20,山形県置賜地方,37°48.3′N,140°01.4′E,9 km,3,震度１,37.805,140.0233333
2012/10/2,3:40:50,福島県沖,36°55.1′N,141°23.7′E,30 km,5.6,震度３,36.91833333,141.395
2012/10/2,4:08:05,長野県中部,36°15.6′N,137°41.7′E,5 km,2.9,震度１,36.26,137.695
2012/10/2,5:20:56,福島県沖,36°52.0′N,141°23.4′E,30 km,4.5,震度２,36.86666667,141.39
2012/10/2,5:48:30,福島県沖,36°54.7′N,141°23.9′E,31 km,4.2,震度１,36.91166667,141.3983333
2012/10/2,5:50:23,新潟県中越地方,37°10.1′N,138°49.6′E,8 km,2.7,震度２,37.16833333,138.8266667
2012/10/2,5:50:44,福島県沖,37°12.2′N,141°26.4′E,47 km,4.4,震度２,37.20333333,141.44
2012/10/2,6:27:36,茨城県沖,36°22.0′N,140°57.1′E,46 km,4.3,震度３,36.36666667,140.9516667
2012/10/2,7:12:14,福島県中通り,37°02.3′N,140°35.9′E,9 km,3.2,震度１,37.03833333,140.5983333
2012/10/2,7:21:43,三陸沖,39°49.9′N,143°31.2′E,22 km,6.3,震度３,39.83166667,143.52
2012/10/2,7:25:15,三陸沖,39°51.3′N,143°23.8′E,21 km,4.7,震度１,39.855,143.3966667
2012/10/2,7:31:58,茨城県沖,36°50.9′N,141°23.2′E,28 km,3.9,震度１,36.84833333,141.3866667
2012/10/2,7:55:45,三陸沖,39°46.7′N,143°32.0′E,20 km,5,震度２,39.77833333,143.5333333
2012/10/2,8:25:47,愛知県西部,35°02.0′N,137°01.0′E,41 km,2.7,震度１,35.03333333,137.0166667
2012/10/2,10:10:45,茨城県沖,36°05.5′N,140°58.9′E,39 km,4.2,震度３,36.09166667,140.9816667
2012/10/2,10:51:34,三陸沖,39°39.0′N,143°41.4′E,24 km,4.7,震度１,39.65,143.69
2012/10/2,14:47:00,福島県沖,36°55.1′N,141°23.5′E,31 km,3.6,震度１,36.91833333,141.3916667
2012/10/2,15:32:44,福島県沖,36°51.4′N,141°22.1′E,30 km,3.7,震度１,36.85666667,141.3683333
2012/10/2,17:29:30,茨城県沖,36°17.1′N,140°56.6′E,38 km,3.2,震度１,36.285,140.9433333
2012/10/2,20:34:20,和歌山県北部,34°06.4′N,135°16.3′E,6 km,1.8,震度１,34.10666667,135.2716667
2012/10/2,20:37:50,三陸沖,39°47.2′N,143°23.4′E,28 km,4.7,震度１,39.78666667,143.39
2012/10/2,21:18:39,新島・神津島近海,34°21.7′N,139°13.8′E,3 km,1.6,震度１,34.36166667,139.23
2012/10/2,21:41:50,福島県浜通り,37°15.5′N,140°55.1′E,6 km,2.3,震度１,37.25833333,140.9183333
2012/10/3,1:25:18,岩手県沖,39°33.4′N,142°18.2′E,50 km,3.9,震度１,39.55666667,142.3033333
2012/10/3,1:41:55,秋田県内陸南部,39°30.4′N,140°25.4′E,10 km,2.4,震度１,39.50666667,140.4233333
2012/10/3,1:53:44,秋田県内陸南部,39°30.5′N,140°25.4′E,10 km,2.5,震度２,39.50833333,140.4233333
2012/10/3,9:27:13,茨城県南部,36°06.9′N,139°49.3′E,48 km,3.1,震度１,36.115,139.8216667
2012/10/3,17:04:04,宮城県沖,38°53.2′N,141°58.8′E,49 km,3.3,震度１,38.88666667,141.98
2012/10/3,18:39:59,宮城県沖,38°03.1′N,141°54.7′E,51 km,5,震度４,38.05166667,141.9116667
2012/10/3,20:04:58,岩手県沖,39°22.2′N,142°00.2′E,60 km,4.1,震度２,39.37,142.0033333
2012/10/3,23:53:06,茨城県北部,36°41.7′N,140°35.2′E,9 km,3.3,震度２,36.695,140.5866667
2012/10/4,4:04:05,秋田県内陸南部,39°34.1′N,140°21.9′E,6 km,2.1,震度１,39.56833333,140.365
2012/10/4,4:39:48,岐阜県飛騨地方,36°02.9′N,137°31.1′E,7 km,2,震度１,36.04833333,137.5183333
2012/10/4,4:40:32,岐阜県飛騨地方,36°02.9′N,137°31.1′E,7 km,2.1,震度１,36.04833333,137.5183333
2012/10/4,5:02:21,茨城県沖,36°50.8′N,141°02.0′E,50 km,3.8,震度１,36.84666667,141.0333333
2012/10/4,8:46:58,宮崎県南部山沿い,32°03.8′N,130°56.1′E,9 km,2.9,震度１,32.06333333,130.935
2012/10/4,23:47:17,茨城県南部,36°03.3′N,139°54.5′E,44 km,2.7,震度１,36.055,139.9083333
2012/10/5,7:48:10,茨城県南部,36°05.2′N,140°00.7′E,67 km,3.4,震度１,36.08666667,140.0116667
2012/10/5,17:13:19,宮古島北西沖,26°17.4′N,125°09.1′E,152 km,5.2,震度２,26.29,125.1516667
2012/10/5,21:36:08,宗谷地方北部,45°01.9′N,141°56.7′E,12 km,2.3,震度２,45.03166667,141.945
2012/10/6,0:11:20,愛知県西部,35°01.9′N,137°14.4′E,38 km,3.3,震度１,35.03166667,137.24
2012/10/6,1:19:02,秋田県内陸北部,39°59.3′N,140°36.4′E,3 km,4.9,震度３,39.98833333,140.6066667
2012/10/6,4:28:16,千葉県北西部,35°38.5′N,140°03.6′E,70 km,3.5,震度１,35.64166667,140.06
2012/10/6,12:24:39,岩手県沖,39°13.4′N,142°26.5′E,33 km,3.9,震度１,39.22333333,142.4416667
2012/10/6,13:22:52,千葉県北西部,35°45.5′N,140°05.8′E,43 km,3.3,震度１,35.75833333,140.0966667
2012/10/7,7:27:34,宗谷地方北部,45°09.8′N,141°43.6′E,9 km,2.8,震度１,45.16333333,141.7266667
2012/10/7,8:39:45,宗谷地方北部,45°10.1′N,141°44.2′E,7 km,3.4,震度２,45.16833333,141.7366667
2012/10/7,8:43:07,茨城県沖,36°45.9′N,140°47.2′E,16 km,4.1,震度３,36.765,140.7866667
2012/10/7,9:43:45,茨城県北部,36°43.1′N,140°37.9′E,7 km,3,震度１,36.71833333,140.6316667
2012/10/7,19:11:23,宮城県沖,38°34.1′N,142°03.9′E,43 km,3.6,震度１,38.56833333,142.065
2012/10/7,20:00:55,茨城県北部,36°46.2′N,140°34.5′E,7 km,3.6,震度２,36.77,140.575
2012/10/7,21:22:24,福島県中通り,36°52.0′N,140°33.3′E,6 km,3.5,震度２,36.86666667,140.555
2012/10/7,22:16:24,茨城県沖,36°49.8′N,141°05.1′E,32 km,3.8,震度１,36.83,141.085
2012/10/7,22:53:08,秋田県内陸北部,39°59.2′N,140°36.4′E,3 km,3.6,震度２,39.98666667,140.6066667
2012/10/8,1:50:55,茨城県沖,36°27.3′N,141°35.1′E,57 km,4.3,震度１,36.455,141.585
2012/10/8,2:32:25,福島県沖,37°30.4′N,141°23.1′E,51 km,4,震度２,37.50666667,141.385
2012/10/8,9:21:36,福島県中通り,36°52.1′N,140°34.3′E,8 km,3.4,震度１,36.86833333,140.5716667
2012/10/8,14:47:22,愛知県東部,34°39.8′N,137°04.5′E,12 km,3.3,震度２,34.66333333,137.075
2012/10/8,14:56:10,愛知県東部,34°39.7′N,137°04.4′E,12 km,2.7,震度１,34.66166667,137.0733333
2012/10/8,19:49:06,宮城県沖,38°53.2′N,141°58.3′E,50 km,3.9,震度２,38.88666667,141.9716667
2012/10/8,20:04:00,茨城県南部,36°06.6′N,140°05.9′E,62 km,3.9,震度３,36.11,140.0983333
2012/10/9,5:55:45,千葉県北西部,35°46.3′N,140°06.3′E,43 km,3.7,震度２,35.77166667,140.105
2012/10/9,7:47:39,千葉県北西部,35°41.2′N,140°03.5′E,67 km,3.3,震度１,35.68666667,140.0583333
2012/10/9,10:43:23,茨城県沖,36°14.1′N,140°55.9′E,47 km,3.1,震度１,36.235,140.9316667
2012/10/9,17:07:39,茨城県沖,36°14.7′N,140°59.8′E,45 km,3.4,震度１,36.245,140.9966667
2012/10/9,18:24:37,宮城県沖,38°00.5′N,141°52.5′E,45 km,3.7,震度１,38.00833333,141.875
2012/10/9,19:17:24,福島県沖,37°08.1′N,141°12.4′E,35 km,3.9,震度２,37.135,141.2066667
2012/10/9,23:50:52,福島県沖,37°20.7′N,141°20.9′E,49 km,3.5,震度１,37.345,141.3483333
2012/10/10,5:49:35,日向灘,32°41.2′N,132°29.2′E,33 km,4.5,震度３,32.68666667,132.4866667
2012/10/10,13:25:37,奄美大島北東沖,29°23.4′N,130°01.4′E,58 km,3.8,震度１,29.39,130.0233333
2012/10/10,16:51:19,日向灘,32°22.2′N,131°58.3′E,19 km,3.5,震度１,32.37,131.9716667
2012/10/10,17:33:37,島根県東部,35°11.3′N,132°55.4′E,6 km,2.5,震度１,35.18833333,132.9233333
2012/10/10,23:40:37,宮城県沖,38°10.0′N,141°40.6′E,51 km,3.5,震度２,38.16666667,141.6766667
2012/10/11,1:55:28,福島県沖,37°14.1′N,141°52.9′E,44 km,4.1,震度１,37.235,141.8816667
2012/10/11,6:39:36,茨城県沖,36°50.7′N,141°27.8′E,45 km,3.8,震度１,36.845,141.4633333
2012/10/11,6:39:48,宮城県沖,38°24.4′N,141°47.2′E,57 km,3.7,震度１,38.40666667,141.7866667
2012/10/11,8:14:27,岩手県沖,39°06.8′N,142°06.8′E,45 km,3.4,震度１,39.11333333,142.1133333
2012/10/11,12:28:03,和歌山県南部,33°53.5′N,135°25.0′E,54 km,3.4,震度１,33.89166667,135.4166667
2012/10/11,16:06:14,茨城県南部,36°07.6′N,140°04.7′E,64 km,3.9,震度２,36.12666667,140.0783333
2012/10/11,20:01:53,秋田県内陸南部,39°30.4′N,140°26.4′E,9 km,1.8,震度１,39.50666667,140.44
2012/10/11,23:31:17,秋田県内陸北部,40°02.6′N,140°32.0′E,9 km,3,震度１,40.04333333,140.5333333
2012/10/12,1:27:29,岩手県沖,40°21.5′N,142°05.2′E,50 km,3.4,震度１,40.35833333,142.0866667
2012/10/12,5:07:04,宮城県沖,38°14.9′N,142°06.4′E,41 km,4,震度２,38.24833333,142.1066667
2012/10/12,5:45:59,岩手県沖,39°50.5′N,142°05.4′E,33 km,3.8,震度２,39.84166667,142.09
2012/10/12,7:12:52,福島県会津,37°05.5′N,139°18.4′E,7 km,2.1,震度１,37.09166667,139.3066667
2012/10/12,7:52:27,浦河沖,42°01.9′N,142°34.9′E,64 km,3.6,震度１,42.03166667,142.5816667
2012/10/12,8:36:39,福島県沖,37°16.6′N,141°12.6′E,35 km,3.6,震度１,37.27666667,141.21
2012/10/12,13:44:43,東京都多摩東部,35°37.7′N,139°30.1′E,41 km,2.6,震度１,35.62833333,139.5016667
2012/10/12,13:57:20,千葉県北東部,35°50.9′N,140°32.9′E,37 km,5.1,震度４,35.84833333,140.5483333
2012/10/12,14:24:56,渡島地方北部,42°07.1′N,140°22.9′E,3 km,1.4,震度１,42.11833333,140.3816667
2012/10/12,15:14:53,千葉県北東部,35°50.9′N,140°32.4′E,36 km,3.1,震度１,35.84833333,140.54
2012/10/12,18:58:08,沖縄本島近海,27°26.6′N,128°37.6′E,44 km,3,震度１,27.44333333,128.6266667
2012/10/12,22:30:16,茨城県沖,36°13.7′N,140°53.8′E,47 km,3.5,震度２,36.22833333,140.8966667
2012/10/12,23:21:05,千葉県南部,35°11.6′N,140°11.8′E,11 km,3.1,震度２,35.19333333,140.1966667
2012/10/12,23:35:52,千葉県北東部,35°50.6′N,140°33.5′E,38 km,3.6,震度３,35.84333333,140.5583333
2012/10/12,23:40:34,岩手県内陸北部,39°49.8′N,141°26.3′E,13 km,2.4,震度１,39.83,141.4383333
2012/10/13,4:24:11,宮城県沖,38°22.3′N,141°51.9′E,58 km,3.3,震度１,38.37166667,141.865
2012/10/13,9:54:54,福島県沖,37°38.3′N,142°00.6′E,30 km,4,震度１,37.63833333,142.01
2012/10/13,11:21:03,京都府南部,35°15.8′N,135°39.5′E,13 km,3.8,震度２,35.26333333,135.6583333
2012/10/13,13:51:16,熊本県天草・芦北地方,32°20.6′N,130°22.2′E,14 km,2.8,震度１,32.34333333,130.37
2012/10/13,22:48:14,熊本県阿蘇地方,33°04.9′N,131°05.7′E,9 km,2.6,震度１,33.08166667,131.095
2012/10/13,23:02:19,千葉県北東部,35°51.1′N,140°32.4′E,38 km,3.5,震度２,35.85166667,140.54
2012/10/14,0:14:24,日向灘,32°46.0′N,132°17.5′E,36 km,4.1,震度２,32.76666667,132.2916667
2012/10/14,13:37:12,茨城県沖,36°45.7′N,140°47.3′E,17 km,3.9,震度３,36.76166667,140.7883333
2012/10/14,14:06:41,岩手県沖,40°06.6′N,142°28.1′E,34 km,4.1,震度１,40.11,142.4683333
2012/10/14,15:34:17,島根県東部,35°12.6′N,132°47.8′E,9 km,3.9,震度３,35.21,132.7966667
2012/10/14,20:11:34,三陸沖,38°17.0′N,144°15.5′E,46 km,5.4,震度２,38.28333333,144.2583333
2012/10/14,21:14:41,日高地方中部,42°40.9′N,142°39.0′E,31 km,4.2,震度２,42.68166667,142.65
2012/10/15,5:47:10,福島県中通り,37°05.6′N,140°35.9′E,9 km,3,震度１,37.09333333,140.5983333
2012/10/15,6:23:58,宮城県沖,38°42.8′N,142°15.3′E,39 km,3.9,震度１,38.71333333,142.255
2012/10/15,6:28:24,青森県東方沖,41°28.8′N,142°02.9′E,63 km,3.7,震度１,41.48,142.0483333
2012/10/15,6:46:43,茨城県北部,36°23.2′N,140°33.7′E,54 km,2.9,震度１,36.38666667,140.5616667
2012/10/15,11:20:56,福島県浜通り,37°05.0′N,140°46.1′E,9 km,2.3,震度１,37.08333333,140.7683333
2012/10/15,16:57:43,宮崎県南部山沿い,31°52.8′N,131°04.7′E,9 km,2.8,震度１,31.88,131.0783333
2012/10/15,17:29:40,山形県置賜地方,37°47.9′N,140°01.5′E,8 km,3.1,震度１,37.79833333,140.025
2012/10/15,17:40:47,茨城県南部,36°10.7′N,140°06.5′E,51 km,3.1,震度１,36.17833333,140.1083333
2012/10/15,20:59:26,岩手県沿岸北部,39°40.1′N,141°56.0′E,65 km,3.8,震度１,39.66833333,141.9333333
2012/10/16,0:09:35,宮城県沖,38°33.3′N,141°41.4′E,55 km,2.8,震度１,38.555,141.69
2012/10/16,1:48:11,福島県沖,37°39.3′N,142°27.2′E,19 km,4.3,震度１,37.655,142.4533333
2012/10/16,6:47:48,福島県沖,36°43.1′N,141°52.2′E,45 km,4.5,震度２,36.71833333,141.87
2012/10/16,11:17:02,岐阜県美濃東部,35°21.1′N,137°10.8′E,48 km,3,震度１,35.35166667,137.18
2012/10/16,17:48:59,静岡県西部,35°09.2′N,137°58.7′E,15 km,3.5,震度１,35.15333333,137.9783333
2012/10/16,20:43:54,茨城県北部,36°44.6′N,140°36.8′E,7 km,3.2,震度１,36.74333333,140.6133333
2012/10/16,22:39:26,薩摩半島西方沖,31°12.2′N,130°19.8′E,166 km,5,震度２,31.20333333,130.33
2012/10/16,22:48:18,茨城県北部,36°37.4′N,140°36.2′E,3 km,1.9,震度１,36.62333333,140.6033333
2012/10/16,23:15:48,茨城県北部,36°48.4′N,140°32.5′E,6 km,3.2,震度１,36.80666667,140.5416667
2012/10/17,1:47:36,岩手県沖,40°21.4′N,142°04.8′E,51 km,3.6,震度１,40.35666667,142.08
2012/10/17,2:37:08,新潟県中越地方,37°01.6′N,138°42.2′E,8 km,2.1,震度２,37.02666667,138.7033333
2012/10/17,3:56:43,千葉県東方沖,35°46.6′N,140°56.4′E,15 km,3.5,震度１,35.77666667,140.94
2012/10/17,4:35:44,福島県浜通り,37°03.9′N,140°40.7′E,7 km,3.2,震度１,37.065,140.6783333
2012/10/17,8:31:07,トカラ列島近海,29°57.3′N,129°55.7′E,10 km,,震度１,29.955,129.9283333
2012/10/17,9:43:58,茨城県北部,36°43.2′N,140°37.5′E,7 km,4.5,震度４,36.72,140.625
2012/10/17,9:52:41,茨城県北部,36°43.6′N,140°36.9′E,7 km,3.5,震度１,36.72666667,140.615
2012/10/17,10:20:17,茨城県北部,36°43.4′N,140°37.4′E,7 km,2.9,震度１,36.72333333,140.6233333
2012/10/17,12:29:23,福島県沖,37°00.1′N,141°22.0′E,28 km,3.8,震度１,37.00166667,141.3666667
2012/10/17,17:49:26,上川地方北部,44°50.4′N,142°07.4′E,0 km,2.4,震度１,44.84,142.1233333
2012/10/17,19:57:44,宮城県沖,37°54.6′N,141°49.7′E,51 km,3.7,震度１,37.91,141.8283333
2012/10/17,22:48:13,新潟県中越地方,37°01.5′N,138°42.1′E,8 km,2,震度２,37.025,138.7016667
2012/10/18,0:01:41,新潟県中越地方,37°01.6′N,138°42.5′E,7 km,4.2,震度４,37.02666667,138.7083333
2012/10/18,0:25:38,新潟県中越地方,37°01.5′N,138°42.4′E,7 km,2.6,震度３,37.025,138.7066667
2012/10/18,0:41:32,新潟県中越地方,37°02.0′N,138°42.2′E,8 km,1.7,震度１,37.03333333,138.7033333
2012/10/18,1:02:45,新潟県中越地方,37°01.7′N,138°42.2′E,8 km,1.8,震度１,37.02833333,138.7033333
2012/10/18,1:16:44,新潟県中越地方,37°01.7′N,138°42.0′E,8 km,3.3,震度３,37.02833333,138.7
2012/10/18,5:33:27,長野県南部,35°46.4′N,137°33.9′E,9 km,2.5,震度１,35.77333333,137.565
2012/10/18,5:38:45,新潟県中越地方,37°01.7′N,138°42.4′E,7 km,2.1,震度２,37.02833333,138.7066667
2012/10/18,5:39:35,新潟県中越地方,37°01.8′N,138°42.1′E,11 km,1.1,震度１,37.03,138.7016667
2012/10/18,5:48:11,新潟県中越地方,37°01.7′N,138°42.4′E,7 km,1.6,震度１,37.02833333,138.7066667
2012/10/18,6:22:08,新潟県中越地方,37°01.9′N,138°42.6′E,8 km,1.8,震度２,37.03166667,138.71
2012/10/18,7:27:52,新潟県中越地方,37°01.9′N,138°42.5′E,7 km,2.4,震度３,37.03166667,138.7083333
2012/10/18,7:35:10,新潟県中越地方,37°01.9′N,138°42.2′E,9 km,1.4,震度１,37.03166667,138.7033333
2012/10/18,9:02:36,新潟県中越地方,37°01.6′N,138°42.5′E,6 km,2.1,震度２,37.02666667,138.7083333
2012/10/18,9:04:10,新潟県中越地方,37°01.5′N,138°42.4′E,7 km,1.9,震度２,37.025,138.7066667
2012/10/18,11:11:58,新潟県中越地方,37°01.4′N,138°42.6′E,7 km,2.5,震度３,37.02333333,138.71
2012/10/18,12:55:11,栃木県北部,36°37.8′N,139°25.8′E,9 km,3.3,震度２,36.63,139.43
2012/10/18,13:19:53,宮城県沖,38°16.5′N,141°50.6′E,47 km,3.6,震度１,38.275,141.8433333
2012/10/18,15:49:53,秋田県内陸南部,39°34.3′N,140°22.0′E,5 km,2.8,震度２,39.57166667,140.3666667
2012/10/18,20:06:23,岩手県沖,39°13.6′N,142°26.4′E,32 km,3.8,震度１,39.22666667,142.44
2012/10/19,3:33:27,徳島県南部,33°42.9′N,134°05.4′E,8 km,3.1,震度１,33.715,134.09
2012/10/19,6:14:52,宮城県沖,38°51.2′N,142°03.0′E,46 km,3.9,震度２,38.85333333,142.05
2012/10/19,10:50:03,三陸沖,39°35.1′N,143°41.0′E,24 km,4.7,震度１,39.585,143.6833333
2012/10/19,10:58:19,宮城県沖,38°28.5′N,142°14.2′E,40 km,3.9,震度２,38.475,142.2366667
2012/10/19,13:10:48,茨城県北部,36°27.2′N,140°35.9′E,55 km,3.6,震度２,36.45333333,140.5983333
2012/10/19,18:12:58,岩手県沖,39°20.4′N,142°03.7′E,48 km,4.4,震度３,39.34,142.0616667
2012/10/19,18:45:22,宮城県沖,38°33.3′N,141°41.9′E,54 km,2.6,震度１,38.555,141.6983333
2012/10/19,20:59:43,千葉県北西部,35°46.4′N,140°06.8′E,42 km,3.9,震度２,35.77333333,140.1133333
2012/10/20,1:09:30,安芸灘,34°18.2′N,132°28.7′E,20 km,2.6,震度１,34.30333333,132.4783333
2012/10/20,1:28:19,宮城県北部,38°53.8′N,140°51.2′E,6 km,3.1,震度１,38.89666667,140.8533333
2012/10/20,4:02:21,福島県沖,37°08.1′N,142°04.6′E,38 km,4.2,震度１,37.135,142.0766667
2012/10/20,7:54:49,新潟県中越地方,37°21.4′N,138°48.0′E,11 km,2.4,震度２,37.35666667,138.8
2012/10/20,11:40:27,宮城県沖,38°50.7′N,142°03.5′E,46 km,3.4,震度１,38.845,142.0583333
2012/10/20,11:49:14,種子島南東沖,30°02.7′N,131°16.2′E,24 km,4.6,震度１,30.045,131.27
2012/10/20,13:21:04,伊豆大島近海,34°49.5′N,139°14.2′E,11 km,2.5,震度１,34.825,139.2366667
2012/10/20,17:40:14,茨城県北部,36°37.5′N,140°36.4′E,3 km,2.5,震度１,36.625,140.6066667
2012/10/20,17:58:11,茨城県北部,36°37.4′N,140°36.6′E,3 km,3.7,震度３,36.62333333,140.61
2012/10/20,18:02:14,茨城県北部,36°37.5′N,140°36.4′E,4 km,3.6,震度３,36.625,140.6066667
2012/10/20,22:09:25,千葉県北東部,35°50.5′N,140°31.8′E,36 km,2.9,震度１,35.84166667,140.53
2012/10/20,23:03:06,茨城県北部,36°37.7′N,140°36.3′E,3 km,2.3,震度１,36.62833333,140.605
2012/10/21,12:54:13,茨城県北部,36°42.6′N,140°36.8′E,9 km,2.9,震度１,36.71,140.6133333
2012/10/21,12:55:29,広島県北部,34°43.3′N,133°02.1′E,17 km,2.8,震度１,34.72166667,133.035
2012/10/22,4:05:50,トカラ列島近海,29°51.3′N,129°47.2′E,10 km,1.7,震度１,29.855,129.7866667
2012/10/22,10:43:16,岩手県沖,39°12.0′N,142°24.3′E,33 km,4.8,震度３,39.2,142.405
2012/10/22,18:27:09,宮城県沖,38°01.7′N,141°49.6′E,50 km,4.5,震度２,38.02833333,141.8266667
2012/10/23,0:13:39,和歌山県北部,34°03.4′N,135°10.9′E,9 km,2.7,震度１,34.05666667,135.1816667
2012/10/23,1:56:08,和歌山県北部,34°08.9′N,135°08.3′E,6 km,3.4,震度２,34.14833333,135.1383333
2012/10/23,3:09:10,新潟県中越地方,37°01.3′N,138°42.5′E,7 km,2.5,震度３,37.02166667,138.7083333
2012/10/23,5:20:25,千葉県北西部,35°41.6′N,140°02.6′E,68 km,3.3,震度１,35.69333333,140.0433333
2012/10/23,9:37:06,三陸沖,39°38.3′N,143°19.8′E,22 km,4.8,震度１,39.63833333,143.33
2012/10/23,17:53:36,小笠原諸島西方沖,28°58.7′N,139°41.0′E,468 km,5.9,震度２,28.97833333,139.6833333
2012/10/23,18:14:19,青森県東方沖,41°09.4′N,142°32.8′E,24 km,3.8,震度１,41.15666667,142.5466667
2012/10/23,18:18:36,茨城県南部,36°07.2′N,139°59.0′E,68 km,3.2,震度１,36.12,139.9833333
2012/10/23,20:32:51,秋田県内陸南部,39°33.1′N,140°44.6′E,6 km,2.9,震度１,39.55166667,140.7433333
2012/10/24,1:12:34,茨城県北部,36°39.3′N,140°36.3′E,5 km,2.9,震度１,36.655,140.605
2012/10/24,1:13:49,茨城県北部,36°39.3′N,140°36.4′E,5 km,2.9,震度１,36.655,140.6066667
2012/10/24,1:30:15,茨城県北部,36°39.2′N,140°36.5′E,5 km,3.1,震度２,36.65333333,140.6083333
2012/10/24,1:41:03,茨城県北部,36°39.0′N,140°35.8′E,5 km,2.2,震度１,36.65,140.5966667
2012/10/24,2:16:35,宮城県沖,38°24.8′N,141°47.0′E,55 km,3.7,震度２,38.41333333,141.7833333
2012/10/24,6:55:16,宮城県沖,38°44.1′N,142°20.2′E,38 km,4.5,震度１,38.735,142.3366667
2012/10/24,16:05:40,茨城県沖,36°32.0′N,140°50.8′E,51 km,4.5,震度４,36.53333333,140.8466667
2012/10/24,16:26:23,茨城県沖,36°44.5′N,141°16.6′E,26 km,3.6,震度１,36.74166667,141.2766667
2012/10/24,16:56:29,茨城県沖,36°32.5′N,140°50.8′E,51 km,4,震度２,36.54166667,140.8466667
2012/10/24,18:19:15,宮城県沖,38°19.7′N,141°52.0′E,46 km,3.4,震度１,38.32833333,141.8666667
2012/10/24,19:35:22,宮城県中部,38°23.7′N,141°04.5′E,15 km,3.4,震度３,38.395,141.075
2012/10/24,23:30:44,茨城県沖,36°18.6′N,140°52.2′E,36 km,3.4,震度１,36.31,140.87
2012/10/25,9:51:51,茨城県沖,36°38.6′N,140°53.6′E,26 km,3.5,震度２,36.64333333,140.8933333
2012/10/25,12:52:26,福島県中通り,37°03.0′N,140°32.9′E,6 km,3.2,震度２,37.05,140.5483333
2012/10/25,18:26:24,根室半島南東沖,43°09.8′N,145°34.9′E,52 km,4.1,震度２,43.16333333,145.5816667
2012/10/25,19:32:27,宮城県沖,38°17.3′N,141°51.5′E,48 km,5.6,震度５弱,38.28833333,141.8583333
2012/10/25,20:13:16,福島県浜通り,37°04.6′N,140°56.1′E,27 km,3.7,震度２,37.07666667,140.935
2012/10/25,21:48:53,奄美大島北西沖,28°44.7′N,128°30.1′E,12 km,4.3,震度１,28.745,128.5016667
2012/10/26,1:19:57,国後島付近,43°30.8′N,145°57.8′E,72 km,3.5,震度１,43.51333333,145.9633333
2012/10/26,1:49:54,宮崎県南部山沿い,32°03.8′N,130°55.1′E,7 km,2.8,震度２,32.06333333,130.9183333
2012/10/26,1:54:15,日向灘,31°56.1′N,131°54.1′E,27 km,4.4,震度２,31.935,131.9016667
2012/10/26,4:10:49,奄美大島北西沖,28°44.2′N,128°31.2′E,14 km,4.3,震度１,28.73666667,128.52
2012/10/26,5:25:00,福島県中通り,36°59.6′N,140°34.8′E,10 km,3.1,震度１,36.99333333,140.58
2012/10/26,9:02:03,福島県沖,36°56.8′N,141°03.7′E,51 km,3.5,震度１,36.94666667,141.0616667
2012/10/26,9:33:11,青森県東方沖,40°58.0′N,142°25.2′E,35 km,4.2,震度１,40.96666667,142.42
2012/10/26,13:10:13,茨城県北部,36°39.4′N,140°36.2′E,5 km,3,震度１,36.65666667,140.6033333
2012/10/26,15:34:34,千葉県東方沖,35°33.7′N,141°01.9′E,37 km,3.7,震度１,35.56166667,141.0316667
2012/10/26,19:36:30,宮城県沖,38°43.3′N,142°11.0′E,42 km,4.7,震度３,38.72166667,142.1833333
2012/10/26,19:52:54,十勝地方中部,42°42.1′N,143°12.7′E,104 km,3.7,震度２,42.70166667,143.2116667
2012/10/26,22:01:06,千葉県北東部,35°29.4′N,140°23.7′E,31 km,2.7,震度１,35.49,140.395
2012/10/26,22:35:40,宮城県沖,38°32.5′N,141°43.3′E,53 km,3.1,震度２,38.54166667,141.7216667
2012/10/27,4:33:09,福島県沖,37°38.2′N,141°42.4′E,47 km,4.1,震度１,37.63666667,141.7066667
2012/10/27,4:44:38,高知県中部,33°30.5′N,133°28.3′E,34 km,4.5,震度３,33.50833333,133.4716667
2012/10/27,5:35:30,宮城県沖,38°01.3′N,141°50.0′E,50 km,3.8,震度１,38.02166667,141.8333333
2012/10/27,5:38:58,秋田県内陸南部,39°34.2′N,140°22.0′E,5 km,2.4,震度１,39.57,140.3666667
2012/10/27,6:59:41,内浦湾,42°09.2′N,140°43.7′E,10 km,2.8,震度２,42.15333333,140.7283333
2012/10/27,7:39:31,福島県沖,37°40.9′N,141°51.8′E,31 km,3.8,震度１,37.68166667,141.8633333
2012/10/27,12:05:58,茨城県北部,36°38.9′N,140°35.8′E,6 km,2.3,震度１,36.64833333,140.5966667
2012/10/27,13:11:09,岩手県内陸北部,39°52.2′N,141°09.0′E,8 km,1.8,震度１,39.87,141.15
2012/10/27,13:12:46,福島県沖,37°01.2′N,141°07.8′E,51 km,4.1,震度２,37.02,141.13
2012/10/27,14:53:54,岩手県内陸北部,39°50.3′N,140°50.8′E,3 km,3.3,震度１,39.83833333,140.8466667
2012/10/27,15:37:27,奄美大島北西沖,28°44.2′N,128°30.8′E,15 km,4.6,震度１,28.73666667,128.5133333
2012/10/28,0:47:21,福島県浜通り,37°14.6′N,140°54.1′E,6 km,3.3,震度２,37.24333333,140.9016667
2012/10/28,1:26:22,岩手県沿岸北部,39°45.4′N,141°50.7′E,58 km,3.9,震度２,39.75666667,141.845
2012/10/28,11:31:31,愛知県西部,35°18.4′N,136°54.0′E,9 km,2.7,震度２,35.30666667,136.9
2012/10/28,18:44:06,茨城県沖,36°32.3′N,140°52.5′E,50 km,4.3,震度３,36.53833333,140.875
2012/10/28,21:44:14,宮城県沖,38°08.3′N,141°46.3′E,54 km,3.3,震度１,38.13833333,141.7716667
2012/10/29,8:34:53,福島県沖,37°21.0′N,142°01.3′E,38 km,4.2,震度１,37.35,142.0216667
2012/10/29,9:12:43,栃木県北部,36°53.4′N,139°24.5′E,4 km,2.6,震度２,36.89,139.4083333
2012/10/29,10:39:49,宮城県沖,38°13.9′N,141°41.8′E,50 km,3,震度１,38.23166667,141.6966667
2012/10/29,15:12:44,岐阜県飛騨地方,36°02.3′N,137°33.8′E,10 km,2.2,震度１,36.03833333,137.5633333
2012/10/29,17:00:56,岩手県沿岸北部,39°26.9′N,141°53.8′E,65 km,3.2,震度１,39.44833333,141.8966667
2012/10/29,21:38:47,福島県沖,37°16.8′N,141°55.4′E,40 km,4.4,震度１,37.28,141.9233333
2012/10/30,4:05:08,愛知県西部,35°05.2′N,136°51.1′E,38 km,3.6,震度１,35.08666667,136.8516667
2012/10/30,6:48:40,青森県東方沖,40°41.3′N,142°14.8′E,46 km,3.3,震度１,40.68833333,142.2466667
2012/10/30,8:54:53,日向灘,31°58.3′N,131°39.4′E,36 km,3.7,震度２,31.97166667,131.6566667
2012/10/30,10:41:13,茨城県沖,36°44.7′N,141°14.8′E,33 km,3.4,震度１,36.745,141.2466667
2012/10/30,11:15:53,千葉県北西部,35°38.5′N,140°09.7′E,66 km,4,震度２,35.64166667,140.1616667
2012/10/30,14:16:45,宮城県沖,38°25.1′N,141°48.9′E,42 km,3.2,震度１,38.41833333,141.815
2012/10/30,14:24:50,茨城県北部,36°47.4′N,140°32.7′E,10 km,3,震度１,36.79,140.545
2012/10/30,14:50:33,福島県沖,36°53.0′N,141°21.0′E,32 km,4,震度１,36.88333333,141.35
2012/10/30,19:10:42,茨城県沖,36°07.9′N,141°15.3′E,41 km,3.8,震度１,36.13166667,141.255
2012/10/30,19:13:38,茨城県沖,36°09.4′N,141°15.3′E,38 km,4,震度２,36.15666667,141.255
2012/10/31,13:28:01,宮城県沖,38°55.2′N,141°55.7′E,51 km,3.9,震度２,38.92,141.9283333
2012/10/31,15:50:01,茨城県南部,36°02.4′N,139°55.5′E,44 km,4.4,震度３,36.04,139.925
2012/11/1,5:55:42,茨城県沖,36°46.2′N,140°47.0′E,16 km,3,震度１,36.77,140.7833333
2012/11/1,9:09:38,福島県沖,37°18.6′N,141°18.9′E,40 km,3.4,震度１,37.31,141.315
2012/11/1,14:09:42,福島県会津,37°40.1′N,139°55.2′E,9 km,2.5,震度１,37.66833333,139.92
2012/11/1,16:51:14,茨城県北部,36°45.4′N,140°37.8′E,3 km,3.3,震度１,36.75666667,140.63
2012/11/1,16:53:12,千葉県東方沖,35°41.7′N,140°56.9′E,14 km,4,震度２,35.695,140.9483333
2012/11/1,22:13:15,茨城県北部,36°42.4′N,140°35.5′E,10 km,2.9,震度２,36.70666667,140.5916667
2012/11/2,0:06:00,茨城県北部,36°45.5′N,140°37.5′E,2 km,2.8,震度１,36.75833333,140.625
2012/11/2,0:33:45,栃木県北部,36°53.4′N,139°24.5′E,4 km,2.1,震度１,36.89,139.4083333
2012/11/2,2:25:19,トカラ列島近海,29°12.6′N,129°08.0′E,10 km,3.3,震度２,29.21,129.1333333
2012/11/2,4:45:28,トカラ列島近海,29°11.9′N,129°06.7′E,6 km,2.7,震度１,29.19833333,129.1116667
2012/11/2,14:37:27,福島県浜通り,37°07.4′N,140°48.9′E,4 km,1.8,震度１,37.12333333,140.815
2012/11/2,16:23:55,青森県東方沖,41°07.0′N,141°38.0′E,76 km,3.1,震度１,41.11666667,141.6333333
2012/11/2,19:54:53,福島県沖,37°01.6′N,141°04.1′E,61 km,3.4,震度１,37.02666667,141.0683333
2012/11/2,20:54:07,千葉県東方沖,35°47.2′N,140°53.8′E,12 km,3.2,震度１,35.78666667,140.8966667
2012/11/3,0:34:14,千葉県東方沖,35°42.0′N,140°55.5′E,12 km,3.3,震度１,35.7,140.925
2012/11/3,2:56:07,北海道東方沖,43°22.0′N,146°45.9′E,36 km,4,震度１,43.36666667,146.765
2012/11/3,7:34:17,福島県沖,37°37.0′N,141°44.9′E,29 km,5,震度４,37.61666667,141.7483333
2012/11/3,11:01:21,千葉県北西部,35°35.2′N,140°06.3′E,69 km,3.3,震度１,35.58666667,140.105
2012/11/4,1:56:36,日向灘,31°32.1′N,131°52.2′E,24 km,3.8,震度１,31.535,131.87
2012/11/4,3:50:29,東京都多摩東部,35°38.6′N,139°25.8′E,31 km,3.3,震度２,35.64333333,139.43
2012/11/4,7:35:56,根室半島南東沖,43°02.5′N,146°48.2′E,61 km,4,震度１,43.04166667,146.8033333
2012/11/4,15:43:31,宮城県沖,38°49.9′N,141°37.2′E,72 km,3.1,震度１,38.83166667,141.62
2012/11/4,18:03:09,宮城県沖,38°26.9′N,142°07.7′E,32 km,3.5,震度１,38.44833333,142.1283333
2012/11/5,3:33:32,長崎県南西部,32°54.0′N,129°59.2′E,13 km,2.3,震度１,32.9,129.9866667
2012/11/5,5:49:52,茨城県沖,36°19.8′N,140°57.1′E,38 km,4.3,震度３,36.33,140.9516667
2012/11/5,5:51:29,長崎県南西部,32°53.9′N,129°59.4′E,13 km,2.4,震度２,32.89833333,129.99
2012/11/5,6:38:05,東京湾,35°37.1′N,140°00.8′E,69 km,2.9,震度１,35.61833333,140.0133333
2012/11/5,13:30:26,三陸沖,37°50.8′N,143°39.2′E,47 km,5.7,震度２,37.84666667,143.6533333
2012/11/5,21:01:43,千葉県東方沖,35°38.9′N,140°52.1′E,28 km,3.3,震度１,35.64833333,140.8683333
2012/11/5,21:58:44,沖縄本島近海,27°17.9′N,128°26.7′E,48 km,3.1,震度１,27.29833333,128.445
2012/11/6,3:20:21,大分県南部,33°01.4′N,131°54.9′E,50 km,2.8,震度１,33.02333333,131.915
2012/11/6,6:59:03,茨城県沖,36°38.6′N,141°07.5′E,48 km,4.1,震度２,36.64333333,141.125
2012/11/6,8:46:03,茨城県南部,36°00.2′N,139°57.2′E,43 km,3.3,震度２,36.00333333,139.9533333
2012/11/6,9:07:15,長崎県南西部,32°54.0′N,129°59.2′E,12 km,2.6,震度２,32.9,129.9866667
2012/11/6,15:20:33,長崎県南西部,32°54.1′N,129°59.3′E,12 km,2.1,震度１,32.90166667,129.9883333
2012/11/6,17:08:58,三重県北部,34°54.5′N,136°28.2′E,13 km,2.1,震度１,34.90833333,136.47
2012/11/7,0:01:44,千葉県東方沖,35°45.5′N,140°59.3′E,13 km,4.3,震度３,35.75833333,140.9883333
2012/11/7,0:03:47,千葉県東方沖,35°45.9′N,140°59.0′E,13 km,4.1,震度１,35.765,140.9833333
2012/11/7,1:44:03,茨城県沖,36°20.4′N,140°55.8′E,37 km,2.9,震度１,36.34,140.93
2012/11/7,8:08:10,根室半島南東沖,43°06.8′N,145°58.6′E,50 km,3.7,震度１,43.11333333,145.9766667
2012/11/7,9:54:49,福島県沖,36°56.0′N,141°22.6′E,40 km,4.3,震度２,36.93333333,141.3766667
2012/11/7,10:17:40,津軽海峡,41°24.9′N,141°20.4′E,88 km,3.1,震度１,41.415,141.34
2012/11/7,15:39:31,茨城県沖,36°37.1′N,140°59.0′E,47 km,3.1,震度１,36.61833333,140.9833333
2012/11/7,16:24:36,千葉県東方沖,35°45.3′N,140°58.6′E,13 km,3.2,震度１,35.755,140.9766667
2012/11/7,20:22:41,長崎県南西部,32°54.0′N,129°59.6′E,13 km,2.3,震度１,32.9,129.9933333
2012/11/8,0:17:11,福島県沖,36°41.4′N,141°59.6′E,37 km,4.2,震度１,36.69,141.9933333
2012/11/8,5:15:14,宮城県沖,38°51.8′N,141°38.2′E,61 km,3.4,震度２,38.86333333,141.6366667
2012/11/8,7:36:31,福島県沖,37°37.6′N,141°50.9′E,27 km,4.2,震度１,37.62666667,141.8483333
2012/11/8,8:52:08,秋田県沖,39°40.6′N,139°01.2′E,23 km,4.1,震度１,39.67666667,139.02
2012/11/8,8:54:30,福島県浜通り,37°00.3′N,140°41.9′E,11 km,4.2,震度２,37.005,140.6983333
2012/11/8,14:58:54,岩手県沖,39°52.5′N,142°09.7′E,47 km,3.9,震度２,39.875,142.1616667
2012/11/8,17:59:57,茨城県北部,36°40.4′N,140°37.2′E,7 km,3.1,震度１,36.67333333,140.62
2012/11/8,19:12:17,駿河湾,34°47.4′N,138°26.8′E,22 km,3.4,震度１,34.79,138.4466667
2012/11/8,20:07:25,宮城県沖,38°36.9′N,141°54.3′E,48 km,3.6,震度２,38.615,141.905
2012/11/9,12:51:53,福島県沖,36°52.6′N,141°22.7′E,33 km,5.5,震度４,36.87666667,141.3783333
2012/11/9,12:55:00,福島県沖,36°52.8′N,141°21.0′E,33 km,3.9,震度１,36.88,141.35
2012/11/9,13:06:06,福島県沖,36°52.2′N,141°21.2′E,35 km,4.2,震度２,36.87,141.3533333
2012/11/9,13:49:42,福島県沖,36°52.6′N,141°21.3′E,31 km,4.1,震度１,36.87666667,141.355
2012/11/9,22:22:26,福島県沖,37°20.5′N,141°21.0′E,49 km,4.1,震度２,37.34166667,141.35
2012/11/9,23:11:48,日高地方中部,42°15.9′N,142°35.5′E,6 km,2.1,震度１,42.265,142.5916667
2012/11/10,0:30:20,千葉県北西部,35°30.2′N,140°03.9′E,38 km,2.9,震度１,35.50333333,140.065
2012/11/10,6:30:22,岩手県沖,39°13.3′N,142°23.0′E,33 km,4,震度１,39.22166667,142.3833333
2012/11/10,7:35:14,宮城県北部,38°51.9′N,141°34.3′E,76 km,4.3,震度３,38.865,141.5716667
2012/11/10,11:26:40,宗谷地方北部,45°02.9′N,141°49.7′E,28 km,3,震度１,45.04833333,141.8283333
2012/11/10,11:47:42,千葉県南東沖,34°34.1′N,140°20.1′E,59 km,3.4,震度１,34.56833333,140.335
2012/11/10,18:41:56,福島県浜通り,37°06.0′N,140°51.4′E,9 km,2.4,震度１,37.1,140.8566667
2012/11/10,21:35:48,福島県沖,36°53.3′N,141°22.6′E,32 km,4.4,震度２,36.88833333,141.3766667
2012/11/11,11:43:29,宮崎県南部山沿い,31°53.0′N,131°04.9′E,9 km,2.6,震度１,31.88333333,131.0816667
2012/11/11,13:59:31,千葉県北東部,35°44.1′N,140°51.4′E,12 km,3.7,震度２,35.735,140.8566667
2012/11/11,14:15:53,福島県沖,37°35.0′N,141°38.3′E,77 km,4.5,震度３,37.58333333,141.6383333
2012/11/11,15:03:14,宮城県沖,38°38.2′N,141°54.2′E,48 km,3.8,震度１,38.63666667,141.9033333
2012/11/11,17:52:13,福島県沖,37°04.6′N,141°22.6′E,31 km,3.7,震度１,37.07666667,141.3766667
2012/11/11,21:01:41,新島・神津島近海,34°23.4′N,139°11.9′E,8 km,2.4,震度１,34.39,139.1983333
2012/11/11,22:29:53,宮城県沖,38°12.8′N,141°51.6′E,63 km,3.4,震度１,38.21333333,141.86
2012/11/12,0:12:17,茨城県北部,36°38.1′N,140°39.6′E,14 km,3,震度１,36.635,140.66
2012/11/12,0:23:10,千葉県東方沖,35°41.6′N,140°59.9′E,15 km,3.1,震度１,35.69333333,140.9983333
2012/11/12,5:13:48,宮城県沖,38°18.7′N,141°35.4′E,21 km,3.2,震度１,38.31166667,141.59
2012/11/12,9:19:02,栃木県北部,36°37.4′N,139°28.9′E,4 km,2.9,震度１,36.62333333,139.4816667
2012/11/12,9:32:35,岩手県沖,39°38.0′N,142°06.5′E,48 km,3.9,震度１,39.63333333,142.1083333
2012/11/12,19:15:25,宮古島近海,25°11.4′N,124°54.8′E,5 km,4.8,震度２,25.19,124.9133333
2012/11/12,20:15:07,鳥島近海,29°40.8′N,138°29.7′E,521 km,5.9,震度１,29.68,138.495
2012/11/13,1:36:05,茨城県沖,36°45.7′N,141°12.9′E,36 km,3.3,震度１,36.76166667,141.215
2012/11/13,6:09:03,宮城県沖,38°33.2′N,141°41.4′E,54 km,2.7,震度１,38.55333333,141.69
2012/11/13,13:02:21,静岡県西部,35°02.3′N,137°45.8′E,12 km,2.8,震度１,35.03833333,137.7633333
2012/11/13,21:07:55,福島県沖,36°53.2′N,141°22.0′E,33 km,3.8,震度１,36.88666667,141.3666667
2012/11/13,21:59:46,宮城県沖,38°41.8′N,141°47.8′E,53 km,3.1,震度２,38.69666667,141.7966667
2012/11/13,23:46:11,茨城県沖,36°50.3′N,141°21.5′E,27 km,3.8,震度１,36.83833333,141.3583333
2012/11/14,2:58:55,茨城県沖,36°39.7′N,141°07.0′E,16 km,4.2,震度１,36.66166667,141.1166667
2012/11/14,4:34:38,茨城県沖,36°50.5′N,141°20.3′E,33 km,3.8,震度１,36.84166667,141.3383333
2012/11/14,8:14:13,千葉県北東部,35°50.7′N,140°33.3′E,37 km,2.9,震度１,35.845,140.555
2012/11/14,10:33:38,千葉県東方沖,35°31.1′N,140°57.9′E,41 km,3.4,震度１,35.51833333,140.965
2012/11/14,18:20:01,宮崎県南部山沿い,31°52.8′N,131°04.7′E,9 km,3.2,震度２,31.88,131.0783333
2012/11/14,19:21:19,和歌山県北部,34°13.9′N,135°13.7′E,4 km,1.9,震度１,34.23166667,135.2283333
2012/11/14,23:17:16,父島近海,26°35.5′N,142°11.4′E,44 km,3.9,震度１,26.59166667,142.19
2012/11/15,2:19:25,茨城県沖,36°25.2′N,141°00.2′E,17 km,4.5,震度２,36.42,141.0033333
2012/11/15,8:24:26,茨城県沖,36°43.5′N,141°15.4′E,31 km,3.4,震度１,36.725,141.2566667
2012/11/15,9:15:41,熊本県阿蘇地方,33°02.4′N,131°09.7′E,9 km,3.2,震度２,33.04,131.1616667
2012/11/15,14:37:06,千葉県東方沖,35°41.7′N,140°58.4′E,14 km,3.2,震度１,35.695,140.9733333
2012/11/15,17:14:57,岐阜県飛騨地方,36°05.3′N,137°33.3′E,5 km,2.5,震度１,36.08833333,137.555
2012/11/15,18:19:45,茨城県北部,36°29.2′N,140°35.6′E,62 km,2.8,震度１,36.48666667,140.5933333
2012/11/15,21:05:34,福島県沖,37°05.6′N,141°02.5′E,69 km,3.7,震度２,37.09333333,141.0416667
2012/11/15,23:54:35,福島県沖,36°52.0′N,141°21.9′E,35 km,4.1,震度１,36.86666667,141.365
2012/11/16,10:25:10,宮崎県南部山沿い,31°40.2′N,131°05.0′E,2 km,2,震度１,31.67,131.0833333
2012/11/16,14:20:50,秋田県内陸北部,40°02.4′N,140°31.7′E,8 km,3.5,震度２,40.04,140.5283333
2012/11/16,15:57:59,能登半島沖,37°09.6′N,136°33.5′E,10 km,3.6,震度３,37.16,136.5583333
2012/11/16,17:25:54,千葉県東方沖,35°21.4′N,141°13.7′E,30 km,5.5,震度３,35.35666667,141.2283333
2012/11/16,21:41:06,宮城県沖,38°53.3′N,141°58.1′E,50 km,3.9,震度２,38.88833333,141.9683333
2012/11/17,3:24:49,青森県東方沖,41°03.5′N,142°49.9′E,16 km,4.3,震度１,41.05833333,142.8316667
2012/11/17,4:24:43,宮城県沖,38°52.9′N,141°59.0′E,49 km,3.3,震度１,38.88166667,141.9833333
2012/11/17,7:00:49,岐阜県飛騨地方,35°59.5′N,137°14.5′E,7 km,3.1,震度２,35.99166667,137.2416667
2012/11/17,14:40:54,茨城県沖,36°25.7′N,140°39.2′E,53 km,3.7,震度２,36.42833333,140.6533333
2012/11/17,17:13:00,京都府南部,35°15.9′N,135°29.3′E,7 km,3.9,震度３,35.265,135.4883333
2012/11/18,0:03:59,千葉県南東沖,34°33.0′N,140°08.8′E,66 km,3.9,震度１,34.55,140.1466667
2012/11/18,1:41:14,岩手県沖,40°07.5′N,142°05.4′E,37 km,2.9,震度１,40.125,142.09
2012/11/18,11:29:28,宮城県沖,38°10.6′N,141°40.5′E,50 km,3.7,震度１,38.17666667,141.675
2012/11/18,12:42:30,栃木県北部,36°37.7′N,139°25.7′E,9 km,2.7,震度１,36.62833333,139.4283333
2012/11/18,14:52:03,山梨県東部・富士五湖,35°30.6′N,138°56.9′E,20 km,3,震度１,35.51,138.9483333
2012/11/18,22:02:34,紀伊水道,33°52.4′N,134°44.1′E,38 km,2.6,震度１,33.87333333,134.735
2012/11/18,22:11:40,宮城県沖,38°24.4′N,142°09.5′E,32 km,4.1,震度１,38.40666667,142.1583333
2012/11/18,23:51:42,釧路沖,42°46.6′N,144°22.0′E,50 km,3.3,震度１,42.77666667,144.3666667
2012/11/19,5:01:43,福島県沖,37°20.9′N,141°34.1′E,29 km,4.2,震度１,37.34833333,141.5683333
2012/11/19,10:07:56,根室半島南東沖,43°03.8′N,145°49.2′E,64 km,4.1,震度２,43.06333333,145.82
2012/11/19,10:37:34,十勝沖,42°46.4′N,143°56.5′E,103 km,4.1,震度２,42.77333333,143.9416667
2012/11/19,15:46:13,大分県西部,33°05.9′N,131°13.7′E,5 km,3.3,震度２,33.09833333,131.2283333
2012/11/19,19:00:54,福島県沖,37°18.2′N,142°25.9′E,73 km,4.2,震度１,37.30333333,142.4316667
2012/11/20,0:20:55,岩手県沖,39°08.5′N,142°22.8′E,35 km,3.8,震度１,39.14166667,142.38
2012/11/20,1:22:48,新潟県上中越沖,37°36.9′N,138°34.7′E,17 km,3.5,震度２,37.615,138.5783333
2012/11/20,9:56:30,千葉県東方沖,35°47.9′N,140°56.8′E,31 km,2.9,震度１,35.79833333,140.9466667
2012/11/20,17:40:00,沖縄本島近海,27°26.6′N,128°37.0′E,45 km,3.3,震度１,27.44333333,128.6166667
2012/11/20,21:23:13,宮城県沖,38°32.0′N,141°43.1′E,53 km,3.7,震度２,38.53333333,141.7183333
2012/11/21,0:52:46,静岡県西部,34°51.1′N,137°55.8′E,15 km,2.7,震度１,34.85166667,137.93
2012/11/21,3:55:23,福島県浜通り,37°14.4′N,140°54.9′E,7 km,2.7,震度１,37.24,140.915
2012/11/21,5:04:00,静岡県西部,34°50.9′N,137°56.1′E,15 km,2.7,震度１,34.84833333,137.935
2012/11/21,6:59:42,十勝地方北部,43°27.0′N,144°00.5′E,0 km,1.6,震度１,43.45,144.0083333
2012/11/21,8:19:32,静岡県西部,34°50.9′N,137°56.1′E,15 km,3.2,震度１,34.84833333,137.935
2012/11/21,9:02:19,岩手県沖,39°38.1′N,142°06.6′E,49 km,4.1,震度３,39.635,142.11
2012/11/21,9:22:11,北海道東方沖,43°51.7′N,147°46.4′E,86 km,4.6,震度１,43.86166667,147.7733333
2012/11/21,20:38:52,和歌山県北部,34°00.7′N,135°16.3′E,7 km,2.5,震度１,34.01166667,135.2716667
2012/11/22,2:42:38,宮城県沖,38°31.7′N,141°48.8′E,50 km,5,震度４,38.52833333,141.8133333
2012/11/22,5:19:16,岐阜県飛騨地方,36°08.6′N,137°25.3′E,5 km,2.6,震度１,36.14333333,137.4216667
2012/11/22,19:10:46,岩手県沿岸北部,39°34.0′N,141°58.8′E,34 km,3.8,震度２,39.56666667,141.98
2012/11/22,23:19:31,千葉県南部,35°11.7′N,140°04.6′E,85 km,4.2,震度２,35.195,140.0766667
2012/11/23,3:33:35,茨城県沖,36°50.7′N,141°05.1′E,28 km,3.6,震度１,36.845,141.085
2012/11/23,4:56:07,瀬戸内海中部,34°02.7′N,133°12.4′E,15 km,3.4,震度１,34.045,133.2066667
2012/11/23,8:26:48,岩手県沖,39°08.7′N,142°18.1′E,47 km,4.7,震度３,39.145,142.3016667
2012/11/23,12:45:31,岩手県沖,39°14.3′N,142°04.7′E,43 km,3.6,震度１,39.23833333,142.0783333
2012/11/23,20:33:48,新潟県中越地方,37°32.2′N,138°49.3′E,16 km,2.6,震度１,37.53666667,138.8216667
2012/11/23,21:16:48,岩手県沖,39°08.8′N,142°18.3′E,47 km,4,震度２,39.14666667,142.305
2012/11/23,21:36:38,福島県沖,37°08.0′N,141°59.9′E,41 km,4.3,震度１,37.13333333,141.9983333
2012/11/24,0:37:23,釧路沖,42°22.2′N,144°23.3′E,58 km,4.2,震度１,42.37,144.3883333
2012/11/24,0:51:48,茨城県南部,36°04.0′N,139°52.6′E,45 km,4.4,震度３,36.06666667,139.8766667
2012/11/24,5:21:29,宮城県沖,38°12.5′N,141°47.3′E,57 km,5.2,震度４,38.20833333,141.7883333
2012/11/24,10:30:00,宮城県沖,38°12.9′N,141°47.3′E,56 km,4.8,震度４,38.215,141.7883333
2012/11/24,11:48:58,静岡県西部,34°51.4′N,137°53.1′E,33 km,3.6,震度２,34.85666667,137.885
2012/11/24,13:12:56,奄美大島近海,28°18.2′N,129°34.8′E,33 km,2.9,震度１,28.30333333,129.58
2012/11/24,17:59:47,東京湾,35°38.2′N,140°01.0′E,72 km,4.8,震度４,35.63666667,140.0166667
2012/11/24,19:46:28,福島県沖,37°12.0′N,141°42.5′E,75 km,3.7,震度１,37.2,141.7083333
2012/11/24,20:17:08,福島県会津,37°40.6′N,139°56.2′E,9 km,2.4,震度１,37.67666667,139.9366667
2012/11/25,2:34:38,福島県沖,37°02.3′N,141°22.8′E,31 km,3.6,震度１,37.03833333,141.38
2012/11/25,2:40:23,千葉県東方沖,35°33.7′N,141°04.9′E,37 km,3.8,震度２,35.56166667,141.0816667
2012/11/25,4:54:13,橘湾,32°43.3′N,130°05.4′E,15 km,2.7,震度１,32.72166667,130.09
2012/11/26,18:29:11,宮城県沖,38°40.3′N,141°48.5′E,47 km,3.3,震度１,38.67166667,141.8083333
2012/11/26,18:39:03,奄美大島近海,27°46.4′N,128°33.3′E,64 km,3.7,震度１,27.77333333,128.555
2012/11/27,3:20:39,岩手県沖,39°20.4′N,142°04.6′E,48 km,3.9,震度２,39.34,142.0766667
2012/11/27,6:12:03,茨城県沖,36°09.8′N,141°00.7′E,44 km,3.6,震度１,36.16333333,141.0116667
2012/11/27,6:18:29,茨城県北部,36°41.1′N,140°35.8′E,9 km,2.8,震度１,36.685,140.5966667
2012/11/27,7:24:20,宮古島近海,24°48.7′N,125°22.5′E,48 km,4.3,震度３,24.81166667,125.375
2012/11/27,13:36:54,岩手県沿岸北部,39°45.5′N,141°51.2′E,58 km,3.6,震度１,39.75833333,141.8533333
2012/11/27,18:55:33,宮城県沖,38°18.5′N,141°53.1′E,62 km,4,震度２,38.30833333,141.885
2012/11/27,20:27:40,宮古島近海,24°44.5′N,125°26.1′E,47 km,3.7,震度１,24.74166667,125.435
2012/11/27,20:54:20,岩手県内陸南部,39°30.6′N,140°45.0′E,9 km,3.3,震度１,39.51,140.75
2012/11/28,0:11:10,茨城県沖,36°44.4′N,141°02.5′E,42 km,3.8,震度２,36.74,141.0416667
2012/11/28,5:17:48,茨城県沖,36°37.0′N,141°03.0′E,28 km,3.9,震度１,36.61666667,141.05
2012/11/28,7:55:29,長野県中部,36°25.3′N,138°02.9′E,5 km,1.8,震度１,36.42166667,138.0483333
2012/11/28,16:48:14,岩手県沖,39°12.6′N,142°23.6′E,31 km,3.8,震度１,39.21,142.3933333
2012/11/28,19:23:06,浦河沖,41°37.4′N,142°59.8′E,29 km,3.9,震度２,41.62333333,142.9966667
2012/11/28,21:58:11,長野県南部,35°46.0′N,137°33.6′E,10 km,3.2,震度２,35.76666667,137.56
2012/11/29,0:07:44,父島近海,27°21.0′N,142°58.5′E,81 km,5.3,震度１,27.35,142.975
2012/11/29,0:52:03,岩手県沖,39°08.6′N,142°18.0′E,47 km,3.3,震度１,39.14333333,142.3
2012/11/29,20:02:03,広島県北部,35°01.7′N,132°54.6′E,6 km,1.9,震度１,35.02833333,132.91
2012/11/29,21:36:09,宮城県沖,38°23.1′N,141°16.4′E,70 km,3.2,震度１,38.385,141.2733333
2012/11/29,21:53:08,浦河沖,41°42.9′N,142°47.7′E,35 km,3.9,震度１,41.715,142.795
2012/11/30,2:10:39,茨城県沖,36°33.6′N,140°50.3′E,13 km,3.6,震度２,36.56,140.8383333
2012/11/30,13:21:18,鹿児島県薩摩地方,32°08.3′N,130°21.3′E,8 km,2.6,震度１,32.13833333,130.355
2012/11/30,15:41:32,宮城県沖,38°02.1′N,142°42.0′E,30 km,4.3,震度１,38.035,142.7
2012/12/1,0:02:17,豊後水道,32°47.8′N,132°23.5′E,38 km,3.2,震度１,32.79666667,132.3916667
2012/12/1,2:18:51,北海道東方沖,43°37.3′N,147°14.8′E,34 km,4.4,震度１,43.62166667,147.2466667
2012/12/1,12:00:42,山梨県東部・富士五湖,35°33.0′N,138°56.3′E,24 km,3.1,震度１,35.55,138.9383333
2012/12/1,12:58:36,宮古島近海,25°01.1′N,125°19.9′E,61 km,3.8,震度１,25.01833333,125.3316667
2012/12/1,16:06:09,福島県会津,37°05.1′N,139°20.8′E,8 km,2.4,震度１,37.085,139.3466667
2012/12/1,16:57:35,岩手県沿岸南部,39°23.5′N,141°48.2′E,58 km,3,震度１,39.39166667,141.8033333
2012/12/2,12:08:47,父島近海,27°33.4′N,142°22.0′E,40 km,4.2,震度１,27.55666667,142.3666667
2012/12/2,16:00:52,千葉県北東部,35°44.2′N,140°37.3′E,50 km,3.3,震度１,35.73666667,140.6216667
2012/12/2,16:29:04,伊予灘,33°20.2′N,131°49.0′E,70 km,3.9,震度２,33.33666667,131.8166667
2012/12/2,21:58:43,福島県浜通り,37°03.8′N,140°45.9′E,9 km,2.8,震度１,37.06333333,140.765
2012/12/3,13:14:07,宮城県沖,38°37.0′N,141°53.9′E,48 km,4,震度２,38.61666667,141.8983333
2012/12/3,13:57:16,茨城県沖,36°20.5′N,140°43.6′E,91 km,4.3,震度３,36.34166667,140.7266667
2012/12/3,14:17:13,茨城県沖,36°35.2′N,141°11.1′E,29 km,4.3,震度３,36.58666667,141.185
2012/12/3,17:46:33,奈良県,34°02.7′N,135°37.6′E,59 km,3.7,震度２,34.045,135.6266667
2012/12/3,19:06:35,北海道南西沖,42°29.9′N,139°44.8′E,13 km,2.9,震度１,42.49833333,139.7466667
2012/12/3,19:38:41,福島県沖,36°53.3′N,141°21.8′E,30 km,3.9,震度１,36.88833333,141.3633333
2012/12/3,23:29:32,奄美大島近海,28°07.9′N,129°33.2′E,31 km,4.2,震度２,28.13166667,129.5533333
2012/12/3,23:57:40,東京湾,35°39.2′N,139°58.0′E,9 km,2.7,震度１,35.65333333,139.9666667
2012/12/4,0:30:52,大阪府北部,34°52.4′N,135°37.2′E,10 km,2.3,震度１,34.87333333,135.62
2012/12/4,2:48:27,根室半島南東沖,43°08.3′N,145°56.6′E,47 km,4.3,震度２,43.13833333,145.9433333
2012/12/4,3:53:37,紀伊水道,34°08.1′N,135°07.8′E,6 km,1.9,震度１,34.135,135.13
2012/12/4,5:31:11,秋田県内陸南部,39°33.9′N,140°29.4′E,9 km,4.1,震度４,39.565,140.49
2012/12/4,12:56:13,宮城県沖,38°23.0′N,141°55.0′E,48 km,3.4,震度１,38.38333333,141.9166667
2012/12/4,14:39:05,神奈川県西部,35°18.8′N,139°04.5′E,164 km,3.8,震度１,35.31333333,139.075
2012/12/4,19:42:04,大阪府北部,34°52.4′N,135°37.2′E,10 km,2.5,震度１,34.87333333,135.62
2012/12/5,3:24:57,茨城県北部,36°49.1′N,140°34.7′E,8 km,3.3,震度１,36.81833333,140.5783333
2012/12/5,6:52:07,浦河沖,41°54.9′N,142°19.5′E,69 km,4.4,震度２,41.915,142.325
2012/12/5,7:40:40,福島県沖,37°03.5′N,141°22.1′E,32 km,3.5,震度１,37.05833333,141.3683333
2012/12/5,8:02:53,新潟県中越地方,37°14.8′N,138°56.6′E,11 km,4.1,震度３,37.24666667,138.9433333
2012/12/5,10:10:48,北海道東方沖,43°55.8′N,147°48.2′E,94 km,5,震度１,43.93,147.8033333
2012/12/5,12:42:59,秋田県内陸南部,39°33.9′N,140°29.8′E,8 km,2.8,震度１,39.565,140.4966667
2012/12/5,14:00:43,秋田県内陸南部,39°33.9′N,140°29.9′E,8 km,2.8,震度２,39.565,140.4983333
2012/12/6,4:48:24,岩手県沖,39°38.8′N,142°06.5′E,48 km,3.2,震度１,39.64666667,142.1083333
2012/12/6,13:42:16,宮城県沖,38°28.7′N,141°59.1′E,46 km,3.5,震度１,38.47833333,141.985
2012/12/6,16:18:58,福島県沖,37°04.8′N,141°13.5′E,37 km,4,震度２,37.08,141.225
2012/12/6,16:31:54,静岡県東部,35°07.6′N,138°39.2′E,16 km,2.2,震度２,35.12666667,138.6533333
2012/12/6,19:17:35,茨城県沖,36°25.8′N,140°41.5′E,52 km,4.3,震度３,36.43,140.6916667
2012/12/7,5:32:04,千葉県北西部,35°38.9′N,140°10.0′E,67 km,4.6,震度３,35.64833333,140.1666667
2012/12/7,10:03:54,茨城県沖,36°42.2′N,141°14.7′E,33 km,3.9,震度２,36.70333333,141.245
2012/12/7,17:18:31,三陸沖,38°01.1′N,143°52.0′E,49 km,7.3,震度５弱,38.01833333,143.8666667
2012/12/7,17:31:10,三陸沖,37°55.1′N,143°51.3′E,30 km,6.6,震度３,37.91833333,143.855
2012/12/7,17:48:11,三陸沖,37°53.6′N,143°40.3′E,46 km,5.1,震度１,37.89333333,143.6716667
2012/12/7,18:02:18,千葉県東方沖,35°50.1′N,140°58.5′E,16 km,4.2,震度１,35.835,140.975
2012/12/7,18:23:03,三陸沖,37°54.8′N,144°05.1′E,48 km,5.4,震度１,37.91333333,144.085
2012/12/7,18:23:44,茨城県沖,36°42.3′N,141°14.6′E,33 km,4,震度２,36.705,141.2433333
2012/12/7,19:40:27,茨城県沖,36°42.0′N,141°13.9′E,32 km,4.2,震度２,36.7,141.2316667
2012/12/7,20:34:28,釧路沖,42°55.9′N,145°29.0′E,46 km,3.6,震度１,42.93166667,145.4833333
2012/12/7,21:58:04,三陸沖,37°54.9′N,143°39.1′E,45 km,4.9,震度１,37.915,143.6516667
2012/12/8,0:15:30,三陸沖,37°57.3′N,143°38.4′E,13 km,4.7,震度１,37.955,143.64
2012/12/8,4:24:57,青森県東方沖,40°49.7′N,142°57.6′E,5 km,4.6,震度２,40.82833333,142.96
2012/12/8,8:00:00,三陸沖,37°48.8′N,143°42.5′E,44 km,5.2,震度２,37.81333333,143.7083333
2012/12/8,10:33:05,宮城県北部,38°47.2′N,140°42.9′E,3 km,2.4,震度２,38.78666667,140.715
2012/12/8,10:37:43,宮城県南部,38°09.8′N,140°47.9′E,14 km,2.3,震度１,38.16333333,140.7983333
2012/12/8,10:38:59,福島県沖,37°13.1′N,141°51.8′E,45 km,4.2,震度１,37.21833333,141.8633333
2012/12/9,5:28:12,岩手県沖,39°03.5′N,142°28.0′E,31 km,3.8,震度１,39.05833333,142.4666667
2012/12/9,11:34:17,三陸沖,37°52.5′N,143°33.9′E,42 km,5.2,震度１,37.875,143.565
2012/12/9,14:11:05,根室地方中部,43°15.6′N,145°01.9′E,103 km,3.4,震度１,43.26,145.0316667
2012/12/9,14:35:17,沖縄本島近海,26°03.8′N,127°26.6′E,25 km,2.9,震度１,26.06333333,127.4433333
2012/12/9,23:42:16,三陸沖,37°50.6′N,143°53.8′E,50 km,4.8,震度１,37.84333333,143.8966667
2012/12/10,0:59:40,宮城県沖,38°29.8′N,142°04.3′E,39 km,3.5,震度１,38.49666667,142.0716667
2012/12/10,10:15:40,宮城県沖,38°53.3′N,141°58.3′E,49 km,3.7,震度１,38.88833333,141.9716667
2012/12/10,16:12:05,福島県沖,36°55.0′N,141°28.9′E,23 km,3.8,震度１,36.91666667,141.4816667
2012/12/10,17:37:46,岩手県内陸北部,39°56.4′N,140°55.5′E,7 km,2.8,震度１,39.94,140.925
2012/12/10,17:43:44,岩手県内陸北部,39°56.4′N,140°55.5′E,6 km,2.9,震度１,39.94,140.925
2012/12/11,0:06:00,岐阜県飛騨地方,35°52.9′N,137°16.1′E,7 km,2.5,震度１,35.88166667,137.2683333
2012/12/11,7:08:01,福島県沖,37°46.3′N,143°44.4′E,50 km,4.9,震度１,37.77166667,143.74
2012/12/11,23:36:02,千葉県東方沖,35°27.3′N,140°56.7′E,24 km,3.7,震度２,35.455,140.945
2012/12/12,0:48:32,青森県東方沖,40°54.3′N,142°06.6′E,50 km,3.7,震度１,40.905,142.11
2012/12/12,9:19:36,福島県沖,36°59.0′N,141°25.6′E,32 km,4.7,震度３,36.98333333,141.4266667
2012/12/12,15:32:50,京都府南部,35°09.1′N,135°40.8′E,14 km,3.1,震度１,35.15166667,135.68
2012/12/12,16:41:35,新潟県上中越沖,37°37.1′N,138°34.7′E,16 km,3.4,震度２,37.61833333,138.5783333
2012/12/12,18:23:01,茨城県北部,36°42.1′N,140°37.2′E,6 km,3.6,震度２,36.70166667,140.62
2012/12/13,1:02:56,茨城県沖,36°37.7′N,140°57.4′E,49 km,4,震度３,36.62833333,140.9566667
2012/12/13,3:19:09,石川県加賀地方,36°21.1′N,136°26.4′E,7 km,2.6,震度１,36.35166667,136.44
2012/12/13,6:15:36,日高地方東部,42°19.3′N,143°01.2′E,52 km,3.6,震度１,42.32166667,143.02
2012/12/13,9:26:26,宮城県沖,38°27.1′N,142°12.7′E,29 km,3.7,震度１,38.45166667,142.2116667
2012/12/13,18:19:48,岐阜県飛騨地方,36°03.0′N,137°32.8′E,7 km,2.1,震度１,36.05,137.5466667
2012/12/13,20:56:06,千葉県北西部,35°43.0′N,140°12.6′E,68 km,4.2,震度２,35.71666667,140.21
2012/12/13,21:46:52,宮城県沖,38°24.8′N,141°46.9′E,56 km,3.1,震度１,38.41333333,141.7816667
2012/12/14,4:07:01,宮城県北部,38°50.5′N,141°35.6′E,74 km,3.3,震度１,38.84166667,141.5933333
2012/12/14,20:21:00,茨城県北部,36°39.6′N,140°36.6′E,9 km,2.5,震度１,36.66,140.61
2012/12/14,23:19:26,福島県沖,37°11.2′N,141°24.4′E,48 km,3.7,震度１,37.18666667,141.4066667
2012/12/15,0:06:06,静岡県伊豆地方,34°59.3′N,139°00.8′E,6 km,2.2,震度１,34.98833333,139.0133333
2012/12/15,3:46:48,宮城県沖,38°07.4′N,141°30.5′E,63 km,3.9,震度２,38.12333333,141.5083333
2012/12/15,4:41:16,胆振地方中東部,42°37.1′N,141°59.0′E,16 km,2.2,震度１,42.61833333,141.9833333
2012/12/15,5:37:17,宮城県沖,38°38.8′N,142°27.4′E,40 km,4.8,震度２,38.64666667,142.4566667
2012/12/15,7:16:40,宮城県沖,38°39.5′N,142°26.5′E,39 km,3.7,震度１,38.65833333,142.4416667
2012/12/15,10:21:54,岩手県沿岸北部,40°08.1′N,141°47.4′E,7 km,2.4,震度１,40.135,141.79
2012/12/15,11:03:47,千葉県北東部,35°26.7′N,140°16.3′E,16 km,2.8,震度１,35.445,140.2716667
2012/12/15,11:22:18,秋田県内陸北部,40°02.3′N,140°32.5′E,9 km,2.7,震度１,40.03833333,140.5416667
2012/12/15,13:27:02,福島県沖,37°17.8′N,141°20.9′E,59 km,5.3,震度４,37.29666667,141.3483333
2012/12/15,14:46:10,茨城県沖,36°49.3′N,141°12.5′E,32 km,5,震度４,36.82166667,141.2083333
2012/12/15,19:55:22,福島県沖,37°41.7′N,143°40.2′E,53 km,4.7,震度１,37.695,143.67
2012/12/16,6:02:11,奄美大島近海,28°22.7′N,129°29.4′E,35 km,3.8,震度２,28.37833333,129.49
2012/12/16,10:19:39,福島県浜通り,37°00.1′N,140°39.9′E,7 km,3.4,震度１,37.00166667,140.665
2012/12/16,11:17:29,千葉県北西部,35°38.5′N,140°11.0′E,66 km,3.2,震度１,35.64166667,140.1833333
2012/12/16,19:39:08,長野県南部,35°48.7′N,137°59.9′E,9 km,2.9,震度１,35.81166667,137.9983333
2012/12/17,1:24:19,長野県中部,36°24.2′N,138°13.1′E,3 km,1.7,震度１,36.40333333,138.2183333
2012/12/17,4:24:48,福岡県筑後地方,33°23.3′N,130°49.7′E,11 km,2.5,震度１,33.38833333,130.8283333
2012/12/17,6:21:23,千葉県北東部,35°23.5′N,140°21.4′E,28 km,2.5,震度１,35.39166667,140.3566667
2012/12/17,6:34:37,茨城県沖,36°37.6′N,140°48.7′E,22 km,2.9,震度１,36.62666667,140.8116667
2012/12/17,10:31:30,福島県中通り,37°34.7′N,140°17.3′E,8 km,3.7,震度２,37.57833333,140.2883333
2012/12/17,11:32:26,福島県会津,37°45.4′N,139°58.7′E,8 km,3.2,震度１,37.75666667,139.9783333
2012/12/17,12:19:37,北海道東方沖,43°12.1′N,147°07.5′E,31 km,4.2,震度１,43.20166667,147.125
2012/12/17,12:36:57,栃木県北部,36°53.5′N,139°26.1′E,3 km,2.6,震度１,36.89166667,139.435
2012/12/17,13:26:47,栃木県北部,36°53.5′N,139°26.1′E,3 km,2.5,震度１,36.89166667,139.435
2012/12/17,15:16:51,宮城県沖,38°24.5′N,142°09.4′E,31 km,3.6,震度１,38.40833333,142.1566667
2012/12/17,15:19:53,栃木県北部,36°53.5′N,139°26.0′E,3 km,2.7,震度１,36.89166667,139.4333333
2012/12/17,15:30:29,宗谷地方北部,45°03.0′N,141°49.5′E,29 km,3.7,震度２,45.05,141.825
2012/12/17,17:01:17,千葉県東方沖,35°48.6′N,140°53.2′E,10 km,3.6,震度２,35.81,140.8866667
2012/12/17,18:48:01,栃木県北部,36°53.7′N,139°26.1′E,3 km,3.7,震度３,36.895,139.435
2012/12/17,19:17:29,栃木県北部,36°53.5′N,139°26.0′E,3 km,2.6,震度１,36.89166667,139.4333333
2012/12/18,3:46:10,福島県沖,36°51.0′N,141°20.7′E,29 km,4.9,震度２,36.85,141.345
2012/12/18,4:55:53,栃木県北部,36°53.6′N,139°26.1′E,3 km,2.6,震度１,36.89333333,139.435
2012/12/18,6:11:20,岩手県沿岸北部,40°08.0′N,141°47.6′E,6 km,3.5,震度２,40.13333333,141.7933333
2012/12/18,6:33:09,日向灘,32°36.6′N,131°56.8′E,20 km,2.7,震度１,32.61,131.9466667
2012/12/18,8:11:15,千葉県東方沖,35°49.6′N,140°58.2′E,15 km,3.5,震度１,35.82666667,140.97
2012/12/18,12:29:58,福島県会津,36°58.4′N,139°23.6′E,4 km,1.4,震度１,36.97333333,139.3933333
2012/12/18,19:25:48,宮城県沖,38°18.2′N,141°53.6′E,46 km,4.5,震度３,38.30333333,141.8933333
2012/12/19,3:36:22,福島県沖,36°41.7′N,142°06.2′E,35 km,5.1,震度２,36.695,142.1033333
2012/12/19,5:31:38,千葉県北東部,35°41.8′N,140°37.7′E,50 km,3.6,震度２,35.69666667,140.6283333
2012/12/19,6:47:47,岩手県沖,39°45.7′N,142°17.6′E,33 km,3.8,震度２,39.76166667,142.2933333
2012/12/19,8:57:38,徳島県北部,33°58.0′N,134°28.2′E,39 km,3.5,震度２,33.96666667,134.47
2012/12/19,9:15:25,埼玉県北部,36°06.4′N,139°25.4′E,63 km,3.1,震度１,36.10666667,139.4233333
2012/12/19,11:35:35,茨城県沖,36°20.0′N,141°47.2′E,54 km,4.6,震度１,36.33333333,141.7866667
2012/12/19,14:32:40,愛媛県東予,33°59.6′N,133°36.9′E,8 km,2.6,震度１,33.99333333,133.615
2012/12/20,1:08:06,青森県西方沖,40°40.2′N,139°09.3′E,29 km,4.3,震度２,40.67,139.155
2012/12/20,1:40:12,栃木県北部,36°53.3′N,139°26.2′E,2 km,2.5,震度１,36.88833333,139.4366667
2012/12/20,4:26:35,福島県沖,37°27.6′N,141°24.2′E,26 km,4.3,震度２,37.46,141.4033333
2012/12/20,5:04:29,新島・神津島近海,34°25.9′N,139°10.3′E,14 km,2.4,震度１,34.43166667,139.1716667
2012/12/20,5:16:28,茨城県北部,36°10.1′N,140°19.6′E,74 km,4.2,震度３,36.16833333,140.3266667
2012/12/20,7:40:11,三陸沖,39°40.5′N,143°34.1′E,35 km,4.5,震度１,39.675,143.5683333
2012/12/20,8:08:56,栃木県北部,36°53.5′N,139°26.1′E,3 km,2.5,震度１,36.89166667,139.435
2012/12/20,17:27:44,宮城県沖,38°13.4′N,141°59.4′E,43 km,3.3,震度１,38.22333333,141.99
2012/12/20,19:54:21,十勝沖,41°55.6′N,144°03.5′E,57 km,4.4,震度１,41.92666667,144.0583333
2012/12/21,0:31:15,福島県沖,37°06.7′N,141°06.3′E,53 km,4.1,震度３,37.11166667,141.105
2012/12/21,10:32:15,福島県沖,37°21.2′N,141°18.2′E,32 km,3.4,震度２,37.35333333,141.3033333
2012/12/21,14:09:22,茨城県北部,36°39.6′N,140°36.4′E,9 km,2.6,震度１,36.66,140.6066667
2012/12/21,14:43:14,宮城県沖,38°00.0′N,141°49.3′E,45 km,3.9,震度１,38,141.8216667
2012/12/21,16:19:20,熊本県熊本地方,33°01.1′N,130°44.4′E,11 km,2.6,震度１,33.01833333,130.74
2012/12/21,16:42:25,福島県沖,37°46.9′N,141°41.1′E,48 km,3.8,震度１,37.78166667,141.685
2012/12/21,17:07:20,宮城県沖,38°38.5′N,141°48.8′E,48 km,5.2,震度４,38.64166667,141.8133333
2012/12/21,18:52:26,長野県北部,36°49.1′N,138°41.6′E,5 km,3.7,震度２,36.81833333,138.6933333
2012/12/21,21:52:33,宮城県沖,38°30.2′N,141°55.9′E,55 km,3.9,震度２,38.50333333,141.9316667
2012/12/22,1:19:04,静岡県中部,34°52.9′N,138°12.4′E,33 km,3.4,震度１,34.88166667,138.2066667
2012/12/22,5:01:59,福岡県筑後地方,33°01.5′N,130°30.3′E,9 km,2.5,震度１,33.025,130.505
2012/12/22,7:01:20,青森県東方沖,41°33.0′N,142°04.2′E,65 km,3.5,震度１,41.55,142.07
2012/12/22,11:36:47,千葉県南部,35°16.6′N,140°11.5′E,35 km,3.7,震度２,35.27666667,140.1916667
2012/12/22,14:20:59,長崎県南西部,32°41.5′N,129°54.4′E,14 km,2.3,震度２,32.69166667,129.9066667
2012/12/22,15:15:30,伊予灘,33°31.1′N,132°18.0′E,47 km,4.5,震度３,33.51833333,132.3
2012/12/22,15:17:18,伊予灘,33°31.3′N,132°17.7′E,46 km,3.5,震度１,33.52166667,132.295
2012/12/22,15:20:23,青森県東方沖,41°18.5′N,142°40.0′E,36 km,4.4,震度１,41.30833333,142.6666667
2012/12/22,15:32:50,宮城県沖,38°27.0′N,142°00.4′E,43 km,3.9,震度２,38.45,142.0066667
2012/12/22,17:40:41,福島県沖,37°15.8′N,141°30.4′E,48 km,3.3,震度１,37.26333333,141.5066667
2012/12/23,11:48:11,岐阜県飛騨地方,35°40.2′N,137°07.4′E,8 km,2.5,震度１,35.67,137.1233333
2012/12/23,18:13:30,豊後水道,32°51.2′N,132°07.6′E,38 km,3,震度１,32.85333333,132.1266667
2012/12/23,20:58:17,福島県浜通り,37°11.6′N,140°53.3′E,9 km,3.3,震度１,37.19333333,140.8883333
2012/12/24,0:32:55,宮城県沖,38°20.2′N,141°50.6′E,47 km,3.2,震度１,38.33666667,141.8433333
2012/12/24,4:34:08,福島県沖,37°08.9′N,141°14.5′E,32 km,3.3,震度１,37.14833333,141.2416667
2012/12/24,6:51:58,宮古島近海,24°49.5′N,125°22.2′E,49 km,3.6,震度１,24.825,125.37
2012/12/24,12:13:33,茨城県南部,35°59.4′N,140°05.3′E,62 km,3.3,震度１,35.99,140.0883333
2012/12/24,16:20:03,徳島県北部,34°00.9′N,134°22.3′E,5 km,2.2,震度１,34.015,134.3716667
2012/12/24,17:42:21,長野県南部,35°51.8′N,137°38.8′E,8 km,2.8,震度１,35.86333333,137.6466667
2012/12/24,19:49:54,四国沖,33°27.0′N,134°20.4′E,30 km,3.4,震度１,33.45,134.34
2012/12/24,20:26:11,長野県北部,36°50.7′N,138°34.2′E,3 km,3.3,震度２,36.845,138.57
2012/12/25,4:21:35,徳島県南部,33°55.3′N,134°26.9′E,40 km,2.9,震度１,33.92166667,134.4483333
2012/12/25,4:47:54,トカラ列島近海,29°49.3′N,129°47.1′E,11 km,2.3,震度１,29.82166667,129.785
2012/12/25,6:54:48,福島県沖,36°54.8′N,141°24.9′E,31 km,4.2,震度１,36.91333333,141.415
2012/12/25,11:33:05,紀伊水道,34°09.2′N,135°10.2′E,7 km,2.5,震度１,34.15333333,135.17
2012/12/25,17:23:39,福島県沖,37°05.8′N,141°17.3′E,54 km,3.4,震度１,37.09666667,141.2883333
2012/12/25,21:25:58,奄美大島北東沖,29°20.2′N,129°55.7′E,59 km,4,震度１,29.33666667,129.9283333
2012/12/26,0:58:55,空知地方中部,43°40.0′N,141°40.9′E,7 km,2.2,震度１,43.66666667,141.6816667
2012/12/26,2:08:14,東海道南方沖,32°05.3′N,138°12.0′E,397 km,5.1,震度１,32.08833333,138.2
2012/12/26,3:44:39,岐阜県美濃中西部,35°45.9′N,136°56.2′E,13 km,3.1,震度１,35.765,136.9366667
2012/12/26,4:59:06,岩手県沖,40°04.6′N,142°00.9′E,65 km,4.1,震度３,40.07666667,142.015
2012/12/26,11:30:50,宮城県沖,38°42.0′N,141°59.9′E,52 km,3.5,震度１,38.7,141.9983333
2012/12/26,12:09:42,福島県浜通り,37°05.3′N,140°51.3′E,10 km,2.5,震度１,37.08833333,140.855
2012/12/26,16:20:53,千葉県東方沖,35°47.2′N,140°55.6′E,14 km,3.6,震度１,35.78666667,140.9266667
2012/12/26,20:44:41,長野県北部,36°48.8′N,138°41.8′E,5 km,3.8,震度２,36.81333333,138.6966667
2012/12/27,4:01:00,福島県沖,37°31.1′N,141°27.5′E,49 km,3.5,震度１,37.51833333,141.4583333
2012/12/27,5:07:49,宮城県沖,38°38.1′N,141°54.3′E,48 km,3.6,震度１,38.635,141.905
2012/12/27,6:17:29,千葉県東方沖,35°51.4′N,140°54.3′E,34 km,3.6,震度２,35.85666667,140.905
2012/12/27,15:25:36,新島・神津島近海,34°20.7′N,139°14.8′E,3 km,1.9,震度１,34.345,139.2466667
2012/12/27,15:27:55,新島・神津島近海,34°20.9′N,139°14.3′E,3 km,1.8,震度１,34.34833333,139.2383333
2012/12/27,15:45:17,新島・神津島近海,34°20.8′N,139°14.0′E,2 km,1.9,震度１,34.34666667,139.2333333
2012/12/27,18:03:25,茨城県北部,36°51.7′N,140°39.2′E,9 km,3.1,震度１,36.86166667,140.6533333
2012/12/27,19:49:19,和歌山県北部,34°15.1′N,135°25.4′E,7 km,2.4,震度１,34.25166667,135.4233333
2012/12/28,16:30:01,茨城県北部,36°27.2′N,140°36.2′E,56 km,4,震度３,36.45333333,140.6033333
2012/12/28,20:31:32,福島県会津,37°43.7′N,140°00.8′E,8 km,3.3,震度１,37.72833333,140.0133333
2012/12/28,21:53:14,宮城県沖,38°52.7′N,142°04.6′E,46 km,3.3,震度１,38.87833333,142.0766667
2012/12/28,22:35:36,青森県三八上北地方,40°33.9′N,141°24.2′E,91 km,3,震度１,40.565,141.4033333
2012/12/29,5:28:00,栃木県北部,36°37.7′N,139°25.7′E,9 km,3.1,震度２,36.62833333,139.4283333
2012/12/29,6:17:48,福島県会津,37°05.3′N,139°18.0′E,7 km,1.9,震度１,37.08833333,139.3
2012/12/29,12:05:41,宮城県沖,38°14.5′N,141°51.2′E,62 km,3.9,震度２,38.24166667,141.8533333
2012/12/29,14:18:51,豊後水道,33°05.3′N,132°23.2′E,41 km,3.4,震度２,33.08833333,132.3866667
2012/12/29,16:19:33,福島県沖,37°04.0′N,141°10.9′E,51 km,5,震度４,37.06666667,141.1816667
2012/12/29,23:59:37,宮城県沖,38°43.0′N,142°11.7′E,41 km,5.5,震度４,38.71666667,142.195
2012/12/30,0:52:09,宮城県沖,38°11.3′N,141°40.6′E,50 km,3.2,震度１,38.18833333,141.6766667
2012/12/30,0:54:36,秋田県内陸南部,39°34.9′N,140°32.5′E,6 km,2.1,震度１,39.58166667,140.5416667
2012/12/30,5:54:47,岩手県沿岸北部,40°08.0′N,141°47.5′E,6 km,2.9,震度２,40.13333333,141.7916667
2012/12/30,8:05:20,福島県沖,36°57.7′N,141°23.5′E,35 km,5.1,震度３,36.96166667,141.3916667
2012/12/30,11:33:09,茨城県沖,36°45.3′N,141°17.9′E,76 km,3.8,震度１,36.755,141.2983333
2012/12/31,2:59:01,宮城県沖,38°51.3′N,142°03.0′E,46 km,3.9,震度２,38.855,142.05
2012/12/31,4:23:08,沖縄本島近海,26°00.8′N,127°13.3′E,43 km,3.8,震度１,26.01333333,127.2216667
2012/12/31,7:17:25,宮城県沖,38°19.4′N,141°55.0′E,50 km,3.7,震度２,38.32333333,141.9166667
2012/12/31,11:40:53,長野県北部,36°48.9′N,138°28.6′E,1 km,2.2,震度１,36.815,138.4766667
2012/12/31,23:04:43,千葉県東方沖,35°41.2′N,140°47.8′E,17 km,3,震度１,35.68666667,140.7966667
