date,time,epicenter,緯度,経度,depth,magnitude,maxshindo,lat,lng
2014/1/1,2:35:42,茨城県北部,36°41.2′N,140°37.6′E,6 km,2.6,震度１,36.68666667,140.6266667
2014/1/1,4:16:13,茨城県北部,36°42.0′N,140°37.5′E,7 km,3.2,震度２,36.7,140.625
2014/1/1,4:17:03,長崎県北部,33°02.1′N,129°54.9′E,11 km,2.6,震度１,33.035,129.915
2014/1/1,13:18:11,八丈島近海,33°15.1′N,139°27.5′E,12 km,3.7,震度１,33.25166667,139.4583333
2014/1/1,19:18:24,トカラ列島近海,29°38.2′N,129°57.9′E,13 km,2.9,震度１,29.63666667,129.965
2014/1/1,23:39:25,茨城県沖,36°38.4′N,140°56.3′E,49 km,4.2,震度３,36.64,140.9383333
2014/1/2,0:44:38,茨城県南部,36°03.5′N,139°55.8′E,46 km,3.1,震度１,36.05833333,139.93
2014/1/2,2:16:00,伊豆大島近海,34°43.2′N,139°25.6′E,0 km,2.4,震度２,34.72,139.4266667
2014/1/2,10:34:55,福島県沖,37°08.9′N,141°20.5′E,56 km,3.9,震度２,37.14833333,141.3416667
2014/1/2,16:48:29,千葉県東方沖,35°21.1′N,140°33.3′E,23 km,3.9,震度２,35.35166667,140.555
2014/1/2,21:38:21,千葉県東方沖,35°21.1′N,140°34.3′E,25 km,2.9,震度１,35.35166667,140.5716667
2014/1/2,22:11:04,千葉県東方沖,35°21.0′N,140°34.1′E,26 km,5,震度３,35.35,140.5683333
2014/1/2,22:31:41,千葉県東方沖,35°21.5′N,140°32.3′E,25 km,3.5,震度２,35.35833333,140.5383333
2014/1/2,23:29:26,千葉県東方沖,35°23.4′N,140°33.1′E,27 km,3,震度１,35.39,140.5516667
2014/1/3,8:10:35,愛知県西部,34°52.0′N,137°04.1′E,39 km,3.1,震度２,34.86666667,137.0683333
2014/1/3,8:21:22,伊豆大島近海,34°43.2′N,139°24.8′E,1 km,2.7,震度２,34.72,139.4133333
2014/1/3,8:41:14,紀伊水道,34°07.6′N,135°08.1′E,6 km,2.8,震度２,34.12666667,135.135
2014/1/3,10:50:23,茨城県南部,36°01.7′N,140°05.3′E,63 km,3.8,震度２,36.02833333,140.0883333
2014/1/3,11:40:01,福島県沖,37°31.0′N,141°27.0′E,49 km,3.6,震度１,37.51666667,141.45
2014/1/3,17:30:41,千葉県東方沖,35°22.4′N,140°31.6′E,27 km,3.1,震度１,35.37333333,140.5266667
2014/1/3,18:16:47,宮城県沖,38°32.1′N,141°42.9′E,54 km,3.8,震度１,38.535,141.715
2014/1/3,21:20:19,宮崎県南部山沿い,32°03.9′N,130°56.2′E,8 km,3.5,震度２,32.065,130.9366667
2014/1/4,14:22:22,兵庫県北部,35°14.4′N,134°54.3′E,7 km,3.3,震度２,35.24,134.905
2014/1/4,14:22:59,福島県沖,37°01.2′N,143°20.4′E,50 km,5.6,震度１,37.02,143.34
2014/1/4,21:15:16,豊後水道,33°24.8′N,132°21.2′E,46 km,2.9,震度１,33.41333333,132.3533333
2014/1/5,3:01:17,宮城県沖,38°46.3′N,142°04.8′E,37 km,3.8,震度２,38.77166667,142.08
2014/1/5,11:17:43,宮城県沖,38°55.6′N,142°04.6′E,54 km,3.1,震度１,38.92666667,142.0766667
2014/1/5,20:44:33,秋田県内陸南部,39°32.6′N,140°37.4′E,4 km,2,震度１,39.54333333,140.6233333
2014/1/5,23:28:07,八丈島近海,33°31.7′N,139°30.3′E,28 km,4.6,震度２,33.52833333,139.505
2014/1/6,0:59:58,千葉県東方沖,35°09.7′N,140°34.0′E,16 km,2.7,震度１,35.16166667,140.5666667
2014/1/6,1:24:34,岩手県沿岸北部,39°32.8′N,141°56.0′E,96 km,3.9,震度２,39.54666667,141.9333333
2014/1/6,2:21:16,茨城県北部,36°41.8′N,140°27.0′E,76 km,3.9,震度２,36.69666667,140.45
2014/1/6,4:28:23,青森県三八上北地方,41°06.1′N,141°15.4′E,6 km,2,震度１,41.10166667,141.2566667
2014/1/6,7:05:54,広島県南西部,34°26.7′N,132°41.0′E,32 km,3.4,震度２,34.445,132.6833333
2014/1/6,15:10:45,静岡県東部,35°21.4′N,138°57.3′E,6 km,1.9,震度１,35.35666667,138.955
2014/1/6,17:18:00,群馬県南部,36°13.7′N,138°48.9′E,142 km,3.7,震度１,36.22833333,138.815
2014/1/6,20:28:34,福島県沖,37°03.9′N,141°11.4′E,49 km,3.6,震度２,37.065,141.19
2014/1/6,21:10:20,岩手県沖,39°01.4′N,142°23.0′E,33 km,3.9,震度１,39.02333333,142.3833333
2014/1/7,0:57:34,福島県沖,37°31.5′N,141°34.4′E,42 km,3.9,震度２,37.525,141.5733333
2014/1/7,5:29:09,熊本県熊本地方,32°57.3′N,130°56.6′E,11 km,2.7,震度１,32.955,130.9433333
2014/1/7,9:41:02,茨城県北部,36°46.2′N,140°34.5′E,8 km,3.2,震度１,36.77,140.575
2014/1/7,22:11:48,千葉県北東部,35°23.1′N,140°20.4′E,25 km,3.8,震度３,35.385,140.34
2014/1/7,23:16:29,岩手県沖,39°11.3′N,142°18.6′E,36 km,3.9,震度２,39.18833333,142.31
2014/1/8,3:51:33,茨城県南部,36°20.7′N,140°02.7′E,70 km,3.5,震度２,36.345,140.045
2014/1/8,9:00:22,岩手県沖,40°21.0′N,142°10.8′E,45 km,3.5,震度１,40.35,142.18
2014/1/8,9:38:27,岩手県内陸南部,39°00.9′N,140°51.6′E,7 km,3.2,震度１,39.015,140.86
2014/1/8,19:06:16,伊豆大島近海,34°45.1′N,139°13.8′E,7 km,2.5,震度１,34.75166667,139.23
2014/1/8,21:28:20,宮城県沖,38°50.6′N,142°06.8′E,44 km,4,震度２,38.84333333,142.1133333
2014/1/9,3:15:12,西表島付近,24°34.7′N,123°27.5′E,70 km,5.5,震度４,24.57833333,123.4583333
2014/1/9,3:57:33,茨城県北部,36°47.3′N,140°34.8′E,7 km,4.6,震度４,36.78833333,140.58
2014/1/9,5:35:50,新潟県中越地方,37°06.0′N,138°40.7′E,11 km,2.4,震度１,37.1,138.6783333
2014/1/9,9:29:19,胆振地方中東部,42°42.5′N,141°16.8′E,0 km,2.7,震度１,42.70833333,141.28
2014/1/9,10:05:22,茨城県北部,36°40.9′N,140°37.8′E,7 km,2.1,震度１,36.68166667,140.63
2014/1/9,13:17:23,千葉県北東部,35°23.1′N,140°20.5′E,26 km,3,震度１,35.385,140.3416667
2014/1/9,13:31:54,浦河沖,42°03.5′N,142°38.7′E,60 km,4.7,震度３,42.05833333,142.645
2014/1/9,15:28:09,福島県沖,36°56.8′N,141°26.4′E,35 km,4.2,震度２,36.94666667,141.44
2014/1/10,3:03:20,長野県南部,35°55.0′N,137°36.0′E,12 km,2.7,震度１,35.91666667,137.6
2014/1/10,7:04:03,山梨県中・西部,35°18.1′N,138°23.0′E,26 km,2.6,震度１,35.30166667,138.3833333
2014/1/10,16:14:29,大分県西部,32°55.8′N,131°21.8′E,114 km,3.7,震度１,32.93,131.3633333
2014/1/10,16:40:43,大分県中部,33°18.5′N,131°28.1′E,1 km,0.8,震度１,33.30833333,131.4683333
2014/1/10,20:51:19,新潟県中越地方,37°01.0′N,138°41.7′E,9 km,2.6,震度２,37.01666667,138.695
2014/1/10,23:28:03,奄美大島近海,28°21.0′N,129°28.2′E,27 km,3.2,震度１,28.35,129.47
2014/1/11,0:29:48,茨城県北部,36°41.5′N,140°37.3′E,5 km,3.1,震度２,36.69166667,140.6216667
2014/1/11,4:20:57,東京湾,35°26.9′N,139°41.6′E,35 km,2.4,震度１,35.44833333,139.6933333
2014/1/11,15:08:00,茨城県北部,36°44.8′N,140°35.1′E,10 km,2.8,震度１,36.74666667,140.585
2014/1/12,0:46:15,宮城県沖,38°55.2′N,141°55.7′E,51 km,4,震度２,38.92,141.9283333
2014/1/12,11:59:05,奄美大島近海,28°00.6′N,130°17.7′E,34 km,3.5,震度１,28.01,130.295
2014/1/12,14:10:26,青森県東方沖,41°28.7′N,141°58.9′E,64 km,3.3,震度１,41.47833333,141.9816667
2014/1/12,18:25:51,釧路沖,42°47.4′N,144°48.4′E,46 km,3.3,震度１,42.79,144.8066667
2014/1/12,20:56:21,根室半島南東沖,43°09.5′N,145°57.8′E,45 km,3.8,震度１,43.15833333,145.9633333
2014/1/13,8:29:28,茨城県北部,36°41.8′N,140°36.7′E,7 km,3.5,震度３,36.69666667,140.6116667
2014/1/13,10:29:48,茨城県北部,36°35.4′N,140°30.5′E,50 km,2.7,震度１,36.59,140.5083333
2014/1/13,21:44:34,東京湾,35°37.0′N,140°00.2′E,74 km,3.1,震度１,35.61666667,140.0033333
2014/1/14,13:34:23,岩手県沿岸北部,39°45.6′N,141°50.9′E,58 km,3.4,震度１,39.76,141.8483333
2014/1/14,14:11:13,岩手県沖,39°26.6′N,142°09.3′E,32 km,4.1,震度２,39.44333333,142.155
2014/1/14,19:20:24,茨城県北部,36°44.0′N,140°35.4′E,9 km,2.8,震度１,36.73333333,140.59
2014/1/14,19:50:11,茨城県沖,36°32.9′N,141°04.1′E,36 km,4.1,震度１,36.54833333,141.0683333
2014/1/15,4:33:23,茨城県北部,36°47.1′N,140°35.6′E,7 km,3.5,震度２,36.785,140.5933333
2014/1/15,8:26:11,渡島地方東部,42°06.7′N,140°29.4′E,10 km,2.3,震度１,42.11166667,140.49
2014/1/15,14:47:48,宮城県沖,38°58.6′N,142°20.9′E,35 km,4,震度２,38.97666667,142.3483333
2014/1/15,21:04:39,茨城県沖,35°53.9′N,140°51.8′E,42 km,3.7,震度１,35.89833333,140.8633333
2014/1/15,21:21:17,茨城県北部,36°42.7′N,140°38.5′E,5 km,2.7,震度１,36.71166667,140.6416667
2014/1/15,21:47:35,茨城県北部,36°42.3′N,140°37.7′E,10 km,3.3,震度２,36.705,140.6283333
2014/1/16,3:50:40,沖縄本島近海,25°48.3′N,126°40.2′E,54 km,3.7,震度１,25.805,126.67
2014/1/16,8:11:41,浦河沖,41°55.7′N,142°18.4′E,56 km,4,震度１,41.92833333,142.3066667
2014/1/16,10:12:15,岩手県沖,40°03.6′N,142°43.4′E,28 km,5.1,震度３,40.06,142.7233333
2014/1/16,13:24:47,秋田県内陸南部,39°30.1′N,140°25.4′E,9 km,2.2,震度１,39.50166667,140.4233333
2014/1/16,21:22:15,宮城県沖,38°54.3′N,142°37.9′E,39 km,4.1,震度２,38.905,142.6316667
2014/1/16,22:28:09,宮城県沖,38°06.5′N,141°44.1′E,56 km,4,震度２,38.10833333,141.735
2014/1/17,4:32:44,宮城県沖,38°14.3′N,141°43.5′E,50 km,3.8,震度２,38.23833333,141.725
2014/1/17,7:56:08,奄美大島近海,27°59.2′N,129°30.0′E,32 km,4.8,震度３,27.98666667,129.5
2014/1/17,18:37:34,茨城県沖,36°43.2′N,141°13.8′E,37 km,4.4,震度３,36.72,141.23
2014/1/17,18:53:19,千葉県北西部,35°37.0′N,140°06.1′E,73 km,4.3,震度２,35.61666667,140.1016667
2014/1/18,1:39:23,埼玉県南部,36°02.4′N,139°47.7′E,77 km,3.2,震度１,36.04,139.795
2014/1/18,9:40:15,茨城県北部,36°51.2′N,140°34.2′E,8 km,3.2,震度１,36.85333333,140.57
2014/1/18,12:26:52,青森県東方沖,40°40.9′N,142°13.9′E,45 km,3.3,震度１,40.68166667,142.2316667
2014/1/18,14:31:57,千葉県東方沖,35°49.0′N,140°54.6′E,13 km,4.1,震度２,35.81666667,140.91
2014/1/18,15:34:42,福島県沖,37°14.6′N,141°28.0′E,47 km,3.9,震度２,37.24333333,141.4666667
2014/1/19,2:05:14,千葉県東方沖,35°38.2′N,140°41.7′E,49 km,3.3,震度１,35.63666667,140.695
2014/1/19,5:11:15,福島県沖,37°08.7′N,141°24.7′E,47 km,3.7,震度１,37.145,141.4116667
2014/1/19,12:09:53,大隅半島東方沖,31°02.6′N,131°21.1′E,35 km,3.7,震度１,31.04333333,131.3516667
2014/1/19,13:29:55,岐阜県美濃東部,35°17.4′N,137°33.5′E,48 km,2.6,震度１,35.29,137.5583333
2014/1/19,18:18:05,福島県沖,36°57.0′N,141°05.2′E,50 km,3.1,震度１,36.95,141.0866667
2014/1/19,22:49:12,岩手県沖,40°18.5′N,142°09.3′E,55 km,3.2,震度１,40.30833333,142.155
2014/1/20,5:16:12,新潟県上越地方,36°55.5′N,138°16.7′E,19 km,2.6,震度１,36.925,138.2783333
2014/1/20,10:03:12,土佐湾,33°13.1′N,133°29.4′E,29 km,3.2,震度１,33.21833333,133.49
2014/1/21,1:21:23,熊本県天草・芦北地方,32°12.2′N,130°25.4′E,8 km,2.4,震度１,32.20333333,130.4233333
2014/1/21,14:28:17,静岡県中部,35°02.9′N,138°11.5′E,30 km,3.8,震度２,35.04833333,138.1916667
2014/1/22,11:31:20,福島県沖,37°16.8′N,141°42.9′E,45 km,4.4,震度２,37.28,141.715
2014/1/22,14:09:35,兵庫県南東部,34°53.8′N,135°21.7′E,13 km,2.6,震度１,34.89666667,135.3616667
2014/1/22,15:56:07,愛知県西部,35°06.2′N,137°13.3′E,44 km,2.9,震度１,35.10333333,137.2216667
2014/1/22,16:16:18,北海道東方沖,43°39.7′N,146°37.4′E,58 km,4.2,震度１,43.66166667,146.6233333
2014/1/22,20:18:06,千葉県東方沖,35°22.0′N,140°30.7′E,26 km,3.4,震度１,35.36666667,140.5116667
2014/1/23,2:21:29,秋田県内陸南部,39°33.2′N,140°25.9′E,8 km,1.9,震度１,39.55333333,140.4316667
2014/1/23,13:32:05,房総半島南方沖,34°16.2′N,140°18.4′E,49 km,3.9,震度１,34.27,140.3066667
2014/1/23,17:51:49,八丈島近海,33°17.2′N,139°29.7′E,14 km,3.6,震度１,33.28666667,139.495
2014/1/23,18:20:57,千葉県東方沖,35°13.2′N,140°59.4′E,40 km,4.5,震度２,35.22,140.99
2014/1/24,1:10:53,茨城県北部,36°27.2′N,140°36.3′E,55 km,3.9,震度２,36.45333333,140.605
2014/1/24,5:27:16,秋田県内陸南部,39°33.2′N,140°26.0′E,8 km,2.6,震度１,39.55333333,140.4333333
2014/1/24,5:38:55,新潟県中越地方,37°12.8′N,138°53.3′E,10 km,3.2,震度２,37.21333333,138.8883333
2014/1/24,8:13:12,岩手県沖,40°21.3′N,142°04.6′E,50 km,3.3,震度１,40.355,142.0766667
2014/1/24,15:10:25,茨城県北部,36°40.2′N,140°37.4′E,6 km,2.7,震度１,36.67,140.6233333
2014/1/24,15:35:56,福井県嶺北,36°10.6′N,136°16.1′E,12 km,3,震度２,36.17666667,136.2683333
2014/1/24,15:37:17,宮城県沖,38°08.3′N,141°46.3′E,55 km,3.9,震度１,38.13833333,141.7716667
2014/1/24,17:47:42,福島県沖,37°20.9′N,141°17.8′E,33 km,3.4,震度１,37.34833333,141.2966667
2014/1/24,18:34:32,茨城県北部,36°40.2′N,140°37.8′E,6 km,2.5,震度１,36.67,140.63
2014/1/25,5:29:36,宮古島近海,24°50.0′N,125°22.6′E,48 km,3.4,震度１,24.83333333,125.3766667
2014/1/25,17:48:19,浦河沖,41°55.6′N,142°27.8′E,62 km,3.8,震度１,41.92666667,142.4633333
2014/1/25,18:24:12,奄美大島近海,27°57.3′N,128°55.6′E,44 km,3.2,震度１,27.955,128.9266667
2014/1/25,21:27:26,千葉県北西部,35°37.1′N,140°06.0′E,72 km,3.6,震度２,35.61833333,140.1
2014/1/26,8:53:29,宮城県沖,38°42.1′N,141°47.5′E,53 km,3,震度１,38.70166667,141.7916667
2014/1/26,10:29:54,茨城県沖,36°28.1′N,140°55.4′E,33 km,2.9,震度１,36.46833333,140.9233333
2014/1/26,12:41:11,福島県沖,37°30.6′N,141°22.2′E,50 km,4,震度１,37.51,141.37
2014/1/26,14:48:44,和歌山県北部,34°01.6′N,135°13.9′E,6 km,2.6,震度１,34.02666667,135.2316667
2014/1/26,18:36:02,福島県沖,37°42.0′N,141°44.1′E,37 km,3.8,震度２,37.7,141.735
2014/1/28,4:22:09,岩手県沖,40°21.4′N,142°04.8′E,51 km,3.5,震度１,40.35666667,142.08
2014/1/28,5:25:29,茨城県沖,36°18.5′N,141°04.8′E,47 km,4.3,震度２,36.30833333,141.08
2014/1/28,5:26:48,茨城県沖,36°19.0′N,141°05.4′E,46 km,4,震度２,36.31666667,141.09
2014/1/28,8:58:27,茨城県北部,36°39.6′N,140°36.7′E,8 km,2.7,震度１,36.66,140.6116667
2014/1/28,14:33:19,日高地方東部,42°18.9′N,143°02.6′E,51 km,3.5,震度１,42.315,143.0433333
2014/1/28,17:35:29,茨城県沖,35°56.2′N,140°52.0′E,38 km,3.6,震度１,35.93666667,140.8666667
2014/1/28,20:17:19,茨城県北部,36°40.3′N,140°37.4′E,6 km,2.8,震度１,36.67166667,140.6233333
2014/1/28,20:31:02,宮城県沖,38°54.4′N,142°03.9′E,56 km,3.4,震度１,38.90666667,142.065
2014/1/28,20:49:12,沖縄本島北西沖,26°57.2′N,127°05.2′E,94 km,4.7,震度２,26.95333333,127.0866667
2014/1/28,22:46:55,秋田県内陸南部,39°35.0′N,140°22.1′E,6 km,2.4,震度２,39.58333333,140.3683333
2014/1/28,23:11:47,新潟県中越地方,36°57.2′N,138°36.6′E,9 km,3.1,震度２,36.95333333,138.61
2014/1/29,2:26:50,茨城県沖,36°44.5′N,141°03.7′E,28 km,3.3,震度１,36.74166667,141.0616667
2014/1/29,6:28:56,群馬県北部,36°54.0′N,139°23.5′E,5 km,3.1,震度２,36.9,139.3916667
2014/1/29,13:12:30,茨城県沖,36°39.0′N,141°02.2′E,46 km,3.3,震度１,36.65,141.0366667
2014/1/30,17:15:23,長野県中部,36°23.7′N,137°48.8′E,6 km,1.7,震度１,36.395,137.8133333
2014/1/30,17:35:07,日高地方中部,42°29.7′N,142°38.3′E,30 km,3.9,震度１,42.495,142.6383333
2014/1/31,22:02:09,静岡県中部,34°57.9′N,138°15.0′E,28 km,3.3,震度２,34.965,138.25
2014/2/1,9:49:57,青森県東方沖,40°54.4′N,142°07.7′E,51 km,3.8,震度２,40.90666667,142.1283333
2014/2/2,7:54:11,北海道南西沖,42°04.8′N,139°21.2′E,9 km,3.4,震度１,42.08,139.3533333
2014/2/2,14:31:40,和歌山県北部,34°12.8′N,135°13.2′E,4 km,1.8,震度１,34.21333333,135.22
2014/2/2,15:05:39,奄美大島近海,27°56.0′N,128°53.6′E,46 km,4.5,震度４,27.93333333,128.8933333
2014/2/2,17:13:25,岩手県沖,39°38.2′N,142°06.4′E,49 km,3.9,震度２,39.63666667,142.1066667
2014/2/2,20:08:58,熊本県阿蘇地方,32°47.3′N,131°01.7′E,6 km,3.1,震度３,32.78833333,131.0283333
2014/2/2,20:13:39,熊本県阿蘇地方,32°47.4′N,131°01.9′E,6 km,2.5,震度１,32.79,131.0316667
2014/2/2,21:31:32,熊本県阿蘇地方,32°47.3′N,131°01.7′E,5 km,2.2,震度１,32.78833333,131.0283333
2014/2/3,0:43:46,熊本県阿蘇地方,32°47.2′N,131°01.5′E,6 km,3.1,震度２,32.78666667,131.025
2014/2/3,12:08:46,北海道東方沖,43°21.4′N,146°47.4′E,45 km,4.2,震度２,43.35666667,146.79
2014/2/3,21:07:44,三重県南東沖,34°16.2′N,136°40.1′E,37 km,3.9,震度２,34.27,136.6683333
2014/2/4,5:14:55,茨城県北部,36°44.8′N,140°35.0′E,10 km,2.8,震度１,36.74666667,140.5833333
2014/2/4,6:04:21,岩手県沖,39°52.6′N,142°10.2′E,47 km,3.4,震度１,39.87666667,142.17
2014/2/4,7:50:31,茨城県北部,36°45.3′N,140°36.8′E,6 km,3,震度１,36.755,140.6133333
2014/2/4,8:03:37,茨城県北部,36°45.1′N,140°36.7′E,6 km,2.9,震度１,36.75166667,140.6116667
2014/2/4,9:35:31,福島県沖,37°47.0′N,141°37.5′E,48 km,4.7,震度２,37.78333333,141.625
2014/2/4,11:14:11,岩手県沖,39°06.6′N,142°06.9′E,45 km,3.5,震度１,39.11,142.115
2014/2/4,18:49:03,宮城県沖,38°25.7′N,142°01.7′E,46 km,3.9,震度１,38.42833333,142.0283333
2014/2/5,0:47:51,熊本県阿蘇地方,32°47.2′N,131°01.8′E,7 km,2.1,震度１,32.78666667,131.03
2014/2/5,23:30:59,岩手県沖,40°21.5′N,142°05.7′E,51 km,3.7,震度２,40.35833333,142.095
2014/2/6,0:46:10,茨城県南部,36°06.5′N,139°47.8′E,76 km,3.7,震度２,36.10833333,139.7966667
2014/2/6,2:32:13,宮城県沖,38°38.5′N,142°25.6′E,40 km,5.3,震度４,38.64166667,142.4266667
2014/2/6,2:37:02,宮城県沖,38°38.9′N,142°23.6′E,39 km,3.8,震度１,38.64833333,142.3933333
2014/2/6,2:46:58,宮城県沖,38°38.5′N,142°23.0′E,39 km,3.6,震度１,38.64166667,142.3833333
2014/2/6,8:38:29,福島県沖,37°22.6′N,141°20.3′E,31 km,3.3,震度１,37.37666667,141.3383333
2014/2/6,14:03:00,父島近海,27°06.8′N,141°45.0′E,74 km,4.4,震度２,27.11333333,141.75
2014/2/6,20:32:27,宮古島近海,24°48.6′N,125°20.5′E,48 km,5,震度３,24.81,125.3416667
2014/2/6,21:10:27,宮城県沖,38°26.8′N,141°54.5′E,62 km,4.2,震度３,38.44666667,141.9083333
2014/2/7,9:43:42,福島県会津,37°40.5′N,139°55.7′E,8 km,3.5,震度３,37.675,139.9283333
2014/2/7,12:14:21,北海道東方沖,43°18.5′N,147°17.1′E,34 km,4.7,震度１,43.30833333,147.285
2014/2/8,0:30:12,福島県会津,37°01.8′N,139°22.3′E,6 km,1.7,震度１,37.03,139.3716667
2014/2/8,2:18:33,福島県沖,37°31.0′N,141°28.1′E,48 km,5,震度４,37.51666667,141.4683333
2014/2/8,7:59:43,兵庫県南東部,34°42.6′N,135°17.7′E,12 km,2.3,震度１,34.71,135.295
2014/2/8,11:34:22,福島県沖,37°03.9′N,141°10.6′E,51 km,4.8,震度４,37.065,141.1766667
2014/2/8,21:12:44,北海道東方沖,43°40.7′N,147°48.1′E,0 km,4.9,震度１,43.67833333,147.8016667
2014/2/9,12:50:19,福島県沖,37°01.0′N,141°09.2′E,52 km,4.1,震度３,37.01666667,141.1533333
2014/2/9,13:58:56,奄美大島近海,28°20.0′N,129°22.6′E,14 km,3,震度２,28.33333333,129.3766667
2014/2/9,19:54:51,宮城県沖,38°08.4′N,141°55.1′E,57 km,4.2,震度３,38.14,141.9183333
2014/2/9,22:34:28,北海道東方沖,43°24.5′N,147°06.4′E,63 km,4.7,震度２,43.40833333,147.1066667
2014/2/10,7:57:30,十勝地方南部,42°21.8′N,143°06.3′E,51 km,4.2,震度２,42.36333333,143.105
2014/2/10,9:52:52,茨城県北部,36°40.9′N,140°39.9′E,11 km,3.7,震度２,36.68166667,140.665
2014/2/10,18:37:54,茨城県北部,36°41.2′N,140°39.1′E,10 km,3.3,震度２,36.68666667,140.6516667
2014/2/10,18:38:01,三陸沖,39°41.5′N,143°38.1′E,29 km,5,震度１,39.69166667,143.635
2014/2/10,19:03:55,三陸沖,39°40.2′N,143°41.8′E,18 km,5,震度２,39.67,143.6966667
2014/2/10,19:05:47,三陸沖,39°39.9′N,143°39.3′E,16 km,4.8,震度１,39.665,143.655
2014/2/10,19:30:45,三陸沖,39°38.8′N,143°41.2′E,26 km,4.6,震度１,39.64666667,143.6866667
2014/2/10,23:34:22,岐阜県美濃中西部,35°24.9′N,136°57.7′E,8 km,2.4,震度１,35.415,136.9616667
2014/2/11,4:14:39,房総半島南方沖,34°11.6′N,140°09.8′E,91 km,5.3,震度３,34.19333333,140.1633333
2014/2/11,8:39:30,宮城県沖,38°51.3′N,142°03.1′E,46 km,3.8,震度２,38.855,142.0516667
2014/2/11,9:39:43,福島県沖,37°24.0′N,141°46.8′E,44 km,3.7,震度１,37.4,141.78
2014/2/11,13:23:41,福島県沖,37°12.0′N,141°23.3′E,48 km,3.8,震度１,37.2,141.3883333
2014/2/11,15:05:30,浦河沖,41°54.9′N,142°19.7′E,72 km,4.6,震度２,41.915,142.3283333
2014/2/12,0:22:06,千葉県東方沖,35°37.4′N,141°01.8′E,16 km,4.2,震度２,35.62333333,141.03
2014/2/12,5:22:09,青森県東方沖,41°02.5′N,142°03.0′E,56 km,3.6,震度１,41.04166667,142.05
2014/2/12,6:34:33,宮城県沖,38°17.5′N,141°30.6′E,19 km,4.2,震度２,38.29166667,141.51
2014/2/12,12:33:02,宮古島近海,25°00.6′N,125°36.1′E,53 km,3.9,震度１,25.01,125.6016667
2014/2/12,13:10:53,奄美大島近海,27°59.1′N,130°09.6′E,44 km,3.9,震度１,27.985,130.16
2014/2/12,19:39:10,茨城県北部,36°37.6′N,140°39.1′E,8 km,2.4,震度１,36.62666667,140.6516667
2014/2/12,23:22:30,岐阜県美濃中西部,35°46.2′N,137°06.1′E,8 km,3.4,震度２,35.77,137.1016667
2014/2/13,3:24:49,福島県浜通り,37°02.0′N,140°40.7′E,16 km,3.1,震度１,37.03333333,140.6783333
2014/2/13,15:57:05,岩手県沖,39°00.3′N,142°11.5′E,48 km,3.5,震度１,39.005,142.1916667
2014/2/13,20:15:20,千葉県東方沖,35°48.8′N,140°58.9′E,15 km,4.1,震度２,35.81333333,140.9816667
2014/2/13,21:46:31,和歌山県北部,33°57.1′N,135°24.6′E,36 km,2.8,震度１,33.95166667,135.41
2014/2/14,10:53:29,種子島南東沖,30°11.6′N,131°41.0′E,49 km,4,震度１,30.19333333,131.6833333
2014/2/14,14:23:20,和歌山県北部,34°13.6′N,135°13.1′E,4 km,2.4,震度１,34.22666667,135.2183333
2014/2/14,19:04:18,茨城県北部,36°30.2′N,140°29.0′E,67 km,3.8,震度２,36.50333333,140.4833333
2014/2/15,1:46:10,瀬戸内海中部,34°03.1′N,133°12.2′E,14 km,3.1,震度１,34.05166667,133.2033333
2014/2/15,3:54:22,茨城県沖,36°42.4′N,141°19.3′E,40 km,3.8,震度１,36.70666667,141.3216667
2014/2/15,6:57:17,和歌山県北部,33°57.1′N,135°24.6′E,36 km,2.9,震度１,33.95166667,135.41
2014/2/15,22:07:31,安芸灘,34°06.9′N,132°43.8′E,41 km,2.9,震度１,34.115,132.73
2014/2/15,23:50:02,栃木県北部,36°54.6′N,139°42.5′E,5 km,2.8,震度１,36.91,139.7083333
2014/2/16,5:53:17,茨城県北部,36°44.7′N,140°37.2′E,4 km,3.4,震度２,36.745,140.62
2014/2/16,6:12:24,宮城県沖,38°38.2′N,142°22.6′E,41 km,4.3,震度１,38.63666667,142.3766667
2014/2/16,6:39:36,茨城県北部,36°44.9′N,140°37.9′E,4 km,3.2,震度１,36.74833333,140.6316667
2014/2/16,6:41:03,茨城県北部,36°44.9′N,140°38.0′E,3 km,3.4,震度２,36.74833333,140.6333333
2014/2/16,17:13:58,鹿児島県薩摩地方,31°44.0′N,130°52.4′E,8 km,2.7,震度２,31.73333333,130.8733333
2014/2/16,17:49:51,鹿児島県薩摩地方,31°56.3′N,130°48.3′E,1 km,2,震度１,31.93833333,130.805
2014/2/17,11:37:40,紀伊水道,34°06.8′N,135°06.3′E,8 km,2.4,震度１,34.11333333,135.105
2014/2/17,19:46:16,薩摩半島西方沖,31°24.8′N,129°29.3′E,5 km,3.8,震度１,31.41333333,129.4883333
2014/2/18,9:30:15,千葉県東方沖,35°38.6′N,140°58.4′E,15 km,4,震度１,35.64333333,140.9733333
2014/2/18,13:56:06,宮城県沖,38°26.1′N,142°02.5′E,48 km,4.1,震度２,38.435,142.0416667
2014/2/18,16:41:27,茨城県北部,36°41.1′N,140°39.1′E,10 km,2.4,震度１,36.685,140.6516667
2014/2/18,17:50:43,岩手県沖,39°07.7′N,142°23.0′E,31 km,3.9,震度１,39.12833333,142.3833333
2014/2/18,21:03:31,茨城県南部,36°04.0′N,139°55.4′E,46 km,3.7,震度２,36.06666667,139.9233333
2014/2/19,0:29:34,茨城県南部,36°11.4′N,139°48.3′E,55 km,3.8,震度２,36.19,139.805
2014/2/19,1:49:46,三重県南部,33°47.4′N,135°56.0′E,47 km,4,震度２,33.79,135.9333333
2014/2/19,5:02:30,宮城県沖,38°24.0′N,142°15.0′E,36 km,4.2,震度２,38.4,142.25
2014/2/19,10:31:01,千葉県東方沖,35°47.7′N,140°52.7′E,14 km,3.4,震度１,35.795,140.8783333
2014/2/19,15:20:11,福島県沖,37°14.8′N,141°08.1′E,35 km,3.8,震度２,37.24666667,141.135
2014/2/19,15:24:07,父島近海,26°16.4′N,141°52.9′E,38 km,4.5,震度２,26.27333333,141.8816667
2014/2/19,17:42:08,和歌山県北部,34°13.3′N,135°09.0′E,5 km,2.2,震度１,34.22166667,135.15
2014/2/19,19:08:21,秋田県内陸北部,40°03.2′N,140°32.8′E,8 km,3.8,震度２,40.05333333,140.5466667
2014/2/19,19:29:54,沖縄本島近海,26°13.7′N,128°23.0′E,26 km,4.3,震度１,26.22833333,128.3833333
2014/2/19,19:54:27,日向灘,32°34.0′N,131°51.3′E,42 km,2.8,震度１,32.56666667,131.855
2014/2/20,0:42:13,千葉県北東部,35°44.5′N,140°41.0′E,50 km,3.6,震度２,35.74166667,140.6833333
2014/2/20,2:57:51,茨城県北部,36°39.2′N,140°36.4′E,8 km,3.1,震度２,36.65333333,140.6066667
2014/2/20,5:37:40,神奈川県西部,35°30.7′N,139°03.0′E,17 km,2.6,震度１,35.51166667,139.05
2014/2/20,8:33:23,福岡県筑後地方,33°01.9′N,130°30.8′E,7 km,2.7,震度１,33.03166667,130.5133333
2014/2/20,11:12:43,福島県会津,37°04.1′N,139°21.1′E,8 km,3.5,震度３,37.06833333,139.3516667
2014/2/20,12:19:53,茨城県南部,35°58.4′N,140°03.8′E,63 km,3.2,震度１,35.97333333,140.0633333
2014/2/21,0:36:19,福島県会津,37°04.2′N,139°20.8′E,8 km,2.2,震度１,37.07,139.3466667
2014/2/21,1:23:14,宮城県沖,38°10.9′N,141°42.1′E,50 km,3.5,震度１,38.18166667,141.7016667
2014/2/21,8:12:38,宗谷東方沖,45°44.6′N,142°44.9′E,336 km,4.9,震度１,45.74333333,142.7483333
2014/2/21,15:33:36,茨城県沖,36°36.0′N,141°00.1′E,46 km,3.7,震度２,36.6,141.0016667
2014/2/21,18:34:38,茨城県沖,36°45.7′N,140°58.0′E,19 km,3.7,震度１,36.76166667,140.9666667
2014/2/21,22:13:22,奄美大島近海,28°03.8′N,129°29.3′E,29 km,3.9,震度２,28.06333333,129.4883333
2014/2/22,6:55:00,浦河沖,42°03.3′N,142°36.2′E,59 km,3.7,震度１,42.055,142.6033333
2014/2/22,7:31:12,茨城県南部,36°01.2′N,140°22.8′E,54 km,3.9,震度２,36.02,140.38
2014/2/22,8:04:31,岩手県沖,39°38.7′N,142°06.4′E,48 km,3.3,震度１,39.645,142.1066667
2014/2/22,8:41:17,浦河沖,42°06.0′N,142°45.7′E,46 km,3.8,震度２,42.1,142.7616667
2014/2/22,8:44:54,岩手県沖,40°09.0′N,142°29.5′E,34 km,4.2,震度１,40.15,142.4916667
2014/2/22,10:33:08,奄美大島近海,28°03.2′N,129°29.2′E,28 km,3.5,震度１,28.05333333,129.4866667
2014/2/22,12:02:40,宮城県沖,38°38.1′N,141°54.2′E,48 km,3.7,震度１,38.635,141.9033333
2014/2/22,14:53:12,岩手県沖,39°16.4′N,142°14.7′E,42 km,3.2,震度１,39.27333333,142.245
2014/2/22,19:31:05,西表島付近,24°35.6′N,123°28.8′E,64 km,4.5,震度２,24.59333333,123.48
2014/2/23,2:57:59,茨城県北部,36°37.9′N,140°36.1′E,6 km,2.2,震度１,36.63166667,140.6016667
2014/2/23,13:54:19,北海道東方沖,43°22.0′N,147°38.8′E,12 km,5.5,震度２,43.36666667,147.6466667
2014/2/23,14:43:32,宮城県沖,38°17.5′N,141°47.3′E,56 km,3.6,震度１,38.29166667,141.7883333
2014/2/24,6:36:16,長野県北部,36°49.2′N,138°22.7′E,9 km,2,震度１,36.82,138.3783333
2014/2/24,6:39:51,奄美大島近海,28°26.6′N,129°21.5′E,34 km,3.5,震度１,28.44333333,129.3583333
2014/2/24,9:41:57,福島県沖,37°30.6′N,141°49.4′E,25 km,4.4,震度２,37.51,141.8233333
2014/2/24,16:26:34,沖縄本島北西沖,26°26.0′N,126°09.0′E,130 km,4.3,震度１,26.43333333,126.15
2014/2/24,16:39:18,宮城県沖,38°47.5′N,141°36.1′E,69 km,3.9,震度２,38.79166667,141.6016667
2014/2/25,1:04:57,福島県会津,37°04.1′N,139°21.1′E,8 km,3.5,震度３,37.06833333,139.3516667
2014/2/25,8:39:30,鹿児島県薩摩地方,31°18.1′N,130°25.0′E,152 km,4,震度１,31.30166667,130.4166667
2014/2/25,15:00:34,伊予灘,33°25.1′N,132°05.3′E,48 km,3.4,震度１,33.41833333,132.0883333
2014/2/25,17:31:26,千葉県北西部,35°40.1′N,140°05.4′E,70 km,3.2,震度１,35.66833333,140.09
2014/2/25,19:54:47,茨城県沖,36°26.8′N,141°00.7′E,45 km,3.7,震度２,36.44666667,141.0116667
2014/2/25,20:29:41,岩手県沖,40°21.2′N,142°04.9′E,51 km,3.7,震度１,40.35333333,142.0816667
2014/2/25,20:59:36,宮城県沖,38°24.0′N,141°49.1′E,55 km,3.9,震度２,38.4,141.8183333
2014/2/26,0:35:32,福島県沖,37°50.3′N,141°44.0′E,43 km,3.8,震度１,37.83833333,141.7333333
2014/2/26,1:28:30,千葉県東方沖,35°41.8′N,140°48.7′E,21 km,2.9,震度１,35.69666667,140.8116667
2014/2/26,8:45:45,茨城県沖,36°30.8′N,140°41.3′E,54 km,3,震度１,36.51333333,140.6883333
2014/2/26,10:08:51,茨城県南部,36°01.5′N,139°56.2′E,44 km,3,震度１,36.025,139.9366667
2014/2/26,15:03:51,種子島近海,30°23.1′N,131°05.7′E,30 km,3.6,震度１,30.385,131.095
2014/2/26,19:57:04,福島県沖,37°09.7′N,141°21.0′E,49 km,3.9,震度２,37.16166667,141.35
2014/2/27,14:03:55,石川県能登地方,37°14.8′N,136°45.8′E,11 km,3.9,震度３,37.24666667,136.7633333
2014/2/27,15:12:12,沖縄本島近海,26°20.4′N,127°41.3′E,17 km,2.5,震度１,26.34,127.6883333
2014/2/27,15:14:42,静岡県西部,34°51.9′N,137°57.4′E,18 km,2.7,震度１,34.865,137.9566667
2014/2/27,22:34:00,岩手県沖,39°10.1′N,142°20.4′E,33 km,3.6,震度１,39.16833333,142.34
2014/2/27,23:04:59,宮城県沖,38°53.3′N,141°58.2′E,49 km,4,震度２,38.88833333,141.97
2014/2/27,23:33:50,和歌山県北部,33°57.1′N,135°24.5′E,36 km,3.9,震度２,33.95166667,135.4083333
2014/2/28,15:31:55,岩手県沖,39°52.7′N,142°10.2′E,47 km,3.1,震度１,39.87833333,142.17
2014/2/28,16:44:54,栃木県北部,36°46.1′N,139°54.2′E,131 km,3.6,震度１,36.76833333,139.9033333
2014/2/28,17:53:58,滋賀県南部,34°52.2′N,136°03.2′E,9 km,2.4,震度１,34.87,136.0533333
2014/2/28,22:35:39,徳島県南部,33°49.7′N,134°14.2′E,36 km,3.4,震度１,33.82833333,134.2366667
2014/3/1,5:22:01,茨城県南部,36°13.7′N,140°06.5′E,54 km,3.7,震度２,36.22833333,140.1083333
2014/3/1,7:40:40,茨城県沖,36°33.3′N,140°56.0′E,15 km,3.7,震度１,36.555,140.9333333
2014/3/1,15:03:41,留萌地方中北部,44°39.6′N,141°59.8′E,253 km,4.7,震度１,44.66,141.9966667
2014/3/1,19:32:03,高知県中部,33°37.8′N,133°05.0′E,36 km,3.2,震度１,33.63,133.0833333
2014/3/1,23:53:23,西表島付近,24°11.0′N,123°46.3′E,15 km,3.4,震度１,24.18333333,123.7716667
2014/3/1,23:57:59,岩手県沖,39°52.7′N,142°10.1′E,48 km,4,震度２,39.87833333,142.1683333
2014/3/2,15:14:21,福島県沖,37°07.3′N,141°11.0′E,28 km,3.8,震度２,37.12166667,141.1833333
2014/3/3,5:11:23,沖縄本島北西沖,27°22.9′N,127°23.7′E,116 km,6.4,震度４,27.38166667,127.395
2014/3/3,11:27:31,沖縄本島近海,26°18.5′N,127°20.9′E,47 km,5,震度３,26.30833333,127.3483333
2014/3/3,16:12:17,茨城県北部,36°23.5′N,140°34.7′E,54 km,3.3,震度１,36.39166667,140.5783333
2014/3/3,19:29:51,宮城県沖,38°40.5′N,142°18.6′E,35 km,3.8,震度１,38.675,142.31
2014/3/3,21:21:42,宮城県沖,38°36.9′N,141°54.1′E,48 km,3.5,震度１,38.615,141.9016667
2014/3/3,21:50:41,宮城県沖,38°56.8′N,142°20.1′E,35 km,3.8,震度１,38.94666667,142.335
2014/3/4,0:56:32,秋田県内陸北部,40°03.0′N,140°32.8′E,9 km,2.8,震度１,40.05,140.5466667
2014/3/4,4:53:41,岐阜県飛騨地方,36°03.1′N,137°34.0′E,10 km,2.9,震度１,36.05166667,137.5666667
2014/3/4,5:28:15,青森県三八上北地方,40°48.4′N,141°15.4′E,95 km,3.9,震度２,40.80666667,141.2566667
2014/3/4,7:33:22,福島県中通り,37°05.9′N,140°34.0′E,11 km,2.9,震度１,37.09833333,140.5666667
2014/3/4,10:26:39,福島県中通り,37°01.7′N,140°36.7′E,8 km,3.4,震度１,37.02833333,140.6116667
2014/3/4,13:39:41,宮城県沖,38°51.9′N,141°38.2′E,61 km,3,震度１,38.865,141.6366667
2014/3/5,2:30:44,岩手県沿岸北部,39°44.5′N,141°56.2′E,26 km,4,震度２,39.74166667,141.9366667
2014/3/5,9:08:42,岩手県沖,39°12.3′N,142°22.7′E,30 km,3.8,震度１,39.205,142.3783333
2014/3/6,8:58:16,和歌山県南部,33°49.0′N,135°34.2′E,22 km,2.7,震度１,33.81666667,135.57
2014/3/6,14:53:13,茨城県沖,36°37.0′N,140°59.0′E,47 km,4,震度２,36.61666667,140.9833333
2014/3/6,18:36:16,神奈川県東部,35°23.8′N,139°24.0′E,15 km,2.4,震度１,35.39666667,139.4
2014/3/7,10:49:42,山梨県東部・富士五湖,35°32.2′N,138°59.0′E,22 km,2.9,震度２,35.53666667,138.9833333
2014/3/7,12:32:44,滋賀県南部,34°52.0′N,136°03.2′E,9 km,2.5,震度１,34.86666667,136.0533333
2014/3/7,13:23:48,宮城県沖,38°31.9′N,141°43.0′E,53 km,3.6,震度１,38.53166667,141.7166667
2014/3/7,21:27:05,和歌山県北部,34°02.0′N,135°12.6′E,5 km,2.4,震度１,34.03333333,135.21
2014/3/8,3:34:23,千葉県北東部,35°44.6′N,140°40.5′E,51 km,4.5,震度２,35.74333333,140.675
2014/3/8,6:34:13,千葉県北東部,35°45.0′N,140°40.8′E,50 km,3,震度１,35.75,140.68
2014/3/8,17:09:48,宮城県沖,38°32.4′N,141°43.5′E,53 km,3.3,震度１,38.54,141.725
2014/3/9,6:07:33,茨城県沖,36°14.7′N,140°59.4′E,39 km,3.8,震度２,36.245,140.99
2014/3/9,10:23:13,宮城県沖,38°48.6′N,141°38.8′E,66 km,3.4,震度１,38.81,141.6466667
2014/3/9,18:09:22,福島県浜通り,36°58.5′N,140°35.7′E,11 km,3.4,震度２,36.975,140.595
2014/3/10,0:13:23,根室半島南東沖,43°16.4′N,145°52.5′E,90 km,4.6,震度３,43.27333333,145.875
2014/3/10,15:53:06,宮城県沖,38°41.0′N,142°16.1′E,38 km,4.3,震度２,38.68333333,142.2683333
2014/3/10,23:13:27,奄美大島北東沖,29°17.6′N,130°27.6′E,44 km,4.5,震度１,29.29333333,130.46
2014/3/11,0:12:03,沖縄本島近海,27°20.6′N,129°01.3′E,23 km,3.1,震度１,27.34333333,129.0216667
2014/3/11,1:22:05,長野県北部,36°33.1′N,137°52.1′E,7 km,2,震度１,36.55166667,137.8683333
2014/3/11,13:31:38,和歌山県北部,34°15.3′N,135°25.6′E,7 km,2.1,震度１,34.255,135.4266667
2014/3/11,14:24:19,国後島付近,43°43.3′N,145°09.1′E,154 km,3.7,震度１,43.72166667,145.1516667
2014/3/12,5:04:33,千葉県北西部,35°48.1′N,140°05.9′E,66 km,4.4,震度３,35.80166667,140.0983333
2014/3/12,16:35:55,群馬県南部,36°32.7′N,139°25.0′E,6 km,2.6,震度１,36.545,139.4166667
2014/3/13,7:35:54,大隅半島東方沖,31°04.1′N,131°29.6′E,29 km,4.1,震度１,31.06833333,131.4933333
2014/3/13,13:35:48,天草灘,32°33.7′N,130°00.9′E,10 km,2.9,震度２,32.56166667,130.015
2014/3/13,18:24:48,千葉県北西部,35°38.2′N,140°07.9′E,67 km,3.1,震度１,35.63666667,140.1316667
2014/3/13,22:46:56,茨城県北部,36°49.6′N,140°41.5′E,77 km,3.4,震度１,36.82666667,140.6916667
2014/3/14,2:06:51,伊予灘,33°41.5′N,131°53.4′E,78 km,6.2,震度５強,33.69166667,131.89
2014/3/14,3:23:08,和歌山県北部,34°04.6′N,135°08.3′E,6 km,2,震度１,34.07666667,135.1383333
2014/3/14,3:46:59,安芸灘,33°49.1′N,132°29.3′E,49 km,3.8,震度２,33.81833333,132.4883333
2014/3/14,4:41:14,宮城県沖,38°13.7′N,141°51.0′E,64 km,4.1,震度２,38.22833333,141.85
2014/3/14,5:05:58,岩手県沖,39°07.5′N,142°22.9′E,29 km,3.8,震度１,39.125,142.3816667
2014/3/14,11:11:15,茨城県北部,36°27.2′N,140°36.1′E,56 km,3.3,震度１,36.45333333,140.6016667
2014/3/14,17:29:26,神奈川県東部,35°32.4′N,139°37.8′E,25 km,2.4,震度１,35.54,139.63
2014/3/14,21:34:51,八丈島近海,33°18.0′N,139°35.7′E,17 km,3.3,震度１,33.3,139.595
2014/3/14,23:54:23,群馬県北部,36°54.5′N,139°23.7′E,4 km,2.9,震度１,36.90833333,139.395
2014/3/15,5:58:39,福井県嶺南,35°24.2′N,135°44.1′E,6 km,2.5,震度１,35.40333333,135.735
2014/3/15,8:35:44,茨城県北部,36°43.5′N,140°35.8′E,9 km,3.2,震度２,36.725,140.5966667
2014/3/15,13:14:25,茨城県北部,36°37.9′N,140°37.1′E,9 km,2.1,震度１,36.63166667,140.6183333
2014/3/15,20:45:47,奈良県,34°25.4′N,135°52.5′E,10 km,2.7,震度１,34.42333333,135.875
2014/3/16,7:23:48,千葉県東方沖,35°47.2′N,140°55.3′E,14 km,3.6,震度１,35.78666667,140.9216667
2014/3/16,9:05:29,千葉県北東部,35°44.7′N,140°40.7′E,50 km,3.8,震度２,35.745,140.6783333
2014/3/16,14:22:04,新島・神津島近海,34°14.6′N,139°09.0′E,10 km,2.4,震度１,34.24333333,139.15
2014/3/16,18:38:40,福島県沖,37°37.1′N,141°47.6′E,34 km,3.6,震度１,37.61833333,141.7933333
2014/3/16,18:59:12,西表島付近,24°20.1′N,123°35.1′E,16 km,3.6,震度１,24.335,123.585
2014/3/16,21:43:08,西表島付近,24°20.3′N,123°35.1′E,16 km,2.5,震度１,24.33833333,123.585
2014/3/17,7:11:57,茨城県沖,36°12.8′N,141°00.8′E,38 km,2.9,震度１,36.21333333,141.0133333
2014/3/17,9:11:02,浦河沖,42°02.8′N,142°34.4′E,61 km,3.8,震度１,42.04666667,142.5733333
2014/3/17,14:00:26,東京湾,35°29.5′N,139°52.9′E,29 km,2.6,震度１,35.49166667,139.8816667
2014/3/17,18:02:49,福島県沖,36°54.6′N,141°28.1′E,33 km,5.1,震度３,36.91,141.4683333
2014/3/17,18:47:24,北海道南西沖,41°52.3′N,139°29.1′E,13 km,3.6,震度１,41.87166667,139.485
2014/3/17,22:10:48,西表島付近,24°19.6′N,123°35.6′E,16 km,2.8,震度１,24.32666667,123.5933333
2014/3/17,22:12:56,与那国島近海,23°58.2′N,122°25.1′E,21 km,5.4,震度２,23.97,122.4183333
2014/3/18,10:32:33,茨城県南部,36°00.0′N,140°04.4′E,10 km,2.8,震度１,36,140.0733333
2014/3/18,10:49:10,福島県沖,37°23.5′N,141°17.1′E,35 km,3.7,震度２,37.39166667,141.285
2014/3/18,11:34:31,岩手県沿岸北部,39°45.3′N,141°50.8′E,58 km,3.7,震度２,39.755,141.8466667
2014/3/18,16:51:30,トカラ列島近海,29°59.4′N,130°03.8′E,10 km,2.7,震度１,29.99,130.0633333
2014/3/18,21:24:24,静岡県西部,34°51.6′N,137°46.9′E,35 km,3.2,震度１,34.86,137.7816667
2014/3/19,2:24:44,千葉県北西部,35°47.8′N,140°06.1′E,64 km,3.6,震度２,35.79666667,140.1016667
2014/3/19,4:24:28,石垣島近海,24°48.9′N,123°59.4′E,77 km,4.3,震度２,24.815,123.99
2014/3/19,6:00:38,大隅半島東方沖,31°24.5′N,131°05.0′E,58 km,3.7,震度２,31.40833333,131.0833333
2014/3/19,7:23:13,福島県沖,36°55.4′N,141°26.0′E,33 km,4.4,震度２,36.92333333,141.4333333
2014/3/19,11:38:44,福島県沖,37°20.6′N,141°14.6′E,30 km,3,震度２,37.34333333,141.2433333
2014/3/19,14:16:49,紀伊水道,34°05.4′N,135°05.1′E,9 km,2.5,震度１,34.09,135.085
2014/3/19,16:04:49,福島県浜通り,37°07.6′N,140°55.4′E,13 km,2.9,震度１,37.12666667,140.9233333
2014/3/19,21:19:26,台湾付近,23°56.2′N,122°16.9′E,21 km,6,震度２,23.93666667,122.2816667
2014/3/20,0:48:38,岩手県沿岸北部,39°45.4′N,141°50.2′E,59 km,3.9,震度２,39.75666667,141.8366667
2014/3/20,6:05:33,茨城県北部,36°28.4′N,140°31.7′E,58 km,3.5,震度１,36.47333333,140.5283333
2014/3/20,17:16:10,福島県沖,37°36.6′N,141°59.7′E,28 km,4.2,震度１,37.61,141.995
2014/3/20,18:18:24,宮城県沖,38°30.8′N,142°01.2′E,50 km,4,震度２,38.51333333,142.02
2014/3/20,18:19:57,福島県会津,37°01.6′N,139°22.1′E,6 km,2,震度１,37.02666667,139.3683333
2014/3/21,3:42:49,千葉県東方沖,35°40.4′N,140°46.8′E,43 km,3.4,震度１,35.67333333,140.78
2014/3/21,6:36:43,千葉県東方沖,35°47.9′N,141°02.0′E,29 km,3.4,震度１,35.79833333,141.0333333
2014/3/21,11:44:52,茨城県北部,36°41.3′N,140°39.6′E,10 km,2.6,震度１,36.68833333,140.66
2014/3/21,15:23:29,沖縄本島近海,26°47.7′N,128°25.1′E,31 km,4,震度２,26.795,128.4183333
2014/3/21,21:28:13,茨城県北部,36°41.2′N,140°39.6′E,10 km,2.2,震度１,36.68666667,140.66
2014/3/22,3:33:48,茨城県沖,35°56.9′N,141°08.5′E,21 km,3.9,震度２,35.94833333,141.1416667
2014/3/22,7:03:30,福島県沖,36°55.7′N,141°24.7′E,33 km,3.4,震度１,36.92833333,141.4116667
2014/3/22,14:05:10,紀伊水道,34°02.9′N,135°09.5′E,6 km,3.6,震度３,34.04833333,135.1583333
2014/3/22,14:19:57,三宅島近海,34°06.2′N,139°33.1′E,0 km,2.4,震度２,34.10333333,139.5516667
2014/3/22,15:18:12,福島県沖,37°27.5′N,141°35.3′E,42 km,3.5,震度１,37.45833333,141.5883333
2014/3/22,16:24:52,鹿児島県薩摩地方,31°17.4′N,130°25.5′E,154 km,4,震度１,31.29,130.425
2014/3/22,16:49:01,岩手県沖,40°22.5′N,142°16.4′E,40 km,3.6,震度１,40.375,142.2733333
2014/3/22,20:05:39,伊予灘,33°40.7′N,131°53.8′E,77 km,4.2,震度３,33.67833333,131.8966667
2014/3/22,23:18:46,鳥島近海,29°21.5′N,139°49.2′E,434 km,5.3,震度２,29.35833333,139.82
2014/3/22,23:38:51,鹿児島県薩摩地方,31°16.6′N,130°31.6′E,6 km,2.8,震度２,31.27666667,130.5266667
2014/3/23,0:34:22,福島県沖,36°54.5′N,141°24.7′E,34 km,3.8,震度１,36.90833333,141.4116667
2014/3/23,4:08:50,伊勢湾,34°53.3′N,136°44.8′E,13 km,2.6,震度１,34.88833333,136.7466667
2014/3/23,4:41:20,宮城県沖,38°13.4′N,141°48.6′E,17 km,3.8,震度２,38.22333333,141.81
2014/3/23,14:26:36,宮城県北部,38°49.0′N,141°31.5′E,104 km,3.4,震度１,38.81666667,141.525
2014/3/24,15:41:26,青森県東方沖,41°01.6′N,142°43.8′E,16 km,3.9,震度１,41.02666667,142.73
2014/3/24,19:16:53,茨城県南部,36°03.1′N,139°53.6′E,45 km,3.5,震度２,36.05166667,139.8933333
2014/3/24,19:49:05,福島県沖,37°31.7′N,141°45.2′E,39 km,3.8,震度１,37.52833333,141.7533333
2014/3/24,21:48:17,福島県会津,37°41.2′N,139°57.6′E,9 km,3.3,震度２,37.68666667,139.96
2014/3/25,0:27:16,茨城県南部,35°59.9′N,140°04.3′E,10 km,2.8,震度１,35.99833333,140.0716667
2014/3/25,2:04:47,熊本県熊本地方,32°38.1′N,130°41.3′E,7 km,1.8,震度１,32.635,130.6883333
2014/3/25,6:23:16,福井県嶺南,35°26.8′N,135°52.0′E,14 km,2.8,震度２,35.44666667,135.8666667
2014/3/25,9:07:58,岩手県沖,40°07.7′N,141°54.1′E,63 km,3.1,震度１,40.12833333,141.9016667
2014/3/25,9:56:10,宮城県沖,38°27.5′N,141°50.4′E,55 km,3.9,震度２,38.45833333,141.84
2014/3/25,10:31:09,宮城県沖,38°27.5′N,141°50.3′E,55 km,3.9,震度１,38.45833333,141.8383333
2014/3/25,10:50:51,千葉県東方沖,35°47.2′N,140°53.7′E,12 km,3.6,震度１,35.78666667,140.895
2014/3/25,12:07:04,徳島県南部,33°54.8′N,134°38.6′E,5 km,1.8,震度１,33.91333333,134.6433333
2014/3/25,12:54:27,福島県沖,37°18.6′N,141°06.3′E,28 km,3.3,震度１,37.31,141.105
2014/3/25,16:09:47,千葉県東方沖,35°46.8′N,140°55.0′E,14 km,3.6,震度１,35.78,140.9166667
2014/3/25,23:43:13,日向灘,31°58.7′N,131°35.9′E,37 km,3.8,震度２,31.97833333,131.5983333
2014/3/26,2:19:14,沖縄本島近海,26°17.4′N,127°19.4′E,45 km,3.3,震度１,26.29,127.3233333
2014/3/26,2:21:30,茨城県沖,36°24.2′N,141°01.6′E,46 km,3.6,震度１,36.40333333,141.0266667
2014/3/26,4:08:07,岩手県沖,39°37.8′N,142°07.7′E,48 km,3.4,震度１,39.63,142.1283333
2014/3/26,4:54:00,福島県沖,37°12.2′N,141°26.3′E,47 km,4.4,震度２,37.20333333,141.4383333
2014/3/26,17:49:42,薩南諸島東方沖,28°07.8′N,131°36.3′E,77 km,5.3,震度３,28.13,131.605
2014/3/27,4:29:09,山梨県中・西部,35°21.8′N,138°32.7′E,12 km,2.6,震度１,35.36333333,138.545
2014/3/27,12:23:59,宮城県沖,38°10.0′N,141°40.5′E,50 km,3.8,震度１,38.16666667,141.675
2014/3/27,14:20:42,茨城県北部,36°50.0′N,140°33.8′E,8 km,3.8,震度２,36.83333333,140.5633333
2014/3/27,15:50:28,茨城県北部,36°49.9′N,140°33.2′E,7 km,3.3,震度１,36.83166667,140.5533333
2014/3/27,16:42:49,茨城県北部,36°49.9′N,140°33.1′E,8 km,3.3,震度１,36.83166667,140.5516667
2014/3/27,17:19:34,岩手県沖,39°10.7′N,142°24.1′E,29 km,3.7,震度１,39.17833333,142.4016667
2014/3/28,3:17:54,日高地方西部,42°46.6′N,142°40.2′E,29 km,4,震度２,42.77666667,142.67
2014/3/28,3:19:15,日高地方西部,42°46.7′N,142°40.5′E,27 km,3.5,震度１,42.77833333,142.675
2014/3/28,3:46:04,宮城県沖,38°25.4′N,142°10.0′E,37 km,4,震度２,38.42333333,142.1666667
2014/3/28,7:47:36,千葉県北西部,35°38.1′N,140°04.1′E,72 km,3.5,震度１,35.635,140.0683333
2014/3/28,8:33:55,宮城県沖,38°27.8′N,141°53.7′E,55 km,3.8,震度１,38.46333333,141.895
2014/3/28,14:07:14,日高地方西部,42°46.8′N,142°40.5′E,26 km,3.6,震度１,42.78,142.675
2014/3/28,17:32:52,岩手県沖,39°45.4′N,142°34.0′E,50 km,3.6,震度１,39.75666667,142.5666667
2014/3/28,23:37:44,茨城県南部,35°59.8′N,140°04.3′E,10 km,2.9,震度１,35.99666667,140.0716667
2014/3/28,23:39:43,茨城県南部,35°59.8′N,140°04.3′E,10 km,2.9,震度１,35.99666667,140.0716667
2014/3/29,2:31:21,千葉県東方沖,35°47.8′N,140°57.7′E,14 km,3.6,震度１,35.79666667,140.9616667
2014/3/29,10:53:58,茨城県沖,36°22.2′N,141°48.8′E,53 km,5.3,震度２,36.37,141.8133333
2014/3/29,11:53:34,福島県沖,36°54.9′N,141°25.5′E,35 km,4.1,震度１,36.915,141.425
2014/3/29,16:39:47,青森県東方沖,40°54.9′N,143°15.6′E,26 km,4.8,震度２,40.915,143.26
2014/3/30,4:28:28,茨城県沖,36°38.3′N,140°54.5′E,50 km,3.7,震度２,36.63833333,140.9083333
2014/3/30,5:54:53,福島県会津,36°55.1′N,139°24.1′E,4 km,2.7,震度１,36.91833333,139.4016667
2014/3/30,12:23:36,千葉県北西部,35°47.4′N,140°05.3′E,67 km,3.9,震度２,35.79,140.0883333
2014/3/30,15:51:01,大分県中部,33°17.5′N,131°26.9′E,5 km,2.3,震度１,33.29166667,131.4483333
2014/3/30,20:11:57,福島県沖,37°16.3′N,142°08.2′E,33 km,4.8,震度３,37.27166667,142.1366667
2014/3/31,9:24:14,千葉県東方沖,35°39.8′N,140°58.3′E,18 km,3.4,震度１,35.66333333,140.9716667
2014/3/31,9:45:43,茨城県北部,36°40.8′N,140°39.9′E,10 km,2.9,震度２,36.68,140.665
2014/3/31,11:59:15,宮城県沖,38°55.5′N,141°55.2′E,51 km,3.8,震度２,38.925,141.92
2014/3/31,16:00:12,茨城県北部,36°49.0′N,140°35.6′E,7 km,2.9,震度１,36.81666667,140.5933333
2014/3/31,23:03:39,茨城県沖,36°46.2′N,140°57.7′E,57 km,3.3,震度１,36.77,140.9616667
2014/4/1,1:15:11,茨城県北部,36°40.7′N,140°39.4′E,10 km,3.6,震度２,36.67833333,140.6566667
2014/4/1,1:57:57,千葉県東方沖,35°47.2′N,140°53.6′E,12 km,3.3,震度１,35.78666667,140.8933333
2014/4/1,4:43:20,安芸灘,34°04.8′N,132°55.8′E,43 km,3,震度１,34.08,132.93
2014/4/1,6:37:53,茨城県北部,36°40.4′N,140°39.5′E,10 km,3.7,震度３,36.67333333,140.6583333
2014/4/1,7:17:17,青森県東方沖,41°30.4′N,141°59.6′E,41 km,3.6,震度１,41.50666667,141.9933333
2014/4/1,7:36:18,青森県東方沖,40°38.8′N,142°38.9′E,24 km,4,震度１,40.64666667,142.6483333
2014/4/1,8:02:07,茨城県沖,36°50.0′N,141°09.9′E,35 km,3.9,震度２,36.83333333,141.165
2014/4/1,9:50:46,岩手県沖,39°11.1′N,142°24.8′E,36 km,3.8,震度１,39.185,142.4133333
2014/4/1,11:32:26,父島近海,26°23.9′N,142°07.6′E,43 km,,震度１,26.39833333,142.1266667
2014/4/1,13:08:47,宮城県沖,38°13.9′N,141°31.1′E,49 km,4.4,震度３,38.23166667,141.5183333
2014/4/1,14:05:08,岩手県沖,39°52.5′N,142°10.1′E,47 km,3.7,震度１,39.875,142.1683333
2014/4/2,0:37:32,岩手県沖,39°10.4′N,142°25.9′E,31 km,4,震度１,39.17333333,142.4316667
2014/4/2,4:59:28,長野県南部,35°52.0′N,137°38.9′E,9 km,3.4,震度３,35.86666667,137.6483333
2014/4/2,11:11:10,父島近海,26°33.8′N,141°30.3′E,121 km,4.4,震度１,26.56333333,141.505
2014/4/2,19:28:59,福島県浜通り,37°07.0′N,140°40.8′E,7 km,2.8,震度１,37.11666667,140.68
2014/4/2,20:48:46,茨城県北部,36°40.1′N,140°39.6′E,9 km,2.5,震度１,36.66833333,140.66
2014/4/2,21:48:24,茨城県北部,36°40.1′N,140°39.6′E,9 km,2.5,震度１,36.66833333,140.66
2014/4/2,22:50:14,茨城県北部,36°49.6′N,140°33.3′E,17 km,3,震度１,36.82666667,140.555
2014/4/3,0:38:26,徳島県南部,33°48.1′N,134°30.9′E,15 km,3.4,震度２,33.80166667,134.515
2014/4/3,4:58:32,福島県会津,37°30.4′N,139°45.1′E,8 km,2.5,震度１,37.50666667,139.7516667
2014/4/3,5:54:40,岩手県沖,40°17.7′N,142°17.6′E,38 km,3.7,震度１,40.295,142.2933333
2014/4/3,8:22:48,岩手県沿岸南部,39°10.2′N,141°45.8′E,64 km,5.5,震度４,39.17,141.7633333
2014/4/3,8:26:01,岩手県沖,39°12.5′N,142°25.2′E,30 km,3.8,震度１,39.20833333,142.42
2014/4/3,9:47:06,岩手県沿岸南部,39°10.7′N,141°45.3′E,61 km,3.9,震度２,39.17833333,141.755
2014/4/3,19:16:48,和歌山県北部,34°09.1′N,135°14.4′E,4 km,2.9,震度２,34.15166667,135.24
2014/4/4,0:46:45,日向灘,32°33.8′N,132°03.1′E,35 km,4.3,震度３,32.56333333,132.0516667
2014/4/4,3:47:09,宮城県沖,38°19.1′N,142°05.6′E,33 km,3.9,震度１,38.31833333,142.0933333
2014/4/4,6:20:29,京都府南部,35°14.6′N,135°20.3′E,11 km,3.3,震度２,35.24333333,135.3383333
2014/4/4,12:55:28,京都府南部,35°02.6′N,135°39.0′E,12 km,3.4,震度２,35.04333333,135.65
2014/4/4,14:12:40,釧路沖,42°57.9′N,145°24.5′E,47 km,3.3,震度１,42.965,145.4083333
2014/4/4,16:12:30,岩手県沿岸南部,39°10.0′N,141°45.5′E,64 km,3.1,震度１,39.16666667,141.7583333
2014/4/4,19:12:56,茨城県北部,36°42.7′N,140°36.1′E,8 km,2.9,震度１,36.71166667,140.6016667
2014/4/4,22:21:34,京都府南部,35°08.8′N,135°30.2′E,6 km,2.2,震度１,35.14666667,135.5033333
2014/4/5,3:24:00,和歌山県北部,34°09.0′N,135°14.2′E,4 km,2.6,震度２,34.15,135.2366667
2014/4/5,10:09:29,岩手県沿岸南部,39°09.9′N,141°45.5′E,64 km,3.1,震度１,39.165,141.7583333
2014/4/5,10:16:18,岩手県沖,39°11.3′N,142°25.2′E,34 km,5.3,震度３,39.18833333,142.42
2014/4/5,15:15:59,茨城県北部,36°41.6′N,140°38.3′E,9 km,2.9,震度１,36.69333333,140.6383333
2014/4/5,16:34:33,岐阜県美濃中西部,35°44.6′N,136°49.3′E,10 km,2.9,震度１,35.74333333,136.8216667
2014/4/5,23:19:03,福島県沖,37°27.5′N,141°34.9′E,44 km,3.5,震度１,37.45833333,141.5816667
2014/4/6,1:24:24,岐阜県美濃東部,35°22.9′N,137°05.3′E,47 km,3.9,震度２,35.38166667,137.0883333
2014/4/6,9:04:11,茨城県北部,36°42.6′N,140°35.1′E,10 km,2.7,震度１,36.71,140.585
2014/4/6,15:33:14,石垣島近海,24°36.4′N,123°29.4′E,8 km,3.9,震度１,24.60666667,123.49
2014/4/6,23:30:11,茨城県北部,36°23.1′N,140°33.8′E,54 km,3,震度１,36.385,140.5633333
2014/4/7,1:00:53,鳥取県西部,35°12.2′N,133°24.1′E,12 km,3,震度１,35.20333333,133.4016667
2014/4/7,13:07:51,淡路島付近,34°27.0′N,134°50.4′E,11 km,3.2,震度２,34.45,134.84
2014/4/7,17:12:32,奄美大島近海,28°48.8′N,129°57.0′E,36 km,4.4,震度２,28.81333333,129.95
2014/4/8,3:35:57,宮古島近海,24°54.8′N,125°39.3′E,50 km,3.5,震度１,24.91333333,125.655
2014/4/8,3:42:13,和歌山県南方沖,33°28.0′N,135°34.1′E,30 km,3.7,震度１,33.46666667,135.5683333
2014/4/8,5:07:57,新潟県中越地方,37°23.1′N,138°57.3′E,9 km,4.4,震度４,37.385,138.955
2014/4/8,5:52:38,群馬県南部,36°31.3′N,139°21.5′E,5 km,2.6,震度１,36.52166667,139.3583333
2014/4/8,16:55:51,滋賀県南部,35°12.2′N,135°59.2′E,11 km,2.7,震度１,35.20333333,135.9866667
2014/4/8,18:19:15,土佐湾,33°23.0′N,133°58.6′E,27 km,3.7,震度２,33.38333333,133.9766667
2014/4/8,21:49:37,千葉県東方沖,35°24.0′N,140°24.5′E,59 km,3.5,震度２,35.4,140.4083333
2014/4/8,23:11:54,京都府南部,35°14.6′N,135°20.3′E,11 km,3.4,震度２,35.24333333,135.3383333
2014/4/9,0:02:07,茨城県沖,36°18.1′N,141°47.8′E,58 km,4.6,震度１,36.30166667,141.7966667
2014/4/9,15:11:20,福島県沖,37°16.1′N,141°08.5′E,17 km,3.3,震度２,37.26833333,141.1416667
2014/4/9,15:44:54,新島・神津島近海,34°21.6′N,139°14.3′E,6 km,2.2,震度２,34.36,139.2383333
2014/4/9,16:05:53,新島・神津島近海,34°21.7′N,139°14.4′E,6 km,1.9,震度１,34.36166667,139.24
2014/4/9,18:23:59,茨城県沖,36°43.5′N,141°14.6′E,37 km,4,震度２,36.725,141.2433333
2014/4/10,11:38:05,与那国島近海,23°43.7′N,123°01.5′E,48 km,4.8,震度１,23.72833333,123.025
2014/4/10,13:17:15,千葉県北西部,35°48.0′N,140°07.2′E,63 km,3.8,震度２,35.8,140.12
2014/4/10,13:19:04,千葉県北西部,35°48.1′N,140°07.5′E,63 km,3.9,震度２,35.80166667,140.125
2014/4/10,17:31:06,長野県中部,36°09.0′N,137°58.3′E,4 km,2.7,震度３,36.15,137.9716667
2014/4/10,23:52:25,茨城県沖,36°39.2′N,141°05.4′E,25 km,3.8,震度１,36.65333333,141.09
2014/4/11,0:53:28,宮城県沖,38°47.5′N,141°35.8′E,73 km,3.5,震度２,38.79166667,141.5966667
2014/4/11,1:06:22,日高地方西部,42°46.7′N,142°40.7′E,29 km,3,震度１,42.77833333,142.6783333
2014/4/11,7:43:21,兵庫県南西部,34°58.5′N,134°36.9′E,14 km,3.9,震度２,34.975,134.615
2014/4/11,12:10:11,千葉県東方沖,35°39.3′N,140°53.1′E,10 km,3.7,震度１,35.655,140.885
2014/4/11,12:45:06,千葉県東方沖,35°39.8′N,140°53.4′E,10 km,3.9,震度２,35.66333333,140.89
2014/4/11,16:19:22,千葉県北西部,35°17.0′N,140°11.3′E,10 km,2.6,震度１,35.28333333,140.1883333
2014/4/11,21:49:31,鳥取県西部,35°16.3′N,133°21.1′E,10 km,2.5,震度１,35.27166667,133.3516667
2014/4/11,23:21:38,奄美大島近海,28°35.8′N,129°36.5′E,54 km,4.1,震度３,28.59666667,129.6083333
2014/4/12,0:01:52,能登半島沖,37°16.3′N,136°42.2′E,7 km,3.2,震度２,37.27166667,136.7033333
2014/4/12,0:18:23,青森県東方沖,40°52.1′N,143°00.8′E,11 km,4.2,震度１,40.86833333,143.0133333
2014/4/12,3:23:50,茨城県沖,36°13.9′N,141°00.9′E,45 km,3.5,震度１,36.23166667,141.015
2014/4/12,8:23:07,茨城県南部,36°10.6′N,140°02.6′E,51 km,3.3,震度１,36.17666667,140.0433333
2014/4/12,10:39:15,和歌山県北部,34°02.2′N,135°15.9′E,4 km,2.2,震度１,34.03666667,135.265
2014/4/13,0:19:08,宮城県沖,37°49.1′N,142°34.5′E,43 km,4.2,震度１,37.81833333,142.575
2014/4/13,18:16:03,福島県沖,37°18.4′N,141°09.9′E,64 km,4.9,震度４,37.30666667,141.165
2014/4/14,7:18:24,紀伊水道,34°13.3′N,135°08.8′E,6 km,2.5,震度１,34.22166667,135.1466667
2014/4/14,13:16:29,千葉県東方沖,35°33.5′N,141°03.2′E,38 km,3.4,震度１,35.55833333,141.0533333
2014/4/14,13:29:30,茨城県北部,36°40.9′N,140°37.6′E,6 km,3,震度２,36.68166667,140.6266667
2014/4/15,2:55:24,釧路沖,42°58.1′N,145°20.3′E,49 km,3.2,震度１,42.96833333,145.3383333
2014/4/15,10:35:12,宮城県沖,37°57.7′N,141°54.5′E,44 km,4.1,震度２,37.96166667,141.9083333
2014/4/15,20:43:14,山梨県東部・富士五湖,35°30.3′N,139°01.3′E,20 km,3.7,震度２,35.505,139.0216667
2014/4/16,0:28:48,日高地方中部,42°15.6′N,142°35.4′E,6 km,3.1,震度３,42.26,142.59
2014/4/16,3:36:09,茨城県沖,36°10.6′N,140°57.8′E,43 km,4.4,震度３,36.17666667,140.9633333
2014/4/16,5:34:46,根室半島南東沖,43°08.0′N,146°44.6′E,62 km,4.3,震度１,43.13333333,146.7433333
2014/4/16,21:16:20,岩手県沖,39°04.4′N,142°24.7′E,42 km,4.2,震度２,39.07333333,142.4116667
2014/4/17,2:20:11,宮城県沖,38°18.2′N,141°53.0′E,46 km,4.2,震度３,38.30333333,141.8833333
2014/4/17,2:57:31,青森県東方沖,40°30.7′N,141°55.0′E,66 km,3.3,震度１,40.51166667,141.9166667
2014/4/17,3:17:20,福島県沖,37°19.1′N,142°07.2′E,30 km,5.1,震度３,37.31833333,142.12
2014/4/17,14:33:22,茨城県沖,36°10.4′N,140°56.0′E,43 km,3.5,震度１,36.17333333,140.9333333
2014/4/17,16:49:05,新潟県上越地方,37°08.1′N,138°24.6′E,24 km,2.6,震度１,37.135,138.41
2014/4/17,17:23:52,有明海,32°59.7′N,130°20.1′E,12 km,3.6,震度２,32.995,130.335
2014/4/17,21:20:06,房総半島南方沖,34°24.1′N,140°07.4′E,38 km,3.6,震度１,34.40166667,140.1233333
2014/4/17,23:44:00,福島県沖,37°31.1′N,142°05.0′E,33 km,5,震度２,37.51833333,142.0833333
2014/4/18,7:53:03,茨城県南部,36°07.4′N,139°50.7′E,49 km,4.7,震度４,36.12333333,139.845
2014/4/18,9:02:30,日高地方西部,42°36.3′N,142°11.6′E,110 km,4.2,震度２,42.605,142.1933333
2014/4/18,11:00:48,根室半島南東沖,42°56.0′N,146°19.1′E,45 km,4.3,震度１,42.93333333,146.3183333
2014/4/18,19:03:16,根室半島南東沖,43°25.0′N,146°04.5′E,67 km,3.2,震度１,43.41666667,146.075
2014/4/19,15:19:35,福井県嶺南,35°22.2′N,135°42.4′E,8 km,2.6,震度１,35.37,135.7066667
2014/4/19,15:43:38,静岡県西部,34°42.4′N,137°46.4′E,19 km,2.6,震度１,34.70666667,137.7733333
2014/4/19,17:09:10,宮城県沖,38°07.1′N,141°47.6′E,85 km,3.9,震度１,38.11833333,141.7933333
2014/4/20,6:39:44,岐阜県飛騨地方,36°03.1′N,137°32.8′E,7 km,2.1,震度１,36.05166667,137.5466667
2014/4/20,16:08:04,青森県東方沖,40°40.0′N,142°27.3′E,54 km,4.1,震度２,40.66666667,142.455
2014/4/21,4:30:10,福島県沖,36°52.1′N,142°00.5′E,42 km,4.7,震度２,36.86833333,142.0083333
2014/4/21,8:00:12,千葉県東方沖,35°34.2′N,140°39.5′E,26 km,3.1,震度１,35.57,140.6583333
2014/4/21,16:46:54,十勝沖,42°29.5′N,143°33.8′E,77 km,4.2,震度２,42.49166667,143.5633333
2014/4/22,4:36:15,宮城県沖,38°38.7′N,142°10.0′E,41 km,4,震度１,38.645,142.1666667
2014/4/22,5:11:39,宮城県沖,38°10.5′N,141°40.3′E,50 km,3.8,震度１,38.175,141.6716667
2014/4/22,5:39:24,岩手県沿岸北部,40°21.4′N,141°41.5′E,51 km,3.7,震度２,40.35666667,141.6916667
2014/4/22,6:22:55,千葉県東方沖,35°37.0′N,141°03.3′E,26 km,4.6,震度２,35.61666667,141.055
2014/4/22,11:59:27,新潟県中越地方,36°59.2′N,138°40.8′E,9 km,1.6,震度１,36.98666667,138.68
2014/4/22,13:58:02,茨城県沖,36°50.7′N,141°25.4′E,40 km,4.1,震度２,36.845,141.4233333
2014/4/22,14:40:40,宮城県沖,38°19.7′N,142°06.5′E,33 km,4,震度１,38.32833333,142.1083333
2014/4/22,15:23:30,島根県西部,35°09.5′N,132°33.8′E,9 km,3.5,震度２,35.15833333,132.5633333
2014/4/22,20:46:47,八丈島東方沖,33°47.8′N,140°48.6′E,54 km,4.8,震度１,33.79666667,140.81
2014/4/22,23:53:19,岐阜県美濃東部,35°16.9′N,137°12.8′E,47 km,3.2,震度１,35.28166667,137.2133333
2014/4/23,5:03:59,宮城県沖,38°41.7′N,141°47.8′E,54 km,3.2,震度１,38.695,141.7966667
2014/4/23,15:47:40,秋田県内陸南部,39°26.9′N,140°22.8′E,8 km,1.9,震度１,39.44833333,140.38
2014/4/23,16:08:20,秋田県内陸南部,39°27.1′N,140°22.6′E,8 km,1.5,震度１,39.45166667,140.3766667
2014/4/23,21:44:24,山梨県東部・富士五湖,35°32.6′N,138°59.3′E,21 km,2.6,震度１,35.54333333,138.9883333
2014/4/24,2:59:38,広島県北部,34°52.5′N,132°54.0′E,14 km,3.4,震度２,34.875,132.9
2014/4/24,7:25:06,奄美大島近海,27°37.2′N,129°28.6′E,41 km,4.6,震度２,27.62,129.4766667
2014/4/24,11:54:56,千葉県北西部,35°50.9′N,140°13.0′E,54 km,3.4,震度１,35.84833333,140.2166667
2014/4/24,16:50:33,岐阜県美濃中西部,35°44.6′N,137°06.4′E,8 km,2.8,震度１,35.74333333,137.1066667
2014/4/24,17:22:47,大阪府北部,34°54.1′N,135°35.1′E,12 km,3.7,震度２,34.90166667,135.585
2014/4/24,17:46:44,福島県浜通り,36°55.4′N,140°41.2′E,5 km,3.7,震度１,36.92333333,140.6866667
2014/4/24,20:39:44,福島県会津,37°04.1′N,139°21.1′E,7 km,2.2,震度１,37.06833333,139.3516667
2014/4/25,8:43:23,茨城県沖,36°25.9′N,140°41.0′E,52 km,4.1,震度３,36.43166667,140.6833333
2014/4/25,10:28:40,岩手県沖,40°07.8′N,142°28.8′E,33 km,4,震度１,40.13,142.48
2014/4/26,2:00:52,長野県北部,36°36.1′N,137°51.8′E,16 km,2.2,震度１,36.60166667,137.8633333
2014/4/26,2:55:25,十勝沖,42°14.0′N,144°10.9′E,69 km,3.8,震度１,42.23333333,144.1816667
2014/4/26,4:15:28,千葉県東方沖,35°47.1′N,140°52.0′E,14 km,4.4,震度３,35.785,140.8666667
2014/4/27,1:35:26,奄美大島近海,28°37.5′N,129°48.2′E,45 km,4.3,震度１,28.625,129.8033333
2014/4/27,5:08:57,浦河沖,41°49.6′N,142°12.9′E,72 km,3.8,震度１,41.82666667,142.215
2014/4/27,15:32:15,千葉県東方沖,35°48.2′N,140°54.0′E,12 km,3.6,震度１,35.80333333,140.9
2014/4/27,17:29:33,千葉県東方沖,35°28.2′N,140°55.0′E,23 km,3.3,震度１,35.47,140.9166667
2014/4/28,4:50:37,石垣島近海,24°47.8′N,123°28.5′E,19 km,3.9,震度１,24.79666667,123.475
2014/4/28,7:08:37,岩手県内陸南部,39°32.0′N,141°24.9′E,76 km,3.7,震度２,39.53333333,141.415
2014/4/28,11:10:27,茨城県南部,36°02.4′N,139°55.6′E,43 km,2.8,震度１,36.04,139.9266667
2014/4/28,14:01:46,広島県北部,34°50.9′N,133°08.2′E,22 km,2.6,震度１,34.84833333,133.1366667
2014/4/28,20:07:28,宮城県沖,38°48.2′N,142°24.6′E,36 km,3.9,震度１,38.80333333,142.41
2014/4/29,2:27:30,岐阜県飛騨地方,36°16.8′N,137°04.1′E,2 km,2.1,震度１,36.28,137.0683333
2014/4/29,3:00:11,日高地方東部,42°20.0′N,143°00.0′E,52 km,3.3,震度１,42.33333333,143
2014/4/29,7:34:11,和歌山県北部,34°00.8′N,135°09.1′E,7 km,2.4,震度１,34.01333333,135.1516667
2014/4/29,10:21:28,宮城県沖,38°08.8′N,141°44.2′E,54 km,3.9,震度２,38.14666667,141.7366667
2014/4/29,14:00:12,宮城県沖,38°08.6′N,141°44.6′E,54 km,4.2,震度２,38.14333333,141.7433333
2014/4/29,15:00:26,福島県会津,37°40.2′N,139°56.1′E,9 km,2.3,震度１,37.67,139.935
2014/4/29,15:57:55,茨城県南部,36°01.5′N,140°05.2′E,61 km,3.3,震度１,36.025,140.0866667
2014/4/30,11:21:52,京都府南部,35°02.7′N,135°38.9′E,11 km,3,震度２,35.045,135.6483333
2014/4/30,12:03:26,茨城県南部,36°04.5′N,139°51.3′E,46 km,3,震度１,36.075,139.855
2014/5/1,10:09:47,福島県中通り,37°09.3′N,140°12.8′E,9 km,2.7,震度２,37.155,140.2133333
2014/5/1,11:07:48,福井県嶺北,35°55.8′N,136°19.6′E,6 km,2.4,震度１,35.93,136.3266667
2014/5/1,11:21:31,瀬戸内海中部,34°12.9′N,133°23.7′E,15 km,3.6,震度２,34.215,133.395
2014/5/1,12:25:01,岩手県沖,39°36.9′N,142°18.7′E,53 km,4,震度２,39.615,142.3116667
2014/5/1,13:28:40,宮城県沖,38°08.7′N,141°44.5′E,55 km,3.8,震度１,38.145,141.7416667
2014/5/1,22:20:10,京都府北部,35°35.2′N,135°02.8′E,10 km,3.1,震度２,35.58666667,135.0466667
2014/5/2,10:04:20,宮城県沖,38°18.1′N,141°51.0′E,47 km,3.8,震度１,38.30166667,141.85
2014/5/2,16:50:56,鳥取県西部,35°13.0′N,133°23.7′E,10 km,2.7,震度１,35.21666667,133.395
2014/5/2,18:15:22,三陸沖,37°56.3′N,144°08.0′E,48 km,5.6,震度２,37.93833333,144.1333333
2014/5/2,22:39:42,千葉県東方沖,35°35.7′N,140°54.2′E,18 km,3.5,震度１,35.595,140.9033333
2014/5/3,0:31:10,西表島付近,24°26.0′N,123°57.0′E,0 km,3.3,震度１,24.43333333,123.95
2014/5/3,4:26:54,福島県沖,37°09.9′N,141°12.7′E,36 km,3.6,震度１,37.165,141.2116667
2014/5/3,4:55:36,宮城県沖,38°36.9′N,141°54.3′E,48 km,3.3,震度１,38.615,141.905
2014/5/3,8:24:10,岐阜県美濃中西部,35°38.5′N,136°36.8′E,9 km,2.6,震度１,35.64166667,136.6133333
2014/5/3,10:02:47,岐阜県飛騨地方,36°16.1′N,137°36.0′E,4 km,3.8,震度３,36.26833333,137.6
2014/5/3,10:08:00,岐阜県飛騨地方,36°16.3′N,137°36.2′E,3 km,3.3,震度３,36.27166667,137.6033333
2014/5/3,10:11:05,岐阜県飛騨地方,36°16.4′N,137°36.2′E,3 km,2.2,震度１,36.27333333,137.6033333
2014/5/3,10:15:57,岐阜県飛騨地方,36°16.2′N,137°36.3′E,3 km,2.5,震度１,36.27,137.605
2014/5/3,10:45:39,岐阜県飛騨地方,36°16.4′N,137°36.1′E,3 km,3.5,震度３,36.27333333,137.6016667
2014/5/3,10:54:02,岐阜県飛騨地方,36°16.6′N,137°36.2′E,3 km,2.6,震度１,36.27666667,137.6033333
2014/5/3,11:13:51,岐阜県飛騨地方,36°15.8′N,137°36.3′E,3 km,3.2,震度２,36.26333333,137.605
2014/5/3,11:14:53,岐阜県飛騨地方,36°15.9′N,137°36.1′E,3 km,2.6,震度１,36.265,137.6016667
2014/5/3,11:20:48,岐阜県飛騨地方,36°15.7′N,137°36.1′E,3 km,3.5,震度３,36.26166667,137.6016667
2014/5/3,11:23:10,岐阜県飛騨地方,36°15.9′N,137°36.1′E,3 km,3.3,震度３,36.265,137.6016667
2014/5/3,11:30:53,岐阜県飛騨地方,36°15.6′N,137°36.1′E,4 km,2.1,震度１,36.26,137.6016667
2014/5/3,11:33:21,岐阜県飛騨地方,36°16.5′N,137°36.2′E,3 km,3.3,震度３,36.275,137.6033333
2014/5/3,11:55:43,岐阜県飛騨地方,36°15.4′N,137°36.3′E,3 km,2.6,震度１,36.25666667,137.605
2014/5/3,11:59:41,岐阜県飛騨地方,36°15.6′N,137°36.1′E,3 km,2.9,震度２,36.26,137.6016667
2014/5/3,12:08:31,岐阜県飛騨地方,36°15.5′N,137°36.3′E,3 km,2.5,震度１,36.25833333,137.605
2014/5/3,12:20:41,岐阜県飛騨地方,36°16.1′N,137°36.1′E,3 km,2.9,震度１,36.26833333,137.6016667
2014/5/3,12:23:49,岐阜県飛騨地方,36°16.7′N,137°36.1′E,3 km,2.7,震度１,36.27833333,137.6016667
2014/5/3,14:05:02,岐阜県飛騨地方,36°15.6′N,137°36.2′E,3 km,2.8,震度１,36.26,137.6033333
2014/5/3,14:42:22,岐阜県飛騨地方,36°15.2′N,137°36.1′E,3 km,3.5,震度２,36.25333333,137.6016667
2014/5/3,15:02:16,岐阜県飛騨地方,36°15.6′N,137°36.1′E,3 km,2.9,震度２,36.26,137.6016667
2014/5/3,15:03:51,岐阜県飛騨地方,36°15.9′N,137°36.2′E,3 km,2.2,震度１,36.265,137.6033333
2014/5/3,15:04:49,岐阜県飛騨地方,36°15.6′N,137°36.3′E,3 km,2.8,震度１,36.26,137.605
2014/5/3,15:07:10,岐阜県飛騨地方,36°15.3′N,137°35.8′E,3 km,3.6,震度２,36.255,137.5966667
2014/5/3,15:10:08,岐阜県飛騨地方,36°14.8′N,137°35.7′E,4 km,3.5,震度２,36.24666667,137.595
2014/5/3,15:26:58,長野県中部,36°14.8′N,137°36.0′E,3 km,3.9,震度３,36.24666667,137.6
2014/5/3,15:42:55,岐阜県飛騨地方,36°15.5′N,137°36.0′E,3 km,2.4,震度１,36.25833333,137.6
2014/5/3,16:00:12,岐阜県飛騨地方,36°15.1′N,137°36.2′E,3 km,2.5,震度１,36.25166667,137.6033333
2014/5/3,16:20:22,岐阜県飛騨地方,36°15.3′N,137°35.8′E,4 km,3.8,震度３,36.255,137.5966667
2014/5/3,16:23:11,岐阜県飛騨地方,36°15.1′N,137°36.0′E,4 km,2.2,震度１,36.25166667,137.6
2014/5/3,16:37:14,岐阜県飛騨地方,36°16.0′N,137°36.2′E,3 km,2.5,震度１,36.26666667,137.6033333
2014/5/3,17:01:15,岐阜県飛騨地方,36°15.1′N,137°36.1′E,3 km,3.2,震度２,36.25166667,137.6016667
2014/5/3,17:05:58,岐阜県飛騨地方,36°16.1′N,137°36.2′E,3 km,2.6,震度１,36.26833333,137.6033333
2014/5/3,18:13:40,長野県中部,36°14.8′N,137°36.2′E,4 km,3.1,震度１,36.24666667,137.6033333
2014/5/3,19:37:55,西表島付近,24°26.2′N,123°56.9′E,0 km,3.5,震度１,24.43666667,123.9483333
2014/5/3,19:41:02,岩手県沿岸南部,39°10.7′N,141°45.2′E,61 km,3.4,震度１,39.17833333,141.7533333
2014/5/3,19:57:14,硫黄島近海,22°34.5′N,144°22.4′E,107 km,6,震度２,22.575,144.3733333
2014/5/3,21:06:11,福島県中通り,37°09.2′N,140°12.7′E,8 km,2.1,震度１,37.15333333,140.2116667
2014/5/3,21:15:16,岐阜県飛騨地方,36°15.8′N,137°36.0′E,4 km,2.3,震度１,36.26333333,137.6
2014/5/3,22:39:05,福島県沖,37°19.5′N,141°19.7′E,57 km,4.1,震度２,37.325,141.3283333
2014/5/3,23:41:43,岩手県沖,39°02.8′N,142°43.5′E,28 km,4.4,震度１,39.04666667,142.725
2014/5/4,5:42:48,福島県沖,37°49.7′N,141°29.8′E,60 km,3.6,震度１,37.82833333,141.4966667
2014/5/4,9:20:59,岐阜県飛騨地方,36°16.1′N,137°36.2′E,3 km,3.6,震度３,36.26833333,137.6033333
2014/5/4,9:22:01,岐阜県飛騨地方,36°16.3′N,137°36.1′E,3 km,2.7,震度１,36.27166667,137.6016667
2014/5/4,9:24:51,岐阜県飛騨地方,36°15.7′N,137°36.3′E,3 km,2.9,震度１,36.26166667,137.605
2014/5/4,9:25:40,岐阜県飛騨地方,36°15.9′N,137°36.2′E,3 km,2.5,震度１,36.265,137.6033333
2014/5/4,9:26:57,岐阜県飛騨地方,36°15.8′N,137°36.3′E,4 km,2.7,震度１,36.26333333,137.605
2014/5/4,16:10:55,宮城県沖,38°55.2′N,141°55.8′E,51 km,3.9,震度２,38.92,141.93
2014/5/4,16:33:52,岐阜県飛騨地方,36°15.8′N,137°36.1′E,3 km,2.1,震度１,36.26333333,137.6016667
2014/5/4,19:01:08,日向灘,32°13.6′N,132°08.0′E,21 km,4.1,震度２,32.22666667,132.1333333
2014/5/5,5:02:17,茨城県南部,36°07.1′N,139°50.7′E,49 km,4.2,震度３,36.11833333,139.845
2014/5/5,5:18:25,伊豆大島近海,34°57.1′N,139°28.8′E,156 km,6,震度５弱,34.95166667,139.48
2014/5/5,14:23:25,岐阜県飛騨地方,36°16.8′N,137°36.1′E,3 km,3.3,震度２,36.28,137.6016667
2014/5/5,14:39:43,岐阜県飛騨地方,36°16.6′N,137°36.2′E,4 km,2.2,震度１,36.27666667,137.6033333
2014/5/5,16:49:32,山口県中部,34°24.3′N,131°38.4′E,14 km,3.3,震度１,34.405,131.64
2014/5/6,0:30:11,神奈川県東部,35°28.1′N,139°29.7′E,22 km,2.8,震度１,35.46833333,139.495
2014/5/6,8:00:21,青森県東方沖,41°29.7′N,142°02.6′E,64 km,4.5,震度２,41.495,142.0433333
2014/5/6,16:17:37,岐阜県美濃中西部,35°40.4′N,136°34.6′E,9 km,2.4,震度１,35.67333333,136.5766667
2014/5/7,0:35:00,千葉県東方沖,35°47.0′N,141°00.6′E,27 km,3.2,震度１,35.78333333,141.01
2014/5/7,1:13:07,福島県会津,36°55.0′N,139°24.2′E,5 km,2.2,震度１,36.91666667,139.4033333
2014/5/8,1:04:21,岩手県沖,40°08.2′N,142°05.9′E,51 km,3.8,震度２,40.13666667,142.0983333
2014/5/8,7:42:38,宗谷地方北部,45°13.1′N,141°49.3′E,8 km,2.2,震度１,45.21833333,141.8216667
2014/5/8,20:50:49,福島県沖,36°51.9′N,141°20.0′E,31 km,4.2,震度２,36.865,141.3333333
2014/5/9,0:41:27,日高地方中部,42°16.2′N,142°36.2′E,5 km,2.1,震度２,42.27,142.6033333
2014/5/9,7:10:34,高知県東部,33°29.9′N,134°04.4′E,14 km,2.6,震度１,33.49833333,134.0733333
2014/5/9,7:53:58,岐阜県飛騨地方,36°16.2′N,137°37.5′E,3 km,2.6,震度１,36.27,137.625
2014/5/9,16:36:59,和歌山県北部,34°06.5′N,135°08.8′E,5 km,1.9,震度１,34.10833333,135.1466667
2014/5/9,17:09:50,西表島付近,24°03.8′N,123°28.8′E,24 km,3.8,震度１,24.06333333,123.48
2014/5/10,2:18:06,福島県沖,37°20.0′N,141°34.2′E,47 km,3.8,震度１,37.33333333,141.57
2014/5/10,3:39:29,福島県中通り,37°09.2′N,140°12.9′E,7 km,2.3,震度１,37.15333333,140.215
2014/5/10,8:01:46,熊本県熊本地方,32°44.5′N,130°39.1′E,14 km,2.9,震度１,32.74166667,130.6516667
2014/5/10,23:52:24,北海道東方沖,43°35.2′N,146°30.4′E,75 km,3.9,震度１,43.58666667,146.5066667
2014/5/11,1:51:50,トカラ列島近海,28°31.9′N,129°00.9′E,69 km,3.4,震度１,28.53166667,129.015
2014/5/11,10:34:28,宮城県沖,38°38.1′N,141°54.1′E,48 km,3.6,震度１,38.635,141.9016667
2014/5/11,11:26:09,宮城県沖,38°51.3′N,141°47.2′E,56 km,3.3,震度１,38.855,141.7866667
2014/5/11,12:17:44,秋田県沖,39°49.4′N,139°46.5′E,13 km,3.2,震度１,39.82333333,139.775
2014/5/11,12:19:55,和歌山県北部,34°12.1′N,135°13.0′E,5 km,2.8,震度２,34.20166667,135.2166667
2014/5/11,16:36:05,岐阜県飛騨地方,36°15.7′N,137°36.0′E,3 km,2.1,震度１,36.26166667,137.6
2014/5/12,2:20:34,宮城県沖,38°21.7′N,141°39.9′E,53 km,3.8,震度２,38.36166667,141.665
2014/5/12,7:11:19,福島県中通り,37°09.1′N,140°12.9′E,7 km,3.2,震度３,37.15166667,140.215
2014/5/12,23:11:00,岩手県沖,39°40.2′N,142°07.7′E,48 km,3.7,震度１,39.67,142.1283333
2014/5/13,2:43:25,福島県会津,37°07.5′N,139°20.8′E,8 km,2.7,震度２,37.125,139.3466667
2014/5/13,2:47:38,西表島付近,24°03.8′N,123°31.8′E,23 km,3.6,震度１,24.06333333,123.53
2014/5/13,4:27:09,千葉県東方沖,35°43.0′N,140°55.6′E,13 km,3,震度１,35.71666667,140.9266667
2014/5/13,8:35:03,千葉県北西部,35°34.0′N,140°06.8′E,72 km,4.9,震度４,35.56666667,140.1133333
2014/5/13,10:33:45,茨城県南部,36°05.1′N,139°53.0′E,47 km,4,震度３,36.085,139.8833333
2014/5/13,11:49:17,茨城県沖,36°13.9′N,141°01.6′E,45 km,3.8,震度１,36.23166667,141.0266667
2014/5/13,13:21:01,福島県浜通り,37°07.3′N,140°41.5′E,7 km,3.3,震度１,37.12166667,140.6916667
2014/5/13,20:07:38,長野県南部,35°51.2′N,137°30.1′E,6 km,2.3,震度１,35.85333333,137.5016667
2014/5/14,0:44:11,宮城県沖,38°14.2′N,141°41.4′E,50 km,3.7,震度１,38.23666667,141.69
2014/5/14,8:03:23,浦河沖,41°59.5′N,142°34.1′E,62 km,4.5,震度２,41.99166667,142.5683333
2014/5/14,11:56:13,茨城県沖,36°28.5′N,141°03.0′E,25 km,3.1,震度１,36.475,141.05
2014/5/14,15:44:35,福島県沖,37°28.3′N,141°50.4′E,25 km,4.2,震度１,37.47166667,141.84
2014/5/14,17:30:56,熊本県熊本地方,32°37.9′N,130°44.3′E,15 km,2.9,震度２,32.63166667,130.7383333
2014/5/14,19:09:24,茨城県南部,36°05.3′N,140°00.4′E,67 km,3.1,震度１,36.08833333,140.0066667
2014/5/15,1:36:31,和歌山県北部,34°02.2′N,135°15.8′E,5 km,2.6,震度１,34.03666667,135.2633333
2014/5/15,18:48:15,相模湾,35°03.4′N,139°25.5′E,121 km,4.2,震度２,35.05666667,139.425
2014/5/15,21:53:08,福島県会津,36°57.7′N,139°22.1′E,4 km,1.8,震度１,36.96166667,139.3683333
2014/5/16,0:06:40,福井県嶺北,35°56.7′N,136°22.1′E,7 km,2.6,震度１,35.945,136.3683333
2014/5/16,6:33:23,奄美大島近海,28°27.6′N,129°24.7′E,0 km,3.8,震度２,28.46,129.4116667
2014/5/16,11:39:44,奄美大島近海,28°00.2′N,129°23.0′E,42 km,3.6,震度２,28.00333333,129.3833333
2014/5/16,13:00:06,岐阜県飛騨地方,36°17.4′N,137°36.2′E,2 km,3.7,震度２,36.29,137.6033333
2014/5/16,23:15:11,宮城県沖,38°31.8′N,142°14.9′E,42 km,3.7,震度１,38.53,142.2483333
2014/5/17,0:09:44,福岡県筑豊地方,33°37.3′N,130°37.0′E,15 km,2.9,震度１,33.62166667,130.6166667
2014/5/17,0:12:38,宮古島近海,24°51.7′N,124°45.2′E,9 km,4.2,震度１,24.86166667,124.7533333
2014/5/17,0:14:13,宮古島近海,24°51.6′N,124°45.0′E,7 km,3.8,震度１,24.86,124.75
2014/5/17,1:11:51,千葉県北西部,35°40.9′N,139°54.8′E,56 km,3.5,震度１,35.68166667,139.9133333
2014/5/17,3:49:58,浦河沖,41°56.0′N,142°26.0′E,64 km,3.7,震度１,41.93333333,142.4333333
2014/5/17,4:52:27,宮古島近海,24°51.3′N,124°45.0′E,7 km,3.8,震度１,24.855,124.75
2014/5/17,7:52:31,豊後水道,33°04.1′N,132°19.3′E,37 km,3.3,震度１,33.06833333,132.3216667
2014/5/17,8:20:18,福島県沖,37°15.0′N,141°11.1′E,79 km,3.8,震度１,37.25,141.185
2014/5/17,8:49:08,宮古島近海,24°52.3′N,124°44.5′E,7 km,4.6,震度１,24.87166667,124.7416667
2014/5/17,15:22:18,熊本県熊本地方,32°39.4′N,130°45.1′E,9 km,2.4,震度１,32.65666667,130.7516667
2014/5/17,15:27:19,熊本県熊本地方,32°39.4′N,130°45.1′E,9 km,2.5,震度１,32.65666667,130.7516667
2014/5/17,22:43:02,福島県浜通り,36°58.1′N,140°44.4′E,11 km,3.5,震度１,36.96833333,140.74
2014/5/18,12:56:37,硫黄島近海,24°26.8′N,141°28.6′E,147 km,5.2,震度１,24.44666667,141.4766667
2014/5/18,14:59:07,長野県南部,35°54.0′N,137°40.6′E,6 km,2.2,震度１,35.9,137.6766667
2014/5/19,2:33:17,福島県沖,37°29.8′N,141°35.1′E,49 km,3.9,震度２,37.49666667,141.585
2014/5/19,5:49:03,広島県北部,34°49.5′N,132°52.6′E,12 km,2.9,震度１,34.825,132.8766667
2014/5/19,21:02:29,青森県東方沖,40°58.2′N,142°00.6′E,57 km,4.2,震度３,40.97,142.01
2014/5/19,21:56:15,宮城県沖,38°41.4′N,142°14.2′E,38 km,3.8,震度１,38.69,142.2366667
2014/5/20,2:22:40,岐阜県飛騨地方,36°17.2′N,137°35.8′E,3 km,2.5,震度１,36.28666667,137.5966667
2014/5/20,3:50:40,長野県北部,36°57.8′N,138°31.4′E,9 km,3,震度２,36.96333333,138.5233333
2014/5/20,14:21:02,京都府南部,35°07.8′N,135°35.2′E,11 km,2.7,震度１,35.13,135.5866667
2014/5/20,15:12:30,茨城県沖,36°20.5′N,140°56.1′E,37 km,2.9,震度１,36.34166667,140.935
2014/5/20,18:57:58,長野県南部,35°53.0′N,137°46.2′E,7 km,2,震度１,35.88333333,137.77
2014/5/20,18:58:48,長野県南部,35°51.8′N,137°39.3′E,9 km,2,震度１,35.86333333,137.655
2014/5/20,22:40:23,豊後水道,33°19.8′N,132°22.2′E,40 km,3,震度１,33.33,132.37
2014/5/21,4:38:12,福島県中通り,37°03.1′N,140°35.2′E,6 km,3.2,震度２,37.05166667,140.5866667
2014/5/21,10:08:52,宮城県沖,38°51.3′N,142°02.9′E,46 km,3.8,震度１,38.855,142.0483333
2014/5/21,10:11:24,伊予灘,33°39.8′N,131°55.7′E,77 km,4,震度２,33.66333333,131.9283333
2014/5/21,16:47:25,広島県北部,34°53.2′N,132°51.7′E,16 km,3.4,震度２,34.88666667,132.8616667
2014/5/21,19:10:36,茨城県北部,36°49.4′N,140°36.8′E,10 km,3.3,震度１,36.82333333,140.6133333
2014/5/21,20:49:46,岩手県沖,39°38.0′N,142°06.2′E,48 km,3.3,震度１,39.63333333,142.1033333
2014/5/21,20:51:53,父島近海,26°19.5′N,142°38.0′E,18 km,,震度１,26.325,142.6333333
2014/5/21,23:30:47,山口県中部,34°04.4′N,131°46.8′E,18 km,3.2,震度１,34.07333333,131.78
2014/5/22,0:16:58,千葉県北東部,35°45.4′N,140°38.5′E,48 km,2.9,震度１,35.75666667,140.6416667
2014/5/22,15:13:39,岩手県沖,39°38.3′N,142°06.4′E,48 km,3.3,震度１,39.63833333,142.1066667
2014/5/23,0:22:51,岩手県沖,39°32.4′N,142°25.0′E,38 km,4,震度１,39.54,142.4166667
2014/5/23,1:31:39,福島県沖,37°00.0′N,141°05.7′E,40 km,3.9,震度２,37,141.095
2014/5/23,2:36:05,福島県会津,37°02.1′N,139°22.8′E,8 km,1.6,震度１,37.035,139.38
2014/5/23,2:58:46,青森県東方沖,40°45.1′N,142°28.8′E,42 km,4,震度２,40.75166667,142.48
2014/5/23,8:54:22,山梨県東部・富士五湖,35°29.2′N,138°57.9′E,20 km,3.1,震度２,35.48666667,138.965
2014/5/23,10:57:30,長野県南部,35°54.0′N,137°40.6′E,6 km,2.7,震度２,35.9,137.6766667
2014/5/24,3:33:18,長野県南部,35°54.1′N,137°40.6′E,5 km,2.3,震度１,35.90166667,137.6766667
2014/5/25,6:32:59,福島県会津,37°39.9′N,139°56.5′E,9 km,2.8,震度３,37.665,139.9416667
2014/5/25,15:32:44,宮城県沖,38°53.3′N,141°58.2′E,49 km,3.3,震度１,38.88833333,141.97
2014/5/25,17:40:15,新潟県上越地方,37°11.5′N,138°30.9′E,13 km,1.6,震度１,37.19166667,138.515
2014/5/26,5:18:38,茨城県北部,36°43.5′N,140°34.4′E,11 km,2.9,震度１,36.725,140.5733333
2014/5/26,11:45:11,千葉県北西部,35°38.2′N,140°03.6′E,71 km,3.5,震度１,35.63666667,140.06
2014/5/26,18:48:17,長野県北部,36°48.8′N,138°37.0′E,2 km,3.6,震度２,36.81333333,138.6166667
2014/5/26,19:33:36,福島県沖,37°41.9′N,141°45.2′E,47 km,3.9,震度１,37.69833333,141.7533333
2014/5/26,23:35:34,岩手県沖,39°20.2′N,142°04.2′E,48 km,3.3,震度１,39.33666667,142.07
2014/5/27,3:12:56,釧路沖,42°59.5′N,145°25.2′E,49 km,3.8,震度２,42.99166667,145.42
2014/5/27,7:43:22,宮城県沖,38°43.4′N,142°15.8′E,39 km,4.2,震度１,38.72333333,142.2633333
2014/5/27,15:12:06,岐阜県飛騨地方,36°17.1′N,137°36.3′E,3 km,2.4,震度１,36.285,137.605
2014/5/28,1:12:09,八丈島東方沖,32°35.7′N,140°48.1′E,50 km,5,震度２,32.595,140.8016667
2014/5/28,2:54:31,日向灘,31°58.1′N,131°34.7′E,48 km,3.8,震度２,31.96833333,131.5783333
2014/5/28,12:22:03,長野県北部,36°25.9′N,137°38.9′E,1 km,3,震度１,36.43166667,137.6483333
2014/5/29,1:08:50,茨城県北部,36°27.2′N,140°35.3′E,56 km,3.1,震度１,36.45333333,140.5883333
2014/5/29,1:48:04,岩手県沖,39°38.8′N,142°06.5′E,48 km,3.2,震度１,39.64666667,142.1083333
2014/5/29,2:22:21,茨城県沖,36°50.0′N,141°19.9′E,37 km,3.9,震度２,36.83333333,141.3316667
2014/5/29,9:17:59,八丈島近海,33°24.1′N,139°28.3′E,30 km,4.5,震度１,33.40166667,139.4716667
2014/5/29,11:19:40,茨城県北部,36°51.5′N,140°33.8′E,17 km,3.2,震度１,36.85833333,140.5633333
2014/5/29,20:10:39,神奈川県西部,35°27.3′N,139°09.6′E,24 km,2.9,震度１,35.455,139.16
2014/5/29,22:57:49,京都府南部,35°05.1′N,135°41.0′E,10 km,2.6,震度１,35.085,135.6833333
2014/5/30,0:12:34,新潟県中越地方,37°02.6′N,138°39.6′E,10 km,2.5,震度２,37.04333333,138.66
2014/5/30,6:58:35,択捉島南東沖,43°55.1′N,147°55.9′E,0 km,4.8,震度１,43.91833333,147.9316667
2014/5/30,11:40:16,岩手県内陸南部,39°32.4′N,140°52.3′E,10 km,2.2,震度１,39.54,140.8716667
2014/5/30,12:14:20,岩手県内陸南部,39°20.8′N,141°19.3′E,85 km,3.3,震度１,39.34666667,141.3216667
2014/5/30,13:21:52,宮城県沖,38°44.7′N,141°57.6′E,53 km,3.5,震度１,38.745,141.96
2014/5/30,20:21:58,釧路地方中南部,43°04.6′N,145°00.2′E,62 km,4.2,震度３,43.07666667,145.0033333
2014/5/31,1:34:15,奄美大島近海,28°27.7′N,129°24.6′E,0 km,3,震度１,28.46166667,129.41
2014/5/31,21:55:39,奄美大島近海,28°30.4′N,129°13.7′E,57 km,3.2,震度１,28.50666667,129.2283333
2014/6/1,0:21:01,宮城県沖,38°59.0′N,142°25.4′E,33 km,3.7,震度１,38.98333333,142.4233333
2014/6/1,4:08:31,長野県北部,36°29.9′N,137°54.5′E,10 km,2.1,震度２,36.49833333,137.9083333
2014/6/1,15:34:26,福島県浜通り,37°06.1′N,140°41.3′E,8 km,3.5,震度３,37.10166667,140.6883333
2014/6/1,16:04:25,京都府南部,35°03.6′N,135°49.5′E,12 km,2.4,震度１,35.06,135.825
2014/6/1,21:26:00,岩手県内陸北部,39°52.9′N,140°53.9′E,5 km,3,震度１,39.88166667,140.8983333
2014/6/2,11:16:06,茨城県北部,36°49.6′N,140°32.1′E,8 km,3.2,震度１,36.82666667,140.535
2014/6/2,16:39:16,千葉県東方沖,35°29.0′N,140°26.5′E,31 km,2.4,震度１,35.48333333,140.4416667
2014/6/2,18:43:06,滋賀県北部,35°25.7′N,135°58.7′E,14 km,2.9,震度１,35.42833333,135.9783333
2014/6/2,21:45:36,宮城県沖,37°59.9′N,141°38.7′E,19 km,4,震度１,37.99833333,141.645
2014/6/3,1:09:46,根室半島南東沖,43°08.1′N,145°49.9′E,47 km,3.8,震度２,43.135,145.8316667
2014/6/3,4:54:06,岩手県沖,39°44.5′N,142°19.4′E,18 km,4,震度１,39.74166667,142.3233333
2014/6/3,12:05:58,大分県中部,33°10.0′N,131°49.7′E,67 km,3.5,震度１,33.16666667,131.8283333
2014/6/3,15:13:33,紀伊水道,34°14.1′N,135°06.2′E,8 km,2.7,震度１,34.235,135.1033333
2014/6/3,16:17:58,紀伊水道,34°14.1′N,135°06.2′E,8 km,3.2,震度２,34.235,135.1033333
2014/6/3,16:48:13,福島県沖,37°20.1′N,141°16.0′E,32 km,3.3,震度１,37.335,141.2666667
2014/6/3,20:30:25,浦河沖,42°02.3′N,142°36.2′E,61 km,3.8,震度１,42.03833333,142.6033333
2014/6/4,1:30:07,宮城県沖,38°43.2′N,142°12.2′E,40 km,4.1,震度２,38.72,142.2033333
2014/6/4,2:22:24,茨城県北部,36°27.3′N,140°36.1′E,56 km,4.3,震度３,36.455,140.6016667
2014/6/4,12:45:31,新潟県中越地方,36°59.7′N,138°39.4′E,10 km,3.1,震度２,36.995,138.6566667
2014/6/4,13:18:57,宮城県沖,38°53.2′N,141°58.5′E,49 km,3.4,震度１,38.88666667,141.975
2014/6/6,0:07:35,宮城県沖,38°41.3′N,141°39.0′E,55 km,3.7,震度１,38.68833333,141.65
2014/6/6,5:10:50,秋田県内陸南部,39°31.0′N,140°42.8′E,11 km,3.2,震度１,39.51666667,140.7133333
2014/6/6,6:10:31,岩手県沿岸北部,39°45.5′N,141°50.9′E,58 km,3.6,震度１,39.75833333,141.8483333
2014/6/6,18:24:28,天草灘,32°04.9′N,129°52.4′E,12 km,3.7,震度２,32.08166667,129.8733333
2014/6/7,0:12:48,千葉県東方沖,35°41.5′N,140°58.5′E,19 km,4.3,震度２,35.69166667,140.975
2014/6/7,2:37:51,宮城県沖,38°32.1′N,141°42.8′E,53 km,3.7,震度１,38.535,141.7133333
2014/6/7,2:43:01,熊本県熊本地方,32°57.3′N,130°57.1′E,11 km,3.3,震度１,32.955,130.9516667
2014/6/7,8:58:58,福島県沖,37°03.9′N,141°08.3′E,50 km,4,震度２,37.065,141.1383333
2014/6/7,22:24:47,宮城県沖,38°48.0′N,142°24.8′E,33 km,3.5,震度１,38.8,142.4133333
2014/6/8,5:38:58,宮城県沖,38°41.9′N,141°47.8′E,53 km,2.9,震度１,38.69833333,141.7966667
2014/6/8,11:44:49,大阪府北部,34°58.7′N,135°27.5′E,8 km,2.1,震度１,34.97833333,135.4583333
2014/6/8,14:24:30,岩手県沿岸南部,39°07.1′N,141°45.1′E,67 km,5,震度４,39.11833333,141.7516667
2014/6/9,3:16:10,岩手県沿岸南部,39°07.3′N,141°45.8′E,66 km,3.2,震度１,39.12166667,141.7633333
2014/6/9,6:10:43,宮城県沖,37°54.2′N,141°14.8′E,78 km,4.6,震度４,37.90333333,141.2466667
2014/6/9,7:50:59,青森県東方沖,40°57.4′N,141°36.6′E,82 km,4.6,震度３,40.95666667,141.61
2014/6/9,12:19:00,福島県沖,36°58.4′N,141°10.3′E,53 km,3.6,震度１,36.97333333,141.1716667
2014/6/9,15:29:17,岩手県沖,40°08.6′N,142°03.0′E,61 km,3.9,震度２,40.14333333,142.05
2014/6/9,17:45:57,熊本県天草・芦北地方,32°30.3′N,130°32.3′E,11 km,3,震度１,32.505,130.5383333
2014/6/9,17:58:44,千葉県南東沖,34°55.8′N,140°01.0′E,67 km,4.1,震度２,34.93,140.0166667
2014/6/9,18:51:01,長野県北部,36°40.3′N,138°23.7′E,2 km,2.7,震度２,36.67166667,138.395
2014/6/9,18:55:03,長野県北部,36°40.5′N,138°23.7′E,3 km,2.7,震度２,36.675,138.395
2014/6/9,19:04:30,長野県北部,36°40.4′N,138°23.7′E,3 km,2.7,震度２,36.67333333,138.395
2014/6/9,20:54:12,長野県北部,36°40.3′N,138°23.8′E,1 km,1.7,震度１,36.67166667,138.3966667
2014/6/9,20:55:17,岩手県沿岸北部,39°45.7′N,141°57.2′E,63 km,3.3,震度１,39.76166667,141.9533333
2014/6/9,22:34:31,北海道南西沖,43°00.4′N,139°23.5′E,33 km,4,震度１,43.00666667,139.3916667
2014/6/10,1:18:06,群馬県北部,36°54.4′N,139°23.8′E,3 km,2.3,震度１,36.90666667,139.3966667
2014/6/10,2:17:43,千葉県東方沖,35°48.6′N,140°51.6′E,13 km,3.6,震度１,35.81,140.86
2014/6/10,10:38:52,日向灘,32°02.6′N,131°35.9′E,42 km,2.8,震度１,32.04333333,131.5983333
2014/6/10,18:41:25,新島・神津島近海,34°16.2′N,139°10.7′E,7 km,2.3,震度１,34.27,139.1783333
2014/6/10,21:28:08,豊後水道,32°53.3′N,132°09.5′E,39 km,3.1,震度１,32.88833333,132.1583333
2014/6/11,5:00:22,宮城県沖,38°52.6′N,142°16.7′E,46 km,3.5,震度１,38.87666667,142.2783333
2014/6/11,6:52:49,茨城県北部,36°45.6′N,140°34.1′E,9 km,2.9,震度１,36.76,140.5683333
2014/6/11,8:11:18,滋賀県南部,35°15.1′N,135°58.3′E,15 km,2.7,震度１,35.25166667,135.9716667
2014/6/11,14:47:16,福島県沖,37°07.3′N,141°09.4′E,56 km,3.3,震度１,37.12166667,141.1566667
2014/6/11,16:31:00,奄美大島近海,27°29.3′N,129°16.6′E,34 km,4.9,震度２,27.48833333,129.2766667
2014/6/11,19:22:35,苫小牧沖,41°41.9′N,141°56.9′E,104 km,3.3,震度１,41.69833333,141.9483333
2014/6/11,19:52:29,京都府南部,35°05.1′N,135°41.1′E,10 km,4,震度３,35.085,135.685
2014/6/11,21:12:12,埼玉県北部,36°08.3′N,139°23.2′E,16 km,3.2,震度２,36.13833333,139.3866667
2014/6/11,23:30:17,宮城県沖,38°30.3′N,142°02.2′E,31 km,3.6,震度１,38.505,142.0366667
2014/6/12,4:36:20,胆振地方中東部,42°39.5′N,141°15.4′E,0 km,3.3,震度２,42.65833333,141.2566667
2014/6/12,13:50:12,日向灘,32°29.8′N,131°59.7′E,33 km,3.6,震度２,32.49666667,131.995
2014/6/13,8:24:20,千葉県北東部,35°25.4′N,140°21.8′E,26 km,3.2,震度２,35.42333333,140.3633333
2014/6/13,11:17:39,山梨県中・西部,35°13.3′N,138°24.1′E,20 km,3.3,震度２,35.22166667,138.4016667
2014/6/13,14:20:37,茨城県南部,35°56.1′N,140°13.3′E,41 km,2.9,震度１,35.935,140.2216667
2014/6/13,20:13:56,茨城県沖,36°27.2′N,140°58.1′E,16 km,3.6,震度１,36.45333333,140.9683333
2014/6/13,22:09:39,千葉県東方沖,35°46.7′N,141°00.2′E,20 km,3.5,震度１,35.77833333,141.0033333
2014/6/14,1:55:39,鳥取県西部,35°22.0′N,133°25.0′E,14 km,2.9,震度１,35.36666667,133.4166667
2014/6/14,10:28:40,大分県中部,33°17.4′N,131°27.5′E,7 km,2.4,震度１,33.29,131.4583333
2014/6/14,11:56:15,大分県中部,33°17.4′N,131°27.4′E,7 km,1.8,震度１,33.29,131.4566667
2014/6/14,12:20:36,大分県中部,33°17.4′N,131°27.4′E,7 km,1.8,震度１,33.29,131.4566667
2014/6/14,14:36:22,宮城県沖,38°32.4′N,141°43.5′E,53 km,3.3,震度１,38.54,141.725
2014/6/15,2:31:42,岩手県内陸南部,39°23.7′N,141°06.4′E,94 km,5.5,震度４,39.395,141.1066667
2014/6/15,7:49:20,紀伊水道,34°10.5′N,135°10.8′E,7 km,2.5,震度１,34.175,135.18
2014/6/15,16:24:20,福島県会津,37°03.6′N,139°21.2′E,8 km,1.6,震度１,37.06,139.3533333
2014/6/15,19:19:51,島根県西部,34°51.3′N,132°09.7′E,10 km,3.2,震度１,34.855,132.1616667
2014/6/16,3:19:13,茨城県沖,36°37.0′N,141°48.2′E,37 km,5.7,震度３,36.61666667,141.8033333
2014/6/16,4:18:25,熊本県熊本地方,33°01.6′N,130°43.6′E,12 km,2.6,震度１,33.02666667,130.7266667
2014/6/16,5:14:51,福島県沖,37°04.3′N,141°09.8′E,52 km,5.8,震度４,37.07166667,141.1633333
2014/6/16,6:29:26,岐阜県飛騨地方,35°58.0′N,137°17.8′E,9 km,3.1,震度２,35.96666667,137.2966667
2014/6/16,12:22:33,長野県北部,36°57.4′N,138°30.2′E,11 km,2.6,震度１,36.95666667,138.5033333
2014/6/16,14:24:20,栃木県北部,36°53.0′N,139°27.2′E,5 km,3.1,震度１,36.88333333,139.4533333
2014/6/16,14:30:08,和歌山県北部,34°03.7′N,135°31.3′E,58 km,3.3,震度１,34.06166667,135.5216667
2014/6/16,17:22:41,熊本県天草・芦北地方,32°26.8′N,130°32.8′E,9 km,2.6,震度１,32.44666667,130.5466667
2014/6/17,2:42:23,房総半島南方沖,34°00.0′N,139°49.1′E,121 km,5.3,震度３,34,139.8183333
2014/6/17,19:18:15,奄美大島近海,28°29.7′N,129°20.4′E,1 km,3.3,震度１,28.495,129.34
2014/6/18,7:25:15,天草灘,32°04.9′N,129°52.3′E,12 km,3.5,震度１,32.08166667,129.8716667
2014/6/18,8:36:43,宮古島近海,24°17.3′N,125°12.4′E,41 km,3.8,震度１,24.28833333,125.2066667
2014/6/18,10:26:32,福島県沖,37°02.5′N,141°11.2′E,21 km,3.6,震度１,37.04166667,141.1866667
2014/6/18,11:47:10,宮古島近海,24°17.2′N,125°12.2′E,38 km,5.2,震度２,24.28666667,125.2033333
2014/6/18,16:10:35,宮古島近海,24°18.1′N,125°10.7′E,39 km,3.9,震度１,24.30166667,125.1783333
2014/6/18,16:34:43,浦河沖,41°39.6′N,142°57.2′E,44 km,4,震度１,41.66,142.9533333
2014/6/18,20:43:36,青森県東方沖,40°35.3′N,142°26.0′E,37 km,3.8,震度１,40.58833333,142.4333333
2014/6/18,21:41:00,宮城県沖,38°36.8′N,141°54.4′E,48 km,4.2,震度３,38.61333333,141.9066667
2014/6/19,11:35:25,紀伊水道,34°08.6′N,135°03.5′E,10 km,2.5,震度１,34.14333333,135.0583333
2014/6/19,12:05:48,奄美大島近海,28°30.4′N,129°20.2′E,0 km,3.3,震度１,28.50666667,129.3366667
2014/6/19,15:01:01,沖縄本島近海,26°22.5′N,127°12.1′E,10 km,4.5,震度３,26.375,127.2016667
2014/6/19,18:50:15,宮城県沖,38°11.2′N,141°41.1′E,50 km,3.8,震度２,38.18666667,141.685
2014/6/19,20:32:26,福島県沖,37°14.1′N,141°40.7′E,31 km,4.4,震度１,37.235,141.6783333
2014/6/20,0:02:13,和歌山県北部,34°16.2′N,135°24.7′E,7 km,2.6,震度１,34.27,135.4116667
2014/6/20,0:46:23,福島県浜通り,37°04.4′N,140°43.7′E,11 km,2.5,震度１,37.07333333,140.7283333
2014/6/20,1:43:46,千葉県北西部,35°32.7′N,140°06.1′E,72 km,4.4,震度２,35.545,140.1016667
2014/6/20,4:20:58,茨城県沖,36°32.1′N,141°07.1′E,49 km,3.9,震度２,36.535,141.1183333
2014/6/20,8:20:10,福島県沖,37°14.7′N,141°06.0′E,31 km,3.5,震度１,37.245,141.1
2014/6/20,17:49:01,宮城県沖,38°10.8′N,141°40.2′E,50 km,3.9,震度２,38.18,141.67
2014/6/21,0:08:52,茨城県沖,36°28.1′N,140°44.1′E,52 km,3.8,震度２,36.46833333,140.735
2014/6/21,1:10:34,大隅半島東方沖,31°06.8′N,131°30.3′E,27 km,3.9,震度１,31.11333333,131.505
2014/6/21,14:05:13,宮城県沖,38°52.0′N,141°38.2′E,61 km,3,震度１,38.86666667,141.6366667
2014/6/21,21:18:43,宮城県沖,38°51.4′N,142°02.4′E,54 km,3.3,震度１,38.85666667,142.04
2014/6/22,3:26:07,静岡県東部,35°18.5′N,138°43.2′E,13 km,2.8,震度２,35.30833333,138.72
2014/6/22,11:27:13,房総半島南方沖,34°12.1′N,140°09.4′E,88 km,4.1,震度１,34.20166667,140.1566667
2014/6/22,11:48:50,駿河湾,34°47.7′N,138°25.7′E,20 km,3.2,震度１,34.795,138.4283333
2014/6/22,13:05:16,兵庫県南東部,35°03.5′N,134°55.6′E,13 km,3.3,震度２,35.05833333,134.9266667
2014/6/22,18:09:43,茨城県沖,36°46.3′N,141°08.4′E,47 km,3.9,震度２,36.77166667,141.14
2014/6/22,22:26:11,茨城県北部,36°47.8′N,140°34.0′E,8 km,3.2,震度１,36.79666667,140.5666667
2014/6/24,3:25:42,天草灘,32°04.8′N,129°52.4′E,12 km,3.1,震度１,32.08,129.8733333
2014/6/24,3:46:33,愛媛県中予,33°47.3′N,132°58.5′E,39 km,3.4,震度１,33.78833333,132.975
2014/6/24,7:39:01,茨城県沖,36°33.6′N,140°48.0′E,52 km,3.2,震度１,36.56,140.8
2014/6/24,8:52:57,宮城県沖,38°53.4′N,142°06.7′E,44 km,3.9,震度１,38.89,142.1116667
2014/6/24,20:34:38,徳島県北部,34°04.1′N,134°26.9′E,7 km,2.3,震度１,34.06833333,134.4483333
2014/6/25,13:37:26,徳島県北部,34°04.0′N,134°26.7′E,7 km,2.6,震度１,34.06666667,134.445
2014/6/25,18:07:39,岩手県沖,39°06.6′N,142°07.2′E,46 km,3.7,震度１,39.11,142.12
2014/6/26,0:41:48,茨城県南部,36°04.0′N,139°52.6′E,45 km,3.5,震度２,36.06666667,139.8766667
2014/6/26,14:47:14,根室半島南東沖,43°06.0′N,145°33.7′E,49 km,4.8,震度４,43.1,145.5616667
2014/6/26,22:45:52,留萌地方南部,44°05.0′N,142°03.8′E,0 km,3,震度１,44.08333333,142.0633333
2014/6/27,6:20:58,留萌地方南部,44°04.7′N,142°03.9′E,0 km,2.6,震度１,44.07833333,142.065
2014/6/27,6:55:39,福島県沖,37°37.7′N,141°34.2′E,51 km,4.7,震度３,37.62833333,141.57
2014/6/27,8:52:59,福島県沖,37°23.8′N,141°46.1′E,44 km,3.4,震度１,37.39666667,141.7683333
2014/6/27,9:36:18,天草灘,32°04.9′N,129°52.4′E,12 km,3.3,震度１,32.08166667,129.8733333
2014/6/27,21:56:14,沖縄本島近海,26°25.3′N,127°07.5′E,64 km,3.6,震度１,26.42166667,127.125
2014/6/27,22:18:27,岩手県沿岸北部,39°40.0′N,141°35.6′E,73 km,3.4,震度１,39.66666667,141.5933333
2014/6/28,7:37:22,硫黄島近海,23°28.1′N,142°01.1′E,175 km,5.3,震度１,23.46833333,142.0183333
2014/6/28,14:51:06,群馬県南部,36°20.7′N,139°05.3′E,151 km,4.4,震度２,36.345,139.0883333
2014/6/28,16:11:49,茨城県沖,35°53.5′N,140°53.4′E,41 km,4.5,震度３,35.89166667,140.89
2014/6/29,4:07:50,徳島県北部,34°04.0′N,134°26.7′E,8 km,3,震度１,34.06666667,134.445
2014/6/29,8:25:40,福島県沖,36°57.0′N,141°12.9′E,56 km,3.6,震度１,36.95,141.215
2014/6/29,10:30:03,安芸灘,34°05.4′N,132°51.8′E,16 km,2.7,震度１,34.09,132.8633333
2014/6/29,14:56:33,硫黄島近海,24°31.0′N,142°26.8′E,139 km,6.4,震度３,24.51666667,142.4466667
2014/6/29,16:32:54,福島県沖,37°27.4′N,141°25.6′E,32 km,3.8,震度２,37.45666667,141.4266667
2014/6/29,17:18:54,宮城県沖,38°55.5′N,141°55.3′E,51 km,3.8,震度１,38.925,141.9216667
2014/6/29,22:24:32,千葉県東方沖,35°41.8′N,140°56.3′E,14 km,3,震度１,35.69666667,140.9383333
2014/6/30,1:34:25,根室半島南東沖,42°34.4′N,145°57.6′E,53 km,4.4,震度２,42.57333333,145.96
2014/6/30,4:51:25,千葉県東方沖,35°42.0′N,140°56.1′E,14 km,3.5,震度２,35.7,140.935
2014/6/30,5:14:45,長野県南部,35°53.9′N,137°38.8′E,8 km,3.4,震度３,35.89833333,137.6466667
2014/7/1,1:10:10,奄美大島近海,28°49.4′N,129°56.6′E,35 km,4.2,震度２,28.82333333,129.9433333
2014/7/1,3:49:24,島根県西部,34°47.4′N,132°04.2′E,10 km,2.4,震度１,34.79,132.07
2014/7/1,4:43:56,茨城県沖,36°38.3′N,140°55.6′E,49 km,3.5,震度２,36.63833333,140.9266667
2014/7/1,4:54:19,長野県中部,36°19.9′N,137°59.6′E,7 km,2.5,震度１,36.33166667,137.9933333
2014/7/1,4:55:32,小笠原諸島西方沖,28°18.9′N,139°10.6′E,539 km,6.2,震度１,28.315,139.1766667
2014/7/1,17:10:31,福島県浜通り,37°08.3′N,140°52.4′E,8 km,3,震度１,37.13833333,140.8733333
2014/7/2,1:28:15,薩摩半島西方沖,31°08.2′N,130°21.3′E,161 km,4.1,震度１,31.13666667,130.355
2014/7/2,19:13:36,青森県東方沖,41°35.0′N,141°55.1′E,67 km,3.3,震度１,41.58333333,141.9183333
2014/7/2,21:54:40,福井県嶺北,35°56.1′N,136°19.7′E,6 km,3,震度１,35.935,136.3283333
2014/7/3,3:00:37,沖縄本島近海,25°58.9′N,126°53.8′E,45 km,4.2,震度２,25.98166667,126.8966667
2014/7/3,4:24:46,奄美大島近海,26°50.9′N,130°06.9′E,54 km,4.4,震度１,26.84833333,130.115
2014/7/3,6:36:10,沖縄本島近海,25°59.5′N,126°54.3′E,43 km,3.4,震度１,25.99166667,126.905
2014/7/3,7:29:48,千葉県北西部,35°27.2′N,140°06.0′E,64 km,4.1,震度２,35.45333333,140.1
2014/7/3,7:58:04,茨城県北部,36°41.4′N,140°39.3′E,10 km,4,震度４,36.69,140.655
2014/7/3,7:59:42,茨城県北部,36°40.9′N,140°39.1′E,10 km,2.6,震度１,36.68166667,140.6516667
2014/7/3,15:28:21,岩手県沖,39°06.7′N,142°28.3′E,33 km,4.2,震度２,39.11166667,142.4716667
2014/7/3,16:17:13,秋田県内陸北部,40°03.1′N,140°32.8′E,10 km,2.9,震度１,40.05166667,140.5466667
2014/7/3,16:30:50,秋田県内陸北部,40°03.2′N,140°32.7′E,9 km,3.1,震度２,40.05333333,140.545
2014/7/4,10:11:16,茨城県北部,36°40.8′N,140°39.2′E,10 km,2.4,震度１,36.68,140.6533333
2014/7/4,13:30:05,奄美大島近海,28°13.3′N,129°27.1′E,33 km,3.1,震度１,28.22166667,129.4516667
2014/7/4,17:26:47,宮城県沖,38°42.2′N,141°48.3′E,52 km,2.9,震度１,38.70333333,141.805
2014/7/4,22:52:50,福島県沖,37°17.3′N,141°16.2′E,33 km,3.4,震度１,37.28833333,141.27
2014/7/5,0:16:57,福島県沖,37°18.4′N,141°17.5′E,34 km,3.9,震度２,37.30666667,141.2916667
2014/7/5,7:42:05,岩手県沖,39°40.5′N,142°08.1′E,49 km,5.9,震度５弱,39.675,142.135
2014/7/5,14:02:41,岩手県内陸北部,39°50.2′N,141°25.8′E,12 km,3.1,震度１,39.83666667,141.43
2014/7/5,16:55:21,岩手県沖,39°25.5′N,142°26.6′E,34 km,4.3,震度２,39.425,142.4433333
2014/7/5,21:21:32,岩手県沖,39°47.6′N,142°21.4′E,20 km,4.3,震度２,39.79333333,142.3566667
2014/7/5,23:59:33,福島県沖,37°21.2′N,141°44.1′E,44 km,4.6,震度２,37.35333333,141.735
2014/7/6,5:22:57,日高地方東部,42°11.8′N,142°57.8′E,50 km,4.6,震度４,42.19666667,142.9633333
2014/7/6,6:02:32,熊本県熊本地方,32°29.5′N,130°46.7′E,15 km,2.6,震度１,32.49166667,130.7783333
2014/7/6,9:24:06,茨城県南部,36°19.8′N,140°04.4′E,71 km,3.5,震度２,36.33,140.0733333
2014/7/6,11:08:28,千葉県北東部,35°24.3′N,140°12.9′E,20 km,2.8,震度１,35.405,140.215
2014/7/7,2:48:08,千葉県北東部,35°45.0′N,140°44.3′E,12 km,4,震度２,35.75,140.7383333
2014/7/7,3:42:56,千葉県北東部,35°45.1′N,140°45.0′E,13 km,2.9,震度１,35.75166667,140.75
2014/7/7,4:28:40,岩手県沖,39°06.1′N,142°12.1′E,44 km,4,震度３,39.10166667,142.2016667
2014/7/7,11:40:42,浦河沖,41°57.0′N,142°20.5′E,68 km,4.1,震度２,41.95,142.3416667
2014/7/7,11:51:55,和歌山県北部,34°05.4′N,135°21.5′E,6 km,2.8,震度１,34.09,135.3583333
2014/7/7,22:42:19,大分県中部,33°16.9′N,131°28.5′E,3 km,1.6,震度１,33.28166667,131.475
2014/7/8,0:48:51,上川地方北部,44°17.0′N,142°13.7′E,0 km,1.5,震度１,44.28333333,142.2283333
2014/7/8,1:13:15,岐阜県飛騨地方,36°15.4′N,136°54.5′E,6 km,2.2,震度１,36.25666667,136.9083333
2014/7/8,3:01:43,岩手県沖,39°23.5′N,142°00.5′E,58 km,3.5,震度１,39.39166667,142.0083333
2014/7/8,3:09:17,千葉県東方沖,35°33.1′N,141°02.0′E,37 km,3.8,震度１,35.55166667,141.0333333
2014/7/8,6:34:15,長野県中部,36°10.2′N,138°29.0′E,7 km,2,震度１,36.17,138.4833333
2014/7/8,7:57:39,茨城県沖,36°08.7′N,141°16.8′E,44 km,4,震度１,36.145,141.28
2014/7/8,11:14:52,種子島近海,30°23.4′N,131°06.9′E,31 km,3.4,震度１,30.39,131.115
2014/7/8,18:05:24,胆振地方中東部,42°38.9′N,141°16.0′E,3 km,5.6,震度５弱,42.64833333,141.2666667
2014/7/8,18:06:13,胆振地方中東部,42°39.2′N,141°16.8′E,3 km,4.2,震度３,42.65333333,141.28
2014/7/8,18:08:41,胆振地方中東部,42°38.7′N,141°16.1′E,5 km,3.5,震度２,42.645,141.2683333
2014/7/8,18:51:48,胆振地方中東部,42°38.6′N,141°15.7′E,3 km,3.2,震度２,42.64333333,141.2616667
2014/7/8,19:37:52,胆振地方中東部,42°38.3′N,141°15.7′E,3 km,3.4,震度２,42.63833333,141.2616667
2014/7/8,21:09:49,胆振地方中東部,42°39.0′N,141°15.3′E,2 km,2.8,震度１,42.65,141.255
2014/7/8,21:33:13,徳島県北部,34°03.8′N,134°29.4′E,6 km,2.6,震度１,34.06333333,134.49
2014/7/8,22:08:31,胆振地方中東部,42°38.6′N,141°14.8′E,0 km,3,震度１,42.64333333,141.2466667
2014/7/9,6:41:26,千葉県北東部,35°25.7′N,140°20.6′E,27 km,3.2,震度２,35.42833333,140.3433333
2014/7/9,7:09:50,大分県中部,33°16.9′N,131°28.7′E,3 km,2.2,震度１,33.28166667,131.4783333
2014/7/9,11:30:30,茨城県北部,36°50.2′N,140°33.9′E,4 km,3.9,震度２,36.83666667,140.565
2014/7/9,19:23:50,千葉県北西部,35°41.7′N,140°08.1′E,68 km,3.3,震度１,35.695,140.135
2014/7/9,19:36:58,福島県沖,37°03.8′N,141°09.2′E,51 km,3.1,震度１,37.06333333,141.1533333
2014/7/9,20:10:27,愛知県東部,35°08.8′N,137°41.8′E,11 km,2.9,震度１,35.14666667,137.6966667
2014/7/10,12:22:27,埼玉県北部,36°06.4′N,139°41.4′E,85 km,3.3,震度１,36.10666667,139.69
2014/7/10,17:58:54,茨城県北部,36°50.2′N,140°33.7′E,5 km,4.8,震度４,36.83666667,140.5616667
2014/7/10,18:09:08,茨城県北部,36°51.0′N,140°34.1′E,4 km,3.3,震度１,36.85,140.5683333
2014/7/10,18:16:26,胆振地方中東部,42°38.3′N,141°15.2′E,2 km,3.9,震度２,42.63833333,141.2533333
2014/7/11,0:14:47,千葉県北東部,35°31.0′N,140°24.6′E,30 km,3.4,震度３,35.51666667,140.41
2014/7/11,3:17:19,徳島県北部,34°03.9′N,134°29.5′E,6 km,2.4,震度１,34.065,134.4916667
2014/7/11,7:59:15,千葉県東方沖,35°30.8′N,140°58.6′E,38 km,3.6,震度１,35.51333333,140.9766667
2014/7/11,12:38:31,紀伊水道,33°50.4′N,134°58.3′E,12 km,3.5,震度１,33.84,134.9716667
2014/7/11,20:46:09,岩手県沖,39°47.8′N,142°20.8′E,21 km,3.9,震度２,39.79666667,142.3466667
2014/7/11,22:11:45,沖縄本島北西沖,26°18.7′N,125°51.3′E,122 km,5.3,震度２,26.31166667,125.855
2014/7/12,0:04:08,天草灘,32°33.5′N,130°01.3′E,11 km,2.9,震度１,32.55833333,130.0216667
2014/7/12,2:06:40,青森県東方沖,40°44.9′N,142°12.4′E,47 km,3,震度１,40.74833333,142.2066667
2014/7/12,4:04:20,天草灘,32°33.5′N,130°01.6′E,11 km,2.8,震度１,32.55833333,130.0266667
2014/7/12,4:22:00,福島県沖,37°03.0′N,142°19.2′E,33 km,7,震度４,37.05,142.32
2014/7/12,4:24:45,福島県沖,36°54.1′N,142°19.5′E,14 km,4.8,震度１,36.90166667,142.325
2014/7/12,4:26:24,福島県沖,36°55.0′N,142°21.6′E,20 km,4.7,震度１,36.91666667,142.36
2014/7/12,4:28:13,福島県沖,37°00.9′N,142°22.7′E,24 km,4.7,震度１,37.015,142.3783333
2014/7/12,4:59:11,福島県沖,36°53.6′N,142°23.1′E,17 km,5,震度１,36.89333333,142.385
2014/7/12,5:11:46,茨城県沖,36°20.9′N,140°56.5′E,45 km,3.5,震度１,36.34833333,140.9416667
2014/7/12,8:39:12,福島県沖,37°23.9′N,141°56.3′E,35 km,4,震度１,37.39833333,141.9383333
2014/7/12,16:59:31,宮城県沖,38°18.3′N,141°52.1′E,46 km,4.1,震度２,38.305,141.8683333
2014/7/12,21:26:40,伊豆大島近海,34°47.5′N,139°15.2′E,14 km,3.1,震度２,34.79166667,139.2533333
2014/7/13,0:37:44,瀬戸内海中部,34°11.8′N,132°58.3′E,41 km,3.9,震度２,34.19666667,132.9716667
2014/7/13,3:59:51,茨城県沖,36°31.0′N,140°41.1′E,55 km,3.9,震度２,36.51666667,140.685
2014/7/13,4:55:57,福島県沖,37°26.9′N,141°37.7′E,41 km,3.6,震度１,37.44833333,141.6283333
2014/7/13,21:05:58,岩手県内陸北部,39°45.7′N,141°23.4′E,85 km,3.3,震度１,39.76166667,141.39
2014/7/13,22:36:57,茨城県北部,36°31.3′N,140°34.5′E,55 km,3.3,震度１,36.52166667,140.575
2014/7/13,23:36:40,茨城県沖,36°04.6′N,140°57.2′E,51 km,3.4,震度１,36.07666667,140.9533333
2014/7/14,17:53:35,茨城県南部,35°54.8′N,140°14.6′E,39 km,3,震度１,35.91333333,140.2433333
2014/7/15,0:34:37,長野県北部,36°48.8′N,138°41.8′E,4 km,2.7,震度１,36.81333333,138.6966667
2014/7/15,1:03:37,長野県北部,36°46.1′N,138°30.3′E,1 km,3.2,震度２,36.76833333,138.505
2014/7/15,21:04:52,熊本県熊本地方,32°45.4′N,130°50.3′E,8 km,2.4,震度１,32.75666667,130.8383333
2014/7/15,23:45:23,福井県嶺南,35°23.3′N,135°45.1′E,7 km,2.4,震度１,35.38833333,135.7516667
2014/7/16,1:25:11,広島県南東部,34°43.8′N,133°09.4′E,23 km,2.8,震度１,34.73,133.1566667
2014/7/16,5:11:26,宮城県沖,38°40.5′N,142°14.1′E,39 km,4,震度１,38.675,142.235
2014/7/16,17:24:52,福島県浜通り,37°02.2′N,140°42.0′E,13 km,4.6,震度４,37.03666667,140.7
2014/7/16,18:27:36,千葉県東方沖,35°39.3′N,140°55.2′E,16 km,3.7,震度１,35.655,140.92
2014/7/16,23:30:02,豊後水道,33°27.5′N,132°18.8′E,45 km,3.2,震度１,33.45833333,132.3133333
2014/7/17,3:22:45,宮城県沖,38°14.0′N,141°44.3′E,49 km,3.4,震度１,38.23333333,141.7383333
2014/7/17,8:16:20,山形県村山地方,38°10.9′N,140°23.9′E,140 km,3.8,震度１,38.18166667,140.3983333
2014/7/17,8:42:50,福島県沖,37°23.9′N,141°28.3′E,24 km,3.7,震度１,37.39833333,141.4716667
2014/7/18,2:31:31,千葉県北東部,35°52.9′N,140°28.9′E,33 km,3.6,震度１,35.88166667,140.4816667
2014/7/18,7:32:41,千島列島,46°07.0′N,151°13.0′E,30 km,5.4,震度１,46.11666667,151.2166667
2014/7/18,13:38:49,福島県沖,37°03.5′N,142°37.0′E,23 km,4.6,震度１,37.05833333,142.6166667
2014/7/18,20:41:44,十勝沖,42°07.0′N,144°03.3′E,61 km,4.6,震度２,42.11666667,144.055
2014/7/19,10:42:55,茨城県南部,36°01.4′N,140°04.8′E,63 km,4.2,震度３,36.02333333,140.08
2014/7/19,11:30:05,徳島県北部,33°53.7′N,134°03.1′E,8 km,3.2,震度１,33.895,134.0516667
2014/7/19,23:18:12,岐阜県飛騨地方,36°16.6′N,137°05.0′E,7 km,2.3,震度１,36.27666667,137.0833333
2014/7/20,1:32:00,福島県沖,37°04.7′N,141°08.8′E,52 km,3.8,震度１,37.07833333,141.1466667
2014/7/20,10:01:26,茨城県沖,36°25.6′N,140°39.6′E,53 km,3.5,震度２,36.42666667,140.66
2014/7/20,10:25:34,茨城県北部,36°27.1′N,140°33.7′E,60 km,4.5,震度３,36.45166667,140.5616667
2014/7/20,19:47:14,茨城県北部,36°27.1′N,140°33.9′E,60 km,3.9,震度２,36.45166667,140.565
2014/7/21,1:31:14,宮城県沖,38°37.5′N,141°48.4′E,45 km,3.5,震度１,38.625,141.8066667
2014/7/21,2:18:21,岩手県沿岸北部,39°44.2′N,141°44.2′E,106 km,3.4,震度１,39.73666667,141.7366667
2014/7/21,3:32:48,択捉島南東沖,44°36.1′N,148°50.8′E,30 km,6.4,震度３,44.60166667,148.8466667
2014/7/21,15:04:35,和歌山県北部,34°13.2′N,135°13.7′E,4 km,2.2,震度１,34.22,135.2283333
2014/7/22,0:58:03,長野県南部,36°01.1′N,137°44.6′E,5 km,4,震度２,36.01833333,137.7433333
2014/7/22,5:13:37,秋田県沿岸北部,39°52.4′N,139°46.1′E,7 km,3.4,震度２,39.87333333,139.7683333
2014/7/22,8:38:17,千葉県東方沖,35°29.4′N,141°05.3′E,33 km,3.8,震度１,35.49,141.0883333
2014/7/22,9:11:47,和歌山県北部,34°09.9′N,135°11.3′E,7 km,3.1,震度２,34.165,135.1883333
2014/7/22,18:26:31,長野県南部,36°01.3′N,137°44.6′E,6 km,2.4,震度１,36.02166667,137.7433333
2014/7/22,21:23:58,青森県下北地方,41°21.0′N,141°14.4′E,6 km,2.5,震度１,41.35,141.24
2014/7/22,21:30:17,長野県南部,36°01.1′N,137°44.6′E,6 km,3.3,震度２,36.01833333,137.7433333
2014/7/23,7:48:52,岩手県沖,39°06.9′N,142°27.9′E,32 km,3.7,震度１,39.115,142.465
2014/7/23,12:23:47,西表島付近,23°57.2′N,123°35.5′E,32 km,3.6,震度１,23.95333333,123.5916667
2014/7/23,14:25:04,宮城県沖,38°28.7′N,142°03.6′E,55 km,3.9,震度１,38.47833333,142.06
2014/7/23,16:01:41,北海道東方沖,43°39.7′N,147°14.4′E,28 km,4.4,震度１,43.66166667,147.24
2014/7/24,8:46:29,伊豆大島近海,34°47.4′N,139°20.4′E,3 km,2.5,震度１,34.79,139.34
2014/7/24,10:14:42,岩手県内陸北部,39°38.9′N,140°56.8′E,10 km,2.1,震度１,39.64833333,140.9466667
2014/7/24,12:57:34,伊豆大島近海,34°46.9′N,139°20.3′E,3 km,2.4,震度１,34.78166667,139.3383333
2014/7/24,14:23:44,茨城県南部,35°58.8′N,140°08.5′E,61 km,3.3,震度１,35.98,140.1416667
2014/7/24,15:19:29,伊豆大島近海,34°47.0′N,139°20.2′E,1 km,2.3,震度１,34.78333333,139.3366667
2014/7/24,15:22:36,伊豆大島近海,34°47.0′N,139°20.5′E,2 km,2.1,震度１,34.78333333,139.3416667
2014/7/24,15:23:04,宮城県沖,38°16.2′N,142°08.8′E,41 km,3.3,震度１,38.27,142.1466667
2014/7/24,17:56:43,宮城県沖,38°46.5′N,141°37.2′E,68 km,3.9,震度２,38.775,141.62
2014/7/24,18:59:58,宮城県沖,38°31.7′N,141°48.8′E,49 km,3.1,震度１,38.52833333,141.8133333
2014/7/25,1:51:15,釧路沖,42°23.8′N,144°44.2′E,37 km,4,震度１,42.39666667,144.7366667
2014/7/25,13:18:16,青森県東方沖,41°32.5′N,142°05.2′E,66 km,4.9,震度３,41.54166667,142.0866667
2014/7/26,4:28:22,長野県南部,36°01.0′N,137°44.8′E,6 km,3.2,震度１,36.01666667,137.7466667
2014/7/26,5:02:30,長野県南部,36°00.8′N,137°44.9′E,6 km,2.5,震度１,36.01333333,137.7483333
2014/7/26,5:17:52,新潟県中越地方,36°58.9′N,138°37.0′E,9 km,2.7,震度１,36.98166667,138.6166667
2014/7/26,8:22:09,北海道東方沖,43°19.9′N,147°16.4′E,39 km,4.9,震度２,43.33166667,147.2733333
2014/7/26,16:17:07,静岡県東部,35°18.5′N,138°43.2′E,13 km,3,震度２,35.30833333,138.72
2014/7/26,22:24:11,宮城県沖,38°38.1′N,141°54.1′E,48 km,3.9,震度２,38.635,141.9016667
2014/7/26,23:12:30,奄美大島近海,28°05.4′N,129°20.1′E,21 km,4,震度２,28.09,129.335
2014/7/27,5:21:12,父島近海,27°17.4′N,142°18.2′E,41 km,3.8,震度１,27.29,142.3033333
2014/7/27,11:13:00,宮城県沖,38°39.6′N,142°09.2′E,40 km,3.7,震度１,38.66,142.1533333
2014/7/27,18:24:16,岩手県沖,39°38.0′N,142°06.4′E,48 km,4.1,震度２,39.63333333,142.1066667
2014/7/28,3:09:12,千葉県北東部,35°29.9′N,140°23.5′E,64 km,4.3,震度２,35.49833333,140.3916667
2014/7/28,9:51:02,茨城県南部,36°18.3′N,140°01.1′E,72 km,3.4,震度１,36.305,140.0183333
2014/7/28,14:28:55,伊豆大島近海,34°47.3′N,139°19.6′E,2 km,3.4,震度２,34.78833333,139.3266667
2014/7/28,14:33:22,伊豆大島近海,34°47.6′N,139°19.7′E,4 km,2.5,震度１,34.79333333,139.3283333
2014/7/28,15:15:35,伊豆大島近海,34°46.9′N,139°20.3′E,2 km,3,震度２,34.78166667,139.3383333
2014/7/28,15:23:30,福島県沖,36°56.9′N,141°03.5′E,51 km,3.3,震度１,36.94833333,141.0583333
2014/7/28,15:31:22,伊豆大島近海,34°47.3′N,139°20.7′E,3 km,2.1,震度１,34.78833333,139.345
2014/7/28,17:05:30,伊豆大島近海,34°47.4′N,139°20.0′E,3 km,3.7,震度３,34.79,139.3333333
2014/7/28,17:57:43,伊豆大島近海,34°47.7′N,139°19.4′E,4 km,2.7,震度１,34.795,139.3233333
2014/7/28,18:40:16,父島近海,27°14.0′N,142°03.7′E,87 km,4.1,震度１,27.23333333,142.0616667
2014/7/28,19:37:20,伊豆大島近海,34°46.1′N,139°21.0′E,5 km,2.2,震度１,34.76833333,139.35
2014/7/28,19:42:02,伊豆大島近海,34°47.7′N,139°19.6′E,4 km,2.4,震度１,34.795,139.3266667
2014/7/28,21:36:57,奄美大島北西沖,28°06.8′N,127°59.3′E,9 km,4.4,震度１,28.11333333,127.9883333
2014/7/29,0:05:48,沖縄本島北西沖,28°05.0′N,127°59.4′E,14 km,4.9,震度１,28.08333333,127.99
2014/7/29,0:33:59,伊豆大島近海,34°46.6′N,139°21.0′E,1 km,2.3,震度１,34.77666667,139.35
2014/7/29,0:41:40,伊豆大島近海,34°46.6′N,139°21.3′E,2 km,2.2,震度１,34.77666667,139.355
2014/7/29,4:01:32,福島県沖,37°02.7′N,142°26.5′E,13 km,4.4,震度１,37.045,142.4416667
2014/7/29,4:11:35,伊豆大島近海,34°46.6′N,139°21.3′E,2 km,2.4,震度２,34.77666667,139.355
2014/7/29,4:21:26,伊豆大島近海,34°46.7′N,139°21.5′E,3 km,2.1,震度１,34.77833333,139.3583333
2014/7/29,5:04:18,伊豆大島近海,34°46.7′N,139°21.5′E,3 km,2,震度１,34.77833333,139.3583333
2014/7/29,18:13:33,岩手県沖,39°24.3′N,142°19.1′E,51 km,3.8,震度２,39.405,142.3183333
2014/7/29,19:01:15,岩手県沖,39°01.8′N,142°02.3′E,58 km,3.3,震度１,39.03,142.0383333
2014/7/29,19:41:04,鹿児島県薩摩地方,31°56.1′N,130°47.7′E,1 km,1.9,震度１,31.935,130.795
2014/7/29,23:39:13,静岡県中部,35°13.6′N,138°23.9′E,20 km,2.7,震度１,35.22666667,138.3983333
2014/7/30,5:05:15,千葉県北西部,35°38.8′N,140°09.7′E,69 km,3.6,震度２,35.64666667,140.1616667
2014/7/30,15:14:06,青森県東方沖,40°39.4′N,142°15.7′E,44 km,3.7,震度１,40.65666667,142.2616667
2014/7/30,23:57:07,福島県沖,37°06.7′N,141°06.4′E,52 km,3.9,震度３,37.11166667,141.1066667
2014/7/31,1:31:26,福島県沖,37°10.7′N,141°08.4′E,88 km,3.6,震度１,37.17833333,141.14
2014/7/31,3:03:19,千葉県東方沖,35°48.7′N,140°49.7′E,12 km,3.4,震度１,35.81166667,140.8283333
2014/7/31,12:15:24,山梨県中・西部,35°13.6′N,138°24.0′E,19 km,3.1,震度２,35.22666667,138.4
2014/7/31,13:13:24,有明海,32°58.4′N,130°20.5′E,9 km,2.8,震度１,32.97333333,130.3416667
2014/7/31,14:04:09,新島・神津島近海,34°25.1′N,139°16.1′E,6 km,2.2,震度１,34.41833333,139.2683333
2014/7/31,22:21:49,新潟県上越地方,37°02.9′N,138°04.9′E,9 km,2,震度１,37.04833333,138.0816667
2014/8/1,0:57:25,青森県東方沖,41°33.8′N,142°05.0′E,65 km,3.9,震度１,41.56333333,142.0833333
2014/8/1,6:47:05,日向灘,32°26.4′N,132°00.5′E,19 km,3.2,震度１,32.44,132.0083333
2014/8/1,17:07:02,岩手県沖,40°08.4′N,142°06.4′E,51 km,3.2,震度１,40.14,142.1066667
2014/8/1,18:35:57,宮城県沖,38°57.8′N,142°05.4′E,53 km,3.3,震度１,38.96333333,142.09
2014/8/2,4:22:01,滋賀県南部,34°57.5′N,136°01.9′E,9 km,2.3,震度１,34.95833333,136.0316667
2014/8/2,14:14:10,茨城県沖,36°25.3′N,141°03.4′E,46 km,3.8,震度１,36.42166667,141.0566667
2014/8/2,20:06:06,安芸灘,34°17.2′N,132°49.3′E,42 km,3.6,震度２,34.28666667,132.8216667
2014/8/2,23:18:25,奄美大島北西沖,28°06.8′N,128°02.1′E,10 km,4.7,震度２,28.11333333,128.035
2014/8/3,1:09:57,伊予灘,33°20.4′N,131°42.5′E,87 km,4,震度２,33.34,131.7083333
2014/8/3,2:29:36,奄美大島北西沖,28°05.4′N,128°05.6′E,11 km,4.3,震度１,28.09,128.0933333
2014/8/3,2:34:59,奄美大島北西沖,28°06.4′N,128°04.6′E,5 km,5.2,震度２,28.10666667,128.0766667
2014/8/3,9:55:00,宮城県沖,38°06.5′N,141°42.5′E,56 km,3.9,震度１,38.10833333,141.7083333
2014/8/3,13:06:02,奄美大島北西沖,28°06.6′N,128°05.2′E,13 km,5.6,震度３,28.11,128.0866667
2014/8/4,0:38:57,沖縄本島近海,25°59.1′N,126°54.6′E,42 km,3.4,震度１,25.985,126.91
2014/8/4,9:45:51,福島県浜通り,37°02.4′N,140°42.6′E,13 km,3.7,震度２,37.04,140.71
2014/8/4,12:00:59,東京湾,35°36.8′N,140°02.2′E,71 km,3.2,震度１,35.61333333,140.0366667
2014/8/4,14:00:57,長野県南部,35°51.7′N,137°34.6′E,6 km,2,震度１,35.86166667,137.5766667
2014/8/4,14:17:26,長野県南部,35°51.9′N,137°34.6′E,7 km,2.2,震度１,35.865,137.5766667
2014/8/4,14:58:24,岩手県沖,39°20.4′N,142°04.2′E,48 km,4.1,震度２,39.34,142.07
2014/8/4,18:10:11,岐阜県美濃東部,35°26.2′N,137°23.4′E,6 km,2.7,震度１,35.43666667,137.39
2014/8/4,22:39:14,奄美大島北西沖,28°04.5′N,128°07.6′E,9 km,4.5,震度１,28.075,128.1266667
2014/8/5,4:36:37,八丈島東方沖,32°43.7′N,140°46.7′E,68 km,4.5,震度１,32.72833333,140.7783333
2014/8/5,4:56:36,伊豆大島近海,34°47.1′N,139°14.5′E,10 km,2.1,震度１,34.785,139.2416667
2014/8/5,21:00:58,日向灘,31°32.4′N,131°51.9′E,21 km,3.7,震度１,31.54,131.865
2014/8/5,22:48:49,青森県東方沖,40°39.9′N,142°28.0′E,44 km,4,震度２,40.665,142.4666667
2014/8/6,1:17:23,京都府南部,35°04.2′N,135°29.7′E,14 km,4.3,震度４,35.07,135.495
2014/8/6,1:26:17,京都府南部,35°04.0′N,135°29.8′E,13 km,3.3,震度２,35.06666667,135.4966667
2014/8/6,2:06:19,三宅島近海,34°05.7′N,139°32.5′E,2 km,2.1,震度１,34.095,139.5416667
2014/8/6,2:41:53,奄美大島北西沖,28°04.7′N,128°07.6′E,7 km,4.7,震度２,28.07833333,128.1266667
2014/8/6,3:21:21,京都府南部,35°04.0′N,135°29.9′E,13 km,2.9,震度１,35.06666667,135.4983333
2014/8/6,10:46:53,宮城県沖,38°54.7′N,142°25.7′E,43 km,3.7,震度１,38.91166667,142.4283333
2014/8/6,15:23:25,千葉県東方沖,35°41.7′N,140°52.6′E,20 km,3.3,震度１,35.695,140.8766667
2014/8/6,21:03:09,新島・神津島近海,34°12.6′N,139°16.1′E,12 km,2.8,震度１,34.21,139.2683333
2014/8/7,0:12:03,宮城県沖,38°53.2′N,142°05.1′E,46 km,4.2,震度２,38.88666667,142.085
2014/8/7,5:05:40,秋田県内陸北部,39°59.3′N,140°46.0′E,4 km,4.4,震度２,39.98833333,140.7666667
2014/8/7,17:50:17,西表島付近,24°25.4′N,123°35.9′E,56 km,3.7,震度１,24.42333333,123.5983333
2014/8/8,3:47:29,茨城県北部,36°39.9′N,140°42.7′E,15 km,2.5,震度１,36.665,140.7116667
2014/8/8,3:47:38,安芸灘,33°49.0′N,132°26.6′E,46 km,3.5,震度１,33.81666667,132.4433333
2014/8/8,6:47:38,父島近海,26°30.5′N,141°47.2′E,33 km,4.4,震度１,26.50833333,141.7866667
2014/8/8,15:37:09,千葉県北西部,35°46.6′N,139°55.8′E,53 km,3,震度１,35.77666667,139.93
2014/8/9,1:50:55,岩手県沖,39°47.2′N,142°20.1′E,21 km,3.2,震度１,39.78666667,142.335
2014/8/9,10:43:47,父島近海,26°40.8′N,142°24.3′E,4 km,,震度２,26.68,142.405
2014/8/9,12:17:34,茨城県北部,36°45.0′N,140°34.8′E,9 km,2.7,震度１,36.75,140.58
2014/8/9,14:07:47,宮城県沖,38°51.3′N,142°02.9′E,46 km,3.5,震度１,38.855,142.0483333
2014/8/9,14:49:36,宮城県沖,38°53.1′N,141°58.4′E,49 km,3.9,震度２,38.885,141.9733333
2014/8/9,15:19:04,宮城県沖,38°53.1′N,141°58.5′E,49 km,3.4,震度１,38.885,141.975
2014/8/10,2:43:06,静岡県中部,35°05.3′N,138°14.2′E,30 km,3.7,震度２,35.08833333,138.2366667
2014/8/10,8:02:29,父島近海,26°24.5′N,143°34.9′E,76 km,5.1,震度１,26.40833333,143.5816667
2014/8/10,12:43:18,青森県東方沖,41°08.0′N,142°16.7′E,51 km,6.1,震度５弱,41.13333333,142.2783333
2014/8/11,1:08:33,茨城県北部,36°46.6′N,140°34.5′E,7 km,3.1,震度１,36.77666667,140.575
2014/8/11,5:09:41,長崎県南西部,32°41.5′N,129°54.3′E,14 km,1.9,震度１,32.69166667,129.905
2014/8/12,0:33:21,東京都多摩東部,35°36.4′N,139°26.6′E,26 km,2.6,震度１,35.60666667,139.4433333
2014/8/12,9:47:24,房総半島南方沖,34°12.1′N,140°09.1′E,84 km,4.2,震度１,34.20166667,140.1516667
2014/8/12,12:54:41,福島県沖,37°00.8′N,141°22.6′E,29 km,3.7,震度１,37.01333333,141.3766667
2014/8/12,13:35:22,岐阜県飛騨地方,36°21.8′N,137°13.7′E,11 km,2.7,震度１,36.36333333,137.2283333
2014/8/13,9:40:42,十勝地方南部,42°21.2′N,143°06.4′E,50 km,4.2,震度２,42.35333333,143.1066667
2014/8/14,7:33:17,茨城県沖,36°23.4′N,141°02.1′E,46 km,3.3,震度１,36.39,141.035
2014/8/14,7:51:29,周防灘,33°49.4′N,131°52.5′E,77 km,4.4,震度３,33.82333333,131.875
2014/8/14,9:43:51,浦河沖,42°09.4′N,142°34.8′E,45 km,3.3,震度１,42.15666667,142.58
2014/8/14,14:36:08,茨城県北部,36°44.8′N,140°34.6′E,10 km,3.4,震度２,36.74666667,140.5766667
2014/8/14,14:57:48,宮城県沖,38°32.0′N,141°42.8′E,53 km,3.6,震度１,38.53333333,141.7133333
2014/8/14,18:30:19,新潟県中越地方,37°17.9′N,138°56.8′E,11 km,2.2,震度１,37.29833333,138.9466667
2014/8/14,21:50:38,浦河沖,42°03.8′N,142°38.9′E,63 km,4.1,震度２,42.06333333,142.6483333
2014/8/15,2:09:47,奄美大島北西沖,28°03.6′N,128°08.8′E,5 km,5.5,震度３,28.06,128.1466667
2014/8/15,6:10:53,福島県浜通り,37°12.3′N,140°54.2′E,7 km,2.8,震度１,37.205,140.9033333
2014/8/15,12:19:50,青森県東方沖,41°31.7′N,142°34.8′E,61 km,4.3,震度２,41.52833333,142.58
2014/8/15,13:17:04,山形県置賜地方,37°48.3′N,140°00.1′E,8 km,2.9,震度１,37.805,140.0016667
2014/8/15,21:24:41,福島県沖,36°52.8′N,142°29.7′E,9 km,4.6,震度１,36.88,142.495
2014/8/16,2:25:08,千葉県北東部,35°44.2′N,140°50.4′E,6 km,3.1,震度１,35.73666667,140.84
2014/8/16,2:28:11,愛知県西部,35°21.4′N,136°51.1′E,12 km,2.5,震度１,35.35666667,136.8516667
2014/8/16,3:45:03,茨城県沖,36°21.0′N,140°57.6′E,43 km,3.7,震度２,36.35,140.96
2014/8/16,4:56:36,千葉県北東部,35°44.1′N,140°50.6′E,7 km,2.7,震度１,35.735,140.8433333
2014/8/16,18:58:01,伊豆大島近海,34°44.5′N,139°23.6′E,2 km,2.1,震度１,34.74166667,139.3933333
2014/8/17,10:21:55,茨城県沖,36°21.0′N,140°58.5′E,43 km,3.9,震度２,36.35,140.975
2014/8/18,1:07:29,岩手県沖,39°11.7′N,142°23.5′E,31 km,3.9,震度１,39.195,142.3916667
2014/8/18,1:41:56,岩手県沖,39°38.8′N,142°06.5′E,48 km,3.2,震度１,39.64666667,142.1083333
2014/8/18,3:15:54,福島県沖,36°52.2′N,142°20.7′E,19 km,4.7,震度１,36.87,142.345
2014/8/18,5:34:31,種子島近海,30°45.1′N,130°51.2′E,52 km,3.8,震度１,30.75166667,130.8533333
2014/8/19,2:42:39,福井県嶺北,36°04.1′N,136°08.3′E,8 km,2.8,震度１,36.06833333,136.1383333
2014/8/19,9:18:54,伊豆大島近海,34°53.9′N,139°32.6′E,27 km,3.3,震度１,34.89833333,139.5433333
2014/8/19,22:26:23,根室半島南東沖,42°58.7′N,145°38.1′E,46 km,4.9,震度４,42.97833333,145.635
2014/8/19,22:31:29,根室半島南東沖,42°59.9′N,145°36.9′E,45 km,3.3,震度１,42.99833333,145.615
2014/8/20,8:41:09,千葉県北西部,35°35.9′N,140°06.5′E,2 km,2.1,震度１,35.59833333,140.1083333
2014/8/20,11:57:18,青森県東方沖,41°08.1′N,142°15.3′E,50 km,4.2,震度２,41.135,142.255
2014/8/20,17:57:47,宮崎県南部山沿い,31°59.5′N,130°57.5′E,0 km,0.7,震度１,31.99166667,130.9583333
2014/8/20,23:16:26,沖縄本島近海,27°14.1′N,128°20.1′E,59 km,3.9,震度２,27.235,128.335
2014/8/21,0:20:55,和歌山県北部,34°13.1′N,135°18.7′E,5 km,3.1,震度１,34.21833333,135.3116667
2014/8/21,0:21:56,和歌山県北部,34°13.2′N,135°18.6′E,5 km,3.5,震度２,34.22,135.31
2014/8/21,4:38:23,東海道南方沖,33°16.8′N,138°24.9′E,327 km,5.3,震度２,33.28,138.415
2014/8/21,19:22:24,天草灘,32°05.0′N,129°50.7′E,9 km,3.3,震度１,32.08333333,129.845
2014/8/21,20:58:55,岩手県沖,39°02.6′N,142°23.4′E,32 km,3.6,震度１,39.04333333,142.39
2014/8/21,21:46:28,静岡県中部,35°01.1′N,138°25.8′E,26 km,3.2,震度２,35.01833333,138.43
2014/8/22,8:45:10,有明海,32°54.7′N,130°23.6′E,14 km,2.3,震度１,32.91166667,130.3933333
2014/8/23,3:36:34,茨城県沖,36°22.4′N,140°52.8′E,39 km,3.3,震度１,36.37333333,140.88
2014/8/23,15:36:35,福島県浜通り,37°07.1′N,140°41.6′E,7 km,2.9,震度１,37.11833333,140.6933333
2014/8/23,17:34:37,栃木県北部,36°37.8′N,139°25.8′E,9 km,2.5,震度１,36.63,139.43
2014/8/24,3:33:15,茨城県沖,36°44.2′N,141°06.7′E,23 km,3.9,震度２,36.73666667,141.1116667
2014/8/24,4:18:21,茨城県沖,36°44.4′N,141°05.5′E,24 km,3.5,震度１,36.74,141.0916667
2014/8/24,4:31:33,宮城県沖,38°42.9′N,142°14.4′E,38 km,3.6,震度１,38.715,142.24
2014/8/24,5:50:33,北海道東方沖,43°19.9′N,146°51.7′E,41 km,3.9,震度１,43.33166667,146.8616667
2014/8/24,10:57:41,三重県北部,35°11.7′N,136°33.2′E,5 km,3.3,震度３,35.195,136.5533333
2014/8/24,14:10:14,三重県北部,35°11.9′N,136°33.3′E,5 km,2.8,震度１,35.19833333,136.555
2014/8/24,17:26:53,埼玉県南部,36°03.2′N,139°47.6′E,77 km,4.3,震度４,36.05333333,139.7933333
2014/8/25,5:30:04,福島県沖,37°44.9′N,141°48.3′E,39 km,4.3,震度２,37.74833333,141.805
2014/8/25,9:53:26,胆振地方中東部,42°38.4′N,141°15.4′E,1 km,2.6,震度１,42.64,141.2566667
2014/8/25,11:12:50,奄美大島北西沖,28°03.3′N,128°11.1′E,12 km,4.4,震度１,28.055,128.185
2014/8/25,13:44:11,淡路島付近,34°21.7′N,134°53.4′E,12 km,2.6,震度１,34.36166667,134.89
2014/8/25,13:46:13,淡路島付近,34°21.7′N,134°53.4′E,12 km,3.4,震度２,34.36166667,134.89
2014/8/25,16:31:42,トカラ列島近海,29°50.8′N,129°59.1′E,91 km,4.4,震度１,29.84666667,129.985
2014/8/25,17:16:24,新潟県中越地方,37°10.4′N,138°49.5′E,8 km,2.1,震度１,37.17333333,138.825
2014/8/25,19:44:08,島根県東部,35°20.7′N,133°17.7′E,10 km,3,震度２,35.345,133.295
2014/8/25,20:04:36,岩手県沖,39°38.2′N,142°06.2′E,48 km,3.9,震度２,39.63666667,142.1033333
2014/8/25,21:01:26,福島県浜通り,37°02.0′N,140°40.3′E,9 km,3.1,震度１,37.03333333,140.6716667
2014/8/26,3:42:16,淡路島付近,34°21.8′N,134°53.5′E,11 km,4.2,震度３,34.36333333,134.8916667
2014/8/26,3:46:41,淡路島付近,34°21.7′N,134°53.5′E,12 km,3.1,震度１,34.36166667,134.8916667
2014/8/26,4:51:01,岩手県沿岸北部,39°45.5′N,141°50.0′E,58 km,3.8,震度２,39.75833333,141.8333333
2014/8/26,5:51:36,淡路島付近,34°21.7′N,134°53.4′E,11 km,2.7,震度１,34.36166667,134.89
2014/8/26,10:34:52,十勝沖,41°48.8′N,143°25.6′E,29 km,3.8,震度１,41.81333333,143.4266667
2014/8/26,11:22:53,茨城県南部,36°24.3′N,140°09.0′E,108 km,4.2,震度３,36.405,140.15
2014/8/26,12:36:21,岩手県沖,39°07.3′N,142°19.0′E,54 km,4.2,震度３,39.12166667,142.3166667
2014/8/26,13:11:33,岐阜県飛騨地方,36°03.0′N,137°33.1′E,7 km,2,震度１,36.05,137.5516667
2014/8/26,16:39:29,茨城県南部,35°59.0′N,140°08.3′E,61 km,3.4,震度１,35.98333333,140.1383333
2014/8/26,22:41:54,三重県北部,35°11.7′N,136°33.1′E,5 km,2.6,震度１,35.195,136.5516667
2014/8/27,1:01:05,宮城県沖,38°32.4′N,141°43.4′E,53 km,3.2,震度１,38.54,141.7233333
2014/8/27,2:44:54,三重県北部,35°11.7′N,136°33.1′E,5 km,2.7,震度１,35.195,136.5516667
2014/8/27,4:49:36,宮城県沖,38°14.6′N,141°49.3′E,56 km,3.8,震度２,38.24333333,141.8216667
2014/8/27,12:37:33,福島県会津,36°59.4′N,139°24.0′E,8 km,1.8,震度１,36.99,139.4
2014/8/27,13:48:59,青森県東方沖,41°02.5′N,143°11.4′E,42 km,5.4,震度２,41.04166667,143.19
2014/8/27,15:44:17,茨城県沖,36°44.4′N,141°05.7′E,24 km,4.2,震度２,36.74,141.095
2014/8/28,1:45:17,茨城県北部,36°27.1′N,140°36.4′E,56 km,3.5,震度２,36.45166667,140.6066667
2014/8/28,3:05:04,新潟県上中越沖,37°31.2′N,138°36.1′E,15 km,2.3,震度１,37.52,138.6016667
2014/8/28,7:45:40,福島県沖,37°34.6′N,141°47.7′E,30 km,4,震度１,37.57666667,141.795
2014/8/28,16:02:55,豊後水道,33°27.4′N,132°20.4′E,45 km,2.8,震度１,33.45666667,132.34
2014/8/28,22:41:15,千葉県東方沖,35°44.5′N,140°53.0′E,11 km,3.5,震度１,35.74166667,140.8833333
2014/8/29,1:30:24,日向灘,32°07.7′N,132°09.0′E,18 km,4.2,震度２,32.12833333,132.15
2014/8/29,4:14:36,日向灘,32°08.4′N,132°08.7′E,18 km,6,震度４,32.14,132.145
2014/8/29,4:18:53,日向灘,32°07.6′N,132°06.6′E,12 km,3.6,震度１,32.12666667,132.11
2014/8/29,4:32:04,日向灘,32°06.7′N,132°08.6′E,19 km,4.5,震度２,32.11166667,132.1433333
2014/8/29,6:29:35,日向灘,32°05.8′N,132°09.2′E,19 km,3.7,震度１,32.09666667,132.1533333
2014/8/29,6:55:06,日向灘,32°06.3′N,132°09.0′E,10 km,3.9,震度１,32.105,132.15
2014/8/29,13:05:28,茨城県北部,36°27.3′N,140°35.9′E,56 km,3.9,震度２,36.455,140.5983333
2014/8/29,16:35:05,福島県沖,36°52.6′N,141°21.2′E,28 km,5,震度３,36.87666667,141.3533333
2014/8/29,17:45:32,熊本県熊本地方,32°46.8′N,130°45.2′E,7 km,2.2,震度１,32.78,130.7533333
2014/8/29,18:19:41,茨城県北部,36°38.7′N,140°39.8′E,10 km,4.2,震度４,36.645,140.6633333
2014/8/29,18:47:11,日向灘,32°05.1′N,132°07.9′E,17 km,3.6,震度１,32.085,132.1316667
2014/8/29,19:22:51,日向灘,32°05.1′N,132°08.6′E,18 km,3.9,震度１,32.085,132.1433333
2014/8/30,2:55:57,宮城県沖,38°52.1′N,141°37.9′E,61 km,3.1,震度１,38.86833333,141.6316667
2014/8/30,4:17:22,日向灘,32°09.8′N,132°06.1′E,18 km,3.9,震度１,32.16333333,132.1016667
2014/8/30,4:55:10,茨城県北部,36°38.6′N,140°39.3′E,10 km,2.8,震度１,36.64333333,140.655
2014/8/30,5:03:55,茨城県沖,36°37.3′N,141°21.4′E,42 km,3.9,震度２,36.62166667,141.3566667
2014/8/30,8:33:45,釧路沖,42°38.3′N,144°05.7′E,58 km,4.1,震度２,42.63833333,144.095
2014/8/30,15:41:54,福井県嶺南,35°26.8′N,135°52.0′E,13 km,2.7,震度２,35.44666667,135.8666667
2014/8/30,16:11:55,福井県嶺南,35°26.8′N,135°51.9′E,13 km,2.9,震度２,35.44666667,135.865
2014/8/30,16:26:48,神奈川県西部,35°26.9′N,139°00.9′E,23 km,2.9,震度１,35.44833333,139.015
2014/8/30,22:57:24,淡路島付近,34°21.8′N,134°53.3′E,12 km,2.9,震度１,34.36333333,134.8883333
2014/8/31,1:38:18,奄美大島近海,27°55.6′N,128°53.1′E,46 km,3.1,震度１,27.92666667,128.885
2014/8/31,5:42:32,福島県沖,37°42.5′N,142°06.7′E,34 km,4.1,震度１,37.70833333,142.1116667
2014/8/31,5:44:29,福島県沖,37°04.3′N,141°11.4′E,50 km,4.2,震度３,37.07166667,141.19
2014/8/31,6:37:46,青森県東方沖,40°57.9′N,142°01.8′E,55 km,3.1,震度１,40.965,142.03
2014/8/31,8:31:44,瀬戸内海中部,34°06.1′N,133°18.0′E,17 km,3,震度１,34.10166667,133.3
2014/8/31,14:19:40,岐阜県美濃中西部,35°44.2′N,137°07.1′E,8 km,2.8,震度２,35.73666667,137.1183333
2014/9/1,9:35:16,鳥取県西部,35°17.7′N,133°19.8′E,4 km,2.2,震度１,35.295,133.33
2014/9/1,10:26:35,宮城県沖,38°20.0′N,142°08.0′E,37 km,4.3,震度２,38.33333333,142.1333333
2014/9/1,13:10:20,山梨県中・西部,35°13.3′N,138°24.0′E,20 km,2.5,震度１,35.22166667,138.4
2014/9/1,22:40:29,宮城県沖,38°17.9′N,141°49.2′E,47 km,3.4,震度１,38.29833333,141.82
2014/9/2,14:44:14,青森県東方沖,40°54.3′N,142°07.0′E,51 km,3.6,震度１,40.905,142.1166667
2014/9/2,16:32:41,茨城県南部,36°08.1′N,140°00.7′E,49 km,3.9,震度３,36.135,140.0116667
2014/9/2,16:39:07,山梨県中・西部,35°13.2′N,138°24.8′E,16 km,3.2,震度１,35.22,138.4133333
2014/9/3,5:22:25,福島県沖,37°08.0′N,141°07.8′E,65 km,3.4,震度１,37.13333333,141.13
2014/9/3,16:16:06,千葉県北西部,35°35.0′N,140°08.1′E,2 km,2.4,震度２,35.58333333,140.135
2014/9/3,16:24:19,栃木県北部,36°52.4′N,139°31.3′E,7 km,5.1,震度５弱,36.87333333,139.5216667
2014/9/3,16:26:23,栃木県北部,36°52.5′N,139°30.8′E,8 km,2.6,震度１,36.875,139.5133333
2014/9/3,16:28:20,栃木県北部,36°52.2′N,139°31.2′E,7 km,2.7,震度１,36.87,139.52
2014/9/3,16:29:15,栃木県北部,36°52.8′N,139°30.9′E,7 km,2.9,震度２,36.88,139.515
2014/9/3,16:34:24,栃木県北部,36°53.3′N,139°30.8′E,8 km,2.4,震度１,36.88833333,139.5133333
2014/9/3,16:36:59,栃木県北部,36°53.0′N,139°31.3′E,7 km,2.7,震度２,36.88333333,139.5216667
2014/9/3,16:55:16,栃木県北部,36°52.6′N,139°32.0′E,6 km,2.7,震度１,36.87666667,139.5333333
2014/9/3,17:14:32,栃木県北部,36°52.6′N,139°31.8′E,7 km,2.7,震度１,36.87666667,139.53
2014/9/3,19:11:17,千葉県東方沖,35°24.2′N,141°05.4′E,37 km,4.8,震度２,35.40333333,141.09
2014/9/3,20:15:05,西表島付近,24°09.3′N,123°53.2′E,17 km,3.1,震度１,24.155,123.8866667
2014/9/3,20:21:49,栃木県北部,36°53.3′N,139°31.4′E,7 km,3,震度２,36.88833333,139.5233333
2014/9/3,20:44:48,伊豆大島近海,34°43.8′N,139°23.0′E,4 km,2,震度１,34.73,139.3833333
2014/9/3,21:25:31,新潟県中越地方,36°57.9′N,138°37.7′E,9 km,2.6,震度１,36.965,138.6283333
2014/9/3,22:16:23,栃木県北部,36°52.9′N,139°31.9′E,8 km,3.8,震度３,36.88166667,139.5316667
2014/9/3,23:26:00,釧路沖,42°54.0′N,145°28.0′E,46 km,3.6,震度１,42.9,145.4666667
2014/9/4,0:37:44,栃木県北部,36°52.5′N,139°31.9′E,7 km,2.1,震度１,36.875,139.5316667
2014/9/4,5:34:37,栃木県北部,36°52.4′N,139°30.8′E,7 km,4.5,震度４,36.87333333,139.5133333
2014/9/4,5:36:49,栃木県北部,36°52.4′N,139°30.7′E,7 km,4.3,震度３,36.87333333,139.5116667
2014/9/4,6:34:32,栃木県北部,36°52.2′N,139°30.7′E,6 km,2.9,震度１,36.87,139.5116667
2014/9/4,7:27:38,栃木県北部,36°52.7′N,139°31.9′E,7 km,2.6,震度１,36.87833333,139.5316667
2014/9/4,7:49:35,日高地方西部,42°46.2′N,142°40.0′E,28 km,4.7,震度３,42.77,142.6666667
2014/9/4,7:54:03,日高地方西部,42°46.2′N,142°40.5′E,28 km,3.1,震度１,42.77,142.675
2014/9/4,8:21:19,栃木県北部,36°52.6′N,139°31.8′E,7 km,3.3,震度２,36.87666667,139.53
2014/9/4,8:23:32,栃木県北部,36°52.6′N,139°31.9′E,7 km,2.5,震度１,36.87666667,139.5316667
2014/9/4,8:27:33,栃木県北部,36°52.6′N,139°32.2′E,7 km,1.8,震度１,36.87666667,139.5366667
2014/9/4,8:50:32,栃木県北部,36°52.7′N,139°32.0′E,7 km,2.4,震度１,36.87833333,139.5333333
2014/9/4,9:06:49,栃木県北部,36°52.6′N,139°32.1′E,8 km,2.7,震度１,36.87666667,139.535
2014/9/4,11:57:37,栃木県北部,36°52.5′N,139°31.7′E,7 km,2.4,震度１,36.875,139.5283333
2014/9/4,12:07:06,釧路沖,42°59.8′N,145°17.0′E,87 km,3.6,震度２,42.99666667,145.2833333
2014/9/4,14:17:03,熊本県熊本地方,32°57.1′N,130°53.8′E,9 km,2.2,震度１,32.95166667,130.8966667
2014/9/4,15:59:32,宮城県沖,38°00.5′N,141°55.6′E,51 km,4.2,震度２,38.00833333,141.9266667
2014/9/4,17:10:49,奄美大島近海,27°55.7′N,128°52.7′E,45 km,2.6,震度１,27.92833333,128.8783333
2014/9/4,18:46:40,福島県沖,37°30.9′N,141°19.5′E,52 km,3.4,震度１,37.515,141.325
2014/9/5,7:13:04,栃木県北部,36°52.4′N,139°31.1′E,6 km,3.1,震度１,36.87333333,139.5183333
2014/9/5,8:02:59,山口県北部,34°10.8′N,131°08.3′E,17 km,2.8,震度１,34.18,131.1383333
2014/9/5,14:15:27,奄美大島近海,28°00.3′N,128°47.3′E,16 km,3.8,震度１,28.005,128.7883333
2014/9/5,23:11:42,茨城県南部,35°59.8′N,140°08.2′E,59 km,3.3,震度１,35.99666667,140.1366667
2014/9/6,1:28:49,茨城県沖,36°32.7′N,140°50.8′E,51 km,3.2,震度１,36.545,140.8466667
2014/9/6,3:09:07,能登半島沖,37°08.4′N,136°38.5′E,6 km,1.6,震度１,37.14,136.6416667
2014/9/6,11:53:49,沖縄本島近海,26°21.4′N,127°43.9′E,15 km,2,震度１,26.35666667,127.7316667
2014/9/6,13:43:03,山梨県中・西部,35°13.2′N,138°24.0′E,20 km,2.8,震度１,35.22,138.4
2014/9/6,17:31:57,浦河沖,42°02.9′N,142°30.5′E,64 km,4.4,震度３,42.04833333,142.5083333
2014/9/6,23:29:13,福井県嶺南,35°23.8′N,135°45.3′E,8 km,2.6,震度１,35.39666667,135.755
2014/9/6,23:34:34,福島県中通り,37°32.7′N,140°35.7′E,99 km,3.9,震度２,37.545,140.595
2014/9/7,4:33:38,鹿児島県薩摩地方,31°44.9′N,130°47.4′E,8 km,1.9,震度１,31.74833333,130.79
2014/9/7,7:23:35,沖縄本島近海,26°21.1′N,127°44.0′E,17 km,2.6,震度１,26.35166667,127.7333333
2014/9/7,8:33:08,与那国島近海,24°03.8′N,122°53.8′E,18 km,5,震度２,24.06333333,122.8966667
2014/9/7,18:28:46,埼玉県北部,36°13.7′N,139°17.3′E,16 km,3.1,震度１,36.22833333,139.2883333
2014/9/7,23:59:27,千葉県北西部,35°35.1′N,140°07.9′E,0 km,2.4,震度２,35.585,140.1316667
2014/9/8,2:10:45,福島県沖,37°03.5′N,141°11.9′E,50 km,3.5,震度２,37.05833333,141.1983333
2014/9/8,4:40:21,千葉県北西部,35°35.0′N,140°07.9′E,1 km,1.9,震度１,35.58333333,140.1316667
2014/9/8,9:25:19,静岡県東部,35°10.3′N,138°39.5′E,17 km,2.6,震度２,35.17166667,138.6583333
2014/9/8,12:29:01,埼玉県南部,35°53.9′N,139°46.1′E,78 km,3.2,震度１,35.89833333,139.7683333
2014/9/8,12:58:26,和歌山県北部,34°03.4′N,135°15.4′E,8 km,2.4,震度１,34.05666667,135.2566667
2014/9/8,21:21:28,茨城県南部,36°01.2′N,140°04.4′E,62 km,3.3,震度１,36.02,140.0733333
2014/9/9,5:07:08,島根県東部,35°05.7′N,132°40.3′E,9 km,3.3,震度１,35.095,132.6716667
2014/9/9,6:12:48,茨城県北部,36°42.6′N,140°36.6′E,8 km,2.9,震度１,36.71,140.61
2014/9/9,7:03:14,福島県浜通り,37°03.2′N,140°42.3′E,9 km,3.4,震度２,37.05333333,140.705
2014/9/9,8:16:32,千葉県北西部,35°34.7′N,140°08.1′E,3 km,2.5,震度２,35.57833333,140.135
2014/9/9,11:25:46,紀伊水道,34°13.3′N,135°05.5′E,9 km,2.9,震度１,34.22166667,135.0916667
2014/9/9,11:43:12,千葉県北東部,35°43.5′N,140°38.9′E,48 km,3.8,震度２,35.725,140.6483333
2014/9/9,17:09:51,千葉県北西部,35°34.8′N,140°08.5′E,2 km,2,震度１,35.58,140.1416667
2014/9/9,18:34:02,島根県西部,35°09.4′N,132°33.8′E,9 km,2.2,震度１,35.15666667,132.5633333
2014/9/9,21:29:01,鹿児島県薩摩地方,31°56.2′N,130°48.6′E,1 km,1.9,震度１,31.93666667,130.81
2014/9/10,1:54:10,茨城県北部,36°49.3′N,140°35.0′E,7 km,3.9,震度２,36.82166667,140.5833333
2014/9/10,4:32:53,茨城県沖,36°28.0′N,140°48.0′E,76 km,3.5,震度１,36.46666667,140.8
2014/9/10,5:25:24,鹿児島県薩摩地方,31°56.1′N,130°48.6′E,1 km,2.5,震度２,31.935,130.81
2014/9/10,5:27:14,鹿児島県薩摩地方,31°56.1′N,130°48.6′E,2 km,2.3,震度１,31.935,130.81
2014/9/10,10:09:36,岩手県沖,40°08.0′N,141°55.5′E,67 km,4.9,震度４,40.13333333,141.925
2014/9/10,10:26:25,長野県南部,35°52.6′N,137°34.8′E,7 km,2.3,震度１,35.87666667,137.58
2014/9/10,23:44:14,福島県沖,37°24.5′N,141°18.8′E,28 km,3.2,震度１,37.40833333,141.3133333
2014/9/11,11:53:11,栃木県北部,36°51.9′N,139°31.2′E,6 km,3.2,震度２,36.865,139.52
2014/9/11,12:47:21,栃木県北部,36°51.9′N,139°31.2′E,6 km,3.1,震度２,36.865,139.52
2014/9/11,15:43:41,栃木県北部,36°51.9′N,139°31.4′E,6 km,2.9,震度１,36.865,139.5233333
2014/9/11,17:07:52,和歌山県北部,33°49.8′N,135°17.8′E,50 km,3.4,震度１,33.83,135.2966667
2014/9/11,22:42:10,鹿児島湾,31°13.3′N,130°41.4′E,5 km,3,震度２,31.22166667,130.69
2014/9/11,23:34:08,鹿児島湾,31°13.0′N,130°41.2′E,6 km,2.2,震度１,31.21666667,130.6866667
2014/9/12,5:37:32,栃木県北部,36°53.1′N,139°31.2′E,7 km,1.9,震度１,36.885,139.52
2014/9/12,16:47:27,硫黄島近海,22°22.5′N,144°04.0′E,129 km,5.4,震度１,22.375,144.0666667
2014/9/13,3:33:59,栃木県北部,36°52.9′N,139°32.0′E,7 km,1.9,震度１,36.88166667,139.5333333
2014/9/13,9:21:04,茨城県北部,36°28.8′N,140°23.1′E,99 km,3.1,震度１,36.48,140.385
2014/9/13,9:32:21,三河湾,34°47.4′N,136°58.9′E,38 km,3,震度１,34.79,136.9816667
2014/9/13,9:42:57,長野県南部,35°52.3′N,137°40.6′E,6 km,1.5,震度１,35.87166667,137.6766667
2014/9/13,10:37:53,奄美大島近海,28°21.1′N,129°36.1′E,34 km,3.1,震度１,28.35166667,129.6016667
2014/9/13,22:01:13,岩手県沖,39°47.3′N,142°15.4′E,23 km,3.2,震度１,39.78833333,142.2566667
2014/9/13,23:51:33,沖縄本島近海,26°32.5′N,127°39.2′E,47 km,3.8,震度１,26.54166667,127.6533333
2014/9/14,0:49:39,新潟県上越地方,37°05.9′N,138°23.7′E,9 km,1.6,震度１,37.09833333,138.395
2014/9/14,3:44:25,山梨県東部・富士五湖,35°31.6′N,139°01.6′E,17 km,2.7,震度１,35.52666667,139.0266667
2014/9/14,10:33:13,栃木県北部,36°52.6′N,139°31.8′E,8 km,2.7,震度１,36.87666667,139.53
2014/9/14,11:18:24,種子島南東沖,29°54.4′N,131°13.4′E,28 km,4.6,震度１,29.90666667,131.2233333
2014/9/14,15:57:40,滋賀県北部,35°29.5′N,136°18.5′E,38 km,4.1,震度３,35.49166667,136.3083333
2014/9/14,17:18:09,淡路島付近,34°22.0′N,134°53.3′E,12 km,3.2,震度２,34.36666667,134.8883333
2014/9/15,5:56:45,福井県嶺南,35°32.3′N,135°51.9′E,12 km,2.7,震度１,35.53833333,135.865
2014/9/15,7:18:02,渡島地方北部,42°08.0′N,140°08.8′E,6 km,2.9,震度１,42.13333333,140.1466667
2014/9/15,8:20:35,宮城県沖,38°13.7′N,142°26.9′E,39 km,4.1,震度１,38.22833333,142.4483333
2014/9/15,10:48:42,父島近海,27°49.5′N,141°34.8′E,108 km,4.1,震度２,27.825,141.58
2014/9/15,15:51:48,浦河沖,41°58.8′N,142°50.1′E,37 km,3.4,震度１,41.98,142.835
2014/9/15,16:23:04,島根県西部,35°06.1′N,132°35.4′E,7 km,3.1,震度２,35.10166667,132.59
2014/9/15,16:54:26,千葉県南部,35°14.7′N,140°16.4′E,13 km,2.6,震度１,35.245,140.2733333
2014/9/15,18:11:59,宮城県沖,38°25.7′N,141°50.0′E,57 km,3.4,震度１,38.42833333,141.8333333
2014/9/16,4:19:04,京都府北部,35°43.8′N,135°10.3′E,15 km,2.9,震度１,35.73,135.1716667
2014/9/16,5:32:17,千葉県南部,35°14.7′N,140°16.5′E,14 km,2.8,震度１,35.245,140.275
2014/9/16,6:29:12,茨城県北部,36°39.6′N,140°36.6′E,9 km,2.3,震度１,36.66,140.61
2014/9/16,9:46:09,福島県会津,37°03.8′N,139°21.1′E,8 km,1.4,震度１,37.06333333,139.3516667
2014/9/16,10:29:09,福島県会津,37°03.8′N,139°20.9′E,7 km,2.4,震度２,37.06333333,139.3483333
2014/9/16,12:28:32,茨城県南部,36°05.6′N,139°51.8′E,47 km,5.6,震度５弱,36.09333333,139.8633333
2014/9/16,14:23:00,福島県会津,37°03.9′N,139°21.2′E,8 km,1.7,震度１,37.065,139.3533333
2014/9/16,22:37:20,茨城県南部,36°05.9′N,139°51.6′E,47 km,3.3,震度１,36.09833333,139.86
2014/9/16,22:55:03,大分県西部,33°06.5′N,131°12.1′E,8 km,3,震度２,33.10833333,131.2016667
2014/9/17,8:00:50,茨城県南部,36°05.4′N,139°51.7′E,47 km,3,震度１,36.09,139.8616667
2014/9/17,20:37:48,福島県会津,37°03.9′N,139°21.0′E,7 km,2.1,震度２,37.065,139.35
2014/9/18,8:18:55,宮古島近海,24°49.6′N,125°23.7′E,50 km,5.2,震度４,24.82666667,125.395
2014/9/18,8:31:17,宮古島近海,24°49.5′N,125°23.6′E,49 km,3.9,震度１,24.825,125.3933333
2014/9/18,14:56:38,国後島付近,43°44.7′N,146°29.1′E,74 km,4.9,震度３,43.745,146.485
2014/9/19,1:34:49,宮城県沖,38°01.6′N,141°51.6′E,52 km,4,震度２,38.02666667,141.86
2014/9/19,1:43:06,栃木県北部,36°52.6′N,139°32.0′E,7 km,3,震度１,36.87666667,139.5333333
2014/9/19,1:52:44,栃木県北部,36°52.7′N,139°32.0′E,7 km,2.5,震度１,36.87833333,139.5333333
2014/9/19,10:54:36,奄美大島近海,28°04.5′N,129°03.9′E,45 km,3.9,震度２,28.075,129.065
2014/9/19,11:12:53,熊本県阿蘇地方,32°52.5′N,131°05.2′E,0 km,0.4,震度１,32.875,131.0866667
2014/9/19,15:04:27,長野県南部,35°32.2′N,138°08.5′E,16 km,2.8,震度１,35.53666667,138.1416667
2014/9/19,19:23:02,茨城県沖,36°11.5′N,141°00.7′E,44 km,3.5,震度１,36.19166667,141.0116667
2014/9/19,23:12:18,福島県会津,37°23.7′N,139°28.2′E,4 km,2.5,震度１,37.395,139.47
2014/9/19,23:42:42,茨城県沖,36°20.0′N,141°03.6′E,40 km,3.4,震度１,36.33333333,141.06
2014/9/20,0:55:53,種子島近海,30°09.1′N,130°24.3′E,60 km,3.9,震度１,30.15166667,130.405
2014/9/20,3:29:05,宮城県沖,38°54.0′N,142°07.2′E,44 km,3.3,震度１,38.9,142.12
2014/9/20,4:27:51,種子島近海,30°10.2′N,130°32.0′E,9 km,2.4,震度１,30.17,130.5333333
2014/9/20,17:04:14,釧路沖,42°54.5′N,144°00.1′E,97 km,3.3,震度１,42.90833333,144.0016667
2014/9/20,22:34:46,宮城県沖,38°41.9′N,141°47.8′E,53 km,2.9,震度１,38.69833333,141.7966667
2014/9/20,22:39:53,宮城県沖,38°41.6′N,142°01.2′E,51 km,3.1,震度１,38.69333333,142.02
2014/9/21,17:44:53,長野県中部,35°59.7′N,138°03.4′E,5 km,2.3,震度１,35.995,138.0566667
2014/9/22,0:10:59,福島県会津,37°03.8′N,139°21.3′E,8 km,1.5,震度１,37.06333333,139.355
2014/9/22,0:13:18,福島県会津,37°03.8′N,139°21.2′E,8 km,1.6,震度１,37.06333333,139.3533333
2014/9/22,1:01:23,茨城県北部,36°49.8′N,140°34.7′E,7 km,3.3,震度１,36.83,140.5783333
2014/9/22,2:32:04,小笠原諸島西方沖,28°00.6′N,139°52.4′E,491 km,5.5,震度１,28.01,139.8733333
2014/9/22,2:33:33,小笠原諸島西方沖,27°56.2′N,139°59.4′E,507 km,5.5,震度１,27.93666667,139.99
2014/9/22,3:16:46,長野県中部,35°59.8′N,138°03.7′E,5 km,2.2,震度１,35.99666667,138.0616667
2014/9/23,10:37:33,三宅島近海,34°07.4′N,139°22.9′E,13 km,2.5,震度１,34.12333333,139.3816667
2014/9/23,12:32:14,安芸灘,33°53.6′N,132°38.6′E,44 km,3.9,震度３,33.89333333,132.6433333
2014/9/23,14:30:12,茨城県沖,35°59.2′N,141°10.6′E,21 km,3.7,震度１,35.98666667,141.1766667
2014/9/23,19:09:21,島根県西部,35°06.2′N,132°35.3′E,6 km,2.6,震度１,35.10333333,132.5883333
2014/9/23,19:26:24,島根県西部,35°06.2′N,132°35.3′E,7 km,2.3,震度１,35.10333333,132.5883333
2014/9/23,20:05:05,長野県南部,35°48.8′N,137°42.5′E,6 km,2.1,震度１,35.81333333,137.7083333
2014/9/23,23:54:14,宮城県沖,38°41.1′N,142°16.5′E,39 km,3.8,震度１,38.685,142.275
2014/9/24,1:33:47,千葉県北西部,35°32.8′N,140°08.4′E,3 km,1.9,震度１,35.54666667,140.14
2014/9/24,1:39:28,千葉県北西部,35°32.9′N,140°08.3′E,1 km,2.3,震度１,35.54833333,140.1383333
2014/9/24,6:52:27,茨城県南部,36°02.3′N,139°55.3′E,43 km,3,震度１,36.03833333,139.9216667
2014/9/24,10:42:58,福島県沖,37°28.6′N,141°19.7′E,30 km,3.7,震度１,37.47666667,141.3283333
2014/9/24,12:43:10,宗谷地方北部,45°07.6′N,141°43.2′E,10 km,2.4,震度１,45.12666667,141.72
2014/9/24,13:04:25,栃木県北部,36°52.3′N,139°31.5′E,6 km,2.4,震度１,36.87166667,139.525
2014/9/24,20:00:46,秋田県内陸南部,39°26.8′N,140°22.4′E,8 km,1.4,震度１,39.44666667,140.3733333
2014/9/24,21:45:47,福島県沖,37°32.1′N,141°24.0′E,51 km,5.1,震度４,37.535,141.4
2014/9/24,22:30:57,福島県沖,37°32.1′N,141°23.5′E,51 km,5.1,震度４,37.535,141.3916667
2014/9/24,23:00:29,茨城県北部,36°50.9′N,140°37.8′E,8 km,3.6,震度２,36.84833333,140.63
2014/9/25,5:23:19,京都府南部,35°02.6′N,135°38.9′E,11 km,2.6,震度１,35.04333333,135.6483333
2014/9/25,13:25:46,浦河沖,42°06.1′N,142°34.5′E,62 km,4.1,震度２,42.10166667,142.575
2014/9/25,20:12:02,十勝地方中部,42°41.5′N,143°22.0′E,90 km,3.6,震度２,42.69166667,143.3666667
2014/9/25,21:53:50,静岡県中部,34°38.5′N,138°11.4′E,8 km,2.9,震度１,34.64166667,138.19
2014/9/26,10:51:37,秋田県内陸南部,39°32.0′N,140°16.1′E,8 km,1.8,震度１,39.53333333,140.2683333
2014/9/26,13:52:06,岩手県沖,39°08.8′N,142°25.3′E,45 km,3.6,震度１,39.14666667,142.4216667
2014/9/26,14:28:00,熊本県阿蘇地方,33°05.1′N,131°05.5′E,10 km,2.4,震度１,33.085,131.0916667
2014/9/26,14:31:33,十勝地方南部,42°21.1′N,143°06.7′E,50 km,3.6,震度１,42.35166667,143.1116667
2014/9/26,17:49:45,青森県東方沖,41°34.7′N,142°03.3′E,65 km,4,震度２,41.57833333,142.055
2014/9/26,20:36:31,秋田県内陸南部,39°31.9′N,140°16.0′E,8 km,2.2,震度１,39.53166667,140.2666667
2014/9/26,21:02:55,熊本県阿蘇地方,33°04.9′N,131°04.5′E,10 km,2.6,震度１,33.08166667,131.075
2014/9/26,21:30:31,熊本県熊本地方,32°54.2′N,130°48.9′E,10 km,2,震度１,32.90333333,130.815
2014/9/27,0:35:27,能登半島沖,37°14.2′N,136°40.6′E,8 km,4.1,震度３,37.23666667,136.6766667
2014/9/27,1:40:45,茨城県沖,36°24.7′N,141°03.3′E,45 km,3.4,震度１,36.41166667,141.055
2014/9/27,5:40:37,福井県嶺北,35°55.0′N,136°37.5′E,9 km,2.8,震度２,35.91666667,136.625
2014/9/27,5:40:46,宮古島近海,24°45.0′N,125°24.0′E,44 km,3.2,震度１,24.75,125.4
2014/9/27,10:20:19,伊豆大島近海,34°46.4′N,139°21.9′E,0 km,1.7,震度３,34.77333333,139.365
2014/9/27,16:16:55,福井県嶺北,35°56.1′N,136°19.9′E,7 km,2.8,震度１,35.935,136.3316667
2014/9/27,17:47:44,伊豆大島近海,34°46.6′N,139°22.1′E,0 km,1.1,震度１,34.77666667,139.3683333
2014/9/27,22:35:49,宮古島近海,24°44.3′N,125°24.9′E,45 km,3,震度１,24.73833333,125.415
2014/9/28,15:09:32,茨城県南部,36°07.9′N,140°01.3′E,49 km,3.9,震度３,36.13166667,140.0216667
2014/9/29,4:43:35,茨城県北部,36°23.0′N,140°34.2′E,54 km,2.9,震度１,36.38333333,140.57
2014/9/29,10:05:39,十勝沖,41°56.1′N,144°27.0′E,41 km,4.8,震度２,41.935,144.45
2014/9/29,17:12:18,紀伊水道,33°40.7′N,135°08.7′E,39 km,3.5,震度１,33.67833333,135.145
2014/9/29,17:51:19,栃木県北部,36°42.5′N,139°24.1′E,6 km,2.9,震度１,36.70833333,139.4016667
2014/9/29,20:25:20,岩手県内陸南部,39°04.0′N,140°52.0′E,6 km,3.2,震度１,39.06666667,140.8666667
2014/9/29,23:40:05,宮城県沖,38°16.0′N,142°10.2′E,39 km,3.9,震度１,38.26666667,142.17
2014/9/30,0:48:51,宮古島近海,24°44.6′N,125°24.3′E,46 km,3.4,震度１,24.74333333,125.405
2014/9/30,1:15:37,埼玉県北部,36°08.9′N,139°03.1′E,14 km,2.1,震度１,36.14833333,139.0516667
2014/9/30,8:40:47,宮城県沖,38°39.4′N,141°56.0′E,45 km,3.3,震度１,38.65666667,141.9333333
2014/9/30,12:38:58,和歌山県北部,34°11.3′N,135°10.4′E,5 km,2.1,震度１,34.18833333,135.1733333
2014/9/30,18:22:09,奄美大島近海,27°33.8′N,129°06.4′E,18 km,3.6,震度１,27.56333333,129.1066667
2014/9/30,18:33:14,宮城県沖,38°43.1′N,142°14.6′E,39 km,3.9,震度１,38.71833333,142.2433333
2014/9/30,19:23:59,茨城県北部,36°26.5′N,140°36.8′E,55 km,3.8,震度２,36.44166667,140.6133333
2014/10/1,15:41:17,福島県沖,37°05.3′N,141°10.3′E,34 km,3.4,震度２,37.08833333,141.1716667
2014/10/1,16:35:53,茨城県沖,36°13.7′N,140°52.9′E,46 km,3.3,震度１,36.22833333,140.8816667
2014/10/2,14:32:38,宮城県沖,38°25.9′N,141°40.1′E,54 km,4.2,震度２,38.43166667,141.6683333
2014/10/2,19:56:02,宮城県沖,38°18.2′N,141°52.1′E,46 km,3.5,震度１,38.30333333,141.8683333
2014/10/3,1:17:02,京都府南部,34°58.4′N,135°38.8′E,11 km,2.8,震度１,34.97333333,135.6466667
2014/10/3,7:52:14,沖縄本島近海,27°26.8′N,128°39.3′E,43 km,3.9,震度２,27.44666667,128.655
2014/10/3,9:57:30,岩手県沖,40°09.9′N,142°37.6′E,28 km,5.7,震度４,40.165,142.6266667
2014/10/3,15:56:41,青森県東方沖,40°53.7′N,142°08.4′E,50 km,3.4,震度１,40.895,142.14
2014/10/3,20:43:36,青森県東方沖,40°52.8′N,142°05.7′E,53 km,3.1,震度１,40.88,142.095
2014/10/3,22:12:30,日向灘,32°38.4′N,132°13.2′E,35 km,3.9,震度２,32.64,132.22
2014/10/3,23:07:44,静岡県西部,35°05.3′N,137°58.8′E,36 km,3.1,震度１,35.08833333,137.98
2014/10/4,1:44:11,四国沖,33°23.2′N,134°53.2′E,37 km,3.8,震度２,33.38666667,134.8866667
2014/10/4,9:34:01,択捉島南東沖,44°12.9′N,148°05.8′E,94 km,4.8,震度１,44.215,148.0966667
2014/10/4,18:21:28,豊後水道,32°54.9′N,132°37.5′E,29 km,2.9,震度１,32.915,132.625
2014/10/5,3:10:02,紀伊水道,33°40.8′N,135°08.9′E,39 km,3.9,震度３,33.68,135.1483333
2014/10/5,13:37:59,宮城県沖,38°45.0′N,141°34.8′E,74 km,3.2,震度１,38.75,141.58
2014/10/5,13:56:46,岩手県沖,40°02.0′N,142°30.3′E,33 km,3.9,震度１,40.03333333,142.505
2014/10/5,23:07:52,茨城県北部,36°31.9′N,140°36.2′E,13 km,2.7,震度１,36.53166667,140.6033333
2014/10/6,0:09:17,福島県沖,37°30.6′N,141°22.5′E,51 km,4.1,震度２,37.51,141.375
2014/10/6,13:20:10,茨城県南部,36°04.8′N,139°52.4′E,46 km,3.5,震度２,36.08,139.8733333
2014/10/6,15:38:01,宮城県沖,38°18.5′N,141°53.2′E,45 km,4.2,震度２,38.30833333,141.8866667
2014/10/6,19:23:02,根室半島南東沖,43°06.2′N,145°39.6′E,47 km,3.2,震度１,43.10333333,145.66
2014/10/7,12:07:47,茨城県北部,36°46.8′N,140°35.8′E,8 km,2.6,震度１,36.78,140.5966667
2014/10/7,15:03:26,秋田県内陸南部,39°26.9′N,140°22.4′E,9 km,2,震度２,39.44833333,140.3733333
2014/10/7,15:10:13,西表島付近,23°57.9′N,123°35.2′E,32 km,3.8,震度１,23.965,123.5866667
2014/10/7,17:42:27,和歌山県北部,34°14.9′N,135°11.7′E,6 km,2,震度１,34.24833333,135.195
2014/10/7,19:37:08,釧路沖,42°43.7′N,144°17.4′E,62 km,3.7,震度１,42.72833333,144.29
2014/10/8,12:16:26,宮城県沖,38°52.0′N,141°38.1′E,61 km,3.2,震度１,38.86666667,141.635
2014/10/8,12:53:56,豊後水道,32°51.9′N,132°07.5′E,38 km,3.2,震度１,32.865,132.125
2014/10/8,22:11:05,陸奥湾,41°08.4′N,140°50.4′E,10 km,2.3,震度１,41.14,140.84
2014/10/9,1:31:52,岩手県沖,39°15.9′N,142°21.6′E,31 km,3.5,震度１,39.265,142.36
2014/10/9,4:09:39,陸奥湾,41°08.6′N,140°50.0′E,8 km,2.5,震度１,41.14333333,140.8333333
2014/10/9,8:37:08,留萌地方中北部,44°49.3′N,141°50.6′E,24 km,2.7,震度１,44.82166667,141.8433333
2014/10/9,9:16:51,大分県中部,33°17.5′N,131°23.3′E,9 km,2.4,震度２,33.29166667,131.3883333
2014/10/9,11:17:13,陸奥湾,41°08.4′N,140°50.2′E,11 km,2.4,震度１,41.14,140.8366667
2014/10/9,13:09:46,岩手県内陸北部,39°53.9′N,141°02.9′E,8 km,1.7,震度１,39.89833333,141.0483333
2014/10/9,22:01:27,茨城県沖,36°41.5′N,141°24.6′E,50 km,3.9,震度１,36.69166667,141.41
2014/10/10,8:05:41,茨城県沖,36°46.1′N,141°07.9′E,25 km,3.4,震度１,36.76833333,141.1316667
2014/10/10,17:22:10,宮城県北部,38°56.2′N,141°38.0′E,74 km,3.8,震度２,38.93666667,141.6333333
2014/10/11,11:33:58,渡島地方西部,41°29.7′N,140°11.0′E,8 km,1.9,震度１,41.495,140.1833333
2014/10/11,11:35:05,千葉県東方沖,35°49.6′N,140°56.1′E,23 km,3.3,震度１,35.82666667,140.935
2014/10/11,11:35:46,青森県東方沖,40°57.1′N,143°14.6′E,36 km,6.1,震度４,40.95166667,143.2433333
2014/10/11,14:20:35,青森県東方沖,40°55.2′N,143°17.4′E,34 km,5.6,震度３,40.92,143.29
2014/10/11,18:58:09,青森県東方沖,40°52.6′N,143°16.7′E,29 km,4.2,震度１,40.87666667,143.2783333
2014/10/12,5:28:07,千葉県東方沖,35°35.7′N,140°55.0′E,20 km,4.3,震度２,35.595,140.9166667
2014/10/12,7:43:15,長野県中部,36°26.2′N,138°02.8′E,2 km,1.8,震度２,36.43666667,138.0466667
2014/10/12,10:19:35,宮城県沖,38°47.8′N,141°34.9′E,72 km,3.4,震度１,38.79666667,141.5816667
2014/10/12,15:00:43,千葉県南部,35°13.9′N,139°54.6′E,111 km,3.9,震度２,35.23166667,139.91
2014/10/12,16:23:31,和歌山県北部,34°12.7′N,135°13.4′E,4 km,2,震度１,34.21166667,135.2233333
2014/10/13,2:44:39,茨城県北部,36°41.6′N,140°38.1′E,8 km,3.5,震度３,36.69333333,140.635
2014/10/13,2:47:18,茨城県北部,36°41.3′N,140°38.0′E,7 km,2.5,震度１,36.68833333,140.6333333
2014/10/13,8:55:05,和歌山県北部,34°02.2′N,135°12.1′E,5 km,2.2,震度１,34.03666667,135.2016667
2014/10/13,10:59:57,宮城県沖,38°46.0′N,142°01.8′E,35 km,3.3,震度１,38.76666667,142.03
2014/10/14,0:41:18,茨城県沖,36°11.7′N,140°59.2′E,44 km,4.1,震度２,36.195,140.9866667
2014/10/14,5:25:28,青森県東方沖,40°55.1′N,142°18.0′E,49 km,4.1,震度２,40.91833333,142.3
2014/10/14,6:25:00,青森県東方沖,40°59.9′N,141°44.5′E,81 km,4.4,震度３,40.99833333,141.7416667
2014/10/14,15:48:01,新潟県中越地方,37°14.9′N,138°51.3′E,11 km,1.7,震度１,37.24833333,138.855
2014/10/15,3:08:44,青森県東方沖,40°51.9′N,143°23.8′E,35 km,5,震度２,40.865,143.3966667
2014/10/15,3:48:38,紀伊水道,34°03.3′N,135°06.9′E,5 km,2.6,震度２,34.055,135.115
2014/10/15,7:52:11,沖縄本島近海,26°17.3′N,127°21.6′E,46 km,5.1,震度４,26.28833333,127.36
2014/10/15,12:51:16,宮城県沖,38°32.7′N,141°37.4′E,64 km,4.6,震度４,38.545,141.6233333
2014/10/15,19:44:59,種子島近海,30°34.2′N,130°57.3′E,7 km,3.4,震度３,30.57,130.955
2014/10/15,20:59:26,宮城県沖,38°16.3′N,141°52.5′E,51 km,3.5,震度１,38.27166667,141.875
2014/10/15,23:05:51,岩手県沖,39°11.0′N,142°24.2′E,34 km,4,震度１,39.18333333,142.4033333
2014/10/16,4:39:37,伊予灘,33°42.3′N,132°37.3′E,41 km,4,震度３,33.705,132.6216667
2014/10/16,8:02:14,十勝地方中部,42°37.4′N,143°30.0′E,93 km,3.6,震度１,42.62333333,143.5
2014/10/16,8:21:42,奄美大島近海,27°33.9′N,128°50.0′E,16 km,3.2,震度１,27.565,128.8333333
2014/10/16,8:53:03,八丈島東方沖,32°07.0′N,140°49.1′E,9 km,5.7,震度２,32.11666667,140.8183333
2014/10/16,9:29:35,茨城県北部,36°41.2′N,140°38.1′E,8 km,3,震度１,36.68666667,140.635
2014/10/16,21:30:40,秋田県内陸南部,39°26.7′N,140°22.5′E,7 km,1.4,震度１,39.445,140.375
2014/10/17,12:34:19,茨城県沖,36°25.8′N,140°39.4′E,53 km,3.5,震度２,36.43,140.6566667
2014/10/17,18:58:29,茨城県沖,35°56.5′N,141°03.6′E,17 km,4.1,震度２,35.94166667,141.06
2014/10/18,2:26:03,宮城県沖,38°49.6′N,141°38.3′E,68 km,3.3,震度１,38.82666667,141.6383333
2014/10/18,2:41:28,奄美大島北西沖,29°39.2′N,128°22.4′E,26 km,5.3,震度１,29.65333333,128.3733333
2014/10/18,11:03:28,宮城県沖,38°51.3′N,141°38.6′E,74 km,3.2,震度１,38.855,141.6433333
2014/10/18,13:08:51,栃木県北部,36°59.0′N,139°37.7′E,7 km,2.7,震度１,36.98333333,139.6283333
2014/10/18,15:40:45,石垣島近海,24°24.5′N,124°06.3′E,43 km,3.8,震度１,24.40833333,124.105
2014/10/18,19:08:44,有明海,32°47.9′N,130°31.2′E,12 km,3.2,震度１,32.79833333,130.52
2014/10/19,2:34:50,福島県会津,37°02.2′N,139°21.4′E,8 km,1.6,震度１,37.03666667,139.3566667
2014/10/19,5:25:35,茨城県沖,36°41.5′N,141°20.8′E,48 km,3.8,震度１,36.69166667,141.3466667
2014/10/19,8:28:42,青森県東方沖,40°44.5′N,142°11.6′E,48 km,3.2,震度１,40.74166667,142.1933333
2014/10/19,11:07:52,和歌山県北部,34°12.7′N,135°09.7′E,6 km,2.7,震度１,34.21166667,135.1616667
2014/10/19,13:02:43,長野県中部,36°20.1′N,137°59.0′E,5 km,2,震度１,36.335,137.9833333
2014/10/20,16:36:31,千葉県東方沖,35°45.6′N,140°51.1′E,13 km,3.4,震度１,35.76,140.8516667
2014/10/21,5:25:05,福島県浜通り,36°59.0′N,140°41.5′E,10 km,3.7,震度２,36.98333333,140.6916667
2014/10/21,8:53:53,宮城県沖,38°20.3′N,141°52.9′E,62 km,3.8,震度１,38.33833333,141.8816667
2014/10/21,15:37:43,愛知県西部,34°58.3′N,136°59.8′E,36 km,3.1,震度１,34.97166667,136.9966667
2014/10/21,19:03:51,岩手県沖,39°04.5′N,142°24.0′E,32 km,3.5,震度１,39.075,142.4
2014/10/22,5:53:46,釧路地方北部,43°36.0′N,144°23.0′E,3 km,2.3,震度２,43.6,144.3833333
2014/10/22,5:55:53,沖縄本島北西沖,27°06.5′N,127°21.9′E,92 km,4.2,震度１,27.10833333,127.365
2014/10/22,7:55:46,熊本県熊本地方,32°30.6′N,130°34.8′E,10 km,3.7,震度２,32.51,130.58
2014/10/22,7:59:23,宮城県沖,38°42.0′N,141°47.5′E,53 km,2.9,震度１,38.7,141.7916667
2014/10/22,9:15:17,沖縄本島近海,27°26.5′N,128°34.1′E,51 km,5.6,震度４,27.44166667,128.5683333
2014/10/22,9:20:47,青森県東方沖,40°33.1′N,142°27.9′E,69 km,4.1,震度２,40.55166667,142.465
2014/10/22,15:36:56,福島県沖,37°21.7′N,141°19.2′E,34 km,3.5,震度１,37.36166667,141.32
2014/10/23,4:47:52,奈良県,34°21.7′N,135°41.8′E,68 km,3,震度１,34.36166667,135.6966667
2014/10/23,12:22:34,岩手県内陸北部,40°16.8′N,141°34.5′E,79 km,3.8,震度２,40.28,141.575
2014/10/23,15:32:01,岩手県内陸南部,39°24.7′N,140°40.5′E,8 km,2.5,震度１,39.41166667,140.675
2014/10/23,17:08:45,栃木県北部,36°48.6′N,139°37.2′E,8 km,2.4,震度１,36.81,139.62
2014/10/23,17:13:16,栃木県北部,36°48.2′N,139°37.0′E,7 km,3.2,震度３,36.80333333,139.6166667
2014/10/23,17:16:53,福島県沖,37°17.8′N,141°40.0′E,44 km,3.6,震度１,37.29666667,141.6666667
2014/10/23,22:21:20,宮城県北部,38°42.5′N,140°58.6′E,16 km,3.7,震度３,38.70833333,140.9766667
2014/10/24,4:30:41,茨城県沖,36°24.6′N,141°01.0′E,46 km,3.8,震度２,36.41,141.0166667
2014/10/24,5:24:24,石川県加賀地方,36°17.3′N,136°41.9′E,8 km,2.4,震度１,36.28833333,136.6983333
2014/10/24,10:37:30,福島県浜通り,36°59.0′N,140°41.5′E,10 km,3.4,震度１,36.98333333,140.6916667
2014/10/24,19:56:13,千葉県東方沖,35°30.4′N,141°29.8′E,12 km,3.9,震度１,35.50666667,141.4966667
2014/10/24,21:46:10,日向灘,32°42.8′N,132°09.8′E,38 km,3.7,震度２,32.71333333,132.1633333
2014/10/25,0:58:00,秋田県内陸南部,39°42.2′N,140°45.4′E,8 km,2.7,震度２,39.70333333,140.7566667
2014/10/25,10:02:20,奄美大島北東沖,29°12.9′N,130°03.6′E,51 km,4.1,震度１,29.215,130.06
2014/10/25,11:00:29,紀伊水道,34°14.1′N,135°06.3′E,8 km,2.7,震度１,34.235,135.105
2014/10/25,23:29:49,和歌山県南方沖,33°37.0′N,135°23.3′E,19 km,2.9,震度１,33.61666667,135.3883333
2014/10/26,5:52:03,長野県中部,35°59.7′N,138°05.8′E,11 km,3.2,震度１,35.995,138.0966667
2014/10/26,10:22:54,北海道東方沖,43°55.4′N,147°29.8′E,15 km,4.9,震度１,43.92333333,147.4966667
2014/10/26,14:17:38,秋田県内陸南部,39°05.7′N,140°33.7′E,9 km,3,震度１,39.095,140.5616667
2014/10/26,20:15:33,長野県北部,36°49.5′N,138°05.4′E,4 km,3,震度２,36.825,138.09
2014/10/27,13:02:55,青森県東方沖,40°41.3′N,142°38.9′E,26 km,3.9,震度１,40.68833333,142.6483333
2014/10/27,13:16:14,宮城県沖,38°55.5′N,141°55.3′E,51 km,3.8,震度１,38.925,141.9216667
2014/10/27,13:33:01,青森県東方沖,40°45.9′N,142°03.5′E,92 km,4.3,震度３,40.765,142.0583333
2014/10/27,13:52:43,沖縄本島近海,26°35.7′N,127°13.5′E,69 km,3.6,震度１,26.595,127.225
2014/10/27,15:36:25,茨城県南部,35°55.0′N,140°06.6′E,61 km,4.4,震度３,35.91666667,140.11
2014/10/28,7:30:02,宮城県沖,38°10.3′N,141°40.3′E,50 km,3.6,震度１,38.17166667,141.6716667
2014/10/28,8:45:21,岩手県沖,39°38.1′N,142°07.2′E,48 km,3.6,震度１,39.635,142.12
2014/10/28,11:10:15,岩手県沖,40°26.8′N,141°56.5′E,57 km,2.9,震度１,40.44666667,141.9416667
2014/10/28,12:28:16,山梨県東部・富士五湖,35°32.5′N,139°01.9′E,18 km,3,震度１,35.54166667,139.0316667
2014/10/29,2:37:28,茨城県沖,36°07.0′N,141°06.4′E,41 km,3.9,震度２,36.11666667,141.1066667
2014/10/29,7:26:27,長野県北部,36°57.8′N,138°35.2′E,7 km,2,震度１,36.96333333,138.5866667
2014/10/29,13:05:06,岩手県沿岸北部,39°45.4′N,141°51.1′E,58 km,3.3,震度１,39.75666667,141.8516667
2014/10/29,16:29:51,青森県東方沖,41°35.0′N,142°03.0′E,65 km,3.8,震度１,41.58333333,142.05
2014/10/29,23:16:51,伊豆大島近海,34°44.7′N,139°18.8′E,6 km,2.9,震度２,34.745,139.3133333
2014/10/29,23:27:29,伊豆大島近海,34°45.1′N,139°18.8′E,5 km,3.1,震度２,34.75166667,139.3133333
2014/10/30,1:09:49,伊豆大島近海,34°45.0′N,139°18.8′E,5 km,2.6,震度１,34.75,139.3133333
2014/10/30,4:52:28,伊豆大島近海,34°44.9′N,139°18.7′E,4 km,2.3,震度１,34.74833333,139.3116667
2014/10/30,6:41:49,北海道北西沖,44°30.8′N,141°45.0′E,0 km,2.2,震度１,44.51333333,141.75
2014/10/30,7:28:31,網走地方,43°28.1′N,144°02.9′E,0 km,1.7,震度１,43.46833333,144.0483333
2014/10/30,12:09:04,福島県沖,37°09.6′N,141°13.2′E,32 km,3.5,震度１,37.16,141.22
2014/10/30,13:42:30,熊本県阿蘇地方,33°05.7′N,131°04.4′E,10 km,3.3,震度１,33.095,131.0733333
2014/10/30,14:59:50,沖縄本島近海,26°28.8′N,127°03.6′E,9 km,3.2,震度１,26.48,127.06
2014/10/30,18:08:52,福島県浜通り,37°05.5′N,140°47.2′E,7 km,2.5,震度１,37.09166667,140.7866667
2014/10/31,4:38:41,山形県最上地方,38°40.8′N,140°07.8′E,7 km,2.4,震度１,38.68,140.13
2014/10/31,9:53:20,長野県南部,35°56.1′N,137°34.5′E,5 km,1.8,震度２,35.935,137.575
2014/10/31,15:33:33,岩手県沖,40°09.2′N,142°24.0′E,35 km,4.8,震度２,40.15333333,142.4
2014/10/31,19:44:53,群馬県南部,36°32.0′N,139°25.2′E,7 km,2.6,震度１,36.53333333,139.42
2014/11/1,11:33:49,長野県北部,36°58.8′N,138°30.1′E,9 km,2.4,震度１,36.98,138.5016667
2014/11/1,16:20:50,宮城県沖,38°19.1′N,141°35.8′E,54 km,3.8,震度１,38.31833333,141.5966667
2014/11/1,16:47:45,浦河沖,42°00.8′N,142°31.8′E,51 km,4.3,震度３,42.01333333,142.53
2014/11/1,17:13:37,宮城県沖,38°36.9′N,141°58.9′E,50 km,3.1,震度１,38.615,141.9816667
2014/11/1,18:57:51,宮城県沖,38°46.8′N,141°43.4′E,89 km,3.1,震度１,38.78,141.7233333
2014/11/1,19:19:07,茨城県沖,36°49.2′N,141°13.4′E,29 km,3.6,震度１,36.82,141.2233333
2014/11/1,19:36:28,伊予灘,33°40.8′N,131°57.5′E,68 km,4.2,震度２,33.68,131.9583333
2014/11/1,20:04:37,宮城県沖,38°51.8′N,142°02.0′E,46 km,3.4,震度１,38.86333333,142.0333333
2014/11/1,22:42:21,福島県会津,36°55.3′N,139°23.5′E,4 km,2,震度１,36.92166667,139.3916667
2014/11/2,14:02:08,茨城県沖,36°30.3′N,141°13.4′E,50 km,4.1,震度２,36.505,141.2233333
2014/11/2,17:41:38,青森県東方沖,40°31.5′N,141°37.8′E,106 km,4,震度３,40.525,141.63
2014/11/2,23:28:55,青森県東方沖,40°48.8′N,141°53.1′E,101 km,3.2,震度１,40.81333333,141.885
2014/11/3,1:48:21,釧路地方中南部,43°28.2′N,144°09.3′E,2 km,2.9,震度１,43.47,144.155
2014/11/3,11:28:07,苫小牧沖,42°35.1′N,141°50.3′E,29 km,4.6,震度４,42.585,141.8383333
2014/11/3,12:24:27,宮城県沖,38°38.1′N,141°54.3′E,48 km,3.6,震度１,38.635,141.905
2014/11/3,18:49:41,詳細不明,29°51.0′N,129°52.0′E,0 km,,震度１,29.85,129.8666667
2014/11/4,5:45:49,栃木県北部,36°57.2′N,139°40.3′E,7 km,2.7,震度１,36.95333333,139.6716667
2014/11/4,20:01:27,紀伊水道,33°44.0′N,135°17.7′E,44 km,3.5,震度１,33.73333333,135.295
2014/11/4,23:10:09,千葉県東方沖,35°45.7′N,141°07.9′E,14 km,4.2,震度１,35.76166667,141.1316667
2014/11/5,9:21:51,茨城県沖,36°13.0′N,140°54.8′E,46 km,3.3,震度１,36.21666667,140.9133333
2014/11/5,10:50:18,福島県沖,37°26.7′N,141°53.5′E,45 km,4,震度１,37.445,141.8916667
2014/11/5,11:17:47,宮城県沖,38°43.1′N,142°15.7′E,35 km,3.7,震度１,38.71833333,142.2616667
2014/11/5,11:42:52,薩摩半島西方沖,31°06.2′N,130°18.2′E,157 km,3.5,震度１,31.10333333,130.3033333
2014/11/5,14:57:41,茨城県南部,36°08.4′N,139°49.3′E,51 km,3.2,震度１,36.14,139.8216667
2014/11/5,18:27:32,硫黄島近海,25°58.6′N,141°32.4′E,49 km,4.6,震度１,25.97666667,141.54
2014/11/5,23:01:05,釧路沖,42°41.3′N,145°43.9′E,48 km,4.6,震度３,42.68833333,145.7316667
2014/11/6,7:25:26,宮古島近海,24°49.3′N,125°22.4′E,49 km,3.4,震度１,24.82166667,125.3733333
2014/11/6,17:33:05,宮崎県南部山沿い,32°03.9′N,130°56.3′E,8 km,2.7,震度１,32.065,130.9383333
2014/11/7,12:28:59,沖縄本島近海,27°08.8′N,128°31.8′E,41 km,3.1,震度１,27.14666667,128.53
2014/11/7,19:50:11,宮城県沖,38°32.0′N,141°43.0′E,54 km,3.7,震度１,38.53333333,141.7166667
2014/11/7,23:12:57,房総半島南方沖,34°27.5′N,139°47.6′E,23 km,3.2,震度１,34.45833333,139.7933333
2014/11/8,5:53:41,茨城県沖,36°26.7′N,141°05.8′E,44 km,3.7,震度１,36.445,141.0966667
2014/11/8,5:56:06,秋田県内陸北部,40°00.1′N,140°28.6′E,5 km,2.6,震度２,40.00166667,140.4766667
2014/11/8,8:54:21,宮城県沖,37°48.5′N,142°18.8′E,40 km,5.2,震度３,37.80833333,142.3133333
2014/11/8,9:13:05,西表島付近,24°18.5′N,123°35.8′E,15 km,3.1,震度１,24.30833333,123.5966667
2014/11/8,10:56:51,播磨灘,34°24.8′N,134°39.1′E,9 km,2.5,震度１,34.41333333,134.6516667
2014/11/8,11:08:54,長野県中部,36°09.0′N,138°00.1′E,8 km,3,震度１,36.15,138.0016667
2014/11/8,15:19:15,福島県沖,37°20.8′N,141°21.0′E,48 km,3.4,震度１,37.34666667,141.35
2014/11/8,16:02:43,種子島近海,30°36.3′N,131°05.0′E,30 km,3.1,震度１,30.605,131.0833333
2014/11/8,21:09:28,宮城県沖,38°50.6′N,142°06.7′E,44 km,4,震度２,38.84333333,142.1116667
2014/11/9,14:58:42,岩手県沖,39°06.6′N,142°07.0′E,46 km,3.4,震度１,39.11,142.1166667
2014/11/9,15:01:59,和歌山県北部,34°05.2′N,135°13.2′E,6 km,2.5,震度１,34.08666667,135.22
2014/11/9,21:17:30,茨城県南部,36°03.4′N,139°53.4′E,44 km,3.1,震度１,36.05666667,139.89
2014/11/10,11:49:56,千葉県北西部,35°33.4′N,140°09.3′E,30 km,2.8,震度１,35.55666667,140.155
2014/11/10,12:55:56,高知県西部,33°03.2′N,132°41.3′E,34 km,3.7,震度２,33.05333333,132.6883333
2014/11/10,22:34:23,和歌山県北部,34°07.6′N,135°33.2′E,68 km,3.5,震度１,34.12666667,135.5533333
2014/11/11,1:24:12,滋賀県北部,35°22.5′N,136°18.3′E,37 km,3.3,震度１,35.375,136.305
2014/11/11,2:21:25,宮城県沖,38°53.2′N,141°58.4′E,49 km,3.6,震度１,38.88666667,141.9733333
2014/11/11,16:27:00,苫小牧沖,42°00.8′N,141°33.5′E,85 km,3.8,震度１,42.01333333,141.5583333
2014/11/11,19:14:26,岩手県沿岸南部,39°15.4′N,141°49.3′E,65 km,3.3,震度１,39.25666667,141.8216667
2014/11/11,19:18:58,沖縄本島近海,26°22.9′N,127°44.9′E,17 km,2.7,震度１,26.38166667,127.7483333
2014/11/12,0:03:08,新潟県上越地方,37°01.7′N,138°27.2′E,10 km,2.5,震度２,37.02833333,138.4533333
2014/11/12,9:53:29,茨城県南部,36°08.0′N,140°05.1′E,66 km,4.8,震度４,36.13333333,140.085
2014/11/12,10:13:56,和歌山県北部,34°14.5′N,135°41.7′E,61 km,4.3,震度２,34.24166667,135.695
2014/11/12,10:42:26,国後島付近,43°45.7′N,145°17.1′E,123 km,3.6,震度１,43.76166667,145.285
2014/11/12,12:05:18,宮城県沖,38°52.9′N,142°03.7′E,46 km,4.1,震度３,38.88166667,142.0616667
2014/11/12,18:09:39,岩手県内陸南部,39°05.5′N,140°57.5′E,10 km,2.6,震度１,39.09166667,140.9583333
2014/11/12,19:08:41,福島県中通り,37°05.9′N,140°35.8′E,9 km,3.7,震度２,37.09833333,140.5966667
2014/11/12,19:41:16,岩手県内陸北部,39°50.1′N,140°51.1′E,2 km,2.7,震度１,39.835,140.8516667
2014/11/12,20:04:49,八丈島東方沖,33°06.2′N,140°41.8′E,64 km,4.9,震度２,33.10333333,140.6966667
2014/11/13,1:36:36,岩手県沖,39°38.9′N,142°06.5′E,48 km,3.2,震度１,39.64833333,142.1083333
2014/11/13,8:37:31,根室半島南東沖,43°08.2′N,145°35.1′E,69 km,3.8,震度２,43.13666667,145.585
2014/11/13,9:58:00,茨城県北部,36°48.5′N,140°35.0′E,7 km,3.1,震度１,36.80833333,140.5833333
2014/11/13,14:49:37,茨城県沖,36°49.8′N,141°01.5′E,54 km,3.3,震度１,36.83,141.025
2014/11/13,18:13:15,宮城県沖,38°24.3′N,142°10.1′E,31 km,3.8,震度１,38.405,142.1683333
2014/11/13,23:24:58,熊本県阿蘇地方,33°05.8′N,131°04.3′E,9 km,3.1,震度１,33.09666667,131.0716667
2014/11/14,0:56:36,茨城県北部,36°41.7′N,140°37.5′E,5 km,3.5,震度１,36.695,140.625
2014/11/14,2:57:49,茨城県北部,36°46.6′N,140°35.8′E,8 km,3.1,震度１,36.77666667,140.5966667
2014/11/14,4:47:48,釧路地方北部,43°39.3′N,144°29.6′E,0 km,4.2,震度３,43.655,144.4933333
2014/11/14,5:42:30,釧路地方北部,43°39.3′N,144°29.8′E,0 km,2.9,震度２,43.655,144.4966667
2014/11/14,7:34:21,宮城県沖,38°40.1′N,141°50.2′E,48 km,3.2,震度１,38.66833333,141.8366667
2014/11/14,10:22:22,福井県嶺北,35°47.1′N,136°08.6′E,10 km,2.9,震度１,35.785,136.1433333
2014/11/14,10:37:05,岐阜県飛騨地方,36°21.0′N,137°10.4′E,12 km,3.4,震度２,36.35,137.1733333
2014/11/14,10:43:04,静岡県中部,35°34.4′N,138°11.0′E,10 km,3.2,震度１,35.57333333,138.1833333
2014/11/14,13:22:46,愛媛県南予,33°00.7′N,132°37.6′E,30 km,3.1,震度１,33.01166667,132.6266667
2014/11/14,13:33:01,新潟県中越地方,37°39.8′N,139°05.6′E,12 km,2.9,震度１,37.66333333,139.0933333
2014/11/14,15:21:36,福島県沖,37°24.4′N,141°23.7′E,33 km,3.2,震度１,37.40666667,141.395
2014/11/14,19:05:50,栃木県北部,36°37.8′N,139°25.1′E,7 km,2.3,震度１,36.63,139.4183333
2014/11/14,20:57:49,茨城県南部,36°02.0′N,139°54.3′E,44 km,3.7,震度２,36.03333333,139.905
2014/11/15,1:48:16,長野県南部,35°58.8′N,137°33.2′E,5 km,2.6,震度１,35.98,137.5533333
2014/11/15,9:13:26,日向灘,32°39.9′N,132°18.5′E,31 km,3.8,震度２,32.665,132.3083333
2014/11/15,9:56:45,宮城県沖,38°10.3′N,141°47.3′E,55 km,4.2,震度２,38.17166667,141.7883333
2014/11/15,14:17:01,秋田県内陸南部,39°32.1′N,140°44.7′E,9 km,3.1,震度２,39.535,140.745
2014/11/15,19:20:54,福島県沖,37°02.4′N,141°31.9′E,53 km,3.8,震度２,37.04,141.5316667
2014/11/16,2:40:32,釧路地方中南部,43°15.8′N,144°18.1′E,130 km,3.7,震度１,43.26333333,144.3016667
2014/11/16,17:37:21,石川県能登地方,37°12.5′N,136°43.9′E,10 km,3.1,震度１,37.20833333,136.7316667
2014/11/16,21:45:10,福島県沖,37°37.3′N,141°57.8′E,28 km,4.2,震度１,37.62166667,141.9633333
2014/11/17,2:23:46,安芸灘,33°53.3′N,132°39.9′E,43 km,3,震度１,33.88833333,132.665
2014/11/17,3:04:11,岐阜県飛騨地方,35°53.2′N,137°16.5′E,9 km,2.7,震度１,35.88666667,137.275
2014/11/17,8:59:36,福島県浜通り,36°59.8′N,140°35.7′E,7 km,3.8,震度２,36.99666667,140.595
2014/11/17,19:22:14,福岡県筑豊地方,33°37.3′N,130°37.2′E,16 km,2.7,震度１,33.62166667,130.62
2014/11/17,19:38:10,福岡県筑豊地方,33°37.4′N,130°37.1′E,16 km,3.3,震度２,33.62333333,130.6183333
2014/11/17,20:24:55,宮城県沖,38°09.9′N,141°35.3′E,61 km,3.9,震度２,38.165,141.5883333
2014/11/18,0:28:07,岐阜県美濃中西部,35°51.3′N,136°55.3′E,10 km,2.4,震度１,35.855,136.9216667
2014/11/18,2:46:04,宮城県沖,38°25.1′N,142°12.7′E,36 km,3.8,震度１,38.41833333,142.2116667
2014/11/18,5:53:23,釧路沖,42°12.7′N,144°28.3′E,28 km,4.5,震度２,42.21166667,144.4716667
2014/11/18,6:07:15,大阪湾,34°36.5′N,135°02.6′E,15 km,3.9,震度２,34.60833333,135.0433333
2014/11/18,18:29:32,長野県北部,36°41.8′N,137°53.4′E,5 km,2.8,震度１,36.69666667,137.89
2014/11/18,21:29:49,長野県北部,36°41.8′N,137°53.3′E,5 km,2.7,震度２,36.69666667,137.8883333
2014/11/18,21:37:09,長野県北部,36°41.7′N,137°53.5′E,5 km,2.8,震度２,36.695,137.8916667
2014/11/18,23:06:17,石垣島近海,24°59.0′N,123°34.1′E,13 km,5,震度１,24.98333333,123.5683333
2014/11/18,23:19:00,岩手県沿岸北部,39°45.3′N,141°50.6′E,58 km,3.8,震度２,39.755,141.8433333
2014/11/19,0:20:50,種子島南東沖,30°03.1′N,131°19.2′E,28 km,4.7,震度２,30.05166667,131.32
2014/11/19,0:40:14,長野県北部,36°41.8′N,137°53.3′E,4 km,2.2,震度１,36.69666667,137.8883333
2014/11/19,2:08:36,栃木県北部,36°53.6′N,139°24.5′E,4 km,2.5,震度１,36.89333333,139.4083333
2014/11/19,6:15:40,福島県中通り,36°56.8′N,140°33.3′E,106 km,3.9,震度２,36.94666667,140.555
2014/11/19,9:26:03,大阪湾,34°36.2′N,135°02.1′E,16 km,2.9,震度１,34.60333333,135.035
2014/11/19,9:54:44,福島県沖,36°44.7′N,141°49.3′E,48 km,3.9,震度１,36.745,141.8216667
2014/11/19,11:32:22,茨城県北部,36°44.8′N,140°34.5′E,9 km,3,震度１,36.74666667,140.575
2014/11/19,13:32:33,宮城県沖,38°55.3′N,141°55.7′E,51 km,3.9,震度２,38.92166667,141.9283333
2014/11/19,23:34:44,九州地方南東沖,30°36.4′N,131°34.2′E,38 km,4.7,震度２,30.60666667,131.57
2014/11/20,4:58:40,福島県沖,37°25.0′N,141°43.4′E,41 km,4,震度２,37.41666667,141.7233333
2014/11/20,9:49:52,茨城県沖,36°27.0′N,141°01.5′E,45 km,3.6,震度１,36.45,141.025
2014/11/20,10:51:43,福島県沖,37°20.2′N,141°34.7′E,46 km,5.5,震度４,37.33666667,141.5783333
2014/11/20,17:51:23,福島県会津,37°44.4′N,139°58.1′E,6 km,3.2,震度２,37.74,139.9683333
2014/11/20,19:06:16,茨城県沖,36°48.8′N,140°59.1′E,53 km,3.9,震度２,36.81333333,140.985
2014/11/21,4:53:00,青森県東方沖,41°34.2′N,142°04.3′E,66 km,3.3,震度１,41.57,142.0716667
2014/11/21,12:02:09,宮城県沖,38°25.8′N,142°10.6′E,30 km,3.9,震度１,38.43,142.1766667
2014/11/21,14:00:55,大隅半島東方沖,30°38.3′N,131°30.5′E,35 km,4,震度１,30.63833333,131.5083333
2014/11/21,18:23:59,福井県嶺南,35°26.8′N,135°51.8′E,14 km,3.1,震度２,35.44666667,135.8633333
2014/11/21,20:29:01,茨城県南部,36°18.3′N,140°00.7′E,73 km,3.5,震度１,36.305,140.0116667
2014/11/22,4:41:41,栃木県北部,36°53.6′N,139°24.5′E,5 km,2.2,震度１,36.89333333,139.4083333
2014/11/22,7:53:12,トカラ列島近海,29°34.7′N,129°40.0′E,7 km,2.2,震度１,29.57833333,129.6666667
2014/11/22,9:05:10,愛知県東部,35°01.9′N,137°37.2′E,14 km,2.8,震度１,35.03166667,137.62
2014/11/22,9:07:09,福島県沖,37°11.2′N,141°38.1′E,27 km,4.1,震度１,37.18666667,141.635
2014/11/22,13:44:11,和歌山県北部,33°50.0′N,135°19.3′E,52 km,3.9,震度３,33.83333333,135.3216667
2014/11/22,18:19:52,滋賀県北部,35°22.1′N,135°56.4′E,11 km,1.7,震度１,35.36833333,135.94
2014/11/22,22:08:18,長野県北部,36°41.5′N,137°53.4′E,5 km,6.7,震度６弱,36.69166667,137.89
2014/11/22,22:11:13,長野県北部,36°47.5′N,137°55.4′E,5 km,3.8,震度３,36.79166667,137.9233333
2014/11/22,22:13:48,長野県北部,36°47.2′N,137°55.6′E,6 km,3.5,震度２,36.78666667,137.9266667
2014/11/22,22:15:40,長野県北部,36°41.0′N,137°53.4′E,4 km,3.3,震度２,36.68333333,137.89
2014/11/22,22:17:46,長野県北部,36°47.5′N,137°55.2′E,5 km,2.9,震度２,36.79166667,137.92
2014/11/22,22:18:55,長野県北部,36°41.6′N,137°53.6′E,5 km,2.6,震度１,36.69333333,137.8933333
2014/11/22,22:19:52,長野県北部,36°44.1′N,137°51.0′E,0 km,2.5,震度１,36.735,137.85
2014/11/22,22:22:10,長野県北部,36°43.5′N,137°52.1′E,1 km,1.9,震度１,36.725,137.8683333
2014/11/22,22:25:51,長野県北部,36°45.8′N,137°53.6′E,5 km,2.6,震度２,36.76333333,137.8933333
2014/11/22,22:27:20,長野県北部,36°47.8′N,137°54.9′E,6 km,2.6,震度１,36.79666667,137.915
2014/11/22,22:33:41,長野県北部,36°45.0′N,137°51.6′E,0 km,1.9,震度１,36.75,137.86
2014/11/22,22:34:14,長野県北部,36°46.8′N,137°55.8′E,8 km,2.6,震度１,36.78,137.93
2014/11/22,22:36:23,長野県北部,36°45.6′N,137°53.3′E,3 km,2.9,震度２,36.76,137.8883333
2014/11/22,22:36:56,長野県北部,36°47.0′N,137°55.1′E,5 km,2.1,震度１,36.78333333,137.9183333
2014/11/22,22:37:49,長野県北部,36°46.7′N,137°54.6′E,3 km,4.5,震度５弱,36.77833333,137.91
2014/11/22,22:40:04,長野県北部,36°44.4′N,137°50.4′E,0 km,2.3,震度１,36.74,137.84
2014/11/22,22:53:48,長野県北部,36°42.5′N,137°53.1′E,1 km,2.5,震度１,36.70833333,137.885
2014/11/22,22:55:00,長野県北部,36°44.7′N,137°53.7′E,3 km,3.8,震度３,36.745,137.895
2014/11/22,22:57:18,長野県北部,36°44.0′N,137°51.9′E,1 km,2.1,震度１,36.73333333,137.865
2014/11/22,23:07:23,長野県北部,36°44.9′N,137°50.9′E,0 km,2.4,震度１,36.74833333,137.8483333
2014/11/22,23:19:33,長野県北部,36°41.1′N,137°58.0′E,15 km,3.6,震度２,36.685,137.9666667
2014/11/22,23:24:09,長野県北部,36°41.7′N,137°56.9′E,12 km,2.3,震度１,36.695,137.9483333
2014/11/22,23:26:03,長野県北部,36°46.5′N,137°57.0′E,10 km,3.2,震度２,36.775,137.95
2014/11/22,23:38:55,長野県北部,36°42.6′N,137°53.3′E,3 km,2.7,震度１,36.71,137.8883333
2014/11/23,0:09:52,長野県北部,36°42.6′N,137°52.9′E,3 km,2.5,震度１,36.71,137.8816667
2014/11/23,0:18:40,長野県北部,36°51.6′N,137°58.4′E,5 km,3.2,震度２,36.86,137.9733333
2014/11/23,0:22:39,長野県北部,36°47.2′N,137°54.9′E,6 km,2.5,震度１,36.78666667,137.915
2014/11/23,0:23:28,長野県北部,36°36.3′N,137°53.1′E,7 km,3,震度３,36.605,137.885
2014/11/23,0:28:27,長野県北部,36°44.6′N,137°52.7′E,4 km,2.6,震度１,36.74333333,137.8783333
2014/11/23,0:33:10,長野県北部,36°47.2′N,137°54.8′E,5 km,2.5,震度１,36.78666667,137.9133333
2014/11/23,0:35:35,長野県北部,36°41.4′N,137°56.7′E,11 km,2.3,震度１,36.69,137.945
2014/11/23,1:20:43,長野県北部,36°46.9′N,137°54.9′E,6 km,2.3,震度１,36.78166667,137.915
2014/11/23,1:45:54,福島県浜通り,37°42.5′N,141°00.2′E,76 km,4,震度２,37.70833333,141.0033333
2014/11/23,2:31:01,長野県北部,36°39.4′N,137°52.7′E,5 km,2.5,震度１,36.65666667,137.8783333
2014/11/23,2:43:24,長野県北部,36°37.1′N,137°49.1′E,0 km,2.4,震度１,36.61833333,137.8183333
2014/11/23,2:47:45,長野県北部,36°45.0′N,137°51.2′E,1 km,1.9,震度１,36.75,137.8533333
2014/11/23,3:43:50,長野県北部,36°44.9′N,137°53.5′E,4 km,2.4,震度１,36.74833333,137.8916667
2014/11/23,3:55:44,長野県北部,36°39.5′N,137°54.4′E,10 km,2.2,震度１,36.65833333,137.9066667
2014/11/23,4:14:30,長野県北部,36°44.6′N,137°53.2′E,5 km,2.5,震度１,36.74333333,137.8866667
2014/11/23,4:29:54,長野県北部,36°44.6′N,137°50.7′E,0 km,2.2,震度１,36.74333333,137.845
2014/11/23,4:43:49,長野県北部,36°47.3′N,137°54.4′E,4 km,2,震度１,36.78833333,137.9066667
2014/11/23,4:46:25,長野県北部,36°39.1′N,137°51.5′E,2 km,2,震度１,36.65166667,137.8583333
2014/11/23,4:52:25,長野県北部,36°37.1′N,137°50.7′E,2 km,3.2,震度２,36.61833333,137.845
2014/11/23,4:53:16,長野県北部,36°37.2′N,137°50.8′E,0 km,3.6,震度３,36.62,137.8466667
2014/11/23,5:11:27,長野県北部,36°44.3′N,137°53.4′E,2 km,2.1,震度１,36.73833333,137.89
2014/11/23,5:17:36,長野県北部,36°45.2′N,137°51.7′E,0 km,2.4,震度１,36.75333333,137.8616667
2014/11/23,5:33:25,長野県北部,36°45.8′N,137°54.5′E,5 km,3.7,震度３,36.76333333,137.9083333
2014/11/23,5:45:54,岩手県沖,39°02.1′N,142°26.1′E,30 km,3.9,震度１,39.035,142.435
2014/11/23,6:01:33,長野県北部,36°44.9′N,137°51.6′E,1 km,2.8,震度２,36.74833333,137.86
2014/11/23,7:04:47,長野県北部,36°46.7′N,137°54.2′E,4 km,1.9,震度１,36.77833333,137.9033333
2014/11/23,7:06:58,長野県北部,36°47.7′N,137°53.3′E,0 km,1.8,震度１,36.795,137.8883333
2014/11/23,7:08:21,長野県北部,36°43.8′N,137°50.4′E,0 km,1.5,震度１,36.73,137.84
2014/11/23,7:16:48,長野県北部,36°45.1′N,137°53.4′E,4 km,3.3,震度３,36.75166667,137.89
2014/11/23,7:19:06,茨城県北部,36°50.4′N,140°34.9′E,9 km,3.1,震度１,36.84,140.5816667
2014/11/23,7:30:48,長野県北部,36°47.1′N,137°54.4′E,5 km,2.4,震度１,36.785,137.9066667
2014/11/23,7:38:53,長野県北部,36°45.8′N,137°54.6′E,6 km,2.3,震度１,36.76333333,137.91
2014/11/23,8:08:53,長野県北部,36°47.2′N,137°54.4′E,5 km,2.3,震度１,36.78666667,137.9066667
2014/11/23,8:20:01,長野県北部,36°47.7′N,137°53.1′E,1 km,1.7,震度１,36.795,137.885
2014/11/23,11:43:40,長野県北部,36°43.3′N,137°51.4′E,0 km,1.9,震度１,36.72166667,137.8566667
2014/11/23,12:15:20,長野県北部,36°44.6′N,137°52.9′E,6 km,3,震度２,36.74333333,137.8816667
2014/11/23,12:46:37,長野県北部,36°44.5′N,137°52.9′E,5 km,4.4,震度３,36.74166667,137.8816667
2014/11/23,12:51:03,長野県北部,36°44.4′N,137°53.0′E,6 km,2.6,震度１,36.74,137.8833333
2014/11/23,12:52:11,長野県北部,36°45.5′N,137°53.3′E,6 km,2.4,震度１,36.75833333,137.8883333
2014/11/23,12:54:35,長野県北部,36°39.2′N,137°54.0′E,9 km,2.1,震度１,36.65333333,137.9
2014/11/23,12:57:33,長野県北部,36°47.4′N,137°54.6′E,5 km,2.8,震度２,36.79,137.91
2014/11/23,13:21:10,長野県北部,36°47.4′N,137°54.8′E,5 km,2.3,震度１,36.79,137.9133333
2014/11/23,13:59:19,長野県北部,36°43.6′N,138°09.1′E,3 km,2,震度１,36.72666667,138.1516667
2014/11/23,14:00:43,長野県北部,36°44.8′N,137°50.8′E,0 km,1.8,震度１,36.74666667,137.8466667
2014/11/23,14:16:21,長野県北部,36°38.9′N,137°53.8′E,8 km,2.2,震度１,36.64833333,137.8966667
2014/11/23,14:42:18,長野県北部,36°44.5′N,137°53.0′E,5 km,2.7,震度１,36.74166667,137.8833333
2014/11/23,15:26:25,長野県北部,36°45.0′N,137°53.5′E,6 km,3.4,震度２,36.75,137.8916667
2014/11/23,15:27:50,長野県北部,36°44.6′N,137°53.2′E,5 km,3,震度２,36.74333333,137.8866667
2014/11/23,15:56:44,長野県北部,36°44.5′N,137°52.8′E,5 km,3.4,震度３,36.74166667,137.88
2014/11/23,16:01:09,長野県北部,36°44.5′N,137°53.1′E,6 km,2.4,震度１,36.74166667,137.885
2014/11/23,17:08:57,長野県北部,36°46.5′N,137°53.9′E,4 km,1.9,震度１,36.775,137.8983333
2014/11/23,18:03:44,宮城県沖,38°59.6′N,142°23.4′E,33 km,3.8,震度１,38.99333333,142.39
2014/11/23,19:13:27,長野県北部,36°44.9′N,137°52.6′E,5 km,2.6,震度１,36.74833333,137.8766667
2014/11/23,19:16:14,福島県会津,37°44.5′N,139°58.0′E,6 km,3,震度１,37.74166667,139.9666667
2014/11/23,19:21:53,愛知県西部,35°19.7′N,136°46.7′E,41 km,3.3,震度１,35.32833333,136.7783333
2014/11/23,20:02:33,福島県沖,37°10.0′N,141°24.3′E,48 km,3.9,震度２,37.16666667,141.405
2014/11/23,20:18:38,大阪府北部,34°52.2′N,135°34.0′E,10 km,2.9,震度１,34.87,135.5666667
2014/11/23,22:34:53,三陸沖,39°36.3′N,143°34.0′E,31 km,5.1,震度２,39.605,143.5666667
2014/11/24,0:18:28,長野県南部,35°58.7′N,137°33.2′E,5 km,2.6,震度１,35.97833333,137.5533333
2014/11/24,1:36:57,長野県北部,36°47.8′N,137°54.6′E,5 km,2.7,震度２,36.79666667,137.91
2014/11/24,1:54:34,長野県北部,36°47.9′N,137°54.5′E,5 km,2.7,震度２,36.79833333,137.9083333
2014/11/24,3:16:17,長野県北部,36°47.0′N,137°54.5′E,6 km,2.8,震度２,36.78333333,137.9083333
2014/11/24,3:42:20,岩手県内陸南部,39°02.8′N,140°52.5′E,7 km,3.1,震度１,39.04666667,140.875
2014/11/24,4:32:26,長野県北部,36°46.5′N,137°54.2′E,4 km,2,震度１,36.775,137.9033333
2014/11/24,4:52:55,長野県北部,36°47.9′N,137°52.8′E,0 km,1.6,震度１,36.79833333,137.88
2014/11/24,6:12:19,長野県北部,36°47.3′N,137°54.4′E,5 km,3.6,震度４,36.78833333,137.9066667
2014/11/24,7:22:03,長野県北部,36°47.4′N,137°54.9′E,6 km,2.5,震度１,36.79,137.915
2014/11/24,10:49:04,長野県北部,36°46.4′N,138°07.3′E,3 km,1.6,震度１,36.77333333,138.1216667
2014/11/24,11:34:31,長野県北部,36°46.1′N,137°54.1′E,5 km,2.5,震度１,36.76833333,137.9016667
2014/11/24,14:30:23,長野県北部,36°47.7′N,137°52.9′E,2 km,2.1,震度２,36.795,137.8816667
2014/11/24,18:08:40,長野県北部,36°39.3′N,137°53.7′E,8 km,2.7,震度２,36.655,137.895
2014/11/24,18:34:59,長野県北部,36°39.4′N,137°53.8′E,9 km,2.9,震度２,36.65666667,137.8966667
2014/11/24,19:02:10,長野県北部,36°36.9′N,137°50.4′E,0 km,2.9,震度１,36.615,137.84
2014/11/24,20:52:22,長野県北部,36°45.5′N,137°53.2′E,6 km,2.6,震度１,36.75833333,137.8866667
2014/11/24,21:05:56,長野県北部,36°44.3′N,137°55.1′E,10 km,3,震度１,36.73833333,137.9183333
2014/11/25,2:20:22,長野県北部,36°40.8′N,137°50.3′E,1 km,1.5,震度１,36.68,137.8383333
2014/11/25,6:26:55,長野県北部,36°45.9′N,137°54.0′E,1 km,3.9,震度４,36.765,137.9
2014/11/25,6:59:34,長野県北部,36°47.4′N,137°55.2′E,6 km,2.7,震度２,36.79,137.92
2014/11/25,7:39:53,長野県北部,36°45.9′N,137°54.1′E,5 km,2.5,震度１,36.765,137.9016667
2014/11/25,14:02:19,宮城県沖,38°32.4′N,141°43.5′E,53 km,3.2,震度１,38.54,141.725
2014/11/25,17:21:06,大隅半島東方沖,31°04.0′N,131°17.5′E,30 km,3.1,震度１,31.06666667,131.2916667
2014/11/25,20:16:24,福井県嶺南,35°26.8′N,135°51.7′E,13 km,2.6,震度１,35.44666667,135.8616667
2014/11/25,21:21:19,福井県嶺南,35°26.8′N,135°51.7′E,13 km,3.3,震度２,35.44666667,135.8616667
2014/11/26,6:12:09,長野県北部,36°46.0′N,137°52.5′E,1 km,2.1,震度１,36.76666667,137.875
2014/11/26,7:10:28,宮城県沖,38°40.0′N,142°27.4′E,39 km,3.9,震度１,38.66666667,142.4566667
2014/11/26,7:28:08,長野県北部,36°47.5′N,137°54.7′E,6 km,2.8,震度２,36.79166667,137.9116667
2014/11/26,8:20:50,長野県北部,36°47.5′N,137°53.2′E,2 km,1.8,震度１,36.79166667,137.8866667
2014/11/26,11:44:03,群馬県南部,36°20.4′N,138°51.4′E,11 km,2.3,震度２,36.34,138.8566667
2014/11/26,17:50:03,長野県北部,36°48.2′N,137°53.9′E,2 km,2.1,震度１,36.80333333,137.8983333
2014/11/27,2:15:53,宗谷地方北部,45°12.2′N,141°44.4′E,11 km,2.7,震度１,45.20333333,141.74
2014/11/27,4:56:26,千葉県南東沖,34°50.3′N,140°01.1′E,68 km,3.3,震度１,34.83833333,140.0183333
2014/11/27,5:17:48,千葉県東方沖,35°48.4′N,140°57.5′E,30 km,3.4,震度１,35.80666667,140.9583333
2014/11/27,6:11:10,福島県会津,37°44.2′N,139°58.3′E,7 km,3,震度１,37.73666667,139.9716667
2014/11/27,6:18:32,茨城県沖,35°57.4′N,141°08.6′E,21 km,4.2,震度２,35.95666667,141.1433333
2014/11/27,6:56:59,福岡県筑豊地方,33°37.2′N,130°37.2′E,16 km,2.6,震度１,33.62,130.62
2014/11/27,7:09:22,長野県北部,36°44.9′N,137°52.4′E,3 km,2.6,震度１,36.74833333,137.8733333
2014/11/27,16:40:19,長野県北部,36°45.9′N,137°54.9′E,8 km,2.2,震度１,36.765,137.915
2014/11/27,17:02:10,福島県沖,37°27.4′N,141°34.9′E,44 km,3.5,震度１,37.45666667,141.5816667
2014/11/28,0:04:00,長野県北部,36°48.0′N,137°53.2′E,1 km,1.9,震度１,36.8,137.8866667
2014/11/28,0:34:22,長野県北部,36°47.4′N,137°52.6′E,0 km,1.2,震度１,36.79,137.8766667
2014/11/28,1:45:26,福井県嶺南,35°24.0′N,135°47.0′E,8 km,1.9,震度１,35.4,135.7833333
2014/11/28,4:25:26,長野県北部,36°47.6′N,137°54.7′E,6 km,2.9,震度２,36.79333333,137.9116667
2014/11/28,5:51:34,秋田県内陸南部,39°01.8′N,140°35.7′E,5 km,2.4,震度１,39.03,140.595
2014/11/28,13:13:21,長野県北部,36°44.5′N,137°52.6′E,4 km,3.6,震度３,36.74166667,137.8766667
2014/11/28,19:17:51,茨城県北部,36°44.5′N,140°35.0′E,10 km,3.1,震度１,36.74166667,140.5833333
2014/11/28,19:18:58,宮城県沖,38°13.3′N,141°12.4′E,76 km,3.8,震度１,38.22166667,141.2066667
2014/11/28,23:44:35,長野県北部,36°45.0′N,138°23.4′E,6 km,2.4,震度２,36.75,138.39
2014/11/29,0:10:09,長野県北部,36°41.3′N,138°09.2′E,1 km,1.9,震度１,36.68833333,138.1533333
2014/11/29,2:38:11,長野県北部,36°44.4′N,137°52.7′E,4 km,3.1,震度２,36.74,137.8783333
2014/11/29,5:04:16,長野県北部,36°45.0′N,137°52.7′E,2 km,2.3,震度１,36.75,137.8783333
2014/11/29,7:37:54,奄美大島近海,27°32.3′N,128°52.3′E,17 km,4.3,震度２,27.53833333,128.8716667
2014/11/29,8:48:14,三陸沖,39°33.9′N,143°44.0′E,27 km,4.6,震度１,39.565,143.7333333
2014/11/30,6:35:29,福井県嶺北,35°52.4′N,136°46.0′E,12 km,3.3,震度２,35.87333333,136.7666667
2014/11/30,8:00:19,三重県南東沖,32°52.5′N,136°59.7′E,34 km,4.2,震度１,32.875,136.995
2014/11/30,12:17:06,トカラ列島近海,29°48.0′N,129°59.5′E,68 km,3.7,震度１,29.8,129.9916667
2014/11/30,16:53:19,新島・神津島近海,34°19.6′N,139°15.5′E,9 km,2.7,震度２,34.32666667,139.2583333
2014/12/1,4:04:52,千葉県北東部,35°44.8′N,140°44.3′E,13 km,3.8,震度２,35.74666667,140.7383333
2014/12/1,5:10:19,長野県北部,36°48.6′N,137°53.9′E,2 km,3.2,震度２,36.81,137.8983333
2014/12/1,6:07:45,長野県北部,36°39.4′N,137°52.2′E,3 km,2,震度１,36.65666667,137.87
2014/12/1,8:45:08,長野県北部,36°35.2′N,137°49.4′E,2 km,2.6,震度１,36.58666667,137.8233333
2014/12/1,8:46:52,島根県東部,35°13.3′N,133°04.9′E,7 km,2.1,震度１,35.22166667,133.0816667
2014/12/1,18:19:39,長野県北部,36°47.3′N,137°54.8′E,6 km,2.4,震度１,36.78833333,137.9133333
2014/12/2,9:39:51,長野県北部,36°46.6′N,137°54.8′E,5 km,3.2,震度２,36.77666667,137.9133333
2014/12/2,13:38:16,長野県北部,36°48.0′N,137°52.8′E,3 km,1.7,震度１,36.8,137.88
2014/12/2,18:18:33,愛媛県中予,33°34.9′N,132°58.7′E,36 km,3.4,震度１,33.58166667,132.9783333
2014/12/2,20:08:36,熊本県熊本地方,32°57.3′N,130°56.4′E,11 km,3.1,震度２,32.955,130.94
2014/12/2,20:52:52,茨城県沖,36°31.1′N,140°42.1′E,55 km,4,震度３,36.51833333,140.7016667
2014/12/3,1:00:40,福島県中通り,37°03.3′N,140°37.7′E,10 km,4.3,震度３,37.055,140.6283333
2014/12/3,1:57:37,岩手県沖,40°21.2′N,142°04.8′E,50 km,3.6,震度１,40.35333333,142.08
2014/12/3,3:31:20,紀伊水道,34°03.2′N,135°07.1′E,6 km,2.4,震度１,34.05333333,135.1183333
2014/12/3,6:00:26,長野県北部,36°38.2′N,137°54.5′E,9 km,2.1,震度１,36.63666667,137.9083333
2014/12/3,14:32:52,長野県北部,36°47.9′N,137°52.8′E,2 km,1.3,震度１,36.79833333,137.88
2014/12/3,23:19:51,愛知県西部,35°17.4′N,137°07.1′E,45 km,4.2,震度３,35.29,137.1183333
2014/12/4,6:52:21,長野県北部,36°47.9′N,137°52.7′E,1 km,2.3,震度２,36.79833333,137.8783333
2014/12/4,8:29:21,長野県北部,36°47.6′N,137°52.6′E,2 km,1.4,震度１,36.79333333,137.8766667
2014/12/4,10:26:21,山口県西部,33°59.3′N,131°10.1′E,17 km,3.1,震度１,33.98833333,131.1683333
2014/12/4,11:30:29,長野県北部,36°47.7′N,137°53.0′E,2 km,1.2,震度１,36.795,137.8833333
2014/12/4,12:35:24,千葉県東方沖,35°30.2′N,140°54.8′E,24 km,4.4,震度３,35.50333333,140.9133333
2014/12/4,14:14:21,宮城県沖,37°59.4′N,142°18.4′E,40 km,4.2,震度１,37.99,142.3066667
2014/12/4,19:29:22,茨城県北部,36°39.4′N,140°36.4′E,9 km,2.4,震度１,36.65666667,140.6066667
2014/12/5,8:45:12,トカラ列島近海,28°28.5′N,128°51.9′E,77 km,3.9,震度２,28.475,128.865
2014/12/5,9:53:34,愛媛県中予,33°40.1′N,132°50.4′E,38 km,2.9,震度１,33.66833333,132.84
2014/12/5,14:22:55,福島県沖,37°37.5′N,141°54.8′E,29 km,4,震度１,37.625,141.9133333
2014/12/5,15:05:00,長野県北部,36°45.9′N,137°51.7′E,5 km,3,震度２,36.765,137.8616667
2014/12/5,17:33:03,伊予灘,33°30.3′N,132°05.6′E,59 km,3.4,震度１,33.505,132.0933333
2014/12/5,22:49:30,熊本県熊本地方,32°23.2′N,130°38.6′E,10 km,3.2,震度１,32.38666667,130.6433333
2014/12/5,22:53:38,熊本県熊本地方,32°23.1′N,130°38.6′E,10 km,3.8,震度２,32.385,130.6433333
2014/12/6,1:01:57,若狭湾,35°30.2′N,135°41.4′E,352 km,4.8,震度１,35.50333333,135.69
2014/12/6,1:19:07,千葉県東方沖,35°44.7′N,140°53.0′E,10 km,3.3,震度１,35.745,140.8833333
2014/12/6,12:08:12,宮城県沖,38°25.9′N,141°39.6′E,54 km,3.5,震度１,38.43166667,141.66
2014/12/6,23:38:40,宮城県沖,38°42.1′N,142°15.7′E,38 km,3.9,震度２,38.70166667,142.2616667
2014/12/7,7:05:32,長野県北部,36°35.1′N,137°49.4′E,1 km,2.5,震度１,36.585,137.8233333
2014/12/7,9:47:33,石川県加賀地方,36°22.3′N,136°34.5′E,7 km,2.3,震度２,36.37166667,136.575
2014/12/7,21:01:37,父島近海,26°57.3′N,142°15.9′E,74 km,4.2,震度１,26.955,142.265
2014/12/7,22:00:10,福島県沖,37°22.4′N,141°07.7′E,30 km,3.9,震度２,37.37333333,141.1283333
2014/12/8,14:37:44,福岡県北西沖,33°42.7′N,130°15.1′E,13 km,3.9,震度２,33.71166667,130.2516667
2014/12/8,18:28:18,長野県北部,36°39.0′N,137°53.2′E,7 km,2.5,震度２,36.65,137.8866667
2014/12/9,2:55:00,徳島県南部,33°50.8′N,134°44.5′E,38 km,3.1,震度１,33.84666667,134.7416667
2014/12/9,8:58:13,宮城県沖,38°23.6′N,141°52.4′E,58 km,3.4,震度１,38.39333333,141.8733333
2014/12/9,10:25:11,奄美大島近海,28°23.2′N,129°27.3′E,21 km,3,震度１,28.38666667,129.455
2014/12/9,13:18:17,長野県北部,36°47.2′N,137°54.2′E,5 km,2.3,震度１,36.78666667,137.9033333
2014/12/9,20:11:28,茨城県沖,36°10.6′N,141°00.2′E,40 km,4.2,震度２,36.17666667,141.0033333
2014/12/9,20:58:12,長野県北部,36°38.5′N,138°10.4′E,13 km,3.1,震度１,36.64166667,138.1733333
2014/12/9,21:01:15,長野県北部,36°38.4′N,138°10.4′E,12 km,2.6,震度１,36.64,138.1733333
2014/12/10,2:11:25,福島県沖,36°55.9′N,141°25.5′E,33 km,3.5,震度１,36.93166667,141.425
2014/12/10,8:10:23,長野県北部,36°44.1′N,137°52.5′E,5 km,2.4,震度１,36.735,137.875
2014/12/10,10:25:20,父島近海,26°32.1′N,142°23.8′E,56 km,3.6,震度１,26.535,142.3966667
2014/12/10,11:40:48,岩手県内陸南部,39°06.7′N,141°15.2′E,82 km,2.9,震度１,39.11166667,141.2533333
2014/12/10,12:04:30,長野県北部,36°39.2′N,137°53.3′E,8 km,2.7,震度２,36.65333333,137.8883333
2014/12/10,17:04:42,岩手県沖,40°07.1′N,142°26.6′E,34 km,3.9,震度１,40.11833333,142.4433333
2014/12/10,19:57:04,宮城県沖,38°20.5′N,141°39.7′E,53 km,3.2,震度１,38.34166667,141.6616667
2014/12/11,3:14:34,千葉県東方沖,35°10.1′N,140°38.9′E,23 km,3,震度１,35.16833333,140.6483333
2014/12/11,5:55:41,長野県北部,36°42.9′N,137°52.7′E,5 km,2.4,震度１,36.715,137.8783333
2014/12/11,6:03:40,石垣島北西沖,25°26.4′N,122°27.2′E,250 km,6.1,震度２,25.44,122.4533333
2014/12/11,6:22:24,秋田県内陸北部,40°02.4′N,140°32.2′E,9 km,2.7,震度１,40.04,140.5366667
2014/12/11,15:07:51,山梨県東部・富士五湖,35°33.2′N,138°58.0′E,23 km,4.3,震度４,35.55333333,138.9666667
2014/12/11,20:49:38,山梨県東部・富士五湖,35°33.0′N,138°59.9′E,20 km,2.3,震度１,35.55,138.9983333
2014/12/12,13:07:52,宮城県沖,38°27.9′N,141°50.9′E,54 km,4.2,震度２,38.465,141.8483333
2014/12/12,14:41:45,三陸沖,39°58.2′N,143°06.7′E,23 km,4.3,震度１,39.97,143.1116667
2014/12/12,20:44:01,山梨県東部・富士五湖,35°33.1′N,139°00.4′E,19 km,2.1,震度１,35.55166667,139.0066667
2014/12/13,3:45:53,福井県嶺北,35°52.4′N,136°46.1′E,12 km,3.2,震度２,35.87333333,136.7683333
2014/12/13,5:33:55,沖縄本島近海,26°18.4′N,127°37.3′E,17 km,2.6,震度１,26.30666667,127.6216667
2014/12/13,16:20:13,茨城県南部,36°01.1′N,139°55.2′E,66 km,3.5,震度１,36.01833333,139.92
2014/12/13,17:26:17,豊後水道,33°23.9′N,132°18.0′E,45 km,2.9,震度１,33.39833333,132.3
2014/12/13,19:44:10,宮城県沖,38°42.5′N,141°42.0′E,54 km,3.3,震度１,38.70833333,141.7
2014/12/13,21:39:53,茨城県沖,36°49.3′N,141°06.2′E,49 km,3.9,震度２,36.82166667,141.1033333
2014/12/14,4:46:57,茨城県沖,36°41.3′N,141°24.9′E,51 km,4.5,震度２,36.68833333,141.415
2014/12/14,17:59:44,和歌山県北部,34°15.6′N,135°10.3′E,8 km,2.5,震度１,34.26,135.1716667
2014/12/14,21:41:20,奄美大島近海,28°09.6′N,130°13.2′E,25 km,3.3,震度１,28.16,130.22
2014/12/15,11:56:52,熊本県天草・芦北地方,32°15.8′N,130°33.9′E,8 km,3.6,震度３,32.26333333,130.565
2014/12/15,19:01:02,長野県北部,36°47.3′N,137°52.4′E,0 km,1.9,震度１,36.78833333,137.8733333
2014/12/15,19:54:26,千葉県南東沖,35°01.2′N,140°19.0′E,74 km,3.7,震度２,35.02,140.3166667
2014/12/16,1:17:32,愛媛県東予,34°01.4′N,133°40.5′E,10 km,2.7,震度１,34.02333333,133.675
2014/12/16,1:32:02,石川県加賀地方,36°08.6′N,136°45.7′E,3 km,3.4,震度１,36.14333333,136.7616667
2014/12/16,2:24:16,静岡県中部,35°05.5′N,138°15.4′E,29 km,3.1,震度１,35.09166667,138.2566667
2014/12/16,9:52:00,十勝沖,41°47.4′N,143°24.9′E,33 km,3.6,震度２,41.79,143.415
2014/12/16,16:34:41,福島県浜通り,37°03.4′N,140°42.0′E,16 km,3.2,震度１,37.05666667,140.7
2014/12/16,18:49:41,福島県会津,37°46.2′N,139°58.7′E,9 km,3.7,震度３,37.77,139.9783333
2014/12/16,18:50:35,福島県会津,37°46.0′N,139°58.7′E,7 km,3.5,震度２,37.76666667,139.9783333
2014/12/16,18:53:50,福島県会津,37°45.7′N,139°59.2′E,8 km,3,震度２,37.76166667,139.9866667
2014/12/16,20:17:51,岩手県内陸南部,39°30.6′N,141°33.2′E,14 km,2.7,震度１,39.51,141.5533333
2014/12/17,0:38:49,宮城県沖,38°54.4′N,142°07.6′E,44 km,3.6,震度１,38.90666667,142.1266667
2014/12/17,9:18:52,鳥取県西部,35°14.5′N,133°17.0′E,7 km,2.4,震度１,35.24166667,133.2833333
2014/12/17,10:41:12,茨城県北部,36°47.3′N,140°35.4′E,7 km,3.4,震度２,36.78833333,140.59
2014/12/17,12:59:24,福島県会津,36°55.7′N,139°23.7′E,4 km,2.6,震度２,36.92833333,139.395
2014/12/17,13:12:43,トカラ列島近海,29°44.9′N,129°50.9′E,8 km,2.4,震度１,29.74833333,129.8483333
2014/12/17,16:21:58,根室半島南東沖,43°18.9′N,145°58.0′E,50 km,3.4,震度１,43.315,145.9666667
2014/12/17,16:35:02,紀伊水道,34°07.3′N,135°08.4′E,7 km,2.4,震度１,34.12166667,135.14
2014/12/17,21:08:57,山形県置賜地方,37°46.0′N,139°59.2′E,7 km,3.1,震度１,37.76666667,139.9866667
2014/12/17,21:46:25,栃木県北部,36°50.7′N,139°42.3′E,6 km,2.2,震度１,36.845,139.705
2014/12/17,21:54:46,千葉県北西部,35°26.8′N,140°03.7′E,67 km,3.1,震度１,35.44666667,140.0616667
2014/12/18,2:20:36,山形県置賜地方,37°46.2′N,139°59.1′E,8 km,3.1,震度１,37.77,139.985
2014/12/18,3:45:05,宮城県沖,38°55.8′N,142°07.1′E,46 km,4.6,震度４,38.93,142.1183333
2014/12/18,9:21:04,長野県北部,36°41.6′N,138°05.6′E,1 km,0.6,震度１,36.69333333,138.0933333
2014/12/18,10:41:54,茨城県沖,36°09.0′N,141°02.0′E,33 km,3.9,震度２,36.15,141.0333333
2014/12/18,12:19:41,宮城県沖,38°11.7′N,142°18.2′E,37 km,4,震度１,38.195,142.3033333
2014/12/18,22:11:34,岩手県沖,39°13.4′N,142°23.8′E,33 km,3.8,震度１,39.22333333,142.3966667
2014/12/19,12:34:51,天草灘,32°02.3′N,129°50.8′E,13 km,4.1,震度３,32.03833333,129.8466667
2014/12/19,12:42:59,天草灘,32°02.3′N,129°50.7′E,12 km,3.2,震度１,32.03833333,129.845
2014/12/19,13:47:41,釧路沖,42°43.7′N,145°31.3′E,46 km,5.3,震度３,42.72833333,145.5216667
2014/12/19,17:49:44,大分県中部,33°17.0′N,131°25.0′E,8 km,2.6,震度２,33.28333333,131.4166667
2014/12/20,0:35:57,茨城県北部,36°44.2′N,140°35.2′E,9 km,2.7,震度１,36.73666667,140.5866667
2014/12/20,8:35:56,和歌山県南方沖,33°29.8′N,135°36.6′E,25 km,3.3,震度１,33.49666667,135.61
2014/12/20,10:10:21,福島県会津,37°02.2′N,139°22.5′E,8 km,1.5,震度１,37.03666667,139.375
2014/12/20,12:59:52,苫小牧沖,41°50.5′N,141°27.6′E,18 km,3.1,震度１,41.84166667,141.46
2014/12/20,18:29:58,福島県沖,37°25.5′N,141°36.3′E,44 km,6,震度４,37.425,141.605
2014/12/20,18:49:55,宮城県沖,38°10.8′N,141°41.0′E,51 km,4.4,震度２,38.18,141.6833333
2014/12/20,19:55:54,三陸沖,39°47.7′N,143°34.4′E,23 km,4.8,震度１,39.795,143.5733333
2014/12/20,23:44:37,新潟県中越地方,37°01.7′N,138°42.2′E,8 km,1.7,震度１,37.02833333,138.7033333
2014/12/21,9:08:40,宮崎県南部平野部,31°57.2′N,131°28.9′E,44 km,3,震度１,31.95333333,131.4816667
2014/12/22,1:17:04,長野県北部,36°41.4′N,137°53.2′E,5 km,4.4,震度３,36.69,137.8866667
2014/12/22,1:51:15,北海道東方沖,43°53.2′N,147°08.8′E,88 km,4.7,震度１,43.88666667,147.1466667
2014/12/22,5:10:56,宮城県沖,38°41.9′N,141°47.8′E,53 km,3.1,震度１,38.69833333,141.7966667
2014/12/22,12:22:58,茨城県南部,36°07.4′N,139°50.3′E,52 km,3.1,震度１,36.12333333,139.8383333
2014/12/22,15:44:22,日向灘,32°10.8′N,132°07.0′E,18 km,3.5,震度１,32.18,132.1166667
2014/12/22,16:27:34,福井県嶺北,35°52.4′N,136°46.2′E,12 km,2.7,震度１,35.87333333,136.77
2014/12/22,19:04:22,釧路沖,42°42.4′N,144°04.1′E,100 km,3.8,震度１,42.70666667,144.0683333
2014/12/23,15:23:07,茨城県南部,36°01.8′N,139°54.9′E,29 km,3.2,震度１,36.03,139.915
2014/12/23,17:09:10,沖縄本島近海,26°47.2′N,128°24.9′E,30 km,3.1,震度１,26.78666667,128.415
2014/12/23,17:32:55,青森県東方沖,41°25.4′N,141°44.4′E,69 km,3.4,震度１,41.42333333,141.74
2014/12/23,20:37:17,西表島付近,24°25.9′N,123°45.2′E,0 km,2.9,震度１,24.43166667,123.7533333
2014/12/24,1:37:30,薩摩半島西方沖,31°53.5′N,129°16.1′E,14 km,3.5,震度１,31.89166667,129.2683333
2014/12/24,3:36:10,茨城県南部,35°53.9′N,140°21.0′E,38 km,3.3,震度１,35.89833333,140.35
2014/12/25,8:06:05,福島県沖,37°13.5′N,141°38.8′E,36 km,5.6,震度３,37.225,141.6466667
2014/12/25,9:06:32,宮城県沖,38°20.9′N,141°44.9′E,57 km,3.8,震度２,38.34833333,141.7483333
2014/12/25,12:01:32,福島県会津,37°03.9′N,139°20.7′E,8 km,2.9,震度２,37.065,139.345
2014/12/25,15:30:19,福島県会津,37°03.9′N,139°20.9′E,8 km,1.9,震度１,37.065,139.3483333
2014/12/25,20:06:33,和歌山県北部,34°13.4′N,135°13.5′E,4 km,2.7,震度１,34.22333333,135.225
2014/12/25,20:32:00,茨城県南部,36°04.5′N,139°54.9′E,45 km,4,震度３,36.075,139.915
2014/12/26,0:48:28,新潟県中越地方,37°01.0′N,138°37.4′E,10 km,2.6,震度１,37.01666667,138.6233333
2014/12/26,7:09:09,和歌山県北部,34°05.8′N,135°06.3′E,8 km,2.8,震度１,34.09666667,135.105
2014/12/26,10:37:04,新潟県中越地方,37°10.0′N,138°53.6′E,14 km,3.4,震度１,37.16666667,138.8933333
2014/12/26,19:19:12,福島県浜通り,37°03.2′N,140°45.2′E,16 km,2.9,震度１,37.05333333,140.7533333
2014/12/26,20:35:38,岐阜県美濃中西部,35°44.8′N,136°51.4′E,9 km,3.2,震度１,35.74666667,136.8566667
2014/12/26,22:30:35,滋賀県北部,35°17.1′N,135°53.7′E,14 km,4.2,震度４,35.285,135.895
2014/12/27,6:04:41,宮城県沖,38°18.4′N,141°50.2′E,63 km,4.3,震度３,38.30666667,141.8366667
2014/12/27,19:27:22,長野県北部,36°42.2′N,138°19.2′E,6 km,1.2,震度１,36.70333333,138.32
2014/12/28,3:19:04,福島県沖,37°36.6′N,141°44.8′E,46 km,4.3,震度２,37.61,141.7466667
2014/12/28,6:56:56,宮城県沖,38°26.7′N,141°48.5′E,54 km,3.7,震度１,38.445,141.8083333
2014/12/28,14:58:36,石狩地方中部,43°04.9′N,141°23.3′E,10 km,1.8,震度１,43.08166667,141.3883333
2014/12/28,15:34:20,岐阜県美濃中西部,35°46.6′N,137°06.8′E,11 km,2.3,震度１,35.77666667,137.1133333
2014/12/28,16:28:13,岩手県沖,39°53.0′N,142°15.9′E,20 km,3.6,震度１,39.88333333,142.265
2014/12/28,18:00:56,浦河沖,42°00.9′N,142°35.6′E,60 km,4.3,震度２,42.015,142.5933333
2014/12/28,20:49:47,三陸沖,38°27.9′N,144°13.7′E,47 km,4.9,震度１,38.465,144.2283333
2014/12/28,22:03:22,鹿児島県薩摩地方,31°50.9′N,130°43.9′E,9 km,2.2,震度１,31.84833333,130.7316667
2014/12/28,22:11:49,茨城県沖,35°56.2′N,140°51.0′E,19 km,3.1,震度１,35.93666667,140.85
2014/12/29,5:40:40,岩手県内陸北部,39°44.3′N,140°48.8′E,9 km,3.1,震度１,39.73833333,140.8133333
2014/12/29,9:14:39,岩手県沖,40°20.9′N,142°11.0′E,45 km,3.6,震度１,40.34833333,142.1833333
2014/12/29,16:11:35,広島県北部,35°02.7′N,132°55.6′E,6 km,2,震度１,35.045,132.9266667
2014/12/29,18:34:07,伊予灘,33°46.2′N,132°36.1′E,44 km,3.7,震度１,33.77,132.6016667
2014/12/29,19:12:08,長野県北部,36°35.9′N,137°50.2′E,3 km,2.6,震度１,36.59833333,137.8366667
2014/12/29,19:57:34,栃木県北部,36°51.7′N,139°31.1′E,6 km,3,震度２,36.86166667,139.5183333
2014/12/30,8:53:51,宮城県沖,38°32.4′N,142°05.8′E,50 km,3.5,震度１,38.54,142.0966667
2014/12/30,19:23:09,岩手県内陸南部,39°04.2′N,140°53.3′E,9 km,4.2,震度３,39.07,140.8883333
2014/12/30,20:19:14,宮城県沖,38°51.2′N,142°03.1′E,46 km,3.9,震度２,38.85333333,142.0516667
2014/12/31,11:07:04,茨城県沖,35°53.1′N,140°50.7′E,42 km,3.5,震度１,35.885,140.845
2014/12/31,15:16:50,浦河沖,42°14.1′N,142°32.2′E,78 km,3.4,震度１,42.235,142.5366667
2014/12/31,16:54:37,与那国島近海,24°31.0′N,122°32.3′E,98 km,4.7,震度１,24.51666667,122.5383333
2014/12/31,17:17:05,根室半島南東沖,42°53.5′N,146°22.7′E,43 km,4.3,震度１,42.89166667,146.3783333
2014/12/31,23:02:22,茨城県沖,36°35.2′N,140°58.2′E,23 km,3.8,震度２,36.58666667,140.97
2014/12/31,23:23:27,茨城県沖,36°35.0′N,140°58.1′E,23 km,4.3,震度２,36.58333333,140.9683333
2014/12/31,23:49:47,埼玉県南部,35°47.1′N,139°53.2′E,84 km,4.2,震度２,35.785,139.8866667
