date,time,epicenter,緯度,経度,depth,magnitude,maxshindo,lat,lng
2015/1/1,6:12:38,福島県沖,37°06.2′N,141°09.9′E,28 km,3.4,震度１,37.10333333,141.165
2015/1/1,7:12:04,長野県北部,36°46.8′N,137°54.1′E,7 km,2.3,震度１,36.78,137.9016667
2015/1/1,14:01:10,宮城県沖,38°53.0′N,142°04.1′E,44 km,4.5,震度３,38.88333333,142.0683333
2015/1/1,15:56:59,栃木県南部,36°25.2′N,139°46.9′E,88 km,3.9,震度２,36.42,139.7816667
2015/1/1,19:09:57,奄美大島近海,28°06.5′N,129°18.9′E,14 km,3.3,震度１,28.10833333,129.315
2015/1/1,22:57:14,苫小牧沖,42°35.0′N,141°50.2′E,30 km,4.5,震度４,42.58333333,141.8366667
2015/1/1,23:41:12,奄美大島近海,28°10.8′N,129°31.2′E,33 km,3.7,震度１,28.18,129.52
2015/1/2,1:14:08,日向灘,32°07.5′N,131°51.3′E,33 km,4.2,震度３,32.125,131.855
2015/1/2,10:51:47,千葉県北東部,35°51.2′N,140°31.2′E,36 km,3.6,震度２,35.85333333,140.52
2015/1/2,13:02:51,奄美大島近海,28°29.8′N,129°23.5′E,0 km,3.2,震度１,28.49666667,129.3916667
2015/1/2,19:15:39,茨城県沖,36°14.6′N,141°01.0′E,45 km,3.3,震度１,36.24333333,141.0166667
2015/1/3,4:55:25,茨城県北部,36°31.3′N,140°34.3′E,58 km,3.7,震度３,36.52166667,140.5716667
2015/1/3,8:56:10,宗谷地方北部,45°11.9′N,141°45.5′E,10 km,3.5,震度２,45.19833333,141.7583333
2015/1/3,17:55:45,山梨県東部・富士五湖,35°32.4′N,138°58.4′E,20 km,3.1,震度２,35.54,138.9733333
2015/1/3,19:56:01,千葉県北西部,35°32.9′N,140°05.5′E,12 km,2.9,震度１,35.54833333,140.0916667
2015/1/3,20:05:08,豊後水道,32°50.8′N,132°29.9′E,29 km,3.4,震度１,32.84666667,132.4983333
2015/1/3,21:41:37,豊後水道,32°50.7′N,132°30.0′E,29 km,2.9,震度１,32.845,132.5
2015/1/4,3:51:10,三陸沖,39°41.4′N,143°40.8′E,29 km,4.8,震度１,39.69,143.68
2015/1/4,5:53:12,大阪府北部,34°58.0′N,135°26.3′E,10 km,2.7,震度１,34.96666667,135.4383333
2015/1/4,6:41:19,宮城県北部,38°40.3′N,141°23.5′E,73 km,3.1,震度１,38.67166667,141.3916667
2015/1/4,7:22:57,茨城県沖,36°41.9′N,141°13.4′E,34 km,3.9,震度２,36.69833333,141.2233333
2015/1/4,14:51:26,奄美大島北東沖,29°19.7′N,130°33.6′E,59 km,4.9,震度２,29.32833333,130.56
2015/1/5,2:34:35,茨城県沖,36°47.4′N,141°18.5′E,34 km,4.3,震度１,36.79,141.3083333
2015/1/5,7:25:27,択捉島付近,44°53.1′N,148°03.6′E,145 km,5,震度１,44.885,148.06
2015/1/5,10:13:30,岩手県沖,39°27.6′N,142°05.9′E,48 km,3.7,震度２,39.46,142.0983333
2015/1/5,11:03:43,茨城県北部,36°40.3′N,140°36.3′E,9 km,2.7,震度１,36.67166667,140.605
2015/1/5,11:42:04,滋賀県北部,35°17.2′N,135°54.1′E,15 km,3.2,震度２,35.28666667,135.9016667
2015/1/5,11:56:10,福島県沖,37°23.5′N,141°50.5′E,47 km,3.9,震度１,37.39166667,141.8416667
2015/1/5,23:42:32,宮崎県北部山沿い,32°32.1′N,131°06.8′E,130 km,3.9,震度１,32.535,131.1133333
2015/1/5,23:49:23,福島県沖,37°25.0′N,141°44.3′E,41 km,3.6,震度１,37.41666667,141.7383333
2015/1/6,1:29:43,岩手県沖,39°54.7′N,142°16.9′E,50 km,3.8,震度１,39.91166667,142.2816667
2015/1/7,0:15:57,茨城県南部,36°05.9′N,139°51.6′E,47 km,3.2,震度１,36.09833333,139.86
2015/1/7,9:17:47,栃木県北部,36°48.3′N,139°37.1′E,7 km,2.3,震度１,36.805,139.6183333
2015/1/7,12:31:40,福島県会津,36°55.5′N,139°23.5′E,4 km,2.2,震度１,36.925,139.3916667
2015/1/7,18:58:56,宮城県沖,38°27.9′N,142°02.5′E,43 km,4.2,震度３,38.465,142.0416667
2015/1/8,5:30:56,京都府南部,35°15.3′N,135°47.4′E,10 km,2.5,震度１,35.255,135.79
2015/1/8,7:29:39,千葉県南部,35°08.9′N,140°12.0′E,10 km,3.3,震度２,35.14833333,140.2
2015/1/8,7:57:54,茨城県沖,35°55.7′N,141°08.3′E,20 km,4.3,震度２,35.92833333,141.1383333
2015/1/8,11:05:31,千葉県東方沖,35°34.7′N,140°53.8′E,19 km,3.5,震度１,35.57833333,140.8966667
2015/1/8,12:01:58,静岡県西部,34°47.5′N,137°41.4′E,34 km,4.1,震度３,34.79166667,137.69
2015/1/9,1:23:54,滋賀県北部,35°22.1′N,135°56.4′E,12 km,2.3,震度２,35.36833333,135.94
2015/1/9,3:42:11,根室地方北部,43°33.1′N,145°02.8′E,126 km,5.5,震度４,43.55166667,145.0466667
2015/1/9,4:33:25,日向灘,32°00.1′N,131°40.0′E,40 km,3.1,震度１,32.00166667,131.6666667
2015/1/9,5:00:27,長野県南部,35°17.0′N,137°58.7′E,40 km,3.2,震度１,35.28333333,137.9783333
2015/1/9,9:26:46,宮城県沖,38°42.1′N,142°15.4′E,38 km,4.1,震度１,38.70166667,142.2566667
2015/1/9,12:56:13,北海道東方沖,43°24.0′N,147°01.8′E,30 km,4,震度１,43.4,147.03
2015/1/9,14:30:07,熊本県阿蘇地方,33°06.0′N,131°04.0′E,9 km,2.2,震度１,33.1,131.0666667
2015/1/9,18:12:54,宮城県沖,38°10.1′N,141°12.8′E,65 km,3.7,震度１,38.16833333,141.2133333
2015/1/10,4:08:58,東京都２３区,35°41.9′N,139°38.5′E,47 km,3.5,震度２,35.69833333,139.6416667
2015/1/10,8:02:13,宮城県沖,38°19.8′N,141°37.8′E,54 km,3.9,震度２,38.33,141.63
2015/1/10,21:21:45,宮城県沖,38°44.5′N,141°57.3′E,54 km,3.8,震度２,38.74166667,141.955
2015/1/11,6:12:09,福島県沖,37°30.0′N,141°09.6′E,25 km,3.7,震度１,37.5,141.16
2015/1/11,16:39:00,長野県南部,35°52.3′N,138°00.2′E,11 km,2.7,震度１,35.87166667,138.0033333
2015/1/11,16:44:25,宮城県沖,38°46.5′N,141°59.7′E,62 km,3.3,震度１,38.775,141.995
2015/1/11,18:21:53,秋田県内陸南部,39°31.5′N,140°23.6′E,8 km,2,震度１,39.525,140.3933333
2015/1/12,7:28:24,茨城県沖,36°12.6′N,140°54.1′E,46 km,3.3,震度１,36.21,140.9016667
2015/1/12,13:59:22,沖縄本島近海,26°08.4′N,126°31.1′E,75 km,4.2,震度２,26.14,126.5183333
2015/1/12,16:31:10,岐阜県美濃中西部,35°37.3′N,136°26.4′E,12 km,2.8,震度１,35.62166667,136.44
2015/1/12,18:09:26,石川県西方沖,37°04.0′N,136°35.8′E,10 km,2.8,震度１,37.06666667,136.5966667
2015/1/12,18:37:07,紀伊水道,33°37.8′N,134°36.9′E,40 km,3.4,震度１,33.63,134.615
2015/1/13,3:24:34,宮城県沖,38°38.2′N,141°54.1′E,48 km,3.5,震度１,38.63666667,141.9016667
2015/1/13,4:14:31,青森県東方沖,41°14.1′N,142°07.9′E,56 km,3.6,震度１,41.235,142.1316667
2015/1/13,8:51:30,大隅半島東方沖,31°06.5′N,131°31.3′E,29 km,3.7,震度１,31.10833333,131.5216667
2015/1/13,11:26:57,兵庫県南西部,34°57.2′N,134°35.5′E,14 km,3.6,震度２,34.95333333,134.5916667
2015/1/13,14:26:59,大隅半島東方沖,30°40.1′N,131°27.0′E,49 km,4.7,震度３,30.66833333,131.45
2015/1/13,16:31:26,愛知県西部,34°50.5′N,136°54.0′E,10 km,2.7,震度１,34.84166667,136.9
2015/1/14,2:46:44,岩手県沖,39°20.4′N,142°03.8′E,48 km,4.9,震度３,39.34,142.0633333
2015/1/14,4:50:44,福島県沖,37°13.2′N,141°36.7′E,33 km,4.4,震度１,37.22,141.6116667
2015/1/14,9:40:35,奄美大島北西沖,28°21.2′N,128°07.2′E,19 km,4.7,震度１,28.35333333,128.12
2015/1/14,10:15:41,沖縄本島近海,26°27.4′N,128°29.7′E,32 km,4.7,震度３,26.45666667,128.495
2015/1/14,21:02:22,京都府南部,35°01.6′N,135°31.9′E,15 km,3.9,震度３,35.02666667,135.5316667
2015/1/15,0:39:04,千葉県北東部,35°54.6′N,140°29.5′E,39 km,2.7,震度１,35.91,140.4916667
2015/1/15,1:42:55,栃木県北部,36°54.9′N,139°47.3′E,8 km,2.9,震度２,36.915,139.7883333
2015/1/15,12:50:29,長野県北部,36°38.2′N,137°54.3′E,10 km,2.2,震度１,36.63666667,137.905
2015/1/15,18:01:09,大隅半島東方沖,31°09.2′N,131°32.4′E,38 km,3.3,震度１,31.15333333,131.54
2015/1/15,22:01:18,栃木県北部,36°38.3′N,139°25.3′E,8 km,2.1,震度１,36.63833333,139.4216667
2015/1/16,0:07:17,宮城県沖,38°32.0′N,141°43.0′E,54 km,3.5,震度１,38.53333333,141.7166667
2015/1/16,0:44:52,北海道東方沖,43°44.4′N,147°15.3′E,29 km,4.4,震度２,43.74,147.255
2015/1/16,16:48:08,宮古島近海,24°49.4′N,125°22.4′E,50 km,3.9,震度２,24.82333333,125.3733333
2015/1/16,18:01:36,福井県嶺南,35°26.8′N,135°51.9′E,13 km,2.4,震度１,35.44666667,135.865
2015/1/16,20:26:48,福島県沖,37°10.9′N,141°11.5′E,62 km,3.9,震度２,37.18166667,141.1916667
2015/1/16,23:51:29,宮城県沖,38°10.5′N,141°46.8′E,54 km,3.3,震度１,38.175,141.78
2015/1/17,11:17:15,茨城県沖,36°13.0′N,141°03.0′E,46 km,3.7,震度１,36.21666667,141.05
2015/1/18,3:17:38,福島県沖,37°24.5′N,141°54.4′E,44 km,4.5,震度２,37.40833333,141.9066667
2015/1/18,10:41:56,大阪府北部,34°58.0′N,135°26.3′E,10 km,2.7,震度１,34.96666667,135.4383333
2015/1/18,10:54:01,茨城県沖,35°55.8′N,141°08.2′E,19 km,4.2,震度１,35.93,141.1366667
2015/1/18,22:51:21,千葉県東方沖,35°39.9′N,140°44.5′E,49 km,3.5,震度１,35.665,140.7416667
2015/1/18,22:55:03,千葉県東方沖,35°40.1′N,140°45.3′E,49 km,3.2,震度１,35.66833333,140.755
2015/1/18,23:04:57,千葉県東方沖,35°39.8′N,140°44.4′E,47 km,3.2,震度１,35.66333333,140.74
2015/1/19,12:14:57,岩手県沖,40°10.4′N,142°10.7′E,21 km,3.8,震度２,40.17333333,142.1783333
2015/1/19,12:17:15,福島県中通り,37°00.0′N,140°35.1′E,15 km,3.3,震度１,37,140.585
2015/1/19,23:13:13,紀伊水道,34°12.2′N,135°07.4′E,6 km,2.7,震度１,34.20333333,135.1233333
2015/1/20,0:35:10,東京都多摩西部,35°45.8′N,139°13.8′E,55 km,3.2,震度１,35.76333333,139.23
2015/1/20,0:47:51,茨城県沖,36°14.3′N,140°56.1′E,31 km,3.3,震度１,36.23833333,140.935
2015/1/20,7:34:49,新潟県上越地方,37°09.4′N,138°30.7′E,188 km,4.9,震度２,37.15666667,138.5116667
2015/1/20,23:35:06,茨城県沖,36°28.1′N,141°37.3′E,46 km,3.9,震度１,36.46833333,141.6216667
2015/1/21,0:38:42,長野県北部,36°48.7′N,137°50.4′E,0 km,2.5,震度１,36.81166667,137.84
2015/1/21,3:14:20,広島県北部,34°56.8′N,132°49.6′E,9 km,2.8,震度１,34.94666667,132.8266667
2015/1/21,15:41:45,長野県北部,36°48.4′N,137°53.3′E,2 km,2.7,震度２,36.80666667,137.8883333
2015/1/21,20:36:05,駿河湾,34°50.3′N,138°21.3′E,25 km,3.4,震度１,34.83833333,138.355
2015/1/22,0:39:00,宮城県北部,38°52.3′N,141°40.1′E,66 km,3.4,震度１,38.87166667,141.6683333
2015/1/22,1:10:28,岩手県沖,40°12.8′N,142°18.0′E,38 km,3.8,震度１,40.21333333,142.3
2015/1/22,2:35:31,釧路沖,42°39.0′N,144°31.9′E,54 km,4.5,震度３,42.65,144.5316667
2015/1/22,8:05:28,福島県沖,37°03.6′N,141°08.5′E,51 km,4,震度２,37.06,141.1416667
2015/1/22,22:54:29,岩手県内陸南部,39°03.5′N,140°51.3′E,7 km,3.6,震度２,39.05833333,140.855
2015/1/23,2:24:04,岩手県内陸北部,40°12.2′N,141°09.5′E,7 km,2,震度１,40.20333333,141.1583333
2015/1/23,9:41:12,茨城県北部,36°48.0′N,140°33.0′E,9 km,2.9,震度１,36.8,140.55
2015/1/23,13:09:33,房総半島南方沖,34°17.5′N,140°24.1′E,55 km,3.6,震度１,34.29166667,140.4016667
2015/1/23,18:11:24,福島県沖,37°06.5′N,141°02.8′E,36 km,4.1,震度３,37.10833333,141.0466667
2015/1/24,14:34:53,滋賀県南部,35°10.9′N,136°01.5′E,15 km,3.4,震度２,35.18166667,136.025
2015/1/24,18:24:11,八丈島東方沖,33°19.9′N,140°58.7′E,56 km,4.6,震度１,33.33166667,140.9783333
2015/1/24,19:20:28,京都府南部,35°01.2′N,135°31.6′E,15 km,3.7,震度２,35.02,135.5266667
2015/1/24,22:28:30,宮城県沖,37°58.7′N,142°40.7′E,28 km,4.5,震度１,37.97833333,142.6783333
2015/1/24,22:43:04,京都府南部,35°01.1′N,135°31.6′E,14 km,3,震度２,35.01833333,135.5266667
2015/1/24,23:14:26,種子島近海,30°25.3′N,130°11.1′E,5 km,2.2,震度１,30.42166667,130.185
2015/1/25,11:39:28,和歌山県南部,33°50.1′N,135°32.4′E,45 km,3.1,震度１,33.835,135.54
2015/1/25,16:19:03,奄美大島北東沖,29°35.2′N,130°35.3′E,63 km,4.3,震度１,29.58666667,130.5883333
2015/1/25,16:54:09,京都府南部,35°01.2′N,135°31.5′E,14 km,2.7,震度１,35.02,135.525
2015/1/25,19:41:13,鳥島近海,29°12.5′N,139°44.7′E,425 km,5.4,震度１,29.20833333,139.745
2015/1/25,21:33:52,宮城県沖,38°36.9′N,141°54.2′E,48 km,3.4,震度１,38.615,141.9033333
2015/1/25,22:02:18,岩手県沿岸北部,39°52.4′N,141°52.2′E,77 km,3.9,震度２,39.87333333,141.87
2015/1/26,0:24:31,福島県中通り,37°01.7′N,140°34.5′E,9 km,3,震度２,37.02833333,140.575
2015/1/26,7:20:02,千葉県北東部,35°52.6′N,140°28.9′E,37 km,5,震度４,35.87666667,140.4816667
2015/1/26,7:21:26,千葉県北東部,35°52.6′N,140°28.5′E,38 km,4.2,震度３,35.87666667,140.475
2015/1/26,7:34:07,千葉県北東部,35°52.3′N,140°28.5′E,37 km,3.8,震度２,35.87166667,140.475
2015/1/26,10:31:55,宮城県沖,38°10.5′N,141°40.1′E,50 km,3.8,震度２,38.175,141.6683333
2015/1/26,23:11:44,栃木県北部,36°48.3′N,139°28.3′E,6 km,2.7,震度２,36.805,139.4716667
2015/1/26,23:24:47,福島県沖,37°06.2′N,141°10.9′E,28 km,3.7,震度２,37.10333333,141.1816667
2015/1/27,0:33:56,日向灘,31°58.3′N,131°39.6′E,37 km,3.2,震度１,31.97166667,131.66
2015/1/27,3:54:19,和歌山県北部,34°15.6′N,135°15.3′E,7 km,2.4,震度１,34.26,135.255
2015/1/27,6:37:34,京都府南部,35°01.4′N,135°31.4′E,14 km,2.4,震度１,35.02333333,135.5233333
2015/1/27,10:45:35,岩手県沿岸北部,39°45.5′N,141°50.1′E,58 km,3.1,震度１,39.75833333,141.835
2015/1/28,5:39:38,新潟県中越地方,37°19.5′N,139°05.5′E,8 km,2.6,震度１,37.325,139.0916667
2015/1/28,10:42:59,長野県北部,36°54.2′N,138°34.1′E,3 km,2.6,震度２,36.90333333,138.5683333
2015/1/28,21:21:06,千葉県東方沖,35°47.1′N,140°54.1′E,12 km,3.4,震度１,35.785,140.9016667
2015/1/28,21:55:12,福島県沖,37°23.5′N,141°09.8′E,24 km,3.3,震度１,37.39166667,141.1633333
2015/1/28,23:30:25,群馬県北部,36°54.4′N,139°23.7′E,5 km,2.7,震度１,36.90666667,139.395
2015/1/29,6:09:10,沖縄本島近海,26°27.2′N,128°28.6′E,35 km,3.8,震度１,26.45333333,128.4766667
2015/1/29,10:34:32,茨城県南部,36°08.5′N,140°05.4′E,50 km,2.9,震度１,36.14166667,140.09
2015/1/29,19:45:19,岩手県沖,39°38.2′N,142°06.3′E,48 km,3.9,震度２,39.63666667,142.105
2015/1/30,4:57:36,兵庫県南西部,34°57.2′N,134°35.5′E,14 km,2.9,震度１,34.95333333,134.5916667
2015/1/30,7:18:39,岩手県沿岸北部,39°45.4′N,141°49.9′E,59 km,3.6,震度１,39.75666667,141.8316667
2015/1/30,12:43:07,日向灘,32°17.6′N,132°00.4′E,19 km,3,震度１,32.29333333,132.0066667
2015/1/30,16:45:53,日向灘,31°45.8′N,131°54.6′E,26 km,4.4,震度２,31.76333333,131.91
2015/1/30,20:31:47,茨城県南部,35°58.7′N,140°12.4′E,40 km,4.8,震度３,35.97833333,140.2066667
2015/1/30,20:33:52,茨城県南部,35°58.6′N,140°12.9′E,40 km,3,震度１,35.97666667,140.215
2015/1/31,13:32:54,長野県北部,36°38.6′N,138°10.2′E,12 km,2.6,震度１,36.64333333,138.17
2015/1/31,14:09:31,島根県西部,34°58.3′N,132°18.8′E,10 km,2.8,震度１,34.97166667,132.3133333
2015/1/31,15:52:59,東京湾,35°33.0′N,140°05.5′E,9 km,3,震度２,35.55,140.0916667
2015/2/1,0:42:51,富山湾,37°15.7′N,137°08.6′E,15 km,4.4,震度４,37.26166667,137.1433333
2015/2/1,1:49:32,福井県嶺北,35°48.3′N,136°12.8′E,10 km,2.9,震度２,35.805,136.2133333
2015/2/1,12:40:15,奄美大島近海,27°38.5′N,128°46.8′E,16 km,2.9,震度１,27.64166667,128.78
2015/2/1,16:22:27,宮城県沖,38°32.4′N,141°43.2′E,53 km,3.2,震度１,38.54,141.72
2015/2/2,3:12:57,長野県北部,36°38.4′N,138°04.9′E,9 km,2.4,震度２,36.64,138.0816667
2015/2/2,4:22:27,熊本県熊本地方,32°40.0′N,130°43.9′E,11 km,2.8,震度２,32.66666667,130.7316667
2015/2/2,14:37:28,長野県北部,36°57.2′N,138°35.3′E,5 km,1.6,震度１,36.95333333,138.5883333
2015/2/2,15:48:10,岩手県沖,39°56.0′N,142°34.9′E,33 km,4.1,震度２,39.93333333,142.5816667
2015/2/2,18:06:09,千葉県東方沖,35°49.7′N,140°56.3′E,15 km,4,震度２,35.82833333,140.9383333
2015/2/2,23:06:58,秋田県内陸北部,40°02.1′N,140°32.4′E,9 km,3.4,震度２,40.035,140.54
2015/2/2,23:08:14,秋田県内陸北部,40°02.2′N,140°32.1′E,8 km,2.9,震度１,40.03666667,140.535
2015/2/3,0:51:04,宗谷地方北部,45°04.1′N,141°59.4′E,11 km,2.5,震度１,45.06833333,141.99
2015/2/3,5:40:01,浦河沖,42°07.4′N,142°45.4′E,47 km,3.3,震度１,42.12333333,142.7566667
2015/2/3,6:19:04,宮城県沖,38°53.2′N,141°58.5′E,49 km,3.9,震度２,38.88666667,141.975
2015/2/3,12:38:59,静岡県西部,34°55.9′N,137°57.9′E,36 km,3.3,震度１,34.93166667,137.965
2015/2/3,14:07:39,愛媛県南予,33°33.3′N,132°44.4′E,44 km,3.9,震度３,33.555,132.74
2015/2/3,19:37:14,千葉県南部,35°03.2′N,140°00.6′E,68 km,3.1,震度１,35.05333333,140.01
2015/2/3,22:58:31,秋田県内陸南部,39°08.9′N,140°29.8′E,3 km,2.3,震度１,39.14833333,140.4966667
2015/2/4,1:10:37,岩手県沖,40°12.1′N,142°02.8′E,57 km,3.7,震度２,40.20166667,142.0466667
2015/2/4,14:54:17,伊豆大島近海,34°47.2′N,139°14.7′E,7 km,2.2,震度１,34.78666667,139.245
2015/2/4,15:00:19,埼玉県北部,36°08.5′N,139°29.5′E,73 km,3.1,震度１,36.14166667,139.4916667
2015/2/4,15:08:09,伊豆大島近海,34°47.2′N,139°14.7′E,8 km,3.3,震度２,34.78666667,139.245
2015/2/4,16:05:48,茨城県沖,36°04.4′N,141°11.0′E,36 km,3.7,震度１,36.07333333,141.1833333
2015/2/5,0:53:20,留萌地方中北部,44°49.4′N,141°50.6′E,24 km,2.1,震度１,44.82333333,141.8433333
2015/2/5,0:55:48,留萌地方中北部,44°49.3′N,141°50.9′E,24 km,2.2,震度１,44.82166667,141.8483333
2015/2/5,2:27:14,岩手県内陸南部,39°03.5′N,140°51.3′E,7 km,3.3,震度１,39.05833333,140.855
2015/2/5,6:05:18,島根県西部,34°48.7′N,132°06.2′E,12 km,3.4,震度２,34.81166667,132.1033333
2015/2/6,2:54:26,宮城県沖,38°08.9′N,141°43.5′E,55 km,4,震度１,38.14833333,141.725
2015/2/6,5:28:43,宮城県沖,38°37.0′N,141°53.9′E,48 km,4.1,震度２,38.61666667,141.8983333
2015/2/6,10:25:12,徳島県南部,33°44.0′N,134°22.2′E,11 km,5.1,震度５強,33.73333333,134.37
2015/2/6,18:06:54,茨城県南部,35°59.4′N,140°12.6′E,41 km,3.3,震度１,35.99,140.21
2015/2/7,6:23:10,福島県沖,37°20.3′N,141°05.0′E,66 km,3.3,震度１,37.33833333,141.0833333
2015/2/7,12:36:31,長野県南部,35°51.8′N,137°53.7′E,8 km,3.6,震度３,35.86333333,137.895
2015/2/7,13:26:19,宮古島近海,24°44.8′N,125°02.3′E,31 km,3.6,震度１,24.74666667,125.0383333
2015/2/7,15:19:06,千葉県北西部,35°47.3′N,140°04.1′E,64 km,3.8,震度２,35.78833333,140.0683333
2015/2/7,16:10:02,長野県北部,36°48.2′N,137°53.4′E,2 km,2.4,震度１,36.80333333,137.89
2015/2/7,21:55:40,茨城県沖,36°21.6′N,140°46.0′E,53 km,3.5,震度１,36.36,140.7666667
2015/2/8,1:49:28,新潟県中越地方,37°11.6′N,138°53.1′E,14 km,3.4,震度２,37.19333333,138.885
2015/2/8,9:50:54,福島県浜通り,37°00.4′N,140°46.2′E,11 km,3.2,震度１,37.00666667,140.77
2015/2/8,10:51:52,奄美大島近海,28°30.5′N,129°37.4′E,17 km,3.6,震度１,28.50833333,129.6233333
2015/2/8,21:46:42,北海道東方沖,43°18.1′N,147°17.3′E,34 km,4.5,震度１,43.30166667,147.2883333
2015/2/9,8:10:30,茨城県南部,35°59.4′N,140°12.4′E,41 km,3.1,震度１,35.99,140.2066667
2015/2/9,19:48:53,千葉県東方沖,35°47.5′N,140°55.0′E,13 km,3.8,震度２,35.79166667,140.9166667
2015/2/9,20:09:57,福島県沖,37°09.7′N,141°21.1′E,48 km,3.9,震度２,37.16166667,141.3516667
2015/2/9,22:36:54,茨城県南部,36°02.2′N,139°52.1′E,43 km,3.3,震度２,36.03666667,139.8683333
2015/2/10,1:29:02,茨城県北部,36°36.1′N,140°35.2′E,6 km,2.4,震度１,36.60166667,140.5866667
2015/2/10,1:56:48,青森県三八上北地方,40°31.7′N,141°29.2′E,85 km,3.4,震度１,40.52833333,141.4866667
2015/2/10,18:04:54,新潟県上中越沖,37°28.2′N,138°36.7′E,26 km,2.9,震度１,37.47,138.6116667
2015/2/11,1:17:21,空知地方中部,43°30.6′N,141°58.8′E,6 km,2.1,震度１,43.51,141.98
2015/2/11,4:23:47,宮城県沖,38°18.0′N,141°51.1′E,47 km,4.2,震度２,38.3,141.8516667
2015/2/11,15:22:06,茨城県南部,36°00.9′N,139°55.7′E,43 km,3,震度１,36.015,139.9283333
2015/2/11,19:09:43,茨城県南部,36°11.0′N,140°00.6′E,51 km,3.3,震度１,36.18333333,140.01
2015/2/12,5:49:06,千葉県東方沖,35°39.6′N,140°45.4′E,49 km,3.3,震度１,35.66,140.7566667
2015/2/13,10:26:12,沖縄本島近海,26°08.6′N,127°27.7′E,20 km,3.5,震度２,26.14333333,127.4616667
2015/2/13,15:53:15,長野県中部,36°15.8′N,138°01.1′E,5 km,2.6,震度１,36.26333333,138.0183333
2015/2/13,16:00:27,青森県東方沖,41°35.0′N,141°54.4′E,67 km,4,震度１,41.58333333,141.9066667
2015/2/13,19:47:46,新潟県中越地方,37°07.2′N,138°38.3′E,13 km,2.8,震度２,37.12,138.6383333
2015/2/13,19:48:19,茨城県北部,36°41.7′N,140°35.4′E,9 km,3,震度２,36.695,140.59
2015/2/14,2:36:42,千葉県東方沖,35°40.0′N,141°02.2′E,18 km,2.9,震度１,35.66666667,141.0366667
2015/2/14,4:35:57,日高地方東部,42°20.7′N,142°59.7′E,55 km,3.8,震度１,42.345,142.995
2015/2/14,5:06:30,台湾付近,22°36.0′N,121°25.6′E,28 km,6.2,震度１,22.6,121.4266667
2015/2/14,5:55:42,鹿児島県薩摩地方,31°53.7′N,130°33.7′E,10 km,2.2,震度１,31.895,130.5616667
2015/2/14,7:30:04,宮城県沖,38°55.4′N,141°55.4′E,51 km,3.8,震度１,38.92333333,141.9233333
2015/2/14,13:14:00,宮城県沖,38°51.6′N,141°46.3′E,56 km,3.4,震度１,38.86,141.7716667
2015/2/14,15:23:19,熊本県熊本地方,32°32.9′N,130°42.5′E,10 km,3.1,震度１,32.54833333,130.7083333
2015/2/14,16:18:07,兵庫県南西部,34°56.9′N,134°35.5′E,15 km,3.9,震度２,34.94833333,134.5916667
2015/2/14,23:17:12,徳島県北部,33°57.3′N,133°52.5′E,41 km,4,震度３,33.955,133.875
2015/2/15,9:14:27,茨城県沖,36°37.2′N,141°07.6′E,31 km,4.7,震度２,36.62,141.1266667
2015/2/15,10:58:16,長野県中部,36°11.2′N,138°00.3′E,5 km,2.5,震度２,36.18666667,138.005
2015/2/15,13:10:48,トカラ列島近海,29°50.2′N,129°54.4′E,6 km,2,震度１,29.83666667,129.9066667
2015/2/15,18:41:29,和歌山県北部,34°13.1′N,135°11.8′E,4 km,1.5,震度１,34.21833333,135.1966667
2015/2/15,23:34:36,種子島南東沖,30°00.8′N,131°16.1′E,25 km,4.1,震度１,30.01333333,131.2683333
2015/2/17,0:14:26,沖縄本島近海,26°19.8′N,127°06.4′E,2 km,3.6,震度２,26.33,127.1066667
2015/2/17,0:50:22,沖縄本島近海,26°19.8′N,127°06.5′E,2 km,2.5,震度１,26.33,127.1083333
2015/2/17,2:47:48,東京湾,35°34.3′N,140°03.7′E,69 km,3.6,震度１,35.57166667,140.0616667
2015/2/17,8:06:35,三陸沖,39°52.3′N,143°11.5′E,13 km,6.9,震度４,39.87166667,143.1916667
2015/2/17,8:09:52,三陸沖,39°45.2′N,143°26.4′E,12 km,5,震度１,39.75333333,143.44
2015/2/17,8:17:02,根室地方南部,43°13.4′N,145°26.8′E,101 km,3.5,震度１,43.22333333,145.4466667
2015/2/17,9:50:02,三陸沖,39°56.1′N,143°19.4′E,15 km,4.6,震度１,39.935,143.3233333
2015/2/17,10:46:52,宮城県沖,38°34.9′N,142°12.8′E,61 km,4.2,震度２,38.58166667,142.2133333
2015/2/17,11:29:49,三陸沖,39°37.9′N,143°19.8′E,24 km,4.7,震度１,39.63166667,143.33
2015/2/17,13:46:39,岩手県沖,40°05.1′N,142°06.7′E,50 km,5.7,震度５強,40.085,142.1116667
2015/2/17,13:49:50,岩手県沖,40°05.9′N,142°07.1′E,46 km,3.1,震度１,40.09833333,142.1183333
2015/2/17,13:57:40,岩手県沖,40°04.6′N,142°06.5′E,48 km,2.9,震度１,40.07666667,142.1083333
2015/2/17,14:08:00,岩手県沖,40°05.2′N,142°06.8′E,47 km,3.1,震度１,40.08666667,142.1133333
2015/2/17,16:20:27,茨城県沖,36°24.0′N,140°58.3′E,45 km,4,震度２,36.4,140.9716667
2015/2/18,1:33:22,三陸沖,39°39.9′N,143°43.0′E,34 km,5.6,震度２,39.665,143.7166667
2015/2/18,3:03:56,青森県東方沖,41°22.6′N,142°08.8′E,44 km,3.8,震度１,41.37666667,142.1466667
2015/2/18,5:51:18,大阪府北部,34°57.5′N,135°24.5′E,10 km,2.4,震度１,34.95833333,135.4083333
2015/2/18,6:06:50,伊豆大島近海,34°44.4′N,139°18.8′E,0 km,1.9,震度１,34.74,139.3133333
2015/2/18,6:40:04,伊豆大島近海,34°44.3′N,139°19.2′E,1 km,2.1,震度１,34.73833333,139.32
2015/2/18,10:10:52,伊豆大島近海,34°44.3′N,139°19.3′E,2 km,1.8,震度１,34.73833333,139.3216667
2015/2/18,12:13:52,宮城県沖,38°18.3′N,141°54.9′E,62 km,3.8,震度１,38.305,141.915
2015/2/18,14:01:13,福島県中通り,37°03.6′N,140°33.6′E,10 km,3.3,震度２,37.06,140.56
2015/2/18,19:05:29,四国沖,33°24.7′N,134°41.1′E,36 km,3.3,震度１,33.41166667,134.685
2015/2/18,19:20:37,和歌山県南方沖,33°36.2′N,135°17.2′E,43 km,3.5,震度１,33.60333333,135.2866667
2015/2/19,16:14:41,岩手県沖,40°05.0′N,142°05.6′E,49 km,3.4,震度２,40.08333333,142.0933333
2015/2/20,0:22:20,茨城県南部,36°02.6′N,139°55.4′E,44 km,2.9,震度１,36.04333333,139.9233333
2015/2/20,2:49:29,宮城県沖,38°26.4′N,141°49.9′E,56 km,3.1,震度１,38.44,141.8316667
2015/2/20,13:07:32,佐渡付近,37°56.4′N,138°08.9′E,15 km,2.9,震度１,37.94,138.1483333
2015/2/20,13:25:21,三陸沖,39°54.7′N,143°43.9′E,8 km,6.5,震度３,39.91166667,143.7316667
2015/2/20,17:53:57,宮古島近海,24°43.2′N,125°08.4′E,29 km,3.4,震度１,24.72,125.14
2015/2/20,20:09:12,岩手県沖,40°00.0′N,142°21.9′E,20 km,4.7,震度２,40,142.365
2015/2/20,21:48:30,栃木県北部,36°52.6′N,139°27.5′E,4 km,2.6,震度１,36.87666667,139.4583333
2015/2/21,2:12:37,茨城県沖,36°26.4′N,141°04.0′E,41 km,3.6,震度１,36.44,141.0666667
2015/2/21,4:28:28,浦河沖,41°58.6′N,142°42.9′E,57 km,5.1,震度３,41.97666667,142.715
2015/2/21,7:16:06,福島県沖,37°06.7′N,141°29.2′E,56 km,3.7,震度１,37.11166667,141.4866667
2015/2/21,11:41:08,和歌山県北部,34°03.4′N,135°09.0′E,6 km,2.5,震度１,34.05666667,135.15
2015/2/21,19:13:52,三陸沖,39°53.6′N,143°36.6′E,11 km,6.4,震度２,39.89333333,143.61
2015/2/22,0:48:03,静岡県伊豆地方,34°42.2′N,138°47.5′E,9 km,2.6,震度１,34.70333333,138.7916667
2015/2/22,6:56:28,東京湾,35°35.6′N,140°02.9′E,10 km,2.7,震度１,35.59333333,140.0483333
2015/2/22,9:18:18,長野県中部,36°11.3′N,138°00.2′E,5 km,2,震度１,36.18833333,138.0033333
2015/2/22,10:02:28,長野県中部,36°11.3′N,138°00.3′E,5 km,2.2,震度２,36.18833333,138.005
2015/2/22,10:19:23,十勝地方中部,42°37.2′N,143°31.1′E,67 km,3.7,震度１,42.62,143.5183333
2015/2/22,11:53:43,三陸沖,40°07.1′N,143°32.1′E,19 km,5,震度１,40.11833333,143.535
2015/2/22,20:55:01,茨城県沖,36°21.5′N,141°01.9′E,43 km,3.5,震度１,36.35833333,141.0316667
2015/2/23,4:43:32,三陸沖,39°51.1′N,143°33.0′E,18 km,5.1,震度２,39.85166667,143.55
2015/2/23,10:37:41,三陸沖,39°55.9′N,143°19.0′E,17 km,4.5,震度１,39.93166667,143.3166667
2015/2/23,10:43:50,福島県沖,36°53.6′N,141°22.8′E,46 km,3.9,震度１,36.89333333,141.38
2015/2/23,12:16:28,岐阜県美濃東部,35°17.2′N,137°13.9′E,47 km,2.9,震度１,35.28666667,137.2316667
2015/2/23,15:32:51,苫小牧沖,41°57.8′N,141°38.0′E,83 km,3.7,震度１,41.96333333,141.6333333
2015/2/23,17:00:10,千葉県北西部,35°33.8′N,140°08.2′E,68 km,4.5,震度３,35.56333333,140.1366667
2015/2/24,4:14:14,岩手県沖,40°04.6′N,142°06.6′E,48 km,3.3,震度２,40.07666667,142.11
2015/2/24,9:47:34,秋田県内陸南部,39°40.4′N,140°43.8′E,8 km,2.4,震度１,39.67333333,140.73
2015/2/24,11:28:52,三陸沖,39°38.0′N,143°22.9′E,29 km,5.9,震度２,39.63333333,143.3816667
2015/2/24,16:25:12,宮古島近海,24°50.7′N,125°22.1′E,48 km,4.1,震度２,24.845,125.3683333
2015/2/24,17:01:50,岩手県沖,40°00.2′N,142°23.2′E,19 km,3.5,震度１,40.00333333,142.3866667
2015/2/24,19:36:15,岩手県沖,39°02.9′N,142°12.3′E,49 km,4.3,震度３,39.04833333,142.205
2015/2/24,19:55:40,岩手県沖,39°06.1′N,142°24.7′E,31 km,4,震度１,39.10166667,142.4116667
2015/2/25,6:28:03,茨城県南部,36°03.3′N,139°54.3′E,44 km,3.1,震度２,36.055,139.905
2015/2/25,11:57:24,茨城県北部,36°41.4′N,140°39.5′E,6 km,2.6,震度１,36.69,140.6583333
2015/2/25,12:20:43,茨城県沖,36°20.3′N,140°51.2′E,41 km,3.6,震度１,36.33833333,140.8533333
2015/2/25,16:58:10,熊本県熊本地方,32°44.5′N,130°37.0′E,6 km,2.7,震度１,32.74166667,130.6166667
2015/2/25,17:58:04,茨城県沖,36°35.0′N,140°57.9′E,22 km,4.1,震度２,36.58333333,140.965
2015/2/25,19:32:00,三陸沖,39°20.4′N,143°37.6′E,20 km,5,震度２,39.34,143.6266667
2015/2/26,0:30:43,鹿児島県薩摩地方,32°06.5′N,130°09.7′E,10 km,3,震度１,32.10833333,130.1616667
2015/2/26,0:38:34,長野県北部,36°38.4′N,137°53.9′E,9 km,2.6,震度２,36.64,137.8983333
2015/2/26,1:22:51,長野県北部,36°38.4′N,137°53.9′E,9 km,1.9,震度１,36.64,137.8983333
2015/2/26,4:39:33,茨城県沖,36°21.6′N,140°46.9′E,52 km,3.7,震度１,36.36,140.7816667
2015/2/26,6:02:04,長野県北部,36°38.3′N,137°53.8′E,9 km,1.8,震度１,36.63833333,137.8966667
2015/2/26,8:48:40,東京湾,35°38.9′N,140°02.2′E,69 km,3.1,震度１,35.64833333,140.0366667
2015/2/26,10:11:24,宮城県沖,38°27.8′N,142°05.9′E,50 km,5,震度４,38.46333333,142.0983333
2015/2/27,3:55:28,三重県南部,33°59.9′N,136°16.0′E,32 km,3.9,震度２,33.99833333,136.2666667
2015/2/27,6:56:02,岩手県沖,39°16.5′N,142°14.1′E,42 km,3.1,震度１,39.275,142.235
2015/2/27,7:32:16,奄美大島近海,28°03.0′N,131°13.5′E,93 km,4.3,震度１,28.05,131.225
2015/2/27,16:58:04,奄美大島北西沖,28°20.3′N,128°12.9′E,118 km,4.5,震度１,28.33833333,128.215
2015/2/28,0:08:33,滋賀県南部,35°09.2′N,135°54.8′E,11 km,2.6,震度１,35.15333333,135.9133333
2015/2/28,4:52:38,宮城県沖,38°47.5′N,141°37.4′E,69 km,3.2,震度１,38.79166667,141.6233333
2015/2/28,9:40:43,釧路沖,42°44.3′N,144°19.5′E,98 km,4.3,震度２,42.73833333,144.325
2015/2/28,9:51:31,千葉県北東部,35°52.4′N,140°28.4′E,36 km,3.3,震度１,35.87333333,140.4733333
2015/2/28,14:25:17,宮城県沖,38°41.9′N,141°47.8′E,53 km,2.9,震度１,38.69833333,141.7966667
2015/2/28,17:19:08,千葉県東方沖,35°38.5′N,140°40.7′E,48 km,2.9,震度１,35.64166667,140.6783333
2015/2/28,17:40:39,千葉県東方沖,35°38.2′N,140°41.3′E,50 km,4.5,震度３,35.63666667,140.6883333
2015/2/28,17:50:20,根室半島南東沖,43°06.5′N,145°48.9′E,52 km,3.3,震度１,43.10833333,145.815
2015/2/28,23:18:44,宮城県沖,38°21.7′N,141°48.7′E,57 km,3.4,震度１,38.36166667,141.8116667
2015/3/1,18:57:21,安芸灘,33°51.5′N,132°22.4′E,48 km,3.4,震度１,33.85833333,132.3733333
2015/3/2,3:35:12,福島県沖,37°38.3′N,141°37.6′E,80 km,3.8,震度１,37.63833333,141.6266667
2015/3/2,4:21:56,富山県東部,36°38.7′N,137°34.3′E,245 km,4.4,震度１,36.645,137.5716667
2015/3/2,11:29:59,八丈島近海,33°12.2′N,138°56.0′E,18 km,4.4,震度１,33.20333333,138.9333333
2015/3/2,16:21:48,岩手県内陸北部,39°48.9′N,141°27.4′E,11 km,2.5,震度１,39.815,141.4566667
2015/3/2,16:59:28,茨城県南部,36°07.1′N,139°49.2′E,49 km,3.1,震度１,36.11833333,139.82
2015/3/3,11:55:02,岩手県沖,39°04.1′N,142°22.6′E,35 km,3.4,震度１,39.06833333,142.3766667
2015/3/3,15:56:41,福島県会津,37°25.1′N,139°27.0′E,5 km,2.7,震度１,37.41833333,139.45
2015/3/4,0:04:21,愛知県西部,35°20.6′N,136°48.2′E,40 km,4.6,震度４,35.34333333,136.8033333
2015/3/5,1:13:34,宮城県沖,38°53.3′N,141°58.2′E,49 km,3.3,震度１,38.88833333,141.97
2015/3/5,16:30:40,三陸沖,39°54.7′N,143°22.2′E,22 km,4.5,震度１,39.91166667,143.37
2015/3/5,17:03:33,愛媛県南予,33°33.3′N,132°48.8′E,40 km,3.1,震度１,33.555,132.8133333
2015/3/5,21:18:19,茨城県北部,36°38.6′N,140°38.7′E,11 km,3.5,震度２,36.64333333,140.645
2015/3/5,21:23:31,日高地方東部,42°19.3′N,143°01.3′E,52 km,3.6,震度１,42.32166667,143.0216667
2015/3/6,8:06:01,日高地方中部,42°24.2′N,142°37.3′E,57 km,4.9,震度３,42.40333333,142.6216667
2015/3/6,8:59:35,宮古島近海,24°48.1′N,125°22.6′E,49 km,4.4,震度３,24.80166667,125.3766667
2015/3/6,12:21:32,伊豆大島近海,34°44.2′N,139°16.3′E,1 km,3.1,震度３,34.73666667,139.2716667
2015/3/6,13:51:49,伊豆大島近海,34°44.5′N,139°16.4′E,0 km,2.1,震度１,34.74166667,139.2733333
2015/3/6,14:17:45,伊豆大島近海,34°44.7′N,139°16.9′E,0 km,2.1,震度１,34.745,139.2816667
2015/3/6,14:20:02,沖縄本島近海,26°13.7′N,127°11.2′E,37 km,3.8,震度２,26.22833333,127.1866667
2015/3/6,14:22:05,伊豆大島近海,34°44.5′N,139°16.9′E,1 km,2,震度１,34.74166667,139.2816667
2015/3/6,14:30:50,伊豆大島近海,34°44.3′N,139°16.1′E,0 km,2.3,震度１,34.73833333,139.2683333
2015/3/6,16:17:53,伊豆大島近海,34°44.7′N,139°17.7′E,0 km,2,震度１,34.745,139.295
2015/3/6,16:23:31,伊豆大島近海,34°43.5′N,139°16.5′E,2 km,2,震度１,34.725,139.275
2015/3/6,21:26:14,栃木県北部,36°51.7′N,139°27.8′E,4 km,2.1,震度１,36.86166667,139.4633333
2015/3/7,1:06:09,茨城県南部,36°07.0′N,139°49.4′E,49 km,3.3,震度１,36.11666667,139.8233333
2015/3/7,9:51:26,和歌山県北部,34°12.2′N,135°11.8′E,5 km,2.8,震度１,34.20333333,135.1966667
2015/3/7,11:03:45,和歌山県北部,34°12.3′N,135°11.8′E,5 km,3,震度２,34.205,135.1966667
2015/3/7,23:31:39,茨城県沖,36°35.9′N,140°58.3′E,48 km,3.8,震度２,36.59833333,140.9716667
2015/3/8,0:29:17,茨城県北部,36°21.9′N,140°34.7′E,50 km,3.4,震度１,36.365,140.5783333
2015/3/8,8:16:43,青森県東方沖,40°35.6′N,142°30.6′E,30 km,4.3,震度２,40.59333333,142.51
2015/3/9,0:07:16,宮城県沖,38°39.2′N,141°39.2′E,66 km,3.8,震度１,38.65333333,141.6533333
2015/3/9,11:58:46,宮城県沖,38°51.5′N,142°10.4′E,43 km,4.1,震度３,38.85833333,142.1733333
2015/3/10,1:18:14,茨城県沖,36°40.2′N,141°06.2′E,28 km,3,震度１,36.67,141.1033333
2015/3/10,3:41:26,岩手県沖,40°20.9′N,142°04.5′E,50 km,3.8,震度２,40.34833333,142.075
2015/3/10,10:13:55,父島近海,27°03.9′N,142°24.9′E,85 km,4.2,震度１,27.065,142.415
2015/3/10,14:53:54,福島県沖,37°41.6′N,141°19.1′E,66 km,3.9,震度２,37.69333333,141.3183333
2015/3/10,18:31:15,空知地方北部,44°00.2′N,142°00.8′E,10 km,1.8,震度１,44.00333333,142.0133333
2015/3/11,22:25:51,京都府南部,35°10.4′N,135°35.7′E,12 km,2.9,震度１,35.17333333,135.595
2015/3/12,1:26:32,茨城県北部,36°22.7′N,140°35.1′E,51 km,3.1,震度１,36.37833333,140.585
2015/3/12,3:25:24,根室地方南部,43°15.6′N,145°21.6′E,73 km,3.8,震度１,43.26,145.36
2015/3/12,8:13:42,奄美大島近海,28°15.3′N,129°15.8′E,17 km,3.1,震度１,28.255,129.2633333
2015/3/12,20:02:40,福島県沖,37°20.0′N,141°35.2′E,46 km,5,震度３,37.33333333,141.5866667
2015/3/13,5:55:08,栃木県北部,36°53.4′N,139°24.8′E,4 km,2.7,震度１,36.89,139.4133333
2015/3/13,6:03:01,西表島付近,24°15.3′N,123°45.3′E,17 km,4.5,震度３,24.255,123.755
2015/3/13,6:09:13,西表島付近,24°15.4′N,123°45.5′E,17 km,2.8,震度１,24.25666667,123.7583333
2015/3/13,12:51:34,宮城県沖,38°41.6′N,142°16.3′E,38 km,4,震度１,38.69333333,142.2716667
2015/3/13,18:34:52,岐阜県飛騨地方,36°15.6′N,137°04.9′E,6 km,2.4,震度１,36.26,137.0816667
2015/3/14,0:12:49,駿河湾,34°45.0′N,138°31.3′E,219 km,4.1,震度１,34.75,138.5216667
2015/3/14,0:23:54,茨城県北部,36°22.9′N,140°34.9′E,51 km,3.6,震度１,36.38166667,140.5816667
2015/3/14,1:15:27,父島近海,26°21.4′N,141°32.8′E,112 km,4.7,震度３,26.35666667,141.5466667
2015/3/14,2:09:23,宮城県沖,38°21.7′N,141°46.0′E,57 km,3.9,震度２,38.36166667,141.7666667
2015/3/14,4:47:11,千葉県北東部,35°52.6′N,140°28.4′E,37 km,3.4,震度１,35.87666667,140.4733333
2015/3/14,8:12:42,茨城県南部,36°03.7′N,139°52.2′E,45 km,3.3,震度１,36.06166667,139.87
2015/3/14,11:21:03,静岡県東部,35°21.2′N,138°43.1′E,8 km,2.3,震度１,35.35333333,138.7183333
2015/3/14,18:39:59,五島列島近海,32°47.7′N,128°47.2′E,6 km,2.4,震度１,32.795,128.7866667
2015/3/14,20:38:13,福井県嶺北,35°57.2′N,136°44.1′E,10 km,3.2,震度２,35.95333333,136.735
2015/3/14,21:39:51,福井県嶺北,35°57.3′N,136°44.0′E,10 km,3.3,震度２,35.955,136.7333333
2015/3/14,22:48:28,宮古島近海,24°48.4′N,125°21.9′E,48 km,4.3,震度３,24.80666667,125.365
2015/3/15,11:48:11,豊後水道,33°08.5′N,132°18.4′E,10 km,3,震度１,33.14166667,132.3066667
2015/3/15,23:01:08,茨城県北部,36°44.7′N,140°34.9′E,10 km,2.9,震度２,36.745,140.5816667
2015/3/15,23:44:27,静岡県伊豆地方,35°06.5′N,139°00.6′E,8 km,3.6,震度２,35.10833333,139.01
2015/3/16,2:32:49,茨城県北部,36°49.9′N,140°32.0′E,8 km,3.6,震度２,36.83166667,140.5333333
2015/3/16,6:24:27,茨城県南部,36°18.5′N,140°01.6′E,72 km,3.3,震度１,36.30833333,140.0266667
2015/3/16,8:10:34,奈良県,34°25.5′N,135°52.7′E,9 km,2.4,震度１,34.425,135.8783333
2015/3/16,20:56:48,根室半島南東沖,43°23.2′N,145°54.8′E,65 km,4.3,震度３,43.38666667,145.9133333
2015/3/16,23:23:52,沖縄本島近海,26°48.0′N,128°14.6′E,54 km,4.5,震度３,26.8,128.2433333
2015/3/17,14:45:53,三陸沖,39°40.8′N,143°39.4′E,27 km,4.5,震度１,39.68,143.6566667
2015/3/17,18:25:55,石垣島近海,24°37.9′N,124°16.0′E,10 km,3.3,震度１,24.63166667,124.2666667
2015/3/17,18:36:55,与那国島近海,24°21.8′N,122°58.4′E,49 km,3.5,震度１,24.36333333,122.9733333
2015/3/17,23:48:27,千葉県北西部,35°46.8′N,139°59.6′E,93 km,3.8,震度１,35.78,139.9933333
2015/3/18,6:45:18,鳥取県西部,35°18.2′N,133°19.0′E,10 km,3,震度１,35.30333333,133.3166667
2015/3/18,9:08:33,秋田県内陸南部,39°31.5′N,140°24.7′E,8 km,2.2,震度１,39.525,140.4116667
2015/3/18,11:28:56,茨城県南部,36°04.2′N,139°53.1′E,46 km,3.6,震度２,36.07,139.885
2015/3/19,0:48:23,茨城県北部,36°22.7′N,140°35.4′E,51 km,3.2,震度１,36.37833333,140.59
2015/3/19,10:33:55,宮城県沖,38°31.6′N,141°49.0′E,50 km,4.8,震度３,38.52666667,141.8166667
2015/3/19,13:29:25,日向灘,32°04.5′N,132°03.9′E,25 km,3.7,震度１,32.075,132.065
2015/3/19,16:07:53,広島県北部,34°54.7′N,133°00.6′E,11 km,3.1,震度２,34.91166667,133.01
2015/3/20,1:56:03,茨城県南部,36°05.1′N,140°00.7′E,66 km,3.6,震度２,36.085,140.0116667
2015/3/20,6:29:43,宮城県沖,38°45.0′N,142°03.6′E,36 km,3.3,震度１,38.75,142.06
2015/3/20,8:30:18,三陸沖,39°41.6′N,143°38.8′E,31 km,4.6,震度１,39.69333333,143.6466667
2015/3/20,19:54:15,千葉県北東部,35°43.3′N,140°43.6′E,50 km,3.8,震度２,35.72166667,140.7266667
2015/3/20,20:25:39,千葉県北東部,35°50.8′N,140°32.5′E,38 km,2.8,震度１,35.84666667,140.5416667
2015/3/20,21:01:31,与那国島近海,24°30.5′N,122°51.6′E,71 km,4.4,震度１,24.50833333,122.86
2015/3/20,23:53:10,千葉県北東部,35°44.1′N,140°37.1′E,51 km,3.4,震度２,35.735,140.6183333
2015/3/21,3:07:00,石川県加賀地方,36°29.9′N,136°39.1′E,4 km,2.6,震度１,36.49833333,136.6516667
2015/3/21,14:27:16,東京湾,35°37.8′N,140°02.2′E,69 km,3.1,震度１,35.63,140.0366667
2015/3/22,4:58:31,福島県沖,37°18.1′N,142°21.7′E,28 km,4.6,震度１,37.30166667,142.3616667
2015/3/23,7:20:46,岐阜県美濃中西部,35°28.9′N,136°40.3′E,43 km,2.7,震度１,35.48166667,136.6716667
2015/3/23,13:31:45,岩手県沿岸南部,39°11.4′N,141°51.9′E,58 km,3.2,震度１,39.19,141.865
2015/3/23,19:13:51,台湾付近,23°42.8′N,121°41.6′E,37 km,5.8,震度１,23.71333333,121.6933333
2015/3/23,21:40:30,埼玉県南部,35°55.3′N,139°49.5′E,78 km,3.9,震度２,35.92166667,139.825
2015/3/23,22:56:49,岩手県沖,39°38.0′N,142°06.4′E,48 km,4.2,震度３,39.63333333,142.1066667
2015/3/24,1:06:11,長野県北部,36°48.1′N,137°53.9′E,3 km,3.8,震度４,36.80166667,137.8983333
2015/3/24,1:10:08,福岡県北西沖,33°42.6′N,130°15.3′E,12 km,3.1,震度１,33.71,130.255
2015/3/24,2:49:59,長野県北部,36°48.1′N,137°53.6′E,3 km,2.6,震度２,36.80166667,137.8933333
2015/3/24,8:42:58,茨城県沖,36°31.0′N,141°07.1′E,52 km,3.2,震度１,36.51666667,141.1183333
2015/3/24,11:59:12,岐阜県飛騨地方,35°39.7′N,137°07.8′E,8 km,2.5,震度１,35.66166667,137.13
2015/3/24,13:19:01,西表島付近,24°23.8′N,123°46.0′E,9 km,3,震度２,24.39666667,123.7666667
2015/3/24,13:53:25,茨城県南部,36°15.9′N,140°04.7′E,68 km,4.6,震度３,36.265,140.0783333
2015/3/24,14:50:02,長野県北部,36°48.4′N,137°53.9′E,3 km,2.5,震度１,36.80666667,137.8983333
2015/3/25,0:42:11,奄美大島近海,27°54.3′N,129°29.3′E,42 km,3.6,震度１,27.905,129.4883333
2015/3/25,2:17:23,熊本県熊本地方,32°58.9′N,130°51.2′E,6 km,3.1,震度２,32.98166667,130.8533333
2015/3/25,4:05:33,高知県東部,33°38.9′N,134°02.4′E,14 km,3.2,震度２,33.64833333,134.04
2015/3/25,9:34:29,十勝地方南部,42°21.1′N,143°05.7′E,50 km,5,震度３,42.35166667,143.095
2015/3/25,12:30:08,長野県北部,36°48.4′N,137°53.9′E,3 km,2.5,震度１,36.80666667,137.8983333
2015/3/25,15:30:02,国後島付近,43°39.4′N,145°54.6′E,115 km,3.9,震度２,43.65666667,145.91
2015/3/25,16:26:15,茨城県南部,36°08.0′N,139°49.5′E,50 km,3.8,震度３,36.13333333,139.825
2015/3/26,6:28:33,千葉県東方沖,35°47.0′N,140°54.9′E,13 km,4.2,震度３,35.78333333,140.915
2015/3/26,10:46:33,福島県沖,37°42.3′N,141°45.1′E,36 km,3.8,震度２,37.705,141.7516667
2015/3/26,11:51:45,岩手県内陸南部,39°12.2′N,140°55.5′E,138 km,3.9,震度１,39.20333333,140.925
2015/3/26,16:29:16,大阪府北部,34°56.5′N,135°31.6′E,7 km,2.8,震度２,34.94166667,135.5266667
2015/3/26,17:41:14,福島県沖,36°57.8′N,141°31.7′E,43 km,4.3,震度１,36.96333333,141.5283333
2015/3/26,18:24:01,岩手県沖,40°04.6′N,142°06.8′E,47 km,2.8,震度１,40.07666667,142.1133333
2015/3/27,2:28:28,宮城県沖,38°10.4′N,141°40.5′E,50 km,3.9,震度２,38.17333333,141.675
2015/3/27,4:14:03,茨城県北部,36°27.3′N,140°36.0′E,56 km,3.1,震度１,36.455,140.6
2015/3/27,12:04:08,関東東方沖,36°21.0′N,143°02.1′E,56 km,5.3,震度２,36.35,143.035
2015/3/27,13:50:03,宮城県沖,38°25.3′N,142°10.0′E,32 km,4,震度１,38.42166667,142.1666667
2015/3/27,17:01:02,福島県沖,37°29.8′N,141°30.5′E,42 km,3.7,震度１,37.49666667,141.5083333
2015/3/27,17:25:50,紀伊水道,34°03.2′N,135°07.1′E,7 km,2.8,震度１,34.05333333,135.1183333
2015/3/27,20:17:32,岩手県沿岸北部,39°40.4′N,141°33.6′E,109 km,3.5,震度１,39.67333333,141.56
2015/3/27,21:32:15,福島県沖,37°13.6′N,141°22.7′E,24 km,4.9,震度２,37.22666667,141.3783333
2015/3/27,23:39:36,福島県沖,37°14.1′N,141°24.6′E,24 km,5,震度２,37.235,141.41
2015/3/28,9:42:42,熊本県熊本地方,32°30.7′N,130°34.8′E,10 km,2.7,震度１,32.51166667,130.58
2015/3/28,11:05:31,宮城県沖,38°28.6′N,142°02.1′E,49 km,3.8,震度１,38.47666667,142.035
2015/3/28,11:18:26,福島県沖,37°14.7′N,141°23.0′E,23 km,3.7,震度１,37.245,141.3833333
2015/3/28,11:51:24,千葉県北西部,35°29.1′N,140°03.8′E,68 km,3.4,震度２,35.485,140.0633333
2015/3/28,16:18:13,山形県最上地方,38°54.4′N,140°21.3′E,6 km,3.4,震度３,38.90666667,140.355
2015/3/28,17:05:13,和歌山県北部,34°15.0′N,135°24.8′E,7 km,2.3,震度１,34.25,135.4133333
2015/3/29,3:53:57,紀伊水道,34°08.7′N,135°05.1′E,10 km,2.3,震度１,34.145,135.085
2015/3/29,11:25:58,空知地方南部,43°02.0′N,142°08.1′E,150 km,3.8,震度１,43.03333333,142.135
2015/3/29,12:23:23,鹿児島湾,31°25.8′N,130°36.8′E,136 km,4,震度１,31.43,130.6133333
2015/3/30,0:22:30,福島県中通り,37°03.8′N,140°33.5′E,10 km,3.3,震度１,37.06333333,140.5583333
2015/3/30,17:32:06,茨城県沖,36°12.3′N,141°00.1′E,44 km,3.2,震度１,36.205,141.0016667
2015/3/30,18:49:35,茨城県沖,36°12.3′N,141°00.1′E,44 km,3.1,震度１,36.205,141.0016667
2015/3/30,20:07:44,福岡県北西沖,33°42.9′N,130°15.5′E,11 km,3.4,震度１,33.715,130.2583333
2015/3/31,5:07:39,沖縄本島近海,26°57.2′N,128°26.0′E,43 km,4,震度２,26.95333333,128.4333333
2015/3/31,6:33:12,茨城県南部,36°02.1′N,139°53.9′E,44 km,3.3,震度１,36.035,139.8983333
2015/3/31,7:27:46,鹿児島湾,31°33.4′N,130°37.5′E,6 km,2.8,震度１,31.55666667,130.625
2015/3/31,12:59:58,茨城県北部,36°27.1′N,140°36.4′E,56 km,3.9,震度２,36.45166667,140.6066667
2015/3/31,14:09:11,岐阜県飛騨地方,36°03.1′N,137°20.4′E,10 km,2.7,震度１,36.05166667,137.34
2015/3/31,23:33:55,千葉県北東部,35°43.5′N,140°51.1′E,9 km,3.3,震度１,35.725,140.8516667
2015/4/1,6:44:23,茨城県南部,36°10.7′N,140°04.2′E,66 km,3,震度１,36.17833333,140.07
2015/4/1,10:08:18,茨城県南部,36°11.3′N,139°47.3′E,54 km,3,震度１,36.18833333,139.7883333
2015/4/1,22:45:05,和歌山県北部,34°15.6′N,135°11.9′E,7 km,2.4,震度１,34.26,135.1983333
2015/4/2,7:11:17,新潟県上越地方,37°01.4′N,138°23.1′E,14 km,2.6,震度２,37.02333333,138.385
2015/4/2,17:08:16,茨城県北部,36°14.9′N,140°25.6′E,64 km,3.1,震度１,36.24833333,140.4266667
2015/4/3,4:04:43,宮城県沖,38°36.5′N,142°00.2′E,52 km,4.6,震度３,38.60833333,142.0033333
2015/4/4,15:32:07,浦河沖,42°27.5′N,142°09.5′E,15 km,3.3,震度２,42.45833333,142.1583333
2015/4/4,23:59:04,岩手県沖,40°12.3′N,142°19.5′E,37 km,3.8,震度１,40.205,142.325
2015/4/5,8:37:30,茨城県沖,36°20.5′N,140°59.3′E,40 km,3.4,震度１,36.34166667,140.9883333
2015/4/5,12:45:48,福島県浜通り,37°07.9′N,140°51.4′E,99 km,3.9,震度２,37.13166667,140.8566667
2015/4/5,22:34:27,長野県南部,35°53.9′N,138°07.4′E,9 km,2.9,震度１,35.89833333,138.1233333
2015/4/6,12:29:52,浦河沖,41°58.2′N,143°01.8′E,44 km,3.7,震度１,41.97,143.03
2015/4/6,13:58:43,釧路沖,42°58.8′N,145°26.0′E,47 km,4.3,震度３,42.98,145.4333333
2015/4/6,14:36:00,長野県北部,36°35.0′N,137°54.9′E,10 km,1.8,震度１,36.58333333,137.915
2015/4/6,20:37:31,与那国島近海,24°23.8′N,122°40.4′E,80 km,4.5,震度１,24.39666667,122.6733333
2015/4/7,0:48:04,岩手県沿岸北部,39°45.3′N,141°50.9′E,58 km,3.6,震度１,39.755,141.8483333
2015/4/7,1:50:57,長野県南部,35°51.6′N,137°38.4′E,8 km,2.3,震度１,35.86,137.64
2015/4/7,20:33:41,千葉県北東部,35°25.2′N,140°21.3′E,31 km,3.5,震度３,35.42,140.355
2015/4/8,8:51:26,愛媛県南予,33°36.1′N,132°32.0′E,47 km,4.1,震度３,33.60166667,132.5333333
2015/4/8,14:54:46,京都府沖,35°41.1′N,134°58.3′E,11 km,2.8,震度１,35.685,134.9716667
2015/4/8,18:10:02,岩手県沖,39°06.6′N,142°07.3′E,45 km,3.7,震度１,39.11,142.1216667
2015/4/8,23:04:29,日高地方東部,42°14.4′N,142°44.9′E,36 km,3.5,震度１,42.24,142.7483333
2015/4/9,4:03:48,大阪府北部,34°57.5′N,135°24.4′E,10 km,2.7,震度１,34.95833333,135.4066667
2015/4/9,9:16:32,長野県北部,36°45.3′N,137°52.9′E,4 km,2.7,震度１,36.755,137.8816667
2015/4/9,18:29:58,青森県東方沖,41°32.9′N,142°03.7′E,66 km,3.7,震度１,41.54833333,142.0616667
2015/4/9,22:01:05,新潟県中越地方,37°08.5′N,138°38.4′E,9 km,2.2,震度２,37.14166667,138.64
2015/4/9,22:45:15,福島県沖,37°15.3′N,141°06.0′E,27 km,3.1,震度１,37.255,141.1
2015/4/9,23:52:27,岩手県沖,40°25.5′N,142°16.5′E,49 km,3.8,震度１,40.425,142.275
2015/4/10,7:36:31,茨城県南部,36°03.4′N,139°53.7′E,44 km,3,震度１,36.05666667,139.895
2015/4/10,18:04:45,岩手県沖,40°00.3′N,142°24.1′E,19 km,3.6,震度１,40.005,142.4016667
2015/4/10,23:35:32,父島近海,27°30.0′N,142°25.9′E,42 km,4.4,震度１,27.5,142.4316667
2015/4/11,0:09:56,宮城県沖,38°58.8′N,142°05.5′E,35 km,3.5,震度１,38.98,142.0916667
2015/4/11,2:18:56,福島県沖,36°54.1′N,141°27.4′E,61 km,3.9,震度１,36.90166667,141.4566667
2015/4/11,16:45:11,青森県東方沖,41°02.0′N,142°49.6′E,24 km,4.3,震度１,41.03333333,142.8266667
2015/4/12,4:56:17,天草灘,32°16.5′N,129°51.3′E,13 km,3.9,震度２,32.275,129.855
2015/4/12,6:42:59,岩手県沖,40°22.6′N,142°16.4′E,40 km,3.7,震度１,40.37666667,142.2733333
2015/4/12,13:33:17,宮城県沖,38°18.7′N,141°49.6′E,47 km,4.3,震度２,38.31166667,141.8266667
2015/4/12,14:25:17,福島県沖,36°52.0′N,141°03.6′E,51 km,3.9,震度２,36.86666667,141.06
2015/4/12,15:25:15,群馬県南部,36°22.8′N,138°55.4′E,144 km,4.3,震度２,36.38,138.9233333
2015/4/12,19:28:46,千葉県東方沖,35°33.8′N,141°03.2′E,37 km,3.7,震度１,35.56333333,141.0533333
2015/4/13,2:19:21,岐阜県飛騨地方,36°03.6′N,137°33.4′E,7 km,2.6,震度１,36.06,137.5566667
2015/4/13,4:25:04,福島県沖,37°13.3′N,143°41.5′E,56 km,5.2,震度１,37.22166667,143.6916667
2015/4/13,7:17:09,和歌山県北部,34°02.1′N,135°15.1′E,4 km,3.3,震度３,34.035,135.2516667
2015/4/13,7:21:24,大阪府北部,34°57.5′N,135°24.5′E,10 km,3.1,震度２,34.95833333,135.4083333
2015/4/13,17:23:56,岩手県沖,40°12.4′N,142°20.1′E,38 km,4.2,震度２,40.20666667,142.335
2015/4/14,5:00:22,茨城県南部,36°00.1′N,139°55.9′E,41 km,2.9,震度１,36.00166667,139.9316667
2015/4/14,15:57:34,長野県南部,35°43.0′N,138°09.8′E,23 km,2.8,震度１,35.71666667,138.1633333
2015/4/14,16:00:53,福島県沖,37°08.1′N,141°12.2′E,25 km,3.8,震度１,37.135,141.2033333
2015/4/14,21:46:46,福島県中通り,37°02.8′N,140°15.9′E,5 km,2.7,震度１,37.04666667,140.265
2015/4/14,22:50:19,青森県東方沖,40°36.3′N,142°41.4′E,28 km,3.7,震度１,40.605,142.69
2015/4/15,11:17:23,宮城県沖,38°52.0′N,141°38.1′E,61 km,3.3,震度１,38.86666667,141.635
2015/4/15,11:19:31,福島県会津,36°55.2′N,139°24.0′E,5 km,2.5,震度１,36.92,139.4
2015/4/16,1:58:25,宮城県沖,38°27.3′N,141°51.7′E,50 km,3.9,震度２,38.455,141.8616667
2015/4/16,2:10:41,宮城県沖,38°46.9′N,142°03.7′E,35 km,4,震度２,38.78166667,142.0616667
2015/4/16,4:55:01,三陸沖,39°21.2′N,143°38.3′E,45 km,5.1,震度２,39.35333333,143.6383333
2015/4/16,5:16:50,宮城県沖,38°28.0′N,142°07.3′E,40 km,4.1,震度１,38.46666667,142.1216667
2015/4/16,11:49:26,福島県会津,37°03.6′N,139°20.7′E,8 km,2.7,震度２,37.06,139.345
2015/4/16,14:04:45,福井県嶺南,35°26.5′N,135°51.9′E,13 km,3.1,震度２,35.44166667,135.865
2015/4/16,15:40:54,千葉県東方沖,35°26.4′N,140°29.4′E,56 km,3.4,震度１,35.44,140.49
2015/4/16,16:38:50,茨城県沖,36°38.4′N,140°56.4′E,49 km,4,震度３,36.64,140.94
2015/4/16,17:17:29,豊後水道,33°00.9′N,132°03.4′E,44 km,4,震度２,33.015,132.0566667
2015/4/18,0:22:34,父島近海,27°14.6′N,142°27.5′E,72 km,4.2,震度１,27.24333333,142.4583333
2015/4/18,0:51:22,千葉県東方沖,35°44.6′N,140°54.4′E,11 km,3.2,震度１,35.74333333,140.9066667
2015/4/18,18:34:54,日向灘,32°01.1′N,132°08.6′E,18 km,4.5,震度２,32.01833333,132.1433333
2015/4/18,23:18:41,日向灘,32°01.9′N,132°07.6′E,24 km,3.9,震度１,32.03166667,132.1266667
2015/4/19,0:33:01,新潟県中越地方,36°57.8′N,138°36.7′E,7 km,2.3,震度１,36.96333333,138.6116667
2015/4/19,3:01:58,日向灘,32°01.8′N,132°07.0′E,21 km,3.5,震度１,32.03,132.1166667
2015/4/19,4:02:20,父島近海,26°19.7′N,142°05.1′E,47 km,,震度１,26.32833333,142.085
2015/4/19,8:02:09,茨城県南部,36°19.6′N,139°56.4′E,77 km,3.6,震度１,36.32666667,139.94
2015/4/19,14:40:10,熊本県熊本地方,33°01.1′N,130°55.8′E,10 km,2.5,震度１,33.01833333,130.93
2015/4/19,23:47:21,福島県沖,37°24.2′N,141°13.0′E,33 km,3.1,震度１,37.40333333,141.2166667
2015/4/20,1:00:06,愛知県東部,34°39.3′N,137°20.5′E,37 km,3.3,震度２,34.655,137.3416667
2015/4/20,10:42:28,埼玉県北部,36°05.6′N,139°24.2′E,67 km,3.6,震度１,36.09333333,139.4033333
2015/4/20,10:42:56,与那国島近海,23°57.3′N,122°25.6′E,22 km,6.8,震度４,23.955,122.4266667
2015/4/20,10:49:11,与那国島近海,23°59.9′N,122°27.8′E,24 km,5.4,震度１,23.99833333,122.4633333
2015/4/20,15:16:04,茨城県北部,36°42.4′N,140°38.3′E,6 km,2.9,震度１,36.70666667,140.6383333
2015/4/20,20:45:13,与那国島近海,23°57.4′N,122°28.5′E,21 km,6,震度３,23.95666667,122.475
2015/4/20,20:59:59,与那国島近海,23°56.0′N,122°29.1′E,21 km,6.4,震度２,23.93333333,122.485
2015/4/21,5:15:50,石川県西方沖,36°56.7′N,136°43.1′E,8 km,3.1,震度２,36.945,136.7183333
2015/4/21,17:54:42,岩手県沖,39°36.2′N,141°58.0′E,61 km,3.8,震度１,39.60333333,141.9666667
2015/4/21,18:51:12,与那国島近海,24°34.8′N,122°41.5′E,21 km,4.2,震度１,24.58,122.6916667
2015/4/21,21:33:32,宮城県沖,38°19.3′N,141°50.7′E,47 km,3.5,震度１,38.32166667,141.845
2015/4/22,5:25:49,和歌山県北部,34°07.8′N,135°21.2′E,6 km,2.8,震度２,34.13,135.3533333
2015/4/22,12:45:03,土佐湾,33°18.7′N,133°16.1′E,30 km,3.1,震度１,33.31166667,133.2683333
2015/4/22,16:37:21,千葉県東方沖,35°47.5′N,140°55.2′E,14 km,3.6,震度１,35.79166667,140.92
2015/4/22,17:37:04,茨城県北部,36°42.3′N,140°37.8′E,6 km,2.6,震度２,36.705,140.63
2015/4/22,18:11:40,千葉県南部,35°09.7′N,140°11.4′E,11 km,2.6,震度１,35.16166667,140.19
2015/4/22,20:32:06,茨城県北部,36°42.1′N,140°38.3′E,6 km,2.9,震度２,36.70166667,140.6383333
2015/4/23,2:23:53,茨城県沖,36°37.2′N,140°58.4′E,47 km,3.9,震度２,36.62,140.9733333
2015/4/23,5:51:15,鹿児島県大隅地方,31°28.0′N,130°59.3′E,63 km,2.9,震度１,31.46666667,130.9883333
2015/4/23,6:32:08,福島県沖,37°03.4′N,141°12.0′E,50 km,3.7,震度２,37.05666667,141.2
2015/4/23,9:52:32,長野県北部,36°45.6′N,138°32.4′E,1 km,2.1,震度１,36.76,138.54
2015/4/23,11:14:44,東京湾,35°34.9′N,140°05.6′E,65 km,3.2,震度１,35.58166667,140.0933333
2015/4/23,15:03:04,宮城県沖,38°41.9′N,141°47.9′E,53 km,3,震度１,38.69833333,141.7983333
2015/4/23,19:14:32,伊豆大島近海,34°45.0′N,139°19.0′E,4 km,2.6,震度１,34.75,139.3166667
2015/4/23,19:17:58,宮城県沖,38°37.6′N,141°55.1′E,49 km,4.2,震度２,38.62666667,141.9183333
2015/4/23,21:23:43,浦河沖,41°55.8′N,142°20.4′E,69 km,4.4,震度２,41.93,142.34
2015/4/23,22:15:33,青森県下北地方,41°19.0′N,141°12.1′E,7 km,3.8,震度４,41.31666667,141.2016667
2015/4/24,3:27:36,新潟県中越地方,37°09.2′N,138°51.4′E,16 km,3.9,震度２,37.15333333,138.8566667
2015/4/24,11:59:42,埼玉県南部,35°59.1′N,139°31.3′E,96 km,3.8,震度１,35.985,139.5216667
2015/4/24,12:28:03,長野県北部,36°47.1′N,138°32.6′E,0 km,2.5,震度１,36.785,138.5433333
2015/4/24,16:46:56,長野県南部,35°48.6′N,137°28.4′E,9 km,2.6,震度１,35.81,137.4733333
2015/4/25,3:23:39,茨城県沖,36°26.5′N,141°00.7′E,45 km,3.8,震度１,36.44166667,141.0116667
2015/4/25,4:29:47,宮城県沖,38°54.9′N,142°06.6′E,44 km,3.8,震度１,38.915,142.11
2015/4/25,12:11:20,兵庫県南西部,34°57.1′N,134°35.6′E,14 km,3.2,震度１,34.95166667,134.5933333
2015/4/25,15:35:46,八丈島東方沖,32°58.0′N,140°32.8′E,81 km,5.1,震度２,32.96666667,140.5466667
2015/4/25,23:16:32,豊後水道,33°22.2′N,132°18.8′E,44 km,3.1,震度１,33.37,132.3133333
2015/4/26,2:18:54,和歌山県北部,33°57.1′N,135°17.7′E,8 km,2.5,震度１,33.95166667,135.295
2015/4/26,2:46:39,福島県会津,36°57.9′N,139°22.4′E,4 km,2.4,震度２,36.965,139.3733333
2015/4/26,5:01:37,与那国島近海,23°53.9′N,122°29.0′E,21 km,5.6,震度２,23.89833333,122.4833333
2015/4/26,6:16:59,島根県西部,34°50.7′N,132°33.7′E,17 km,4,震度２,34.845,132.5616667
2015/4/26,6:41:57,岩手県沖,39°02.8′N,142°21.2′E,35 km,3.5,震度１,39.04666667,142.3533333
2015/4/26,12:38:34,岩手県内陸北部,40°20.1′N,141°35.9′E,113 km,3.9,震度２,40.335,141.5983333
2015/4/26,21:12:11,宮城県沖,38°11.0′N,141°46.0′E,57 km,3.9,震度１,38.18333333,141.7666667
2015/4/26,22:08:43,栃木県北部,36°52.6′N,139°31.4′E,7 km,2.6,震度１,36.87666667,139.5233333
2015/4/26,22:12:21,宮城県沖,38°42.9′N,141°40.5′E,52 km,3.1,震度１,38.715,141.675
2015/4/26,23:42:18,岩手県沖,40°17.5′N,142°17.2′E,38 km,3.7,震度１,40.29166667,142.2866667
2015/4/27,1:41:04,長野県北部,36°41.1′N,138°06.2′E,1 km,1.7,震度２,36.685,138.1033333
2015/4/27,3:46:09,長野県北部,36°38.9′N,137°47.6′E,0 km,2.2,震度１,36.64833333,137.7933333
2015/4/27,7:00:59,茨城県沖,36°33.2′N,140°53.1′E,50 km,3.3,震度１,36.55333333,140.885
2015/4/27,20:13:45,茨城県北部,36°37.6′N,140°31.7′E,10 km,2.9,震度２,36.62666667,140.5283333
2015/4/28,10:17:45,奄美大島近海,28°29.1′N,129°23.1′E,8 km,2.9,震度１,28.485,129.385
2015/4/29,2:49:50,根室半島南東沖,43°11.9′N,145°52.2′E,51 km,4.1,震度２,43.19833333,145.87
2015/4/29,2:49:58,山梨県中・西部,35°16.8′N,138°28.9′E,17 km,2.2,震度１,35.28,138.4816667
2015/4/29,6:09:41,宮古島近海,24°43.7′N,125°24.5′E,45 km,3.5,震度１,24.72833333,125.4083333
2015/4/29,9:26:52,沖縄本島近海,26°00.8′N,128°33.0′E,42 km,5.1,震度１,26.01333333,128.55
2015/4/29,23:11:59,静岡県西部,35°04.4′N,137°59.8′E,19 km,2.9,震度１,35.07333333,137.9966667
2015/4/30,1:09:50,岩手県沖,40°03.5′N,142°52.7′E,24 km,5.4,震度３,40.05833333,142.8783333
2015/4/30,4:44:22,石垣島近海,24°25.2′N,124°13.1′E,15 km,3.9,震度２,24.42,124.2183333
2015/4/30,7:06:56,愛知県東部,34°51.0′N,137°32.7′E,33 km,2.3,震度１,34.85,137.545
2015/4/30,9:42:59,浦河沖,42°02.3′N,142°36.4′E,63 km,3.7,震度１,42.03833333,142.6066667
2015/4/30,16:33:40,岩手県沖,40°22.4′N,142°16.5′E,40 km,3.6,震度１,40.37333333,142.275
2015/4/30,23:54:18,浦河沖,42°05.2′N,142°35.8′E,51 km,4.2,震度２,42.08666667,142.5966667
2015/5/1,5:15:55,新潟県中越地方,37°01.2′N,138°40.3′E,6 km,2.5,震度２,37.02,138.6716667
2015/5/1,5:39:20,長野県中部,36°14.8′N,138°01.6′E,4 km,2,震度１,36.24666667,138.0266667
2015/5/1,14:05:06,秋田県内陸南部,39°36.2′N,140°33.0′E,7 km,3,震度１,39.60333333,140.55
2015/5/1,15:34:41,岩手県沖,39°06.0′N,142°12.3′E,43 km,3.8,震度２,39.1,142.205
2015/5/1,23:41:39,福島県会津,36°57.9′N,139°22.4′E,4 km,1.7,震度１,36.965,139.3733333
2015/5/2,1:56:39,青森県東方沖,40°54.6′N,143°11.4′E,17 km,4.9,震度２,40.91,143.19
2015/5/2,2:47:53,青森県東方沖,40°54.7′N,143°08.8′E,18 km,4.3,震度１,40.91166667,143.1466667
2015/5/2,14:59:37,宮城県沖,38°55.2′N,141°55.7′E,51 km,4,震度２,38.92,141.9283333
2015/5/2,16:36:24,青森県三八上北地方,40°34.3′N,141°26.9′E,85 km,3.1,震度１,40.57166667,141.4483333
2015/5/3,13:02:52,福島県沖,37°30.4′N,141°34.6′E,45 km,5,震度３,37.50666667,141.5766667
2015/5/3,15:54:00,茨城県南部,36°04.1′N,139°53.0′E,46 km,4.4,震度３,36.06833333,139.8833333
2015/5/3,17:54:02,福島県中通り,37°06.1′N,140°35.8′E,11 km,3.2,震度１,37.10166667,140.5966667
2015/5/3,18:58:24,宮城県沖,38°38.2′N,141°54.2′E,48 km,3.6,震度１,38.63666667,141.9033333
2015/5/3,21:21:29,種子島近海,30°35.9′N,131°06.8′E,31 km,3,震度１,30.59833333,131.1133333
2015/5/3,22:07:01,熊本県阿蘇地方,32°52.3′N,131°05.6′E,0 km,0.9,震度１,32.87166667,131.0933333
2015/5/3,22:09:08,与那国島近海,23°57.5′N,122°26.3′E,21 km,4.8,震度１,23.95833333,122.4383333
2015/5/3,23:30:17,群馬県南部,36°09.3′N,138°47.0′E,145 km,4.7,震度２,36.155,138.7833333
2015/5/4,10:42:34,岩手県沿岸南部,39°15.4′N,141°50.3′E,15 km,3.5,震度２,39.25666667,141.8383333
2015/5/4,17:13:42,浦河沖,41°42.4′N,142°46.5′E,43 km,4.1,震度１,41.70666667,142.775
2015/5/5,1:40:50,神奈川県東部,35°22.7′N,139°22.3′E,20 km,2.5,震度１,35.37833333,139.3716667
2015/5/5,6:22:30,神奈川県西部,35°14.6′N,139°01.3′E,0 km,2.2,震度１,35.24333333,139.0216667
2015/5/5,6:56:56,神奈川県西部,35°14.6′N,139°01.1′E,0 km,2.6,震度１,35.24333333,139.0183333
2015/5/5,15:41:39,茨城県北部,36°47.9′N,140°33.2′E,9 km,3.3,震度１,36.79833333,140.5533333
2015/5/5,16:10:41,茨城県北部,36°47.9′N,140°33.3′E,8 km,3.2,震度１,36.79833333,140.555
2015/5/5,16:26:02,滋賀県北部,35°17.3′N,135°53.8′E,14 km,2.7,震度１,35.28833333,135.8966667
2015/5/5,21:13:36,神奈川県西部,35°13.4′N,139°01.4′E,5 km,2.6,震度１,35.22333333,139.0233333
2015/5/6,9:44:25,福島県沖,37°27.4′N,141°34.9′E,44 km,3.5,震度１,37.45666667,141.5816667
2015/5/6,22:41:10,長野県北部,36°48.6′N,137°53.7′E,3 km,3,震度２,36.81,137.895
2015/5/6,23:48:51,宮城県沖,38°28.2′N,141°54.0′E,60 km,3.8,震度２,38.47,141.9
2015/5/7,1:46:55,伊勢湾,34°57.7′N,136°40.4′E,14 km,2.3,震度１,34.96166667,136.6733333
2015/5/7,2:48:01,東京都２３区,35°43.1′N,139°38.7′E,31 km,3,震度２,35.71833333,139.645
2015/5/7,14:32:23,沖縄本島近海,26°18.4′N,127°20.7′E,45 km,3.8,震度２,26.30666667,127.345
2015/5/8,12:58:00,熊本県阿蘇地方,32°52.3′N,131°05.7′E,1 km,1.7,震度３,32.87166667,131.095
2015/5/8,15:29:18,宮城県沖,38°37.3′N,142°25.0′E,37 km,4.5,震度２,38.62166667,142.4166667
2015/5/8,16:51:11,千葉県南部,35°23.2′N,139°58.5′E,45 km,3.5,震度２,35.38666667,139.975
2015/5/8,20:38:34,茨城県沖,36°18.5′N,140°54.7′E,37 km,3.2,震度１,36.30833333,140.9116667
2015/5/10,4:15:45,岩手県沖,39°38.1′N,142°06.5′E,48 km,3.9,震度２,39.635,142.1083333
2015/5/10,17:00:10,神奈川県西部,35°14.0′N,139°01.6′E,3 km,2.3,震度１,35.23333333,139.0266667
2015/5/10,17:40:16,沖縄本島近海,26°07.7′N,127°28.7′E,19 km,2.7,震度１,26.12833333,127.4783333
2015/5/10,17:53:36,神奈川県西部,35°13.7′N,139°01.8′E,3 km,2,震度１,35.22833333,139.03
2015/5/10,18:07:29,神奈川県西部,35°14.0′N,139°01.3′E,3 km,3,震度２,35.23333333,139.0216667
2015/5/10,18:15:19,神奈川県西部,35°13.9′N,139°01.5′E,3 km,1.8,震度１,35.23166667,139.025
2015/5/10,18:22:44,神奈川県西部,35°13.8′N,139°01.5′E,2 km,1.5,震度１,35.23,139.025
2015/5/10,19:39:47,神奈川県西部,35°13.3′N,139°01.9′E,4 km,2.3,震度１,35.22166667,139.0316667
2015/5/10,22:39:29,群馬県南部,36°20.3′N,138°51.4′E,11 km,3,震度２,36.33833333,138.8566667
2015/5/11,3:16:52,栃木県北部,36°56.5′N,139°47.8′E,8 km,2.8,震度２,36.94166667,139.7966667
2015/5/11,14:15:12,神奈川県西部,35°13.7′N,139°01.2′E,1 km,1.4,震度１,35.22833333,139.02
2015/5/11,20:37:34,岩手県内陸北部,39°51.8′N,140°48.8′E,5 km,3.2,震度１,39.86333333,140.8133333
2015/5/12,5:07:41,日高地方中部,42°30.3′N,142°52.7′E,64 km,3.7,震度１,42.505,142.8783333
2015/5/12,7:10:48,沖縄本島近海,27°03.4′N,127°45.7′E,13 km,3.8,震度１,27.05666667,127.7616667
2015/5/12,11:31:25,浦河沖,42°01.6′N,142°35.4′E,64 km,3.7,震度１,42.02666667,142.59
2015/5/12,14:03:01,神奈川県西部,35°13.1′N,139°01.3′E,5 km,2.1,震度１,35.21833333,139.0216667
2015/5/12,16:51:44,宮城県沖,37°56.5′N,142°41.6′E,34 km,4.5,震度１,37.94166667,142.6933333
2015/5/12,17:24:54,長野県北部,36°47.1′N,137°56.3′E,7 km,3.1,震度２,36.785,137.9383333
2015/5/12,19:32:23,千葉県南部,35°11.4′N,139°52.9′E,35 km,3.3,震度１,35.19,139.8816667
2015/5/13,2:36:27,和歌山県北部,34°05.7′N,135°11.7′E,5 km,3,震度２,34.095,135.195
2015/5/13,6:12:58,宮城県沖,38°51.7′N,142°09.0′E,46 km,6.8,震度５強,38.86166667,142.15
2015/5/13,11:19:30,長野県北部,36°38.7′N,137°54.5′E,11 km,2.6,震度２,36.645,137.9083333
2015/5/13,11:47:22,西表島付近,23°56.8′N,123°35.4′E,33 km,4.4,震度２,23.94666667,123.59
2015/5/13,22:45:11,茨城県北部,36°33.8′N,140°29.1′E,51 km,4.2,震度３,36.56333333,140.485
2015/5/13,23:10:09,種子島近海,30°52.2′N,130°15.8′E,150 km,3.9,震度１,30.87,130.2633333
2015/5/14,6:17:41,千葉県東方沖,35°43.3′N,140°59.4′E,35 km,3.4,震度１,35.72166667,140.99
2015/5/14,9:33:44,網走沖,44°18.5′N,144°03.1′E,9 km,3.9,震度１,44.30833333,144.0516667
2015/5/14,10:11:54,岩手県沖,39°13.3′N,142°27.7′E,31 km,4,震度１,39.22166667,142.4616667
2015/5/14,10:51:26,網走沖,44°18.9′N,144°03.4′E,8 km,4.3,震度２,44.315,144.0566667
2015/5/15,4:11:09,茨城県沖,36°19.9′N,140°56.4′E,46 km,3.6,震度１,36.33166667,140.94
2015/5/15,11:47:23,神奈川県西部,35°14.5′N,139°01.7′E,3 km,2.4,震度１,35.24166667,139.0283333
2015/5/15,12:30:36,福島県沖,37°03.7′N,141°10.8′E,51 km,5,震度４,37.06166667,141.18
2015/5/15,14:02:48,神奈川県西部,35°14.0′N,138°59.9′E,2 km,2.4,震度１,35.23333333,138.9983333
2015/5/15,14:03:57,神奈川県西部,35°14.0′N,139°00.0′E,3 km,2.8,震度１,35.23333333,139
2015/5/15,14:23:14,神奈川県西部,35°14.8′N,139°01.3′E,3 km,2,震度１,35.24666667,139.0216667
2015/5/15,17:25:01,茨城県南部,36°00.0′N,140°13.2′E,42 km,3.1,震度１,36,140.22
2015/5/15,18:40:42,宮城県沖,38°51.9′N,142°08.1′E,43 km,3.9,震度１,38.865,142.135
2015/5/15,20:25:18,神奈川県西部,35°13.7′N,139°00.6′E,1 km,2.2,震度１,35.22833333,139.01
2015/5/15,21:00:42,神奈川県西部,35°14.8′N,139°01.5′E,2 km,2.5,震度１,35.24666667,139.025
2015/5/16,0:41:58,山口県北西沖,34°08.3′N,130°47.7′E,13 km,2.9,震度１,34.13833333,130.795
2015/5/16,2:30:12,茨城県北部,36°46.8′N,140°34.4′E,7 km,2.9,震度１,36.78,140.5733333
2015/5/16,22:33:57,徳島県南部,33°45.2′N,134°16.2′E,8 km,2.6,震度１,33.75333333,134.27
2015/5/17,2:42:40,網走沖,44°18.3′N,144°02.7′E,10 km,3.5,震度１,44.305,144.045
2015/5/17,3:59:05,駿河湾,34°39.4′N,138°33.7′E,20 km,2.9,震度１,34.65666667,138.5616667
2015/5/17,5:39:49,宮城県沖,38°48.3′N,142°06.9′E,44 km,3.9,震度２,38.805,142.115
2015/5/17,6:41:27,岩手県沿岸北部,39°39.1′N,141°55.0′E,16 km,4.4,震度３,39.65166667,141.9166667
2015/5/17,8:29:18,十勝沖,42°28.9′N,143°30.2′E,59 km,3.6,震度１,42.48166667,143.5033333
2015/5/17,10:48:00,茨城県北部,36°23.3′N,140°33.8′E,53 km,2.9,震度１,36.38833333,140.5633333
2015/5/18,1:02:47,留萌地方中北部,44°21.0′N,141°44.3′E,0 km,2,震度１,44.35,141.7383333
2015/5/18,1:33:18,鳥島近海,31°53.0′N,138°21.6′E,3 km,4.7,震度１,31.88333333,138.36
2015/5/18,2:28:39,根室半島南東沖,43°14.2′N,146°37.5′E,50 km,3.9,震度１,43.23666667,146.625
2015/5/18,10:15:47,北見地方,43°39.9′N,143°13.5′E,11 km,2.7,震度１,43.665,143.225
2015/5/18,11:51:14,神奈川県西部,35°13.9′N,139°00.2′E,2 km,2.7,震度１,35.23166667,139.0033333
2015/5/19,6:05:09,茨城県北部,36°44.6′N,140°34.2′E,9 km,3.5,震度３,36.74333333,140.57
2015/5/19,6:07:23,茨城県北部,36°44.9′N,140°34.8′E,10 km,3.2,震度１,36.74833333,140.58
2015/5/19,12:33:01,日向灘,31°53.4′N,131°49.7′E,26 km,3.2,震度１,31.89,131.8283333
2015/5/19,15:13:21,新島・神津島近海,34°30.4′N,139°13.4′E,13 km,3.7,震度３,34.50666667,139.2233333
2015/5/20,0:17:24,岩手県沖,39°04.5′N,142°26.4′E,35 km,3.8,震度１,39.075,142.44
2015/5/20,2:17:40,宮城県沖,38°53.3′N,141°58.3′E,49 km,4,震度２,38.88833333,141.9716667
2015/5/20,11:03:59,宮城県沖,38°32.0′N,141°43.0′E,54 km,3.7,震度１,38.53333333,141.7166667
2015/5/20,19:06:23,茨城県沖,35°56.5′N,141°02.7′E,19 km,3.7,震度１,35.94166667,141.045
2015/5/20,21:18:25,宮城県沖,38°14.2′N,141°41.8′E,51 km,3.7,震度１,38.23666667,141.6966667
2015/5/20,22:07:06,千葉県北東部,35°23.4′N,140°18.4′E,27 km,3.4,震度３,35.39,140.3066667
2015/5/21,0:50:06,宮城県沖,38°44.9′N,142°14.8′E,44 km,3.6,震度２,38.74833333,142.2466667
2015/5/21,1:25:20,千葉県北西部,35°40.8′N,140°07.7′E,65 km,3.4,震度１,35.68,140.1283333
2015/5/21,4:08:01,栃木県北部,36°38.6′N,139°20.7′E,8 km,2.9,震度１,36.64333333,139.345
2015/5/21,5:09:45,宮城県沖,38°44.7′N,142°14.4′E,39 km,3.7,震度１,38.745,142.24
2015/5/21,13:47:56,宮城県沖,38°55.5′N,141°55.4′E,51 km,3.8,震度１,38.925,141.9233333
2015/5/21,17:08:14,長野県北部,36°39.4′N,138°06.8′E,2 km,1.8,震度２,36.65666667,138.1133333
2015/5/21,22:40:31,和歌山県北部,34°11.6′N,135°23.6′E,7 km,3.3,震度２,34.19333333,135.3933333
2015/5/22,7:41:16,茨城県南部,36°04.2′N,139°50.3′E,45 km,2.7,震度１,36.07,139.8383333
2015/5/22,10:08:24,苫小牧沖,41°55.3′N,141°20.5′E,125 km,3.8,震度１,41.92166667,141.3416667
2015/5/22,14:44:32,沖縄本島近海,26°39.8′N,127°47.5′E,45 km,3.6,震度２,26.66333333,127.7916667
2015/5/22,22:28:46,奄美大島近海,28°33.7′N,129°37.2′E,21 km,5.1,震度５弱,28.56166667,129.62
2015/5/22,23:58:43,福島県沖,37°40.5′N,141°44.3′E,47 km,3.7,震度１,37.675,141.7383333
2015/5/23,8:00:37,種子島近海,30°26.8′N,130°11.2′E,0 km,2.3,震度３,30.44666667,130.1866667
2015/5/23,11:46:03,沖縄本島近海,26°29.5′N,127°07.6′E,10 km,3.3,震度１,26.49166667,127.1266667
2015/5/23,21:49:32,日高地方中部,42°16.3′N,142°31.2′E,72 km,3.4,震度１,42.27166667,142.52
2015/5/24,0:42:07,宮城県北部,38°51.7′N,140°50.7′E,8 km,2.8,震度１,38.86166667,140.845
2015/5/24,3:37:18,岩手県沿岸南部,39°29.9′N,141°43.6′E,12 km,3.1,震度１,39.49833333,141.7266667
2015/5/24,6:23:39,三重県南東沖,34°04.3′N,136°14.2′E,32 km,3.2,震度１,34.07166667,136.2366667
2015/5/24,6:41:24,千葉県東方沖,35°38.6′N,141°02.4′E,20 km,4,震度２,35.64333333,141.04
2015/5/24,10:18:08,兵庫県南東部,34°47.1′N,135°21.8′E,11 km,2.8,震度１,34.785,135.3633333
2015/5/24,20:59:27,東京湾,35°28.3′N,139°58.2′E,22 km,3.1,震度２,35.47166667,139.97
2015/5/25,3:38:54,福島県会津,37°02.3′N,139°20.2′E,7 km,1.8,震度１,37.03833333,139.3366667
2015/5/25,5:58:40,福井県嶺北,35°54.1′N,136°46.3′E,8 km,2.2,震度１,35.90166667,136.7716667
2015/5/25,8:58:47,福島県沖,37°15.1′N,141°10.3′E,35 km,3,震度１,37.25166667,141.1716667
2015/5/25,10:05:57,千葉県東方沖,35°36.6′N,141°02.2′E,15 km,3.6,震度１,35.61,141.0366667
2015/5/25,14:28:10,埼玉県北部,36°03.2′N,139°38.3′E,56 km,5.5,震度５弱,36.05333333,139.6383333
2015/5/26,1:35:21,日向灘,31°46.3′N,131°55.6′E,25 km,4.2,震度２,31.77166667,131.9266667
2015/5/26,7:09:05,青森県東方沖,41°33.5′N,142°03.1′E,66 km,3.5,震度１,41.55833333,142.0516667
2015/5/26,8:41:30,茨城県北部,36°24.4′N,140°29.9′E,92 km,3.4,震度１,36.40666667,140.4983333
2015/5/26,9:20:32,紀伊水道,34°11.8′N,135°07.3′E,7 km,2.4,震度１,34.19666667,135.1216667
2015/5/26,9:56:56,与那国島近海,23°56.6′N,122°27.2′E,25 km,4.8,震度１,23.94333333,122.4533333
2015/5/26,19:47:44,沖縄本島近海,26°52.1′N,128°29.3′E,18 km,3.6,震度１,26.86833333,128.4883333
2015/5/27,7:23:37,長野県北部,36°46.7′N,137°53.6′E,6 km,2.9,震度１,36.77833333,137.8933333
2015/5/27,10:05:33,千葉県東方沖,35°49.6′N,140°55.2′E,35 km,3,震度１,35.82666667,140.92
2015/5/27,10:51:27,薩摩半島西方沖,31°14.6′N,130°29.4′E,146 km,4.1,震度１,31.24333333,130.49
2015/5/27,10:58:00,茨城県沖,36°30.0′N,140°43.9′E,44 km,3.9,震度２,36.5,140.7316667
2015/5/27,16:11:08,福岡県筑後地方,33°01.8′N,130°29.0′E,8 km,4,震度３,33.03,130.4833333
2015/5/27,19:10:24,岐阜県美濃東部,35°29.4′N,137°31.7′E,16 km,2.8,震度１,35.49,137.5283333
2015/5/28,2:42:53,大阪府南部,34°34.8′N,135°28.8′E,11 km,3.5,震度２,34.58,135.48
2015/5/28,2:58:33,父島近海,27°28.5′N,142°27.0′E,38 km,4.3,震度１,27.475,142.45
2015/5/28,7:40:53,神奈川県西部,35°14.8′N,139°01.3′E,3 km,2.5,震度１,35.24666667,139.0216667
2015/5/28,13:37:34,長野県北部,36°47.1′N,138°32.6′E,0 km,2.6,震度１,36.785,138.5433333
2015/5/28,16:57:43,与那国島近海,23°57.3′N,122°24.3′E,24 km,4.8,震度１,23.955,122.405
2015/5/28,17:34:20,津軽海峡,41°24.9′N,141°20.5′E,1 km,2.5,震度１,41.415,141.3416667
2015/5/29,1:08:17,沖縄本島近海,26°17.7′N,126°56.6′E,2 km,3.4,震度１,26.295,126.9433333
2015/5/29,2:51:11,長野県北部,36°35.9′N,137°51.0′E,7 km,2.7,震度２,36.59833333,137.85
2015/5/29,7:13:49,千葉県東方沖,35°21.5′N,141°11.3′E,35 km,4.6,震度２,35.35833333,141.1883333
2015/5/29,12:57:38,豊後水道,32°50.3′N,132°07.1′E,40 km,3.5,震度２,32.83833333,132.1183333
2015/5/29,16:05:26,茨城県沖,36°19.5′N,140°55.0′E,36 km,3.1,震度１,36.325,140.9166667
2015/5/30,1:06:48,茨城県南部,36°08.7′N,139°48.6′E,53 km,4.8,震度４,36.145,139.81
2015/5/30,8:24:29,宮城県沖,38°43.6′N,142°14.5′E,39 km,3.9,震度１,38.72666667,142.2416667
2015/5/30,15:43:48,福島県会津,37°02.4′N,139°34.9′E,7 km,2.6,震度１,37.04,139.5816667
2015/5/30,16:39:57,京都府南部,35°06.8′N,135°41.5′E,14 km,2.9,震度１,35.11333333,135.6916667
2015/5/30,20:08:17,茨城県北部,36°48.8′N,140°35.1′E,7 km,3,震度１,36.81333333,140.585
2015/5/30,20:23:02,小笠原諸島西方沖,27°51.6′N,140°40.9′E,682 km,8.1,震度５強,27.86,140.6816667
2015/5/30,21:56:01,茨城県北部,36°44.9′N,140°35.2′E,9 km,2.9,震度１,36.74833333,140.5866667
2015/5/31,1:26:53,神奈川県西部,35°16.1′N,139°00.4′E,2 km,2.8,震度２,35.26833333,139.0066667
2015/5/31,2:22:40,硫黄島近海,24°57.4′N,141°13.6′E,121 km,4.9,震度１,24.95666667,141.2266667
2015/5/31,3:49:06,鳥島近海,30°46.4′N,143°07.7′E,45 km,6.6,震度１,30.77333333,143.1283333
2015/5/31,7:50:50,神奈川県西部,35°16.2′N,139°00.4′E,2 km,2.3,震度１,35.27,139.0066667
2015/5/31,16:53:19,茨城県南部,36°08.6′N,139°48.6′E,51 km,2.9,震度１,36.14333333,139.81
2015/5/31,17:14:11,沖縄本島近海,26°02.6′N,127°05.3′E,49 km,3.5,震度２,26.04333333,127.0883333
2015/6/1,2:52:50,福井県嶺北,35°54.1′N,136°46.4′E,9 km,2.8,震度１,35.90166667,136.7733333
2015/6/1,9:49:18,択捉島付近,44°01.8′N,146°59.4′E,79 km,4.3,震度１,44.03,146.99
2015/6/1,10:18:22,沖縄本島近海,27°18.7′N,128°52.9′E,31 km,3.7,震度２,27.31166667,128.8816667
2015/6/1,19:16:10,兵庫県南東部,34°47.1′N,135°21.8′E,11 km,3.8,震度２,34.785,135.3633333
2015/6/1,20:39:31,千葉県北西部,35°35.1′N,140°08.7′E,0 km,1.9,震度１,35.585,140.145
2015/6/1,22:55:15,奄美大島近海,28°01.3′N,130°14.9′E,36 km,3.3,震度１,28.02166667,130.2483333
2015/6/2,1:06:19,福島県沖,37°30.6′N,141°30.4′E,46 km,3.5,震度１,37.51,141.5066667
2015/6/2,8:36:13,沖縄本島近海,26°17.3′N,127°19.5′E,45 km,3.2,震度１,26.28833333,127.325
2015/6/2,10:33:16,奄美大島近海,28°30.4′N,129°04.8′E,10 km,3.2,震度１,28.50666667,129.08
2015/6/2,17:50:51,父島近海,27°28.1′N,142°11.9′E,71 km,3.9,震度１,27.46833333,142.1983333
2015/6/3,1:41:32,東京都多摩東部,35°40.5′N,139°35.9′E,95 km,3.4,震度１,35.675,139.5983333
2015/6/3,3:39:47,岩手県沖,40°05.5′N,141°59.2′E,67 km,3.7,震度１,40.09166667,141.9866667
2015/6/3,6:04:28,小笠原諸島西方沖,27°49.9′N,140°46.0′E,695 km,5.6,震度１,27.83166667,140.7666667
2015/6/3,6:13:52,根室半島南東沖,43°05.9′N,145°56.5′E,51 km,3,震度１,43.09833333,145.9416667
2015/6/3,7:01:49,茨城県沖,36°41.7′N,141°01.2′E,18 km,4.2,震度１,36.695,141.02
2015/6/3,8:21:41,宮城県沖,38°43.6′N,142°09.7′E,41 km,3.6,震度１,38.72666667,142.1616667
2015/6/3,20:39:22,釧路地方北部,43°31.1′N,144°21.1′E,3 km,3.9,震度３,43.51833333,144.3516667
2015/6/3,20:46:26,兵庫県南東部,34°47.7′N,135°19.5′E,7 km,2.9,震度１,34.795,135.325
2015/6/3,22:08:19,釧路地方北部,43°30.9′N,144°21.2′E,3 km,2.4,震度１,43.515,144.3533333
2015/6/3,22:35:03,熊本県熊本地方,32°42.4′N,130°54.2′E,16 km,2.3,震度１,32.70666667,130.9033333
2015/6/4,4:34:15,網走地方,43°29.5′N,144°03.6′E,0 km,5,震度５弱,43.49166667,144.06
2015/6/4,4:49:33,網走地方,43°29.8′N,144°03.8′E,0 km,3.4,震度２,43.49666667,144.0633333
2015/6/4,4:51:01,網走地方,43°30.1′N,144°04.0′E,0 km,2.9,震度２,43.50166667,144.0666667
2015/6/4,5:36:24,網走地方,43°30.0′N,144°03.5′E,0 km,2.6,震度１,43.5,144.0583333
2015/6/4,14:03:51,網走地方,43°29.5′N,144°02.3′E,0 km,3.2,震度３,43.49166667,144.0383333
2015/6/4,14:36:36,青森県東方沖,41°29.2′N,141°59.2′E,64 km,3.6,震度１,41.48666667,141.9866667
2015/6/4,16:21:41,網走地方,43°29.7′N,144°03.0′E,0 km,2.1,震度１,43.495,144.05
2015/6/5,8:52:14,紀伊水道,33°44.2′N,135°04.4′E,40 km,4.2,震度２,33.73666667,135.0733333
2015/6/5,15:11:47,宮城県沖,38°43.2′N,142°15.2′E,38 km,3.7,震度１,38.72,142.2533333
2015/6/5,19:36:18,千葉県北西部,35°40.2′N,139°54.9′E,39 km,3,震度１,35.67,139.915
2015/6/6,6:27:12,千葉県東方沖,35°43.3′N,140°53.4′E,15 km,3,震度１,35.72166667,140.89
2015/6/6,9:30:36,西表島付近,24°15.9′N,123°45.1′E,16 km,3.3,震度１,24.265,123.7516667
2015/6/6,16:28:15,八丈島近海,33°14.2′N,139°08.2′E,26 km,4.6,震度１,33.23666667,139.1366667
2015/6/6,17:05:41,網走地方,43°29.3′N,144°03.0′E,0 km,2.1,震度１,43.48833333,144.05
2015/6/7,6:15:24,網走地方,43°29.6′N,144°03.4′E,0 km,2.3,震度１,43.49333333,144.0566667
2015/6/7,8:50:56,網走地方,43°29.6′N,144°03.4′E,0 km,3.9,震度３,43.49333333,144.0566667
2015/6/7,9:06:56,網走地方,43°29.9′N,144°03.7′E,0 km,2.9,震度２,43.49833333,144.0616667
2015/6/7,19:20:11,根室半島南東沖,43°21.2′N,146°11.7′E,49 km,3.7,震度１,43.35333333,146.195
2015/6/8,1:14:09,茨城県沖,36°19.1′N,140°51.8′E,45 km,3.3,震度１,36.31833333,140.8633333
2015/6/8,4:29:06,沖縄本島北西沖,26°34.2′N,126°07.4′E,134 km,4.7,震度１,26.57,126.1233333
2015/6/8,14:25:21,伊勢湾,34°49.8′N,136°39.1′E,15 km,2.5,震度１,34.83,136.6516667
2015/6/8,15:01:12,青森県東方沖,41°27.3′N,142°01.1′E,66 km,5.6,震度４,41.455,142.0183333
2015/6/8,18:15:17,宮古島近海,24°49.5′N,125°31.5′E,30 km,3.8,震度２,24.825,125.525
2015/6/8,20:43:44,沖縄本島近海,26°19.2′N,127°20.8′E,48 km,3.3,震度１,26.32,127.3466667
2015/6/8,23:20:31,長崎県南西部,32°55.1′N,129°56.1′E,11 km,2,震度１,32.91833333,129.935
2015/6/9,5:44:08,茨城県南部,36°10.9′N,140°00.8′E,51 km,4.4,震度４,36.18166667,140.0133333
2015/6/9,16:06:41,徳島県南部,33°49.9′N,134°38.6′E,9 km,3.1,震度２,33.83166667,134.6433333
2015/6/9,16:10:53,島根県東部,35°22.3′N,133°14.7′E,9 km,2.3,震度１,35.37166667,133.245
2015/6/9,18:20:29,天草灘,32°32.9′N,130°00.8′E,14 km,3,震度１,32.54833333,130.0133333
2015/6/9,20:08:47,青森県東方沖,41°28.3′N,142°00.9′E,65 km,3.9,震度１,41.47166667,142.015
2015/6/10,2:00:21,青森県東方沖,41°28.5′N,142°01.9′E,65 km,3.8,震度１,41.475,142.0316667
2015/6/10,3:44:51,青森県東方沖,40°57.9′N,142°53.0′E,15 km,4.4,震度１,40.965,142.8833333
2015/6/10,8:07:48,新島・神津島近海,34°13.5′N,139°11.6′E,10 km,2.6,震度１,34.225,139.1933333
2015/6/10,8:38:14,奄美大島北東沖,29°45.8′N,130°24.1′E,52 km,4.1,震度１,29.76333333,130.4016667
2015/6/10,11:18:24,熊本県天草・芦北地方,32°26.2′N,130°30.9′E,8 km,3.1,震度１,32.43666667,130.515
2015/6/10,17:32:59,三陸沖,39°39.7′N,143°37.1′E,36 km,5.8,震度２,39.66166667,143.6183333
2015/6/10,17:44:43,三陸沖,39°37.4′N,143°42.3′E,18 km,4.5,震度１,39.62333333,143.705
2015/6/10,19:25:24,千葉県北東部,35°42.4′N,140°41.9′E,52 km,3.9,震度２,35.70666667,140.6983333
2015/6/10,20:24:46,千葉県北東部,35°43.1′N,140°40.1′E,49 km,3.2,震度１,35.71833333,140.6683333
2015/6/11,4:50:12,新潟県中越地方,37°07.3′N,138°35.0′E,13 km,1.8,震度１,37.12166667,138.5833333
2015/6/11,5:06:58,十勝沖,41°42.0′N,144°15.7′E,28 km,4.7,震度２,41.7,144.2616667
2015/6/11,5:10:03,茨城県沖,35°55.4′N,141°00.6′E,17 km,3.8,震度１,35.92333333,141.01
2015/6/11,9:29:01,宮城県沖,38°50.4′N,141°36.6′E,75 km,3.9,震度２,38.84,141.61
2015/6/11,9:31:09,岩手県沖,40°03.3′N,142°11.4′E,50 km,3.9,震度２,40.055,142.19
2015/6/11,13:45:28,三陸沖,39°41.8′N,143°37.5′E,27 km,5.9,震度２,39.69666667,143.625
2015/6/11,13:51:24,三陸沖,39°37.2′N,143°30.4′E,36 km,5.9,震度３,39.62,143.5066667
2015/6/11,13:54:14,新島・神津島近海,34°29.5′N,139°12.4′E,4 km,3.2,震度２,34.49166667,139.2066667
2015/6/11,13:56:30,三陸沖,39°36.4′N,143°35.4′E,25 km,5.6,震度２,39.60666667,143.59
2015/6/11,14:29:59,三陸沖,39°36.2′N,143°36.6′E,39 km,4.8,震度１,39.60333333,143.61
2015/6/11,14:31:39,釧路地方中南部,43°27.9′N,144°03.6′E,0 km,2.3,震度１,43.465,144.06
2015/6/11,15:15:11,福井県嶺北,35°55.0′N,136°37.7′E,10 km,2.9,震度１,35.91666667,136.6283333
2015/6/11,18:19:21,種子島南東沖,29°41.8′N,131°26.5′E,56 km,4.7,震度２,29.69666667,131.4416667
2015/6/11,18:45:39,西表島付近,24°12.4′N,123°47.6′E,15 km,3.2,震度１,24.20666667,123.7933333
2015/6/11,21:42:45,日向灘,32°17.4′N,132°00.4′E,20 km,3.1,震度１,32.29,132.0066667
2015/6/13,5:56:00,宮城県沖,38°59.6′N,142°15.8′E,50 km,4.7,震度３,38.99333333,142.2633333
2015/6/13,12:33:02,伊予灘,33°43.1′N,132°16.9′E,49 km,3.1,震度１,33.71833333,132.2816667
2015/6/14,4:15:18,徳島県北部,33°57.5′N,134°15.2′E,7 km,3,震度２,33.95833333,134.2533333
2015/6/14,11:16:01,日高地方東部,42°19.0′N,142°59.8′E,50 km,3.3,震度１,42.31666667,142.9966667
2015/6/14,12:46:29,和歌山県北部,34°01.5′N,135°14.1′E,5 km,1.5,震度１,34.025,135.235
2015/6/14,13:18:16,福島県沖,37°09.4′N,141°25.4′E,48 km,3.9,震度１,37.15666667,141.4233333
2015/6/15,5:59:30,長野県北部,36°50.9′N,138°12.7′E,14 km,2,震度１,36.84833333,138.2116667
2015/6/15,7:22:20,小笠原諸島西方沖,27°25.5′N,140°39.4′E,404 km,5.5,震度１,27.425,140.6566667
2015/6/15,17:38:23,網走地方,43°29.9′N,144°03.6′E,0 km,3.8,震度３,43.49833333,144.06
2015/6/16,4:41:14,長野県北部,36°56.2′N,138°35.6′E,5 km,2.5,震度１,36.93666667,138.5933333
2015/6/16,13:42:25,新潟県上中越沖,37°27.9′N,138°28.7′E,18 km,3.8,震度２,37.465,138.4783333
2015/6/16,16:47:54,宮城県沖,38°42.0′N,141°47.9′E,53 km,3.1,震度１,38.7,141.7983333
2015/6/16,19:50:19,網走地方,43°29.0′N,144°02.7′E,0 km,2.4,震度２,43.48333333,144.045
2015/6/17,2:59:36,宮城県沖,37°58.3′N,141°04.8′E,14 km,3.5,震度１,37.97166667,141.08
2015/6/17,4:57:04,千葉県東方沖,35°41.3′N,140°45.1′E,45 km,3.4,震度１,35.68833333,140.7516667
2015/6/17,9:56:14,茨城県沖,36°27.7′N,140°38.9′E,15 km,2.8,震度１,36.46166667,140.6483333
2015/6/18,8:39:48,東京湾,35°32.4′N,139°53.6′E,69 km,3.5,震度１,35.54,139.8933333
2015/6/18,10:06:43,広島県北部,34°54.5′N,132°48.2′E,8 km,2.5,震度１,34.90833333,132.8033333
2015/6/18,16:36:33,岩手県沿岸北部,39°45.4′N,141°50.4′E,59 km,4,震度２,39.75666667,141.84
2015/6/19,3:49:42,新潟県中越地方,36°59.9′N,138°38.1′E,8 km,2.4,震度２,36.99833333,138.635
2015/6/19,9:35:14,福島県沖,37°30.7′N,141°32.3′E,46 km,4.7,震度３,37.51166667,141.5383333
2015/6/19,11:13:12,トカラ列島近海,29°53.1′N,129°55.5′E,10 km,2.1,震度１,29.885,129.925
2015/6/19,14:47:12,茨城県沖,36°35.1′N,141°08.5′E,33 km,3.2,震度１,36.585,141.1416667
2015/6/19,17:09:54,父島近海,27°03.7′N,143°46.9′E,78 km,5.2,震度１,27.06166667,143.7816667
2015/6/19,21:30:16,奄美大島北東沖,29°13.4′N,130°28.4′E,66 km,4.4,震度２,29.22333333,130.4733333
2015/6/20,11:44:27,神奈川県西部,35°13.5′N,139°01.5′E,5 km,2.9,震度２,35.225,139.025
2015/6/20,16:42:18,宮城県沖,38°20.4′N,141°33.3′E,56 km,3.3,震度１,38.34,141.555
2015/6/20,18:06:17,長野県南部,35°52.0′N,137°35.0′E,6 km,2.1,震度１,35.86666667,137.5833333
2015/6/20,18:18:17,茨城県沖,36°16.6′N,140°39.7′E,54 km,3.4,震度１,36.27666667,140.6616667
2015/6/20,22:50:38,硫黄島近海,25°35.1′N,143°12.9′E,0 km,4.8,震度１,25.585,143.215
2015/6/21,13:16:21,宮城県沖,38°10.9′N,141°41.4′E,50 km,4,震度２,38.18166667,141.69
2015/6/21,22:59:32,茨城県南部,36°01.9′N,139°55.9′E,43 km,2.8,震度１,36.03166667,139.9316667
2015/6/22,5:30:34,茨城県沖,36°29.5′N,141°07.4′E,53 km,4.1,震度２,36.49166667,141.1233333
2015/6/22,11:17:54,宮城県沖,38°44.1′N,142°20.0′E,38 km,5,震度２,38.735,142.3333333
2015/6/22,18:12:01,群馬県南部,36°14.3′N,139°24.2′E,18 km,2.8,震度１,36.23833333,139.4033333
2015/6/22,22:11:07,高知県東部,33°28.1′N,134°05.8′E,12 km,3.1,震度１,33.46833333,134.0966667
2015/6/23,0:35:17,青森県東方沖,41°29.0′N,142°05.2′E,63 km,4.6,震度４,41.48333333,142.0866667
2015/6/23,15:48:38,千葉県東方沖,35°32.8′N,141°02.1′E,36 km,3.4,震度１,35.54666667,141.035
2015/6/23,17:57:57,福島県沖,37°30.5′N,141°22.6′E,51 km,3.5,震度１,37.50833333,141.3766667
2015/6/23,18:13:15,青森県津軽北部,40°43.0′N,140°27.9′E,15 km,2.4,震度１,40.71666667,140.465
2015/6/23,20:06:51,宮城県沖,38°42.5′N,142°16.5′E,38 km,4,震度１,38.70833333,142.275
2015/6/23,21:18:29,小笠原諸島西方沖,27°42.0′N,140°10.7′E,484 km,6.5,震度４,27.7,140.1783333
2015/6/23,21:22:19,小笠原諸島西方沖,27°41.9′N,140°13.6′E,480 km,5.4,震度２,27.69833333,140.2266667
2015/6/24,6:47:26,高知県東部,33°28.2′N,134°05.9′E,13 km,3,震度１,33.47,134.0983333
2015/6/24,12:42:05,根室地方南部,43°14.7′N,145°18.0′E,78 km,3.3,震度１,43.245,145.3
2015/6/24,18:12:01,奈良県,34°19.7′N,135°58.8′E,4 km,2.7,震度１,34.32833333,135.98
2015/6/25,7:34:47,宮城県沖,38°15.3′N,141°51.9′E,63 km,3.8,震度１,38.255,141.865
2015/6/26,4:11:01,新潟県上越地方,37°09.2′N,138°31.3′E,14 km,2,震度１,37.15333333,138.5216667
2015/6/26,14:49:59,茨城県沖,36°26.7′N,140°54.3′E,32 km,3.3,震度１,36.445,140.905
2015/6/26,19:38:01,青森県東方沖,41°29.1′N,142°00.4′E,65 km,4.4,震度２,41.485,142.0066667
2015/6/27,1:16:40,与那国島近海,24°52.5′N,123°19.8′E,116 km,4.7,震度１,24.875,123.33
2015/6/27,3:30:09,北海道東方沖,43°56.2′N,146°58.2′E,73 km,4.7,震度２,43.93666667,146.97
2015/6/27,5:39:23,奄美大島近海,28°18.2′N,129°30.4′E,35 km,4.2,震度３,28.30333333,129.5066667
2015/6/27,10:30:23,千葉県北東部,35°42.5′N,140°42.3′E,51 km,3.2,震度１,35.70833333,140.705
2015/6/27,15:23:11,茨城県沖,36°11.5′N,140°57.6′E,43 km,3.6,震度２,36.19166667,140.96
2015/6/27,16:57:15,福島県沖,36°51.8′N,140°57.4′E,55 km,3.8,震度２,36.86333333,140.9566667
2015/6/27,20:20:28,千葉県北西部,35°48.7′N,140°05.2′E,64 km,3.2,震度１,35.81166667,140.0866667
2015/6/28,1:14:19,山口県東部,34°10.7′N,132°12.6′E,9 km,2.5,震度１,34.17833333,132.21
2015/6/28,5:44:41,トカラ列島近海,30°05.9′N,130°14.6′E,68 km,3.8,震度１,30.09833333,130.2433333
2015/6/28,7:37:13,栃木県北部,37°07.7′N,139°56.6′E,4 km,2.7,震度１,37.12833333,139.9433333
2015/6/28,7:58:52,宮城県沖,38°33.7′N,142°04.6′E,43 km,4,震度２,38.56166667,142.0766667
2015/6/28,10:39:43,宮城県沖,38°33.7′N,142°04.2′E,42 km,3.5,震度１,38.56166667,142.07
2015/6/29,9:04:27,神奈川県西部,35°14.5′N,139°01.0′E,1 km,1.9,震度１,35.24166667,139.0166667
2015/6/29,12:07:18,神奈川県西部,35°13.8′N,139°01.3′E,0 km,1.6,震度１,35.23,139.0216667
2015/6/29,14:38:09,トカラ列島近海,29°10.2′N,129°19.0′E,3 km,2.2,震度１,29.17,129.3166667
2015/6/29,19:07:28,福島県沖,36°53.1′N,141°04.5′E,50 km,3.9,震度２,36.885,141.075
2015/6/29,21:10:27,神奈川県西部,35°13.2′N,139°01.9′E,2 km,1.8,震度１,35.22,139.0316667
2015/6/29,22:15:28,島根県東部,35°08.6′N,132°46.8′E,9 km,2.4,震度１,35.14333333,132.78
2015/6/29,23:25:26,福島県沖,37°21.5′N,141°31.9′E,75 km,3.8,震度１,37.35833333,141.5316667
2015/6/30,0:09:01,和歌山県南部,33°36.9′N,135°34.9′E,21 km,2.9,震度１,33.615,135.5816667
2015/6/30,2:59:07,千葉県北西部,35°42.9′N,139°59.1′E,65 km,3.3,震度１,35.715,139.985
2015/6/30,6:04:02,神奈川県西部,35°13.3′N,139°01.9′E,3 km,2.8,震度２,35.22166667,139.0316667
2015/6/30,6:14:40,神奈川県西部,35°13.2′N,139°01.6′E,1 km,2.1,震度１,35.22,139.0266667
2015/6/30,6:56:51,神奈川県西部,35°13.5′N,139°01.6′E,3 km,3.3,震度３,35.225,139.0266667
2015/6/30,6:58:36,神奈川県西部,35°13.8′N,139°01.6′E,3 km,2.3,震度１,35.23,139.0266667
2015/6/30,6:59:00,神奈川県西部,35°13.2′N,139°01.5′E,3 km,2,震度１,35.22,139.025
2015/6/30,8:39:21,神奈川県西部,35°12.9′N,139°01.4′E,1 km,1.8,震度１,35.215,139.0233333
2015/6/30,9:12:33,神奈川県西部,35°13.7′N,139°01.8′E,3 km,2.5,震度２,35.22833333,139.03
2015/6/30,9:25:45,神奈川県西部,35°13.7′N,139°01.6′E,3 km,1.9,震度１,35.22833333,139.0266667
2015/6/30,9:54:07,神奈川県西部,35°13.8′N,139°01.3′E,0 km,2,震度１,35.23,139.0216667
2015/6/30,10:32:57,神奈川県西部,35°14.6′N,139°01.5′E,2 km,3.2,震度３,35.24333333,139.025
2015/6/30,10:45:24,神奈川県西部,35°14.6′N,139°01.3′E,0 km,2.5,震度１,35.24333333,139.0216667
2015/6/30,10:52:01,神奈川県西部,35°12.9′N,139°02.1′E,4 km,3.1,震度２,35.215,139.035
2015/6/30,12:42:41,山形県置賜地方,37°48.3′N,140°00.2′E,8 km,3.1,震度１,37.805,140.0033333
2015/6/30,13:03:38,奄美大島近海,28°28.2′N,129°09.5′E,54 km,3.3,震度１,28.47,129.1583333
2015/6/30,16:05:00,父島近海,27°11.7′N,141°52.9′E,120 km,4.4,震度２,27.195,141.8816667
2015/7/1,0:36:32,浦河沖,42°00.1′N,142°45.1′E,50 km,3.3,震度１,42.00166667,142.7516667
2015/7/1,2:46:46,奄美大島近海,28°33.0′N,129°31.7′E,0 km,3.3,震度１,28.55,129.5283333
2015/7/1,9:20:43,青森県東方沖,40°33.2′N,142°28.4′E,39 km,3.7,震度１,40.55333333,142.4733333
2015/7/2,2:22:51,国後島付近,43°33.1′N,145°50.5′E,113 km,4,震度１,43.55166667,145.8416667
2015/7/2,12:35:30,網走地方,43°58.9′N,145°00.0′E,7 km,3.6,震度２,43.98166667,145
2015/7/2,15:05:44,宮城県沖,38°25.7′N,141°55.9′E,57 km,4.7,震度３,38.42833333,141.9316667
2015/7/3,4:46:25,神奈川県西部,35°12.5′N,139°02.2′E,5 km,2.7,震度１,35.20833333,139.0366667
2015/7/3,4:55:11,伊予灘,33°34.2′N,132°25.2′E,43 km,3.9,震度２,33.57,132.42
2015/7/3,11:48:26,宮城県沖,38°20.5′N,141°39.7′E,53 km,3.1,震度１,38.34166667,141.6616667
2015/7/3,12:33:28,苫小牧沖,42°05.2′N,141°26.4′E,103 km,4,震度１,42.08666667,141.44
2015/7/4,0:43:37,愛媛県南予,33°36.5′N,132°48.7′E,44 km,3.7,震度２,33.60833333,132.8116667
2015/7/4,1:09:28,千葉県北東部,35°21.4′N,140°20.1′E,25 km,2.4,震度１,35.35666667,140.335
2015/7/4,3:41:14,茨城県南部,36°04.7′N,139°50.9′E,45 km,3.2,震度１,36.07833333,139.8483333
2015/7/4,7:39:00,岐阜県飛騨地方,36°01.0′N,137°20.6′E,10 km,2.3,震度１,36.01666667,137.3433333
2015/7/4,8:14:31,熊本県熊本地方,32°36.6′N,130°52.5′E,11 km,3.2,震度２,32.61,130.875
2015/7/4,13:23:51,宮城県沖,38°43.2′N,142°16.1′E,39 km,4.7,震度３,38.72,142.2683333
2015/7/5,3:55:19,宮城県沖,38°25.6′N,141°49.9′E,54 km,3.9,震度１,38.42666667,141.8316667
2015/7/5,5:55:44,山形県置賜地方,37°48.6′N,139°59.6′E,8 km,3.4,震度２,37.81,139.9933333
2015/7/5,9:20:10,茨城県沖,36°38.5′N,140°56.0′E,49 km,3.5,震度１,36.64166667,140.9333333
2015/7/5,17:54:41,和歌山県北部,34°01.8′N,135°16.9′E,7 km,2.2,震度１,34.03,135.2816667
2015/7/5,19:41:55,宮城県沖,38°45.5′N,142°10.8′E,42 km,4.5,震度２,38.75833333,142.18
2015/7/5,23:06:27,千葉県南東沖,34°56.4′N,139°47.1′E,113 km,3.9,震度２,34.94,139.785
2015/7/6,2:42:23,福島県沖,37°19.9′N,141°14.8′E,37 km,3.4,震度１,37.33166667,141.2466667
2015/7/6,9:29:06,宮城県沖,38°53.8′N,142°06.1′E,45 km,3.8,震度２,38.89666667,142.1016667
2015/7/6,13:45:07,兵庫県南東部,35°03.5′N,135°10.9′E,13 km,3.2,震度２,35.05833333,135.1816667
2015/7/6,17:20:54,茨城県沖,36°35.9′N,141°03.9′E,46 km,3.5,震度１,36.59833333,141.065
2015/7/6,18:24:02,埼玉県南部,35°53.3′N,139°41.0′E,89 km,3.3,震度１,35.88833333,139.6833333
2015/7/6,18:30:25,茨城県南部,36°04.1′N,139°51.8′E,46 km,4.1,震度３,36.06833333,139.8633333
2015/7/7,2:46:22,長野県南部,35°56.2′N,137°32.3′E,9 km,2.3,震度１,35.93666667,137.5383333
2015/7/7,14:10:27,北海道東方沖,43°40.5′N,147°50.3′E,1 km,6.3,震度３,43.675,147.8383333
2015/7/7,16:11:26,岩手県沖,39°14.5′N,142°24.6′E,35 km,4.3,震度１,39.24166667,142.41
2015/7/8,8:43:09,釧路沖,42°58.5′N,145°17.3′E,49 km,3.2,震度１,42.975,145.2883333
2015/7/8,13:23:04,岩手県内陸北部,40°10.3′N,141°11.0′E,7 km,2.3,震度１,40.17166667,141.1833333
2015/7/8,18:47:37,和歌山県北部,34°16.1′N,135°24.6′E,8 km,2.4,震度１,34.26833333,135.41
2015/7/8,22:14:02,宮城県沖,38°47.2′N,142°27.0′E,28 km,4.1,震度１,38.78666667,142.45
2015/7/9,8:38:11,千葉県東方沖,35°41.7′N,141°00.6′E,12 km,3.9,震度２,35.695,141.01
2015/7/9,14:37:57,岩手県沖,40°07.2′N,141°53.7′E,62 km,3.1,震度１,40.12,141.895
2015/7/9,17:27:39,岩手県沖,40°07.0′N,142°25.7′E,36 km,5.1,震度３,40.11666667,142.4283333
2015/7/9,19:59:10,宮城県沖,38°18.2′N,141°48.9′E,47 km,3.8,震度１,38.30333333,141.815
2015/7/10,1:15:14,茨城県南部,36°04.1′N,139°51.1′E,45 km,4.4,震度４,36.06833333,139.8516667
2015/7/10,3:32:51,岩手県内陸北部,40°21.2′N,141°33.5′E,88 km,5.7,震度５弱,40.35333333,141.5583333
2015/7/10,4:10:44,岩手県内陸北部,40°20.6′N,141°32.5′E,87 km,3,震度１,40.34333333,141.5416667
2015/7/10,9:39:59,茨城県南部,36°04.3′N,139°51.3′E,47 km,3.8,震度２,36.07166667,139.855
2015/7/11,4:23:28,福岡県筑後地方,33°20.9′N,130°51.3′E,11 km,2.8,震度２,33.34833333,130.855
2015/7/11,15:18:33,日高地方中部,42°33.2′N,142°26.5′E,119 km,4.1,震度２,42.55333333,142.4416667
2015/7/11,20:27:01,北海道東方沖,43°40.8′N,147°51.6′E,12 km,5.1,震度２,43.68,147.86
2015/7/12,2:37:06,宮城県沖,37°51.4′N,141°58.5′E,35 km,3.9,震度２,37.85666667,141.975
2015/7/12,3:39:47,沖縄本島近海,26°02.0′N,128°18.3′E,47 km,4.6,震度２,26.03333333,128.305
2015/7/12,21:35:11,千葉県北東部,35°51.0′N,140°32.6′E,36 km,3.1,震度１,35.85,140.5433333
2015/7/12,21:36:09,千葉県北東部,35°50.9′N,140°32.3′E,37 km,3.1,震度１,35.84833333,140.5383333
2015/7/13,2:52:06,大分県南部,32°59.5′N,131°51.3′E,58 km,5.7,震度５強,32.99166667,131.855
2015/7/13,11:44:59,宮城県沖,38°19.3′N,141°54.5′E,61 km,3.4,震度１,38.32166667,141.9083333
2015/7/13,15:52:35,日向灘,31°24.6′N,131°52.6′E,43 km,4.3,震度２,31.41,131.8766667
2015/7/13,18:11:48,青森県東方沖,40°40.8′N,142°13.6′E,46 km,3.2,震度１,40.68,142.2266667
2015/7/13,19:32:13,大阪府北部,34°58.0′N,135°22.1′E,7 km,2.7,震度２,34.96666667,135.3683333
2015/7/13,20:04:55,大阪府北部,34°58.0′N,135°22.1′E,7 km,2.7,震度２,34.96666667,135.3683333
2015/7/14,0:22:54,宮城県沖,38°32.4′N,141°43.2′E,53 km,3.2,震度１,38.54,141.72
2015/7/14,2:57:06,石垣島近海,24°39.2′N,124°04.0′E,64 km,4.4,震度２,24.65333333,124.0666667
2015/7/14,20:59:21,新潟県中越地方,37°31.9′N,139°07.6′E,10 km,3.2,震度２,37.53166667,139.1266667
2015/7/14,22:16:34,福島県沖,37°18.6′N,141°49.0′E,43 km,4.7,震度２,37.31,141.8166667
2015/7/15,2:47:46,伊豆大島近海,35°00.5′N,139°26.3′E,32 km,3.5,震度１,35.00833333,139.4383333
2015/7/15,2:53:45,宗谷地方北部,45°16.9′N,141°49.3′E,9 km,2.2,震度１,45.28166667,141.8216667
2015/7/15,16:09:16,八丈島近海,33°14.5′N,139°30.9′E,29 km,3.8,震度１,33.24166667,139.515
2015/7/15,16:18:38,八丈島近海,33°15.3′N,139°37.8′E,31 km,3.7,震度１,33.255,139.63
2015/7/15,16:23:42,八丈島近海,33°14.4′N,139°30.2′E,25 km,3.6,震度１,33.24,139.5033333
2015/7/15,17:01:06,八丈島近海,33°17.7′N,139°33.9′E,23 km,4.6,震度１,33.295,139.565
2015/7/15,17:06:27,八丈島近海,33°14.8′N,139°32.0′E,28 km,3.7,震度１,33.24666667,139.5333333
2015/7/15,17:08:46,岩手県沖,40°13.4′N,142°27.5′E,30 km,4.2,震度１,40.22333333,142.4583333
2015/7/15,19:02:17,長野県北部,36°35.7′N,138°14.9′E,5 km,2.2,震度１,36.595,138.2483333
2015/7/15,22:17:12,福島県沖,37°17.3′N,141°20.9′E,26 km,3.5,震度１,37.28833333,141.3483333
2015/7/16,3:00:08,奄美大島近海,28°34.4′N,129°30.6′E,0 km,3.8,震度１,28.57333333,129.51
2015/7/16,6:14:09,苫小牧沖,42°37.2′N,141°40.4′E,127 km,4.1,震度１,42.62,141.6733333
2015/7/16,7:47:27,宮古島近海,24°45.9′N,125°16.0′E,46 km,4,震度１,24.765,125.2666667
2015/7/16,10:15:09,青森県東方沖,41°20.0′N,142°38.7′E,38 km,4.8,震度２,41.33333333,142.645
2015/7/16,10:15:49,八丈島近海,33°17.5′N,139°33.5′E,21 km,4,震度１,33.29166667,139.5583333
2015/7/16,14:12:33,与那国島近海,24°12.8′N,122°51.2′E,24 km,4.2,震度１,24.21333333,122.8533333
2015/7/16,14:39:11,宮城県沖,38°18.0′N,142°06.4′E,37 km,4.1,震度３,38.3,142.1066667
2015/7/16,15:13:26,八丈島近海,33°17.2′N,139°34.5′E,21 km,4.7,震度２,33.28666667,139.575
2015/7/16,18:22:43,八丈島近海,33°14.0′N,139°32.0′E,25 km,3.5,震度１,33.23333333,139.5333333
2015/7/16,18:35:12,八丈島近海,33°14.4′N,139°34.6′E,27 km,3.4,震度１,33.24,139.5766667
2015/7/16,22:13:49,岩手県内陸南部,39°26.3′N,140°54.2′E,9 km,3.4,震度２,39.43833333,140.9033333
2015/7/17,2:15:50,八丈島近海,33°13.6′N,139°31.7′E,27 km,4.5,震度２,33.22666667,139.5283333
2015/7/17,2:16:36,八丈島近海,33°14.3′N,139°33.8′E,26 km,4.1,震度２,33.23833333,139.5633333
2015/7/17,9:57:29,日向灘,32°09.0′N,131°49.5′E,36 km,3.4,震度１,32.15,131.825
2015/7/17,18:32:42,日向灘,32°38.1′N,132°17.7′E,34 km,3.9,震度２,32.635,132.295
2015/7/18,18:28:07,日向灘,32°08.6′N,131°49.7′E,36 km,4,震度２,32.14333333,131.8283333
2015/7/19,2:13:22,大隅半島東方沖,31°04.9′N,131°30.2′E,32 km,4.7,震度３,31.08166667,131.5033333
2015/7/19,14:20:29,宮城県沖,38°38.1′N,141°54.3′E,48 km,3.4,震度１,38.635,141.905
2015/7/20,5:47:33,茨城県北部,36°44.9′N,140°35.1′E,9 km,3,震度１,36.74833333,140.585
2015/7/20,7:05:37,千葉県北東部,35°51.3′N,140°31.1′E,37 km,3.1,震度１,35.855,140.5183333
2015/7/20,10:12:02,青森県東方沖,40°59.1′N,141°25.6′E,12 km,3.1,震度２,40.985,141.4266667
2015/7/20,10:46:32,大分県中部,33°17.6′N,131°23.6′E,9 km,2.3,震度１,33.29333333,131.3933333
2015/7/20,13:25:24,宮城県沖,38°26.8′N,141°57.7′E,61 km,3.8,震度１,38.44666667,141.9616667
2015/7/20,22:56:27,新潟県上越地方,37°11.8′N,138°33.5′E,10 km,3.5,震度３,37.19666667,138.5583333
2015/7/21,5:46:01,紀伊水道,33°52.4′N,134°52.6′E,46 km,3.5,震度２,33.87333333,134.8766667
2015/7/21,13:30:54,熊本県熊本地方,32°33.0′N,130°42.5′E,10 km,3,震度１,32.55,130.7083333
2015/7/21,15:27:20,内浦湾,41°58.2′N,141°02.5′E,9 km,2.9,震度１,41.97,141.0416667
2015/7/21,18:16:49,福島県沖,37°50.1′N,141°41.9′E,65 km,4.9,震度３,37.835,141.6983333
2015/7/21,18:19:12,福島県沖,37°49.6′N,141°42.2′E,62 km,3.7,震度１,37.82666667,141.7033333
2015/7/22,5:21:03,島根県西部,34°58.4′N,132°12.9′E,11 km,2.7,震度１,34.97333333,132.215
2015/7/22,13:44:11,千葉県北西部,35°29.8′N,140°03.8′E,66 km,3,震度１,35.49666667,140.0633333
2015/7/22,13:51:36,八丈島東方沖,33°41.7′N,141°04.8′E,57 km,5,震度１,33.695,141.08
2015/7/22,18:43:35,熊本県熊本地方,32°33.2′N,130°42.7′E,10 km,2.6,震度１,32.55333333,130.7116667
2015/7/23,3:49:38,茨城県沖,36°28.8′N,140°55.7′E,18 km,4.3,震度２,36.48,140.9283333
2015/7/23,14:28:22,静岡県東部,35°18.4′N,138°42.1′E,9 km,2.2,震度１,35.30666667,138.7016667
2015/7/23,18:43:21,浦河沖,41°58.4′N,142°32.6′E,65 km,4.5,震度２,41.97333333,142.5433333
2015/7/23,21:51:50,福島県沖,37°10.6′N,144°30.1′E,72 km,4.8,震度１,37.17666667,144.5016667
2015/7/24,7:30:27,宮城県沖,38°59.5′N,142°16.5′E,49 km,3.3,震度１,38.99166667,142.275
2015/7/24,10:53:07,鳥取県西部,35°19.2′N,133°18.9′E,7 km,2.5,震度１,35.32,133.315
2015/7/24,17:39:02,岩手県沖,39°06.6′N,142°07.1′E,45 km,3.7,震度１,39.11,142.1183333
2015/7/24,17:53:35,愛媛県南予,33°23.3′N,132°23.5′E,44 km,4.6,震度４,33.38833333,132.3916667
2015/7/25,4:30:57,千葉県東方沖,35°34.5′N,141°02.7′E,38 km,4.7,震度２,35.575,141.045
2015/7/25,7:21:01,兵庫県北部,35°35.9′N,134°35.6′E,11 km,2.8,震度１,35.59833333,134.5933333
2015/7/26,0:36:39,国後島付近,43°50.7′N,146°13.8′E,102 km,3.7,震度１,43.845,146.23
2015/7/26,8:26:24,山梨県東部・富士五湖,35°31.9′N,138°59.2′E,20 km,2.8,震度１,35.53166667,138.9866667
2015/7/27,0:37:48,三重県南東沖,33°54.4′N,136°26.8′E,29 km,3.5,震度１,33.90666667,136.4466667
2015/7/27,13:34:29,秋田県沖,39°30.6′N,139°35.9′E,23 km,3.6,震度１,39.51,139.5983333
2015/7/27,23:04:52,千葉県東方沖,35°48.8′N,140°57.9′E,31 km,3.5,震度１,35.81333333,140.965
2015/7/28,1:50:45,茨城県南部,36°09.1′N,140°04.6′E,53 km,3.2,震度１,36.15166667,140.0766667
2015/7/28,2:37:45,福島県会津,37°39.4′N,139°55.1′E,9 km,2.9,震度２,37.65666667,139.9183333
2015/7/28,15:11:45,福島県中通り,36°52.7′N,140°33.9′E,82 km,3.1,震度１,36.87833333,140.565
2015/7/28,16:56:59,長野県南部,35°21.3′N,137°43.6′E,8 km,2.3,震度１,35.355,137.7266667
2015/7/28,23:36:25,静岡県東部,35°22.8′N,138°47.2′E,12 km,2.2,震度１,35.38,138.7866667
2015/7/29,8:45:04,宮城県沖,38°40.4′N,142°12.4′E,39 km,3.9,震度１,38.67333333,142.2066667
2015/7/29,13:53:49,茨城県沖,36°19.5′N,141°03.2′E,45 km,3.6,震度１,36.325,141.0533333
2015/7/29,21:34:54,茨城県南部,36°04.4′N,139°51.5′E,45 km,4,震度３,36.07333333,139.8583333
2015/7/30,7:07:25,釧路地方北部,43°36.0′N,144°24.0′E,5 km,1.5,震度１,43.6,144.4
2015/7/30,13:52:57,青森県三八上北地方,40°29.2′N,141°27.6′E,87 km,2.9,震度１,40.48666667,141.46
2015/7/30,15:08:22,山梨県中・西部,35°45.6′N,138°26.7′E,16 km,2.3,震度１,35.76,138.445
2015/7/30,17:16:15,福島県浜通り,37°05.8′N,140°41.0′E,8 km,4.2,震度３,37.09666667,140.6833333
2015/7/30,20:49:46,茨城県北部,36°44.7′N,140°34.9′E,10 km,2.5,震度１,36.745,140.5816667
2015/7/31,11:04:10,岩手県沖,39°58.5′N,142°25.6′E,38 km,4,震度１,39.975,142.4266667
2015/7/31,13:08:36,岩手県内陸南部,39°09.7′N,141°17.1′E,83 km,2.9,震度１,39.16166667,141.285
2015/7/31,13:16:08,青森県東方沖,40°58.5′N,141°59.8′E,56 km,3.6,震度２,40.975,141.9966667
2015/7/31,23:17:12,網走地方,43°30.1′N,144°04.4′E,0 km,2.8,震度１,43.50166667,144.0733333
2015/8/1,8:44:24,茨城県南部,36°18.3′N,140°00.9′E,72 km,3.4,震度１,36.305,140.015
2015/8/1,9:23:00,宮城県沖,38°42.8′N,142°13.1′E,40 km,4.5,震度３,38.71333333,142.2183333
2015/8/1,12:33:08,宮城県沖,38°18.8′N,141°49.8′E,60 km,3.7,震度１,38.31333333,141.83
2015/8/1,23:24:44,宮城県沖,38°22.1′N,141°49.7′E,63 km,4.7,震度３,38.36833333,141.8283333
2015/8/2,0:52:34,九州地方南東沖,30°36.9′N,131°34.1′E,41 km,3.7,震度１,30.615,131.5683333
2015/8/2,6:51:40,九州地方南東沖,30°36.7′N,131°35.0′E,41 km,4.4,震度１,30.61166667,131.5833333
2015/8/2,14:15:56,福島県会津,37°01.6′N,139°22.7′E,8 km,2.1,震度１,37.02666667,139.3783333
2015/8/2,21:45:10,長野県北部,36°38.8′N,137°53.8′E,9 km,2,震度１,36.64666667,137.8966667
2015/8/2,22:22:29,岩手県沖,39°52.0′N,142°35.9′E,34 km,4,震度１,39.86666667,142.5983333
2015/8/3,2:51:33,新潟県上越地方,37°04.0′N,138°07.6′E,24 km,2.6,震度１,37.06666667,138.1266667
2015/8/3,6:57:57,宮城県沖,38°16.9′N,141°37.0′E,53 km,3.5,震度１,38.28166667,141.6166667
2015/8/3,10:09:26,石川県加賀地方,36°22.2′N,136°34.4′E,7 km,3,震度３,36.37,136.5733333
2015/8/3,10:59:19,日向灘,32°38.4′N,132°17.8′E,33 km,3.1,震度１,32.64,132.2966667
2015/8/3,14:30:10,福島県沖,37°46.0′N,141°36.9′E,49 km,5.1,震度３,37.76666667,141.615
2015/8/3,15:26:16,茨城県南部,36°01.2′N,140°04.3′E,62 km,3.1,震度１,36.02,140.0716667
2015/8/3,22:11:04,淡路島付近,34°15.0′N,134°45.3′E,11 km,3.2,震度２,34.25,134.755
2015/8/4,5:13:23,長野県南部,35°51.7′N,138°06.7′E,7 km,3.7,震度２,35.86166667,138.1116667
2015/8/4,7:29:22,日向灘,32°02.8′N,132°06.3′E,26 km,3.6,震度１,32.04666667,132.105
2015/8/4,13:39:47,九州地方南東沖,30°38.8′N,131°36.3′E,38 km,4.7,震度１,30.64666667,131.605
2015/8/4,21:10:27,茨城県沖,36°14.4′N,140°55.1′E,46 km,3.2,震度１,36.24,140.9183333
2015/8/5,0:51:07,茨城県南部,36°00.9′N,140°04.7′E,62 km,3.3,震度１,36.015,140.0783333
2015/8/5,1:58:34,福島県沖,37°12.1′N,141°04.4′E,34 km,3.6,震度２,37.20166667,141.0733333
2015/8/5,3:53:05,千葉県北東部,35°45.2′N,140°44.3′E,13 km,3,震度１,35.75333333,140.7383333
2015/8/5,11:34:39,宮城県沖,38°55.3′N,141°55.2′E,51 km,3.5,震度１,38.92166667,141.92
2015/8/5,18:36:05,釧路沖,42°23.6′N,144°36.5′E,28 km,3.9,震度１,42.39333333,144.6083333
2015/8/5,20:56:09,福島県沖,37°31.1′N,141°28.0′E,50 km,5,震度３,37.51833333,141.4666667
2015/8/6,10:45:24,千葉県東方沖,35°49.8′N,140°55.2′E,35 km,4.5,震度２,35.83,140.92
2015/8/6,14:26:58,千葉県東方沖,35°33.7′N,141°02.7′E,37 km,3.7,震度１,35.56166667,141.045
2015/8/6,18:22:29,茨城県沖,36°26.3′N,140°37.1′E,55 km,5.2,震度４,36.43833333,140.6183333
2015/8/6,19:33:58,根室半島南東沖,42°52.0′N,145°43.9′E,46 km,3.7,震度１,42.86666667,145.7316667
2015/8/6,20:10:05,トカラ列島近海,29°14.9′N,129°14.3′E,13 km,1.6,震度１,29.24833333,129.2383333
2015/8/7,1:01:28,沖縄本島近海,26°33.3′N,127°55.0′E,14 km,3.8,震度２,26.555,127.9166667
2015/8/7,1:05:59,沖縄本島近海,26°33.2′N,127°55.3′E,15 km,2.9,震度１,26.55333333,127.9216667
2015/8/7,3:06:38,茨城県北部,36°26.8′N,140°33.5′E,57 km,3.1,震度１,36.44666667,140.5583333
2015/8/7,6:27:05,根室半島南東沖,43°05.4′N,146°03.7′E,43 km,4,震度１,43.09,146.0616667
2015/8/7,19:24:31,トカラ列島近海,29°18.1′N,129°16.2′E,16 km,2.1,震度１,29.30166667,129.27
2015/8/8,1:24:04,奄美大島近海,28°23.3′N,130°03.9′E,26 km,2.8,震度１,28.38833333,130.065
2015/8/8,1:49:18,長野県北部,36°51.2′N,138°12.8′E,15 km,2,震度１,36.85333333,138.2133333
2015/8/8,6:43:27,宮城県沖,38°59.5′N,141°44.8′E,68 km,4,震度２,38.99166667,141.7466667
2015/8/8,18:33:40,父島近海,27°03.8′N,143°11.4′E,95 km,5.1,震度１,27.06333333,143.19
2015/8/8,21:57:58,根室半島南東沖,43°01.1′N,145°47.4′E,44 km,4.4,震度３,43.01833333,145.79
2015/8/9,11:08:56,宮城県沖,38°12.8′N,141°26.8′E,66 km,3.9,震度２,38.21333333,141.4466667
2015/8/9,18:18:16,千葉県南部,35°24.6′N,140°02.7′E,67 km,3.9,震度２,35.41,140.045
2015/8/9,20:04:29,トカラ列島近海,29°09.3′N,129°11.7′E,12 km,2.9,震度２,29.155,129.195
2015/8/10,5:36:02,宮城県沖,38°17.7′N,141°50.5′E,47 km,3.9,震度１,38.295,141.8416667
2015/8/10,11:34:45,宮城県北部,38°52.0′N,141°35.7′E,75 km,4.4,震度３,38.86666667,141.595
2015/8/10,13:15:05,和歌山県南方沖,33°16.6′N,135°24.1′E,29 km,4.2,震度２,33.27666667,135.4016667
2015/8/10,18:44:35,茨城県南部,36°04.9′N,139°53.0′E,46 km,4.1,震度３,36.08166667,139.8833333
2015/8/10,20:04:26,長野県南部,35°55.4′N,137°42.9′E,7 km,2.5,震度１,35.92333333,137.715
2015/8/10,22:31:00,宮城県沖,38°19.3′N,141°51.0′E,47 km,4.3,震度２,38.32166667,141.85
2015/8/10,23:59:26,北海道東方沖,43°32.8′N,147°27.6′E,15 km,4.3,震度１,43.54666667,147.46
2015/8/11,10:15:00,栃木県北部,36°38.9′N,139°25.8′E,9 km,2.9,震度１,36.64833333,139.43
2015/8/11,12:31:46,宮古島近海,24°48.2′N,125°30.6′E,19 km,4.2,震度３,24.80333333,125.51
2015/8/11,20:05:41,釧路沖,42°55.6′N,145°29.0′E,47 km,4.2,震度２,42.92666667,145.4833333
2015/8/12,1:14:52,和歌山県北部,33°46.4′N,135°18.7′E,48 km,3.2,震度１,33.77333333,135.3116667
2015/8/12,14:21:15,岩手県内陸南部,39°02.7′N,140°54.7′E,10 km,3.2,震度１,39.045,140.9116667
2015/8/12,16:40:50,宮城県中部,38°25.3′N,141°10.2′E,12 km,2.5,震度２,38.42166667,141.17
2015/8/12,20:38:05,岩手県沖,40°16.8′N,142°13.0′E,41 km,3.8,震度２,40.28,142.2166667
2015/8/13,4:29:06,茨城県沖,36°25.3′N,140°39.4′E,53 km,3.6,震度２,36.42166667,140.6566667
2015/8/13,6:07:42,青森県東方沖,41°15.5′N,141°30.7′E,114 km,3.5,震度１,41.25833333,141.5116667
2015/8/13,9:42:31,千葉県北西部,35°41.4′N,140°04.0′E,70 km,3.6,震度２,35.69,140.0666667
2015/8/13,18:23:18,福井県嶺北,35°47.9′N,136°21.2′E,9 km,2.9,震度１,35.79833333,136.3533333
2015/8/13,18:26:07,北海道北西沖,45°06.6′N,141°09.8′E,10 km,2.4,震度１,45.11,141.1633333
2015/8/13,23:08:02,台湾付近,23°56.7′N,122°23.0′E,20 km,5.7,震度３,23.945,122.3833333
2015/8/14,4:30:30,周防灘,33°48.5′N,131°58.4′E,66 km,3.2,震度１,33.80833333,131.9733333
2015/8/14,5:13:33,福島県沖,37°09.9′N,141°26.2′E,49 km,5.1,震度４,37.165,141.4366667
2015/8/14,12:24:21,和歌山県北部,34°05.6′N,135°11.4′E,5 km,2.1,震度１,34.09333333,135.19
2015/8/14,13:43:45,十勝地方中部,42°45.1′N,143°06.7′E,80 km,5.1,震度４,42.75166667,143.1116667
2015/8/14,14:25:44,山梨県中・西部,35°52.0′N,138°47.6′E,7 km,2.6,震度１,35.86666667,138.7933333
2015/8/14,15:33:56,沖縄本島北西沖,28°20.7′N,127°38.8′E,175 km,4.5,震度１,28.345,127.6466667
2015/8/14,18:48:34,高知県中部,33°48.7′N,133°16.4′E,38 km,3.8,震度２,33.81166667,133.2733333
2015/8/14,21:13:18,宮城県沖,38°55.1′N,141°55.9′E,51 km,3.8,震度１,38.91833333,141.9316667
2015/8/15,0:24:26,静岡県中部,35°13.7′N,138°23.9′E,19 km,2.4,震度１,35.22833333,138.3983333
2015/8/15,1:38:27,長野県北部,36°58.9′N,138°35.3′E,6 km,1.8,震度１,36.98166667,138.5883333
2015/8/15,10:47:31,鹿児島県薩摩地方,31°34.0′N,130°39.5′E,1 km,2.2,震度２,31.56666667,130.6583333
2015/8/15,11:32:12,鹿児島県薩摩地方,31°33.9′N,130°39.8′E,1 km,1.8,震度１,31.565,130.6633333
2015/8/15,14:39:10,鹿児島県薩摩地方,31°33.9′N,130°39.7′E,1 km,1.9,震度１,31.565,130.6616667
2015/8/15,14:46:45,鹿児島県薩摩地方,31°34.4′N,130°39.4′E,1 km,2.2,震度２,31.57333333,130.6566667
2015/8/15,15:53:13,浦河沖,42°09.8′N,142°37.1′E,56 km,3.4,震度１,42.16333333,142.6183333
2015/8/15,19:44:09,千葉県南東沖,34°49.8′N,140°02.0′E,88 km,3.5,震度１,34.83,140.0333333
2015/8/15,23:30:07,福島県会津,37°03.7′N,139°20.2′E,8 km,2,震度２,37.06166667,139.3366667
2015/8/16,8:44:19,福島県沖,37°29.0′N,141°36.7′E,45 km,4.4,震度３,37.48333333,141.6116667
2015/8/17,9:45:41,父島近海,27°07.1′N,143°57.6′E,42 km,5.3,震度２,27.11833333,143.96
2015/8/17,13:59:26,福島県会津,37°03.7′N,139°20.4′E,9 km,1.6,震度１,37.06166667,139.34
2015/8/17,18:09:06,神奈川県西部,35°14.1′N,139°01.6′E,3 km,2.2,震度１,35.235,139.0266667
2015/8/17,19:21:28,茨城県南部,36°03.4′N,139°51.4′E,44 km,2.9,震度１,36.05666667,139.8566667
2015/8/17,20:40:34,種子島近海,30°48.3′N,131°06.4′E,7 km,5,震度３,30.805,131.1066667
2015/8/18,0:59:28,新島・神津島近海,34°13.4′N,139°11.2′E,11 km,2.3,震度１,34.22333333,139.1866667
2015/8/18,15:49:14,群馬県北部,36°38.3′N,139°15.5′E,7 km,2.7,震度２,36.63833333,139.2583333
2015/8/19,4:17:00,房総半島南方沖,34°27.0′N,140°16.2′E,76 km,4.1,震度１,34.45,140.27
2015/8/19,8:53:23,山梨県東部・富士五湖,35°32.3′N,138°58.6′E,29 km,3.3,震度２,35.53833333,138.9766667
2015/8/19,21:21:10,岩手県沿岸北部,40°09.3′N,141°39.9′E,110 km,3.9,震度２,40.155,141.665
2015/8/20,7:15:49,宮城県沖,38°23.6′N,142°08.3′E,33 km,3.8,震度１,38.39333333,142.1383333
2015/8/20,8:57:57,福島県沖,37°12.1′N,141°12.4′E,22 km,3.6,震度１,37.20166667,141.2066667
2015/8/20,15:47:51,根室地方北部,43°52.1′N,145°01.6′E,142 km,3.3,震度１,43.86833333,145.0266667
2015/8/20,20:26:14,福島県会津,37°03.6′N,139°20.4′E,7 km,2.9,震度３,37.06,139.34
2015/8/20,21:17:29,大分県西部,33°06.3′N,131°11.6′E,3 km,2.8,震度１,33.105,131.1933333
2015/8/20,21:57:31,宮城県沖,38°43.2′N,142°15.2′E,40 km,4.8,震度３,38.72,142.2533333
2015/8/20,23:01:20,浦河沖,41°56.8′N,142°17.4′E,71 km,4.1,震度２,41.94666667,142.29
2015/8/21,4:32:54,岐阜県飛騨地方,36°03.4′N,137°33.8′E,8 km,3.8,震度３,36.05666667,137.5633333
2015/8/21,5:37:50,宮城県沖,38°30.0′N,142°03.8′E,42 km,3.7,震度１,38.5,142.0633333
2015/8/21,6:13:03,岐阜県飛騨地方,36°03.4′N,137°33.8′E,8 km,3.1,震度１,36.05666667,137.5633333
2015/8/21,14:01:53,渡島地方東部,42°00.3′N,140°46.7′E,13 km,2.4,震度１,42.005,140.7783333
2015/8/21,14:12:25,奈良県,34°33.4′N,135°56.6′E,10 km,2.6,震度１,34.55666667,135.9433333
2015/8/21,16:54:37,豊後水道,33°17.3′N,132°10.4′E,48 km,4.3,震度３,33.28833333,132.1733333
2015/8/21,22:20:46,千葉県北西部,35°47.6′N,140°04.9′E,67 km,3.3,震度１,35.79333333,140.0816667
2015/8/21,23:55:10,宮城県沖,38°53.4′N,141°58.3′E,49 km,3.7,震度１,38.89,141.9716667
2015/8/22,1:41:30,浦河沖,41°58.4′N,142°45.5′E,54 km,3.6,震度１,41.97333333,142.7583333
2015/8/22,1:42:49,宮城県沖,38°41.8′N,141°47.5′E,53 km,3,震度１,38.69666667,141.7916667
2015/8/22,7:57:55,茨城県南部,36°04.1′N,139°52.6′E,46 km,3.5,震度２,36.06833333,139.8766667
2015/8/22,8:43:06,茨城県南部,35°59.5′N,140°15.1′E,41 km,3.5,震度２,35.99166667,140.2516667
2015/8/22,21:14:05,浦河沖,41°57.3′N,142°53.4′E,43 km,4.5,震度３,41.955,142.89
2015/8/22,22:20:41,種子島近海,30°48.4′N,131°06.6′E,5 km,3.6,震度１,30.80666667,131.11
2015/8/22,22:57:05,岩手県沿岸北部,39°45.4′N,141°51.2′E,58 km,3.3,震度１,39.75666667,141.8533333
2015/8/23,11:08:44,宮城県沖,38°48.9′N,141°35.5′E,74 km,4.3,震度３,38.815,141.5916667
2015/8/23,14:04:05,茨城県沖,36°38.4′N,141°02.8′E,29 km,3.9,震度１,36.64,141.0466667
2015/8/23,14:23:37,西表島付近,24°20.7′N,123°51.9′E,10 km,2.6,震度１,24.345,123.865
2015/8/23,19:11:21,茨城県沖,36°09.7′N,141°01.5′E,45 km,3.7,震度１,36.16166667,141.025
2015/8/23,20:23:44,岩手県沿岸南部,39°30.1′N,141°43.4′E,13 km,3.6,震度２,39.50166667,141.7233333
2015/8/24,2:37:10,福岡県北九州地方,33°52.1′N,130°48.3′E,13 km,2.7,震度１,33.86833333,130.805
2015/8/24,4:28:30,大分県西部,33°05.9′N,131°11.3′E,7 km,2.8,震度１,33.09833333,131.1883333
2015/8/24,7:36:44,福島県浜通り,37°03.6′N,140°46.2′E,8 km,2.4,震度１,37.06,140.77
2015/8/24,12:59:08,宮城県沖,37°58.3′N,142°29.9′E,37 km,4.4,震度２,37.97166667,142.4983333
2015/8/24,14:49:44,福島県沖,37°17.5′N,141°12.7′E,16 km,5.1,震度３,37.29166667,141.2116667
2015/8/25,3:24:37,宮城県沖,38°43.3′N,142°11.3′E,41 km,4.6,震度３,38.72166667,142.1883333
2015/8/25,6:14:26,宮城県沖,38°32.0′N,141°43.0′E,53 km,3.7,震度１,38.53333333,141.7166667
2015/8/25,9:34:30,長野県北部,36°30.6′N,137°50.3′E,5 km,1.4,震度１,36.51,137.8383333
2015/8/25,10:49:14,岩手県沖,39°14.9′N,142°24.4′E,45 km,3.8,震度１,39.24833333,142.4066667
2015/8/25,14:57:45,宮城県沖,38°36.9′N,141°53.9′E,48 km,3.6,震度２,38.615,141.8983333
2015/8/26,7:51:36,日向灘,32°06.4′N,131°51.8′E,34 km,5.2,震度４,32.10666667,131.8633333
2015/8/26,11:09:58,伊豆大島近海,34°48.9′N,139°12.3′E,11 km,1.9,震度１,34.815,139.205
2015/8/26,16:23:02,福島県沖,37°16.9′N,141°48.0′E,44 km,4.5,震度２,37.28166667,141.8
2015/8/26,23:56:12,和歌山県南部,33°32.2′N,135°33.1′E,11 km,3,震度１,33.53666667,135.5516667
2015/8/27,10:23:49,長野県中部,36°24.2′N,138°02.4′E,3 km,3.2,震度３,36.40333333,138.04
2015/8/27,12:23:14,胆振地方中東部,42°45.3′N,142°08.9′E,137 km,4.4,震度２,42.755,142.1483333
2015/8/27,18:32:07,岩手県沿岸北部,40°05.5′N,141°40.2′E,16 km,3.8,震度２,40.09166667,141.67
2015/8/27,21:48:23,壱岐・対馬近海,34°28.8′N,129°18.8′E,12 km,2.9,震度１,34.48,129.3133333
2015/8/27,23:02:47,静岡県東部,35°13.9′N,138°37.3′E,16 km,3.3,震度３,35.23166667,138.6216667
2015/8/28,4:10:12,択捉島付近,44°39.9′N,147°21.9′E,156 km,5,震度１,44.665,147.365
2015/8/28,6:13:13,日高地方中部,42°28.2′N,142°39.1′E,70 km,3.9,震度２,42.47,142.6516667
2015/8/28,6:47:16,茨城県沖,36°36.2′N,141°10.0′E,38 km,3.9,震度１,36.60333333,141.1666667
2015/8/28,7:37:51,茨城県沖,36°36.3′N,141°10.2′E,38 km,3.9,震度１,36.605,141.17
2015/8/28,10:12:40,日向灘,32°06.5′N,131°51.8′E,35 km,3.5,震度２,32.10833333,131.8633333
2015/8/28,12:16:44,橘湾,32°37.2′N,129°52.8′E,12 km,2.5,震度１,32.62,129.88
2015/8/28,23:46:19,茨城県沖,36°21.2′N,140°56.0′E,46 km,4.8,震度３,36.35333333,140.9333333
2015/8/29,0:31:00,硫黄島近海,23°22.5′N,142°12.9′E,167 km,5.8,震度２,23.375,142.215
2015/8/29,15:00:26,宗谷地方北部,45°08.0′N,141°56.6′E,0 km,2.8,震度２,45.13333333,141.9433333
2015/8/29,18:47:58,新潟県中越地方,37°22.7′N,138°43.6′E,19 km,3,震度１,37.37833333,138.7266667
2015/8/29,22:05:02,静岡県中部,34°38.2′N,138°11.5′E,11 km,3.6,震度２,34.63666667,138.1916667
2015/8/29,22:20:10,静岡県中部,34°38.2′N,138°11.7′E,10 km,2.7,震度１,34.63666667,138.195
2015/8/29,23:24:42,静岡県中部,34°38.2′N,138°11.7′E,11 km,3,震度１,34.63666667,138.195
2015/8/30,14:30:58,奄美大島北東沖,29°43.0′N,130°23.1′E,53 km,4.8,震度２,29.71666667,130.385
2015/8/30,15:19:23,奈良県,34°39.3′N,136°04.9′E,7 km,2.9,震度１,34.655,136.0816667
2015/8/30,17:32:24,栃木県北部,36°52.2′N,139°28.1′E,6 km,2.6,震度１,36.87,139.4683333
2015/8/30,18:08:37,トカラ列島近海,29°29.0′N,129°40.3′E,6 km,2.4,震度２,29.48333333,129.6716667
2015/8/30,18:11:29,トカラ列島近海,29°29.0′N,129°39.5′E,3 km,2,震度１,29.48333333,129.6583333
2015/8/30,18:43:50,岩手県内陸北部,40°07.7′N,141°08.4′E,9 km,2.5,震度１,40.12833333,141.14
2015/8/31,6:59:40,上川地方南部,43°21.9′N,142°33.2′E,3 km,2.6,震度１,43.365,142.5533333
2015/8/31,10:30:13,宮城県沖,38°17.5′N,141°51.7′E,46 km,3.5,震度１,38.29166667,141.8616667
2015/8/31,12:51:18,奄美大島北東沖,29°43.3′N,130°22.6′E,52 km,4,震度１,29.72166667,130.3766667
2015/8/31,16:45:07,静岡県中部,34°38.7′N,138°11.5′E,10 km,2.8,震度１,34.645,138.1916667
2015/8/31,20:03:37,静岡県中部,34°38.2′N,138°11.7′E,11 km,3,震度１,34.63666667,138.195
2015/8/31,20:06:46,静岡県中部,34°38.1′N,138°11.4′E,11 km,3,震度１,34.635,138.19
2015/8/31,20:35:02,静岡県中部,34°38.0′N,138°11.9′E,11 km,3.1,震度２,34.63333333,138.1983333
2015/8/31,22:55:46,三陸沖,39°52.6′N,143°28.7′E,22 km,4.4,震度１,39.87666667,143.4783333
2015/9/1,0:24:43,和歌山県北部,34°01.5′N,135°19.3′E,6 km,2.9,震度１,34.025,135.3216667
2015/9/1,0:29:39,静岡県中部,34°38.3′N,138°11.3′E,10 km,4.3,震度３,34.63833333,138.1883333
2015/9/1,4:11:17,長野県中部,36°24.1′N,138°02.5′E,4 km,2.8,震度１,36.40166667,138.0416667
2015/9/1,9:22:07,陸奥湾,41°08.7′N,140°52.8′E,10 km,2.3,震度１,41.145,140.88
2015/9/1,17:51:31,千葉県北西部,35°36.6′N,140°06.7′E,68 km,3.3,震度１,35.61,140.1116667
2015/9/1,18:40:04,留萌地方中北部,44°20.0′N,141°42.6′E,6 km,3,震度３,44.33333333,141.71
2015/9/1,19:24:11,愛媛県南予,33°01.2′N,132°35.1′E,8 km,2.8,震度１,33.02,132.585
2015/9/2,16:07:47,四国沖,33°12.8′N,134°38.4′E,30 km,4.5,震度２,33.21333333,134.64
2015/9/2,16:16:54,茨城県南部,36°11.8′N,139°58.5′E,52 km,3.8,震度２,36.19666667,139.975
2015/9/2,17:07:01,根室半島南東沖,43°07.9′N,145°52.7′E,45 km,3.2,震度１,43.13166667,145.8783333
2015/9/2,17:08:40,北海道東方沖,43°39.0′N,147°38.5′E,0 km,4.2,震度１,43.65,147.6416667
2015/9/2,17:23:38,北海道東方沖,43°39.6′N,147°44.6′E,0 km,4.2,震度１,43.66,147.7433333
2015/9/2,22:11:35,岐阜県飛騨地方,36°03.5′N,137°33.7′E,7 km,2.4,震度１,36.05833333,137.5616667
2015/9/2,22:56:23,伊豆半島東方沖,34°51.1′N,139°17.0′E,13 km,3.5,震度２,34.85166667,139.2833333
2015/9/2,23:19:39,伊豆半島東方沖,34°51.0′N,139°16.3′E,9 km,2.5,震度１,34.85,139.2716667
2015/9/3,14:02:14,千葉県東方沖,35°38.7′N,140°51.0′E,13 km,3.3,震度１,35.645,140.85
2015/9/4,1:51:50,福島県沖,37°09.2′N,143°26.1′E,54 km,5.3,震度２,37.15333333,143.435
2015/9/4,2:36:19,和歌山県北部,34°12.7′N,135°10.1′E,5 km,2,震度１,34.21166667,135.1683333
2015/9/4,4:52:23,八丈島東方沖,33°29.1′N,140°00.2′E,107 km,4.7,震度２,33.485,140.0033333
2015/9/4,6:04:32,宮城県沖,38°48.9′N,141°35.8′E,74 km,3.9,震度２,38.815,141.5966667
2015/9/4,6:14:39,福島県会津,36°56.7′N,139°24.9′E,5 km,2.3,震度１,36.945,139.415
2015/9/4,7:19:31,三陸沖,39°36.3′N,143°22.6′E,23 km,4.8,震度１,39.605,143.3766667
2015/9/4,13:49:24,奄美大島北東沖,29°18.7′N,130°27.5′E,45 km,5.3,震度３,29.31166667,130.4583333
2015/9/5,11:28:24,青森県下北地方,41°16.8′N,141°17.5′E,7 km,2.3,震度２,41.28,141.2916667
2015/9/5,12:13:14,宮城県沖,38°32.0′N,141°49.2′E,51 km,4.5,震度２,38.53333333,141.82
2015/9/5,13:18:09,宮城県沖,38°40.2′N,142°09.3′E,42 km,4.5,震度２,38.67,142.155
2015/9/5,13:27:03,宮城県沖,38°40.1′N,142°08.5′E,41 km,3.9,震度１,38.66833333,142.1416667
2015/9/5,17:50:23,長野県中部,36°24.4′N,138°02.7′E,3 km,2.5,震度１,36.40666667,138.045
2015/9/5,19:35:03,千葉県東方沖,35°52.7′N,140°53.6′E,39 km,3.6,震度１,35.87833333,140.8933333
2015/9/6,3:26:44,茨城県北部,36°54.1′N,140°36.7′E,100 km,3.9,震度２,36.90166667,140.6116667
2015/9/6,8:53:10,福島県中通り,36°57.5′N,140°32.1′E,8 km,4,震度２,36.95833333,140.535
2015/9/6,11:00:10,岩手県沖,39°38.3′N,142°06.7′E,49 km,3.6,震度１,39.63833333,142.1116667
2015/9/6,11:04:28,石川県西方沖,36°26.8′N,136°12.2′E,17 km,4.3,震度３,36.44666667,136.2033333
2015/9/6,11:49:41,茨城県南部,36°10.6′N,140°06.5′E,51 km,3.3,震度１,36.17666667,140.1083333
2015/9/6,13:02:38,渡島地方東部,42°06.9′N,140°29.1′E,10 km,2.8,震度２,42.115,140.485
2015/9/7,0:23:26,石垣島近海,24°23.3′N,124°06.8′E,44 km,4.4,震度１,24.38833333,124.1133333
2015/9/7,1:00:50,熊本県熊本地方,32°55.7′N,130°44.3′E,6 km,2.1,震度１,32.92833333,130.7383333
2015/9/7,1:45:06,福島県沖,36°58.0′N,141°13.3′E,56 km,4,震度２,36.96666667,141.2216667
2015/9/7,11:33:21,岩手県沖,39°01.6′N,142°22.8′E,33 km,3.9,震度１,39.02666667,142.38
2015/9/7,13:43:57,京都府南部,35°09.8′N,135°29.3′E,8 km,2.8,震度１,35.16333333,135.4883333
2015/9/7,18:47:01,千葉県東方沖,35°38.5′N,140°51.2′E,13 km,3.2,震度１,35.64166667,140.8533333
2015/9/7,23:44:04,有明海,32°44.0′N,130°23.5′E,10 km,2.1,震度１,32.73333333,130.3916667
2015/9/8,11:15:55,福島県沖,37°24.1′N,141°20.2′E,30 km,4.1,震度２,37.40166667,141.3366667
2015/9/8,12:31:29,長野県北部,36°59.0′N,138°26.3′E,14 km,2.9,震度２,36.98333333,138.4383333
2015/9/8,20:22:38,駿河湾,34°41.9′N,138°31.1′E,23 km,4.6,震度３,34.69833333,138.5183333
2015/9/8,20:46:26,和歌山県北部,34°08.9′N,135°10.6′E,6 km,2.2,震度１,34.14833333,135.1766667
2015/9/8,21:22:42,千葉県東方沖,35°52.4′N,140°54.2′E,14 km,3.7,震度１,35.87333333,140.9033333
2015/9/9,5:22:34,千葉県東方沖,35°52.1′N,140°54.2′E,13 km,3.6,震度１,35.86833333,140.9033333
2015/9/9,13:45:00,宮城県沖,37°50.1′N,141°50.3′E,41 km,3.9,震度１,37.835,141.8383333
2015/9/9,16:56:47,大阪府北部,34°58.1′N,135°28.0′E,8 km,2.1,震度１,34.96833333,135.4666667
2015/9/10,3:50:16,大分県中部,33°16.0′N,131°22.4′E,7 km,1.6,震度１,33.26666667,131.3733333
2015/9/10,6:51:44,千葉県東方沖,35°31.2′N,140°56.0′E,40 km,3.7,震度１,35.52,140.9333333
2015/9/11,0:24:07,福島県沖,37°10.5′N,141°04.8′E,58 km,2.9,震度１,37.175,141.08
2015/9/11,8:25:40,茨城県北部,36°46.2′N,140°33.9′E,8 km,2.9,震度１,36.77,140.565
2015/9/11,9:08:11,奈良県,33°55.3′N,135°40.6′E,56 km,3.8,震度２,33.92166667,135.6766667
2015/9/11,15:45:54,根室半島南東沖,43°06.7′N,146°00.2′E,45 km,4.3,震度２,43.11166667,146.0033333
2015/9/12,2:22:34,福島県会津,37°23.1′N,139°42.2′E,3 km,2,震度１,37.385,139.7033333
2015/9/12,5:49:07,東京湾,35°33.2′N,139°49.7′E,57 km,5.2,震度５弱,35.55333333,139.8283333
2015/9/12,8:38:09,岩手県沿岸南部,39°07.3′N,141°46.0′E,67 km,3.7,震度２,39.12166667,141.7666667
2015/9/12,11:44:53,茨城県沖,36°48.5′N,141°13.7′E,41 km,4.5,震度３,36.80833333,141.2283333
2015/9/12,22:23:32,長野県中部,36°20.6′N,138°00.3′E,5 km,2.7,震度１,36.34333333,138.005
2015/9/12,22:38:02,浦河沖,41°49.5′N,142°40.2′E,56 km,5.4,震度４,41.825,142.67
2015/9/13,0:18:14,広島県北部,34°55.1′N,133°00.1′E,10 km,3.5,震度２,34.91833333,133.0016667
2015/9/13,9:31:49,宮城県沖,38°11.0′N,141°46.0′E,57 km,3.6,震度１,38.18333333,141.7666667
2015/9/13,10:43:58,岐阜県飛騨地方,36°03.5′N,137°33.6′E,8 km,2.5,震度１,36.05833333,137.56
2015/9/13,16:03:30,日向灘,32°04.2′N,132°07.0′E,24 km,3.6,震度１,32.07,132.1166667
2015/9/13,20:27:00,岐阜県飛騨地方,36°02.6′N,137°32.1′E,6 km,2,震度１,36.04333333,137.535
2015/9/14,4:54:53,岩手県沖,39°11.6′N,142°13.7′E,49 km,3.7,震度１,39.19333333,142.2283333
2015/9/14,12:47:45,父島近海,26°55.5′N,141°22.4′E,121 km,4.1,震度１,26.925,141.3733333
2015/9/15,20:49:53,福島県浜通り,37°23.6′N,140°53.5′E,76 km,3.8,震度２,37.39333333,140.8916667
2015/9/15,23:28:12,滋賀県南部,35°02.9′N,135°58.3′E,9 km,2.9,震度１,35.04833333,135.9716667
2015/9/16,4:31:48,長野県中部,36°20.6′N,138°00.2′E,6 km,2.9,震度２,36.34333333,138.0033333
2015/9/16,4:37:36,台湾付近,24°11.6′N,121°47.0′E,26 km,5.6,震度１,24.19333333,121.7833333
2015/9/16,5:53:24,茨城県南部,35°59.7′N,140°12.4′E,41 km,3.9,震度３,35.995,140.2066667
2015/9/17,8:28:10,根室半島南東沖,43°06.6′N,146°00.0′E,45 km,3.5,震度１,43.11,146
2015/9/17,15:49:58,茨城県沖,36°38.5′N,140°56.6′E,48 km,3.2,震度１,36.64166667,140.9433333
2015/9/17,17:25:40,佐渡付近,37°56.6′N,138°01.3′E,17 km,3.8,震度１,37.94333333,138.0216667
2015/9/17,20:07:49,山形県置賜地方,38°02.8′N,139°57.8′E,11 km,3.3,震度２,38.04666667,139.9633333
2015/9/17,23:50:01,栃木県北部,36°56.5′N,139°47.6′E,8 km,2.7,震度１,36.94166667,139.7933333
2015/9/18,1:43:25,石垣島近海,24°22.9′N,124°07.0′E,43 km,3.6,震度１,24.38166667,124.1166667
2015/9/18,6:42:42,青森県東方沖,41°22.1′N,142°03.4′E,62 km,4.3,震度２,41.36833333,142.0566667
2015/9/18,8:46:46,長野県中部,36°20.2′N,138°00.3′E,6 km,2.8,震度１,36.33666667,138.005
2015/9/18,16:46:01,種子島近海,30°20.8′N,130°57.6′E,8 km,3.1,震度１,30.34666667,130.96
2015/9/18,21:41:48,秋田県内陸南部,39°53.9′N,140°42.9′E,5 km,2.7,震度１,39.89833333,140.715
2015/9/19,5:05:15,茨城県沖,36°24.0′N,141°01.9′E,47 km,3.9,震度２,36.4,141.0316667
2015/9/19,23:01:00,網走地方,43°29.5′N,144°03.8′E,0 km,3.9,震度３,43.49166667,144.0633333
2015/9/20,9:17:08,福島県沖,36°56.8′N,141°03.8′E,51 km,3.4,震度１,36.94666667,141.0633333
2015/9/20,17:30:47,宮城県沖,38°16.0′N,141°48.3′E,56 km,3.8,震度１,38.26666667,141.805
2015/9/21,10:47:50,岩手県沖,39°25.1′N,142°26.1′E,25 km,3.7,震度１,39.41833333,142.435
2015/9/21,16:19:55,愛媛県南予,33°27.7′N,132°36.6′E,45 km,3.5,震度１,33.46166667,132.61
2015/9/21,17:53:06,トカラ列島近海,29°35.7′N,129°51.5′E,14 km,3.2,震度１,29.595,129.8583333
2015/9/21,19:15:07,新潟県中越地方,37°18.7′N,138°52.9′E,13 km,2.4,震度１,37.31166667,138.8816667
2015/9/22,5:55:15,茨城県南部,36°01.0′N,140°04.2′E,61 km,3.8,震度２,36.01666667,140.07
2015/9/22,15:59:57,茨城県沖,36°41.9′N,141°01.0′E,18 km,4.1,震度２,36.69833333,141.0166667
2015/9/22,17:56:47,茨城県沖,36°41.8′N,141°01.1′E,19 km,4.4,震度２,36.69666667,141.0183333
2015/9/22,21:53:15,福島県中通り,37°07.5′N,140°28.6′E,8 km,2.5,震度１,37.125,140.4766667
2015/9/23,4:11:14,岩手県沖,39°09.3′N,142°23.4′E,34 km,3.7,震度１,39.155,142.39
2015/9/23,20:37:01,宮城県沖,38°51.4′N,142°03.1′E,46 km,3.5,震度１,38.85666667,142.0516667
2015/9/23,23:44:30,茨城県南部,36°20.1′N,139°57.7′E,77 km,3.7,震度２,36.335,139.9616667
2015/9/24,15:02:31,秋田県内陸北部,40°01.7′N,140°32.0′E,8 km,2.9,震度２,40.02833333,140.5333333
2015/9/24,15:19:43,秋田県内陸北部,40°01.8′N,140°31.8′E,9 km,3.9,震度３,40.03,140.53
2015/9/24,19:04:56,三陸沖,39°46.1′N,143°33.4′E,24 km,4.8,震度１,39.76833333,143.5566667
2015/9/24,19:10:42,岩手県沖,39°22.8′N,142°04.3′E,41 km,3.8,震度２,39.38,142.0716667
2015/9/24,19:58:20,大阪府北部,34°50.8′N,135°42.9′E,12 km,3.6,震度２,34.84666667,135.715
2015/9/25,5:05:57,宮城県沖,38°38.2′N,141°48.5′E,50 km,4.1,震度３,38.63666667,141.8083333
2015/9/25,5:59:50,神奈川県西部,35°14.1′N,139°01.6′E,2 km,1.9,震度１,35.235,139.0266667
2015/9/25,6:07:26,青森県東方沖,40°54.0′N,142°07.4′E,52 km,3.7,震度１,40.9,142.1233333
2015/9/25,23:58:04,和歌山県北部,34°15.5′N,135°07.5′E,7 km,2.2,震度１,34.25833333,135.125
2015/9/26,3:13:25,福岡県筑後地方,33°05.4′N,130°25.8′E,10 km,3.4,震度３,33.09,130.43
2015/9/26,7:31:24,福島県沖,36°56.2′N,141°07.5′E,51 km,3.9,震度１,36.93666667,141.125
2015/9/26,18:49:46,苫小牧沖,42°12.7′N,141°57.4′E,94 km,4.5,震度２,42.21166667,141.9566667
2015/9/26,20:22:15,千葉県東方沖,35°47.3′N,140°53.5′E,17 km,4,震度２,35.78833333,140.8916667
2015/9/26,21:26:26,山梨県東部・富士五湖,35°32.5′N,139°00.1′E,20 km,2.6,震度１,35.54166667,139.0016667
2015/9/27,0:44:29,沖縄本島近海,27°27.1′N,128°38.9′E,43 km,3.2,震度１,27.45166667,128.6483333
2015/9/27,12:54:14,茨城県沖,36°08.3′N,140°58.0′E,37 km,3.4,震度１,36.13833333,140.9666667
2015/9/27,20:39:29,秋田県内陸南部,39°29.8′N,140°24.0′E,10 km,2.2,震度１,39.49666667,140.4
2015/9/28,5:39:59,熊本県熊本地方,32°58.1′N,130°54.7′E,5 km,2.3,震度１,32.96833333,130.9116667
2015/9/28,9:48:30,千葉県北西部,35°39.3′N,140°05.8′E,67 km,3.6,震度１,35.655,140.0966667
2015/9/28,10:40:34,茨城県南部,36°02.4′N,140°07.4′E,50 km,3.1,震度１,36.04,140.1233333
2015/9/28,12:04:42,千葉県東方沖,35°47.9′N,140°52.5′E,15 km,4,震度２,35.79833333,140.875
2015/9/28,13:10:19,宮城県沖,38°10.0′N,141°12.8′E,65 km,3.4,震度１,38.16666667,141.2133333
2015/9/29,1:33:55,岩手県沖,39°37.9′N,142°06.3′E,48 km,3.9,震度２,39.63166667,142.105
2015/9/29,10:21:25,岐阜県飛騨地方,36°03.4′N,137°33.8′E,8 km,3.1,震度２,36.05666667,137.5633333
2015/9/29,13:24:24,種子島南東沖,30°06.1′N,131°21.8′E,26 km,4.2,震度１,30.10166667,131.3633333
2015/9/29,17:46:49,三陸沖,40°17.8′N,143°42.9′E,9 km,5.2,震度１,40.29666667,143.715
2015/9/29,20:04:18,長野県南部,35°55.8′N,137°38.8′E,7 km,2.5,震度１,35.93,137.6466667
2015/9/29,20:35:41,三陸沖,39°27.8′N,143°40.1′E,39 km,4.7,震度１,39.46333333,143.6683333
2015/9/30,1:50:23,青森県東方沖,40°48.1′N,141°29.6′E,91 km,3,震度１,40.80166667,141.4933333
2015/9/30,11:53:45,宮城県沖,38°28.5′N,141°54.7′E,61 km,3.8,震度２,38.475,141.9116667
2015/9/30,21:35:14,与那国島近海,24°22.6′N,122°58.8′E,49 km,3.6,震度１,24.37666667,122.98
2015/10/1,11:27:17,福島県会津,37°45.9′N,140°00.2′E,8 km,3.2,震度１,37.765,140.0033333
2015/10/1,20:10:26,茨城県沖,36°26.5′N,140°48.1′E,57 km,3.9,震度３,36.44166667,140.8016667
2015/10/1,22:42:46,沖縄本島近海,26°40.9′N,127°46.3′E,47 km,3.9,震度２,26.68166667,127.7716667
2015/10/2,4:07:21,奈良県,34°24.6′N,135°52.6′E,10 km,2.8,震度１,34.41,135.8766667
2015/10/2,5:39:08,群馬県北部,36°44.8′N,138°44.5′E,5 km,2.2,震度１,36.74666667,138.7416667
2015/10/2,12:10:50,和歌山県北部,33°59.8′N,135°14.1′E,6 km,2.4,震度１,33.99666667,135.235
2015/10/2,15:11:04,和歌山県南部,33°32.3′N,135°33.2′E,11 km,2.8,震度１,33.53833333,135.5533333
2015/10/2,18:19:39,新潟県上中越沖,37°26.6′N,138°02.0′E,27 km,3.8,震度２,37.44333333,138.0333333
2015/10/2,20:36:13,奄美大島近海,28°14.2′N,129°21.6′E,11 km,3.3,震度２,28.23666667,129.36
2015/10/3,4:09:58,鹿児島県薩摩地方,32°04.1′N,130°12.3′E,9 km,4.1,震度４,32.06833333,130.205
2015/10/3,8:29:33,宮城県沖,38°38.2′N,141°54.3′E,48 km,3.8,震度２,38.63666667,141.905
2015/10/3,23:19:11,種子島近海,30°33.7′N,131°17.1′E,28 km,3.7,震度１,30.56166667,131.285
2015/10/3,23:31:04,福島県沖,37°21.7′N,141°23.8′E,55 km,3.7,震度１,37.36166667,141.3966667
2015/10/4,0:51:22,沖縄本島近海,26°34.8′N,128°13.3′E,43 km,4.5,震度３,26.58,128.2216667
2015/10/4,4:35:46,宮城県沖,38°15.9′N,141°51.1′E,47 km,4,震度２,38.265,141.8516667
2015/10/4,9:22:03,トカラ列島近海,29°11.5′N,129°06.3′E,10 km,2.7,震度１,29.19166667,129.105
2015/10/4,11:57:53,宮城県沖,38°53.3′N,141°58.4′E,49 km,3.5,震度１,38.88833333,141.9733333
2015/10/4,17:06:23,宮城県沖,38°26.0′N,141°39.6′E,54 km,3.4,震度１,38.43333333,141.66
2015/10/5,4:39:08,宮城県沖,38°38.7′N,142°10.2′E,41 km,4.2,震度１,38.645,142.17
2015/10/5,9:14:47,島根県東部,35°14.8′N,132°41.9′E,6 km,2.4,震度１,35.24666667,132.6983333
2015/10/5,17:56:28,釧路地方中南部,43°01.8′N,144°24.6′E,76 km,3.1,震度１,43.03,144.41
2015/10/5,19:24:53,千葉県東方沖,35°36.2′N,141°02.3′E,17 km,3.5,震度１,35.60333333,141.0383333
2015/10/5,19:54:56,福島県沖,37°28.2′N,141°21.8′E,35 km,3.3,震度１,37.47,141.3633333
2015/10/5,21:27:59,和歌山県北部,34°08.5′N,135°08.8′E,5 km,3.8,震度３,34.14166667,135.1466667
2015/10/5,21:45:47,茨城県沖,36°32.0′N,140°46.0′E,18 km,3.3,震度２,36.53333333,140.7666667
2015/10/6,2:17:59,奈良県,34°24.6′N,135°52.7′E,10 km,3.4,震度３,34.41,135.8783333
2015/10/6,18:09:25,岩手県沿岸北部,39°45.2′N,141°50.6′E,58 km,3.7,震度２,39.75333333,141.8433333
2015/10/6,18:32:07,宮城県沖,38°42.0′N,142°14.8′E,39 km,5,震度３,38.7,142.2466667
2015/10/6,19:06:23,宮城県沖,38°42.3′N,142°14.1′E,39 km,3.9,震度１,38.705,142.235
2015/10/6,19:17:32,宮城県沖,38°42.1′N,142°14.8′E,39 km,4.5,震度２,38.70166667,142.2466667
2015/10/6,20:48:04,宮城県沖,38°42.3′N,142°13.9′E,39 km,3.9,震度１,38.705,142.2316667
2015/10/7,5:25:47,宮城県沖,38°17.1′N,142°01.0′E,49 km,3.8,震度１,38.285,142.0166667
2015/10/7,9:20:22,宮城県沖,38°52.9′N,142°30.0′E,38 km,4.1,震度１,38.88166667,142.5
2015/10/7,16:46:27,山梨県東部・富士五湖,35°33.2′N,138°57.8′E,22 km,3.3,震度２,35.55333333,138.9633333
2015/10/8,3:52:17,静岡県東部,35°18.7′N,138°43.0′E,12 km,1.5,震度１,35.31166667,138.7166667
2015/10/8,4:33:05,岩手県沖,39°38.8′N,142°06.4′E,48 km,3.2,震度１,39.64666667,142.1066667
2015/10/8,6:54:21,豊後水道,33°24.9′N,132°21.8′E,42 km,3,震度１,33.415,132.3633333
2015/10/8,21:49:05,青森県東方沖,40°54.0′N,142°07.0′E,51 km,3.3,震度１,40.9,142.1166667
2015/10/8,23:44:51,岩手県沿岸北部,39°39.2′N,141°57.3′E,62 km,3.2,震度１,39.65333333,141.955
2015/10/9,1:01:07,大隅半島東方沖,31°35.7′N,131°28.4′E,38 km,3.4,震度１,31.595,131.4733333
2015/10/10,5:32:49,長野県北部,36°49.5′N,138°22.4′E,10 km,2.6,震度１,36.825,138.3733333
2015/10/11,7:16:32,根室半島南東沖,43°05.8′N,145°46.9′E,51 km,3.7,震度２,43.09666667,145.7816667
2015/10/11,11:12:26,茨城県南部,36°15.0′N,140°03.5′E,55 km,2.8,震度１,36.25,140.0583333
2015/10/11,11:20:42,岐阜県飛騨地方,36°05.2′N,137°32.5′E,6 km,2,震度１,36.08666667,137.5416667
2015/10/11,12:00:32,宮城県沖,38°31.8′N,141°48.8′E,50 km,3,震度１,38.53,141.8133333
2015/10/11,17:11:48,父島近海,27°08.7′N,142°35.3′E,29 km,3.9,震度１,27.145,142.5883333
2015/10/12,9:48:03,宮城県沖,38°45.2′N,142°11.8′E,36 km,3.6,震度１,38.75333333,142.1966667
2015/10/12,14:42:40,茨城県北部,36°49.7′N,140°33.3′E,7 km,3.3,震度１,36.82833333,140.555
2015/10/13,0:03:08,茨城県北部,36°49.7′N,140°33.3′E,8 km,3,震度１,36.82833333,140.555
2015/10/13,4:40:39,宮城県沖,38°41.7′N,142°14.2′E,39 km,3.7,震度１,38.695,142.2366667
2015/10/13,9:00:14,福島県沖,36°56.7′N,141°09.9′E,26 km,3.3,震度１,36.945,141.165
2015/10/13,9:17:55,宮古島近海,25°11.2′N,125°00.5′E,70 km,4.8,震度３,25.18666667,125.0083333
2015/10/13,13:24:11,岩手県沖,40°04.0′N,142°42.3′E,27 km,4.5,震度１,40.06666667,142.705
2015/10/13,21:04:27,宮城県沖,38°52.0′N,141°38.2′E,61 km,3.4,震度１,38.86666667,141.6366667
2015/10/13,22:08:49,長野県北部,36°48.9′N,138°37.1′E,1 km,2.5,震度１,36.815,138.6183333
2015/10/13,23:58:51,宮城県沖,38°53.9′N,142°29.7′E,41 km,3.9,震度２,38.89833333,142.495
2015/10/15,4:36:07,根室半島南東沖,43°26.2′N,146°04.7′E,96 km,4.1,震度２,43.43666667,146.0783333
2015/10/15,5:35:09,千葉県東方沖,35°25.1′N,140°58.0′E,18 km,4,震度２,35.41833333,140.9666667
2015/10/15,10:06:39,茨城県南部,36°00.6′N,139°55.8′E,41 km,2.9,震度１,36.01,139.93
2015/10/15,11:36:49,根室半島南東沖,43°02.4′N,145°56.1′E,74 km,3.9,震度１,43.04,145.935
2015/10/15,13:51:01,三重県南部,33°59.0′N,136°08.7′E,45 km,3.3,震度１,33.98333333,136.145
2015/10/15,14:29:09,天草灘,32°26.6′N,129°56.6′E,13 km,2.4,震度１,32.44333333,129.9433333
2015/10/15,14:41:30,鳥取県中部,35°26.2′N,133°54.6′E,8 km,2.1,震度１,35.43666667,133.91
2015/10/15,16:03:46,宮城県沖,38°46.5′N,142°00.9′E,55 km,3.7,震度１,38.775,142.015
2015/10/16,5:36:40,栃木県北部,36°37.6′N,139°25.1′E,9 km,3,震度２,36.62666667,139.4183333
2015/10/16,5:56:19,愛知県西部,34°59.6′N,137°07.0′E,40 km,2.9,震度１,34.99333333,137.1166667
2015/10/16,9:13:44,徳島県南部,33°54.0′N,134°27.5′E,10 km,2.3,震度１,33.9,134.4583333
2015/10/16,10:59:39,長野県中部,36°18.2′N,137°53.2′E,4 km,2.3,震度２,36.30333333,137.8866667
2015/10/16,15:32:20,徳島県南部,33°54.5′N,134°26.3′E,39 km,2.8,震度１,33.90833333,134.4383333
2015/10/16,16:34:04,宮城県沖,38°18.6′N,141°54.3′E,46 km,3.8,震度２,38.31,141.905
2015/10/16,17:33:42,青森県三八上北地方,40°24.6′N,141°35.4′E,111 km,4.1,震度２,40.41,141.59
2015/10/17,1:11:02,五島列島近海,32°49.8′N,129°43.1′E,11 km,2.7,震度１,32.83,129.7183333
2015/10/17,1:13:43,五島列島近海,32°49.8′N,129°43.3′E,11 km,2.7,震度１,32.83,129.7216667
2015/10/17,2:31:35,橘湾,32°40.1′N,129°58.8′E,12 km,2.9,震度２,32.66833333,129.98
2015/10/17,14:17:59,根室半島南東沖,43°11.7′N,146°25.9′E,51 km,4.5,震度２,43.195,146.4316667
2015/10/17,17:53:54,鳥取県中部,35°26.2′N,133°54.7′E,8 km,3.8,震度４,35.43666667,133.9116667
2015/10/17,18:40:31,鳥取県中部,35°26.1′N,133°54.7′E,8 km,2.3,震度１,35.435,133.9116667
2015/10/17,18:50:58,鳥取県中部,35°26.1′N,133°54.4′E,8 km,2,震度１,35.435,133.9066667
2015/10/18,1:16:34,岩手県沖,40°21.2′N,142°04.7′E,51 km,3.9,震度２,40.35333333,142.0783333
2015/10/18,8:30:35,鳥取県中部,35°26.2′N,133°54.3′E,8 km,4.2,震度４,35.43666667,133.905
2015/10/18,8:36:52,鳥取県中部,35°26.3′N,133°54.7′E,8 km,4.3,震度４,35.43833333,133.9116667
2015/10/18,8:39:39,鳥取県中部,35°26.3′N,133°54.3′E,8 km,2.1,震度１,35.43833333,133.905
2015/10/18,9:47:40,青森県東方沖,41°29.5′N,142°00.1′E,65 km,4.4,震度３,41.49166667,142.0016667
2015/10/18,10:21:42,鳥取県中部,35°26.4′N,133°54.8′E,8 km,2.8,震度２,35.44,133.9133333
2015/10/18,10:26:15,鳥取県中部,35°26.0′N,133°54.9′E,7 km,1.7,震度１,35.43333333,133.915
2015/10/18,15:13:15,山梨県中・西部,35°48.6′N,138°45.0′E,9 km,2.3,震度１,35.81,138.75
2015/10/18,16:16:30,兵庫県南東部,34°57.5′N,135°22.2′E,7 km,2.7,震度１,34.95833333,135.37
2015/10/18,22:52:01,鳥取県中部,35°26.1′N,133°54.7′E,8 km,2.3,震度２,35.435,133.9116667
2015/10/19,1:29:57,鳥取県中部,35°26.3′N,133°54.8′E,9 km,2.6,震度１,35.43833333,133.9133333
2015/10/19,11:14:04,鳥取県中部,35°26.0′N,133°53.8′E,8 km,3,震度３,35.43333333,133.8966667
2015/10/19,17:00:01,鳥取県中部,35°26.2′N,133°54.8′E,7 km,1.9,震度１,35.43666667,133.9133333
2015/10/19,17:07:18,鳥取県中部,35°26.1′N,133°54.7′E,7 km,1.9,震度１,35.435,133.9116667
2015/10/19,22:27:37,福島県浜通り,37°04.8′N,140°39.2′E,11 km,3.4,震度１,37.08,140.6533333
2015/10/19,22:57:01,鳥取県中部,35°26.1′N,133°53.8′E,8 km,2.7,震度３,35.435,133.8966667
2015/10/20,1:41:03,長野県中部,35°48.5′N,138°11.0′E,16 km,2.9,震度１,35.80833333,138.1833333
2015/10/20,6:44:46,九州地方南東沖,30°38.5′N,131°34.0′E,35 km,4.5,震度２,30.64166667,131.5666667
2015/10/20,6:47:03,九州地方南東沖,30°39.7′N,131°34.7′E,30 km,3.9,震度１,30.66166667,131.5783333
2015/10/20,7:05:14,大隅半島東方沖,30°39.9′N,131°32.8′E,34 km,4.1,震度１,30.665,131.5466667
2015/10/20,8:38:08,宮城県沖,38°32.2′N,141°44.9′E,54 km,3.5,震度１,38.53666667,141.7483333
2015/10/20,9:53:06,紀伊水道,34°09.0′N,135°10.0′E,4 km,3,震度２,34.15,135.1666667
2015/10/20,11:41:23,奄美大島近海,28°22.7′N,130°11.8′E,27 km,3.6,震度１,28.37833333,130.1966667
2015/10/20,18:29:09,小笠原諸島西方沖,27°07.6′N,140°37.6′E,314 km,5.7,震度３,27.12666667,140.6266667
2015/10/21,4:28:00,岩手県沿岸北部,40°02.2′N,141°44.7′E,68 km,3,震度１,40.03666667,141.745
2015/10/21,4:47:31,十勝沖,42°35.5′N,143°59.3′E,62 km,4,震度２,42.59166667,143.9883333
2015/10/21,5:15:32,岩手県沖,39°06.5′N,142°07.9′E,45 km,3.1,震度１,39.10833333,142.1316667
2015/10/21,6:42:06,茨城県沖,36°37.5′N,141°28.0′E,43 km,3.6,震度１,36.625,141.4666667
2015/10/21,12:53:58,八丈島東方沖,33°25.8′N,140°07.7′E,93 km,4.4,震度１,33.43,140.1283333
2015/10/21,14:11:09,宮城県沖,38°29.6′N,141°49.9′E,55 km,3.6,震度１,38.49333333,141.8316667
2015/10/21,14:59:54,茨城県沖,36°50.4′N,140°56.1′E,81 km,3.4,震度１,36.84,140.935
2015/10/21,15:04:49,福島県沖,37°18.8′N,141°11.5′E,37 km,5.3,震度４,37.31333333,141.1916667
2015/10/21,15:07:01,福島県沖,37°18.2′N,141°09.3′E,34 km,3.5,震度１,37.30333333,141.155
2015/10/21,15:12:14,福島県沖,37°18.0′N,141°10.6′E,36 km,3.3,震度１,37.3,141.1766667
2015/10/21,15:41:12,石川県加賀地方,36°21.0′N,136°40.2′E,12 km,2.4,震度１,36.35,136.67
2015/10/22,1:14:24,鳥取県中部,35°26.0′N,133°54.8′E,7 km,2.1,震度１,35.43333333,133.9133333
2015/10/22,9:02:11,宮城県沖,38°21.9′N,142°19.4′E,30 km,3.7,震度１,38.365,142.3233333
2015/10/22,9:51:51,岩手県沖,39°05.9′N,142°12.5′E,43 km,3.9,震度２,39.09833333,142.2083333
2015/10/22,10:41:19,福島県沖,37°18.0′N,141°10.4′E,35 km,3.2,震度１,37.3,141.1733333
2015/10/22,18:11:49,和歌山県南方沖,33°14.9′N,135°07.6′E,34 km,3.6,震度１,33.24833333,135.1266667
2015/10/22,23:16:50,島根県東部,35°11.3′N,132°55.5′E,6 km,3.1,震度２,35.18833333,132.925
2015/10/22,23:42:00,根室半島南東沖,43°16.8′N,146°10.6′E,46 km,3.5,震度１,43.28,146.1766667
2015/10/23,1:01:41,鳥取県中部,35°26.1′N,133°53.7′E,8 km,1.7,震度１,35.435,133.895
2015/10/23,1:18:50,岩手県沖,39°20.4′N,142°03.6′E,48 km,4.6,震度３,39.34,142.06
2015/10/23,3:44:58,岐阜県飛騨地方,36°03.8′N,137°33.6′E,8 km,2.7,震度１,36.06333333,137.56
2015/10/23,10:24:40,鳥取県中部,35°26.0′N,133°53.5′E,8 km,1.5,震度１,35.43333333,133.8916667
2015/10/23,16:55:34,岩手県沖,40°22.2′N,142°40.6′E,34 km,3.9,震度１,40.37,142.6766667
2015/10/24,13:13:57,千葉県北西部,35°48.1′N,140°05.0′E,66 km,3.7,震度２,35.80166667,140.0833333
2015/10/24,13:26:36,十勝地方中部,42°47.6′N,143°09.3′E,97 km,3.8,震度２,42.79333333,143.155
2015/10/25,0:42:02,神奈川県西部,35°13.3′N,139°07.1′E,9 km,2.2,震度２,35.22166667,139.1183333
2015/10/25,1:17:37,鳥取県中部,35°26.0′N,133°54.3′E,7 km,1.8,震度１,35.43333333,133.905
2015/10/25,1:55:33,兵庫県南西部,34°58.4′N,134°36.5′E,14 km,3.1,震度１,34.97333333,134.6083333
2015/10/25,17:15:25,山梨県東部・富士五湖,35°30.3′N,138°57.1′E,21 km,4.3,震度３,35.505,138.9516667
2015/10/25,23:11:35,鳥取県中部,35°26.4′N,133°54.7′E,9 km,2.2,震度１,35.44,133.9116667
2015/10/26,2:18:44,岩手県沖,40°21.1′N,142°04.8′E,50 km,3.9,震度２,40.35166667,142.08
2015/10/26,9:01:21,宮城県沖,38°18.2′N,141°49.2′E,47 km,3.2,震度１,38.30333333,141.82
2015/10/26,13:02:18,網走地方,43°29.6′N,144°03.3′E,0 km,2.5,震度１,43.49333333,144.055
2015/10/26,16:15:06,浦河沖,42°02.0′N,142°34.9′E,64 km,3.7,震度１,42.03333333,142.5816667
2015/10/27,3:16:39,島根県東部,35°19.5′N,133°14.8′E,9 km,2.6,震度１,35.325,133.2466667
2015/10/27,3:51:02,釧路沖,42°34.4′N,144°34.9′E,82 km,3.8,震度１,42.57333333,144.5816667
2015/10/27,6:09:28,宮城県沖,38°36.1′N,142°10.5′E,35 km,3.5,震度１,38.60166667,142.175
2015/10/27,12:01:58,茨城県沖,36°17.8′N,140°56.4′E,38 km,3.4,震度１,36.29666667,140.94
2015/10/27,12:44:22,福島県沖,37°12.6′N,141°11.8′E,84 km,3.9,震度１,37.21,141.1966667
2015/10/27,15:19:23,千葉県東方沖,35°40.9′N,140°48.6′E,20 km,3,震度１,35.68166667,140.81
2015/10/27,18:12:50,千葉県東方沖,35°24.9′N,140°38.2′E,39 km,3.4,震度２,35.415,140.6366667
2015/10/27,18:38:07,茨城県沖,36°14.1′N,140°55.7′E,46 km,3.2,震度１,36.235,140.9283333
2015/10/27,21:17:20,岩手県沖,40°22.5′N,142°16.0′E,42 km,3.8,震度２,40.375,142.2666667
2015/10/28,3:08:38,大阪湾,34°35.7′N,135°03.0′E,7 km,2.5,震度２,34.595,135.05
2015/10/28,5:42:48,福島県沖,37°04.8′N,142°02.3′E,45 km,4.2,震度１,37.08,142.0383333
2015/10/28,6:21:08,宮城県沖,38°55.2′N,141°55.7′E,50 km,3.4,震度１,38.92,141.9283333
2015/10/28,7:55:58,東京都多摩西部,35°45.5′N,139°10.7′E,16 km,2.3,震度１,35.75833333,139.1783333
2015/10/28,10:51:29,千葉県東方沖,35°47.8′N,140°55.3′E,14 km,3.3,震度１,35.79666667,140.9216667
2015/10/28,12:29:11,根室半島南東沖,42°58.0′N,146°25.7′E,64 km,4.5,震度２,42.96666667,146.4283333
2015/10/28,14:44:06,千葉県東方沖,35°47.7′N,140°55.1′E,14 km,3.3,震度１,35.795,140.9183333
2015/10/28,21:58:17,鳥取県中部,35°26.1′N,133°53.8′E,8 km,2.1,震度２,35.435,133.8966667
2015/10/29,7:34:55,茨城県北部,36°43.6′N,140°36.6′E,7 km,2.6,震度１,36.72666667,140.61
2015/10/29,11:55:06,福島県沖,37°36.7′N,141°48.2′E,28 km,3.9,震度１,37.61166667,141.8033333
2015/10/29,11:56:27,福井県嶺北,36°04.6′N,136°06.9′E,10 km,3.5,震度２,36.07666667,136.115
2015/10/29,16:28:06,新潟県中越地方,37°05.4′N,138°48.3′E,8 km,2.7,震度２,37.09,138.805
2015/10/29,21:42:39,新潟県上越地方,36°52.0′N,138°09.7′E,7 km,2.6,震度２,36.86666667,138.1616667
2015/10/30,2:18:58,釧路沖,42°55.9′N,145°29.0′E,46 km,3.3,震度１,42.93166667,145.4833333
2015/10/30,6:51:12,群馬県北部,36°42.5′N,139°20.2′E,8 km,2.7,震度２,36.70833333,139.3366667
2015/10/30,16:22:16,熊本県熊本地方,32°53.0′N,130°49.0′E,13 km,3.2,震度２,32.88333333,130.8166667
2015/10/30,17:43:24,熊本県熊本地方,32°53.0′N,130°49.1′E,13 km,3.3,震度２,32.88333333,130.8183333
2015/10/30,19:32:06,岩手県沿岸北部,39°45.5′N,141°50.2′E,58 km,3.7,震度２,39.75833333,141.8366667
2015/10/31,1:31:33,和歌山県南部,33°58.4′N,135°38.5′E,54 km,3.9,震度２,33.97333333,135.6416667
2015/10/31,7:00:45,鳥取県中部,35°25.9′N,133°53.7′E,8 km,1.7,震度１,35.43166667,133.895
2015/10/31,7:07:01,鳥取県中部,35°25.9′N,133°53.9′E,7 km,1.7,震度１,35.43166667,133.8983333
2015/10/31,16:56:34,秋田県沖,39°49.4′N,138°39.1′E,37 km,4.8,震度２,39.82333333,138.6516667
2015/10/31,19:27:41,胆振地方中東部,42°44.8′N,141°34.4′E,15 km,1.7,震度１,42.74666667,141.5733333
2015/10/31,23:20:06,千葉県北東部,35°51.6′N,140°37.7′E,51 km,4.5,震度２,35.86,140.6283333
2015/11/1,12:48:48,青森県東方沖,41°34.0′N,142°04.0′E,65 km,5.2,震度３,41.56666667,142.0666667
2015/11/1,16:13:50,岐阜県飛騨地方,36°00.3′N,137°20.1′E,5 km,2.7,震度１,36.005,137.335
2015/11/1,21:04:52,茨城県北部,36°44.0′N,140°36.6′E,8 km,3.1,震度１,36.73333333,140.61
2015/11/1,21:06:08,茨城県北部,36°44.1′N,140°36.3′E,8 km,3,震度１,36.735,140.605
2015/11/1,21:12:07,岩手県沖,39°06.7′N,142°25.2′E,33 km,4.4,震度２,39.11166667,142.42
2015/11/2,3:02:01,福島県沖,37°18.0′N,141°11.3′E,37 km,3.6,震度１,37.3,141.1883333
2015/11/2,8:08:37,鹿児島県薩摩地方,31°54.7′N,130°49.8′E,0 km,2.1,震度１,31.91166667,130.83
2015/11/2,12:34:11,青森県東方沖,40°27.0′N,141°58.3′E,66 km,3.9,震度３,40.45,141.9716667
2015/11/2,18:07:30,宮城県沖,38°36.1′N,142°31.6′E,38 km,4,震度１,38.60166667,142.5266667
2015/11/3,1:43:11,沖縄本島近海,27°12.8′N,127°39.2′E,90 km,4.3,震度１,27.21333333,127.6533333
2015/11/3,11:51:44,宮城県沖,38°27.1′N,141°54.9′E,61 km,3.6,震度１,38.45166667,141.915
2015/11/3,12:46:08,福島県沖,37°31.6′N,141°23.5′E,51 km,3.2,震度１,37.52666667,141.3916667
2015/11/3,14:11:07,茨城県北部,36°40.3′N,140°38.8′E,10 km,2.8,震度１,36.67166667,140.6466667
2015/11/3,14:38:51,福島県会津,37°01.4′N,139°20.9′E,7 km,2.3,震度２,37.02333333,139.3483333
2015/11/3,19:04:51,福島県浜通り,37°20.1′N,140°53.0′E,97 km,3.5,震度１,37.335,140.8833333
2015/11/4,0:01:32,大阪府南部,34°28.3′N,135°36.6′E,12 km,3.5,震度２,34.47166667,135.61
2015/11/4,0:55:39,日向灘,32°39.9′N,132°00.6′E,36 km,4,震度３,32.665,132.01
2015/11/4,3:55:10,三河湾,34°45.3′N,136°59.1′E,11 km,2.6,震度１,34.755,136.985
2015/11/4,8:56:24,茨城県沖,35°55.4′N,141°05.3′E,21 km,4.2,震度２,35.92333333,141.0883333
2015/11/4,15:28:06,茨城県北部,36°47.6′N,140°35.2′E,7 km,3.1,震度１,36.79333333,140.5866667
2015/11/4,22:47:51,根室半島南東沖,43°20.2′N,146°02.7′E,92 km,4.6,震度２,43.33666667,146.045
2015/11/4,23:01:59,千葉県東方沖,35°47.0′N,141°03.4′E,28 km,3.6,震度１,35.78333333,141.0566667
2015/11/4,23:56:46,宮城県沖,38°51.4′N,142°03.0′E,46 km,3.5,震度１,38.85666667,142.05
2015/11/5,13:06:09,福島県中通り,37°02.7′N,140°32.6′E,8 km,2.8,震度１,37.045,140.5433333
2015/11/5,17:23:04,八丈島東方沖,32°17.5′N,140°59.0′E,37 km,5.1,震度１,32.29166667,140.9833333
2015/11/5,17:38:59,福島県会津,37°02.8′N,139°20.4′E,7 km,1.9,震度１,37.04666667,139.34
2015/11/5,20:58:17,埼玉県北部,36°06.2′N,139°41.9′E,85 km,3.1,震度１,36.10333333,139.6983333
2015/11/6,0:35:35,北海道東方沖,43°19.1′N,146°55.7′E,43 km,4.3,震度１,43.31833333,146.9283333
2015/11/6,3:02:53,三陸沖,39°22.3′N,143°41.6′E,35 km,5,震度１,39.37166667,143.6933333
2015/11/6,8:30:13,根室半島南東沖,42°56.7′N,146°28.7′E,57 km,4.1,震度１,42.945,146.4783333
2015/11/6,11:07:24,豊後水道,33°17.8′N,132°12.0′E,44 km,3,震度１,33.29666667,132.2
2015/11/6,18:58:44,岐阜県美濃中西部,35°20.9′N,136°28.0′E,8 km,2.1,震度１,35.34833333,136.4666667
2015/11/6,22:16:02,父島近海,26°39.7′N,142°27.3′E,28 km,3.9,震度１,26.66166667,142.455
2015/11/6,23:18:01,滋賀県北部,35°21.8′N,135°56.1′E,11 km,2.2,震度１,35.36333333,135.935
2015/11/7,1:55:12,兵庫県南西部,34°58.2′N,134°48.6′E,14 km,3.1,震度１,34.97,134.81
2015/11/7,3:19:10,兵庫県南西部,34°57.1′N,134°35.6′E,14 km,3.1,震度１,34.95166667,134.5933333
2015/11/7,4:20:36,千葉県東方沖,35°48.3′N,140°51.9′E,15 km,3.2,震度１,35.805,140.865
2015/11/7,13:58:23,十勝地方南部,42°20.8′N,143°06.3′E,49 km,3.4,震度１,42.34666667,143.105
2015/11/7,15:10:13,福島県中通り,36°53.1′N,140°30.5′E,7 km,2.7,震度１,36.885,140.5083333
2015/11/7,20:22:41,釧路沖,42°23.5′N,144°36.6′E,28 km,3.8,震度１,42.39166667,144.61
2015/11/7,22:44:46,茨城県南部,35°59.3′N,139°57.6′E,101 km,4.9,震度４,35.98833333,139.96
2015/11/8,4:06:16,豊後水道,33°15.8′N,132°09.7′E,48 km,3.2,震度１,33.26333333,132.1616667
2015/11/8,4:18:39,宮城県沖,38°17.7′N,141°53.2′E,64 km,3.6,震度１,38.295,141.8866667
2015/11/8,7:32:52,岐阜県飛騨地方,36°00.4′N,137°20.2′E,6 km,3.2,震度２,36.00666667,137.3366667
2015/11/8,19:44:13,熊本県熊本地方,32°53.2′N,130°48.7′E,14 km,2.8,震度１,32.88666667,130.8116667
2015/11/8,20:38:55,豊後水道,33°18.3′N,132°05.1′E,50 km,3.8,震度１,33.305,132.085
2015/11/9,17:59:22,宮城県沖,38°55.5′N,141°55.4′E,51 km,3.3,震度１,38.925,141.9233333
2015/11/9,19:31:46,岩手県沖,39°38.4′N,142°06.5′E,48 km,3.4,震度１,39.64,142.1083333
2015/11/10,2:15:31,和歌山県北部,34°15.1′N,135°24.9′E,7 km,2.2,震度１,34.25166667,135.415
2015/11/10,5:57:16,熊本県熊本地方,32°46.4′N,130°43.0′E,7 km,1.5,震度１,32.77333333,130.7166667
2015/11/10,19:20:58,有明海,32°50.1′N,130°35.0′E,11 km,2.6,震度１,32.835,130.5833333
2015/11/10,20:02:20,有明海,32°50.0′N,130°35.1′E,11 km,2.6,震度１,32.83333333,130.585
2015/11/10,23:12:42,三陸沖,39°38.4′N,143°19.8′E,21 km,4.7,震度１,39.64,143.33
2015/11/10,23:16:09,福井県嶺南,35°26.7′N,135°51.7′E,13 km,2.3,震度１,35.445,135.8616667
2015/11/11,0:28:12,千葉県北東部,35°49.1′N,140°43.5′E,11 km,2.9,震度１,35.81833333,140.725
2015/11/11,0:50:08,十勝地方中部,42°57.3′N,143°45.5′E,116 km,3.9,震度２,42.955,143.7583333
2015/11/11,2:45:00,千葉県東方沖,35°48.3′N,140°54.6′E,12 km,3.7,震度１,35.805,140.91
2015/11/11,6:24:56,奄美大島近海,27°57.2′N,130°15.9′E,46 km,3.9,震度２,27.95333333,130.265
2015/11/11,6:36:33,宮城県北部,38°52.4′N,141°40.5′E,65 km,2.8,震度１,38.87333333,141.675
2015/11/11,11:43:15,愛知県西部,35°14.0′N,137°13.9′E,13 km,2.4,震度１,35.23333333,137.2316667
2015/11/11,12:49:29,福島県沖,37°30.9′N,141°19.8′E,52 km,3.3,震度１,37.515,141.33
2015/11/11,14:07:16,三重県南東沖,34°01.2′N,136°49.3′E,24 km,3.6,震度１,34.02,136.8216667
2015/11/12,0:33:19,与那国島近海,24°27.1′N,122°41.8′E,97 km,5,震度３,24.45166667,122.6966667
2015/11/12,1:22:52,紀伊水道,34°11.8′N,135°07.8′E,7 km,3.3,震度２,34.19666667,135.13
2015/11/12,1:25:29,紀伊水道,34°11.6′N,135°07.5′E,6 km,2.6,震度１,34.19333333,135.125
2015/11/12,7:47:58,紀伊水道,34°11.8′N,135°08.0′E,6 km,2.3,震度１,34.19666667,135.1333333
2015/11/12,8:51:16,岩手県沿岸南部,39°11.6′N,141°50.0′E,54 km,3.4,震度１,39.19333333,141.8333333
2015/11/12,13:59:43,紀伊水道,34°11.8′N,135°07.9′E,6 km,2.5,震度１,34.19666667,135.1316667
2015/11/13,0:57:04,茨城県沖,35°53.4′N,140°54.1′E,42 km,3.1,震度１,35.89,140.9016667
2015/11/13,3:52:19,新島・神津島近海,34°30.0′N,139°13.1′E,5 km,2,震度１,34.5,139.2183333
2015/11/13,6:22:58,茨城県沖,36°31.5′N,140°53.5′E,49 km,3.6,震度１,36.525,140.8916667
2015/11/13,14:12:14,宮城県沖,38°58.0′N,141°39.5′E,73 km,4.3,震度２,38.96666667,141.6583333
2015/11/13,16:31:04,兵庫県南西部,34°58.3′N,134°48.5′E,14 km,2.8,震度１,34.97166667,134.8083333
2015/11/13,21:17:14,茨城県沖,36°14.1′N,140°53.0′E,46 km,3.3,震度１,36.235,140.8833333
2015/11/13,22:37:27,紀伊水道,34°11.7′N,135°07.5′E,6 km,4.1,震度３,34.195,135.125
2015/11/14,5:51:30,薩摩半島西方沖,30°56.5′N,128°35.4′E,17 km,7.1,震度４,30.94166667,128.59
2015/11/14,6:17:21,薩摩半島西方沖,30°51.7′N,128°32.7′E,1 km,5.2,震度２,30.86166667,128.545
2015/11/14,6:36:25,薩摩半島西方沖,31°13.7′N,128°40.0′E,2 km,4.5,震度１,31.22833333,128.6666667
2015/11/14,10:11:49,薩摩半島西方沖,31°14.7′N,128°42.6′E,9 km,4.3,震度２,31.245,128.71
2015/11/14,12:51:51,薩摩半島西方沖,31°11.6′N,128°40.9′E,13 km,4.6,震度２,31.19333333,128.6816667
2015/11/14,14:26:25,薩摩半島西方沖,31°13.5′N,128°41.3′E,7 km,4.3,震度１,31.225,128.6883333
2015/11/14,15:15:46,種子島近海,30°55.2′N,130°55.5′E,56 km,3.7,震度１,30.92,130.925
2015/11/14,17:40:53,薩摩半島西方沖,31°20.1′N,128°42.6′E,5 km,4.7,震度１,31.335,128.71
2015/11/14,19:21:42,三陸沖,38°01.1′N,143°48.6′E,44 km,5.1,震度２,38.01833333,143.81
2015/11/15,3:26:51,根室半島南東沖,42°59.0′N,145°48.0′E,47 km,4.4,震度３,42.98333333,145.8
2015/11/15,4:20:18,薩摩半島西方沖,31°19.8′N,128°43.0′E,9 km,5.9,震度３,31.33,128.7166667
2015/11/15,5:34:26,薩摩半島西方沖,31°13.4′N,128°39.2′E,9 km,5.1,震度２,31.22333333,128.6533333
2015/11/15,8:09:54,国後島付近,44°20.9′N,145°47.1′E,20 km,4.1,震度１,44.34833333,145.785
2015/11/15,12:36:06,薩摩半島西方沖,31°13.2′N,128°40.9′E,10 km,4.3,震度１,31.22,128.6816667
2015/11/15,21:40:54,青森県津軽南部,40°41.3′N,140°30.9′E,13 km,2.8,震度２,40.68833333,140.515
2015/11/16,2:11:44,十勝地方南部,42°32.4′N,143°08.3′E,93 km,4.4,震度３,42.54,143.1383333
2015/11/16,7:55:58,宮崎県北部平野部,32°12.9′N,131°25.3′E,63 km,2.9,震度１,32.215,131.4216667
2015/11/16,16:31:10,薩摩半島西方沖,31°08.1′N,128°47.7′E,1 km,4.6,震度２,31.135,128.795
2015/11/17,3:20:45,宮城県沖,38°41.9′N,141°47.7′E,53 km,2.9,震度１,38.69833333,141.795
2015/11/17,11:07:11,薩摩半島西方沖,31°13.1′N,128°43.2′E,6 km,4.4,震度１,31.21833333,128.72
2015/11/17,12:08:03,津軽海峡,41°39.8′N,140°47.8′E,16 km,2.9,震度１,41.66333333,140.7966667
2015/11/17,15:02:48,岐阜県美濃中西部,35°43.4′N,136°30.4′E,8 km,2.2,震度１,35.72333333,136.5066667
2015/11/18,2:14:53,岐阜県美濃中西部,35°34.7′N,136°23.4′E,12 km,3.3,震度２,35.57833333,136.39
2015/11/18,6:49:43,宗谷地方北部,45°18.6′N,141°46.0′E,14 km,2.1,震度１,45.31,141.7666667
2015/11/18,7:46:07,茨城県南部,35°59.2′N,140°14.9′E,40 km,3.1,震度１,35.98666667,140.2483333
2015/11/18,10:21:01,紀伊水道,34°12.0′N,135°07.9′E,7 km,2.8,震度２,34.2,135.1316667
2015/11/18,13:38:44,薩摩半島西方沖,31°20.6′N,128°40.1′E,8 km,5,震度１,31.34333333,128.6683333
2015/11/18,14:04:31,岩手県沖,40°13.3′N,142°19.0′E,20 km,3.5,震度１,40.22166667,142.3166667
2015/11/18,18:38:08,兵庫県南東部,34°51.7′N,134°56.5′E,12 km,3.1,震度１,34.86166667,134.9416667
2015/11/18,22:42:34,宮城県沖,38°37.0′N,141°54.0′E,48 km,4.1,震度２,38.61666667,141.9
2015/11/19,4:56:45,薩摩半島西方沖,31°09.1′N,128°50.9′E,3 km,4.3,震度１,31.15166667,128.8483333
2015/11/19,7:46:18,熊本県熊本地方,32°58.2′N,130°55.4′E,5 km,2.3,震度１,32.97,130.9233333
2015/11/19,8:30:08,岩手県沿岸北部,39°39.2′N,141°52.4′E,66 km,3.9,震度２,39.65333333,141.8733333
2015/11/19,12:18:37,網走地方,43°45.0′N,144°43.6′E,0 km,3.8,震度２,43.75,144.7266667
2015/11/19,12:39:23,福島県沖,37°06.6′N,141°06.4′E,53 km,4,震度３,37.11,141.1066667
2015/11/19,18:33:02,福島県沖,37°32.0′N,141°24.5′E,51 km,4.9,震度４,37.53333333,141.4083333
2015/11/19,23:41:46,薩摩半島西方沖,31°15.4′N,128°42.2′E,12 km,4.6,震度１,31.25666667,128.7033333
2015/11/20,3:25:11,宮城県沖,38°18.6′N,142°26.3′E,38 km,4.4,震度１,38.31,142.4383333
2015/11/20,4:46:32,石川県能登地方,37°19.8′N,137°00.3′E,12 km,2.7,震度１,37.33,137.005
2015/11/20,8:15:53,茨城県北部,36°40.2′N,140°39.1′E,10 km,4.3,震度３,36.67,140.6516667
2015/11/20,10:08:43,父島近海,26°24.2′N,143°03.2′E,7 km,5.2,震度１,26.40333333,143.0533333
2015/11/20,10:24:36,トカラ列島近海,29°13.1′N,129°09.9′E,10 km,2.8,震度１,29.21833333,129.165
2015/11/20,10:25:58,トカラ列島近海,29°15.5′N,129°08.6′E,9 km,2.9,震度１,29.25833333,129.1433333
2015/11/20,12:37:41,千葉県北東部,35°44.5′N,140°38.6′E,51 km,3.1,震度１,35.74166667,140.6433333
2015/11/20,14:31:48,父島近海,26°23.0′N,143°06.3′E,0 km,6.3,震度２,26.38333333,143.105
2015/11/20,14:33:56,父島近海,26°19.2′N,143°02.5′E,0 km,5.2,震度１,26.32,143.0416667
2015/11/20,14:45:02,茨城県北部,36°40.9′N,140°39.1′E,10 km,2.6,震度１,36.68166667,140.6516667
2015/11/20,15:44:32,福島県沖,37°01.0′N,141°08.0′E,51 km,4.1,震度２,37.01666667,141.1333333
2015/11/20,16:06:17,父島近海,26°22.0′N,143°07.7′E,0 km,5,震度１,26.36666667,143.1283333
2015/11/21,4:54:40,兵庫県南西部,34°58.1′N,134°48.6′E,14 km,2.6,震度１,34.96833333,134.81
2015/11/21,10:30:34,栃木県北部,36°37.1′N,139°29.0′E,5 km,2.6,震度１,36.61833333,139.4833333
2015/11/21,14:40:17,父島近海,26°21.5′N,143°04.4′E,16 km,4.6,震度１,26.35833333,143.0733333
2015/11/22,2:49:03,父島近海,26°25.6′N,142°15.2′E,47 km,,震度１,26.42666667,142.2533333
2015/11/22,7:47:30,福島県浜通り,37°19.2′N,140°52.0′E,68 km,3.7,震度１,37.32,140.8666667
2015/11/22,8:20:27,茨城県沖,36°25.7′N,140°41.2′E,52 km,4.8,震度４,36.42833333,140.6866667
2015/11/22,9:37:13,根室半島南東沖,42°54.4′N,146°16.3′E,43 km,4.7,震度２,42.90666667,146.2716667
2015/11/22,17:47:05,釧路沖,42°44.7′N,145°32.4′E,43 km,4.5,震度１,42.745,145.54
2015/11/22,23:33:15,土佐湾,33°23.1′N,133°58.5′E,27 km,3,震度１,33.385,133.975
2015/11/23,14:04:28,十勝地方中部,42°41.8′N,142°59.1′E,98 km,3.3,震度１,42.69666667,142.985
2015/11/24,4:10:47,岩手県沖,40°11.9′N,142°20.1′E,37 km,3.7,震度１,40.19833333,142.335
2015/11/24,13:07:16,京都府南部,34°58.7′N,135°41.7′E,11 km,3.6,震度３,34.97833333,135.695
2015/11/25,4:33:11,紀伊水道,34°10.1′N,135°10.7′E,7 km,2.1,震度１,34.16833333,135.1783333
2015/11/25,12:13:13,伊豆半島東方沖,35°00.4′N,139°16.0′E,15 km,2.9,震度１,35.00666667,139.2666667
2015/11/25,22:52:17,石川県加賀地方,36°22.3′N,136°34.3′E,7 km,2.7,震度２,36.37166667,136.5716667
2015/11/25,23:07:31,奄美大島近海,28°17.2′N,130°00.9′E,10 km,2.2,震度２,28.28666667,130.015
2015/11/26,0:49:35,大分県西部,33°04.4′N,131°14.1′E,4 km,2.7,震度１,33.07333333,131.235
2015/11/26,6:51:21,浦河沖,42°03.3′N,142°28.9′E,68 km,3.9,震度２,42.055,142.4816667
2015/11/26,9:43:58,トカラ列島近海,28°59.2′N,129°26.4′E,70 km,3.8,震度１,28.98666667,129.44
2015/11/26,21:27:03,岩手県沖,40°16.0′N,142°16.6′E,38 km,3.7,震度１,40.26666667,142.2766667
2015/11/27,14:36:09,神奈川県西部,35°15.1′N,139°10.7′E,14 km,2.8,震度１,35.25166667,139.1783333
2015/11/27,16:56:41,千葉県東方沖,35°29.9′N,140°54.0′E,22 km,3.9,震度１,35.49833333,140.9
2015/11/27,17:08:23,熊本県熊本地方,32°58.3′N,130°55.3′E,6 km,2.4,震度２,32.97166667,130.9216667
2015/11/27,17:14:33,熊本県熊本地方,32°58.2′N,130°55.2′E,5 km,1.9,震度１,32.97,130.92
2015/11/27,21:51:03,岩手県沖,40°09.4′N,142°28.5′E,33 km,4.4,震度２,40.15666667,142.475
2015/11/28,0:50:25,浦河沖,41°54.4′N,142°19.7′E,69 km,3.5,震度１,41.90666667,142.3283333
2015/11/28,11:51:08,根室半島南東沖,43°13.4′N,146°30.1′E,71 km,5.6,震度４,43.22333333,146.5016667
2015/11/28,15:47:52,茨城県北部,36°27.2′N,140°36.0′E,56 km,3.3,震度１,36.45333333,140.6
2015/11/28,16:28:04,茨城県北部,36°48.4′N,140°31.4′E,8 km,3.1,震度１,36.80666667,140.5233333
2015/11/28,21:13:06,種子島南東沖,30°14.7′N,131°31.5′E,44 km,4.2,震度１,30.245,131.525
2015/11/29,3:44:12,岐阜県飛騨地方,36°04.4′N,137°32.9′E,7 km,2.8,震度２,36.07333333,137.5483333
2015/11/29,16:37:13,福井県嶺北,35°56.1′N,136°19.9′E,6 km,2.9,震度２,35.935,136.3316667
2015/11/29,16:38:32,宮城県沖,38°19.3′N,141°51.5′E,47 km,4.1,震度３,38.32166667,141.8583333
2015/11/29,18:08:56,新潟県中越地方,37°00.6′N,138°42.2′E,8 km,2.3,震度１,37.01,138.7033333
2015/11/29,18:48:14,薩摩半島西方沖,31°09.6′N,129°07.4′E,5 km,4.4,震度２,31.16,129.1233333
2015/11/30,4:01:04,薩摩半島西方沖,31°10.9′N,129°04.7′E,13 km,4,震度１,31.18166667,129.0783333
2015/11/30,6:04:29,奈良県,34°25.5′N,135°52.7′E,10 km,3.4,震度３,34.425,135.8783333
2015/11/30,6:05:22,奈良県,34°25.5′N,135°52.6′E,9 km,2.6,震度１,34.425,135.8766667
2015/11/30,14:42:38,奄美大島北東沖,28°36.0′N,130°39.5′E,64 km,4.1,震度１,28.6,130.6583333
2015/11/30,21:50:06,房総半島南方沖,34°14.2′N,140°22.3′E,61 km,4.1,震度１,34.23666667,140.3716667
2015/12/1,15:21:18,沖縄本島近海,26°18.9′N,127°21.1′E,46 km,3.7,震度２,26.315,127.3516667
2015/12/2,1:07:16,茨城県南部,36°08.5′N,140°04.9′E,50 km,3.8,震度２,36.14166667,140.0816667
2015/12/2,7:48:06,宮城県沖,38°40.7′N,142°16.2′E,39 km,4.6,震度３,38.67833333,142.27
2015/12/2,12:19:30,長野県南部,35°56.3′N,137°32.4′E,9 km,2.6,震度１,35.93833333,137.54
2015/12/2,13:08:42,茨城県南部,36°04.7′N,139°51.1′E,46 km,3,震度１,36.07833333,139.8516667
2015/12/2,13:41:20,宮城県沖,38°20.6′N,141°51.0′E,63 km,4.6,震度３,38.34333333,141.85
2015/12/2,19:36:05,岐阜県飛騨地方,36°18.0′N,137°03.5′E,8 km,2.6,震度１,36.3,137.0583333
2015/12/2,21:06:15,青森県東方沖,40°42.3′N,142°25.0′E,48 km,3.8,震度２,40.705,142.4166667
2015/12/2,21:10:43,沖縄本島近海,27°15.4′N,128°24.4′E,46 km,3.4,震度１,27.25666667,128.4066667
2015/12/3,3:49:29,群馬県南部,36°13.6′N,138°50.1′E,7 km,1.6,震度１,36.22666667,138.835
2015/12/3,6:17:28,宮城県沖,38°14.1′N,141°59.7′E,58 km,3.7,震度２,38.235,141.995
2015/12/3,11:17:32,兵庫県南東部,34°55.8′N,135°21.8′E,6 km,2.4,震度１,34.93,135.3633333
2015/12/3,15:02:26,鳥取県中部,35°26.8′N,133°54.5′E,8 km,1.9,震度１,35.44666667,133.9083333
2015/12/3,17:39:37,熊本県熊本地方,32°58.3′N,130°55.2′E,6 km,2.7,震度２,32.97166667,130.92
2015/12/3,17:40:26,熊本県熊本地方,32°58.3′N,130°55.2′E,5 km,2.4,震度１,32.97166667,130.92
2015/12/3,21:08:34,薩摩半島西方沖,31°11.7′N,129°12.2′E,9 km,4.4,震度１,31.195,129.2033333
2015/12/3,21:21:16,千葉県東方沖,35°39.7′N,140°59.8′E,15 km,4.2,震度２,35.66166667,140.9966667
2015/12/4,3:45:48,熊本県阿蘇地方,32°52.7′N,131°06.3′E,0 km,1.3,震度１,32.87833333,131.105
2015/12/4,3:54:12,茨城県南部,35°58.4′N,140°05.2′E,61 km,3.2,震度１,35.97333333,140.0866667
2015/12/4,4:29:44,浦河沖,42°08.1′N,142°47.5′E,21 km,2.7,震度１,42.135,142.7916667
2015/12/4,5:35:05,熊本県熊本地方,32°58.4′N,130°55.3′E,5 km,2.4,震度２,32.97333333,130.9216667
2015/12/4,5:35:47,熊本県熊本地方,32°58.3′N,130°55.4′E,4 km,2.3,震度１,32.97166667,130.9233333
2015/12/4,5:40:39,熊本県熊本地方,32°58.3′N,130°55.3′E,6 km,3.2,震度３,32.97166667,130.9216667
2015/12/4,9:33:03,伊勢湾,34°51.9′N,136°40.2′E,8 km,3,震度１,34.865,136.67
2015/12/4,9:37:06,茨城県南部,35°57.9′N,140°03.3′E,61 km,4.1,震度２,35.965,140.055
2015/12/4,9:42:21,福島県沖,37°08.2′N,141°04.0′E,55 km,3.9,震度２,37.13666667,141.0666667
2015/12/4,17:58:04,宮城県沖,38°47.9′N,142°02.0′E,46 km,3.4,震度１,38.79833333,142.0333333
2015/12/5,0:06:47,熊本県熊本地方,32°58.4′N,130°55.5′E,5 km,2.1,震度１,32.97333333,130.925
2015/12/5,0:27:55,茨城県沖,36°18.4′N,140°54.6′E,26 km,3.4,震度１,36.30666667,140.91
2015/12/5,0:39:24,トカラ列島近海,29°10.2′N,129°17.0′E,10 km,2.1,震度１,29.17,129.2833333
2015/12/5,0:40:34,トカラ列島近海,29°10.4′N,129°13.0′E,13 km,2.2,震度１,29.17333333,129.2166667
2015/12/5,2:10:00,茨城県南部,36°01.4′N,140°03.6′E,58 km,3.1,震度１,36.02333333,140.06
2015/12/5,11:51:40,熊本県熊本地方,32°58.3′N,130°55.3′E,5 km,2,震度１,32.97166667,130.9216667
2015/12/5,14:30:20,宮城県沖,38°14.4′N,141°54.8′E,52 km,3.7,震度１,38.24,141.9133333
2015/12/5,21:57:13,新潟県中越地方,37°17.7′N,138°52.5′E,12 km,2.5,震度１,37.295,138.875
2015/12/6,10:36:06,長野県北部,36°56.6′N,138°28.1′E,6 km,2.1,震度１,36.94333333,138.4683333
2015/12/6,16:07:08,島根県東部,35°08.4′N,133°07.4′E,9 km,2.8,震度１,35.14,133.1233333
2015/12/6,23:44:40,熊本県熊本地方,32°58.6′N,130°55.2′E,4 km,2,震度１,32.97666667,130.92
2015/12/7,4:12:14,北海道東方沖,43°34.1′N,147°14.0′E,32 km,4.3,震度１,43.56833333,147.2333333
2015/12/7,6:25:09,熊本県熊本地方,32°58.4′N,130°55.3′E,5 km,3.1,震度３,32.97333333,130.9216667
2015/12/7,11:39:28,岩手県内陸南部,39°03.3′N,140°51.3′E,8 km,3.7,震度２,39.055,140.855
2015/12/7,12:24:03,福島県会津,37°40.6′N,139°55.8′E,8 km,2,震度１,37.67666667,139.93
2015/12/7,18:02:53,茨城県沖,36°14.4′N,140°59.2′E,41 km,3.3,震度１,36.24,140.9866667
2015/12/8,1:22:37,茨城県沖,36°10.7′N,140°38.6′E,53 km,4.4,震度３,36.17833333,140.6433333
2015/12/8,12:37:33,岩手県内陸南部,39°03.4′N,140°52.1′E,7 km,3.6,震度２,39.05666667,140.8683333
2015/12/8,14:26:32,熊本県熊本地方,32°58.4′N,130°54.6′E,4 km,3,震度２,32.97333333,130.91
2015/12/8,14:32:35,熊本県熊本地方,32°58.4′N,130°54.6′E,4 km,2.8,震度２,32.97333333,130.91
2015/12/8,14:58:07,宮城県沖,38°41.3′N,142°15.7′E,38 km,4.1,震度２,38.68833333,142.2616667
2015/12/8,15:07:35,宮城県沖,38°41.4′N,142°15.9′E,39 km,4.1,震度２,38.69,142.265
2015/12/8,15:33:32,熊本県熊本地方,32°58.2′N,130°55.6′E,4 km,2.2,震度１,32.97,130.9266667
2015/12/8,16:59:25,宮城県沖,38°32.0′N,141°43.0′E,54 km,3.6,震度１,38.53333333,141.7166667
2015/12/8,18:28:04,種子島近海,30°57.6′N,130°23.5′E,126 km,4.4,震度２,30.96,130.3916667
2015/12/9,5:05:03,福島県沖,37°16.4′N,141°04.9′E,25 km,3.5,震度２,37.27333333,141.0816667
2015/12/9,12:05:10,宮城県沖,38°41.7′N,142°16.1′E,38 km,4,震度１,38.695,142.2683333
2015/12/9,12:26:30,宮城県沖,38°42.1′N,142°15.6′E,38 km,4.1,震度１,38.70166667,142.26
2015/12/9,23:32:12,茨城県沖,36°34.4′N,141°09.0′E,31 km,3,震度１,36.57333333,141.15
2015/12/10,1:30:03,千葉県東方沖,35°22.4′N,140°40.9′E,36 km,3.3,震度２,35.37333333,140.6816667
2015/12/10,13:58:13,四国沖,32°38.6′N,133°24.2′E,33 km,3,震度１,32.64333333,133.4033333
2015/12/10,15:08:01,熊本県熊本地方,32°52.6′N,130°56.3′E,9 km,2.5,震度２,32.87666667,130.9383333
2015/12/11,3:11:12,岩手県沖,39°41.3′N,142°13.8′E,47 km,4,震度２,39.68833333,142.23
2015/12/11,20:38:13,日向灘,32°11.7′N,132°08.3′E,18 km,3.3,震度１,32.195,132.1383333
2015/12/11,20:59:39,和歌山県北部,34°02.2′N,135°15.4′E,5 km,1.8,震度１,34.03666667,135.2566667
2015/12/11,21:33:19,栃木県南部,36°36.5′N,139°32.0′E,7 km,3.7,震度２,36.60833333,139.5333333
2015/12/12,9:02:54,岩手県沖,39°06.1′N,142°07.8′E,45 km,3.4,震度１,39.10166667,142.13
2015/12/12,13:32:00,岐阜県飛騨地方,36°14.7′N,136°54.3′E,8 km,2.5,震度１,36.245,136.905
2015/12/13,3:37:16,薩摩半島西方沖,31°11.0′N,129°07.7′E,8 km,4.3,震度１,31.18333333,129.1283333
2015/12/13,6:05:52,宮城県沖,38°53.4′N,141°58.3′E,49 km,4,震度２,38.89,141.9716667
2015/12/13,7:03:58,薩摩半島西方沖,31°10.4′N,129°06.8′E,6 km,4.3,震度２,31.17333333,129.1133333
2015/12/13,10:52:12,千島列島,46°37.9′N,153°01.3′E,30 km,5.8,震度１,46.63166667,153.0216667
2015/12/13,11:57:24,静岡県中部,34°59.7′N,138°22.0′E,27 km,3.3,震度１,34.995,138.3666667
2015/12/13,13:52:26,千葉県東方沖,35°39.9′N,140°50.4′E,13 km,2.9,震度１,35.665,140.84
2015/12/13,14:58:24,トカラ列島近海,29°16.6′N,129°15.1′E,10 km,1.9,震度１,29.27666667,129.2516667
2015/12/13,16:53:46,秋田県内陸南部,39°34.4′N,140°20.9′E,5 km,2.3,震度１,39.57333333,140.3483333
2015/12/13,18:32:47,紀伊水道,34°08.7′N,135°04.9′E,9 km,3.9,震度３,34.145,135.0816667
2015/12/13,20:10:16,大隅半島東方沖,31°23.8′N,131°25.8′E,37 km,3.4,震度１,31.39666667,131.43
2015/12/13,21:29:30,宮城県沖,38°20.2′N,141°36.7′E,55 km,3.4,震度１,38.33666667,141.6116667
2015/12/14,4:52:24,沖縄本島近海,26°16.5′N,127°39.2′E,22 km,2.3,震度１,26.275,127.6533333
2015/12/14,6:14:26,新島・神津島近海,34°23.2′N,139°11.4′E,11 km,2.3,震度１,34.38666667,139.19
2015/12/14,7:43:01,和歌山県北部,34°15.2′N,135°25.1′E,8 km,2.3,震度１,34.25333333,135.4183333
2015/12/14,8:20:03,沖縄本島近海,26°40.3′N,127°46.1′E,47 km,3.4,震度１,26.67166667,127.7683333
2015/12/14,10:26:21,茨城県北部,36°40.6′N,140°39.0′E,11 km,3.6,震度２,36.67666667,140.65
2015/12/14,12:51:22,鳥取県中部,35°26.9′N,133°54.5′E,8 km,2.2,震度２,35.44833333,133.9083333
2015/12/14,13:44:37,鳥取県中部,35°26.8′N,133°54.5′E,7 km,2.8,震度２,35.44666667,133.9083333
2015/12/14,15:01:37,鳥取県中部,35°26.7′N,133°54.6′E,8 km,4.2,震度４,35.445,133.91
2015/12/14,15:04:42,鳥取県中部,35°26.7′N,133°54.6′E,7 km,2.2,震度２,35.445,133.91
2015/12/14,15:12:13,日向灘,32°08.2′N,132°03.9′E,30 km,3.2,震度１,32.13666667,132.065
2015/12/14,17:17:16,鳥取県中部,35°26.7′N,133°54.7′E,8 km,2.1,震度１,35.445,133.9116667
2015/12/14,21:25:42,鳥取県中部,35°26.8′N,133°54.4′E,8 km,1.9,震度１,35.44666667,133.9066667
2015/12/14,23:53:36,宮城県沖,38°14.3′N,141°41.3′E,51 km,3.4,震度１,38.23833333,141.6883333
2015/12/15,5:48:47,紀伊水道,34°08.6′N,135°04.5′E,9 km,2.4,震度１,34.14333333,135.075
2015/12/15,7:30:52,沖縄本島近海,26°54.2′N,127°26.7′E,24 km,3.6,震度１,26.90333333,127.445
2015/12/15,17:39:42,愛知県西部,35°03.2′N,137°17.2′E,39 km,2.9,震度１,35.05333333,137.2866667
2015/12/15,18:02:57,埼玉県北部,36°06.5′N,139°21.0′E,65 km,3,震度１,36.10833333,139.35
2015/12/15,18:18:46,十勝地方南部,42°21.0′N,143°06.4′E,50 km,3.6,震度１,42.35,143.1066667
2015/12/16,0:13:48,山梨県東部・富士五湖,35°31.5′N,138°57.6′E,19 km,3.2,震度２,35.525,138.96
2015/12/16,0:53:34,山梨県東部・富士五湖,35°31.5′N,138°57.6′E,19 km,3.8,震度２,35.525,138.96
2015/12/16,6:53:57,大隅半島東方沖,30°50.8′N,131°25.5′E,33 km,3.9,震度１,30.84666667,131.425
2015/12/16,7:07:19,根室半島南東沖,42°51.2′N,146°32.4′E,43 km,4.3,震度１,42.85333333,146.54
2015/12/16,7:41:37,宮城県沖,38°55.1′N,141°56.0′E,51 km,3.8,震度２,38.91833333,141.9333333
2015/12/16,15:37:17,鳥取県中部,35°26.9′N,133°54.4′E,8 km,2.4,震度２,35.44833333,133.9066667
2015/12/16,16:17:39,鳥取県中部,35°26.9′N,133°54.5′E,7 km,1.9,震度１,35.44833333,133.9083333
2015/12/17,3:20:05,宮崎県南部山沿い,31°39.3′N,131°03.0′E,1 km,2.8,震度３,31.655,131.05
2015/12/17,8:39:39,宮城県沖,38°32.3′N,141°49.9′E,51 km,3.5,震度１,38.53833333,141.8316667
2015/12/17,10:44:01,茨城県沖,36°25.8′N,140°39.4′E,53 km,3.4,震度２,36.43,140.6566667
2015/12/17,11:43:58,茨城県沖,36°11.8′N,140°58.0′E,44 km,3.5,震度１,36.19666667,140.9666667
2015/12/17,13:11:47,宮崎県南部山沿い,31°39.4′N,131°03.2′E,3 km,2.8,震度３,31.65666667,131.0533333
2015/12/17,14:00:32,新潟県中越地方,37°15.4′N,138°45.2′E,12 km,1.9,震度１,37.25666667,138.7533333
2015/12/17,18:11:19,鹿児島県大隅地方,31°39.3′N,131°02.8′E,2 km,2.7,震度２,31.655,131.0466667
2015/12/17,18:12:49,鹿児島県大隅地方,31°39.3′N,131°02.8′E,3 km,1.9,震度１,31.655,131.0466667
2015/12/17,18:13:54,鹿児島県大隅地方,31°39.2′N,131°02.8′E,2 km,2.3,震度１,31.65333333,131.0466667
2015/12/17,19:12:21,宮崎県南部山沿い,31°39.4′N,131°03.0′E,3 km,1.7,震度１,31.65666667,131.05
2015/12/17,19:47:50,紀伊水道,34°08.5′N,135°04.9′E,9 km,2.6,震度１,34.14166667,135.0816667
2015/12/18,1:06:07,北海道南西沖,41°50.3′N,139°39.2′E,17 km,3.4,震度１,41.83833333,139.6533333
2015/12/18,3:11:58,根室半島南東沖,42°51.1′N,146°33.4′E,44 km,4.5,震度２,42.85166667,146.5566667
2015/12/18,3:15:40,鹿児島県大隅地方,31°39.3′N,131°02.9′E,2 km,1.9,震度１,31.655,131.0483333
2015/12/18,3:35:36,北海道南西沖,42°39.5′N,139°12.6′E,28 km,3.2,震度１,42.65833333,139.21
2015/12/18,6:31:37,オホーツク海南部,47°19.0′N,147°21.9′E,501 km,5.3,震度２,47.31666667,147.365
2015/12/18,7:58:21,岩手県沖,40°20.8′N,142°10.7′E,45 km,3.5,震度１,40.34666667,142.1783333
2015/12/18,8:01:52,茨城県沖,36°36.2′N,141°01.1′E,21 km,3.4,震度１,36.60333333,141.0183333
2015/12/18,9:47:31,茨城県沖,36°46.2′N,140°58.6′E,51 km,3.7,震度１,36.77,140.9766667
2015/12/18,14:24:30,駿河湾,34°41.8′N,138°44.7′E,9 km,2.5,震度１,34.69666667,138.745
2015/12/18,23:13:39,長野県北部,36°42.4′N,138°09.5′E,8 km,2.5,震度２,36.70666667,138.1583333
2015/12/19,3:41:07,宮城県沖,38°47.8′N,141°35.5′E,71 km,4.1,震度２,38.79666667,141.5916667
2015/12/19,9:37:35,宮崎県南部山沿い,31°39.3′N,131°03.0′E,2 km,1.8,震度１,31.655,131.05
2015/12/19,11:44:12,福島県沖,37°39.7′N,142°00.6′E,31 km,4.4,震度１,37.66166667,142.01
2015/12/19,15:17:23,陸奥湾,41°06.7′N,140°51.6′E,10 km,2.7,震度１,41.11166667,140.86
2015/12/19,20:48:27,播磨灘,34°39.1′N,134°15.5′E,12 km,3.8,震度２,34.65166667,134.2583333
2015/12/19,22:57:45,兵庫県南東部,34°56.9′N,135°20.5′E,5 km,1.7,震度１,34.94833333,135.3416667
2015/12/20,9:17:49,奄美大島近海,28°17.5′N,129°26.4′E,28 km,3.4,震度１,28.29166667,129.44
2015/12/20,12:45:04,奄美大島近海,28°18.0′N,129°26.0′E,27 km,3.4,震度２,28.3,129.4333333
2015/12/20,22:37:56,網走地方,43°29.3′N,144°04.1′E,0 km,2.5,震度２,43.48833333,144.0683333
2015/12/21,7:44:49,日高地方東部,42°19.4′N,143°03.2′E,49 km,3.8,震度１,42.32333333,143.0533333
2015/12/21,12:07:39,日向灘,32°26.9′N,132°01.4′E,22 km,3.9,震度２,32.44833333,132.0233333
2015/12/21,17:00:31,福島県沖,36°51.4′N,141°14.4′E,28 km,4.2,震度２,36.85666667,141.24
2015/12/22,0:44:00,福島県沖,37°50.0′N,141°18.8′E,66 km,3.8,震度２,37.83333333,141.3133333
2015/12/22,1:59:28,宮城県沖,38°11.3′N,141°50.1′E,60 km,4.2,震度２,38.18833333,141.835
2015/12/22,7:18:33,茨城県北部,36°45.8′N,140°35.1′E,9 km,3.9,震度３,36.76333333,140.585
2015/12/22,7:19:19,茨城県北部,36°46.0′N,140°34.5′E,7 km,2.9,震度１,36.76666667,140.575
2015/12/22,7:40:23,茨城県北部,36°45.7′N,140°35.7′E,6 km,3.4,震度２,36.76166667,140.595
2015/12/22,11:35:40,熊本県天草・芦北地方,32°21.9′N,130°38.0′E,10 km,3,震度１,32.365,130.6333333
2015/12/22,15:30:18,茨城県北部,36°45.5′N,140°36.6′E,6 km,3.4,震度１,36.75833333,140.61
2015/12/22,20:12:25,岩手県沿岸北部,40°04.2′N,141°49.7′E,7 km,3.5,震度３,40.07,141.8283333
2015/12/22,21:18:55,茨城県南部,36°10.7′N,140°00.3′E,51 km,3.7,震度２,36.17833333,140.005
2015/12/22,21:35:00,長野県南部,35°47.3′N,137°27.4′E,9 km,2.6,震度１,35.78833333,137.4566667
2015/12/23,9:33:56,茨城県沖,36°21.2′N,140°56.2′E,47 km,3.9,震度２,36.35333333,140.9366667
2015/12/23,10:00:52,大分県中部,33°18.7′N,131°22.6′E,9 km,2.9,震度２,33.31166667,131.3766667
2015/12/23,15:21:19,小笠原諸島西方沖,27°16.0′N,140°57.8′E,29 km,,震度１,27.26666667,140.9633333
2015/12/23,19:09:01,日向灘,32°08.1′N,131°50.6′E,39 km,3.1,震度１,32.135,131.8433333
2015/12/23,22:39:55,釧路沖,42°34.1′N,144°18.4′E,62 km,3.6,震度１,42.56833333,144.3066667
2015/12/24,8:51:33,愛知県東部,34°38.3′N,137°05.6′E,8 km,2.7,震度１,34.63833333,137.0933333
2015/12/24,17:09:57,宮城県沖,38°28.2′N,142°04.8′E,49 km,3.7,震度１,38.47,142.08
2015/12/25,0:13:44,福島県中通り,36°53.0′N,140°33.2′E,8 km,2.9,震度１,36.88333333,140.5533333
2015/12/25,11:20:39,四国沖,33°33.5′N,134°28.5′E,34 km,4.2,震度３,33.55833333,134.475
2015/12/25,13:04:58,トカラ列島近海,29°15.0′N,129°07.6′E,10 km,2.7,震度１,29.25,129.1266667
2015/12/25,15:02:06,秋田県内陸北部,39°59.7′N,140°34.5′E,3 km,3.6,震度２,39.995,140.575
2015/12/25,15:54:21,岩手県沖,39°25.5′N,142°41.4′E,31 km,4,震度１,39.425,142.69
2015/12/25,17:02:55,福島県浜通り,37°03.3′N,140°41.8′E,17 km,3.5,震度２,37.055,140.6966667
2015/12/25,22:53:26,福島県中通り,37°03.8′N,140°32.6′E,10 km,2.8,震度１,37.06333333,140.5433333
2015/12/26,1:42:23,岩手県沿岸北部,39°40.4′N,141°28.3′E,14 km,4.4,震度３,39.67333333,141.4716667
2015/12/26,7:38:34,奄美大島近海,28°22.7′N,130°01.5′E,27 km,3.3,震度２,28.37833333,130.025
2015/12/26,17:06:06,宮城県沖,38°42.9′N,141°33.5′E,58 km,3.7,震度１,38.715,141.5583333
2015/12/26,22:12:14,東京湾,35°30.8′N,139°50.9′E,26 km,3.1,震度２,35.51333333,139.8483333
2015/12/26,23:04:30,東京湾,35°30.6′N,139°52.6′E,20 km,2.9,震度１,35.51,139.8766667
2015/12/26,23:16:03,東京湾,35°30.9′N,139°51.2′E,23 km,2.9,震度１,35.515,139.8533333
2015/12/26,23:18:45,東京湾,35°30.8′N,139°51.4′E,23 km,2.8,震度１,35.51333333,139.8566667
2015/12/26,23:20:54,東京湾,35°30.5′N,139°51.0′E,23 km,3.4,震度２,35.50833333,139.85
2015/12/27,14:16:46,奄美大島近海,28°17.5′N,129°32.7′E,32 km,2.8,震度１,28.29166667,129.545
2015/12/27,17:30:13,宮城県沖,38°47.5′N,142°05.9′E,40 km,3.3,震度１,38.79166667,142.0983333
2015/12/27,19:23:34,千葉県東方沖,35°52.7′N,140°55.0′E,25 km,3.2,震度１,35.87833333,140.9166667
2015/12/28,5:53:03,茨城県南部,36°21.5′N,140°01.2′E,68 km,3.1,震度１,36.35833333,140.02
2015/12/28,9:49:17,新島・神津島近海,34°24.4′N,139°15.3′E,10 km,2.1,震度１,34.40666667,139.255
2015/12/28,20:07:49,福岡県北西沖,33°38.6′N,130°16.9′E,12 km,3.9,震度３,33.64333333,130.2816667
2015/12/29,2:12:19,天草灘,32°30.4′N,129°51.4′E,13 km,3.4,震度２,32.50666667,129.8566667
2015/12/30,5:07:02,岐阜県飛騨地方,36°19.6′N,137°08.8′E,9 km,2.7,震度１,36.32666667,137.1466667
2015/12/30,7:56:55,熊本県熊本地方,32°58.5′N,130°55.8′E,3 km,2.1,震度１,32.975,130.93
2015/12/30,8:22:10,熊本県熊本地方,32°58.6′N,130°55.9′E,4 km,2.1,震度１,32.97666667,130.9316667
2015/12/30,20:53:49,青森県東方沖,40°54.1′N,142°42.8′E,21 km,4.1,震度１,40.90166667,142.7133333
2015/12/31,22:03:25,西表島付近,23°57.6′N,123°35.5′E,31 km,3.6,震度１,23.96,123.5916667
