date,time,epicenter,緯度,経度,depth,magnitude,maxshindo,lat,lng
2016/1/1,0:47:35,岡山県北部,35°06.7′N,134°14.1′E,15 km,4,震度３,35.11166667,134.235
2016/1/1,3:53:19,岩手県沖,39°37.8′N,142°06.3′E,48 km,3.9,震度２,39.63,142.105
2016/1/1,6:55:33,福島県中通り,37°03.7′N,140°34.8′E,6 km,2.4,震度１,37.06166667,140.58
2016/1/1,7:28:32,沖縄本島近海,26°39.0′N,127°09.6′E,14 km,3.5,震度１,26.65,127.16
2016/1/1,9:37:59,日高地方中部,42°30.9′N,142°46.7′E,89 km,3.7,震度１,42.515,142.7783333
2016/1/1,11:20:42,トカラ列島近海,29°12.2′N,129°17.2′E,7 km,1.8,震度１,29.20333333,129.2866667
2016/1/1,11:27:25,トカラ列島近海,29°13.2′N,129°15.0′E,11 km,1.6,震度１,29.22,129.25
2016/1/1,11:32:26,トカラ列島近海,29°13.0′N,129°19.3′E,6 km,1.7,震度１,29.21666667,129.3216667
2016/1/1,19:47:10,岐阜県飛騨地方,36°02.1′N,137°33.8′E,10 km,2.4,震度１,36.035,137.5633333
2016/1/2,5:36:56,茨城県北部,36°44.6′N,140°34.9′E,10 km,2.7,震度１,36.74333333,140.5816667
2016/1/3,4:31:18,岐阜県美濃中西部,35°33.8′N,136°39.1′E,12 km,2.7,震度１,35.56333333,136.6516667
2016/1/3,6:24:59,北海道東方沖,43°04.7′N,147°06.6′E,50 km,4.6,震度１,43.07833333,147.11
2016/1/3,9:28:58,青森県東方沖,40°57.8′N,142°00.6′E,56 km,3.4,震度１,40.96333333,142.01
2016/1/3,9:37:06,択捉島南東沖,44°05.3′N,148°01.5′E,0 km,4.7,震度２,44.08833333,148.025
2016/1/3,11:59:43,福島県沖,37°09.5′N,141°21.3′E,49 km,4,震度２,37.15833333,141.355
2016/1/3,23:39:31,硫黄島近海,23°34.0′N,142°40.9′E,179 km,5.3,震度１,23.56666667,142.6816667
2016/1/4,9:30:44,茨城県沖,36°46.2′N,140°59.7′E,80 km,3.5,震度１,36.77,140.995
2016/1/4,19:28:42,宮古島近海,25°01.4′N,125°36.7′E,54 km,3.9,震度１,25.02333333,125.6116667
2016/1/4,22:53:16,沖縄本島近海,25°58.6′N,128°25.9′E,44 km,4.8,震度１,25.97666667,128.4316667
2016/1/5,5:17:34,宮崎県北部山沿い,32°14.8′N,131°07.9′E,98 km,3.6,震度１,32.24666667,131.1316667
2016/1/5,11:21:12,九州地方南東沖,30°31.6′N,132°53.1′E,58 km,5.6,震度２,30.52666667,132.885
2016/1/5,15:07:28,栃木県北部,36°38.9′N,139°29.3′E,7 km,2.9,震度１,36.64833333,139.4883333
2016/1/5,18:56:23,宮城県沖,38°10.4′N,141°47.0′E,54 km,3.4,震度１,38.17333333,141.7833333
2016/1/6,6:23:45,茨城県沖,36°18.6′N,140°54.3′E,40 km,3.3,震度１,36.31,140.905
2016/1/6,6:59:51,硫黄島近海,22°13.1′N,143°49.8′E,185 km,6,震度１,22.21833333,143.83
2016/1/6,16:25:23,茨城県北部,36°40.4′N,140°38.7′E,10 km,2.4,震度１,36.67333333,140.645
2016/1/6,22:09:27,静岡県西部,35°02.6′N,137°50.5′E,40 km,3.4,震度１,35.04333333,137.8416667
2016/1/7,0:02:33,兵庫県南西部,34°58.0′N,134°48.1′E,13 km,2.5,震度１,34.96666667,134.8016667
2016/1/7,1:13:38,福島県会津,37°02.2′N,139°22.4′E,7 km,2.2,震度２,37.03666667,139.3733333
2016/1/7,2:47:35,岩手県沖,39°20.4′N,142°04.8′E,48 km,3.7,震度１,39.34,142.08
2016/1/7,9:15:20,釧路沖,42°38.4′N,145°34.7′E,61 km,4.1,震度２,42.64,145.5783333
2016/1/7,9:45:35,宮城県沖,38°48.9′N,142°03.8′E,38 km,3.4,震度１,38.815,142.0633333
2016/1/7,20:23:17,兵庫県南西部,34°58.1′N,134°48.1′E,13 km,2.6,震度１,34.96833333,134.8016667
2016/1/8,11:18:46,岩手県沖,40°09.8′N,142°22.7′E,36 km,4,震度１,40.16333333,142.3783333
2016/1/8,12:53:25,秋田県内陸南部,39°34.3′N,140°20.9′E,5 km,2.6,震度２,39.57166667,140.3483333
2016/1/9,0:00:35,福島県沖,36°53.8′N,141°04.3′E,62 km,3.7,震度２,36.89666667,141.0716667
2016/1/9,2:55:09,兵庫県南西部,34°58.0′N,134°48.2′E,13 km,3.1,震度２,34.96666667,134.8033333
2016/1/9,22:49:15,滋賀県南部,35°12.9′N,135°54.4′E,9 km,2.6,震度１,35.215,135.9066667
2016/1/9,23:12:38,奄美大島近海,28°02.7′N,129°29.5′E,28 km,5.4,震度４,28.045,129.4916667
2016/1/9,23:17:57,奄美大島近海,28°04.6′N,129°30.4′E,30 km,4.1,震度２,28.07666667,129.5066667
2016/1/9,23:20:23,奄美大島近海,28°04.7′N,129°30.3′E,30 km,4,震度２,28.07833333,129.505
2016/1/9,23:27:47,奄美大島近海,28°04.3′N,129°30.5′E,29 km,3.4,震度１,28.07166667,129.5083333
2016/1/10,0:01:29,奄美大島近海,28°04.1′N,129°30.1′E,29 km,3.4,震度１,28.06833333,129.5016667
2016/1/10,0:09:06,奄美大島近海,28°06.0′N,129°30.2′E,32 km,3.9,震度２,28.1,129.5033333
2016/1/10,0:40:59,奄美大島近海,28°04.7′N,129°30.1′E,30 km,3.2,震度１,28.07833333,129.5016667
2016/1/10,0:48:07,奄美大島近海,28°04.8′N,129°30.5′E,30 km,3.8,震度２,28.08,129.5083333
2016/1/10,0:50:38,宮城県沖,38°24.3′N,142°11.3′E,29 km,4,震度１,38.405,142.1883333
2016/1/10,2:39:07,奄美大島近海,28°03.9′N,129°30.3′E,27 km,3.8,震度１,28.065,129.505
2016/1/10,2:54:07,奄美大島近海,28°04.6′N,129°29.9′E,30 km,3.9,震度１,28.07666667,129.4983333
2016/1/11,0:37:02,日高地方東部,42°20.2′N,142°58.5′E,49 km,3.8,震度１,42.33666667,142.975
2016/1/11,2:08:27,岩手県沖,39°38.3′N,142°06.3′E,48 km,3.2,震度１,39.63833333,142.105
2016/1/11,2:32:16,福島県沖,37°01.1′N,141°05.0′E,57 km,3.1,震度１,37.01833333,141.0833333
2016/1/11,5:24:27,奄美大島近海,28°04.8′N,129°30.9′E,30 km,3.5,震度１,28.08,129.515
2016/1/11,6:16:15,和歌山県北部,34°14.6′N,135°14.0′E,6 km,2.4,震度１,34.24333333,135.2333333
2016/1/11,6:30:05,宮城県沖,38°20.8′N,141°52.5′E,64 km,3.5,震度１,38.34666667,141.875
2016/1/11,11:02:35,伊勢湾,34°56.5′N,136°40.7′E,8 km,2.1,震度１,34.94166667,136.6783333
2016/1/11,12:09:02,兵庫県南西部,34°58.0′N,134°48.4′E,13 km,3.7,震度２,34.96666667,134.8066667
2016/1/11,15:26:41,青森県三八上北地方,40°23.2′N,141°15.8′E,10 km,4.6,震度５弱,40.38666667,141.2633333
2016/1/11,15:30:51,青森県三八上北地方,40°23.6′N,141°15.3′E,10 km,2.6,震度１,40.39333333,141.255
2016/1/11,16:37:11,青森県三八上北地方,40°23.6′N,141°15.5′E,10 km,2.2,震度１,40.39333333,141.2583333
2016/1/11,17:21:27,岩手県沖,40°12.3′N,142°19.4′E,38 km,4.4,震度２,40.205,142.3233333
2016/1/11,19:02:14,青森県三八上北地方,40°23.7′N,141°15.4′E,10 km,2.9,震度２,40.395,141.2566667
2016/1/11,21:21:57,茨城県南部,36°04.5′N,139°52.5′E,45 km,2.9,震度１,36.075,139.875
2016/1/12,0:15:48,青森県三八上北地方,40°23.5′N,141°16.1′E,9 km,3.6,震度３,40.39166667,141.2683333
2016/1/12,0:45:56,奄美大島近海,28°24.0′N,129°57.0′E,45 km,4,震度２,28.4,129.95
2016/1/12,1:17:42,青森県三八上北地方,40°23.2′N,141°15.6′E,10 km,2.9,震度２,40.38666667,141.26
2016/1/12,2:08:02,北海道北西沖,44°25.8′N,141°12.6′E,265 km,6.2,震度３,44.43,141.21
2016/1/12,2:50:29,浦河沖,41°53.7′N,142°30.0′E,64 km,4.4,震度２,41.895,142.5
2016/1/12,3:42:28,秋田県内陸北部,40°01.8′N,140°32.0′E,9 km,2.7,震度１,40.03,140.5333333
2016/1/12,14:25:27,青森県三八上北地方,40°23.7′N,141°15.8′E,9 km,2.5,震度１,40.395,141.2633333
2016/1/12,15:09:38,宮古島近海,24°41.1′N,125°07.2′E,29 km,4.1,震度２,24.685,125.12
2016/1/12,17:42:22,浦河沖,42°13.5′N,142°30.4′E,29 km,2.7,震度１,42.225,142.5066667
2016/1/13,5:46:25,新潟県下越地方,37°46.1′N,138°53.1′E,23 km,3.4,震度１,37.76833333,138.885
2016/1/13,6:30:52,トカラ列島近海,29°15.2′N,129°11.0′E,12 km,2.1,震度１,29.25333333,129.1833333
2016/1/13,10:45:56,千葉県北東部,35°44.3′N,140°51.5′E,10 km,3.2,震度１,35.73833333,140.8583333
2016/1/13,13:40:29,岩手県内陸北部,40°07.9′N,141°18.7′E,9 km,2.6,震度１,40.13166667,141.3116667
2016/1/13,21:48:27,奄美大島近海,28°04.2′N,129°30.4′E,29 km,3.8,震度２,28.07,129.5066667
2016/1/13,22:03:26,宮城県沖,38°38.2′N,141°54.3′E,48 km,3.5,震度１,38.63666667,141.905
2016/1/13,23:09:22,兵庫県南西部,34°57.1′N,134°35.6′E,15 km,3.1,震度１,34.95166667,134.5933333
2016/1/14,8:24:42,トカラ列島近海,29°30.1′N,129°41.1′E,6 km,2.5,震度１,29.50166667,129.685
2016/1/14,12:25:33,浦河沖,41°58.2′N,142°48.0′E,52 km,6.7,震度５弱,41.97,142.8
2016/1/15,4:28:55,茨城県北部,36°26.9′N,140°34.8′E,56 km,4.3,震度３,36.44833333,140.58
2016/1/15,6:00:38,岩手県内陸北部,40°07.9′N,141°18.8′E,9 km,2.6,震度１,40.13166667,141.3133333
2016/1/15,8:22:00,茨城県北部,36°40.4′N,140°36.2′E,9 km,3.3,震度３,36.67333333,140.6033333
2016/1/15,16:17:20,宮城県沖,38°28.0′N,141°51.0′E,56 km,3.5,震度１,38.46666667,141.85
2016/1/15,18:57:15,新島・神津島近海,34°21.1′N,139°14.2′E,3 km,1.8,震度１,34.35166667,139.2366667
2016/1/15,20:05:11,愛知県西部,35°09.7′N,137°03.8′E,14 km,3.1,震度１,35.16166667,137.0633333
2016/1/15,22:23:54,浦河沖,41°54.2′N,142°56.8′E,45 km,3.2,震度１,41.90333333,142.9466667
2016/1/16,6:19:22,茨城県沖,36°11.4′N,141°00.9′E,44 km,3.4,震度１,36.19,141.015
2016/1/16,9:25:43,岩手県沿岸南部,39°13.2′N,141°32.7′E,74 km,3.5,震度２,39.22,141.545
2016/1/16,11:38:40,伊豆大島近海,34°55.8′N,139°38.7′E,35 km,2.9,震度１,34.93,139.645
2016/1/16,21:49:28,福島県沖,37°04.5′N,141°08.8′E,60 km,3.7,震度２,37.075,141.1466667
2016/1/17,6:55:44,茨城県沖,36°34.9′N,140°48.4′E,19 km,2.9,震度１,36.58166667,140.8066667
2016/1/17,8:54:57,長野県中部,36°09.3′N,137°37.8′E,6 km,3.3,震度２,36.155,137.63
2016/1/17,13:25:09,茨城県南部,36°10.3′N,140°00.6′E,51 km,3.1,震度１,36.17166667,140.01
2016/1/17,22:27:42,福岡県北西沖,33°39.2′N,130°18.3′E,11 km,2.9,震度１,33.65333333,130.305
2016/1/18,9:56:48,相模湾,35°10.9′N,139°16.6′E,150 km,4.3,震度２,35.18166667,139.2766667
2016/1/18,23:19:19,群馬県南部,36°24.6′N,139°13.7′E,11 km,2.4,震度１,36.41,139.2283333
2016/1/19,4:51:16,茨城県沖,36°28.1′N,141°04.2′E,45 km,3.6,震度１,36.46833333,141.07
2016/1/19,6:09:01,山梨県中・西部,35°13.1′N,138°24.1′E,21 km,2.8,震度１,35.21833333,138.4016667
2016/1/19,11:13:26,台湾付近,22°50.0′N,121°17.5′E,29 km,5.8,震度１,22.83333333,121.2916667
2016/1/19,16:30:57,福島県沖,37°27.2′N,141°34.5′E,45 km,3.5,震度１,37.45333333,141.575
2016/1/19,16:54:15,紀伊水道,34°08.7′N,135°05.4′E,8 km,2.6,震度２,34.145,135.09
2016/1/19,18:49:19,福島県沖,37°41.7′N,141°44.6′E,47 km,4.3,震度２,37.695,141.7433333
2016/1/20,0:23:43,岩手県沖,40°12.9′N,142°19.8′E,37 km,4.1,震度２,40.215,142.33
2016/1/20,0:26:40,根室半島南東沖,43°09.0′N,145°31.4′E,55 km,3.3,震度１,43.15,145.5233333
2016/1/20,11:15:57,静岡県中部,34°55.8′N,138°22.0′E,24 km,2.7,震度１,34.93,138.3666667
2016/1/20,11:23:04,熊本県阿蘇地方,32°52.5′N,131°06.6′E,0 km,1.6,震度１,32.875,131.11
2016/1/20,15:22:59,茨城県北部,36°40.3′N,140°38.5′E,10 km,3.3,震度２,36.67166667,140.6416667
2016/1/20,17:04:03,福島県沖,37°06.9′N,141°08.0′E,36 km,3.2,震度１,37.115,141.1333333
2016/1/20,19:31:44,福島県中通り,37°09.4′N,140°35.8′E,77 km,3.2,震度１,37.15666667,140.5966667
2016/1/20,22:14:01,沖縄本島近海,27°19.1′N,128°52.1′E,31 km,3.6,震度１,27.31833333,128.8683333
2016/1/21,6:53:42,根室半島南東沖,43°04.0′N,146°03.1′E,50 km,5.1,震度３,43.06666667,146.0516667
2016/1/21,7:14:09,島根県東部,35°11.0′N,133°05.3′E,12 km,3.9,震度３,35.18333333,133.0883333
2016/1/22,1:37:14,宮城県北部,38°49.9′N,141°34.7′E,74 km,3.7,震度１,38.83166667,141.5783333
2016/1/22,4:03:31,熊本県熊本地方,32°57.9′N,130°55.1′E,3 km,2,震度１,32.965,130.9183333
2016/1/22,5:19:26,トカラ列島近海,29°15.2′N,129°09.0′E,11 km,1.8,震度２,29.25333333,129.15
2016/1/22,5:23:50,トカラ列島近海,29°15.3′N,129°12.0′E,11 km,1.7,震度１,29.255,129.2
2016/1/22,6:23:58,宮古島近海,24°21.2′N,125°23.6′E,29 km,3.7,震度１,24.35333333,125.3933333
2016/1/22,7:26:20,トカラ列島近海,29°15.3′N,129°10.1′E,10 km,1.4,震度１,29.255,129.1683333
2016/1/22,17:25:33,トカラ列島近海,29°15.5′N,129°07.8′E,9 km,1.5,震度１,29.25833333,129.13
2016/1/22,17:30:04,トカラ列島近海,29°16.4′N,129°10.1′E,7 km,1.5,震度１,29.27333333,129.1683333
2016/1/23,1:31:23,静岡県伊豆地方,35°02.9′N,139°05.2′E,4 km,1.9,震度１,35.04833333,139.0866667
2016/1/23,1:33:52,静岡県伊豆地方,35°03.8′N,139°04.8′E,5 km,3.7,震度３,35.06333333,139.08
2016/1/23,2:09:21,伊豆半島東方沖,35°03.1′N,139°05.2′E,4 km,2.6,震度２,35.05166667,139.0866667
2016/1/23,5:34:46,伊豆半島東方沖,35°03.8′N,139°05.1′E,4 km,3.3,震度３,35.06333333,139.085
2016/1/23,9:12:57,熊本県熊本地方,32°53.0′N,130°48.7′E,13 km,2.2,震度１,32.88333333,130.8116667
2016/1/24,0:57:01,根室半島南東沖,43°15.8′N,145°46.3′E,94 km,4.4,震度３,43.26333333,145.7716667
2016/1/24,4:16:24,岐阜県飛騨地方,36°03.2′N,137°33.6′E,9 km,2.3,震度１,36.05333333,137.56
2016/1/24,6:33:33,千葉県東方沖,35°52.7′N,140°53.9′E,17 km,4.6,震度３,35.87833333,140.8983333
2016/1/24,7:05:43,和歌山県北部,34°02.3′N,135°13.8′E,6 km,2.3,震度１,34.03833333,135.23
2016/1/24,15:47:05,父島近海,27°16.5′N,142°22.4′E,48 km,4.3,震度１,27.275,142.3733333
2016/1/24,20:26:54,和歌山県北部,34°13.2′N,135°13.4′E,5 km,2.3,震度１,34.22,135.2233333
2016/1/25,0:12:56,千葉県東方沖,35°38.5′N,140°40.6′E,51 km,4.4,震度３,35.64166667,140.6766667
2016/1/25,2:13:22,福島県沖,37°07.7′N,141°08.4′E,29 km,4.2,震度４,37.12833333,141.14
2016/1/25,4:47:30,茨城県沖,36°36.1′N,140°58.4′E,47 km,2.8,震度１,36.60166667,140.9733333
2016/1/25,8:09:43,茨城県沖,36°35.9′N,140°51.3′E,19 km,3.6,震度２,36.59833333,140.855
2016/1/25,11:51:49,茨城県南部,36°03.9′N,139°50.6′E,44 km,3.2,震度１,36.065,139.8433333
2016/1/25,15:41:00,山梨県中・西部,35°51.9′N,138°46.5′E,12 km,2.4,震度１,35.865,138.775
2016/1/25,16:17:07,青森県三八上北地方,40°23.2′N,141°15.5′E,8 km,2.2,震度１,40.38666667,141.2583333
2016/1/26,5:12:12,茨城県北部,36°41.8′N,140°38.7′E,10 km,3.3,震度１,36.69666667,140.645
2016/1/26,6:18:56,薩摩半島西方沖,31°52.2′N,129°13.9′E,12 km,3.8,震度１,31.87,129.2316667
2016/1/26,12:48:42,岩手県沿岸北部,40°04.7′N,141°37.1′E,71 km,3.3,震度１,40.07833333,141.6183333
2016/1/26,13:36:16,伊予灘,33°40.6′N,132°15.6′E,49 km,3.2,震度１,33.67666667,132.26
2016/1/26,19:38:49,千葉県南東沖,34°54.7′N,139°54.3′E,83 km,3.6,震度１,34.91166667,139.905
2016/1/26,20:37:43,宮城県沖,38°15.9′N,141°52.9′E,51 km,4.5,震度３,38.265,141.8816667
2016/1/27,10:12:59,伊豆半島東方沖,35°03.7′N,139°05.0′E,5 km,2.7,震度２,35.06166667,139.0833333
2016/1/27,13:21:57,紀伊水道,34°14.7′N,135°05.9′E,7 km,2.9,震度１,34.245,135.0983333
2016/1/27,21:27:13,茨城県北部,36°38.2′N,140°32.5′E,9 km,2.3,震度１,36.63666667,140.5416667
2016/1/27,21:53:18,茨城県北部,36°44.5′N,140°34.8′E,9 km,3,震度１,36.74166667,140.58
2016/1/28,19:34:36,宮古島近海,24°44.1′N,125°24.7′E,45 km,3.5,震度１,24.735,125.4116667
2016/1/28,20:53:13,和歌山県南部,33°50.9′N,135°39.3′E,51 km,3.6,震度１,33.84833333,135.655
2016/1/29,3:28:58,千葉県東方沖,35°42.5′N,140°54.9′E,13 km,2.8,震度１,35.70833333,140.915
2016/1/29,3:41:18,紀伊水道,34°14.7′N,135°05.9′E,7 km,2.9,震度１,34.245,135.0983333
2016/1/29,5:47:28,宮城県沖,38°14.2′N,141°58.8′E,44 km,4.1,震度１,38.23666667,141.98
2016/1/29,12:58:43,沖縄本島近海,27°25.9′N,128°37.6′E,44 km,3.4,震度１,27.43166667,128.6266667
2016/1/29,22:46:58,宮城県沖,38°18.6′N,142°08.2′E,36 km,3.9,震度１,38.31,142.1366667
2016/1/30,12:25:10,カムチャツカ半島付近,54°00.4′N,158°30.3′E,161 km,7.2,震度１,54.00666667,158.505
2016/1/30,12:34:27,茨城県北部,36°27.4′N,140°36.0′E,55 km,3.9,震度２,36.45666667,140.6
2016/1/30,15:01:25,沖縄本島近海,27°09.1′N,128°16.9′E,16 km,4.2,震度１,27.15166667,128.2816667
2016/1/30,15:31:26,茨城県沖,36°28.5′N,141°08.7′E,45 km,3.3,震度１,36.475,141.145
2016/1/30,20:30:01,和歌山県北部,34°13.9′N,135°36.1′E,64 km,3.5,震度１,34.23166667,135.6016667
2016/1/30,21:44:02,岐阜県飛騨地方,36°03.2′N,137°33.5′E,8 km,2.7,震度１,36.05333333,137.5583333
2016/1/31,2:23:32,北海道東方沖,43°40.4′N,147°44.8′E,9 km,4.5,震度１,43.67333333,147.7466667
2016/1/31,13:06:14,岩手県沖,39°59.7′N,142°24.5′E,22 km,4.4,震度１,39.995,142.4083333
2016/1/31,13:26:16,岩手県沖,39°59.4′N,142°24.5′E,23 km,4.2,震度２,39.99,142.4083333
2016/1/31,16:42:11,山梨県東部・富士五湖,35°31.5′N,139°00.1′E,27 km,2.5,震度１,35.525,139.0016667
2016/2/1,0:54:48,宮城県沖,38°15.9′N,141°52.8′E,51 km,3.3,震度１,38.265,141.88
2016/2/1,1:05:34,岩手県沿岸北部,39°27.6′N,142°01.3′E,46 km,3.5,震度１,39.46,142.0216667
2016/2/1,16:04:24,茨城県南部,36°05.0′N,139°51.2′E,46 km,3.2,震度１,36.08333333,139.8533333
2016/2/1,20:28:41,福島県中通り,37°01.3′N,140°35.8′E,8 km,3.2,震度１,37.02166667,140.5966667
2016/2/2,14:31:47,岩手県沖,39°40.8′N,142°54.4′E,22 km,5.6,震度４,39.68,142.9066667
2016/2/2,18:53:39,宮城県沖,38°21.2′N,141°38.6′E,62 km,3.8,震度２,38.35333333,141.6433333
2016/2/2,19:38:35,日向灘,32°06.3′N,132°05.8′E,16 km,3.7,震度１,32.105,132.0966667
2016/2/2,20:00:40,トカラ列島近海,29°20.3′N,129°32.9′E,16 km,3.1,震度３,29.33833333,129.5483333
2016/2/2,23:19:22,石垣島北西沖,25°24.7′N,123°25.4′E,201 km,5.8,震度２,25.41166667,123.4233333
2016/2/3,3:12:42,宮城県沖,38°18.9′N,141°45.2′E,50 km,3.9,震度１,38.315,141.7533333
2016/2/3,6:44:11,トカラ列島近海,29°13.4′N,129°07.4′E,11 km,1.6,震度１,29.22333333,129.1233333
2016/2/3,6:46:38,トカラ列島近海,29°12.9′N,129°06.9′E,10 km,1.9,震度１,29.215,129.115
2016/2/3,6:49:12,トカラ列島近海,29°14.6′N,129°09.8′E,11 km,1.9,震度１,29.24333333,129.1633333
2016/2/3,6:54:44,トカラ列島近海,29°13.7′N,129°11.2′E,13 km,2.7,震度３,29.22833333,129.1866667
2016/2/3,6:56:55,トカラ列島近海,29°13.1′N,129°10.7′E,14 km,1.5,震度１,29.21833333,129.1783333
2016/2/3,6:59:51,トカラ列島近海,29°15.8′N,129°09.1′E,12 km,1.6,震度１,29.26333333,129.1516667
2016/2/3,7:19:25,トカラ列島近海,29°14.9′N,129°14.0′E,11 km,2.2,震度２,29.24833333,129.2333333
2016/2/3,7:41:03,トカラ列島近海,29°15.5′N,129°09.9′E,9 km,1.5,震度１,29.25833333,129.165
2016/2/3,7:48:23,トカラ列島近海,29°15.8′N,129°13.1′E,12 km,2,震度１,29.26333333,129.2183333
2016/2/3,15:58:55,茨城県沖,36°36.9′N,141°03.9′E,45 km,3.7,震度１,36.615,141.065
2016/2/3,19:29:54,青森県東方沖,40°40.3′N,141°44.5′E,73 km,3.2,震度２,40.67166667,141.7416667
2016/2/3,21:28:40,長野県北部,36°24.3′N,137°38.2′E,0 km,4.4,震度２,36.405,137.6366667
2016/2/3,23:18:01,沖縄本島近海,26°32.5′N,127°13.1′E,8 km,2.8,震度１,26.54166667,127.2183333
2016/2/3,23:29:03,和歌山県北部,34°15.4′N,135°25.4′E,8 km,2.3,震度１,34.25666667,135.4233333
2016/2/4,0:30:15,和歌山県北部,34°15.3′N,135°25.3′E,7 km,2.3,震度１,34.255,135.4216667
2016/2/4,2:59:40,茨城県沖,36°49.8′N,141°19.5′E,29 km,4.7,震度２,36.83,141.325
2016/2/5,1:00:38,宮城県沖,38°51.3′N,142°02.9′E,46 km,3.7,震度１,38.855,142.0483333
2016/2/5,7:41:47,神奈川県東部,35°37.8′N,139°32.4′E,26 km,4.6,震度４,35.63,139.54
2016/2/5,16:02:19,群馬県南部,36°21.8′N,139°09.2′E,139 km,4,震度２,36.36333333,139.1533333
2016/2/6,6:22:52,栃木県南部,36°38.9′N,139°33.2′E,113 km,4.2,震度２,36.64833333,139.5533333
2016/2/6,8:16:46,宮城県沖,38°18.8′N,141°35.5′E,55 km,3.8,震度２,38.31333333,141.5916667
2016/2/6,22:40:16,トカラ列島近海,29°17.9′N,129°14.0′E,13 km,2.6,震度１,29.29833333,129.2333333
2016/2/7,1:46:38,父島近海,27°41.9′N,142°28.2′E,48 km,4.3,震度１,27.69833333,142.47
2016/2/7,10:09:49,茨城県北部,36°44.4′N,140°34.9′E,10 km,4.4,震度４,36.74,140.5816667
2016/2/7,10:11:00,茨城県北部,36°45.3′N,140°34.1′E,8 km,3.5,震度１,36.755,140.5683333
2016/2/7,11:38:07,宮城県沖,38°19.3′N,141°52.0′E,66 km,3.9,震度１,38.32166667,141.8666667
2016/2/7,19:26:57,茨城県南部,36°03.1′N,139°54.2′E,43 km,4.6,震度４,36.05166667,139.9033333
2016/2/8,1:03:36,福島県浜通り,37°05.4′N,140°43.6′E,10 km,3.8,震度３,37.09,140.7266667
2016/2/8,5:45:41,西表島付近,24°18.2′N,123°26.5′E,45 km,4.6,震度２,24.30333333,123.4416667
2016/2/8,8:55:15,富山湾,36°47.1′N,137°07.9′E,10 km,2.6,震度２,36.785,137.1316667
2016/2/8,15:22:32,島根県西部,35°15.3′N,132°33.5′E,10 km,3.2,震度２,35.255,132.5583333
2016/2/9,1:54:28,宮城県沖,38°08.7′N,141°59.3′E,48 km,4.3,震度３,38.145,141.9883333
2016/2/9,4:56:20,島根県西部,35°15.4′N,132°33.6′E,10 km,2.8,震度１,35.25666667,132.56
2016/2/9,17:18:12,鳥取県西部,35°17.2′N,133°20.1′E,11 km,2.7,震度１,35.28666667,133.335
2016/2/10,6:22:55,釧路沖,43°02.9′N,145°05.4′E,85 km,3.3,震度１,43.04833333,145.09
2016/2/10,14:07:28,北海道南西沖,42°14.7′N,139°07.6′E,18 km,3.7,震度１,42.245,139.1266667
2016/2/10,20:42:28,茨城県南部,36°01.9′N,139°55.7′E,42 km,3.1,震度２,36.03166667,139.9283333
2016/2/10,20:47:57,埼玉県北部,36°13.8′N,139°10.6′E,18 km,3.2,震度２,36.23,139.1766667
2016/2/11,3:24:18,茨城県北部,36°38.2′N,140°32.5′E,10 km,3,震度２,36.63666667,140.5416667
2016/2/11,3:26:45,トカラ列島近海,29°15.1′N,129°14.8′E,10 km,1.7,震度１,29.25166667,129.2466667
2016/2/11,3:28:13,トカラ列島近海,29°15.9′N,129°05.1′E,8 km,2.2,震度１,29.265,129.085
2016/2/11,3:29:12,トカラ列島近海,29°12.4′N,129°16.5′E,8 km,2.5,震度１,29.20666667,129.275
2016/2/11,3:32:33,トカラ列島近海,29°16.3′N,129°08.7′E,14 km,2.7,震度２,29.27166667,129.145
2016/2/11,3:36:54,トカラ列島近海,29°10.7′N,129°18.8′E,13 km,2.1,震度１,29.17833333,129.3133333
2016/2/11,3:46:29,トカラ列島近海,29°13.9′N,129°14.8′E,16 km,3,震度２,29.23166667,129.2466667
2016/2/11,3:56:58,トカラ列島近海,29°10.9′N,129°18.1′E,11 km,2.1,震度２,29.18166667,129.3016667
2016/2/11,4:21:11,トカラ列島近海,29°15.8′N,129°16.0′E,15 km,2.7,震度１,29.26333333,129.2666667
2016/2/11,4:25:57,トカラ列島近海,29°13.6′N,129°13.8′E,11 km,2.5,震度１,29.22666667,129.23
2016/2/11,6:53:56,福井県嶺北,35°56.6′N,136°02.8′E,5 km,2.4,震度１,35.94333333,136.0466667
2016/2/11,9:42:35,薩摩半島西方沖,31°06.4′N,130°19.7′E,159 km,3.6,震度１,31.10666667,130.3283333
2016/2/12,7:38:53,石垣島近海,24°54.3′N,123°26.7′E,24 km,3.7,震度１,24.905,123.445
2016/2/12,11:38:11,長崎県南西部,32°58.0′N,129°54.4′E,13 km,2.9,震度１,32.96666667,129.9066667
2016/2/12,11:46:43,愛媛県南予,33°27.7′N,132°35.1′E,15 km,3.8,震度２,33.46166667,132.585
2016/2/12,15:17:56,熊本県熊本地方,32°58.4′N,130°54.3′E,6 km,1.7,震度１,32.97333333,130.905
2016/2/12,15:39:07,熊本県熊本地方,32°58.4′N,130°54.3′E,6 km,2,震度１,32.97333333,130.905
2016/2/12,18:06:03,釧路沖,42°47.3′N,145°23.9′E,47 km,3.7,震度１,42.78833333,145.3983333
2016/2/12,21:53:23,茨城県沖,36°31.6′N,140°57.1′E,19 km,3.2,震度１,36.52666667,140.9516667
2016/2/12,21:59:31,沖縄本島近海,27°07.0′N,127°34.5′E,89 km,4.2,震度１,27.11666667,127.575
2016/2/12,22:59:17,宮城県沖,38°41.7′N,141°48.2′E,53 km,3.1,震度１,38.695,141.8033333
2016/2/14,6:43:55,トカラ列島近海,29°15.2′N,129°15.0′E,11 km,2,震度１,29.25333333,129.25
2016/2/14,6:44:48,トカラ列島近海,29°15.9′N,129°16.6′E,9 km,2.4,震度２,29.265,129.2766667
2016/2/14,8:09:16,奈良県,34°24.6′N,135°52.5′E,10 km,2.3,震度１,34.41,135.875
2016/2/14,11:00:08,種子島近海,30°41.7′N,131°01.9′E,9 km,2.6,震度１,30.695,131.0316667
2016/2/14,13:14:16,福島県浜通り,36°57.4′N,140°37.8′E,73 km,3.3,震度１,36.95666667,140.63
2016/2/14,15:26:11,奈良県,34°24.7′N,135°52.5′E,9 km,3,震度２,34.41166667,135.875
2016/2/14,15:29:17,福島県沖,37°23.9′N,141°09.0′E,65 km,4,震度２,37.39833333,141.15
2016/2/14,19:03:36,秋田県沿岸北部,39°59.1′N,139°53.2′E,14 km,3.5,震度３,39.985,139.8866667
2016/2/14,23:28:01,茨城県北部,36°28.4′N,140°31.6′E,58 km,3.6,震度１,36.47333333,140.5266667
2016/2/15,3:09:25,鳥島近海,30°18.6′N,139°07.0′E,438 km,6,震度２,30.31,139.1166667
2016/2/15,6:22:08,宮古島近海,24°54.4′N,125°39.7′E,50 km,3.5,震度１,24.90666667,125.6616667
2016/2/15,7:48:00,十勝地方中部,43°03.3′N,143°19.1′E,136 km,4.2,震度２,43.055,143.3183333
2016/2/16,13:30:33,千葉県東方沖,35°33.6′N,141°03.8′E,36 km,3.9,震度２,35.56,141.0633333
2016/2/16,14:33:02,岩手県沖,40°20.9′N,142°04.7′E,50 km,3.8,震度２,40.34833333,142.0783333
2016/2/17,10:48:05,岩手県沿岸南部,39°21.2′N,141°48.9′E,61 km,3.1,震度１,39.35333333,141.815
2016/2/17,17:32:01,福島県会津,37°02.2′N,139°21.3′E,8 km,2.1,震度１,37.03666667,139.355
2016/2/17,18:05:22,奄美大島北西沖,28°07.7′N,128°04.1′E,11 km,4.2,震度２,28.12833333,128.0683333
2016/2/18,3:47:42,茨城県南部,36°04.6′N,139°53.2′E,45 km,3.1,震度１,36.07666667,139.8866667
2016/2/18,15:05:02,薩摩半島西方沖,31°42.7′N,128°57.0′E,18 km,3.8,震度１,31.71166667,128.95
2016/2/18,19:18:31,茨城県北部,36°43.1′N,140°36.7′E,7 km,2.8,震度１,36.71833333,140.6116667
2016/2/18,23:05:34,薩摩半島西方沖,31°20.5′N,128°37.5′E,12 km,4.4,震度１,31.34166667,128.625
2016/2/18,23:09:19,釧路沖,42°20.4′N,144°40.0′E,35 km,4,震度１,42.34,144.6666667
2016/2/18,23:10:28,釧路沖,42°20.5′N,144°40.5′E,33 km,4.1,震度１,42.34166667,144.675
2016/2/19,10:50:19,千葉県北西部,35°39.4′N,140°10.2′E,63 km,3.9,震度２,35.65666667,140.17
2016/2/19,10:53:22,薩摩半島西方沖,31°43.7′N,128°58.5′E,18 km,4,震度１,31.72833333,128.975
2016/2/19,19:07:18,トカラ列島近海,29°52.4′N,129°53.6′E,7 km,2.1,震度１,29.87333333,129.8933333
2016/2/19,22:13:51,福島県沖,37°13.9′N,142°10.1′E,26 km,5.3,震度２,37.23166667,142.1683333
2016/2/19,23:28:09,宮城県沖,38°23.0′N,141°54.0′E,64 km,3.7,震度１,38.38333333,141.9
2016/2/20,4:35:00,五島列島近海,32°49.7′N,129°43.1′E,11 km,3,震度１,32.82833333,129.7183333
2016/2/20,6:03:51,五島列島近海,32°49.7′N,129°43.1′E,11 km,2.8,震度１,32.82833333,129.7183333
2016/2/20,10:33:40,神奈川県西部,35°13.2′N,139°07.4′E,9 km,2.9,震度３,35.22,139.1233333
2016/2/20,20:52:30,山口県北西沖,34°35.2′N,130°56.7′E,19 km,3.5,震度１,34.58666667,130.945
2016/2/20,20:55:00,奄美大島北西沖,28°07.6′N,128°03.9′E,15 km,4.2,震度１,28.12666667,128.065
2016/2/21,4:14:35,種子島南東沖,30°02.5′N,131°14.4′E,26 km,4.3,震度１,30.04166667,131.24
2016/2/21,7:24:54,和歌山県北部,34°09.1′N,135°19.3′E,5 km,2.1,震度１,34.15166667,135.3216667
2016/2/21,14:22:38,茨城県沖,36°13.6′N,140°52.9′E,45 km,3.7,震度２,36.22666667,140.8816667
2016/2/22,3:03:26,福島県沖,37°24.9′N,141°51.6′E,29 km,4.7,震度２,37.415,141.86
2016/2/22,6:26:41,硫黄島近海,24°36.5′N,143°21.7′E,120 km,5.8,震度１,24.60833333,143.3616667
2016/2/22,7:38:08,浦河沖,42°02.3′N,142°36.2′E,63 km,3.5,震度１,42.03833333,142.6033333
2016/2/23,3:41:06,根室半島南東沖,43°04.4′N,145°39.7′E,47 km,4.6,震度３,43.07333333,145.6616667
2016/2/23,13:41:55,天草灘,32°32.3′N,129°56.6′E,12 km,3.4,震度１,32.53833333,129.9433333
2016/2/23,18:17:47,浦河沖,42°03.4′N,142°36.3′E,59 km,3.6,震度１,42.05666667,142.605
2016/2/23,21:13:20,千葉県北東部,35°23.7′N,140°21.7′E,27 km,2.2,震度１,35.395,140.3616667
2016/2/24,3:31:32,福岡県北西沖,33°39.2′N,130°19.2′E,14 km,2.8,震度１,33.65333333,130.32
2016/2/24,4:02:15,千葉県東方沖,35°51.9′N,140°53.5′E,19 km,3.9,震度２,35.865,140.8916667
2016/2/24,12:15:44,茨城県北部,36°40.1′N,140°39.6′E,10 km,3.7,震度３,36.66833333,140.66
2016/2/24,16:05:37,岐阜県美濃中西部,35°23.1′N,136°51.1′E,41 km,3,震度１,35.385,136.8516667
2016/2/24,17:01:01,茨城県沖,36°29.1′N,140°59.3′E,46 km,3.2,震度１,36.485,140.9883333
2016/2/25,1:10:51,宮城県沖,38°18.2′N,141°52.7′E,46 km,4.6,震度３,38.30333333,141.8783333
2016/2/25,6:24:09,茨城県北部,36°39.9′N,140°39.3′E,10 km,2.5,震度１,36.665,140.655
2016/2/25,9:07:33,薩摩半島西方沖,31°41.3′N,128°56.5′E,17 km,4.1,震度１,31.68833333,128.9416667
2016/2/25,11:43:53,宮城県沖,38°10.2′N,141°40.4′E,50 km,3.9,震度２,38.17,141.6733333
2016/2/25,17:31:57,岩手県沖,40°09.3′N,142°23.6′E,36 km,3.9,震度１,40.155,142.3933333
2016/2/26,3:12:47,岐阜県飛騨地方,36°02.2′N,137°33.7′E,10 km,2.1,震度１,36.03666667,137.5616667
2016/2/26,5:47:48,薩摩半島西方沖,31°43.9′N,128°58.8′E,19 km,3.6,震度１,31.73166667,128.98
2016/2/26,7:50:15,静岡県中部,35°06.8′N,138°10.9′E,13 km,2.7,震度１,35.11333333,138.1816667
2016/2/26,15:51:13,鳥取県中部,35°25.9′N,133°54.9′E,7 km,2,震度１,35.43166667,133.915
2016/2/27,4:58:17,福島県沖,37°37.7′N,142°02.1′E,31 km,4.4,震度１,37.62833333,142.035
2016/2/27,5:24:57,岩手県沖,39°08.2′N,142°23.2′E,32 km,3.9,震度１,39.13666667,142.3866667
2016/2/27,12:11:03,鹿児島県薩摩地方,32°07.7′N,130°31.8′E,5 km,2.3,震度１,32.12833333,130.53
2016/2/27,14:32:17,宮城県沖,38°43.0′N,142°15.8′E,39 km,3.9,震度１,38.71666667,142.2633333
2016/2/27,20:05:12,宮城県沖,38°32.1′N,141°43.0′E,54 km,3.6,震度１,38.535,141.7166667
2016/2/28,0:37:28,三陸沖,38°54.5′N,142°50.7′E,11 km,4.5,震度１,38.90833333,142.845
2016/2/28,2:42:13,茨城県北部,36°49.5′N,140°33.3′E,7 km,3.7,震度２,36.825,140.555
2016/2/28,11:06:26,浦河沖,41°55.2′N,142°19.0′E,69 km,3.8,震度１,41.92,142.3166667
2016/2/28,14:08:47,浦河沖,41°55.0′N,142°19.1′E,70 km,3.6,震度１,41.91666667,142.3183333
2016/2/28,22:14:08,五島列島近海,32°49.7′N,129°43.0′E,11 km,2.9,震度１,32.82833333,129.7166667
2016/2/29,8:02:21,鳥取県中部,35°25.9′N,133°54.9′E,7 km,2.7,震度２,35.43166667,133.915
2016/2/29,14:15:53,紀伊水道,34°03.2′N,135°07.9′E,7 km,2.9,震度２,34.05333333,135.1316667
2016/2/29,14:26:16,浦河沖,41°51.0′N,142°49.3′E,49 km,3.4,震度１,41.85,142.8216667
2016/2/29,16:18:33,茨城県北部,36°49.5′N,140°33.3′E,7 km,3,震度１,36.825,140.555
2016/2/29,19:00:24,奄美大島近海,28°29.9′N,129°24.8′E,0 km,3.2,震度１,28.49833333,129.4133333
2016/3/1,3:44:56,五島列島近海,32°49.7′N,129°43.0′E,11 km,3,震度１,32.82833333,129.7166667
2016/3/1,4:47:38,与那国島近海,23°49.3′N,123°22.2′E,31 km,5.3,震度２,23.82166667,123.37
2016/3/1,7:29:11,千葉県東方沖,35°42.1′N,140°55.7′E,14 km,3.2,震度１,35.70166667,140.9283333
2016/3/1,9:13:43,福島県沖,37°32.7′N,141°56.8′E,43 km,4.3,震度２,37.545,141.9466667
2016/3/1,15:44:13,鳥取県中部,35°25.8′N,133°54.7′E,7 km,2.1,震度１,35.43,133.9116667
2016/3/1,19:41:58,茨城県沖,36°29.4′N,140°44.9′E,60 km,3.5,震度１,36.49,140.7483333
2016/3/1,20:59:34,長野県南部,35°22.7′N,137°59.9′E,9 km,2.8,震度１,35.37833333,137.9983333
2016/3/2,0:07:46,長野県北部,36°46.5′N,138°23.6′E,8 km,2,震度１,36.775,138.3933333
2016/3/2,6:52:31,千葉県北西部,35°41.5′N,140°06.2′E,64 km,3.1,震度１,35.69166667,140.1033333
2016/3/2,18:47:56,岩手県沖,39°46.3′N,142°26.6′E,22 km,3.7,震度１,39.77166667,142.4433333
2016/3/3,5:06:39,十勝地方北部,43°21.9′N,143°04.4′E,7 km,2.9,震度１,43.365,143.0733333
2016/3/3,7:56:43,新島・神津島近海,34°21.3′N,139°13.9′E,6 km,2.3,震度１,34.355,139.2316667
2016/3/3,13:54:32,長野県南部,35°49.0′N,137°29.2′E,9 km,2.8,震度１,35.81666667,137.4866667
2016/3/3,16:11:16,宮崎県南部平野部,31°46.2′N,131°25.8′E,51 km,4.9,震度４,31.77,131.43
2016/3/3,20:09:18,千葉県東方沖,35°44.4′N,141°04.3′E,37 km,3.7,震度１,35.74,141.0716667
2016/3/3,23:32:09,新潟県上越地方,37°08.7′N,138°25.2′E,22 km,2.1,震度１,37.145,138.42
2016/3/4,5:26:53,宮古島北西沖,25°28.5′N,124°46.4′E,99 km,4.2,震度１,25.475,124.7733333
2016/3/4,5:44:27,鳥取県中部,35°25.9′N,133°55.0′E,7 km,2.7,震度２,35.43166667,133.9166667
2016/3/4,12:22:11,沖縄本島近海,26°47.2′N,128°25.2′E,30 km,3.3,震度１,26.78666667,128.42
2016/3/4,22:00:31,福島県沖,37°36.9′N,141°47.5′E,38 km,3.9,震度１,37.615,141.7916667
2016/3/4,23:15:29,十勝地方南部,42°30.6′N,142°56.5′E,99 km,3.5,震度１,42.51,142.9416667
2016/3/5,0:14:11,茨城県北部,36°38.8′N,140°26.4′E,71 km,2.8,震度１,36.64666667,140.44
2016/3/5,9:33:23,十勝沖,41°43.3′N,144°13.7′E,37 km,4.8,震度１,41.72166667,144.2283333
2016/3/5,13:40:51,宮城県沖,38°41.2′N,142°14.9′E,39 km,3.7,震度１,38.68666667,142.2483333
2016/3/5,17:46:24,兵庫県南東部,34°42.5′N,135°10.6′E,12 km,2.7,震度１,34.70833333,135.1766667
2016/3/5,18:30:07,青森県三八上北地方,40°23.6′N,141°14.9′E,10 km,3.2,震度２,40.39333333,141.2483333
2016/3/5,20:02:03,福岡県北西沖,33°40.3′N,130°25.0′E,13 km,3.6,震度３,33.67166667,130.4166667
2016/3/6,14:52:50,十勝地方北部,43°21.7′N,143°04.6′E,7 km,3.4,震度１,43.36166667,143.0766667
2016/3/6,14:59:10,秋田県内陸北部,40°25.4′N,140°37.7′E,2 km,2.5,震度２,40.42333333,140.6283333
2016/3/7,5:58:44,若狭湾,35°50.1′N,135°51.9′E,13 km,3.9,震度２,35.835,135.865
2016/3/7,8:02:59,岩手県沿岸北部,39°45.4′N,141°51.0′E,58 km,3.7,震度２,39.75666667,141.85
2016/3/7,16:37:02,岩手県沖,40°08.6′N,142°27.7′E,34 km,4.8,震度３,40.14333333,142.4616667
2016/3/8,4:36:05,奄美大島近海,28°00.1′N,129°28.1′E,33 km,3.4,震度１,28.00166667,129.4683333
2016/3/8,4:55:41,日高地方東部,42°14.8′N,142°44.1′E,44 km,3.8,震度１,42.24666667,142.735
2016/3/8,13:32:45,浦河沖,42°07.5′N,142°54.7′E,20 km,3.8,震度３,42.125,142.9116667
2016/3/8,18:08:31,福島県沖,37°31.9′N,141°23.0′E,51 km,3.5,震度１,37.53166667,141.3833333
2016/3/8,23:32:49,長野県南部,35°54.6′N,138°04.1′E,10 km,3.5,震度２,35.91,138.0683333
2016/3/9,0:21:16,長野県南部,35°54.6′N,138°04.2′E,9 km,2.9,震度１,35.91,138.07
2016/3/9,0:33:14,福岡県北西沖,33°38.4′N,130°17.1′E,12 km,2.8,震度１,33.64,130.285
2016/3/9,1:30:46,宮城県沖,38°52.0′N,142°02.1′E,46 km,3.5,震度１,38.86666667,142.035
2016/3/9,14:56:23,薩摩半島西方沖,31°03.4′N,129°02.5′E,8 km,4.3,震度１,31.05666667,129.0416667
2016/3/9,19:20:40,十勝地方北部,43°21.7′N,143°04.6′E,6 km,3.2,震度１,43.36166667,143.0766667
2016/3/9,19:31:12,十勝地方北部,43°21.8′N,143°04.6′E,6 km,3.3,震度１,43.36333333,143.0766667
2016/3/9,20:05:47,和歌山県北部,33°54.1′N,135°11.8′E,8 km,2.5,震度１,33.90166667,135.1966667
2016/3/10,16:19:03,熊本県熊本地方,32°57.4′N,130°53.8′E,10 km,2.5,震度１,32.95666667,130.8966667
2016/3/10,22:46:55,千葉県北東部,35°43.2′N,140°42.2′E,48 km,4.2,震度２,35.72,140.7033333
2016/3/11,6:07:08,沖縄本島近海,26°31.0′N,127°09.0′E,10 km,3.5,震度１,26.51666667,127.15
2016/3/12,5:00:32,奄美大島近海,28°14.9′N,129°32.0′E,33 km,4.2,震度３,28.24833333,129.5333333
2016/3/12,21:59:23,長野県中部,36°26.6′N,138°02.1′E,5 km,2.1,震度１,36.44333333,138.035
2016/3/13,11:07:37,浦河沖,41°58.7′N,142°34.2′E,62 km,4.2,震度２,41.97833333,142.57
2016/3/13,12:13:40,宮城県沖,38°13.7′N,142°06.2′E,39 km,3.9,震度１,38.22833333,142.1033333
2016/3/13,17:03:24,愛知県西部,35°11.0′N,137°31.8′E,46 km,2.6,震度１,35.18333333,137.53
2016/3/13,17:44:11,宮城県沖,38°10.4′N,141°40.2′E,50 km,3.8,震度２,38.17333333,141.67
2016/3/14,7:14:18,長野県北部,36°46.5′N,137°53.9′E,6 km,2.1,震度１,36.775,137.8983333
2016/3/14,16:03:17,トカラ列島近海,29°43.8′N,129°17.1′E,224 km,5.3,震度３,29.73,129.285
2016/3/15,5:31:37,十勝地方中部,42°54.1′N,143°26.4′E,116 km,3.8,震度２,42.90166667,143.44
2016/3/15,14:05:21,三陸沖,39°28.6′N,143°38.0′E,26 km,4.9,震度２,39.47666667,143.6333333
2016/3/15,20:14:24,千葉県東方沖,35°49.3′N,141°00.7′E,26 km,3.7,震度１,35.82166667,141.0116667
2016/3/16,9:24:51,三陸沖,39°31.1′N,143°27.9′E,36 km,4.9,震度１,39.51833333,143.465
2016/3/17,1:15:14,青森県東方沖,40°58.3′N,142°00.6′E,56 km,4.1,震度３,40.97166667,142.01
2016/3/17,7:02:56,宮城県沖,38°10.6′N,141°58.3′E,32 km,3.7,震度１,38.17666667,141.9716667
2016/3/17,18:29:30,長野県中部,36°09.1′N,138°00.1′E,8 km,3.2,震度２,36.15166667,138.0016667
2016/3/17,19:42:31,長野県中部,36°08.9′N,138°00.1′E,8 km,2.5,震度１,36.14833333,138.0016667
2016/3/18,1:24:12,父島近海,27°33.1′N,142°20.6′E,38 km,4.1,震度１,27.55166667,142.3433333
2016/3/18,3:59:21,岩手県沖,39°26.2′N,142°22.7′E,49 km,4.6,震度３,39.43666667,142.3783333
2016/3/18,4:50:44,宮古島近海,24°17.2′N,125°15.0′E,46 km,4.7,震度１,24.28666667,125.25
2016/3/18,15:19:57,福島県沖,37°33.0′N,141°28.6′E,78 km,3.8,震度１,37.55,141.4766667
2016/3/19,8:28:07,沖縄本島北西沖,26°56.2′N,126°41.4′E,20 km,4.9,震度１,26.93666667,126.69
2016/3/19,10:27:50,沖縄本島北西沖,26°56.4′N,126°38.6′E,23 km,4.9,震度２,26.94,126.6433333
2016/3/19,20:33:49,宮城県沖,38°26.1′N,141°48.1′E,55 km,3.7,震度２,38.435,141.8016667
2016/3/19,21:58:40,茨城県沖,36°43.7′N,141°06.5′E,46 km,3.8,震度１,36.72833333,141.1083333
2016/3/19,23:30:31,宮城県沖,38°13.9′N,141°41.5′E,51 km,3.9,震度２,38.23166667,141.6916667
2016/3/19,23:40:49,四国沖,32°55.4′N,134°19.6′E,36 km,3.9,震度１,32.92333333,134.3266667
2016/3/20,7:23:27,紀伊水道,34°10.1′N,135°10.6′E,7 km,2.3,震度１,34.16833333,135.1766667
2016/3/20,10:34:41,沖縄本島北西沖,26°55.6′N,126°41.5′E,18 km,4.6,震度１,26.92666667,126.6916667
2016/3/20,11:42:55,愛知県西部,35°00.6′N,137°14.8′E,38 km,3.5,震度２,35.01,137.2466667
2016/3/20,11:52:23,岩手県沿岸南部,39°14.0′N,141°43.4′E,14 km,3.4,震度１,39.23333333,141.7233333
2016/3/20,16:01:40,埼玉県南部,36°00.4′N,139°27.9′E,96 km,3.8,震度２,36.00666667,139.465
2016/3/20,17:32:23,豊後水道,33°09.0′N,132°08.1′E,55 km,3.4,震度１,33.15,132.135
2016/3/21,5:07:59,福島県浜通り,37°00.9′N,140°40.2′E,9 km,3.4,震度１,37.015,140.67
2016/3/21,8:03:06,福島県中通り,37°34.5′N,140°36.5′E,90 km,3.8,震度２,37.575,140.6083333
2016/3/21,9:11:40,北海道東方沖,43°34.8′N,147°13.3′E,38 km,4.7,震度２,43.58,147.2216667
2016/3/22,12:04:07,岩手県内陸南部,39°02.9′N,140°52.6′E,8 km,3.4,震度１,39.04833333,140.8766667
2016/3/22,14:34:22,茨城県北部,36°46.7′N,140°34.4′E,7 km,4.7,震度４,36.77833333,140.5733333
2016/3/22,18:37:21,新潟県中越地方,37°01.5′N,138°41.7′E,8 km,2.1,震度１,37.025,138.695
2016/3/22,18:46:25,福島県沖,37°03.4′N,141°12.0′E,50 km,3.6,震度２,37.05666667,141.2
2016/3/23,11:08:29,茨城県沖,36°36.2′N,141°00.8′E,47 km,3.2,震度１,36.60333333,141.0133333
2016/3/23,16:13:46,熊本県熊本地方,32°57.3′N,130°53.7′E,10 km,2,震度１,32.955,130.895
2016/3/23,16:56:23,宮城県沖,38°21.6′N,141°39.8′E,53 km,3.8,震度２,38.36,141.6633333
2016/3/23,20:52:00,熊本県熊本地方,32°57.2′N,130°53.6′E,10 km,2.5,震度１,32.95333333,130.8933333
2016/3/24,16:57:38,根室地方南部,43°14.5′N,145°30.0′E,97 km,4.3,震度３,43.24166667,145.5
2016/3/25,3:55:45,宮城県沖,38°28.2′N,141°59.6′E,40 km,3.5,震度１,38.47,141.9933333
2016/3/25,17:39:48,岩手県内陸南部,38°50.2′N,141°22.1′E,9 km,3,震度２,38.83666667,141.3683333
2016/3/25,22:35:12,長野県中部,36°24.3′N,138°02.7′E,5 km,2,震度１,36.405,138.045
2016/3/25,23:55:17,茨城県沖,36°45.5′N,141°11.4′E,38 km,4,震度２,36.75833333,141.19
2016/3/26,14:44:16,岩手県沖,39°38.3′N,142°06.2′E,48 km,3.2,震度１,39.63833333,142.1033333
2016/3/26,22:33:29,茨城県南部,36°02.2′N,139°52.8′E,43 km,3.7,震度２,36.03666667,139.88
2016/3/28,13:40:31,青森県三八上北地方,40°23.5′N,141°14.5′E,10 km,2.3,震度１,40.39166667,141.2416667
2016/3/29,2:42:15,福島県沖,37°19.7′N,141°16.3′E,30 km,3.3,震度１,37.32833333,141.2716667
2016/3/29,13:42:42,伊予灘,33°29.4′N,132°16.8′E,46 km,3.3,震度１,33.49,132.28
2016/3/30,1:55:28,日高地方東部,42°19.2′N,142°57.3′E,52 km,3.7,震度１,42.32,142.955
2016/3/30,6:37:43,日向灘,32°48.3′N,132°07.9′E,36 km,3.1,震度１,32.805,132.1316667
2016/3/30,9:20:45,檜山地方,41°48.8′N,140°16.6′E,13 km,3.2,震度１,41.81333333,140.2766667
2016/3/30,10:32:17,千島列島,45°06.7′N,149°56.8′E,105 km,4.9,震度１,45.11166667,149.9466667
2016/3/30,12:27:18,宮城県沖,38°45.9′N,141°36.8′E,62 km,3.3,震度１,38.765,141.6133333
2016/3/30,14:09:59,釧路沖,42°55.0′N,144°43.0′E,57 km,4.7,震度３,42.91666667,144.7166667
2016/3/31,6:52:41,茨城県沖,36°27.5′N,141°06.1′E,44 km,3.4,震度１,36.45833333,141.1016667
2016/3/31,10:25:03,熊本県阿蘇地方,33°05.8′N,131°04.4′E,9 km,2.8,震度１,33.09666667,131.0733333
2016/3/31,11:48:27,茨城県南部,36°10.2′N,140°05.9′E,55 km,4.4,震度３,36.17,140.0983333
2016/3/31,12:11:37,茨城県南部,36°09.9′N,140°06.1′E,55 km,3.6,震度２,36.165,140.1016667
2016/3/31,15:19:05,茨城県南部,36°10.0′N,140°05.5′E,54 km,3.3,震度２,36.16666667,140.0916667
2016/3/31,16:10:50,新潟県中越地方,37°14.9′N,139°05.1′E,2 km,2.3,震度１,37.24833333,139.085
2016/3/31,17:40:05,福岡県筑豊地方,33°46.6′N,130°37.9′E,9 km,2.3,震度１,33.77666667,130.6316667
2016/3/31,17:42:36,福岡県筑豊地方,33°46.6′N,130°38.0′E,9 km,2.9,震度２,33.77666667,130.6333333
2016/3/31,19:39:45,宮城県沖,38°52.0′N,141°38.2′E,61 km,3.1,震度１,38.86666667,141.6366667
2016/4/1,7:32:54,トカラ列島近海,29°15.2′N,129°13.3′E,10 km,1,震度１,29.25333333,129.2216667
2016/4/1,7:36:31,トカラ列島近海,29°15.4′N,129°14.4′E,8 km,0.9,震度１,29.25666667,129.24
2016/4/1,7:42:21,トカラ列島近海,29°18.3′N,129°14.3′E,5 km,1.1,震度１,29.305,129.2383333
2016/4/1,8:20:01,トカラ列島近海,29°12.6′N,129°16.7′E,10 km,2.3,震度３,29.21,129.2783333
2016/4/1,8:28:12,トカラ列島近海,29°17.1′N,129°15.5′E,8 km,1.6,震度１,29.285,129.2583333
2016/4/1,8:29:08,トカラ列島近海,29°16.3′N,129°12.5′E,9 km,2.1,震度２,29.27166667,129.2083333
2016/4/1,11:10:18,網走地方,43°29.7′N,144°04.6′E,1 km,2.1,震度１,43.495,144.0766667
2016/4/1,11:39:08,三重県南東沖,33°19.4′N,136°22.9′E,29 km,6.5,震度４,33.32333333,136.3816667
2016/4/1,12:56:09,青森県東方沖,41°25.4′N,141°44.8′E,70 km,3.2,震度１,41.42333333,141.7466667
2016/4/1,17:04:36,茨城県北部,36°43.4′N,140°26.6′E,70 km,3.1,震度１,36.72333333,140.4433333
2016/4/2,7:27:34,岩手県内陸南部,39°30.6′N,140°45.2′E,8 km,3,震度１,39.51,140.7533333
2016/4/2,14:27:16,福島県沖,37°23.3′N,141°42.3′E,42 km,3.8,震度１,37.38833333,141.705
2016/4/2,15:12:05,八丈島東方沖,33°44.6′N,140°24.4′E,51 km,4.1,震度１,33.74333333,140.4066667
2016/4/3,14:22:31,熊本県熊本地方,32°57.3′N,130°53.7′E,10 km,2.5,震度２,32.955,130.895
2016/4/3,17:37:33,山梨県中・西部,35°15.5′N,138°30.2′E,13 km,2.1,震度１,35.25833333,138.5033333
2016/4/3,19:48:24,岩手県沖,39°56.6′N,142°25.9′E,37 km,3.4,震度１,39.94333333,142.4316667
2016/4/4,12:00:56,静岡県中部,35°06.7′N,138°10.6′E,13 km,3.4,震度１,35.11166667,138.1766667
2016/4/4,19:32:34,岩手県沿岸北部,39°51.8′N,141°57.7′E,34 km,4.4,震度３,39.86333333,141.9616667
2016/4/5,11:05:13,伊豆大島近海,34°44.3′N,139°17.6′E,5 km,2.3,震度１,34.73833333,139.2933333
2016/4/5,12:54:54,茨城県沖,36°44.3′N,141°14.5′E,32 km,3.6,震度１,36.73833333,141.2416667
2016/4/5,14:25:04,福島県沖,37°13.3′N,141°16.2′E,29 km,3.3,震度１,37.22166667,141.27
2016/4/5,20:36:58,岐阜県美濃中西部,35°38.8′N,136°30.9′E,12 km,2.5,震度１,35.64666667,136.515
2016/4/6,3:12:59,秋田県内陸北部,39°58.7′N,140°34.5′E,3 km,2.7,震度１,39.97833333,140.575
2016/4/6,16:36:06,熊本県熊本地方,32°57.5′N,130°53.8′E,10 km,2,震度１,32.95833333,130.8966667
2016/4/7,19:20:33,トカラ列島近海,29°11.0′N,129°10.5′E,11 km,2.5,震度１,29.18333333,129.175
2016/4/7,23:40:51,トカラ列島近海,29°09.2′N,129°08.2′E,9 km,2.8,震度２,29.15333333,129.1366667
2016/4/8,0:07:05,トカラ列島近海,29°10.9′N,129°08.5′E,11 km,3.2,震度２,29.18166667,129.1416667
2016/4/8,3:26:29,福島県沖,37°13.3′N,142°15.2′E,20 km,4,震度１,37.22166667,142.2533333
2016/4/8,9:46:48,茨城県沖,36°24.4′N,141°06.1′E,45 km,3.5,震度１,36.40666667,141.1016667
2016/4/8,22:00:13,宮城県沖,38°23.3′N,141°54.3′E,16 km,4,震度１,38.38833333,141.905
2016/4/8,22:24:38,茨城県沖,36°24.4′N,140°55.1′E,43 km,3.7,震度１,36.40666667,140.9183333
2016/4/9,17:24:28,福島県沖,37°22.9′N,141°22.0′E,34 km,3.9,震度２,37.38166667,141.3666667
2016/4/9,21:01:17,長野県北部,36°56.2′N,138°31.2′E,7 km,2.5,震度１,36.93666667,138.52
2016/4/10,1:22:34,兵庫県南東部,34°56.5′N,135°25.3′E,14 km,3.7,震度３,34.94166667,135.4216667
2016/4/10,1:53:37,兵庫県南東部,34°56.5′N,135°25.3′E,13 km,3.6,震度３,34.94166667,135.4216667
2016/4/10,20:00:05,西表島付近,24°15.3′N,123°49.0′E,16 km,3.8,震度２,24.255,123.8166667
2016/4/10,23:32:43,茨城県南部,36°00.6′N,139°53.5′E,41 km,3.5,震度２,36.01,139.8916667
2016/4/11,1:37:57,茨城県北部,36°48.1′N,140°35.3′E,7 km,3.4,震度２,36.80166667,140.5883333
2016/4/11,2:09:58,岐阜県飛騨地方,36°03.4′N,137°33.5′E,8 km,2.6,震度１,36.05666667,137.5583333
2016/4/11,4:40:58,兵庫県南東部,35°00.2′N,134°59.0′E,11 km,2.5,震度１,35.00333333,134.9833333
2016/4/11,14:45:08,台湾付近,24°30.1′N,122°07.5′E,69 km,4.9,震度１,24.50166667,122.125
2016/4/12,4:43:28,千葉県東方沖,35°26.1′N,140°26.8′E,52 km,3.4,震度２,35.435,140.4466667
2016/4/12,9:02:51,宮城県沖,38°55.4′N,141°55.4′E,51 km,3.8,震度１,38.92333333,141.9233333
2016/4/12,23:19:11,三重県中部,34°21.8′N,136°07.3′E,8 km,3.7,震度２,34.36333333,136.1216667
2016/4/13,11:36:23,茨城県南部,36°01.1′N,140°04.7′E,61 km,3.2,震度１,36.01833333,140.0783333
2016/4/13,13:46:37,福島県沖,37°05.6′N,142°03.8′E,41 km,4.7,震度１,37.09333333,142.0633333
2016/4/13,18:53:02,福岡県北西沖,33°38.4′N,130°17.1′E,12 km,2.7,震度１,33.64,130.285
2016/4/14,1:24:18,千葉県南部,35°17.7′N,140°13.4′E,61 km,3.2,震度１,35.295,140.2233333
2016/4/14,12:26:24,十勝沖,41°47.1′N,143°22.4′E,32 km,4.2,震度２,41.785,143.3733333
2016/4/14,15:39:30,群馬県南部,36°36.6′N,139°28.1′E,5 km,3.4,震度３,36.61,139.4683333
2016/4/14,17:25:16,群馬県南部,36°36.6′N,139°28.1′E,5 km,2.6,震度１,36.61,139.4683333
2016/4/14,20:58:19,東京都多摩東部,35°39.1′N,139°33.1′E,45 km,3.6,震度２,35.65166667,139.5516667
2016/4/14,21:26:34,熊本県熊本地方,32°44.5′N,130°48.5′E,11 km,6.5,震度７,32.74166667,130.8083333
2016/4/14,21:27:46,熊本県熊本地方,32°40.6′N,130°44.2′E,10 km,,震度３,32.67666667,130.7366667
2016/4/14,21:28:12,熊本県熊本地方,32°40.7′N,130°44.7′E,10 km,4.1,震度４,32.67833333,130.745
2016/4/14,21:28:58,熊本県熊本地方,32°44.3′N,130°47.4′E,12 km,3.5,震度２,32.73833333,130.79
2016/4/14,21:29:16,熊本県熊本地方,32°45.5′N,130°49.9′E,14 km,3.4,震度２,32.75833333,130.8316667
2016/4/14,21:29:59,熊本県熊本地方,32°42.9′N,130°47.2′E,7 km,3,震度２,32.715,130.7866667
2016/4/14,21:30:22,熊本県熊本地方,32°46.9′N,130°48.8′E,9 km,3.3,震度２,32.78166667,130.8133333
2016/4/14,21:31:30,熊本県熊本地方,32°42.6′N,130°45.9′E,12 km,3.3,震度２,32.71,130.765
2016/4/14,21:33:15,熊本県熊本地方,32°46.6′N,130°48.7′E,9 km,2.9,震度２,32.77666667,130.8116667
2016/4/14,21:33:38,熊本県熊本地方,32°43.1′N,130°47.4′E,7 km,3.3,震度２,32.71833333,130.79
2016/4/14,21:34:10,熊本県熊本地方,32°41.2′N,130°45.3′E,10 km,3.7,震度３,32.68666667,130.755
2016/4/14,21:35:13,熊本県熊本地方,32°44.1′N,130°48.0′E,12 km,3.1,震度２,32.735,130.8
2016/4/14,21:35:39,熊本県熊本地方,32°43.3′N,130°46.6′E,8 km,2.9,震度２,32.72166667,130.7766667
2016/4/14,21:36:23,熊本県熊本地方,32°46.0′N,130°49.4′E,9 km,3.2,震度２,32.76666667,130.8233333
2016/4/14,21:37:10,熊本県熊本地方,32°45.8′N,130°48.8′E,5 km,2.6,震度１,32.76333333,130.8133333
2016/4/14,21:37:41,熊本県熊本地方,32°44.4′N,130°47.5′E,9 km,3.9,震度４,32.74,130.7916667
2016/4/14,21:37:57,熊本県熊本地方,32°44.0′N,130°47.3′E,11 km,3,震度１,32.73333333,130.7883333
2016/4/14,21:38:06,熊本県熊本地方,32°41.8′N,130°45.6′E,9 km,2.7,震度１,32.69666667,130.76
2016/4/14,21:39:21,熊本県熊本地方,32°41.8′N,130°45.3′E,10 km,3,震度２,32.69666667,130.755
2016/4/14,21:39:48,熊本県熊本地方,32°43.4′N,130°46.7′E,8 km,2.8,震度２,32.72333333,130.7783333
2016/4/14,21:41:03,熊本県熊本地方,32°40.8′N,130°44.3′E,12 km,4,震度３,32.68,130.7383333
2016/4/14,21:41:32,熊本県熊本地方,32°43.7′N,130°45.7′E,11 km,3.6,震度２,32.72833333,130.7616667
2016/4/14,21:42:02,熊本県熊本地方,32°40.8′N,130°45.0′E,8 km,3.7,震度３,32.68,130.75
2016/4/14,21:42:24,熊本県熊本地方,32°43.0′N,130°46.0′E,12 km,4.9,震度４,32.71666667,130.7666667
2016/4/14,21:43:11,熊本県熊本地方,32°43.0′N,130°44.8′E,12 km,4.1,震度３,32.71666667,130.7466667
2016/4/14,21:44:04,熊本県熊本地方,32°41.1′N,130°44.8′E,12 km,3.4,震度２,32.685,130.7466667
2016/4/14,21:45:14,熊本県熊本地方,32°45.8′N,130°48.5′E,9 km,3.1,震度２,32.76333333,130.8083333
2016/4/14,21:46:47,熊本県熊本地方,32°44.7′N,130°48.1′E,10 km,2.4,震度１,32.745,130.8016667
2016/4/14,21:47:36,熊本県熊本地方,32°42.9′N,130°46.2′E,9 km,2.4,震度１,32.715,130.77
2016/4/14,21:48:03,熊本県熊本地方,32°45.6′N,130°48.2′E,10 km,2.4,震度１,32.76,130.8033333
2016/4/14,21:48:50,熊本県熊本地方,32°44.5′N,130°47.0′E,9 km,1.9,震度１,32.74166667,130.7833333
2016/4/14,21:50:13,熊本県熊本地方,32°46.8′N,130°49.9′E,1 km,1.7,震度２,32.78,130.8316667
2016/4/14,21:50:58,熊本県熊本地方,32°45.1′N,130°48.0′E,8 km,2.3,震度１,32.75166667,130.8
2016/4/14,21:51:58,熊本県熊本地方,32°40.6′N,130°44.2′E,12 km,2.8,震度２,32.67666667,130.7366667
2016/4/14,21:52:48,熊本県熊本地方,32°42.0′N,130°44.5′E,12 km,2.6,震度２,32.7,130.7416667
2016/4/14,21:53:22,熊本県熊本地方,32°45.0′N,130°47.6′E,8 km,3.5,震度３,32.75,130.7933333
2016/4/14,21:55:02,熊本県熊本地方,32°46.2′N,130°49.6′E,8 km,3.9,震度４,32.77,130.8266667
2016/4/14,21:56:11,熊本県熊本地方,32°44.6′N,130°47.0′E,9 km,,震度１,32.74333333,130.7833333
2016/4/14,21:57:20,熊本県熊本地方,32°47.8′N,130°49.9′E,5 km,3.2,震度２,32.79666667,130.8316667
2016/4/14,21:58:47,熊本県熊本地方,32°42.5′N,130°44.9′E,11 km,2.4,震度１,32.70833333,130.7483333
2016/4/14,21:59:29,熊本県熊本地方,32°42.8′N,130°46.0′E,9 km,2.8,震度１,32.71333333,130.7666667
2016/4/14,22:00:32,熊本県熊本地方,32°46.1′N,130°49.5′E,7 km,3.1,震度２,32.76833333,130.825
2016/4/14,22:03:23,熊本県熊本地方,32°46.2′N,130°49.4′E,8 km,3.4,震度２,32.77,130.8233333
2016/4/14,22:05:00,熊本県熊本地方,32°43.8′N,130°47.1′E,12 km,3.5,震度２,32.73,130.785
2016/4/14,22:06:29,熊本県熊本地方,32°41.9′N,130°45.2′E,13 km,3.7,震度２,32.69833333,130.7533333
2016/4/14,22:06:52,熊本県熊本地方,32°42.7′N,130°45.9′E,13 km,4.6,震度４,32.71166667,130.765
2016/4/14,22:07:35,熊本県熊本地方,32°46.5′N,130°50.9′E,8 km,5.8,震度６弱,32.775,130.8483333
2016/4/14,22:08:31,熊本県熊本地方,32°46.4′N,130°51.2′E,10 km,3.9,震度３,32.77333333,130.8533333
2016/4/14,22:09:05,熊本県熊本地方,32°43.3′N,130°46.5′E,11 km,3.3,震度３,32.72166667,130.775
2016/4/14,22:09:35,熊本県熊本地方,32°46.5′N,130°51.4′E,9 km,4.4,震度４,32.775,130.8566667
2016/4/14,22:10:18,熊本県熊本地方,32°43.7′N,130°47.1′E,11 km,2.6,震度１,32.72833333,130.785
2016/4/14,22:10:47,熊本県熊本地方,32°47.2′N,130°49.9′E,11 km,3.2,震度２,32.78666667,130.8316667
2016/4/14,22:13:49,熊本県熊本地方,32°46.8′N,130°51.2′E,9 km,2.8,震度２,32.78,130.8533333
2016/4/14,22:15:14,熊本県熊本地方,32°46.0′N,130°50.1′E,8 km,3.6,震度３,32.76666667,130.835
2016/4/14,22:16:09,熊本県熊本地方,32°43.2′N,130°48.1′E,6 km,4.1,震度４,32.72,130.8016667
2016/4/14,22:17:27,熊本県熊本地方,32°46.2′N,130°50.1′E,8 km,3.3,震度３,32.77,130.835
2016/4/14,22:18:05,熊本県熊本地方,32°46.5′N,130°49.6′E,9 km,4,震度４,32.775,130.8266667
2016/4/14,22:18:38,熊本県熊本地方,32°46.6′N,130°49.6′E,7 km,3.3,震度２,32.77666667,130.8266667
2016/4/14,22:19:38,熊本県熊本地方,32°46.3′N,130°50.5′E,9 km,3.6,震度３,32.77166667,130.8416667
2016/4/14,22:22:19,熊本県熊本地方,32°41.2′N,130°44.4′E,12 km,4.6,震度４,32.68666667,130.74
2016/4/14,22:23:14,熊本県熊本地方,32°43.6′N,130°46.6′E,11 km,3,震度１,32.72666667,130.7766667
2016/4/14,22:24:09,熊本県熊本地方,32°47.1′N,130°50.2′E,10 km,3.1,震度１,32.785,130.8366667
2016/4/14,22:24:38,熊本県熊本地方,32°43.4′N,130°46.8′E,11 km,2.5,震度１,32.72333333,130.78
2016/4/14,22:26:39,熊本県熊本地方,32°45.0′N,130°47.8′E,7 km,3.5,震度３,32.75,130.7966667
2016/4/14,22:28:21,熊本県熊本地方,32°45.6′N,130°48.8′E,8 km,2.4,震度１,32.76,130.8133333
2016/4/14,22:28:50,熊本県熊本地方,32°46.6′N,130°49.8′E,7 km,2.5,震度１,32.77666667,130.83
2016/4/14,22:28:59,熊本県熊本地方,32°47.0′N,130°50.0′E,10 km,2.9,震度１,32.78333333,130.8333333
2016/4/14,22:29:37,熊本県熊本地方,32°46.0′N,130°49.4′E,10 km,3,震度２,32.76666667,130.8233333
2016/4/14,22:31:08,熊本県熊本地方,32°43.6′N,130°48.0′E,7 km,3.3,震度３,32.72666667,130.8
2016/4/14,22:32:42,熊本県熊本地方,32°40.2′N,130°44.4′E,9 km,3.9,震度３,32.67,130.74
2016/4/14,22:35:17,熊本県熊本地方,32°43.2′N,130°46.2′E,10 km,2.9,震度１,32.72,130.77
2016/4/14,22:38:44,熊本県熊本地方,32°40.6′N,130°44.1′E,11 km,5,震度５弱,32.67666667,130.735
2016/4/14,22:39:38,熊本県熊本地方,32°44.8′N,130°47.9′E,9 km,3.5,震度３,32.74666667,130.7983333
2016/4/14,22:40:49,熊本県熊本地方,32°45.4′N,130°48.6′E,10 km,2.3,震度１,32.75666667,130.81
2016/4/14,22:43:15,熊本県熊本地方,32°40.6′N,130°44.3′E,11 km,4.4,震度４,32.67666667,130.7383333
2016/4/14,22:44:59,熊本県熊本地方,32°43.1′N,130°45.0′E,12 km,2.9,震度１,32.71833333,130.75
2016/4/14,22:47:19,熊本県熊本地方,32°45.9′N,130°49.7′E,9 km,3.6,震度３,32.765,130.8283333
2016/4/14,22:49:05,熊本県熊本地方,32°41.9′N,130°44.7′E,12 km,2.8,震度１,32.69833333,130.745
2016/4/14,22:49:34,熊本県熊本地方,32°44.0′N,130°45.7′E,13 km,2.7,震度１,32.73333333,130.7616667
2016/4/14,22:50:22,熊本県熊本地方,32°44.9′N,130°48.3′E,13 km,1.6,震度１,32.74833333,130.805
2016/4/14,22:50:48,熊本県熊本地方,32°42.7′N,130°46.4′E,11 km,2.8,震度２,32.71166667,130.7733333
2016/4/14,22:51:39,熊本県熊本地方,32°40.8′N,130°44.5′E,12 km,3.6,震度３,32.68,130.7416667
2016/4/14,22:52:18,熊本県熊本地方,32°41.9′N,130°44.6′E,10 km,3.3,震度２,32.69833333,130.7433333
2016/4/14,22:55:12,熊本県熊本地方,32°44.9′N,130°47.7′E,9 km,2.4,震度１,32.74833333,130.795
2016/4/14,22:57:23,熊本県熊本地方,32°41.2′N,130°44.1′E,14 km,3.8,震度２,32.68666667,130.735
2016/4/14,22:58:06,熊本県熊本地方,32°41.1′N,130°44.7′E,11 km,2.5,震度１,32.685,130.745
2016/4/14,22:59:38,熊本県熊本地方,32°45.4′N,130°48.4′E,12 km,2.2,震度１,32.75666667,130.8066667
2016/4/14,23:00:08,熊本県熊本地方,32°41.0′N,130°43.6′E,13 km,3.3,震度３,32.68333333,130.7266667
2016/4/14,23:01:48,熊本県熊本地方,32°42.9′N,130°46.1′E,9 km,2.6,震度２,32.715,130.7683333
2016/4/14,23:02:34,熊本県熊本地方,32°48.0′N,130°49.8′E,8 km,3.8,震度３,32.8,130.83
2016/4/14,23:02:57,熊本県熊本地方,32°46.2′N,130°50.3′E,11 km,2.8,震度１,32.77,130.8383333
2016/4/14,23:03:50,熊本県熊本地方,32°41.7′N,130°46.3′E,9 km,3,震度２,32.695,130.7716667
2016/4/14,23:07:46,熊本県熊本地方,32°45.4′N,130°48.9′E,11 km,2.7,震度１,32.75666667,130.815
2016/4/14,23:08:51,熊本県熊本地方,32°40.6′N,130°43.9′E,12 km,2.5,震度１,32.67666667,130.7316667
2016/4/14,23:09:26,熊本県熊本地方,32°42.2′N,130°44.8′E,13 km,2.8,震度２,32.70333333,130.7466667
2016/4/14,23:10:46,熊本県熊本地方,32°41.4′N,130°44.9′E,11 km,3.3,震度２,32.69,130.7483333
2016/4/14,23:13:05,熊本県熊本地方,32°42.3′N,130°45.6′E,11 km,2.4,震度１,32.705,130.76
2016/4/14,23:13:48,熊本県熊本地方,32°43.7′N,130°45.5′E,13 km,2.8,震度１,32.72833333,130.7583333
2016/4/14,23:15:12,熊本県熊本地方,32°44.0′N,130°48.0′E,7 km,2.5,震度１,32.73333333,130.8
2016/4/14,23:16:59,熊本県熊本地方,32°40.9′N,130°44.3′E,12 km,2.7,震度１,32.68166667,130.7383333
2016/4/14,23:19:58,熊本県熊本地方,32°41.9′N,130°45.2′E,12 km,2.5,震度１,32.69833333,130.7533333
2016/4/14,23:21:19,熊本県熊本地方,32°46.6′N,130°49.7′E,9 km,2.3,震度１,32.77666667,130.8283333
2016/4/14,23:23:29,熊本県熊本地方,32°48.3′N,130°49.9′E,10 km,2.4,震度１,32.805,130.8316667
2016/4/14,23:24:02,熊本県熊本地方,32°45.2′N,130°48.1′E,10 km,2.3,震度１,32.75333333,130.8016667
2016/4/14,23:25:16,渡島地方東部,41°51.2′N,140°48.1′E,14 km,2.1,震度１,41.85333333,140.8016667
2016/4/14,23:26:24,熊本県熊本地方,32°47.0′N,130°49.4′E,13 km,2.7,震度１,32.78333333,130.8233333
2016/4/14,23:28:14,熊本県熊本地方,32°47.3′N,130°51.1′E,13 km,4.4,震度４,32.78833333,130.8516667
2016/4/14,23:29:58,熊本県熊本地方,32°46.6′N,130°50.2′E,13 km,4.6,震度４,32.77666667,130.8366667
2016/4/14,23:37:08,熊本県熊本地方,32°44.9′N,130°48.1′E,9 km,2.7,震度１,32.74833333,130.8016667
2016/4/14,23:40:26,熊本県熊本地方,32°41.8′N,130°45.3′E,11 km,2.6,震度１,32.69666667,130.755
2016/4/14,23:41:20,熊本県熊本地方,32°47.0′N,130°49.6′E,13 km,2.8,震度１,32.78333333,130.8266667
2016/4/14,23:43:41,熊本県熊本地方,32°46.0′N,130°49.6′E,14 km,5.1,震度５弱,32.76666667,130.8266667
2016/4/14,23:45:26,熊本県熊本地方,32°44.3′N,130°47.0′E,10 km,3.7,震度３,32.73833333,130.7833333
2016/4/14,23:45:55,熊本県熊本地方,32°46.1′N,130°49.1′E,12 km,4.1,震度３,32.76833333,130.8183333
2016/4/14,23:48:46,熊本県熊本地方,32°43.1′N,130°46.6′E,9 km,3,震度２,32.71833333,130.7766667
2016/4/14,23:50:15,熊本県熊本地方,32°50.5′N,130°57.0′E,10 km,3.2,震度２,32.84166667,130.95
2016/4/14,23:50:59,熊本県熊本地方,32°46.4′N,130°49.0′E,1 km,1.5,震度２,32.77333333,130.8166667
2016/4/14,23:51:38,熊本県熊本地方,32°45.5′N,130°48.7′E,12 km,2.4,震度１,32.75833333,130.8116667
2016/4/14,23:51:45,熊本県熊本地方,32°41.9′N,130°45.3′E,11 km,3.1,震度２,32.69833333,130.755
2016/4/14,23:52:54,熊本県熊本地方,32°45.4′N,130°48.3′E,10 km,3,震度２,32.75666667,130.805
2016/4/14,23:58:36,熊本県熊本地方,32°44.9′N,130°47.9′E,9 km,3,震度２,32.74833333,130.7983333
2016/4/15,0:00:47,熊本県熊本地方,32°40.8′N,130°43.8′E,14 km,2.9,震度２,32.68,130.73
2016/4/15,0:02:31,熊本県熊本地方,32°42.6′N,130°45.1′E,14 km,2.8,震度１,32.71,130.7516667
2016/4/15,0:03:46,熊本県熊本地方,32°42.0′N,130°46.6′E,7 km,6.4,震度６強,32.7,130.7766667
2016/4/15,0:06:21,熊本県熊本地方,32°41.7′N,130°45.1′E,11 km,5,震度５強,32.695,130.7516667
2016/4/15,0:09:47,熊本県熊本地方,32°40.4′N,130°44.9′E,6 km,3,震度２,32.67333333,130.7483333
2016/4/15,0:13:04,熊本県熊本地方,32°43.2′N,130°46.3′E,10 km,3.9,震度３,32.72,130.7716667
2016/4/15,0:15:33,熊本県熊本地方,32°44.1′N,130°46.8′E,12 km,2.9,震度２,32.735,130.78
2016/4/15,0:17:22,熊本県熊本地方,32°41.5′N,130°44.8′E,11 km,2.6,震度１,32.69166667,130.7466667
2016/4/15,0:20:20,熊本県熊本地方,32°41.3′N,130°44.7′E,11 km,3.9,震度３,32.68833333,130.745
2016/4/15,0:22:38,熊本県熊本地方,32°44.4′N,130°45.0′E,13 km,3.1,震度２,32.74,130.75
2016/4/15,0:24:45,熊本県熊本地方,32°41.1′N,130°44.8′E,10 km,2.8,震度２,32.685,130.7466667
2016/4/15,0:25:27,熊本県熊本地方,32°42.7′N,130°46.1′E,12 km,2.6,震度１,32.71166667,130.7683333
2016/4/15,0:25:39,駿河湾南方沖,34°10.9′N,138°24.1′E,279 km,4.8,震度２,34.18166667,138.4016667
2016/4/15,0:26:23,熊本県熊本地方,32°42.9′N,130°46.6′E,10 km,2.4,震度１,32.715,130.7766667
2016/4/15,0:29:22,熊本県熊本地方,32°42.7′N,130°46.7′E,10 km,2.7,震度１,32.71166667,130.7783333
2016/4/15,0:30:43,熊本県熊本地方,32°45.6′N,130°48.8′E,11 km,2.6,震度１,32.76,130.8133333
2016/4/15,0:31:50,熊本県熊本地方,32°41.9′N,130°45.1′E,12 km,3.4,震度２,32.69833333,130.7516667
2016/4/15,0:32:53,熊本県熊本地方,32°40.1′N,130°44.1′E,11 km,2.7,震度２,32.66833333,130.735
2016/4/15,0:34:17,熊本県熊本地方,32°41.5′N,130°44.8′E,13 km,4.5,震度４,32.69166667,130.7466667
2016/4/15,0:36:54,熊本県熊本地方,32°48.6′N,130°50.0′E,10 km,3,震度２,32.81,130.8333333
2016/4/15,0:37:57,熊本県熊本地方,32°39.1′N,130°44.1′E,8 km,2.1,震度１,32.65166667,130.735
2016/4/15,0:38:50,熊本県熊本地方,32°41.3′N,130°45.0′E,9 km,3.1,震度２,32.68833333,130.75
2016/4/15,0:41:53,熊本県熊本地方,32°41.0′N,130°44.6′E,12 km,2.2,震度１,32.68333333,130.7433333
2016/4/15,0:43:15,熊本県熊本地方,32°40.5′N,130°44.4′E,11 km,2.9,震度２,32.675,130.74
2016/4/15,0:45:07,熊本県熊本地方,32°39.7′N,130°44.7′E,6 km,1.9,震度１,32.66166667,130.745
2016/4/15,0:46:07,熊本県熊本地方,32°45.9′N,130°49.3′E,12 km,2,震度１,32.765,130.8216667
2016/4/15,0:47:22,熊本県熊本地方,32°41.4′N,130°44.1′E,13 km,3.1,震度３,32.69,130.735
2016/4/15,0:48:49,熊本県熊本地方,32°44.1′N,130°47.6′E,15 km,3.5,震度２,32.735,130.7933333
2016/4/15,0:50:31,熊本県熊本地方,32°44.2′N,130°45.5′E,13 km,4.2,震度４,32.73666667,130.7583333
2016/4/15,0:52:01,熊本県熊本地方,32°46.6′N,130°47.9′E,11 km,3.1,震度２,32.77666667,130.7983333
2016/4/15,0:53:02,熊本県熊本地方,32°46.7′N,130°48.0′E,12 km,3.9,震度４,32.77833333,130.8
2016/4/15,0:54:49,熊本県熊本地方,32°43.4′N,130°46.9′E,14 km,3.3,震度２,32.72333333,130.7816667
2016/4/15,0:55:46,熊本県熊本地方,32°45.7′N,130°49.5′E,14 km,2.6,震度１,32.76166667,130.825
2016/4/15,0:56:31,熊本県熊本地方,32°41.3′N,130°44.9′E,12 km,2.2,震度１,32.68833333,130.7483333
2016/4/15,1:00:18,熊本県熊本地方,32°41.1′N,130°44.0′E,12 km,3,震度１,32.685,130.7333333
2016/4/15,1:01:08,熊本県熊本地方,32°44.1′N,130°45.7′E,12 km,2.3,震度１,32.735,130.7616667
2016/4/15,1:02:24,熊本県熊本地方,32°39.1′N,130°43.7′E,10 km,2.8,震度２,32.65166667,130.7283333
2016/4/15,1:02:40,熊本県熊本地方,32°46.2′N,130°49.4′E,10 km,3.4,震度２,32.77,130.8233333
2016/4/15,1:04:41,熊本県熊本地方,32°46.1′N,130°49.2′E,13 km,3.9,震度３,32.76833333,130.82
2016/4/15,1:06:50,熊本県熊本地方,32°41.8′N,130°45.1′E,11 km,2.4,震度１,32.69666667,130.7516667
2016/4/15,1:10:33,熊本県熊本地方,32°46.4′N,130°49.7′E,11 km,2.7,震度１,32.77333333,130.8283333
2016/4/15,1:12:12,熊本県熊本地方,32°39.1′N,130°43.5′E,10 km,2.7,震度２,32.65166667,130.725
2016/4/15,1:13:09,熊本県熊本地方,32°44.1′N,130°48.4′E,13 km,2.5,震度１,32.735,130.8066667
2016/4/15,1:14:56,熊本県熊本地方,32°38.8′N,130°44.0′E,8 km,1.9,震度１,32.64666667,130.7333333
2016/4/15,1:15:44,熊本県熊本地方,32°41.6′N,130°45.2′E,9 km,2.3,震度１,32.69333333,130.7533333
2016/4/15,1:16:10,熊本県熊本地方,32°44.6′N,130°47.6′E,10 km,2.2,震度１,32.74333333,130.7933333
2016/4/15,1:16:23,熊本県熊本地方,32°43.0′N,130°46.0′E,12 km,3.3,震度２,32.71666667,130.7666667
2016/4/15,1:17:36,熊本県熊本地方,32°40.5′N,130°44.0′E,11 km,2.9,震度２,32.675,130.7333333
2016/4/15,1:18:51,熊本県熊本地方,32°40.5′N,130°43.6′E,13 km,2.1,震度１,32.675,130.7266667
2016/4/15,1:19:56,熊本県熊本地方,32°40.4′N,130°43.9′E,11 km,2.5,震度１,32.67333333,130.7316667
2016/4/15,1:21:10,熊本県熊本地方,32°40.0′N,130°44.2′E,11 km,3.8,震度３,32.66666667,130.7366667
2016/4/15,1:22:40,熊本県熊本地方,32°47.1′N,130°49.4′E,13 km,2.6,震度１,32.785,130.8233333
2016/4/15,1:25:50,熊本県熊本地方,32°47.9′N,130°50.4′E,9 km,3.1,震度２,32.79833333,130.84
2016/4/15,1:30:58,熊本県熊本地方,32°41.8′N,130°44.5′E,11 km,2.7,震度１,32.69666667,130.7416667
2016/4/15,1:32:03,熊本県熊本地方,32°40.8′N,130°44.9′E,10 km,2.6,震度１,32.68,130.7483333
2016/4/15,1:35:43,熊本県熊本地方,32°46.4′N,130°50.1′E,11 km,3.4,震度２,32.77333333,130.835
2016/4/15,1:36:50,熊本県熊本地方,32°43.1′N,130°46.9′E,9 km,2.5,震度１,32.71833333,130.7816667
2016/4/15,1:39:33,熊本県熊本地方,32°43.4′N,130°46.5′E,10 km,2.5,震度１,32.72333333,130.775
2016/4/15,1:46:10,熊本県熊本地方,32°46.4′N,130°49.4′E,12 km,3.2,震度２,32.77333333,130.8233333
2016/4/15,1:48:03,熊本県熊本地方,32°42.9′N,130°46.8′E,10 km,3,震度２,32.715,130.78
2016/4/15,1:51:12,熊本県熊本地方,32°45.7′N,130°49.4′E,11 km,2.9,震度１,32.76166667,130.8233333
2016/4/15,1:51:42,熊本県熊本地方,32°46.7′N,130°48.7′E,10 km,3.2,震度２,32.77833333,130.8116667
2016/4/15,1:53:01,熊本県熊本地方,32°42.0′N,130°45.1′E,12 km,4.8,震度５弱,32.7,130.7516667
2016/4/15,1:54:36,熊本県熊本地方,32°43.4′N,130°46.4′E,12 km,3.6,震度２,32.72333333,130.7733333
2016/4/15,1:59:32,熊本県熊本地方,32°45.7′N,130°48.9′E,11 km,3.6,震度３,32.76166667,130.815
2016/4/15,2:02:22,熊本県熊本地方,32°40.4′N,130°43.8′E,12 km,2.4,震度１,32.67333333,130.73
2016/4/15,2:02:56,熊本県熊本地方,32°45.6′N,130°48.3′E,8 km,2.7,震度１,32.76,130.805
2016/4/15,2:04:35,熊本県熊本地方,32°42.4′N,130°44.8′E,12 km,2.9,震度１,32.70666667,130.7466667
2016/4/15,2:06:03,熊本県熊本地方,32°41.8′N,130°44.7′E,13 km,2.8,震度１,32.69666667,130.745
2016/4/15,2:09:13,熊本県熊本地方,32°45.9′N,130°49.5′E,10 km,2.6,震度１,32.765,130.825
2016/4/15,2:10:29,熊本県熊本地方,32°44.1′N,130°48.1′E,13 km,3.5,震度２,32.735,130.8016667
2016/4/15,2:11:44,熊本県熊本地方,32°40.1′N,130°44.7′E,10 km,2.5,震度１,32.66833333,130.745
2016/4/15,2:12:20,熊本県熊本地方,32°48.7′N,130°50.8′E,9 km,2.9,震度２,32.81166667,130.8466667
2016/4/15,2:14:36,熊本県熊本地方,32°42.2′N,130°45.3′E,11 km,4.2,震度３,32.70333333,130.755
2016/4/15,2:19:29,熊本県熊本地方,32°39.1′N,130°44.3′E,4 km,2.5,震度２,32.65166667,130.7383333
2016/4/15,2:21:48,熊本県熊本地方,32°45.4′N,130°48.3′E,11 km,2.5,震度１,32.75666667,130.805
2016/4/15,2:23:04,熊本県熊本地方,32°41.8′N,130°44.7′E,13 km,2.8,震度１,32.69666667,130.745
2016/4/15,2:23:57,熊本県熊本地方,32°43.3′N,130°46.2′E,11 km,2.5,震度１,32.72166667,130.77
2016/4/15,2:28:41,熊本県熊本地方,32°43.4′N,130°46.5′E,11 km,2.8,震度２,32.72333333,130.775
2016/4/15,2:30:51,熊本県熊本地方,32°43.7′N,130°45.9′E,11 km,2.6,震度１,32.72833333,130.765
2016/4/15,2:38:20,熊本県熊本地方,32°41.9′N,130°44.5′E,13 km,2.6,震度１,32.69833333,130.7416667
2016/4/15,2:46:20,熊本県熊本地方,32°41.1′N,130°44.3′E,13 km,3.6,震度２,32.685,130.7383333
2016/4/15,3:09:13,熊本県熊本地方,32°41.4′N,130°45.8′E,10 km,2.9,震度２,32.69,130.7633333
2016/4/15,3:10:43,熊本県熊本地方,32°40.3′N,130°44.1′E,12 km,2.9,震度１,32.67166667,130.735
2016/4/15,3:13:35,熊本県熊本地方,32°41.1′N,130°45.1′E,11 km,3.3,震度２,32.685,130.7516667
2016/4/15,3:17:55,熊本県熊本地方,32°42.3′N,130°47.3′E,10 km,2.2,震度１,32.705,130.7883333
2016/4/15,3:22:51,熊本県熊本地方,32°45.0′N,130°48.9′E,14 km,2.5,震度１,32.75,130.815
2016/4/15,3:24:04,熊本県熊本地方,32°40.9′N,130°43.9′E,12 km,2.2,震度１,32.68166667,130.7316667
2016/4/15,3:25:02,熊本県熊本地方,32°49.0′N,130°51.4′E,9 km,2.3,震度１,32.81666667,130.8566667
2016/4/15,3:29:11,熊本県熊本地方,32°40.7′N,130°44.3′E,12 km,2.8,震度１,32.67833333,130.7383333
2016/4/15,3:29:18,茨城県沖,36°13.2′N,141°47.7′E,55 km,4.4,震度１,36.22,141.795
2016/4/15,3:35:32,熊本県熊本地方,32°43.7′N,130°46.6′E,12 km,2.8,震度１,32.72833333,130.7766667
2016/4/15,3:36:59,熊本県熊本地方,32°40.2′N,130°44.4′E,11 km,4.1,震度４,32.67,130.74
2016/4/15,3:42:23,熊本県熊本地方,32°42.8′N,130°45.7′E,12 km,3.1,震度２,32.71333333,130.7616667
2016/4/15,3:48:37,熊本県熊本地方,32°40.8′N,130°44.1′E,11 km,2.7,震度１,32.68,130.735
2016/4/15,3:49:34,熊本県熊本地方,32°44.5′N,130°47.6′E,9 km,2.3,震度１,32.74166667,130.7933333
2016/4/15,3:50:55,熊本県熊本地方,32°40.5′N,130°44.0′E,12 km,3.4,震度２,32.675,130.7333333
2016/4/15,3:52:05,熊本県熊本地方,32°43.3′N,130°46.8′E,6 km,2.1,震度１,32.72166667,130.78
2016/4/15,3:54:55,熊本県熊本地方,32°43.2′N,130°46.2′E,11 km,2.7,震度１,32.72,130.77
2016/4/15,3:56:22,熊本県熊本地方,32°44.4′N,130°45.7′E,11 km,2.4,震度２,32.74,130.7616667
2016/4/15,3:58:17,熊本県熊本地方,32°50.1′N,130°57.3′E,8 km,2.3,震度１,32.835,130.955
2016/4/15,3:59:36,熊本県熊本地方,32°42.9′N,130°44.6′E,14 km,3.2,震度２,32.715,130.7433333
2016/4/15,4:01:32,熊本県熊本地方,32°43.5′N,130°46.9′E,9 km,2.5,震度１,32.725,130.7816667
2016/4/15,4:04:31,熊本県熊本地方,32°42.5′N,130°45.9′E,10 km,2.5,震度１,32.70833333,130.765
2016/4/15,4:15:01,熊本県熊本地方,32°42.6′N,130°45.8′E,11 km,3,震度２,32.71,130.7633333
2016/4/15,4:19:02,熊本県熊本地方,32°43.4′N,130°47.2′E,13 km,2.6,震度１,32.72333333,130.7866667
2016/4/15,4:19:43,熊本県熊本地方,32°40.0′N,130°45.3′E,3 km,3.2,震度３,32.66666667,130.755
2016/4/15,4:23:55,熊本県熊本地方,32°44.3′N,130°45.7′E,13 km,3.2,震度２,32.73833333,130.7616667
2016/4/15,4:28:43,熊本県熊本地方,32°42.7′N,130°45.3′E,13 km,2.7,震度１,32.71166667,130.755
2016/4/15,4:34:15,熊本県熊本地方,32°42.6′N,130°45.1′E,13 km,3.1,震度２,32.71,130.7516667
2016/4/15,4:36:24,熊本県熊本地方,32°47.2′N,130°51.2′E,12 km,2.5,震度１,32.78666667,130.8533333
2016/4/15,4:44:39,熊本県熊本地方,32°46.8′N,130°50.1′E,12 km,3.1,震度２,32.78,130.835
2016/4/15,4:48:16,熊本県熊本地方,32°48.2′N,130°49.5′E,11 km,2.2,震度１,32.80333333,130.825
2016/4/15,4:49:15,熊本県熊本地方,32°45.4′N,130°49.7′E,15 km,3.4,震度２,32.75666667,130.8283333
2016/4/15,4:54:48,熊本県熊本地方,32°40.6′N,130°44.0′E,11 km,3,震度２,32.67666667,130.7333333
2016/4/15,4:57:22,熊本県熊本地方,32°40.4′N,130°44.0′E,12 km,2.7,震度１,32.67333333,130.7333333
2016/4/15,5:01:46,熊本県熊本地方,32°41.9′N,130°45.3′E,10 km,3.5,震度３,32.69833333,130.755
2016/4/15,5:02:55,熊本県熊本地方,32°40.3′N,130°44.0′E,11 km,2.6,震度２,32.67166667,130.7333333
2016/4/15,5:10:37,熊本県熊本地方,32°45.7′N,130°48.7′E,10 km,4.6,震度４,32.76166667,130.8116667
2016/4/15,5:11:26,熊本県熊本地方,32°43.7′N,130°47.7′E,13 km,2.9,震度１,32.72833333,130.795
2016/4/15,5:16:35,熊本県熊本地方,32°45.8′N,130°49.6′E,12 km,2.2,震度１,32.76333333,130.8266667
2016/4/15,5:20:02,熊本県熊本地方,32°43.0′N,130°46.3′E,9 km,2.6,震度１,32.71666667,130.7716667
2016/4/15,5:23:08,熊本県熊本地方,32°41.8′N,130°45.3′E,11 km,2.5,震度１,32.69666667,130.755
2016/4/15,5:29:02,熊本県熊本地方,32°45.5′N,130°48.7′E,9 km,2.9,震度２,32.75833333,130.8116667
2016/4/15,5:31:57,熊本県熊本地方,32°41.6′N,130°44.5′E,11 km,3.8,震度３,32.69333333,130.7416667
2016/4/15,5:32:44,熊本県熊本地方,32°48.0′N,130°49.6′E,10 km,2.7,震度２,32.8,130.8266667
2016/4/15,5:38:19,熊本県熊本地方,32°41.0′N,130°44.4′E,13 km,2.3,震度１,32.68333333,130.74
2016/4/15,5:42:03,熊本県熊本地方,32°46.1′N,130°51.6′E,10 km,2.9,震度２,32.76833333,130.86
2016/4/15,5:55:57,熊本県熊本地方,32°45.4′N,130°48.3′E,10 km,2.6,震度１,32.75666667,130.805
2016/4/15,6:05:04,熊本県熊本地方,32°42.0′N,130°44.9′E,11 km,2.3,震度１,32.7,130.7483333
2016/4/15,6:10:05,熊本県熊本地方,32°42.5′N,130°45.7′E,14 km,3.3,震度２,32.70833333,130.7616667
2016/4/15,6:17:46,熊本県熊本地方,32°45.0′N,130°47.5′E,10 km,2.5,震度１,32.75,130.7916667
2016/4/15,6:19:30,熊本県熊本地方,32°40.9′N,130°45.1′E,11 km,3.1,震度２,32.68166667,130.7516667
2016/4/15,6:24:28,熊本県熊本地方,32°39.9′N,130°45.8′E,5 km,3.2,震度３,32.665,130.7633333
2016/4/15,6:25:05,熊本県熊本地方,32°50.2′N,130°52.7′E,10 km,2.9,震度２,32.83666667,130.8783333
2016/4/15,6:35:06,熊本県熊本地方,32°40.4′N,130°44.3′E,11 km,2.5,震度１,32.67333333,130.7383333
2016/4/15,6:41:16,熊本県熊本地方,32°47.3′N,130°50.4′E,9 km,2,震度２,32.78833333,130.84
2016/4/15,7:01:45,熊本県熊本地方,32°45.1′N,130°48.4′E,10 km,3,震度２,32.75166667,130.8066667
2016/4/15,7:04:04,熊本県熊本地方,32°46.2′N,130°49.7′E,12 km,2.9,震度２,32.77,130.8283333
2016/4/15,7:10:50,熊本県熊本地方,32°44.7′N,130°47.0′E,10 km,2.8,震度２,32.745,130.7833333
2016/4/15,7:16:00,熊本県熊本地方,32°45.7′N,130°49.6′E,12 km,2.5,震度１,32.76166667,130.8266667
2016/4/15,7:20:07,熊本県熊本地方,32°39.9′N,130°43.6′E,12 km,3.5,震度３,32.665,130.7266667
2016/4/15,7:29:56,熊本県熊本地方,32°50.1′N,130°53.2′E,12 km,4.2,震度４,32.835,130.8866667
2016/4/15,7:31:58,熊本県熊本地方,32°44.7′N,130°47.0′E,12 km,2.3,震度１,32.745,130.7833333
2016/4/15,7:34:24,熊本県熊本地方,32°42.3′N,130°44.3′E,13 km,3.3,震度２,32.705,130.7383333
2016/4/15,7:43:14,熊本県熊本地方,32°42.9′N,130°46.0′E,10 km,2.4,震度１,32.715,130.7666667
2016/4/15,7:46:52,熊本県熊本地方,32°43.8′N,130°47.8′E,11 km,4.4,震度４,32.73,130.7966667
2016/4/15,7:48:45,熊本県熊本地方,32°43.7′N,130°47.6′E,12 km,2.4,震度１,32.72833333,130.7933333
2016/4/15,7:55:51,熊本県熊本地方,32°42.7′N,130°46.7′E,10 km,3.4,震度３,32.71166667,130.7783333
2016/4/15,8:07:31,熊本県熊本地方,32°45.6′N,130°49.5′E,12 km,3,震度２,32.76,130.825
2016/4/15,8:10:17,熊本県熊本地方,32°43.8′N,130°47.5′E,10 km,2.8,震度１,32.73,130.7916667
2016/4/15,8:16:07,熊本県熊本地方,32°43.4′N,130°47.4′E,14 km,2.6,震度１,32.72333333,130.79
2016/4/15,8:17:03,熊本県熊本地方,32°44.0′N,130°46.1′E,10 km,2.7,震度２,32.73333333,130.7683333
2016/4/15,8:17:57,熊本県熊本地方,32°41.8′N,130°45.6′E,13 km,3.2,震度２,32.69666667,130.76
2016/4/15,8:19:03,熊本県熊本地方,32°44.2′N,130°48.1′E,14 km,2.5,震度１,32.73666667,130.8016667
2016/4/15,8:21:36,熊本県熊本地方,32°42.6′N,130°43.7′E,15 km,2.3,震度１,32.71,130.7283333
2016/4/15,8:23:33,熊本県熊本地方,32°47.9′N,130°50.0′E,10 km,2.2,震度１,32.79833333,130.8333333
2016/4/15,8:31:45,熊本県熊本地方,32°42.6′N,130°45.4′E,11 km,2.5,震度１,32.71,130.7566667
2016/4/15,8:33:04,熊本県熊本地方,32°40.1′N,130°44.2′E,11 km,3.2,震度２,32.66833333,130.7366667
2016/4/15,8:35:48,熊本県熊本地方,32°42.2′N,130°45.0′E,12 km,2.5,震度１,32.70333333,130.75
2016/4/15,8:38:06,熊本県熊本地方,32°44.2′N,130°47.5′E,11 km,2.3,震度１,32.73666667,130.7916667
2016/4/15,8:48:45,熊本県熊本地方,32°42.3′N,130°45.3′E,12 km,3.1,震度２,32.705,130.755
2016/4/15,8:55:51,熊本県熊本地方,32°44.0′N,130°45.5′E,13 km,2.5,震度１,32.73333333,130.7583333
2016/4/15,9:02:41,熊本県熊本地方,32°41.8′N,130°44.6′E,13 km,3.7,震度３,32.69666667,130.7433333
2016/4/15,9:03:55,熊本県熊本地方,32°46.9′N,130°50.2′E,10 km,2.4,震度１,32.78166667,130.8366667
2016/4/15,9:05:35,熊本県熊本地方,32°42.6′N,130°46.6′E,9 km,2.4,震度１,32.71,130.7766667
2016/4/15,9:21:59,熊本県熊本地方,32°42.5′N,130°46.8′E,9 km,3,震度２,32.70833333,130.78
2016/4/15,9:23:32,熊本県熊本地方,32°42.2′N,130°44.8′E,13 km,2.5,震度１,32.70333333,130.7466667
2016/4/15,9:37:56,熊本県熊本地方,32°48.0′N,130°50.1′E,10 km,2.2,震度１,32.8,130.835
2016/4/15,9:53:03,熊本県熊本地方,32°42.4′N,130°45.1′E,13 km,3.9,震度３,32.70666667,130.7516667
2016/4/15,9:54:01,熊本県熊本地方,32°45.9′N,130°49.6′E,12 km,2.7,震度１,32.765,130.8266667
2016/4/15,10:16:16,熊本県熊本地方,32°47.1′N,130°49.9′E,13 km,2.6,震度１,32.785,130.8316667
2016/4/15,10:38:47,熊本県熊本地方,32°40.4′N,130°43.9′E,11 km,2.4,震度１,32.67333333,130.7316667
2016/4/15,10:52:14,熊本県熊本地方,32°43.9′N,130°46.4′E,15 km,3,震度２,32.73166667,130.7733333
2016/4/15,11:08:31,熊本県熊本地方,32°42.3′N,130°44.8′E,13 km,2.9,震度２,32.705,130.7466667
2016/4/15,11:09:52,熊本県熊本地方,32°42.5′N,130°44.8′E,13 km,2.7,震度１,32.70833333,130.7466667
2016/4/15,12:02:24,熊本県熊本地方,32°47.3′N,130°51.3′E,13 km,3,震度１,32.78833333,130.855
2016/4/15,12:05:23,熊本県熊本地方,32°40.0′N,130°44.1′E,11 km,3.2,震度２,32.66666667,130.735
2016/4/15,12:24:32,熊本県熊本地方,32°45.3′N,130°48.5′E,11 km,2.3,震度１,32.755,130.8083333
2016/4/15,12:27:31,熊本県熊本地方,32°40.4′N,130°44.7′E,11 km,3.1,震度２,32.67333333,130.745
2016/4/15,12:46:23,熊本県熊本地方,32°46.8′N,130°50.7′E,14 km,3.6,震度３,32.78,130.845
2016/4/15,13:18:18,熊本県熊本地方,32°46.8′N,130°50.6′E,13 km,2.7,震度１,32.78,130.8433333
2016/4/15,13:36:47,熊本県熊本地方,32°40.6′N,130°44.9′E,10 km,2.7,震度１,32.67666667,130.7483333
2016/4/15,13:40:02,熊本県熊本地方,32°43.3′N,130°46.1′E,12 km,2.3,震度１,32.72166667,130.7683333
2016/4/15,13:43:52,熊本県熊本地方,32°38.2′N,130°43.8′E,6 km,2,震度１,32.63666667,130.73
2016/4/15,13:47:07,熊本県熊本地方,32°41.2′N,130°44.4′E,12 km,2.6,震度１,32.68666667,130.74
2016/4/15,13:50:01,熊本県熊本地方,32°43.2′N,130°45.8′E,12 km,4,震度３,32.72,130.7633333
2016/4/15,13:50:55,熊本県熊本地方,32°51.4′N,130°53.9′E,9 km,2.9,震度２,32.85666667,130.8983333
2016/4/15,14:07:33,熊本県熊本地方,32°46.7′N,130°50.2′E,10 km,2.4,震度１,32.77833333,130.8366667
2016/4/15,14:19:32,熊本県熊本地方,32°39.3′N,130°44.4′E,6 km,2,震度１,32.655,130.74
2016/4/15,14:25:09,熊本県熊本地方,32°51.3′N,130°54.0′E,9 km,2.3,震度１,32.855,130.9
2016/4/15,14:30:34,熊本県熊本地方,32°43.5′N,130°47.4′E,13 km,2.6,震度１,32.725,130.79
2016/4/15,14:46:18,熊本県熊本地方,32°40.7′N,130°43.9′E,11 km,2.3,震度１,32.67833333,130.7316667
2016/4/15,14:51:16,熊本県熊本地方,32°40.7′N,130°43.9′E,11 km,2.9,震度１,32.67833333,130.7316667
2016/4/15,14:57:55,熊本県熊本地方,32°48.9′N,130°51.2′E,13 km,3,震度２,32.815,130.8533333
2016/4/15,15:09:44,熊本県熊本地方,32°43.7′N,130°47.5′E,9 km,2,震度１,32.72833333,130.7916667
2016/4/15,15:27:52,熊本県熊本地方,32°50.4′N,130°52.9′E,12 km,4.2,震度４,32.84,130.8816667
2016/4/15,15:34:34,熊本県熊本地方,32°46.9′N,130°45.9′E,14 km,2.6,震度１,32.78166667,130.765
2016/4/15,16:23:17,熊本県熊本地方,32°43.8′N,130°45.0′E,13 km,2.7,震度１,32.73,130.75
2016/4/15,16:44:40,熊本県熊本地方,32°43.6′N,130°47.5′E,14 km,3.3,震度２,32.72666667,130.7916667
2016/4/15,16:51:54,熊本県熊本地方,32°45.7′N,130°48.4′E,12 km,3.3,震度２,32.76166667,130.8066667
2016/4/15,17:04:20,熊本県熊本地方,32°40.5′N,130°43.7′E,10 km,2.6,震度２,32.675,130.7283333
2016/4/15,17:25:57,熊本県熊本地方,32°50.3′N,130°53.1′E,12 km,3.3,震度２,32.83833333,130.885
2016/4/15,17:27:48,熊本県熊本地方,32°46.1′N,130°48.7′E,14 km,2.7,震度１,32.76833333,130.8116667
2016/4/15,17:35:35,熊本県熊本地方,32°42.2′N,130°45.4′E,11 km,2.5,震度１,32.70333333,130.7566667
2016/4/15,17:39:01,熊本県熊本地方,32°50.4′N,130°53.0′E,12 km,3.5,震度３,32.84,130.8833333
2016/4/15,17:44:33,熊本県熊本地方,32°42.7′N,130°45.9′E,11 km,2.6,震度１,32.71166667,130.765
2016/4/15,18:14:01,熊本県熊本地方,32°49.8′N,130°52.5′E,13 km,3.5,震度２,32.83,130.875
2016/4/15,18:48:13,熊本県熊本地方,32°42.6′N,130°45.0′E,13 km,3.9,震度３,32.71,130.75
2016/4/15,18:50:58,熊本県熊本地方,32°40.9′N,130°44.8′E,11 km,2.3,震度１,32.68166667,130.7466667
2016/4/15,19:14:31,熊本県熊本地方,32°45.8′N,130°45.3′E,14 km,2.4,震度１,32.76333333,130.755
2016/4/15,19:54:08,熊本県熊本地方,32°48.2′N,130°49.4′E,10 km,2.4,震度１,32.80333333,130.8233333
2016/4/15,20:15:14,熊本県熊本地方,32°41.8′N,130°44.5′E,12 km,3.8,震度４,32.69666667,130.7416667
2016/4/15,20:16:26,熊本県熊本地方,32°39.9′N,130°45.3′E,5 km,2.8,震度２,32.665,130.755
2016/4/15,20:17:36,熊本県熊本地方,32°47.1′N,130°49.7′E,10 km,2.8,震度１,32.785,130.8283333
2016/4/15,20:44:00,熊本県熊本地方,32°44.5′N,130°48.0′E,8 km,2,震度１,32.74166667,130.8
2016/4/15,20:46:51,神奈川県東部,35°20.4′N,139°22.7′E,36 km,2.8,震度２,35.34,139.3783333
2016/4/15,20:52:26,熊本県熊本地方,32°45.8′N,130°48.6′E,11 km,3.2,震度２,32.76333333,130.81
2016/4/15,21:27:18,熊本県熊本地方,32°42.0′N,130°45.0′E,13 km,2.4,震度１,32.7,130.75
2016/4/15,21:50:59,熊本県熊本地方,32°41.0′N,130°44.6′E,11 km,2.2,震度１,32.68333333,130.7433333
2016/4/15,22:00:30,熊本県熊本地方,32°43.6′N,130°46.3′E,12 km,2,震度１,32.72666667,130.7716667
2016/4/15,22:23:34,熊本県熊本地方,32°46.2′N,130°44.0′E,15 km,2.4,震度１,32.77,130.7333333
2016/4/15,22:33:23,熊本県熊本地方,32°43.9′N,130°45.5′E,11 km,3.3,震度２,32.73166667,130.7583333
2016/4/15,22:42:34,熊本県熊本地方,32°46.8′N,130°50.2′E,8 km,2.7,震度１,32.78,130.8366667
2016/4/15,23:12:39,熊本県熊本地方,32°44.7′N,130°46.8′E,10 km,2.4,震度１,32.745,130.78
2016/4/15,23:17:32,熊本県熊本地方,32°51.5′N,130°52.4′E,7 km,3.6,震度４,32.85833333,130.8733333
2016/4/15,23:45:15,熊本県熊本地方,32°47.9′N,130°50.5′E,5 km,2.4,震度１,32.79833333,130.8416667
2016/4/16,0:21:50,熊本県熊本地方,32°40.9′N,130°45.5′E,10 km,2.8,震度１,32.68166667,130.7583333
2016/4/16,0:25:52,熊本県熊本地方,32°40.8′N,130°45.4′E,10 km,2.2,震度１,32.68,130.7566667
2016/4/16,1:05:42,熊本県熊本地方,32°42.9′N,130°48.2′E,15 km,3.3,震度２,32.715,130.8033333
2016/4/16,1:13:19,熊本県熊本地方,32°45.5′N,130°48.6′E,8 km,2.3,震度１,32.75833333,130.81
2016/4/16,1:25:05,熊本県熊本地方,32°45.2′N,130°45.7′E,12 km,7.3,震度７,32.75333333,130.7616667
2016/4/16,1:26:53,熊本県熊本地方,32°39.9′N,130°43.4′E,10 km,4.7,震度４,32.665,130.7233333
2016/4/16,1:28:00,熊本県熊本地方,32°40.4′N,130°43.1′E,13 km,4.4,震度４,32.67333333,130.7183333
2016/4/16,1:29:11,熊本県熊本地方,32°44.4′N,130°45.9′E,10 km,4.6,震度４,32.74,130.765
2016/4/16,1:30:08,熊本県熊本地方,32°50.6′N,130°48.2′E,13 km,4.4,震度４,32.84333333,130.8033333
2016/4/16,1:30:52,熊本県熊本地方,32°38.9′N,130°42.5′E,11 km,5.3,震度４,32.64833333,130.7083333
2016/4/16,1:32:04,熊本県阿蘇地方,32°56.4′N,130°59.7′E,12 km,3.9,震度３,32.94,130.995
2016/4/16,1:33:21,熊本県熊本地方,32°49.7′N,130°49.3′E,12 km,4.6,震度４,32.82833333,130.8216667
2016/4/16,1:34:25,熊本県熊本地方,32°52.1′N,130°52.8′E,9 km,4.3,震度４,32.86833333,130.88
2016/4/16,1:35:55,大分県中部,33°16.2′N,131°20.7′E,9 km,3.7,震度３,33.27,131.345
2016/4/16,1:36:32,熊本県熊本地方,32°42.5′N,130°45.0′E,11 km,3.4,震度２,32.70833333,130.75
2016/4/16,1:36:33,大分県北部,33°19.7′N,131°20.4′E,11 km,2.5,震度１,33.32833333,131.34
2016/4/16,1:36:50,熊本県熊本地方,32°40.2′N,130°43.1′E,13 km,4.1,震度４,32.67,130.7183333
2016/4/16,1:38:07,大分県中部,33°17.5′N,131°27.4′E,6 km,3.2,震度３,33.29166667,131.4566667
2016/4/16,1:38:22,熊本県熊本地方,32°44.5′N,130°45.2′E,13 km,4.5,震度４,32.74166667,130.7533333
2016/4/16,1:39:35,大分県中部,33°16.3′N,131°22.2′E,12 km,3.6,震度３,33.27166667,131.37
2016/4/16,1:39:43,熊本県阿蘇地方,32°57.4′N,131°06.7′E,8 km,4,震度４,32.95666667,131.1116667
2016/4/16,1:40:58,大分県中部,33°12.4′N,131°18.1′E,6 km,2.9,震度３,33.20666667,131.3016667
2016/4/16,1:41:18,熊本県熊本地方,32°40.1′N,130°43.1′E,12 km,3.8,震度３,32.66833333,130.7183333
2016/4/16,1:41:57,熊本県阿蘇地方,32°54.8′N,131°00.4′E,8 km,3.6,震度３,32.91333333,131.0066667
2016/4/16,1:42:36,大分県中部,33°16.5′N,131°21.5′E,9 km,3.1,震度２,33.275,131.3583333
2016/4/16,1:42:59,熊本県阿蘇地方,32°56.9′N,131°06.2′E,10 km,3,震度３,32.94833333,131.1033333
2016/4/16,1:43:09,熊本県熊本地方,32°47.9′N,130°50.4′E,13 km,3.9,震度４,32.79833333,130.84
2016/4/16,1:43:35,大分県中部,33°14.3′N,131°19.9′E,9 km,3.3,震度３,33.23833333,131.3316667
2016/4/16,1:44:07,熊本県熊本地方,32°45.1′N,130°45.6′E,15 km,5.4,震度５弱,32.75166667,130.76
2016/4/16,1:44:49,熊本県熊本地方,32°39.8′N,130°42.5′E,13 km,4.3,震度３,32.66333333,130.7083333
2016/4/16,1:45:28,熊本県阿蘇地方,32°56.2′N,131°05.2′E,9 km,3.9,震度３,32.93666667,131.0866667
2016/4/16,1:45:55,熊本県熊本地方,32°51.7′N,130°53.9′E,11 km,5.9,震度６弱,32.86166667,130.8983333
2016/4/16,1:47:25,熊本県阿蘇地方,32°57.0′N,131°05.9′E,9 km,3.6,震度３,32.95,131.0983333
2016/4/16,1:48:04,大分県中部,33°16.5′N,131°25.3′E,3 km,,震度３,33.275,131.4216667
2016/4/16,1:48:44,熊本県熊本地方,32°41.4′N,130°44.1′E,13 km,3.6,震度３,32.69,130.735
2016/4/16,1:48:50,大分県中部,33°15.4′N,131°22.0′E,10 km,3.2,震度２,33.25666667,131.3666667
2016/4/16,1:49:27,熊本県熊本地方,32°52.6′N,130°54.7′E,14 km,3.5,震度３,32.87666667,130.9116667
2016/4/16,1:49:44,大分県中部,33°16.5′N,131°22.6′E,10 km,3.1,震度２,33.275,131.3766667
2016/4/16,1:50:46,大分県中部,33°17.4′N,131°30.3′E,10 km,2.6,震度１,33.29,131.505
2016/4/16,1:50:52,熊本県熊本地方,32°41.7′N,130°44.6′E,10 km,3.5,震度３,32.695,130.7433333
2016/4/16,1:51:48,熊本県熊本地方,32°48.7′N,130°50.8′E,4 km,3.9,震度３,32.81166667,130.8466667
2016/4/16,1:52:03,大分県中部,33°14.7′N,131°22.5′E,9 km,3.3,震度１,33.245,131.375
2016/4/16,1:52:49,大分県中部,33°16.2′N,131°22.2′E,8 km,2.9,震度２,33.27,131.37
2016/4/16,1:53:04,熊本県阿蘇地方,32°57.8′N,131°03.8′E,10 km,3.3,震度２,32.96333333,131.0633333
2016/4/16,1:53:36,熊本県熊本地方,32°43.5′N,130°44.7′E,16 km,3.8,震度３,32.725,130.745
2016/4/16,1:53:37,大分県中部,33°17.7′N,131°30.2′E,8 km,2.6,震度１,33.295,131.5033333
2016/4/16,1:54:07,大分県中部,33°16.5′N,131°22.5′E,9 km,2.8,震度１,33.275,131.375
2016/4/16,1:54:36,熊本県熊本地方,32°39.5′N,130°42.8′E,13 km,3.1,震度２,32.65833333,130.7133333
2016/4/16,1:54:51,大分県中部,33°19.0′N,131°28.8′E,8 km,2.6,震度２,33.31666667,131.48
2016/4/16,1:54:54,熊本県阿蘇地方,32°57.3′N,131°06.6′E,11 km,3.2,震度２,32.955,131.11
2016/4/16,1:55:23,熊本県阿蘇地方,32°56.5′N,131°05.6′E,9 km,2.9,震度２,32.94166667,131.0933333
2016/4/16,1:56:13,大分県中部,33°17.2′N,131°27.0′E,4 km,3,震度３,33.28666667,131.45
2016/4/16,1:56:14,熊本県熊本地方,32°47.5′N,130°47.9′E,12 km,4.6,震度４,32.79166667,130.7983333
2016/4/16,1:56:28,大分県中部,33°15.9′N,131°24.7′E,3 km,2.9,震度２,33.265,131.4116667
2016/4/16,1:57:04,熊本県阿蘇地方,32°58.8′N,131°06.3′E,12 km,3.9,震度３,32.98,131.105
2016/4/16,1:57:33,熊本県熊本地方,32°44.7′N,130°45.5′E,10 km,3.4,震度３,32.745,130.7583333
2016/4/16,1:57:51,大分県中部,33°17.5′N,131°27.1′E,6 km,3,震度２,33.29166667,131.4516667
2016/4/16,1:58:16,熊本県熊本地方,32°40.8′N,130°44.4′E,10 km,4.2,震度３,32.68,130.74
2016/4/16,1:58:21,大分県中部,33°16.2′N,131°23.5′E,8 km,2.8,震度１,33.27,131.3916667
2016/4/16,1:59:09,熊本県熊本地方,32°40.2′N,130°41.9′E,14 km,3.9,震度３,32.67,130.6983333
2016/4/16,2:00:32,大分県中部,33°16.5′N,131°27.4′E,8 km,2.2,震度２,33.275,131.4566667
2016/4/16,2:00:55,熊本県熊本地方,32°52.4′N,130°52.4′E,12 km,3.1,震度２,32.87333333,130.8733333
2016/4/16,2:01:01,大分県中部,33°16.5′N,131°25.5′E,4 km,2.3,震度１,33.275,131.425
2016/4/16,2:01:08,熊本県阿蘇地方,32°54.9′N,131°00.4′E,8 km,3.2,震度２,32.915,131.0066667
2016/4/16,2:01:46,熊本県阿蘇地方,32°57.0′N,131°06.1′E,10 km,3.3,震度３,32.95,131.1016667
2016/4/16,2:02:23,大分県中部,33°16.1′N,131°20.4′E,7 km,3.2,震度２,33.26833333,131.34
2016/4/16,2:02:48,熊本県熊本地方,32°43.7′N,130°44.0′E,16 km,3.7,震度３,32.72833333,130.7333333
2016/4/16,2:03:11,大分県中部,33°16.1′N,131°22.2′E,5 km,3.1,震度３,33.26833333,131.37
2016/4/16,2:04:05,熊本県阿蘇地方,32°57.5′N,131°06.9′E,8 km,2.7,震度１,32.95833333,131.115
2016/4/16,2:04:11,熊本県熊本地方,32°44.7′N,130°44.2′E,12 km,4.9,震度４,32.745,130.7366667
2016/4/16,2:05:13,熊本県熊本地方,32°46.2′N,130°45.8′E,12 km,2.9,震度２,32.77,130.7633333
2016/4/16,2:06:23,大分県西部,33°06.5′N,131°11.9′E,4 km,3.6,震度４,33.10833333,131.1983333
2016/4/16,2:07:10,熊本県阿蘇地方,32°56.0′N,131°03.3′E,7 km,3.7,震度３,32.93333333,131.055
2016/4/16,2:07:48,大分県中部,33°18.6′N,131°27.6′E,5 km,2.5,震度２,33.31,131.46
2016/4/16,2:07:51,熊本県熊本地方,32°52.2′N,130°53.1′E,12 km,2.9,震度２,32.87,130.885
2016/4/16,2:08:07,熊本県熊本地方,32°43.4′N,130°47.2′E,6 km,3.3,震度３,32.72333333,130.7866667
2016/4/16,2:09:20,熊本県熊本地方,32°44.4′N,130°46.2′E,16 km,3.2,震度２,32.74,130.77
2016/4/16,2:09:36,熊本県阿蘇地方,32°57.0′N,131°04.3′E,10 km,3.8,震度３,32.95,131.0716667
2016/4/16,2:09:54,熊本県熊本地方,32°42.5′N,130°44.9′E,10 km,3.4,震度２,32.70833333,130.7483333
2016/4/16,2:10:18,熊本県阿蘇地方,32°57.3′N,131°04.5′E,6 km,2.1,震度１,32.955,131.075
2016/4/16,2:10:30,熊本県熊本地方,32°40.4′N,130°44.0′E,12 km,3.1,震度１,32.67333333,130.7333333
2016/4/16,2:10:48,熊本県熊本地方,32°52.3′N,130°51.7′E,12 km,3.3,震度３,32.87166667,130.8616667
2016/4/16,2:11:00,熊本県阿蘇地方,32°57.8′N,131°05.7′E,11 km,3,震度２,32.96333333,131.095
2016/4/16,2:11:23,熊本県阿蘇地方,33°03.9′N,131°10.8′E,10 km,2.5,震度１,33.065,131.18
2016/4/16,2:11:46,熊本県阿蘇地方,32°57.3′N,131°06.3′E,11 km,3.1,震度３,32.955,131.105
2016/4/16,2:11:48,大分県中部,33°15.9′N,131°22.2′E,7 km,2.3,震度１,33.265,131.37
2016/4/16,2:11:48,熊本県熊本地方,32°41.6′N,130°43.6′E,14 km,3.3,震度３,32.69333333,130.7266667
2016/4/16,2:12:38,熊本県熊本地方,32°40.1′N,130°43.0′E,13 km,3.6,震度３,32.66833333,130.7166667
2016/4/16,2:13:59,熊本県阿蘇地方,32°57.9′N,131°04.4′E,11 km,2.7,震度２,32.965,131.0733333
2016/4/16,2:14:12,大分県中部,33°16.5′N,131°20.4′E,10 km,3.1,震度１,33.275,131.34
2016/4/16,2:14:17,熊本県熊本地方,32°44.7′N,130°46.1′E,14 km,4,震度３,32.745,130.7683333
2016/4/16,2:15:11,熊本県熊本地方,32°42.0′N,130°45.1′E,10 km,3.4,震度２,32.7,130.7516667
2016/4/16,2:15:28,大分県中部,33°16.5′N,131°19.7′E,8 km,2.5,震度１,33.275,131.3283333
2016/4/16,2:15:36,熊本県阿蘇地方,32°59.8′N,131°01.4′E,7 km,3.2,震度２,32.99666667,131.0233333
2016/4/16,2:16:25,熊本県阿蘇地方,32°57.2′N,131°06.3′E,8 km,3.4,震度３,32.95333333,131.105
2016/4/16,2:17:13,熊本県熊本地方,32°45.4′N,130°45.9′E,13 km,3.7,震度３,32.75666667,130.765
2016/4/16,2:17:20,大分県中部,33°14.8′N,131°23.0′E,12 km,3.6,震度３,33.24666667,131.3833333
2016/4/16,2:17:37,熊本県阿蘇地方,32°58.3′N,131°06.0′E,5 km,3.1,震度３,32.97166667,131.1
2016/4/16,2:17:55,熊本県熊本地方,32°51.4′N,130°51.4′E,11 km,3.8,震度４,32.85666667,130.8566667
2016/4/16,2:18:29,大分県中部,33°14.3′N,131°21.5′E,9 km,3.1,震度１,33.23833333,131.3583333
2016/4/16,2:19:07,熊本県熊本地方,32°40.6′N,130°41.6′E,15 km,2.9,震度１,32.67666667,130.6933333
2016/4/16,2:19:10,熊本県阿蘇地方,32°57.3′N,131°06.1′E,12 km,2.7,震度３,32.955,131.1016667
2016/4/16,2:19:57,熊本県阿蘇地方,33°04.2′N,131°10.3′E,10 km,2.6,震度１,33.07,131.1716667
2016/4/16,2:20:59,熊本県熊本地方,32°48.3′N,130°50.8′E,9 km,3.5,震度３,32.805,130.8466667
2016/4/16,2:21:11,大分県中部,33°17.7′N,131°22.5′E,10 km,3,震度２,33.295,131.375
2016/4/16,2:21:39,熊本県熊本地方,32°50.3′N,130°49.7′E,13 km,3.2,震度２,32.83833333,130.8283333
2016/4/16,2:21:56,大分県中部,33°17.4′N,131°28.6′E,7 km,2.2,震度２,33.29,131.4766667
2016/4/16,2:22:19,大分県中部,33°14.5′N,131°20.8′E,9 km,2.8,震度２,33.24166667,131.3466667
2016/4/16,2:23:06,熊本県熊本地方,32°44.2′N,130°45.4′E,11 km,2.8,震度２,32.73666667,130.7566667
2016/4/16,2:23:18,熊本県阿蘇地方,32°57.3′N,131°05.8′E,10 km,3.2,震度２,32.955,131.0966667
2016/4/16,2:23:32,有明海,32°45.4′N,130°36.6′E,13 km,2.8,震度１,32.75666667,130.61
2016/4/16,2:23:37,大分県西部,33°07.5′N,131°11.7′E,5 km,3,震度１,33.125,131.195
2016/4/16,2:23:42,大分県中部,33°17.6′N,131°27.1′E,5 km,2.6,震度３,33.29333333,131.4516667
2016/4/16,2:23:57,熊本県阿蘇地方,32°56.5′N,131°04.9′E,10 km,3.1,震度２,32.94166667,131.0816667
2016/4/16,2:24:29,大分県中部,33°16.5′N,131°22.7′E,8 km,2.2,震度１,33.275,131.3783333
2016/4/16,2:24:51,熊本県阿蘇地方,32°57.6′N,131°05.2′E,11 km,2.5,震度２,32.96,131.0866667
2016/4/16,2:24:59,熊本県熊本地方,32°49.4′N,130°52.4′E,13 km,3.1,震度２,32.82333333,130.8733333
2016/4/16,2:25:10,大分県西部,33°07.5′N,131°11.1′E,6 km,2.8,震度１,33.125,131.185
2016/4/16,2:25:51,大分県中部,33°14.6′N,131°22.6′E,9 km,3.1,震度２,33.24333333,131.3766667
2016/4/16,2:26:52,熊本県阿蘇地方,33°00.8′N,131°10.8′E,0 km,2.7,震度１,33.01333333,131.18
2016/4/16,2:27:02,大分県中部,33°15.2′N,131°22.9′E,7 km,3.7,震度４,33.25333333,131.3816667
2016/4/16,2:27:20,熊本県熊本地方,32°38.8′N,130°42.6′E,10 km,2.7,震度２,32.64666667,130.71
2016/4/16,2:28:11,熊本県阿蘇地方,32°57.9′N,131°05.0′E,12 km,2.6,震度１,32.965,131.0833333
2016/4/16,2:28:24,大分県中部,33°16.6′N,131°26.5′E,7 km,1.9,震度２,33.27666667,131.4416667
2016/4/16,2:28:39,熊本県熊本地方,32°46.5′N,130°48.9′E,7 km,3,震度２,32.775,130.815
2016/4/16,2:29:04,大分県中部,33°15.6′N,131°22.1′E,8 km,3.7,震度３,33.26,131.3683333
2016/4/16,2:29:31,熊本県熊本地方,32°47.4′N,130°48.2′E,11 km,3.3,震度２,32.79,130.8033333
2016/4/16,2:30:22,熊本県熊本地方,32°49.4′N,130°48.5′E,14 km,2.9,震度２,32.82333333,130.8083333
2016/4/16,2:30:49,熊本県熊本地方,32°52.1′N,130°50.4′E,14 km,3.5,震度３,32.86833333,130.84
2016/4/16,2:31:15,熊本県熊本地方,32°45.3′N,130°45.0′E,17 km,3.6,震度３,32.755,130.75
2016/4/16,2:31:38,熊本県熊本地方,32°47.9′N,130°50.3′E,8 km,2.8,震度２,32.79833333,130.8383333
2016/4/16,2:32:12,大分県中部,33°15.5′N,131°23.3′E,8 km,2.7,震度１,33.25833333,131.3883333
2016/4/16,2:32:26,熊本県熊本地方,32°49.7′N,130°53.4′E,11 km,3.4,震度３,32.82833333,130.89
2016/4/16,2:32:43,大分県中部,33°18.2′N,131°27.8′E,4 km,2.1,震度２,33.30333333,131.4633333
2016/4/16,2:32:59,大分県中部,33°17.9′N,131°26.2′E,3 km,2.7,震度２,33.29833333,131.4366667
2016/4/16,2:33:01,熊本県熊本地方,32°50.5′N,130°48.3′E,15 km,3.2,震度２,32.84166667,130.805
2016/4/16,2:33:34,熊本県熊本地方,32°42.1′N,130°43.7′E,15 km,2.5,震度１,32.70166667,130.7283333
2016/4/16,2:33:52,大分県中部,33°17.9′N,131°27.7′E,7 km,3.4,震度３,33.29833333,131.4616667
2016/4/16,2:34:14,大分県中部,33°16.4′N,131°24.3′E,9 km,3.2,震度１,33.27333333,131.405
2016/4/16,2:34:20,熊本県熊本地方,32°40.7′N,130°45.0′E,12 km,3.2,震度２,32.67833333,130.75
2016/4/16,2:34:31,熊本県阿蘇地方,32°58.1′N,131°06.1′E,8 km,3.3,震度３,32.96833333,131.1016667
2016/4/16,2:34:54,熊本県熊本地方,32°44.4′N,130°45.5′E,13 km,3.9,震度３,32.74,130.7583333
2016/4/16,2:35:24,熊本県阿蘇地方,32°58.2′N,131°05.5′E,11 km,3.3,震度２,32.97,131.0916667
2016/4/16,2:35:36,熊本県熊本地方,32°47.3′N,130°46.7′E,14 km,3.5,震度２,32.78833333,130.7783333
2016/4/16,2:35:37,大分県中部,33°16.8′N,131°20.7′E,7 km,3.1,震度１,33.28,131.345
2016/4/16,2:35:59,熊本県阿蘇地方,32°54.9′N,131°02.5′E,11 km,2.6,震度２,32.915,131.0416667
2016/4/16,2:36:49,熊本県熊本地方,32°49.8′N,130°50.2′E,13 km,3.8,震度３,32.83,130.8366667
2016/4/16,2:37:27,大分県中部,33°16.3′N,131°21.1′E,7 km,3.2,震度２,33.27166667,131.3516667
2016/4/16,2:38:03,熊本県熊本地方,32°47.5′N,130°47.7′E,12 km,2.8,震度１,32.79166667,130.795
2016/4/16,2:38:32,熊本県阿蘇地方,32°55.9′N,131°05.1′E,8 km,2.8,震度２,32.93166667,131.085
2016/4/16,2:38:49,大分県中部,33°18.2′N,131°26.4′E,3 km,1.5,震度１,33.30333333,131.44
2016/4/16,2:38:55,熊本県熊本地方,32°43.9′N,130°46.7′E,10 km,2.4,震度２,32.73166667,130.7783333
2016/4/16,2:39:19,熊本県熊本地方,32°47.6′N,130°47.1′E,13 km,2.4,震度２,32.79333333,130.785
2016/4/16,2:39:26,大分県中部,33°15.4′N,131°18.2′E,6 km,2.3,震度１,33.25666667,131.3033333
2016/4/16,2:40:12,熊本県阿蘇地方,32°58.7′N,131°06.0′E,11 km,2.2,震度１,32.97833333,131.1
2016/4/16,2:40:19,熊本県熊本地方,32°40.0′N,130°44.3′E,10 km,2.2,震度１,32.66666667,130.7383333
2016/4/16,2:40:55,熊本県熊本地方,32°41.8′N,130°43.5′E,10 km,2.9,震度１,32.69666667,130.725
2016/4/16,2:41:19,熊本県熊本地方,32°40.9′N,130°45.3′E,11 km,3.6,震度２,32.68166667,130.755
2016/4/16,2:41:25,大分県中部,33°16.6′N,131°22.3′E,9 km,2,震度１,33.27666667,131.3716667
2016/4/16,2:41:42,熊本県阿蘇地方,33°00.5′N,131°03.5′E,12 km,2.9,震度２,33.00833333,131.0583333
2016/4/16,2:42:12,熊本県熊本地方,32°50.9′N,130°52.8′E,7 km,2.5,震度１,32.84833333,130.88
2016/4/16,2:42:23,大分県中部,33°18.3′N,131°26.7′E,3 km,2.8,震度２,33.305,131.445
2016/4/16,2:43:02,熊本県熊本地方,32°41.9′N,130°46.6′E,9 km,3,震度２,32.69833333,130.7766667
2016/4/16,2:43:07,大分県中部,33°16.4′N,131°24.4′E,8 km,1.9,震度１,33.27333333,131.4066667
2016/4/16,2:44:45,熊本県阿蘇地方,32°58.0′N,131°05.4′E,10 km,2.2,震度１,32.96666667,131.09
2016/4/16,2:45:00,熊本県熊本地方,32°47.5′N,130°47.2′E,12 km,2.7,震度２,32.79166667,130.7866667
2016/4/16,2:45:25,熊本県阿蘇地方,33°07.5′N,131°10.5′E,7 km,3.7,震度２,33.125,131.175
2016/4/16,2:45:39,熊本県熊本地方,32°45.6′N,130°46.6′E,10 km,3.1,震度２,32.76,130.7766667
2016/4/16,2:46:35,大分県中部,33°18.0′N,131°28.8′E,5 km,1.6,震度１,33.3,131.48
2016/4/16,2:47:19,熊本県熊本地方,32°52.3′N,130°52.6′E,12 km,2.9,震度２,32.87166667,130.8766667
2016/4/16,2:48:16,熊本県阿蘇地方,32°57.6′N,131°04.6′E,12 km,2,震度１,32.96,131.0766667
2016/4/16,2:49:01,熊本県阿蘇地方,32°57.7′N,131°06.3′E,12 km,2.2,震度１,32.96166667,131.105
2016/4/16,2:49:06,熊本県熊本地方,32°59.0′N,130°51.3′E,14 km,2.4,震度１,32.98333333,130.855
2016/4/16,2:49:17,大分県中部,33°18.2′N,131°26.9′E,3 km,3.9,震度４,33.30333333,131.4483333
2016/4/16,2:49:27,熊本県熊本地方,32°41.1′N,130°43.9′E,14 km,2.8,震度２,32.685,130.7316667
2016/4/16,2:50:30,大分県中部,33°16.0′N,131°21.8′E,10 km,2.9,震度１,33.26666667,131.3633333
2016/4/16,2:50:52,熊本県阿蘇地方,32°56.5′N,131°03.3′E,11 km,2.7,震度１,32.94166667,131.055
2016/4/16,2:51:10,熊本県熊本地方,32°45.2′N,130°45.9′E,10 km,2.1,震度１,32.75333333,130.765
2016/4/16,2:51:21,大分県中部,33°18.0′N,131°26.8′E,4 km,2.9,震度２,33.3,131.4466667
2016/4/16,2:51:48,熊本県阿蘇地方,32°55.5′N,131°03.1′E,5 km,1.8,震度１,32.925,131.0516667
2016/4/16,2:52:45,熊本県熊本地方,32°41.1′N,130°44.1′E,14 km,2.8,震度１,32.685,130.735
2016/4/16,2:52:46,大分県中部,33°16.3′N,131°19.6′E,8 km,3.4,震度２,33.27166667,131.3266667
2016/4/16,2:53:36,熊本県熊本地方,32°50.0′N,130°53.5′E,13 km,2.6,震度２,32.83333333,130.8916667
2016/4/16,2:54:24,大分県中部,33°16.4′N,131°27.6′E,2 km,1.6,震度１,33.27333333,131.46
2016/4/16,2:54:51,熊本県熊本地方,32°42.7′N,130°46.1′E,10 km,2.9,震度１,32.71166667,130.7683333
2016/4/16,2:56:05,熊本県阿蘇地方,33°04.3′N,131°10.5′E,11 km,2.8,震度１,33.07166667,131.175
2016/4/16,2:56:48,大分県中部,33°18.1′N,131°26.3′E,4 km,2.6,震度２,33.30166667,131.4383333
2016/4/16,2:56:47,熊本県熊本地方,32°40.7′N,130°43.9′E,9 km,2.7,震度１,32.67833333,130.7316667
2016/4/16,2:56:58,熊本県阿蘇地方,32°55.3′N,130°59.8′E,10 km,2.6,震度１,32.92166667,130.9966667
2016/4/16,2:57:17,熊本県阿蘇地方,32°57.1′N,131°04.5′E,10 km,3.3,震度４,32.95166667,131.075
2016/4/16,2:58:05,熊本県熊本地方,32°43.1′N,130°44.8′E,13 km,2.3,震度１,32.71833333,130.7466667
2016/4/16,2:58:54,熊本県熊本地方,32°42.7′N,130°46.7′E,10 km,2.6,震度１,32.71166667,130.7783333
2016/4/16,2:59:20,熊本県熊本地方,32°44.7′N,130°48.1′E,9 km,2.7,震度１,32.745,130.8016667
2016/4/16,2:59:31,熊本県阿蘇地方,32°57.4′N,131°05.9′E,11 km,2.2,震度１,32.95666667,131.0983333
2016/4/16,2:59:59,熊本県熊本地方,32°44.0′N,130°46.0′E,12 km,3.4,震度３,32.73333333,130.7666667
2016/4/16,3:01:05,岩手県沿岸北部,39°45.4′N,141°50.0′E,59 km,4.1,震度２,39.75666667,141.8333333
2016/4/16,3:01:25,大分県中部,33°16.1′N,131°24.8′E,4 km,1.7,震度１,33.26833333,131.4133333
2016/4/16,3:01:27,熊本県熊本地方,32°51.9′N,130°53.4′E,10 km,2.2,震度１,32.865,130.89
2016/4/16,3:01:43,熊本県阿蘇地方,33°04.2′N,131°10.0′E,11 km,2.5,震度１,33.07,131.1666667
2016/4/16,3:01:52,熊本県阿蘇地方,32°57.4′N,131°05.0′E,9 km,2.7,震度１,32.95666667,131.0833333
2016/4/16,3:01:55,熊本県熊本地方,32°45.6′N,130°46.7′E,10 km,2.6,震度１,32.76,130.7783333
2016/4/16,3:03:11,熊本県阿蘇地方,32°57.8′N,131°05.2′E,7 km,5.9,震度５強,32.96333333,131.0866667
2016/4/16,3:04:34,大分県中部,33°15.9′N,131°24.2′E,5 km,,震度１,33.265,131.4033333
2016/4/16,3:04:33,熊本県阿蘇地方,32°58.4′N,131°04.1′E,10 km,3.7,震度３,32.97333333,131.0683333
2016/4/16,3:05:21,大分県中部,33°16.7′N,131°27.0′E,4 km,,震度３,33.27833333,131.45
2016/4/16,3:06:14,熊本県阿蘇地方,32°57.6′N,131°05.1′E,10 km,3.3,震度２,32.96,131.085
2016/4/16,3:06:48,熊本県熊本地方,32°46.8′N,130°46.6′E,12 km,2.9,震度１,32.78,130.7766667
2016/4/16,3:06:53,大分県中部,33°17.9′N,131°25.4′E,4 km,3.5,震度３,33.29833333,131.4233333
2016/4/16,3:07:08,熊本県阿蘇地方,32°58.2′N,131°06.3′E,7 km,3.6,震度３,32.97,131.105
2016/4/16,3:07:46,大分県中部,33°18.0′N,131°26.0′E,4 km,2.6,震度２,33.3,131.4333333
2016/4/16,3:08:06,熊本県阿蘇地方,32°57.8′N,131°06.3′E,10 km,2.8,震度２,32.96333333,131.105
2016/4/16,3:08:38,大分県中部,33°18.4′N,131°26.8′E,4 km,3.5,震度３,33.30666667,131.4466667
2016/4/16,3:08:47,熊本県熊本地方,32°46.3′N,130°48.7′E,12 km,,震度１,32.77166667,130.8116667
2016/4/16,3:09:30,熊本県阿蘇地方,32°58.1′N,131°05.2′E,10 km,4.2,震度５弱,32.96833333,131.0866667
2016/4/16,3:10:14,熊本県熊本地方,32°47.9′N,130°45.9′E,16 km,2.3,震度２,32.79833333,130.765
2016/4/16,3:10:19,熊本県阿蘇地方,32°57.7′N,131°05.7′E,9 km,4.1,震度４,32.96166667,131.095
2016/4/16,3:10:22,大分県中部,33°16.0′N,131°22.9′E,5 km,3.6,震度２,33.26666667,131.3816667
2016/4/16,3:10:57,熊本県熊本地方,32°40.3′N,130°43.5′E,13 km,3.4,震度２,32.67166667,130.725
2016/4/16,3:11:23,熊本県熊本地方,32°44.9′N,130°48.7′E,8 km,3.1,震度２,32.74833333,130.8116667
2016/4/16,3:11:43,大分県中部,33°18.1′N,131°26.3′E,4 km,2.1,震度１,33.30166667,131.4383333
2016/4/16,3:11:52,熊本県熊本地方,32°41.5′N,130°44.9′E,8 km,2,震度１,32.69166667,130.7483333
2016/4/16,3:11:59,熊本県阿蘇地方,32°59.3′N,131°06.0′E,13 km,2.7,震度２,32.98833333,131.1
2016/4/16,3:12:29,熊本県阿蘇地方,32°54.0′N,130°59.1′E,8 km,3.5,震度３,32.9,130.985
2016/4/16,3:13:06,大分県中部,33°16.6′N,131°24.2′E,8 km,2.6,震度１,33.27666667,131.4033333
2016/4/16,3:13:11,熊本県熊本地方,32°49.5′N,130°52.7′E,12 km,3.5,震度２,32.825,130.8783333
2016/4/16,3:13:37,熊本県阿蘇地方,32°57.6′N,131°04.3′E,8 km,3.5,震度４,32.96,131.0716667
2016/4/16,3:14:12,熊本県熊本地方,32°47.9′N,130°47.1′E,11 km,,震度１,32.79833333,130.785
2016/4/16,3:14:13,熊本県阿蘇地方,32°58.6′N,131°03.6′E,11 km,3.6,震度４,32.97666667,131.06
2016/4/16,3:14:46,熊本県熊本地方,32°43.7′N,130°47.4′E,8 km,2.5,震度２,32.72833333,130.79
2016/4/16,3:14:49,熊本県阿蘇地方,32°58.6′N,131°05.3′E,9 km,3.2,震度３,32.97666667,131.0883333
2016/4/16,3:15:02,熊本県熊本地方,32°40.1′N,130°45.2′E,10 km,3,震度１,32.66833333,130.7533333
2016/4/16,3:15:53,大分県中部,33°18.0′N,131°26.5′E,3 km,2.9,震度２,33.3,131.4416667
2016/4/16,3:16:40,熊本県阿蘇地方,32°58.5′N,131°06.1′E,10 km,4.2,震度４,32.975,131.1016667
2016/4/16,3:17:06,熊本県阿蘇地方,32°57.3′N,131°04.9′E,10 km,3,震度２,32.955,131.0816667
2016/4/16,3:17:22,熊本県熊本地方,32°47.9′N,130°49.1′E,10 km,2.7,震度１,32.79833333,130.8183333
2016/4/16,3:17:54,熊本県阿蘇地方,32°58.6′N,131°06.5′E,11 km,3.1,震度２,32.97666667,131.1083333
2016/4/16,3:18:32,熊本県熊本地方,32°44.4′N,130°46.3′E,15 km,2.4,震度１,32.74,130.7716667
2016/4/16,3:18:36,熊本県阿蘇地方,32°59.0′N,131°07.5′E,11 km,2.9,震度１,32.98333333,131.125
2016/4/16,3:19:16,大分県中部,33°17.7′N,131°27.5′E,5 km,1.5,震度１,33.295,131.4583333
2016/4/16,3:19:50,熊本県熊本地方,32°50.2′N,130°52.7′E,11 km,2.2,震度１,32.83666667,130.8783333
2016/4/16,3:20:24,熊本県阿蘇地方,32°58.6′N,131°04.4′E,10 km,3,震度２,32.97666667,131.0733333
2016/4/16,3:20:48,大分県西部,33°07.3′N,131°11.0′E,8 km,3.8,震度２,33.12166667,131.1833333
2016/4/16,3:21:26,熊本県熊本地方,32°44.3′N,130°46.2′E,12 km,2.7,震度１,32.73833333,130.77
2016/4/16,3:22:02,熊本県阿蘇地方,32°59.4′N,131°06.1′E,12 km,2.4,震度１,32.99,131.1016667
2016/4/16,3:22:29,熊本県阿蘇地方,32°57.7′N,131°05.3′E,12 km,2.4,震度１,32.96166667,131.0883333
2016/4/16,3:22:41,大分県中部,33°17.4′N,131°27.4′E,6 km,1.7,震度１,33.29,131.4566667
2016/4/16,3:22:55,熊本県熊本地方,32°38.7′N,130°43.2′E,7 km,2.2,震度１,32.645,130.72
2016/4/16,3:23:25,大分県中部,33°18.5′N,131°25.9′E,2 km,2.2,震度１,33.30833333,131.4316667
2016/4/16,3:24:17,熊本県阿蘇地方,32°57.6′N,131°04.6′E,11 km,2.5,震度１,32.96,131.0766667
2016/4/16,3:24:35,大分県中部,33°18.0′N,131°28.1′E,4 km,2.1,震度１,33.3,131.4683333
2016/4/16,3:25:18,熊本県熊本地方,32°46.7′N,130°46.5′E,12 km,2.4,震度１,32.77833333,130.775
2016/4/16,3:26:49,大分県中部,33°17.4′N,131°28.8′E,8 km,2.4,震度１,33.29,131.48
2016/4/16,3:26:52,熊本県阿蘇地方,32°57.1′N,131°04.6′E,10 km,4,震度４,32.95166667,131.0766667
2016/4/16,3:27:31,熊本県熊本地方,32°48.1′N,130°49.1′E,12 km,3.2,震度２,32.80166667,130.8183333
2016/4/16,3:27:45,熊本県阿蘇地方,32°59.3′N,131°05.6′E,7 km,,震度１,32.98833333,131.0933333
2016/4/16,3:28:26,熊本県阿蘇地方,33°00.1′N,131°08.5′E,11 km,3,震度１,33.00166667,131.1416667
2016/4/16,3:29:01,大分県中部,33°15.5′N,131°21.9′E,8 km,2.9,震度１,33.25833333,131.365
2016/4/16,3:29:08,熊本県熊本地方,32°48.4′N,130°48.8′E,13 km,2.5,震度１,32.80666667,130.8133333
2016/4/16,3:29:42,熊本県熊本地方,32°42.3′N,130°42.4′E,12 km,2.5,震度１,32.705,130.7066667
2016/4/16,3:30:16,熊本県熊本地方,32°50.1′N,130°51.7′E,11 km,2.7,震度１,32.835,130.8616667
2016/4/16,3:31:46,熊本県熊本地方,32°46.2′N,130°46.8′E,11 km,2.7,震度１,32.77,130.78
2016/4/16,3:32:17,大分県中部,33°17.8′N,131°28.7′E,5 km,2.5,震度２,33.29666667,131.4783333
2016/4/16,3:32:41,熊本県阿蘇地方,32°58.7′N,131°05.6′E,11 km,3.8,震度３,32.97833333,131.0933333
2016/4/16,3:33:23,大分県中部,33°18.3′N,131°28.1′E,3 km,2.3,震度１,33.305,131.4683333
2016/4/16,3:34:05,熊本県熊本地方,32°42.5′N,130°44.7′E,12 km,2.1,震度３,32.70833333,130.745
2016/4/16,3:35:20,熊本県阿蘇地方,32°57.5′N,131°04.7′E,8 km,2.3,震度２,32.95833333,131.0783333
2016/4/16,3:35:34,熊本県熊本地方,32°40.8′N,130°44.2′E,10 km,2.3,震度１,32.68,130.7366667
2016/4/16,3:35:42,熊本県阿蘇地方,33°04.0′N,131°10.7′E,11 km,3.1,震度１,33.06666667,131.1783333
2016/4/16,3:36:18,熊本県阿蘇地方,32°56.7′N,131°03.8′E,11 km,3.2,震度２,32.945,131.0633333
2016/4/16,3:36:29,大分県中部,33°16.7′N,131°23.2′E,9 km,2.2,震度１,33.27833333,131.3866667
2016/4/16,3:36:36,熊本県阿蘇地方,32°53.4′N,130°59.4′E,7 km,,震度２,32.89,130.99
2016/4/16,3:36:47,熊本県阿蘇地方,33°01.6′N,131°11.4′E,12 km,3.4,震度２,33.02666667,131.19
2016/4/16,3:36:51,大分県中部,33°18.1′N,131°29.0′E,5 km,1.6,震度１,33.30166667,131.4833333
2016/4/16,3:37:19,熊本県阿蘇地方,32°56.9′N,131°03.6′E,9 km,2.6,震度１,32.94833333,131.06
2016/4/16,3:37:59,熊本県熊本地方,32°45.2′N,130°42.0′E,5 km,2.9,震度１,32.75333333,130.7
2016/4/16,3:39:14,熊本県熊本地方,32°40.9′N,130°43.7′E,13 km,3.1,震度２,32.68166667,130.7283333
2016/4/16,3:39:56,熊本県熊本地方,32°46.9′N,130°46.8′E,11 km,2.5,震度１,32.78166667,130.78
2016/4/16,3:40:20,大分県中部,33°17.4′N,131°28.0′E,6 km,1.9,震度１,33.29,131.4666667
2016/4/16,3:40:21,熊本県熊本地方,32°49.4′N,130°48.2′E,14 km,2.6,震度１,32.82333333,130.8033333
2016/4/16,3:40:34,熊本県阿蘇地方,32°58.5′N,131°04.1′E,11 km,2.4,震度１,32.975,131.0683333
2016/4/16,3:41:15,大分県中部,33°18.2′N,131°30.8′E,0 km,1.9,震度１,33.30333333,131.5133333
2016/4/16,3:41:31,熊本県阿蘇地方,32°57.6′N,131°06.4′E,9 km,2.6,震度１,32.96,131.1066667
2016/4/16,3:41:58,熊本県熊本地方,32°43.4′N,130°45.4′E,11 km,2.2,震度１,32.72333333,130.7566667
2016/4/16,3:42:06,熊本県阿蘇地方,32°58.9′N,131°04.3′E,11 km,2.1,震度２,32.98166667,131.0716667
2016/4/16,3:42:18,熊本県熊本地方,32°46.6′N,130°46.7′E,12 km,2.7,震度１,32.77666667,130.7783333
2016/4/16,3:42:30,大分県中部,33°18.3′N,131°30.1′E,4 km,1.5,震度１,33.305,131.5016667
2016/4/16,3:43:43,熊本県熊本地方,32°46.6′N,130°44.4′E,9 km,3,震度２,32.77666667,130.74
2016/4/16,3:43:43,熊本県阿蘇地方,32°58.6′N,131°04.0′E,9 km,3.3,震度２,32.97666667,131.0666667
2016/4/16,3:43:56,大分県中部,33°16.2′N,131°19.9′E,9 km,2.8,震度１,33.27,131.3316667
2016/4/16,3:44:57,熊本県熊本地方,32°41.6′N,130°46.7′E,9 km,3.6,震度３,32.69333333,130.7783333
2016/4/16,3:45:43,熊本県熊本地方,32°50.6′N,130°51.3′E,11 km,2.8,震度１,32.84333333,130.855
2016/4/16,3:46:17,熊本県熊本地方,32°40.6′N,130°43.5′E,11 km,2.3,震度１,32.67666667,130.725
2016/4/16,3:46:22,大分県中部,33°17.6′N,131°29.3′E,7 km,2,震度１,33.29333333,131.4883333
2016/4/16,3:46:38,熊本県熊本地方,32°48.3′N,130°49.7′E,10 km,2.5,震度１,32.805,130.8283333
2016/4/16,3:47:34,熊本県熊本地方,32°41.1′N,130°44.5′E,13 km,2.7,震度２,32.685,130.7416667
2016/4/16,3:47:58,大分県西部,33°06.9′N,131°13.0′E,4 km,3.2,震度１,33.115,131.2166667
2016/4/16,3:48:31,熊本県阿蘇地方,32°56.6′N,131°03.7′E,11 km,2.8,震度１,32.94333333,131.0616667
2016/4/16,3:48:46,熊本県熊本地方,32°50.1′N,130°53.3′E,13 km,3.3,震度３,32.835,130.8883333
2016/4/16,3:49:10,熊本県阿蘇地方,32°58.6′N,131°06.5′E,10 km,2.7,震度２,32.97666667,131.1083333
2016/4/16,3:49:49,熊本県熊本地方,32°43.6′N,130°45.6′E,9 km,2.1,震度１,32.72666667,130.76
2016/4/16,3:52:02,熊本県熊本地方,32°44.9′N,130°47.3′E,11 km,3.5,震度２,32.74833333,130.7883333
2016/4/16,3:52:25,熊本県熊本地方,32°40.8′N,130°44.3′E,12 km,3.7,震度２,32.68,130.7383333
2016/4/16,3:52:58,大分県中部,33°16.4′N,131°24.4′E,10 km,2.4,震度２,33.27333333,131.4066667
2016/4/16,3:53:11,熊本県熊本地方,32°46.3′N,130°45.7′E,11 km,2.9,震度１,32.77166667,130.7616667
2016/4/16,3:54:29,熊本県熊本地方,32°40.8′N,130°43.4′E,14 km,2.7,震度２,32.68,130.7233333
2016/4/16,3:54:41,熊本県熊本地方,32°29.8′N,130°36.7′E,10 km,2.7,震度１,32.49666667,130.6116667
2016/4/16,3:54:58,熊本県阿蘇地方,32°58.5′N,131°05.7′E,11 km,3.2,震度２,32.975,131.095
2016/4/16,3:55:53,熊本県阿蘇地方,33°01.5′N,131°11.4′E,11 km,5.8,震度６強,33.025,131.19
2016/4/16,3:57:27,熊本県阿蘇地方,33°01.8′N,131°11.4′E,13 km,4.3,震度３,33.03,131.19
2016/4/16,3:58:28,熊本県阿蘇地方,33°01.7′N,131°11.8′E,10 km,3,震度２,33.02833333,131.1966667
2016/4/16,3:59:19,熊本県熊本地方,32°32.0′N,130°38.5′E,9 km,3.2,震度２,32.53333333,130.6416667
2016/4/16,3:59:25,大分県中部,33°17.2′N,131°27.6′E,8 km,2.4,震度１,33.28666667,131.46
2016/4/16,3:59:55,熊本県阿蘇地方,33°02.0′N,131°12.2′E,10 km,3.2,震度２,33.03333333,131.2033333
2016/4/16,4:00:11,熊本県熊本地方,32°40.4′N,130°44.5′E,4 km,2.5,震度２,32.67333333,130.7416667
2016/4/16,4:00:42,熊本県阿蘇地方,33°01.4′N,131°11.0′E,9 km,3.2,震度２,33.02333333,131.1833333
2016/4/16,4:00:52,大分県中部,33°18.1′N,131°28.2′E,3 km,,震度３,33.30166667,131.47
2016/4/16,4:00:52,熊本県阿蘇地方,33°01.5′N,131°11.3′E,11 km,4.1,震度３,33.025,131.1883333
2016/4/16,4:01:41,熊本県熊本地方,32°52.2′N,130°54.8′E,13 km,3,震度２,32.87,130.9133333
2016/4/16,4:01:57,熊本県阿蘇地方,33°07.6′N,131°10.3′E,8 km,3.9,震度３,33.12666667,131.1716667
2016/4/16,4:02:41,熊本県阿蘇地方,33°07.5′N,131°10.5′E,8 km,3.2,震度１,33.125,131.175
2016/4/16,4:02:51,熊本県阿蘇地方,32°56.7′N,131°06.0′E,9 km,2.9,震度２,32.945,131.1
2016/4/16,4:03:22,熊本県熊本地方,32°39.9′N,130°42.6′E,14 km,2.9,震度２,32.665,130.71
2016/4/16,4:03:40,熊本県阿蘇地方,33°00.3′N,131°09.3′E,10 km,2.6,震度１,33.005,131.155
2016/4/16,4:04:06,大分県中部,33°16.5′N,131°22.3′E,6 km,3.2,震度３,33.275,131.3716667
2016/4/16,4:04:40,大分県中部,33°17.5′N,131°26.6′E,4 km,,震度１,33.29166667,131.4433333
2016/4/16,4:05:18,熊本県阿蘇地方,32°59.7′N,131°07.4′E,11 km,2.5,震度１,32.995,131.1233333
2016/4/16,4:05:49,熊本県熊本地方,32°47.8′N,130°48.7′E,12 km,4,震度４,32.79666667,130.8116667
2016/4/16,4:06:33,熊本県熊本地方,32°45.5′N,130°45.9′E,13 km,2.8,震度１,32.75833333,130.765
2016/4/16,4:06:46,熊本県熊本地方,32°48.9′N,130°52.6′E,8 km,2.7,震度２,32.815,130.8766667
2016/4/16,4:07:06,熊本県阿蘇地方,32°57.4′N,131°07.0′E,11 km,3.7,震度３,32.95666667,131.1166667
2016/4/16,4:07:48,熊本県阿蘇地方,33°00.2′N,131°10.4′E,6 km,2.9,震度１,33.00333333,131.1733333
2016/4/16,4:08:50,熊本県熊本地方,32°46.1′N,130°39.9′E,11 km,2.4,震度１,32.76833333,130.665
2016/4/16,4:08:51,熊本県阿蘇地方,32°56.5′N,131°04.1′E,8 km,3.1,震度２,32.94166667,131.0683333
2016/4/16,4:09:27,熊本県阿蘇地方,33°00.9′N,131°10.6′E,12 km,4.1,震度３,33.015,131.1766667
2016/4/16,4:10:22,熊本県阿蘇地方,33°00.9′N,131°10.9′E,13 km,3.2,震度１,33.015,131.1816667
2016/4/16,4:10:32,熊本県熊本地方,32°42.0′N,130°44.9′E,9 km,2.7,震度１,32.7,130.7483333
2016/4/16,4:10:56,熊本県阿蘇地方,32°58.6′N,131°06.7′E,10 km,2.7,震度２,32.97666667,131.1116667
2016/4/16,4:11:01,熊本県熊本地方,32°43.4′N,130°45.0′E,12 km,2.6,震度１,32.72333333,130.75
2016/4/16,4:11:53,熊本県熊本地方,32°44.6′N,130°47.0′E,9 km,3.3,震度３,32.74333333,130.7833333
2016/4/16,4:12:01,大分県中部,33°14.4′N,131°19.5′E,10 km,2.8,震度２,33.24,131.325
2016/4/16,4:12:40,熊本県熊本地方,32°42.2′N,130°46.7′E,8 km,2.5,震度１,32.70333333,130.7783333
2016/4/16,4:13:42,大分県中部,33°15.9′N,131°22.2′E,8 km,2,震度２,33.265,131.37
2016/4/16,4:13:51,熊本県阿蘇地方,32°58.9′N,131°04.9′E,12 km,2.9,震度１,32.98166667,131.0816667
2016/4/16,4:14:08,熊本県熊本地方,32°41.1′N,130°45.7′E,9 km,2.7,震度１,32.685,130.7616667
2016/4/16,4:14:26,熊本県阿蘇地方,32°58.5′N,131°06.3′E,10 km,3.1,震度３,32.975,131.105
2016/4/16,4:15:05,熊本県熊本地方,32°46.3′N,130°46.2′E,13 km,3.5,震度３,32.77166667,130.77
2016/4/16,4:15:07,熊本県阿蘇地方,32°58.2′N,131°07.0′E,9 km,3.4,震度３,32.97,131.1166667
2016/4/16,4:15:13,大分県中部,33°17.7′N,131°23.5′E,7 km,3.7,震度３,33.295,131.3916667
2016/4/16,4:15:36,大分県西部,33°06.9′N,131°11.6′E,4 km,3.1,震度１,33.115,131.1933333
2016/4/16,4:16:08,熊本県阿蘇地方,33°02.1′N,131°11.7′E,11 km,2.8,震度１,33.035,131.195
2016/4/16,4:16:11,熊本県熊本地方,32°42.8′N,130°46.2′E,8 km,2.4,震度１,32.71333333,130.77
2016/4/16,4:16:37,熊本県熊本地方,32°52.4′N,130°55.4′E,5 km,2.7,震度１,32.87333333,130.9233333
2016/4/16,4:17:16,熊本県熊本地方,32°45.9′N,130°46.1′E,14 km,3.4,震度３,32.765,130.7683333
2016/4/16,4:17:21,熊本県阿蘇地方,32°58.0′N,131°05.3′E,12 km,2.9,震度１,32.96666667,131.0883333
2016/4/16,4:18:15,熊本県阿蘇地方,33°01.1′N,131°08.3′E,10 km,4.2,震度４,33.01833333,131.1383333
2016/4/16,4:19:30,熊本県熊本地方,32°46.1′N,130°46.0′E,9 km,3,震度２,32.76833333,130.7666667
2016/4/16,4:20:37,熊本県阿蘇地方,33°01.3′N,131°08.3′E,8 km,3,震度１,33.02166667,131.1383333
2016/4/16,4:20:57,熊本県熊本地方,32°35.9′N,130°39.3′E,8 km,2,震度１,32.59833333,130.655
2016/4/16,4:21:19,大分県中部,33°15.8′N,131°21.8′E,11 km,3,震度２,33.26333333,131.3633333
2016/4/16,4:21:34,熊本県阿蘇地方,32°58.5′N,131°04.7′E,11 km,2.6,震度１,32.975,131.0783333
2016/4/16,4:21:51,熊本県熊本地方,32°40.9′N,130°44.4′E,12 km,2.3,震度１,32.68166667,130.74
2016/4/16,4:22:16,熊本県熊本地方,32°49.1′N,130°49.5′E,12 km,2.6,震度１,32.81833333,130.825
2016/4/16,4:23:18,熊本県阿蘇地方,33°02.1′N,131°11.8′E,10 km,4.2,震度４,33.035,131.1966667
2016/4/16,4:24:06,熊本県熊本地方,32°50.9′N,130°53.0′E,9 km,3.1,震度２,32.84833333,130.8833333
2016/4/16,4:24:26,熊本県阿蘇地方,32°58.8′N,131°04.4′E,12 km,4.6,震度４,32.98,131.0733333
2016/4/16,4:26:49,大分県中部,33°18.1′N,131°26.6′E,4 km,2.7,震度２,33.30166667,131.4433333
2016/4/16,4:27:15,熊本県阿蘇地方,32°57.8′N,131°06.0′E,9 km,2.6,震度１,32.96333333,131.1
2016/4/16,4:27:33,大分県中部,33°17.7′N,131°22.1′E,9 km,2.5,震度１,33.295,131.3683333
2016/4/16,4:27:35,熊本県熊本地方,32°50.9′N,130°53.6′E,9 km,2.4,震度１,32.84833333,130.8933333
2016/4/16,4:27:47,熊本県阿蘇地方,33°01.8′N,131°11.0′E,6 km,2.3,震度１,33.03,131.1833333
2016/4/16,4:28:35,熊本県熊本地方,32°38.9′N,130°43.6′E,9 km,3.9,震度３,32.64833333,130.7266667
2016/4/16,4:29:07,熊本県熊本地方,32°40.3′N,130°43.4′E,9 km,3.2,震度３,32.67166667,130.7233333
2016/4/16,4:29:24,熊本県熊本地方,32°41.2′N,130°45.1′E,7 km,2.8,震度２,32.68666667,130.7516667
2016/4/16,4:29:37,熊本県阿蘇地方,32°55.5′N,131°04.0′E,9 km,3.3,震度３,32.925,131.0666667
2016/4/16,4:29:47,大分県中部,33°16.3′N,131°20.2′E,8 km,2.3,震度１,33.27166667,131.3366667
2016/4/16,4:29:57,熊本県熊本地方,32°50.0′N,130°50.0′E,9 km,2.5,震度１,32.83333333,130.8333333
2016/4/16,4:30:35,大分県中部,33°18.0′N,131°30.2′E,8 km,3.4,震度２,33.3,131.5033333
2016/4/16,4:30:47,熊本県阿蘇地方,32°58.6′N,131°05.4′E,13 km,2.5,震度１,32.97666667,131.09
2016/4/16,4:31:15,熊本県阿蘇地方,32°59.0′N,131°06.8′E,10 km,2.4,震度１,32.98333333,131.1133333
2016/4/16,4:32:19,熊本県熊本地方,32°47.3′N,130°46.1′E,16 km,3.3,震度２,32.78833333,130.7683333
2016/4/16,4:33:24,熊本県阿蘇地方,32°58.8′N,131°06.1′E,11 km,2.8,震度１,32.98,131.1016667
2016/4/16,4:34:20,熊本県阿蘇地方,32°58.8′N,131°04.4′E,12 km,3,震度１,32.98,131.0733333
2016/4/16,4:34:24,熊本県熊本地方,32°47.9′N,130°50.7′E,6 km,3.4,震度３,32.79833333,130.845
2016/4/16,4:34:47,熊本県阿蘇地方,33°01.8′N,131°11.1′E,12 km,3.6,震度２,33.03,131.185
2016/4/16,4:35:12,熊本県阿蘇地方,33°01.8′N,131°11.7′E,12 km,3.1,震度１,33.03,131.195
2016/4/16,4:35:53,熊本県熊本地方,32°43.8′N,130°46.7′E,10 km,2.8,震度１,32.73,130.7783333
2016/4/16,4:36:16,熊本県熊本地方,32°41.0′N,130°43.7′E,12 km,2.5,震度１,32.68333333,130.7283333
2016/4/16,4:36:41,熊本県熊本地方,32°52.0′N,130°53.3′E,11 km,2,震度１,32.86666667,130.8883333
2016/4/16,4:37:17,熊本県阿蘇地方,32°57.9′N,131°05.9′E,4 km,2.5,震度２,32.965,131.0983333
2016/4/16,4:37:19,熊本県熊本地方,32°44.9′N,130°44.2′E,12 km,2.6,震度２,32.74833333,130.7366667
2016/4/16,4:37:48,熊本県阿蘇地方,33°03.6′N,131°08.6′E,11 km,2.9,震度１,33.06,131.1433333
2016/4/16,4:38:58,大分県中部,33°16.1′N,131°23.7′E,5 km,2.4,震度２,33.26833333,131.395
2016/4/16,4:40:03,熊本県阿蘇地方,32°58.7′N,131°03.7′E,11 km,2.1,震度１,32.97833333,131.0616667
2016/4/16,4:40:29,大分県中部,33°16.7′N,131°20.7′E,6 km,2.2,震度２,33.27833333,131.345
2016/4/16,4:40:33,熊本県熊本地方,32°44.0′N,130°37.0′E,7 km,2.8,震度２,32.73333333,130.6166667
2016/4/16,4:40:43,大分県中部,33°18.9′N,131°28.2′E,4 km,1.8,震度２,33.315,131.47
2016/4/16,4:42:05,熊本県熊本地方,32°41.5′N,130°44.3′E,13 km,3.4,震度２,32.69166667,130.7383333
2016/4/16,4:42:23,熊本県熊本地方,32°50.1′N,130°53.3′E,10 km,3,震度２,32.835,130.8883333
2016/4/16,4:42:34,大分県中部,33°16.3′N,131°21.3′E,9 km,2.3,震度１,33.27166667,131.355
2016/4/16,4:43:22,熊本県阿蘇地方,33°01.3′N,131°11.1′E,13 km,3,震度１,33.02166667,131.185
2016/4/16,4:43:56,熊本県熊本地方,32°39.2′N,130°42.9′E,13 km,3.3,震度２,32.65333333,130.715
2016/4/16,4:44:23,熊本県熊本地方,32°47.6′N,130°43.9′E,9 km,1.9,震度２,32.79333333,130.7316667
2016/4/16,4:44:33,大分県中部,33°16.9′N,131°19.4′E,8 km,1.9,震度１,33.28166667,131.3233333
2016/4/16,4:44:51,大分県中部,33°16.0′N,131°22.1′E,11 km,2.2,震度１,33.26666667,131.3683333
2016/4/16,4:45:26,熊本県阿蘇地方,33°00.3′N,131°12.5′E,6 km,3,震度３,33.005,131.2083333
2016/4/16,4:46:57,熊本県阿蘇地方,32°58.8′N,131°03.1′E,9 km,3,震度２,32.98,131.0516667
2016/4/16,4:46:58,熊本県熊本地方,32°40.1′N,130°42.8′E,6 km,2.6,震度２,32.66833333,130.7133333
2016/4/16,4:47:07,熊本県阿蘇地方,33°06.7′N,131°09.7′E,9 km,3.1,震度１,33.11166667,131.1616667
2016/4/16,4:48:54,熊本県阿蘇地方,33°01.7′N,131°11.1′E,9 km,3.2,震度２,33.02833333,131.185
2016/4/16,4:49:46,熊本県熊本地方,32°40.4′N,130°42.6′E,12 km,2.6,震度１,32.67333333,130.71
2016/4/16,4:50:03,熊本県阿蘇地方,33°04.0′N,131°07.6′E,9 km,2.5,震度１,33.06666667,131.1266667
2016/4/16,4:50:31,熊本県阿蘇地方,33°00.5′N,131°08.2′E,11 km,2.4,震度１,33.00833333,131.1366667
2016/4/16,4:50:39,大分県中部,33°18.0′N,131°29.7′E,4 km,1.8,震度１,33.3,131.495
2016/4/16,4:51:25,熊本県熊本地方,32°45.2′N,130°45.1′E,14 km,4.3,震度４,32.75333333,130.7516667
2016/4/16,4:52:07,熊本県熊本地方,32°43.0′N,130°43.6′E,18 km,3.3,震度２,32.71666667,130.7266667
2016/4/16,4:52:33,熊本県熊本地方,32°47.9′N,130°49.4′E,10 km,3,震度２,32.79833333,130.8233333
2016/4/16,4:53:22,熊本県熊本地方,32°52.2′N,130°52.5′E,12 km,2.1,震度１,32.87,130.875
2016/4/16,4:53:23,大分県中部,33°15.7′N,131°20.4′E,8 km,2,震度１,33.26166667,131.34
2016/4/16,4:53:50,熊本県阿蘇地方,32°58.4′N,131°04.8′E,11 km,2.7,震度２,32.97333333,131.08
2016/4/16,4:54:31,熊本県熊本地方,32°40.9′N,130°40.8′E,7 km,2.5,震度１,32.68166667,130.68
2016/4/16,4:54:32,熊本県阿蘇地方,33°01.0′N,131°05.9′E,10 km,2.4,震度２,33.01666667,131.0983333
2016/4/16,4:54:48,熊本県阿蘇地方,33°01.9′N,131°11.8′E,12 km,2.6,震度１,33.03166667,131.1966667
2016/4/16,4:55:11,熊本県阿蘇地方,32°58.3′N,131°04.9′E,10 km,2.1,震度２,32.97166667,131.0816667
2016/4/16,4:55:47,大分県中部,33°17.4′N,131°22.1′E,9 km,2.7,震度１,33.29,131.3683333
2016/4/16,4:56:14,熊本県熊本地方,32°46.1′N,130°45.1′E,14 km,2.5,震度１,32.76833333,130.7516667
2016/4/16,4:57:54,熊本県阿蘇地方,33°01.3′N,131°09.9′E,12 km,3.6,震度３,33.02166667,131.165
2016/4/16,4:58:35,熊本県阿蘇地方,32°57.7′N,131°02.5′E,10 km,2.2,震度１,32.96166667,131.0416667
2016/4/16,4:58:43,熊本県熊本地方,32°40.3′N,130°42.9′E,13 km,2.4,震度１,32.67166667,130.715
2016/4/16,4:58:45,熊本県阿蘇地方,32°59.2′N,131°05.9′E,12 km,3.3,震度２,32.98666667,131.0983333
2016/4/16,4:58:54,大分県西部,33°12.2′N,131°16.7′E,10 km,2.9,震度１,33.20333333,131.2783333
2016/4/16,4:58:55,熊本県熊本地方,32°44.6′N,130°45.6′E,16 km,3.2,震度２,32.74333333,130.76
2016/4/16,4:59:53,熊本県阿蘇地方,32°58.2′N,131°05.7′E,10 km,2.5,震度１,32.97,131.095
2016/4/16,5:00:05,大分県中部,33°17.4′N,131°28.4′E,2 km,1.8,震度２,33.29,131.4733333
2016/4/16,5:01:14,大分県中部,33°18.6′N,131°27.4′E,7 km,1.5,震度１,33.31,131.4566667
2016/4/16,5:01:40,熊本県阿蘇地方,32°58.5′N,131°05.0′E,12 km,3.3,震度３,32.975,131.0833333
2016/4/16,5:03:06,熊本県熊本地方,32°44.6′N,130°46.7′E,10 km,2.9,震度１,32.74333333,130.7783333
2016/4/16,5:03:12,伊予灘,33°20.4′N,131°32.6′E,4 km,1.8,震度１,33.34,131.5433333
2016/4/16,5:04:16,熊本県熊本地方,32°42.7′N,130°47.5′E,8 km,2.8,震度１,32.71166667,130.7916667
2016/4/16,5:05:20,熊本県熊本地方,32°41.3′N,130°49.5′E,5 km,2.1,震度１,32.68833333,130.825
2016/4/16,5:05:26,熊本県熊本地方,32°51.8′N,130°52.7′E,12 km,2.5,震度１,32.86333333,130.8783333
2016/4/16,5:05:53,熊本県熊本地方,32°40.1′N,130°43.2′E,12 km,2.9,震度２,32.66833333,130.72
2016/4/16,5:06:16,大分県中部,33°16.5′N,131°21.2′E,6 km,2.5,震度２,33.275,131.3533333
2016/4/16,5:06:49,熊本県熊本地方,32°51.7′N,130°54.0′E,11 km,2.3,震度１,32.86166667,130.9
2016/4/16,5:06:58,熊本県阿蘇地方,32°59.2′N,131°05.9′E,12 km,2.7,震度１,32.98666667,131.0983333
2016/4/16,5:07:50,熊本県熊本地方,32°44.8′N,130°45.5′E,14 km,3,震度１,32.74666667,130.7583333
2016/4/16,5:07:59,熊本県阿蘇地方,32°57.8′N,131°03.9′E,10 km,3.3,震度２,32.96333333,131.065
2016/4/16,5:09:30,熊本県熊本地方,32°50.0′N,130°49.2′E,14 km,2.4,震度１,32.83333333,130.82
2016/4/16,5:09:39,大分県中部,33°15.8′N,131°21.4′E,8 km,2,震度１,33.26333333,131.3566667
2016/4/16,5:09:56,熊本県熊本地方,32°41.1′N,130°41.0′E,10 km,2.5,震度１,32.685,130.6833333
2016/4/16,5:11:14,熊本県熊本地方,32°49.9′N,130°50.7′E,11 km,2.5,震度１,32.83166667,130.845
2016/4/16,5:11:59,熊本県阿蘇地方,33°07.7′N,131°10.4′E,8 km,3.6,震度２,33.12833333,131.1733333
2016/4/16,5:12:41,熊本県熊本地方,32°47.5′N,130°46.4′E,15 km,3.4,震度２,32.79166667,130.7733333
2016/4/16,5:14:58,熊本県熊本地方,32°39.0′N,130°43.1′E,6 km,3.4,震度３,32.65,130.7183333
2016/4/16,5:15:30,大分県中部,33°14.9′N,131°22.4′E,9 km,3.2,震度２,33.24833333,131.3733333
2016/4/16,5:16:12,大分県中部,33°18.0′N,131°28.2′E,5 km,1.5,震度１,33.3,131.47
2016/4/16,5:16:13,熊本県阿蘇地方,32°58.9′N,131°06.9′E,9 km,2.7,震度１,32.98166667,131.115
2016/4/16,5:16:42,熊本県阿蘇地方,33°01.9′N,131°11.4′E,7 km,3.5,震度３,33.03166667,131.19
2016/4/16,5:17:21,大分県中部,33°16.5′N,131°22.4′E,9 km,3,震度２,33.275,131.3733333
2016/4/16,5:19:03,熊本県熊本地方,32°51.4′N,130°52.4′E,14 km,2.4,震度２,32.85666667,130.8733333
2016/4/16,5:19:22,熊本県阿蘇地方,33°07.3′N,131°10.0′E,8 km,3.1,震度１,33.12166667,131.1666667
2016/4/16,5:20:41,熊本県熊本地方,32°47.0′N,130°46.6′E,12 km,2.8,震度２,32.78333333,130.7766667
2016/4/16,5:20:48,大分県中部,33°17.8′N,131°29.2′E,7 km,3.3,震度３,33.29666667,131.4866667
2016/4/16,5:20:55,熊本県阿蘇地方,32°54.1′N,131°01.7′E,11 km,2.5,震度２,32.90166667,131.0283333
2016/4/16,5:22:37,熊本県熊本地方,32°39.8′N,130°43.3′E,8 km,3.3,震度４,32.66333333,130.7216667
2016/4/16,5:22:56,大分県中部,33°17.7′N,131°28.4′E,5 km,2,震度１,33.295,131.4733333
2016/4/16,5:23:48,熊本県熊本地方,32°47.2′N,130°46.4′E,12 km,3.6,震度３,32.78666667,130.7733333
2016/4/16,5:23:51,大分県中部,33°19.4′N,131°27.9′E,3 km,1.1,震度１,33.32333333,131.465
2016/4/16,5:25:42,熊本県熊本地方,32°39.6′N,130°42.8′E,8 km,2.9,震度２,32.66,130.7133333
2016/4/16,5:25:57,熊本県阿蘇地方,32°57.3′N,131°05.3′E,9 km,3,震度２,32.955,131.0883333
2016/4/16,5:27:24,熊本県熊本地方,32°45.1′N,130°45.4′E,14 km,3.6,震度２,32.75166667,130.7566667
2016/4/16,5:28:53,大分県中部,33°16.8′N,131°20.9′E,8 km,2.4,震度２,33.28,131.3483333
2016/4/16,5:29:10,熊本県阿蘇地方,32°58.1′N,131°07.1′E,11 km,2.6,震度２,32.96833333,131.1183333
2016/4/16,5:29:34,熊本県熊本地方,32°44.5′N,130°40.0′E,13 km,2.2,震度１,32.74166667,130.6666667
2016/4/16,5:29:52,大分県中部,33°16.2′N,131°22.5′E,7 km,2.2,震度１,33.27,131.375
2016/4/16,5:29:54,熊本県熊本地方,32°45.2′N,130°48.0′E,5 km,2.2,震度１,32.75333333,130.8
2016/4/16,5:30:56,熊本県熊本地方,32°50.1′N,130°51.7′E,13 km,2.4,震度１,32.835,130.8616667
2016/4/16,5:31:45,熊本県熊本地方,32°49.6′N,130°48.3′E,15 km,2.8,震度２,32.82666667,130.805
2016/4/16,5:33:16,熊本県阿蘇地方,33°07.6′N,131°10.3′E,8 km,2.9,震度１,33.12666667,131.1716667
2016/4/16,5:34:14,熊本県熊本地方,32°32.5′N,130°42.6′E,6 km,4.2,震度４,32.54166667,130.71
2016/4/16,5:36:07,熊本県阿蘇地方,32°57.2′N,131°04.6′E,9 km,2.3,震度１,32.95333333,131.0766667
2016/4/16,5:36:17,熊本県熊本地方,32°42.7′N,130°46.8′E,9 km,2.8,震度２,32.71166667,130.78
2016/4/16,5:36:55,熊本県熊本地方,32°52.2′N,130°50.5′E,15 km,2.5,震度２,32.87,130.8416667
2016/4/16,5:37:03,大分県中部,33°19.0′N,131°28.4′E,3 km,1.6,震度１,33.31666667,131.4733333
2016/4/16,5:37:26,熊本県阿蘇地方,33°00.0′N,131°06.8′E,10 km,3.1,震度２,33,131.1133333
2016/4/16,5:37:36,熊本県熊本地方,32°42.9′N,130°46.7′E,9 km,3.2,震度３,32.715,130.7783333
2016/4/16,5:39:00,大分県中部,33°17.5′N,131°23.0′E,7 km,2.1,震度１,33.29166667,131.3833333
2016/4/16,5:39:27,熊本県熊本地方,32°48.1′N,130°43.5′E,2 km,1.7,震度２,32.80166667,130.725
2016/4/16,5:40:43,熊本県阿蘇地方,32°59.9′N,131°06.6′E,10 km,2.7,震度２,32.99833333,131.11
2016/4/16,5:41:28,大分県中部,33°15.4′N,131°21.3′E,9 km,2.5,震度２,33.25666667,131.355
2016/4/16,5:42:59,熊本県阿蘇地方,32°58.1′N,131°00.7′E,11 km,2.4,震度１,32.96833333,131.0116667
2016/4/16,5:43:23,熊本県熊本地方,32°46.5′N,130°46.5′E,11 km,3.4,震度３,32.775,130.775
2016/4/16,5:44:49,熊本県熊本地方,32°43.1′N,130°46.0′E,9 km,2.6,震度１,32.71833333,130.7666667
2016/4/16,5:48:02,熊本県熊本地方,32°51.7′N,130°54.7′E,12 km,2.5,震度１,32.86166667,130.9116667
2016/4/16,5:49:28,大分県中部,33°14.6′N,131°20.1′E,10 km,2,震度１,33.24333333,131.335
2016/4/16,5:49:38,熊本県熊本地方,32°42.9′N,130°46.4′E,13 km,3.5,震度２,32.715,130.7733333
2016/4/16,5:50:46,熊本県熊本地方,32°38.4′N,130°43.3′E,4 km,1.5,震度１,32.64,130.7216667
2016/4/16,5:52:51,熊本県阿蘇地方,33°00.8′N,131°09.2′E,9 km,4.2,震度３,33.01333333,131.1533333
2016/4/16,5:54:14,大分県中部,33°14.6′N,131°23.2′E,10 km,3.3,震度２,33.24333333,131.3866667
2016/4/16,5:55:13,熊本県阿蘇地方,32°57.9′N,131°06.4′E,9 km,2.6,震度１,32.965,131.1066667
2016/4/16,5:55:21,大分県中部,33°15.6′N,131°22.2′E,10 km,2.7,震度１,33.26,131.37
2016/4/16,5:56:42,大分県中部,33°16.7′N,131°23.0′E,7 km,2.9,震度３,33.27833333,131.3833333
2016/4/16,5:57:03,熊本県阿蘇地方,33°02.0′N,131°12.0′E,10 km,2.7,震度１,33.03333333,131.2
2016/4/16,5:57:35,熊本県熊本地方,32°38.9′N,130°44.1′E,9 km,3.3,震度３,32.64833333,130.735
2016/4/16,5:58:27,大分県中部,33°15.4′N,131°22.5′E,9 km,2.9,震度２,33.25666667,131.375
2016/4/16,5:58:44,熊本県熊本地方,32°40.6′N,130°44.1′E,11 km,2.7,震度２,32.67666667,130.735
2016/4/16,5:58:57,熊本県阿蘇地方,32°57.0′N,131°05.0′E,9 km,2.6,震度１,32.95,131.0833333
2016/4/16,5:59:45,熊本県阿蘇地方,33°01.3′N,131°10.3′E,6 km,2.2,震度１,33.02166667,131.1716667
2016/4/16,6:00:38,大分県中部,33°16.6′N,131°20.7′E,7 km,1.8,震度２,33.27666667,131.345
2016/4/16,6:02:52,熊本県阿蘇地方,32°57.6′N,131°06.6′E,9 km,3.9,震度３,32.96,131.11
2016/4/16,6:03:40,大分県中部,33°17.0′N,131°20.4′E,7 km,3,震度３,33.28333333,131.34
2016/4/16,6:04:45,熊本県阿蘇地方,32°58.0′N,131°06.1′E,10 km,2.3,震度１,32.96666667,131.1016667
2016/4/16,6:04:57,大分県中部,33°15.6′N,131°19.9′E,7 km,2,震度１,33.26,131.3316667
2016/4/16,6:05:08,熊本県熊本地方,32°39.7′N,130°42.9′E,6 km,2,震度１,32.66166667,130.715
2016/4/16,6:06:23,大分県中部,33°14.4′N,131°23.1′E,9 km,2.2,震度１,33.24,131.385
2016/4/16,6:09:08,熊本県熊本地方,32°40.9′N,130°42.9′E,12 km,2.5,震度１,32.68166667,130.715
2016/4/16,6:09:55,熊本県阿蘇地方,32°57.8′N,131°05.3′E,10 km,2.4,震度２,32.96333333,131.0883333
2016/4/16,6:10:33,熊本県熊本地方,32°46.7′N,130°46.6′E,12 km,2.5,震度１,32.77833333,130.7766667
2016/4/16,6:10:47,熊本県阿蘇地方,32°55.6′N,131°04.2′E,10 km,1.6,震度１,32.92666667,131.07
2016/4/16,6:11:28,熊本県阿蘇地方,33°03.9′N,131°08.7′E,12 km,4.1,震度４,33.065,131.145
2016/4/16,6:12:42,熊本県阿蘇地方,32°56.0′N,131°03.2′E,8 km,2.9,震度２,32.93333333,131.0533333
2016/4/16,6:12:55,熊本県熊本地方,32°42.2′N,130°46.9′E,8 km,3.2,震度２,32.70333333,130.7816667
2016/4/16,6:13:39,熊本県阿蘇地方,33°04.0′N,131°08.5′E,11 km,2.6,震度１,33.06666667,131.1416667
2016/4/16,6:14:00,熊本県熊本地方,32°50.6′N,130°52.2′E,13 km,2.6,震度２,32.84333333,130.87
2016/4/16,6:14:35,熊本県阿蘇地方,33°03.9′N,131°08.9′E,12 km,2.9,震度１,33.065,131.1483333
2016/4/16,6:14:56,熊本県熊本地方,32°47.9′N,130°46.7′E,16 km,3.7,震度３,32.79833333,130.7783333
2016/4/16,6:17:02,熊本県熊本地方,32°42.7′N,130°45.5′E,12 km,2.9,震度１,32.71166667,130.7583333
2016/4/16,6:18:31,熊本県熊本地方,32°43.8′N,130°46.0′E,11 km,2.6,震度１,32.73,130.7666667
2016/4/16,6:18:44,熊本県阿蘇地方,32°56.6′N,131°04.2′E,11 km,2.4,震度１,32.94333333,131.07
2016/4/16,6:20:00,熊本県阿蘇地方,33°00.4′N,131°08.4′E,13 km,2.9,震度１,33.00666667,131.14
2016/4/16,6:20:12,熊本県熊本地方,32°45.2′N,130°44.7′E,10 km,3,震度２,32.75333333,130.745
2016/4/16,6:21:29,大分県中部,33°16.1′N,131°21.0′E,8 km,2.6,震度２,33.26833333,131.35
2016/4/16,6:22:30,大分県中部,33°15.4′N,131°22.2′E,9 km,2.7,震度１,33.25666667,131.37
2016/4/16,6:22:47,熊本県熊本地方,32°50.8′N,130°50.2′E,11 km,2.8,震度２,32.84666667,130.8366667
2016/4/16,6:24:03,熊本県阿蘇地方,32°59.2′N,131°04.2′E,11 km,3.2,震度２,32.98666667,131.07
2016/4/16,6:25:12,大分県中部,33°17.1′N,131°21.2′E,8 km,2.6,震度２,33.285,131.3533333
2016/4/16,6:26:17,熊本県熊本地方,32°40.7′N,130°44.1′E,10 km,2.5,震度１,32.67833333,130.735
2016/4/16,6:26:52,熊本県熊本地方,32°42.1′N,130°44.5′E,13 km,2.9,震度１,32.70166667,130.7416667
2016/4/16,6:27:24,熊本県熊本地方,32°40.4′N,130°44.1′E,10 km,2.7,震度２,32.67333333,130.735
2016/4/16,6:28:31,熊本県阿蘇地方,33°01.4′N,131°11.1′E,8 km,2.3,震度１,33.02333333,131.185
2016/4/16,6:28:43,熊本県熊本地方,32°47.8′N,130°48.5′E,13 km,3.1,震度１,32.79666667,130.8083333
2016/4/16,6:29:52,熊本県熊本地方,32°46.2′N,130°43.9′E,10 km,1.6,震度１,32.77,130.7316667
2016/4/16,6:30:03,大分県中部,33°17.1′N,131°27.3′E,9 km,1.4,震度１,33.285,131.455
2016/4/16,6:31:02,熊本県阿蘇地方,33°07.2′N,131°10.7′E,10 km,3.4,震度２,33.12,131.1783333
2016/4/16,6:32:09,熊本県熊本地方,32°40.8′N,130°44.8′E,12 km,2.9,震度１,32.68,130.7466667
2016/4/16,6:32:24,熊本県熊本地方,32°50.4′N,130°52.2′E,12 km,2.7,震度２,32.84,130.87
2016/4/16,6:32:36,熊本県阿蘇地方,32°59.4′N,131°04.3′E,12 km,2.5,震度１,32.99,131.0716667
2016/4/16,6:33:06,熊本県熊本地方,32°42.3′N,130°45.9′E,9 km,2.3,震度１,32.705,130.765
2016/4/16,6:33:41,熊本県熊本地方,32°51.8′N,130°51.0′E,13 km,2.2,震度１,32.86333333,130.85
2016/4/16,6:34:27,熊本県熊本地方,32°39.9′N,130°43.4′E,12 km,3.4,震度３,32.665,130.7233333
2016/4/16,6:35:04,大分県中部,33°17.1′N,131°24.4′E,7 km,2.7,震度１,33.285,131.4066667
2016/4/16,6:35:47,熊本県熊本地方,32°46.7′N,130°44.3′E,13 km,2.1,震度１,32.77833333,130.7383333
2016/4/16,6:35:57,熊本県阿蘇地方,32°57.1′N,131°04.0′E,10 km,2.4,震度１,32.95166667,131.0666667
2016/4/16,6:37:02,熊本県熊本地方,32°50.1′N,130°51.7′E,11 km,2.5,震度１,32.835,130.8616667
2016/4/16,6:37:23,大分県中部,33°17.8′N,131°29.9′E,6 km,2,震度１,33.29666667,131.4983333
2016/4/16,6:39:01,熊本県熊本地方,32°40.5′N,130°43.2′E,10 km,2.1,震度１,32.675,130.72
2016/4/16,6:39:48,熊本県熊本地方,32°38.6′N,130°42.4′E,3 km,1.5,震度１,32.64333333,130.7066667
2016/4/16,6:39:59,熊本県阿蘇地方,32°59.7′N,131°05.7′E,9 km,4.5,震度３,32.995,131.095
2016/4/16,6:41:17,熊本県熊本地方,32°43.5′N,130°46.9′E,8 km,2.4,震度１,32.725,130.7816667
2016/4/16,6:42:44,熊本県熊本地方,32°38.9′N,130°41.1′E,5 km,2,震度１,32.64833333,130.685
2016/4/16,6:43:26,熊本県熊本地方,32°51.8′N,130°51.1′E,12 km,2.5,震度２,32.86333333,130.8516667
2016/4/16,6:44:14,熊本県阿蘇地方,33°00.0′N,131°06.5′E,8 km,3.3,震度２,33,131.1083333
2016/4/16,6:44:58,大分県中部,33°15.1′N,131°22.3′E,8 km,2.1,震度１,33.25166667,131.3716667
2016/4/16,6:45:50,大分県中部,33°17.7′N,131°28.6′E,7 km,2.4,震度１,33.295,131.4766667
2016/4/16,6:46:18,熊本県阿蘇地方,32°58.7′N,131°04.6′E,9 km,2.4,震度１,32.97833333,131.0766667
2016/4/16,6:50:20,大分県中部,33°16.5′N,131°22.4′E,8 km,2.7,震度２,33.275,131.3733333
2016/4/16,6:51:30,大分県中部,33°16.2′N,131°21.8′E,9 km,3.2,震度３,33.27,131.3633333
2016/4/16,6:52:44,熊本県熊本地方,32°39.0′N,130°43.9′E,4 km,2.1,震度２,32.65,130.7316667
2016/4/16,6:53:05,熊本県阿蘇地方,32°54.9′N,131°04.7′E,8 km,1.5,震度１,32.915,131.0783333
2016/4/16,6:54:22,熊本県阿蘇地方,32°57.1′N,131°03.5′E,10 km,2.4,震度１,32.95166667,131.0583333
2016/4/16,6:54:36,大分県中部,33°16.4′N,131°22.0′E,7 km,2.6,震度２,33.27333333,131.3666667
2016/4/16,6:54:59,大分県中部,33°17.7′N,131°28.4′E,7 km,1.4,震度１,33.295,131.4733333
2016/4/16,6:55:39,熊本県阿蘇地方,32°59.2′N,131°05.4′E,10 km,2.8,震度２,32.98666667,131.09
2016/4/16,6:56:14,大分県中部,33°16.5′N,131°23.0′E,8 km,2.4,震度１,33.275,131.3833333
2016/4/16,6:57:39,大分県中部,33°15.9′N,131°19.8′E,10 km,2.8,震度１,33.265,131.33
2016/4/16,6:57:43,大分県西部,33°07.8′N,131°11.2′E,10 km,3.3,震度１,33.13,131.1866667
2016/4/16,6:58:48,熊本県阿蘇地方,32°58.7′N,131°06.1′E,8 km,2.1,震度１,32.97833333,131.1016667
2016/4/16,6:59:19,大分県中部,33°17.2′N,131°26.3′E,2 km,1.8,震度１,33.28666667,131.4383333
2016/4/16,6:59:57,熊本県阿蘇地方,32°57.2′N,131°03.1′E,9 km,2,震度１,32.95333333,131.0516667
2016/4/16,7:00:29,熊本県熊本地方,32°43.1′N,130°45.2′E,13 km,2.4,震度１,32.71833333,130.7533333
2016/4/16,7:01:21,熊本県阿蘇地方,32°58.6′N,131°06.5′E,11 km,3.8,震度３,32.97666667,131.1083333
2016/4/16,7:02:26,熊本県阿蘇地方,32°59.4′N,131°05.3′E,9 km,2.1,震度１,32.99,131.0883333
2016/4/16,7:03:07,大分県中部,33°15.5′N,131°20.6′E,10 km,2.2,震度１,33.25833333,131.3433333
2016/4/16,7:03:07,熊本県熊本地方,32°46.2′N,130°46.4′E,15 km,3,震度２,32.77,130.7733333
2016/4/16,7:04:25,熊本県熊本地方,32°40.8′N,130°44.8′E,11 km,3.1,震度２,32.68,130.7466667
2016/4/16,7:04:27,大分県中部,33°17.8′N,131°29.3′E,6 km,3.1,震度２,33.29666667,131.4883333
2016/4/16,7:05:45,大分県中部,33°17.4′N,131°28.5′E,6 km,1.5,震度１,33.29,131.475
2016/4/16,7:06:14,熊本県阿蘇地方,32°57.2′N,131°07.1′E,10 km,3.5,震度３,32.95333333,131.1183333
2016/4/16,7:06:45,熊本県熊本地方,32°40.7′N,130°43.2′E,13 km,2.7,震度１,32.67833333,130.72
2016/4/16,7:07:42,大分県中部,33°17.6′N,131°28.5′E,7 km,1.7,震度１,33.29333333,131.475
2016/4/16,7:07:46,熊本県阿蘇地方,33°03.6′N,131°09.0′E,11 km,2.8,震度１,33.06,131.15
2016/4/16,7:08:31,熊本県熊本地方,32°41.3′N,130°42.9′E,14 km,3,震度２,32.68833333,130.715
2016/4/16,7:09:49,熊本県阿蘇地方,32°58.1′N,131°04.5′E,10 km,2.7,震度１,32.96833333,131.075
2016/4/16,7:10:02,大分県中部,33°15.6′N,131°22.2′E,8 km,2.6,震度３,33.26,131.37
2016/4/16,7:10:25,熊本県熊本地方,32°41.9′N,130°42.6′E,17 km,3.1,震度２,32.69833333,130.71
2016/4/16,7:11:37,大分県中部,33°16.2′N,131°23.7′E,6 km,5.4,震度５弱,33.27,131.395
2016/4/16,7:12:46,熊本県阿蘇地方,32°56.3′N,131°06.5′E,10 km,2.8,震度２,32.93833333,131.1083333
2016/4/16,7:13:09,大分県中部,33°15.9′N,131°22.8′E,10 km,2.9,震度３,33.265,131.38
2016/4/16,7:13:12,熊本県熊本地方,32°41.0′N,130°42.9′E,11 km,2.4,震度１,32.68333333,130.715
2016/4/16,7:13:30,熊本県熊本地方,32°27.5′N,130°36.6′E,11 km,3.2,震度１,32.45833333,130.61
2016/4/16,7:14:00,大分県中部,33°16.9′N,131°24.7′E,8 km,2.8,震度１,33.28166667,131.4116667
2016/4/16,7:14:35,熊本県熊本地方,32°41.1′N,130°45.0′E,11 km,2.3,震度１,32.685,130.75
2016/4/16,7:14:42,大分県中部,33°17.8′N,131°28.6′E,3 km,2.7,震度３,33.29666667,131.4766667
2016/4/16,7:15:22,熊本県阿蘇地方,33°02.6′N,131°12.5′E,7 km,2.5,震度１,33.04333333,131.2083333
2016/4/16,7:15:34,大分県中部,33°16.9′N,131°25.0′E,7 km,3.2,震度３,33.28166667,131.4166667
2016/4/16,7:16:07,熊本県熊本地方,32°44.3′N,130°41.5′E,9 km,1.8,震度１,32.73833333,130.6916667
2016/4/16,7:16:07,大分県中部,33°16.7′N,131°21.3′E,9 km,2.5,震度１,33.27833333,131.355
2016/4/16,7:16:49,熊本県熊本地方,32°46.9′N,130°46.8′E,13 km,2.7,震度１,32.78166667,130.78
2016/4/16,7:16:54,大分県中部,33°16.2′N,131°22.8′E,6 km,2.1,震度１,33.27,131.38
2016/4/16,7:17:34,大分県中部,33°16.9′N,131°26.0′E,6 km,2.7,震度１,33.28166667,131.4333333
2016/4/16,7:18:15,大分県中部,33°16.8′N,131°24.9′E,9 km,2.2,震度１,33.28,131.415
2016/4/16,7:21:37,大分県中部,33°17.8′N,131°27.7′E,4 km,3.2,震度３,33.29666667,131.4616667
2016/4/16,7:21:57,熊本県熊本地方,32°46.8′N,130°45.2′E,14 km,2.4,震度１,32.78,130.7533333
2016/4/16,7:22:23,大分県中部,33°17.7′N,131°27.1′E,4 km,3.2,震度３,33.295,131.4516667
2016/4/16,7:22:54,大分県中部,33°16.8′N,131°25.4′E,3 km,3.1,震度２,33.28,131.4233333
2016/4/16,7:23:54,熊本県熊本地方,32°47.2′N,130°46.4′E,12 km,4.8,震度５弱,32.78666667,130.7733333
2016/4/16,7:25:08,大分県中部,33°16.8′N,131°25.4′E,5 km,2.7,震度１,33.28,131.4233333
2016/4/16,7:25:11,熊本県阿蘇地方,32°55.5′N,131°02.7′E,6 km,2.4,震度１,32.925,131.045
2016/4/16,7:25:15,熊本県熊本地方,32°39.7′N,130°43.4′E,7 km,,震度３,32.66166667,130.7233333
2016/4/16,7:25:45,熊本県熊本地方,32°42.8′N,130°44.2′E,13 km,2.8,震度３,32.71333333,130.7366667
2016/4/16,7:26:19,熊本県阿蘇地方,33°00.0′N,131°13.3′E,7 km,2.6,震度２,33,131.2216667
2016/4/16,7:27:32,大分県中部,33°17.2′N,131°26.3′E,6 km,2.9,震度３,33.28666667,131.4383333
2016/4/16,7:28:07,熊本県熊本地方,32°39.1′N,130°42.8′E,6 km,2.9,震度２,32.65166667,130.7133333
2016/4/16,7:28:17,大分県中部,33°16.0′N,131°20.6′E,8 km,2.8,震度２,33.26666667,131.3433333
2016/4/16,7:29:05,熊本県阿蘇地方,33°07.8′N,131°10.3′E,7 km,2.7,震度１,33.13,131.1716667
2016/4/16,7:29:55,大分県中部,33°16.9′N,131°25.9′E,4 km,3.4,震度３,33.28166667,131.4316667
2016/4/16,7:29:56,熊本県熊本地方,32°52.7′N,130°57.7′E,10 km,2.8,震度２,32.87833333,130.9616667
2016/4/16,7:30:28,熊本県熊本地方,32°44.3′N,130°46.0′E,12 km,2.3,震度１,32.73833333,130.7666667
2016/4/16,7:31:01,熊本県阿蘇地方,32°59.4′N,131°01.5′E,10 km,2.2,震度１,32.99,131.025
2016/4/16,7:31:15,大分県中部,33°17.3′N,131°23.6′E,8 km,2.6,震度１,33.28833333,131.3933333
2016/4/16,7:31:37,大分県中部,33°17.4′N,131°24.5′E,6 km,2.5,震度１,33.29,131.4083333
2016/4/16,7:33:25,大分県中部,33°16.8′N,131°23.8′E,8 km,2.5,震度１,33.28,131.3966667
2016/4/16,7:35:01,熊本県阿蘇地方,32°51.8′N,131°07.9′E,3 km,2.6,震度２,32.86333333,131.1316667
2016/4/16,7:37:50,熊本県熊本地方,32°44.3′N,130°46.0′E,11 km,2.6,震度１,32.73833333,130.7666667
2016/4/16,7:38:21,熊本県阿蘇地方,33°07.4′N,131°10.3′E,6 km,2.7,震度１,33.12333333,131.1716667
2016/4/16,7:39:12,熊本県熊本地方,32°43.1′N,130°46.8′E,10 km,2.8,震度２,32.71833333,130.78
2016/4/16,7:40:10,熊本県阿蘇地方,33°00.0′N,131°06.9′E,9 km,1.9,震度１,33,131.115
2016/4/16,7:40:43,熊本県熊本地方,32°46.3′N,130°46.3′E,13 km,2.6,震度１,32.77166667,130.7716667
2016/4/16,7:40:55,大分県中部,33°16.0′N,131°24.0′E,4 km,2.7,震度２,33.26666667,131.4
2016/4/16,7:41:02,熊本県阿蘇地方,32°58.7′N,131°06.3′E,10 km,2.3,震度１,32.97833333,131.105
2016/4/16,7:42:33,熊本県熊本地方,32°46.5′N,130°44.5′E,11 km,4.2,震度４,32.775,130.7416667
2016/4/16,7:43:19,熊本県阿蘇地方,32°56.0′N,131°03.7′E,9 km,3.1,震度２,32.93333333,131.0616667
2016/4/16,7:43:58,大分県中部,33°16.4′N,131°23.7′E,7 km,2.5,震度２,33.27333333,131.395
2016/4/16,7:44:48,大分県中部,33°19.2′N,131°28.1′E,9 km,1.9,震度１,33.32,131.4683333
2016/4/16,7:45:53,熊本県熊本地方,32°46.7′N,130°44.5′E,11 km,2.4,震度１,32.77833333,130.7416667
2016/4/16,7:47:58,熊本県阿蘇地方,32°58.4′N,131°05.7′E,10 km,2.4,震度１,32.97333333,131.095
2016/4/16,7:48:13,大分県中部,33°15.1′N,131°20.2′E,7 km,2.5,震度２,33.25166667,131.3366667
2016/4/16,7:48:45,大分県中部,33°17.0′N,131°27.2′E,4 km,1.5,震度１,33.28333333,131.4533333
2016/4/16,7:49:26,熊本県阿蘇地方,32°58.2′N,131°06.4′E,10 km,3.6,震度３,32.97,131.1066667
2016/4/16,7:50:42,熊本県阿蘇地方,33°00.7′N,131°09.9′E,7 km,2.9,震度２,33.01166667,131.165
2016/4/16,7:52:48,熊本県熊本地方,32°44.8′N,130°45.6′E,13 km,2.3,震度１,32.74666667,130.76
2016/4/16,7:53:09,大分県中部,33°18.3′N,131°27.7′E,4 km,1.6,震度１,33.305,131.4616667
2016/4/16,7:53:22,熊本県阿蘇地方,32°58.3′N,131°04.5′E,9 km,2.4,震度１,32.97166667,131.075
2016/4/16,7:54:08,熊本県阿蘇地方,33°00.0′N,131°06.7′E,10 km,3.3,震度３,33,131.1116667
2016/4/16,7:55:00,大分県中部,33°16.6′N,131°20.8′E,7 km,2.7,震度２,33.27666667,131.3466667
2016/4/16,7:56:06,熊本県阿蘇地方,32°54.6′N,131°03.1′E,7 km,2.1,震度１,32.91,131.0516667
2016/4/16,7:57:21,熊本県熊本地方,32°37.8′N,130°44.1′E,5 km,3.9,震度４,32.63,130.735
2016/4/16,7:58:20,熊本県阿蘇地方,32°57.8′N,131°03.3′E,11 km,2.4,震度１,32.96333333,131.055
2016/4/16,7:58:40,熊本県熊本地方,32°40.4′N,130°42.2′E,14 km,2.6,震度１,32.67333333,130.7033333
2016/4/16,7:58:46,大分県中部,33°19.0′N,131°24.5′E,7 km,3.2,震度３,33.31666667,131.4083333
2016/4/16,7:58:47,熊本県阿蘇地方,33°01.0′N,131°10.3′E,7 km,3,震度２,33.01666667,131.1716667
2016/4/16,7:59:03,熊本県熊本地方,32°50.1′N,130°52.1′E,10 km,2.7,震度２,32.835,130.8683333
2016/4/16,8:00:04,熊本県熊本地方,32°51.3′N,130°53.1′E,13 km,2.1,震度１,32.855,130.885
2016/4/16,8:00:58,大分県中部,33°17.5′N,131°29.7′E,9 km,2.2,震度１,33.29166667,131.495
2016/4/16,8:01:08,熊本県熊本地方,32°45.0′N,130°47.7′E,7 km,2,震度１,32.75,130.795
2016/4/16,8:01:30,大分県中部,33°15.2′N,131°22.7′E,4 km,1.9,震度１,33.25333333,131.3783333
2016/4/16,8:02:30,大分県中部,33°16.7′N,131°26.2′E,3 km,2.5,震度１,33.27833333,131.4366667
2016/4/16,8:02:48,熊本県熊本地方,32°39.8′N,130°43.2′E,10 km,3.8,震度４,32.66333333,130.72
2016/4/16,8:03:18,熊本県阿蘇地方,33°00.6′N,131°09.9′E,6 km,2.6,震度１,33.01,131.165
2016/4/16,8:04:12,熊本県熊本地方,32°43.5′N,130°47.6′E,17 km,2.7,震度１,32.725,130.7933333
2016/4/16,8:04:38,熊本県熊本地方,32°40.9′N,130°43.0′E,15 km,3,震度１,32.68166667,130.7166667
2016/4/16,8:05:23,熊本県熊本地方,32°53.3′N,130°54.3′E,14 km,2.5,震度１,32.88833333,130.905
2016/4/16,8:05:25,大分県中部,33°16.7′N,131°23.0′E,6 km,2,震度１,33.27833333,131.3833333
2016/4/16,8:06:33,熊本県熊本地方,32°50.2′N,130°50.7′E,11 km,2.1,震度１,32.83666667,130.845
2016/4/16,8:08:33,大分県中部,33°16.3′N,131°23.6′E,9 km,2.6,震度２,33.27166667,131.3933333
2016/4/16,8:08:51,熊本県熊本地方,32°51.3′N,130°51.0′E,11 km,3.9,震度４,32.855,130.85
2016/4/16,8:11:04,大分県中部,33°17.8′N,131°28.4′E,5 km,1.5,震度１,33.29666667,131.4733333
2016/4/16,8:11:14,熊本県熊本地方,32°39.5′N,130°42.6′E,5 km,1.7,震度１,32.65833333,130.71
2016/4/16,8:12:40,熊本県熊本地方,32°42.8′N,130°42.7′E,11 km,2.1,震度１,32.71333333,130.7116667
2016/4/16,8:13:34,大分県中部,33°17.6′N,131°28.2′E,6 km,2.3,震度２,33.29333333,131.47
2016/4/16,8:13:50,熊本県阿蘇地方,32°56.6′N,131°04.6′E,7 km,2.7,震度１,32.94333333,131.0766667
2016/4/16,8:16:08,熊本県阿蘇地方,32°58.2′N,131°05.2′E,10 km,2.2,震度１,32.97,131.0866667
2016/4/16,8:19:54,千葉県東方沖,35°22.6′N,140°26.6′E,26 km,3.1,震度２,35.37666667,140.4433333
2016/4/16,8:20:05,大分県中部,33°17.6′N,131°28.2′E,7 km,3.2,震度３,33.29333333,131.47
2016/4/16,8:20:42,熊本県熊本地方,32°42.0′N,130°40.7′E,12 km,4.6,震度４,32.7,130.6783333
2016/4/16,8:22:03,熊本県阿蘇地方,32°58.8′N,131°05.5′E,8 km,3.3,震度２,32.98,131.0916667
2016/4/16,8:22:29,熊本県熊本地方,32°47.4′N,130°48.0′E,10 km,3.1,震度２,32.79,130.8
2016/4/16,8:23:36,大分県中部,33°17.9′N,131°30.2′E,6 km,3.1,震度３,33.29833333,131.5033333
2016/4/16,8:24:08,熊本県熊本地方,32°49.4′N,130°48.1′E,14 km,2.9,震度２,32.82333333,130.8016667
2016/4/16,8:24:33,大分県中部,33°17.3′N,131°27.1′E,6 km,1.8,震度１,33.28833333,131.4516667
2016/4/16,8:26:14,熊本県熊本地方,32°52.9′N,130°53.7′E,13 km,2.7,震度２,32.88166667,130.895
2016/4/16,8:26:47,熊本県熊本地方,32°40.9′N,130°46.3′E,7 km,2.6,震度２,32.68166667,130.7716667
2016/4/16,8:27:00,大分県中部,33°16.9′N,131°23.4′E,7 km,3.7,震度４,33.28166667,131.39
2016/4/16,8:29:07,熊本県熊本地方,32°50.5′N,130°52.1′E,11 km,2.5,震度１,32.84166667,130.8683333
2016/4/16,8:30:59,大分県中部,33°17.0′N,131°27.8′E,6 km,1.4,震度１,33.28333333,131.4633333
2016/4/16,8:31:30,熊本県熊本地方,32°39.2′N,130°44.2′E,4 km,2.3,震度１,32.65333333,130.7366667
2016/4/16,8:32:02,熊本県阿蘇地方,32°58.5′N,131°05.8′E,11 km,2.8,震度２,32.975,131.0966667
2016/4/16,8:32:31,熊本県熊本地方,32°38.9′N,130°43.9′E,9 km,3.1,震度２,32.64833333,130.7316667
2016/4/16,8:35:31,大分県中部,33°14.5′N,131°19.9′E,9 km,2,震度１,33.24166667,131.3316667
2016/4/16,8:36:51,熊本県熊本地方,32°49.2′N,130°49.5′E,12 km,2.3,震度１,32.82,130.825
2016/4/16,8:38:06,大分県中部,33°16.5′N,131°23.4′E,7 km,2.3,震度１,33.275,131.39
2016/4/16,8:38:50,熊本県熊本地方,32°27.7′N,130°36.8′E,11 km,2.9,震度２,32.46166667,130.6133333
2016/4/16,8:39:02,熊本県熊本地方,32°41.3′N,130°44.2′E,14 km,3,震度２,32.68833333,130.7366667
2016/4/16,8:43:01,熊本県熊本地方,32°46.7′N,130°44.7′E,11 km,2.6,震度１,32.77833333,130.745
2016/4/16,8:43:21,熊本県阿蘇地方,32°58.3′N,131°06.5′E,9 km,2.7,震度１,32.97166667,131.1083333
2016/4/16,8:45:33,熊本県阿蘇地方,32°59.1′N,131°05.4′E,11 km,2.9,震度２,32.985,131.09
2016/4/16,8:45:48,熊本県熊本地方,32°44.2′N,130°45.9′E,13 km,3.1,震度２,32.73666667,130.765
2016/4/16,8:47:46,熊本県熊本地方,32°51.7′N,130°51.2′E,15 km,2.2,震度１,32.86166667,130.8533333
2016/4/16,8:49:15,熊本県熊本地方,32°47.2′N,130°46.3′E,11 km,2.8,震度２,32.78666667,130.7716667
2016/4/16,8:50:22,熊本県熊本地方,32°38.5′N,130°40.8′E,10 km,3,震度２,32.64166667,130.68
2016/4/16,8:51:44,熊本県熊本地方,32°52.4′N,130°53.3′E,11 km,1.9,震度１,32.87333333,130.8883333
2016/4/16,8:52:33,熊本県熊本地方,32°46.6′N,130°49.1′E,12 km,2.3,震度１,32.77666667,130.8183333
2016/4/16,8:54:01,熊本県熊本地方,32°42.7′N,130°42.2′E,12 km,2.3,震度１,32.71166667,130.7033333
2016/4/16,8:55:45,大分県中部,33°18.1′N,131°21.4′E,9 km,2.7,震度１,33.30166667,131.3566667
2016/4/16,8:57:11,熊本県熊本地方,32°39.8′N,130°44.5′E,4 km,2.1,震度１,32.66333333,130.7416667
2016/4/16,8:57:30,熊本県熊本地方,32°38.6′N,130°43.1′E,7 km,2.6,震度２,32.64333333,130.7183333
2016/4/16,8:58:07,熊本県阿蘇地方,32°56.7′N,131°06.9′E,8 km,2.3,震度１,32.945,131.115
2016/4/16,8:58:40,熊本県熊本地方,32°39.8′N,130°43.8′E,9 km,2.4,震度２,32.66333333,130.73
2016/4/16,8:59:09,熊本県阿蘇地方,32°59.1′N,131°06.8′E,8 km,2.5,震度１,32.985,131.1133333
2016/4/16,9:00:08,熊本県熊本地方,32°39.1′N,130°44.4′E,8 km,2.4,震度１,32.65166667,130.74
2016/4/16,9:00:20,熊本県熊本地方,32°42.7′N,130°43.4′E,11 km,2.2,震度１,32.71166667,130.7233333
2016/4/16,9:00:51,熊本県熊本地方,32°46.0′N,130°47.5′E,11 km,2.4,震度１,32.76666667,130.7916667
2016/4/16,9:01:55,熊本県熊本地方,32°41.7′N,130°43.8′E,14 km,2.9,震度２,32.695,130.73
2016/4/16,9:02:24,熊本県熊本地方,32°43.8′N,130°43.0′E,10 km,2.2,震度１,32.73,130.7166667
2016/4/16,9:02:33,大分県中部,33°17.8′N,131°28.7′E,6 km,2.4,震度３,33.29666667,131.4783333
2016/4/16,9:02:44,熊本県熊本地方,32°41.3′N,130°41.5′E,4 km,2.3,震度１,32.68833333,130.6916667
2016/4/16,9:03:20,熊本県熊本地方,32°48.4′N,130°44.2′E,8 km,2,震度２,32.80666667,130.7366667
2016/4/16,9:05:06,熊本県熊本地方,32°47.7′N,130°43.5′E,1 km,1.6,震度１,32.795,130.725
2016/4/16,9:06:18,大分県中部,33°16.2′N,131°25.2′E,4 km,2.4,震度２,33.27,131.42
2016/4/16,9:08:51,熊本県熊本地方,32°47.3′N,130°47.9′E,12 km,2.8,震度１,32.78833333,130.7983333
2016/4/16,9:09:42,熊本県熊本地方,32°42.4′N,130°45.6′E,11 km,2.5,震度１,32.70666667,130.76
2016/4/16,9:11:57,熊本県阿蘇地方,32°56.6′N,131°02.9′E,11 km,2.9,震度２,32.94333333,131.0483333
2016/4/16,9:12:47,熊本県熊本地方,32°50.1′N,130°51.3′E,13 km,2.7,震度２,32.835,130.855
2016/4/16,9:14:04,大分県中部,33°16.6′N,131°24.6′E,7 km,2.6,震度１,33.27666667,131.41
2016/4/16,9:15:20,熊本県熊本地方,32°44.8′N,130°43.1′E,11 km,2.1,震度１,32.74666667,130.7183333
2016/4/16,9:16:28,熊本県熊本地方,32°32.7′N,130°39.1′E,7 km,4.5,震度４,32.545,130.6516667
2016/4/16,9:17:50,熊本県熊本地方,32°45.1′N,130°44.7′E,15 km,2.7,震度１,32.75166667,130.745
2016/4/16,9:18:26,熊本県阿蘇地方,32°59.7′N,131°06.6′E,9 km,3.9,震度４,32.995,131.11
2016/4/16,9:19:20,大分県中部,33°14.2′N,131°19.6′E,8 km,2.7,震度３,33.23666667,131.3266667
2016/4/16,9:24:11,大分県中部,33°17.4′N,131°27.8′E,3 km,2.2,震度１,33.29,131.4633333
2016/4/16,9:24:36,熊本県阿蘇地方,32°59.8′N,131°06.8′E,10 km,2.5,震度１,32.99666667,131.1133333
2016/4/16,9:24:51,熊本県熊本地方,32°50.2′N,130°53.5′E,12 km,2.3,震度１,32.83666667,130.8916667
2016/4/16,9:26:25,熊本県阿蘇地方,33°01.5′N,131°11.4′E,8 km,3.4,震度２,33.025,131.19
2016/4/16,9:27:12,熊本県熊本地方,32°38.3′N,130°43.3′E,9 km,2.2,震度１,32.63833333,130.7216667
2016/4/16,9:28:11,熊本県熊本地方,32°45.1′N,130°43.8′E,12 km,3.4,震度２,32.75166667,130.73
2016/4/16,9:29:20,大分県西部,33°07.7′N,131°14.0′E,4 km,2.3,震度１,33.12833333,131.2333333
2016/4/16,9:29:43,大分県中部,33°15.5′N,131°21.6′E,10 km,1.8,震度１,33.25833333,131.36
2016/4/16,9:31:13,熊本県熊本地方,32°38.7′N,130°42.6′E,7 km,3,震度２,32.645,130.71
2016/4/16,9:32:18,大分県中部,33°16.3′N,131°23.3′E,7 km,1.9,震度１,33.27166667,131.3883333
2016/4/16,9:32:34,熊本県熊本地方,32°40.0′N,130°44.7′E,9 km,2.3,震度１,32.66666667,130.745
2016/4/16,9:34:32,熊本県阿蘇地方,32°58.3′N,131°05.3′E,8 km,2.5,震度１,32.97166667,131.0883333
2016/4/16,9:35:18,熊本県熊本地方,32°45.8′N,130°43.8′E,9 km,2.8,震度２,32.76333333,130.73
2016/4/16,9:39:36,熊本県熊本地方,32°39.4′N,130°42.9′E,7 km,2.1,震度１,32.65666667,130.715
2016/4/16,9:41:33,熊本県熊本地方,32°50.3′N,130°53.5′E,10 km,2.6,震度２,32.83833333,130.8916667
2016/4/16,9:42:10,熊本県熊本地方,32°45.0′N,130°43.8′E,13 km,3,震度２,32.75,130.73
2016/4/16,9:43:24,大分県中部,33°17.6′N,131°22.6′E,9 km,3.3,震度２,33.29333333,131.3766667
2016/4/16,9:44:26,大分県中部,33°17.6′N,131°22.4′E,9 km,2.5,震度１,33.29333333,131.3733333
2016/4/16,9:45:30,大分県中部,33°15.7′N,131°22.1′E,9 km,2.4,震度２,33.26166667,131.3683333
2016/4/16,9:45:35,熊本県熊本地方,32°49.6′N,130°52.4′E,9 km,2.3,震度１,32.82666667,130.8733333
2016/4/16,9:47:00,大分県中部,33°16.9′N,131°22.4′E,8 km,2,震度２,33.28166667,131.3733333
2016/4/16,9:48:33,熊本県熊本地方,32°50.8′N,130°50.1′E,16 km,5.4,震度６弱,32.84666667,130.835
2016/4/16,9:50:06,熊本県熊本地方,32°51.1′N,130°49.7′E,15 km,4.5,震度５弱,32.85166667,130.8283333
2016/4/16,9:51:28,熊本県熊本地方,32°40.9′N,130°44.5′E,12 km,,震度１,32.68166667,130.7416667
2016/4/16,9:52:34,熊本県阿蘇地方,32°58.8′N,131°05.8′E,10 km,2.2,震度１,32.98,131.0966667
2016/4/16,9:53:37,熊本県熊本地方,32°51.7′N,130°49.3′E,13 km,3.6,震度３,32.86166667,130.8216667
2016/4/16,9:54:23,熊本県熊本地方,32°51.0′N,130°50.1′E,13 km,,震度１,32.85,130.835
2016/4/16,9:55:28,熊本県熊本地方,32°51.5′N,130°50.0′E,15 km,2.2,震度１,32.85833333,130.8333333
2016/4/16,9:56:32,熊本県熊本地方,32°42.1′N,130°40.4′E,12 km,3.6,震度３,32.70166667,130.6733333
2016/4/16,9:58:11,熊本県熊本地方,32°38.0′N,130°43.0′E,6 km,3.5,震度４,32.63333333,130.7166667
2016/4/16,10:01:15,熊本県阿蘇地方,32°58.3′N,131°05.1′E,8 km,2.3,震度１,32.97166667,131.085
2016/4/16,10:01:39,熊本県熊本地方,32°51.7′N,130°52.3′E,14 km,2.7,震度２,32.86166667,130.8716667
2016/4/16,10:04:38,大分県中部,33°16.6′N,131°22.8′E,11 km,2.8,震度２,33.27666667,131.38
2016/4/16,10:05:35,熊本県熊本地方,32°51.7′N,130°50.5′E,15 km,2.7,震度１,32.86166667,130.8416667
2016/4/16,10:06:40,熊本県熊本地方,32°40.9′N,130°43.1′E,15 km,3.1,震度２,32.68166667,130.7183333
2016/4/16,10:07:23,熊本県阿蘇地方,32°56.7′N,131°03.1′E,8 km,2.3,震度１,32.945,131.0516667
2016/4/16,10:07:39,熊本県熊本地方,32°50.4′N,130°48.3′E,14 km,2.4,震度１,32.84,130.805
2016/4/16,10:08:44,熊本県熊本地方,32°48.1′N,130°47.7′E,13 km,2.8,震度２,32.80166667,130.795
2016/4/16,10:10:31,熊本県熊本地方,32°51.7′N,130°50.5′E,14 km,2.2,震度１,32.86166667,130.8416667
2016/4/16,10:11:08,熊本県阿蘇地方,32°55.3′N,131°06.9′E,6 km,2.5,震度２,32.92166667,131.115
2016/4/16,10:13:49,熊本県熊本地方,32°39.4′N,130°40.5′E,10 km,3,震度２,32.65666667,130.675
2016/4/16,10:14:21,熊本県熊本地方,32°50.5′N,130°53.8′E,12 km,2.8,震度２,32.84166667,130.8966667
2016/4/16,10:15:11,熊本県熊本地方,32°46.2′N,130°46.6′E,13 km,2.6,震度１,32.77,130.7766667
2016/4/16,10:17:20,大分県中部,33°17.5′N,131°27.7′E,7 km,2.4,震度１,33.29166667,131.4616667
2016/4/16,10:19:03,熊本県阿蘇地方,32°59.0′N,131°06.3′E,11 km,2.7,震度１,32.98333333,131.105
2016/4/16,10:19:28,熊本県熊本地方,32°52.4′N,130°53.0′E,15 km,2.4,震度１,32.87333333,130.8833333
2016/4/16,10:20:37,熊本県熊本地方,32°41.9′N,130°41.1′E,11 km,2.1,震度１,32.69833333,130.685
2016/4/16,10:21:03,熊本県熊本地方,32°51.6′N,130°54.8′E,12 km,2.3,震度２,32.86,130.9133333
2016/4/16,10:21:33,熊本県熊本地方,32°41.9′N,130°42.5′E,13 km,2.7,震度２,32.69833333,130.7083333
2016/4/16,10:22:32,熊本県熊本地方,32°50.2′N,130°49.2′E,15 km,2.4,震度１,32.83666667,130.82
2016/4/16,10:24:56,熊本県阿蘇地方,32°58.9′N,131°05.0′E,11 km,3.2,震度１,32.98166667,131.0833333
2016/4/16,10:26:10,熊本県熊本地方,32°48.1′N,130°50.8′E,11 km,3.8,震度３,32.80166667,130.8466667
2016/4/16,10:27:29,熊本県阿蘇地方,32°53.6′N,131°04.3′E,5 km,2.3,震度２,32.89333333,131.0716667
2016/4/16,10:27:28,熊本県熊本地方,32°44.9′N,130°47.2′E,10 km,2.5,震度１,32.74833333,130.7866667
2016/4/16,10:29:46,大分県中部,33°14.8′N,131°20.3′E,9 km,2.4,震度２,33.24666667,131.3383333
2016/4/16,10:29:56,熊本県熊本地方,32°46.6′N,130°41.2′E,7 km,1.7,震度１,32.77666667,130.6866667
2016/4/16,10:30:57,熊本県阿蘇地方,32°57.4′N,131°06.1′E,8 km,2.8,震度２,32.95666667,131.1016667
2016/4/16,10:34:14,熊本県熊本地方,32°50.0′N,130°49.2′E,15 km,2.6,震度１,32.83333333,130.82
2016/4/16,10:34:51,熊本県阿蘇地方,32°57.0′N,131°03.5′E,7 km,2.5,震度１,32.95,131.0583333
2016/4/16,10:36:31,大分県中部,33°17.7′N,131°28.8′E,8 km,2.4,震度１,33.295,131.48
2016/4/16,10:38:53,熊本県熊本地方,32°38.9′N,130°43.9′E,10 km,4.5,震度４,32.64833333,130.7316667
2016/4/16,10:39:34,熊本県阿蘇地方,32°58.8′N,131°06.1′E,10 km,3.9,震度３,32.98,131.1016667
2016/4/16,10:40:56,熊本県熊本地方,32°40.7′N,130°43.7′E,11 km,2.4,震度１,32.67833333,130.7283333
2016/4/16,10:41:49,熊本県熊本地方,32°50.1′N,130°47.7′E,13 km,2.1,震度１,32.835,130.795
2016/4/16,10:42:38,大分県中部,33°16.4′N,131°21.5′E,10 km,2.2,震度２,33.27333333,131.3583333
2016/4/16,10:44:04,熊本県阿蘇地方,32°59.0′N,131°06.2′E,8 km,2.4,震度１,32.98333333,131.1033333
2016/4/16,10:44:09,熊本県熊本地方,32°39.3′N,130°44.3′E,9 km,2.6,震度２,32.655,130.7383333
2016/4/16,10:45:11,熊本県阿蘇地方,32°58.7′N,131°03.2′E,9 km,3,震度２,32.97833333,131.0533333
2016/4/16,10:45:15,熊本県熊本地方,32°43.2′N,130°46.4′E,10 km,3.1,震度２,32.72,130.7733333
2016/4/16,10:47:18,熊本県熊本地方,32°51.1′N,130°50.0′E,15 km,2.4,震度２,32.85166667,130.8333333
2016/4/16,10:48:14,大分県中部,33°14.2′N,131°20.0′E,11 km,2.3,震度２,33.23666667,131.3333333
2016/4/16,10:48:15,熊本県熊本地方,32°39.1′N,130°44.2′E,9 km,2.9,震度２,32.65166667,130.7366667
2016/4/16,10:49:48,熊本県熊本地方,32°38.2′N,130°42.0′E,7 km,1.8,震度１,32.63666667,130.7
2016/4/16,10:50:18,熊本県阿蘇地方,32°59.1′N,131°06.4′E,11 km,2.6,震度１,32.985,131.1066667
2016/4/16,10:51:13,熊本県熊本地方,32°45.8′N,130°45.7′E,18 km,3.6,震度２,32.76333333,130.7616667
2016/4/16,10:51:57,熊本県熊本地方,32°51.4′N,130°50.8′E,13 km,2.7,震度１,32.85666667,130.8466667
2016/4/16,10:53:07,熊本県熊本地方,32°51.2′N,130°51.0′E,15 km,2.8,震度２,32.85333333,130.85
2016/4/16,10:53:37,大分県中部,33°16.4′N,131°23.8′E,7 km,2.3,震度１,33.27333333,131.3966667
2016/4/16,10:54:44,熊本県阿蘇地方,32°58.0′N,131°05.7′E,11 km,2.4,震度１,32.96666667,131.095
2016/4/16,10:55:25,熊本県熊本地方,32°43.4′N,130°43.9′E,15 km,3.7,震度３,32.72333333,130.7316667
2016/4/16,10:56:39,熊本県阿蘇地方,32°56.6′N,131°01.0′E,10 km,2.4,震度１,32.94333333,131.0166667
2016/4/16,10:57:17,熊本県熊本地方,32°38.9′N,130°44.1′E,8 km,2.1,震度１,32.64833333,130.735
2016/4/16,10:57:46,大分県中部,33°14.3′N,131°20.5′E,9 km,2.1,震度１,33.23833333,131.3416667
2016/4/16,10:59:02,熊本県阿蘇地方,32°58.3′N,131°04.7′E,9 km,3.1,震度２,32.97166667,131.0783333
2016/4/16,11:00:24,熊本県熊本地方,32°48.2′N,130°42.2′E,2 km,1.7,震度１,32.80333333,130.7033333
2016/4/16,11:01:03,熊本県阿蘇地方,32°58.6′N,131°02.1′E,11 km,2.7,震度２,32.97666667,131.035
2016/4/16,11:02:52,熊本県熊本地方,32°45.5′N,130°46.6′E,15 km,4.4,震度４,32.75833333,130.7766667
2016/4/16,11:03:59,大分県中部,33°14.0′N,131°20.2′E,8 km,,震度１,33.23333333,131.3366667
2016/4/16,11:04:46,熊本県熊本地方,32°43.1′N,130°46.2′E,8 km,1.9,震度１,32.71833333,130.77
2016/4/16,11:04:50,熊本県阿蘇地方,32°57.8′N,131°05.3′E,10 km,3.1,震度２,32.96333333,131.0883333
2016/4/16,11:06:45,熊本県熊本地方,32°51.1′N,130°52.5′E,13 km,2.3,震度２,32.85166667,130.875
2016/4/16,11:06:58,熊本県熊本地方,32°46.5′N,130°44.4′E,2 km,2.2,震度２,32.775,130.74
2016/4/16,11:08:19,熊本県熊本地方,32°43.2′N,130°46.8′E,9 km,2,震度１,32.72,130.78
2016/4/16,11:10:29,熊本県阿蘇地方,32°58.8′N,131°05.9′E,10 km,3.2,震度２,32.98,131.0983333
2016/4/16,11:15:01,熊本県熊本地方,32°50.8′N,130°53.7′E,12 km,2.2,震度２,32.84666667,130.895
2016/4/16,11:16:32,熊本県阿蘇地方,33°00.7′N,131°07.1′E,7 km,3,震度１,33.01166667,131.1183333
2016/4/16,11:18:23,熊本県阿蘇地方,32°58.2′N,131°05.0′E,8 km,1.7,震度１,32.97,131.0833333
2016/4/16,11:18:30,大分県中部,33°16.9′N,131°27.0′E,0 km,2.4,震度１,33.28166667,131.45
2016/4/16,11:19:48,熊本県阿蘇地方,32°58.3′N,131°05.8′E,8 km,2,震度１,32.97166667,131.0966667
2016/4/16,11:20:24,熊本県熊本地方,32°48.1′N,130°48.8′E,9 km,2.3,震度１,32.80166667,130.8133333
2016/4/16,11:22:00,熊本県阿蘇地方,33°01.4′N,131°09.3′E,8 km,3.6,震度３,33.02333333,131.155
2016/4/16,11:22:52,熊本県阿蘇地方,33°00.4′N,131°13.1′E,8 km,3,震度２,33.00666667,131.2183333
2016/4/16,11:23:12,熊本県熊本地方,32°49.8′N,130°49.4′E,12 km,2.9,震度２,32.83,130.8233333
2016/4/16,11:23:32,大分県中部,33°17.9′N,131°28.9′E,5 km,1.9,震度１,33.29833333,131.4816667
2016/4/16,11:26:08,熊本県熊本地方,32°42.2′N,130°35.3′E,7 km,1.5,震度１,32.70333333,130.5883333
2016/4/16,11:27:00,熊本県熊本地方,32°45.8′N,130°46.0′E,12 km,2.2,震度１,32.76333333,130.7666667
2016/4/16,11:27:20,熊本県熊本地方,32°39.4′N,130°43.7′E,7 km,2.6,震度２,32.65666667,130.7283333
2016/4/16,11:28:58,大分県中部,33°17.0′N,131°27.6′E,1 km,3.2,震度２,33.28333333,131.46
2016/4/16,11:29:00,熊本県熊本地方,32°52.5′N,130°56.1′E,10 km,2.9,震度３,32.875,130.935
2016/4/16,11:29:56,熊本県熊本地方,32°45.2′N,130°45.5′E,16 km,2.5,震度１,32.75333333,130.7583333
2016/4/16,11:33:21,熊本県阿蘇地方,33°06.4′N,131°10.5′E,9 km,2.5,震度１,33.10666667,131.175
2016/4/16,11:34:46,熊本県熊本地方,32°41.4′N,130°45.6′E,11 km,1.8,震度１,32.69,130.76
2016/4/16,11:35:00,熊本県熊本地方,32°43.8′N,130°46.9′E,12 km,2.6,震度１,32.73,130.7816667
2016/4/16,11:36:11,熊本県熊本地方,32°51.5′N,130°50.0′E,15 km,2,震度１,32.85833333,130.8333333
2016/4/16,11:36:24,熊本県阿蘇地方,33°00.0′N,131°11.7′E,6 km,2.7,震度２,33,131.195
2016/4/16,11:37:28,熊本県熊本地方,32°51.5′N,130°49.6′E,16 km,2.3,震度２,32.85833333,130.8266667
2016/4/16,11:37:47,大分県中部,33°14.5′N,131°22.0′E,9 km,2.5,震度１,33.24166667,131.3666667
2016/4/16,11:38:24,熊本県熊本地方,32°41.2′N,130°42.0′E,16 km,3.9,震度３,32.68666667,130.7
2016/4/16,11:39:27,熊本県熊本地方,32°39.7′N,130°43.1′E,6 km,2.4,震度２,32.66166667,130.7183333
2016/4/16,11:48:06,大分県中部,33°18.1′N,131°28.9′E,5 km,1.6,震度１,33.30166667,131.4816667
2016/4/16,11:49:03,熊本県熊本地方,32°37.8′N,130°42.7′E,5 km,2.8,震度３,32.63,130.7116667
2016/4/16,11:49:31,熊本県熊本地方,32°42.1′N,130°46.2′E,9 km,2.7,震度１,32.70166667,130.77
2016/4/16,11:51:40,大分県中部,33°16.8′N,131°19.7′E,8 km,1.8,震度１,33.28,131.3283333
2016/4/16,11:55:35,熊本県阿蘇地方,32°59.1′N,131°06.2′E,11 km,3,震度２,32.985,131.1033333
2016/4/16,11:56:39,熊本県熊本地方,32°49.6′N,130°48.9′E,16 km,3,震度２,32.82666667,130.815
2016/4/16,11:58:00,熊本県熊本地方,32°45.6′N,130°46.0′E,13 km,2.4,震度１,32.76,130.7666667
2016/4/16,11:58:24,熊本県熊本地方,32°51.9′N,130°50.6′E,14 km,2.5,震度１,32.865,130.8433333
2016/4/16,11:58:49,熊本県熊本地方,32°49.7′N,130°52.0′E,10 km,2.3,震度１,32.82833333,130.8666667
2016/4/16,11:59:22,熊本県熊本地方,32°44.4′N,130°45.1′E,12 km,2.7,震度１,32.74,130.7516667
2016/4/16,12:00:56,熊本県熊本地方,32°38.9′N,130°44.1′E,8 km,2.3,震度１,32.64833333,130.735
2016/4/16,12:04:46,熊本県熊本地方,32°33.5′N,130°39.9′E,8 km,2.4,震度１,32.55833333,130.665
2016/4/16,12:05:55,熊本県阿蘇地方,32°59.3′N,131°06.9′E,10 km,3.1,震度１,32.98833333,131.115
2016/4/16,12:08:39,熊本県熊本地方,32°45.7′N,130°47.9′E,11 km,2.3,震度１,32.76166667,130.7983333
2016/4/16,12:09:05,熊本県熊本地方,32°45.9′N,130°47.6′E,11 km,2.5,震度１,32.765,130.7933333
2016/4/16,12:12:44,熊本県阿蘇地方,32°59.8′N,131°07.1′E,10 km,3,震度１,32.99666667,131.1183333
2016/4/16,12:13:48,熊本県熊本地方,32°51.9′N,130°50.0′E,15 km,2.4,震度１,32.865,130.8333333
2016/4/16,12:15:24,熊本県熊本地方,32°43.1′N,130°46.6′E,11 km,2.4,震度１,32.71833333,130.7766667
2016/4/16,12:16:21,熊本県熊本地方,32°41.1′N,130°44.5′E,12 km,2.6,震度１,32.685,130.7416667
2016/4/16,12:18:02,熊本県熊本地方,32°46.3′N,130°44.8′E,12 km,2.5,震度１,32.77166667,130.7466667
2016/4/16,12:18:08,熊本県熊本地方,32°34.5′N,130°38.4′E,9 km,3.1,震度１,32.575,130.64
2016/4/16,12:19:19,熊本県熊本地方,32°51.7′N,130°51.6′E,17 km,2.8,震度１,32.86166667,130.86
2016/4/16,12:19:28,熊本県阿蘇地方,32°57.2′N,131°05.9′E,9 km,2.5,震度２,32.95333333,131.0983333
2016/4/16,12:19:42,大分県中部,33°14.6′N,131°19.8′E,10 km,2.1,震度１,33.24333333,131.33
2016/4/16,12:21:11,大分県中部,33°16.0′N,131°22.1′E,9 km,2.6,震度１,33.26666667,131.3683333
2016/4/16,12:22:23,熊本県熊本地方,32°50.9′N,130°48.4′E,15 km,2.5,震度１,32.84833333,130.8066667
2016/4/16,12:27:38,熊本県熊本地方,32°47.8′N,130°43.1′E,7 km,1.9,震度２,32.79666667,130.7183333
2016/4/16,12:30:02,熊本県熊本地方,32°51.2′N,130°57.2′E,11 km,3,震度２,32.85333333,130.9533333
2016/4/16,12:31:19,熊本県熊本地方,32°46.2′N,130°38.9′E,12 km,2.4,震度１,32.77,130.6483333
2016/4/16,12:32:00,熊本県阿蘇地方,32°59.2′N,131°05.6′E,7 km,2.4,震度１,32.98666667,131.0933333
2016/4/16,12:32:50,熊本県阿蘇地方,32°58.2′N,131°03.9′E,9 km,3.2,震度２,32.97,131.065
2016/4/16,12:34:58,大分県中部,33°16.6′N,131°23.0′E,10 km,3.4,震度２,33.27666667,131.3833333
2016/4/16,12:35:20,熊本県熊本地方,32°37.8′N,130°42.5′E,5 km,2.3,震度１,32.63,130.7083333
2016/4/16,12:35:40,熊本県熊本地方,32°38.9′N,130°44.6′E,7 km,2,震度１,32.64833333,130.7433333
2016/4/16,12:36:14,熊本県熊本地方,32°42.1′N,130°41.5′E,13 km,2.9,震度２,32.70166667,130.6916667
2016/4/16,12:36:34,熊本県阿蘇地方,32°55.3′N,131°05.3′E,8 km,2.9,震度３,32.92166667,131.0883333
2016/4/16,12:40:04,熊本県熊本地方,32°45.4′N,130°45.4′E,13 km,2.4,震度１,32.75666667,130.7566667
2016/4/16,12:41:40,熊本県熊本地方,32°41.6′N,130°46.1′E,8 km,2.9,震度２,32.69333333,130.7683333
2016/4/16,12:41:55,大分県中部,33°16.0′N,131°22.9′E,6 km,2.7,震度３,33.26666667,131.3816667
2016/4/16,12:44:27,熊本県阿蘇地方,33°01.5′N,131°11.4′E,7 km,2.7,震度１,33.025,131.19
2016/4/16,12:45:12,熊本県熊本地方,32°38.3′N,130°41.7′E,7 km,1.9,震度１,32.63833333,130.695
2016/4/16,12:47:35,熊本県阿蘇地方,33°00.5′N,131°09.8′E,10 km,3.1,震度１,33.00833333,131.1633333
2016/4/16,12:47:43,大分県中部,33°15.9′N,131°22.4′E,8 km,2.5,震度２,33.265,131.3733333
2016/4/16,12:48:51,熊本県阿蘇地方,33°01.8′N,131°11.9′E,6 km,3.8,震度３,33.03,131.1983333
2016/4/16,12:49:59,熊本県阿蘇地方,33°01.9′N,131°11.4′E,5 km,3.6,震度２,33.03166667,131.19
2016/4/16,12:51:49,熊本県熊本地方,32°33.2′N,130°39.7′E,8 km,2.9,震度１,32.55333333,130.6616667
2016/4/16,12:58:07,熊本県熊本地方,32°37.8′N,130°44.3′E,5 km,1.5,震度１,32.63,130.7383333
2016/4/16,12:59:03,熊本県熊本地方,32°42.3′N,130°42.3′E,12 km,2.6,震度１,32.705,130.705
2016/4/16,12:59:56,熊本県熊本地方,32°44.2′N,130°45.4′E,14 km,3.7,震度２,32.73666667,130.7566667
2016/4/16,13:00:29,熊本県熊本地方,32°51.0′N,130°50.1′E,13 km,2.7,震度２,32.85,130.835
2016/4/16,13:00:53,熊本県熊本地方,32°43.3′N,130°41.1′E,13 km,3.1,震度３,32.72166667,130.685
2016/4/16,13:01:15,熊本県熊本地方,32°42.3′N,130°43.5′E,12 km,2.3,震度１,32.705,130.725
2016/4/16,13:09:08,大分県中部,33°14.8′N,131°20.3′E,10 km,1.8,震度１,33.24666667,131.3383333
2016/4/16,13:09:44,熊本県熊本地方,32°39.1′N,130°44.1′E,10 km,3.7,震度３,32.65166667,130.735
2016/4/16,13:10:06,熊本県阿蘇地方,33°02.1′N,131°11.2′E,4 km,3.3,震度２,33.035,131.1866667
2016/4/16,13:15:28,熊本県阿蘇地方,32°58.5′N,131°04.7′E,9 km,3.4,震度２,32.975,131.0783333
2016/4/16,13:15:29,熊本県熊本地方,32°41.8′N,130°42.5′E,18 km,3.9,震度３,32.69666667,130.7083333
2016/4/16,13:16:30,熊本県熊本地方,32°27.9′N,130°36.1′E,7 km,2.4,震度１,32.465,130.6016667
2016/4/16,13:16:58,大分県中部,33°16.4′N,131°20.8′E,9 km,3.1,震度２,33.27333333,131.3466667
2016/4/16,13:17:12,熊本県熊本地方,32°48.2′N,130°44.1′E,9 km,3.6,震度４,32.80333333,130.735
2016/4/16,13:18:37,大分県中部,33°14.4′N,131°20.4′E,9 km,2.9,震度３,33.24,131.34
2016/4/16,13:21:50,大分県中部,33°14.1′N,131°20.4′E,9 km,2.7,震度２,33.235,131.34
2016/4/16,13:24:17,熊本県阿蘇地方,33°02.5′N,131°07.1′E,5 km,3.5,震度２,33.04166667,131.1183333
2016/4/16,13:25:16,熊本県阿蘇地方,32°51.3′N,131°07.3′E,6 km,2.1,震度１,32.855,131.1216667
2016/4/16,13:27:58,大分県中部,33°17.5′N,131°28.0′E,6 km,1.9,震度１,33.29166667,131.4666667
2016/4/16,13:28:27,熊本県熊本地方,32°48.4′N,130°48.7′E,12 km,2.2,震度１,32.80666667,130.8116667
2016/4/16,13:29:03,大分県中部,33°14.3′N,131°20.4′E,9 km,3.1,震度３,33.23833333,131.34
2016/4/16,13:34:58,大分県中部,33°15.6′N,131°21.8′E,10 km,3.1,震度２,33.26,131.3633333
2016/4/16,13:35:20,熊本県阿蘇地方,32°54.9′N,131°02.9′E,7 km,2.3,震度１,32.915,131.0483333
2016/4/16,13:36:12,熊本県熊本地方,32°45.5′N,130°46.2′E,14 km,2.4,震度１,32.75833333,130.77
2016/4/16,13:36:25,熊本県阿蘇地方,33°00.5′N,131°13.0′E,8 km,2.8,震度１,33.00833333,131.2166667
2016/4/16,13:38:03,熊本県熊本地方,32°49.6′N,130°48.8′E,12 km,2.3,震度１,32.82666667,130.8133333
2016/4/16,13:40:04,熊本県阿蘇地方,32°58.8′N,131°05.7′E,8 km,2.6,震度１,32.98,131.095
2016/4/16,13:42:15,熊本県熊本地方,32°33.4′N,130°39.5′E,10 km,2.7,震度１,32.55666667,130.6583333
2016/4/16,13:43:56,熊本県阿蘇地方,32°51.3′N,131°06.9′E,1 km,2.2,震度１,32.855,131.115
2016/4/16,13:45:59,大分県中部,33°16.7′N,131°22.5′E,9 km,2,震度１,33.27833333,131.375
2016/4/16,13:47:15,熊本県熊本地方,32°38.8′N,130°43.8′E,10 km,2.5,震度１,32.64666667,130.73
2016/4/16,13:49:04,大分県中部,33°14.4′N,131°19.5′E,8 km,2.5,震度２,33.24,131.325
2016/4/16,13:54:35,大分県中部,33°15.6′N,131°23.0′E,7 km,2.1,震度２,33.26,131.3833333
2016/4/16,13:55:54,熊本県阿蘇地方,32°57.7′N,131°06.6′E,11 km,2.1,震度１,32.96166667,131.11
2016/4/16,13:56:36,熊本県熊本地方,32°45.1′N,130°43.7′E,13 km,2.6,震度１,32.75166667,130.7283333
2016/4/16,14:03:57,熊本県阿蘇地方,33°00.4′N,131°13.1′E,9 km,4.6,震度４,33.00666667,131.2183333
2016/4/16,14:06:04,熊本県阿蘇地方,32°59.1′N,131°04.3′E,10 km,2.6,震度１,32.985,131.0716667
2016/4/16,14:06:22,熊本県熊本地方,32°50.2′N,130°50.1′E,13 km,2.6,震度１,32.83666667,130.835
2016/4/16,14:08:25,熊本県熊本地方,32°42.4′N,130°41.7′E,12 km,2.5,震度１,32.70666667,130.695
2016/4/16,14:10:17,熊本県熊本地方,32°46.2′N,130°43.2′E,5 km,1.6,震度１,32.77,130.72
2016/4/16,14:12:14,熊本県熊本地方,32°51.0′N,130°53.8′E,12 km,2.1,震度１,32.85,130.8966667
2016/4/16,14:15:06,熊本県阿蘇地方,33°07.9′N,131°09.4′E,6 km,3,震度２,33.13166667,131.1566667
2016/4/16,14:17:55,熊本県熊本地方,32°40.4′N,130°43.0′E,13 km,3,震度２,32.67333333,130.7166667
2016/4/16,14:22:51,熊本県熊本地方,32°45.9′N,130°43.6′E,8 km,2.2,震度１,32.765,130.7266667
2016/4/16,14:24:24,熊本県阿蘇地方,32°58.0′N,131°04.6′E,8 km,2.5,震度１,32.96666667,131.0766667
2016/4/16,14:26:13,熊本県熊本地方,32°40.1′N,130°44.2′E,6 km,2.3,震度２,32.66833333,130.7366667
2016/4/16,14:27:04,熊本県熊本地方,32°39.0′N,130°44.5′E,8 km,4.6,震度４,32.65,130.7416667
2016/4/16,14:29:21,熊本県熊本地方,32°40.5′N,130°44.0′E,10 km,3.1,震度２,32.675,130.7333333
2016/4/16,14:29:40,大分県中部,33°14.1′N,131°20.8′E,10 km,3,震度１,33.235,131.3466667
2016/4/16,14:31:24,熊本県阿蘇地方,32°58.8′N,131°06.2′E,10 km,2.3,震度１,32.98,131.1033333
2016/4/16,14:31:35,熊本県熊本地方,32°39.8′N,130°43.2′E,8 km,3,震度２,32.66333333,130.72
2016/4/16,14:32:22,熊本県熊本地方,32°44.9′N,130°46.7′E,10 km,3.5,震度３,32.74833333,130.7783333
2016/4/16,14:34:29,熊本県阿蘇地方,32°56.3′N,131°02.3′E,10 km,2.4,震度１,32.93833333,131.0383333
2016/4/16,14:34:58,大分県中部,33°18.1′N,131°28.8′E,5 km,1.4,震度１,33.30166667,131.48
2016/4/16,14:35:00,熊本県熊本地方,32°44.9′N,130°46.9′E,9 km,2.4,震度１,32.74833333,130.7816667
2016/4/16,14:37:03,熊本県熊本地方,32°48.0′N,130°49.2′E,12 km,2.9,震度１,32.8,130.82
2016/4/16,14:39:58,熊本県熊本地方,32°45.2′N,130°43.7′E,12 km,2.2,震度１,32.75333333,130.7283333
2016/4/16,14:41:10,熊本県阿蘇地方,32°56.8′N,131°06.1′E,9 km,2.6,震度２,32.94666667,131.1016667
2016/4/16,14:45:17,熊本県熊本地方,32°51.3′N,130°52.4′E,11 km,1.9,震度１,32.855,130.8733333
2016/4/16,14:46:58,熊本県熊本地方,32°43.5′N,130°45.7′E,12 km,3.8,震度３,32.725,130.7616667
2016/4/16,14:47:53,熊本県阿蘇地方,32°57.3′N,131°07.2′E,10 km,1.7,震度１,32.955,131.12
2016/4/16,14:49:38,熊本県熊本地方,32°42.8′N,130°47.3′E,6 km,2.2,震度１,32.71333333,130.7883333
2016/4/16,14:50:04,熊本県阿蘇地方,32°57.6′N,131°06.1′E,10 km,2.3,震度１,32.96,131.1016667
2016/4/16,14:50:18,熊本県熊本地方,32°50.1′N,130°47.6′E,14 km,2.6,震度２,32.835,130.7933333
2016/4/16,14:50:42,熊本県熊本地方,32°51.7′N,130°53.7′E,11 km,2.2,震度１,32.86166667,130.895
2016/4/16,14:52:37,熊本県熊本地方,32°38.3′N,130°43.5′E,4 km,1.9,震度２,32.63833333,130.725
2016/4/16,14:53:55,熊本県熊本地方,32°49.8′N,130°49.3′E,16 km,2.6,震度２,32.83,130.8216667
2016/4/16,14:58:25,熊本県阿蘇地方,33°02.6′N,131°12.4′E,6 km,3.5,震度３,33.04333333,131.2066667
2016/4/16,14:59:06,熊本県熊本地方,32°40.0′N,130°45.2′E,7 km,3,震度３,32.66666667,130.7533333
2016/4/16,14:59:38,熊本県阿蘇地方,32°55.6′N,131°02.1′E,8 km,2.5,震度１,32.92666667,131.035
2016/4/16,15:01:03,大分県中部,33°14.4′N,131°20.2′E,8 km,2.2,震度１,33.24,131.3366667
2016/4/16,15:01:11,熊本県熊本地方,32°48.9′N,130°52.2′E,9 km,2.5,震度１,32.815,130.87
2016/4/16,15:03:37,熊本県熊本地方,32°52.6′N,130°52.6′E,13 km,2.6,震度１,32.87666667,130.8766667
2016/4/16,15:07:23,大分県中部,33°16.2′N,131°24.2′E,6 km,1.9,震度１,33.27,131.4033333
2016/4/16,15:08:08,熊本県阿蘇地方,32°59.5′N,131°06.5′E,10 km,3,震度１,32.99166667,131.1083333
2016/4/16,15:11:02,熊本県阿蘇地方,32°56.6′N,131°06.0′E,7 km,2.4,震度２,32.94333333,131.1
2016/4/16,15:11:56,大分県中部,33°16.1′N,131°21.6′E,7 km,2.1,震度２,33.26833333,131.36
2016/4/16,15:15:09,熊本県熊本地方,32°49.2′N,130°49.2′E,13 km,3.6,震度３,32.82,130.82
2016/4/16,15:16:00,大分県中部,33°16.3′N,131°21.3′E,5 km,2.6,震度３,33.27166667,131.355
2016/4/16,15:16:32,熊本県熊本地方,32°48.9′N,130°49.1′E,14 km,2.7,震度１,32.815,130.8183333
2016/4/16,15:16:49,熊本県阿蘇地方,33°00.2′N,131°13.2′E,7 km,2.3,震度１,33.00333333,131.22
2016/4/16,15:19:07,熊本県熊本地方,32°39.4′N,130°43.8′E,6 km,1.8,震度１,32.65666667,130.73
2016/4/16,15:20:09,熊本県阿蘇地方,32°58.1′N,131°01.6′E,9 km,2.9,震度１,32.96833333,131.0266667
2016/4/16,15:21:08,熊本県阿蘇地方,32°58.3′N,131°06.2′E,10 km,2.1,震度１,32.97166667,131.1033333
2016/4/16,15:25:47,熊本県熊本地方,32°42.1′N,130°47.0′E,9 km,2.8,震度１,32.70166667,130.7833333
2016/4/16,15:28:05,熊本県阿蘇地方,33°07.4′N,131°10.3′E,9 km,3,震度１,33.12333333,131.1716667
2016/4/16,15:28:51,熊本県阿蘇地方,32°59.3′N,131°06.1′E,8 km,2.6,震度２,32.98833333,131.1016667
2016/4/16,15:29:10,熊本県熊本地方,32°51.2′N,130°51.6′E,14 km,2.5,震度１,32.85333333,130.86
2016/4/16,15:29:36,熊本県阿蘇地方,32°58.2′N,131°01.7′E,9 km,2.6,震度１,32.97,131.0283333
2016/4/16,15:34:09,熊本県熊本地方,32°44.9′N,130°44.5′E,11 km,2.3,震度１,32.74833333,130.7416667
2016/4/16,15:34:54,熊本県熊本地方,32°39.6′N,130°41.1′E,12 km,3,震度２,32.66,130.685
2016/4/16,15:35:09,大分県中部,33°17.5′N,131°22.3′E,9 km,3.2,震度２,33.29166667,131.3716667
2016/4/16,15:38:11,熊本県熊本地方,32°40.1′N,130°43.2′E,13 km,2.2,震度１,32.66833333,130.72
2016/4/16,15:38:35,熊本県阿蘇地方,32°54.5′N,131°04.7′E,7 km,1.9,震度２,32.90833333,131.0783333
2016/4/16,15:38:51,大分県中部,33°17.0′N,131°20.0′E,8 km,3.1,震度２,33.28333333,131.3333333
2016/4/16,15:41:43,熊本県阿蘇地方,33°00.3′N,131°13.0′E,9 km,2.9,震度２,33.005,131.2166667
2016/4/16,15:42:06,熊本県阿蘇地方,32°59.2′N,131°06.0′E,8 km,2.5,震度１,32.98666667,131.1
2016/4/16,15:42:58,熊本県熊本地方,32°50.7′N,130°52.7′E,12 km,2.3,震度１,32.845,130.8783333
2016/4/16,15:44:24,熊本県熊本地方,32°37.6′N,130°41.7′E,5 km,3.6,震度３,32.62666667,130.695
2016/4/16,15:48:12,熊本県熊本地方,32°45.3′N,130°38.9′E,14 km,4,震度３,32.755,130.6483333
2016/4/16,15:49:22,熊本県熊本地方,32°51.5′N,130°52.9′E,11 km,2.6,震度２,32.85833333,130.8816667
2016/4/16,15:50:32,大分県中部,33°16.3′N,131°22.9′E,8 km,2.2,震度１,33.27166667,131.3816667
2016/4/16,15:50:52,熊本県熊本地方,32°46.3′N,130°44.6′E,12 km,1.9,震度１,32.77166667,130.7433333
2016/4/16,15:56:10,大分県西部,33°17.0′N,131°19.9′E,8 km,2.6,震度２,33.28333333,131.3316667
2016/4/16,16:01:10,熊本県熊本地方,32°44.0′N,130°37.9′E,12 km,2.2,震度１,32.73333333,130.6316667
2016/4/16,16:02:01,熊本県熊本地方,32°41.9′N,130°43.2′E,12 km,5.4,震度５弱,32.69833333,130.72
2016/4/16,16:03:34,熊本県熊本地方,33°01.0′N,130°49.0′E,13 km,2.7,震度１,33.01666667,130.8166667
2016/4/16,16:03:44,熊本県熊本地方,32°41.9′N,130°43.8′E,11 km,2.5,震度２,32.69833333,130.73
2016/4/16,16:03:50,熊本県熊本地方,32°41.9′N,130°43.7′E,12 km,3.4,震度２,32.69833333,130.7283333
2016/4/16,16:04:45,熊本県熊本地方,32°41.6′N,130°43.6′E,12 km,3.1,震度２,32.69333333,130.7266667
2016/4/16,16:09:20,熊本県熊本地方,32°39.7′N,130°43.8′E,7 km,2.1,震度２,32.66166667,130.73
2016/4/16,16:10:24,大分県中部,33°14.5′N,131°20.1′E,9 km,2.5,震度２,33.24166667,131.335
2016/4/16,16:10:25,熊本県熊本地方,32°41.2′N,130°43.1′E,13 km,3.1,震度２,32.68666667,130.7183333
2016/4/16,16:12:07,熊本県熊本地方,32°41.6′N,130°42.9′E,11 km,2.6,震度１,32.69333333,130.715
2016/4/16,16:19:01,熊本県阿蘇地方,32°55.3′N,131°03.6′E,7 km,2.5,震度２,32.92166667,131.06
2016/4/16,16:20:31,熊本県熊本地方,32°41.8′N,130°43.2′E,11 km,2,震度１,32.69666667,130.72
2016/4/16,16:21:40,熊本県熊本地方,32°42.3′N,130°42.8′E,11 km,2.2,震度１,32.705,130.7133333
2016/4/16,16:25:13,大分県中部,33°17.4′N,131°22.6′E,9 km,3.1,震度２,33.29,131.3766667
2016/4/16,16:27:30,熊本県熊本地方,32°51.4′N,130°49.8′E,15 km,2.6,震度２,32.85666667,130.83
2016/4/16,16:28:26,熊本県熊本地方,32°48.8′N,130°49.2′E,12 km,2.4,震度１,32.81333333,130.82
2016/4/16,16:29:20,大分県中部,33°15.8′N,131°22.6′E,10 km,2.2,震度１,33.26333333,131.3766667
2016/4/16,16:35:11,熊本県熊本地方,32°51.5′N,130°50.8′E,13 km,2,震度１,32.85833333,130.8466667
2016/4/16,16:39:57,熊本県熊本地方,32°42.2′N,130°43.4′E,11 km,2.5,震度１,32.70333333,130.7233333
2016/4/16,16:40:40,熊本県熊本地方,32°46.2′N,130°44.7′E,12 km,2.4,震度２,32.77,130.745
2016/4/16,16:46:10,大分県中部,33°14.3′N,131°20.6′E,11 km,1.8,震度１,33.23833333,131.3433333
2016/4/16,16:46:34,熊本県熊本地方,32°39.2′N,130°43.6′E,9 km,2.6,震度２,32.65333333,130.7266667
2016/4/16,16:49:15,熊本県熊本地方,32°45.3′N,130°45.7′E,17 km,2.6,震度１,32.755,130.7616667
2016/4/16,16:49:16,熊本県阿蘇地方,32°54.8′N,131°03.7′E,5 km,1.9,震度１,32.91333333,131.0616667
2016/4/16,16:49:47,熊本県熊本地方,32°51.3′N,130°49.9′E,14 km,1.7,震度１,32.855,130.8316667
2016/4/16,16:51:21,熊本県熊本地方,32°42.3′N,130°43.2′E,10 km,2.1,震度１,32.705,130.72
2016/4/16,16:54:48,熊本県熊本地方,32°40.9′N,130°43.5′E,12 km,2.2,震度１,32.68166667,130.725
2016/4/16,16:54:59,熊本県熊本地方,32°41.6′N,130°42.0′E,11 km,3.6,震度３,32.69333333,130.7
2016/4/16,16:57:07,熊本県熊本地方,32°41.7′N,130°43.4′E,11 km,3.2,震度３,32.695,130.7233333
2016/4/16,16:58:56,熊本県熊本地方,32°41.8′N,130°42.8′E,10 km,2.4,震度１,32.69666667,130.7133333
2016/4/16,17:00:30,熊本県熊本地方,32°38.9′N,130°40.7′E,9 km,2.5,震度１,32.64833333,130.6783333
2016/4/16,17:01:05,熊本県熊本地方,32°45.8′N,130°44.8′E,14 km,2.3,震度１,32.76333333,130.7466667
2016/4/16,17:01:52,熊本県阿蘇地方,32°59.9′N,131°06.7′E,9 km,2.7,震度２,32.99833333,131.1116667
2016/4/16,17:04:17,熊本県阿蘇地方,32°57.1′N,131°06.9′E,9 km,2.3,震度１,32.95166667,131.115
2016/4/16,17:04:37,熊本県熊本地方,32°50.8′N,130°50.0′E,7 km,2.2,震度１,32.84666667,130.8333333
2016/4/16,17:05:08,熊本県熊本地方,32°33.7′N,130°39.7′E,9 km,2.8,震度１,32.56166667,130.6616667
2016/4/16,17:05:28,熊本県熊本地方,32°38.4′N,130°41.5′E,4 km,2.8,震度３,32.64,130.6916667
2016/4/16,17:06:33,熊本県熊本地方,32°41.9′N,130°43.7′E,10 km,2.5,震度１,32.69833333,130.7283333
2016/4/16,17:06:54,大分県中部,33°16.7′N,131°20.7′E,6 km,1.9,震度１,33.27833333,131.345
2016/4/16,17:10:44,熊本県阿蘇地方,32°59.5′N,131°08.7′E,10 km,2.9,震度１,32.99166667,131.145
2016/4/16,17:15:26,熊本県熊本地方,32°36.8′N,130°41.4′E,4 km,2.2,震度１,32.61333333,130.69
2016/4/16,17:17:12,熊本県熊本地方,32°42.0′N,130°40.3′E,12 km,2.5,震度１,32.7,130.6716667
2016/4/16,17:17:49,熊本県熊本地方,32°51.3′N,130°51.6′E,11 km,3.5,震度４,32.855,130.86
2016/4/16,17:20:03,熊本県熊本地方,32°39.0′N,130°43.4′E,11 km,2.8,震度１,32.65,130.7233333
2016/4/16,17:22:16,大分県中部,33°15.8′N,131°21.6′E,10 km,2.8,震度１,33.26333333,131.36
2016/4/16,17:22:28,熊本県阿蘇地方,32°56.5′N,131°05.0′E,7 km,2.6,震度１,32.94166667,131.0833333
2016/4/16,17:29:38,熊本県熊本地方,32°45.9′N,130°41.5′E,13 km,2.6,震度１,32.765,130.6916667
2016/4/16,17:30:51,大分県中部,33°17.2′N,131°28.1′E,4 km,1.6,震度１,33.28666667,131.4683333
2016/4/16,17:31:51,熊本県熊本地方,32°38.0′N,130°41.5′E,4 km,2.5,震度２,32.63333333,130.6916667
2016/4/16,17:32:37,熊本県阿蘇地方,32°58.3′N,131°06.7′E,10 km,2.6,震度２,32.97166667,131.1116667
2016/4/16,17:34:48,熊本県阿蘇地方,32°57.5′N,131°07.4′E,11 km,2.3,震度１,32.95833333,131.1233333
2016/4/16,17:37:12,熊本県熊本地方,32°39.8′N,130°43.7′E,11 km,3,震度２,32.66333333,130.7283333
2016/4/16,17:38:45,熊本県熊本地方,32°42.2′N,130°44.7′E,12 km,2.6,震度２,32.70333333,130.745
2016/4/16,17:40:20,熊本県熊本地方,32°42.0′N,130°42.2′E,12 km,4.2,震度４,32.7,130.7033333
2016/4/16,17:42:13,熊本県熊本地方,32°51.7′N,130°53.3′E,11 km,1.8,震度１,32.86166667,130.8883333
2016/4/16,17:44:52,大分県中部,33°17.9′N,131°29.2′E,5 km,2.2,震度１,33.29833333,131.4866667
2016/4/16,17:48:20,熊本県阿蘇地方,32°55.7′N,130°59.9′E,11 km,2.5,震度１,32.92833333,130.9983333
2016/4/16,17:51:18,熊本県熊本地方,32°44.5′N,130°46.3′E,12 km,2.9,震度２,32.74166667,130.7716667
2016/4/16,17:52:11,熊本県熊本地方,32°41.8′N,130°43.8′E,11 km,2.1,震度１,32.69666667,130.73
2016/4/16,17:52:18,大分県中部,33°16.7′N,131°23.7′E,6 km,2.1,震度２,33.27833333,131.395
2016/4/16,17:52:33,熊本県阿蘇地方,32°58.0′N,131°04.0′E,12 km,1.8,震度１,32.96666667,131.0666667
2016/4/16,17:58:19,熊本県熊本地方,32°41.2′N,130°42.5′E,13 km,2.5,震度１,32.68666667,130.7083333
2016/4/16,17:59:07,熊本県熊本地方,32°52.0′N,130°50.9′E,15 km,1.7,震度１,32.86666667,130.8483333
2016/4/16,17:59:15,熊本県熊本地方,32°48.6′N,130°48.9′E,12 km,2.7,震度１,32.81,130.815
2016/4/16,17:59:30,熊本県熊本地方,32°40.3′N,130°43.0′E,13 km,2.6,震度１,32.67166667,130.7166667
2016/4/16,18:05:14,熊本県熊本地方,32°41.0′N,130°43.4′E,14 km,2.5,震度１,32.68333333,130.7233333
2016/4/16,18:05:48,熊本県熊本地方,32°37.8′N,130°42.2′E,5 km,1.9,震度１,32.63,130.7033333
2016/4/16,18:06:35,熊本県熊本地方,32°43.1′N,130°40.6′E,11 km,2.1,震度１,32.71833333,130.6766667
2016/4/16,18:07:22,熊本県熊本地方,32°44.7′N,130°44.8′E,13 km,2.6,震度１,32.745,130.7466667
2016/4/16,18:12:50,熊本県熊本地方,32°34.0′N,130°38.7′E,5 km,2.5,震度１,32.56666667,130.645
2016/4/16,18:12:49,熊本県熊本地方,32°45.4′N,130°38.0′E,9 km,2.1,震度１,32.75666667,130.6333333
2016/4/16,18:14:38,熊本県熊本地方,32°37.9′N,130°41.6′E,4 km,2.3,震度２,32.63166667,130.6933333
2016/4/16,18:16:14,熊本県熊本地方,32°43.9′N,130°46.7′E,12 km,2.3,震度１,32.73166667,130.7783333
2016/4/16,18:17:45,熊本県阿蘇地方,33°00.7′N,131°13.3′E,9 km,2.6,震度１,33.01166667,131.2216667
2016/4/16,18:19:31,熊本県熊本地方,32°47.4′N,130°42.5′E,11 km,1.3,震度１,32.79,130.7083333
2016/4/16,18:21:34,大分県中部,33°18.3′N,131°29.0′E,3 km,1.3,震度１,33.305,131.4833333
2016/4/16,18:23:13,熊本県阿蘇地方,32°59.1′N,131°03.8′E,9 km,2.6,震度１,32.985,131.0633333
2016/4/16,18:25:11,熊本県熊本地方,32°39.1′N,130°43.3′E,10 km,4,震度４,32.65166667,130.7216667
2016/4/16,18:28:02,熊本県熊本地方,32°45.0′N,130°47.6′E,11 km,2.9,震度２,32.75,130.7933333
2016/4/16,18:36:04,熊本県阿蘇地方,32°59.6′N,131°05.9′E,10 km,3.3,震度２,32.99333333,131.0983333
2016/4/16,18:39:36,熊本県阿蘇地方,32°56.9′N,131°04.1′E,9 km,1.9,震度１,32.94833333,131.0683333
2016/4/16,18:49:29,熊本県阿蘇地方,32°57.8′N,131°05.0′E,10 km,2.1,震度１,32.96333333,131.0833333
2016/4/16,18:50:37,熊本県阿蘇地方,32°58.0′N,131°03.2′E,9 km,2.6,震度１,32.96666667,131.0533333
2016/4/16,18:53:24,熊本県熊本地方,32°45.1′N,130°47.3′E,9 km,2.1,震度１,32.75166667,130.7883333
2016/4/16,18:55:30,熊本県熊本地方,32°35.1′N,130°40.8′E,12 km,2.5,震度１,32.585,130.68
2016/4/16,18:56:19,和歌山県北部,34°02.4′N,135°13.9′E,6 km,2.8,震度１,34.04,135.2316667
2016/4/16,18:57:25,熊本県阿蘇地方,32°55.5′N,131°04.7′E,9 km,2.2,震度１,32.925,131.0783333
2016/4/16,18:58:37,熊本県熊本地方,32°37.7′N,130°44.2′E,5 km,2.2,震度２,32.62833333,130.7366667
2016/4/16,19:02:53,熊本県熊本地方,32°43.2′N,130°46.9′E,10 km,3.2,震度２,32.72,130.7816667
2016/4/16,19:04:01,熊本県熊本地方,32°41.8′N,130°43.2′E,14 km,2.7,震度１,32.69666667,130.72
2016/4/16,19:07:20,熊本県阿蘇地方,33°00.6′N,131°10.2′E,8 km,2.8,震度１,33.01,131.17
2016/4/16,19:07:42,熊本県熊本地方,32°38.9′N,130°42.6′E,6 km,2.1,震度１,32.64833333,130.71
2016/4/16,19:07:44,熊本県阿蘇地方,32°58.4′N,131°03.8′E,11 km,2.4,震度１,32.97333333,131.0633333
2016/4/16,19:11:39,熊本県熊本地方,32°39.5′N,130°44.4′E,6 km,2,震度１,32.65833333,130.74
2016/4/16,19:14:15,熊本県阿蘇地方,32°58.1′N,131°05.1′E,6 km,2.4,震度１,32.96833333,131.085
2016/4/16,19:16:14,熊本県熊本地方,32°36.8′N,130°42.3′E,3 km,2.4,震度１,32.61333333,130.705
2016/4/16,19:22:36,熊本県熊本地方,32°43.5′N,130°45.7′E,12 km,2.4,震度１,32.725,130.7616667
2016/4/16,19:23:51,熊本県阿蘇地方,32°58.5′N,131°06.5′E,10 km,3.3,震度２,32.975,131.1083333
2016/4/16,19:30:07,大分県中部,33°14.1′N,131°19.6′E,10 km,2,震度１,33.235,131.3266667
2016/4/16,19:30:10,熊本県熊本地方,32°51.9′N,130°51.5′E,13 km,2.5,震度１,32.865,130.8583333
2016/4/16,19:33:02,熊本県熊本地方,32°30.4′N,130°37.6′E,14 km,2.5,震度１,32.50666667,130.6266667
2016/4/16,19:33:24,熊本県熊本地方,32°39.0′N,130°42.0′E,9 km,2.4,震度１,32.65,130.7
2016/4/16,19:35:31,熊本県熊本地方,32°38.7′N,130°42.2′E,6 km,1.9,震度１,32.645,130.7033333
2016/4/16,19:37:33,熊本県熊本地方,32°52.8′N,130°53.5′E,9 km,2,震度１,32.88,130.8916667
2016/4/16,19:38:19,大分県中部,33°16.2′N,131°21.6′E,7 km,1.7,震度１,33.27,131.36
2016/4/16,19:41:11,熊本県熊本地方,32°46.4′N,130°42.8′E,9 km,2.1,震度２,32.77333333,130.7133333
2016/4/16,19:41:20,熊本県熊本地方,32°51.4′N,130°49.7′E,12 km,2,震度１,32.85666667,130.8283333
2016/4/16,19:42:05,熊本県熊本地方,32°38.9′N,130°42.5′E,13 km,2.7,震度１,32.64833333,130.7083333
2016/4/16,19:42:57,熊本県熊本地方,32°35.9′N,130°39.5′E,12 km,2.5,震度１,32.59833333,130.6583333
2016/4/16,19:43:22,熊本県熊本地方,32°50.8′N,130°53.0′E,10 km,2.5,震度１,32.84666667,130.8833333
2016/4/16,19:44:01,熊本県熊本地方,32°30.9′N,130°35.5′E,9 km,2.3,震度１,32.515,130.5916667
2016/4/16,19:46:10,熊本県熊本地方,32°40.2′N,130°45.8′E,7 km,2.7,震度２,32.67,130.7633333
2016/4/16,19:48:57,大分県中部,33°15.7′N,131°21.7′E,8 km,2.3,震度１,33.26166667,131.3616667
2016/4/16,19:52:21,大分県中部,33°18.9′N,131°28.6′E,4 km,2.1,震度２,33.315,131.4766667
2016/4/16,19:52:57,大分県中部,33°16.2′N,131°24.8′E,6 km,2.3,震度１,33.27,131.4133333
2016/4/16,19:55:44,熊本県阿蘇地方,32°57.9′N,131°03.6′E,6 km,2,震度１,32.965,131.06
2016/4/16,19:56:52,熊本県熊本地方,32°43.4′N,130°39.1′E,12 km,2,震度１,32.72333333,130.6516667
2016/4/16,19:57:14,熊本県阿蘇地方,33°03.0′N,131°09.0′E,10 km,3.1,震度１,33.05,131.15
2016/4/16,20:00:07,熊本県熊本地方,32°39.0′N,130°43.6′E,9 km,2.3,震度１,32.65,130.7266667
2016/4/16,20:00:32,熊本県熊本地方,32°53.3′N,130°53.5′E,14 km,2.4,震度１,32.88833333,130.8916667
2016/4/16,20:01:49,熊本県熊本地方,32°52.5′N,130°51.8′E,11 km,3,震度２,32.875,130.8633333
2016/4/16,20:07:38,熊本県熊本地方,32°48.5′N,130°48.7′E,12 km,2.5,震度１,32.80833333,130.8116667
2016/4/16,20:14:45,熊本県熊本地方,32°48.1′N,130°51.1′E,10 km,2.2,震度１,32.80166667,130.8516667
2016/4/16,20:15:56,熊本県熊本地方,32°45.8′N,130°46.5′E,15 km,2.5,震度１,32.76333333,130.775
2016/4/16,20:20:17,熊本県熊本地方,32°36.7′N,130°42.4′E,4 km,2.4,震度２,32.61166667,130.7066667
2016/4/16,20:22:21,大分県中部,33°16.4′N,131°23.0′E,7 km,2.6,震度１,33.27333333,131.3833333
2016/4/16,20:22:54,大分県中部,33°16.0′N,131°22.5′E,8 km,2.5,震度１,33.26666667,131.375
2016/4/16,20:28:13,熊本県熊本地方,32°37.9′N,130°43.6′E,8 km,2.5,震度２,32.63166667,130.7266667
2016/4/16,20:29:03,大分県中部,33°14.5′N,131°20.6′E,10 km,1.9,震度１,33.24166667,131.3433333
2016/4/16,20:30:32,熊本県熊本地方,32°33.0′N,130°38.9′E,8 km,2.6,震度１,32.55,130.6483333
2016/4/16,20:30:59,熊本県阿蘇地方,33°00.9′N,131°11.4′E,7 km,2.6,震度１,33.015,131.19
2016/4/16,20:33:01,熊本県阿蘇地方,33°00.6′N,131°07.1′E,10 km,2.9,震度１,33.01,131.1183333
2016/4/16,20:36:34,熊本県熊本地方,32°39.6′N,130°45.0′E,1 km,1.1,震度１,32.66,130.75
2016/4/16,20:38:29,熊本県熊本地方,32°43.4′N,130°46.2′E,10 km,2.4,震度２,32.72333333,130.77
2016/4/16,20:38:59,大分県中部,33°16.5′N,131°26.5′E,3 km,3.1,震度２,33.275,131.4416667
2016/4/16,20:44:02,熊本県熊本地方,32°33.9′N,130°39.5′E,9 km,3.7,震度３,32.565,130.6583333
2016/4/16,20:46:15,熊本県熊本地方,32°41.6′N,130°42.8′E,15 km,2.5,震度１,32.69333333,130.7133333
2016/4/16,20:47:44,大分県中部,33°17.1′N,131°27.2′E,7 km,2,震度１,33.285,131.4533333
2016/4/16,20:48:08,熊本県熊本地方,32°41.9′N,130°42.8′E,10 km,2.7,震度２,32.69833333,130.7133333
2016/4/16,20:55:12,熊本県熊本地方,32°39.1′N,130°44.2′E,8 km,2.9,震度２,32.65166667,130.7366667
2016/4/16,20:56:10,熊本県熊本地方,32°50.2′N,130°42.8′E,11 km,1.8,震度１,32.83666667,130.7133333
2016/4/16,20:56:23,熊本県阿蘇地方,32°56.0′N,131°05.0′E,3 km,1.8,震度１,32.93333333,131.0833333
2016/4/16,21:00:22,熊本県熊本地方,32°42.5′N,130°44.2′E,12 km,2.8,震度１,32.70833333,130.7366667
2016/4/16,21:02:02,熊本県阿蘇地方,32°55.7′N,131°03.0′E,10 km,2.8,震度３,32.92833333,131.05
2016/4/16,21:02:47,熊本県阿蘇地方,32°55.5′N,131°04.5′E,8 km,2.2,震度１,32.925,131.075
2016/4/16,21:05:06,熊本県熊本地方,32°45.1′N,130°45.3′E,18 km,4.4,震度４,32.75166667,130.755
2016/4/16,21:07:04,熊本県熊本地方,32°33.4′N,130°39.1′E,7 km,2.7,震度１,32.55666667,130.6516667
2016/4/16,21:07:47,熊本県阿蘇地方,32°55.6′N,131°04.4′E,8 km,2.6,震度２,32.92666667,131.0733333
2016/4/16,21:12:20,熊本県熊本地方,32°33.3′N,130°39.1′E,9 km,2.6,震度１,32.555,130.6516667
2016/4/16,21:16:40,熊本県熊本地方,32°39.0′N,130°44.6′E,7 km,2.5,震度１,32.65,130.7433333
2016/4/16,21:17:04,大分県中部,33°16.6′N,131°19.8′E,8 km,2.2,震度１,33.27666667,131.33
2016/4/16,21:21:43,熊本県熊本地方,32°49.1′N,130°46.3′E,16 km,,震度１,32.81833333,130.7716667
2016/4/16,21:27:58,熊本県熊本地方,32°45.4′N,130°42.6′E,9 km,2.5,震度３,32.75666667,130.71
2016/4/16,21:28:32,大分県中部,33°17.8′N,131°29.5′E,4 km,1.4,震度１,33.29666667,131.4916667
2016/4/16,21:29:36,熊本県熊本地方,32°39.4′N,130°44.0′E,9 km,2.2,震度１,32.65666667,130.7333333
2016/4/16,21:31:52,熊本県阿蘇地方,32°56.1′N,131°02.7′E,10 km,2.4,震度１,32.935,131.045
2016/4/16,21:36:31,熊本県熊本地方,32°45.8′N,130°45.1′E,11 km,2.3,震度１,32.76333333,130.7516667
2016/4/16,21:38:12,熊本県熊本地方,32°39.9′N,130°45.0′E,6 km,1.9,震度１,32.665,130.75
2016/4/16,21:39:02,熊本県熊本地方,32°44.3′N,130°43.3′E,12 km,2.7,震度１,32.73833333,130.7216667
2016/4/16,21:43:41,熊本県熊本地方,32°36.9′N,130°42.5′E,5 km,3.3,震度３,32.615,130.7083333
2016/4/16,21:44:39,熊本県熊本地方,32°33.3′N,130°39.2′E,9 km,3.8,震度３,32.555,130.6533333
2016/4/16,21:47:22,熊本県阿蘇地方,33°01.2′N,131°12.0′E,9 km,2.8,震度１,33.02,131.2
2016/4/16,21:50:31,熊本県阿蘇地方,32°57.9′N,131°03.9′E,12 km,3.8,震度３,32.965,131.065
2016/4/16,21:53:05,熊本県熊本地方,32°39.5′N,130°42.0′E,4 km,2,震度１,32.65833333,130.7
2016/4/16,21:53:59,熊本県阿蘇地方,32°57.1′N,131°03.6′E,11 km,2.5,震度１,32.95166667,131.06
2016/4/16,21:54:07,熊本県熊本地方,32°38.3′N,130°43.4′E,6 km,1.9,震度１,32.63833333,130.7233333
2016/4/16,21:54:37,熊本県熊本地方,32°45.4′N,130°42.5′E,9 km,2.3,震度２,32.75666667,130.7083333
2016/4/16,21:57:02,熊本県熊本地方,32°43.1′N,130°45.4′E,13 km,2.3,震度１,32.71833333,130.7566667
2016/4/16,21:57:50,大分県中部,33°14.3′N,131°20.1′E,9 km,2.2,震度２,33.23833333,131.335
2016/4/16,22:03:28,熊本県阿蘇地方,32°57.6′N,131°06.8′E,9 km,2.3,震度１,32.96,131.1133333
2016/4/16,22:03:45,熊本県熊本地方,32°49.3′N,130°40.3′E,7 km,1.8,震度１,32.82166667,130.6716667
2016/4/16,22:05:59,熊本県熊本地方,32°52.2′N,130°49.7′E,15 km,3.7,震度４,32.87,130.8283333
2016/4/16,22:07:04,熊本県熊本地方,32°52.2′N,130°49.6′E,14 km,2.2,震度１,32.87,130.8266667
2016/4/16,22:10:13,熊本県熊本地方,32°41.9′N,130°42.6′E,11 km,3.4,震度３,32.69833333,130.71
2016/4/16,22:21:30,熊本県熊本地方,32°40.1′N,130°44.0′E,13 km,2.4,震度１,32.66833333,130.7333333
2016/4/16,22:25:00,熊本県熊本地方,32°42.0′N,130°43.0′E,13 km,3.2,震度３,32.7,130.7166667
2016/4/16,22:25:03,大分県中部,33°16.3′N,131°20.8′E,9 km,2.1,震度１,33.27166667,131.3466667
2016/4/16,22:28:43,熊本県熊本地方,32°42.0′N,130°43.1′E,13 km,2.1,震度１,32.7,130.7183333
2016/4/16,22:31:22,熊本県熊本地方,32°46.4′N,130°47.0′E,14 km,2.5,震度１,32.77333333,130.7833333
2016/4/16,22:34:41,熊本県熊本地方,32°42.5′N,130°42.4′E,12 km,2.9,震度２,32.70833333,130.7066667
2016/4/16,22:37:48,熊本県熊本地方,32°40.9′N,130°44.0′E,14 km,2.5,震度２,32.68166667,130.7333333
2016/4/16,22:37:49,熊本県熊本地方,32°53.6′N,130°54.8′E,14 km,2.3,震度１,32.89333333,130.9133333
2016/4/16,22:39:44,熊本県熊本地方,32°49.9′N,130°49.4′E,13 km,2.2,震度１,32.83166667,130.8233333
2016/4/16,22:40:27,熊本県熊本地方,32°37.9′N,130°41.3′E,7 km,1.9,震度１,32.63166667,130.6883333
2016/4/16,22:42:25,熊本県熊本地方,32°41.0′N,130°44.0′E,12 km,2.4,震度１,32.68333333,130.7333333
2016/4/16,22:44:48,熊本県熊本地方,32°37.8′N,130°42.4′E,4 km,1.9,震度１,32.63,130.7066667
2016/4/16,22:44:54,大分県中部,33°14.2′N,131°20.9′E,9 km,2.1,震度１,33.23666667,131.3483333
2016/4/16,22:45:13,熊本県阿蘇地方,33°01.1′N,131°10.6′E,7 km,2.3,震度１,33.01833333,131.1766667
2016/4/16,22:46:08,熊本県熊本地方,32°47.3′N,130°46.3′E,10 km,2.5,震度２,32.78833333,130.7716667
2016/4/16,22:48:32,大分県中部,33°17.1′N,131°28.1′E,1 km,1.2,震度１,33.285,131.4683333
2016/4/16,22:50:45,熊本県熊本地方,32°39.1′N,130°43.8′E,12 km,2.7,震度１,32.65166667,130.73
2016/4/16,22:53:01,熊本県熊本地方,32°52.1′N,130°50.3′E,13 km,3.4,震度３,32.86833333,130.8383333
2016/4/16,22:56:10,熊本県熊本地方,32°52.1′N,130°50.3′E,13 km,1.8,震度１,32.86833333,130.8383333
2016/4/16,22:57:20,熊本県熊本地方,32°48.1′N,130°50.5′E,9 km,3,震度２,32.80166667,130.8416667
2016/4/16,23:00:27,熊本県熊本地方,32°45.2′N,130°47.7′E,10 km,2.1,震度１,32.75333333,130.795
2016/4/16,23:10:50,熊本県熊本地方,32°49.4′N,130°48.8′E,13 km,2.3,震度１,32.82333333,130.8133333
2016/4/16,23:11:08,熊本県熊本地方,32°39.3′N,130°42.8′E,12 km,2.6,震度１,32.655,130.7133333
2016/4/16,23:11:39,熊本県阿蘇地方,33°07.1′N,131°10.0′E,7 km,2.7,震度１,33.11833333,131.1666667
2016/4/16,23:12:47,熊本県阿蘇地方,32°56.2′N,131°03.5′E,8 km,2.7,震度２,32.93666667,131.0583333
2016/4/16,23:12:47,熊本県熊本地方,32°33.9′N,130°38.7′E,12 km,1.9,震度１,32.565,130.645
2016/4/16,23:19:28,熊本県天草・芦北地方,32°38.8′N,130°39.8′E,10 km,2.4,震度２,32.64666667,130.6633333
2016/4/16,23:20:57,熊本県熊本地方,32°42.1′N,130°40.2′E,13 km,2.6,震度２,32.70166667,130.67
2016/4/16,23:24:55,熊本県阿蘇地方,32°58.1′N,131°05.8′E,9 km,2.5,震度１,32.96833333,131.0966667
2016/4/16,23:26:24,大分県中部,33°16.5′N,131°22.5′E,9 km,3.6,震度３,33.275,131.375
2016/4/16,23:30:29,熊本県熊本地方,32°42.3′N,130°42.4′E,8 km,2.3,震度１,32.705,130.7066667
2016/4/16,23:31:26,大分県中部,33°17.8′N,131°28.5′E,6 km,2.9,震度２,33.29666667,131.475
2016/4/16,23:36:51,熊本県熊本地方,32°39.5′N,130°40.7′E,9 km,1.2,震度１,32.65833333,130.6783333
2016/4/16,23:41:10,大分県中部,33°17.9′N,131°28.7′E,5 km,1.5,震度１,33.29833333,131.4783333
2016/4/16,23:41:43,熊本県天草・芦北地方,32°28.5′N,130°34.4′E,5 km,2.1,震度１,32.475,130.5733333
2016/4/16,23:42:53,熊本県熊本地方,32°38.2′N,130°40.7′E,10 km,2.5,震度１,32.63666667,130.6783333
2016/4/16,23:44:35,熊本県熊本地方,32°33.6′N,130°39.2′E,8 km,3.1,震度２,32.56,130.6533333
2016/4/16,23:47:54,熊本県熊本地方,32°50.7′N,130°48.4′E,9 km,2.5,震度１,32.845,130.8066667
2016/4/16,23:48:19,大分県中部,33°17.0′N,131°28.8′E,6 km,1.8,震度１,33.28333333,131.48
2016/4/16,23:48:44,熊本県熊本地方,32°38.8′N,130°43.8′E,5 km,1.6,震度２,32.64666667,130.73
2016/4/16,23:50:35,熊本県熊本地方,32°45.4′N,130°45.3′E,14 km,2.3,震度１,32.75666667,130.755
2016/4/16,23:53:43,大分県中部,33°17.7′N,131°28.6′E,7 km,2,震度１,33.295,131.4766667
2016/4/16,23:54:29,熊本県阿蘇地方,33°02.3′N,131°11.9′E,8 km,4.2,震度４,33.03833333,131.1983333
2016/4/16,23:57:58,大分県中部,33°17.8′N,131°28.7′E,5 km,1.2,震度１,33.29666667,131.4783333
2016/4/17,0:02:46,熊本県熊本地方,32°35.9′N,130°39.9′E,4 km,1.9,震度１,32.59833333,130.665
2016/4/17,0:03:16,奄美大島近海,27°56.3′N,129°12.7′E,14 km,3.2,震度１,27.93833333,129.2116667
2016/4/17,0:03:33,熊本県熊本地方,32°51.6′N,130°51.0′E,14 km,3.4,震度３,32.86,130.85
2016/4/17,0:04:23,熊本県熊本地方,32°33.4′N,130°39.4′E,9 km,3.6,震度３,32.55666667,130.6566667
2016/4/17,0:05:52,熊本県阿蘇地方,32°58.4′N,131°06.3′E,9 km,2.7,震度１,32.97333333,131.105
2016/4/17,0:06:11,熊本県熊本地方,32°46.6′N,130°46.4′E,13 km,2.8,震度１,32.77666667,130.7733333
2016/4/17,0:14:52,熊本県阿蘇地方,32°57.7′N,131°04.7′E,9 km,4.8,震度４,32.96166667,131.0783333
2016/4/17,0:16:23,熊本県阿蘇地方,32°57.1′N,131°03.4′E,10 km,3,震度２,32.95166667,131.0566667
2016/4/17,0:20:33,熊本県阿蘇地方,33°02.0′N,131°11.9′E,6 km,2.9,震度１,33.03333333,131.1983333
2016/4/17,0:20:54,大分県中部,33°16.9′N,131°21.3′E,3 km,2.3,震度３,33.28166667,131.355
2016/4/17,0:22:13,熊本県阿蘇地方,32°58.1′N,131°06.0′E,9 km,2.5,震度１,32.96833333,131.1
2016/4/17,0:22:24,熊本県熊本地方,32°37.6′N,130°42.1′E,4 km,2.2,震度１,32.62666667,130.7016667
2016/4/17,0:22:49,熊本県熊本地方,32°33.3′N,130°39.2′E,8 km,2.7,震度２,32.555,130.6533333
2016/4/17,0:23:28,熊本県熊本地方,32°38.7′N,130°43.0′E,4 km,3.2,震度４,32.645,130.7166667
2016/4/17,0:24:11,熊本県阿蘇地方,32°56.3′N,131°02.3′E,10 km,2.5,震度１,32.93833333,131.0383333
2016/4/17,0:24:51,熊本県熊本地方,32°41.3′N,130°43.1′E,15 km,2.3,震度１,32.68833333,130.7183333
2016/4/17,0:37:25,熊本県熊本地方,32°38.4′N,130°43.8′E,4 km,1.7,震度２,32.64,130.73
2016/4/17,0:40:41,熊本県阿蘇地方,32°57.6′N,131°04.7′E,10 km,3.1,震度２,32.96,131.0783333
2016/4/17,0:40:46,大分県中部,33°17.0′N,131°30.4′E,10 km,2.4,震度１,33.28333333,131.5066667
2016/4/17,0:43:21,熊本県阿蘇地方,32°57.0′N,131°02.7′E,9 km,2.1,震度１,32.95,131.045
2016/4/17,0:44:32,熊本県熊本地方,32°42.3′N,130°43.4′E,11 km,2.1,震度１,32.705,130.7233333
2016/4/17,0:45:49,熊本県熊本地方,32°52.4′N,130°53.2′E,11 km,3.1,震度３,32.87333333,130.8866667
2016/4/17,0:47:57,熊本県阿蘇地方,33°01.3′N,131°11.2′E,6 km,2.4,震度１,33.02166667,131.1866667
2016/4/17,0:56:07,熊本県熊本地方,32°38.8′N,130°43.9′E,9 km,3.9,震度３,32.64666667,130.7316667
2016/4/17,0:59:26,熊本県阿蘇地方,33°00.7′N,131°12.1′E,9 km,3.9,震度４,33.01166667,131.2016667
2016/4/17,1:00:59,熊本県熊本地方,32°50.2′N,130°50.4′E,12 km,1.9,震度１,32.83666667,130.84
2016/4/17,1:13:28,熊本県熊本地方,32°45.1′N,130°45.5′E,13 km,2.7,震度１,32.75166667,130.7583333
2016/4/17,1:13:57,熊本県熊本地方,32°41.8′N,130°42.3′E,10 km,2.3,震度１,32.69666667,130.705
2016/4/17,1:15:55,熊本県熊本地方,32°41.7′N,130°42.7′E,11 km,2.6,震度１,32.695,130.7116667
2016/4/17,1:17:24,熊本県阿蘇地方,32°58.1′N,131°06.7′E,11 km,2.3,震度１,32.96833333,131.1116667
2016/4/17,1:18:44,大分県中部,33°16.8′N,131°21.0′E,7 km,1.7,震度１,33.28,131.35
2016/4/17,1:19:20,熊本県熊本地方,32°48.3′N,130°42.9′E,6 km,1.8,震度１,32.805,130.715
2016/4/17,1:20:31,熊本県熊本地方,32°41.7′N,130°42.6′E,11 km,2.3,震度１,32.695,130.71
2016/4/17,1:21:51,熊本県阿蘇地方,32°57.0′N,131°02.7′E,9 km,2.5,震度１,32.95,131.045
2016/4/17,1:23:13,熊本県熊本地方,32°44.2′N,130°45.0′E,12 km,2.4,震度１,32.73666667,130.75
2016/4/17,1:24:04,熊本県阿蘇地方,32°59.8′N,131°07.0′E,10 km,2.5,震度１,32.99666667,131.1166667
2016/4/17,1:24:29,大分県中部,33°16.2′N,131°23.2′E,7 km,2.1,震度１,33.27,131.3866667
2016/4/17,1:30:33,熊本県阿蘇地方,32°59.4′N,131°05.8′E,9 km,2.1,震度１,32.99,131.0966667
2016/4/17,1:31:27,熊本県熊本地方,32°48.3′N,130°42.5′E,8 km,1.9,震度１,32.805,130.7083333
2016/4/17,1:37:15,熊本県熊本地方,32°52.1′N,130°51.3′E,11 km,3.4,震度３,32.86833333,130.855
2016/4/17,1:41:01,熊本県熊本地方,32°39.7′N,130°43.0′E,13 km,2.8,震度１,32.66166667,130.7166667
2016/4/17,1:44:36,熊本県熊本地方,32°47.7′N,130°43.3′E,7 km,1.7,震度１,32.795,130.7216667
2016/4/17,1:51:40,熊本県熊本地方,32°37.7′N,130°38.2′E,9 km,3,震度２,32.62833333,130.6366667
2016/4/17,1:58:20,熊本県阿蘇地方,33°01.2′N,131°10.9′E,6 km,2.4,震度１,33.02,131.1816667
2016/4/17,1:59:27,熊本県阿蘇地方,33°00.4′N,131°05.9′E,11 km,2.8,震度２,33.00666667,131.0983333
2016/4/17,2:00:09,熊本県阿蘇地方,33°00.6′N,131°08.8′E,7 km,2.5,震度１,33.01,131.1466667
2016/4/17,2:05:43,熊本県阿蘇地方,32°57.8′N,131°04.5′E,1 km,1.8,震度１,32.96333333,131.075
2016/4/17,2:08:46,熊本県熊本地方,32°39.7′N,130°42.7′E,13 km,3.3,震度２,32.66166667,130.7116667
2016/4/17,2:15:02,熊本県阿蘇地方,32°57.9′N,131°05.5′E,9 km,2,震度１,32.965,131.0916667
2016/4/17,2:18:52,熊本県熊本地方,32°42.0′N,130°45.4′E,13 km,2.4,震度１,32.7,130.7566667
2016/4/17,2:21:22,熊本県熊本地方,32°48.5′N,130°42.0′E,7 km,2.3,震度２,32.80833333,130.7
2016/4/17,2:26:34,熊本県熊本地方,32°38.6′N,130°43.6′E,9 km,2.5,震度２,32.64333333,130.7266667
2016/4/17,2:26:47,熊本県阿蘇地方,33°01.8′N,131°10.7′E,8 km,2.5,震度１,33.03,131.1783333
2016/4/17,2:30:48,熊本県阿蘇地方,33°00.6′N,131°05.9′E,8 km,2.2,震度１,33.01,131.0983333
2016/4/17,2:32:49,熊本県熊本地方,32°41.3′N,130°48.4′E,0 km,1.6,震度１,32.68833333,130.8066667
2016/4/17,2:35:10,熊本県阿蘇地方,32°58.9′N,131°07.1′E,8 km,2.3,震度１,32.98166667,131.1183333
2016/4/17,2:41:55,熊本県熊本地方,32°52.1′N,130°49.5′E,14 km,2.5,震度１,32.86833333,130.825
2016/4/17,2:42:45,熊本県熊本地方,32°43.1′N,130°46.3′E,12 km,2.2,震度１,32.71833333,130.7716667
2016/4/17,2:43:27,熊本県熊本地方,32°42.4′N,130°40.7′E,13 km,2.1,震度１,32.70666667,130.6783333
2016/4/17,2:50:15,大分県中部,33°14.3′N,131°20.2′E,9 km,1.7,震度１,33.23833333,131.3366667
2016/4/17,2:57:42,熊本県熊本地方,32°51.7′N,130°49.8′E,13 km,2.6,震度２,32.86166667,130.83
2016/4/17,3:00:41,熊本県熊本地方,32°51.3′N,130°49.7′E,15 km,1.8,震度１,32.855,130.8283333
2016/4/17,3:03:33,熊本県熊本地方,32°37.8′N,130°41.8′E,4 km,1.8,震度１,32.63,130.6966667
2016/4/17,3:03:54,熊本県阿蘇地方,32°57.5′N,131°06.7′E,9 km,2.2,震度１,32.95833333,131.1116667
2016/4/17,3:04:49,熊本県阿蘇地方,32°59.4′N,131°07.4′E,9 km,2.5,震度１,32.99,131.1233333
2016/4/17,3:07:25,熊本県熊本地方,32°37.3′N,130°43.5′E,3 km,2.5,震度３,32.62166667,130.725
2016/4/17,3:12:45,大分県中部,33°17.8′N,131°28.9′E,6 km,1.9,震度２,33.29666667,131.4816667
2016/4/17,3:15:38,大分県中部,33°17.8′N,131°29.0′E,5 km,2.1,震度１,33.29666667,131.4833333
2016/4/17,3:17:12,大分県中部,33°15.7′N,131°21.1′E,9 km,2.1,震度２,33.26166667,131.3516667
2016/4/17,3:26:27,熊本県熊本地方,32°49.8′N,130°49.1′E,10 km,3.7,震度３,32.83,130.8183333
2016/4/17,3:27:36,熊本県阿蘇地方,32°56.3′N,131°01.1′E,11 km,3,震度１,32.93833333,131.0183333
2016/4/17,3:30:20,熊本県阿蘇地方,33°01.1′N,131°10.9′E,7 km,4,震度４,33.01833333,131.1816667
2016/4/17,3:33:17,熊本県熊本地方,32°46.3′N,130°44.9′E,11 km,2.3,震度１,32.77166667,130.7483333
2016/4/17,3:34:09,熊本県熊本地方,32°45.6′N,130°42.5′E,8 km,1.3,震度１,32.76,130.7083333
2016/4/17,3:39:35,熊本県熊本地方,32°48.2′N,130°50.9′E,8 km,2.2,震度１,32.80333333,130.8483333
2016/4/17,3:39:55,熊本県熊本地方,32°42.6′N,130°42.6′E,11 km,2.9,震度２,32.71,130.71
2016/4/17,3:49:50,熊本県阿蘇地方,32°53.2′N,130°59.9′E,10 km,2.3,震度１,32.88666667,130.9983333
2016/4/17,3:51:40,大分県中部,33°16.1′N,131°19.9′E,9 km,2.5,震度１,33.26833333,131.3316667
2016/4/17,3:53:11,熊本県阿蘇地方,33°01.7′N,131°11.7′E,10 km,2.4,震度１,33.02833333,131.195
2016/4/17,3:55:07,熊本県熊本地方,32°39.3′N,130°42.9′E,13 km,2.3,震度１,32.655,130.715
2016/4/17,4:16:46,熊本県熊本地方,32°49.8′N,130°50.6′E,11 km,2.4,震度１,32.83,130.8433333
2016/4/17,4:18:48,熊本県阿蘇地方,32°53.4′N,131°04.9′E,0 km,1,震度１,32.89,131.0816667
2016/4/17,4:25:31,熊本県阿蘇地方,33°01.2′N,131°11.3′E,7 km,3,震度２,33.02,131.1883333
2016/4/17,4:26:42,熊本県熊本地方,32°41.1′N,130°43.6′E,13 km,2.1,震度１,32.685,130.7266667
2016/4/17,4:29:19,熊本県熊本地方,32°42.3′N,130°43.4′E,17 km,3.6,震度２,32.705,130.7233333
2016/4/17,4:31:56,熊本県熊本地方,32°41.7′N,130°41.4′E,12 km,3.2,震度２,32.695,130.69
2016/4/17,4:33:09,熊本県天草・芦北地方,32°35.4′N,130°33.9′E,12 km,3.1,震度２,32.59,130.565
2016/4/17,4:44:02,熊本県阿蘇地方,32°59.0′N,131°04.2′E,9 km,3,震度２,32.98333333,131.07
2016/4/17,4:46:49,熊本県熊本地方,32°41.2′N,130°46.5′E,10 km,4.5,震度４,32.68666667,130.775
2016/4/17,4:48:17,熊本県熊本地方,32°41.0′N,130°46.2′E,10 km,2.6,震度２,32.68333333,130.77
2016/4/17,4:48:40,熊本県阿蘇地方,32°58.8′N,131°03.8′E,10 km,2.6,震度１,32.98,131.0633333
2016/4/17,4:52:34,熊本県熊本地方,32°49.8′N,130°49.0′E,12 km,2.4,震度１,32.83,130.8166667
2016/4/17,4:52:55,熊本県熊本地方,32°41.6′N,130°46.4′E,9 km,2.7,震度２,32.69333333,130.7733333
2016/4/17,4:54:10,熊本県熊本地方,32°51.0′N,130°48.6′E,14 km,2.9,震度３,32.85,130.81
2016/4/17,4:55:25,熊本県熊本地方,32°38.6′N,130°40.4′E,5 km,1.9,震度１,32.64333333,130.6733333
2016/4/17,4:57:39,熊本県熊本地方,32°41.7′N,130°46.6′E,10 km,2.6,震度２,32.695,130.7766667
2016/4/17,4:59:09,熊本県熊本地方,32°52.1′N,130°49.8′E,12 km,2.4,震度１,32.86833333,130.83
2016/4/17,5:05:19,熊本県阿蘇地方,33°02.9′N,131°08.0′E,11 km,3.5,震度２,33.04833333,131.1333333
2016/4/17,5:10:14,熊本県熊本地方,32°46.5′N,130°46.2′E,13 km,2.7,震度１,32.775,130.77
2016/4/17,5:16:26,熊本県阿蘇地方,32°59.0′N,131°05.7′E,10 km,3.1,震度２,32.98333333,131.095
2016/4/17,5:19:57,熊本県熊本地方,32°52.5′N,130°53.4′E,8 km,2.2,震度１,32.875,130.89
2016/4/17,5:23:04,熊本県熊本地方,32°50.4′N,130°49.7′E,10 km,2.6,震度２,32.84,130.8283333
2016/4/17,5:27:39,熊本県熊本地方,32°38.2′N,130°42.5′E,6 km,2.1,震度１,32.63666667,130.7083333
2016/4/17,5:28:36,胆振地方中東部,42°49.2′N,141°52.3′E,113 km,3.6,震度１,42.82,141.8716667
2016/4/17,5:33:41,熊本県熊本地方,32°38.7′N,130°42.0′E,6 km,2.2,震度１,32.645,130.7
2016/4/17,5:34:33,熊本県熊本地方,32°45.8′N,130°42.4′E,8 km,1.6,震度１,32.76333333,130.7066667
2016/4/17,5:41:39,熊本県熊本地方,32°41.4′N,130°46.6′E,10 km,3.6,震度３,32.69,130.7766667
2016/4/17,5:43:01,大分県中部,33°15.5′N,131°22.1′E,9 km,2.9,震度２,33.25833333,131.3683333
2016/4/17,5:50:37,熊本県熊本地方,32°32.6′N,130°39.7′E,7 km,2.3,震度１,32.54333333,130.6616667
2016/4/17,5:55:48,熊本県熊本地方,32°32.6′N,130°39.8′E,7 km,2.6,震度１,32.54333333,130.6633333
2016/4/17,5:56:52,熊本県熊本地方,32°42.9′N,130°41.4′E,11 km,2.1,震度１,32.715,130.69
2016/4/17,5:57:47,熊本県熊本地方,32°51.4′N,130°52.3′E,10 km,2.7,震度２,32.85666667,130.8716667
2016/4/17,5:59:25,熊本県熊本地方,32°48.3′N,130°43.1′E,3 km,1.7,震度１,32.805,130.7183333
2016/4/17,6:00:49,熊本県熊本地方,32°39.0′N,130°43.1′E,7 km,3.8,震度３,32.65,130.7183333
2016/4/17,6:13:55,大分県中部,33°18.1′N,131°30.6′E,7 km,2.4,震度２,33.30166667,131.51
2016/4/17,6:17:26,熊本県熊本地方,32°46.6′N,130°43.0′E,9 km,3.3,震度３,32.77666667,130.7166667
2016/4/17,6:21:24,熊本県熊本地方,32°43.6′N,130°47.6′E,10 km,2.3,震度２,32.72666667,130.7933333
2016/4/17,6:22:57,熊本県熊本地方,32°49.6′N,130°45.2′E,13 km,2.2,震度１,32.82666667,130.7533333
2016/4/17,6:30:49,熊本県熊本地方,32°38.9′N,130°43.7′E,8 km,1.8,震度１,32.64833333,130.7283333
2016/4/17,6:32:00,熊本県熊本地方,32°38.8′N,130°42.3′E,5 km,1.9,震度１,32.64666667,130.705
2016/4/17,6:33:59,熊本県熊本地方,32°47.1′N,130°40.3′E,7 km,1.7,震度１,32.785,130.6716667
2016/4/17,6:42:58,熊本県阿蘇地方,33°01.2′N,131°10.9′E,6 km,2.8,震度２,33.02,131.1816667
2016/4/17,6:44:42,熊本県熊本地方,32°51.8′N,130°51.7′E,10 km,1.8,震度１,32.86333333,130.8616667
2016/4/17,6:46:39,熊本県熊本地方,32°41.0′N,130°45.2′E,11 km,2.8,震度１,32.68333333,130.7533333
2016/4/17,6:49:36,熊本県熊本地方,32°40.4′N,130°43.4′E,14 km,2.8,震度１,32.67333333,130.7233333
2016/4/17,6:50:47,熊本県熊本地方,32°50.1′N,130°51.4′E,8 km,2.1,震度１,32.835,130.8566667
2016/4/17,6:51:41,熊本県阿蘇地方,33°01.1′N,131°11.8′E,9 km,3,震度１,33.01833333,131.1966667
2016/4/17,6:54:48,熊本県熊本地方,32°41.2′N,130°44.1′E,13 km,2.5,震度１,32.68666667,130.735
2016/4/17,7:01:40,熊本県熊本地方,32°34.1′N,130°39.4′E,11 km,3,震度１,32.56833333,130.6566667
2016/4/17,7:03:20,大分県中部,33°16.6′N,131°23.1′E,9 km,3.4,震度２,33.27666667,131.385
2016/4/17,7:06:59,大分県中部,33°15.3′N,131°21.2′E,6 km,2.3,震度２,33.255,131.3533333
2016/4/17,7:07:10,熊本県熊本地方,32°42.0′N,130°44.1′E,10 km,2,震度１,32.7,130.735
2016/4/17,7:10:10,熊本県熊本地方,32°36.7′N,130°43.0′E,4 km,2.6,震度２,32.61166667,130.7166667
2016/4/17,7:17:01,熊本県熊本地方,32°52.0′N,130°50.9′E,13 km,2.2,震度１,32.86666667,130.8483333
2016/4/17,7:20:36,熊本県熊本地方,32°44.3′N,130°45.1′E,12 km,3,震度２,32.73833333,130.7516667
2016/4/17,7:24:26,熊本県熊本地方,32°39.2′N,130°43.4′E,9 km,2.3,震度１,32.65333333,130.7233333
2016/4/17,7:26:26,熊本県熊本地方,32°44.7′N,130°47.5′E,10 km,2.6,震度２,32.745,130.7916667
2016/4/17,7:44:26,熊本県熊本地方,32°39.3′N,130°44.8′E,7 km,2.7,震度２,32.655,130.7466667
2016/4/17,7:48:33,大分県中部,33°16.6′N,131°23.3′E,9 km,3.4,震度２,33.27666667,131.3883333
2016/4/17,7:55:05,熊本県熊本地方,32°41.0′N,130°42.1′E,12 km,3,震度２,32.68333333,130.7016667
2016/4/17,8:02:14,熊本県熊本地方,32°49.7′N,130°53.3′E,11 km,2.8,震度２,32.82833333,130.8883333
2016/4/17,8:03:47,熊本県熊本地方,32°52.2′N,130°53.2′E,11 km,2.8,震度２,32.87,130.8866667
2016/4/17,8:05:19,熊本県熊本地方,32°37.5′N,130°41.9′E,3 km,1.9,震度１,32.625,130.6983333
2016/4/17,8:05:48,大分県中部,33°16.4′N,131°23.6′E,8 km,2.7,震度１,33.27333333,131.3933333
2016/4/17,8:08:20,熊本県熊本地方,32°48.3′N,130°42.5′E,6 km,1.6,震度１,32.805,130.7083333
2016/4/17,8:12:08,熊本県熊本地方,32°40.0′N,130°45.5′E,12 km,3.1,震度１,32.66666667,130.7583333
2016/4/17,8:21:34,熊本県熊本地方,32°42.1′N,130°42.3′E,14 km,2.3,震度１,32.70166667,130.705
2016/4/17,8:23:06,熊本県熊本地方,32°37.3′N,130°41.7′E,3 km,2,震度１,32.62166667,130.695
2016/4/17,8:26:03,熊本県熊本地方,32°51.5′N,130°46.7′E,10 km,2.3,震度１,32.85833333,130.7783333
2016/4/17,8:32:25,熊本県熊本地方,32°45.8′N,130°46.0′E,19 km,2.8,震度１,32.76333333,130.7666667
2016/4/17,8:36:19,熊本県熊本地方,32°37.7′N,130°38.2′E,9 km,3.1,震度１,32.62833333,130.6366667
2016/4/17,8:37:05,熊本県熊本地方,32°46.1′N,130°44.3′E,12 km,3,震度２,32.76833333,130.7383333
2016/4/17,8:38:19,熊本県熊本地方,32°52.6′N,130°52.7′E,10 km,2.1,震度１,32.87666667,130.8783333
2016/4/17,8:38:42,大分県中部,33°16.4′N,131°20.6′E,8 km,2.8,震度３,33.27333333,131.3433333
2016/4/17,8:41:21,熊本県熊本地方,32°41.5′N,130°42.9′E,14 km,2.3,震度１,32.69166667,130.715
2016/4/17,8:42:38,熊本県熊本地方,32°38.3′N,130°41.8′E,5 km,1.9,震度１,32.63833333,130.6966667
2016/4/17,8:44:19,大分県中部,33°14.4′N,131°20.2′E,10 km,2.3,震度２,33.24,131.3366667
2016/4/17,8:48:18,熊本県熊本地方,32°41.3′N,130°41.5′E,11 km,2.7,震度２,32.68833333,130.6916667
2016/4/17,8:51:21,熊本県阿蘇地方,33°02.1′N,131°11.9′E,7 km,3.2,震度１,33.035,131.1983333
2016/4/17,8:53:15,大分県中部,33°16.5′N,131°20.4′E,8 km,2.2,震度２,33.275,131.34
2016/4/17,8:56:14,大分県中部,33°14.4′N,131°20.5′E,9 km,2,震度１,33.24,131.3416667
2016/4/17,8:58:42,熊本県熊本地方,32°51.1′N,130°54.8′E,10 km,3.6,震度３,32.85166667,130.9133333
2016/4/17,9:03:09,熊本県熊本地方,32°51.1′N,130°54.9′E,10 km,2.3,震度１,32.85166667,130.915
2016/4/17,9:04:51,熊本県熊本地方,32°51.8′N,130°50.7′E,13 km,2.4,震度２,32.86333333,130.845
2016/4/17,9:07:02,熊本県熊本地方,32°43.6′N,130°42.8′E,13 km,2.8,震度２,32.72666667,130.7133333
2016/4/17,9:07:56,熊本県熊本地方,32°47.9′N,130°46.9′E,15 km,2.5,震度１,32.79833333,130.7816667
2016/4/17,9:13:03,大分県中部,33°16.8′N,131°20.5′E,4 km,1.5,震度２,33.28,131.3416667
2016/4/17,9:16:31,熊本県阿蘇地方,32°58.9′N,131°06.9′E,9 km,2.6,震度１,32.98166667,131.115
2016/4/17,9:17:14,熊本県熊本地方,32°45.8′N,130°43.7′E,9 km,2.1,震度２,32.76333333,130.7283333
2016/4/17,9:18:25,熊本県阿蘇地方,32°57.5′N,131°05.2′E,9 km,2.7,震度１,32.95833333,131.0866667
2016/4/17,9:20:30,熊本県熊本地方,32°48.7′N,130°41.6′E,11 km,2,震度２,32.81166667,130.6933333
2016/4/17,9:21:08,大分県中部,33°16.6′N,131°20.7′E,8 km,2.2,震度１,33.27666667,131.345
2016/4/17,9:27:09,大分県中部,33°15.8′N,131°21.5′E,9 km,2.1,震度１,33.26333333,131.3583333
2016/4/17,9:31:44,熊本県阿蘇地方,33°01.1′N,131°11.1′E,7 km,2.6,震度１,33.01833333,131.185
2016/4/17,9:33:55,熊本県熊本地方,32°41.1′N,130°44.8′E,13 km,2.6,震度１,32.685,130.7466667
2016/4/17,9:34:12,大分県中部,33°16.5′N,131°22.8′E,7 km,2.2,震度１,33.275,131.38
2016/4/17,9:36:34,熊本県熊本地方,32°45.9′N,130°45.5′E,13 km,2.9,震度１,32.765,130.7583333
2016/4/17,9:39:26,熊本県熊本地方,32°42.6′N,130°41.5′E,12 km,1.9,震度１,32.71,130.6916667
2016/4/17,9:40:37,熊本県熊本地方,32°36.4′N,130°43.1′E,4 km,3.9,震度４,32.60666667,130.7183333
2016/4/17,9:42:54,熊本県熊本地方,32°40.6′N,130°40.8′E,11 km,2.8,震度２,32.67666667,130.68
2016/4/17,9:47:39,熊本県熊本地方,32°48.5′N,130°42.4′E,7 km,1.4,震度１,32.80833333,130.7066667
2016/4/17,9:55:28,熊本県熊本地方,32°39.0′N,130°43.6′E,9 km,3.4,震度２,32.65,130.7266667
2016/4/17,9:58:48,熊本県熊本地方,32°40.7′N,130°46.2′E,10 km,3.8,震度４,32.67833333,130.77
2016/4/17,10:06:16,熊本県熊本地方,32°40.2′N,130°38.7′E,7 km,2,震度１,32.67,130.645
2016/4/17,10:11:56,熊本県熊本地方,32°48.2′N,130°51.3′E,14 km,2.4,震度１,32.80333333,130.855
2016/4/17,10:17:08,熊本県熊本地方,32°42.4′N,130°40.4′E,11 km,2.2,震度１,32.70666667,130.6733333
2016/4/17,10:17:33,熊本県熊本地方,32°41.0′N,130°46.1′E,9 km,2.7,震度２,32.68333333,130.7683333
2016/4/17,10:26:04,熊本県熊本地方,32°41.0′N,130°46.1′E,9 km,2.4,震度１,32.68333333,130.7683333
2016/4/17,10:31:54,熊本県熊本地方,32°46.0′N,130°44.6′E,11 km,2.2,震度１,32.76666667,130.7433333
2016/4/17,10:34:52,熊本県熊本地方,32°41.7′N,130°43.8′E,12 km,2.9,震度２,32.695,130.73
2016/4/17,10:37:39,熊本県熊本地方,32°41.4′N,130°45.9′E,10 km,3,震度２,32.69,130.765
2016/4/17,10:40:53,熊本県熊本地方,32°48.7′N,130°48.9′E,11 km,2.3,震度１,32.81166667,130.815
2016/4/17,10:48:19,熊本県阿蘇地方,32°58.2′N,131°04.8′E,7 km,2.5,震度１,32.97,131.08
2016/4/17,10:53:47,熊本県阿蘇地方,32°58.0′N,131°04.4′E,10 km,2.6,震度１,32.96666667,131.0733333
2016/4/17,10:54:25,大分県中部,33°17.7′N,131°29.5′E,3 km,1.5,震度１,33.295,131.4916667
2016/4/17,10:57:04,熊本県熊本地方,32°42.5′N,130°42.9′E,12 km,2.1,震度１,32.70833333,130.715
2016/4/17,10:59:15,熊本県熊本地方,32°33.3′N,130°42.3′E,8 km,4.1,震度３,32.555,130.705
2016/4/17,11:08:06,大分県中部,33°14.4′N,131°20.5′E,10 km,2,震度１,33.24,131.3416667
2016/4/17,11:09:19,熊本県熊本地方,32°45.3′N,130°45.2′E,14 km,2.3,震度１,32.755,130.7533333
2016/4/17,11:13:52,熊本県熊本地方,32°41.7′N,130°43.8′E,12 km,2.2,震度１,32.695,130.73
2016/4/17,11:18:31,熊本県阿蘇地方,32°58.2′N,131°04.7′E,10 km,2.2,震度２,32.97,131.0783333
2016/4/17,11:24:37,大分県中部,33°14.9′N,131°19.5′E,6 km,1.9,震度１,33.24833333,131.325
2016/4/17,11:31:45,熊本県阿蘇地方,32°59.1′N,131°05.6′E,8 km,2.5,震度２,32.985,131.0933333
2016/4/17,11:33:59,熊本県阿蘇地方,32°59.4′N,131°05.7′E,8 km,3.2,震度３,32.99,131.095
2016/4/17,11:35:09,大分県中部,33°16.6′N,131°23.4′E,9 km,2.4,震度１,33.27666667,131.39
2016/4/17,11:35:30,熊本県熊本地方,32°41.7′N,130°41.3′E,12 km,2.1,震度１,32.695,130.6883333
2016/4/17,11:50:19,熊本県阿蘇地方,32°54.6′N,131°00.6′E,10 km,2.4,震度２,32.91,131.01
2016/4/17,11:51:35,熊本県熊本地方,32°38.0′N,130°43.7′E,5 km,3.4,震度４,32.63333333,130.7283333
2016/4/17,12:01:55,熊本県熊本地方,32°46.5′N,130°48.7′E,14 km,3,震度２,32.775,130.8116667
2016/4/17,12:02:14,熊本県熊本地方,32°49.4′N,130°53.3′E,9 km,2.5,震度１,32.82333333,130.8883333
2016/4/17,12:09:07,熊本県熊本地方,32°41.4′N,130°45.8′E,9 km,2.5,震度１,32.69,130.7633333
2016/4/17,12:09:32,伊予灘,33°36.2′N,132°05.3′E,66 km,3.9,震度２,33.60333333,132.0883333
2016/4/17,12:15:09,熊本県熊本地方,32°51.9′N,130°53.4′E,9 km,3.2,震度２,32.865,130.89
2016/4/17,12:16:49,熊本県熊本地方,32°44.6′N,130°43.4′E,12 km,2.2,震度１,32.74333333,130.7233333
2016/4/17,12:20:07,熊本県阿蘇地方,32°48.7′N,131°05.9′E,5 km,2.6,震度３,32.81166667,131.0983333
2016/4/17,12:22:26,熊本県熊本地方,32°51.8′N,130°53.6′E,10 km,1.9,震度１,32.86333333,130.8933333
2016/4/17,12:22:36,熊本県熊本地方,32°46.7′N,130°47.9′E,10 km,2.5,震度１,32.77833333,130.7983333
2016/4/17,12:23:16,石垣島近海,24°43.2′N,124°09.6′E,67 km,3.9,震度１,24.72,124.16
2016/4/17,12:24:57,大分県中部,33°16.5′N,131°20.1′E,8 km,1.6,震度１,33.275,131.335
2016/4/17,12:27:28,熊本県熊本地方,32°47.5′N,130°46.5′E,17 km,4,震度３,32.79166667,130.775
2016/4/17,12:31:40,熊本県阿蘇地方,32°59.1′N,131°05.7′E,9 km,3,震度２,32.985,131.095
2016/4/17,12:32:55,熊本県熊本地方,32°39.6′N,130°44.0′E,9 km,3.4,震度３,32.66,130.7333333
2016/4/17,12:40:52,熊本県熊本地方,32°48.8′N,130°49.1′E,12 km,2.9,震度２,32.81333333,130.8183333
2016/4/17,12:46:15,熊本県熊本地方,32°48.5′N,130°43.5′E,8 km,1.8,震度２,32.80833333,130.725
2016/4/17,12:48:34,熊本県熊本地方,32°48.8′N,130°49.1′E,12 km,2.5,震度１,32.81333333,130.8183333
2016/4/17,12:50:40,熊本県熊本地方,32°42.2′N,130°44.8′E,10 km,2.3,震度１,32.70333333,130.7466667
2016/4/17,12:52:44,熊本県熊本地方,32°41.4′N,130°44.7′E,11 km,2.4,震度１,32.69,130.745
2016/4/17,12:55:43,熊本県熊本地方,32°50.9′N,130°53.9′E,9 km,2.2,震度１,32.84833333,130.8983333
2016/4/17,12:58:08,熊本県熊本地方,32°49.6′N,130°48.8′E,14 km,2.5,震度１,32.82666667,130.8133333
2016/4/17,13:12:10,熊本県熊本地方,32°40.7′N,130°42.4′E,11 km,3.1,震度２,32.67833333,130.7066667
2016/4/17,13:13:43,熊本県熊本地方,32°48.9′N,130°48.9′E,12 km,2.2,震度１,32.815,130.815
2016/4/17,13:13:58,熊本県阿蘇地方,32°58.3′N,131°05.9′E,6 km,4.4,震度４,32.97166667,131.0983333
2016/4/17,13:16:35,熊本県熊本地方,32°34.8′N,130°44.5′E,3 km,2.2,震度１,32.58,130.7416667
2016/4/17,13:19:22,熊本県阿蘇地方,32°58.7′N,131°06.0′E,8 km,2.6,震度１,32.97833333,131.1
2016/4/17,13:33:35,熊本県阿蘇地方,32°57.3′N,131°07.2′E,10 km,2.7,震度２,32.955,131.12
2016/4/17,13:38:51,熊本県熊本地方,32°42.3′N,130°46.9′E,10 km,3.8,震度３,32.705,130.7816667
2016/4/17,13:40:22,熊本県熊本地方,32°40.2′N,130°38.8′E,5 km,2.1,震度１,32.67,130.6466667
2016/4/17,13:44:41,熊本県熊本地方,32°51.6′N,130°52.4′E,12 km,3.1,震度２,32.86,130.8733333
2016/4/17,13:53:20,熊本県熊本地方,32°41.4′N,130°45.8′E,10 km,2.4,震度１,32.69,130.7633333
2016/4/17,14:00:13,熊本県阿蘇地方,32°56.3′N,131°06.2′E,10 km,2.2,震度２,32.93833333,131.1033333
2016/4/17,14:02:49,熊本県熊本地方,32°52.2′N,130°53.2′E,10 km,2.7,震度２,32.87,130.8866667
2016/4/17,14:03:51,熊本県熊本地方,32°39.1′N,130°41.7′E,7 km,2,震度１,32.65166667,130.695
2016/4/17,14:10:17,熊本県熊本地方,32°39.3′N,130°44.1′E,6 km,2.7,震度３,32.655,130.735
2016/4/17,14:10:41,熊本県熊本地方,32°41.3′N,130°43.8′E,13 km,2.5,震度１,32.68833333,130.73
2016/4/17,14:11:32,熊本県阿蘇地方,32°55.8′N,131°04.5′E,7 km,1.7,震度１,32.93,131.075
2016/4/17,14:12:39,熊本県熊本地方,32°43.5′N,130°45.8′E,12 km,2.8,震度１,32.725,130.7633333
2016/4/17,14:18:28,熊本県熊本地方,32°45.1′N,130°45.0′E,16 km,2.6,震度１,32.75166667,130.75
2016/4/17,14:21:27,熊本県熊本地方,32°48.7′N,130°40.1′E,6 km,2,震度１,32.81166667,130.6683333
2016/4/17,14:21:33,大分県中部,33°16.8′N,131°23.0′E,9 km,2.9,震度１,33.28,131.3833333
2016/4/17,14:26:06,大分県中部,33°15.7′N,131°21.9′E,7 km,2.1,震度２,33.26166667,131.365
2016/4/17,14:29:21,熊本県熊本地方,32°32.1′N,130°39.5′E,7 km,2.9,震度１,32.535,130.6583333
2016/4/17,14:41:06,熊本県熊本地方,32°36.9′N,130°42.7′E,4 km,3.4,震度３,32.615,130.7116667
2016/4/17,14:46:12,熊本県阿蘇地方,32°58.3′N,131°05.8′E,9 km,2.4,震度１,32.97166667,131.0966667
2016/4/17,14:50:39,熊本県熊本地方,32°42.1′N,130°46.8′E,9 km,2.4,震度２,32.70166667,130.78
2016/4/17,14:52:52,熊本県阿蘇地方,32°57.3′N,131°07.1′E,9 km,2.4,震度１,32.955,131.1183333
2016/4/17,14:58:00,熊本県熊本地方,32°45.6′N,130°44.4′E,9 km,2.6,震度２,32.76,130.74
2016/4/17,15:01:09,熊本県熊本地方,32°42.1′N,130°42.1′E,12 km,2.3,震度１,32.70166667,130.7016667
2016/4/17,15:07:11,熊本県熊本地方,32°43.8′N,130°45.6′E,12 km,2.4,震度１,32.73,130.76
2016/4/17,15:11:02,熊本県熊本地方,32°47.5′N,130°48.4′E,11 km,3.2,震度２,32.79166667,130.8066667
2016/4/17,15:35:01,大分県中部,33°16.3′N,131°21.6′E,8 km,3,震度３,33.27166667,131.36
2016/4/17,15:37:54,熊本県熊本地方,32°47.4′N,130°40.2′E,8 km,2.4,震度１,32.79,130.67
2016/4/17,15:40:26,熊本県熊本地方,32°45.9′N,130°43.0′E,9 km,1.5,震度１,32.765,130.7166667
2016/4/17,15:42:19,熊本県熊本地方,32°50.1′N,130°52.1′E,9 km,2.3,震度１,32.835,130.8683333
2016/4/17,15:48:29,大分県中部,33°15.9′N,131°21.2′E,8 km,1.8,震度１,33.265,131.3533333
2016/4/17,15:52:53,大分県中部,33°16.5′N,131°20.1′E,7 km,1.9,震度１,33.275,131.335
2016/4/17,15:53:25,熊本県熊本地方,32°43.5′N,130°39.5′E,12 km,2.1,震度１,32.725,130.6583333
2016/4/17,15:54:17,熊本県熊本地方,32°37.7′N,130°41.2′E,5 km,2,震度１,32.62833333,130.6866667
2016/4/17,15:57:14,熊本県熊本地方,32°38.0′N,130°43.8′E,7 km,3.7,震度３,32.63333333,130.73
2016/4/17,15:57:49,熊本県阿蘇地方,32°59.0′N,131°06.2′E,10 km,2.6,震度１,32.98333333,131.1033333
2016/4/17,16:08:51,熊本県熊本地方,32°42.4′N,130°43.6′E,10 km,3.6,震度３,32.70666667,130.7266667
2016/4/17,16:13:36,熊本県熊本地方,32°50.9′N,130°50.3′E,10 km,2.5,震度１,32.84833333,130.8383333
2016/4/17,16:25:07,熊本県熊本地方,32°48.5′N,130°40.5′E,6 km,2.1,震度２,32.80833333,130.675
2016/4/17,16:26:30,大分県中部,33°16.4′N,131°23.1′E,8 km,2.3,震度１,33.27333333,131.385
2016/4/17,16:27:03,熊本県熊本地方,32°44.5′N,130°45.7′E,14 km,2.7,震度１,32.74166667,130.7616667
2016/4/17,16:28:22,熊本県阿蘇地方,33°00.1′N,131°09.4′E,13 km,3.1,震度２,33.00166667,131.1566667
2016/4/17,16:30:27,大分県中部,33°15.8′N,131°21.9′E,7 km,1.6,震度１,33.26333333,131.365
2016/4/17,16:38:47,熊本県熊本地方,32°47.3′N,130°39.9′E,8 km,2.4,震度２,32.78833333,130.665
2016/4/17,16:39:07,熊本県熊本地方,32°52.9′N,130°53.5′E,10 km,2.1,震度１,32.88166667,130.8916667
2016/4/17,16:43:01,熊本県阿蘇地方,32°56.3′N,131°02.0′E,8 km,2.3,震度１,32.93833333,131.0333333
2016/4/17,16:45:16,熊本県熊本地方,32°52.1′N,130°53.1′E,8 km,2.3,震度１,32.86833333,130.885
2016/4/17,16:50:34,熊本県阿蘇地方,32°57.7′N,131°04.8′E,9 km,3.2,震度２,32.96166667,131.08
2016/4/17,16:51:40,熊本県阿蘇地方,33°02.1′N,131°11.6′E,7 km,3.3,震度２,33.035,131.1933333
2016/4/17,16:53:00,熊本県阿蘇地方,33°02.1′N,131°11.6′E,8 km,2.9,震度１,33.035,131.1933333
2016/4/17,16:55:32,熊本県阿蘇地方,32°59.1′N,131°05.7′E,8 km,2.3,震度２,32.985,131.095
2016/4/17,16:56:12,熊本県熊本地方,32°50.0′N,130°53.1′E,11 km,2.8,震度２,32.83333333,130.885
2016/4/17,16:58:48,熊本県阿蘇地方,32°58.0′N,131°06.6′E,7 km,2.9,震度２,32.96666667,131.11
2016/4/17,17:06:41,熊本県熊本地方,32°51.2′N,130°51.2′E,12 km,2.2,震度１,32.85333333,130.8533333
2016/4/17,17:07:20,熊本県熊本地方,32°50.3′N,130°53.9′E,10 km,2.2,震度１,32.83833333,130.8983333
2016/4/17,17:08:54,熊本県熊本地方,32°52.1′N,130°52.7′E,7 km,2.3,震度１,32.86833333,130.8783333
2016/4/17,17:09:42,熊本県熊本地方,32°45.3′N,130°41.0′E,9 km,1.3,震度１,32.755,130.6833333
2016/4/17,17:09:54,熊本県阿蘇地方,32°57.6′N,131°04.8′E,9 km,2.2,震度１,32.96,131.08
2016/4/17,17:14:16,熊本県熊本地方,32°50.6′N,130°52.2′E,10 km,2.4,震度２,32.84333333,130.87
2016/4/17,17:17:32,大分県中部,33°16.0′N,131°21.9′E,10 km,2.9,震度３,33.26666667,131.365
2016/4/17,17:23:03,大分県中部,33°14.8′N,131°22.2′E,8 km,2,震度１,33.24666667,131.37
2016/4/17,17:23:34,熊本県熊本地方,32°42.2′N,130°38.1′E,8 km,2.2,震度１,32.70333333,130.635
2016/4/17,17:28:10,熊本県熊本地方,32°45.7′N,130°44.2′E,9 km,2.3,震度１,32.76166667,130.7366667
2016/4/17,17:29:28,有明海,32°44.2′N,130°35.1′E,12 km,3.6,震度２,32.73666667,130.585
2016/4/17,17:37:29,熊本県阿蘇地方,32°57.7′N,131°04.7′E,13 km,2.4,震度１,32.96166667,131.0783333
2016/4/17,17:39:54,熊本県熊本地方,32°48.7′N,130°40.3′E,6 km,2.3,震度１,32.81166667,130.6716667
2016/4/17,17:45:14,熊本県熊本地方,32°36.7′N,130°42.0′E,2 km,2,震度１,32.61166667,130.7
2016/4/17,17:53:17,熊本県熊本地方,32°47.4′N,130°41.9′E,9 km,2.9,震度３,32.79,130.6983333
2016/4/17,18:05:55,熊本県熊本地方,32°39.0′N,130°44.8′E,7 km,2.4,震度２,32.65,130.7466667
2016/4/17,18:11:25,熊本県熊本地方,32°46.3′N,130°50.6′E,13 km,2.7,震度１,32.77166667,130.8433333
2016/4/17,18:12:26,熊本県熊本地方,32°38.7′N,130°41.5′E,9 km,2.9,震度１,32.645,130.6916667
2016/4/17,18:19:52,熊本県熊本地方,32°40.0′N,130°43.7′E,10 km,2.3,震度１,32.66666667,130.7283333
2016/4/17,18:25:03,大分県中部,33°16.1′N,131°21.5′E,10 km,3.3,震度３,33.26833333,131.3583333
2016/4/17,18:31:10,熊本県熊本地方,32°41.8′N,130°44.0′E,12 km,3,震度２,32.69666667,130.7333333
2016/4/17,18:33:18,熊本県熊本地方,32°39.3′N,130°40.9′E,13 km,3,震度２,32.655,130.6816667
2016/4/17,18:39:52,熊本県熊本地方,32°38.7′N,130°40.9′E,7 km,2.1,震度１,32.645,130.6816667
2016/4/17,18:48:08,熊本県熊本地方,32°33.4′N,130°38.7′E,4 km,2.3,震度１,32.55666667,130.645
2016/4/17,19:00:08,有明海,32°44.1′N,130°34.9′E,12 km,3.7,震度２,32.735,130.5816667
2016/4/17,19:15:01,熊本県熊本地方,32°39.5′N,130°40.5′E,8 km,1.9,震度１,32.65833333,130.675
2016/4/17,19:16:38,熊本県熊本地方,32°37.7′N,130°43.8′E,5 km,2,震度１,32.62833333,130.73
2016/4/17,19:21:51,熊本県熊本地方,32°51.3′N,130°49.6′E,14 km,2.8,震度２,32.855,130.8266667
2016/4/17,19:23:41,熊本県熊本地方,32°40.6′N,130°43.2′E,11 km,4.4,震度４,32.67666667,130.72
2016/4/17,19:28:39,熊本県熊本地方,32°40.8′N,130°42.1′E,12 km,2.4,震度１,32.68,130.7016667
2016/4/17,19:30:29,熊本県熊本地方,32°42.4′N,130°40.8′E,13 km,2.6,震度１,32.70666667,130.68
2016/4/17,19:30:58,大分県中部,33°18.7′N,131°28.9′E,7 km,2.7,震度２,33.31166667,131.4816667
2016/4/17,19:33:27,熊本県熊本地方,32°46.6′N,130°49.2′E,12 km,2.7,震度１,32.77666667,130.82
2016/4/17,19:40:29,熊本県阿蘇地方,32°58.1′N,131°05.8′E,9 km,3.3,震度３,32.96833333,131.0966667
2016/4/17,19:42:17,熊本県阿蘇地方,32°58.0′N,131°05.4′E,9 km,1.9,震度１,32.96666667,131.09
2016/4/17,19:52:17,熊本県熊本地方,32°36.9′N,130°43.9′E,4 km,1.7,震度１,32.615,130.7316667
2016/4/17,19:56:03,熊本県阿蘇地方,32°58.5′N,131°05.6′E,9 km,2.5,震度２,32.975,131.0933333
2016/4/17,20:04:30,大分県中部,33°15.2′N,131°22.4′E,9 km,2.4,震度１,33.25333333,131.3733333
2016/4/17,20:04:32,熊本県熊本地方,32°46.0′N,130°42.7′E,10 km,1.9,震度１,32.76666667,130.7116667
2016/4/17,20:06:04,熊本県熊本地方,32°38.4′N,130°43.5′E,7 km,2.1,震度１,32.64,130.725
2016/4/17,20:09:47,熊本県熊本地方,32°40.7′N,130°47.2′E,8 km,2.6,震度２,32.67833333,130.7866667
2016/4/17,20:28:00,熊本県熊本地方,32°33.2′N,130°39.4′E,9 km,3.3,震度２,32.55333333,130.6566667
2016/4/17,20:30:08,熊本県阿蘇地方,32°59.0′N,131°05.6′E,11 km,3.5,震度２,32.98333333,131.0933333
2016/4/17,20:32:01,熊本県熊本地方,32°51.9′N,130°51.2′E,13 km,2,震度１,32.865,130.8533333
2016/4/17,20:34:41,千葉県北西部,35°48.6′N,140°12.2′E,59 km,3.6,震度２,35.81,140.2033333
2016/4/17,21:01:15,大分県中部,33°17.2′N,131°21.9′E,10 km,2.4,震度１,33.28666667,131.365
2016/4/17,21:03:39,熊本県阿蘇地方,33°00.4′N,131°10.0′E,9 km,2.6,震度１,33.00666667,131.1666667
2016/4/17,21:12:50,大分県中部,33°16.3′N,131°21.5′E,9 km,2.1,震度１,33.27166667,131.3583333
2016/4/17,21:23:14,熊本県阿蘇地方,32°55.1′N,131°03.9′E,7 km,1.7,震度１,32.91833333,131.065
2016/4/17,21:36:49,熊本県阿蘇地方,32°57.5′N,131°03.7′E,11 km,3.4,震度２,32.95833333,131.0616667
2016/4/17,21:37:37,熊本県熊本地方,32°47.6′N,130°45.0′E,9 km,1.9,震度１,32.79333333,130.75
2016/4/17,21:39:11,熊本県熊本地方,32°40.8′N,130°43.8′E,13 km,2.5,震度１,32.68,130.73
2016/4/17,21:48:46,熊本県熊本地方,32°43.7′N,130°47.4′E,11 km,2.2,震度１,32.72833333,130.79
2016/4/17,21:58:38,熊本県熊本地方,32°51.9′N,130°56.4′E,9 km,2.5,震度２,32.865,130.94
2016/4/17,22:00:10,熊本県阿蘇地方,32°57.8′N,131°06.3′E,9 km,3.4,震度２,32.96333333,131.105
2016/4/17,22:05:56,熊本県阿蘇地方,32°57.5′N,131°03.9′E,12 km,3.5,震度２,32.95833333,131.065
2016/4/17,22:09:35,熊本県阿蘇地方,32°56.7′N,131°02.8′E,11 km,2.9,震度２,32.945,131.0466667
2016/4/17,22:10:32,熊本県熊本地方,32°30.7′N,130°36.7′E,1 km,1.7,震度１,32.51166667,130.6116667
2016/4/17,22:10:33,熊本県阿蘇地方,32°56.1′N,131°01.0′E,9 km,2.4,震度１,32.935,131.0166667
2016/4/17,22:10:58,熊本県熊本地方,32°41.1′N,130°41.6′E,12 km,2.7,震度２,32.685,130.6933333
2016/4/17,22:12:58,熊本県熊本地方,32°47.8′N,130°42.3′E,3 km,1.1,震度１,32.79666667,130.705
2016/4/17,22:13:40,熊本県熊本地方,32°39.0′N,130°42.8′E,7 km,2.1,震度１,32.65,130.7133333
2016/4/17,22:14:27,熊本県熊本地方,32°31.7′N,130°39.5′E,8 km,2.9,震度２,32.52833333,130.6583333
2016/4/17,22:17:06,熊本県熊本地方,32°45.0′N,130°44.0′E,12 km,2.9,震度２,32.75,130.7333333
2016/4/17,22:20:06,熊本県阿蘇地方,32°57.8′N,131°05.3′E,8 km,2.3,震度１,32.96333333,131.0883333
2016/4/17,22:28:03,熊本県熊本地方,32°40.6′N,130°44.8′E,11 km,2.7,震度１,32.67666667,130.7466667
2016/4/17,22:28:33,熊本県熊本地方,32°33.4′N,130°40.5′E,8 km,2.3,震度１,32.55666667,130.675
2016/4/17,22:29:14,熊本県熊本地方,32°46.4′N,130°46.8′E,18 km,2.5,震度１,32.77333333,130.78
2016/4/17,22:30:20,熊本県熊本地方,32°40.4′N,130°44.9′E,11 km,2.8,震度１,32.67333333,130.7483333
2016/4/17,22:30:44,熊本県天草・芦北地方,32°27.3′N,130°33.7′E,3 km,2.8,震度１,32.455,130.5616667
2016/4/17,22:43:04,熊本県熊本地方,32°50.8′N,130°53.7′E,8 km,1.9,震度１,32.84666667,130.895
2016/4/17,22:43:16,大分県中部,33°19.0′N,131°28.3′E,5 km,2.1,震度２,33.31666667,131.4716667
2016/4/17,22:49:22,熊本県熊本地方,32°31.8′N,130°39.6′E,8 km,2.5,震度１,32.53,130.66
2016/4/17,22:53:58,熊本県熊本地方,32°41.5′N,130°44.1′E,11 km,2.7,震度１,32.69166667,130.735
2016/4/17,22:56:35,熊本県熊本地方,32°38.7′N,130°43.1′E,7 km,3.8,震度４,32.645,130.7183333
2016/4/17,22:59:59,熊本県阿蘇地方,32°48.7′N,131°06.1′E,3 km,1.8,震度２,32.81166667,131.1016667
2016/4/17,23:09:16,熊本県熊本地方,32°38.8′N,130°42.9′E,8 km,2.8,震度２,32.64666667,130.715
2016/4/17,23:17:47,熊本県阿蘇地方,33°00.0′N,131°08.9′E,9 km,2.4,震度１,33,131.1483333
2016/4/17,23:26:45,熊本県熊本地方,32°44.2′N,130°45.3′E,12 km,2.8,震度２,32.73666667,130.755
2016/4/17,23:35:01,熊本県熊本地方,32°31.7′N,130°39.8′E,10 km,2.8,震度１,32.52833333,130.6633333
2016/4/17,23:38:21,熊本県熊本地方,32°41.7′N,130°43.8′E,13 km,3,震度２,32.695,130.73
2016/4/17,23:48:55,熊本県熊本地方,32°51.4′N,130°49.7′E,14 km,2.3,震度１,32.85666667,130.8283333
2016/4/17,23:52:53,熊本県熊本地方,32°36.7′N,130°42.2′E,3 km,1.7,震度１,32.61166667,130.7033333
2016/4/17,23:53:17,熊本県熊本地方,32°39.1′N,130°42.0′E,14 km,2.7,震度１,32.65166667,130.7
2016/4/18,0:07:26,熊本県熊本地方,32°44.0′N,130°42.3′E,11 km,2.2,震度１,32.73333333,130.705
2016/4/18,0:10:52,熊本県熊本地方,32°32.1′N,130°39.2′E,7 km,3.9,震度３,32.535,130.6533333
2016/4/18,0:39:51,熊本県熊本地方,32°47.3′N,130°40.7′E,7 km,2.1,震度２,32.78833333,130.6783333
2016/4/18,0:49:41,熊本県熊本地方,32°45.7′N,130°43.2′E,8 km,1.8,震度１,32.76166667,130.72
2016/4/18,0:51:32,大分県中部,33°16.5′N,131°20.4′E,9 km,2.3,震度２,33.275,131.34
2016/4/18,0:56:08,熊本県熊本地方,32°30.8′N,130°37.1′E,3 km,1.9,震度１,32.51333333,130.6183333
2016/4/18,0:57:43,熊本県熊本地方,32°38.2′N,130°41.1′E,9 km,2.2,震度２,32.63666667,130.685
2016/4/18,1:01:38,熊本県熊本地方,32°40.8′N,130°43.9′E,14 km,3.3,震度２,32.68,130.7316667
2016/4/18,1:15:51,熊本県熊本地方,32°49.9′N,130°48.9′E,16 km,2.3,震度１,32.83166667,130.815
2016/4/18,1:25:57,熊本県熊本地方,32°40.2′N,130°43.3′E,12 km,2.7,震度１,32.67,130.7216667
2016/4/18,1:36:47,大分県中部,33°16.9′N,131°28.2′E,3 km,2,震度２,33.28166667,131.47
2016/4/18,1:49:39,大分県中部,33°17.0′N,131°28.2′E,4 km,2.2,震度２,33.28333333,131.47
2016/4/18,1:53:20,熊本県熊本地方,32°38.8′N,130°43.1′E,7 km,2.2,震度１,32.64666667,130.7183333
2016/4/18,1:57:53,熊本県阿蘇地方,32°57.2′N,131°04.0′E,11 km,3.3,震度２,32.95333333,131.0666667
2016/4/18,2:07:42,熊本県熊本地方,32°47.4′N,130°48.4′E,9 km,2.3,震度１,32.79,130.8066667
2016/4/18,2:11:38,大分県中部,33°16.2′N,131°21.6′E,9 km,2.7,震度２,33.27,131.36
2016/4/18,2:17:20,熊本県熊本地方,32°41.7′N,130°46.6′E,8 km,2.4,震度２,32.695,130.7766667
2016/4/18,2:46:53,熊本県阿蘇地方,32°57.6′N,131°06.3′E,6 km,2.3,震度１,32.96,131.105
2016/4/18,2:48:33,熊本県熊本地方,32°37.8′N,130°42.8′E,4 km,2.5,震度２,32.63,130.7133333
2016/4/18,2:57:44,熊本県熊本地方,32°46.2′N,130°45.9′E,15 km,2.2,震度１,32.77,130.765
2016/4/18,2:59:12,大分県中部,33°16.3′N,131°21.6′E,8 km,1.7,震度１,33.27166667,131.36
2016/4/18,3:00:53,熊本県阿蘇地方,32°58.8′N,131°03.5′E,10 km,2.3,震度１,32.98,131.0583333
2016/4/18,3:02:42,熊本県熊本地方,32°39.2′N,130°42.6′E,12 km,2.6,震度１,32.65333333,130.71
2016/4/18,3:03:29,熊本県熊本地方,32°39.1′N,130°44.4′E,7 km,2,震度２,32.65166667,130.74
2016/4/18,3:05:45,熊本県熊本地方,32°43.3′N,130°39.9′E,9 km,2.4,震度２,32.72166667,130.665
2016/4/18,3:11:24,熊本県熊本地方,32°48.7′N,130°42.1′E,5 km,1.1,震度１,32.81166667,130.7016667
2016/4/18,3:23:16,熊本県熊本地方,32°51.7′N,130°50.6′E,9 km,1.7,震度１,32.86166667,130.8433333
2016/4/18,3:24:50,熊本県熊本地方,32°39.8′N,130°43.1′E,13 km,2.6,震度１,32.66333333,130.7183333
2016/4/18,3:35:59,熊本県熊本地方,32°37.7′N,130°42.6′E,5 km,3.3,震度３,32.62833333,130.71
2016/4/18,3:49:17,熊本県熊本地方,32°50.1′N,130°47.7′E,13 km,2.4,震度１,32.835,130.795
2016/4/18,3:50:47,熊本県阿蘇地方,32°56.6′N,131°02.3′E,10 km,2.9,震度１,32.94333333,131.0383333
2016/4/18,4:02:29,熊本県熊本地方,32°45.2′N,130°45.1′E,13 km,3.4,震度３,32.75333333,130.7516667
2016/4/18,4:17:53,熊本県熊本地方,32°42.9′N,130°40.9′E,11 km,2,震度１,32.715,130.6816667
2016/4/18,4:36:33,有明海,32°43.7′N,130°36.4′E,14 km,3,震度１,32.72833333,130.6066667
2016/4/18,4:37:27,大分県中部,33°16.9′N,131°19.4′E,9 km,2.5,震度１,33.28166667,131.3233333
2016/4/18,4:43:07,大分県中部,33°16.2′N,131°21.5′E,9 km,2.1,震度１,33.27,131.3583333
2016/4/18,4:44:27,熊本県熊本地方,32°41.0′N,130°42.3′E,11 km,3.7,震度４,32.68333333,130.705
2016/4/18,4:46:35,大分県中部,33°16.2′N,131°21.9′E,9 km,1.9,震度１,33.27,131.365
2016/4/18,4:47:43,熊本県熊本地方,32°41.0′N,130°42.0′E,10 km,2.2,震度１,32.68333333,130.7
2016/4/18,4:52:02,熊本県熊本地方,32°31.7′N,130°39.3′E,8 km,2.6,震度１,32.52833333,130.655
2016/4/18,4:59:12,熊本県熊本地方,32°49.3′N,130°48.8′E,11 km,2.5,震度１,32.82166667,130.8133333
2016/4/18,5:28:44,熊本県熊本地方,32°48.0′N,130°43.1′E,5 km,1.5,震度１,32.8,130.7183333
2016/4/18,5:39:50,熊本県熊本地方,32°37.7′N,130°45.1′E,3 km,3.1,震度４,32.62833333,130.7516667
2016/4/18,5:43:23,熊本県熊本地方,32°37.6′N,130°41.4′E,3 km,2,震度１,32.62666667,130.69
2016/4/18,5:49:41,熊本県熊本地方,32°41.9′N,130°44.0′E,12 km,3,震度２,32.69833333,130.7333333
2016/4/18,5:52:51,熊本県熊本地方,32°50.4′N,130°49.9′E,8 km,2.4,震度１,32.84,130.8316667
2016/4/18,5:56:47,大分県中部,33°17.5′N,131°27.5′E,7 km,2.4,震度１,33.29166667,131.4583333
2016/4/18,5:59:03,熊本県熊本地方,32°52.4′N,130°49.8′E,13 km,2.8,震度２,32.87333333,130.83
2016/4/18,5:59:48,熊本県阿蘇地方,32°53.6′N,131°00.0′E,9 km,2.1,震度１,32.89333333,131
2016/4/18,6:03:48,熊本県熊本地方,32°49.2′N,130°48.8′E,12 km,2.5,震度１,32.82,130.8133333
2016/4/18,6:07:24,熊本県阿蘇地方,33°01.5′N,131°10.8′E,9 km,3,震度１,33.025,131.18
2016/4/18,6:14:02,大分県中部,33°17.8′N,131°29.3′E,5 km,1.9,震度１,33.29666667,131.4883333
2016/4/18,6:22:43,熊本県熊本地方,32°37.1′N,130°41.4′E,3 km,1.8,震度１,32.61833333,130.69
2016/4/18,6:29:58,熊本県熊本地方,32°42.7′N,130°41.1′E,10 km,2.3,震度１,32.71166667,130.685
2016/4/18,6:32:37,熊本県阿蘇地方,32°54.3′N,130°59.6′E,9 km,2.8,震度２,32.905,130.9933333
2016/4/18,6:52:55,熊本県熊本地方,32°38.0′N,130°42.1′E,12 km,2.9,震度２,32.63333333,130.7016667
2016/4/18,7:13:45,熊本県熊本地方,32°39.0′N,130°43.5′E,10 km,3.4,震度３,32.65,130.725
2016/4/18,7:43:44,熊本県熊本地方,32°39.1′N,130°40.8′E,11 km,2.4,震度１,32.65166667,130.68
2016/4/18,7:49:17,熊本県阿蘇地方,32°59.8′N,131°05.8′E,12 km,3.7,震度２,32.99666667,131.0966667
2016/4/18,7:53:35,熊本県熊本地方,32°37.8′N,130°40.8′E,8 km,3.8,震度３,32.63,130.68
2016/4/18,7:59:21,熊本県熊本地方,32°50.7′N,130°52.2′E,6 km,1.9,震度１,32.845,130.87
2016/4/18,8:07:27,熊本県熊本地方,32°47.3′N,130°46.9′E,12 km,2.5,震度１,32.78833333,130.7816667
2016/4/18,8:08:43,熊本県熊本地方,32°46.2′N,130°45.5′E,9 km,2.4,震度１,32.77,130.7583333
2016/4/18,8:16:05,熊本県熊本地方,32°37.9′N,130°41.7′E,8 km,1.9,震度１,32.63166667,130.695
2016/4/18,8:18:48,熊本県熊本地方,32°39.7′N,130°43.3′E,9 km,1.4,震度１,32.66166667,130.7216667
2016/4/18,8:20:47,大分県中部,33°17.6′N,131°28.7′E,6 km,1.6,震度１,33.29333333,131.4783333
2016/4/18,8:23:55,熊本県熊本地方,32°37.6′N,130°41.1′E,4 km,1.6,震度１,32.62666667,130.685
2016/4/18,8:24:18,福島県沖,37°04.3′N,141°11.1′E,51 km,4.2,震度３,37.07166667,141.185
2016/4/18,8:31:21,熊本県阿蘇地方,32°58.8′N,131°03.0′E,9 km,2,震度１,32.98,131.05
2016/4/18,8:33:54,熊本県阿蘇地方,32°57.6′N,131°06.8′E,11 km,3.4,震度３,32.96,131.1133333
2016/4/18,8:34:36,熊本県熊本地方,32°39.5′N,130°45.8′E,5 km,2.8,震度３,32.65833333,130.7633333
2016/4/18,8:35:43,熊本県熊本地方,32°52.1′N,130°52.4′E,10 km,4.2,震度４,32.86833333,130.8733333
2016/4/18,8:38:56,熊本県熊本地方,32°52.5′N,130°52.1′E,10 km,2,震度１,32.875,130.8683333
2016/4/18,8:45:30,熊本県阿蘇地方,32°56.4′N,131°02.7′E,6 km,1.8,震度１,32.94,131.045
2016/4/18,8:45:30,熊本県熊本地方,32°41.6′N,130°43.7′E,13 km,2.2,震度１,32.69333333,130.7283333
2016/4/18,8:46:19,熊本県熊本地方,32°48.3′N,130°42.5′E,7 km,2,震度２,32.805,130.7083333
2016/4/18,8:47:50,熊本県熊本地方,32°48.5′N,130°42.6′E,4 km,1.3,震度１,32.80833333,130.71
2016/4/18,9:02:45,熊本県熊本地方,32°42.3′N,130°43.3′E,11 km,3.4,震度３,32.705,130.7216667
2016/4/18,9:15:07,大分県西部,33°17.0′N,131°19.8′E,9 km,2.8,震度２,33.28333333,131.33
2016/4/18,9:16:29,熊本県熊本地方,32°51.7′N,130°49.5′E,13 km,2.4,震度１,32.86166667,130.825
2016/4/18,9:20:29,熊本県熊本地方,32°46.3′N,130°49.0′E,7 km,2.4,震度１,32.77166667,130.8166667
2016/4/18,9:23:35,熊本県熊本地方,32°38.9′N,130°43.8′E,11 km,2.4,震度１,32.64833333,130.73
2016/4/18,9:24:53,熊本県熊本地方,32°47.3′N,130°46.7′E,5 km,1.9,震度１,32.78833333,130.7783333
2016/4/18,9:36:14,熊本県阿蘇地方,33°01.6′N,131°11.4′E,8 km,3,震度１,33.02666667,131.19
2016/4/18,9:42:12,熊本県熊本地方,32°50.8′N,130°54.0′E,8 km,2.1,震度１,32.84666667,130.9
2016/4/18,9:48:40,熊本県熊本地方,32°30.7′N,130°37.0′E,0 km,1.6,震度１,32.51166667,130.6166667
2016/4/18,10:07:09,熊本県熊本地方,32°44.7′N,130°43.5′E,13 km,3.2,震度２,32.745,130.725
2016/4/18,10:08:40,熊本県熊本地方,32°44.7′N,130°44.4′E,14 km,3.1,震度２,32.745,130.74
2016/4/18,10:18:23,熊本県熊本地方,32°38.3′N,130°42.3′E,5 km,1.6,震度１,32.63833333,130.705
2016/4/18,10:30:07,熊本県熊本地方,32°43.1′N,130°45.7′E,8 km,2,震度１,32.71833333,130.7616667
2016/4/18,10:34:00,熊本県熊本地方,32°46.5′N,130°46.6′E,10 km,3.4,震度２,32.775,130.7766667
2016/4/18,10:42:50,大分県中部,33°17.5′N,131°28.6′E,5 km,1.7,震度１,33.29166667,131.4766667
2016/4/18,10:46:04,熊本県熊本地方,32°51.5′N,130°49.6′E,13 km,2.7,震度１,32.85833333,130.8266667
2016/4/18,11:04:20,熊本県熊本地方,32°39.1′N,130°43.2′E,12 km,2.3,震度１,32.65166667,130.72
2016/4/18,11:09:57,熊本県熊本地方,32°46.4′N,130°44.4′E,10 km,2.6,震度１,32.77333333,130.74
2016/4/18,11:16:55,熊本県熊本地方,32°37.8′N,130°43.6′E,5 km,2.2,震度２,32.63,130.7266667
2016/4/18,11:19:07,熊本県熊本地方,32°48.5′N,130°42.3′E,5 km,1.7,震度１,32.80833333,130.705
2016/4/18,11:29:28,熊本県熊本地方,32°37.9′N,130°43.7′E,7 km,2.7,震度２,32.63166667,130.7283333
2016/4/18,11:30:43,熊本県熊本地方,32°39.4′N,130°43.0′E,7 km,2,震度２,32.65666667,130.7166667
2016/4/18,11:36:32,熊本県熊本地方,32°38.7′N,130°42.2′E,8 km,2.5,震度１,32.645,130.7033333
2016/4/18,11:55:02,宮城県沖,38°52.6′N,142°09.3′E,49 km,3.1,震度１,38.87666667,142.155
2016/4/18,11:56:54,熊本県熊本地方,32°41.1′N,130°43.8′E,12 km,2.7,震度１,32.685,130.73
2016/4/18,12:12:52,大分県中部,33°17.6′N,131°29.1′E,5 km,1.6,震度１,33.29333333,131.485
2016/4/18,12:19:52,熊本県熊本地方,32°44.0′N,130°45.3′E,16 km,2.8,震度１,32.73333333,130.755
2016/4/18,12:23:05,熊本県阿蘇地方,33°01.3′N,131°11.0′E,7 km,2.4,震度１,33.02166667,131.1833333
2016/4/18,12:25:07,熊本県熊本地方,32°38.1′N,130°41.0′E,13 km,2.8,震度１,32.635,130.6833333
2016/4/18,12:26:37,熊本県熊本地方,32°38.6′N,130°42.4′E,7 km,2.2,震度１,32.64333333,130.7066667
2016/4/18,12:31:07,熊本県熊本地方,32°51.8′N,130°50.0′E,13 km,1.6,震度１,32.86333333,130.8333333
2016/4/18,12:35:56,熊本県熊本地方,32°35.0′N,130°43.2′E,4 km,2.2,震度１,32.58333333,130.72
2016/4/18,12:37:28,熊本県熊本地方,32°32.0′N,130°39.6′E,7 km,3.9,震度３,32.53333333,130.66
2016/4/18,12:46:10,茨城県北部,36°44.7′N,140°35.0′E,10 km,3.7,震度２,36.745,140.5833333
2016/4/18,12:48:23,熊本県熊本地方,32°44.7′N,130°46.5′E,10 km,2.1,震度１,32.745,130.775
2016/4/18,13:00:39,熊本県熊本地方,32°48.0′N,130°42.9′E,6 km,1.9,震度１,32.8,130.715
2016/4/18,13:03:58,大分県中部,33°14.9′N,131°22.3′E,9 km,2.6,震度３,33.24833333,131.3716667
2016/4/18,13:04:31,熊本県熊本地方,32°32.1′N,130°39.2′E,7 km,3.6,震度３,32.535,130.6533333
2016/4/18,13:09:15,熊本県熊本地方,32°43.4′N,130°45.3′E,9 km,2.2,震度１,32.72333333,130.755
2016/4/18,13:10:51,熊本県熊本地方,32°38.8′N,130°41.4′E,11 km,2.8,震度２,32.64666667,130.69
2016/4/18,13:31:28,熊本県熊本地方,32°41.7′N,130°46.7′E,16 km,3.2,震度２,32.695,130.7783333
2016/4/18,13:53:34,熊本県熊本地方,32°48.4′N,130°42.4′E,5 km,1.6,震度１,32.80666667,130.7066667
2016/4/18,13:58:37,熊本県阿蘇地方,32°59.2′N,131°05.7′E,8 km,2.3,震度２,32.98666667,131.095
2016/4/18,14:00:02,熊本県熊本地方,32°48.4′N,130°41.7′E,6 km,1.9,震度２,32.80666667,130.695
2016/4/18,14:04:30,熊本県阿蘇地方,32°57.3′N,131°07.1′E,9 km,3.3,震度１,32.955,131.1183333
2016/4/18,14:05:42,熊本県熊本地方,32°32.1′N,130°38.8′E,7 km,2.8,震度１,32.535,130.6466667
2016/4/18,14:14:20,熊本県阿蘇地方,32°58.2′N,131°05.6′E,9 km,2.4,震度１,32.97,131.0933333
2016/4/18,14:19:02,熊本県熊本地方,32°46.3′N,130°46.0′E,11 km,2.5,震度１,32.77166667,130.7666667
2016/4/18,14:33:51,熊本県熊本地方,32°45.0′N,130°47.7′E,9 km,2.2,震度１,32.75,130.795
2016/4/18,14:38:39,熊本県熊本地方,32°56.5′N,130°48.9′E,12 km,2.4,震度１,32.94166667,130.815
2016/4/18,14:46:32,大分県中部,33°15.6′N,131°21.2′E,9 km,1.6,震度１,33.26,131.3533333
2016/4/18,14:50:23,熊本県阿蘇地方,32°58.2′N,131°07.0′E,9 km,2.2,震度１,32.97,131.1166667
2016/4/18,14:57:39,大分県中部,33°15.6′N,131°21.2′E,9 km,1.6,震度１,33.26,131.3533333
2016/4/18,15:00:18,熊本県熊本地方,32°47.7′N,130°41.9′E,8 km,3.3,震度３,32.795,130.6983333
2016/4/18,15:31:19,熊本県熊本地方,32°46.9′N,130°37.8′E,8 km,2.5,震度２,32.78166667,130.63
2016/4/18,15:35:00,熊本県熊本地方,32°49.2′N,130°46.7′E,4 km,2.1,震度１,32.82,130.7783333
2016/4/18,15:55:22,熊本県阿蘇地方,33°05.1′N,131°09.7′E,11 km,2.9,震度１,33.085,131.1616667
2016/4/18,16:06:15,熊本県熊本地方,32°39.6′N,130°42.5′E,13 km,2.5,震度１,32.66,130.7083333
2016/4/18,16:09:29,熊本県熊本地方,32°41.0′N,130°44.1′E,8 km,2.7,震度２,32.68333333,130.735
2016/4/18,16:21:55,熊本県阿蘇地方,32°58.0′N,131°06.9′E,9 km,2.2,震度１,32.96666667,131.115
2016/4/18,16:35:46,熊本県熊本地方,32°41.1′N,130°42.0′E,13 km,2.1,震度１,32.685,130.7
2016/4/18,16:44:59,熊本県熊本地方,32°50.7′N,130°50.7′E,9 km,2.2,震度１,32.845,130.845
2016/4/18,16:50:56,大分県中部,33°17.9′N,131°29.7′E,7 km,2.7,震度１,33.29833333,131.495
2016/4/18,16:55:57,大分県中部,33°17.8′N,131°29.9′E,7 km,2.1,震度１,33.29666667,131.4983333
2016/4/18,16:56:12,熊本県熊本地方,32°45.5′N,130°37.1′E,13 km,2.9,震度１,32.75833333,130.6183333
2016/4/18,16:59:15,熊本県阿蘇地方,32°58.8′N,131°06.7′E,10 km,2.6,震度２,32.98,131.1116667
2016/4/18,17:00:27,大分県中部,33°17.8′N,131°29.6′E,8 km,2.5,震度１,33.29666667,131.4933333
2016/4/18,17:02:00,大分県中部,33°17.8′N,131°29.8′E,7 km,3.5,震度３,33.29666667,131.4966667
2016/4/18,17:02:05,熊本県熊本地方,32°37.0′N,130°40.8′E,2 km,1.8,震度１,32.61666667,130.68
2016/4/18,17:02:32,大分県中部,33°17.4′N,131°28.5′E,9 km,2.4,震度１,33.29,131.475
2016/4/18,17:03:49,大分県中部,33°17.6′N,131°29.1′E,6 km,1.6,震度１,33.29333333,131.485
2016/4/18,17:15:13,大分県中部,33°18.0′N,131°28.9′E,5 km,1.9,震度１,33.3,131.4816667
2016/4/18,17:23:30,熊本県熊本地方,32°51.5′N,130°50.6′E,15 km,2.4,震度１,32.85833333,130.8433333
2016/4/18,17:25:36,大分県中部,33°17.9′N,131°29.6′E,7 km,2.1,震度１,33.29833333,131.4933333
2016/4/18,17:47:34,熊本県熊本地方,32°46.9′N,130°37.6′E,8 km,1.9,震度１,32.78166667,130.6266667
2016/4/18,17:59:09,大分県中部,33°17.8′N,131°29.5′E,6 km,1.9,震度１,33.29666667,131.4916667
2016/4/18,18:10:19,熊本県阿蘇地方,32°58.6′N,131°06.0′E,10 km,2.6,震度１,32.97666667,131.1
2016/4/18,18:14:19,奈良県,34°24.7′N,135°52.4′E,9 km,3,震度２,34.41166667,135.8733333
2016/4/18,18:18:08,熊本県阿蘇地方,33°01.6′N,131°11.9′E,6 km,2.4,震度１,33.02666667,131.1983333
2016/4/18,18:23:12,熊本県熊本地方,32°46.6′N,130°44.5′E,8 km,2,震度１,32.77666667,130.7416667
2016/4/18,18:27:18,熊本県熊本地方,32°47.8′N,130°40.3′E,10 km,1.6,震度１,32.79666667,130.6716667
2016/4/18,18:32:12,大分県中部,33°17.9′N,131°29.8′E,6 km,2.6,震度１,33.29833333,131.4966667
2016/4/18,18:53:36,熊本県熊本地方,32°40.3′N,130°42.4′E,16 km,3.8,震度３,32.67166667,130.7066667
2016/4/18,18:56:20,熊本県阿蘇地方,33°01.2′N,131°06.8′E,12 km,2.5,震度１,33.02,131.1133333
2016/4/18,19:01:08,熊本県熊本地方,32°39.0′N,130°42.4′E,4 km,1.7,震度１,32.65,130.7066667
2016/4/18,19:16:19,熊本県熊本地方,32°45.7′N,130°43.0′E,9 km,1.5,震度１,32.76166667,130.7166667
2016/4/18,19:24:20,大分県中部,33°17.6′N,131°29.1′E,6 km,2.1,震度１,33.29333333,131.485
2016/4/18,19:53:46,熊本県熊本地方,32°48.5′N,130°41.8′E,3 km,2,震度２,32.80833333,130.6966667
2016/4/18,19:55:46,熊本県熊本地方,32°41.6′N,130°42.8′E,16 km,3.3,震度３,32.69333333,130.7133333
2016/4/18,19:57:53,熊本県熊本地方,32°42.2′N,130°38.2′E,8 km,2.6,震度１,32.70333333,130.6366667
2016/4/18,20:09:55,熊本県熊本地方,32°52.2′N,130°52.2′E,12 km,3.1,震度２,32.87,130.87
2016/4/18,20:10:42,熊本県熊本地方,32°38.3′N,130°41.1′E,8 km,2.8,震度２,32.63833333,130.685
2016/4/18,20:28:04,熊本県熊本地方,32°37.3′N,130°43.7′E,4 km,2.5,震度３,32.62166667,130.7283333
2016/4/18,20:38:20,熊本県熊本地方,32°41.8′N,130°45.3′E,10 km,2.6,震度１,32.69666667,130.755
2016/4/18,20:40:09,熊本県熊本地方,32°36.0′N,130°40.7′E,3 km,1.9,震度１,32.6,130.6783333
2016/4/18,20:41:58,熊本県阿蘇地方,33°00.1′N,131°11.9′E,9 km,5.8,震度５強,33.00166667,131.1983333
2016/4/18,20:43:34,熊本県阿蘇地方,32°59.7′N,131°11.4′E,7 km,3.2,震度２,32.995,131.19
2016/4/18,20:44:20,熊本県阿蘇地方,33°01.5′N,131°11.2′E,6 km,2.9,震度２,33.025,131.1866667
2016/4/18,20:45:51,熊本県阿蘇地方,32°59.8′N,131°11.4′E,5 km,2.8,震度２,32.99666667,131.19
2016/4/18,20:46:54,熊本県阿蘇地方,33°00.7′N,131°12.8′E,9 km,2.9,震度１,33.01166667,131.2133333
2016/4/18,20:47:17,熊本県熊本地方,32°41.2′N,130°43.0′E,12 km,2.5,震度１,32.68666667,130.7166667
2016/4/18,20:47:48,熊本県阿蘇地方,32°59.9′N,131°11.6′E,6 km,2.6,震度２,32.99833333,131.1933333
2016/4/18,20:49:20,熊本県熊本地方,32°48.2′N,130°42.7′E,5 km,2.1,震度１,32.80333333,130.7116667
2016/4/18,20:49:43,熊本県阿蘇地方,33°00.7′N,131°13.0′E,6 km,3,震度３,33.01166667,131.2166667
2016/4/18,20:50:32,熊本県阿蘇地方,33°00.9′N,131°13.4′E,7 km,3,震度２,33.015,131.2233333
2016/4/18,20:51:32,熊本県熊本地方,32°48.3′N,130°43.0′E,7 km,1.6,震度１,32.805,130.7166667
2016/4/18,20:54:27,熊本県阿蘇地方,33°01.1′N,131°11.4′E,7 km,2.8,震度３,33.01833333,131.19
2016/4/18,20:56:15,熊本県阿蘇地方,32°59.9′N,131°11.1′E,6 km,2.6,震度１,32.99833333,131.185
2016/4/18,20:59:16,熊本県阿蘇地方,33°00.9′N,131°13.2′E,7 km,3.5,震度３,33.015,131.22
2016/4/18,21:01:29,熊本県阿蘇地方,32°58.2′N,131°06.8′E,9 km,2.4,震度１,32.97,131.1133333
2016/4/18,21:03:50,大分県中部,33°17.7′N,131°22.4′E,10 km,2.9,震度２,33.295,131.3733333
2016/4/18,21:09:38,熊本県阿蘇地方,33°01.6′N,131°11.6′E,6 km,3.2,震度２,33.02666667,131.1933333
2016/4/18,21:12:47,熊本県熊本地方,32°42.1′N,130°44.4′E,10 km,2.3,震度１,32.70166667,130.74
2016/4/18,21:18:26,熊本県熊本地方,32°40.8′N,130°42.7′E,11 km,3.9,震度４,32.68,130.7116667
2016/4/18,21:24:52,熊本県熊本地方,32°37.9′N,130°43.5′E,3 km,1.4,震度１,32.63166667,130.725
2016/4/18,21:26:00,熊本県阿蘇地方,33°00.4′N,131°12.5′E,9 km,2.6,震度１,33.00666667,131.2083333
2016/4/18,21:26:14,熊本県熊本地方,32°38.1′N,130°41.2′E,9 km,2.9,震度２,32.635,130.6866667
2016/4/18,21:27:26,熊本県阿蘇地方,32°59.9′N,131°11.5′E,5 km,2.3,震度１,32.99833333,131.1916667
2016/4/18,21:29:08,大分県中部,33°16.4′N,131°19.8′E,9 km,3.1,震度２,33.27333333,131.33
2016/4/18,21:33:05,熊本県熊本地方,32°37.3′N,130°41.5′E,4 km,2.1,震度１,32.62166667,130.6916667
2016/4/18,21:35:42,熊本県阿蘇地方,32°59.6′N,131°11.2′E,7 km,2.9,震度２,32.99333333,131.1866667
2016/4/18,21:38:43,熊本県阿蘇地方,33°00.2′N,131°13.7′E,11 km,3.2,震度１,33.00333333,131.2283333
2016/4/18,21:43:20,熊本県阿蘇地方,32°59.9′N,131°11.5′E,5 km,2.2,震度１,32.99833333,131.1916667
2016/4/18,21:47:24,熊本県阿蘇地方,33°01.0′N,131°13.3′E,9 km,3.8,震度３,33.01666667,131.2216667
2016/4/18,21:48:53,熊本県熊本地方,32°39.2′N,130°39.9′E,9 km,2.4,震度１,32.65333333,130.665
2016/4/18,22:01:53,熊本県熊本地方,32°38.2′N,130°43.6′E,4 km,1.6,震度２,32.63666667,130.7266667
2016/4/18,22:11:00,熊本県阿蘇地方,32°59.6′N,131°11.2′E,7 km,2.9,震度２,32.99333333,131.1866667
2016/4/18,22:11:51,熊本県熊本地方,32°39.2′N,130°41.0′E,11 km,2.8,震度２,32.65333333,130.6833333
2016/4/18,22:13:23,熊本県阿蘇地方,32°59.5′N,131°11.1′E,8 km,2.9,震度２,32.99166667,131.185
2016/4/18,22:19:25,熊本県阿蘇地方,32°59.7′N,131°11.3′E,8 km,3.5,震度３,32.995,131.1883333
2016/4/18,22:21:46,熊本県熊本地方,32°48.3′N,130°42.4′E,7 km,1.7,震度１,32.805,130.7066667
2016/4/18,22:24:55,熊本県熊本地方,32°32.4′N,130°42.8′E,9 km,2.8,震度２,32.54,130.7133333
2016/4/18,22:28:15,熊本県阿蘇地方,33°00.7′N,131°11.4′E,7 km,2.5,震度１,33.01166667,131.19
2016/4/18,22:31:02,熊本県阿蘇地方,32°55.7′N,131°02.5′E,10 km,3.4,震度３,32.92833333,131.0416667
2016/4/18,22:32:06,熊本県熊本地方,32°38.0′N,130°43.1′E,6 km,1.8,震度１,32.63333333,130.7183333
2016/4/18,22:32:27,熊本県熊本地方,32°38.4′N,130°40.9′E,10 km,3.2,震度２,32.64,130.6816667
2016/4/18,22:38:49,大分県中部,33°17.9′N,131°30.1′E,7 km,2.3,震度２,33.29833333,131.5016667
2016/4/18,22:44:10,熊本県阿蘇地方,33°01.1′N,131°11.7′E,6 km,2,震度１,33.01833333,131.195
2016/4/18,23:01:36,熊本県阿蘇地方,33°00.7′N,131°10.9′E,7 km,2.4,震度１,33.01166667,131.1816667
2016/4/18,23:15:54,大分県中部,33°19.0′N,131°28.8′E,5 km,1.6,震度１,33.31666667,131.48
2016/4/18,23:19:15,愛媛県東予,33°56.7′N,133°41.4′E,8 km,3.1,震度１,33.945,133.69
2016/4/18,23:22:47,熊本県阿蘇地方,33°00.7′N,131°13.0′E,7 km,3.3,震度３,33.01166667,131.2166667
2016/4/18,23:23:20,熊本県熊本地方,32°44.1′N,130°41.5′E,12 km,2.2,震度１,32.735,130.6916667
2016/4/18,23:24:35,熊本県阿蘇地方,33°00.6′N,131°13.0′E,6 km,2.7,震度２,33.01,131.2166667
2016/4/18,23:30:56,熊本県熊本地方,32°38.0′N,130°40.9′E,9 km,2.7,震度１,32.63333333,130.6816667
2016/4/18,23:35:44,熊本県熊本地方,32°47.8′N,130°47.0′E,13 km,2.6,震度１,32.79666667,130.7833333
2016/4/18,23:37:25,熊本県熊本地方,32°49.5′N,130°47.9′E,13 km,3.1,震度２,32.825,130.7983333
2016/4/18,23:40:34,熊本県阿蘇地方,32°58.5′N,131°07.1′E,10 km,2.3,震度１,32.975,131.1183333
2016/4/18,23:41:27,熊本県熊本地方,32°40.3′N,130°41.0′E,10 km,1.9,震度１,32.67166667,130.6833333
2016/4/18,23:56:41,熊本県熊本地方,32°40.9′N,130°42.4′E,10 km,2,震度１,32.68166667,130.7066667
2016/4/18,23:56:54,熊本県阿蘇地方,33°00.6′N,131°13.3′E,4 km,2,震度１,33.01,131.2216667
2016/4/18,23:58:31,熊本県熊本地方,32°44.7′N,130°47.1′E,9 km,2.3,震度１,32.745,130.785
2016/4/19,0:04:23,熊本県熊本地方,32°39.9′N,130°43.7′E,11 km,3,震度２,32.665,130.7283333
2016/4/19,0:06:19,熊本県阿蘇地方,32°58.4′N,131°02.9′E,9 km,2.5,震度１,32.97333333,131.0483333
2016/4/19,0:15:49,熊本県熊本地方,32°40.2′N,130°43.1′E,14 km,2.3,震度１,32.67,130.7183333
2016/4/19,0:20:19,熊本県熊本地方,32°38.1′N,130°41.1′E,14 km,3.1,震度１,32.635,130.685
2016/4/19,0:39:55,熊本県熊本地方,32°44.0′N,130°40.8′E,13 km,2.3,震度１,32.73333333,130.68
2016/4/19,0:59:31,熊本県熊本地方,32°46.1′N,130°46.1′E,5 km,2.3,震度１,32.76833333,130.7683333
2016/4/19,1:09:07,熊本県熊本地方,32°40.8′N,130°43.0′E,10 km,2.2,震度１,32.68,130.7166667
2016/4/19,1:13:22,熊本県阿蘇地方,33°01.0′N,131°13.0′E,8 km,2.4,震度１,33.01666667,131.2166667
2016/4/19,1:14:11,熊本県熊本地方,32°46.2′N,130°46.7′E,11 km,2.5,震度１,32.77,130.7783333
2016/4/19,1:16:25,大分県中部,33°17.4′N,131°22.3′E,9 km,2.6,震度１,33.29,131.3716667
2016/4/19,1:18:08,熊本県熊本地方,32°47.9′N,130°41.8′E,8 km,2.3,震度２,32.79833333,130.6966667
2016/4/19,1:25:25,熊本県熊本地方,32°52.2′N,130°53.0′E,8 km,1.9,震度１,32.87,130.8833333
2016/4/19,1:34:38,熊本県熊本地方,32°33.2′N,130°43.6′E,4 km,2.3,震度１,32.55333333,130.7266667
2016/4/19,1:38:52,熊本県熊本地方,32°50.9′N,130°49.6′E,12 km,1.8,震度１,32.84833333,130.8266667
2016/4/19,1:39:09,熊本県熊本地方,32°39.1′N,130°39.4′E,5 km,1.8,震度１,32.65166667,130.6566667
2016/4/19,1:47:53,熊本県熊本地方,32°49.5′N,130°40.6′E,6 km,2.5,震度１,32.825,130.6766667
2016/4/19,1:50:57,熊本県阿蘇地方,33°00.9′N,131°11.4′E,7 km,2.8,震度２,33.015,131.19
2016/4/19,1:53:39,熊本県熊本地方,32°42.5′N,130°42.2′E,15 km,3.8,震度４,32.70833333,130.7033333
2016/4/19,1:56:13,熊本県熊本地方,32°35.0′N,130°41.1′E,3 km,1.7,震度１,32.58333333,130.685
2016/4/19,1:58:38,熊本県熊本地方,32°31.8′N,130°38.7′E,9 km,3.1,震度２,32.53,130.645
2016/4/19,2:12:17,熊本県熊本地方,32°46.7′N,130°38.0′E,9 km,2.4,震度１,32.77833333,130.6333333
2016/4/19,2:15:46,熊本県熊本地方,32°38.7′N,130°38.8′E,4 km,1.4,震度１,32.645,130.6466667
2016/4/19,2:24:42,熊本県熊本地方,32°38.9′N,130°40.4′E,7 km,1.3,震度１,32.64833333,130.6733333
2016/4/19,2:53:20,熊本県熊本地方,32°43.6′N,130°45.1′E,12 km,2.1,震度１,32.72666667,130.7516667
2016/4/19,2:55:06,熊本県熊本地方,32°42.3′N,130°38.0′E,8 km,3,震度２,32.705,130.6333333
2016/4/19,2:57:38,熊本県熊本地方,32°35.2′N,130°40.7′E,8 km,2.8,震度２,32.58666667,130.6783333
2016/4/19,3:08:50,熊本県熊本地方,32°38.7′N,130°44.5′E,7 km,3,震度３,32.645,130.7416667
2016/4/19,3:13:37,熊本県熊本地方,32°43.5′N,130°44.7′E,13 km,2.6,震度１,32.725,130.745
2016/4/19,3:28:06,熊本県熊本地方,32°38.2′N,130°40.8′E,9 km,2.7,震度２,32.63666667,130.68
2016/4/19,3:38:04,熊本県阿蘇地方,32°59.6′N,131°11.5′E,10 km,3.5,震度３,32.99333333,131.1916667
2016/4/19,3:49:09,熊本県熊本地方,32°50.7′N,130°50.8′E,12 km,2.5,震度１,32.845,130.8466667
2016/4/19,4:23:54,大分県中部,33°16.4′N,131°22.8′E,8 km,2.8,震度２,33.27333333,131.38
2016/4/19,4:41:14,熊本県熊本地方,32°40.7′N,130°42.5′E,10 km,2.4,震度１,32.67833333,130.7083333
2016/4/19,4:50:15,熊本県熊本地方,32°51.2′N,130°50.2′E,10 km,2.2,震度１,32.85333333,130.8366667
2016/4/19,4:54:12,熊本県熊本地方,32°49.1′N,130°49.1′E,9 km,2.7,震度１,32.81833333,130.8183333
2016/4/19,5:03:41,熊本県阿蘇地方,33°02.7′N,131°08.5′E,11 km,3.2,震度２,33.045,131.1416667
2016/4/19,5:16:44,熊本県熊本地方,32°50.2′N,130°49.7′E,12 km,2.6,震度２,32.83666667,130.8283333
2016/4/19,5:30:45,熊本県阿蘇地方,33°00.6′N,131°05.7′E,9 km,3.1,震度２,33.01,131.095
2016/4/19,5:32:47,日高地方東部,42°14.3′N,142°54.5′E,52 km,4.1,震度２,42.23833333,142.9083333
2016/4/19,5:36:03,熊本県阿蘇地方,32°57.5′N,131°04.5′E,10 km,2.3,震度１,32.95833333,131.075
2016/4/19,5:36:44,熊本県阿蘇地方,33°00.8′N,131°11.5′E,7 km,2.4,震度１,33.01333333,131.1916667
2016/4/19,5:48:21,熊本県熊本地方,32°47.6′N,130°43.6′E,6 km,1.6,震度１,32.79333333,130.7266667
2016/4/19,6:02:42,熊本県阿蘇地方,33°00.8′N,131°13.2′E,6 km,2.5,震度１,33.01333333,131.22
2016/4/19,6:08:25,熊本県熊本地方,32°52.1′N,130°53.8′E,13 km,2.3,震度１,32.86833333,130.8966667
2016/4/19,6:20:01,熊本県阿蘇地方,33°00.8′N,131°11.0′E,7 km,4.1,震度４,33.01333333,131.1833333
2016/4/19,6:21:42,熊本県阿蘇地方,33°00.9′N,131°11.1′E,7 km,3.5,震度３,33.015,131.185
2016/4/19,6:23:36,熊本県阿蘇地方,33°01.1′N,131°11.2′E,6 km,2.6,震度１,33.01833333,131.1866667
2016/4/19,6:30:32,熊本県熊本地方,32°44.4′N,130°43.7′E,11 km,2.3,震度１,32.74,130.7283333
2016/4/19,6:31:50,熊本県阿蘇地方,33°01.3′N,131°11.4′E,6 km,2.4,震度１,33.02166667,131.19
2016/4/19,6:38:42,熊本県熊本地方,32°41.1′N,130°42.3′E,10 km,2.2,震度１,32.685,130.705
2016/4/19,6:40:33,大分県中部,33°15.9′N,131°21.8′E,9 km,1.8,震度１,33.265,131.3633333
2016/4/19,6:43:41,熊本県阿蘇地方,33°01.2′N,131°11.3′E,6 km,2.6,震度１,33.02,131.1883333
2016/4/19,6:45:41,熊本県阿蘇地方,33°01.2′N,131°11.5′E,7 km,3.1,震度２,33.02,131.1916667
2016/4/19,6:49:50,熊本県熊本地方,32°43.6′N,130°47.9′E,6 km,2.3,震度１,32.72666667,130.7983333
2016/4/19,7:04:41,熊本県熊本地方,32°44.3′N,130°43.8′E,10 km,2.8,震度１,32.73833333,130.73
2016/4/19,7:15:09,熊本県熊本地方,32°49.2′N,130°41.0′E,6 km,2.1,震度１,32.82,130.6833333
2016/4/19,7:27:21,大分県中部,33°14.3′N,131°20.1′E,8 km,1.7,震度１,33.23833333,131.335
2016/4/19,7:50:29,熊本県熊本地方,32°42.3′N,130°38.5′E,11 km,2.5,震度１,32.705,130.6416667
2016/4/19,7:51:45,熊本県熊本地方,32°38.6′N,130°40.0′E,8 km,1.3,震度１,32.64333333,130.6666667
2016/4/19,8:12:31,熊本県阿蘇地方,32°59.8′N,131°11.5′E,11 km,3.9,震度３,32.99666667,131.1916667
2016/4/19,8:13:56,熊本県阿蘇地方,33°00.8′N,131°13.2′E,5 km,2,震度１,33.01333333,131.22
2016/4/19,8:26:03,熊本県熊本地方,32°37.9′N,130°41.0′E,8 km,2.1,震度１,32.63166667,130.6833333
2016/4/19,8:31:50,熊本県熊本地方,32°50.6′N,130°51.9′E,9 km,2,震度１,32.84333333,130.865
2016/4/19,8:52:03,熊本県阿蘇地方,33°01.2′N,131°11.1′E,6 km,3.3,震度３,33.02,131.185
2016/4/19,8:56:52,熊本県熊本地方,32°47.5′N,130°44.8′E,10 km,2.4,震度１,32.79166667,130.7466667
2016/4/19,9:20:00,熊本県熊本地方,32°47.8′N,130°43.0′E,5 km,1.4,震度１,32.79666667,130.7166667
2016/4/19,9:23:13,熊本県熊本地方,32°46.8′N,130°45.1′E,10 km,3.6,震度３,32.78,130.7516667
2016/4/19,9:34:56,熊本県熊本地方,32°46.7′N,130°50.1′E,6 km,2,震度１,32.77833333,130.835
2016/4/19,9:38:15,熊本県阿蘇地方,32°56.7′N,131°03.1′E,9 km,2.9,震度２,32.945,131.0516667
2016/4/19,9:48:06,大分県中部,33°15.1′N,131°20.9′E,9 km,1.6,震度１,33.25166667,131.3483333
2016/4/19,9:55:00,熊本県熊本地方,32°40.1′N,130°42.9′E,11 km,2.4,震度１,32.66833333,130.715
2016/4/19,10:10:09,有明海,32°44.1′N,130°31.8′E,7 km,3.2,震度１,32.735,130.53
2016/4/19,10:32:58,有明海,32°44.3′N,130°31.9′E,7 km,3.2,震度２,32.73833333,130.5316667
2016/4/19,10:46:27,熊本県熊本地方,32°45.8′N,130°43.1′E,8 km,1.9,震度２,32.76333333,130.7183333
2016/4/19,11:04:18,熊本県熊本地方,32°37.7′N,130°38.6′E,11 km,2.5,震度１,32.62833333,130.6433333
2016/4/19,11:06:56,熊本県熊本地方,32°37.0′N,130°41.2′E,4 km,1.7,震度１,32.61666667,130.6866667
2016/4/19,11:08:59,熊本県阿蘇地方,32°58.5′N,131°04.5′E,9 km,2.5,震度１,32.975,131.075
2016/4/19,11:11:19,熊本県熊本地方,32°37.2′N,130°43.4′E,4 km,2,震度１,32.62,130.7233333
2016/4/19,11:13:33,有明海,32°44.2′N,130°32.0′E,9 km,3.3,震度１,32.73666667,130.5333333
2016/4/19,11:28:31,熊本県熊本地方,32°39.0′N,130°42.0′E,8 km,3,震度２,32.65,130.7
2016/4/19,11:29:30,熊本県熊本地方,32°38.8′N,130°42.3′E,8 km,3,震度２,32.64666667,130.705
2016/4/19,11:29:43,大分県中部,33°18.3′N,131°30.5′E,7 km,1.7,震度１,33.305,131.5083333
2016/4/19,11:31:36,熊本県熊本地方,32°48.1′N,130°48.6′E,9 km,2.4,震度１,32.80166667,130.81
2016/4/19,11:46:58,沖縄本島近海,26°30.4′N,130°13.7′E,46 km,4.8,震度１,26.50666667,130.2283333
2016/4/19,11:52:07,熊本県熊本地方,32°47.4′N,130°44.5′E,11 km,2.5,震度１,32.79,130.7416667
2016/4/19,12:11:45,熊本県熊本地方,32°47.8′N,130°41.6′E,7 km,1.7,震度１,32.79666667,130.6933333
2016/4/19,12:22:35,熊本県熊本地方,32°38.2′N,130°41.3′E,12 km,2.8,震度１,32.63666667,130.6883333
2016/4/19,12:31:55,沖縄本島北西沖,26°35.3′N,126°38.8′E,92 km,3.9,震度１,26.58833333,126.6466667
2016/4/19,12:50:31,熊本県阿蘇地方,32°59.8′N,131°06.0′E,13 km,2.6,震度１,32.99666667,131.1
2016/4/19,12:52:08,大分県中部,33°16.8′N,131°21.5′E,8 km,1.6,震度１,33.28,131.3583333
2016/4/19,12:52:14,熊本県熊本地方,32°46.5′N,130°46.7′E,11 km,4,震度３,32.775,130.7783333
2016/4/19,12:53:15,熊本県阿蘇地方,33°00.7′N,131°07.0′E,11 km,2.8,震度１,33.01166667,131.1166667
2016/4/19,13:12:34,熊本県熊本地方,32°39.1′N,130°43.1′E,10 km,2.9,震度２,32.65166667,130.7183333
2016/4/19,13:22:06,熊本県熊本地方,32°43.7′N,130°37.6′E,7 km,2.6,震度２,32.72833333,130.6266667
2016/4/19,13:35:13,熊本県熊本地方,32°41.5′N,130°46.7′E,9 km,3.2,震度３,32.69166667,130.7783333
2016/4/19,13:57:58,熊本県熊本地方,32°48.9′N,130°41.1′E,4 km,1.7,震度１,32.815,130.685
2016/4/19,14:05:47,熊本県熊本地方,32°47.3′N,130°37.4′E,13 km,3.7,震度２,32.78833333,130.6233333
2016/4/19,14:14:45,熊本県阿蘇地方,33°01.0′N,131°11.0′E,7 km,3.2,震度３,33.01666667,131.1833333
2016/4/19,14:18:04,熊本県熊本地方,32°52.0′N,130°56.1′E,8 km,2,震度１,32.86666667,130.935
2016/4/19,14:36:56,熊本県熊本地方,32°40.8′N,130°43.7′E,13 km,2.5,震度１,32.68,130.7283333
2016/4/19,14:40:53,熊本県阿蘇地方,33°00.6′N,131°11.0′E,7 km,3,震度２,33.01,131.1833333
2016/4/19,14:42:08,熊本県熊本地方,32°49.0′N,130°43.7′E,2 km,1.2,震度１,32.81666667,130.7283333
2016/4/19,14:55:15,宮城県沖,38°55.3′N,141°55.8′E,51 km,3.9,震度２,38.92166667,141.93
2016/4/19,14:57:32,熊本県阿蘇地方,33°00.5′N,131°12.8′E,6 km,3.3,震度３,33.00833333,131.2133333
2016/4/19,15:01:17,熊本県熊本地方,32°45.4′N,130°49.5′E,12 km,2.4,震度１,32.75666667,130.825
2016/4/19,15:05:18,熊本県阿蘇地方,32°59.8′N,131°11.3′E,5 km,3.8,震度３,32.99666667,131.1883333
2016/4/19,15:06:19,熊本県熊本地方,32°35.0′N,130°43.6′E,2 km,2.3,震度２,32.58333333,130.7266667
2016/4/19,15:06:36,熊本県熊本地方,32°41.5′N,130°43.3′E,12 km,2.2,震度１,32.69166667,130.7216667
2016/4/19,15:08:42,熊本県阿蘇地方,32°59.7′N,131°11.6′E,6 km,2.7,震度２,32.995,131.1933333
2016/4/19,15:12:34,熊本県阿蘇地方,32°59.1′N,131°05.8′E,10 km,2.7,震度１,32.985,131.0966667
2016/4/19,15:24:20,熊本県熊本地方,32°35.2′N,130°40.4′E,6 km,2.7,震度２,32.58666667,130.6733333
2016/4/19,15:25:13,熊本県阿蘇地方,32°59.9′N,131°11.8′E,5 km,2.4,震度２,32.99833333,131.1966667
2016/4/19,15:27:27,熊本県阿蘇地方,32°59.4′N,131°10.9′E,5 km,3,震度２,32.99,131.1816667
2016/4/19,15:43:06,熊本県熊本地方,32°42.9′N,130°41.5′E,8 km,1.8,震度１,32.715,130.6916667
2016/4/19,16:22:26,熊本県阿蘇地方,32°58.2′N,131°06.7′E,9 km,3.6,震度３,32.97,131.1116667
2016/4/19,16:26:56,熊本県阿蘇地方,32°56.3′N,131°02.5′E,3 km,2.3,震度１,32.93833333,131.0416667
2016/4/19,16:41:03,熊本県熊本地方,32°42.4′N,130°41.2′E,11 km,2.1,震度１,32.70666667,130.6866667
2016/4/19,17:04:57,熊本県熊本地方,32°52.3′N,130°53.5′E,10 km,1.6,震度１,32.87166667,130.8916667
2016/4/19,17:07:33,熊本県阿蘇地方,33°01.0′N,131°11.1′E,7 km,2.7,震度１,33.01666667,131.185
2016/4/19,17:14:47,熊本県熊本地方,32°43.9′N,130°44.8′E,13 km,2.5,震度１,32.73166667,130.7466667
2016/4/19,17:18:54,熊本県熊本地方,32°42.7′N,130°39.4′E,8 km,2.1,震度１,32.71166667,130.6566667
2016/4/19,17:36:08,熊本県阿蘇地方,32°58.4′N,131°02.9′E,7 km,2.6,震度１,32.97333333,131.0483333
2016/4/19,17:42:54,熊本県阿蘇地方,32°58.6′N,131°03.1′E,6 km,2.1,震度１,32.97666667,131.0516667
2016/4/19,17:47:12,熊本県阿蘇地方,33°01.2′N,131°11.2′E,7 km,2.8,震度１,33.02,131.1866667
2016/4/19,17:48:14,熊本県熊本地方,32°48.2′N,130°42.8′E,4 km,1.2,震度１,32.80333333,130.7133333
2016/4/19,17:52:14,熊本県熊本地方,32°32.1′N,130°38.1′E,10 km,5.5,震度５強,32.535,130.635
2016/4/19,17:57:18,熊本県熊本地方,32°32.0′N,130°38.3′E,8 km,4,震度３,32.53333333,130.6383333
2016/4/19,17:57:21,大分県中部,33°18.3′N,131°28.3′E,9 km,2.1,震度１,33.305,131.4716667
2016/4/19,18:02:16,熊本県熊本地方,32°31.5′N,130°38.3′E,7 km,1.7,震度１,32.525,130.6383333
2016/4/19,18:02:31,熊本県熊本地方,32°30.7′N,130°37.4′E,8 km,2.5,震度１,32.51166667,130.6233333
2016/4/19,18:02:47,熊本県熊本地方,32°47.9′N,130°47.0′E,15 km,3.9,震度３,32.79833333,130.7833333
2016/4/19,18:03:36,熊本県熊本地方,32°32.1′N,130°38.2′E,7 km,2.6,震度１,32.535,130.6366667
2016/4/19,18:03:47,熊本県熊本地方,32°31.2′N,130°37.7′E,8 km,2.6,震度１,32.52,130.6283333
2016/4/19,18:04:39,熊本県熊本地方,32°32.2′N,130°38.6′E,8 km,3.8,震度３,32.53666667,130.6433333
2016/4/19,18:07:44,熊本県熊本地方,32°31.3′N,130°38.3′E,7 km,2.5,震度１,32.52166667,130.6383333
2016/4/19,18:09:43,熊本県熊本地方,32°32.5′N,130°39.0′E,8 km,4,震度３,32.54166667,130.65
2016/4/19,18:12:30,熊本県熊本地方,32°30.5′N,130°37.6′E,7 km,2.5,震度１,32.50833333,130.6266667
2016/4/19,18:14:48,熊本県熊本地方,32°38.9′N,130°41.3′E,9 km,3.2,震度３,32.64833333,130.6883333
2016/4/19,18:17:36,熊本県熊本地方,32°31.8′N,130°38.5′E,9 km,2.4,震度１,32.53,130.6416667
2016/4/19,18:32:40,熊本県熊本地方,32°31.7′N,130°37.9′E,8 km,2.3,震度１,32.52833333,130.6316667
2016/4/19,18:41:13,熊本県熊本地方,32°30.8′N,130°37.6′E,8 km,2.5,震度１,32.51333333,130.6266667
2016/4/19,18:41:51,熊本県阿蘇地方,32°58.3′N,131°06.6′E,9 km,2.2,震度１,32.97166667,131.11
2016/4/19,19:05:37,千葉県北東部,35°44.0′N,140°42.0′E,49 km,4.3,震度２,35.73333333,140.7
2016/4/19,19:16:06,熊本県熊本地方,32°42.1′N,130°42.6′E,9 km,2.2,震度１,32.70166667,130.71
2016/4/19,19:27:29,熊本県熊本地方,32°40.9′N,130°39.1′E,8 km,2,震度１,32.68166667,130.6516667
2016/4/19,19:28:18,熊本県阿蘇地方,32°59.4′N,131°11.1′E,6 km,2.8,震度２,32.99,131.185
2016/4/19,19:30:39,大分県中部,33°14.9′N,131°22.8′E,9 km,3,震度２,33.24833333,131.38
2016/4/19,19:46:14,宮城県沖,38°10.8′N,141°41.9′E,50 km,3.4,震度１,38.18,141.6983333
2016/4/19,20:22:45,熊本県熊本地方,32°27.5′N,130°39.5′E,10 km,2.5,震度１,32.45833333,130.6583333
2016/4/19,20:33:33,熊本県熊本地方,32°49.3′N,130°41.0′E,7 km,3.3,震度３,32.82166667,130.6833333
2016/4/19,20:43:28,長野県南部,35°54.5′N,137°40.4′E,8 km,2.4,震度１,35.90833333,137.6733333
2016/4/19,20:47:03,熊本県熊本地方,32°34.3′N,130°39.1′E,11 km,5,震度５弱,32.57166667,130.6516667
2016/4/19,20:48:11,熊本県熊本地方,32°33.9′N,130°39.1′E,11 km,3.4,震度２,32.565,130.6516667
2016/4/19,20:50:43,熊本県熊本地方,32°25.2′N,130°34.3′E,7 km,2.5,震度１,32.42,130.5716667
2016/4/19,20:58:40,熊本県熊本地方,32°41.1′N,130°43.4′E,9 km,2.5,震度２,32.685,130.7233333
2016/4/19,20:59:37,熊本県熊本地方,32°30.8′N,130°37.5′E,9 km,2.6,震度１,32.51333333,130.625
2016/4/19,21:15:29,熊本県熊本地方,32°31.0′N,130°37.1′E,6 km,2.2,震度１,32.51666667,130.6183333
2016/4/19,21:15:58,熊本県熊本地方,32°34.3′N,130°39.3′E,11 km,3,震度１,32.57166667,130.655
2016/4/19,21:22:37,大分県中部,33°15.6′N,131°20.2′E,9 km,2.5,震度１,33.26,131.3366667
2016/4/19,21:35:29,熊本県熊本地方,32°30.9′N,130°36.7′E,8 km,2.1,震度１,32.515,130.6116667
2016/4/19,22:02:42,熊本県熊本地方,32°46.8′N,130°48.1′E,8 km,2.6,震度１,32.78,130.8016667
2016/4/19,22:04:30,熊本県阿蘇地方,33°01.2′N,131°11.2′E,7 km,2.7,震度１,33.02,131.1866667
2016/4/19,22:11:57,熊本県熊本地方,32°47.5′N,130°46.7′E,5 km,2,震度１,32.79166667,130.7783333
2016/4/19,22:13:38,熊本県熊本地方,32°46.6′N,130°44.3′E,8 km,2.1,震度１,32.77666667,130.7383333
2016/4/19,22:15:11,熊本県熊本地方,32°39.7′N,130°43.6′E,7 km,2.2,震度２,32.66166667,130.7266667
2016/4/19,22:16:02,熊本県熊本地方,32°38.8′N,130°43.7′E,11 km,2.6,震度１,32.64666667,130.7283333
2016/4/19,22:19:19,熊本県阿蘇地方,33°00.0′N,131°12.1′E,6 km,1.9,震度１,33,131.2016667
2016/4/19,22:22:41,熊本県阿蘇地方,33°00.8′N,131°10.9′E,10 km,2.7,震度１,33.01333333,131.1816667
2016/4/19,22:26:24,熊本県熊本地方,32°33.6′N,130°38.9′E,9 km,3.7,震度３,32.56,130.6483333
2016/4/19,22:32:31,熊本県熊本地方,32°30.4′N,130°37.4′E,8 km,2.2,震度１,32.50666667,130.6233333
2016/4/19,22:52:30,熊本県阿蘇地方,33°02.9′N,131°12.7′E,8 km,3.1,震度２,33.04833333,131.2116667
2016/4/19,22:56:32,熊本県熊本地方,32°40.1′N,130°43.3′E,10 km,2.3,震度１,32.66833333,130.7216667
2016/4/19,22:59:37,熊本県熊本地方,32°31.2′N,130°38.3′E,10 km,3,震度２,32.52,130.6383333
2016/4/19,23:15:32,熊本県熊本地方,32°43.3′N,130°40.0′E,14 km,2.7,震度２,32.72166667,130.6666667
2016/4/19,23:16:58,熊本県熊本地方,32°45.9′N,130°47.5′E,10 km,3.1,震度２,32.765,130.7916667
2016/4/19,23:17:50,熊本県熊本地方,32°32.4′N,130°38.5′E,11 km,3,震度２,32.54,130.6416667
2016/4/19,23:23:16,熊本県熊本地方,32°40.1′N,130°43.4′E,10 km,3.2,震度３,32.66833333,130.7233333
2016/4/20,0:02:38,熊本県熊本地方,32°31.5′N,130°37.2′E,9 km,2.6,震度２,32.525,130.62
2016/4/20,0:25:13,大分県中部,33°14.9′N,131°22.7′E,9 km,2.9,震度２,33.24833333,131.3783333
2016/4/20,0:29:30,熊本県熊本地方,32°32.0′N,130°38.4′E,8 km,4,震度３,32.53333333,130.64
2016/4/20,0:30:17,熊本県熊本地方,32°31.9′N,130°38.5′E,9 km,3.9,震度２,32.53166667,130.6416667
2016/4/20,0:37:10,熊本県熊本地方,32°32.0′N,130°38.6′E,9 km,2.8,震度２,32.53333333,130.6433333
2016/4/20,0:39:21,熊本県熊本地方,32°36.8′N,130°42.5′E,5 km,2.8,震度２,32.61333333,130.7083333
2016/4/20,0:41:47,熊本県熊本地方,32°31.7′N,130°38.5′E,10 km,2.5,震度１,32.52833333,130.6416667
2016/4/20,0:44:10,熊本県熊本地方,32°45.2′N,130°40.3′E,12 km,2.5,震度１,32.75333333,130.6716667
2016/4/20,0:45:26,熊本県熊本地方,32°42.2′N,130°44.5′E,12 km,2.3,震度１,32.70333333,130.7416667
2016/4/20,0:46:29,熊本県熊本地方,32°31.9′N,130°38.5′E,9 km,3.2,震度２,32.53166667,130.6416667
2016/4/20,0:56:08,熊本県熊本地方,32°32.2′N,130°38.6′E,9 km,3.6,震度３,32.53666667,130.6433333
2016/4/20,0:58:46,熊本県熊本地方,32°43.7′N,130°47.2′E,9 km,2.2,震度１,32.72833333,130.7866667
2016/4/20,1:28:07,熊本県熊本地方,32°37.4′N,130°45.4′E,5 km,1.2,震度１,32.62333333,130.7566667
2016/4/20,1:31:09,熊本県阿蘇地方,32°59.5′N,131°06.4′E,8 km,3.3,震度２,32.99166667,131.1066667
2016/4/20,1:32:20,熊本県阿蘇地方,32°59.7′N,131°06.4′E,7 km,3.1,震度２,32.995,131.1066667
2016/4/20,1:48:17,熊本県熊本地方,32°40.9′N,130°43.8′E,14 km,3.6,震度２,32.68166667,130.73
2016/4/20,2:16:08,熊本県熊本地方,32°32.7′N,130°39.1′E,9 km,3.9,震度３,32.545,130.6516667
2016/4/20,2:20:35,熊本県熊本地方,32°32.4′N,130°39.4′E,9 km,3,震度１,32.54,130.6566667
2016/4/20,2:23:35,熊本県熊本地方,32°34.1′N,130°39.6′E,9 km,2.7,震度１,32.56833333,130.66
2016/4/20,2:28:13,熊本県熊本地方,32°41.5′N,130°42.6′E,13 km,2.3,震度１,32.69166667,130.71
2016/4/20,2:35:43,熊本県阿蘇地方,32°59.8′N,131°12.6′E,6 km,2.3,震度１,32.99666667,131.21
2016/4/20,2:41:38,熊本県阿蘇地方,33°00.0′N,131°12.1′E,7 km,1.9,震度１,33,131.2016667
2016/4/20,2:42:06,茨城県南部,35°59.5′N,140°11.8′E,40 km,2.7,震度１,35.99166667,140.1966667
2016/4/20,2:44:20,熊本県熊本地方,32°40.2′N,130°45.2′E,10 km,2.9,震度２,32.67,130.7533333
2016/4/20,3:28:14,熊本県熊本地方,32°46.1′N,130°43.0′E,9 km,2.1,震度１,32.76833333,130.7166667
2016/4/20,3:38:59,熊本県熊本地方,32°33.8′N,130°38.7′E,11 km,4.1,震度３,32.56333333,130.645
2016/4/20,3:42:34,熊本県阿蘇地方,32°59.2′N,131°11.0′E,9 km,3.1,震度２,32.98666667,131.1833333
2016/4/20,3:44:34,熊本県熊本地方,32°51.5′N,130°49.8′E,13 km,2.1,震度１,32.85833333,130.83
2016/4/20,3:52:35,熊本県熊本地方,32°43.8′N,130°48.5′E,5 km,3,震度３,32.73,130.8083333
2016/4/20,3:54:35,熊本県熊本地方,32°43.7′N,130°48.4′E,7 km,2.1,震度１,32.72833333,130.8066667
2016/4/20,3:57:08,熊本県熊本地方,32°32.4′N,130°39.1′E,10 km,3.1,震度２,32.54,130.6516667
2016/4/20,4:03:11,熊本県熊本地方,32°35.9′N,130°40.9′E,8 km,2.8,震度１,32.59833333,130.6816667
2016/4/20,4:35:26,熊本県天草・芦北地方,32°28.3′N,130°32.5′E,8 km,2.8,震度１,32.47166667,130.5416667
2016/4/20,4:42:29,熊本県熊本地方,32°38.3′N,130°40.4′E,9 km,2.1,震度１,32.63833333,130.6733333
2016/4/20,4:42:47,熊本県阿蘇地方,32°57.0′N,131°03.1′E,9 km,1.9,震度１,32.95,131.0516667
2016/4/20,4:50:17,熊本県熊本地方,32°33.1′N,130°38.9′E,9 km,2.5,震度１,32.55166667,130.6483333
2016/4/20,4:56:33,熊本県熊本地方,32°38.0′N,130°43.5′E,5 km,1.2,震度１,32.63333333,130.725
2016/4/20,5:33:06,熊本県熊本地方,32°39.8′N,130°40.0′E,13 km,2.9,震度２,32.66333333,130.6666667
2016/4/20,5:53:04,茨城県沖,36°39.7′N,140°45.2′E,85 km,3.8,震度２,36.66166667,140.7533333
2016/4/20,5:53:53,熊本県熊本地方,32°52.3′N,130°51.3′E,11 km,1.9,震度１,32.87166667,130.855
2016/4/20,5:59:30,熊本県熊本地方,32°38.3′N,130°41.3′E,14 km,2.6,震度１,32.63833333,130.6883333
2016/4/20,6:03:19,熊本県熊本地方,32°33.1′N,130°38.9′E,9 km,3.2,震度２,32.55166667,130.6483333
2016/4/20,6:19:44,熊本県阿蘇地方,32°58.1′N,131°00.9′E,4 km,2.3,震度１,32.96833333,131.015
2016/4/20,7:08:20,熊本県熊本地方,32°47.2′N,130°42.0′E,5 km,1.6,震度１,32.78666667,130.7
2016/4/20,7:21:34,熊本県熊本地方,32°38.9′N,130°42.4′E,8 km,2.5,震度１,32.64833333,130.7066667
2016/4/20,7:30:50,熊本県熊本地方,32°51.7′N,130°55.3′E,9 km,3,震度２,32.86166667,130.9216667
2016/4/20,7:32:36,熊本県熊本地方,32°38.1′N,130°40.3′E,10 km,2.3,震度１,32.635,130.6716667
2016/4/20,7:45:06,熊本県熊本地方,32°30.0′N,130°36.9′E,8 km,2.4,震度２,32.5,130.615
2016/4/20,7:49:16,熊本県熊本地方,32°39.6′N,130°43.1′E,8 km,1.9,震度２,32.66,130.7183333
2016/4/20,8:00:47,熊本県熊本地方,32°42.0′N,130°39.3′E,9 km,3.7,震度３,32.7,130.655
2016/4/20,8:04:25,大分県中部,33°18.9′N,131°28.9′E,4 km,1.8,震度１,33.315,131.4816667
2016/4/20,8:17:27,熊本県阿蘇地方,32°58.0′N,131°05.6′E,6 km,2.6,震度１,32.96666667,131.0933333
2016/4/20,8:49:43,熊本県熊本地方,32°33.7′N,130°46.0′E,10 km,3.3,震度２,32.56166667,130.7666667
2016/4/20,9:00:09,熊本県熊本地方,32°35.3′N,130°39.5′E,12 km,3.2,震度１,32.58833333,130.6583333
2016/4/20,9:24:56,熊本県阿蘇地方,33°02.3′N,131°08.8′E,11 km,2.7,震度１,33.03833333,131.1466667
2016/4/20,9:33:08,熊本県熊本地方,32°41.7′N,130°38.8′E,10 km,2.3,震度１,32.695,130.6466667
2016/4/20,10:02:52,熊本県熊本地方,32°48.7′N,130°41.2′E,7 km,1.9,震度１,32.81166667,130.6866667
2016/4/20,10:05:10,熊本県熊本地方,32°37.0′N,130°42.4′E,5 km,2.5,震度２,32.61666667,130.7066667
2016/4/20,10:14:02,熊本県熊本地方,32°33.2′N,130°38.7′E,9 km,3.5,震度２,32.55333333,130.645
2016/4/20,10:43:10,熊本県阿蘇地方,33°00.6′N,131°13.0′E,7 km,2.6,震度２,33.01,131.2166667
2016/4/20,10:46:23,熊本県熊本地方,32°42.1′N,130°37.9′E,9 km,2.5,震度１,32.70166667,130.6316667
2016/4/20,11:09:13,熊本県熊本地方,32°45.9′N,130°44.9′E,10 km,2.4,震度１,32.765,130.7483333
2016/4/20,11:17:49,熊本県熊本地方,32°51.2′N,130°52.9′E,10 km,2.7,震度１,32.85333333,130.8816667
2016/4/20,11:26:24,熊本県熊本地方,32°37.9′N,130°42.3′E,5 km,2.2,震度１,32.63166667,130.705
2016/4/20,11:32:41,熊本県熊本地方,32°47.7′N,130°41.7′E,7 km,1.6,震度１,32.795,130.695
2016/4/20,11:51:02,熊本県熊本地方,32°47.4′N,130°47.6′E,11 km,2.8,震度１,32.79,130.7933333
2016/4/20,11:58:03,熊本県熊本地方,32°38.7′N,130°43.8′E,11 km,2.5,震度１,32.645,130.73
2016/4/20,12:05:19,熊本県熊本地方,32°35.6′N,130°40.7′E,7 km,3.1,震度２,32.59333333,130.6783333
2016/4/20,12:14:25,熊本県熊本地方,32°51.5′N,130°52.7′E,10 km,2.1,震度１,32.85833333,130.8783333
2016/4/20,12:16:28,熊本県熊本地方,32°35.6′N,130°40.5′E,7 km,2.1,震度１,32.59333333,130.675
2016/4/20,12:18:34,熊本県熊本地方,32°35.5′N,130°40.7′E,7 km,2.7,震度２,32.59166667,130.6783333
2016/4/20,12:20:14,熊本県熊本地方,32°35.1′N,130°41.1′E,4 km,2.2,震度１,32.585,130.685
2016/4/20,12:22:36,熊本県熊本地方,32°35.3′N,130°40.3′E,2 km,3.4,震度３,32.58833333,130.6716667
2016/4/20,12:33:03,熊本県熊本地方,32°42.4′N,130°40.8′E,13 km,2.9,震度２,32.70666667,130.68
2016/4/20,12:36:48,熊本県熊本地方,32°41.7′N,130°44.0′E,13 km,2.1,震度１,32.695,130.7333333
2016/4/20,12:44:14,熊本県熊本地方,32°33.3′N,130°38.8′E,10 km,3.1,震度２,32.555,130.6466667
2016/4/20,12:47:40,熊本県阿蘇地方,32°57.1′N,131°06.2′E,8 km,2.3,震度１,32.95166667,131.1033333
2016/4/20,12:57:05,熊本県熊本地方,32°42.2′N,130°42.1′E,11 km,2,震度１,32.70333333,130.7016667
2016/4/20,13:07:05,宮城県沖,38°30.2′N,141°56.0′E,56 km,4.1,震度１,38.50333333,141.9333333
2016/4/20,13:11:21,熊本県熊本地方,32°33.3′N,130°38.4′E,10 km,2.3,震度１,32.555,130.64
2016/4/20,13:31:15,熊本県熊本地方,32°39.2′N,130°40.2′E,10 km,2.3,震度１,32.65333333,130.67
2016/4/20,13:39:10,熊本県熊本地方,32°52.9′N,130°55.4′E,11 km,2,震度１,32.88166667,130.9233333
2016/4/20,13:39:12,熊本県阿蘇地方,33°00.4′N,131°12.3′E,7 km,2.9,震度１,33.00666667,131.205
2016/4/20,14:13:28,熊本県熊本地方,32°31.1′N,130°36.4′E,10 km,3.1,震度２,32.51833333,130.6066667
2016/4/20,14:21:18,熊本県熊本地方,32°40.9′N,130°42.1′E,13 km,3,震度２,32.68166667,130.7016667
2016/4/20,14:27:44,大分県中部,33°18.1′N,131°28.9′E,8 km,3.9,震度４,33.30166667,131.4816667
2016/4/20,14:54:56,大分県中部,33°14.5′N,131°23.2′E,9 km,2.2,震度１,33.24166667,131.3866667
2016/4/20,14:57:19,熊本県熊本地方,32°41.3′N,130°41.7′E,11 km,2.7,震度２,32.68833333,130.695
2016/4/20,15:13:05,熊本県阿蘇地方,32°57.5′N,131°06.4′E,8 km,3.3,震度２,32.95833333,131.1066667
2016/4/20,15:21:44,熊本県熊本地方,32°49.4′N,130°40.5′E,6 km,2.2,震度１,32.82333333,130.675
2016/4/20,15:27:28,熊本県阿蘇地方,33°00.2′N,131°13.7′E,11 km,3.6,震度２,33.00333333,131.2283333
2016/4/20,15:28:08,熊本県熊本地方,32°38.8′N,130°43.9′E,10 km,3.3,震度３,32.64666667,130.7316667
2016/4/20,15:29:09,熊本県熊本地方,32°40.3′N,130°43.3′E,12 km,2.8,震度２,32.67166667,130.7216667
2016/4/20,15:31:14,熊本県熊本地方,32°51.1′N,130°47.9′E,14 km,3.1,震度３,32.85166667,130.7983333
2016/4/20,15:37:09,熊本県熊本地方,32°35.5′N,130°40.9′E,7 km,2.3,震度１,32.59166667,130.6816667
2016/4/20,15:49:53,熊本県熊本地方,32°48.2′N,130°42.6′E,6 km,1.4,震度１,32.80333333,130.71
2016/4/20,16:01:30,熊本県熊本地方,32°50.2′N,130°47.9′E,15 km,4,震度３,32.83666667,130.7983333
2016/4/20,16:16:23,大分県中部,33°15.9′N,131°24.2′E,8 km,2.6,震度１,33.265,131.4033333
2016/4/20,16:24:13,熊本県熊本地方,32°32.3′N,130°39.3′E,8 km,2.4,震度１,32.53833333,130.655
2016/4/20,16:34:15,熊本県熊本地方,32°41.9′N,130°45.3′E,11 km,3.2,震度２,32.69833333,130.755
2016/4/20,16:44:05,大分県中部,33°14.9′N,131°22.5′E,9 km,2.5,震度１,33.24833333,131.375
2016/4/20,16:49:44,熊本県熊本地方,32°35.0′N,130°39.3′E,12 km,3,震度２,32.58333333,130.655
2016/4/20,16:51:19,熊本県熊本地方,32°39.1′N,130°43.0′E,10 km,2.1,震度１,32.65166667,130.7166667
2016/4/20,17:01:39,大分県中部,33°17.3′N,131°20.6′E,8 km,1.8,震度１,33.28833333,131.3433333
2016/4/20,17:06:11,大分県中部,33°16.4′N,131°19.3′E,9 km,2.2,震度１,33.27333333,131.3216667
2016/4/20,17:35:20,熊本県熊本地方,32°49.4′N,130°40.9′E,7 km,3,震度２,32.82333333,130.6816667
2016/4/20,17:40:08,熊本県熊本地方,32°51.7′N,130°50.4′E,13 km,3,震度３,32.86166667,130.84
2016/4/20,17:50:25,熊本県阿蘇地方,32°58.3′N,131°03.1′E,6 km,2.8,震度２,32.97166667,131.0516667
2016/4/20,17:58:20,熊本県熊本地方,32°41.8′N,130°43.9′E,14 km,2.4,震度１,32.69666667,130.7316667
2016/4/20,18:11:55,熊本県熊本地方,32°41.7′N,130°41.9′E,11 km,3.1,震度２,32.695,130.6983333
2016/4/20,19:00:11,熊本県熊本地方,32°45.2′N,130°45.0′E,10 km,3.9,震度３,32.75333333,130.75
2016/4/20,19:04:00,熊本県熊本地方,32°42.1′N,130°40.4′E,12 km,3,震度２,32.70166667,130.6733333
2016/4/20,19:14:11,熊本県熊本地方,32°37.2′N,130°42.8′E,5 km,2.5,震度２,32.62,130.7133333
2016/4/20,19:16:11,熊本県熊本地方,32°49.2′N,130°47.6′E,12 km,2.5,震度１,32.82,130.7933333
2016/4/20,19:31:07,熊本県熊本地方,32°38.9′N,130°42.1′E,8 km,2.5,震度２,32.64833333,130.7016667
2016/4/20,19:39:53,熊本県熊本地方,32°40.1′N,130°44.6′E,9 km,2.4,震度１,32.66833333,130.7433333
2016/4/20,19:41:17,熊本県熊本地方,32°38.7′N,130°41.8′E,9 km,2.7,震度１,32.645,130.6966667
2016/4/20,19:43:31,熊本県熊本地方,32°42.2′N,130°40.4′E,13 km,2.9,震度２,32.70333333,130.6733333
2016/4/20,19:45:20,熊本県熊本地方,32°52.0′N,130°50.3′E,13 km,2.6,震度２,32.86666667,130.8383333
2016/4/20,20:04:37,熊本県熊本地方,32°39.0′N,130°43.0′E,13 km,3,震度１,32.65,130.7166667
2016/4/20,20:11:44,熊本県熊本地方,32°32.8′N,130°43.7′E,8 km,2.1,震度１,32.54666667,130.7283333
2016/4/20,20:17:08,熊本県熊本地方,32°41.3′N,130°43.9′E,14 km,3.1,震度２,32.68833333,130.7316667
2016/4/20,20:58:40,熊本県熊本地方,32°48.5′N,130°42.3′E,6 km,1.7,震度１,32.80833333,130.705
2016/4/20,21:05:34,熊本県熊本地方,32°49.1′N,130°41.2′E,5 km,2,震度１,32.81833333,130.6866667
2016/4/20,21:09:43,熊本県熊本地方,32°45.6′N,130°37.7′E,6 km,2.1,震度１,32.76,130.6283333
2016/4/20,21:17:01,熊本県熊本地方,32°39.1′N,130°41.0′E,10 km,2.2,震度１,32.65166667,130.6833333
2016/4/20,21:19:44,福島県沖,37°46.2′N,141°41.3′E,49 km,5.8,震度３,37.77,141.6883333
2016/4/20,21:21:37,熊本県阿蘇地方,33°01.0′N,131°12.9′E,8 km,2.6,震度１,33.01666667,131.215
2016/4/20,21:21:51,熊本県熊本地方,32°42.6′N,130°42.5′E,12 km,2.3,震度１,32.71,130.7083333
2016/4/20,21:35:26,熊本県阿蘇地方,33°00.5′N,131°05.6′E,9 km,3.7,震度３,33.00833333,131.0933333
2016/4/20,21:36:42,熊本県熊本地方,32°37.1′N,130°42.8′E,4 km,2.4,震度２,32.61833333,130.7133333
2016/4/20,21:40:12,熊本県熊本地方,32°37.9′N,130°42.3′E,7 km,2.7,震度２,32.63166667,130.705
2016/4/20,21:50:51,熊本県熊本地方,32°38.5′N,130°41.9′E,8 km,1.9,震度１,32.64166667,130.6983333
2016/4/20,21:55:59,熊本県熊本地方,32°37.9′N,130°42.2′E,6 km,1.9,震度１,32.63166667,130.7033333
2016/4/20,21:56:24,熊本県熊本地方,32°32.1′N,130°39.0′E,8 km,2.5,震度１,32.535,130.65
2016/4/20,22:01:02,熊本県熊本地方,32°40.3′N,130°45.4′E,10 km,2.3,震度１,32.67166667,130.7566667
2016/4/20,22:12:13,熊本県熊本地方,32°41.1′N,130°47.3′E,7 km,1.9,震度１,32.685,130.7883333
2016/4/20,22:13:36,熊本県熊本地方,32°45.3′N,130°38.2′E,7 km,1.9,震度１,32.755,130.6366667
2016/4/20,22:21:48,熊本県熊本地方,32°38.9′N,130°44.0′E,10 km,3.2,震度３,32.64833333,130.7333333
2016/4/20,22:27:46,熊本県阿蘇地方,33°01.6′N,131°12.2′E,6 km,2.3,震度１,33.02666667,131.2033333
2016/4/20,22:35:40,大分県中部,33°18.9′N,131°29.0′E,4 km,2.5,震度３,33.315,131.4833333
2016/4/20,22:41:44,熊本県阿蘇地方,32°59.5′N,131°11.1′E,8 km,2.9,震度２,32.99166667,131.185
2016/4/20,23:18:16,熊本県熊本地方,32°51.5′N,130°54.5′E,8 km,2.2,震度１,32.85833333,130.9083333
2016/4/20,23:25:18,熊本県熊本地方,32°48.1′N,130°42.4′E,8 km,1.8,震度１,32.80166667,130.7066667
2016/4/20,23:30:54,熊本県熊本地方,32°45.1′N,130°44.8′E,10 km,2.8,震度１,32.75166667,130.7466667
2016/4/20,23:32:39,熊本県熊本地方,32°41.9′N,130°43.5′E,9 km,2.1,震度１,32.69833333,130.725
2016/4/20,23:40:40,大分県中部,33°19.0′N,131°29.0′E,4 km,2.2,震度１,33.31666667,131.4833333
2016/4/20,23:55:07,熊本県熊本地方,32°46.6′N,130°45.2′E,7 km,2.3,震度１,32.77666667,130.7533333
2016/4/20,23:58:55,熊本県阿蘇地方,32°59.4′N,131°11.0′E,8 km,3.2,震度２,32.99,131.1833333
2016/4/21,0:34:25,熊本県熊本地方,32°44.2′N,130°45.9′E,15 km,2.1,震度１,32.73666667,130.765
2016/4/21,0:37:23,熊本県熊本地方,32°47.8′N,130°42.4′E,4 km,1.8,震度２,32.79666667,130.7066667
2016/4/21,0:52:46,熊本県熊本地方,32°46.7′N,130°45.1′E,7 km,1.7,震度１,32.77833333,130.7516667
2016/4/21,0:57:47,熊本県阿蘇地方,33°00.4′N,131°13.7′E,11 km,2.8,震度２,33.00666667,131.2283333
2016/4/21,1:13:45,熊本県阿蘇地方,32°58.5′N,131°02.3′E,7 km,2.7,震度２,32.975,131.0383333
2016/4/21,1:34:15,熊本県熊本地方,32°49.7′N,130°52.0′E,6 km,2.4,震度１,32.82833333,130.8666667
2016/4/21,1:52:41,熊本県熊本地方,32°33.8′N,130°46.1′E,9 km,2.6,震度１,32.56333333,130.7683333
2016/4/21,1:58:53,大分県中部,33°18.9′N,131°28.9′E,4 km,1.5,震度１,33.315,131.4816667
2016/4/21,2:18:20,熊本県熊本地方,32°37.0′N,130°42.4′E,6 km,2,震度２,32.61666667,130.7066667
2016/4/21,2:34:32,熊本県阿蘇地方,33°00.8′N,131°11.5′E,7 km,3,震度２,33.01333333,131.1916667
2016/4/21,3:02:44,熊本県阿蘇地方,32°59.4′N,131°11.1′E,9 km,2.2,震度１,32.99,131.185
2016/4/21,3:05:28,熊本県阿蘇地方,32°59.5′N,131°11.1′E,8 km,2.6,震度１,32.99166667,131.185
2016/4/21,3:54:29,熊本県熊本地方,32°39.7′N,130°43.1′E,12 km,2.3,震度１,32.66166667,130.7183333
2016/4/21,4:05:38,熊本県熊本地方,32°47.9′N,130°42.4′E,6 km,1.7,震度１,32.79833333,130.7066667
2016/4/21,4:15:09,熊本県熊本地方,32°40.9′N,130°42.3′E,10 km,2.4,震度１,32.68166667,130.705
2016/4/21,4:23:58,熊本県熊本地方,32°41.8′N,130°41.5′E,13 km,2.9,震度２,32.69666667,130.6916667
2016/4/21,5:16:51,大分県中部,33°18.9′N,131°29.2′E,5 km,3.8,震度４,33.315,131.4866667
2016/4/21,5:23:06,大分県中部,33°18.8′N,131°29.5′E,4 km,1.5,震度１,33.31333333,131.4916667
2016/4/21,5:33:50,大分県中部,33°19.1′N,131°27.9′E,4 km,1,震度１,33.31833333,131.465
2016/4/21,5:57:29,大分県中部,33°19.2′N,131°27.9′E,4 km,1.6,震度２,33.32,131.465
2016/4/21,5:57:55,熊本県阿蘇地方,32°59.5′N,131°06.3′E,9 km,2.8,震度１,32.99166667,131.105
2016/4/21,6:05:14,熊本県熊本地方,32°38.7′N,130°43.1′E,5 km,1.9,震度２,32.645,130.7183333
2016/4/21,6:05:58,熊本県熊本地方,32°48.1′N,130°42.2′E,8 km,3.1,震度２,32.80166667,130.7033333
2016/4/21,6:10:41,熊本県熊本地方,32°48.2′N,130°42.2′E,8 km,2.9,震度２,32.80333333,130.7033333
2016/4/21,6:11:45,熊本県熊本地方,32°46.6′N,130°43.4′E,7 km,2.1,震度１,32.77666667,130.7233333
2016/4/21,6:14:22,大分県中部,33°18.7′N,131°28.5′E,5 km,2.3,震度３,33.31166667,131.475
2016/4/21,6:15:25,大分県中部,33°18.7′N,131°29.3′E,4 km,1.5,震度１,33.31166667,131.4883333
2016/4/21,6:16:14,熊本県熊本地方,32°49.1′N,130°53.0′E,7 km,2.6,震度１,32.81833333,130.8833333
2016/4/21,6:26:28,石垣島近海,24°17.2′N,124°00.9′E,13 km,3.5,震度１,24.28666667,124.015
2016/4/21,6:35:55,熊本県熊本地方,32°50.6′N,130°36.1′E,4 km,1.7,震度１,32.84333333,130.6016667
2016/4/21,6:39:48,大分県中部,33°19.1′N,131°28.2′E,3 km,2.9,震度３,33.31833333,131.47
2016/4/21,6:40:35,熊本県熊本地方,32°48.7′N,130°41.9′E,6 km,1.3,震度１,32.81166667,130.6983333
2016/4/21,6:41:06,大分県中部,33°18.8′N,131°27.6′E,4 km,1.1,震度１,33.31333333,131.46
2016/4/21,6:41:28,熊本県熊本地方,32°48.4′N,130°53.8′E,5 km,1.9,震度１,32.80666667,130.8966667
2016/4/21,6:45:24,熊本県熊本地方,32°50.9′N,130°54.0′E,9 km,3.1,震度３,32.84833333,130.9
2016/4/21,6:57:07,熊本県阿蘇地方,32°58.5′N,131°06.7′E,6 km,2.7,震度２,32.975,131.1116667
2016/4/21,6:59:42,熊本県熊本地方,32°41.6′N,130°43.4′E,13 km,2.1,震度１,32.69333333,130.7233333
2016/4/21,7:01:04,大分県中部,33°19.0′N,131°27.2′E,4 km,1.5,震度２,33.31666667,131.4533333
2016/4/21,7:03:55,大分県中部,33°19.2′N,131°28.1′E,3 km,2.7,震度３,33.32,131.4683333
2016/4/21,7:06:52,大分県中部,33°19.1′N,131°28.1′E,3 km,1.5,震度２,33.31833333,131.4683333
2016/4/21,7:09:54,大分県中部,33°19.0′N,131°28.0′E,4 km,1.7,震度２,33.31666667,131.4666667
2016/4/21,7:14:46,熊本県熊本地方,32°38.4′N,130°42.7′E,7 km,2.4,震度２,32.64,130.7116667
2016/4/21,7:39:31,大分県中部,33°18.8′N,131°28.5′E,4 km,1.2,震度１,33.31333333,131.475
2016/4/21,7:46:00,大分県中部,33°18.4′N,131°27.2′E,2 km,1.2,震度１,33.30666667,131.4533333
2016/4/21,8:01:57,熊本県熊本地方,32°43.1′N,130°39.0′E,10 km,2.4,震度１,32.71833333,130.65
2016/4/21,8:21:11,熊本県熊本地方,32°41.0′N,130°39.4′E,8 km,1.9,震度１,32.68333333,130.6566667
2016/4/21,8:48:21,大分県中部,33°18.7′N,131°29.3′E,4 km,2.6,震度３,33.31166667,131.4883333
2016/4/21,8:59:23,熊本県熊本地方,32°34.2′N,130°39.6′E,12 km,2.9,震度１,32.57,130.66
2016/4/21,9:01:11,熊本県熊本地方,32°38.0′N,130°41.7′E,7 km,3,震度２,32.63333333,130.695
2016/4/21,9:04:42,熊本県熊本地方,32°46.9′N,130°43.6′E,7 km,2.2,震度２,32.78166667,130.7266667
2016/4/21,9:10:14,大分県中部,33°18.8′N,131°29.1′E,5 km,1.8,震度１,33.31333333,131.485
2016/4/21,9:34:52,熊本県熊本地方,32°38.0′N,130°41.7′E,7 km,2.4,震度２,32.63333333,130.695
2016/4/21,9:35:28,熊本県熊本地方,32°46.8′N,130°45.2′E,6 km,2.1,震度１,32.78,130.7533333
2016/4/21,9:38:21,大分県中部,33°19.1′N,131°28.1′E,4 km,1.4,震度２,33.31833333,131.4683333
2016/4/21,9:39:31,熊本県熊本地方,32°48.6′N,130°39.6′E,6 km,2.5,震度２,32.81,130.66
2016/4/21,9:49:51,熊本県熊本地方,32°45.4′N,130°48.7′E,5 km,1.9,震度１,32.75666667,130.8116667
2016/4/21,10:01:55,大分県中部,33°15.4′N,131°19.2′E,12 km,3,震度１,33.25666667,131.32
2016/4/21,10:26:48,熊本県熊本地方,32°38.8′N,130°44.3′E,9 km,2.9,震度２,32.64666667,130.7383333
2016/4/21,11:14:26,熊本県熊本地方,32°46.3′N,130°49.3′E,12 km,3.3,震度２,32.77166667,130.8216667
2016/4/21,11:17:22,熊本県熊本地方,32°47.3′N,130°44.8′E,7 km,3.2,震度３,32.78833333,130.7466667
2016/4/21,11:40:02,大分県中部,33°17.9′N,131°29.7′E,7 km,2.2,震度１,33.29833333,131.495
2016/4/21,11:40:12,熊本県熊本地方,32°49.7′N,130°53.4′E,8 km,2.1,震度１,32.82833333,130.89
2016/4/21,12:20:01,熊本県阿蘇地方,33°01.5′N,131°13.1′E,5 km,3.3,震度３,33.025,131.2183333
2016/4/21,12:24:23,熊本県熊本地方,32°48.6′N,130°45.1′E,6 km,2.5,震度２,32.81,130.7516667
2016/4/21,12:40:09,大分県中部,33°17.8′N,131°30.0′E,7 km,1.9,震度１,33.29666667,131.5
2016/4/21,12:40:08,熊本県熊本地方,32°47.4′N,130°46.4′E,12 km,2.4,震度１,32.79,130.7733333
2016/4/21,12:45:19,熊本県熊本地方,32°42.0′N,130°38.1′E,11 km,3.1,震度２,32.7,130.635
2016/4/21,13:09:04,熊本県熊本地方,32°42.0′N,130°37.9′E,9 km,2.2,震度１,32.7,130.6316667
2016/4/21,13:15:26,熊本県熊本地方,32°48.1′N,130°42.5′E,8 km,3.1,震度３,32.80166667,130.7083333
2016/4/21,13:30:12,熊本県熊本地方,32°41.0′N,130°42.7′E,15 km,2.6,震度１,32.68333333,130.7116667
2016/4/21,13:48:16,熊本県阿蘇地方,33°01.3′N,131°13.9′E,5 km,3.2,震度３,33.02166667,131.2316667
2016/4/21,13:53:17,熊本県阿蘇地方,33°01.5′N,131°10.9′E,7 km,2.6,震度１,33.025,131.1816667
2016/4/21,14:02:57,熊本県熊本地方,32°51.5′N,130°49.6′E,14 km,2.4,震度２,32.85833333,130.8266667
2016/4/21,15:01:47,熊本県熊本地方,32°39.3′N,130°43.5′E,10 km,2.3,震度１,32.655,130.725
2016/4/21,16:01:10,熊本県熊本地方,32°40.5′N,130°44.9′E,12 km,3.2,震度２,32.675,130.7483333
2016/4/21,16:12:18,熊本県阿蘇地方,33°00.3′N,131°13.7′E,10 km,,震度２,33.005,131.2283333
2016/4/21,17:12:19,熊本県熊本地方,32°48.9′N,130°47.9′E,13 km,3.2,震度２,32.815,130.7983333
2016/4/21,17:16:57,熊本県熊本地方,32°35.8′N,130°40.4′E,11 km,2.5,震度１,32.59666667,130.6733333
2016/4/21,18:02:14,熊本県熊本地方,32°46.3′N,130°45.0′E,8 km,2.4,震度１,32.77166667,130.75
2016/4/21,18:02:49,熊本県熊本地方,32°38.2′N,130°40.8′E,9 km,3,震度１,32.63666667,130.68
2016/4/21,18:11:25,福島県沖,37°16.6′N,141°11.2′E,81 km,3.4,震度１,37.27666667,141.1866667
2016/4/21,18:43:57,熊本県阿蘇地方,33°00.4′N,131°13.9′E,11 km,4.2,震度４,33.00666667,131.2316667
2016/4/21,18:47:49,熊本県熊本地方,32°48.3′N,130°42.7′E,7 km,1.6,震度１,32.805,130.7116667
2016/4/21,20:19:17,熊本県熊本地方,32°29.8′N,130°36.3′E,10 km,2.7,震度１,32.49666667,130.605
2016/4/21,20:43:47,熊本県阿蘇地方,32°56.9′N,131°04.1′E,8 km,2.7,震度１,32.94833333,131.0683333
2016/4/21,20:44:09,熊本県熊本地方,32°51.0′N,130°52.2′E,8 km,2.1,震度１,32.85,130.87
2016/4/21,20:48:04,熊本県熊本地方,32°43.3′N,130°47.0′E,9 km,2.1,震度１,32.72166667,130.7833333
2016/4/21,20:54:12,熊本県熊本地方,32°39.4′N,130°43.1′E,7 km,2,震度１,32.65666667,130.7183333
2016/4/21,21:49:44,熊本県熊本地方,32°42.5′N,130°43.5′E,18 km,2.7,震度１,32.70833333,130.725
2016/4/21,21:52:03,熊本県熊本地方,32°47.1′N,130°49.9′E,11 km,4,震度３,32.785,130.8316667
2016/4/21,21:55:10,熊本県熊本地方,32°29.0′N,130°38.1′E,11 km,3.6,震度３,32.48333333,130.635
2016/4/21,22:52:26,大分県中部,33°16.6′N,131°19.0′E,8 km,2.7,震度１,33.27666667,131.3166667
2016/4/21,23:19:17,熊本県熊本地方,32°36.7′N,130°42.7′E,6 km,2,震度１,32.61166667,130.7116667
2016/4/21,23:20:39,四国沖,33°30.0′N,134°19.5′E,34 km,4.4,震度３,33.5,134.325
2016/4/21,23:39:56,熊本県熊本地方,32°48.0′N,130°41.9′E,8 km,1.9,震度１,32.8,130.6983333
2016/4/21,23:45:12,熊本県熊本地方,32°51.2′N,130°45.8′E,13 km,2.5,震度１,32.85333333,130.7633333
2016/4/22,0:09:38,熊本県熊本地方,32°52.4′N,130°52.5′E,8 km,2.6,震度２,32.87333333,130.875
2016/4/22,0:41:05,熊本県熊本地方,32°44.1′N,130°39.1′E,12 km,2.8,震度２,32.735,130.6516667
2016/4/22,0:47:10,熊本県熊本地方,32°43.9′N,130°39.2′E,11 km,2.3,震度１,32.73166667,130.6533333
2016/4/22,0:54:24,熊本県熊本地方,32°49.8′N,130°49.2′E,7 km,2.9,震度２,32.83,130.82
2016/4/22,1:29:50,熊本県熊本地方,32°49.1′N,130°48.7′E,12 km,3,震度１,32.81833333,130.8116667
2016/4/22,2:08:40,熊本県阿蘇地方,32°57.8′N,131°05.1′E,6 km,2.9,震度１,32.96333333,131.085
2016/4/22,2:31:27,熊本県熊本地方,32°48.8′N,130°39.5′E,6 km,1.7,震度１,32.81333333,130.6583333
2016/4/22,2:39:07,熊本県熊本地方,32°41.7′N,130°40.3′E,12 km,2.4,震度１,32.695,130.6716667
2016/4/22,3:05:43,熊本県阿蘇地方,32°59.3′N,131°10.9′E,8 km,2.6,震度１,32.98833333,131.1816667
2016/4/22,3:07:04,大分県中部,33°16.7′N,131°29.0′E,5 km,1.4,震度１,33.27833333,131.4833333
2016/4/22,3:22:33,熊本県阿蘇地方,32°59.3′N,131°11.0′E,9 km,2.5,震度１,32.98833333,131.1833333
2016/4/22,3:24:36,熊本県熊本地方,32°47.3′N,130°51.2′E,12 km,2.9,震度１,32.78833333,130.8533333
2016/4/22,3:47:34,熊本県熊本地方,32°41.5′N,130°42.0′E,13 km,2.7,震度１,32.69166667,130.7
2016/4/22,4:04:23,熊本県熊本地方,32°28.7′N,130°38.3′E,12 km,3.3,震度２,32.47833333,130.6383333
2016/4/22,4:13:11,熊本県熊本地方,32°51.1′N,130°53.9′E,8 km,2.5,震度２,32.85166667,130.8983333
2016/4/22,4:23:52,熊本県熊本地方,32°28.7′N,130°38.2′E,12 km,2.6,震度１,32.47833333,130.6366667
2016/4/22,4:26:05,大分県中部,33°16.1′N,131°20.8′E,10 km,2.7,震度１,33.26833333,131.3466667
2016/4/22,4:28:47,熊本県熊本地方,32°34.8′N,130°40.8′E,4 km,2,震度１,32.58,130.68
2016/4/22,4:34:04,熊本県熊本地方,32°28.7′N,130°38.0′E,12 km,2.6,震度１,32.47833333,130.6333333
2016/4/22,4:41:17,熊本県阿蘇地方,32°57.9′N,131°06.8′E,5 km,2.2,震度１,32.965,131.1133333
2016/4/22,5:05:26,大分県中部,33°14.8′N,131°20.7′E,9 km,1.6,震度１,33.24666667,131.345
2016/4/22,5:16:45,熊本県熊本地方,32°48.0′N,130°41.7′E,7 km,2.6,震度２,32.8,130.695
2016/4/22,5:25:21,熊本県熊本地方,32°41.8′N,130°42.5′E,13 km,2.7,震度２,32.69666667,130.7083333
2016/4/22,5:28:24,熊本県熊本地方,32°38.0′N,130°42.4′E,5 km,1.8,震度１,32.63333333,130.7066667
2016/4/22,6:05:37,熊本県熊本地方,32°48.0′N,130°47.4′E,15 km,3.6,震度２,32.8,130.79
2016/4/22,6:14:42,熊本県熊本地方,32°50.6′N,130°52.4′E,9 km,2.4,震度２,32.84333333,130.8733333
2016/4/22,6:14:43,熊本県熊本地方,32°41.8′N,130°41.3′E,7 km,2.1,震度１,32.69666667,130.6883333
2016/4/22,6:17:57,熊本県阿蘇地方,32°56.1′N,131°00.3′E,9 km,2.9,震度１,32.935,131.005
2016/4/22,6:53:19,熊本県熊本地方,32°41.0′N,130°43.9′E,9 km,2.2,震度１,32.68333333,130.7316667
2016/4/22,7:24:52,熊本県熊本地方,32°38.0′N,130°41.3′E,7 km,2.4,震度１,32.63333333,130.6883333
2016/4/22,7:47:42,熊本県熊本地方,32°42.0′N,130°43.6′E,11 km,3.8,震度３,32.7,130.7266667
2016/4/22,7:48:29,熊本県熊本地方,32°44.7′N,130°44.6′E,13 km,2.5,震度１,32.745,130.7433333
2016/4/22,7:59:41,千葉県東方沖,35°42.3′N,140°54.3′E,13 km,4.1,震度３,35.705,140.905
2016/4/22,8:26:38,熊本県熊本地方,32°39.2′N,130°40.5′E,8 km,2.7,震度１,32.65333333,130.675
2016/4/22,8:42:24,熊本県熊本地方,32°37.7′N,130°42.5′E,5 km,3,震度２,32.62833333,130.7083333
2016/4/22,8:59:41,熊本県熊本地方,32°37.1′N,130°42.7′E,5 km,2.2,震度２,32.61833333,130.7116667
2016/4/22,9:00:30,熊本県熊本地方,32°37.3′N,130°42.6′E,5 km,2.1,震度２,32.62166667,130.71
2016/4/22,9:03:02,熊本県熊本地方,32°37.7′N,130°42.7′E,6 km,2.5,震度２,32.62833333,130.7116667
2016/4/22,9:06:50,熊本県熊本地方,32°40.1′N,130°43.7′E,11 km,2.7,震度１,32.66833333,130.7283333
2016/4/22,10:37:02,熊本県熊本地方,32°54.5′N,130°56.7′E,13 km,3.7,震度２,32.90833333,130.945
2016/4/22,10:50:29,熊本県熊本地方,32°51.1′N,130°54.2′E,10 km,2.2,震度１,32.85166667,130.9033333
2016/4/22,10:51:46,熊本県熊本地方,32°40.2′N,130°37.5′E,9 km,2.7,震度２,32.67,130.625
2016/4/22,11:02:43,熊本県熊本地方,32°33.5′N,130°39.9′E,7 km,2.3,震度１,32.55833333,130.665
2016/4/22,11:03:04,熊本県熊本地方,32°40.6′N,130°45.9′E,6 km,2.2,震度１,32.67666667,130.765
2016/4/22,11:29:56,熊本県熊本地方,32°57.9′N,130°55.3′E,5 km,2,震度１,32.965,130.9216667
2016/4/22,12:10:31,熊本県阿蘇地方,33°03.8′N,131°09.6′E,10 km,2.7,震度１,33.06333333,131.16
2016/4/22,12:23:18,熊本県熊本地方,32°47.4′N,130°46.5′E,14 km,3.2,震度２,32.79,130.775
2016/4/22,12:29:23,大分県中部,33°16.4′N,131°19.2′E,8 km,2.4,震度１,33.27333333,131.32
2016/4/22,12:39:27,熊本県阿蘇地方,33°00.2′N,131°13.7′E,11 km,2.9,震度２,33.00333333,131.2283333
2016/4/22,12:50:56,熊本県熊本地方,32°50.8′N,130°49.9′E,13 km,2.8,震度２,32.84666667,130.8316667
2016/4/22,13:23:30,熊本県熊本地方,32°39.8′N,130°41.9′E,11 km,3.1,震度２,32.66333333,130.6983333
2016/4/22,13:45:30,熊本県熊本地方,32°49.8′N,130°49.2′E,12 km,2.5,震度１,32.83,130.82
2016/4/22,13:46:33,熊本県熊本地方,32°40.9′N,130°40.8′E,10 km,3,震度２,32.68166667,130.68
2016/4/22,14:02:42,熊本県熊本地方,32°43.9′N,130°39.0′E,12 km,2.9,震度２,32.73166667,130.65
2016/4/22,14:13:00,熊本県熊本地方,32°39.4′N,130°42.7′E,8 km,2.7,震度２,32.65666667,130.7116667
2016/4/22,14:19:40,熊本県阿蘇地方,33°02.1′N,131°09.3′E,8 km,3.3,震度３,33.035,131.155
2016/4/22,14:49:22,熊本県阿蘇地方,32°58.9′N,131°12.8′E,5 km,1.7,震度１,32.98166667,131.2133333
2016/4/22,15:09:39,熊本県熊本地方,32°44.2′N,130°46.3′E,12 km,2.4,震度１,32.73666667,130.7716667
2016/4/22,15:12:37,熊本県熊本地方,32°45.7′N,130°43.3′E,9 km,1.8,震度１,32.76166667,130.7216667
2016/4/22,15:32:08,熊本県熊本地方,32°38.8′N,130°43.4′E,10 km,2.3,震度１,32.64666667,130.7233333
2016/4/22,15:38:45,秋田県内陸南部,39°28.8′N,140°24.9′E,10 km,2.4,震度１,39.48,140.415
2016/4/22,16:06:22,熊本県熊本地方,32°42.3′N,130°42.9′E,11 km,3.3,震度２,32.705,130.715
2016/4/22,16:36:41,熊本県阿蘇地方,33°02.4′N,131°09.5′E,9 km,3.1,震度２,33.04,131.1583333
2016/4/22,16:41:00,熊本県熊本地方,32°44.3′N,130°46.3′E,11 km,3.4,震度３,32.73833333,130.7716667
2016/4/22,16:53:43,熊本県熊本地方,32°44.2′N,130°46.0′E,12 km,2.6,震度１,32.73666667,130.7666667
2016/4/22,17:39:31,大分県中部,33°18.8′N,131°29.4′E,5 km,3,震度３,33.31333333,131.49
2016/4/22,18:07:25,熊本県熊本地方,32°35.6′N,130°41.8′E,9 km,2.3,震度１,32.59333333,130.6966667
2016/4/22,18:11:06,熊本県熊本地方,32°32.1′N,130°44.1′E,9 km,2.9,震度１,32.535,130.735
2016/4/22,18:17:12,熊本県熊本地方,32°44.1′N,130°43.7′E,10 km,1.9,震度１,32.735,130.7283333
2016/4/22,18:27:20,熊本県熊本地方,32°34.8′N,130°38.9′E,13 km,3.1,震度１,32.58,130.6483333
2016/4/22,18:28:26,熊本県熊本地方,32°42.6′N,130°42.6′E,13 km,3.6,震度４,32.71,130.71
2016/4/22,18:38:07,熊本県熊本地方,32°42.7′N,130°42.6′E,12 km,2.2,震度１,32.71166667,130.71
2016/4/22,18:48:36,熊本県熊本地方,32°44.2′N,130°46.1′E,12 km,2.1,震度１,32.73666667,130.7683333
2016/4/22,19:30:05,熊本県熊本地方,32°42.5′N,130°42.4′E,12 km,2.3,震度１,32.70833333,130.7066667
2016/4/22,19:57:03,熊本県熊本地方,32°38.3′N,130°41.5′E,8 km,2.3,震度１,32.63833333,130.6916667
2016/4/22,20:14:45,熊本県熊本地方,32°38.2′N,130°40.8′E,9 km,2.3,震度１,32.63666667,130.68
2016/4/22,20:31:22,熊本県熊本地方,32°40.4′N,130°38.8′E,8 km,1.4,震度１,32.67333333,130.6466667
2016/4/22,20:37:19,熊本県阿蘇地方,33°00.9′N,131°12.8′E,10 km,2.6,震度１,33.015,131.2133333
2016/4/22,20:39:22,熊本県熊本地方,32°35.8′N,130°42.1′E,11 km,3.1,震度１,32.59666667,130.7016667
2016/4/22,20:47:22,熊本県熊本地方,32°56.7′N,130°49.1′E,12 km,2,震度１,32.945,130.8183333
2016/4/22,20:50:56,熊本県熊本地方,32°49.1′N,130°48.0′E,12 km,3.2,震度２,32.81833333,130.8
2016/4/22,20:58:56,熊本県熊本地方,32°42.5′N,130°40.9′E,13 km,2.4,震度１,32.70833333,130.6816667
2016/4/22,21:46:29,熊本県熊本地方,32°42.1′N,130°45.9′E,10 km,2.7,震度１,32.70166667,130.765
2016/4/22,22:22:26,熊本県熊本地方,32°45.8′N,130°42.9′E,8 km,1.6,震度１,32.76333333,130.715
2016/4/22,22:26:39,熊本県阿蘇地方,32°59.7′N,131°11.4′E,7 km,2.5,震度１,32.995,131.19
2016/4/22,22:43:14,熊本県熊本地方,32°39.8′N,130°43.5′E,8 km,1.8,震度１,32.66333333,130.725
2016/4/22,22:56:27,熊本県熊本地方,32°30.6′N,130°37.4′E,8 km,3,震度２,32.51,130.6233333
2016/4/23,0:07:13,熊本県熊本地方,32°48.5′N,130°48.5′E,10 km,2.8,震度１,32.80833333,130.8083333
2016/4/23,0:20:04,熊本県熊本地方,32°28.5′N,130°35.6′E,9 km,2.7,震度２,32.475,130.5933333
2016/4/23,0:24:33,熊本県熊本地方,32°28.4′N,130°35.7′E,10 km,3.2,震度２,32.47333333,130.595
2016/4/23,0:41:35,熊本県熊本地方,32°43.5′N,130°46.1′E,12 km,2.7,震度１,32.725,130.7683333
2016/4/23,1:05:48,熊本県熊本地方,32°46.5′N,130°45.3′E,9 km,1.7,震度１,32.775,130.755
2016/4/23,2:27:48,熊本県熊本地方,32°35.3′N,130°40.2′E,6 km,2.6,震度２,32.58833333,130.67
2016/4/23,2:39:47,熊本県阿蘇地方,33°00.4′N,131°13.1′E,5 km,2.4,震度２,33.00666667,131.2183333
2016/4/23,2:49:49,熊本県阿蘇地方,33°02.4′N,131°06.2′E,12 km,3.1,震度１,33.04,131.1033333
2016/4/23,3:03:41,熊本県熊本地方,32°45.0′N,130°44.8′E,10 km,2.9,震度１,32.75,130.7466667
2016/4/23,3:22:17,熊本県熊本地方,32°47.8′N,130°42.1′E,5 km,1.5,震度１,32.79666667,130.7016667
2016/4/23,3:23:50,熊本県阿蘇地方,33°02.4′N,131°06.3′E,12 km,2.7,震度１,33.04,131.105
2016/4/23,4:19:32,熊本県熊本地方,32°35.5′N,130°41.9′E,11 km,3.2,震度２,32.59166667,130.6983333
2016/4/23,4:55:18,熊本県熊本地方,32°44.4′N,130°46.4′E,11 km,2.4,震度１,32.74,130.7733333
2016/4/23,5:25:43,熊本県熊本地方,32°38.3′N,130°40.7′E,10 km,2.5,震度１,32.63833333,130.6783333
2016/4/23,5:28:13,熊本県阿蘇地方,33°00.0′N,131°07.9′E,10 km,2.6,震度１,33,131.1316667
2016/4/23,5:44:50,熊本県熊本地方,32°45.4′N,130°45.7′E,16 km,2.9,震度１,32.75666667,130.7616667
2016/4/23,5:49:50,熊本県熊本地方,32°36.8′N,130°42.9′E,4 km,2.1,震度２,32.61333333,130.715
2016/4/23,6:08:29,熊本県熊本地方,32°49.0′N,130°41.0′E,8 km,2.8,震度２,32.81666667,130.6833333
2016/4/23,6:19:24,熊本県熊本地方,32°47.7′N,130°42.1′E,5 km,1,震度１,32.795,130.7016667
2016/4/23,7:05:19,熊本県熊本地方,32°39.0′N,130°41.9′E,14 km,2.6,震度１,32.65,130.6983333
2016/4/23,7:17:17,熊本県熊本地方,32°38.4′N,130°42.5′E,7 km,2,震度１,32.64,130.7083333
2016/4/23,7:18:07,熊本県熊本地方,32°42.0′N,130°43.6′E,11 km,2.2,震度１,32.7,130.7266667
2016/4/23,7:35:25,熊本県熊本地方,32°46.1′N,130°47.9′E,7 km,3.2,震度２,32.76833333,130.7983333
2016/4/23,7:49:32,熊本県熊本地方,32°42.2′N,130°42.8′E,13 km,2.5,震度１,32.70333333,130.7133333
2016/4/23,8:55:35,熊本県熊本地方,32°40.8′N,130°43.7′E,14 km,2.5,震度１,32.68,130.7283333
2016/4/23,8:56:42,熊本県熊本地方,32°44.0′N,130°42.2′E,12 km,2,震度１,32.73333333,130.7033333
2016/4/23,9:27:51,熊本県熊本地方,32°41.6′N,130°46.1′E,9 km,2.3,震度１,32.69333333,130.7683333
2016/4/23,9:30:15,熊本県熊本地方,32°40.5′N,130°42.2′E,11 km,1.9,震度１,32.675,130.7033333
2016/4/23,9:33:22,熊本県熊本地方,32°30.9′N,130°37.7′E,8 km,2.2,震度１,32.515,130.6283333
2016/4/23,9:56:01,熊本県熊本地方,32°44.9′N,130°47.0′E,8 km,3,震度２,32.74833333,130.7833333
2016/4/23,10:01:15,熊本県熊本地方,32°42.1′N,130°42.8′E,10 km,2.2,震度１,32.70166667,130.7133333
2016/4/23,11:12:11,熊本県熊本地方,32°42.2′N,130°43.0′E,11 km,2.3,震度１,32.70333333,130.7166667
2016/4/23,11:13:24,熊本県熊本地方,32°38.5′N,130°42.4′E,7 km,2.1,震度１,32.64166667,130.7066667
2016/4/23,11:23:53,熊本県熊本地方,32°39.1′N,130°41.7′E,7 km,2,震度１,32.65166667,130.695
2016/4/23,12:45:54,熊本県熊本地方,32°45.7′N,130°43.0′E,9 km,2.1,震度２,32.76166667,130.7166667
2016/4/23,12:58:09,熊本県熊本地方,32°48.4′N,130°41.0′E,6 km,1.9,震度１,32.80666667,130.6833333
2016/4/23,13:28:44,熊本県阿蘇地方,33°03.0′N,131°09.4′E,10 km,2.8,震度１,33.05,131.1566667
2016/4/23,13:48:15,大分県中部,33°16.7′N,131°19.4′E,8 km,2.1,震度１,33.27833333,131.3233333
2016/4/23,13:50:24,熊本県熊本地方,32°44.2′N,130°38.1′E,13 km,2.5,震度１,32.73666667,130.635
2016/4/23,13:54:55,熊本県熊本地方,32°31.0′N,130°37.5′E,6 km,1.7,震度１,32.51666667,130.625
2016/4/23,14:31:07,熊本県熊本地方,32°45.8′N,130°43.0′E,9 km,1.4,震度１,32.76333333,130.7166667
2016/4/23,14:53:32,熊本県天草・芦北地方,32°20.6′N,130°31.8′E,10 km,2.6,震度１,32.34333333,130.53
2016/4/23,15:11:18,熊本県熊本地方,32°50.0′N,130°48.0′E,13 km,2.6,震度１,32.83333333,130.8
2016/4/23,15:18:39,熊本県熊本地方,32°51.4′N,130°52.1′E,8 km,2.1,震度１,32.85666667,130.8683333
2016/4/23,15:22:09,熊本県熊本地方,32°41.3′N,130°42.4′E,12 km,3.4,震度２,32.68833333,130.7066667
2016/4/23,15:29:24,熊本県熊本地方,32°48.3′N,130°37.5′E,4 km,2.8,震度２,32.805,130.625
2016/4/23,15:41:20,熊本県熊本地方,32°51.9′N,130°55.2′E,8 km,2.3,震度２,32.865,130.92
2016/4/23,16:31:09,熊本県熊本地方,32°48.3′N,130°37.5′E,4 km,2.7,震度１,32.805,130.625
2016/4/23,16:45:40,熊本県熊本地方,32°31.8′N,130°39.1′E,8 km,1.9,震度１,32.53,130.6516667
2016/4/23,17:26:30,熊本県熊本地方,32°35.0′N,130°40.7′E,3 km,1.5,震度１,32.58333333,130.6783333
2016/4/23,17:41:01,熊本県熊本地方,32°45.7′N,130°41.5′E,10 km,,震度１,32.76166667,130.6916667
2016/4/23,17:47:24,熊本県熊本地方,32°48.2′N,130°37.5′E,4 km,2.4,震度１,32.80333333,130.625
2016/4/23,18:36:27,熊本県阿蘇地方,33°02.7′N,131°12.1′E,3 km,2.5,震度１,33.045,131.2016667
2016/4/23,20:18:43,熊本県熊本地方,32°35.4′N,130°40.9′E,8 km,3.3,震度２,32.59,130.6816667
2016/4/23,21:04:39,熊本県阿蘇地方,33°00.4′N,131°06.8′E,10 km,3,震度２,33.00666667,131.1133333
2016/4/23,21:17:16,熊本県熊本地方,32°41.4′N,130°42.4′E,16 km,2.5,震度１,32.69,130.7066667
2016/4/23,21:46:28,熊本県阿蘇地方,32°57.9′N,131°06.9′E,9 km,2.4,震度１,32.965,131.115
2016/4/23,21:54:19,熊本県熊本地方,32°37.5′N,130°42.8′E,5 km,1.7,震度１,32.625,130.7133333
2016/4/23,22:01:20,熊本県熊本地方,32°48.5′N,130°50.7′E,5 km,2.5,震度１,32.80833333,130.845
2016/4/23,22:06:17,熊本県阿蘇地方,32°58.2′N,131°06.5′E,10 km,3,震度３,32.97,131.1083333
2016/4/23,22:55:19,熊本県熊本地方,32°42.6′N,130°42.5′E,12 km,2.3,震度１,32.71,130.7083333
2016/4/23,23:00:28,熊本県阿蘇地方,32°58.4′N,131°03.0′E,6 km,2.1,震度１,32.97333333,131.05
2016/4/23,23:07:03,大分県中部,33°14.9′N,131°22.3′E,9 km,2.5,震度２,33.24833333,131.3716667
2016/4/23,23:13:23,熊本県熊本地方,32°31.8′N,130°36.5′E,7 km,2,震度１,32.53,130.6083333
2016/4/24,0:12:09,熊本県熊本地方,32°42.8′N,130°46.2′E,9 km,2.6,震度１,32.71333333,130.77
2016/4/24,0:18:14,熊本県阿蘇地方,32°58.5′N,131°06.7′E,7 km,2,震度１,32.975,131.1116667
2016/4/24,0:18:39,熊本県阿蘇地方,32°59.9′N,131°11.6′E,7 km,2.2,震度１,32.99833333,131.1933333
2016/4/24,0:36:25,熊本県熊本地方,32°48.7′N,130°42.7′E,4 km,2.1,震度１,32.81166667,130.7116667
2016/4/24,1:13:20,熊本県熊本地方,32°49.7′N,130°46.6′E,5 km,3,震度３,32.82833333,130.7766667
2016/4/24,2:36:16,熊本県熊本地方,32°44.3′N,130°44.9′E,11 km,2.9,震度２,32.73833333,130.7483333
2016/4/24,2:38:04,熊本県阿蘇地方,33°00.8′N,131°10.3′E,10 km,3,震度１,33.01333333,131.1716667
2016/4/24,2:55:56,熊本県熊本地方,32°38.6′N,130°43.5′E,9 km,2.3,震度１,32.64333333,130.725
2016/4/24,3:09:01,熊本県熊本地方,32°48.2′N,130°43.5′E,6 km,2,震度１,32.80333333,130.725
2016/4/24,3:09:06,熊本県熊本地方,32°39.0′N,130°43.6′E,9 km,2.3,震度１,32.65,130.7266667
2016/4/24,3:55:21,熊本県熊本地方,32°50.2′N,130°52.3′E,8 km,2.4,震度１,32.83666667,130.8716667
2016/4/24,4:28:55,熊本県熊本地方,32°37.6′N,130°41.9′E,7 km,1.9,震度１,32.62666667,130.6983333
2016/4/24,4:44:17,熊本県熊本地方,32°50.4′N,130°52.5′E,9 km,2.8,震度１,32.84,130.875
2016/4/24,5:09:08,熊本県阿蘇地方,33°02.0′N,131°11.0′E,8 km,2.6,震度１,33.03333333,131.1833333
2016/4/24,5:30:59,熊本県阿蘇地方,33°02.0′N,131°11.1′E,7 km,2.8,震度２,33.03333333,131.185
2016/4/24,5:46:19,熊本県熊本地方,32°48.1′N,130°41.8′E,7 km,1.8,震度１,32.80166667,130.6966667
2016/4/24,6:02:58,奄美大島近海,28°24.4′N,128°59.0′E,62 km,3.9,震度１,28.40666667,128.9833333
2016/4/24,6:34:55,熊本県阿蘇地方,33°03.0′N,131°09.1′E,10 km,3.5,震度３,33.05,131.1516667
2016/4/24,6:49:21,熊本県阿蘇地方,33°02.7′N,131°08.4′E,11 km,3.4,震度２,33.045,131.14
2016/4/24,7:31:24,熊本県熊本地方,32°51.9′N,130°51.0′E,13 km,1.9,震度１,32.865,130.85
2016/4/24,7:36:35,熊本県熊本地方,32°40.8′N,130°41.7′E,10 km,3.4,震度３,32.68,130.695
2016/4/24,8:04:31,熊本県熊本地方,32°42.0′N,130°46.4′E,9 km,2.4,震度１,32.7,130.7733333
2016/4/24,8:18:37,茨城県沖,36°31.6′N,140°57.3′E,20 km,3.3,震度１,36.52666667,140.955
2016/4/24,8:18:37,熊本県阿蘇地方,33°03.0′N,131°08.9′E,10 km,4.1,震度３,33.05,131.1483333
2016/4/24,8:31:40,熊本県阿蘇地方,33°03.1′N,131°09.3′E,11 km,2.8,震度１,33.05166667,131.155
2016/4/24,8:53:17,熊本県熊本地方,32°33.6′N,130°39.3′E,7 km,2.5,震度１,32.56,130.655
2016/4/24,8:58:35,熊本県阿蘇地方,32°59.0′N,131°06.0′E,11 km,2.3,震度１,32.98333333,131.1
2016/4/24,9:27:54,熊本県熊本地方,32°40.2′N,130°40.8′E,10 km,1.9,震度１,32.67,130.68
2016/4/24,9:52:25,熊本県熊本地方,32°48.6′N,130°44.3′E,5 km,1.7,震度１,32.81,130.7383333
2016/4/24,10:43:36,熊本県熊本地方,32°39.3′N,130°42.4′E,7 km,2.7,震度２,32.655,130.7066667
2016/4/24,10:54:32,熊本県阿蘇地方,32°59.8′N,131°11.6′E,10 km,2.4,震度１,32.99666667,131.1933333
2016/4/24,11:34:27,熊本県熊本地方,32°37.9′N,130°43.8′E,7 km,2.7,震度２,32.63166667,130.73
2016/4/24,11:44:46,熊本県熊本地方,32°48.1′N,130°41.7′E,7 km,2,震度１,32.80166667,130.695
2016/4/24,11:46:01,熊本県熊本地方,32°33.2′N,130°40.0′E,4 km,1.9,震度１,32.55333333,130.6666667
2016/4/24,11:51:16,熊本県熊本地方,32°52.3′N,130°53.1′E,11 km,2.1,震度１,32.87166667,130.885
2016/4/24,12:12:42,熊本県熊本地方,32°41.9′N,130°42.3′E,11 km,3,震度２,32.69833333,130.705
2016/4/24,12:19:31,熊本県熊本地方,32°50.2′N,130°50.7′E,9 km,3.2,震度２,32.83666667,130.845
2016/4/24,12:28:52,熊本県熊本地方,32°39.7′N,130°43.0′E,7 km,1.8,震度１,32.66166667,130.7166667
2016/4/24,13:28:08,熊本県熊本地方,32°48.6′N,130°45.2′E,6 km,1.7,震度１,32.81,130.7533333
2016/4/24,13:53:13,熊本県熊本地方,32°43.8′N,130°46.7′E,12 km,2.6,震度１,32.73,130.7783333
2016/4/24,14:19:01,熊本県熊本地方,32°37.4′N,130°43.8′E,6 km,1.9,震度１,32.62333333,130.73
2016/4/24,15:18:40,熊本県熊本地方,32°39.5′N,130°42.6′E,13 km,2.6,震度１,32.65833333,130.71
2016/4/24,16:07:34,熊本県熊本地方,32°48.6′N,130°44.3′E,5 km,1.7,震度１,32.81,130.7383333
2016/4/24,16:43:39,熊本県熊本地方,32°40.3′N,130°45.0′E,11 km,2.5,震度１,32.67166667,130.75
2016/4/24,16:52:00,熊本県阿蘇地方,33°02.9′N,131°09.4′E,10 km,4.1,震度３,33.04833333,131.1566667
2016/4/24,16:58:30,大分県中部,33°16.9′N,131°21.1′E,8 km,1,震度１,33.28166667,131.3516667
2016/4/24,17:50:50,熊本県熊本地方,32°45.7′N,130°47.1′E,10 km,2.3,震度１,32.76166667,130.785
2016/4/24,18:00:18,熊本県熊本地方,32°50.1′N,130°50.3′E,10 km,2.2,震度１,32.835,130.8383333
2016/4/24,18:01:50,熊本県熊本地方,32°43.1′N,130°46.6′E,9 km,2.8,震度２,32.71833333,130.7766667
2016/4/24,18:30:44,熊本県阿蘇地方,32°59.1′N,131°06.2′E,8 km,3.7,震度３,32.985,131.1033333
2016/4/24,18:38:38,熊本県熊本地方,32°37.1′N,130°40.9′E,5 km,2,震度１,32.61833333,130.6816667
2016/4/24,18:45:06,熊本県熊本地方,32°44.2′N,130°45.4′E,11 km,2.5,震度１,32.73666667,130.7566667
2016/4/24,18:50:16,熊本県熊本地方,32°41.7′N,130°43.1′E,11 km,3.6,震度３,32.695,130.7183333
2016/4/24,19:56:17,熊本県熊本地方,32°48.3′N,130°45.0′E,6 km,1.7,震度１,32.805,130.75
2016/4/24,22:27:40,トカラ列島近海,29°37.1′N,129°45.3′E,8 km,4.2,震度４,29.61833333,129.755
2016/4/24,22:32:03,トカラ列島近海,29°37.2′N,129°45.8′E,7 km,2.8,震度１,29.62,129.7633333
2016/4/24,22:41:34,大分県中部,33°15.8′N,131°24.7′E,7 km,2.2,震度１,33.26333333,131.4116667
2016/4/24,22:42:03,トカラ列島近海,29°37.1′N,129°45.4′E,7 km,2.6,震度１,29.61833333,129.7566667
2016/4/24,22:47:15,トカラ列島近海,29°36.7′N,129°43.5′E,12 km,2.1,震度１,29.61166667,129.725
2016/4/24,22:54:35,トカラ列島近海,29°37.4′N,129°45.4′E,7 km,2.7,震度１,29.62333333,129.7566667
2016/4/24,23:08:11,大分県中部,33°12.6′N,131°26.7′E,9 km,1.7,震度１,33.21,131.445
2016/4/24,23:08:46,熊本県熊本地方,32°39.7′N,130°43.2′E,10 km,2.3,震度１,32.66166667,130.72
2016/4/24,23:42:22,熊本県熊本地方,32°40.4′N,130°42.4′E,16 km,3,震度１,32.67333333,130.7066667
2016/4/24,23:44:08,熊本県熊本地方,32°38.7′N,130°43.2′E,8 km,2.2,震度１,32.645,130.72
2016/4/25,0:44:07,熊本県熊本地方,32°39.5′N,130°40.5′E,11 km,4.5,震度４,32.65833333,130.675
2016/4/25,0:50:28,熊本県熊本地方,32°39.6′N,130°40.3′E,12 km,2.2,震度１,32.66,130.6716667
2016/4/25,0:51:53,熊本県熊本地方,32°39.6′N,130°40.2′E,11 km,2.5,震度１,32.66,130.67
2016/4/25,0:55:11,熊本県熊本地方,32°48.3′N,130°41.3′E,8 km,1.9,震度１,32.805,130.6883333
2016/4/25,1:42:41,熊本県阿蘇地方,33°01.3′N,131°05.1′E,6 km,2.4,震度１,33.02166667,131.085
2016/4/25,1:56:03,熊本県熊本地方,32°36.9′N,130°40.0′E,14 km,3,震度２,32.615,130.6666667
2016/4/25,2:29:51,熊本県熊本地方,32°39.5′N,130°40.5′E,12 km,2.5,震度１,32.65833333,130.675
2016/4/25,2:34:36,熊本県熊本地方,32°43.0′N,130°47.6′E,11 km,2.5,震度１,32.71666667,130.7933333
2016/4/25,2:48:11,熊本県熊本地方,32°39.8′N,130°40.4′E,13 km,2.5,震度１,32.66333333,130.6733333
2016/4/25,3:14:33,熊本県熊本地方,32°39.6′N,130°40.2′E,12 km,2.7,震度１,32.66,130.67
2016/4/25,3:22:53,熊本県熊本地方,32°52.2′N,130°51.3′E,10 km,1.8,震度１,32.87,130.855
2016/4/25,4:14:02,熊本県熊本地方,32°36.0′N,130°41.8′E,10 km,2.4,震度１,32.6,130.6966667
2016/4/25,4:54:08,熊本県阿蘇地方,32°57.3′N,131°06.2′E,10 km,2.3,震度１,32.955,131.1033333
2016/4/25,5:41:40,熊本県熊本地方,32°39.1′N,130°41.9′E,8 km,2.2,震度１,32.65166667,130.6983333
2016/4/25,6:51:24,宮城県沖,38°53.3′N,141°58.3′E,49 km,3.8,震度２,38.88833333,141.9716667
2016/4/25,6:59:09,熊本県熊本地方,32°49.2′N,130°39.0′E,1 km,3,震度２,32.82,130.65
2016/4/25,7:07:46,熊本県熊本地方,32°50.0′N,130°39.9′E,4 km,1.9,震度１,32.83333333,130.665
2016/4/25,7:30:31,熊本県熊本地方,32°48.4′N,130°39.6′E,4 km,1.9,震度１,32.80666667,130.66
2016/4/25,7:43:47,岩手県沖,39°06.6′N,142°07.0′E,45 km,3.4,震度１,39.11,142.1166667
2016/4/25,7:56:26,熊本県熊本地方,32°39.7′N,130°40.0′E,12 km,2.5,震度１,32.66166667,130.6666667
2016/4/25,8:57:23,熊本県熊本地方,32°35.8′N,130°39.9′E,13 km,2.9,震度２,32.59666667,130.665
2016/4/25,9:00:15,熊本県熊本地方,32°35.6′N,130°41.0′E,6 km,2.8,震度２,32.59333333,130.6833333
2016/4/25,9:11:52,大分県中部,33°16.1′N,131°25.0′E,10 km,2.2,震度１,33.26833333,131.4166667
2016/4/25,9:25:43,熊本県熊本地方,32°45.9′N,130°47.8′E,9 km,2.5,震度１,32.765,130.7966667
2016/4/25,9:41:33,熊本県阿蘇地方,32°59.0′N,131°05.5′E,10 km,2.4,震度１,32.98333333,131.0916667
2016/4/25,10:00:25,愛知県東部,35°05.2′N,137°34.5′E,44 km,4.2,震度２,35.08666667,137.575
2016/4/25,10:13:02,熊本県熊本地方,32°31.1′N,130°36.5′E,3 km,1.4,震度１,32.51833333,130.6083333
2016/4/25,10:24:17,熊本県阿蘇地方,33°01.2′N,131°05.0′E,8 km,2.8,震度２,33.02,131.0833333
2016/4/25,10:31:05,熊本県熊本地方,32°35.5′N,130°41.8′E,10 km,3,震度２,32.59166667,130.6966667
2016/4/25,10:53:30,熊本県熊本地方,32°38.1′N,130°40.4′E,9 km,3.3,震度２,32.635,130.6733333
2016/4/25,11:01:09,トカラ列島近海,29°36.6′N,129°45.4′E,10 km,2.7,震度１,29.61,129.7566667
2016/4/25,11:02:01,熊本県熊本地方,32°41.6′N,130°40.1′E,8 km,1.9,震度１,32.69333333,130.6683333
2016/4/25,11:02:37,トカラ列島近海,29°36.6′N,129°47.3′E,6 km,3,震度２,29.61,129.7883333
2016/4/25,11:06:02,トカラ列島近海,29°37.0′N,129°45.4′E,11 km,2.2,震度１,29.61666667,129.7566667
2016/4/25,11:21:12,熊本県熊本地方,32°45.9′N,130°43.7′E,7 km,1.8,震度１,32.765,130.7283333
2016/4/25,11:22:54,熊本県熊本地方,32°52.7′N,130°52.3′E,11 km,1.9,震度１,32.87833333,130.8716667
2016/4/25,11:29:58,熊本県熊本地方,32°37.4′N,130°42.6′E,4 km,2,震度２,32.62333333,130.71
2016/4/25,12:43:27,大分県中部,33°12.3′N,131°26.3′E,9 km,1.6,震度１,33.205,131.4383333
2016/4/25,12:45:54,熊本県熊本地方,32°34.8′N,130°41.0′E,4 km,1.9,震度２,32.58,130.6833333
2016/4/25,12:49:53,熊本県熊本地方,32°42.1′N,130°43.2′E,12 km,2.9,震度２,32.70166667,130.72
2016/4/25,13:26:36,トカラ列島近海,29°37.1′N,129°46.2′E,9 km,3,震度２,29.61833333,129.77
2016/4/25,13:27:30,トカラ列島近海,29°35.4′N,129°46.4′E,8 km,2.6,震度１,29.59,129.7733333
2016/4/25,15:22:42,熊本県熊本地方,32°37.8′N,130°43.7′E,8 km,2.4,震度２,32.63,130.7283333
2016/4/25,15:30:58,熊本県熊本地方,32°38.2′N,130°41.2′E,6 km,1.8,震度１,32.63666667,130.6866667
2016/4/25,16:07:29,熊本県熊本地方,32°38.5′N,130°41.1′E,7 km,2,震度１,32.64166667,130.685
2016/4/25,16:28:18,熊本県熊本地方,32°51.9′N,130°50.8′E,13 km,2.5,震度１,32.865,130.8466667
2016/4/25,16:51:05,岩手県沿岸南部,39°13.9′N,141°42.6′E,71 km,2.9,震度１,39.23166667,141.71
2016/4/25,18:42:03,熊本県阿蘇地方,32°58.5′N,131°03.7′E,7 km,2.9,震度２,32.975,131.0616667
2016/4/25,19:03:50,熊本県熊本地方,32°48.5′N,130°43.0′E,8 km,2.2,震度２,32.80833333,130.7166667
2016/4/25,20:10:23,熊本県熊本地方,32°48.6′N,130°43.2′E,6 km,1.7,震度１,32.81,130.72
2016/4/25,21:22:23,熊本県熊本地方,32°36.2′N,130°42.4′E,8 km,3.5,震度２,32.60333333,130.7066667
2016/4/25,21:47:58,熊本県熊本地方,32°36.3′N,130°42.5′E,8 km,2.5,震度１,32.605,130.7083333
2016/4/25,21:56:13,熊本県熊本地方,32°48.7′N,130°42.9′E,7 km,2,震度１,32.81166667,130.715
2016/4/25,22:03:55,熊本県熊本地方,32°52.4′N,130°51.7′E,11 km,2.2,震度１,32.87333333,130.8616667
2016/4/25,22:43:54,熊本県熊本地方,32°39.7′N,130°43.2′E,11 km,2.8,震度２,32.66166667,130.72
2016/4/25,22:45:52,熊本県阿蘇地方,33°03.1′N,131°07.7′E,9 km,3.4,震度２,33.05166667,131.1283333
2016/4/25,23:45:22,熊本県熊本地方,32°38.2′N,130°37.7′E,11 km,2.6,震度１,32.63666667,130.6283333
2016/4/26,0:33:41,熊本県熊本地方,32°39.3′N,130°44.9′E,8 km,3.3,震度３,32.655,130.7483333
2016/4/26,1:16:16,熊本県熊本地方,32°36.1′N,130°42.3′E,8 km,2.5,震度１,32.60166667,130.705
2016/4/26,1:24:07,熊本県熊本地方,32°39.1′N,130°40.7′E,10 km,2.9,震度１,32.65166667,130.6783333
2016/4/26,1:43:22,熊本県阿蘇地方,32°58.2′N,131°06.9′E,8 km,2.2,震度１,32.97,131.115
2016/4/26,1:53:13,熊本県阿蘇地方,33°00.7′N,131°13.6′E,8 km,2.1,震度１,33.01166667,131.2266667
2016/4/26,2:01:37,トカラ列島近海,29°37.6′N,129°46.3′E,7 km,2.4,震度１,29.62666667,129.7716667
2016/4/26,2:11:03,熊本県熊本地方,32°56.0′N,130°52.8′E,14 km,2,震度１,32.93333333,130.88
2016/4/26,3:21:38,熊本県阿蘇地方,33°00.8′N,131°13.0′E,5 km,1.9,震度１,33.01333333,131.2166667
2016/4/26,3:42:04,熊本県熊本地方,32°41.4′N,130°42.7′E,17 km,3.9,震度３,32.69,130.7116667
2016/4/26,3:58:29,熊本県阿蘇地方,32°56.3′N,131°02.9′E,8 km,3.7,震度３,32.93833333,131.0483333
2016/4/26,4:30:06,熊本県熊本地方,32°42.3′N,130°37.3′E,8 km,2.7,震度１,32.705,130.6216667
2016/4/26,5:24:39,熊本県熊本地方,32°43.0′N,130°38.5′E,10 km,3.1,震度２,32.71666667,130.6416667
2016/4/26,5:29:26,熊本県熊本地方,32°38.7′N,130°42.5′E,5 km,2.4,震度２,32.645,130.7083333
2016/4/26,5:52:34,熊本県熊本地方,32°48.3′N,130°43.3′E,6 km,2,震度２,32.805,130.7216667
2016/4/26,6:04:11,熊本県熊本地方,32°46.6′N,130°45.7′E,6 km,2.2,震度１,32.77666667,130.7616667
2016/4/26,6:06:04,熊本県熊本地方,32°43.0′N,130°38.7′E,10 km,2.5,震度１,32.71666667,130.645
2016/4/26,6:30:32,熊本県熊本地方,32°48.3′N,130°42.9′E,6 km,1.4,震度１,32.805,130.715
2016/4/26,7:35:59,熊本県熊本地方,32°45.8′N,130°46.4′E,15 km,2.9,震度１,32.76333333,130.7733333
2016/4/26,7:50:46,熊本県熊本地方,32°51.8′N,130°53.2′E,10 km,2,震度１,32.86333333,130.8866667
2016/4/26,7:57:50,熊本県熊本地方,32°46.3′N,130°46.9′E,11 km,2.7,震度１,32.77166667,130.7816667
2016/4/26,8:38:46,熊本県熊本地方,32°43.1′N,130°39.0′E,9 km,2.7,震度１,32.71833333,130.65
2016/4/26,8:54:10,熊本県熊本地方,32°38.8′N,130°42.5′E,5 km,2,震度１,32.64666667,130.7083333
2016/4/26,10:07:25,熊本県熊本地方,32°38.4′N,130°41.3′E,7 km,2.5,震度１,32.64,130.6883333
2016/4/26,10:11:22,熊本県熊本地方,32°42.8′N,130°42.3′E,11 km,2.2,震度１,32.71333333,130.705
2016/4/26,10:53:28,熊本県熊本地方,32°47.9′N,130°44.2′E,5 km,1.9,震度２,32.79833333,130.7366667
2016/4/26,11:31:04,千葉県北東部,35°43.9′N,140°42.4′E,50 km,3.2,震度１,35.73166667,140.7066667
2016/4/26,11:37:02,熊本県熊本地方,32°47.1′N,130°43.6′E,9 km,1.5,震度１,32.785,130.7266667
2016/4/26,11:45:46,トカラ列島近海,29°36.5′N,129°46.7′E,6 km,2.6,震度１,29.60833333,129.7783333
2016/4/26,12:22:11,熊本県熊本地方,32°46.4′N,130°46.7′E,10 km,2.5,震度１,32.77333333,130.7783333
2016/4/26,12:45:44,熊本県阿蘇地方,32°57.5′N,131°04.8′E,7 km,2,震度１,32.95833333,131.08
2016/4/26,13:14:48,熊本県熊本地方,32°48.5′N,130°42.7′E,6 km,1.7,震度１,32.80833333,130.7116667
2016/4/26,13:35:01,トカラ列島近海,29°35.5′N,129°43.6′E,3 km,2.3,震度２,29.59166667,129.7266667
2016/4/26,14:35:05,熊本県熊本地方,32°48.4′N,130°43.8′E,6 km,1.7,震度１,32.80666667,130.73
2016/4/26,16:21:42,熊本県熊本地方,32°43.1′N,130°40.9′E,12 km,3,震度３,32.71833333,130.6816667
2016/4/26,16:30:40,熊本県熊本地方,32°32.4′N,130°38.4′E,8 km,2.6,震度１,32.54,130.64
2016/4/26,16:38:19,熊本県熊本地方,32°48.4′N,130°43.3′E,6 km,2,震度１,32.80666667,130.7216667
2016/4/26,16:43:01,熊本県熊本地方,32°41.7′N,130°42.9′E,17 km,3.2,震度２,32.695,130.715
2016/4/26,16:47:22,熊本県熊本地方,32°48.4′N,130°45.6′E,4 km,2.4,震度１,32.80666667,130.76
2016/4/26,17:50:13,熊本県熊本地方,32°35.3′N,130°40.1′E,9 km,2.7,震度１,32.58833333,130.6683333
2016/4/26,18:37:22,京都府南部,35°05.5′N,135°38.1′E,7 km,2.3,震度１,35.09166667,135.635
2016/4/26,19:21:47,岩手県沖,39°38.1′N,142°06.6′E,48 km,3.8,震度１,39.635,142.11
2016/4/26,19:52:01,熊本県阿蘇地方,32°58.7′N,131°04.1′E,8 km,2,震度１,32.97833333,131.0683333
2016/4/26,21:12:01,熊本県熊本地方,32°36.7′N,130°43.0′E,5 km,2.3,震度２,32.61166667,130.7166667
2016/4/26,21:50:21,熊本県熊本地方,32°35.2′N,130°40.1′E,10 km,3.9,震度３,32.58666667,130.6683333
2016/4/26,22:09:10,熊本県熊本地方,32°35.6′N,130°40.2′E,10 km,2.4,震度１,32.59333333,130.67
2016/4/26,22:41:16,熊本県熊本地方,32°51.3′N,130°49.8′E,13 km,2,震度１,32.855,130.83
2016/4/26,23:20:31,熊本県熊本地方,32°48.0′N,130°42.0′E,5 km,1.5,震度１,32.8,130.7
2016/4/27,0:01:25,宮城県沖,38°10.5′N,141°41.4′E,52 km,5,震度３,38.175,141.69
2016/4/27,0:14:29,宮城県沖,38°10.4′N,141°40.6′E,50 km,3.6,震度１,38.17333333,141.6766667
2016/4/27,0:15:31,熊本県熊本地方,32°47.7′N,130°49.8′E,7 km,2.2,震度１,32.795,130.83
2016/4/27,1:06:56,熊本県熊本地方,32°38.5′N,130°44.3′E,11 km,2.5,震度１,32.64166667,130.7383333
2016/4/27,1:34:34,熊本県熊本地方,32°47.2′N,130°48.7′E,5 km,2.2,震度１,32.78666667,130.8116667
2016/4/27,1:59:44,種子島南東沖,30°15.2′N,131°15.2′E,14 km,3.8,震度１,30.25333333,131.2533333
2016/4/27,2:30:03,熊本県熊本地方,32°40.4′N,130°40.6′E,10 km,2.4,震度１,32.67333333,130.6766667
2016/4/27,2:55:55,熊本県熊本地方,32°51.4′N,130°50.0′E,13 km,1.6,震度１,32.85666667,130.8333333
2016/4/27,3:06:50,熊本県熊本地方,32°52.3′N,130°54.6′E,11 km,2.7,震度１,32.87166667,130.91
2016/4/27,3:10:27,熊本県熊本地方,32°38.4′N,130°41.7′E,10 km,2.8,震度１,32.64,130.695
2016/4/27,4:01:45,熊本県阿蘇地方,33°01.0′N,131°13.1′E,6 km,2.2,震度１,33.01666667,131.2183333
2016/4/27,5:41:44,熊本県熊本地方,32°50.2′N,130°50.8′E,8 km,2.3,震度１,32.83666667,130.8466667
2016/4/27,5:43:18,熊本県熊本地方,32°39.6′N,130°36.3′E,8 km,2.3,震度１,32.66,130.605
2016/4/27,6:15:38,熊本県熊本地方,32°39.2′N,130°41.3′E,10 km,2.4,震度２,32.65333333,130.6883333
2016/4/27,6:56:35,熊本県熊本地方,32°51.7′N,130°53.1′E,10 km,2.7,震度２,32.86166667,130.885
2016/4/27,7:07:06,熊本県熊本地方,32°41.5′N,130°44.2′E,12 km,3.6,震度３,32.69166667,130.7366667
2016/4/27,7:28:03,熊本県熊本地方,32°35.5′N,130°40.5′E,11 km,3.2,震度１,32.59166667,130.675
2016/4/27,7:39:40,根室半島南東沖,43°03.7′N,145°51.1′E,76 km,4.4,震度３,43.06166667,145.8516667
2016/4/27,7:42:51,熊本県熊本地方,32°46.1′N,130°44.8′E,10 km,2.4,震度１,32.76833333,130.7466667
2016/4/27,8:47:31,熊本県阿蘇地方,32°57.4′N,131°07.3′E,10 km,2.2,震度１,32.95666667,131.1216667
2016/4/27,8:57:21,熊本県熊本地方,32°42.4′N,130°40.7′E,12 km,2.4,震度１,32.70666667,130.6783333
2016/4/27,10:02:36,熊本県熊本地方,32°50.5′N,130°51.4′E,9 km,3,震度２,32.84166667,130.8566667
2016/4/27,10:08:09,熊本県阿蘇地方,32°57.8′N,131°07.2′E,10 km,2.1,震度１,32.96333333,131.12
2016/4/27,10:16:18,熊本県熊本地方,32°43.6′N,130°46.1′E,12 km,2.5,震度１,32.72666667,130.7683333
2016/4/27,10:32:55,熊本県熊本地方,32°42.3′N,130°38.0′E,12 km,2.1,震度１,32.705,130.6333333
2016/4/27,12:30:06,熊本県阿蘇地方,33°03.3′N,131°07.2′E,9 km,3.9,震度３,33.055,131.12
2016/4/27,12:43:51,熊本県熊本地方,32°48.1′N,130°42.6′E,4 km,1.2,震度１,32.80166667,130.71
2016/4/27,12:50:48,熊本県阿蘇地方,33°03.3′N,131°07.2′E,9 km,3.1,震度２,33.055,131.12
2016/4/27,12:53:45,熊本県阿蘇地方,33°03.1′N,131°07.6′E,9 km,3.4,震度２,33.05166667,131.1266667
2016/4/27,12:56:03,長野県北部,36°42.6′N,137°58.7′E,15 km,2.8,震度２,36.71,137.9783333
2016/4/27,13:00:30,熊本県熊本地方,32°48.2′N,130°43.0′E,5 km,1.7,震度１,32.80333333,130.7166667
2016/4/27,13:15:36,熊本県熊本地方,32°52.1′N,130°52.0′E,13 km,2.8,震度２,32.86833333,130.8666667
2016/4/27,13:21:07,熊本県熊本地方,32°42.8′N,130°41.3′E,12 km,2.4,震度２,32.71333333,130.6883333
2016/4/27,14:23:19,熊本県阿蘇地方,33°03.1′N,131°08.1′E,9 km,2.7,震度１,33.05166667,131.135
2016/4/27,14:26:37,熊本県熊本地方,32°37.9′N,130°42.0′E,4 km,1.7,震度１,32.63166667,130.7
2016/4/27,14:55:51,熊本県熊本地方,32°40.9′N,130°42.5′E,11 km,2.3,震度１,32.68166667,130.7083333
2016/4/27,15:05:50,熊本県熊本地方,32°42.2′N,130°42.6′E,13 km,3.2,震度２,32.70333333,130.71
2016/4/27,15:45:51,新島・神津島近海,34°24.4′N,139°17.8′E,11 km,2.6,震度１,34.40666667,139.2966667
2016/4/27,16:20:30,熊本県熊本地方,32°43.9′N,130°46.1′E,11 km,2.5,震度１,32.73166667,130.7683333
2016/4/27,16:22:49,熊本県熊本地方,32°52.5′N,130°51.6′E,11 km,2.5,震度２,32.875,130.86
2016/4/27,17:35:48,熊本県熊本地方,32°47.7′N,130°46.7′E,15 km,2.7,震度１,32.795,130.7783333
2016/4/27,19:28:10,大分県中部,33°14.5′N,131°23.3′E,10 km,2.9,震度２,33.24166667,131.3883333
2016/4/27,19:57:47,熊本県熊本地方,32°38.9′N,130°42.4′E,5 km,2.1,震度１,32.64833333,130.7066667
2016/4/27,20:04:41,熊本県熊本地方,32°48.8′N,130°37.9′E,3 km,2.7,震度１,32.81333333,130.6316667
2016/4/27,20:08:34,大分県中部,33°17.5′N,131°29.3′E,8 km,2.1,震度１,33.29166667,131.4883333
2016/4/27,21:01:51,熊本県阿蘇地方,33°03.3′N,131°07.3′E,9 km,3.3,震度２,33.055,131.1216667
2016/4/27,21:03:16,熊本県阿蘇地方,33°03.2′N,131°07.6′E,8 km,2.5,震度１,33.05333333,131.1266667
2016/4/27,21:05:14,熊本県阿蘇地方,33°03.2′N,131°07.5′E,8 km,2.8,震度１,33.05333333,131.125
2016/4/27,21:44:25,熊本県熊本地方,32°36.9′N,130°42.6′E,4 km,1.9,震度１,32.615,130.71
2016/4/27,21:46:07,熊本県熊本地方,32°50.1′N,130°50.7′E,7 km,2.2,震度１,32.835,130.845
2016/4/27,22:33:13,熊本県熊本地方,32°43.1′N,130°39.1′E,9 km,2.4,震度１,32.71833333,130.6516667
2016/4/27,22:36:25,熊本県熊本地方,32°42.6′N,130°41.0′E,13 km,3.3,震度３,32.71,130.6833333
2016/4/27,22:55:36,大分県中部,33°16.4′N,131°20.6′E,9 km,2.4,震度１,33.27333333,131.3433333
2016/4/27,23:30:28,大分県中部,33°16.4′N,131°20.6′E,9 km,3.2,震度３,33.27333333,131.3433333
2016/4/27,23:30:55,千葉県東方沖,35°36.5′N,141°02.2′E,17 km,3.9,震度１,35.60833333,141.0366667
2016/4/27,23:36:29,大分県中部,33°16.2′N,131°20.7′E,9 km,2.3,震度１,33.27,131.345
2016/4/28,0:16:07,熊本県熊本地方,32°40.3′N,130°44.9′E,11 km,3,震度２,32.67166667,130.7483333
2016/4/28,0:21:29,熊本県熊本地方,32°36.0′N,130°42.0′E,9 km,3.8,震度３,32.6,130.7
2016/4/28,0:23:29,熊本県熊本地方,32°36.0′N,130°41.6′E,9 km,2.8,震度１,32.6,130.6933333
2016/4/28,0:31:40,大分県中部,33°16.6′N,131°20.6′E,9 km,2.2,震度１,33.27666667,131.3433333
2016/4/28,0:34:12,大分県中部,33°16.7′N,131°20.4′E,9 km,2.1,震度１,33.27833333,131.34
2016/4/28,1:28:27,大分県中部,33°16.5′N,131°20.6′E,9 km,2.7,震度２,33.275,131.3433333
2016/4/28,1:34:17,熊本県熊本地方,32°38.5′N,130°40.0′E,8 km,2.8,震度１,32.64166667,130.6666667
2016/4/28,1:47:50,熊本県熊本地方,32°39.9′N,130°43.1′E,12 km,3.1,震度１,32.665,130.7183333
2016/4/28,1:57:27,熊本県熊本地方,32°41.1′N,130°42.5′E,10 km,2.6,震度１,32.685,130.7083333
2016/4/28,2:24:03,熊本県阿蘇地方,32°58.6′N,131°01.1′E,4 km,2,震度１,32.97666667,131.0183333
2016/4/28,2:34:35,熊本県熊本地方,32°48.8′N,130°48.2′E,17 km,2.4,震度１,32.81333333,130.8033333
2016/4/28,2:35:50,熊本県熊本地方,32°43.1′N,130°46.9′E,8 km,2.7,震度２,32.71833333,130.7816667
2016/4/28,2:38:05,熊本県熊本地方,32°35.2′N,130°40.0′E,10 km,4.1,震度４,32.58666667,130.6666667
2016/4/28,3:26:32,熊本県熊本地方,32°44.0′N,130°44.7′E,14 km,2.9,震度１,32.73333333,130.745
2016/4/28,3:47:53,大分県中部,33°16.2′N,131°20.9′E,9 km,2.4,震度２,33.27,131.3483333
2016/4/28,4:36:32,熊本県熊本地方,32°38.2′N,130°43.9′E,7 km,2.8,震度２,32.63666667,130.7316667
2016/4/28,4:44:11,熊本県阿蘇地方,32°58.8′N,131°04.6′E,12 km,3,震度１,32.98,131.0766667
2016/4/28,5:21:53,有明海,32°49.9′N,130°33.7′E,6 km,2.5,震度１,32.83166667,130.5616667
2016/4/28,5:54:46,熊本県熊本地方,32°40.8′N,130°43.6′E,13 km,2.8,震度２,32.68,130.7266667
2016/4/28,6:31:08,熊本県熊本地方,32°37.9′N,130°41.2′E,5 km,2,震度１,32.63166667,130.6866667
2016/4/28,7:51:37,熊本県熊本地方,32°38.8′N,130°43.7′E,7 km,2.7,震度２,32.64666667,130.7283333
2016/4/28,8:21:40,熊本県熊本地方,32°41.6′N,130°42.6′E,13 km,2.2,震度１,32.69333333,130.71
2016/4/28,8:29:44,熊本県熊本地方,32°41.7′N,130°42.6′E,14 km,3.5,震度３,32.695,130.71
2016/4/28,8:33:32,熊本県熊本地方,32°38.2′N,130°44.0′E,6 km,2.1,震度１,32.63666667,130.7333333
2016/4/28,8:50:35,熊本県熊本地方,32°41.8′N,130°42.7′E,13 km,2.2,震度１,32.69666667,130.7116667
2016/4/28,9:01:59,熊本県阿蘇地方,33°00.7′N,131°08.5′E,9 km,2.8,震度１,33.01166667,131.1416667
2016/4/28,9:33:39,大分県中部,33°16.2′N,131°23.0′E,8 km,2.7,震度２,33.27,131.3833333
2016/4/28,9:36:03,福島県浜通り,37°00.0′N,140°43.4′E,21 km,3.3,震度１,37,140.7233333
2016/4/28,10:14:37,熊本県阿蘇地方,33°00.8′N,131°08.4′E,8 km,2.7,震度１,33.01333333,131.14
2016/4/28,11:17:56,大分県中部,33°14.4′N,131°23.6′E,9 km,2.5,震度１,33.24,131.3933333
2016/4/28,11:19:21,愛知県西部,35°00.3′N,136°53.0′E,38 km,3.1,震度１,35.005,136.8833333
2016/4/28,11:55:23,熊本県阿蘇地方,32°59.7′N,131°14.5′E,7 km,2.8,震度１,32.995,131.2416667
2016/4/28,12:56:33,熊本県熊本地方,32°39.3′N,130°41.7′E,9 km,3.7,震度４,32.655,130.695
2016/4/28,13:15:05,大分県中部,33°16.4′N,131°20.8′E,9 km,2.1,震度１,33.27333333,131.3466667
2016/4/28,15:30:51,有明海,32°45.0′N,130°32.4′E,9 km,4.8,震度４,32.75,130.54
2016/4/28,16:17:22,熊本県熊本地方,32°41.3′N,130°42.4′E,11 km,2.3,震度１,32.68833333,130.7066667
2016/4/28,16:53:04,熊本県阿蘇地方,33°02.6′N,131°05.7′E,12 km,2.9,震度１,33.04333333,131.095
2016/4/28,17:08:33,熊本県熊本地方,32°47.7′N,130°39.1′E,13 km,2.5,震度１,32.795,130.6516667
2016/4/28,17:16:38,大分県中部,33°16.1′N,131°21.3′E,9 km,2.6,震度２,33.26833333,131.355
2016/4/28,17:19:00,熊本県熊本地方,32°38.8′N,130°41.8′E,7 km,2.6,震度２,32.64666667,130.6966667
2016/4/28,18:12:16,熊本県熊本地方,32°39.0′N,130°41.8′E,9 km,1.1,震度１,32.65,130.6966667
2016/4/28,18:24:22,熊本県熊本地方,32°39.7′N,130°40.7′E,9 km,2,震度１,32.66166667,130.6783333
2016/4/28,18:44:47,熊本県阿蘇地方,32°58.9′N,131°04.6′E,12 km,2.9,震度１,32.98166667,131.0766667
2016/4/28,18:46:47,熊本県阿蘇地方,33°04.0′N,131°07.8′E,10 km,2.8,震度１,33.06666667,131.13
2016/4/28,18:51:56,熊本県熊本地方,32°38.7′N,130°40.3′E,10 km,2.4,震度１,32.645,130.6716667
2016/4/28,19:23:44,熊本県阿蘇地方,32°59.7′N,131°11.6′E,10 km,2.7,震度１,32.995,131.1933333
2016/4/28,19:33:16,宮城県沖,38°41.9′N,141°47.8′E,53 km,3,震度１,38.69833333,141.7966667
2016/4/28,19:36:09,大分県中部,33°19.9′N,131°29.6′E,4 km,1.5,震度１,33.33166667,131.4933333
2016/4/28,20:16:56,熊本県熊本地方,32°33.8′N,130°43.0′E,6 km,2.4,震度１,32.56333333,130.7166667
2016/4/28,20:47:16,熊本県熊本地方,32°51.3′N,130°49.7′E,13 km,2.3,震度２,32.855,130.8283333
2016/4/28,21:05:06,熊本県熊本地方,32°38.8′N,130°40.0′E,9 km,2.3,震度１,32.64666667,130.6666667
2016/4/28,21:13:47,熊本県熊本地方,32°41.0′N,130°37.2′E,10 km,3,震度２,32.68333333,130.62
2016/4/28,21:29:18,熊本県熊本地方,32°43.0′N,130°37.8′E,12 km,2.8,震度２,32.71666667,130.63
2016/4/28,22:57:39,茨城県沖,36°28.0′N,140°44.3′E,52 km,3.8,震度２,36.46666667,140.7383333
2016/4/28,22:58:33,熊本県熊本地方,32°32.5′N,130°38.6′E,8 km,2.7,震度１,32.54166667,130.6433333
2016/4/28,23:04:07,熊本県熊本地方,32°48.8′N,130°41.9′E,6 km,1.6,震度１,32.81333333,130.6983333
2016/4/29,0:00:50,熊本県熊本地方,32°42.6′N,130°41.0′E,13 km,2,震度１,32.71,130.6833333
2016/4/29,0:22:20,熊本県熊本地方,32°38.6′N,130°42.9′E,6 km,2.7,震度２,32.64333333,130.715
2016/4/29,2:47:16,熊本県天草・芦北地方,32°37.4′N,130°39.2′E,4 km,2.5,震度２,32.62333333,130.6533333
2016/4/29,4:25:22,熊本県熊本地方,32°25.8′N,130°37.5′E,5 km,3.5,震度３,32.43,130.625
2016/4/29,4:32:43,熊本県熊本地方,32°39.2′N,130°41.2′E,11 km,3.1,震度３,32.65333333,130.6866667
2016/4/29,4:57:06,熊本県熊本地方,32°49.8′N,130°50.2′E,9 km,2.9,震度２,32.83,130.8366667
2016/4/29,5:08:37,熊本県熊本地方,32°53.0′N,130°54.7′E,11 km,2.9,震度２,32.88333333,130.9116667
2016/4/29,6:50:43,熊本県熊本地方,32°44.9′N,130°45.8′E,12 km,3.6,震度２,32.74833333,130.7633333
2016/4/29,8:53:56,熊本県天草・芦北地方,32°37.8′N,130°39.9′E,10 km,2.5,震度１,32.63,130.665
2016/4/29,12:14:47,熊本県熊本地方,32°35.2′N,130°39.8′E,9 km,2.4,震度１,32.58666667,130.6633333
2016/4/29,13:27:51,熊本県熊本地方,32°36.5′N,130°42.7′E,5 km,2.4,震度２,32.60833333,130.7116667
2016/4/29,13:41:04,熊本県熊本地方,32°40.8′N,130°42.0′E,10 km,3.9,震度３,32.68,130.7
2016/4/29,13:47:22,熊本県阿蘇地方,33°03.2′N,131°07.6′E,10 km,3.3,震度２,33.05333333,131.1266667
2016/4/29,13:55:27,熊本県阿蘇地方,33°00.7′N,131°05.6′E,9 km,2.3,震度１,33.01166667,131.0933333
2016/4/29,14:22:31,熊本県熊本地方,32°38.3′N,130°40.8′E,8 km,2.3,震度１,32.63833333,130.68
2016/4/29,14:44:43,大分県中部,33°15.9′N,131°23.4′E,7 km,1.7,震度１,33.265,131.39
2016/4/29,14:50:04,熊本県熊本地方,32°37.6′N,130°42.0′E,5 km,1.9,震度１,32.62666667,130.7
2016/4/29,15:09:34,大分県中部,33°15.4′N,131°22.0′E,7 km,4.5,震度５強,33.25666667,131.3666667
2016/4/29,15:14:36,大分県中部,33°15.9′N,131°22.3′E,8 km,2,震度１,33.265,131.3716667
2016/4/29,15:30:24,熊本県阿蘇地方,33°00.6′N,131°10.3′E,12 km,3.5,震度３,33.01,131.1716667
2016/4/29,15:42:11,熊本県阿蘇地方,33°00.6′N,131°10.3′E,11 km,2.7,震度１,33.01,131.1716667
2016/4/29,16:30:56,大分県中部,33°15.1′N,131°22.1′E,7 km,2.2,震度３,33.25166667,131.3683333
2016/4/29,16:42:00,熊本県阿蘇地方,33°00.6′N,131°10.6′E,12 km,2.8,震度１,33.01,131.1766667
2016/4/29,16:46:31,熊本県熊本地方,32°50.9′N,130°53.2′E,8 km,2.6,震度１,32.84833333,130.8866667
2016/4/29,17:13:50,熊本県熊本地方,32°51.3′N,130°51.7′E,7 km,2.6,震度２,32.855,130.8616667
2016/4/29,18:00:11,大分県中部,33°15.6′N,131°22.0′E,9 km,3.2,震度３,33.26,131.3666667
2016/4/29,18:47:25,熊本県熊本地方,32°45.6′N,130°45.2′E,10 km,2.7,震度２,32.76,130.7533333
2016/4/29,19:27:18,熊本県熊本地方,32°54.3′N,130°37.8′E,15 km,2.9,震度２,32.905,130.63
2016/4/29,19:46:40,熊本県熊本地方,32°43.5′N,130°42.6′E,12 km,2.5,震度１,32.725,130.71
2016/4/29,20:28:53,熊本県熊本地方,32°42.6′N,130°41.0′E,13 km,2.1,震度１,32.71,130.6833333
2016/4/29,22:12:25,熊本県阿蘇地方,33°01.0′N,131°13.1′E,5 km,2.2,震度２,33.01666667,131.2183333
2016/4/29,23:27:25,熊本県熊本地方,32°46.5′N,130°44.5′E,10 km,3.9,震度３,32.775,130.7416667
2016/4/29,23:54:09,熊本県熊本地方,32°46.4′N,130°44.3′E,10 km,2.4,震度１,32.77333333,130.7383333
2016/4/30,0:44:23,長野県中部,36°09.6′N,137°37.6′E,6 km,3.3,震度１,36.16,137.6266667
2016/4/30,1:34:18,熊本県熊本地方,32°47.1′N,130°41.4′E,7 km,1.6,震度１,32.785,130.69
2016/4/30,1:37:15,長野県中部,36°20.5′N,137°52.2′E,8 km,3.2,震度３,36.34166667,137.87
2016/4/30,3:06:03,熊本県阿蘇地方,32°58.7′N,131°02.1′E,6 km,1.8,震度１,32.97833333,131.035
2016/4/30,3:31:12,熊本県阿蘇地方,32°57.9′N,131°07.2′E,11 km,2.2,震度１,32.965,131.12
2016/4/30,3:59:09,熊本県熊本地方,32°45.3′N,130°45.7′E,16 km,3.9,震度３,32.755,130.7616667
2016/4/30,4:33:10,熊本県熊本地方,32°46.2′N,130°46.4′E,11 km,2.2,震度１,32.77,130.7733333
2016/4/30,5:27:38,宮城県沖,38°39.8′N,141°53.8′E,43 km,3.5,震度２,38.66333333,141.8966667
2016/4/30,5:47:42,熊本県阿蘇地方,32°58.4′N,131°03.1′E,7 km,2.6,震度２,32.97333333,131.0516667
2016/4/30,5:49:28,熊本県熊本地方,32°42.3′N,130°43.3′E,12 km,2.3,震度２,32.705,130.7216667
2016/4/30,7:22:35,熊本県熊本地方,32°38.7′N,130°41.1′E,8 km,2.7,震度２,32.645,130.685
2016/4/30,8:12:04,熊本県熊本地方,32°43.9′N,130°41.4′E,10 km,1.7,震度１,32.73166667,130.69
2016/4/30,11:15:14,熊本県阿蘇地方,33°00.8′N,131°13.2′E,7 km,3.5,震度３,33.01333333,131.22
2016/4/30,11:19:24,熊本県阿蘇地方,33°00.9′N,131°13.4′E,6 km,2.9,震度２,33.015,131.2233333
2016/4/30,11:30:46,熊本県阿蘇地方,32°58.4′N,131°07.1′E,11 km,2.3,震度１,32.97333333,131.1183333
2016/4/30,11:34:14,熊本県阿蘇地方,33°01.0′N,131°13.4′E,6 km,2.8,震度２,33.01666667,131.2233333
2016/4/30,11:50:47,熊本県熊本地方,32°41.7′N,130°42.5′E,16 km,2.8,震度１,32.695,130.7083333
2016/4/30,13:18:00,奄美大島近海,28°00.0′N,129°27.2′E,34 km,3.3,震度１,28,129.4533333
2016/4/30,14:11:40,熊本県熊本地方,32°36.7′N,130°42.6′E,4 km,2.1,震度１,32.61166667,130.71
2016/4/30,14:50:48,大分県中部,33°14.5′N,131°23.2′E,10 km,2.1,震度１,33.24166667,131.3866667
2016/4/30,14:53:26,熊本県熊本地方,32°47.8′N,130°43.9′E,5 km,2,震度１,32.79666667,130.7316667
2016/4/30,14:57:35,熊本県熊本地方,32°46.3′N,130°44.6′E,10 km,3.2,震度２,32.77166667,130.7433333
2016/4/30,15:01:24,有明海,32°44.6′N,130°33.1′E,12 km,3.5,震度２,32.74333333,130.5516667
2016/4/30,15:32:38,熊本県熊本地方,32°44.4′N,130°42.8′E,11 km,3,震度２,32.74,130.7133333
2016/4/30,16:26:18,熊本県熊本地方,32°46.2′N,130°44.5′E,10 km,3.4,震度２,32.77,130.7416667
2016/4/30,16:33:25,熊本県熊本地方,32°46.1′N,130°44.4′E,11 km,2.3,震度１,32.76833333,130.74
2016/4/30,16:35:45,熊本県阿蘇地方,32°58.1′N,131°05.4′E,7 km,2.3,震度１,32.96833333,131.09
2016/4/30,16:39:36,熊本県熊本地方,32°46.2′N,130°44.6′E,10 km,2.5,震度１,32.77,130.7433333
2016/4/30,16:46:42,熊本県熊本地方,32°52.1′N,130°52.7′E,8 km,1.9,震度１,32.86833333,130.8783333
2016/4/30,16:56:35,熊本県阿蘇地方,32°58.4′N,131°05.0′E,7 km,3.1,震度２,32.97333333,131.0833333
2016/4/30,17:37:49,熊本県阿蘇地方,32°58.6′N,131°02.2′E,7 km,2.2,震度１,32.97666667,131.0366667
2016/4/30,18:14:59,熊本県熊本地方,32°51.9′N,130°50.5′E,13 km,2.5,震度１,32.865,130.8416667
2016/4/30,18:35:35,熊本県熊本地方,32°51.9′N,130°49.9′E,13 km,2.4,震度１,32.865,130.8316667
2016/4/30,20:59:40,熊本県阿蘇地方,33°00.5′N,131°05.5′E,9 km,2.1,震度１,33.00833333,131.0916667
2016/4/30,21:24:53,熊本県熊本地方,32°52.0′N,130°50.3′E,11 km,2.3,震度１,32.86666667,130.8383333
2016/4/30,22:18:37,熊本県熊本地方,32°46.2′N,130°44.7′E,10 km,3.3,震度２,32.77,130.745
2016/5/1,0:09:16,熊本県熊本地方,32°46.2′N,130°44.5′E,10 km,3.3,震度２,32.77,130.7416667
2016/5/1,0:41:25,新潟県上中越沖,37°14.8′N,138°12.9′E,28 km,3.5,震度２,37.24666667,138.215
2016/5/1,0:44:38,有明海,32°49.7′N,130°30.0′E,7 km,3.4,震度２,32.82833333,130.5
2016/5/1,1:14:14,熊本県熊本地方,32°46.1′N,130°44.5′E,10 km,2.2,震度１,32.76833333,130.7416667
2016/5/1,2:01:44,熊本県熊本地方,32°37.8′N,130°38.4′E,11 km,2,震度１,32.63,130.64
2016/5/1,2:08:14,熊本県熊本地方,32°46.3′N,130°44.6′E,10 km,2.7,震度１,32.77166667,130.7433333
2016/5/1,2:14:02,熊本県熊本地方,32°34.5′N,130°44.7′E,4 km,2.6,震度１,32.575,130.745
2016/5/1,2:16:05,熊本県熊本地方,32°33.9′N,130°39.3′E,6 km,2.5,震度１,32.565,130.655
2016/5/1,2:30:38,熊本県熊本地方,32°47.1′N,130°41.6′E,6 km,3.8,震度３,32.785,130.6933333
2016/5/1,2:46:06,熊本県熊本地方,32°46.0′N,130°44.5′E,10 km,2.4,震度１,32.76666667,130.7416667
2016/5/1,3:02:31,熊本県熊本地方,32°44.1′N,130°42.4′E,11 km,2.2,震度１,32.735,130.7066667
2016/5/1,3:35:56,熊本県熊本地方,32°41.7′N,130°42.3′E,13 km,2.4,震度１,32.695,130.705
2016/5/1,4:18:59,熊本県熊本地方,32°47.8′N,130°44.0′E,6 km,2.5,震度２,32.79666667,130.7333333
2016/5/1,4:31:07,熊本県熊本地方,32°40.3′N,130°39.5′E,8 km,2.4,震度１,32.67166667,130.6583333
2016/5/1,6:13:11,熊本県熊本地方,32°47.8′N,130°44.1′E,6 km,2.1,震度２,32.79666667,130.735
2016/5/1,7:34:18,熊本県熊本地方,32°41.8′N,130°44.1′E,13 km,3,震度２,32.69666667,130.735
2016/5/1,7:35:38,熊本県熊本地方,32°46.2′N,130°44.4′E,11 km,2.8,震度１,32.77,130.74
2016/5/1,7:41:35,熊本県熊本地方,32°46.3′N,130°44.6′E,10 km,2.2,震度１,32.77166667,130.7433333
2016/5/1,9:18:45,熊本県熊本地方,32°32.3′N,130°38.9′E,8 km,2.6,震度１,32.53833333,130.6483333
2016/5/1,9:58:52,熊本県阿蘇地方,32°58.2′N,131°03.7′E,6 km,2.2,震度１,32.97,131.0616667
2016/5/1,11:16:53,熊本県熊本地方,32°41.1′N,130°46.3′E,8 km,2.4,震度１,32.685,130.7716667
2016/5/1,13:45:44,熊本県熊本地方,32°46.1′N,130°44.5′E,10 km,3,震度２,32.76833333,130.7416667
2016/5/1,14:24:02,熊本県阿蘇地方,33°00.4′N,131°09.0′E,12 km,3.3,震度２,33.00666667,131.15
2016/5/1,14:57:10,有明海,32°42.9′N,130°22.5′E,9 km,1.5,震度１,32.715,130.375
2016/5/1,15:05:38,熊本県熊本地方,32°42.4′N,130°36.9′E,12 km,2,震度１,32.70666667,130.615
2016/5/1,15:48:28,熊本県熊本地方,32°51.7′N,130°50.4′E,9 km,2.5,震度１,32.86166667,130.84
2016/5/1,16:46:05,熊本県熊本地方,32°46.5′N,130°43.5′E,8 km,1.7,震度１,32.775,130.725
2016/5/1,17:46:55,熊本県熊本地方,32°40.9′N,130°42.4′E,10 km,2.1,震度１,32.68166667,130.7066667
2016/5/1,18:12:37,熊本県熊本地方,32°31.8′N,130°38.7′E,3 km,2.2,震度１,32.53,130.645
2016/5/1,20:12:17,熊本県熊本地方,32°46.9′N,130°37.9′E,9 km,1.8,震度１,32.78166667,130.6316667
2016/5/1,20:22:10,熊本県熊本地方,32°48.2′N,130°40.1′E,6 km,1.6,震度１,32.80333333,130.6683333
2016/5/1,20:34:14,熊本県阿蘇地方,32°56.7′N,131°06.8′E,8 km,3.4,震度３,32.945,131.1133333
2016/5/1,20:55:25,熊本県熊本地方,32°49.0′N,130°46.4′E,4 km,2.3,震度１,32.81666667,130.7733333
2016/5/1,22:50:12,熊本県熊本地方,32°47.6′N,130°39.1′E,13 km,2.4,震度１,32.79333333,130.6516667
2016/5/1,23:06:59,土佐湾,33°15.8′N,134°02.3′E,26 km,3.8,震度２,33.26333333,134.0383333
2016/5/1,23:23:14,熊本県熊本地方,32°33.8′N,130°40.8′E,8 km,3.9,震度３,32.56333333,130.68
2016/5/1,23:27:47,熊本県熊本地方,32°35.8′N,130°40.9′E,8 km,3.4,震度２,32.59666667,130.6816667
2016/5/1,23:32:26,熊本県熊本地方,32°48.3′N,130°40.4′E,6 km,2.4,震度２,32.805,130.6733333
2016/5/1,23:57:42,西表島付近,24°13.7′N,123°45.9′E,14 km,2.8,震度１,24.22833333,123.765
2016/5/2,0:13:19,熊本県熊本地方,32°48.6′N,130°42.3′E,5 km,1.5,震度１,32.81,130.705
2016/5/2,0:39:20,熊本県熊本地方,32°48.6′N,130°42.5′E,6 km,1.9,震度２,32.81,130.7083333
2016/5/2,1:06:28,熊本県熊本地方,32°35.8′N,130°40.9′E,8 km,2.5,震度１,32.59666667,130.6816667
2016/5/2,1:32:39,熊本県熊本地方,32°47.9′N,130°38.1′E,5 km,1.8,震度１,32.79833333,130.635
2016/5/2,1:59:25,熊本県熊本地方,32°41.3′N,130°41.5′E,12 km,2.2,震度１,32.68833333,130.6916667
2016/5/2,2:29:35,熊本県熊本地方,32°34.7′N,130°42.8′E,8 km,2.4,震度１,32.57833333,130.7133333
2016/5/2,3:42:41,熊本県熊本地方,32°44.0′N,130°39.4′E,11 km,2,震度１,32.73333333,130.6566667
2016/5/2,3:58:25,熊本県熊本地方,32°48.2′N,130°40.8′E,3 km,2,震度１,32.80333333,130.68
2016/5/2,4:55:21,熊本県阿蘇地方,33°02.7′N,131°08.2′E,10 km,2.9,震度２,33.045,131.1366667
2016/5/2,4:57:38,熊本県熊本地方,32°36.5′N,130°40.7′E,3 km,2.2,震度１,32.60833333,130.6783333
2016/5/2,5:13:53,大分県中部,33°15.9′N,131°22.3′E,8 km,1.9,震度１,33.265,131.3716667
2016/5/2,6:04:06,熊本県熊本地方,32°46.0′N,130°44.4′E,10 km,2.8,震度２,32.76666667,130.74
2016/5/2,6:12:43,熊本県熊本地方,32°46.0′N,130°45.3′E,16 km,2.7,震度１,32.76666667,130.755
2016/5/2,7:01:04,熊本県熊本地方,32°48.2′N,130°40.8′E,5 km,1.9,震度１,32.80333333,130.68
2016/5/2,8:13:34,熊本県熊本地方,32°35.2′N,130°42.1′E,9 km,3.2,震度２,32.58666667,130.7016667
2016/5/2,8:20:30,熊本県熊本地方,32°36.5′N,130°40.4′E,4 km,2,震度１,32.60833333,130.6733333
2016/5/2,8:50:55,熊本県熊本地方,32°39.8′N,130°43.7′E,11 km,2.1,震度１,32.66333333,130.7283333
2016/5/2,9:21:49,十勝地方南部,42°25.7′N,143°10.5′E,50 km,3.6,震度２,42.42833333,143.175
2016/5/2,10:28:49,熊本県阿蘇地方,32°58.5′N,131°04.0′E,8 km,2.6,震度１,32.975,131.0666667
2016/5/2,10:50:50,秋田県内陸北部,39°58.4′N,140°34.1′E,3 km,3.5,震度２,39.97333333,140.5683333
2016/5/2,11:53:16,熊本県熊本地方,33°01.8′N,130°50.4′E,11 km,2.5,震度２,33.03,130.84
2016/5/2,12:02:06,熊本県熊本地方,32°46.7′N,130°39.4′E,7 km,1.9,震度１,32.77833333,130.6566667
2016/5/2,12:19:15,熊本県熊本地方,32°41.5′N,130°42.8′E,10 km,2.6,震度１,32.69166667,130.7133333
2016/5/2,13:26:59,熊本県熊本地方,32°42.5′N,130°38.6′E,12 km,1.8,震度１,32.70833333,130.6433333
2016/5/2,13:46:08,茨城県沖,36°44.4′N,141°00.2′E,56 km,3.9,震度２,36.74,141.0033333
2016/5/2,13:59:22,熊本県熊本地方,32°42.0′N,130°37.4′E,8 km,2.9,震度２,32.7,130.6233333
2016/5/2,15:06:04,熊本県熊本地方,32°46.6′N,130°40.3′E,11 km,2.8,震度２,32.77666667,130.6716667
2016/5/2,15:35:06,熊本県熊本地方,32°33.8′N,130°40.5′E,8 km,4.1,震度３,32.56333333,130.675
2016/5/2,16:26:51,三陸沖,39°58.9′N,144°48.4′E,43 km,4.7,震度１,39.98166667,144.8066667
2016/5/2,16:55:01,熊本県阿蘇地方,32°57.5′N,131°06.2′E,8 km,2.2,震度１,32.95833333,131.1033333
2016/5/2,17:18:13,熊本県熊本地方,32°33.7′N,130°40.4′E,8 km,3.1,震度２,32.56166667,130.6733333
2016/5/2,18:20:33,大分県中部,33°19.3′N,131°27.7′E,2 km,1,震度１,33.32166667,131.4616667
2016/5/2,19:20:06,熊本県熊本地方,32°39.6′N,130°42.5′E,13 km,2.6,震度１,32.66,130.7083333
2016/5/2,19:58:53,熊本県熊本地方,32°47.4′N,130°45.1′E,7 km,3.3,震度２,32.79,130.7516667
2016/5/2,20:39:55,熊本県熊本地方,32°43.1′N,130°38.8′E,10 km,2.5,震度１,32.71833333,130.6466667
2016/5/2,22:49:44,熊本県熊本地方,32°39.7′N,130°43.3′E,6 km,1.9,震度２,32.66166667,130.7216667
2016/5/2,23:02:51,熊本県熊本地方,32°41.2′N,130°42.3′E,10 km,1.9,震度１,32.68666667,130.705
2016/5/3,2:02:49,大分県中部,33°15.5′N,131°20.9′E,10 km,2.3,震度２,33.25833333,131.3483333
2016/5/3,2:16:01,熊本県熊本地方,32°43.0′N,130°39.0′E,10 km,2.1,震度１,32.71666667,130.65
2016/5/3,5:51:21,宮城県沖,38°19.4′N,142°08.2′E,38 km,4,震度１,38.32333333,142.1366667
2016/5/3,5:59:39,熊本県熊本地方,32°49.8′N,130°48.7′E,16 km,2.4,震度１,32.83,130.8116667
2016/5/3,6:05:16,熊本県熊本地方,32°44.2′N,130°44.7′E,13 km,3.8,震度３,32.73666667,130.745
2016/5/3,7:04:29,熊本県熊本地方,32°38.5′N,130°40.3′E,8 km,2.3,震度１,32.64166667,130.6716667
2016/5/3,7:55:28,熊本県熊本地方,32°40.0′N,130°43.4′E,11 km,2.3,震度１,32.66666667,130.7233333
2016/5/3,8:32:28,熊本県阿蘇地方,33°02.5′N,131°13.9′E,6 km,2.1,震度１,33.04166667,131.2316667
2016/5/3,9:00:51,北海道東方沖,43°29.4′N,147°36.0′E,44 km,5.9,震度３,43.49,147.6
2016/5/3,9:23:03,根室半島南東沖,43°09.9′N,145°35.2′E,52 km,3.7,震度２,43.165,145.5866667
2016/5/3,10:07:06,茨城県北部,36°38.6′N,140°40.0′E,10 km,2.2,震度１,36.64333333,140.6666667
2016/5/3,10:09:04,熊本県熊本地方,32°41.3′N,130°41.5′E,12 km,2.2,震度１,32.68833333,130.6916667
2016/5/3,10:51:01,熊本県熊本地方,32°40.0′N,130°44.2′E,8 km,2.2,震度１,32.66666667,130.7366667
2016/5/3,11:17:36,熊本県阿蘇地方,32°57.6′N,131°08.9′E,12 km,2.9,震度２,32.96,131.1483333
2016/5/3,11:50:36,紀伊水道,33°50.4′N,134°58.0′E,11 km,3.2,震度１,33.84,134.9666667
2016/5/3,11:57:32,熊本県熊本地方,32°41.0′N,130°42.2′E,16 km,2.7,震度１,32.68333333,130.7033333
2016/5/3,12:06:12,紀伊水道,33°50.4′N,134°58.1′E,12 km,3.8,震度２,33.84,134.9683333
2016/5/3,12:14:57,熊本県熊本地方,32°47.3′N,130°44.3′E,6 km,1.5,震度１,32.78833333,130.7383333
2016/5/3,13:56:54,茨城県北部,36°41.7′N,140°37.7′E,5 km,2.9,震度１,36.695,140.6283333
2016/5/3,14:19:40,熊本県熊本地方,32°40.7′N,130°43.0′E,10 km,2.4,震度１,32.67833333,130.7166667
2016/5/3,14:25:44,大阪府南部,34°28.2′N,135°36.7′E,12 km,3.2,震度２,34.47,135.6116667
2016/5/3,17:41:40,熊本県熊本地方,32°50.9′N,130°53.2′E,7 km,2.1,震度１,32.84833333,130.8866667
2016/5/3,18:33:17,熊本県熊本地方,32°42.5′N,130°43.4′E,18 km,3,震度１,32.70833333,130.7233333
2016/5/3,18:42:31,熊本県熊本地方,32°37.6′N,130°44.2′E,2 km,1.6,震度２,32.62666667,130.7366667
2016/5/3,18:51:03,熊本県熊本地方,32°33.7′N,130°40.4′E,8 km,3.3,震度２,32.56166667,130.6733333
2016/5/3,19:16:29,熊本県熊本地方,32°36.8′N,130°43.2′E,5 km,3.2,震度３,32.61333333,130.72
2016/5/3,19:44:50,熊本県熊本地方,32°43.1′N,130°41.1′E,12 km,2.2,震度１,32.71833333,130.685
2016/5/3,19:54:53,宮城県沖,38°32.0′N,141°43.0′E,53 km,3.5,震度１,38.53333333,141.7166667
2016/5/3,19:59:11,熊本県熊本地方,32°47.8′N,130°43.8′E,7 km,1.9,震度１,32.79666667,130.73
2016/5/3,20:26:11,熊本県熊本地方,32°42.3′N,130°43.9′E,12 km,2.3,震度１,32.705,130.7316667
2016/5/3,21:54:25,熊本県阿蘇地方,32°58.6′N,131°02.4′E,6 km,2.1,震度１,32.97666667,131.04
2016/5/3,22:08:06,熊本県熊本地方,32°37.7′N,130°43.8′E,5 km,1.9,震度１,32.62833333,130.73
2016/5/3,22:40:11,熊本県熊本地方,32°40.7′N,130°42.1′E,8 km,2.2,震度１,32.67833333,130.7016667
2016/5/3,22:43:32,沖縄本島近海,26°49.0′N,127°54.6′E,16 km,3.9,震度２,26.81666667,127.91
2016/5/3,23:24:03,熊本県熊本地方,32°41.7′N,130°42.8′E,9 km,3.1,震度２,32.695,130.7133333
2016/5/4,2:25:16,熊本県阿蘇地方,33°00.6′N,131°05.6′E,8 km,2.3,震度１,33.01,131.0933333
2016/5/4,2:34:25,熊本県熊本地方,32°49.5′N,130°40.1′E,6 km,2.6,震度２,32.825,130.6683333
2016/5/4,3:17:53,熊本県熊本地方,32°38.3′N,130°41.9′E,6 km,2.2,震度１,32.63833333,130.6983333
2016/5/4,3:25:21,熊本県熊本地方,32°31.8′N,130°37.7′E,8 km,2.3,震度１,32.53,130.6283333
2016/5/4,3:27:54,熊本県熊本地方,32°49.5′N,130°40.0′E,6 km,2.8,震度２,32.825,130.6666667
2016/5/4,4:48:23,熊本県熊本地方,32°49.5′N,130°40.5′E,6 km,2.4,震度１,32.825,130.675
2016/5/4,5:11:18,熊本県阿蘇地方,33°03.1′N,131°10.9′E,7 km,3.1,震度２,33.05166667,131.1816667
2016/5/4,7:52:05,熊本県熊本地方,32°36.7′N,130°43.2′E,5 km,4,震度４,32.61166667,130.72
2016/5/4,8:44:27,熊本県熊本地方,32°49.7′N,130°45.5′E,7 km,2.7,震度１,32.82833333,130.7583333
2016/5/4,8:48:15,熊本県熊本地方,32°44.4′N,130°45.3′E,10 km,2.8,震度１,32.74,130.755
2016/5/4,9:10:57,熊本県熊本地方,32°37.2′N,130°43.0′E,3 km,1.8,震度２,32.62,130.7166667
2016/5/4,10:04:02,熊本県熊本地方,32°51.7′N,130°50.8′E,13 km,1.9,震度１,32.86166667,130.8466667
2016/5/4,11:54:53,熊本県熊本地方,32°51.9′N,130°51.4′E,12 km,2.7,震度２,32.865,130.8566667
2016/5/4,12:31:53,熊本県天草・芦北地方,32°38.8′N,130°39.7′E,9 km,2.7,震度２,32.64666667,130.6616667
2016/5/4,13:20:51,熊本県熊本地方,32°55.4′N,130°51.8′E,11 km,1.3,震度１,32.92333333,130.8633333
2016/5/4,14:11:13,熊本県熊本地方,32°36.6′N,130°43.4′E,5 km,3.3,震度３,32.61,130.7233333
2016/5/4,15:06:05,熊本県熊本地方,32°44.0′N,130°37.9′E,13 km,2.5,震度１,32.73333333,130.6316667
2016/5/4,15:55:26,熊本県熊本地方,32°49.5′N,130°45.9′E,6 km,2.3,震度１,32.825,130.765
2016/5/4,16:22:31,熊本県熊本地方,32°37.0′N,130°43.1′E,5 km,3.4,震度３,32.61666667,130.7183333
2016/5/4,17:16:52,熊本県熊本地方,32°44.4′N,130°46.5′E,17 km,3.8,震度２,32.74,130.775
2016/5/4,18:15:30,熊本県熊本地方,32°37.3′N,130°43.2′E,4 km,2.5,震度２,32.62166667,130.72
2016/5/4,19:09:10,熊本県熊本地方,32°36.9′N,130°43.2′E,4 km,2.1,震度２,32.615,130.72
2016/5/4,19:20:04,熊本県熊本地方,32°48.8′N,130°49.3′E,8 km,4,震度４,32.81333333,130.8216667
2016/5/4,19:24:07,熊本県熊本地方,32°48.7′N,130°49.2′E,8 km,2.6,震度１,32.81166667,130.82
2016/5/4,20:03:12,トカラ列島近海,29°09.4′N,129°07.0′E,8 km,2.5,震度１,29.15666667,129.1166667
2016/5/4,20:11:27,熊本県熊本地方,32°42.6′N,130°42.5′E,12 km,2,震度１,32.71,130.7083333
2016/5/4,21:43:12,熊本県熊本地方,32°33.8′N,130°40.6′E,8 km,2.7,震度１,32.56333333,130.6766667
2016/5/4,22:14:13,熊本県熊本地方,32°37.3′N,130°42.3′E,3 km,1.7,震度１,32.62166667,130.705
2016/5/4,22:16:46,熊本県阿蘇地方,32°57.2′N,131°04.4′E,7 km,2.5,震度２,32.95333333,131.0733333
2016/5/4,22:24:17,熊本県熊本地方,32°36.6′N,130°43.1′E,5 km,3.5,震度４,32.61,130.7183333
2016/5/4,23:37:50,熊本県熊本地方,32°36.6′N,130°43.1′E,5 km,3.1,震度３,32.61,130.7183333
2016/5/5,0:25:18,熊本県熊本地方,32°42.3′N,130°42.8′E,10 km,2.7,震度２,32.705,130.7133333
2016/5/5,1:10:21,宮城県沖,38°31.6′N,141°48.9′E,50 km,4.8,震度３,38.52666667,141.815
2016/5/5,1:21:31,熊本県熊本地方,32°35.8′N,130°40.7′E,6 km,3.2,震度３,32.59666667,130.6783333
2016/5/5,3:17:10,熊本県阿蘇地方,33°02.0′N,131°09.2′E,9 km,3.4,震度２,33.03333333,131.1533333
2016/5/5,4:21:21,熊本県熊本地方,32°47.2′N,130°46.9′E,4 km,2.3,震度２,32.78666667,130.7816667
2016/5/5,4:58:34,熊本県熊本地方,32°47.5′N,130°46.6′E,6 km,2.4,震度２,32.79166667,130.7766667
2016/5/5,5:12:37,三重県中部,34°21.8′N,136°07.3′E,8 km,3.2,震度１,34.36333333,136.1216667
2016/5/5,5:27:38,有明海,32°44.0′N,130°36.0′E,13 km,2.5,震度１,32.73333333,130.6
2016/5/5,6:32:32,熊本県熊本地方,32°48.0′N,130°43.2′E,5 km,1.8,震度１,32.8,130.72
2016/5/5,7:28:29,熊本県熊本地方,32°24.8′N,130°34.7′E,10 km,2.6,震度１,32.41333333,130.5783333
2016/5/5,8:51:53,茨城県南部,36°01.8′N,139°54.5′E,43 km,3.5,震度２,36.03,139.9083333
2016/5/5,10:17:33,熊本県熊本地方,32°38.5′N,130°41.9′E,5 km,1.8,震度１,32.64166667,130.6983333
2016/5/5,10:31:30,熊本県阿蘇地方,33°00.0′N,131°08.0′E,11 km,4.6,震度４,33,131.1333333
2016/5/5,10:33:09,熊本県阿蘇地方,33°00.1′N,131°08.0′E,11 km,2.9,震度２,33.00166667,131.1333333
2016/5/5,10:37:07,熊本県熊本地方,32°35.3′N,130°44.6′E,6 km,2.3,震度１,32.58833333,130.7433333
2016/5/5,10:40:13,熊本県阿蘇地方,32°59.5′N,131°07.3′E,11 km,4.9,震度４,32.99166667,131.1216667
2016/5/5,10:41:52,熊本県阿蘇地方,32°59.9′N,131°07.7′E,10 km,2.7,震度１,32.99833333,131.1283333
2016/5/5,10:43:27,熊本県阿蘇地方,32°59.6′N,131°07.4′E,11 km,2.3,震度１,32.99333333,131.1233333
2016/5/5,10:48:02,熊本県阿蘇地方,33°00.2′N,131°08.2′E,10 km,3.3,震度２,33.00333333,131.1366667
2016/5/5,10:48:55,熊本県阿蘇地方,32°59.6′N,131°07.7′E,11 km,2.8,震度２,32.99333333,131.1283333
2016/5/5,10:52:04,熊本県熊本地方,32°47.7′N,130°42.5′E,5 km,1.2,震度１,32.795,130.7083333
2016/5/5,10:53:38,熊本県熊本地方,32°35.3′N,130°44.6′E,7 km,2.5,震度１,32.58833333,130.7433333
2016/5/5,11:00:20,熊本県阿蘇地方,32°58.7′N,131°06.4′E,11 km,2.3,震度１,32.97833333,131.1066667
2016/5/5,11:09:03,熊本県阿蘇地方,32°59.7′N,131°07.6′E,10 km,2.3,震度１,32.995,131.1266667
2016/5/5,11:22:49,熊本県阿蘇地方,32°59.9′N,131°07.6′E,10 km,2.8,震度２,32.99833333,131.1266667
2016/5/5,11:33:18,熊本県阿蘇地方,32°59.9′N,131°08.2′E,11 km,2.7,震度１,32.99833333,131.1366667
2016/5/5,11:47:43,熊本県阿蘇地方,32°59.8′N,131°07.9′E,10 km,2.4,震度１,32.99666667,131.1316667
2016/5/5,11:55:51,熊本県熊本地方,32°45.7′N,130°40.8′E,11 km,2.5,震度２,32.76166667,130.68
2016/5/5,12:14:26,熊本県阿蘇地方,32°59.2′N,131°06.5′E,10 km,2.4,震度１,32.98666667,131.1083333
2016/5/5,12:33:45,熊本県熊本地方,32°42.0′N,130°42.8′E,13 km,2.3,震度１,32.7,130.7133333
2016/5/5,12:43:18,熊本県阿蘇地方,32°59.9′N,131°08.1′E,11 km,2.7,震度１,32.99833333,131.135
2016/5/5,13:03:34,長野県北部,36°44.6′N,138°31.8′E,0 km,2.2,震度１,36.74333333,138.53
2016/5/5,14:10:34,熊本県阿蘇地方,33°00.1′N,131°08.0′E,10 km,2.5,震度１,33.00166667,131.1333333
2016/5/5,14:27:45,熊本県阿蘇地方,32°59.0′N,131°06.6′E,11 km,2.2,震度１,32.98333333,131.11
2016/5/5,14:59:49,熊本県熊本地方,32°51.9′N,130°50.9′E,11 km,2.1,震度１,32.865,130.8483333
2016/5/5,15:05:21,熊本県熊本地方,32°38.7′N,130°43.5′E,11 km,2.9,震度２,32.645,130.725
2016/5/5,15:20:01,熊本県阿蘇地方,32°59.2′N,131°06.8′E,11 km,3.4,震度３,32.98666667,131.1133333
2016/5/5,15:34:31,熊本県熊本地方,32°43.9′N,130°40.9′E,10 km,2.4,震度２,32.73166667,130.6816667
2016/5/5,16:19:51,熊本県熊本地方,32°47.5′N,130°50.8′E,1 km,2.2,震度２,32.79166667,130.8466667
2016/5/5,16:42:44,熊本県熊本地方,32°42.8′N,130°46.5′E,8 km,2.4,震度１,32.71333333,130.775
2016/5/5,17:13:17,熊本県熊本地方,32°41.7′N,130°43.9′E,12 km,3.3,震度３,32.695,130.7316667
2016/5/5,18:05:21,宮城県沖,38°51.4′N,142°02.8′E,45 km,3.6,震度１,38.85666667,142.0466667
2016/5/5,18:15:00,熊本県熊本地方,32°38.2′N,130°42.0′E,6 km,1.8,震度１,32.63666667,130.7
2016/5/5,18:19:04,熊本県阿蘇地方,32°59.1′N,131°06.7′E,11 km,2.7,震度１,32.985,131.1116667
2016/5/5,19:33:20,熊本県熊本地方,32°43.2′N,130°39.9′E,13 km,2.1,震度１,32.72,130.665
2016/5/5,19:35:14,山梨県東部・富士五湖,35°29.7′N,138°58.3′E,22 km,2.8,震度１,35.495,138.9716667
2016/5/5,19:46:38,熊本県阿蘇地方,32°59.1′N,131°06.5′E,11 km,3.9,震度４,32.985,131.1083333
2016/5/5,20:01:07,熊本県熊本地方,32°48.2′N,130°41.0′E,8 km,1.6,震度１,32.80333333,130.6833333
2016/5/5,20:01:50,熊本県熊本地方,32°48.5′N,130°41.2′E,7 km,1.5,震度１,32.80833333,130.6866667
2016/5/6,0:52:40,熊本県熊本地方,32°49.8′N,130°49.9′E,9 km,2.9,震度２,32.83,130.8316667
2016/5/6,1:08:34,熊本県熊本地方,32°49.8′N,130°49.9′E,9 km,2.4,震度１,32.83,130.8316667
2016/5/6,2:03:21,熊本県熊本地方,32°42.3′N,130°44.3′E,10 km,3.2,震度２,32.705,130.7383333
2016/5/6,3:15:53,熊本県阿蘇地方,32°59.5′N,131°06.7′E,7 km,2.2,震度１,32.99166667,131.1116667
2016/5/6,7:27:33,熊本県熊本地方,32°49.8′N,130°49.9′E,9 km,3.5,震度３,32.83,130.8316667
2016/5/6,8:11:46,熊本県熊本地方,32°51.5′N,130°49.9′E,14 km,2,震度１,32.85833333,130.8316667
2016/5/6,9:31:36,熊本県熊本地方,32°46.7′N,130°45.7′E,5 km,1.8,震度１,32.77833333,130.7616667
2016/5/6,10:33:23,熊本県熊本地方,32°41.8′N,130°45.2′E,10 km,2.3,震度１,32.69666667,130.7533333
2016/5/6,13:09:42,熊本県熊本地方,32°41.9′N,130°38.4′E,11 km,3,震度２,32.69833333,130.64
2016/5/6,13:10:52,熊本県熊本地方,32°42.1′N,130°41.5′E,9 km,2.6,震度１,32.70166667,130.6916667
2016/5/6,13:15:58,熊本県阿蘇地方,32°59.7′N,131°07.5′E,10 km,2.9,震度２,32.995,131.125
2016/5/6,14:11:19,薩摩半島西方沖,31°05.6′N,129°01.7′E,11 km,5,震度２,31.09333333,129.0283333
2016/5/6,15:50:58,熊本県熊本地方,32°46.0′N,130°43.0′E,9 km,2.3,震度２,32.76666667,130.7166667
2016/5/6,16:18:44,熊本県熊本地方,32°37.8′N,130°40.9′E,9 km,3.8,震度３,32.63,130.6816667
2016/5/6,16:37:43,熊本県熊本地方,32°38.2′N,130°40.7′E,8 km,2.5,震度１,32.63666667,130.6783333
2016/5/6,16:45:18,熊本県熊本地方,32°37.7′N,130°38.3′E,10 km,3.4,震度２,32.62833333,130.6383333
2016/5/6,17:03:27,熊本県熊本地方,32°41.0′N,130°42.7′E,10 km,2.5,震度１,32.68333333,130.7116667
2016/5/6,17:46:32,熊本県熊本地方,32°37.8′N,130°40.9′E,9 km,2.5,震度１,32.63,130.6816667
2016/5/6,18:21:34,熊本県熊本地方,32°41.0′N,130°42.3′E,10 km,3.5,震度３,32.68333333,130.705
2016/5/6,18:24:56,北海道南西沖,42°48.1′N,139°28.0′E,30 km,2.8,震度１,42.80166667,139.4666667
2016/5/6,19:35:28,熊本県熊本地方,32°37.8′N,130°41.0′E,7 km,3,震度２,32.63,130.6833333
2016/5/6,19:42:09,熊本県熊本地方,32°52.0′N,130°51.4′E,12 km,2.1,震度１,32.86666667,130.8566667
2016/5/6,19:56:01,熊本県熊本地方,32°36.7′N,130°42.5′E,6 km,2.7,震度３,32.61166667,130.7083333
2016/5/6,20:27:33,熊本県熊本地方,32°36.8′N,130°42.5′E,5 km,2.1,震度１,32.61333333,130.7083333
2016/5/6,20:48:19,熊本県熊本地方,32°48.1′N,130°37.4′E,6 km,2,震度１,32.80166667,130.6233333
2016/5/6,20:56:31,熊本県熊本地方,32°34.8′N,130°40.9′E,3 km,1.3,震度１,32.58,130.6816667
2016/5/6,21:33:58,熊本県阿蘇地方,32°59.1′N,131°06.5′E,10 km,2.2,震度１,32.985,131.1083333
2016/5/6,21:59:00,秋田県内陸南部,39°28.7′N,140°24.8′E,10 km,2.3,震度１,39.47833333,140.4133333
2016/5/6,23:25:29,熊本県熊本地方,32°37.7′N,130°41.0′E,7 km,1.9,震度１,32.62833333,130.6833333
2016/5/7,1:05:42,熊本県熊本地方,32°37.5′N,130°41.2′E,8 km,2.7,震度３,32.625,130.6866667
2016/5/7,2:32:07,熊本県熊本地方,32°37.1′N,130°41.9′E,10 km,3.1,震度２,32.61833333,130.6983333
2016/5/7,4:23:33,熊本県熊本地方,32°40.1′N,130°43.6′E,12 km,2.4,震度１,32.66833333,130.7266667
2016/5/7,4:31:34,熊本県阿蘇地方,33°01.0′N,131°06.0′E,9 km,2.7,震度１,33.01666667,131.1
2016/5/7,4:59:50,熊本県熊本地方,32°50.9′N,130°53.2′E,7 km,2.3,震度１,32.84833333,130.8866667
2016/5/7,6:37:31,栃木県北部,36°37.1′N,139°29.1′E,5 km,3.3,震度２,36.61833333,139.485
2016/5/7,10:43:48,熊本県阿蘇地方,33°02.3′N,131°13.7′E,6 km,2,震度１,33.03833333,131.2283333
2016/5/7,11:31:02,熊本県阿蘇地方,32°59.1′N,131°04.0′E,9 km,3.5,震度３,32.985,131.0666667
2016/5/7,12:06:45,熊本県阿蘇地方,32°59.2′N,131°04.1′E,9 km,2.4,震度１,32.98666667,131.0683333
2016/5/7,12:51:25,和歌山県北部,34°06.3′N,135°09.3′E,4 km,2.4,震度２,34.105,135.155
2016/5/7,14:30:01,熊本県熊本地方,32°39.3′N,130°37.7′E,9 km,2,震度１,32.655,130.6283333
2016/5/7,14:42:09,薩摩半島西方沖,31°05.7′N,128°59.5′E,7 km,5.5,震度２,31.095,128.9916667
2016/5/7,14:48:19,薩摩半島西方沖,31°04.5′N,129°02.3′E,19 km,4.7,震度２,31.075,129.0383333
2016/5/7,15:07:06,熊本県熊本地方,32°33.7′N,130°40.1′E,7 km,3.1,震度２,32.56166667,130.6683333
2016/5/7,15:52:46,宮城県沖,38°18.3′N,141°52.2′E,46 km,4,震度２,38.305,141.87
2016/5/7,16:35:59,熊本県熊本地方,32°48.4′N,130°42.7′E,6 km,2.6,震度２,32.80666667,130.7116667
2016/5/7,17:08:07,熊本県熊本地方,32°32.7′N,130°40.1′E,7 km,3.1,震度２,32.545,130.6683333
2016/5/7,17:09:19,薩摩半島西方沖,31°03.3′N,129°00.6′E,19 km,4.6,震度２,31.055,129.01
2016/5/7,17:23:34,熊本県熊本地方,32°46.2′N,130°44.4′E,7 km,2.1,震度１,32.77,130.74
2016/5/7,17:54:50,熊本県熊本地方,32°47.0′N,130°45.8′E,7 km,1.9,震度１,32.78333333,130.7633333
2016/5/7,17:59:27,熊本県熊本地方,32°51.9′N,130°51.1′E,12 km,2.1,震度１,32.865,130.8516667
2016/5/7,18:03:02,熊本県熊本地方,32°47.7′N,130°43.0′E,7 km,1.3,震度１,32.795,130.7166667
2016/5/7,18:16:02,薩摩半島西方沖,31°03.8′N,129°00.9′E,13 km,4.7,震度２,31.06333333,129.015
2016/5/7,19:19:04,熊本県熊本地方,32°40.2′N,130°43.4′E,12 km,2.6,震度１,32.67,130.7233333
2016/5/7,21:42:07,熊本県阿蘇地方,32°57.9′N,131°05.3′E,7 km,2.3,震度１,32.965,131.0883333
2016/5/7,22:43:06,熊本県熊本地方,32°48.3′N,130°42.5′E,8 km,1.6,震度１,32.805,130.7083333
2016/5/7,22:46:14,熊本県熊本地方,32°44.8′N,130°38.0′E,12 km,2.8,震度２,32.74666667,130.6333333
2016/5/7,23:10:47,熊本県熊本地方,32°47.6′N,130°53.1′E,16 km,3.3,震度２,32.79333333,130.885
2016/5/8,0:14:12,熊本県阿蘇地方,33°00.7′N,131°05.7′E,9 km,2,震度１,33.01166667,131.095
2016/5/8,1:05:11,熊本県熊本地方,32°47.9′N,130°43.0′E,5 km,1.9,震度１,32.79833333,130.7166667
2016/5/8,1:56:37,熊本県熊本地方,32°48.5′N,130°43.0′E,7 km,1.6,震度１,32.80833333,130.7166667
2016/5/8,3:00:38,熊本県阿蘇地方,32°56.9′N,131°02.6′E,8 km,2.5,震度１,32.94833333,131.0433333
2016/5/8,3:22:37,熊本県熊本地方,32°42.2′N,130°45.3′E,10 km,2.2,震度１,32.70333333,130.755
2016/5/8,3:57:19,熊本県天草・芦北地方,32°38.7′N,130°39.8′E,9 km,2.7,震度２,32.645,130.6633333
2016/5/8,4:20:24,熊本県熊本地方,32°39.6′N,130°41.3′E,9 km,2.2,震度１,32.66,130.6883333
2016/5/8,5:34:42,熊本県熊本地方,32°38.5′N,130°41.3′E,13 km,3.1,震度２,32.64166667,130.6883333
2016/5/8,5:37:12,薩摩半島西方沖,31°05.0′N,129°02.9′E,13 km,4.1,震度１,31.08333333,129.0483333
2016/5/8,5:50:45,熊本県熊本地方,32°42.2′N,130°45.3′E,10 km,3,震度２,32.70333333,130.755
2016/5/8,6:58:50,薩摩半島西方沖,31°04.9′N,129°03.4′E,11 km,4.2,震度１,31.08166667,129.0566667
2016/5/8,7:21:09,熊本県熊本地方,32°48.6′N,130°42.7′E,6 km,1.7,震度１,32.81,130.7116667
2016/5/8,7:25:53,熊本県熊本地方,32°35.4′N,130°39.5′E,12 km,2.6,震度１,32.59,130.6583333
2016/5/8,8:49:56,福島県中通り,37°01.5′N,140°34.5′E,9 km,2.9,震度１,37.025,140.575
2016/5/8,8:50:36,熊本県熊本地方,32°39.4′N,130°43.4′E,7 km,2.6,震度２,32.65666667,130.7233333
2016/5/8,9:36:52,熊本県熊本地方,32°37.4′N,130°42.1′E,6 km,2,震度１,32.62333333,130.7016667
2016/5/8,9:47:19,熊本県阿蘇地方,33°02.3′N,131°13.8′E,2 km,2,震度１,33.03833333,131.23
2016/5/8,10:29:12,熊本県阿蘇地方,32°58.5′N,131°03.8′E,8 km,2.9,震度１,32.975,131.0633333
2016/5/8,10:47:28,熊本県阿蘇地方,32°58.3′N,131°04.5′E,9 km,2.8,震度２,32.97166667,131.075
2016/5/8,13:00:23,熊本県熊本地方,32°49.0′N,130°51.7′E,4 km,3.6,震度３,32.81666667,130.8616667
2016/5/8,14:59:48,熊本県熊本地方,32°45.7′N,130°43.0′E,9 km,1.4,震度１,32.76166667,130.7166667
2016/5/8,15:02:25,熊本県天草・芦北地方,32°37.0′N,130°39.8′E,11 km,2.8,震度２,32.61666667,130.6633333
2016/5/8,15:38:01,熊本県天草・芦北地方,32°37.0′N,130°39.5′E,10 km,2.5,震度１,32.61666667,130.6583333
2016/5/8,16:58:49,釧路沖,43°08.5′N,145°16.3′E,86 km,3.8,震度１,43.14166667,145.2716667
2016/5/8,17:54:58,熊本県熊本地方,32°35.3′N,130°41.2′E,3 km,2.2,震度１,32.58833333,130.6866667
2016/5/8,17:56:05,熊本県熊本地方,32°46.1′N,130°46.3′E,7 km,2,震度１,32.76833333,130.7716667
2016/5/8,18:06:50,熊本県熊本地方,32°48.3′N,130°41.6′E,6 km,3,震度２,32.805,130.6933333
2016/5/8,18:11:22,熊本県熊本地方,32°26.0′N,130°37.6′E,5 km,2.1,震度１,32.43333333,130.6266667
2016/5/8,19:55:49,熊本県熊本地方,32°52.5′N,130°53.2′E,9 km,2.4,震度１,32.875,130.8866667
2016/5/8,20:16:08,熊本県阿蘇地方,33°00.8′N,131°05.8′E,9 km,2.1,震度１,33.01333333,131.0966667
2016/5/8,20:34:26,熊本県熊本地方,32°43.2′N,130°46.1′E,9 km,1.9,震度１,32.72,130.7683333
2016/5/8,20:36:06,熊本県熊本地方,32°41.7′N,130°43.1′E,10 km,2.3,震度１,32.695,130.7183333
2016/5/8,21:16:03,熊本県熊本地方,32°48.2′N,130°41.7′E,8 km,1.6,震度１,32.80333333,130.695
2016/5/8,21:50:05,熊本県熊本地方,32°49.0′N,130°46.8′E,4 km,2.6,震度１,32.81666667,130.78
2016/5/8,22:08:20,熊本県熊本地方,32°35.5′N,130°40.4′E,4 km,2.3,震度１,32.59166667,130.6733333
2016/5/8,22:08:21,熊本県阿蘇地方,32°52.5′N,131°01.6′E,7 km,2.3,震度２,32.875,131.0266667
2016/5/8,23:31:11,熊本県熊本地方,32°42.0′N,130°42.7′E,13 km,2.4,震度１,32.7,130.7116667
2016/5/9,0:00:10,熊本県熊本地方,32°32.7′N,130°42.7′E,5 km,2.3,震度１,32.545,130.7116667
2016/5/9,0:08:03,熊本県熊本地方,32°43.6′N,130°42.0′E,13 km,1.8,震度１,32.72666667,130.7
2016/5/9,1:39:10,熊本県熊本地方,32°42.4′N,130°43.5′E,18 km,2.9,震度１,32.70666667,130.725
2016/5/9,1:58:50,熊本県熊本地方,32°42.1′N,130°42.8′E,13 km,2.2,震度１,32.70166667,130.7133333
2016/5/9,3:48:32,熊本県熊本地方,32°49.0′N,130°41.6′E,7 km,2.2,震度１,32.81666667,130.6933333
2016/5/9,5:00:54,熊本県熊本地方,32°38.4′N,130°40.5′E,11 km,3.6,震度３,32.64,130.675
2016/5/9,5:36:11,熊本県熊本地方,32°47.6′N,130°41.0′E,8 km,3.3,震度２,32.79333333,130.6833333
2016/5/9,5:49:24,熊本県熊本地方,32°48.3′N,130°42.6′E,6 km,2.4,震度２,32.805,130.71
2016/5/9,5:51:28,熊本県熊本地方,32°47.6′N,130°40.7′E,8 km,2.2,震度１,32.79333333,130.6783333
2016/5/9,5:57:35,熊本県熊本地方,32°47.8′N,130°40.9′E,8 km,2.2,震度１,32.79666667,130.6816667
2016/5/9,6:57:49,熊本県熊本地方,32°47.8′N,130°41.1′E,8 km,1.8,震度１,32.79666667,130.685
2016/5/9,7:10:45,熊本県熊本地方,32°48.2′N,130°42.8′E,5 km,1.8,震度１,32.80333333,130.7133333
2016/5/9,7:11:40,熊本県熊本地方,32°48.3′N,130°42.7′E,6 km,1.7,震度１,32.805,130.7116667
2016/5/9,8:21:41,熊本県熊本地方,32°42.1′N,130°39.4′E,13 km,2.6,震度２,32.70166667,130.6566667
2016/5/9,11:33:04,西表島付近,24°15.0′N,123°49.3′E,15 km,2.6,震度１,24.25,123.8216667
2016/5/9,14:21:38,熊本県熊本地方,32°45.2′N,130°47.1′E,9 km,2.1,震度１,32.75333333,130.785
2016/5/9,14:36:38,熊本県熊本地方,32°40.7′N,130°42.5′E,11 km,3.4,震度３,32.67833333,130.7083333
2016/5/9,15:16:30,熊本県熊本地方,32°48.5′N,130°39.0′E,4 km,1.7,震度１,32.80833333,130.65
2016/5/9,17:04:02,熊本県熊本地方,32°38.4′N,130°42.9′E,9 km,2.4,震度１,32.64,130.715
2016/5/9,17:18:32,宮城県沖,38°19.0′N,141°50.4′E,47 km,4.2,震度２,38.31666667,141.84
2016/5/9,19:32:29,熊本県阿蘇地方,33°02.1′N,131°11.2′E,7 km,2.3,震度１,33.035,131.1866667
2016/5/9,19:46:57,熊本県熊本地方,32°31.1′N,130°35.2′E,8 km,2.3,震度１,32.51833333,130.5866667
2016/5/9,19:53:40,熊本県熊本地方,32°37.3′N,130°43.0′E,4 km,1.7,震度１,32.62166667,130.7166667
2016/5/9,19:55:22,有明海,32°50.1′N,130°34.3′E,6 km,2.1,震度１,32.835,130.5716667
2016/5/9,20:55:27,熊本県熊本地方,32°48.1′N,130°41.9′E,7 km,3.5,震度３,32.80166667,130.6983333
2016/5/9,20:59:54,熊本県阿蘇地方,33°00.2′N,131°08.6′E,12 km,2.5,震度１,33.00333333,131.1433333
2016/5/9,21:05:24,熊本県熊本地方,32°32.7′N,130°42.5′E,4 km,2.3,震度１,32.545,130.7083333
2016/5/9,22:02:21,熊本県熊本地方,32°41.8′N,130°42.8′E,11 km,2.2,震度１,32.69666667,130.7133333
2016/5/10,0:11:16,長崎県南西部,32°41.5′N,129°54.3′E,13 km,2.8,震度１,32.69166667,129.905
2016/5/10,0:55:56,宮城県沖,38°18.9′N,141°50.3′E,47 km,3.5,震度１,38.315,141.8383333
2016/5/10,1:04:24,熊本県熊本地方,32°32.7′N,130°42.2′E,5 km,2.3,震度１,32.545,130.7033333
2016/5/10,1:09:16,熊本県熊本地方,32°34.2′N,130°44.4′E,3 km,3,震度２,32.57,130.74
2016/5/10,2:33:38,熊本県熊本地方,32°32.9′N,130°42.4′E,4 km,2.6,震度２,32.54833333,130.7066667
2016/5/10,4:41:17,熊本県天草・芦北地方,32°18.1′N,130°26.0′E,8 km,3.8,震度２,32.30166667,130.4333333
2016/5/10,5:06:03,熊本県天草・芦北地方,32°18.2′N,130°26.4′E,7 km,3.4,震度３,32.30333333,130.44
2016/5/10,5:06:56,熊本県天草・芦北地方,32°18.0′N,130°26.0′E,0 km,3.2,震度２,32.3,130.4333333
2016/5/10,6:25:28,熊本県熊本地方,32°45.7′N,130°43.1′E,7 km,1.8,震度１,32.76166667,130.7183333
2016/5/10,8:21:51,薩摩半島西方沖,31°01.9′N,129°05.1′E,6 km,4.3,震度１,31.03166667,129.085
2016/5/10,8:28:36,熊本県熊本地方,32°43.2′N,130°41.5′E,11 km,2,震度１,32.72,130.6916667
2016/5/10,13:41:20,熊本県熊本地方,32°40.3′N,130°39.6′E,10 km,3.3,震度３,32.67166667,130.66
2016/5/10,14:40:48,熊本県熊本地方,32°40.4′N,130°39.6′E,9 km,3,震度３,32.67333333,130.66
2016/5/10,16:07:23,熊本県熊本地方,32°38.1′N,130°41.4′E,7 km,2.3,震度１,32.635,130.69
2016/5/10,16:12:06,熊本県熊本地方,32°43.9′N,130°41.5′E,9 km,2.2,震度２,32.73166667,130.6916667
2016/5/10,19:20:08,熊本県天草・芦北地方,32°18.4′N,130°26.3′E,3 km,2.9,震度２,32.30666667,130.4383333
2016/5/10,21:26:21,宮古島近海,24°16.6′N,125°13.3′E,38 km,3.6,震度１,24.27666667,125.2216667
2016/5/10,22:23:17,熊本県熊本地方,32°40.4′N,130°39.9′E,10 km,2.2,震度１,32.67333333,130.665
2016/5/10,23:50:34,熊本県熊本地方,32°40.3′N,130°39.6′E,9 km,2.2,震度１,32.67166667,130.66
2016/5/11,0:33:01,熊本県熊本地方,32°51.9′N,130°52.8′E,12 km,2.8,震度２,32.865,130.88
2016/5/11,3:34:55,熊本県阿蘇地方,32°58.4′N,131°07.2′E,11 km,2.1,震度１,32.97333333,131.12
2016/5/11,5:49:51,熊本県熊本地方,32°32.3′N,130°38.4′E,7 km,2.8,震度１,32.53833333,130.64
2016/5/11,7:10:58,熊本県熊本地方,32°50.9′N,130°48.5′E,14 km,2,震度１,32.84833333,130.8083333
2016/5/11,9:15:37,有明海,32°45.1′N,130°32.1′E,9 km,3,震度１,32.75166667,130.535
2016/5/11,11:07:56,熊本県熊本地方,32°51.5′N,130°52.4′E,6 km,1.5,震度１,32.85833333,130.8733333
2016/5/11,11:27:17,熊本県阿蘇地方,33°00.9′N,131°09.7′E,7 km,2.6,震度１,33.015,131.1616667
2016/5/11,11:27:28,熊本県熊本地方,32°42.1′N,130°42.6′E,12 km,2.4,震度１,32.70166667,130.71
2016/5/11,11:44:11,熊本県阿蘇地方,33°01.1′N,131°09.9′E,6 km,2.3,震度１,33.01833333,131.165
2016/5/11,13:47:54,福島県沖,37°18.0′N,141°12.4′E,36 km,3.6,震度１,37.3,141.2066667
2016/5/11,14:30:59,熊本県阿蘇地方,32°55.4′N,131°02.2′E,6 km,2,震度１,32.92333333,131.0366667
2016/5/11,14:59:02,茨城県沖,36°39.3′N,141°26.3′E,47 km,4.2,震度１,36.655,141.4383333
2016/5/11,15:52:51,熊本県熊本地方,32°47.8′N,130°41.0′E,8 km,2.6,震度２,32.79666667,130.6833333
2016/5/11,18:33:25,熊本県阿蘇地方,32°59.7′N,131°07.7′E,11 km,2.6,震度１,32.995,131.1283333
2016/5/11,18:43:17,熊本県熊本地方,32°42.6′N,130°41.8′E,10 km,2.7,震度１,32.71,130.6966667
2016/5/11,21:24:27,熊本県熊本地方,32°33.1′N,130°39.5′E,7 km,3,震度１,32.55166667,130.6583333
2016/5/11,21:29:31,熊本県阿蘇地方,33°01.2′N,131°02.4′E,11 km,3.1,震度２,33.02,131.04
2016/5/11,22:43:47,熊本県熊本地方,32°23.3′N,130°32.1′E,11 km,3.8,震度３,32.38833333,130.535
2016/5/12,3:09:51,熊本県阿蘇地方,32°59.7′N,131°07.8′E,11 km,2.5,震度１,32.995,131.13
2016/5/12,3:21:01,熊本県阿蘇地方,32°58.8′N,131°06.6′E,9 km,2.7,震度１,32.98,131.11
2016/5/12,3:41:02,熊本県熊本地方,32°46.2′N,130°46.3′E,11 km,2.8,震度１,32.77,130.7716667
2016/5/12,5:19:58,熊本県熊本地方,32°47.8′N,130°40.1′E,3 km,1.7,震度１,32.79666667,130.6683333
2016/5/12,5:38:51,有明海,32°48.3′N,130°32.4′E,14 km,3.6,震度２,32.805,130.54
2016/5/12,7:14:17,熊本県熊本地方,32°40.3′N,130°39.5′E,10 km,2.8,震度２,32.67166667,130.6583333
2016/5/12,7:15:04,熊本県熊本地方,32°29.1′N,130°35.9′E,5 km,2.6,震度１,32.485,130.5983333
2016/5/12,12:17:15,台湾付近,24°39.5′N,121°55.4′E,37 km,6.5,震度２,24.65833333,121.9233333
2016/5/12,13:29:18,熊本県熊本地方,32°28.8′N,130°36.0′E,6 km,2.8,震度２,32.48,130.6
2016/5/12,13:29:57,台湾付近,24°41.8′N,121°59.8′E,31 km,6.4,震度３,24.69666667,121.9966667
2016/5/12,14:00:06,西表島付近,24°15.1′N,123°49.0′E,16 km,3.1,震度１,24.25166667,123.8166667
2016/5/12,14:28:51,熊本県熊本地方,32°49.0′N,130°41.5′E,7 km,2.2,震度１,32.81666667,130.6916667
2016/5/12,15:32:30,根室半島南東沖,43°12.2′N,146°39.1′E,67 km,5,震度３,43.20333333,146.6516667
2016/5/12,16:32:57,岩手県沖,40°22.5′N,142°15.5′E,40 km,3.7,震度１,40.375,142.2583333
2016/5/12,17:04:26,熊本県熊本地方,32°41.8′N,130°39.9′E,13 km,4.1,震度４,32.69666667,130.665
2016/5/12,17:27:53,熊本県熊本地方,32°42.0′N,130°40.1′E,13 km,2.5,震度２,32.7,130.6683333
2016/5/12,19:52:21,熊本県天草・芦北地方,32°30.8′N,130°33.1′E,6 km,2.7,震度１,32.51333333,130.5516667
2016/5/12,20:16:19,熊本県阿蘇地方,33°02.3′N,131°11.9′E,5 km,2.4,震度１,33.03833333,131.1983333
2016/5/12,20:20:28,熊本県阿蘇地方,33°02.0′N,131°12.1′E,6 km,3,震度２,33.03333333,131.2016667
2016/5/12,21:01:39,熊本県熊本地方,32°38.8′N,130°42.3′E,7 km,2.4,震度１,32.64666667,130.705
2016/5/12,21:12:08,薩摩半島西方沖,31°02.4′N,129°00.7′E,15 km,4.4,震度１,31.04,129.0116667
2016/5/12,22:56:55,熊本県熊本地方,32°35.3′N,130°41.3′E,4 km,2.9,震度３,32.58833333,130.6883333
2016/5/13,1:03:18,熊本県熊本地方,32°42.3′N,130°40.0′E,13 km,4.1,震度４,32.705,130.6666667
2016/5/13,2:25:30,熊本県熊本地方,32°41.1′N,130°41.5′E,11 km,2.6,震度２,32.685,130.6916667
2016/5/13,2:43:39,福島県沖,37°35.7′N,141°53.1′E,37 km,4.5,震度２,37.595,141.885
2016/5/13,4:04:07,宮古島近海,24°17.3′N,125°12.9′E,41 km,3.8,震度１,24.28833333,125.215
2016/5/13,4:26:12,熊本県熊本地方,32°50.4′N,130°47.9′E,15 km,3,震度２,32.84,130.7983333
2016/5/13,4:50:23,熊本県阿蘇地方,32°59.7′N,131°07.9′E,11 km,2.7,震度１,32.995,131.1316667
2016/5/13,6:26:43,熊本県熊本地方,32°42.9′N,130°41.4′E,12 km,2,震度１,32.715,130.69
2016/5/13,7:28:16,薩摩半島西方沖,31°01.7′N,129°00.3′E,8 km,4.6,震度２,31.02833333,129.005
2016/5/13,7:35:19,薩摩半島西方沖,30°59.2′N,129°08.4′E,15 km,4.2,震度２,30.98666667,129.14
2016/5/13,7:36:06,熊本県熊本地方,32°39.3′N,130°39.9′E,7 km,2.3,震度２,32.655,130.665
2016/5/13,8:07:15,熊本県熊本地方,32°41.9′N,130°39.9′E,13 km,2.1,震度１,32.69833333,130.665
2016/5/13,9:40:14,熊本県熊本地方,32°50.2′N,130°50.7′E,10 km,2.4,震度１,32.83666667,130.845
2016/5/13,10:16:08,熊本県阿蘇地方,33°00.3′N,131°13.8′E,11 km,2.9,震度１,33.005,131.23
2016/5/13,13:05:35,熊本県熊本地方,32°39.2′N,130°42.7′E,8 km,2.8,震度３,32.65333333,130.7116667
2016/5/13,17:15:24,熊本県熊本地方,32°43.6′N,130°41.8′E,13 km,2,震度１,32.72666667,130.6966667
2016/5/13,17:16:32,熊本県熊本地方,32°48.1′N,130°43.0′E,5 km,2.7,震度２,32.80166667,130.7166667
2016/5/13,17:24:12,台湾付近,24°35.7′N,121°55.4′E,56 km,5.5,震度２,24.595,121.9233333
2016/5/13,17:33:06,茨城県北部,36°15.7′N,140°28.6′E,52 km,3.2,震度１,36.26166667,140.4766667
2016/5/13,18:43:24,青森県三八上北地方,40°23.5′N,141°15.6′E,9 km,2,震度１,40.39166667,141.26
2016/5/13,18:49:15,熊本県熊本地方,32°40.4′N,130°39.6′E,9 km,2.8,震度２,32.67333333,130.66
2016/5/13,19:16:26,熊本県熊本地方,32°41.8′N,130°43.2′E,9 km,2.8,震度１,32.69666667,130.72
2016/5/13,19:52:20,熊本県熊本地方,32°50.2′N,130°48.4′E,13 km,2.5,震度１,32.83666667,130.8066667
2016/5/13,20:32:25,熊本県熊本地方,32°51.9′N,130°58.1′E,7 km,1.9,震度１,32.865,130.9683333
2016/5/13,20:43:17,和歌山県北部,34°02.0′N,135°12.9′E,5 km,1.9,震度１,34.03333333,135.215
2016/5/13,21:22:13,熊本県熊本地方,32°49.7′N,130°38.1′E,4 km,2.7,震度１,32.82833333,130.635
2016/5/13,22:19:15,宮古島近海,24°01.8′N,125°50.3′E,83 km,4.3,震度１,24.03,125.8383333
2016/5/13,22:51:58,熊本県天草・芦北地方,32°38.8′N,130°39.7′E,11 km,2.7,震度１,32.64666667,130.6616667
2016/5/13,22:59:46,長野県南部,35°53.8′N,138°08.1′E,5 km,2.5,震度１,35.89666667,138.135
2016/5/13,23:22:04,熊本県熊本地方,32°42.4′N,130°41.4′E,12 km,2.5,震度１,32.70666667,130.69
2016/5/14,0:04:13,熊本県熊本地方,32°38.0′N,130°41.8′E,5 km,3.1,震度３,32.63333333,130.6966667
2016/5/14,0:53:19,熊本県熊本地方,32°38.2′N,130°41.8′E,5 km,2.9,震度２,32.63666667,130.6966667
2016/5/14,1:24:54,熊本県熊本地方,32°38.4′N,130°41.7′E,6 km,2.1,震度１,32.64,130.695
2016/5/14,2:39:48,熊本県熊本地方,32°31.4′N,130°35.3′E,8 km,2.7,震度１,32.52333333,130.5883333
2016/5/14,3:15:36,熊本県熊本地方,32°42.2′N,130°40.1′E,13 km,2.4,震度１,32.70333333,130.6683333
2016/5/14,4:05:47,薩摩半島西方沖,31°01.2′N,129°00.1′E,10 km,5.1,震度２,31.02,129.0016667
2016/5/14,6:18:51,熊本県熊本地方,32°41.5′N,130°39.3′E,12 km,2.2,震度１,32.69166667,130.655
2016/5/14,8:08:57,熊本県熊本地方,32°52.0′N,130°51.8′E,11 km,2.2,震度１,32.86666667,130.8633333
2016/5/14,9:47:23,熊本県阿蘇地方,32°58.6′N,131°04.0′E,8 km,2.9,震度２,32.97666667,131.0666667
2016/5/14,10:11:33,熊本県熊本地方,32°44.4′N,130°41.9′E,13 km,2.4,震度１,32.74,130.6983333
2016/5/14,10:18:51,熊本県阿蘇地方,32°57.9′N,131°08.2′E,10 km,2.4,震度１,32.965,131.1366667
2016/5/14,12:49:41,与那国島近海,24°06.3′N,122°52.1′E,21 km,4.1,震度１,24.105,122.8683333
2016/5/14,13:26:23,有明海,32°48.9′N,130°31.9′E,13 km,3,震度１,32.815,130.5316667
2016/5/14,14:08:26,熊本県熊本地方,32°36.8′N,130°43.1′E,4 km,1.7,震度１,32.61333333,130.7183333
2016/5/14,15:21:29,熊本県熊本地方,32°37.5′N,130°38.6′E,10 km,2.4,震度１,32.625,130.6433333
2016/5/14,16:45:31,熊本県熊本地方,32°46.7′N,130°43.5′E,6 km,1.8,震度１,32.77833333,130.725
2016/5/14,17:25:56,熊本県阿蘇地方,32°57.0′N,131°03.8′E,7 km,2.7,震度２,32.95,131.0633333
2016/5/14,18:45:09,有明海,32°44.3′N,130°36.0′E,11 km,4,震度３,32.73833333,130.6
2016/5/14,19:23:13,熊本県熊本地方,32°47.9′N,130°40.2′E,0 km,1,震度１,32.79833333,130.67
2016/5/14,20:35:07,熊本県熊本地方,32°42.0′N,130°39.5′E,13 km,2.4,震度１,32.7,130.6583333
2016/5/14,21:07:05,有明海,32°44.3′N,130°36.1′E,11 km,2.9,震度２,32.73833333,130.6016667
2016/5/14,21:43:00,トカラ列島近海,29°09.3′N,129°12.9′E,11 km,2.2,震度１,29.155,129.215
2016/5/14,22:32:31,熊本県熊本地方,32°42.5′N,130°40.2′E,13 km,2.3,震度１,32.70833333,130.67
2016/5/14,22:46:19,熊本県熊本地方,32°41.0′N,130°43.9′E,14 km,3.6,震度３,32.68333333,130.7316667
2016/5/14,22:48:48,熊本県阿蘇地方,32°59.7′N,131°07.8′E,11 km,2.5,震度１,32.995,131.13
2016/5/15,1:18:06,熊本県熊本地方,32°42.2′N,130°40.1′E,13 km,2.1,震度１,32.70333333,130.6683333
2016/5/15,1:34:14,トカラ列島近海,29°33.9′N,129°39.7′E,12 km,2.9,震度２,29.565,129.6616667
2016/5/15,3:00:33,トカラ列島近海,29°33.6′N,129°40.2′E,12 km,2.4,震度１,29.56,129.67
2016/5/15,4:47:31,有明海,32°44.2′N,130°35.9′E,11 km,2.6,震度１,32.73666667,130.5983333
2016/5/15,4:48:40,熊本県熊本地方,32°37.3′N,130°38.8′E,6 km,1.9,震度１,32.62166667,130.6466667
2016/5/15,5:02:00,熊本県阿蘇地方,32°59.7′N,131°06.4′E,8 km,2.8,震度１,32.995,131.1066667
2016/5/15,5:55:01,熊本県阿蘇地方,32°58.6′N,131°04.3′E,9 km,2.6,震度１,32.97666667,131.0716667
2016/5/15,6:36:27,熊本県熊本地方,32°45.9′N,130°46.2′E,14 km,3.6,震度３,32.765,130.77
2016/5/15,7:41:17,熊本県熊本地方,32°40.3′N,130°39.3′E,10 km,2,震度１,32.67166667,130.655
2016/5/15,10:10:44,岩手県沖,39°16.2′N,142°09.8′E,54 km,4.6,震度３,39.27,142.1633333
2016/5/15,10:42:36,熊本県熊本地方,32°39.7′N,130°43.2′E,8 km,1.9,震度１,32.66166667,130.72
2016/5/15,12:56:51,薩摩半島西方沖,31°05.2′N,129°02.2′E,9 km,4.5,震度２,31.08666667,129.0366667
2016/5/15,13:38:42,宮城県沖,38°16.2′N,141°55.8′E,50 km,4,震度１,38.27,141.93
2016/5/15,13:58:22,有明海,32°44.3′N,130°36.2′E,11 km,2.3,震度１,32.73833333,130.6033333
2016/5/15,18:09:16,熊本県熊本地方,32°40.3′N,130°43.2′E,14 km,3.9,震度３,32.67166667,130.72
2016/5/15,18:44:49,熊本県熊本地方,32°39.2′N,130°40.2′E,10 km,3.2,震度２,32.65333333,130.67
2016/5/15,20:15:41,熊本県熊本地方,32°46.0′N,130°45.5′E,9 km,2.1,震度１,32.76666667,130.7583333
2016/5/15,20:46:54,熊本県熊本地方,32°32.3′N,130°38.5′E,7 km,2.9,震度１,32.53833333,130.6416667
2016/5/15,21:54:20,熊本県熊本地方,32°39.8′N,130°43.4′E,11 km,2.6,震度１,32.66333333,130.7233333
2016/5/15,22:23:48,茨城県北部,36°23.3′N,140°33.8′E,54 km,3,震度１,36.38833333,140.5633333
2016/5/15,22:50:11,熊本県熊本地方,32°41.9′N,130°43.3′E,11 km,2.3,震度１,32.69833333,130.7216667
2016/5/15,23:53:18,西表島付近,23°57.7′N,123°35.2′E,33 km,3.7,震度１,23.96166667,123.5866667
2016/5/16,0:31:29,大分県中部,33°17.6′N,131°30.0′E,8 km,2.7,震度１,33.29333333,131.5
2016/5/16,3:47:28,熊本県熊本地方,32°39.8′N,130°45.3′E,4 km,2.1,震度１,32.66333333,130.755
2016/5/16,8:15:06,熊本県熊本地方,32°37.3′N,130°41.0′E,6 km,2.1,震度１,32.62166667,130.6833333
2016/5/16,11:58:37,熊本県熊本地方,32°41.2′N,130°39.4′E,9 km,3.1,震度２,32.68666667,130.6566667
2016/5/16,12:11:44,茨城県北部,36°26.9′N,140°35.8′E,56 km,3.7,震度２,36.44833333,140.5966667
2016/5/16,13:13:46,熊本県熊本地方,32°38.2′N,130°40.3′E,10 km,2.7,震度１,32.63666667,130.6716667
2016/5/16,13:18:50,大分県中部,33°17.7′N,131°28.3′E,4 km,1.3,震度１,33.295,131.4716667
2016/5/16,13:24:28,有明海,32°44.3′N,130°36.7′E,14 km,2.9,震度１,32.73833333,130.6116667
2016/5/16,14:45:25,熊本県熊本地方,32°32.5′N,130°38.9′E,5 km,3.2,震度２,32.54166667,130.6483333
2016/5/16,16:00:08,熊本県熊本地方,32°46.5′N,130°40.0′E,6 km,1.5,震度１,32.775,130.6666667
2016/5/16,17:50:17,日向灘,31°43.7′N,131°54.0′E,24 km,4.8,震度３,31.72833333,131.9
2016/5/16,18:14:17,熊本県熊本地方,32°53.7′N,130°55.3′E,13 km,2.5,震度１,32.895,130.9216667
2016/5/16,18:30:18,岩手県沿岸北部,39°25.4′N,142°02.7′E,45 km,3.2,震度１,39.42333333,142.045
2016/5/16,20:42:25,宮城県沖,38°42.1′N,142°15.7′E,38 km,3.5,震度１,38.70166667,142.2616667
2016/5/16,20:57:34,熊本県熊本地方,32°37.7′N,130°41.3′E,5 km,2,震度１,32.62833333,130.6883333
2016/5/16,21:23:02,茨城県南部,36°02.0′N,139°53.2′E,42 km,5.5,震度５弱,36.03333333,139.8866667
2016/5/16,22:51:23,熊本県熊本地方,32°49.7′N,130°53.6′E,8 km,2.5,震度１,32.82833333,130.8933333
2016/5/17,0:58:27,熊本県熊本地方,32°35.5′N,130°40.5′E,10 km,3.4,震度２,32.59166667,130.675
2016/5/17,1:27:45,熊本県阿蘇地方,32°59.7′N,131°12.3′E,4 km,2.1,震度１,32.995,131.205
2016/5/17,3:15:47,有明海,32°44.3′N,130°36.5′E,14 km,3.2,震度２,32.73833333,130.6083333
2016/5/17,4:36:51,熊本県天草・芦北地方,32°13.4′N,130°23.9′E,1 km,1.4,震度１,32.22333333,130.3983333
2016/5/17,6:55:05,茨城県南部,36°01.8′N,139°54.1′E,41 km,3.9,震度３,36.03,139.9016667
2016/5/17,6:57:34,茨城県南部,36°01.8′N,139°54.2′E,41 km,4.1,震度３,36.03,139.9033333
2016/5/17,7:45:58,熊本県熊本地方,32°46.3′N,130°45.3′E,8 km,2.3,震度１,32.77166667,130.755
2016/5/17,8:32:37,熊本県熊本地方,32°42.9′N,130°43.7′E,18 km,2.7,震度１,32.715,130.7283333
2016/5/17,10:47:48,硫黄島近海,24°22.9′N,141°55.4′E,113 km,5,震度１,24.38166667,141.9233333
2016/5/17,11:13:44,熊本県熊本地方,32°39.3′N,130°40.0′E,10 km,2.6,震度２,32.655,130.6666667
2016/5/17,12:13:50,熊本県熊本地方,32°38.7′N,130°43.6′E,9 km,2.5,震度１,32.645,130.7266667
2016/5/17,17:42:08,熊本県熊本地方,32°38.3′N,130°42.9′E,11 km,2.4,震度１,32.63833333,130.715
2016/5/17,19:20:53,熊本県熊本地方,32°40.1′N,130°46.1′E,8 km,3.1,震度３,32.66833333,130.7683333
2016/5/17,19:31:56,熊本県熊本地方,32°37.4′N,130°42.9′E,4 km,1.7,震度１,32.62333333,130.715
2016/5/18,0:12:59,熊本県熊本地方,32°35.0′N,130°40.1′E,10 km,2.8,震度１,32.58333333,130.6683333
2016/5/18,0:38:06,熊本県熊本地方,32°34.9′N,130°40.3′E,10 km,3.6,震度３,32.58166667,130.6716667
2016/5/18,0:42:39,沖縄本島近海,27°26.6′N,128°40.3′E,42 km,3.9,震度２,27.44333333,128.6716667
2016/5/18,0:49:01,熊本県熊本地方,32°40.2′N,130°47.5′E,13 km,3.3,震度２,32.67,130.7916667
2016/5/18,2:37:32,熊本県熊本地方,32°35.2′N,130°40.3′E,9 km,2.4,震度１,32.58666667,130.6716667
2016/5/18,3:54:47,熊本県天草・芦北地方,32°37.7′N,130°39.8′E,11 km,2.5,震度１,32.62833333,130.6633333
2016/5/18,5:52:03,熊本県阿蘇地方,32°59.4′N,131°10.8′E,7 km,2.4,震度１,32.99,131.18
2016/5/18,10:06:28,有明海,32°44.1′N,130°35.9′E,13 km,3.5,震度２,32.735,130.5983333
2016/5/18,11:52:54,有明海,32°45.7′N,130°32.8′E,10 km,3.6,震度２,32.76166667,130.5466667
2016/5/18,15:16:36,熊本県熊本地方,32°37.3′N,130°43.6′E,5 km,1.9,震度１,32.62166667,130.7266667
2016/5/18,15:38:47,熊本県阿蘇地方,33°00.2′N,131°12.0′E,8 km,2.2,震度１,33.00333333,131.2
2016/5/18,17:12:35,熊本県熊本地方,32°41.4′N,130°43.1′E,9 km,3.1,震度２,32.69,130.7183333
2016/5/18,18:49:53,熊本県阿蘇地方,32°57.9′N,131°04.1′E,6 km,2.1,震度１,32.965,131.0683333
2016/5/18,19:09:58,福島県沖,37°05.6′N,141°08.2′E,51 km,3.7,震度２,37.09333333,141.1366667
2016/5/18,22:26:44,熊本県熊本地方,32°39.0′N,130°42.1′E,4 km,1.8,震度１,32.65,130.7016667
2016/5/18,22:33:36,福島県沖,37°19.4′N,141°49.4′E,41 km,4.4,震度１,37.32333333,141.8233333
2016/5/19,2:09:13,鳥取県中部,35°25.1′N,133°51.6′E,7 km,1.9,震度１,35.41833333,133.86
2016/5/19,2:37:44,熊本県熊本地方,32°49.8′N,130°48.8′E,16 km,3.9,震度２,32.83,130.8133333
2016/5/19,4:15:17,千葉県東方沖,35°26.1′N,140°27.1′E,55 km,3.2,震度１,35.435,140.4516667
2016/5/19,5:28:56,熊本県熊本地方,32°42.8′N,130°42.9′E,10 km,2.7,震度１,32.71333333,130.715
2016/5/19,7:00:15,茨城県沖,36°02.0′N,140°58.3′E,49 km,3.2,震度１,36.03333333,140.9716667
2016/5/19,8:31:48,有明海,32°45.9′N,130°32.8′E,11 km,3.4,震度２,32.765,130.5466667
2016/5/19,10:31:20,熊本県熊本地方,32°46.0′N,130°43.3′E,6 km,1.4,震度１,32.76666667,130.7216667
2016/5/19,15:09:36,熊本県熊本地方,32°45.7′N,130°42.4′E,12 km,2.5,震度１,32.76166667,130.7066667
2016/5/19,15:13:29,熊本県熊本地方,32°34.9′N,130°40.4′E,10 km,2.8,震度２,32.58166667,130.6733333
2016/5/19,15:24:53,熊本県熊本地方,33°02.0′N,130°31.0′E,8 km,2.6,震度１,33.03333333,130.5166667
2016/5/19,17:21:48,豊後水道,33°06.7′N,132°24.3′E,36 km,4,震度３,33.11166667,132.405
2016/5/19,18:35:05,熊本県熊本地方,32°38.2′N,130°42.9′E,9 km,2.6,震度１,32.63666667,130.715
2016/5/19,18:40:09,熊本県阿蘇地方,32°56.0′N,131°04.4′E,7 km,2.4,震度２,32.93333333,131.0733333
2016/5/19,20:22:04,山梨県東部・富士五湖,35°32.4′N,138°58.8′E,21 km,3.3,震度２,35.54,138.98
2016/5/19,20:50:10,沖縄本島北西沖,27°03.0′N,127°05.0′E,102 km,4.4,震度２,27.05,127.0833333
2016/5/19,20:56:09,熊本県熊本地方,32°40.8′N,130°41.8′E,10 km,2.9,震度２,32.68,130.6966667
2016/5/19,22:04:32,熊本県熊本地方,32°46.5′N,130°45.6′E,9 km,2.1,震度１,32.775,130.76
2016/5/20,0:07:20,熊本県熊本地方,32°29.6′N,130°34.9′E,8 km,3.3,震度２,32.49333333,130.5816667
2016/5/20,1:40:30,熊本県阿蘇地方,32°57.3′N,131°05.0′E,7 km,2.5,震度２,32.955,131.0833333
2016/5/20,2:41:07,熊本県阿蘇地方,32°57.5′N,131°05.2′E,7 km,2.6,震度２,32.95833333,131.0866667
2016/5/20,3:17:58,熊本県熊本地方,32°41.9′N,130°42.8′E,17 km,2.8,震度１,32.69833333,130.7133333
2016/5/20,5:43:46,熊本県熊本地方,32°42.1′N,130°43.0′E,11 km,2.3,震度１,32.70166667,130.7166667
2016/5/20,6:10:01,有明海,32°44.3′N,130°36.2′E,11 km,3.8,震度３,32.73833333,130.6033333
2016/5/20,7:18:04,熊本県熊本地方,32°42.7′N,130°41.0′E,11 km,2.8,震度１,32.71166667,130.6833333
2016/5/20,7:50:03,和歌山県北部,34°06.4′N,135°17.6′E,7 km,2.8,震度２,34.10666667,135.2933333
2016/5/20,7:53:47,鹿児島県薩摩地方,31°22.8′N,130°26.4′E,150 km,4,震度１,31.38,130.44
2016/5/20,11:38:03,熊本県阿蘇地方,32°57.6′N,131°04.8′E,7 km,2.2,震度１,32.96,131.08
2016/5/20,15:27:09,熊本県熊本地方,32°48.2′N,130°41.6′E,8 km,1.5,震度１,32.80333333,130.6933333
2016/5/20,16:39:30,熊本県熊本地方,32°46.1′N,130°45.1′E,10 km,2.4,震度１,32.76833333,130.7516667
2016/5/20,17:37:19,熊本県熊本地方,32°48.2′N,130°47.3′E,11 km,2.7,震度１,32.80333333,130.7883333
2016/5/20,18:17:03,宮城県沖,37°55.3′N,141°22.4′E,72 km,3.8,震度１,37.92166667,141.3733333
2016/5/20,20:54:07,熊本県熊本地方,32°35.2′N,130°40.4′E,10 km,3.3,震度２,32.58666667,130.6733333
2016/5/20,21:02:46,熊本県熊本地方,32°35.1′N,130°40.4′E,10 km,2.9,震度２,32.585,130.6733333
2016/5/20,23:04:46,択捉島南東沖,44°01.1′N,148°03.3′E,85 km,4.9,震度２,44.01833333,148.055
2016/5/21,0:26:48,大分県中部,33°15.7′N,131°22.0′E,11 km,2.4,震度１,33.26166667,131.3666667
2016/5/21,0:50:36,トカラ列島近海,29°10.5′N,129°21.8′E,13 km,1.7,震度１,29.175,129.3633333
2016/5/21,1:19:43,熊本県熊本地方,32°38.9′N,130°43.7′E,10 km,2.4,震度１,32.64833333,130.7283333
2016/5/21,1:30:14,熊本県熊本地方,32°42.1′N,130°43.0′E,10 km,2.1,震度１,32.70166667,130.7166667
2016/5/21,2:22:57,熊本県熊本地方,32°44.5′N,130°45.8′E,15 km,2.4,震度１,32.74166667,130.7633333
2016/5/21,2:48:42,熊本県熊本地方,32°35.0′N,130°40.3′E,10 km,3.4,震度３,32.58333333,130.6716667
2016/5/21,3:56:05,熊本県熊本地方,32°37.4′N,130°40.0′E,12 km,3.9,震度３,32.62333333,130.6666667
2016/5/21,5:09:40,熊本県熊本地方,32°43.9′N,130°47.7′E,8 km,3.2,震度３,32.73166667,130.795
2016/5/21,7:19:29,熊本県熊本地方,32°32.7′N,130°43.1′E,4 km,2.1,震度１,32.545,130.7183333
2016/5/21,10:29:30,熊本県熊本地方,32°39.0′N,130°39.8′E,9 km,2.6,震度２,32.65,130.6633333
2016/5/21,13:55:10,熊本県熊本地方,32°43.9′N,130°47.6′E,7 km,2.2,震度１,32.73166667,130.7933333
2016/5/21,14:40:02,熊本県阿蘇地方,32°58.8′N,131°03.7′E,4 km,2.8,震度１,32.98,131.0616667
2016/5/21,14:41:15,熊本県阿蘇地方,32°58.4′N,131°03.9′E,6 km,2.4,震度２,32.97333333,131.065
2016/5/21,17:43:49,福島県沖,37°09.8′N,141°01.1′E,31 km,3.3,震度２,37.16333333,141.0183333
2016/5/21,19:33:10,熊本県熊本地方,32°51.4′N,130°50.9′E,13 km,2.1,震度１,32.85666667,130.8483333
2016/5/21,19:41:51,熊本県熊本地方,32°47.9′N,130°37.5′E,8 km,2.9,震度２,32.79833333,130.625
2016/5/21,22:06:07,茨城県沖,36°33.5′N,140°47.1′E,54 km,3.4,震度１,36.55833333,140.785
2016/5/22,4:40:20,茨城県沖,36°24.5′N,141°04.6′E,44 km,3.6,震度１,36.40833333,141.0766667
2016/5/22,9:07:47,熊本県熊本地方,32°40.4′N,130°37.8′E,9 km,2.4,震度２,32.67333333,130.63
2016/5/22,9:09:40,熊本県熊本地方,32°32.0′N,130°36.4′E,6 km,2.5,震度１,32.53333333,130.6066667
2016/5/22,9:43:54,熊本県熊本地方,32°32.0′N,130°39.4′E,6 km,2.5,震度１,32.53333333,130.6566667
2016/5/22,12:01:45,熊本県熊本地方,32°47.6′N,130°39.8′E,8 km,2.3,震度１,32.79333333,130.6633333
2016/5/22,12:31:19,熊本県熊本地方,32°31.4′N,130°34.6′E,9 km,2.6,震度１,32.52333333,130.5766667
2016/5/22,12:42:05,熊本県熊本地方,32°51.6′N,130°52.1′E,8 km,1.6,震度１,32.86,130.8683333
2016/5/22,14:25:52,熊本県熊本地方,32°46.6′N,130°48.3′E,7 km,2.2,震度１,32.77666667,130.805
2016/5/22,14:35:32,熊本県熊本地方,32°40.4′N,130°37.7′E,9 km,3.1,震度３,32.67333333,130.6283333
2016/5/22,15:11:28,熊本県熊本地方,32°48.2′N,130°43.0′E,7 km,1.8,震度１,32.80333333,130.7166667
2016/5/22,17:07:09,岩手県沖,39°08.7′N,142°23.1′E,48 km,4.1,震度２,39.145,142.385
2016/5/22,19:09:37,熊本県熊本地方,32°51.1′N,130°49.5′E,14 km,2.1,震度１,32.85166667,130.825
2016/5/22,20:35:18,熊本県熊本地方,32°36.3′N,130°40.7′E,2 km,2.2,震度１,32.605,130.6783333
2016/5/22,21:49:30,熊本県熊本地方,32°35.7′N,130°39.3′E,8 km,3.4,震度２,32.595,130.655
2016/5/23,2:17:25,和歌山県北部,34°01.7′N,135°11.6′E,2 km,1.1,震度１,34.02833333,135.1933333
2016/5/23,2:28:07,和歌山県北部,34°01.7′N,135°11.7′E,2 km,1.2,震度１,34.02833333,135.195
2016/5/23,4:18:33,熊本県熊本地方,32°41.1′N,130°42.0′E,12 km,2.4,震度１,32.685,130.7
2016/5/23,8:52:46,熊本県阿蘇地方,33°03.0′N,131°06.9′E,11 km,2.9,震度１,33.05,131.115
2016/5/23,10:08:12,熊本県熊本地方,32°40.9′N,130°40.6′E,9 km,3.4,震度３,32.68166667,130.6766667
2016/5/23,10:28:54,大分県中部,33°25.3′N,131°35.1′E,117 km,3.5,震度１,33.42166667,131.585
2016/5/23,11:21:35,熊本県熊本地方,32°52.3′N,130°53.1′E,12 km,1.9,震度１,32.87166667,130.885
2016/5/23,14:37:59,熊本県阿蘇地方,33°00.7′N,131°06.0′E,9 km,2.9,震度１,33.01166667,131.1
2016/5/23,19:03:00,長野県北部,36°48.4′N,137°53.9′E,3 km,3.3,震度２,36.80666667,137.8983333
2016/5/23,19:14:49,熊本県熊本地方,32°35.8′N,130°40.4′E,3 km,1.9,震度１,32.59666667,130.6733333
2016/5/23,21:04:25,熊本県熊本地方,32°42.8′N,130°41.1′E,12 km,3.1,震度２,32.71333333,130.685
2016/5/23,21:11:12,熊本県熊本地方,32°41.7′N,130°42.7′E,17 km,2.4,震度１,32.695,130.7116667
2016/5/23,22:27:30,熊本県熊本地方,32°48.1′N,130°41.5′E,8 km,2.3,震度１,32.80166667,130.6916667
2016/5/23,23:17:17,茨城県沖,36°24.9′N,140°56.6′E,62 km,4.1,震度３,36.415,140.9433333
2016/5/24,0:17:38,薩摩半島西方沖,31°03.5′N,129°00.7′E,5 km,4.9,震度２,31.05833333,129.0116667
2016/5/24,1:42:58,千葉県北西部,35°38.7′N,140°08.2′E,69 km,4.2,震度２,35.645,140.1366667
2016/5/24,1:45:28,熊本県熊本地方,32°33.5′N,130°41.2′E,9 km,2.3,震度１,32.55833333,130.6866667
2016/5/24,5:57:30,熊本県熊本地方,32°47.0′N,131°06.6′E,3 km,1.6,震度１,32.78333333,131.11
2016/5/24,7:10:04,熊本県熊本地方,32°39.0′N,130°41.5′E,10 km,2,震度１,32.65,130.6916667
2016/5/24,8:30:42,熊本県熊本地方,32°40.3′N,130°37.7′E,8 km,2.4,震度１,32.67166667,130.6283333
2016/5/24,9:41:00,熊本県熊本地方,32°39.4′N,130°43.3′E,12 km,2.7,震度１,32.65666667,130.7216667
2016/5/24,14:40:10,熊本県熊本地方,32°41.7′N,130°47.1′E,7 km,2.5,震度１,32.695,130.785
2016/5/24,18:48:04,岩手県沖,40°04.4′N,142°07.3′E,48 km,4.4,震度４,40.07333333,142.1216667
2016/5/24,19:16:20,熊本県熊本地方,32°43.0′N,130°40.9′E,13 km,3.5,震度３,32.71666667,130.6816667
2016/5/24,20:06:07,熊本県熊本地方,32°43.1′N,130°40.9′E,13 km,2.4,震度１,32.71833333,130.6816667
2016/5/24,22:09:53,岩手県沖,40°04.8′N,142°07.3′E,48 km,3.1,震度１,40.08,142.1216667
2016/5/24,23:42:19,紀伊水道,34°12.1′N,135°07.4′E,7 km,2.3,震度１,34.20166667,135.1233333
2016/5/25,0:34:08,熊本県熊本地方,32°42.4′N,130°44.4′E,10 km,2.4,震度１,32.70666667,130.74
2016/5/25,1:29:33,和歌山県北部,34°01.7′N,135°11.6′E,2 km,1.1,震度１,34.02833333,135.1933333
2016/5/25,2:20:04,熊本県熊本地方,32°40.2′N,130°44.5′E,10 km,2.8,震度２,32.67,130.7416667
2016/5/25,3:00:55,宮城県沖,38°36.9′N,141°54.0′E,48 km,3.9,震度２,38.615,141.9
2016/5/25,3:38:21,熊本県熊本地方,32°35.4′N,130°40.3′E,10 km,2.9,震度１,32.59,130.6716667
2016/5/25,6:16:19,熊本県熊本地方,32°41.0′N,130°41.1′E,13 km,2.7,震度２,32.68333333,130.685
2016/5/25,14:22:44,青森県東方沖,41°01.5′N,142°24.6′E,34 km,4.8,震度２,41.025,142.41
2016/5/25,14:38:58,熊本県熊本地方,32°42.2′N,130°44.2′E,11 km,2.4,震度１,32.70333333,130.7366667
2016/5/25,18:18:41,熊本県熊本地方,32°40.4′N,130°43.0′E,12 km,2.4,震度１,32.67333333,130.7166667
2016/5/25,20:47:05,茨城県沖,36°24.1′N,140°50.5′E,41 km,3.5,震度１,36.40166667,140.8416667
2016/5/25,21:34:23,熊本県熊本地方,32°42.4′N,130°43.0′E,11 km,2,震度１,32.70666667,130.7166667
2016/5/25,22:07:16,熊本県熊本地方,32°47.9′N,130°39.9′E,8 km,2.3,震度１,32.79833333,130.665
2016/5/25,23:45:31,熊本県熊本地方,32°32.3′N,130°40.1′E,11 km,3.1,震度１,32.53833333,130.6683333
2016/5/26,0:13:32,熊本県熊本地方,32°32.8′N,130°43.3′E,4 km,2.6,震度２,32.54666667,130.7216667
2016/5/26,3:32:47,熊本県阿蘇地方,33°03.7′N,131°06.7′E,9 km,2.7,震度１,33.06166667,131.1116667
2016/5/26,7:37:47,熊本県熊本地方,32°32.9′N,130°43.3′E,4 km,2.2,震度１,32.54833333,130.7216667
2016/5/26,12:30:52,熊本県熊本地方,32°46.7′N,130°46.6′E,12 km,2.9,震度１,32.77833333,130.7766667
2016/5/26,16:16:03,神奈川県西部,35°12.9′N,139°07.1′E,11 km,2.8,震度２,35.215,139.1183333
2016/5/26,17:17:41,神奈川県西部,35°13.2′N,139°07.1′E,13 km,2.1,震度１,35.22,139.1183333
2016/5/26,18:50:07,熊本県熊本地方,32°40.7′N,130°36.6′E,9 km,2.1,震度１,32.67833333,130.61
2016/5/26,23:39:57,熊本県熊本地方,32°48.0′N,130°37.7′E,8 km,2.5,震度１,32.8,130.6283333
2016/5/27,1:13:25,熊本県熊本地方,32°48.4′N,130°44.1′E,4 km,1.8,震度１,32.80666667,130.735
2016/5/27,4:34:17,福島県沖,37°22.5′N,141°08.5′E,27 km,3.1,震度１,37.375,141.1416667
2016/5/27,5:07:48,青森県東方沖,41°01.0′N,143°03.5′E,25 km,4.2,震度１,41.01666667,143.0583333
2016/5/27,6:20:44,熊本県熊本地方,32°52.1′N,130°51.2′E,11 km,2.4,震度１,32.86833333,130.8533333
2016/5/27,8:25:10,熊本県熊本地方,32°51.0′N,130°48.9′E,14 km,2.2,震度１,32.85,130.815
2016/5/27,10:39:18,宮城県沖,38°34.9′N,142°05.5′E,50 km,4,震度２,38.58166667,142.0916667
2016/5/27,12:44:29,奄美大島近海,26°57.9′N,130°18.2′E,64 km,5.6,震度２,26.965,130.3033333
2016/5/27,12:46:41,奄美大島近海,26°54.4′N,130°12.7′E,49 km,5.2,震度２,26.90666667,130.2116667
2016/5/27,16:01:40,熊本県熊本地方,33°00.8′N,130°47.6′E,11 km,3.3,震度２,33.01333333,130.7933333
2016/5/27,17:10:51,熊本県熊本地方,32°46.6′N,130°45.7′E,5 km,2.1,震度１,32.77666667,130.7616667
2016/5/27,17:18:16,熊本県熊本地方,32°46.6′N,130°45.6′E,6 km,2.4,震度２,32.77666667,130.76
2016/5/27,18:10:18,熊本県熊本地方,32°41.7′N,130°40.6′E,10 km,2,震度１,32.695,130.6766667
2016/5/27,19:25:57,熊本県天草・芦北地方,32°18.4′N,130°26.2′E,8 km,2.5,震度１,32.30666667,130.4366667
2016/5/27,21:07:54,千葉県南東沖,34°41.6′N,140°37.4′E,56 km,3.7,震度１,34.69333333,140.6233333
2016/5/27,22:29:45,岩手県沖,40°17.6′N,142°17.5′E,38 km,3.7,震度１,40.29333333,142.2916667
2016/5/28,1:18:28,熊本県熊本地方,32°41.1′N,130°41.4′E,10 km,2.9,震度２,32.685,130.69
2016/5/28,4:42:59,熊本県熊本地方,32°38.3′N,130°40.3′E,9 km,3,震度２,32.63833333,130.6716667
2016/5/28,5:40:35,宮城県沖,38°32.2′N,141°43.2′E,54 km,3.7,震度２,38.53666667,141.72
2016/5/28,6:33:32,熊本県熊本地方,32°47.7′N,130°40.8′E,3 km,0.9,震度１,32.795,130.68
2016/5/28,8:28:13,熊本県熊本地方,32°38.3′N,130°40.7′E,9 km,2.8,震度１,32.63833333,130.6783333
2016/5/28,8:29:13,熊本県熊本地方,32°38.9′N,130°42.9′E,13 km,3.7,震度２,32.64833333,130.715
2016/5/28,10:05:03,熊本県熊本地方,32°40.4′N,130°37.6′E,9 km,2.4,震度１,32.67333333,130.6266667
2016/5/28,10:20:12,熊本県阿蘇地方,32°58.6′N,131°03.8′E,7 km,2.7,震度１,32.97666667,131.0633333
2016/5/28,11:35:05,熊本県阿蘇地方,32°58.6′N,131°04.5′E,8 km,2.4,震度１,32.97666667,131.075
2016/5/28,11:36:30,熊本県熊本地方,32°44.0′N,130°39.0′E,11 km,3,震度２,32.73333333,130.65
2016/5/28,12:19:39,熊本県熊本地方,32°41.0′N,130°42.9′E,11 km,2.3,震度１,32.68333333,130.715
2016/5/28,12:38:22,熊本県天草・芦北地方,32°37.4′N,130°37.1′E,11 km,2.9,震度１,32.62333333,130.6183333
2016/5/28,15:19:03,熊本県熊本地方,32°44.0′N,130°39.2′E,12 km,3.4,震度２,32.73333333,130.6533333
2016/5/28,18:01:27,三宅島近海,33°47.1′N,139°41.6′E,143 km,4.9,震度１,33.785,139.6933333
2016/5/28,18:10:33,茨城県北部,36°35.5′N,140°28.7′E,48 km,4.1,震度２,36.59166667,140.4783333
2016/5/28,19:30:48,熊本県熊本地方,32°52.0′N,130°51.4′E,11 km,1.8,震度１,32.86666667,130.8566667
2016/5/29,0:15:46,根室半島南東沖,43°10.7′N,145°45.0′E,51 km,3.9,震度１,43.17833333,145.75
2016/5/29,1:18:45,熊本県熊本地方,32°52.4′N,130°48.4′E,13 km,3.3,震度３,32.87333333,130.8066667
2016/5/29,6:53:27,熊本県熊本地方,32°43.9′N,130°39.0′E,11 km,2.6,震度１,32.73166667,130.65
2016/5/29,10:55:10,和歌山県北部,34°15.5′N,135°36.6′E,63 km,3.6,震度１,34.25833333,135.61
2016/5/29,11:29:16,宮城県沖,38°43.6′N,142°09.6′E,40 km,3.5,震度１,38.72666667,142.16
2016/5/29,12:10:49,熊本県熊本地方,32°40.6′N,130°44.4′E,11 km,2.9,震度２,32.67666667,130.74
2016/5/29,13:21:20,東京都多摩西部,35°50.4′N,139°07.8′E,125 km,3.1,震度１,35.84,139.13
2016/5/29,17:15:33,熊本県熊本地方,32°43.6′N,130°42.0′E,13 km,2.3,震度１,32.72666667,130.7
2016/5/30,0:31:21,宮古島近海,24°19.1′N,125°14.8′E,41 km,4.2,震度１,24.31833333,125.2466667
2016/5/30,1:30:44,熊本県熊本地方,32°46.9′N,130°49.3′E,0 km,1,震度２,32.78166667,130.8216667
2016/5/30,1:38:52,熊本県熊本地方,32°45.8′N,130°40.0′E,10 km,2.4,震度１,32.76333333,130.6666667
2016/5/30,1:40:08,熊本県熊本地方,32°46.6′N,130°45.1′E,11 km,2.8,震度１,32.77666667,130.7516667
2016/5/30,3:23:20,熊本県熊本地方,32°40.5′N,130°45.8′E,7 km,1.9,震度１,32.675,130.7633333
2016/5/30,14:49:47,熊本県熊本地方,32°47.9′N,130°43.3′E,6 km,2,震度２,32.79833333,130.7216667
2016/5/30,18:13:41,秋田県内陸南部,39°07.0′N,140°44.5′E,4 km,2.4,震度１,39.11666667,140.7416667
2016/5/30,18:47:48,宮古島近海,24°27.6′N,126°29.3′E,85 km,5.3,震度１,24.46,126.4883333
2016/5/30,19:33:33,熊本県熊本地方,32°38.2′N,130°40.3′E,6 km,2.4,震度２,32.63666667,130.6716667
2016/5/30,20:52:20,熊本県熊本地方,32°47.7′N,130°43.3′E,5 km,1.2,震度１,32.795,130.7216667
2016/5/30,21:20:33,千葉県東方沖,35°28.8′N,140°59.4′E,22 km,3.7,震度２,35.48,140.99
2016/5/30,23:38:39,熊本県熊本地方,32°50.8′N,130°53.5′E,7 km,1.9,震度１,32.84666667,130.8916667
2016/5/31,0:27:06,熊本県熊本地方,32°56.3′N,130°48.8′E,12 km,2.8,震度２,32.93833333,130.8133333
2016/5/31,5:18:43,熊本県熊本地方,32°42.6′N,130°40.0′E,13 km,2.2,震度１,32.71,130.6666667
2016/5/31,14:23:48,石垣島北西沖,25°26.9′N,122°30.5′E,236 km,6.2,震度３,25.44833333,122.5083333
2016/5/31,16:16:55,熊本県熊本地方,32°49.4′N,130°36.5′E,4 km,2.4,震度１,32.82333333,130.6083333
2016/5/31,19:49:48,愛媛県南予,32°58.0′N,132°31.0′E,32 km,3.7,震度２,32.96666667,132.5166667
2016/6/1,3:30:10,熊本県阿蘇地方,33°00.1′N,131°10.5′E,13 km,3.1,震度１,33.00166667,131.175
2016/6/1,4:41:28,茨城県北部,36°38.9′N,140°38.2′E,9 km,2.2,震度１,36.64833333,140.6366667
2016/6/1,15:48:57,熊本県熊本地方,32°48.3′N,130°41.5′E,5 km,1.9,震度１,32.805,130.6916667
2016/6/1,16:13:36,熊本県熊本地方,32°46.7′N,130°39.8′E,10 km,2.7,震度２,32.77833333,130.6633333
2016/6/1,17:41:08,熊本県熊本地方,32°50.1′N,130°49.1′E,16 km,2.9,震度１,32.835,130.8183333
2016/6/1,18:34:01,熊本県熊本地方,32°48.7′N,130°41.1′E,7 km,2,震度１,32.81166667,130.685
2016/6/1,19:53:07,熊本県阿蘇地方,32°59.7′N,131°11.2′E,6 km,2.7,震度２,32.995,131.1866667
2016/6/2,0:33:17,熊本県熊本地方,32°34.3′N,130°39.4′E,2 km,1.6,震度１,32.57166667,130.6566667
2016/6/2,1:12:40,熊本県熊本地方,32°48.6′N,130°44.7′E,7 km,2,震度１,32.81,130.745
2016/6/2,2:56:06,熊本県阿蘇地方,32°55.7′N,131°03.9′E,7 km,2.9,震度３,32.92833333,131.065
2016/6/2,3:59:40,熊本県熊本地方,32°40.2′N,130°40.5′E,10 km,2.4,震度１,32.67,130.675
2016/6/2,6:58:30,熊本県阿蘇地方,33°01.4′N,131°13.3′E,9 km,2.6,震度１,33.02333333,131.2216667
2016/6/2,7:33:47,熊本県熊本地方,32°39.7′N,130°43.3′E,8 km,1.6,震度１,32.66166667,130.7216667
2016/6/2,7:34:36,千葉県北西部,35°41.0′N,140°07.3′E,71 km,3.7,震度２,35.68333333,140.1216667
2016/6/2,9:28:30,熊本県熊本地方,32°34.9′N,130°38.1′E,10 km,3.8,震度３,32.58166667,130.635
2016/6/2,10:44:28,熊本県熊本地方,32°40.7′N,130°41.5′E,10 km,2.4,震度１,32.67833333,130.6916667
2016/6/2,11:26:58,熊本県天草・芦北地方,32°38.9′N,130°39.4′E,10 km,2.2,震度１,32.64833333,130.6566667
2016/6/2,11:37:17,熊本県熊本地方,32°45.2′N,130°39.8′E,12 km,2.3,震度１,32.75333333,130.6633333
2016/6/2,16:07:50,熊本県熊本地方,32°39.6′N,130°41.3′E,9 km,3.1,震度２,32.66,130.6883333
2016/6/2,16:44:33,熊本県阿蘇地方,32°59.7′N,131°11.5′E,7 km,3.6,震度３,32.995,131.1916667
2016/6/2,18:05:14,熊本県熊本地方,32°32.1′N,130°43.1′E,5 km,2.6,震度２,32.535,130.7183333
2016/6/2,18:36:09,千葉県北東部,35°25.5′N,140°18.4′E,29 km,3.7,震度３,35.425,140.3066667
2016/6/2,19:37:08,熊本県熊本地方,32°46.8′N,130°43.8′E,6 km,2,震度１,32.78,130.73
2016/6/2,21:07:23,熊本県熊本地方,32°48.0′N,130°43.7′E,3 km,2.5,震度２,32.8,130.7283333
2016/6/2,21:12:14,熊本県熊本地方,32°48.0′N,130°43.7′E,4 km,2.4,震度２,32.8,130.7283333
2016/6/2,22:34:59,千葉県北東部,35°25.7′N,140°18.5′E,30 km,3.5,震度３,35.42833333,140.3083333
2016/6/3,0:40:12,熊本県天草・芦北地方,32°15.6′N,130°31.6′E,5 km,2.3,震度１,32.26,130.5266667
2016/6/3,0:53:15,千葉県東方沖,35°31.3′N,140°56.5′E,40 km,3.8,震度１,35.52166667,140.9416667
2016/6/3,6:45:15,熊本県熊本地方,32°46.0′N,130°47.5′E,9 km,2.3,震度１,32.76666667,130.7916667
2016/6/3,7:58:13,熊本県熊本地方,32°45.2′N,130°46.6′E,16 km,3.9,震度３,32.75333333,130.7766667
2016/6/3,8:07:04,有明海,32°48.1′N,130°31.9′E,13 km,3.2,震度１,32.80166667,130.5316667
2016/6/3,8:25:47,熊本県熊本地方,32°45.2′N,130°46.0′E,16 km,3.2,震度２,32.75333333,130.7666667
2016/6/3,8:30:36,熊本県熊本地方,32°46.1′N,130°47.5′E,10 km,2.4,震度１,32.76833333,130.7916667
2016/6/3,10:39:33,熊本県熊本地方,32°42.7′N,130°41.6′E,10 km,2,震度１,32.71166667,130.6933333
2016/6/3,10:41:25,大分県中部,33°14.4′N,131°23.7′E,10 km,2.2,震度１,33.24,131.395
2016/6/3,14:34:51,沖縄本島北西沖,26°56.4′N,126°42.3′E,20 km,3.9,震度１,26.94,126.705
2016/6/3,16:21:42,千葉県東方沖,35°27.7′N,140°59.9′E,22 km,3.3,震度１,35.46166667,140.9983333
2016/6/3,19:16:50,熊本県熊本地方,32°43.1′N,130°41.1′E,13 km,2.6,震度２,32.71833333,130.685
2016/6/3,23:48:05,熊本県天草・芦北地方,32°20.2′N,130°29.9′E,8 km,2.3,震度１,32.33666667,130.4983333
2016/6/4,0:08:47,北海道南西沖,42°21.5′N,139°06.9′E,27 km,3.8,震度１,42.35833333,139.115
2016/6/4,0:48:01,熊本県熊本地方,32°56.3′N,130°48.7′E,12 km,3.7,震度３,32.93833333,130.8116667
2016/6/4,1:01:24,福島県沖,37°22.1′N,141°55.8′E,39 km,4.2,震度１,37.36833333,141.93
2016/6/4,1:09:57,熊本県熊本地方,32°46.9′N,130°45.8′E,5 km,1.8,震度１,32.78166667,130.7633333
2016/6/4,8:10:45,熊本県熊本地方,32°38.6′N,130°41.3′E,9 km,2.2,震度１,32.64333333,130.6883333
2016/6/4,12:15:21,十勝沖,41°51.7′N,143°21.7′E,19 km,4.3,震度３,41.86166667,143.3616667
2016/6/4,14:56:29,薩摩半島西方沖,31°49.9′N,128°51.8′E,29 km,4.5,震度３,31.83166667,128.8633333
2016/6/4,15:27:24,和歌山県北部,34°06.8′N,135°18.3′E,7 km,2.7,震度１,34.11333333,135.305
2016/6/4,18:03:31,熊本県熊本地方,32°44.1′N,130°42.9′E,11 km,2.7,震度２,32.735,130.715
2016/6/5,4:45:57,熊本県熊本地方,32°42.4′N,130°43.1′E,10 km,2.4,震度１,32.70666667,130.7183333
2016/6/5,4:54:07,熊本県熊本地方,32°40.4′N,130°37.4′E,9 km,3,震度２,32.67333333,130.6233333
2016/6/5,5:02:26,宮城県沖,38°48.3′N,142°00.9′E,47 km,3.3,震度１,38.805,142.015
2016/6/5,5:56:52,熊本県阿蘇地方,32°58.2′N,131°05.4′E,7 km,2.4,震度１,32.97,131.09
2016/6/5,6:02:03,熊本県熊本地方,32°45.6′N,130°40.0′E,11 km,3.1,震度３,32.76,130.6666667
2016/6/5,6:09:30,熊本県熊本地方,32°45.6′N,130°40.0′E,11 km,2.1,震度１,32.76,130.6666667
2016/6/5,6:29:41,熊本県熊本地方,32°45.7′N,130°40.0′E,10 km,2.4,震度１,32.76166667,130.6666667
2016/6/5,10:36:20,熊本県熊本地方,32°44.3′N,130°39.5′E,14 km,2.3,震度１,32.73833333,130.6583333
2016/6/5,11:47:52,奄美大島北西沖,28°51.8′N,128°12.4′E,181 km,4.6,震度１,28.86333333,128.2066667
2016/6/5,13:55:08,熊本県熊本地方,32°37.1′N,130°40.9′E,7 km,3.6,震度３,32.61833333,130.6816667
2016/6/5,23:24:02,熊本県熊本地方,32°38.6′N,130°42.3′E,13 km,1.3,震度１,32.64333333,130.705
2016/6/5,23:40:01,茨城県北部,36°28.7′N,140°31.1′E,58 km,3.1,震度１,36.47833333,140.5183333
2016/6/6,1:41:00,熊本県熊本地方,32°31.7′N,130°34.8′E,5 km,2.5,震度１,32.52833333,130.58
2016/6/6,5:31:34,熊本県熊本地方,32°41.8′N,130°43.7′E,11 km,2.7,震度２,32.69666667,130.7283333
2016/6/6,6:19:46,熊本県熊本地方,32°32.3′N,130°36.1′E,11 km,2.4,震度１,32.53833333,130.6016667
2016/6/6,6:20:27,熊本県熊本地方,32°38.8′N,130°41.4′E,10 km,1.9,震度１,32.64666667,130.69
2016/6/6,6:40:15,熊本県熊本地方,32°30.9′N,130°37.8′E,3 km,2.6,震度２,32.515,130.63
2016/6/6,8:28:34,熊本県熊本地方,32°42.9′N,130°36.6′E,12 km,2.5,震度１,32.715,130.61
2016/6/6,13:10:08,熊本県熊本地方,32°46.4′N,130°37.7′E,12 km,2.4,震度１,32.77333333,130.6283333
2016/6/6,14:43:27,熊本県熊本地方,32°45.8′N,130°44.5′E,10 km,2.4,震度１,32.76333333,130.7416667
2016/6/6,14:48:43,熊本県熊本地方,32°45.8′N,130°44.7′E,11 km,2.3,震度１,32.76333333,130.745
2016/6/6,16:47:06,熊本県阿蘇地方,32°58.9′N,131°06.5′E,10 km,3.8,震度３,32.98166667,131.1083333
2016/6/6,17:00:16,熊本県阿蘇地方,32°59.0′N,131°06.6′E,10 km,2.9,震度１,32.98333333,131.11
2016/6/6,19:16:03,釧路沖,42°56.3′N,144°53.4′E,77 km,3.9,震度１,42.93833333,144.89
2016/6/6,23:30:13,福島県沖,37°25.8′N,141°47.5′E,44 km,4,震度２,37.43,141.7916667
2016/6/7,2:48:16,熊本県熊本地方,32°31.6′N,130°35.2′E,7 km,3.6,震度３,32.52666667,130.5866667
2016/6/7,3:15:35,群馬県南部,36°32.7′N,139°25.1′E,6 km,3.5,震度３,36.545,139.4183333
2016/6/7,5:20:20,熊本県熊本地方,32°48.9′N,130°38.4′E,14 km,2.2,震度１,32.815,130.64
2016/6/7,5:46:57,熊本県熊本地方,32°42.3′N,130°42.9′E,10 km,2.4,震度２,32.705,130.715
2016/6/7,6:24:53,熊本県熊本地方,32°43.0′N,130°38.9′E,9 km,2.7,震度２,32.71666667,130.6483333
2016/6/7,7:55:36,熊本県熊本地方,32°46.5′N,130°44.5′E,9 km,3.2,震度２,32.775,130.7416667
2016/6/7,8:29:05,有明海,32°43.7′N,130°35.6′E,9 km,2.7,震度１,32.72833333,130.5933333
2016/6/7,13:01:49,千葉県北西部,36°03.8′N,139°49.9′E,44 km,3.8,震度２,36.06333333,139.8316667
2016/6/7,13:19:42,岩手県沖,40°09.1′N,142°29.5′E,32 km,3.9,震度１,40.15166667,142.4916667
2016/6/7,14:16:41,北海道東方沖,43°38.9′N,147°42.2′E,0 km,4.6,震度１,43.64833333,147.7033333
2016/6/7,16:23:00,紀伊水道,33°48.0′N,134°43.1′E,17 km,3.3,震度１,33.8,134.7183333
2016/6/7,16:53:12,熊本県熊本地方,32°31.7′N,130°34.7′E,5 km,2.8,震度１,32.52833333,130.5783333
2016/6/7,17:44:18,熊本県阿蘇地方,32°57.8′N,131°07.1′E,10 km,2.8,震度１,32.96333333,131.1183333
2016/6/7,17:57:47,熊本県熊本地方,32°48.2′N,130°43.0′E,3 km,1.7,震度１,32.80333333,130.7166667
2016/6/7,20:50:31,熊本県熊本地方,32°46.0′N,130°50.0′E,11 km,3.2,震度２,32.76666667,130.8333333
2016/6/7,21:03:12,熊本県熊本地方,32°48.0′N,130°54.5′E,6 km,2.7,震度１,32.8,130.9083333
2016/6/7,21:35:36,熊本県熊本地方,32°33.9′N,130°38.4′E,2 km,1.5,震度１,32.565,130.64
2016/6/7,23:58:51,日向灘,32°35.4′N,131°50.2′E,47 km,2.8,震度１,32.59,131.8366667
2016/6/8,9:26:15,熊本県熊本地方,32°46.5′N,130°42.0′E,9 km,2.1,震度１,32.775,130.7
2016/6/8,9:56:39,種子島南東沖,29°58.5′N,131°15.9′E,23 km,4.6,震度２,29.975,131.265
2016/6/8,10:46:08,熊本県熊本地方,32°48.7′N,130°45.0′E,6 km,1.8,震度１,32.81166667,130.75
2016/6/8,12:00:46,熊本県熊本地方,32°41.3′N,130°39.6′E,8 km,2,震度１,32.68833333,130.66
2016/6/8,12:15:34,青森県東方沖,41°27.2′N,141°43.1′E,70 km,3.1,震度１,41.45333333,141.7183333
2016/6/8,12:35:05,熊本県熊本地方,32°39.9′N,130°43.4′E,8 km,2.1,震度１,32.665,130.7233333
2016/6/8,13:55:51,熊本県阿蘇地方,32°59.1′N,131°06.6′E,10 km,2.7,震度２,32.985,131.11
2016/6/8,14:05:59,熊本県阿蘇地方,32°59.1′N,131°06.5′E,10 km,2.9,震度１,32.985,131.1083333
2016/6/8,16:28:06,熊本県阿蘇地方,32°59.2′N,131°06.5′E,10 km,2.3,震度１,32.98666667,131.1083333
2016/6/8,16:37:07,熊本県熊本地方,32°37.1′N,130°41.2′E,6 km,2.5,震度２,32.61833333,130.6866667
2016/6/8,16:52:27,熊本県熊本地方,32°46.7′N,130°45.1′E,10 km,3.1,震度２,32.77833333,130.7516667
2016/6/8,17:01:36,熊本県熊本地方,32°46.6′N,130°45.0′E,10 km,3.3,震度２,32.77666667,130.75
2016/6/8,17:09:30,熊本県熊本地方,32°46.6′N,130°45.1′E,11 km,2.3,震度１,32.77666667,130.7516667
2016/6/8,18:57:51,熊本県熊本地方,32°39.6′N,130°43.1′E,8 km,2.3,震度１,32.66,130.7183333
2016/6/8,19:14:36,熊本県熊本地方,32°46.5′N,130°45.2′E,10 km,3.1,震度１,32.775,130.7533333
2016/6/8,22:54:01,熊本県熊本地方,32°38.2′N,130°40.3′E,9 km,2.3,震度１,32.63666667,130.6716667
2016/6/9,0:55:02,茨城県南部,36°10.4′N,140°06.5′E,51 km,3.2,震度１,36.17333333,140.1083333
2016/6/9,7:32:49,熊本県熊本地方,32°43.5′N,130°40.7′E,13 km,2.8,震度２,32.725,130.6783333
2016/6/9,10:49:09,熊本県熊本地方,32°28.3′N,130°36.5′E,6 km,2.7,震度１,32.47166667,130.6083333
2016/6/9,10:49:34,熊本県熊本地方,32°48.6′N,130°42.6′E,3 km,1.5,震度１,32.81,130.71
2016/6/9,11:25:55,茨城県沖,36°30.9′N,140°41.5′E,54 km,3.1,震度１,36.515,140.6916667
2016/6/9,13:48:52,熊本県熊本地方,32°39.2′N,130°42.1′E,9 km,1.9,震度１,32.65333333,130.7016667
2016/6/9,15:30:23,熊本県熊本地方,32°40.2′N,130°46.2′E,7 km,2,震度１,32.67,130.77
2016/6/9,18:42:54,熊本県熊本地方,32°38.1′N,130°41.9′E,7 km,2.5,震度１,32.635,130.6983333
2016/6/9,23:56:22,熊本県熊本地方,32°46.2′N,130°44.4′E,10 km,2.3,震度１,32.77,130.74
2016/6/10,4:45:31,熊本県熊本地方,32°44.5′N,130°47.0′E,10 km,3.2,震度２,32.74166667,130.7833333
2016/6/10,10:57:32,石垣島北西沖,25°00.2′N,124°12.3′E,86 km,4.1,震度１,25.00333333,124.205
2016/6/10,13:16:34,福島県沖,37°03.6′N,141°08.8′E,51 km,4,震度２,37.06,141.1466667
2016/6/10,14:06:03,熊本県熊本地方,32°29.7′N,130°35.1′E,7 km,2.8,震度１,32.495,130.585
2016/6/10,15:42:00,熊本県熊本地方,32°34.6′N,130°42.9′E,9 km,3,震度２,32.57666667,130.715
2016/6/10,15:44:44,熊本県熊本地方,32°33.3′N,130°40.1′E,7 km,2.5,震度１,32.555,130.6683333
2016/6/10,21:07:04,三陸沖,38°26.1′N,144°24.2′E,46 km,5.1,震度１,38.435,144.4033333
2016/6/10,21:21:49,熊本県熊本地方,32°42.6′N,130°42.9′E,12 km,2.2,震度１,32.71,130.715
2016/6/10,21:32:30,熊本県阿蘇地方,32°58.5′N,131°04.6′E,8 km,2.2,震度１,32.975,131.0766667
2016/6/10,23:38:48,熊本県熊本地方,32°33.4′N,130°38.9′E,2 km,1.7,震度１,32.55666667,130.6483333
2016/6/11,4:58:27,有明海,32°44.4′N,130°36.3′E,11 km,2.8,震度１,32.74,130.605
2016/6/11,6:51:29,宮古島近海,24°17.8′N,125°17.8′E,42 km,3.9,震度１,24.29666667,125.2966667
2016/6/11,9:56:08,有明海,32°48.3′N,130°31.5′E,13 km,3.1,震度１,32.805,130.525
2016/6/11,11:59:35,熊本県熊本地方,32°33.1′N,130°39.7′E,7 km,3.3,震度２,32.55166667,130.6616667
2016/6/11,14:46:06,十勝沖,42°20.4′N,143°52.9′E,55 km,3.6,震度１,42.34,143.8816667
2016/6/11,17:08:34,熊本県熊本地方,32°48.0′N,130°43.1′E,6 km,1.7,震度１,32.8,130.7183333
2016/6/11,23:41:28,熊本県熊本地方,32°33.5′N,130°40.1′E,7 km,3.2,震度２,32.55833333,130.6683333
2016/6/12,1:17:49,熊本県阿蘇地方,33°03.3′N,131°08.7′E,10 km,3,震度１,33.055,131.145
2016/6/12,3:56:54,熊本県熊本地方,32°41.6′N,130°48.0′E,9 km,1.9,震度１,32.69333333,130.8
2016/6/12,4:35:17,熊本県阿蘇地方,32°58.9′N,131°04.6′E,8 km,2.7,震度２,32.98166667,131.0766667
2016/6/12,5:48:07,千葉県東方沖,35°26.7′N,140°27.0′E,56 km,3.3,震度１,35.445,140.45
2016/6/12,7:29:44,千葉県北西部,35°38.8′N,140°03.8′E,71 km,3.4,震度１,35.64666667,140.0633333
2016/6/12,7:54:24,茨城県南部,35°59.8′N,139°55.9′E,40 km,4.8,震度４,35.99666667,139.9316667
2016/6/12,9:21:30,西表島付近,23°58.2′N,123°35.1′E,32 km,3.8,震度１,23.97,123.585
2016/6/12,12:49:04,愛知県西部,35°22.9′N,136°52.8′E,16 km,2.9,震度１,35.38166667,136.88
2016/6/12,15:58:43,熊本県熊本地方,32°38.6′N,130°41.5′E,8 km,2.2,震度１,32.64333333,130.6916667
2016/6/12,19:47:45,熊本県熊本地方,32°35.4′N,130°40.8′E,2 km,1.8,震度１,32.59,130.68
2016/6/12,20:31:22,熊本県熊本地方,32°39.3′N,130°41.7′E,9 km,2.2,震度１,32.655,130.695
2016/6/12,21:20:14,熊本県熊本地方,32°48.0′N,130°40.2′E,9 km,2.5,震度１,32.8,130.67
2016/6/12,22:08:15,熊本県熊本地方,32°26.9′N,130°40.8′E,7 km,4.3,震度５弱,32.44833333,130.68
2016/6/12,22:53:29,熊本県熊本地方,32°26.9′N,130°40.7′E,7 km,3.1,震度３,32.44833333,130.6783333
2016/6/12,23:08:31,熊本県熊本地方,32°39.2′N,130°41.5′E,8 km,2.6,震度１,32.65333333,130.6916667
2016/6/12,23:12:55,熊本県熊本地方,32°44.2′N,130°37.6′E,9 km,2.8,震度２,32.73666667,130.6266667
2016/6/13,0:00:41,熊本県熊本地方,32°27.0′N,130°40.7′E,8 km,2.2,震度２,32.45,130.6783333
2016/6/13,0:39:04,熊本県熊本地方,32°39.7′N,130°43.2′E,8 km,2.5,震度１,32.66166667,130.72
2016/6/13,2:11:38,北海道東方沖,43°38.1′N,147°41.2′E,0 km,4.8,震度１,43.635,147.6866667
2016/6/13,4:03:29,熊本県熊本地方,32°38.7′N,130°40.2′E,10 km,2.2,震度１,32.645,130.67
2016/6/13,4:21:35,熊本県熊本地方,32°37.8′N,130°41.1′E,7 km,2.1,震度１,32.63,130.685
2016/6/13,4:46:28,熊本県熊本地方,32°38.0′N,130°40.9′E,7 km,2.2,震度１,32.63333333,130.6816667
2016/6/13,7:23:17,岐阜県飛騨地方,35°43.6′N,137°05.7′E,11 km,2.5,震度１,35.72666667,137.095
2016/6/13,9:26:28,熊本県熊本地方,32°27.0′N,130°40.5′E,7 km,2.1,震度１,32.45,130.675
2016/6/13,9:39:10,熊本県熊本地方,32°48.2′N,130°42.2′E,6 km,1.8,震度１,32.80333333,130.7033333
2016/6/13,12:34:22,熊本県熊本地方,32°27.0′N,130°40.6′E,7 km,2.6,震度２,32.45,130.6766667
2016/6/13,13:13:42,熊本県天草・芦北地方,32°21.9′N,130°33.0′E,5 km,2.5,震度１,32.365,130.55
2016/6/13,13:21:43,奄美大島近海,26°57.3′N,130°18.6′E,66 km,5.5,震度１,26.955,130.31
2016/6/13,13:27:04,奄美大島近海,26°56.2′N,130°15.5′E,56 km,5.2,震度１,26.93666667,130.2583333
2016/6/13,15:54:18,熊本県熊本地方,32°26.6′N,130°40.9′E,7 km,4.1,震度４,32.44333333,130.6816667
2016/6/13,19:29:21,茨城県南部,36°02.0′N,139°52.8′E,42 km,3.2,震度１,36.03333333,139.88
2016/6/13,20:58:18,熊本県熊本地方,32°48.2′N,130°43.0′E,6 km,2,震度１,32.80333333,130.7166667
2016/6/14,3:17:26,宮城県沖,38°37.0′N,141°54.1′E,48 km,3.9,震度１,38.61666667,141.9016667
2016/6/14,5:43:39,熊本県阿蘇地方,32°59.3′N,131°11.0′E,7 km,2.7,震度１,32.98833333,131.1833333
2016/6/14,10:44:06,熊本県熊本地方,32°39.2′N,130°38.3′E,6 km,1.9,震度１,32.65333333,130.6383333
2016/6/14,12:39:32,千葉県東方沖,35°42.9′N,141°00.0′E,35 km,3.8,震度１,35.715,141
2016/6/14,15:20:01,奄美大島北東沖,29°22.3′N,130°37.3′E,21 km,4.5,震度１,29.37166667,130.6216667
2016/6/14,17:27:47,熊本県熊本地方,32°46.1′N,130°43.3′E,9 km,2,震度１,32.76833333,130.7216667
2016/6/14,19:32:22,種子島近海,30°33.7′N,130°57.8′E,7 km,2.3,震度１,30.56166667,130.9633333
2016/6/14,22:31:55,栃木県北部,36°38.8′N,139°28.4′E,8 km,2.6,震度１,36.64666667,139.4733333
2016/6/15,0:01:57,奄美大島近海,26°54.6′N,130°16.1′E,72 km,5.2,震度１,26.91,130.2683333
2016/6/15,1:20:14,宮城県沖,38°53.3′N,141°58.7′E,49 km,3.1,震度１,38.88833333,141.9783333
2016/6/15,3:12:12,熊本県熊本地方,32°38.4′N,130°40.9′E,8 km,2.2,震度１,32.64,130.6816667
2016/6/15,11:02:47,熊本県熊本地方,32°37.7′N,130°41.1′E,7 km,3,震度２,32.62833333,130.685
2016/6/15,11:17:23,熊本県熊本地方,32°37.7′N,130°41.2′E,8 km,3,震度２,32.62833333,130.6866667
2016/6/15,12:40:04,大分県中部,33°17.9′N,131°29.5′E,10 km,2.4,震度１,33.29833333,131.4916667
2016/6/15,12:52:19,熊本県熊本地方,32°47.2′N,130°42.8′E,8 km,2.2,震度１,32.78666667,130.7133333
2016/6/15,16:04:25,宮城県沖,38°20.5′N,141°39.7′E,53 km,3.3,震度１,38.34166667,141.6616667
2016/6/15,17:24:09,熊本県熊本地方,32°46.3′N,130°44.8′E,7 km,2.5,震度１,32.77166667,130.7466667
2016/6/15,20:08:47,熊本県熊本地方,32°41.0′N,130°42.1′E,10 km,2.1,震度１,32.68333333,130.7016667
2016/6/15,23:03:20,熊本県熊本地方,32°52.2′N,130°53.0′E,13 km,2.8,震度２,32.87,130.8833333
2016/6/16,0:00:50,熊本県熊本地方,32°33.1′N,130°43.5′E,8 km,2.3,震度１,32.55166667,130.725
2016/6/16,3:38:18,熊本県熊本地方,32°41.5′N,130°39.9′E,8 km,2.3,震度１,32.69166667,130.665
2016/6/16,5:02:00,熊本県熊本地方,33°01.8′N,130°44.3′E,1 km,1.4,震度１,33.03,130.7383333
2016/6/16,5:41:06,福島県沖,37°31.7′N,141°54.3′E,46 km,3.9,震度１,37.52833333,141.905
2016/6/16,9:05:50,内浦湾,41°57.1′N,140°59.4′E,10 km,2.2,震度１,41.95166667,140.99
2016/6/16,9:13:37,内浦湾,41°57.0′N,140°59.1′E,10 km,2.6,震度２,41.95,140.985
2016/6/16,9:43:58,宮城県沖,38°44.5′N,142°28.2′E,40 km,3.2,震度１,38.74166667,142.47
2016/6/16,10:58:14,トカラ列島近海,29°36.0′N,129°45.2′E,10 km,2.7,震度１,29.6,129.7533333
2016/6/16,11:56:12,熊本県天草・芦北地方,32°20.4′N,130°30.4′E,7 km,2.2,震度１,32.34,130.5066667
2016/6/16,14:15:59,熊本県熊本地方,32°36.9′N,130°42.6′E,3 km,2.2,震度１,32.615,130.71
2016/6/16,14:21:28,内浦湾,41°56.9′N,140°59.2′E,11 km,5.3,震度６弱,41.94833333,140.9866667
2016/6/16,14:23:30,内浦湾,41°55.2′N,141°00.8′E,10 km,3.3,震度２,41.92,141.0133333
2016/6/16,14:24:51,内浦湾,41°57.6′N,140°59.4′E,10 km,2.5,震度１,41.96,140.99
2016/6/16,14:25:28,内浦湾,41°56.4′N,140°59.0′E,9 km,2.3,震度１,41.94,140.9833333
2016/6/16,14:42:18,内浦湾,41°56.2′N,140°59.5′E,10 km,2.6,震度２,41.93666667,140.9916667
2016/6/16,15:12:27,熊本県阿蘇地方,32°59.8′N,131°06.6′E,9 km,2.4,震度１,32.99666667,131.11
2016/6/16,15:13:29,内浦湾,41°56.7′N,140°59.6′E,10 km,2,震度１,41.945,140.9933333
2016/6/16,15:34:50,内浦湾,41°56.6′N,141°00.5′E,10 km,1.9,震度１,41.94333333,141.0083333
2016/6/16,17:07:58,内浦湾,41°56.4′N,140°58.4′E,10 km,2.3,震度２,41.94,140.9733333
2016/6/16,17:36:18,内浦湾,41°55.7′N,140°59.5′E,9 km,1.8,震度１,41.92833333,140.9916667
2016/6/16,18:35:46,茨城県南部,36°03.2′N,139°54.6′E,44 km,3.6,震度２,36.05333333,139.91
2016/6/16,18:55:12,熊本県熊本地方,32°37.0′N,130°42.4′E,4 km,1.7,震度１,32.61666667,130.7066667
2016/6/16,19:47:49,内浦湾,41°56.4′N,140°58.6′E,10 km,2.1,震度１,41.94,140.9766667
2016/6/16,19:58:37,内浦湾,41°56.6′N,140°58.7′E,9 km,3.3,震度３,41.94333333,140.9783333
2016/6/16,20:52:02,内浦湾,41°57.5′N,140°59.5′E,11 km,2.1,震度１,41.95833333,140.9916667
2016/6/16,23:28:36,トカラ列島近海,29°36.1′N,129°45.4′E,9 km,2.7,震度１,29.60166667,129.7566667
2016/6/17,1:43:00,和歌山県北部,34°04.5′N,135°15.1′E,6 km,3.1,震度２,34.075,135.2516667
2016/6/17,6:41:59,奄美大島近海,28°16.0′N,130°33.5′E,53 km,4.7,震度２,28.26666667,130.5583333
2016/6/17,11:43:27,熊本県天草・芦北地方,32°19.0′N,130°26.5′E,6 km,2.9,震度１,32.31666667,130.4416667
2016/6/17,12:18:41,熊本県熊本地方,32°47.7′N,130°44.5′E,5 km,1.7,震度１,32.795,130.7416667
2016/6/17,12:27:13,熊本県熊本地方,32°26.7′N,130°40.9′E,7 km,2,震度１,32.445,130.6816667
2016/6/17,19:43:01,内浦湾,41°55.3′N,140°58.3′E,11 km,1.8,震度１,41.92166667,140.9716667
2016/6/17,22:11:58,熊本県熊本地方,32°43.5′N,130°37.9′E,11 km,2.5,震度１,32.725,130.6316667
2016/6/17,22:15:25,熊本県熊本地方,32°43.5′N,130°38.1′E,10 km,2.1,震度１,32.725,130.635
2016/6/18,0:27:48,内浦湾,41°55.3′N,140°59.8′E,9 km,1.8,震度１,41.92166667,140.9966667
2016/6/18,1:14:50,熊本県熊本地方,32°37.9′N,130°41.1′E,7 km,2.5,震度１,32.63166667,130.685
2016/6/18,1:33:26,内浦湾,41°56.0′N,140°58.6′E,9 km,1.9,震度１,41.93333333,140.9766667
2016/6/18,8:11:59,内浦湾,41°56.5′N,141°01.6′E,8 km,1.6,震度１,41.94166667,141.0266667
2016/6/18,8:50:14,茨城県沖,36°23.0′N,140°45.6′E,25 km,4.2,震度３,36.38333333,140.76
2016/6/18,11:49:38,内浦湾,41°56.1′N,140°58.5′E,9 km,1.7,震度１,41.935,140.975
2016/6/18,12:13:29,熊本県熊本地方,32°51.3′N,130°51.8′E,7 km,2.3,震度１,32.855,130.8633333
2016/6/18,18:57:37,大分県南部,33°04.4′N,132°00.4′E,48 km,3.3,震度１,33.07333333,132.0066667
2016/6/18,20:20:43,内浦湾,41°55.6′N,140°59.7′E,10 km,2.2,震度１,41.92666667,140.995
2016/6/18,20:46:55,熊本県熊本地方,32°41.4′N,130°42.4′E,10 km,4.6,震度４,32.69,130.7066667
2016/6/18,21:10:42,千葉県東方沖,35°47.7′N,140°55.4′E,31 km,3.2,震度１,35.795,140.9233333
2016/6/18,21:58:45,熊本県熊本地方,32°41.4′N,130°42.5′E,10 km,2.7,震度２,32.69,130.7083333
2016/6/18,22:15:36,熊本県熊本地方,32°41.5′N,130°42.6′E,11 km,2.3,震度１,32.69166667,130.71
2016/6/18,22:47:53,内浦湾,41°56.4′N,140°58.8′E,9 km,2.1,震度１,41.94,140.98
2016/6/19,0:13:36,内浦湾,41°56.1′N,140°58.5′E,10 km,1.6,震度１,41.935,140.975
2016/6/19,1:04:42,大分県中部,33°16.8′N,131°24.7′E,8 km,2.1,震度１,33.28,131.4116667
2016/6/19,2:39:39,宮城県沖,38°20.6′N,141°51.4′E,61 km,3.8,震度１,38.34333333,141.8566667
2016/6/19,4:59:36,熊本県熊本地方,32°45.8′N,130°44.4′E,10 km,3.1,震度２,32.76333333,130.74
2016/6/19,6:21:32,トカラ列島近海,29°36.5′N,129°45.8′E,7 km,2.6,震度１,29.60833333,129.7633333
2016/6/19,7:07:00,内浦湾,41°54.4′N,141°00.4′E,10 km,1.9,震度１,41.90666667,141.0066667
2016/6/19,12:53:08,内浦湾,41°56.3′N,140°58.4′E,9 km,1.8,震度１,41.93833333,140.9733333
2016/6/19,13:51:31,熊本県熊本地方,32°41.6′N,130°43.0′E,11 km,2.3,震度１,32.69333333,130.7166667
2016/6/19,15:47:07,熊本県熊本地方,32°49.8′N,130°50.2′E,9 km,2.3,震度１,32.83,130.8366667
2016/6/19,16:28:16,千葉県北西部,35°35.7′N,140°07.3′E,68 km,3.2,震度１,35.595,140.1216667
2016/6/19,16:59:21,熊本県阿蘇地方,32°59.4′N,131°11.0′E,9 km,2.5,震度１,32.99,131.1833333
2016/6/19,19:36:30,熊本県熊本地方,32°38.3′N,130°41.8′E,7 km,2.8,震度２,32.63833333,130.6966667
2016/6/19,21:56:24,熊本県熊本地方,32°33.2′N,130°41.9′E,10 km,2.9,震度１,32.55333333,130.6983333
2016/6/19,23:03:04,内浦湾,41°54.5′N,141°00.2′E,10 km,1.9,震度１,41.90833333,141.0033333
2016/6/20,3:48:04,茨城県沖,36°13.8′N,141°00.0′E,42 km,3.2,震度１,36.23,141
2016/6/20,6:33:44,熊本県熊本地方,32°41.3′N,130°48.5′E,5 km,2.3,震度１,32.68833333,130.8083333
2016/6/20,6:39:05,熊本県熊本地方,32°41.3′N,130°48.5′E,7 km,3.3,震度３,32.68833333,130.8083333
2016/6/20,9:08:33,広島県北部,35°04.1′N,133°02.2′E,6 km,3.9,震度３,35.06833333,133.0366667
2016/6/20,10:03:25,熊本県熊本地方,32°48.5′N,130°42.8′E,6 km,2.4,震度２,32.80833333,130.7133333
2016/6/20,11:18:55,内浦湾,41°55.5′N,140°59.5′E,9 km,2.1,震度２,41.925,140.9916667
2016/6/20,11:19:41,広島県北部,35°04.0′N,133°02.4′E,6 km,2.8,震度２,35.06666667,133.04
2016/6/20,12:09:50,北海道北西沖,44°26.8′N,141°18.5′E,10 km,2.9,震度２,44.44666667,141.3083333
2016/6/20,12:19:38,熊本県熊本地方,32°48.3′N,130°44.5′E,5 km,1.5,震度１,32.805,130.7416667
2016/6/20,12:40:11,熊本県熊本地方,32°34.2′N,130°42.2′E,8 km,3.1,震度２,32.57,130.7033333
2016/6/20,14:51:20,熊本県熊本地方,32°36.9′N,130°40.7′E,12 km,2.9,震度１,32.615,130.6783333
2016/6/20,21:10:51,内浦湾,41°56.0′N,140°58.7′E,9 km,2.3,震度２,41.93333333,140.9783333
2016/6/21,0:10:09,内浦湾,41°55.4′N,140°59.6′E,10 km,4.2,震度４,41.92333333,140.9933333
2016/6/21,0:18:44,内浦湾,41°55.1′N,140°59.7′E,10 km,2.1,震度１,41.91833333,140.995
2016/6/21,9:50:00,内浦湾,41°56.5′N,140°58.6′E,10 km,2.4,震度２,41.94166667,140.9766667
2016/6/21,9:54:39,福島県中通り,36°53.1′N,140°33.4′E,8 km,3.8,震度２,36.885,140.5566667
2016/6/21,11:22:26,福島県中通り,36°53.0′N,140°33.7′E,9 km,3.3,震度１,36.88333333,140.5616667
2016/6/21,12:03:07,熊本県熊本地方,32°46.9′N,130°45.4′E,6 km,2.4,震度１,32.78166667,130.7566667
2016/6/21,12:20:23,内浦湾,41°54.4′N,141°00.3′E,11 km,2.5,震度２,41.90666667,141.005
2016/6/21,13:46:37,父島近海,27°11.4′N,142°05.7′E,62 km,4.9,震度１,27.19,142.095
2016/6/21,14:14:09,熊本県熊本地方,32°41.9′N,130°35.9′E,10 km,3.2,震度２,32.69833333,130.5983333
2016/6/21,15:39:19,熊本県熊本地方,32°32.8′N,130°43.5′E,5 km,1.8,震度１,32.54666667,130.725
2016/6/21,15:46:46,熊本県熊本地方,32°28.1′N,130°38.0′E,10 km,3.5,震度２,32.46833333,130.6333333
2016/6/21,17:45:23,熊本県熊本地方,32°42.0′N,130°36.1′E,10 km,3.5,震度３,32.7,130.6016667
2016/6/21,19:21:37,茨城県南部,36°00.8′N,139°54.0′E,41 km,3.4,震度２,36.01333333,139.9
2016/6/21,19:28:10,熊本県熊本地方,32°42.0′N,130°36.5′E,9 km,2.2,震度１,32.7,130.6083333
2016/6/21,19:54:13,内浦湾,41°55.3′N,140°59.4′E,10 km,2.3,震度２,41.92166667,140.99
2016/6/21,20:03:25,熊本県熊本地方,32°45.9′N,130°47.1′E,12 km,2.2,震度１,32.765,130.785
2016/6/21,20:05:11,福島県中通り,36°52.8′N,140°33.5′E,7 km,3.2,震度１,36.88,140.5583333
2016/6/21,20:17:18,熊本県熊本地方,32°28.3′N,130°38.1′E,10 km,2.6,震度１,32.47166667,130.635
2016/6/21,20:42:34,熊本県熊本地方,32°41.3′N,130°42.4′E,10 km,2.3,震度１,32.68833333,130.7066667
2016/6/22,5:38:37,熊本県熊本地方,32°41.6′N,130°42.6′E,11 km,3.9,震度４,32.69333333,130.71
2016/6/22,9:54:41,北海道南西沖,42°07.7′N,139°21.1′E,9 km,3.1,震度１,42.12833333,139.3516667
2016/6/22,11:40:44,熊本県熊本地方,32°41.5′N,130°42.8′E,11 km,3.1,震度２,32.69166667,130.7133333
2016/6/22,12:41:17,宮城県沖,38°28.1′N,141°36.1′E,56 km,3.7,震度２,38.46833333,141.6016667
2016/6/22,14:52:13,熊本県熊本地方,32°47.1′N,130°46.1′E,13 km,2.5,震度１,32.785,130.7683333
2016/6/22,18:16:29,熊本県熊本地方,32°48.2′N,130°42.1′E,6 km,1.3,震度１,32.80333333,130.7016667
2016/6/23,0:51:14,熊本県熊本地方,32°47.1′N,130°39.7′E,7 km,2.2,震度２,32.785,130.6616667
2016/6/23,5:10:40,熊本県熊本地方,32°49.3′N,130°38.0′E,5 km,2.2,震度１,32.82166667,130.6333333
2016/6/23,10:39:24,熊本県熊本地方,32°50.9′N,130°49.3′E,14 km,2.3,震度１,32.84833333,130.8216667
2016/6/23,11:02:41,青森県三八上北地方,40°22.5′N,141°15.5′E,7 km,2.3,震度１,40.375,141.2583333
2016/6/23,11:28:06,熊本県熊本地方,32°41.5′N,130°43.1′E,10 km,2.4,震度１,32.69166667,130.7183333
2016/6/23,12:59:28,岐阜県美濃中西部,35°46.6′N,136°26.9′E,9 km,3.4,震度１,35.77666667,136.4483333
2016/6/23,15:15:29,熊本県熊本地方,32°40.4′N,130°37.6′E,11 km,3.5,震度２,32.67333333,130.6266667
2016/6/23,17:02:29,熊本県熊本地方,32°39.5′N,130°41.1′E,10 km,2,震度１,32.65833333,130.685
2016/6/23,20:45:06,奄美大島近海,28°15.6′N,129°27.7′E,33 km,3.2,震度１,28.26,129.4616667
2016/6/23,22:29:16,青森県東方沖,40°29.5′N,142°02.8′E,58 km,3.3,震度１,40.49166667,142.0466667
2016/6/23,23:33:13,有明海,32°48.4′N,130°31.7′E,13 km,2.9,震度１,32.80666667,130.5283333
2016/6/24,1:10:23,熊本県熊本地方,32°37.5′N,130°41.4′E,6 km,2.5,震度２,32.625,130.69
2016/6/24,3:06:18,有明海,32°48.1′N,130°31.8′E,12 km,3,震度１,32.80166667,130.53
2016/6/24,5:43:19,熊本県熊本地方,32°50.9′N,130°49.9′E,10 km,2.9,震度２,32.84833333,130.8316667
2016/6/24,6:05:31,与那国島近海,23°29.8′N,123°19.9′E,54 km,6.2,震度２,23.49666667,123.3316667
2016/6/24,12:14:58,陸奥湾,40°55.4′N,141°11.6′E,97 km,3.8,震度１,40.92333333,141.1933333
2016/6/24,17:13:19,茨城県沖,36°36.6′N,141°00.4′E,46 km,3.5,震度１,36.61,141.0066667
2016/6/24,17:16:19,岩手県内陸北部,39°50.4′N,140°50.5′E,3 km,3,震度１,39.84,140.8416667
2016/6/25,1:40:32,浦河沖,41°59.2′N,142°31.7′E,59 km,3.8,震度１,41.98666667,142.5283333
2016/6/25,5:16:14,胆振地方中東部,42°44.1′N,141°57.9′E,13 km,2.5,震度１,42.735,141.965
2016/6/25,7:03:50,浦河沖,42°02.5′N,142°08.6′E,89 km,3.8,震度１,42.04166667,142.1433333
2016/6/25,10:28:27,熊本県熊本地方,32°47.5′N,130°41.2′E,9 km,1.8,震度１,32.79166667,130.6866667
2016/6/25,11:36:13,福島県中通り,36°53.1′N,140°33.5′E,7 km,3.7,震度２,36.885,140.5583333
2016/6/25,12:35:02,長野県北部,36°48.2′N,137°53.5′E,3 km,2.2,震度１,36.80333333,137.8916667
2016/6/25,13:22:25,熊本県天草・芦北地方,32°19.2′N,130°26.9′E,7 km,3,震度２,32.32,130.4483333
2016/6/25,13:51:57,新潟県上越地方,36°49.0′N,137°49.9′E,0 km,4.8,震度４,36.81666667,137.8316667
2016/6/25,15:25:49,新潟県上越地方,36°48.9′N,137°49.9′E,0 km,2.6,震度１,36.815,137.8316667
2016/6/25,16:48:48,トカラ列島近海,29°33.8′N,129°43.5′E,3 km,2.5,震度１,29.56333333,129.725
2016/6/25,19:44:38,熊本県熊本地方,32°41.9′N,130°46.8′E,11 km,2.5,震度１,32.69833333,130.78
2016/6/25,21:33:33,新潟県上越地方,36°49.3′N,137°49.6′E,0 km,3.3,震度２,36.82166667,137.8266667
2016/6/26,0:06:06,熊本県熊本地方,32°37.6′N,130°41.8′E,9 km,3.4,震度３,32.62666667,130.6966667
2016/6/26,2:44:12,新潟県上越地方,36°49.6′N,137°49.3′E,0 km,2.8,震度１,36.82666667,137.8216667
2016/6/26,6:08:34,福島県沖,37°33.7′N,141°29.1′E,53 km,3.3,震度１,37.56166667,141.485
2016/6/26,11:33:43,青森県東方沖,40°50.9′N,142°35.3′E,66 km,3.9,震度１,40.84833333,142.5883333
2016/6/26,12:35:16,青森県東方沖,40°43.4′N,142°15.0′E,55 km,3.9,震度２,40.72333333,142.25
2016/6/26,18:14:57,新潟県上越地方,36°49.6′N,137°49.6′E,0 km,2.8,震度１,36.82666667,137.8266667
2016/6/26,19:33:41,新潟県上越地方,36°49.1′N,137°50.3′E,0 km,2.7,震度１,36.81833333,137.8383333
2016/6/26,23:37:37,熊本県熊本地方,32°45.7′N,130°44.4′E,10 km,2.2,震度１,32.76166667,130.74
2016/6/27,0:11:33,熊本県熊本地方,32°45.4′N,130°45.6′E,6 km,2.1,震度１,32.75666667,130.76
2016/6/27,3:28:38,新潟県上越地方,36°49.2′N,137°50.3′E,0 km,3.4,震度３,36.82,137.8383333
2016/6/27,3:34:17,新潟県上越地方,36°49.2′N,137°50.6′E,0 km,2.9,震度２,36.82,137.8433333
2016/6/27,5:09:39,熊本県熊本地方,32°41.5′N,130°42.5′E,11 km,2.9,震度２,32.69166667,130.7083333
2016/6/27,5:15:24,宮城県沖,38°48.3′N,142°10.1′E,36 km,3.5,震度１,38.805,142.1683333
2016/6/27,7:07:25,熊本県熊本地方,32°46.7′N,130°38.9′E,9 km,2.7,震度２,32.77833333,130.6483333
2016/6/27,7:57:04,福島県沖,36°59.3′N,142°24.1′E,19 km,5.9,震度３,36.98833333,142.4016667
2016/6/27,9:14:13,熊本県熊本地方,32°49.5′N,130°51.1′E,7 km,2.5,震度１,32.825,130.8516667
2016/6/27,11:25:17,釧路沖,42°29.5′N,144°14.7′E,58 km,3.7,震度１,42.49166667,144.245
2016/6/27,13:35:21,新潟県上中越沖,37°34.0′N,138°05.9′E,27 km,4.5,震度２,37.56666667,138.0983333
2016/6/27,13:36:21,新潟県上中越沖,37°34.0′N,138°06.3′E,26 km,4.6,震度３,37.56666667,138.105
2016/6/27,17:47:42,岩手県沖,40°08.8′N,142°25.0′E,35 km,3.9,震度１,40.14666667,142.4166667
2016/6/27,19:48:13,新潟県上越地方,36°49.0′N,137°50.4′E,0 km,3.3,震度２,36.81666667,137.84
2016/6/27,20:11:02,新潟県上越地方,36°49.0′N,137°50.2′E,0 km,2.9,震度２,36.81666667,137.8366667
2016/6/28,1:20:42,熊本県熊本地方,32°43.6′N,130°47.4′E,8 km,1.8,震度１,32.72666667,130.79
2016/6/28,4:28:08,熊本県熊本地方,32°47.5′N,130°40.3′E,8 km,2,震度１,32.79166667,130.6716667
2016/6/28,8:15:09,熊本県阿蘇地方,32°58.1′N,131°05.1′E,7 km,2.8,震度２,32.96833333,131.085
2016/6/28,8:23:46,熊本県阿蘇地方,32°57.9′N,131°05.0′E,8 km,2.2,震度１,32.965,131.0833333
2016/6/28,8:24:41,熊本県阿蘇地方,32°58.2′N,131°05.4′E,8 km,2.3,震度１,32.97,131.09
2016/6/28,11:27:12,宮城県沖,38°39.5′N,141°40.1′E,67 km,3.7,震度１,38.65833333,141.6683333
2016/6/28,11:50:51,千葉県南部,35°16.1′N,140°12.5′E,18 km,3.1,震度１,35.26833333,140.2083333
2016/6/28,13:19:30,熊本県天草・芦北地方,32°18.8′N,130°26.7′E,7 km,3.1,震度２,32.31333333,130.445
2016/6/28,22:45:52,熊本県熊本地方,32°44.5′N,131°08.6′E,10 km,2.3,震度１,32.74166667,131.1433333
2016/6/29,1:10:43,渡島地方東部,41°54.0′N,140°59.7′E,11 km,2.1,震度１,41.9,140.995
2016/6/29,1:27:56,渡島地方東部,41°54.1′N,140°59.6′E,11 km,2.7,震度２,41.90166667,140.9933333
2016/6/29,4:30:57,新潟県上越地方,36°48.9′N,137°49.9′E,0 km,3.3,震度２,36.815,137.8316667
2016/6/29,5:50:49,熊本県熊本地方,32°46.4′N,130°44.7′E,8 km,2,震度１,32.77333333,130.745
2016/6/29,7:50:29,熊本県熊本地方,32°35.1′N,130°39.1′E,13 km,3.6,震度３,32.585,130.6516667
2016/6/29,9:47:01,熊本県熊本地方,32°31.7′N,130°41.4′E,10 km,3.1,震度２,32.52833333,130.69
2016/6/29,11:35:31,茨城県北部,36°31.4′N,140°34.3′E,57 km,3.6,震度３,36.52333333,140.5716667
2016/6/29,12:19:20,熊本県天草・芦北地方,32°18.4′N,130°30.1′E,4 km,2.5,震度１,32.30666667,130.5016667
2016/6/29,12:51:51,茨城県沖,36°25.8′N,141°05.8′E,45 km,3.4,震度１,36.43,141.0966667
2016/6/29,14:01:37,宮城県沖,38°11.0′N,141°41.2′E,50 km,3.9,震度２,38.18333333,141.6866667
2016/6/29,14:37:18,熊本県熊本地方,32°47.0′N,130°39.6′E,6 km,1.6,震度１,32.78333333,130.66
2016/6/29,23:14:28,熊本県熊本地方,32°49.7′N,130°53.6′E,8 km,3.9,震度４,32.82833333,130.8933333
2016/6/30,0:12:03,熊本県熊本地方,32°49.7′N,130°53.6′E,8 km,2.3,震度１,32.82833333,130.8933333
2016/6/30,0:22:27,熊本県熊本地方,32°49.8′N,130°53.5′E,8 km,2.6,震度１,32.83,130.8916667
2016/6/30,1:11:10,熊本県熊本地方,32°49.7′N,130°53.6′E,8 km,2.5,震度２,32.82833333,130.8933333
2016/6/30,3:12:43,三陸沖,39°52.0′N,144°36.3′E,43 km,5.2,震度２,39.86666667,144.605
2016/6/30,3:30:09,渡島地方東部,41°54.0′N,140°59.6′E,11 km,2.6,震度２,41.9,140.9933333
2016/6/30,4:17:21,千葉県北西部,35°41.2′N,140°07.2′E,66 km,3.2,震度１,35.68666667,140.12
2016/6/30,5:14:24,熊本県熊本地方,32°49.8′N,130°51.0′E,7 km,2.3,震度１,32.83,130.85
2016/6/30,7:02:18,熊本県熊本地方,32°35.5′N,130°40.4′E,10 km,2.6,震度１,32.59166667,130.6733333
2016/6/30,9:22:55,内浦湾,41°56.0′N,140°59.2′E,9 km,1.9,震度１,41.93333333,140.9866667
2016/6/30,16:20:39,熊本県熊本地方,32°48.5′N,130°42.6′E,4 km,2.1,震度１,32.80833333,130.71
2016/6/30,17:58:15,熊本県熊本地方,32°48.4′N,130°42.3′E,4 km,1.9,震度１,32.80666667,130.705
2016/6/30,18:48:54,熊本県熊本地方,32°37.3′N,130°42.2′E,8 km,2.1,震度１,32.62166667,130.7033333
2016/6/30,22:54:23,東京都２３区,35°42.1′N,139°37.4′E,30 km,3.4,震度３,35.70166667,139.6233333
2016/7/1,5:01:29,熊本県熊本地方,32°41.1′N,130°42.1′E,12 km,2.3,震度１,32.685,130.7016667
2016/7/1,6:26:28,茨城県南部,36°07.7′N,139°49.4′E,50 km,3.8,震度２,36.12833333,139.8233333
2016/7/1,7:15:48,熊本県熊本地方,32°42.1′N,130°40.3′E,13 km,2.4,震度１,32.70166667,130.6716667
2016/7/1,8:04:57,新潟県上越地方,36°49.3′N,137°50.7′E,0 km,4.6,震度３,36.82166667,137.845
2016/7/1,9:11:44,長野県北部,36°49.7′N,137°51.1′E,0 km,2.3,震度１,36.82833333,137.8516667
2016/7/1,9:45:59,宮城県沖,38°33.4′N,142°21.3′E,38 km,4,震度２,38.55666667,142.355
2016/7/1,11:59:42,熊本県熊本地方,32°48.1′N,130°43.2′E,5 km,1.4,震度１,32.80166667,130.72
2016/7/1,14:23:59,熊本県阿蘇地方,32°57.8′N,131°07.1′E,10 km,3.5,震度３,32.96333333,131.1183333
2016/7/1,14:39:58,伊予灘,33°32.4′N,131°48.1′E,76 km,4.4,震度３,33.54,131.8016667
2016/7/1,17:23:42,台湾付近,23°57.5′N,122°17.7′E,18 km,4.7,震度１,23.95833333,122.295
2016/7/1,20:02:14,茨城県南部,36°18.3′N,140°00.7′E,72 km,3.3,震度１,36.305,140.0116667
2016/7/2,2:09:48,熊本県熊本地方,32°39.8′N,130°45.9′E,6 km,2.3,震度２,32.66333333,130.765
2016/7/2,3:18:16,熊本県熊本地方,32°38.9′N,130°37.7′E,11 km,3.5,震度２,32.64833333,130.6283333
2016/7/2,8:49:37,茨城県沖,36°15.2′N,140°55.9′E,38 km,4.2,震度２,36.25333333,140.9316667
2016/7/2,10:47:50,北海道東方沖,43°14.3′N,146°52.0′E,55 km,4.9,震度２,43.23833333,146.8666667
2016/7/2,12:55:22,熊本県熊本地方,32°43.2′N,130°40.8′E,13 km,2.3,震度１,32.72,130.68
2016/7/2,14:25:31,東京湾,35°38.7′N,140°01.4′E,69 km,3,震度１,35.645,140.0233333
2016/7/2,18:44:46,渡島地方東部,41°54.3′N,140°59.3′E,10 km,1.9,震度１,41.905,140.9883333
2016/7/2,23:18:43,熊本県熊本地方,32°44.0′N,130°46.0′E,10 km,2.1,震度１,32.73333333,130.7666667
2016/7/3,1:15:43,熊本県熊本地方,32°48.2′N,130°42.6′E,8 km,2,震度１,32.80333333,130.71
2016/7/3,5:45:22,広島県北部,35°04.0′N,133°02.3′E,6 km,2.5,震度１,35.06666667,133.0383333
2016/7/3,12:33:59,熊本県熊本地方,32°33.1′N,130°38.9′E,3 km,1.8,震度１,32.55166667,130.6483333
2016/7/3,16:21:10,熊本県熊本地方,32°30.9′N,130°37.4′E,4 km,2.4,震度１,32.515,130.6233333
2016/7/3,16:51:35,熊本県熊本地方,32°49.7′N,130°47.4′E,15 km,3.8,震度３,32.82833333,130.79
2016/7/3,17:50:29,栃木県北部,36°37.2′N,139°25.1′E,8 km,2.2,震度１,36.62,139.4183333
2016/7/3,18:06:01,岩手県沖,39°37.8′N,142°06.6′E,49 km,4,震度２,39.63,142.11
2016/7/3,23:57:23,内浦湾,41°55.9′N,140°59.1′E,9 km,1.6,震度１,41.93166667,140.985
2016/7/4,1:27:45,茨城県沖,36°38.4′N,140°55.9′E,49 km,3.5,震度２,36.64,140.9316667
2016/7/4,1:40:03,熊本県熊本地方,32°48.9′N,130°37.4′E,7 km,1.9,震度１,32.815,130.6233333
2016/7/4,4:09:17,岐阜県飛騨地方,36°03.0′N,137°31.1′E,6 km,1.9,震度１,36.05,137.5183333
2016/7/4,6:51:07,熊本県熊本地方,32°33.7′N,130°39.0′E,11 km,3.2,震度２,32.56166667,130.65
2016/7/4,7:07:20,熊本県熊本地方,32°33.7′N,130°38.9′E,10 km,2.7,震度１,32.56166667,130.6483333
2016/7/4,7:15:00,熊本県熊本地方,32°39.8′N,130°43.2′E,13 km,2.5,震度１,32.66333333,130.72
2016/7/4,7:43:21,有明海,32°47.2′N,130°33.1′E,13 km,3,震度１,32.78666667,130.5516667
2016/7/4,9:27:00,熊本県熊本地方,32°42.0′N,130°42.9′E,13 km,2.9,震度２,32.7,130.715
2016/7/4,9:55:03,釧路沖,42°48.9′N,145°27.2′E,47 km,4.4,震度３,42.815,145.4533333
2016/7/4,10:51:00,新島・神津島近海,34°21.3′N,139°13.6′E,6 km,1.8,震度１,34.355,139.2266667
2016/7/4,11:00:57,茨城県南部,36°18.8′N,140°01.5′E,71 km,3.5,震度１,36.31333333,140.025
2016/7/4,11:03:58,トカラ列島近海,29°12.2′N,129°06.5′E,15 km,3.2,震度３,29.20333333,129.1083333
2016/7/4,11:11:33,トカラ列島近海,29°10.9′N,129°18.7′E,12 km,2.7,震度２,29.18166667,129.3116667
2016/7/4,11:14:24,トカラ列島近海,29°12.2′N,129°13.5′E,16 km,3.7,震度３,29.20333333,129.225
2016/7/4,11:15:15,トカラ列島近海,29°12.9′N,129°07.1′E,13 km,3.4,震度３,29.215,129.1183333
2016/7/4,11:17:40,トカラ列島近海,29°13.6′N,129°12.9′E,15 km,3.2,震度２,29.22666667,129.215
2016/7/4,11:18:47,トカラ列島近海,29°11.5′N,129°12.1′E,17 km,3.5,震度３,29.19166667,129.2016667
2016/7/4,11:23:50,トカラ列島近海,29°11.3′N,129°12.7′E,14 km,2.7,震度２,29.18833333,129.2116667
2016/7/4,11:24:19,トカラ列島近海,29°10.0′N,129°14.3′E,13 km,3.9,震度３,29.16666667,129.2383333
2016/7/4,11:37:25,トカラ列島近海,29°13.7′N,129°13.6′E,10 km,2.3,震度１,29.22833333,129.2266667
2016/7/4,11:38:28,トカラ列島近海,29°11.4′N,129°15.3′E,12 km,2.5,震度１,29.19,129.255
2016/7/4,11:46:31,トカラ列島近海,29°09.0′N,129°11.7′E,12 km,2.5,震度１,29.15,129.195
2016/7/4,11:48:11,トカラ列島近海,29°10.3′N,129°10.1′E,11 km,2,震度１,29.17166667,129.1683333
2016/7/4,11:51:00,トカラ列島近海,29°13.2′N,129°15.3′E,18 km,3.3,震度２,29.22,129.255
2016/7/4,11:58:02,トカラ列島近海,29°11.6′N,129°11.3′E,12 km,3.1,震度３,29.19333333,129.1883333
2016/7/4,13:29:10,トカラ列島近海,29°11.4′N,129°09.4′E,10 km,2.5,震度１,29.19,129.1566667
2016/7/4,13:41:34,千葉県東方沖,35°47.5′N,140°58.6′E,30 km,3.3,震度１,35.79166667,140.9766667
2016/7/4,13:42:47,宮城県北部,38°50.5′N,141°35.8′E,74 km,3.7,震度２,38.84166667,141.5966667
2016/7/4,13:45:36,トカラ列島近海,29°11.5′N,129°09.8′E,11 km,3,震度２,29.19166667,129.1633333
2016/7/4,13:52:53,内浦湾,41°55.7′N,140°58.9′E,9 km,2,震度１,41.92833333,140.9816667
2016/7/4,14:36:19,茨城県南部,35°59.4′N,140°14.7′E,40 km,3.3,震度１,35.99,140.245
2016/7/4,16:31:31,熊本県熊本地方,32°33.6′N,130°39.1′E,11 km,2.8,震度１,32.56,130.6516667
2016/7/4,18:05:06,有明海,32°46.6′N,130°29.8′E,10 km,3,震度１,32.77666667,130.4966667
2016/7/4,18:43:32,トカラ列島近海,29°10.6′N,129°06.9′E,8 km,2.2,震度１,29.17666667,129.115
2016/7/4,19:14:40,熊本県熊本地方,32°32.6′N,130°39.5′E,7 km,2.3,震度１,32.54333333,130.6583333
2016/7/4,20:42:14,熊本県熊本地方,32°39.0′N,130°38.1′E,11 km,2.5,震度１,32.65,130.635
2016/7/4,22:48:48,茨城県南部,36°09.9′N,139°48.9′E,54 km,4,震度３,36.165,139.815
2016/7/5,5:03:06,熊本県阿蘇地方,32°58.3′N,131°06.4′E,6 km,2.4,震度１,32.97166667,131.1066667
2016/7/5,11:19:39,熊本県熊本地方,32°46.0′N,130°44.5′E,7 km,1.7,震度１,32.76666667,130.7416667
2016/7/5,12:46:11,千葉県東方沖,35°47.1′N,141°01.1′E,35 km,4.5,震度２,35.785,141.0183333
2016/7/5,15:01:28,茨城県沖,35°54.0′N,140°59.5′E,36 km,3.7,震度２,35.9,140.9916667
2016/7/5,20:33:04,朝鮮半島南部,35°36.8′N,129°52.4′E,37 km,4.9,震度２,35.61333333,129.8733333
2016/7/6,0:20:49,岐阜県美濃中西部,35°23.4′N,136°52.2′E,7 km,2.2,震度２,35.39,136.87
2016/7/6,7:25:17,福島県中通り,37°05.9′N,140°26.5′E,7 km,3,震度２,37.09833333,140.4416667
2016/7/6,8:47:26,千葉県東方沖,35°41.5′N,141°02.7′E,17 km,4.4,震度２,35.69166667,141.045
2016/7/6,14:37:06,熊本県阿蘇地方,33°03.0′N,131°06.5′E,10 km,2.5,震度１,33.05,131.1083333
2016/7/6,22:53:42,熊本県熊本地方,32°37.7′N,130°38.9′E,7 km,2.5,震度２,32.62833333,130.6483333
2016/7/6,22:54:51,熊本県阿蘇地方,33°03.1′N,131°06.4′E,10 km,2.9,震度１,33.05166667,131.1066667
2016/7/7,12:54:28,熊本県熊本地方,32°35.5′N,130°40.4′E,6 km,3.1,震度２,32.59166667,130.6733333
2016/7/7,15:59:40,熊本県熊本地方,32°49.8′N,130°53.6′E,8 km,2.2,震度１,32.83,130.8933333
2016/7/7,20:18:32,熊本県阿蘇地方,33°03.1′N,131°06.6′E,11 km,3.8,震度３,33.05166667,131.11
2016/7/7,22:14:15,根室半島南東沖,43°05.0′N,145°34.1′E,64 km,3.8,震度１,43.08333333,145.5683333
2016/7/8,8:09:51,熊本県熊本地方,32°42.9′N,130°44.5′E,13 km,2.5,震度１,32.715,130.7416667
2016/7/8,10:22:07,熊本県天草・芦北地方,32°17.8′N,130°31.9′E,6 km,2.1,震度１,32.29666667,130.5316667
2016/7/8,13:02:54,熊本県熊本地方,32°41.8′N,130°46.8′E,11 km,2.6,震度１,32.69666667,130.78
2016/7/8,13:03:37,宮城県沖,38°38.1′N,141°54.4′E,48 km,3.5,震度１,38.635,141.9066667
2016/7/8,16:25:51,熊本県熊本地方,32°32.7′N,130°41.0′E,11 km,2.8,震度１,32.545,130.6833333
2016/7/9,0:35:12,宮城県北部,38°44.4′N,141°28.6′E,104 km,3.4,震度１,38.74,141.4766667
2016/7/9,1:01:44,熊本県熊本地方,32°48.1′N,130°42.2′E,8 km,1.8,震度１,32.80166667,130.7033333
2016/7/9,2:43:34,熊本県熊本地方,32°48.2′N,130°41.5′E,7 km,2.4,震度１,32.80333333,130.6916667
2016/7/9,4:56:35,熊本県天草・芦北地方,32°37.0′N,130°39.2′E,4 km,1.4,震度１,32.61666667,130.6533333
2016/7/9,6:28:50,栃木県北部,36°44.3′N,139°24.1′E,5 km,4.4,震度３,36.73833333,139.4016667
2016/7/9,7:19:11,熊本県天草・芦北地方,32°10.8′N,130°24.9′E,3 km,2.2,震度１,32.18,130.415
2016/7/9,7:56:01,熊本県熊本地方,32°47.3′N,130°39.2′E,12 km,2,震度１,32.78833333,130.6533333
2016/7/9,9:54:36,福島県沖,37°10.0′N,141°24.3′E,48 km,4.3,震度３,37.16666667,141.405
2016/7/9,11:10:05,種子島近海,30°42.9′N,130°40.0′E,61 km,4,震度２,30.715,130.6666667
2016/7/9,11:24:00,熊本県熊本地方,32°46.1′N,130°38.9′E,12 km,2.2,震度１,32.76833333,130.6483333
2016/7/9,12:02:18,和歌山県北部,34°06.4′N,135°17.3′E,7 km,2.4,震度１,34.10666667,135.2883333
2016/7/9,14:36:51,宮城県沖,38°41.9′N,141°47.8′E,53 km,2.9,震度１,38.69833333,141.7966667
2016/7/9,14:54:15,栃木県北部,36°44.4′N,139°24.0′E,5 km,2.6,震度１,36.74,139.4
2016/7/9,15:42:08,熊本県阿蘇地方,32°56.5′N,131°03.2′E,7 km,2.7,震度１,32.94166667,131.0533333
2016/7/9,17:52:10,熊本県天草・芦北地方,32°21.8′N,130°33.2′E,5 km,3.9,震度３,32.36333333,130.5533333
2016/7/9,18:05:19,有明海,32°44.0′N,130°36.1′E,12 km,4.5,震度４,32.73333333,130.6016667
2016/7/9,20:05:01,熊本県熊本地方,32°46.6′N,130°39.1′E,9 km,2.3,震度１,32.77666667,130.6516667
2016/7/9,21:22:36,茨城県沖,36°40.0′N,141°11.4′E,51 km,3.9,震度１,36.66666667,141.19
2016/7/10,5:07:44,熊本県熊本地方,32°40.8′N,130°42.7′E,15 km,2.7,震度１,32.68,130.7116667
2016/7/10,8:20:10,トカラ列島近海,29°11.1′N,129°11.6′E,9 km,2.4,震度１,29.185,129.1933333
2016/7/10,8:50:49,熊本県熊本地方,32°31.7′N,130°37.8′E,5 km,2,震度１,32.52833333,130.63
2016/7/10,15:33:54,三宅島近海,34°11.0′N,139°39.2′E,16 km,3.2,震度１,34.18333333,139.6533333
2016/7/10,18:24:48,熊本県熊本地方,32°46.1′N,130°38.8′E,12 km,1.8,震度１,32.76833333,130.6466667
2016/7/10,21:00:15,熊本県熊本地方,32°49.1′N,130°42.8′E,7 km,2.3,震度２,32.81833333,130.7133333
2016/7/10,21:02:27,熊本県熊本地方,32°35.8′N,130°42.1′E,10 km,2.4,震度１,32.59666667,130.7016667
2016/7/10,21:13:39,京都府南部,35°13.6′N,135°25.5′E,11 km,3,震度１,35.22666667,135.425
2016/7/11,5:05:49,トカラ列島近海,29°10.0′N,129°09.2′E,9 km,2.4,震度１,29.16666667,129.1533333
2016/7/11,8:37:47,トカラ列島近海,29°10.9′N,129°07.1′E,8 km,2.9,震度１,29.18166667,129.1183333
2016/7/11,9:46:20,内浦湾,41°55.6′N,141°00.3′E,8 km,2.9,震度３,41.92666667,141.005
2016/7/11,15:22:01,八丈島近海,33°25.5′N,139°25.7′E,31 km,4.9,震度１,33.425,139.4283333
2016/7/11,17:53:00,内浦湾,41°55.5′N,141°00.3′E,8 km,2.6,震度３,41.925,141.005
2016/7/11,18:52:20,内浦湾,41°55.5′N,141°00.2′E,8 km,2,震度２,41.925,141.0033333
2016/7/11,19:23:18,熊本県熊本地方,32°35.7′N,130°40.2′E,11 km,3.6,震度３,32.595,130.67
2016/7/11,20:29:03,茨城県沖,36°27.8′N,141°04.6′E,45 km,3.6,震度２,36.46333333,141.0766667
2016/7/12,0:07:27,熊本県熊本地方,32°27.0′N,130°40.6′E,7 km,2.9,震度３,32.45,130.6766667
2016/7/12,1:54:43,福島県沖,36°44.5′N,142°10.0′E,42 km,4.5,震度１,36.74166667,142.1666667
2016/7/12,5:54:20,八丈島近海,33°25.2′N,139°26.3′E,34 km,4.7,震度１,33.42,139.4383333
2016/7/12,6:56:50,八丈島近海,33°24.5′N,139°28.5′E,36 km,4.4,震度１,33.40833333,139.475
2016/7/12,7:34:01,八丈島近海,33°25.3′N,139°25.3′E,33 km,4.6,震度１,33.42166667,139.4216667
2016/7/12,10:41:47,熊本県熊本地方,32°39.1′N,130°40.8′E,10 km,2.8,震度２,32.65166667,130.68
2016/7/12,11:08:40,内浦湾,41°57.3′N,141°00.8′E,11 km,1.9,震度１,41.955,141.0133333
2016/7/12,12:01:23,宮城県沖,38°55.5′N,141°55.3′E,51 km,3.5,震度１,38.925,141.9216667
2016/7/12,16:55:23,熊本県熊本地方,32°35.9′N,130°40.0′E,11 km,3.1,震度１,32.59833333,130.6666667
2016/7/12,20:41:55,福島県沖,36°55.0′N,141°06.4′E,51 km,3.7,震度１,36.91666667,141.1066667
2016/7/13,3:53:34,北海道南西沖,42°19.4′N,139°14.9′E,22 km,4.1,震度３,42.32333333,139.2483333
2016/7/13,6:05:38,熊本県熊本地方,32°49.1′N,130°38.2′E,4 km,2.5,震度１,32.81833333,130.6366667
2016/7/13,7:46:10,茨城県南部,36°01.2′N,139°54.2′E,43 km,3.5,震度２,36.02,139.9033333
2016/7/13,8:02:25,宮崎県南部平野部,32°02.0′N,131°27.3′E,19 km,3.2,震度２,32.03333333,131.455
2016/7/13,8:50:36,長野県南部,35°53.7′N,138°08.1′E,5 km,2.6,震度１,35.895,138.135
2016/7/13,10:17:23,熊本県阿蘇地方,33°00.9′N,131°10.2′E,10 km,2.9,震度１,33.015,131.17
2016/7/13,15:25:40,熊本県熊本地方,32°46.4′N,130°45.4′E,5 km,1.8,震度１,32.77333333,130.7566667
2016/7/13,16:46:51,熊本県熊本地方,32°44.8′N,130°43.7′E,10 km,2.3,震度１,32.74666667,130.7283333
2016/7/13,19:19:01,日高地方中部,42°16.6′N,142°37.3′E,50 km,3.4,震度１,42.27666667,142.6216667
2016/7/13,19:45:07,栃木県北部,36°53.5′N,139°24.3′E,4 km,2.7,震度１,36.89166667,139.405
2016/7/14,3:08:59,熊本県熊本地方,32°46.3′N,130°49.3′E,12 km,2.6,震度１,32.77166667,130.8216667
2016/7/14,3:20:20,熊本県阿蘇地方,32°58.3′N,131°04.6′E,8 km,2.1,震度１,32.97166667,131.0766667
2016/7/14,7:29:33,熊本県熊本地方,32°42.5′N,130°36.7′E,12 km,2.4,震度１,32.70833333,130.6116667
2016/7/14,11:07:07,八丈島近海,33°25.9′N,139°24.8′E,21 km,4.6,震度１,33.43166667,139.4133333
2016/7/14,11:17:26,八丈島近海,33°25.3′N,139°25.3′E,36 km,5,震度１,33.42166667,139.4216667
2016/7/14,19:12:59,千葉県北東部,35°25.3′N,140°18.4′E,30 km,2.9,震度１,35.42166667,140.3066667
2016/7/15,0:20:40,熊本県熊本地方,32°43.7′N,130°46.3′E,10 km,2.9,震度２,32.72833333,130.7716667
2016/7/15,2:13:04,宮城県沖,38°51.7′N,142°17.3′E,45 km,3.1,震度１,38.86166667,142.2883333
2016/7/15,2:55:11,有明海,32°47.9′N,130°36.3′E,12 km,2.8,震度１,32.79833333,130.605
2016/7/15,3:53:06,熊本県熊本地方,32°39.6′N,130°40.5′E,10 km,2.6,震度１,32.66,130.675
2016/7/15,5:06:02,熊本県熊本地方,32°47.8′N,130°46.9′E,6 km,1.7,震度１,32.79666667,130.7816667
2016/7/15,11:58:31,熊本県熊本地方,32°40.9′N,130°42.9′E,13 km,2.9,震度２,32.68166667,130.715
2016/7/15,15:17:41,新潟県中越地方,37°16.8′N,138°57.4′E,11 km,2.2,震度１,37.28,138.9566667
2016/7/15,18:06:25,熊本県熊本地方,32°33.5′N,130°39.1′E,2 km,1.8,震度１,32.55833333,130.6516667
2016/7/15,23:46:05,熊本県阿蘇地方,32°58.9′N,131°06.7′E,7 km,2.1,震度１,32.98166667,131.1116667
2016/7/16,0:09:29,熊本県熊本地方,32°48.3′N,130°44.0′E,5 km,1.9,震度１,32.805,130.7333333
2016/7/16,2:56:33,紀伊水道,34°10.1′N,135°10.0′E,6 km,2.7,震度２,34.16833333,135.1666667
2016/7/16,5:12:15,熊本県熊本地方,32°47.2′N,130°44.9′E,7 km,2.2,震度１,32.78666667,130.7483333
2016/7/16,5:18:47,熊本県熊本地方,32°42.1′N,130°43.3′E,12 km,2,震度１,32.70166667,130.7216667
2016/7/16,12:54:24,根室半島南東沖,43°26.9′N,146°08.4′E,94 km,3.9,震度１,43.44833333,146.14
2016/7/16,17:14:19,熊本県熊本地方,32°39.8′N,130°39.8′E,11 km,2.9,震度２,32.66333333,130.6633333
2016/7/16,17:39:53,茨城県沖,36°24.1′N,141°01.6′E,46 km,3.7,震度１,36.40166667,141.0266667
2016/7/16,19:58:17,熊本県熊本地方,32°49.6′N,130°48.9′E,7 km,2.8,震度１,32.82666667,130.815
2016/7/16,22:12:49,秋田県内陸北部,40°17.4′N,140°55.0′E,8 km,4.6,震度３,40.29,140.9166667
2016/7/16,22:29:07,秋田県内陸北部,40°17.2′N,140°54.9′E,8 km,3.9,震度２,40.28666667,140.915
2016/7/17,5:48:14,秋田県内陸北部,40°17.8′N,140°54.3′E,7 km,3,震度１,40.29666667,140.905
2016/7/17,6:39:52,熊本県熊本地方,32°35.8′N,130°40.7′E,2 km,2,震度１,32.59666667,130.6783333
2016/7/17,10:34:59,能登半島沖,37°31.1′N,137°11.7′E,8 km,2.9,震度１,37.51833333,137.195
2016/7/17,11:55:28,熊本県熊本地方,32°34.7′N,130°43.0′E,7 km,3.6,震度３,32.57833333,130.7166667
2016/7/17,13:08:16,熊本県阿蘇地方,33°04.2′N,131°07.8′E,9 km,3.2,震度２,33.07,131.13
2016/7/17,13:24:03,茨城県南部,36°02.3′N,139°55.7′E,42 km,5,震度４,36.03833333,139.9283333
2016/7/17,17:59:40,宮古島近海,24°17.6′N,125°11.5′E,36 km,4.2,震度１,24.29333333,125.1916667
2016/7/17,18:43:25,遠州灘,34°28.3′N,137°05.5′E,349 km,4.9,震度１,34.47166667,137.0916667
2016/7/18,3:31:31,熊本県天草・芦北地方,32°21.8′N,130°33.2′E,5 km,2.1,震度１,32.36333333,130.5533333
2016/7/18,6:07:36,熊本県熊本地方,32°33.3′N,130°38.9′E,3 km,1.9,震度１,32.555,130.6483333
2016/7/18,12:39:48,薩摩半島西方沖,31°39.2′N,129°37.5′E,7 km,3,震度１,31.65333333,129.625
2016/7/18,17:44:31,伊豆大島近海,34°50.2′N,139°17.0′E,11 km,2.9,震度２,34.83666667,139.2833333
2016/7/18,21:24:19,熊本県熊本地方,32°44.0′N,130°47.7′E,8 km,2.1,震度１,32.73333333,130.795
2016/7/18,23:09:43,トカラ列島近海,28°21.7′N,128°42.1′E,71 km,3.6,震度１,28.36166667,128.7016667
2016/7/19,1:40:47,福岡県筑後地方,33°07.5′N,130°26.3′E,9 km,3.1,震度１,33.125,130.4383333
2016/7/19,4:26:07,熊本県熊本地方,32°41.3′N,130°39.3′E,12 km,3,震度２,32.68833333,130.655
2016/7/19,4:47:42,熊本県熊本地方,32°41.2′N,130°39.2′E,12 km,2.7,震度１,32.68666667,130.6533333
2016/7/19,8:41:35,熊本県熊本地方,32°41.4′N,130°37.9′E,12 km,2.2,震度１,32.69,130.6316667
2016/7/19,12:57:50,千葉県北東部,35°24.9′N,140°21.1′E,33 km,5.2,震度４,35.415,140.3516667
2016/7/19,13:11:26,青森県東方沖,41°29.6′N,142°02.9′E,66 km,4.5,震度３,41.49333333,142.0483333
2016/7/19,16:27:56,茨城県沖,36°38.4′N,140°56.3′E,49 km,4,震度３,36.64,140.9383333
2016/7/19,23:55:08,茨城県南部,36°02.3′N,139°55.8′E,43 km,3.7,震度２,36.03833333,139.93
2016/7/20,3:06:23,駿河湾,34°42.4′N,138°31.6′E,19 km,3.9,震度２,34.70666667,138.5266667
2016/7/20,7:25:33,茨城県南部,36°01.2′N,139°56.9′E,42 km,5,震度４,36.02,139.9483333
2016/7/20,8:16:08,茨城県南部,36°01.3′N,139°56.4′E,42 km,3.1,震度１,36.02166667,139.94
2016/7/20,8:50:22,岩手県沖,39°20.2′N,142°04.2′E,49 km,4.8,震度３,39.33666667,142.07
2016/7/20,10:29:05,茨城県南部,36°00.9′N,139°55.7′E,42 km,3.1,震度２,36.015,139.9283333
2016/7/20,11:08:03,岩手県沿岸北部,39°45.4′N,141°51.2′E,58 km,3.3,震度１,39.75666667,141.8533333
2016/7/20,11:38:44,茨城県南部,36°00.9′N,139°57.0′E,42 km,3.5,震度２,36.015,139.95
2016/7/20,16:17:36,岩手県沖,40°22.2′N,142°16.3′E,40 km,4.1,震度２,40.37,142.2716667
2016/7/20,16:36:05,熊本県熊本地方,33°00.7′N,130°46.5′E,3 km,1.5,震度１,33.01166667,130.775
2016/7/20,18:23:11,内浦湾,41°55.0′N,140°59.8′E,9 km,2.2,震度１,41.91666667,140.9966667
2016/7/20,21:09:59,茨城県南部,36°00.8′N,139°55.2′E,41 km,2.7,震度１,36.01333333,139.92
2016/7/20,21:13:07,熊本県熊本地方,32°39.4′N,130°40.9′E,10 km,2,震度１,32.65666667,130.6816667
2016/7/20,23:57:03,岩手県沖,40°22.2′N,142°15.9′E,41 km,3.8,震度１,40.37,142.265
2016/7/21,6:56:55,熊本県熊本地方,32°42.0′N,130°44.3′E,11 km,2.3,震度１,32.7,130.7383333
2016/7/21,8:40:31,千葉県北東部,35°24.1′N,140°20.3′E,33 km,3.1,震度２,35.40166667,140.3383333
2016/7/21,14:36:55,茨城県南部,36°01.2′N,139°56.8′E,41 km,2.9,震度１,36.02,139.9466667
2016/7/21,20:16:20,宮崎県北部山沿い,32°33.7′N,131°06.7′E,151 km,3.7,震度１,32.56166667,131.1116667
2016/7/21,22:51:37,茨城県沖,36°28.2′N,140°39.3′E,18 km,3.5,震度３,36.47,140.655
2016/7/22,1:21:36,岩手県沖,40°07.6′N,142°28.4′E,33 km,3.9,震度１,40.12666667,142.4733333
2016/7/22,2:38:37,内浦湾,41°55.1′N,141°00.1′E,9 km,2.6,震度２,41.91833333,141.0016667
2016/7/22,8:21:47,宮城県沖,38°27.3′N,141°51.3′E,50 km,3.8,震度１,38.455,141.855
2016/7/22,9:36:17,熊本県熊本地方,32°47.5′N,130°43.0′E,7 km,2,震度１,32.79166667,130.7166667
2016/7/22,11:37:08,熊本県熊本地方,32°41.3′N,130°47.4′E,6 km,2.4,震度１,32.68833333,130.79
2016/7/22,13:18:28,熊本県熊本地方,32°41.4′N,130°47.5′E,7 km,3.2,震度３,32.69,130.7916667
2016/7/22,13:59:26,天草灘,32°32.4′N,129°56.9′E,12 km,3.2,震度１,32.54,129.9483333
2016/7/23,4:35:31,沖縄本島近海,26°13.2′N,127°10.3′E,45 km,3.3,震度１,26.22,127.1716667
2016/7/23,9:52:13,熊本県熊本地方,32°26.1′N,130°35.7′E,7 km,2.4,震度１,32.435,130.595
2016/7/23,10:00:19,オホーツク海南部,47°05.5′N,147°22.5′E,458 km,5.6,震度２,47.09166667,147.375
2016/7/23,14:22:31,熊本県熊本地方,32°45.6′N,130°44.1′E,9 km,1.8,震度１,32.76,130.735
2016/7/23,14:33:36,熊本県球磨地方,32°27.3′N,130°48.2′E,12 km,3.5,震度２,32.455,130.8033333
2016/7/23,19:07:43,岩手県沖,40°08.9′N,142°00.6′E,61 km,3.8,震度２,40.14833333,142.01
2016/7/23,21:54:24,トカラ列島近海,29°09.1′N,129°11.6′E,10 km,3.4,震度２,29.15166667,129.1933333
2016/7/24,0:59:21,伊豆大島近海,34°50.7′N,139°16.6′E,9 km,3.3,震度３,34.845,139.2766667
2016/7/24,1:02:50,伊豆大島近海,34°50.8′N,139°16.9′E,11 km,2.4,震度１,34.84666667,139.2816667
2016/7/24,2:32:27,伊豆大島近海,34°50.6′N,139°17.0′E,11 km,3,震度２,34.84333333,139.2833333
2016/7/24,2:36:55,伊豆大島近海,34°50.8′N,139°17.2′E,11 km,2.7,震度２,34.84666667,139.2866667
2016/7/24,2:44:43,伊豆大島近海,34°50.8′N,139°16.9′E,10 km,3.5,震度３,34.84666667,139.2816667
2016/7/24,6:37:36,伊豆大島近海,34°50.9′N,139°17.0′E,12 km,3,震度２,34.84833333,139.2833333
2016/7/24,6:39:30,伊豆大島近海,34°50.8′N,139°17.1′E,12 km,2.5,震度１,34.84666667,139.285
2016/7/24,6:52:09,宮城県沖,38°51.4′N,142°03.0′E,46 km,3.4,震度１,38.85666667,142.05
2016/7/24,7:09:18,伊豆大島近海,34°50.6′N,139°17.0′E,11 km,2.1,震度１,34.84333333,139.2833333
2016/7/24,7:29:41,伊豆大島近海,34°50.8′N,139°16.9′E,12 km,2.4,震度２,34.84666667,139.2816667
2016/7/24,9:51:02,千葉県北西部,35°38.8′N,140°10.9′E,64 km,3.9,震度２,35.64666667,140.1816667
2016/7/24,11:12:30,伊豆大島近海,34°50.9′N,139°16.7′E,10 km,2.7,震度２,34.84833333,139.2783333
2016/7/24,11:14:10,伊豆大島近海,34°50.7′N,139°15.8′E,6 km,2.2,震度１,34.845,139.2633333
2016/7/24,11:51:21,十勝地方中部,42°52.4′N,143°10.4′E,96 km,4.9,震度４,42.87333333,143.1733333
2016/7/24,13:17:39,伊豆大島近海,34°50.9′N,139°16.1′E,8 km,2.6,震度２,34.84833333,139.2683333
2016/7/24,13:54:39,伊豆大島近海,34°50.8′N,139°16.4′E,9 km,3.7,震度３,34.84666667,139.2733333
2016/7/24,13:59:31,伊豆大島近海,34°50.9′N,139°16.8′E,11 km,2.4,震度１,34.84833333,139.28
2016/7/24,18:01:25,熊本県天草・芦北地方,32°28.2′N,130°34.7′E,7 km,3.1,震度２,32.47,130.5783333
2016/7/24,20:16:48,伊豆半島東方沖,34°51.0′N,139°16.7′E,10 km,2.6,震度１,34.85,139.2783333
2016/7/24,23:32:03,熊本県熊本地方,32°46.7′N,130°38.8′E,8 km,2.6,震度２,32.77833333,130.6466667
2016/7/25,3:03:35,千島列島,45°17.0′N,150°58.8′E,124 km,5.2,震度１,45.28333333,150.98
2016/7/25,4:29:02,伊豆半島東方沖,34°51.0′N,139°15.9′E,11 km,2.4,震度２,34.85,139.265
2016/7/25,6:42:46,熊本県熊本地方,32°45.8′N,130°41.2′E,13 km,2.8,震度２,32.76333333,130.6866667
2016/7/25,7:11:37,熊本県熊本地方,32°47.2′N,130°46.3′E,5 km,2.2,震度１,32.78666667,130.7716667
2016/7/25,8:33:00,熊本県熊本地方,32°39.6′N,130°43.6′E,8 km,1.9,震度１,32.66,130.7266667
2016/7/25,14:20:40,伊豆大島近海,34°50.8′N,139°15.6′E,9 km,2.1,震度１,34.84666667,139.26
2016/7/25,19:04:32,熊本県熊本地方,32°48.5′N,130°37.7′E,6 km,2.2,震度１,32.80833333,130.6283333
2016/7/26,0:11:55,沖縄本島近海,26°32.5′N,128°44.8′E,23 km,5.4,震度２,26.54166667,128.7466667
2016/7/26,17:27:05,広島県北部,35°04.0′N,133°02.4′E,6 km,3.2,震度３,35.06666667,133.04
2016/7/26,19:15:45,根室半島南東沖,43°04.7′N,146°02.8′E,51 km,3.9,震度２,43.07833333,146.0466667
2016/7/26,22:28:06,日向灘,32°34.7′N,132°00.2′E,35 km,3.2,震度１,32.57833333,132.0033333
2016/7/27,3:56:09,上川地方北部,44°15.1′N,142°12.3′E,0 km,1.8,震度２,44.25166667,142.205
2016/7/27,5:35:45,橘湾,32°41.0′N,129°59.6′E,15 km,3.2,震度２,32.68333333,129.9933333
2016/7/27,12:20:43,宮城県沖,38°16.7′N,141°48.0′E,48 km,3.6,震度１,38.27833333,141.8
2016/7/27,13:17:30,熊本県熊本地方,32°42.1′N,130°40.6′E,13 km,2.9,震度２,32.70166667,130.6766667
2016/7/27,20:26:55,熊本県熊本地方,32°46.8′N,130°38.9′E,10 km,1.8,震度１,32.78,130.6483333
2016/7/27,20:35:29,山梨県東部・富士五湖,35°29.9′N,138°57.9′E,19 km,2.7,震度１,35.49833333,138.965
2016/7/27,20:54:46,熊本県熊本地方,32°47.8′N,130°43.4′E,6 km,1.6,震度１,32.79666667,130.7233333
2016/7/27,23:47:17,茨城県北部,36°27.0′N,140°36.8′E,57 km,5.4,震度５弱,36.45,140.6133333
2016/7/28,4:16:01,千葉県北東部,35°24.6′N,140°20.0′E,32 km,2.2,震度１,35.41,140.3333333
2016/7/28,5:19:12,福島県沖,36°58.3′N,141°13.2′E,27 km,4.3,震度２,36.97166667,141.22
2016/7/28,8:26:10,宮城県沖,38°19.8′N,141°37.3′E,54 km,3.5,震度１,38.33,141.6216667
2016/7/28,16:43:50,熊本県熊本地方,32°31.1′N,130°34.4′E,9 km,2.6,震度１,32.51833333,130.5733333
2016/7/29,1:10:24,青森県東方沖,40°44.9′N,142°12.3′E,48 km,3.2,震度１,40.74833333,142.205
2016/7/29,5:38:41,熊本県熊本地方,32°47.1′N,130°51.1′E,10 km,2.4,震度１,32.785,130.8516667
2016/7/29,6:55:40,択捉島南東沖,44°50.6′N,149°01.8′E,30 km,4.7,震度１,44.84333333,149.03
2016/7/29,10:15:00,鹿児島県薩摩地方,32°13.0′N,130°07.3′E,7 km,1.9,震度１,32.21666667,130.1216667
2016/7/29,12:42:16,宮城県沖,38°25.3′N,142°12.8′E,29 km,4.2,震度２,38.42166667,142.2133333
2016/7/29,14:26:08,熊本県熊本地方,32°48.6′N,130°37.9′E,6 km,2,震度１,32.81,130.6316667
2016/7/29,14:34:38,熊本県天草・芦北地方,32°28.3′N,130°34.7′E,7 km,2.4,震度１,32.47166667,130.5783333
2016/7/29,15:00:16,熊本県熊本地方,32°47.7′N,130°42.0′E,6 km,1.1,震度１,32.795,130.7
2016/7/29,15:23:21,熊本県熊本地方,32°41.9′N,130°47.1′E,8 km,2.2,震度１,32.69833333,130.785
2016/7/29,17:07:32,熊本県熊本地方,32°44.1′N,130°43.8′E,10 km,2.3,震度１,32.735,130.73
2016/7/30,6:18:26,マリアナ諸島,18°50.1′N,145°45.5′E,233 km,7.7,震度２,18.835,145.7583333
2016/7/30,7:20:36,日向灘,32°36.2′N,132°16.3′E,37 km,3.2,震度１,32.60333333,132.2716667
2016/7/30,10:50:48,奄美大島近海,27°59.0′N,129°32.5′E,38 km,3.5,震度１,27.98333333,129.5416667
2016/7/30,13:25:14,熊本県熊本地方,32°46.8′N,130°43.7′E,9 km,2.1,震度１,32.78,130.7283333
2016/7/30,14:30:29,熊本県熊本地方,32°33.2′N,130°39.1′E,2 km,2.1,震度１,32.55333333,130.6516667
2016/7/30,16:40:35,千葉県東方沖,35°41.0′N,140°48.7′E,21 km,4.6,震度３,35.68333333,140.8116667
2016/7/30,19:58:37,熊本県熊本地方,32°47.6′N,130°45.2′E,11 km,3.2,震度２,32.79333333,130.7533333
2016/7/30,23:23:52,熊本県熊本地方,32°42.2′N,130°39.2′E,11 km,2.6,震度１,32.70333333,130.6533333
2016/7/31,2:41:58,熊本県阿蘇地方,32°57.9′N,131°06.9′E,10 km,2.2,震度１,32.965,131.115
2016/7/31,3:01:52,日高地方東部,42°20.9′N,142°59.3′E,55 km,3.8,震度１,42.34833333,142.9883333
2016/7/31,4:58:00,新潟県上越地方,36°54.4′N,138°13.3′E,7 km,2.1,震度２,36.90666667,138.2216667
2016/7/31,8:27:45,熊本県阿蘇地方,33°03.9′N,131°07.9′E,10 km,3,震度１,33.065,131.1316667
2016/7/31,16:23:59,熊本県天草・芦北地方,32°10.9′N,130°25.0′E,2 km,1.7,震度１,32.18166667,130.4166667
2016/7/31,22:43:34,山梨県中・西部,35°44.5′N,138°20.1′E,12 km,2.5,震度１,35.74166667,138.335
2016/8/1,1:35:04,宮城県沖,38°55.2′N,141°55.7′E,51 km,3.8,震度１,38.92,141.9283333
2016/8/1,2:17:54,奄美大島北東沖,28°29.8′N,130°39.0′E,60 km,4.3,震度１,28.49666667,130.65
2016/8/1,6:17:35,熊本県熊本地方,32°42.9′N,130°41.3′E,14 km,2.1,震度１,32.715,130.6883333
2016/8/1,6:58:26,和歌山県北部,34°02.0′N,135°14.7′E,4 km,1.6,震度１,34.03333333,135.245
2016/8/1,7:31:27,十勝地方中部,42°35.4′N,143°17.9′E,95 km,3.8,震度１,42.59,143.2983333
2016/8/1,14:20:14,宮崎県北部山沿い,32°46.0′N,131°22.2′E,94 km,3.7,震度１,32.76666667,131.37
2016/8/1,15:52:40,和歌山県北部,33°50.4′N,135°19.7′E,48 km,3.3,震度２,33.84,135.3283333
2016/8/1,17:54:52,熊本県熊本地方,32°43.4′N,130°39.4′E,10 km,1.8,震度１,32.72333333,130.6566667
2016/8/1,23:06:48,熊本県熊本地方,32°45.9′N,130°40.7′E,12 km,2.1,震度１,32.765,130.6783333
2016/8/2,3:35:08,和歌山県北部,34°01.4′N,135°14.4′E,4 km,2.5,震度１,34.02333333,135.24
2016/8/2,14:28:16,千葉県北東部,35°28.5′N,140°22.8′E,31 km,2.3,震度１,35.475,140.38
2016/8/2,21:27:44,熊本県熊本地方,32°45.7′N,130°45.8′E,8 km,2.8,震度１,32.76166667,130.7633333
2016/8/2,22:04:11,伊予灘,33°22.2′N,131°45.6′E,12 km,3.1,震度１,33.37,131.76
2016/8/3,0:44:03,熊本県熊本地方,32°48.4′N,130°42.7′E,6 km,1.6,震度１,32.80666667,130.7116667
2016/8/3,1:10:35,千葉県北東部,35°28.1′N,140°23.5′E,27 km,4.3,震度３,35.46833333,140.3916667
2016/8/3,9:22:03,沖縄本島近海,26°30.3′N,127°49.0′E,46 km,3.2,震度１,26.505,127.8166667
2016/8/3,9:34:59,大分県中部,33°17.7′N,131°29.4′E,9 km,2.2,震度１,33.295,131.49
2016/8/3,14:56:20,宮城県沖,38°18.0′N,141°51.0′E,47 km,3.7,震度１,38.3,141.85
2016/8/3,15:57:59,熊本県熊本地方,32°40.7′N,130°42.9′E,7 km,2.2,震度１,32.67833333,130.715
2016/8/3,20:54:57,トカラ列島近海,29°09.7′N,129°18.6′E,16 km,3.3,震度１,29.16166667,129.31
2016/8/3,21:45:20,熊本県熊本地方,32°24.7′N,130°40.4′E,13 km,2.6,震度１,32.41166667,130.6733333
2016/8/4,1:33:03,熊本県熊本地方,32°43.8′N,130°39.1′E,11 km,2.1,震度１,32.73,130.6516667
2016/8/4,5:45:59,熊本県熊本地方,32°39.0′N,130°43.1′E,8 km,2.5,震度２,32.65,130.7183333
2016/8/4,12:41:03,有明海,32°48.1′N,130°31.1′E,13 km,3,震度１,32.80166667,130.5183333
2016/8/4,16:57:43,薩摩半島西方沖,31°07.0′N,129°01.4′E,9 km,3.9,震度１,31.11666667,129.0233333
2016/8/4,19:34:43,広島県南東部,34°36.6′N,133°10.7′E,20 km,3.1,震度２,34.61,133.1783333
2016/8/4,21:01:16,岩手県沖,39°06.1′N,142°12.3′E,43 km,3.9,震度２,39.10166667,142.205
2016/8/5,1:24:35,硫黄島近海,25°07.5′N,141°54.1′E,534 km,6.4,震度２,25.125,141.9016667
2016/8/5,9:37:16,熊本県熊本地方,32°47.0′N,130°44.7′E,6 km,2.1,震度１,32.78333333,130.745
2016/8/5,10:38:22,兵庫県南東部,34°53.7′N,135°23.1′E,4 km,2.2,震度１,34.895,135.385
2016/8/5,17:48:18,熊本県熊本地方,32°35.6′N,130°39.3′E,9 km,2.6,震度１,32.59333333,130.655
2016/8/5,22:18:06,熊本県熊本地方,32°47.5′N,130°38.4′E,12 km,3,震度２,32.79166667,130.64
2016/8/6,1:57:10,熊本県天草・芦北地方,32°21.8′N,130°36.1′E,6 km,3.5,震度２,32.36333333,130.6016667
2016/8/6,3:49:32,和歌山県北部,34°13.0′N,135°12.9′E,4 km,2.2,震度１,34.21666667,135.215
2016/8/6,9:10:17,熊本県天草・芦北地方,32°21.8′N,130°36.0′E,6 km,2.3,震度１,32.36333333,130.6
2016/8/6,9:21:34,熊本県天草・芦北地方,32°21.8′N,130°36.0′E,6 km,3.5,震度３,32.36333333,130.6
2016/8/6,18:36:31,千葉県東方沖,35°41.3′N,140°49.0′E,21 km,3.5,震度２,35.68833333,140.8166667
2016/8/6,19:30:45,熊本県阿蘇地方,32°58.3′N,131°05.4′E,8 km,2.1,震度１,32.97166667,131.09
2016/8/7,1:08:52,熊本県熊本地方,32°43.1′N,130°39.7′E,13 km,2.3,震度１,32.71833333,130.6616667
2016/8/7,3:11:23,長野県中部,36°15.4′N,138°01.2′E,7 km,2.2,震度１,36.25666667,138.02
2016/8/7,3:45:28,千葉県東方沖,35°41.6′N,140°48.9′E,20 km,2.7,震度１,35.69333333,140.815
2016/8/7,4:46:21,熊本県熊本地方,32°42.7′N,130°41.0′E,13 km,3.2,震度３,32.71166667,130.6833333
2016/8/7,7:47:48,熊本県熊本地方,32°42.7′N,130°40.9′E,13 km,2.1,震度１,32.71166667,130.6816667
2016/8/7,11:11:04,熊本県熊本地方,32°49.7′N,130°53.5′E,8 km,2,震度１,32.82833333,130.8916667
2016/8/7,12:02:09,淡路島付近,34°32.2′N,134°55.4′E,10 km,2.6,震度１,34.53666667,134.9233333
2016/8/7,22:48:51,熊本県阿蘇地方,33°01.2′N,131°12.0′E,11 km,3.1,震度２,33.02,131.2
2016/8/8,11:53:49,熊本県熊本地方,32°48.5′N,130°40.6′E,5 km,1.9,震度１,32.80833333,130.6766667
2016/8/8,14:15:41,熊本県熊本地方,32°38.1′N,130°40.4′E,8 km,2.5,震度１,32.635,130.6733333
2016/8/8,19:11:24,沖縄本島近海,26°47.7′N,128°25.3′E,31 km,4,震度２,26.795,128.4216667
2016/8/8,21:18:47,熊本県熊本地方,32°42.1′N,130°42.7′E,13 km,2.4,震度１,32.70166667,130.7116667
2016/8/9,0:46:27,熊本県阿蘇地方,32°56.4′N,131°01.7′E,6 km,2.3,震度１,32.94,131.0283333
2016/8/9,2:31:47,熊本県阿蘇地方,32°59.4′N,131°11.0′E,7 km,2.7,震度２,32.99,131.1833333
2016/8/9,2:37:56,福島県浜通り,37°02.0′N,140°40.7′E,10 km,3.2,震度１,37.03333333,140.6783333
2016/8/9,9:25:17,トカラ列島近海,29°34.9′N,129°41.5′E,9 km,2.1,震度１,29.58166667,129.6916667
2016/8/9,14:43:34,熊本県阿蘇地方,33°00.5′N,131°12.3′E,9 km,2.6,震度１,33.00833333,131.205
2016/8/9,20:04:06,群馬県南部,36°36.7′N,139°28.2′E,5 km,2.9,震度２,36.61166667,139.47
2016/8/9,22:48:59,熊本県熊本地方,32°43.7′N,130°48.2′E,5 km,3.8,震度４,32.72833333,130.8033333
2016/8/9,23:38:17,熊本県天草・芦北地方,32°29.4′N,130°32.1′E,5 km,2.7,震度１,32.49,130.535
2016/8/10,2:26:49,熊本県熊本地方,32°41.0′N,130°39.7′E,9 km,2.1,震度１,32.68333333,130.6616667
2016/8/10,10:09:54,熊本県天草・芦北地方,32°16.9′N,130°25.9′E,7 km,2.6,震度１,32.28166667,130.4316667
2016/8/10,11:13:33,天草灘,31°58.8′N,130°10.7′E,11 km,3.2,震度２,31.98,130.1783333
2016/8/10,14:50:56,茨城県沖,36°25.7′N,140°39.4′E,53 km,3.7,震度２,36.42833333,140.6566667
2016/8/10,16:25:55,日向灘,31°45.3′N,131°55.2′E,27 km,4.2,震度１,31.755,131.92
2016/8/10,18:04:23,硫黄島近海,25°11.9′N,141°56.6′E,65 km,4.7,震度１,25.19833333,141.9433333
2016/8/10,20:05:17,熊本県熊本地方,32°51.2′N,130°48.0′E,7 km,2.5,震度２,32.85333333,130.8
2016/8/10,21:08:19,熊本県熊本地方,32°49.4′N,130°41.4′E,4 km,2.4,震度１,32.82333333,130.69
2016/8/11,3:44:14,浦河沖,42°26.1′N,142°10.2′E,126 km,4,震度１,42.435,142.17
2016/8/11,9:36:22,和歌山県北部,34°06.4′N,135°17.0′E,7 km,2.5,震度１,34.10666667,135.2833333
2016/8/11,9:38:09,熊本県阿蘇地方,32°59.2′N,131°06.7′E,11 km,2.7,震度２,32.98666667,131.1116667
2016/8/11,15:34:47,岐阜県飛騨地方,35°57.8′N,137°14.4′E,6 km,1.8,震度１,35.96333333,137.24
2016/8/11,18:49:10,熊本県阿蘇地方,32°59.2′N,131°06.8′E,11 km,2.9,震度２,32.98666667,131.1133333
2016/8/11,21:42:31,新潟県中越地方,37°20.3′N,138°52.3′E,14 km,2.4,震度１,37.33833333,138.8716667
2016/8/12,9:50:59,熊本県熊本地方,32°40.3′N,130°42.4′E,14 km,2.8,震度１,32.67166667,130.7066667
2016/8/12,11:09:32,長野県南部,35°54.1′N,137°38.7′E,8 km,2.2,震度１,35.90166667,137.645
2016/8/12,12:49:38,熊本県熊本地方,32°41.9′N,130°42.8′E,14 km,2.2,震度１,32.69833333,130.7133333
2016/8/12,16:01:53,福島県沖,37°44.7′N,141°31.5′E,57 km,3.8,震度１,37.745,141.525
2016/8/12,20:45:50,熊本県熊本地方,32°48.6′N,130°37.7′E,6 km,1.7,震度１,32.81,130.6283333
2016/8/12,22:11:56,熊本県熊本地方,32°48.6′N,130°37.8′E,6 km,2.5,震度１,32.81,130.63
2016/8/12,23:12:56,千葉県北東部,35°45.1′N,140°40.0′E,47 km,2.9,震度１,35.75166667,140.6666667
2016/8/13,7:17:27,網走沖,44°06.3′N,144°22.2′E,16 km,3,震度１,44.105,144.37
2016/8/13,12:56:47,福島県沖,37°11.3′N,141°20.3′E,83 km,4,震度２,37.18833333,141.3383333
2016/8/13,14:59:21,熊本県熊本地方,32°41.8′N,130°43.3′E,15 km,3,震度２,32.69666667,130.7216667
2016/8/13,17:49:42,宮城県沖,38°53.4′N,141°58.2′E,50 km,3.9,震度２,38.89,141.97
2016/8/13,19:52:49,釧路沖,42°57.5′N,144°48.5′E,59 km,3.5,震度１,42.95833333,144.8083333
2016/8/13,22:42:51,熊本県熊本地方,32°48.5′N,130°42.2′E,7 km,1.6,震度１,32.80833333,130.7033333
2016/8/14,5:04:39,瀬戸内海中部,34°03.4′N,133°14.9′E,14 km,3.8,震度２,34.05666667,133.2483333
2016/8/14,5:15:07,千葉県南東沖,34°31.5′N,140°23.7′E,57 km,4.9,震度２,34.525,140.395
2016/8/14,11:46:29,沖縄本島近海,27°09.0′N,128°16.9′E,16 km,4.4,震度２,27.15,128.2816667
2016/8/14,16:38:04,沖縄本島近海,27°08.8′N,128°16.8′E,13 km,3.9,震度１,27.14666667,128.28
2016/8/14,23:43:29,沖縄本島近海,27°08.9′N,128°17.1′E,15 km,3.6,震度１,27.14833333,128.285
2016/8/15,2:16:18,宮城県沖,38°56.0′N,142°35.9′E,42 km,4,震度１,38.93333333,142.5983333
2016/8/15,3:49:17,福島県沖,37°30.9′N,141°26.2′E,49 km,4.4,震度３,37.515,141.4366667
2016/8/15,4:51:06,日高地方東部,42°18.4′N,143°01.1′E,51 km,3.5,震度１,42.30666667,143.0183333
2016/8/15,5:23:50,熊本県熊本地方,32°48.5′N,130°37.4′E,5 km,2.6,震度１,32.80833333,130.6233333
2016/8/15,13:36:48,伊予灘,33°29.2′N,131°54.8′E,71 km,4.3,震度３,33.48666667,131.9133333
2016/8/15,16:04:40,福島県沖,37°22.7′N,141°44.9′E,47 km,5.6,震度４,37.37833333,141.7483333
2016/8/16,0:28:02,宗谷東方沖,45°38.5′N,143°12.0′E,6 km,4.5,震度２,45.64166667,143.2
2016/8/16,3:24:07,福島県浜通り,37°03.8′N,140°45.4′E,9 km,3.2,震度１,37.06333333,140.7566667
2016/8/16,3:44:35,熊本県熊本地方,32°49.3′N,130°41.1′E,5 km,3.1,震度２,32.82166667,130.685
2016/8/16,3:48:34,熊本県熊本地方,32°49.4′N,130°41.3′E,7 km,2.2,震度１,32.82333333,130.6883333
2016/8/16,6:12:26,秋田県内陸南部,39°09.8′N,140°35.6′E,135 km,4,震度１,39.16333333,140.5933333
2016/8/16,11:57:03,福島県沖,36°55.6′N,141°24.7′E,33 km,3.4,震度１,36.92666667,141.4116667
2016/8/16,20:39:09,熊本県熊本地方,32°40.3′N,130°42.7′E,14 km,2.6,震度１,32.67166667,130.7116667
2016/8/17,0:24:10,青森県三八上北地方,40°26.6′N,141°22.6′E,90 km,3.8,震度２,40.44333333,141.3766667
2016/8/17,4:13:41,茨城県北部,36°26.5′N,140°36.7′E,55 km,3.7,震度２,36.44166667,140.6116667
2016/8/17,4:22:25,宮古島北西沖,25°51.1′N,125°33.4′E,24 km,4.9,震度１,25.85166667,125.5566667
2016/8/17,5:01:06,福島県浜通り,36°56.5′N,140°40.0′E,7 km,3.9,震度１,36.94166667,140.6666667
2016/8/17,6:39:03,鹿児島県薩摩地方,31°58.9′N,130°23.3′E,5 km,2.6,震度１,31.98166667,130.3883333
2016/8/17,6:41:27,トカラ列島近海,29°10.8′N,129°17.2′E,17 km,3.4,震度２,29.18,129.2866667
2016/8/17,6:47:45,トカラ列島近海,29°11.0′N,129°14.8′E,16 km,2.9,震度１,29.18333333,129.2466667
2016/8/17,9:44:43,熊本県熊本地方,32°38.8′N,130°41.2′E,11 km,2.3,震度１,32.64666667,130.6866667
2016/8/17,11:56:16,福島県沖,37°22.3′N,141°43.2′E,45 km,4.4,震度２,37.37166667,141.72
2016/8/17,13:37:03,熊本県熊本地方,32°48.9′N,130°42.5′E,6 km,1.4,震度１,32.815,130.7083333
2016/8/17,15:28:46,熊本県熊本地方,32°44.7′N,130°44.9′E,8 km,2.1,震度２,32.745,130.7483333
2016/8/18,3:00:46,茨城県北部,36°39.5′N,140°38.8′E,11 km,2.9,震度２,36.65833333,140.6466667
2016/8/18,3:46:43,熊本県熊本地方,32°33.7′N,130°42.0′E,10 km,2.9,震度２,32.56166667,130.7
2016/8/18,14:18:56,熊本県熊本地方,32°40.7′N,130°42.6′E,11 km,2.8,震度１,32.67833333,130.71
2016/8/18,19:29:55,茨城県北部,36°38.1′N,140°31.2′E,76 km,3.2,震度１,36.635,140.52
2016/8/19,1:19:44,新潟県上越地方,37°09.4′N,138°33.2′E,11 km,1.8,震度１,37.15666667,138.5533333
2016/8/19,1:25:44,熊本県天草・芦北地方,32°22.0′N,130°36.0′E,6 km,3,震度２,32.36666667,130.6
2016/8/19,9:38:32,熊本県熊本地方,32°41.1′N,130°42.0′E,10 km,2.9,震度２,32.685,130.7
2016/8/19,11:05:17,熊本県阿蘇地方,33°01.0′N,131°05.8′E,9 km,4.4,震度４,33.01666667,131.0966667
2016/8/19,11:28:40,日向灘,31°42.4′N,131°51.8′E,24 km,3.5,震度１,31.70666667,131.8633333
2016/8/19,12:47:26,熊本県阿蘇地方,33°00.9′N,131°05.7′E,8 km,2.2,震度１,33.015,131.095
2016/8/19,12:58:57,三宅島近海,34°10.2′N,139°19.0′E,14 km,3.4,震度２,34.17,139.3166667
2016/8/19,13:24:36,三宅島近海,34°09.9′N,139°18.9′E,14 km,2.7,震度１,34.165,139.315
2016/8/19,14:24:12,トカラ列島近海,29°34.8′N,129°43.5′E,4 km,2.5,震度１,29.58,129.725
2016/8/19,21:07:42,茨城県沖,36°33.6′N,141°07.9′E,48 km,5.4,震度４,36.56,141.1316667
2016/8/20,0:27:46,熊本県天草・芦北地方,32°21.8′N,130°36.1′E,7 km,2.8,震度２,32.36333333,130.6016667
2016/8/20,0:48:49,熊本県熊本地方,32°34.0′N,130°43.1′E,11 km,3.1,震度１,32.56666667,130.7183333
2016/8/20,2:05:05,神奈川県西部,35°25.6′N,139°01.6′E,19 km,3,震度１,35.42666667,139.0266667
2016/8/20,4:23:27,熊本県天草・芦北地方,32°18.4′N,130°30.3′E,1 km,2.4,震度１,32.30666667,130.505
2016/8/20,7:25:02,熊本県熊本地方,32°45.7′N,130°44.7′E,8 km,2.1,震度１,32.76166667,130.745
2016/8/20,8:14:37,能登半島沖,37°15.5′N,136°41.4′E,8 km,3.9,震度２,37.25833333,136.69
2016/8/20,8:16:31,熊本県熊本地方,32°41.4′N,130°47.4′E,7 km,2.3,震度１,32.69,130.79
2016/8/20,8:50:20,熊本県熊本地方,32°37.3′N,130°42.6′E,5 km,2.3,震度１,32.62166667,130.71
2016/8/20,8:58:25,岩手県沿岸北部,39°45.2′N,141°50.6′E,58 km,3.8,震度２,39.75333333,141.8433333
2016/8/20,11:17:38,長野県南部,35°44.8′N,137°35.3′E,5 km,2.5,震度１,35.74666667,137.5883333
2016/8/20,12:09:43,鳥取県中部,35°25.8′N,133°53.3′E,8 km,2.1,震度１,35.43,133.8883333
2016/8/20,14:05:14,熊本県熊本地方,32°52.0′N,130°51.7′E,11 km,2.4,震度１,32.86666667,130.8616667
2016/8/20,14:14:56,三陸沖,39°37.2′N,143°38.4′E,41 km,5.4,震度２,39.62,143.64
2016/8/20,14:16:44,三陸沖,39°35.2′N,143°42.2′E,26 km,4.9,震度１,39.58666667,143.7033333
2016/8/20,18:01:24,三陸沖,40°22.0′N,143°46.7′E,11 km,6.4,震度３,40.36666667,143.7783333
2016/8/20,20:13:41,熊本県熊本地方,32°32.7′N,130°38.4′E,9 km,2.6,震度１,32.545,130.64
2016/8/20,20:56:42,大阪府北部,34°53.8′N,135°29.0′E,9 km,2.3,震度１,34.89666667,135.4833333
2016/8/20,22:23:07,浦河沖,42°10.7′N,142°12.6′E,31 km,4.2,震度３,42.17833333,142.21
2016/8/21,0:58:03,三陸沖,40°22.0′N,143°41.2′E,12 km,6.2,震度３,40.36666667,143.6866667
2016/8/21,1:10:35,三陸沖,40°24.3′N,143°29.9′E,11 km,5.5,震度２,40.405,143.4983333
2016/8/21,1:28:12,三陸沖,40°18.6′N,143°38.7′E,8 km,5.3,震度１,40.31,143.645
2016/8/21,15:38:01,熊本県熊本地方,32°41.0′N,130°42.0′E,10 km,2.7,震度２,32.68333333,130.7
2016/8/21,18:18:23,熊本県熊本地方,32°37.2′N,130°42.9′E,5 km,1.7,震度１,32.62,130.715
2016/8/21,21:29:53,徳島県南部,33°49.9′N,134°21.1′E,10 km,3.2,震度１,33.83166667,134.3516667
2016/8/21,21:46:58,父島近海,28°29.8′N,141°47.8′E,48 km,5.3,震度１,28.49666667,141.7966667
2016/8/21,21:49:13,三陸沖,40°38.6′N,143°41.6′E,22 km,5.2,震度２,40.64333333,143.6933333
2016/8/21,23:07:33,鳥取県中部,35°25.9′N,133°53.3′E,8 km,2.1,震度１,35.43166667,133.8883333
2016/8/22,2:29:55,沖縄本島近海,27°27.0′N,128°36.5′E,45 km,3.3,震度１,27.45,128.6083333
2016/8/22,5:41:35,熊本県熊本地方,32°41.1′N,130°43.5′E,9 km,2.1,震度１,32.685,130.725
2016/8/22,8:13:08,三陸沖,39°52.4′N,143°44.6′E,18 km,5.4,震度２,39.87333333,143.7433333
2016/8/22,12:58:21,熊本県熊本地方,32°40.8′N,130°42.1′E,12 km,3.2,震度２,32.68,130.7016667
2016/8/22,13:48:15,千葉県東方沖,35°49.8′N,140°55.5′E,35 km,3.3,震度１,35.83,140.925
2016/8/22,15:11:07,宮城県沖,38°22.9′N,142°10.1′E,33 km,5.3,震度３,38.38166667,142.1683333
2016/8/22,18:33:07,鳥島近海,29°51.6′N,139°26.3′E,418 km,5.8,震度１,29.86,139.4383333
2016/8/23,6:45:24,内浦湾,41°55.3′N,140°59.4′E,10 km,1.9,震度１,41.92166667,140.99
2016/8/23,8:26:48,与那国島近海,24°19.7′N,122°58.1′E,48 km,4.7,震度２,24.32833333,122.9683333
2016/8/23,9:07:30,熊本県熊本地方,32°47.4′N,130°38.9′E,12 km,2.4,震度１,32.79,130.6483333
2016/8/23,11:58:11,石垣島近海,24°37.9′N,124°23.8′E,18 km,3.5,震度１,24.63166667,124.3966667
2016/8/23,12:27:34,広島県北部,34°51.8′N,132°50.6′E,14 km,3.5,震度２,34.86333333,132.8433333
2016/8/23,16:49:06,熊本県熊本地方,32°39.1′N,130°41.4′E,9 km,2.4,震度１,32.65166667,130.69
2016/8/23,17:38:57,熊本県熊本地方,32°47.3′N,130°38.9′E,12 km,2.4,震度１,32.78833333,130.6483333
2016/8/23,19:19:27,熊本県熊本地方,33°01.7′N,130°44.4′E,3 km,1.5,震度１,33.02833333,130.74
2016/8/23,20:10:15,熊本県熊本地方,32°31.2′N,130°39.3′E,11 km,2.9,震度１,32.52,130.655
2016/8/23,23:54:25,熊本県熊本地方,32°42.3′N,130°35.9′E,6 km,2.5,震度１,32.705,130.5983333
2016/8/24,5:35:09,宮城県沖,38°50.5′N,142°44.2′E,20 km,3.5,震度１,38.84166667,142.7366667
2016/8/24,7:02:07,奄美大島北東沖,29°16.1′N,130°29.6′E,62 km,4.4,震度２,29.26833333,130.4933333
2016/8/24,8:04:45,熊本県熊本地方,32°46.9′N,130°37.4′E,12 km,2.3,震度１,32.78166667,130.6233333
2016/8/24,14:55:07,熊本県熊本地方,32°34.0′N,130°42.7′E,9 km,3,震度１,32.56666667,130.7116667
2016/8/24,18:59:55,鳥取県中部,35°25.9′N,133°53.2′E,8 km,2.1,震度１,35.43166667,133.8866667
2016/8/24,19:21:57,熊本県熊本地方,32°34.7′N,130°43.0′E,9 km,2.7,震度１,32.57833333,130.7166667
2016/8/25,4:09:34,大分県中部,33°17.7′N,131°27.9′E,8 km,2.1,震度１,33.295,131.465
2016/8/25,8:58:59,熊本県熊本地方,32°42.0′N,130°47.3′E,8 km,2.5,震度１,32.7,130.7883333
2016/8/25,10:01:36,宮城県沖,38°27.6′N,141°58.5′E,59 km,3.8,震度１,38.46,141.975
2016/8/25,12:40:42,熊本県熊本地方,32°43.7′N,130°44.7′E,12 km,2.8,震度１,32.72833333,130.745
2016/8/26,2:04:41,鳥島近海,30°34.7′N,138°13.2′E,498 km,6.1,震度２,30.57833333,138.22
2016/8/26,2:28:18,熊本県熊本地方,32°39.1′N,130°41.4′E,9 km,3.6,震度３,32.65166667,130.69
2016/8/26,8:00:47,熊本県熊本地方,32°51.8′N,130°52.7′E,10 km,2.2,震度１,32.86333333,130.8783333
2016/8/26,10:00:36,茨城県沖,36°37.5′N,141°00.5′E,46 km,3.6,震度１,36.625,141.0083333
2016/8/26,18:28:21,千葉県北西部,35°37.7′N,140°04.9′E,67 km,3.4,震度１,35.62833333,140.0816667
2016/8/26,19:41:31,千葉県東方沖,35°43.2′N,140°55.5′E,12 km,3.3,震度１,35.72,140.925
2016/8/26,20:22:28,千葉県東方沖,35°43.2′N,140°57.1′E,13 km,3.3,震度１,35.72,140.9516667
2016/8/26,21:46:58,熊本県熊本地方,32°41.4′N,130°42.8′E,10 km,2.8,震度２,32.69,130.7133333
2016/8/27,3:16:11,熊本県熊本地方,32°37.5′N,130°42.4′E,6 km,2.6,震度２,32.625,130.7066667
2016/8/27,4:36:05,根室半島南東沖,43°08.7′N,145°58.5′E,48 km,3.9,震度２,43.145,145.975
2016/8/27,10:19:40,熊本県熊本地方,32°42.0′N,130°40.1′E,12 km,2.1,震度１,32.7,130.6683333
2016/8/27,12:40:13,熊本県熊本地方,32°37.1′N,130°41.1′E,6 km,2.2,震度１,32.61833333,130.685
2016/8/27,15:20:04,和歌山県南部,34°00.7′N,136°00.4′E,41 km,3.2,震度１,34.01166667,136.0066667
2016/8/27,19:00:57,宮城県北部,38°38.2′N,141°21.1′E,74 km,3.5,震度２,38.63666667,141.3516667
2016/8/27,22:46:28,茨城県南部,36°04.6′N,139°52.8′E,46 km,4.1,震度３,36.07666667,139.88
2016/8/27,23:11:21,熊本県熊本地方,32°42.7′N,130°40.6′E,13 km,3,震度２,32.71166667,130.6766667
2016/8/27,23:55:19,熊本県熊本地方,32°48.0′N,130°42.4′E,8 km,1.9,震度１,32.8,130.7066667
2016/8/28,5:18:47,神奈川県東部,35°36.0′N,139°37.1′E,26 km,2.2,震度１,35.6,139.6183333
2016/8/28,5:44:37,新島・神津島近海,34°13.5′N,139°09.2′E,10 km,3.5,震度３,34.225,139.1533333
2016/8/28,9:58:52,熊本県熊本地方,32°40.4′N,130°45.2′E,11 km,3.4,震度２,32.67333333,130.7533333
2016/8/28,13:17:42,熊本県阿蘇地方,32°57.6′N,131°06.9′E,9 km,2.3,震度１,32.96,131.115
2016/8/28,13:18:26,熊本県阿蘇地方,32°57.6′N,131°06.9′E,9 km,3,震度２,32.96,131.115
2016/8/28,13:57:10,熊本県熊本地方,32°29.4′N,130°37.6′E,10 km,3.4,震度２,32.49,130.6266667
2016/8/28,15:01:22,熊本県熊本地方,32°39.7′N,130°40.0′E,11 km,2.3,震度１,32.66166667,130.6666667
2016/8/28,23:15:34,奄美大島近海,27°22.4′N,129°02.3′E,28 km,3.5,震度１,27.37333333,129.0383333
2016/8/29,9:34:46,日高地方東部,42°18.8′N,143°02.6′E,51 km,3.8,震度１,42.31333333,143.0433333
2016/8/29,10:42:17,宮古島近海,24°38.5′N,124°57.4′E,33 km,3.9,震度１,24.64166667,124.9566667
2016/8/29,14:35:16,岩手県沖,39°56.1′N,142°32.5′E,33 km,3.9,震度１,39.935,142.5416667
2016/8/30,2:02:16,熊本県天草・芦北地方,32°28.3′N,130°32.6′E,8 km,2.7,震度１,32.47166667,130.5433333
2016/8/30,2:54:07,熊本県阿蘇地方,32°56.3′N,131°00.5′E,10 km,2.8,震度１,32.93833333,131.0083333
2016/8/30,4:13:05,熊本県天草・芦北地方,32°28.2′N,130°32.5′E,8 km,3.2,震度１,32.47,130.5416667
2016/8/30,4:25:38,千葉県北西部,35°41.6′N,140°07.0′E,62 km,3.2,震度１,35.69333333,140.1166667
2016/8/30,4:44:37,熊本県天草・芦北地方,32°28.3′N,130°32.7′E,8 km,3.5,震度２,32.47166667,130.545
2016/8/30,8:53:24,熊本県熊本地方,32°35.3′N,130°40.8′E,8 km,3,震度２,32.58833333,130.68
2016/8/30,15:39:20,熊本県熊本地方,32°47.4′N,130°44.6′E,7 km,2.9,震度２,32.79,130.7433333
2016/8/30,15:45:20,熊本県熊本地方,32°38.7′N,130°42.0′E,14 km,2.9,震度１,32.645,130.7
2016/8/30,17:06:39,有明海,32°50.9′N,130°34.5′E,0 km,1,震度１,32.84833333,130.575
2016/8/30,17:07:39,福島県沖,37°23.3′N,141°42.2′E,43 km,4.4,震度２,37.38833333,141.7033333
2016/8/30,17:50:38,茨城県沖,36°29.0′N,140°42.0′E,17 km,3.3,震度１,36.48333333,140.7
2016/8/30,20:19:18,日向灘,32°13.1′N,132°12.0′E,23 km,3.8,震度１,32.21833333,132.2
2016/8/30,23:11:28,鳥取県中部,35°25.7′N,133°53.3′E,8 km,2.9,震度２,35.42833333,133.8883333
2016/8/31,1:38:42,鳥取県中部,35°25.7′N,133°53.3′E,8 km,2.8,震度１,35.42833333,133.8883333
2016/8/31,5:04:48,茨城県沖,36°23.2′N,141°43.5′E,52 km,4.9,震度２,36.38666667,141.725
2016/8/31,5:26:45,熊本県熊本地方,32°41.8′N,130°40.3′E,9 km,2,震度１,32.69666667,130.6716667
2016/8/31,5:36:49,茨城県沖,36°23.5′N,141°43.2′E,54 km,4.3,震度１,36.39166667,141.72
2016/8/31,6:59:52,鳥取県中部,35°25.9′N,133°53.2′E,8 km,2.7,震度２,35.43166667,133.8866667
2016/8/31,8:12:11,熊本県天草・芦北地方,32°21.7′N,130°36.2′E,5 km,2.5,震度１,32.36166667,130.6033333
2016/8/31,8:59:11,和歌山県南部,33°49.5′N,135°36.9′E,51 km,3.9,震度２,33.825,135.615
2016/8/31,10:03:08,熊本県熊本地方,32°43.2′N,130°37.2′E,12 km,2.4,震度１,32.72,130.62
2016/8/31,12:42:03,熊本県熊本地方,32°51.7′N,130°38.8′E,9 km,2.5,震度１,32.86166667,130.6466667
2016/8/31,18:03:43,熊本県熊本地方,32°38.3′N,130°40.1′E,8 km,2.6,震度１,32.63833333,130.6683333
2016/8/31,19:46:03,熊本県熊本地方,32°43.3′N,130°37.0′E,13 km,5.2,震度５弱,32.72166667,130.6166667
2016/8/31,19:51:42,熊本県熊本地方,32°43.3′N,130°37.0′E,12 km,3,震度２,32.72166667,130.6166667
2016/8/31,21:36:23,熊本県熊本地方,32°43.7′N,130°38.6′E,13 km,3.3,震度２,32.72833333,130.6433333
2016/8/31,22:18:27,熊本県熊本地方,32°38.5′N,130°43.6′E,8 km,1.9,震度１,32.64166667,130.7266667
2016/8/31,23:09:44,熊本県熊本地方,32°43.3′N,130°38.2′E,12 km,2.1,震度１,32.72166667,130.6366667
2016/9/1,6:33:50,熊本県熊本地方,32°43.6′N,130°37.0′E,12 km,4.8,震度４,32.72666667,130.6166667
2016/9/1,10:37:11,熊本県熊本地方,32°47.4′N,130°42.8′E,7 km,1.5,震度１,32.79,130.7133333
2016/9/1,11:45:56,熊本県熊本地方,32°47.3′N,130°38.6′E,12 km,3.7,震度３,32.78833333,130.6433333
2016/9/1,12:47:16,熊本県熊本地方,32°43.5′N,130°39.2′E,13 km,2.6,震度１,32.725,130.6533333
2016/9/1,19:05:43,熊本県阿蘇地方,32°56.0′N,131°01.1′E,7 km,2.4,震度１,32.93333333,131.0183333
2016/9/2,5:11:26,栃木県北部,36°44.4′N,139°24.5′E,5 km,2.7,震度１,36.74,139.4083333
2016/9/2,8:27:00,宮城県沖,38°16.5′N,141°55.4′E,46 km,4.1,震度２,38.275,141.9233333
2016/9/2,10:33:09,有明海,32°43.7′N,130°36.1′E,13 km,2.4,震度１,32.72833333,130.6016667
2016/9/2,16:35:42,熊本県熊本地方,32°36.8′N,130°42.7′E,4 km,2.3,震度２,32.61333333,130.7116667
2016/9/3,1:17:10,熊本県熊本地方,32°47.4′N,130°39.1′E,12 km,2.3,震度１,32.79,130.6516667
2016/9/3,8:29:01,新潟県上越地方,36°50.1′N,137°51.0′E,0 km,3.4,震度２,36.835,137.85
2016/9/3,9:04:11,新潟県上越地方,36°50.2′N,137°51.4′E,1 km,2.6,震度１,36.83666667,137.8566667
2016/9/3,11:07:32,熊本県熊本地方,32°37.8′N,130°42.2′E,6 km,2,震度１,32.63,130.7033333
2016/9/3,12:02:58,トカラ列島近海,29°36.5′N,129°41.7′E,9 km,2.8,震度２,29.60833333,129.695
2016/9/3,13:22:35,熊本県熊本地方,32°42.0′N,130°47.2′E,8 km,2.8,震度２,32.7,130.7866667
2016/9/3,14:09:17,国後島付近,43°28.8′N,145°51.0′E,96 km,3.9,震度２,43.48,145.85
2016/9/3,14:10:43,有明海,32°43.7′N,130°36.4′E,13 km,2.7,震度２,32.72833333,130.6066667
2016/9/3,15:03:17,紀伊水道,33°42.8′N,135°08.5′E,43 km,4,震度２,33.71333333,135.1416667
2016/9/3,21:11:42,千葉県東方沖,35°30.5′N,140°30.5′E,29 km,3.1,震度２,35.50833333,140.5083333
2016/9/3,21:34:29,福島県会津,37°29.5′N,139°56.0′E,13 km,2.7,震度２,37.49166667,139.9333333
2016/9/3,22:44:46,宮城県北部,38°50.4′N,141°33.5′E,96 km,3.7,震度２,38.84,141.5583333
2016/9/3,23:01:44,沖縄本島近海,26°16.7′N,127°19.5′E,44 km,3.6,震度２,26.27833333,127.325
2016/9/3,23:38:38,浦河沖,41°55.2′N,142°03.0′E,85 km,3.7,震度１,41.92,142.05
2016/9/4,1:24:37,青森県三八上北地方,40°30.6′N,140°55.2′E,111 km,3.7,震度１,40.51,140.92
2016/9/4,3:10:52,青森県東方沖,40°56.0′N,141°24.2′E,124 km,3.6,震度１,40.93333333,141.4033333
2016/9/4,6:17:44,熊本県天草・芦北地方,32°30.6′N,130°33.4′E,5 km,3.9,震度３,32.51,130.5566667
2016/9/4,8:36:11,熊本県熊本地方,32°47.1′N,130°46.5′E,15 km,2.7,震度１,32.785,130.775
2016/9/4,9:15:17,宮城県沖,38°32.0′N,141°43.0′E,54 km,3.7,震度１,38.53333333,141.7166667
2016/9/4,17:49:57,熊本県熊本地方,32°46.3′N,130°44.5′E,11 km,2.4,震度１,32.77166667,130.7416667
2016/9/4,18:34:34,熊本県阿蘇地方,32°59.2′N,131°06.6′E,10 km,2.2,震度１,32.98666667,131.11
2016/9/4,23:49:24,熊本県熊本地方,32°39.3′N,130°38.9′E,10 km,2.2,震度１,32.655,130.6483333
2016/9/5,0:23:18,秋田県内陸南部,39°28.6′N,140°24.8′E,9 km,2.7,震度１,39.47666667,140.4133333
2016/9/5,1:42:46,茨城県南部,35°54.2′N,140°17.8′E,90 km,3.6,震度１,35.90333333,140.2966667
2016/9/5,5:06:05,熊本県熊本地方,32°37.7′N,130°42.1′E,7 km,2.3,震度１,32.62833333,130.7016667
2016/9/5,17:43:31,宮城県沖,38°24.6′N,141°46.1′E,56 km,3.8,震度１,38.41,141.7683333
2016/9/5,20:55:13,熊本県熊本地方,32°44.3′N,130°44.8′E,13 km,3.3,震度２,32.73833333,130.7466667
2016/9/5,22:53:30,福島県会津,36°56.7′N,139°24.8′E,6 km,2.3,震度１,36.945,139.4133333
2016/9/6,3:57:03,東京湾,35°36.3′N,140°05.3′E,9 km,3.3,震度２,35.605,140.0883333
2016/9/6,8:51:44,熊本県熊本地方,32°39.1′N,130°40.8′E,6 km,1.7,震度２,32.65166667,130.68
2016/9/6,17:51:03,熊本県阿蘇地方,32°58.1′N,131°04.0′E,6 km,3,震度３,32.96833333,131.0666667
2016/9/7,0:22:52,宮古島近海,24°46.9′N,125°15.9′E,46 km,4.8,震度３,24.78166667,125.265
2016/9/7,1:56:01,熊本県熊本地方,32°44.2′N,130°37.8′E,13 km,3.9,震度４,32.73666667,130.63
2016/9/7,2:14:42,熊本県熊本地方,32°44.1′N,130°38.1′E,13 km,2.3,震度１,32.735,130.635
2016/9/7,2:19:27,種子島近海,30°35.7′N,131°08.7′E,30 km,3.9,震度１,30.595,131.145
2016/9/7,3:46:18,西表島付近,23°57.6′N,123°35.3′E,31 km,3.6,震度１,23.96,123.5883333
2016/9/7,5:19:29,熊本県熊本地方,32°34.5′N,130°52.1′E,12 km,2.8,震度１,32.575,130.8683333
2016/9/7,7:46:22,茨城県南部,36°04.0′N,139°55.3′E,44 km,3.3,震度１,36.06666667,139.9216667
2016/9/7,11:16:53,沖縄本島近海,26°17.7′N,126°53.1′E,67 km,4.1,震度２,26.295,126.885
2016/9/7,13:28:50,茨城県南部,36°10.0′N,140°02.1′E,50 km,4.9,震度４,36.16666667,140.035
2016/9/7,14:17:03,熊本県熊本地方,32°32.9′N,130°42.7′E,8 km,2.4,震度１,32.54833333,130.7116667
2016/9/7,14:33:35,福島県沖,37°03.0′N,141°05.1′E,31 km,3.4,震度１,37.05,141.085
2016/9/7,14:57:35,十勝地方北部,43°22.9′N,143°04.5′E,1 km,3.4,震度１,43.38166667,143.075
2016/9/7,18:42:04,日高地方中部,42°29.6′N,142°40.8′E,110 km,4.7,震度３,42.49333333,142.68
2016/9/7,20:26:14,熊本県熊本地方,32°36.1′N,130°43.2′E,10 km,2.5,震度１,32.60166667,130.72
2016/9/7,22:49:45,熊本県熊本地方,32°43.7′N,130°39.6′E,13 km,2.2,震度１,32.72833333,130.66
2016/9/7,23:57:15,熊本県阿蘇地方,32°55.9′N,131°03.8′E,5 km,2,震度２,32.93166667,131.0633333
2016/9/8,5:50:35,岩手県沖,39°40.0′N,142°08.3′E,48 km,3.3,震度１,39.66666667,142.1383333
2016/9/8,15:08:40,茨城県沖,36°26.6′N,141°07.3′E,45 km,3.9,震度２,36.44333333,141.1216667
2016/9/8,15:15:45,熊本県熊本地方,32°47.5′N,130°44.9′E,7 km,3.5,震度３,32.79166667,130.7483333
2016/9/8,16:07:30,熊本県熊本地方,32°47.6′N,130°39.1′E,13 km,2.5,震度１,32.79333333,130.6516667
2016/9/8,16:43:45,熊本県熊本地方,32°47.4′N,130°44.8′E,7 km,2.6,震度１,32.79,130.7466667
2016/9/8,20:00:25,奄美大島近海,27°51.0′N,129°59.3′E,57 km,4.6,震度２,27.85,129.9883333
2016/9/8,21:35:53,熊本県熊本地方,32°37.8′N,130°43.7′E,7 km,2.5,震度２,32.63,130.7283333
2016/9/9,5:17:53,千葉県北西部,35°43.1′N,140°13.1′E,34 km,3.3,震度１,35.71833333,140.2183333
2016/9/9,13:47:05,岩手県沖,39°38.1′N,142°06.8′E,49 km,3.8,震度２,39.635,142.1133333
2016/9/9,15:06:35,宮古島近海,25°00.2′N,125°35.2′E,53 km,3.4,震度１,25.00333333,125.5866667
2016/9/9,20:53:16,茨城県沖,36°23.2′N,141°01.8′E,47 km,5.4,震度３,36.38666667,141.03
2016/9/9,22:19:09,和歌山県北部,34°14.2′N,135°14.6′E,5 km,2.5,震度１,34.23666667,135.2433333
2016/9/9,23:18:04,茨城県北部,36°41.2′N,140°29.4′E,95 km,4.3,震度３,36.68666667,140.49
2016/9/10,0:44:57,網走沖,44°18.5′N,144°02.4′E,8 km,3.5,震度１,44.30833333,144.04
2016/9/10,12:54:39,奄美大島近海,28°18.3′N,129°28.7′E,32 km,4.2,震度３,28.305,129.4783333
2016/9/10,13:52:29,熊本県熊本地方,32°41.2′N,130°39.7′E,9 km,2.8,震度２,32.68666667,130.6616667
2016/9/11,8:42:27,新潟県中越地方,37°18.5′N,138°57.8′E,7 km,2.2,震度２,37.30833333,138.9633333
2016/9/11,12:22:04,福島県沖,37°30.2′N,141°45.0′E,41 km,4.6,震度３,37.50333333,141.75
2016/9/11,13:17:09,熊本県阿蘇地方,32°57.4′N,131°04.6′E,9 km,3.5,震度２,32.95666667,131.0766667
2016/9/11,17:41:05,熊本県熊本地方,32°51.7′N,130°55.2′E,9 km,2.1,震度１,32.86166667,130.92
2016/9/12,3:17:54,岩手県沿岸北部,39°45.5′N,141°50.1′E,58 km,3.2,震度１,39.75833333,141.835
2016/9/12,4:27:29,熊本県熊本地方,32°43.3′N,130°41.0′E,14 km,1.9,震度１,32.72166667,130.6833333
2016/9/12,4:31:08,熊本県熊本地方,32°47.4′N,130°38.5′E,12 km,2.3,震度１,32.79,130.6416667
2016/9/12,6:44:25,宮城県沖,38°25.7′N,142°18.1′E,29 km,4.1,震度１,38.42833333,142.3016667
2016/9/12,6:57:09,熊本県熊本地方,32°29.8′N,130°33.3′E,11 km,3.1,震度１,32.49666667,130.555
2016/9/12,10:06:22,茨城県北部,36°38.0′N,140°38.8′E,9 km,2.4,震度１,36.63333333,140.6466667
2016/9/12,13:33:19,千葉県北東部,35°51.3′N,140°32.0′E,37 km,3.5,震度２,35.855,140.5333333
2016/9/12,17:01:26,宮城県沖,38°18.2′N,142°05.1′E,37 km,4.1,震度２,38.30333333,142.085
2016/9/12,17:59:29,和歌山県北部,34°06.2′N,135°07.1′E,6 km,2.1,震度１,34.10333333,135.1183333
2016/9/12,19:44:33,朝鮮半島南部,35°49.2′N,129°15.7′E,40 km,5.2,震度２,35.82,129.2616667
2016/9/12,20:32:55,朝鮮半島南部,35°47.8′N,129°16.3′E,36 km,5.8,震度３,35.79666667,129.2716667
2016/9/12,20:49:41,茨城県沖,35°55.4′N,140°48.9′E,21 km,4,震度２,35.92333333,140.815
2016/9/13,5:20:56,栃木県北部,37°08.2′N,139°52.1′E,10 km,3,震度２,37.13666667,139.8683333
2016/9/13,8:30:41,千葉県北西部,35°47.9′N,140°06.0′E,63 km,3.8,震度２,35.79833333,140.1
2016/9/13,14:32:26,熊本県熊本地方,32°51.8′N,130°55.3′E,9 km,3.3,震度３,32.86333333,130.9216667
2016/9/13,17:29:15,熊本県阿蘇地方,33°03.1′N,131°07.0′E,12 km,3.9,震度３,33.05166667,131.1166667
2016/9/13,17:36:59,岩手県沖,40°21.1′N,142°04.8′E,50 km,3.4,震度１,40.35166667,142.08
2016/9/13,17:58:30,熊本県熊本地方,32°31.7′N,130°35.3′E,7 km,2.5,震度１,32.52833333,130.5883333
2016/9/13,19:12:27,埼玉県南部,35°56.2′N,139°48.6′E,77 km,4.9,震度３,35.93666667,139.81
2016/9/13,19:19:43,埼玉県南部,35°55.8′N,139°48.6′E,75 km,3.5,震度１,35.93,139.81
2016/9/13,19:25:09,熊本県熊本地方,32°45.6′N,130°40.6′E,10 km,2.5,震度２,32.76,130.6766667
2016/9/13,23:20:35,熊本県熊本地方,32°46.2′N,130°44.3′E,10 km,3.4,震度３,32.77,130.7383333
2016/9/13,23:56:06,熊本県熊本地方,32°31.7′N,130°35.3′E,7 km,2.3,震度１,32.52833333,130.5883333
2016/9/14,12:30:37,熊本県熊本地方,32°51.6′N,130°55.3′E,9 km,2.5,震度２,32.86,130.9216667
2016/9/14,16:23:35,熊本県熊本地方,32°45.6′N,130°40.6′E,10 km,1.9,震度１,32.76,130.6766667
2016/9/15,1:42:29,青森県三八上北地方,40°31.7′N,141°33.1′E,85 km,3.2,震度１,40.52833333,141.5516667
2016/9/15,7:08:22,熊本県熊本地方,32°32.1′N,130°42.4′E,8 km,2.3,震度１,32.535,130.7066667
2016/9/15,14:13:03,愛知県西部,35°13.4′N,137°33.4′E,47 km,3.4,震度２,35.22333333,137.5566667
2016/9/15,18:34:06,熊本県熊本地方,32°43.5′N,130°38.8′E,12 km,2.4,震度１,32.725,130.6466667
2016/9/15,21:39:11,福島県中通り,37°21.0′N,140°28.8′E,87 km,3.3,震度１,37.35,140.48
2016/9/16,2:06:33,熊本県阿蘇地方,32°58.3′N,131°03.2′E,5 km,2.1,震度１,32.97166667,131.0533333
2016/9/16,2:18:21,茨城県沖,36°35.9′N,140°53.4′E,50 km,3.1,震度１,36.59833333,140.89
2016/9/16,13:43:20,熊本県熊本地方,32°48.3′N,130°42.5′E,6 km,2,震度１,32.805,130.7083333
2016/9/16,17:47:42,熊本県阿蘇地方,33°00.9′N,131°10.9′E,7 km,2,震度１,33.015,131.1816667
2016/9/16,23:30:29,熊本県天草・芦北地方,32°37.4′N,130°39.8′E,11 km,2.9,震度１,32.62333333,130.6633333
2016/9/17,8:48:05,福島県沖,37°24.7′N,141°22.3′E,57 km,3.8,震度１,37.41166667,141.3716667
2016/9/17,16:35:53,千葉県東方沖,35°36.9′N,141°04.0′E,17 km,4.7,震度３,35.615,141.0666667
2016/9/17,17:24:57,熊本県天草・芦北地方,32°28.4′N,130°32.9′E,8 km,3,震度２,32.47333333,130.5483333
2016/9/17,20:00:44,京都府南部,35°01.4′N,135°34.6′E,6 km,2.1,震度１,35.02333333,135.5766667
2016/9/17,21:45:34,千葉県東方沖,35°39.7′N,140°47.8′E,13 km,2.8,震度１,35.66166667,140.7966667
2016/9/17,22:39:45,宮城県沖,38°42.9′N,142°13.3′E,40 km,4.6,震度３,38.715,142.2216667
2016/9/18,2:58:48,紀伊水道,34°12.6′N,135°08.9′E,6 km,2.4,震度１,34.21,135.1483333
2016/9/18,4:53:13,熊本県熊本地方,32°46.1′N,130°37.4′E,9 km,2.3,震度１,32.76833333,130.6233333
2016/9/18,5:03:07,トカラ列島近海,29°48.0′N,129°27.1′E,193 km,4,震度１,29.8,129.4516667
2016/9/18,9:35:34,紀伊水道,33°58.8′N,134°41.2′E,41 km,3.2,震度１,33.98,134.6866667
2016/9/18,11:32:42,島根県東部,35°23.7′N,133°18.8′E,10 km,2,震度１,35.395,133.3133333
2016/9/18,19:15:17,沖縄本島近海,26°37.8′N,127°51.2′E,9 km,2.9,震度１,26.63,127.8533333
2016/9/18,19:22:54,沖縄本島近海,26°37.7′N,127°51.4′E,10 km,3.2,震度１,26.62833333,127.8566667
2016/9/18,19:34:01,釧路地方中南部,43°02.7′N,144°25.1′E,75 km,3.3,震度１,43.045,144.4183333
2016/9/19,1:44:40,留萌地方南部,44°04.3′N,141°41.2′E,7 km,3.3,震度２,44.07166667,141.6866667
2016/9/19,2:05:57,宮城県沖,38°19.4′N,141°35.3′E,55 km,3.4,震度１,38.32333333,141.5883333
2016/9/19,15:23:49,秋田県内陸南部,39°30.2′N,140°25.4′E,10 km,3.4,震度２,39.50333333,140.4233333
2016/9/19,15:52:40,愛媛県中予,33°30.5′N,132°55.9′E,39 km,3.5,震度１,33.50833333,132.9316667
2016/9/19,16:20:32,秋田県内陸南部,39°30.2′N,140°25.4′E,9 km,2.5,震度２,39.50333333,140.4233333
2016/9/19,20:33:58,朝鮮半島南部,35°47.5′N,129°16.0′E,32 km,4.5,震度１,35.79166667,129.2666667
2016/9/19,21:10:31,岐阜県美濃東部,35°24.8′N,137°34.2′E,7 km,3,震度１,35.41333333,137.57
2016/9/20,1:19:51,長野県北部,36°48.3′N,137°50.5′E,0 km,2.5,震度１,36.805,137.8416667
2016/9/20,3:59:34,内浦湾,41°56.7′N,140°59.6′E,11 km,3.2,震度３,41.945,140.9933333
2016/9/20,4:05:50,内浦湾,41°56.5′N,140°58.4′E,10 km,2.3,震度２,41.94166667,140.9733333
2016/9/20,8:46:49,岩手県沖,39°18.9′N,142°23.9′E,47 km,4.7,震度３,39.315,142.3983333
2016/9/20,9:42:30,熊本県熊本地方,32°48.0′N,130°54.2′E,6 km,2.7,震度１,32.8,130.9033333
2016/9/20,10:45:34,伊勢湾,34°57.6′N,136°45.8′E,15 km,2.8,震度１,34.96,136.7633333
2016/9/20,15:12:59,熊本県阿蘇地方,33°02.9′N,131°06.9′E,11 km,2.9,震度１,33.04833333,131.115
2016/9/20,16:23:22,岩手県内陸南部,39°02.5′N,140°53.0′E,7 km,3.7,震度１,39.04166667,140.8833333
2016/9/20,20:05:59,新島・神津島近海,34°27.2′N,139°14.8′E,15 km,2.5,震度１,34.45333333,139.2466667
2016/9/21,1:21:16,鳥島近海,30°33.1′N,142°19.2′E,50 km,6.5,震度１,30.55166667,142.32
2016/9/21,6:50:42,熊本県熊本地方,32°41.5′N,130°46.1′E,9 km,2.6,震度２,32.69166667,130.7683333
2016/9/21,11:29:15,十勝地方中部,42°50.3′N,143°19.5′E,33 km,3.6,震度２,42.83833333,143.325
2016/9/21,19:56:58,岩手県沖,39°25.4′N,142°05.2′E,39 km,3.3,震度１,39.42333333,142.0866667
2016/9/21,20:02:47,熊本県阿蘇地方,32°57.4′N,131°04.5′E,9 km,3.6,震度２,32.95666667,131.075
2016/9/21,21:37:14,熊本県熊本地方,32°31.0′N,130°39.4′E,10 km,2.8,震度１,32.51666667,130.6566667
2016/9/21,23:11:51,熊本県阿蘇地方,32°57.5′N,131°04.4′E,10 km,2.8,震度１,32.95833333,131.0733333
2016/9/21,23:27:38,茨城県北部,36°35.9′N,140°35.7′E,5 km,2,震度１,36.59833333,140.595
2016/9/22,12:09:03,山梨県東部・富士五湖,35°32.0′N,138°56.2′E,24 km,2.6,震度１,35.53333333,138.9366667
2016/9/22,13:59:01,熊本県熊本地方,32°48.3′N,130°50.9′E,4 km,1.8,震度１,32.805,130.8483333
2016/9/22,14:02:57,山梨県東部・富士五湖,35°32.0′N,138°56.2′E,24 km,2.5,震度１,35.53333333,138.9366667
2016/9/22,17:17:34,熊本県熊本地方,32°38.4′N,130°42.3′E,13 km,2.5,震度１,32.64,130.705
2016/9/22,20:57:08,千葉県北東部,35°29.8′N,140°24.7′E,31 km,2.5,震度１,35.49666667,140.4116667
2016/9/22,21:07:13,茨城県北部,36°21.8′N,140°35.9′E,51 km,3.1,震度１,36.36333333,140.5983333
2016/9/23,3:55:22,内浦湾,41°56.3′N,140°58.3′E,9 km,2.1,震度１,41.93833333,140.9716667
2016/9/23,8:28:20,熊本県熊本地方,32°39.0′N,130°43.1′E,12 km,2.9,震度１,32.65,130.7183333
2016/9/23,9:14:31,関東東方沖,34°23.7′N,141°50.6′E,32 km,6.7,震度１,34.395,141.8433333
2016/9/23,12:02:14,トカラ列島近海,29°10.7′N,129°11.4′E,14 km,3.4,震度２,29.17833333,129.19
2016/9/23,12:08:37,トカラ列島近海,29°10.4′N,129°12.3′E,13 km,2.8,震度１,29.17333333,129.205
2016/9/23,20:41:38,熊本県熊本地方,32°39.0′N,130°39.7′E,10 km,2.1,震度１,32.65,130.6616667
2016/9/23,23:07:50,千葉県南部,34°59.7′N,139°53.7′E,115 km,3.8,震度１,34.995,139.895
2016/9/24,4:28:17,静岡県中部,35°13.0′N,138°19.5′E,19 km,2.5,震度１,35.21666667,138.325
2016/9/24,15:10:06,茨城県北部,36°46.8′N,140°36.6′E,4 km,3.8,震度２,36.78,140.61
2016/9/24,16:59:55,秋田県内陸北部,40°02.8′N,140°32.6′E,9 km,2.8,震度１,40.04666667,140.5433333
2016/9/24,21:03:42,宮城県北部,38°56.4′N,141°36.1′E,70 km,3.4,震度１,38.94,141.6016667
2016/9/25,3:00:05,熊本県熊本地方,32°41.8′N,130°40.7′E,10 km,2.3,震度１,32.69666667,130.6783333
2016/9/25,13:03:49,津軽海峡,41°33.2′N,140°36.4′E,13 km,3.7,震度２,41.55333333,140.6066667
2016/9/25,13:11:44,千葉県東方沖,35°41.7′N,140°47.8′E,19 km,2.9,震度１,35.695,140.7966667
2016/9/25,20:48:03,兵庫県北部,35°22.2′N,134°44.2′E,7 km,3,震度３,35.37,134.7366667
2016/9/25,21:10:51,兵庫県北部,35°22.3′N,134°44.1′E,7 km,2.5,震度２,35.37166667,134.735
2016/9/25,22:56:06,兵庫県北部,35°22.3′N,134°44.0′E,7 km,2.9,震度２,35.37166667,134.7333333
2016/9/26,4:01:26,佐渡付近,38°16.4′N,137°49.8′E,31 km,4,震度２,38.27333333,137.83
2016/9/26,4:09:03,佐渡付近,38°17.4′N,137°49.5′E,30 km,3,震度１,38.29,137.825
2016/9/26,5:39:55,熊本県熊本地方,32°49.8′N,130°50.8′E,7 km,2.1,震度１,32.83,130.8466667
2016/9/26,6:16:52,茨城県北部,36°43.8′N,140°35.4′E,5 km,3.1,震度１,36.73,140.59
2016/9/26,11:24:37,浦河沖,41°49.9′N,142°12.3′E,72 km,4.8,震度３,41.83166667,142.205
2016/9/26,14:13:25,浦河沖,41°39.1′N,142°59.6′E,29 km,5.4,震度４,41.65166667,142.9933333
2016/9/26,14:19:57,沖縄本島近海,27°25.7′N,128°37.2′E,44 km,5.6,震度５弱,27.42833333,128.62
2016/9/26,21:14:40,鳥取県中部,35°24.0′N,133°50.0′E,13 km,3.8,震度２,35.4,133.8333333
2016/9/26,21:35:25,鳥取県中部,35°24.2′N,133°49.8′E,13 km,3.9,震度２,35.40333333,133.83
2016/9/27,4:02:29,岩手県沿岸北部,39°26.2′N,142°01.7′E,53 km,3.5,震度１,39.43666667,142.0283333
2016/9/27,11:29:18,兵庫県南東部,34°56.3′N,135°21.8′E,6 km,2.3,震度１,34.93833333,135.3633333
2016/9/27,14:42:37,岩手県沖,39°06.7′N,142°07.1′E,45 km,3.3,震度１,39.11166667,142.1183333
2016/9/27,14:52:15,熊本県熊本地方,32°44.4′N,130°42.3′E,10 km,1.9,震度１,32.74,130.705
2016/9/27,17:58:11,熊本県天草・芦北地方,32°14.1′N,130°25.6′E,2 km,1.4,震度１,32.235,130.4266667
2016/9/28,2:56:35,愛知県東部,35°09.9′N,137°38.3′E,16 km,3.7,震度３,35.165,137.6383333
2016/9/28,5:44:48,熊本県熊本地方,32°37.5′N,130°40.7′E,8 km,2.5,震度１,32.625,130.6783333
2016/9/28,10:20:44,鳥取県中部,35°24.2′N,133°50.1′E,14 km,3.8,震度２,35.40333333,133.835
2016/9/28,10:25:30,鳥取県中部,35°24.3′N,133°49.8′E,13 km,3.7,震度２,35.405,133.83
2016/9/28,10:31:14,鳥取県中部,35°24.3′N,133°49.8′E,13 km,3.9,震度３,35.405,133.83
2016/9/28,18:38:12,与那国島近海,24°29.2′N,122°42.0′E,91 km,4.9,震度２,24.48666667,122.7
2016/9/28,21:26:47,茨城県南部,36°03.8′N,139°52.3′E,45 km,3.1,震度１,36.06333333,139.8716667
2016/9/29,1:32:56,択捉島南東沖,43°48.5′N,148°05.3′E,0 km,4.8,震度１,43.80833333,148.0883333
2016/9/29,4:53:47,熊本県熊本地方,32°44.2′N,130°48.5′E,13 km,2.7,震度１,32.73666667,130.8083333
2016/9/29,10:24:49,北海道西方沖,43°47.5′N,140°40.3′E,6 km,3.5,震度１,43.79166667,140.6716667
2016/9/29,12:22:00,沖縄本島近海,27°24.6′N,128°38.5′E,43 km,3.9,震度３,27.41,128.6416667
2016/9/29,12:42:50,熊本県熊本地方,32°42.8′N,130°37.2′E,11 km,2.8,震度２,32.71333333,130.62
2016/9/29,17:58:54,熊本県熊本地方,32°42.8′N,130°37.0′E,12 km,2.9,震度２,32.71333333,130.6166667
2016/9/29,18:58:42,茨城県沖,36°27.3′N,141°04.3′E,44 km,3.1,震度１,36.455,141.0716667
2016/9/29,20:57:35,福島県沖,37°24.4′N,141°52.3′E,29 km,4.8,震度２,37.40666667,141.8716667
2016/9/29,22:51:36,熊本県熊本地方,32°45.0′N,130°37.7′E,11 km,2.2,震度１,32.75,130.6283333
2016/9/30,0:45:23,奄美大島近海,28°29.3′N,130°12.5′E,31 km,3.5,震度１,28.48833333,130.2083333
2016/9/30,1:09:58,奄美大島近海,28°28.8′N,130°12.2′E,32 km,3.7,震度２,28.48,130.2033333
2016/9/30,1:51:21,奄美大島近海,28°29.8′N,130°09.0′E,27 km,3.6,震度１,28.49666667,130.15
2016/9/30,4:02:56,日高地方東部,42°21.2′N,142°59.3′E,55 km,3.5,震度１,42.35333333,142.9883333
2016/9/30,4:48:23,熊本県熊本地方,32°39.4′N,130°42.8′E,9 km,2,震度１,32.65666667,130.7133333
2016/9/30,5:02:49,熊本県天草・芦北地方,32°20.3′N,130°29.8′E,7 km,2.4,震度１,32.33833333,130.4966667
2016/9/30,16:01:09,釧路沖,42°38.6′N,144°04.2′E,95 km,3.9,震度１,42.64333333,144.07
2016/9/30,17:16:17,愛知県東部,35°09.7′N,137°38.6′E,17 km,3.3,震度２,35.16166667,137.6433333
2016/9/30,20:40:12,岩手県沖,39°52.8′N,142°10.7′E,47 km,3.2,震度１,39.88,142.1783333
2016/10/1,4:04:34,宮城県沖,38°10.9′N,141°49.0′E,63 km,3.9,震度２,38.18166667,141.8166667
2016/10/1,4:33:02,茨城県沖,36°13.1′N,140°53.0′E,46 km,2.9,震度１,36.21833333,140.8833333
2016/10/1,7:47:53,山梨県東部・富士五湖,35°32.2′N,138°56.4′E,25 km,3,震度１,35.53666667,138.94
2016/10/1,13:50:10,内浦湾,41°56.8′N,140°58.8′E,10 km,2.8,震度２,41.94666667,140.98
2016/10/1,14:39:57,有明海,32°47.5′N,130°31.9′E,13 km,3.1,震度１,32.79166667,130.5316667
2016/10/1,15:30:48,熊本県熊本地方,32°40.4′N,130°42.7′E,15 km,2.8,震度１,32.67333333,130.7116667
2016/10/1,15:44:59,岩手県沖,40°21.4′N,142°04.8′E,50 km,3.9,震度２,40.35666667,142.08
2016/10/1,16:11:48,愛媛県東予,33°49.2′N,133°07.4′E,40 km,3.4,震度１,33.82,133.1233333
2016/10/2,8:19:18,秋田県内陸南部,39°23.0′N,140°24.3′E,9 km,2.8,震度１,39.38333333,140.405
2016/10/2,10:08:35,岡山県北部,34°56.5′N,133°20.7′E,16 km,3.6,震度２,34.94166667,133.345
2016/10/2,14:13:22,熊本県熊本地方,32°47.8′N,130°44.0′E,3 km,1.4,震度１,32.79666667,130.7333333
2016/10/2,16:13:57,熊本県熊本地方,32°42.0′N,130°38.5′E,11 km,2.6,震度１,32.7,130.6416667
2016/10/2,17:42:15,大阪湾,34°31.8′N,135°07.4′E,11 km,2.8,震度１,34.53,135.1233333
2016/10/2,21:23:06,千葉県東方沖,35°47.7′N,140°53.6′E,12 km,3.5,震度１,35.795,140.8933333
2016/10/3,0:48:45,千葉県東方沖,35°30.4′N,140°58.1′E,22 km,3.3,震度１,35.50666667,140.9683333
2016/10/3,4:09:29,日向灘,32°15.8′N,131°55.3′E,19 km,3.2,震度１,32.26333333,131.9216667
2016/10/3,7:02:03,熊本県熊本地方,32°48.1′N,130°43.1′E,4 km,2.1,震度１,32.80166667,130.7183333
2016/10/3,12:24:00,西表島付近,24°15.7′N,123°38.8′E,16 km,4.2,震度３,24.26166667,123.6466667
2016/10/3,17:48:25,浦河沖,41°55.3′N,142°26.2′E,67 km,4.5,震度３,41.92166667,142.4366667
2016/10/3,18:46:43,宮城県沖,38°32.0′N,142°00.5′E,81 km,3.8,震度２,38.53333333,142.0083333
2016/10/3,20:08:27,鳥取県中部,35°24.5′N,133°49.7′E,13 km,3.1,震度１,35.40833333,133.8283333
2016/10/3,20:09:24,西表島付近,24°15.7′N,123°38.2′E,16 km,2.7,震度１,24.26166667,123.6366667
2016/10/3,20:55:09,熊本県熊本地方,32°48.0′N,130°43.4′E,5 km,1.5,震度１,32.8,130.7233333
2016/10/4,0:19:57,熊本県熊本地方,32°48.1′N,130°42.1′E,8 km,2.1,震度１,32.80166667,130.7016667
2016/10/4,6:22:14,釧路沖,42°53.6′N,145°28.9′E,45 km,3.7,震度１,42.89333333,145.4816667
2016/10/4,9:26:18,沖縄本島近海,27°24.9′N,128°38.2′E,43 km,2.5,震度１,27.415,128.6366667
2016/10/4,14:45:49,岐阜県美濃中西部,35°25.6′N,136°38.5′E,6 km,1.5,震度１,35.42666667,136.6416667
2016/10/4,18:04:27,日向灘,32°37.4′N,132°13.9′E,35 km,3.2,震度１,32.62333333,132.2316667
2016/10/4,23:00:49,父島近海,27°43.7′N,142°05.6′E,43 km,5.8,震度２,27.72833333,142.0933333
2016/10/5,16:30:07,熊本県熊本地方,32°51.4′N,130°44.8′E,7 km,2.6,震度２,32.85666667,130.7466667
2016/10/5,17:44:18,熊本県熊本地方,32°47.9′N,130°41.3′E,3 km,1.9,震度２,32.79833333,130.6883333
2016/10/6,10:48:53,和歌山県北部,34°13.2′N,135°13.4′E,4 km,2.1,震度１,34.22,135.2233333
2016/10/6,11:23:50,千葉県北東部,35°52.2′N,140°31.4′E,38 km,3.3,震度２,35.87,140.5233333
2016/10/6,14:57:44,熊本県阿蘇地方,33°00.6′N,131°06.2′E,9 km,3,震度１,33.01,131.1033333
2016/10/6,23:32:32,和歌山県北部,34°04.2′N,135°08.9′E,6 km,2.8,震度２,34.07,135.1483333
2016/10/7,0:52:00,台湾付近,22°47.2′N,121°31.1′E,0 km,5.8,震度１,22.78666667,121.5183333
2016/10/7,8:33:39,内浦湾,41°56.4′N,140°58.5′E,10 km,3.2,震度３,41.94,140.975
2016/10/7,9:14:21,浦河沖,41°58.4′N,142°33.6′E,63 km,4.2,震度２,41.97333333,142.56
2016/10/7,16:37:05,茨城県北部,36°42.8′N,140°36.4′E,8 km,2.7,震度１,36.71333333,140.6066667
2016/10/7,22:57:19,熊本県阿蘇地方,32°53.2′N,131°05.0′E,0 km,0.6,震度１,32.88666667,131.0833333
2016/10/8,1:46:38,熊本県阿蘇地方,32°53.2′N,131°05.0′E,0 km,1.1,震度２,32.88666667,131.0833333
2016/10/8,7:36:25,秋田県内陸北部,40°01.4′N,140°28.0′E,7 km,2.7,震度２,40.02333333,140.4666667
2016/10/8,8:21:45,秋田県内陸北部,40°01.3′N,140°28.0′E,7 km,2.2,震度１,40.02166667,140.4666667
2016/10/9,3:28:28,沖縄本島近海,26°44.2′N,127°32.0′E,63 km,4.3,震度３,26.73666667,127.5333333
2016/10/9,3:36:28,釧路沖,42°52.6′N,143°55.4′E,115 km,3.9,震度２,42.87666667,143.9233333
2016/10/9,3:39:54,熊本県熊本地方,32°44.1′N,130°39.0′E,11 km,2.4,震度１,32.735,130.65
2016/10/9,8:24:45,父島近海,26°33.2′N,142°32.0′E,45 km,4,震度１,26.55333333,142.5333333
2016/10/9,16:13:40,茨城県北部,36°27.0′N,140°33.7′E,56 km,3.7,震度２,36.45,140.5616667
2016/10/10,3:54:29,熊本県熊本地方,32°32.8′N,130°44.3′E,9 km,3.8,震度３,32.54666667,130.7383333
2016/10/10,6:03:03,鳥取県東部,35°17.8′N,134°17.3′E,6 km,3,震度２,35.29666667,134.2883333
2016/10/10,6:45:11,日向灘,32°33.5′N,132°10.7′E,29 km,3.3,震度１,32.55833333,132.1783333
2016/10/10,7:15:32,茨城県沖,36°21.1′N,140°55.4′E,46 km,3.8,震度２,36.35166667,140.9233333
2016/10/10,7:21:15,熊本県熊本地方,32°50.0′N,130°50.2′E,10 km,2.4,震度１,32.83333333,130.8366667
2016/10/10,8:15:58,秋田県内陸北部,40°01.3′N,140°28.3′E,7 km,3.2,震度２,40.02166667,140.4716667
2016/10/10,15:28:22,埼玉県南部,35°55.7′N,139°48.4′E,75 km,3.5,震度１,35.92833333,139.8066667
2016/10/10,20:49:53,栃木県北部,36°51.8′N,139°25.8′E,4 km,2.3,震度１,36.86333333,139.43
2016/10/10,21:55:27,内浦湾,41°56.4′N,140°58.9′E,9 km,1.8,震度１,41.94,140.9816667
2016/10/11,1:00:42,福島県沖,37°50.1′N,141°47.4′E,51 km,4,震度２,37.835,141.79
2016/10/11,6:45:10,熊本県熊本地方,32°40.6′N,130°44.6′E,12 km,3.8,震度３,32.67666667,130.7433333
2016/10/11,12:37:05,茨城県南部,36°11.4′N,139°47.5′E,55 km,3.1,震度１,36.19,139.7916667
2016/10/12,1:16:35,熊本県熊本地方,32°44.6′N,130°39.5′E,10 km,2,震度１,32.74333333,130.6583333
2016/10/12,4:02:27,日高地方東部,42°19.5′N,143°02.5′E,50 km,5,震度３,42.325,143.0416667
2016/10/12,6:17:01,熊本県熊本地方,32°39.2′N,130°39.8′E,10 km,2.6,震度２,32.65333333,130.6633333
2016/10/12,8:05:32,房総半島南方沖,34°13.7′N,140°18.6′E,63 km,4.4,震度２,34.22833333,140.31
2016/10/12,15:54:08,熊本県熊本地方,32°42.1′N,130°39.0′E,11 km,2.4,震度１,32.70166667,130.65
2016/10/12,15:56:11,熊本県熊本地方,32°42.0′N,130°38.8′E,11 km,3.6,震度３,32.7,130.6466667
2016/10/12,18:27:02,十勝地方南部,42°29.6′N,143°03.2′E,37 km,3.3,震度１,42.49333333,143.0533333
2016/10/12,19:20:17,福島県会津,37°02.6′N,139°23.6′E,8 km,1.9,震度１,37.04333333,139.3933333
2016/10/12,22:32:19,熊本県熊本地方,32°51.5′N,130°50.7′E,10 km,2.6,震度２,32.85833333,130.845
2016/10/13,1:18:05,茨城県沖,36°31.9′N,140°56.4′E,19 km,3.7,震度２,36.53166667,140.94
2016/10/13,5:04:18,岐阜県美濃中西部,35°29.8′N,136°24.6′E,14 km,2.6,震度１,35.49666667,136.41
2016/10/13,20:07:51,宮城県沖,38°41.9′N,141°47.8′E,53 km,3,震度１,38.69833333,141.7966667
2016/10/14,3:56:58,島根県東部,35°21.9′N,133°17.5′E,10 km,2.9,震度２,35.365,133.2916667
2016/10/14,19:21:07,福島県沖,37°28.0′N,142°07.6′E,32 km,4.6,震度２,37.46666667,142.1266667
2016/10/15,0:31:29,岐阜県美濃中西部,35°31.0′N,136°54.8′E,11 km,3,震度１,35.51666667,136.9133333
2016/10/15,3:19:08,熊本県熊本地方,32°32.8′N,130°41.0′E,10 km,2.7,震度１,32.54666667,130.6833333
2016/10/15,3:34:28,青森県東方沖,41°28.6′N,142°00.5′E,64 km,3.8,震度１,41.47666667,142.0083333
2016/10/15,7:10:45,熊本県熊本地方,32°48.8′N,130°41.0′E,5 km,2,震度１,32.81333333,130.6833333
2016/10/15,7:11:56,熊本県熊本地方,32°48.7′N,130°41.0′E,4 km,2,震度１,32.81166667,130.6833333
2016/10/15,9:38:04,熊本県熊本地方,32°48.8′N,130°40.9′E,5 km,3.3,震度３,32.81333333,130.6816667
2016/10/15,9:41:34,熊本県熊本地方,32°48.7′N,130°40.8′E,4 km,2,震度１,32.81166667,130.68
2016/10/15,9:44:18,熊本県熊本地方,32°48.6′N,130°40.7′E,4 km,1.7,震度１,32.81,130.6783333
2016/10/15,10:34:50,熊本県熊本地方,32°48.7′N,130°41.2′E,5 km,2.3,震度２,32.81166667,130.6866667
2016/10/15,11:25:23,熊本県熊本地方,32°48.5′N,130°40.8′E,4 km,2.6,震度２,32.80833333,130.68
2016/10/15,16:26:15,熊本県熊本地方,32°48.9′N,130°40.9′E,4 km,2.1,震度１,32.815,130.6816667
2016/10/15,21:55:25,熊本県熊本地方,32°32.9′N,130°48.8′E,5 km,2.2,震度２,32.54833333,130.8133333
2016/10/16,5:36:40,長野県中部,36°26.5′N,138°02.3′E,6 km,2.3,震度１,36.44166667,138.0383333
2016/10/16,8:03:45,熊本県阿蘇地方,32°58.4′N,131°05.1′E,11 km,2.5,震度１,32.97333333,131.085
2016/10/16,13:51:01,石川県能登地方,37°18.2′N,137°05.5′E,8 km,2.2,震度１,37.30333333,137.0916667
2016/10/16,14:38:16,宮城県中部,38°19.4′N,141°31.6′E,20 km,3.8,震度２,38.32333333,141.5266667
2016/10/16,15:14:26,福島県中通り,37°53.0′N,140°29.0′E,131 km,4.1,震度１,37.88333333,140.4833333
2016/10/16,16:37:05,宮城県中部,38°19.4′N,141°31.6′E,20 km,5.2,震度４,38.32333333,141.5266667
2016/10/16,16:58:39,宮城県中部,38°19.8′N,141°32.4′E,18 km,4.2,震度３,38.33,141.54
2016/10/16,18:31:38,福島県中通り,37°05.2′N,140°35.5′E,14 km,3.6,震度２,37.08666667,140.5916667
2016/10/16,19:29:21,根室地方中部,43°24.0′N,145°03.0′E,93 km,3.4,震度１,43.4,145.05
2016/10/16,19:59:45,静岡県西部,35°06.2′N,137°51.8′E,18 km,2.8,震度１,35.10333333,137.8633333
2016/10/16,20:17:20,有明海,32°47.8′N,130°35.7′E,13 km,2.6,震度１,32.79666667,130.595
2016/10/16,21:43:43,十勝地方南部,42°21.8′N,143°06.5′E,50 km,4.2,震度２,42.36333333,143.1083333
2016/10/17,2:23:08,熊本県熊本地方,32°49.3′N,130°40.4′E,7 km,2.1,震度１,32.82166667,130.6733333
2016/10/17,11:46:42,宮城県沖,38°38.1′N,141°54.5′E,48 km,3.6,震度１,38.635,141.9083333
2016/10/17,12:18:37,熊本県熊本地方,32°45.9′N,130°37.2′E,11 km,3.1,震度１,32.765,130.62
2016/10/17,12:34:57,岐阜県飛騨地方,36°03.3′N,137°30.8′E,6 km,1.7,震度１,36.055,137.5133333
2016/10/17,14:59:59,茨城県沖,36°32.1′N,141°16.8′E,50 km,3.4,震度１,36.535,141.28
2016/10/18,1:02:10,熊本県熊本地方,32°34.6′N,130°38.6′E,12 km,3.5,震度２,32.57666667,130.6433333
2016/10/18,5:56:35,岩手県沖,40°22.8′N,142°16.4′E,40 km,3.4,震度１,40.38,142.2733333
2016/10/18,8:24:16,鳥取県中部,35°24.4′N,133°49.8′E,13 km,2.9,震度２,35.40666667,133.83
2016/10/18,12:49:04,熊本県熊本地方,32°38.9′N,130°40.1′E,10 km,2.3,震度１,32.64833333,130.6683333
2016/10/18,16:22:12,沖縄本島近海,27°27.0′N,128°39.0′E,43 km,4,震度２,27.45,128.65
2016/10/18,21:08:45,和歌山県北部,34°12.2′N,135°09.4′E,6 km,3.1,震度２,34.20333333,135.1566667
2016/10/19,3:44:57,宮城県北部,38°31.1′N,140°47.9′E,12 km,2.6,震度１,38.51833333,140.7983333
2016/10/19,5:57:06,福島県中通り,37°04.5′N,140°34.2′E,5 km,2.8,震度１,37.075,140.57
2016/10/19,12:23:26,父島近海,27°34.8′N,142°20.5′E,89 km,4,震度１,27.58,142.3416667
2016/10/19,23:40:39,茨城県南部,36°08.6′N,140°04.7′E,49 km,3.9,震度２,36.14333333,140.0783333
2016/10/20,8:17:10,佐渡付近,38°24.4′N,138°07.3′E,22 km,3.3,震度１,38.40666667,138.1216667
2016/10/20,10:44:51,日向灘,32°32.4′N,132°21.2′E,35 km,3.9,震度２,32.54,132.3533333
2016/10/20,11:49:54,千葉県北東部,35°51.7′N,140°31.4′E,37 km,5.3,震度４,35.86166667,140.5233333
2016/10/20,15:25:59,硫黄島近海,22°34.5′N,143°53.9′E,132 km,5.8,震度１,22.575,143.8983333
2016/10/20,20:12:53,群馬県北部,36°35.6′N,139°14.8′E,11 km,3.8,震度３,36.59333333,139.2466667
2016/10/21,5:00:11,熊本県熊本地方,32°48.1′N,130°39.6′E,8 km,2.8,震度１,32.80166667,130.66
2016/10/21,5:28:38,奄美大島近海,27°58.8′N,129°22.7′E,33 km,3.4,震度１,27.98,129.3783333
2016/10/21,12:12:23,鳥取県中部,35°22.8′N,133°51.2′E,10 km,4.2,震度４,35.38,133.8533333
2016/10/21,13:41:10,宮城県沖,38°23.5′N,142°10.7′E,30 km,3.8,震度１,38.39166667,142.1783333
2016/10/21,14:07:23,鳥取県中部,35°22.8′N,133°51.3′E,11 km,6.6,震度６弱,35.38,133.855
2016/10/21,14:08:31,鳥取県中部,35°24.6′N,133°50.2′E,7 km,3.7,震度４,35.41,133.8366667
2016/10/21,14:09:35,鳥取県中部,35°25.3′N,133°50.5′E,9 km,3.6,震度３,35.42166667,133.8416667
2016/10/21,14:10:43,鳥取県中部,35°25.1′N,133°50.4′E,10 km,3.7,震度３,35.41833333,133.84
2016/10/21,14:12:15,鳥取県中部,35°25.4′N,133°50.0′E,10 km,3.2,震度２,35.42333333,133.8333333
2016/10/21,14:13:15,鳥取県中部,35°21.7′N,133°52.1′E,8 km,3.4,震度２,35.36166667,133.8683333
2016/10/21,14:14:34,鳥取県中部,35°21.6′N,133°52.1′E,5 km,3.2,震度２,35.36,133.8683333
2016/10/21,14:15:49,鳥取県中部,35°26.1′N,133°50.2′E,8 km,3.5,震度３,35.435,133.8366667
2016/10/21,14:17:45,鳥取県中部,35°23.3′N,133°51.1′E,10 km,3.1,震度１,35.38833333,133.8516667
2016/10/21,14:18:49,鳥取県中部,35°23.0′N,133°51.2′E,8 km,3,震度２,35.38333333,133.8533333
2016/10/21,14:19:48,鳥取県中部,35°25.4′N,133°49.9′E,7 km,3.5,震度３,35.42333333,133.8316667
2016/10/21,14:21:00,鳥取県中部,35°21.9′N,133°51.7′E,8 km,2.6,震度１,35.365,133.8616667
2016/10/21,14:22:02,鳥取県中部,35°25.7′N,133°50.0′E,10 km,3.6,震度２,35.42833333,133.8333333
2016/10/21,14:23:18,鳥取県中部,35°22.1′N,133°51.8′E,9 km,3.1,震度３,35.36833333,133.8633333
2016/10/21,14:24:26,鳥取県中部,35°25.0′N,133°50.7′E,5 km,2.6,震度２,35.41666667,133.845
2016/10/21,14:25:47,鳥取県中部,35°25.3′N,133°50.3′E,7 km,3.3,震度３,35.42166667,133.8383333
2016/10/21,14:26:53,鳥取県中部,35°25.2′N,133°50.3′E,10 km,3.3,震度２,35.42,133.8383333
2016/10/21,14:28:04,鳥取県中部,35°25.1′N,133°50.4′E,7 km,3.3,震度３,35.41833333,133.84
2016/10/21,14:28:44,鳥取県中部,35°21.7′N,133°52.1′E,9 km,2.3,震度１,35.36166667,133.8683333
2016/10/21,14:29:07,鳥取県中部,35°21.5′N,133°52.0′E,9 km,3.3,震度２,35.35833333,133.8666667
2016/10/21,14:30:06,鳥取県中部,35°25.1′N,133°50.1′E,10 km,4.4,震度４,35.41833333,133.835
2016/10/21,14:30:44,鳥取県中部,35°25.4′N,133°50.2′E,11 km,3.5,震度３,35.42333333,133.8366667
2016/10/21,14:31:08,鳥取県中部,35°25.5′N,133°50.3′E,9 km,3.4,震度１,35.425,133.8383333
2016/10/21,14:31:46,鳥取県中部,35°22.7′N,133°51.3′E,12 km,3,震度１,35.37833333,133.855
2016/10/21,14:32:04,鳥取県中部,35°24.9′N,133°50.7′E,6 km,3,震度３,35.415,133.845
2016/10/21,14:32:17,鳥取県中部,35°24.9′N,133°51.1′E,5 km,2.4,震度１,35.415,133.8516667
2016/10/21,14:33:18,鳥取県中部,35°25.6′N,133°49.7′E,10 km,3.5,震度３,35.42666667,133.8283333
2016/10/21,14:33:58,鳥取県中部,35°24.7′N,133°50.2′E,5 km,4.4,震度４,35.41166667,133.8366667
2016/10/21,14:34:18,鳥取県中部,35°26.3′N,133°50.3′E,6 km,3.3,震度２,35.43833333,133.8383333
2016/10/21,14:36:18,鳥取県中部,35°21.5′N,133°52.0′E,10 km,2.9,震度２,35.35833333,133.8666667
2016/10/21,14:38:06,鳥取県中部,35°21.9′N,133°51.6′E,8 km,2.3,震度１,35.365,133.86
2016/10/21,14:38:40,鳥取県中部,35°25.5′N,133°50.2′E,8 km,2,震度１,35.425,133.8366667
2016/10/21,14:39:54,鳥取県中部,35°21.8′N,133°52.3′E,9 km,2.3,震度１,35.36333333,133.8716667
2016/10/21,14:40:36,鳥取県中部,35°25.0′N,133°50.6′E,6 km,2.3,震度１,35.41666667,133.8433333
2016/10/21,14:42:16,鳥取県中部,35°25.2′N,133°50.1′E,9 km,2.8,震度１,35.42,133.835
2016/10/21,14:43:02,鳥取県中部,35°25.7′N,133°49.8′E,7 km,2.4,震度１,35.42833333,133.83
2016/10/21,14:45:39,鳥取県中部,35°25.0′N,133°50.0′E,13 km,2.8,震度１,35.41666667,133.8333333
2016/10/21,14:46:23,鳥取県中部,35°26.5′N,133°49.9′E,9 km,3.8,震度４,35.44166667,133.8316667
2016/10/21,14:47:12,鳥取県中部,35°26.4′N,133°50.0′E,8 km,3.7,震度３,35.44,133.8333333
2016/10/21,14:47:52,鳥取県中部,35°25.7′N,133°50.3′E,14 km,2.9,震度１,35.42833333,133.8383333
2016/10/21,14:48:24,鳥取県中部,35°25.8′N,133°50.2′E,7 km,2.5,震度１,35.43,133.8366667
2016/10/21,14:48:57,宮城県沖,38°10.1′N,141°40.2′E,50 km,3.9,震度１,38.16833333,141.67
2016/10/21,14:49:14,鳥取県中部,35°26.7′N,133°49.6′E,8 km,2.5,震度２,35.445,133.8266667
2016/10/21,14:50:21,鳥取県中部,35°24.5′N,133°50.6′E,10 km,4.2,震度３,35.40833333,133.8433333
2016/10/21,14:51:11,鳥取県中部,35°26.5′N,133°49.8′E,8 km,3.3,震度２,35.44166667,133.83
2016/10/21,14:52:24,鳥取県中部,35°25.3′N,133°50.4′E,12 km,3.2,震度２,35.42166667,133.84
2016/10/21,14:53:17,鳥取県中部,35°21.6′N,133°52.0′E,9 km,5,震度４,35.36,133.8666667
2016/10/21,14:53:54,鳥取県中部,35°22.0′N,133°51.7′E,3 km,,震度１,35.36666667,133.8616667
2016/10/21,14:54:57,鳥取県中部,35°24.8′N,133°50.1′E,13 km,,震度１,35.41333333,133.835
2016/10/21,14:56:09,鳥取県中部,35°25.4′N,133°50.2′E,8 km,2.5,震度１,35.42333333,133.8366667
2016/10/21,14:57:26,鳥取県中部,35°26.3′N,133°49.9′E,9 km,2.8,震度１,35.43833333,133.8316667
2016/10/21,14:58:02,鳥取県中部,35°23.9′N,133°51.3′E,4 km,1.9,震度１,35.39833333,133.855
2016/10/21,14:59:41,鳥取県中部,35°26.4′N,133°49.6′E,9 km,2.4,震度１,35.44,133.8266667
2016/10/21,15:00:48,鳥取県中部,35°21.9′N,133°51.8′E,7 km,2.1,震度１,35.365,133.8633333
2016/10/21,15:02:41,鳥取県中部,35°21.7′N,133°52.3′E,10 km,4.3,震度３,35.36166667,133.8716667
2016/10/21,15:03:42,鳥取県中部,35°21.6′N,133°52.1′E,10 km,2.4,震度１,35.36,133.8683333
2016/10/21,15:05:18,鳥取県中部,35°21.2′N,133°52.2′E,12 km,2.8,震度１,35.35333333,133.87
2016/10/21,15:05:41,鳥取県中部,35°23.9′N,133°51.2′E,7 km,2.3,震度１,35.39833333,133.8533333
2016/10/21,15:06:59,鳥取県中部,35°23.6′N,133°50.7′E,9 km,2,震度１,35.39333333,133.845
2016/10/21,15:08:28,鳥取県中部,35°21.7′N,133°52.2′E,10 km,2.4,震度１,35.36166667,133.87
2016/10/21,15:11:34,鳥取県中部,35°23.9′N,133°51.2′E,6 km,2.4,震度１,35.39833333,133.8533333
2016/10/21,15:13:59,鳥取県中部,35°21.2′N,133°52.2′E,12 km,3.3,震度１,35.35333333,133.87
2016/10/21,15:15:43,鳥取県中部,35°24.9′N,133°50.5′E,5 km,2,震度１,35.415,133.8416667
2016/10/21,15:17:09,鳥取県中部,35°24.9′N,133°50.1′E,12 km,2.5,震度１,35.415,133.835
2016/10/21,15:18:25,鳥取県中部,35°24.0′N,133°51.6′E,6 km,2.3,震度２,35.4,133.86
2016/10/21,15:20:27,鳥取県中部,35°25.1′N,133°50.4′E,13 km,2.2,震度１,35.41833333,133.84
2016/10/21,15:21:29,鳥取県中部,35°23.2′N,133°51.5′E,3 km,2.4,震度２,35.38666667,133.8583333
2016/10/21,15:23:42,鳥取県中部,35°21.6′N,133°51.8′E,5 km,2.3,震度１,35.36,133.8633333
2016/10/21,15:24:48,鳥取県中部,35°26.0′N,133°50.6′E,7 km,2.3,震度１,35.43333333,133.8433333
2016/10/21,15:26:13,鳥取県中部,35°25.8′N,133°49.8′E,13 km,2.8,震度２,35.43,133.83
2016/10/21,15:27:20,鳥取県中部,35°25.7′N,133°50.4′E,7 km,3.5,震度３,35.42833333,133.84
2016/10/21,15:28:51,鳥取県中部,35°26.4′N,133°49.8′E,9 km,2.7,震度１,35.44,133.83
2016/10/21,15:30:21,鳥取県中部,35°25.8′N,133°50.1′E,9 km,2.1,震度１,35.43,133.835
2016/10/21,15:31:59,鳥取県中部,35°21.4′N,133°52.4′E,5 km,3.5,震度２,35.35666667,133.8733333
2016/10/21,15:36:23,鳥取県中部,35°21.6′N,133°51.9′E,11 km,2.6,震度１,35.36,133.865
2016/10/21,15:37:40,鳥取県中部,35°21.8′N,133°52.1′E,10 km,2.7,震度１,35.36333333,133.8683333
2016/10/21,15:38:08,鳥取県中部,35°21.7′N,133°52.5′E,9 km,1.9,震度１,35.36166667,133.875
2016/10/21,15:40:12,鳥取県中部,35°25.9′N,133°50.0′E,8 km,2.1,震度１,35.43166667,133.8333333
2016/10/21,15:41:26,鳥取県中部,35°25.8′N,133°50.0′E,9 km,2.7,震度２,35.43,133.8333333
2016/10/21,15:42:24,鳥取県中部,35°27.2′N,133°49.6′E,8 km,2,震度１,35.45333333,133.8266667
2016/10/21,15:44:10,鳥取県中部,35°23.7′N,133°50.6′E,10 km,2.9,震度２,35.395,133.8433333
2016/10/21,15:45:10,鳥取県中部,35°24.5′N,133°50.5′E,5 km,1.9,震度１,35.40833333,133.8416667
2016/10/21,15:46:05,鳥取県中部,35°22.1′N,133°51.7′E,5 km,3.1,震度１,35.36833333,133.8616667
2016/10/21,15:47:19,鳥取県中部,35°21.5′N,133°51.9′E,8 km,3.4,震度２,35.35833333,133.865
2016/10/21,15:48:40,鳥取県中部,35°25.3′N,133°49.9′E,5 km,2,震度１,35.42166667,133.8316667
2016/10/21,15:49:43,鳥取県中部,35°22.0′N,133°51.6′E,8 km,2.4,震度１,35.36666667,133.86
2016/10/21,15:50:01,鳥取県中部,35°25.6′N,133°49.8′E,4 km,1.7,震度１,35.42666667,133.83
2016/10/21,15:50:31,鳥取県中部,35°23.5′N,133°53.1′E,12 km,2.9,震度１,35.39166667,133.885
2016/10/21,15:54:59,鳥取県中部,35°25.6′N,133°50.2′E,6 km,2.5,震度２,35.42666667,133.8366667
2016/10/21,15:55:27,鳥取県中部,35°24.5′N,133°50.5′E,5 km,2.1,震度１,35.40833333,133.8416667
2016/10/21,15:55:39,鳥取県中部,35°25.6′N,133°50.7′E,6 km,2.9,震度２,35.42666667,133.845
2016/10/21,15:56:02,鳥取県中部,35°25.5′N,133°49.5′E,9 km,3.2,震度３,35.425,133.825
2016/10/21,15:57:16,鳥取県中部,35°24.9′N,133°51.3′E,6 km,2.4,震度２,35.415,133.855
2016/10/21,15:58:21,鳥取県中部,35°22.0′N,133°51.7′E,4 km,3.5,震度２,35.36666667,133.8616667
2016/10/21,15:59:56,鳥取県中部,35°25.6′N,133°50.3′E,7 km,2.5,震度１,35.42666667,133.8383333
2016/10/21,16:02:43,鳥取県中部,35°25.1′N,133°50.0′E,13 km,2.8,震度１,35.41833333,133.8333333
2016/10/21,16:04:20,鳥取県中部,35°24.4′N,133°51.1′E,6 km,2.8,震度２,35.40666667,133.8516667
2016/10/21,16:07:12,鳥取県中部,35°23.9′N,133°50.3′E,6 km,2.4,震度１,35.39833333,133.8383333
2016/10/21,16:09:05,鳥取県中部,35°25.1′N,133°50.6′E,12 km,2.5,震度１,35.41833333,133.8433333
2016/10/21,16:10:41,鳥取県中部,35°23.2′N,133°51.1′E,8 km,2.1,震度１,35.38666667,133.8516667
2016/10/21,16:12:46,鳥取県中部,35°24.9′N,133°50.2′E,11 km,3.1,震度１,35.415,133.8366667
2016/10/21,16:13:58,鳥取県中部,35°21.5′N,133°52.4′E,6 km,2.5,震度１,35.35833333,133.8733333
2016/10/21,16:14:48,鳥取県中部,35°25.6′N,133°50.2′E,8 km,1.8,震度１,35.42666667,133.8366667
2016/10/21,16:18:45,鳥取県中部,35°25.3′N,133°50.2′E,9 km,1.7,震度１,35.42166667,133.8366667
2016/10/21,16:21:02,鳥取県中部,35°26.4′N,133°49.9′E,9 km,4.3,震度３,35.44,133.8316667
2016/10/21,16:22:21,鳥取県中部,35°25.9′N,133°50.1′E,8 km,2.6,震度１,35.43166667,133.835
2016/10/21,16:23:54,鳥取県中部,35°25.5′N,133°50.3′E,7 km,1.9,震度１,35.425,133.8383333
2016/10/21,16:27:13,鳥取県中部,35°24.9′N,133°50.0′E,7 km,2.3,震度１,35.415,133.8333333
2016/10/21,16:27:58,鳥取県中部,35°25.2′N,133°50.9′E,6 km,1.9,震度１,35.42,133.8483333
2016/10/21,16:33:56,鳥取県中部,35°21.8′N,133°51.8′E,4 km,2.3,震度１,35.36333333,133.8633333
2016/10/21,16:41:07,鳥取県中部,35°21.7′N,133°51.7′E,5 km,2.8,震度１,35.36166667,133.8616667
2016/10/21,16:42:15,鳥取県中部,35°26.2′N,133°50.3′E,8 km,1.8,震度１,35.43666667,133.8383333
2016/10/21,16:42:57,鳥取県中部,35°26.1′N,133°50.1′E,9 km,2.3,震度１,35.435,133.835
2016/10/21,16:43:43,鳥取県中部,35°21.5′N,133°53.0′E,10 km,1.9,震度１,35.35833333,133.8833333
2016/10/21,16:46:08,鳥取県中部,35°26.0′N,133°49.8′E,9 km,2.3,震度１,35.43333333,133.83
2016/10/21,16:51:36,鳥取県中部,35°25.7′N,133°49.9′E,9 km,2.6,震度１,35.42833333,133.8316667
2016/10/21,16:52:46,鳥取県中部,35°24.6′N,133°50.6′E,6 km,4.1,震度４,35.41,133.8433333
2016/10/21,16:59:21,鳥取県中部,35°26.2′N,133°49.9′E,10 km,3.5,震度２,35.43666667,133.8316667
2016/10/21,17:02:07,鳥取県中部,35°21.5′N,133°52.4′E,6 km,2.4,震度１,35.35833333,133.8733333
2016/10/21,17:02:22,鳥取県中部,35°25.9′N,133°50.5′E,6 km,2.3,震度１,35.43166667,133.8416667
2016/10/21,17:04:43,鳥取県中部,35°22.1′N,133°51.8′E,4 km,2.5,震度１,35.36833333,133.8633333
2016/10/21,17:06:51,鳥取県中部,35°25.4′N,133°49.7′E,9 km,3,震度２,35.42333333,133.8283333
2016/10/21,17:13:40,鳥取県中部,35°23.2′N,133°51.5′E,7 km,2.3,震度１,35.38666667,133.8583333
2016/10/21,17:21:21,鳥取県中部,35°21.6′N,133°52.3′E,6 km,2.9,震度１,35.36,133.8716667
2016/10/21,17:21:50,鳥取県中部,35°25.2′N,133°50.7′E,4 km,1.9,震度１,35.42,133.845
2016/10/21,17:23:52,鳥取県中部,35°23.1′N,133°51.0′E,7 km,2.5,震度１,35.385,133.85
2016/10/21,17:26:41,鳥取県中部,35°25.7′N,133°49.8′E,8 km,2.5,震度１,35.42833333,133.83
2016/10/21,17:27:50,鳥取県中部,35°21.7′N,133°52.5′E,11 km,3.3,震度２,35.36166667,133.875
2016/10/21,17:31:33,鳥取県中部,35°23.2′N,133°53.5′E,7 km,2.5,震度１,35.38666667,133.8916667
2016/10/21,17:33:37,鳥取県中部,35°21.0′N,133°53.0′E,10 km,2.7,震度１,35.35,133.8833333
2016/10/21,17:34:10,鳥取県中部,35°25.5′N,133°50.9′E,6 km,2,震度１,35.425,133.8483333
2016/10/21,17:38:39,鳥取県中部,35°25.8′N,133°50.0′E,8 km,2.2,震度１,35.43,133.8333333
2016/10/21,17:40:18,鳥取県中部,35°22.9′N,133°53.3′E,6 km,2.5,震度１,35.38166667,133.8883333
2016/10/21,17:42:29,鳥取県中部,35°24.9′N,133°50.7′E,7 km,2.3,震度１,35.415,133.845
2016/10/21,17:43:57,鳥取県中部,35°24.7′N,133°50.1′E,7 km,2.7,震度１,35.41166667,133.835
2016/10/21,17:45:15,鳥取県中部,35°23.8′N,133°51.1′E,7 km,1.8,震度１,35.39666667,133.8516667
2016/10/21,17:47:36,鳥取県中部,35°25.6′N,133°50.0′E,10 km,2.7,震度１,35.42666667,133.8333333
2016/10/21,17:49:01,鳥取県中部,35°25.3′N,133°50.2′E,13 km,3,震度２,35.42166667,133.8366667
2016/10/21,17:51:03,鳥取県中部,35°24.0′N,133°50.1′E,6 km,3.3,震度３,35.4,133.835
2016/10/21,17:53:05,鳥取県中部,35°21.7′N,133°52.1′E,5 km,2.7,震度１,35.36166667,133.8683333
2016/10/21,17:55:58,鳥取県中部,35°24.9′N,133°49.9′E,7 km,3.4,震度２,35.415,133.8316667
2016/10/21,17:57:09,鳥取県中部,35°25.6′N,133°50.4′E,6 km,3.1,震度２,35.42666667,133.84
2016/10/21,17:58:06,鳥取県中部,35°25.3′N,133°50.1′E,9 km,2.3,震度１,35.42166667,133.835
2016/10/21,17:59:48,鳥取県中部,35°25.8′N,133°49.9′E,9 km,4.3,震度４,35.43,133.8316667
2016/10/21,18:02:42,鳥取県中部,35°23.0′N,133°51.3′E,12 km,2.7,震度１,35.38333333,133.855
2016/10/21,18:07:39,鳥取県中部,35°25.6′N,133°50.3′E,7 km,2.2,震度１,35.42666667,133.8383333
2016/10/21,18:12:50,鳥取県中部,35°25.5′N,133°51.1′E,6 km,1.9,震度１,35.425,133.8516667
2016/10/21,18:18:44,鳥取県中部,35°25.3′N,133°49.7′E,10 km,2.7,震度１,35.42166667,133.8283333
2016/10/21,18:22:46,鳥取県中部,35°22.8′N,133°51.3′E,8 km,3,震度２,35.38,133.855
2016/10/21,18:29:31,鳥取県中部,35°23.0′N,133°50.9′E,4 km,1.9,震度１,35.38333333,133.8483333
2016/10/21,18:30:34,鳥取県中部,35°24.1′N,133°50.7′E,5 km,1.8,震度１,35.40166667,133.845
2016/10/21,18:33:59,鳥取県中部,35°24.6′N,133°50.8′E,6 km,2,震度１,35.41,133.8466667
2016/10/21,18:35:51,鳥取県中部,35°21.1′N,133°53.0′E,11 km,3.8,震度３,35.35166667,133.8833333
2016/10/21,18:36:42,鳥取県中部,35°21.1′N,133°53.1′E,10 km,2.9,震度１,35.35166667,133.885
2016/10/21,18:44:38,鳥取県中部,35°23.2′N,133°51.1′E,9 km,2.8,震度１,35.38666667,133.8516667
2016/10/21,18:46:52,鳥取県中部,35°25.5′N,133°50.6′E,6 km,2.2,震度２,35.425,133.8433333
2016/10/21,18:47:40,鳥取県中部,35°22.7′N,133°53.7′E,7 km,3,震度１,35.37833333,133.895
2016/10/21,18:48:57,鳥取県中部,35°24.9′N,133°51.5′E,6 km,2,震度１,35.415,133.8583333
2016/10/21,18:50:29,鳥取県中部,35°24.4′N,133°51.2′E,6 km,2.3,震度１,35.40666667,133.8533333
2016/10/21,18:59:59,鳥取県中部,35°25.5′N,133°50.7′E,6 km,2.3,震度２,35.425,133.845
2016/10/21,19:00:59,鳥取県中部,35°25.5′N,133°50.5′E,6 km,2.6,震度３,35.425,133.8416667
2016/10/21,19:02:29,鳥取県中部,35°22.7′N,133°51.8′E,6 km,2.6,震度１,35.37833333,133.8633333
2016/10/21,19:03:35,鳥取県中部,35°23.3′N,133°51.5′E,8 km,3,震度２,35.38833333,133.8583333
2016/10/21,19:18:06,鳥取県中部,35°25.0′N,133°50.6′E,7 km,2,震度１,35.41666667,133.8433333
2016/10/21,19:20:32,鳥取県中部,35°27.0′N,133°49.4′E,8 km,3.6,震度３,35.45,133.8233333
2016/10/21,19:22:18,鳥取県中部,35°23.1′N,133°51.3′E,9 km,2.6,震度１,35.385,133.855
2016/10/21,19:25:53,鳥取県中部,35°24.6′N,133°50.1′E,8 km,2.2,震度１,35.41,133.835
2016/10/21,19:30:44,鳥取県中部,35°22.7′N,133°53.5′E,7 km,3,震度１,35.37833333,133.8916667
2016/10/21,19:37:18,鳥取県中部,35°24.9′N,133°51.4′E,7 km,3,震度２,35.415,133.8566667
2016/10/21,19:53:53,鳥取県中部,35°23.6′N,133°51.0′E,7 km,2,震度１,35.39333333,133.85
2016/10/21,19:55:38,鳥取県中部,35°25.5′N,133°49.8′E,7 km,2,震度１,35.425,133.83
2016/10/21,20:00:53,鳥取県中部,35°26.7′N,133°49.5′E,9 km,3.3,震度２,35.445,133.825
2016/10/21,20:12:58,鳥取県中部,35°25.1′N,133°50.8′E,7 km,1.7,震度１,35.41833333,133.8466667
2016/10/21,20:16:00,鳥取県中部,35°24.2′N,133°51.4′E,7 km,2.3,震度１,35.40333333,133.8566667
2016/10/21,20:16:50,鳥取県中部,35°25.7′N,133°49.9′E,10 km,3.2,震度２,35.42833333,133.8316667
2016/10/21,20:37:31,鳥取県中部,35°21.6′N,133°52.0′E,11 km,2.5,震度２,35.36,133.8666667
2016/10/21,20:40:27,鳥取県中部,35°25.9′N,133°50.0′E,9 km,2.7,震度１,35.43166667,133.8333333
2016/10/21,20:45:58,鳥取県中部,35°25.9′N,133°49.7′E,7 km,2.2,震度１,35.43166667,133.8283333
2016/10/21,20:50:55,鳥取県中部,35°23.9′N,133°50.2′E,6 km,3,震度３,35.39833333,133.8366667
2016/10/21,20:59:08,鳥取県中部,35°25.8′N,133°50.0′E,6 km,2,震度１,35.43,133.8333333
2016/10/21,21:03:15,鳥取県中部,35°25.8′N,133°49.9′E,8 km,2,震度１,35.43,133.8316667
2016/10/21,21:08:34,鳥取県中部,35°25.9′N,133°50.4′E,7 km,2,震度１,35.43166667,133.84
2016/10/21,21:16:49,鳥取県中部,35°23.0′N,133°51.4′E,8 km,2.4,震度１,35.38333333,133.8566667
2016/10/21,21:39:05,鳥取県中部,35°26.3′N,133°49.8′E,10 km,2.1,震度１,35.43833333,133.83
2016/10/21,21:41:46,鳥取県中部,35°22.8′N,133°50.9′E,8 km,2.9,震度２,35.38,133.8483333
2016/10/21,21:50:48,鳥取県中部,35°25.3′N,133°50.1′E,10 km,2.8,震度１,35.42166667,133.835
2016/10/21,21:57:26,鳥取県中部,35°25.0′N,133°50.9′E,6 km,2.3,震度１,35.41666667,133.8483333
2016/10/21,22:00:55,鳥取県中部,35°21.4′N,133°52.1′E,9 km,2.7,震度１,35.35666667,133.8683333
2016/10/21,22:03:12,鳥取県中部,35°25.1′N,133°49.6′E,10 km,3.9,震度３,35.41833333,133.8266667
2016/10/21,22:12:20,鳥取県中部,35°25.3′N,133°49.5′E,11 km,2.9,震度２,35.42166667,133.825
2016/10/21,22:26:15,鳥取県中部,35°23.0′N,133°52.3′E,5 km,2.3,震度１,35.38333333,133.8716667
2016/10/21,22:30:12,鳥取県中部,35°22.3′N,133°51.7′E,8 km,2.6,震度１,35.37166667,133.8616667
2016/10/21,22:41:20,鳥取県中部,35°23.7′N,133°50.6′E,11 km,3.5,震度３,35.395,133.8433333
2016/10/21,22:44:33,鳥取県中部,35°25.0′N,133°50.3′E,8 km,2,震度１,35.41666667,133.8383333
2016/10/21,22:50:51,鳥取県中部,35°22.0′N,133°48.8′E,3 km,2.1,震度１,35.36666667,133.8133333
2016/10/21,22:53:53,鳥取県中部,35°21.7′N,133°51.7′E,8 km,3.8,震度２,35.36166667,133.8616667
2016/10/21,23:03:08,鳥取県中部,35°21.7′N,133°52.3′E,6 km,3.5,震度２,35.36166667,133.8716667
2016/10/21,23:04:19,鳥取県中部,35°23.5′N,133°50.6′E,9 km,2.6,震度１,35.39166667,133.8433333
2016/10/21,23:06:26,鳥取県中部,35°25.9′N,133°50.0′E,7 km,2.1,震度１,35.43166667,133.8333333
2016/10/21,23:10:35,鳥取県中部,35°23.1′N,133°50.9′E,5 km,2.8,震度１,35.385,133.8483333
2016/10/21,23:23:53,鳥取県中部,35°25.3′N,133°51.2′E,7 km,2.7,震度２,35.42166667,133.8533333
2016/10/21,23:36:39,鳥取県中部,35°25.4′N,133°50.9′E,6 km,2.2,震度１,35.42333333,133.8483333
2016/10/21,23:58:51,鳥取県中部,35°25.4′N,133°51.4′E,7 km,2.8,震度２,35.42333333,133.8566667
2016/10/22,0:20:25,鳥取県中部,35°25.9′N,133°49.2′E,8 km,2.5,震度２,35.43166667,133.82
2016/10/22,0:32:02,鳥取県中部,35°24.7′N,133°50.5′E,6 km,2.1,震度１,35.41166667,133.8416667
2016/10/22,0:32:57,鳥取県中部,35°22.7′N,133°50.9′E,8 km,3.3,震度２,35.37833333,133.8483333
2016/10/22,0:34:39,鳥取県中部,35°21.9′N,133°51.7′E,8 km,2.5,震度１,35.365,133.8616667
2016/10/22,0:40:41,鳥取県中部,35°23.7′N,133°51.2′E,8 km,2,震度１,35.395,133.8533333
2016/10/22,0:42:57,鳥取県中部,35°25.2′N,133°51.2′E,8 km,2.3,震度１,35.42,133.8533333
2016/10/22,0:56:31,鳥取県中部,35°22.7′N,133°50.8′E,8 km,3.2,震度２,35.37833333,133.8466667
2016/10/22,1:26:20,熊本県阿蘇地方,32°56.5′N,131°03.2′E,7 km,2.5,震度１,32.94166667,131.0533333
2016/10/22,1:32:32,熊本県阿蘇地方,32°56.4′N,131°03.1′E,7 km,2.5,震度１,32.94,131.0516667
2016/10/22,1:41:13,鳥取県中部,35°24.0′N,133°50.3′E,4 km,1.7,震度１,35.4,133.8383333
2016/10/22,1:44:20,鳥取県中部,35°25.3′N,133°51.1′E,6 km,1.9,震度１,35.42166667,133.8516667
2016/10/22,1:48:03,鳥取県中部,35°24.6′N,133°51.0′E,7 km,3.1,震度２,35.41,133.85
2016/10/22,1:56:32,鳥取県中部,35°22.9′N,133°50.4′E,4 km,2.3,震度１,35.38166667,133.84
2016/10/22,2:09:25,鳥取県中部,35°24.0′N,133°50.7′E,6 km,2.2,震度１,35.4,133.845
2016/10/22,2:34:39,鳥取県中部,35°22.9′N,133°50.9′E,7 km,1.9,震度１,35.38166667,133.8483333
2016/10/22,2:50:32,鳥取県中部,35°24.8′N,133°51.1′E,6 km,2.2,震度１,35.41333333,133.8516667
2016/10/22,3:02:53,鳥取県中部,35°25.5′N,133°49.9′E,8 km,2.7,震度２,35.425,133.8316667
2016/10/22,3:06:48,鳥取県中部,35°24.7′N,133°51.1′E,6 km,2,震度１,35.41166667,133.8516667
2016/10/22,3:07:44,鳥取県中部,35°23.5′N,133°50.8′E,4 km,2.8,震度２,35.39166667,133.8466667
2016/10/22,3:09:23,鳥取県中部,35°25.6′N,133°50.7′E,6 km,1.7,震度１,35.42666667,133.845
2016/10/22,3:12:14,鳥取県中部,35°25.4′N,133°50.1′E,7 km,2,震度１,35.42333333,133.835
2016/10/22,3:13:10,鳥取県中部,35°25.2′N,133°51.1′E,7 km,2.4,震度２,35.42,133.8516667
2016/10/22,3:14:12,鳥取県中部,35°24.7′N,133°50.4′E,8 km,2.1,震度１,35.41166667,133.84
2016/10/22,3:15:06,鳥取県中部,35°24.4′N,133°50.9′E,6 km,1.9,震度１,35.40666667,133.8483333
2016/10/22,3:16:52,鳥取県中部,35°24.4′N,133°50.9′E,6 km,2.3,震度１,35.40666667,133.8483333
2016/10/22,3:24:01,鳥取県中部,35°25.4′N,133°49.6′E,9 km,2.9,震度１,35.42333333,133.8266667
2016/10/22,3:33:46,大分県南部,32°47.1′N,131°56.1′E,55 km,4.4,震度４,32.785,131.935
2016/10/22,3:55:27,鳥取県中部,35°24.5′N,133°50.6′E,6 km,2.7,震度３,35.40833333,133.8433333
2016/10/22,4:27:25,鳥取県中部,35°24.0′N,133°51.3′E,8 km,2.9,震度２,35.4,133.855
2016/10/22,5:23:28,鳥取県中部,35°24.9′N,133°50.2′E,6 km,1.9,震度１,35.415,133.8366667
2016/10/22,5:29:51,鳥取県中部,35°26.8′N,133°49.5′E,8 km,2.2,震度１,35.44666667,133.825
2016/10/22,5:39:30,鳥取県中部,35°25.0′N,133°51.3′E,7 km,3,震度２,35.41666667,133.855
2016/10/22,5:43:27,鳥取県中部,35°21.6′N,133°52.2′E,7 km,2.7,震度１,35.36,133.87
2016/10/22,6:13:49,鳥取県中部,35°23.1′N,133°51.0′E,10 km,3,震度１,35.385,133.85
2016/10/22,6:16:53,鳥取県中部,35°25.8′N,133°50.0′E,7 km,2,震度１,35.43,133.8333333
2016/10/22,6:17:27,鳥取県中部,35°25.4′N,133°49.3′E,11 km,4,震度３,35.42333333,133.8216667
2016/10/22,6:26:13,鳥取県中部,35°25.8′N,133°49.9′E,7 km,2.5,震度１,35.43,133.8316667
2016/10/22,6:27:01,鳥取県中部,35°23.3′N,133°53.5′E,7 km,3.2,震度２,35.38833333,133.8916667
2016/10/22,6:29:49,鳥取県中部,35°23.0′N,133°50.8′E,8 km,2.7,震度１,35.38333333,133.8466667
2016/10/22,6:39:40,鳥取県中部,35°23.2′N,133°53.6′E,7 km,3.2,震度２,35.38666667,133.8933333
2016/10/22,7:06:07,鳥取県中部,35°23.4′N,133°53.4′E,6 km,2.7,震度１,35.39,133.89
2016/10/22,7:25:27,鳥取県中部,35°23.0′N,133°50.5′E,4 km,2.2,震度１,35.38333333,133.8416667
2016/10/22,7:26:57,千葉県東方沖,35°40.3′N,140°47.9′E,22 km,3.3,震度１,35.67166667,140.7983333
2016/10/22,7:33:38,千葉県東方沖,35°40.2′N,140°48.2′E,22 km,3.2,震度１,35.67,140.8033333
2016/10/22,7:42:55,鳥取県中部,35°23.4′N,133°53.8′E,8 km,2.5,震度１,35.39,133.8966667
2016/10/22,7:47:09,鳥取県中部,35°25.3′N,133°49.8′E,14 km,2.5,震度１,35.42166667,133.83
2016/10/22,8:17:52,鳥取県中部,35°25.2′N,133°51.2′E,6 km,1.8,震度１,35.42,133.8533333
2016/10/22,8:40:12,鳥取県中部,35°24.0′N,133°50.5′E,7 km,2.5,震度１,35.4,133.8416667
2016/10/22,9:30:04,鳥取県中部,35°25.9′N,133°49.5′E,8 km,2.2,震度１,35.43166667,133.825
2016/10/22,9:59:18,鳥取県中部,35°25.7′N,133°49.5′E,8 km,2.9,震度２,35.42833333,133.825
2016/10/22,10:00:41,鳥取県中部,35°22.9′N,133°50.1′E,4 km,1.7,震度１,35.38166667,133.835
2016/10/22,10:01:34,鳥取県中部,35°21.1′N,133°52.7′E,9 km,2.8,震度１,35.35166667,133.8783333
2016/10/22,10:04:46,鳥取県中部,35°26.2′N,133°49.8′E,9 km,2.2,震度１,35.43666667,133.83
2016/10/22,10:21:19,鳥取県中部,35°25.4′N,133°49.1′E,10 km,2.4,震度１,35.42333333,133.8183333
2016/10/22,10:39:10,鳥取県中部,35°22.0′N,133°51.7′E,4 km,2.5,震度１,35.36666667,133.8616667
2016/10/22,10:43:24,鳥取県中部,35°25.0′N,133°51.2′E,7 km,2.2,震度１,35.41666667,133.8533333
2016/10/22,11:35:27,鳥取県中部,35°23.1′N,133°53.6′E,6 km,2.6,震度１,35.385,133.8933333
2016/10/22,12:08:52,鳥取県中部,35°26.2′N,133°49.9′E,9 km,3.2,震度２,35.43666667,133.8316667
2016/10/22,12:30:44,鳥取県中部,35°25.3′N,133°51.1′E,7 km,2,震度１,35.42166667,133.8516667
2016/10/22,12:43:19,宮古島近海,25°21.1′N,124°57.2′E,13 km,4.5,震度１,25.35166667,124.9533333
2016/10/22,12:53:53,鳥取県中部,35°22.7′N,133°51.5′E,8 km,2.9,震度１,35.37833333,133.8583333
2016/10/22,13:25:12,鳥取県中部,35°25.1′N,133°50.0′E,9 km,3,震度２,35.41833333,133.8333333
2016/10/22,13:36:33,鳥取県中部,35°22.4′N,133°51.7′E,5 km,2.2,震度１,35.37333333,133.8616667
2016/10/22,13:42:44,鳥取県中部,35°25.2′N,133°51.4′E,6 km,1.7,震度１,35.42,133.8566667
2016/10/22,13:57:05,鳥取県中部,35°25.5′N,133°49.8′E,7 km,2.6,震度１,35.425,133.83
2016/10/22,14:19:37,鳥取県中部,35°25.5′N,133°49.8′E,8 km,2.5,震度１,35.425,133.83
2016/10/22,14:27:49,鳥取県中部,35°25.6′N,133°50.6′E,7 km,2.1,震度１,35.42666667,133.8433333
2016/10/22,15:11:09,鳥取県中部,35°25.1′N,133°49.8′E,14 km,3,震度１,35.41833333,133.83
2016/10/22,15:19:19,鳥取県中部,35°24.9′N,133°49.9′E,14 km,3.4,震度２,35.415,133.8316667
2016/10/22,15:34:23,鳥取県中部,35°24.6′N,133°50.3′E,6 km,2.1,震度１,35.41,133.8383333
2016/10/22,15:53:39,鳥取県中部,35°22.5′N,133°52.3′E,7 km,3.1,震度２,35.375,133.8716667
2016/10/22,16:02:10,鳥取県中部,35°25.6′N,133°50.2′E,8 km,2.2,震度１,35.42666667,133.8366667
2016/10/22,16:44:04,鳥取県中部,35°26.5′N,133°50.1′E,10 km,2.1,震度１,35.44166667,133.835
2016/10/22,17:24:19,鳥取県中部,35°23.4′N,133°51.1′E,6 km,2.5,震度１,35.39,133.8516667
2016/10/22,17:51:06,浦河沖,42°07.2′N,142°46.0′E,54 km,3.4,震度１,42.12,142.7666667
2016/10/22,17:52:33,鳥取県中部,35°23.1′N,133°51.2′E,6 km,2.2,震度１,35.385,133.8533333
2016/10/22,18:06:44,鳥取県中部,35°24.4′N,133°50.4′E,7 km,2.3,震度１,35.40666667,133.84
2016/10/22,18:31:39,鳥取県中部,35°22.8′N,133°51.0′E,4 km,2.1,震度１,35.38,133.85
2016/10/22,18:57:16,鳥取県中部,35°21.3′N,133°52.2′E,12 km,3.1,震度１,35.355,133.87
2016/10/22,19:45:15,鳥取県中部,35°21.7′N,133°52.1′E,12 km,3.5,震度２,35.36166667,133.8683333
2016/10/22,20:15:59,根室半島南東沖,43°08.9′N,145°58.0′E,48 km,3.9,震度２,43.14833333,145.9666667
2016/10/22,21:06:26,茨城県南部,36°09.1′N,140°04.4′E,53 km,3.3,震度１,36.15166667,140.0733333
2016/10/22,21:57:15,鳥取県中部,35°24.7′N,133°50.7′E,12 km,3.2,震度１,35.41166667,133.845
2016/10/22,21:58:44,鳥取県中部,35°25.5′N,133°50.8′E,5 km,1.8,震度１,35.425,133.8466667
2016/10/22,22:06:00,鳥取県中部,35°25.4′N,133°49.7′E,14 km,2.4,震度１,35.42333333,133.8283333
2016/10/22,22:36:43,鳥取県中部,35°25.3′N,133°50.9′E,7 km,1.7,震度１,35.42166667,133.8483333
2016/10/22,22:57:52,鳥取県中部,35°26.7′N,133°49.8′E,10 km,2.9,震度２,35.445,133.83
2016/10/22,22:59:02,鳥取県中部,35°25.4′N,133°50.9′E,6 km,2.1,震度１,35.42333333,133.8483333
2016/10/22,23:40:06,鳥取県中部,35°25.0′N,133°49.9′E,7 km,2.2,震度１,35.41666667,133.8316667
2016/10/23,0:05:11,鳥取県中部,35°25.1′N,133°50.2′E,8 km,2.4,震度１,35.41833333,133.8366667
2016/10/23,0:36:53,鳥取県東部,35°27.1′N,134°02.5′E,7 km,2.4,震度１,35.45166667,134.0416667
2016/10/23,1:13:02,鳥取県中部,35°23.6′N,133°50.7′E,8 km,2.3,震度１,35.39333333,133.845
2016/10/23,1:23:06,鳥取県中部,35°25.3′N,133°50.6′E,7 km,2.4,震度１,35.42166667,133.8433333
2016/10/23,1:37:49,鳥取県中部,35°24.8′N,133°51.3′E,6 km,2.6,震度１,35.41333333,133.855
2016/10/23,1:45:59,鳥取県中部,35°25.5′N,133°49.6′E,8 km,2.3,震度１,35.425,133.8266667
2016/10/23,1:50:01,鳥取県中部,35°25.9′N,133°49.6′E,7 km,2,震度１,35.43166667,133.8266667
2016/10/23,2:47:50,トカラ列島近海,29°14.7′N,129°19.3′E,18 km,2.7,震度１,29.245,129.3216667
2016/10/23,3:32:43,鳥取県中部,35°23.4′N,133°51.0′E,7 km,2.4,震度１,35.39,133.85
2016/10/23,3:34:31,鳥取県中部,35°25.3′N,133°51.0′E,7 km,2.8,震度２,35.42166667,133.85
2016/10/23,5:51:24,鳥取県中部,35°23.6′N,133°51.1′E,9 km,2.6,震度１,35.39333333,133.8516667
2016/10/23,6:04:15,広島県北部,35°04.0′N,133°02.3′E,6 km,2.1,震度１,35.06666667,133.0383333
2016/10/23,6:37:37,鳥取県中部,35°25.8′N,133°49.8′E,10 km,2.8,震度２,35.43,133.83
2016/10/23,7:03:15,鳥取県中部,35°24.9′N,133°50.1′E,6 km,2.3,震度１,35.415,133.835
2016/10/23,7:06:36,鳥取県中部,35°25.9′N,133°55.3′E,8 km,1.9,震度１,35.43166667,133.9216667
2016/10/23,7:52:17,佐渡付近,37°55.1′N,138°28.5′E,14 km,2.9,震度１,37.91833333,138.475
2016/10/23,8:47:19,鳥取県中部,35°23.7′N,133°50.6′E,10 km,2.8,震度１,35.395,133.8433333
2016/10/23,9:15:13,鳥取県中部,35°26.8′N,133°49.6′E,8 km,1.9,震度１,35.44666667,133.8266667
2016/10/23,9:17:28,鳥取県中部,35°26.9′N,133°49.5′E,8 km,3.2,震度２,35.44833333,133.825
2016/10/23,9:27:29,鳥取県中部,35°25.8′N,133°55.4′E,8 km,2.1,震度１,35.43,133.9233333
2016/10/23,12:55:35,熊本県熊本地方,32°40.9′N,130°42.7′E,10 km,2.4,震度１,32.68166667,130.7116667
2016/10/23,14:33:22,鳥取県中部,35°23.3′N,133°50.8′E,5 km,2,震度１,35.38833333,133.8466667
2016/10/23,16:54:27,熊本県阿蘇地方,32°57.6′N,131°04.8′E,7 km,2.2,震度１,32.96,131.08
2016/10/23,17:20:31,種子島近海,30°20.2′N,130°57.4′E,12 km,2.9,震度２,30.33666667,130.9566667
2016/10/23,17:28:13,鳥取県中部,35°24.8′N,133°51.3′E,6 km,1.9,震度１,35.41333333,133.855
2016/10/23,17:35:05,鳥取県中部,35°22.4′N,133°43.7′E,3 km,3.1,震度２,35.37333333,133.7283333
2016/10/23,20:07:48,鳥取県中部,35°23.9′N,133°50.9′E,5 km,2,震度１,35.39833333,133.8483333
2016/10/23,20:52:58,鳥取県中部,35°22.5′N,133°44.8′E,5 km,2.4,震度１,35.375,133.7466667
2016/10/23,21:57:39,鳥取県中部,35°23.8′N,133°51.2′E,8 km,2.8,震度１,35.39666667,133.8533333
2016/10/23,22:35:52,鳥取県中部,35°22.1′N,133°48.9′E,3 km,2.2,震度１,35.36833333,133.815
2016/10/24,1:09:18,鳥取県中部,35°22.7′N,133°52.2′E,6 km,2.7,震度１,35.37833333,133.87
2016/10/24,1:35:48,鳥取県中部,35°26.0′N,133°49.4′E,7 km,3.2,震度２,35.43333333,133.8233333
2016/10/24,1:45:13,鳥取県中部,35°24.4′N,133°50.3′E,5 km,1.7,震度１,35.40666667,133.8383333
2016/10/24,2:42:59,鳥取県中部,35°23.4′N,133°51.2′E,6 km,2.4,震度１,35.39,133.8533333
2016/10/24,2:55:34,鳥取県中部,35°25.9′N,133°49.3′E,7 km,2.9,震度３,35.43166667,133.8216667
2016/10/24,3:01:08,鳥取県中部,35°25.9′N,133°49.2′E,7 km,2.6,震度２,35.43166667,133.82
2016/10/24,4:45:30,鳥取県中部,35°26.7′N,133°49.7′E,8 km,2.1,震度１,35.445,133.8283333
2016/10/24,4:59:42,鳥取県中部,35°26.1′N,133°49.7′E,9 km,2,震度１,35.435,133.8283333
2016/10/24,5:15:49,熊本県熊本地方,32°48.1′N,130°39.5′E,8 km,2.7,震度２,32.80166667,130.6583333
2016/10/24,5:25:25,北海道東方沖,43°46.0′N,147°58.0′E,0 km,6,震度２,43.76666667,147.9666667
2016/10/24,7:00:23,鳥取県中部,35°23.8′N,133°50.9′E,6 km,2.1,震度１,35.39666667,133.8483333
2016/10/24,9:04:42,鳥取県中部,35°23.0′N,133°53.0′E,8 km,2.9,震度１,35.38333333,133.8833333
2016/10/24,9:36:58,鳥取県中部,35°22.6′N,133°44.8′E,5 km,2.7,震度１,35.37666667,133.7466667
2016/10/24,10:30:16,鳥取県中部,35°22.0′N,133°52.2′E,14 km,3,震度１,35.36666667,133.87
2016/10/24,10:41:08,青森県津軽北部,40°47.8′N,140°23.1′E,14 km,2.8,震度１,40.79666667,140.385
2016/10/24,10:53:46,鳥取県中部,35°25.1′N,133°49.9′E,7 km,1.9,震度１,35.41833333,133.8316667
2016/10/24,10:54:20,千葉県東方沖,35°34.6′N,140°55.6′E,17 km,4.2,震度２,35.57666667,140.9266667
2016/10/24,10:58:03,熊本県熊本地方,32°27.3′N,130°39.9′E,9 km,2.3,震度１,32.455,130.665
2016/10/24,11:08:14,鳥取県中部,35°27.1′N,133°49.4′E,8 km,1.5,震度１,35.45166667,133.8233333
2016/10/24,11:12:07,鳥取県中部,35°22.7′N,133°44.6′E,5 km,2.2,震度１,35.37833333,133.7433333
2016/10/24,14:42:23,宮城県沖,38°55.5′N,141°55.4′E,51 km,3.7,震度１,38.925,141.9233333
2016/10/24,14:57:06,鳥取県中部,35°22.9′N,133°50.7′E,4 km,2.6,震度２,35.38166667,133.845
2016/10/24,15:04:01,鳥取県中部,35°22.9′N,133°50.7′E,4 km,2.1,震度１,35.38166667,133.845
2016/10/24,16:42:38,鳥取県中部,35°24.8′N,133°50.4′E,6 km,1.9,震度１,35.41333333,133.84
2016/10/24,18:33:01,鳥取県中部,35°23.0′N,133°53.0′E,8 km,3.3,震度２,35.38333333,133.8833333
2016/10/24,19:14:50,鳥取県中部,35°25.4′N,133°50.1′E,7 km,1.8,震度１,35.42333333,133.835
2016/10/24,20:05:51,鳥取県中部,35°23.1′N,133°52.9′E,9 km,3.8,震度３,35.385,133.8816667
2016/10/24,20:28:22,鳥取県中部,35°22.9′N,133°51.2′E,5 km,1.7,震度１,35.38166667,133.8533333
2016/10/24,20:38:33,鳥取県中部,35°22.9′N,133°53.5′E,8 km,3.5,震度３,35.38166667,133.8916667
2016/10/24,21:17:21,鳥取県中部,35°25.5′N,133°49.7′E,8 km,3.1,震度２,35.425,133.8283333
2016/10/24,21:21:02,鳥取県中部,35°25.5′N,133°49.5′E,9 km,2.4,震度１,35.425,133.825
2016/10/24,22:02:03,鳥取県中部,35°22.8′N,133°50.9′E,8 km,2.3,震度１,35.38,133.8483333
2016/10/24,22:15:13,鳥取県中部,35°22.8′N,133°51.0′E,8 km,3.1,震度２,35.38,133.85
2016/10/24,22:28:47,鳥取県中部,35°25.2′N,133°49.3′E,5 km,1.3,震度１,35.42,133.8216667
2016/10/24,22:54:39,鳥取県中部,35°22.2′N,133°51.7′E,11 km,2.8,震度１,35.37,133.8616667
2016/10/25,0:39:50,鳥取県中部,35°24.2′N,133°49.5′E,7 km,1.6,震度１,35.40333333,133.825
2016/10/25,1:51:05,鳥取県中部,35°23.0′N,133°53.5′E,6 km,2.7,震度２,35.38333333,133.8916667
2016/10/25,2:20:31,鳥取県中部,35°22.9′N,133°52.5′E,4 km,2.1,震度１,35.38166667,133.875
2016/10/25,2:23:08,鳥取県中部,35°25.9′N,133°50.7′E,7 km,2,震度１,35.43166667,133.845
2016/10/25,6:04:32,鳥取県中部,35°25.4′N,133°50.0′E,9 km,2.3,震度１,35.42333333,133.8333333
2016/10/25,7:08:28,鳥取県中部,35°22.8′N,133°44.6′E,5 km,2.9,震度２,35.38,133.7433333
2016/10/25,8:45:03,鳥取県中部,35°24.2′N,133°51.3′E,6 km,2,震度１,35.40333333,133.855
2016/10/25,13:47:02,鳥取県中部,35°22.6′N,133°44.6′E,5 km,2.5,震度１,35.37666667,133.7433333
2016/10/25,13:57:46,鳥取県中部,35°23.1′N,133°53.6′E,8 km,2.6,震度１,35.385,133.8933333
2016/10/25,14:17:11,熊本県阿蘇地方,32°58.3′N,131°03.8′E,6 km,2.6,震度１,32.97166667,131.0633333
2016/10/25,17:51:57,種子島近海,30°44.4′N,130°47.2′E,66 km,3.4,震度１,30.74,130.7866667
2016/10/25,18:21:40,鳥取県中部,35°25.5′N,133°49.9′E,9 km,2.3,震度２,35.425,133.8316667
2016/10/25,20:02:42,奄美大島近海,28°21.2′N,129°33.0′E,35 km,3.4,震度１,28.35333333,129.55
2016/10/25,20:12:21,千葉県南東沖,34°40.1′N,140°06.6′E,62 km,4.5,震度３,34.66833333,140.11
2016/10/25,20:20:06,熊本県熊本地方,32°48.4′N,130°40.0′E,3 km,2.1,震度１,32.80666667,130.6666667
2016/10/25,21:30:44,鳥取県中部,35°25.8′N,133°49.5′E,7 km,3.2,震度３,35.43,133.825
2016/10/25,22:23:29,熊本県熊本地方,32°48.4′N,130°40.2′E,3 km,2.3,震度１,32.80666667,130.67
2016/10/26,0:58:03,熊本県熊本地方,32°29.2′N,130°37.5′E,9 km,2.6,震度１,32.48666667,130.625
2016/10/26,1:00:28,鳥取県中部,35°25.7′N,133°49.5′E,7 km,2.5,震度１,35.42833333,133.825
2016/10/26,2:18:39,鳥取県中部,35°24.9′N,133°50.2′E,14 km,3.3,震度２,35.415,133.8366667
2016/10/26,2:35:48,福島県沖,36°53.7′N,141°29.4′E,48 km,4.1,震度１,36.895,141.49
2016/10/26,2:45:11,鳥取県中部,35°26.2′N,133°49.9′E,9 km,2.9,震度２,35.43666667,133.8316667
2016/10/26,3:40:04,茨城県南部,36°03.5′N,139°54.8′E,43 km,2.7,震度１,36.05833333,139.9133333
2016/10/26,4:36:31,鳥取県中部,35°24.3′N,133°54.5′E,8 km,2.1,震度１,35.405,133.9083333
2016/10/26,4:52:08,福島県会津,37°02.7′N,139°23.6′E,8 km,2.2,震度１,37.045,139.3933333
2016/10/26,5:37:49,鳥取県中部,35°25.6′N,133°51.9′E,7 km,2.4,震度１,35.42666667,133.865
2016/10/26,6:20:20,熊本県熊本地方,32°42.2′N,130°37.3′E,10 km,2.7,震度１,32.70333333,130.6216667
2016/10/26,6:41:50,鳥取県中部,35°24.2′N,133°54.4′E,9 km,2.8,震度１,35.40333333,133.9066667
2016/10/26,7:31:13,鳥取県中部,35°26.1′N,133°55.7′E,8 km,3,震度３,35.435,133.9283333
2016/10/26,11:23:06,鳥取県中部,35°23.8′N,133°51.0′E,11 km,2.6,震度１,35.39666667,133.85
2016/10/26,11:33:57,鳥取県中部,35°26.1′N,133°55.9′E,8 km,2.4,震度１,35.435,133.9316667
2016/10/26,12:44:24,鳥取県中部,35°24.3′N,133°53.5′E,7 km,3.3,震度２,35.405,133.8916667
2016/10/26,12:45:21,鳥取県中部,35°26.1′N,133°54.6′E,8 km,3.4,震度３,35.435,133.91
2016/10/26,13:03:04,熊本県熊本地方,32°47.0′N,130°38.2′E,8 km,1.8,震度１,32.78333333,130.6366667
2016/10/26,15:33:50,トカラ列島近海,29°18.4′N,129°12.3′E,12 km,2.7,震度２,29.30666667,129.205
2016/10/26,15:35:17,トカラ列島近海,29°16.9′N,129°15.5′E,10 km,2.3,震度１,29.28166667,129.2583333
2016/10/26,19:12:35,千葉県北西部,35°48.5′N,140°06.6′E,64 km,4.1,震度２,35.80833333,140.11
2016/10/26,19:56:14,鳥取県中部,35°21.6′N,133°52.1′E,11 km,2.8,震度１,35.36,133.8683333
2016/10/26,20:35:02,熊本県熊本地方,32°39.3′N,130°41.4′E,9 km,1.9,震度１,32.655,130.69
2016/10/26,21:29:44,鳥取県中部,35°22.7′N,133°53.6′E,7 km,2.9,震度１,35.37833333,133.8933333
2016/10/26,21:36:55,鳥取県中部,35°24.2′N,133°54.5′E,8 km,2.9,震度２,35.40333333,133.9083333
2016/10/26,22:40:29,有明海,32°47.9′N,130°35.7′E,13 km,2.6,震度１,32.79833333,130.595
2016/10/26,23:52:11,熊本県球磨地方,32°13.6′N,130°36.4′E,4 km,2.3,震度１,32.22666667,130.6066667
2016/10/27,1:34:28,鳥取県中部,35°24.1′N,133°54.2′E,11 km,2.4,震度１,35.40166667,133.9033333
2016/10/27,3:37:25,鳥取県中部,35°22.9′N,133°53.4′E,7 km,3.5,震度２,35.38166667,133.89
2016/10/27,5:07:28,鳥取県中部,35°25.6′N,133°49.7′E,8 km,2.6,震度１,35.42666667,133.8283333
2016/10/27,6:40:55,鳥取県中部,35°25.6′N,133°49.6′E,8 km,2.5,震度１,35.42666667,133.8266667
2016/10/27,8:47:21,鳥取県中部,35°23.1′N,133°51.0′E,8 km,3.3,震度２,35.385,133.85
2016/10/27,10:43:03,鳥取県中部,35°24.2′N,133°54.3′E,9 km,2.3,震度１,35.40333333,133.905
2016/10/27,11:20:14,福島県沖,37°31.7′N,141°23.6′E,50 km,3.3,震度１,37.52833333,141.3933333
2016/10/27,19:37:21,鳥取県中部,35°26.0′N,133°49.4′E,8 km,2.6,震度２,35.43333333,133.8233333
2016/10/27,23:14:29,熊本県熊本地方,32°50.1′N,130°51.2′E,7 km,2.3,震度１,32.835,130.8533333
2016/10/28,10:12:23,鳥取県中部,35°22.7′N,133°53.4′E,7 km,2.4,震度１,35.37833333,133.89
2016/10/28,12:19:22,浦河沖,42°01.8′N,142°34.8′E,63 km,3.6,震度１,42.03,142.58
2016/10/28,14:45:04,福島県沖,37°03.1′N,141°34.4′E,47 km,3.9,震度１,37.05166667,141.5733333
2016/10/28,15:51:30,鳥取県中部,35°26.5′N,133°56.3′E,8 km,2.3,震度１,35.44166667,133.9383333
2016/10/28,17:14:18,有明海,32°46.7′N,130°36.9′E,11 km,2.6,震度１,32.77833333,130.615
2016/10/28,20:10:42,鳥取県中部,35°25.5′N,133°49.7′E,8 km,2.9,震度２,35.425,133.8283333
2016/10/28,21:41:50,鳥取県中部,35°24.6′N,133°50.6′E,5 km,2.3,震度２,35.41,133.8433333
2016/10/28,22:55:03,千葉県北東部,35°52.2′N,140°28.0′E,37 km,3.4,震度１,35.87,140.4666667
2016/10/28,23:29:36,鳥取県中部,35°23.0′N,133°50.7′E,5 km,2,震度１,35.38333333,133.845
2016/10/29,0:31:20,鳥取県中部,35°23.3′N,133°50.8′E,6 km,2.1,震度１,35.38833333,133.8466667
2016/10/29,1:26:57,鳥取県中部,35°22.3′N,133°52.8′E,6 km,2.7,震度１,35.37166667,133.88
2016/10/29,1:31:03,鳥取県中部,35°23.0′N,133°51.2′E,7 km,2.5,震度１,35.38333333,133.8533333
2016/10/29,2:19:27,鳥取県中部,35°24.3′N,133°55.5′E,8 km,2.7,震度１,35.405,133.925
2016/10/29,3:59:58,熊本県熊本地方,32°32.8′N,130°42.0′E,11 km,3,震度１,32.54666667,130.7
2016/10/29,5:59:35,岐阜県飛騨地方,36°01.4′N,137°31.0′E,7 km,2.7,震度２,36.02333333,137.5166667
2016/10/29,6:01:55,鳥取県中部,35°24.6′N,133°50.2′E,6 km,2.7,震度２,35.41,133.8366667
2016/10/29,6:57:33,宮古島北西沖,25°44.0′N,125°04.2′E,22 km,5.3,震度２,25.73333333,125.07
2016/10/29,13:43:38,鳥取県中部,35°23.2′N,133°53.5′E,7 km,4.5,震度４,35.38666667,133.8916667
2016/10/29,13:45:12,鳥取県中部,35°23.6′N,133°53.2′E,8 km,3,震度２,35.39333333,133.8866667
2016/10/29,16:17:12,三陸沖,39°21.8′N,143°34.7′E,37 km,4.8,震度１,39.36333333,143.5783333
2016/10/29,17:28:51,鳥取県中部,35°25.1′N,133°51.3′E,7 km,2.3,震度１,35.41833333,133.855
2016/10/29,17:50:54,鳥取県中部,35°23.5′N,133°50.2′E,5 km,2.3,震度１,35.39166667,133.8366667
2016/10/29,18:17:57,鳥取県中部,35°23.4′N,133°50.3′E,5 km,2.7,震度１,35.39,133.8383333
2016/10/29,20:50:29,鳥取県中部,35°23.3′N,133°53.4′E,8 km,3.7,震度２,35.38833333,133.89
2016/10/29,20:52:29,鳥取県中部,35°23.0′N,133°53.6′E,8 km,2.4,震度１,35.38333333,133.8933333
2016/10/30,1:19:45,鳥取県中部,35°22.8′N,133°52.9′E,6 km,1.9,震度１,35.38,133.8816667
2016/10/30,4:15:39,和歌山県北部,34°02.4′N,135°16.7′E,5 km,2.2,震度１,34.04,135.2783333
2016/10/30,8:37:15,熊本県熊本地方,32°37.5′N,130°38.5′E,11 km,2.8,震度２,32.625,130.6416667
2016/10/30,8:50:54,熊本県熊本地方,32°37.5′N,130°38.5′E,10 km,2.6,震度１,32.625,130.6416667
2016/10/30,9:38:08,長野県北部,36°49.8′N,137°51.6′E,0 km,2.7,震度１,36.83,137.86
2016/10/30,13:13:36,奈良県,34°19.5′N,136°06.4′E,51 km,2.9,震度１,34.325,136.1066667
2016/10/30,14:21:46,青森県東方沖,40°41.1′N,142°13.9′E,45 km,3.3,震度１,40.685,142.2316667
2016/10/31,5:46:00,鳥取県中部,35°24.3′N,133°51.0′E,6 km,2,震度１,35.405,133.85
2016/10/31,10:39:22,鳥取県中部,35°25.7′N,133°51.2′E,7 km,2.5,震度２,35.42833333,133.8533333
2016/10/31,11:46:14,新潟県中越地方,36°57.6′N,138°37.7′E,7 km,3.7,震度３,36.96,138.6283333
2016/10/31,11:57:27,新潟県中越地方,36°57.8′N,138°37.6′E,7 km,2.8,震度１,36.96333333,138.6266667
2016/10/31,12:57:52,鳥取県中部,35°25.3′N,133°49.9′E,14 km,3,震度１,35.42166667,133.8316667
2016/10/31,17:56:44,愛媛県南予,33°23.6′N,132°36.9′E,40 km,3.1,震度１,33.39333333,132.615
2016/10/31,18:14:56,鳥取県中部,35°25.1′N,133°50.3′E,6 km,1.5,震度１,35.41833333,133.8383333
2016/10/31,20:07:55,鳥取県中部,35°24.6′N,133°51.2′E,6 km,2.3,震度１,35.41,133.8533333
2016/11/1,2:08:17,鳥取県中部,35°22.6′N,133°44.8′E,5 km,2.3,震度１,35.37666667,133.7466667
2016/11/1,2:32:21,熊本県熊本地方,32°35.2′N,130°43.6′E,7 km,2.8,震度２,32.58666667,130.7266667
2016/11/1,3:33:46,鳥取県中部,35°25.8′N,133°49.9′E,9 km,3,震度２,35.43,133.8316667
2016/11/1,4:02:48,千葉県東方沖,35°29.6′N,141°03.3′E,32 km,4.2,震度１,35.49333333,141.055
2016/11/1,6:42:50,鳥取県中部,35°22.1′N,133°44.0′E,5 km,2.4,震度１,35.36833333,133.7333333
2016/11/1,11:47:19,鳥取県中部,35°23.6′N,133°53.4′E,7 km,2.2,震度１,35.39333333,133.89
2016/11/1,16:06:40,沖縄本島近海,25°41.4′N,126°20.0′E,52 km,3.9,震度１,25.69,126.3333333
2016/11/1,16:30:42,熊本県熊本地方,33°00.2′N,130°46.0′E,1 km,1.3,震度１,33.00333333,130.7666667
2016/11/1,16:59:43,福島県中通り,37°01.7′N,140°34.2′E,9 km,3.5,震度２,37.02833333,140.57
2016/11/1,17:51:28,熊本県熊本地方,32°48.5′N,130°45.0′E,6 km,2.1,震度２,32.80833333,130.75
2016/11/1,19:06:18,鳥取県中部,35°22.8′N,133°52.0′E,7 km,2.4,震度１,35.38,133.8666667
2016/11/1,20:21:44,鳥取県中部,35°25.5′N,133°49.8′E,9 km,2.7,震度２,35.425,133.83
2016/11/1,20:59:20,熊本県熊本地方,32°48.6′N,130°44.9′E,5 km,1.7,震度１,32.81,130.7483333
2016/11/1,22:57:39,熊本県熊本地方,32°52.4′N,130°51.8′E,11 km,2.3,震度１,32.87333333,130.8633333
2016/11/2,7:31:57,沖縄本島近海,25°47.3′N,128°35.0′E,56 km,4.8,震度１,25.78833333,128.5833333
2016/11/2,7:37:31,福島県沖,37°27.0′N,141°51.0′E,27 km,4.9,震度３,37.45,141.85
2016/11/2,12:13:42,秋田県内陸北部,40°01.2′N,140°28.1′E,7 km,2.9,震度２,40.02,140.4683333
2016/11/2,14:27:46,鳥取県中部,35°26.0′N,133°50.0′E,9 km,3.3,震度２,35.43333333,133.8333333
2016/11/2,14:33:26,秋田県内陸北部,40°01.1′N,140°28.0′E,6 km,4.2,震度３,40.01833333,140.4666667
2016/11/2,14:40:31,鳥取県中部,35°25.9′N,133°50.0′E,10 km,2.3,震度１,35.43166667,133.8333333
2016/11/2,15:06:24,秋田県内陸北部,40°01.3′N,140°27.9′E,7 km,2.7,震度１,40.02166667,140.465
2016/11/3,2:54:56,鳥取県中部,35°25.5′N,133°50.9′E,6 km,2.1,震度１,35.425,133.8483333
2016/11/3,8:40:05,鳥取県中部,35°22.5′N,133°52.7′E,7 km,2.8,震度１,35.375,133.8783333
2016/11/3,13:01:52,高知県東部,33°41.1′N,134°03.8′E,35 km,3.4,震度２,33.685,134.0633333
2016/11/3,20:50:11,愛媛県南予,33°27.2′N,132°38.1′E,40 km,3,震度１,33.45333333,132.635
2016/11/4,7:42:20,鳥取県中部,35°23.1′N,133°53.9′E,8 km,2.3,震度１,35.385,133.8983333
2016/11/4,9:16:44,熊本県熊本地方,32°42.8′N,130°36.4′E,12 km,2.8,震度２,32.71333333,130.6066667
2016/11/4,12:06:59,鳥取県中部,35°21.8′N,133°52.9′E,5 km,2.5,震度１,35.36333333,133.8816667
2016/11/4,22:15:14,鳥取県中部,35°22.4′N,133°44.7′E,4 km,1.8,震度１,35.37333333,133.745
2016/11/5,2:23:40,鳥取県中部,35°24.8′N,133°50.7′E,6 km,1.9,震度１,35.41333333,133.845
2016/11/5,6:58:32,宮城県沖,38°10.0′N,141°12.8′E,65 km,3.5,震度１,38.16666667,141.2133333
2016/11/5,13:35:37,秋田県沖,39°43.6′N,139°53.3′E,20 km,3.1,震度１,39.72666667,139.8883333
2016/11/5,13:45:12,伊予灘,33°37.5′N,131°54.7′E,69 km,3.3,震度１,33.625,131.9116667
2016/11/5,16:57:32,日向灘,31°48.0′N,131°56.0′E,27 km,4.3,震度２,31.8,131.9333333
2016/11/6,11:33:58,熊本県熊本地方,32°39.1′N,130°41.9′E,9 km,3.1,震度２,32.65166667,130.6983333
2016/11/6,17:08:51,大阪府北部,34°51.9′N,135°34.0′E,11 km,3.5,震度２,34.865,135.5666667
2016/11/6,20:18:29,福岡県北九州地方,33°40.2′N,131°00.4′E,8 km,3.6,震度３,33.67,131.0066667
2016/11/7,1:54:20,熊本県熊本地方,32°41.7′N,130°41.5′E,11 km,3,震度２,32.695,130.6916667
2016/11/7,5:25:53,沖縄本島近海,26°24.5′N,128°49.5′E,35 km,4.8,震度１,26.40833333,128.825
2016/11/7,6:36:45,岩手県沖,40°09.7′N,142°25.1′E,35 km,3.8,震度１,40.16166667,142.4183333
2016/11/7,7:03:24,秋田県内陸南部,39°30.2′N,140°25.4′E,10 km,2.1,震度１,39.50333333,140.4233333
2016/11/7,10:15:23,宗谷地方北部,45°03.4′N,141°57.3′E,18 km,2.9,震度２,45.05666667,141.955
2016/11/7,13:31:15,鳥取県中部,35°25.0′N,133°50.4′E,6 km,1.8,震度１,35.41666667,133.84
2016/11/7,19:32:03,新島・神津島近海,34°13.1′N,139°10.6′E,10 km,2.2,震度１,34.21833333,139.1766667
2016/11/7,23:28:29,福岡県北九州地方,33°40.1′N,131°00.3′E,8 km,3.1,震度２,33.66833333,131.005
2016/11/7,23:50:56,鳥取県中部,35°26.8′N,133°49.5′E,8 km,1.4,震度１,35.44666667,133.825
2016/11/8,8:24:33,父島近海,26°14.5′N,141°41.9′E,20 km,,震度１,26.24166667,141.6983333
2016/11/8,10:27:14,熊本県球磨地方,32°15.0′N,130°40.7′E,4 km,2.9,震度２,32.25,130.6783333
2016/11/8,17:16:59,鳥取県中部,35°25.0′N,133°49.2′E,11 km,3.8,震度３,35.41666667,133.82
2016/11/8,17:20:58,熊本県阿蘇地方,32°54.5′N,131°01.2′E,7 km,2.2,震度１,32.90833333,131.02
2016/11/8,18:08:39,鹿児島県薩摩地方,31°14.9′N,130°36.7′E,6 km,2,震度１,31.24833333,130.6116667
2016/11/8,18:20:40,鹿児島県薩摩地方,31°14.9′N,130°36.6′E,6 km,2.1,震度１,31.24833333,130.61
2016/11/8,21:43:19,茨城県沖,36°18.3′N,141°04.2′E,47 km,4.2,震度２,36.305,141.07
2016/11/9,0:02:39,熊本県熊本地方,32°31.4′N,130°39.0′E,10 km,3.6,震度２,32.52333333,130.65
2016/11/9,5:49:57,福岡県北九州地方,33°40.2′N,131°00.5′E,8 km,2.6,震度１,33.67,131.0083333
2016/11/9,7:09:02,千葉県北東部,35°51.5′N,140°31.7′E,36 km,3.1,震度１,35.85833333,140.5283333
2016/11/9,15:14:03,豊後水道,32°57.6′N,132°05.3′E,19 km,3,震度１,32.96,132.0883333
2016/11/9,15:37:12,和歌山県北部,33°58.4′N,135°08.0′E,9 km,2.7,震度１,33.97333333,135.1333333
2016/11/9,20:08:52,熊本県熊本地方,32°38.2′N,130°40.0′E,7 km,2.4,震度２,32.63666667,130.6666667
2016/11/9,22:09:37,福岡県北九州地方,33°40.2′N,131°00.5′E,8 km,2.9,震度１,33.67,131.0083333
2016/11/10,0:08:41,熊本県熊本地方,32°39.5′N,130°41.1′E,12 km,2.3,震度１,32.65833333,130.685
2016/11/10,3:55:46,埼玉県南部,36°02.7′N,139°47.9′E,77 km,3.3,震度１,36.045,139.7983333
2016/11/10,7:20:40,宮城県沖,38°41.4′N,142°16.8′E,39 km,5.1,震度２,38.69,142.28
2016/11/10,7:28:44,宮城県沖,38°40.9′N,142°16.5′E,37 km,3.5,震度１,38.68166667,142.275
2016/11/10,11:31:34,長野県中部,36°11.3′N,137°58.6′E,9 km,2.7,震度１,36.18833333,137.9766667
2016/11/10,17:49:07,大隅半島東方沖,31°17.6′N,131°55.6′E,25 km,3.7,震度１,31.29333333,131.9266667
2016/11/11,0:09:35,トカラ列島近海,29°14.1′N,129°18.4′E,11 km,1.4,震度１,29.235,129.3066667
2016/11/11,0:44:56,薩摩半島西方沖,31°34.2′N,130°19.4′E,5 km,2.1,震度１,31.57,130.3233333
2016/11/11,0:59:09,鳥取県中部,35°21.6′N,133°52.2′E,10 km,2.7,震度１,35.36,133.87
2016/11/11,10:12:49,熊本県熊本地方,32°44.1′N,130°39.9′E,12 km,4.2,震度４,32.735,130.665
2016/11/11,13:53:37,伊勢湾,34°33.6′N,136°48.6′E,357 km,4.9,震度１,34.56,136.81
2016/11/11,22:07:14,宮城県沖,38°27.7′N,141°53.3′E,54 km,3.3,震度１,38.46166667,141.8883333
2016/11/12,2:41:42,栃木県南部,36°35.9′N,139°37.3′E,7 km,2.9,震度２,36.59833333,139.6216667
2016/11/12,2:55:19,熊本県熊本地方,32°40.5′N,130°44.5′E,12 km,3.2,震度２,32.675,130.7416667
2016/11/12,6:43:01,宮城県沖,38°27.8′N,141°36.4′E,58 km,5.9,震度４,38.46333333,141.6066667
2016/11/12,7:25:32,与那国島近海,24°04.1′N,122°25.9′E,30 km,5.2,震度２,24.06833333,122.4316667
2016/11/12,9:30:23,トカラ列島近海,29°13.6′N,129°06.7′E,10 km,1.5,震度１,29.22666667,129.1116667
2016/11/12,16:01:07,宮城県沖,38°42.8′N,142°14.7′E,38 km,3.8,震度１,38.71333333,142.245
2016/11/12,21:19:50,神奈川県西部,35°26.6′N,139°00.8′E,22 km,3.3,震度２,35.44333333,139.0133333
2016/11/12,23:37:20,長野県北部,36°48.9′N,137°50.6′E,0 km,2.4,震度１,36.815,137.8433333
2016/11/13,0:46:12,宮城県沖,38°55.2′N,141°55.9′E,51 km,3.5,震度１,38.92,141.9316667
2016/11/13,1:33:22,熊本県阿蘇地方,32°58.1′N,131°04.3′E,6 km,1.9,震度１,32.96833333,131.0716667
2016/11/13,4:49:05,熊本県熊本地方,32°51.4′N,130°49.8′E,14 km,1.9,震度１,32.85666667,130.83
2016/11/13,6:32:33,熊本県熊本地方,32°47.3′N,130°38.8′E,11 km,2.7,震度２,32.78833333,130.6466667
2016/11/13,23:02:25,福島県中通り,37°01.8′N,140°34.2′E,9 km,3.2,震度１,37.03,140.57
2016/11/14,2:48:14,熊本県熊本地方,32°39.6′N,130°39.9′E,10 km,2.3,震度１,32.66,130.665
2016/11/14,23:52:24,宮城県北部,38°46.5′N,140°41.2′E,5 km,2,震度１,38.775,140.6866667
2016/11/15,0:16:39,和歌山県北部,34°01.3′N,135°15.5′E,5 km,1.8,震度１,34.02166667,135.2583333
2016/11/15,1:15:47,茨城県沖,35°54.0′N,140°51.7′E,43 km,4.6,震度３,35.9,140.8616667
2016/11/15,1:46:08,石川県能登地方,37°18.3′N,137°05.4′E,9 km,2.8,震度２,37.305,137.09
2016/11/15,8:15:39,鳥取県中部,35°22.9′N,133°53.0′E,9 km,2.3,震度１,35.38166667,133.8833333
2016/11/15,10:54:35,熊本県熊本地方,32°52.0′N,130°54.0′E,11 km,2.2,震度１,32.86666667,130.9
2016/11/15,17:30:17,熊本県熊本地方,32°47.8′N,130°42.6′E,5 km,2.1,震度２,32.79666667,130.71
2016/11/15,17:44:54,熊本県熊本地方,32°47.9′N,130°42.8′E,5 km,1.8,震度２,32.79833333,130.7133333
2016/11/15,19:36:42,釧路地方中南部,43°27.1′N,144°09.6′E,0 km,2.2,震度１,43.45166667,144.16
2016/11/15,22:41:31,熊本県熊本地方,32°44.2′N,130°38.8′E,13 km,2.2,震度１,32.73666667,130.6466667
2016/11/15,22:47:37,釧路地方中南部,43°28.1′N,144°08.1′E,2 km,2.7,震度２,43.46833333,144.135
2016/11/15,23:27:12,山梨県東部・富士五湖,35°34.2′N,138°56.0′E,29 km,2.4,震度１,35.57,138.9333333
2016/11/16,11:24:46,鳥取県中部,35°24.9′N,133°54.2′E,9 km,3.6,震度２,35.415,133.9033333
2016/11/16,15:19:03,鳥取県中部,35°24.6′N,133°50.6′E,6 km,1.6,震度１,35.41,133.8433333
2016/11/16,17:17:22,鳥取県中部,35°24.6′N,133°50.6′E,6 km,2.4,震度２,35.41,133.8433333
2016/11/16,18:54:52,福島県沖,37°53.3′N,141°32.4′E,60 km,3.9,震度２,37.88833333,141.54
2016/11/16,23:22:06,鳥取県中部,35°25.6′N,133°49.6′E,8 km,2.9,震度１,35.42666667,133.8266667
2016/11/17,1:01:56,千葉県北西部,35°38.9′N,140°09.7′E,66 km,4.2,震度２,35.64833333,140.1616667
2016/11/17,1:49:44,徳島県南部,33°54.1′N,134°28.2′E,11 km,2.4,震度１,33.90166667,134.47
2016/11/17,7:38:53,山梨県東部・富士五湖,35°29.5′N,138°57.3′E,22 km,2.8,震度１,35.49166667,138.955
2016/11/17,11:00:38,熊本県熊本地方,32°37.2′N,130°42.2′E,7 km,2.2,震度１,32.62,130.7033333
2016/11/17,12:00:05,奄美大島近海,28°11.9′N,129°29.0′E,33 km,3.3,震度１,28.19833333,129.4833333
2016/11/17,15:04:32,熊本県熊本地方,32°48.1′N,130°42.9′E,6 km,2.5,震度２,32.80166667,130.715
2016/11/17,15:50:09,岩手県沖,40°15.2′N,142°28.8′E,34 km,3.9,震度１,40.25333333,142.48
2016/11/17,16:29:45,熊本県熊本地方,32°47.9′N,130°42.8′E,6 km,1.4,震度１,32.79833333,130.7133333
2016/11/17,21:42:09,鳥取県中部,35°23.1′N,133°52.9′E,8 km,3.8,震度２,35.385,133.8816667
2016/11/18,9:15:28,熊本県阿蘇地方,32°54.6′N,131°01.1′E,8 km,2.8,震度２,32.91,131.0183333
2016/11/18,10:19:05,福岡県北西沖,33°44.2′N,130°14.0′E,14 km,4.2,震度３,33.73666667,130.2333333
2016/11/18,11:45:43,鳥取県中部,35°20.9′N,133°45.3′E,4 km,1.7,震度１,35.34833333,133.755
2016/11/18,12:07:35,鹿児島県大隅地方,31°12.3′N,130°49.1′E,6 km,2.3,震度１,31.205,130.8183333
2016/11/18,12:39:59,茨城県北部,36°39.4′N,140°38.5′E,11 km,3.4,震度２,36.65666667,140.6416667
2016/11/19,9:31:00,秋田県内陸北部,40°01.2′N,140°27.9′E,7 km,2.2,震度１,40.02,140.465
2016/11/19,11:48:01,和歌山県南部,33°50.5′N,135°27.8′E,51 km,5.4,震度４,33.84166667,135.4633333
2016/11/19,15:01:22,根室半島南東沖,43°08.4′N,146°10.7′E,50 km,4.3,震度３,43.14,146.1783333
2016/11/19,15:29:23,鳥取県中部,35°26.2′N,133°49.9′E,8 km,2,震度１,35.43666667,133.8316667
2016/11/19,17:50:11,京都府南部,34°57.1′N,135°33.9′E,8 km,2.6,震度２,34.95166667,135.565
2016/11/19,17:51:19,和歌山県南部,33°48.0′N,135°28.5′E,46 km,3.3,震度１,33.8,135.475
2016/11/19,18:41:34,五島列島近海,32°29.6′N,129°13.1′E,5 km,4.2,震度２,32.49333333,129.2183333
2016/11/19,22:29:22,福島県沖,37°27.6′N,141°34.5′E,45 km,3.5,震度１,37.46,141.575
2016/11/20,8:09:28,茨城県沖,35°53.9′N,140°51.5′E,42 km,3.6,震度１,35.89833333,140.8583333
2016/11/20,9:10:21,与那国島近海,24°04.5′N,123°16.2′E,30 km,3.9,震度１,24.075,123.27
2016/11/20,15:20:42,茨城県北部,36°23.0′N,140°34.0′E,54 km,2.8,震度１,36.38333333,140.5666667
2016/11/20,18:24:44,与那国島近海,24°04.6′N,123°15.2′E,29 km,4,震度１,24.07666667,123.2533333
2016/11/21,1:31:06,与那国島近海,24°20.5′N,122°58.9′E,48 km,3.7,震度１,24.34166667,122.9816667
2016/11/21,3:15:11,茨城県沖,36°33.5′N,140°54.3′E,49 km,3,震度１,36.55833333,140.905
2016/11/21,6:59:25,千葉県東方沖,35°52.6′N,140°57.6′E,17 km,5,震度３,35.87666667,140.96
2016/11/21,8:35:46,三重県中部,34°46.6′N,136°24.3′E,14 km,3.2,震度２,34.77666667,136.405
2016/11/21,10:56:06,鳥取県中部,35°22.8′N,133°52.4′E,8 km,2.9,震度２,35.38,133.8733333
2016/11/21,11:47:09,宮城県沖,37°55.3′N,141°38.9′E,49 km,4.3,震度２,37.92166667,141.6483333
2016/11/21,12:58:10,青森県東方沖,41°00.9′N,142°57.4′E,29 km,4.6,震度１,41.015,142.9566667
2016/11/21,14:41:58,千葉県東方沖,35°52.9′N,140°57.3′E,18 km,3.8,震度１,35.88166667,140.955
2016/11/21,15:44:06,茨城県南部,36°01.5′N,139°56.1′E,42 km,2.9,震度１,36.025,139.935
2016/11/22,3:25:49,福島県沖,37°21.4′N,141°33.4′E,25 km,4.6,震度２,37.35666667,141.5566667
2016/11/22,5:56:34,埼玉県秩父地方,35°58.2′N,138°58.9′E,134 km,4,震度１,35.97,138.9816667
2016/11/22,5:59:47,福島県沖,37°21.2′N,141°36.2′E,25 km,7.4,震度５弱,37.35333333,141.6033333
2016/11/22,6:03:13,福島県沖,37°17.4′N,141°33.5′E,23 km,4.7,震度３,37.29,141.5583333
2016/11/22,6:04:23,福島県沖,37°11.2′N,141°30.8′E,24 km,4.6,震度２,37.18666667,141.5133333
2016/11/22,6:05:51,福島県沖,37°14.2′N,141°19.8′E,27 km,4,震度１,37.23666667,141.33
2016/11/22,6:06:27,福島県沖,37°17.3′N,141°31.0′E,35 km,3.8,震度１,37.28833333,141.5166667
2016/11/22,6:08:09,福島県沖,37°09.4′N,141°20.0′E,29 km,4.5,震度２,37.15666667,141.3333333
2016/11/22,6:09:22,福島県沖,37°14.7′N,141°29.9′E,32 km,3.9,震度１,37.245,141.4983333
2016/11/22,6:10:22,福島県沖,37°16.6′N,141°28.9′E,35 km,5,震度３,37.27666667,141.4816667
2016/11/22,6:11:33,福島県沖,37°12.4′N,141°26.1′E,25 km,4.5,震度２,37.20666667,141.435
2016/11/22,6:12:20,福島県沖,37°12.0′N,141°26.5′E,21 km,4.1,震度１,37.2,141.4416667
2016/11/22,6:13:34,福島県沖,37°18.6′N,141°32.5′E,25 km,4.2,震度２,37.31,141.5416667
2016/11/22,6:15:50,福島県沖,37°15.5′N,141°27.7′E,23 km,4.1,震度１,37.25833333,141.4616667
2016/11/22,6:17:53,福島県沖,37°18.0′N,141°25.7′E,28 km,4.5,震度２,37.3,141.4283333
2016/11/22,6:20:36,福島県沖,37°17.1′N,141°26.4′E,26 km,4.5,震度２,37.285,141.44
2016/11/22,6:21:30,三河湾,34°43.2′N,137°01.4′E,15 km,3.3,震度２,34.72,137.0233333
2016/11/22,6:21:56,福島県沖,37°15.6′N,141°31.9′E,35 km,4.3,震度２,37.26,141.5316667
2016/11/22,6:26:16,福島県沖,37°15.1′N,141°26.1′E,19 km,4.1,震度１,37.25166667,141.435
2016/11/22,6:28:23,福島県沖,37°16.1′N,141°28.5′E,27 km,5.2,震度２,37.26833333,141.475
2016/11/22,6:29:19,福島県沖,37°17.8′N,141°20.8′E,29 km,4,震度１,37.29666667,141.3466667
2016/11/22,6:31:06,福島県沖,37°19.8′N,141°34.8′E,23 km,4,震度１,37.33,141.58
2016/11/22,6:32:32,福島県沖,37°17.1′N,141°26.8′E,27 km,4.1,震度１,37.285,141.4466667
2016/11/22,6:33:19,福島県沖,37°16.9′N,141°29.8′E,31 km,3.7,震度１,37.28166667,141.4966667
2016/11/22,6:36:29,福島県沖,37°08.0′N,141°19.6′E,24 km,4.1,震度１,37.13333333,141.3266667
2016/11/22,6:38:20,福島県沖,37°11.4′N,141°21.1′E,31 km,3.6,震度１,37.19,141.3516667
2016/11/22,6:39:41,福島県沖,37°14.6′N,141°22.6′E,22 km,5.7,震度３,37.24333333,141.3766667
2016/11/22,6:41:03,福島県沖,37°16.7′N,141°25.4′E,22 km,4.1,震度１,37.27833333,141.4233333
2016/11/22,6:42:37,福島県沖,37°12.6′N,141°27.3′E,29 km,5.3,震度２,37.21,141.455
2016/11/22,6:45:37,福島県沖,37°18.2′N,141°29.5′E,23 km,3.7,震度１,37.30333333,141.4916667
2016/11/22,6:46:01,熊本県熊本地方,32°37.7′N,130°41.0′E,9 km,2.7,震度１,32.62833333,130.6833333
2016/11/22,6:46:54,福島県沖,37°15.5′N,141°29.7′E,30 km,3.7,震度１,37.25833333,141.495
2016/11/22,6:49:05,福島県沖,37°11.9′N,141°27.8′E,32 km,4.7,震度１,37.19833333,141.4633333
2016/11/22,6:50:57,福島県沖,37°15.2′N,141°32.0′E,33 km,5,震度３,37.25333333,141.5333333
2016/11/22,6:52:03,福島県沖,37°16.5′N,141°30.5′E,27 km,4.3,震度１,37.275,141.5083333
2016/11/22,6:56:44,福島県沖,37°17.0′N,141°32.0′E,29 km,4.3,震度２,37.28333333,141.5333333
2016/11/22,6:57:55,福島県沖,37°16.6′N,141°31.8′E,31 km,3.8,震度１,37.27666667,141.53
2016/11/22,7:01:17,福島県沖,37°11.7′N,141°20.6′E,32 km,3.5,震度１,37.195,141.3433333
2016/11/22,7:03:18,福島県沖,37°14.8′N,141°26.8′E,24 km,3.9,震度１,37.24666667,141.4466667
2016/11/22,7:04:21,福島県沖,37°15.9′N,141°29.0′E,36 km,3.9,震度１,37.265,141.4833333
2016/11/22,7:05:36,福島県沖,37°14.6′N,141°27.7′E,40 km,3.2,震度１,37.24333333,141.4616667
2016/11/22,7:08:36,福島県沖,37°10.3′N,141°19.2′E,14 km,3.8,震度１,37.17166667,141.32
2016/11/22,7:12:36,福島県沖,37°21.1′N,141°33.5′E,26 km,3.7,震度１,37.35166667,141.5583333
2016/11/22,7:14:21,福島県沖,37°15.3′N,141°29.4′E,26 km,3.9,震度１,37.255,141.49
2016/11/22,7:17:18,福島県沖,37°10.9′N,141°27.6′E,31 km,4.5,震度１,37.18166667,141.46
2016/11/22,7:19:48,福島県沖,37°15.8′N,141°22.9′E,23 km,3.7,震度１,37.26333333,141.3816667
2016/11/22,7:26:20,福島県沖,37°10.0′N,141°27.4′E,35 km,3.7,震度１,37.16666667,141.4566667
2016/11/22,7:44:08,福島県沖,37°13.5′N,141°25.7′E,28 km,4,震度１,37.225,141.4283333
2016/11/22,7:45:45,福島県沖,37°12.9′N,141°20.9′E,26 km,3.5,震度１,37.215,141.3483333
2016/11/22,7:47:19,福島県沖,37°13.6′N,141°24.1′E,27 km,4,震度２,37.22666667,141.4016667
2016/11/22,7:48:24,福島県沖,37°11.8′N,141°26.7′E,28 km,4.6,震度２,37.19666667,141.445
2016/11/22,7:56:26,福島県沖,37°11.6′N,141°20.8′E,25 km,3.8,震度１,37.19333333,141.3466667
2016/11/22,8:00:51,福島県沖,37°14.5′N,141°22.4′E,37 km,3.3,震度１,37.24166667,141.3733333
2016/11/22,8:07:07,福島県沖,37°12.8′N,141°23.5′E,33 km,3.6,震度１,37.21333333,141.3916667
2016/11/22,8:08:10,福島県沖,37°15.8′N,141°26.8′E,34 km,3.3,震度１,37.26333333,141.4466667
2016/11/22,8:20:05,福島県沖,37°13.9′N,141°25.8′E,24 km,3.5,震度１,37.23166667,141.43
2016/11/22,8:23:15,福島県沖,37°11.9′N,141°30.2′E,29 km,4.8,震度２,37.19833333,141.5033333
2016/11/22,8:27:37,福島県沖,37°21.3′N,141°34.3′E,25 km,3.9,震度１,37.355,141.5716667
2016/11/22,8:37:31,福島県沖,37°17.8′N,141°31.6′E,29 km,3.8,震度１,37.29666667,141.5266667
2016/11/22,8:39:53,福島県沖,37°12.2′N,141°28.3′E,31 km,4.8,震度３,37.20333333,141.4716667
2016/11/22,8:52:04,福島県沖,37°21.3′N,141°32.3′E,25 km,3.9,震度１,37.355,141.5383333
2016/11/22,8:55:58,福島県沖,37°11.6′N,141°23.4′E,26 km,3.9,震度１,37.19333333,141.39
2016/11/22,9:03:09,福島県沖,37°22.2′N,141°33.1′E,24 km,4.7,震度２,37.37,141.5516667
2016/11/22,9:04:38,福島県沖,37°23.2′N,141°32.4′E,25 km,4.1,震度１,37.38666667,141.54
2016/11/22,9:08:02,福島県沖,37°15.6′N,141°30.4′E,31 km,4.2,震度２,37.26,141.5066667
2016/11/22,9:08:52,福島県沖,37°23.3′N,141°31.0′E,27 km,4.2,震度２,37.38833333,141.5166667
2016/11/22,9:14:22,福島県沖,37°10.7′N,141°21.3′E,27 km,3.7,震度１,37.17833333,141.355
2016/11/22,9:17:52,福島県沖,37°14.7′N,141°25.2′E,23 km,3.9,震度１,37.245,141.42
2016/11/22,9:19:04,福島県沖,37°12.2′N,141°26.3′E,35 km,3.5,震度１,37.20333333,141.4383333
2016/11/22,9:28:07,福島県沖,37°10.3′N,141°25.2′E,30 km,3.9,震度２,37.17166667,141.42
2016/11/22,9:29:09,福島県沖,37°16.8′N,141°32.0′E,35 km,3.9,震度１,37.28,141.5333333
2016/11/22,9:29:49,福島県沖,37°17.7′N,141°32.6′E,28 km,3.3,震度１,37.295,141.5433333
2016/11/22,9:32:41,福島県沖,37°19.4′N,141°35.6′E,34 km,4.4,震度２,37.32333333,141.5933333
2016/11/22,9:36:05,福島県沖,37°19.4′N,141°31.9′E,35 km,3.8,震度１,37.32333333,141.5316667
2016/11/22,9:47:11,福島県沖,37°22.5′N,141°32.8′E,29 km,4.3,震度１,37.375,141.5466667
2016/11/22,9:49:13,福島県沖,37°16.3′N,141°26.9′E,24 km,3.7,震度１,37.27166667,141.4483333
2016/11/22,9:53:21,福島県沖,37°20.0′N,141°32.4′E,23 km,3.6,震度１,37.33333333,141.54
2016/11/22,10:10:03,福島県沖,37°16.0′N,141°30.1′E,32 km,4.3,震度３,37.26666667,141.5016667
2016/11/22,10:15:05,熊本県阿蘇地方,32°59.9′N,131°02.9′E,8 km,3.2,震度２,32.99833333,131.0483333
2016/11/22,10:19:38,福島県沖,37°13.2′N,141°29.7′E,27 km,3.8,震度１,37.22,141.495
2016/11/22,10:30:48,福島県沖,37°18.6′N,141°32.8′E,30 km,3.9,震度１,37.31,141.5466667
2016/11/22,10:31:27,福島県沖,37°09.4′N,141°23.9′E,27 km,5,震度２,37.15666667,141.3983333
2016/11/22,10:34:06,福島県沖,37°20.6′N,141°33.8′E,26 km,4.4,震度１,37.34333333,141.5633333
2016/11/22,10:38:01,福島県沖,37°09.6′N,141°28.0′E,35 km,4.9,震度３,37.16,141.4666667
2016/11/22,11:15:36,福島県沖,37°16.5′N,141°27.1′E,31 km,3.8,震度１,37.275,141.4516667
2016/11/22,11:16:32,福島県沖,37°17.4′N,141°27.0′E,28 km,3.6,震度１,37.29,141.45
2016/11/22,11:24:49,福島県沖,37°15.9′N,141°27.4′E,28 km,4.4,震度１,37.265,141.4566667
2016/11/22,12:05:53,福島県沖,37°13.2′N,141°31.6′E,35 km,4.6,震度２,37.22,141.5266667
2016/11/22,12:32:12,福島県沖,37°13.8′N,141°27.5′E,32 km,4.3,震度２,37.23,141.4583333
2016/11/22,12:38:47,福島県沖,37°14.2′N,141°27.0′E,28 km,3.8,震度１,37.23666667,141.45
2016/11/22,12:55:43,福島県沖,37°13.6′N,141°26.5′E,28 km,3.9,震度１,37.22666667,141.4416667
2016/11/22,13:01:22,福島県沖,37°15.4′N,141°23.7′E,24 km,4.4,震度１,37.25666667,141.395
2016/11/22,13:04:05,福島県沖,37°13.8′N,141°31.1′E,29 km,4.1,震度２,37.23,141.5183333
2016/11/22,13:26:10,福島県沖,37°09.5′N,141°27.8′E,29 km,4.5,震度２,37.15833333,141.4633333
2016/11/22,14:17:38,福島県沖,37°11.7′N,141°19.4′E,22 km,4.2,震度２,37.195,141.3233333
2016/11/22,14:48:11,福島県沖,37°10.6′N,141°21.7′E,26 km,4,震度１,37.17666667,141.3616667
2016/11/22,15:14:43,福島県沖,37°18.9′N,141°30.9′E,33 km,3.6,震度１,37.315,141.515
2016/11/22,16:14:40,熊本県熊本地方,32°29.5′N,130°37.7′E,10 km,2.9,震度１,32.49166667,130.6283333
2016/11/22,16:32:26,福島県沖,37°13.0′N,141°28.7′E,29 km,4.4,震度２,37.21666667,141.4783333
2016/11/22,17:03:22,福島県沖,37°16.9′N,141°32.7′E,36 km,3.7,震度１,37.28166667,141.545
2016/11/22,17:14:32,福島県沖,37°08.7′N,141°25.1′E,36 km,3.9,震度２,37.145,141.4183333
2016/11/22,17:25:49,福島県沖,37°12.5′N,141°19.7′E,23 km,3.9,震度１,37.20833333,141.3283333
2016/11/22,17:49:41,福島県沖,37°15.0′N,141°25.4′E,30 km,4.4,震度２,37.25,141.4233333
2016/11/22,18:49:18,福島県沖,37°15.6′N,141°30.4′E,29 km,4.2,震度１,37.26,141.5066667
2016/11/22,19:10:37,福島県沖,37°16.1′N,141°28.5′E,38 km,3.6,震度１,37.26833333,141.475
2016/11/22,19:58:34,福島県沖,37°14.5′N,141°12.6′E,18 km,4.5,震度２,37.24166667,141.21
2016/11/22,20:01:34,福島県沖,37°17.2′N,141°29.3′E,24 km,3.7,震度１,37.28666667,141.4883333
2016/11/22,20:21:36,福島県沖,37°08.0′N,141°26.8′E,36 km,4,震度１,37.13333333,141.4466667
2016/11/22,20:52:41,福島県沖,37°13.4′N,141°33.3′E,29 km,3.9,震度１,37.22333333,141.555
2016/11/22,22:34:41,福島県沖,37°13.1′N,141°22.8′E,31 km,4.1,震度２,37.21833333,141.38
2016/11/22,22:36:10,福島県沖,37°15.0′N,141°23.6′E,23 km,3.9,震度１,37.25,141.3933333
2016/11/22,22:51:44,福島県沖,37°13.2′N,141°18.0′E,25 km,3.8,震度１,37.22,141.3
2016/11/22,23:03:58,福島県沖,37°10.7′N,141°26.6′E,28 km,5.7,震度４,37.17833333,141.4433333
2016/11/22,23:14:29,福島県沖,37°14.0′N,141°32.2′E,33 km,4.2,震度１,37.23333333,141.5366667
2016/11/22,23:19:54,福島県沖,37°09.6′N,141°30.5′E,28 km,4.2,震度１,37.16,141.5083333
2016/11/22,23:23:17,福島県沖,37°20.1′N,141°32.6′E,27 km,3.7,震度１,37.335,141.5433333
2016/11/23,0:04:53,福島県沖,37°13.8′N,141°23.0′E,33 km,3.8,震度１,37.23,141.3833333
2016/11/23,0:27:21,福島県沖,37°16.1′N,141°27.1′E,34 km,3.7,震度１,37.26833333,141.4516667
2016/11/23,0:38:27,福島県沖,37°11.2′N,141°21.1′E,27 km,3.6,震度１,37.18666667,141.3516667
2016/11/23,1:14:25,福島県沖,37°23.5′N,141°35.7′E,26 km,3.9,震度１,37.39166667,141.595
2016/11/23,2:21:57,宮城県沖,38°19.4′N,141°36.9′E,55 km,3.6,震度１,38.32333333,141.615
2016/11/23,2:22:29,福島県沖,37°08.6′N,141°25.4′E,34 km,3.7,震度１,37.14333333,141.4233333
2016/11/23,2:41:14,福島県沖,37°11.0′N,141°22.2′E,28 km,4.5,震度２,37.18333333,141.37
2016/11/23,2:53:02,宮古島近海,25°21.7′N,125°08.9′E,72 km,4.7,震度２,25.36166667,125.1483333
2016/11/23,3:12:53,福島県沖,37°11.0′N,141°25.0′E,28 km,4.1,震度２,37.18333333,141.4166667
2016/11/23,3:18:32,福島県沖,37°16.4′N,141°28.2′E,28 km,3.8,震度１,37.27333333,141.47
2016/11/23,3:44:18,福島県沖,37°04.8′N,141°20.3′E,34 km,3.5,震度１,37.08,141.3383333
2016/11/23,3:45:20,房総半島南方沖,34°32.5′N,140°04.0′E,101 km,4.5,震度２,34.54166667,140.0666667
2016/11/23,5:09:51,福島県沖,37°14.7′N,141°30.2′E,34 km,4.1,震度１,37.245,141.5033333
2016/11/23,5:12:08,福島県沖,37°15.7′N,141°31.3′E,35 km,3.9,震度１,37.26166667,141.5216667
2016/11/23,5:16:14,福島県沖,37°13.4′N,141°23.9′E,27 km,3.6,震度１,37.22333333,141.3983333
2016/11/23,6:05:53,福島県沖,37°11.1′N,141°22.1′E,28 km,4.4,震度２,37.185,141.3683333
2016/11/23,6:58:53,福島県沖,37°06.9′N,141°21.3′E,34 km,4.1,震度２,37.115,141.355
2016/11/23,8:07:21,福島県沖,36°56.8′N,141°03.9′E,51 km,3.2,震度１,36.94666667,141.065
2016/11/23,8:22:34,福島県沖,37°03.1′N,141°22.4′E,25 km,4.3,震度２,37.05166667,141.3733333
2016/11/23,11:09:17,福島県沖,37°13.0′N,141°29.8′E,30 km,3.8,震度１,37.21666667,141.4966667
2016/11/23,11:18:13,青森県東方沖,40°41.4′N,141°32.8′E,118 km,3.9,震度２,40.69,141.5466667
2016/11/23,11:32:58,福島県沖,37°22.9′N,141°36.0′E,27 km,4.2,震度２,37.38166667,141.6
2016/11/23,13:54:47,福島県沖,37°16.7′N,141°28.0′E,28 km,3.7,震度１,37.27833333,141.4666667
2016/11/23,14:56:33,熊本県熊本地方,32°38.9′N,130°42.4′E,8 km,1.9,震度１,32.64833333,130.7066667
2016/11/23,16:17:02,福島県沖,37°17.8′N,141°29.7′E,26 km,4.2,震度１,37.29666667,141.495
2016/11/23,17:17:38,福島県沖,37°14.3′N,141°27.1′E,28 km,3.9,震度１,37.23833333,141.4516667
2016/11/23,18:36:36,福島県沖,37°19.6′N,141°38.0′E,33 km,4.5,震度２,37.32666667,141.6333333
2016/11/23,18:59:57,小笠原諸島西方沖,27°18.7′N,140°33.6′E,498 km,5.9,震度２,27.31166667,140.56
2016/11/23,19:56:48,福島県沖,37°23.0′N,141°35.7′E,25 km,4.3,震度２,37.38333333,141.595
2016/11/23,20:02:33,福島県沖,37°08.2′N,141°20.6′E,24 km,4.4,震度２,37.13666667,141.3433333
2016/11/23,20:10:15,熊本県熊本地方,32°44.3′N,130°40.8′E,13 km,3.6,震度３,32.73833333,130.68
2016/11/23,21:42:42,福島県沖,37°13.6′N,141°11.9′E,17 km,4.7,震度２,37.22666667,141.1983333
2016/11/23,21:50:29,熊本県熊本地方,32°43.0′N,130°40.8′E,12 km,2.2,震度１,32.71666667,130.68
2016/11/23,22:38:40,福島県沖,37°12.7′N,141°24.6′E,29 km,3.6,震度１,37.21166667,141.41
2016/11/23,23:20:05,福島県沖,37°20.8′N,141°33.4′E,27 km,4.4,震度２,37.34666667,141.5566667
2016/11/23,23:46:56,福島県沖,37°13.5′N,141°25.4′E,27 km,4.1,震度１,37.225,141.4233333
2016/11/24,0:53:37,福島県沖,37°11.2′N,141°26.3′E,30 km,3.8,震度１,37.18666667,141.4383333
2016/11/24,2:33:29,鳥取県中部,35°22.8′N,133°52.4′E,8 km,2.9,震度２,35.38,133.8733333
2016/11/24,3:13:00,福島県沖,37°13.1′N,141°19.7′E,22 km,4.8,震度２,37.21833333,141.3283333
2016/11/24,3:14:48,福島県沖,37°15.4′N,141°13.7′E,18 km,5.1,震度２,37.25666667,141.2283333
2016/11/24,3:17:34,熊本県熊本地方,32°41.9′N,130°38.2′E,10 km,2.2,震度１,32.69833333,130.6366667
2016/11/24,3:21:28,福島県沖,37°14.8′N,141°13.7′E,14 km,3.8,震度１,37.24666667,141.2283333
2016/11/24,4:13:37,福島県沖,37°20.9′N,141°38.0′E,32 km,3.8,震度１,37.34833333,141.6333333
2016/11/24,5:49:34,福島県沖,37°06.0′N,141°25.5′E,37 km,4.3,震度１,37.1,141.425
2016/11/24,6:23:36,福島県沖,37°10.4′N,141°20.7′E,24 km,6.2,震度４,37.17333333,141.345
2016/11/24,6:26:22,福島県沖,37°08.5′N,141°19.9′E,29 km,4.1,震度１,37.14166667,141.3316667
2016/11/24,6:42:30,福島県沖,37°10.4′N,141°20.4′E,24 km,4.6,震度２,37.17333333,141.34
2016/11/24,6:51:40,福島県沖,37°12.9′N,141°19.4′E,23 km,3.6,震度１,37.215,141.3233333
2016/11/24,6:59:14,福島県沖,37°10.9′N,141°19.9′E,23 km,3.9,震度１,37.18166667,141.3316667
2016/11/24,7:56:34,奄美大島近海,27°33.8′N,128°52.1′E,18 km,2.9,震度１,27.56333333,128.8683333
2016/11/24,9:35:09,鳥島近海,31°46.6′N,138°21.7′E,365 km,5.3,震度２,31.77666667,138.3616667
2016/11/24,11:21:31,福島県沖,37°06.4′N,141°20.0′E,28 km,3.7,震度１,37.10666667,141.3333333
2016/11/24,12:00:48,福島県沖,37°13.0′N,141°39.3′E,36 km,4.1,震度１,37.21666667,141.655
2016/11/24,12:12:30,福島県沖,37°04.4′N,141°21.6′E,33 km,4.3,震度２,37.07333333,141.36
2016/11/24,12:35:56,千葉県北西部,35°41.1′N,140°09.5′E,67 km,3,震度１,35.685,140.1583333
2016/11/24,13:01:08,釧路地方中南部,43°28.1′N,144°08.6′E,0 km,2.6,震度１,43.46833333,144.1433333
2016/11/24,13:25:07,鳥取県中部,35°23.5′N,133°53.9′E,9 km,2.9,震度１,35.39166667,133.8983333
2016/11/24,13:48:06,福島県沖,37°06.1′N,141°23.5′E,27 km,4.7,震度２,37.10166667,141.3916667
2016/11/24,19:29:04,福島県沖,37°12.4′N,141°27.7′E,30 km,3.9,震度１,37.20666667,141.4616667
2016/11/24,23:28:41,福島県沖,37°11.5′N,141°19.8′E,24 km,3.6,震度１,37.19166667,141.33
2016/11/24,23:43:32,福島県沖,37°13.4′N,141°26.3′E,29 km,3.9,震度１,37.22333333,141.4383333
2016/11/24,23:49:47,福島県沖,37°11.5′N,141°22.8′E,28 km,3.9,震度１,37.19166667,141.38
2016/11/25,0:58:09,福島県沖,37°13.0′N,141°23.4′E,28 km,3.8,震度１,37.21666667,141.39
2016/11/25,1:55:55,福島県沖,37°09.4′N,141°29.4′E,29 km,4.5,震度２,37.15666667,141.49
2016/11/25,3:17:49,福島県沖,37°00.9′N,141°23.2′E,24 km,3.8,震度１,37.015,141.3866667
2016/11/25,6:55:54,与那国島近海,24°01.2′N,122°26.7′E,24 km,5.6,震度２,24.02,122.445
2016/11/25,9:09:25,福島県沖,37°14.3′N,141°25.1′E,26 km,4.4,震度２,37.23833333,141.4183333
2016/11/25,9:20:01,福島県沖,37°14.3′N,141°28.6′E,30 km,4.6,震度２,37.23833333,141.4766667
2016/11/25,10:11:38,熊本県阿蘇地方,32°57.6′N,131°04.4′E,10 km,3.1,震度２,32.96,131.0733333
2016/11/25,15:12:13,福島県沖,37°09.9′N,141°27.0′E,28 km,3.8,震度１,37.165,141.45
2016/11/25,16:35:47,福島県沖,37°13.4′N,141°30.8′E,35 km,4.2,震度２,37.22333333,141.5133333
2016/11/25,16:57:25,福島県沖,37°08.5′N,141°28.4′E,26 km,4,震度１,37.14166667,141.4733333
2016/11/25,17:22:49,留萌地方中北部,44°50.1′N,141°50.8′E,27 km,4.6,震度４,44.835,141.8466667
2016/11/25,17:29:00,福島県沖,37°12.5′N,141°19.7′E,22 km,3.8,震度１,37.20833333,141.3283333
2016/11/25,18:29:57,日向灘,32°21.5′N,131°52.7′E,17 km,3.2,震度１,32.35833333,131.8783333
2016/11/25,18:33:32,熊本県熊本地方,32°48.4′N,130°42.4′E,6 km,1.6,震度１,32.80666667,130.7066667
2016/11/25,19:31:15,福島県沖,37°05.7′N,141°25.1′E,38 km,3.5,震度１,37.095,141.4183333
2016/11/25,20:03:14,熊本県熊本地方,32°48.3′N,130°42.3′E,6 km,2,震度１,32.805,130.705
2016/11/25,20:13:06,福島県沖,37°13.5′N,141°17.1′E,23 km,3.8,震度１,37.225,141.285
2016/11/25,21:14:05,福島県沖,37°00.3′N,141°21.7′E,24 km,4,震度１,37.005,141.3616667
2016/11/25,22:19:57,福島県沖,37°10.7′N,141°19.0′E,25 km,3.7,震度１,37.17833333,141.3166667
2016/11/26,2:26:39,福島県沖,37°14.4′N,141°31.5′E,36 km,3.8,震度１,37.24,141.525
2016/11/26,2:29:11,熊本県熊本地方,32°34.0′N,130°42.0′E,9 km,2.5,震度１,32.56666667,130.7
2016/11/26,3:52:06,豊後水道,33°12.2′N,132°07.3′E,47 km,3.8,震度３,33.20333333,132.1216667
2016/11/26,7:44:07,鹿児島湾,31°38.6′N,130°41.4′E,132 km,3.4,震度１,31.64333333,130.69
2016/11/26,9:17:39,鳥取県中部,35°24.9′N,133°54.0′E,9 km,2.3,震度１,35.415,133.9
2016/11/26,15:09:03,宮城県沖,38°51.3′N,142°03.0′E,45 km,3.7,震度１,38.855,142.05
2016/11/26,19:07:59,福島県沖,37°19.1′N,141°34.4′E,32 km,4.3,震度２,37.31833333,141.5733333
2016/11/26,21:28:55,鳥取県中部,35°22.1′N,133°43.7′E,5 km,2.3,震度１,35.36833333,133.7283333
2016/11/26,21:40:24,父島近海,26°21.0′N,141°41.0′E,117 km,4.5,震度２,26.35,141.6833333
2016/11/26,23:51:40,福島県沖,37°12.7′N,141°32.2′E,31 km,3.9,震度２,37.21166667,141.5366667
2016/11/27,1:43:18,根室地方北部,44°02.1′N,145°07.0′E,0 km,1.8,震度１,44.035,145.1166667
2016/11/27,6:26:37,福島県沖,37°16.3′N,141°35.1′E,33 km,3.5,震度１,37.27166667,141.585
2016/11/27,6:27:33,熊本県熊本地方,32°48.6′N,130°43.5′E,5 km,1.4,震度１,32.81,130.725
2016/11/27,9:52:37,長野県北部,36°56.2′N,138°27.6′E,6 km,2,震度１,36.93666667,138.46
2016/11/27,17:02:46,鳥取県中部,35°25.6′N,133°49.8′E,8 km,1.6,震度１,35.42666667,133.83
2016/11/27,17:06:58,福島県沖,37°20.7′N,141°38.0′E,33 km,4.4,震度２,37.345,141.6333333
2016/11/27,19:17:54,福島県沖,37°14.8′N,141°23.7′E,24 km,4.5,震度２,37.24666667,141.395
2016/11/27,21:50:17,福島県沖,37°19.4′N,141°34.4′E,35 km,4.6,震度３,37.32333333,141.5733333
2016/11/27,23:47:39,福島県沖,37°14.1′N,141°29.0′E,35 km,3.8,震度１,37.235,141.4833333
2016/11/27,23:56:12,福島県沖,37°15.1′N,141°32.3′E,26 km,4.2,震度１,37.25166667,141.5383333
2016/11/28,0:29:36,福島県沖,37°16.0′N,141°27.2′E,26 km,3.7,震度１,37.26666667,141.4533333
2016/11/28,2:11:51,青森県東方沖,41°28.8′N,141°59.1′E,63 km,3.6,震度１,41.48,141.985
2016/11/28,4:44:01,福島県沖,37°21.9′N,141°35.3′E,29 km,3.7,震度１,37.365,141.5883333
2016/11/28,7:16:53,福島県沖,37°11.8′N,141°23.3′E,33 km,4.3,震度３,37.19666667,141.3883333
2016/11/28,17:46:09,福島県沖,37°10.6′N,141°31.0′E,35 km,4.3,震度２,37.17666667,141.5166667
2016/11/28,19:24:17,福島県沖,37°13.1′N,141°28.9′E,34 km,4,震度１,37.21833333,141.4816667
2016/11/28,21:30:51,釧路地方中南部,43°13.1′N,145°03.9′E,78 km,3.4,震度２,43.21833333,145.065
2016/11/28,23:37:49,トカラ列島近海,29°10.7′N,129°19.9′E,10 km,2.4,震度１,29.17833333,129.3316667
2016/11/29,0:29:59,鳥取県中部,35°25.4′N,133°49.7′E,8 km,2.1,震度１,35.42333333,133.8283333
2016/11/29,2:33:59,熊本県熊本地方,32°51.5′N,130°50.1′E,14 km,2.9,震度２,32.85833333,130.835
2016/11/29,7:16:07,鹿児島県薩摩地方,31°56.0′N,130°47.2′E,2 km,1.8,震度１,31.93333333,130.7866667
2016/11/29,7:25:56,鹿児島県薩摩地方,31°56.0′N,130°47.4′E,1 km,1.3,震度１,31.93333333,130.79
2016/11/29,9:26:21,三陸沖,39°54.7′N,143°19.4′E,13 km,4.8,震度２,39.91166667,143.3233333
2016/11/29,10:02:57,岩手県沿岸北部,39°45.4′N,141°50.4′E,59 km,4,震度２,39.75666667,141.84
2016/11/29,12:46:36,岩手県沖,39°37.9′N,142°06.2′E,48 km,3.9,震度２,39.63166667,142.1033333
2016/11/29,20:44:40,熊本県熊本地方,32°49.7′N,130°49.0′E,7 km,2.3,震度１,32.82833333,130.8166667
2016/11/30,8:07:29,熊本県熊本地方,32°50.7′N,130°48.5′E,7 km,2.6,震度１,32.845,130.8083333
2016/11/30,8:19:31,福島県沖,37°13.4′N,141°31.0′E,37 km,4.2,震度１,37.22333333,141.5166667
2016/11/30,11:46:01,和歌山県北部,34°00.5′N,135°10.3′E,6 km,2.2,震度１,34.00833333,135.1716667
2016/11/30,12:32:47,福島県沖,37°12.4′N,141°25.7′E,30 km,4.5,震度２,37.20666667,141.4283333
2016/11/30,17:20:05,熊本県熊本地方,32°42.1′N,130°40.3′E,13 km,2.2,震度１,32.70166667,130.6716667
2016/11/30,20:12:33,福島県沖,37°19.7′N,141°34.4′E,32 km,3.8,震度１,37.32833333,141.5733333
2016/12/1,0:22:02,熊本県熊本地方,32°33.9′N,130°42.0′E,9 km,2.4,震度１,32.565,130.7
2016/12/1,11:12:35,福島県沖,37°14.2′N,141°33.7′E,34 km,4.2,震度２,37.23666667,141.5616667
2016/12/1,11:57:06,熊本県熊本地方,32°42.2′N,130°40.2′E,12 km,2.9,震度２,32.70333333,130.67
2016/12/1,14:03:55,福島県沖,37°14.1′N,141°26.0′E,28 km,4,震度１,37.235,141.4333333
2016/12/1,14:13:19,愛媛県南予,33°23.7′N,132°36.9′E,40 km,3.3,震度１,33.395,132.615
2016/12/1,15:05:16,釧路沖,43°06.3′N,145°19.1′E,97 km,3.9,震度１,43.105,145.3183333
2016/12/1,15:10:33,鳥取県東部,35°26.0′N,133°59.2′E,7 km,3.1,震度２,35.43333333,133.9866667
2016/12/1,16:06:23,鳥取県東部,35°26.0′N,133°59.2′E,7 km,2.7,震度１,35.43333333,133.9866667
2016/12/1,18:39:47,福島県沖,37°09.6′N,141°15.8′E,22 km,3.7,震度１,37.16,141.2633333
2016/12/1,19:07:20,鳥取県中部,35°24.7′N,133°50.5′E,7 km,2.3,震度２,35.41166667,133.8416667
2016/12/1,22:56:55,奈良県,34°26.7′N,136°00.3′E,40 km,2.8,震度１,34.445,136.005
2016/12/1,23:04:48,愛媛県南予,33°23.7′N,132°36.9′E,40 km,3.2,震度１,33.395,132.615
2016/12/2,2:43:56,熊本県熊本地方,32°41.5′N,130°42.4′E,14 km,3.1,震度２,32.69166667,130.7066667
2016/12/2,4:42:23,熊本県熊本地方,32°43.2′N,130°46.5′E,10 km,2.4,震度１,32.72,130.775
2016/12/2,5:22:51,茨城県北部,36°40.6′N,140°36.5′E,10 km,3,震度１,36.67666667,140.6083333
2016/12/2,6:06:50,北海道北西沖,44°39.7′N,141°32.0′E,262 km,4.3,震度１,44.66166667,141.5333333
2016/12/2,6:19:52,熊本県熊本地方,32°49.7′N,130°48.8′E,8 km,3.6,震度３,32.82833333,130.8133333
2016/12/2,8:03:22,福島県沖,37°23.0′N,141°37.9′E,27 km,4.6,震度２,37.38333333,141.6316667
2016/12/2,10:06:53,福島県沖,37°17.1′N,141°32.2′E,36 km,3.2,震度１,37.285,141.5366667
2016/12/2,15:35:00,熊本県熊本地方,32°40.9′N,130°44.6′E,12 km,3.1,震度２,32.68166667,130.7433333
2016/12/2,15:51:22,福島県沖,37°18.8′N,141°31.5′E,30 km,3.8,震度１,37.31333333,141.525
2016/12/2,18:41:46,日向灘,32°18.9′N,132°08.4′E,20 km,3.6,震度１,32.315,132.14
2016/12/2,18:56:50,熊本県天草・芦北地方,32°14.1′N,130°25.7′E,2 km,2.3,震度２,32.235,130.4283333
2016/12/2,22:09:55,宮古島近海,24°42.4′N,125°41.1′E,56 km,4.1,震度１,24.70666667,125.685
2016/12/3,5:16:24,東京湾,35°36.6′N,140°02.5′E,72 km,3.8,震度２,35.61,140.0416667
2016/12/3,5:50:26,熊本県熊本地方,32°50.7′N,130°51.0′E,12 km,2.2,震度１,32.845,130.85
2016/12/3,8:29:52,長野県南部,35°54.7′N,137°39.0′E,6 km,2.6,震度２,35.91166667,137.65
2016/12/4,8:34:40,福島県沖,37°09.5′N,141°29.2′E,28 km,4.7,震度２,37.15833333,141.4866667
2016/12/4,11:59:10,岩手県沖,40°20.9′N,142°11.1′E,45 km,3.6,震度１,40.34833333,142.185
2016/12/4,14:14:04,沖縄本島近海,26°24.2′N,127°46.9′E,14 km,2.9,震度１,26.40333333,127.7816667
2016/12/4,14:21:59,鳥取県中部,35°25.7′N,133°50.1′E,10 km,2.5,震度１,35.42833333,133.835
2016/12/4,14:33:06,福島県沖,37°09.6′N,141°29.9′E,27 km,4.7,震度２,37.16,141.4983333
2016/12/4,14:36:11,福島県沖,37°10.8′N,141°30.0′E,29 km,4.9,震度３,37.18,141.5
2016/12/4,18:47:14,熊本県熊本地方,32°39.8′N,130°44.0′E,11 km,2.5,震度２,32.66333333,130.7333333
2016/12/4,20:42:24,福島県沖,37°11.7′N,141°31.7′E,36 km,4.6,震度３,37.195,141.5283333
2016/12/4,22:28:20,熊本県熊本地方,32°35.5′N,130°44.8′E,7 km,2.6,震度１,32.59166667,130.7466667
2016/12/4,23:53:43,留萌地方中北部,44°54.9′N,141°46.7′E,18 km,2.9,震度２,44.915,141.7783333
2016/12/5,1:01:29,福島県会津,36°56.4′N,139°24.7′E,6 km,1.7,震度１,36.94,139.4116667
2016/12/5,2:48:33,宮城県沖,38°41.4′N,141°40.5′E,67 km,3.7,震度２,38.69,141.675
2016/12/5,5:43:35,福島県沖,37°44.7′N,141°26.7′E,61 km,4,震度２,37.745,141.445
2016/12/5,6:09:48,紀伊水道,33°47.3′N,134°54.2′E,14 km,3.1,震度１,33.78833333,134.9033333
2016/12/5,6:30:25,トカラ列島近海,29°11.7′N,129°17.9′E,16 km,3.3,震度１,29.195,129.2983333
2016/12/5,7:31:03,神奈川県西部,35°30.1′N,139°05.0′E,23 km,3,震度１,35.50166667,139.0833333
2016/12/5,11:20:57,伊豆大島近海,34°51.9′N,139°40.8′E,33 km,3.8,震度２,34.865,139.68
2016/12/5,11:52:05,熊本県熊本地方,32°34.0′N,130°43.4′E,9 km,3.7,震度３,32.56666667,130.7233333
2016/12/5,15:29:32,福島県沖,37°20.6′N,141°39.0′E,32 km,4.3,震度２,37.34333333,141.65
2016/12/6,2:49:34,大分県南部,32°47.2′N,131°55.9′E,54 km,3.3,震度１,32.78666667,131.9316667
2016/12/6,4:01:53,浦河沖,41°54.6′N,142°19.3′E,68 km,3.8,震度１,41.91,142.3216667
2016/12/6,6:24:17,熊本県熊本地方,32°47.9′N,130°42.8′E,5 km,2.2,震度２,32.79833333,130.7133333
2016/12/6,9:05:12,岐阜県飛騨地方,36°00.4′N,137°20.6′E,5 km,4.5,震度３,36.00666667,137.3433333
2016/12/6,9:18:40,岐阜県飛騨地方,36°00.3′N,137°20.6′E,6 km,2.6,震度１,36.005,137.3433333
2016/12/6,9:51:38,岐阜県飛騨地方,36°00.5′N,137°20.5′E,5 km,3,震度２,36.00833333,137.3416667
2016/12/6,10:20:16,熊本県熊本地方,32°48.0′N,130°43.0′E,6 km,1.6,震度１,32.8,130.7166667
2016/12/6,12:12:11,熊本県熊本地方,32°32.1′N,130°40.8′E,13 km,3.6,震度２,32.535,130.68
2016/12/6,12:16:27,熊本県熊本地方,32°47.0′N,130°40.2′E,11 km,2.6,震度１,32.78333333,130.67
2016/12/6,16:42:36,トカラ列島近海,29°10.4′N,129°18.1′E,15 km,2.7,震度１,29.17333333,129.3016667
2016/12/6,17:02:45,熊本県天草・芦北地方,32°37.4′N,130°39.6′E,11 km,2.6,震度１,32.62333333,130.66
2016/12/6,18:18:27,トカラ列島近海,29°10.3′N,129°18.8′E,14 km,2.1,震度２,29.17166667,129.3133333
2016/12/6,20:38:49,兵庫県南東部,34°55.8′N,134°55.5′E,11 km,3.4,震度２,34.93,134.925
2016/12/6,21:34:59,岩手県沖,39°04.4′N,142°23.2′E,35 km,3.4,震度１,39.07333333,142.3866667
2016/12/6,23:22:18,奄美大島近海,28°25.3′N,129°28.3′E,9 km,3.8,震度２,28.42166667,129.4716667
2016/12/7,1:46:42,熊本県熊本地方,32°31.4′N,130°37.3′E,3 km,2.9,震度３,32.52333333,130.6216667
2016/12/7,4:45:34,熊本県熊本地方,32°31.4′N,130°37.5′E,2 km,1.7,震度１,32.52333333,130.625
2016/12/7,5:45:54,トカラ列島近海,29°14.7′N,129°16.2′E,13 km,1.8,震度１,29.245,129.27
2016/12/7,5:46:42,トカラ列島近海,29°14.6′N,129°14.5′E,13 km,2.2,震度２,29.24333333,129.2416667
2016/12/7,5:48:11,トカラ列島近海,29°16.8′N,129°07.0′E,10 km,2.1,震度１,29.28,129.1166667
2016/12/7,5:49:28,トカラ列島近海,29°17.9′N,129°09.1′E,12 km,2.7,震度２,29.29833333,129.1516667
2016/12/7,5:51:34,トカラ列島近海,29°14.8′N,129°12.5′E,14 km,2.3,震度２,29.24666667,129.2083333
2016/12/7,5:52:30,トカラ列島近海,29°14.7′N,129°10.5′E,12 km,2,震度１,29.245,129.175
2016/12/7,5:53:33,トカラ列島近海,29°17.2′N,129°09.4′E,13 km,2.7,震度２,29.28666667,129.1566667
2016/12/7,5:54:51,トカラ列島近海,29°16.2′N,129°19.7′E,8 km,2.1,震度１,29.27,129.3283333
2016/12/7,5:58:33,トカラ列島近海,29°16.0′N,129°14.0′E,12 km,2.1,震度１,29.26666667,129.2333333
2016/12/7,6:12:53,福島県会津,36°56.4′N,139°24.5′E,6 km,2.7,震度２,36.94,139.4083333
2016/12/7,6:27:10,熊本県熊本地方,32°47.6′N,130°43.2′E,5 km,1.5,震度１,32.79333333,130.72
2016/12/7,8:17:19,宮城県沖,38°14.2′N,141°43.2′E,50 km,3.8,震度２,38.23666667,141.72
2016/12/7,10:29:18,奄美大島近海,27°37.7′N,129°07.2′E,21 km,3.4,震度１,27.62833333,129.12
2016/12/7,18:54:55,福島県沖,37°14.1′N,141°28.7′E,26 km,4.2,震度１,37.235,141.4783333
2016/12/7,19:14:17,青森県三八上北地方,40°55.6′N,141°12.6′E,10 km,2.4,震度１,40.92666667,141.21
2016/12/7,19:15:42,青森県三八上北地方,40°55.5′N,141°12.5′E,10 km,2.7,震度２,40.925,141.2083333
2016/12/7,22:29:20,福島県沖,37°48.4′N,141°54.8′E,35 km,3.7,震度１,37.80666667,141.9133333
2016/12/8,5:08:35,福島県沖,37°08.5′N,141°18.0′E,22 km,4.3,震度１,37.14166667,141.3
2016/12/8,9:07:55,薩摩半島西方沖,31°31.1′N,130°17.2′E,5 km,2.2,震度１,31.51833333,130.2866667
2016/12/8,12:18:12,宮古島近海,25°03.0′N,125°39.6′E,66 km,4.9,震度２,25.05,125.66
2016/12/8,13:25:12,宮城県沖,38°37.0′N,141°53.7′E,48 km,4,震度２,38.61666667,141.895
2016/12/8,15:14:39,北海道南西沖,42°16.0′N,139°28.0′E,10 km,2.9,震度１,42.26666667,139.4666667
2016/12/8,15:58:04,福島県沖,37°19.4′N,141°32.2′E,31 km,3.6,震度１,37.32333333,141.5366667
2016/12/8,17:15:48,福島県沖,37°23.1′N,141°33.7′E,29 km,4.9,震度３,37.385,141.5616667
2016/12/8,19:15:49,福島県沖,37°08.5′N,141°15.8′E,63 km,3.8,震度２,37.14166667,141.2633333
2016/12/8,19:58:55,北海道西方沖,43°32.6′N,140°43.2′E,11 km,4.5,震度２,43.54333333,140.72
2016/12/8,19:59:22,トカラ列島近海,29°13.3′N,129°08.7′E,12 km,3.5,震度３,29.22166667,129.145
2016/12/8,20:11:09,トカラ列島近海,29°13.4′N,129°09.8′E,11 km,3,震度２,29.22333333,129.1633333
2016/12/8,20:12:01,トカラ列島近海,29°15.3′N,129°12.2′E,7 km,2.8,震度１,29.255,129.2033333
2016/12/8,20:14:44,トカラ列島近海,29°13.1′N,129°09.5′E,11 km,2.9,震度２,29.21833333,129.1583333
2016/12/8,20:16:14,トカラ列島近海,29°10.3′N,129°05.9′E,6 km,2.3,震度１,29.17166667,129.0983333
2016/12/8,20:30:29,トカラ列島近海,29°12.4′N,129°09.3′E,11 km,2.6,震度１,29.20666667,129.155
2016/12/8,20:39:40,トカラ列島近海,29°14.1′N,129°08.4′E,11 km,3.2,震度３,29.235,129.14
2016/12/8,20:55:24,トカラ列島近海,29°14.4′N,129°09.2′E,12 km,2.3,震度１,29.24,129.1533333
2016/12/8,21:01:49,トカラ列島近海,29°11.7′N,129°07.6′E,9 km,2.4,震度１,29.195,129.1266667
2016/12/8,21:38:47,トカラ列島近海,29°13.3′N,129°08.5′E,7 km,2.6,震度１,29.22166667,129.1416667
2016/12/8,21:40:16,トカラ列島近海,29°12.5′N,129°06.2′E,5 km,2.7,震度１,29.20833333,129.1033333
2016/12/8,22:06:30,トカラ列島近海,29°11.5′N,129°09.3′E,9 km,3,震度１,29.19166667,129.155
2016/12/8,22:42:34,トカラ列島近海,29°11.4′N,129°08.3′E,8 km,2.4,震度１,29.19,129.1383333
2016/12/8,23:31:40,トカラ列島近海,29°12.6′N,129°09.7′E,11 km,3.7,震度３,29.21,129.1616667
2016/12/8,23:33:25,トカラ列島近海,29°10.4′N,129°16.4′E,12 km,3,震度１,29.17333333,129.2733333
2016/12/8,23:36:50,トカラ列島近海,29°11.6′N,129°08.0′E,11 km,2.4,震度１,29.19333333,129.1333333
2016/12/8,23:41:25,トカラ列島近海,29°10.8′N,129°06.2′E,6 km,3.3,震度２,29.18,129.1033333
2016/12/8,23:42:23,トカラ列島近海,29°12.1′N,129°08.3′E,9 km,3.2,震度２,29.20166667,129.1383333
2016/12/8,23:54:08,トカラ列島近海,29°11.5′N,129°07.4′E,8 km,3,震度１,29.19166667,129.1233333
2016/12/9,0:01:30,トカラ列島近海,29°10.1′N,129°10.9′E,11 km,2.5,震度２,29.16833333,129.1816667
2016/12/9,0:05:22,トカラ列島近海,29°10.2′N,129°11.3′E,11 km,2.3,震度１,29.17,129.1883333
2016/12/9,0:09:48,トカラ列島近海,29°10.8′N,129°09.7′E,10 km,2.9,震度１,29.18,129.1616667
2016/12/9,0:16:38,トカラ列島近海,29°11.3′N,129°09.2′E,9 km,2.7,震度１,29.18833333,129.1533333
2016/12/9,0:18:19,トカラ列島近海,29°12.3′N,129°08.4′E,10 km,2.7,震度１,29.205,129.14
2016/12/9,0:21:30,トカラ列島近海,29°11.5′N,129°10.5′E,11 km,2.4,震度１,29.19166667,129.175
2016/12/9,1:13:11,三重県南部,34°14.7′N,136°23.8′E,34 km,3.5,震度１,34.245,136.3966667
2016/12/9,3:14:47,根室地方北部,44°02.8′N,145°04.2′E,1 km,2.5,震度２,44.04666667,145.07
2016/12/9,4:34:19,福島県沖,37°18.6′N,141°38.4′E,29 km,3.7,震度１,37.31,141.64
2016/12/9,7:37:11,熊本県熊本地方,32°43.5′N,130°45.7′E,10 km,2,震度１,32.725,130.7616667
2016/12/9,18:31:23,福島県沖,37°06.0′N,141°23.1′E,34 km,3.7,震度１,37.1,141.385
2016/12/9,20:02:29,鳥取県中部,35°25.9′N,133°50.5′E,7 km,2.1,震度１,35.43166667,133.8416667
2016/12/9,21:13:48,熊本県熊本地方,32°48.3′N,130°42.1′E,7 km,1.2,震度１,32.805,130.7016667
2016/12/10,0:10:42,熊本県熊本地方,32°32.8′N,130°38.3′E,9 km,2.7,震度１,32.54666667,130.6383333
2016/12/10,0:58:28,熊本県熊本地方,32°35.7′N,130°39.5′E,13 km,3,震度２,32.595,130.6583333
2016/12/10,8:31:29,茨城県沖,36°26.4′N,141°10.5′E,51 km,3.3,震度１,36.44,141.175
2016/12/10,9:09:11,島根県西部,35°09.6′N,132°33.7′E,9 km,3.2,震度２,35.16,132.5616667
2016/12/10,12:28:21,西表島付近,24°16.1′N,123°38.6′E,16 km,3.2,震度２,24.26833333,123.6433333
2016/12/10,13:44:55,岩手県沖,40°07.0′N,142°27.2′E,34 km,4.8,震度３,40.11666667,142.4533333
2016/12/10,13:48:48,岩手県沖,40°06.7′N,142°26.9′E,35 km,3.8,震度１,40.11166667,142.4483333
2016/12/10,18:18:50,トカラ列島近海,29°11.7′N,129°16.2′E,16 km,3.8,震度２,29.195,129.27
2016/12/11,1:27:29,釧路地方中南部,43°20.9′N,143°59.4′E,3 km,3.3,震度１,43.34833333,143.99
2016/12/11,4:58:40,鳥取県中部,35°26.4′N,133°49.5′E,11 km,3.2,震度２,35.44,133.825
2016/12/11,9:37:44,福島県沖,37°21.9′N,141°18.6′E,86 km,3.6,震度１,37.365,141.31
2016/12/11,10:06:28,福島県沖,37°12.2′N,141°33.7′E,36 km,3.6,震度１,37.20333333,141.5616667
2016/12/11,15:30:57,留萌地方中北部,44°50.0′N,141°51.7′E,26 km,2.8,震度２,44.83333333,141.8616667
2016/12/11,17:34:26,留萌地方中北部,44°50.1′N,141°51.2′E,26 km,3.2,震度２,44.835,141.8533333
2016/12/12,0:48:27,熊本県熊本地方,32°48.4′N,130°42.2′E,6 km,2.1,震度２,32.80666667,130.7033333
2016/12/12,4:16:21,福島県沖,37°10.9′N,141°31.9′E,30 km,3.5,震度１,37.18166667,141.5316667
2016/12/12,5:12:51,熊本県熊本地方,32°32.9′N,130°38.7′E,9 km,2.3,震度１,32.54833333,130.645
2016/12/12,8:59:35,長野県中部,36°17.0′N,137°51.4′E,5 km,2.3,震度１,36.28333333,137.8566667
2016/12/12,13:41:22,新潟県中越地方,37°06.4′N,138°38.6′E,7 km,2,震度１,37.10666667,138.6433333
2016/12/12,15:39:57,福島県沖,37°04.1′N,141°21.8′E,32 km,3.7,震度１,37.06833333,141.3633333
2016/12/12,18:10:51,新潟県中越地方,37°06.6′N,138°38.7′E,9 km,1.6,震度１,37.11,138.645
2016/12/12,20:42:13,福島県沖,37°06.7′N,141°15.1′E,59 km,3.5,震度１,37.11166667,141.2516667
2016/12/13,4:55:53,熊本県熊本地方,32°39.6′N,130°43.3′E,8 km,2,震度２,32.66,130.7216667
2016/12/13,5:26:14,福島県沖,37°16.9′N,141°33.8′E,34 km,3.4,震度１,37.28166667,141.5633333
2016/12/13,6:02:15,千葉県東方沖,35°49.7′N,140°54.8′E,35 km,3.6,震度１,35.82833333,140.9133333
2016/12/13,8:04:20,茨城県北部,36°49.1′N,140°21.3′E,111 km,3.3,震度１,36.81833333,140.355
2016/12/13,18:13:06,岐阜県飛騨地方,36°00.3′N,137°20.6′E,5 km,3,震度１,36.005,137.3433333
2016/12/13,21:59:43,豊後水道,33°16.8′N,132°00.7′E,53 km,3.5,震度１,33.28,132.0116667
2016/12/13,22:21:59,神奈川県西部,35°18.6′N,139°04.1′E,13 km,2.8,震度１,35.31,139.0683333
2016/12/14,3:08:58,鳥取県中部,35°24.0′N,133°53.4′E,11 km,2.6,震度１,35.4,133.89
2016/12/14,16:56:44,茨城県沖,36°32.0′N,140°53.5′E,49 km,2.9,震度１,36.53333333,140.8916667
2016/12/14,17:42:45,留萌地方中北部,44°49.9′N,141°51.9′E,26 km,2.2,震度１,44.83166667,141.865
2016/12/14,22:51:41,福島県沖,37°20.9′N,141°37.6′E,32 km,3.7,震度１,37.34833333,141.6266667
2016/12/15,4:57:56,福島県沖,37°12.1′N,141°27.8′E,31 km,3.7,震度１,37.20166667,141.4633333
2016/12/15,10:07:47,福島県会津,36°57.8′N,139°23.1′E,5 km,1.6,震度１,36.96333333,139.385
2016/12/15,10:31:11,鳥取県中部,35°22.9′N,133°48.5′E,3 km,2.4,震度１,35.38166667,133.8083333
2016/12/15,10:41:24,岐阜県飛騨地方,36°00.5′N,137°20.7′E,5 km,2.9,震度１,36.00833333,137.345
2016/12/15,13:30:37,熊本県熊本地方,32°48.5′N,130°42.3′E,5 km,1.7,震度１,32.80833333,130.705
2016/12/15,14:27:35,千葉県東方沖,35°49.1′N,140°54.6′E,12 km,4.2,震度２,35.81833333,140.91
2016/12/15,19:17:56,福島県沖,37°13.3′N,141°29.0′E,31 km,3.8,震度１,37.22166667,141.4833333
2016/12/15,22:59:05,茨城県沖,36°35.4′N,140°57.3′E,47 km,3,震度１,36.59,140.955
2016/12/16,2:48:58,福島県沖,37°16.6′N,141°33.9′E,33 km,4.2,震度１,37.27666667,141.565
2016/12/16,5:22:54,和歌山県北部,34°11.0′N,135°35.3′E,68 km,3.6,震度１,34.18333333,135.5883333
2016/12/16,15:52:32,福島県沖,37°26.2′N,141°41.7′E,46 km,3.9,震度１,37.43666667,141.695
2016/12/16,19:37:38,宮城県沖,38°41.9′N,141°48.0′E,53 km,2.8,震度１,38.69833333,141.8
2016/12/17,9:28:16,熊本県熊本地方,32°28.9′N,130°37.4′E,10 km,3,震度１,32.48166667,130.6233333
2016/12/17,12:20:14,宮崎県南部山沿い,32°00.7′N,131°02.4′E,97 km,3.7,震度１,32.01166667,131.04
2016/12/17,22:03:48,青森県東方沖,40°44.3′N,142°38.9′E,31 km,3.9,震度１,40.73833333,142.6483333
2016/12/18,6:41:34,鳥取県中部,35°22.4′N,133°43.8′E,4 km,1.8,震度１,35.37333333,133.73
2016/12/18,7:01:54,鳥取県中部,35°22.4′N,133°43.9′E,4 km,2.3,震度１,35.37333333,133.7316667
2016/12/18,7:45:49,鳥取県中部,35°25.1′N,133°50.1′E,14 km,2.3,震度１,35.41833333,133.835
2016/12/18,7:52:33,鳥取県中部,35°22.4′N,133°43.8′E,4 km,2.2,震度１,35.37333333,133.73
2016/12/18,11:59:17,熊本県熊本地方,32°50.6′N,130°48.9′E,13 km,2.3,震度１,32.84333333,130.815
2016/12/18,13:14:28,有明海,32°44.0′N,130°36.4′E,12 km,2.9,震度１,32.73333333,130.6066667
2016/12/18,16:55:27,鳥取県中部,35°24.9′N,133°50.1′E,14 km,3.6,震度３,35.415,133.835
2016/12/18,16:57:20,鳥取県中部,35°24.9′N,133°50.2′E,13 km,2.9,震度２,35.415,133.8366667
2016/12/18,17:53:16,福島県沖,37°14.7′N,141°21.0′E,22 km,3.9,震度１,37.245,141.35
2016/12/18,21:51:00,岐阜県飛騨地方,36°07.5′N,137°12.1′E,8 km,2.8,震度１,36.125,137.2016667
2016/12/19,0:02:50,福島県沖,37°12.9′N,141°30.7′E,35 km,3.9,震度１,37.215,141.5116667
2016/12/19,3:29:47,青森県津軽南部,40°35.1′N,139°57.8′E,3 km,1.9,震度１,40.585,139.9633333
2016/12/19,5:12:46,福島県沖,37°12.3′N,141°29.2′E,31 km,4.2,震度２,37.205,141.4866667
2016/12/19,15:48:41,父島近海,26°42.7′N,142°29.9′E,14 km,4.2,震度１,26.71166667,142.4983333
2016/12/19,16:21:36,茨城県沖,36°25.9′N,140°40.8′E,52 km,3.8,震度２,36.43166667,140.68
2016/12/20,1:41:11,福島県沖,37°18.5′N,141°38.3′E,33 km,5.5,震度３,37.30833333,141.6383333
2016/12/20,14:02:46,鹿児島湾,31°23.5′N,130°36.8′E,9 km,3,震度２,31.39166667,130.6133333
2016/12/20,14:49:30,熊本県熊本地方,32°40.5′N,130°42.9′E,11 km,2.4,震度１,32.675,130.715
2016/12/20,21:37:46,沖縄本島近海,27°17.1′N,128°29.7′E,14 km,2.8,震度１,27.285,128.495
2016/12/21,0:27:27,岩手県沖,39°38.3′N,142°06.1′E,48 km,3.5,震度１,39.63833333,142.1016667
2016/12/21,3:55:43,鹿児島県薩摩地方,31°56.2′N,130°47.6′E,1 km,1.7,震度１,31.93666667,130.7933333
2016/12/21,20:34:11,トカラ列島近海,29°11.6′N,129°16.0′E,16 km,3.9,震度２,29.19333333,129.2666667
2016/12/21,20:36:12,トカラ列島近海,29°09.7′N,129°18.6′E,11 km,2.9,震度１,29.16166667,129.31
2016/12/21,22:16:01,トカラ列島近海,29°11.9′N,129°15.5′E,14 km,2.2,震度１,29.19833333,129.2583333
2016/12/21,22:24:07,トカラ列島近海,29°11.3′N,129°16.6′E,13 km,2.6,震度１,29.18833333,129.2766667
2016/12/22,2:59:56,和歌山県北部,34°14.7′N,135°26.8′E,7 km,2.6,震度１,34.245,135.4466667
2016/12/22,3:02:55,和歌山県北部,34°14.7′N,135°26.7′E,8 km,2.9,震度１,34.245,135.445
2016/12/22,5:54:49,熊本県阿蘇地方,32°59.3′N,131°03.7′E,8 km,2.6,震度１,32.98833333,131.0616667
2016/12/22,14:48:12,福島県沖,37°08.4′N,141°15.6′E,22 km,3.5,震度１,37.14,141.26
2016/12/22,17:53:43,熊本県熊本地方,32°41.9′N,130°43.8′E,14 km,2.5,震度１,32.69833333,130.73
2016/12/22,18:29:35,千葉県北東部,35°29.2′N,140°24.3′E,31 km,2.6,震度１,35.48666667,140.405
2016/12/22,21:52:05,熊本県熊本地方,32°38.2′N,130°42.7′E,10 km,2.3,震度１,32.63666667,130.7116667
2016/12/23,4:55:42,茨城県北部,36°37.2′N,140°39.4′E,9 km,2.4,震度１,36.62,140.6566667
2016/12/23,7:36:19,和歌山県北部,34°04.7′N,135°09.2′E,7 km,2.3,震度１,34.07833333,135.1533333
2016/12/23,10:55:47,和歌山県北部,34°02.4′N,135°16.6′E,6 km,1.6,震度１,34.04,135.2766667
2016/12/23,11:27:34,福島県沖,37°20.8′N,141°38.1′E,34 km,4.5,震度３,37.34666667,141.635
2016/12/23,15:30:18,熊本県熊本地方,33°02.3′N,130°50.6′E,4 km,2.4,震度１,33.03833333,130.8433333
2016/12/23,16:44:22,熊本県熊本地方,32°33.6′N,130°41.5′E,3 km,2.5,震度１,32.56,130.6916667
2016/12/23,17:51:12,熊本県熊本地方,32°33.6′N,130°41.5′E,4 km,2.1,震度１,32.56,130.6916667
2016/12/24,2:25:03,福島県沖,36°43.6′N,141°51.1′E,40 km,5.1,震度３,36.72666667,141.8516667
2016/12/24,6:04:12,福島県沖,36°44.0′N,141°50.1′E,54 km,4.5,震度１,36.73333333,141.835
2016/12/24,8:10:29,トカラ列島近海,29°14.2′N,129°11.1′E,13 km,3,震度３,29.23666667,129.185
2016/12/24,8:11:28,トカラ列島近海,29°12.7′N,129°09.4′E,12 km,1.9,震度１,29.21166667,129.1566667
2016/12/24,8:14:51,トカラ列島近海,29°15.9′N,129°07.8′E,11 km,1.4,震度１,29.265,129.13
2016/12/24,8:16:11,トカラ列島近海,29°12.0′N,129°16.4′E,14 km,3.5,震度４,29.2,129.2733333
2016/12/24,8:17:39,トカラ列島近海,29°14.0′N,129°07.9′E,12 km,3,震度４,29.23333333,129.1316667
2016/12/24,8:18:19,トカラ列島近海,29°14.7′N,129°11.5′E,9 km,2.1,震度１,29.245,129.1916667
2016/12/24,8:19:51,トカラ列島近海,29°13.6′N,129°05.9′E,9 km,3,震度３,29.22666667,129.0983333
2016/12/24,8:39:46,トカラ列島近海,29°12.3′N,129°16.0′E,10 km,2,震度１,29.205,129.2666667
2016/12/24,8:54:13,トカラ列島近海,29°12.4′N,129°15.8′E,11 km,2.1,震度１,29.20666667,129.2633333
2016/12/24,8:57:25,トカラ列島近海,29°13.0′N,129°11.0′E,12 km,1.8,震度１,29.21666667,129.1833333
2016/12/24,8:58:18,トカラ列島近海,29°13.5′N,129°14.6′E,10 km,1.8,震度１,29.225,129.2433333
2016/12/24,11:18:19,トカラ列島近海,29°14.4′N,129°08.1′E,11 km,1.8,震度１,29.24,129.135
2016/12/24,11:21:37,トカラ列島近海,29°15.1′N,129°10.6′E,11 km,2,震度１,29.25166667,129.1766667
2016/12/24,12:44:26,愛知県西部,35°18.9′N,137°02.9′E,44 km,3.3,震度１,35.315,137.0483333
2016/12/24,16:04:33,宮城県沖,38°50.7′N,142°06.8′E,44 km,3.8,震度２,38.845,142.1133333
2016/12/24,18:21:11,福島県沖,36°43.2′N,141°49.7′E,56 km,4.3,震度１,36.72,141.8283333
2016/12/24,18:40:13,上川地方南部,43°27.3′N,142°27.3′E,179 km,4.2,震度１,43.455,142.455
2016/12/24,18:41:42,周防灘,33°47.4′N,131°29.4′E,15 km,2.8,震度１,33.79,131.49
2016/12/24,20:47:41,東京湾,35°37.8′N,140°02.5′E,70 km,3.8,震度２,35.63,140.0416667
2016/12/25,1:15:22,留萌地方中北部,44°50.2′N,141°51.5′E,26 km,3.3,震度２,44.83666667,141.8583333
2016/12/25,1:58:27,福島県沖,36°45.2′N,141°48.7′E,59 km,4,震度１,36.75333333,141.8116667
2016/12/25,2:44:16,宮城県沖,38°43.7′N,142°25.6′E,32 km,3.6,震度１,38.72833333,142.4266667
2016/12/25,2:50:37,沖縄本島近海,26°36.1′N,127°09.1′E,16 km,2.9,震度１,26.60166667,127.1516667
2016/12/25,5:17:26,奄美大島近海,28°23.1′N,130°04.1′E,28 km,2.9,震度１,28.385,130.0683333
2016/12/26,0:27:05,千葉県東方沖,35°24.1′N,140°24.9′E,56 km,2.9,震度１,35.40166667,140.415
2016/12/26,2:31:46,福島県会津,36°56.4′N,139°24.5′E,5 km,2.7,震度２,36.94,139.4083333
2016/12/26,4:52:42,茨城県南部,35°59.9′N,139°55.5′E,41 km,4.2,震度３,35.99833333,139.925
2016/12/26,5:39:01,福島県沖,37°13.4′N,141°17.9′E,22 km,3.6,震度１,37.22333333,141.2983333
2016/12/26,6:53:21,西表島付近,24°25.4′N,123°38.4′E,8 km,3.3,震度１,24.42333333,123.64
2016/12/26,7:34:54,鳥取県中部,35°24.2′N,133°50.4′E,5 km,1.7,震度１,35.40333333,133.84
2016/12/26,9:49:33,高知県中部,33°44.2′N,133°54.6′E,10 km,3.6,震度３,33.73666667,133.91
2016/12/26,11:39:14,熊本県熊本地方,32°35.1′N,130°38.8′E,11 km,2.4,震度１,32.585,130.6466667
2016/12/26,18:38:47,茨城県北部,36°46.8′N,140°34.2′E,8 km,3.5,震度２,36.78,140.57
2016/12/27,3:02:38,熊本県熊本地方,32°44.6′N,130°49.2′E,14 km,2.6,震度１,32.74333333,130.82
2016/12/27,7:17:56,岡山県北部,35°19.7′N,133°43.1′E,5 km,2.4,震度１,35.32833333,133.7183333
2016/12/27,16:12:36,根室地方中部,43°24.2′N,145°14.6′E,88 km,3.1,震度１,43.40333333,145.2433333
2016/12/27,19:45:30,福島県沖,37°13.8′N,141°27.4′E,32 km,4.1,震度２,37.23,141.4566667
2016/12/27,20:31:08,鳥取県中部,35°24.9′N,133°50.2′E,14 km,3.5,震度３,35.415,133.8366667
2016/12/27,20:32:03,鳥取県中部,35°24.7′N,133°50.1′E,13 km,3.5,震度２,35.41166667,133.835
2016/12/27,20:48:36,茨城県沖,36°20.2′N,141°00.0′E,46 km,3.9,震度１,36.33666667,141
2016/12/28,5:12:20,五島列島近海,32°29.8′N,129°12.9′E,3 km,4.4,震度２,32.49666667,129.215
2016/12/28,6:54:53,有明海,32°48.5′N,130°34.3′E,13 km,2.7,震度１,32.80833333,130.5716667
2016/12/28,9:25:18,有明海,33°00.6′N,130°15.4′E,14 km,2.3,震度１,33.01,130.2566667
2016/12/28,11:46:09,北海道東方沖,43°31.1′N,147°29.6′E,29 km,4.3,震度１,43.51833333,147.4933333
2016/12/28,16:40:16,根室半島南東沖,42°57.9′N,146°31.2′E,46 km,3.8,震度１,42.965,146.52
2016/12/28,19:29:42,茨城県南部,36°02.9′N,139°55.5′E,44 km,3.5,震度２,36.04833333,139.925
2016/12/28,21:32:47,留萌地方中北部,44°50.0′N,141°51.9′E,26 km,2.6,震度１,44.83333333,141.865
2016/12/28,21:38:49,茨城県北部,36°43.2′N,140°34.4′E,11 km,6.3,震度６弱,36.72,140.5733333
2016/12/28,21:40:53,茨城県北部,36°44.6′N,140°34.4′E,12 km,3.4,震度１,36.74333333,140.5733333
2016/12/28,21:41:57,茨城県北部,36°46.7′N,140°35.5′E,6 km,3.4,震度２,36.77833333,140.5916667
2016/12/28,21:46:21,茨城県北部,36°44.9′N,140°35.1′E,9 km,3.6,震度２,36.74833333,140.585
2016/12/28,21:48:02,茨城県北部,36°41.2′N,140°37.2′E,5 km,2.6,震度１,36.68666667,140.62
2016/12/28,21:48:16,茨城県北部,36°47.1′N,140°34.7′E,7 km,2.8,震度１,36.785,140.5783333
2016/12/28,21:53:12,茨城県北部,36°42.6′N,140°38.1′E,6 km,4.7,震度４,36.71,140.635
2016/12/28,21:57:56,茨城県北部,36°47.5′N,140°34.0′E,6 km,3.6,震度２,36.79166667,140.5666667
2016/12/28,21:58:34,茨城県北部,36°46.5′N,140°33.7′E,9 km,3,震度１,36.775,140.5616667
2016/12/28,22:03:06,茨城県北部,36°45.3′N,140°37.5′E,2 km,2.9,震度１,36.755,140.625
2016/12/28,22:12:43,茨城県北部,36°46.1′N,140°36.2′E,4 km,3.1,震度１,36.76833333,140.6033333
2016/12/28,22:44:46,茨城県北部,36°41.5′N,140°38.4′E,7 km,3.3,震度１,36.69166667,140.64
2016/12/28,22:46:14,硫黄島近海,25°15.1′N,141°04.7′E,192 km,5.3,震度１,25.25166667,141.0783333
2016/12/28,23:19:27,熊本県熊本地方,32°47.6′N,130°40.7′E,7 km,2,震度１,32.79333333,130.6783333
2016/12/28,23:27:29,茨城県北部,36°41.8′N,140°35.1′E,9 km,3.2,震度２,36.69666667,140.585
2016/12/28,23:48:52,茨城県北部,36°52.2′N,140°38.7′E,5 km,3.4,震度１,36.87,140.645
2016/12/28,23:51:51,茨城県北部,36°46.9′N,140°37.0′E,4 km,2.8,震度１,36.78166667,140.6166667
2016/12/29,0:38:29,茨城県北部,36°42.3′N,140°35.8′E,10 km,2.6,震度１,36.705,140.5966667
2016/12/29,1:28:36,茨城県北部,36°42.4′N,140°35.2′E,10 km,2.6,震度１,36.70666667,140.5866667
2016/12/29,1:35:45,茨城県北部,36°42.3′N,140°36.9′E,7 km,2.6,震度１,36.705,140.615
2016/12/29,2:37:41,茨城県北部,36°41.8′N,140°38.4′E,5 km,3.2,震度２,36.69666667,140.64
2016/12/29,8:29:54,茨城県北部,36°43.3′N,140°37.5′E,7 km,2.9,震度１,36.72166667,140.625
2016/12/29,9:12:23,茨城県北部,36°44.6′N,140°36.3′E,5 km,3.3,震度１,36.74333333,140.605
2016/12/29,13:41:11,茨城県北部,36°46.8′N,140°33.4′E,8 km,4,震度３,36.78,140.5566667
2016/12/29,17:03:03,茨城県北部,36°42.0′N,140°35.2′E,9 km,2.8,震度１,36.7,140.5866667
2016/12/29,18:28:32,千葉県東方沖,35°49.0′N,140°54.2′E,12 km,3.2,震度１,35.81666667,140.9033333
2016/12/29,20:11:02,茨城県北部,36°40.4′N,140°37.9′E,7 km,2.8,震度１,36.67333333,140.6316667
2016/12/29,21:09:52,宮城県沖,38°14.2′N,141°41.5′E,50 km,3.7,震度１,38.23666667,141.6916667
2016/12/29,21:46:52,岩手県沿岸北部,39°45.5′N,141°51.2′E,58 km,3.6,震度１,39.75833333,141.8533333
2016/12/30,2:46:50,福島県沖,36°56.8′N,141°05.4′E,51 km,3,震度１,36.94666667,141.09
2016/12/30,7:52:42,熊本県熊本地方,32°33.0′N,130°40.9′E,9 km,2.6,震度１,32.55,130.6816667
2016/12/30,12:03:47,宮城県沖,38°41.0′N,142°16.1′E,39 km,4.2,震度１,38.68333333,142.2683333
2016/12/30,15:01:24,茨城県北部,36°44.0′N,140°37.9′E,6 km,3,震度２,36.73333333,140.6316667
2016/12/30,17:33:10,宮城県沖,38°53.4′N,141°58.2′E,49 km,3.8,震度２,38.89,141.97
2016/12/30,17:33:16,長野県北部,36°40.0′N,138°25.7′E,2 km,1.8,震度１,36.66666667,138.4283333
2016/12/30,18:23:23,宮城県沖,38°44.7′N,142°03.1′E,56 km,3.8,震度１,38.745,142.0516667
2016/12/30,20:52:36,茨城県北部,36°44.0′N,140°35.8′E,9 km,3,震度１,36.73333333,140.5966667
2016/12/30,20:54:57,茨城県北部,36°45.4′N,140°34.5′E,10 km,3.9,震度２,36.75666667,140.575
2016/12/31,4:22:14,熊本県熊本地方,32°35.7′N,130°39.6′E,5 km,2.1,震度１,32.595,130.66
2016/12/31,5:08:28,福島県沖,37°21.3′N,141°24.5′E,27 km,5.4,震度４,37.355,141.4083333
2016/12/31,15:48:32,茨城県北部,36°48.0′N,140°32.8′E,12 km,3.8,震度２,36.8,140.5466667
2016/12/31,15:58:33,岡山県南部,34°47.0′N,134°19.6′E,10 km,2.6,震度１,34.78333333,134.3266667
2016/12/31,17:32:17,西表島付近,24°01.5′N,123°37.2′E,21 km,3.3,震度１,24.025,123.62
2016/12/31,17:48:35,茨城県北部,36°48.0′N,140°32.1′E,10 km,2.9,震度１,36.8,140.535
2016/12/31,18:39:18,茨城県沖,36°36.4′N,140°48.6′E,88 km,3.7,震度１,36.60666667,140.81
2016/12/31,19:59:03,茨城県北部,36°44.2′N,140°36.2′E,6 km,3,震度１,36.73666667,140.6033333
2016/12/31,20:59:42,熊本県熊本地方,32°39.4′N,130°41.5′E,9 km,1.9,震度１,32.65666667,130.6916667
