date,time,epicenter,緯度,経度,depth,magnitude,maxshindo,lat,lng
2019/1/1,4:04:29,根室半島南東沖,43°20.0′N,146°05.4′E,51 km,3.2,震度１,43.33333333,146.09
2019/1/1,6:53:36,千葉県東方沖,35°41.1′N,140°45.5′E,47 km,3.5,震度１,35.685,140.7583333
2019/1/1,10:01:45,日向灘,32°04.1′N,131°50.0′E,34 km,3.1,震度１,32.06833333,131.8333333
2019/1/1,18:45:56,石垣島近海,24°11.5′N,124°14.0′E,14 km,4.2,震度１,24.19166667,124.2333333
2019/1/1,18:55:13,石垣島近海,24°10.9′N,124°14.6′E,14 km,4.2,震度１,24.18166667,124.2433333
2019/1/2,0:09:56,宮城県沖,38°53.4′N,142°04.6′E,45 km,3.6,震度１,38.89,142.0766667
2019/1/2,7:05:38,千葉県北西部,35°43.9′N,140°12.0′E,66 km,3.6,震度１,35.73166667,140.2
2019/1/2,17:47:14,茨城県沖,36°42.5′N,140°57.1′E,32 km,3.8,震度２,36.70833333,140.9516667
2019/1/2,18:44:26,茨城県南部,36°10.4′N,140°06.7′E,51 km,3.9,震度２,36.17333333,140.1116667
2019/1/2,21:25:59,岩手県沖,40°07.7′N,142°28.4′E,34 km,3.8,震度１,40.12833333,142.4733333
2019/1/2,23:24:38,宮城県沖,38°51.2′N,142°02.8′E,45 km,3.6,震度１,38.85333333,142.0466667
2019/1/3,17:24:49,愛媛県南予,33°28.0′N,132°17.8′E,47 km,3.2,震度１,33.46666667,132.2966667
2019/1/3,17:49:03,茨城県沖,36°50.9′N,141°19.6′E,43 km,3.6,震度１,36.84833333,141.3266667
2019/1/3,18:10:28,熊本県熊本地方,33°01.6′N,130°33.2′E,10 km,5.1,震度６弱,33.02666667,130.5533333
2019/1/3,18:19:49,熊本県熊本地方,33°01.6′N,130°32.9′E,11 km,2.4,震度１,33.02666667,130.5483333
2019/1/3,18:48:55,熊本県熊本地方,33°01.5′N,130°33.5′E,11 km,3.2,震度２,33.025,130.5583333
2019/1/3,20:28:24,福島県沖,37°21.6′N,141°26.6′E,35 km,3.8,震度１,37.36,141.4433333
2019/1/4,9:57:15,日向灘,32°11.6′N,131°57.5′E,20 km,2.9,震度１,32.19333333,131.9583333
2019/1/4,15:21:39,熊本県熊本地方,32°39.7′N,130°40.2′E,11 km,2.6,震度２,32.66166667,130.67
2019/1/4,20:39:32,神奈川県東部,35°24.7′N,139°33.3′E,114 km,3.5,震度１,35.41166667,139.555
2019/1/4,22:38:19,岩手県沖,39°20.4′N,142°03.8′E,48 km,3.7,震度１,39.34,142.0633333
2019/1/4,23:56:53,沖縄本島近海,26°34.7′N,127°55.0′E,14 km,2.9,震度１,26.57833333,127.9166667
2019/1/5,11:10:24,新潟県下越沖,38°31.3′N,139°26.7′E,10 km,3,震度１,38.52166667,139.445
2019/1/5,14:28:20,熊本県熊本地方,33°00.9′N,130°34.3′E,10 km,2.4,震度１,33.015,130.5716667
2019/1/5,15:32:19,鹿児島湾,31°13.9′N,130°41.2′E,109 km,4,震度２,31.23166667,130.6866667
2019/1/5,18:17:28,熊本県熊本地方,33°01.5′N,130°33.0′E,11 km,3.2,震度２,33.025,130.55
2019/1/5,20:52:34,トカラ列島近海,29°12.9′N,129°09.6′E,10 km,2.8,震度１,29.215,129.16
2019/1/5,21:05:55,トカラ列島近海,29°13.1′N,129°08.6′E,10 km,2.8,震度１,29.21833333,129.1433333
2019/1/6,3:06:11,熊本県熊本地方,32°44.2′N,130°41.4′E,11 km,1.8,震度１,32.73666667,130.69
2019/1/6,7:54:13,小笠原諸島東方沖,26°24.0′N,144°44.5′E,0 km,5.9,震度１,26.4,144.7416667
2019/1/6,7:56:18,熊本県熊本地方,32°33.4′N,130°42.9′E,8 km,2.6,震度１,32.55666667,130.715
2019/1/6,14:22:19,熊本県熊本地方,32°44.2′N,130°41.3′E,11 km,1.8,震度１,32.73666667,130.6883333
2019/1/6,17:34:11,宮城県北部,38°41.7′N,141°28.4′E,102 km,4.5,震度３,38.695,141.4733333
2019/1/6,19:32:09,長野県南部,35°24.8′N,137°42.4′E,16 km,3.2,震度２,35.41333333,137.7066667
2019/1/7,2:39:14,石川県能登地方,37°12.5′N,136°44.1′E,10 km,3.1,震度１,37.20833333,136.735
2019/1/7,10:01:55,千葉県北東部,35°42.6′N,140°36.8′E,52 km,3,震度１,35.71,140.6133333
2019/1/7,10:51:26,トカラ列島近海,28°21.6′N,128°44.5′E,69 km,3.6,震度１,28.36,128.7416667
2019/1/7,11:51:57,神奈川県西部,35°22.3′N,139°07.1′E,22 km,2.9,震度１,35.37166667,139.1183333
2019/1/7,14:04:54,胆振地方中東部,42°39.5′N,141°59.2′E,35 km,3,震度１,42.65833333,141.9866667
2019/1/7,20:14:34,浦河沖,42°02.6′N,143°02.7′E,18 km,3.5,震度１,42.04333333,143.045
2019/1/8,1:35:26,千葉県南部,35°00.9′N,139°54.9′E,52 km,4.1,震度２,35.015,139.915
2019/1/8,10:01:10,奄美大島近海,28°25.7′N,129°28.4′E,9 km,4,震度４,28.42833333,129.4733333
2019/1/8,11:27:05,内浦湾,41°56.0′N,140°58.3′E,9 km,1.9,震度１,41.93333333,140.9716667
2019/1/8,21:39:30,種子島近海,30°34.3′N,131°09.8′E,30 km,6,震度４,30.57166667,131.1633333
2019/1/8,23:08:49,山梨県東部・富士五湖,35°28.1′N,138°57.9′E,22 km,3,震度１,35.46833333,138.965
2019/1/9,0:22:20,種子島近海,30°35.3′N,131°10.2′E,30 km,3.7,震度１,30.58833333,131.17
2019/1/9,3:02:09,熊本県熊本地方,33°00.9′N,130°34.3′E,10 km,2.5,震度１,33.015,130.5716667
2019/1/9,9:01:34,埼玉県秩父地方,35°57.1′N,138°49.4′E,154 km,3.8,震度１,35.95166667,138.8233333
2019/1/9,13:47:10,宮城県沖,38°10.8′N,141°42.3′E,50 km,3.6,震度１,38.18,141.705
2019/1/10,10:01:28,胆振地方中東部,42°33.8′N,142°00.1′E,35 km,2.8,震度１,42.56333333,142.0016667
2019/1/10,19:47:11,西表島付近,24°20.6′N,123°42.5′E,6 km,3.2,震度１,24.34333333,123.7083333
2019/1/10,20:15:26,新潟県中越地方,37°18.7′N,138°51.9′E,11 km,3.2,震度２,37.31166667,138.865
2019/1/11,3:31:26,埼玉県南部,36°01.4′N,139°32.8′E,56 km,3.2,震度１,36.02333333,139.5466667
2019/1/11,3:49:26,鹿児島県薩摩地方,31°44.0′N,130°46.2′E,8 km,1.7,震度１,31.73333333,130.77
2019/1/11,7:05:30,富山県西部,36°43.4′N,136°59.8′E,8 km,1.9,震度１,36.72333333,136.9966667
2019/1/11,10:15:24,静岡県西部,34°52.3′N,137°53.4′E,15 km,3,震度１,34.87166667,137.89
2019/1/11,11:06:02,静岡県西部,34°52.2′N,137°53.2′E,14 km,3.5,震度２,34.87,137.8866667
2019/1/11,16:41:04,静岡県西部,34°52.5′N,137°53.5′E,14 km,2.8,震度１,34.875,137.8916667
2019/1/12,0:34:59,熊本県天草・芦北地方,32°24.1′N,130°32.8′E,5 km,2.3,震度１,32.40166667,130.5466667
2019/1/13,1:11:37,茨城県沖,36°31.0′N,140°39.1′E,16 km,3,震度１,36.51666667,140.6516667
2019/1/13,1:26:59,石川県加賀地方,36°23.7′N,136°24.9′E,9 km,1.6,震度２,36.395,136.415
2019/1/13,9:18:08,岩手県沖,39°38.5′N,141°59.9′E,41 km,3.7,震度２,39.64166667,141.9983333
2019/1/13,10:41:34,静岡県西部,34°52.5′N,137°53.3′E,15 km,2.9,震度１,34.875,137.8883333
2019/1/13,11:46:47,長野県北部,36°37.4′N,138°21.7′E,2 km,2,震度１,36.62333333,138.3616667
2019/1/13,18:28:36,島根県西部,34°48.4′N,132°04.2′E,11 km,2.3,震度１,34.80666667,132.07
2019/1/13,19:53:57,福島県沖,37°14.5′N,141°22.8′E,23 km,4.3,震度１,37.24166667,141.38
2019/1/13,21:04:30,福島県沖,37°14.1′N,141°21.5′E,22 km,3.6,震度１,37.235,141.3583333
2019/1/13,21:14:45,福島県沖,37°14.4′N,141°23.5′E,22 km,4.9,震度２,37.24,141.3916667
2019/1/14,12:25:21,淡路島付近,34°21.7′N,134°53.7′E,12 km,2.3,震度１,34.36166667,134.895
2019/1/14,13:23:42,茨城県南部,36°09.7′N,139°48.6′E,53 km,4.9,震度４,36.16166667,139.81
2019/1/14,23:14:18,岩手県沖,39°38.8′N,142°06.4′E,48 km,3.3,震度１,39.64666667,142.1066667
2019/1/15,0:53:52,日向灘,32°31.0′N,132°06.8′E,31 km,3.9,震度２,32.51666667,132.1133333
2019/1/15,2:08:28,宮城県沖,38°41.4′N,141°57.9′E,52 km,3.3,震度１,38.69,141.965
2019/1/15,16:38:43,茨城県沖,36°25.7′N,140°39.3′E,53 km,3.6,震度２,36.42833333,140.655
2019/1/15,21:14:18,千葉県北東部,35°47.6′N,140°36.1′E,60 km,3.4,震度１,35.79333333,140.6016667
2019/1/15,23:00:28,淡路島付近,34°23.6′N,134°46.4′E,10 km,3.1,震度２,34.39333333,134.7733333
2019/1/15,23:08:36,紀伊水道,34°11.1′N,135°07.7′E,6 km,2.4,震度１,34.185,135.1283333
2019/1/16,5:20:16,宮城県沖,38°42.8′N,142°14.1′E,38 km,3.9,震度２,38.71333333,142.235
2019/1/16,8:34:56,根室半島南東沖,42°57.6′N,146°32.1′E,56 km,4.1,震度１,42.96,146.535
2019/1/16,21:11:54,国後島付近,44°28.3′N,146°30.8′E,173 km,4.2,震度１,44.47166667,146.5133333
2019/1/17,11:23:36,浦河沖,41°58.2′N,142°33.6′E,63 km,4.3,震度２,41.97,142.56
2019/1/17,13:41:05,茨城県沖,36°16.7′N,140°51.3′E,45 km,3.4,震度１,36.27833333,140.855
2019/1/17,16:04:09,伊豆大島近海,34°46.1′N,139°18.9′E,10 km,2.9,震度２,34.76833333,139.315
2019/1/17,16:59:27,薩摩半島西方沖,31°10.8′N,130°20.6′E,150 km,4,震度１,31.18,130.3433333
2019/1/17,18:32:14,胆振地方中東部,42°43.4′N,141°53.7′E,14 km,1.9,震度１,42.72333333,141.895
2019/1/17,18:45:26,沖縄本島近海,27°19.9′N,128°52.8′E,31 km,3.4,震度１,27.33166667,128.88
2019/1/17,20:35:28,胆振地方中東部,42°43.8′N,141°53.8′E,13 km,2.5,震度２,42.73,141.8966667
2019/1/17,22:49:30,高知県中部,33°44.9′N,133°33.6′E,6 km,2.5,震度２,33.74833333,133.56
2019/1/17,23:10:46,静岡県西部,34°52.5′N,137°53.4′E,14 km,3.1,震度２,34.875,137.89
2019/1/18,4:55:39,熊本県熊本地方,32°48.4′N,130°37.2′E,14 km,3.5,震度２,32.80666667,130.62
2019/1/18,6:19:26,長野県中部,36°23.9′N,137°58.5′E,10 km,3.2,震度２,36.39833333,137.975
2019/1/18,7:00:52,宮古島近海,24°48.0′N,125°21.8′E,51 km,3.7,震度１,24.8,125.3633333
2019/1/18,9:56:40,熊本県熊本地方,32°48.5′N,130°37.3′E,14 km,2.6,震度１,32.80833333,130.6216667
2019/1/18,18:22:38,沖縄本島近海,26°13.3′N,127°50.8′E,14 km,2.6,震度２,26.22166667,127.8466667
2019/1/18,21:46:25,茨城県南部,35°55.2′N,140°25.9′E,54 km,5.3,震度３,35.92,140.4316667
2019/1/19,4:00:34,秋田県内陸北部,40°14.7′N,140°24.2′E,9 km,3.1,震度２,40.245,140.4033333
2019/1/19,5:04:01,青森県東方沖,40°44.3′N,142°33.8′E,29 km,4.9,震度３,40.73833333,142.5633333
2019/1/19,5:29:38,熊本県熊本地方,32°27.3′N,130°36.7′E,11 km,2.7,震度１,32.455,130.6116667
2019/1/19,11:36:48,福島県沖,36°52.8′N,141°18.9′E,33 km,4,震度１,36.88,141.315
2019/1/19,14:22:03,茨城県北部,36°31.3′N,140°34.3′E,58 km,3.9,震度２,36.52166667,140.5716667
2019/1/21,1:33:08,熊本県熊本地方,32°46.2′N,130°42.3′E,6 km,1.1,震度１,32.77,130.705
2019/1/21,9:24:23,青森県東方沖,40°41.9′N,142°36.5′E,28 km,4.5,震度２,40.69833333,142.6083333
2019/1/21,19:32:07,熊本県熊本地方,33°01.5′N,130°33.0′E,10 km,3.5,震度２,33.025,130.55
2019/1/21,23:17:10,豊後水道,32°52.3′N,132°19.9′E,33 km,4.4,震度３,32.87166667,132.3316667
2019/1/22,7:04:08,茨城県沖,35°58.8′N,140°48.2′E,55 km,4,震度２,35.98,140.8033333
2019/1/22,7:50:36,青森県東方沖,40°54.5′N,142°06.4′E,54 km,3.7,震度１,40.90833333,142.1066667
2019/1/22,9:18:09,奄美大島近海,28°17.7′N,129°35.0′E,32 km,3.1,震度１,28.295,129.5833333
2019/1/22,15:29:07,奄美大島近海,28°48.7′N,129°54.3′E,28 km,3.8,震度１,28.81166667,129.905
2019/1/22,17:01:39,浦河沖,42°02.4′N,142°45.4′E,51 km,3.6,震度１,42.04,142.7566667
2019/1/22,18:26:16,奄美大島近海,28°48.5′N,129°54.3′E,31 km,4,震度１,28.80833333,129.905
2019/1/23,0:01:07,千葉県東方沖,35°50.8′N,140°56.4′E,33 km,3.5,震度２,35.84666667,140.94
2019/1/23,0:06:44,千葉県東方沖,35°51.4′N,140°55.9′E,33 km,3.4,震度２,35.85666667,140.9316667
2019/1/23,0:09:04,千葉県東方沖,35°51.3′N,140°56.6′E,33 km,2.9,震度１,35.855,140.9433333
2019/1/23,13:43:51,茨城県沖,36°27.3′N,140°39.3′E,18 km,3.3,震度２,36.455,140.655
2019/1/24,3:59:53,西表島付近,24°15.0′N,123°48.9′E,17 km,2.7,震度１,24.25,123.815
2019/1/24,5:04:11,福島県沖,37°04.1′N,141°11.1′E,49 km,3.5,震度２,37.06833333,141.185
2019/1/24,6:35:00,岩手県沿岸南部,39°08.0′N,141°33.3′E,109 km,3.8,震度１,39.13333333,141.555
2019/1/24,13:48:01,宮城県沖,38°32.2′N,141°43.2′E,53 km,3.7,震度１,38.53666667,141.72
2019/1/24,14:39:55,岐阜県飛騨地方,36°03.3′N,137°32.8′E,8 km,2.1,震度１,36.055,137.5466667
2019/1/24,15:44:11,富山県西部,36°43.4′N,136°59.8′E,8 km,2.2,震度１,36.72333333,136.9966667
2019/1/24,20:36:11,薩摩半島西方沖,31°51.4′N,129°09.0′E,9 km,4.5,震度２,31.85666667,129.15
2019/1/24,21:15:18,沖縄本島近海,26°50.1′N,128°12.6′E,45 km,4.1,震度２,26.835,128.21
2019/1/25,0:13:56,茨城県北部,36°40.8′N,140°39.5′E,11 km,2.9,震度１,36.68,140.6583333
2019/1/25,4:10:58,滋賀県北部,35°27.1′N,135°59.0′E,14 km,2.9,震度２,35.45166667,135.9833333
2019/1/25,7:48:33,紀伊水道,34°02.8′N,135°09.3′E,6 km,2.4,震度１,34.04666667,135.155
2019/1/25,8:32:06,茨城県沖,36°32.7′N,140°51.8′E,16 km,3.1,震度１,36.545,140.8633333
2019/1/25,13:48:21,種子島南東沖,29°57.5′N,131°25.3′E,33 km,4.9,震度１,29.95833333,131.4216667
2019/1/25,13:53:48,種子島南東沖,29°56.7′N,131°24.1′E,28 km,3.7,震度１,29.945,131.4016667
2019/1/25,14:41:35,薩摩半島西方沖,31°51.0′N,129°10.7′E,7 km,4.6,震度２,31.85,129.1783333
2019/1/25,21:10:20,岐阜県飛騨地方,36°03.3′N,137°35.2′E,8 km,3.5,震度２,36.055,137.5866667
2019/1/26,6:22:43,種子島南東沖,30°16.1′N,131°23.8′E,22 km,4.5,震度２,30.26833333,131.3966667
2019/1/26,9:31:31,栃木県南部,36°22.1′N,139°57.5′E,110 km,4,震度２,36.36833333,139.9583333
2019/1/26,14:08:32,根室半島南東沖,43°06.9′N,146°07.1′E,51 km,3.9,震度２,43.115,146.1183333
2019/1/26,14:16:33,熊本県熊本地方,33°00.9′N,130°34.2′E,10 km,4.3,震度５弱,33.015,130.57
2019/1/26,17:23:02,岩手県沖,40°16.8′N,142°19.6′E,38 km,5.6,震度４,40.28,142.3266667
2019/1/26,22:46:21,奄美大島北東沖,29°13.7′N,130°26.9′E,60 km,4.8,震度２,29.22833333,130.4483333
2019/1/27,12:43:43,宮古島近海,24°17.6′N,125°16.7′E,44 km,4.6,震度１,24.29333333,125.2783333
2019/1/27,14:21:43,宮城県沖,38°29.3′N,141°37.6′E,63 km,3.9,震度２,38.48833333,141.6266667
2019/1/27,16:27:16,栃木県北部,36°38.5′N,139°30.9′E,6 km,3.1,震度１,36.64166667,139.515
2019/1/27,21:20:03,宮古島近海,24°20.2′N,125°13.9′E,41 km,4.6,震度１,24.33666667,125.2316667
2019/1/27,22:55:13,長野県南部,35°16.5′N,137°47.3′E,6 km,2.2,震度１,35.275,137.7883333
2019/1/27,23:01:03,千葉県北西部,35°38.3′N,140°05.3′E,67 km,3.2,震度１,35.63833333,140.0883333
2019/1/28,13:02:16,和歌山県北部,33°54.6′N,135°12.8′E,8 km,3,震度１,33.91,135.2133333
2019/1/29,3:22:57,徳島県北部,33°55.7′N,134°09.2′E,37 km,3.9,震度２,33.92833333,134.1533333
2019/1/29,3:24:25,岩手県沖,39°20.3′N,142°03.8′E,48 km,3.1,震度１,39.33833333,142.0633333
2019/1/29,10:05:49,岐阜県美濃東部,35°46.8′N,137°24.4′E,12 km,2.9,震度１,35.78,137.4066667
2019/1/29,12:19:27,福島県沖,37°31.4′N,141°22.2′E,50 km,3.2,震度１,37.52333333,141.37
2019/1/29,12:42:24,千葉県東方沖,35°00.3′N,141°07.3′E,50 km,5.2,震度２,35.005,141.1216667
2019/1/29,14:58:28,佐渡付近,38°08.1′N,138°12.9′E,17 km,3.1,震度１,38.135,138.215
2019/1/29,22:47:42,紀伊水道,33°54.4′N,134°42.5′E,13 km,2.6,震度１,33.90666667,134.7083333
2019/1/29,23:45:51,岐阜県飛騨地方,36°12.7′N,137°31.2′E,3 km,2.5,震度１,36.21166667,137.52
2019/1/30,6:23:50,和歌山県北部,34°01.9′N,135°15.1′E,4 km,1.8,震度１,34.03166667,135.2516667
2019/1/30,8:44:38,岐阜県飛騨地方,36°12.8′N,137°31.1′E,3 km,3,震度２,36.21333333,137.5183333
2019/1/30,11:21:50,沖縄本島近海,27°19.5′N,128°56.8′E,25 km,3.8,震度１,27.325,128.9466667
2019/1/30,14:21:35,台湾付近,23°41.6′N,122°22.3′E,29 km,5.6,震度２,23.69333333,122.3716667
2019/1/31,3:45:17,秋田県内陸北部,39°57.0′N,140°36.5′E,4 km,2.8,震度１,39.95,140.6083333
2019/1/31,6:04:01,島根県西部,34°21.6′N,131°47.7′E,17 km,3.3,震度１,34.36,131.795
2019/1/31,11:40:18,鳥取県中部,35°21.5′N,133°37.5′E,10 km,2.5,震度１,35.35833333,133.625
2019/2/1,6:40:35,兵庫県南東部,34°46.1′N,135°16.8′E,7 km,2.8,震度１,34.76833333,135.28
2019/2/1,8:46:15,西表島付近,24°03.7′N,123°32.3′E,26 km,3.8,震度１,24.06166667,123.5383333
2019/2/1,10:53:02,日向灘,32°32.1′N,132°00.1′E,36 km,3.4,震度１,32.535,132.0016667
2019/2/1,12:40:00,岩手県沖,39°38.4′N,142°06.9′E,48 km,3.7,震度１,39.64,142.115
2019/2/2,12:54:41,岐阜県飛騨地方,36°03.3′N,137°35.2′E,7 km,2.7,震度１,36.055,137.5866667
2019/2/2,13:04:05,熊本県熊本地方,33°01.0′N,130°34.0′E,9 km,2.4,震度１,33.01666667,130.5666667
2019/2/3,0:00:55,熊本県天草・芦北地方,32°15.3′N,130°18.6′E,10 km,2.9,震度２,32.255,130.31
2019/2/3,4:10:13,千葉県東方沖,35°34.3′N,141°02.7′E,37 km,4.7,震度２,35.57166667,141.045
2019/2/3,7:57:42,淡路島付近,34°27.3′N,134°50.6′E,16 km,3.1,震度１,34.455,134.8433333
2019/2/3,10:01:14,福島県沖,37°01.1′N,141°07.7′E,50 km,4,震度２,37.01833333,141.1283333
2019/2/3,21:14:56,青森県東方沖,41°23.8′N,141°52.9′E,24 km,3.5,震度１,41.39666667,141.8816667
2019/2/4,13:45:41,茨城県沖,36°36.4′N,141°00.4′E,46 km,3.4,震度１,36.60666667,141.0066667
2019/2/5,2:40:44,北海道東方沖,43°31.7′N,146°53.3′E,45 km,4.5,震度１,43.52833333,146.8883333
2019/2/5,9:57:47,宮城県沖,38°10.7′N,141°41.3′E,50 km,3.6,震度１,38.17833333,141.6883333
2019/2/5,13:25:43,日向灘,32°36.6′N,132°07.3′E,37 km,3.3,震度１,32.61,132.1216667
2019/2/5,15:57:53,宮城県沖,38°20.6′N,141°52.1′E,63 km,4.1,震度２,38.34333333,141.8683333
2019/2/5,16:06:06,長野県北部,36°37.5′N,138°21.7′E,1 km,2.7,震度１,36.625,138.3616667
2019/2/6,1:52:46,千葉県東方沖,35°33.5′N,141°03.1′E,37 km,3.7,震度１,35.55833333,141.0516667
2019/2/6,1:59:50,大隅半島東方沖,30°58.8′N,131°46.1′E,49 km,4.2,震度１,30.98,131.7683333
2019/2/6,3:54:27,岐阜県飛騨地方,36°12.6′N,137°34.0′E,4 km,2.3,震度１,36.21,137.5666667
2019/2/6,10:14:20,相模湾,35°14.4′N,139°09.6′E,14 km,3.1,震度２,35.24,139.16
2019/2/6,17:26:18,茨城県南部,36°01.1′N,139°54.0′E,41 km,3.6,震度２,36.01833333,139.9
2019/2/6,19:25:07,栃木県北部,36°38.1′N,139°26.6′E,4 km,2.1,震度１,36.635,139.4433333
2019/2/6,20:11:35,石垣島近海,24°03.9′N,124°32.9′E,45 km,4.8,震度１,24.065,124.5483333
2019/2/6,23:10:14,胆振地方中東部,42°36.6′N,141°57.7′E,38 km,2.9,震度１,42.61,141.9616667
2019/2/7,0:30:26,釧路地方中南部,43°25.0′N,144°03.2′E,1 km,1.7,震度１,43.41666667,144.0533333
2019/2/7,2:38:47,岩手県沖,39°29.7′N,142°39.6′E,33 km,4.2,震度１,39.495,142.66
2019/2/7,16:57:56,十勝沖,41°51.4′N,143°47.4′E,29 km,4.9,震度２,41.85666667,143.79
2019/2/8,4:28:52,長野県北部,36°37.4′N,138°21.8′E,2 km,3,震度２,36.62333333,138.3633333
2019/2/8,6:34:10,静岡県中部,35°09.1′N,138°25.6′E,21 km,4,震度３,35.15166667,138.4266667
2019/2/8,6:39:25,宮城県沖,38°25.2′N,142°10.7′E,44 km,3.9,震度１,38.42,142.1783333
2019/2/8,8:06:18,トカラ列島近海,28°14.4′N,128°42.2′E,65 km,3.6,震度１,28.24,128.7033333
2019/2/8,9:12:16,秋田県内陸南部,39°27.4′N,140°22.5′E,9 km,2,震度１,39.45666667,140.375
2019/2/8,12:16:43,鳥取県中部,35°25.3′N,133°50.1′E,13 km,3.1,震度２,35.42166667,133.835
2019/2/9,8:06:23,岐阜県飛騨地方,36°03.3′N,137°35.3′E,7 km,3,震度２,36.055,137.5883333
2019/2/9,11:24:21,国後島付近,43°49.0′N,145°43.4′E,110 km,4.8,震度２,43.81666667,145.7233333
2019/2/10,5:37:39,福井県沖,36°05.6′N,136°02.0′E,13 km,3.2,震度２,36.09333333,136.0333333
2019/2/10,9:54:22,岩手県沖,40°21.4′N,142°04.8′E,51 km,3.7,震度１,40.35666667,142.08
2019/2/10,10:30:08,福島県沖,37°03.5′N,141°24.2′E,33 km,3.4,震度１,37.05833333,141.4033333
2019/2/10,14:34:24,奄美大島近海,28°16.4′N,129°30.2′E,36 km,4.9,震度４,28.27333333,129.5033333
2019/2/10,20:26:12,青森県東方沖,40°54.2′N,142°01.4′E,64 km,3.1,震度１,40.90333333,142.0233333
2019/2/10,21:03:27,茨城県沖,36°26.0′N,141°03.2′E,45 km,3.7,震度１,36.43333333,141.0533333
2019/2/11,19:07:51,紀伊水道,33°34.5′N,134°26.6′E,34 km,3.8,震度２,33.575,134.4433333
2019/2/12,15:34:32,伊豆大島近海,34°45.6′N,139°18.1′E,1 km,2,震度１,34.76,139.3016667
2019/2/12,16:09:09,伊豆大島近海,34°44.5′N,139°18.1′E,5 km,2.6,震度２,34.74166667,139.3016667
2019/2/12,16:12:34,伊豆大島近海,34°45.5′N,139°18.2′E,2 km,2.5,震度２,34.75833333,139.3033333
2019/2/12,21:34:18,マリアナ諸島,19°23.3′N,145°42.1′E,127 km,6.5,震度１,19.38833333,145.7016667
2019/2/12,22:42:18,紀伊水道,33°47.9′N,134°54.9′E,14 km,3.6,震度２,33.79833333,134.915
2019/2/12,22:49:57,奈良県,34°01.0′N,135°47.3′E,48 km,3.3,震度１,34.01666667,135.7883333
2019/2/12,23:55:44,上川地方北部,44°30.7′N,142°11.7′E,241 km,4.5,震度１,44.51166667,142.195
2019/2/13,4:17:30,熊本県熊本地方,32°45.6′N,130°43.5′E,11 km,2.9,震度１,32.76,130.725
2019/2/13,4:19:56,熊本県熊本地方,32°45.7′N,130°43.6′E,11 km,2.7,震度１,32.76166667,130.7266667
2019/2/13,20:47:17,熊本県熊本地方,32°45.6′N,130°43.7′E,11 km,2.6,震度１,32.76,130.7283333
2019/2/14,0:30:28,伊豆大島近海,34°45.1′N,139°18.3′E,4 km,2.6,震度２,34.75166667,139.305
2019/2/14,1:13:21,伊豆大島近海,34°45.4′N,139°18.0′E,0 km,3.4,震度３,34.75666667,139.3
2019/2/14,1:23:47,伊豆大島近海,34°45.9′N,139°18.5′E,0 km,2.2,震度１,34.765,139.3083333
2019/2/14,1:54:21,伊豆大島近海,34°45.7′N,139°17.6′E,0 km,2,震度１,34.76166667,139.2933333
2019/2/14,12:49:59,長野県北部,36°48.1′N,138°07.9′E,7 km,2.4,震度２,36.80166667,138.1316667
2019/2/14,16:25:21,国後島付近,44°31.5′N,145°44.8′E,23 km,4.1,震度１,44.525,145.7466667
2019/2/14,22:04:24,福島県浜通り,36°58.6′N,140°39.3′E,20 km,3.7,震度１,36.97666667,140.655
2019/2/14,23:22:10,日高地方西部,42°41.4′N,142°12.1′E,6 km,3.5,震度２,42.69,142.2016667
2019/2/15,12:34:57,硫黄島近海,25°26.2′N,141°03.3′E,0 km,4.9,震度１,25.43666667,141.055
2019/2/16,2:53:12,トカラ列島近海,29°15.2′N,129°05.9′E,10 km,3,震度１,29.25333333,129.0983333
2019/2/16,10:46:41,茨城県南部,36°12.1′N,139°47.6′E,56 km,3.4,震度１,36.20166667,139.7933333
2019/2/16,16:06:07,熊本県熊本地方,32°30.6′N,130°43.8′E,12 km,2.3,震度１,32.51,130.73
2019/2/16,17:42:43,岩手県沿岸北部,39°45.2′N,141°50.4′E,58 km,3.7,震度２,39.75333333,141.84
2019/2/16,18:06:33,宮古島北西沖,25°24.8′N,124°48.6′E,17 km,5.1,震度２,25.41333333,124.81
2019/2/16,18:08:07,宮古島北西沖,25°27.7′N,124°50.8′E,0 km,5,震度１,25.46166667,124.8466667
2019/2/16,18:18:59,宮古島北西沖,25°25.3′N,124°48.0′E,7 km,4.9,震度１,25.42166667,124.8
2019/2/16,19:01:27,宮古島北西沖,25°26.6′N,124°49.7′E,12 km,5.5,震度２,25.44333333,124.8283333
2019/2/17,15:49:49,福島県会津,37°42.5′N,140°00.0′E,7 km,3.8,震度２,37.70833333,140
2019/2/17,21:37:19,佐渡付近,37°42.6′N,138°16.0′E,25 km,3.5,震度１,37.71,138.2666667
2019/2/18,4:21:22,茨城県沖,36°18.5′N,142°08.9′E,67 km,5,震度１,36.30833333,142.1483333
2019/2/18,16:32:18,宮古島北西沖,25°27.6′N,124°50.0′E,8 km,4.8,震度１,25.46,124.8333333
2019/2/18,17:56:19,奄美大島近海,27°40.5′N,128°51.2′E,42 km,3.2,震度１,27.675,128.8533333
2019/2/18,20:00:11,宮城県沖,38°43.1′N,142°12.7′E,40 km,4,震度２,38.71833333,142.2116667
2019/2/18,20:41:45,岩手県沿岸北部,39°45.5′N,141°50.1′E,59 km,3.7,震度２,39.75833333,141.835
2019/2/18,23:13:37,紀伊水道,33°54.6′N,134°42.6′E,13 km,2.8,震度１,33.91,134.71
2019/2/19,1:13:23,宮城県沖,38°20.7′N,141°39.7′E,52 km,3.3,震度１,38.345,141.6616667
2019/2/19,11:41:30,奄美大島近海,28°12.3′N,129°31.9′E,33 km,3.4,震度１,28.205,129.5316667
2019/2/19,15:56:54,奄美大島近海,28°11.4′N,129°32.2′E,32 km,3.4,震度１,28.19,129.5366667
2019/2/19,17:06:26,茨城県北部,36°27.9′N,140°31.3′E,58 km,3.8,震度２,36.465,140.5216667
2019/2/19,17:09:59,奄美大島近海,28°12.5′N,129°31.9′E,34 km,4.1,震度３,28.20833333,129.5316667
2019/2/19,17:57:32,静岡県西部,34°46.3′N,137°38.7′E,29 km,3.5,震度２,34.77166667,137.645
2019/2/19,18:26:48,胆振地方中東部,42°40.1′N,142°00.1′E,38 km,2.9,震度１,42.66833333,142.0016667
2019/2/19,21:04:10,長野県北部,36°27.7′N,137°39.7′E,0 km,4.7,震度３,36.46166667,137.6616667
2019/2/19,22:04:51,富山県東部,36°27.6′N,137°38.7′E,0 km,3,震度１,36.46,137.645
2019/2/20,1:24:56,宮城県沖,38°51.3′N,141°36.3′E,74 km,4.2,震度２,38.855,141.605
2019/2/20,6:53:23,熊本県天草・芦北地方,32°19.1′N,130°33.6′E,7 km,2.8,震度１,32.31833333,130.56
2019/2/20,7:05:35,富山県東部,36°28.9′N,137°39.6′E,2 km,3,震度１,36.48166667,137.66
2019/2/20,12:18:42,奄美大島近海,28°18.7′N,130°18.5′E,28 km,4.7,震度２,28.31166667,130.3083333
2019/2/20,13:14:13,奄美大島近海,28°21.4′N,130°16.2′E,25 km,3.4,震度１,28.35666667,130.27
2019/2/20,20:24:56,茨城県南部,36°04.2′N,139°51.2′E,43 km,3.7,震度２,36.07,139.8533333
2019/2/21,0:59:58,千葉県南部,35°10.7′N,139°56.3′E,33 km,2.8,震度１,35.17833333,139.9383333
2019/2/21,1:02:28,岐阜県飛騨地方,36°00.7′N,137°24.7′E,8 km,2.2,震度１,36.01166667,137.4116667
2019/2/21,7:49:46,胆振地方中東部,42°35.1′N,141°58.5′E,35 km,3.1,震度１,42.585,141.975
2019/2/21,11:11:40,奄美大島近海,28°33.7′N,129°59.3′E,30 km,4.5,震度２,28.56166667,129.9883333
2019/2/21,17:45:37,宮城県沖,38°44.2′N,142°22.3′E,32 km,3.8,震度１,38.73666667,142.3716667
2019/2/21,21:22:40,胆振地方中東部,42°45.9′N,142°00.2′E,33 km,5.8,震度６弱,42.765,142.0033333
2019/2/21,21:26:08,胆振地方中東部,42°45.6′N,141°59.8′E,33 km,3.6,震度２,42.76,141.9966667
2019/2/21,22:33:42,千葉県東方沖,35°45.6′N,140°52.8′E,8 km,2.7,震度１,35.76,140.88
2019/2/22,0:49:44,胆振地方中東部,42°45.0′N,141°58.8′E,37 km,3.2,震度１,42.75,141.98
2019/2/22,7:07:41,和歌山県北部,34°02.7′N,135°18.6′E,6 km,2.8,震度１,34.045,135.31
2019/2/22,13:11:16,胆振地方中東部,42°46.1′N,141°59.1′E,31 km,2.5,震度１,42.76833333,141.985
2019/2/22,16:53:49,奄美大島近海,28°11.5′N,129°32.2′E,33 km,3.3,震度１,28.19166667,129.5366667
2019/2/22,17:08:22,奄美大島近海,28°12.5′N,129°32.0′E,35 km,3.2,震度１,28.20833333,129.5333333
2019/2/23,2:03:25,胆振地方中東部,42°46.2′N,141°58.9′E,30 km,3.9,震度３,42.77,141.9816667
2019/2/23,5:12:05,茨城県北部,36°49.9′N,140°35.3′E,7 km,3.7,震度２,36.83166667,140.5883333
2019/2/23,12:54:09,種子島近海,30°36.3′N,131°08.5′E,31 km,3,震度１,30.605,131.1416667
2019/2/23,14:30:50,天草灘,32°31.6′N,129°56.1′E,14 km,4.4,震度３,32.52666667,129.935
2019/2/23,15:48:59,福島県沖,37°00.7′N,141°50.3′E,59 km,4.5,震度２,37.01166667,141.8383333
2019/2/23,23:38:28,胆振地方中東部,42°45.3′N,141°58.2′E,37 km,3.3,震度１,42.755,141.97
2019/2/24,9:33:18,福島県沖,37°29.2′N,142°00.0′E,34 km,4.8,震度２,37.48666667,142
2019/2/25,3:49:29,滋賀県北部,35°32.3′N,136°18.7′E,39 km,3.4,震度２,35.53833333,136.3116667
2019/2/25,12:55:35,青森県東方沖,40°45.0′N,142°13.8′E,46 km,3,震度１,40.75,142.23
2019/2/25,13:11:14,千葉県北東部,35°53.3′N,140°33.3′E,36 km,2.9,震度１,35.88833333,140.555
2019/2/25,21:15:10,熊本県熊本地方,33°01.5′N,130°33.3′E,10 km,2.5,震度１,33.025,130.555
2019/2/26,2:13:51,択捉島南東沖,44°38.2′N,148°16.2′E,100 km,5.4,震度１,44.63666667,148.27
2019/2/26,8:40:53,宮城県南部,37°49.5′N,140°50.3′E,114 km,3.5,震度１,37.825,140.8383333
2019/2/26,21:20:40,千葉県南東沖,34°40.6′N,140°06.9′E,63 km,4.2,震度１,34.67666667,140.115
2019/2/26,23:08:28,熊本県熊本地方,32°38.5′N,130°42.0′E,10 km,3.1,震度２,32.64166667,130.7
2019/2/27,1:31:18,茨城県北部,36°49.9′N,140°35.2′E,7 km,3.4,震度１,36.83166667,140.5866667
2019/2/27,8:17:42,茨城県沖,36°40.1′N,140°57.5′E,50 km,3.5,震度２,36.66833333,140.9583333
2019/2/27,9:55:52,宮城県沖,38°21.0′N,142°08.3′E,40 km,4.6,震度２,38.35,142.1383333
2019/2/27,16:25:32,岐阜県飛騨地方,36°03.3′N,137°35.0′E,8 km,3.7,震度３,36.055,137.5833333
2019/2/27,18:55:50,神奈川県東部,35°32.9′N,139°38.7′E,23 km,2.4,震度１,35.54833333,139.645
2019/2/27,21:20:22,岐阜県飛騨地方,36°03.3′N,137°35.2′E,7 km,2.3,震度１,36.055,137.5866667
2019/2/27,22:34:54,胆振地方中東部,42°45.9′N,141°59.0′E,31 km,3.5,震度２,42.765,141.9833333
2019/2/28,11:51:51,岩手県沖,40°03.9′N,142°12.8′E,44 km,3.7,震度１,40.065,142.2133333
2019/2/28,15:00:24,熊本県熊本地方,32°50.0′N,130°49.6′E,12 km,2.6,震度１,32.83333333,130.8266667
2019/2/28,20:17:10,鳥取県東部,35°13.8′N,134°15.2′E,5 km,2,震度１,35.23,134.2533333
2019/3/1,2:52:22,沖縄本島近海,27°26.8′N,128°39.2′E,43 km,3.8,震度２,27.44666667,128.6533333
2019/3/1,14:06:36,熊本県阿蘇地方,32°57.3′N,131°04.6′E,7 km,2.2,震度１,32.955,131.0766667
2019/3/1,14:13:59,熊本県阿蘇地方,32°57.4′N,131°04.6′E,7 km,2.3,震度１,32.95666667,131.0766667
2019/3/1,14:15:15,熊本県阿蘇地方,32°57.4′N,131°04.8′E,7 km,2.7,震度２,32.95666667,131.08
2019/3/1,18:10:28,熊本県阿蘇地方,32°57.5′N,131°04.4′E,8 km,2,震度１,32.95833333,131.0733333
2019/3/1,18:39:21,熊本県阿蘇地方,32°57.4′N,131°04.4′E,8 km,3.4,震度３,32.95666667,131.0733333
2019/3/1,20:45:26,熊本県阿蘇地方,32°57.5′N,131°04.6′E,7 km,2.4,震度１,32.95833333,131.0766667
2019/3/2,6:03:23,茨城県沖,36°27.1′N,141°03.1′E,44 km,4.4,震度３,36.45166667,141.0516667
2019/3/2,12:22:56,根室半島南東沖,42°00.4′N,146°51.7′E,51 km,6.2,震度４,42.00666667,146.8616667
2019/3/3,1:01:32,茨城県南部,36°00.7′N,140°03.9′E,62 km,3.4,震度１,36.01166667,140.065
2019/3/3,1:34:05,硫黄島近海,22°29.2′N,143°40.6′E,131 km,5.4,震度１,22.48666667,143.6766667
2019/3/3,5:36:56,新潟県上越地方,37°00.1′N,138°24.5′E,12 km,2.4,震度１,37.00166667,138.4083333
2019/3/3,9:53:20,茨城県沖,36°27.8′N,141°02.5′E,44 km,2.9,震度１,36.46333333,141.0416667
2019/3/3,10:33:48,釧路沖,42°34.8′N,144°56.7′E,50 km,3.9,震度１,42.58,144.945
2019/3/3,20:04:12,山梨県中・西部,35°53.0′N,138°42.5′E,6 km,3.7,震度２,35.88333333,138.7083333
2019/3/4,0:02:48,宮崎県北部平野部,32°39.0′N,131°37.8′E,11 km,3,震度１,32.65,131.63
2019/3/4,8:58:21,千葉県南部,35°10.6′N,139°56.3′E,33 km,2.9,震度１,35.17666667,139.9383333
2019/3/4,11:56:11,千葉県南部,35°10.6′N,139°56.3′E,34 km,3,震度１,35.17666667,139.9383333
2019/3/4,20:56:21,五島列島近海,33°07.1′N,129°36.7′E,12 km,2.7,震度１,33.11833333,129.6116667
2019/3/5,19:08:59,茨城県南部,36°08.8′N,140°00.0′E,48 km,3.3,震度２,36.14666667,140
2019/3/6,3:05:07,胆振地方中東部,42°45.5′N,142°00.2′E,34 km,2.6,震度１,42.75833333,142.0033333
2019/3/6,3:14:22,鳥取県東部,35°13.7′N,134°15.1′E,5 km,1.8,震度１,35.22833333,134.2516667
2019/3/6,4:42:11,宮城県沖,38°14.6′N,141°42.2′E,50 km,3.5,震度１,38.24333333,141.7033333
2019/3/6,6:18:51,日向灘,32°46.1′N,131°55.6′E,48 km,3.7,震度２,32.76833333,131.9266667
2019/3/6,11:09:20,長野県南部,35°16.5′N,137°44.3′E,8 km,2.4,震度１,35.275,137.7383333
2019/3/7,2:43:59,父島近海,27°26.8′N,142°06.5′E,69 km,3.9,震度１,27.44666667,142.1083333
2019/3/7,3:43:47,宮城県沖,38°53.2′N,141°58.4′E,49 km,3.9,震度２,38.88666667,141.9733333
2019/3/7,4:26:02,宮城県沖,38°43.2′N,141°38.0′E,70 km,4.6,震度４,38.72,141.6333333
2019/3/7,4:50:34,小笠原諸島西方沖,26°09.0′N,141°04.1′E,27 km,4.7,震度１,26.15,141.0683333
2019/3/7,6:48:35,青森県東方沖,41°35.1′N,142°03.5′E,63 km,3.2,震度１,41.585,142.0583333
2019/3/7,11:20:35,四国沖,33°22.2′N,134°47.9′E,32 km,3.9,震度１,33.37,134.7983333
2019/3/7,23:57:22,日向灘,31°33.0′N,131°50.1′E,23 km,3.8,震度１,31.55,131.835
2019/3/8,1:25:02,新潟県上越地方,37°02.0′N,138°06.1′E,10 km,2.7,震度１,37.03333333,138.1016667
2019/3/8,1:46:27,茨城県沖,36°36.6′N,141°00.3′E,46 km,3.5,震度１,36.61,141.005
2019/3/8,9:32:56,胆振地方中東部,42°41.5′N,141°58.2′E,31 km,3,震度１,42.69166667,141.97
2019/3/8,17:49:01,熊本県阿蘇地方,33°03.5′N,131°06.7′E,12 km,2.9,震度１,33.05833333,131.1116667
2019/3/8,23:27:39,上川地方北部,44°07.8′N,142°20.3′E,0 km,2.1,震度１,44.13,142.3383333
2019/3/9,1:08:04,岐阜県美濃中西部,35°22.3′N,136°41.0′E,42 km,4.4,震度４,35.37166667,136.6833333
2019/3/9,12:09:25,福島県沖,37°02.4′N,141°18.2′E,47 km,3.4,震度１,37.04,141.3033333
2019/3/9,13:02:18,新潟県中越地方,37°09.7′N,138°42.1′E,13 km,3.2,震度２,37.16166667,138.7016667
2019/3/9,17:28:51,紀伊水道,34°12.5′N,135°07.5′E,8 km,2.5,震度１,34.20833333,135.125
2019/3/9,19:13:28,千葉県東方沖,35°41.3′N,140°57.6′E,18 km,3.2,震度１,35.68833333,140.96
2019/3/10,5:43:42,熊本県熊本地方,32°51.3′N,130°50.7′E,10 km,2.4,震度１,32.855,130.845
2019/3/10,10:46:51,茨城県沖,36°38.2′N,140°54.0′E,50 km,3.5,震度２,36.63666667,140.9
2019/3/10,15:43:06,鹿児島県薩摩地方,31°50.5′N,130°41.4′E,9 km,2.8,震度２,31.84166667,130.69
2019/3/10,18:46:12,愛知県西部,35°13.3′N,137°12.9′E,44 km,3.1,震度１,35.22166667,137.215
2019/3/10,18:52:08,択捉島南東沖,43°52.1′N,148°20.0′E,0 km,5,震度１,43.86833333,148.3333333
2019/3/10,22:22:14,津軽海峡,41°30.1′N,140°51.9′E,13 km,2.1,震度１,41.50166667,140.865
2019/3/11,1:55:21,宮城県沖,38°41.9′N,141°47.7′E,52 km,3,震度１,38.69833333,141.795
2019/3/11,2:10:50,福島県沖,36°45.7′N,142°24.3′E,18 km,6,震度３,36.76166667,142.405
2019/3/11,2:24:15,福島県沖,36°43.5′N,142°29.2′E,28 km,4.9,震度１,36.725,142.4866667
2019/3/11,3:34:02,茨城県南部,36°10.5′N,140°02.9′E,52 km,3.3,震度２,36.175,140.0483333
2019/3/11,3:43:44,福島県沖,36°44.1′N,142°21.4′E,37 km,5,震度１,36.735,142.3566667
2019/3/11,6:50:33,福島県沖,37°10.3′N,141°11.9′E,21 km,3.4,震度１,37.17166667,141.1983333
2019/3/11,7:14:20,長野県南部,35°51.2′N,137°41.3′E,9 km,2.2,震度１,35.85333333,137.6883333
2019/3/11,11:39:36,和歌山県北部,34°02.8′N,135°16.8′E,5 km,2.7,震度１,34.04666667,135.28
2019/3/11,15:37:51,愛媛県南予,33°11.4′N,132°42.7′E,38 km,4.6,震度３,33.19,132.7116667
2019/3/12,0:28:31,岩手県内陸北部,39°50.8′N,140°50.9′E,4 km,2.8,震度１,39.84666667,140.8483333
2019/3/12,9:23:20,長野県中部,36°29.8′N,138°03.3′E,9 km,2.1,震度１,36.49666667,138.055
2019/3/12,13:50:36,福島県沖,36°54.0′N,141°03.6′E,51 km,3.8,震度１,36.9,141.06
2019/3/13,3:31:58,宮城県沖,38°22.1′N,142°10.5′E,42 km,4.2,震度１,38.36833333,142.175
2019/3/13,13:48:49,紀伊水道,33°48.0′N,134°54.8′E,43 km,5.3,震度４,33.8,134.9133333
2019/3/13,13:55:12,紀伊水道,33°47.0′N,134°57.2′E,42 km,3,震度１,33.78333333,134.9533333
2019/3/14,14:06:54,和歌山県北部,34°14.9′N,135°24.7′E,7 km,2.2,震度１,34.24833333,135.4116667
2019/3/14,20:59:04,千葉県東方沖,35°39.6′N,140°43.9′E,48 km,4,震度２,35.66,140.7316667
2019/3/14,21:03:51,千葉県東方沖,35°40.0′N,140°44.4′E,49 km,3.1,震度１,35.66666667,140.74
2019/3/15,6:32:47,茨城県沖,36°27.0′N,141°09.2′E,45 km,3.5,震度１,36.45,141.1533333
2019/3/15,19:49:16,日高地方東部,42°18.7′N,143°02.9′E,52 km,3.8,震度１,42.31166667,143.0483333
2019/3/15,22:55:24,石垣島北西沖,25°04.6′N,124°16.8′E,105 km,4.3,震度１,25.07666667,124.28
2019/3/16,6:25:25,熊本県天草・芦北地方,32°38.5′N,130°39.9′E,8 km,2,震度１,32.64166667,130.665
2019/3/16,17:01:00,三陸沖,39°58.0′N,143°10.4′E,20 km,4.5,震度１,39.96666667,143.1733333
2019/3/16,22:09:47,千葉県北東部,35°21.5′N,140°20.4′E,21 km,2.3,震度１,35.35833333,140.34
2019/3/16,22:41:09,日向灘,32°26.4′N,132°10.2′E,29 km,3.8,震度２,32.44,132.17
2019/3/17,6:07:23,千葉県東方沖,35°44.3′N,140°54.6′E,13 km,4.1,震度３,35.73833333,140.91
2019/3/18,3:19:53,千葉県南東沖,34°54.9′N,140°05.4′E,20 km,2.7,震度１,34.915,140.09
2019/3/18,3:24:03,千葉県南東沖,34°55.0′N,140°05.0′E,19 km,3.1,震度２,34.91666667,140.0833333
2019/3/18,3:40:55,千葉県南東沖,34°54.9′N,140°05.4′E,22 km,2.8,震度１,34.915,140.09
2019/3/18,7:53:10,青森県東方沖,41°02.6′N,142°27.0′E,49 km,4.1,震度２,41.04333333,142.45
2019/3/18,9:33:04,岩手県沿岸北部,40°03.2′N,141°48.3′E,57 km,3.7,震度２,40.05333333,141.805
2019/3/18,13:35:25,茨城県北部,36°48.4′N,140°32.0′E,8 km,3.2,震度１,36.80666667,140.5333333
2019/3/19,5:49:27,奄美大島近海,28°31.7′N,130°05.0′E,32 km,3.4,震度１,28.52833333,130.0833333
2019/3/19,10:45:46,熊本県熊本地方,32°51.4′N,130°50.1′E,13 km,2.6,震度２,32.85666667,130.835
2019/3/19,11:18:21,種子島近海,30°11.1′N,130°28.1′E,4 km,3.3,震度１,30.185,130.4683333
2019/3/19,23:35:50,新島・神津島近海,34°21.5′N,139°13.7′E,7 km,3.1,震度３,34.35833333,139.2283333
2019/3/20,18:31:51,熊本県熊本地方,32°47.2′N,130°39.7′E,11 km,3.5,震度３,32.78666667,130.6616667
2019/3/20,22:11:26,奄美大島北西沖,28°07.1′N,128°01.1′E,8 km,4.6,震度１,28.11833333,128.0183333
2019/3/21,18:11:28,網走地方,43°28.4′N,144°01.9′E,0 km,2,震度１,43.47333333,144.0316667
2019/3/22,7:43:05,鹿児島県薩摩地方,31°50.5′N,130°41.6′E,9 km,2.2,震度１,31.84166667,130.6933333
2019/3/22,8:20:23,栃木県北部,36°52.5′N,139°31.8′E,7 km,3,震度２,36.875,139.53
2019/3/22,21:39:15,熊本県熊本地方,32°39.4′N,130°43.7′E,10 km,2.2,震度１,32.65666667,130.7283333
2019/3/23,0:43:17,熊本県天草・芦北地方,32°19.3′N,130°27.8′E,10 km,2.3,震度１,32.32166667,130.4633333
2019/3/23,7:37:41,長野県北部,36°38.6′N,137°51.0′E,3 km,3,震度２,36.64333333,137.85
2019/3/23,7:39:37,長野県北部,36°38.6′N,137°51.3′E,3 km,2.4,震度１,36.64333333,137.855
2019/3/23,7:40:59,長野県北部,36°38.7′N,137°51.3′E,4 km,2.6,震度２,36.645,137.855
2019/3/23,8:26:36,長野県北部,36°38.6′N,137°51.3′E,4 km,2.4,震度２,36.64333333,137.855
2019/3/23,15:51:31,沖縄本島近海,27°07.1′N,128°27.8′E,16 km,3.7,震度３,27.11833333,128.4633333
2019/3/23,19:39:12,熊本県熊本地方,32°51.6′N,130°49.9′E,13 km,2.1,震度１,32.86,130.8316667
2019/3/24,7:13:34,青森県三八上北地方,40°22.0′N,141°17.3′E,5 km,2.2,震度１,40.36666667,141.2883333
2019/3/24,16:58:43,新潟県上越地方,37°09.1′N,138°21.5′E,17 km,2.1,震度１,37.15166667,138.3583333
2019/3/25,0:04:39,茨城県南部,36°02.1′N,139°55.6′E,43 km,3.1,震度１,36.035,139.9266667
2019/3/25,9:38:28,日向灘,32°10.8′N,131°46.0′E,34 km,3.2,震度１,32.18,131.7666667
2019/3/25,10:08:23,奄美大島近海,27°51.0′N,128°30.5′E,63 km,3.8,震度１,27.85,128.5083333
2019/3/25,18:27:37,石川県能登地方,37°21.3′N,136°51.3′E,6 km,2.9,震度２,37.355,136.855
2019/3/25,19:10:01,福島県沖,36°54.7′N,141°11.1′E,54 km,3.7,震度２,36.91166667,141.185
2019/3/25,20:42:50,茨城県沖,36°15.0′N,140°34.0′E,93 km,3.4,震度１,36.25,140.5666667
2019/3/26,3:30:21,福島県中通り,37°19.9′N,140°18.2′E,99 km,4.1,震度２,37.33166667,140.3033333
2019/3/26,6:19:43,京都府南部,35°07.4′N,135°40.9′E,6 km,2.3,震度１,35.12333333,135.6816667
2019/3/26,13:11:06,熊本県熊本地方,32°46.1′N,130°46.4′E,10 km,2.3,震度１,32.76833333,130.7733333
2019/3/26,14:22:44,群馬県南部,36°32.8′N,139°22.1′E,6 km,2.9,震度１,36.54666667,139.3683333
2019/3/26,15:29:24,熊本県熊本地方,32°38.4′N,130°42.2′E,10 km,2.7,震度１,32.64,130.7033333
2019/3/26,18:36:50,鳥取県中部,35°25.3′N,133°49.8′E,11 km,2.5,震度１,35.42166667,133.83
2019/3/27,6:51:27,紀伊水道,33°50.0′N,134°55.7′E,40 km,3.6,震度２,33.83333333,134.9283333
2019/3/27,8:52:09,根室半島南東沖,43°12.1′N,146°32.4′E,47 km,3.6,震度１,43.20166667,146.54
2019/3/27,9:10:19,日向灘,32°09.0′N,132°09.4′E,19 km,3.7,震度１,32.15,132.1566667
2019/3/27,9:11:23,日向灘,32°09.1′N,132°09.3′E,15 km,5.4,震度３,32.15166667,132.155
2019/3/27,9:40:01,日向灘,32°08.8′N,132°08.0′E,18 km,4.1,震度１,32.14666667,132.1333333
2019/3/27,10:06:07,岩手県沖,39°06.7′N,142°06.8′E,45 km,3.4,震度１,39.11166667,142.1133333
2019/3/27,15:38:03,日向灘,32°09.8′N,132°09.0′E,21 km,5.4,震度４,32.16333333,132.15
2019/3/27,15:39:46,日向灘,32°11.9′N,132°06.3′E,18 km,3.9,震度２,32.19833333,132.105
2019/3/27,15:54:46,日向灘,32°12.0′N,132°07.3′E,20 km,2.9,震度１,32.2,132.1216667
2019/3/27,18:11:17,日向灘,32°12.9′N,132°07.6′E,19 km,3.8,震度１,32.215,132.1266667
2019/3/28,8:12:43,奄美大島近海,28°52.4′N,129°42.4′E,60 km,3.7,震度１,28.87333333,129.7066667
2019/3/28,11:16:59,十勝沖,42°26.8′N,143°40.2′E,78 km,4.6,震度２,42.44666667,143.67
2019/3/29,4:12:01,茨城県沖,36°12.5′N,140°56.6′E,39 km,3.5,震度１,36.20833333,140.9433333
2019/3/29,5:38:49,福島県沖,36°58.1′N,142°23.5′E,16 km,4.4,震度２,36.96833333,142.3916667
2019/3/29,12:24:15,福島県沖,37°02.0′N,141°11.6′E,21 km,4.5,震度２,37.03333333,141.1933333
2019/3/29,17:47:26,茨城県沖,36°17.3′N,141°09.8′E,46 km,4.3,震度１,36.28833333,141.1633333
2019/3/30,2:10:59,福島県会津,36°58.1′N,139°24.9′E,7 km,2.2,震度１,36.96833333,139.415
2019/3/30,3:00:35,宮城県沖,38°11.0′N,141°41.4′E,50 km,4.1,震度２,38.18333333,141.69
2019/3/30,5:55:43,種子島近海,30°35.3′N,131°09.3′E,32 km,5,震度３,30.58833333,131.155
2019/3/30,17:03:22,宮城県中部,38°21.3′N,140°39.6′E,5 km,1.8,震度１,38.355,140.66
2019/3/30,19:59:18,青森県東方沖,41°29.0′N,142°01.7′E,63 km,3.9,震度２,41.48333333,142.0283333
2019/3/30,23:34:55,内浦湾,41°55.7′N,140°58.2′E,9 km,1.7,震度１,41.92833333,140.97
2019/3/31,1:53:58,福島県沖,36°52.9′N,140°49.9′E,13 km,3.5,震度１,36.88166667,140.8316667
2019/3/31,8:20:34,青森県東方沖,41°28.4′N,142°01.9′E,63 km,3.6,震度１,41.47333333,142.0316667
2019/3/31,8:41:39,長野県北部,36°39.9′N,138°13.7′E,8 km,2.6,震度１,36.665,138.2283333
2019/3/31,9:49:04,長野県北部,36°39.8′N,138°13.7′E,7 km,2.7,震度１,36.66333333,138.2283333
2019/3/31,9:50:10,長野県北部,36°39.8′N,138°13.9′E,7 km,2.9,震度１,36.66333333,138.2316667
2019/4/1,6:56:17,和歌山県北部,34°15.5′N,135°25.5′E,7 km,2.1,震度１,34.25833333,135.425
2019/4/1,18:15:10,熊本県天草・芦北地方,32°10.1′N,130°24.0′E,8 km,2.5,震度１,32.16833333,130.4
2019/4/1,21:17:33,宮城県沖,38°37.1′N,141°53.5′E,48 km,3.9,震度２,38.61833333,141.8916667
2019/4/2,8:56:28,高知県中部,33°47.0′N,133°31.9′E,5 km,2.6,震度１,33.78333333,133.5316667
2019/4/2,11:31:57,茨城県南部,36°06.7′N,139°59.1′E,68 km,3.4,震度１,36.11166667,139.985
2019/4/2,19:08:07,福島県沖,37°13.3′N,141°21.2′E,54 km,3.7,震度１,37.22166667,141.3533333
2019/4/3,2:25:07,福島県中通り,36°55.0′N,140°32.0′E,9 km,2.6,震度１,36.91666667,140.5333333
2019/4/3,5:29:10,浦河沖,41°58.4′N,142°32.1′E,62 km,4.3,震度２,41.97333333,142.535
2019/4/3,8:53:54,岐阜県美濃中西部,35°24.2′N,136°45.3′E,9 km,2.3,震度１,35.40333333,136.755
2019/4/3,9:44:11,胆振地方中東部,42°45.1′N,141°58.9′E,37 km,4,震度２,42.75166667,141.9816667
2019/4/3,15:56:45,福島県沖,37°12.2′N,141°44.5′E,69 km,3.8,震度１,37.20333333,141.7416667
2019/4/4,8:26:15,宮城県沖,38°19.9′N,141°38.1′E,53 km,3.6,震度１,38.33166667,141.635
2019/4/4,8:57:20,千葉県北東部,35°44.0′N,140°37.5′E,52 km,2.8,震度１,35.73333333,140.625
2019/4/4,12:04:32,十勝沖,42°28.4′N,143°33.3′E,71 km,4,震度２,42.47333333,143.555
2019/4/5,7:52:46,薩摩半島西方沖,31°36.8′N,130°14.6′E,10 km,2.8,震度１,31.61333333,130.2433333
2019/4/5,13:06:59,岩手県沿岸南部,39°12.6′N,141°29.1′E,78 km,3.5,震度１,39.21,141.485
2019/4/5,17:23:14,千葉県南東沖,34°41.0′N,140°06.9′E,63 km,4.4,震度３,34.68333333,140.115
2019/4/5,18:56:51,鳥島近海,30°23.8′N,139°00.5′E,414 km,5.9,震度２,30.39666667,139.0083333
2019/4/6,19:30:16,福島県沖,36°52.2′N,140°49.9′E,18 km,3.7,震度２,36.87,140.8316667
2019/4/7,10:02:23,宮城県沖,38°11.2′N,141°47.4′E,64 km,4.2,震度２,38.18666667,141.79
2019/4/8,3:00:04,宮城県沖,38°11.0′N,141°40.8′E,51 km,3.8,震度２,38.18333333,141.68
2019/4/8,7:29:27,日向灘,31°39.5′N,131°35.4′E,43 km,3.1,震度１,31.65833333,131.59
2019/4/8,13:12:41,沖縄本島近海,26°18.4′N,129°34.3′E,45 km,5.6,震度２,26.30666667,129.5716667
2019/4/8,14:23:22,千葉県東方沖,35°42.4′N,141°00.0′E,36 km,3.5,震度１,35.70666667,141
2019/4/8,21:33:47,福島県沖,37°19.1′N,142°09.5′E,32 km,4.3,震度１,37.31833333,142.1583333
2019/4/8,22:22:02,浦河沖,41°57.1′N,142°20.3′E,71 km,4.2,震度２,41.95166667,142.3383333
2019/4/9,17:55:20,青森県東方沖,40°50.4′N,143°08.0′E,12 km,4.2,震度１,40.84,143.1333333
2019/4/9,21:53:27,根室半島南東沖,42°46.4′N,146°14.3′E,35 km,3.9,震度１,42.77333333,146.2383333
2019/4/10,4:19:18,福島県沖,37°09.1′N,141°12.2′E,35 km,4,震度２,37.15166667,141.2033333
2019/4/10,12:44:33,和歌山県北部,33°49.2′N,135°12.2′E,46 km,3.1,震度１,33.82,135.2033333
2019/4/10,23:58:44,青森県三八上北地方,40°34.1′N,141°24.1′E,89 km,3.3,震度１,40.56833333,141.4016667
2019/4/11,9:40:21,熊本県阿蘇地方,33°02.6′N,131°06.3′E,12 km,2.5,震度１,33.04333333,131.105
2019/4/11,17:06:56,岡山県北部,34°59.2′N,133°48.9′E,19 km,3.4,震度３,34.98666667,133.815
2019/4/11,17:18:18,三陸沖,40°21.7′N,143°24.2′E,5 km,6.2,震度３,40.36166667,143.4033333
2019/4/12,2:52:44,沖縄本島近海,24°55.9′N,128°09.3′E,82 km,5,震度１,24.93166667,128.155
2019/4/12,3:50:28,福島県沖,37°45.6′N,141°07.0′E,69 km,3.7,震度２,37.76,141.1166667
2019/4/12,4:34:41,紋別地方,43°50.8′N,143°32.7′E,11 km,2.8,震度１,43.84666667,143.545
2019/4/12,5:02:30,奄美大島近海,28°22.0′N,129°17.6′E,13 km,2.8,震度１,28.36666667,129.2933333
2019/4/12,5:10:32,奄美大島近海,28°22.6′N,129°17.3′E,13 km,2.8,震度１,28.37666667,129.2883333
2019/4/12,15:50:31,京都府南部,34°57.7′N,135°40.6′E,11 km,2.9,震度１,34.96166667,135.6766667
2019/4/12,16:30:05,硫黄島近海,25°58.0′N,141°24.5′E,547 km,5.8,震度１,25.96666667,141.4083333
2019/4/12,20:13:01,宮城県沖,38°32.3′N,141°49.1′E,49 km,3.4,震度１,38.53833333,141.8183333
2019/4/13,12:23:03,長野県南部,35°56.8′N,137°42.1′E,9 km,4.1,震度３,35.94666667,137.7016667
2019/4/13,15:12:40,千葉県北東部,35°25.0′N,140°17.8′E,27 km,3.2,震度３,35.41666667,140.2966667
2019/4/13,16:01:44,岩手県内陸南部,39°05.3′N,140°49.3′E,7 km,3.1,震度１,39.08833333,140.8216667
2019/4/13,17:59:58,岩手県沖,39°51.6′N,142°37.8′E,40 km,3.5,震度１,39.86,142.63
2019/4/14,1:29:14,奈良県,34°21.4′N,135°46.8′E,58 km,3.2,震度１,34.35666667,135.78
2019/4/14,4:49:50,紀伊水道,34°13.4′N,135°08.6′E,8 km,2.3,震度１,34.22333333,135.1433333
2019/4/14,13:56:02,奄美大島近海,28°12.8′N,129°24.5′E,17 km,3.1,震度１,28.21333333,129.4083333
2019/4/14,20:28:13,京都府南部,34°58.2′N,135°43.3′E,6 km,2.5,震度１,34.97,135.7216667
2019/4/14,20:38:13,滋賀県北部,35°21.2′N,135°55.3′E,10 km,2.1,震度２,35.35333333,135.9216667
2019/4/14,22:47:50,胆振地方中東部,42°39.2′N,142°00.5′E,42 km,3.1,震度１,42.65333333,142.0083333
2019/4/15,5:28:30,釧路沖,42°29.1′N,144°49.0′E,43 km,5.1,震度３,42.485,144.8166667
2019/4/15,23:30:52,宮城県南部,38°07.9′N,140°30.2′E,110 km,3.8,震度１,38.13166667,140.5033333
2019/4/16,16:07:18,石垣島近海,24°11.6′N,124°14.1′E,15 km,4.2,震度１,24.19333333,124.235
2019/4/16,16:39:57,奄美大島近海,28°16.9′N,129°54.6′E,47 km,3.3,震度１,28.28166667,129.91
2019/4/16,18:47:37,茨城県沖,36°27.4′N,141°01.8′E,44 km,3.7,震度２,36.45666667,141.03
2019/4/17,2:31:00,宮城県沖,38°19.4′N,141°38.6′E,53 km,3.8,震度１,38.32333333,141.6433333
2019/4/17,11:08:19,岩手県沿岸北部,39°45.4′N,141°51.0′E,58 km,3.4,震度１,39.75666667,141.85
2019/4/17,14:35:33,広島県南東部,34°31.4′N,132°53.3′E,19 km,3.7,震度２,34.52333333,132.8883333
2019/4/17,15:07:35,静岡県西部,34°56.5′N,137°49.4′E,22 km,2.8,震度１,34.94166667,137.8233333
2019/4/17,22:20:01,紀伊水道,34°01.6′N,135°04.6′E,9 km,2.7,震度１,34.02666667,135.0766667
2019/4/17,23:04:46,豊後水道,32°51.2′N,132°02.8′E,42 km,3.5,震度１,32.85333333,132.0466667
2019/4/18,6:07:55,根室半島南東沖,42°45.9′N,146°16.0′E,32 km,4.4,震度１,42.765,146.2666667
2019/4/18,10:04:09,島根県東部,35°14.4′N,132°59.5′E,14 km,3.2,震度１,35.24,132.9916667
2019/4/18,13:41:09,茨城県沖,36°20.8′N,140°42.7′E,55 km,3.5,震度１,36.34666667,140.7116667
2019/4/18,14:01:06,台湾付近,24°00.6′N,121°30.8′E,20 km,6.5,震度２,24.01,121.5133333
2019/4/18,22:52:28,茨城県南部,36°08.4′N,139°49.4′E,51 km,3,震度１,36.14,139.8233333
2019/4/19,8:57:29,宮城県沖,38°46.1′N,142°05.8′E,45 km,3.6,震度１,38.76833333,142.0966667
2019/4/19,13:14:59,根室半島南東沖,43°15.2′N,146°21.0′E,46 km,4.2,震度２,43.25333333,146.35
2019/4/19,16:05:58,苫小牧沖,42°34.6′N,141°32.0′E,122 km,3.9,震度１,42.57666667,141.5333333
2019/4/19,21:43:09,胆振地方中東部,42°45.7′N,141°59.9′E,37 km,3,震度１,42.76166667,141.9983333
2019/4/20,13:09:06,福島県沖,37°33.8′N,141°23.3′E,78 km,3.7,震度１,37.56333333,141.3883333
2019/4/20,22:05:00,日高地方中部,42°41.2′N,142°41.2′E,19 km,3.8,震度１,42.68666667,142.6866667
2019/4/21,3:54:54,沖縄本島近海,26°13.7′N,127°52.6′E,17 km,2.1,震度１,26.22833333,127.8766667
2019/4/21,4:09:46,トカラ列島近海,29°59.2′N,130°25.0′E,48 km,4.2,震度１,29.98666667,130.4166667
2019/4/21,8:13:50,奄美大島近海,28°22.3′N,129°17.7′E,12 km,2.7,震度１,28.37166667,129.295
2019/4/21,11:48:37,紀伊水道,34°12.7′N,135°08.1′E,7 km,3.4,震度２,34.21166667,135.135
2019/4/22,4:27:14,紀伊水道,34°12.9′N,135°08.6′E,7 km,2.7,震度１,34.215,135.1433333
2019/4/22,7:16:46,石川県能登地方,37°27.6′N,137°15.2′E,11 km,2.3,震度１,37.46,137.2533333
2019/4/22,20:18:05,栃木県北部,36°38.2′N,139°29.0′E,8 km,2.8,震度１,36.63666667,139.4833333
2019/4/23,2:45:18,三陸沖,40°32.9′N,143°50.8′E,57 km,5.6,震度２,40.54833333,143.8466667
2019/4/23,5:33:28,和歌山県北部,33°59.2′N,135°17.7′E,6 km,3.4,震度２,33.98666667,135.295
2019/4/23,7:49:30,大隅半島東方沖,31°04.6′N,131°31.8′E,30 km,4,震度２,31.07666667,131.53
2019/4/23,21:36:45,長野県南部,35°51.9′N,137°35.8′E,7 km,2.1,震度１,35.865,137.5966667
2019/4/24,19:31:36,沖縄本島近海,26°20.9′N,126°27.1′E,89 km,3.7,震度１,26.34833333,126.4516667
2019/4/24,20:07:21,青森県東方沖,40°58.5′N,142°00.2′E,56 km,3.1,震度１,40.975,142.0033333
2019/4/25,0:18:57,釧路地方北部,43°36.0′N,144°22.7′E,2 km,2.3,震度３,43.6,144.3783333
2019/4/25,2:19:11,千葉県東方沖,35°44.2′N,141°00.2′E,13 km,3.7,震度１,35.73666667,141.0033333
2019/4/25,3:22:09,石川県能登地方,37°27.2′N,137°15.5′E,11 km,2.5,震度１,37.45333333,137.2583333
2019/4/25,18:32:44,青森県東方沖,41°00.2′N,141°58.7′E,58 km,3.1,震度１,41.00333333,141.9783333
2019/4/25,21:00:02,宮城県沖,38°32.3′N,141°34.2′E,63 km,4.3,震度３,38.53833333,141.57
2019/4/26,4:04:25,胆振地方中東部,42°40.1′N,141°58.3′E,28 km,3.3,震度２,42.66833333,141.9716667
2019/4/26,8:36:22,奄美大島近海,28°22.4′N,129°17.3′E,12 km,2.6,震度１,28.37333333,129.2883333
2019/4/26,16:55:55,十勝地方南部,42°39.6′N,143°07.1′E,70 km,2.9,震度１,42.66,143.1183333
2019/4/26,23:51:19,十勝沖,42°17.5′N,143°48.4′E,79 km,3.9,震度１,42.29166667,143.8066667
2019/4/27,6:35:56,釧路沖,42°46.4′N,144°46.9′E,53 km,3.7,震度１,42.77333333,144.7816667
2019/4/27,9:57:29,福島県沖,37°10.3′N,141°19.7′E,47 km,4.1,震度２,37.17166667,141.3283333
2019/4/27,11:59:14,根室半島南東沖,42°47.6′N,146°14.4′E,35 km,4,震度１,42.79333333,146.24
2019/4/27,12:49:16,奄美大島近海,28°22.3′N,129°17.8′E,9 km,2.3,震度１,28.37166667,129.2966667
2019/4/27,20:32:01,福島県沖,37°16.4′N,142°08.3′E,34 km,4.4,震度１,37.27333333,142.1383333
2019/4/27,20:37:08,熊本県熊本地方,32°46.0′N,130°43.5′E,8 km,1.8,震度１,32.76666667,130.725
2019/4/28,0:30:24,沖縄本島近海,26°37.7′N,127°15.3′E,68 km,4.1,震度２,26.62833333,127.255
2019/4/28,2:24:47,十勝地方南部,42°33.6′N,142°52.7′E,102 km,5.6,震度４,42.56,142.8783333
2019/4/28,5:40:08,福島県沖,37°03.7′N,141°24.6′E,33 km,3.2,震度１,37.06166667,141.41
2019/4/29,3:32:48,富山県東部,36°30.0′N,137°27.8′E,8 km,2.7,震度１,36.5,137.4633333
2019/4/29,7:26:26,福島県沖,37°18.9′N,141°35.6′E,30 km,4,震度１,37.315,141.5933333
2019/4/29,14:24:00,遠州灘,34°32.5′N,137°34.5′E,319 km,4.8,震度１,34.54166667,137.575
2019/4/29,19:21:51,福島県会津,37°03.2′N,139°28.0′E,9 km,2.4,震度１,37.05333333,139.4666667
2019/4/29,20:55:03,トカラ列島近海,29°21.6′N,129°07.9′E,14 km,3,震度１,29.36,129.1316667
2019/4/30,16:01:51,有明海,32°43.8′N,130°36.8′E,12 km,2.4,震度１,32.73,130.6133333
2019/5/1,0:43:40,茨城県沖,36°16.0′N,141°00.4′E,42 km,4.5,震度２,36.26666667,141.0066667
2019/5/2,6:22:13,和歌山県南部,33°55.8′N,135°29.3′E,52 km,3.1,震度２,33.93,135.4883333
2019/5/2,16:15:30,熊本県天草・芦北地方,32°19.6′N,130°29.4′E,6 km,2.2,震度１,32.32666667,130.49
2019/5/2,21:12:15,京都府南部,35°03.9′N,135°38.7′E,8 km,2.5,震度１,35.065,135.645
2019/5/4,9:19:00,岩手県沖,39°07.1′N,142°22.9′E,36 km,4.4,震度２,39.11833333,142.3816667
2019/5/4,11:41:31,宮城県沖,38°17.9′N,141°53.0′E,46 km,4.5,震度３,38.29833333,141.8833333
2019/5/4,21:34:55,胆振地方中東部,42°43.7′N,141°44.2′E,133 km,4.2,震度２,42.72833333,141.7366667
2019/5/5,0:45:13,熊本県天草・芦北地方,32°36.5′N,130°38.9′E,10 km,2.7,震度１,32.60833333,130.6483333
2019/5/5,1:40:26,根室半島南東沖,43°10.6′N,146°25.6′E,52 km,5.3,震度４,43.17666667,146.4266667
2019/5/5,4:51:44,宮城県沖,38°44.3′N,142°18.8′E,38 km,4.7,震度２,38.73833333,142.3133333
2019/5/5,16:38:39,佐渡付近,37°51.6′N,138°09.4′E,14 km,3.7,震度２,37.86,138.1566667
2019/5/5,20:51:53,茨城県北部,36°37.1′N,140°35.7′E,8 km,2.8,震度１,36.61833333,140.595
2019/5/6,9:50:06,滋賀県南部,34°59.8′N,135°57.0′E,9 km,2.8,震度１,34.99666667,135.95
2019/5/6,10:26:13,熊本県天草・芦北地方,32°19.7′N,130°29.5′E,6 km,2.6,震度１,32.32833333,130.4916667
2019/5/6,14:13:26,宮城県沖,38°54.9′N,141°56.2′E,51 km,3.8,震度２,38.915,141.9366667
2019/5/6,19:12:23,和歌山県北部,34°05.5′N,135°08.4′E,6 km,3.1,震度２,34.09166667,135.14
2019/5/7,12:30:43,熊本県熊本地方,32°38.3′N,130°41.6′E,14 km,3.1,震度２,32.63833333,130.6933333
2019/5/7,21:06:21,岩手県沖,39°56.5′N,142°25.2′E,38 km,3.4,震度１,39.94166667,142.42
2019/5/7,22:22:02,宮城県沖,38°46.9′N,142°00.3′E,36 km,3.8,震度２,38.78166667,142.005
2019/5/7,23:42:23,関東東方沖,35°21.1′N,142°40.0′E,59 km,4.8,震度１,35.35166667,142.6666667
2019/5/8,2:58:30,択捉島南東沖,44°06.2′N,148°02.2′E,0 km,4.9,震度１,44.10333333,148.0366667
2019/5/8,8:24:31,宮古島近海,24°49.4′N,125°22.8′E,50 km,3.9,震度２,24.82333333,125.38
2019/5/8,9:20:01,岩手県沖,40°04.4′N,142°06.9′E,48 km,4.4,震度４,40.07333333,142.115
2019/5/8,9:22:30,青森県東方沖,40°41.4′N,142°42.1′E,21 km,4.2,震度１,40.69,142.7016667
2019/5/8,18:02:05,熊本県熊本地方,32°39.7′N,130°43.3′E,7 km,2,震度２,32.66166667,130.7216667
2019/5/9,9:44:10,宮城県沖,38°47.9′N,142°01.7′E,45 km,3.2,震度１,38.79833333,142.0283333
2019/5/9,12:04:39,熊本県熊本地方,32°39.5′N,130°41.4′E,9 km,2.1,震度１,32.65833333,130.69
2019/5/9,14:06:39,熊本県熊本地方,32°50.0′N,130°50.1′E,9 km,2.5,震度１,32.83333333,130.835
2019/5/9,16:03:37,父島近海,26°24.4′N,142°39.2′E,0 km,,震度１,26.40666667,142.6533333
2019/5/9,21:02:41,相模湾,35°10.2′N,139°19.1′E,148 km,3.7,震度１,35.17,139.3183333
2019/5/9,21:42:35,千葉県東方沖,35°48.2′N,140°59.0′E,30 km,3,震度１,35.80333333,140.9833333
2019/5/10,7:43:21,日向灘,31°47.1′N,131°59.5′E,25 km,5.6,震度３,31.785,131.9916667
2019/5/10,7:44:51,日向灘,31°46.4′N,131°57.2′E,23 km,4.4,震度２,31.77333333,131.9533333
2019/5/10,8:48:42,日向灘,31°48.0′N,131°58.4′E,25 km,6.3,震度５弱,31.8,131.9733333
2019/5/10,8:52:12,日向灘,31°46.5′N,131°56.4′E,24 km,3.9,震度１,31.775,131.94
2019/5/10,9:07:36,日向灘,31°46.0′N,131°56.9′E,24 km,4.9,震度３,31.76666667,131.9483333
2019/5/10,13:53:52,日向灘,31°46.1′N,131°53.4′E,25 km,4.3,震度１,31.76833333,131.89
2019/5/10,18:10:59,秋田県沿岸北部,39°54.1′N,139°57.8′E,16 km,3.7,震度２,39.90166667,139.9633333
2019/5/10,19:48:17,茨城県沖,36°50.4′N,141°22.0′E,44 km,3.6,震度１,36.84,141.3666667
2019/5/10,20:40:35,日向灘,31°45.5′N,131°53.7′E,27 km,4.7,震度２,31.75833333,131.895
2019/5/11,0:33:07,群馬県北部,36°42.8′N,139°19.5′E,7 km,2.5,震度１,36.71333333,139.325
2019/5/11,8:59:40,日向灘,32°41.4′N,132°17.6′E,36 km,5,震度４,32.69,132.2933333
2019/5/11,12:53:13,茨城県北部,36°42.8′N,140°36.6′E,7 km,2.9,震度１,36.71333333,140.61
2019/5/11,14:17:20,釧路沖,42°24.4′N,144°38.5′E,48 km,2.6,震度１,42.40666667,144.6416667
2019/5/12,5:47:00,奄美大島近海,28°09.0′N,130°21.5′E,24 km,3.2,震度１,28.15,130.3583333
2019/5/12,15:07:44,日向灘,32°42.3′N,132°17.6′E,37 km,4.3,震度３,32.705,132.2933333
2019/5/13,1:13:07,日向灘,32°41.7′N,132°17.7′E,36 km,3.2,震度１,32.695,132.295
2019/5/13,11:58:46,硫黄島近海,25°22.0′N,142°29.0′E,69 km,4.7,震度１,25.36666667,142.4833333
2019/5/13,14:54:00,熊本県熊本地方,32°33.9′N,130°42.8′E,9 km,3,震度１,32.565,130.7133333
2019/5/13,15:05:42,宮城県沖,38°23.8′N,141°53.1′E,55 km,3.7,震度１,38.39666667,141.885
2019/5/13,18:59:35,福島県沖,37°09.3′N,141°14.8′E,21 km,4.7,震度２,37.155,141.2466667
2019/5/13,23:54:20,熊本県球磨地方,32°14.9′N,130°37.1′E,5 km,2.3,震度１,32.24833333,130.6183333
2019/5/14,5:29:28,大分県西部,33°06.5′N,131°11.9′E,3 km,3.2,震度２,33.10833333,131.1983333
2019/5/14,13:24:40,千葉県東方沖,35°43.5′N,140°59.7′E,36 km,3.2,震度１,35.725,140.995
2019/5/14,18:30:50,父島近海,27°18.6′N,142°43.3′E,41 km,4.4,震度１,27.31,142.7216667
2019/5/15,5:55:27,北海道東方沖,43°36.2′N,147°50.1′E,5 km,5,震度１,43.60333333,147.835
2019/5/15,14:24:31,奄美大島北東沖,29°44.6′N,130°41.1′E,36 km,5.7,震度３,29.74333333,130.685
2019/5/15,20:53:08,茨城県北部,36°41.4′N,140°37.1′E,9 km,2.9,震度１,36.69,140.6183333
2019/5/15,21:38:22,奄美大島近海,28°06.3′N,130°24.9′E,24 km,4,震度２,28.105,130.415
2019/5/15,21:39:16,奄美大島近海,28°10.2′N,130°25.4′E,24 km,3.4,震度１,28.17,130.4233333
2019/5/17,1:04:44,岩手県沖,39°06.0′N,142°12.2′E,43 km,3.9,震度１,39.1,142.2033333
2019/5/17,14:42:25,島根県西部,35°11.1′N,132°35.3′E,13 km,3.3,震度２,35.185,132.5883333
2019/5/17,16:21:23,大阪府北部,34°52.8′N,135°40.6′E,12 km,2.3,震度１,34.88,135.6766667
2019/5/17,23:00:42,小笠原諸島西方沖,28°07.2′N,140°08.0′E,448 km,4.6,震度１,28.12,140.1333333
2019/5/18,0:18:12,胆振地方中東部,42°48.3′N,142°08.1′E,0 km,2,震度１,42.805,142.135
2019/5/18,3:27:51,日向灘,32°42.7′N,132°17.5′E,36 km,3.5,震度１,32.71166667,132.2916667
2019/5/18,10:18:03,宮城県北部,38°54.4′N,141°35.3′E,78 km,4.6,震度３,38.90666667,141.5883333
2019/5/18,21:56:10,宮城県沖,38°51.9′N,142°01.7′E,46 km,3.3,震度１,38.865,142.0283333
2019/5/19,2:56:21,北海道東方沖,43°18.4′N,147°05.4′E,29 km,4.3,震度１,43.30666667,147.09
2019/5/19,5:39:46,千葉県北西部,35°38.9′N,140°03.4′E,68 km,3,震度１,35.64833333,140.0566667
2019/5/19,8:53:38,静岡県東部,35°13.0′N,138°59.7′E,2 km,2.6,震度１,35.21666667,138.995
2019/5/19,10:59:52,日向灘,31°56.6′N,131°53.2′E,29 km,4,震度１,31.94333333,131.8866667
2019/5/19,23:50:11,日向灘,32°38.1′N,132°15.9′E,31 km,4,震度２,32.635,132.265
2019/5/20,7:48:57,千葉県南東沖,35°00.0′N,140°04.6′E,17 km,3.9,震度３,35,140.0766667
2019/5/20,15:25:07,宮城県沖,38°26.1′N,141°49.5′E,56 km,3.5,震度１,38.435,141.825
2019/5/20,17:04:32,新島・神津島近海,34°20.8′N,139°13.9′E,6 km,2.1,震度１,34.34666667,139.2316667
2019/5/20,21:22:48,トカラ列島近海,29°17.3′N,129°19.5′E,15 km,2.6,震度１,29.28833333,129.325
2019/5/21,6:59:17,熊本県熊本地方,32°38.6′N,130°42.5′E,13 km,2.8,震度１,32.64333333,130.7083333
2019/5/21,7:17:35,大阪府北部,34°53.4′N,135°35.7′E,11 km,3.5,震度３,34.89,135.595
2019/5/22,18:20:56,茨城県北部,36°28.5′N,140°31.8′E,58 km,3.4,震度１,36.475,140.53
2019/5/23,0:38:26,鹿児島県薩摩地方,31°20.5′N,130°33.8′E,8 km,2.2,震度１,31.34166667,130.5633333
2019/5/23,1:20:09,愛媛県南予,33°28.9′N,132°16.1′E,47 km,3.5,震度１,33.48166667,132.2683333
2019/5/23,9:02:13,日向灘,31°56.1′N,131°52.9′E,27 km,3.8,震度１,31.935,131.8816667
2019/5/23,14:13:50,奄美大島近海,27°56.2′N,128°54.4′E,45 km,3.9,震度２,27.93666667,128.9066667
2019/5/23,15:51:53,富山県西部,36°22.5′N,136°52.6′E,8 km,2.2,震度１,36.375,136.8766667
2019/5/23,19:20:49,福岡県筑後地方,33°04.3′N,130°29.9′E,13 km,3.7,震度２,33.07166667,130.4983333
2019/5/23,23:22:46,長野県北部,36°54.9′N,138°34.3′E,4 km,2,震度１,36.915,138.5716667
2019/5/24,4:09:32,新潟県中越地方,37°29.3′N,138°42.0′E,28 km,2.8,震度１,37.48833333,138.7
2019/5/24,4:19:34,岐阜県美濃中西部,35°45.6′N,136°52.8′E,12 km,2.8,震度１,35.76,136.88
2019/5/24,9:58:20,胆振地方中東部,42°43.8′N,141°59.6′E,36 km,2.8,震度１,42.73,141.9933333
2019/5/24,12:40:17,埼玉県南部,35°57.0′N,139°24.8′E,106 km,4.1,震度３,35.95,139.4133333
2019/5/24,13:25:11,奈良県,34°05.5′N,135°34.7′E,62 km,3.8,震度１,34.09166667,135.5783333
2019/5/25,4:48:24,山梨県中・西部,35°17.0′N,138°28.2′E,18 km,2.2,震度１,35.28333333,138.47
2019/5/25,15:20:47,千葉県北東部,35°21.4′N,140°17.4′E,38 km,5.1,震度５弱,35.35666667,140.29
2019/5/25,15:40:08,広島県南西部,34°25.9′N,132°24.7′E,19 km,3.2,震度２,34.43166667,132.4116667
2019/5/25,22:15:42,伊豆大島近海,34°44.1′N,139°24.3′E,0 km,2.2,震度１,34.735,139.405
2019/5/26,0:29:25,伊豆半島東方沖,35°03.2′N,139°06.0′E,7 km,2.7,震度２,35.05333333,139.1
2019/5/26,5:12:05,胆振地方中東部,42°33.7′N,141°58.6′E,36 km,2.9,震度１,42.56166667,141.9766667
2019/5/26,8:09:41,宮城県沖,38°41.9′N,141°47.7′E,52 km,2.9,震度１,38.69833333,141.795
2019/5/26,8:24:12,岐阜県飛騨地方,36°00.5′N,137°17.4′E,13 km,2.9,震度１,36.00833333,137.29
2019/5/26,9:11:12,岐阜県飛騨地方,36°00.6′N,137°17.4′E,13 km,3.1,震度２,36.01,137.29
2019/5/26,9:26:22,奄美大島北東沖,29°27.5′N,130°41.5′E,53 km,4.5,震度１,29.45833333,130.6916667
2019/5/26,15:29:11,青森県下北地方,41°19.0′N,141°12.4′E,7 km,1.5,震度１,41.31666667,141.2066667
2019/5/26,16:59:37,静岡県西部,34°50.8′N,137°56.0′E,30 km,3.2,震度１,34.84666667,137.9333333
2019/5/27,4:04:15,茨城県北部,36°41.5′N,140°39.1′E,11 km,4.3,震度４,36.69166667,140.6516667
2019/5/27,12:54:29,大阪府北部,34°52.1′N,135°37.0′E,10 km,2.4,震度１,34.86833333,135.6166667
2019/5/27,15:02:58,宮城県沖,38°32.1′N,141°42.8′E,53 km,3.7,震度１,38.535,141.7133333
2019/5/27,20:40:23,千葉県北東部,35°29.7′N,140°22.8′E,28 km,2.4,震度１,35.495,140.38
2019/5/28,6:25:18,千葉県北西部,35°41.6′N,140°02.7′E,68 km,3.2,震度１,35.69333333,140.045
2019/5/28,10:29:51,北海道東方沖,43°25.2′N,146°53.2′E,70 km,4.4,震度１,43.42,146.8866667
2019/5/28,18:41:27,沖縄本島近海,27°16.1′N,128°36.2′E,17 km,2.4,震度１,27.26833333,128.6033333
2019/5/28,20:36:37,福島県浜通り,36°57.9′N,140°42.1′E,20 km,3.3,震度１,36.965,140.7016667
2019/5/29,14:29:02,日向灘,32°07.5′N,131°41.3′E,38 km,3.1,震度１,32.125,131.6883333
2019/5/29,17:30:04,静岡県中部,35°06.2′N,138°13.6′E,29 km,2.9,震度１,35.10333333,138.2266667
2019/5/29,23:09:13,釧路地方中南部,43°18.8′N,144°29.2′E,136 km,3.6,震度１,43.31333333,144.4866667
2019/5/30,1:02:55,十勝地方北部,43°31.5′N,143°38.5′E,9 km,3.9,震度２,43.525,143.6416667
2019/5/30,3:53:45,茨城県北部,36°42.2′N,140°37.9′E,6 km,2.7,震度１,36.70333333,140.6316667
2019/5/30,5:41:59,和歌山県北部,34°06.3′N,135°11.4′E,3 km,2.9,震度２,34.105,135.19
2019/5/30,15:19:54,福島県沖,36°55.9′N,141°17.6′E,43 km,3.8,震度１,36.93166667,141.2933333
2019/5/30,15:20:24,周防灘,33°45.2′N,131°29.8′E,13 km,3.1,震度２,33.75333333,131.4966667
2019/5/30,20:32:58,茨城県北部,36°41.1′N,140°40.0′E,11 km,3.4,震度２,36.685,140.6666667
2019/5/31,8:46:57,沖縄本島近海,26°35.4′N,127°56.9′E,36 km,3.2,震度１,26.59,127.9483333
2019/5/31,14:27:08,釧路沖,42°49.5′N,145°31.1′E,46 km,3.6,震度２,42.825,145.5183333
2019/5/31,22:48:56,胆振地方中東部,42°49.1′N,141°59.1′E,36 km,4.1,震度３,42.81833333,141.985
2019/6/1,3:19:19,宮城県沖,38°51.2′N,142°03.0′E,46 km,3.6,震度１,38.85333333,142.05
2019/6/1,7:58:11,千葉県北東部,35°22.1′N,140°17.6′E,35 km,4.7,震度４,35.36833333,140.2933333
2019/6/1,16:16:12,栃木県北部,36°37.2′N,139°28.2′E,6 km,3,震度２,36.62,139.47
2019/6/1,23:04:16,岩手県沖,40°21.1′N,142°04.6′E,50 km,3.7,震度１,40.35166667,142.0766667
2019/6/2,5:14:01,硫黄島近海,23°37.9′N,142°22.5′E,132 km,5.7,震度１,23.63166667,142.375
2019/6/2,12:18:48,胆振地方中東部,42°47.3′N,142°00.1′E,36 km,3.6,震度２,42.78833333,142.0016667
2019/6/2,16:21:08,福島県沖,36°59.4′N,141°07.2′E,63 km,3.5,震度１,36.99,141.12
2019/6/2,19:41:15,東京湾,35°04.9′N,139°48.8′E,70 km,3.3,震度１,35.08166667,139.8133333
2019/6/2,20:29:03,日高地方西部,42°47.3′N,142°38.6′E,87 km,3.7,震度２,42.78833333,142.6433333
2019/6/3,1:57:39,安芸灘,34°09.7′N,132°27.8′E,17 km,3.2,震度２,34.16166667,132.4633333
2019/6/3,15:25:33,熊本県阿蘇地方,33°00.0′N,131°13.2′E,12 km,2.9,震度１,33,131.22
2019/6/3,16:13:02,山形県村山地方,38°27.2′N,140°30.2′E,10 km,2.9,震度１,38.45333333,140.5033333
2019/6/3,16:45:16,宮城県沖,38°38.2′N,141°54.2′E,47 km,3.6,震度１,38.63666667,141.9033333
2019/6/3,21:04:22,長野県南部,35°52.3′N,138°08.0′E,11 km,3.4,震度２,35.87166667,138.1333333
2019/6/4,13:39:16,鳥島近海,29°03.3′N,139°39.7′E,445 km,6.2,震度４,29.055,139.6616667
2019/6/5,6:09:35,福島県沖,37°09.0′N,141°15.0′E,21 km,4.5,震度２,37.15,141.25
2019/6/5,7:03:08,岐阜県美濃中西部,35°38.0′N,136°59.5′E,8 km,2.6,震度１,35.63333333,136.9916667
2019/6/5,9:15:33,奄美大島北東沖,29°19.1′N,129°57.4′E,56 km,3.5,震度１,29.31833333,129.9566667
2019/6/5,10:26:55,十勝地方南部,42°19.5′N,143°04.0′E,51 km,4,震度１,42.325,143.0666667
2019/6/5,14:59:44,栃木県北部,36°39.3′N,139°27.9′E,4 km,2.5,震度１,36.655,139.465
2019/6/5,18:11:54,千葉県東方沖,35°51.9′N,140°53.1′E,35 km,3,震度１,35.865,140.885
2019/6/6,5:15:10,茨城県南部,36°02.7′N,139°55.9′E,43 km,3.8,震度３,36.045,139.9316667
2019/6/6,11:26:21,日向灘,32°41.8′N,132°17.6′E,34 km,3.2,震度１,32.69666667,132.2933333
2019/6/6,20:31:54,熊本県天草・芦北地方,32°16.2′N,130°30.6′E,6 km,2.8,震度１,32.27,130.51
2019/6/7,4:31:37,鳥取県中部,35°25.8′N,133°49.6′E,7 km,2.4,震度１,35.43,133.8266667
2019/6/7,8:43:51,茨城県沖,36°28.6′N,141°01.7′E,44 km,3.8,震度２,36.47666667,141.0283333
2019/6/7,11:58:14,福島県沖,37°11.4′N,142°17.6′E,64 km,4.3,震度１,37.19,142.2933333
2019/6/7,13:29:40,熊本県天草・芦北地方,32°21.4′N,130°28.8′E,9 km,2.6,震度１,32.35666667,130.48
2019/6/7,19:08:41,茨城県南部,35°53.0′N,140°43.9′E,22 km,4,震度２,35.88333333,140.7316667
2019/6/8,12:45:59,茨城県南部,36°11.2′N,139°58.1′E,52 km,4,震度３,36.18666667,139.9683333
2019/6/8,18:15:44,種子島近海,30°35.7′N,131°07.6′E,31 km,3.3,震度１,30.595,131.1266667
2019/6/8,18:53:24,鳥取県中部,35°25.7′N,133°49.5′E,7 km,2.1,震度１,35.42833333,133.825
2019/6/9,5:33:34,岩手県沖,39°01.7′N,142°07.8′E,49 km,3.9,震度２,39.02833333,142.13
2019/6/9,9:26:16,宮城県北部,38°44.2′N,141°33.2′E,59 km,3.5,震度２,38.73666667,141.5533333
2019/6/10,3:03:08,千葉県南部,35°01.7′N,139°59.5′E,46 km,2.8,震度１,35.02833333,139.9916667
2019/6/10,10:00:03,茨城県沖,36°19.9′N,140°55.2′E,46 km,3.2,震度１,36.33166667,140.92
2019/6/10,10:39:43,兵庫県南東部,35°03.5′N,134°55.8′E,13 km,2.5,震度１,35.05833333,134.93
2019/6/10,11:08:13,福島県会津,37°26.1′N,139°40.9′E,4 km,2.7,震度２,37.435,139.6816667
2019/6/10,13:04:53,宮古島近海,24°50.1′N,125°00.4′E,24 km,3.5,震度１,24.835,125.0066667
2019/6/10,20:33:57,熊本県熊本地方,32°36.9′N,130°42.0′E,5 km,2.2,震度１,32.615,130.7
2019/6/10,22:00:56,鹿児島県薩摩地方,31°17.4′N,130°28.2′E,152 km,3.9,震度１,31.29,130.47
2019/6/10,22:12:35,宮城県沖,38°54.1′N,142°06.4′E,45 km,4.1,震度２,38.90166667,142.1066667
2019/6/10,23:17:39,広島県北部,34°32.7′N,132°16.5′E,17 km,3,震度１,34.545,132.275
2019/6/11,0:25:41,静岡県中部,34°55.8′N,138°13.8′E,29 km,4,震度２,34.93,138.23
2019/6/11,2:18:57,北海道東方沖,43°25.7′N,146°39.7′E,45 km,4.6,震度２,43.42833333,146.6616667
2019/6/11,4:44:19,西表島付近,24°15.1′N,123°49.0′E,15 km,3.2,震度１,24.25166667,123.8166667
2019/6/11,10:12:15,薩摩半島西方沖,31°35.1′N,130°19.7′E,7 km,2.9,震度２,31.585,130.3283333
2019/6/11,10:21:18,宮城県沖,38°24.9′N,141°38.9′E,59 km,4.5,震度３,38.415,141.6483333
2019/6/11,10:59:07,千葉県北西部,35°48.3′N,140°11.4′E,60 km,3.7,震度２,35.805,140.19
2019/6/11,17:04:18,熊本県天草・芦北地方,32°16.2′N,130°30.6′E,7 km,2.7,震度１,32.27,130.51
2019/6/11,22:14:16,宮城県沖,38°42.1′N,141°47.6′E,53 km,2.8,震度１,38.70166667,141.7933333
2019/6/12,15:04:10,熊本県天草・芦北地方,32°26.9′N,130°32.7′E,9 km,2.7,震度１,32.44833333,130.545
2019/6/12,19:35:08,宮城県沖,38°13.9′N,141°41.8′E,50 km,4.2,震度２,38.23166667,141.6966667
2019/6/12,20:54:36,青森県津軽北部,41°08.1′N,140°32.2′E,13 km,2.4,震度１,41.135,140.5366667
2019/6/13,9:56:13,十勝沖,41°02.5′N,144°09.7′E,63 km,4.7,震度１,41.04166667,144.1616667
2019/6/13,11:06:37,茨城県沖,36°06.0′N,140°59.5′E,36 km,3,震度１,36.1,140.9916667
2019/6/13,17:23:29,静岡県西部,34°52.1′N,137°52.9′E,14 km,3.2,震度１,34.86833333,137.8816667
2019/6/13,18:44:46,岐阜県美濃東部,35°46.2′N,137°23.4′E,11 km,2.5,震度１,35.77,137.39
2019/6/13,19:01:32,静岡県西部,34°52.1′N,137°52.8′E,14 km,2.8,震度１,34.86833333,137.88
2019/6/13,21:30:26,宮城県沖,38°16.9′N,141°37.6′E,54 km,3.7,震度１,38.28166667,141.6266667
2019/6/14,9:52:29,鹿児島県薩摩地方,31°51.9′N,130°42.0′E,8 km,2.4,震度１,31.865,130.7
2019/6/14,21:34:00,日高地方東部,42°19.2′N,143°03.8′E,52 km,3.7,震度１,42.32,143.0633333
2019/6/14,23:33:19,茨城県沖,36°47.0′N,141°04.9′E,47 km,3.6,震度１,36.78333333,141.0816667
2019/6/15,5:54:45,日向灘,32°14.4′N,132°08.0′E,18 km,4.1,震度２,32.24,132.1333333
2019/6/15,5:57:06,福島県会津,36°58.4′N,139°22.2′E,5 km,1.9,震度１,36.97333333,139.37
2019/6/15,7:25:07,山口県東部,34°13.7′N,132°05.7′E,11 km,3.4,震度１,34.22833333,132.095
2019/6/15,11:38:42,千葉県北東部,35°25.4′N,140°19.4′E,15 km,1.8,震度１,35.42333333,140.3233333
2019/6/15,11:46:34,宮城県沖,38°42.3′N,142°16.6′E,37 km,3.8,震度１,38.705,142.2766667
2019/6/15,11:53:23,熊本県熊本地方,32°38.6′N,130°41.2′E,11 km,3.1,震度２,32.64333333,130.6866667
2019/6/15,13:47:45,岩手県沖,39°02.1′N,142°44.7′E,29 km,4.7,震度２,39.035,142.745
2019/6/15,16:10:27,宮城県沖,38°25.8′N,141°50.9′E,57 km,3.5,震度１,38.43,141.8483333
2019/6/15,17:20:23,釧路沖,42°52.8′N,144°55.0′E,50 km,4,震度２,42.88,144.9166667
2019/6/15,18:08:54,熊本県熊本地方,32°48.1′N,130°49.5′E,6 km,2.2,震度１,32.80166667,130.825
2019/6/15,18:10:56,熊本県熊本地方,32°48.0′N,130°49.7′E,6 km,3.1,震度２,32.8,130.8283333
2019/6/16,8:59:55,大阪府北部,34°51.4′N,135°38.1′E,12 km,2.9,震度１,34.85666667,135.635
2019/6/16,11:53:06,茨城県沖,36°16.2′N,140°55.8′E,38 km,3.3,震度１,36.27,140.93
2019/6/16,14:18:32,宮城県沖,38°17.6′N,141°55.2′E,51 km,3.6,震度１,38.29333333,141.92
2019/6/16,16:23:55,大阪府北部,34°51.4′N,135°38.0′E,12 km,2.5,震度１,34.85666667,135.6333333
2019/6/17,8:00:09,茨城県北部,36°30.9′N,140°35.0′E,77 km,5.1,震度４,36.515,140.5833333
2019/6/17,13:21:03,日向灘,32°38.2′N,132°16.2′E,32 km,3.6,震度１,32.63666667,132.27
2019/6/17,14:44:04,大阪府北部,34°50.1′N,135°37.6′E,10 km,2.5,震度１,34.835,135.6266667
2019/6/17,17:18:49,長野県南部,35°54.2′N,137°37.9′E,9 km,3.5,震度３,35.90333333,137.6316667
2019/6/17,19:08:58,北海道東方沖,43°07.8′N,146°54.9′E,50 km,4.4,震度１,43.13,146.915
2019/6/18,6:01:02,新島・神津島近海,34°14.4′N,139°09.2′E,9 km,2.1,震度１,34.24,139.1533333
2019/6/18,7:22:07,秋田県内陸北部,40°03.0′N,140°35.9′E,6 km,3.9,震度２,40.05,140.5983333
2019/6/18,15:41:08,遠州灘,34°17.7′N,137°53.7′E,308 km,3.7,震度１,34.295,137.895
2019/6/18,22:22:20,山形県沖,38°36.4′N,139°28.7′E,14 km,6.7,震度６強,38.60666667,139.4783333
2019/6/18,22:26:49,山形県沖,38°39.0′N,139°30.1′E,13 km,3.8,震度２,38.65,139.5016667
2019/6/18,22:27:58,山形県沖,38°37.0′N,139°29.4′E,13 km,4,震度３,38.61666667,139.49
2019/6/18,22:28:49,山形県沖,38°40.8′N,139°27.1′E,10 km,3.2,震度１,38.68,139.4516667
2019/6/18,22:29:48,山形県沖,38°38.0′N,139°31.3′E,13 km,3.3,震度１,38.63333333,139.5216667
2019/6/18,22:30:14,山形県沖,38°36.6′N,139°27.3′E,9 km,3.3,震度１,38.61,139.455
2019/6/18,22:30:40,山形県沖,38°36.4′N,139°28.6′E,14 km,3,震度１,38.60666667,139.4766667
2019/6/18,22:36:35,新潟県下越沖,38°35.4′N,139°25.6′E,14 km,2.6,震度１,38.59,139.4266667
2019/6/18,22:37:21,山形県沖,38°37.2′N,139°26.8′E,12 km,3.8,震度３,38.62,139.4466667
2019/6/18,22:41:23,新潟県下越沖,38°35.1′N,139°24.5′E,12 km,4.1,震度３,38.585,139.4083333
2019/6/18,22:51:23,新潟県下越沖,38°36.1′N,139°26.9′E,12 km,3,震度１,38.60166667,139.4483333
2019/6/18,22:55:27,新潟県下越沖,38°33.1′N,139°24.8′E,10 km,2.8,震度１,38.55166667,139.4133333
2019/6/18,22:58:10,根室半島南東沖,43°05.6′N,146°41.6′E,60 km,3.6,震度１,43.09333333,146.6933333
2019/6/18,23:05:58,新潟県下越沖,38°35.1′N,139°24.4′E,11 km,2.6,震度１,38.585,139.4066667
2019/6/18,23:07:24,宮城県北部,38°48.5′N,140°42.0′E,3 km,1.7,震度１,38.80833333,140.7
2019/6/18,23:09:33,山形県沖,38°39.2′N,139°26.5′E,10 km,3.5,震度１,38.65333333,139.4416667
2019/6/18,23:10:29,山形県沖,38°38.4′N,139°26.9′E,12 km,3.2,震度１,38.64,139.4483333
2019/6/18,23:12:17,山形県沖,38°37.9′N,139°25.9′E,11 km,2.7,震度１,38.63166667,139.4316667
2019/6/18,23:14:46,山形県沖,38°38.3′N,139°27.1′E,13 km,3.6,震度２,38.63833333,139.4516667
2019/6/18,23:41:15,新潟県下越沖,38°35.8′N,139°25.1′E,13 km,3.1,震度１,38.59666667,139.4183333
2019/6/18,23:55:14,新潟県下越沖,38°35.8′N,139°24.3′E,13 km,2.7,震度１,38.59666667,139.405
2019/6/18,23:57:50,新潟県下越沖,38°35.1′N,139°23.7′E,12 km,3.3,震度２,38.585,139.395
2019/6/19,0:06:59,山形県沖,38°38.1′N,139°29.2′E,13 km,3.3,震度１,38.635,139.4866667
2019/6/19,0:23:59,新潟県下越沖,38°36.7′N,139°25.2′E,12 km,3.6,震度２,38.61166667,139.42
2019/6/19,0:27:06,新潟県下越沖,38°36.9′N,139°26.7′E,12 km,3.1,震度２,38.615,139.445
2019/6/19,0:35:09,山形県沖,38°37.2′N,139°25.4′E,12 km,2.9,震度１,38.62,139.4233333
2019/6/19,0:57:24,新潟県下越沖,38°33.6′N,139°23.7′E,12 km,4.2,震度４,38.56,139.395
2019/6/19,1:06:26,山形県沖,38°37.4′N,139°27.1′E,12 km,3.1,震度１,38.62333333,139.4516667
2019/6/19,1:55:59,山形県沖,38°37.4′N,139°29.8′E,15 km,3,震度１,38.62333333,139.4966667
2019/6/19,2:32:51,山形県沖,38°37.5′N,139°26.7′E,13 km,2.7,震度１,38.625,139.445
2019/6/19,2:59:12,山形県沖,38°37.4′N,139°25.3′E,12 km,2.9,震度１,38.62333333,139.4216667
2019/6/19,3:01:12,新潟県下越沖,38°34.7′N,139°24.9′E,12 km,2.8,震度１,38.57833333,139.415
2019/6/19,3:02:05,山形県沖,38°38.5′N,139°29.1′E,15 km,2.9,震度１,38.64166667,139.485
2019/6/19,3:54:22,新潟県下越沖,38°35.2′N,139°24.3′E,12 km,3.3,震度２,38.58666667,139.405
2019/6/19,5:00:32,茨城県沖,36°25.6′N,140°39.6′E,53 km,3.3,震度２,36.42666667,140.66
2019/6/19,5:04:29,千葉県東方沖,35°48.6′N,140°53.1′E,16 km,3.4,震度１,35.81,140.885
2019/6/19,5:58:43,広島県南西部,34°24.7′N,132°19.7′E,5 km,2.4,震度２,34.41166667,132.3283333
2019/6/19,6:37:33,山形県沖,38°37.8′N,139°27.7′E,14 km,2.9,震度１,38.63,139.4616667
2019/6/19,7:46:07,広島県南西部,34°31.3′N,132°10.3′E,8 km,2.4,震度１,34.52166667,132.1716667
2019/6/19,11:35:49,大隅半島東方沖,31°12.0′N,131°32.6′E,28 km,4.1,震度２,31.2,131.5433333
2019/6/19,14:15:56,新潟県下越沖,38°36.5′N,139°23.3′E,12 km,3.4,震度２,38.60833333,139.3883333
2019/6/20,1:55:48,千葉県南東沖,35°00.6′N,140°11.7′E,76 km,4.4,震度２,35.01,140.195
2019/6/20,5:09:48,千葉県南東沖,34°38.8′N,140°13.8′E,74 km,3.4,震度１,34.64666667,140.23
2019/6/20,6:14:31,和歌山県北部,34°05.6′N,135°08.1′E,6 km,2.5,震度１,34.09333333,135.135
2019/6/20,6:18:16,岐阜県美濃中西部,35°24.6′N,136°44.3′E,12 km,3.3,震度２,35.41,136.7383333
2019/6/20,23:27:37,新潟県下越沖,38°33.1′N,139°24.1′E,10 km,3.3,震度１,38.55166667,139.4016667
2019/6/21,5:33:23,山形県沖,38°36.4′N,139°27.1′E,13 km,4,震度３,38.60666667,139.4516667
2019/6/21,7:04:41,新潟県下越沖,38°35.9′N,139°22.2′E,11 km,2.8,震度１,38.59833333,139.37
2019/6/21,12:41:11,浦河沖,42°05.9′N,142°34.0′E,53 km,3.8,震度１,42.09833333,142.5666667
2019/6/22,2:26:48,茨城県北部,36°27.3′N,140°36.0′E,56 km,3.1,震度１,36.455,140.6
2019/6/22,6:22:57,山梨県中・西部,35°14.2′N,138°25.9′E,16 km,2.4,震度１,35.23666667,138.4316667
2019/6/22,14:15:02,岩手県沖,40°17.7′N,142°17.7′E,38 km,3.6,震度１,40.295,142.295
2019/6/22,20:45:38,茨城県沖,36°25.9′N,140°41.0′E,52 km,3.7,震度２,36.43166667,140.6833333
2019/6/22,21:56:18,種子島近海,30°32.3′N,131°18.9′E,36 km,3.8,震度１,30.53833333,131.315
2019/6/23,6:00:05,与那国島近海,23°46.4′N,122°55.8′E,45 km,4.4,震度１,23.77333333,122.93
2019/6/23,6:49:23,新潟県下越沖,38°36.6′N,139°23.3′E,11 km,3,震度１,38.61,139.3883333
2019/6/23,8:26:48,新潟県下越沖,38°36.7′N,139°23.2′E,12 km,3.4,震度２,38.61166667,139.3866667
2019/6/23,13:44:21,熊本県天草・芦北地方,32°17.3′N,130°31.3′E,8 km,2.7,震度１,32.28833333,130.5216667
2019/6/24,9:11:44,千葉県南東沖,34°55.7′N,139°57.8′E,61 km,5.2,震度４,34.92833333,139.9633333
2019/6/24,9:15:32,千葉県南東沖,34°56.5′N,139°58.3′E,60 km,3.2,震度１,34.94166667,139.9716667
2019/6/24,13:41:02,千葉県北西部,35°48.1′N,140°05.2′E,63 km,3.2,震度１,35.80166667,140.0866667
2019/6/24,19:22:39,伊豆半島東方沖,35°04.0′N,139°06.0′E,8 km,4.1,震度４,35.06666667,139.1
2019/6/24,20:17:38,宮城県沖,38°40.9′N,141°31.6′E,68 km,3.3,震度１,38.68166667,141.5266667
2019/6/24,22:25:00,伊豆半島東方沖,35°03.3′N,139°05.9′E,7 km,2.3,震度２,35.055,139.0983333
2019/6/24,23:34:39,徳島県北部,34°03.3′N,134°26.8′E,9 km,2.5,震度１,34.055,134.4466667
2019/6/25,8:31:08,滋賀県北部,35°18.6′N,135°59.0′E,17 km,3,震度２,35.31,135.9833333
2019/6/25,14:19:17,日向灘,31°47.1′N,131°56.2′E,27 km,4,震度１,31.785,131.9366667
2019/6/25,22:25:27,鹿児島県薩摩地方,31°52.1′N,130°41.9′E,8 km,2,震度１,31.86833333,130.6983333
2019/6/26,2:08:20,千葉県東方沖,35°24.5′N,140°24.1′E,57 km,3.4,震度２,35.40833333,140.4016667
2019/6/26,10:06:18,石川県能登地方,37°27.7′N,137°15.3′E,9 km,2.6,震度２,37.46166667,137.255
2019/6/26,13:17:14,北海道東方沖,43°49.9′N,147°02.4′E,99 km,4.5,震度２,43.83166667,147.04
2019/6/26,14:40:56,新潟県中越地方,37°10.6′N,138°36.8′E,10 km,1.8,震度１,37.17666667,138.6133333
2019/6/26,17:01:29,岩手県沖,40°10.6′N,142°03.7′E,43 km,3.3,震度１,40.17666667,142.0616667
2019/6/26,22:39:34,奈良県,34°44.5′N,135°55.9′E,10 km,2.7,震度１,34.74166667,135.9316667
2019/6/26,22:46:58,茨城県北部,36°42.4′N,140°36.6′E,10 km,3.5,震度２,36.70666667,140.61
2019/6/26,23:59:05,福島県会津,36°58.4′N,139°22.1′E,5 km,1.4,震度１,36.97333333,139.3683333
2019/6/27,5:53:40,長野県南部,35°54.4′N,137°37.6′E,9 km,2.4,震度１,35.90666667,137.6266667
2019/6/27,7:16:14,茨城県北部,36°44.5′N,140°31.9′E,73 km,3.4,震度１,36.74166667,140.5316667
2019/6/27,10:03:34,沖縄本島近海,26°20.6′N,127°38.0′E,50 km,3.2,震度１,26.34333333,127.6333333
2019/6/27,10:26:22,熊本県天草・芦北地方,32°16.1′N,130°30.5′E,7 km,2.5,震度１,32.26833333,130.5083333
2019/6/27,10:32:33,熊本県天草・芦北地方,32°16.0′N,130°30.6′E,7 km,3.5,震度３,32.26666667,130.51
2019/6/27,10:34:58,熊本県天草・芦北地方,32°16.0′N,130°30.6′E,7 km,3.2,震度２,32.26666667,130.51
2019/6/27,10:40:49,熊本県天草・芦北地方,32°16.1′N,130°30.8′E,8 km,3,震度２,32.26833333,130.5133333
2019/6/27,11:25:16,熊本県天草・芦北地方,32°16.0′N,130°30.6′E,7 km,3.1,震度２,32.26666667,130.51
2019/6/27,13:21:26,熊本県天草・芦北地方,32°15.8′N,130°30.4′E,6 km,3,震度２,32.26333333,130.5066667
2019/6/27,22:08:33,埼玉県南部,36°05.0′N,139°44.5′E,52 km,3.4,震度２,36.08333333,139.7416667
2019/6/28,4:29:43,岩手県沖,40°07.2′N,142°26.8′E,34 km,4.1,震度１,40.12,142.4466667
2019/6/28,7:57:44,北海道南西沖,42°29.1′N,139°18.3′E,26 km,3.2,震度１,42.485,139.305
2019/6/28,18:20:00,青森県東方沖,41°35.3′N,141°55.4′E,65 km,3.9,震度１,41.58833333,141.9233333
2019/6/28,20:13:06,山形県沖,38°38.8′N,139°26.9′E,13 km,3.5,震度１,38.64666667,139.4483333
2019/6/29,0:30:19,和歌山県北部,34°04.1′N,135°08.2′E,6 km,2.4,震度１,34.06833333,135.1366667
2019/6/29,0:51:28,マリアナ諸島,19°36.8′N,144°38.3′E,456 km,6.7,震度１,19.61333333,144.6383333
2019/6/29,3:19:20,福島県中通り,37°03.1′N,140°26.4′E,8 km,2.5,震度２,37.05166667,140.44
2019/6/29,3:46:16,土佐湾,33°23.3′N,133°30.9′E,8 km,3.3,震度１,33.38833333,133.515
2019/6/29,15:57:46,根室半島南東沖,42°48.0′N,146°14.1′E,36 km,3.9,震度１,42.8,146.235
2019/6/29,20:19:16,新潟県下越沖,38°35.0′N,139°23.8′E,12 km,2.6,震度１,38.58333333,139.3966667
2019/6/30,10:13:37,茨城県沖,36°03.7′N,141°05.8′E,42 km,4.3,震度２,36.06166667,141.0966667
2019/6/30,12:18:19,宮城県沖,38°52.4′N,141°36.9′E,73 km,3.5,震度１,38.87333333,141.615
2019/6/30,15:53:47,上川地方南部,43°16.4′N,142°24.2′E,166 km,4.5,震度２,43.27333333,142.4033333
2019/7/1,9:37:35,青森県東方沖,41°08.9′N,142°16.9′E,51 km,5.2,震度２,41.14833333,142.2816667
2019/7/1,10:04:21,宮城県沖,38°17.6′N,141°45.6′E,56 km,4.1,震度１,38.29333333,141.76
2019/7/1,10:10:29,安芸灘,34°09.6′N,132°22.1′E,13 km,3.1,震度２,34.16,132.3683333
2019/7/1,11:23:09,千葉県東方沖,35°17.3′N,140°37.7′E,47 km,3.3,震度１,35.28833333,140.6283333
2019/7/1,16:21:27,和歌山県北部,34°12.7′N,135°09.8′E,7 km,2.6,震度１,34.21166667,135.1633333
2019/7/1,23:53:26,渡島地方東部,41°53.4′N,140°58.8′E,9 km,2,震度１,41.89,140.98
2019/7/2,0:20:53,新潟県中越地方,37°13.9′N,138°37.2′E,14 km,3.2,震度２,37.23166667,138.62
2019/7/2,4:03:16,沖縄本島近海,26°38.5′N,127°09.9′E,14 km,3.4,震度１,26.64166667,127.165
2019/7/2,10:00:10,宮城県沖,38°22.0′N,141°40.0′E,52 km,4,震度２,38.36666667,141.6666667
2019/7/2,15:34:13,福島県沖,36°58.9′N,141°19.2′E,30 km,4.1,震度１,36.98166667,141.32
2019/7/3,2:15:19,新潟県下越沖,38°37.2′N,139°24.9′E,12 km,3.4,震度２,38.62,139.415
2019/7/3,11:28:51,岩手県沖,39°31.9′N,142°12.6′E,51 km,3.5,震度１,39.53166667,142.21
2019/7/3,14:05:53,熊本県天草・芦北地方,32°15.2′N,130°30.4′E,6 km,2.2,震度１,32.25333333,130.5066667
2019/7/3,23:24:32,新潟県上越地方,37°00.2′N,138°23.0′E,13 km,2.1,震度１,37.00333333,138.3833333
2019/7/4,2:38:30,天草灘,31°59.4′N,129°55.8′E,12 km,2.8,震度１,31.99,129.93
2019/7/4,3:06:32,根室半島南東沖,43°20.9′N,146°09.3′E,49 km,4.3,震度３,43.34833333,146.155
2019/7/4,9:04:48,東京湾,35°37.5′N,140°02.2′E,67 km,3.8,震度１,35.625,140.0366667
2019/7/5,9:58:20,熊本県天草・芦北地方,32°16.3′N,130°30.6′E,7 km,2.3,震度１,32.27166667,130.51
2019/7/5,12:52:29,岐阜県美濃中西部,35°33.1′N,137°02.8′E,5 km,2.2,震度１,35.55166667,137.0466667
2019/7/5,15:04:05,静岡県西部,34°52.0′N,137°52.7′E,14 km,3.2,震度１,34.86666667,137.8783333
2019/7/5,16:43:23,静岡県伊豆地方,35°02.8′N,139°06.1′E,5 km,3.3,震度３,35.04666667,139.1016667
2019/7/5,20:26:06,福島県沖,37°11.7′N,142°15.7′E,22 km,4.7,震度１,37.195,142.2616667
2019/7/6,3:19:41,長野県北部,36°36.4′N,138°17.7′E,1 km,2.7,震度１,36.60666667,138.295
2019/7/6,7:33:20,青森県東方沖,40°44.7′N,142°12.3′E,47 km,3.1,震度１,40.745,142.205
2019/7/6,11:50:43,種子島近海,30°24.7′N,131°15.6′E,28 km,3.3,震度１,30.41166667,131.26
2019/7/6,14:37:43,鳥取県中部,35°25.9′N,133°49.5′E,7 km,2.3,震度１,35.43166667,133.825
2019/7/7,2:17:26,長野県南部,35°55.0′N,137°35.4′E,8 km,2.5,震度１,35.91666667,137.59
2019/7/7,3:51:58,千葉県東方沖,35°39.2′N,140°44.0′E,48 km,4.3,震度２,35.65333333,140.7333333
2019/7/7,5:34:47,福岡県北西沖,33°47.0′N,130°05.6′E,12 km,3.2,震度１,33.78333333,130.0933333
2019/7/7,9:56:19,熊本県熊本地方,32°46.5′N,130°38.9′E,13 km,3.1,震度２,32.775,130.6483333
2019/7/7,19:02:17,栃木県南部,36°25.4′N,139°47.1′E,88 km,3.3,震度１,36.42333333,139.785
2019/7/7,21:02:57,熊本県天草・芦北地方,32°15.2′N,130°30.7′E,5 km,2.7,震度２,32.25333333,130.5116667
2019/7/8,17:20:51,茨城県沖,36°38.6′N,140°55.9′E,49 km,3.5,震度１,36.64333333,140.9316667
2019/7/8,18:51:03,島根県東部,35°18.1′N,133°17.0′E,7 km,2.8,震度２,35.30166667,133.2833333
2019/7/8,19:18:12,千葉県南東沖,34°50.6′N,139°58.7′E,54 km,3.8,震度１,34.84333333,139.9783333
2019/7/8,22:54:22,神奈川県西部,35°30.3′N,139°05.1′E,23 km,4.3,震度３,35.505,139.085
2019/7/8,23:01:09,福岡県北西沖,33°46.9′N,130°05.5′E,12 km,3.4,震度１,33.78166667,130.0916667
2019/7/8,23:37:05,豊後水道,33°09.3′N,132°21.9′E,37 km,3,震度１,33.155,132.365
2019/7/9,1:24:48,茨城県沖,36°27.8′N,141°02.7′E,44 km,3.6,震度２,36.46333333,141.045
2019/7/9,3:35:36,与那国島近海,23°47.6′N,122°29.1′E,24 km,4.8,震度１,23.79333333,122.485
2019/7/9,7:23:31,東京湾,35°35.0′N,139°56.8′E,21 km,3.3,震度２,35.58333333,139.9466667
2019/7/9,8:24:14,山形県沖,38°39.8′N,139°26.6′E,15 km,3.5,震度１,38.66333333,139.4433333
2019/7/9,12:56:40,熊本県天草・芦北地方,32°15.2′N,130°30.1′E,5 km,2.6,震度１,32.25333333,130.5016667
2019/7/9,13:40:37,福島県沖,37°25.0′N,141°46.7′E,47 km,3.6,震度１,37.41666667,141.7783333
2019/7/9,20:33:28,オホーツク海南部,47°04.4′N,145°16.8′E,489 km,5.6,震度２,47.07333333,145.28
2019/7/10,2:13:21,千葉県東方沖,35°36.8′N,141°00.4′E,14 km,3.3,震度１,35.61333333,141.0066667
2019/7/10,6:13:32,紀伊水道,34°03.6′N,135°04.1′E,12 km,3.7,震度２,34.06,135.0683333
2019/7/10,17:22:25,山形県沖,38°37.7′N,139°25.5′E,11 km,3.5,震度２,38.62833333,139.425
2019/7/10,20:33:03,岐阜県美濃中西部,35°28.1′N,136°44.0′E,9 km,3.6,震度２,35.46833333,136.7333333
2019/7/11,5:19:16,宮城県沖,38°53.2′N,142°05.0′E,45 km,4.1,震度２,38.88666667,142.0833333
2019/7/11,9:13:33,千葉県東方沖,35°43.8′N,141°00.0′E,13 km,3.1,震度１,35.73,141
2019/7/11,10:53:14,岩手県沖,39°38.8′N,142°04.8′E,86 km,3.6,震度１,39.64666667,142.08
2019/7/11,16:04:26,新潟県下越沖,38°33.1′N,139°24.0′E,11 km,4.3,震度３,38.55166667,139.4
2019/7/11,20:31:53,熊本県天草・芦北地方,32°12.3′N,130°25.2′E,5 km,1.9,震度１,32.205,130.42
2019/7/12,6:21:57,与那国島近海,23°54.2′N,122°53.8′E,29 km,5.5,震度２,23.90333333,122.8966667
2019/7/13,1:52:08,熊本県熊本地方,32°41.8′N,130°40.3′E,12 km,2.4,震度１,32.69666667,130.6716667
2019/7/13,9:57:43,奄美大島北西沖,29°14.1′N,128°10.7′E,256 km,6,震度３,29.235,128.1783333
2019/7/13,17:40:35,茨城県南部,36°04.7′N,140°00.1′E,66 km,3.3,震度１,36.07833333,140.0016667
2019/7/13,20:16:20,熊本県天草・芦北地方,32°15.9′N,130°30.3′E,5 km,2.2,震度１,32.265,130.505
2019/7/13,21:57:23,父島近海,27°23.3′N,142°22.3′E,52 km,3.8,震度１,27.38833333,142.3716667
2019/7/13,22:02:26,青森県東方沖,40°54.8′N,141°49.5′E,69 km,3.1,震度１,40.91333333,141.825
2019/7/14,4:15:50,鹿児島県薩摩地方,32°14.7′N,130°17.8′E,10 km,2.7,震度１,32.245,130.2966667
2019/7/14,6:43:53,岩手県沖,40°22.6′N,142°15.7′E,41 km,3.3,震度１,40.37666667,142.2616667
2019/7/14,12:24:16,奄美大島近海,27°50.8′N,129°49.0′E,43 km,3.8,震度１,27.84666667,129.8166667
2019/7/14,22:15:26,長野県南部,35°52.4′N,137°42.3′E,10 km,2.1,震度１,35.87333333,137.705
2019/7/14,22:23:18,十勝地方中部,42°45.5′N,143°25.3′E,107 km,4,震度３,42.75833333,143.4216667
2019/7/15,1:30:41,千葉県東方沖,35°38.1′N,140°40.0′E,50 km,3.6,震度２,35.635,140.6666667
2019/7/15,2:59:38,岐阜県飛騨地方,36°03.3′N,137°34.4′E,8 km,2.4,震度１,36.055,137.5733333
2019/7/15,3:31:37,和歌山県北部,34°08.5′N,135°08.9′E,5 km,2.2,震度１,34.14166667,135.1483333
2019/7/16,1:38:12,埼玉県北部,36°06.4′N,139°41.2′E,85 km,3.2,震度１,36.10666667,139.6866667
2019/7/16,6:35:09,青森県東方沖,40°41.9′N,142°39.3′E,26 km,4,震度１,40.69833333,142.655
2019/7/16,15:33:38,岩手県内陸南部,39°01.8′N,140°52.8′E,8 km,3.1,震度１,39.03,140.88
2019/7/17,0:25:44,福島県沖,37°10.4′N,141°23.3′E,47 km,4.3,震度３,37.17333333,141.3883333
2019/7/17,0:36:35,茨城県沖,36°26.8′N,140°59.7′E,45 km,3.3,震度１,36.44666667,140.995
2019/7/17,15:59:13,天草灘,32°00.8′N,129°42.3′E,11 km,3.3,震度１,32.01333333,129.705
2019/7/17,18:00:20,宮城県北部,38°57.9′N,141°36.8′E,78 km,4.7,震度３,38.965,141.6133333
2019/7/18,22:39:57,茨城県沖,36°12.7′N,141°00.1′E,45 km,3.2,震度１,36.21166667,141.0016667
2019/7/19,14:19:43,千葉県北西部,35°37.2′N,140°07.0′E,68 km,3.6,震度２,35.62,140.1166667
2019/7/19,21:05:42,国後島付近,43°24.1′N,145°43.9′E,72 km,3.8,震度２,43.40166667,145.7316667
2019/7/20,3:00:47,宮城県沖,38°56.1′N,141°59.0′E,54 km,3.7,震度１,38.935,141.9833333
2019/7/20,10:27:21,茨城県沖,36°22.9′N,140°46.8′E,56 km,3.7,震度２,36.38166667,140.78
2019/7/20,12:56:33,宮城県南部,37°58.0′N,140°41.3′E,104 km,3.8,震度２,37.96666667,140.6883333
2019/7/20,17:45:28,奄美大島近海,28°23.3′N,129°25.9′E,20 km,2.9,震度１,28.38833333,129.4316667
2019/7/21,10:31:32,宮城県沖,38°20.9′N,142°15.0′E,31 km,4.2,震度１,38.34833333,142.25
2019/7/21,23:01:42,十勝沖,42°17.5′N,144°10.7′E,70 km,4.4,震度２,42.29166667,144.1783333
2019/7/21,23:07:55,紀伊水道,34°08.7′N,135°05.8′E,8 km,2.6,震度１,34.145,135.0966667
2019/7/22,6:13:21,沖縄本島近海,26°48.1′N,127°44.0′E,16 km,4,震度２,26.80166667,127.7333333
2019/7/22,6:15:54,沖縄本島近海,26°48.3′N,127°44.3′E,17 km,4.2,震度２,26.805,127.7383333
2019/7/22,6:37:16,沖縄本島近海,26°48.1′N,127°44.5′E,16 km,4,震度１,26.80166667,127.7416667
2019/7/22,7:18:57,沖縄本島近海,26°48.3′N,127°44.3′E,15 km,3.4,震度１,26.805,127.7383333
2019/7/22,10:39:14,熊本県天草・芦北地方,32°25.8′N,130°29.7′E,11 km,4,震度３,32.43,130.495
2019/7/22,13:08:38,千葉県東方沖,35°46.0′N,141°03.3′E,27 km,3.5,震度１,35.76666667,141.055
2019/7/22,14:40:48,青森県東方沖,41°28.8′N,142°00.1′E,62 km,3.5,震度１,41.48,142.0016667
2019/7/23,1:13:23,北海道北西沖,45°29.4′N,140°58.3′E,4 km,2,震度１,45.49,140.9716667
2019/7/23,5:47:01,宮古島北西沖,25°09.6′N,124°18.9′E,111 km,5,震度２,25.16,124.315
2019/7/23,9:10:08,千葉県東方沖,35°39.6′N,140°45.0′E,49 km,4.2,震度２,35.66,140.75
2019/7/23,10:38:55,オホーツク海南部,44°54.4′N,145°27.5′E,30 km,3.6,震度１,44.90666667,145.4583333
2019/7/23,15:28:08,千葉県北西部,35°38.4′N,140°09.8′E,67 km,3.9,震度２,35.64,140.1633333
2019/7/23,21:34:33,福島県会津,37°04.9′N,139°20.7′E,8 km,2.8,震度２,37.08166667,139.345
2019/7/24,0:08:29,熊本県熊本地方,32°45.9′N,130°37.4′E,9 km,2.8,震度１,32.765,130.6233333
2019/7/24,10:23:12,茨城県南部,36°04.9′N,139°52.7′E,45 km,3.4,震度１,36.08166667,139.8783333
2019/7/24,18:33:27,千葉県東方沖,35°48.7′N,140°56.6′E,25 km,3.2,震度１,35.81166667,140.9433333
2019/7/25,2:49:16,新潟県下越沖,38°34.6′N,139°24.9′E,11 km,2.4,震度１,38.57666667,139.415
2019/7/25,4:14:53,熊本県熊本地方,32°41.5′N,130°42.7′E,17 km,2.6,震度１,32.69166667,130.7116667
2019/7/25,7:10:42,宮城県沖,38°47.4′N,142°02.2′E,54 km,3.7,震度１,38.79,142.0366667
2019/7/25,7:14:23,千葉県東方沖,35°08.8′N,140°34.1′E,58 km,5.1,震度３,35.14666667,140.5683333
2019/7/25,14:22:46,宮城県沖,38°48.9′N,141°48.6′E,65 km,3.7,震度１,38.815,141.81
2019/7/25,15:10:09,石狩地方中部,43°02.6′N,141°13.5′E,7 km,2.6,震度１,43.04333333,141.225
2019/7/26,8:08:04,岐阜県美濃中西部,35°48.3′N,136°57.4′E,9 km,2.3,震度１,35.805,136.9566667
2019/7/26,20:31:46,福井県嶺北,35°56.0′N,136°19.9′E,6 km,2.2,震度１,35.93333333,136.3316667
2019/7/26,23:40:40,釧路沖,43°00.6′N,145°17.2′E,88 km,3.6,震度１,43.01,145.2866667
2019/7/27,2:11:50,日向灘,31°45.4′N,131°54.9′E,26 km,4.3,震度２,31.75666667,131.915
2019/7/28,3:31:07,三重県南東沖,33°09.6′N,137°23.8′E,393 km,6.6,震度４,33.16,137.3966667
2019/7/28,16:41:19,茨城県南部,36°11.4′N,139°47.9′E,55 km,3,震度１,36.19,139.7983333
2019/7/28,18:06:20,沖縄本島近海,26°48.2′N,127°44.7′E,15 km,4,震度１,26.80333333,127.745
2019/7/28,20:54:51,日向灘,32°37.9′N,132°15.8′E,32 km,3.1,震度１,32.63166667,132.2633333
2019/7/29,0:05:06,奄美大島北西沖,28°05.1′N,128°11.2′E,12 km,4,震度１,28.085,128.1866667
2019/7/29,0:34:57,千葉県東方沖,35°48.7′N,140°56.4′E,24 km,4.3,震度３,35.81166667,140.94
2019/7/29,2:50:33,沖縄本島近海,26°29.2′N,128°55.8′E,45 km,4.3,震度１,26.48666667,128.93
2019/7/29,5:58:24,神奈川県西部,35°21.7′N,139°06.9′E,20 km,2.9,震度１,35.36166667,139.115
2019/7/30,5:37:44,八丈島東方沖,32°54.7′N,140°46.6′E,59 km,5.9,震度３,32.91166667,140.7766667
2019/7/30,7:08:02,福島県沖,37°42.1′N,141°42.9′E,25 km,4,震度１,37.70166667,141.715
2019/7/30,12:46:00,沖縄本島近海,25°59.9′N,128°24.3′E,44 km,4.6,震度１,25.99833333,128.405
2019/7/30,13:13:48,十勝地方南部,42°22.2′N,143°06.3′E,49 km,4.2,震度２,42.37,143.105
2019/7/30,15:52:48,胆振地方中東部,42°37.2′N,141°59.6′E,28 km,4.2,震度３,42.62,141.9933333
2019/7/30,17:31:57,長野県中部,36°11.4′N,137°59.2′E,7 km,3,震度２,36.19,137.9866667
2019/7/30,22:18:16,長野県南部,35°49.7′N,137°59.6′E,9 km,3.1,震度１,35.82833333,137.9933333
2019/7/31,0:15:02,奄美大島近海,28°28.9′N,129°02.6′E,10 km,3.6,震度１,28.48166667,129.0433333
2019/7/31,1:43:22,熊本県熊本地方,32°46.0′N,130°37.5′E,9 km,2.4,震度１,32.76666667,130.625
2019/7/31,23:25:26,宮城県沖,38°51.9′N,141°38.1′E,61 km,3,震度１,38.865,141.635
2019/8/1,19:31:28,石狩地方中部,43°02.6′N,141°13.5′E,8 km,3.1,震度２,43.04333333,141.225
2019/8/1,22:52:22,択捉島付近,44°45.3′N,147°50.9′E,179 km,4.6,震度１,44.755,147.8483333
2019/8/3,9:08:33,新潟県中越地方,36°59.1′N,138°37.4′E,7 km,2.4,震度１,36.985,138.6233333
2019/8/3,14:23:33,宮古島近海,24°46.3′N,125°14.2′E,44 km,3.1,震度１,24.77166667,125.2366667
2019/8/4,3:04:19,岩手県沿岸北部,39°39.8′N,141°30.7′E,73 km,4.4,震度３,39.66333333,141.5116667
2019/8/4,14:44:18,新潟県下越沖,38°31.1′N,139°27.5′E,8 km,2.4,震度１,38.51833333,139.4583333
2019/8/4,16:16:27,大阪府北部,34°50.0′N,135°37.3′E,10 km,2.6,震度１,34.83333333,135.6216667
2019/8/4,19:23:04,福島県沖,37°42.4′N,141°37.9′E,45 km,6.4,震度５弱,37.70666667,141.6316667
2019/8/5,1:06:04,宮城県北部,38°55.7′N,141°38.3′E,71 km,3,震度１,38.92833333,141.6383333
2019/8/5,2:11:55,岩手県沖,39°38.3′N,142°06.5′E,49 km,3.8,震度１,39.63833333,142.1083333
2019/8/5,7:29:32,宮城県沖,38°10.9′N,141°41.1′E,50 km,3.6,震度１,38.18166667,141.685
2019/8/5,14:29:02,和歌山県北部,33°47.4′N,135°21.0′E,10 km,2.9,震度１,33.79,135.35
2019/8/6,0:01:40,福島県沖,36°52.7′N,141°08.2′E,49 km,3.6,震度１,36.87833333,141.1366667
2019/8/6,19:04:00,宮城県北部,38°48.2′N,140°44.0′E,3 km,2.2,震度１,38.80333333,140.7333333
2019/8/6,21:51:59,山形県沖,38°37.6′N,139°27.3′E,13 km,2.8,震度１,38.62666667,139.455
2019/8/7,18:22:41,愛媛県中予,33°52.8′N,132°45.8′E,42 km,3.6,震度２,33.88,132.7633333
2019/8/7,21:10:43,福島県沖,37°11.5′N,141°19.7′E,20 km,4.2,震度１,37.19166667,141.3283333
2019/8/7,23:06:39,奄美大島北西沖,28°05.7′N,128°09.5′E,9 km,3.5,震度１,28.095,128.1583333
2019/8/8,4:24:58,鳥取県中部,35°25.8′N,133°49.5′E,11 km,2.6,震度１,35.43,133.825
2019/8/8,6:28:03,台湾付近,24°22.4′N,121°52.1′E,38 km,6.4,震度２,24.37333333,121.8683333
2019/8/8,11:14:04,釧路沖,42°37.4′N,144°56.2′E,51 km,3.9,震度１,42.62333333,144.9366667
2019/8/8,14:10:08,茨城県南部,36°01.3′N,140°04.7′E,61 km,3.3,震度１,36.02166667,140.0783333
2019/8/8,17:50:06,北海道北西沖,44°43.5′N,141°46.8′E,13 km,3,震度２,44.725,141.78
2019/8/8,19:39:02,愛媛県中予,33°52.8′N,132°45.7′E,42 km,3.7,震度２,33.88,132.7616667
2019/8/9,3:56:47,宮古島北西沖,25°37.6′N,124°44.4′E,108 km,4.7,震度１,25.62666667,124.74
2019/8/9,6:48:22,富山県東部,36°29.2′N,137°14.6′E,7 km,2.9,震度１,36.48666667,137.2433333
2019/8/9,14:30:29,熊本県熊本地方,32°41.8′N,130°42.9′E,17 km,3.1,震度１,32.69666667,130.715
2019/8/9,15:40:30,茨城県沖,36°38.2′N,140°46.1′E,26 km,3.2,震度１,36.63666667,140.7683333
2019/8/9,17:15:07,山梨県東部・富士五湖,35°28.6′N,138°59.3′E,23 km,3,震度２,35.47666667,138.9883333
2019/8/9,23:20:35,日向灘,32°35.2′N,132°15.3′E,32 km,3.7,震度１,32.58666667,132.255
2019/8/10,2:17:23,沖縄本島近海,26°18.2′N,126°38.8′E,77 km,3.9,震度１,26.30333333,126.6466667
2019/8/10,12:33:28,熊本県熊本地方,32°46.0′N,130°43.4′E,10 km,3.1,震度２,32.76666667,130.7233333
2019/8/10,14:25:37,胆振地方中東部,42°32.1′N,141°08.9′E,2 km,3.2,震度１,42.535,141.1483333
2019/8/10,23:11:06,熊本県阿蘇地方,32°56.6′N,131°01.7′E,11 km,2.6,震度１,32.94333333,131.0283333
2019/8/11,4:10:03,釧路沖,42°38.4′N,144°06.9′E,62 km,3.8,震度１,42.64,144.115
2019/8/12,9:13:51,新潟県下越沖,38°36.6′N,139°24.5′E,10 km,3,震度１,38.61,139.4083333
2019/8/12,13:36:03,大隅半島東方沖,31°13.8′N,131°23.1′E,39 km,3.5,震度１,31.23,131.385
2019/8/12,16:39:05,千葉県南東沖,34°50.9′N,139°51.4′E,51 km,3.6,震度１,34.84833333,139.8566667
2019/8/12,20:51:34,和歌山県北部,34°13.2′N,135°09.9′E,6 km,2.6,震度１,34.22,135.165
2019/8/12,21:31:46,日向灘,32°02.9′N,131°57.6′E,20 km,3.3,震度１,32.04833333,131.96
2019/8/12,23:11:05,福島県中通り,37°02.9′N,140°37.1′E,9 km,3.2,震度１,37.04833333,140.6183333
2019/8/13,0:18:41,日高地方西部,42°39.2′N,142°31.3′E,87 km,3.3,震度１,42.65333333,142.5216667
2019/8/13,5:19:58,日向灘,32°02.4′N,131°57.8′E,16 km,3.5,震度１,32.04,131.9633333
2019/8/13,6:05:38,天草灘,32°01.3′N,129°50.5′E,13 km,2.8,震度１,32.02166667,129.8416667
2019/8/13,9:18:44,山梨県東部・富士五湖,35°32.9′N,139°00.3′E,20 km,2.7,震度１,35.54833333,139.005
2019/8/13,11:48:49,岐阜県飛騨地方,36°03.2′N,137°34.5′E,7 km,2.2,震度１,36.05333333,137.575
2019/8/13,14:47:53,山梨県東部・富士五湖,35°44.8′N,138°57.5′E,23 km,2.8,震度１,35.74666667,138.9583333
2019/8/14,4:34:55,鹿児島県薩摩地方,31°14.7′N,130°38.6′E,9 km,3,震度２,31.245,130.6433333
2019/8/14,7:02:51,宮城県沖,38°50.2′N,142°24.4′E,49 km,4.3,震度２,38.83666667,142.4066667
2019/8/15,1:25:19,和歌山県北部,34°08.8′N,135°09.5′E,4 km,2.2,震度１,34.14666667,135.1583333
2019/8/15,10:30:34,新潟県下越沖,38°36.4′N,139°25.1′E,13 km,3.2,震度１,38.60666667,139.4183333
2019/8/15,14:32:53,青森県三八上北地方,40°47.5′N,141°20.3′E,93 km,5.5,震度４,40.79166667,141.3383333
2019/8/15,15:06:09,青森県三八上北地方,40°47.5′N,141°19.4′E,91 km,4.5,震度３,40.79166667,141.3233333
2019/8/15,15:54:45,宮城県沖,38°14.0′N,141°49.8′E,62 km,4,震度２,38.23333333,141.83
2019/8/15,17:52:39,福島県沖,37°06.7′N,141°13.6′E,62 km,3.8,震度２,37.11166667,141.2266667
2019/8/15,18:07:35,宮城県沖,38°35.4′N,142°16.7′E,39 km,4.6,震度１,38.59,142.2783333
2019/8/15,18:15:04,十勝沖,42°08.9′N,143°48.7′E,68 km,4.4,震度２,42.14833333,143.8116667
2019/8/15,20:19:07,沖縄本島近海,27°12.2′N,128°19.3′E,52 km,3.9,震度１,27.20333333,128.3216667
2019/8/15,21:50:27,有明海,32°43.5′N,130°36.3′E,13 km,2.6,震度１,32.725,130.605
2019/8/16,19:06:06,茨城県北部,36°42.6′N,140°36.4′E,9 km,2.6,震度１,36.71,140.6066667
2019/8/18,2:17:53,釧路沖,42°45.5′N,144°50.3′E,82 km,3.8,震度１,42.75833333,144.8383333
2019/8/18,17:17:47,広島県北部,35°03.7′N,132°59.0′E,7 km,2,震度１,35.06166667,132.9833333
2019/8/18,19:06:41,新潟県下越沖,38°32.8′N,139°23.8′E,11 km,4.4,震度３,38.54666667,139.3966667
2019/8/18,22:35:50,宮城県沖,38°27.1′N,142°00.6′E,42 km,3.8,震度１,38.45166667,142.01
2019/8/19,13:59:52,新潟県中越地方,37°23.3′N,138°47.2′E,9 km,2.6,震度１,37.38833333,138.7866667
2019/8/19,17:38:21,新潟県下越沖,38°32.9′N,139°23.9′E,11 km,3.2,震度１,38.54833333,139.3983333
2019/8/19,17:43:15,佐賀県南部,33°24.4′N,130°11.6′E,16 km,3.1,震度２,33.40666667,130.1933333
2019/8/19,19:11:49,茨城県北部,36°41.9′N,140°38.4′E,5 km,2.9,震度１,36.69833333,140.64
2019/8/20,9:30:04,大阪府北部,34°55.4′N,135°38.5′E,10 km,2.9,震度２,34.92333333,135.6416667
2019/8/20,17:20:24,奄美大島近海,28°01.7′N,130°12.2′E,46 km,4.9,震度３,28.02833333,130.2033333
2019/8/20,18:28:46,奄美大島近海,28°02.6′N,130°12.7′E,45 km,3.4,震度１,28.04333333,130.2116667
2019/8/20,21:52:22,奄美大島近海,28°02.4′N,130°55.1′E,75 km,5,震度２,28.04,130.9183333
2019/8/21,0:07:47,新潟県下越沖,38°32.7′N,139°23.9′E,11 km,3.9,震度２,38.545,139.3983333
2019/8/21,12:35:25,十勝地方南部,42°23.5′N,143°03.7′E,26 km,4.3,震度２,42.39166667,143.0616667
2019/8/22,9:42:36,青森県東方沖,41°35.7′N,141°55.6′E,65 km,3.4,震度１,41.595,141.9266667
2019/8/23,0:11:50,滋賀県北部,35°25.0′N,136°02.3′E,9 km,2.2,震度１,35.41666667,136.0383333
2019/8/23,20:49:37,千葉県南部,35°21.0′N,140°01.0′E,40 km,4,震度２,35.35,140.0166667
2019/8/23,21:41:14,熊本県天草・芦北地方,32°21.7′N,130°28.9′E,9 km,3,震度１,32.36166667,130.4816667
2019/8/24,1:39:35,宮城県沖,38°53.3′N,141°58.1′E,49 km,3.9,震度２,38.88833333,141.9683333
2019/8/24,3:05:23,宮城県沖,38°24.2′N,141°53.4′E,54 km,4.2,震度３,38.40333333,141.89
2019/8/24,8:44:52,石垣島近海,24°21.9′N,124°42.4′E,54 km,5.2,震度３,24.365,124.7066667
2019/8/24,11:49:23,熊本県熊本地方,32°43.3′N,130°38.4′E,11 km,2.3,震度１,32.72166667,130.64
2019/8/24,13:52:46,福島県沖,37°23.2′N,142°25.1′E,25 km,5.6,震度３,37.38666667,142.4183333
2019/8/25,3:51:03,青森県東方沖,41°29.0′N,142°01.7′E,63 km,4.1,震度２,41.48333333,142.0283333
2019/8/26,5:31:10,愛媛県中予,33°43.2′N,132°46.8′E,40 km,3.2,震度１,33.72,132.78
2019/8/26,20:53:34,宮古島近海,24°24.4′N,125°10.0′E,53 km,3.6,震度１,24.40666667,125.1666667
2019/8/27,0:13:31,神奈川県西部,35°29.9′N,139°04.1′E,14 km,4.2,震度３,35.49833333,139.0683333
2019/8/27,0:15:31,神奈川県西部,35°30.0′N,139°03.9′E,14 km,3,震度１,35.5,139.065
2019/8/27,3:47:15,沖縄本島北西沖,27°02.9′N,126°46.6′E,120 km,4.6,震度２,27.04833333,126.7766667
2019/8/27,9:41:21,宮城県沖,38°29.8′N,142°08.8′E,39 km,4,震度１,38.49666667,142.1466667
2019/8/27,23:08:50,石川県能登地方,37°27.4′N,137°15.0′E,11 km,2.6,震度１,37.45666667,137.25
2019/8/27,23:19:48,石川県能登地方,37°27.5′N,137°15.0′E,11 km,2.8,震度１,37.45833333,137.25
2019/8/27,23:58:34,石川県能登地方,37°27.5′N,137°14.8′E,10 km,3.8,震度３,37.45833333,137.2466667
2019/8/28,17:35:53,茨城県北部,36°50.6′N,140°37.6′E,8 km,3.4,震度１,36.84333333,140.6266667
2019/8/29,8:46:39,青森県東方沖,40°58.8′N,143°01.6′E,21 km,6.1,震度３,40.98,143.0266667
2019/8/29,9:57:49,熊本県天草・芦北地方,32°14.9′N,130°30.9′E,8 km,2.7,震度１,32.24833333,130.515
2019/8/29,21:14:15,宮城県沖,38°48.4′N,142°00.5′E,47 km,3.4,震度１,38.80666667,142.0083333
2019/8/30,4:24:52,根室半島南東沖,43°08.3′N,145°48.3′E,45 km,3.9,震度２,43.13833333,145.805
2019/8/31,1:41:00,沖縄本島近海,26°08.3′N,127°15.4′E,37 km,3.1,震度１,26.13833333,127.2566667
2019/8/31,3:05:16,熊本県天草・芦北地方,32°14.3′N,130°19.3′E,11 km,2.7,震度１,32.23833333,130.3216667
2019/8/31,8:32:42,岐阜県美濃中西部,35°30.1′N,136°27.0′E,11 km,3.7,震度２,35.50166667,136.45
2019/8/31,17:45:17,奄美大島近海,28°33.3′N,129°38.0′E,19 km,3.6,震度２,28.555,129.6333333
2019/8/31,18:03:18,長野県南部,35°52.7′N,138°07.7′E,11 km,4.1,震度３,35.87833333,138.1283333
2019/8/31,23:54:24,福島県沖,37°23.2′N,141°25.0′E,32 km,3.6,震度１,37.38666667,141.4166667
2019/9/1,1:51:51,岡山県南部,34°44.5′N,133°25.8′E,13 km,2.7,震度１,34.74166667,133.43
2019/9/1,3:56:55,千葉県東方沖,35°49.8′N,140°54.7′E,34 km,3.3,震度１,35.83,140.9116667
2019/9/1,6:59:07,釧路地方北部,43°36.3′N,144°24.3′E,3 km,1.4,震度１,43.605,144.405
2019/9/1,16:09:10,新潟県中越地方,36°49.5′N,138°44.7′E,5 km,2.6,震度１,36.825,138.745
2019/9/2,13:58:06,青森県東方沖,40°59.3′N,142°01.1′E,57 km,3.4,震度２,40.98833333,142.0183333
2019/9/2,17:02:35,熊本県熊本地方,32°46.5′N,130°39.2′E,13 km,2.2,震度１,32.775,130.6533333
2019/9/3,4:33:40,父島近海,27°31.2′N,142°24.4′E,41 km,4.1,震度１,27.52,142.4066667
2019/9/4,3:42:35,三陸沖,39°26.2′N,143°23.6′E,35 km,4.6,震度１,39.43666667,143.3933333
2019/9/4,15:50:16,熊本県熊本地方,32°42.7′N,130°44.7′E,12 km,2.6,震度１,32.71166667,130.745
2019/9/4,19:54:41,岩手県沖,39°37.9′N,142°06.0′E,49 km,4,震度２,39.63166667,142.1
2019/9/5,4:46:55,宮崎県南部平野部,31°57.7′N,131°12.8′E,61 km,3.2,震度１,31.96166667,131.2133333
2019/9/5,9:57:40,和歌山県南方沖,33°17.8′N,135°24.4′E,29 km,4.1,震度２,33.29666667,135.4066667
2019/9/5,14:44:25,岐阜県飛騨地方,36°03.0′N,137°31.4′E,7 km,2.2,震度１,36.05,137.5233333
2019/9/5,14:47:03,奄美大島近海,28°20.2′N,129°22.4′E,39 km,2.6,震度１,28.33666667,129.3733333
2019/9/6,0:02:21,福島県中通り,37°25.6′N,140°44.9′E,84 km,3.7,震度２,37.42666667,140.7483333
2019/9/6,4:20:31,福島県沖,37°44.6′N,141°43.7′E,52 km,3.9,震度１,37.74333333,141.7283333
2019/9/6,5:48:30,日向灘,32°41.1′N,132°18.2′E,37 km,3.3,震度１,32.685,132.3033333
2019/9/6,8:39:35,福島県沖,37°11.2′N,141°24.6′E,79 km,3.6,震度１,37.18666667,141.41
2019/9/6,9:08:16,熊本県熊本地方,32°41.2′N,130°42.2′E,12 km,3.5,震度３,32.68666667,130.7033333
2019/9/6,21:09:08,国後島付近,43°29.1′N,146°02.5′E,73 km,3.8,震度２,43.485,146.0416667
2019/9/7,0:31:47,新潟県中越地方,37°07.2′N,138°36.7′E,12 km,2.8,震度３,37.12,138.6116667
2019/9/7,4:04:45,浦河沖,41°54.7′N,142°28.0′E,64 km,3.7,震度１,41.91166667,142.4666667
2019/9/7,7:55:57,茨城県沖,36°44.0′N,141°09.8′E,30 km,4.1,震度２,36.73333333,141.1633333
2019/9/7,8:27:44,熊本県天草・芦北地方,32°38.6′N,130°39.7′E,12 km,2.9,震度２,32.64333333,130.6616667
2019/9/7,17:01:46,岩手県沖,39°38.1′N,142°06.5′E,48 km,4,震度２,39.635,142.1083333
2019/9/7,18:35:51,青森県東方沖,41°34.3′N,142°04.2′E,64 km,5,震度３,41.57166667,142.07
2019/9/7,19:38:21,三河湾,34°42.0′N,137°13.6′E,30 km,3.2,震度１,34.7,137.2266667
2019/9/8,2:24:41,日向灘,32°37.8′N,132°16.1′E,34 km,3.8,震度２,32.63,132.2683333
2019/9/8,14:56:36,大分県南部,32°47.3′N,131°56.0′E,54 km,3.1,震度１,32.78833333,131.9333333
2019/9/8,22:04:25,宮城県沖,38°16.9′N,141°54.9′E,45 km,3.3,震度１,38.28166667,141.915
2019/9/9,0:36:05,岡山県南部,34°53.9′N,134°09.1′E,18 km,3,震度１,34.89833333,134.1516667
2019/9/10,4:43:10,岩手県沖,39°20.4′N,142°04.4′E,48 km,3.3,震度１,39.34,142.0733333
2019/9/11,15:32:09,茨城県北部,36°45.5′N,140°34.9′E,9 km,2.9,震度１,36.75833333,140.5816667
2019/9/11,20:22:27,愛知県東部,35°03.2′N,137°37.8′E,15 km,3.3,震度２,35.05333333,137.63
2019/9/12,0:57:53,和歌山県北部,34°12.6′N,135°09.3′E,5 km,2,震度１,34.21,135.155
2019/9/12,1:44:48,福島県沖,37°47.7′N,141°39.9′E,52 km,4.5,震度２,37.795,141.665
2019/9/12,11:05:55,熊本県熊本地方,32°27.6′N,130°39.7′E,10 km,2.6,震度１,32.46,130.6616667
2019/9/13,1:35:57,千葉県北西部,35°33.3′N,140°11.6′E,56 km,3.3,震度２,35.555,140.1933333
2019/9/13,2:09:37,岩手県沖,39°20.4′N,142°04.5′E,48 km,3.6,震度１,39.34,142.075
2019/9/13,5:04:01,宮城県沖,37°57.6′N,141°15.8′E,77 km,3.4,震度１,37.96,141.2633333
2019/9/14,3:24:53,茨城県沖,36°40.5′N,141°23.0′E,49 km,3.6,震度１,36.675,141.3833333
2019/9/14,4:23:42,福島県沖,37°21.9′N,141°06.2′E,28 km,3.7,震度２,37.365,141.1033333
2019/9/14,9:13:11,千葉県南東沖,35°03.9′N,140°31.3′E,97 km,4,震度１,35.065,140.5216667
2019/9/14,11:54:38,千葉県北西部,35°38.8′N,140°09.9′E,62 km,4.1,震度２,35.64666667,140.165
2019/9/14,12:57:17,青森県東方沖,40°58.6′N,142°00.7′E,58 km,3.7,震度２,40.97666667,142.0116667
2019/9/15,12:02:40,岩手県沖,39°20.3′N,142°04.2′E,48 km,4.3,震度３,39.33833333,142.07
2019/9/15,14:08:59,淡路島付近,34°25.0′N,134°51.2′E,14 km,2.9,震度１,34.41666667,134.8533333
2019/9/15,17:15:20,山梨県中・西部,35°41.6′N,138°43.1′E,12 km,3,震度２,35.69333333,138.7183333
2019/9/16,0:57:22,日向灘,32°15.8′N,131°54.6′E,30 km,3.6,震度２,32.26333333,131.91
2019/9/16,1:27:10,青森県東方沖,41°12.0′N,142°02.8′E,58 km,4.5,震度３,41.2,142.0466667
2019/9/16,7:17:31,和歌山県北部,33°55.6′N,135°10.5′E,8 km,2.9,震度１,33.92666667,135.175
2019/9/16,9:29:29,硫黄島近海,25°47.9′N,143°18.0′E,11 km,5.4,震度１,25.79833333,143.3
2019/9/16,10:31:00,京都府北部,35°36.2′N,135°04.4′E,12 km,2.9,震度１,35.60333333,135.0733333
2019/9/16,15:56:32,千葉県南部,35°16.8′N,140°18.6′E,22 km,2.7,震度１,35.28,140.31
2019/9/16,21:30:13,日向灘,32°07.9′N,131°44.7′E,35 km,3.4,震度１,32.13166667,131.745
2019/9/16,21:43:57,岩手県沖,39°25.7′N,142°40.2′E,32 km,4.5,震度１,39.42833333,142.67
2019/9/17,1:27:58,熊本県熊本地方,32°47.3′N,130°37.5′E,11 km,2.5,震度１,32.78833333,130.625
2019/9/17,3:04:50,日向灘,32°21.3′N,131°43.5′E,41 km,3,震度１,32.355,131.725
2019/9/17,6:51:14,岐阜県飛騨地方,36°00.5′N,137°32.2′E,6 km,2.2,震度１,36.00833333,137.5366667
2019/9/17,18:22:10,神奈川県西部,35°29.8′N,139°04.2′E,14 km,3,震度２,35.49666667,139.07
2019/9/17,22:12:22,宮城県沖,38°43.3′N,142°10.4′E,41 km,3.6,震度１,38.72166667,142.1733333
2019/9/18,11:54:25,択捉島南東沖,44°09.2′N,148°01.1′E,0 km,5.3,震度１,44.15333333,148.0183333
2019/9/18,18:58:21,愛知県西部,35°02.2′N,137°01.4′E,41 km,3.2,震度１,35.03666667,137.0233333
2019/9/19,0:22:36,択捉島付近,44°18.0′N,147°03.7′E,130 km,4.4,震度２,44.3,147.0616667
2019/9/19,8:49:28,茨城県沖,36°25.0′N,140°41.2′E,52 km,4.1,震度２,36.41666667,140.6866667
2019/9/19,11:18:45,釧路沖,42°39.7′N,144°09.0′E,53 km,3.6,震度１,42.66166667,144.15
2019/9/19,18:51:22,岐阜県飛騨地方,36°00.6′N,137°32.2′E,6 km,2.4,震度１,36.01,137.5366667
2019/9/19,20:54:42,宮城県沖,38°32.1′N,141°43.2′E,53 km,3.7,震度１,38.535,141.72
2019/9/20,9:09:05,山口県北西沖,34°46.5′N,131°37.8′E,17 km,3.2,震度１,34.775,131.63
2019/9/21,3:11:21,胆振地方中東部,42°40.7′N,141°54.5′E,14 km,2.1,震度１,42.67833333,141.9083333
2019/9/21,4:43:35,岐阜県飛騨地方,36°21.3′N,137°12.6′E,10 km,2.8,震度１,36.355,137.21
2019/9/21,10:25:37,福島県沖,37°29.3′N,141°22.9′E,37 km,3.8,震度１,37.48833333,141.3816667
2019/9/21,14:51:23,五島列島近海,33°07.1′N,129°36.4′E,12 km,3.1,震度１,33.11833333,129.6066667
2019/9/21,19:51:21,新潟県上中越沖,37°19.8′N,138°22.0′E,15 km,2.5,震度１,37.33,138.3666667
2019/9/21,21:49:03,長野県北部,36°45.9′N,137°52.7′E,6 km,2.5,震度１,36.765,137.8783333
2019/9/22,2:49:00,大阪府北部,34°58.0′N,135°29.1′E,10 km,2.9,震度１,34.96666667,135.485
2019/9/22,3:53:38,広島県北部,35°01.2′N,132°55.8′E,12 km,2.5,震度１,35.02,132.93
2019/9/22,6:56:00,長野県北部,36°38.3′N,137°54.0′E,9 km,2.2,震度１,36.63833333,137.9
2019/9/22,14:50:06,熊本県熊本地方,32°44.7′N,130°45.0′E,8 km,1.8,震度１,32.745,130.75
2019/9/22,20:36:46,トカラ列島近海,28°21.3′N,128°38.6′E,75 km,3.9,震度１,28.355,128.6433333
2019/9/24,14:31:42,奄美大島近海,28°01.0′N,128°50.9′E,57 km,3.6,震度１,28.01666667,128.8483333
2019/9/25,11:46:54,父島近海,26°25.8′N,142°26.3′E,41 km,3.8,震度１,26.43,142.4383333
2019/9/25,12:12:38,伊豆大島近海,34°43.5′N,139°18.2′E,6 km,2.4,震度１,34.725,139.3033333
2019/9/25,17:28:48,岩手県沖,39°20.4′N,142°03.7′E,48 km,4.4,震度３,39.34,142.0616667
2019/9/25,19:59:44,駿河湾,34°42.7′N,138°44.4′E,9 km,2.3,震度１,34.71166667,138.74
2019/9/26,11:12:18,根室半島南東沖,42°51.7′N,146°38.2′E,48 km,4.5,震度１,42.86166667,146.6366667
2019/9/27,6:11:04,鹿児島県薩摩地方,31°14.6′N,130°38.6′E,9 km,2.1,震度１,31.24333333,130.6433333
2019/9/27,18:58:06,青森県東方沖,40°39.7′N,141°46.8′E,69 km,2.9,震度１,40.66166667,141.78
2019/9/27,20:11:02,宮城県沖,38°55.0′N,141°55.9′E,51 km,3.8,震度２,38.91666667,141.9316667
2019/9/27,22:25:11,千葉県北東部,35°28.7′N,140°25.8′E,31 km,3.3,震度２,35.47833333,140.43
2019/9/28,1:13:24,日向灘,32°31.1′N,132°06.9′E,31 km,3.6,震度１,32.51833333,132.115
2019/9/28,1:24:54,根室半島南東沖,43°14.6′N,146°33.6′E,48 km,4.3,震度１,43.24333333,146.56
2019/9/28,2:33:13,天草灘,32°21.8′N,129°49.4′E,14 km,4,震度３,32.36333333,129.8233333
2019/9/28,3:46:33,宮城県沖,38°47.2′N,141°36.7′E,70 km,3.2,震度１,38.78666667,141.6116667
2019/9/28,8:47:10,熊本県天草・芦北地方,32°26.5′N,130°28.1′E,13 km,3.5,震度２,32.44166667,130.4683333
2019/9/28,12:50:15,新潟県中越地方,37°11.1′N,138°55.4′E,13 km,2.7,震度１,37.185,138.9233333
2019/9/28,18:04:16,千葉県東方沖,35°23.2′N,140°26.8′E,28 km,2.4,震度１,35.38666667,140.4466667
2019/9/29,6:15:40,茨城県南部,36°05.7′N,139°49.9′E,53 km,3.2,震度１,36.095,139.8316667
2019/9/29,9:25:16,熊本県熊本地方,32°36.4′N,130°40.0′E,9 km,2.3,震度１,32.60666667,130.6666667
2019/9/29,16:47:44,熊本県熊本地方,32°33.7′N,130°38.9′E,11 km,3.8,震度３,32.56166667,130.6483333
2019/9/29,19:29:58,茨城県北部,36°31.8′N,140°32.6′E,53 km,3.6,震度２,36.53,140.5433333
2019/9/30,1:02:31,茨城県北部,36°27.4′N,140°36.5′E,56 km,4.3,震度３,36.45666667,140.6083333
2019/9/30,15:51:05,紀伊水道,34°01.3′N,135°08.8′E,6 km,1.9,震度１,34.02166667,135.1466667
2019/9/30,15:55:05,福島県沖,37°07.5′N,141°01.8′E,62 km,3.4,震度１,37.125,141.03
2019/9/30,21:23:18,福島県会津,37°02.5′N,139°27.8′E,8 km,2,震度１,37.04166667,139.4633333
2019/10/1,4:16:01,茨城県沖,36°10.9′N,140°55.8′E,44 km,3.1,震度１,36.18166667,140.93
2019/10/1,15:28:54,十勝地方南部,42°19.6′N,143°04.0′E,51 km,3.9,震度１,42.32666667,143.0666667
2019/10/1,18:07:05,茨城県南部,36°10.8′N,140°00.3′E,51 km,3.3,震度２,36.18,140.005
2019/10/2,2:15:35,静岡県中部,34°58.5′N,138°10.7′E,27 km,4,震度２,34.975,138.1783333
2019/10/2,13:39:04,福島県沖,37°43.8′N,141°47.8′E,26 km,4.1,震度１,37.73,141.7966667
2019/10/3,0:56:26,熊本県熊本地方,32°32.0′N,130°36.1′E,10 km,2.6,震度１,32.53333333,130.6016667
2019/10/3,7:20:54,和歌山県北部,34°08.2′N,135°09.5′E,5 km,1.9,震度１,34.13666667,135.1583333
2019/10/3,9:12:19,長野県北部,36°50.4′N,138°15.8′E,12 km,2.7,震度２,36.84,138.2633333
2019/10/3,10:43:56,宮城県沖,38°32.7′N,142°06.7′E,49 km,3.9,震度２,38.545,142.1116667
2019/10/3,20:32:43,播磨灘,34°33.7′N,134°18.7′E,14 km,2.4,震度１,34.56166667,134.3116667
2019/10/4,8:51:35,福島県会津,37°02.0′N,139°18.3′E,7 km,1.8,震度１,37.03333333,139.305
2019/10/4,10:52:42,長野県南部,35°50.9′N,137°33.9′E,5 km,2.4,震度１,35.84833333,137.565
2019/10/4,16:13:11,長野県北部,36°50.4′N,138°16.1′E,13 km,2.3,震度１,36.84,138.2683333
2019/10/4,16:15:18,長野県北部,36°50.4′N,138°16.0′E,12 km,2.2,震度１,36.84,138.2666667
2019/10/4,22:06:34,宮城県沖,38°38.2′N,141°53.9′E,48 km,3.4,震度１,38.63666667,141.8983333
2019/10/5,3:13:02,石川県能登地方,37°27.8′N,137°15.2′E,9 km,2.4,震度１,37.46333333,137.2533333
2019/10/5,6:17:15,沖縄本島近海,27°17.5′N,128°25.9′E,48 km,3.5,震度１,27.29166667,128.4316667
2019/10/5,8:49:17,宮城県沖,38°41.7′N,142°16.2′E,38 km,4.1,震度１,38.695,142.27
2019/10/5,9:12:41,福島県沖,36°57.9′N,141°06.9′E,60 km,3.4,震度１,36.965,141.115
2019/10/5,21:13:04,長野県中部,36°25.2′N,138°02.1′E,5 km,2,震度１,36.42,138.035
2019/10/5,22:47:19,長野県南部,35°51.4′N,137°33.3′E,6 km,2,震度１,35.85666667,137.555
2019/10/6,5:18:18,奄美大島北西沖,28°07.5′N,128°04.9′E,12 km,5.1,震度２,28.125,128.0816667
2019/10/6,15:03:11,福島県沖,37°13.5′N,142°11.1′E,30 km,4.4,震度１,37.225,142.185
2019/10/6,18:28:07,千葉県東方沖,35°11.8′N,140°32.9′E,59 km,3.9,震度２,35.19666667,140.5483333
2019/10/7,3:00:46,宮城県沖,38°19.1′N,141°45.1′E,49 km,3.7,震度１,38.31833333,141.7516667
2019/10/7,7:59:52,福島県会津,37°03.8′N,139°20.7′E,8 km,2.5,震度２,37.06333333,139.345
2019/10/7,8:02:31,安芸灘,33°50.1′N,132°21.4′E,50 km,4.3,震度３,33.835,132.3566667
2019/10/7,16:25:07,浦河沖,41°44.4′N,142°17.1′E,66 km,4,震度２,41.74,142.285
2019/10/8,8:12:11,種子島南東沖,30°22.4′N,131°24.9′E,42 km,3.2,震度１,30.37333333,131.415
2019/10/8,8:30:34,根室半島南東沖,43°25.8′N,146°03.5′E,97 km,3.7,震度１,43.43,146.0583333
2019/10/8,11:56:56,島根県西部,34°46.9′N,132°07.8′E,10 km,2.5,震度１,34.78166667,132.13
2019/10/8,16:31:26,父島近海,26°55.5′N,142°41.7′E,101 km,3.9,震度１,26.925,142.695
2019/10/8,23:45:58,岐阜県飛騨地方,36°04.7′N,137°27.4′E,8 km,2.3,震度１,36.07833333,137.4566667
2019/10/9,4:58:30,千葉県北西部,35°47.9′N,140°06.8′E,62 km,4.2,震度２,35.79833333,140.1133333
2019/10/9,16:31:29,十勝沖,42°22.8′N,143°38.0′E,54 km,4.1,震度２,42.38,143.6333333
2019/10/9,16:48:16,東京都２３区,35°42.9′N,139°36.6′E,27 km,3.5,震度３,35.715,139.61
2019/10/9,17:51:23,鳥島近海,29°58.6′N,139°21.1′E,437 km,4.8,震度１,29.97666667,139.3516667
2019/10/10,0:52:43,青森県東方沖,41°33.3′N,142°03.3′E,66 km,3.8,震度２,41.555,142.055
2019/10/11,5:13:10,日高地方東部,42°20.2′N,143°00.0′E,51 km,3.6,震度１,42.33666667,143
2019/10/11,22:21:53,浦河沖,42°03.0′N,143°03.6′E,26 km,3.7,震度１,42.05,143.06
2019/10/12,4:05:51,青森県三八上北地方,40°28.4′N,141°23.0′E,90 km,3,震度１,40.47333333,141.3833333
2019/10/12,10:45:56,茨城県沖,36°18.7′N,140°55.3′E,35 km,3,震度１,36.31166667,140.9216667
2019/10/12,18:21:54,千葉県南東沖,34°40.4′N,140°38.9′E,75 km,5.4,震度４,34.67333333,140.6483333
2019/10/14,13:01:57,周防灘,33°49.1′N,131°41.2′E,16 km,3.9,震度２,33.81833333,131.6866667
2019/10/14,16:24:53,熊本県熊本地方,32°31.6′N,130°36.3′E,2 km,1.8,震度１,32.52666667,130.605
2019/10/14,19:55:39,新潟県中越地方,36°57.7′N,138°36.6′E,8 km,3.3,震度２,36.96166667,138.61
2019/10/14,22:31:39,長野県南部,35°38.9′N,137°52.2′E,9 km,2.7,震度１,35.64833333,137.87
2019/10/15,3:48:55,島根県西部,35°04.8′N,132°30.6′E,11 km,3.1,震度１,35.08,132.51
2019/10/15,6:43:50,島根県西部,35°02.1′N,132°42.7′E,7 km,2.6,震度１,35.035,132.7116667
2019/10/15,8:14:53,択捉島付近,44°23.3′N,146°55.9′E,116 km,5.4,震度２,44.38833333,146.9316667
2019/10/15,13:07:11,和歌山県南部,33°56.7′N,135°28.9′E,53 km,2.8,震度１,33.945,135.4816667
2019/10/15,15:57:18,上川地方北部,44°41.2′N,142°17.7′E,0 km,3.3,震度３,44.68666667,142.295
2019/10/15,19:01:42,宮古島近海,24°58.5′N,125°38.3′E,52 km,4.5,震度１,24.975,125.6383333
2019/10/15,20:29:20,三重県中部,34°37.2′N,136°22.9′E,11 km,3.3,震度２,34.62,136.3816667
2019/10/16,1:10:10,茨城県南部,36°03.8′N,139°51.3′E,44 km,3,震度１,36.06333333,139.855
2019/10/16,3:02:41,茨城県北部,36°28.1′N,140°34.8′E,64 km,3.8,震度３,36.46833333,140.58
2019/10/17,3:44:29,宮古島近海,24°41.8′N,124°50.0′E,19 km,4.4,震度１,24.69666667,124.8333333
2019/10/17,3:59:09,駿河湾,35°03.0′N,138°34.0′E,23 km,3.2,震度１,35.05,138.5666667
2019/10/17,14:02:55,宮古島近海,24°42.2′N,124°50.0′E,19 km,3.6,震度１,24.70333333,124.8333333
2019/10/17,20:44:33,与那国島近海,23°58.4′N,122°29.1′E,20 km,5.4,震度１,23.97333333,122.485
2019/10/17,22:27:17,熊本県熊本地方,32°37.6′N,130°45.3′E,3 km,2.4,震度３,32.62666667,130.755
2019/10/18,4:50:59,胆振地方中東部,42°41.6′N,141°47.4′E,126 km,3.9,震度１,42.69333333,141.79
2019/10/18,6:12:05,釧路地方北部,43°36.6′N,144°24.6′E,2 km,2.6,震度２,43.61,144.41
2019/10/18,11:31:07,渡島地方東部,41°48.2′N,141°09.8′E,5 km,2.6,震度１,41.80333333,141.1633333
2019/10/18,12:46:52,宮古島近海,24°40.3′N,124°50.4′E,18 km,3.2,震度１,24.67166667,124.84
2019/10/18,18:52:10,和歌山県北部,34°01.8′N,135°14.4′E,4 km,1.8,震度１,34.03,135.24
2019/10/19,4:14:11,小笠原諸島西方沖,28°17.8′N,140°08.4′E,422 km,4.5,震度１,28.29666667,140.14
2019/10/19,12:53:59,岐阜県飛騨地方,36°01.3′N,137°31.0′E,7 km,1.9,震度１,36.02166667,137.5166667
2019/10/19,18:08:51,宮城県沖,38°41.8′N,142°14.7′E,36 km,4.5,震度２,38.69666667,142.245
2019/10/19,21:10:33,茨城県南部,36°11.8′N,139°57.3′E,52 km,3.7,震度２,36.19666667,139.955
2019/10/19,21:36:12,熊本県熊本地方,32°39.0′N,130°43.7′E,13 km,3,震度２,32.65,130.7283333
2019/10/20,7:11:41,愛知県西部,35°15.4′N,137°09.0′E,14 km,3,震度１,35.25666667,137.15
2019/10/20,11:20:02,東京都多摩東部,35°39.3′N,139°26.3′E,27 km,3.2,震度２,35.655,139.4383333
2019/10/20,13:42:52,浦河沖,41°54.8′N,142°19.5′E,70 km,4.1,震度２,41.91333333,142.325
2019/10/21,2:58:46,宮城県沖,38°19.8′N,141°38.1′E,53 km,3.8,震度２,38.33,141.635
2019/10/21,4:07:23,秋田県内陸北部,40°01.9′N,140°29.1′E,5 km,3.5,震度２,40.03166667,140.485
2019/10/21,7:53:35,宮城県沖,38°37.0′N,141°53.5′E,47 km,3.9,震度１,38.61666667,141.8916667
2019/10/21,23:33:27,千葉県北東部,35°30.2′N,140°22.5′E,32 km,2.4,震度１,35.50333333,140.375
2019/10/22,2:36:56,愛知県西部,35°11.1′N,137°29.4′E,44 km,2.7,震度１,35.185,137.49
2019/10/22,4:50:26,熊本県阿蘇地方,32°57.9′N,131°06.6′E,10 km,2,震度１,32.965,131.11
2019/10/22,14:51:28,釧路沖,42°52.2′N,145°30.6′E,45 km,4.3,震度２,42.87,145.51
2019/10/22,17:06:01,釧路沖,42°21.9′N,144°26.9′E,31 km,4.4,震度２,42.365,144.4483333
2019/10/23,5:54:20,父島近海,26°38.4′N,141°32.7′E,116 km,4.7,震度２,26.64,141.545
2019/10/23,12:43:20,岩手県沿岸北部,39°45.4′N,141°49.6′E,58 km,4.2,震度２,39.75666667,141.8266667
2019/10/23,17:26:37,宮城県沖,38°27.9′N,142°08.4′E,45 km,4.2,震度２,38.465,142.14
2019/10/24,0:02:36,浦河沖,41°53.1′N,142°31.6′E,62 km,3.9,震度１,41.885,142.5266667
2019/10/24,3:11:56,和歌山県南方沖,33°33.8′N,135°19.8′E,31 km,3.8,震度１,33.56333333,135.33
2019/10/24,4:09:56,石垣島近海,24°47.5′N,123°26.1′E,87 km,4.4,震度１,24.79166667,123.435
2019/10/24,4:26:03,島根県東部,35°21.2′N,133°16.3′E,7 km,1.4,震度１,35.35333333,133.2716667
2019/10/24,19:10:48,薩摩半島西方沖,31°36.2′N,129°37.4′E,8 km,3.5,震度１,31.60333333,129.6233333
2019/10/26,21:32:23,京都府南部,35°04.3′N,135°38.9′E,7 km,3.5,震度２,35.07166667,135.6483333
2019/10/26,22:10:06,京都府南部,35°04.2′N,135°38.8′E,7 km,2.7,震度２,35.07,135.6466667
2019/10/27,11:16:03,北海道東方沖,43°14.8′N,146°51.5′E,43 km,4,震度１,43.24666667,146.8583333
2019/10/27,11:59:01,和歌山県北部,34°01.7′N,135°13.2′E,4 km,1.6,震度１,34.02833333,135.22
2019/10/27,19:03:26,大阪府北部,34°50.0′N,135°36.1′E,10 km,3.2,震度２,34.83333333,135.6016667
2019/10/28,6:33:16,宮城県沖,38°45.3′N,141°59.8′E,55 km,4,震度２,38.755,141.9966667
2019/10/28,9:16:16,宮城県沖,38°12.7′N,141°47.4′E,57 km,3.9,震度２,38.21166667,141.79
2019/10/28,10:59:09,日高地方東部,42°21.7′N,142°59.1′E,51 km,3.8,震度１,42.36166667,142.985
2019/10/28,22:28:56,茨城県沖,36°25.7′N,140°39.3′E,53 km,3.5,震度２,36.42833333,140.655
2019/10/30,4:32:13,京都府南部,34°58.6′N,135°32.8′E,13 km,3.4,震度３,34.97666667,135.5466667
2019/10/30,11:12:38,青森県東方沖,40°56.9′N,142°25.7′E,36 km,3.9,震度１,40.94833333,142.4283333
2019/10/30,22:22:30,三河湾,34°48.9′N,137°00.9′E,37 km,3.2,震度１,34.815,137.015
2019/10/31,2:31:47,千葉県南部,35°03.9′N,139°58.8′E,0 km,2,震度１,35.065,139.98
2019/10/31,9:27:15,愛媛県南予,33°31.2′N,132°24.7′E,45 km,3.7,震度２,33.52,132.4116667
2019/10/31,11:06:34,千葉県北西部,35°48.0′N,140°06.7′E,62 km,3.8,震度１,35.8,140.1116667
2019/10/31,17:24:02,北海道東方沖,43°39.6′N,147°17.2′E,26 km,4.7,震度１,43.66,147.2866667
2019/10/31,19:20:39,紀伊水道,33°40.6′N,135°09.1′E,37 km,3.6,震度１,33.67666667,135.1516667
2019/11/1,1:10:56,奄美大島近海,28°16.6′N,129°27.1′E,31 km,3.8,震度２,28.27666667,129.4516667
2019/11/1,9:27:27,熊本県熊本地方,32°38.0′N,130°40.5′E,7 km,1.9,震度１,32.63333333,130.675
2019/11/2,0:38:37,奄美大島近海,28°21.7′N,129°30.1′E,35 km,4.2,震度２,28.36166667,129.5016667
2019/11/2,0:46:45,千葉県北東部,35°42.6′N,140°41.4′E,50 km,3.2,震度１,35.71,140.69
2019/11/2,11:12:42,千葉県北東部,35°23.8′N,140°21.1′E,26 km,2.1,震度１,35.39666667,140.3516667
2019/11/2,12:06:41,千葉県北東部,35°42.6′N,140°41.5′E,50 km,3.4,震度１,35.71,140.6916667
2019/11/2,14:13:03,宮城県沖,38°51.1′N,142°02.5′E,45 km,3.6,震度１,38.85166667,142.0416667
2019/11/2,22:42:59,茨城県南部,36°01.1′N,140°22.4′E,55 km,3.2,震度１,36.01833333,140.3733333
2019/11/3,0:33:40,宮城県沖,38°27.6′N,142°14.2′E,28 km,4.3,震度２,38.46,142.2366667
2019/11/3,2:39:30,千葉県北西部,35°51.9′N,140°01.0′E,104 km,3.9,震度１,35.865,140.0166667
2019/11/3,12:30:10,宮城県北部,38°53.1′N,141°39.5′E,66 km,3.3,震度１,38.885,141.6583333
2019/11/3,13:19:32,トカラ列島近海,29°35.8′N,129°45.0′E,5 km,2.7,震度１,29.59666667,129.75
2019/11/3,13:36:34,長野県中部,36°24.0′N,138°04.6′E,14 km,2.3,震度１,36.4,138.0766667
2019/11/3,14:02:42,福島県沖,37°17.9′N,141°46.6′E,42 km,5,震度３,37.29833333,141.7766667
2019/11/3,23:35:29,周防灘,33°46.5′N,131°04.1′E,12 km,2.6,震度１,33.775,131.0683333
2019/11/3,23:55:46,茨城県南部,36°02.1′N,139°54.7′E,42 km,3.8,震度２,36.035,139.9116667
2019/11/4,1:29:14,熊本県熊本地方,32°38.1′N,130°40.4′E,7 km,1.9,震度１,32.635,130.6733333
2019/11/4,4:08:55,トカラ列島近海,28°34.6′N,128°55.4′E,80 km,3.2,震度１,28.57666667,128.9233333
2019/11/4,11:47:20,栃木県北部,36°41.4′N,139°24.8′E,7 km,2.8,震度１,36.69,139.4133333
2019/11/4,11:49:58,愛知県西部,35°10.0′N,137°01.1′E,13 km,2.6,震度１,35.16666667,137.0183333
2019/11/4,11:50:02,栃木県北部,36°41.4′N,139°24.9′E,6 km,3.4,震度２,36.69,139.415
2019/11/4,15:25:48,京都府南部,35°10.4′N,135°50.9′E,12 km,2.5,震度１,35.17333333,135.8483333
2019/11/5,0:42:19,伊豆大島近海,34°50.3′N,139°16.8′E,11 km,2,震度１,34.83833333,139.28
2019/11/5,1:09:04,伊豆大島近海,34°50.3′N,139°16.8′E,10 km,2,震度１,34.83833333,139.28
2019/11/5,1:40:40,伊豆大島近海,34°50.4′N,139°16.8′E,10 km,2.6,震度２,34.84,139.28
2019/11/5,1:49:30,伊豆大島近海,34°50.3′N,139°16.8′E,10 km,2.4,震度２,34.83833333,139.28
2019/11/5,7:28:03,茨城県南部,36°18.1′N,140°01.0′E,73 km,3.4,震度１,36.30166667,140.0166667
2019/11/5,21:35:24,茨城県北部,36°26.7′N,140°33.4′E,56 km,3,震度１,36.445,140.5566667
2019/11/6,0:41:29,十勝地方南部,42°20.8′N,143°04.2′E,52 km,4.2,震度２,42.34666667,143.07
2019/11/6,11:17:20,岐阜県飛騨地方,36°04.5′N,137°27.1′E,9 km,3.1,震度２,36.075,137.4516667
2019/11/6,12:31:24,島根県東部,35°24.6′N,133°18.5′E,12 km,2.6,震度１,35.41,133.3083333
2019/11/6,20:10:36,トカラ列島近海,29°36.1′N,129°43.3′E,0 km,2.2,震度２,29.60166667,129.7216667
2019/11/6,20:11:26,トカラ列島近海,29°36.8′N,129°43.3′E,0 km,2.6,震度３,29.61333333,129.7216667
2019/11/6,20:35:14,島根県西部,35°11.6′N,132°34.0′E,11 km,2.9,震度１,35.19333333,132.5666667
2019/11/6,22:16:15,宮城県沖,38°18.9′N,141°51.3′E,46 km,4.2,震度２,38.315,141.855
2019/11/7,7:03:09,青森県東方沖,40°55.4′N,142°41.8′E,21 km,4.5,震度２,40.92333333,142.6966667
2019/11/7,11:35:27,苫小牧沖,41°38.9′N,141°56.1′E,110 km,4.1,震度２,41.64833333,141.935
2019/11/8,6:25:09,和歌山県北部,34°13.0′N,135°09.0′E,5 km,2.6,震度２,34.21666667,135.15
2019/11/8,18:18:23,茨城県沖,36°32.4′N,140°50.2′E,52 km,4.4,震度４,36.54,140.8366667
2019/11/8,20:31:12,瀬戸内海中部,34°02.6′N,133°03.6′E,15 km,3.1,震度１,34.04333333,133.06
2019/11/8,21:23:17,瀬戸内海中部,34°02.6′N,133°03.5′E,15 km,3.2,震度２,34.04333333,133.0583333
2019/11/8,22:26:51,熊本県熊本地方,32°45.3′N,130°38.3′E,10 km,2.6,震度１,32.755,130.6383333
2019/11/9,6:03:41,北海道東方沖,43°32.7′N,147°02.5′E,43 km,4.5,震度１,43.545,147.0416667
2019/11/9,6:23:52,青森県東方沖,41°27.5′N,142°08.1′E,58 km,3.5,震度１,41.45833333,142.135
2019/11/9,16:20:39,宮城県沖,38°10.4′N,141°40.5′E,51 km,3.8,震度２,38.17333333,141.675
2019/11/10,3:42:17,播磨灘,34°38.9′N,134°28.0′E,5 km,3.1,震度１,34.64833333,134.4666667
2019/11/10,4:43:55,播磨灘,34°38.9′N,134°28.0′E,5 km,3.2,震度１,34.64833333,134.4666667
2019/11/11,1:28:38,山形県沖,38°39.7′N,139°28.0′E,14 km,3.8,震度２,38.66166667,139.4666667
2019/11/11,7:38:52,福島県会津,37°18.0′N,139°36.8′E,6 km,2.2,震度１,37.3,139.6133333
2019/11/11,14:59:32,トカラ列島近海,28°30.0′N,129°00.7′E,68 km,3.6,震度１,28.5,129.0116667
2019/11/11,18:50:12,福島県中通り,37°08.3′N,140°19.9′E,114 km,3.8,震度２,37.13833333,140.3316667
2019/11/12,4:41:57,根室半島南東沖,43°08.6′N,145°45.2′E,51 km,3.1,震度１,43.14333333,145.7533333
2019/11/12,8:25:48,岐阜県飛騨地方,36°03.2′N,137°34.2′E,7 km,3.5,震度３,36.05333333,137.57
2019/11/12,12:53:20,和歌山県北部,34°16.2′N,135°15.6′E,7 km,3,震度１,34.27,135.26
2019/11/12,15:36:11,秋田県沖,39°16.8′N,139°33.9′E,17 km,3.7,震度１,39.28,139.565
2019/11/12,21:55:37,茨城県沖,36°25.6′N,141°01.0′E,46 km,4.4,震度３,36.42666667,141.0166667
2019/11/13,1:07:13,大阪府北部,34°51.3′N,135°37.2′E,8 km,3.2,震度２,34.855,135.62
2019/11/13,7:47:54,トカラ列島近海,29°37.3′N,129°44.3′E,0 km,2.7,震度２,29.62166667,129.7383333
2019/11/13,15:20:12,青森県東方沖,40°55.0′N,142°09.3′E,49 km,3.7,震度１,40.91666667,142.155
2019/11/13,19:22:17,岩手県沿岸北部,39°45.3′N,141°50.5′E,58 km,3.5,震度２,39.755,141.8416667
2019/11/13,21:51:57,宮崎県北部山沿い,32°48.9′N,131°30.9′E,71 km,3.3,震度１,32.815,131.515
2019/11/14,8:14:39,小笠原諸島西方沖,26°56.8′N,141°07.6′E,430 km,4.7,震度１,26.94666667,141.1266667
2019/11/14,23:10:14,熊本県熊本地方,32°51.6′N,130°53.2′E,12 km,2.1,震度１,32.86,130.8866667
2019/11/15,9:39:35,茨城県南部,36°01.2′N,140°04.6′E,62 km,3.7,震度２,36.02,140.0766667
2019/11/15,20:12:20,新潟県中越地方,37°21.5′N,138°48.1′E,10 km,2.5,震度２,37.35833333,138.8016667
2019/11/16,0:23:21,西表島付近,23°57.2′N,123°35.0′E,31 km,3.6,震度１,23.95333333,123.5833333
2019/11/16,11:51:52,関東東方沖,34°03.8′N,141°39.4′E,50 km,4.9,震度１,34.06333333,141.6566667
2019/11/16,18:16:59,宮城県沖,38°18.5′N,141°54.4′E,64 km,4,震度３,38.30833333,141.9066667
2019/11/16,19:48:42,茨城県沖,36°40.8′N,141°23.5′E,50 km,3.8,震度１,36.68,141.3916667
2019/11/17,3:32:44,奄美大島近海,28°48.0′N,129°54.3′E,28 km,4.6,震度２,28.8,129.905
2019/11/17,11:55:24,茨城県北部,36°37.8′N,140°38.4′E,9 km,2.8,震度１,36.63,140.64
2019/11/17,18:29:25,種子島近海,30°34.4′N,131°09.2′E,30 km,3.3,震度１,30.57333333,131.1533333
2019/11/17,19:20:09,茨城県北部,36°28.2′N,140°36.9′E,59 km,3.5,震度２,36.47,140.615
2019/11/17,20:05:33,伊豆大島近海,34°38.3′N,139°03.1′E,13 km,4.7,震度４,34.63833333,139.0516667
2019/11/17,20:10:22,伊豆大島近海,34°38.4′N,139°03.0′E,12 km,2.5,震度１,34.64,139.05
2019/11/17,20:13:20,伊豆大島近海,34°38.3′N,139°03.0′E,12 km,2.4,震度１,34.63833333,139.05
2019/11/18,0:55:17,伊豆大島近海,34°38.6′N,139°03.2′E,11 km,2.6,震度１,34.64333333,139.0533333
2019/11/18,8:00:01,茨城県北部,36°27.3′N,140°36.0′E,56 km,3.7,震度２,36.455,140.6
2019/11/18,18:34:38,茨城県南部,36°07.2′N,139°51.0′E,48 km,3.5,震度２,36.12,139.85
2019/11/18,20:06:11,福島県沖,37°31.2′N,141°22.9′E,50 km,3.3,震度１,37.52,141.3816667
2019/11/19,2:38:22,沖縄本島近海,26°36.9′N,128°20.4′E,40 km,3.9,震度１,26.615,128.34
2019/11/19,6:04:46,西表島付近,24°02.7′N,123°40.9′E,15 km,3.7,震度１,24.045,123.6816667
2019/11/19,18:39:01,青森県東方沖,40°41.2′N,142°14.9′E,45 km,3.6,震度２,40.68666667,142.2483333
2019/11/19,23:50:27,和歌山県北部,34°13.9′N,135°16.5′E,7 km,2.4,震度１,34.23166667,135.275
2019/11/20,1:59:37,新潟県上越地方,37°03.5′N,138°02.8′E,10 km,3.3,震度２,37.05833333,138.0466667
2019/11/20,6:20:36,新潟県上越地方,37°03.3′N,138°02.8′E,10 km,2.9,震度２,37.055,138.0466667
2019/11/20,13:44:36,佐賀県北部,33°25.8′N,130°07.4′E,15 km,3,震度１,33.43,130.1233333
2019/11/20,17:26:08,サハリン近海,53°07.6′N,153°40.7′E,496 km,5.6,震度１,53.12666667,153.6783333
2019/11/21,0:00:25,天草灘,32°18.2′N,129°46.4′E,13 km,2.7,震度１,32.30333333,129.7733333
2019/11/21,4:02:42,択捉島付近,44°38.7′N,147°13.6′E,144 km,4.6,震度１,44.645,147.2266667
2019/11/21,22:09:27,有明海,32°44.4′N,130°35.9′E,11 km,2.9,震度１,32.74,130.5983333
2019/11/22,1:01:32,茨城県沖,36°44.9′N,141°15.5′E,32 km,3.3,震度１,36.74833333,141.2583333
2019/11/22,1:29:14,宮城県沖,38°23.4′N,142°05.5′E,33 km,3.8,震度１,38.39,142.0916667
2019/11/22,2:48:07,東京湾,35°37.7′N,140°01.7′E,70 km,3.1,震度１,35.62833333,140.0283333
2019/11/22,5:23:50,茨城県南部,36°04.2′N,139°53.4′E,45 km,4.5,震度３,36.07,139.89
2019/11/22,7:31:57,東海道南方沖,32°33.8′N,137°26.2′E,420 km,4.9,震度１,32.56333333,137.4366667
2019/11/22,18:05:08,日向灘,31°56.2′N,131°54.7′E,24 km,5.2,震度３,31.93666667,131.9116667
2019/11/23,1:02:25,日向灘,31°56.2′N,131°52.2′E,27 km,4.4,震度２,31.93666667,131.87
2019/11/23,7:05:33,熊本県天草・芦北地方,32°19.6′N,130°31.0′E,9 km,2.5,震度１,32.32666667,130.5166667
2019/11/23,8:44:44,茨城県沖,36°16.4′N,140°54.2′E,38 km,3.7,震度２,36.27333333,140.9033333
2019/11/23,15:24:11,愛知県東部,34°39.1′N,137°04.0′E,12 km,2.4,震度１,34.65166667,137.0666667
2019/11/23,21:58:10,北海道東方沖,43°37.0′N,147°10.7′E,34 km,5.4,震度３,43.61666667,147.1783333
2019/11/23,23:53:04,トカラ列島近海,29°35.1′N,129°43.3′E,1 km,1.9,震度１,29.585,129.7216667
2019/11/24,0:10:40,奄美大島近海,28°15.1′N,129°57.5′E,21 km,2.7,震度１,28.25166667,129.9583333
2019/11/24,1:22:03,岩手県沿岸北部,39°32.9′N,141°42.3′E,66 km,3.3,震度１,39.54833333,141.705
2019/11/25,12:22:02,茨城県沖,36°12.0′N,140°57.4′E,45 km,3.9,震度２,36.2,140.9566667
2019/11/25,23:19:55,上川地方北部,44°44.0′N,142°08.7′E,0 km,2.4,震度１,44.73333333,142.145
2019/11/26,7:34:28,埼玉県北部,36°07.1′N,139°23.4′E,66 km,2.9,震度１,36.11833333,139.39
2019/11/26,7:58:11,瀬戸内海中部,34°02.7′N,133°03.6′E,15 km,3.8,震度３,34.045,133.06
2019/11/26,11:25:56,宮城県沖,38°53.7′N,142°06.7′E,43 km,3.3,震度１,38.895,142.1116667
2019/11/26,14:06:50,トカラ列島近海,29°16.6′N,129°15.3′E,10 km,1.6,震度１,29.27666667,129.255
2019/11/26,15:08:14,大阪府北部,34°57.7′N,135°36.9′E,13 km,2.5,震度１,34.96166667,135.615
2019/11/26,15:09:11,瀬戸内海中部,34°02.7′N,133°03.8′E,16 km,4.6,震度４,34.045,133.0633333
2019/11/26,15:14:48,瀬戸内海中部,34°02.7′N,133°03.8′E,15 km,3.2,震度１,34.045,133.0633333
2019/11/26,15:43:37,和歌山県北部,34°12.0′N,135°17.6′E,5 km,2.1,震度１,34.2,135.2933333
2019/11/26,16:24:37,長野県南部,35°48.1′N,137°29.8′E,8 km,3.2,震度３,35.80166667,137.4966667
2019/11/26,20:14:40,長野県南部,35°48.1′N,137°29.9′E,8 km,2.1,震度１,35.80166667,137.4983333
2019/11/27,7:45:32,釧路沖,42°57.3′N,145°25.3′E,46 km,3.3,震度１,42.955,145.4216667
2019/11/27,13:57:04,宮城県沖,38°20.9′N,141°39.7′E,52 km,3.3,震度１,38.34833333,141.6616667
2019/11/28,16:41:15,釧路沖,42°49.5′N,145°14.9′E,49 km,4.7,震度３,42.825,145.2483333
2019/11/28,18:23:41,宮城県沖,38°42.0′N,141°47.7′E,52 km,2.8,震度１,38.7,141.795
2019/11/28,21:30:49,東京都多摩東部,35°37.8′N,139°26.6′E,126 km,3.7,震度１,35.63,139.4433333
2019/11/29,4:32:41,熊本県天草・芦北地方,32°15.8′N,130°28.6′E,8 km,2.4,震度１,32.26333333,130.4766667
2019/11/29,10:19:48,茨城県南部,36°10.3′N,139°57.0′E,56 km,3.4,震度１,36.17166667,139.95
2019/11/29,13:01:40,三陸沖,39°07.5′N,143°02.0′E,26 km,5.6,震度３,39.125,143.0333333
2019/11/29,23:57:24,宮古島近海,24°53.1′N,124°45.9′E,11 km,4.4,震度２,24.885,124.765
2019/11/30,2:10:02,宮古島近海,24°53.0′N,124°45.6′E,12 km,3.8,震度１,24.88333333,124.76
2019/11/30,16:24:06,千葉県北西部,35°35.9′N,140°16.0′E,44 km,3.2,震度１,35.59833333,140.2666667
2019/12/1,2:59:44,西表島付近,24°10.2′N,123°40.0′E,18 km,3.4,震度１,24.17,123.6666667
2019/12/1,7:35:08,伊予灘,33°28.4′N,131°58.0′E,64 km,3.5,震度１,33.47333333,131.9666667
2019/12/1,15:00:29,西表島付近,24°10.8′N,123°34.5′E,46 km,3.5,震度１,24.18,123.575
2019/12/2,0:39:32,岐阜県美濃東部,35°26.9′N,137°01.0′E,13 km,2.2,震度１,35.44833333,137.0166667
2019/12/2,6:05:52,岐阜県飛騨地方,36°01.1′N,137°22.2′E,11 km,2.7,震度１,36.01833333,137.37
2019/12/2,14:26:06,秋田県沖,39°22.9′N,139°38.7′E,23 km,3.6,震度１,39.38166667,139.645
2019/12/2,20:14:21,茨城県南部,36°10.5′N,140°06.3′E,51 km,3.1,震度１,36.175,140.105
2019/12/3,1:16:24,長野県南部,35°47.9′N,137°29.7′E,8 km,2.9,震度２,35.79833333,137.495
2019/12/3,7:54:18,西表島付近,24°15.0′N,123°48.0′E,17 km,4.2,震度３,24.25,123.8
2019/12/3,8:25:17,岩手県沖,40°11.9′N,142°01.8′E,42 km,4.5,震度３,40.19833333,142.03
2019/12/3,10:18:05,茨城県南部,36°08.5′N,139°49.0′E,52 km,4.7,震度４,36.14166667,139.8166667
2019/12/3,20:02:04,千葉県北西部,35°44.0′N,139°58.0′E,78 km,3.8,震度２,35.73333333,139.9666667
2019/12/4,1:22:48,奄美大島近海,28°13.6′N,128°50.4′E,67 km,3.8,震度１,28.22666667,128.84
2019/12/4,6:28:29,根室半島南東沖,43°06.7′N,146°21.6′E,48 km,3.9,震度１,43.11166667,146.36
2019/12/4,8:59:22,沖縄本島近海,26°21.4′N,127°44.9′E,16 km,2.6,震度１,26.35666667,127.7483333
2019/12/4,10:38:53,茨城県北部,36°48.5′N,140°32.3′E,9 km,4.9,震度４,36.80833333,140.5383333
2019/12/4,10:50:31,茨城県北部,36°48.3′N,140°32.4′E,9 km,3.5,震度２,36.805,140.54
2019/12/4,12:01:30,茨城県北部,36°48.7′N,140°31.9′E,8 km,2.6,震度１,36.81166667,140.5316667
2019/12/4,13:27:41,栃木県北部,36°57.2′N,139°40.9′E,7 km,3.9,震度３,36.95333333,139.6816667
2019/12/4,13:39:56,瀬戸内海中部,34°15.9′N,133°07.5′E,23 km,2.7,震度１,34.265,133.125
2019/12/4,14:05:09,瀬戸内海中部,34°02.8′N,133°03.7′E,15 km,2.8,震度１,34.04666667,133.0616667
2019/12/4,17:57:27,茨城県北部,36°47.9′N,140°32.7′E,9 km,3.3,震度１,36.79833333,140.545
2019/12/4,18:12:56,茨城県南部,36°08.2′N,139°48.1′E,51 km,4,震度３,36.13666667,139.8016667
2019/12/4,19:35:05,栃木県北部,36°57.2′N,139°40.8′E,7 km,4.8,震度４,36.95333333,139.68
2019/12/5,1:03:58,宮古島近海,25°00.9′N,125°36.4′E,53 km,4.2,震度１,25.015,125.6066667
2019/12/5,8:36:29,茨城県北部,36°48.6′N,140°32.5′E,8 km,3.2,震度１,36.81,140.5416667
2019/12/5,8:38:27,茨城県北部,36°48.5′N,140°32.5′E,7 km,3.8,震度２,36.80833333,140.5416667
2019/12/5,11:03:17,千島列島,45°19.1′N,150°30.0′E,30 km,5.8,震度１,45.31833333,150.5
2019/12/5,11:14:26,沖縄本島近海,26°48.0′N,128°24.0′E,31 km,2.9,震度１,26.8,128.4
2019/12/5,12:53:01,岐阜県飛騨地方,36°03.1′N,137°34.1′E,7 km,2.2,震度１,36.05166667,137.5683333
2019/12/5,13:58:57,釧路地方中南部,43°04.3′N,144°59.8′E,61 km,4.1,震度２,43.07166667,144.9966667
2019/12/5,15:01:18,茨城県北部,36°46.5′N,140°33.9′E,9 km,3.9,震度２,36.775,140.565
2019/12/5,22:35:16,茨城県北部,36°48.5′N,140°32.7′E,8 km,4.6,震度３,36.80833333,140.545
2019/12/5,23:54:11,大隅半島東方沖,31°06.7′N,131°26.7′E,30 km,4.7,震度３,31.11166667,131.445
2019/12/6,8:10:34,網走地方,44°03.2′N,145°04.3′E,4 km,1.9,震度１,44.05333333,145.0716667
2019/12/6,14:39:34,福島県中通り,36°54.4′N,140°25.9′E,81 km,3.5,震度２,36.90666667,140.4316667
2019/12/6,20:57:02,茨城県北部,36°48.0′N,140°32.5′E,8 km,3.3,震度２,36.8,140.5416667
2019/12/7,9:10:26,根室半島南東沖,43°12.6′N,146°32.7′E,50 km,4,震度１,43.21,146.545
2019/12/7,10:15:33,国後島付近,43°32.6′N,145°15.5′E,133 km,3.2,震度１,43.54333333,145.2583333
2019/12/7,12:33:49,福島県沖,37°22.8′N,141°46.6′E,41 km,4.6,震度３,37.38,141.7766667
2019/12/7,16:51:14,北海道東方沖,43°16.9′N,147°02.0′E,35 km,4.4,震度１,43.28166667,147.0333333
2019/12/7,18:56:28,根室地方北部,44°02.9′N,145°04.7′E,0 km,1.8,震度１,44.04833333,145.0783333
2019/12/7,18:59:36,網走地方,44°03.0′N,145°04.7′E,0 km,2.2,震度１,44.05,145.0783333
2019/12/7,20:37:11,鹿児島県薩摩地方,31°18.7′N,130°34.4′E,10 km,2.7,震度１,31.31166667,130.5733333
2019/12/8,2:57:09,奄美大島近海,28°17.0′N,129°26.5′E,31 km,2.8,震度１,28.28333333,129.4416667
2019/12/8,7:14:06,福島県沖,37°48.1′N,141°43.6′E,51 km,3.6,震度１,37.80166667,141.7266667
2019/12/8,7:25:18,熊本県熊本地方,32°42.1′N,130°42.8′E,14 km,2.6,震度１,32.70166667,130.7133333
2019/12/8,10:46:27,熊本県熊本地方,32°34.0′N,130°45.2′E,9 km,2.4,震度１,32.56666667,130.7533333
2019/12/8,11:57:54,和歌山県北部,34°15.3′N,135°25.8′E,7 km,1.9,震度１,34.255,135.43
2019/12/8,12:22:50,岩手県沖,39°26.9′N,142°43.7′E,32 km,4.4,震度２,39.44833333,142.7283333
2019/12/8,17:29:18,宮城県沖,38°42.5′N,142°14.7′E,39 km,3.7,震度１,38.70833333,142.245
2019/12/9,0:03:57,鹿児島湾,31°21.7′N,130°40.8′E,118 km,3.2,震度１,31.36166667,130.68
2019/12/9,11:12:26,青森県東方沖,41°31.4′N,141°33.8′E,84 km,2.8,震度１,41.52333333,141.5633333
2019/12/9,17:41:18,八丈島東方沖,33°09.3′N,140°48.6′E,54 km,4.4,震度１,33.155,140.81
2019/12/10,14:51:29,長野県南部,35°47.9′N,137°29.7′E,8 km,2.3,震度１,35.79833333,137.495
2019/12/10,17:49:44,鳥取県西部,35°17.1′N,133°21.1′E,6 km,2.2,震度１,35.285,133.3516667
2019/12/11,9:21:44,熊本県熊本地方,32°27.7′N,130°38.5′E,10 km,2.4,震度１,32.46166667,130.6416667
2019/12/11,11:58:08,茨城県北部,36°42.3′N,140°36.6′E,9 km,3.3,震度１,36.705,140.61
2019/12/11,12:33:17,茨城県北部,36°42.5′N,140°36.2′E,9 km,2.9,震度１,36.70833333,140.6033333
2019/12/11,18:39:08,福島県沖,37°43.7′N,141°48.0′E,41 km,5.3,震度３,37.72833333,141.8
2019/12/12,0:46:35,胆振地方中東部,42°44.4′N,141°53.8′E,15 km,2.3,震度１,42.74,141.8966667
2019/12/12,1:09:50,宗谷地方北部,45°06.3′N,141°52.7′E,7 km,4.2,震度５弱,45.105,141.8783333
2019/12/12,2:45:02,宗谷地方北部,45°06.1′N,141°51.6′E,7 km,2.4,震度１,45.10166667,141.86
2019/12/12,4:24:49,胆振地方中東部,42°42.0′N,141°58.9′E,36 km,3.1,震度２,42.7,141.9816667
2019/12/12,4:27:54,茨城県沖,36°25.6′N,141°00.3′E,45 km,3.6,震度１,36.42666667,141.005
2019/12/12,12:56:31,西表島付近,24°15.6′N,123°46.0′E,16 km,2.9,震度１,24.26,123.7666667
2019/12/12,14:30:48,佐渡付近,38°13.4′N,138°23.7′E,15 km,3.7,震度１,38.22333333,138.395
2019/12/12,17:43:59,岩手県沖,39°58.2′N,142°24.0′E,37 km,3.7,震度１,39.97,142.4
2019/12/13,6:20:42,奄美大島近海,28°11.7′N,129°30.0′E,33 km,3.2,震度１,28.195,129.5
2019/12/13,7:26:46,茨城県沖,36°38.1′N,141°39.1′E,63 km,4.1,震度１,36.635,141.6516667
2019/12/13,19:29:28,岩手県沖,39°38.7′N,142°06.7′E,48 km,3.4,震度１,39.645,142.1116667
2019/12/13,20:14:22,福島県会津,37°02.9′N,139°32.2′E,9 km,2.6,震度１,37.04833333,139.5366667
2019/12/13,23:20:33,山梨県東部・富士五湖,35°29.6′N,138°57.3′E,18 km,2.6,震度１,35.49333333,138.955
2019/12/14,3:24:04,伊豆大島近海,35°01.8′N,139°27.0′E,33 km,4.3,震度３,35.03,139.45
2019/12/15,10:07:23,三宅島近海,34°05.1′N,139°23.8′E,15 km,2.7,震度１,34.085,139.3966667
2019/12/15,12:33:12,長野県北部,36°36.6′N,138°21.4′E,1 km,2.9,震度２,36.61,138.3566667
2019/12/15,13:38:41,宮古島近海,24°41.6′N,124°50.0′E,19 km,4.1,震度１,24.69333333,124.8333333
2019/12/15,22:05:24,宮古島近海,24°45.3′N,125°15.2′E,47 km,4.1,震度１,24.755,125.2533333
2019/12/16,4:13:52,千葉県東方沖,35°09.2′N,140°33.9′E,59 km,4.3,震度３,35.15333333,140.565
2019/12/16,6:52:01,胆振地方中東部,42°45.6′N,141°53.7′E,31 km,4.4,震度３,42.76,141.895
2019/12/16,11:39:47,伊豆大島近海,34°33.6′N,139°19.3′E,11 km,2.2,震度１,34.56,139.3216667
2019/12/16,17:04:27,山梨県東部・富士五湖,35°28.1′N,138°56.7′E,23 km,3.3,震度２,35.46833333,138.945
2019/12/17,4:42:29,愛知県西部,34°50.0′N,137°02.1′E,11 km,2.4,震度１,34.83333333,137.035
2019/12/17,4:54:28,有明海,32°48.2′N,130°33.6′E,12 km,2.5,震度１,32.80333333,130.56
2019/12/17,12:21:53,岩手県沖,40°21.2′N,142°04.7′E,51 km,3.5,震度１,40.35333333,142.0783333
2019/12/17,19:15:27,浦河沖,42°00.6′N,142°43.3′E,34 km,3.2,震度１,42.01,142.7216667
2019/12/18,0:16:07,福島県沖,37°08.7′N,141°01.6′E,93 km,3.6,震度１,37.145,141.0266667
2019/12/18,5:17:21,鹿児島県薩摩地方,31°15.2′N,130°22.7′E,155 km,3.8,震度１,31.25333333,130.3783333
2019/12/18,8:35:22,沖縄本島近海,27°18.3′N,128°25.9′E,47 km,5.1,震度４,27.305,128.4316667
2019/12/18,16:26:07,トカラ列島近海,29°37.3′N,129°47.6′E,0 km,2.9,震度１,29.62166667,129.7933333
2019/12/18,18:16:11,トカラ列島近海,29°37.5′N,129°41.8′E,13 km,3,震度１,29.625,129.6966667
2019/12/18,20:54:16,根室半島南東沖,43°24.5′N,145°56.7′E,98 km,4.4,震度３,43.40833333,145.945
2019/12/19,4:15:33,青森県西方沖,40°48.7′N,139°52.6′E,13 km,3.7,震度１,40.81166667,139.8766667
2019/12/19,9:23:42,茨城県沖,36°17.2′N,140°40.1′E,89 km,4.1,震度３,36.28666667,140.6683333
2019/12/19,15:21:33,青森県東方沖,40°30.7′N,142°10.7′E,50 km,5.5,震度５弱,40.51166667,142.1783333
2019/12/20,5:28:40,種子島近海,30°34.4′N,131°09.2′E,30 km,4.5,震度２,30.57333333,131.1533333
2019/12/20,13:50:59,長野県南部,35°48.2′N,137°33.6′E,8 km,2.6,震度１,35.80333333,137.56
2019/12/20,14:09:33,静岡県中部,35°01.4′N,138°22.0′E,27 km,2.6,震度１,35.02333333,138.3666667
2019/12/20,18:31:16,奄美大島近海,28°17.8′N,129°34.7′E,33 km,4.1,震度３,28.29666667,129.5783333
2019/12/21,0:22:25,宮城県沖,38°49.4′N,142°10.6′E,45 km,3.9,震度１,38.82333333,142.1766667
2019/12/21,7:44:05,秋田県沿岸北部,40°12.7′N,140°10.9′E,17 km,3.3,震度２,40.21166667,140.1816667
2019/12/21,12:00:18,宮城県沖,38°53.6′N,142°06.9′E,44 km,4,震度１,38.89333333,142.115
2019/12/22,7:54:43,秋田県沖,39°17.1′N,139°36.2′E,17 km,3.2,震度１,39.285,139.6033333
2019/12/22,13:40:54,岩手県沿岸南部,39°03.2′N,141°41.0′E,76 km,3.3,震度１,39.05333333,141.6833333
2019/12/22,13:44:37,日向灘,31°35.2′N,131°49.6′E,23 km,4,震度１,31.58666667,131.8266667
2019/12/22,14:24:51,渡島地方北部,42°03.9′N,140°26.2′E,10 km,4.2,震度３,42.065,140.4366667
2019/12/22,14:41:48,五島列島近海,32°41.8′N,129°47.7′E,4 km,2,震度１,32.69666667,129.795
2019/12/22,21:33:44,岩手県内陸南部,38°58.7′N,140°53.7′E,7 km,4.4,震度３,38.97833333,140.895
2019/12/23,2:12:04,鹿児島県薩摩地方,31°50.7′N,130°42.0′E,9 km,2.1,震度１,31.845,130.7
2019/12/23,8:46:11,日向灘,32°35.2′N,132°12.5′E,32 km,3.5,震度１,32.58666667,132.2083333
2019/12/23,21:39:10,岩手県沖,39°06.6′N,142°06.9′E,45 km,3.4,震度１,39.11,142.115
2019/12/24,9:11:09,伊豆半島東方沖,35°05.5′N,139°06.9′E,0 km,1.9,震度１,35.09166667,139.115
2019/12/24,10:58:32,栃木県北部,36°45.4′N,139°26.5′E,4 km,2.4,震度１,36.75666667,139.4416667
2019/12/24,19:44:00,和歌山県北部,34°12.6′N,135°13.8′E,4 km,2.1,震度１,34.21,135.23
2019/12/24,23:36:54,根室半島南東沖,43°29.8′N,146°09.9′E,93 km,4.8,震度３,43.49666667,146.165
2019/12/25,4:50:22,トカラ列島近海,29°32.4′N,129°43.9′E,8 km,1.8,震度１,29.54,129.7316667
2019/12/25,4:54:00,瀬戸内海中部,34°02.9′N,133°04.3′E,15 km,2.8,震度１,34.04833333,133.0716667
2019/12/26,3:38:23,網走地方,43°30.5′N,144°00.7′E,1 km,2.6,震度１,43.50833333,144.0116667
2019/12/26,9:08:45,秋田県内陸北部,40°01.0′N,140°27.0′E,6 km,3.1,震度１,40.01666667,140.45
2019/12/26,17:18:58,岩手県沖,39°59.4′N,141°59.9′E,70 km,3.4,震度１,39.99,141.9983333
2019/12/26,18:26:39,宮城県沖,38°31.7′N,141°48.9′E,49 km,4.7,震度３,38.52833333,141.815
2019/12/26,19:53:56,天草灘,32°08.2′N,130°03.2′E,8 km,3.8,震度３,32.13666667,130.0533333
2019/12/26,19:59:34,天草灘,32°08.3′N,130°03.5′E,8 km,3,震度２,32.13833333,130.0583333
2019/12/26,21:26:19,熊本県熊本地方,32°52.1′N,130°39.6′E,8 km,2.1,震度１,32.86833333,130.66
2019/12/27,3:09:08,天草灘,32°08.3′N,130°03.4′E,9 km,3.3,震度２,32.13833333,130.0566667
2019/12/27,4:44:32,栃木県北部,36°39.1′N,139°27.6′E,4 km,2.2,震度１,36.65166667,139.46
2019/12/27,6:46:20,天草灘,32°08.4′N,130°03.5′E,8 km,2.6,震度１,32.14,130.0583333
2019/12/27,11:26:25,沖縄本島近海,26°12.8′N,128°25.5′E,19 km,3.7,震度１,26.21333333,128.425
2019/12/27,12:34:24,瀬戸内海中部,34°02.8′N,133°03.9′E,15 km,2.8,震度１,34.04666667,133.065
2019/12/27,14:10:01,三陸沖,37°56.2′N,142°45.8′E,29 km,4.8,震度２,37.93666667,142.7633333
2019/12/27,22:01:12,天草灘,32°08.1′N,130°03.2′E,9 km,3,震度１,32.135,130.0533333
2019/12/28,5:31:08,トカラ列島近海,29°36.2′N,129°41.8′E,6 km,2,震度１,29.60333333,129.6966667
2019/12/28,8:41:52,西表島付近,24°08.1′N,123°49.0′E,18 km,4.6,震度２,24.135,123.8166667
2019/12/28,21:24:43,福島県沖,37°37.0′N,141°51.2′E,37 km,3.8,震度１,37.61666667,141.8533333
2019/12/29,0:56:42,奄美大島近海,28°17.1′N,129°36.0′E,32 km,4,震度２,28.285,129.6
2019/12/29,6:59:45,天草灘,32°08.3′N,130°03.3′E,8 km,2.7,震度１,32.13833333,130.055
2019/12/29,8:11:33,西表島付近,24°08.1′N,123°48.6′E,18 km,3.3,震度１,24.135,123.81
2019/12/29,9:52:09,岩手県沖,40°09.1′N,142°25.7′E,35 km,3.9,震度１,40.15166667,142.4283333
2019/12/30,13:11:12,父島近海,27°50.6′N,142°31.3′E,73 km,5.1,震度１,27.84333333,142.5216667
2019/12/30,13:32:29,宮城県沖,38°28.5′N,142°06.5′E,41 km,4,震度１,38.475,142.1083333
2019/12/30,19:27:08,茨城県沖,36°47.9′N,141°20.7′E,34 km,3.7,震度１,36.79833333,141.345
2019/12/31,2:14:33,岩手県沖,39°38.2′N,142°06.4′E,48 km,3.4,震度１,39.63666667,142.1066667
2019/12/31,10:47:25,静岡県伊豆地方,34°59.5′N,139°01.1′E,4 km,1.7,震度１,34.99166667,139.0183333
