date,time,epicenter,緯度,経度,depth,magnitude,maxshindo,lat,lng
2021/1/1,1:53:36,新島・神津島近海,34°28.8′N,139°18.2′E,12 km,4.7,震度４,34.48,139.3033333
2021/1/1,2:10:38,新島・神津島近海,34°28.9′N,139°18.3′E,12 km,2.8,震度１,34.48166667,139.305
2021/1/1,2:27:05,新島・神津島近海,34°28.6′N,139°17.8′E,12 km,2.2,震度１,34.47666667,139.2966667
2021/1/1,3:17:30,新島・神津島近海,34°28.7′N,139°18.0′E,12 km,2.5,震度１,34.47833333,139.3
2021/1/1,3:41:28,新島・神津島近海,34°29.2′N,139°18.4′E,10 km,2.6,震度１,34.48666667,139.3066667
2021/1/1,4:10:37,茨城県南部,35°56.9′N,140°04.6′E,70 km,3.2,震度１,35.94833333,140.0766667
2021/1/1,16:16:37,有明海,32°57.8′N,130°20.7′E,9 km,2.9,震度１,32.96333333,130.345
2021/1/1,17:36:44,宮城県沖,38°47.0′N,141°37.9′E,67 km,3.4,震度１,38.78333333,141.6316667
2021/1/1,22:10:43,北海道南西沖,42°32.8′N,139°08.6′E,20 km,3.4,震度１,42.54666667,139.1433333
2021/1/2,7:11:58,岩手県沿岸北部,39°45.5′N,141°50.9′E,58 km,3.6,震度１,39.75833333,141.8483333
2021/1/2,9:25:42,熊本県天草・芦北地方,32°38.8′N,130°39.3′E,11 km,2.4,震度１,32.64666667,130.655
2021/1/2,14:51:23,岩手県沖,39°01.3′N,142°13.5′E,44 km,3.5,震度１,39.02166667,142.225
2021/1/2,15:35:36,愛知県西部,35°22.4′N,136°58.7′E,10 km,2.8,震度２,35.37333333,136.9783333
2021/1/2,22:26:47,台湾付近,24°00.6′N,122°17.1′E,26 km,4.9,震度１,24.01,122.285
2021/1/2,22:36:02,宮城県沖,38°42.0′N,142°16.0′E,42 km,4.1,震度２,38.7,142.2666667
2021/1/3,1:04:58,兵庫県南東部,34°55.1′N,135°25.9′E,6 km,2.7,震度１,34.91833333,135.4316667
2021/1/3,2:31:28,和歌山県北部,34°08.2′N,135°10.2′E,4 km,2.1,震度１,34.13666667,135.17
2021/1/3,13:03:29,宮古島近海,24°54.4′N,125°39.3′E,50 km,3.8,震度１,24.90666667,125.655
2021/1/3,14:24:17,沖縄本島近海,25°57.8′N,128°37.5′E,32 km,5.2,震度２,25.96333333,128.625
2021/1/3,15:42:32,沖縄本島近海,25°59.3′N,128°37.3′E,33 km,4.7,震度１,25.98833333,128.6216667
2021/1/3,18:59:47,宮城県沖,38°43.3′N,142°15.4′E,42 km,3.8,震度１,38.72166667,142.2566667
2021/1/4,19:22:05,広島県北部,35°01.1′N,132°55.6′E,7 km,2.6,震度１,35.01833333,132.9266667
2021/1/5,16:51:46,熊本県熊本地方,32°41.8′N,130°39.5′E,13 km,2.3,震度１,32.69666667,130.6583333
2021/1/6,13:50:17,和歌山県北部,34°13.3′N,135°10.5′E,4 km,1.6,震度１,34.22166667,135.175
2021/1/7,4:13:28,三陸沖,39°42.9′N,143°26.2′E,14 km,4.7,震度１,39.715,143.4366667
2021/1/7,4:17:45,高知県中部,33°49.6′N,133°45.0′E,39 km,3.8,震度２,33.82666667,133.75
2021/1/7,6:06:50,三陸沖,39°51.1′N,144°32.6′E,59 km,4.9,震度１,39.85166667,144.5433333
2021/1/7,10:10:15,種子島近海,30°40.9′N,130°58.2′E,6 km,2.5,震度１,30.68166667,130.97
2021/1/8,5:52:31,奄美大島近海,28°23.3′N,129°29.7′E,38 km,3,震度１,28.38833333,129.495
2021/1/8,21:36:54,茨城県沖,36°24.1′N,141°03.9′E,43 km,3.7,震度１,36.40166667,141.065
2021/1/9,0:04:45,津軽海峡,41°31.3′N,141°20.4′E,93 km,3.5,震度２,41.52166667,141.34
2021/1/9,3:23:35,埼玉県南部,35°57.6′N,139°32.0′E,63 km,3,震度１,35.96,139.5333333
2021/1/9,14:36:33,宮城県沖,37°50.8′N,142°32.0′E,42 km,4.7,震度２,37.84666667,142.5333333
2021/1/9,18:31:10,岩手県内陸南部,39°07.4′N,140°55.5′E,10 km,3.3,震度１,39.12333333,140.925
2021/1/10,12:32:56,熊本県熊本地方,32°33.2′N,130°44.5′E,8 km,2.3,震度１,32.55333333,130.7416667
2021/1/10,13:46:35,岐阜県美濃中西部,35°49.5′N,136°54.4′E,11 km,2.4,震度１,35.825,136.9066667
2021/1/10,15:38:19,福島県沖,37°46.4′N,141°35.5′E,49 km,4.2,震度２,37.77333333,141.5916667
2021/1/11,9:24:38,宮古島北西沖,25°35.8′N,124°22.4′E,157 km,4.9,震度１,25.59666667,124.3733333
2021/1/12,11:07:18,愛媛県南予,32°59.5′N,132°40.4′E,30 km,2.9,震度１,32.99166667,132.6733333
2021/1/12,11:39:42,北海道西方沖,43°38.2′N,139°59.1′E,235 km,6,震度２,43.63666667,139.985
2021/1/13,9:07:45,福島県会津,37°17.4′N,139°25.7′E,6 km,2.8,震度１,37.29,139.4283333
2021/1/13,13:45:24,福島県沖,36°46.2′N,141°42.3′E,33 km,4,震度１,36.77,141.705
2021/1/13,19:29:30,長野県中部,36°14.1′N,137°39.4′E,3 km,3,震度２,36.235,137.6566667
2021/1/14,0:57:39,宮城県沖,38°16.4′N,141°48.9′E,57 km,3.9,震度２,38.27333333,141.815
2021/1/14,9:29:45,鹿児島湾,31°19.2′N,130°36.6′E,8 km,2.4,震度１,31.32,130.61
2021/1/14,12:48:00,茨城県北部,36°17.1′N,140°31.4′E,76 km,3,震度１,36.285,140.5233333
2021/1/14,22:06:23,鹿児島湾,31°23.9′N,130°36.5′E,7 km,2.4,震度１,31.39833333,130.6083333
2021/1/15,1:28:13,宮古島北西沖,25°14.7′N,124°18.3′E,128 km,4.5,震度１,25.245,124.305
2021/1/15,11:16:28,佐渡付近,37°44.8′N,138°21.9′E,21 km,3.2,震度２,37.74666667,138.365
2021/1/15,12:59:31,福島県沖,37°12.4′N,141°12.1′E,31 km,3.6,震度２,37.20666667,141.2016667
2021/1/15,14:04:13,八丈島近海,32°55.0′N,139°30.8′E,12 km,3.4,震度１,32.91666667,139.5133333
2021/1/15,16:38:26,奄美大島近海,27°34.6′N,128°50.8′E,17 km,3.5,震度２,27.57666667,128.8466667
2021/1/15,17:40:07,十勝地方南部,42°27.0′N,143°15.3′E,53 km,4.6,震度２,42.45,143.255
2021/1/15,22:16:11,茨城県北部,36°33.1′N,140°29.4′E,50 km,3,震度１,36.55166667,140.49
2021/1/15,22:38:18,三重県南東沖,33°53.4′N,137°17.1′E,364 km,5.3,震度２,33.89,137.285
2021/1/16,0:40:15,宮古島近海,24°59.6′N,125°34.5′E,55 km,3.6,震度１,24.99333333,125.575
2021/1/16,2:04:23,十勝地方中部,42°50.6′N,143°32.4′E,34 km,2.7,震度１,42.84333333,143.54
2021/1/16,5:10:14,十勝沖,42°06.8′N,144°15.8′E,22 km,4.3,震度１,42.11333333,144.2633333
2021/1/16,8:19:36,長野県北部,36°41.1′N,138°08.9′E,5 km,2.7,震度２,36.685,138.1483333
2021/1/16,12:01:31,長野県北部,36°40.8′N,138°09.0′E,5 km,2.1,震度１,36.68,138.15
2021/1/16,13:36:44,鹿児島湾,31°19.4′N,130°36.7′E,8 km,2.2,震度１,31.32333333,130.6116667
2021/1/16,17:08:40,岩手県沖,39°38.2′N,142°06.3′E,49 km,3.9,震度２,39.63666667,142.105
2021/1/16,19:26:04,長野県中部,36°12.7′N,137°39.6′E,3 km,2.9,震度２,36.21166667,137.66
2021/1/16,20:55:20,三宅島近海,33°49.5′N,139°27.3′E,17 km,2.9,震度１,33.825,139.455
2021/1/17,2:39:22,胆振地方西部,42°32.6′N,141°03.1′E,1 km,2.4,震度１,42.54333333,141.0516667
2021/1/17,6:32:47,鹿児島湾,31°19.2′N,130°36.6′E,7 km,2.2,震度１,31.32,130.61
2021/1/17,12:42:04,愛知県西部,35°16.7′N,137°09.8′E,46 km,3,震度１,35.27833333,137.1633333
2021/1/17,18:24:17,日向灘,32°04.6′N,131°46.9′E,34 km,3.3,震度１,32.07666667,131.7816667
2021/1/17,20:17:08,紀伊水道,34°00.2′N,134°47.1′E,42 km,3.2,震度１,34.00333333,134.785
2021/1/18,11:05:55,択捉島南東沖,44°31.9′N,147°57.8′E,127 km,4.4,震度１,44.53166667,147.9633333
2021/1/18,20:38:15,新島・神津島近海,34°31.1′N,139°12.9′E,8 km,2.2,震度１,34.51833333,139.215
2021/1/18,22:20:33,福井県嶺北,35°55.4′N,136°38.4′E,9 km,2.6,震度１,35.92333333,136.64
2021/1/18,23:45:33,津軽海峡,41°29.0′N,141°02.2′E,9 km,2.7,震度２,41.48333333,141.0366667
2021/1/18,23:55:41,奄美大島近海,28°15.3′N,129°58.0′E,22 km,3.5,震度２,28.255,129.9666667
2021/1/19,5:11:23,石川県能登地方,37°29.0′N,137°16.2′E,6 km,2.8,震度２,37.48333333,137.27
2021/1/19,5:47:32,宮城県沖,38°55.0′N,141°56.2′E,51 km,4,震度２,38.91666667,141.9366667
2021/1/19,16:08:48,岩手県沖,39°06.3′N,142°07.4′E,45 km,3.5,震度１,39.105,142.1233333
2021/1/20,5:09:57,熊本県熊本地方,32°42.7′N,130°41.0′E,13 km,2,震度１,32.71166667,130.6833333
2021/1/20,6:27:30,紀伊水道,34°03.8′N,135°08.5′E,6 km,2.5,震度１,34.06333333,135.1416667
2021/1/20,10:38:21,奄美大島近海,28°15.4′N,129°57.7′E,22 km,3.2,震度１,28.25666667,129.9616667
2021/1/20,11:57:03,山口県北部,34°09.0′N,131°20.2′E,12 km,3.1,震度１,34.15,131.3366667
2021/1/20,12:22:36,茨城県北部,36°39.0′N,140°36.0′E,7 km,2.4,震度１,36.65,140.6
2021/1/20,15:23:59,根室半島南東沖,43°12.6′N,146°02.4′E,45 km,3.7,震度１,43.21,146.04
2021/1/20,22:52:24,和歌山県北部,34°12.1′N,135°12.0′E,5 km,2.5,震度２,34.20166667,135.2
2021/1/20,23:43:23,岐阜県飛騨地方,36°01.5′N,137°33.2′E,7 km,2.5,震度１,36.025,137.5533333
2021/1/21,6:02:53,西表島付近,24°24.8′N,123°26.5′E,15 km,4.3,震度１,24.41333333,123.4416667
2021/1/21,6:37:50,宮城県沖,38°16.9′N,141°41.3′E,53 km,3.4,震度１,38.28166667,141.6883333
2021/1/21,8:00:38,岩手県沖,39°38.1′N,142°06.3′E,48 km,3.5,震度１,39.635,142.105
2021/1/21,16:36:01,西表島付近,24°22.4′N,123°42.8′E,1 km,2.7,震度１,24.37333333,123.7133333
2021/1/22,7:04:24,千葉県北西部,35°40.5′N,140°09.2′E,69 km,4.1,震度１,35.675,140.1533333
2021/1/22,14:46:26,有明海,32°46.6′N,130°29.7′E,9 km,3.8,震度２,32.77666667,130.495
2021/1/22,18:38:07,宮城県沖,38°17.3′N,141°58.7′E,50 km,3.8,震度１,38.28833333,141.9783333
2021/1/23,1:03:57,福島県沖,37°15.9′N,141°32.6′E,22 km,4.6,震度３,37.265,141.5433333
2021/1/23,3:46:49,福島県会津,37°25.2′N,139°26.5′E,6 km,3,震度１,37.42,139.4416667
2021/1/23,14:39:18,日高地方中部,42°20.8′N,142°43.6′E,111 km,4.6,震度２,42.34666667,142.7266667
2021/1/23,17:30:56,静岡県西部,34°52.8′N,137°53.5′E,15 km,2.9,震度１,34.88,137.8916667
2021/1/23,17:38:51,静岡県西部,34°52.7′N,137°53.6′E,15 km,3.2,震度２,34.87833333,137.8933333
2021/1/23,20:19:04,宮城県沖,38°53.4′N,141°58.2′E,49 km,3.9,震度２,38.89,141.97
2021/1/23,22:12:09,福島県沖,37°06.0′N,141°30.4′E,42 km,4.5,震度２,37.1,141.5066667
2021/1/24,0:57:35,熊本県熊本地方,32°35.8′N,130°39.7′E,13 km,3.9,震度３,32.59666667,130.6616667
2021/1/24,11:24:48,根室半島南東沖,42°57.8′N,145°48.6′E,73 km,3.9,震度１,42.96333333,145.81
2021/1/24,18:13:15,茨城県沖,35°55.3′N,141°05.7′E,16 km,4,震度２,35.92166667,141.095
2021/1/24,18:47:56,茨城県南部,36°10.5′N,140°29.9′E,95 km,3.3,震度１,36.175,140.4983333
2021/1/24,23:45:44,宮古島近海,24°53.5′N,125°20.6′E,27 km,3.6,震度２,24.89166667,125.3433333
2021/1/25,0:53:22,西表島付近,24°29.1′N,123°56.1′E,0 km,3.7,震度１,24.485,123.935
2021/1/25,3:24:05,釧路沖,42°06.8′N,144°52.2′E,11 km,5.1,震度２,42.11333333,144.87
2021/1/25,6:24:52,栃木県南部,36°30.4′N,140°13.8′E,102 km,3.4,震度１,36.50666667,140.23
2021/1/25,15:44:25,福島県沖,37°41.9′N,141°16.1′E,92 km,3.5,震度１,37.69833333,141.2683333
2021/1/25,16:25:39,石垣島近海,23°26.7′N,123°37.6′E,50 km,5.4,震度２,23.445,123.6266667
2021/1/25,18:05:58,石垣島近海,23°29.0′N,123°38.2′E,52 km,5.1,震度１,23.48333333,123.6366667
2021/1/25,20:33:20,日向灘,32°00.4′N,131°42.4′E,40 km,3.3,震度１,32.00666667,131.7066667
2021/1/26,1:52:59,長野県南部,35°52.6′N,137°42.1′E,9 km,2.6,震度１,35.87666667,137.7016667
2021/1/26,8:25:21,茨城県沖,36°27.3′N,140°38.5′E,64 km,4.2,震度３,36.455,140.6416667
2021/1/26,12:33:18,香川県西部,34°15.0′N,133°45.7′E,19 km,3.2,震度２,34.25,133.7616667
2021/1/27,1:25:08,和歌山県北部,34°07.6′N,135°09.7′E,6 km,2.4,震度１,34.12666667,135.1616667
2021/1/27,13:20:25,種子島近海,30°19.3′N,130°55.3′E,7 km,2.3,震度１,30.32166667,130.9216667
2021/1/27,14:06:53,胆振地方中東部,42°42.6′N,142°01.2′E,128 km,5.4,震度４,42.71,142.02
2021/1/27,15:29:27,熊本県熊本地方,32°35.9′N,130°39.8′E,14 km,3.4,震度２,32.59833333,130.6633333
2021/1/27,15:44:10,和歌山県北部,34°15.4′N,135°25.8′E,6 km,2.8,震度２,34.25666667,135.43
2021/1/27,17:45:23,内浦湾,41°55.9′N,140°58.0′E,8 km,2.7,震度３,41.93166667,140.9666667
2021/1/27,18:25:58,福島県沖,37°19.3′N,141°03.9′E,63 km,3.9,震度２,37.32166667,141.065
2021/1/27,23:27:36,根室半島南東沖,42°49.8′N,146°23.9′E,14 km,4.4,震度１,42.83,146.3983333
2021/1/28,10:49:13,兵庫県南東部,34°55.1′N,135°24.0′E,6 km,2.5,震度１,34.91833333,135.4
2021/1/29,3:24:12,福島県沖,37°03.3′N,141°09.6′E,49 km,4,震度２,37.055,141.16
2021/1/29,3:51:49,北海道東方沖,43°55.4′N,147°36.0′E,37 km,4.2,震度１,43.92333333,147.6
2021/1/29,4:24:27,岩手県沿岸北部,40°02.3′N,141°43.7′E,68 km,4.2,震度２,40.03833333,141.7283333
2021/1/29,5:54:46,宮城県沖,38°52.3′N,142°01.4′E,47 km,3.3,震度１,38.87166667,142.0233333
2021/1/29,11:49:06,内浦湾,41°55.6′N,140°58.1′E,9 km,2.2,震度２,41.92666667,140.9683333
2021/1/30,9:14:37,岩手県沖,39°39.8′N,142°00.6′E,57 km,3.7,震度２,39.66333333,142.01
2021/1/30,20:30:38,奄美大島近海,27°34.9′N,128°50.2′E,17 km,2.5,震度１,27.58166667,128.8366667
2021/1/31,5:35:31,栃木県北部,36°38.7′N,139°25.2′E,7 km,2.8,震度１,36.645,139.42
2021/1/31,6:18:33,栃木県北部,36°38.8′N,139°25.1′E,7 km,3.1,震度１,36.64666667,139.4183333
2021/1/31,14:06:50,茨城県北部,36°46.3′N,140°35.0′E,10 km,3.7,震度２,36.77166667,140.5833333
2021/1/31,15:15:14,福島県沖,37°20.8′N,141°20.0′E,30 km,3.9,震度２,37.34666667,141.3333333
2021/2/1,0:51:51,硫黄島近海,22°26.9′N,143°51.0′E,140 km,,震度１,22.44833333,143.85
2021/2/1,3:42:10,上川地方北部,44°53.3′N,142°07.1′E,5 km,2.7,震度１,44.88833333,142.1183333
2021/2/1,16:17:43,熊本県熊本地方,32°30.1′N,130°34.7′E,14 km,4,震度２,32.50166667,130.5783333
2021/2/1,17:15:02,長野県南部,35°35.6′N,137°55.4′E,13 km,2.5,震度１,35.59333333,137.9233333
2021/2/1,17:34:45,福島県沖,37°17.6′N,141°47.1′E,36 km,4.3,震度１,37.29333333,141.785
2021/2/1,19:12:15,和歌山県北部,34°08.8′N,135°08.4′E,5 km,2.3,震度１,34.14666667,135.14
2021/2/1,19:18:13,長野県中部,36°14.0′N,137°39.1′E,5 km,3.1,震度１,36.23333333,137.6516667
2021/2/1,19:45:11,和歌山県北部,33°51.1′N,135°26.2′E,48 km,3.1,震度１,33.85166667,135.4366667
2021/2/1,20:41:04,和歌山県北部,34°08.7′N,135°08.4′E,5 km,2.6,震度２,34.145,135.14
2021/2/1,23:30:10,徳島県北部,34°00.0′N,134°25.8′E,7 km,4,震度３,34,134.43
2021/2/2,3:01:56,栃木県北部,36°38.7′N,139°25.1′E,7 km,4,震度４,36.645,139.4183333
2021/2/2,13:39:18,紀伊水道,33°47.8′N,134°57.7′E,42 km,3.4,震度１,33.79666667,134.9616667
2021/2/2,15:44:58,岩手県内陸北部,40°09.8′N,141°08.5′E,9 km,2.2,震度１,40.16333333,141.1416667
2021/2/2,18:36:39,福島県沖,37°41.4′N,141°42.3′E,57 km,3.9,震度１,37.69,141.705
2021/2/3,13:06:01,千葉県北東部,35°52.1′N,140°32.5′E,37 km,2.8,震度１,35.86833333,140.5416667
2021/2/3,15:47:03,宮城県沖,38°37.3′N,141°54.0′E,47 km,3.8,震度２,38.62166667,141.9
2021/2/4,12:40:10,茨城県沖,36°36.4′N,140°59.0′E,46 km,3.9,震度３,36.60666667,140.9833333
2021/2/4,13:57:27,岐阜県飛騨地方,36°16.5′N,137°34.2′E,2 km,1.9,震度１,36.275,137.57
2021/2/4,14:26:29,西表島付近,24°07.8′N,123°33.7′E,53 km,3.7,震度１,24.13,123.5616667
2021/2/5,4:27:38,北海道東方沖,44°02.4′N,147°43.5′E,93 km,4.6,震度１,44.04,147.725
2021/2/5,16:43:40,宮城県沖,38°37.3′N,141°54.2′E,47 km,3.4,震度１,38.62166667,141.9033333
2021/2/5,17:47:35,西表島付近,24°08.2′N,123°33.6′E,51 km,3.5,震度１,24.13666667,123.56
2021/2/5,22:57:56,茨城県南部,36°04.9′N,139°55.3′E,46 km,3.3,震度１,36.08166667,139.9216667
2021/2/6,3:08:14,天草灘,32°13.8′N,129°59.6′E,12 km,2.7,震度１,32.23,129.9933333
2021/2/6,4:02:43,上川地方北部,44°53.5′N,142°07.0′E,7 km,3.5,震度２,44.89166667,142.1166667
2021/2/6,4:10:01,上川地方北部,44°53.6′N,142°06.8′E,2 km,3.9,震度３,44.89333333,142.1133333
2021/2/6,4:35:02,上川地方北部,44°53.4′N,142°07.1′E,8 km,2.9,震度１,44.89,142.1183333
2021/2/6,10:37:13,岩手県内陸北部,39°52.9′N,140°59.0′E,5 km,2.4,震度１,39.88166667,140.9833333
2021/2/6,12:50:48,東京湾,35°27.9′N,139°56.0′E,111 km,3.6,震度１,35.465,139.9333333
2021/2/6,14:10:28,千葉県北西部,35°48.1′N,140°05.2′E,70 km,4.3,震度２,35.80166667,140.0866667
2021/2/7,1:13:42,茨城県南部,36°09.2′N,139°49.8′E,52 km,3.1,震度１,36.15333333,139.83
2021/2/7,2:36:03,与那国島近海,24°35.6′N,122°33.2′E,112 km,5.2,震度２,24.59333333,122.5533333
2021/2/7,9:35:24,長野県南部,35°55.1′N,138°09.2′E,9 km,2.7,震度１,35.91833333,138.1533333
2021/2/7,12:08:03,熊本県熊本地方,32°53.3′N,130°35.2′E,12 km,3,震度１,32.88833333,130.5866667
2021/2/8,2:26:23,紀伊水道,33°47.0′N,135°12.6′E,46 km,3.8,震度２,33.78333333,135.21
2021/2/8,5:07:05,紀伊水道,34°03.4′N,135°05.5′E,8 km,2.7,震度１,34.05666667,135.0916667
2021/2/8,17:22:44,択捉島南東沖,44°06.2′N,148°10.1′E,44 km,5,震度１,44.10333333,148.1683333
2021/2/8,23:24:01,釧路沖,42°21.3′N,144°58.1′E,20 km,5.1,震度２,42.355,144.9683333
2021/2/9,1:56:31,台湾付近,24°17.7′N,122°22.0′E,64 km,4.5,震度１,24.295,122.3666667
2021/2/9,1:58:03,台湾付近,24°17.9′N,122°00.3′E,40 km,5.5,震度１,24.29833333,122.005
2021/2/9,7:35:40,北海道東方沖,43°27.0′N,146°34.3′E,76 km,4,震度２,43.45,146.5716667
2021/2/9,12:39:26,種子島南東沖,29°58.7′N,131°14.2′E,24 km,4.7,震度１,29.97833333,131.2366667
2021/2/9,14:36:39,豊後水道,33°11.5′N,132°23.9′E,37 km,3.3,震度１,33.19166667,132.3983333
2021/2/9,16:07:58,鳥島近海,31°29.0′N,140°51.2′E,39 km,5.3,震度１,31.48333333,140.8533333
2021/2/10,9:30:47,和歌山県北部,33°59.1′N,135°18.2′E,5 km,2.6,震度１,33.985,135.3033333
2021/2/11,4:36:13,沖縄本島北西沖,26°31.0′N,126°31.7′E,99 km,4,震度１,26.51666667,126.5283333
2021/2/11,5:24:11,福島県会津,37°02.4′N,139°23.6′E,7 km,2.8,震度２,37.04,139.3933333
2021/2/11,8:04:56,栃木県北部,36°38.5′N,139°25.4′E,6 km,2.3,震度１,36.64166667,139.4233333
2021/2/11,12:39:53,十勝地方中部,42°47.9′N,143°10.5′E,108 km,3.5,震度１,42.79833333,143.175
2021/2/11,14:37:47,徳島県北部,34°06.5′N,134°29.8′E,12 km,2.9,震度１,34.10833333,134.4966667
2021/2/11,21:49:41,静岡県東部,35°17.1′N,138°41.8′E,10 km,1.7,震度１,35.285,138.6966667
2021/2/12,13:52:23,種子島南東沖,29°59.1′N,131°23.9′E,31 km,4.6,震度１,29.985,131.3983333
2021/2/13,0:46:25,和歌山県北部,34°01.8′N,135°15.2′E,6 km,2.1,震度１,34.03,135.2533333
2021/2/13,0:52:23,茨城県沖,36°19.9′N,141°05.8′E,34 km,4,震度２,36.33166667,141.0966667
2021/2/13,15:12:44,岩手県内陸北部,39°52.8′N,140°59.1′E,5 km,2.6,震度１,39.88,140.985
2021/2/13,19:52:29,山梨県中・西部,35°44.7′N,138°31.3′E,12 km,3.6,震度３,35.745,138.5216667
2021/2/13,23:07:51,福島県沖,37°43.7′N,141°41.9′E,55 km,7.3,震度６強,37.72833333,141.6983333
2021/2/13,23:12:08,福島県沖,37°38.7′N,141°32.0′E,53 km,4,震度１,37.645,141.5333333
2021/2/13,23:13:54,福島県沖,37°41.5′N,141°40.1′E,56 km,3.8,震度１,37.69166667,141.6683333
2021/2/13,23:17:35,福島県沖,37°34.3′N,141°27.5′E,50 km,3.7,震度１,37.57166667,141.4583333
2021/2/13,23:19:48,福島県沖,37°35.5′N,141°36.0′E,59 km,3.8,震度１,37.59166667,141.6
2021/2/13,23:20:44,福島県沖,37°32.0′N,141°25.6′E,50 km,3.7,震度１,37.53333333,141.4266667
2021/2/13,23:22:46,福島県沖,37°38.1′N,141°40.8′E,59 km,4.1,震度１,37.635,141.68
2021/2/13,23:24:36,福島県沖,37°37.4′N,141°34.5′E,54 km,3.9,震度１,37.62333333,141.575
2021/2/13,23:36:44,福島県沖,37°36.4′N,141°35.9′E,58 km,4.6,震度３,37.60666667,141.5983333
2021/2/13,23:38:51,福島県沖,37°38.5′N,141°36.1′E,55 km,3.9,震度１,37.64166667,141.6016667
2021/2/13,23:45:24,福島県沖,37°34.5′N,141°31.0′E,53 km,3.6,震度１,37.575,141.5166667
2021/2/13,23:51:43,福島県沖,37°39.3′N,141°38.4′E,56 km,5.2,震度３,37.655,141.64
2021/2/13,23:53:37,福島県沖,37°39.2′N,141°36.9′E,55 km,3.8,震度１,37.65333333,141.615
2021/2/13,23:55:03,福島県沖,37°40.6′N,141°32.4′E,51 km,4,震度１,37.67666667,141.54
2021/2/13,23:58:43,福島県沖,37°41.8′N,141°39.8′E,55 km,4.4,震度２,37.69666667,141.6633333
2021/2/14,0:04:19,福島県沖,37°42.2′N,141°34.3′E,53 km,4,震度１,37.70333333,141.5716667
2021/2/14,0:05:13,福島県沖,37°40.9′N,141°37.3′E,53 km,4,震度２,37.68166667,141.6216667
2021/2/14,0:15:03,福島県沖,37°40.6′N,141°34.8′E,54 km,4.1,震度２,37.67666667,141.58
2021/2/14,0:17:16,福島県沖,37°35.4′N,141°30.5′E,52 km,3.7,震度１,37.59,141.5083333
2021/2/14,0:24:54,福島県沖,37°41.0′N,141°36.4′E,52 km,3.9,震度１,37.68333333,141.6066667
2021/2/14,0:31:50,福島県沖,37°35.8′N,141°29.9′E,53 km,3.8,震度１,37.59666667,141.4983333
2021/2/14,0:33:48,福島県沖,37°39.4′N,141°37.7′E,55 km,3.6,震度１,37.65666667,141.6283333
2021/2/14,0:36:48,福島県沖,37°34.3′N,141°26.1′E,52 km,3.8,震度２,37.57166667,141.435
2021/2/14,1:13:33,福島県沖,37°32.6′N,141°34.4′E,55 km,3.8,震度１,37.54333333,141.5733333
2021/2/14,1:14:42,福島県沖,37°42.7′N,141°32.4′E,52 km,4.2,震度２,37.71166667,141.54
2021/2/14,1:20:23,福島県沖,37°38.6′N,141°34.7′E,52 km,3.8,震度１,37.64333333,141.5783333
2021/2/14,1:22:11,福島県沖,37°39.3′N,141°35.2′E,52 km,3.7,震度１,37.655,141.5866667
2021/2/14,1:23:11,福島県沖,37°39.6′N,141°36.8′E,53 km,3.6,震度１,37.66,141.6133333
2021/2/14,1:32:59,福島県沖,37°40.4′N,141°33.6′E,54 km,4.3,震度２,37.67333333,141.56
2021/2/14,1:51:12,福島県沖,37°39.8′N,141°35.5′E,52 km,3.8,震度１,37.66333333,141.5916667
2021/2/14,1:53:08,福島県沖,37°37.9′N,141°35.0′E,52 km,4,震度１,37.63166667,141.5833333
2021/2/14,2:01:17,福島県沖,37°42.5′N,141°34.3′E,54 km,3.9,震度１,37.70833333,141.5716667
2021/2/14,2:36:32,福島県沖,37°42.6′N,141°42.8′E,51 km,3.9,震度１,37.71,141.7133333
2021/2/14,2:37:48,福島県沖,37°30.7′N,141°27.8′E,47 km,3.5,震度１,37.51166667,141.4633333
2021/2/14,2:50:22,福島県沖,37°39.4′N,141°35.5′E,54 km,3.6,震度１,37.65666667,141.5916667
2021/2/14,3:25:28,岩手県沖,39°05.1′N,142°24.4′E,47 km,5.1,震度３,39.085,142.4066667
2021/2/14,4:10:32,福島県沖,37°42.9′N,141°42.6′E,52 km,3.7,震度１,37.715,141.71
2021/2/14,5:57:26,福島県沖,37°33.9′N,141°33.4′E,57 km,3.7,震度１,37.565,141.5566667
2021/2/14,6:08:29,福島県沖,37°38.2′N,141°33.7′E,52 km,3.5,震度１,37.63666667,141.5616667
2021/2/14,9:12:23,福島県沖,37°33.5′N,141°30.2′E,54 km,3.5,震度１,37.55833333,141.5033333
2021/2/14,9:49:17,福島県沖,37°38.3′N,141°33.5′E,51 km,3.8,震度１,37.63833333,141.5583333
2021/2/14,13:50:35,福島県沖,37°41.4′N,141°36.0′E,51 km,3.7,震度１,37.69,141.6
2021/2/14,14:11:23,福島県沖,37°35.0′N,141°36.0′E,58 km,4.1,震度２,37.58333333,141.6
2021/2/14,14:53:53,福島県沖,37°36.8′N,141°33.4′E,53 km,4.2,震度２,37.61333333,141.5566667
2021/2/14,16:19:44,福島県沖,37°34.2′N,141°34.1′E,57 km,3.8,震度１,37.57,141.5683333
2021/2/14,16:31:50,福島県沖,37°31.0′N,141°25.7′E,50 km,5.2,震度４,37.51666667,141.4283333
2021/2/14,16:59:23,福島県沖,37°37.7′N,141°37.8′E,57 km,4.1,震度２,37.62833333,141.63
2021/2/14,17:47:48,福島県沖,37°36.1′N,141°31.0′E,54 km,4.2,震度２,37.60166667,141.5166667
2021/2/14,18:05:31,福島県沖,37°31.8′N,141°27.5′E,51 km,3.5,震度１,37.53,141.4583333
2021/2/14,18:27:00,福島県沖,37°33.6′N,141°32.9′E,56 km,4.3,震度２,37.56,141.5483333
2021/2/14,19:41:00,福島県沖,37°41.5′N,141°35.2′E,54 km,4.1,震度１,37.69166667,141.5866667
2021/2/14,19:45:47,福島県沖,37°38.3′N,141°33.9′E,52 km,3.9,震度２,37.63833333,141.565
2021/2/14,20:41:21,福島県沖,37°39.8′N,141°36.2′E,54 km,4.1,震度２,37.66333333,141.6033333
2021/2/14,21:29:45,福島県沖,37°38.5′N,141°35.4′E,54 km,3.6,震度１,37.64166667,141.59
2021/2/14,23:19:51,福島県沖,37°40.1′N,141°37.0′E,54 km,3.7,震度１,37.66833333,141.6166667
2021/2/14,23:31:42,福島県沖,37°41.0′N,141°42.5′E,60 km,4,震度１,37.68333333,141.7083333
2021/2/14,23:36:48,天草灘,32°04.9′N,130°09.0′E,8 km,2.6,震度１,32.08166667,130.15
2021/2/15,3:12:29,福島県沖,37°35.0′N,141°29.6′E,53 km,3.9,震度１,37.58333333,141.4933333
2021/2/15,4:03:21,愛知県西部,35°03.7′N,137°19.4′E,40 km,2.9,震度１,35.06166667,137.3233333
2021/2/15,5:46:16,和歌山県北部,34°13.0′N,135°12.6′E,4 km,2.3,震度２,34.21666667,135.21
2021/2/15,6:24:44,茨城県北部,36°40.4′N,140°34.6′E,83 km,3.1,震度１,36.67333333,140.5766667
2021/2/15,6:25:18,福島県沖,37°32.9′N,141°25.3′E,50 km,4,震度２,37.54833333,141.4216667
2021/2/15,7:32:25,福島県沖,37°39.9′N,141°32.5′E,52 km,3.8,震度１,37.665,141.5416667
2021/2/15,12:20:10,福島県沖,37°33.4′N,141°28.1′E,52 km,3.5,震度１,37.55666667,141.4683333
2021/2/15,13:00:45,和歌山県北部,34°13.0′N,135°12.5′E,4 km,3.1,震度２,34.21666667,135.2083333
2021/2/15,13:28:16,和歌山県北部,34°13.0′N,135°12.5′E,4 km,4,震度４,34.21666667,135.2083333
2021/2/15,13:45:03,和歌山県北部,34°12.9′N,135°12.4′E,4 km,2.3,震度１,34.215,135.2066667
2021/2/15,13:56:39,和歌山県北部,34°13.0′N,135°12.3′E,4 km,2.2,震度２,34.21666667,135.205
2021/2/15,14:00:42,和歌山県北部,34°12.9′N,135°12.3′E,4 km,2.1,震度１,34.215,135.205
2021/2/15,14:10:36,和歌山県北部,34°12.9′N,135°12.4′E,4 km,3,震度２,34.215,135.2066667
2021/2/15,14:17:06,福島県沖,37°30.1′N,141°25.6′E,48 km,3.6,震度１,37.50166667,141.4266667
2021/2/15,14:17:06,和歌山県北部,34°12.8′N,135°12.3′E,4 km,1.6,震度１,34.21333333,135.205
2021/2/15,14:18:17,和歌山県北部,34°13.2′N,135°12.5′E,4 km,2.1,震度２,34.22,135.2083333
2021/2/15,14:33:27,和歌山県北部,34°12.7′N,135°12.2′E,4 km,1.5,震度１,34.21166667,135.2033333
2021/2/15,14:34:18,和歌山県北部,34°13.1′N,135°12.4′E,4 km,1.7,震度１,34.21833333,135.2066667
2021/2/15,15:34:00,和歌山県北部,34°13.0′N,135°12.4′E,4 km,2,震度１,34.21666667,135.2066667
2021/2/15,16:11:57,和歌山県北部,34°13.2′N,135°12.5′E,4 km,2.1,震度１,34.22,135.2083333
2021/2/15,16:36:16,茨城県北部,36°31.2′N,140°34.2′E,75 km,3.1,震度１,36.52,140.57
2021/2/15,16:42:44,和歌山県北部,34°12.9′N,135°11.8′E,4 km,2.3,震度１,34.215,135.1966667
2021/2/15,17:10:49,福島県沖,37°40.8′N,141°35.2′E,54 km,3.7,震度１,37.68,141.5866667
2021/2/15,17:36:58,和歌山県北部,34°13.0′N,135°12.4′E,3 km,1.5,震度１,34.21666667,135.2066667
2021/2/15,20:27:19,福島県沖,37°42.7′N,141°42.5′E,51 km,4.4,震度２,37.71166667,141.7083333
2021/2/15,20:59:52,福島県沖,37°39.0′N,141°37.0′E,55 km,4.2,震度２,37.65,141.6166667
2021/2/15,21:26:05,福島県沖,37°31.1′N,141°29.4′E,48 km,5.5,震度３,37.51833333,141.49
2021/2/15,21:53:03,福島県沖,37°33.3′N,141°29.2′E,50 km,3.8,震度１,37.555,141.4866667
2021/2/15,23:56:59,福島県沖,37°37.5′N,141°33.5′E,52 km,3.9,震度１,37.625,141.5583333
2021/2/16,0:37:50,千葉県北東部,35°28.7′N,140°24.4′E,32 km,2.8,震度２,35.47833333,140.4066667
2021/2/16,0:42:26,和歌山県北部,34°12.9′N,135°12.1′E,4 km,1.8,震度１,34.215,135.2016667
2021/2/16,2:03:34,福島県沖,37°35.3′N,141°28.4′E,51 km,3.8,震度１,37.58833333,141.4733333
2021/2/16,2:42:17,和歌山県北部,34°12.8′N,135°12.1′E,4 km,2.4,震度２,34.21333333,135.2016667
2021/2/16,7:55:33,和歌山県北部,34°12.9′N,135°12.4′E,3 km,2.1,震度１,34.215,135.2066667
2021/2/16,8:15:50,福島県沖,37°34.3′N,141°31.6′E,54 km,3.9,震度１,37.57166667,141.5266667
2021/2/16,9:48:19,福島県沖,37°38.7′N,141°33.0′E,50 km,3.9,震度１,37.645,141.55
2021/2/16,16:07:12,和歌山県北部,34°12.8′N,135°12.4′E,4 km,1.5,震度１,34.21333333,135.2066667
2021/2/16,22:59:26,福島県沖,37°30.9′N,141°32.1′E,47 km,4.1,震度１,37.515,141.535
2021/2/16,23:31:35,福島県沖,37°41.4′N,141°35.2′E,54 km,3.9,震度１,37.69,141.5866667
2021/2/17,7:07:23,宮城県沖,38°19.5′N,141°52.9′E,46 km,4.3,震度２,38.325,141.8816667
2021/2/17,8:30:51,福島県沖,37°38.4′N,141°32.8′E,50 km,3.6,震度１,37.64,141.5466667
2021/2/17,12:32:20,日向灘,32°07.4′N,132°03.0′E,22 km,3.6,震度１,32.12333333,132.05
2021/2/17,14:27:28,和歌山県北部,34°13.1′N,135°12.9′E,2 km,1.7,震度１,34.21833333,135.215
2021/2/17,23:06:18,福島県沖,37°37.7′N,141°35.5′E,56 km,4.6,震度３,37.62833333,141.5916667
2021/2/18,1:46:43,沖縄本島近海,27°25.0′N,128°36.8′E,44 km,4,震度３,27.41666667,128.6133333
2021/2/18,2:28:51,福島県沖,37°34.7′N,141°30.0′E,54 km,3.6,震度１,37.57833333,141.5
2021/2/18,3:58:30,愛知県西部,35°03.9′N,137°17.7′E,39 km,4.2,震度３,35.065,137.295
2021/2/18,5:43:32,山口県北部,34°15.1′N,131°24.3′E,19 km,2.6,震度１,34.25166667,131.405
2021/2/18,7:52:08,和歌山県北部,34°13.1′N,135°12.5′E,4 km,1.6,震度１,34.21833333,135.2083333
2021/2/18,11:52:21,福島県沖,37°40.9′N,141°37.6′E,54 km,4.1,震度２,37.68166667,141.6266667
2021/2/18,12:09:33,茨城県沖,36°09.2′N,140°59.6′E,38 km,3.1,震度１,36.15333333,140.9933333
2021/2/18,15:02:42,福島県沖,37°40.0′N,141°38.1′E,55 km,4.3,震度２,37.66666667,141.635
2021/2/18,16:01:08,浦河沖,42°03.1′N,142°29.0′E,70 km,4,震度１,42.05166667,142.4833333
2021/2/18,16:50:54,青森県東方沖,40°54.7′N,142°06.5′E,56 km,3.8,震度２,40.91166667,142.1083333
2021/2/18,19:09:21,宮古島近海,24°17.9′N,125°14.5′E,41 km,4.2,震度１,24.29833333,125.2416667
2021/2/18,19:37:30,福島県沖,37°36.1′N,141°34.1′E,55 km,4,震度２,37.60166667,141.5683333
2021/2/18,21:42:59,福島県沖,37°33.8′N,141°34.7′E,59 km,4.1,震度２,37.56333333,141.5783333
2021/2/19,0:10:54,福島県沖,37°32.3′N,141°34.6′E,58 km,3.7,震度１,37.53833333,141.5766667
2021/2/19,1:12:16,島根県西部,35°06.0′N,132°26.4′E,13 km,2.8,震度１,35.1,132.44
2021/2/19,5:07:29,和歌山県北部,34°12.7′N,135°12.7′E,3 km,1.8,震度１,34.21166667,135.2116667
2021/2/19,10:01:42,福島県沖,37°40.6′N,141°33.0′E,52 km,3.8,震度１,37.67666667,141.55
2021/2/19,10:07:11,福島県沖,37°40.7′N,141°33.0′E,53 km,4.6,震度３,37.67833333,141.55
2021/2/19,10:24:01,福島県沖,36°56.9′N,141°03.8′E,50 km,3.1,震度１,36.94833333,141.0633333
2021/2/19,18:11:09,岩手県内陸北部,40°09.3′N,141°11.0′E,7 km,4.2,震度４,40.155,141.1833333
2021/2/19,19:12:39,和歌山県北部,34°00.4′N,135°14.8′E,7 km,2.3,震度１,34.00666667,135.2466667
2021/2/20,1:16:28,青森県東方沖,40°42.3′N,142°49.4′E,34 km,5,震度２,40.705,142.8233333
2021/2/20,4:01:06,福島県沖,37°36.9′N,141°36.8′E,58 km,4.2,震度２,37.615,141.6133333
2021/2/20,6:03:04,奄美大島近海,28°16.8′N,129°35.7′E,31 km,3.3,震度１,28.28,129.595
2021/2/20,8:53:50,福島県沖,37°23.1′N,141°30.6′E,14 km,4.3,震度２,37.385,141.51
2021/2/20,10:17:05,宮城県沖,38°17.7′N,141°37.0′E,55 km,3.8,震度２,38.295,141.6166667
2021/2/20,12:26:23,熊本県熊本地方,32°44.5′N,130°39.5′E,14 km,2.6,震度１,32.74166667,130.6583333
2021/2/20,20:57:52,茨城県北部,36°47.0′N,140°34.3′E,8 km,2.9,震度１,36.78333333,140.5716667
2021/2/20,22:23:29,北海道東方沖,43°16.2′N,146°45.2′E,68 km,5,震度３,43.27,146.7533333
2021/2/20,23:38:14,紀伊水道,34°02.7′N,135°07.8′E,6 km,2.1,震度１,34.045,135.13
2021/2/21,0:06:49,広島県北部,34°54.7′N,132°48.0′E,14 km,3.5,震度２,34.91166667,132.8
2021/2/21,0:59:09,福島県沖,37°35.0′N,141°28.5′E,49 km,3.5,震度１,37.58333333,141.475
2021/2/21,23:27:55,鹿児島県薩摩地方,31°59.7′N,130°15.7′E,10 km,2.7,震度１,31.995,130.2616667
2021/2/22,10:55:56,根室半島南東沖,43°06.2′N,145°46.8′E,50 km,4.4,震度３,43.10333333,145.78
2021/2/22,11:23:16,福島県沖,37°42.9′N,141°42.8′E,53 km,3.9,震度１,37.715,141.7133333
2021/2/22,11:57:16,和歌山県北部,34°13.0′N,135°12.7′E,4 km,3.3,震度３,34.21666667,135.2116667
2021/2/23,4:42:47,茨城県北部,36°38.4′N,140°38.5′E,10 km,3,震度２,36.64,140.6416667
2021/2/23,6:22:36,福島県沖,37°35.3′N,141°29.1′E,51 km,4.1,震度２,37.58833333,141.485
2021/2/23,6:40:42,福島県沖,37°41.3′N,141°39.3′E,55 km,3.9,震度１,37.68833333,141.655
2021/2/23,7:05:46,長野県中部,36°28.0′N,138°02.2′E,5 km,2.9,震度２,36.46666667,138.0366667
2021/2/23,9:35:53,紀伊水道,33°47.0′N,135°01.7′E,45 km,3.4,震度１,33.78333333,135.0283333
2021/2/23,9:52:07,福島県沖,37°36.0′N,141°34.7′E,54 km,4,震度１,37.6,141.5783333
2021/2/23,16:08:58,伊予灘,33°33.1′N,132°09.5′E,53 km,4.2,震度３,33.55166667,132.1583333
2021/2/24,0:56:04,千葉県北西部,36°05.7′N,139°47.2′E,48 km,3.3,震度１,36.095,139.7866667
2021/2/24,2:38:56,福島県沖,37°32.5′N,141°31.9′E,56 km,3.8,震度１,37.54166667,141.5316667
2021/2/24,8:35:44,鹿児島県薩摩地方,32°07.9′N,130°10.2′E,10 km,3,震度１,32.13166667,130.17
2021/2/24,9:54:21,千葉県南部,35°04.0′N,139°57.0′E,66 km,3.2,震度１,35.06666667,139.95
2021/2/25,1:12:25,島根県西部,34°41.9′N,132°09.1′E,11 km,3.1,震度１,34.69833333,132.1516667
2021/2/25,7:26:15,択捉島付近,44°29.6′N,147°22.8′E,150 km,4.8,震度１,44.49333333,147.38
2021/2/25,15:55:13,熊本県熊本地方,32°38.7′N,130°42.6′E,10 km,2.5,震度１,32.645,130.71
2021/2/25,19:18:46,千葉県北東部,35°28.6′N,140°25.3′E,33 km,2.6,震度１,35.47666667,140.4216667
2021/2/25,22:57:51,和歌山県北部,34°12.8′N,135°12.0′E,4 km,1.4,震度１,34.21333333,135.2
2021/2/26,7:13:07,福島県沖,37°36.8′N,141°39.9′E,61 km,3.8,震度１,37.61333333,141.665
2021/2/26,10:16:15,和歌山県北部,34°13.3′N,135°12.4′E,4 km,2,震度１,34.22166667,135.2066667
2021/2/26,13:04:24,福島県沖,37°37.8′N,141°35.0′E,54 km,4.3,震度２,37.63,141.5833333
2021/2/26,14:03:04,福島県沖,37°32.4′N,141°25.1′E,52 km,3.9,震度２,37.54,141.4183333
2021/2/26,18:42:29,大分県中部,33°17.4′N,131°28.8′E,3 km,1.4,震度１,33.29,131.48
2021/2/26,19:18:30,福島県沖,37°40.2′N,141°37.5′E,56 km,4.2,震度２,37.67,141.625
2021/2/26,20:31:35,青森県東方沖,41°03.6′N,142°05.2′E,65 km,4.5,震度３,41.06,142.0866667
2021/2/27,0:33:28,福島県沖,37°12.8′N,141°15.9′E,59 km,4.3,震度３,37.21333333,141.265
2021/2/27,2:03:50,福島県沖,37°45.5′N,141°42.9′E,55 km,4.8,震度３,37.75833333,141.715
2021/2/27,2:05:48,福島県沖,37°45.4′N,141°42.9′E,54 km,3.6,震度１,37.75666667,141.715
2021/2/27,5:48:45,トカラ列島近海,29°59.6′N,130°00.4′E,18 km,2.4,震度１,29.99333333,130.0066667
2021/2/27,6:00:57,トカラ列島近海,29°57.4′N,129°58.3′E,9 km,3.5,震度３,29.95666667,129.9716667
2021/2/27,6:12:24,トカラ列島近海,29°57.5′N,129°57.9′E,11 km,2.7,震度１,29.95833333,129.965
2021/2/27,10:37:20,埼玉県南部,36°00.2′N,139°38.0′E,56 km,3.5,震度１,36.00333333,139.6333333
2021/2/28,9:40:20,島根県東部,35°16.2′N,133°06.2′E,9 km,3.5,震度２,35.27,133.1033333
2021/2/28,11:20:07,大阪府北部,34°58.5′N,135°24.4′E,10 km,3.7,震度２,34.975,135.4066667
2021/2/28,13:14:04,千葉県東方沖,35°45.1′N,140°53.5′E,11 km,3.4,震度１,35.75166667,140.8916667
2021/2/28,20:58:25,父島近海,26°34.7′N,142°40.7′E,31 km,4.3,震度１,26.57833333,142.6783333
2021/2/28,23:30:14,種子島南東沖,30°03.0′N,131°19.3′E,27 km,4.8,震度２,30.05,131.3216667
2021/3/1,1:12:03,種子島南東沖,30°03.8′N,131°19.0′E,25 km,4.4,震度１,30.06333333,131.3166667
2021/3/1,11:54:06,十勝沖,42°06.5′N,144°24.1′E,20 km,4.6,震度１,42.10833333,144.4016667
2021/3/1,15:45:41,福島県沖,37°31.8′N,141°31.8′E,55 km,3.8,震度１,37.53,141.53
2021/3/1,21:13:16,根室半島南東沖,43°06.7′N,145°42.7′E,68 km,3.8,震度１,43.11166667,145.7116667
2021/3/1,22:32:53,鹿児島湾,31°19.5′N,130°37.1′E,8 km,2.4,震度１,31.325,130.6183333
2021/3/2,0:41:41,岩手県沖,40°05.7′N,142°06.9′E,47 km,3.4,震度１,40.095,142.115
2021/3/2,5:48:11,鹿児島県薩摩地方,31°59.7′N,130°15.6′E,11 km,2.5,震度１,31.995,130.26
2021/3/2,18:49:00,福島県沖,37°36.8′N,141°33.5′E,55 km,4.2,震度１,37.61333333,141.5583333
2021/3/3,1:28:33,日向灘,31°44.4′N,131°52.6′E,25 km,3.7,震度１,31.74,131.8766667
2021/3/3,6:22:48,北海道東方沖,43°53.1′N,147°28.0′E,0 km,5.9,震度３,43.885,147.4666667
2021/3/3,11:37:13,鹿児島湾,31°19.8′N,130°37.1′E,9 km,2.5,震度１,31.33,130.6183333
2021/3/3,14:45:46,群馬県南部,36°15.9′N,139°22.7′E,77 km,3.6,震度１,36.265,139.3783333
2021/3/3,18:30:45,鹿児島湾,31°19.8′N,130°37.0′E,5 km,2.3,震度１,31.33,130.6166667
2021/3/3,20:29:00,千葉県北東部,35°44.2′N,140°52.4′E,9 km,3.8,震度２,35.73666667,140.8733333
2021/3/3,21:37:12,青森県西方沖,40°45.3′N,139°44.4′E,17 km,3,震度１,40.755,139.74
2021/3/4,11:22:51,千葉県北東部,35°44.3′N,140°52.3′E,10 km,4.3,震度３,35.73833333,140.8716667
2021/3/4,16:03:30,岐阜県飛騨地方,36°20.9′N,137°37.2′E,2 km,3.2,震度２,36.34833333,137.62
2021/3/5,5:16:50,鹿児島湾,31°19.7′N,130°37.1′E,7 km,2.5,震度２,31.32833333,130.6183333
2021/3/5,14:43:52,千葉県北東部,35°43.9′N,140°52.3′E,9 km,3.2,震度１,35.73166667,140.8716667
2021/3/5,15:14:06,浦河沖,41°59.2′N,142°32.2′E,65 km,4.4,震度２,41.98666667,142.5366667
2021/3/5,20:50:44,釧路沖,42°52.1′N,145°29.1′E,39 km,3.9,震度１,42.86833333,145.485
2021/3/6,8:47:19,福島県沖,37°36.8′N,141°36.6′E,57 km,3.9,震度１,37.61333333,141.61
2021/3/6,9:23:43,島根県東部,35°23.2′N,133°16.5′E,11 km,2.5,震度１,35.38666667,133.275
2021/3/6,10:53:52,浦河沖,41°49.4′N,142°42.7′E,50 km,3.9,震度１,41.82333333,142.7116667
2021/3/6,13:15:54,千葉県北西部,35°34.7′N,140°06.8′E,71 km,3.2,震度１,35.57833333,140.1133333
2021/3/6,22:42:10,岩手県沖,39°18.7′N,141°57.4′E,61 km,3.5,震度１,39.31166667,141.9566667
2021/3/7,2:05:24,熊本県熊本地方,32°41.4′N,130°40.7′E,10 km,3,震度２,32.69,130.6783333
2021/3/7,2:14:28,福島県沖,37°40.2′N,141°32.3′E,52 km,3.8,震度１,37.67,141.5383333
2021/3/7,12:42:16,茨城県沖,36°14.3′N,140°57.5′E,44 km,4,震度２,36.23833333,140.9583333
2021/3/7,16:03:01,根室地方中部,43°19.3′N,145°05.9′E,115 km,3.4,震度１,43.32166667,145.0983333
2021/3/7,21:44:26,福島県沖,37°39.9′N,141°36.9′E,54 km,4.2,震度２,37.665,141.615
2021/3/7,23:21:25,浦河沖,42°06.2′N,142°25.2′E,55 km,3.7,震度１,42.10333333,142.42
2021/3/8,0:34:42,胆振地方中東部,42°29.6′N,141°07.3′E,3 km,2.3,震度１,42.49333333,141.1216667
2021/3/8,2:08:06,宮城県沖,38°49.0′N,141°59.8′E,47 km,3.3,震度１,38.81666667,141.9966667
2021/3/8,3:46:21,福島県沖,37°32.5′N,141°27.1′E,50 km,3.5,震度１,37.54166667,141.4516667
2021/3/8,11:25:18,福島県沖,37°41.6′N,141°37.5′E,53 km,3.7,震度１,37.69333333,141.625
2021/3/8,14:58:27,青森県東方沖,41°33.6′N,142°04.7′E,63 km,4,震度１,41.56,142.0783333
2021/3/8,16:47:36,天草灘,32°29.9′N,129°58.7′E,9 km,3.3,震度１,32.49833333,129.9783333
2021/3/8,23:36:06,福島県沖,37°43.5′N,141°34.8′E,54 km,4.2,震度２,37.725,141.58
2021/3/8,23:58:34,福島県沖,37°43.5′N,141°35.0′E,53 km,3.9,震度１,37.725,141.5833333
2021/3/9,5:20:56,福島県沖,37°05.6′N,141°15.0′E,27 km,3.8,震度１,37.09333333,141.25
2021/3/9,6:51:08,福島県沖,37°43.3′N,141°35.0′E,55 km,3.7,震度１,37.72166667,141.5833333
2021/3/9,8:29:59,宮城県沖,38°45.6′N,141°35.5′E,76 km,4.9,震度４,38.76,141.5916667
2021/3/9,18:11:42,茨城県沖,36°11.2′N,141°00.8′E,39 km,3.7,震度１,36.18666667,141.0133333
2021/3/10,0:30:58,群馬県南部,36°24.0′N,139°21.7′E,14 km,2.5,震度１,36.4,139.3616667
2021/3/10,4:30:42,父島近海,27°21.3′N,142°47.2′E,35 km,4.3,震度１,27.355,142.7866667
2021/3/10,9:07:27,鹿児島湾,31°39.6′N,130°46.1′E,4 km,3.1,震度２,31.66,130.7683333
2021/3/10,17:40:37,宮崎県北部平野部,32°39.1′N,131°37.7′E,12 km,2.9,震度１,32.65166667,131.6283333
2021/3/11,8:09:33,宮城県沖,38°26.3′N,141°40.7′E,54 km,3.6,震度１,38.43833333,141.6783333
2021/3/11,10:25:39,福島県沖,37°41.6′N,141°39.7′E,55 km,3.8,震度１,37.69333333,141.6616667
2021/3/11,16:44:39,熊本県熊本地方,32°41.3′N,130°40.5′E,10 km,2.9,震度２,32.68833333,130.675
2021/3/11,19:57:13,長野県中部,36°13.1′N,137°39.2′E,4 km,4.3,震度２,36.21833333,137.6533333
2021/3/11,22:44:15,長野県中部,36°13.5′N,137°39.8′E,4 km,3.1,震度１,36.225,137.6633333
2021/3/12,3:01:07,福島県沖,37°38.7′N,141°33.5′E,51 km,3.8,震度１,37.645,141.5583333
2021/3/12,6:53:40,福島県沖,37°37.6′N,141°31.7′E,53 km,4.1,震度２,37.62666667,141.5283333
2021/3/12,15:34:21,茨城県沖,36°45.2′N,141°31.7′E,54 km,4.1,震度１,36.75333333,141.5283333
2021/3/12,17:04:03,茨城県北部,36°40.1′N,140°36.3′E,9 km,2.6,震度１,36.66833333,140.605
2021/3/12,17:32:16,日高地方東部,42°19.6′N,142°59.4′E,51 km,3.3,震度１,42.32666667,142.99
2021/3/13,12:48:00,茨城県沖,36°49.2′N,140°53.5′E,70 km,3.4,震度１,36.82,140.8916667
2021/3/13,22:23:22,鹿児島湾,31°19.6′N,130°37.1′E,7 km,2.4,震度１,31.32666667,130.6183333
2021/3/13,23:25:35,石川県能登地方,37°26.3′N,137°10.3′E,13 km,3.2,震度１,37.43833333,137.1716667
2021/3/14,2:16:55,岩手県沖,40°08.0′N,142°24.5′E,40 km,4.6,震度２,40.13333333,142.4083333
2021/3/14,8:52:36,岐阜県飛騨地方,35°55.5′N,137°10.7′E,12 km,3.2,震度２,35.925,137.1783333
2021/3/14,9:22:17,熊本県熊本地方,32°38.6′N,130°42.6′E,11 km,4.4,震度４,32.64333333,130.71
2021/3/14,10:06:02,熊本県熊本地方,32°38.8′N,130°42.6′E,11 km,2.6,震度１,32.64666667,130.71
2021/3/15,0:25:59,和歌山県北部,34°01.7′N,135°14.8′E,4 km,4.6,震度５弱,34.02833333,135.2466667
2021/3/15,0:31:44,和歌山県北部,34°01.5′N,135°14.3′E,4 km,1.8,震度１,34.025,135.2383333
2021/3/15,0:40:11,和歌山県北部,34°01.8′N,135°14.9′E,5 km,2.3,震度１,34.03,135.2483333
2021/3/15,0:56:17,和歌山県北部,34°01.6′N,135°14.4′E,3 km,1.8,震度１,34.02666667,135.24
2021/3/15,0:59:15,和歌山県北部,34°01.7′N,135°14.4′E,4 km,3.4,震度３,34.02833333,135.24
2021/3/15,2:25:40,和歌山県北部,34°01.6′N,135°14.3′E,4 km,1.8,震度１,34.02666667,135.2383333
2021/3/15,6:07:07,茨城県南部,36°03.0′N,139°53.2′E,45 km,2.8,震度１,36.05,139.8866667
2021/3/15,8:18:47,和歌山県北部,34°01.7′N,135°14.8′E,4 km,2,震度１,34.02833333,135.2466667
2021/3/15,11:37:24,和歌山県北部,34°01.6′N,135°15.1′E,5 km,3.1,震度３,34.02666667,135.2516667
2021/3/15,13:15:18,茨城県北部,36°27.6′N,140°35.7′E,55 km,3.1,震度１,36.46,140.595
2021/3/15,15:52:14,和歌山県北部,34°01.5′N,135°15.0′E,5 km,2.1,震度１,34.025,135.25
2021/3/15,19:31:25,鹿児島湾,31°19.8′N,130°37.2′E,6 km,2.8,震度２,31.33,130.62
2021/3/15,23:08:46,岐阜県飛騨地方,36°02.7′N,137°32.7′E,5 km,2.3,震度１,36.045,137.545
2021/3/16,4:56:18,茨城県南部,36°09.2′N,139°49.1′E,54 km,4.9,震度４,36.15333333,139.8183333
2021/3/16,6:12:57,和歌山県北部,34°01.7′N,135°14.3′E,3 km,1.6,震度１,34.02833333,135.2383333
2021/3/16,6:53:34,奄美大島近海,28°18.0′N,129°34.4′E,34 km,3.1,震度１,28.3,129.5733333
2021/3/16,7:23:49,茨城県南部,36°08.9′N,139°49.3′E,53 km,2.8,震度１,36.14833333,139.8216667
2021/3/16,9:04:44,愛知県西部,35°22.5′N,136°52.1′E,16 km,2.7,震度１,35.375,136.8683333
2021/3/16,16:26:01,和歌山県北部,34°01.7′N,135°14.3′E,4 km,2,震度１,34.02833333,135.2383333
2021/3/16,16:40:15,長野県中部,36°11.7′N,137°39.6′E,3 km,2.4,震度１,36.195,137.66
2021/3/17,8:23:19,根室半島南東沖,43°06.5′N,145°50.8′E,46 km,3.7,震度２,43.10833333,145.8466667
2021/3/17,17:28:50,福島県沖,37°41.7′N,141°36.8′E,57 km,5.2,震度４,37.695,141.6133333
2021/3/17,20:11:12,福島県沖,37°42.7′N,141°36.6′E,57 km,4.1,震度２,37.71166667,141.61
2021/3/17,23:48:33,宮城県沖,38°51.8′N,142°02.2′E,46 km,3.7,震度１,38.86333333,142.0366667
2021/3/18,22:38:45,富山県東部,36°49.4′N,137°30.1′E,10 km,3.1,震度１,36.82333333,137.5016667
2021/3/19,22:49:58,天草灘,32°18.2′N,129°46.5′E,12 km,2.7,震度１,32.30333333,129.775
2021/3/20,1:50:52,熊本県熊本地方,32°29.9′N,130°34.5′E,14 km,4,震度３,32.49833333,130.575
2021/3/20,2:28:42,房総半島南方沖,34°09.2′N,140°11.0′E,23 km,4.2,震度１,34.15333333,140.1833333
2021/3/20,9:26:25,岩手県沖,40°07.6′N,142°24.5′E,39 km,4.8,震度２,40.12666667,142.4083333
2021/3/20,18:09:45,宮城県沖,38°28.0′N,141°37.6′E,59 km,6.9,震度５強,38.46666667,141.6266667
2021/3/20,18:13:03,宮城県沖,38°19.8′N,141°37.4′E,53 km,4.2,震度２,38.33,141.6233333
2021/3/20,18:18:34,宮城県沖,38°20.5′N,141°36.9′E,56 km,4.1,震度２,38.34166667,141.615
2021/3/20,18:20:58,宮城県沖,38°19.3′N,141°40.8′E,50 km,3.5,震度１,38.32166667,141.68
2021/3/20,18:22:13,宮城県沖,38°18.3′N,141°34.9′E,55 km,3.5,震度１,38.305,141.5816667
2021/3/20,18:26:21,宮城県沖,38°18.3′N,141°41.3′E,53 km,4.1,震度２,38.305,141.6883333
2021/3/20,18:29:28,宮城県沖,38°19.0′N,141°36.5′E,55 km,3.7,震度１,38.31666667,141.6083333
2021/3/20,18:34:58,宮城県沖,38°19.6′N,141°37.8′E,55 km,4,震度１,38.32666667,141.63
2021/3/20,19:12:16,宮城県沖,38°19.3′N,141°36.5′E,54 km,3.6,震度１,38.32166667,141.6083333
2021/3/20,19:22:18,宮城県沖,38°20.1′N,141°36.0′E,55 km,3.8,震度１,38.335,141.6
2021/3/20,19:25:47,宮城県沖,38°19.9′N,141°40.8′E,51 km,3.3,震度１,38.33166667,141.68
2021/3/20,19:37:14,宮城県沖,38°19.9′N,141°34.3′E,57 km,3.8,震度１,38.33166667,141.5716667
2021/3/20,19:37:15,紀伊水道,34°06.1′N,135°06.0′E,9 km,2.3,震度１,34.10166667,135.1
2021/3/20,19:39:44,宮城県沖,38°19.3′N,141°35.7′E,55 km,3.9,震度１,38.32166667,141.595
2021/3/20,20:45:46,宮城県沖,38°20.6′N,141°37.6′E,55 km,3.3,震度１,38.34333333,141.6266667
2021/3/20,20:50:06,和歌山県北部,34°01.7′N,135°14.2′E,4 km,2.5,震度２,34.02833333,135.2366667
2021/3/20,20:55:45,宮城県沖,38°19.3′N,141°36.2′E,55 km,3.5,震度１,38.32166667,141.6033333
2021/3/20,22:02:19,宮城県沖,38°16.2′N,141°42.9′E,52 km,3.6,震度１,38.27,141.715
2021/3/20,23:34:54,宮城県沖,38°20.5′N,141°37.5′E,55 km,3.3,震度１,38.34166667,141.625
2021/3/21,0:36:58,宮城県沖,38°19.8′N,141°38.3′E,55 km,3.9,震度１,38.33,141.6383333
2021/3/21,1:03:52,種子島近海,30°24.0′N,131°05.1′E,32 km,4.4,震度２,30.4,131.085
2021/3/21,1:41:17,宮城県沖,38°14.1′N,141°44.9′E,51 km,4,震度２,38.235,141.7483333
2021/3/21,1:56:46,千葉県東方沖,35°41.7′N,140°48.8′E,19 km,3,震度１,35.695,140.8133333
2021/3/21,4:35:46,宮城県沖,38°18.9′N,141°54.2′E,46 km,3.7,震度１,38.315,141.9033333
2021/3/21,4:47:33,宮城県沖,38°19.6′N,141°35.3′E,55 km,3.6,震度１,38.32666667,141.5883333
2021/3/21,6:56:37,福島県沖,37°39.9′N,141°40.1′E,55 km,4.5,震度２,37.665,141.6683333
2021/3/21,9:38:17,宮城県沖,38°19.8′N,141°34.5′E,57 km,3.5,震度１,38.33,141.575
2021/3/21,10:42:07,宮城県沖,38°19.5′N,141°35.7′E,55 km,3.5,震度１,38.325,141.595
2021/3/21,15:15:40,宮城県沖,38°19.1′N,141°36.5′E,55 km,3.9,震度１,38.31833333,141.6083333
2021/3/21,15:56:03,大阪府北部,34°58.5′N,135°24.5′E,11 km,3.1,震度２,34.975,135.4083333
2021/3/21,16:40:04,宮城県沖,38°18.2′N,141°38.1′E,54 km,3.5,震度１,38.30333333,141.635
2021/3/21,21:58:59,長野県北部,36°30.2′N,137°45.4′E,2 km,2.3,震度２,36.50333333,137.7566667
2021/3/21,21:59:51,長野県北部,36°30.1′N,137°45.3′E,2 km,1.9,震度１,36.50166667,137.755
2021/3/22,0:30:52,千葉県北西部,35°39.4′N,140°06.2′E,70 km,3.7,震度１,35.65666667,140.1033333
2021/3/22,1:25:22,和歌山県北部,34°01.8′N,135°14.5′E,3 km,1.4,震度１,34.03,135.2416667
2021/3/22,2:30:58,宮城県沖,38°19.7′N,141°34.3′E,56 km,3.4,震度１,38.32833333,141.5716667
2021/3/22,2:47:09,和歌山県北部,34°01.7′N,135°14.1′E,4 km,1.4,震度１,34.02833333,135.235
2021/3/22,5:56:33,福島県沖,37°35.0′N,141°28.9′E,52 km,3.6,震度１,37.58333333,141.4816667
2021/3/22,9:08:32,宮城県沖,38°19.9′N,141°38.2′E,55 km,4,震度１,38.33166667,141.6366667
2021/3/22,19:14:17,岐阜県美濃中西部,35°44.3′N,137°06.0′E,7 km,2.2,震度１,35.73833333,137.1
2021/3/22,21:49:58,伊豆大島近海,34°46.9′N,139°15.1′E,10 km,2.1,震度１,34.78166667,139.2516667
2021/3/23,0:06:01,福島県沖,37°37.8′N,141°32.2′E,50 km,3.9,震度１,37.63,141.5366667
2021/3/23,10:08:53,浦河沖,42°08.3′N,142°46.9′E,46 km,3.8,震度１,42.13833333,142.7816667
2021/3/24,6:46:45,和歌山県北部,34°01.6′N,135°14.3′E,4 km,1.6,震度１,34.02666667,135.2383333
2021/3/24,9:11:03,福島県沖,37°41.4′N,141°39.5′E,53 km,4.2,震度１,37.69,141.6583333
2021/3/24,19:25:13,宮城県沖,38°21.1′N,141°37.8′E,55 km,3.8,震度２,38.35166667,141.63
2021/3/26,0:26:59,茨城県沖,36°27.3′N,140°37.3′E,67 km,3.3,震度１,36.455,140.6216667
2021/3/26,12:48:30,浦河沖,42°08.1′N,142°46.4′E,46 km,4.2,震度２,42.135,142.7733333
2021/3/26,16:43:04,和歌山県北部,34°01.6′N,135°14.3′E,4 km,2.4,震度２,34.02666667,135.2383333
2021/3/26,20:27:15,十勝沖,42°29.4′N,143°33.9′E,57 km,3.4,震度１,42.49,143.565
2021/3/26,21:07:48,宮城県沖,38°19.2′N,141°38.1′E,55 km,3.8,震度２,38.32,141.635
2021/3/26,23:04:52,宮城県北部,38°44.0′N,141°13.5′E,8 km,1.7,震度１,38.73333333,141.225
2021/3/27,7:02:15,宮古島北西沖,26°04.6′N,125°02.4′E,152 km,6.2,震度２,26.07666667,125.04
2021/3/27,7:07:18,北海道南西沖,41°20.3′N,140°03.6′E,10 km,2.5,震度１,41.33833333,140.06
2021/3/27,17:01:54,石川県能登地方,36°48.4′N,136°51.0′E,10 km,2.9,震度１,36.80666667,136.85
2021/3/27,17:25:36,愛知県西部,35°10.5′N,136°49.0′E,46 km,3.2,震度２,35.175,136.8166667
2021/3/27,17:58:29,内浦湾,42°13.7′N,140°54.5′E,15 km,3.1,震度１,42.22833333,140.9083333
2021/3/27,19:07:55,千葉県南部,35°18.6′N,140°01.5′E,40 km,3.1,震度１,35.31,140.025
2021/3/27,22:56:52,日向灘,32°01.9′N,131°51.8′E,27 km,3.6,震度２,32.03166667,131.8633333
2021/3/28,6:10:03,愛知県西部,35°20.2′N,136°52.8′E,12 km,2.2,震度１,35.33666667,136.88
2021/3/28,8:48:06,日向灘,31°58.1′N,131°35.9′E,38 km,3.3,震度１,31.96833333,131.5983333
2021/3/28,9:26:56,八丈島東方沖,33°39.1′N,140°25.1′E,55 km,5.6,震度３,33.65166667,140.4183333
2021/3/28,11:40:57,八丈島東方沖,33°37.0′N,140°24.2′E,52 km,4.5,震度１,33.61666667,140.4033333
2021/3/28,15:41:18,与那国島近海,24°28.8′N,122°43.8′E,97 km,4.5,震度１,24.48,122.73
2021/3/28,17:12:01,浦河沖,42°01.1′N,142°35.9′E,64 km,4.2,震度２,42.01833333,142.5983333
2021/3/28,18:27:24,茨城県南部,36°18.9′N,140°01.3′E,73 km,3.5,震度１,36.315,140.0216667
2021/3/30,20:11:09,茨城県沖,36°14.5′N,141°50.0′E,4 km,4.5,震度１,36.24166667,141.8333333
2021/3/31,2:14:25,福島県会津,37°42.5′N,140°00.5′E,5 km,3.4,震度２,37.70833333,140.0083333
2021/3/31,3:08:47,駿河湾,35°01.7′N,138°32.1′E,25 km,3.9,震度３,35.02833333,138.535
2021/3/31,7:05:39,長野県北部,36°30.3′N,137°45.5′E,2 km,1.7,震度１,36.505,137.7583333
2021/3/31,10:44:41,長野県北部,36°30.3′N,137°45.4′E,2 km,3,震度２,36.505,137.7566667
2021/3/31,15:56:26,長野県北部,36°30.3′N,137°45.3′E,2 km,2.4,震度２,36.505,137.755
2021/3/31,23:19:24,宮城県沖,38°32.3′N,141°44.0′E,53 km,3.8,震度１,38.53833333,141.7333333
2021/4/1,2:07:40,宮城県沖,38°22.0′N,141°39.0′E,55 km,3.7,震度１,38.36666667,141.65
2021/4/1,13:30:04,青森県東方沖,41°30.7′N,142°04.7′E,55 km,4.7,震度３,41.51166667,142.0783333
2021/4/1,15:19:30,宮城県沖,38°19.7′N,141°35.0′E,56 km,3.8,震度１,38.32833333,141.5833333
2021/4/1,22:21:08,宮崎県南部平野部,31°53.3′N,131°22.8′E,59 km,3,震度１,31.88833333,131.38
2021/4/2,6:22:12,和歌山県北部,33°52.6′N,135°24.8′E,47 km,3.4,震度１,33.87666667,135.4133333
2021/4/2,6:38:29,鹿児島県薩摩地方,31°44.1′N,130°31.3′E,8 km,2.8,震度３,31.735,130.5216667
2021/4/2,8:36:32,十勝地方南部,42°42.2′N,143°07.8′E,80 km,3.4,震度２,42.70333333,143.13
2021/4/2,9:31:26,鳥取県中部,35°24.1′N,133°50.7′E,7 km,2.7,震度１,35.40166667,133.845
2021/4/3,0:10:29,宮城県沖,38°20.5′N,141°37.7′E,55 km,3.9,震度１,38.34166667,141.6283333
2021/4/3,1:10:56,茨城県南部,36°09.3′N,139°48.9′E,53 km,3,震度１,36.155,139.815
2021/4/3,1:32:43,新潟県中越地方,37°06.8′N,138°36.7′E,12 km,1.9,震度１,37.11333333,138.6116667
2021/4/3,1:36:31,福島県沖,37°43.7′N,141°40.3′E,56 km,4.1,震度２,37.72833333,141.6716667
2021/4/3,21:58:27,宮城県沖,38°54.2′N,142°04.3′E,45 km,4.5,震度３,38.90333333,142.0716667
2021/4/4,12:24:27,福島県浜通り,37°02.4′N,140°49.3′E,12 km,3.3,震度１,37.04,140.8216667
2021/4/4,20:27:53,沖縄本島近海,27°24.6′N,128°37.3′E,45 km,3.7,震度３,27.41,128.6216667
2021/4/5,2:19:59,網走地方,43°28.5′N,144°01.9′E,0 km,3.5,震度３,43.475,144.0316667
2021/4/5,2:21:26,網走地方,43°28.9′N,144°01.7′E,0 km,2.5,震度２,43.48166667,144.0283333
2021/4/5,2:42:54,網走地方,43°28.7′N,144°02.0′E,0 km,3.3,震度３,43.47833333,144.0333333
2021/4/5,2:44:45,網走地方,43°28.8′N,144°01.6′E,0 km,2.1,震度１,43.48,144.0266667
2021/4/5,5:16:20,網走地方,43°29.0′N,144°02.1′E,0 km,2.1,震度１,43.48333333,144.035
2021/4/5,6:20:58,網走地方,43°29.0′N,144°02.1′E,0 km,2.7,震度２,43.48333333,144.035
2021/4/5,6:22:00,静岡県西部,34°40.5′N,137°41.9′E,36 km,4.3,震度３,34.675,137.6983333
2021/4/5,9:31:48,八丈島東方沖,33°32.1′N,140°29.1′E,56 km,4.6,震度１,33.535,140.485
2021/4/5,11:16:26,根室半島南東沖,43°09.7′N,146°03.4′E,67 km,3.7,震度１,43.16166667,146.0566667
2021/4/5,14:36:10,長野県北部,36°30.4′N,137°45.3′E,2 km,2.7,震度２,36.50666667,137.755
2021/4/6,3:19:32,長野県北部,36°30.4′N,137°45.4′E,2 km,2.5,震度２,36.50666667,137.7566667
2021/4/6,21:20:38,福島県沖,37°27.9′N,141°33.1′E,47 km,3.6,震度１,37.465,141.5516667
2021/4/6,21:58:06,紀伊水道,33°47.9′N,135°14.0′E,46 km,3.2,震度１,33.79833333,135.2333333
2021/4/7,1:44:15,根室半島南東沖,43°03.5′N,145°33.6′E,45 km,4.2,震度２,43.05833333,145.56
2021/4/7,5:10:34,宮城県沖,38°04.9′N,142°16.7′E,36 km,4.2,震度１,38.08166667,142.2783333
2021/4/7,6:29:34,兵庫県北部,35°22.3′N,134°44.1′E,7 km,2.7,震度１,35.37166667,134.735
2021/4/7,18:06:56,茨城県沖,36°31.5′N,140°41.5′E,54 km,3,震度１,36.525,140.6916667
2021/4/8,4:21:46,長野県北部,36°57.0′N,138°28.2′E,8 km,2.6,震度１,36.95,138.47
2021/4/8,16:09:13,熊本県天草・芦北地方,32°15.2′N,130°33.5′E,8 km,2.4,震度１,32.25333333,130.5583333
2021/4/8,16:30:32,熊本県天草・芦北地方,32°15.2′N,130°33.5′E,8 km,2.3,震度１,32.25333333,130.5583333
2021/4/8,21:25:00,熊本県天草・芦北地方,32°15.2′N,130°33.4′E,8 km,2.5,震度１,32.25333333,130.5566667
2021/4/8,23:54:16,沖縄本島近海,25°58.9′N,126°54.3′E,45 km,3.9,震度１,25.98166667,126.905
2021/4/9,4:54:41,秋田県沖,39°48.3′N,139°41.3′E,12 km,3.1,震度１,39.805,139.6883333
2021/4/9,17:54:05,岩手県沿岸北部,39°45.5′N,141°50.0′E,58 km,4,震度２,39.75833333,141.8333333
2021/4/9,20:44:03,鹿児島湾,31°19.5′N,130°36.8′E,6 km,2,震度１,31.325,130.6133333
2021/4/9,22:47:46,上川地方北部,44°18.1′N,142°12.2′E,0 km,2.1,震度２,44.30166667,142.2033333
2021/4/9,23:30:05,トカラ列島近海,29°18.3′N,129°23.5′E,19 km,2.5,震度１,29.305,129.3916667
2021/4/9,23:46:13,トカラ列島近海,29°18.0′N,129°23.6′E,19 km,3.5,震度２,29.3,129.3933333
2021/4/10,0:38:54,トカラ列島近海,29°18.1′N,129°23.6′E,19 km,2.8,震度１,29.30166667,129.3933333
2021/4/10,0:48:31,上川地方北部,44°18.1′N,142°11.9′E,1 km,1.9,震度２,44.30166667,142.1983333
2021/4/10,0:57:11,トカラ列島近海,29°18.0′N,129°23.9′E,18 km,3.1,震度１,29.3,129.3983333
2021/4/10,1:59:33,福島県沖,37°46.2′N,141°41.6′E,54 km,4.2,震度２,37.77,141.6933333
2021/4/10,3:04:28,トカラ列島近海,29°18.0′N,129°23.4′E,18 km,2.9,震度１,29.3,129.39
2021/4/10,3:17:25,トカラ列島近海,29°19.3′N,129°20.2′E,23 km,3.6,震度２,29.32166667,129.3366667
2021/4/10,3:39:52,宮古島近海,24°48.2′N,125°22.3′E,49 km,3.5,震度１,24.80333333,125.3716667
2021/4/10,6:05:33,トカラ列島近海,29°18.6′N,129°25.8′E,19 km,3.9,震度３,29.31,129.43
2021/4/10,6:32:37,千葉県東方沖,35°22.9′N,140°28.4′E,56 km,3.2,震度１,35.38166667,140.4733333
2021/4/10,6:50:34,トカラ列島近海,29°19.4′N,129°24.8′E,21 km,2.7,震度１,29.32333333,129.4133333
2021/4/10,7:07:30,トカラ列島近海,29°18.9′N,129°25.4′E,22 km,5.3,震度４,29.315,129.4233333
2021/4/10,7:22:29,トカラ列島近海,29°17.4′N,129°22.6′E,17 km,2.2,震度１,29.29,129.3766667
2021/4/10,7:26:23,トカラ列島近海,29°17.8′N,129°25.8′E,18 km,2.9,震度１,29.29666667,129.43
2021/4/10,8:10:14,トカラ列島近海,29°17.6′N,129°25.7′E,14 km,2.3,震度１,29.29333333,129.4283333
2021/4/10,8:34:43,トカラ列島近海,29°23.0′N,129°15.3′E,32 km,2.7,震度１,29.38333333,129.255
2021/4/10,8:35:28,トカラ列島近海,29°17.5′N,129°27.7′E,13 km,2.8,震度１,29.29166667,129.4616667
2021/4/10,9:10:06,トカラ列島近海,29°18.2′N,129°26.1′E,18 km,3.2,震度１,29.30333333,129.435
2021/4/10,9:19:56,トカラ列島近海,29°18.4′N,129°19.7′E,19 km,3.2,震度２,29.30666667,129.3283333
2021/4/10,9:30:14,トカラ列島近海,29°16.7′N,129°22.8′E,17 km,2.5,震度１,29.27833333,129.38
2021/4/10,9:38:52,トカラ列島近海,29°18.4′N,129°20.5′E,18 km,3.3,震度２,29.30666667,129.3416667
2021/4/10,9:54:33,トカラ列島近海,29°17.5′N,129°15.6′E,18 km,2.5,震度１,29.29166667,129.26
2021/4/10,10:10:28,トカラ列島近海,29°17.6′N,129°21.6′E,15 km,2.8,震度１,29.29333333,129.36
2021/4/10,10:11:22,トカラ列島近海,29°17.6′N,129°21.7′E,16 km,2.3,震度１,29.29333333,129.3616667
2021/4/10,10:20:01,トカラ列島近海,29°18.2′N,129°21.0′E,18 km,2.6,震度１,29.30333333,129.35
2021/4/10,10:23:48,トカラ列島近海,29°18.9′N,129°19.0′E,18 km,2.6,震度１,29.315,129.3166667
2021/4/10,10:27:36,トカラ列島近海,29°17.0′N,129°20.8′E,16 km,2.4,震度１,29.28333333,129.3466667
2021/4/10,10:38:45,トカラ列島近海,29°18.4′N,129°19.7′E,18 km,2.7,震度１,29.30666667,129.3283333
2021/4/10,10:42:02,トカラ列島近海,29°18.5′N,129°20.7′E,18 km,2.8,震度２,29.30833333,129.345
2021/4/10,10:47:44,トカラ列島近海,29°18.2′N,129°20.6′E,20 km,3.3,震度２,29.30333333,129.3433333
2021/4/10,10:52:20,トカラ列島近海,29°18.5′N,129°19.5′E,18 km,3.2,震度１,29.30833333,129.325
2021/4/10,10:54:56,トカラ列島近海,29°17.8′N,129°21.5′E,18 km,3.7,震度３,29.29666667,129.3583333
2021/4/10,10:59:46,トカラ列島近海,29°17.4′N,129°21.1′E,17 km,2.6,震度１,29.29,129.3516667
2021/4/10,11:02:25,岩手県沖,39°05.1′N,142°11.8′E,40 km,3.1,震度１,39.085,142.1966667
2021/4/10,11:08:37,トカラ列島近海,29°17.6′N,129°19.3′E,18 km,2.9,震度１,29.29333333,129.3216667
2021/4/10,11:15:07,トカラ列島近海,29°19.6′N,129°15.0′E,22 km,2.5,震度１,29.32666667,129.25
2021/4/10,11:17:05,トカラ列島近海,29°17.4′N,129°21.9′E,15 km,2.9,震度１,29.29,129.365
2021/4/10,11:21:39,トカラ列島近海,29°16.7′N,129°21.4′E,15 km,2.3,震度１,29.27833333,129.3566667
2021/4/10,11:45:25,トカラ列島近海,29°17.5′N,129°20.1′E,19 km,2.9,震度１,29.29166667,129.335
2021/4/10,11:50:10,トカラ列島近海,29°19.6′N,129°14.3′E,20 km,3.2,震度１,29.32666667,129.2383333
2021/4/10,11:56:34,トカラ列島近海,29°19.4′N,129°18.5′E,17 km,2.9,震度１,29.32333333,129.3083333
2021/4/10,12:07:24,トカラ列島近海,29°17.6′N,129°22.1′E,15 km,2.4,震度１,29.29333333,129.3683333
2021/4/10,12:53:19,トカラ列島近海,29°16.9′N,129°18.5′E,20 km,2.3,震度１,29.28166667,129.3083333
2021/4/10,12:57:02,トカラ列島近海,29°17.3′N,129°20.1′E,18 km,2.9,震度１,29.28833333,129.335
2021/4/10,13:04:55,トカラ列島近海,29°18.2′N,129°25.3′E,14 km,2.7,震度１,29.30333333,129.4216667
2021/4/10,13:06:19,トカラ列島近海,29°18.9′N,129°19.9′E,19 km,3,震度２,29.315,129.3316667
2021/4/10,13:20:51,トカラ列島近海,29°17.7′N,129°19.7′E,17 km,2.8,震度１,29.295,129.3283333
2021/4/10,13:27:02,トカラ列島近海,29°18.5′N,129°20.8′E,19 km,3.1,震度２,29.30833333,129.3466667
2021/4/10,13:36:45,トカラ列島近海,29°18.3′N,129°19.5′E,17 km,2.7,震度１,29.305,129.325
2021/4/10,13:51:52,トカラ列島近海,29°18.0′N,129°14.0′E,23 km,3,震度２,29.3,129.2333333
2021/4/10,13:57:27,トカラ列島近海,29°18.7′N,129°25.8′E,21 km,3.2,震度１,29.31166667,129.43
2021/4/10,14:06:09,トカラ列島近海,29°16.6′N,129°20.0′E,16 km,3.1,震度２,29.27666667,129.3333333
2021/4/10,14:07:31,トカラ列島近海,29°18.1′N,129°20.5′E,16 km,3.8,震度３,29.30166667,129.3416667
2021/4/10,14:18:06,トカラ列島近海,29°21.3′N,129°24.3′E,18 km,2.3,震度１,29.355,129.405
2021/4/10,14:25:08,トカラ列島近海,29°16.9′N,129°21.1′E,17 km,3.8,震度２,29.28166667,129.3516667
2021/4/10,14:30:55,トカラ列島近海,29°17.4′N,129°16.5′E,21 km,3.1,震度１,29.29,129.275
2021/4/10,14:32:06,トカラ列島近海,29°19.1′N,129°24.7′E,19 km,3.6,震度２,29.31833333,129.4116667
2021/4/10,14:56:58,トカラ列島近海,29°19.5′N,129°16.7′E,19 km,2.9,震度１,29.325,129.2783333
2021/4/10,15:17:10,トカラ列島近海,29°17.2′N,129°19.2′E,20 km,2.7,震度１,29.28666667,129.32
2021/4/10,15:21:14,トカラ列島近海,29°18.4′N,129°25.6′E,19 km,2.7,震度１,29.30666667,129.4266667
2021/4/10,15:39:33,トカラ列島近海,29°15.7′N,129°21.5′E,13 km,3.5,震度２,29.26166667,129.3583333
2021/4/10,15:52:10,トカラ列島近海,29°19.0′N,129°18.3′E,19 km,4.5,震度３,29.31666667,129.305
2021/4/10,16:16:46,トカラ列島近海,29°18.3′N,129°26.8′E,17 km,3.1,震度１,29.305,129.4466667
2021/4/10,16:29:29,トカラ列島近海,29°18.8′N,129°18.4′E,19 km,2.9,震度１,29.31333333,129.3066667
2021/4/10,16:32:50,トカラ列島近海,29°17.8′N,129°21.1′E,15 km,2.7,震度１,29.29666667,129.3516667
2021/4/10,16:36:23,トカラ列島近海,29°18.5′N,129°16.4′E,21 km,5.1,震度４,29.30833333,129.2733333
2021/4/10,16:50:58,トカラ列島近海,29°16.6′N,129°23.0′E,13 km,2.6,震度１,29.27666667,129.3833333
2021/4/10,17:07:56,トカラ列島近海,29°18.9′N,129°24.8′E,21 km,2.6,震度１,29.315,129.4133333
2021/4/10,17:09:40,トカラ列島近海,29°19.7′N,129°20.1′E,23 km,3.4,震度２,29.32833333,129.335
2021/4/10,17:20:25,トカラ列島近海,29°19.6′N,129°22.5′E,23 km,2.7,震度１,29.32666667,129.375
2021/4/10,17:22:07,トカラ列島近海,29°18.1′N,129°26.0′E,18 km,2.9,震度１,29.30166667,129.4333333
2021/4/10,17:28:50,トカラ列島近海,29°19.3′N,129°24.3′E,19 km,2.7,震度１,29.32166667,129.405
2021/4/10,17:31:42,トカラ列島近海,29°19.4′N,129°24.4′E,18 km,3.3,震度２,29.32333333,129.4066667
2021/4/10,17:38:51,トカラ列島近海,29°18.5′N,129°18.1′E,18 km,3.7,震度２,29.30833333,129.3016667
2021/4/10,17:48:40,トカラ列島近海,29°18.6′N,129°19.4′E,19 km,3.3,震度２,29.31,129.3233333
2021/4/10,17:54:31,トカラ列島近海,29°18.7′N,129°24.9′E,19 km,2.8,震度１,29.31166667,129.415
2021/4/10,18:02:44,トカラ列島近海,29°17.3′N,129°27.1′E,15 km,3,震度１,29.28833333,129.4516667
2021/4/10,18:06:27,トカラ列島近海,29°18.7′N,129°23.4′E,12 km,2.8,震度１,29.31166667,129.39
2021/4/10,18:12:42,トカラ列島近海,29°17.1′N,129°21.0′E,15 km,3.1,震度２,29.285,129.35
2021/4/10,18:25:12,トカラ列島近海,29°20.9′N,129°19.0′E,18 km,2.6,震度１,29.34833333,129.3166667
2021/4/10,18:34:26,トカラ列島近海,29°14.8′N,129°24.7′E,9 km,2.3,震度１,29.24666667,129.4116667
2021/4/10,18:39:25,トカラ列島近海,29°18.8′N,129°26.2′E,22 km,3,震度１,29.31333333,129.4366667
2021/4/10,18:40:51,トカラ列島近海,29°06.7′N,129°25.9′E,19 km,2.8,震度１,29.11166667,129.4316667
2021/4/10,18:44:07,トカラ列島近海,29°17.8′N,129°27.3′E,12 km,3,震度２,29.29666667,129.455
2021/4/10,19:17:27,和歌山県南部,33°54.5′N,135°26.3′E,53 km,3.5,震度１,33.90833333,135.4383333
2021/4/10,19:25:03,トカラ列島近海,29°20.4′N,129°23.3′E,18 km,2.7,震度１,29.34,129.3883333
2021/4/10,19:39:45,トカラ列島近海,29°18.0′N,129°26.7′E,18 km,2.3,震度１,29.3,129.445
2021/4/10,19:53:53,トカラ列島近海,29°17.5′N,129°27.1′E,13 km,2.3,震度１,29.29166667,129.4516667
2021/4/10,20:21:42,トカラ列島近海,29°16.6′N,129°27.5′E,10 km,2.5,震度１,29.27666667,129.4583333
2021/4/10,20:22:28,トカラ列島近海,29°16.1′N,129°24.0′E,11 km,2.8,震度１,29.26833333,129.4
2021/4/10,21:00:53,トカラ列島近海,29°18.8′N,129°24.1′E,18 km,2.7,震度１,29.31333333,129.4016667
2021/4/10,21:06:23,トカラ列島近海,29°17.4′N,129°26.8′E,16 km,2.7,震度１,29.29,129.4466667
2021/4/10,21:08:16,トカラ列島近海,29°18.1′N,129°26.0′E,19 km,2.3,震度１,29.30166667,129.4333333
2021/4/10,21:11:53,トカラ列島近海,29°20.2′N,129°23.8′E,22 km,2.3,震度１,29.33666667,129.3966667
2021/4/10,21:35:12,トカラ列島近海,29°17.9′N,129°19.4′E,16 km,3.2,震度２,29.29833333,129.3233333
2021/4/10,21:43:44,トカラ列島近海,29°19.1′N,129°24.0′E,20 km,3.4,震度２,29.31833333,129.4
2021/4/10,21:49:28,トカラ列島近海,29°21.1′N,129°20.6′E,23 km,2.9,震度１,29.35166667,129.3433333
2021/4/10,22:02:33,トカラ列島近海,29°19.2′N,129°24.5′E,20 km,3.2,震度２,29.32,129.4083333
2021/4/10,22:10:38,トカラ列島近海,29°18.4′N,129°20.7′E,20 km,4.6,震度３,29.30666667,129.345
2021/4/10,22:32:05,トカラ列島近海,29°17.5′N,129°27.5′E,14 km,3,震度１,29.29166667,129.4583333
2021/4/10,22:42:22,トカラ列島近海,29°18.2′N,129°21.4′E,14 km,3.1,震度２,29.30333333,129.3566667
2021/4/10,22:49:52,トカラ列島近海,29°18.1′N,129°24.3′E,15 km,2.9,震度１,29.30166667,129.405
2021/4/10,22:54:13,トカラ列島近海,29°16.3′N,129°23.1′E,15 km,2.6,震度１,29.27166667,129.385
2021/4/10,22:58:07,トカラ列島近海,29°18.0′N,129°21.1′E,17 km,3.4,震度２,29.3,129.3516667
2021/4/10,23:09:58,トカラ列島近海,29°21.5′N,129°19.6′E,23 km,3.9,震度３,29.35833333,129.3266667
2021/4/10,23:13:17,トカラ列島近海,29°18.1′N,129°20.0′E,16 km,2.7,震度１,29.30166667,129.3333333
2021/4/10,23:16:11,トカラ列島近海,29°18.2′N,129°25.8′E,18 km,2.7,震度１,29.30333333,129.43
2021/4/10,23:19:03,トカラ列島近海,29°20.4′N,129°23.3′E,21 km,2.9,震度１,29.34,129.3883333
2021/4/10,23:29:31,トカラ列島近海,29°18.5′N,129°20.5′E,19 km,3.4,震度３,29.30833333,129.3416667
2021/4/10,23:32:34,トカラ列島近海,29°18.4′N,129°25.5′E,17 km,2.9,震度１,29.30666667,129.425
2021/4/10,23:38:28,トカラ列島近海,29°18.3′N,129°15.5′E,20 km,3.4,震度２,29.305,129.2583333
2021/4/10,23:44:39,トカラ列島近海,29°18.2′N,129°19.3′E,17 km,3,震度１,29.30333333,129.3216667
2021/4/10,23:54:52,トカラ列島近海,29°19.0′N,129°25.5′E,23 km,2.9,震度２,29.31666667,129.425
2021/4/11,0:01:03,トカラ列島近海,29°15.7′N,129°24.4′E,12 km,2.9,震度１,29.26166667,129.4066667
2021/4/11,0:05:11,トカラ列島近海,29°18.8′N,129°24.4′E,18 km,3.2,震度２,29.31333333,129.4066667
2021/4/11,0:38:19,トカラ列島近海,29°18.8′N,129°24.4′E,20 km,2.8,震度１,29.31333333,129.4066667
2021/4/11,0:47:34,トカラ列島近海,29°20.0′N,129°23.6′E,23 km,2.4,震度１,29.33333333,129.3933333
2021/4/11,0:50:06,トカラ列島近海,29°18.6′N,129°23.1′E,20 km,2.8,震度１,29.31,129.385
2021/4/11,0:53:00,トカラ列島近海,29°18.7′N,129°23.9′E,18 km,3,震度１,29.31166667,129.3983333
2021/4/11,0:55:43,トカラ列島近海,29°18.9′N,129°23.7′E,18 km,3.2,震度２,29.315,129.395
2021/4/11,1:03:35,トカラ列島近海,29°18.7′N,129°24.0′E,19 km,3,震度１,29.31166667,129.4
2021/4/11,1:19:12,トカラ列島近海,29°16.9′N,129°21.4′E,15 km,2.8,震度１,29.28166667,129.3566667
2021/4/11,1:26:24,トカラ列島近海,29°16.3′N,129°22.9′E,12 km,2.4,震度１,29.27166667,129.3816667
2021/4/11,1:26:49,トカラ列島近海,29°19.7′N,129°16.6′E,21 km,3.2,震度２,29.32833333,129.2766667
2021/4/11,1:33:05,トカラ列島近海,29°18.4′N,129°17.6′E,20 km,2.7,震度１,29.30666667,129.2933333
2021/4/11,1:35:18,トカラ列島近海,29°19.6′N,129°18.0′E,25 km,3.7,震度３,29.32666667,129.3
2021/4/11,1:51:04,トカラ列島近海,29°17.0′N,129°19.4′E,19 km,2.8,震度２,29.28333333,129.3233333
2021/4/11,2:01:11,トカラ列島近海,29°18.8′N,129°11.9′E,16 km,2.8,震度１,29.31333333,129.1983333
2021/4/11,2:03:48,トカラ列島近海,29°19.4′N,129°15.6′E,19 km,2.6,震度１,29.32333333,129.26
2021/4/11,2:08:23,トカラ列島近海,29°16.4′N,129°20.9′E,14 km,3.5,震度２,29.27333333,129.3483333
2021/4/11,2:15:27,トカラ列島近海,29°17.9′N,129°18.6′E,17 km,3.6,震度２,29.29833333,129.31
2021/4/11,2:22:47,トカラ列島近海,29°18.1′N,129°19.5′E,16 km,2.8,震度１,29.30166667,129.325
2021/4/11,2:23:39,トカラ列島近海,29°18.2′N,129°21.9′E,12 km,2.8,震度１,29.30333333,129.365
2021/4/11,2:26:22,トカラ列島近海,29°17.9′N,129°18.0′E,18 km,2.6,震度１,29.29833333,129.3
2021/4/11,2:35:30,トカラ列島近海,29°17.2′N,129°19.0′E,17 km,2.8,震度１,29.28666667,129.3166667
2021/4/11,3:02:38,トカラ列島近海,29°17.9′N,129°18.4′E,16 km,2.9,震度１,29.29833333,129.3066667
2021/4/11,3:13:15,トカラ列島近海,29°17.3′N,129°18.7′E,18 km,2.7,震度１,29.28833333,129.3116667
2021/4/11,3:18:14,トカラ列島近海,29°17.1′N,129°18.0′E,22 km,4.4,震度３,29.285,129.3
2021/4/11,3:30:40,トカラ列島近海,29°16.8′N,129°19.2′E,17 km,2.6,震度１,29.28,129.32
2021/4/11,3:47:53,トカラ列島近海,29°19.3′N,129°21.0′E,26 km,2.7,震度１,29.32166667,129.35
2021/4/11,3:55:26,トカラ列島近海,29°17.5′N,129°22.0′E,16 km,2.4,震度１,29.29166667,129.3666667
2021/4/11,4:07:23,トカラ列島近海,29°17.7′N,129°19.2′E,15 km,3.3,震度２,29.295,129.32
2021/4/11,5:04:52,トカラ列島近海,29°15.9′N,129°28.9′E,13 km,2.5,震度１,29.265,129.4816667
2021/4/11,5:14:20,福島県沖,37°04.0′N,141°19.8′E,50 km,3.6,震度１,37.06666667,141.33
2021/4/11,5:20:39,トカラ列島近海,29°18.4′N,129°19.3′E,18 km,3.9,震度２,29.30666667,129.3216667
2021/4/11,5:30:08,詳細不明,29°13.0′N,129°20.0′E,0 km,,震度１,29.21666667,129.3333333
2021/4/11,5:40:37,トカラ列島近海,29°19.5′N,129°23.3′E,20 km,4.6,震度４,29.325,129.3883333
2021/4/11,5:44:24,トカラ列島近海,29°19.3′N,129°23.5′E,21 km,3.5,震度３,29.32166667,129.3916667
2021/4/11,5:49:52,トカラ列島近海,29°18.0′N,129°27.5′E,17 km,2.7,震度１,29.3,129.4583333
2021/4/11,5:57:20,トカラ列島近海,29°18.2′N,129°24.9′E,18 km,2.9,震度２,29.30333333,129.415
2021/4/11,6:20:45,トカラ列島近海,29°19.1′N,129°23.9′E,19 km,3,震度２,29.31833333,129.3983333
2021/4/11,6:55:45,トカラ列島近海,29°18.4′N,129°24.6′E,19 km,2.8,震度１,29.30666667,129.41
2021/4/11,7:25:45,トカラ列島近海,29°19.5′N,129°24.7′E,14 km,3.3,震度２,29.325,129.4116667
2021/4/11,7:59:16,トカラ列島近海,29°17.7′N,129°18.4′E,18 km,2.5,震度１,29.295,129.3066667
2021/4/11,8:00:22,トカラ列島近海,29°17.9′N,129°17.3′E,20 km,4.4,震度３,29.29833333,129.2883333
2021/4/11,8:54:14,トカラ列島近海,29°17.4′N,129°20.5′E,15 km,2.6,震度１,29.29,129.3416667
2021/4/11,9:11:00,トカラ列島近海,29°17.1′N,129°21.3′E,19 km,2.1,震度１,29.285,129.355
2021/4/11,9:28:55,トカラ列島近海,29°14.6′N,129°21.5′E,13 km,2.1,震度１,29.24333333,129.3583333
2021/4/11,9:36:25,トカラ列島近海,29°17.4′N,129°19.7′E,16 km,2.9,震度２,29.29,129.3283333
2021/4/11,9:37:16,トカラ列島近海,29°14.7′N,129°20.7′E,14 km,2.8,震度１,29.245,129.345
2021/4/11,10:09:06,トカラ列島近海,29°19.5′N,129°17.6′E,14 km,2.9,震度１,29.325,129.2933333
2021/4/11,11:13:42,トカラ列島近海,29°18.4′N,129°20.2′E,12 km,2.2,震度１,29.30666667,129.3366667
2021/4/11,11:30:28,トカラ列島近海,29°17.6′N,129°18.1′E,18 km,3,震度２,29.29333333,129.3016667
2021/4/11,11:44:26,トカラ列島近海,29°18.3′N,129°18.0′E,17 km,2.5,震度１,29.305,129.3
2021/4/11,12:28:10,福島県浜通り,36°57.4′N,140°37.4′E,9 km,3.4,震度１,36.95666667,140.6233333
2021/4/11,12:41:01,福島県浜通り,36°57.5′N,140°37.4′E,9 km,3.4,震度１,36.95833333,140.6233333
2021/4/11,12:54:09,トカラ列島近海,29°16.5′N,129°19.3′E,10 km,2,震度１,29.275,129.3216667
2021/4/11,13:33:09,トカラ列島近海,29°19.3′N,129°25.5′E,20 km,3.3,震度１,29.32166667,129.425
2021/4/11,13:40:17,トカラ列島近海,29°19.2′N,129°25.3′E,22 km,3.5,震度２,29.32,129.4216667
2021/4/11,13:48:01,トカラ列島近海,29°17.7′N,129°29.0′E,10 km,3.1,震度１,29.295,129.4833333
2021/4/11,13:52:24,トカラ列島近海,29°19.6′N,129°22.4′E,25 km,3.1,震度１,29.32666667,129.3733333
2021/4/11,13:58:44,トカラ列島近海,29°18.9′N,129°17.2′E,19 km,2.7,震度１,29.315,129.2866667
2021/4/11,14:01:33,トカラ列島近海,29°17.1′N,129°26.1′E,21 km,3,震度１,29.285,129.435
2021/4/11,14:06:09,トカラ列島近海,29°19.3′N,129°25.3′E,24 km,2.7,震度１,29.32166667,129.4216667
2021/4/11,14:11:17,トカラ列島近海,29°18.7′N,129°25.1′E,23 km,2.6,震度１,29.31166667,129.4183333
2021/4/11,14:14:30,トカラ列島近海,29°17.1′N,129°27.8′E,13 km,2.5,震度１,29.285,129.4633333
2021/4/11,14:24:50,トカラ列島近海,29°18.9′N,129°25.6′E,21 km,2.9,震度１,29.315,129.4266667
2021/4/11,14:26:27,トカラ列島近海,29°17.9′N,129°14.5′E,23 km,3,震度１,29.29833333,129.2416667
2021/4/11,14:38:13,トカラ列島近海,29°19.4′N,129°25.3′E,21 km,3.5,震度２,29.32333333,129.4216667
2021/4/11,14:44:07,トカラ列島近海,29°16.7′N,129°29.5′E,13 km,3.2,震度１,29.27833333,129.4916667
2021/4/11,15:07:15,トカラ列島近海,29°17.1′N,129°21.6′E,16 km,3,震度１,29.285,129.36
2021/4/11,15:09:29,トカラ列島近海,29°17.2′N,129°29.0′E,15 km,3.3,震度２,29.28666667,129.4833333
2021/4/11,15:39:45,根室半島南東沖,43°09.9′N,145°34.8′E,51 km,3.8,震度２,43.165,145.58
2021/4/11,15:41:56,トカラ列島近海,29°19.1′N,129°22.4′E,15 km,3.6,震度３,29.31833333,129.3733333
2021/4/11,17:43:34,トカラ列島近海,29°17.5′N,129°19.1′E,16 km,2.9,震度１,29.29166667,129.3183333
2021/4/11,17:50:02,トカラ列島近海,29°17.2′N,129°19.5′E,19 km,3.2,震度２,29.28666667,129.325
2021/4/11,17:54:57,トカラ列島近海,29°20.1′N,129°20.7′E,20 km,2.9,震度１,29.335,129.345
2021/4/11,19:01:14,トカラ列島近海,29°17.5′N,129°18.2′E,16 km,3.6,震度２,29.29166667,129.3033333
2021/4/11,19:14:45,トカラ列島近海,29°19.4′N,129°20.0′E,18 km,2.8,震度１,29.32333333,129.3333333
2021/4/11,19:16:20,トカラ列島近海,29°17.5′N,129°21.9′E,13 km,2.6,震度１,29.29166667,129.365
2021/4/11,19:35:02,トカラ列島近海,29°17.2′N,129°19.2′E,17 km,3.6,震度３,29.28666667,129.32
2021/4/11,19:48:14,トカラ列島近海,29°18.9′N,129°27.4′E,17 km,2.4,震度１,29.315,129.4566667
2021/4/11,20:09:19,トカラ列島近海,29°18.1′N,129°17.5′E,19 km,3.7,震度２,29.30166667,129.2916667
2021/4/11,20:10:25,トカラ列島近海,29°16.9′N,129°11.7′E,18 km,2.9,震度１,29.28166667,129.195
2021/4/11,20:11:46,トカラ列島近海,29°17.2′N,129°17.8′E,17 km,2.6,震度１,29.28666667,129.2966667
2021/4/11,20:26:56,トカラ列島近海,29°19.0′N,129°18.6′E,16 km,2.8,震度１,29.31666667,129.31
2021/4/11,20:40:06,トカラ列島近海,29°19.6′N,129°16.2′E,19 km,3,震度１,29.32666667,129.27
2021/4/11,21:00:23,トカラ列島近海,29°18.7′N,129°19.6′E,18 km,3.9,震度４,29.31166667,129.3266667
2021/4/11,21:06:25,トカラ列島近海,29°17.1′N,129°22.7′E,11 km,2.5,震度１,29.285,129.3783333
2021/4/11,21:14:15,トカラ列島近海,29°17.9′N,129°19.5′E,17 km,4.5,震度３,29.29833333,129.325
2021/4/11,21:21:32,トカラ列島近海,29°18.6′N,129°19.4′E,18 km,3.4,震度２,29.31,129.3233333
2021/4/11,21:30:20,トカラ列島近海,29°19.3′N,129°11.1′E,26 km,2.9,震度１,29.32166667,129.185
2021/4/11,21:53:42,トカラ列島近海,29°23.0′N,129°08.5′E,22 km,2.5,震度１,29.38333333,129.1416667
2021/4/11,22:26:55,トカラ列島近海,29°17.7′N,129°21.4′E,13 km,2.6,震度１,29.295,129.3566667
2021/4/11,22:53:45,トカラ列島近海,29°19.0′N,129°24.5′E,18 km,3.3,震度２,29.31666667,129.4083333
2021/4/11,22:58:00,トカラ列島近海,29°19.1′N,129°24.9′E,16 km,2.9,震度２,29.31833333,129.415
2021/4/12,1:05:40,トカラ列島近海,29°18.7′N,129°22.5′E,12 km,2.4,震度１,29.31166667,129.375
2021/4/12,1:14:30,トカラ列島近海,29°18.8′N,129°26.6′E,13 km,2.7,震度１,29.31333333,129.4433333
2021/4/12,1:14:49,若狭湾,35°44.7′N,136°05.1′E,13 km,3.5,震度２,35.745,136.085
2021/4/12,1:23:36,トカラ列島近海,29°20.2′N,129°25.7′E,15 km,2.9,震度１,29.33666667,129.4283333
2021/4/12,1:32:35,トカラ列島近海,29°12.8′N,129°20.6′E,11 km,2.5,震度１,29.21333333,129.3433333
2021/4/12,1:59:54,福島県沖,37°43.9′N,141°42.5′E,54 km,4,震度１,37.73166667,141.7083333
2021/4/12,2:04:11,トカラ列島近海,29°18.3′N,129°14.3′E,10 km,1.9,震度１,29.305,129.2383333
2021/4/12,2:35:28,トカラ列島近海,29°14.1′N,129°22.8′E,14 km,2.7,震度２,29.235,129.38
2021/4/12,2:52:27,トカラ列島近海,29°17.3′N,129°15.6′E,14 km,2.5,震度１,29.28833333,129.26
2021/4/12,3:08:13,トカラ列島近海,29°17.7′N,129°24.5′E,15 km,2.6,震度１,29.295,129.4083333
2021/4/12,3:35:57,トカラ列島近海,29°19.5′N,129°23.2′E,21 km,3.2,震度２,29.325,129.3866667
2021/4/12,3:37:35,トカラ列島近海,29°17.9′N,129°21.9′E,16 km,2.9,震度１,29.29833333,129.365
2021/4/12,3:56:30,トカラ列島近海,29°20.4′N,129°15.2′E,20 km,3.1,震度２,29.34,129.2533333
2021/4/12,3:59:32,茨城県南部,36°08.1′N,139°59.9′E,70 km,3.6,震度２,36.135,139.9983333
2021/4/12,4:18:19,トカラ列島近海,29°19.5′N,129°25.5′E,20 km,4,震度３,29.325,129.425
2021/4/12,4:21:06,トカラ列島近海,29°18.0′N,129°21.0′E,15 km,2.8,震度１,29.3,129.35
2021/4/12,4:23:50,トカラ列島近海,29°18.3′N,129°20.9′E,18 km,2.6,震度１,29.305,129.3483333
2021/4/12,4:37:21,トカラ列島近海,29°18.1′N,129°21.1′E,19 km,2.4,震度１,29.30166667,129.3516667
2021/4/12,4:38:24,トカラ列島近海,29°17.7′N,129°21.6′E,17 km,2.9,震度１,29.295,129.36
2021/4/12,4:54:17,トカラ列島近海,29°18.2′N,129°21.0′E,18 km,2.5,震度１,29.30333333,129.35
2021/4/12,5:08:28,トカラ列島近海,29°18.9′N,129°19.4′E,20 km,3.6,震度２,29.315,129.3233333
2021/4/12,5:18:37,山梨県東部・富士五湖,35°32.3′N,138°58.4′E,19 km,2.8,震度１,35.53833333,138.9733333
2021/4/12,5:33:05,トカラ列島近海,29°19.9′N,129°17.8′E,22 km,2.1,震度１,29.33166667,129.2966667
2021/4/12,6:22:51,トカラ列島近海,29°19.5′N,129°15.4′E,23 km,2.4,震度１,29.325,129.2566667
2021/4/12,6:47:06,トカラ列島近海,29°22.8′N,129°22.2′E,18 km,2.8,震度１,29.38,129.37
2021/4/12,11:14:39,トカラ列島近海,29°18.7′N,129°20.9′E,19 km,2.6,震度１,29.31166667,129.3483333
2021/4/12,11:51:58,トカラ列島近海,29°18.6′N,129°28.0′E,15 km,2.9,震度２,29.31,129.4666667
2021/4/12,12:59:10,トカラ列島近海,29°18.5′N,129°19.6′E,17 km,2.7,震度１,29.30833333,129.3266667
2021/4/12,13:50:36,トカラ列島近海,29°18.7′N,129°24.5′E,21 km,2.7,震度１,29.31166667,129.4083333
2021/4/12,13:55:36,トカラ列島近海,29°17.2′N,129°28.5′E,17 km,2.7,震度１,29.28666667,129.475
2021/4/12,15:02:28,トカラ列島近海,29°19.2′N,129°22.4′E,21 km,2.9,震度１,29.32,129.3733333
2021/4/12,15:55:46,トカラ列島近海,29°18.2′N,129°21.8′E,16 km,3.1,震度２,29.30333333,129.3633333
2021/4/12,16:31:23,トカラ列島近海,29°17.2′N,129°21.4′E,17 km,2.8,震度２,29.28666667,129.3566667
2021/4/12,16:53:54,トカラ列島近海,29°16.7′N,129°19.5′E,15 km,3.7,震度２,29.27833333,129.325
2021/4/12,17:16:21,トカラ列島近海,29°17.3′N,129°21.1′E,19 km,2.4,震度１,29.28833333,129.3516667
2021/4/12,20:27:06,トカラ列島近海,29°17.9′N,129°28.4′E,13 km,2.6,震度１,29.29833333,129.4733333
2021/4/12,22:04:50,トカラ列島近海,29°18.1′N,129°18.7′E,17 km,2.9,震度１,29.30166667,129.3116667
2021/4/12,23:01:48,トカラ列島近海,29°18.0′N,129°20.7′E,14 km,5.3,震度４,29.3,129.345
2021/4/12,23:12:17,トカラ列島近海,29°17.3′N,129°25.9′E,18 km,2.6,震度１,29.28833333,129.4316667
2021/4/13,3:31:57,トカラ列島近海,29°17.9′N,129°21.3′E,18 km,2.1,震度１,29.29833333,129.355
2021/4/13,6:08:05,トカラ列島近海,29°17.9′N,129°22.3′E,21 km,3.2,震度１,29.29833333,129.3716667
2021/4/13,10:54:37,トカラ列島近海,29°17.7′N,129°18.0′E,17 km,3.5,震度３,29.295,129.3
2021/4/13,12:03:36,トカラ列島近海,29°18.0′N,129°29.9′E,12 km,3.1,震度１,29.3,129.4983333
2021/4/13,12:53:00,トカラ列島近海,29°17.2′N,129°19.3′E,16 km,3.5,震度２,29.28666667,129.3216667
2021/4/13,13:09:45,紀伊水道,34°03.6′N,135°07.7′E,6 km,2.7,震度２,34.06,135.1283333
2021/4/13,16:54:18,和歌山県南部,33°46.1′N,135°26.1′E,18 km,4.2,震度３,33.76833333,135.435
2021/4/13,17:37:55,和歌山県南部,33°46.4′N,135°26.2′E,17 km,3.2,震度２,33.77333333,135.4366667
2021/4/13,20:12:21,トカラ列島近海,29°19.4′N,129°18.1′E,24 km,2.9,震度１,29.32333333,129.3016667
2021/4/13,22:53:00,長野県北部,36°30.3′N,137°45.5′E,2 km,3.6,震度３,36.505,137.7583333
2021/4/13,23:36:57,トカラ列島近海,29°20.0′N,129°26.9′E,17 km,3.6,震度３,29.33333333,129.4483333
2021/4/13,23:38:09,長野県北部,36°30.2′N,137°45.6′E,1 km,1.6,震度１,36.50333333,137.76
2021/4/14,0:55:24,トカラ列島近海,29°17.1′N,129°19.2′E,16 km,2.6,震度１,29.285,129.32
2021/4/14,1:33:32,トカラ列島近海,29°14.7′N,129°12.9′E,7 km,2.8,震度２,29.245,129.215
2021/4/14,1:53:36,トカラ列島近海,29°13.9′N,129°23.5′E,14 km,1.8,震度１,29.23166667,129.3916667
2021/4/14,2:01:12,長野県北部,36°30.3′N,137°45.8′E,2 km,1.6,震度１,36.505,137.7633333
2021/4/14,6:01:04,三重県南部,34°05.2′N,136°09.8′E,3 km,2.3,震度１,34.08666667,136.1633333
2021/4/14,7:10:59,トカラ列島近海,29°20.6′N,129°26.9′E,20 km,2.6,震度１,29.34333333,129.4483333
2021/4/14,7:18:07,トカラ列島近海,29°19.0′N,129°27.7′E,15 km,2.1,震度１,29.31666667,129.4616667
2021/4/14,11:59:14,長野県北部,36°30.4′N,137°45.3′E,1 km,2.2,震度１,36.50666667,137.755
2021/4/14,12:27:44,青森県東方沖,41°30.2′N,142°02.4′E,56 km,4.4,震度３,41.50333333,142.04
2021/4/14,13:53:28,トカラ列島近海,29°19.6′N,129°26.0′E,12 km,3.7,震度３,29.32666667,129.4333333
2021/4/14,19:02:58,宮城県沖,38°19.3′N,141°35.5′E,55 km,4,震度２,38.32166667,141.5916667
2021/4/15,4:38:43,橘湾,32°43.4′N,130°08.8′E,15 km,2.7,震度１,32.72333333,130.1466667
2021/4/15,9:11:00,長野県北部,36°30.2′N,137°45.6′E,1 km,2.5,震度２,36.50333333,137.76
2021/4/15,10:07:22,トカラ列島近海,29°16.6′N,129°24.0′E,15 km,1.9,震度１,29.27666667,129.4
2021/4/15,12:10:43,長野県北部,36°30.3′N,137°45.7′E,2 km,2.8,震度２,36.505,137.7616667
2021/4/15,13:10:28,トカラ列島近海,29°17.7′N,129°20.7′E,16 km,2.2,震度１,29.295,129.345
2021/4/15,14:48:44,トカラ列島近海,29°19.8′N,129°26.6′E,16 km,3.3,震度２,29.33,129.4433333
2021/4/15,17:56:11,豊後水道,33°20.7′N,132°17.1′E,43 km,3,震度１,33.345,132.285
2021/4/15,20:23:49,青森県東方沖,41°34.6′N,142°03.6′E,61 km,4.3,震度２,41.57666667,142.06
2021/4/16,2:29:38,岐阜県飛騨地方,36°13.4′N,137°32.7′E,3 km,1.8,震度１,36.22333333,137.545
2021/4/16,4:28:58,秋田県沖,39°51.2′N,139°44.9′E,10 km,3.9,震度３,39.85333333,139.7483333
2021/4/16,5:47:52,内浦湾,42°18.3′N,140°33.4′E,18 km,4.4,震度３,42.305,140.5566667
2021/4/16,8:33:07,秋田県沖,39°51.4′N,139°44.9′E,10 km,3.9,震度３,39.85666667,139.7483333
2021/4/16,12:44:48,トカラ列島近海,29°19.4′N,129°25.8′E,16 km,2.4,震度２,29.32333333,129.43
2021/4/16,15:38:25,トカラ列島近海,29°18.9′N,129°27.9′E,10 km,2.7,震度１,29.315,129.465
2021/4/16,17:10:22,安芸灘,34°06.0′N,132°30.2′E,48 km,3,震度１,34.1,132.5033333
2021/4/16,17:55:02,日向灘,32°44.3′N,132°27.5′E,31 km,4,震度２,32.73833333,132.4583333
2021/4/16,19:30:29,秋田県沖,39°51.1′N,139°44.6′E,10 km,2.6,震度１,39.85166667,139.7433333
2021/4/16,20:23:25,長野県中部,36°16.1′N,137°54.1′E,10 km,2.6,震度１,36.26833333,137.9016667
2021/4/16,20:51:39,宮城県沖,38°18.9′N,141°46.2′E,50 km,3.9,震度２,38.315,141.77
2021/4/16,21:32:35,長野県北部,36°30.2′N,137°45.5′E,2 km,2.9,震度２,36.50333333,137.7583333
2021/4/16,21:40:55,長野県北部,36°30.2′N,137°45.4′E,2 km,2.5,震度１,36.50333333,137.7566667
2021/4/16,22:07:21,長野県北部,36°30.3′N,137°45.5′E,2 km,2.1,震度１,36.505,137.7583333
2021/4/17,0:11:53,西表島付近,24°08.6′N,123°29.4′E,25 km,4.1,震度１,24.14333333,123.49
2021/4/17,1:31:51,長野県北部,36°30.0′N,137°45.4′E,2 km,2.5,震度１,36.5,137.7566667
2021/4/17,11:03:54,福島県沖,37°38.9′N,141°36.4′E,54 km,3.7,震度１,37.64833333,141.6066667
2021/4/17,14:45:24,栃木県北部,37°03.3′N,139°50.4′E,7 km,3.1,震度１,37.055,139.84
2021/4/17,19:38:17,沖縄本島近海,25°59.9′N,126°57.5′E,43 km,3.7,震度１,25.99833333,126.9583333
2021/4/17,22:32:01,茨城県南部,36°02.9′N,139°56.2′E,43 km,2.6,震度１,36.04833333,139.9366667
2021/4/17,23:45:39,長野県北部,36°30.3′N,137°45.7′E,2 km,1.9,震度１,36.505,137.7616667
2021/4/18,0:38:36,宮城県沖,38°47.2′N,141°36.3′E,70 km,3.4,震度１,38.78666667,141.605
2021/4/18,4:53:35,長野県北部,36°30.0′N,137°45.4′E,2 km,1.9,震度１,36.5,137.7566667
2021/4/18,5:14:35,広島県北部,35°00.7′N,132°56.1′E,7 km,3.6,震度４,35.01166667,132.935
2021/4/18,7:14:34,長野県北部,36°30.2′N,137°45.6′E,2 km,1.9,震度１,36.50333333,137.76
2021/4/18,9:29:11,宮城県沖,38°19.0′N,141°51.8′E,48 km,5.8,震度４,38.31666667,141.8633333
2021/4/18,10:00:58,福島県沖,37°37.9′N,141°35.1′E,52 km,4,震度１,37.63166667,141.585
2021/4/18,10:07:46,トカラ列島近海,29°20.5′N,129°25.5′E,22 km,2.5,震度１,29.34166667,129.425
2021/4/18,15:06:26,宮城県沖,38°17.8′N,141°51.0′E,47 km,3.6,震度１,38.29666667,141.85
2021/4/18,18:14:19,トカラ列島近海,29°13.9′N,129°07.3′E,11 km,1.9,震度１,29.23166667,129.1216667
2021/4/18,18:16:11,トカラ列島近海,29°14.9′N,129°06.8′E,8 km,2,震度１,29.24833333,129.1133333
2021/4/18,20:12:42,トカラ列島近海,29°19.1′N,129°27.1′E,14 km,3.1,震度２,29.31833333,129.4516667
2021/4/18,21:06:17,トカラ列島近海,29°19.2′N,129°26.9′E,15 km,2.8,震度２,29.32,129.4483333
2021/4/18,23:46:48,栃木県北部,36°53.7′N,139°48.3′E,9 km,3.2,震度２,36.895,139.805
2021/4/19,13:06:22,宮城県沖,38°02.5′N,141°25.1′E,65 km,4.7,震度３,38.04166667,141.4183333
2021/4/19,14:25:00,トカラ列島近海,29°19.4′N,129°27.6′E,10 km,3.3,震度２,29.32333333,129.46
2021/4/19,15:31:35,北海道東方沖,44°14.7′N,147°33.4′E,66 km,4.8,震度１,44.245,147.5566667
2021/4/19,19:22:29,北海道東方沖,43°34.2′N,146°31.8′E,48 km,4.2,震度１,43.57,146.53
2021/4/19,20:22:29,福島県沖,37°19.2′N,141°48.8′E,40 km,3.9,震度１,37.32,141.8133333
2021/4/19,21:27:32,長野県北部,36°56.7′N,138°28.2′E,9 km,2.1,震度１,36.945,138.47
2021/4/19,22:50:49,愛知県西部,35°03.6′N,137°17.0′E,38 km,3.3,震度２,35.06,137.2833333
2021/4/20,3:10:16,福島県沖,37°40.8′N,141°42.7′E,60 km,4.2,震度２,37.68,141.7116667
2021/4/20,5:48:42,長野県中部,36°05.7′N,137°40.2′E,9 km,3.1,震度１,36.095,137.67
2021/4/20,9:19:27,長野県中部,36°05.7′N,137°40.3′E,9 km,2.5,震度１,36.095,137.6716667
2021/4/20,9:58:48,京都府南部,34°59.4′N,135°37.1′E,8 km,3.1,震度２,34.99,135.6183333
2021/4/20,12:33:07,広島県北部,35°00.7′N,132°56.1′E,7 km,1.8,震度１,35.01166667,132.935
2021/4/20,18:06:30,トカラ列島近海,29°20.6′N,129°31.8′E,8 km,2.8,震度１,29.34333333,129.53
2021/4/20,19:26:24,トカラ列島近海,29°19.9′N,129°32.0′E,11 km,3,震度３,29.33166667,129.5333333
2021/4/21,2:39:59,長野県中部,36°18.6′N,138°36.7′E,165 km,4.6,震度２,36.31,138.6116667
2021/4/21,4:43:30,京都府南部,34°58.2′N,135°32.1′E,12 km,3.1,震度２,34.97,135.535
2021/4/21,6:05:21,トカラ列島近海,29°19.8′N,129°24.3′E,16 km,2.5,震度１,29.33,129.405
2021/4/21,7:45:24,トカラ列島近海,29°22.2′N,129°28.5′E,16 km,4.1,震度４,29.37,129.475
2021/4/21,8:50:24,トカラ列島近海,29°19.9′N,129°32.0′E,10 km,2.7,震度１,29.33166667,129.5333333
2021/4/21,9:30:57,トカラ列島近海,29°20.0′N,129°32.4′E,8 km,2.6,震度１,29.33333333,129.54
2021/4/21,10:13:16,トカラ列島近海,29°20.3′N,129°32.0′E,12 km,2.3,震度１,29.33833333,129.5333333
2021/4/21,12:11:44,トカラ列島近海,29°20.8′N,129°22.5′E,20 km,2.5,震度１,29.34666667,129.375
2021/4/21,15:05:13,福島県沖,37°39.3′N,141°37.9′E,56 km,3.8,震度１,37.655,141.6316667
2021/4/21,16:28:01,福島県沖,37°43.4′N,141°34.7′E,54 km,3.9,震度１,37.72333333,141.5783333
2021/4/21,20:46:50,伊豆大島近海,34°48.0′N,139°15.3′E,14 km,3.1,震度３,34.8,139.255
2021/4/21,20:55:21,伊豆大島近海,34°47.7′N,139°15.4′E,14 km,3.1,震度２,34.795,139.2566667
2021/4/21,21:02:28,伊豆大島近海,34°47.5′N,139°14.6′E,11 km,2.3,震度１,34.79166667,139.2433333
2021/4/21,21:29:50,伊豆大島近海,34°47.6′N,139°14.7′E,11 km,4.3,震度３,34.79333333,139.245
2021/4/21,21:30:38,伊豆大島近海,34°47.3′N,139°14.8′E,10 km,3.3,震度２,34.78833333,139.2466667
2021/4/21,22:07:39,伊豆大島近海,34°47.7′N,139°14.6′E,9 km,3.1,震度２,34.795,139.2433333
2021/4/21,22:30:02,伊豆大島近海,34°47.6′N,139°14.5′E,9 km,2.6,震度１,34.79333333,139.2416667
2021/4/21,23:20:08,伊豆大島近海,34°47.3′N,139°14.8′E,11 km,2.6,震度１,34.78833333,139.2466667
2021/4/21,23:28:04,伊豆大島近海,34°47.6′N,139°15.2′E,11 km,2.5,震度１,34.79333333,139.2533333
2021/4/21,23:33:48,伊豆大島近海,34°47.5′N,139°14.6′E,9 km,2.2,震度１,34.79166667,139.2433333
2021/4/22,1:14:05,伊豆大島近海,34°47.3′N,139°15.1′E,11 km,2.3,震度１,34.78833333,139.2516667
2021/4/22,1:48:54,伊豆大島近海,34°47.4′N,139°14.8′E,8 km,2,震度１,34.79,139.2466667
2021/4/22,3:12:08,宮城県沖,38°52.0′N,141°38.7′E,61 km,2.8,震度１,38.86666667,141.645
2021/4/22,6:57:12,大阪府北部,34°53.5′N,135°37.0′E,11 km,2.5,震度１,34.89166667,135.6166667
2021/4/22,19:31:51,伊豆大島近海,34°47.8′N,139°14.7′E,10 km,2.2,震度１,34.79666667,139.245
2021/4/23,8:00:45,静岡県中部,35°19.3′N,138°06.2′E,38 km,3.5,震度２,35.32166667,138.1033333
2021/4/23,9:49:57,宮城県沖,38°27.2′N,142°00.3′E,43 km,3.9,震度１,38.45333333,142.005
2021/4/23,14:12:21,福島県沖,37°06.3′N,141°06.7′E,51 km,4,震度３,37.105,141.1116667
2021/4/23,15:42:11,宮古島近海,24°52.9′N,125°21.7′E,19 km,3.7,震度２,24.88166667,125.3616667
2021/4/23,16:26:37,種子島近海,30°33.4′N,131°24.4′E,34 km,4.4,震度２,30.55666667,131.4066667
2021/4/23,18:28:17,広島県北部,35°00.7′N,132°56.0′E,7 km,1.9,震度１,35.01166667,132.9333333
2021/4/24,5:39:10,熊本県天草・芦北地方,32°21.6′N,130°35.0′E,9 km,2.4,震度１,32.36,130.5833333
2021/4/24,6:34:15,宮城県沖,38°25.1′N,141°40.3′E,54 km,3.9,震度２,38.41833333,141.6716667
2021/4/24,11:40:07,トカラ列島近海,29°15.4′N,129°24.0′E,9 km,3.5,震度２,29.25666667,129.4
2021/4/24,12:12:29,山梨県中・西部,35°15.7′N,138°25.8′E,20 km,3.3,震度３,35.26166667,138.43
2021/4/24,15:47:37,福島県沖,37°42.6′N,141°42.9′E,51 km,3.6,震度１,37.71,141.715
2021/4/24,17:59:02,茨城県北部,36°21.7′N,140°20.5′E,100 km,3.9,震度１,36.36166667,140.3416667
2021/4/24,18:35:12,岩手県沖,39°59.4′N,142°04.5′E,57 km,4.3,震度３,39.99,142.075
2021/4/24,20:36:20,長野県北部,36°39.2′N,137°52.3′E,5 km,2.2,震度１,36.65333333,137.8716667
2021/4/24,20:42:58,長野県北部,36°39.2′N,137°52.2′E,4 km,2.9,震度２,36.65333333,137.87
2021/4/24,22:04:10,伊豆大島近海,34°46.6′N,139°15.2′E,10 km,2.6,震度１,34.77666667,139.2533333
2021/4/25,0:28:07,伊豆大島近海,34°47.4′N,139°15.0′E,10 km,2.2,震度１,34.79,139.25
2021/4/25,16:43:15,宮城県中部,38°25.7′N,141°21.8′E,75 km,3.1,震度１,38.42833333,141.3633333
2021/4/26,13:17:45,静岡県中部,35°13.2′N,138°15.7′E,31 km,2.9,震度１,35.22,138.2616667
2021/4/26,16:40:21,沖縄本島近海,27°26.2′N,128°37.3′E,44 km,3.3,震度１,27.43666667,128.6216667
2021/4/26,21:11:51,石川県加賀地方,36°10.6′N,136°46.7′E,3 km,2.9,震度１,36.17666667,136.7783333
2021/4/26,21:13:06,石川県加賀地方,36°10.5′N,136°46.7′E,3 km,2.9,震度１,36.175,136.7783333
2021/4/27,10:24:18,伊豆大島近海,34°47.7′N,139°14.8′E,9 km,2.7,震度２,34.795,139.2466667
2021/4/27,15:30:17,伊豆大島近海,34°47.3′N,139°15.0′E,11 km,2.8,震度２,34.78833333,139.25
2021/4/27,20:09:15,広島県北部,35°00.7′N,132°56.1′E,7 km,2,震度１,35.01166667,132.935
2021/4/27,20:46:00,広島県北部,35°00.6′N,132°56.1′E,7 km,1.8,震度１,35.01,132.935
2021/4/28,5:11:54,茨城県北部,36°27.6′N,140°35.9′E,55 km,3.4,震度１,36.46,140.5983333
2021/4/28,5:17:46,父島近海,26°44.6′N,141°40.5′E,113 km,4.5,震度２,26.74333333,141.675
2021/4/28,9:04:03,熊本県熊本地方,32°28.5′N,130°35.1′E,2 km,2.2,震度１,32.475,130.585
2021/4/28,10:20:43,陸奥湾,41°04.3′N,140°40.9′E,14 km,2.5,震度１,41.07166667,140.6816667
2021/4/29,2:20:09,熊本県熊本地方,32°40.7′N,130°41.9′E,11 km,2.3,震度１,32.67833333,130.6983333
2021/4/29,3:03:48,青森県東方沖,41°30.3′N,142°41.6′E,16 km,3.7,震度１,41.505,142.6933333
2021/4/29,19:16:50,広島県北部,35°00.8′N,132°56.3′E,7 km,2.3,震度１,35.01333333,132.9383333
2021/4/29,19:18:44,広島県北部,35°00.8′N,132°56.3′E,7 km,3.2,震度２,35.01333333,132.9383333
2021/4/30,6:47:25,伊豆大島近海,34°47.1′N,139°14.9′E,10 km,3.1,震度３,34.785,139.2483333
2021/4/30,8:45:46,網走地方,43°28.7′N,144°02.5′E,0 km,2,震度１,43.47833333,144.0416667
2021/4/30,11:46:09,広島県北部,35°00.6′N,132°56.1′E,7 km,2.1,震度１,35.01,132.935
2021/4/30,13:49:32,広島県北部,35°00.7′N,132°56.2′E,7 km,1.8,震度１,35.01166667,132.9366667
2021/4/30,15:40:15,岩手県沖,40°20.7′N,142°02.5′E,52 km,3.6,震度２,40.345,142.0416667
2021/5/1,6:14:45,胆振地方中東部,42°30.5′N,141°06.8′E,3 km,2.6,震度１,42.50833333,141.1133333
2021/5/1,9:10:07,岩手県内陸南部,39°21.3′N,140°42.7′E,144 km,4.3,震度２,39.355,140.7116667
2021/5/1,10:27:27,宮城県沖,38°10.4′N,141°44.4′E,51 km,6.8,震度５強,38.17333333,141.74
2021/5/1,10:33:12,網走地方,43°32.8′N,144°06.6′E,0 km,3.1,震度１,43.54666667,144.11
2021/5/1,12:01:40,宮城県沖,38°20.8′N,141°50.4′E,47 km,3.6,震度１,38.34666667,141.84
2021/5/1,13:33:57,網走地方,43°32.8′N,144°06.5′E,0 km,3.3,震度２,43.54666667,144.1083333
2021/5/1,15:58:36,宮城県沖,38°14.2′N,141°42.8′E,52 km,3.7,震度１,38.23666667,141.7133333
2021/5/1,21:06:47,沖縄本島近海,26°47.5′N,128°24.5′E,30 km,3.1,震度１,26.79166667,128.4083333
2021/5/1,22:06:12,宮城県沖,38°10.1′N,141°41.8′E,52 km,3.5,震度１,38.16833333,141.6966667
2021/5/2,9:31:31,熊本県熊本地方,32°39.5′N,130°45.9′E,9 km,2.6,震度１,32.65833333,130.765
2021/5/2,23:26:56,長野県中部,36°12.7′N,137°40.0′E,3 km,2.5,震度１,36.21166667,137.6666667
2021/5/3,4:43:21,父島近海,26°39.1′N,142°33.3′E,17 km,4,震度１,26.65166667,142.555
2021/5/3,6:29:43,広島県北部,35°00.8′N,132°56.4′E,7 km,2.1,震度１,35.01333333,132.94
2021/5/3,7:30:42,神奈川県西部,35°33.7′N,139°21.3′E,27 km,3.1,震度１,35.56166667,139.355
2021/5/3,8:00:37,十勝地方中部,42°40.7′N,143°03.9′E,79 km,4.2,震度３,42.67833333,143.065
2021/5/3,8:24:21,茨城県南部,36°04.0′N,139°53.3′E,52 km,3.1,震度１,36.06666667,139.8883333
2021/5/3,11:06:21,伊豆大島近海,34°46.3′N,139°14.8′E,7 km,2.2,震度１,34.77166667,139.2466667
2021/5/3,14:07:31,石垣島北西沖,25°36.9′N,123°51.2′E,192 km,5.7,震度２,25.615,123.8533333
2021/5/3,14:29:18,宮城県沖,38°11.0′N,141°42.0′E,52 km,3.7,震度１,38.18333333,141.7
2021/5/3,21:34:53,岐阜県飛騨地方,36°15.3′N,136°54.2′E,6 km,2.7,震度２,36.255,136.9033333
2021/5/4,3:30:35,宮城県沖,38°10.4′N,141°41.6′E,52 km,3.5,震度１,38.17333333,141.6933333
2021/5/4,19:14:45,トカラ列島近海,29°21.1′N,129°21.5′E,23 km,2.9,震度１,29.35166667,129.3583333
2021/5/4,19:27:44,静岡県東部,35°15.7′N,138°43.6′E,13 km,2.1,震度１,35.26166667,138.7266667
2021/5/5,1:49:26,千葉県北東部,35°44.6′N,140°52.9′E,10 km,3.2,震度１,35.74333333,140.8816667
2021/5/5,3:10:46,福島県沖,37°11.6′N,141°40.2′E,36 km,5.1,震度３,37.19333333,141.67
2021/5/5,4:33:00,根室半島南東沖,43°17.0′N,146°29.8′E,59 km,4.5,震度２,43.28333333,146.4966667
2021/5/5,7:28:10,釧路沖,42°23.6′N,144°33.3′E,35 km,4.4,震度１,42.39333333,144.555
2021/5/6,4:56:31,香川県西部,34°12.8′N,133°48.3′E,20 km,3,震度１,34.21333333,133.805
2021/5/6,9:16:51,熊本県熊本地方,32°41.5′N,130°42.5′E,14 km,4,震度４,32.69166667,130.7083333
2021/5/6,13:32:05,紀伊水道,33°53.1′N,134°52.5′E,44 km,3.8,震度２,33.885,134.875
2021/5/6,16:09:17,宮崎県北部平野部,32°38.9′N,131°37.9′E,12 km,2.6,震度１,32.64833333,131.6316667
2021/5/6,20:09:39,紀伊水道,34°11.1′N,135°04.3′E,10 km,3.1,震度２,34.185,135.0716667
2021/5/7,0:15:13,日高地方中部,42°19.7′N,142°26.3′E,83 km,4,震度２,42.32833333,142.4383333
2021/5/7,0:52:07,熊本県熊本地方,32°41.7′N,130°43.0′E,14 km,2.3,震度１,32.695,130.7166667
2021/5/7,3:43:33,青森県東方沖,40°30.4′N,142°24.2′E,80 km,3.7,震度１,40.50666667,142.4033333
2021/5/7,7:11:46,宮崎県南部平野部,31°31.6′N,131°21.9′E,45 km,3.6,震度１,31.52666667,131.365
2021/5/7,12:24:20,茨城県北部,36°16.2′N,140°28.5′E,53 km,3.2,震度１,36.27,140.475
2021/5/7,17:57:00,福井県嶺北,36°06.5′N,136°19.2′E,10 km,2.7,震度２,36.10833333,136.32
2021/5/8,8:24:26,福島県中通り,37°55.7′N,140°21.5′E,10 km,3.5,震度１,37.92833333,140.3583333
2021/5/8,10:09:18,沖縄本島近海,27°33.8′N,128°34.4′E,60 km,3.3,震度１,27.56333333,128.5733333
2021/5/8,13:19:08,八丈島東方沖,32°05.5′N,140°35.0′E,79 km,4.9,震度１,32.09166667,140.5833333
2021/5/9,1:57:32,茨城県沖,36°39.1′N,141°44.1′E,32 km,4.4,震度１,36.65166667,141.735
2021/5/9,5:02:33,和歌山県北部,34°01.7′N,135°14.8′E,4 km,1.9,震度１,34.02833333,135.2466667
2021/5/9,13:20:01,茨城県南部,36°06.2′N,140°01.0′E,67 km,3.3,震度１,36.10333333,140.0166667
2021/5/9,15:30:51,日向灘,32°39.1′N,132°13.1′E,37 km,3.4,震度１,32.65166667,132.2183333
2021/5/9,23:41:36,長野県中部,36°14.3′N,137°38.9′E,5 km,2.7,震度１,36.23833333,137.6483333
2021/5/9,23:50:23,岐阜県美濃中西部,35°16.2′N,136°27.2′E,7 km,3.2,震度１,35.27,136.4533333
2021/5/10,0:12:42,新島・神津島近海,34°20.1′N,139°13.9′E,8 km,1.9,震度１,34.335,139.2316667
2021/5/10,0:15:02,新島・神津島近海,34°21.1′N,139°14.1′E,7 km,2.2,震度１,34.35166667,139.235
2021/5/10,0:18:00,新島・神津島近海,34°21.3′N,139°13.9′E,7 km,2.5,震度２,34.355,139.2316667
2021/5/10,0:19:22,新島・神津島近海,34°21.1′N,139°14.1′E,6 km,2.1,震度１,34.35166667,139.235
2021/5/10,0:22:31,新島・神津島近海,34°21.4′N,139°14.2′E,6 km,2.3,震度２,34.35666667,139.2366667
2021/5/10,0:27:19,新島・神津島近海,34°21.2′N,139°14.3′E,6 km,1.9,震度１,34.35333333,139.2383333
2021/5/10,0:58:05,新島・神津島近海,34°21.3′N,139°14.3′E,7 km,2.1,震度１,34.355,139.2383333
2021/5/10,1:23:57,根室半島南東沖,42°59.8′N,145°45.9′E,47 km,3.7,震度１,42.99666667,145.765
2021/5/10,4:14:05,伊豆大島近海,34°47.7′N,139°14.7′E,10 km,2.3,震度１,34.795,139.245
2021/5/10,9:39:46,北海道東方沖,43°07.4′N,146°53.9′E,66 km,4.2,震度１,43.12333333,146.8983333
2021/5/10,14:23:24,群馬県南部,36°13.5′N,138°49.7′E,7 km,2,震度２,36.225,138.8283333
2021/5/10,20:29:24,空知地方中部,43°40.7′N,141°40.4′E,5 km,3.3,震度３,43.67833333,141.6733333
2021/5/11,0:47:04,青森県東方沖,41°28.4′N,142°06.2′E,53 km,4.1,震度１,41.47333333,142.1033333
2021/5/11,2:13:40,茨城県沖,36°08.4′N,141°01.1′E,31 km,3.3,震度１,36.14,141.0183333
2021/5/11,15:08:44,大阪府北部,34°50.1′N,135°36.9′E,12 km,3.6,震度２,34.835,135.615
2021/5/12,8:30:01,岩手県沖,40°08.0′N,142°23.4′E,40 km,4.1,震度２,40.13333333,142.39
2021/5/12,22:22:25,福島県沖,37°35.5′N,141°29.0′E,52 km,3.6,震度１,37.59166667,141.4833333
2021/5/12,23:40:51,秋田県内陸北部,39°57.7′N,140°37.7′E,4 km,2.9,震度１,39.96166667,140.6283333
2021/5/13,10:26:34,福島県沖,37°35.0′N,141°29.0′E,52 km,3.9,震度１,37.58333333,141.4833333
2021/5/13,11:04:01,宮崎県北部山沿い,32°36.2′N,131°20.6′E,14 km,2.8,震度１,32.60333333,131.3433333
2021/5/14,2:55:31,橘湾,32°44.7′N,130°09.5′E,12 km,1.8,震度１,32.745,130.1583333
2021/5/14,5:23:44,石川県能登地方,37°27.9′N,137°11.3′E,12 km,3,震度１,37.465,137.1883333
2021/5/14,6:38:29,日向灘,32°19.7′N,131°53.7′E,25 km,3.5,震度２,32.32833333,131.895
2021/5/14,7:02:03,大隅半島東方沖,31°05.6′N,131°28.7′E,30 km,3.5,震度１,31.09333333,131.4783333
2021/5/14,8:58:14,福島県沖,37°41.9′N,141°45.7′E,46 km,6.3,震度４,37.69833333,141.7616667
2021/5/14,9:23:19,福島県沖,37°43.1′N,141°47.8′E,45 km,3.8,震度１,37.71833333,141.7966667
2021/5/14,17:08:12,留萌地方中北部,44°21.4′N,141°46.5′E,8 km,2.9,震度２,44.35666667,141.775
2021/5/14,18:37:59,東京都２３区,35°39.5′N,139°38.5′E,72 km,4.1,震度２,35.65833333,139.6416667
2021/5/14,20:46:51,日高地方中部,42°29.4′N,142°35.6′E,20 km,4.6,震度４,42.49,142.5933333
2021/5/14,20:54:07,日高地方中部,42°29.5′N,142°35.6′E,20 km,3.3,震度１,42.49166667,142.5933333
2021/5/14,21:51:01,福島県沖,37°43.0′N,141°48.3′E,44 km,3.8,震度１,37.71666667,141.805
2021/5/14,23:06:40,福島県会津,37°44.8′N,139°55.4′E,7 km,2.8,震度１,37.74666667,139.9233333
2021/5/15,5:59:30,熊本県阿蘇地方,33°00.8′N,131°13.1′E,8 km,2.4,震度１,33.01333333,131.2183333
2021/5/15,6:09:52,日向灘,31°46.3′N,131°40.7′E,43 km,3.1,震度１,31.77166667,131.6783333
2021/5/15,13:52:03,千葉県南部,35°15.1′N,140°18.9′E,18 km,3.4,震度１,35.25166667,140.315
2021/5/15,13:57:10,千葉県南部,35°15.0′N,140°18.8′E,18 km,3,震度１,35.25,140.3133333
2021/5/15,15:46:04,千葉県南部,35°15.2′N,140°18.6′E,18 km,2.8,震度１,35.25333333,140.31
2021/5/15,16:41:30,千葉県南部,35°14.8′N,140°18.1′E,19 km,2.9,震度１,35.24666667,140.3016667
2021/5/15,20:03:53,茨城県沖,36°16.4′N,141°37.1′E,29 km,4.6,震度１,36.27333333,141.6183333
2021/5/15,20:33:32,千葉県南部,35°15.1′N,140°17.9′E,17 km,2.9,震度１,35.25166667,140.2983333
2021/5/16,0:07:07,千葉県南部,35°14.9′N,140°18.7′E,17 km,3.1,震度１,35.24833333,140.3116667
2021/5/16,1:20:44,岐阜県飛騨地方,36°03.1′N,137°35.1′E,5 km,3.4,震度３,36.05166667,137.585
2021/5/16,7:19:07,茨城県南部,36°03.5′N,139°56.1′E,44 km,3.4,震度２,36.05833333,139.935
2021/5/16,10:08:50,千葉県北東部,35°30.8′N,140°24.6′E,19 km,3.7,震度３,35.51333333,140.41
2021/5/16,12:23:54,十勝沖,42°05.5′N,144°28.1′E,5 km,6.1,震度３,42.09166667,144.4683333
2021/5/16,15:41:11,福島県沖,37°35.9′N,141°33.5′E,53 km,4.5,震度３,37.59833333,141.5583333
2021/5/16,16:30:44,愛媛県東予,33°52.1′N,133°28.7′E,38 km,3.2,震度１,33.86833333,133.4783333
2021/5/16,17:52:30,十勝沖,42°05.9′N,144°28.1′E,5 km,4.4,震度１,42.09833333,144.4683333
2021/5/17,0:42:00,千葉県東方沖,35°44.8′N,140°53.1′E,11 km,3.5,震度１,35.74666667,140.885
2021/5/17,12:00:49,千葉県南部,35°14.8′N,140°19.1′E,19 km,3.2,震度２,35.24666667,140.3183333
2021/5/17,20:01:32,西表島付近,24°19.7′N,123°31.9′E,21 km,4.8,震度１,24.32833333,123.5316667
2021/5/18,3:46:28,宮城県沖,38°33.9′N,142°03.2′E,44 km,3.9,震度１,38.565,142.0533333
2021/5/19,2:17:45,宮城県沖,38°15.8′N,142°04.4′E,42 km,4.1,震度１,38.26333333,142.0733333
2021/5/19,6:40:09,宮城県沖,38°10.2′N,141°41.6′E,52 km,3.9,震度２,38.17,141.6933333
2021/5/19,19:21:41,岩手県沖,39°05.5′N,142°12.7′E,42 km,3.9,震度１,39.09166667,142.2116667
2021/5/19,20:54:32,福島県沖,37°41.3′N,141°47.8′E,44 km,4.1,震度１,37.68833333,141.7966667
2021/5/20,5:27:26,岩手県沖,40°21.9′N,142°12.5′E,45 km,4.1,震度２,40.365,142.2083333
2021/5/20,13:06:05,岐阜県飛騨地方,36°01.4′N,137°33.2′E,6 km,2.5,震度１,36.02333333,137.5533333
2021/5/20,17:52:40,茨城県沖,36°30.9′N,140°49.9′E,50 km,3.1,震度１,36.515,140.8316667
2021/5/21,0:05:16,熊本県熊本地方,32°39.2′N,130°41.1′E,11 km,2.8,震度１,32.65333333,130.685
2021/5/21,4:15:42,トカラ列島近海,29°16.7′N,129°09.8′E,11 km,3.2,震度２,29.27833333,129.1633333
2021/5/21,4:16:22,トカラ列島近海,29°16.4′N,129°12.9′E,12 km,2.5,震度１,29.27333333,129.215
2021/5/21,4:19:47,トカラ列島近海,29°18.3′N,129°08.0′E,9 km,2.8,震度２,29.305,129.1333333
2021/5/21,4:20:39,トカラ列島近海,29°17.2′N,129°12.1′E,12 km,2.5,震度１,29.28666667,129.2016667
2021/5/21,4:25:53,トカラ列島近海,29°15.6′N,129°12.1′E,11 km,1.6,震度１,29.26,129.2016667
2021/5/21,7:11:00,千葉県東方沖,35°40.9′N,140°59.5′E,19 km,3.9,震度１,35.68166667,140.9916667
2021/5/21,7:16:05,栃木県北部,37°03.1′N,139°50.6′E,9 km,4.2,震度３,37.05166667,139.8433333
2021/5/21,14:01:26,択捉島南東沖,44°12.2′N,148°14.5′E,97 km,4.8,震度１,44.20333333,148.2416667
2021/5/21,23:28:59,鳥取県中部,35°23.3′N,133°50.9′E,9 km,2.4,震度１,35.38833333,133.8483333
2021/5/22,1:29:33,網走地方,44°03.4′N,145°06.1′E,2 km,2.3,震度１,44.05666667,145.1016667
2021/5/22,4:15:13,伊予灘,33°35.7′N,132°09.1′E,64 km,3.3,震度１,33.595,132.1516667
2021/5/22,7:14:58,熊本県天草・芦北地方,32°12.9′N,130°20.1′E,10 km,2.6,震度１,32.215,130.335
2021/5/22,14:29:40,大阪府北部,34°54.6′N,135°38.7′E,10 km,2.4,震度１,34.91,135.645
2021/5/22,23:06:52,熊本県熊本地方,32°39.7′N,130°43.4′E,12 km,2.5,震度１,32.66166667,130.7233333
2021/5/22,23:53:12,トカラ列島近海,29°20.1′N,129°25.1′E,22 km,3.7,震度２,29.335,129.4183333
2021/5/23,18:15:58,福島県沖,37°45.7′N,141°42.4′E,56 km,3.9,震度２,37.76166667,141.7066667
2021/5/23,20:19:52,千葉県北東部,35°52.1′N,140°28.2′E,38 km,2.8,震度１,35.86833333,140.47
2021/5/24,1:58:29,網走地方,43°49.1′N,144°35.3′E,7 km,2.6,震度１,43.81833333,144.5883333
2021/5/24,4:09:17,茨城県南部,35°56.2′N,140°07.5′E,62 km,4.3,震度３,35.93666667,140.125
2021/5/24,12:52:17,八丈島近海,33°16.5′N,139°25.9′E,20 km,4.3,震度１,33.275,139.4316667
2021/5/24,12:59:57,八丈島近海,33°16.6′N,139°26.8′E,18 km,3.5,震度１,33.27666667,139.4466667
2021/5/24,14:15:57,八丈島近海,33°15.9′N,139°25.2′E,14 km,4.2,震度１,33.265,139.42
2021/5/24,23:16:40,茨城県沖,36°27.0′N,141°08.2′E,41 km,3.7,震度１,36.45,141.1366667
2021/5/24,23:41:03,沖縄本島近海,25°38.1′N,126°58.2′E,57 km,4.6,震度２,25.635,126.97
2021/5/25,1:19:20,福島県沖,37°40.9′N,141°37.4′E,54 km,4.2,震度２,37.68166667,141.6233333
2021/5/25,3:51:06,熊本県熊本地方,32°52.1′N,130°54.4′E,10 km,2.5,震度１,32.86833333,130.9066667
2021/5/25,16:52:45,宮古島近海,24°50.1′N,125°22.7′E,44 km,3.7,震度１,24.835,125.3783333
2021/5/25,20:03:14,福島県沖,37°43.0′N,141°34.9′E,54 km,3.9,震度１,37.71666667,141.5816667
2021/5/25,22:02:41,栃木県北部,36°52.6′N,139°37.0′E,9 km,2.8,震度１,36.87666667,139.6166667
2021/5/26,3:56:26,岩手県沖,40°20.5′N,142°07.5′E,49 km,3.7,震度２,40.34166667,142.125
2021/5/26,8:57:41,和歌山県南部,33°55.7′N,135°24.5′E,51 km,3.9,震度３,33.92833333,135.4083333
2021/5/26,17:50:56,茨城県北部,36°28.9′N,140°31.8′E,58 km,3.5,震度２,36.48166667,140.53
2021/5/27,0:13:19,大隅半島東方沖,31°08.0′N,131°46.2′E,44 km,3.6,震度１,31.13333333,131.77
2021/5/27,2:50:26,石川県能登地方,37°27.9′N,137°11.2′E,12 km,2.9,震度１,37.465,137.1866667
2021/5/27,3:48:56,福島県会津,37°02.4′N,139°22.6′E,6 km,1.2,震度１,37.04,139.3766667
2021/5/27,6:04:02,三陸沖,40°27.4′N,143°12.8′E,32 km,4.8,震度２,40.45666667,143.2133333
2021/5/27,16:36:58,北海道東方沖,43°52.2′N,147°38.3′E,0 km,4.2,震度１,43.87,147.6383333
2021/5/28,0:18:41,茨城県沖,36°26.9′N,141°08.3′E,41 km,3.7,震度１,36.44833333,141.1383333
2021/5/29,8:21:07,茨城県沖,36°21.0′N,141°51.7′E,24 km,5.3,震度２,36.35,141.8616667
2021/5/29,9:04:52,茨城県沖,36°21.6′N,141°51.2′E,28 km,5,震度２,36.36,141.8533333
2021/5/29,10:02:43,茨城県沖,36°20.5′N,141°50.0′E,32 km,5.7,震度２,36.34166667,141.8333333
2021/5/29,19:10:41,浦河沖,42°02.7′N,142°39.1′E,63 km,4.9,震度３,42.045,142.6516667
2021/5/30,0:30:24,根室半島南東沖,43°23.0′N,146°17.0′E,47 km,3.9,震度１,43.38333333,146.2833333
2021/5/30,14:24:03,石川県能登地方,37°27.8′N,137°11.4′E,12 km,3.1,震度２,37.46333333,137.19
2021/5/30,22:33:26,小笠原諸島西方沖,27°08.1′N,140°11.2′E,546 km,5.4,震度１,27.135,140.1866667
2021/5/30,23:40:15,千葉県北西部,35°50.2′N,139°56.6′E,28 km,3.3,震度２,35.83666667,139.9433333
2021/5/31,8:09:34,奄美大島近海,27°55.2′N,128°55.2′E,44 km,3.2,震度１,27.92,128.92
2021/5/31,20:04:49,石川県加賀地方,36°21.5′N,136°33.5′E,5 km,1.9,震度１,36.35833333,136.5583333
2021/6/1,4:38:15,和歌山県北部,34°07.7′N,135°09.6′E,6 km,2,震度１,34.12833333,135.16
2021/6/1,5:53:37,静岡県西部,34°59.4′N,137°57.4′E,9 km,2,震度１,34.99,137.9566667
2021/6/1,7:20:13,長野県北部,36°29.9′N,137°45.5′E,2 km,2.1,震度１,36.49833333,137.7583333
2021/6/1,13:43:06,岩手県沖,40°07.8′N,142°27.3′E,39 km,4.7,震度２,40.13,142.455
2021/6/1,17:41:51,西表島付近,24°20.4′N,123°31.8′E,21 km,4.7,震度１,24.34,123.53
2021/6/2,6:54:53,十勝沖,42°02.6′N,144°25.8′E,7 km,4.6,震度１,42.04333333,144.43
2021/6/2,8:05:22,宮城県沖,38°53.3′N,141°58.2′E,49 km,3.7,震度１,38.88833333,141.97
2021/6/2,8:14:57,茨城県南部,36°07.6′N,139°50.0′E,50 km,3.1,震度１,36.12666667,139.8333333
2021/6/2,23:39:54,日向灘,32°29.0′N,131°50.4′E,38 km,2.7,震度１,32.48333333,131.84
2021/6/3,1:48:43,トカラ列島近海,29°18.5′N,129°14.7′E,20 km,2.4,震度１,29.30833333,129.245
2021/6/3,2:08:40,宮古島北西沖,25°53.7′N,125°45.2′E,97 km,4.6,震度１,25.895,125.7533333
2021/6/3,10:31:52,富山湾,37°14.9′N,137°09.6′E,15 km,4.1,震度３,37.24833333,137.16
2021/6/3,22:21:47,和歌山県南部,33°37.9′N,135°35.4′E,24 km,2.8,震度１,33.63166667,135.59
2021/6/4,15:40:56,徳島県北部,33°57.0′N,134°07.9′E,9 km,2.4,震度１,33.95,134.1316667
2021/6/4,16:41:59,長野県中部,36°10.9′N,137°39.7′E,4 km,3.3,震度２,36.18166667,137.6616667
2021/6/4,22:46:55,留萌地方中北部,44°54.0′N,142°00.4′E,19 km,2.8,震度１,44.9,142.0066667
2021/6/7,0:59:23,福島県沖,37°46.3′N,141°49.5′E,44 km,4,震度１,37.77166667,141.825
2021/6/7,3:11:07,千葉県南東沖,34°34.4′N,140°13.6′E,93 km,5.1,震度３,34.57333333,140.2266667
2021/6/7,10:12:36,福島県沖,37°39.0′N,141°37.8′E,57 km,3.8,震度１,37.65,141.63
2021/6/7,11:11:32,釧路沖,42°44.1′N,143°59.0′E,68 km,4.1,震度２,42.735,143.9833333
2021/6/7,14:16:26,千葉県南部,35°08.8′N,139°56.1′E,85 km,3.3,震度１,35.14666667,139.935
2021/6/8,8:04:38,石川県能登地方,37°30.3′N,137°17.9′E,12 km,2.9,震度１,37.505,137.2983333
2021/6/8,8:56:00,北海道西方沖,44°14.7′N,141°35.9′E,0 km,2.4,震度１,44.245,141.5983333
2021/6/8,9:58:11,胆振地方中東部,42°56.1′N,142°09.5′E,0 km,3,震度１,42.935,142.1583333
2021/6/8,10:19:17,福島県沖,37°48.5′N,141°37.6′E,75 km,4.9,震度３,37.80833333,141.6266667
2021/6/8,16:59:59,熊本県熊本地方,32°39.2′N,130°41.0′E,11 km,3.9,震度４,32.65333333,130.6833333
2021/6/8,17:02:27,熊本県熊本地方,32°39.2′N,130°40.9′E,11 km,2.5,震度１,32.65333333,130.6816667
2021/6/8,23:04:54,北海道西方沖,44°15.0′N,141°36.0′E,0 km,2.2,震度１,44.25,141.6
2021/6/9,0:29:03,関東東方沖,36°26.1′N,142°59.3′E,23 km,5.2,震度１,36.435,142.9883333
2021/6/9,7:34:22,岩手県沖,39°51.8′N,142°16.7′E,33 km,4.9,震度３,39.86333333,142.2783333
2021/6/9,13:36:48,福島県会津,37°44.8′N,139°55.4′E,7 km,2.7,震度１,37.74666667,139.9233333
2021/6/9,13:57:17,岩手県沖,40°19.2′N,142°16.6′E,43 km,3.8,震度１,40.32,142.2766667
2021/6/9,17:27:23,神奈川県東部,35°33.2′N,139°35.0′E,132 km,4.4,震度２,35.55333333,139.5833333
2021/6/9,20:05:06,紀伊水道,34°12.4′N,135°05.3′E,8 km,2.6,震度１,34.20666667,135.0883333
2021/6/9,22:05:55,岩手県沖,40°05.4′N,142°25.7′E,38 km,5,震度３,40.09,142.4283333
2021/6/10,7:05:28,静岡県西部,35°06.8′N,138°03.8′E,32 km,3.2,震度１,35.11333333,138.0633333
2021/6/10,12:16:40,長野県北部,36°30.3′N,137°45.5′E,2 km,1.8,震度１,36.505,137.7583333
2021/6/10,18:56:03,青森県東方沖,40°59.6′N,142°24.9′E,47 km,4.6,震度２,40.99333333,142.415
2021/6/10,20:35:47,日高地方東部,42°13.1′N,142°52.3′E,72 km,4.3,震度２,42.21833333,142.8716667
2021/6/10,22:15:54,紀伊水道,33°43.2′N,135°02.3′E,39 km,3.5,震度１,33.72,135.0383333
2021/6/11,5:58:40,十勝地方中部,42°56.6′N,143°46.4′E,122 km,3.5,震度１,42.94333333,143.7733333
2021/6/11,9:04:29,新潟県中越地方,37°13.9′N,138°47.6′E,8 km,2.3,震度１,37.23166667,138.7933333
2021/6/11,17:34:11,岩手県沖,39°51.8′N,142°16.0′E,32 km,3.8,震度２,39.86333333,142.2666667
2021/6/11,23:00:30,十勝地方南部,42°19.3′N,143°04.4′E,50 km,3.6,震度１,42.32166667,143.0733333
2021/6/12,17:49:36,宮城県沖,38°19.2′N,141°36.9′E,55 km,3.7,震度１,38.32,141.615
2021/6/13,4:12:20,福島県沖,36°59.0′N,141°07.0′E,59 km,3.4,震度２,36.98333333,141.1166667
2021/6/13,5:32:19,石狩地方中部,43°07.2′N,141°38.6′E,166 km,4.2,震度１,43.12,141.6433333
2021/6/13,16:16:55,沖縄本島近海,27°26.6′N,128°34.0′E,48 km,4.1,震度２,27.44333333,128.5666667
2021/6/13,20:58:23,青森県東方沖,40°58.7′N,142°00.2′E,59 km,3.8,震度２,40.97833333,142.0033333
2021/6/14,3:13:02,茨城県沖,36°37.9′N,140°53.2′E,84 km,3.4,震度１,36.63166667,140.8866667
2021/6/14,3:49:31,福島県中通り,36°54.0′N,140°30.6′E,7 km,3.3,震度２,36.9,140.51
2021/6/14,4:06:42,茨城県北部,36°48.9′N,140°35.1′E,8 km,4.3,震度２,36.815,140.585
2021/6/14,7:05:38,茨城県北部,36°23.5′N,140°35.6′E,61 km,2.7,震度１,36.39166667,140.5933333
2021/6/14,9:08:26,根室半島南東沖,43°06.7′N,145°48.9′E,44 km,3.6,震度１,43.11166667,145.815
2021/6/14,22:38:46,青森県三八上北地方,40°29.6′N,141°35.2′E,82 km,2.7,震度１,40.49333333,141.5866667
2021/6/15,11:06:55,釧路地方北部,43°36.8′N,144°25.7′E,4 km,1.3,震度１,43.61333333,144.4283333
2021/6/15,12:15:40,福島県沖,37°34.7′N,141°29.6′E,52 km,3.7,震度１,37.57833333,141.4933333
2021/6/15,16:11:41,奄美大島北西沖,28°13.4′N,128°07.7′E,10 km,4.4,震度１,28.22333333,128.1283333
2021/6/16,3:03:12,鳥島近海,30°15.3′N,139°02.7′E,438 km,4.7,震度１,30.255,139.045
2021/6/16,3:23:56,岐阜県飛騨地方,36°03.3′N,137°35.1′E,7 km,2.3,震度１,36.055,137.585
2021/6/16,22:30:03,広島県南西部,34°20.2′N,132°40.5′E,44 km,3,震度１,34.33666667,132.675
2021/6/17,1:41:17,山梨県東部・富士五湖,35°31.0′N,139°01.2′E,15 km,3.6,震度２,35.51666667,139.02
2021/6/17,4:42:50,釧路地方北部,43°38.8′N,144°27.5′E,0 km,1.8,震度１,43.64666667,144.4583333
2021/6/17,6:12:34,釧路地方北部,43°38.7′N,144°27.4′E,0 km,1.8,震度１,43.645,144.4566667
2021/6/17,18:33:24,石川県能登地方,37°26.6′N,137°10.6′E,13 km,2.8,震度１,37.44333333,137.1766667
2021/6/17,22:19:21,愛知県東部,35°13.0′N,137°43.8′E,14 km,2.5,震度１,35.21666667,137.73
2021/6/18,4:22:10,奄美大島近海,27°33.4′N,129°09.5′E,26 km,3.6,震度１,27.55666667,129.1583333
2021/6/18,6:52:40,静岡県西部,34°53.4′N,137°41.2′E,33 km,2.9,震度１,34.89,137.6866667
2021/6/18,18:40:42,西表島付近,24°20.8′N,123°32.2′E,20 km,4.6,震度１,24.34666667,123.5366667
2021/6/18,20:34:22,千葉県南東沖,34°35.9′N,140°38.4′E,49 km,3.6,震度１,34.59833333,140.64
2021/6/19,1:55:00,和歌山県北部,34°11.3′N,135°10.8′E,5 km,2.7,震度１,34.18833333,135.18
2021/6/19,7:39:13,愛媛県南予,33°27.6′N,132°30.8′E,42 km,4.7,震度４,33.46,132.5133333
2021/6/19,14:56:02,福島県沖,37°50.1′N,141°39.5′E,55 km,4.1,震度１,37.835,141.6583333
2021/6/19,15:47:14,福島県会津,37°18.1′N,139°37.8′E,5 km,2.8,震度１,37.30166667,139.63
2021/6/20,2:20:56,静岡県東部,35°24.7′N,138°59.0′E,12 km,3.5,震度２,35.41166667,138.9833333
2021/6/20,14:10:05,千葉県東方沖,35°43.5′N,140°54.1′E,12 km,2.8,震度１,35.725,140.9016667
2021/6/20,19:37:47,宮古島近海,24°49.7′N,125°08.1′E,50 km,3.1,震度１,24.82833333,125.135
2021/6/20,20:08:24,上川地方中部,43°28.6′N,142°41.0′E,158 km,5.4,震度３,43.47666667,142.6833333
2021/6/20,22:39:00,北海道西方沖,44°14.4′N,141°35.9′E,0 km,2.3,震度１,44.24,141.5983333
2021/6/21,4:03:43,岩手県内陸北部,40°12.3′N,141°13.5′E,6 km,2.6,震度１,40.205,141.225
2021/6/21,14:48:59,宮城県北部,38°43.1′N,141°01.4′E,13 km,2.1,震度１,38.71833333,141.0233333
2021/6/22,17:10:08,国後島付近,43°32.4′N,145°21.4′E,124 km,3.7,震度２,43.54,145.3566667
2021/6/22,19:03:52,和歌山県北部,34°15.1′N,135°25.6′E,6 km,2.9,震度２,34.25166667,135.4266667
2021/6/23,7:25:10,相模湾,35°12.5′N,139°28.5′E,119 km,3.6,震度１,35.20833333,139.475
2021/6/23,22:00:51,福島県中通り,37°04.2′N,140°24.9′E,87 km,3,震度１,37.07,140.415
2021/6/24,1:16:15,愛媛県南予,33°27.6′N,132°31.2′E,42 km,3.5,震度１,33.46,132.52
2021/6/24,3:44:20,根室半島南東沖,43°29.6′N,146°12.3′E,96 km,4,震度１,43.49333333,146.205
2021/6/24,3:52:23,伊豆大島近海,34°48.3′N,139°14.4′E,11 km,1.9,震度１,34.805,139.24
2021/6/24,20:18:34,青森県東方沖,40°40.3′N,142°09.7′E,54 km,3.4,震度１,40.67166667,142.1616667
2021/6/24,21:30:41,岩手県沖,40°21.9′N,142°12.3′E,46 km,3.4,震度１,40.365,142.205
2021/6/25,3:42:16,岩手県内陸南部,39°27.2′N,141°39.5′E,105 km,3.5,震度１,39.45333333,141.6583333
2021/6/25,9:28:19,有明海,32°46.3′N,130°29.0′E,11 km,2.8,震度１,32.77166667,130.4833333
2021/6/25,19:05:17,長野県北部,36°29.7′N,137°45.3′E,2 km,2,震度１,36.495,137.755
2021/6/25,20:04:02,熊本県熊本地方,32°31.3′N,130°35.3′E,9 km,3.1,震度１,32.52166667,130.5883333
2021/6/25,22:36:46,千葉県東方沖,35°15.0′N,140°33.0′E,45 km,3.2,震度２,35.25,140.55
2021/6/25,23:05:11,トカラ列島近海,29°17.0′N,129°19.8′E,16 km,2.4,震度１,29.28333333,129.33
2021/6/26,0:49:01,熊本県熊本地方,32°30.2′N,130°34.9′E,13 km,4,震度３,32.50333333,130.5816667
2021/6/26,1:24:55,石川県能登地方,37°30.5′N,137°14.1′E,14 km,4.1,震度３,37.50833333,137.235
2021/6/26,22:49:48,土佐湾,33°31.7′N,133°42.2′E,32 km,3.6,震度１,33.52833333,133.7033333
2021/6/26,23:23:55,熊本県熊本地方,32°46.6′N,130°40.2′E,11 km,2.9,震度２,32.77666667,130.67
2021/6/27,0:21:07,福島県沖,37°41.2′N,141°35.8′E,52 km,3.7,震度２,37.68666667,141.5966667
2021/6/27,3:41:13,岐阜県美濃中西部,35°34.0′N,136°30.9′E,15 km,2.8,震度１,35.56666667,136.515
2021/6/27,8:47:52,東京湾,35°27.6′N,139°49.6′E,42 km,2.9,震度１,35.46,139.8266667
2021/6/27,12:44:17,石川県能登地方,37°27.7′N,137°11.7′E,12 km,2.6,震度１,37.46166667,137.195
2021/6/28,18:12:44,父島近海,26°53.6′N,143°01.4′E,15 km,5.2,震度２,26.89333333,143.0233333
2021/6/28,21:12:53,千葉県東方沖,35°26.1′N,140°28.4′E,55 km,3.1,震度１,35.435,140.4733333
2021/6/29,11:21:34,静岡県中部,35°06.3′N,138°15.0′E,27 km,3.3,震度１,35.105,138.25
2021/6/29,14:55:49,日向灘,31°43.7′N,131°49.2′E,41 km,4.7,震度３,31.72833333,131.82
2021/6/29,17:26:16,千葉県東方沖,35°38.0′N,141°00.5′E,19 km,2.8,震度１,35.63333333,141.0083333
2021/6/29,20:36:28,根室地方北部,43°37.5′N,144°39.8′E,2 km,2.6,震度１,43.625,144.6633333
2021/6/30,1:26:43,千葉県東方沖,35°47.2′N,140°59.4′E,23 km,3.3,震度１,35.78666667,140.99
2021/6/30,1:36:13,宮城県沖,38°45.5′N,141°35.1′E,74 km,3.7,震度２,38.75833333,141.585
2021/6/30,7:04:10,和歌山県北部,33°51.7′N,135°20.2′E,52 km,3.2,震度１,33.86166667,135.3366667
2021/6/30,11:01:25,青森県東方沖,41°32.7′N,142°04.6′E,50 km,3.3,震度１,41.545,142.0766667
2021/6/30,12:53:20,福島県沖,37°09.4′N,141°22.0′E,46 km,4,震度２,37.15666667,141.3666667
2021/6/30,21:37:31,千葉県東方沖,35°45.3′N,140°52.3′E,10 km,4.2,震度２,35.755,140.8716667
2021/6/30,22:18:09,秋田県内陸南部,39°31.9′N,140°27.9′E,130 km,4.5,震度２,39.53166667,140.465
2021/7/1,6:44:01,岩手県沖,39°11.8′N,142°09.9′E,49 km,4.2,震度３,39.19666667,142.165
2021/7/1,12:56:58,宮城県中部,38°21.4′N,141°30.5′E,22 km,3.5,震度１,38.35666667,141.5083333
2021/7/1,23:07:21,岩手県沖,40°05.5′N,142°25.7′E,38 km,3.3,震度１,40.09166667,142.4283333
2021/7/2,10:48:09,青森県東方沖,41°34.4′N,142°05.6′E,54 km,3.8,震度２,41.57333333,142.0933333
2021/7/2,17:15:42,宮城県沖,38°18.6′N,142°06.2′E,37 km,3.9,震度１,38.31,142.1033333
2021/7/2,17:27:19,紀伊水道,33°50.7′N,135°00.0′E,10 km,3.1,震度１,33.845,135
2021/7/3,1:46:01,千葉県東方沖,35°46.0′N,140°54.0′E,12 km,4.1,震度２,35.76666667,140.9
2021/7/3,20:55:24,秋田県沖,39°47.7′N,139°40.2′E,13 km,3.5,震度１,39.795,139.67
2021/7/4,0:47:06,五島列島近海,32°45.7′N,129°44.2′E,13 km,3.2,震度２,32.76166667,129.7366667
2021/7/4,1:24:00,岩手県沖,39°37.9′N,142°06.2′E,49 km,4,震度２,39.63166667,142.1033333
2021/7/4,2:19:54,浦河沖,41°53.9′N,142°29.6′E,63 km,4.1,震度１,41.89833333,142.4933333
2021/7/4,4:06:08,宮城県沖,38°32.2′N,141°43.6′E,53 km,3.8,震度１,38.53666667,141.7266667
2021/7/4,15:35:22,茨城県沖,36°38.7′N,140°56.0′E,49 km,4.2,震度３,36.645,140.9333333
2021/7/4,20:19:45,和歌山県北部,33°47.5′N,135°21.1′E,10 km,3,震度１,33.79166667,135.3516667
2021/7/4,22:27:57,相模湾,35°08.7′N,139°09.2′E,3 km,1.7,震度１,35.145,139.1533333
2021/7/4,22:31:30,相模湾,35°08.3′N,139°08.8′E,1 km,1.8,震度１,35.13833333,139.1466667
2021/7/4,22:32:05,奄美大島北西沖,28°08.0′N,128°03.7′E,14 km,4.4,震度２,28.13333333,128.0616667
2021/7/5,2:41:01,福島県沖,37°31.4′N,141°21.5′E,51 km,3.4,震度１,37.52333333,141.3583333
2021/7/5,6:03:59,岐阜県飛騨地方,36°03.2′N,137°35.5′E,6 km,2.5,震度２,36.05333333,137.5916667
2021/7/5,7:49:14,根室半島南東沖,43°12.5′N,145°33.1′E,55 km,3.3,震度１,43.20833333,145.5516667
2021/7/5,8:04:17,奄美大島北西沖,28°07.4′N,128°05.4′E,14 km,4.3,震度２,28.12333333,128.09
2021/7/6,4:06:04,奄美大島北西沖,28°08.0′N,128°04.5′E,12 km,4,震度１,28.13333333,128.075
2021/7/6,7:30:18,奄美大島北西沖,28°08.6′N,128°05.1′E,17 km,4.4,震度２,28.14333333,128.085
2021/7/6,9:09:03,愛知県西部,35°15.0′N,136°55.7′E,7 km,2.5,震度１,35.25,136.9283333
2021/7/6,9:24:34,石川県能登地方,37°28.1′N,137°11.6′E,12 km,2.7,震度１,37.46833333,137.1933333
2021/7/6,18:34:13,奄美大島北西沖,28°08.3′N,128°05.0′E,7 km,4.7,震度２,28.13833333,128.0833333
2021/7/6,22:11:09,岩手県沿岸北部,39°45.5′N,141°50.9′E,57 km,3.4,震度１,39.75833333,141.8483333
2021/7/6,23:21:56,青森県東方沖,41°12.6′N,141°52.9′E,68 km,3.3,震度１,41.21,141.8816667
2021/7/7,5:58:31,奄美大島北西沖,28°08.0′N,128°05.3′E,12 km,4.1,震度１,28.13333333,128.0883333
2021/7/7,10:51:19,釧路地方中南部,43°07.7′N,144°14.9′E,92 km,3.9,震度２,43.12833333,144.2483333
2021/7/7,22:41:15,埼玉県北部,36°03.0′N,139°27.6′E,98 km,3.2,震度１,36.05,139.46
2021/7/7,23:55:33,奄美大島北西沖,28°08.3′N,128°05.4′E,14 km,4.8,震度１,28.13833333,128.09
2021/7/8,1:24:36,伊予灘,33°42.7′N,132°16.3′E,50 km,4.3,震度３,33.71166667,132.2716667
2021/7/8,2:39:06,安芸灘,34°04.6′N,132°54.1′E,43 km,3.9,震度２,34.07666667,132.9016667
2021/7/8,4:27:26,福井県嶺北,36°08.1′N,136°05.8′E,9 km,2.8,震度１,36.135,136.0966667
2021/7/8,7:21:29,福島県会津,37°04.1′N,139°20.7′E,7 km,1.7,震度１,37.06833333,139.345
2021/7/8,11:31:15,釧路沖,42°57.2′N,145°18.3′E,49 km,3.4,震度１,42.95333333,145.305
2021/7/9,6:40:20,福島県沖,37°49.1′N,141°03.5′E,75 km,3.8,震度１,37.81833333,141.0583333
2021/7/9,9:08:57,石垣島近海,24°35.8′N,124°27.0′E,18 km,3.9,震度１,24.59666667,124.45
2021/7/9,12:54:23,和歌山県北部,33°59.4′N,135°12.8′E,8 km,2.9,震度１,33.99,135.2133333
2021/7/9,15:19:12,父島近海,27°26.1′N,142°18.1′E,45 km,4.1,震度１,27.435,142.3016667
2021/7/9,16:47:15,釧路地方中南部,43°20.2′N,144°16.9′E,139 km,3.8,震度１,43.33666667,144.2816667
2021/7/10,1:26:11,岩手県沖,40°25.3′N,141°57.8′E,63 km,3.9,震度２,40.42166667,141.9633333
2021/7/10,4:35:20,伊予灘,33°41.3′N,132°17.0′E,50 km,3,震度１,33.68833333,132.2833333
2021/7/10,5:23:45,福島県沖,37°10.4′N,143°43.4′E,32 km,5.2,震度１,37.17333333,143.7233333
2021/7/10,7:41:01,宮城県沖,38°42.3′N,141°48.2′E,52 km,2.8,震度１,38.705,141.8033333
2021/7/11,3:49:11,奄美大島北西沖,28°09.3′N,128°05.3′E,10 km,4.5,震度１,28.155,128.0883333
2021/7/11,9:16:41,石川県能登地方,37°30.2′N,137°16.2′E,13 km,3.9,震度４,37.50333333,137.27
2021/7/11,11:34:10,奄美大島北西沖,28°07.8′N,128°05.9′E,10 km,4.7,震度２,28.13,128.0983333
2021/7/11,12:08:12,日高地方東部,42°20.2′N,143°00.6′E,42 km,3.6,震度１,42.33666667,143.01
2021/7/11,16:24:21,石川県能登地方,37°30.6′N,137°14.2′E,14 km,3.3,震度２,37.51,137.2366667
2021/7/11,21:14:17,天草灘,32°34.1′N,129°54.8′E,10 km,2.9,震度１,32.56833333,129.9133333
2021/7/12,5:31:44,兵庫県南東部,34°58.1′N,134°49.2′E,14 km,3.2,震度２,34.96833333,134.82
2021/7/12,11:12:22,山梨県東部・富士五湖,35°31.6′N,138°59.7′E,19 km,2.9,震度１,35.52666667,138.995
2021/7/12,20:25:32,宮城県沖,38°34.2′N,142°01.1′E,49 km,3.9,震度１,38.57,142.0183333
2021/7/13,0:12:26,秋田県内陸北部,40°11.9′N,140°43.3′E,8 km,2,震度１,40.19833333,140.7216667
2021/7/13,6:44:27,山梨県東部・富士五湖,35°31.4′N,138°59.8′E,20 km,3.1,震度１,35.52333333,138.9966667
2021/7/13,8:20:50,大分県北部,33°27.0′N,131°00.0′E,9 km,2.7,震度２,33.45,131
2021/7/13,9:30:21,千島列島,45°35.4′N,151°30.2′E,30 km,6.2,震度２,45.59,151.5033333
2021/7/13,12:12:32,熊本県熊本地方,32°39.1′N,130°41.1′E,11 km,3.3,震度２,32.65166667,130.685
2021/7/13,17:16:44,トカラ列島近海,29°14.0′N,129°14.0′E,14 km,2.5,震度２,29.23333333,129.2333333
2021/7/13,17:31:29,トカラ列島近海,29°13.7′N,129°11.9′E,12 km,1.9,震度１,29.22833333,129.1983333
2021/7/14,4:09:12,大隅半島東方沖,31°16.0′N,131°39.2′E,27 km,3.9,震度１,31.26666667,131.6533333
2021/7/14,14:27:37,福島県沖,37°03.7′N,141°25.7′E,74 km,3.9,震度１,37.06166667,141.4283333
2021/7/15,5:17:07,茨城県沖,36°38.9′N,140°56.2′E,48 km,3.1,震度１,36.64833333,140.9366667
2021/7/15,6:52:55,石川県能登地方,37°28.3′N,137°12.0′E,12 km,2.8,震度１,37.47166667,137.2
2021/7/15,12:14:04,奄美大島近海,28°20.2′N,129°34.1′E,24 km,3.3,震度１,28.33666667,129.5683333
2021/7/15,17:40:34,宮城県沖,37°58.5′N,141°32.9′E,89 km,3.7,震度１,37.975,141.5483333
2021/7/15,23:03:59,八丈島近海,33°17.1′N,139°29.9′E,14 km,4.4,震度１,33.285,139.4983333
2021/7/15,23:05:03,八丈島近海,33°13.5′N,139°30.9′E,23 km,3.6,震度１,33.225,139.515
2021/7/16,13:19:57,八丈島近海,33°16.2′N,139°28.8′E,16 km,5.4,震度４,33.27,139.48
2021/7/16,13:30:01,八丈島近海,33°17.4′N,139°25.2′E,12 km,3.7,震度１,33.29,139.42
2021/7/16,13:54:55,八丈島近海,33°13.9′N,139°27.9′E,10 km,4.3,震度２,33.23166667,139.465
2021/7/16,13:56:09,八丈島近海,33°12.9′N,139°29.6′E,17 km,3.8,震度１,33.215,139.4933333
2021/7/16,13:57:47,八丈島近海,33°11.8′N,139°26.9′E,18 km,3.6,震度１,33.19666667,139.4483333
2021/7/16,14:09:51,八丈島近海,33°13.2′N,139°27.9′E,17 km,4,震度２,33.22,139.465
2021/7/16,14:24:01,八丈島近海,33°13.2′N,139°29.3′E,18 km,3.5,震度１,33.22,139.4883333
2021/7/16,14:28:43,鳥取県中部,35°21.0′N,133°44.2′E,4 km,2,震度１,35.35,133.7366667
2021/7/16,14:45:33,八丈島近海,33°14.8′N,139°27.1′E,8 km,3.4,震度１,33.24666667,139.4516667
2021/7/16,14:51:42,八丈島近海,33°14.1′N,139°28.6′E,13 km,3.9,震度１,33.235,139.4766667
2021/7/16,15:01:50,八丈島近海,33°15.3′N,139°28.1′E,11 km,3.8,震度１,33.255,139.4683333
2021/7/16,20:50:39,八丈島近海,33°14.6′N,139°27.6′E,10 km,4.5,震度２,33.24333333,139.46
2021/7/17,12:50:32,奄美大島北西沖,28°07.7′N,128°06.7′E,13 km,3.7,震度１,28.12833333,128.1116667
2021/7/17,15:15:40,八丈島近海,33°13.1′N,139°27.9′E,17 km,3.4,震度１,33.21833333,139.465
2021/7/17,18:07:50,岐阜県飛騨地方,36°19.4′N,137°36.9′E,3 km,4.3,震度３,36.32333333,137.615
2021/7/17,20:12:03,宮城県沖,38°47.1′N,142°00.5′E,44 km,3.2,震度１,38.785,142.0083333
2021/7/17,20:50:01,伊予灘,33°38.3′N,131°51.3′E,76 km,5.1,震度４,33.63833333,131.855
2021/7/18,1:01:44,群馬県南部,36°15.6′N,138°51.8′E,9 km,2.1,震度１,36.26,138.8633333
2021/7/18,1:21:39,福島県沖,37°36.9′N,141°37.1′E,58 km,4.4,震度２,37.615,141.6183333
2021/7/18,5:31:23,福島県沖,37°42.8′N,141°35.0′E,54 km,3.8,震度１,37.71333333,141.5833333
2021/7/18,8:06:31,福島県会津,37°02.3′N,139°16.2′E,2 km,2.6,震度１,37.03833333,139.27
2021/7/18,14:35:51,徳島県北部,33°58.1′N,133°55.7′E,45 km,4.4,震度３,33.96833333,133.9283333
2021/7/18,15:59:16,十勝地方南部,42°36.5′N,143°29.6′E,69 km,3.5,震度２,42.60833333,143.4933333
2021/7/18,18:50:07,福島県会津,37°02.2′N,139°16.6′E,4 km,4.7,震度３,37.03666667,139.2766667
2021/7/18,19:11:05,福島県会津,37°03.2′N,139°16.6′E,4 km,4.6,震度３,37.05333333,139.2766667
2021/7/18,20:24:55,福島県会津,37°03.3′N,139°16.6′E,4 km,2.1,震度１,37.055,139.2766667
2021/7/18,21:27:28,千葉県東方沖,35°48.2′N,140°56.5′E,27 km,3.1,震度１,35.80333333,140.9416667
2021/7/18,22:10:12,福島県会津,37°03.3′N,139°16.8′E,5 km,2.7,震度２,37.055,139.28
2021/7/18,22:32:46,徳島県南部,33°56.6′N,134°37.3′E,40 km,3.7,震度２,33.94333333,134.6216667
2021/7/18,23:09:06,長野県中部,36°12.6′N,137°40.1′E,3 km,3.6,震度２,36.21,137.6683333
2021/7/19,1:02:36,福島県会津,37°02.4′N,139°16.5′E,5 km,2.3,震度１,37.04,139.275
2021/7/19,4:27:50,福島県会津,37°03.4′N,139°16.5′E,4 km,2.5,震度１,37.05666667,139.275
2021/7/19,5:05:45,福島県会津,37°02.0′N,139°16.4′E,4 km,2.9,震度１,37.03333333,139.2733333
2021/7/19,8:12:51,奈良県,34°31.2′N,135°43.2′E,13 km,2.8,震度１,34.52,135.72
2021/7/19,11:59:52,千葉県北西部,35°50.1′N,139°56.7′E,28 km,2.9,震度１,35.835,139.945
2021/7/19,15:37:03,栃木県南部,36°28.6′N,140°06.7′E,108 km,3.2,震度１,36.47666667,140.1116667
2021/7/19,21:45:48,宮城県沖,38°36.0′N,141°46.9′E,49 km,3.1,震度１,38.6,141.7816667
2021/7/20,8:03:39,沖縄本島近海,26°36.9′N,129°52.5′E,47 km,4.8,震度１,26.615,129.875
2021/7/20,9:42:31,種子島近海,30°40.1′N,130°52.1′E,8 km,3.3,震度２,30.66833333,130.8683333
2021/7/20,13:58:37,奄美大島近海,28°06.5′N,129°31.1′E,34 km,4.2,震度２,28.10833333,129.5183333
2021/7/20,15:56:38,茨城県沖,36°35.6′N,141°07.0′E,41 km,3.5,震度１,36.59333333,141.1166667
2021/7/22,2:17:55,福島県沖,37°39.3′N,141°35.2′E,54 km,3.8,震度１,37.655,141.5866667
2021/7/23,3:14:58,茨城県沖,36°26.2′N,140°39.6′E,53 km,3.6,震度２,36.43666667,140.66
2021/7/23,5:21:49,種子島近海,30°21.0′N,130°57.0′E,12 km,2.7,震度１,30.35,130.95
2021/7/23,5:56:39,福島県沖,37°40.0′N,141°38.7′E,56 km,3.7,震度１,37.66666667,141.645
2021/7/23,9:59:33,茨城県沖,36°22.9′N,140°55.4′E,38 km,3.8,震度１,36.38166667,140.9233333
2021/7/23,16:00:19,石川県能登地方,37°30.1′N,137°12.7′E,13 km,3.1,震度１,37.50166667,137.2116667
2021/7/23,22:13:36,青森県西方沖,40°55.9′N,139°18.4′E,31 km,3.3,震度１,40.93166667,139.3066667
2021/7/24,13:34:26,福島県会津,37°02.3′N,139°16.7′E,4 km,3.6,震度２,37.03833333,139.2783333
2021/7/24,16:30:24,福島県会津,37°02.2′N,139°16.8′E,4 km,2.8,震度１,37.03666667,139.28
2021/7/24,19:19:04,長野県南部,35°51.6′N,137°43.0′E,9 km,2.2,震度１,35.86,137.7166667
2021/7/24,20:03:57,山梨県東部・富士五湖,35°32.2′N,138°56.3′E,25 km,2.8,震度１,35.53666667,138.9383333
2021/7/24,20:24:52,石川県能登地方,37°27.9′N,137°11.4′E,12 km,2.9,震度１,37.465,137.19
2021/7/24,20:27:54,長野県南部,35°55.3′N,138°02.9′E,5 km,2.6,震度１,35.92166667,138.0483333
2021/7/25,5:47:08,沖縄本島近海,27°18.4′N,128°26.6′E,47 km,3.6,震度１,27.30666667,128.4433333
2021/7/25,7:43:32,トカラ列島近海,29°23.6′N,129°24.7′E,18 km,2.9,震度１,29.39333333,129.4116667
2021/7/25,8:54:49,長野県南部,35°53.2′N,137°37.0′E,6 km,2.4,震度２,35.88666667,137.6166667
2021/7/25,19:09:00,群馬県北部,36°53.1′N,139°02.9′E,7 km,2.8,震度１,36.885,139.0483333
2021/7/26,6:12:54,日向灘,32°07.3′N,132°09.0′E,43 km,3.7,震度２,32.12166667,132.15
2021/7/26,11:16:16,青森県東方沖,41°28.7′N,142°08.2′E,52 km,5.2,震度４,41.47833333,142.1366667
2021/7/26,12:23:06,三重県南部,34°24.7′N,136°38.8′E,372 km,4.2,震度１,34.41166667,136.6466667
2021/7/26,13:21:52,日向灘,32°07.7′N,132°08.7′E,42 km,3,震度１,32.12833333,132.145
2021/7/26,13:41:16,岩手県沖,39°49.4′N,142°02.5′E,22 km,3,震度１,39.82333333,142.0416667
2021/7/26,21:20:56,石川県能登地方,37°30.1′N,137°12.6′E,13 km,2.7,震度１,37.50166667,137.21
2021/7/26,23:51:14,択捉島南東沖,44°07.8′N,148°08.8′E,109 km,4.7,震度１,44.13,148.1466667
2021/7/27,5:19:21,福島県沖,37°20.3′N,141°20.5′E,81 km,4.5,震度４,37.33833333,141.3416667
2021/7/27,9:05:44,長野県北部,36°47.6′N,137°51.7′E,1 km,1.8,震度１,36.79333333,137.8616667
2021/7/27,10:02:53,奄美大島近海,28°27.2′N,129°25.0′E,56 km,3.4,震度１,28.45333333,129.4166667
2021/7/27,13:39:13,茨城県沖,36°34.0′N,141°07.3′E,20 km,3.8,震度１,36.56666667,141.1216667
2021/7/27,14:37:50,伊勢湾,34°36.1′N,136°40.8′E,359 km,4.9,震度１,34.60166667,136.68
2021/7/27,17:31:06,岐阜県飛騨地方,36°05.4′N,137°19.0′E,10 km,3.2,震度１,36.09,137.3166667
2021/7/28,0:55:00,茨城県沖,35°58.3′N,140°58.9′E,10 km,4.6,震度３,35.97166667,140.9816667
2021/7/28,1:52:31,茨城県南部,36°19.3′N,140°02.1′E,72 km,3.5,震度１,36.32166667,140.035
2021/7/28,2:35:11,福島県沖,37°43.2′N,141°43.0′E,51 km,3.9,震度１,37.72,141.7166667
2021/7/28,4:16:36,長野県北部,36°37.8′N,138°24.6′E,1 km,2.4,震度１,36.63,138.41
2021/7/28,12:54:29,岐阜県飛騨地方,36°01.6′N,137°33.3′E,7 km,2.1,震度１,36.02666667,137.555
2021/7/28,15:47:54,宮城県沖,38°21.3′N,141°37.8′E,55 km,3.3,震度１,38.355,141.63
2021/7/29,1:21:56,長野県北部,36°37.9′N,138°24.6′E,0 km,2.8,震度２,36.63166667,138.41
2021/7/29,3:19:53,千葉県東方沖,35°20.0′N,141°00.2′E,33 km,4.3,震度１,35.33333333,141.0033333
2021/7/29,16:17:13,茨城県沖,36°43.7′N,141°36.0′E,34 km,4.1,震度１,36.72833333,141.6
2021/7/29,18:52:00,トカラ列島近海,29°35.6′N,129°40.9′E,5 km,2.9,震度２,29.59333333,129.6816667
2021/7/29,18:56:55,トカラ列島近海,29°32.1′N,129°43.7′E,9 km,1.9,震度１,29.535,129.7283333
2021/7/29,21:17:31,父島近海,26°21.9′N,142°35.5′E,28 km,,震度１,26.365,142.5916667
2021/7/29,21:22:04,父島近海,26°27.1′N,142°38.4′E,0 km,,震度１,26.45166667,142.64
2021/7/30,3:26:04,京都府南部,34°58.8′N,135°34.9′E,8 km,3.7,震度３,34.98,135.5816667
2021/7/30,3:48:15,岩手県沖,40°20.5′N,142°01.6′E,51 km,3.6,震度１,40.34166667,142.0266667
2021/7/30,13:05:12,岩手県沖,40°05.7′N,142°26.3′E,38 km,4.4,震度２,40.095,142.4383333
2021/7/30,17:17:49,宮城県沖,38°38.4′N,141°54.1′E,47 km,3.6,震度１,38.64,141.9016667
2021/7/30,19:11:16,岩手県沖,39°06.3′N,142°07.6′E,45 km,3.3,震度１,39.105,142.1266667
2021/7/31,11:46:41,滋賀県南部,35°10.8′N,135°54.2′E,12 km,2.9,震度１,35.18,135.9033333
2021/7/31,13:09:45,徳島県南部,33°47.8′N,134°37.9′E,45 km,4.5,震度３,33.79666667,134.6316667
2021/7/31,14:26:06,空知地方南部,43°17.8′N,141°46.2′E,176 km,5.1,震度２,43.29666667,141.77
2021/7/31,20:04:49,岩手県沖,40°20.8′N,142°02.2′E,52 km,3.4,震度１,40.34666667,142.0366667
2021/8/1,2:18:05,北海道東方沖,43°20.0′N,146°43.4′E,46 km,3.7,震度１,43.33333333,146.7233333
2021/8/1,9:44:53,長野県南部,35°51.5′N,137°43.1′E,8 km,2,震度１,35.85833333,137.7183333
2021/8/1,12:18:39,宮古島近海,24°39.6′N,125°12.9′E,33 km,3.6,震度１,24.66,125.215
2021/8/1,16:53:19,沖縄本島近海,26°47.6′N,128°25.1′E,31 km,4.1,震度２,26.79333333,128.4183333
2021/8/1,22:50:43,福島県浜通り,37°05.2′N,140°44.6′E,102 km,3.9,震度２,37.08666667,140.7433333
2021/8/2,0:56:17,宮城県南部,38°12.1′N,140°44.4′E,13 km,2.3,震度１,38.20166667,140.74
2021/8/2,9:37:26,広島県北部,35°03.7′N,133°02.7′E,6 km,4.4,震度４,35.06166667,133.045
2021/8/2,12:28:55,択捉島南東沖,43°50.5′N,148°25.8′E,0 km,5.5,震度１,43.84166667,148.43
2021/8/2,16:43:03,根室半島南東沖,43°12.3′N,145°50.9′E,48 km,4,震度２,43.205,145.8483333
2021/8/2,17:24:18,千葉県北東部,35°42.8′N,140°52.4′E,9 km,3.4,震度２,35.71333333,140.8733333
2021/8/2,18:25:52,秋田県沿岸南部,39°31.3′N,140°15.8′E,8 km,1.4,震度１,39.52166667,140.2633333
2021/8/3,0:35:31,茨城県沖,36°12.3′N,141°52.0′E,5 km,4.7,震度１,36.205,141.8666667
2021/8/3,13:39:00,後志地方東部,42°48.9′N,140°59.0′E,145 km,4.5,震度２,42.815,140.9833333
2021/8/3,16:28:25,茨城県沖,36°12.7′N,141°49.5′E,17 km,4.7,震度１,36.21166667,141.825
2021/8/3,18:24:11,石川県能登地方,37°30.3′N,137°13.2′E,13 km,2.9,震度１,37.505,137.22
2021/8/3,19:29:19,茨城県沖,36°12.0′N,141°48.3′E,17 km,5.1,震度２,36.2,141.805
2021/8/3,20:16:47,茨城県沖,36°11.3′N,141°47.2′E,19 km,4.5,震度１,36.18833333,141.7866667
2021/8/3,21:37:57,福島県沖,36°59.7′N,141°30.2′E,70 km,4.1,震度２,36.995,141.5033333
2021/8/3,22:20:20,福島県沖,37°20.5′N,142°04.0′E,40 km,4.6,震度２,37.34166667,142.0666667
2021/8/4,5:33:37,茨城県沖,36°12.3′N,141°48.3′E,18 km,6,震度３,36.205,141.805
2021/8/4,5:39:03,茨城県沖,36°14.4′N,141°47.5′E,5 km,4.7,震度１,36.24,141.7916667
2021/8/4,5:43:13,茨城県沖,36°11.6′N,141°54.5′E,6 km,5.4,震度２,36.19333333,141.9083333
2021/8/4,7:10:57,茨城県沖,36°11.5′N,141°54.5′E,6 km,4.9,震度１,36.19166667,141.9083333
2021/8/4,11:56:27,茨城県沖,36°15.5′N,141°50.4′E,18 km,5.1,震度２,36.25833333,141.84
2021/8/4,13:40:27,茨城県沖,36°09.8′N,141°44.8′E,21 km,5.7,震度２,36.16333333,141.7466667
2021/8/4,15:08:23,茨城県沖,36°12.7′N,141°52.6′E,4 km,4.8,震度１,36.21166667,141.8766667
2021/8/4,15:14:57,茨城県沖,36°12.7′N,141°50.1′E,17 km,4.7,震度１,36.21166667,141.835
2021/8/4,16:53:08,与那国島近海,24°20.4′N,122°58.7′E,48 km,3.9,震度１,24.34,122.9783333
2021/8/4,18:26:41,茨城県沖,36°12.3′N,141°52.4′E,17 km,4.8,震度１,36.205,141.8733333
2021/8/4,19:28:31,茨城県沖,36°12.5′N,141°42.0′E,24 km,4.5,震度１,36.20833333,141.7
2021/8/4,22:13:11,石川県能登地方,37°27.5′N,137°10.9′E,13 km,3.6,震度２,37.45833333,137.1816667
2021/8/5,5:17:23,宮城県沖,38°51.7′N,142°02.3′E,46 km,3.4,震度１,38.86166667,142.0383333
2021/8/5,6:38:25,鹿児島県薩摩地方,31°11.1′N,130°36.3′E,1 km,2,震度１,31.185,130.605
2021/8/5,6:50:46,台湾付近,24°44.0′N,122°20.8′E,55 km,6.3,震度３,24.73333333,122.3466667
2021/8/5,11:14:09,与那国島近海,24°21.5′N,122°58.8′E,49 km,4.4,震度２,24.35833333,122.98
2021/8/6,17:11:05,台湾付近,24°43.5′N,122°14.4′E,50 km,5.6,震度２,24.725,122.24
2021/8/6,18:44:42,福島県会津,37°02.7′N,139°22.0′E,7 km,1.5,震度１,37.045,139.3666667
2021/8/7,11:56:06,岩手県沖,40°05.7′N,142°26.8′E,38 km,3.9,震度１,40.095,142.4466667
2021/8/7,16:31:53,宮城県沖,38°55.5′N,141°55.9′E,51 km,3.6,震度１,38.925,141.9316667
2021/8/7,21:41:24,山梨県東部・富士五湖,35°40.8′N,138°56.5′E,15 km,2.2,震度１,35.68,138.9416667
2021/8/8,1:06:46,長野県北部,36°43.1′N,138°08.3′E,2 km,1.9,震度１,36.71833333,138.1383333
2021/8/8,3:03:54,鹿児島県薩摩地方,31°14.9′N,130°36.9′E,7 km,2,震度１,31.24833333,130.615
2021/8/8,8:49:02,鹿児島県薩摩地方,31°14.7′N,130°36.9′E,8 km,3.5,震度３,31.245,130.615
2021/8/8,8:51:53,鹿児島県薩摩地方,31°14.8′N,130°36.8′E,7 km,2.5,震度２,31.24666667,130.6133333
2021/8/8,8:54:11,鹿児島県薩摩地方,31°14.8′N,130°36.8′E,8 km,2.9,震度２,31.24666667,130.6133333
2021/8/8,18:18:44,福島県沖,37°36.1′N,141°30.6′E,49 km,3.7,震度１,37.60166667,141.51
2021/8/8,18:37:34,根室半島南東沖,43°10.0′N,146°16.0′E,72 km,4.2,震度１,43.16666667,146.2666667
2021/8/9,4:38:21,苫小牧沖,41°56.9′N,141°43.8′E,74 km,3.5,震度１,41.94833333,141.73
2021/8/9,12:52:08,新潟県中越地方,37°18.3′N,138°53.0′E,10 km,3.1,震度２,37.305,138.8833333
2021/8/9,13:35:53,新潟県中越地方,37°17.8′N,138°52.1′E,10 km,2.7,震度１,37.29666667,138.8683333
2021/8/9,23:41:54,福島県沖,37°50.5′N,141°03.7′E,84 km,3.8,震度１,37.84166667,141.0616667
2021/8/10,1:15:09,茨城県沖,36°26.1′N,141°14.9′E,37 km,3.9,震度１,36.435,141.2483333
2021/8/10,14:43:06,トカラ列島近海,29°57.5′N,129°58.0′E,12 km,2.7,震度１,29.95833333,129.9666667
2021/8/10,16:19:39,トカラ列島近海,29°57.7′N,129°58.6′E,10 km,2.6,震度１,29.96166667,129.9766667
2021/8/10,18:39:39,青森県三八上北地方,40°23.6′N,141°14.8′E,10 km,3.3,震度２,40.39333333,141.2466667
2021/8/10,21:08:41,択捉島南東沖,44°07.5′N,148°18.4′E,0 km,5.3,震度１,44.125,148.3066667
2021/8/10,21:36:42,トカラ列島近海,29°57.4′N,129°58.5′E,11 km,2.4,震度１,29.95666667,129.975
2021/8/11,3:36:07,茨城県沖,36°44.5′N,140°46.9′E,16 km,2.9,震度２,36.74166667,140.7816667
2021/8/11,17:20:34,長野県中部,36°13.4′N,137°40.2′E,4 km,3.3,震度２,36.22333333,137.67
2021/8/11,17:43:01,石川県能登地方,37°28.1′N,137°11.3′E,12 km,3,震度１,37.46833333,137.1883333
2021/8/11,21:26:09,熊本県熊本地方,33°02.1′N,130°31.0′E,8 km,2.3,震度１,33.035,130.5166667
2021/8/12,0:46:44,千葉県北東部,35°42.9′N,140°44.0′E,21 km,2.8,震度１,35.715,140.7333333
2021/8/12,15:02:55,長野県北部,36°49.2′N,138°33.9′E,0 km,3,震度１,36.82,138.565
2021/8/12,20:36:11,千葉県南東沖,34°58.0′N,140°20.1′E,73 km,4.2,震度２,34.96666667,140.335
2021/8/13,7:53:44,与那国島近海,24°20.3′N,122°59.5′E,48 km,4.1,震度１,24.33833333,122.9916667
2021/8/13,9:48:50,茨城県沖,36°35.0′N,140°55.2′E,49 km,3.8,震度２,36.58333333,140.92
2021/8/13,14:36:30,福島県沖,36°56.2′N,141°24.2′E,11 km,4.6,震度２,36.93666667,141.4033333
2021/8/13,16:50:58,能登半島沖,37°31.0′N,137°13.3′E,13 km,3.2,震度１,37.51666667,137.2216667
2021/8/13,18:41:34,茨城県南部,36°03.2′N,139°52.7′E,45 km,3,震度１,36.05333333,139.8783333
2021/8/13,19:30:16,石川県能登地方,37°27.9′N,137°11.4′E,12 km,3.5,震度２,37.465,137.19
2021/8/13,20:46:57,石川県能登地方,37°27.9′N,137°11.4′E,12 km,3.1,震度１,37.465,137.19
2021/8/14,11:20:50,和歌山県北部,34°02.8′N,135°10.0′E,6 km,2.4,震度１,34.04666667,135.1666667
2021/8/14,17:33:00,福島県沖,36°56.2′N,141°23.8′E,11 km,4,震度１,36.93666667,141.3966667
2021/8/14,22:38:07,石川県能登地方,37°30.5′N,137°13.3′E,14 km,4.2,震度３,37.50833333,137.2216667
2021/8/15,8:26:43,熊本県熊本地方,32°45.4′N,130°49.8′E,14 km,2.8,震度１,32.75666667,130.83
2021/8/15,23:40:05,宗谷地方北部,45°05.9′N,141°45.2′E,10 km,2.2,震度１,45.09833333,141.7533333
2021/8/16,0:50:45,福島県会津,37°15.3′N,139°30.9′E,6 km,2,震度２,37.255,139.515
2021/8/16,3:02:15,岐阜県飛騨地方,36°19.3′N,137°37.2′E,2 km,3,震度１,36.32166667,137.62
2021/8/16,4:23:32,熊本県熊本地方,32°45.2′N,130°38.0′E,14 km,2.6,震度１,32.75333333,130.6333333
2021/8/16,5:03:14,滋賀県北部,35°27.0′N,136°20.0′E,13 km,4.6,震度４,35.45,136.3333333
2021/8/16,5:56:15,滋賀県北部,35°27.3′N,136°19.8′E,13 km,2.7,震度１,35.455,136.33
2021/8/16,6:11:28,愛媛県南予,33°33.9′N,132°54.8′E,39 km,3.4,震度１,33.565,132.9133333
2021/8/16,7:10:47,鹿児島湾,31°28.1′N,130°34.2′E,6 km,2.4,震度１,31.46833333,130.57
2021/8/16,8:17:46,滋賀県北部,35°27.3′N,136°19.8′E,13 km,4.4,震度３,35.455,136.33
2021/8/16,16:07:25,奄美大島近海,28°29.3′N,129°23.5′E,9 km,3.2,震度１,28.48833333,129.3916667
2021/8/16,19:24:49,有明海,32°44.4′N,130°35.9′E,11 km,3.1,震度２,32.74,130.5983333
2021/8/17,5:50:14,茨城県南部,36°12.4′N,140°09.3′E,71 km,3.3,震度１,36.20666667,140.155
2021/8/17,7:47:28,宮城県沖,38°47.9′N,142°34.7′E,28 km,3.8,震度１,38.79833333,142.5783333
2021/8/17,8:56:16,宮城県沖,38°55.1′N,141°56.2′E,51 km,3.9,震度２,38.91833333,141.9366667
2021/8/17,22:02:19,福島県沖,37°39.4′N,141°36.4′E,55 km,3.7,震度１,37.65666667,141.6066667
2021/8/18,1:31:02,広島県北部,35°03.5′N,133°02.5′E,6 km,4.3,震度４,35.05833333,133.0416667
2021/8/18,1:38:43,山梨県東部・富士五湖,35°33.0′N,138°55.2′E,24 km,2.8,震度１,35.55,138.92
2021/8/18,12:03:23,石川県能登地方,37°27.7′N,137°11.3′E,13 km,3.2,震度２,37.46166667,137.1883333
2021/8/19,7:15:52,広島県北部,35°03.4′N,133°02.6′E,6 km,3.5,震度３,35.05666667,133.0433333
2021/8/19,17:38:52,紀伊水道,33°59.0′N,135°05.5′E,10 km,2.5,震度１,33.98333333,135.0916667
2021/8/19,20:05:47,宮古島近海,24°54.1′N,125°22.0′E,20 km,3,震度１,24.90166667,125.3666667
2021/8/20,5:00:13,香川県西部,34°14.7′N,133°49.4′E,17 km,3.4,震度２,34.245,133.8233333
2021/8/20,8:30:13,青森県東方沖,41°29.9′N,142°02.9′E,56 km,4,震度２,41.49833333,142.0483333
2021/8/20,13:48:04,石川県能登地方,37°30.6′N,137°13.2′E,13 km,2.9,震度１,37.51,137.22
2021/8/21,3:58:13,網走沖,44°35.1′N,144°52.7′E,17 km,4.4,震度１,44.585,144.8783333
2021/8/21,5:54:17,千葉県北西部,35°38.8′N,140°03.6′E,70 km,3.5,震度２,35.64666667,140.06
2021/8/21,9:43:04,群馬県南部,36°33.2′N,139°20.9′E,8 km,2.7,震度１,36.55333333,139.3483333
2021/8/21,14:34:52,網走沖,44°37.0′N,144°53.8′E,16 km,4.2,震度１,44.61666667,144.8966667
2021/8/21,14:58:40,豊後水道,33°08.1′N,132°18.7′E,11 km,3.3,震度１,33.135,132.3116667
2021/8/21,16:40:12,石川県能登地方,37°30.9′N,137°14.3′E,13 km,3.7,震度３,37.515,137.2383333
2021/8/21,16:48:24,石川県能登地方,37°30.8′N,137°14.0′E,13 km,3.1,震度１,37.51333333,137.2333333
2021/8/21,16:57:02,石川県能登地方,37°30.1′N,137°12.6′E,13 km,3.2,震度１,37.50166667,137.21
2021/8/22,1:01:24,浦河沖,42°02.1′N,142°34.8′E,64 km,3.6,震度１,42.035,142.58
2021/8/22,6:14:38,佐渡付近,37°55.0′N,138°10.0′E,16 km,3.7,震度２,37.91666667,138.1666667
2021/8/22,11:24:35,福島県沖,37°36.4′N,141°38.2′E,60 km,5.1,震度４,37.60666667,141.6366667
2021/8/22,20:02:40,熊本県熊本地方,32°48.4′N,130°54.9′E,13 km,3,震度１,32.80666667,130.915
2021/8/23,4:16:58,岩手県内陸北部,40°08.4′N,141°24.9′E,95 km,4,震度２,40.14,141.415
2021/8/23,10:43:19,岩手県沖,39°00.7′N,142°10.0′E,57 km,3.9,震度１,39.01166667,142.1666667
2021/8/23,17:31:31,小笠原諸島西方沖,27°56.7′N,140°02.9′E,496 km,4.5,震度１,27.945,140.0483333
2021/8/23,17:32:48,大分県中部,33°17.0′N,131°28.7′E,3 km,1.7,震度１,33.28333333,131.4783333
2021/8/23,21:11:40,兵庫県北部,35°38.5′N,134°34.4′E,7 km,3.5,震度２,35.64166667,134.5733333
2021/8/24,0:08:13,茨城県南部,35°55.4′N,140°13.8′E,39 km,2.9,震度１,35.92333333,140.23
2021/8/24,5:20:13,茨城県南部,36°08.8′N,139°51.6′E,50 km,3.5,震度２,36.14666667,139.86
2021/8/24,10:13:20,広島県北部,35°03.3′N,133°02.5′E,5 km,2.6,震度１,35.055,133.0416667
2021/8/24,12:50:42,択捉島南東沖,44°15.2′N,147°37.4′E,125 km,4.8,震度１,44.25333333,147.6233333
2021/8/24,15:45:32,紀伊水道,34°09.5′N,135°10.1′E,7 km,2.5,震度１,34.15833333,135.1683333
2021/8/24,19:17:28,静岡県中部,35°07.6′N,138°03.8′E,34 km,3.4,震度１,35.12666667,138.0633333
2021/8/25,4:38:07,奄美大島近海,27°27.3′N,129°19.3′E,31 km,4.9,震度２,27.455,129.3216667
2021/8/25,10:23:01,和歌山県北部,34°00.7′N,135°14.7′E,7 km,2.3,震度１,34.01166667,135.245
2021/8/25,14:12:07,岩手県沿岸北部,39°45.5′N,141°49.9′E,58 km,3.4,震度１,39.75833333,141.8316667
2021/8/25,16:14:03,茨城県南部,36°10.1′N,140°01.5′E,54 km,3.9,震度２,36.16833333,140.025
2021/8/25,23:43:17,沖縄本島近海,27°19.4′N,128°51.6′E,30 km,3.3,震度１,27.32333333,128.86
2021/8/26,5:38:30,広島県北部,35°03.4′N,133°02.5′E,6 km,2.6,震度１,35.05666667,133.0416667
2021/8/26,12:04:23,石垣島近海,24°58.3′N,123°24.6′E,120 km,4.8,震度１,24.97166667,123.41
2021/8/27,5:46:07,茨城県沖,36°24.8′N,141°05.5′E,41 km,4.5,震度３,36.41333333,141.0916667
2021/8/27,5:49:06,茨城県沖,36°25.1′N,141°05.7′E,40 km,5.1,震度３,36.41833333,141.095
2021/8/27,9:49:03,茨城県沖,36°26.2′N,141°05.2′E,40 km,3.7,震度１,36.43666667,141.0866667
2021/8/27,13:04:12,福島県中通り,37°22.0′N,140°16.9′E,105 km,3.9,震度２,37.36666667,140.2816667
2021/8/27,13:16:25,栃木県南部,36°44.9′N,140°03.0′E,92 km,3,震度１,36.74833333,140.05
2021/8/27,18:02:16,石川県能登地方,37°28.0′N,137°11.2′E,12 km,3.2,震度１,37.46666667,137.1866667
2021/8/28,3:36:20,栃木県南部,36°37.8′N,139°30.1′E,4 km,2.5,震度１,36.63,139.5016667
2021/8/28,11:36:03,奄美大島近海,27°35.0′N,128°50.7′E,17 km,2.9,震度１,27.58333333,128.845
2021/8/28,13:06:05,根室半島南東沖,43°10.4′N,146°04.0′E,45 km,3.4,震度１,43.17333333,146.0666667
2021/8/28,13:21:00,日高地方西部,42°45.7′N,142°31.4′E,56 km,3.7,震度１,42.76166667,142.5233333
2021/8/28,23:13:10,和歌山県北部,34°12.9′N,135°18.7′E,6 km,2.9,震度１,34.215,135.3116667
2021/8/29,4:13:32,新潟県中越地方,37°35.0′N,138°57.4′E,21 km,2.5,震度１,37.58333333,138.9566667
2021/8/29,5:15:09,栃木県南部,36°40.3′N,140°03.4′E,115 km,3.4,震度１,36.67166667,140.0566667
2021/8/29,21:51:33,奄美大島近海,27°32.7′N,128°54.6′E,13 km,2.7,震度１,27.545,128.91
2021/8/30,11:15:20,熊本県阿蘇地方,33°03.4′N,131°09.4′E,8 km,3.6,震度２,33.05666667,131.1566667
2021/8/30,20:28:41,茨城県南部,35°53.1′N,140°16.0′E,43 km,2.7,震度１,35.885,140.2666667
2021/8/30,20:39:06,群馬県北部,36°43.6′N,139°10.5′E,8 km,3.6,震度３,36.72666667,139.175
2021/8/30,20:42:41,群馬県北部,36°43.6′N,139°10.5′E,8 km,2.2,震度１,36.72666667,139.175
2021/8/31,15:29:08,能登半島沖,37°28.3′N,137°01.6′E,11 km,3.6,震度１,37.47166667,137.0266667
2021/8/31,16:23:42,石川県能登地方,37°30.3′N,137°17.9′E,12 km,2.4,震度１,37.505,137.2983333
2021/8/31,18:17:51,熊本県阿蘇地方,33°03.5′N,131°09.2′E,8 km,3.5,震度２,33.05833333,131.1533333
2021/8/31,19:19:42,熊本県阿蘇地方,33°03.4′N,131°09.3′E,8 km,2.6,震度１,33.05666667,131.155
2021/9/1,2:55:13,和歌山県北部,33°48.3′N,135°21.6′E,46 km,3.8,震度２,33.805,135.36
2021/9/1,5:39:55,和歌山県北部,34°12.9′N,135°18.6′E,6 km,3.7,震度２,34.215,135.31
2021/9/1,10:29:18,和歌山県北部,34°12.8′N,135°18.8′E,6 km,2.7,震度１,34.21333333,135.3133333
2021/9/1,15:08:23,胆振地方中東部,42°47.4′N,142°12.1′E,0 km,2.4,震度２,42.79,142.2016667
2021/9/1,17:16:42,福島県沖,37°41.6′N,141°39.7′E,53 km,4.2,震度２,37.69333333,141.6616667
2021/9/1,20:12:06,宮城県北部,38°55.4′N,141°39.3′E,76 km,3.4,震度１,38.92333333,141.655
2021/9/1,23:41:27,福島県会津,37°39.9′N,139°56.3′E,7 km,2,震度１,37.665,139.9383333
2021/9/2,4:17:07,福島県沖,37°42.1′N,141°37.0′E,59 km,4.6,震度３,37.70166667,141.6166667
2021/9/2,5:11:05,茨城県南部,36°11.9′N,139°47.6′E,56 km,3,震度１,36.19833333,139.7933333
2021/9/2,8:46:07,青森県東方沖,41°28.6′N,142°08.9′E,51 km,3.7,震度１,41.47666667,142.1483333
2021/9/2,9:29:00,釧路沖,42°50.6′N,144°34.0′E,47 km,3.5,震度１,42.84333333,144.5666667
2021/9/2,19:08:13,滋賀県北部,35°26.8′N,136°20.1′E,14 km,3,震度１,35.44666667,136.335
2021/9/2,22:42:16,新潟県下越地方,38°00.9′N,139°19.6′E,9 km,2.1,震度１,38.015,139.3266667
2021/9/2,22:51:09,三宅島近海,33°51.9′N,139°21.1′E,16 km,3.9,震度１,33.865,139.3516667
2021/9/2,23:55:26,茨城県南部,36°20.9′N,139°58.0′E,76 km,3.1,震度１,36.34833333,139.9666667
2021/9/3,3:03:44,熊本県天草・芦北地方,32°30.0′N,130°32.1′E,12 km,3.3,震度２,32.5,130.535
2021/9/3,19:14:23,オホーツク海南部,48°58.8′N,147°38.4′E,628 km,5.9,震度１,48.98,147.64
2021/9/4,3:58:59,石川県能登地方,37°29.9′N,137°13.5′E,13 km,2.6,震度１,37.49833333,137.225
2021/9/4,8:41:53,胆振地方中東部,42°45.3′N,142°13.3′E,7 km,1.7,震度１,42.755,142.2216667
2021/9/5,14:15:24,三宅島近海,34°05.5′N,139°23.0′E,14 km,3.2,震度１,34.09166667,139.3833333
2021/9/5,14:48:58,青森県東方沖,41°10.9′N,142°43.0′E,37 km,4.4,震度１,41.18166667,142.7166667
2021/9/5,17:06:33,滋賀県北部,35°25.8′N,136°18.3′E,12 km,2.6,震度１,35.43,136.305
2021/9/6,9:41:32,福島県会津,37°04.0′N,139°20.6′E,8 km,2.1,震度１,37.06666667,139.3433333
2021/9/6,10:35:36,福島県会津,37°04.1′N,139°20.9′E,7 km,2.4,震度２,37.06833333,139.3483333
2021/9/6,16:00:02,東京湾,35°34.9′N,139°56.6′E,23 km,3,震度１,35.58166667,139.9433333
2021/9/6,17:22:54,長野県中部,36°09.3′N,138°01.1′E,8 km,2.7,震度１,36.155,138.0183333
2021/9/6,23:00:26,台湾付近,23°58.1′N,122°11.7′E,75 km,5.2,震度１,23.96833333,122.195
2021/9/6,23:50:03,釧路沖,42°41.7′N,145°05.0′E,58 km,4.4,震度２,42.695,145.0833333
2021/9/6,23:59:47,和歌山県北部,34°04.1′N,135°08.2′E,6 km,3,震度３,34.06833333,135.1366667
2021/9/7,5:59:21,大隅半島東方沖,31°11.2′N,131°28.0′E,29 km,4.4,震度２,31.18666667,131.4666667
2021/9/7,10:03:26,岩手県沖,40°20.7′N,142°02.2′E,52 km,3.3,震度１,40.345,142.0366667
2021/9/7,14:07:07,石川県能登地方,37°30.7′N,137°13.6′E,13 km,4.2,震度３,37.51166667,137.2266667
2021/9/7,22:25:13,千葉県東方沖,35°28.4′N,141°02.4′E,27 km,3.7,震度１,35.47333333,141.04
2021/9/8,3:41:23,岩手県沿岸南部,39°08.6′N,141°43.9′E,63 km,4,震度２,39.14333333,141.7316667
2021/9/8,11:23:43,岩手県沿岸北部,39°34.3′N,141°50.4′E,94 km,3.6,震度１,39.57166667,141.84
2021/9/9,3:28:39,福島県沖,36°59.2′N,141°04.9′E,27 km,3.6,震度１,36.98666667,141.0816667
2021/9/9,7:36:00,千葉県東方沖,35°49.8′N,140°55.7′E,26 km,3.3,震度１,35.83,140.9283333
2021/9/9,11:18:06,和歌山県南部,33°32.6′N,135°52.0′E,31 km,3.2,震度１,33.54333333,135.8666667
2021/9/10,1:26:19,鹿児島湾,31°28.1′N,130°34.2′E,5 km,2.9,震度１,31.46833333,130.57
2021/9/10,5:49:27,十勝地方中部,42°47.6′N,143°22.6′E,94 km,3.6,震度１,42.79333333,143.3766667
2021/9/10,22:42:45,青森県東方沖,40°52.0′N,142°43.7′E,36 km,3.8,震度１,40.86666667,142.7283333
2021/9/11,11:52:27,徳島県北部,34°02.0′N,134°09.0′E,44 km,3.6,震度２,34.03333333,134.15
2021/9/11,17:15:51,宮城県沖,38°19.9′N,141°35.7′E,56 km,3.6,震度１,38.33166667,141.595
2021/9/11,17:45:52,福島県会津,37°02.6′N,139°20.6′E,6 km,2,震度１,37.04333333,139.3433333
2021/9/11,19:56:30,京都府南部,35°06.4′N,135°31.1′E,7 km,3.2,震度２,35.10666667,135.5183333
2021/9/12,11:17:04,豊後水道,33°07.3′N,132°04.0′E,45 km,4.2,震度３,33.12166667,132.0666667
2021/9/12,18:08:13,胆振地方中東部,42°49.0′N,141°58.2′E,10 km,3.5,震度２,42.81666667,141.97
2021/9/12,18:37:52,愛知県西部,35°07.3′N,137°00.6′E,12 km,2.6,震度１,35.12166667,137.01
2021/9/12,22:33:49,千葉県北西部,35°40.8′N,140°07.5′E,69 km,3.4,震度１,35.68,140.125
2021/9/13,0:16:29,熊本県熊本地方,32°47.2′N,130°38.3′E,12 km,3.7,震度３,32.78666667,130.6383333
2021/9/13,1:36:10,宮城県沖,37°50.2′N,141°50.0′E,45 km,4,震度１,37.83666667,141.8333333
2021/9/13,6:31:08,千葉県南東沖,34°50.8′N,139°49.6′E,52 km,4.2,震度２,34.84666667,139.8266667
2021/9/13,10:19:39,和歌山県北部,34°15.5′N,135°25.7′E,6 km,2.6,震度１,34.25833333,135.4283333
2021/9/13,11:02:53,和歌山県北部,34°15.5′N,135°25.7′E,6 km,2.2,震度１,34.25833333,135.4283333
2021/9/13,13:59:49,岩手県沖,39°20.0′N,142°04.6′E,48 km,4,震度２,39.33333333,142.0766667
2021/9/13,14:03:19,岩手県沖,39°19.8′N,142°05.1′E,48 km,3.2,震度１,39.33,142.085
2021/9/13,14:29:29,和歌山県北部,34°04.1′N,135°08.2′E,6 km,3.3,震度２,34.06833333,135.1366667
2021/9/13,15:37:22,千葉県北西部,35°41.6′N,140°07.8′E,69 km,3.4,震度１,35.69333333,140.13
2021/9/13,16:18:50,和歌山県北部,34°01.2′N,135°15.5′E,5 km,2.2,震度１,34.02,135.2583333
2021/9/14,7:46:06,東海道南方沖,32°27.6′N,137°59.7′E,385 km,6,震度３,32.46,137.995
2021/9/14,18:54:25,渡島地方東部,41°52.9′N,140°51.7′E,12 km,2.5,震度１,41.88166667,140.8616667
2021/9/15,2:05:55,長野県北部,36°47.8′N,137°53.2′E,2 km,2.1,震度１,36.79666667,137.8866667
2021/9/15,10:23:56,網走地方,43°49.0′N,144°35.5′E,8 km,2.8,震度１,43.81666667,144.5916667
2021/9/15,11:09:43,千葉県東方沖,35°06.2′N,140°39.9′E,91 km,3.7,震度１,35.10333333,140.665
2021/9/15,16:40:34,能登半島沖,37°31.1′N,137°14.2′E,13 km,2.6,震度１,37.51833333,137.2366667
2021/9/15,23:31:38,茨城県北部,36°19.2′N,140°13.6′E,98 km,3.2,震度１,36.32,140.2266667
2021/9/16,7:12:05,石川県能登地方,37°29.9′N,137°13.9′E,14 km,2.8,震度１,37.49833333,137.2316667
2021/9/16,13:08:33,宮城県沖,38°32.2′N,141°43.8′E,52 km,3.6,震度１,38.53666667,141.73
2021/9/16,16:30:44,熊本県熊本地方,32°41.9′N,130°40.5′E,13 km,2.9,震度２,32.69833333,130.675
2021/9/16,18:42:30,石川県能登地方,37°30.3′N,137°18.0′E,13 km,5.1,震度５弱,37.505,137.3
2021/9/16,18:47:54,石川県能登地方,37°30.5′N,137°17.6′E,12 km,3.2,震度２,37.50833333,137.2933333
2021/9/16,19:01:03,石川県能登地方,37°30.6′N,137°17.5′E,12 km,3.5,震度２,37.51,137.2916667
2021/9/17,4:40:43,石川県能登地方,37°30.4′N,137°17.3′E,12 km,3,震度１,37.50666667,137.2883333
2021/9/17,5:15:11,静岡県中部,34°59.0′N,138°10.1′E,25 km,3.3,震度１,34.98333333,138.1683333
2021/9/17,6:42:10,青森県東方沖,40°44.4′N,141°35.6′E,73 km,3.3,震度１,40.74,141.5933333
2021/9/17,11:56:58,釧路地方中南部,43°31.1′N,144°40.2′E,147 km,3.4,震度１,43.51833333,144.67
2021/9/17,12:16:11,福島県沖,37°47.0′N,141°30.8′E,49 km,4.4,震度３,37.78333333,141.5133333
2021/9/17,20:02:04,石垣島近海,24°11.1′N,124°03.2′E,27 km,3.4,震度１,24.185,124.0533333
2021/9/17,21:59:39,福島県中通り,37°03.6′N,140°37.6′E,5 km,3.2,震度１,37.06,140.6266667
2021/9/18,5:21:08,宮城県沖,38°11.9′N,141°37.4′E,54 km,4,震度３,38.19833333,141.6233333
2021/9/18,20:12:00,京都府南部,35°00.4′N,135°34.2′E,12 km,2.8,震度１,35.00666667,135.57
2021/9/19,8:07:49,茨城県北部,36°28.1′N,140°36.5′E,55 km,4.1,震度３,36.46833333,140.6083333
2021/9/19,17:18:30,岐阜県飛騨地方,36°20.7′N,137°37.4′E,0 km,5.3,震度４,36.345,137.6233333
2021/9/19,17:19:25,岐阜県飛騨地方,36°20.4′N,137°37.1′E,1 km,4.9,震度３,36.34,137.6183333
2021/9/19,17:26:38,岐阜県飛騨地方,36°20.6′N,137°37.2′E,3 km,3.5,震度２,36.34333333,137.62
2021/9/19,17:35:47,岐阜県飛騨地方,36°20.6′N,137°38.0′E,2 km,2.7,震度１,36.34333333,137.6333333
2021/9/19,17:59:10,岐阜県飛騨地方,36°20.6′N,137°37.5′E,2 km,3.2,震度２,36.34333333,137.625
2021/9/19,18:00:06,岐阜県飛騨地方,36°20.5′N,137°37.5′E,1 km,2.6,震度１,36.34166667,137.625
2021/9/19,18:58:01,岐阜県飛騨地方,36°18.1′N,137°37.6′E,3 km,2.9,震度１,36.30166667,137.6266667
2021/9/19,18:59:10,岐阜県飛騨地方,36°18.2′N,137°37.5′E,3 km,4.4,震度２,36.30333333,137.625
2021/9/19,19:00:46,岐阜県飛騨地方,36°18.6′N,137°37.4′E,3 km,3,震度１,36.31,137.6233333
2021/9/19,19:01:40,岐阜県飛騨地方,36°18.2′N,137°37.9′E,3 km,2.8,震度１,36.30333333,137.6316667
2021/9/19,19:03:19,岐阜県飛騨地方,36°17.2′N,137°37.9′E,2 km,2.7,震度１,36.28666667,137.6316667
2021/9/19,19:04:18,岐阜県飛騨地方,36°17.2′N,137°37.9′E,4 km,4.7,震度３,36.28666667,137.6316667
2021/9/19,19:08:08,岐阜県飛騨地方,36°18.1′N,137°37.7′E,2 km,3.4,震度２,36.30166667,137.6283333
2021/9/19,19:18:28,岐阜県飛騨地方,36°17.4′N,137°37.8′E,3 km,2.4,震度１,36.29,137.63
2021/9/19,19:30:34,岐阜県飛騨地方,36°20.7′N,137°37.6′E,1 km,3.4,震度２,36.345,137.6266667
2021/9/19,20:07:45,岐阜県飛騨地方,36°18.2′N,137°37.9′E,3 km,2.7,震度１,36.30333333,137.6316667
2021/9/19,23:14:30,熊本県天草・芦北地方,32°37.4′N,130°37.7′E,15 km,3.5,震度２,32.62333333,130.6283333
2021/9/20,1:11:54,福島県沖,37°39.7′N,141°41.0′E,53 km,3.9,震度１,37.66166667,141.6833333
2021/9/20,6:35:40,大分県南部,32°57.8′N,131°57.7′E,52 km,3.1,震度１,32.96333333,131.9616667
2021/9/20,12:00:40,岐阜県飛騨地方,36°17.3′N,137°37.6′E,4 km,3.2,震度２,36.28833333,137.6266667
2021/9/20,13:09:05,長野県北部,36°48.2′N,138°06.4′E,7 km,3.1,震度２,36.80333333,138.1066667
2021/9/20,14:52:07,岐阜県飛騨地方,36°20.9′N,137°37.8′E,1 km,3,震度１,36.34833333,137.63
2021/9/20,17:17:37,薩摩半島西方沖,31°34.3′N,129°40.3′E,9 km,3.5,震度２,31.57166667,129.6716667
2021/9/20,22:03:17,岐阜県飛騨地方,36°19.6′N,137°37.6′E,3 km,3.4,震度１,36.32666667,137.6266667
2021/9/20,23:58:54,岐阜県飛騨地方,36°19.5′N,137°37.4′E,3 km,3.2,震度１,36.325,137.6233333
2021/9/21,5:05:18,岐阜県飛騨地方,36°19.4′N,137°37.6′E,3 km,2.9,震度１,36.32333333,137.6266667
2021/9/21,5:09:00,岐阜県飛騨地方,36°19.5′N,137°37.6′E,3 km,2.6,震度１,36.325,137.6266667
2021/9/21,5:25:28,千島列島,45°40.2′N,152°33.6′E,30 km,6.6,震度１,45.67,152.56
2021/9/21,9:01:58,茨城県沖,36°00.6′N,140°46.3′E,21 km,3.2,震度１,36.01,140.7716667
2021/9/21,11:43:39,岐阜県飛騨地方,36°21.1′N,137°37.2′E,2 km,2.7,震度１,36.35166667,137.62
2021/9/21,13:38:11,宮古島近海,25°02.7′N,124°47.8′E,68 km,4,震度１,25.045,124.7966667
2021/9/22,4:33:54,根室半島南東沖,43°28.3′N,146°14.6′E,67 km,4.1,震度２,43.47166667,146.2433333
2021/9/23,21:51:28,天草灘,32°18.1′N,129°46.4′E,12 km,3.1,震度１,32.30166667,129.7733333
2021/9/23,23:43:38,長野県中部,36°13.3′N,137°40.7′E,5 km,2.7,震度１,36.22166667,137.6783333
2021/9/24,5:14:10,秋田県沖,39°47.0′N,139°53.0′E,20 km,3.2,震度１,39.78333333,139.8833333
2021/9/24,6:41:15,空知地方北部,43°58.9′N,142°05.7′E,4 km,2.5,震度１,43.98166667,142.095
2021/9/24,10:32:05,青森県東方沖,40°42.5′N,142°20.3′E,53 km,3.7,震度１,40.70833333,142.3383333
2021/9/24,13:44:15,宮城県沖,38°10.9′N,141°42.0′E,52 km,3.6,震度１,38.18166667,141.7
2021/9/24,14:19:36,鳥取県西部,35°16.9′N,133°20.5′E,7 km,2.9,震度２,35.28166667,133.3416667
2021/9/24,18:48:11,新潟県上中越沖,37°21.9′N,138°24.1′E,16 km,4.1,震度３,37.365,138.4016667
2021/9/24,23:55:30,埼玉県北部,36°07.5′N,139°40.8′E,87 km,3.2,震度１,36.125,139.68
2021/9/25,7:25:47,岐阜県美濃中西部,36°00.7′N,136°53.4′E,4 km,2.1,震度１,36.01166667,136.89
2021/9/25,23:09:53,岩手県沖,39°06.5′N,142°23.4′E,32 km,3.5,震度１,39.10833333,142.39
2021/9/26,6:46:37,種子島近海,30°38.2′N,131°21.7′E,32 km,3.6,震度１,30.63666667,131.3616667
2021/9/26,17:02:05,トカラ列島近海,29°20.5′N,129°34.3′E,6 km,2.1,震度１,29.34166667,129.5716667
2021/9/27,1:36:13,浦河沖,42°02.6′N,142°36.9′E,63 km,3.6,震度１,42.04333333,142.615
2021/9/27,2:31:10,紀伊水道,34°07.8′N,135°02.3′E,12 km,3.3,震度１,34.13,135.0383333
2021/9/27,16:14:19,岐阜県飛騨地方,36°16.3′N,137°37.9′E,3 km,2.8,震度１,36.27166667,137.6316667
2021/9/27,16:23:54,岐阜県飛騨地方,36°16.2′N,137°37.7′E,4 km,2.7,震度１,36.27,137.6283333
2021/9/27,16:49:15,岐阜県飛騨地方,36°16.2′N,137°37.7′E,5 km,3.1,震度１,36.27,137.6283333
2021/9/27,16:52:19,兵庫県南東部,35°11.5′N,135°06.0′E,14 km,2.6,震度１,35.19166667,135.1
2021/9/27,17:57:54,岐阜県飛騨地方,36°16.3′N,137°37.6′E,4 km,2.5,震度１,36.27166667,137.6266667
2021/9/27,18:05:41,岐阜県飛騨地方,36°16.1′N,137°37.8′E,4 km,2.9,震度１,36.26833333,137.63
2021/9/27,19:54:28,岐阜県飛騨地方,36°16.2′N,137°37.9′E,4 km,4.3,震度２,36.27,137.6316667
2021/9/27,19:58:49,宮城県沖,38°37.4′N,141°53.8′E,48 km,4,震度２,38.62333333,141.8966667
2021/9/27,20:02:57,岐阜県飛騨地方,36°16.5′N,137°37.9′E,3 km,2.5,震度１,36.275,137.6316667
2021/9/27,20:25:16,岐阜県飛騨地方,36°16.2′N,137°37.9′E,4 km,3.7,震度２,36.27,137.6316667
2021/9/27,20:26:38,茨城県沖,36°38.8′N,141°06.3′E,50 km,4.8,震度３,36.64666667,141.105
2021/9/28,0:30:39,宮城県沖,38°10.0′N,141°41.6′E,52 km,3.8,震度１,38.16666667,141.6933333
2021/9/28,2:01:04,岐阜県飛騨地方,36°16.5′N,137°37.9′E,4 km,2.8,震度１,36.275,137.6316667
2021/9/28,8:37:43,宮城県沖,38°16.1′N,141°51.8′E,46 km,3.4,震度１,38.26833333,141.8633333
2021/9/28,10:02:27,青森県津軽南部,40°44.2′N,140°22.4′E,12 km,2.6,震度１,40.73666667,140.3733333
2021/9/29,2:33:46,茨城県沖,36°29.1′N,140°56.5′E,32 km,3.1,震度１,36.485,140.9416667
2021/9/29,10:52:30,青森県三八上北地方,40°30.9′N,141°31.8′E,80 km,2.9,震度１,40.515,141.53
2021/9/29,12:26:43,茨城県沖,36°26.0′N,140°38.9′E,54 km,4.2,震度３,36.43333333,140.6483333
2021/9/29,17:37:05,日本海中部,38°47.8′N,135°39.0′E,394 km,6.1,震度３,38.79666667,135.65
2021/9/29,19:53:39,奄美大島近海,27°54.0′N,128°56.9′E,45 km,3.9,震度２,27.9,128.9483333
2021/9/29,23:39:47,静岡県東部,35°19.2′N,138°49.9′E,6 km,3.5,震度３,35.32,138.8316667
2021/9/30,1:26:22,千葉県北東部,35°51.7′N,140°32.5′E,37 km,3.6,震度２,35.86166667,140.5416667
2021/9/30,4:14:29,胆振地方中東部,42°49.1′N,141°58.1′E,8 km,2.4,震度１,42.81833333,141.9683333
2021/9/30,11:19:00,福島県浜通り,37°04.2′N,140°45.6′E,99 km,3.5,震度１,37.07,140.76
2021/9/30,12:52:23,青森県東方沖,40°53.5′N,142°18.7′E,51 km,4.1,震度２,40.89166667,142.3116667
2021/9/30,14:16:26,奄美大島近海,27°52.8′N,128°58.8′E,45 km,3.5,震度２,27.88,128.98
2021/9/30,17:45:30,宮城県沖,38°25.8′N,141°57.6′E,61 km,4.5,震度３,38.43,141.96
2021/10/1,2:32:11,石川県能登地方,37°31.2′N,137°18.2′E,13 km,2.3,震度１,37.52,137.3033333
2021/10/1,22:33:26,沖縄本島近海,26°48.2′N,128°35.4′E,37 km,3.9,震度１,26.80333333,128.59
2021/10/2,13:01:35,宮城県沖,38°28.4′N,142°06.9′E,27 km,4,震度２,38.47333333,142.115
2021/10/3,1:07:02,福島県浜通り,37°26.5′N,140°58.6′E,10 km,2.2,震度１,37.44166667,140.9766667
2021/10/3,5:27:10,和歌山県北部,33°57.4′N,135°10.1′E,7 km,2.6,震度１,33.95666667,135.1683333
2021/10/3,9:00:27,石川県能登地方,37°27.5′N,137°11.4′E,13 km,2.9,震度１,37.45833333,137.19
2021/10/3,11:10:59,石川県能登地方,37°30.6′N,137°13.8′E,13 km,4.3,震度３,37.51,137.23
2021/10/3,11:21:50,石川県能登地方,37°30.8′N,137°14.1′E,14 km,3,震度１,37.51333333,137.235
2021/10/3,12:38:08,石川県能登地方,37°30.9′N,137°14.2′E,13 km,3.2,震度１,37.515,137.2366667
2021/10/3,14:43:35,能登半島沖,37°31.1′N,137°14.4′E,13 km,3.8,震度３,37.51833333,137.24
2021/10/3,21:31:55,石川県能登地方,37°30.9′N,137°14.5′E,13 km,3.3,震度２,37.515,137.2416667
2021/10/4,5:20:53,岐阜県飛騨地方,35°42.9′N,137°07.1′E,7 km,2.7,震度１,35.715,137.1183333
2021/10/4,15:07:52,台湾付近,24°42.3′N,122°13.9′E,38 km,5,震度１,24.705,122.2316667
2021/10/5,3:21:22,和歌山県北部,34°01.4′N,135°14.1′E,5 km,3,震度３,34.02333333,135.235
2021/10/5,5:51:21,広島県北部,35°03.2′N,133°02.5′E,5 km,2.3,震度１,35.05333333,133.0416667
2021/10/5,6:06:33,宮城県沖,38°10.8′N,141°50.3′E,52 km,4,震度２,38.18,141.8383333
2021/10/5,21:10:00,石川県能登地方,37°30.9′N,137°14.4′E,13 km,3.5,震度２,37.515,137.24
2021/10/6,2:05:13,埼玉県南部,35°59.2′N,139°32.5′E,118 km,3.7,震度２,35.98666667,139.5416667
2021/10/6,2:14:49,秋田県内陸南部,39°28.0′N,140°26.2′E,9 km,2.5,震度１,39.46666667,140.4366667
2021/10/6,2:30:27,宮古島北西沖,25°43.4′N,124°59.4′E,24 km,5.5,震度２,25.72333333,124.99
2021/10/6,2:46:02,岩手県沖,40°00.4′N,142°15.2′E,56 km,5.9,震度５強,40.00666667,142.2533333
2021/10/6,3:03:43,宮古島北西沖,25°42.1′N,124°58.7′E,29 km,5.4,震度２,25.70166667,124.9783333
2021/10/6,7:33:40,岩手県沖,40°00.2′N,142°14.4′E,53 km,4.1,震度２,40.00333333,142.24
2021/10/6,17:12:55,大隅半島東方沖,31°14.7′N,131°28.8′E,43 km,5.4,震度４,31.245,131.48
2021/10/6,18:33:00,沖縄本島近海,26°16.8′N,127°47.8′E,16 km,2.6,震度１,26.28,127.7966667
2021/10/6,19:31:32,紀伊水道,34°02.5′N,135°07.3′E,6 km,2.6,震度１,34.04166667,135.1216667
2021/10/6,21:13:58,新潟県中越地方,37°04.0′N,138°37.8′E,9 km,2.2,震度１,37.06666667,138.63
2021/10/7,9:02:58,宮城県沖,38°10.8′N,141°43.6′E,51 km,3.6,震度１,38.18,141.7266667
2021/10/7,13:18:43,与那国島近海,24°27.7′N,122°33.5′E,79 km,4,震度１,24.46166667,122.5583333
2021/10/7,14:05:01,奄美大島北東沖,29°32.7′N,130°03.2′E,14 km,3.1,震度１,29.545,130.0533333
2021/10/7,17:00:27,茨城県南部,36°04.5′N,139°55.3′E,46 km,3.7,震度２,36.075,139.9216667
2021/10/7,22:41:23,千葉県北西部,35°35.4′N,140°06.2′E,75 km,5.9,震度５強,35.59,140.1033333
2021/10/7,23:24:44,青森県東方沖,41°18.7′N,142°14.5′E,56 km,3.9,震度１,41.31166667,142.2416667
2021/10/7,23:44:18,千葉県北西部,35°35.6′N,140°07.5′E,70 km,3.1,震度１,35.59333333,140.125
2021/10/8,5:11:50,東京湾,35°33.7′N,140°05.7′E,71 km,3.5,震度２,35.56166667,140.095
2021/10/8,21:48:12,広島県北部,35°03.3′N,133°02.7′E,6 km,2.6,震度１,35.055,133.045
2021/10/9,11:16:19,東京湾,35°33.6′N,140°05.1′E,71 km,3.4,震度２,35.56,140.085
2021/10/9,11:47:33,苫小牧沖,42°22.8′N,141°56.3′E,97 km,4.5,震度２,42.38,141.9383333
2021/10/9,13:41:38,長野県北部,36°43.6′N,138°31.7′E,2 km,1.9,震度１,36.72666667,138.5283333
2021/10/9,14:31:59,岩手県沖,39°59.2′N,142°14.7′E,54 km,4.7,震度３,39.98666667,142.245
2021/10/9,15:37:20,能登半島沖,37°31.9′N,137°11.0′E,7 km,2.3,震度１,37.53166667,137.1833333
2021/10/9,16:19:24,オホーツク海南部,49°13.2′N,150°54.6′E,496 km,5.8,震度１,49.22,150.91
2021/10/9,17:59:03,静岡県東部,35°19.0′N,138°49.8′E,7 km,3,震度２,35.31666667,138.83
2021/10/9,19:11:48,沖縄本島近海,27°20.6′N,128°51.4′E,33 km,3.9,震度２,27.34333333,128.8566667
2021/10/10,9:57:42,千葉県北西部,35°35.4′N,140°06.1′E,69 km,3,震度１,35.59,140.1016667
2021/10/10,10:21:14,石川県能登地方,37°29.8′N,137°13.4′E,13 km,2.4,震度１,37.49666667,137.2233333
2021/10/10,12:45:41,沖縄本島近海,26°17.3′N,127°21.3′E,44 km,3.2,震度１,26.28833333,127.355
2021/10/10,14:08:51,岩手県沖,40°01.2′N,142°14.3′E,52 km,3.8,震度２,40.02,142.2383333
2021/10/10,23:16:16,十勝地方南部,42°21.3′N,143°06.6′E,51 km,4.7,震度３,42.355,143.11
2021/10/11,14:47:54,静岡県中部,34°59.6′N,138°24.3′E,25 km,2.7,震度１,34.99333333,138.405
2021/10/11,15:25:38,千葉県東方沖,35°18.5′N,140°35.1′E,23 km,3.1,震度１,35.30833333,140.585
2021/10/11,20:36:58,千葉県東方沖,35°18.4′N,140°33.9′E,24 km,3.2,震度１,35.30666667,140.565
2021/10/12,4:28:49,沖縄本島近海,26°26.6′N,127°14.0′E,11 km,3.3,震度１,26.44333333,127.2333333
2021/10/12,20:30:38,岩手県沖,39°37.9′N,142°27.0′E,46 km,4.1,震度１,39.63166667,142.45
2021/10/13,4:53:41,伊予灘,33°35.9′N,132°17.4′E,50 km,3.3,震度１,33.59833333,132.29
2021/10/13,7:08:10,青森県東方沖,40°59.1′N,142°00.5′E,58 km,3.4,震度１,40.985,142.0083333
2021/10/14,2:00:49,四国沖,32°26.6′N,133°13.1′E,20 km,4,震度２,32.44333333,133.2183333
2021/10/14,4:30:35,福島県沖,37°41.1′N,141°32.8′E,52 km,3.6,震度１,37.685,141.5466667
2021/10/14,8:44:00,父島近海,27°50.1′N,141°09.8′E,119 km,4.7,震度１,27.835,141.1633333
2021/10/14,9:18:36,長野県南部,35°50.7′N,137°34.6′E,6 km,2.3,震度１,35.845,137.5766667
2021/10/15,5:16:18,紀伊水道,33°44.2′N,134°40.5′E,37 km,3.5,震度１,33.73666667,134.675
2021/10/15,6:42:23,神奈川県西部,35°28.5′N,139°02.5′E,20 km,3.6,震度２,35.475,139.0416667
2021/10/15,7:57:41,和歌山県北部,34°01.4′N,135°14.2′E,5 km,3.3,震度４,34.02333333,135.2366667
2021/10/15,12:22:13,福島県会津,36°57.9′N,139°27.3′E,6 km,2.1,震度１,36.965,139.455
2021/10/15,16:53:29,三重県中部,34°46.3′N,136°05.9′E,56 km,3.6,震度２,34.77166667,136.0983333
2021/10/16,2:50:14,沖縄本島近海,27°19.5′N,128°17.3′E,57 km,3.3,震度１,27.325,128.2883333
2021/10/16,3:34:15,沖縄本島近海,26°15.0′N,128°22.1′E,19 km,3.9,震度１,26.25,128.3683333
2021/10/16,8:39:12,熊本県熊本地方,32°30.3′N,130°34.2′E,8 km,3.1,震度２,32.505,130.57
2021/10/16,10:42:01,鳥取県西部,35°19.6′N,133°18.1′E,11 km,2.4,震度１,35.32666667,133.3016667
2021/10/16,11:02:16,択捉島南東沖,45°12.7′N,149°18.8′E,151 km,4.9,震度１,45.21166667,149.3133333
2021/10/16,21:48:33,京都府南部,35°04.2′N,135°37.1′E,12 km,3.9,震度３,35.07,135.6183333
2021/10/17,6:39:26,青森県東方沖,40°44.5′N,142°07.6′E,55 km,3,震度１,40.74166667,142.1266667
2021/10/17,11:32:08,奄美大島北東沖,29°29.4′N,130°42.2′E,52 km,4.8,震度２,29.49,130.7033333
2021/10/18,0:49:30,青森県東方沖,40°56.5′N,142°13.0′E,61 km,4.6,震度３,40.94166667,142.2166667
2021/10/18,10:52:29,京都府南部,35°13.8′N,135°21.2′E,9 km,2.7,震度１,35.23,135.3533333
2021/10/18,11:01:20,宮城県沖,38°10.3′N,141°41.5′E,52 km,4.1,震度２,38.17166667,141.6916667
2021/10/18,14:38:55,淡路島付近,34°33.3′N,134°58.4′E,9 km,3.2,震度１,34.555,134.9733333
2021/10/18,15:21:35,紀伊水道,33°43.9′N,135°04.5′E,40 km,3.5,震度１,33.73166667,135.075
2021/10/19,12:33:20,大阪府北部,34°52.8′N,135°38.9′E,6 km,2.2,震度１,34.88,135.6483333
2021/10/19,15:03:07,石川県能登地方,37°30.7′N,137°13.0′E,13 km,4,震度３,37.51166667,137.2166667
2021/10/19,17:01:01,福島県会津,36°59.9′N,139°19.2′E,7 km,1.8,震度１,36.99833333,139.32
2021/10/19,21:36:40,青森県東方沖,41°32.5′N,142°54.3′E,38 km,5.4,震度３,41.54166667,142.905
2021/10/20,0:18:19,青森県東方沖,41°33.3′N,142°54.1′E,34 km,4.2,震度１,41.555,142.9016667
2021/10/20,5:38:01,長野県中部,36°27.5′N,137°57.9′E,11 km,2,震度１,36.45833333,137.965
2021/10/20,7:10:48,青森県東方沖,41°33.1′N,142°54.7′E,34 km,4.2,震度２,41.55166667,142.9116667
2021/10/20,9:29:57,長野県中部,36°27.3′N,137°58.0′E,11 km,2.1,震度１,36.455,137.9666667
2021/10/20,11:48:22,若狭湾,35°37.9′N,135°43.0′E,10 km,3.4,震度１,35.63166667,135.7166667
2021/10/21,11:29:24,山口県東部,34°18.0′N,131°59.7′E,13 km,3.2,震度１,34.3,131.995
2021/10/21,16:44:19,宮城県沖,38°53.3′N,141°58.2′E,49 km,3.8,震度２,38.88833333,141.97
2021/10/21,17:36:46,東海道南方沖,32°10.8′N,138°27.0′E,356 km,5.6,震度３,32.18,138.45
2021/10/21,22:55:07,茨城県北部,36°45.2′N,140°35.0′E,9 km,2.9,震度１,36.75333333,140.5833333
2021/10/21,23:18:32,トカラ列島近海,29°17.0′N,129°11.5′E,14 km,2.8,震度１,29.28333333,129.1916667
2021/10/22,11:39:34,茨城県北部,36°49.1′N,140°35.2′E,7 km,3.3,震度１,36.81833333,140.5866667
2021/10/22,21:51:33,石川県加賀地方,36°39.9′N,136°43.9′E,15 km,3.5,震度２,36.665,136.7316667
2021/10/23,8:23:54,種子島近海,30°30.7′N,130°55.4′E,9 km,2.8,震度２,30.51166667,130.9233333
2021/10/23,15:50:19,山梨県東部・富士五湖,35°30.4′N,138°55.7′E,22 km,3.8,震度２,35.50666667,138.9283333
2021/10/23,19:50:38,石川県加賀地方,36°39.9′N,136°44.1′E,15 km,2.9,震度１,36.665,136.735
2021/10/24,4:55:12,青森県東方沖,41°33.1′N,142°54.9′E,36 km,4,震度１,41.55166667,142.915
2021/10/24,14:11:33,台湾付近,24°28.6′N,121°43.6′E,73 km,6.3,震度２,24.47666667,121.7266667
2021/10/25,6:15:03,伊予灘,33°42.9′N,132°05.8′E,60 km,2.9,震度１,33.715,132.0966667
2021/10/25,11:05:59,佐渡付近,38°06.1′N,138°27.8′E,20 km,3.4,震度１,38.10166667,138.4633333
2021/10/25,21:53:50,茨城県沖,36°31.3′N,140°58.5′E,45 km,3.5,震度１,36.52166667,140.975
2021/10/26,4:47:33,山梨県東部・富士五湖,35°30.3′N,138°55.6′E,22 km,3.1,震度１,35.505,138.9266667
2021/10/26,20:03:10,根室半島南東沖,43°06.5′N,145°49.4′E,44 km,3.8,震度２,43.10833333,145.8233333
2021/10/26,22:49:59,和歌山県北部,34°01.3′N,135°14.1′E,5 km,1.7,震度１,34.02166667,135.235
2021/10/26,23:48:16,能登半島沖,37°31.2′N,137°14.3′E,13 km,3,震度１,37.52,137.2383333
2021/10/27,1:27:55,福島県沖,37°14.6′N,142°10.3′E,23 km,5,震度３,37.24333333,142.1716667
2021/10/27,3:27:09,福島県沖,37°10.8′N,141°24.1′E,46 km,4,震度２,37.18,141.4016667
2021/10/27,12:17:40,愛媛県南予,33°24.1′N,132°24.4′E,41 km,2.9,震度１,33.40166667,132.4066667
2021/10/27,18:39:57,留萌地方南部,44°06.8′N,141°55.3′E,11 km,2.2,震度１,44.11333333,141.9216667
2021/10/28,5:53:34,沖縄本島近海,27°24.6′N,128°34.4′E,49 km,3.1,震度１,27.41,128.5733333
2021/10/28,5:53:54,岩手県沿岸北部,39°45.5′N,141°50.1′E,59 km,3.8,震度２,39.75833333,141.835
2021/10/28,9:55:29,茨城県南部,36°03.8′N,139°54.5′E,45 km,4.5,震度４,36.06333333,139.9083333
2021/10/28,15:50:10,和歌山県北部,34°01.2′N,135°13.2′E,6 km,1.9,震度１,34.02,135.22
2021/10/28,21:28:05,長野県南部,35°48.7′N,137°56.9′E,10 km,3.1,震度２,35.81166667,137.9483333
2021/10/28,23:47:53,福島県沖,37°45.3′N,141°42.6′E,54 km,4,震度１,37.755,141.71
2021/10/29,8:59:22,千葉県北西部,35°39.4′N,140°03.7′E,60 km,4.2,震度２,35.65666667,140.0616667
2021/10/29,16:18:26,石川県能登地方,37°30.8′N,137°13.0′E,13 km,2.9,震度１,37.51333333,137.2166667
2021/10/31,6:52:00,千葉県北西部,35°34.9′N,140°08.5′E,68 km,3.3,震度１,35.58166667,140.1416667
2021/10/31,18:15:11,新潟県下越地方,37°58.0′N,139°37.8′E,9 km,2.8,震度１,37.96666667,139.63
2021/10/31,23:02:47,千葉県北西部,35°34.8′N,140°08.3′E,71 km,3.2,震度１,35.58,140.1383333
2021/11/1,0:41:20,石川県能登地方,37°30.0′N,137°12.7′E,13 km,3.6,震度２,37.5,137.2116667
2021/11/1,5:35:41,和歌山県南方沖,33°16.5′N,135°40.1′E,20 km,5,震度２,33.275,135.6683333
2021/11/1,6:14:46,茨城県北部,36°27.6′N,140°36.7′E,57 km,5.3,震度４,36.46,140.6116667
2021/11/1,8:27:25,青森県東方沖,40°39.0′N,141°37.8′E,97 km,3.8,震度２,40.65,141.63
2021/11/2,2:25:37,宮城県沖,38°58.0′N,141°39.7′E,73 km,3.1,震度１,38.96666667,141.6616667
2021/11/2,6:17:03,能登半島沖,37°31.0′N,137°14.0′E,14 km,3.6,震度２,37.51666667,137.2333333
2021/11/2,7:39:28,五島列島近海,32°35.1′N,129°33.4′E,6 km,3.2,震度１,32.585,129.5566667
2021/11/2,8:08:51,能登半島沖,37°31.2′N,137°13.9′E,13 km,3.3,震度２,37.52,137.2316667
2021/11/2,16:01:55,群馬県北部,36°43.7′N,138°46.8′E,4 km,3.1,震度１,36.72833333,138.78
2021/11/2,19:06:40,能登半島沖,37°31.1′N,137°13.9′E,13 km,3.9,震度３,37.51833333,137.2316667
2021/11/3,1:19:56,長野県南部,35°49.1′N,138°09.6′E,16 km,3.7,震度３,35.81833333,138.16
2021/11/3,11:10:54,茨城県沖,36°16.0′N,140°59.4′E,34 km,3.6,震度２,36.26666667,140.99
2021/11/3,11:35:56,福島県沖,37°03.8′N,141°11.8′E,49 km,4.8,震度３,37.06333333,141.1966667
2021/11/3,16:18:02,青森県西方沖,40°44.8′N,139°14.6′E,18 km,3.9,震度１,40.74666667,139.2433333
2021/11/4,0:58:13,根室半島南東沖,42°55.7′N,145°36.2′E,38 km,3.8,震度２,42.92833333,145.6033333
2021/11/4,3:34:36,鳥取県中部,35°25.4′N,133°50.0′E,6 km,2.2,震度１,35.42333333,133.8333333
2021/11/4,22:44:48,石川県能登地方,37°30.9′N,137°13.4′E,13 km,3.5,震度２,37.515,137.2233333
2021/11/4,22:47:14,石川県能登地方,37°30.5′N,137°13.1′E,11 km,3.5,震度２,37.50833333,137.2183333
2021/11/5,0:21:49,石川県能登地方,37°30.8′N,137°13.6′E,13 km,4,震度３,37.51333333,137.2266667
2021/11/5,19:35:01,トカラ列島近海,29°21.9′N,129°26.6′E,16 km,3.2,震度２,29.365,129.4433333
2021/11/6,9:08:46,宮城県中部,38°14.6′N,140°45.3′E,95 km,3.9,震度１,38.24333333,140.755
2021/11/6,23:40:08,福島県沖,37°22.3′N,141°55.8′E,39 km,4.3,震度１,37.37166667,141.93
2021/11/7,0:07:37,岩手県沖,39°26.2′N,142°21.4′E,48 km,3.9,震度１,39.43666667,142.3566667
2021/11/7,3:04:13,新潟県中越地方,36°48.6′N,138°44.8′E,5 km,2.2,震度１,36.81,138.7466667
2021/11/7,4:40:59,茨城県南部,36°02.8′N,139°54.2′E,44 km,4,震度２,36.04666667,139.9033333
2021/11/7,21:44:29,岩手県沖,40°08.6′N,142°21.8′E,40 km,4.3,震度１,40.14333333,142.3633333
2021/11/8,3:08:31,茨城県南部,36°11.7′N,140°02.0′E,52 km,4.3,震度３,36.195,140.0333333
2021/11/8,4:22:19,青森県東方沖,41°03.0′N,142°02.4′E,57 km,4.3,震度３,41.05,142.04
2021/11/8,13:31:49,新潟県中越地方,36°48.3′N,138°42.8′E,4 km,2.1,震度１,36.805,138.7133333
2021/11/8,19:42:54,奄美大島近海,28°47.1′N,129°23.0′E,71 km,3.9,震度１,28.785,129.3833333
2021/11/9,0:34:45,岩手県沿岸北部,39°25.8′N,142°02.3′E,46 km,3.8,震度２,39.43,142.0383333
2021/11/9,1:14:57,福島県中通り,37°03.7′N,140°35.0′E,6 km,4.9,震度４,37.06166667,140.5833333
2021/11/9,1:19:30,福島県中通り,37°03.8′N,140°34.9′E,6 km,2.3,震度１,37.06333333,140.5816667
2021/11/9,12:51:21,長野県中部,36°13.6′N,137°40.3′E,4 km,2.7,震度１,36.22666667,137.6716667
2021/11/9,13:00:48,長野県中部,36°13.5′N,137°40.2′E,4 km,2.5,震度１,36.225,137.67
2021/11/9,16:55:46,福島県中通り,37°03.9′N,140°35.0′E,6 km,2.9,震度１,37.065,140.5833333
2021/11/10,14:57:28,茨城県沖,36°26.6′N,141°05.1′E,42 km,3.8,震度２,36.44333333,141.085
2021/11/10,22:08:55,岩手県沖,40°06.2′N,142°27.8′E,38 km,3.9,震度１,40.10333333,142.4633333
2021/11/11,0:45:15,宮古島近海,23°43.9′N,126°22.0′E,115 km,6.5,震度３,23.73166667,126.3666667
2021/11/11,6:17:21,和歌山県北部,34°01.5′N,135°13.9′E,3 km,2,震度１,34.025,135.2316667
2021/11/11,12:21:27,茨城県沖,36°23.9′N,141°07.5′E,40 km,4.3,震度２,36.39833333,141.125
2021/11/11,13:36:10,和歌山県北部,34°05.7′N,135°22.7′E,5 km,2.9,震度１,34.095,135.3783333
2021/11/11,13:44:02,石川県加賀地方,36°44.4′N,136°46.9′E,12 km,2.9,震度２,36.74,136.7816667
2021/11/12,7:21:37,広島県北部,35°00.7′N,132°56.2′E,7 km,2.1,震度１,35.01166667,132.9366667
2021/11/12,11:13:50,千葉県北西部,35°38.8′N,140°12.4′E,68 km,3.7,震度２,35.64666667,140.2066667
2021/11/12,20:41:54,空知地方南部,43°13.6′N,141°40.0′E,9 km,2.1,震度１,43.22666667,141.6666667
2021/11/12,22:11:40,長野県中部,36°11.4′N,137°39.7′E,2 km,2.4,震度１,36.19,137.6616667
2021/11/12,22:18:19,和歌山県北部,34°01.4′N,135°13.8′E,3 km,1.7,震度１,34.02333333,135.23
2021/11/13,8:49:06,播磨灘,34°22.1′N,134°39.8′E,14 km,4.1,震度３,34.36833333,134.6633333
2021/11/13,10:02:49,和歌山県北部,34°01.5′N,135°13.9′E,3 km,2.1,震度１,34.025,135.2316667
2021/11/13,11:59:38,伊豆大島近海,34°55.1′N,139°38.3′E,40 km,3.4,震度１,34.91833333,139.6383333
2021/11/13,12:09:17,新潟県中越地方,36°49.0′N,138°43.8′E,5 km,3.1,震度２,36.81666667,138.73
2021/11/13,13:45:06,薩摩半島西方沖,31°11.5′N,130°27.8′E,149 km,4.7,震度２,31.19166667,130.4633333
2021/11/13,17:49:54,山梨県中・西部,35°38.6′N,138°17.5′E,14 km,2.8,震度１,35.64333333,138.2916667
2021/11/13,20:17:02,房総半島南方沖,34°09.3′N,140°17.5′E,78 km,4.1,震度１,34.155,140.2916667
2021/11/13,23:33:00,千葉県北西部,35°35.3′N,140°07.4′E,71 km,3,震度１,35.58833333,140.1233333
2021/11/14,3:24:00,伊予灘,33°29.3′N,132°13.1′E,48 km,3.3,震度１,33.48833333,132.2183333
2021/11/14,22:08:47,苫小牧沖,41°38.2′N,141°31.0′E,85 km,3.9,震度２,41.63666667,141.5166667
2021/11/14,23:23:21,播磨灘,34°22.6′N,134°39.9′E,14 km,4,震度３,34.37666667,134.665
2021/11/15,4:34:57,鳥取県中部,35°24.9′N,133°49.5′E,10 km,2.8,震度１,35.415,133.825
2021/11/15,10:04:39,能登半島沖,37°31.4′N,137°14.4′E,13 km,3.6,震度２,37.52333333,137.24
2021/11/15,10:36:46,新潟県中越地方,36°49.3′N,138°44.4′E,4 km,2.8,震度１,36.82166667,138.74
2021/11/15,13:11:49,和歌山県北部,33°47.0′N,135°17.3′E,43 km,3,震度１,33.78333333,135.2883333
2021/11/15,17:35:39,長野県南部,35°41.1′N,137°31.0′E,6 km,2.7,震度１,35.685,137.5166667
2021/11/15,20:05:58,和歌山県北部,34°06.8′N,135°11.9′E,6 km,3.2,震度２,34.11333333,135.1983333
2021/11/15,21:07:58,京都府南部,35°04.3′N,135°37.2′E,12 km,3,震度１,35.07166667,135.62
2021/11/16,7:48:33,千葉県北東部,35°51.9′N,140°32.6′E,37 km,3.8,震度１,35.865,140.5433333
2021/11/17,2:50:30,和歌山県北部,34°04.4′N,135°21.1′E,6 km,2.6,震度１,34.07333333,135.3516667
2021/11/17,2:54:46,神奈川県西部,35°25.6′N,139°08.8′E,23 km,4.4,震度３,35.42666667,139.1466667
2021/11/17,7:46:34,福島県沖,37°39.2′N,141°35.4′E,53 km,4,震度２,37.65333333,141.59
2021/11/17,8:39:06,鹿児島県薩摩地方,32°12.8′N,130°19.1′E,7 km,2.3,震度１,32.21333333,130.3183333
2021/11/17,15:24:39,福島県沖,37°09.9′N,141°10.9′E,19 km,4.3,震度２,37.165,141.1816667
2021/11/18,13:11:22,青森県津軽北部,40°52.3′N,141°01.8′E,9 km,2.9,震度２,40.87166667,141.03
2021/11/18,16:09:40,新潟県中越地方,36°49.0′N,138°44.0′E,4 km,2.7,震度２,36.81666667,138.7333333
2021/11/18,16:14:22,新潟県中越地方,36°49.3′N,138°44.3′E,3 km,2.2,震度１,36.82166667,138.7383333
2021/11/18,16:15:22,青森県津軽北部,40°52.5′N,141°01.9′E,9 km,3,震度２,40.875,141.0316667
2021/11/19,2:44:29,播磨灘,34°22.2′N,134°40.0′E,13 km,3,震度１,34.37,134.6666667
2021/11/19,5:56:05,留萌地方南部,44°04.3′N,141°57.5′E,8 km,1.9,震度１,44.07166667,141.9583333
2021/11/19,12:49:55,和歌山県北部,34°02.2′N,135°15.7′E,4 km,2,震度１,34.03666667,135.2616667
2021/11/19,13:11:24,沖縄本島近海,26°25.4′N,128°36.9′E,28 km,3.7,震度１,26.42333333,128.615
2021/11/20,5:07:01,宮城県沖,38°13.7′N,142°05.1′E,33 km,4,震度１,38.22833333,142.085
2021/11/20,8:17:57,秋田県内陸南部,39°36.5′N,140°27.0′E,6 km,3.1,震度１,39.60833333,140.45
2021/11/20,8:57:23,東京都多摩東部,35°44.0′N,139°32.0′E,99 km,4.6,震度３,35.73333333,139.5333333
2021/11/20,22:05:56,有明海,32°45.3′N,130°30.3′E,8 km,3.3,震度１,32.755,130.505
2021/11/22,10:08:56,福井県嶺北,36°14.8′N,136°13.4′E,15 km,2.5,震度１,36.24666667,136.2233333
2021/11/22,10:19:25,石川県能登地方,37°31.3′N,137°18.8′E,13 km,2.4,震度１,37.52166667,137.3133333
2021/11/22,23:26:46,西表島付近,24°16.7′N,123°26.1′E,45 km,4.5,震度１,24.27833333,123.435
2021/11/23,1:24:05,薩摩半島西方沖,31°27.1′N,129°59.9′E,7 km,3.1,震度１,31.45166667,129.9983333
2021/11/23,4:10:01,日高地方東部,42°19.1′N,143°02.9′E,50 km,3.7,震度１,42.31833333,143.0483333
2021/11/23,5:38:06,能登半島沖,37°31.0′N,137°13.8′E,13 km,2.8,震度１,37.51666667,137.23
2021/11/23,8:52:01,千葉県南東沖,35°01.1′N,140°12.1′E,33 km,3.5,震度２,35.01833333,140.2016667
2021/11/23,18:48:42,宮城県沖,38°54.3′N,142°16.2′E,47 km,4.7,震度３,38.905,142.27
2021/11/23,20:30:44,四国沖,33°18.6′N,134°51.7′E,31 km,3.6,震度１,33.31,134.8616667
2021/11/23,23:52:38,鹿児島県薩摩地方,31°14.9′N,130°39.4′E,8 km,2.5,震度１,31.24833333,130.6566667
2021/11/24,4:25:21,長野県南部,35°51.5′N,137°42.9′E,9 km,3.1,震度２,35.85833333,137.715
2021/11/24,17:06:34,岩手県沖,39°19.9′N,142°05.6′E,48 km,4.7,震度３,39.33166667,142.0933333
2021/11/24,18:55:18,与那国島近海,23°56.2′N,122°26.3′E,22 km,5.2,震度２,23.93666667,122.4383333
2021/11/25,0:53:10,福島県中通り,37°03.6′N,140°35.0′E,5 km,2.7,震度１,37.06,140.5833333
2021/11/25,18:51:55,広島県北部,34°41.7′N,132°19.4′E,12 km,3.6,震度２,34.695,132.3233333
2021/11/25,22:00:28,宮城県北部,38°32.2′N,141°03.2′E,15 km,2.7,震度１,38.53666667,141.0533333
2021/11/26,6:06:34,新潟県上越地方,37°09.8′N,138°33.5′E,17 km,2.1,震度１,37.16333333,138.5583333
2021/11/26,17:37:12,釧路沖,42°30.2′N,144°55.2′E,30 km,4,震度１,42.50333333,144.92
2021/11/26,23:55:34,岩手県内陸南部,39°01.9′N,140°52.9′E,8 km,3,震度１,39.03166667,140.8816667
2021/11/27,6:01:17,鹿児島湾,31°37.6′N,130°46.6′E,4 km,3.2,震度２,31.62666667,130.7766667
2021/11/27,8:41:25,神奈川県西部,35°14.2′N,139°07.5′E,13 km,3.3,震度２,35.23666667,139.125
2021/11/28,7:04:06,福島県沖,37°43.7′N,141°42.5′E,53 km,3.6,震度１,37.72833333,141.7083333
2021/11/28,12:50:22,長野県北部,36°41.9′N,138°24.2′E,4 km,2.3,震度２,36.69833333,138.4033333
2021/11/28,13:54:37,山梨県東部・富士五湖,35°31.3′N,138°58.4′E,21 km,3.1,震度１,35.52166667,138.9733333
2021/11/28,23:32:08,千葉県北西部,35°39.5′N,140°04.2′E,70 km,3.4,震度１,35.65833333,140.07
2021/11/29,5:33:21,根室半島南東沖,43°11.5′N,146°29.0′E,55 km,4.3,震度１,43.19166667,146.4833333
2021/11/29,6:12:29,鹿児島県薩摩地方,31°56.3′N,130°48.4′E,0 km,3,震度２,31.93833333,130.8066667
2021/11/29,6:13:41,熊本県熊本地方,32°51.1′N,130°51.0′E,9 km,2.2,震度１,32.85166667,130.85
2021/11/29,7:11:08,鹿児島県薩摩地方,31°56.2′N,130°48.7′E,0 km,2.3,震度１,31.93666667,130.8116667
2021/11/29,7:12:35,鹿児島県薩摩地方,31°56.1′N,130°48.6′E,2 km,2.6,震度１,31.935,130.81
2021/11/29,7:13:54,鹿児島県薩摩地方,31°56.4′N,130°48.7′E,1 km,3.3,震度２,31.94,130.8116667
2021/11/29,7:27:31,鹿児島県薩摩地方,31°56.4′N,130°48.9′E,0 km,3.2,震度２,31.94,130.815
2021/11/29,7:30:41,鹿児島県薩摩地方,31°56.4′N,130°48.6′E,1 km,2.8,震度２,31.94,130.81
2021/11/29,7:33:00,鹿児島県薩摩地方,31°56.4′N,130°48.7′E,3 km,3.2,震度２,31.94,130.8116667
2021/11/29,8:29:23,鹿児島県薩摩地方,31°56.2′N,130°48.5′E,0 km,2.1,震度１,31.93666667,130.8083333
2021/11/29,8:54:10,鹿児島県薩摩地方,31°56.0′N,130°48.3′E,1 km,2.3,震度１,31.93333333,130.805
2021/11/29,9:46:34,鹿児島県薩摩地方,31°56.4′N,130°48.7′E,2 km,2.9,震度２,31.94,130.8116667
2021/11/29,15:44:43,内浦湾,41°55.9′N,140°58.1′E,8 km,1.9,震度１,41.93166667,140.9683333
2021/11/29,21:40:47,鳥島近海,31°17.5′N,142°22.6′E,90 km,6.4,震度２,31.29166667,142.3766667
2021/11/30,3:23:19,浦河沖,41°56.0′N,142°27.3′E,61 km,4,震度１,41.93333333,142.455
2021/11/30,3:51:34,岩手県沖,39°38.2′N,142°06.3′E,49 km,3.9,震度２,39.63666667,142.105
2021/11/30,7:06:26,秋田県内陸南部,39°30.3′N,140°27.7′E,9 km,2.7,震度２,39.505,140.4616667
2021/11/30,17:58:09,東京都２３区,35°42.8′N,139°54.9′E,62 km,3.5,震度１,35.71333333,139.915
2021/11/30,19:04:08,国後島付近,43°35.8′N,145°19.5′E,129 km,3.5,震度１,43.59666667,145.325
2021/12/1,2:43:07,埼玉県北部,36°07.9′N,139°20.0′E,69 km,2.9,震度１,36.13166667,139.3333333
2021/12/1,3:22:04,富山県東部,36°26.0′N,137°35.3′E,1 km,3.4,震度２,36.43333333,137.5883333
2021/12/1,5:50:07,福島県会津,37°46.1′N,140°03.8′E,7 km,4,震度３,37.76833333,140.0633333
2021/12/1,7:48:27,富山県東部,36°25.8′N,137°35.2′E,1 km,2.6,震度１,36.43,137.5866667
2021/12/1,12:08:32,島根県東部,35°12.5′N,132°46.7′E,10 km,2.6,震度１,35.20833333,132.7783333
2021/12/1,15:04:56,千葉県東方沖,35°13.7′N,141°17.3′E,15 km,4.9,震度１,35.22833333,141.2883333
2021/12/1,18:52:08,石川県能登地方,37°31.2′N,137°18.2′E,12 km,2.6,震度１,37.52,137.3033333
2021/12/1,23:31:35,秋田県内陸北部,40°14.6′N,140°53.4′E,10 km,4.2,震度３,40.24333333,140.89
2021/12/1,23:46:53,秋田県内陸北部,40°14.5′N,140°53.3′E,10 km,2.5,震度１,40.24166667,140.8883333
2021/12/2,1:58:39,茨城県南部,36°13.0′N,139°59.4′E,65 km,5.1,震度４,36.21666667,139.99
2021/12/2,8:58:01,茨城県南部,36°13.0′N,139°59.7′E,64 km,3.5,震度２,36.21666667,139.995
2021/12/2,17:24:47,福島県沖,37°40.1′N,141°42.6′E,53 km,4.7,震度３,37.66833333,141.71
2021/12/2,23:27:23,和歌山県北部,33°59.3′N,135°13.3′E,8 km,2.5,震度１,33.98833333,135.2216667
2021/12/3,2:17:59,山梨県東部・富士五湖,35°31.6′N,138°58.7′E,21 km,4.1,震度４,35.52666667,138.9783333
2021/12/3,2:23:24,山梨県東部・富士五湖,35°31.8′N,138°58.9′E,21 km,3.8,震度３,35.53,138.9816667
2021/12/3,3:41:36,能登半島沖,37°31.2′N,137°13.7′E,13 km,3.3,震度２,37.52,137.2283333
2021/12/3,6:37:48,山梨県東部・富士五湖,35°33.2′N,138°59.4′E,19 km,4.8,震度５弱,35.55333333,138.99
2021/12/3,9:28:29,紀伊水道,33°48.0′N,135°08.8′E,18 km,5.4,震度５弱,33.8,135.1466667
2021/12/3,12:37:12,神奈川県西部,35°14.1′N,139°07.4′E,13 km,2.7,震度１,35.235,139.1233333
2021/12/3,20:59:31,小笠原諸島西方沖,28°05.2′N,139°58.6′E,445 km,4.3,震度１,28.08666667,139.9766667
2021/12/4,0:57:00,栃木県北部,37°02.6′N,139°57.0′E,11 km,3.5,震度２,37.04333333,139.95
2021/12/4,7:29:19,長野県南部,35°50.4′N,137°34.7′E,5 km,2.8,震度３,35.84,137.5783333
2021/12/4,12:32:30,トカラ列島近海,29°17.8′N,129°19.9′E,25 km,3,震度１,29.29666667,129.3316667
2021/12/4,12:54:00,トカラ列島近海,29°20.2′N,129°15.0′E,20 km,2.8,震度１,29.33666667,129.25
2021/12/4,13:20:22,大阪府北部,34°54.3′N,135°34.4′E,12 km,3,震度１,34.905,135.5733333
2021/12/4,14:18:17,トカラ列島近海,29°17.0′N,129°25.8′E,22 km,2.9,震度１,29.28333333,129.43
2021/12/4,14:27:04,トカラ列島近海,29°18.5′N,129°23.2′E,24 km,3.4,震度２,29.30833333,129.3866667
2021/12/4,15:09:19,トカラ列島近海,29°16.5′N,129°18.3′E,23 km,2.6,震度１,29.275,129.305
2021/12/4,16:07:45,トカラ列島近海,29°16.3′N,129°23.2′E,18 km,2.9,震度２,29.27166667,129.3866667
2021/12/4,16:10:46,トカラ列島近海,29°18.3′N,129°18.9′E,27 km,3.1,震度２,29.305,129.315
2021/12/4,16:18:59,トカラ列島近海,29°16.0′N,129°24.6′E,20 km,2.9,震度１,29.26666667,129.41
2021/12/4,16:26:20,トカラ列島近海,29°16.9′N,129°19.7′E,23 km,2.6,震度１,29.28166667,129.3283333
2021/12/4,16:43:59,トカラ列島近海,29°17.2′N,129°19.8′E,20 km,3.3,震度２,29.28666667,129.33
2021/12/4,16:57:28,トカラ列島近海,29°16.7′N,129°24.9′E,20 km,2.3,震度１,29.27833333,129.415
2021/12/4,17:02:54,トカラ列島近海,29°16.2′N,129°16.7′E,21 km,2.5,震度１,29.27,129.2783333
2021/12/4,17:19:10,トカラ列島近海,29°16.8′N,129°20.5′E,22 km,2.8,震度１,29.28,129.3416667
2021/12/4,17:32:22,トカラ列島近海,29°16.4′N,129°19.9′E,23 km,2.3,震度１,29.27333333,129.3316667
2021/12/4,17:33:37,トカラ列島近海,29°18.5′N,129°14.4′E,26 km,3.2,震度２,29.30833333,129.24
2021/12/4,17:39:46,トカラ列島近海,29°17.2′N,129°25.4′E,21 km,3.3,震度２,29.28666667,129.4233333
2021/12/4,17:55:34,トカラ列島近海,29°15.5′N,129°21.5′E,21 km,2.8,震度１,29.25833333,129.3583333
2021/12/4,17:56:25,トカラ列島近海,29°15.6′N,129°20.1′E,20 km,2.7,震度１,29.26,129.335
2021/12/4,18:00:47,トカラ列島近海,29°17.0′N,129°19.5′E,17 km,3.3,震度２,29.28333333,129.325
2021/12/4,18:07:35,トカラ列島近海,29°18.7′N,129°22.0′E,22 km,3.2,震度２,29.31166667,129.3666667
2021/12/4,18:33:25,トカラ列島近海,29°17.2′N,129°19.8′E,19 km,2.7,震度１,29.28666667,129.33
2021/12/4,18:40:24,伊豆大島近海,34°45.0′N,139°19.8′E,6 km,2.2,震度１,34.75,139.33
2021/12/4,18:47:41,トカラ列島近海,29°17.1′N,129°19.5′E,21 km,3.6,震度２,29.285,129.325
2021/12/4,18:57:23,千葉県南部,35°09.6′N,139°56.4′E,86 km,3.3,震度１,35.16,139.94
2021/12/4,19:09:22,トカラ列島近海,29°17.7′N,129°25.6′E,22 km,3,震度１,29.295,129.4266667
2021/12/4,19:16:44,トカラ列島近海,29°18.4′N,129°20.9′E,23 km,3.3,震度１,29.30666667,129.3483333
2021/12/4,19:31:29,トカラ列島近海,29°17.2′N,129°19.3′E,22 km,3.3,震度２,29.28666667,129.3216667
2021/12/4,19:33:38,トカラ列島近海,29°16.2′N,129°20.0′E,20 km,2.5,震度１,29.27,129.3333333
2021/12/4,19:48:17,トカラ列島近海,29°17.7′N,129°25.0′E,24 km,3.9,震度３,29.295,129.4166667
2021/12/4,20:01:28,トカラ列島近海,29°16.7′N,129°22.0′E,21 km,3.5,震度２,29.27833333,129.3666667
2021/12/4,20:14:37,トカラ列島近海,29°16.0′N,129°22.9′E,17 km,2.7,震度１,29.26666667,129.3816667
2021/12/4,20:18:47,トカラ列島近海,29°16.8′N,129°25.9′E,19 km,2.8,震度１,29.28,129.4316667
2021/12/4,21:03:06,トカラ列島近海,29°16.7′N,129°19.4′E,21 km,2.5,震度１,29.27833333,129.3233333
2021/12/4,21:08:23,トカラ列島近海,29°17.1′N,129°19.7′E,21 km,3.2,震度２,29.285,129.3283333
2021/12/4,21:11:58,トカラ列島近海,29°15.5′N,129°22.6′E,15 km,2.3,震度１,29.25833333,129.3766667
2021/12/4,21:12:57,トカラ列島近海,29°13.7′N,129°24.4′E,9 km,2.4,震度１,29.22833333,129.4066667
2021/12/4,21:18:40,トカラ列島近海,29°17.5′N,129°13.2′E,16 km,3.2,震度２,29.29166667,129.22
2021/12/4,21:19:32,トカラ列島近海,29°17.3′N,129°19.0′E,16 km,3.4,震度２,29.28833333,129.3166667
2021/12/4,21:21:35,トカラ列島近海,29°16.9′N,129°18.5′E,21 km,3.5,震度２,29.28166667,129.3083333
2021/12/4,21:32:11,トカラ列島近海,29°15.6′N,129°20.0′E,19 km,2.3,震度１,29.26,129.3333333
2021/12/4,21:33:50,トカラ列島近海,29°16.2′N,129°21.1′E,19 km,2.7,震度１,29.27,129.3516667
2021/12/4,21:34:58,トカラ列島近海,29°16.5′N,129°14.9′E,26 km,2.7,震度２,29.275,129.2483333
2021/12/4,21:36:14,トカラ列島近海,29°15.5′N,129°22.3′E,16 km,3.1,震度１,29.25833333,129.3716667
2021/12/4,21:48:46,トカラ列島近海,29°14.6′N,129°23.9′E,12 km,2.6,震度１,29.24333333,129.3983333
2021/12/4,21:50:52,トカラ列島近海,29°16.0′N,129°19.4′E,20 km,3.3,震度２,29.26666667,129.3233333
2021/12/4,21:51:43,トカラ列島近海,29°13.4′N,129°21.8′E,12 km,2.2,震度１,29.22333333,129.3633333
2021/12/4,21:55:01,トカラ列島近海,29°16.2′N,129°20.5′E,18 km,2.9,震度１,29.27,129.3416667
2021/12/4,22:05:39,トカラ列島近海,29°16.5′N,129°20.2′E,18 km,2.5,震度１,29.275,129.3366667
2021/12/4,22:07:00,トカラ列島近海,29°15.6′N,129°23.5′E,14 km,2.9,震度１,29.26,129.3916667
2021/12/4,22:20:55,トカラ列島近海,29°15.9′N,129°22.8′E,15 km,2.8,震度２,29.265,129.38
2021/12/4,22:23:21,トカラ列島近海,29°15.5′N,129°20.5′E,16 km,3.4,震度２,29.25833333,129.3416667
2021/12/4,22:24:56,トカラ列島近海,29°18.1′N,129°17.6′E,23 km,3,震度２,29.30166667,129.2933333
2021/12/4,22:34:59,トカラ列島近海,29°14.0′N,129°24.3′E,11 km,2.2,震度１,29.23333333,129.405
2021/12/4,22:36:24,トカラ列島近海,29°15.8′N,129°22.2′E,16 km,2.6,震度１,29.26333333,129.37
2021/12/4,22:50:23,トカラ列島近海,29°15.6′N,129°21.9′E,12 km,2.4,震度１,29.26,129.365
2021/12/4,22:55:39,トカラ列島近海,29°15.6′N,129°18.9′E,19 km,2.5,震度１,29.26,129.315
2021/12/4,23:10:24,トカラ列島近海,29°19.2′N,129°24.2′E,19 km,2.4,震度１,29.32,129.4033333
2021/12/4,23:25:06,トカラ列島近海,29°19.0′N,129°23.0′E,20 km,4.2,震度３,29.31666667,129.3833333
2021/12/4,23:40:51,トカラ列島近海,29°18.6′N,129°24.7′E,17 km,3,震度２,29.31,129.4116667
2021/12/4,23:51:45,トカラ列島近海,29°13.6′N,129°25.0′E,9 km,2.8,震度１,29.22666667,129.4166667
2021/12/4,23:59:24,トカラ列島近海,29°17.0′N,129°19.3′E,22 km,3.7,震度２,29.28333333,129.3216667
2021/12/5,0:07:11,トカラ列島近海,29°16.0′N,129°20.2′E,21 km,2.5,震度１,29.26666667,129.3366667
2021/12/5,0:08:16,トカラ列島近海,29°17.0′N,129°19.8′E,20 km,4.4,震度３,29.28333333,129.33
2021/12/5,0:19:13,トカラ列島近海,29°12.5′N,129°21.5′E,15 km,2.8,震度１,29.20833333,129.3583333
2021/12/5,0:21:41,トカラ列島近海,29°16.3′N,129°19.3′E,20 km,2.8,震度１,29.27166667,129.3216667
2021/12/5,0:25:58,トカラ列島近海,29°16.7′N,129°19.2′E,19 km,3.9,震度３,29.27833333,129.32
2021/12/5,0:30:03,トカラ列島近海,29°16.9′N,129°15.6′E,25 km,2.7,震度１,29.28166667,129.26
2021/12/5,0:55:34,トカラ列島近海,29°15.2′N,129°23.2′E,17 km,2.8,震度１,29.25333333,129.3866667
2021/12/5,1:05:39,トカラ列島近海,29°19.0′N,129°19.3′E,26 km,3.1,震度２,29.31666667,129.3216667
2021/12/5,1:37:45,トカラ列島近海,29°16.4′N,129°20.7′E,18 km,2.7,震度１,29.27333333,129.345
2021/12/5,2:40:40,トカラ列島近海,29°16.7′N,129°27.5′E,18 km,3.1,震度１,29.27833333,129.4583333
2021/12/5,3:22:56,トカラ列島近海,29°16.2′N,129°22.3′E,17 km,2.7,震度１,29.27,129.3716667
2021/12/5,3:33:35,トカラ列島近海,29°17.7′N,129°18.9′E,19 km,2.9,震度１,29.295,129.315
2021/12/5,3:35:39,トカラ列島近海,29°15.6′N,129°19.1′E,17 km,2.4,震度１,29.26,129.3183333
2021/12/5,3:38:58,トカラ列島近海,29°15.8′N,129°21.5′E,18 km,2.9,震度２,29.26333333,129.3583333
2021/12/5,3:42:22,トカラ列島近海,29°13.9′N,129°25.8′E,14 km,2.7,震度１,29.23166667,129.43
2021/12/5,3:47:14,トカラ列島近海,29°15.4′N,129°21.0′E,15 km,1.9,震度１,29.25666667,129.35
2021/12/5,3:51:40,トカラ列島近海,29°17.5′N,129°25.1′E,20 km,2.9,震度１,29.29166667,129.4183333
2021/12/5,3:53:49,トカラ列島近海,29°18.2′N,129°24.3′E,21 km,2.7,震度１,29.30333333,129.405
2021/12/5,3:57:32,トカラ列島近海,29°16.9′N,129°19.7′E,19 km,2.9,震度２,29.28166667,129.3283333
2021/12/5,3:57:51,トカラ列島近海,29°13.4′N,129°23.0′E,12 km,3.4,震度２,29.22333333,129.3833333
2021/12/5,4:05:09,トカラ列島近海,29°17.4′N,129°17.9′E,21 km,3.5,震度３,29.29,129.2983333
2021/12/5,4:06:16,トカラ列島近海,29°15.6′N,129°26.3′E,17 km,2.9,震度１,29.26,129.4383333
2021/12/5,4:13:49,トカラ列島近海,29°17.2′N,129°23.7′E,13 km,2.5,震度１,29.28666667,129.395
2021/12/5,4:38:25,トカラ列島近海,29°16.8′N,129°18.8′E,20 km,3.2,震度１,29.28,129.3133333
2021/12/5,4:42:41,伊豆大島近海,34°45.2′N,139°20.8′E,4 km,2.9,震度２,34.75333333,139.3466667
2021/12/5,4:46:46,伊豆大島近海,34°45.1′N,139°20.6′E,5 km,2.6,震度２,34.75166667,139.3433333
2021/12/5,4:50:15,伊豆大島近海,34°45.4′N,139°20.8′E,5 km,1.8,震度１,34.75666667,139.3466667
2021/12/5,5:05:39,トカラ列島近海,29°17.0′N,129°19.7′E,20 km,3.5,震度２,29.28333333,129.3283333
2021/12/5,5:14:21,トカラ列島近海,29°17.3′N,129°17.2′E,20 km,4.1,震度３,29.28833333,129.2866667
2021/12/5,5:16:30,伊豆大島近海,34°44.4′N,139°20.9′E,5 km,2.1,震度２,34.74,139.3483333
2021/12/5,5:17:43,トカラ列島近海,29°16.0′N,129°19.0′E,17 km,3.3,震度２,29.26666667,129.3166667
2021/12/5,5:31:07,トカラ列島近海,29°16.9′N,129°19.2′E,19 km,2.4,震度１,29.28166667,129.32
2021/12/5,5:38:11,トカラ列島近海,29°16.1′N,129°20.6′E,18 km,2.5,震度１,29.26833333,129.3433333
2021/12/5,5:44:45,トカラ列島近海,29°14.4′N,129°13.4′E,12 km,2.4,震度２,29.24,129.2233333
2021/12/5,5:48:50,トカラ列島近海,29°16.3′N,129°19.4′E,20 km,2.6,震度１,29.27166667,129.3233333
2021/12/5,6:01:37,トカラ列島近海,29°15.9′N,129°21.0′E,19 km,3,震度２,29.265,129.35
2021/12/5,6:10:24,トカラ列島近海,29°16.2′N,129°19.9′E,19 km,2.8,震度１,29.27,129.3316667
2021/12/5,6:55:47,トカラ列島近海,29°17.3′N,129°18.5′E,19 km,3.2,震度２,29.28833333,129.3083333
2021/12/5,7:06:26,トカラ列島近海,29°16.6′N,129°27.7′E,19 km,2.4,震度１,29.27666667,129.4616667
2021/12/5,7:13:52,トカラ列島近海,29°17.0′N,129°18.3′E,20 km,3.7,震度２,29.28333333,129.305
2021/12/5,7:19:57,トカラ列島近海,29°17.0′N,129°21.3′E,23 km,2.7,震度１,29.28333333,129.355
2021/12/5,7:58:59,トカラ列島近海,29°17.0′N,129°18.3′E,20 km,3,震度１,29.28333333,129.305
2021/12/5,8:15:16,トカラ列島近海,29°17.0′N,129°19.2′E,19 km,2.7,震度１,29.28333333,129.32
2021/12/5,8:55:52,トカラ列島近海,29°17.9′N,129°24.7′E,18 km,2.8,震度１,29.29833333,129.4116667
2021/12/5,9:13:08,トカラ列島近海,29°16.3′N,129°18.6′E,21 km,3,震度２,29.27166667,129.31
2021/12/5,9:17:07,トカラ列島近海,29°16.9′N,129°20.6′E,19 km,3.3,震度２,29.28166667,129.3433333
2021/12/5,11:00:27,トカラ列島近海,29°15.9′N,129°20.2′E,19 km,3.8,震度３,29.265,129.3366667
2021/12/5,11:06:58,トカラ列島近海,29°18.3′N,129°16.2′E,16 km,2.6,震度１,29.305,129.27
2021/12/5,11:12:33,トカラ列島近海,29°17.9′N,129°16.6′E,20 km,3,震度１,29.29833333,129.2766667
2021/12/5,11:14:25,トカラ列島近海,29°16.2′N,129°19.2′E,19 km,4.9,震度４,29.27,129.32
2021/12/5,11:28:57,トカラ列島近海,29°16.1′N,129°16.9′E,9 km,1.7,震度１,29.26833333,129.2816667
2021/12/5,11:42:51,トカラ列島近海,29°16.3′N,129°17.0′E,13 km,2.3,震度１,29.27166667,129.2833333
2021/12/5,11:59:35,トカラ列島近海,29°14.1′N,129°15.3′E,18 km,2.6,震度２,29.235,129.255
2021/12/5,12:06:56,トカラ列島近海,29°18.0′N,129°23.6′E,21 km,3.3,震度２,29.3,129.3933333
2021/12/5,12:27:30,トカラ列島近海,29°17.3′N,129°20.7′E,9 km,2.4,震度１,29.28833333,129.345
2021/12/5,12:28:22,トカラ列島近海,29°11.8′N,129°19.6′E,9 km,2.2,震度１,29.19666667,129.3266667
2021/12/5,12:30:55,トカラ列島近海,29°15.1′N,129°21.5′E,5 km,2.7,震度１,29.25166667,129.3583333
2021/12/5,13:06:26,トカラ列島近海,29°18.1′N,129°24.6′E,22 km,4.1,震度３,29.30166667,129.41
2021/12/5,14:06:46,トカラ列島近海,29°17.5′N,129°18.7′E,21 km,2.9,震度１,29.29166667,129.3116667
2021/12/5,14:10:45,トカラ列島近海,29°18.3′N,129°18.0′E,21 km,2.3,震度１,29.305,129.3
2021/12/5,14:26:01,トカラ列島近海,29°17.2′N,129°15.7′E,24 km,2.4,震度１,29.28666667,129.2616667
2021/12/5,14:27:33,トカラ列島近海,29°19.1′N,129°14.9′E,24 km,2.5,震度１,29.31833333,129.2483333
2021/12/5,14:37:23,トカラ列島近海,29°16.7′N,129°20.2′E,21 km,2.5,震度１,29.27833333,129.3366667
2021/12/5,14:41:26,トカラ列島近海,29°16.8′N,129°20.2′E,20 km,2.7,震度１,29.28,129.3366667
2021/12/5,14:52:08,トカラ列島近海,29°17.5′N,129°16.1′E,23 km,2.2,震度１,29.29166667,129.2683333
2021/12/5,14:53:48,トカラ列島近海,29°15.9′N,129°21.5′E,11 km,2.3,震度１,29.265,129.3583333
2021/12/5,14:57:38,トカラ列島近海,29°17.9′N,129°18.6′E,22 km,3.5,震度２,29.29833333,129.31
2021/12/5,15:06:44,トカラ列島近海,29°17.6′N,129°12.0′E,23 km,2.5,震度１,29.29333333,129.2
2021/12/5,15:35:16,トカラ列島近海,29°20.9′N,129°15.8′E,24 km,2.4,震度１,29.34833333,129.2633333
2021/12/5,16:47:11,トカラ列島近海,29°19.0′N,129°22.3′E,21 km,3,震度２,29.31666667,129.3716667
2021/12/5,17:25:27,トカラ列島近海,29°15.6′N,129°24.5′E,19 km,2.3,震度１,29.26,129.4083333
2021/12/5,17:33:40,トカラ列島近海,29°18.3′N,129°22.3′E,23 km,2.6,震度１,29.305,129.3716667
2021/12/5,18:09:11,トカラ列島近海,29°17.4′N,129°17.2′E,23 km,2.3,震度１,29.29,129.2866667
2021/12/5,18:36:33,トカラ列島近海,29°17.2′N,129°19.9′E,22 km,2.9,震度１,29.28666667,129.3316667
2021/12/5,19:25:18,トカラ列島近海,29°16.3′N,129°20.2′E,19 km,2.5,震度１,29.27166667,129.3366667
2021/12/5,19:43:32,トカラ列島近海,29°14.9′N,129°22.1′E,15 km,2.2,震度１,29.24833333,129.3683333
2021/12/5,19:48:14,トカラ列島近海,29°18.9′N,129°17.6′E,18 km,2.7,震度１,29.315,129.2933333
2021/12/5,19:52:45,トカラ列島近海,29°17.1′N,129°20.7′E,19 km,3,震度２,29.285,129.345
2021/12/5,19:54:15,トカラ列島近海,29°16.8′N,129°19.1′E,21 km,2.5,震度１,29.28,129.3183333
2021/12/5,19:55:42,トカラ列島近海,29°16.7′N,129°21.1′E,18 km,2.2,震度１,29.27833333,129.3516667
2021/12/5,20:01:01,トカラ列島近海,29°16.4′N,129°21.8′E,18 km,2.3,震度１,29.27333333,129.3633333
2021/12/5,20:26:26,トカラ列島近海,29°18.4′N,129°18.6′E,19 km,2.7,震度１,29.30666667,129.31
2021/12/5,20:48:47,トカラ列島近海,29°18.4′N,129°23.1′E,18 km,3.7,震度２,29.30666667,129.385
2021/12/5,21:23:50,トカラ列島近海,29°19.1′N,129°26.9′E,15 km,2.5,震度１,29.31833333,129.4483333
2021/12/5,21:46:03,トカラ列島近海,29°17.2′N,129°23.3′E,21 km,2.7,震度１,29.28666667,129.3883333
2021/12/5,21:52:19,トカラ列島近海,29°16.7′N,129°19.2′E,22 km,3.1,震度１,29.27833333,129.32
2021/12/5,22:34:53,トカラ列島近海,29°19.6′N,129°25.2′E,17 km,3.4,震度３,29.32666667,129.42
2021/12/5,22:47:12,トカラ列島近海,29°19.2′N,129°26.9′E,14 km,3,震度２,29.32,129.4483333
2021/12/5,23:00:14,トカラ列島近海,29°20.0′N,129°26.9′E,15 km,2.5,震度１,29.33333333,129.4483333
2021/12/5,23:14:07,青森県東方沖,41°33.0′N,142°54.1′E,34 km,4.3,震度１,41.55,142.9016667
2021/12/5,23:17:21,トカラ列島近海,29°19.4′N,129°27.0′E,14 km,2,震度１,29.32333333,129.45
2021/12/5,23:18:17,トカラ列島近海,29°17.4′N,129°19.8′E,22 km,3.4,震度２,29.29,129.33
2021/12/5,23:46:21,島根県東部,35°10.3′N,133°06.2′E,6 km,2.3,震度１,35.17166667,133.1033333
2021/12/6,0:00:12,トカラ列島近海,29°17.1′N,129°23.6′E,15 km,2.8,震度１,29.285,129.3933333
2021/12/6,0:15:46,トカラ列島近海,29°16.8′N,129°25.6′E,18 km,2.9,震度１,29.28,129.4266667
2021/12/6,0:34:51,トカラ列島近海,29°16.1′N,129°22.1′E,20 km,2.6,震度１,29.26833333,129.3683333
2021/12/6,0:35:54,トカラ列島近海,29°21.5′N,129°21.9′E,21 km,2.8,震度１,29.35833333,129.365
2021/12/6,0:46:11,トカラ列島近海,29°18.8′N,129°28.6′E,10 km,2.2,震度１,29.31333333,129.4766667
2021/12/6,1:34:45,トカラ列島近海,29°17.4′N,129°16.9′E,23 km,2.3,震度１,29.29,129.2816667
2021/12/6,1:48:01,トカラ列島近海,29°17.0′N,129°20.3′E,20 km,2.8,震度１,29.28333333,129.3383333
2021/12/6,2:24:25,トカラ列島近海,29°16.5′N,129°21.6′E,18 km,2.3,震度１,29.275,129.36
2021/12/6,3:14:38,トカラ列島近海,29°17.8′N,129°23.3′E,19 km,3.1,震度２,29.29666667,129.3883333
2021/12/6,4:33:20,トカラ列島近海,29°18.8′N,129°24.4′E,19 km,3.4,震度２,29.31333333,129.4066667
2021/12/6,4:53:01,トカラ列島近海,29°19.2′N,129°21.6′E,24 km,3.1,震度１,29.32,129.36
2021/12/6,5:52:37,トカラ列島近海,29°17.3′N,129°20.2′E,18 km,2.1,震度１,29.28833333,129.3366667
2021/12/6,5:53:26,熊本県熊本地方,32°34.5′N,130°42.6′E,11 km,2.7,震度１,32.575,130.71
2021/12/6,6:49:48,熊本県熊本地方,32°34.5′N,130°42.5′E,11 km,2.5,震度１,32.575,130.7083333
2021/12/6,7:16:55,トカラ列島近海,29°19.3′N,129°23.6′E,20 km,3.5,震度２,29.32166667,129.3933333
2021/12/6,7:17:29,トカラ列島近海,29°16.3′N,129°22.9′E,13 km,3.5,震度２,29.27166667,129.3816667
2021/12/6,7:47:34,トカラ列島近海,29°19.7′N,129°19.6′E,24 km,2.7,震度１,29.32833333,129.3266667
2021/12/6,8:16:58,トカラ列島近海,29°22.6′N,129°17.1′E,24 km,3.9,震度２,29.37666667,129.285
2021/12/6,9:24:07,トカラ列島近海,29°21.6′N,129°21.7′E,19 km,3.8,震度２,29.36,129.3616667
2021/12/6,9:46:31,トカラ列島近海,29°19.3′N,129°23.6′E,24 km,3.1,震度１,29.32166667,129.3933333
2021/12/6,10:43:25,トカラ列島近海,29°17.7′N,129°25.4′E,19 km,2.5,震度１,29.295,129.4233333
2021/12/6,10:47:28,トカラ列島近海,29°18.8′N,129°19.4′E,22 km,3.3,震度２,29.31333333,129.3233333
2021/12/6,10:48:27,トカラ列島近海,29°16.3′N,129°23.7′E,21 km,3.2,震度２,29.27166667,129.395
2021/12/6,10:55:50,トカラ列島近海,29°16.1′N,129°26.6′E,16 km,3.1,震度２,29.26833333,129.4433333
2021/12/6,10:57:02,トカラ列島近海,29°17.7′N,129°25.8′E,19 km,2.7,震度１,29.295,129.43
2021/12/6,10:58:58,トカラ列島近海,29°20.3′N,129°22.8′E,18 km,4.1,震度３,29.33833333,129.38
2021/12/6,10:59:26,トカラ列島近海,29°17.9′N,129°19.5′E,20 km,3.6,震度２,29.29833333,129.325
2021/12/6,11:02:49,トカラ列島近海,29°16.3′N,129°19.3′E,28 km,2.3,震度１,29.27166667,129.3216667
2021/12/6,11:09:02,伊豆大島近海,34°45.3′N,139°19.9′E,5 km,2.4,震度２,34.755,139.3316667
2021/12/6,11:09:41,トカラ列島近海,29°16.5′N,129°26.0′E,16 km,3.1,震度２,29.275,129.4333333
2021/12/6,11:10:28,トカラ列島近海,29°17.2′N,129°23.8′E,18 km,2.8,震度１,29.28666667,129.3966667
2021/12/6,11:11:50,トカラ列島近海,29°15.5′N,129°18.7′E,17 km,2.7,震度１,29.25833333,129.3116667
2021/12/6,11:16:22,トカラ列島近海,29°16.0′N,129°26.6′E,16 km,2.8,震度１,29.26666667,129.4433333
2021/12/6,11:18:38,トカラ列島近海,29°14.6′N,129°23.7′E,21 km,2.7,震度１,29.24333333,129.395
2021/12/6,11:21:14,トカラ列島近海,29°16.3′N,129°25.9′E,16 km,2.7,震度１,29.27166667,129.4316667
2021/12/6,11:26:23,トカラ列島近海,29°17.2′N,129°25.2′E,18 km,2.8,震度１,29.28666667,129.42
2021/12/6,11:30:49,トカラ列島近海,29°17.4′N,129°24.5′E,21 km,3.1,震度１,29.29,129.4083333
2021/12/6,11:36:20,トカラ列島近海,29°17.8′N,129°24.6′E,23 km,3.4,震度２,29.29666667,129.41
2021/12/6,12:49:57,トカラ列島近海,29°15.1′N,129°13.1′E,16 km,2.8,震度２,29.25166667,129.2183333
2021/12/6,12:50:54,トカラ列島近海,29°16.0′N,129°12.6′E,13 km,2.4,震度２,29.26666667,129.21
2021/12/6,12:54:09,トカラ列島近海,29°17.1′N,129°21.5′E,20 km,3.2,震度１,29.285,129.3583333
2021/12/6,13:40:38,伊豆大島近海,34°45.5′N,139°19.5′E,6 km,2.2,震度１,34.75833333,139.325
2021/12/6,13:46:59,伊豆大島近海,34°45.3′N,139°19.7′E,6 km,3.2,震度２,34.755,139.3283333
2021/12/6,13:50:01,伊豆大島近海,34°44.6′N,139°19.9′E,6 km,2.2,震度１,34.74333333,139.3316667
2021/12/6,14:34:26,伊豆大島近海,34°44.9′N,139°19.8′E,6 km,2.1,震度１,34.74833333,139.33
2021/12/6,15:14:10,トカラ列島近海,29°17.1′N,129°24.8′E,19 km,3.4,震度２,29.285,129.4133333
2021/12/6,15:14:26,伊豆大島近海,34°44.8′N,139°19.6′E,6 km,2.3,震度１,34.74666667,139.3266667
2021/12/6,15:31:33,トカラ列島近海,29°18.6′N,129°24.3′E,20 km,2.5,震度１,29.31,129.405
2021/12/6,15:53:34,トカラ列島近海,29°15.9′N,129°26.7′E,15 km,2.5,震度１,29.265,129.445
2021/12/6,15:57:02,トカラ列島近海,29°17.5′N,129°21.9′E,24 km,2.4,震度１,29.29166667,129.365
2021/12/6,17:09:36,福島県沖,37°39.9′N,141°18.7′E,61 km,4.3,震度３,37.665,141.3116667
2021/12/6,18:40:42,トカラ列島近海,29°17.0′N,129°21.8′E,22 km,2.9,震度１,29.28333333,129.3633333
2021/12/6,19:31:19,伊豆大島近海,34°45.0′N,139°19.7′E,6 km,2.2,震度１,34.75,139.3283333
2021/12/6,19:58:25,伊豆大島近海,34°44.9′N,139°19.4′E,7 km,2.6,震度１,34.74833333,139.3233333
2021/12/6,20:41:44,伊豆大島近海,34°45.1′N,139°19.1′E,7 km,2.7,震度１,34.75166667,139.3183333
2021/12/6,20:45:20,伊豆大島近海,34°45.0′N,139°19.4′E,6 km,2.1,震度１,34.75,139.3233333
2021/12/6,20:48:49,伊豆大島近海,34°45.8′N,139°19.1′E,5 km,2.3,震度１,34.76333333,139.3183333
2021/12/6,20:54:04,福島県沖,37°19.8′N,141°15.7′E,32 km,3.4,震度１,37.33,141.2616667
2021/12/6,20:55:46,伊豆大島近海,34°45.0′N,139°19.1′E,7 km,3,震度１,34.75,139.3183333
2021/12/6,21:35:51,伊豆大島近海,34°45.4′N,139°19.4′E,5 km,2.7,震度１,34.75666667,139.3233333
2021/12/6,21:40:00,伊豆大島近海,34°45.4′N,139°19.6′E,6 km,2.5,震度１,34.75666667,139.3266667
2021/12/6,21:43:05,伊豆大島近海,34°45.1′N,139°18.3′E,7 km,2.8,震度１,34.75166667,139.305
2021/12/6,21:44:40,伊豆大島近海,34°45.1′N,139°19.0′E,6 km,2.6,震度１,34.75166667,139.3166667
2021/12/6,21:45:38,伊豆大島近海,34°45.3′N,139°19.2′E,6 km,2.4,震度１,34.755,139.32
2021/12/6,21:51:03,伊豆大島近海,34°45.2′N,139°19.1′E,8 km,2.6,震度１,34.75333333,139.3183333
2021/12/6,22:46:12,トカラ列島近海,29°17.8′N,129°26.0′E,16 km,2.8,震度１,29.29666667,129.4333333
2021/12/6,23:33:21,青森県東方沖,41°29.5′N,142°03.5′E,55 km,4.3,震度２,41.49166667,142.0583333
2021/12/6,23:37:50,トカラ列島近海,29°17.4′N,129°21.3′E,23 km,2.8,震度１,29.29,129.355
2021/12/7,0:04:29,トカラ列島近海,29°17.0′N,129°22.8′E,18 km,2.7,震度１,29.28333333,129.38
2021/12/7,0:14:36,トカラ列島近海,29°18.2′N,129°24.3′E,20 km,3,震度２,29.30333333,129.405
2021/12/7,0:19:59,新潟県上越地方,37°13.3′N,138°26.1′E,14 km,2.8,震度２,37.22166667,138.435
2021/12/7,0:20:52,トカラ列島近海,29°17.4′N,129°24.8′E,20 km,2.4,震度１,29.29,129.4133333
2021/12/7,1:22:08,トカラ列島近海,29°15.3′N,129°13.8′E,15 km,1.9,震度１,29.255,129.23
2021/12/7,2:06:06,トカラ列島近海,29°16.0′N,129°23.2′E,21 km,2.7,震度１,29.26666667,129.3866667
2021/12/7,2:08:27,トカラ列島近海,29°17.5′N,129°15.7′E,12 km,2.5,震度１,29.29166667,129.2616667
2021/12/7,3:31:47,トカラ列島近海,29°16.1′N,129°24.1′E,23 km,3.1,震度２,29.26833333,129.4016667
2021/12/7,5:04:40,トカラ列島近海,29°18.0′N,129°18.5′E,21 km,3.6,震度３,29.3,129.3083333
2021/12/7,8:10:51,トカラ列島近海,29°15.6′N,129°24.9′E,15 km,2.6,震度１,29.26,129.415
2021/12/7,9:10:41,トカラ列島近海,29°19.6′N,129°24.9′E,14 km,2.8,震度１,29.32666667,129.415
2021/12/7,9:11:34,トカラ列島近海,29°18.8′N,129°25.8′E,10 km,2.9,震度１,29.31333333,129.43
2021/12/7,9:46:57,有明海,32°44.0′N,130°35.5′E,11 km,2.5,震度１,32.73333333,130.5916667
2021/12/7,10:04:25,トカラ列島近海,29°16.2′N,129°19.8′E,20 km,2.5,震度１,29.27,129.33
2021/12/7,10:48:41,伊豆大島近海,34°45.0′N,139°19.3′E,7 km,3.2,震度２,34.75,139.3216667
2021/12/7,11:13:35,トカラ列島近海,29°20.8′N,129°23.3′E,17 km,4.7,震度３,29.34666667,129.3883333
2021/12/7,11:24:55,トカラ列島近海,29°16.7′N,129°23.2′E,20 km,2.9,震度１,29.27833333,129.3866667
2021/12/7,12:15:42,トカラ列島近海,29°19.1′N,129°21.0′E,24 km,2.5,震度１,29.31833333,129.35
2021/12/7,12:44:32,トカラ列島近海,29°18.8′N,129°22.8′E,24 km,2.5,震度１,29.31333333,129.38
2021/12/7,13:03:19,トカラ列島近海,29°16.4′N,129°24.6′E,17 km,2.6,震度１,29.27333333,129.41
2021/12/7,13:10:22,トカラ列島近海,29°17.2′N,129°25.5′E,20 km,2.9,震度１,29.28666667,129.425
2021/12/7,13:15:51,トカラ列島近海,29°17.9′N,129°24.6′E,24 km,2.2,震度１,29.29833333,129.41
2021/12/7,14:28:18,トカラ列島近海,29°20.9′N,129°23.8′E,17 km,3.4,震度２,29.34833333,129.3966667
2021/12/7,14:30:53,トカラ列島近海,29°24.3′N,129°19.5′E,23 km,2.8,震度１,29.405,129.325
2021/12/7,14:57:12,鹿児島湾,31°22.7′N,130°35.4′E,2 km,2.2,震度２,31.37833333,130.59
2021/12/7,16:13:37,東京都２３区,35°42.7′N,139°40.4′E,31 km,2.5,震度１,35.71166667,139.6733333
2021/12/7,17:25:38,トカラ列島近海,29°16.5′N,129°22.3′E,21 km,2.8,震度１,29.275,129.3716667
2021/12/7,17:51:47,トカラ列島近海,29°16.8′N,129°09.5′E,10 km,3.2,震度２,29.28,129.1583333
2021/12/7,17:56:27,トカラ列島近海,29°16.0′N,129°10.6′E,11 km,3.2,震度１,29.26666667,129.1766667
2021/12/7,18:11:53,トカラ列島近海,29°16.2′N,129°07.7′E,9 km,2.3,震度１,29.27,129.1283333
2021/12/7,20:41:12,能登半島沖,37°31.3′N,137°13.8′E,13 km,3.2,震度２,37.52166667,137.23
2021/12/7,20:43:12,能登半島沖,37°31.1′N,137°13.6′E,13 km,3.4,震度２,37.51833333,137.2266667
2021/12/7,21:36:13,トカラ列島近海,29°19.1′N,129°25.9′E,17 km,2.5,震度１,29.31833333,129.4316667
2021/12/7,22:04:20,トカラ列島近海,29°16.3′N,129°22.5′E,25 km,2.5,震度１,29.27166667,129.375
2021/12/7,23:11:23,石川県能登地方,37°30.2′N,137°13.2′E,13 km,2.7,震度１,37.50333333,137.22
2021/12/8,1:18:21,トカラ列島近海,29°15.5′N,129°21.6′E,23 km,2.2,震度１,29.25833333,129.36
2021/12/8,2:29:26,福島県沖,37°09.9′N,141°12.5′E,17 km,5.2,震度３,37.165,141.2083333
2021/12/8,4:30:17,トカラ列島近海,29°16.7′N,129°07.5′E,10 km,3,震度１,29.27833333,129.125
2021/12/8,5:50:17,青森県東方沖,41°35.6′N,141°57.4′E,59 km,3.8,震度１,41.59333333,141.9566667
2021/12/8,7:12:31,トカラ列島近海,29°19.4′N,129°25.1′E,15 km,2.9,震度１,29.32333333,129.4183333
2021/12/8,8:14:13,沖縄本島近海,26°33.4′N,128°00.7′E,45 km,3.7,震度１,26.55666667,128.0116667
2021/12/8,11:10:04,トカラ列島近海,29°17.7′N,129°29.0′E,11 km,3,震度２,29.295,129.4833333
2021/12/8,16:22:18,福島県沖,37°43.4′N,141°34.3′E,53 km,5,震度３,37.72333333,141.5716667
2021/12/8,22:44:19,トカラ列島近海,29°20.0′N,129°25.5′E,20 km,4,震度４,29.33333333,129.425
2021/12/9,1:55:14,トカラ列島近海,29°20.0′N,129°26.3′E,16 km,2.5,震度１,29.33333333,129.4383333
2021/12/9,3:04:24,福島県沖,37°11.0′N,141°12.7′E,20 km,3.5,震度１,37.18333333,141.2116667
2021/12/9,7:25:40,トカラ列島近海,29°18.9′N,129°28.2′E,13 km,3,震度１,29.315,129.47
2021/12/9,7:42:58,トカラ列島近海,29°19.5′N,129°27.6′E,10 km,3.2,震度１,29.325,129.46
2021/12/9,11:05:08,トカラ列島近海,29°20.5′N,129°27.0′E,14 km,6.1,震度５強,29.34166667,129.45
2021/12/9,11:08:10,トカラ列島近海,29°22.2′N,129°27.5′E,6 km,3,震度３,29.37,129.4583333
2021/12/9,11:09:27,トカラ列島近海,29°19.2′N,129°22.1′E,13 km,4.2,震度３,29.32,129.3683333
2021/12/9,11:11:32,トカラ列島近海,29°19.5′N,129°20.7′E,5 km,2.4,震度１,29.325,129.345
2021/12/9,11:13:10,トカラ列島近海,29°15.9′N,129°20.1′E,3 km,2.8,震度２,29.265,129.335
2021/12/9,11:14:55,トカラ列島近海,29°15.6′N,129°12.4′E,13 km,2.7,震度２,29.26,129.2066667
2021/12/9,11:15:40,トカラ列島近海,29°16.6′N,129°37.0′E,22 km,2.2,震度１,29.27666667,129.6166667
2021/12/9,11:17:07,トカラ列島近海,29°19.3′N,129°21.3′E,17 km,3.4,震度２,29.32166667,129.355
2021/12/9,11:18:24,トカラ列島近海,29°17.1′N,129°18.1′E,6 km,2.6,震度１,29.285,129.3016667
2021/12/9,11:19:16,トカラ列島近海,29°21.9′N,129°26.6′E,28 km,2.3,震度１,29.365,129.4433333
2021/12/9,11:21:36,トカラ列島近海,29°15.7′N,129°13.7′E,13 km,2.1,震度１,29.26166667,129.2283333
2021/12/9,11:21:55,トカラ列島近海,29°19.6′N,129°24.5′E,4 km,3,震度１,29.32666667,129.4083333
2021/12/9,11:22:53,トカラ列島近海,29°16.5′N,129°23.5′E,21 km,2.8,震度１,29.275,129.3916667
2021/12/9,11:27:01,トカラ列島近海,29°19.0′N,129°23.3′E,20 km,2.8,震度１,29.31666667,129.3883333
2021/12/9,11:28:28,トカラ列島近海,29°19.1′N,129°10.0′E,22 km,2.6,震度１,29.31833333,129.1666667
2021/12/9,11:29:58,トカラ列島近海,29°21.1′N,129°18.2′E,26 km,2.5,震度１,29.35166667,129.3033333
2021/12/9,11:31:51,トカラ列島近海,29°22.3′N,129°27.1′E,7 km,3.3,震度２,29.37166667,129.4516667
2021/12/9,11:44:38,トカラ列島近海,29°19.1′N,129°22.5′E,16 km,3.2,震度２,29.31833333,129.375
2021/12/9,12:00:12,トカラ列島近海,29°20.4′N,129°24.6′E,19 km,3.2,震度１,29.34,129.41
2021/12/9,12:02:33,トカラ列島近海,29°21.8′N,129°36.9′E,8 km,2.7,震度２,29.36333333,129.615
2021/12/9,12:09:46,トカラ列島近海,29°20.9′N,129°28.5′E,20 km,2.6,震度２,29.34833333,129.475
2021/12/9,12:11:37,トカラ列島近海,29°18.7′N,129°32.5′E,3 km,2.1,震度１,29.31166667,129.5416667
2021/12/9,12:13:53,トカラ列島近海,29°20.4′N,129°31.7′E,14 km,2.2,震度１,29.34,129.5283333
2021/12/9,12:17:41,トカラ列島近海,29°22.9′N,129°28.3′E,29 km,2.3,震度１,29.38166667,129.4716667
2021/12/9,12:18:55,トカラ列島近海,29°22.6′N,129°28.8′E,24 km,2.5,震度１,29.37666667,129.48
2021/12/9,12:22:58,トカラ列島近海,29°17.3′N,129°18.5′E,10 km,3.1,震度２,29.28833333,129.3083333
2021/12/9,12:57:00,トカラ列島近海,29°22.8′N,129°24.0′E,22 km,2,震度１,29.38,129.4
2021/12/9,13:05:50,トカラ列島近海,29°19.7′N,129°26.3′E,14 km,2.8,震度１,29.32833333,129.4383333
2021/12/9,13:13:05,トカラ列島近海,29°21.6′N,129°27.2′E,15 km,2.6,震度１,29.36,129.4533333
2021/12/9,14:32:31,トカラ列島近海,29°18.1′N,129°32.0′E,4 km,,震度１,29.30166667,129.5333333
2021/12/9,15:18:12,トカラ列島近海,29°21.0′N,129°31.1′E,16 km,2.5,震度１,29.35,129.5183333
2021/12/9,15:18:58,トカラ列島近海,29°22.6′N,129°26.5′E,19 km,2.8,震度１,29.37666667,129.4416667
2021/12/9,15:24:04,トカラ列島近海,29°25.8′N,129°25.7′E,20 km,2.4,震度１,29.43,129.4283333
2021/12/9,15:25:13,和歌山県北部,34°10.0′N,135°24.1′E,67 km,3.5,震度１,34.16666667,135.4016667
2021/12/9,16:06:35,トカラ列島近海,29°24.2′N,129°30.3′E,21 km,2.6,震度１,29.40333333,129.505
2021/12/9,16:08:13,トカラ列島近海,29°20.2′N,129°33.5′E,20 km,1.8,震度１,29.33666667,129.5583333
2021/12/9,17:11:02,トカラ列島近海,29°20.5′N,129°33.5′E,14 km,2.7,震度１,29.34166667,129.5583333
2021/12/9,17:18:59,茨城県沖,36°21.7′N,140°59.2′E,43 km,3.2,震度１,36.36166667,140.9866667
2021/12/9,18:02:36,トカラ列島近海,29°21.4′N,129°25.1′E,19 km,2.7,震度１,29.35666667,129.4183333
2021/12/9,18:22:23,トカラ列島近海,29°21.0′N,129°23.7′E,16 km,3.4,震度２,29.35,129.395
2021/12/9,19:10:33,トカラ列島近海,29°19.0′N,129°28.3′E,13 km,2.8,震度１,29.31666667,129.4716667
2021/12/9,19:17:32,トカラ列島近海,29°19.9′N,129°24.9′E,17 km,4,震度２,29.33166667,129.415
2021/12/9,20:08:47,トカラ列島近海,29°16.0′N,129°20.1′E,19 km,2.5,震度１,29.26666667,129.335
2021/12/9,20:43:57,トカラ列島近海,29°22.1′N,129°29.0′E,25 km,2.4,震度２,29.36833333,129.4833333
2021/12/9,20:52:54,トカラ列島近海,29°19.4′N,129°27.2′E,16 km,3.1,震度１,29.32333333,129.4533333
2021/12/9,21:09:26,トカラ列島近海,29°20.2′N,129°32.9′E,8 km,2.1,震度１,29.33666667,129.5483333
2021/12/9,21:26:56,トカラ列島近海,29°20.6′N,129°33.5′E,21 km,1.9,震度１,29.34333333,129.5583333
2021/12/9,22:02:48,トカラ列島近海,29°17.7′N,129°24.9′E,21 km,2.9,震度１,29.295,129.415
2021/12/9,22:54:37,トカラ列島近海,29°18.7′N,129°28.9′E,9 km,2.6,震度１,29.31166667,129.4816667
2021/12/10,6:16:21,京都府南部,35°01.0′N,135°36.2′E,13 km,2.9,震度１,35.01666667,135.6033333
2021/12/10,9:01:36,トカラ列島近海,29°22.0′N,129°30.1′E,24 km,2.7,震度１,29.36666667,129.5016667
2021/12/10,12:49:34,宮城県沖,38°29.4′N,142°08.7′E,40 km,3.6,震度１,38.49,142.145
2021/12/10,16:11:03,トカラ列島近海,29°21.0′N,129°33.4′E,4 km,2.9,震度２,29.35,129.5566667
2021/12/10,18:38:05,トカラ列島近海,29°20.9′N,129°32.6′E,14 km,2.6,震度２,29.34833333,129.5433333
2021/12/10,19:17:17,トカラ列島近海,29°19.3′N,129°12.4′E,14 km,2.9,震度１,29.32166667,129.2066667
2021/12/10,19:57:20,熊本県阿蘇地方,32°57.8′N,131°07.3′E,8 km,3.3,震度２,32.96333333,131.1216667
2021/12/10,20:13:06,トカラ列島近海,29°22.6′N,129°31.7′E,20 km,,震度１,29.37666667,129.5283333
2021/12/10,20:14:32,トカラ列島近海,29°23.4′N,129°31.8′E,15 km,3,震度３,29.39,129.53
2021/12/10,23:10:41,トカラ列島近海,29°22.2′N,129°29.7′E,27 km,1.7,震度１,29.37,129.495
2021/12/10,23:22:58,胆振地方中東部,42°36.6′N,142°06.2′E,11 km,2.7,震度１,42.61,142.1033333
2021/12/10,23:29:31,熊本県阿蘇地方,32°57.8′N,131°07.4′E,8 km,3,震度２,32.96333333,131.1233333
2021/12/11,8:17:33,トカラ列島近海,29°21.6′N,129°30.9′E,12 km,2.4,震度１,29.36,129.515
2021/12/11,8:22:34,トカラ列島近海,29°18.2′N,129°27.4′E,11 km,2.3,震度１,29.30333333,129.4566667
2021/12/11,8:42:31,熊本県阿蘇地方,32°57.7′N,131°07.4′E,8 km,3.7,震度３,32.96166667,131.1233333
2021/12/11,9:43:10,奄美大島北西沖,28°06.3′N,128°03.0′E,16 km,3.9,震度１,28.105,128.05
2021/12/11,10:21:42,トカラ列島近海,29°22.2′N,129°33.7′E,4 km,2.3,震度１,29.37,129.5616667
2021/12/11,13:23:35,トカラ列島近海,29°21.5′N,129°27.3′E,13 km,2.5,震度１,29.35833333,129.455
2021/12/11,16:09:26,トカラ列島近海,29°20.7′N,129°07.8′E,14 km,3.6,震度２,29.345,129.13
2021/12/11,16:59:46,兵庫県南東部,35°12.2′N,135°10.3′E,15 km,3.7,震度３,35.20333333,135.1716667
2021/12/11,20:53:49,宮城県沖,38°19.8′N,141°38.5′E,55 km,4,震度２,38.33,141.6416667
2021/12/11,21:05:38,トカラ列島近海,29°23.5′N,129°35.5′E,3 km,2.4,震度１,29.39166667,129.5916667
2021/12/12,6:34:14,根室半島南東沖,43°15.7′N,146°19.3′E,46 km,4.5,震度２,43.26166667,146.3216667
2021/12/12,7:31:24,十勝地方南部,42°18.9′N,143°05.8′E,48 km,3.4,震度１,42.315,143.0966667
2021/12/12,8:45:57,トカラ列島近海,29°17.1′N,129°19.1′E,21 km,2.8,震度１,29.285,129.3183333
2021/12/12,12:21:27,北海道北西沖,44°26.1′N,141°00.5′E,269 km,4.8,震度１,44.435,141.0083333
2021/12/12,12:30:59,茨城県南部,36°08.0′N,139°51.1′E,50 km,5,震度４,36.13333333,139.8516667
2021/12/12,18:41:59,宮城県沖,38°38.7′N,142°09.6′E,43 km,3.8,震度１,38.645,142.16
2021/12/12,21:29:40,トカラ列島近海,29°20.0′N,129°34.0′E,5 km,2.8,震度２,29.33333333,129.5666667
2021/12/12,22:36:43,茨城県南部,36°04.2′N,139°55.2′E,46 km,3,震度１,36.07,139.92
2021/12/13,10:53:04,トカラ列島近海,29°21.3′N,129°25.4′E,14 km,3.5,震度２,29.355,129.4233333
2021/12/13,11:03:59,トカラ列島近海,29°20.0′N,129°30.6′E,10 km,3.1,震度２,29.33333333,129.51
2021/12/13,11:29:36,トカラ列島近海,29°22.1′N,129°29.2′E,15 km,2.3,震度１,29.36833333,129.4866667
2021/12/13,16:30:38,トカラ列島近海,29°20.5′N,129°34.9′E,8 km,2.2,震度１,29.34166667,129.5816667
2021/12/13,20:09:59,石川県能登地方,37°30.9′N,137°13.0′E,13 km,2.9,震度１,37.515,137.2166667
2021/12/13,23:16:13,トカラ列島近海,29°20.9′N,129°26.6′E,14 km,3,震度２,29.34833333,129.4433333
2021/12/13,23:44:01,熊本県熊本地方,32°41.9′N,130°43.1′E,13 km,2.8,震度１,32.69833333,130.7183333
2021/12/14,3:33:16,長野県北部,36°30.6′N,137°45.6′E,2 km,2,震度１,36.51,137.76
2021/12/14,6:48:44,トカラ列島近海,29°20.1′N,129°29.3′E,11 km,2.9,震度１,29.335,129.4883333
2021/12/14,9:09:38,トカラ列島近海,29°20.5′N,129°27.7′E,12 km,2.9,震度２,29.34166667,129.4616667
2021/12/14,14:55:11,硫黄島近海,25°26.8′N,141°26.4′E,38 km,4.6,震度１,25.44666667,141.44
2021/12/14,17:19:14,朝鮮半島南部,33°00.3′N,126°02.7′E,35 km,5.1,震度１,33.005,126.045
2021/12/14,18:50:33,トカラ列島近海,29°20.9′N,129°32.9′E,9 km,2.8,震度２,29.34833333,129.5483333
2021/12/14,22:49:49,トカラ列島近海,29°25.2′N,129°25.8′E,27 km,2.7,震度１,29.42,129.43
2021/12/15,0:47:32,静岡県東部,35°17.5′N,139°00.5′E,1 km,2.2,震度２,35.29166667,139.0083333
2021/12/15,1:47:54,トカラ列島近海,29°20.3′N,129°30.2′E,16 km,2.8,震度２,29.33833333,129.5033333
2021/12/15,5:28:44,千葉県東方沖,35°45.7′N,140°54.8′E,28 km,2.8,震度１,35.76166667,140.9133333
2021/12/15,16:46:37,宮城県沖,38°32.3′N,141°44.1′E,53 km,3.6,震度１,38.53833333,141.735
2021/12/16,3:01:20,茨城県沖,36°44.2′N,141°23.5′E,43 km,4,震度１,36.73666667,141.3916667
2021/12/16,8:05:33,胆振地方中東部,42°39.6′N,141°59.5′E,39 km,2.9,震度１,42.66,141.9916667
2021/12/16,10:48:59,宮城県沖,38°29.3′N,142°08.9′E,41 km,3.8,震度１,38.48833333,142.1483333
2021/12/16,16:48:28,奄美大島近海,28°13.7′N,129°34.2′E,41 km,3.6,震度１,28.22833333,129.57
2021/12/16,16:51:55,トカラ列島近海,29°20.5′N,129°34.3′E,13 km,2.7,震度２,29.34166667,129.5716667
2021/12/16,17:02:45,千葉県北西部,35°49.1′N,139°55.6′E,51 km,3.5,震度２,35.81833333,139.9266667
2021/12/17,3:29:01,兵庫県南東部,35°12.2′N,135°10.4′E,15 km,3.1,震度１,35.20333333,135.1733333
2021/12/17,4:36:07,奄美大島近海,27°48.2′N,128°31.0′E,63 km,4,震度２,27.80333333,128.5166667
2021/12/17,10:06:15,岩手県沖,40°03.0′N,141°54.6′E,11 km,2.7,震度１,40.05,141.91
2021/12/17,14:39:48,福島県沖,37°40.2′N,141°33.0′E,81 km,3.8,震度１,37.67,141.55
2021/12/17,15:58:59,トカラ列島近海,29°23.8′N,129°32.6′E,11 km,3.4,震度２,29.39666667,129.5433333
2021/12/17,16:16:28,伊豆大島近海,34°47.5′N,139°13.2′E,9 km,2.8,震度２,34.79166667,139.22
2021/12/17,23:46:56,長野県中部,36°16.8′N,138°02.4′E,3 km,1.9,震度１,36.28,138.04
2021/12/17,23:47:34,石垣島近海,24°12.0′N,124°00.6′E,26 km,3.1,震度１,24.2,124.01
2021/12/17,23:49:56,長野県中部,36°16.8′N,138°02.3′E,3 km,2.1,震度１,36.28,138.0383333
2021/12/18,9:16:57,山梨県東部・富士五湖,35°29.2′N,138°57.1′E,24 km,3.4,震度２,35.48666667,138.9516667
2021/12/18,9:22:44,長野県中部,36°17.0′N,138°02.3′E,3 km,2.3,震度１,36.28333333,138.0383333
2021/12/18,23:45:49,鹿児島県薩摩地方,31°58.2′N,130°28.8′E,9 km,2.8,震度１,31.97,130.48
2021/12/19,0:47:09,鹿児島県薩摩地方,31°58.2′N,130°28.8′E,9 km,2.7,震度１,31.97,130.48
2021/12/19,6:41:31,静岡県中部,35°00.6′N,138°24.4′E,26 km,3.2,震度１,35.01,138.4066667
2021/12/19,7:50:00,父島近海,27°23.9′N,142°12.0′E,38 km,,震度１,27.39833333,142.2
2021/12/19,8:17:20,愛知県西部,34°53.4′N,136°51.3′E,18 km,2.7,震度１,34.89,136.855
2021/12/19,16:27:26,石川県能登地方,37°30.6′N,137°12.8′E,13 km,2.7,震度１,37.51,137.2133333
2021/12/19,17:54:21,宮城県沖,38°25.8′N,141°54.9′E,63 km,3.8,震度１,38.43,141.915
2021/12/19,20:01:16,トカラ列島近海,29°18.3′N,129°29.8′E,12 km,2.7,震度１,29.305,129.4966667
2021/12/20,3:02:19,栃木県南部,36°14.3′N,139°46.9′E,59 km,3.4,震度２,36.23833333,139.7816667
2021/12/21,1:05:26,日高地方中部,42°23.1′N,142°39.4′E,39 km,4.8,震度３,42.385,142.6566667
2021/12/21,8:00:17,奈良県,34°38.2′N,135°42.6′E,5 km,2.7,震度１,34.63666667,135.71
2021/12/21,11:53:16,国後島付近,43°43.8′N,146°03.0′E,96 km,5,震度３,43.73,146.05
2021/12/22,4:57:33,トカラ列島近海,29°25.2′N,129°28.5′E,25 km,2.6,震度１,29.42,129.475
2021/12/22,6:40:37,トカラ列島近海,29°19.4′N,129°34.0′E,14 km,2.6,震度１,29.32333333,129.5666667
2021/12/22,13:48:35,トカラ列島近海,29°20.1′N,129°27.7′E,15 km,2.4,震度１,29.335,129.4616667
2021/12/22,16:06:58,沖縄本島北西沖,27°06.7′N,126°35.6′E,18 km,4.8,震度１,27.11166667,126.5933333
2021/12/22,17:42:16,福島県会津,37°46.3′N,140°03.9′E,7 km,2.9,震度１,37.77166667,140.065
2021/12/22,18:41:14,能登半島沖,37°31.1′N,137°13.4′E,13 km,2.7,震度１,37.51833333,137.2233333
2021/12/22,22:51:26,和歌山県北部,34°12.6′N,135°13.1′E,3 km,2,震度１,34.21,135.2183333
2021/12/23,0:32:58,西表島付近,24°08.1′N,123°50.5′E,19 km,3.2,震度１,24.135,123.8416667
2021/12/23,6:53:52,青森県東方沖,40°59.1′N,142°23.6′E,47 km,4,震度１,40.985,142.3933333
2021/12/23,17:45:22,千葉県東方沖,35°32.2′N,140°58.8′E,33 km,4.2,震度１,35.53666667,140.98
2021/12/24,16:16:17,トカラ列島近海,29°21.4′N,129°33.6′E,7 km,2,震度１,29.35666667,129.56
2021/12/25,3:07:18,和歌山県北部,34°02.0′N,135°15.6′E,4 km,3.2,震度１,34.03333333,135.26
2021/12/25,4:41:41,長野県北部,36°54.8′N,138°34.5′E,6 km,3.4,震度２,36.91333333,138.575
2021/12/25,5:01:57,長野県北部,36°54.8′N,138°34.3′E,6 km,3,震度１,36.91333333,138.5716667
2021/12/25,9:30:59,栃木県北部,37°03.7′N,139°51.6′E,8 km,4,震度３,37.06166667,139.86
2021/12/25,13:37:18,種子島近海,29°58.4′N,130°32.4′E,19 km,3.7,震度１,29.97333333,130.54
2021/12/25,19:40:40,国後島付近,43°58.0′N,145°43.7′E,127 km,3.8,震度１,43.96666667,145.7283333
2021/12/26,0:13:29,長野県北部,36°54.7′N,138°34.3′E,5 km,3.4,震度２,36.91166667,138.5716667
2021/12/26,3:46:11,トカラ列島近海,29°22.0′N,129°33.9′E,15 km,2.3,震度１,29.36666667,129.565
2021/12/26,4:46:11,根室半島南東沖,43°00.6′N,145°42.5′E,45 km,3.9,震度１,43.01,145.7083333
2021/12/26,13:38:42,千葉県東方沖,35°39.1′N,140°51.1′E,13 km,3.3,震度１,35.65166667,140.8516667
2021/12/26,17:26:47,宮古島近海,25°08.3′N,125°37.9′E,39 km,6.1,震度４,25.13833333,125.6316667
2021/12/26,18:17:01,宮古島近海,25°10.8′N,125°37.4′E,37 km,4.9,震度１,25.18,125.6233333
2021/12/26,18:50:31,高知県中部,33°42.6′N,133°24.8′E,6 km,3.2,震度２,33.71,133.4133333
2021/12/26,20:10:28,宮城県沖,38°49.2′N,141°59.9′E,46 km,3.2,震度１,38.82,141.9983333
2021/12/26,22:40:59,父島近海,28°08.1′N,141°57.2′E,65 km,4.9,震度１,28.135,141.9533333
2021/12/27,1:17:59,宮古島近海,25°07.6′N,125°37.6′E,37 km,4.2,震度１,25.12666667,125.6266667
2021/12/27,2:52:58,岩手県沖,39°06.5′N,142°07.5′E,44 km,3.5,震度１,39.10833333,142.125
2021/12/27,4:40:05,浦河沖,41°57.0′N,142°20.6′E,71 km,4.2,震度２,41.95,142.3433333
2021/12/27,7:17:55,熊本県熊本地方,32°39.4′N,130°41.3′E,10 km,2.5,震度１,32.65666667,130.6883333
2021/12/27,9:11:51,硫黄島近海,23°01.2′N,143°17.8′E,154 km,5.4,震度１,23.02,143.2966667
2021/12/27,11:43:35,長野県北部,36°42.0′N,138°23.8′E,4 km,2.4,震度１,36.7,138.3966667
2021/12/28,4:08:54,千葉県北東部,35°44.9′N,140°40.9′E,46 km,3.5,震度１,35.74833333,140.6816667
2021/12/28,4:17:44,和歌山県北部,34°12.9′N,135°12.2′E,4 km,2.6,震度２,34.215,135.2033333
2021/12/28,7:52:54,岩手県沿岸北部,39°45.4′N,141°50.8′E,58 km,3.4,震度１,39.75666667,141.8466667
2021/12/28,9:07:30,トカラ列島近海,29°24.4′N,129°37.2′E,9 km,2.1,震度１,29.40666667,129.62
2021/12/28,11:59:30,熊本県天草・芦北地方,32°30.0′N,130°32.0′E,10 km,2.8,震度１,32.5,130.5333333
2021/12/29,2:18:14,釧路沖,43°04.0′N,145°10.1′E,19 km,3.2,震度１,43.06666667,145.1683333
2021/12/29,2:45:44,青森県東方沖,41°35.2′N,142°05.4′E,54 km,3.2,震度１,41.58666667,142.09
2021/12/29,4:23:11,京都府南部,35°04.4′N,135°36.6′E,12 km,2.8,震度１,35.07333333,135.61
2021/12/29,5:47:38,浦河沖,42°02.2′N,142°35.7′E,62 km,3.9,震度１,42.03666667,142.595
2021/12/29,7:08:38,長野県中部,36°07.4′N,137°38.5′E,6 km,2.4,震度１,36.12333333,137.6416667
2021/12/29,9:22:16,京都府南部,35°04.5′N,135°36.5′E,12 km,3.4,震度２,35.075,135.6083333
2021/12/29,11:33:06,東京都２３区,35°42.1′N,139°36.9′E,31 km,3.5,震度３,35.70166667,139.615
2021/12/29,22:08:10,トカラ列島近海,29°23.3′N,129°30.1′E,21 km,2.5,震度１,29.38833333,129.5016667
2021/12/30,8:53:51,熊本県熊本地方,32°30.2′N,130°38.3′E,10 km,2.9,震度１,32.50333333,130.6383333
2021/12/30,9:37:08,宮古島近海,25°12.9′N,125°37.6′E,35 km,4.2,震度１,25.215,125.6266667
2021/12/30,9:41:59,千葉県北西部,35°38.6′N,140°07.3′E,71 km,4.2,震度２,35.64333333,140.1216667
2021/12/30,12:59:15,岩手県沖,39°37.9′N,142°06.3′E,49 km,3.5,震度１,39.63166667,142.105
2021/12/30,15:47:09,与那国島近海,23°54.6′N,122°29.2′E,22 km,5.5,震度２,23.91,122.4866667
2021/12/30,17:45:37,宮古島近海,25°11.9′N,125°37.5′E,36 km,4.7,震度１,25.19833333,125.625
2021/12/31,4:02:07,和歌山県北部,34°16.8′N,135°16.2′E,8 km,3.3,震度２,34.28,135.27
2021/12/31,14:52:43,石川県能登地方,37°30.8′N,137°14.5′E,14 km,4.3,震度３,37.51333333,137.2416667
2021/12/31,23:17:20,岩手県内陸北部,40°12.9′N,141°05.4′E,8 km,2.6,震度１,40.215,141.09
2021/12/31,23:23:38,種子島近海,29°58.9′N,130°48.6′E,28 km,3.8,震度１,29.98166667,130.81
