date,time,epicenter,緯度,経度,depth,magnitude,maxshindo,lat,lng
2022/1/1,10:49:10,徳島県南部,33°36.5′N,134°16.0′E,35 km,3,震度１,33.60833333,134.2666667
2022/1/1,12:31:29,広島県北部,35°03.7′N,133°02.5′E,6 km,2.4,震度１,35.06166667,133.0416667
2022/1/1,16:02:28,宮古島近海,24°48.3′N,125°03.2′E,28 km,4,震度２,24.805,125.0533333
2022/1/2,3:49:32,石川県能登地方,37°30.0′N,137°12.7′E,13 km,3.6,震度２,37.5,137.2116667
2022/1/2,5:50:08,福島県会津,37°16.0′N,139°44.8′E,8 km,2.4,震度１,37.26666667,139.7466667
2022/1/2,5:53:27,福島県会津,37°16.0′N,139°44.7′E,6 km,2.4,震度１,37.26666667,139.745
2022/1/2,7:46:16,千葉県北東部,35°44.2′N,140°40.8′E,50 km,3.8,震度２,35.73666667,140.68
2022/1/2,10:50:55,千葉県南部,35°19.7′N,140°03.8′E,72 km,3.5,震度１,35.32833333,140.0633333
2022/1/2,16:12:00,新潟県上越地方,37°13.3′N,138°26.5′E,13 km,2,震度１,37.22166667,138.4416667
2022/1/2,21:49:02,伊豆大島近海,34°48.3′N,139°13.4′E,10 km,2.2,震度１,34.805,139.2233333
2022/1/2,23:17:23,紀伊水道,34°07.5′N,135°06.1′E,9 km,3.7,震度３,34.125,135.1016667
2022/1/3,4:16:24,福島県沖,37°00.7′N,141°20.4′E,44 km,3.4,震度１,37.01166667,141.34
2022/1/3,5:52:43,浦河沖,42°02.4′N,142°36.2′E,64 km,3.6,震度１,42.04,142.6033333
2022/1/3,7:08:39,若狭湾,35°52.3′N,135°58.6′E,11 km,3.1,震度１,35.87166667,135.9766667
2022/1/3,15:25:24,茨城県南部,36°04.6′N,139°51.2′E,47 km,3.1,震度１,36.07666667,139.8533333
2022/1/3,18:46:36,台湾付近,23°56.6′N,122°13.0′E,27 km,6.3,震度２,23.94333333,122.2166667
2022/1/3,19:04:36,宮城県沖,38°51.9′N,142°02.2′E,46 km,3.7,震度２,38.865,142.0366667
2022/1/4,5:06:48,日向灘,32°44.5′N,132°19.7′E,37 km,3.1,震度１,32.74166667,132.3283333
2022/1/4,6:08:52,父島近海,27°03.9′N,142°06.8′E,77 km,6.1,震度５強,27.065,142.1133333
2022/1/4,13:47:06,新潟県中越地方,36°49.6′N,138°44.7′E,4 km,2.7,震度１,36.82666667,138.745
2022/1/4,14:35:07,福島県沖,37°39.4′N,141°37.7′E,55 km,4.2,震度２,37.65666667,141.6283333
2022/1/4,15:47:22,北海道南西沖,41°34.5′N,139°20.1′E,17 km,4.1,震度１,41.575,139.335
2022/1/4,19:10:47,宮城県沖,38°21.4′N,142°06.8′E,37 km,3.8,震度１,38.35666667,142.1133333
2022/1/4,19:41:03,石川県能登地方,37°30.6′N,137°12.8′E,13 km,3.5,震度２,37.51,137.2133333
2022/1/4,20:37:13,福島県沖,37°33.1′N,141°28.3′E,54 km,3.9,震度１,37.55166667,141.4716667
2022/1/4,23:46:29,トカラ列島近海,29°17.2′N,129°07.3′E,11 km,2.5,震度１,29.28666667,129.1216667
2022/1/5,3:42:17,父島近海,27°11.2′N,141°07.9′E,82 km,,震度１,27.18666667,141.1316667
2022/1/5,21:34:16,茨城県南部,36°08.6′N,140°01.9′E,49 km,3.8,震度３,36.14333333,140.0316667
2022/1/5,22:45:31,宮城県沖,38°42.3′N,141°48.1′E,53 km,2.8,震度１,38.705,141.8016667
2022/1/6,17:33:34,茨城県南部,36°18.7′N,139°57.7′E,106 km,3.7,震度１,36.31166667,139.9616667
2022/1/7,1:59:13,和歌山県南部,33°54.1′N,135°24.1′E,52 km,3.8,震度２,33.90166667,135.4016667
2022/1/7,3:30:00,島根県西部,34°51.4′N,132°12.5′E,9 km,3.2,震度１,34.85666667,132.2083333
2022/1/7,7:24:52,沖縄本島近海,27°26.1′N,128°33.5′E,49 km,4.3,震度３,27.435,128.5583333
2022/1/7,8:24:40,橘湾,32°41.5′N,130°00.9′E,14 km,2.1,震度１,32.69166667,130.015
2022/1/7,14:32:00,宮古島近海,24°43.9′N,125°25.0′E,45 km,3.6,震度１,24.73166667,125.4166667
2022/1/7,18:19:31,長野県中部,36°16.8′N,138°02.6′E,3 km,2.1,震度１,36.28,138.0433333
2022/1/7,19:31:10,宮古島近海,24°44.6′N,125°25.2′E,46 km,3.1,震度１,24.74333333,125.42
2022/1/7,21:31:31,トカラ列島近海,29°15.0′N,129°09.1′E,12 km,3,震度１,29.25,129.1516667
2022/1/8,2:44:46,茨城県北部,36°45.1′N,140°34.8′E,10 km,2.9,震度１,36.75166667,140.58
2022/1/8,6:58:16,能登半島沖,37°31.0′N,137°12.8′E,13 km,2.6,震度１,37.51666667,137.2133333
2022/1/8,14:38:26,青森県東方沖,40°30.8′N,141°41.4′E,78 km,2.7,震度１,40.51333333,141.69
2022/1/8,21:37:26,沖縄本島近海,27°26.9′N,128°39.1′E,43 km,3.8,震度２,27.44833333,128.6516667
2022/1/9,3:51:21,トカラ列島近海,29°15.4′N,129°09.2′E,12 km,3.1,震度１,29.25666667,129.1533333
2022/1/9,5:11:46,福岡県北西沖,33°47.0′N,130°13.0′E,12 km,2.9,震度１,33.78333333,130.2166667
2022/1/9,10:10:39,宮古島近海,24°45.2′N,125°18.6′E,42 km,3.6,震度１,24.75333333,125.31
2022/1/9,23:50:07,石川県能登地方,37°30.1′N,137°17.5′E,12 km,2.4,震度１,37.50166667,137.2916667
2022/1/10,0:55:07,奄美大島近海,28°22.7′N,129°20.3′E,15 km,3.8,震度２,28.37833333,129.3383333
2022/1/10,3:25:11,石川県能登地方,37°29.9′N,137°12.5′E,12 km,3,震度１,37.49833333,137.2083333
2022/1/10,5:23:14,釧路沖,42°32.7′N,144°17.4′E,68 km,4.1,震度１,42.545,144.29
2022/1/10,23:09:20,父島近海,27°00.6′N,142°30.7′E,69 km,4.1,震度１,27.01,142.5116667
2022/1/11,4:18:50,茨城県沖,36°16.7′N,140°40.8′E,82 km,3.7,震度２,36.27833333,140.68
2022/1/11,9:52:42,宮城県沖,38°51.5′N,142°06.5′E,44 km,3.9,震度２,38.85833333,142.1083333
2022/1/11,12:23:50,大分県南部,32°59.7′N,131°54.8′E,10 km,3.9,震度３,32.995,131.9133333
2022/1/11,16:40:57,宮古島近海,25°03.0′N,125°40.4′E,63 km,4.3,震度１,25.05,125.6733333
2022/1/12,2:19:43,父島近海,27°02.7′N,142°23.2′E,71 km,4.2,震度２,27.045,142.3866667
2022/1/12,5:17:09,父島近海,26°59.1′N,142°38.3′E,55 km,4.4,震度１,26.985,142.6383333
2022/1/12,21:19:52,千葉県東方沖,35°26.5′N,140°28.7′E,57 km,3.3,震度１,35.44166667,140.4783333
2022/1/13,0:46:06,種子島近海,30°25.9′N,131°03.5′E,32 km,4.4,震度２,30.43166667,131.0583333
2022/1/13,0:48:21,種子島近海,30°25.9′N,131°03.0′E,33 km,3.2,震度１,30.43166667,131.05
2022/1/13,15:26:16,大隅半島東方沖,31°05.2′N,131°29.4′E,30 km,4.6,震度３,31.08666667,131.49
2022/1/14,0:56:49,千葉県東方沖,35°23.6′N,140°25.2′E,58 km,3.5,震度２,35.39333333,140.42
2022/1/14,6:55:32,父島近海,27°01.6′N,142°22.7′E,71 km,,震度２,27.02666667,142.3783333
2022/1/14,13:11:14,石川県能登地方,37°30.7′N,137°13.0′E,13 km,3.6,震度２,37.51166667,137.2166667
2022/1/15,9:21:50,若狭湾,35°47.2′N,135°49.5′E,14 km,3.7,震度１,35.78666667,135.825
2022/1/15,9:46:52,父島近海,27°00.2′N,142°10.6′E,73 km,,震度１,27.00333333,142.1766667
2022/1/15,10:28:16,宮城県沖,38°14.1′N,141°44.9′E,51 km,4.2,震度２,38.235,141.7483333
2022/1/15,14:42:54,茨城県南部,36°11.3′N,140°05.3′E,66 km,2.9,震度１,36.18833333,140.0883333
2022/1/15,19:56:46,宮城県沖,38°18.5′N,141°58.3′E,44 km,3.8,震度１,38.30833333,141.9716667
2022/1/15,22:52:02,根室半島南東沖,43°17.4′N,146°10.1′E,46 km,4,震度１,43.29,146.1683333
2022/1/15,23:41:59,根室半島南東沖,43°08.9′N,146°04.3′E,67 km,4.3,震度２,43.14833333,146.0716667
2022/1/16,10:40:55,紀伊水道,34°10.0′N,135°10.3′E,4 km,2.8,震度２,34.16666667,135.1716667
2022/1/16,17:15:41,台湾付近,24°06.3′N,122°16.2′E,52 km,5.4,震度１,24.105,122.27
2022/1/17,2:02:52,父島近海,27°04.3′N,142°00.5′E,67 km,,震度１,27.07166667,142.0083333
2022/1/18,3:35:36,父島近海,26°59.4′N,142°24.2′E,63 km,4.1,震度１,26.99,142.4033333
2022/1/18,3:37:07,父島近海,27°03.3′N,142°13.2′E,69 km,,震度１,27.055,142.22
2022/1/18,7:47:37,兵庫県南東部,35°12.3′N,135°10.5′E,15 km,2.9,震度１,35.205,135.175
2022/1/18,8:16:42,遠州灘,34°32.9′N,137°36.0′E,35 km,3.6,震度２,34.54833333,137.6
2022/1/18,14:05:13,岐阜県飛騨地方,36°02.2′N,137°31.5′E,5 km,2.2,震度１,36.03666667,137.525
2022/1/18,22:50:18,茨城県北部,36°50.7′N,140°37.6′E,8 km,4,震度２,36.845,140.6266667
2022/1/19,2:28:54,福島県沖,37°24.4′N,141°54.6′E,41 km,4.4,震度２,37.40666667,141.91
2022/1/19,3:34:46,日向灘,31°42.5′N,132°03.8′E,47 km,3.9,震度１,31.70833333,132.0633333
2022/1/19,16:34:55,熊本県熊本地方,32°48.5′N,130°37.2′E,14 km,3.3,震度２,32.80833333,130.62
2022/1/19,19:46:22,熊本県熊本地方,33°05.0′N,130°34.0′E,14 km,2.8,震度１,33.08333333,130.5666667
2022/1/20,4:39:10,岩手県沿岸北部,39°35.2′N,141°32.2′E,75 km,3.4,震度１,39.58666667,141.5366667
2022/1/20,5:25:09,トカラ列島近海,29°35.5′N,129°36.8′E,13 km,2.9,震度１,29.59166667,129.6133333
2022/1/20,8:14:50,新潟県中越地方,36°49.1′N,138°45.3′E,4 km,3.1,震度１,36.81833333,138.755
2022/1/20,18:35:45,鳥取県中部,35°24.5′N,133°50.4′E,7 km,2.3,震度１,35.40833333,133.84
2022/1/21,2:25:32,宮城県沖,38°47.6′N,142°02.7′E,35 km,3.5,震度１,38.79333333,142.045
2022/1/21,8:59:38,北海道東方沖,43°51.9′N,147°41.2′E,0 km,4.8,震度１,43.865,147.6866667
2022/1/22,1:08:38,日向灘,32°42.9′N,132°04.3′E,45 km,6.6,震度５強,32.715,132.0716667
2022/1/22,1:10:59,日向灘,32°43.5′N,132°04.3′E,43 km,3.6,震度１,32.725,132.0716667
2022/1/22,1:12:07,日向灘,32°43.2′N,132°03.7′E,37 km,3.9,震度１,32.72,132.0616667
2022/1/22,1:14:38,日向灘,32°41.0′N,132°01.2′E,38 km,3.6,震度１,32.68333333,132.02
2022/1/22,1:17:50,日向灘,32°42.7′N,132°04.5′E,37 km,3.9,震度２,32.71166667,132.075
2022/1/22,1:21:42,日向灘,32°42.5′N,132°03.5′E,38 km,4.5,震度３,32.70833333,132.0583333
2022/1/22,1:27:10,日向灘,32°43.9′N,132°04.7′E,39 km,3.6,震度１,32.73166667,132.0783333
2022/1/22,1:43:17,日向灘,32°43.3′N,132°03.8′E,37 km,3.5,震度１,32.72166667,132.0633333
2022/1/22,1:45:56,日向灘,32°43.7′N,132°03.6′E,38 km,3.3,震度１,32.72833333,132.06
2022/1/22,1:56:03,日向灘,32°42.4′N,132°03.9′E,38 km,3.5,震度１,32.70666667,132.065
2022/1/22,2:04:27,日向灘,32°41.8′N,132°02.5′E,39 km,2.8,震度１,32.69666667,132.0416667
2022/1/22,2:15:28,日向灘,32°41.1′N,132°04.4′E,39 km,3.6,震度１,32.685,132.0733333
2022/1/22,2:20:33,日向灘,32°39.0′N,132°00.9′E,39 km,4,震度２,32.65,132.015
2022/1/22,2:28:48,日向灘,32°41.9′N,132°02.3′E,41 km,3,震度１,32.69833333,132.0383333
2022/1/22,2:43:33,日向灘,32°39.9′N,132°01.6′E,40 km,4.1,震度３,32.665,132.0266667
2022/1/22,2:45:52,日向灘,32°41.1′N,132°00.7′E,35 km,3.4,震度１,32.685,132.0116667
2022/1/22,2:56:02,日向灘,32°41.3′N,132°02.1′E,42 km,3.5,震度１,32.68833333,132.035
2022/1/22,3:06:46,日向灘,32°37.8′N,132°00.1′E,39 km,3.6,震度１,32.63,132.0016667
2022/1/22,3:17:11,日向灘,32°44.1′N,132°04.5′E,45 km,4,震度２,32.735,132.075
2022/1/22,3:43:22,日向灘,32°38.7′N,132°00.1′E,39 km,4,震度２,32.645,132.0016667
2022/1/22,4:55:03,父島近海,27°03.2′N,142°14.2′E,74 km,,震度１,27.05333333,142.2366667
2022/1/22,5:01:58,日向灘,32°39.3′N,132°04.9′E,36 km,3.7,震度１,32.655,132.0816667
2022/1/22,5:08:43,日向灘,32°41.7′N,132°01.9′E,39 km,3.4,震度１,32.695,132.0316667
2022/1/22,5:31:51,日向灘,32°43.0′N,132°03.5′E,38 km,4.7,震度３,32.71666667,132.0583333
2022/1/22,6:34:42,日向灘,32°44.5′N,132°04.7′E,44 km,3.7,震度１,32.74166667,132.0783333
2022/1/22,6:48:14,日向灘,32°42.6′N,132°01.9′E,37 km,4.1,震度３,32.71,132.0316667
2022/1/22,8:32:49,日向灘,32°42.5′N,132°03.6′E,39 km,3.5,震度２,32.70833333,132.06
2022/1/22,10:00:59,日向灘,32°42.6′N,132°01.9′E,39 km,3.3,震度１,32.71,132.0316667
2022/1/22,10:04:13,日向灘,32°41.0′N,132°01.2′E,40 km,3.4,震度２,32.68333333,132.02
2022/1/22,11:05:47,日向灘,32°42.1′N,132°02.2′E,40 km,3.1,震度１,32.70166667,132.0366667
2022/1/22,11:48:33,日向灘,32°42.3′N,132°03.1′E,40 km,3.3,震度１,32.705,132.0516667
2022/1/22,11:57:36,日向灘,32°42.7′N,132°03.8′E,40 km,3.6,震度１,32.71166667,132.0633333
2022/1/22,13:05:48,根室半島南東沖,43°18.5′N,145°54.7′E,90 km,4.1,震度２,43.30833333,145.9116667
2022/1/22,13:20:53,日向灘,32°42.7′N,132°01.9′E,40 km,4.1,震度３,32.71166667,132.0316667
2022/1/22,14:18:09,鳥取県中部,35°24.5′N,133°50.4′E,7 km,2.3,震度１,35.40833333,133.84
2022/1/22,16:25:52,日向灘,32°40.6′N,132°01.0′E,38 km,2.7,震度１,32.67666667,132.0166667
2022/1/22,20:53:42,日向灘,32°42.2′N,132°02.7′E,41 km,3.1,震度１,32.70333333,132.045
2022/1/22,22:30:54,福島県沖,37°21.0′N,141°19.1′E,29 km,3,震度１,37.35,141.3183333
2022/1/23,0:53:20,日向灘,32°42.1′N,132°02.7′E,41 km,3.2,震度１,32.70166667,132.045
2022/1/23,9:57:21,佐渡付近,38°31.8′N,138°16.3′E,12 km,4.3,震度２,38.53,138.2716667
2022/1/23,10:07:53,青森県東方沖,41°12.2′N,142°15.1′E,51 km,3.6,震度１,41.20333333,142.2516667
2022/1/23,13:17:15,父島近海,26°58.8′N,141°33.5′E,8 km,4.7,震度１,26.98,141.5583333
2022/1/23,13:41:40,日向灘,32°42.7′N,132°02.2′E,39 km,3.1,震度１,32.71166667,132.0366667
2022/1/23,14:46:00,日向灘,32°42.9′N,132°04.0′E,39 km,3.6,震度１,32.715,132.0666667
2022/1/23,19:10:41,奄美大島近海,28°17.7′N,129°26.8′E,32 km,3.6,震度２,28.295,129.4466667
2022/1/23,19:15:42,日向灘,32°42.9′N,132°03.6′E,37 km,3.7,震度２,32.715,132.06
2022/1/23,22:24:09,父島近海,26°09.6′N,142°15.6′E,62 km,4.4,震度２,26.16,142.26
2022/1/24,19:58:04,父島近海,27°03.4′N,142°30.3′E,65 km,4.2,震度１,27.05666667,142.505
2022/1/24,20:38:00,日向灘,32°40.5′N,132°00.9′E,34 km,3.3,震度１,32.675,132.015
2022/1/25,13:00:17,宗谷地方北部,45°00.4′N,142°00.3′E,20 km,2.6,震度１,45.00666667,142.005
2022/1/26,9:07:07,和歌山県北部,33°57.8′N,135°16.4′E,6 km,2.7,震度１,33.96333333,135.2733333
2022/1/26,14:49:16,茨城県南部,36°02.5′N,139°54.1′E,44 km,3,震度１,36.04166667,139.9016667
2022/1/26,16:22:09,日向灘,32°39.9′N,132°00.7′E,38 km,3.3,震度１,32.665,132.0116667
2022/1/27,4:27:27,和歌山県北部,34°13.5′N,135°09.6′E,6 km,2,震度１,34.225,135.16
2022/1/27,6:09:15,茨城県南部,36°02.2′N,140°23.0′E,55 km,4.1,震度２,36.03666667,140.3833333
2022/1/27,8:51:22,日向灘,32°42.2′N,132°01.6′E,37 km,3.4,震度１,32.70333333,132.0266667
2022/1/27,21:11:26,根室半島南東沖,43°02.4′N,145°49.7′E,40 km,3.3,震度１,43.04,145.8283333
2022/1/28,0:25:08,奈良県,34°06.2′N,135°34.8′E,59 km,3.9,震度２,34.10333333,135.58
2022/1/28,4:06:04,日向灘,32°38.8′N,131°59.8′E,34 km,3.8,震度２,32.64666667,131.9966667
2022/1/28,10:35:03,宮城県沖,38°13.8′N,141°43.0′E,52 km,4,震度２,38.23,141.7166667
2022/1/28,16:32:46,岐阜県飛騨地方,35°53.2′N,137°18.2′E,9 km,2.7,震度１,35.88666667,137.3033333
2022/1/29,6:00:33,岩手県沖,39°04.8′N,142°24.1′E,47 km,4.7,震度３,39.08,142.4016667
2022/1/29,6:22:01,岩手県沖,39°04.6′N,142°24.1′E,46 km,4,震度２,39.07666667,142.4016667
2022/1/29,10:59:12,和歌山県北部,34°01.0′N,135°12.8′E,6 km,3.7,震度３,34.01666667,135.2133333
2022/1/29,18:29:14,青森県東方沖,41°21.5′N,142°03.8′E,27 km,3.9,震度１,41.35833333,142.0633333
2022/1/29,21:34:08,宮城県沖,38°19.0′N,142°02.7′E,36 km,3.9,震度１,38.31666667,142.045
2022/1/30,2:14:25,和歌山県北部,34°01.0′N,135°12.8′E,6 km,2.8,震度２,34.01666667,135.2133333
2022/1/30,8:26:50,奈良県,33°57.7′N,135°42.5′E,45 km,3.6,震度２,33.96166667,135.7083333
2022/1/30,15:35:56,奈良県,34°41.4′N,135°56.6′E,9 km,4,震度３,34.69,135.9433333
2022/1/30,15:50:13,宮城県沖,38°16.5′N,141°56.2′E,45 km,3.6,震度１,38.275,141.9366667
2022/1/30,15:57:35,奈良県,34°41.5′N,135°56.6′E,9 km,2.9,震度１,34.69166667,135.9433333
2022/1/30,17:12:06,岩手県内陸北部,40°07.3′N,141°09.5′E,10 km,3.3,震度１,40.12166667,141.1583333
2022/1/31,0:38:53,茨城県北部,36°41.9′N,140°35.1′E,10 km,3.8,震度３,36.69833333,140.585
2022/1/31,1:02:58,トカラ列島近海,29°21.8′N,129°32.2′E,9 km,2.5,震度１,29.36333333,129.5366667
2022/1/31,2:10:18,長野県中部,36°10.2′N,137°57.8′E,10 km,2.9,震度１,36.17,137.9633333
2022/1/31,9:55:46,五島列島近海,33°06.8′N,129°36.4′E,12 km,3.1,震度１,33.11333333,129.6066667
2022/1/31,12:02:02,千葉県東方沖,35°41.2′N,140°45.4′E,47 km,3.4,震度１,35.68666667,140.7566667
2022/1/31,18:00:07,千葉県北西部,35°37.9′N,140°06.3′E,69 km,3.8,震度２,35.63166667,140.105
2022/2/1,4:33:59,神奈川県東部,35°21.3′N,139°32.7′E,100 km,3.9,震度３,35.355,139.545
2022/2/1,7:35:46,福井県嶺北,36°03.9′N,136°13.2′E,9 km,1.7,震度１,36.065,136.22
2022/2/1,8:08:21,岩手県沖,39°04.6′N,142°24.0′E,47 km,3.9,震度２,39.07666667,142.4
2022/2/1,10:15:18,千葉県東方沖,35°48.2′N,140°53.9′E,12 km,4,震度２,35.80333333,140.8983333
2022/2/1,22:32:26,日向灘,32°42.9′N,132°03.5′E,39 km,2.8,震度１,32.715,132.0583333
2022/2/2,12:02:36,茨城県南部,36°08.4′N,139°51.5′E,50 km,3.6,震度２,36.14,139.8583333
2022/2/3,3:06:43,茨城県沖,35°54.2′N,140°50.8′E,40 km,3.7,震度２,35.90333333,140.8466667
2022/2/3,3:36:02,千葉県東方沖,35°49.0′N,140°55.3′E,29 km,4.3,震度２,35.81666667,140.9216667
2022/2/3,12:33:46,青森県東方沖,40°53.6′N,142°04.4′E,57 km,3.3,震度１,40.89333333,142.0733333
2022/2/3,13:35:47,千葉県東方沖,35°48.8′N,140°55.1′E,29 km,2.9,震度１,35.81333333,140.9183333
2022/2/3,16:46:03,千葉県東方沖,35°49.2′N,140°54.8′E,28 km,3.4,震度１,35.82,140.9133333
2022/2/4,0:34:00,天草灘,32°18.2′N,129°46.4′E,13 km,3.7,震度２,32.30333333,129.7733333
2022/2/4,2:23:32,天草灘,32°18.4′N,129°46.7′E,13 km,3,震度１,32.30666667,129.7783333
2022/2/4,2:26:13,釧路沖,42°56.8′N,145°16.5′E,51 km,3.3,震度１,42.94666667,145.275
2022/2/4,3:38:44,新潟県中越地方,36°48.7′N,138°47.9′E,3 km,2.5,震度１,36.81166667,138.7983333
2022/2/4,8:17:14,日向灘,32°42.7′N,132°03.2′E,39 km,3.8,震度２,32.71166667,132.0533333
2022/2/4,11:36:41,日向灘,32°41.0′N,132°02.3′E,41 km,3.5,震度２,32.68333333,132.0383333
2022/2/4,15:39:04,和歌山県北部,34°03.0′N,135°16.8′E,6 km,2.4,震度１,34.05,135.28
2022/2/4,21:02:20,石川県能登地方,37°30.6′N,137°12.3′E,12 km,2.8,震度１,37.51,137.205
2022/2/5,6:21:05,長野県南部,35°46.4′N,137°33.8′E,7 km,2.3,震度１,35.77333333,137.5633333
2022/2/5,10:42:45,愛知県西部,35°15.6′N,137°30.7′E,48 km,2.9,震度１,35.26,137.5116667
2022/2/5,14:54:25,和歌山県北部,34°10.0′N,135°11.3′E,4 km,2,震度１,34.16666667,135.1883333
2022/2/5,22:02:07,日向灘,32°41.0′N,132°03.9′E,35 km,3.1,震度１,32.68333333,132.065
2022/2/6,0:24:38,群馬県北部,36°40.0′N,139°18.2′E,8 km,2.4,震度１,36.66666667,139.3033333
2022/2/6,7:25:05,天草灘,32°18.4′N,129°46.8′E,12 km,2.9,震度１,32.30666667,129.78
2022/2/6,7:30:10,青森県東方沖,41°33.9′N,142°06.0′E,54 km,4.3,震度２,41.565,142.1
2022/2/6,13:15:32,神奈川県東部,35°32.4′N,139°33.9′E,69 km,3.5,震度２,35.54,139.565
2022/2/6,17:21:28,宮古島近海,24°44.2′N,125°25.2′E,47 km,3.4,震度１,24.73666667,125.42
2022/2/6,19:15:00,茨城県南部,36°04.3′N,139°52.6′E,46 km,4,震度３,36.07166667,139.8766667
2022/2/6,19:36:09,沖縄本島近海,26°19.4′N,127°42.2′E,15 km,2.8,震度１,26.32333333,127.7033333
2022/2/7,5:06:14,父島近海,27°03.6′N,142°19.8′E,75 km,4,震度１,27.06,142.33
2022/2/7,17:59:24,石川県能登地方,37°30.5′N,137°14.8′E,13 km,4.1,震度３,37.50833333,137.2466667
2022/2/8,3:28:44,宮城県沖,38°10.7′N,141°42.6′E,51 km,3.9,震度２,38.17833333,141.71
2022/2/8,18:05:21,岐阜県美濃中西部,35°21.0′N,136°33.2′E,12 km,3,震度１,35.35,136.5533333
2022/2/9,1:03:54,沖縄本島北西沖,26°47.7′N,126°27.1′E,10 km,4.6,震度１,26.795,126.4516667
2022/2/9,1:34:18,沖縄本島北西沖,26°49.4′N,126°24.6′E,28 km,3.7,震度１,26.82333333,126.41
2022/2/9,1:36:30,沖縄本島北西沖,26°49.3′N,126°16.9′E,28 km,5.6,震度２,26.82166667,126.2816667
2022/2/9,2:04:56,沖縄本島北西沖,26°48.2′N,126°22.3′E,16 km,3.6,震度１,26.80333333,126.3716667
2022/2/9,3:06:07,沖縄本島北西沖,26°52.2′N,126°24.5′E,22 km,3.7,震度１,26.87,126.4083333
2022/2/9,3:16:29,沖縄本島北西沖,26°49.9′N,126°23.9′E,22 km,3.9,震度１,26.83166667,126.3983333
2022/2/9,4:34:06,沖縄本島北西沖,26°46.4′N,126°22.0′E,27 km,4.4,震度１,26.77333333,126.3666667
2022/2/9,7:41:46,沖縄本島北西沖,26°46.9′N,126°21.7′E,19 km,5.4,震度２,26.78166667,126.3616667
2022/2/9,8:54:41,宮古島近海,24°43.4′N,125°25.0′E,45 km,3.8,震度１,24.72333333,125.4166667
2022/2/9,14:41:05,山形県庄内地方,38°58.0′N,139°59.8′E,18 km,3.3,震度１,38.96666667,139.9966667
2022/2/9,17:47:52,奄美大島近海,28°00.2′N,129°20.7′E,39 km,3.3,震度２,28.00333333,129.345
2022/2/9,18:47:32,茨城県沖,36°14.0′N,140°59.2′E,45 km,3.5,震度１,36.23333333,140.9866667
2022/2/10,2:07:57,宮城県北部,38°44.3′N,141°33.3′E,59 km,3.8,震度２,38.73833333,141.555
2022/2/10,6:23:40,日向灘,32°40.0′N,131°52.0′E,48 km,2.9,震度１,32.66666667,131.8666667
2022/2/10,14:44:21,長野県南部,35°51.0′N,137°41.1′E,7 km,2.1,震度１,35.85,137.685
2022/2/10,15:54:01,福島県会津,37°46.6′N,140°03.7′E,6 km,3.2,震度１,37.77666667,140.0616667
2022/2/11,6:32:50,島根県東部,35°22.0′N,133°01.9′E,9 km,4,震度２,35.36666667,133.0316667
2022/2/11,9:04:55,福島県沖,37°01.9′N,141°09.6′E,18 km,4.4,震度２,37.03166667,141.16
2022/2/11,9:42:38,十勝沖,42°08.3′N,143°25.7′E,17 km,3.9,震度１,42.13833333,143.4283333
2022/2/11,20:40:42,新潟県上中越沖,37°18.1′N,138°19.6′E,21 km,3.3,震度２,37.30166667,138.3266667
2022/2/11,20:44:35,新潟県上中越沖,37°18.1′N,138°19.3′E,22 km,3.2,震度２,37.30166667,138.3216667
2022/2/12,1:43:12,台湾付近,23°55.7′N,122°17.5′E,17 km,5.8,震度２,23.92833333,122.2916667
2022/2/12,8:22:32,日向灘,32°40.3′N,132°01.3′E,42 km,3.9,震度２,32.67166667,132.0216667
2022/2/12,12:10:19,福島県沖,37°23.4′N,141°46.2′E,41 km,3.7,震度１,37.39,141.77
2022/2/12,12:52:32,石川県能登地方,37°31.1′N,137°19.0′E,13 km,3.2,震度２,37.51833333,137.3166667
2022/2/12,14:12:16,茨城県南部,36°04.5′N,139°54.2′E,46 km,3,震度１,36.075,139.9033333
2022/2/13,6:00:46,十勝地方中部,42°39.8′N,143°32.2′E,74 km,3.8,震度１,42.66333333,143.5366667
2022/2/13,10:05:58,福島県浜通り,37°10.1′N,140°54.9′E,92 km,3.7,震度１,37.16833333,140.915
2022/2/13,10:14:33,トカラ列島近海,29°21.5′N,129°36.0′E,21 km,2.3,震度１,29.35833333,129.6
2022/2/13,10:28:36,根室半島南東沖,43°11.9′N,145°59.6′E,44 km,3.5,震度１,43.19833333,145.9933333
2022/2/13,11:09:13,福島県会津,37°46.2′N,140°03.4′E,6 km,3.2,震度１,37.77,140.0566667
2022/2/13,15:50:34,十勝沖,42°22.6′N,144°03.9′E,61 km,4.6,震度３,42.37666667,144.065
2022/2/13,16:15:02,トカラ列島近海,29°25.8′N,129°38.6′E,7 km,2.1,震度２,29.43,129.6433333
2022/2/13,17:34:59,宮城県沖,38°35.2′N,142°02.5′E,51 km,3.8,震度１,38.58666667,142.0416667
2022/2/13,20:53:09,釧路沖,42°21.6′N,144°32.7′E,23 km,4.2,震度１,42.36,144.545
2022/2/14,4:03:34,鹿児島県大隅地方,31°37.8′N,130°57.9′E,7 km,3.4,震度２,31.63,130.965
2022/2/14,5:26:38,熊本県熊本地方,32°46.3′N,130°44.3′E,10 km,2.2,震度１,32.77166667,130.7383333
2022/2/14,11:48:19,宮古島近海,24°10.7′N,125°19.6′E,54 km,4.2,震度１,24.17833333,125.3266667
2022/2/14,13:09:47,日向灘,32°39.0′N,131°59.9′E,35 km,3.5,震度２,32.65,131.9983333
2022/2/14,17:10:48,若狭湾,35°37.9′N,135°42.8′E,10 km,3.1,震度１,35.63166667,135.7133333
2022/2/14,22:37:49,千葉県北東部,35°54.4′N,140°32.7′E,46 km,4.4,震度２,35.90666667,140.545
2022/2/15,2:34:49,茨城県沖,36°40.4′N,141°00.3′E,46 km,3.3,震度１,36.67333333,141.005
2022/2/15,4:17:41,奄美大島北東沖,28°51.4′N,130°09.7′E,54 km,4.3,震度２,28.85666667,130.1616667
2022/2/15,22:59:15,トカラ列島近海,29°22.3′N,129°32.6′E,13 km,3.1,震度２,29.37166667,129.5433333
2022/2/16,2:58:11,福島県沖,37°46.1′N,141°58.2′E,36 km,4.3,震度２,37.76833333,141.97
2022/2/17,0:23:01,与那国島近海,24°22.6′N,122°58.8′E,49 km,3.5,震度１,24.37666667,122.98
2022/2/17,8:05:18,和歌山県北部,34°09.9′N,135°11.3′E,4 km,2.4,震度１,34.165,135.1883333
2022/2/17,8:16:08,日向灘,32°41.7′N,132°02.8′E,41 km,3.5,震度１,32.695,132.0466667
2022/2/17,12:40:07,茨城県北部,36°48.8′N,140°35.0′E,7 km,3.2,震度１,36.81333333,140.5833333
2022/2/17,15:31:49,東京湾,35°32.8′N,139°57.7′E,81 km,3.2,震度１,35.54666667,139.9616667
2022/2/17,18:17:45,浦河沖,42°02.5′N,142°32.2′E,57 km,5,震度３,42.04166667,142.5366667
2022/2/17,22:15:43,宮古島近海,25°01.0′N,125°36.8′E,54 km,4.3,震度２,25.01666667,125.6133333
2022/2/18,11:55:06,宮城県沖,38°10.4′N,141°42.8′E,52 km,5.3,震度４,38.17333333,141.7133333
2022/2/19,1:12:38,沖縄本島近海,26°36.2′N,127°56.2′E,38 km,3.4,震度２,26.60333333,127.9366667
2022/2/19,2:34:31,種子島近海,30°43.6′N,131°10.9′E,33 km,3.9,震度２,30.72666667,131.1816667
2022/2/19,7:43:55,福島県沖,37°08.0′N,141°03.9′E,54 km,3.6,震度２,37.13333333,141.065
2022/2/19,10:11:39,栃木県南部,36°22.6′N,139°28.6′E,84 km,3.3,震度１,36.37666667,139.4766667
2022/2/19,13:17:10,茨城県南部,36°11.4′N,140°03.1′E,71 km,3,震度１,36.19,140.0516667
2022/2/19,20:56:42,奄美大島近海,28°46.6′N,130°02.0′E,33 km,3.6,震度１,28.77666667,130.0333333
2022/2/20,11:26:29,トカラ列島近海,29°17.4′N,129°11.2′E,7 km,2,震度１,29.29,129.1866667
2022/2/20,11:29:11,トカラ列島近海,29°16.5′N,129°07.7′E,11 km,2.3,震度２,29.275,129.1283333
2022/2/20,11:30:27,トカラ列島近海,29°16.7′N,129°06.6′E,12 km,3.2,震度３,29.27833333,129.11
2022/2/20,11:31:01,トカラ列島近海,29°18.9′N,129°13.1′E,3 km,2.4,震度１,29.315,129.2183333
2022/2/20,11:33:26,トカラ列島近海,29°14.3′N,129°14.7′E,16 km,2.7,震度２,29.23833333,129.245
2022/2/20,11:39:52,トカラ列島近海,29°14.7′N,129°15.5′E,9 km,2.5,震度２,29.245,129.2583333
2022/2/20,11:49:19,トカラ列島近海,29°16.1′N,129°15.6′E,8 km,1.9,震度１,29.26833333,129.26
2022/2/20,12:15:19,トカラ列島近海,29°16.7′N,129°12.7′E,11 km,2.3,震度１,29.27833333,129.2116667
2022/2/21,7:11:39,遠州灘,34°04.5′N,137°20.7′E,356 km,5,震度２,34.075,137.345
2022/2/21,10:12:51,茨城県沖,36°13.9′N,140°59.3′E,43 km,4.4,震度３,36.23166667,140.9883333
2022/2/21,11:13:19,宮城県沖,38°38.4′N,141°54.2′E,47 km,3.6,震度１,38.64,141.9033333
2022/2/21,11:24:31,奄美大島近海,28°46.1′N,130°02.7′E,36 km,4.7,震度２,28.76833333,130.045
2022/2/21,11:38:56,茨城県沖,35°53.6′N,140°49.8′E,41 km,3.6,震度１,35.89333333,140.83
2022/2/22,0:36:51,トカラ列島近海,29°22.1′N,129°03.9′E,15 km,3.5,震度１,29.36833333,129.065
2022/2/22,1:56:35,根室地方南部,43°13.7′N,145°22.5′E,100 km,3.9,震度２,43.22833333,145.375
2022/2/22,4:28:15,福島県沖,37°42.3′N,141°39.7′E,54 km,3.9,震度１,37.705,141.6616667
2022/2/22,5:52:31,沖縄本島北西沖,26°51.0′N,126°20.3′E,17 km,5.8,震度２,26.85,126.3383333
2022/2/22,11:05:18,福島県沖,37°42.6′N,141°39.7′E,54 km,4,震度１,37.71,141.6616667
2022/2/22,18:34:06,千葉県東方沖,35°39.6′N,140°57.6′E,19 km,2.7,震度１,35.66,140.96
2022/2/22,19:55:20,石川県能登地方,37°28.0′N,137°11.4′E,12 km,3,震度１,37.46666667,137.19
2022/2/22,21:23:50,浦河沖,42°15.8′N,142°31.9′E,72 km,3.5,震度１,42.26333333,142.5316667
2022/2/23,0:02:48,鹿児島県薩摩地方,31°58.6′N,130°31.6′E,6 km,2.9,震度１,31.97666667,130.5266667
2022/2/23,0:46:09,鹿児島県大隅地方,31°37.8′N,130°57.8′E,7 km,3.1,震度２,31.63,130.9633333
2022/2/23,14:17:43,石川県能登地方,37°30.0′N,137°13.4′E,11 km,3,震度１,37.5,137.2233333
2022/2/23,17:25:21,釧路沖,42°57.9′N,145°25.9′E,46 km,3.9,震度２,42.965,145.4316667
2022/2/23,19:16:29,岩手県沿岸北部,39°45.5′N,141°49.9′E,58 km,3.5,震度１,39.75833333,141.8316667
2022/2/23,21:02:13,青森県東方沖,40°39.6′N,141°55.6′E,64 km,3.3,震度１,40.66,141.9266667
2022/2/24,4:53:15,沖縄本島北西沖,26°51.4′N,126°22.9′E,29 km,4.9,震度２,26.85666667,126.3816667
2022/2/24,5:02:49,沖縄本島北西沖,26°48.5′N,126°28.3′E,27 km,3.6,震度１,26.80833333,126.4716667
2022/2/24,5:05:45,和歌山県南部,33°53.1′N,135°50.9′E,16 km,3.4,震度２,33.885,135.8483333
2022/2/24,6:04:11,茨城県沖,36°14.4′N,140°55.7′E,43 km,3.7,震度１,36.24,140.9283333
2022/2/24,14:18:49,宮城県沖,37°54.6′N,141°56.8′E,44 km,4.2,震度２,37.91,141.9466667
2022/2/24,19:50:02,橘湾,32°47.0′N,130°06.0′E,7 km,3,震度２,32.78333333,130.1
2022/2/25,8:46:41,宮城県沖,38°28.3′N,142°01.4′E,43 km,4.3,震度２,38.47166667,142.0233333
2022/2/25,17:50:53,沖縄本島北西沖,26°48.6′N,126°22.0′E,29 km,5.4,震度２,26.81,126.3666667
2022/2/25,20:10:28,択捉島南東沖,44°03.9′N,147°54.3′E,0 km,4.8,震度１,44.065,147.905
2022/2/26,4:34:37,沖縄本島近海,26°23.8′N,127°43.2′E,17 km,3,震度１,26.39666667,127.72
2022/2/26,8:32:02,福島県沖,37°30.7′N,141°24.0′E,49 km,4.5,震度３,37.51166667,141.4
2022/2/26,10:35:06,紀伊水道,33°57.5′N,134°47.9′E,43 km,3.5,震度１,33.95833333,134.7983333
2022/2/26,13:07:06,岐阜県飛騨地方,36°21.8′N,137°37.5′E,0 km,3.1,震度２,36.36333333,137.625
2022/2/26,13:12:48,岐阜県飛騨地方,36°21.7′N,137°37.5′E,0 km,2.6,震度１,36.36166667,137.625
2022/2/26,14:49:51,岩手県沖,39°15.9′N,142°27.1′E,41 km,4.8,震度２,39.265,142.4516667
2022/2/26,17:08:58,岐阜県美濃中西部,35°47.8′N,136°50.0′E,10 km,2.6,震度１,35.79666667,136.8333333
2022/2/26,17:33:23,福島県沖,37°39.4′N,141°38.8′E,56 km,3.8,震度１,37.65666667,141.6466667
2022/2/27,10:20:26,父島近海,26°57.4′N,142°40.2′E,56 km,,震度１,26.95666667,142.67
2022/2/27,13:39:26,石川県能登地方,37°27.9′N,137°11.2′E,12 km,2.9,震度１,37.465,137.1866667
2022/2/27,20:11:08,根室半島南東沖,42°49.8′N,146°31.1′E,20 km,4.5,震度１,42.83,146.5183333
2022/2/27,21:17:17,根室半島南東沖,42°50.6′N,146°32.5′E,20 km,4.3,震度１,42.84333333,146.5416667
2022/2/28,1:50:02,沖縄本島近海,26°55.8′N,128°29.4′E,46 km,4.1,震度２,26.93,128.49
2022/2/28,8:08:01,福島県沖,37°41.4′N,141°35.1′E,49 km,4.1,震度１,37.69,141.585
2022/2/28,13:03:01,沖縄本島北西沖,26°43.3′N,126°22.0′E,20 km,3.6,震度１,26.72166667,126.3666667
2022/2/28,23:36:11,長野県中部,36°16.4′N,138°20.1′E,7 km,2.3,震度１,36.27333333,138.335
2022/3/1,7:04:42,北海道東方沖,43°37.9′N,147°48.0′E,55 km,5.1,震度１,43.63166667,147.8
2022/3/1,19:54:08,岐阜県美濃中西部,35°17.5′N,136°30.1′E,6 km,2.5,震度２,35.29166667,136.5016667
2022/3/2,5:48:18,長野県中部,36°16.2′N,138°20.0′E,7 km,2.2,震度１,36.27,138.3333333
2022/3/2,9:08:03,茨城県南部,36°04.5′N,139°52.3′E,45 km,3.5,震度２,36.075,139.8716667
2022/3/2,10:30:47,石川県能登地方,37°31.4′N,137°17.2′E,13 km,3.1,震度１,37.52333333,137.2866667
2022/3/3,4:30:48,沖縄本島北西沖,26°52.6′N,126°25.3′E,20 km,3.8,震度１,26.87666667,126.4216667
2022/3/3,8:53:53,日向灘,32°42.3′N,132°01.4′E,37 km,3.6,震度２,32.705,132.0233333
2022/3/3,18:39:33,熊本県天草・芦北地方,32°13.4′N,130°20.2′E,12 km,2.7,震度１,32.22333333,130.3366667
2022/3/3,22:03:40,石川県能登地方,37°31.3′N,137°18.7′E,13 km,3,震度１,37.52166667,137.3116667
2022/3/3,22:28:53,福岡県北西沖,33°41.8′N,130°16.0′E,12 km,3.1,震度１,33.69666667,130.2666667
2022/3/4,16:01:32,石川県能登地方,37°31.3′N,137°18.8′E,12 km,2.8,震度１,37.52166667,137.3133333
2022/3/4,19:56:44,和歌山県北部,33°55.6′N,135°17.3′E,8 km,2.9,震度１,33.92666667,135.2883333
2022/3/5,7:29:47,三陸沖,39°33.6′N,143°39.7′E,13 km,5.2,震度１,39.56,143.6616667
2022/3/5,10:28:04,茨城県沖,36°33.3′N,141°10.3′E,42 km,3.8,震度１,36.555,141.1716667
2022/3/5,21:31:01,三重県中部,34°25.2′N,136°21.7′E,7 km,2.7,震度１,34.42,136.3616667
2022/3/6,2:53:34,沖縄本島近海,27°15.5′N,128°24.5′E,47 km,3.4,震度１,27.25833333,128.4083333
2022/3/6,10:13:33,奄美大島近海,27°59.9′N,130°14.9′E,35 km,5.1,震度３,27.99833333,130.2483333
2022/3/6,10:50:55,茨城県北部,36°33.5′N,140°28.1′E,90 km,3.1,震度１,36.55833333,140.4683333
2022/3/6,13:56:21,宮城県沖,38°48.6′N,141°58.7′E,55 km,3.5,震度１,38.81,141.9783333
2022/3/6,19:03:26,宮城県沖,38°32.2′N,141°43.8′E,53 km,3.6,震度１,38.53666667,141.73
2022/3/7,1:24:35,宮城県沖,38°55.3′N,141°55.9′E,51 km,3.7,震度２,38.92166667,141.9316667
2022/3/7,2:01:24,秋田県内陸南部,39°34.8′N,140°30.5′E,7 km,3.5,震度２,39.58,140.5083333
2022/3/7,10:34:13,宮城県沖,37°56.5′N,142°15.6′E,32 km,4.4,震度１,37.94166667,142.26
2022/3/7,16:36:07,石川県能登地方,37°27.5′N,137°15.4′E,10 km,3.4,震度２,37.45833333,137.2566667
2022/3/7,19:09:23,十勝沖,42°07.0′N,144°27.4′E,7 km,4.8,震度１,42.11666667,144.4566667
2022/3/8,1:06:27,石川県能登地方,37°27.5′N,137°15.4′E,11 km,3.9,震度３,37.45833333,137.2566667
2022/3/8,1:25:10,千葉県南部,35°17.7′N,140°04.3′E,70 km,3.4,震度１,35.295,140.0716667
2022/3/8,1:58:50,能登半島沖,37°31.4′N,137°14.2′E,14 km,4.8,震度４,37.52333333,137.2366667
2022/3/8,2:00:07,石川県能登地方,37°30.8′N,137°14.2′E,13 km,3.6,震度２,37.51333333,137.2366667
2022/3/8,4:01:48,福島県沖,37°38.5′N,141°35.1′E,52 km,4,震度２,37.64166667,141.585
2022/3/8,5:02:03,山口県中部,34°11.1′N,131°43.8′E,11 km,3.2,震度１,34.185,131.73
2022/3/8,18:50:50,神奈川県東部,35°36.1′N,139°28.2′E,27 km,2.6,震度１,35.60166667,139.47
2022/3/9,0:48:32,有明海,32°54.6′N,130°27.5′E,13 km,2.6,震度１,32.91,130.4583333
2022/3/9,8:31:12,山口県中部,34°11.0′N,131°43.9′E,11 km,3.6,震度１,34.18333333,131.7316667
2022/3/9,14:48:35,上川地方中部,43°36.0′N,142°29.8′E,10 km,2.2,震度２,43.6,142.4966667
2022/3/9,15:52:21,八丈島東方沖,33°27.2′N,140°49.6′E,56 km,4.4,震度１,33.45333333,140.8266667
2022/3/9,19:39:16,三重県南東沖,33°19.2′N,137°59.6′E,340 km,3.5,震度１,33.32,137.9933333
2022/3/9,20:02:16,熊本県熊本地方,32°41.9′N,130°42.9′E,18 km,3.1,震度１,32.69833333,130.715
2022/3/10,2:10:40,石川県能登地方,37°30.8′N,137°14.5′E,13 km,3.1,震度１,37.51333333,137.2416667
2022/3/10,17:24:13,石川県能登地方,37°30.3′N,137°17.8′E,13 km,3.6,震度３,37.505,137.2966667
2022/3/10,18:36:52,釧路沖,42°41.4′N,144°53.7′E,84 km,3.7,震度１,42.69,144.895
2022/3/10,19:32:08,石川県能登地方,37°30.2′N,137°17.9′E,13 km,3.7,震度３,37.50333333,137.2983333
2022/3/10,19:34:58,福島県会津,37°44.6′N,139°57.7′E,4 km,2.9,震度１,37.74333333,139.9616667
2022/3/10,23:12:37,茨城県南部,36°05.2′N,139°53.3′E,48 km,4.1,震度２,36.08666667,139.8883333
2022/3/11,2:30:28,石川県能登地方,37°30.5′N,137°17.8′E,13 km,2.6,震度１,37.50833333,137.2966667
2022/3/11,3:13:51,石川県能登地方,37°30.4′N,137°17.8′E,13 km,3.3,震度２,37.50666667,137.2966667
2022/3/11,3:43:34,鹿児島県大隅地方,31°37.8′N,130°57.5′E,7 km,2.2,震度１,31.63,130.9583333
2022/3/11,15:46:19,釧路地方中南部,43°16.1′N,144°50.2′E,84 km,3.3,震度１,43.26833333,144.8366667
2022/3/11,17:59:31,兵庫県南東部,35°11.4′N,135°06.0′E,15 km,4.1,震度３,35.19,135.1
2022/3/11,18:14:31,兵庫県南東部,35°11.5′N,135°06.2′E,14 km,3.5,震度２,35.19166667,135.1033333
2022/3/11,22:13:25,石川県加賀地方,36°22.8′N,136°38.9′E,8 km,2.2,震度１,36.38,136.6483333
2022/3/12,1:01:27,神奈川県西部,35°26.8′N,139°00.5′E,21 km,3.5,震度２,35.44666667,139.0083333
2022/3/12,9:20:05,神奈川県西部,35°26.9′N,139°00.6′E,20 km,3.2,震度２,35.44833333,139.01
2022/3/12,17:36:20,愛知県西部,35°18.5′N,136°54.8′E,8 km,2.5,震度１,35.30833333,136.9133333
2022/3/12,17:50:11,青森県東方沖,41°14.8′N,142°09.6′E,53 km,3.8,震度１,41.24666667,142.16
2022/3/12,19:00:47,石川県能登地方,37°31.1′N,137°18.2′E,14 km,3.3,震度２,37.51833333,137.3033333
2022/3/12,19:50:35,石川県能登地方,37°30.9′N,137°18.3′E,14 km,3.4,震度２,37.515,137.305
2022/3/12,20:10:09,石川県能登地方,37°30.9′N,137°18.0′E,14 km,2.7,震度１,37.515,137.3
2022/3/13,3:18:14,北海道東方沖,43°26.7′N,146°53.4′E,49 km,4.1,震度１,43.445,146.89
2022/3/13,7:12:38,福島県沖,37°35.5′N,141°29.7′E,53 km,3.7,震度１,37.59166667,141.495
2022/3/13,8:00:49,石川県能登地方,37°30.9′N,137°18.0′E,13 km,2.8,震度１,37.515,137.3
2022/3/13,8:20:47,沖縄本島北西沖,26°47.9′N,126°23.4′E,27 km,4.3,震度２,26.79833333,126.39
2022/3/13,9:27:55,父島近海,27°01.8′N,142°23.0′E,6 km,,震度１,27.03,142.3833333
2022/3/13,12:38:17,和歌山県北部,34°01.2′N,135°16.3′E,5 km,3.3,震度２,34.02,135.2716667
2022/3/13,21:06:35,京都府南部,35°11.1′N,135°46.2′E,11 km,3,震度１,35.185,135.77
2022/3/14,1:01:31,苫小牧沖,41°39.0′N,141°23.6′E,96 km,3.1,震度１,41.65,141.3933333
2022/3/14,2:09:58,茨城県北部,36°47.9′N,140°32.4′E,8 km,3.1,震度１,36.79833333,140.54
2022/3/14,13:28:37,茨城県北部,36°42.1′N,140°34.8′E,10 km,2.5,震度１,36.70166667,140.58
2022/3/14,14:13:45,三重県中部,34°25.2′N,136°21.7′E,7 km,2.9,震度１,34.42,136.3616667
2022/3/14,15:15:55,上川地方中部,43°36.1′N,142°29.8′E,7 km,1.5,震度１,43.60166667,142.4966667
2022/3/14,16:26:50,神奈川県西部,35°24.4′N,139°12.6′E,24 km,2.7,震度１,35.40666667,139.21
2022/3/15,3:07:59,岐阜県飛騨地方,36°20.5′N,137°37.5′E,2 km,2.3,震度１,36.34166667,137.625
2022/3/15,15:02:37,山口県北西沖,34°35.2′N,131°21.3′E,15 km,3,震度１,34.58666667,131.355
2022/3/15,15:40:16,沖縄本島北西沖,26°44.6′N,126°21.7′E,33 km,4.6,震度１,26.74333333,126.3616667
2022/3/15,18:21:43,宮城県北部,38°53.6′N,140°48.3′E,5 km,2.9,震度１,38.89333333,140.805
2022/3/15,19:55:46,釧路沖,43°00.6′N,145°07.7′E,79 km,3.7,震度２,43.01,145.1283333
2022/3/15,23:00:28,紀伊水道,34°13.3′N,135°07.9′E,6 km,2.2,震度１,34.22166667,135.1316667
2022/3/16,11:25:10,島根県西部,35°10.3′N,132°39.3′E,8 km,3.1,震度１,35.17166667,132.655
2022/3/16,23:34:27,福島県沖,37°40.8′N,141°36.3′E,57 km,6.1,震度５弱,37.68,141.605
2022/3/16,23:36:33,福島県沖,37°41.8′N,141°37.3′E,57 km,7.4,震度６強,37.69666667,141.6216667
2022/3/16,23:43:46,福島県沖,37°51.3′N,141°43.4′E,63 km,4.7,震度３,37.855,141.7233333
2022/3/16,23:45:57,福島県沖,37°49.5′N,141°42.8′E,60 km,4.8,震度３,37.825,141.7133333
2022/3/16,23:47:51,宮城県沖,37°53.7′N,141°40.3′E,51 km,3.9,震度１,37.895,141.6716667
2022/3/16,23:48:18,福島県沖,37°47.1′N,141°39.1′E,54 km,4.2,震度２,37.785,141.6516667
2022/3/16,23:49:33,宮城県沖,37°52.3′N,141°42.1′E,59 km,3.6,震度１,37.87166667,141.7016667
2022/3/16,23:51:26,宮城県沖,38°01.7′N,141°50.7′E,53 km,4,震度１,38.02833333,141.845
2022/3/17,0:01:25,福島県沖,37°44.3′N,141°44.0′E,64 km,4.1,震度１,37.73833333,141.7333333
2022/3/17,0:09:57,福島県沖,37°44.4′N,141°45.2′E,64 km,4.3,震度２,37.74,141.7533333
2022/3/17,0:13:05,福島県沖,37°46.1′N,141°35.5′E,54 km,4,震度１,37.76833333,141.5916667
2022/3/17,0:27:59,福島県沖,37°44.5′N,141°33.3′E,51 km,3.8,震度１,37.74166667,141.555
2022/3/17,0:30:22,福島県沖,37°43.6′N,141°37.3′E,58 km,4.1,震度２,37.72666667,141.6216667
2022/3/17,0:33:04,福島県沖,37°45.9′N,141°35.3′E,54 km,4,震度１,37.765,141.5883333
2022/3/17,0:48:40,福島県沖,37°52.6′N,141°38.1′E,48 km,3.6,震度１,37.87666667,141.635
2022/3/17,0:52:30,福島県沖,37°47.6′N,141°42.8′E,57 km,5.5,震度４,37.79333333,141.7133333
2022/3/17,0:54:03,福島県沖,37°48.3′N,141°42.2′E,53 km,4.3,震度２,37.805,141.7033333
2022/3/17,0:54:57,福島県沖,37°42.7′N,141°44.5′E,66 km,4.1,震度１,37.71166667,141.7416667
2022/3/17,0:56:03,岩手県沖,40°00.5′N,142°15.5′E,49 km,3.5,震度１,40.00833333,142.2583333
2022/3/17,0:57:25,福島県沖,37°43.6′N,141°32.5′E,53 km,4.2,震度２,37.72666667,141.5416667
2022/3/17,1:06:47,宮城県沖,37°54.4′N,141°41.4′E,55 km,4,震度１,37.90666667,141.69
2022/3/17,1:14:29,宮城県沖,37°51.0′N,141°46.5′E,61 km,4.4,震度２,37.85,141.775
2022/3/17,1:45:40,福島県沖,37°41.2′N,141°31.7′E,54 km,3.6,震度１,37.68666667,141.5283333
2022/3/17,1:53:02,福島県沖,37°47.6′N,141°38.1′E,51 km,3.6,震度１,37.79333333,141.635
2022/3/17,1:55:15,福島県沖,37°46.9′N,141°34.2′E,52 km,3.8,震度１,37.78166667,141.57
2022/3/17,1:57:25,福島県沖,37°50.4′N,141°42.1′E,57 km,3.7,震度１,37.84,141.7016667
2022/3/17,2:05:51,福島県沖,37°47.0′N,141°35.7′E,54 km,4.1,震度２,37.78333333,141.595
2022/3/17,2:17:41,福島県沖,37°47.7′N,141°43.8′E,61 km,4.2,震度２,37.795,141.73
2022/3/17,2:28:53,福島県沖,37°48.8′N,141°45.5′E,66 km,4.5,震度２,37.81333333,141.7583333
2022/3/17,2:39:09,福島県沖,37°41.2′N,141°36.3′E,59 km,3.9,震度１,37.68666667,141.605
2022/3/17,3:02:00,福島県沖,37°45.9′N,141°34.4′E,53 km,3.8,震度１,37.765,141.5733333
2022/3/17,3:05:48,福島県沖,37°44.7′N,141°33.5′E,52 km,4.1,震度２,37.745,141.5583333
2022/3/17,5:03:33,島根県西部,34°45.6′N,132°00.3′E,13 km,2.8,震度１,34.76,132.005
2022/3/17,5:22:50,宮城県沖,37°56.0′N,141°42.5′E,55 km,3.7,震度１,37.93333333,141.7083333
2022/3/17,5:56:15,高知県中部,33°27.8′N,133°26.6′E,7 km,1.9,震度１,33.46333333,133.4433333
2022/3/17,5:59:33,福井県嶺北,35°44.2′N,136°18.9′E,11 km,2.9,震度１,35.73666667,136.315
2022/3/17,6:03:59,福島県沖,37°49.9′N,141°37.5′E,51 km,4,震度２,37.83166667,141.625
2022/3/17,8:00:10,宮城県沖,37°51.1′N,141°46.2′E,60 km,4.1,震度１,37.85166667,141.77
2022/3/17,8:26:10,福島県沖,37°37.8′N,141°37.5′E,64 km,3.9,震度１,37.63,141.625
2022/3/17,8:40:16,福島県沖,37°50.8′N,141°41.4′E,57 km,3.9,震度１,37.84666667,141.69
2022/3/17,9:25:49,宮城県沖,37°58.1′N,141°41.2′E,51 km,3.8,震度１,37.96833333,141.6866667
2022/3/17,9:30:25,福島県沖,37°49.7′N,141°36.6′E,50 km,3.7,震度１,37.82833333,141.61
2022/3/17,10:24:30,宮城県沖,37°54.7′N,141°41.7′E,55 km,3.8,震度１,37.91166667,141.695
2022/3/17,13:17:29,福島県沖,37°45.4′N,141°43.4′E,63 km,3.8,震度１,37.75666667,141.7233333
2022/3/17,13:44:59,宮城県沖,37°52.7′N,141°41.9′E,57 km,3.7,震度１,37.87833333,141.6983333
2022/3/17,13:53:05,福島県沖,37°48.5′N,141°39.1′E,55 km,3.9,震度２,37.80833333,141.6516667
2022/3/17,14:06:21,石垣島北西沖,25°49.1′N,123°51.5′E,179 km,5.3,震度２,25.81833333,123.8583333
2022/3/17,16:47:06,福島県沖,37°41.0′N,141°35.3′E,55 km,4.1,震度１,37.68333333,141.5883333
2022/3/17,17:36:41,石川県能登地方,37°30.9′N,137°18.2′E,13 km,2.7,震度１,37.515,137.3033333
2022/3/17,18:45:10,釧路沖,42°59.7′N,145°02.1′E,61 km,3.6,震度２,42.995,145.035
2022/3/17,19:22:16,福島県沖,37°41.5′N,141°39.5′E,58 km,3.9,震度１,37.69166667,141.6583333
2022/3/17,19:43:12,福島県沖,37°46.2′N,141°42.8′E,57 km,4.7,震度３,37.77,141.7133333
2022/3/17,19:58:24,福島県沖,37°42.4′N,141°37.1′E,59 km,3.9,震度１,37.70666667,141.6183333
2022/3/17,20:15:52,福島県中通り,37°03.6′N,140°34.2′E,5 km,2.8,震度１,37.06,140.57
2022/3/17,20:33:36,沖縄本島北西沖,26°50.3′N,126°17.6′E,19 km,5.9,震度２,26.83833333,126.2933333
2022/3/17,21:21:30,沖縄本島北西沖,26°47.4′N,126°22.6′E,17 km,3.7,震度１,26.79,126.3766667
2022/3/17,21:30:17,宮城県沖,37°58.3′N,141°47.4′E,61 km,4.6,震度３,37.97166667,141.79
2022/3/17,21:52:26,沖縄本島北西沖,26°50.4′N,126°25.6′E,24 km,4.9,震度２,26.84,126.4266667
2022/3/18,0:23:24,福島県沖,37°49.1′N,141°36.4′E,50 km,3.9,震度１,37.81833333,141.6066667
2022/3/18,3:31:39,福島県沖,37°46.7′N,141°36.3′E,55 km,3.7,震度１,37.77833333,141.605
2022/3/18,4:25:52,宮城県沖,37°54.1′N,141°44.6′E,55 km,3.9,震度１,37.90166667,141.7433333
2022/3/18,4:56:54,宮城県沖,38°00.6′N,141°44.2′E,56 km,3.9,震度１,38.01,141.7366667
2022/3/18,6:55:04,福島県沖,37°49.3′N,141°37.2′E,55 km,3.8,震度１,37.82166667,141.62
2022/3/18,7:26:45,秋田県内陸南部,39°34.5′N,140°30.3′E,7 km,3.3,震度２,39.575,140.505
2022/3/18,7:55:30,福島県沖,37°51.5′N,141°40.4′E,56 km,3.8,震度１,37.85833333,141.6733333
2022/3/18,8:08:59,秋田県内陸南部,39°34.3′N,140°30.5′E,6 km,2.7,震度１,39.57166667,140.5083333
2022/3/18,8:09:20,福島県沖,37°41.1′N,141°32.6′E,53 km,3.6,震度１,37.685,141.5433333
2022/3/18,9:49:30,福島県沖,37°47.1′N,141°36.6′E,56 km,3.8,震度１,37.785,141.61
2022/3/18,15:02:49,福島県沖,37°47.8′N,141°35.4′E,56 km,4,震度２,37.79666667,141.59
2022/3/18,17:20:44,茨城県沖,36°24.7′N,141°03.6′E,40 km,3.5,震度１,36.41166667,141.06
2022/3/18,21:12:08,福島県沖,37°44.9′N,141°33.9′E,52 km,4.1,震度２,37.74833333,141.565
2022/3/18,22:04:51,宮城県沖,37°54.6′N,141°42.8′E,57 km,4.4,震度３,37.91,141.7133333
2022/3/18,23:25:16,岩手県沖,39°59.4′N,142°00.2′E,18 km,5.6,震度５強,39.99,142.0033333
2022/3/19,0:57:49,福島県沖,37°44.1′N,141°42.8′E,58 km,5,震度３,37.735,141.7133333
2022/3/19,4:04:20,石垣島北西沖,25°34.0′N,123°57.3′E,171 km,5.9,震度３,25.56666667,123.955
2022/3/19,8:15:11,宮城県沖,37°53.8′N,141°38.9′E,50 km,3.7,震度１,37.89666667,141.6483333
2022/3/19,9:49:00,紀伊水道,34°12.5′N,135°06.7′E,7 km,3.6,震度２,34.20833333,135.1116667
2022/3/19,10:17:40,福島県沖,37°42.1′N,141°34.8′E,54 km,4.2,震度２,37.70166667,141.58
2022/3/19,10:23:57,紀伊水道,34°12.5′N,135°07.2′E,6 km,2.6,震度１,34.20833333,135.12
2022/3/19,10:27:35,紀伊水道,34°12.5′N,135°06.8′E,6 km,2.8,震度１,34.20833333,135.1133333
2022/3/19,14:11:39,福島県沖,37°30.7′N,141°27.7′E,47 km,3.5,震度１,37.51166667,141.4616667
2022/3/19,16:25:20,福島県沖,37°42.5′N,141°33.5′E,54 km,3.6,震度１,37.70833333,141.5583333
2022/3/19,21:07:31,宮城県沖,37°55.3′N,141°47.8′E,59 km,4.1,震度１,37.92166667,141.7966667
2022/3/19,21:08:47,福島県沖,37°27.6′N,141°32.8′E,46 km,3.7,震度１,37.46,141.5466667
2022/3/19,21:37:35,新潟県中越地方,37°16.1′N,138°47.0′E,19 km,2.8,震度１,37.26833333,138.7833333
2022/3/19,22:29:25,沖縄本島北西沖,26°45.9′N,126°24.3′E,32 km,4.4,震度１,26.765,126.405
2022/3/19,22:41:20,紀伊水道,34°12.5′N,135°07.0′E,7 km,3.2,震度２,34.20833333,135.1166667
2022/3/20,3:32:53,石川県能登地方,37°30.9′N,137°12.8′E,13 km,3.1,震度１,37.515,137.2133333
2022/3/20,5:17:01,沖縄本島北西沖,26°47.4′N,126°20.6′E,28 km,4.7,震度１,26.79,126.3433333
2022/3/20,5:20:06,福島県沖,37°51.4′N,141°37.2′E,50 km,3.8,震度１,37.85666667,141.62
2022/3/20,6:15:06,福島県沖,37°41.9′N,141°35.9′E,58 km,3.9,震度１,37.69833333,141.5983333
2022/3/20,7:00:56,日向灘,32°43.2′N,132°03.5′E,38 km,3.4,震度１,32.72,132.0583333
2022/3/20,8:26:42,福島県沖,37°49.0′N,141°36.4′E,50 km,3.8,震度１,37.81666667,141.6066667
2022/3/20,10:11:38,岩手県沖,39°57.4′N,142°23.7′E,38 km,3.7,震度１,39.95666667,142.395
2022/3/20,11:38:03,福島県沖,37°47.4′N,141°36.7′E,54 km,3.9,震度１,37.79,141.6116667
2022/3/20,13:05:17,根室半島南東沖,42°52.0′N,145°39.1′E,29 km,3.8,震度１,42.86666667,145.6516667
2022/3/20,14:46:33,宮城県沖,37°54.5′N,141°41.6′E,55 km,4,震度２,37.90833333,141.6933333
2022/3/20,15:35:52,宮城県沖,37°53.1′N,141°45.9′E,59 km,3.8,震度１,37.885,141.765
2022/3/20,19:23:07,福島県沖,37°50.7′N,141°37.2′E,49 km,4,震度１,37.845,141.62
2022/3/20,22:13:20,宮城県沖,37°53.9′N,141°43.2′E,59 km,4.1,震度２,37.89833333,141.72
2022/3/20,22:16:40,福島県沖,37°41.3′N,141°32.0′E,55 km,3.9,震度２,37.68833333,141.5333333
2022/3/21,5:59:49,福島県沖,37°42.7′N,141°33.7′E,54 km,3.6,震度１,37.71166667,141.5616667
2022/3/21,8:44:01,福島県沖,37°50.2′N,141°37.6′E,54 km,4.3,震度２,37.83666667,141.6266667
2022/3/21,9:06:55,福島県沖,37°47.2′N,141°36.9′E,56 km,4,震度２,37.78666667,141.615
2022/3/21,9:09:59,福島県沖,37°52.5′N,141°37.6′E,50 km,4,震度１,37.875,141.6266667
2022/3/21,10:43:34,福島県沖,37°46.0′N,141°33.7′E,52 km,3.9,震度２,37.76666667,141.5616667
2022/3/21,10:54:21,宮城県沖,37°56.9′N,141°44.4′E,56 km,4.1,震度１,37.94833333,141.74
2022/3/21,13:33:35,鳥取県西部,35°13.7′N,133°14.8′E,6 km,3.1,震度２,35.22833333,133.2466667
2022/3/21,14:22:19,福島県沖,37°49.1′N,141°37.4′E,58 km,3.8,震度１,37.81833333,141.6233333
2022/3/21,17:00:31,福島県沖,37°42.3′N,141°39.8′E,81 km,3.8,震度１,37.705,141.6633333
2022/3/21,22:21:20,宮城県沖,37°53.5′N,141°41.9′E,56 km,4,震度１,37.89166667,141.6983333
2022/3/22,5:12:20,日高地方東部,42°21.2′N,142°59.2′E,54 km,3.7,震度１,42.35333333,142.9866667
2022/3/22,8:12:16,福島県沖,37°46.2′N,141°37.3′E,52 km,3.8,震度１,37.77,141.6216667
2022/3/22,13:02:28,福島県沖,37°46.4′N,141°36.3′E,54 km,3.7,震度１,37.77333333,141.605
2022/3/22,15:08:00,宮城県沖,37°51.1′N,141°46.7′E,60 km,3.7,震度１,37.85166667,141.7783333
2022/3/22,18:25:54,北海道東方沖,43°26.5′N,146°50.7′E,52 km,4.1,震度１,43.44166667,146.845
2022/3/22,18:28:50,宮城県沖,38°11.7′N,141°42.3′E,51 km,3.7,震度１,38.195,141.705
2022/3/22,19:22:22,福島県沖,37°47.6′N,141°38.5′E,54 km,3.5,震度１,37.79333333,141.6416667
2022/3/22,22:52:36,宮城県沖,37°53.9′N,141°42.4′E,59 km,3.8,震度１,37.89833333,141.7066667
2022/3/23,2:41:39,台湾付近,23°23.9′N,121°29.5′E,44 km,6.6,震度２,23.39833333,121.4916667
2022/3/23,5:36:46,石川県能登地方,37°30.8′N,137°15.0′E,14 km,3.3,震度２,37.51333333,137.25
2022/3/23,8:13:38,沖縄本島北西沖,26°51.4′N,126°28.3′E,12 km,3.2,震度１,26.85666667,126.4716667
2022/3/23,9:23:57,石川県能登地方,37°30.9′N,137°17.9′E,14 km,4.3,震度４,37.515,137.2983333
2022/3/23,9:59:05,石川県能登地方,37°30.5′N,137°18.2′E,13 km,2.4,震度１,37.50833333,137.3033333
2022/3/23,11:11:01,福島県沖,37°41.1′N,141°35.1′E,55 km,4.1,震度１,37.685,141.585
2022/3/23,13:09:03,福島県沖,37°47.0′N,141°36.7′E,55 km,4.5,震度３,37.78333333,141.6116667
2022/3/23,13:35:30,沖縄本島北西沖,26°37.5′N,126°20.1′E,37 km,3.9,震度１,26.625,126.335
2022/3/23,13:37:22,沖縄本島北西沖,26°50.0′N,126°30.1′E,11 km,4.1,震度１,26.83333333,126.5016667
2022/3/23,17:02:37,福島県沖,37°45.7′N,141°43.3′E,63 km,4,震度１,37.76166667,141.7216667
2022/3/23,18:35:04,茨城県北部,36°37.9′N,140°38.9′E,7 km,2.3,震度１,36.63166667,140.6483333
2022/3/23,19:46:10,福島県沖,37°51.5′N,141°44.6′E,59 km,4,震度１,37.85833333,141.7433333
2022/3/23,20:10:59,福島県沖,37°43.0′N,141°32.1′E,54 km,4.3,震度３,37.71666667,141.535
2022/3/24,3:11:24,沖縄本島北西沖,26°49.6′N,126°31.1′E,7 km,5.1,震度２,26.82666667,126.5183333
2022/3/24,7:53:27,沖縄本島北西沖,26°48.6′N,126°19.4′E,16 km,5.4,震度２,26.81,126.3233333
2022/3/24,8:06:44,宮城県沖,37°58.5′N,141°46.0′E,57 km,4.3,震度２,37.975,141.7666667
2022/3/24,8:50:51,宮城県北部,38°52.2′N,141°34.9′E,75 km,4.1,震度３,38.87,141.5816667
2022/3/24,11:48:22,福島県会津,37°44.6′N,139°57.7′E,4 km,3.5,震度２,37.74333333,139.9616667
2022/3/24,12:21:46,岐阜県飛騨地方,35°50.8′N,137°18.6′E,9 km,2.6,震度１,35.84666667,137.31
2022/3/24,13:11:54,福島県沖,37°51.0′N,141°37.7′E,50 km,4.3,震度２,37.85,141.6283333
2022/3/24,13:41:35,新潟県上中越沖,37°10.4′N,138°10.7′E,10 km,3.1,震度２,37.17333333,138.1783333
2022/3/24,13:42:32,新潟県上中越沖,37°12.3′N,138°10.6′E,10 km,2,震度１,37.205,138.1766667
2022/3/24,16:03:04,埼玉県北部,36°05.1′N,139°16.0′E,120 km,4,震度２,36.085,139.2666667
2022/3/24,16:34:30,茨城県沖,36°49.5′N,141°08.7′E,46 km,3.7,震度１,36.825,141.145
2022/3/24,19:31:00,福島県沖,37°45.6′N,141°37.7′E,51 km,3.8,震度１,37.76,141.6283333
2022/3/24,21:08:32,宮城県沖,37°52.3′N,141°41.8′E,55 km,3.9,震度１,37.87166667,141.6966667
2022/3/24,21:57:23,薩摩半島西方沖,31°06.6′N,130°21.3′E,7 km,2.8,震度１,31.11,130.355
2022/3/24,23:01:59,宮城県沖,37°58.2′N,141°42.4′E,55 km,3.7,震度１,37.97,141.7066667
2022/3/24,23:59:00,福島県沖,37°48.0′N,141°37.6′E,56 km,3.7,震度１,37.8,141.6266667
2022/3/25,10:01:12,国後島付近,43°36.1′N,145°28.8′E,132 km,4,震度２,43.60166667,145.48
2022/3/25,12:08:16,福島県沖,37°32.1′N,141°22.4′E,52 km,5.2,震度４,37.535,141.3733333
2022/3/25,12:08:56,宮古島近海,24°55.3′N,124°34.2′E,74 km,4.3,震度２,24.92166667,124.57
2022/3/25,15:33:51,福島県沖,37°45.7′N,141°33.9′E,51 km,4,震度２,37.76166667,141.565
2022/3/25,17:18:12,根室半島南東沖,43°19.4′N,146°05.7′E,80 km,3.9,震度２,43.32333333,146.095
2022/3/25,19:24:10,トカラ列島近海,29°23.1′N,129°31.6′E,17 km,,震度１,29.385,129.5266667
2022/3/25,21:07:05,茨城県沖,36°15.4′N,141°08.9′E,34 km,3.6,震度１,36.25666667,141.1483333
2022/3/26,0:02:14,福井県嶺北,35°55.7′N,136°04.5′E,11 km,2.5,震度１,35.92833333,136.075
2022/3/26,0:20:08,福島県沖,37°31.6′N,141°24.6′E,51 km,4.7,震度３,37.52666667,141.41
2022/3/26,2:32:23,十勝沖,42°25.9′N,143°51.9′E,86 km,4,震度１,42.43166667,143.865
2022/3/26,5:55:36,長野県北部,36°37.8′N,138°25.2′E,1 km,2.3,震度１,36.63,138.42
2022/3/26,11:18:56,宮城県沖,38°33.3′N,142°02.3′E,41 km,3.9,震度１,38.555,142.0383333
2022/3/26,12:36:44,根室半島南東沖,43°23.8′N,146°07.1′E,84 km,4.2,震度２,43.39666667,146.1183333
2022/3/26,13:15:11,宮城県沖,38°53.4′N,142°01.0′E,47 km,3.9,震度２,38.89,142.0166667
2022/3/26,16:55:54,岩手県内陸北部,40°11.4′N,141°06.9′E,11 km,2.7,震度１,40.19,141.115
2022/3/27,0:38:53,沖縄本島北西沖,26°47.8′N,126°22.6′E,27 km,5.6,震度２,26.79666667,126.3766667
2022/3/27,5:08:50,種子島近海,30°15.5′N,131°06.4′E,37 km,3.4,震度１,30.25833333,131.1066667
2022/3/27,8:15:32,日高地方東部,42°19.1′N,143°03.6′E,53 km,5.1,震度４,42.31833333,143.06
2022/3/27,9:34:04,福島県沖,37°42.5′N,141°34.3′E,56 km,4,震度１,37.70833333,141.5716667
2022/3/27,12:06:12,福島県沖,37°44.6′N,141°42.8′E,64 km,4.2,震度２,37.74333333,141.7133333
2022/3/27,16:15:12,石川県能登地方,37°30.8′N,137°13.2′E,13 km,3,震度１,37.51333333,137.22
2022/3/27,19:34:48,福島県沖,37°51.7′N,141°37.0′E,50 km,4,震度１,37.86166667,141.6166667
2022/3/27,20:12:08,福島県沖,37°28.7′N,141°35.1′E,46 km,4.2,震度２,37.47833333,141.585
2022/3/27,22:06:41,福島県沖,37°42.5′N,141°34.1′E,54 km,3.8,震度１,37.70833333,141.5683333
2022/3/27,22:54:09,福島県沖,37°49.1′N,141°35.9′E,54 km,4.7,震度３,37.81833333,141.5983333
2022/3/28,2:13:56,福島県沖,37°05.2′N,141°09.0′E,51 km,3.6,震度２,37.08666667,141.15
2022/3/28,2:47:25,沖縄本島近海,26°00.2′N,126°47.5′E,61 km,3.5,震度１,26.00333333,126.7916667
2022/3/28,2:48:13,日高地方中部,42°31.8′N,142°31.8′E,23 km,4.2,震度２,42.53,142.53
2022/3/28,17:01:49,宮城県沖,38°15.1′N,141°47.1′E,57 km,3.7,震度１,38.25166667,141.785
2022/3/28,18:14:56,鳥取県中部,35°21.5′N,133°52.2′E,10 km,2.6,震度１,35.35833333,133.87
2022/3/29,0:59:43,種子島近海,30°20.8′N,130°55.8′E,12 km,2.7,震度１,30.34666667,130.93
2022/3/29,1:36:30,福島県沖,37°45.5′N,141°35.5′E,55 km,4.5,震度３,37.75833333,141.5916667
2022/3/29,14:05:45,宮城県沖,37°54.0′N,141°41.9′E,56 km,4.2,震度２,37.9,141.6983333
2022/3/29,21:50:09,奈良県,34°25.3′N,135°52.5′E,9 km,2.2,震度１,34.42166667,135.875
2022/3/29,23:04:07,紀伊水道,34°03.1′N,135°07.0′E,4 km,2.4,震度１,34.05166667,135.1166667
2022/3/30,0:18:16,岩手県沖,40°00.2′N,141°58.4′E,17 km,4.9,震度４,40.00333333,141.9733333
2022/3/30,0:44:19,天草灘,31°58.4′N,129°43.5′E,10 km,3.6,震度２,31.97333333,129.725
2022/3/30,1:00:46,宮城県沖,38°14.0′N,141°51.9′E,64 km,3.9,震度１,38.23333333,141.865
2022/3/30,2:36:44,沖縄本島北西沖,26°48.1′N,126°27.6′E,19 km,5.5,震度３,26.80166667,126.46
2022/3/30,3:01:39,沖縄本島北西沖,26°50.4′N,126°17.6′E,12 km,4.9,震度２,26.84,126.2933333
2022/3/30,3:39:21,茨城県沖,36°10.0′N,141°03.1′E,37 km,3.6,震度１,36.16666667,141.0516667
2022/3/30,4:51:12,福島県沖,37°50.4′N,141°36.1′E,50 km,3.7,震度１,37.84,141.6016667
2022/3/30,21:31:09,福島県沖,37°51.0′N,141°43.6′E,62 km,3.9,震度１,37.85,141.7266667
2022/3/31,8:40:36,沖縄本島北西沖,26°51.9′N,126°32.7′E,0 km,4.5,震度１,26.865,126.545
2022/3/31,15:52:04,栃木県北部,36°42.6′N,139°30.5′E,6 km,3.3,震度１,36.71,139.5083333
2022/3/31,20:52:14,東京湾,35°37.3′N,140°01.9′E,73 km,4.7,震度４,35.62166667,140.0316667
2022/3/31,23:34:10,京都府南部,35°03.0′N,135°33.5′E,13 km,4.4,震度４,35.05,135.5583333
2022/4/1,2:54:39,福島県沖,37°44.3′N,141°36.3′E,56 km,3.7,震度１,37.73833333,141.605
2022/4/1,3:19:35,千島列島,45°28.1′N,150°47.0′E,144 km,5.2,震度１,45.46833333,150.7833333
2022/4/1,10:50:34,京都府南部,35°02.6′N,135°34.0′E,13 km,2.9,震度１,35.04333333,135.5666667
2022/4/1,13:57:11,根室地方北部,44°02.0′N,145°04.9′E,2 km,3,震度２,44.03333333,145.0816667
2022/4/1,15:21:01,西表島付近,24°35.7′N,123°42.0′E,9 km,3.4,震度２,24.595,123.7
2022/4/1,16:29:43,根室地方北部,44°02.1′N,145°04.9′E,2 km,3,震度１,44.035,145.0816667
2022/4/1,16:35:19,和歌山県北部,34°01.9′N,135°11.1′E,5 km,2.1,震度１,34.03166667,135.185
2022/4/1,19:53:31,茨城県南部,35°58.9′N,140°33.9′E,36 km,2.9,震度１,35.98166667,140.565
2022/4/2,7:36:31,宮城県沖,38°55.1′N,141°56.2′E,51 km,3.9,震度２,38.91833333,141.9366667
2022/4/2,9:54:29,熊本県天草・芦北地方,32°15.5′N,130°34.3′E,8 km,1.9,震度１,32.25833333,130.5716667
2022/4/2,13:57:46,トカラ列島近海,29°19.5′N,129°23.6′E,15 km,2.9,震度１,29.325,129.3933333
2022/4/2,16:27:15,茨城県北部,36°27.6′N,140°34.7′E,56 km,4.4,震度４,36.46,140.5783333
2022/4/2,18:33:52,福島県沖,37°49.9′N,141°43.2′E,63 km,4,震度１,37.83166667,141.72
2022/4/2,20:16:43,日向灘,31°34.0′N,131°51.0′E,22 km,4.6,震度２,31.56666667,131.85
2022/4/2,20:26:21,父島近海,27°01.1′N,142°18.8′E,74 km,4.2,震度２,27.01833333,142.3133333
2022/4/3,5:16:55,宮城県沖,37°58.3′N,141°40.8′E,51 km,4.3,震度２,37.97166667,141.68
2022/4/3,6:27:50,福島県沖,37°37.6′N,141°36.4′E,65 km,3.5,震度１,37.62666667,141.6066667
2022/4/3,9:31:12,福島県沖,37°41.3′N,141°34.8′E,55 km,4,震度１,37.68833333,141.58
2022/4/3,14:15:50,福島県沖,37°48.0′N,141°38.4′E,51 km,3.9,震度１,37.8,141.64
2022/4/3,14:38:01,福島県沖,37°51.7′N,141°37.1′E,49 km,3.9,震度１,37.86166667,141.6183333
2022/4/3,15:21:35,東京都多摩東部,35°38.1′N,139°30.9′E,28 km,2.6,震度１,35.635,139.515
2022/4/3,18:00:18,沖縄本島北西沖,26°48.5′N,126°32.0′E,22 km,4.7,震度２,26.80833333,126.5333333
2022/4/3,18:25:58,沖縄本島北西沖,26°49.7′N,126°26.8′E,20 km,3.9,震度１,26.82833333,126.4466667
2022/4/3,18:58:34,大阪府北部,34°54.9′N,135°37.8′E,11 km,3.9,震度３,34.915,135.63
2022/4/3,19:23:05,父島近海,27°00.9′N,142°08.9′E,71 km,4.1,震度２,27.015,142.1483333
2022/4/3,21:06:24,茨城県沖,36°43.7′N,140°45.8′E,91 km,3.1,震度１,36.72833333,140.7633333
2022/4/4,0:20:34,父島近海,27°00.9′N,142°31.4′E,66 km,4.1,震度１,27.015,142.5233333
2022/4/4,3:45:05,宮城県南部,37°51.6′N,140°48.0′E,94 km,3.2,震度１,37.86,140.8
2022/4/4,10:26:25,能登半島沖,37°31.0′N,137°13.5′E,14 km,4.3,震度４,37.51666667,137.225
2022/4/4,10:28:08,能登半島沖,37°31.1′N,137°12.9′E,13 km,4,震度３,37.51833333,137.215
2022/4/4,10:30:15,石川県能登地方,37°30.9′N,137°13.4′E,13 km,3.4,震度２,37.515,137.2233333
2022/4/4,11:18:08,能登半島沖,37°31.3′N,137°13.0′E,13 km,3.7,震度２,37.52166667,137.2166667
2022/4/4,19:29:04,福島県沖,37°20.6′N,141°34.5′E,44 km,5.4,震度４,37.34333333,141.575
2022/4/4,19:44:42,沖縄本島北西沖,26°45.5′N,126°24.9′E,31 km,3.8,震度２,26.75833333,126.415
2022/4/4,22:26:39,渡島地方北部,42°03.5′N,140°26.2′E,10 km,2.7,震度１,42.05833333,140.4366667
2022/4/4,22:29:54,千葉県北西部,35°44.9′N,139°58.3′E,62 km,4.6,震度３,35.74833333,139.9716667
2022/4/4,22:31:45,千葉県北西部,35°45.5′N,139°58.7′E,60 km,3.9,震度２,35.75833333,139.9783333
2022/4/5,5:10:38,秋田県内陸北部,39°57.0′N,140°36.2′E,4 km,2.6,震度１,39.95,140.6033333
2022/4/5,6:33:59,福島県沖,37°43.5′N,141°35.1′E,56 km,3.9,震度１,37.725,141.585
2022/4/5,21:47:21,トカラ列島近海,29°21.8′N,129°34.1′E,13 km,2.1,震度１,29.36333333,129.5683333
2022/4/6,0:03:54,福島県沖,37°48.0′N,141°34.9′E,53 km,5.2,震度４,37.8,141.5816667
2022/4/6,4:19:21,奄美大島近海,28°21.0′N,129°31.3′E,40 km,3.5,震度１,28.35,129.5216667
2022/4/6,4:55:57,奄美大島近海,28°20.3′N,129°31.8′E,39 km,3,震度１,28.33833333,129.53
2022/4/6,12:10:47,沖縄本島北西沖,26°48.5′N,126°26.2′E,26 km,3.4,震度１,26.80833333,126.4366667
2022/4/6,12:12:11,沖縄本島北西沖,26°52.3′N,126°32.2′E,9 km,4.4,震度１,26.87166667,126.5366667
2022/4/6,15:18:35,宮城県沖,37°51.5′N,141°45.1′E,64 km,4.2,震度２,37.85833333,141.7516667
2022/4/6,16:20:55,豊後水道,33°08.1′N,131°59.9′E,49 km,3.3,震度１,33.135,131.9983333
2022/4/6,17:14:21,和歌山県北部,34°00.9′N,135°12.9′E,6 km,3.6,震度４,34.015,135.215
2022/4/6,19:15:53,岐阜県飛騨地方,36°02.3′N,137°33.8′E,8 km,2.7,震度１,36.03833333,137.5633333
2022/4/7,9:25:21,新島・神津島近海,34°15.4′N,139°15.3′E,11 km,2.6,震度１,34.25666667,139.255
2022/4/7,9:30:35,愛知県東部,34°53.7′N,137°29.9′E,11 km,4.7,震度４,34.895,137.4983333
2022/4/7,14:12:08,沖縄本島北西沖,26°46.2′N,126°19.3′E,28 km,4.6,震度２,26.77,126.3216667
2022/4/7,14:48:50,大阪府北部,34°51.5′N,135°36.6′E,7 km,3.3,震度２,34.85833333,135.61
2022/4/7,16:46:02,福井県嶺北,35°57.0′N,136°44.7′E,6 km,3.1,震度２,35.95,136.745
2022/4/7,22:26:07,トカラ列島近海,29°23.1′N,129°33.0′E,13 km,2.4,震度１,29.385,129.55
2022/4/8,0:18:26,新島・神津島近海,34°15.3′N,139°14.9′E,12 km,2.5,震度１,34.255,139.2483333
2022/4/8,5:30:30,和歌山県南部,33°35.3′N,135°51.3′E,39 km,3.1,震度１,33.58833333,135.855
2022/4/8,9:38:08,茨城県北部,36°46.7′N,140°34.1′E,9 km,2.9,震度１,36.77833333,140.5683333
2022/4/8,11:27:17,根室半島南東沖,42°55.6′N,146°02.8′E,22 km,4.1,震度２,42.92666667,146.0466667
2022/4/8,22:04:58,石川県能登地方,37°30.6′N,137°16.9′E,13 km,4.2,震度４,37.51,137.2816667
2022/4/8,22:10:27,石川県能登地方,37°30.7′N,137°16.6′E,13 km,2.7,震度１,37.51166667,137.2766667
2022/4/8,22:29:01,石川県能登地方,37°30.7′N,137°16.7′E,13 km,3.3,震度２,37.51166667,137.2783333
2022/4/8,22:36:44,石川県能登地方,37°30.8′N,137°16.7′E,13 km,3,震度２,37.51333333,137.2783333
2022/4/9,2:48:12,石川県能登地方,37°30.7′N,137°16.5′E,13 km,2.8,震度２,37.51166667,137.275
2022/4/9,11:13:21,和歌山県南部,33°54.2′N,135°24.0′E,52 km,3.7,震度１,33.90333333,135.4
2022/4/9,11:22:34,茨城県沖,36°36.9′N,141°00.8′E,45 km,3.4,震度１,36.615,141.0133333
2022/4/9,22:56:14,石川県能登地方,37°30.9′N,137°16.7′E,13 km,2.3,震度１,37.515,137.2783333
2022/4/10,2:59:55,埼玉県南部,35°47.4′N,139°53.9′E,48 km,3.2,震度１,35.79,139.8983333
2022/4/10,11:32:20,紀伊水道,33°50.5′N,134°57.8′E,12 km,3,震度１,33.84166667,134.9633333
2022/4/10,13:14:49,十勝沖,42°09.4′N,143°27.3′E,44 km,3.6,震度１,42.15666667,143.455
2022/4/10,13:36:07,石川県能登地方,37°31.4′N,137°18.9′E,13 km,3.2,震度２,37.52333333,137.315
2022/4/10,13:39:38,トカラ列島近海,29°17.0′N,129°11.8′E,12 km,2,震度１,29.28333333,129.1966667
2022/4/10,14:16:55,房総半島南方沖,34°02.9′N,140°16.0′E,52 km,3.9,震度１,34.04833333,140.2666667
2022/4/10,17:30:24,福島県沖,37°18.2′N,141°49.0′E,39 km,4.8,震度３,37.30333333,141.8166667
2022/4/10,18:43:16,茨城県沖,36°15.3′N,141°26.4′E,30 km,5,震度２,36.255,141.44
2022/4/10,19:03:04,茨城県沖,36°33.9′N,140°57.8′E,53 km,3,震度１,36.565,140.9633333
2022/4/11,0:34:42,長野県南部,35°21.2′N,137°41.0′E,7 km,2.3,震度１,35.35333333,137.6833333
2022/4/11,2:09:40,日向灘,32°38.9′N,131°59.6′E,34 km,3.2,震度１,32.64833333,131.9933333
2022/4/11,4:37:06,熊本県熊本地方,32°44.2′N,130°40.1′E,12 km,2.6,震度２,32.73666667,130.6683333
2022/4/11,16:29:00,京都府南部,35°03.0′N,135°33.5′E,14 km,3.5,震度２,35.05,135.5583333
2022/4/11,23:01:26,父島近海,27°00.2′N,142°25.4′E,67 km,,震度１,27.00333333,142.4233333
2022/4/12,2:24:10,硫黄島近海,25°36.2′N,142°59.2′E,120 km,4.7,震度１,25.60333333,142.9866667
2022/4/12,10:10:21,宮城県沖,38°02.6′N,141°41.1′E,50 km,3.7,震度１,38.04333333,141.685
2022/4/12,19:46:43,沖縄本島北西沖,26°47.8′N,126°18.3′E,23 km,4.9,震度１,26.79666667,126.305
2022/4/12,23:12:26,千葉県北西部,35°39.0′N,140°03.5′E,70 km,3.1,震度１,35.65,140.0583333
2022/4/13,1:07:54,千葉県南東沖,34°36.8′N,140°22.1′E,59 km,4.3,震度２,34.61333333,140.3683333
2022/4/13,6:36:18,栃木県北部,37°03.7′N,139°51.7′E,8 km,2.6,震度１,37.06166667,139.8616667
2022/4/13,9:49:47,沖縄本島北西沖,26°43.2′N,126°16.8′E,32 km,3.7,震度１,26.72,126.28
2022/4/13,9:57:26,沖縄本島北西沖,26°51.5′N,126°31.9′E,1 km,3.7,震度１,26.85833333,126.5316667
2022/4/13,10:22:33,沖縄本島北西沖,26°51.5′N,126°26.5′E,16 km,5.6,震度２,26.85833333,126.4416667
2022/4/13,11:11:10,京都府南部,35°02.6′N,135°34.1′E,13 km,3.1,震度１,35.04333333,135.5683333
2022/4/13,11:12:31,京都府南部,35°02.6′N,135°34.1′E,13 km,3.9,震度２,35.04333333,135.5683333
2022/4/13,13:29:10,茨城県南部,36°04.3′N,139°55.0′E,46 km,3.2,震度２,36.07166667,139.9166667
2022/4/13,15:14:39,沖縄本島北西沖,26°48.4′N,126°25.2′E,22 km,3.9,震度１,26.80666667,126.42
2022/4/13,15:31:17,奄美大島北西沖,28°05.6′N,128°04.8′E,13 km,4.3,震度１,28.09333333,128.08
2022/4/13,21:31:29,沖縄本島北西沖,26°51.2′N,126°29.5′E,9 km,3.6,震度１,26.85333333,126.4916667
2022/4/14,0:34:46,釧路沖,42°32.5′N,144°33.6′E,52 km,3.4,震度１,42.54166667,144.56
2022/4/14,5:19:22,沖縄本島北西沖,26°51.4′N,126°25.5′E,12 km,4.9,震度１,26.85666667,126.425
2022/4/14,9:14:59,沖縄本島北西沖,26°53.4′N,126°30.5′E,0 km,5,震度１,26.89,126.5083333
2022/4/14,12:40:08,八丈島東方沖,33°25.9′N,140°57.0′E,48 km,4.7,震度１,33.43166667,140.95
2022/4/14,13:08:02,茨城県南部,36°03.0′N,139°54.9′E,44 km,3.5,震度２,36.05,139.915
2022/4/14,17:28:07,青森県東方沖,41°00.4′N,142°00.4′E,59 km,2.9,震度１,41.00666667,142.0066667
2022/4/15,1:24:19,福島県沖,37°43.0′N,141°34.2′E,56 km,4,震度１,37.71666667,141.57
2022/4/15,3:25:29,福島県沖,37°04.8′N,141°08.0′E,50 km,4.3,震度３,37.08,141.1333333
2022/4/15,11:27:49,福島県沖,37°49.0′N,141°38.0′E,55 km,3.6,震度１,37.81666667,141.6333333
2022/4/15,13:53:05,福島県浜通り,37°10.4′N,140°53.8′E,99 km,3.5,震度１,37.17333333,140.8966667
2022/4/15,15:33:08,奄美大島北西沖,28°05.3′N,128°13.4′E,19 km,4.3,震度２,28.08833333,128.2233333
2022/4/16,2:23:25,茨城県北部,36°27.8′N,140°35.9′E,56 km,3.2,震度１,36.46333333,140.5983333
2022/4/16,5:35:12,能登半島沖,37°31.2′N,137°12.5′E,13 km,2.7,震度１,37.52,137.2083333
2022/4/16,6:48:57,京都府南部,35°03.3′N,135°33.7′E,13 km,2.8,震度１,35.055,135.5616667
2022/4/17,3:29:30,トカラ列島近海,29°19.6′N,129°28.2′E,17 km,2.3,震度１,29.32666667,129.47
2022/4/17,17:20:41,福島県沖,37°45.1′N,141°43.7′E,64 km,3.8,震度１,37.75166667,141.7283333
2022/4/17,18:08:22,福島県沖,36°56.0′N,141°12.5′E,42 km,3.2,震度１,36.93333333,141.2083333
2022/4/18,4:50:45,福島県沖,37°43.0′N,141°34.1′E,54 km,4.1,震度２,37.71666667,141.5683333
2022/4/18,9:09:09,石川県能登地方,37°31.3′N,137°18.7′E,13 km,3.1,震度１,37.52166667,137.3116667
2022/4/18,9:55:28,福島県沖,37°44.3′N,141°44.2′E,64 km,3.8,震度１,37.73833333,141.7366667
2022/4/18,13:36:52,福島県会津,37°02.4′N,139°23.6′E,7 km,2.3,震度１,37.04,139.3933333
2022/4/18,14:50:03,父島近海,27°01.0′N,142°20.8′E,73 km,3.6,震度１,27.01666667,142.3466667
2022/4/19,0:01:48,東京湾,35°37.3′N,140°03.5′E,70 km,3.3,震度１,35.62166667,140.0583333
2022/4/19,5:16:46,小笠原諸島西方沖,26°50.6′N,141°06.4′E,16 km,4.7,震度１,26.84333333,141.1066667
2022/4/19,8:16:00,茨城県北部,36°52.6′N,140°20.8′E,93 km,5.4,震度５弱,36.87666667,140.3466667
2022/4/19,11:57:14,岩手県沿岸北部,39°26.2′N,141°55.2′E,94 km,3.9,震度１,39.43666667,141.92
2022/4/19,23:10:37,愛知県東部,35°12.2′N,137°45.5′E,46 km,2.7,震度１,35.20333333,137.7583333
2022/4/20,1:40:31,福島県中通り,36°58.5′N,140°29.3′E,5 km,3,震度１,36.975,140.4883333
2022/4/20,3:34:19,岩手県沖,40°23.8′N,141°45.3′E,68 km,2.7,震度１,40.39666667,141.755
2022/4/20,17:03:09,新潟県上中越沖,37°16.1′N,138°15.9′E,19 km,2.5,震度１,37.26833333,138.265
2022/4/21,4:29:02,岩手県内陸北部,39°34.0′N,141°01.9′E,12 km,2.6,震度１,39.56666667,141.0316667
2022/4/21,7:25:29,浦河沖,42°09.2′N,142°30.2′E,78 km,3.6,震度１,42.15333333,142.5033333
2022/4/21,14:19:38,福島県沖,37°41.7′N,141°35.3′E,55 km,3.7,震度１,37.695,141.5883333
2022/4/21,15:54:03,大隅半島東方沖,31°13.8′N,131°09.9′E,53 km,3.2,震度１,31.23,131.165
2022/4/21,17:33:49,宮城県沖,38°28.1′N,141°36.5′E,52 km,3.4,震度１,38.46833333,141.6083333
2022/4/22,1:36:05,石川県加賀地方,36°30.5′N,136°43.6′E,13 km,3.5,震度２,36.50833333,136.7266667
2022/4/22,5:19:38,大分県北部,33°38.3′N,131°30.1′E,10 km,2.8,震度１,33.63833333,131.5016667
2022/4/22,10:01:58,千葉県北東部,35°22.4′N,140°22.5′E,27 km,2.2,震度１,35.37333333,140.375
2022/4/22,11:00:44,徳島県北部,33°59.6′N,134°10.0′E,7 km,2.3,震度２,33.99333333,134.1666667
2022/4/22,18:03:59,石川県能登地方,37°30.3′N,137°13.2′E,12 km,2.7,震度１,37.505,137.22
2022/4/22,23:20:48,釧路沖,43°00.2′N,145°26.8′E,51 km,3.8,震度２,43.00333333,145.4466667
2022/4/23,7:46:18,山口県中部,34°11.0′N,131°43.9′E,11 km,4.2,震度３,34.18333333,131.7316667
2022/4/23,8:20:06,石川県能登地方,37°30.3′N,137°13.2′E,12 km,3.3,震度２,37.505,137.22
2022/4/23,19:39:06,豊後水道,32°52.0′N,132°29.7′E,9 km,3.1,震度１,32.86666667,132.495
2022/4/23,22:35:36,石川県能登地方,37°30.8′N,137°12.7′E,13 km,2.9,震度１,37.51333333,137.2116667
2022/4/24,5:04:22,根室地方北部,44°01.7′N,145°04.9′E,0 km,2.3,震度１,44.02833333,145.0816667
2022/4/24,7:19:12,岩手県沿岸北部,39°38.3′N,141°52.4′E,64 km,4,震度２,39.63833333,141.8733333
2022/4/24,9:43:20,石川県能登地方,37°30.2′N,137°13.1′E,12 km,2.8,震度１,37.50333333,137.2183333
2022/4/24,14:16:48,沖縄本島北西沖,26°48.4′N,126°22.4′E,31 km,4.6,震度１,26.80666667,126.3733333
2022/4/24,17:16:13,十勝沖,41°45.1′N,143°47.8′E,25 km,5.4,震度３,41.75166667,143.7966667
2022/4/24,19:23:49,与那国島近海,23°27.7′N,123°11.0′E,51 km,5.5,震度２,23.46166667,123.1833333
2022/4/24,19:58:04,青森県東方沖,40°59.1′N,141°59.3′E,59 km,3.6,震度２,40.985,141.9883333
2022/4/25,1:11:01,岐阜県飛騨地方,36°03.3′N,137°29.7′E,9 km,2.2,震度１,36.055,137.495
2022/4/25,12:52:42,熊本県天草・芦北地方,32°28.0′N,130°30.1′E,13 km,3.1,震度１,32.46666667,130.5016667
2022/4/25,13:10:43,京都府南部,35°02.4′N,135°35.0′E,14 km,4.1,震度３,35.04,135.5833333
2022/4/25,14:04:26,徳島県南部,33°54.6′N,134°23.0′E,6 km,3.1,震度１,33.91,134.3833333
2022/4/25,19:42:29,神奈川県西部,35°23.4′N,139°03.9′E,13 km,2.6,震度１,35.39,139.065
2022/4/26,0:08:05,父島近海,26°59.7′N,142°36.4′E,60 km,4.2,震度１,26.995,142.6066667
2022/4/26,12:23:03,沖縄本島北西沖,26°49.0′N,126°30.1′E,18 km,3.9,震度１,26.81666667,126.5016667
2022/4/26,15:41:28,釧路地方北部,43°36.9′N,144°25.0′E,1 km,1.4,震度２,43.615,144.4166667
2022/4/26,21:11:59,伊予灘,33°27.2′N,132°10.0′E,53 km,3.4,震度１,33.45333333,132.1666667
2022/4/27,8:54:17,長野県南部,35°51.4′N,137°42.8′E,9 km,2.6,震度１,35.85666667,137.7133333
2022/4/27,9:12:49,千葉県南東沖,35°09.4′N,140°25.1′E,100 km,4.3,震度２,35.15666667,140.4183333
2022/4/27,14:41:42,青森県東方沖,41°11.6′N,142°19.2′E,51 km,4.2,震度１,41.19333333,142.32
2022/4/27,18:24:46,東京湾,35°35.0′N,140°01.6′E,21 km,2.9,震度２,35.58333333,140.0266667
2022/4/27,18:56:10,沖縄本島近海,27°23.6′N,128°32.4′E,16 km,2.5,震度１,27.39333333,128.54
2022/4/27,20:53:48,奄美大島近海,28°35.1′N,130°00.6′E,31 km,3.7,震度１,28.585,130.01
2022/4/28,10:23:43,上川地方南部,43°01.6′N,142°22.1′E,147 km,4.8,震度２,43.02666667,142.3683333
2022/4/28,19:03:21,青森県東方沖,41°11.7′N,142°19.8′E,53 km,4.7,震度２,41.195,142.33
2022/4/29,2:43:53,福島県沖,37°40.8′N,141°33.4′E,57 km,3.8,震度２,37.68,141.5566667
2022/4/29,2:57:12,石川県能登地方,37°30.6′N,137°16.5′E,13 km,2.9,震度２,37.51,137.275
2022/4/29,8:00:18,伊豆大島近海,35°01.8′N,139°26.3′E,29 km,3,震度１,35.03,139.4383333
2022/4/29,15:43:41,陸奥湾,41°12.0′N,141°15.6′E,7 km,2.2,震度１,41.2,141.26
2022/4/29,20:23:12,薩摩半島西方沖,31°09.2′N,130°23.9′E,153 km,4.1,震度１,31.15333333,130.3983333
2022/4/30,4:26:14,青森県東方沖,41°25.7′N,141°46.8′E,67 km,3.5,震度１,41.42833333,141.78
2022/4/30,5:38:30,神奈川県西部,35°28.9′N,139°07.3′E,19 km,2.4,震度１,35.48166667,139.1216667
2022/4/30,8:14:55,日向灘,32°25.0′N,132°03.4′E,30 km,3.2,震度１,32.41666667,132.0566667
2022/4/30,11:16:38,宮崎県南部山沿い,31°58.5′N,130°55.6′E,6 km,2.6,震度１,31.975,130.9266667
2022/4/30,18:06:45,京都府南部,35°02.7′N,135°33.8′E,12 km,4.3,震度３,35.045,135.5633333
2022/5/1,3:48:14,沖縄本島近海,26°23.8′N,127°20.9′E,39 km,3.1,震度１,26.39666667,127.3483333
2022/5/1,14:41:55,福島県沖,37°45.8′N,141°34.3′E,53 km,4.1,震度２,37.76333333,141.5716667
2022/5/1,14:43:06,硫黄島近海,24°33.7′N,141°10.9′E,148 km,不明,震度１,24.56166667,141.1816667
2022/5/1,16:20:58,浦河沖,41°44.6′N,142°35.5′E,34 km,3.8,震度１,41.74333333,142.5916667
2022/5/1,21:33:42,岩手県沖,39°08.5′N,142°26.0′E,30 km,3.3,震度１,39.14166667,142.4333333
2022/5/1,21:43:54,岩手県沿岸北部,39°33.2′N,141°54.0′E,15 km,3.6,震度１,39.55333333,141.9
2022/5/1,23:38:03,岩手県沖,40°17.1′N,142°14.6′E,44 km,3.5,震度１,40.285,142.2433333
2022/5/2,6:57:50,硫黄島近海,23°48.1′N,142°29.3′E,130 km,5.9,震度２,23.80166667,142.4883333
2022/5/2,8:46:45,福島県会津,37°02.0′N,139°21.7′E,7 km,2.1,震度２,37.03333333,139.3616667
2022/5/2,12:14:25,鳥島近海,31°03.5′N,138°46.7′E,40 km,5.3,震度１,31.05833333,138.7783333
2022/5/2,14:52:53,石川県能登地方,37°31.6′N,137°18.1′E,12 km,4.1,震度３,37.52666667,137.3016667
2022/5/2,16:08:14,日向灘,31°35.5′N,131°49.0′E,22 km,5,震度３,31.59166667,131.8166667
2022/5/2,22:21:03,京都府南部,35°02.7′N,135°34.0′E,13 km,4.4,震度４,35.045,135.5666667
2022/5/2,22:27:29,京都府南部,35°02.7′N,135°33.9′E,13 km,2.8,震度１,35.045,135.565
2022/5/2,22:28:43,京都府南部,35°02.7′N,135°33.9′E,13 km,3,震度１,35.045,135.565
2022/5/3,0:24:00,京都府南部,35°03.0′N,135°33.7′E,13 km,2.6,震度１,35.05,135.5616667
2022/5/3,2:00:06,日向灘,31°35.5′N,131°49.0′E,21 km,3.6,震度１,31.59166667,131.8166667
2022/5/3,3:13:11,宮城県沖,38°47.3′N,141°38.6′E,66 km,3.2,震度１,38.78833333,141.6433333
2022/5/3,15:50:38,鳥取県中部,35°25.4′N,133°59.0′E,13 km,4.3,震度３,35.42333333,133.9833333
2022/5/3,19:39:58,東京都多摩東部,35°39.7′N,139°28.9′E,130 km,4.6,震度３,35.66166667,139.4816667
2022/5/3,22:04:29,福島県沖,37°51.8′N,141°41.9′E,57 km,4,震度１,37.86333333,141.6983333
2022/5/4,7:16:38,三重県北部,34°52.5′N,136°27.6′E,42 km,2.8,震度１,34.875,136.46
2022/5/4,9:50:57,新島・神津島近海,34°20.6′N,139°14.8′E,6 km,2.1,震度１,34.34333333,139.2466667
2022/5/4,11:51:42,京都府南部,35°02.8′N,135°33.7′E,12 km,2.8,震度１,35.04666667,135.5616667
2022/5/4,12:53:57,宮古島近海,24°47.9′N,125°23.3′E,50 km,4.5,震度３,24.79833333,125.3883333
2022/5/5,0:20:15,浦河沖,41°55.9′N,142°19.6′E,71 km,3.5,震度１,41.93166667,142.3266667
2022/5/5,9:06:17,釧路沖,42°41.1′N,145°06.9′E,78 km,3.7,震度１,42.685,145.115
2022/5/5,11:07:59,石川県加賀地方,36°17.5′N,136°36.2′E,8 km,2.5,震度１,36.29166667,136.6033333
2022/5/5,13:04:57,宮城県沖,38°31.9′N,141°49.5′E,49 km,3.1,震度１,38.53166667,141.825
2022/5/5,14:55:02,福島県沖,37°43.0′N,141°32.5′E,53 km,3.9,震度２,37.71666667,141.5416667
2022/5/5,18:42:02,茨城県南部,36°08.4′N,139°50.6′E,52 km,4.8,震度４,36.14,139.8433333
2022/5/5,19:25:25,奄美大島近海,27°56.9′N,130°07.8′E,51 km,3.9,震度１,27.94833333,130.13
2022/5/6,11:29:48,薩摩半島西方沖,31°06.4′N,130°25.4′E,129 km,3.9,震度１,31.10666667,130.4233333
2022/5/6,22:21:07,沖縄本島北西沖,26°53.3′N,126°29.8′E,8 km,5.5,震度２,26.88833333,126.4966667
2022/5/7,1:55:44,宮崎県南部山沿い,31°58.3′N,130°56.0′E,6 km,2.3,震度１,31.97166667,130.9333333
2022/5/7,4:06:25,山形県村山地方,38°29.2′N,140°24.4′E,8 km,2.7,震度１,38.48666667,140.4066667
2022/5/7,9:58:22,福島県会津,37°02.1′N,139°21.8′E,7 km,1.5,震度１,37.035,139.3633333
2022/5/7,20:42:40,宮城県沖,38°49.0′N,142°06.0′E,42 km,3.2,震度１,38.81666667,142.1
2022/5/7,20:53:55,沖縄本島北西沖,26°55.1′N,126°24.9′E,13 km,5.7,震度２,26.91833333,126.415
2022/5/8,4:24:55,和歌山県北部,34°13.2′N,135°13.5′E,4 km,2.4,震度１,34.22,135.225
2022/5/8,9:29:37,茨城県北部,36°31.8′N,140°34.3′E,58 km,3.5,震度３,36.53,140.5716667
2022/5/8,17:37:28,岩手県沖,39°55.8′N,142°24.7′E,37 km,3.4,震度１,39.93,142.4116667
2022/5/8,21:46:04,新潟県上中越沖,37°21.9′N,138°24.1′E,16 km,2.4,震度１,37.365,138.4016667
2022/5/9,1:58:54,京都府南部,35°02.5′N,135°34.9′E,14 km,3.1,震度１,35.04166667,135.5816667
2022/5/9,3:36:08,宮城県沖,38°37.3′N,141°54.0′E,46 km,4,震度２,38.62166667,141.9
2022/5/9,6:16:04,福島県沖,37°46.2′N,141°50.2′E,45 km,3.9,震度１,37.77,141.8366667
2022/5/9,11:25:24,和歌山県北部,34°04.3′N,135°09.8′E,5 km,2.3,震度１,34.07166667,135.1633333
2022/5/9,13:46:48,鳥取県中部,35°24.4′N,133°50.3′E,6 km,1.9,震度１,35.40666667,133.8383333
2022/5/9,15:23:03,与那国島近海,23°56.5′N,122°29.7′E,19 km,6.6,震度３,23.94166667,122.495
2022/5/9,16:45:52,与那国島近海,23°55.6′N,122°33.6′E,24 km,5.5,震度１,23.92666667,122.56
2022/5/9,17:33:06,遠州灘,34°33.8′N,136°58.6′E,341 km,5.2,震度２,34.56333333,136.9766667
2022/5/9,19:03:18,日向灘,31°32.7′N,131°51.2′E,22 km,3.9,震度１,31.545,131.8533333
2022/5/9,23:47:27,岐阜県美濃東部,35°37.7′N,137°14.9′E,13 km,3.1,震度１,35.62833333,137.2483333
2022/5/10,1:57:40,福島県沖,37°46.4′N,141°50.2′E,43 km,4.3,震度２,37.77333333,141.8366667
2022/5/10,9:01:56,釧路地方北部,43°35.7′N,144°23.1′E,3 km,1.5,震度１,43.595,144.385
2022/5/10,9:35:14,釧路地方北部,43°36.2′N,144°22.6′E,3 km,2.1,震度２,43.60333333,144.3766667
2022/5/10,10:59:36,トカラ列島近海,29°19.0′N,129°11.9′E,12 km,3,震度１,29.31666667,129.1983333
2022/5/10,16:14:31,大分県中部,33°22.2′N,131°33.0′E,108 km,3,震度１,33.37,131.55
2022/5/10,17:40:58,西表島付近,24°02.3′N,123°31.6′E,21 km,3.9,震度１,24.03833333,123.5266667
2022/5/10,21:57:05,天草灘,32°33.5′N,129°52.2′E,13 km,3,震度２,32.55833333,129.87
2022/5/10,22:32:47,福島県沖,37°50.1′N,141°36.6′E,50 km,4.2,震度２,37.835,141.61
2022/5/11,14:27:38,宮城県沖,38°35.6′N,142°14.3′E,41 km,4.8,震度１,38.59333333,142.2383333
2022/5/12,3:16:45,福島県沖,37°48.0′N,141°42.9′E,54 km,4.1,震度２,37.8,141.715
2022/5/12,7:45:43,西表島付近,24°16.3′N,123°39.4′E,20 km,4,震度２,24.27166667,123.6566667
2022/5/12,7:53:26,西表島付近,24°16.3′N,123°39.3′E,20 km,3.4,震度１,24.27166667,123.655
2022/5/12,10:04:54,西表島付近,24°16.2′N,123°39.2′E,19 km,3.4,震度１,24.27,123.6533333
2022/5/12,20:45:42,与那国島近海,23°58.3′N,122°34.4′E,26 km,4.6,震度１,23.97166667,122.5733333
2022/5/13,5:10:21,福島県沖,37°15.1′N,141°31.8′E,43 km,4.5,震度２,37.25166667,141.53
2022/5/13,11:57:24,岐阜県飛騨地方,36°03.6′N,137°33.4′E,5 km,2.3,震度１,36.06,137.5566667
2022/5/13,17:35:01,福島県沖,37°24.3′N,141°44.6′E,50 km,3.8,震度１,37.405,141.7433333
2022/5/13,17:54:13,徳島県南部,33°46.7′N,134°19.5′E,8 km,2.4,震度１,33.77833333,134.325
2022/5/13,17:57:31,茨城県沖,36°15.2′N,141°08.8′E,35 km,3.4,震度１,36.25333333,141.1466667
2022/5/14,0:47:25,岩手県沖,40°05.6′N,142°44.7′E,34 km,4.7,震度２,40.09333333,142.745
2022/5/14,8:08:16,石川県能登地方,37°30.0′N,137°13.0′E,14 km,3.8,震度３,37.5,137.2166667
2022/5/14,19:48:33,千葉県南東沖,34°40.4′N,140°32.5′E,82 km,4.6,震度２,34.67333333,140.5416667
2022/5/14,23:08:44,宮城県沖,38°01.0′N,141°53.2′E,53 km,3.9,震度１,38.01666667,141.8866667
2022/5/14,23:32:48,能登半島沖,37°31.0′N,137°13.7′E,13 km,2.5,震度１,37.51666667,137.2283333
2022/5/16,0:48:25,和歌山県北部,34°00.7′N,135°10.3′E,6 km,2.7,震度２,34.01166667,135.1716667
2022/5/16,7:43:26,神奈川県西部,35°27.4′N,138°57.5′E,18 km,2.6,震度１,35.45666667,138.9583333
2022/5/16,14:29:50,和歌山県北部,33°57.3′N,135°10.0′E,7 km,3.9,震度３,33.955,135.1666667
2022/5/17,4:20:04,石垣島近海,24°11.3′N,124°16.8′E,41 km,3.8,震度１,24.18833333,124.28
2022/5/17,11:05:07,福島県会津,37°02.0′N,139°22.0′E,7 km,1.5,震度１,37.03333333,139.3666667
2022/5/17,15:30:01,熊本県天草・芦北地方,32°15.3′N,130°33.6′E,8 km,2.7,震度２,32.255,130.56
2022/5/17,18:36:58,福島県沖,37°03.3′N,141°13.2′E,48 km,3.8,震度２,37.055,141.22
2022/5/17,19:51:18,福島県沖,37°46.4′N,141°42.0′E,55 km,3.7,震度１,37.77333333,141.7
2022/5/17,22:46:31,伊豆大島近海,34°45.0′N,139°34.2′E,137 km,4.1,震度２,34.75,139.57
2022/5/17,22:53:53,宮城県沖,37°58.0′N,141°49.0′E,55 km,4.1,震度２,37.96666667,141.8166667
2022/5/18,0:34:11,奄美大島北東沖,29°38.0′N,130°35.2′E,40 km,4.6,震度１,29.63333333,130.5866667
2022/5/18,6:17:19,青森県東方沖,40°59.2′N,143°09.8′E,21 km,5.3,震度２,40.98666667,143.1633333
2022/5/18,9:10:31,石川県能登地方,37°27.5′N,137°15.5′E,10 km,2.6,震度１,37.45833333,137.2583333
2022/5/18,13:38:59,奄美大島近海,27°59.1′N,129°28.7′E,30 km,3.3,震度１,27.985,129.4783333
2022/5/18,19:26:19,福島県沖,37°49.8′N,141°36.3′E,50 km,3.9,震度１,37.83,141.605
2022/5/18,23:17:32,福島県沖,37°44.0′N,141°36.2′E,56 km,3.8,震度１,37.73333333,141.6033333
2022/5/18,23:44:21,日向灘,32°41.0′N,132°01.7′E,42 km,3,震度１,32.68333333,132.0283333
2022/5/19,8:52:48,石垣島近海,23°29.8′N,123°43.8′E,47 km,5.1,震度１,23.49666667,123.73
2022/5/19,19:17:12,石川県能登地方,37°30.8′N,137°16.0′E,13 km,2.3,震度１,37.51333333,137.2666667
2022/5/20,0:18:23,沖縄本島近海,26°13.8′N,127°50.1′E,12 km,2.5,震度１,26.23,127.835
2022/5/20,4:53:57,岐阜県美濃東部,35°17.5′N,137°26.3′E,47 km,2.5,震度１,35.29166667,137.4383333
2022/5/20,5:15:23,茨城県沖,36°21.0′N,140°55.3′E,28 km,3.5,震度２,36.35,140.9216667
2022/5/20,9:08:55,トカラ列島近海,29°19.6′N,129°34.1′E,6 km,2.5,震度１,29.32666667,129.5683333
2022/5/20,17:19:09,石川県能登地方,37°31.3′N,137°18.9′E,13 km,2.8,震度１,37.52166667,137.315
2022/5/20,17:29:36,石川県能登地方,37°31.2′N,137°18.9′E,13 km,2.7,震度１,37.52,137.315
2022/5/20,18:12:21,福島県沖,37°47.7′N,141°44.0′E,62 km,4,震度１,37.795,141.7333333
2022/5/20,19:58:18,石川県能登地方,37°31.1′N,137°19.0′E,14 km,4.1,震度３,37.51833333,137.3166667
2022/5/20,20:14:51,石川県能登地方,37°31.1′N,137°18.9′E,13 km,2.8,震度１,37.51833333,137.315
2022/5/21,16:03:32,山梨県東部・富士五湖,35°32.0′N,138°58.4′E,20 km,3.3,震度２,35.53333333,138.9733333
2022/5/21,21:35:52,京都府南部,35°03.1′N,135°34.8′E,14 km,3.5,震度２,35.05166667,135.58
2022/5/22,6:11:35,茨城県北部,36°38.4′N,140°25.8′E,70 km,2.9,震度１,36.64,140.43
2022/5/22,6:37:54,福島県浜通り,37°02.6′N,140°58.3′E,52 km,3.4,震度２,37.04333333,140.9716667
2022/5/22,12:24:11,茨城県沖,36°46.4′N,141°24.2′E,5 km,6,震度５弱,36.77333333,141.4033333
2022/5/22,21:22:16,日高地方東部,42°10.0′N,142°58.1′E,43 km,4.7,震度３,42.16666667,142.9683333
2022/5/23,0:17:33,八丈島東方沖,33°11.1′N,141°25.5′E,37 km,6.1,震度１,33.185,141.425
2022/5/23,0:42:31,千葉県南東沖,35°09.7′N,140°24.1′E,54 km,4.2,震度２,35.16166667,140.4016667
2022/5/23,4:26:22,茨城県沖,36°47.9′N,141°23.5′E,5 km,3.8,震度１,36.79833333,141.3916667
2022/5/23,8:20:22,徳島県北部,33°56.4′N,134°18.5′E,39 km,4.2,震度３,33.94,134.3083333
2022/5/23,10:50:05,長野県南部,35°50.8′N,137°34.2′E,5 km,2.4,震度１,35.84666667,137.57
2022/5/23,11:01:06,青森県東方沖,41°13.4′N,143°05.8′E,24 km,5.6,震度３,41.22333333,143.0966667
2022/5/23,20:25:37,父島近海,27°03.1′N,142°19.9′E,74 km,,震度１,27.05166667,142.3316667
2022/5/24,0:23:46,福島県沖,37°40.9′N,141°39.7′E,61 km,3.6,震度１,37.68166667,141.6616667
2022/5/24,6:05:03,根室半島南東沖,43°27.8′N,146°06.7′E,95 km,3.8,震度１,43.46333333,146.1116667
2022/5/24,12:28:49,トカラ列島近海,29°21.1′N,129°36.3′E,8 km,2.2,震度１,29.35166667,129.605
2022/5/24,12:43:23,千葉県北西部,35°50.9′N,139°59.5′E,47 km,3.5,震度１,35.84833333,139.9916667
2022/5/24,13:01:37,石川県能登地方,37°31.4′N,137°18.5′E,13 km,2.6,震度１,37.52333333,137.3083333
2022/5/24,13:54:50,和歌山県北部,34°12.5′N,135°10.3′E,5 km,3.1,震度２,34.20833333,135.1716667
2022/5/24,15:26:25,石川県能登地方,37°31.5′N,137°18.6′E,12 km,2.5,震度１,37.525,137.31
2022/5/24,23:17:57,伊豆大島近海,34°48.1′N,139°16.4′E,11 km,2.5,震度１,34.80166667,139.2733333
2022/5/25,3:04:02,福島県沖,37°30.9′N,141°04.7′E,88 km,3.8,震度２,37.515,141.0783333
2022/5/25,4:04:56,石川県能登地方,37°31.3′N,137°18.7′E,13 km,2.5,震度１,37.52166667,137.3116667
2022/5/25,4:28:35,石川県能登地方,37°30.9′N,137°13.1′E,14 km,3.1,震度１,37.515,137.2183333
2022/5/25,19:48:52,滋賀県北部,35°31.7′N,136°17.5′E,40 km,2.9,震度１,35.52833333,136.2916667
2022/5/25,21:51:37,石川県能登地方,37°30.8′N,137°12.5′E,13 km,3.4,震度１,37.51333333,137.2083333
2022/5/26,10:46:07,岩手県沖,40°12.3′N,142°16.0′E,44 km,3.4,震度１,40.205,142.2666667
2022/5/26,11:27:10,長野県中部,36°26.3′N,138°01.3′E,7 km,2.4,震度１,36.43833333,138.0216667
2022/5/26,15:50:10,茨城県北部,36°42.7′N,140°36.4′E,9 km,2.9,震度１,36.71166667,140.6066667
2022/5/26,17:48:32,岐阜県美濃東部,35°19.4′N,137°08.2′E,46 km,2.9,震度１,35.32333333,137.1366667
2022/5/27,14:37:04,長野県中部,36°26.3′N,138°01.6′E,8 km,3.3,震度３,36.43833333,138.0266667
2022/5/27,17:59:35,福島県沖,37°48.2′N,141°37.2′E,55 km,4.7,震度３,37.80333333,141.62
2022/5/27,19:12:35,長野県中部,36°23.7′N,138°01.8′E,7 km,2.3,震度１,36.395,138.03
2022/5/28,1:17:17,熊本県熊本地方,32°39.8′N,130°40.5′E,11 km,2.2,震度１,32.66333333,130.675
2022/5/29,6:30:42,父島近海,26°39.5′N,142°26.3′E,26 km,4.7,震度３,26.65833333,142.4383333
2022/5/29,15:55:22,茨城県沖,36°14.8′N,140°58.5′E,44 km,5.3,震度４,36.24666667,140.975
2022/5/29,16:00:32,福島県沖,37°40.7′N,141°39.3′E,55 km,4.1,震度１,37.67833333,141.655
2022/5/30,22:06:45,福島県沖,37°40.9′N,141°39.5′E,60 km,3.9,震度１,37.68166667,141.6583333
2022/5/31,4:32:18,熊本県熊本地方,32°32.7′N,130°41.1′E,9 km,3.8,震度３,32.545,130.685
2022/5/31,7:42:17,熊本県熊本地方,32°53.7′N,130°31.9′E,10 km,2.9,震度１,32.895,130.5316667
2022/5/31,14:42:46,茨城県南部,36°06.8′N,140°13.2′E,76 km,3.5,震度１,36.11333333,140.22
2022/5/31,15:50:22,石川県能登地方,37°30.4′N,137°17.9′E,12 km,3.1,震度２,37.50666667,137.2983333
2022/5/31,16:08:08,福島県沖,37°40.1′N,141°32.1′E,54 km,3.6,震度１,37.66833333,141.535
2022/5/31,18:10:20,兵庫県南東部,35°05.4′N,134°52.2′E,8 km,2.7,震度１,35.09,134.87
2022/6/1,10:19:44,日高地方西部,42°36.4′N,142°11.3′E,102 km,4.3,震度３,42.60666667,142.1883333
2022/6/1,13:10:34,沖縄本島北西沖,26°45.3′N,126°20.2′E,36 km,3.4,震度１,26.755,126.3366667
2022/6/1,13:28:36,岐阜県飛騨地方,36°03.9′N,137°28.4′E,6 km,2.6,震度２,36.065,137.4733333
2022/6/1,14:18:03,茨城県北部,36°36.0′N,140°38.1′E,8 km,2.3,震度１,36.6,140.635
2022/6/1,18:38:44,茨城県沖,36°26.1′N,140°39.4′E,53 km,3.6,震度２,36.435,140.6566667
2022/6/2,0:40:29,宮城県沖,37°52.8′N,141°41.8′E,58 km,3.8,震度１,37.88,141.6966667
2022/6/2,4:42:56,茨城県南部,36°00.9′N,140°08.8′E,61 km,4.3,震度２,36.015,140.1466667
2022/6/2,7:48:34,福島県沖,37°48.9′N,141°38.4′E,57 km,4.2,震度２,37.815,141.64
2022/6/2,7:55:27,石川県能登地方,37°30.2′N,137°18.1′E,12 km,3,震度２,37.50333333,137.3016667
2022/6/2,9:52:10,福島県沖,37°41.9′N,141°31.5′E,53 km,3.9,震度１,37.69833333,141.525
2022/6/3,0:22:25,石川県能登地方,37°30.9′N,137°12.6′E,13 km,3.3,震度１,37.515,137.21
2022/6/3,1:01:07,岐阜県飛騨地方,36°21.5′N,137°37.0′E,2 km,2.8,震度１,36.35833333,137.6166667
2022/6/3,5:05:35,京都府南部,35°02.5′N,135°33.9′E,12 km,3.4,震度２,35.04166667,135.565
2022/6/3,8:36:05,岩手県沖,39°20.0′N,142°04.8′E,48 km,3.4,震度１,39.33333333,142.08
2022/6/3,13:29:25,能登半島沖,37°31.4′N,137°13.8′E,13 km,3.9,震度３,37.52333333,137.23
2022/6/3,16:00:45,沖縄本島北西沖,26°46.4′N,126°27.2′E,33 km,3.7,震度１,26.77333333,126.4533333
2022/6/3,16:03:34,沖縄本島北西沖,26°50.1′N,126°21.6′E,16 km,5.9,震度２,26.835,126.36
2022/6/3,16:09:46,沖縄本島北西沖,26°47.6′N,126°22.4′E,29 km,3.9,震度１,26.79333333,126.3733333
2022/6/3,16:18:48,日向灘,31°51.9′N,131°41.1′E,38 km,2.8,震度１,31.865,131.685
2022/6/4,0:54:48,石川県能登地方,37°30.3′N,137°13.1′E,12 km,2.7,震度１,37.505,137.2183333
2022/6/4,3:29:45,沖縄本島北西沖,26°48.0′N,126°27.8′E,33 km,3.6,震度１,26.8,126.4633333
2022/6/4,19:24:51,釧路地方中南部,43°09.3′N,145°13.9′E,68 km,3.6,震度１,43.155,145.2316667
2022/6/5,1:56:14,日向灘,32°27.3′N,131°52.4′E,35 km,3.1,震度１,32.455,131.8733333
2022/6/5,3:48:42,八丈島東方沖,32°58.6′N,140°40.5′E,62 km,4.7,震度１,32.97666667,140.675
2022/6/5,15:28:45,日向灘,32°42.0′N,132°02.9′E,39 km,3.5,震度１,32.7,132.0483333
2022/6/5,18:59:31,福島県沖,37°42.9′N,141°34.5′E,54 km,3.9,震度１,37.715,141.575
2022/6/6,20:04:52,熊本県天草・芦北地方,32°25.3′N,130°30.9′E,10 km,2.9,震度１,32.42166667,130.515
2022/6/6,22:33:38,沖縄本島北西沖,26°47.9′N,126°22.4′E,27 km,3.7,震度１,26.79833333,126.3733333
2022/6/7,0:37:56,福島県沖,37°50.4′N,141°36.3′E,50 km,3.7,震度１,37.84,141.605
2022/6/7,10:57:56,石垣島北西沖,25°38.1′N,123°25.7′E,204 km,5.2,震度２,25.635,123.4283333
2022/6/7,11:33:11,山口県東部,33°59.8′N,132°05.0′E,6 km,3.8,震度２,33.99666667,132.0833333
2022/6/7,12:14:27,京都府南部,35°14.8′N,135°27.1′E,12 km,2.4,震度１,35.24666667,135.4516667
2022/6/7,19:49:33,石川県能登地方,37°30.1′N,137°18.0′E,12 km,2.4,震度１,37.50166667,137.3
2022/6/7,19:54:52,千葉県南東沖,34°43.3′N,140°37.7′E,49 km,3.8,震度１,34.72166667,140.6283333
2022/6/8,19:41:52,福島県沖,37°48.1′N,141°44.2′E,63 km,3.7,震度１,37.80166667,141.7366667
2022/6/8,20:31:02,与那国島近海,24°20.4′N,123°01.6′E,47 km,3.8,震度１,24.34,123.0266667
2022/6/9,2:26:54,宮城県沖,38°31.8′N,141°49.6′E,50 km,4.4,震度２,38.53,141.8266667
2022/6/9,5:56:51,宮城県沖,37°59.1′N,141°47.1′E,56 km,4.1,震度２,37.985,141.785
2022/6/9,7:25:35,紀伊水道,33°44.7′N,134°46.7′E,39 km,3.9,震度２,33.745,134.7783333
2022/6/9,11:49:33,福島県沖,37°42.6′N,141°31.9′E,55 km,3.9,震度２,37.71,141.5316667
2022/6/9,18:27:50,福岡県北西沖,33°40.1′N,130°25.0′E,13 km,2.7,震度１,33.66833333,130.4166667
2022/6/10,0:31:47,千葉県北西部,35°41.2′N,140°14.6′E,51 km,3.3,震度１,35.68666667,140.2433333
2022/6/10,3:05:10,能登半島沖,37°31.2′N,137°14.0′E,13 km,3.5,震度２,37.52,137.2333333
2022/6/10,11:14:05,浦河沖,41°49.9′N,142°12.1′E,67 km,4.9,震度３,41.83166667,142.2016667
2022/6/11,7:52:35,栃木県北部,36°57.1′N,139°40.5′E,6 km,2.5,震度１,36.95166667,139.675
2022/6/11,11:36:47,福島県沖,37°40.8′N,141°18.2′E,84 km,4,震度２,37.68,141.3033333
2022/6/11,14:51:25,能登半島沖,37°31.1′N,137°12.7′E,13 km,2.8,震度１,37.51833333,137.2116667
2022/6/11,20:24:25,福島県会津,37°02.7′N,139°22.0′E,7 km,2,震度１,37.045,139.3666667
2022/6/12,5:07:24,宮城県沖,37°53.8′N,141°46.0′E,57 km,3.8,震度１,37.89666667,141.7666667
2022/6/12,5:18:34,長野県北部,36°33.3′N,137°47.5′E,3 km,2.7,震度３,36.555,137.7916667
2022/6/12,14:49:29,日高地方東部,42°19.8′N,143°01.0′E,49 km,3.8,震度１,42.33,143.0166667
2022/6/12,18:06:04,宮城県沖,38°48.2′N,142°00.6′E,55 km,4,震度２,38.80333333,142.01
2022/6/12,18:14:30,石川県能登地方,37°30.7′N,137°13.6′E,13 km,3,震度１,37.51166667,137.2266667
2022/6/12,20:00:41,石川県能登地方,37°30.6′N,137°13.6′E,14 km,3.4,震度１,37.51,137.2266667
2022/6/12,21:45:52,福島県沖,37°38.2′N,141°35.3′E,54 km,5.1,震度３,37.63666667,141.5883333
2022/6/12,23:20:55,福島県沖,37°38.4′N,141°35.3′E,52 km,4.1,震度１,37.64,141.5883333
2022/6/13,1:57:36,福島県沖,37°12.6′N,141°20.4′E,41 km,4.3,震度３,37.21,141.34
2022/6/13,20:18:33,西表島付近,24°08.5′N,123°47.3′E,19 km,4.6,震度３,24.14166667,123.7883333
2022/6/14,0:58:22,豊後水道,33°18.7′N,132°09.3′E,47 km,3.7,震度２,33.31166667,132.155
2022/6/14,6:01:39,豊後水道,33°18.7′N,132°09.4′E,48 km,4,震度２,33.31166667,132.1566667
2022/6/14,14:10:23,和歌山県北部,34°15.3′N,135°26.6′E,6 km,3,震度２,34.255,135.4433333
2022/6/14,17:00:12,宮城県沖,38°34.3′N,142°03.5′E,25 km,3.7,震度１,38.57166667,142.0583333
2022/6/14,21:08:32,青森県東方沖,41°04.8′N,141°34.5′E,81 km,3.7,震度２,41.08,141.575
2022/6/14,21:58:57,青森県東方沖,41°04.7′N,141°34.8′E,81 km,3.3,震度１,41.07833333,141.58
2022/6/15,1:33:46,宮城県沖,38°27.5′N,141°58.3′E,60 km,4.3,震度３,38.45833333,141.9716667
2022/6/15,3:13:56,紀伊水道,34°10.2′N,135°03.7′E,10 km,2.4,震度１,34.17,135.0616667
2022/6/15,9:58:54,紀伊水道,33°43.7′N,135°11.9′E,42 km,3.1,震度１,33.72833333,135.1983333
2022/6/16,0:45:52,大阪府北部,34°54.7′N,135°38.4′E,11 km,2.9,震度１,34.91166667,135.64
2022/6/16,2:27:13,能登半島沖,37°31.7′N,137°14.1′E,13 km,4,震度２,37.52833333,137.235
2022/6/16,14:45:14,石川県能登地方,37°31.2′N,137°16.3′E,12 km,2.6,震度１,37.52,137.2716667
2022/6/16,22:19:54,福島県沖,37°48.2′N,141°34.9′E,53 km,3.7,震度１,37.80333333,141.5816667
2022/6/17,0:51:26,徳島県南部,33°54.7′N,134°35.3′E,45 km,4.9,震度４,33.91166667,134.5883333
2022/6/17,5:12:42,宮城県沖,37°54.9′N,141°45.7′E,62 km,3.8,震度１,37.915,141.7616667
2022/6/17,17:52:05,沖縄本島近海,26°47.4′N,127°53.2′E,14 km,3.6,震度１,26.79,127.8866667
2022/6/17,23:35:38,福島県沖,37°35.0′N,141°34.2′E,58 km,4.7,震度３,37.58333333,141.57
2022/6/18,0:14:32,奄美大島近海,27°55.7′N,128°54.8′E,43 km,3.5,震度１,27.92833333,128.9133333
2022/6/18,4:05:03,青森県東方沖,40°53.3′N,142°48.3′E,48 km,3.9,震度１,40.88833333,142.805
2022/6/19,10:07:05,千葉県東方沖,35°17.9′N,140°35.3′E,23 km,3,震度１,35.29833333,140.5883333
2022/6/19,10:58:11,沖縄本島近海,26°47.5′N,128°24.6′E,31 km,3.1,震度１,26.79166667,128.41
2022/6/19,14:38:49,岩手県沖,39°49.1′N,142°22.0′E,13 km,3.7,震度１,39.81833333,142.3666667
2022/6/19,14:53:29,熊本県阿蘇地方,33°01.7′N,131°13.2′E,7 km,2.8,震度１,33.02833333,131.22
2022/6/19,15:08:08,石川県能登地方,37°30.9′N,137°16.5′E,13 km,5.4,震度６弱,37.515,137.275
2022/6/19,15:09:51,石川県能登地方,37°30.5′N,137°14.8′E,10 km,3.5,震度３,37.50833333,137.2466667
2022/6/19,15:11:01,石川県能登地方,37°31.5′N,137°15.3′E,12 km,2.7,震度１,37.525,137.255
2022/6/19,15:14:45,石川県能登地方,37°30.9′N,137°15.9′E,11 km,2.8,震度１,37.515,137.265
2022/6/19,15:19:06,石川県能登地方,37°30.5′N,137°16.5′E,13 km,3.2,震度２,37.50833333,137.275
2022/6/19,15:19:12,岩手県沖,39°49.0′N,142°22.1′E,13 km,3.9,震度１,39.81666667,142.3683333
2022/6/19,15:21:56,石川県能登地方,37°30.5′N,137°16.8′E,13 km,2.9,震度２,37.50833333,137.28
2022/6/19,15:59:07,石川県能登地方,37°30.1′N,137°16.5′E,13 km,2.8,震度１,37.50166667,137.275
2022/6/19,16:38:46,石川県能登地方,37°30.9′N,137°15.7′E,12 km,3.3,震度２,37.515,137.2616667
2022/6/19,17:25:06,石川県能登地方,37°31.0′N,137°15.2′E,12 km,2.6,震度１,37.51666667,137.2533333
2022/6/19,18:27:58,茨城県北部,36°52.6′N,140°20.7′E,95 km,4.4,震度３,36.87666667,140.345
2022/6/19,18:55:19,沖縄本島北西沖,26°48.5′N,126°21.2′E,19 km,5.8,震度２,26.80833333,126.3533333
2022/6/19,19:07:37,沖縄本島北西沖,26°49.2′N,126°21.1′E,25 km,5.2,震度２,26.82,126.3516667
2022/6/19,19:18:32,石川県能登地方,37°30.0′N,137°16.0′E,13 km,2.4,震度１,37.5,137.2666667
2022/6/19,19:22:50,石川県能登地方,37°31.4′N,137°16.4′E,11 km,3.2,震度２,37.52333333,137.2733333
2022/6/19,19:27:29,石川県能登地方,37°31.3′N,137°16.4′E,11 km,2.8,震度１,37.52166667,137.2733333
2022/6/19,19:38:40,石川県能登地方,37°31.4′N,137°16.9′E,13 km,2.6,震度１,37.52333333,137.2816667
2022/6/19,22:22:40,青森県東方沖,40°54.4′N,142°06.7′E,55 km,3.5,震度１,40.90666667,142.1116667
2022/6/19,23:09:12,岩手県沿岸北部,39°30.0′N,141°36.2′E,72 km,3.5,震度１,39.5,141.6033333
2022/6/20,0:29:00,石川県能登地方,37°30.4′N,137°16.6′E,13 km,2.2,震度１,37.50666667,137.2766667
2022/6/20,3:24:48,沖縄本島北西沖,26°43.3′N,126°20.9′E,32 km,3.6,震度１,26.72166667,126.3483333
2022/6/20,3:35:27,茨城県北部,36°52.7′N,140°20.7′E,94 km,3.6,震度２,36.87833333,140.345
2022/6/20,5:26:32,択捉島南東沖,44°13.5′N,147°55.0′E,120 km,4.7,震度１,44.225,147.9166667
2022/6/20,9:18:27,宗谷地方北部,45°03.1′N,141°51.3′E,10 km,4.4,震度４,45.05166667,141.855
2022/6/20,10:04:24,滋賀県北部,35°26.8′N,136°20.2′E,13 km,3.6,震度２,35.44666667,136.3366667
2022/6/20,10:04:35,石川県能登地方,37°31.4′N,137°19.3′E,13 km,3.4,震度２,37.52333333,137.3216667
2022/6/20,10:31:34,石川県能登地方,37°31.3′N,137°19.3′E,14 km,5,震度５強,37.52166667,137.3216667
2022/6/20,10:34:01,石川県能登地方,37°31.4′N,137°18.7′E,13 km,3,震度１,37.52333333,137.3116667
2022/6/20,10:41:12,石川県能登地方,37°31.1′N,137°18.9′E,13 km,3,震度１,37.51833333,137.315
2022/6/20,11:00:12,宗谷地方北部,45°02.6′N,141°52.7′E,2 km,2.1,震度１,45.04333333,141.8783333
2022/6/20,11:24:02,石川県能登地方,37°31.4′N,137°18.7′E,13 km,2.3,震度１,37.52333333,137.3116667
2022/6/20,11:40:19,奄美大島近海,28°18.7′N,129°19.2′E,14 km,3,震度１,28.31166667,129.32
2022/6/20,12:12:50,石川県能登地方,37°31.3′N,137°18.7′E,13 km,2.7,震度１,37.52166667,137.3116667
2022/6/20,12:57:29,宗谷地方北部,45°02.7′N,141°52.3′E,7 km,2.5,震度２,45.045,141.8716667
2022/6/20,13:13:42,宗谷地方北部,45°02.8′N,141°52.7′E,0 km,2.2,震度１,45.04666667,141.8783333
2022/6/20,13:22:42,宗谷地方北部,45°02.4′N,141°51.8′E,8 km,2.7,震度２,45.04,141.8633333
2022/6/20,14:35:15,福島県会津,37°25.4′N,139°41.5′E,4 km,1.8,震度１,37.42333333,139.6916667
2022/6/20,14:50:14,石川県能登地方,37°31.5′N,137°18.8′E,14 km,4.3,震度４,37.525,137.3133333
2022/6/20,18:08:40,石川県能登地方,37°31.6′N,137°18.2′E,13 km,2.8,震度１,37.52666667,137.3033333
2022/6/20,18:18:39,石川県能登地方,37°31.1′N,137°18.7′E,14 km,2.2,震度１,37.51833333,137.3116667
2022/6/20,18:52:33,広島県北部,34°52.8′N,133°00.3′E,9 km,2.7,震度１,34.88,133.005
2022/6/21,3:13:30,石川県能登地方,37°30.5′N,137°16.7′E,14 km,3,震度１,37.50833333,137.2783333
2022/6/21,9:53:36,大阪湾,34°28.9′N,135°04.0′E,15 km,3.3,震度１,34.48166667,135.0666667
2022/6/21,10:42:51,石川県能登地方,37°30.8′N,137°15.8′E,12 km,4.1,震度３,37.51333333,137.2633333
2022/6/21,14:46:01,福島県沖,37°49.7′N,141°44.5′E,51 km,3.9,震度１,37.82833333,141.7416667
2022/6/21,16:14:54,父島近海,27°56.9′N,142°44.3′E,48 km,6.1,震度２,27.94833333,142.7383333
2022/6/21,17:40:22,紀伊水道,33°54.9′N,134°51.4′E,41 km,3.2,震度１,33.915,134.8566667
2022/6/21,19:44:24,滋賀県北部,35°26.8′N,136°20.2′E,13 km,3.4,震度２,35.44666667,136.3366667
2022/6/21,20:23:02,沖縄本島北西沖,26°45.8′N,126°19.0′E,28 km,4.7,震度１,26.76333333,126.3166667
2022/6/21,21:39:49,長崎県南西部,32°45.1′N,129°55.9′E,14 km,2.9,震度２,32.75166667,129.9316667
2022/6/21,21:53:12,奄美大島近海,27°28.5′N,128°55.6′E,36 km,2.8,震度１,27.475,128.9266667
2022/6/21,23:54:00,沖縄本島北西沖,26°44.8′N,126°19.3′E,33 km,4.8,震度２,26.74666667,126.3216667
2022/6/22,1:14:56,沖縄本島北西沖,26°45.9′N,126°18.6′E,31 km,4.3,震度１,26.765,126.31
2022/6/22,7:45:48,石川県能登地方,37°30.1′N,137°13.4′E,12 km,2.8,震度１,37.50166667,137.2233333
2022/6/22,12:00:22,福島県沖,37°31.5′N,141°21.4′E,49 km,3.4,震度１,37.525,141.3566667
2022/6/22,13:54:20,福島県中通り,37°01.1′N,140°22.0′E,111 km,3.3,震度１,37.01833333,140.3666667
2022/6/22,18:22:49,長崎県南西部,32°44.9′N,129°56.0′E,12 km,2.1,震度１,32.74833333,129.9333333
2022/6/22,18:30:19,西表島付近,23°57.5′N,123°34.9′E,31 km,4.5,震度１,23.95833333,123.5816667
2022/6/22,20:37:10,石川県能登地方,37°31.5′N,137°18.6′E,14 km,2.7,震度１,37.525,137.31
2022/6/23,2:19:32,福島県沖,37°47.0′N,141°40.3′E,59 km,3.9,震度１,37.78333333,141.6716667
2022/6/23,9:15:41,岩手県沖,40°20.8′N,142°02.1′E,52 km,3.7,震度１,40.34666667,142.035
2022/6/23,11:33:31,茨城県南部,36°02.6′N,140°06.1′E,63 km,3.2,震度１,36.04333333,140.1016667
2022/6/23,14:41:24,福島県沖,37°42.9′N,141°45.7′E,51 km,3.4,震度１,37.715,141.7616667
2022/6/23,15:14:58,群馬県北部,36°40.8′N,139°18.2′E,8 km,2.9,震度２,36.68,139.3033333
2022/6/23,17:09:20,石川県能登地方,37°28.6′N,137°10.9′E,13 km,2.9,震度１,37.47666667,137.1816667
2022/6/23,20:16:23,奄美大島近海,27°51.4′N,128°53.1′E,8 km,3.2,震度２,27.85666667,128.885
2022/6/24,0:19:55,高知県中部,33°46.1′N,133°22.4′E,37 km,3.4,震度１,33.76833333,133.3733333
2022/6/24,3:29:19,宮崎県北部山沿い,32°28.1′N,131°28.6′E,16 km,2.9,震度１,32.46833333,131.4766667
2022/6/24,6:39:02,石川県能登地方,37°31.3′N,137°16.4′E,12 km,2.3,震度１,37.52166667,137.2733333
2022/6/24,7:32:21,与那国島近海,24°03.4′N,122°28.7′E,27 km,5.6,震度２,24.05666667,122.4783333
2022/6/24,20:53:29,奄美大島近海,27°50.8′N,128°54.0′E,12 km,2.5,震度１,27.84666667,128.9
2022/6/25,11:13:55,沖縄本島近海,26°52.5′N,127°19.3′E,83 km,3.6,震度１,26.875,127.3216667
2022/6/25,14:18:16,福島県会津,37°03.9′N,139°22.0′E,7 km,1.8,震度１,37.065,139.3666667
2022/6/25,18:49:52,伊豆大島近海,34°55.0′N,139°29.2′E,27 km,3.3,震度１,34.91666667,139.4866667
2022/6/26,6:31:25,奈良県,34°13.3′N,135°59.8′E,55 km,3.4,震度１,34.22166667,135.9966667
2022/6/26,7:26:22,トカラ列島近海,29°17.8′N,129°13.1′E,10 km,2.9,震度１,29.29666667,129.2183333
2022/6/26,15:49:09,石川県能登地方,37°30.5′N,137°13.1′E,11 km,2.8,震度１,37.50833333,137.2183333
2022/6/26,17:21:32,宮城県沖,38°27.9′N,142°12.9′E,32 km,3.8,震度１,38.465,142.215
2022/6/26,17:23:01,石川県能登地方,37°30.5′N,137°13.1′E,12 km,2.8,震度１,37.50833333,137.2183333
2022/6/26,21:04:27,能登半島沖,37°32.1′N,137°17.1′E,12 km,2.5,震度１,37.535,137.285
2022/6/26,21:44:48,熊本県熊本地方,32°32.4′N,130°41.1′E,9 km,4.7,震度５弱,32.54,130.685
2022/6/27,6:34:37,薩摩半島西方沖,31°08.4′N,130°23.6′E,151 km,3.9,震度１,31.14,130.3933333
2022/6/27,13:22:52,日向灘,32°46.7′N,132°09.3′E,38 km,3,震度１,32.77833333,132.155
2022/6/27,13:57:53,根室地方南部,43°17.7′N,145°26.2′E,78 km,3.6,震度２,43.295,145.4366667
2022/6/27,15:49:24,トカラ列島近海,29°21.7′N,129°24.0′E,18 km,2.3,震度１,29.36166667,129.4
2022/6/27,15:59:07,愛知県西部,35°04.0′N,137°18.3′E,37 km,3,震度１,35.06666667,137.305
2022/6/27,18:31:16,宮城県沖,37°54.3′N,141°42.1′E,57 km,3.6,震度１,37.905,141.7016667
2022/6/28,5:03:03,宮城県沖,38°28.0′N,142°07.6′E,42 km,4.9,震度２,38.46666667,142.1266667
2022/6/28,5:06:19,京都府南部,35°06.5′N,135°41.8′E,15 km,3.2,震度１,35.10833333,135.6966667
2022/6/28,11:57:47,熊本県熊本地方,32°32.7′N,130°41.0′E,10 km,2.8,震度１,32.545,130.6833333
2022/6/28,19:16:04,紀伊水道,33°38.7′N,135°05.2′E,42 km,3.4,震度１,33.645,135.0866667
2022/6/29,0:24:44,トカラ列島近海,29°19.3′N,129°06.4′E,11 km,3.2,震度１,29.32166667,129.1066667
2022/6/29,9:20:07,有明海,32°47.3′N,130°32.8′E,10 km,3.9,震度３,32.78833333,130.5466667
2022/6/29,17:38:15,石川県能登地方,37°31.0′N,137°15.4′E,13 km,3.5,震度２,37.51666667,137.2566667
2022/6/29,17:50:15,石川県能登地方,37°30.9′N,137°15.3′E,13 km,3.3,震度１,37.515,137.255
2022/6/29,18:27:45,鹿児島県大隅地方,31°19.7′N,130°56.4′E,68 km,3,震度１,31.32833333,130.94
2022/6/29,22:59:31,日向灘,32°14.6′N,131°58.7′E,24 km,3.2,震度１,32.24333333,131.9783333
2022/6/30,7:05:05,福島県沖,37°20.3′N,141°22.4′E,81 km,3.6,震度１,37.33833333,141.3733333
2022/6/30,12:58:57,岩手県沖,39°05.6′N,142°12.6′E,41 km,3.8,震度１,39.09333333,142.21
2022/6/30,14:14:57,大隅半島東方沖,30°49.0′N,131°27.1′E,33 km,4.2,震度１,30.81666667,131.4516667
2022/6/30,18:16:04,熊本県天草・芦北地方,32°26.1′N,130°30.4′E,13 km,3.1,震度１,32.435,130.5066667
2022/6/30,19:34:44,日向灘,31°52.0′N,131°40.8′E,38 km,3.6,震度２,31.86666667,131.68
2022/6/30,21:53:08,薩摩半島西方沖,31°04.4′N,128°59.3′E,17 km,4.4,震度２,31.07333333,128.9883333
2022/7/1,4:27:41,茨城県南部,36°08.1′N,139°50.0′E,51 km,3.1,震度１,36.135,139.8333333
2022/7/1,5:34:55,伊勢湾,34°45.8′N,136°46.5′E,18 km,2.9,震度１,34.76333333,136.775
2022/7/1,7:03:59,宮城県沖,38°53.4′N,141°58.2′E,49 km,3.7,震度１,38.89,141.97
2022/7/1,11:41:56,熊本県熊本地方,32°33.2′N,130°41.2′E,10 km,2.7,震度１,32.55333333,130.6866667
2022/7/1,13:44:33,石川県能登地方,37°31.5′N,137°15.2′E,12 km,2.6,震度１,37.525,137.2533333
2022/7/2,1:57:10,長野県中部,36°20.7′N,137°59.5′E,6 km,2.2,震度１,36.345,137.9916667
2022/7/2,2:38:22,鹿児島県薩摩地方,31°56.3′N,130°45.9′E,0 km,1.4,震度１,31.93833333,130.765
2022/7/2,10:59:44,宗谷海峡,45°49.1′N,142°13.6′E,324 km,5.9,震度３,45.81833333,142.2266667
2022/7/2,20:44:26,父島近海,26°41.9′N,142°30.9′E,4 km,4,震度１,26.69833333,142.515
2022/7/2,21:34:24,岩手県沖,40°20.4′N,142°07.4′E,49 km,3.6,震度２,40.34,142.1233333
2022/7/3,2:10:23,択捉島付近,44°29.6′N,147°11.6′E,159 km,4.3,震度１,44.49333333,147.1933333
2022/7/3,2:25:13,栃木県北部,36°40.6′N,139°38.5′E,8 km,3.3,震度１,36.67666667,139.6416667
2022/7/3,18:11:12,岩手県沖,39°06.4′N,142°07.6′E,45 km,3.4,震度１,39.10666667,142.1266667
2022/7/3,18:28:08,岩手県内陸南部,39°17.2′N,141°14.4′E,123 km,3.6,震度１,39.28666667,141.24
2022/7/5,9:25:55,長野県中部,36°15.1′N,137°38.4′E,6 km,2.8,震度１,36.25166667,137.64
2022/7/5,9:51:19,房総半島南方沖,34°16.5′N,139°53.6′E,88 km,4.6,震度２,34.275,139.8933333
2022/7/5,12:06:19,長野県中部,36°15.1′N,137°38.7′E,4 km,2.9,震度１,36.25166667,137.645
2022/7/5,15:32:27,長野県中部,36°15.2′N,137°38.7′E,4 km,2.9,震度１,36.25333333,137.645
2022/7/5,16:33:58,三重県北部,34°58.9′N,136°29.8′E,15 km,3.1,震度２,34.98166667,136.4966667
2022/7/5,17:52:42,日高地方東部,42°19.8′N,142°59.5′E,53 km,4.9,震度３,42.33,142.9916667
2022/7/5,21:18:53,滋賀県北部,35°18.6′N,135°58.1′E,15 km,2.9,震度１,35.31,135.9683333
2022/7/6,5:10:25,宮城県沖,38°24.7′N,141°57.2′E,63 km,5.4,震度４,38.41166667,141.9533333
2022/7/6,6:51:39,種子島近海,30°08.1′N,130°55.0′E,19 km,4,震度１,30.135,130.9166667
2022/7/6,9:19:53,北海道西方沖,44°19.1′N,141°36.2′E,9 km,2.3,震度１,44.31833333,141.6033333
2022/7/6,10:40:15,父島近海,26°32.2′N,142°31.3′E,47 km,,震度１,26.53666667,142.5216667
2022/7/6,11:41:12,北海道南西沖,41°32.2′N,139°49.3′E,11 km,3,震度１,41.53666667,139.8216667
2022/7/6,13:02:11,青森県東方沖,41°29.5′N,142°00.9′E,58 km,4.6,震度２,41.49166667,142.015
2022/7/6,22:02:22,沖縄本島北西沖,26°47.2′N,126°21.4′E,23 km,5.1,震度２,26.78666667,126.3566667
2022/7/7,3:34:11,岐阜県飛騨地方,36°15.6′N,137°01.3′E,5 km,2.1,震度１,36.26,137.0216667
2022/7/7,12:31:47,長野県南部,35°48.9′N,137°29.0′E,6 km,2.6,震度１,35.815,137.4833333
2022/7/7,17:03:01,福島県沖,37°44.0′N,141°31.7′E,55 km,4.4,震度２,37.73333333,141.5283333
2022/7/8,3:50:47,茨城県北部,36°48.1′N,140°32.7′E,8 km,3.9,震度２,36.80166667,140.545
2022/7/8,7:10:13,宮城県沖,38°32.2′N,141°43.6′E,53 km,3.7,震度１,38.53666667,141.7266667
2022/7/8,8:00:50,大阪府南部,34°29.5′N,135°32.8′E,14 km,3.3,震度２,34.49166667,135.5466667
2022/7/8,9:00:02,沖縄本島北西沖,26°50.1′N,126°15.6′E,17 km,5.1,震度２,26.835,126.26
2022/7/8,23:18:28,石川県能登地方,37°30.7′N,137°12.3′E,13 km,3.2,震度１,37.51166667,137.205
2022/7/9,2:20:32,宮城県沖,38°06.6′N,141°47.4′E,57 km,4.2,震度２,38.11,141.79
2022/7/9,7:25:47,沖縄本島近海,26°18.6′N,127°46.0′E,15 km,2.9,震度１,26.31,127.7666667
2022/7/9,10:12:02,福島県沖,37°09.3′N,141°19.3′E,11 km,4.6,震度２,37.155,141.3216667
2022/7/9,11:15:11,奄美大島近海,27°31.7′N,129°15.6′E,33 km,3.3,震度１,27.52833333,129.26
2022/7/9,12:28:55,国後島付近,43°21.4′N,145°33.2′E,70 km,4,震度２,43.35666667,145.5533333
2022/7/9,14:53:45,宮城県沖,38°38.4′N,141°54.2′E,47 km,3.6,震度１,38.64,141.9033333
2022/7/9,15:04:57,福島県中通り,37°03.1′N,140°26.4′E,8 km,2.1,震度１,37.05166667,140.44
2022/7/9,18:26:36,北海道東方沖,43°53.4′N,147°15.4′E,84 km,4.2,震度１,43.89,147.2566667
2022/7/9,19:10:22,神奈川県東部,35°35.7′N,139°38.4′E,33 km,3.6,震度３,35.595,139.64
2022/7/10,21:26:49,石川県能登地方,37°31.0′N,137°15.6′E,12 km,2.7,震度１,37.51666667,137.26
2022/7/10,22:29:08,鹿児島湾,31°35.9′N,130°45.5′E,3 km,2,震度１,31.59833333,130.7583333
2022/7/11,2:28:07,釧路地方中南部,43°15.0′N,144°16.3′E,103 km,3.2,震度１,43.25,144.2716667
2022/7/11,2:52:13,宮城県沖,38°18.4′N,141°53.5′E,46 km,3.5,震度１,38.30666667,141.8916667
2022/7/11,4:51:13,石川県能登地方,37°30.8′N,137°13.6′E,13 km,3,震度１,37.51333333,137.2266667
2022/7/11,5:29:17,奄美大島近海,28°07.6′N,129°33.9′E,30 km,3.3,震度１,28.12666667,129.565
2022/7/11,16:53:09,有明海,32°47.3′N,130°32.9′E,11 km,3.2,震度１,32.78833333,130.5483333
2022/7/12,2:51:24,福島県沖,37°32.9′N,141°29.1′E,50 km,4,震度１,37.54833333,141.485
2022/7/12,20:19:26,岐阜県飛騨地方,36°02.1′N,137°33.1′E,6 km,2.4,震度１,36.035,137.5516667
2022/7/12,21:48:43,岐阜県飛騨地方,36°05.1′N,137°32.4′E,5 km,3,震度２,36.085,137.54
2022/7/13,2:09:13,長野県南部,35°54.3′N,138°03.6′E,10 km,2.8,震度１,35.905,138.06
2022/7/13,7:05:15,福島県沖,37°42.7′N,141°34.7′E,53 km,3.7,震度１,37.71166667,141.5783333
2022/7/13,16:12:50,兵庫県南西部,34°45.7′N,134°25.9′E,19 km,3.3,震度１,34.76166667,134.4316667
2022/7/13,21:07:38,石川県能登地方,37°30.2′N,137°16.8′E,13 km,2.4,震度１,37.50333333,137.28
2022/7/14,2:49:47,硫黄島近海,24°48.4′N,142°38.6′E,67 km,,震度１,24.80666667,142.6433333
2022/7/14,7:03:04,鳥取県中部,35°25.7′N,133°49.5′E,8 km,2.2,震度１,35.42833333,133.825
2022/7/14,11:38:53,秋田県内陸南部,39°02.6′N,140°27.5′E,6 km,2.5,震度１,39.04333333,140.4583333
2022/7/14,11:56:32,石狩地方中部,42°47.3′N,141°12.8′E,134 km,3.9,震度１,42.78833333,141.2133333
2022/7/15,13:06:28,茨城県北部,36°27.1′N,140°36.8′E,55 km,3.7,震度２,36.45166667,140.6133333
2022/7/15,14:02:02,宮城県沖,38°46.0′N,141°52.1′E,67 km,3.2,震度１,38.76666667,141.8683333
2022/7/16,7:25:31,岩手県沖,40°20.6′N,142°02.3′E,52 km,3.8,震度２,40.34333333,142.0383333
2022/7/16,10:58:54,茨城県沖,36°17.0′N,140°49.7′E,82 km,3.8,震度１,36.28333333,140.8283333
2022/7/16,12:24:23,和歌山県北部,34°01.1′N,135°14.0′E,4 km,2.4,震度２,34.01833333,135.2333333
2022/7/16,18:43:41,和歌山県北部,34°01.1′N,135°13.8′E,4 km,1.6,震度１,34.01833333,135.23
2022/7/17,3:11:00,岩手県沖,40°16.6′N,141°57.8′E,22 km,3.8,震度２,40.27666667,141.9633333
2022/7/17,7:51:40,大阪湾,34°30.6′N,135°22.3′E,14 km,3.2,震度２,34.51,135.3716667
2022/7/17,20:51:29,能登半島沖,37°31.0′N,137°14.8′E,14 km,3.4,震度２,37.51666667,137.2466667
2022/7/17,21:00:09,日向灘,32°44.9′N,132°13.5′E,37 km,2.9,震度１,32.74833333,132.225
2022/7/18,12:32:49,熊本県熊本地方,32°42.5′N,130°37.6′E,11 km,2.3,震度１,32.70833333,130.6266667
2022/7/18,20:14:43,宮城県北部,38°52.5′N,140°34.2′E,137 km,3.6,震度１,38.875,140.57
2022/7/19,4:22:49,兵庫県南東部,34°54.6′N,134°54.0′E,18 km,2.5,震度１,34.91,134.9
2022/7/19,7:42:48,胆振地方中東部,42°34.5′N,141°57.4′E,37 km,2.7,震度１,42.575,141.9566667
2022/7/19,11:33:42,宮古島近海,24°45.4′N,125°03.5′E,22 km,3.2,震度１,24.75666667,125.0583333
2022/7/20,5:22:00,十勝地方南部,42°21.1′N,143°06.4′E,48 km,3.3,震度１,42.35166667,143.1066667
2022/7/20,5:22:21,宮城県沖,37°52.2′N,141°41.9′E,63 km,3.9,震度１,37.87,141.6983333
2022/7/20,12:08:22,茨城県北部,36°47.9′N,140°33.0′E,9 km,3.6,震度２,36.79833333,140.55
2022/7/20,15:53:39,茨城県沖,35°53.1′N,141°17.7′E,19 km,3.4,震度１,35.885,141.295
2022/7/20,21:10:27,鳥取県西部,35°26.6′N,133°24.7′E,14 km,3.4,震度２,35.44333333,133.4116667
2022/7/20,21:30:59,福島県中通り,37°03.1′N,140°26.6′E,8 km,2.3,震度１,37.05166667,140.4433333
2022/7/21,8:50:31,福島県沖,37°33.9′N,141°56.5′E,41 km,4.6,震度２,37.565,141.9416667
2022/7/21,10:08:19,石川県能登地方,37°30.5′N,137°13.4′E,13 km,2.7,震度１,37.50833333,137.2233333
2022/7/21,16:19:39,熊本県熊本地方,32°32.5′N,130°40.9′E,9 km,2.7,震度１,32.54166667,130.6816667
2022/7/21,16:37:34,奄美大島近海,27°51.5′N,128°52.9′E,8 km,2.4,震度１,27.85833333,128.8816667
2022/7/21,18:44:41,福島県沖,37°30.4′N,141°32.5′E,47 km,4.8,震度３,37.50666667,141.5416667
2022/7/21,23:52:07,宮城県沖,37°57.6′N,141°46.4′E,55 km,3.9,震度１,37.96,141.7733333
2022/7/22,4:13:57,沖縄本島北西沖,26°48.1′N,126°25.0′E,29 km,4.4,震度１,26.80166667,126.4166667
2022/7/22,5:58:07,福島県中通り,37°04.0′N,140°25.6′E,8 km,1.6,震度１,37.06666667,140.4266667
2022/7/22,12:01:57,青森県三八上北地方,40°33.0′N,141°25.0′E,86 km,5.3,震度４,40.55,141.4166667
2022/7/23,22:46:49,宮城県沖,38°35.0′N,141°55.8′E,53 km,3.8,震度２,38.58333333,141.93
2022/7/24,1:17:01,岩手県沿岸北部,39°45.5′N,141°50.8′E,57 km,3.5,震度１,39.75833333,141.8466667
2022/7/24,1:21:54,有明海,32°57.9′N,130°19.8′E,9 km,2.8,震度１,32.965,130.33
2022/7/24,17:29:53,茨城県南部,36°03.0′N,139°54.0′E,44 km,4.2,震度３,36.05,139.9
2022/7/25,7:17:07,静岡県東部,35°11.6′N,138°34.1′E,14 km,3.5,震度３,35.19333333,138.5683333
2022/7/25,7:27:19,静岡県東部,35°11.6′N,138°34.2′E,14 km,2.7,震度２,35.19333333,138.57
2022/7/25,7:28:08,静岡県東部,35°11.7′N,138°34.2′E,14 km,2.1,震度１,35.195,138.57
2022/7/25,8:47:43,静岡県東部,35°11.5′N,138°34.2′E,14 km,2.6,震度２,35.19166667,138.57
2022/7/25,12:47:48,静岡県東部,35°11.4′N,138°34.1′E,14 km,1.7,震度１,35.19,138.5683333
2022/7/25,14:46:29,択捉島南東沖,44°20.2′N,148°23.0′E,132 km,4.4,震度１,44.33666667,148.3833333
2022/7/25,23:41:05,沖縄本島北西沖,26°47.6′N,126°23.8′E,30 km,5.1,震度２,26.79333333,126.3966667
2022/7/25,23:44:47,沖縄本島北西沖,26°48.5′N,126°22.9′E,27 km,4.6,震度２,26.80833333,126.3816667
2022/7/26,2:57:38,日向灘,32°08.1′N,131°53.9′E,28 km,3.2,震度１,32.135,131.8983333
2022/7/26,4:34:52,岩手県内陸北部,40°13.0′N,141°05.1′E,7 km,3.2,震度２,40.21666667,141.085
2022/7/26,4:42:57,苫小牧沖,41°36.2′N,141°57.4′E,60 km,3.4,震度１,41.60333333,141.9566667
2022/7/26,4:58:43,千葉県北東部,35°24.7′N,140°18.6′E,31 km,2.9,震度２,35.41166667,140.31
2022/7/26,10:45:32,熊本県天草・芦北地方,32°19.9′N,130°27.8′E,10 km,2.6,震度１,32.33166667,130.4633333
2022/7/26,11:07:56,静岡県東部,35°11.7′N,138°34.2′E,14 km,2,震度１,35.195,138.57
2022/7/26,16:17:09,奄美大島近海,28°15.2′N,129°16.4′E,19 km,2.9,震度１,28.25333333,129.2733333
2022/7/26,19:00:04,宮城県沖,37°53.1′N,141°41.9′E,56 km,4,震度１,37.885,141.6983333
2022/7/26,21:00:11,宮城県沖,38°42.4′N,141°48.3′E,53 km,2.8,震度１,38.70666667,141.805
2022/7/27,0:34:50,岩手県沖,40°03.6′N,141°52.8′E,7 km,3.8,震度３,40.06,141.88
2022/7/27,8:56:18,千葉県東方沖,35°26.3′N,140°27.4′E,55 km,3,震度１,35.43833333,140.4566667
2022/7/27,10:05:06,紀伊水道,34°13.6′N,135°06.7′E,8 km,2.6,震度２,34.22666667,135.1116667
2022/7/27,19:33:44,青森県津軽北部,41°12.4′N,140°31.4′E,4 km,1.9,震度１,41.20666667,140.5233333
2022/7/28,9:32:11,宮城県沖,38°21.9′N,142°06.1′E,37 km,3.8,震度１,38.365,142.1016667
2022/7/28,21:52:27,能登半島沖,37°31.1′N,137°12.7′E,13 km,3.4,震度１,37.51833333,137.2116667
2022/7/29,2:47:42,長野県北部,36°38.3′N,137°53.7′E,8 km,1.8,震度１,36.63833333,137.895
2022/7/29,4:52:30,八丈島東方沖,32°34.7′N,142°24.6′E,69 km,5.3,震度１,32.57833333,142.41
2022/7/29,6:36:16,東京湾,35°34.1′N,140°05.4′E,70 km,3.6,震度２,35.56833333,140.09
2022/7/29,8:03:46,茨城県北部,36°27.5′N,140°36.1′E,56 km,4,震度３,36.45833333,140.6016667
2022/7/29,23:07:26,大分県南部,33°04.0′N,131°37.1′E,7 km,2.4,震度３,33.06666667,131.6183333
2022/7/29,23:40:34,駿河湾,34°37.5′N,138°26.4′E,230 km,4.2,震度１,34.625,138.44
2022/7/30,0:05:12,宗谷東方沖,45°59.4′N,143°39.9′E,351 km,5.1,震度１,45.99,143.665
2022/7/30,13:18:53,石川県能登地方,37°31.0′N,137°17.9′E,13 km,2.8,震度１,37.51666667,137.2983333
2022/7/30,17:53:05,福島県沖,37°49.4′N,141°37.8′E,56 km,4,震度２,37.82333333,141.63
2022/7/30,18:58:29,山形県庄内地方,38°33.9′N,139°37.3′E,9 km,3.2,震度１,38.565,139.6216667
2022/7/31,9:59:17,新潟県上越地方,36°59.7′N,137°57.6′E,2 km,2.2,震度１,36.995,137.96
2022/7/31,19:32:58,茨城県南部,36°04.8′N,139°52.9′E,46 km,3.3,震度２,36.08,139.8816667
2022/7/31,22:33:44,鹿児島県大隅地方,31°37.7′N,130°57.7′E,7 km,2.9,震度２,31.62833333,130.9616667
2022/7/31,22:35:11,和歌山県北部,34°12.0′N,135°11.7′E,5 km,3.3,震度２,34.2,135.195
2022/7/31,23:22:08,和歌山県北部,34°12.0′N,135°11.5′E,5 km,2.6,震度１,34.2,135.1916667
2022/8/1,9:38:19,石川県能登地方,37°29.5′N,137°18.4′E,10 km,2,震度１,37.49166667,137.3066667
2022/8/1,12:29:56,和歌山県北部,34°13.9′N,135°14.0′E,5 km,2.3,震度１,34.23166667,135.2333333
2022/8/2,1:30:07,和歌山県北部,33°56.7′N,135°11.0′E,6 km,2.9,震度２,33.945,135.1833333
2022/8/2,14:12:16,茨城県沖,36°15.3′N,140°57.8′E,35 km,3.3,震度１,36.255,140.9633333
2022/8/3,8:47:12,福島県沖,37°18.9′N,141°11.4′E,33 km,4.6,震度３,37.315,141.19
2022/8/3,18:19:56,茨城県沖,36°27.8′N,140°49.7′E,28 km,3.1,震度１,36.46333333,140.8283333
2022/8/3,20:20:42,豊後水道,32°51.6′N,132°27.2′E,30 km,3.1,震度１,32.86,132.4533333
2022/8/3,22:31:46,千葉県東方沖,35°48.7′N,140°53.6′E,11 km,3.8,震度１,35.81166667,140.8933333
2022/8/3,22:45:02,薩摩半島西方沖,31°15.0′N,129°56.1′E,9 km,3.7,震度１,31.25,129.935
2022/8/4,1:41:48,宗谷地方北部,45°02.2′N,141°52.2′E,7 km,4.1,震度４,45.03666667,141.87
2022/8/4,1:59:06,宗谷地方北部,45°02.7′N,141°52.7′E,8 km,3.5,震度３,45.045,141.8783333
2022/8/4,2:03:33,宗谷地方北部,45°02.2′N,141°52.4′E,7 km,1.7,震度１,45.03666667,141.8733333
2022/8/4,4:28:30,宗谷地方北部,45°02.3′N,141°52.2′E,9 km,2.9,震度３,45.03833333,141.87
2022/8/4,5:19:49,長野県南部,35°50.4′N,137°34.9′E,6 km,2.4,震度１,35.84,137.5816667
2022/8/4,7:09:30,宗谷地方北部,45°02.5′N,141°52.2′E,7 km,1.5,震度１,45.04166667,141.87
2022/8/4,9:48:19,福島県沖,37°36.7′N,141°37.1′E,57 km,5.6,震度４,37.61166667,141.6183333
2022/8/4,15:38:17,福島県沖,37°49.1′N,141°36.4′E,49 km,3.7,震度１,37.81833333,141.6066667
2022/8/4,18:58:36,岩手県沿岸北部,39°45.4′N,141°50.5′E,58 km,3.5,震度１,39.75666667,141.8416667
2022/8/6,10:41:28,硫黄島近海,25°30.7′N,141°09.2′E,95 km,4.6,震度１,25.51166667,141.1533333
2022/8/6,12:14:59,神奈川県西部,35°16.1′N,139°05.0′E,7 km,2.4,震度１,35.26833333,139.0833333
2022/8/6,21:23:47,茨城県沖,36°15.0′N,141°07.0′E,30 km,5,震度３,36.25,141.1166667
2022/8/7,4:15:28,熊本県熊本地方,32°41.7′N,130°40.9′E,9 km,1.8,震度１,32.695,130.6816667
2022/8/7,9:15:25,石垣島近海,24°10.3′N,124°14.1′E,15 km,4,震度１,24.17166667,124.235
2022/8/7,16:25:44,和歌山県北部,34°15.4′N,135°25.8′E,6 km,2.8,震度２,34.25666667,135.43
2022/8/7,22:40:44,北海道東方沖,43°43.8′N,147°44.0′E,0 km,6,震度３,43.73,147.7333333
2022/8/7,22:45:20,和歌山県北部,34°12.3′N,135°12.5′E,4 km,2.4,震度２,34.205,135.2083333
2022/8/7,23:35:27,十勝沖,42°21.5′N,143°40.7′E,56 km,3.4,震度１,42.35833333,143.6783333
2022/8/8,0:29:32,十勝沖,42°19.7′N,144°10.6′E,57 km,4.2,震度２,42.32833333,144.1766667
2022/8/8,0:37:32,和歌山県北部,34°12.4′N,135°12.7′E,4 km,1.7,震度１,34.20666667,135.2116667
2022/8/8,1:40:33,長野県北部,36°49.3′N,138°16.2′E,12 km,2,震度１,36.82166667,138.27
2022/8/8,1:47:03,熊本県熊本地方,32°33.2′N,130°41.2′E,9 km,2.6,震度１,32.55333333,130.6866667
2022/8/8,2:36:06,石垣島近海,24°10.3′N,124°14.6′E,14 km,4.4,震度１,24.17166667,124.2433333
2022/8/8,2:37:53,石垣島近海,24°10.6′N,124°14.6′E,15 km,3.9,震度１,24.17666667,124.2433333
2022/8/8,9:46:16,岩手県沖,39°38.0′N,142°06.4′E,49 km,4.1,震度３,39.63333333,142.1066667
2022/8/8,9:47:45,岩手県沖,39°38.3′N,142°06.4′E,48 km,4,震度２,39.63833333,142.1066667
2022/8/8,22:45:55,新潟県中越地方,37°11.5′N,138°36.7′E,13 km,2.1,震度１,37.19166667,138.6116667
2022/8/8,22:52:09,徳島県南部,33°54.6′N,134°41.2′E,39 km,3.1,震度１,33.91,134.6866667
2022/8/8,23:50:48,福島県沖,36°56.0′N,141°05.9′E,50 km,3.6,震度１,36.93333333,141.0983333
2022/8/9,11:49:44,茨城県北部,36°41.0′N,140°36.7′E,8 km,2.4,震度１,36.68333333,140.6116667
2022/8/9,17:03:13,千葉県北西部,35°39.6′N,140°11.0′E,70 km,3.5,震度１,35.66,140.1833333
2022/8/10,0:48:15,岩手県沿岸北部,39°45.5′N,141°50.0′E,59 km,4.1,震度２,39.75833333,141.8333333
2022/8/10,3:10:23,福岡県北西沖,33°39.9′N,130°19.5′E,15 km,2.9,震度１,33.665,130.325
2022/8/10,3:14:27,千葉県北西部,35°41.2′N,140°02.6′E,71 km,3.4,震度１,35.68666667,140.0433333
2022/8/10,18:53:36,茨城県沖,36°33.5′N,140°54.8′E,48 km,3.5,震度１,36.55833333,140.9133333
2022/8/11,0:35:20,上川地方北部,44°51.2′N,142°06.8′E,2 km,5.2,震度５弱,44.85333333,142.1133333
2022/8/11,0:45:54,上川地方北部,44°49.7′N,142°05.9′E,5 km,2.6,震度１,44.82833333,142.0983333
2022/8/11,0:48:02,上川地方北部,44°49.9′N,142°05.4′E,5 km,2.2,震度１,44.83166667,142.09
2022/8/11,0:53:00,上川地方北部,44°50.9′N,142°06.7′E,5 km,5.4,震度５強,44.84833333,142.1116667
2022/8/11,0:55:49,上川地方北部,44°50.9′N,142°05.9′E,6 km,3.2,震度２,44.84833333,142.0983333
2022/8/11,0:59:19,上川地方北部,44°52.3′N,142°07.9′E,0 km,2.3,震度１,44.87166667,142.1316667
2022/8/11,1:04:29,上川地方北部,44°51.1′N,142°05.5′E,6 km,3.9,震度３,44.85166667,142.0916667
2022/8/11,1:34:53,上川地方北部,44°51.4′N,142°06.2′E,6 km,2.7,震度１,44.85666667,142.1033333
2022/8/11,1:39:05,上川地方北部,44°49.4′N,142°05.3′E,4 km,2.2,震度１,44.82333333,142.0883333
2022/8/11,2:14:57,上川地方北部,44°52.0′N,142°07.2′E,6 km,4.6,震度４,44.86666667,142.12
2022/8/11,2:22:44,上川地方北部,44°51.5′N,142°07.5′E,6 km,2.6,震度１,44.85833333,142.125
2022/8/11,2:39:50,上川地方北部,44°51.1′N,142°05.9′E,7 km,3.3,震度３,44.85166667,142.0983333
2022/8/11,4:01:21,上川地方北部,44°50.8′N,142°06.8′E,0 km,2.9,震度２,44.84666667,142.1133333
2022/8/11,4:15:59,上川地方北部,44°51.3′N,142°07.4′E,6 km,2.2,震度１,44.855,142.1233333
2022/8/11,4:27:37,上川地方北部,44°50.7′N,142°06.3′E,7 km,3.3,震度２,44.845,142.105
2022/8/11,6:43:42,上川地方北部,44°49.6′N,142°05.2′E,6 km,2.5,震度１,44.82666667,142.0866667
2022/8/11,9:00:49,長野県南部,35°53.2′N,137°36.8′E,6 km,2.5,震度１,35.88666667,137.6133333
2022/8/11,9:02:15,茨城県南部,36°04.0′N,139°54.3′E,45 km,3.3,震度１,36.06666667,139.905
2022/8/11,19:45:28,上川地方北部,44°52.9′N,142°06.7′E,7 km,3.4,震度２,44.88166667,142.1116667
2022/8/12,5:54:27,青森県東方沖,41°35.7′N,142°50.2′E,16 km,3.6,震度１,41.595,142.8366667
2022/8/12,8:46:02,青森県東方沖,40°59.1′N,142°00.4′E,58 km,3.2,震度１,40.985,142.0066667
2022/8/12,9:48:04,宮城県沖,38°33.0′N,141°50.0′E,53 km,4.4,震度２,38.55,141.8333333
2022/8/12,13:10:41,宮城県沖,38°53.1′N,142°26.6′E,44 km,3.9,震度１,38.885,142.4433333
2022/8/12,13:37:54,上川地方北部,44°51.7′N,142°05.5′E,2 km,4.4,震度３,44.86166667,142.0916667
2022/8/12,13:38:38,上川地方北部,44°49.4′N,142°02.6′E,9 km,2.9,震度１,44.82333333,142.0433333
2022/8/12,14:52:44,上川地方北部,44°51.2′N,142°06.3′E,0 km,2.3,震度１,44.85333333,142.105
2022/8/12,21:11:01,千葉県東方沖,35°33.7′N,140°55.0′E,36 km,4.6,震度２,35.56166667,140.9166667
2022/8/12,23:12:08,上川地方北部,44°51.9′N,142°06.4′E,0 km,2.8,震度１,44.865,142.1066667
2022/8/13,5:39:52,石川県能登地方,37°29.8′N,137°12.3′E,13 km,2.9,震度１,37.49666667,137.205
2022/8/13,6:50:23,石川県能登地方,37°29.8′N,137°12.5′E,13 km,2.6,震度１,37.49666667,137.2083333
2022/8/14,0:22:30,福島県中通り,37°03.1′N,140°26.6′E,8 km,1.9,震度１,37.05166667,140.4433333
2022/8/14,0:41:32,福島県中通り,37°03.1′N,140°26.4′E,7 km,2.7,震度２,37.05166667,140.44
2022/8/14,4:26:00,オホーツク海南部,46°35.0′N,144°48.0′E,414 km,5.5,震度２,46.58333333,144.8
2022/8/14,6:02:44,十勝地方南部,42°38.1′N,143°15.5′E,93 km,3.5,震度１,42.635,143.2583333
2022/8/14,6:57:46,千葉県東方沖,35°32.5′N,140°59.2′E,32 km,4.5,震度２,35.54166667,140.9866667
2022/8/14,8:27:06,沖縄本島北西沖,27°09.3′N,127°22.5′E,94 km,4.4,震度１,27.155,127.375
2022/8/14,9:10:28,宮城県沖,38°00.0′N,141°43.8′E,56 km,4,震度１,38,141.73
2022/8/14,9:15:55,滋賀県南部,35°08.9′N,135°56.7′E,14 km,2.6,震度１,35.14833333,135.945
2022/8/14,12:45:14,国後島付近,43°52.1′N,146°09.8′E,28 km,3.8,震度１,43.86833333,146.1633333
2022/8/14,16:58:51,静岡県中部,35°24.8′N,138°15.5′E,6 km,2.8,震度１,35.41333333,138.2583333
2022/8/14,19:14:02,能登半島沖,37°31.5′N,137°13.2′E,13 km,4.1,震度３,37.525,137.22
2022/8/14,19:28:29,能登半島沖,37°31.6′N,137°13.4′E,13 km,3.9,震度２,37.52666667,137.2233333
2022/8/15,7:26:43,豊後水道,33°09.7′N,132°02.2′E,61 km,3,震度１,33.16166667,132.0366667
2022/8/15,10:18:29,長野県北部,36°38.6′N,137°53.2′E,6 km,2,震度１,36.64333333,137.8866667
2022/8/15,18:36:34,宗谷地方北部,45°02.2′N,141°52.9′E,7 km,1.5,震度１,45.03666667,141.8816667
2022/8/15,19:56:51,鳥取県中部,35°24.1′N,133°50.6′E,11 km,3.7,震度３,35.40166667,133.8433333
2022/8/15,20:14:43,宮城県沖,38°47.4′N,142°23.8′E,42 km,3.8,震度１,38.79,142.3966667
2022/8/16,0:52:06,トカラ列島近海,29°32.3′N,129°39.3′E,3 km,2.5,震度１,29.53833333,129.655
2022/8/16,1:29:25,岩手県沿岸北部,39°50.7′N,141°42.4′E,69 km,3.9,震度２,39.845,141.7066667
2022/8/16,8:16:57,群馬県南部,36°19.9′N,139°12.4′E,15 km,2.1,震度１,36.33166667,139.2066667
2022/8/16,10:06:01,富山県東部,36°26.2′N,137°34.7′E,1 km,2.7,震度１,36.43666667,137.5783333
2022/8/16,14:31:55,十勝沖,41°53.1′N,143°18.1′E,37 km,3.9,震度１,41.885,143.3016667
2022/8/16,16:04:28,島根県西部,34°57.9′N,132°15.0′E,12 km,3.4,震度２,34.965,132.25
2022/8/16,17:55:56,能登半島沖,37°31.3′N,137°13.1′E,13 km,3.4,震度２,37.52166667,137.2183333
2022/8/16,18:54:40,上川地方北部,44°52.1′N,142°06.0′E,0 km,4.2,震度３,44.86833333,142.1
2022/8/17,2:36:01,上川地方北部,44°52.5′N,142°05.7′E,0 km,3.2,震度１,44.875,142.095
2022/8/17,22:04:13,岩手県沖,39°35.8′N,142°26.7′E,49 km,3.7,震度１,39.59666667,142.445
2022/8/17,22:51:46,三重県南部,33°52.8′N,135°57.6′E,18 km,3,震度１,33.88,135.96
2022/8/18,13:07:14,千葉県東方沖,35°36.2′N,141°01.4′E,20 km,5,震度３,35.60333333,141.0233333
2022/8/18,14:46:10,福島県沖,37°36.1′N,141°35.1′E,56 km,5.2,震度４,37.60166667,141.585
2022/8/18,16:11:39,沖縄本島近海,26°37.9′N,127°46.0′E,44 km,4.4,震度３,26.63166667,127.7666667
2022/8/18,18:39:20,小笠原諸島西方沖,27°46.9′N,140°23.9′E,497 km,4.5,震度１,27.78166667,140.3983333
2022/8/19,2:11:51,岩手県内陸南部,39°06.1′N,141°23.7′E,72 km,3.2,震度１,39.10166667,141.395
2022/8/19,2:36:07,千葉県東方沖,35°22.2′N,140°26.0′E,58 km,2.7,震度１,35.37,140.4333333
2022/8/19,5:18:46,福岡県筑豊地方,33°38.4′N,130°43.2′E,14 km,3.1,震度２,33.64,130.72
2022/8/19,8:08:18,富山県西部,36°21.4′N,137°00.6′E,4 km,2.9,震度１,36.35666667,137.01
2022/8/19,17:51:04,新潟県上越地方,37°00.0′N,138°21.3′E,14 km,2.5,震度１,37,138.355
2022/8/19,18:29:32,上川地方北部,44°51.5′N,142°05.1′E,0 km,2.6,震度１,44.85833333,142.085
2022/8/19,19:25:44,福島県浜通り,36°56.6′N,140°37.9′E,10 km,3.1,震度１,36.94333333,140.6316667
2022/8/20,0:13:53,千葉県東方沖,35°18.8′N,140°28.2′E,39 km,2.8,震度１,35.31333333,140.47
2022/8/20,1:36:00,福島県沖,37°47.2′N,141°42.5′E,64 km,4.3,震度２,37.78666667,141.7083333
2022/8/20,4:38:54,石川県能登地方,37°27.8′N,137°10.1′E,12 km,2.9,震度１,37.46333333,137.1683333
2022/8/20,5:26:29,上川地方北部,44°51.1′N,142°05.2′E,0 km,2.5,震度１,44.85166667,142.0866667
2022/8/20,10:32:37,熊本県熊本地方,32°42.6′N,130°37.5′E,12 km,3.4,震度２,32.71,130.625
2022/8/20,14:38:01,上川地方北部,44°51.9′N,142°06.1′E,7 km,2.7,震度１,44.865,142.1016667
2022/8/20,22:45:11,渡島地方東部,41°53.4′N,140°58.3′E,9 km,2.4,震度２,41.89,140.9716667
2022/8/21,7:58:30,兵庫県南西部,34°59.4′N,134°27.1′E,15 km,3,震度１,34.99,134.4516667
2022/8/21,19:10:13,十勝地方南部,42°25.6′N,143°10.1′E,50 km,3.3,震度１,42.42666667,143.1683333
2022/8/22,11:53:04,石垣島北西沖,25°10.9′N,123°30.4′E,151 km,5.4,震度１,25.18166667,123.5066667
2022/8/22,11:58:52,有明海,32°58.5′N,130°25.5′E,12 km,2.8,震度１,32.975,130.425
2022/8/22,12:42:01,伊勢湾,34°50.1′N,136°41.6′E,19 km,3.4,震度２,34.835,136.6933333
2022/8/22,13:37:33,茨城県南部,36°03.4′N,139°53.3′E,45 km,3.7,震度２,36.05666667,139.8883333
2022/8/23,0:03:26,茨城県沖,36°38.7′N,140°56.6′E,48 km,3.7,震度２,36.645,140.9433333
2022/8/23,2:15:46,日向灘,31°37.5′N,131°44.4′E,25 km,3.4,震度１,31.625,131.74
2022/8/23,14:09:28,島根県西部,34°52.7′N,132°36.1′E,15 km,2.3,震度１,34.87833333,132.6016667
2022/8/23,19:17:11,石川県能登地方,37°30.8′N,137°12.8′E,13 km,2.7,震度１,37.51333333,137.2133333
2022/8/23,22:53:41,宮城県沖,38°48.0′N,142°21.6′E,36 km,4.1,震度１,38.8,142.36
2022/8/24,2:20:07,福島県沖,37°29.7′N,141°27.6′E,47 km,4.1,震度２,37.495,141.46
2022/8/24,4:39:41,沖縄本島北西沖,27°01.4′N,127°15.3′E,96 km,3.9,震度１,27.02333333,127.255
2022/8/24,9:38:27,豊後水道,33°11.7′N,132°12.7′E,41 km,3.1,震度１,33.195,132.2116667
2022/8/25,1:21:44,浦河沖,41°59.1′N,142°32.4′E,64 km,4.1,震度１,41.985,142.54
2022/8/25,11:09:12,大隅半島東方沖,31°04.9′N,131°31.2′E,31 km,4,震度１,31.08166667,131.52
2022/8/26,7:06:48,島根県東部,35°11.0′N,133°06.3′E,4 km,2.5,震度１,35.18333333,133.105
2022/8/26,7:23:04,福島県会津,37°04.0′N,139°21.5′E,7 km,1.9,震度１,37.06666667,139.3583333
2022/8/26,8:48:30,天草灘,32°02.4′N,129°59.3′E,12 km,4.5,震度４,32.04,129.9883333
2022/8/26,8:56:10,天草灘,32°02.3′N,129°59.4′E,12 km,3.3,震度１,32.03833333,129.99
2022/8/26,17:29:16,天草灘,32°02.2′N,129°59.4′E,12 km,3.4,震度１,32.03666667,129.99
2022/8/26,19:23:45,上川地方北部,44°52.1′N,142°08.1′E,0 km,2.4,震度１,44.86833333,142.135
2022/8/28,12:04:04,岩手県沿岸北部,39°48.2′N,141°56.7′E,56 km,4.2,震度２,39.80333333,141.945
2022/8/29,4:16:24,福井県嶺北,36°03.6′N,136°19.0′E,7 km,2.3,震度１,36.06,136.3166667
2022/8/29,9:09:02,上川地方北部,44°49.0′N,142°05.5′E,4 km,1.7,震度１,44.81666667,142.0916667
2022/8/29,21:19:38,奄美大島北東沖,28°55.1′N,130°37.4′E,68 km,5.4,震度１,28.91833333,130.6233333
2022/8/29,22:25:43,能登半島沖,37°31.1′N,137°12.7′E,13 km,3.1,震度１,37.51833333,137.2116667
2022/8/29,22:41:31,能登半島沖,37°31.0′N,137°12.9′E,13 km,2.6,震度１,37.51666667,137.215
2022/8/30,1:16:01,熊本県熊本地方,32°30.9′N,130°34.2′E,9 km,2.6,震度１,32.515,130.57
2022/8/30,2:20:58,十勝地方南部,42°21.9′N,143°06.4′E,51 km,4.1,震度２,42.365,143.1066667
2022/8/30,9:44:21,石垣島近海,24°12.1′N,124°07.8′E,17 km,4,震度２,24.20166667,124.13
2022/8/31,0:18:32,福島県沖,37°37.3′N,141°26.7′E,60 km,3.9,震度１,37.62166667,141.445
2022/8/31,0:57:56,茨城県沖,36°32.5′N,140°59.7′E,49 km,3.6,震度１,36.54166667,140.995
2022/8/31,12:04:59,沖縄本島北西沖,26°49.2′N,126°24.1′E,24 km,4.6,震度１,26.82,126.4016667
2022/8/31,15:42:56,宮城県沖,38°18.3′N,141°52.3′E,46 km,3.9,震度１,38.305,141.8716667
2022/8/31,20:32:39,宮崎県南部平野部,31°48.5′N,131°20.9′E,56 km,3.2,震度１,31.80833333,131.3483333
2022/8/31,21:59:55,茨城県南部,36°04.7′N,139°52.8′E,46 km,3,震度１,36.07833333,139.88
2022/9/1,2:47:53,宮城県沖,38°00.2′N,141°43.8′E,55 km,4,震度１,38.00333333,141.73
2022/9/1,9:22:05,愛知県西部,35°22.6′N,136°54.5′E,8 km,2.7,震度１,35.37666667,136.9083333
2022/9/1,11:02:55,沖縄本島北西沖,26°49.1′N,126°25.2′E,25 km,4.7,震度１,26.81833333,126.42
2022/9/1,14:24:33,茨城県沖,36°15.5′N,140°58.1′E,36 km,4,震度２,36.25833333,140.9683333
2022/9/1,20:21:10,大隅半島東方沖,31°15.5′N,131°55.2′E,25 km,4.6,震度２,31.25833333,131.92
2022/9/2,2:21:24,沖縄本島近海,26°44.7′N,128°03.5′E,49 km,3.1,震度１,26.745,128.0583333
2022/9/2,8:42:38,熊本県天草・芦北地方,32°30.4′N,130°32.3′E,11 km,3.6,震度２,32.50666667,130.5383333
2022/9/2,9:05:58,根室半島南東沖,42°55.1′N,146°12.1′E,29 km,4.2,震度１,42.91833333,146.2016667
2022/9/2,9:09:42,宗谷地方北部,45°02.4′N,141°52.9′E,0 km,2.4,震度２,45.04,141.8816667
2022/9/2,19:25:08,熊本県天草・芦北地方,32°30.5′N,130°32.1′E,11 km,2.8,震度１,32.50833333,130.535
2022/9/3,4:40:03,熊本県天草・芦北地方,32°13.0′N,130°20.9′E,0 km,2.2,震度１,32.21666667,130.3483333
2022/9/3,5:24:40,千葉県東方沖,35°27.2′N,140°25.8′E,32 km,4.1,震度３,35.45333333,140.43
2022/9/3,10:22:07,福島県浜通り,37°11.9′N,140°59.6′E,93 km,3.3,震度１,37.19833333,140.9933333
2022/9/3,11:54:51,埼玉県南部,35°50.0′N,139°49.7′E,84 km,4.2,震度２,35.83333333,139.8283333
2022/9/3,16:28:42,トカラ列島近海,29°23.2′N,129°34.8′E,4 km,1.9,震度１,29.38666667,129.58
2022/9/3,16:34:03,茨城県南部,36°09.0′N,139°50.1′E,51 km,3.9,震度２,36.15,139.835
2022/9/3,17:39:20,茨城県沖,36°25.5′N,141°09.9′E,39 km,3.9,震度２,36.425,141.165
2022/9/4,0:03:38,秋田県内陸南部,39°35.1′N,140°30.6′E,7 km,2.5,震度１,39.585,140.51
2022/9/4,7:26:34,トカラ列島近海,29°25.4′N,129°32.0′E,14 km,2.2,震度１,29.42333333,129.5333333
2022/9/4,15:46:18,福島県沖,37°50.4′N,141°44.9′E,64 km,4.8,震度２,37.84,141.7483333
2022/9/4,17:34:29,茨城県南部,35°55.3′N,140°18.9′E,41 km,2.8,震度１,35.92166667,140.315
2022/9/5,1:26:28,奄美大島近海,27°50.8′N,128°53.8′E,10 km,3.2,震度１,27.84666667,128.8966667
2022/9/5,2:19:56,福岡県北西沖,33°41.7′N,130°16.0′E,14 km,3.2,震度１,33.695,130.2666667
2022/9/5,2:50:24,福島県沖,37°44.6′N,141°05.3′E,66 km,3.3,震度１,37.74333333,141.0883333
2022/9/6,10:18:19,上川地方南部,42°57.7′N,142°28.1′E,114 km,3.4,震度１,42.96166667,142.4683333
2022/9/6,18:08:15,天草灘,32°18.3′N,129°46.9′E,13 km,3,震度１,32.305,129.7816667
2022/9/7,7:27:19,宮城県沖,38°51.5′N,141°47.6′E,55 km,3.4,震度１,38.85833333,141.7933333
2022/9/7,17:48:17,富山県東部,36°33.1′N,137°35.8′E,4 km,3.3,震度２,36.55166667,137.5966667
2022/9/8,0:04:26,茨城県南部,36°19.2′N,140°02.2′E,72 km,3.2,震度１,36.32,140.0366667
2022/9/8,3:43:22,宮古島近海,24°45.2′N,125°02.4′E,31 km,3.9,震度１,24.75333333,125.04
2022/9/8,5:58:56,島根県東部,35°19.7′N,133°17.8′E,11 km,2.7,震度１,35.32833333,133.2966667
2022/9/8,17:36:38,岩手県内陸北部,39°49.6′N,140°51.0′E,2 km,3.5,震度２,39.82666667,140.85
2022/9/9,8:19:35,根室半島南東沖,43°06.1′N,145°49.4′E,43 km,3.7,震度２,43.10166667,145.8233333
2022/9/9,18:54:59,茨城県北部,36°49.1′N,140°35.2′E,7 km,4.5,震度３,36.81833333,140.5866667
2022/9/9,20:45:51,宮城県沖,37°53.2′N,141°41.8′E,57 km,3.7,震度１,37.88666667,141.6966667
2022/9/9,22:30:10,トカラ列島近海,29°36.3′N,129°37.7′E,14 km,2.9,震度１,29.605,129.6283333
2022/9/9,23:03:32,茨城県北部,36°48.6′N,140°34.9′E,7 km,2.9,震度１,36.81,140.5816667
2022/9/10,4:00:00,トカラ列島近海,29°37.8′N,129°34.9′E,12 km,3.4,震度２,29.63,129.5816667
2022/9/10,5:09:02,トカラ列島近海,29°36.2′N,129°36.0′E,13 km,2.4,震度１,29.60333333,129.6
2022/9/10,6:01:31,トカラ列島近海,29°37.7′N,129°34.4′E,11 km,2.7,震度１,29.62833333,129.5733333
2022/9/10,11:35:45,トカラ列島近海,29°36.4′N,129°37.4′E,15 km,3.9,震度３,29.60666667,129.6233333
2022/9/10,11:44:05,トカラ列島近海,29°36.7′N,129°38.3′E,13 km,2.3,震度１,29.61166667,129.6383333
2022/9/10,11:57:04,トカラ列島近海,29°35.9′N,129°38.7′E,14 km,2.6,震度１,29.59833333,129.645
2022/9/10,12:02:23,トカラ列島近海,29°38.1′N,129°36.0′E,12 km,2.8,震度１,29.635,129.6
2022/9/10,12:45:31,トカラ列島近海,29°35.9′N,129°38.9′E,14 km,2.6,震度１,29.59833333,129.6483333
2022/9/10,17:49:32,長野県北部,36°57.2′N,138°27.9′E,6 km,2.1,震度１,36.95333333,138.465
2022/9/11,7:49:39,千葉県北西部,35°39.1′N,140°03.1′E,69 km,3.1,震度１,35.65166667,140.0516667
2022/9/11,9:51:05,トカラ列島近海,29°35.6′N,129°39.1′E,14 km,2.6,震度１,29.59333333,129.6516667
2022/9/11,15:42:54,千葉県東方沖,35°48.7′N,140°54.2′E,28 km,3,震度１,35.81166667,140.9033333
2022/9/11,15:49:41,茨城県沖,36°36.9′N,140°59.8′E,46 km,3.6,震度１,36.615,140.9966667
2022/9/11,20:46:42,沖縄本島近海,26°19.0′N,127°36.6′E,22 km,4,震度２,26.31666667,127.61
2022/9/12,0:28:55,宮城県沖,37°56.8′N,141°45.8′E,59 km,3.9,震度１,37.94666667,141.7633333
2022/9/12,6:03:25,石川県能登地方,37°29.5′N,137°18.6′E,12 km,2.5,震度１,37.49166667,137.31
2022/9/12,6:21:54,青森県西方沖,41°10.3′N,140°13.2′E,168 km,4.9,震度１,41.17166667,140.22
2022/9/12,13:39:19,釧路沖,42°03.1′N,144°52.3′E,16 km,4.9,震度２,42.05166667,144.8716667
2022/9/12,16:41:05,石川県能登地方,37°31.2′N,137°18.3′E,13 km,2.3,震度１,37.52,137.305
2022/9/12,17:38:31,福島県会津,37°02.7′N,139°20.6′E,7 km,2.1,震度１,37.045,139.3433333
2022/9/12,22:52:27,福島県中通り,37°16.7′N,139°59.3′E,9 km,2.2,震度１,37.27833333,139.9883333
2022/9/13,9:51:59,青森県東方沖,41°34.5′N,142°06.2′E,54 km,5.1,震度３,41.575,142.1033333
2022/9/13,20:58:58,福島県沖,37°46.1′N,141°49.6′E,44 km,3.9,震度２,37.76833333,141.8266667
2022/9/14,0:22:28,沖縄本島北西沖,26°23.6′N,125°52.0′E,23 km,4.8,震度１,26.39333333,125.8666667
2022/9/14,1:07:05,栃木県北部,36°45.1′N,139°26.1′E,3 km,2.4,震度１,36.75166667,139.435
2022/9/14,2:41:08,石川県能登地方,37°31.1′N,137°16.9′E,12 km,2.6,震度１,37.51833333,137.2816667
2022/9/14,8:54:54,能登半島沖,37°31.0′N,137°13.0′E,13 km,3.5,震度２,37.51666667,137.2166667
2022/9/14,9:37:23,トカラ列島近海,29°58.9′N,129°57.5′E,10 km,2.1,震度１,29.98166667,129.9583333
2022/9/14,9:38:36,トカラ列島近海,29°59.9′N,129°57.6′E,0 km,1.7,震度１,29.99833333,129.96
2022/9/14,17:34:25,千葉県東方沖,35°43.4′N,140°57.3′E,33 km,3.4,震度１,35.72333333,140.955
2022/9/14,17:36:59,長野県南部,35°54.7′N,137°39.1′E,5 km,2.2,震度１,35.91166667,137.6516667
2022/9/14,18:13:16,上川地方北部,44°50.5′N,142°08.2′E,0 km,1.5,震度１,44.84166667,142.1366667
2022/9/15,0:10:49,石川県能登地方,37°30.2′N,137°13.1′E,12 km,2.6,震度１,37.50333333,137.2183333
2022/9/15,8:51:44,上川地方北部,44°48.6′N,142°08.4′E,9 km,3.3,震度２,44.81,142.14
2022/9/15,12:46:12,石川県能登地方,37°30.1′N,137°13.4′E,12 km,2.9,震度１,37.50166667,137.2233333
2022/9/15,23:28:09,トカラ列島近海,29°58.2′N,129°56.5′E,16 km,1.7,震度１,29.97,129.9416667
2022/9/16,3:11:18,上川地方北部,44°51.9′N,142°06.4′E,3 km,2.5,震度１,44.865,142.1066667
2022/9/16,19:00:28,東京湾,35°31.5′N,139°58.9′E,19 km,2.7,震度１,35.525,139.9816667
2022/9/17,17:59:40,宮城県沖,38°52.1′N,142°02.4′E,46 km,3.7,震度２,38.86833333,142.04
2022/9/17,18:44:43,上川地方北部,44°52.2′N,142°08.0′E,0 km,2.2,震度１,44.87,142.1333333
2022/9/17,19:29:39,沖縄本島北西沖,26°23.4′N,125°51.7′E,17 km,4.6,震度１,26.39,125.8616667
2022/9/17,23:15:24,若狭湾,35°46.0′N,136°00.2′E,11 km,3,震度１,35.76666667,136.0033333
2022/9/18,4:16:33,広島県北部,34°47.9′N,132°55.2′E,13 km,3.6,震度２,34.79833333,132.92
2022/9/18,11:09:47,千葉県北東部,35°51.9′N,140°38.4′E,51 km,4.7,震度３,35.865,140.64
2022/9/18,15:04:45,沖縄本島北西沖,26°13.5′N,126°01.4′E,18 km,5,震度１,26.225,126.0233333
2022/9/18,15:44:14,台湾付近,23°07.2′N,121°19.1′E,3 km,7.3,震度１,23.12,121.3183333
2022/9/18,17:07:27,沖縄本島北西沖,26°17.3′N,126°00.2′E,14 km,5.4,震度１,26.28833333,126.0033333
2022/9/18,17:09:58,沖縄本島北西沖,26°20.6′N,125°55.2′E,8 km,6,震度２,26.34333333,125.92
2022/9/18,17:24:19,沖縄本島北西沖,26°20.7′N,125°53.5′E,15 km,5,震度１,26.345,125.8916667
2022/9/18,19:05:39,沖縄本島北西沖,26°20.1′N,125°57.9′E,24 km,5.7,震度３,26.335,125.965
2022/9/18,23:28:13,石川県能登地方,37°27.1′N,137°11.4′E,12 km,2.6,震度１,37.45166667,137.19
2022/9/19,3:12:05,宮城県沖,38°19.7′N,142°08.3′E,37 km,4,震度２,38.32833333,142.1383333
2022/9/19,8:49:55,福島県沖,37°42.4′N,141°34.1′E,54 km,4.3,震度２,37.70666667,141.5683333
2022/9/19,10:57:16,石川県能登地方,37°30.8′N,137°12.6′E,12 km,3,震度１,37.51333333,137.21
2022/9/19,20:40:13,山口県北西沖,35°16.7′N,130°59.0′E,26 km,4.4,震度１,35.27833333,130.9833333
2022/9/19,23:28:29,父島近海,26°52.0′N,142°26.7′E,72 km,3.7,震度１,26.86666667,142.445
2022/9/20,4:30:55,上川地方北部,44°52.4′N,142°07.8′E,3 km,2.3,震度１,44.87333333,142.13
2022/9/20,5:55:51,栃木県南部,36°20.6′N,139°49.1′E,70 km,4.4,震度３,36.34333333,139.8183333
2022/9/20,9:06:32,岩手県沖,40°04.2′N,142°05.6′E,48 km,4.4,震度４,40.07,142.0933333
2022/9/20,12:34:08,茨城県北部,36°17.0′N,140°29.8′E,74 km,3,震度１,36.28333333,140.4966667
2022/9/20,15:05:08,石川県能登地方,37°31.7′N,137°17.6′E,12 km,3.1,震度２,37.52833333,137.2933333
2022/9/20,15:19:14,福島県沖,37°09.5′N,141°22.2′E,46 km,3.8,震度１,37.15833333,141.37
2022/9/20,17:41:23,青森県東方沖,40°54.7′N,142°06.5′E,56 km,3.6,震度１,40.91166667,142.1083333
2022/9/21,5:07:50,岩手県内陸南部,39°01.8′N,140°53.5′E,7 km,2.9,震度１,39.03,140.8916667
2022/9/21,9:04:16,紀伊水道,33°48.9′N,134°58.1′E,41 km,3.1,震度１,33.815,134.9683333
2022/9/22,7:17:01,宮崎県南部平野部,31°39.5′N,131°23.9′E,46 km,3.6,震度１,31.65833333,131.3983333
2022/9/22,7:24:43,千葉県東方沖,35°16.7′N,141°13.0′E,13 km,5.3,震度２,35.27833333,141.2166667
2022/9/22,8:10:22,浦河沖,42°01.9′N,142°40.8′E,35 km,3.6,震度１,42.03166667,142.68
2022/9/22,12:04:19,トカラ列島近海,29°34.1′N,129°40.4′E,9 km,1.7,震度１,29.56833333,129.6733333
2022/9/23,0:31:33,石川県能登地方,37°31.2′N,137°18.4′E,13 km,2.7,震度１,37.52,137.3066667
2022/9/23,2:53:37,長野県南部,35°54.3′N,137°39.3′E,11 km,2.6,震度１,35.905,137.655
2022/9/23,7:19:24,沖縄本島北西沖,26°21.3′N,125°59.1′E,26 km,4.6,震度１,26.355,125.985
2022/9/23,9:53:52,茨城県南部,36°04.5′N,140°12.1′E,83 km,4.7,震度３,36.075,140.2016667
2022/9/23,11:03:33,苫小牧沖,41°58.3′N,141°51.1′E,44 km,2.8,震度１,41.97166667,141.8516667
2022/9/24,1:07:48,上川地方北部,44°51.4′N,142°07.8′E,0 km,1.8,震度１,44.85666667,142.13
2022/9/24,3:33:58,兵庫県南東部,34°47.6′N,135°19.3′E,9 km,4,震度３,34.79333333,135.3216667
2022/9/24,9:29:12,兵庫県南東部,34°47.7′N,135°19.5′E,9 km,3.1,震度２,34.795,135.325
2022/9/24,10:00:18,福島県沖,37°46.9′N,141°44.6′E,58 km,4.2,震度２,37.78166667,141.7433333
2022/9/24,12:18:21,トカラ列島近海,29°34.7′N,129°40.0′E,6 km,2.6,震度２,29.57833333,129.6666667
2022/9/24,15:07:41,トカラ列島近海,29°34.3′N,129°41.9′E,6 km,2.1,震度１,29.57166667,129.6983333
2022/9/24,15:16:53,十勝地方南部,42°41.3′N,143°11.4′E,106 km,4.2,震度３,42.68833333,143.19
2022/9/24,16:06:24,福島県浜通り,37°02.7′N,140°40.8′E,16 km,3.4,震度１,37.045,140.68
2022/9/24,19:11:30,茨城県沖,36°50.9′N,141°09.7′E,29 km,3.9,震度１,36.84833333,141.1616667
2022/9/24,22:19:53,トカラ列島近海,29°35.3′N,129°38.7′E,7 km,2.4,震度１,29.58833333,129.645
2022/9/25,6:23:07,石川県能登地方,37°31.7′N,137°17.7′E,12 km,3.8,震度３,37.52833333,137.295
2022/9/25,7:31:24,茨城県北部,36°48.6′N,140°34.8′E,7 km,4.2,震度２,36.81,140.58
2022/9/25,15:34:21,石川県能登地方,37°31.9′N,137°17.5′E,12 km,2.9,震度１,37.53166667,137.2916667
2022/9/25,20:20:38,茨城県南部,36°06.2′N,139°52.5′E,47 km,3.1,震度１,36.10333333,139.875
2022/9/25,22:35:23,日高地方東部,42°20.0′N,143°00.5′E,53 km,3.7,震度２,42.33333333,143.0083333
2022/9/26,3:25:00,島根県西部,34°58.0′N,132°15.1′E,12 km,3.5,震度２,34.96666667,132.2516667
2022/9/26,6:41:37,宮崎県北部平野部,32°08.2′N,131°28.0′E,21 km,2.8,震度２,32.13666667,131.4666667
2022/9/26,13:18:40,千葉県東方沖,35°43.2′N,140°57.6′E,34 km,3.2,震度１,35.72,140.96
2022/9/26,15:49:53,能登半島沖,37°31.8′N,137°14.2′E,12 km,3.1,震度１,37.53,137.2366667
2022/9/26,19:25:43,網走地方,43°45.1′N,143°59.8′E,11 km,3.6,震度２,43.75166667,143.9966667
2022/9/26,23:13:45,岩手県内陸北部,39°50.4′N,140°50.6′E,3 km,3.1,震度１,39.84,140.8433333
2022/9/27,1:05:23,青森県東方沖,40°31.3′N,142°55.2′E,25 km,5,震度２,40.52166667,142.92
2022/9/27,5:02:21,網走地方,43°45.0′N,144°00.0′E,12 km,3.4,震度３,43.75,144
2022/9/28,0:24:49,十勝地方中部,42°47.3′N,143°17.1′E,82 km,3.5,震度２,42.78833333,143.285
2022/9/28,3:43:10,渡島地方東部,41°53.5′N,140°58.8′E,9 km,2.4,震度１,41.89166667,140.98
2022/9/28,6:21:45,石川県能登地方,37°30.3′N,137°13.1′E,12 km,3.8,震度２,37.505,137.2183333
2022/9/29,0:26:36,石川県能登地方,37°30.5′N,137°12.6′E,13 km,2.5,震度１,37.50833333,137.21
2022/9/29,0:36:28,トカラ列島近海,29°35.4′N,129°45.3′E,1 km,2,震度１,29.59,129.755
2022/9/29,3:28:14,渡島地方東部,41°53.4′N,140°58.7′E,9 km,2.3,震度１,41.89,140.9783333
2022/9/29,3:31:07,渡島地方東部,41°53.3′N,140°58.3′E,9 km,1.9,震度１,41.88833333,140.9716667
2022/9/29,17:51:34,トカラ列島近海,29°36.1′N,129°45.2′E,0 km,2.1,震度１,29.60166667,129.7533333
2022/9/30,0:03:39,茨城県北部,36°49.4′N,140°35.3′E,7 km,4.4,震度３,36.82333333,140.5883333
2022/9/30,3:32:54,熊本県熊本地方,32°32.7′N,130°41.2′E,8 km,2.7,震度１,32.545,130.6866667
2022/9/30,9:08:56,長野県南部,35°53.1′N,137°40.5′E,10 km,2.3,震度１,35.885,137.675
2022/9/30,10:16:17,胆振地方中東部,42°41.9′N,141°59.7′E,33 km,3.2,震度１,42.69833333,141.995
2022/9/30,14:01:55,石川県能登地方,37°31.1′N,137°18.7′E,13 km,2.6,震度１,37.51833333,137.3116667
2022/9/30,14:58:37,茨城県南部,36°04.7′N,139°51.8′E,47 km,4.4,震度４,36.07833333,139.8633333
2022/9/30,16:14:37,和歌山県南部,33°39.8′N,135°26.2′E,41 km,3.1,震度１,33.66333333,135.4366667
2022/9/30,16:35:22,青森県東方沖,40°44.5′N,142°08.7′E,55 km,2.9,震度１,40.74166667,142.145
2022/9/30,17:51:04,福島県沖,37°43.8′N,141°35.1′E,56 km,3.8,震度１,37.73,141.585
2022/9/30,23:29:33,岐阜県美濃東部,35°22.7′N,137°36.4′E,52 km,3,震度１,35.37833333,137.6066667
2022/10/1,3:58:57,福島県沖,37°31.0′N,141°19.0′E,52 km,3.2,震度１,37.51666667,141.3166667
2022/10/1,8:42:26,和歌山県南部,33°33.6′N,135°43.9′E,28 km,3.8,震度２,33.56,135.7316667
2022/10/2,0:02:33,大隅半島東方沖,31°18.7′N,131°31.3′E,29 km,5.9,震度５弱,31.31166667,131.5216667
2022/10/2,2:07:42,上川地方北部,44°49.4′N,142°07.0′E,0 km,2,震度１,44.82333333,142.1166667
2022/10/2,2:16:26,上川地方北部,44°49.4′N,142°06.9′E,0 km,2.3,震度１,44.82333333,142.115
2022/10/2,5:43:40,宮城県沖,38°42.3′N,141°48.1′E,53 km,2.8,震度１,38.705,141.8016667
2022/10/2,10:11:32,内浦湾,41°57.6′N,140°57.7′E,10 km,1.9,震度１,41.96,140.9616667
2022/10/2,19:55:13,長野県中部,36°07.5′N,137°38.3′E,6 km,2.7,震度１,36.125,137.6383333
2022/10/2,22:25:31,沖縄本島北西沖,26°46.4′N,126°22.3′E,28 km,4.3,震度１,26.77333333,126.3716667
2022/10/2,23:36:40,福井県嶺北,36°03.9′N,136°24.6′E,8 km,2.7,震度１,36.065,136.41
2022/10/2,23:45:58,沖縄本島北西沖,26°46.1′N,126°22.3′E,28 km,3.3,震度１,26.76833333,126.3716667
2022/10/3,2:33:15,千葉県北西部,35°36.8′N,140°08.3′E,71 km,3.4,震度１,35.61333333,140.1383333
2022/10/3,3:02:42,浦河沖,41°56.4′N,142°26.1′E,64 km,3.5,震度１,41.94,142.435
2022/10/3,7:45:39,宮城県沖,38°33.1′N,141°49.9′E,52 km,3.6,震度２,38.55166667,141.8316667
2022/10/3,8:05:44,茨城県南部,36°04.9′N,139°51.6′E,46 km,3.6,震度２,36.08166667,139.86
2022/10/3,12:07:15,秋田県沖,40°20.7′N,139°05.5′E,34 km,4.3,震度２,40.345,139.0916667
2022/10/3,16:10:15,橘湾,32°40.2′N,130°03.3′E,13 km,2,震度１,32.67,130.055
2022/10/3,18:32:23,橘湾,32°40.2′N,130°03.3′E,14 km,2.3,震度１,32.67,130.055
2022/10/4,4:33:48,トカラ列島近海,29°19.1′N,129°25.5′E,15 km,2.3,震度１,29.31833333,129.425
2022/10/4,15:46:01,石川県能登地方,37°30.8′N,137°12.7′E,12 km,2.9,震度１,37.51333333,137.2116667
2022/10/4,16:19:19,橘湾,32°40.3′N,130°03.2′E,14 km,2.2,震度１,32.67166667,130.0533333
2022/10/5,2:02:50,茨城県北部,36°49.4′N,140°35.0′E,7 km,3.5,震度１,36.82333333,140.5833333
2022/10/5,16:57:37,石川県能登地方,37°31.0′N,137°15.2′E,11 km,2.4,震度１,37.51666667,137.2533333
2022/10/6,4:04:12,宮城県沖,38°42.5′N,141°58.5′E,57 km,4.5,震度３,38.70833333,141.975
2022/10/6,7:30:51,父島近海,26°31.0′N,142°34.7′E,46 km,,震度１,26.51666667,142.5783333
2022/10/7,1:36:12,沖縄本島北西沖,27°40.3′N,126°54.6′E,153 km,5.1,震度２,27.67166667,126.91
2022/10/7,3:14:18,福島県沖,37°06.6′N,141°09.0′E,26 km,4.5,震度３,37.11,141.15
2022/10/7,5:09:28,三宅島近海,33°35.4′N,139°22.7′E,25 km,4.7,震度２,33.59,139.3783333
2022/10/7,16:43:25,山梨県中・西部,35°20.5′N,138°27.0′E,22 km,2.3,震度１,35.34166667,138.45
2022/10/7,21:08:53,福島県沖,37°46.5′N,141°34.2′E,52 km,3.9,震度１,37.775,141.57
2022/10/8,1:46:02,渡島地方東部,41°53.4′N,140°59.0′E,9 km,2.2,震度１,41.89,140.9833333
2022/10/8,2:04:39,渡島地方東部,41°53.4′N,140°58.8′E,9 km,2.2,震度１,41.89,140.98
2022/10/8,4:27:18,渡島地方東部,41°53.8′N,140°58.8′E,9 km,2,震度１,41.89666667,140.98
2022/10/8,4:27:46,渡島地方東部,41°53.2′N,140°58.8′E,9 km,3,震度２,41.88666667,140.98
2022/10/8,15:03:25,網走地方,43°45.0′N,144°00.0′E,11 km,2.7,震度１,43.75,144
2022/10/8,18:35:01,渡島地方東部,41°53.2′N,140°58.6′E,9 km,2.6,震度１,41.88666667,140.9766667
2022/10/8,21:27:24,沖縄本島近海,27°18.7′N,128°55.6′E,27 km,3.3,震度１,27.31166667,128.9266667
2022/10/9,4:44:40,父島近海,26°52.6′N,142°30.2′E,32 km,,震度１,26.87666667,142.5033333
2022/10/9,13:37:58,福島県沖,37°20.1′N,141°48.0′E,38 km,4.2,震度２,37.335,141.8
2022/10/9,20:48:42,渡島地方東部,41°49.4′N,141°08.5′E,6 km,2.3,震度１,41.82333333,141.1416667
2022/10/9,22:49:21,沖縄本島近海,26°34.6′N,128°08.7′E,44 km,4.1,震度２,26.57666667,128.145
2022/10/10,1:44:00,茨城県北部,36°39.4′N,140°36.1′E,9 km,2.7,震度１,36.65666667,140.6016667
2022/10/10,9:03:00,十勝沖,42°08.7′N,144°05.9′E,42 km,4.8,震度３,42.145,144.0983333
2022/10/10,9:26:16,宮城県沖,38°46.3′N,142°17.1′E,42 km,4.8,震度３,38.77166667,142.285
2022/10/11,2:54:15,渡島地方西部,41°29.1′N,140°13.1′E,7 km,1.4,震度１,41.485,140.2183333
2022/10/11,4:24:42,台湾付近,23°55.6′N,122°14.5′E,24 km,5.9,震度２,23.92666667,122.2416667
2022/10/11,14:53:04,北海道南西沖,43°08.0′N,139°10.4′E,29 km,3.9,震度１,43.13333333,139.1733333
2022/10/11,19:38:27,島根県東部,35°16.6′N,133°14.3′E,13 km,3,震度１,35.27666667,133.2383333
2022/10/11,20:28:02,福島県沖,37°37.8′N,141°35.2′E,53 km,4.6,震度３,37.63,141.5866667
2022/10/11,22:26:27,茨城県北部,36°32.0′N,140°34.4′E,57 km,3.2,震度１,36.53333333,140.5733333
2022/10/11,23:49:38,宮城県沖,38°32.2′N,141°43.7′E,53 km,3.6,震度１,38.53666667,141.7283333
2022/10/12,3:57:36,釧路地方北部,43°26.8′N,144°30.9′E,133 km,3.7,震度１,43.44666667,144.515
2022/10/12,13:45:04,茨城県南部,36°02.4′N,140°05.8′E,63 km,3.7,震度２,36.04,140.0966667
2022/10/13,2:21:47,十勝地方北部,43°23.0′N,143°56.9′E,1 km,3.1,震度１,43.38333333,143.9483333
2022/10/13,8:32:40,豊後水道,33°10.5′N,132°24.7′E,35 km,2.7,震度１,33.175,132.4116667
2022/10/13,11:28:28,石川県能登地方,37°30.8′N,137°17.9′E,14 km,2.7,震度１,37.51333333,137.2983333
2022/10/13,11:56:01,石川県能登地方,37°30.7′N,137°13.0′E,11 km,3.1,震度１,37.51166667,137.2166667
2022/10/13,13:47:14,父島近海,27°10.7′N,142°36.9′E,71 km,4.1,震度１,27.17833333,142.615
2022/10/13,15:57:07,千葉県北西部,35°39.1′N,140°04.1′E,69 km,3.2,震度１,35.65166667,140.0683333
2022/10/14,7:30:55,宮城県沖,37°53.7′N,141°42.3′E,55 km,4.1,震度２,37.895,141.705
2022/10/14,8:11:51,茨城県北部,36°49.4′N,140°35.4′E,7 km,3.4,震度１,36.82333333,140.59
2022/10/14,8:56:57,岩手県沖,39°19.9′N,142°05.6′E,48 km,3.3,震度１,39.33166667,142.0933333
2022/10/14,15:05:44,宮城県沖,38°46.6′N,141°58.7′E,56 km,3.9,震度２,38.77666667,141.9783333
2022/10/14,20:21:47,トカラ列島近海,29°55.6′N,130°01.7′E,13 km,2.9,震度１,29.92666667,130.0283333
2022/10/15,4:02:37,茨城県沖,36°36.6′N,141°01.0′E,45 km,3.3,震度１,36.61,141.0166667
2022/10/16,0:25:03,東京都多摩西部,35°53.4′N,139°02.8′E,128 km,4.2,震度２,35.89,139.0466667
2022/10/16,2:50:32,石川県能登地方,37°27.7′N,137°15.5′E,8 km,2,震度１,37.46166667,137.2583333
2022/10/16,4:22:28,福井県嶺北,35°55.3′N,136°38.1′E,9 km,2.4,震度１,35.92166667,136.635
2022/10/16,11:13:48,千葉県東方沖,35°46.4′N,140°51.9′E,9 km,4,震度２,35.77333333,140.865
2022/10/16,15:26:28,十勝地方中部,42°43.0′N,142°50.6′E,76 km,3.4,震度１,42.71666667,142.8433333
2022/10/16,17:43:13,千葉県東方沖,35°46.3′N,140°51.9′E,9 km,3.3,震度１,35.77166667,140.865
2022/10/16,18:53:07,能登半島沖,37°31.1′N,137°12.4′E,13 km,2.9,震度１,37.51833333,137.2066667
2022/10/17,1:20:05,安芸灘,34°00.8′N,132°29.2′E,47 km,3.5,震度１,34.01333333,132.4866667
2022/10/17,3:19:16,鳥取県中部,35°21.1′N,133°52.1′E,10 km,3.4,震度２,35.35166667,133.8683333
2022/10/17,3:45:46,青森県東方沖,41°34.2′N,142°05.4′E,54 km,3.7,震度２,41.57,142.09
2022/10/17,19:48:54,浦河沖,42°13.8′N,142°22.7′E,11 km,2,震度１,42.23,142.3783333
2022/10/17,23:52:51,渡島地方北部,42°05.8′N,140°24.4′E,8 km,2.2,震度１,42.09666667,140.4066667
2022/10/18,5:48:35,奄美大島近海,27°59.2′N,129°29.9′E,32 km,3.2,震度１,27.98666667,129.4983333
2022/10/18,5:59:06,京都府南部,35°05.3′N,135°40.0′E,8 km,3.1,震度１,35.08833333,135.6666667
2022/10/18,6:13:21,トカラ列島近海,29°55.8′N,130°02.1′E,10 km,2.2,震度１,29.93,130.035
2022/10/18,7:09:21,和歌山県北部,34°00.4′N,135°09.4′E,7 km,2.2,震度１,34.00666667,135.1566667
2022/10/18,8:08:21,父島近海,26°58.9′N,142°06.5′E,71 km,4.1,震度２,26.98166667,142.1083333
2022/10/18,8:48:43,宮城県沖,37°56.0′N,141°43.0′E,57 km,4,震度１,37.93333333,141.7166667
2022/10/18,9:46:52,青森県東方沖,41°10.1′N,142°51.5′E,22 km,4.1,震度１,41.16833333,142.8583333
2022/10/19,3:35:41,新潟県中越地方,37°33.2′N,139°11.6′E,8 km,3.9,震度２,37.55333333,139.1933333
2022/10/19,11:00:12,京都府南部,34°57.5′N,135°39.4′E,8 km,3.2,震度２,34.95833333,135.6566667
2022/10/19,11:03:00,京都府南部,34°57.5′N,135°39.3′E,8 km,3.4,震度３,34.95833333,135.655
2022/10/19,14:54:59,三陸沖,39°36.6′N,143°32.2′E,12 km,5.3,震度２,39.61,143.5366667
2022/10/19,15:34:18,京都府南部,34°57.5′N,135°39.4′E,8 km,2.3,震度１,34.95833333,135.6566667
2022/10/20,15:55:15,国後島付近,43°38.3′N,145°55.5′E,86 km,3.7,震度１,43.63833333,145.925
2022/10/21,6:18:57,福島県沖,37°50.0′N,141°36.5′E,50 km,3.8,震度１,37.83333333,141.6083333
2022/10/21,12:37:30,石川県加賀地方,36°22.2′N,136°35.6′E,8 km,1.9,震度１,36.37,136.5933333
2022/10/21,15:19:46,福島県沖,37°23.9′N,141°18.3′E,29 km,5,震度５弱,37.39833333,141.305
2022/10/22,1:59:30,網走地方,43°45.1′N,143°59.9′E,12 km,2.7,震度１,43.75166667,143.9983333
2022/10/22,8:07:21,栃木県北部,36°48.0′N,139°39.5′E,5 km,2.5,震度１,36.8,139.6583333
2022/10/22,16:28:32,トカラ列島近海,29°55.9′N,130°01.6′E,13 km,2.1,震度１,29.93166667,130.0266667
2022/10/23,22:01:10,青森県東方沖,40°59.1′N,141°59.6′E,59 km,4.1,震度３,40.985,141.9933333
2022/10/24,12:36:17,父島近海,26°52.1′N,142°37.4′E,63 km,,震度１,26.86833333,142.6233333
2022/10/24,13:32:04,長野県北部,37°00.1′N,138°31.3′E,13 km,2.2,震度１,37.00166667,138.5216667
2022/10/24,15:59:21,青森県東方沖,41°34.0′N,142°06.4′E,53 km,3.9,震度２,41.56666667,142.1066667
2022/10/24,16:43:54,釧路沖,41°58.4′N,144°56.3′E,13 km,4.7,震度１,41.97333333,144.9383333
2022/10/24,20:12:50,宮古島近海,24°42.7′N,125°10.0′E,26 km,4,震度１,24.71166667,125.1666667
2022/10/25,6:05:35,トカラ列島近海,29°36.9′N,129°39.4′E,7 km,3.2,震度３,29.615,129.6566667
2022/10/25,6:07:08,トカラ列島近海,29°35.7′N,129°45.0′E,0 km,3.4,震度３,29.595,129.75
2022/10/25,6:09:02,トカラ列島近海,29°36.1′N,129°41.6′E,6 km,2.5,震度１,29.60166667,129.6933333
2022/10/25,6:11:18,福島県沖,37°49.9′N,141°36.3′E,50 km,4.1,震度１,37.83166667,141.605
2022/10/25,6:13:56,トカラ列島近海,29°36.4′N,129°41.0′E,7 km,2.4,震度１,29.60666667,129.6833333
2022/10/25,6:16:36,トカラ列島近海,29°36.1′N,129°41.9′E,6 km,2.6,震度２,29.60166667,129.6983333
2022/10/25,6:18:02,トカラ列島近海,29°36.3′N,129°39.7′E,11 km,2.9,震度３,29.605,129.6616667
2022/10/25,6:18:48,トカラ列島近海,29°34.6′N,129°42.1′E,6 km,2.6,震度１,29.57666667,129.7016667
2022/10/25,7:00:28,トカラ列島近海,29°36.1′N,129°42.0′E,5 km,2.3,震度１,29.60166667,129.7
2022/10/25,7:08:08,能登半島沖,37°31.3′N,137°12.7′E,13 km,3.2,震度１,37.52166667,137.2116667
2022/10/25,7:33:19,トカラ列島近海,29°35.9′N,129°39.0′E,7 km,3.1,震度２,29.59833333,129.65
2022/10/25,10:44:24,石川県能登地方,37°30.4′N,137°13.1′E,13 km,2.5,震度１,37.50666667,137.2183333
2022/10/25,17:21:15,トカラ列島近海,29°57.0′N,129°58.0′E,12 km,2.6,震度１,29.95,129.9666667
2022/10/26,0:24:46,茨城県南部,36°02.9′N,139°54.0′E,44 km,3.1,震度１,36.04833333,139.9
2022/10/26,5:30:46,トカラ列島近海,29°35.9′N,129°41.5′E,6 km,2.1,震度１,29.59833333,129.6916667
2022/10/26,7:40:28,奄美大島近海,28°33.3′N,129°14.8′E,66 km,3.6,震度１,28.555,129.2466667
2022/10/26,7:49:15,種子島南東沖,30°09.2′N,131°22.3′E,38 km,4.5,震度２,30.15333333,131.3716667
2022/10/26,16:06:01,釧路沖,41°59.4′N,144°53.2′E,11 km,5.2,震度２,41.99,144.8866667
2022/10/27,2:59:37,福島県沖,37°15.4′N,141°19.5′E,59 km,3.6,震度１,37.25666667,141.325
2022/10/27,5:36:40,宮城県沖,38°27.3′N,142°00.2′E,43 km,3.9,震度１,38.455,142.0033333
2022/10/27,13:09:56,三重県北部,34°59.1′N,136°30.0′E,15 km,3.6,震度２,34.985,136.5
2022/10/27,22:25:04,釧路沖,42°00.1′N,144°52.8′E,13 km,5.1,震度１,42.00166667,144.88
2022/10/28,3:01:12,国後島付近,44°10.7′N,146°49.8′E,132 km,4.4,震度２,44.17833333,146.83
2022/10/28,13:54:07,国後島付近,43°45.7′N,146°20.2′E,29 km,3.7,震度１,43.76166667,146.3366667
2022/10/28,14:58:23,紀伊水道,33°40.8′N,135°11.5′E,41 km,3.1,震度１,33.68,135.1916667
2022/10/28,18:24:03,宮城県沖,38°55.3′N,141°55.8′E,51 km,3.7,震度２,38.92166667,141.93
2022/10/28,18:29:17,石川県能登地方,37°30.5′N,137°12.9′E,12 km,2.7,震度１,37.50833333,137.215
2022/10/28,18:48:48,宮城県沖,38°51.5′N,141°47.9′E,56 km,3.3,震度１,38.85833333,141.7983333
2022/10/29,5:56:27,福島県沖,37°19.5′N,141°47.8′E,50 km,4.5,震度３,37.325,141.7966667
2022/10/29,10:37:09,岩手県沿岸北部,40°09.8′N,141°50.6′E,40 km,3.1,震度１,40.16333333,141.8433333
2022/10/29,17:39:35,宮城県沖,38°49.1′N,142°26.6′E,42 km,3.8,震度１,38.81833333,142.4433333
2022/10/29,21:34:54,茨城県沖,36°37.2′N,141°00.4′E,45 km,3.2,震度１,36.62,141.0066667
2022/10/30,19:13:39,長野県南部,35°56.4′N,138°06.1′E,5 km,2.3,震度１,35.94,138.1016667
2022/10/30,22:26:15,石川県能登地方,37°31.1′N,137°15.2′E,11 km,2.5,震度１,37.51833333,137.2533333
2022/10/31,5:46:26,茨城県北部,36°27.8′N,140°35.8′E,55 km,3.1,震度１,36.46333333,140.5966667
2022/10/31,8:44:05,トカラ列島近海,29°34.7′N,129°44.4′E,5 km,3.4,震度３,29.57833333,129.74
2022/10/31,17:20:19,長野県南部,35°56.4′N,138°06.1′E,5 km,2.1,震度１,35.94,138.1016667
2022/11/1,0:55:06,京都府南部,34°57.4′N,135°39.4′E,8 km,2.6,震度１,34.95666667,135.6566667
2022/11/1,3:20:20,宮城県沖,38°38.4′N,141°54.3′E,47 km,3.4,震度１,38.64,141.905
2022/11/1,5:52:36,秋田県内陸北部,40°01.6′N,140°35.8′E,6 km,2.9,震度１,40.02666667,140.5966667
2022/11/1,14:18:02,島根県東部,35°12.0′N,133°02.8′E,8 km,3.4,震度２,35.2,133.0466667
2022/11/1,17:30:12,与那国島近海,24°41.9′N,122°32.0′E,106 km,4.7,震度１,24.69833333,122.5333333
2022/11/2,3:30:31,石川県能登地方,37°30.1′N,137°13.2′E,11 km,2.8,震度１,37.50166667,137.22
2022/11/2,6:05:00,和歌山県北部,34°12.4′N,135°10.1′E,5 km,1.7,震度１,34.20666667,135.1683333
2022/11/2,8:45:57,釧路沖,42°00.7′N,144°50.2′E,15 km,5,震度１,42.01166667,144.8366667
2022/11/2,13:08:59,和歌山県北部,34°15.4′N,135°10.4′E,7 km,2.4,震度１,34.25666667,135.1733333
2022/11/2,17:31:39,福岡県北西沖,34°15.9′N,130°39.4′E,13 km,3.4,震度１,34.265,130.6566667
2022/11/2,22:11:34,石川県能登地方,37°30.0′N,137°13.4′E,13 km,2.6,震度１,37.5,137.2233333
2022/11/3,2:32:10,福島県中通り,37°10.5′N,140°07.1′E,7 km,3.6,震度３,37.175,140.1183333
2022/11/3,5:21:03,宮城県沖,38°18.9′N,141°55.1′E,45 km,3.8,震度１,38.315,141.9183333
2022/11/3,19:02:54,千葉県北西部,35°39.5′N,140°10.5′E,68 km,4,震度２,35.65833333,140.175
2022/11/3,19:04:32,千葉県北西部,35°39.6′N,140°11.3′E,68 km,4.9,震度３,35.66,140.1883333
2022/11/3,20:00:41,日向灘,32°40.0′N,132°05.2′E,42 km,3.3,震度１,32.66666667,132.0866667
2022/11/3,20:16:57,千葉県北西部,35°39.8′N,140°11.7′E,71 km,4.5,震度２,35.66333333,140.195
2022/11/3,21:10:20,和歌山県南方沖,33°21.1′N,135°11.7′E,29 km,3.5,震度１,33.35166667,135.195
2022/11/4,3:57:22,千葉県南部,35°08.6′N,140°05.0′E,17 km,4.2,震度３,35.14333333,140.0833333
2022/11/4,5:16:35,千葉県南部,35°09.0′N,140°04.9′E,17 km,3.7,震度２,35.15,140.0816667
2022/11/4,15:45:19,石川県能登地方,37°29.0′N,137°10.7′E,13 km,3.1,震度１,37.48333333,137.1783333
2022/11/4,19:50:49,宮城県沖,38°18.7′N,141°53.5′E,46 km,4,震度２,38.31166667,141.8916667
2022/11/4,20:51:36,茨城県北部,36°41.8′N,140°34.9′E,10 km,2.7,震度１,36.69666667,140.5816667
2022/11/5,9:48:59,奄美大島近海,27°46.0′N,129°04.0′E,16 km,3,震度１,27.76666667,129.0666667
2022/11/5,14:49:21,宮城県沖,37°52.4′N,141°42.4′E,63 km,3.9,震度１,37.87333333,141.7066667
2022/11/6,0:32:02,日向灘,31°42.6′N,131°47.3′E,33 km,3.8,震度１,31.71,131.7883333
2022/11/6,9:06:56,長野県南部,35°56.3′N,138°06.1′E,5 km,2.7,震度２,35.93833333,138.1016667
2022/11/6,13:23:32,北海道東方沖,43°14.8′N,146°51.9′E,52 km,5.4,震度３,43.24666667,146.865
2022/11/6,19:44:26,大分県中部,33°17.2′N,131°27.6′E,8 km,1.6,震度１,33.28666667,131.46
2022/11/8,3:15:39,トカラ列島近海,29°16.6′N,129°16.2′E,11 km,2.3,震度１,29.27666667,129.27
2022/11/8,3:35:11,トカラ列島近海,29°15.5′N,129°14.6′E,18 km,2.5,震度１,29.25833333,129.2433333
2022/11/8,14:14:01,トカラ列島近海,29°37.6′N,129°45.7′E,8 km,3.6,震度３,29.62666667,129.7616667
2022/11/8,17:38:54,石川県能登地方,37°30.1′N,137°12.6′E,13 km,3,震度１,37.50166667,137.21
2022/11/9,2:38:11,宮古島近海,24°49.2′N,125°22.7′E,49 km,3.9,震度２,24.82,125.3783333
2022/11/9,5:28:59,奄美大島近海,27°58.6′N,129°09.4′E,17 km,3.2,震度１,27.97666667,129.1566667
2022/11/9,9:18:48,宮城県沖,38°27.3′N,141°53.3′E,55 km,4.1,震度１,38.455,141.8883333
2022/11/9,12:37:26,日向灘,31°42.4′N,131°47.4′E,34 km,4.3,震度２,31.70666667,131.79
2022/11/9,17:40:13,茨城県南部,36°11.1′N,140°01.6′E,51 km,4.9,震度５強,36.185,140.0266667
2022/11/9,22:51:58,茨城県南部,36°02.2′N,140°05.4′E,63 km,3.5,震度１,36.03666667,140.09
2022/11/10,2:47:18,茨城県南部,36°11.4′N,140°01.7′E,51 km,3.4,震度２,36.19,140.0283333
2022/11/10,9:50:45,和歌山県南部,33°52.2′N,135°28.9′E,46 km,3.3,震度１,33.87,135.4816667
2022/11/10,10:22:55,千葉県東方沖,35°32.2′N,141°00.4′E,33 km,3.8,震度２,35.53666667,141.0066667
2022/11/10,12:27:28,石川県能登地方,37°29.7′N,137°13.0′E,13 km,3,震度１,37.495,137.2166667
2022/11/11,14:28:47,茨城県南部,36°11.8′N,140°01.3′E,52 km,3.7,震度３,36.19666667,140.0216667
2022/11/12,2:32:25,沖縄本島近海,25°04.4′N,128°52.1′E,57 km,5.2,震度１,25.07333333,128.8683333
2022/11/12,3:02:09,小笠原諸島西方沖,27°40.7′N,140°38.6′E,462 km,4.9,震度１,27.67833333,140.6433333
2022/11/12,16:27:05,岩手県内陸北部,40°08.3′N,141°07.5′E,9 km,2.8,震度１,40.13833333,141.125
2022/11/13,11:55:38,石川県能登地方,37°31.6′N,137°18.6′E,13 km,2.6,震度１,37.52666667,137.31
2022/11/13,17:16:49,択捉島南東沖,44°01.1′N,147°48.8′E,0 km,5,震度１,44.01833333,147.8133333
2022/11/14,6:14:56,千葉県南部,35°08.6′N,140°08.2′E,15 km,2.9,震度１,35.14333333,140.1366667
2022/11/14,6:29:49,千葉県南部,35°08.2′N,140°08.7′E,15 km,2.6,震度１,35.13666667,140.145
2022/11/14,15:08:47,北海道東方沖,43°15.7′N,146°51.6′E,43 km,4.1,震度１,43.26166667,146.86
2022/11/14,17:08:25,三重県南東沖,33°50.4′N,137°25.4′E,362 km,6.4,震度４,33.84,137.4233333
2022/11/14,22:27:59,石川県能登地方,37°31.1′N,137°15.5′E,12 km,4.2,震度４,37.51833333,137.2583333
2022/11/15,5:00:46,長野県北部,36°57.1′N,138°29.1′E,10 km,2.2,震度１,36.95166667,138.485
2022/11/15,6:21:40,石川県能登地方,37°30.8′N,137°14.8′E,11 km,2.7,震度１,37.51333333,137.2466667
2022/11/15,8:09:47,福島県沖,37°50.3′N,141°36.7′E,50 km,3.8,震度１,37.83833333,141.6116667
2022/11/15,8:54:46,岩手県沿岸南部,39°22.7′N,141°53.1′E,57 km,3.1,震度１,39.37833333,141.885
2022/11/15,10:55:14,富山湾,37°26.2′N,137°20.6′E,6 km,1.4,震度１,37.43666667,137.3433333
2022/11/16,15:59:14,広島県南西部,34°26.8′N,132°40.7′E,31 km,3,震度１,34.44666667,132.6783333
2022/11/16,19:04:45,与那国島近海,24°19.9′N,122°59.0′E,47 km,3.3,震度１,24.33166667,122.9833333
2022/11/16,23:26:33,宮崎県北部平野部,32°09.3′N,131°28.5′E,44 km,2.5,震度１,32.155,131.475
2022/11/17,6:03:29,トカラ列島近海,29°16.0′N,129°11.9′E,15 km,2,震度１,29.26666667,129.1983333
2022/11/17,9:28:20,青森県東方沖,40°43.8′N,142°25.2′E,64 km,5,震度３,40.73,142.42
2022/11/17,16:05:36,宮城県沖,38°20.3′N,141°51.8′E,62 km,3.6,震度１,38.33833333,141.8633333
2022/11/17,21:43:30,千葉県北西部,35°39.5′N,140°04.5′E,72 km,4.3,震度３,35.65833333,140.075
2022/11/18,2:35:19,宮城県沖,38°08.8′N,141°44.9′E,56 km,4.1,震度３,38.14666667,141.7483333
2022/11/18,3:33:12,根室半島南東沖,43°09.8′N,146°05.4′E,45 km,3.3,震度１,43.16333333,146.09
2022/11/19,0:53:39,紀伊水道,34°10.9′N,135°08.9′E,5 km,3.8,震度２,34.18166667,135.1483333
2022/11/19,1:00:35,紀伊水道,34°10.9′N,135°09.0′E,5 km,2.9,震度１,34.18166667,135.15
2022/11/19,1:28:45,紀伊水道,34°11.0′N,135°09.1′E,5 km,3.5,震度２,34.18333333,135.1516667
2022/11/19,2:34:34,富山湾,37°26.1′N,137°20.0′E,5 km,1.6,震度１,37.435,137.3333333
2022/11/19,9:55:02,長野県中部,36°18.5′N,138°01.1′E,7 km,2.2,震度１,36.30833333,138.0183333
2022/11/19,13:21:25,富山湾,37°26.2′N,137°20.4′E,6 km,1.8,震度１,37.43666667,137.34
2022/11/19,13:29:33,富山湾,37°26.2′N,137°20.3′E,5 km,1.7,震度１,37.43666667,137.3383333
2022/11/19,13:35:20,熊本県阿蘇地方,33°01.3′N,131°08.4′E,7 km,2.6,震度１,33.02166667,131.14
2022/11/19,15:30:24,トカラ列島近海,29°17.0′N,129°15.1′E,13 km,2.1,震度１,29.28333333,129.2516667
2022/11/19,16:43:47,瀬戸内海中部,34°02.4′N,133°03.0′E,15 km,2.9,震度１,34.04,133.05
2022/11/19,20:51:53,千葉県東方沖,35°26.3′N,140°27.7′E,56 km,3,震度１,35.43833333,140.4616667
2022/11/19,21:34:38,福島県中通り,37°17.1′N,140°00.0′E,9 km,2.3,震度１,37.285,140
2022/11/19,22:44:57,富山湾,37°26.4′N,137°19.3′E,5 km,2.3,震度２,37.44,137.3216667
2022/11/19,23:34:54,富山湾,37°26.3′N,137°19.7′E,6 km,2.5,震度３,37.43833333,137.3283333
2022/11/20,2:55:50,徳島県南部,33°54.4′N,134°22.9′E,7 km,2.7,震度１,33.90666667,134.3816667
2022/11/20,12:06:09,島根県東部,35°18.2′N,133°17.8′E,8 km,3.1,震度２,35.30333333,133.2966667
2022/11/20,17:34:18,和歌山県南部,33°49.3′N,135°39.7′E,53 km,3.9,震度２,33.82166667,135.6616667
2022/11/20,18:17:25,釧路沖,42°55.0′N,144°43.1′E,57 km,4.8,震度３,42.91666667,144.7183333
2022/11/21,5:09:26,根室半島南東沖,43°24.6′N,146°20.3′E,54 km,3.4,震度１,43.41,146.3383333
2022/11/21,5:19:07,福島県沖,37°03.9′N,141°11.8′E,49 km,4.3,震度３,37.065,141.1966667
2022/11/21,13:25:36,鳥島近海,29°12.6′N,139°45.5′E,425 km,5.7,震度１,29.21,139.7583333
2022/11/22,7:23:32,静岡県西部,34°43.9′N,137°55.9′E,28 km,2.6,震度１,34.73166667,137.9316667
2022/11/22,10:00:59,トカラ列島近海,29°08.7′N,129°08.1′E,12 km,3,震度１,29.145,129.135
2022/11/22,10:24:47,豊後水道,33°21.3′N,132°12.1′E,46 km,3.7,震度２,33.355,132.2016667
2022/11/22,12:03:08,トカラ列島近海,29°09.0′N,129°13.2′E,14 km,2.7,震度１,29.15,129.22
2022/11/22,15:58:41,石川県能登地方,37°30.1′N,137°14.0′E,11 km,3.1,震度１,37.50166667,137.2333333
2022/11/22,16:32:07,長野県南部,35°56.2′N,138°06.0′E,5 km,2.8,震度２,35.93666667,138.1
2022/11/22,21:31:07,石川県能登地方,37°27.6′N,137°09.2′E,11 km,2.9,震度１,37.46,137.1533333
2022/11/23,3:09:10,青森県津軽北部,40°43.2′N,140°49.2′E,5 km,3.3,震度１,40.72,140.82
2022/11/23,11:27:40,父島近海,27°19.2′N,141°16.0′E,150 km,3.6,震度１,27.32,141.2666667
2022/11/23,11:33:37,父島近海,26°51.9′N,142°37.1′E,65 km,,震度１,26.865,142.6183333
2022/11/23,15:56:08,福島県沖,37°52.5′N,141°37.7′E,49 km,3.8,震度１,37.875,141.6283333
2022/11/23,17:32:51,徳島県北部,33°59.5′N,134°06.2′E,9 km,2.2,震度１,33.99166667,134.1033333
2022/11/23,23:08:15,秋田県内陸北部,40°02.0′N,140°32.8′E,8 km,3.5,震度２,40.03333333,140.5466667
2022/11/24,0:27:06,根室半島南東沖,43°05.2′N,145°34.6′E,87 km,3.4,震度１,43.08666667,145.5766667
2022/11/24,1:26:55,北海道西方沖,44°12.7′N,140°09.9′E,258 km,4.7,震度１,44.21166667,140.165
2022/11/24,1:52:26,八丈島東方沖,33°46.0′N,141°22.3′E,37 km,5.2,震度１,33.76666667,141.3716667
2022/11/24,2:25:21,後志地方西部,42°53.0′N,140°34.9′E,9 km,3.1,震度３,42.88333333,140.5816667
2022/11/24,3:10:44,トカラ列島近海,29°14.8′N,129°11.3′E,11 km,1.9,震度１,29.24666667,129.1883333
2022/11/24,4:33:15,千葉県北西部,35°52.0′N,140°17.0′E,47 km,3.3,震度１,35.86666667,140.2833333
2022/11/24,4:34:29,千葉県北西部,35°51.8′N,140°17.2′E,46 km,4.2,震度２,35.86333333,140.2866667
2022/11/24,5:13:55,能登半島沖,37°31.2′N,137°12.6′E,13 km,3.9,震度２,37.52,137.21
2022/11/24,10:08:11,石川県能登地方,37°30.0′N,137°13.2′E,13 km,2.7,震度１,37.5,137.22
2022/11/24,13:51:27,秋田県内陸北部,40°02.1′N,140°32.4′E,7 km,2.7,震度１,40.035,140.54
2022/11/24,20:20:22,熊本県熊本地方,32°38.2′N,130°42.2′E,14 km,4,震度３,32.63666667,130.7033333
2022/11/24,21:17:46,熊本県熊本地方,32°38.2′N,130°42.3′E,14 km,2.5,震度１,32.63666667,130.705
2022/11/25,1:14:12,熊本県熊本地方,32°38.6′N,130°42.4′E,14 km,2.9,震度１,32.64333333,130.7066667
2022/11/25,15:53:59,茨城県沖,36°25.5′N,141°06.7′E,40 km,3.6,震度１,36.425,141.1116667
2022/11/25,16:04:29,遠州灘,34°23.4′N,137°36.1′E,330 km,4.8,震度１,34.39,137.6016667
2022/11/26,2:01:52,茨城県沖,36°10.7′N,141°27.9′E,35 km,4,震度１,36.17833333,141.465
2022/11/26,8:37:19,岐阜県飛騨地方,36°03.1′N,137°31.5′E,6 km,2.2,震度１,36.05166667,137.525
2022/11/26,11:20:39,大阪府北部,34°53.0′N,135°35.6′E,12 km,3.1,震度１,34.88333333,135.5933333
2022/11/26,12:25:59,福島県沖,37°40.6′N,141°39.4′E,61 km,4,震度１,37.67666667,141.6566667
2022/11/26,14:44:00,父島近海,27°47.2′N,142°27.5′E,64 km,4.4,震度１,27.78666667,142.4583333
2022/11/26,17:30:00,浦河沖,42°02.2′N,142°34.9′E,62 km,4.1,震度１,42.03666667,142.5816667
2022/11/26,18:32:18,長野県南部,35°53.3′N,138°07.5′E,8 km,2.8,震度１,35.88833333,138.125
2022/11/26,20:12:29,根室半島南東沖,43°25.1′N,146°07.1′E,62 km,4,震度１,43.41833333,146.1183333
2022/11/26,21:58:13,能登半島沖,37°32.1′N,137°13.7′E,13 km,4.2,震度３,37.535,137.2283333
2022/11/27,1:06:41,千葉県東方沖,35°52.0′N,140°54.7′E,31 km,3,震度１,35.86666667,140.9116667
2022/11/27,8:57:29,熊本県熊本地方,32°39.4′N,130°45.0′E,8 km,1.9,震度１,32.65666667,130.75
2022/11/27,15:30:58,石川県能登地方,37°30.9′N,137°13.2′E,14 km,2.9,震度１,37.515,137.22
2022/11/27,15:36:08,石川県能登地方,37°30.9′N,137°13.3′E,14 km,3.2,震度２,37.515,137.2216667
2022/11/27,15:41:20,留萌地方南部,44°02.9′N,141°45.7′E,4 km,2.3,震度１,44.04833333,141.7616667
2022/11/27,19:03:37,茨城県沖,36°26.0′N,140°41.2′E,52 km,3.4,震度１,36.43333333,140.6866667
2022/11/28,6:40:46,青森県東方沖,41°09.9′N,142°54.1′E,34 km,4.6,震度１,41.165,142.9016667
2022/11/28,11:02:35,能登半島沖,37°32.1′N,137°13.7′E,13 km,2.6,震度１,37.535,137.2283333
2022/11/28,13:10:53,富山湾,37°26.3′N,137°20.2′E,6 km,1.6,震度１,37.43833333,137.3366667
2022/11/28,16:25:12,岩手県沖,40°20.6′N,142°02.6′E,52 km,3.6,震度２,40.34333333,142.0433333
2022/11/28,17:14:15,愛知県西部,34°58.8′N,137°14.3′E,42 km,2.7,震度１,34.98,137.2383333
2022/11/28,23:01:34,父島近海,26°29.8′N,142°54.7′E,4 km,4.6,震度１,26.49666667,142.9116667
2022/11/29,2:18:56,橘湾,32°40.0′N,130°03.0′E,14 km,2,震度１,32.66666667,130.05
2022/11/29,8:20:42,富山県東部,36°27.7′N,137°37.1′E,1 km,3.3,震度１,36.46166667,137.6183333
2022/11/29,9:27:46,沖縄本島近海,26°47.7′N,128°07.7′E,12 km,2.8,震度１,26.795,128.1283333
2022/11/30,0:57:18,沖縄本島近海,26°24.2′N,129°19.8′E,35 km,5.4,震度１,26.40333333,129.33
2022/11/30,4:24:44,石川県能登地方,37°30.5′N,137°12.7′E,11 km,2.8,震度１,37.50833333,137.2116667
2022/11/30,6:34:08,福島県沖,37°30.6′N,141°20.2′E,52 km,4.2,震度２,37.51,141.3366667
2022/11/30,12:45:58,福島県沖,37°16.9′N,141°39.3′E,42 km,5.1,震度３,37.28166667,141.655
2022/11/30,16:14:13,栃木県北部,36°44.5′N,139°25.2′E,3 km,2.6,震度１,36.74166667,139.42
2022/11/30,17:07:02,石川県能登地方,37°27.2′N,137°08.6′E,14 km,4.4,震度３,37.45333333,137.1433333
2022/12/1,3:10:28,岩手県沖,40°08.4′N,142°24.2′E,40 km,3.7,震度１,40.14,142.4033333
2022/12/1,22:37:56,鹿児島県薩摩地方,31°15.5′N,130°32.2′E,5 km,2.3,震度１,31.25833333,130.5366667
2022/12/2,8:44:37,奈良県,34°44.8′N,135°58.1′E,11 km,3.7,震度２,34.74666667,135.9683333
2022/12/2,10:37:30,徳島県南部,33°46.6′N,134°19.0′E,13 km,2.9,震度１,33.77666667,134.3166667
2022/12/2,11:19:48,和歌山県南方沖,33°29.8′N,135°36.1′E,24 km,3,震度１,33.49666667,135.6016667
2022/12/2,14:49:26,茨城県北部,36°38.7′N,140°36.4′E,9 km,2.9,震度２,36.645,140.6066667
2022/12/2,21:04:31,千葉県東方沖,35°23.8′N,140°27.8′E,58 km,3.8,震度２,35.39666667,140.4633333
2022/12/3,2:36:58,渡島地方東部,41°51.5′N,140°37.9′E,7 km,1.8,震度１,41.85833333,140.6316667
2022/12/3,19:21:52,苫小牧沖,42°08.8′N,141°55.9′E,86 km,3.4,震度２,42.14666667,141.9316667
2022/12/4,2:41:33,茨城県北部,36°52.8′N,140°21.2′E,92 km,3.3,震度１,36.88,140.3533333
2022/12/4,3:13:51,石川県能登地方,37°31.0′N,137°15.4′E,14 km,2.7,震度１,37.51666667,137.2566667
2022/12/4,9:29:02,群馬県南部,36°18.7′N,139°08.8′E,100 km,3.2,震度１,36.31166667,139.1466667
2022/12/4,11:29:27,日向灘,31°51.6′N,131°42.1′E,37 km,3.1,震度１,31.86,131.7016667
2022/12/5,2:47:07,石川県能登地方,37°30.9′N,137°13.4′E,14 km,3.2,震度１,37.515,137.2233333
2022/12/5,3:36:57,宮城県沖,38°53.3′N,141°58.2′E,49 km,3.7,震度２,38.88833333,141.97
2022/12/5,5:27:11,九州地方南東沖,31°23.8′N,132°27.9′E,53 km,4.4,震度１,31.39666667,132.465
2022/12/5,10:14:50,橘湾,32°40.3′N,130°03.0′E,14 km,3.4,震度３,32.67166667,130.05
2022/12/5,13:30:13,茨城県沖,36°15.7′N,140°54.8′E,45 km,3.4,震度１,36.26166667,140.9133333
2022/12/6,0:20:56,青森県東方沖,41°03.1′N,142°23.1′E,48 km,4.6,震度２,41.05166667,142.385
2022/12/6,3:06:45,浦河沖,41°53.4′N,142°23.5′E,72 km,3.9,震度１,41.89,142.3916667
2022/12/6,3:30:55,福島県沖,37°41.4′N,141°39.2′E,60 km,3.7,震度１,37.69,141.6533333
2022/12/6,4:20:55,十勝地方南部,42°35.0′N,143°29.9′E,70 km,3.6,震度１,42.58333333,143.4983333
2022/12/6,11:41:01,福島県沖,36°57.0′N,141°03.9′E,50 km,3,震度１,36.95,141.065
2022/12/7,5:39:53,茨城県沖,36°27.9′N,141°05.3′E,41 km,4,震度２,36.465,141.0883333
2022/12/7,13:06:33,福島県沖,37°02.3′N,141°09.6′E,18 km,4.1,震度２,37.03833333,141.16
2022/12/7,16:26:36,奄美大島近海,28°32.9′N,129°45.2′E,31 km,3.7,震度１,28.54833333,129.7533333
2022/12/7,18:42:41,熊本県熊本地方,32°39.6′N,130°41.8′E,16 km,3.2,震度１,32.66,130.6966667
2022/12/7,21:24:06,橘湾,32°40.3′N,130°03.2′E,14 km,2.9,震度２,32.67166667,130.0533333
2022/12/7,23:48:56,福島県沖,37°02.3′N,141°09.7′E,19 km,4,震度２,37.03833333,141.1616667
2022/12/8,7:51:58,橘湾,32°40.4′N,130°02.7′E,14 km,2.3,震度１,32.67333333,130.045
2022/12/8,12:56:45,宮城県沖,38°55.0′N,141°56.2′E,50 km,3.7,震度１,38.91666667,141.9366667
2022/12/8,18:47:27,父島近海,26°36.6′N,142°42.3′E,0 km,4.7,震度１,26.61,142.705
2022/12/8,19:09:25,茨城県南部,36°13.8′N,139°47.2′E,58 km,3.3,震度１,36.23,139.7866667
2022/12/8,22:29:56,鹿児島湾,31°18.2′N,130°41.6′E,9 km,4.1,震度３,31.30333333,130.6933333
2022/12/9,5:58:07,石川県能登地方,37°31.2′N,137°17.4′E,12 km,4.1,震度３,37.52,137.29
2022/12/9,17:33:25,茨城県北部,36°35.1′N,140°35.2′E,85 km,3.7,震度１,36.585,140.5866667
2022/12/10,2:44:19,石川県能登地方,37°31.4′N,137°17.4′E,12 km,2.9,震度１,37.52333333,137.29
2022/12/10,6:37:02,東京都２３区,35°39.4′N,139°43.2′E,119 km,4.1,震度２,35.65666667,139.72
2022/12/10,7:44:35,沖縄本島近海,27°26.8′N,128°40.1′E,42 km,3.9,震度２,27.44666667,128.6683333
2022/12/10,12:21:29,新島・神津島近海,34°27.2′N,139°16.4′E,10 km,3.6,震度２,34.45333333,139.2733333
2022/12/10,23:41:50,埼玉県北部,36°03.4′N,139°23.4′E,67 km,3.1,震度１,36.05666667,139.39
2022/12/11,0:27:28,石川県能登地方,37°31.5′N,137°17.5′E,12 km,3.6,震度２,37.525,137.2916667
2022/12/11,2:22:52,石川県能登地方,37°31.7′N,137°17.5′E,12 km,3,震度１,37.52833333,137.2916667
2022/12/11,5:01:48,石川県能登地方,37°31.2′N,137°17.5′E,12 km,2.9,震度１,37.52,137.2916667
2022/12/11,6:17:33,豊後水道,32°58.1′N,132°05.7′E,43 km,3.4,震度１,32.96833333,132.095
2022/12/11,6:40:16,栃木県北部,36°39.1′N,139°27.5′E,5 km,3.2,震度３,36.65166667,139.4583333
2022/12/11,10:03:07,和歌山県北部,34°14.4′N,135°10.9′E,7 km,2.8,震度１,34.24,135.1816667
2022/12/11,18:46:38,福島県沖,37°12.6′N,141°31.1′E,23 km,4.8,震度３,37.21,141.5183333
2022/12/11,21:03:21,十勝沖,41°49.7′N,144°16.1′E,16 km,4.8,震度１,41.82833333,144.2683333
2022/12/11,21:43:45,十勝沖,41°50.3′N,144°16.0′E,17 km,4.6,震度１,41.83833333,144.2666667
2022/12/12,5:29:25,岩手県沖,39°19.9′N,142°04.8′E,48 km,4.1,震度２,39.33166667,142.08
2022/12/12,6:14:59,新島・神津島近海,34°27.2′N,139°16.4′E,9 km,2.8,震度１,34.45333333,139.2733333
2022/12/12,14:08:51,橘湾,32°40.1′N,130°03.3′E,13 km,2.3,震度１,32.66833333,130.055
2022/12/12,16:17:42,秋田県内陸北部,40°01.9′N,140°33.0′E,8 km,3,震度１,40.03166667,140.55
2022/12/13,3:15:59,北海道東方沖,43°14.8′N,146°55.8′E,47 km,4,震度１,43.24666667,146.93
2022/12/13,8:48:49,宮古島近海,24°54.6′N,124°47.3′E,14 km,3.6,震度１,24.91,124.7883333
2022/12/13,12:44:42,宮古島近海,24°49.0′N,125°22.7′E,42 km,3.4,震度１,24.81666667,125.3783333
2022/12/13,18:58:33,父島近海,26°51.7′N,142°48.5′E,35 km,,震度１,26.86166667,142.8083333
2022/12/13,20:01:56,石川県能登地方,37°30.5′N,137°17.9′E,14 km,2.8,震度１,37.50833333,137.2983333
2022/12/13,23:25:20,奄美大島近海,27°36.0′N,129°24.8′E,37 km,6,震度４,27.6,129.4133333
2022/12/14,0:08:51,宮城県沖,38°26.0′N,142°06.5′E,29 km,4,震度１,38.43333333,142.1083333
2022/12/14,4:13:43,奄美大島近海,27°34.4′N,129°24.9′E,33 km,3.3,震度１,27.57333333,129.415
2022/12/14,7:37:35,長野県南部,35°48.6′N,137°27.6′E,6 km,2.8,震度２,35.81,137.46
2022/12/14,7:55:49,福島県沖,37°47.3′N,141°36.2′E,55 km,4.1,震度１,37.78833333,141.6033333
2022/12/14,10:59:48,宮古島近海,24°54.4′N,125°39.3′E,49 km,3.8,震度１,24.90666667,125.655
2022/12/14,23:19:47,駿河湾,34°46.4′N,138°33.5′E,20 km,2.9,震度１,34.77333333,138.5583333
2022/12/15,4:24:11,岩手県沖,39°38.7′N,142°06.4′E,48 km,3.2,震度１,39.645,142.1066667
2022/12/15,8:40:29,茨城県北部,36°38.9′N,140°36.4′E,9 km,2.8,震度２,36.64833333,140.6066667
2022/12/15,12:54:07,宮城県北部,38°44.0′N,141°05.4′E,121 km,3.4,震度１,38.73333333,141.09
2022/12/15,13:30:42,後志地方西部,42°42.8′N,140°19.2′E,13 km,4.3,震度３,42.71333333,140.32
2022/12/15,13:50:18,後志地方西部,42°42.6′N,140°19.7′E,12 km,3.2,震度２,42.71,140.3283333
2022/12/15,15:58:48,後志地方西部,42°42.9′N,140°19.7′E,12 km,3.6,震度２,42.715,140.3283333
2022/12/16,3:07:18,和歌山県南部,33°42.1′N,135°48.6′E,34 km,3.2,震度１,33.70166667,135.81
2022/12/16,4:53:09,上川地方北部,44°51.2′N,142°05.7′E,0 km,3.2,震度１,44.85333333,142.095
2022/12/16,8:48:03,三陸沖,40°23.3′N,143°20.4′E,13 km,4.8,震度１,40.38833333,143.34
2022/12/16,9:25:12,千葉県北西部,36°04.0′N,139°48.0′E,79 km,4.3,震度３,36.06666667,139.8
2022/12/16,12:08:49,宮古島近海,24°20.1′N,125°13.4′E,36 km,4.1,震度１,24.335,125.2233333
2022/12/16,21:22:50,紀伊水道,34°10.1′N,135°10.0′E,7 km,3.1,震度２,34.16833333,135.1666667
2022/12/18,0:53:58,石川県能登地方,37°27.1′N,137°08.3′E,13 km,3.9,震度３,37.45166667,137.1383333
2022/12/18,3:06:03,日向灘,31°47.3′N,131°38.0′E,34 km,5.4,震度４,31.78833333,131.6333333
2022/12/18,3:07:53,日向灘,31°49.8′N,131°37.1′E,32 km,4.1,震度２,31.83,131.6183333
2022/12/18,14:45:39,伊勢湾,34°42.2′N,136°52.8′E,13 km,3.4,震度２,34.70333333,136.88
2022/12/18,16:01:52,沖縄本島北西沖,26°48.0′N,126°36.8′E,108 km,4.9,震度２,26.8,126.6133333
2022/12/18,21:47:24,青森県西方沖,40°56.7′N,139°20.6′E,17 km,3.8,震度１,40.945,139.3433333
2022/12/18,23:19:38,種子島近海,30°22.5′N,131°15.2′E,31 km,4.8,震度２,30.375,131.2533333
2022/12/19,0:02:04,千葉県北東部,35°22.7′N,140°20.7′E,27 km,4.1,震度４,35.37833333,140.345
2022/12/19,0:18:26,種子島近海,30°21.5′N,131°15.7′E,30 km,3.8,震度１,30.35833333,131.2616667
2022/12/19,18:32:33,熊本県熊本地方,32°29.4′N,130°42.7′E,11 km,3,震度１,32.49,130.7116667
2022/12/20,16:22:37,種子島近海,30°24.6′N,131°12.0′E,30 km,3.6,震度１,30.41,131.2
2022/12/20,17:54:44,宮崎県北部山沿い,32°28.2′N,131°28.7′E,15 km,3.3,震度１,32.47,131.4783333
2022/12/20,23:47:20,長野県北部,36°49.2′N,138°05.3′E,2 km,2.1,震度１,36.82,138.0883333
2022/12/21,0:00:36,新島・神津島近海,34°26.9′N,139°16.7′E,10 km,3.8,震度２,34.44833333,139.2783333
2022/12/21,3:57:45,埼玉県南部,35°58.8′N,139°26.4′E,103 km,3.2,震度１,35.98,139.44
2022/12/21,4:35:02,能登半島沖,37°32.0′N,137°17.9′E,12 km,2.8,震度１,37.53333333,137.2983333
2022/12/21,4:49:12,新島・神津島近海,34°26.8′N,139°17.0′E,9 km,2.1,震度１,34.44666667,139.2833333
2022/12/21,4:56:48,新島・神津島近海,34°26.8′N,139°17.1′E,10 km,4.1,震度３,34.44666667,139.285
2022/12/21,22:27:41,和歌山県北部,34°14.5′N,135°26.3′E,6 km,3.3,震度２,34.24166667,135.4383333
2022/12/22,10:26:43,熊本県天草・芦北地方,32°19.2′N,130°28.1′E,12 km,2.3,震度１,32.32,130.4683333
2022/12/22,10:43:43,橘湾,32°40.3′N,130°02.4′E,14 km,3.4,震度２,32.67166667,130.04
2022/12/22,10:49:53,橘湾,32°40.3′N,130°02.6′E,14 km,3,震度１,32.67166667,130.0433333
2022/12/22,17:28:57,千葉県南部,35°08.6′N,140°09.5′E,15 km,3,震度１,35.14333333,140.1583333
2022/12/22,17:36:19,千葉県南部,35°08.6′N,140°09.7′E,15 km,2.7,震度１,35.14333333,140.1616667
2022/12/22,17:44:29,千葉県南部,35°09.2′N,140°09.3′E,15 km,3,震度１,35.15333333,140.155
2022/12/22,18:48:06,宮崎県北部山沿い,32°49.8′N,131°29.1′E,68 km,3.1,震度１,32.83,131.485
2022/12/22,19:28:47,東京湾,35°39.4′N,139°56.8′E,85 km,3.3,震度１,35.65666667,139.9466667
2022/12/23,1:39:59,津軽海峡,41°34.6′N,140°37.2′E,13 km,3.7,震度２,41.57666667,140.62
2022/12/23,23:54:26,和歌山県北部,34°05.6′N,135°08.8′E,5 km,1.8,震度１,34.09333333,135.1466667
2022/12/24,1:34:02,千葉県北東部,35°52.1′N,140°28.8′E,37 km,3.5,震度２,35.86833333,140.48
2022/12/24,16:51:10,渡島地方西部,41°26.0′N,140°09.6′E,8 km,2.8,震度１,41.43333333,140.16
2022/12/24,17:35:39,小笠原諸島西方沖,28°11.9′N,139°06.4′E,542 km,5.2,震度１,28.19833333,139.1066667
2022/12/24,22:55:54,父島近海,26°50.7′N,142°40.8′E,54 km,,震度１,26.845,142.68
2022/12/25,2:12:26,福島県沖,37°51.6′N,141°35.0′E,49 km,3.7,震度１,37.86,141.5833333
2022/12/25,13:28:49,福島県中通り,37°00.9′N,140°23.5′E,112 km,3.2,震度１,37.015,140.3916667
2022/12/25,20:23:34,紀伊水道,34°07.6′N,135°07.1′E,8 km,3.4,震度３,34.12666667,135.1183333
2022/12/25,22:19:08,石川県能登地方,37°27.6′N,137°15.7′E,8 km,1.9,震度１,37.46,137.2616667
2022/12/26,4:37:20,内浦湾,42°22.6′N,140°20.2′E,15 km,3.3,震度２,42.37666667,140.3366667
2022/12/26,10:27:46,京都府北部,35°37.3′N,135°01.9′E,12 km,2.9,震度１,35.62166667,135.0316667
2022/12/27,2:43:45,石川県能登地方,37°29.8′N,137°13.9′E,12 km,2.5,震度１,37.49666667,137.2316667
2022/12/27,8:44:35,福島県沖,37°43.3′N,141°50.0′E,44 km,4.1,震度２,37.72166667,141.8333333
2022/12/27,9:09:34,千葉県南部,35°18.5′N,139°58.0′E,74 km,4,震度２,35.30833333,139.9666667
2022/12/27,19:55:09,栃木県北部,36°55.8′N,139°43.4′E,6 km,3,震度２,36.93,139.7233333
2022/12/27,23:48:14,宮城県沖,38°23.2′N,141°39.6′E,64 km,3.8,震度１,38.38666667,141.66
2022/12/28,3:51:17,福島県沖,37°45.6′N,141°47.8′E,55 km,4.6,震度２,37.76,141.7966667
2022/12/28,23:14:54,根室半島南東沖,43°18.3′N,145°53.1′E,93 km,3.8,震度１,43.305,145.885
2022/12/29,1:47:10,高知県東部,33°32.8′N,133°56.6′E,35 km,4.4,震度３,33.54666667,133.9433333
2022/12/29,4:11:03,天草灘,32°32.7′N,129°53.4′E,15 km,3.1,震度１,32.545,129.89
2022/12/29,9:36:03,奄美大島北東沖,29°14.9′N,130°35.7′E,70 km,4.8,震度２,29.24833333,130.595
2022/12/29,17:02:08,大阪府北部,34°56.1′N,135°31.9′E,15 km,3.5,震度２,34.935,135.5316667
2022/12/29,17:21:17,石川県能登地方,37°31.7′N,137°17.9′E,12 km,3.6,震度２,37.52833333,137.2983333
2022/12/29,22:22:27,種子島近海,30°38.1′N,131°20.9′E,32 km,3.6,震度１,30.635,131.3483333
2022/12/29,22:43:39,与那国島近海,23°59.6′N,122°38.2′E,29 km,4.3,震度１,23.99333333,122.6366667
2022/12/30,4:28:41,徳島県南部,33°54.6′N,134°22.9′E,6 km,2.6,震度１,33.91,134.3816667
2022/12/30,5:26:49,群馬県南部,36°16.8′N,138°50.2′E,10 km,2.1,震度１,36.28,138.8366667
2022/12/30,10:18:37,大阪府北部,34°56.2′N,135°31.9′E,15 km,2.8,震度１,34.93666667,135.5316667
2022/12/30,15:45:05,紀伊水道,33°43.0′N,134°57.6′E,40 km,3.4,震度１,33.71666667,134.96
2022/12/30,23:10:07,茨城県南部,36°08.6′N,139°50.3′E,53 km,3.9,震度２,36.14333333,139.8383333
2022/12/31,1:44:54,父島近海,26°51.0′N,142°44.0′E,51 km,4.4,震度１,26.85,142.7333333
2022/12/31,7:03:58,和歌山県北部,34°05.7′N,135°11.6′E,4 km,2.1,震度１,34.095,135.1933333
2022/12/31,12:11:19,福島県沖,37°42.0′N,141°33.8′E,53 km,3.8,震度１,37.7,141.5633333
2022/12/31,12:49:26,青森県下北地方,41°08.6′N,141°20.3′E,8 km,2.5,震度１,41.14333333,141.3383333
2022/12/31,15:51:04,和歌山県北部,34°01.7′N,135°14.3′E,4 km,1.2,震度１,34.02833333,135.2383333
