date,time,epicenter,緯度,経度,depth,magnitude,maxshindo,lat,lng
2023/1/1,3:06:33,岐阜県美濃中西部,35°44.6′N,136°49.2′E,10 km,2.9,震度１,35.74333333,136.82
2023/1/1,22:59:11,奄美大島近海,28°08.5′N,129°30.0′E,37 km,3.5,震度１,28.14166667,129.5
2023/1/2,14:20:35,浦河沖,41°59.5′N,142°31.5′E,66 km,4.2,震度２,41.99166667,142.525
2023/1/3,0:37:14,日向灘,31°48.8′N,131°36.4′E,33 km,3.5,震度２,31.81333333,131.6066667
2023/1/3,3:22:50,千島列島,45°16.4′N,150°39.1′E,117 km,5.4,震度１,45.27333333,150.6516667
2023/1/3,3:47:26,茨城県南部,36°02.6′N,139°54.6′E,87 km,4,震度２,36.04333333,139.91
2023/1/3,12:54:48,千葉県東方沖,35°38.8′N,141°01.5′E,26 km,4.2,震度１,35.64666667,141.025
2023/1/3,14:22:50,広島県南西部,34°16.9′N,132°33.0′E,19 km,2.7,震度１,34.28166667,132.55
2023/1/3,16:08:35,岩手県沖,40°08.8′N,142°36.9′E,37 km,5.1,震度３,40.14666667,142.615
2023/1/4,6:34:51,福井県嶺北,35°55.3′N,136°43.5′E,11 km,2.6,震度１,35.92166667,136.725
2023/1/4,8:19:50,宮城県沖,38°49.0′N,141°59.8′E,46 km,3.3,震度１,38.81666667,141.9966667
2023/1/4,16:18:52,岐阜県飛騨地方,36°03.2′N,137°26.1′E,3 km,2,震度１,36.05333333,137.435
2023/1/4,19:18:47,宮崎県南部山沿い,31°55.8′N,131°00.9′E,7 km,2.6,震度２,31.93,131.015
2023/1/4,19:45:56,上川地方北部,44°53.4′N,142°07.2′E,0 km,3.1,震度１,44.89,142.12
2023/1/4,23:39:23,茨城県南部,36°12.8′N,139°47.5′E,57 km,2.9,震度１,36.21333333,139.7916667
2023/1/5,16:53:33,浦河沖,42°07.7′N,142°06.8′E,115 km,4,震度１,42.12833333,142.1133333
2023/1/5,18:36:37,石川県能登地方,37°31.1′N,137°17.1′E,12 km,3.1,震度１,37.51833333,137.285
2023/1/6,5:21:55,千葉県北東部,35°52.0′N,140°27.0′E,46 km,3,震度１,35.86666667,140.45
2023/1/6,6:23:35,和歌山県北部,34°07.7′N,135°21.2′E,6 km,1.9,震度１,34.12833333,135.3533333
2023/1/6,10:41:52,宮城県沖,38°19.5′N,141°34.2′E,56 km,3.5,震度１,38.325,141.57
2023/1/6,13:44:04,石川県能登地方,37°30.3′N,137°16.4′E,13 km,4.5,震度４,37.505,137.2733333
2023/1/6,15:41:32,福島県沖,37°48.4′N,141°46.3′E,67 km,3.8,震度１,37.80666667,141.7716667
2023/1/6,23:53:16,石川県能登地方,37°29.5′N,137°13.0′E,12 km,3.9,震度３,37.49166667,137.2166667
2023/1/7,7:09:46,福島県会津,37°02.0′N,139°21.6′E,6 km,1.6,震度１,37.03333333,139.36
2023/1/7,7:27:31,釧路沖,42°18.6′N,144°55.1′E,33 km,4.2,震度１,42.31,144.9183333
2023/1/7,7:56:23,浦河沖,42°02.4′N,142°34.5′E,63 km,3.6,震度１,42.04,142.575
2023/1/7,23:42:37,福島県沖,37°23.6′N,141°37.9′E,44 km,4.5,震度２,37.39333333,141.6316667
2023/1/8,10:16:25,福島県沖,37°02.2′N,141°23.7′E,40 km,4.6,震度３,37.03666667,141.395
2023/1/8,13:16:40,茨城県沖,36°44.7′N,140°55.2′E,55 km,3.5,震度２,36.745,140.92
2023/1/9,21:28:47,釧路沖,42°56.1′N,145°11.2′E,85 km,3.7,震度１,42.935,145.1866667
2023/1/10,17:04:44,宮城県沖,38°37.3′N,141°54.0′E,47 km,3.8,震度１,38.62166667,141.9
2023/1/10,17:56:22,岩手県沖,39°06.4′N,142°07.4′E,45 km,3.4,震度１,39.10666667,142.1233333
2023/1/11,3:22:41,福島県中通り,37°04.4′N,140°26.9′E,8 km,2.7,震度１,37.07333333,140.4483333
2023/1/11,11:23:07,石川県能登地方,37°27.9′N,137°16.1′E,8 km,2.1,震度１,37.465,137.2683333
2023/1/11,12:19:45,神奈川県西部,35°25.5′N,139°04.0′E,13 km,4.1,震度３,35.425,139.0666667
2023/1/11,16:24:29,宮城県北部,38°53.8′N,141°37.3′E,77 km,3.6,震度１,38.89666667,141.6216667
2023/1/12,1:19:40,千葉県東方沖,35°25.4′N,141°01.8′E,26 km,4.7,震度２,35.42333333,141.03
2023/1/12,9:37:41,奄美大島近海,28°29.2′N,129°26.9′E,16 km,3.4,震度１,28.48666667,129.4483333
2023/1/12,10:55:29,新島・神津島近海,34°16.4′N,139°15.2′E,9 km,2.2,震度１,34.27333333,139.2533333
2023/1/12,10:59:08,新島・神津島近海,34°16.4′N,139°15.1′E,9 km,2.4,震度１,34.27333333,139.2516667
2023/1/12,11:18:53,和歌山県北部,34°13.2′N,135°09.4′E,5 km,1.6,震度１,34.22,135.1566667
2023/1/12,15:46:57,苫小牧沖,42°12.1′N,141°16.4′E,104 km,3.6,震度１,42.20166667,141.2733333
2023/1/12,20:40:21,岩手県内陸北部,40°08.7′N,141°20.9′E,88 km,2.9,震度１,40.145,141.3483333
2023/1/12,20:56:53,新島・神津島近海,34°16.4′N,139°15.2′E,9 km,2.4,震度１,34.27333333,139.2533333
2023/1/12,21:11:19,新島・神津島近海,34°16.5′N,139°14.6′E,10 km,2.3,震度１,34.275,139.2433333
2023/1/13,0:22:00,上川地方中部,43°57.8′N,142°21.1′E,0 km,3.1,震度２,43.96333333,142.3516667
2023/1/13,3:58:40,茨城県沖,36°26.0′N,140°39.4′E,53 km,3.4,震度２,36.43333333,140.6566667
2023/1/13,4:04:49,青森県東方沖,40°40.2′N,142°09.4′E,53 km,3.4,震度１,40.67,142.1566667
2023/1/13,6:14:00,石川県能登地方,37°30.0′N,137°16.5′E,13 km,4.1,震度２,37.5,137.275
2023/1/13,15:22:08,紀伊水道,34°07.3′N,135°06.7′E,8 km,2.6,震度１,34.12166667,135.1116667
2023/1/13,20:01:32,石川県能登地方,37°27.9′N,137°16.0′E,9 km,3,震度２,37.465,137.2666667
2023/1/14,0:02:37,台湾付近,23°56.6′N,122°20.2′E,23 km,4.9,震度１,23.94333333,122.3366667
2023/1/14,2:16:36,トカラ列島近海,29°37.3′N,129°37.8′E,12 km,2.6,震度１,29.62166667,129.63
2023/1/14,2:29:54,茨城県南部,36°00.2′N,140°16.0′E,41 km,3.2,震度１,36.00333333,140.2666667
2023/1/14,4:38:34,茨城県南部,36°01.1′N,140°23.4′E,32 km,3.1,震度１,36.01833333,140.39
2023/1/14,10:22:33,石川県能登地方,37°29.9′N,137°16.6′E,14 km,3.5,震度２,37.49833333,137.2766667
2023/1/14,14:31:37,上川地方中部,43°57.7′N,142°21.3′E,0 km,2.7,震度１,43.96166667,142.355
2023/1/14,16:59:38,トカラ列島近海,29°37.7′N,129°34.2′E,12 km,2.1,震度１,29.62833333,129.57
2023/1/14,20:50:16,奄美大島近海,27°34.2′N,128°51.1′E,17 km,3.5,震度２,27.57,128.8516667
2023/1/15,4:05:38,トカラ列島近海,29°37.9′N,129°36.3′E,12 km,3.4,震度２,29.63166667,129.605
2023/1/15,4:10:51,トカラ列島近海,29°36.4′N,129°38.9′E,14 km,2.2,震度１,29.60666667,129.6483333
2023/1/15,8:11:04,トカラ列島近海,29°35.9′N,129°40.8′E,13 km,2.5,震度１,29.59833333,129.68
2023/1/15,8:49:10,宮崎県北部山沿い,32°28.2′N,131°28.7′E,15 km,2.6,震度１,32.47,131.4783333
2023/1/15,10:09:41,熊本県阿蘇地方,32°59.0′N,131°06.9′E,7 km,2.9,震度２,32.98333333,131.115
2023/1/15,13:42:13,鳥島近海,29°55.6′N,139°28.5′E,410 km,5.4,震度１,29.92666667,139.475
2023/1/15,20:37:33,宮古島近海,25°06.8′N,125°50.8′E,30 km,5.3,震度２,25.11333333,125.8466667
2023/1/15,20:50:44,茨城県南部,36°00.4′N,140°09.2′E,61 km,3.3,震度１,36.00666667,140.1533333
2023/1/15,22:42:55,石川県能登地方,37°30.2′N,137°17.0′E,13 km,2.2,震度１,37.50333333,137.2833333
2023/1/16,1:25:26,青森県東方沖,41°06.1′N,142°26.1′E,46 km,4.5,震度２,41.10166667,142.435
2023/1/16,2:00:24,沖縄本島近海,26°17.5′N,126°56.7′E,62 km,3.4,震度１,26.29166667,126.945
2023/1/16,3:37:56,トカラ列島近海,29°36.1′N,129°37.8′E,13 km,2.5,震度１,29.60166667,129.63
2023/1/16,12:17:23,周防灘,33°54.8′N,131°19.0′E,12 km,3.1,震度２,33.91333333,131.3166667
2023/1/16,13:49:51,小笠原諸島西方沖,28°58.8′N,139°44.0′E,422 km,5.9,震度３,28.98,139.7333333
2023/1/16,21:10:24,釧路地方中南部,43°19.6′N,144°30.3′E,122 km,3.8,震度１,43.32666667,144.505
2023/1/17,2:14:56,上川地方北部,43°58.0′N,142°21.0′E,0 km,2.6,震度１,43.96666667,142.35
2023/1/17,10:22:40,宮崎県北部山沿い,32°28.2′N,131°28.8′E,15 km,2.9,震度１,32.47,131.48
2023/1/17,10:26:50,宮崎県北部山沿い,32°28.3′N,131°28.8′E,15 km,2.5,震度１,32.47166667,131.48
2023/1/17,16:37:55,上川地方北部,43°58.1′N,142°20.9′E,0 km,4.5,震度３,43.96833333,142.3483333
2023/1/17,21:59:28,種子島南東沖,30°00.4′N,131°16.8′E,24 km,4.3,震度１,30.00666667,131.28
2023/1/18,1:34:32,岩手県沿岸北部,39°45.5′N,141°49.9′E,58 km,3.3,震度１,39.75833333,141.8316667
2023/1/18,3:16:25,上川地方中部,43°57.8′N,142°21.2′E,0 km,3.3,震度２,43.96333333,142.3533333
2023/1/18,11:46:16,和歌山県北部,33°55.4′N,135°08.8′E,6 km,2.3,震度１,33.92333333,135.1466667
2023/1/18,12:26:34,宮古島近海,24°48.3′N,125°23.2′E,50 km,4.2,震度２,24.805,125.3866667
2023/1/18,13:14:10,新潟県上中越沖,37°10.0′N,138°10.6′E,11 km,2.3,震度１,37.16666667,138.1766667
2023/1/18,13:33:22,宮古島近海,24°51.1′N,124°59.7′E,14 km,4.6,震度３,24.85166667,124.995
2023/1/18,14:29:51,宮城県沖,38°14.2′N,141°43.1′E,52 km,3.3,震度１,38.23666667,141.7183333
2023/1/18,18:54:28,宮古島近海,24°51.3′N,124°59.9′E,11 km,3.6,震度１,24.855,124.9983333
2023/1/19,10:41:41,父島近海,26°08.1′N,143°20.1′E,15 km,4.7,震度１,26.135,143.335
2023/1/19,15:30:46,日向灘,32°28.0′N,132°03.1′E,34 km,3.6,震度１,32.46666667,132.0516667
2023/1/19,16:28:25,茨城県沖,36°26.6′N,141°10.5′E,38 km,3.8,震度１,36.44333333,141.175
2023/1/19,17:07:00,福島県沖,37°27.6′N,141°32.9′E,46 km,3.5,震度１,37.46,141.5483333
2023/1/19,21:24:39,青森県東方沖,41°15.8′N,142°38.3′E,28 km,3.8,震度１,41.26333333,142.6383333
2023/1/20,1:11:02,茨城県沖,36°29.4′N,140°52.8′E,29 km,2.9,震度１,36.49,140.88
2023/1/20,7:29:29,広島県北部,35°01.7′N,132°53.9′E,11 km,3.3,震度２,35.02833333,132.8983333
2023/1/20,14:48:27,宮城県沖,38°52.9′N,142°05.6′E,46 km,5,震度３,38.88166667,142.0933333
2023/1/20,19:16:27,父島近海,26°58.6′N,142°37.9′E,65 km,4,震度１,26.97666667,142.6316667
2023/1/20,20:13:49,岩手県内陸南部,38°53.1′N,141°04.2′E,125 km,3.8,震度１,38.885,141.07
2023/1/21,3:05:41,福島県沖,37°41.5′N,141°37.0′E,60 km,4.3,震度２,37.69166667,141.6166667
2023/1/21,12:07:27,奄美大島北東沖,29°20.8′N,129°54.4′E,50 km,3.5,震度１,29.34666667,129.9066667
2023/1/21,14:18:23,熊本県阿蘇地方,32°59.1′N,131°06.8′E,7 km,2.7,震度１,32.985,131.1133333
2023/1/21,20:14:29,福島県沖,37°08.7′N,141°30.2′E,41 km,4,震度２,37.145,141.5033333
2023/1/21,22:41:09,茨城県北部,36°23.1′N,140°37.5′E,53 km,3.6,震度２,36.385,140.625
2023/1/22,0:25:36,石川県能登地方,37°29.6′N,137°17.1′E,11 km,2.1,震度１,37.49333333,137.285
2023/1/22,9:22:11,宮城県沖,38°32.4′N,141°43.3′E,53 km,3.5,震度１,38.54,141.7216667
2023/1/22,10:58:56,奄美大島近海,28°06.2′N,130°22.7′E,35 km,3.6,震度２,28.10333333,130.3783333
2023/1/22,11:13:26,有明海,32°44.4′N,130°35.5′E,12 km,2.8,震度１,32.74,130.5916667
2023/1/22,13:40:43,石川県能登地方,37°29.8′N,137°18.0′E,11 km,2.7,震度１,37.49666667,137.3
2023/1/22,22:16:22,根室半島南東沖,42°40.7′N,146°34.4′E,36 km,4.2,震度１,42.67833333,146.5733333
2023/1/22,23:27:59,能登半島沖,37°32.0′N,137°18.2′E,12 km,2.7,震度１,37.53333333,137.3033333
2023/1/23,13:35:08,宮古島近海,24°16.4′N,125°10.6′E,35 km,4.3,震度１,24.27333333,125.1766667
2023/1/23,18:02:43,奄美大島近海,28°07.8′N,129°11.6′E,31 km,3.2,震度１,28.13,129.1933333
2023/1/24,4:57:01,熊本県熊本地方,32°42.6′N,130°37.8′E,12 km,2.4,震度１,32.71,130.63
2023/1/24,5:02:14,茨城県北部,36°26.9′N,140°36.6′E,55 km,3.3,震度１,36.44833333,140.61
2023/1/24,6:28:15,茨城県北部,36°46.3′N,140°34.4′E,9 km,2.8,震度１,36.77166667,140.5733333
2023/1/25,7:57:55,伊予灘,33°43.1′N,132°36.3′E,41 km,3.1,震度１,33.71833333,132.605
2023/1/25,10:00:51,福島県沖,37°35.4′N,141°34.8′E,55 km,5.1,震度４,37.59,141.58
2023/1/25,14:17:44,茨城県南部,36°06.4′N,139°52.3′E,48 km,3.6,震度２,36.10666667,139.8716667
2023/1/25,19:18:03,石川県能登地方,37°30.9′N,137°15.0′E,11 km,2.9,震度１,37.515,137.25
2023/1/25,22:26:04,有明海,32°47.7′N,130°32.8′E,11 km,3,震度１,32.795,130.5466667
2023/1/26,10:51:09,神奈川県東部,35°23.7′N,139°21.0′E,21 km,2.5,震度１,35.395,139.35
2023/1/27,10:51:28,父島近海,26°59.3′N,142°37.4′E,64 km,,震度１,26.98833333,142.6233333
2023/1/27,13:28:05,福島県沖,37°07.8′N,141°26.4′E,43 km,3.6,震度１,37.13,141.44
2023/1/27,13:49:54,岐阜県美濃中西部,35°17.4′N,136°28.4′E,8 km,3,震度１,35.29,136.4733333
2023/1/27,13:51:00,岐阜県美濃中西部,35°17.5′N,136°28.4′E,7 km,2.8,震度１,35.29166667,136.4733333
2023/1/27,15:03:43,福島県沖,37°49.0′N,141°35.6′E,53 km,4,震度２,37.81666667,141.5933333
2023/1/29,9:18:56,和歌山県北部,33°57.5′N,135°09.1′E,7 km,2.7,震度１,33.95833333,135.1516667
2023/1/29,12:07:21,茨城県北部,36°15.9′N,140°28.3′E,52 km,2.7,震度１,36.265,140.4716667
2023/1/29,21:19:48,神奈川県西部,35°21.0′N,139°14.6′E,144 km,4.9,震度３,35.35,139.2433333
2023/1/30,9:32:10,栃木県南部,36°20.7′N,139°54.3′E,75 km,3.6,震度１,36.345,139.905
2023/1/30,18:16:34,富山県西部,36°27.3′N,136°48.8′E,13 km,3.4,震度２,36.455,136.8133333
2023/1/31,4:15:43,宮城県沖,37°51.0′N,142°00.2′E,36 km,4.3,震度２,37.85,142.0033333
2023/2/1,8:58:16,沖縄本島近海,26°31.7′N,127°05.5′E,75 km,3.1,震度１,26.52833333,127.0916667
2023/2/2,11:57:20,根室半島南東沖,43°21.1′N,146°01.2′E,93 km,3.9,震度１,43.35166667,146.02
2023/2/2,18:18:23,宮城県沖,38°54.6′N,142°06.8′E,44 km,3.4,震度１,38.91,142.1133333
2023/2/3,1:33:47,父島近海,27°00.5′N,142°21.2′E,77 km,3.8,震度１,27.00833333,142.3533333
2023/2/3,2:58:24,宮城県沖,38°39.0′N,141°48.4′E,48 km,3.8,震度２,38.65,141.8066667
2023/2/5,16:13:25,埼玉県南部,35°55.8′N,139°48.1′E,82 km,3.3,震度１,35.93,139.8016667
2023/2/6,3:53:02,福島県沖,37°32.1′N,141°26.1′E,53 km,3.8,震度１,37.535,141.435
2023/2/6,5:52:15,熊本県熊本地方,32°42.1′N,130°42.0′E,13 km,2.9,震度２,32.70166667,130.7
2023/2/6,14:21:50,静岡県伊豆地方,34°58.8′N,139°01.8′E,3 km,1.7,震度１,34.98,139.03
2023/2/7,1:55:03,福島県沖,37°41.7′N,141°31.3′E,54 km,3.7,震度１,37.695,141.5216667
2023/2/7,7:50:52,日向灘,32°01.8′N,131°58.4′E,24 km,3.4,震度１,32.03,131.9733333
2023/2/7,9:58:38,和歌山県北部,34°05.5′N,135°15.2′E,6 km,2.5,震度１,34.09166667,135.2533333
2023/2/7,18:41:06,茨城県北部,36°34.4′N,140°17.5′E,107 km,3.8,震度２,36.57333333,140.2916667
2023/2/7,20:42:28,石垣島近海,24°21.4′N,124°08.3′E,45 km,3.8,震度１,24.35666667,124.1383333
2023/2/8,15:39:01,釧路沖,42°57.2′N,145°27.1′E,46 km,4.3,震度２,42.95333333,145.4516667
2023/2/8,15:47:49,栃木県北部,36°39.1′N,139°27.9′E,4 km,2.5,震度１,36.65166667,139.465
2023/2/8,17:26:04,石川県能登地方,37°30.5′N,137°12.4′E,12 km,2.9,震度１,37.50833333,137.2066667
2023/2/8,18:02:23,熊本県熊本地方,32°44.9′N,130°43.8′E,10 km,2.3,震度１,32.74833333,130.73
2023/2/8,19:33:24,和歌山県北部,34°04.6′N,135°09.8′E,9 km,2.2,震度１,34.07666667,135.1633333
2023/2/8,21:30:15,留萌地方中北部,44°49.4′N,141°50.2′E,24 km,3.4,震度３,44.82333333,141.8366667
2023/2/9,0:33:09,岐阜県美濃中西部,35°34.8′N,136°25.0′E,9 km,2.5,震度１,35.58,136.4166667
2023/2/9,3:16:35,浦河沖,42°06.5′N,142°46.8′E,43 km,3.6,震度１,42.10833333,142.78
2023/2/9,14:59:10,和歌山県北部,34°02.2′N,135°17.9′E,9 km,2.9,震度２,34.03666667,135.2983333
2023/2/9,16:19:41,熊本県熊本地方,32°45.4′N,130°52.8′E,10 km,3.9,震度３,32.75666667,130.88
2023/2/9,18:01:35,宮城県北部,38°37.2′N,141°26.5′E,104 km,3.5,震度１,38.62,141.4416667
2023/2/9,19:23:11,青森県東方沖,40°57.3′N,142°55.3′E,25 km,4.1,震度１,40.955,142.9216667
2023/2/9,22:16:22,長野県南部,35°53.1′N,137°36.7′E,6 km,2.7,震度２,35.885,137.6116667
2023/2/10,3:30:23,宗谷地方北部,45°03.3′N,141°43.7′E,287 km,4.7,震度１,45.055,141.7283333
2023/2/10,5:14:28,群馬県南部,36°32.7′N,139°23.3′E,6 km,2.7,震度１,36.545,139.3883333
2023/2/10,11:01:28,鳥取県西部,35°19.2′N,133°18.0′E,11 km,3.6,震度２,35.32,133.3
2023/2/10,17:05:14,新島・神津島近海,34°28.1′N,139°14.6′E,10 km,2.3,震度１,34.46833333,139.2433333
2023/2/11,2:25:53,石川県能登地方,37°31.9′N,137°17.5′E,12 km,2.6,震度１,37.53166667,137.2916667
2023/2/11,12:16:35,根室半島南東沖,43°07.5′N,146°11.1′E,44 km,3.6,震度１,43.125,146.185
2023/2/11,16:38:00,熊本県熊本地方,32°45.8′N,130°44.8′E,11 km,3.3,震度３,32.76333333,130.7466667
2023/2/11,19:41:11,熊本県熊本地方,32°45.8′N,130°46.0′E,8 km,2.9,震度２,32.76333333,130.7666667
2023/2/11,19:57:52,熊本県熊本地方,32°45.7′N,130°46.0′E,8 km,2.1,震度１,32.76166667,130.7666667
2023/2/12,15:46:19,岡山県北部,35°08.0′N,134°19.5′E,6 km,2.6,震度１,35.13333333,134.325
2023/2/12,22:46:12,豊後水道,33°04.1′N,132°04.2′E,13 km,3.6,震度２,33.06833333,132.07
2023/2/13,1:13:48,父島近海,26°27.2′N,141°54.9′E,52 km,,震度１,26.45333333,141.915
2023/2/13,3:44:32,岩手県沿岸北部,40°23.1′N,141°43.9′E,107 km,4,震度１,40.385,141.7316667
2023/2/13,5:44:23,秋田県内陸南部,39°40.2′N,140°43.7′E,7 km,3.5,震度２,39.67,140.7283333
2023/2/13,10:02:43,福島県沖,37°42.7′N,141°32.2′E,54 km,4.8,震度３,37.71166667,141.5366667
2023/2/13,20:43:25,種子島近海,30°13.7′N,130°35.4′E,50 km,3.4,震度１,30.22833333,130.59
2023/2/14,1:41:55,千葉県北西部,35°38.4′N,140°04.0′E,70 km,3.2,震度１,35.64,140.0666667
2023/2/14,2:24:44,熊本県熊本地方,32°45.8′N,130°44.7′E,10 km,2.5,震度１,32.76333333,130.745
2023/2/14,3:05:12,千葉県東方沖,35°36.9′N,140°47.9′E,15 km,3,震度１,35.615,140.7983333
2023/2/14,3:18:55,釧路沖,42°29.0′N,145°04.0′E,26 km,4.7,震度２,42.48333333,145.0666667
2023/2/14,11:11:37,富山県東部,36°28.3′N,137°36.0′E,0 km,2.8,震度１,36.47166667,137.6
2023/2/14,23:01:50,新潟県下越沖,37°53.0′N,138°39.0′E,20 km,3.8,震度２,37.88333333,138.65
2023/2/15,8:28:33,福島県沖,37°04.4′N,141°13.5′E,59 km,3.6,震度１,37.07333333,141.225
2023/2/15,10:27:17,宮城県沖,38°44.7′N,142°13.0′E,45 km,4,震度２,38.745,142.2166667
2023/2/16,8:21:18,瀬戸内海中部,34°15.9′N,133°00.9′E,14 km,2.5,震度１,34.265,133.015
2023/2/17,6:18:00,長野県南部,35°32.1′N,138°01.0′E,16 km,2.8,震度１,35.535,138.0166667
2023/2/17,10:46:33,沖縄本島近海,26°32.9′N,128°44.5′E,24 km,5.3,震度２,26.54833333,128.7416667
2023/2/17,12:59:48,岩手県沖,40°06.6′N,142°24.7′E,5 km,4.4,震度２,40.11,142.4116667
2023/2/17,19:38:46,福岡県北西沖,34°04.1′N,130°24.7′E,16 km,4.3,震度３,34.06833333,130.4116667
2023/2/18,4:08:41,北海道東方沖,43°45.0′N,147°08.5′E,0 km,4.4,震度１,43.75,147.1416667
2023/2/19,17:40:34,宮城県沖,38°20.8′N,141°39.7′E,52 km,3.4,震度１,38.34666667,141.6616667
2023/2/19,17:50:19,福島県沖,37°06.5′N,141°06.8′E,52 km,4,震度３,37.10833333,141.1133333
2023/2/20,3:55:44,十勝地方中部,42°46.8′N,143°11.7′E,118 km,4.9,震度３,42.78,143.195
2023/2/20,8:56:56,宮城県沖,38°18.0′N,141°34.8′E,55 km,3.8,震度１,38.3,141.58
2023/2/20,14:46:56,大分県南部,32°46.7′N,131°52.7′E,49 km,3.4,震度２,32.77833333,131.8783333
2023/2/20,15:34:13,長野県北部,36°41.7′N,138°23.9′E,2 km,3.3,震度２,36.695,138.3983333
2023/2/21,7:47:43,石川県能登地方,37°30.5′N,137°13.6′E,13 km,3.2,震度２,37.50833333,137.2266667
2023/2/21,8:39:18,千葉県北東部,35°24.4′N,140°21.8′E,29 km,3.3,震度２,35.40666667,140.3633333
2023/2/21,14:41:52,和歌山県北部,34°06.1′N,135°13.1′E,5 km,2.2,震度１,34.10166667,135.2183333
2023/2/21,22:53:48,石川県能登地方,37°31.5′N,137°16.4′E,12 km,4.1,震度３,37.525,137.2733333
2023/2/21,23:02:16,石川県能登地方,37°31.3′N,137°16.4′E,11 km,2.7,震度１,37.52166667,137.2733333
2023/2/22,2:00:22,石垣島北西沖,25°02.8′N,123°21.4′E,133 km,4.4,震度１,25.04666667,123.3566667
2023/2/22,5:38:13,浦河沖,42°04.9′N,142°41.2′E,52 km,3.5,震度１,42.08166667,142.6866667
2023/2/22,9:32:18,岩手県沖,39°42.4′N,142°07.9′E,48 km,3.2,震度１,39.70666667,142.1316667
2023/2/22,15:35:00,兵庫県南西部,34°50.4′N,134°44.2′E,15 km,3,震度１,34.84,134.7366667
2023/2/23,23:40:46,長野県南部,35°50.7′N,137°34.4′E,4 km,2.5,震度１,35.845,137.5733333
2023/2/24,4:23:38,岩手県沖,39°38.1′N,142°06.5′E,49 km,3.7,震度１,39.635,142.1083333
2023/2/24,4:39:53,伊豆大島近海,34°33.5′N,139°16.6′E,6 km,2.1,震度１,34.55833333,139.2766667
2023/2/24,6:22:00,浦河沖,42°02.4′N,142°36.5′E,65 km,3.5,震度１,42.04,142.6083333
2023/2/24,13:17:21,釧路沖,42°55.8′N,145°25.5′E,44 km,3.4,震度１,42.93,145.425
2023/2/24,16:15:41,伊豆大島近海,34°33.3′N,139°16.8′E,5 km,2.1,震度１,34.555,139.28
2023/2/24,17:10:25,岩手県沿岸北部,39°45.5′N,141°50.7′E,58 km,3.6,震度１,39.75833333,141.845
2023/2/25,9:48:57,宮城県沖,38°54.4′N,142°07.6′E,44 km,3.8,震度２,38.90666667,142.1266667
2023/2/25,11:19:15,茨城県南部,36°03.4′N,139°55.7′E,45 km,3.4,震度１,36.05666667,139.9283333
2023/2/25,12:49:13,千葉県南東沖,34°53.6′N,140°02.6′E,68 km,3.9,震度１,34.89333333,140.0433333
2023/2/25,18:16:40,宮古島近海,24°36.9′N,124°55.5′E,61 km,4.3,震度２,24.615,124.925
2023/2/25,19:25:45,沖縄本島北西沖,27°07.8′N,126°39.7′E,29 km,4.9,震度３,27.13,126.6616667
2023/2/25,22:27:44,釧路沖,42°45.3′N,145°04.5′E,63 km,6,震度５弱,42.755,145.075
2023/2/26,3:04:04,宗谷地方北部,44°59.7′N,142°04.6′E,19 km,2.3,震度１,44.995,142.0766667
2023/2/26,9:28:59,能登半島沖,37°31.0′N,137°14.9′E,12 km,4,震度３,37.51666667,137.2483333
2023/2/26,12:53:32,石川県能登地方,37°30.9′N,137°14.8′E,12 km,3.5,震度２,37.515,137.2466667
2023/2/26,18:51:17,福島県沖,37°27.7′N,141°19.4′E,35 km,3.9,震度１,37.46166667,141.3233333
2023/2/27,3:58:55,択捉島付近,44°29.2′N,146°44.3′E,136 km,4.2,震度１,44.48666667,146.7383333
2023/2/27,10:23:05,福島県沖,37°23.4′N,141°45.1′E,40 km,3.9,震度１,37.39,141.7516667
2023/2/27,10:57:42,石川県能登地方,37°31.1′N,137°16.8′E,12 km,2.7,震度１,37.51833333,137.28
2023/2/27,11:45:19,種子島南東沖,30°07.0′N,131°20.6′E,24 km,3.9,震度１,30.11666667,131.3433333
2023/2/27,16:31:29,瀬戸内海中部,34°02.4′N,133°03.3′E,14 km,3,震度１,34.04,133.055
2023/2/28,3:56:08,宮城県沖,38°28.0′N,142°06.2′E,42 km,4.3,震度２,38.46666667,142.1033333
2023/2/28,11:50:18,石川県能登地方,37°29.4′N,137°18.0′E,11 km,2.3,震度１,37.49,137.3
2023/2/28,12:55:11,茨城県沖,35°53.7′N,140°52.2′E,40 km,4.5,震度３,35.895,140.87
2023/2/28,13:07:21,茨城県沖,35°53.5′N,140°52.1′E,40 km,3.3,震度１,35.89166667,140.8683333
2023/2/28,20:30:50,奄美大島近海,28°01.9′N,129°29.5′E,26 km,3.9,震度２,28.03166667,129.4916667
2023/3/1,0:48:04,千葉県北東部,35°44.1′N,140°37.3′E,49 km,4.1,震度２,35.735,140.6216667
2023/3/2,2:21:31,茨城県沖,35°58.0′N,140°48.2′E,85 km,3.5,震度１,35.96666667,140.8033333
2023/3/2,8:27:21,茨城県沖,36°14.8′N,141°00.7′E,40 km,3.5,震度１,36.24666667,141.0116667
2023/3/2,15:14:52,北海道東方沖,43°22.4′N,147°05.3′E,61 km,4.7,震度２,43.37333333,147.0883333
2023/3/2,15:21:20,宮城県沖,38°51.4′N,142°03.4′E,45 km,3.5,震度１,38.85666667,142.0566667
2023/3/2,15:47:40,八丈島近海,33°14.7′N,139°26.5′E,14 km,5,震度３,33.245,139.4416667
2023/3/2,15:51:25,和歌山県北部,34°12.6′N,135°16.1′E,5 km,2.8,震度１,34.21,135.2683333
2023/3/2,17:51:51,八丈島近海,33°14.8′N,139°28.8′E,18 km,3.9,震度１,33.24666667,139.48
2023/3/2,21:01:07,宮城県沖,38°51.1′N,142°22.1′E,44 km,3.8,震度１,38.85166667,142.3683333
2023/3/3,0:32:23,内浦湾,41°55.8′N,140°58.3′E,9 km,1.7,震度１,41.93,140.9716667
2023/3/3,11:10:25,福島県沖,37°42.6′N,141°32.2′E,53 km,3.8,震度１,37.71,141.5366667
2023/3/3,11:35:12,沖縄本島近海,26°30.5′N,127°12.9′E,21 km,3.2,震度１,26.50833333,127.215
2023/3/3,19:18:53,八丈島近海,33°14.3′N,139°28.4′E,16 km,3.8,震度２,33.23833333,139.4733333
2023/3/4,4:31:05,西表島付近,24°14.5′N,123°49.2′E,19 km,3.4,震度２,24.24166667,123.82
2023/3/4,8:54:45,千葉県北西部,35°41.8′N,140°08.6′E,68 km,3.3,震度１,35.69666667,140.1433333
2023/3/4,10:21:17,伊豆大島近海,34°48.0′N,139°16.9′E,12 km,2.8,震度２,34.8,139.2816667
2023/3/4,10:45:17,伊豆大島近海,34°47.7′N,139°15.8′E,8 km,3,震度２,34.795,139.2633333
2023/3/4,11:45:25,伊豆大島近海,34°47.7′N,139°16.8′E,11 km,2.4,震度１,34.795,139.28
2023/3/4,14:20:14,茨城県北部,36°41.2′N,140°36.3′E,10 km,2.8,震度１,36.68666667,140.605
2023/3/4,16:51:06,鹿児島県薩摩地方,32°00.0′N,130°11.1′E,10 km,2.9,震度１,32,130.185
2023/3/5,7:54:22,駿河湾,34°53.1′N,138°21.7′E,11 km,2.8,震度２,34.885,138.3616667
2023/3/5,17:12:53,新潟県上中越沖,37°27.4′N,137°51.5′E,24 km,3.7,震度１,37.45666667,137.8583333
2023/3/6,1:57:14,三宅島近海,34°10.2′N,139°18.9′E,14 km,3.4,震度１,34.17,139.315
2023/3/6,2:41:30,沖縄本島近海,26°19.7′N,127°44.7′E,16 km,3,震度１,26.32833333,127.745
2023/3/6,16:44:58,天草灘,31°59.7′N,130°10.8′E,11 km,2.8,震度１,31.995,130.18
2023/3/6,18:10:07,熊本県熊本地方,32°54.6′N,130°28.1′E,13 km,2.7,震度１,32.91,130.4683333
2023/3/7,7:24:47,釧路沖,42°20.7′N,144°35.5′E,20 km,5,震度３,42.345,144.5916667
2023/3/7,20:37:35,徳島県南部,33°47.5′N,134°08.4′E,8 km,2.3,震度１,33.79166667,134.14
2023/3/7,21:02:21,渡島地方東部,41°53.4′N,140°58.8′E,9 km,2.1,震度１,41.89,140.98
2023/3/7,21:13:28,愛知県東部,35°04.1′N,137°43.2′E,16 km,3.4,震度２,35.06833333,137.72
2023/3/8,22:48:49,茨城県南部,36°09.4′N,140°04.2′E,66 km,3.6,震度２,36.15666667,140.07
2023/3/9,1:55:01,秋田県内陸北部,39°58.6′N,140°25.5′E,6 km,2.4,震度１,39.97666667,140.425
2023/3/9,8:15:25,伊予灘,33°20.7′N,131°33.3′E,107 km,3.4,震度１,33.345,131.555
2023/3/9,17:17:23,紀伊水道,33°47.4′N,135°08.2′E,46 km,3.3,震度１,33.79,135.1366667
2023/3/9,23:14:09,千葉県南東沖,34°40.2′N,141°07.3′E,38 km,4.4,震度１,34.67,141.1216667
2023/3/10,13:57:07,胆振地方中東部,42°53.2′N,141°50.8′E,8 km,2.6,震度２,42.88666667,141.8466667
2023/3/10,18:42:27,千葉県南部,35°09.7′N,140°09.3′E,13 km,3.1,震度１,35.16166667,140.155
2023/3/11,5:12:40,日高地方東部,42°11.9′N,142°57.5′E,49 km,4.8,震度４,42.19833333,142.9583333
2023/3/11,5:13:46,千葉県北西部,35°44.0′N,139°58.5′E,63 km,4.3,震度３,35.73333333,139.975
2023/3/12,8:39:17,沖縄本島北西沖,26°47.2′N,126°54.8′E,91 km,4.3,震度２,26.78666667,126.9133333
2023/3/12,10:06:05,根室地方中部,43°29.7′N,145°06.4′E,130 km,3.8,震度１,43.495,145.1066667
2023/3/12,10:38:38,青森県東方沖,41°29.5′N,142°00.9′E,57 km,3.4,震度１,41.49166667,142.015
2023/3/12,20:21:10,神奈川県西部,35°18.3′N,139°09.4′E,12 km,2.9,震度２,35.305,139.1566667
2023/3/12,22:42:45,茨城県北部,36°46.6′N,140°34.0′E,9 km,3.5,震度１,36.77666667,140.5666667
2023/3/12,22:43:49,茨城県北部,36°46.7′N,140°33.9′E,8 km,3.3,震度１,36.77833333,140.565
2023/3/12,23:22:18,青森県三八上北地方,40°20.5′N,141°14.1′E,8 km,1.4,震度１,40.34166667,141.235
2023/3/13,5:25:35,岩手県沖,39°34.0′N,142°17.4′E,86 km,3.8,震度１,39.56666667,142.29
2023/3/13,19:03:15,長野県南部,35°54.2′N,137°36.9′E,9 km,2.4,震度１,35.90333333,137.615
2023/3/14,3:42:06,福井県嶺北,36°06.5′N,136°22.5′E,8 km,3,震度２,36.10833333,136.375
2023/3/14,4:03:16,石川県能登地方,37°30.6′N,137°12.8′E,11 km,3,震度１,37.51,137.2133333
2023/3/14,4:29:50,茨城県北部,36°46.3′N,140°33.4′E,7 km,4.2,震度２,36.77166667,140.5566667
2023/3/14,5:35:36,岩手県沿岸北部,39°49.2′N,141°43.3′E,70 km,4,震度２,39.82,141.7216667
2023/3/14,13:05:58,父島近海,26°36.3′N,142°33.0′E,3 km,4.4,震度２,26.605,142.55
2023/3/14,13:36:47,宮城県沖,37°52.3′N,141°45.5′E,58 km,4,震度１,37.87166667,141.7583333
2023/3/14,20:23:18,千葉県東方沖,35°41.1′N,140°49.9′E,27 km,3,震度１,35.685,140.8316667
2023/3/14,23:43:03,与那国島近海,24°20.5′N,122°58.4′E,48 km,3.5,震度１,24.34166667,122.9733333
2023/3/15,3:28:43,千葉県東方沖,35°41.2′N,140°50.1′E,27 km,3.3,震度１,35.68666667,140.835
2023/3/15,4:09:44,千葉県東方沖,35°41.2′N,140°49.9′E,27 km,2.9,震度１,35.68666667,140.8316667
2023/3/15,6:05:07,茨城県南部,36°05.2′N,139°55.6′E,46 km,4.1,震度３,36.08666667,139.9266667
2023/3/15,6:39:05,千葉県北西部,35°30.1′N,140°06.0′E,69 km,3.8,震度２,35.50166667,140.1
2023/3/15,20:22:47,和歌山県南部,33°54.0′N,135°31.4′E,28 km,2.8,震度１,33.9,135.5233333
2023/3/16,15:00:23,福島県会津,37°35.7′N,140°05.5′E,4 km,2.5,震度１,37.595,140.0916667
2023/3/18,13:40:13,福島県中通り,37°04.1′N,140°26.7′E,7 km,2.4,震度１,37.06833333,140.445
2023/3/18,18:01:41,石川県能登地方,37°30.2′N,137°13.0′E,12 km,2.9,震度１,37.50333333,137.2166667
2023/3/18,20:08:08,茨城県南部,36°19.0′N,140°01.3′E,73 km,3.8,震度２,36.31666667,140.0216667
2023/3/19,15:06:35,愛知県西部,35°12.4′N,137°24.8′E,46 km,3.1,震度２,35.20666667,137.4133333
2023/3/19,17:18:45,能登半島沖,37°32.2′N,137°17.0′E,11 km,2.3,震度１,37.53666667,137.2833333
2023/3/19,20:00:46,福島県沖,37°49.7′N,141°45.5′E,62 km,4,震度１,37.82833333,141.7583333
2023/3/20,6:36:02,奄美大島近海,28°13.7′N,129°23.8′E,18 km,3.3,震度１,28.22833333,129.3966667
2023/3/20,10:37:06,石川県能登地方,37°28.1′N,137°11.9′E,12 km,3.4,震度２,37.46833333,137.1983333
2023/3/20,10:59:23,千葉県東方沖,35°30.5′N,140°56.4′E,35 km,4.6,震度２,35.50833333,140.94
2023/3/20,12:46:58,石川県能登地方,37°29.7′N,137°13.7′E,12 km,2.3,震度１,37.495,137.2283333
2023/3/21,1:22:56,和歌山県北部,34°08.7′N,135°17.6′E,5 km,2.2,震度１,34.145,135.2933333
2023/3/21,3:52:56,長野県中部,36°20.7′N,137°58.7′E,10 km,3.3,震度２,36.345,137.9783333
2023/3/21,6:28:40,日高地方東部,42°21.7′N,143°01.0′E,74 km,4.1,震度１,42.36166667,143.0166667
2023/3/22,3:19:47,岐阜県飛騨地方,35°59.5′N,137°19.0′E,8 km,2.2,震度１,35.99166667,137.3166667
2023/3/22,4:54:29,日向灘,32°14.6′N,132°07.3′E,19 km,3.9,震度１,32.24333333,132.1216667
2023/3/22,10:46:42,奄美大島北東沖,29°18.4′N,130°31.8′E,27 km,4.3,震度１,29.30666667,130.53
2023/3/22,16:37:00,岩手県沖,40°15.0′N,143°04.3′E,20 km,5.7,震度２,40.25,143.0716667
2023/3/22,17:23:45,岩手県沖,40°14.4′N,143°04.2′E,20 km,4.4,震度１,40.24,143.07
2023/3/23,4:32:03,福島県沖,37°03.1′N,141°17.7′E,21 km,4,震度１,37.05166667,141.295
2023/3/23,18:47:51,熊本県熊本地方,32°33.4′N,130°44.5′E,9 km,3.4,震度２,32.55666667,130.7416667
2023/3/23,20:29:27,熊本県熊本地方,32°33.3′N,130°44.4′E,9 km,2.7,震度１,32.555,130.74
2023/3/24,4:37:51,岐阜県飛騨地方,36°14.1′N,137°34.3′E,3 km,2.1,震度１,36.235,137.5716667
2023/3/24,8:16:43,島根県東部,35°16.7′N,133°07.8′E,10 km,2.9,震度１,35.27833333,133.13
2023/3/24,13:05:21,能登半島沖,37°31.2′N,137°13.4′E,13 km,3.1,震度１,37.52,137.2233333
2023/3/24,16:25:35,茨城県北部,36°25.1′N,140°18.3′E,83 km,4.7,震度４,36.41833333,140.305
2023/3/24,16:41:22,和歌山県北部,34°15.8′N,135°25.5′E,7 km,2.9,震度２,34.26333333,135.425
2023/3/24,17:20:09,福島県沖,37°48.7′N,141°45.9′E,66 km,4.3,震度２,37.81166667,141.765
2023/3/25,0:55:43,石川県能登地方,37°30.9′N,137°12.6′E,13 km,3.1,震度１,37.515,137.21
2023/3/25,7:14:32,豊後水道,33°10.0′N,132°18.3′E,46 km,3.5,震度２,33.16666667,132.305
2023/3/26,4:26:00,上川地方北部,44°50.7′N,142°06.7′E,4 km,2.4,震度１,44.845,142.1116667
2023/3/26,8:20:48,福島県沖,37°09.5′N,141°26.5′E,43 km,3.5,震度１,37.15833333,141.4416667
2023/3/26,23:33:04,宮城県沖,38°18.3′N,141°36.2′E,59 km,4.5,震度２,38.305,141.6033333
2023/3/27,0:04:21,宮城県沖,38°18.4′N,141°36.9′E,60 km,5.3,震度４,38.30666667,141.615
2023/3/27,20:03:30,福島県沖,37°10.9′N,141°26.8′E,43 km,3.8,震度２,37.18166667,141.4466667
2023/3/28,1:02:43,茨城県北部,36°41.9′N,140°35.1′E,10 km,2.9,震度１,36.69833333,140.585
2023/3/28,4:00:14,静岡県西部,34°40.8′N,137°44.1′E,31 km,3.1,震度１,34.68,137.735
2023/3/28,18:18:29,青森県東方沖,41°09.5′N,142°50.9′E,28 km,6.2,震度４,41.15833333,142.8483333
2023/3/29,3:48:16,石川県能登地方,37°31.0′N,137°18.4′E,13 km,4.1,震度３,37.51666667,137.3066667
2023/3/29,12:42:12,石川県能登地方,37°31.0′N,137°17.9′E,13 km,3.5,震度３,37.51666667,137.2983333
2023/3/29,17:39:12,石川県能登地方,37°31.0′N,137°18.0′E,13 km,3.4,震度３,37.51666667,137.3
2023/3/29,23:10:39,石川県能登地方,37°27.8′N,137°08.1′E,12 km,2.9,震度１,37.46333333,137.135
2023/3/29,23:40:23,石川県能登地方,37°28.0′N,137°08.1′E,12 km,3,震度１,37.46666667,137.135
2023/3/30,0:01:28,石川県能登地方,37°27.8′N,137°08.2′E,13 km,3.3,震度１,37.46333333,137.1366667
2023/3/30,3:06:59,石川県能登地方,37°27.6′N,137°08.3′E,13 km,2.7,震度１,37.46,137.1383333
2023/3/30,3:14:06,石川県能登地方,37°27.5′N,137°08.1′E,13 km,2.9,震度１,37.45833333,137.135
2023/3/30,6:44:11,父島近海,28°26.1′N,141°49.3′E,50 km,4.9,震度１,28.435,141.8216667
2023/3/31,6:31:39,和歌山県北部,33°56.9′N,135°25.1′E,55 km,3.3,震度１,33.94833333,135.4183333
2023/3/31,14:52:18,父島近海,26°58.4′N,142°15.2′E,80 km,5.7,震度２,26.97333333,142.2533333
2023/3/31,18:13:14,能登半島沖,37°32.4′N,137°13.7′E,12 km,2.8,震度１,37.54,137.2283333
2023/3/31,19:54:45,父島近海,26°58.0′N,142°26.6′E,73 km,,震度３,26.96666667,142.4433333
2023/4/1,0:29:39,青森県東方沖,41°09.3′N,142°51.9′E,28 km,4.8,震度２,41.155,142.865
2023/4/1,4:33:12,宮城県沖,38°39.8′N,142°08.5′E,44 km,4.2,震度２,38.66333333,142.1416667
2023/4/1,5:28:37,沖縄本島近海,27°26.7′N,128°39.3′E,43 km,3.1,震度１,27.445,128.655
2023/4/1,6:06:07,千葉県北東部,35°44.3′N,140°48.0′E,10 km,3.6,震度２,35.73833333,140.8
2023/4/1,7:46:02,トカラ列島近海,29°55.2′N,130°01.8′E,13 km,2.5,震度１,29.92,130.03
2023/4/1,18:41:13,新潟県下越沖,38°18.0′N,138°51.2′E,28 km,4.9,震度３,38.3,138.8533333
2023/4/1,18:44:59,新潟県下越沖,38°18.1′N,138°51.8′E,27 km,4,震度１,38.30166667,138.8633333
2023/4/1,19:03:51,長野県北部,36°41.6′N,138°24.4′E,3 km,2.2,震度１,36.69333333,138.4066667
2023/4/1,22:19:15,宮城県北部,38°41.0′N,141°03.4′E,13 km,2.4,震度１,38.68333333,141.0566667
2023/4/1,22:23:12,有明海,32°44.3′N,130°35.7′E,11 km,3.1,震度２,32.73833333,130.595
2023/4/1,22:48:25,福島県会津,37°39.8′N,140°02.2′E,6 km,2.8,震度１,37.66333333,140.0366667
2023/4/1,22:57:01,宮城県沖,38°10.6′N,141°42.4′E,52 km,3.8,震度２,38.17666667,141.7066667
2023/4/2,13:14:07,茨城県沖,36°20.1′N,141°29.5′E,29 km,4.4,震度１,36.335,141.4916667
2023/4/2,16:40:25,石川県能登地方,37°28.0′N,137°11.7′E,12 km,3,震度１,37.46666667,137.195
2023/4/2,17:34:26,茨城県北部,36°27.8′N,140°35.7′E,55 km,3.8,震度２,36.46333333,140.595
2023/4/2,22:07:43,父島近海,26°59.8′N,142°27.9′E,77 km,,震度１,26.99666667,142.465
2023/4/2,23:17:09,宮城県沖,38°19.2′N,141°39.3′E,61 km,4,震度１,38.32,141.655
2023/4/3,5:39:11,能登半島沖,37°31.4′N,137°13.7′E,14 km,2.7,震度１,37.52333333,137.2283333
2023/4/3,10:12:12,父島近海,26°56.0′N,142°47.2′E,40 km,,震度１,26.93333333,142.7866667
2023/4/3,14:48:18,父島近海,26°56.9′N,142°19.1′E,75 km,,震度１,26.94833333,142.3183333
2023/4/3,21:44:08,熊本県阿蘇地方,32°56.8′N,131°02.3′E,9 km,2.7,震度１,32.94666667,131.0383333
2023/4/4,6:41:24,父島近海,26°58.0′N,142°21.1′E,73 km,,震度２,26.96666667,142.3516667
2023/4/4,6:58:00,紀伊水道,34°09.5′N,135°07.0′E,8 km,2.5,震度１,34.15833333,135.1166667
2023/4/4,12:53:58,茨城県南部,36°08.8′N,140°19.9′E,96 km,3.3,震度１,36.14666667,140.3316667
2023/4/4,14:04:43,岐阜県飛騨地方,36°03.0′N,137°31.4′E,5 km,2,震度１,36.05,137.5233333
2023/4/4,16:07:25,父島近海,26°59.0′N,142°21.6′E,76 km,5.1,震度３,26.98333333,142.36
2023/4/4,16:11:18,宮城県沖,38°10.3′N,141°41.8′E,53 km,3.7,震度２,38.17166667,141.6966667
2023/4/4,19:50:09,父島近海,26°59.2′N,142°19.6′E,82 km,,震度１,26.98666667,142.3266667
2023/4/4,23:01:00,種子島近海,30°35.5′N,131°08.8′E,30 km,3.8,震度２,30.59166667,131.1466667
2023/4/5,0:15:41,釧路沖,42°45.4′N,145°04.3′E,60 km,4.2,震度２,42.75666667,145.0716667
2023/4/5,2:28:36,父島近海,26°57.1′N,142°31.8′E,67 km,,震度１,26.95166667,142.53
2023/4/5,4:03:43,四国沖,32°42.3′N,132°38.3′E,32 km,3.2,震度１,32.705,132.6383333
2023/4/5,6:24:17,愛知県西部,35°04.9′N,137°17.2′E,39 km,3.7,震度２,35.08166667,137.2866667
2023/4/5,8:33:12,トカラ列島近海,29°48.0′N,129°50.7′E,10 km,3,震度３,29.8,129.845
2023/4/5,14:06:27,千葉県北西部,35°29.8′N,140°03.0′E,84 km,3.6,震度１,35.49666667,140.05
2023/4/5,23:10:32,父島近海,26°57.8′N,142°18.2′E,76 km,,震度１,26.96333333,142.3033333
2023/4/6,12:57:12,父島近海,26°57.7′N,142°19.9′E,74 km,,震度１,26.96166667,142.3316667
2023/4/6,13:10:20,択捉島南東沖,44°02.3′N,147°54.3′E,72 km,4.6,震度１,44.03833333,147.905
2023/4/6,14:15:15,トカラ列島近海,29°56.7′N,130°01.1′E,11 km,2.2,震度１,29.945,130.0183333
2023/4/6,19:07:22,石川県能登地方,37°30.7′N,137°13.0′E,13 km,3.3,震度１,37.51166667,137.2166667
2023/4/7,7:09:16,父島近海,27°00.1′N,142°21.6′E,74 km,4.4,震度１,27.00166667,142.36
2023/4/7,13:46:33,熊本県熊本地方,32°32.0′N,130°40.7′E,9 km,3.8,震度３,32.53333333,130.6783333
2023/4/7,21:14:49,父島近海,26°59.3′N,142°20.2′E,82 km,4,震度１,26.98833333,142.3366667
2023/4/7,21:46:02,茨城県沖,36°45.1′N,141°16.5′E,75 km,4,震度２,36.75166667,141.275
2023/4/8,4:21:53,熊本県球磨地方,32°13.4′N,130°46.9′E,8 km,2.5,震度１,32.22333333,130.7816667
2023/4/8,5:57:49,福島県浜通り,37°04.5′N,140°58.4′E,88 km,3.6,震度１,37.075,140.9733333
2023/4/8,8:58:27,父島近海,26°58.9′N,142°21.5′E,80 km,,震度１,26.98166667,142.3583333
2023/4/8,15:01:26,埼玉県北部,36°03.8′N,139°28.1′E,60 km,3.6,震度２,36.06333333,139.4683333
2023/4/8,20:59:53,能登半島沖,37°31.8′N,137°14.8′E,13 km,3,震度１,37.53,137.2466667
2023/4/9,0:40:15,日高地方東部,42°20.7′N,142°59.4′E,55 km,3.8,震度１,42.345,142.99
2023/4/9,2:11:51,網走地方,43°45.4′N,143°57.3′E,11 km,2.7,震度２,43.75666667,143.955
2023/4/9,3:52:36,徳島県北部,34°02.5′N,134°29.0′E,6 km,2.3,震度１,34.04166667,134.4833333
2023/4/9,10:11:29,熊本県熊本地方,32°42.1′N,130°39.5′E,10 km,2.2,震度１,32.70166667,130.6583333
2023/4/9,11:51:49,愛知県西部,35°06.7′N,137°17.4′E,40 km,3.7,震度２,35.11166667,137.29
2023/4/10,3:45:38,与那国島近海,24°19.3′N,122°57.4′E,49 km,5,震度３,24.32166667,122.9566667
2023/4/10,4:11:56,釧路地方北部,43°37.1′N,144°25.5′E,3 km,2,震度１,43.61833333,144.425
2023/4/10,5:05:46,福島県中通り,37°12.6′N,140°31.4′E,81 km,3.1,震度１,37.21,140.5233333
2023/4/10,15:03:19,沖縄本島近海,26°19.1′N,127°19.4′E,53 km,3.3,震度１,26.31833333,127.3233333
2023/4/10,16:07:31,滋賀県北部,35°19.0′N,135°55.8′E,14 km,2.6,震度１,35.31666667,135.93
2023/4/10,20:05:32,石川県能登地方,37°28.0′N,137°09.8′E,13 km,3.2,震度１,37.46666667,137.1633333
2023/4/11,4:56:09,新潟県中越地方,37°21.7′N,138°44.8′E,23 km,2.3,震度１,37.36166667,138.7466667
2023/4/11,9:09:46,父島近海,26°57.8′N,142°30.8′E,73 km,,震度１,26.96333333,142.5133333
2023/4/12,0:38:10,十勝沖,42°35.2′N,143°42.1′E,99 km,4.3,震度２,42.58666667,143.7016667
2023/4/12,0:44:40,父島近海,26°59.3′N,141°40.9′E,59 km,,震度１,26.98833333,141.6816667
2023/4/12,5:10:49,千葉県北西部,35°39.4′N,140°06.5′E,70 km,3.9,震度２,35.65666667,140.1083333
2023/4/12,5:18:27,岐阜県美濃中西部,35°46.3′N,137°06.7′E,8 km,2.6,震度１,35.77166667,137.1116667
2023/4/12,12:54:54,島根県東部,35°10.3′N,132°44.6′E,8 km,3.9,震度３,35.17166667,132.7433333
2023/4/12,15:20:10,茨城県北部,36°36.8′N,140°25.3′E,71 km,3,震度１,36.61333333,140.4216667
2023/4/12,16:37:26,茨城県沖,36°25.3′N,140°48.3′E,26 km,2.8,震度１,36.42166667,140.805
2023/4/12,17:45:55,福島県沖,37°04.3′N,141°12.3′E,48 km,4,震度３,37.07166667,141.205
2023/4/13,5:28:56,茨城県沖,36°14.8′N,140°55.4′E,43 km,3.5,震度２,36.24666667,140.9233333
2023/4/13,6:54:44,和歌山県北部,34°01.9′N,135°14.6′E,3 km,2.3,震度２,34.03166667,135.2433333
2023/4/13,8:12:50,国後島付近,43°27.3′N,145°54.0′E,92 km,3.7,震度１,43.455,145.9
2023/4/13,15:35:38,十勝沖,42°35.3′N,143°41.9′E,97 km,3.6,震度１,42.58833333,143.6983333
2023/4/13,19:18:16,日高地方西部,42°44.1′N,142°20.9′E,131 km,3.3,震度１,42.735,142.3483333
2023/4/13,22:24:31,父島近海,26°58.2′N,142°30.5′E,67 km,,震度１,26.97,142.5083333
2023/4/13,23:33:32,愛知県西部,35°16.4′N,136°52.6′E,39 km,3.3,震度１,35.27333333,136.8766667
2023/4/14,2:36:35,能登半島沖,37°31.1′N,137°12.8′E,13 km,2.9,震度１,37.51833333,137.2133333
2023/4/14,3:08:38,長野県北部,36°48.7′N,138°40.2′E,3 km,2.5,震度２,36.81166667,138.67
2023/4/14,10:04:03,父島近海,26°57.0′N,142°35.0′E,63 km,,震度１,26.95,142.5833333
2023/4/14,11:10:34,福島県沖,37°38.0′N,141°31.2′E,54 km,3.7,震度１,37.63333333,141.52
2023/4/15,0:53:15,釧路沖,42°53.6′N,145°30.5′E,38 km,3.7,震度１,42.89333333,145.5083333
2023/4/15,0:59:29,岡山県北部,35°03.9′N,133°25.1′E,11 km,2.9,震度２,35.065,133.4183333
2023/4/15,7:25:17,千葉県東方沖,35°49.1′N,140°54.0′E,11 km,3,震度１,35.81833333,140.9
2023/4/15,9:23:37,根室半島南東沖,43°05.3′N,145°34.8′E,47 km,3.9,震度２,43.08833333,145.58
2023/4/15,11:40:52,岩手県沖,39°08.7′N,142°23.7′E,45 km,4.3,震度２,39.145,142.395
2023/4/16,15:14:34,紀伊水道,33°44.1′N,135°04.6′E,39 km,3.4,震度１,33.735,135.0766667
2023/4/16,17:42:02,トカラ列島近海,29°56.2′N,130°02.6′E,4 km,2.4,震度１,29.93666667,130.0433333
2023/4/16,20:48:19,大隅半島東方沖,31°26.7′N,131°27.8′E,37 km,3.4,震度１,31.445,131.4633333
2023/4/17,0:45:47,熊本県熊本地方,32°39.3′N,130°38.8′E,10 km,3.6,震度３,32.655,130.6466667
2023/4/17,2:25:07,福島県沖,37°10.7′N,141°23.9′E,46 km,4.8,震度４,37.17833333,141.3983333
2023/4/17,7:16:20,岐阜県飛騨地方,36°01.5′N,137°33.0′E,6 km,3.3,震度３,36.025,137.55
2023/4/17,7:29:46,石狩地方南部,42°59.3′N,141°30.4′E,13 km,2.2,震度１,42.98833333,141.5066667
2023/4/17,14:36:42,福島県沖,37°31.4′N,141°21.6′E,51 km,3.4,震度１,37.52333333,141.36
2023/4/18,7:17:40,宗谷地方北部,45°08.7′N,141°49.5′E,9 km,2.4,震度１,45.145,141.825
2023/4/18,17:03:14,沖縄本島近海,26°40.6′N,127°46.2′E,46 km,3.2,震度１,26.67666667,127.77
2023/4/18,21:56:10,トカラ列島近海,29°46.5′N,129°50.0′E,11 km,2.1,震度１,29.775,129.8333333
2023/4/19,9:37:57,石川県能登地方,37°28.0′N,137°11.8′E,12 km,3.1,震度１,37.46666667,137.1966667
2023/4/20,2:23:22,和歌山県北部,33°58.6′N,135°05.7′E,10 km,2.9,震度１,33.97666667,135.095
2023/4/20,9:42:04,父島近海,26°58.3′N,142°37.2′E,59 km,,震度１,26.97166667,142.62
2023/4/20,12:33:15,石川県能登地方,37°28.4′N,137°17.2′E,7 km,3.2,震度３,37.47333333,137.2866667
2023/4/21,3:07:18,大阪府北部,34°57.2′N,135°26.8′E,10 km,2.5,震度１,34.95333333,135.4466667
2023/4/21,13:46:41,長野県南部,35°57.1′N,137°34.7′E,4 km,1.8,震度１,35.95166667,137.5783333
2023/4/21,16:19:52,父島近海,26°59.0′N,142°15.1′E,84 km,,震度４,26.98333333,142.2516667
2023/4/21,17:16:16,岐阜県美濃中西部,35°26.0′N,136°45.8′E,11 km,3.3,震度２,35.43333333,136.7633333
2023/4/21,20:25:23,宮城県沖,38°39.7′N,141°55.5′E,61 km,3.4,震度１,38.66166667,141.925
2023/4/21,21:43:00,岩手県沖,40°16.8′N,142°27.3′E,34 km,3.7,震度１,40.28,142.455
2023/4/22,1:09:57,石垣島近海,24°53.7′N,123°27.3′E,107 km,4.4,震度１,24.895,123.455
2023/4/22,10:41:32,福島県沖,37°13.1′N,141°23.0′E,29 km,4.2,震度２,37.21833333,141.3833333
2023/4/22,14:30:26,茨城県北部,36°23.0′N,140°37.4′E,52 km,3.3,震度２,36.38333333,140.6233333
2023/4/22,19:42:42,渡島地方東部,41°48.2′N,141°09.7′E,5 km,2.5,震度２,41.80333333,141.1616667
2023/4/22,20:54:18,石川県能登地方,37°28.4′N,137°17.0′E,7 km,2.5,震度２,37.47333333,137.2833333
2023/4/23,12:29:53,岡山県北部,34°55.8′N,133°57.5′E,10 km,2.7,震度１,34.93,133.9583333
2023/4/23,21:45:56,和歌山県北部,34°01.6′N,135°15.3′E,5 km,2.5,震度２,34.02666667,135.255
2023/4/23,23:45:04,福島県会津,37°02.3′N,139°19.9′E,3 km,1.6,震度１,37.03833333,139.3316667
2023/4/24,0:42:43,宮城県沖,37°52.2′N,141°41.7′E,58 km,3.8,震度１,37.87,141.695
2023/4/24,1:09:48,茨城県沖,36°43.2′N,141°08.4′E,51 km,3.5,震度１,36.72,141.14
2023/4/24,6:22:04,愛媛県南予,33°28.2′N,132°42.1′E,41 km,3.6,震度１,33.47,132.7016667
2023/4/24,6:33:13,父島近海,26°19.7′N,142°19.1′E,47 km,,震度２,26.32833333,142.3183333
2023/4/24,11:35:41,和歌山県北部,34°01.6′N,135°15.1′E,5 km,2.4,震度２,34.02666667,135.2516667
2023/4/24,17:35:58,有明海,32°47.1′N,130°33.1′E,8 km,2.8,震度１,32.785,130.5516667
2023/4/25,0:29:56,愛知県西部,35°22.5′N,136°53.0′E,8 km,2.5,震度１,35.375,136.8833333
2023/4/25,8:31:45,日向灘,32°14.9′N,132°08.3′E,19 km,2.7,震度１,32.24833333,132.1383333
2023/4/25,14:31:56,福島県会津,37°02.3′N,139°22.3′E,7 km,2.2,震度２,37.03833333,139.3716667
2023/4/25,21:59:58,和歌山県北部,34°01.6′N,135°15.2′E,5 km,2.5,震度２,34.02666667,135.2533333
2023/4/25,22:31:58,岩手県沿岸北部,39°58.7′N,141°57.1′E,51 km,4.1,震度２,39.97833333,141.9516667
2023/4/26,2:49:35,福島県沖,37°41.3′N,141°38.9′E,54 km,4.3,震度２,37.68833333,141.6483333
2023/4/26,16:52:36,浦河沖,42°03.2′N,142°28.8′E,68 km,3.9,震度１,42.05333333,142.48
2023/4/27,4:17:21,茨城県南部,36°04.8′N,140°05.7′E,51 km,3.4,震度２,36.08,140.095
2023/4/27,9:40:04,茨城県沖,36°01.7′N,140°47.2′E,29 km,3.1,震度１,36.02833333,140.7866667
2023/4/27,10:40:33,青森県東方沖,41°35.7′N,141°57.4′E,60 km,3.6,震度１,41.595,141.9566667
2023/4/27,16:43:41,沖縄本島近海,26°07.4′N,128°37.3′E,32 km,5.5,震度２,26.12333333,128.6216667
2023/4/27,22:43:05,福島県沖,37°03.3′N,141°09.7′E,49 km,4,震度２,37.055,141.1616667
2023/4/28,7:08:56,沖縄本島近海,26°26.7′N,128°16.0′E,36 km,4.1,震度２,26.445,128.2666667
2023/4/28,9:38:52,渡島地方西部,41°28.5′N,140°11.7′E,8 km,2.9,震度３,41.475,140.195
2023/4/28,13:49:03,群馬県南部,36°31.6′N,139°21.5′E,5 km,2.4,震度１,36.52666667,139.3583333
2023/4/28,16:45:55,浦河沖,42°01.0′N,142°35.7′E,64 km,4.1,震度１,42.01666667,142.595
2023/4/29,2:16:37,天草灘,32°20.8′N,129°51.4′E,13 km,3.8,震度２,32.34666667,129.8566667
2023/4/29,4:54:40,徳島県北部,33°58.1′N,133°56.4′E,38 km,3,震度１,33.96833333,133.94
2023/4/29,9:16:13,天草灘,32°20.7′N,129°51.3′E,13 km,3.7,震度２,32.345,129.855
2023/4/30,0:49:27,沖縄本島近海,26°01.6′N,128°46.8′E,16 km,4.7,震度１,26.02666667,128.78
2023/4/30,1:19:23,石川県能登地方,37°31.4′N,137°19.0′E,11 km,2.9,震度１,37.52333333,137.3166667
2023/4/30,6:23:32,福島県会津,37°04.5′N,139°21.4′E,8 km,2.3,震度２,37.075,139.3566667
2023/4/30,18:52:32,岐阜県美濃東部,35°38.5′N,137°11.3′E,10 km,3.7,震度３,35.64166667,137.1883333
2023/4/30,20:36:43,福島県会津,37°02.7′N,139°20.4′E,7 km,2.2,震度２,37.045,139.34
2023/4/30,21:21:46,千葉県東方沖,35°32.0′N,140°58.5′E,34 km,3.8,震度１,35.53333333,140.975
2023/4/30,23:48:13,トカラ列島近海,29°55.2′N,130°01.8′E,10 km,2.5,震度１,29.92,130.03
2023/5/1,1:37:09,奄美大島近海,27°33.7′N,128°50.2′E,16 km,3.3,震度２,27.56166667,128.8366667
2023/5/1,4:58:41,父島近海,26°57.5′N,142°36.3′E,67 km,,震度１,26.95833333,142.605
2023/5/1,5:04:21,茨城県沖,36°26.2′N,140°38.5′E,53 km,4.2,震度３,36.43666667,140.6416667
2023/5/1,7:15:06,徳島県北部,33°59.9′N,134°13.8′E,44 km,3.3,震度２,33.99833333,134.23
2023/5/1,8:51:00,茨城県沖,36°11.6′N,141°10.2′E,19 km,4.4,震度２,36.19333333,141.17
2023/5/1,8:58:20,浦河沖,42°02.6′N,142°27.6′E,71 km,4.2,震度２,42.04333333,142.46
2023/5/1,11:21:03,沖縄本島近海,26°04.1′N,128°39.8′E,31 km,4.8,震度１,26.06833333,128.6633333
2023/5/1,11:22:31,沖縄本島近海,26°06.4′N,128°37.5′E,29 km,5.5,震度１,26.10666667,128.625
2023/5/1,12:22:10,沖縄本島近海,26°02.9′N,128°44.1′E,18 km,6.4,震度２,26.04833333,128.735
2023/5/1,12:50:50,沖縄本島近海,26°05.7′N,128°45.4′E,35 km,4.3,震度１,26.095,128.7566667
2023/5/1,12:56:31,福島県沖,37°41.4′N,141°35.1′E,54 km,3.8,震度１,37.69,141.585
2023/5/1,12:56:34,トカラ列島近海,29°55.2′N,130°01.4′E,13 km,2.4,震度１,29.92,130.0233333
2023/5/1,13:02:33,沖縄本島近海,26°00.2′N,128°36.3′E,31 km,5,震度１,26.00333333,128.605
2023/5/1,13:43:47,沖縄本島近海,26°34.5′N,127°52.8′E,18 km,2.5,震度１,26.575,127.88
2023/5/1,15:35:15,石川県能登地方,37°31.4′N,137°19.0′E,11 km,2.6,震度１,37.52333333,137.3166667
2023/5/1,16:09:58,トカラ列島近海,29°56.1′N,130°01.6′E,9 km,3,震度２,29.935,130.0266667
2023/5/1,16:59:41,沖縄本島近海,26°03.1′N,128°40.4′E,30 km,5.3,震度２,26.05166667,128.6733333
2023/5/1,17:56:28,トカラ列島近海,29°55.5′N,130°01.2′E,12 km,2.6,震度１,29.925,130.02
2023/5/2,0:20:20,福島県沖,37°51.5′N,141°43.6′E,63 km,3.8,震度１,37.85833333,141.7266667
2023/5/2,3:56:17,福島県沖,37°50.9′N,141°41.7′E,57 km,4.1,震度２,37.84833333,141.695
2023/5/2,7:47:58,宮城県沖,38°55.2′N,141°43.8′E,76 km,3.1,震度１,38.92,141.73
2023/5/2,12:13:33,日向灘,32°37.3′N,132°02.0′E,19 km,3.1,震度１,32.62166667,132.0333333
2023/5/3,1:12:41,福島県会津,37°04.5′N,139°21.3′E,8 km,2.3,震度１,37.075,139.355
2023/5/3,4:26:50,トカラ列島近海,29°55.1′N,130°00.6′E,15 km,2.5,震度１,29.91833333,130.01
2023/5/3,5:34:46,茨城県沖,36°37.2′N,140°59.9′E,46 km,4,震度２,36.62,140.9983333
2023/5/3,21:58:27,大阪湾,34°38.2′N,135°01.9′E,9 km,2.3,震度１,34.63666667,135.0316667
2023/5/4,19:51:06,和歌山県北部,34°12.1′N,135°14.1′E,3 km,2.2,震度１,34.20166667,135.235
2023/5/4,23:00:54,新潟県上中越沖,37°15.3′N,137°44.7′E,20 km,3.7,震度１,37.255,137.745
2023/5/5,11:24:44,和歌山県北部,34°04.9′N,135°21.3′E,9 km,2.4,震度１,34.08166667,135.355
2023/5/5,13:47:58,茨城県北部,36°49.1′N,140°35.2′E,8 km,3.2,震度１,36.81833333,140.5866667
2023/5/5,14:42:04,能登半島沖,37°32.3′N,137°18.2′E,12 km,6.5,震度６強,37.53833333,137.3033333
2023/5/5,14:47:48,石川県能登地方,37°30.9′N,137°19.4′E,13 km,4,震度３,37.515,137.3233333
2023/5/5,14:48:16,石川県能登地方,37°31.6′N,137°17.6′E,14 km,3.4,震度１,37.52666667,137.2933333
2023/5/5,14:49:08,石川県能登地方,37°30.9′N,137°14.6′E,11 km,3,震度１,37.515,137.2433333
2023/5/5,14:51:01,能登半島沖,37°33.6′N,137°20.1′E,14 km,3.9,震度１,37.56,137.335
2023/5/5,14:53:37,能登半島沖,37°31.5′N,137°13.3′E,13 km,5,震度４,37.525,137.2216667
2023/5/5,14:55:20,石川県能登地方,37°31.2′N,137°18.4′E,12 km,3,震度１,37.52,137.3066667
2023/5/5,14:55:39,能登半島沖,37°33.0′N,137°19.1′E,14 km,2.9,震度１,37.55,137.3183333
2023/5/5,14:56:10,能登半島沖,37°31.2′N,137°13.0′E,12 km,3.5,震度２,37.52,137.2166667
2023/5/5,14:57:27,能登半島沖,37°33.0′N,137°19.0′E,12 km,3.5,震度２,37.55,137.3166667
2023/5/5,14:59:33,能登半島沖,37°33.8′N,137°20.6′E,12 km,3.5,震度２,37.56333333,137.3433333
2023/5/5,15:01:25,能登半島沖,37°31.9′N,137°13.8′E,12 km,3,震度１,37.53166667,137.23
2023/5/5,15:02:36,能登半島沖,37°31.6′N,137°14.9′E,13 km,3.4,震度２,37.52666667,137.2483333
2023/5/5,15:03:29,能登半島沖,37°31.5′N,137°14.7′E,13 km,2.9,震度１,37.525,137.245
2023/5/5,15:05:31,石川県能登地方,37°31.0′N,137°17.0′E,13 km,3.2,震度２,37.51666667,137.2833333
2023/5/5,15:06:34,能登半島沖,37°32.3′N,137°19.4′E,14 km,3.9,震度２,37.53833333,137.3233333
2023/5/5,15:11:23,石川県能登地方,37°30.5′N,137°18.2′E,13 km,2.2,震度１,37.50833333,137.3033333
2023/5/5,15:12:39,能登半島沖,37°33.6′N,137°18.9′E,11 km,3,震度１,37.56,137.315
2023/5/5,15:14:04,石川県能登地方,37°31.5′N,137°15.1′E,11 km,3.4,震度２,37.525,137.2516667
2023/5/5,15:27:39,石川県能登地方,37°31.4′N,137°16.9′E,12 km,2.6,震度１,37.52333333,137.2816667
2023/5/5,15:28:54,石川県能登地方,37°30.9′N,137°18.3′E,12 km,3,震度１,37.515,137.305
2023/5/5,15:32:04,能登半島沖,37°33.3′N,137°20.4′E,13 km,2.4,震度１,37.555,137.34
2023/5/5,15:41:03,能登半島沖,37°31.2′N,137°14.5′E,12 km,3.2,震度２,37.52,137.2416667
2023/5/5,15:48:42,能登半島沖,37°32.6′N,137°16.2′E,10 km,2.8,震度１,37.54333333,137.27
2023/5/5,15:58:32,石川県能登地方,37°30.2′N,137°18.1′E,12 km,2.6,震度１,37.50333333,137.3016667
2023/5/5,16:01:02,能登半島沖,37°31.4′N,137°13.0′E,13 km,2.8,震度１,37.52333333,137.2166667
2023/5/5,16:07:32,石川県能登地方,37°30.8′N,137°13.8′E,12 km,2.9,震度１,37.51333333,137.23
2023/5/5,16:11:01,能登半島沖,37°32.9′N,137°19.2′E,12 km,3.6,震度２,37.54833333,137.32
2023/5/5,16:24:23,能登半島沖,37°31.2′N,137°12.4′E,13 km,3.1,震度１,37.52,137.2066667
2023/5/5,16:39:48,能登半島沖,37°32.8′N,137°17.9′E,11 km,2.8,震度１,37.54666667,137.2983333
2023/5/5,17:01:11,能登半島沖,37°35.0′N,137°15.6′E,8 km,3.8,震度１,37.58333333,137.26
2023/5/5,17:31:53,能登半島沖,37°32.2′N,137°16.4′E,11 km,2.5,震度１,37.53666667,137.2733333
2023/5/5,17:38:02,能登半島沖,37°32.6′N,137°21.3′E,13 km,4.3,震度３,37.54333333,137.355
2023/5/5,17:46:36,石川県能登地方,37°31.5′N,137°19.2′E,13 km,3.4,震度２,37.525,137.32
2023/5/5,18:11:31,石川県能登地方,37°30.2′N,137°16.5′E,12 km,2.2,震度１,37.50333333,137.275
2023/5/5,18:15:31,能登半島沖,37°31.7′N,137°14.9′E,11 km,2.6,震度１,37.52833333,137.2483333
2023/5/5,18:22:35,石川県能登地方,37°31.4′N,137°18.9′E,13 km,3.3,震度２,37.52333333,137.315
2023/5/5,18:30:28,石川県能登地方,37°31.6′N,137°19.0′E,13 km,2.6,震度１,37.52666667,137.3166667
2023/5/5,21:24:53,岩手県沖,39°20.0′N,142°05.0′E,48 km,4.5,震度３,39.33333333,142.0833333
2023/5/5,21:29:04,能登半島沖,37°32.0′N,137°14.6′E,10 km,2.6,震度１,37.53333333,137.2433333
2023/5/5,21:34:38,能登半島沖,37°36.0′N,137°15.9′E,10 km,3.9,震度２,37.6,137.265
2023/5/5,21:37:56,兵庫県南東部,34°55.5′N,135°23.1′E,12 km,3,震度２,34.925,135.385
2023/5/5,21:58:04,能登半島沖,37°31.5′N,137°14.1′E,14 km,5.9,震度５強,37.525,137.235
2023/5/5,22:02:19,能登半島沖,37°31.1′N,137°12.8′E,13 km,3.5,震度２,37.51833333,137.2133333
2023/5/5,22:03:38,能登半島沖,37°32.0′N,137°13.4′E,12 km,4,震度２,37.53333333,137.2233333
2023/5/5,22:05:52,石川県能登地方,37°31.1′N,137°18.5′E,14 km,3.3,震度２,37.51833333,137.3083333
2023/5/5,22:07:19,能登半島沖,37°32.0′N,137°15.0′E,13 km,3.4,震度１,37.53333333,137.25
2023/5/5,22:08:38,能登半島沖,37°31.3′N,137°13.3′E,12 km,3.8,震度３,37.52166667,137.2216667
2023/5/5,22:26:47,石川県能登地方,37°30.9′N,137°13.1′E,13 km,4.1,震度３,37.515,137.2183333
2023/5/5,22:27:40,能登半島沖,37°31.4′N,137°13.3′E,12 km,3.6,震度２,37.52333333,137.2216667
2023/5/5,22:33:59,能登半島沖,37°31.1′N,137°13.2′E,13 km,4,震度３,37.51833333,137.22
2023/5/5,22:34:53,能登半島沖,37°31.1′N,137°12.8′E,12 km,3.6,震度２,37.51833333,137.2133333
2023/5/5,22:43:59,能登半島沖,37°32.9′N,137°17.6′E,11 km,2.7,震度１,37.54833333,137.2933333
2023/5/5,22:46:38,能登半島沖,37°31.4′N,137°14.0′E,14 km,3.5,震度３,37.52333333,137.2333333
2023/5/5,22:48:32,能登半島沖,37°32.2′N,137°14.6′E,13 km,3.3,震度２,37.53666667,137.2433333
2023/5/5,22:51:43,石川県能登地方,37°31.9′N,137°15.4′E,13 km,3.8,震度３,37.53166667,137.2566667
2023/5/5,23:07:08,石川県能登地方,37°31.5′N,137°16.6′E,14 km,3.6,震度２,37.525,137.2766667
2023/5/5,23:18:51,石川県能登地方,37°30.2′N,137°12.8′E,14 km,4.3,震度４,37.50333333,137.2133333
2023/5/5,23:26:50,石川県能登地方,37°31.8′N,137°15.2′E,12 km,3.9,震度２,37.53,137.2533333
2023/5/5,23:42:26,石川県能登地方,37°30.0′N,137°12.9′E,13 km,2.6,震度１,37.5,137.215
2023/5/6,0:09:05,能登半島沖,37°33.2′N,137°19.9′E,13 km,2.9,震度１,37.55333333,137.3316667
2023/5/6,1:01:49,根室半島南東沖,42°56.6′N,146°15.7′E,41 km,4.4,震度２,42.94333333,146.2616667
2023/5/6,1:02:04,能登半島沖,37°32.9′N,137°14.9′E,12 km,3.6,震度２,37.54833333,137.2483333
2023/5/6,1:25:17,能登半島沖,37°35.9′N,137°16.8′E,10 km,3.3,震度１,37.59833333,137.28
2023/5/6,1:45:44,石川県能登地方,37°28.7′N,137°18.3′E,7 km,1.8,震度１,37.47833333,137.305
2023/5/6,2:21:47,能登半島沖,37°33.5′N,137°15.9′E,12 km,3,震度１,37.55833333,137.265
2023/5/6,2:47:16,青森県東方沖,41°28.4′N,142°05.1′E,56 km,5.7,震度４,41.47333333,142.085
2023/5/6,4:44:40,能登半島沖,37°32.7′N,137°13.8′E,12 km,3,震度１,37.545,137.23
2023/5/6,5:31:16,能登半島沖,37°31.4′N,137°13.7′E,13 km,2.6,震度１,37.52333333,137.2283333
2023/5/6,6:48:26,能登半島沖,37°32.4′N,137°19.7′E,14 km,3.1,震度１,37.54,137.3283333
2023/5/6,8:48:05,石川県能登地方,37°31.7′N,137°16.6′E,11 km,3.1,震度２,37.52833333,137.2766667
2023/5/6,12:58:57,奄美大島近海,28°33.0′N,129°28.6′E,0 km,3,震度１,28.55,129.4766667
2023/5/6,19:56:11,石川県能登地方,37°30.8′N,137°15.4′E,12 km,2.5,震度１,37.51333333,137.2566667
2023/5/6,20:14:43,能登半島沖,37°33.0′N,137°19.2′E,12 km,2.8,震度１,37.55,137.32
2023/5/6,23:54:01,能登半島沖,37°35.4′N,137°16.6′E,12 km,4.1,震度２,37.59,137.2766667
2023/5/7,1:10:24,能登半島沖,37°31.2′N,137°14.7′E,12 km,3,震度１,37.52,137.245
2023/5/7,3:04:54,石川県能登地方,37°30.0′N,137°13.5′E,12 km,3.1,震度２,37.5,137.225
2023/5/7,3:19:34,石川県能登地方,37°30.3′N,137°17.3′E,12 km,2.5,震度１,37.505,137.2883333
2023/5/7,11:44:40,能登半島沖,37°34.0′N,137°15.6′E,9 km,3.5,震度１,37.56666667,137.26
2023/5/7,13:37:51,石川県能登地方,37°29.6′N,137°17.6′E,11 km,2.5,震度１,37.49333333,137.2933333
2023/5/7,14:11:11,能登半島沖,37°33.1′N,137°20.3′E,13 km,2.8,震度１,37.55166667,137.3383333
2023/5/7,14:24:03,富山湾,37°26.1′N,137°18.8′E,5 km,1.8,震度１,37.435,137.3133333
2023/5/7,14:35:22,石川県能登地方,37°29.6′N,137°17.3′E,11 km,2.4,震度１,37.49333333,137.2883333
2023/5/7,18:56:23,秋田県内陸南部,39°06.1′N,140°29.3′E,2 km,2.7,震度２,39.10166667,140.4883333
2023/5/8,0:37:55,渡島地方西部,41°29.5′N,140°11.6′E,7 km,1.8,震度１,41.49166667,140.1933333
2023/5/8,9:49:17,富山湾,37°26.0′N,137°18.8′E,5 km,1.8,震度１,37.43333333,137.3133333
2023/5/8,11:05:00,福島県中通り,37°12.6′N,139°59.0′E,120 km,3.8,震度１,37.21,139.9833333
2023/5/8,11:45:56,能登半島沖,37°32.0′N,137°18.8′E,13 km,3.5,震度２,37.53333333,137.3133333
2023/5/8,12:16:03,能登半島沖,37°33.3′N,137°17.8′E,10 km,3,震度１,37.555,137.2966667
2023/5/8,14:56:29,石川県能登地方,37°31.6′N,137°18.1′E,13 km,3.8,震度２,37.52666667,137.3016667
2023/5/8,21:43:33,福島県沖,37°15.9′N,141°06.0′E,33 km,3.3,震度１,37.265,141.1
2023/5/9,2:14:59,石川県能登地方,37°31.5′N,137°16.3′E,14 km,2.9,震度１,37.525,137.2716667
2023/5/9,2:40:18,沖縄本島近海,26°21.6′N,127°21.7′E,52 km,3.4,震度１,26.36,127.3616667
2023/5/9,5:14:19,石川県能登地方,37°31.2′N,137°18.6′E,15 km,4.7,震度４,37.52,137.31
2023/5/9,5:16:15,石川県能登地方,37°31.5′N,137°19.0′E,14 km,4.4,震度３,37.525,137.3166667
2023/5/9,9:06:06,石川県能登地方,37°27.5′N,137°16.3′E,9 km,2.3,震度１,37.45833333,137.2716667
2023/5/9,11:05:55,能登半島沖,37°35.4′N,137°15.1′E,9 km,4.2,震度２,37.59,137.2516667
2023/5/9,13:22:35,青森県東方沖,40°58.5′N,142°00.6′E,59 km,3.8,震度２,40.975,142.01
2023/5/9,21:32:08,岩手県沖,39°38.0′N,142°06.2′E,49 km,3.8,震度２,39.63333333,142.1033333
2023/5/9,23:15:04,富山湾,37°26.0′N,137°19.7′E,6 km,1.7,震度１,37.43333333,137.3283333
2023/5/10,2:40:51,熊本県熊本地方,32°48.1′N,130°53.3′E,6 km,3.1,震度２,32.80166667,130.8883333
2023/5/10,2:59:34,能登半島沖,37°32.0′N,137°19.2′E,14 km,3.2,震度１,37.53333333,137.32
2023/5/10,3:02:51,岩手県沖,39°52.1′N,142°16.6′E,32 km,4.2,震度２,39.86833333,142.2766667
2023/5/10,7:14:39,能登半島沖,37°36.0′N,137°17.1′E,12 km,4.9,震度４,37.6,137.285
2023/5/10,11:20:56,千葉県北西部,35°43.5′N,139°59.7′E,66 km,3.9,震度３,35.725,139.995
2023/5/10,17:29:38,富山湾,37°25.9′N,137°19.3′E,6 km,2.9,震度２,37.43166667,137.3216667
2023/5/10,21:53:42,岩手県沿岸北部,39°45.4′N,141°50.3′E,58 km,3.6,震度１,39.75666667,141.8383333
2023/5/10,21:54:48,能登半島沖,37°39.1′N,137°17.3′E,13 km,5,震度３,37.65166667,137.2883333
2023/5/11,4:16:42,千葉県南部,35°10.2′N,140°11.1′E,40 km,5.2,震度５強,35.17,140.185
2023/5/11,6:58:43,能登半島沖,37°32.5′N,137°12.5′E,8 km,3.3,震度２,37.54166667,137.2083333
2023/5/11,12:11:05,トカラ列島近海,29°55.2′N,130°02.5′E,13 km,4.3,震度４,29.92,130.0416667
2023/5/11,12:12:13,トカラ列島近海,29°55.6′N,130°01.7′E,11 km,2.7,震度１,29.92666667,130.0283333
2023/5/11,12:13:21,トカラ列島近海,29°55.5′N,130°01.2′E,12 km,3.2,震度１,29.925,130.02
2023/5/11,12:14:24,トカラ列島近海,29°55.2′N,130°00.8′E,13 km,2.3,震度１,29.92,130.0133333
2023/5/11,12:36:16,トカラ列島近海,29°55.4′N,130°01.6′E,13 km,3.2,震度２,29.92333333,130.0266667
2023/5/11,12:45:01,トカラ列島近海,29°55.9′N,130°01.2′E,14 km,2.5,震度２,29.93166667,130.02
2023/5/11,14:48:52,トカラ列島近海,29°46.9′N,129°49.6′E,11 km,2.1,震度１,29.78166667,129.8266667
2023/5/11,15:39:54,富山湾,37°25.9′N,137°18.0′E,6 km,2.3,震度１,37.43166667,137.3
2023/5/11,18:52:45,日高地方東部,42°22.4′N,143°00.4′E,55 km,5.5,震度４,42.37333333,143.0066667
2023/5/11,18:56:21,沖縄本島近海,27°25.4′N,128°37.0′E,41 km,3.2,震度１,27.42333333,128.6166667
2023/5/11,19:41:29,千葉県北東部,35°52.0′N,140°31.1′E,40 km,3.7,震度２,35.86666667,140.5183333
2023/5/11,19:48:32,長野県中部,36°24.3′N,138°03.1′E,3 km,2,震度１,36.405,138.0516667
2023/5/11,22:33:15,宮古島近海,24°13.6′N,125°14.7′E,33 km,5.9,震度３,24.22666667,125.245
2023/5/11,22:50:09,宮古島近海,24°18.0′N,125°15.4′E,38 km,4.6,震度１,24.3,125.2566667
2023/5/12,5:50:22,石川県能登地方,37°29.2′N,137°17.5′E,7 km,2.5,震度１,37.48666667,137.2916667
2023/5/12,6:26:52,能登半島沖,37°32.9′N,137°17.7′E,11 km,2.8,震度１,37.54833333,137.295
2023/5/12,9:39:29,福島県中通り,37°09.3′N,140°05.4′E,6 km,2.9,震度１,37.155,140.09
2023/5/12,12:32:43,秋田県内陸北部,40°02.1′N,140°32.2′E,8 km,2.9,震度１,40.035,140.5366667
2023/5/12,15:05:45,神奈川県西部,35°32.7′N,139°13.5′E,138 km,3.7,震度１,35.545,139.225
2023/5/12,15:34:19,トカラ列島近海,29°55.3′N,130°02.6′E,12 km,2.6,震度１,29.92166667,130.0433333
2023/5/12,17:40:05,石川県能登地方,37°30.6′N,137°14.9′E,12 km,3.3,震度２,37.51,137.2483333
2023/5/12,17:57:10,能登半島沖,37°32.0′N,137°19.0′E,13 km,2.6,震度１,37.53333333,137.3166667
2023/5/12,20:50:07,徳島県北部,34°02.0′N,134°13.5′E,49 km,3.1,震度１,34.03333333,134.225
2023/5/12,21:15:17,石川県能登地方,37°29.1′N,137°17.6′E,7 km,2.5,震度１,37.485,137.2933333
2023/5/12,21:45:06,愛媛県南予,33°28.9′N,132°24.1′E,42 km,4.2,震度３,33.48166667,132.4016667
2023/5/13,0:32:23,愛媛県南予,33°28.6′N,132°24.3′E,41 km,3.1,震度１,33.47666667,132.405
2023/5/13,0:37:05,トカラ列島近海,29°55.5′N,130°01.3′E,11 km,2.5,震度１,29.925,130.0216667
2023/5/13,5:25:45,能登半島沖,37°34.5′N,137°16.3′E,9 km,3.3,震度１,37.575,137.2716667
2023/5/13,16:10:28,トカラ列島近海,29°55.6′N,130°00.9′E,12 km,5.1,震度５弱,29.92666667,130.015
2023/5/13,16:13:20,トカラ列島近海,29°54.7′N,130°00.7′E,12 km,2.6,震度１,29.91166667,130.0116667
2023/5/13,16:14:51,トカラ列島近海,29°55.8′N,130°00.9′E,9 km,3.6,震度３,29.93,130.015
2023/5/13,16:15:18,トカラ列島近海,29°55.9′N,130°02.7′E,5 km,2.9,震度１,29.93166667,130.045
2023/5/13,16:16:47,トカラ列島近海,29°55.2′N,129°59.7′E,11 km,2.8,震度２,29.92,129.995
2023/5/13,16:18:50,トカラ列島近海,29°56.0′N,130°00.6′E,11 km,2.5,震度１,29.93333333,130.01
2023/5/13,16:20:13,トカラ列島近海,29°55.4′N,129°59.9′E,15 km,2.8,震度２,29.92333333,129.9983333
2023/5/13,16:31:52,トカラ列島近海,29°55.5′N,130°01.0′E,7 km,2.1,震度１,29.925,130.0166667
2023/5/13,16:35:01,トカラ列島近海,29°56.4′N,129°59.0′E,11 km,2.5,震度１,29.94,129.9833333
2023/5/13,16:48:30,山梨県東部・富士五湖,35°28.7′N,138°56.7′E,24 km,2.8,震度１,35.47833333,138.945
2023/5/13,16:54:14,トカラ列島近海,29°55.2′N,130°00.3′E,11 km,2.2,震度１,29.92,130.005
2023/5/13,17:03:21,トカラ列島近海,29°54.8′N,130°01.6′E,13 km,2.3,震度１,29.91333333,130.0266667
2023/5/13,17:16:31,トカラ列島近海,29°55.5′N,130°01.4′E,13 km,3.2,震度１,29.925,130.0233333
2023/5/13,17:28:11,トカラ列島近海,29°55.7′N,130°00.7′E,13 km,2.9,震度２,29.92833333,130.0116667
2023/5/13,17:32:21,トカラ列島近海,29°56.0′N,130°00.1′E,12 km,2.1,震度１,29.93333333,130.0016667
2023/5/13,17:39:47,トカラ列島近海,29°56.0′N,130°01.2′E,13 km,2.4,震度１,29.93333333,130.02
2023/5/13,17:51:43,トカラ列島近海,29°55.0′N,130°01.7′E,11 km,2.6,震度１,29.91666667,130.0283333
2023/5/13,17:57:29,トカラ列島近海,29°55.7′N,129°59.7′E,13 km,,震度１,29.92833333,129.995
2023/5/13,19:01:34,トカラ列島近海,29°55.7′N,130°00.6′E,13 km,2.8,震度２,29.92833333,130.01
2023/5/13,19:45:57,能登半島沖,37°31.6′N,137°08.6′E,10 km,2.5,震度１,37.52666667,137.1433333
2023/5/13,19:47:29,トカラ列島近海,29°55.5′N,130°00.6′E,9 km,2,震度１,29.925,130.01
2023/5/13,19:51:52,トカラ列島近海,29°57.7′N,129°59.6′E,1 km,2.6,震度１,29.96166667,129.9933333
2023/5/13,22:11:52,トカラ列島近海,29°55.1′N,130°02.4′E,9 km,2.3,震度１,29.91833333,130.04
2023/5/13,22:59:33,トカラ列島近海,29°55.0′N,130°00.2′E,10 km,2,震度１,29.91666667,130.0033333
2023/5/14,0:09:42,トカラ列島近海,29°55.2′N,130°00.0′E,12 km,3.2,震度３,29.92,130
2023/5/14,0:36:47,トカラ列島近海,29°55.0′N,130°02.2′E,11 km,2.7,震度１,29.91666667,130.0366667
2023/5/14,2:03:07,トカラ列島近海,29°55.5′N,129°59.8′E,10 km,2.2,震度１,29.925,129.9966667
2023/5/14,2:18:32,父島近海,26°38.1′N,142°39.6′E,8 km,4.6,震度１,26.635,142.66
2023/5/14,6:30:56,トカラ列島近海,29°56.2′N,130°00.7′E,11 km,2.7,震度１,29.93666667,130.0116667
2023/5/14,7:05:30,トカラ列島近海,29°55.8′N,130°00.5′E,14 km,2.5,震度１,29.93,130.0083333
2023/5/14,7:41:54,トカラ列島近海,29°55.9′N,130°00.5′E,12 km,2.8,震度１,29.93166667,130.0083333
2023/5/14,8:33:02,トカラ列島近海,29°55.8′N,130°00.6′E,15 km,3.2,震度２,29.93,130.01
2023/5/14,8:52:15,宮城県中部,38°18.6′N,140°30.9′E,10 km,3.1,震度１,38.31,140.515
2023/5/14,12:35:09,トカラ列島近海,29°57.6′N,129°56.9′E,11 km,1.7,震度１,29.96,129.9483333
2023/5/14,16:03:23,八丈島近海,33°22.0′N,139°20.4′E,19 km,4.7,震度１,33.36666667,139.34
2023/5/14,17:11:56,八丈島近海,33°22.0′N,139°18.7′E,17 km,5.6,震度３,33.36666667,139.3116667
2023/5/14,17:21:41,八丈島近海,33°20.9′N,139°16.7′E,12 km,5.9,震度２,33.34833333,139.2783333
2023/5/14,17:44:11,八丈島近海,33°21.0′N,139°20.9′E,16 km,5.1,震度１,33.35,139.3483333
2023/5/14,17:46:12,八丈島近海,33°20.4′N,139°21.8′E,17 km,4.3,震度１,33.34,139.3633333
2023/5/14,19:11:35,八丈島近海,33°25.2′N,139°17.0′E,19 km,5.9,震度２,33.42,139.2833333
2023/5/14,20:29:08,八丈島近海,33°22.0′N,139°21.6′E,20 km,4.8,震度１,33.36666667,139.36
2023/5/14,22:48:47,トカラ列島近海,29°56.3′N,130°00.0′E,12 km,2.5,震度２,29.93833333,130
2023/5/14,22:55:57,八丈島近海,33°19.9′N,139°21.2′E,20 km,4.9,震度１,33.33166667,139.3533333
2023/5/14,23:03:31,八丈島近海,33°20.1′N,139°18.8′E,16 km,5.5,震度２,33.335,139.3133333
2023/5/14,23:20:58,八丈島近海,33°20.7′N,139°19.5′E,12 km,4.8,震度１,33.345,139.325
2023/5/15,0:09:29,トカラ列島近海,29°55.3′N,129°59.9′E,12 km,2.2,震度１,29.92166667,129.9983333
2023/5/15,1:22:54,八丈島近海,33°27.0′N,139°19.0′E,24 km,5.2,震度２,33.45,139.3166667
2023/5/15,6:06:51,上川地方北部,44°47.0′N,142°06.4′E,0 km,1.7,震度１,44.78333333,142.1066667
2023/5/15,6:09:08,トカラ列島近海,29°55.6′N,130°01.4′E,14 km,2,震度１,29.92666667,130.0233333
2023/5/15,7:00:14,択捉島南東沖,44°54.8′N,148°30.6′E,144 km,5,震度１,44.91333333,148.51
2023/5/15,9:04:55,能登半島沖,37°32.0′N,137°11.3′E,9 km,2.9,震度２,37.53333333,137.1883333
2023/5/15,12:21:11,沖縄本島北西沖,27°08.7′N,126°47.8′E,124 km,4,震度１,27.145,126.7966667
2023/5/15,12:54:14,能登半島沖,37°32.4′N,137°18.2′E,12 km,3.1,震度１,37.54,137.3033333
2023/5/15,12:57:42,能登半島沖,37°31.9′N,137°11.4′E,10 km,2.7,震度１,37.53166667,137.19
2023/5/15,14:03:33,島根県東部,35°07.5′N,132°45.0′E,11 km,3.4,震度１,35.125,132.75
2023/5/15,17:06:20,トカラ列島近海,29°56.8′N,129°58.5′E,13 km,2.8,震度１,29.94666667,129.975
2023/5/15,17:31:13,豊後水道,33°24.2′N,132°14.1′E,46 km,3.2,震度１,33.40333333,132.235
2023/5/15,22:36:05,トカラ列島近海,29°46.3′N,129°50.7′E,10 km,2.5,震度２,29.77166667,129.845
2023/5/16,1:34:39,トカラ列島近海,29°55.1′N,130°03.0′E,13 km,3.3,震度３,29.91833333,130.05
2023/5/16,1:46:43,トカラ列島近海,29°58.6′N,129°58.4′E,10 km,2.8,震度２,29.97666667,129.9733333
2023/5/16,14:46:30,トカラ列島近海,29°59.2′N,129°57.0′E,0 km,1.7,震度１,29.98666667,129.95
2023/5/16,14:49:20,茨城県北部,36°46.5′N,140°33.1′E,8 km,2.6,震度１,36.775,140.5516667
2023/5/16,15:22:52,トカラ列島近海,29°57.9′N,129°58.0′E,5 km,2.9,震度２,29.965,129.9666667
2023/5/16,15:49:19,トカラ列島近海,29°58.5′N,129°56.5′E,0 km,2,震度１,29.975,129.9416667
2023/5/16,19:21:42,茨城県沖,36°28.2′N,140°37.8′E,67 km,3.8,震度２,36.47,140.63
2023/5/16,20:29:47,宮城県沖,38°51.9′N,141°38.6′E,61 km,3.2,震度１,38.865,141.6433333
2023/5/16,20:35:40,トカラ列島近海,29°56.1′N,130°01.4′E,12 km,2.1,震度１,29.935,130.0233333
2023/5/16,20:57:16,八丈島近海,33°23.3′N,139°15.9′E,16 km,4.8,震度１,33.38833333,139.265
2023/5/17,0:34:49,トカラ列島近海,29°55.8′N,130°01.0′E,12 km,3.1,震度２,29.93,130.0166667
2023/5/17,11:26:57,トカラ列島近海,29°55.4′N,129°59.4′E,12 km,3,震度２,29.92333333,129.99
2023/5/17,14:24:01,宮古島近海,24°47.6′N,125°11.8′E,23 km,3.6,震度１,24.79333333,125.1966667
2023/5/17,14:29:37,トカラ列島近海,29°54.9′N,130°00.1′E,10 km,2.8,震度２,29.915,130.0016667
2023/5/17,19:46:21,トカラ列島近海,29°54.9′N,130°03.2′E,13 km,2.4,震度１,29.915,130.0533333
2023/5/17,20:57:32,宮古島近海,24°43.6′N,125°24.6′E,45 km,3.4,震度１,24.72666667,125.41
2023/5/17,22:29:07,石川県能登地方,37°27.0′N,137°11.3′E,10 km,2.3,震度１,37.45,137.1883333
2023/5/18,19:49:19,石川県能登地方,37°27.5′N,137°15.3′E,10 km,3.6,震度３,37.45833333,137.255
2023/5/19,4:05:37,千葉県東方沖,35°39.6′N,141°00.6′E,25 km,3.1,震度１,35.66,141.01
2023/5/19,5:32:21,大阪府北部,34°52.8′N,135°28.4′E,9 km,2.4,震度１,34.88,135.4733333
2023/5/19,6:56:27,豊後水道,33°14.3′N,132°13.3′E,46 km,4.5,震度４,33.23833333,132.2216667
2023/5/19,8:58:32,長野県南部,35°53.9′N,137°39.0′E,6 km,1.7,震度１,35.89833333,137.65
2023/5/19,13:28:09,トカラ列島近海,29°56.3′N,130°01.2′E,10 km,2.1,震度１,29.93833333,130.02
2023/5/20,0:57:58,与那国島近海,24°21.6′N,122°59.1′E,48 km,3.2,震度１,24.36,122.985
2023/5/20,4:13:50,三陸沖,39°37.6′N,144°28.4′E,54 km,4.7,震度１,39.62666667,144.4733333
2023/5/20,11:27:56,トカラ列島近海,29°55.8′N,130°01.1′E,9 km,2.2,震度１,29.93,130.0183333
2023/5/20,12:21:40,トカラ列島近海,29°55.8′N,130°02.6′E,11 km,2.3,震度１,29.93,130.0433333
2023/5/20,23:11:21,千葉県南東沖,34°57.6′N,140°13.1′E,79 km,4.2,震度２,34.96,140.2183333
2023/5/21,2:26:18,紀伊水道,34°02.4′N,135°05.7′E,7 km,2.5,震度１,34.04,135.095
2023/5/21,3:46:37,石川県能登地方,37°27.6′N,137°15.4′E,9 km,2,震度１,37.46,137.2566667
2023/5/21,4:37:05,千葉県北東部,35°52.4′N,140°29.8′E,38 km,3.4,震度２,35.87333333,140.4966667
2023/5/21,10:38:29,青森県三八上北地方,40°43.3′N,141°11.3′E,14 km,2.8,震度２,40.72166667,141.1883333
2023/5/21,11:21:51,岩手県沖,39°37.8′N,142°06.1′E,49 km,3.5,震度２,39.63,142.1016667
2023/5/21,15:21:51,長野県中部,36°06.1′N,137°42.9′E,6 km,2.6,震度１,36.10166667,137.715
2023/5/21,16:03:22,福島県沖,37°12.7′N,141°23.3′E,25 km,3.8,震度１,37.21166667,141.3883333
2023/5/21,17:01:37,トカラ列島近海,29°55.4′N,130°02.6′E,13 km,2.9,震度１,29.92333333,130.0433333
2023/5/21,18:39:48,北海道東方沖,43°35.6′N,146°42.6′E,39 km,4.7,震度２,43.59333333,146.71
2023/5/21,20:14:29,石川県能登地方,37°27.6′N,137°15.3′E,8 km,2.8,震度１,37.46,137.255
2023/5/21,20:52:12,トカラ列島近海,29°55.7′N,130°02.6′E,11 km,2.5,震度１,29.92833333,130.0433333
2023/5/21,23:31:10,トカラ列島近海,29°55.5′N,129°59.9′E,11 km,2.3,震度１,29.925,129.9983333
2023/5/22,0:20:27,能登半島沖,37°36.5′N,137°17.2′E,11 km,4,震度２,37.60833333,137.2866667
2023/5/22,7:20:06,トカラ列島近海,29°44.8′N,129°27.1′E,191 km,5.4,震度３,29.74666667,129.4516667
2023/5/22,7:47:42,富山湾,37°26.0′N,137°18.6′E,5 km,1.6,震度１,37.43333333,137.31
2023/5/22,8:18:51,福島県沖,37°45.3′N,141°41.4′E,62 km,4,震度２,37.755,141.69
2023/5/22,9:37:58,能登半島沖,37°32.8′N,137°10.2′E,9 km,2.7,震度１,37.54666667,137.17
2023/5/22,9:52:00,石川県能登地方,37°27.1′N,137°14.9′E,11 km,3,震度２,37.45166667,137.2483333
2023/5/22,9:56:32,石川県能登地方,37°27.2′N,137°14.8′E,10 km,2.2,震度１,37.45333333,137.2466667
2023/5/22,10:53:11,新島・神津島近海,34°29.2′N,139°13.0′E,12 km,4.2,震度３,34.48666667,139.2166667
2023/5/22,10:54:37,新島・神津島近海,34°29.2′N,139°13.0′E,11 km,2.9,震度１,34.48666667,139.2166667
2023/5/22,11:47:08,新島・神津島近海,34°29.0′N,139°13.0′E,12 km,2.8,震度１,34.48333333,139.2166667
2023/5/22,12:10:26,新島・神津島近海,34°28.9′N,139°12.9′E,11 km,2.9,震度２,34.48166667,139.215
2023/5/22,13:18:00,トカラ列島近海,29°56.6′N,129°58.7′E,13 km,2.6,震度１,29.94333333,129.9783333
2023/5/22,15:48:21,新島・神津島近海,34°28.4′N,139°12.9′E,11 km,2.5,震度１,34.47333333,139.215
2023/5/22,16:42:41,新島・神津島近海,34°28.5′N,139°13.0′E,11 km,5.3,震度５弱,34.475,139.2166667
2023/5/22,16:44:18,新島・神津島近海,34°29.7′N,139°12.0′E,10 km,3.8,震度２,34.495,139.2
2023/5/22,16:45:13,新島・神津島近海,34°27.1′N,139°16.0′E,18 km,3.4,震度１,34.45166667,139.2666667
2023/5/22,16:45:47,新島・神津島近海,34°28.8′N,139°12.6′E,12 km,2.7,震度１,34.48,139.21
2023/5/22,16:46:28,新島・神津島近海,34°29.1′N,139°12.7′E,13 km,3.1,震度２,34.485,139.2116667
2023/5/22,16:51:11,新島・神津島近海,34°29.2′N,139°13.1′E,14 km,2.4,震度１,34.48666667,139.2183333
2023/5/22,16:58:22,新島・神津島近海,34°28.6′N,139°13.0′E,12 km,2.9,震度２,34.47666667,139.2166667
2023/5/22,17:00:08,新島・神津島近海,34°29.5′N,139°11.8′E,7 km,2.3,震度１,34.49166667,139.1966667
2023/5/22,17:03:43,新島・神津島近海,34°29.1′N,139°12.9′E,10 km,2.4,震度１,34.485,139.215
2023/5/22,17:06:52,新島・神津島近海,34°29.2′N,139°12.9′E,10 km,2.6,震度１,34.48666667,139.215
2023/5/22,17:07:39,新島・神津島近海,34°29.4′N,139°11.8′E,6 km,2.4,震度１,34.49,139.1966667
2023/5/22,17:27:14,新島・神津島近海,34°29.3′N,139°12.8′E,10 km,4.1,震度３,34.48833333,139.2133333
2023/5/22,17:36:15,新島・神津島近海,34°27.4′N,139°12.7′E,12 km,2.3,震度１,34.45666667,139.2116667
2023/5/22,17:54:50,新島・神津島近海,34°27.5′N,139°12.5′E,10 km,2.6,震度１,34.45833333,139.2083333
2023/5/22,18:29:11,新島・神津島近海,34°28.9′N,139°12.9′E,12 km,2.7,震度１,34.48166667,139.215
2023/5/22,18:31:52,新島・神津島近海,34°29.0′N,139°12.9′E,11 km,2.2,震度１,34.48333333,139.215
2023/5/22,19:12:48,新島・神津島近海,34°29.4′N,139°12.8′E,10 km,2,震度１,34.49,139.2133333
2023/5/22,19:21:45,新島・神津島近海,34°29.4′N,139°12.9′E,10 km,2.4,震度１,34.49,139.215
2023/5/22,19:46:26,新島・神津島近海,34°27.9′N,139°14.6′E,11 km,5.1,震度４,34.465,139.2433333
2023/5/22,19:47:50,新島・神津島近海,34°27.7′N,139°15.2′E,9 km,3.5,震度２,34.46166667,139.2533333
2023/5/22,19:48:38,石川県能登地方,37°27.1′N,137°15.0′E,11 km,3,震度２,37.45166667,137.25
2023/5/22,20:31:19,新島・神津島近海,34°29.1′N,139°12.4′E,10 km,2.4,震度１,34.485,139.2066667
2023/5/22,20:45:53,新島・神津島近海,34°29.3′N,139°12.7′E,10 km,2.6,震度１,34.48833333,139.2116667
2023/5/22,21:12:41,新島・神津島近海,34°29.6′N,139°13.0′E,11 km,2.1,震度１,34.49333333,139.2166667
2023/5/22,21:25:49,新島・神津島近海,34°29.4′N,139°13.0′E,11 km,2.6,震度２,34.49,139.2166667
2023/5/22,22:12:01,新島・神津島近海,34°27.8′N,139°14.9′E,10 km,2.6,震度１,34.46333333,139.2483333
2023/5/22,22:25:04,新島・神津島近海,34°29.4′N,139°12.9′E,11 km,2.2,震度１,34.49,139.215
2023/5/22,22:28:02,新島・神津島近海,34°28.4′N,139°13.3′E,9 km,2.1,震度１,34.47333333,139.2216667
2023/5/22,22:58:25,釧路沖,42°53.2′N,144°32.3′E,45 km,3.8,震度２,42.88666667,144.5383333
2023/5/22,23:19:01,新島・神津島近海,34°30.2′N,139°12.9′E,11 km,2.3,震度１,34.50333333,139.215
2023/5/22,23:44:19,トカラ列島近海,29°56.5′N,129°59.2′E,13 km,2.7,震度１,29.94166667,129.9866667
2023/5/22,23:52:02,新島・神津島近海,34°29.4′N,139°12.7′E,10 km,2.5,震度１,34.49,139.2116667
2023/5/23,0:01:24,新島・神津島近海,34°27.0′N,139°16.2′E,12 km,2.9,震度２,34.45,139.27
2023/5/23,0:03:31,トカラ列島近海,29°55.5′N,130°01.0′E,11 km,2.4,震度１,29.925,130.0166667
2023/5/23,0:47:10,新島・神津島近海,34°29.1′N,139°12.8′E,10 km,2.2,震度１,34.485,139.2133333
2023/5/23,2:22:12,新島・神津島近海,34°29.8′N,139°12.5′E,9 km,2.3,震度１,34.49666667,139.2083333
2023/5/23,2:45:48,新島・神津島近海,34°30.4′N,139°12.9′E,12 km,2.3,震度１,34.50666667,139.215
2023/5/23,2:49:16,新島・神津島近海,34°28.2′N,139°15.0′E,10 km,2,震度１,34.47,139.25
2023/5/23,4:06:53,新島・神津島近海,34°30.2′N,139°12.9′E,11 km,2.5,震度１,34.50333333,139.215
2023/5/23,4:31:35,新島・神津島近海,34°29.9′N,139°13.2′E,12 km,4,震度３,34.49833333,139.22
2023/5/23,5:53:10,新島・神津島近海,34°29.0′N,139°13.3′E,14 km,3,震度２,34.48333333,139.2216667
2023/5/23,5:54:13,新島・神津島近海,34°28.0′N,139°15.0′E,9 km,2.5,震度１,34.46666667,139.25
2023/5/23,7:17:37,新島・神津島近海,34°29.3′N,139°12.9′E,7 km,3.3,震度１,34.48833333,139.215
2023/5/23,8:06:47,新島・神津島近海,34°28.3′N,139°14.1′E,9 km,3,震度２,34.47166667,139.235
2023/5/23,9:13:26,新島・神津島近海,34°29.8′N,139°12.6′E,9 km,2.3,震度１,34.49666667,139.21
2023/5/23,10:22:54,新島・神津島近海,34°30.2′N,139°12.9′E,10 km,2.2,震度１,34.50333333,139.215
2023/5/23,11:22:03,新島・神津島近海,34°26.9′N,139°12.4′E,10 km,2.9,震度２,34.44833333,139.2066667
2023/5/23,14:10:54,島根県西部,35°06.1′N,132°40.4′E,9 km,2.9,震度１,35.10166667,132.6733333
2023/5/23,15:34:57,茨城県南部,36°02.1′N,139°54.5′E,44 km,3.1,震度１,36.035,139.9083333
2023/5/23,16:10:04,新島・神津島近海,34°27.6′N,139°12.8′E,10 km,2.9,震度１,34.46,139.2133333
2023/5/23,17:09:55,沖縄本島近海,26°00.1′N,127°17.1′E,50 km,3.3,震度１,26.00166667,127.285
2023/5/23,17:21:48,紀伊水道,34°00.4′N,134°48.1′E,46 km,4,震度２,34.00666667,134.8016667
2023/5/23,18:04:36,新島・神津島近海,34°29.8′N,139°12.6′E,9 km,2.6,震度１,34.49666667,139.21
2023/5/23,18:52:30,新島・神津島近海,34°28.8′N,139°12.2′E,9 km,2.2,震度１,34.48,139.2033333
2023/5/24,1:31:38,新島・神津島近海,34°29.1′N,139°12.7′E,9 km,4.1,震度３,34.485,139.2116667
2023/5/24,2:22:05,新島・神津島近海,34°30.1′N,139°13.0′E,11 km,2.9,震度２,34.50166667,139.2166667
2023/5/24,5:30:16,石川県能登地方,37°31.3′N,137°15.0′E,11 km,2.9,震度１,37.52166667,137.25
2023/5/24,9:50:10,新島・神津島近海,34°28.8′N,139°12.8′E,13 km,2.3,震度１,34.48,139.2133333
2023/5/24,15:15:35,新島・神津島近海,34°28.8′N,139°12.2′E,10 km,2.5,震度１,34.48,139.2033333
2023/5/24,19:26:05,能登半島沖,37°35.8′N,137°18.8′E,11 km,3.8,震度１,37.59666667,137.3133333
2023/5/24,19:46:52,トカラ列島近海,29°57.1′N,129°58.6′E,10 km,2.3,震度１,29.95166667,129.9766667
2023/5/24,22:16:35,トカラ列島近海,29°58.3′N,129°58.6′E,9 km,3.2,震度２,29.97166667,129.9766667
2023/5/25,6:55:49,トカラ列島近海,29°55.2′N,129°59.7′E,13 km,3,震度３,29.92,129.995
2023/5/25,9:15:31,浦河沖,42°05.3′N,142°34.3′E,67 km,4.2,震度２,42.08833333,142.5716667
2023/5/25,16:12:35,トカラ列島近海,29°57.6′N,129°59.3′E,9 km,2.7,震度１,29.96,129.9883333
2023/5/26,5:10:41,新島・神津島近海,34°29.7′N,139°13.0′E,11 km,2.3,震度２,34.495,139.2166667
2023/5/26,16:39:47,新島・神津島近海,34°24.8′N,139°13.1′E,10 km,2.6,震度１,34.41333333,139.2183333
2023/5/26,16:57:30,トカラ列島近海,29°54.9′N,130°02.3′E,13 km,2,震度１,29.915,130.0383333
2023/5/26,17:52:56,新島・神津島近海,34°30.4′N,139°12.4′E,7 km,2.3,震度１,34.50666667,139.2066667
2023/5/26,19:03:24,千葉県東方沖,35°38.4′N,140°40.3′E,50 km,6.2,震度５弱,35.64,140.6716667
2023/5/26,20:07:41,千葉県東方沖,35°39.1′N,140°45.8′E,48 km,4,震度１,35.65166667,140.7633333
2023/5/26,21:01:53,千葉県東方沖,35°39.0′N,140°45.9′E,48 km,4.4,震度２,35.65,140.765
2023/5/26,23:44:32,千葉県東方沖,35°38.8′N,140°40.1′E,50 km,3.4,震度２,35.64666667,140.6683333
2023/5/27,5:01:08,千葉県東方沖,35°41.4′N,140°45.1′E,46 km,3.9,震度１,35.69,140.7516667
2023/5/27,22:49:45,千葉県東方沖,35°38.4′N,140°42.1′E,49 km,4.1,震度２,35.64,140.7016667
2023/5/27,22:52:12,トカラ列島近海,29°56.6′N,129°58.2′E,12 km,4.6,震度４,29.94333333,129.97
2023/5/27,22:54:25,トカラ列島近海,29°57.2′N,129°58.6′E,7 km,2.8,震度１,29.95333333,129.9766667
2023/5/27,22:56:00,トカラ列島近海,29°57.4′N,129°58.8′E,7 km,2.5,震度１,29.95666667,129.98
2023/5/27,23:01:30,トカラ列島近海,29°56.9′N,129°58.0′E,11 km,3,震度２,29.94833333,129.9666667
2023/5/27,23:17:54,トカラ列島近海,29°56.5′N,129°58.4′E,11 km,3.1,震度２,29.94166667,129.9733333
2023/5/27,23:24:21,トカラ列島近海,29°56.5′N,129°58.8′E,13 km,3.2,震度１,29.94166667,129.98
2023/5/27,23:31:52,トカラ列島近海,29°57.1′N,129°58.5′E,8 km,2.3,震度１,29.95166667,129.975
2023/5/27,23:33:08,トカラ列島近海,29°56.5′N,129°59.7′E,8 km,3.1,震度３,29.94166667,129.995
2023/5/27,23:49:17,トカラ列島近海,29°56.7′N,129°58.0′E,12 km,2.7,震度１,29.945,129.9666667
2023/5/27,23:50:24,トカラ列島近海,29°56.8′N,129°58.8′E,13 km,2.5,震度１,29.94666667,129.98
2023/5/27,23:54:04,トカラ列島近海,29°57.1′N,129°59.4′E,7 km,2.6,震度１,29.95166667,129.99
2023/5/27,23:56:58,トカラ列島近海,29°57.1′N,129°58.9′E,8 km,2.5,震度１,29.95166667,129.9816667
2023/5/28,0:00:36,トカラ列島近海,29°58.1′N,129°57.7′E,7 km,3.1,震度２,29.96833333,129.9616667
2023/5/28,1:27:46,トカラ列島近海,29°57.5′N,129°58.9′E,4 km,2.6,震度１,29.95833333,129.9816667
2023/5/28,1:33:42,トカラ列島近海,29°56.6′N,129°58.4′E,11 km,2.7,震度２,29.94333333,129.9733333
2023/5/28,5:29:55,トカラ列島近海,29°57.3′N,129°58.2′E,9 km,3,震度２,29.955,129.97
2023/5/28,5:41:43,トカラ列島近海,29°56.9′N,129°58.5′E,10 km,3.3,震度２,29.94833333,129.975
2023/5/28,6:39:59,千葉県東方沖,35°48.6′N,140°56.3′E,27 km,3.4,震度２,35.81,140.9383333
2023/5/28,8:11:52,トカラ列島近海,29°57.8′N,129°58.6′E,4 km,2.9,震度１,29.96333333,129.9766667
2023/5/28,13:11:25,トカラ列島近海,29°55.6′N,130°01.7′E,13 km,2.6,震度２,29.92666667,130.0283333
2023/5/28,13:45:07,トカラ列島近海,29°57.2′N,129°58.0′E,10 km,2.1,震度１,29.95333333,129.9666667
2023/5/28,20:06:48,トカラ列島近海,29°55.9′N,130°00.5′E,13 km,2.8,震度２,29.93166667,130.0083333
2023/5/28,20:40:43,新島・神津島近海,34°26.8′N,139°17.0′E,11 km,2.3,震度１,34.44666667,139.2833333
2023/5/28,21:04:48,新島・神津島近海,34°26.6′N,139°17.0′E,12 km,2.8,震度２,34.44333333,139.2833333
2023/5/28,22:14:22,トカラ列島近海,29°56.7′N,129°59.2′E,11 km,2.5,震度２,29.945,129.9866667
2023/5/28,22:34:57,静岡県西部,34°51.7′N,137°44.2′E,31 km,3.1,震度１,34.86166667,137.7366667
2023/5/29,3:47:21,新島・神津島近海,34°26.3′N,139°16.7′E,12 km,2.1,震度１,34.43833333,139.2783333
2023/5/29,7:58:34,千葉県北東部,35°42.7′N,140°43.2′E,49 km,3.3,震度１,35.71166667,140.72
2023/5/29,14:02:33,トカラ列島近海,29°57.1′N,129°58.5′E,12 km,2.7,震度２,29.95166667,129.975
2023/5/29,14:38:49,千葉県北西部,35°34.6′N,140°07.9′E,69 km,3.3,震度１,35.57666667,140.1316667
2023/5/29,20:52:45,上川地方北部,44°50.2′N,142°08.1′E,0 km,2,震度２,44.83666667,142.135
2023/5/29,21:57:15,トカラ列島近海,29°57.4′N,129°54.5′E,11 km,2.9,震度２,29.95666667,129.9083333
2023/5/29,22:08:47,トカラ列島近海,29°57.5′N,129°54.9′E,10 km,2,震度１,29.95833333,129.915
2023/5/29,22:48:03,トカラ列島近海,29°57.6′N,129°54.2′E,10 km,2.3,震度１,29.96,129.9033333
2023/5/30,0:06:32,トカラ列島近海,29°59.1′N,129°54.7′E,1 km,1.9,震度１,29.985,129.9116667
2023/5/30,13:28:54,能登半島沖,37°31.0′N,137°21.4′E,4 km,2.8,震度１,37.51666667,137.3566667
2023/5/30,17:30:47,新島・神津島近海,34°19.6′N,139°14.1′E,7 km,1.8,震度１,34.32666667,139.235
2023/5/30,17:49:16,能登半島沖,37°30.6′N,137°23.4′E,4 km,4.6,震度４,37.51,137.39
2023/5/30,17:57:36,岐阜県飛騨地方,36°03.2′N,137°26.1′E,3 km,2.2,震度１,36.05333333,137.435
2023/5/30,19:24:06,石川県能登地方,37°27.6′N,137°16.1′E,9 km,2.6,震度２,37.46,137.2683333
2023/5/30,20:15:58,熊本県熊本地方,32°39.1′N,130°41.0′E,12 km,3.8,震度３,32.65166667,130.6833333
2023/5/30,22:52:02,福島県沖,37°30.7′N,141°43.8′E,44 km,3.9,震度２,37.51166667,141.73
2023/5/31,3:41:18,石川県能登地方,37°28.6′N,137°18.1′E,7 km,2.3,震度１,37.47666667,137.3016667
2023/5/31,4:06:53,岐阜県飛騨地方,36°03.2′N,137°26.1′E,3 km,2.8,震度１,36.05333333,137.435
2023/5/31,7:48:57,八丈島近海,33°25.5′N,139°21.6′E,23 km,4.3,震度１,33.425,139.36
2023/5/31,10:04:31,宮城県沖,38°53.5′N,141°58.3′E,49 km,3.7,震度１,38.89166667,141.9716667
2023/5/31,15:20:32,紀伊水道,33°50.8′N,134°59.2′E,11 km,3.1,震度１,33.84666667,134.9866667
2023/5/31,20:12:25,瀬戸内海中部,34°09.3′N,133°31.9′E,21 km,3.2,震度１,34.155,133.5316667
2023/5/31,21:15:15,和歌山県北部,33°54.8′N,135°13.0′E,8 km,2.6,震度１,33.91333333,135.2166667
2023/5/31,23:41:13,千葉県北東部,35°42.2′N,140°43.7′E,49 km,3.3,震度１,35.70333333,140.7283333
2023/6/1,0:03:47,能登半島沖,37°30.6′N,137°23.5′E,5 km,3.7,震度２,37.51,137.3916667
2023/6/1,0:03:51,宮城県沖,38°42.9′N,142°16.3′E,41 km,4.1,震度２,38.715,142.2716667
2023/6/1,10:29:43,トカラ列島近海,29°56.1′N,130°00.8′E,9 km,2.6,震度１,29.935,130.0133333
2023/6/1,11:28:29,トカラ列島近海,29°56.2′N,130°00.1′E,11 km,4.3,震度４,29.93666667,130.0016667
2023/6/1,11:31:59,トカラ列島近海,29°56.0′N,130°00.7′E,9 km,2.4,震度１,29.93333333,130.0116667
2023/6/1,11:41:58,トカラ列島近海,29°55.7′N,130°01.0′E,12 km,2.1,震度１,29.92833333,130.0166667
2023/6/1,11:58:39,トカラ列島近海,29°56.2′N,130°00.3′E,10 km,2.5,震度１,29.93666667,130.005
2023/6/1,12:04:14,茨城県沖,36°15.6′N,141°11.3′E,34 km,3.5,震度１,36.26,141.1883333
2023/6/1,15:00:04,トカラ列島近海,29°56.1′N,130°02.2′E,11 km,2.4,震度１,29.935,130.0366667
2023/6/1,16:40:01,奄美大島近海,28°17.8′N,129°35.6′E,31 km,3.3,震度１,28.29666667,129.5933333
2023/6/1,17:49:33,トカラ列島近海,29°56.2′N,130°00.3′E,11 km,2.3,震度１,29.93666667,130.005
2023/6/1,19:34:15,トカラ列島近海,29°57.5′N,130°00.3′E,4 km,2.3,震度１,29.95833333,130.005
2023/6/1,20:11:07,トカラ列島近海,29°56.3′N,129°59.9′E,11 km,3.7,震度３,29.93833333,129.9983333
2023/6/1,20:27:00,トカラ列島近海,29°56.2′N,130°00.2′E,12 km,3.1,震度２,29.93666667,130.0033333
2023/6/1,20:47:13,トカラ列島近海,29°56.2′N,130°02.5′E,11 km,2.4,震度１,29.93666667,130.0416667
2023/6/1,22:14:39,トカラ列島近海,29°55.6′N,129°59.5′E,10 km,2.4,震度１,29.92666667,129.9916667
2023/6/2,2:55:21,岐阜県飛騨地方,36°03.3′N,137°26.1′E,3 km,2.8,震度１,36.055,137.435
2023/6/2,2:57:02,岐阜県飛騨地方,36°03.2′N,137°26.1′E,4 km,2.3,震度１,36.05333333,137.435
2023/6/2,6:36:50,トカラ列島近海,29°56.4′N,130°00.9′E,10 km,2.3,震度１,29.94,130.015
2023/6/2,13:04:00,茨城県沖,36°38.9′N,140°55.5′E,48 km,3.2,震度１,36.64833333,140.925
2023/6/2,16:45:21,津軽海峡,41°34.6′N,140°37.5′E,13 km,3.3,震度１,41.57666667,140.625
2023/6/2,17:06:55,岐阜県飛騨地方,36°03.3′N,137°26.1′E,3 km,2.6,震度１,36.055,137.435
2023/6/2,20:28:13,岐阜県飛騨地方,36°03.3′N,137°26.1′E,4 km,2.3,震度１,36.055,137.435
2023/6/3,1:51:41,和歌山県北部,34°01.4′N,135°14.0′E,6 km,2.1,震度１,34.02333333,135.2333333
2023/6/3,14:13:04,能登半島沖,37°32.1′N,137°11.7′E,8 km,2.4,震度１,37.535,137.195
2023/6/3,14:59:26,新潟県中越地方,37°18.3′N,138°51.7′E,17 km,2.8,震度１,37.305,138.8616667
2023/6/3,19:35:40,浦河沖,42°00.3′N,142°34.2′E,65 km,5.1,震度３,42.005,142.57
2023/6/4,1:17:54,トカラ列島近海,29°56.3′N,130°00.8′E,10 km,2.9,震度１,29.93833333,130.0133333
2023/6/4,2:19:13,トカラ列島近海,29°56.3′N,130°00.7′E,11 km,2.4,震度１,29.93833333,130.0116667
2023/6/4,3:57:32,釧路沖,42°54.2′N,145°29.9′E,40 km,3.6,震度１,42.90333333,145.4983333
2023/6/4,4:45:02,トカラ列島近海,29°56.4′N,129°58.3′E,12 km,2.2,震度１,29.94,129.9716667
2023/6/4,6:12:23,能登半島沖,37°29.2′N,137°23.4′E,3 km,3,震度２,37.48666667,137.39
2023/6/4,10:58:33,千葉県北西部,35°48.7′N,140°04.1′E,70 km,4.6,震度３,35.81166667,140.0683333
2023/6/4,14:37:30,秋田県内陸南部,39°36.9′N,140°37.6′E,5 km,2.8,震度１,39.615,140.6266667
2023/6/4,15:50:12,千葉県北西部,35°39.4′N,140°10.5′E,51 km,3.6,震度１,35.65666667,140.175
2023/6/4,19:42:43,トカラ列島近海,29°56.2′N,130°00.5′E,12 km,3.3,震度２,29.93666667,130.0083333
2023/6/4,20:35:30,トカラ列島近海,29°46.2′N,129°50.6′E,10 km,2.5,震度１,29.77,129.8433333
2023/6/4,20:45:27,トカラ列島近海,29°46.1′N,129°51.0′E,10 km,2.1,震度１,29.76833333,129.85
2023/6/4,22:59:13,福島県沖,37°13.8′N,142°09.8′E,24 km,4.4,震度１,37.23,142.1633333
2023/6/5,10:28:56,広島県北部,34°56.8′N,132°49.3′E,9 km,2.8,震度１,34.94666667,132.8216667
2023/6/5,11:35:06,宮城県沖,38°28.9′N,142°07.7′E,41 km,4.3,震度２,38.48166667,142.1283333
2023/6/5,13:01:16,能登半島沖,37°34.4′N,137°16.5′E,9 km,3.4,震度１,37.57333333,137.275
2023/6/5,21:45:52,茨城県沖,36°31.8′N,141°13.0′E,46 km,3.5,震度１,36.53,141.2166667
2023/6/6,4:51:57,トカラ列島近海,29°58.5′N,129°59.2′E,8 km,2.8,震度１,29.975,129.9866667
2023/6/6,5:46:29,千葉県東方沖,35°50.8′N,140°55.0′E,25 km,3.7,震度２,35.84666667,140.9166667
2023/6/6,6:05:34,宮城県沖,38°55.2′N,141°56.4′E,51 km,4,震度１,38.92,141.94
2023/6/6,6:25:01,茨城県北部,36°49.2′N,140°35.3′E,7 km,4,震度２,36.82,140.5883333
2023/6/6,7:18:22,トカラ列島近海,29°58.0′N,129°59.0′E,11 km,2.6,震度１,29.96666667,129.9833333
2023/6/6,10:26:09,秋田県内陸南部,39°36.3′N,140°34.4′E,6 km,3,震度２,39.605,140.5733333
2023/6/6,18:17:51,岐阜県飛騨地方,36°06.7′N,137°17.5′E,11 km,3,震度１,36.11166667,137.2916667
2023/6/6,21:17:38,トカラ列島近海,29°56.0′N,130°00.9′E,12 km,2.2,震度２,29.93333333,130.015
2023/6/7,7:46:46,トカラ列島近海,29°58.0′N,129°55.5′E,7 km,2.3,震度１,29.96666667,129.925
2023/6/7,16:50:17,トカラ列島近海,29°56.1′N,130°00.8′E,11 km,2.4,震度１,29.935,130.0133333
2023/6/7,18:43:26,トカラ列島近海,29°56.8′N,129°58.7′E,12 km,2.5,震度１,29.94666667,129.9783333
2023/6/8,4:54:47,茨城県北部,36°28.9′N,140°31.5′E,57 km,3.4,震度２,36.48166667,140.525
2023/6/8,18:02:46,熊本県熊本地方,32°30.9′N,130°34.3′E,8 km,2.3,震度１,32.515,130.5716667
2023/6/8,19:34:28,福島県沖,37°45.4′N,141°41.4′E,62 km,4.2,震度２,37.75666667,141.69
2023/6/8,21:37:34,千葉県東方沖,35°39.2′N,140°43.4′E,45 km,2.9,震度１,35.65333333,140.7233333
2023/6/8,21:49:38,能登半島沖,37°33.6′N,137°17.5′E,10 km,3.1,震度１,37.56,137.2916667
2023/6/9,1:43:45,和歌山県北部,33°58.1′N,135°30.5′E,49 km,2.9,震度１,33.96833333,135.5083333
2023/6/9,5:10:58,石川県能登地方,37°27.4′N,137°16.3′E,9 km,2.5,震度１,37.45666667,137.2716667
2023/6/9,6:20:57,薩摩半島西方沖,31°12.5′N,130°16.5′E,181 km,4.7,震度１,31.20833333,130.275
2023/6/9,8:35:27,奄美大島近海,28°41.3′N,129°20.4′E,70 km,3.7,震度１,28.68833333,129.34
2023/6/9,20:45:32,能登半島沖,37°29.4′N,137°24.0′E,4 km,3.8,震度３,37.49,137.4
2023/6/9,22:48:05,石川県能登地方,37°30.9′N,137°12.6′E,8 km,3.1,震度２,37.515,137.21
2023/6/10,3:30:43,新島・神津島近海,34°28.0′N,139°12.9′E,9 km,2.9,震度２,34.46666667,139.215
2023/6/10,3:41:49,熊本県阿蘇地方,32°56.6′N,131°02.2′E,8 km,2.4,震度１,32.94333333,131.0366667
2023/6/10,3:45:35,新島・神津島近海,34°27.9′N,139°12.9′E,9 km,2.3,震度１,34.465,139.215
2023/6/10,6:21:41,能登半島沖,37°32.0′N,137°11.9′E,9 km,3,震度２,37.53333333,137.1983333
2023/6/10,17:57:37,宮城県沖,38°44.9′N,141°59.8′E,57 km,3.7,震度２,38.74833333,141.9966667
2023/6/10,18:22:24,宗谷地方北部,45°12.6′N,141°44.2′E,11 km,2.5,震度１,45.21,141.7366667
2023/6/11,1:01:48,石川県能登地方,37°30.3′N,137°14.7′E,12 km,3.1,震度１,37.505,137.245
2023/6/11,1:20:54,和歌山県北部,33°51.8′N,135°12.9′E,51 km,4.1,震度２,33.86333333,135.215
2023/6/11,2:44:57,福島県中通り,36°59.4′N,140°23.7′E,83 km,2.8,震度１,36.99,140.395
2023/6/11,5:53:46,宗谷地方北部,45°12.6′N,141°44.4′E,11 km,2.7,震度１,45.21,141.74
2023/6/11,18:54:45,苫小牧沖,42°33.5′N,141°54.9′E,136 km,6.2,震度５弱,42.55833333,141.915
2023/6/11,21:25:39,与那国島近海,24°09.0′N,122°29.2′E,47 km,4.8,震度１,24.15,122.4866667
2023/6/12,3:56:36,トカラ列島近海,29°55.2′N,130°03.2′E,13 km,2.4,震度１,29.92,130.0533333
2023/6/12,6:27:24,兵庫県南東部,35°10.6′N,134°59.9′E,12 km,2.7,震度１,35.17666667,134.9983333
2023/6/12,10:06:34,トカラ列島近海,29°55.4′N,130°01.1′E,12 km,2.1,震度１,29.92333333,130.0183333
2023/6/12,13:50:52,岩手県沖,39°20.9′N,141°56.4′E,57 km,3.7,震度１,39.34833333,141.94
2023/6/13,7:32:05,能登半島沖,37°30.9′N,137°11.9′E,9 km,3,震度２,37.515,137.1983333
2023/6/13,15:49:08,トカラ列島近海,29°45.3′N,129°52.0′E,8 km,2.2,震度２,29.755,129.8666667
2023/6/13,17:03:13,トカラ列島近海,29°46.8′N,129°50.3′E,10 km,2.3,震度１,29.78,129.8383333
2023/6/14,8:23:29,トカラ列島近海,29°46.4′N,129°49.3′E,11 km,3,震度３,29.77333333,129.8216667
2023/6/14,8:30:18,トカラ列島近海,29°46.1′N,129°50.1′E,11 km,2.5,震度２,29.76833333,129.835
2023/6/14,8:43:55,トカラ列島近海,29°46.1′N,129°50.1′E,10 km,2.8,震度２,29.76833333,129.835
2023/6/14,19:01:29,能登半島沖,37°35.6′N,137°19.5′E,10 km,3.6,震度２,37.59333333,137.325
2023/6/14,23:25:26,奄美大島北東沖,29°13.5′N,130°29.4′E,61 km,4.3,震度１,29.225,130.49
2023/6/15,0:06:42,千葉県北東部,35°42.4′N,140°42.0′E,50 km,4.2,震度２,35.70666667,140.7
2023/6/15,0:07:39,千葉県北東部,35°43.2′N,140°40.9′E,48 km,4.2,震度２,35.72,140.6816667
2023/6/15,3:49:32,能登半島沖,37°29.1′N,137°22.7′E,2 km,2.6,震度１,37.485,137.3783333
2023/6/15,5:24:14,茨城県北部,36°46.1′N,140°33.3′E,7 km,2.9,震度１,36.76833333,140.555
2023/6/15,7:42:22,新島・神津島近海,34°29.9′N,139°13.1′E,11 km,2.5,震度１,34.49833333,139.2183333
2023/6/15,16:31:43,能登半島沖,37°35.6′N,137°16.9′E,10 km,3.6,震度１,37.59333333,137.2816667
2023/6/16,12:20:43,トカラ列島近海,29°56.6′N,130°00.1′E,10 km,2.4,震度２,29.94333333,130.0016667
2023/6/16,12:53:39,薩摩半島西方沖,31°35.7′N,130°19.8′E,6 km,2.8,震度２,31.595,130.33
2023/6/16,21:14:03,千葉県北西部,35°48.6′N,140°07.5′E,66 km,4,震度２,35.81,140.125
2023/6/16,21:24:10,千葉県北東部,35°42.3′N,140°42.7′E,49 km,4.9,震度４,35.705,140.7116667
2023/6/17,3:49:39,トカラ列島近海,29°56.4′N,130°01.0′E,10 km,2.3,震度１,29.94,130.0166667
2023/6/17,9:26:17,青森県東方沖,41°08.0′N,142°50.6′E,30 km,5.7,震度３,41.13333333,142.8433333
2023/6/17,18:37:43,日高地方東部,42°14.4′N,142°54.5′E,54 km,4.1,震度２,42.24,142.9083333
2023/6/17,20:36:00,オホーツク海南部,47°11.7′N,147°50.8′E,457 km,5.8,震度２,47.195,147.8466667
2023/6/17,20:42:40,青森県東方沖,41°23.1′N,142°41.3′E,35 km,5,震度２,41.385,142.6883333
2023/6/18,19:33:09,岐阜県飛騨地方,36°22.0′N,137°36.9′E,2 km,3.2,震度１,36.36666667,137.615
2023/6/19,0:52:17,伊豆大島近海,34°45.5′N,139°16.3′E,0 km,2.3,震度１,34.75833333,139.2716667
2023/6/19,0:53:24,伊豆大島近海,34°45.6′N,139°17.0′E,0 km,2.7,震度１,34.76,139.2833333
2023/6/19,0:54:25,伊豆大島近海,34°45.5′N,139°17.2′E,0 km,2.3,震度１,34.75833333,139.2866667
2023/6/19,1:58:44,大隅半島東方沖,31°14.3′N,131°37.2′E,28 km,4.7,震度３,31.23833333,131.62
2023/6/19,4:59:06,福島県会津,37°03.0′N,139°20.4′E,8 km,2.5,震度１,37.05,139.34
2023/6/19,5:37:02,大隅半島東方沖,31°15.6′N,131°38.1′E,27 km,4.2,震度２,31.26,131.635
2023/6/19,9:44:23,伊豆大島近海,34°45.3′N,139°17.4′E,0 km,2.3,震度１,34.755,139.29
2023/6/19,10:19:55,伊豆大島近海,34°45.5′N,139°17.3′E,0 km,2,震度１,34.75833333,139.2883333
2023/6/19,10:26:09,伊豆大島近海,34°45.0′N,139°17.4′E,0 km,2.1,震度１,34.75,139.29
2023/6/19,10:31:42,伊豆大島近海,34°44.9′N,139°17.3′E,0 km,2.6,震度１,34.74833333,139.2883333
2023/6/19,10:32:45,伊豆大島近海,34°45.0′N,139°17.2′E,0 km,2.7,震度２,34.75,139.2866667
2023/6/19,10:39:17,トカラ列島近海,29°55.2′N,130°02.9′E,13 km,3,震度２,29.92,130.0483333
2023/6/19,13:50:46,十勝地方南部,42°29.4′N,143°01.2′E,59 km,5,震度３,42.49,143.02
2023/6/20,8:44:41,埼玉県南部,35°51.0′N,139°36.8′E,59 km,3.7,震度２,35.85,139.6133333
2023/6/20,8:47:11,大隅半島東方沖,31°15.8′N,131°37.7′E,27 km,3.9,震度１,31.26333333,131.6283333
2023/6/20,10:53:11,トカラ列島近海,29°55.9′N,130°01.2′E,12 km,3,震度２,29.93166667,130.02
2023/6/20,18:25:02,宮城県沖,38°32.3′N,141°44.2′E,53 km,3.7,震度１,38.53833333,141.7366667
2023/6/20,20:10:33,長野県北部,36°33.1′N,137°46.6′E,1 km,4,震度３,36.55166667,137.7766667
2023/6/21,0:10:33,福島県会津,37°03.0′N,139°20.2′E,7 km,2.2,震度１,37.05,139.3366667
2023/6/21,1:10:24,岩手県内陸南部,39°03.9′N,140°52.4′E,8 km,3.3,震度１,39.065,140.8733333
2023/6/21,6:17:28,愛知県西部,35°05.5′N,137°03.3′E,41 km,3.1,震度１,35.09166667,137.055
2023/6/21,6:21:59,岩手県沖,39°05.6′N,142°12.5′E,42 km,3.7,震度１,39.09333333,142.2083333
2023/6/21,9:21:05,愛知県西部,35°13.6′N,137°15.5′E,44 km,3.4,震度２,35.22666667,137.2583333
2023/6/21,15:55:33,石川県能登地方,37°30.8′N,137°12.4′E,9 km,2.7,震度１,37.51333333,137.2066667
2023/6/21,17:45:53,東京湾,35°37.4′N,139°54.4′E,69 km,3.4,震度１,35.62333333,139.9066667
2023/6/22,1:07:43,トカラ列島近海,29°56.9′N,129°59.3′E,11 km,3.1,震度１,29.94833333,129.9883333
2023/6/22,10:24:18,沖縄本島近海,26°24.7′N,127°54.5′E,39 km,5.2,震度３,26.41166667,127.9083333
2023/6/22,16:39:47,青森県東方沖,41°35.0′N,142°05.4′E,55 km,4.1,震度３,41.58333333,142.09
2023/6/22,18:31:40,茨城県沖,36°38.6′N,140°54.1′E,50 km,3.8,震度２,36.64333333,140.9016667
2023/6/22,19:30:39,空知地方南部,43°04.9′N,141°57.6′E,157 km,4.6,震度２,43.08166667,141.96
2023/6/22,21:47:25,トカラ列島近海,29°56.8′N,129°59.0′E,12 km,3.2,震度２,29.94666667,129.9833333
2023/6/23,7:06:23,和歌山県北部,34°05.7′N,135°09.6′E,4 km,2.3,震度１,34.095,135.16
2023/6/23,11:57:09,和歌山県北部,34°01.8′N,135°15.2′E,5 km,2.3,震度１,34.03,135.2533333
2023/6/23,20:07:13,長野県北部,36°34.2′N,137°52.0′E,8 km,2.1,震度１,36.57,137.8666667
2023/6/24,0:43:30,硫黄島近海,25°24.9′N,141°32.7′E,124 km,4.9,震度１,25.415,141.545
2023/6/24,2:39:13,宗谷東方沖,45°42.2′N,143°11.0′E,338 km,5.8,震度２,45.70333333,143.1833333
2023/6/24,4:04:32,静岡県西部,34°59.8′N,137°49.0′E,11 km,2.8,震度１,34.99666667,137.8166667
2023/6/24,9:58:31,福島県沖,37°17.1′N,141°48.6′E,40 km,5,震度３,37.285,141.81
2023/6/24,20:39:19,宮城県沖,38°28.0′N,142°05.0′E,57 km,3.8,震度１,38.46666667,142.0833333
2023/6/24,21:24:28,福島県浜通り,37°06.7′N,140°52.5′E,98 km,3.4,震度１,37.11166667,140.875
2023/6/24,22:50:10,長野県北部,36°33.2′N,137°46.4′E,1 km,2.6,震度１,36.55333333,137.7733333
2023/6/25,9:07:38,岐阜県飛騨地方,35°59.8′N,137°31.8′E,10 km,3.2,震度２,35.99666667,137.53
2023/6/25,17:46:30,岩手県沖,40°09.0′N,142°01.1′E,61 km,3.7,震度１,40.15,142.0183333
2023/6/25,18:17:51,福島県沖,37°31.7′N,141°23.6′E,52 km,3.7,震度１,37.52833333,141.3933333
2023/6/25,23:52:45,長野県北部,36°32.9′N,137°46.8′E,0 km,3,震度２,36.54833333,137.78
2023/6/26,1:49:35,岩手県沖,39°06.1′N,142°07.4′E,45 km,3.3,震度１,39.10166667,142.1233333
2023/6/27,3:24:39,岐阜県飛騨地方,36°13.9′N,137°07.0′E,8 km,2.4,震度１,36.23166667,137.1166667
2023/6/27,23:28:03,鹿児島湾,31°40.9′N,130°45.7′E,6 km,2,震度１,31.68166667,130.7616667
2023/6/28,0:55:21,能登半島沖,37°28.9′N,137°22.8′E,4 km,3.3,震度２,37.48166667,137.38
2023/6/28,8:38:18,日本海北部,42°09.4′N,134°28.0′E,518 km,6.3,震度３,42.15666667,134.4666667
2023/6/28,12:08:09,千葉県東方沖,35°41.5′N,141°25.0′E,9 km,4.5,震度２,35.69166667,141.4166667
2023/6/28,13:27:05,千葉県東方沖,35°40.6′N,141°24.8′E,8 km,4.2,震度１,35.67666667,141.4133333
2023/6/28,14:25:37,日高地方東部,42°16.5′N,142°45.2′E,31 km,3.4,震度２,42.275,142.7533333
2023/6/28,15:02:10,茨城県北部,36°23.5′N,140°34.0′E,54 km,2.8,震度１,36.39166667,140.5666667
2023/6/28,17:22:41,上川地方北部,44°53.0′N,142°06.8′E,7 km,3.1,震度２,44.88333333,142.1133333
2023/6/29,2:27:35,京都府南部,35°01.1′N,135°34.9′E,8 km,1.9,震度１,35.01833333,135.5816667
2023/6/29,20:01:10,奄美大島近海,28°19.7′N,129°26.8′E,27 km,3.1,震度２,28.32833333,129.4466667
2023/6/29,22:20:32,石垣島近海,24°50.6′N,124°10.6′E,79 km,3.7,震度１,24.84333333,124.1766667
2023/6/30,0:48:05,茨城県沖,36°31.6′N,140°41.8′E,55 km,3.9,震度２,36.52666667,140.6966667
2023/6/30,7:09:07,和歌山県北部,34°13.4′N,135°28.3′E,7 km,2.6,震度１,34.22333333,135.4716667
2023/6/30,10:46:33,沖縄本島近海,26°12.0′N,126°32.6′E,77 km,3.5,震度１,26.2,126.5433333
2023/6/30,13:46:14,日向灘,32°42.3′N,132°02.0′E,40 km,3.3,震度１,32.705,132.0333333
2023/6/30,14:23:38,茨城県沖,36°38.7′N,140°55.9′E,49 km,4,震度３,36.645,140.9316667
2023/6/30,14:56:45,長野県北部,36°32.8′N,137°47.2′E,1 km,2,震度１,36.54666667,137.7866667
2023/6/30,15:52:24,和歌山県北部,33°50.4′N,135°18.4′E,50 km,3.1,震度１,33.84,135.3066667
2023/6/30,18:28:23,広島県北部,34°48.3′N,132°34.2′E,16 km,2.9,震度１,34.805,132.57
2023/7/1,0:17:55,石川県能登地方,37°31.7′N,137°19.1′E,13 km,2.5,震度１,37.52833333,137.3183333
2023/7/1,2:57:18,宮古島近海,24°17.8′N,124°55.8′E,56 km,4.2,震度２,24.29666667,124.93
2023/7/1,23:38:55,千葉県東方沖,35°33.2′N,140°59.2′E,36 km,4.9,震度２,35.55333333,140.9866667
2023/7/2,2:57:13,兵庫県南東部,34°57.1′N,135°22.3′E,6 km,3.3,震度２,34.95166667,135.3716667
2023/7/2,4:16:51,兵庫県南東部,34°57.1′N,135°22.3′E,7 km,2.4,震度１,34.95166667,135.3716667
2023/7/2,16:30:23,新潟県中越地方,37°05.8′N,138°38.6′E,9 km,2,震度１,37.09666667,138.6433333
2023/7/2,21:49:55,茨城県沖,36°05.1′N,141°05.2′E,38 km,3.4,震度１,36.085,141.0866667
2023/7/2,21:58:16,紀伊水道,34°09.3′N,135°05.2′E,9 km,3.3,震度２,34.155,135.0866667
2023/7/2,23:53:33,福井県嶺北,35°54.2′N,136°41.7′E,10 km,3,震度１,35.90333333,136.695
2023/7/3,3:09:56,熊本県熊本地方,32°28.2′N,130°38.1′E,9 km,3.1,震度１,32.47,130.635
2023/7/3,9:36:02,和歌山県北部,34°01.7′N,135°15.3′E,5 km,2,震度１,34.02833333,135.255
2023/7/3,13:34:43,長野県北部,36°40.2′N,138°13.2′E,8 km,3.1,震度２,36.67,138.22
2023/7/3,15:22:52,熊本県熊本地方,33°00.8′N,130°34.5′E,10 km,2.5,震度１,33.01333333,130.575
2023/7/3,16:44:42,長野県北部,36°40.2′N,138°13.3′E,7 km,3,震度２,36.67,138.2216667
2023/7/5,1:32:07,小笠原諸島西方沖,28°41.4′N,139°41.9′E,454 km,5.5,震度１,28.69,139.6983333
2023/7/6,1:43:17,和歌山県北部,34°06.0′N,135°10.9′E,6 km,2.3,震度１,34.1,135.1816667
2023/7/6,1:49:51,日高地方中部,42°26.5′N,142°36.4′E,23 km,4.3,震度２,42.44166667,142.6066667
2023/7/6,18:57:23,奈良県,34°12.3′N,135°55.1′E,48 km,3.4,震度１,34.205,135.9183333
2023/7/7,0:32:31,群馬県南部,36°21.3′N,139°09.1′E,16 km,2.4,震度１,36.355,139.1516667
2023/7/7,1:43:49,上川地方中部,43°35.4′N,142°29.2′E,7 km,1.3,震度１,43.59,142.4866667
2023/7/7,6:59:10,根室半島南東沖,43°24.8′N,146°08.1′E,60 km,3.7,震度２,43.41333333,146.135
2023/7/7,13:50:58,滋賀県北部,35°35.3′N,136°18.5′E,38 km,2.8,震度１,35.58833333,136.3083333
2023/7/7,13:59:12,岩手県沖,40°16.7′N,142°27.8′E,35 km,3.9,震度１,40.27833333,142.4633333
2023/7/7,22:44:52,十勝地方北部,43°30.5′N,143°47.1′E,8 km,3,震度１,43.50833333,143.785
2023/7/8,3:31:43,佐渡付近,37°47.1′N,138°24.4′E,21 km,3.5,震度１,37.785,138.4066667
2023/7/8,11:19:02,石川県能登地方,37°30.3′N,137°13.6′E,12 km,2.9,震度１,37.505,137.2266667
2023/7/8,13:35:04,熊本県阿蘇地方,32°54.4′N,131°02.6′E,6 km,2.4,震度１,32.90666667,131.0433333
2023/7/8,13:37:44,宮城県沖,38°54.0′N,142°23.9′E,48 km,4.1,震度２,38.9,142.3983333
2023/7/8,16:00:26,十勝地方中部,42°49.2′N,143°47.4′E,36 km,2.9,震度１,42.82,143.79
2023/7/8,21:36:06,能登半島沖,37°31.2′N,137°13.4′E,13 km,4,震度３,37.52,137.2233333
2023/7/9,3:35:34,秋田県内陸北部,40°25.5′N,140°37.7′E,4 km,1.7,震度１,40.425,140.6283333
2023/7/9,4:22:05,有明海,32°48.1′N,130°33.1′E,12 km,3,震度１,32.80166667,130.5516667
2023/7/9,20:44:04,千葉県南東沖,34°57.8′N,140°20.5′E,73 km,3.8,震度１,34.96333333,140.3416667
2023/7/9,21:56:08,茨城県沖,36°14.2′N,140°56.9′E,44 km,3.5,震度１,36.23666667,140.9483333
2023/7/10,4:52:23,千葉県北東部,35°39.6′N,140°25.1′E,66 km,4.5,震度２,35.66,140.4183333
2023/7/10,7:31:51,栃木県南部,36°35.2′N,139°31.7′E,6 km,3.1,震度１,36.58666667,139.5283333
2023/7/10,9:02:34,駿河湾,34°39.4′N,138°31.6′E,28 km,3.3,震度１,34.65666667,138.5266667
2023/7/10,10:40:51,千葉県北東部,35°42.4′N,140°39.2′E,50 km,4,震度２,35.70666667,140.6533333
2023/7/10,20:12:39,群馬県南部,36°15.8′N,139°18.8′E,112 km,3.3,震度１,36.26333333,139.3133333
2023/7/10,21:25:48,福島県浜通り,37°01.8′N,140°57.7′E,73 km,4,震度２,37.03,140.9616667
2023/7/10,22:10:26,千葉県北東部,35°42.4′N,140°38.6′E,50 km,3.1,震度１,35.70666667,140.6433333
2023/7/11,8:32:19,奄美大島近海,28°18.4′N,129°18.2′E,18 km,2.9,震度１,28.30666667,129.3033333
2023/7/11,10:59:36,長野県南部,35°50.6′N,137°40.5′E,6 km,2.2,震度１,35.84333333,137.675
2023/7/11,19:30:43,岐阜県飛騨地方,36°21.9′N,137°37.5′E,2 km,2.5,震度１,36.365,137.625
2023/7/12,6:08:27,栃木県南部,36°24.9′N,139°45.9′E,86 km,3,震度１,36.415,139.765
2023/7/12,13:46:30,奄美大島近海,28°07.8′N,129°30.5′E,35 km,2.9,震度１,28.13,129.5083333
2023/7/12,23:57:22,能登半島沖,37°30.7′N,137°22.2′E,4 km,3.6,震度２,37.51166667,137.37
2023/7/13,5:41:20,岩手県沖,40°20.3′N,142°02.2′E,52 km,3.7,震度１,40.33833333,142.0366667
2023/7/13,13:43:54,岩手県沖,40°02.1′N,142°43.3′E,34 km,5,震度２,40.035,142.7216667
2023/7/13,16:01:58,石川県能登地方,37°31.3′N,137°19.3′E,13 km,2.5,震度１,37.52166667,137.3216667
2023/7/14,1:01:53,茨城県南部,36°15.8′N,140°03.8′E,55 km,3.2,震度１,36.26333333,140.0633333
2023/7/14,16:47:28,能登半島沖,37°30.1′N,137°22.4′E,4 km,3.1,震度１,37.50166667,137.3733333
2023/7/14,20:37:12,新潟県中越地方,37°17.3′N,138°51.3′E,12 km,2.2,震度１,37.28833333,138.855
2023/7/15,14:40:12,熊本県熊本地方,32°55.0′N,130°33.0′E,7 km,2.6,震度１,32.91666667,130.55
2023/7/15,21:49:21,トカラ列島近海,29°55.5′N,130°01.7′E,14 km,2.8,震度２,29.925,130.0283333
2023/7/16,13:43:53,和歌山県北部,34°11.5′N,135°11.0′E,5 km,2.2,震度１,34.19166667,135.1833333
2023/7/16,13:59:08,能登半島沖,37°10.4′N,136°38.0′E,7 km,2.5,震度１,37.17333333,136.6333333
2023/7/16,14:22:06,奈良県,34°05.4′N,135°35.5′E,64 km,4,震度２,34.09,135.5916667
2023/7/16,17:36:19,和歌山県北部,34°11.5′N,135°11.2′E,5 km,2,震度１,34.19166667,135.1866667
2023/7/16,19:47:53,熊本県熊本地方,32°55.1′N,130°33.1′E,7 km,2.4,震度１,32.91833333,130.5516667
2023/7/16,19:55:43,熊本県熊本地方,32°36.3′N,130°43.5′E,6 km,2,震度１,32.605,130.725
2023/7/16,21:54:56,能登半島沖,37°35.8′N,137°20.2′E,9 km,3.8,震度２,37.59666667,137.3366667
2023/7/17,1:19:25,能登半島沖,37°32.2′N,137°11.8′E,8 km,3.2,震度２,37.53666667,137.1966667
2023/7/17,4:42:03,父島近海,27°01.2′N,142°32.8′E,74 km,4,震度１,27.02,142.5466667
2023/7/17,8:03:20,和歌山県北部,34°11.6′N,135°11.2′E,5 km,2.6,震度１,34.19333333,135.1866667
2023/7/17,9:37:12,十勝地方中部,42°47.2′N,143°21.4′E,111 km,4.5,震度３,42.78666667,143.3566667
2023/7/17,10:22:41,上川地方南部,43°00.2′N,142°19.8′E,0 km,2.5,震度１,43.00333333,142.33
2023/7/18,7:33:23,福島県沖,37°25.9′N,141°26.8′E,33 km,3.7,震度２,37.43166667,141.4466667
2023/7/18,20:00:55,福島県沖,36°51.7′N,140°53.0′E,57 km,3.7,震度１,36.86166667,140.8833333
2023/7/19,1:29:58,能登半島沖,37°32.3′N,137°12.5′E,9 km,2.6,震度１,37.53833333,137.2083333
2023/7/19,19:56:07,石川県能登地方,37°27.6′N,137°07.9′E,12 km,3.2,震度１,37.46,137.1316667
2023/7/19,22:40:14,福島県沖,37°50.3′N,141°36.2′E,50 km,4.1,震度２,37.83833333,141.6033333
2023/7/20,0:08:30,鹿児島県薩摩地方,31°31.8′N,130°21.1′E,2 km,2.3,震度１,31.53,130.3516667
2023/7/20,0:16:13,石川県能登地方,37°29.7′N,137°11.9′E,12 km,2.7,震度１,37.495,137.1983333
2023/7/20,2:11:16,紀伊水道,34°13.1′N,135°07.4′E,7 km,2.7,震度２,34.21833333,135.1233333
2023/7/20,3:48:53,大分県中部,33°17.3′N,131°28.9′E,5 km,1.9,震度１,33.28833333,131.4816667
2023/7/20,4:42:28,長野県南部,35°56.1′N,137°46.4′E,9 km,3.7,震度２,35.935,137.7733333
2023/7/20,4:51:20,大分県中部,33°17.3′N,131°29.0′E,5 km,2,震度１,33.28833333,131.4833333
2023/7/20,9:44:02,トカラ列島近海,29°56.3′N,130°00.9′E,11 km,2.6,震度１,29.93833333,130.015
2023/7/20,12:51:26,長野県南部,35°56.2′N,137°46.6′E,9 km,2.8,震度１,35.93666667,137.7766667
2023/7/20,13:08:12,千葉県北東部,35°43.2′N,140°43.3′E,50 km,4.4,震度３,35.72,140.7216667
2023/7/20,16:53:56,福島県沖,37°38.0′N,141°49.3′E,31 km,4.3,震度１,37.63333333,141.8216667
2023/7/21,3:16:45,群馬県南部,36°26.4′N,139°11.5′E,14 km,2.5,震度１,36.44,139.1916667
2023/7/21,7:43:24,山梨県東部・富士五湖,35°32.8′N,138°56.7′E,30 km,2.4,震度１,35.54666667,138.945
2023/7/21,20:40:46,福島県沖,37°40.0′N,141°32.6′E,52 km,3.9,震度１,37.66666667,141.5433333
2023/7/21,21:44:03,長野県北部,36°30.6′N,137°46.4′E,1 km,1.7,震度１,36.51,137.7733333
2023/7/22,1:37:54,福島県中通り,37°10.2′N,140°06.9′E,7 km,2.6,震度１,37.17,140.115
2023/7/22,10:52:29,茨城県沖,36°26.4′N,140°41.3′E,52 km,4.8,震度４,36.44,140.6883333
2023/7/22,13:44:30,長野県南部,35°52.8′N,137°25.9′E,6 km,3.6,震度２,35.88,137.4316667
2023/7/22,16:00:49,長野県南部,35°52.9′N,137°25.9′E,6 km,2.9,震度１,35.88166667,137.4316667
2023/7/22,21:14:27,日向灘,32°36.9′N,132°13.6′E,37 km,5,震度４,32.615,132.2266667
2023/7/22,23:11:10,茨城県沖,36°23.9′N,141°08.3′E,39 km,3.2,震度１,36.39833333,141.1383333
2023/7/23,2:28:51,日向灘,32°37.6′N,132°13.2′E,37 km,3,震度１,32.62666667,132.22
2023/7/23,8:09:33,奄美大島近海,27°59.5′N,129°11.6′E,26 km,3.5,震度１,27.99166667,129.1933333
2023/7/23,10:28:55,長野県北部,36°47.7′N,138°06.0′E,6 km,2.7,震度１,36.795,138.1
2023/7/23,12:36:38,茨城県沖,36°36.3′N,140°57.0′E,86 km,3.8,震度２,36.605,140.95
2023/7/24,10:16:55,八丈島東方沖,32°58.8′N,140°45.9′E,56 km,4.3,震度１,32.98,140.765
2023/7/24,13:02:05,茨城県南部,35°59.5′N,140°04.6′E,68 km,4.2,震度３,35.99166667,140.0766667
2023/7/24,15:36:59,宮城県沖,38°17.5′N,141°33.1′E,64 km,4.1,震度２,38.29166667,141.5516667
2023/7/24,15:42:05,徳島県南部,33°53.6′N,134°29.8′E,33 km,2.8,震度１,33.89333333,134.4966667
2023/7/24,22:15:46,茨城県南部,36°10.6′N,140°15.8′E,45 km,3,震度１,36.17666667,140.2633333
2023/7/25,6:35:33,宮城県沖,38°40.1′N,141°50.4′E,68 km,3.8,震度１,38.66833333,141.84
2023/7/25,18:01:54,有明海,32°44.8′N,130°35.5′E,11 km,3.2,震度１,32.74666667,130.5916667
2023/7/26,10:54:37,鹿児島湾,31°33.8′N,130°37.1′E,4 km,3.1,震度２,31.56333333,130.6183333
2023/7/26,14:59:26,日向灘,32°00.0′N,131°40.6′E,42 km,4.4,震度３,32,131.6766667
2023/7/26,17:31:29,種子島近海,30°20.0′N,131°03.6′E,22 km,3.3,震度１,30.33333333,131.06
2023/7/26,21:37:01,隠岐島近海,36°37.6′N,132°44.7′E,37 km,4.5,震度２,36.62666667,132.745
2023/7/26,22:18:10,大隅半島東方沖,31°16.3′N,131°32.1′E,38 km,3.2,震度１,31.27166667,131.535
2023/7/27,12:35:51,日向灘,32°00.8′N,131°34.3′E,41 km,2.9,震度１,32.01333333,131.5716667
2023/7/27,14:02:32,茨城県南部,36°04.5′N,139°52.2′E,46 km,3.7,震度２,36.075,139.87
2023/7/27,16:42:22,愛知県西部,35°10.2′N,137°21.1′E,45 km,3.1,震度１,35.17,137.3516667
2023/7/27,20:06:56,北海道東方沖,43°59.6′N,147°37.0′E,85 km,5.2,震度２,43.99333333,147.6166667
2023/7/27,22:57:49,種子島近海,30°34.7′N,131°19.4′E,37 km,3.2,震度１,30.57833333,131.3233333
2023/7/28,7:59:50,長野県南部,35°52.3′N,138°08.1′E,10 km,3.5,震度１,35.87166667,138.135
2023/7/28,14:55:37,新島・神津島近海,34°21.6′N,139°14.8′E,2 km,1.9,震度１,34.36,139.2466667
2023/7/28,16:41:33,橘湾,32°45.5′N,130°09.8′E,10 km,3.4,震度２,32.75833333,130.1633333
2023/7/28,16:44:37,十勝沖,41°24.2′N,144°22.6′E,30 km,4.6,震度１,41.40333333,144.3766667
2023/7/28,17:33:24,千葉県北西部,35°41.3′N,140°07.8′E,70 km,3.2,震度１,35.68833333,140.13
2023/7/28,18:03:25,橘湾,32°45.4′N,130°09.7′E,10 km,2.9,震度２,32.75666667,130.1616667
2023/7/29,12:22:39,沖縄本島近海,26°47.1′N,128°25.2′E,31 km,3.1,震度１,26.785,128.42
2023/7/29,14:31:34,岩手県沿岸南部,39°11.8′N,141°41.0′E,64 km,3.4,震度１,39.19666667,141.6833333
2023/7/29,19:34:12,茨城県南部,36°20.8′N,139°57.5′E,77 km,4.6,震度３,36.34666667,139.9583333
2023/7/30,3:10:50,石川県能登地方,37°27.7′N,137°15.3′E,10 km,3.2,震度３,37.46166667,137.255
2023/7/30,6:02:08,釧路地方北部,43°40.2′N,144°27.4′E,0 km,2.7,震度２,43.67,144.4566667
2023/7/30,11:17:47,福島県沖,37°40.6′N,141°40.1′E,54 km,4,震度１,37.67666667,141.6683333
2023/7/31,3:39:11,岩手県内陸北部,40°11.5′N,141°07.9′E,7 km,1.9,震度１,40.19166667,141.1316667
2023/7/31,20:07:55,山梨県中・西部,35°15.5′N,138°27.2′E,17 km,2.3,震度１,35.25833333,138.4533333
2023/7/31,20:08:52,山梨県中・西部,35°15.5′N,138°27.4′E,17 km,2.4,震度１,35.25833333,138.4566667
2023/7/31,20:55:58,茨城県北部,36°46.3′N,140°34.3′E,8 km,3.6,震度２,36.77166667,140.5716667
2023/8/1,6:08:16,茨城県南部,36°09.4′N,139°49.9′E,52 km,3.3,震度１,36.15666667,139.8316667
2023/8/1,6:12:48,三陸沖,39°33.5′N,143°25.7′E,12 km,4.8,震度１,39.55833333,143.4283333
2023/8/1,6:39:00,福島県会津,37°04.4′N,139°21.6′E,8 km,1.9,震度１,37.07333333,139.36
2023/8/1,17:38:24,福島県沖,36°58.4′N,141°49.6′E,68 km,4.3,震度２,36.97333333,141.8266667
2023/8/1,21:05:56,福島県沖,37°31.7′N,141°17.4′E,22 km,3.9,震度１,37.52833333,141.29
2023/8/1,22:07:20,秋田県内陸北部,40°12.7′N,140°36.4′E,121 km,4.5,震度１,40.21166667,140.6066667
2023/8/2,0:26:15,宮城県沖,38°47.6′N,141°37.7′E,70 km,3.7,震度１,38.79333333,141.6283333
2023/8/2,0:36:05,新潟県上越地方,37°01.7′N,138°23.3′E,14 km,2.7,震度１,37.02833333,138.3883333
2023/8/2,2:46:25,岩手県内陸南部,39°02.9′N,140°53.1′E,8 km,3.1,震度１,39.04833333,140.885
2023/8/2,8:07:55,茨城県北部,36°45.9′N,140°34.1′E,9 km,3.2,震度１,36.765,140.5683333
2023/8/2,8:14:06,茨城県北部,36°46.1′N,140°33.8′E,9 km,3.4,震度１,36.76833333,140.5633333
2023/8/2,11:11:32,広島県北部,35°02.1′N,133°05.5′E,11 km,2.6,震度１,35.035,133.0916667
2023/8/2,19:28:07,宗谷地方南部,44°57.8′N,142°35.2′E,5 km,2.4,震度１,44.96333333,142.5866667
2023/8/3,21:06:02,能登半島沖,37°35.9′N,137°20.5′E,10 km,3.4,震度１,37.59833333,137.3416667
2023/8/4,0:55:47,島根県東部,35°20.9′N,133°17.9′E,9 km,2.5,震度１,35.34833333,133.2983333
2023/8/4,3:23:18,トカラ列島近海,29°56.8′N,130°01.2′E,11 km,2.2,震度１,29.94666667,130.02
2023/8/4,22:36:24,富山湾,37°25.5′N,137°19.2′E,4 km,1.8,震度１,37.425,137.32
2023/8/5,4:21:38,紀伊水道,33°58.8′N,134°43.2′E,43 km,3.4,震度１,33.98,134.72
2023/8/5,4:27:39,茨城県北部,36°45.8′N,140°43.7′E,92 km,3.8,震度２,36.76333333,140.7283333
2023/8/5,12:50:40,福島県会津,37°04.5′N,139°21.3′E,8 km,1.9,震度１,37.075,139.355
2023/8/5,20:26:33,トカラ列島近海,29°56.2′N,130°00.8′E,10 km,2.3,震度１,29.93666667,130.0133333
2023/8/6,7:25:26,和歌山県北部,34°15.5′N,135°25.8′E,6 km,2.2,震度１,34.25833333,135.43
2023/8/6,12:04:06,奄美大島近海,27°53.4′N,128°54.9′E,10 km,3.6,震度１,27.89,128.915
2023/8/7,3:12:44,大隅半島東方沖,30°46.0′N,131°28.7′E,43 km,5.4,震度３,30.76666667,131.4783333
2023/8/7,3:32:22,大隅半島東方沖,30°46.6′N,131°30.2′E,37 km,4.7,震度３,30.77666667,131.5033333
2023/8/7,4:40:26,石川県能登地方,37°30.9′N,137°13.9′E,14 km,2.6,震度１,37.515,137.2316667
2023/8/7,5:31:23,和歌山県北部,34°15.5′N,135°25.7′E,6 km,3,震度２,34.25833333,135.4283333
2023/8/7,8:18:20,トカラ列島近海,29°58.2′N,129°58.9′E,11 km,2.9,震度２,29.97,129.9816667
2023/8/7,13:04:14,豊後水道,32°49.5′N,132°21.3′E,35 km,3.2,震度１,32.825,132.355
2023/8/7,13:48:19,福島県沖,37°14.0′N,142°14.1′E,22 km,4.7,震度１,37.23333333,142.235
2023/8/8,4:51:03,熊本県熊本地方,32°46.0′N,130°46.1′E,8 km,2.2,震度１,32.76666667,130.7683333
2023/8/8,23:01:21,日向灘,32°12.8′N,132°04.0′E,27 km,3.8,震度２,32.21333333,132.0666667
2023/8/9,2:43:11,宮城県沖,37°58.0′N,141°48.0′E,61 km,4.3,震度２,37.96666667,141.8
2023/8/9,5:48:53,トカラ列島近海,29°55.0′N,130°03.5′E,12 km,3.2,震度１,29.91666667,130.0583333
2023/8/9,12:48:48,千葉県東方沖,35°45.8′N,140°52.2′E,10 km,3.3,震度２,35.76333333,140.87
2023/8/9,20:41:49,千葉県東方沖,35°08.4′N,140°36.5′E,53 km,4.1,震度２,35.14,140.6083333
2023/8/10,4:42:14,栃木県北部,36°38.9′N,139°27.5′E,5 km,2.7,震度１,36.64833333,139.4583333
2023/8/10,12:27:42,福島県沖,37°13.2′N,141°27.5′E,44 km,3.7,震度１,37.22,141.4583333
2023/8/10,23:18:06,広島県北部,34°50.4′N,132°53.7′E,15 km,3.2,震度１,34.84,132.895
2023/8/11,1:24:44,日向灘,32°45.1′N,132°04.6′E,38 km,3.1,震度１,32.75166667,132.0766667
2023/8/11,9:14:34,青森県東方沖,41°07.5′N,142°54.7′E,28 km,6.2,震度４,41.125,142.9116667
2023/8/11,9:34:12,青森県東方沖,41°08.3′N,142°55.5′E,27 km,4.2,震度１,41.13833333,142.925
2023/8/11,13:34:10,トカラ列島近海,29°55.6′N,130°01.6′E,11 km,2.4,震度１,29.92666667,130.0266667
2023/8/11,22:20:09,宮城県沖,38°40.7′N,142°22.0′E,58 km,4.7,震度３,38.67833333,142.3666667
2023/8/11,23:42:42,トカラ列島近海,29°55.4′N,130°00.4′E,7 km,1.9,震度１,29.92333333,130.0066667
2023/8/12,3:09:33,愛知県西部,34°54.8′N,137°17.6′E,39 km,3.9,震度２,34.91333333,137.2933333
2023/8/12,4:11:16,茨城県沖,36°23.2′N,141°08.6′E,39 km,3.1,震度１,36.38666667,141.1433333
2023/8/12,13:24:24,奄美大島北東沖,29°20.4′N,130°36.3′E,22 km,4.3,震度１,29.34,130.605
2023/8/12,19:40:55,四国沖,32°43.5′N,132°50.8′E,27 km,3.3,震度１,32.725,132.8466667
2023/8/12,23:30:28,宗谷地方北部,45°03.3′N,141°52.4′E,0 km,3,震度２,45.055,141.8733333
2023/8/13,9:38:24,宗谷地方北部,45°03.2′N,141°52.5′E,0 km,2.6,震度２,45.05333333,141.875
2023/8/15,1:14:33,岐阜県飛騨地方,36°00.3′N,137°31.4′E,9 km,2.2,震度１,36.005,137.5233333
2023/8/15,9:08:41,宮城県沖,38°54.8′N,141°40.5′E,64 km,3.7,震度２,38.91333333,141.675
2023/8/15,20:26:29,トカラ列島近海,29°55.3′N,130°00.2′E,11 km,2.1,震度１,29.92166667,130.0033333
2023/8/16,2:07:31,宮古島近海,24°50.1′N,125°23.5′E,46 km,4.6,震度３,24.835,125.3916667
2023/8/16,14:47:12,奈良県,34°11.8′N,135°47.8′E,59 km,3,震度１,34.19666667,135.7966667
2023/8/16,17:56:32,福島県沖,37°49.8′N,141°39.8′E,54 km,3.8,震度１,37.83,141.6633333
2023/8/16,19:25:43,石川県能登地方,37°28.7′N,137°17.9′E,8 km,3,震度２,37.47833333,137.2983333
2023/8/16,22:29:33,岩手県沿岸北部,39°45.6′N,141°50.6′E,58 km,4.2,震度２,39.76,141.8433333
2023/8/16,22:59:18,宮城県沖,38°00.3′N,141°48.9′E,55 km,4.1,震度２,38.005,141.815
2023/8/17,11:32:29,豊後水道,32°48.2′N,132°25.4′E,34 km,3.5,震度１,32.80333333,132.4233333
2023/8/17,20:51:58,日向灘,32°40.7′N,132°00.8′E,40 km,3.5,震度２,32.67833333,132.0133333
2023/8/18,7:00:00,能登半島沖,37°31.9′N,137°13.2′E,9 km,3,震度１,37.53166667,137.22
2023/8/19,3:22:24,岩手県沖,39°38.2′N,142°06.0′E,47 km,3.9,震度２,39.63666667,142.1
2023/8/19,3:33:05,十勝地方南部,42°21.1′N,143°05.8′E,51 km,5.1,震度３,42.35166667,143.0966667
2023/8/19,14:07:02,福井県嶺北,35°54.2′N,136°41.6′E,10 km,4.3,震度３,35.90333333,136.6933333
2023/8/19,17:11:24,熊本県熊本地方,32°33.9′N,130°37.6′E,12 km,2.7,震度１,32.565,130.6266667
2023/8/19,17:15:58,福井県嶺北,35°54.1′N,136°41.9′E,11 km,2.5,震度１,35.90166667,136.6983333
2023/8/19,23:21:11,国後島付近,43°35.6′N,146°06.5′E,76 km,4.5,震度３,43.59333333,146.1083333
2023/8/20,6:16:03,トカラ列島近海,29°56.1′N,129°59.8′E,11 km,2,震度１,29.935,129.9966667
2023/8/20,10:27:28,福井県嶺北,35°54.4′N,136°41.6′E,11 km,2.9,震度１,35.90666667,136.6933333
2023/8/20,19:12:00,栃木県北部,36°48.7′N,140°01.0′E,100 km,3.5,震度１,36.81166667,140.0166667
2023/8/21,0:26:00,岐阜県美濃中西部,35°32.8′N,136°45.5′E,16 km,2.8,震度１,35.54666667,136.7583333
2023/8/21,15:24:10,能登半島沖,37°29.0′N,137°22.3′E,4 km,2.9,震度１,37.48333333,137.3716667
2023/8/21,19:04:44,十勝地方中部,42°42.2′N,142°59.0′E,116 km,4.3,震度２,42.70333333,142.9833333
2023/8/21,20:47:03,沖縄本島近海,27°19.4′N,128°59.3′E,28 km,4,震度２,27.32333333,128.9883333
2023/8/21,21:27:14,石川県能登地方,37°28.5′N,137°18.2′E,8 km,2.1,震度１,37.475,137.3033333
2023/8/22,2:41:36,宮城県沖,38°15.1′N,141°47.6′E,58 km,4.2,震度２,38.25166667,141.7933333
2023/8/22,8:30:05,群馬県南部,36°28.3′N,139°23.6′E,6 km,3,震度２,36.47166667,139.3933333
2023/8/22,13:38:46,岩手県沿岸北部,39°30.9′N,141°40.4′E,63 km,3.3,震度１,39.515,141.6733333
2023/8/22,14:37:02,福島県沖,37°47.3′N,141°36.5′E,56 km,3.9,震度１,37.78833333,141.6083333
2023/8/22,22:17:02,山梨県東部・富士五湖,35°32.4′N,138°56.4′E,21 km,2.8,震度１,35.54,138.94
2023/8/23,0:03:47,岩手県沖,40°11.5′N,141°55.1′E,15 km,4.7,震度３,40.19166667,141.9183333
2023/8/23,8:28:19,茨城県北部,36°43.3′N,140°38.1′E,6 km,2.7,震度１,36.72166667,140.635
2023/8/24,0:50:13,奈良県,33°53.9′N,135°38.2′E,43 km,3.4,震度２,33.89833333,135.6366667
2023/8/24,1:27:27,福島県沖,36°56.1′N,141°15.9′E,16 km,3.7,震度１,36.935,141.265
2023/8/24,2:42:46,群馬県南部,36°17.7′N,139°09.3′E,84 km,3,震度１,36.295,139.155
2023/8/24,9:45:47,能登半島沖,37°30.8′N,137°09.5′E,10 km,2.5,震度１,37.51333333,137.1583333
2023/8/24,10:59:44,宗谷地方北部,45°02.8′N,141°53.0′E,0 km,1.6,震度１,45.04666667,141.8833333
2023/8/24,13:49:47,福島県会津,37°04.3′N,139°21.7′E,8 km,2.2,震度１,37.07166667,139.3616667
2023/8/24,13:58:08,長崎県南西部,32°55.1′N,129°57.1′E,14 km,2,震度１,32.91833333,129.9516667
2023/8/24,20:05:05,宮城県沖,38°47.0′N,141°36.8′E,69 km,3.7,震度１,38.78333333,141.6133333
2023/8/25,6:40:34,トカラ列島近海,29°54.6′N,129°59.3′E,11 km,2.1,震度１,29.91,129.9883333
2023/8/25,6:53:47,トカラ列島近海,29°54.4′N,129°59.3′E,11 km,2.5,震度１,29.90666667,129.9883333
2023/8/25,6:58:22,トカラ列島近海,29°54.7′N,129°59.2′E,10 km,2.4,震度１,29.91166667,129.9866667
2023/8/25,7:48:24,三陸沖,39°29.2′N,143°20.3′E,15 km,6,震度３,39.48666667,143.3383333
2023/8/25,19:11:55,三陸沖,39°29.3′N,143°21.3′E,15 km,4.4,震度１,39.48833333,143.355
2023/8/26,4:24:18,岐阜県飛騨地方,36°04.9′N,137°32.7′E,4 km,2.7,震度１,36.08166667,137.545
2023/8/26,7:02:12,茨城県北部,36°31.7′N,140°34.3′E,58 km,3.6,震度２,36.52833333,140.5716667
2023/8/26,22:29:34,周防灘,33°55.5′N,131°53.2′E,74 km,4.6,震度３,33.925,131.8866667
2023/8/26,23:39:14,宮崎県北部平野部,32°08.0′N,131°28.5′E,19 km,2.5,震度１,32.13333333,131.475
2023/8/27,9:56:49,千葉県東方沖,35°30.9′N,140°53.9′E,37 km,4.6,震度２,35.515,140.8983333
2023/8/27,15:47:10,茨城県沖,36°25.7′N,140°38.4′E,16 km,3,震度１,36.42833333,140.64
2023/8/27,18:43:18,種子島近海,30°30.8′N,130°55.5′E,10 km,2.4,震度１,30.51333333,130.925
2023/8/27,22:56:20,群馬県南部,36°36.0′N,139°22.7′E,5 km,3.4,震度２,36.6,139.3783333
2023/8/28,4:29:13,福島県沖,37°31.6′N,141°19.0′E,30 km,4.1,震度２,37.52666667,141.3166667
2023/8/28,18:00:14,宮崎県南部平野部,31°38.6′N,131°17.9′E,56 km,3.5,震度１,31.64333333,131.2983333
2023/8/28,18:08:33,福島県沖,37°08.2′N,142°18.4′E,11 km,5,震度２,37.13666667,142.3066667
2023/8/29,8:09:51,富山県東部,36°24.6′N,137°35.8′E,0 km,2.5,震度１,36.41,137.5966667
2023/8/29,15:38:17,奄美大島近海,28°18.4′N,129°12.0′E,9 km,3.1,震度１,28.30666667,129.2
2023/8/29,17:43:00,鹿児島県薩摩地方,31°55.2′N,130°51.4′E,1 km,2.2,震度１,31.92,130.8566667
2023/8/29,19:38:38,トカラ列島近海,29°47.1′N,129°50.1′E,10 km,2.3,震度１,29.785,129.835
2023/8/29,21:37:14,千葉県北東部,35°44.0′N,140°37.0′E,50 km,3.3,震度１,35.73333333,140.6166667
2023/8/30,11:47:12,石川県能登地方,37°27.8′N,137°15.7′E,9 km,2.1,震度１,37.46333333,137.2616667
2023/8/30,17:17:22,青森県三八上北地方,40°50.3′N,141°23.9′E,88 km,3.5,震度１,40.83833333,141.3983333
2023/8/30,17:35:26,宮城県沖,38°10.1′N,141°12.3′E,66 km,3.4,震度１,38.16833333,141.205
2023/8/30,19:59:24,京都府南部,35°14.9′N,135°19.1′E,11 km,2.8,震度１,35.24833333,135.3183333
2023/8/30,20:11:41,山梨県東部・富士五湖,35°31.2′N,139°05.3′E,22 km,3.1,震度１,35.52,139.0883333
2023/8/31,3:17:49,鹿児島県薩摩地方,32°06.3′N,130°41.7′E,173 km,4.1,震度１,32.105,130.695
2023/8/31,6:17:19,福島県沖,37°44.8′N,141°43.6′E,55 km,4.6,震度２,37.74666667,141.7266667
2023/8/31,15:05:48,福島県沖,37°39.7′N,141°33.8′E,82 km,4.1,震度２,37.66166667,141.5633333
2023/8/31,23:56:20,岩手県沖,39°55.8′N,142°24.7′E,37 km,3.4,震度１,39.93,142.4116667
2023/9/2,10:48:16,奄美大島近海,28°05.4′N,129°29.4′E,38 km,3.3,震度１,28.09,129.49
2023/9/2,23:04:39,能登半島沖,37°31.0′N,137°12.7′E,13 km,3.4,震度２,37.51666667,137.2116667
2023/9/3,0:03:06,釧路地方中南部,43°04.1′N,144°17.9′E,99 km,4.1,震度２,43.06833333,144.2983333
2023/9/3,8:51:33,宮城県沖,38°44.5′N,141°58.8′E,54 km,3.5,震度１,38.74166667,141.98
2023/9/3,13:28:43,青森県東方沖,41°05.8′N,142°55.8′E,26 km,4.1,震度１,41.09666667,142.93
2023/9/3,18:06:59,茨城県北部,36°47.0′N,140°34.6′E,7 km,3,震度１,36.78333333,140.5766667
2023/9/3,18:26:07,岐阜県飛騨地方,36°02.7′N,137°32.4′E,9 km,2.5,震度１,36.045,137.54
2023/9/4,0:16:45,十勝地方北部,43°28.6′N,142°57.2′E,2 km,2.9,震度１,43.47666667,142.9533333
2023/9/4,5:47:35,トカラ列島近海,29°56.3′N,130°00.3′E,7 km,2.1,震度１,29.93833333,130.005
2023/9/4,12:54:07,福島県沖,37°20.2′N,141°20.7′E,27 km,4.1,震度２,37.33666667,141.345
2023/9/5,3:49:02,紀伊水道,33°48.2′N,134°53.5′E,14 km,2.9,震度１,33.80333333,134.8916667
2023/9/5,5:49:04,福島県会津,37°45.9′N,140°03.6′E,7 km,2.7,震度１,37.765,140.06
2023/9/5,6:12:40,福島県沖,37°03.8′N,141°44.3′E,40 km,4.2,震度１,37.06333333,141.7383333
2023/9/5,9:21:31,茨城県南部,36°03.6′N,139°56.4′E,45 km,3.2,震度２,36.06,139.94
2023/9/5,11:38:49,日向灘,32°31.4′N,132°06.6′E,30 km,3.5,震度１,32.52333333,132.11
2023/9/5,11:41:42,日向灘,32°31.3′N,132°06.7′E,29 km,3.6,震度１,32.52166667,132.1116667
2023/9/5,11:44:12,千葉県北東部,35°33.4′N,140°22.5′E,54 km,3.3,震度１,35.55666667,140.375
2023/9/5,12:54:38,神奈川県東部,35°36.9′N,139°29.5′E,26 km,2.8,震度１,35.615,139.4916667
2023/9/5,13:07:25,和歌山県北部,34°02.0′N,135°14.7′E,4 km,2.3,震度２,34.03333333,135.245
2023/9/5,13:27:16,千葉県北西部,35°48.1′N,140°07.5′E,72 km,4.6,震度３,35.80166667,140.125
2023/9/5,13:33:05,千葉県北西部,35°48.0′N,140°05.9′E,68 km,4.2,震度２,35.8,140.0983333
2023/9/5,16:52:58,茨城県沖,36°44.5′N,141°34.8′E,36 km,4.4,震度２,36.74166667,141.58
2023/9/6,9:31:12,父島近海,26°55.2′N,142°20.6′E,62 km,,震度１,26.92,142.3433333
2023/9/6,13:13:54,岩手県内陸北部,40°09.8′N,141°09.3′E,7 km,1.8,震度１,40.16333333,141.155
2023/9/7,5:59:04,長野県中部,35°50.6′N,138°12.1′E,5 km,2.8,震度１,35.84333333,138.2016667
2023/9/7,7:22:58,福島県沖,37°31.7′N,141°19.1′E,31 km,3.3,震度１,37.52833333,141.3183333
2023/9/7,7:53:22,岐阜県飛騨地方,35°51.8′N,137°18.8′E,7 km,2.8,震度１,35.86333333,137.3133333
2023/9/7,11:58:51,十勝地方北部,43°28.9′N,142°57.1′E,4 km,3,震度１,43.48166667,142.9516667
2023/9/7,19:39:32,五島列島近海,32°54.9′N,128°55.7′E,12 km,2.8,震度２,32.915,128.9283333
2023/9/8,0:37:13,宮古島近海,25°00.0′N,125°35.3′E,54 km,3.5,震度１,25,125.5883333
2023/9/8,0:40:53,福島県沖,37°38.3′N,141°41.4′E,54 km,3.8,震度１,37.63833333,141.69
2023/9/8,2:37:25,トカラ列島近海,29°21.2′N,129°12.9′E,27 km,2.7,震度１,29.35333333,129.215
2023/9/8,2:40:31,トカラ列島近海,29°17.5′N,129°21.6′E,19 km,2.4,震度１,29.29166667,129.36
2023/9/8,2:50:27,トカラ列島近海,29°18.1′N,129°20.3′E,22 km,3.9,震度３,29.30166667,129.3383333
2023/9/8,3:01:47,トカラ列島近海,29°17.9′N,129°20.7′E,19 km,2.7,震度１,29.29833333,129.345
2023/9/8,3:27:27,トカラ列島近海,29°17.8′N,129°20.5′E,19 km,2.7,震度２,29.29666667,129.3416667
2023/9/8,3:29:49,トカラ列島近海,29°19.0′N,129°23.7′E,16 km,3,震度２,29.31666667,129.395
2023/9/8,3:54:54,トカラ列島近海,29°18.6′N,129°20.5′E,19 km,2.8,震度１,29.31,129.3416667
2023/9/8,4:04:14,トカラ列島近海,29°17.5′N,129°21.0′E,20 km,3.2,震度２,29.29166667,129.35
2023/9/8,4:25:19,トカラ列島近海,29°18.1′N,129°22.2′E,17 km,3.2,震度２,29.30166667,129.37
2023/9/8,4:55:20,トカラ列島近海,29°17.8′N,129°21.7′E,19 km,3.9,震度３,29.29666667,129.3616667
2023/9/8,4:57:38,トカラ列島近海,29°17.7′N,129°22.3′E,17 km,2.8,震度１,29.295,129.3716667
2023/9/8,5:14:47,トカラ列島近海,29°16.9′N,129°21.9′E,19 km,2.7,震度１,29.28166667,129.365
2023/9/8,5:17:48,トカラ列島近海,29°17.9′N,129°22.0′E,18 km,2.6,震度１,29.29833333,129.3666667
2023/9/8,5:32:22,トカラ列島近海,29°20.5′N,129°12.6′E,23 km,2.4,震度１,29.34166667,129.21
2023/9/8,5:36:43,トカラ列島近海,29°18.3′N,129°21.8′E,18 km,2.6,震度１,29.305,129.3633333
2023/9/8,5:40:08,トカラ列島近海,29°18.7′N,129°20.2′E,19 km,3.3,震度２,29.31166667,129.3366667
2023/9/8,5:53:41,トカラ列島近海,29°16.6′N,129°20.4′E,20 km,2.4,震度１,29.27666667,129.34
2023/9/8,6:06:36,トカラ列島近海,29°18.0′N,129°21.2′E,19 km,3.2,震度３,29.3,129.3533333
2023/9/8,6:13:25,トカラ列島近海,29°17.8′N,129°21.4′E,12 km,3,震度１,29.29666667,129.3566667
2023/9/8,6:25:14,トカラ列島近海,29°19.4′N,129°16.7′E,20 km,2.9,震度１,29.32333333,129.2783333
2023/9/8,6:27:13,トカラ列島近海,29°19.3′N,129°13.9′E,25 km,2.8,震度１,29.32166667,129.2316667
2023/9/8,7:00:26,トカラ列島近海,29°19.0′N,129°18.0′E,23 km,2.9,震度１,29.31666667,129.3
2023/9/8,7:11:05,トカラ列島近海,29°18.2′N,129°23.8′E,13 km,2.9,震度１,29.30333333,129.3966667
2023/9/8,7:15:19,トカラ列島近海,29°17.4′N,129°20.7′E,21 km,2.8,震度１,29.29,129.345
2023/9/8,7:16:26,トカラ列島近海,29°18.8′N,129°20.2′E,20 km,3.2,震度２,29.31333333,129.3366667
2023/9/8,7:21:54,トカラ列島近海,29°17.0′N,129°18.4′E,25 km,2.8,震度１,29.28333333,129.3066667
2023/9/8,7:23:23,トカラ列島近海,29°18.9′N,129°15.3′E,24 km,2.8,震度１,29.315,129.255
2023/9/8,7:25:45,トカラ列島近海,29°18.9′N,129°18.0′E,22 km,3.4,震度２,29.315,129.3
2023/9/8,7:36:14,トカラ列島近海,29°19.8′N,129°13.8′E,26 km,2.4,震度１,29.33,129.23
2023/9/8,7:38:06,トカラ列島近海,29°18.1′N,129°20.4′E,21 km,3,震度２,29.30166667,129.34
2023/9/8,7:57:37,トカラ列島近海,29°17.3′N,129°21.7′E,18 km,3.4,震度２,29.28833333,129.3616667
2023/9/8,8:03:36,トカラ列島近海,29°18.7′N,129°13.1′E,25 km,2.8,震度１,29.31166667,129.2183333
2023/9/8,8:07:36,トカラ列島近海,29°20.3′N,129°13.6′E,23 km,3.5,震度３,29.33833333,129.2266667
2023/9/8,8:21:41,トカラ列島近海,29°19.7′N,129°13.3′E,26 km,2.3,震度１,29.32833333,129.2216667
2023/9/8,8:29:50,トカラ列島近海,29°18.5′N,129°16.9′E,24 km,2.5,震度１,29.30833333,129.2816667
2023/9/8,8:32:05,トカラ列島近海,29°18.2′N,129°21.0′E,19 km,2.9,震度２,29.30333333,129.35
2023/9/8,8:33:02,トカラ列島近海,29°15.1′N,129°17.2′E,24 km,2.3,震度１,29.25166667,129.2866667
2023/9/8,8:41:05,トカラ列島近海,29°18.5′N,129°20.2′E,19 km,2.8,震度１,29.30833333,129.3366667
2023/9/8,8:48:48,トカラ列島近海,29°19.1′N,129°15.9′E,24 km,2.4,震度１,29.31833333,129.265
2023/9/8,8:52:39,トカラ列島近海,29°18.1′N,129°20.6′E,20 km,2.6,震度１,29.30166667,129.3433333
2023/9/8,8:54:29,トカラ列島近海,29°18.0′N,129°20.2′E,19 km,3.5,震度２,29.3,129.3366667
2023/9/8,9:13:52,トカラ列島近海,29°18.6′N,129°21.7′E,19 km,2.8,震度１,29.31,129.3616667
2023/9/8,9:17:28,トカラ列島近海,29°19.3′N,129°16.1′E,25 km,3.6,震度２,29.32166667,129.2683333
2023/9/8,9:24:28,トカラ列島近海,29°22.5′N,129°15.5′E,22 km,2.6,震度１,29.375,129.2583333
2023/9/8,9:30:11,トカラ列島近海,29°19.1′N,129°14.6′E,26 km,2.7,震度１,29.31833333,129.2433333
2023/9/8,9:38:41,トカラ列島近海,29°18.6′N,129°11.2′E,25 km,2.7,震度１,29.31,129.1866667
2023/9/8,9:44:08,トカラ列島近海,29°19.0′N,129°17.4′E,21 km,2.8,震度１,29.31666667,129.29
2023/9/8,9:49:06,トカラ列島近海,29°17.5′N,129°21.4′E,16 km,2.9,震度２,29.29166667,129.3566667
2023/9/8,10:13:35,トカラ列島近海,29°17.0′N,129°21.2′E,22 km,2.3,震度１,29.28333333,129.3533333
2023/9/8,11:15:36,トカラ列島近海,29°18.1′N,129°20.1′E,22 km,3.7,震度３,29.30166667,129.335
2023/9/8,12:10:28,トカラ列島近海,29°17.3′N,129°22.3′E,20 km,2.5,震度１,29.28833333,129.3716667
2023/9/8,13:05:07,トカラ列島近海,29°18.9′N,129°18.6′E,19 km,3.5,震度２,29.315,129.31
2023/9/8,13:08:30,トカラ列島近海,29°20.6′N,129°17.6′E,15 km,3,震度１,29.34333333,129.2933333
2023/9/8,13:13:53,トカラ列島近海,29°21.2′N,129°19.6′E,18 km,3,震度１,29.35333333,129.3266667
2023/9/8,13:15:39,トカラ列島近海,29°18.8′N,129°19.8′E,18 km,4.4,震度３,29.31333333,129.33
2023/9/8,14:16:03,トカラ列島近海,29°17.4′N,129°19.1′E,23 km,2.8,震度１,29.29,129.3183333
2023/9/8,14:52:32,トカラ列島近海,29°19.2′N,129°22.8′E,20 km,2.4,震度１,29.32,129.38
2023/9/8,15:16:05,トカラ列島近海,29°16.3′N,129°22.8′E,15 km,2.8,震度１,29.27166667,129.38
2023/9/8,15:48:50,トカラ列島近海,29°19.8′N,129°23.3′E,19 km,3,震度１,29.33,129.3883333
2023/9/8,16:07:41,トカラ列島近海,29°18.9′N,129°24.9′E,18 km,2.5,震度１,29.315,129.415
2023/9/8,16:32:19,トカラ列島近海,29°19.3′N,129°23.9′E,18 km,3.5,震度２,29.32166667,129.3983333
2023/9/8,16:33:22,トカラ列島近海,29°17.5′N,129°16.4′E,22 km,2.7,震度１,29.29166667,129.2733333
2023/9/8,16:58:37,トカラ列島近海,29°16.4′N,129°25.2′E,13 km,2.5,震度１,29.27333333,129.42
2023/9/8,17:34:12,トカラ列島近海,29°19.0′N,129°17.3′E,17 km,3.2,震度２,29.31666667,129.2883333
2023/9/8,17:59:39,トカラ列島近海,29°18.9′N,129°20.3′E,22 km,3.2,震度１,29.315,129.3383333
2023/9/8,18:04:50,トカラ列島近海,29°19.5′N,129°22.3′E,19 km,2.7,震度１,29.325,129.3716667
2023/9/8,18:08:00,トカラ列島近海,29°18.3′N,129°26.0′E,12 km,3,震度１,29.305,129.4333333
2023/9/8,18:09:49,トカラ列島近海,29°19.0′N,129°23.4′E,18 km,3,震度１,29.31666667,129.39
2023/9/8,18:17:49,トカラ列島近海,29°18.9′N,129°23.8′E,19 km,2.6,震度１,29.315,129.3966667
2023/9/8,18:19:43,トカラ列島近海,29°20.0′N,129°22.6′E,18 km,4,震度３,29.33333333,129.3766667
2023/9/8,18:23:07,トカラ列島近海,29°21.2′N,129°19.6′E,19 km,3.1,震度１,29.35333333,129.3266667
2023/9/8,18:26:27,トカラ列島近海,29°17.7′N,129°20.2′E,22 km,2.7,震度１,29.295,129.3366667
2023/9/8,18:28:49,宮城県沖,38°54.0′N,142°06.0′E,46 km,5.4,震度４,38.9,142.1
2023/9/8,18:28:54,トカラ列島近海,29°19.7′N,129°23.4′E,19 km,2.7,震度１,29.32833333,129.39
2023/9/8,18:37:46,トカラ列島近海,29°18.3′N,129°23.0′E,15 km,3.6,震度２,29.305,129.3833333
2023/9/8,18:46:11,トカラ列島近海,29°18.9′N,129°23.7′E,15 km,2.9,震度１,29.315,129.395
2023/9/8,18:48:47,トカラ列島近海,29°18.1′N,129°24.7′E,15 km,3,震度１,29.30166667,129.4116667
2023/9/8,18:57:18,トカラ列島近海,29°18.7′N,129°23.6′E,16 km,2.7,震度１,29.31166667,129.3933333
2023/9/8,19:06:00,トカラ列島近海,29°19.9′N,129°22.3′E,20 km,2.8,震度１,29.33166667,129.3716667
2023/9/8,19:07:35,トカラ列島近海,29°19.8′N,129°25.1′E,14 km,2.7,震度１,29.33,129.4183333
2023/9/8,19:11:24,トカラ列島近海,29°18.8′N,129°23.7′E,18 km,2.8,震度１,29.31333333,129.395
2023/9/8,19:19:57,トカラ列島近海,29°19.6′N,129°22.4′E,18 km,2.9,震度１,29.32666667,129.3733333
2023/9/8,19:55:19,トカラ列島近海,29°17.8′N,129°20.6′E,21 km,2.9,震度１,29.29666667,129.3433333
2023/9/8,20:31:17,トカラ列島近海,29°20.1′N,129°19.6′E,25 km,2.7,震度１,29.335,129.3266667
2023/9/8,20:32:50,トカラ列島近海,29°21.0′N,129°16.9′E,25 km,2.8,震度１,29.35,129.2816667
2023/9/8,20:53:03,トカラ列島近海,29°20.0′N,129°20.8′E,22 km,2.8,震度１,29.33333333,129.3466667
2023/9/8,21:24:02,トカラ列島近海,29°19.0′N,129°21.2′E,16 km,2.9,震度１,29.31666667,129.3533333
2023/9/8,21:57:21,トカラ列島近海,29°19.4′N,129°22.2′E,19 km,3.1,震度１,29.32333333,129.37
2023/9/8,22:01:47,トカラ列島近海,29°19.8′N,129°21.1′E,21 km,2.7,震度１,29.33,129.3516667
2023/9/8,22:08:27,トカラ列島近海,29°20.7′N,129°19.9′E,22 km,3.9,震度２,29.345,129.3316667
2023/9/8,22:15:29,トカラ列島近海,29°18.6′N,129°20.5′E,20 km,2.6,震度１,29.31,129.3416667
2023/9/8,22:27:51,トカラ列島近海,29°16.9′N,129°14.1′E,26 km,2.4,震度１,29.28166667,129.235
2023/9/8,22:38:07,トカラ列島近海,29°16.9′N,129°13.7′E,24 km,2.7,震度１,29.28166667,129.2283333
2023/9/8,22:49:14,トカラ列島近海,29°17.8′N,129°19.0′E,22 km,2.5,震度１,29.29666667,129.3166667
2023/9/8,22:57:24,トカラ列島近海,29°18.0′N,129°24.0′E,15 km,2.5,震度１,29.3,129.4
2023/9/8,23:12:18,トカラ列島近海,29°18.6′N,129°20.2′E,20 km,3.6,震度３,29.31,129.3366667
2023/9/8,23:23:22,トカラ列島近海,29°18.1′N,129°23.2′E,18 km,2.7,震度１,29.30166667,129.3866667
2023/9/8,23:41:39,トカラ列島近海,29°20.5′N,129°19.0′E,24 km,2.3,震度１,29.34166667,129.3166667
2023/9/9,0:11:56,トカラ列島近海,29°18.2′N,129°25.2′E,8 km,3.3,震度２,29.30333333,129.42
2023/9/9,0:23:58,トカラ列島近海,29°19.5′N,129°23.1′E,18 km,4.5,震度３,29.325,129.385
2023/9/9,0:40:47,トカラ列島近海,29°19.5′N,129°24.6′E,18 km,2.5,震度１,29.325,129.41
2023/9/9,0:46:35,トカラ列島近海,29°19.1′N,129°23.7′E,13 km,2.6,震度１,29.31833333,129.395
2023/9/9,0:49:36,トカラ列島近海,29°19.3′N,129°23.0′E,18 km,2.7,震度１,29.32166667,129.3833333
2023/9/9,0:51:07,トカラ列島近海,29°19.7′N,129°22.6′E,18 km,3.2,震度２,29.32833333,129.3766667
2023/9/9,0:54:48,トカラ列島近海,29°19.1′N,129°22.3′E,19 km,2.9,震度１,29.31833333,129.3716667
2023/9/9,0:57:29,トカラ列島近海,29°19.1′N,129°23.2′E,18 km,2.8,震度１,29.31833333,129.3866667
2023/9/9,1:01:41,トカラ列島近海,29°18.7′N,129°20.1′E,18 km,3.1,震度１,29.31166667,129.335
2023/9/9,1:04:43,トカラ列島近海,29°19.1′N,129°23.5′E,17 km,2.9,震度２,29.31833333,129.3916667
2023/9/9,1:06:11,トカラ列島近海,29°19.8′N,129°21.4′E,19 km,2.8,震度１,29.33,129.3566667
2023/9/9,1:11:51,トカラ列島近海,29°18.7′N,129°21.4′E,24 km,2.6,震度１,29.31166667,129.3566667
2023/9/9,1:14:51,トカラ列島近海,29°19.2′N,129°22.7′E,18 km,3.1,震度１,29.32,129.3783333
2023/9/9,1:31:08,トカラ列島近海,29°19.5′N,129°19.6′E,19 km,2.8,震度２,29.325,129.3266667
2023/9/9,1:39:23,トカラ列島近海,29°20.7′N,129°10.6′E,28 km,2.7,震度１,29.345,129.1766667
2023/9/9,1:47:27,トカラ列島近海,29°18.2′N,129°21.6′E,17 km,3,震度１,29.30333333,129.36
2023/9/9,1:55:38,トカラ列島近海,29°16.6′N,129°18.8′E,23 km,2.9,震度１,29.27666667,129.3133333
2023/9/9,1:56:25,トカラ列島近海,29°16.6′N,129°19.7′E,20 km,3,震度１,29.27666667,129.3283333
2023/9/9,2:00:15,トカラ列島近海,29°18.1′N,129°24.2′E,11 km,2.4,震度１,29.30166667,129.4033333
2023/9/9,2:03:54,トカラ列島近海,29°17.1′N,129°22.9′E,16 km,2.8,震度１,29.285,129.3816667
2023/9/9,2:06:25,トカラ列島近海,29°20.3′N,129°16.8′E,19 km,2.4,震度１,29.33833333,129.28
2023/9/9,2:10:49,トカラ列島近海,29°18.0′N,129°21.2′E,16 km,2.7,震度１,29.3,129.3533333
2023/9/9,2:11:49,トカラ列島近海,29°17.3′N,129°18.7′E,21 km,2.9,震度１,29.28833333,129.3116667
2023/9/9,2:14:19,トカラ列島近海,29°18.4′N,129°18.2′E,23 km,3.4,震度２,29.30666667,129.3033333
2023/9/9,2:16:05,トカラ列島近海,29°19.1′N,129°14.2′E,24 km,2.8,震度２,29.31833333,129.2366667
2023/9/9,2:17:56,トカラ列島近海,29°19.0′N,129°24.2′E,12 km,3.1,震度２,29.31666667,129.4033333
2023/9/9,2:21:24,トカラ列島近海,29°16.4′N,129°15.9′E,24 km,2.5,震度１,29.27333333,129.265
2023/9/9,2:23:03,トカラ列島近海,29°16.8′N,129°22.8′E,17 km,2.7,震度１,29.28,129.38
2023/9/9,2:25:32,トカラ列島近海,29°18.4′N,129°20.0′E,16 km,3.5,震度１,29.30666667,129.3333333
2023/9/9,2:26:35,トカラ列島近海,29°16.1′N,129°23.4′E,17 km,3.3,震度２,29.26833333,129.39
2023/9/9,2:28:52,トカラ列島近海,29°19.0′N,129°23.4′E,15 km,4.9,震度４,29.31666667,129.39
2023/9/9,2:30:45,トカラ列島近海,29°18.8′N,129°13.4′E,25 km,3.5,震度２,29.31333333,129.2233333
2023/9/9,2:32:16,トカラ列島近海,29°19.1′N,129°14.4′E,26 km,2.9,震度１,29.31833333,129.24
2023/9/9,2:33:12,トカラ列島近海,29°16.6′N,129°25.2′E,13 km,3.2,震度２,29.27666667,129.42
2023/9/9,2:34:47,トカラ列島近海,29°19.0′N,129°12.4′E,25 km,2.9,震度１,29.31666667,129.2066667
2023/9/9,2:35:46,トカラ列島近海,29°17.9′N,129°23.4′E,14 km,3.1,震度２,29.29833333,129.39
2023/9/9,2:38:54,トカラ列島近海,29°18.2′N,129°20.6′E,19 km,3.2,震度２,29.30333333,129.3433333
2023/9/9,2:40:16,トカラ列島近海,29°19.8′N,129°20.0′E,18 km,3.1,震度２,29.33,129.3333333
2023/9/9,2:41:01,トカラ列島近海,29°16.2′N,129°13.8′E,21 km,3.7,震度２,29.27,129.23
2023/9/9,2:43:57,トカラ列島近海,29°18.0′N,129°22.8′E,17 km,2.9,震度１,29.3,129.38
2023/9/9,2:45:25,トカラ列島近海,29°18.2′N,129°23.9′E,16 km,2.5,震度１,29.30333333,129.3983333
2023/9/9,2:46:01,トカラ列島近海,29°19.0′N,129°15.6′E,27 km,3.8,震度２,29.31666667,129.26
2023/9/9,2:47:38,トカラ列島近海,29°17.1′N,129°20.4′E,17 km,3,震度２,29.285,129.34
2023/9/9,2:50:32,トカラ列島近海,29°18.0′N,129°19.8′E,15 km,2.6,震度１,29.3,129.33
2023/9/9,2:51:13,トカラ列島近海,29°19.2′N,129°21.6′E,19 km,3.3,震度２,29.32,129.36
2023/9/9,2:53:54,トカラ列島近海,29°18.4′N,129°23.1′E,16 km,3.2,震度２,29.30666667,129.385
2023/9/9,2:55:17,トカラ列島近海,29°17.7′N,129°22.3′E,19 km,2.4,震度１,29.295,129.3716667
2023/9/9,2:59:33,トカラ列島近海,29°18.6′N,129°22.2′E,14 km,2.6,震度１,29.31,129.37
2023/9/9,3:01:28,トカラ列島近海,29°18.2′N,129°23.9′E,16 km,2.5,震度１,29.30333333,129.3983333
2023/9/9,3:03:34,トカラ列島近海,29°16.6′N,129°22.8′E,17 km,2.4,震度１,29.27666667,129.38
2023/9/9,3:04:31,トカラ列島近海,29°16.6′N,129°23.7′E,17 km,2.8,震度２,29.27666667,129.395
2023/9/9,3:06:49,トカラ列島近海,29°19.1′N,129°18.3′E,23 km,2.7,震度１,29.31833333,129.305
2023/9/9,3:08:13,トカラ列島近海,29°19.0′N,129°20.3′E,19 km,5.1,震度３,29.31666667,129.3383333
2023/9/9,3:09:25,トカラ列島近海,29°15.8′N,129°13.8′E,26 km,3.3,震度２,29.26333333,129.23
2023/9/9,3:11:29,トカラ列島近海,29°19.2′N,129°13.7′E,28 km,3,震度１,29.32,129.2283333
2023/9/9,3:12:15,トカラ列島近海,29°20.0′N,129°07.2′E,27 km,3,震度１,29.33333333,129.12
2023/9/9,3:13:33,トカラ列島近海,29°17.5′N,129°24.1′E,12 km,2.6,震度１,29.29166667,129.4016667
2023/9/9,3:17:09,トカラ列島近海,29°18.8′N,129°22.4′E,21 km,3,震度１,29.31333333,129.3733333
2023/9/9,3:20:19,トカラ列島近海,29°16.9′N,129°24.0′E,30 km,2.7,震度１,29.28166667,129.4
2023/9/9,3:23:13,トカラ列島近海,29°17.0′N,129°20.3′E,17 km,3.3,震度２,29.28333333,129.3383333
2023/9/9,3:26:54,トカラ列島近海,29°19.7′N,129°13.0′E,26 km,3,震度１,29.32833333,129.2166667
2023/9/9,3:27:47,トカラ列島近海,29°18.4′N,129°14.9′E,26 km,2.5,震度１,29.30666667,129.2483333
2023/9/9,3:28:43,トカラ列島近海,29°19.7′N,129°16.8′E,26 km,3.4,震度２,29.32833333,129.28
2023/9/9,3:32:55,トカラ列島近海,29°19.3′N,129°14.6′E,25 km,2.6,震度１,29.32166667,129.2433333
2023/9/9,3:34:37,トカラ列島近海,29°18.3′N,129°23.0′E,16 km,3.1,震度２,29.305,129.3833333
2023/9/9,3:37:12,トカラ列島近海,29°17.3′N,129°18.4′E,25 km,2.7,震度１,29.28833333,129.3066667
2023/9/9,3:40:02,トカラ列島近海,29°21.3′N,129°13.6′E,26 km,2.7,震度１,29.355,129.2266667
2023/9/9,3:40:49,トカラ列島近海,29°17.3′N,129°24.3′E,12 km,3,震度１,29.28833333,129.405
2023/9/9,3:42:16,トカラ列島近海,29°20.7′N,129°18.8′E,22 km,3.4,震度２,29.345,129.3133333
2023/9/9,3:45:03,トカラ列島近海,29°19.8′N,129°16.3′E,26 km,2.8,震度１,29.33,129.2716667
2023/9/9,3:46:44,トカラ列島近海,29°18.0′N,129°15.5′E,19 km,2.7,震度１,29.3,129.2583333
2023/9/9,3:51:05,トカラ列島近海,29°16.6′N,129°18.4′E,18 km,2.5,震度１,29.27666667,129.3066667
2023/9/9,3:56:55,トカラ列島近海,29°17.0′N,129°22.6′E,20 km,2.8,震度１,29.28333333,129.3766667
2023/9/9,3:59:25,トカラ列島近海,29°20.4′N,129°09.9′E,28 km,2.5,震度１,29.34,129.165
2023/9/9,4:00:23,トカラ列島近海,29°17.4′N,129°25.0′E,12 km,3,震度２,29.29,129.4166667
2023/9/9,4:02:46,トカラ列島近海,29°17.6′N,129°23.9′E,14 km,2.8,震度１,29.29333333,129.3983333
2023/9/9,4:10:07,トカラ列島近海,29°19.3′N,129°18.4′E,22 km,2.5,震度１,29.32166667,129.3066667
2023/9/9,4:11:23,トカラ列島近海,29°18.7′N,129°22.7′E,18 km,3.5,震度２,29.31166667,129.3783333
2023/9/9,4:17:09,トカラ列島近海,29°16.2′N,129°16.0′E,23 km,3.1,震度２,29.27,129.2666667
2023/9/9,4:18:10,トカラ列島近海,29°18.7′N,129°21.2′E,19 km,2.5,震度１,29.31166667,129.3533333
2023/9/9,4:24:18,トカラ列島近海,29°20.4′N,129°18.1′E,26 km,3,震度２,29.34,129.3016667
2023/9/9,4:32:25,トカラ列島近海,29°21.5′N,129°17.5′E,19 km,3.8,震度３,29.35833333,129.2916667
2023/9/9,4:34:18,トカラ列島近海,29°19.3′N,129°17.4′E,23 km,,震度１,29.32166667,129.29
2023/9/9,4:35:38,トカラ列島近海,29°19.6′N,129°22.4′E,18 km,2.8,震度１,29.32666667,129.3733333
2023/9/9,4:38:56,トカラ列島近海,29°15.4′N,129°05.9′E,6 km,3.6,震度３,29.25666667,129.0983333
2023/9/9,4:39:50,詳細不明,29°13.0′N,129°20.0′E,0 km,,震度１,29.21666667,129.3333333
2023/9/9,4:40:50,詳細不明,29°13.0′N,129°20.0′E,0 km,,震度１,29.21666667,129.3333333
2023/9/9,4:41:50,詳細不明,29°13.0′N,129°20.0′E,0 km,,震度１,29.21666667,129.3333333
2023/9/9,4:44:13,トカラ列島近海,29°15.4′N,129°24.5′E,14 km,3,震度１,29.25666667,129.4083333
2023/9/9,4:45:17,トカラ列島近海,29°13.6′N,129°09.5′E,8 km,2.9,震度３,29.22666667,129.1583333
2023/9/9,4:46:09,トカラ列島近海,29°15.6′N,129°10.8′E,9 km,2.8,震度１,29.26,129.18
2023/9/9,4:47:14,トカラ列島近海,29°19.0′N,129°17.7′E,16 km,3,震度１,29.31666667,129.295
2023/9/9,4:49:39,トカラ列島近海,29°12.2′N,129°04.7′E,1 km,3.2,震度２,29.20333333,129.0783333
2023/9/9,4:53:00,トカラ列島近海,29°12.2′N,129°15.1′E,10 km,1.9,震度１,29.20333333,129.2516667
2023/9/9,4:54:24,トカラ列島近海,29°13.9′N,129°10.2′E,13 km,2.2,震度２,29.23166667,129.17
2023/9/9,4:57:53,トカラ列島近海,29°18.1′N,129°16.9′E,24 km,2.7,震度１,29.30166667,129.2816667
2023/9/9,5:00:41,トカラ列島近海,29°19.8′N,129°22.3′E,21 km,2.8,震度１,29.33,129.3716667
2023/9/9,5:02:39,トカラ列島近海,29°18.2′N,129°24.7′E,16 km,4.2,震度３,29.30333333,129.4116667
2023/9/9,5:12:48,トカラ列島近海,29°18.6′N,129°19.7′E,20 km,3.2,震度２,29.31,129.3283333
2023/9/9,5:14:50,詳細不明,29°13.0′N,129°20.0′E,0 km,,震度１,29.21666667,129.3333333
2023/9/9,5:17:38,トカラ列島近海,29°13.1′N,129°06.8′E,12 km,2.2,震度２,29.21833333,129.1133333
2023/9/9,5:23:02,トカラ列島近海,29°19.4′N,129°18.5′E,26 km,2.8,震度２,29.32333333,129.3083333
2023/9/9,5:25:36,トカラ列島近海,29°18.7′N,129°21.0′E,21 km,2.6,震度１,29.31166667,129.35
2023/9/9,5:44:30,トカラ列島近海,29°14.3′N,129°08.4′E,10 km,2.4,震度１,29.23833333,129.14
2023/9/9,5:54:50,トカラ列島近海,29°19.7′N,129°19.5′E,23 km,2.5,震度１,29.32833333,129.325
2023/9/9,6:13:22,トカラ列島近海,29°18.6′N,129°21.7′E,21 km,2.7,震度１,29.31,129.3616667
2023/9/9,6:14:06,トカラ列島近海,29°18.3′N,129°22.8′E,17 km,3.5,震度２,29.305,129.38
2023/9/9,6:14:51,茨城県沖,36°14.1′N,140°57.4′E,43 km,3.2,震度１,36.235,140.9566667
2023/9/9,6:17:26,トカラ列島近海,29°19.5′N,129°21.7′E,20 km,2.6,震度１,29.325,129.3616667
2023/9/9,6:26:02,トカラ列島近海,29°19.5′N,129°16.5′E,23 km,2.6,震度１,29.325,129.275
2023/9/9,6:29:30,トカラ列島近海,29°18.2′N,129°22.5′E,18 km,2.8,震度１,29.30333333,129.375
2023/9/9,6:59:46,トカラ列島近海,29°23.1′N,129°07.9′E,27 km,3.6,震度２,29.385,129.1316667
2023/9/9,7:04:23,トカラ列島近海,29°18.2′N,129°23.4′E,18 km,3.2,震度２,29.30333333,129.39
2023/9/9,7:08:36,トカラ列島近海,29°17.5′N,129°14.1′E,24 km,2.7,震度１,29.29166667,129.235
2023/9/9,7:09:50,宮古島近海,25°03.9′N,124°41.2′E,79 km,4.3,震度１,25.065,124.6866667
2023/9/9,7:10:02,トカラ列島近海,29°17.7′N,129°24.3′E,15 km,2.6,震度１,29.295,129.405
2023/9/9,7:11:38,トカラ列島近海,29°18.6′N,129°22.5′E,19 km,2.9,震度１,29.31,129.375
2023/9/9,7:14:50,トカラ列島近海,29°22.7′N,129°17.3′E,4 km,,震度１,29.37833333,129.2883333
2023/9/9,7:21:17,トカラ列島近海,29°19.4′N,129°22.1′E,20 km,2.7,震度１,29.32333333,129.3683333
2023/9/9,7:24:05,トカラ列島近海,29°18.1′N,129°23.9′E,15 km,2.7,震度１,29.30166667,129.3983333
2023/9/9,7:45:13,トカラ列島近海,29°19.5′N,129°21.3′E,20 km,2.5,震度１,29.325,129.355
2023/9/9,7:47:02,トカラ列島近海,29°16.7′N,129°21.0′E,16 km,3.8,震度２,29.27833333,129.35
2023/9/9,7:51:00,トカラ列島近海,29°19.4′N,129°18.9′E,25 km,2.8,震度１,29.32333333,129.315
2023/9/9,8:01:23,トカラ列島近海,29°18.5′N,129°22.3′E,20 km,3.4,震度２,29.30833333,129.3716667
2023/9/9,8:10:27,トカラ列島近海,29°18.3′N,129°19.3′E,23 km,2.6,震度１,29.305,129.3216667
2023/9/9,8:19:35,トカラ列島近海,29°17.7′N,129°23.2′E,16 km,3,震度１,29.295,129.3866667
2023/9/9,9:00:12,トカラ列島近海,29°18.1′N,129°22.8′E,17 km,2.5,震度１,29.30166667,129.38
2023/9/9,9:07:04,トカラ列島近海,29°19.0′N,129°20.8′E,19 km,2.8,震度１,29.31666667,129.3466667
2023/9/9,9:12:20,トカラ列島近海,29°17.1′N,129°24.6′E,13 km,2.4,震度１,29.285,129.41
2023/9/9,9:21:42,トカラ列島近海,29°18.2′N,129°21.7′E,20 km,3,震度２,29.30333333,129.3616667
2023/9/9,9:27:48,トカラ列島近海,29°15.4′N,129°06.3′E,9 km,3.2,震度３,29.25666667,129.105
2023/9/9,9:44:00,トカラ列島近海,29°20.0′N,129°20.0′E,19 km,4,震度３,29.33333333,129.3333333
2023/9/9,9:50:12,トカラ列島近海,29°18.5′N,129°25.0′E,26 km,2.8,震度１,29.30833333,129.4166667
2023/9/9,9:58:08,トカラ列島近海,29°18.4′N,129°22.0′E,20 km,3.1,震度２,29.30666667,129.3666667
2023/9/9,10:06:12,トカラ列島近海,29°17.6′N,129°26.7′E,12 km,2.8,震度１,29.29333333,129.445
2023/9/9,10:19:58,トカラ列島近海,29°18.7′N,129°24.6′E,18 km,2.4,震度１,29.31166667,129.41
2023/9/9,10:26:06,トカラ列島近海,29°19.7′N,129°24.6′E,13 km,3.2,震度２,29.32833333,129.41
2023/9/9,10:27:21,トカラ列島近海,29°20.5′N,129°19.0′E,24 km,3.3,震度２,29.34166667,129.3166667
2023/9/9,10:45:40,トカラ列島近海,29°22.7′N,129°17.8′E,22 km,3,震度１,29.37833333,129.2966667
2023/9/9,10:46:22,トカラ列島近海,29°17.6′N,129°26.4′E,15 km,,震度１,29.29333333,129.44
2023/9/9,10:51:35,トカラ列島近海,29°19.6′N,129°23.8′E,20 km,3.1,震度１,29.32666667,129.3966667
2023/9/9,10:52:34,トカラ列島近海,29°19.8′N,129°23.5′E,17 km,3.6,震度２,29.33,129.3916667
2023/9/9,10:53:51,トカラ列島近海,29°14.7′N,129°28.4′E,5 km,,震度１,29.245,129.4733333
2023/9/9,10:55:11,トカラ列島近海,29°16.9′N,129°27.2′E,15 km,2.6,震度１,29.28166667,129.4533333
2023/9/9,10:57:19,トカラ列島近海,29°17.7′N,129°26.9′E,9 km,2.6,震度１,29.295,129.4483333
2023/9/9,11:03:47,トカラ列島近海,29°19.7′N,129°23.4′E,19 km,3.7,震度３,29.32833333,129.39
2023/9/9,11:11:38,トカラ列島近海,29°20.2′N,129°22.6′E,20 km,3.3,震度２,29.33666667,129.3766667
2023/9/9,11:13:12,トカラ列島近海,29°20.0′N,129°21.8′E,19 km,2.9,震度１,29.33333333,129.3633333
2023/9/9,11:14:52,トカラ列島近海,29°19.1′N,129°25.4′E,19 km,3.2,震度２,29.31833333,129.4233333
2023/9/9,11:16:14,トカラ列島近海,29°17.4′N,129°27.1′E,11 km,2.8,震度１,29.29,129.4516667
2023/9/9,11:18:39,トカラ列島近海,29°18.5′N,129°25.3′E,15 km,2.6,震度１,29.30833333,129.4216667
2023/9/9,11:20:52,トカラ列島近海,29°17.6′N,129°20.6′E,20 km,2.9,震度１,29.29333333,129.3433333
2023/9/9,11:24:17,トカラ列島近海,29°19.5′N,129°24.2′E,17 km,3.2,震度２,29.325,129.4033333
2023/9/9,11:28:51,愛知県西部,35°15.2′N,137°16.9′E,47 km,3.1,震度１,35.25333333,137.2816667
2023/9/9,11:32:18,トカラ列島近海,29°20.5′N,129°22.6′E,18 km,2.5,震度１,29.34166667,129.3766667
2023/9/9,11:40:11,トカラ列島近海,29°20.0′N,129°23.0′E,19 km,4.4,震度３,29.33333333,129.3833333
2023/9/9,11:41:35,伊予灘,33°33.7′N,132°00.2′E,71 km,4.1,震度２,33.56166667,132.0033333
2023/9/9,11:49:38,トカラ列島近海,29°18.5′N,129°23.9′E,16 km,3.1,震度２,29.30833333,129.3983333
2023/9/9,11:54:03,トカラ列島近海,29°19.1′N,129°24.5′E,18 km,2.8,震度１,29.31833333,129.4083333
2023/9/9,11:57:11,トカラ列島近海,29°19.4′N,129°24.1′E,16 km,2.5,震度１,29.32333333,129.4016667
2023/9/9,12:03:37,トカラ列島近海,29°19.5′N,129°24.3′E,18 km,4.2,震度３,29.325,129.405
2023/9/9,12:08:27,トカラ列島近海,29°17.2′N,129°22.1′E,20 km,2.6,震度１,29.28666667,129.3683333
2023/9/9,12:14:03,空知地方北部,43°53.3′N,142°04.2′E,9 km,2.5,震度１,43.88833333,142.07
2023/9/9,12:24:28,トカラ列島近海,29°15.9′N,129°23.9′E,20 km,2.5,震度１,29.265,129.3983333
2023/9/9,12:31:59,トカラ列島近海,29°19.8′N,129°20.8′E,24 km,2.9,震度１,29.33,129.3466667
2023/9/9,12:34:06,トカラ列島近海,29°17.5′N,129°23.4′E,16 km,2.6,震度１,29.29166667,129.39
2023/9/9,12:36:47,トカラ列島近海,29°17.9′N,129°26.7′E,12 km,2.6,震度１,29.29833333,129.445
2023/9/9,12:40:28,トカラ列島近海,29°16.6′N,129°18.3′E,21 km,2.9,震度１,29.27666667,129.305
2023/9/9,12:49:49,トカラ列島近海,29°18.2′N,129°19.2′E,24 km,2.6,震度１,29.30333333,129.32
2023/9/9,12:52:50,トカラ列島近海,29°18.8′N,129°22.2′E,18 km,3.5,震度２,29.31333333,129.37
2023/9/9,12:54:08,トカラ列島近海,29°18.7′N,129°22.0′E,17 km,3.1,震度２,29.31166667,129.3666667
2023/9/9,12:56:13,トカラ列島近海,29°20.6′N,129°17.2′E,23 km,2.4,震度１,29.34333333,129.2866667
2023/9/9,13:03:40,トカラ列島近海,29°17.5′N,129°24.2′E,16 km,2.9,震度１,29.29166667,129.4033333
2023/9/9,13:13:09,トカラ列島近海,29°20.5′N,129°18.2′E,27 km,2.9,震度１,29.34166667,129.3033333
2023/9/9,13:18:30,トカラ列島近海,29°19.5′N,129°24.9′E,16 km,2.7,震度１,29.325,129.415
2023/9/9,13:22:57,トカラ列島近海,29°22.9′N,129°18.3′E,25 km,2.8,震度１,29.38166667,129.305
2023/9/9,13:25:20,トカラ列島近海,29°17.3′N,129°22.7′E,17 km,2.7,震度１,29.28833333,129.3783333
2023/9/9,13:46:32,トカラ列島近海,29°18.7′N,129°23.0′E,19 km,3.7,震度３,29.31166667,129.3833333
2023/9/9,13:47:30,トカラ列島近海,29°17.1′N,129°16.8′E,22 km,,震度１,29.285,129.28
2023/9/9,14:04:42,トカラ列島近海,29°20.1′N,129°16.1′E,27 km,2.6,震度１,29.335,129.2683333
2023/9/9,14:08:31,トカラ列島近海,29°18.3′N,129°24.5′E,16 km,2.6,震度１,29.305,129.4083333
2023/9/9,14:10:18,トカラ列島近海,29°20.2′N,129°22.6′E,19 km,3,震度２,29.33666667,129.3766667
2023/9/9,14:15:36,トカラ列島近海,29°18.5′N,129°27.0′E,6 km,2.5,震度１,29.30833333,129.45
2023/9/9,14:17:25,トカラ列島近海,29°20.1′N,129°19.6′E,22 km,2.9,震度１,29.335,129.3266667
2023/9/9,14:45:24,トカラ列島近海,29°19.4′N,129°19.9′E,23 km,2.6,震度１,29.32333333,129.3316667
2023/9/9,15:46:29,栃木県北部,36°37.4′N,139°26.1′E,5 km,1.9,震度１,36.62333333,139.435
2023/9/9,16:07:52,トカラ列島近海,29°19.8′N,129°24.0′E,19 km,3.6,震度３,29.33,129.4
2023/9/9,16:34:10,トカラ列島近海,29°18.7′N,129°20.5′E,20 km,2.9,震度１,29.31166667,129.3416667
2023/9/9,16:46:15,トカラ列島近海,29°12.6′N,129°12.2′E,16 km,2.2,震度１,29.21,129.2033333
2023/9/9,16:49:02,トカラ列島近海,29°21.4′N,129°19.0′E,23 km,2.6,震度１,29.35666667,129.3166667
2023/9/9,16:55:01,トカラ列島近海,29°20.0′N,129°23.2′E,19 km,2.9,震度２,29.33333333,129.3866667
2023/9/9,17:00:47,トカラ列島近海,29°19.2′N,129°18.3′E,25 km,2.9,震度１,29.32,129.305
2023/9/9,17:21:17,トカラ列島近海,29°19.6′N,129°22.6′E,20 km,2.4,震度１,29.32666667,129.3766667
2023/9/9,18:16:59,トカラ列島近海,29°18.4′N,129°22.5′E,20 km,2.9,震度１,29.30666667,129.375
2023/9/9,18:28:28,トカラ列島近海,29°18.2′N,129°15.3′E,16 km,3.8,震度３,29.30333333,129.255
2023/9/9,19:45:49,トカラ列島近海,29°20.1′N,129°17.9′E,26 km,3,震度２,29.335,129.2983333
2023/9/9,19:47:36,トカラ列島近海,29°20.3′N,129°16.0′E,27 km,2.6,震度１,29.33833333,129.2666667
2023/9/9,20:12:01,千葉県東方沖,35°46.9′N,140°55.7′E,25 km,2.9,震度１,35.78166667,140.9283333
2023/9/9,20:18:28,トカラ列島近海,29°18.9′N,129°19.8′E,19 km,3.3,震度２,29.315,129.33
2023/9/9,20:56:04,トカラ列島近海,29°19.0′N,129°11.7′E,29 km,2.8,震度１,29.31666667,129.195
2023/9/9,20:57:13,トカラ列島近海,29°18.8′N,129°25.2′E,15 km,3.2,震度２,29.31333333,129.42
2023/9/9,21:01:46,トカラ列島近海,29°20.2′N,129°23.1′E,17 km,2.8,震度１,29.33666667,129.385
2023/9/9,21:03:24,トカラ列島近海,29°18.0′N,129°20.2′E,20 km,2.9,震度１,29.3,129.3366667
2023/9/9,21:09:18,トカラ列島近海,29°16.5′N,129°24.0′E,14 km,2.3,震度１,29.275,129.4
2023/9/9,22:09:05,トカラ列島近海,29°20.2′N,129°21.6′E,23 km,2.8,震度１,29.33666667,129.36
2023/9/9,23:16:51,岐阜県美濃中西部,35°36.6′N,137°02.3′E,9 km,2.6,震度１,35.61,137.0383333
2023/9/9,23:30:47,トカラ列島近海,29°18.0′N,129°20.4′E,21 km,2.5,震度１,29.3,129.34
2023/9/10,1:37:30,トカラ列島近海,29°20.1′N,129°25.2′E,14 km,3.1,震度１,29.335,129.42
2023/9/10,1:57:28,トカラ列島近海,29°18.3′N,129°21.7′E,20 km,3.8,震度２,29.305,129.3616667
2023/9/10,2:59:24,トカラ列島近海,29°19.6′N,129°23.7′E,19 km,2.7,震度１,29.32666667,129.395
2023/9/10,3:46:12,茨城県沖,36°27.3′N,141°05.8′E,21 km,3.9,震度１,36.455,141.0966667
2023/9/10,6:43:45,トカラ列島近海,29°20.0′N,129°10.3′E,30 km,2.5,震度１,29.33333333,129.1716667
2023/9/10,8:01:14,トカラ列島近海,29°17.0′N,129°25.4′E,8 km,2.7,震度１,29.28333333,129.4233333
2023/9/10,8:48:29,トカラ列島近海,29°18.2′N,129°12.4′E,26 km,2.6,震度１,29.30333333,129.2066667
2023/9/10,8:53:23,トカラ列島近海,29°18.4′N,129°12.9′E,24 km,2.5,震度１,29.30666667,129.215
2023/9/10,9:09:43,トカラ列島近海,29°18.5′N,129°06.0′E,16 km,3.6,震度２,29.30833333,129.1
2023/9/10,9:10:57,トカラ列島近海,29°16.1′N,129°17.8′E,19 km,3.3,震度２,29.26833333,129.2966667
2023/9/10,9:25:27,能登半島沖,37°31.3′N,137°08.0′E,10 km,2.4,震度１,37.52166667,137.1333333
2023/9/10,11:32:03,トカラ列島近海,29°18.7′N,129°27.1′E,19 km,2.5,震度１,29.31166667,129.4516667
2023/9/10,11:41:03,トカラ列島近海,29°18.7′N,129°26.8′E,20 km,2.4,震度１,29.31166667,129.4466667
2023/9/10,14:28:33,トカラ列島近海,29°18.4′N,129°21.2′E,19 km,4.7,震度３,29.30666667,129.3533333
2023/9/10,14:42:58,トカラ列島近海,29°18.7′N,129°15.9′E,24 km,2.2,震度１,29.31166667,129.265
2023/9/10,14:55:03,トカラ列島近海,29°19.7′N,129°21.4′E,24 km,2.8,震度１,29.32833333,129.3566667
2023/9/10,15:51:02,トカラ列島近海,29°18.7′N,129°18.1′E,22 km,2.8,震度１,29.31166667,129.3016667
2023/9/10,15:54:49,トカラ列島近海,29°18.9′N,129°20.2′E,18 km,2.3,震度１,29.315,129.3366667
2023/9/10,16:04:52,トカラ列島近海,29°16.4′N,129°22.4′E,15 km,2.6,震度１,29.27333333,129.3733333
2023/9/10,16:07:45,トカラ列島近海,29°18.2′N,129°21.0′E,19 km,2.7,震度１,29.30333333,129.35
2023/9/10,16:25:10,トカラ列島近海,29°17.7′N,129°22.6′E,16 km,2.8,震度１,29.295,129.3766667
2023/9/10,16:33:09,トカラ列島近海,29°14.9′N,129°20.6′E,20 km,2.4,震度１,29.24833333,129.3433333
2023/9/10,16:35:25,トカラ列島近海,29°18.8′N,129°15.2′E,23 km,3.1,震度２,29.31333333,129.2533333
2023/9/10,17:09:44,トカラ列島近海,29°18.2′N,129°23.9′E,18 km,2.6,震度１,29.30333333,129.3983333
2023/9/10,18:22:28,トカラ列島近海,29°17.5′N,129°19.4′E,19 km,3.4,震度２,29.29166667,129.3233333
2023/9/11,0:02:00,トカラ列島近海,29°18.7′N,129°23.3′E,18 km,5.3,震度４,29.31166667,129.3883333
2023/9/11,0:36:56,トカラ列島近海,29°19.5′N,129°24.8′E,17 km,3.1,震度２,29.325,129.4133333
2023/9/11,0:44:16,トカラ列島近海,29°17.6′N,129°19.2′E,22 km,2.5,震度１,29.29333333,129.32
2023/9/11,0:57:24,トカラ列島近海,29°14.6′N,129°13.4′E,19 km,2.4,震度１,29.24333333,129.2233333
2023/9/11,1:01:53,トカラ列島近海,29°15.6′N,129°13.6′E,18 km,2.2,震度１,29.26,129.2266667
2023/9/11,2:39:24,トカラ列島近海,29°19.0′N,129°21.1′E,18 km,2.5,震度１,29.31666667,129.3516667
2023/9/11,2:58:27,大隅半島東方沖,31°03.9′N,131°33.9′E,33 km,4.3,震度２,31.065,131.565
2023/9/11,3:46:54,トカラ列島近海,29°19.4′N,129°14.8′E,25 km,2.6,震度１,29.32333333,129.2466667
2023/9/11,3:49:40,トカラ列島近海,29°19.5′N,129°22.4′E,18 km,3.1,震度１,29.325,129.3733333
2023/9/11,7:53:15,トカラ列島近海,29°18.2′N,129°22.6′E,19 km,2.7,震度１,29.30333333,129.3766667
2023/9/11,7:57:03,宗谷海峡,45°25.9′N,141°44.9′E,22 km,3.2,震度１,45.43166667,141.7483333
2023/9/11,7:57:56,トカラ列島近海,29°19.4′N,129°21.3′E,21 km,4,震度２,29.32333333,129.355
2023/9/11,10:10:35,トカラ列島近海,29°19.6′N,129°13.7′E,25 km,2.7,震度１,29.32666667,129.2283333
2023/9/11,10:23:59,トカラ列島近海,29°18.1′N,129°22.6′E,17 km,2.9,震度１,29.30166667,129.3766667
2023/9/11,11:05:06,トカラ列島近海,29°17.9′N,129°22.6′E,20 km,2.7,震度１,29.29833333,129.3766667
2023/9/11,15:57:09,トカラ列島近海,29°19.6′N,129°22.7′E,20 km,2.4,震度１,29.32666667,129.3783333
2023/9/11,16:38:48,栃木県北部,36°50.1′N,139°49.6′E,4 km,2.9,震度２,36.835,139.8266667
2023/9/11,19:23:47,釧路地方中南部,43°12.1′N,144°29.8′E,87 km,3.1,震度１,43.20166667,144.4966667
2023/9/11,22:03:24,トカラ列島近海,29°21.0′N,129°13.0′E,27 km,2.3,震度１,29.35,129.2166667
2023/9/11,23:17:02,鹿児島県薩摩地方,31°16.7′N,130°27.8′E,153 km,3.8,震度１,31.27833333,130.4633333
2023/9/11,23:57:55,宮城県沖,38°51.9′N,142°02.2′E,46 km,3.6,震度１,38.865,142.0366667
2023/9/12,1:46:12,トカラ列島近海,29°19.3′N,129°20.9′E,19 km,4.6,震度３,29.32166667,129.3483333
2023/9/12,1:48:39,トカラ列島近海,29°19.7′N,129°21.1′E,15 km,3.2,震度２,29.32833333,129.3516667
2023/9/12,1:50:21,トカラ列島近海,29°19.8′N,129°20.6′E,16 km,2.5,震度１,29.33,129.3433333
2023/9/12,2:16:21,トカラ列島近海,29°19.4′N,129°22.3′E,19 km,3.2,震度２,29.32333333,129.3716667
2023/9/12,5:46:44,トカラ列島近海,29°20.8′N,129°13.5′E,20 km,2.1,震度１,29.34666667,129.225
2023/9/12,8:41:47,福島県沖,37°51.4′N,141°44.9′E,63 km,4,震度１,37.85666667,141.7483333
2023/9/12,15:22:28,トカラ列島近海,29°19.4′N,129°23.6′E,17 km,2.9,震度２,29.32333333,129.3933333
2023/9/12,17:56:04,奄美大島近海,28°08.2′N,130°22.1′E,36 km,4.4,震度２,28.13666667,130.3683333
2023/9/12,17:57:27,奄美大島近海,28°07.5′N,130°21.9′E,35 km,4.8,震度２,28.125,130.365
2023/9/12,18:13:44,奄美大島近海,28°08.9′N,130°16.5′E,34 km,3.6,震度１,28.14833333,130.275
2023/9/13,5:01:28,石川県能登地方,37°30.8′N,137°17.7′E,14 km,2.9,震度１,37.51333333,137.295
2023/9/13,12:15:42,トカラ列島近海,29°56.7′N,130°01.5′E,8 km,2.5,震度１,29.945,130.025
2023/9/13,12:24:36,トカラ列島近海,29°56.5′N,130°01.6′E,9 km,2.4,震度１,29.94166667,130.0266667
2023/9/14,1:29:45,福島県沖,37°09.4′N,141°22.2′E,46 km,3.7,震度１,37.15666667,141.37
2023/9/14,3:14:39,茨城県沖,36°42.6′N,141°29.4′E,39 km,4.1,震度１,36.71,141.49
2023/9/14,8:07:14,能登半島沖,37°33.2′N,137°16.2′E,12 km,2.8,震度１,37.55333333,137.27
2023/9/14,9:11:25,トカラ列島近海,29°17.6′N,129°22.3′E,18 km,3.2,震度１,29.29333333,129.3716667
2023/9/14,18:16:51,奄美大島近海,28°07.9′N,129°26.4′E,34 km,3.8,震度２,28.13166667,129.44
2023/9/14,18:51:42,山形県庄内地方,39°03.3′N,139°54.4′E,10 km,2.7,震度２,39.055,139.9066667
2023/9/14,18:56:00,大分県中部,33°17.4′N,131°28.2′E,4 km,1.4,震度１,33.29,131.47
2023/9/15,2:46:09,千葉県東方沖,35°22.3′N,140°32.4′E,27 km,2.9,震度１,35.37166667,140.54
2023/9/15,13:48:07,千葉県東方沖,35°22.0′N,140°36.3′E,27 km,2.7,震度１,35.36666667,140.605
2023/9/15,14:57:37,千葉県東方沖,35°22.2′N,140°36.0′E,28 km,2.8,震度１,35.37,140.6
2023/9/15,15:08:57,トカラ列島近海,29°19.0′N,129°14.9′E,27 km,2.4,震度１,29.31666667,129.2483333
2023/9/15,15:26:13,石川県能登地方,37°30.6′N,137°13.7′E,13 km,3.6,震度２,37.51,137.2283333
2023/9/15,16:42:24,トカラ列島近海,29°18.7′N,129°23.6′E,12 km,2.9,震度１,29.31166667,129.3933333
2023/9/15,16:56:44,千葉県北西部,35°48.2′N,140°07.3′E,67 km,3.9,震度１,35.80333333,140.1216667
2023/9/15,18:38:46,岐阜県美濃東部,35°20.7′N,137°07.7′E,48 km,3.6,震度２,35.345,137.1283333
2023/9/15,20:05:02,奄美大島北西沖,28°07.1′N,128°03.5′E,15 km,3.7,震度１,28.11833333,128.0583333
2023/9/15,21:26:02,トカラ列島近海,29°20.0′N,129°18.1′E,24 km,2.5,震度１,29.33333333,129.3016667
2023/9/15,22:42:21,トカラ列島近海,29°19.3′N,129°24.0′E,20 km,2.6,震度１,29.32166667,129.4
2023/9/15,23:01:12,新島・神津島近海,34°28.1′N,139°13.6′E,15 km,2.4,震度１,34.46833333,139.2266667
2023/9/16,0:20:23,岐阜県飛騨地方,36°03.1′N,137°34.2′E,4 km,2.1,震度１,36.05166667,137.57
2023/9/16,4:07:52,徳島県北部,33°54.0′N,133°57.4′E,36 km,3.4,震度１,33.9,133.9566667
2023/9/16,4:35:57,福島県沖,37°09.8′N,141°25.6′E,44 km,4.2,震度３,37.16333333,141.4266667
2023/9/16,5:28:42,岐阜県飛騨地方,36°03.2′N,137°34.4′E,5 km,2,震度１,36.05333333,137.5733333
2023/9/16,14:58:36,茨城県南部,35°58.0′N,140°14.4′E,50 km,3.2,震度１,35.96666667,140.24
2023/9/16,15:51:30,宮城県沖,38°21.2′N,141°53.0′E,62 km,3.8,震度１,38.35333333,141.8833333
2023/9/17,0:17:31,千葉県東方沖,35°22.3′N,140°32.3′E,29 km,2.7,震度１,35.37166667,140.5383333
2023/9/17,17:23:30,和歌山県北部,34°03.3′N,135°19.0′E,8 km,3.2,震度２,34.055,135.3166667
2023/9/18,6:09:58,岩手県沿岸北部,39°45.5′N,141°51.0′E,57 km,3.5,震度１,39.75833333,141.85
2023/9/18,11:05:07,茨城県沖,36°30.4′N,141°05.6′E,40 km,3.4,震度１,36.50666667,141.0933333
2023/9/18,12:43:21,奄美大島近海,28°33.6′N,130°03.5′E,34 km,4.1,震度１,28.56,130.0583333
2023/9/18,18:09:48,西表島付近,24°19.4′N,123°43.2′E,49 km,3.1,震度１,24.32333333,123.72
2023/9/18,20:31:10,鳥島近海,29°43.4′N,139°17.6′E,462 km,5.2,震度１,29.72333333,139.2933333
2023/9/18,22:21:23,宮古島北西沖,26°28.7′N,125°13.2′E,182 km,6.5,震度３,26.47833333,125.22
2023/9/19,1:17:26,熊本県熊本地方,32°30.9′N,130°34.4′E,8 km,2.8,震度１,32.515,130.5733333
2023/9/19,4:33:04,宮城県沖,38°28.3′N,141°37.3′E,57 km,5.6,震度４,38.47166667,141.6216667
2023/9/19,6:29:45,トカラ列島近海,29°14.2′N,129°09.2′E,13 km,2.8,震度１,29.23666667,129.1533333
2023/9/19,6:42:24,トカラ列島近海,29°14.3′N,129°09.1′E,12 km,2.4,震度１,29.23833333,129.1516667
2023/9/19,13:35:28,トカラ列島近海,29°16.7′N,129°07.9′E,14 km,3.5,震度３,29.27833333,129.1316667
2023/9/20,9:16:19,能登半島沖,37°32.3′N,137°17.9′E,12 km,2.7,震度１,37.53833333,137.2983333
2023/9/20,15:31:50,秋田県内陸南部,39°47.8′N,140°48.4′E,2 km,2.3,震度１,39.79666667,140.8066667
2023/9/20,18:03:27,渡島地方東部,41°52.7′N,140°31.0′E,13 km,2.8,震度１,41.87833333,140.5166667
2023/9/21,4:26:33,トカラ列島近海,29°14.1′N,129°10.7′E,11 km,2.5,震度１,29.235,129.1783333
2023/9/21,6:41:45,トカラ列島近海,29°56.1′N,130°00.5′E,11 km,2.2,震度１,29.935,130.0083333
2023/9/22,0:59:11,宮城県沖,38°43.1′N,141°35.6′E,71 km,3.3,震度１,38.71833333,141.5933333
2023/9/22,2:25:25,釧路地方中南部,43°03.6′N,144°20.8′E,97 km,3.7,震度２,43.06,144.3466667
2023/9/22,11:51:43,トカラ列島近海,29°18.2′N,129°19.9′E,23 km,2.6,震度１,29.30333333,129.3316667
2023/9/22,12:05:38,宮城県沖,38°59.2′N,141°38.8′E,73 km,3.1,震度１,38.98666667,141.6466667
2023/9/22,17:45:25,薩摩半島西方沖,31°09.8′N,129°38.9′E,12 km,3.9,震度１,31.16333333,129.6483333
2023/9/23,4:52:08,埼玉県北部,36°07.6′N,139°40.7′E,87 km,3.1,震度１,36.12666667,139.6783333
2023/9/23,9:08:05,伊豆大島近海,34°48.2′N,139°20.3′E,0 km,3,震度２,34.80333333,139.3383333
2023/9/23,12:51:59,伊豆大島近海,34°48.5′N,139°20.7′E,0 km,2.2,震度１,34.80833333,139.345
2023/9/24,0:01:15,千葉県北東部,35°42.1′N,140°38.0′E,51 km,3.7,震度２,35.70166667,140.6333333
2023/9/24,14:43:02,宮城県沖,38°52.3′N,142°01.5′E,47 km,3.4,震度１,38.87166667,142.025
2023/9/24,23:30:39,千葉県東方沖,35°32.5′N,140°58.8′E,33 km,3.6,震度１,35.54166667,140.98
2023/9/25,13:35:49,青森県東方沖,41°29.7′N,142°05.3′E,54 km,4.1,震度２,41.495,142.0883333
2023/9/25,14:33:44,石川県能登地方,37°30.7′N,137°12.0′E,8 km,3.6,震度２,37.51166667,137.2
2023/9/25,23:52:29,紀伊水道,33°45.4′N,135°19.4′E,49 km,3.4,震度１,33.75666667,135.3233333
2023/9/26,8:39:22,宮城県沖,38°18.3′N,141°10.1′E,77 km,4.6,震度３,38.305,141.1683333
2023/9/26,10:30:53,奄美大島近海,27°52.2′N,128°53.3′E,11 km,2.8,震度１,27.87,128.8883333
2023/9/26,18:54:40,トカラ列島近海,29°55.7′N,130°00.5′E,13 km,2.4,震度１,29.92833333,130.0083333
2023/9/26,23:13:37,大阪府北部,34°58.1′N,135°23.9′E,10 km,3.6,震度３,34.96833333,135.3983333
2023/9/27,3:40:16,大阪府北部,34°57.9′N,135°24.1′E,10 km,3,震度２,34.965,135.4016667
2023/9/27,7:21:40,福島県沖,37°32.5′N,141°29.3′E,55 km,4.9,震度３,37.54166667,141.4883333
2023/9/27,11:14:56,大阪府北部,34°58.1′N,135°23.8′E,10 km,2.7,震度１,34.96833333,135.3966667
2023/9/27,12:03:02,豊後水道,32°47.7′N,132°26.9′E,35 km,2.9,震度１,32.795,132.4483333
2023/9/28,8:57:04,能登半島沖,37°31.9′N,137°13.3′E,10 km,3.7,震度２,37.53166667,137.2216667
2023/9/28,16:34:53,福島県沖,37°21.4′N,141°15.8′E,60 km,3.7,震度１,37.35666667,141.2633333
2023/9/28,18:17:46,石川県能登地方,37°31.3′N,137°15.1′E,12 km,2.8,震度１,37.52166667,137.2516667
2023/9/28,18:34:13,山口県北部,34°31.6′N,131°34.7′E,11 km,3.2,震度１,34.52666667,131.5783333
2023/9/28,23:29:48,石川県能登地方,37°29.1′N,137°12.8′E,12 km,4.3,震度３,37.485,137.2133333
2023/9/28,23:31:03,石川県能登地方,37°29.5′N,137°12.9′E,12 km,2.6,震度１,37.49166667,137.215
2023/9/29,0:04:34,石川県能登地方,37°29.6′N,137°13.6′E,12 km,2.7,震度１,37.49333333,137.2266667
2023/9/29,2:09:04,石川県能登地方,37°29.5′N,137°13.2′E,12 km,2.4,震度１,37.49166667,137.22
2023/9/29,2:40:04,択捉島南東沖,44°22.7′N,148°53.5′E,30 km,6.2,震度２,44.37833333,148.8916667
2023/9/29,16:57:52,茨城県北部,36°50.7′N,140°23.1′E,109 km,4.6,震度３,36.845,140.385
2023/9/29,17:26:17,茨城県沖,36°35.3′N,140°49.9′E,83 km,3.8,震度２,36.58833333,140.8316667
2023/9/30,10:29:41,新潟県下越地方,37°56.2′N,139°08.5′E,18 km,2.5,震度１,37.93666667,139.1416667
2023/9/30,12:07:24,釧路地方中南部,43°20.5′N,143°58.0′E,1 km,4.1,震度２,43.34166667,143.9666667
2023/9/30,14:10:02,奄美大島近海,28°28.2′N,129°34.0′E,23 km,3.3,震度１,28.47,129.5666667
2023/9/30,21:29:59,秋田県内陸北部,40°02.8′N,140°40.2′E,5 km,3.9,震度２,40.04666667,140.67
2023/10/1,6:21:04,青森県東方沖,40°37.0′N,142°21.9′E,51 km,3.4,震度１,40.61666667,142.365
2023/10/1,7:17:24,福島県中通り,37°03.2′N,140°26.5′E,7 km,2,震度１,37.05333333,140.4416667
2023/10/1,8:48:20,茨城県沖,36°41.7′N,141°00.5′E,46 km,3.4,震度１,36.695,141.0083333
2023/10/1,13:25:49,宮城県沖,38°37.4′N,141°53.8′E,47 km,4,震度２,38.62333333,141.8966667
2023/10/1,13:45:31,茨城県南部,36°19.3′N,140°01.2′E,73 km,3.2,震度１,36.32166667,140.02
2023/10/1,17:53:27,宮古島近海,24°39.4′N,125°11.1′E,30 km,3.9,震度１,24.65666667,125.185
2023/10/1,19:37:26,茨城県南部,36°06.8′N,139°52.3′E,48 km,3.3,震度１,36.11333333,139.8716667
2023/10/2,4:56:54,日向灘,32°40.1′N,132°01.1′E,41 km,3.2,震度１,32.66833333,132.0183333
2023/10/2,8:31:48,和歌山県北部,34°12.9′N,135°10.0′E,5 km,2.5,震度１,34.215,135.1666667
2023/10/2,21:31:02,伊豆大島近海,34°47.4′N,139°20.8′E,3 km,2.8,震度１,34.79,139.3466667
2023/10/2,21:57:48,伊豆大島近海,34°47.7′N,139°20.2′E,0 km,2.8,震度１,34.795,139.3366667
2023/10/2,22:26:25,栃木県南部,36°42.6′N,139°52.0′E,125 km,4.2,震度２,36.71,139.8666667
2023/10/3,1:32:37,茨城県沖,36°26.2′N,140°39.3′E,53 km,3.4,震度２,36.43666667,140.655
2023/10/3,8:53:28,留萌地方中北部,44°12.2′N,142°01.4′E,11 km,2.8,震度１,44.20333333,142.0233333
2023/10/3,12:43:44,伊豆大島近海,34°47.6′N,139°20.9′E,0 km,2.5,震度１,34.79333333,139.3483333
2023/10/3,16:30:41,伊豆大島近海,34°47.6′N,139°20.5′E,0 km,2.8,震度２,34.79333333,139.3416667
2023/10/3,20:38:03,鳥島近海,29°45.2′N,139°49.0′E,22 km,6.4,震度１,29.75333333,139.8166667
2023/10/3,21:28:18,石川県能登地方,37°30.9′N,137°13.9′E,14 km,2.8,震度１,37.515,137.2316667
2023/10/4,4:20:04,岐阜県飛騨地方,36°02.9′N,137°26.2′E,3 km,3,震度２,36.04833333,137.4366667
2023/10/4,12:52:26,岩手県内陸北部,40°15.8′N,141°35.4′E,75 km,3.4,震度１,40.26333333,141.59
2023/10/4,17:46:51,長野県南部,35°56.2′N,137°46.5′E,9 km,2.6,震度１,35.93666667,137.775
2023/10/5,0:47:09,千葉県東方沖,35°31.1′N,140°54.1′E,36 km,3.1,震度１,35.51833333,140.9016667
2023/10/5,2:01:14,徳島県北部,33°58.3′N,134°35.9′E,46 km,3.6,震度１,33.97166667,134.5983333
2023/10/5,9:59:23,与那国島近海,24°10.3′N,123°23.5′E,23 km,4.1,震度１,24.17166667,123.3916667
2023/10/5,17:08:13,石狩地方中部,43°04.9′N,141°24.4′E,15 km,2.5,震度２,43.08166667,141.4066667
2023/10/6,7:53:00,奄美大島近海,28°02.7′N,129°04.4′E,15 km,3.4,震度１,28.045,129.0733333
2023/10/6,16:44:03,福島県沖,37°10.7′N,141°10.9′E,62 km,4.1,震度３,37.17833333,141.1816667
2023/10/7,5:59:07,岐阜県飛騨地方,36°00.7′N,137°31.4′E,9 km,2.9,震度１,36.01166667,137.5233333
2023/10/7,21:58:25,山口県北西沖,34°36.5′N,130°52.5′E,16 km,3.5,震度１,34.60833333,130.875
2023/10/7,23:26:27,岩手県沖,40°08.0′N,142°23.4′E,40 km,4.9,震度３,40.13333333,142.39
2023/10/8,1:34:52,伊予灘,33°42.7′N,132°19.2′E,47 km,3.4,震度１,33.71166667,132.32
2023/10/8,2:04:54,トカラ列島近海,29°55.6′N,130°00.0′E,11 km,2.5,震度２,29.92666667,130
2023/10/8,12:07:10,東京湾,35°30.2′N,140°00.2′E,15 km,2.3,震度１,35.50333333,140.0033333
2023/10/8,19:49:52,千葉県北西部,35°42.7′N,140°06.5′E,69 km,3.5,震度１,35.71166667,140.1083333
2023/10/8,23:12:04,岐阜県飛騨地方,35°59.4′N,137°32.1′E,5 km,3.4,震度３,35.99,137.535
2023/10/9,2:41:38,沖縄本島近海,26°51.0′N,127°51.9′E,58 km,3.5,震度１,26.85,127.865
2023/10/9,3:58:10,鳥島近海,30°07.3′N,139°52.6′E,10 km,4.3,震度１,30.12166667,139.8766667
2023/10/9,4:53:46,鳥島近海,29°41.4′N,140°03.6′E,10 km,4.5,震度１,29.69,140.06
2023/10/9,5:43:09,鳥島近海,29°43.5′N,140°13.2′E,10 km,4.8,震度１,29.725,140.22
2023/10/9,5:51:26,鳥島近海,29°46.2′N,139°55.1′E,10 km,4.7,震度１,29.77,139.9183333
2023/10/9,5:56:48,鳥島近海,29°49.4′N,139°55.9′E,10 km,4.9,震度１,29.82333333,139.9316667
2023/10/9,6:00:41,鳥島近海,29°44.5′N,140°02.9′E,10 km,5,震度１,29.74166667,140.0483333
2023/10/9,6:05:32,鳥島近海,29°45.8′N,139°57.9′E,10 km,5.4,震度２,29.76333333,139.965
2023/10/9,6:09:16,鳥島近海,29°49.8′N,140°06.8′E,10 km,4.9,震度１,29.83,140.1133333
2023/10/9,6:13:28,鳥島近海,29°47.9′N,140°01.6′E,10 km,5,震度１,29.79833333,140.0266667
2023/10/9,6:17:28,鳥島近海,29°46.2′N,140°04.4′E,10 km,5.3,震度２,29.77,140.0733333
2023/10/9,8:18:37,和歌山県北部,34°06.3′N,135°28.6′E,62 km,3.5,震度２,34.105,135.4766667
2023/10/9,13:52:23,神奈川県西部,35°27.0′N,139°10.3′E,23 km,3.1,震度１,35.45,139.1716667
2023/10/9,14:09:41,国後島付近,44°28.9′N,146°22.5′E,175 km,5.5,震度２,44.48166667,146.375
2023/10/9,14:32:55,大阪府北部,34°58.1′N,135°28.1′E,8 km,3,震度２,34.96833333,135.4683333
2023/10/9,14:36:12,大阪府北部,34°58.1′N,135°28.0′E,8 km,2.1,震度１,34.96833333,135.4666667
2023/10/9,19:33:07,三重県北部,34°53.3′N,136°26.0′E,14 km,2.6,震度１,34.88833333,136.4333333
2023/10/9,23:42:23,渡島地方西部,41°29.4′N,140°10.6′E,8 km,3,震度３,41.49,140.1766667
2023/10/10,3:42:44,福島県沖,37°26.2′N,141°14.5′E,84 km,3.4,震度１,37.43666667,141.2416667
2023/10/10,11:20:41,岐阜県飛騨地方,35°59.3′N,137°32.1′E,5 km,3,震度２,35.98833333,137.535
2023/10/10,18:24:23,滋賀県北部,35°17.0′N,136°00.4′E,13 km,2.6,震度１,35.28333333,136.0066667
2023/10/11,3:21:26,能登半島沖,37°32.0′N,137°15.0′E,12 km,3.2,震度２,37.53333333,137.25
2023/10/11,4:29:13,岐阜県飛騨地方,35°59.4′N,137°32.1′E,5 km,2.5,震度１,35.99,137.535
2023/10/11,20:22:47,石川県能登地方,37°26.7′N,137°11.6′E,11 km,2.3,震度１,37.445,137.1933333
2023/10/11,22:29:06,茨城県北部,36°46.1′N,140°34.2′E,8 km,2.8,震度１,36.76833333,140.57
2023/10/11,23:10:50,青森県東方沖,40°37.5′N,142°23.7′E,52 km,4,震度１,40.625,142.395
2023/10/12,15:47:13,福島県沖,37°46.5′N,141°49.2′E,45 km,3.8,震度２,37.775,141.82
2023/10/12,17:18:15,滋賀県北部,35°20.9′N,136°23.5′E,11 km,3,震度１,35.34833333,136.3916667
2023/10/12,17:37:05,奄美大島近海,28°21.6′N,130°01.7′E,27 km,3.4,震度１,28.36,130.0283333
2023/10/12,18:55:37,宮城県沖,37°51.7′N,141°48.8′E,55 km,4.1,震度１,37.86166667,141.8133333
2023/10/13,3:39:35,トカラ列島近海,29°19.6′N,129°24.0′E,18 km,3.3,震度３,29.32666667,129.4
2023/10/13,7:33:36,択捉島南東沖,44°20.8′N,148°41.6′E,30 km,5.2,震度１,44.34666667,148.6933333
2023/10/13,14:14:11,能登半島沖,37°31.3′N,137°13.3′E,13 km,2.6,震度１,37.52166667,137.2216667
2023/10/13,16:54:04,留萌地方南部,44°05.5′N,142°00.8′E,9 km,3.2,震度３,44.09166667,142.0133333
2023/10/13,18:59:52,青森県西方沖,41°03.7′N,140°14.6′E,171 km,5,震度２,41.06166667,140.2433333
2023/10/14,5:57:00,福島県会津,36°57.6′N,139°22.7′E,4 km,2,震度２,36.96,139.3783333
2023/10/14,11:29:25,青森県東方沖,41°30.7′N,142°05.0′E,54 km,4.7,震度３,41.51166667,142.0833333
2023/10/14,16:53:31,台湾付近,23°55.4′N,122°18.3′E,21 km,5.2,震度１,23.92333333,122.305
2023/10/14,17:14:51,佐渡付近,38°04.2′N,138°15.2′E,17 km,2.9,震度１,38.07,138.2533333
2023/10/14,18:46:41,沖縄本島北西沖,27°31.1′N,127°45.3′E,97 km,3.7,震度１,27.51833333,127.755
2023/10/15,6:16:54,和歌山県北部,34°01.4′N,135°14.4′E,5 km,1.9,震度１,34.02333333,135.24
2023/10/16,2:45:27,和歌山県北部,34°09.4′N,135°11.4′E,5 km,1.9,震度１,34.15666667,135.19
2023/10/16,8:22:58,愛知県西部,34°55.9′N,137°00.5′E,38 km,3.1,震度１,34.93166667,137.0083333
2023/10/16,9:54:53,秋田県内陸北部,40°02.6′N,140°40.5′E,4 km,3.2,震度１,40.04333333,140.675
2023/10/16,14:11:14,栃木県北部,36°56.8′N,139°39.8′E,9 km,3.3,震度２,36.94666667,139.6633333
2023/10/16,19:42:11,宮古島近海,25°10.2′N,125°34.9′E,33 km,6,震度４,25.17,125.5816667
2023/10/16,20:22:32,宮古島近海,25°11.9′N,125°34.3′E,24 km,3.9,震度１,25.19833333,125.5716667
2023/10/16,22:22:02,宮古島近海,25°13.1′N,125°33.2′E,30 km,4.1,震度１,25.21833333,125.5533333
2023/10/16,22:30:48,宮古島近海,25°09.8′N,125°36.4′E,32 km,4.5,震度２,25.16333333,125.6066667
2023/10/16,22:53:48,宮古島近海,25°12.3′N,125°32.1′E,29 km,4.2,震度１,25.205,125.535
2023/10/17,2:22:57,硫黄島近海,23°50.5′N,141°51.1′E,161 km,5.1,震度１,23.84166667,141.8516667
2023/10/17,5:50:01,宮古島近海,25°09.0′N,125°36.3′E,28 km,4.6,震度２,25.15,125.605
2023/10/17,22:34:08,岐阜県飛騨地方,36°00.9′N,137°31.4′E,9 km,2.6,震度２,36.015,137.5233333
2023/10/18,0:39:11,岩手県沖,40°13.9′N,142°11.8′E,46 km,3.6,震度１,40.23166667,142.1966667
2023/10/18,20:44:57,岡山県南部,34°51.2′N,133°32.9′E,21 km,2.7,震度１,34.85333333,133.5483333
2023/10/18,23:09:53,徳島県北部,34°03.2′N,134°30.2′E,41 km,3,震度１,34.05333333,134.5033333
2023/10/19,1:27:34,釧路沖,42°46.8′N,145°06.9′E,61 km,3.8,震度１,42.78,145.115
2023/10/19,9:47:49,津軽海峡,41°39.8′N,140°59.4′E,11 km,2.9,震度３,41.66333333,140.99
2023/10/19,11:52:53,宮城県沖,38°55.2′N,141°56.6′E,50 km,3.3,震度１,38.92,141.9433333
2023/10/19,12:51:57,沖縄本島近海,25°59.1′N,128°31.3′E,41 km,5,震度１,25.985,128.5216667
2023/10/20,3:28:19,奄美大島北東沖,29°22.1′N,129°57.5′E,56 km,3.6,震度１,29.36833333,129.9583333
2023/10/20,5:36:00,千葉県東方沖,35°21.8′N,140°25.4′E,56 km,2.5,震度１,35.36333333,140.4233333
2023/10/20,11:50:51,富山湾,37°24.0′N,137°20.0′E,5 km,3.1,震度２,37.4,137.3333333
2023/10/20,14:44:46,十勝地方北部,43°34.9′N,143°45.4′E,7 km,3.2,震度１,43.58166667,143.7566667
2023/10/20,16:12:09,熊本県阿蘇地方,32°54.2′N,131°01.5′E,7 km,2.7,震度１,32.90333333,131.025
2023/10/20,17:01:29,埼玉県北部,36°15.5′N,139°13.6′E,18 km,2.7,震度１,36.25833333,139.2266667
2023/10/21,5:00:28,島根県西部,34°30.9′N,131°46.7′E,16 km,3.1,震度１,34.515,131.7783333
2023/10/21,5:55:27,福島県沖,36°56.2′N,141°10.1′E,24 km,4.2,震度２,36.93666667,141.1683333
2023/10/21,10:49:20,茨城県北部,36°26.2′N,140°35.2′E,61 km,3.1,震度１,36.43666667,140.5866667
2023/10/21,18:32:21,浦河沖,41°54.0′N,142°16.2′E,58 km,3.9,震度１,41.9,142.27
2023/10/21,23:10:04,石川県能登地方,37°30.9′N,137°18.5′E,14 km,2.4,震度１,37.515,137.3083333
2023/10/22,13:24:33,茨城県北部,36°41.3′N,140°32.7′E,73 km,3.4,震度１,36.68833333,140.545
2023/10/22,14:56:07,千葉県北東部,35°42.4′N,140°38.5′E,51 km,3,震度１,35.70666667,140.6416667
2023/10/22,21:48:19,岩手県沖,40°25.5′N,142°08.1′E,36 km,4.3,震度２,40.425,142.135
2023/10/22,23:13:40,沖縄本島近海,27°16.3′N,128°20.7′E,57 km,3.9,震度２,27.27166667,128.345
2023/10/23,2:57:24,四国沖,33°33.5′N,134°28.7′E,33 km,3.6,震度２,33.55833333,134.4783333
2023/10/23,8:11:15,千葉県北東部,35°42.8′N,140°40.6′E,50 km,3.3,震度１,35.71333333,140.6766667
2023/10/23,13:49:15,岐阜県美濃中西部,35°13.7′N,136°38.8′E,40 km,3.8,震度２,35.22833333,136.6466667
2023/10/23,15:53:29,父島近海,27°45.8′N,142°02.3′E,126 km,3.9,震度１,27.76333333,142.0383333
2023/10/23,20:28:06,宮古島近海,24°49.1′N,125°24.4′E,49 km,4.1,震度２,24.81833333,125.4066667
2023/10/23,22:47:08,茨城県北部,36°38.7′N,140°36.4′E,9 km,2.6,震度１,36.645,140.6066667
2023/10/24,1:01:29,北海道東方沖,43°46.5′N,147°27.0′E,0 km,4.8,震度１,43.775,147.45
2023/10/24,5:05:46,釧路地方中南部,43°06.2′N,145°02.1′E,94 km,3.7,震度１,43.10333333,145.035
2023/10/24,7:50:02,奄美大島近海,28°19.8′N,129°23.6′E,26 km,2.9,震度１,28.33,129.3933333
2023/10/24,8:05:25,与那国島近海,23°59.4′N,122°35.5′E,33 km,5.9,震度３,23.99,122.5916667
2023/10/24,11:54:26,与那国島近海,23°59.5′N,122°36.0′E,32 km,4.9,震度１,23.99166667,122.6
2023/10/24,14:58:58,能登半島沖,37°31.1′N,137°13.9′E,13 km,2.9,震度１,37.51833333,137.2316667
2023/10/24,21:29:42,神奈川県西部,35°22.6′N,139°02.4′E,167 km,4.2,震度２,35.37666667,139.04
2023/10/24,23:53:39,十勝地方北部,43°34.9′N,143°45.5′E,7 km,3.7,震度１,43.58166667,143.7583333
2023/10/25,1:04:24,福島県沖,36°55.9′N,141°16.2′E,18 km,3.6,震度１,36.93166667,141.27
2023/10/25,6:16:20,茨城県南部,36°12.9′N,139°59.6′E,59 km,3.2,震度１,36.215,139.9933333
2023/10/25,8:50:44,能登半島沖,37°36.8′N,137°19.7′E,13 km,3.6,震度１,37.61333333,137.3283333
2023/10/25,19:35:35,釧路沖,42°47.3′N,145°02.8′E,49 km,3.7,震度１,42.78833333,145.0466667
2023/10/25,21:58:20,京都府南部,35°03.7′N,135°43.4′E,10 km,2.6,震度１,35.06166667,135.7233333
2023/10/26,2:41:08,茨城県沖,35°55.5′N,141°02.4′E,14 km,3.5,震度１,35.925,141.04
2023/10/26,2:41:38,宮城県沖,38°32.4′N,141°44.2′E,53 km,3.7,震度１,38.54,141.7366667
2023/10/26,3:48:16,山形県村山地方,38°23.5′N,140°00.1′E,5 km,1.9,震度１,38.39166667,140.0016667
2023/10/26,12:45:48,岐阜県美濃中西部,35°28.4′N,136°49.7′E,14 km,3.1,震度１,35.47333333,136.8283333
2023/10/27,11:03:58,徳島県南部,33°54.1′N,134°28.0′E,10 km,2.7,震度１,33.90166667,134.4666667
2023/10/28,1:28:23,茨城県北部,36°22.5′N,140°12.2′E,104 km,3.7,震度２,36.375,140.2033333
2023/10/28,1:41:00,和歌山県南部,33°51.1′N,135°34.1′E,45 km,3.3,震度１,33.85166667,135.5683333
2023/10/28,13:24:53,長野県南部,35°52.7′N,137°34.7′E,5 km,2.5,震度１,35.87833333,137.5783333
2023/10/28,15:25:44,福島県会津,37°03.2′N,139°20.5′E,7 km,1.9,震度１,37.05333333,139.3416667
2023/10/28,22:25:23,能登半島沖,37°32.2′N,137°12.6′E,12 km,2.9,震度１,37.53666667,137.21
2023/10/29,7:52:53,上川地方北部,44°16.4′N,142°13.3′E,0 km,1.1,震度１,44.27333333,142.2216667
2023/10/29,11:13:47,宮城県沖,38°58.2′N,142°29.3′E,29 km,4.5,震度２,38.97,142.4883333
2023/10/29,11:25:17,宮城県沖,38°58.2′N,142°29.3′E,28 km,4.4,震度２,38.97,142.4883333
2023/10/29,17:57:19,石川県能登地方,37°29.2′N,137°12.5′E,12 km,2.5,震度１,37.48666667,137.2083333
2023/10/29,22:12:07,福島県浜通り,37°12.3′N,140°55.5′E,83 km,3.7,震度１,37.205,140.925
2023/10/30,8:38:05,沖縄本島近海,26°28.3′N,126°55.1′E,80 km,4.2,震度２,26.47166667,126.9183333
2023/10/30,22:35:06,和歌山県北部,34°15.2′N,135°12.2′E,6 km,2.6,震度１,34.25333333,135.2033333
2023/10/31,13:48:44,日向灘,31°36.3′N,131°36.9′E,31 km,3.3,震度１,31.605,131.615
2023/10/31,17:27:27,千葉県東方沖,35°22.7′N,140°26.7′E,58 km,3.2,震度１,35.37833333,140.445
2023/10/31,23:00:49,福井県沖,36°08.5′N,136°01.6′E,15 km,3.4,震度２,36.14166667,136.0266667
2023/11/1,3:08:22,茨城県南部,36°08.8′N,139°51.5′E,50 km,3.8,震度２,36.14666667,139.8583333
2023/11/1,7:22:37,橘湾,32°36.3′N,129°53.1′E,13 km,3,震度１,32.605,129.885
2023/11/1,7:34:01,紀伊水道,33°47.6′N,135°05.9′E,46 km,4.9,震度３,33.79333333,135.0983333
2023/11/1,16:12:14,福島県中通り,37°06.0′N,140°39.6′E,12 km,3.1,震度１,37.1,140.66
2023/11/1,17:40:52,宮城県沖,38°45.0′N,141°58.1′E,55 km,3.6,震度１,38.75,141.9683333
2023/11/2,5:54:55,千葉県北西部,35°40.5′N,140°07.6′E,68 km,3.3,震度１,35.675,140.1266667
2023/11/2,10:03:51,新島・神津島近海,34°24.9′N,139°11.1′E,10 km,2.4,震度１,34.415,139.185
2023/11/2,13:03:55,石川県能登地方,37°26.8′N,137°11.0′E,10 km,2.7,震度１,37.44666667,137.1833333
2023/11/2,23:35:50,和歌山県北部,34°06.0′N,135°11.1′E,6 km,2,震度１,34.1,135.185
2023/11/3,12:50:24,奄美大島近海,28°05.2′N,129°21.4′E,39 km,2.9,震度１,28.08666667,129.3566667
2023/11/3,18:49:14,宗谷地方北部,45°16.5′N,141°48.8′E,20 km,2.3,震度１,45.275,141.8133333
2023/11/3,19:49:15,新潟県上越地方,37°01.4′N,138°08.3′E,8 km,3.1,震度２,37.02333333,138.1383333
2023/11/3,23:53:00,薩摩半島西方沖,31°47.4′N,129°04.4′E,21 km,3.9,震度１,31.79,129.0733333
2023/11/4,5:14:53,能登半島沖,37°31.0′N,137°12.3′E,9 km,2.9,震度１,37.51666667,137.205
2023/11/4,17:31:43,群馬県南部,36°34.5′N,139°22.9′E,4 km,3.1,震度２,36.575,139.3816667
2023/11/4,22:16:18,根室半島南東沖,43°01.5′N,145°46.6′E,48 km,3.8,震度１,43.025,145.7766667
2023/11/4,23:58:42,紀伊水道,33°50.9′N,134°59.2′E,11 km,3.3,震度１,33.84833333,134.9866667
2023/11/5,3:43:42,天草灘,32°33.0′N,129°57.3′E,12 km,3,震度１,32.55,129.955
2023/11/5,7:15:47,宗谷地方北部,45°00.0′N,141°57.0′E,9 km,2,震度１,45,141.95
2023/11/5,13:14:09,千葉県東方沖,35°48.8′N,140°54.2′E,12 km,3.3,震度１,35.81333333,140.9033333
2023/11/5,15:18:30,千葉県東方沖,35°48.7′N,140°54.0′E,11 km,3.4,震度１,35.81166667,140.9
2023/11/5,17:53:02,沖縄本島近海,26°34.0′N,127°55.2′E,12 km,2.8,震度１,26.56666667,127.92
2023/11/5,22:58:55,新潟県中越地方,36°50.5′N,138°45.1′E,4 km,2.5,震度１,36.84166667,138.7516667
2023/11/5,23:45:18,十勝地方中部,42°47.8′N,142°46.3′E,116 km,4,震度２,42.79666667,142.7716667
2023/11/6,2:10:09,福島県沖,37°49.7′N,141°37.7′E,56 km,5,震度４,37.82833333,141.6283333
2023/11/6,14:50:05,福島県会津,37°01.6′N,139°22.1′E,6 km,1.2,震度１,37.02666667,139.3683333
2023/11/6,16:46:45,大隅半島東方沖,31°11.6′N,131°28.6′E,39 km,3.5,震度１,31.19333333,131.4766667
2023/11/7,5:35:09,福島県沖,37°15.2′N,141°27.4′E,45 km,3.6,震度１,37.25333333,141.4566667
2023/11/7,8:53:02,トカラ列島近海,29°56.4′N,129°59.9′E,12 km,2.8,震度１,29.94,129.9983333
2023/11/7,12:55:52,トカラ列島近海,29°56.4′N,130°00.2′E,12 km,4.1,震度３,29.94,130.0033333
2023/11/7,13:43:22,新潟県中越地方,37°12.0′N,138°48.4′E,9 km,3.1,震度３,37.2,138.8066667
2023/11/7,14:15:04,群馬県北部,36°43.2′N,139°20.4′E,7 km,2.3,震度１,36.72,139.34
2023/11/7,18:59:48,和歌山県北部,34°13.1′N,135°10.1′E,5 km,2.1,震度１,34.21833333,135.1683333
2023/11/8,11:04:03,岐阜県飛騨地方,35°59.4′N,137°31.9′E,5 km,3.3,震度３,35.99,137.5316667
2023/11/8,11:07:11,岐阜県飛騨地方,35°59.3′N,137°31.9′E,5 km,2.5,震度１,35.98833333,137.5316667
2023/11/8,11:24:52,トカラ列島近海,29°56.4′N,129°59.8′E,12 km,2.3,震度１,29.94,129.9966667
2023/11/8,14:51:41,福島県会津,37°04.6′N,139°21.4′E,8 km,2.4,震度１,37.07666667,139.3566667
2023/11/8,16:52:08,トカラ列島近海,29°56.6′N,130°00.5′E,10 km,2.6,震度１,29.94333333,130.0083333
2023/11/8,17:16:32,択捉島南東沖,44°36.7′N,149°24.2′E,30 km,4.9,震度１,44.61166667,149.4033333
2023/11/8,22:51:20,茨城県沖,36°14.6′N,141°08.0′E,29 km,3.6,震度１,36.24333333,141.1333333
2023/11/9,17:53:03,福島県沖,37°42.4′N,141°34.8′E,55 km,3.7,震度１,37.70666667,141.58
2023/11/9,19:30:16,熊本県阿蘇地方,32°54.2′N,131°02.4′E,6 km,2.9,震度２,32.90333333,131.04
2023/11/9,19:56:08,トカラ列島近海,29°56.6′N,130°00.2′E,11 km,2.6,震度１,29.94333333,130.0033333
2023/11/9,23:53:41,網走地方,44°05.6′N,145°07.7′E,0 km,3,震度２,44.09333333,145.1283333
2023/11/10,7:59:51,根室半島南東沖,43°16.6′N,146°03.3′E,49 km,3.9,震度１,43.27666667,146.055
2023/11/10,10:00:11,神奈川県西部,35°31.6′N,139°26.4′E,105 km,4.2,震度３,35.52666667,139.44
2023/11/10,10:54:08,土佐湾,33°31.2′N,133°43.2′E,30 km,4.3,震度３,33.52,133.72
2023/11/10,14:25:14,沖縄本島近海,27°17.4′N,128°25.9′E,48 km,3.6,震度１,27.29,128.4316667
2023/11/10,14:31:06,能登半島沖,37°32.1′N,137°16.6′E,11 km,3.1,震度２,37.535,137.2766667
2023/11/10,19:10:07,千島列島,45°14.7′N,150°44.9′E,130 km,5.9,震度２,45.245,150.7483333
2023/11/10,19:27:03,千葉県東方沖,35°46.6′N,140°50.5′E,12 km,3.1,震度１,35.77666667,140.8416667
2023/11/11,2:44:44,京都府南部,35°14.9′N,135°19.1′E,11 km,3.5,震度２,35.24833333,135.3183333
2023/11/11,5:50:31,鹿児島湾,31°19.7′N,130°48.2′E,104 km,5,震度４,31.32833333,130.8033333
2023/11/11,12:24:20,和歌山県北部,34°01.8′N,135°14.6′E,4 km,1.4,震度１,34.03,135.2433333
2023/11/11,19:49:43,宮古島北西沖,25°49.9′N,125°33.1′E,14 km,4.8,震度１,25.83166667,125.5516667
2023/11/11,22:02:39,トカラ列島近海,29°56.0′N,130°00.4′E,13 km,4.3,震度４,29.93333333,130.0066667
2023/11/11,22:07:19,トカラ列島近海,29°56.0′N,129°59.9′E,13 km,2.9,震度１,29.93333333,129.9983333
2023/11/11,22:26:47,トカラ列島近海,29°56.3′N,130°00.3′E,11 km,2.3,震度１,29.93833333,130.005
2023/11/11,22:30:28,トカラ列島近海,29°56.5′N,130°00.7′E,9 km,2.9,震度１,29.94166667,130.0116667
2023/11/11,22:57:19,トカラ列島近海,29°55.6′N,130°00.7′E,13 km,2.8,震度２,29.92666667,130.0116667
2023/11/12,1:35:00,トカラ列島近海,29°56.0′N,129°59.8′E,14 km,3,震度２,29.93333333,129.9966667
2023/11/12,2:24:09,東海道南方沖,33°38.7′N,138°31.8′E,33 km,4.5,震度１,33.645,138.53
2023/11/12,4:39:03,青森県東方沖,40°42.9′N,141°53.1′E,66 km,3.6,震度１,40.715,141.885
2023/11/12,7:12:07,トカラ列島近海,29°56.8′N,130°00.8′E,8 km,2.3,震度１,29.94666667,130.0133333
2023/11/12,19:31:05,トカラ列島近海,29°55.9′N,130°00.6′E,12 km,2.9,震度１,29.93166667,130.01
2023/11/12,20:31:47,トカラ列島近海,29°56.3′N,130°00.4′E,11 km,3.2,震度３,29.93833333,130.0066667
2023/11/12,21:23:19,岐阜県飛騨地方,35°59.1′N,137°32.0′E,7 km,2.2,震度１,35.985,137.5333333
2023/11/13,11:37:24,愛媛県東予,34°00.6′N,133°38.5′E,7 km,2.5,震度１,34.01,133.6416667
2023/11/13,12:04:52,愛媛県東予,34°00.6′N,133°38.4′E,6 km,2.6,震度１,34.01,133.64
2023/11/13,16:44:15,熊本県熊本地方,32°52.4′N,130°52.5′E,11 km,3,震度２,32.87333333,130.875
2023/11/14,11:59:34,群馬県南部,36°34.5′N,139°22.9′E,4 km,2.9,震度１,36.575,139.3816667
2023/11/14,14:44:20,長野県北部,36°30.5′N,137°46.1′E,1 km,1.6,震度１,36.50833333,137.7683333
2023/11/14,16:25:01,福島県沖,37°13.0′N,141°26.0′E,76 km,3.9,震度２,37.21666667,141.4333333
2023/11/14,20:42:27,根室半島南東沖,43°09.8′N,145°34.9′E,51 km,4,震度２,43.16333333,145.5816667
2023/11/15,1:37:45,茨城県北部,36°29.0′N,140°31.0′E,58 km,3.1,震度１,36.48333333,140.5166667
2023/11/15,2:14:23,宮城県沖,38°52.1′N,141°38.6′E,61 km,2.7,震度１,38.86833333,141.6433333
2023/11/15,5:59:39,鹿児島県薩摩地方,31°15.6′N,130°35.5′E,6 km,2.4,震度２,31.26,130.5916667
2023/11/15,7:58:09,鹿児島県薩摩地方,31°15.7′N,130°35.4′E,7 km,2.5,震度２,31.26166667,130.59
2023/11/15,15:29:23,根室半島南東沖,43°01.5′N,145°44.6′E,46 km,3.4,震度１,43.025,145.7433333
2023/11/15,15:54:02,トカラ列島近海,29°56.6′N,129°59.8′E,11 km,2.2,震度１,29.94333333,129.9966667
2023/11/15,16:27:53,宮城県北部,38°46.7′N,140°41.1′E,5 km,2.5,震度２,38.77833333,140.685
2023/11/16,3:15:06,新島・神津島近海,34°25.0′N,139°13.2′E,10 km,2.5,震度１,34.41666667,139.22
2023/11/16,3:21:28,新島・神津島近海,34°25.0′N,139°12.9′E,11 km,3.2,震度２,34.41666667,139.215
2023/11/16,3:22:14,新島・神津島近海,34°24.4′N,139°12.5′E,10 km,3,震度１,34.40666667,139.2083333
2023/11/16,3:25:36,新島・神津島近海,34°25.1′N,139°12.9′E,10 km,2.5,震度１,34.41833333,139.215
2023/11/16,4:31:53,新島・神津島近海,34°25.0′N,139°13.4′E,10 km,2.6,震度２,34.41666667,139.2233333
2023/11/16,5:43:28,紀伊水道,33°49.6′N,134°58.7′E,13 km,3.3,震度１,33.82666667,134.9783333
2023/11/16,11:39:00,新島・神津島近海,34°25.1′N,139°13.0′E,9 km,3,震度１,34.41833333,139.2166667
2023/11/16,12:28:43,福島県沖,36°55.9′N,141°11.0′E,52 km,4,震度２,36.93166667,141.1833333
2023/11/16,13:47:03,宮城県沖,38°58.2′N,142°05.1′E,52 km,3.8,震度１,38.97,142.085
2023/11/17,19:49:53,トカラ列島近海,29°56.3′N,130°00.6′E,11 km,2.3,震度１,29.93833333,130.01
2023/11/18,1:34:43,宮城県沖,38°53.4′N,141°58.2′E,49 km,3.7,震度１,38.89,141.97
2023/11/18,2:25:15,茨城県北部,36°19.3′N,140°35.0′E,59 km,3.4,震度１,36.32166667,140.5833333
2023/11/18,7:55:27,宮城県沖,38°33.0′N,142°04.9′E,52 km,3.9,震度２,38.55,142.0816667
2023/11/18,14:46:14,渡島地方北部,42°03.7′N,140°25.6′E,9 km,2.8,震度１,42.06166667,140.4266667
2023/11/18,17:27:57,熊本県熊本地方,32°32.1′N,130°40.8′E,9 km,3.1,震度２,32.535,130.68
2023/11/18,22:48:21,愛媛県東予,34°00.5′N,133°38.5′E,7 km,3,震度２,34.00833333,133.6416667
2023/11/18,22:49:37,トカラ列島近海,29°56.0′N,130°00.5′E,12 km,3.8,震度３,29.93333333,130.0083333
2023/11/19,2:41:38,北海道東方沖,43°29.2′N,147°16.5′E,73 km,4.8,震度１,43.48666667,147.275
2023/11/19,8:00:13,茨城県南部,36°08.0′N,139°50.1′E,50 km,3,震度１,36.13333333,139.835
2023/11/19,8:28:45,トカラ列島近海,29°56.3′N,130°00.5′E,13 km,2.9,震度１,29.93833333,130.0083333
2023/11/19,9:54:10,徳島県南部,33°53.1′N,134°16.0′E,33 km,3.4,震度２,33.885,134.2666667
2023/11/19,19:13:59,石川県能登地方,37°30.8′N,137°18.2′E,13 km,2.6,震度１,37.51333333,137.3033333
2023/11/19,20:57:58,伊豆半島東方沖,35°04.2′N,139°08.8′E,7 km,2.9,震度１,35.07,139.1466667
2023/11/19,21:41:18,伊豆半島東方沖,35°04.3′N,139°09.3′E,8 km,2.4,震度１,35.07166667,139.155
2023/11/20,0:02:59,新潟県上越地方,36°55.7′N,138°15.7′E,3 km,2.2,震度１,36.92833333,138.2616667
2023/11/20,3:41:46,滋賀県北部,35°30.6′N,136°22.0′E,11 km,2.6,震度１,35.51,136.3666667
2023/11/20,5:24:46,沖縄本島近海,25°58.1′N,128°27.4′E,39 km,4.7,震度１,25.96833333,128.4566667
2023/11/20,5:39:01,奄美大島近海,28°48.7′N,129°55.7′E,31 km,3.9,震度１,28.81166667,129.9283333
2023/11/20,6:01:31,青森県東方沖,41°10.0′N,142°17.5′E,52 km,5.9,震度４,41.16666667,142.2916667
2023/11/20,14:01:08,青森県東方沖,41°33.4′N,142°06.6′E,52 km,3.6,震度１,41.55666667,142.11
2023/11/21,0:38:32,トカラ列島近海,29°56.3′N,130°00.0′E,12 km,2.4,震度１,29.93833333,130
2023/11/21,6:26:05,福島県沖,37°46.3′N,141°49.6′E,44 km,4,震度１,37.77166667,141.8266667
2023/11/22,2:03:54,青森県東方沖,40°54.5′N,142°06.7′E,55 km,3.5,震度１,40.90833333,142.1116667
2023/11/22,11:03:39,奄美大島近海,28°08.5′N,130°22.2′E,23 km,3.6,震度２,28.14166667,130.37
2023/11/22,12:34:56,石川県能登地方,37°29.3′N,137°12.4′E,11 km,2.6,震度１,37.48833333,137.2066667
2023/11/22,13:06:27,薩摩半島西方沖,31°35.1′N,130°15.9′E,5 km,2.7,震度２,31.585,130.265
2023/11/22,23:07:37,伊予灘,33°19.2′N,131°43.7′E,86 km,3.5,震度１,33.32,131.7283333
2023/11/23,2:23:45,山形県最上地方,38°43.8′N,140°16.7′E,9 km,3.7,震度３,38.73,140.2783333
2023/11/23,5:59:52,岩手県沖,39°19.7′N,142°07.8′E,55 km,3.2,震度１,39.32833333,142.13
2023/11/23,13:25:20,十勝地方南部,42°26.2′N,143°06.6′E,58 km,3.4,震度１,42.43666667,143.11
2023/11/23,13:46:18,茨城県沖,36°24.5′N,141°04.1′E,42 km,3.6,震度１,36.40833333,141.0683333
2023/11/24,5:24:14,静岡県東部,35°11.6′N,138°34.1′E,14 km,2.1,震度１,35.19333333,138.5683333
2023/11/24,23:53:56,西表島付近,24°14.8′N,123°46.5′E,17 km,2.7,震度１,24.24666667,123.775
2023/11/25,10:40:37,岩手県沖,39°38.8′N,142°06.5′E,48 km,3.2,震度１,39.64666667,142.1083333
2023/11/25,10:54:36,茨城県北部,36°27.7′N,140°36.1′E,55 km,4.1,震度２,36.46166667,140.6016667
2023/11/25,14:27:23,豊後水道,32°50.7′N,132°34.9′E,32 km,3.1,震度１,32.845,132.5816667
2023/11/25,20:26:49,熊本県熊本地方,32°47.9′N,130°49.8′E,7 km,2.4,震度１,32.79833333,130.83
2023/11/25,23:32:53,茨城県沖,36°32.5′N,140°39.0′E,57 km,3.7,震度２,36.54166667,140.65
2023/11/26,9:02:34,伊豆大島近海,34°45.6′N,139°16.2′E,0 km,3,震度１,34.76,139.27
2023/11/26,10:47:09,宮城県沖,37°51.1′N,142°31.6′E,42 km,4.8,震度２,37.85166667,142.5266667
2023/11/26,13:31:11,与那国島近海,23°58.0′N,122°26.2′E,23 km,5.2,震度２,23.96666667,122.4366667
2023/11/26,18:39:49,沖縄本島北西沖,26°58.0′N,126°59.0′E,104 km,5,震度２,26.96666667,126.9833333
2023/11/27,2:05:08,日向灘,32°18.7′N,132°08.9′E,23 km,3.8,震度１,32.31166667,132.1483333
2023/11/27,3:25:11,福島県沖,37°41.1′N,141°36.3′E,57 km,4.1,震度２,37.685,141.605
2023/11/27,10:08:34,トカラ列島近海,29°56.3′N,130°00.2′E,12 km,2.2,震度１,29.93833333,130.0033333
2023/11/27,15:37:43,新潟県下越沖,38°29.8′N,139°27.2′E,11 km,3,震度１,38.49666667,139.4533333
2023/11/28,5:35:22,遠州灘,34°25.5′N,137°43.9′E,303 km,4.7,震度１,34.425,137.7316667
2023/11/28,6:14:46,トカラ列島近海,29°56.0′N,130°00.6′E,12 km,2.4,震度１,29.93333333,130.01
2023/11/28,15:56:46,国後島付近,43°39.8′N,146°11.1′E,116 km,4,震度２,43.66333333,146.185
2023/11/29,2:34:05,沖縄本島北西沖,26°56.5′N,126°50.8′E,110 km,4,震度１,26.94166667,126.8466667
2023/11/29,7:09:29,福島県会津,36°57.6′N,139°22.8′E,3 km,1.9,震度１,36.96,139.38
2023/11/29,11:47:38,宮古島近海,25°07.3′N,125°35.0′E,31 km,4.3,震度１,25.12166667,125.5833333
2023/11/29,14:33:34,熊本県天草・芦北地方,32°24.0′N,130°29.2′E,11 km,2.4,震度１,32.4,130.4866667
2023/11/29,16:56:31,鹿児島湾,31°28.5′N,130°34.8′E,6 km,2.5,震度１,31.475,130.58
2023/11/29,22:48:19,トカラ列島近海,29°21.4′N,129°27.5′E,12 km,3.3,震度１,29.35666667,129.4583333
2023/11/30,0:48:54,千葉県南東沖,35°03.4′N,140°14.9′E,73 km,3.9,震度１,35.05666667,140.2483333
2023/11/30,1:43:33,山口県北部,34°28.0′N,131°38.5′E,11 km,3.1,震度１,34.46666667,131.6416667
2023/11/30,16:02:22,十勝地方北部,43°34.9′N,143°45.2′E,6 km,3,震度１,43.58166667,143.7533333
2023/11/30,16:16:55,宮崎県南部平野部,31°55.2′N,131°27.0′E,11 km,1.5,震度１,31.92,131.45
2023/11/30,19:53:25,駿河湾,34°44.0′N,138°31.1′E,26 km,3.3,震度１,34.73333333,138.5183333
2023/11/30,20:35:35,奄美大島近海,28°03.6′N,129°03.5′E,15 km,3.7,震度２,28.06,129.0583333
2023/12/1,3:23:21,十勝地方南部,42°20.4′N,143°06.4′E,50 km,3.3,震度１,42.34,143.1066667
2023/12/1,11:14:40,茨城県南部,36°06.1′N,139°53.2′E,48 km,3.9,震度２,36.10166667,139.8866667
2023/12/1,12:52:13,宮城県沖,37°57.3′N,141°45.1′E,57 km,4.5,震度２,37.955,141.7516667
2023/12/1,14:09:47,紀伊水道,33°39.2′N,135°04.4′E,38 km,2.9,震度１,33.65333333,135.0733333
2023/12/1,19:01:43,日向灘,31°54.1′N,131°51.5′E,37 km,3.6,震度１,31.90166667,131.8583333
2023/12/2,4:06:42,福岡県北西沖,33°55.8′N,130°10.8′E,14 km,3.2,震度１,33.93,130.18
2023/12/2,9:35:37,秋田県内陸南部,39°40.7′N,140°49.4′E,109 km,3.7,震度１,39.67833333,140.8233333
2023/12/2,12:28:10,岩手県沿岸北部,39°45.5′N,141°49.9′E,58 km,3.4,震度１,39.75833333,141.8316667
2023/12/2,17:36:45,宮城県沖,38°38.5′N,141°54.2′E,47 km,3.6,震度１,38.64166667,141.9033333
2023/12/3,1:42:32,熊本県天草・芦北地方,32°13.0′N,130°27.7′E,9 km,3.1,震度２,32.21666667,130.4616667
2023/12/3,12:44:44,岩手県内陸北部,40°11.0′N,141°08.3′E,9 km,3.1,震度２,40.18333333,141.1383333
2023/12/3,13:18:31,岩手県内陸北部,40°11.1′N,141°08.3′E,9 km,2.5,震度１,40.185,141.1383333
2023/12/3,21:40:13,青森県下北地方,41°20.4′N,141°16.6′E,9 km,2.2,震度１,41.34,141.2766667
2023/12/4,0:36:00,茨城県北部,36°16.2′N,140°28.5′E,52 km,3,震度１,36.27,140.475
2023/12/4,0:45:13,茨城県北部,36°16.2′N,140°28.4′E,52 km,3.4,震度２,36.27,140.4733333
2023/12/4,1:59:59,石川県能登地方,37°31.2′N,137°15.9′E,14 km,3.3,震度１,37.52,137.265
2023/12/4,6:44:04,愛媛県南予,33°29.4′N,132°26.5′E,46 km,3.2,震度１,33.49,132.4416667
2023/12/4,7:25:18,新島・神津島近海,34°15.4′N,139°10.0′E,8 km,2.2,震度１,34.25666667,139.1666667
2023/12/4,7:30:48,新島・神津島近海,34°15.5′N,139°09.9′E,7 km,2.4,震度１,34.25833333,139.165
2023/12/4,9:11:17,新島・神津島近海,34°15.5′N,139°09.6′E,8 km,2.3,震度１,34.25833333,139.16
2023/12/4,11:21:11,伊豆半島東方沖,35°04.1′N,139°08.7′E,7 km,3.9,震度３,35.06833333,139.145
2023/12/4,17:17:47,富山湾,37°24.1′N,137°19.9′E,6 km,2.7,震度２,37.40166667,137.3316667
2023/12/4,18:01:38,渡島地方東部,41°54.7′N,140°57.9′E,10 km,1.9,震度１,41.91166667,140.965
2023/12/4,20:59:12,新潟県中越地方,37°19.0′N,138°51.3′E,18 km,3.6,震度２,37.31666667,138.855
2023/12/4,21:21:04,岩手県沿岸北部,39°53.2′N,141°55.2′E,61 km,3.3,震度２,39.88666667,141.92
2023/12/5,2:08:37,紀伊水道,33°44.9′N,134°42.6′E,41 km,3.2,震度１,33.74833333,134.71
2023/12/5,3:11:03,茨城県南部,36°15.0′N,140°06.5′E,54 km,3.2,震度１,36.25,140.1083333
2023/12/5,8:35:07,能登半島沖,37°36.2′N,137°19.0′E,12 km,3.2,震度１,37.60333333,137.3166667
2023/12/5,11:46:47,千葉県南部,35°20.8′N,140°20.5′E,28 km,2.5,震度２,35.34666667,140.3416667
2023/12/5,12:48:51,山梨県東部・富士五湖,35°28.6′N,138°56.7′E,24 km,2.6,震度１,35.47666667,138.945
2023/12/5,17:54:55,福島県浜通り,36°52.2′N,140°46.6′E,93 km,3.5,震度１,36.87,140.7766667
2023/12/6,3:30:02,和歌山県北部,34°00.5′N,135°10.3′E,6 km,2.4,震度１,34.00833333,135.1716667
2023/12/6,12:08:43,茨城県南部,36°06.4′N,140°01.2′E,68 km,3.7,震度２,36.10666667,140.02
2023/12/6,19:16:22,トカラ列島近海,29°54.3′N,130°00.5′E,10 km,2.2,震度１,29.905,130.0083333
2023/12/7,15:58:05,トカラ列島近海,29°55.4′N,130°01.7′E,13 km,2.7,震度１,29.92333333,130.0283333
2023/12/8,3:53:49,東京湾,35°33.1′N,140°04.4′E,73 km,3.6,震度１,35.55166667,140.0733333
2023/12/8,5:25:34,トカラ列島近海,29°54.9′N,130°02.1′E,13 km,2.1,震度１,29.915,130.035
2023/12/8,8:09:13,福島県会津,36°57.5′N,139°22.5′E,4 km,2.1,震度２,36.95833333,139.375
2023/12/8,10:09:18,トカラ列島近海,29°55.6′N,130°01.7′E,13 km,2.3,震度１,29.92666667,130.0283333
2023/12/8,18:58:54,トカラ列島近海,29°55.2′N,130°02.2′E,13 km,2.5,震度１,29.92,130.0366667
2023/12/8,20:31:36,鹿児島県大隅地方,31°12.2′N,130°58.3′E,63 km,3.4,震度１,31.20333333,130.9716667
2023/12/8,23:03:18,岩手県沖,40°19.3′N,142°16.6′E,44 km,3.7,震度１,40.32166667,142.2766667
2023/12/9,7:24:52,宮城県北部,38°51.1′N,140°49.6′E,8 km,3.2,震度２,38.85166667,140.8266667
2023/12/9,15:19:26,与那国島近海,24°28.0′N,122°38.7′E,94 km,4.3,震度１,24.46666667,122.645
2023/12/9,16:03:45,房総半島南方沖,34°30.6′N,140°15.6′E,64 km,4.6,震度２,34.51,140.26
2023/12/10,9:49:22,硫黄島近海,25°02.7′N,140°48.1′E,153 km,5.2,震度１,25.045,140.8016667
2023/12/10,19:52:50,千葉県北西部,35°41.2′N,140°02.2′E,72 km,3.1,震度１,35.68666667,140.0366667
2023/12/10,21:17:20,宮城県沖,38°25.7′N,141°52.7′E,56 km,3.6,震度１,38.42833333,141.8783333
2023/12/11,21:28:13,埼玉県南部,35°54.5′N,139°52.2′E,92 km,3.5,震度１,35.90833333,139.87
2023/12/12,7:15:47,岩手県沖,40°11.8′N,142°18.1′E,42 km,3.7,震度１,40.19666667,142.3016667
2023/12/12,10:19:26,千葉県北西部,35°39.2′N,140°03.8′E,69 km,3.1,震度１,35.65333333,140.0633333
2023/12/12,10:27:43,伊豆半島東方沖,35°04.4′N,139°09.3′E,9 km,2.2,震度１,35.07333333,139.155
2023/12/12,12:37:33,宮古島近海,25°09.8′N,125°33.7′E,29 km,4.1,震度１,25.16333333,125.5616667
2023/12/12,15:33:03,宮古島近海,24°48.6′N,125°15.6′E,18 km,3.4,震度１,24.81,125.26
2023/12/12,18:14:18,能登半島沖,37°31.7′N,137°14.4′E,11 km,3,震度１,37.52833333,137.24
2023/12/13,11:02:40,茨城県北部,36°28.1′N,140°36.1′E,56 km,3.1,震度１,36.46833333,140.6016667
2023/12/13,13:52:10,熊本県阿蘇地方,32°58.8′N,131°06.9′E,8 km,3,震度２,32.98,131.115
2023/12/13,20:10:39,十勝地方南部,42°38.0′N,143°29.5′E,69 km,3.7,震度２,42.63333333,143.4916667
2023/12/13,23:27:19,留萌地方中北部,44°54.3′N,141°49.6′E,13 km,2.8,震度１,44.905,141.8266667
2023/12/14,6:04:56,トカラ列島近海,29°56.1′N,130°00.0′E,12 km,2.7,震度１,29.935,130
2023/12/14,17:26:45,滋賀県北部,35°28.1′N,135°56.7′E,14 km,3.2,震度１,35.46833333,135.945
2023/12/14,18:38:00,青森県東方沖,41°19.6′N,142°25.4′E,39 km,3.8,震度１,41.32666667,142.4233333
2023/12/15,4:17:29,長野県中部,36°17.9′N,138°01.9′E,6 km,2.9,震度１,36.29833333,138.0316667
2023/12/15,6:36:19,日高地方中部,42°20.6′N,142°34.8′E,0 km,2.7,震度２,42.34333333,142.58
2023/12/15,18:04:34,豊後水道,33°13.7′N,132°17.7′E,39 km,3.7,震度２,33.22833333,132.295
2023/12/16,7:39:44,青森県東方沖,40°50.4′N,141°42.3′E,93 km,3.7,震度１,40.84,141.705
2023/12/16,9:15:08,岩手県沖,39°38.0′N,142°06.2′E,49 km,4.1,震度２,39.63333333,142.1033333
2023/12/16,11:44:05,岐阜県美濃中西部,35°57.5′N,136°51.6′E,10 km,3.7,震度２,35.95833333,136.86
2023/12/16,14:09:01,網走地方,43°51.0′N,144°49.2′E,10 km,2.8,震度１,43.85,144.82
2023/12/16,17:58:07,宮城県沖,38°26.7′N,141°49.9′E,57 km,3.4,震度１,38.445,141.8316667
2023/12/17,0:47:06,福島県沖,37°31.0′N,141°21.5′E,37 km,4,震度１,37.51666667,141.3583333
2023/12/17,5:33:48,福岡県北西沖,34°29.9′N,130°34.8′E,19 km,3.8,震度２,34.49833333,130.58
2023/12/17,14:11:37,栃木県南部,36°15.0′N,139°46.8′E,59 km,4.3,震度３,36.25,139.78
2023/12/17,16:57:38,東京湾,35°19.6′N,139°42.9′E,127 km,3.4,震度１,35.32666667,139.715
2023/12/17,18:22:58,根室半島南東沖,43°17.7′N,146°30.7′E,45 km,4.2,震度１,43.295,146.5116667
2023/12/18,4:06:55,栃木県南部,36°42.3′N,140°06.8′E,94 km,3.2,震度１,36.705,140.1133333
2023/12/19,3:37:24,熊本県天草・芦北地方,32°09.1′N,130°32.0′E,6 km,2.3,震度１,32.15166667,130.5333333
2023/12/19,13:29:53,新潟県中越地方,37°11.2′N,138°50.9′E,9 km,2.5,震度１,37.18666667,138.8483333
2023/12/19,13:56:40,福島県会津,37°16.2′N,139°29.0′E,7 km,2,震度１,37.27,139.4833333
2023/12/19,14:33:50,新潟県中越地方,37°21.4′N,138°34.1′E,17 km,3.1,震度１,37.35666667,138.5683333
2023/12/19,16:25:14,茨城県沖,36°31.6′N,140°41.2′E,55 km,3.3,震度１,36.52666667,140.6866667
2023/12/20,21:57:30,大分県中部,33°16.9′N,131°28.6′E,2 km,2.5,震度２,33.28166667,131.4766667
2023/12/20,22:39:54,大分県中部,33°16.9′N,131°28.3′E,3 km,1.6,震度１,33.28166667,131.4716667
2023/12/21,2:31:29,宮城県沖,38°25.7′N,142°14.8′E,28 km,4.3,震度１,38.42833333,142.2466667
2023/12/21,5:11:16,能登半島沖,37°35.9′N,137°19.7′E,10 km,3.7,震度１,37.59833333,137.3283333
2023/12/21,10:59:59,長野県中部,36°11.6′N,138°00.7′E,5 km,2.4,震度２,36.19333333,138.0116667
2023/12/21,20:29:51,千葉県東方沖,35°14.0′N,141°08.9′E,11 km,4.8,震度２,35.23333333,141.1483333
2023/12/21,22:36:13,群馬県南部,36°27.6′N,139°09.4′E,13 km,2.4,震度１,36.46,139.1566667
2023/12/21,23:04:14,千葉県東方沖,35°14.0′N,141°09.0′E,3 km,5.4,震度２,35.23333333,141.15
2023/12/22,1:11:57,千葉県東方沖,35°14.3′N,141°08.2′E,10 km,4.8,震度２,35.23833333,141.1366667
2023/12/22,5:21:08,岩手県内陸北部,40°09.2′N,141°11.1′E,10 km,2.4,震度１,40.15333333,141.185
2023/12/22,5:45:25,千葉県東方沖,35°14.5′N,141°06.9′E,9 km,5.1,震度２,35.24166667,141.115
2023/12/22,6:06:21,薩摩半島西方沖,31°53.8′N,128°18.4′E,14 km,3.5,震度１,31.89666667,128.3066667
2023/12/22,10:45:56,岩手県沖,39°58.6′N,142°21.5′E,14 km,4.9,震度３,39.97666667,142.3583333
2023/12/22,10:46:55,岩手県沖,39°58.2′N,142°23.1′E,6 km,4,震度１,39.97,142.385
2023/12/22,18:30:53,浦河沖,42°02.3′N,142°35.6′E,63 km,4,震度１,42.03833333,142.5933333
2023/12/22,18:37:46,トカラ列島近海,29°13.7′N,129°17.4′E,11 km,2.6,震度１,29.22833333,129.29
2023/12/23,13:37:38,橘湾,32°39.3′N,130°04.7′E,13 km,2.7,震度２,32.655,130.0783333
2023/12/23,14:49:37,橘湾,32°39.3′N,130°04.8′E,13 km,2.1,震度１,32.655,130.08
2023/12/23,19:11:19,茨城県北部,36°30.5′N,140°34.8′E,59 km,3.2,震度１,36.50833333,140.58
2023/12/24,6:04:03,根室半島南東沖,43°02.8′N,145°49.8′E,39 km,3.6,震度１,43.04666667,145.83
2023/12/24,8:07:31,能登半島沖,37°36.3′N,137°19.7′E,11 km,3.8,震度１,37.605,137.3283333
2023/12/24,13:59:49,伊豆大島近海,35°01.3′N,139°37.9′E,36 km,2.6,震度１,35.02166667,139.6316667
2023/12/24,18:59:00,天草灘,32°30.0′N,129°44.3′E,12 km,3.5,震度２,32.5,129.7383333
2023/12/24,20:11:05,熊本県天草・芦北地方,32°31.6′N,130°33.5′E,14 km,2.9,震度１,32.52666667,130.5583333
2023/12/24,20:55:30,十勝地方中部,42°52.3′N,143°08.6′E,106 km,3.7,震度１,42.87166667,143.1433333
2023/12/25,3:31:18,福島県沖,37°50.9′N,141°36.1′E,50 km,3.7,震度１,37.84833333,141.6016667
2023/12/25,4:42:17,兵庫県南東部,35°04.7′N,135°17.5′E,7 km,4,震度３,35.07833333,135.2916667
2023/12/25,9:11:35,茨城県沖,36°22.3′N,141°00.5′E,43 km,3.3,震度１,36.37166667,141.0083333
2023/12/25,11:58:46,トカラ列島近海,29°57.2′N,130°01.0′E,6 km,2,震度１,29.95333333,130.0166667
2023/12/25,13:49:01,三重県南東沖,33°11.1′N,137°57.5′E,340 km,4.8,震度１,33.185,137.9583333
2023/12/26,4:09:35,三重県北部,35°02.9′N,136°31.4′E,12 km,2.9,震度１,35.04833333,136.5233333
2023/12/26,13:29:39,安芸灘,33°51.1′N,132°27.8′E,47 km,3.2,震度１,33.85166667,132.4633333
2023/12/26,15:30:55,鳥島近海,30°24.6′N,138°56.6′E,455 km,5.2,震度１,30.41,138.9433333
2023/12/26,15:42:33,岐阜県飛騨地方,36°00.8′N,137°31.5′E,9 km,2.8,震度１,36.01333333,137.525
2023/12/26,21:13:37,トカラ列島近海,29°10.9′N,129°10.4′E,12 km,3.5,震度２,29.18166667,129.1733333
2023/12/26,21:21:12,トカラ列島近海,29°09.1′N,129°06.2′E,7 km,2.7,震度１,29.15166667,129.1033333
2023/12/26,21:49:07,トカラ列島近海,29°09.2′N,129°07.3′E,8 km,2.8,震度１,29.15333333,129.1216667
2023/12/26,22:28:01,トカラ列島近海,29°09.7′N,129°06.9′E,6 km,2.6,震度２,29.16166667,129.115
2023/12/26,22:41:16,トカラ列島近海,29°09.4′N,129°06.9′E,6 km,2.5,震度１,29.15666667,129.115
2023/12/26,23:02:15,トカラ列島近海,29°09.5′N,129°07.1′E,7 km,2.8,震度２,29.15833333,129.1183333
2023/12/26,23:26:42,トカラ列島近海,29°08.8′N,129°07.5′E,6 km,2.8,震度１,29.14666667,129.125
2023/12/27,0:02:37,トカラ列島近海,29°10.7′N,129°08.9′E,8 km,2.9,震度１,29.17833333,129.1483333
2023/12/27,0:07:13,トカラ列島近海,29°09.1′N,129°06.2′E,5 km,2.6,震度１,29.15166667,129.1033333
2023/12/27,0:16:32,トカラ列島近海,29°09.6′N,129°06.1′E,6 km,2.6,震度１,29.16,129.1016667
2023/12/27,2:00:18,トカラ列島近海,29°09.1′N,129°06.5′E,8 km,3.6,震度３,29.15166667,129.1083333
2023/12/27,2:07:48,トカラ列島近海,29°08.3′N,129°10.8′E,10 km,2.4,震度１,29.13833333,129.18
2023/12/27,5:17:10,薩摩半島西方沖,31°27.1′N,130°06.9′E,4 km,3,震度１,31.45166667,130.115
2023/12/27,7:53:57,浦河沖,41°55.2′N,142°19.4′E,70 km,4.6,震度３,41.92,142.3233333
2023/12/27,13:07:26,トカラ列島近海,29°08.0′N,129°09.0′E,8 km,2.3,震度１,29.13333333,129.15
2023/12/27,14:07:28,薩摩半島西方沖,31°27.1′N,130°06.9′E,4 km,2.9,震度１,31.45166667,130.115
2023/12/27,14:40:21,トカラ列島近海,29°09.3′N,129°07.4′E,7 km,2.6,震度１,29.155,129.1233333
2023/12/27,16:08:22,福島県沖,37°03.3′N,141°01.9′E,32 km,3.8,震度２,37.055,141.0316667
2023/12/27,22:47:49,石川県能登地方,37°29.6′N,137°16.9′E,12 km,2.7,震度１,37.49333333,137.2816667
2023/12/28,1:07:41,トカラ列島近海,29°48.9′N,129°54.5′E,6 km,1.9,震度１,29.815,129.9083333
2023/12/28,3:45:18,沖縄本島近海,26°10.2′N,127°59.8′E,17 km,2.8,震度１,26.17,127.9966667
2023/12/28,16:10:43,茨城県沖,36°23.4′N,141°03.6′E,41 km,3.5,震度１,36.39,141.06
2023/12/28,17:56:37,岩手県沖,39°13.2′N,142°10.7′E,51 km,3.8,震度１,39.22,142.1783333
2023/12/28,18:03:40,岐阜県美濃中西部,35°24.3′N,136°32.0′E,41 km,2.5,震度１,35.405,136.5333333
2023/12/28,18:15:13,択捉島南東沖,44°36.1′N,149°09.2′E,30 km,6.6,震度３,44.60166667,149.1533333
2023/12/28,22:16:54,青森県東方沖,40°34.8′N,142°29.4′E,43 km,4.5,震度２,40.58,142.49
2023/12/28,23:49:23,奄美大島近海,27°59.3′N,128°52.0′E,45 km,4.1,震度２,27.98833333,128.8666667
2023/12/29,0:13:24,富山湾,37°24.2′N,137°19.9′E,6 km,2.6,震度１,37.40333333,137.3316667
2023/12/29,0:47:01,徳島県南部,33°44.3′N,134°08.2′E,20 km,3.6,震度１,33.73833333,134.1366667
2023/12/29,22:34:15,沖縄本島近海,26°17.5′N,127°48.9′E,21 km,3.2,震度１,26.29166667,127.815
2023/12/30,8:45:44,秋田県沿岸北部,39°53.6′N,139°45.6′E,9 km,3.1,震度１,39.89333333,139.76
2023/12/30,11:21:31,トカラ列島近海,29°57.5′N,129°58.7′E,1 km,2.6,震度１,29.95833333,129.9783333
2023/12/30,15:07:30,日高地方西部,42°48.6′N,142°31.8′E,35 km,4.1,震度１,42.81,142.53
2023/12/31,7:39:15,岩手県沖,39°51.9′N,142°17.8′E,31 km,4,震度２,39.865,142.2966667
2023/12/31,23:37:38,奄美大島近海,28°11.7′N,130°46.6′E,75 km,4.4,震度１,28.195,130.7766667
