date,time,epicenter,緯度,経度,depth,magnitude,maxshindo,lat,lng
2024/1/1,8:15:03,青森県東方沖,41°29.4′N,142°00.9′E,57 km,3.5,震度１,41.49,142.015
2024/1/1,16:06:06,石川県能登地方,37°30.6′N,137°14.7′E,12 km,5.5,震度５強,37.51,137.245
2024/1/1,16:10:23,石川県能登地方,37°29.7′N,137°16.2′E,16 km,7.6,震度７,37.495,137.27
2024/1/1,16:12:31,能登半島沖,37°44.2′N,137°24.0′E,8 km,5.9,震度６弱,37.73666667,137.4
2024/1/1,16:13:57,新潟県上中越沖,37°34.7′N,137°31.2′E,11 km,5,震度４,37.57833333,137.52
2024/1/1,16:14:46,佐渡付近,37°50.4′N,137°38.6′E,13 km,4.8,震度４,37.84,137.6433333
2024/1/1,16:15:37,能登半島沖,37°40.2′N,137°25.2′E,20 km,5.1,震度４,37.67,137.42
2024/1/1,16:16:46,佐渡付近,37°49.8′N,137°38.7′E,22 km,4.6,震度２,37.83,137.645
2024/1/1,16:16:58,石川県能登地方,37°25.4′N,137°12.5′E,13 km,5,震度５弱,37.42333333,137.2083333
2024/1/1,16:18:43,石川県能登地方,37°11.9′N,136°49.1′E,11 km,6.1,震度５強,37.19833333,136.8183333
2024/1/1,16:19:41,新潟県上中越沖,37°31.8′N,137°31.3′E,6 km,5.2,震度２,37.53,137.5216667
2024/1/1,16:20:11,石川県能登地方,37°29.3′N,137°14.8′E,12 km,4.5,震度３,37.48833333,137.2466667
2024/1/1,16:20:20,詳細不明,37°10.0′N,136°41.0′E,0 km,,震度５弱,37.16666667,136.6833333
2024/1/1,16:20:35,石川県能登地方,37°12.2′N,136°53.8′E,9 km,4.2,震度３,37.20333333,136.8966667
2024/1/1,16:21:05,佐渡付近,37°47.6′N,137°36.1′E,24 km,4.5,震度３,37.79333333,137.6016667
2024/1/1,16:21:56,石川県能登地方,37°28.0′N,137°07.6′E,11 km,4.2,震度２,37.46666667,137.1266667
2024/1/1,16:22:20,石川県能登地方,37°11.9′N,136°49.8′E,12 km,3.3,震度１,37.19833333,136.83
2024/1/1,16:22:42,能登半島沖,37°29.3′N,137°23.0′E,11 km,4.1,震度２,37.48833333,137.3833333
2024/1/1,16:23:21,石川県能登地方,37°30.2′N,137°18.4′E,10 km,3.8,震度２,37.50333333,137.3066667
2024/1/1,16:23:47,石川県能登地方,37°27.7′N,137°10.3′E,12 km,4.3,震度３,37.46166667,137.1716667
2024/1/1,16:24:51,石川県能登地方,37°15.8′N,136°50.8′E,11 km,4,震度３,37.26333333,136.8466667
2024/1/1,16:25:11,石川県能登地方,37°30.3′N,137°17.3′E,10 km,4,震度３,37.505,137.2883333
2024/1/1,16:25:15,石川県能登地方,37°18.2′N,136°50.0′E,13 km,4.1,震度２,37.30333333,136.8333333
2024/1/1,16:25:43,石川県能登地方,37°26.3′N,137°09.2′E,12 km,4.1,震度３,37.43833333,137.1533333
2024/1/1,16:26:19,石川県能登地方,37°19.4′N,136°59.1′E,12 km,3.9,震度３,37.32333333,136.985
2024/1/1,16:27:30,石川県能登地方,37°22.1′N,137°08.3′E,13 km,4.4,震度３,37.36833333,137.1383333
2024/1/1,16:28:14,能登半島沖,37°16.5′N,136°42.0′E,6 km,5,震度３,37.275,136.7
2024/1/1,16:29:03,能登半島沖,37°30.7′N,137°05.6′E,10 km,4.7,震度４,37.51166667,137.0933333
2024/1/1,16:30:08,石川県能登地方,37°31.4′N,137°18.3′E,7 km,4.1,震度４,37.52333333,137.305
2024/1/1,16:30:50,石川県能登地方,37°29.3′N,137°17.5′E,10 km,3.3,震度２,37.48833333,137.2916667
2024/1/1,16:31:00,石川県能登地方,37°22.5′N,137°08.6′E,13 km,3.4,震度２,37.375,137.1433333
2024/1/1,16:31:41,石川県能登地方,37°22.2′N,136°58.1′E,14 km,4,震度１,37.37,136.9683333
2024/1/1,16:32:32,石川県能登地方,37°17.8′N,136°50.0′E,12 km,4.1,震度２,37.29666667,136.8333333
2024/1/1,16:32:43,石川県能登地方,37°19.3′N,136°58.3′E,13 km,4.7,震度３,37.32166667,136.9716667
2024/1/1,16:33:04,石川県能登地方,37°20.9′N,137°02.3′E,14 km,4,震度２,37.34833333,137.0383333
2024/1/1,16:33:28,石川県能登地方,37°27.6′N,137°10.6′E,11 km,3.7,震度２,37.46,137.1766667
2024/1/1,16:33:38,能登半島沖,37°12.4′N,136°40.0′E,5 km,4.2,震度２,37.20666667,136.6666667
2024/1/1,16:35:04,能登半島沖,37°32.7′N,137°24.0′E,2 km,4.1,震度１,37.545,137.4
2024/1/1,16:35:45,佐渡付近,37°44.8′N,137°37.9′E,20 km,4.3,震度２,37.74666667,137.6316667
2024/1/1,16:36:16,石川県能登地方,37°22.3′N,136°53.2′E,9 km,3.9,震度２,37.37166667,136.8866667
2024/1/1,16:37:19,石川県能登地方,37°28.8′N,137°13.1′E,12 km,3.5,震度１,37.48,137.2183333
2024/1/1,16:37:34,石川県能登地方,37°18.9′N,136°55.1′E,9 km,4.7,震度３,37.315,136.9183333
2024/1/1,16:38:35,石川県能登地方,37°28.8′N,137°12.3′E,14 km,3.8,震度２,37.48,137.205
2024/1/1,16:39:50,能登半島沖,37°32.9′N,137°26.5′E,13 km,5.2,震度４,37.54833333,137.4416667
2024/1/1,16:40:42,石川県能登地方,37°14.7′N,136°49.2′E,13 km,4.2,震度３,37.245,136.82
2024/1/1,16:42:00,石川県能登地方,37°12.3′N,136°44.7′E,6 km,3.7,震度２,37.205,136.745
2024/1/1,16:42:34,石川県能登地方,37°13.9′N,136°51.2′E,11 km,3.9,震度３,37.23166667,136.8533333
2024/1/1,16:42:44,石川県能登地方,37°26.8′N,137°11.4′E,12 km,5,震度４,37.44666667,137.19
2024/1/1,16:43:39,能登半島沖,37°36.6′N,137°17.2′E,4 km,4.3,震度４,37.61,137.2866667
2024/1/1,16:45:32,佐渡付近,37°51.4′N,137°50.1′E,14 km,4.7,震度３,37.85666667,137.835
2024/1/1,16:46:34,石川県能登地方,37°11.9′N,136°50.2′E,10 km,3.9,震度２,37.19833333,136.8366667
2024/1/1,16:47:23,石川県能登地方,37°18.0′N,136°54.7′E,9 km,3.6,震度３,37.3,136.9116667
2024/1/1,16:48:15,石川県能登地方,37°15.1′N,136°50.6′E,13 km,4.9,震度４,37.25166667,136.8433333
2024/1/1,16:49:06,石川県能登地方,37°24.7′N,136°58.4′E,1 km,3.6,震度１,37.41166667,136.9733333
2024/1/1,16:49:47,石川県能登地方,37°22.6′N,136°59.9′E,11 km,4.4,震度３,37.37666667,136.9983333
2024/1/1,16:51:16,石川県能登地方,37°20.9′N,137°03.1′E,15 km,4.3,震度３,37.34833333,137.0516667
2024/1/1,16:52:26,佐渡付近,37°46.9′N,137°38.7′E,22 km,4.2,震度２,37.78166667,137.645
2024/1/1,16:53:28,佐渡付近,37°45.0′N,137°39.7′E,19 km,4,震度３,37.75,137.6616667
2024/1/1,16:54:22,新潟県上中越沖,37°40.7′N,137°30.7′E,0 km,4.4,震度２,37.67833333,137.5116667
2024/1/1,16:55:00,能登半島沖,37°16.4′N,136°43.4′E,6 km,4.1,震度２,37.27333333,136.7233333
2024/1/1,16:55:36,石川県能登地方,37°24.9′N,137°10.7′E,15 km,4.8,震度３,37.415,137.1783333
2024/1/1,16:56:49,石川県能登地方,37°15.7′N,136°51.4′E,14 km,5.8,震度５強,37.26166667,136.8566667
2024/1/1,16:57:55,能登半島沖,37°32.0′N,137°18.9′E,9 km,4.4,震度３,37.53333333,137.315
2024/1/1,16:59:14,石川県能登地方,37°24.0′N,137°08.4′E,13 km,4,震度２,37.4,137.14
2024/1/1,16:59:55,佐渡付近,37°52.0′N,137°44.1′E,11 km,4.3,震度１,37.86666667,137.735
2024/1/1,17:00:33,石川県能登地方,37°29.1′N,137°07.8′E,9 km,4,震度３,37.485,137.13
2024/1/1,17:01:34,能登半島沖,37°32.7′N,137°14.7′E,8 km,3.5,震度１,37.545,137.245
2024/1/1,17:02:45,能登半島沖,37°37.1′N,137°21.1′E,8 km,5,震度４,37.61833333,137.3516667
2024/1/1,17:04:30,石川県能登地方,37°20.8′N,136°58.9′E,12 km,3.8,震度２,37.34666667,136.9816667
2024/1/1,17:05:49,石川県能登地方,37°26.8′N,137°10.8′E,15 km,3.6,震度２,37.44666667,137.18
2024/1/1,17:06:14,石川県能登地方,37°22.9′N,136°57.2′E,8 km,3.8,震度３,37.38166667,136.9533333
2024/1/1,17:07:01,石川県能登地方,37°28.6′N,137°21.4′E,12 km,3.4,震度２,37.47666667,137.3566667
2024/1/1,17:07:10,能登半島沖,37°06.6′N,136°36.6′E,0 km,5.3,震度４,37.11,136.61
2024/1/1,17:08:08,能登半島沖,37°05.6′N,136°36.4′E,11 km,3.2,震度２,37.09333333,136.6066667
2024/1/1,17:08:46,石川県能登地方,37°29.8′N,137°18.2′E,9 km,3.9,震度２,37.49666667,137.3033333
2024/1/1,17:09:39,能登半島沖,37°14.4′N,136°41.1′E,7 km,3.4,震度１,37.24,136.685
2024/1/1,17:10:17,石川県能登地方,37°23.7′N,137°06.5′E,11 km,4.1,震度２,37.395,137.1083333
2024/1/1,17:10:50,佐渡付近,37°53.4′N,137°49.9′E,10 km,4.4,震度１,37.89,137.8316667
2024/1/1,17:11:34,佐渡付近,37°52.0′N,137°43.9′E,18 km,4.1,震度１,37.86666667,137.7316667
2024/1/1,17:12:13,石川県能登地方,37°28.4′N,137°11.9′E,12 km,3.5,震度２,37.47333333,137.1983333
2024/1/1,17:12:46,能登半島沖,37°13.0′N,136°38.9′E,4 km,2.8,震度１,37.21666667,136.6483333
2024/1/1,17:13:09,石川県能登地方,37°25.9′N,137°05.5′E,9 km,3.8,震度２,37.43166667,137.0916667
2024/1/1,17:13:50,能登半島沖,37°12.4′N,136°40.8′E,6 km,3.9,震度２,37.20666667,136.68
2024/1/1,17:14:25,石川県能登地方,37°21.3′N,136°52.0′E,7 km,3.9,震度２,37.355,136.8666667
2024/1/1,17:15:19,石川県能登地方,37°16.6′N,136°50.4′E,9 km,3.6,震度１,37.27666667,136.84
2024/1/1,17:15:40,新潟県上中越沖,37°39.5′N,137°33.3′E,16 km,4.5,震度２,37.65833333,137.555
2024/1/1,17:17:48,石川県能登地方,37°28.0′N,137°09.5′E,12 km,4.7,震度４,37.46666667,137.1583333
2024/1/1,17:18:40,石川県能登地方,37°10.8′N,136°50.2′E,10 km,4.3,震度３,37.18,136.8366667
2024/1/1,17:19:39,石川県能登地方,37°15.6′N,136°51.5′E,9 km,3.5,震度２,37.26,136.8583333
2024/1/1,17:20:06,新潟県上中越沖,37°40.8′N,137°37.4′E,20 km,3.8,震度１,37.68,137.6233333
2024/1/1,17:20:32,石川県能登地方,37°22.6′N,136°55.9′E,2 km,3.9,震度３,37.37666667,136.9316667
2024/1/1,17:20:34,新潟県上中越沖,37°40.1′N,137°30.7′E,21 km,4.3,震度１,37.66833333,137.5116667
2024/1/1,17:21:30,石川県能登地方,37°12.5′N,136°42.4′E,8 km,3.7,震度４,37.20833333,136.7066667
2024/1/1,17:22:11,石川県能登地方,37°27.9′N,137°12.3′E,12 km,4.9,震度５弱,37.465,137.205
2024/1/1,17:23:33,石川県能登地方,37°28.3′N,137°08.2′E,12 km,3.6,震度２,37.47166667,137.1366667
2024/1/1,17:23:58,石川県能登地方,37°10.1′N,136°43.1′E,5 km,3,震度１,37.16833333,136.7183333
2024/1/1,17:24:25,石川県能登地方,37°21.7′N,136°50.2′E,15 km,4.2,震度３,37.36166667,136.8366667
2024/1/1,17:24:40,石川県能登地方,37°11.8′N,136°51.1′E,13 km,3.9,震度２,37.19666667,136.8516667
2024/1/1,17:25:00,石川県能登地方,37°29.8′N,137°17.6′E,10 km,4,震度４,37.49666667,137.2933333
2024/1/1,17:25:42,石川県能登地方,37°14.6′N,136°43.1′E,4 km,3.6,震度４,37.24333333,136.7183333
2024/1/1,17:26:06,石川県能登地方,37°30.3′N,137°12.4′E,11 km,,震度３,37.505,137.2066667
2024/1/1,17:26:23,石川県能登地方,37°22.4′N,136°55.3′E,9 km,3.8,震度３,37.37333333,136.9216667
2024/1/1,17:26:41,能登半島沖,37°07.7′N,136°37.4′E,4 km,3.6,震度３,37.12833333,136.6233333
2024/1/1,17:26:41,能登半島沖,37°35.4′N,137°28.4′E,18 km,3.9,震度１,37.59,137.4733333
2024/1/1,17:27:31,能登半島沖,37°39.1′N,137°29.6′E,9 km,4.3,震度１,37.65166667,137.4933333
2024/1/1,17:28:22,石川県能登地方,37°12.6′N,136°44.5′E,1 km,3,震度２,37.21,136.7416667
2024/1/1,17:29:03,新潟県上中越沖,37°38.0′N,137°32.7′E,14 km,4.9,震度３,37.63333333,137.545
2024/1/1,17:30:24,石川県能登地方,37°11.9′N,136°48.9′E,14 km,4,震度２,37.19833333,136.815
2024/1/1,17:31:12,石川県能登地方,37°11.2′N,136°51.3′E,13 km,2.9,震度１,37.18666667,136.855
2024/1/1,17:32:35,佐渡付近,37°45.9′N,137°43.7′E,19 km,3.7,震度１,37.765,137.7283333
2024/1/1,17:33:22,能登半島沖,37°09.0′N,136°36.9′E,11 km,3,震度２,37.15,136.615
2024/1/1,17:33:37,能登半島沖,37°41.4′N,137°28.9′E,1 km,4,震度１,37.69,137.4816667
2024/1/1,17:34:42,石川県能登地方,37°22.4′N,136°51.5′E,0 km,2.9,震度２,37.37333333,136.8583333
2024/1/1,17:36:33,石川県能登地方,37°22.4′N,137°05.4′E,11 km,3.9,震度３,37.37333333,137.09
2024/1/1,17:37:35,石川県能登地方,37°29.7′N,137°12.3′E,14 km,3.6,震度１,37.495,137.205
2024/1/1,17:37:36,石川県能登地方,37°13.8′N,136°49.3′E,10 km,3.4,震度２,37.23,136.8216667
2024/1/1,17:38:03,石川県能登地方,37°12.1′N,136°51.6′E,8 km,3.2,震度１,37.20166667,136.86
2024/1/1,17:38:20,石川県能登地方,37°27.8′N,137°09.3′E,11 km,3.3,震度１,37.46333333,137.155
2024/1/1,17:38:31,石川県能登地方,37°21.4′N,136°54.4′E,7 km,3,震度２,37.35666667,136.9066667
2024/1/1,17:38:52,石川県能登地方,37°10.6′N,136°42.4′E,4 km,2.7,震度２,37.17666667,136.7066667
2024/1/1,17:39:02,石川県能登地方,37°19.6′N,136°57.7′E,10 km,3.5,震度１,37.32666667,136.9616667
2024/1/1,17:39:55,石川県能登地方,37°17.9′N,136°53.2′E,16 km,4,震度３,37.29833333,136.8866667
2024/1/1,17:40:42,能登半島沖,37°35.1′N,137°20.9′E,12 km,4,震度３,37.585,137.3483333
2024/1/1,17:41:41,石川県能登地方,37°11.9′N,136°44.2′E,4 km,3,震度２,37.19833333,136.7366667
2024/1/1,17:42:58,石川県能登地方,37°21.5′N,136°47.1′E,14 km,3,震度１,37.35833333,136.785
2024/1/1,17:43:31,石川県能登地方,37°13.6′N,136°51.6′E,10 km,3.1,震度１,37.22666667,136.86
2024/1/1,17:43:43,石川県能登地方,37°21.1′N,136°49.6′E,0 km,3.6,震度２,37.35166667,136.8266667
2024/1/1,17:44:17,能登半島沖,37°08.7′N,136°39.8′E,7 km,3.3,震度２,37.145,136.6633333
2024/1/1,17:45:10,石川県能登地方,37°22.7′N,136°50.6′E,8 km,3.2,震度２,37.37833333,136.8433333
2024/1/1,17:46:09,石川県能登地方,37°22.0′N,136°57.4′E,8 km,3,震度１,37.36666667,136.9566667
2024/1/1,17:47:09,石川県能登地方,37°26.7′N,137°07.0′E,7 km,3.1,震度１,37.445,137.1166667
2024/1/1,17:48:03,石川県能登地方,37°21.2′N,137°02.9′E,12 km,3.6,震度１,37.35333333,137.0483333
2024/1/1,17:48:24,佐渡付近,37°53.6′N,137°41.9′E,18 km,4.5,震度３,37.89333333,137.6983333
2024/1/1,17:49:02,石川県能登地方,37°18.3′N,136°45.5′E,7 km,3.5,震度２,37.305,136.7583333
2024/1/1,17:50:06,石川県能登地方,37°27.1′N,137°11.4′E,13 km,4,震度３,37.45166667,137.19
2024/1/1,17:51:12,能登半島沖,37°06.7′N,136°38.8′E,11 km,3.4,震度２,37.11166667,136.6466667
2024/1/1,17:51:44,石川県能登地方,37°25.0′N,137°03.5′E,8 km,2.8,震度１,37.41666667,137.0583333
2024/1/1,17:52:18,石川県能登地方,37°27.9′N,137°11.2′E,11 km,3,震度１,37.465,137.1866667
2024/1/1,17:52:35,石川県能登地方,37°23.4′N,137°06.7′E,12 km,3,震度１,37.39,137.1116667
2024/1/1,17:53:13,石川県能登地方,37°17.7′N,136°49.6′E,11 km,3.7,震度２,37.295,136.8266667
2024/1/1,17:53:37,能登半島沖,37°07.8′N,136°39.5′E,10 km,2.8,震度１,37.13,136.6583333
2024/1/1,17:53:59,能登半島沖,37°34.6′N,137°23.6′E,0 km,3.6,震度１,37.57666667,137.3933333
2024/1/1,17:54:51,石川県能登地方,37°11.1′N,136°53.2′E,11 km,3.7,震度２,37.185,136.8866667
2024/1/1,17:55:18,石川県能登地方,37°24.8′N,136°54.1′E,10 km,3.7,震度４,37.41333333,136.9016667
2024/1/1,17:56:21,能登半島沖,37°23.0′N,136°47.6′E,0 km,4.1,震度３,37.38333333,136.7933333
2024/1/1,17:57:05,石川県能登地方,37°29.7′N,137°14.2′E,10 km,2.9,震度１,37.495,137.2366667
2024/1/1,17:57:17,石川県能登地方,37°17.4′N,136°54.7′E,14 km,3.8,震度２,37.29,136.9116667
2024/1/1,17:58:02,石川県能登地方,37°21.2′N,136°57.3′E,13 km,3.6,震度２,37.35333333,136.955
2024/1/1,17:58:22,富山湾,37°27.9′N,137°22.6′E,12 km,3,震度１,37.465,137.3766667
2024/1/1,17:58:45,能登半島沖,37°15.6′N,136°42.1′E,9 km,3.7,震度１,37.26,136.7016667
2024/1/1,17:59:00,能登半島沖,37°08.6′N,136°41.4′E,10 km,3.2,震度２,37.14333333,136.69
2024/1/1,17:59:19,石川県能登地方,37°16.9′N,136°44.7′E,0 km,3.3,震度２,37.28166667,136.745
2024/1/1,17:59:37,能登半島沖,37°07.2′N,136°37.9′E,1 km,2.6,震度２,37.12,136.6316667
2024/1/1,18:00:21,能登半島沖,37°41.6′N,137°29.4′E,0 km,4.4,震度２,37.69333333,137.49
2024/1/1,18:01:28,能登半島沖,37°07.6′N,136°41.1′E,7 km,3.6,震度３,37.12666667,136.685
2024/1/1,18:02:10,石川県能登地方,37°25.1′N,137°08.1′E,4 km,3.3,震度２,37.41833333,137.135
2024/1/1,18:02:39,石川県能登地方,37°19.8′N,136°47.4′E,10 km,3.3,震度１,37.33,136.79
2024/1/1,18:03:07,石川県能登地方,37°18.3′N,136°48.4′E,12 km,3,震度１,37.305,136.8066667
2024/1/1,18:03:50,能登半島沖,37°35.5′N,137°24.4′E,14 km,5.5,震度５弱,37.59166667,137.4066667
2024/1/1,18:06:15,能登半島沖,37°32.6′N,137°27.2′E,14 km,4.6,震度３,37.54333333,137.4533333
2024/1/1,18:07:30,能登半島沖,37°36.3′N,137°23.4′E,3 km,3.5,震度１,37.605,137.39
2024/1/1,18:08:18,能登半島沖,37°34.7′N,137°22.9′E,14 km,5.8,震度５強,37.57833333,137.3816667
2024/1/1,18:10:10,石川県能登地方,37°29.1′N,137°12.9′E,10 km,3.6,震度２,37.485,137.215
2024/1/1,18:11:12,能登半島沖,37°27.0′N,137°04.5′E,9 km,3.9,震度２,37.45,137.075
2024/1/1,18:12:14,石川県能登地方,37°24.1′N,137°03.6′E,9 km,3.6,震度２,37.40166667,137.06
2024/1/1,18:14:16,石川県能登地方,37°28.8′N,137°14.8′E,13 km,4.4,震度３,37.48,137.2466667
2024/1/1,18:16:01,石川県能登地方,37°13.4′N,136°43.4′E,5 km,4,震度２,37.22333333,136.7233333
2024/1/1,18:16:34,能登半島沖,37°29.8′N,137°23.4′E,12 km,3.6,震度１,37.49666667,137.39
2024/1/1,18:17:34,石川県能登地方,37°12.7′N,136°51.6′E,8 km,3.2,震度２,37.21166667,136.86
2024/1/1,18:19:06,石川県能登地方,37°29.1′N,137°14.1′E,11 km,3.2,震度２,37.485,137.235
2024/1/1,18:20:02,石川県能登地方,37°28.8′N,137°11.7′E,12 km,2.8,震度１,37.48,137.195
2024/1/1,18:20:12,石川県能登地方,37°12.8′N,136°46.5′E,9 km,3.7,震度２,37.21333333,136.775
2024/1/1,18:21:04,能登半島沖,37°37.2′N,137°22.1′E,4 km,3.2,震度１,37.62,137.3683333
2024/1/1,18:21:43,石川県能登地方,37°11.2′N,136°47.4′E,8 km,3.8,震度２,37.18666667,136.79
2024/1/1,18:23:08,石川県能登地方,37°30.1′N,137°17.6′E,9 km,4.5,震度４,37.50166667,137.2933333
2024/1/1,18:24:10,石川県能登地方,37°22.1′N,137°06.3′E,12 km,3.1,震度１,37.36833333,137.105
2024/1/1,18:24:28,石川県能登地方,37°10.6′N,136°41.4′E,7 km,2.8,震度２,37.17666667,136.69
2024/1/1,18:25:27,石川県能登地方,37°31.6′N,137°18.7′E,7 km,3.9,震度３,37.52666667,137.3116667
2024/1/1,18:26:35,能登半島沖,37°08.2′N,136°37.8′E,10 km,2.5,震度１,37.13666667,136.63
2024/1/1,18:26:50,石川県能登地方,37°18.1′N,136°55.6′E,12 km,3.4,震度１,37.30166667,136.9266667
2024/1/1,18:28:05,新潟県上中越沖,37°38.1′N,137°35.0′E,15 km,4,震度１,37.635,137.5833333
2024/1/1,18:28:33,石川県能登地方,37°26.8′N,137°10.1′E,9 km,3.4,震度１,37.44666667,137.1683333
2024/1/1,18:28:42,石川県能登地方,37°23.7′N,137°07.2′E,11 km,3.4,震度１,37.395,137.12
2024/1/1,18:29:04,石川県能登地方,37°21.2′N,137°06.5′E,13 km,3.6,震度１,37.35333333,137.1083333
2024/1/1,18:29:11,石川県能登地方,37°25.6′N,137°09.7′E,13 km,3.7,震度１,37.42666667,137.1616667
2024/1/1,18:30:22,能登半島沖,37°33.1′N,137°22.3′E,12 km,4.9,震度４,37.55166667,137.3716667
2024/1/1,18:32:07,石川県能登地方,37°29.0′N,137°16.3′E,12 km,2.6,震度２,37.48333333,137.2716667
2024/1/1,18:32:28,能登半島沖,37°33.1′N,137°22.8′E,11 km,3.3,震度１,37.55166667,137.38
2024/1/1,18:32:32,石川県能登地方,37°09.6′N,136°44.2′E,4 km,2.9,震度２,37.16,136.7366667
2024/1/1,18:32:42,石川県能登地方,37°17.6′N,136°51.8′E,12 km,3.8,震度２,37.29333333,136.8633333
2024/1/1,18:33:34,能登半島沖,37°09.8′N,136°39.5′E,8 km,2.8,震度１,37.16333333,136.6583333
2024/1/1,18:34:07,新潟県上中越沖,37°39.5′N,137°35.5′E,11 km,4.2,震度３,37.65833333,137.5916667
2024/1/1,18:35:02,石川県能登地方,37°27.5′N,137°17.4′E,12 km,3.7,震度２,37.45833333,137.29
2024/1/1,18:36:28,能登半島沖,37°10.0′N,136°40.5′E,11 km,3.1,震度１,37.16666667,136.675
2024/1/1,18:37:01,石川県能登地方,37°12.4′N,136°47.1′E,10 km,3,震度２,37.20666667,136.785
2024/1/1,18:37:23,石川県能登地方,37°11.3′N,136°41.6′E,4 km,2.9,震度１,37.18833333,136.6933333
2024/1/1,18:37:54,石川県能登地方,37°16.1′N,136°48.7′E,10 km,2.8,震度１,37.26833333,136.8116667
2024/1/1,18:38:50,石川県能登地方,37°19.8′N,136°44.3′E,7 km,3.7,震度２,37.33,136.7383333
2024/1/1,18:39:13,能登半島沖,37°30.4′N,137°22.3′E,10 km,3.3,震度２,37.50666667,137.3716667
2024/1/1,18:40:00,能登半島沖,37°06.4′N,136°38.8′E,6 km,4.8,震度５弱,37.10666667,136.6466667
2024/1/1,18:40:44,石川県能登地方,37°31.0′N,137°17.6′E,11 km,2.7,震度２,37.51666667,137.2933333
2024/1/1,18:42:06,石川県能登地方,37°18.3′N,136°49.7′E,9 km,4,震度３,37.305,136.8283333
2024/1/1,18:42:32,石川県能登地方,37°14.6′N,136°48.6′E,11 km,3.3,震度１,37.24333333,136.81
2024/1/1,18:43:34,能登半島沖,37°09.8′N,136°36.8′E,0 km,2.7,震度２,37.16333333,136.6133333
2024/1/1,18:43:56,石川県能登地方,37°27.4′N,137°07.1′E,13 km,2.9,震度１,37.45666667,137.1183333
2024/1/1,18:43:59,石川県能登地方,37°11.2′N,136°50.2′E,10 km,4,震度２,37.18666667,136.8366667
2024/1/1,18:44:04,石川県能登地方,37°30.5′N,137°14.5′E,11 km,3,震度２,37.50833333,137.2416667
2024/1/1,18:45:27,佐渡付近,37°44.3′N,137°37.4′E,13 km,4.7,震度３,37.73833333,137.6233333
2024/1/1,18:47:27,石川県能登地方,37°19.1′N,136°47.6′E,2 km,2.8,震度１,37.31833333,136.7933333
2024/1/1,18:47:37,石川県能登地方,37°30.2′N,137°20.4′E,9 km,2.4,震度１,37.50333333,137.34
2024/1/1,18:48:52,石川県能登地方,37°12.0′N,136°44.8′E,3 km,3.1,震度１,37.2,136.7466667
2024/1/1,18:49:15,能登半島沖,37°35.2′N,137°21.1′E,6 km,4.6,震度３,37.58666667,137.3516667
2024/1/1,18:50:36,石川県能登地方,37°24.5′N,137°06.9′E,11 km,3.2,震度２,37.40833333,137.115
2024/1/1,18:51:42,石川県能登地方,37°22.3′N,137°00.8′E,12 km,3.5,震度２,37.37166667,137.0133333
2024/1/1,18:52:39,石川県能登地方,37°13.1′N,136°46.9′E,5 km,,震度２,37.21833333,136.7816667
2024/1/1,18:52:41,能登半島沖,37°14.3′N,136°41.2′E,7 km,4,震度３,37.23833333,136.6866667
2024/1/1,18:52:59,石川県能登地方,37°30.8′N,137°13.0′E,10 km,2.6,震度１,37.51333333,137.2166667
2024/1/1,18:53:50,石川県能登地方,37°27.5′N,137°15.6′E,13 km,4,震度３,37.45833333,137.26
2024/1/1,18:54:34,石川県能登地方,37°20.7′N,136°48.2′E,8 km,2.9,震度１,37.345,136.8033333
2024/1/1,18:56:01,石川県能登地方,37°27.6′N,137°10.2′E,12 km,2.6,震度１,37.46,137.17
2024/1/1,18:56:12,能登半島沖,37°24.9′N,136°56.7′E,8 km,4.1,震度３,37.415,136.945
2024/1/1,18:56:51,石川県能登地方,37°09.0′N,136°45.0′E,0 km,3.3,震度４,37.15,136.75
2024/1/1,18:57:11,石川県能登地方,37°22.3′N,136°48.7′E,7 km,4.2,震度３,37.37166667,136.8116667
2024/1/1,18:59:21,石川県能登地方,37°13.9′N,136°48.0′E,8 km,3.6,震度２,37.23166667,136.8
2024/1/1,19:00:18,石川県能登地方,37°22.3′N,137°01.2′E,10 km,2.9,震度１,37.37166667,137.02
2024/1/1,19:00:23,能登半島沖,37°32.2′N,137°20.4′E,12 km,4,震度３,37.53666667,137.34
2024/1/1,19:00:48,石川県能登地方,37°20.6′N,136°46.7′E,7 km,2.8,震度１,37.34333333,136.7783333
2024/1/1,19:01:24,石川県能登地方,37°21.4′N,137°00.0′E,10 km,3.1,震度１,37.35666667,137
2024/1/1,19:02:09,石川県能登地方,37°28.0′N,137°09.9′E,9 km,3.7,震度３,37.46666667,137.165
2024/1/1,19:02:38,石川県能登地方,37°20.3′N,136°58.2′E,11 km,3.6,震度３,37.33833333,136.97
2024/1/1,19:03:21,石川県能登地方,37°19.7′N,136°46.6′E,6 km,3.4,震度２,37.32833333,136.7766667
2024/1/1,19:04:20,石川県能登地方,37°10.3′N,136°45.4′E,2 km,2.2,震度１,37.17166667,136.7566667
2024/1/1,19:04:57,石川県能登地方,37°10.5′N,136°52.3′E,12 km,3.4,震度２,37.175,136.8716667
2024/1/1,19:05:40,石川県能登地方,37°29.5′N,137°17.6′E,12 km,3.9,震度３,37.49166667,137.2933333
2024/1/1,19:06:09,石川県能登地方,37°22.5′N,136°52.9′E,12 km,3.5,震度３,37.375,136.8816667
2024/1/1,19:06:33,石川県能登地方,37°20.2′N,136°56.9′E,13 km,2.8,震度１,37.33666667,136.9483333
2024/1/1,19:06:56,佐渡付近,37°53.1′N,137°42.6′E,19 km,4.3,震度２,37.885,137.71
2024/1/1,19:07:58,石川県能登地方,37°21.8′N,136°54.9′E,0 km,2.6,震度１,37.36333333,136.915
2024/1/1,19:08:38,石川県能登地方,37°14.6′N,136°43.3′E,6 km,3.4,震度２,37.24333333,136.7216667
2024/1/1,19:10:31,能登半島沖,37°07.9′N,136°42.2′E,4 km,2.7,震度２,37.13166667,136.7033333
2024/1/1,19:10:39,石川県能登地方,37°13.1′N,136°51.8′E,11 km,3.8,震度２,37.21833333,136.8633333
2024/1/1,19:14:20,石川県能登地方,37°10.5′N,136°42.1′E,9 km,3.3,震度２,37.175,136.7016667
2024/1/1,19:14:29,石川県能登地方,37°22.1′N,137°01.2′E,10 km,3.2,震度１,37.36833333,137.02
2024/1/1,19:15:45,石川県能登地方,37°21.1′N,137°02.1′E,10 km,3,震度１,37.35166667,137.035
2024/1/1,19:16:26,能登半島沖,37°27.5′N,136°56.4′E,8 km,3.4,震度１,37.45833333,136.94
2024/1/1,19:17:08,石川県能登地方,37°11.3′N,136°46.5′E,8 km,2.3,震度１,37.18833333,136.775
2024/1/1,19:17:52,石川県能登地方,37°22.0′N,136°53.7′E,5 km,2.9,震度１,37.36666667,136.895
2024/1/1,19:18:28,石川県能登地方,37°11.0′N,136°46.1′E,6 km,2.9,震度１,37.18333333,136.7683333
2024/1/1,19:21:02,石川県能登地方,37°28.8′N,137°06.5′E,11 km,2.8,震度２,37.48,137.1083333
2024/1/1,19:21:36,能登半島沖,37°12.4′N,136°41.9′E,4 km,3.5,震度２,37.20666667,136.6983333
2024/1/1,19:22:15,石川県能登地方,37°20.9′N,136°49.1′E,10 km,3.1,震度１,37.34833333,136.8183333
2024/1/1,19:22:26,石川県能登地方,37°17.4′N,136°47.6′E,11 km,2.8,震度１,37.29,136.7933333
2024/1/1,19:22:37,石川県能登地方,37°18.6′N,136°49.6′E,11 km,3,震度１,37.31,136.8266667
2024/1/1,19:25:58,石川県能登地方,37°27.4′N,137°11.9′E,13 km,4.3,震度２,37.45666667,137.1983333
2024/1/1,19:27:05,石川県能登地方,37°24.1′N,137°03.6′E,8 km,3.6,震度２,37.40166667,137.06
2024/1/1,19:27:34,石川県能登地方,37°19.7′N,136°44.7′E,3 km,2.9,震度１,37.32833333,136.745
2024/1/1,19:27:59,石川県能登地方,37°28.0′N,137°13.3′E,10 km,4.5,震度４,37.46666667,137.2216667
2024/1/1,19:29:31,石川県能登地方,37°10.8′N,136°41.3′E,6 km,4,震度３,37.18,136.6883333
2024/1/1,19:30:20,能登半島沖,37°16.8′N,136°43.1′E,4 km,2.6,震度１,37.28,136.7183333
2024/1/1,19:30:25,新潟県上中越沖,37°39.7′N,137°33.1′E,14 km,4.1,震度１,37.66166667,137.5516667
2024/1/1,19:31:54,石川県能登地方,37°22.4′N,137°05.0′E,12 km,3.5,震度１,37.37333333,137.0833333
2024/1/1,19:34:21,石川県能登地方,37°28.5′N,137°08.5′E,15 km,2.8,震度２,37.475,137.1416667
2024/1/1,19:34:45,石川県能登地方,37°23.4′N,136°49.8′E,11 km,3,震度２,37.39,136.83
2024/1/1,19:36:00,石川県能登地方,37°10.5′N,136°42.6′E,6 km,2.7,震度１,37.175,136.71
2024/1/1,19:37:44,石川県能登地方,37°08.5′N,136°45.0′E,2 km,2.3,震度２,37.14166667,136.75
2024/1/1,19:37:45,石川県能登地方,37°30.6′N,137°19.3′E,12 km,2.8,震度１,37.51,137.3216667
2024/1/1,19:38:22,石川県能登地方,37°10.7′N,136°42.6′E,5 km,2.7,震度２,37.17833333,136.71
2024/1/1,19:38:35,石川県能登地方,37°18.1′N,136°52.6′E,9 km,3.7,震度２,37.30166667,136.8766667
2024/1/1,19:39:09,石川県能登地方,37°27.3′N,137°17.2′E,15 km,2.9,震度１,37.455,137.2866667
2024/1/1,19:39:25,石川県能登地方,37°27.3′N,137°06.7′E,9 km,3.1,震度１,37.455,137.1116667
2024/1/1,19:39:56,石川県能登地方,37°17.7′N,136°54.3′E,13 km,3.2,震度１,37.295,136.905
2024/1/1,19:40:25,能登半島沖,37°31.3′N,137°11.2′E,8 km,2.9,震度２,37.52166667,137.1866667
2024/1/1,19:41:38,石川県能登地方,37°17.8′N,136°53.1′E,11 km,3.1,震度１,37.29666667,136.885
2024/1/1,19:42:16,石川県能登地方,37°13.5′N,136°44.3′E,9 km,3.4,震度１,37.225,136.7383333
2024/1/1,19:43:58,石川県能登地方,37°22.4′N,136°53.9′E,0 km,2.4,震度２,37.37333333,136.8983333
2024/1/1,19:44:42,石川県能登地方,37°24.8′N,136°57.8′E,8 km,3.2,震度１,37.41333333,136.9633333
2024/1/1,19:45:06,石川県能登地方,37°09.7′N,136°42.6′E,4 km,3.2,震度２,37.16166667,136.71
2024/1/1,19:46:16,石川県能登地方,37°10.4′N,136°50.5′E,9 km,3.3,震度２,37.17333333,136.8416667
2024/1/1,19:47:19,石川県能登地方,37°21.8′N,136°58.4′E,9 km,3.4,震度１,37.36333333,136.9733333
2024/1/1,19:47:50,能登半島沖,37°10.2′N,136°38.7′E,10 km,2.8,震度１,37.17,136.645
2024/1/1,19:48:04,石川県能登地方,37°29.2′N,137°16.1′E,11 km,3.2,震度２,37.48666667,137.2683333
2024/1/1,19:48:33,石川県能登地方,37°19.7′N,136°47.6′E,9 km,3.2,震度１,37.32833333,136.7933333
2024/1/1,19:50:00,能登半島沖,37°07.8′N,136°37.1′E,8 km,3.6,震度３,37.13,136.6183333
2024/1/1,19:50:37,石川県能登地方,37°30.7′N,137°16.4′E,12 km,4.6,震度４,37.51166667,137.2733333
2024/1/1,19:51:18,石川県能登地方,37°09.4′N,136°43.4′E,4 km,2.8,震度１,37.15666667,136.7233333
2024/1/1,19:55:25,石川県能登地方,37°26.6′N,137°13.6′E,14 km,2.9,震度１,37.44333333,137.2266667
2024/1/1,19:55:58,石川県能登地方,37°12.7′N,136°42.9′E,4 km,2.7,震度１,37.21166667,136.715
2024/1/1,19:56:19,能登半島沖,37°08.3′N,136°40.0′E,3 km,2.4,震度２,37.13833333,136.6666667
2024/1/1,19:56:29,石川県能登地方,37°23.5′N,136°54.0′E,7 km,3.5,震度３,37.39166667,136.9
2024/1/1,19:57:03,石川県能登地方,37°28.9′N,137°20.1′E,12 km,2.8,震度１,37.48166667,137.335
2024/1/1,19:57:52,石川県能登地方,37°22.5′N,136°59.2′E,4 km,2.6,震度１,37.375,136.9866667
2024/1/1,19:58:55,石川県能登地方,37°11.3′N,136°43.3′E,4 km,2.5,震度１,37.18833333,136.7216667
2024/1/1,20:01:22,石川県能登地方,37°14.6′N,136°47.1′E,11 km,3.7,震度２,37.24333333,136.785
2024/1/1,20:02:46,石川県能登地方,37°23.3′N,136°51.2′E,0 km,2.3,震度２,37.38833333,136.8533333
2024/1/1,20:03:04,石川県能登地方,37°16.7′N,136°48.0′E,11 km,3.1,震度１,37.27833333,136.8
2024/1/1,20:03:33,能登半島沖,37°08.6′N,136°42.6′E,7 km,3.1,震度２,37.14333333,136.71
2024/1/1,20:03:59,能登半島沖,37°34.0′N,137°22.5′E,7 km,3.5,震度１,37.56666667,137.375
2024/1/1,20:04:48,石川県能登地方,37°10.5′N,136°44.9′E,0 km,1.9,震度１,37.175,136.7483333
2024/1/1,20:05:54,石川県能登地方,37°11.3′N,136°49.2′E,10 km,3.5,震度２,37.18833333,136.82
2024/1/1,20:06:51,石川県能登地方,37°20.9′N,136°51.9′E,9 km,3.3,震度１,37.34833333,136.865
2024/1/1,20:06:59,石川県能登地方,37°29.7′N,137°16.9′E,13 km,3.2,震度１,37.495,137.2816667
2024/1/1,20:07:42,石川県能登地方,37°21.9′N,136°53.2′E,9 km,3.6,震度２,37.365,136.8866667
2024/1/1,20:09:29,佐渡付近,37°55.8′N,137°47.4′E,20 km,3.9,震度１,37.93,137.79
2024/1/1,20:09:44,能登半島沖,37°15.1′N,136°42.0′E,8 km,3,震度１,37.25166667,136.7
2024/1/1,20:10:33,石川県能登地方,37°29.9′N,137°14.1′E,9 km,2.8,震度１,37.49833333,137.235
2024/1/1,20:12:10,能登半島沖,37°35.1′N,137°23.8′E,11 km,3.6,震度１,37.585,137.3966667
2024/1/1,20:13:46,能登半島沖,37°12.6′N,136°40.8′E,11 km,2.9,震度１,37.21,136.68
2024/1/1,20:14:21,能登半島沖,37°29.4′N,137°26.1′E,11 km,3.1,震度１,37.49,137.435
2024/1/1,20:14:31,能登半島沖,37°25.4′N,136°49.1′E,13 km,2.7,震度１,37.42333333,136.8183333
2024/1/1,20:15:22,石川県能登地方,37°29.6′N,137°16.7′E,11 km,3,震度２,37.49333333,137.2783333
2024/1/1,20:15:43,能登半島沖,37°12.1′N,136°41.5′E,4 km,3.3,震度２,37.20166667,136.6916667
2024/1/1,20:16:21,伊予灘,33°44.5′N,132°34.5′E,44 km,3.2,震度１,33.74166667,132.575
2024/1/1,20:16:43,能登半島沖,37°30.9′N,137°11.2′E,5 km,2.7,震度２,37.515,137.1866667
2024/1/1,20:17:02,石川県能登地方,37°09.4′N,136°43.5′E,6 km,3,震度２,37.15666667,136.725
2024/1/1,20:19:49,能登半島沖,37°33.7′N,137°10.1′E,11 km,2.7,震度２,37.56166667,137.1683333
2024/1/1,20:21:27,新潟県上中越沖,37°41.6′N,137°30.1′E,24 km,4.1,震度３,37.69333333,137.5016667
2024/1/1,20:22:32,石川県能登地方,37°09.9′N,136°42.9′E,5 km,3.1,震度２,37.165,136.715
2024/1/1,20:23:36,石川県能登地方,37°18.9′N,136°58.4′E,13 km,3.3,震度１,37.315,136.9733333
2024/1/1,20:25:16,石川県能登地方,37°18.8′N,136°53.6′E,0 km,2.5,震度２,37.31333333,136.8933333
2024/1/1,20:25:36,能登半島沖,37°10.9′N,136°37.6′E,1 km,2.3,震度１,37.18166667,136.6266667
2024/1/1,20:25:41,石川県能登地方,37°19.8′N,136°58.2′E,13 km,3.4,震度１,37.33,136.97
2024/1/1,20:26:50,石川県能登地方,37°22.8′N,136°51.3′E,10 km,2.7,震度１,37.38,136.855
2024/1/1,20:27:37,石川県能登地方,37°22.4′N,136°51.3′E,7 km,4.2,震度３,37.37333333,136.855
2024/1/1,20:27:49,石川県能登地方,37°04.5′N,136°44.4′E,12 km,3.8,震度２,37.075,136.74
2024/1/1,20:28:45,石川県能登地方,37°22.2′N,136°53.5′E,10 km,3.5,震度３,37.37,136.8916667
2024/1/1,20:29:44,石川県能登地方,37°25.5′N,137°09.8′E,13 km,3.3,震度１,37.425,137.1633333
2024/1/1,20:31:14,石川県能登地方,37°19.0′N,136°46.2′E,6 km,2.5,震度１,37.31666667,136.77
2024/1/1,20:31:44,石川県能登地方,37°29.5′N,137°08.3′E,8 km,2.8,震度１,37.49166667,137.1383333
2024/1/1,20:32:43,石川県能登地方,37°24.0′N,136°57.1′E,7 km,3.7,震度３,37.4,136.9516667
2024/1/1,20:33:37,佐渡付近,37°51.8′N,137°45.5′E,16 km,3.8,震度１,37.86333333,137.7583333
2024/1/1,20:34:21,石川県能登地方,37°21.1′N,136°56.0′E,10 km,4.5,震度３,37.35166667,136.9333333
2024/1/1,20:35:41,石川県能登地方,37°09.2′N,136°45.4′E,2 km,4.5,震度５弱,37.15333333,136.7566667
2024/1/1,20:37:58,石川県能登地方,37°15.3′N,136°49.1′E,12 km,3.2,震度１,37.255,136.8183333
2024/1/1,20:38:16,石川県能登地方,37°15.4′N,136°45.7′E,9 km,3.2,震度１,37.25666667,136.7616667
2024/1/1,20:38:41,石川県能登地方,37°10.0′N,136°44.9′E,2 km,2.4,震度１,37.16666667,136.7483333
2024/1/1,20:38:56,石川県能登地方,37°27.6′N,137°12.9′E,14 km,2.8,震度１,37.46,137.215
2024/1/1,20:39:53,石川県能登地方,37°10.7′N,136°46.1′E,5 km,2.4,震度１,37.17833333,136.7683333
2024/1/1,20:41:56,石川県能登地方,37°27.8′N,137°08.4′E,13 km,3.7,震度３,37.46333333,137.14
2024/1/1,20:43:26,能登半島沖,37°23.0′N,136°46.7′E,7 km,3.1,震度１,37.38333333,136.7783333
2024/1/1,20:43:48,石川県能登地方,37°15.5′N,136°52.1′E,11 km,3.7,震度２,37.25833333,136.8683333
2024/1/1,20:44:12,石川県能登地方,37°12.7′N,136°50.0′E,13 km,3.6,震度２,37.21166667,136.8333333
2024/1/1,20:45:13,石川県能登地方,37°22.9′N,136°48.3′E,7 km,3.1,震度１,37.38166667,136.805
2024/1/1,20:45:26,能登半島沖,37°06.9′N,136°36.3′E,8 km,2.9,震度１,37.115,136.605
2024/1/1,20:47:42,石川県能登地方,37°24.3′N,137°07.8′E,12 km,3.4,震度１,37.405,137.13
2024/1/1,20:48:06,能登半島沖,37°08.4′N,136°41.1′E,11 km,2.9,震度１,37.14,136.685
2024/1/1,20:48:38,石川県能登地方,37°28.9′N,137°14.2′E,10 km,3.3,震度１,37.48166667,137.2366667
2024/1/1,20:48:56,石川県能登地方,37°11.7′N,136°45.4′E,0 km,2.9,震度２,37.195,136.7566667
2024/1/1,20:49:55,石川県能登地方,37°11.0′N,136°49.1′E,13 km,3.6,震度２,37.18333333,136.8183333
2024/1/1,20:50:10,石川県能登地方,37°27.3′N,137°11.4′E,13 km,3.8,震度３,37.455,137.19
2024/1/1,20:51:33,石川県能登地方,37°27.4′N,137°07.8′E,8 km,3.5,震度２,37.45666667,137.13
2024/1/1,20:54:03,石川県能登地方,37°18.2′N,136°50.4′E,8 km,3.6,震度１,37.30333333,136.84
2024/1/1,20:54:45,能登半島沖,37°14.2′N,136°42.1′E,7 km,3.7,震度２,37.23666667,136.7016667
2024/1/1,20:56:45,石川県能登地方,37°12.9′N,136°42.4′E,1 km,2.7,震度１,37.215,136.7066667
2024/1/1,20:57:34,能登半島沖,37°37.4′N,137°26.1′E,14 km,4.1,震度２,37.62333333,137.435
2024/1/1,21:00:09,能登半島沖,37°06.9′N,136°39.7′E,5 km,3,震度２,37.115,136.6616667
2024/1/1,21:00:45,石川県能登地方,37°10.8′N,136°45.5′E,2 km,3.1,震度２,37.18,136.7583333
2024/1/1,21:01:07,石川県能登地方,37°12.6′N,136°50.9′E,9 km,3,震度１,37.21,136.8483333
2024/1/1,21:01:33,石川県能登地方,37°21.5′N,136°51.8′E,8 km,2.8,震度１,37.35833333,136.8633333
2024/1/1,21:03:54,能登半島沖,37°31.8′N,137°09.1′E,0 km,2.7,震度２,37.53,137.1516667
2024/1/1,21:04:14,石川県能登地方,37°23.3′N,136°53.9′E,1 km,3.1,震度３,37.38833333,136.8983333
2024/1/1,21:09:38,石川県能登地方,37°10.0′N,136°42.1′E,6 km,2.4,震度１,37.16666667,136.7016667
2024/1/1,21:10:19,石川県能登地方,37°14.6′N,136°47.5′E,4 km,1.9,震度１,37.24333333,136.7916667
2024/1/1,21:11:04,石川県能登地方,37°14.2′N,136°51.0′E,13 km,2.8,震度１,37.23666667,136.85
2024/1/1,21:12:17,石川県能登地方,37°10.3′N,136°48.8′E,11 km,3.2,震度２,37.17166667,136.8133333
2024/1/1,21:13:31,石川県能登地方,37°23.8′N,137°03.8′E,10 km,4,震度２,37.39666667,137.0633333
2024/1/1,21:13:32,福井県嶺北,36°04.6′N,136°16.3′E,6 km,1.3,震度１,36.07666667,136.2716667
2024/1/1,21:15:35,石川県能登地方,37°12.5′N,136°53.1′E,10 km,2.4,震度１,37.20833333,136.885
2024/1/1,21:16:03,石川県能登地方,37°23.2′N,136°54.7′E,11 km,2.5,震度１,37.38666667,136.9116667
2024/1/1,21:17:01,石川県能登地方,37°09.2′N,136°42.3′E,5 km,2.3,震度２,37.15333333,136.705
2024/1/1,21:17:10,石川県能登地方,37°19.8′N,136°47.1′E,9 km,4.1,震度２,37.33,136.785
2024/1/1,21:19:45,石川県能登地方,37°18.9′N,136°44.7′E,9 km,3.4,震度２,37.315,136.745
2024/1/1,21:20:01,石川県能登地方,37°12.2′N,136°45.0′E,0 km,3,震度１,37.20333333,136.75
2024/1/1,21:20:46,石川県能登地方,37°28.3′N,137°13.3′E,11 km,4.5,震度４,37.47166667,137.2216667
2024/1/1,21:22:09,能登半島沖,37°32.1′N,137°16.9′E,4 km,3.3,震度２,37.535,137.2816667
2024/1/1,21:22:28,石川県能登地方,37°20.7′N,136°53.7′E,7 km,2.9,震度１,37.345,136.895
2024/1/1,21:23:23,石川県能登地方,37°13.0′N,136°51.2′E,11 km,2.8,震度１,37.21666667,136.8533333
2024/1/1,21:23:43,石川県能登地方,37°26.4′N,137°03.9′E,8 km,3.8,震度２,37.44,137.065
2024/1/1,21:24:48,石川県能登地方,37°12.7′N,136°45.4′E,2 km,1.9,震度１,37.21166667,136.7566667
2024/1/1,21:26:48,石川県能登地方,37°21.8′N,136°55.5′E,7 km,2.3,震度１,37.36333333,136.925
2024/1/1,21:27:15,石川県能登地方,37°13.4′N,136°50.8′E,17 km,3.1,震度２,37.22333333,136.8466667
2024/1/1,21:27:50,石川県能登地方,37°27.4′N,137°06.5′E,11 km,3,震度１,37.45666667,137.1083333
2024/1/1,21:29:15,石川県能登地方,37°21.5′N,136°50.5′E,9 km,3.2,震度１,37.35833333,136.8416667
2024/1/1,21:29:30,石川県西方沖,37°04.7′N,136°37.2′E,10 km,3,震度１,37.07833333,136.62
2024/1/1,21:30:06,石川県能登地方,37°20.9′N,136°53.7′E,0 km,2.7,震度２,37.34833333,136.895
2024/1/1,21:31:33,石川県能登地方,37°28.7′N,137°16.3′E,12 km,3.1,震度１,37.47833333,137.2716667
2024/1/1,21:31:37,石川県能登地方,37°20.0′N,136°59.5′E,12 km,3.1,震度１,37.33333333,136.9916667
2024/1/1,21:31:52,石川県能登地方,37°16.8′N,136°49.7′E,11 km,3.3,震度２,37.28,136.8283333
2024/1/1,21:32:41,石川県能登地方,37°28.4′N,137°10.9′E,13 km,2.7,震度１,37.47333333,137.1816667
2024/1/1,21:35:13,石川県能登地方,37°20.3′N,136°52.8′E,10 km,3.3,震度１,37.33833333,136.88
2024/1/1,21:36:30,石川県能登地方,37°20.3′N,136°57.9′E,11 km,3.6,震度２,37.33833333,136.965
2024/1/1,21:36:58,石川県能登地方,37°27.9′N,137°06.9′E,11 km,3,震度１,37.465,137.115
2024/1/1,21:37:29,石川県能登地方,37°22.5′N,136°51.6′E,7 km,2.5,震度１,37.375,136.86
2024/1/1,21:38:09,石川県能登地方,37°11.5′N,136°42.7′E,1 km,2.5,震度２,37.19166667,136.7116667
2024/1/1,21:38:51,石川県能登地方,37°27.3′N,137°17.0′E,13 km,3.1,震度２,37.455,137.2833333
2024/1/1,21:38:51,石川県能登地方,37°10.5′N,136°43.1′E,3 km,,震度１,37.175,136.7183333
2024/1/1,21:40:01,能登半島沖,37°32.0′N,137°09.5′E,7 km,2.2,震度１,37.53333333,137.1583333
2024/1/1,21:40:26,石川県能登地方,37°29.4′N,137°17.5′E,13 km,2.8,震度１,37.49,137.2916667
2024/1/1,21:40:57,石川県能登地方,37°22.0′N,136°56.3′E,10 km,3.4,震度１,37.36666667,136.9383333
2024/1/1,21:41:04,能登半島沖,37°07.5′N,136°40.6′E,4 km,3.9,震度２,37.125,136.6766667
2024/1/1,21:42:12,能登半島沖,37°07.6′N,136°40.5′E,5 km,3,震度２,37.12666667,136.675
2024/1/1,21:42:37,石川県能登地方,37°18.8′N,136°44.6′E,5 km,3.3,震度２,37.31333333,136.7433333
2024/1/1,21:45:10,石川県能登地方,37°15.1′N,136°48.5′E,11 km,2.6,震度１,37.25166667,136.8083333
2024/1/1,21:45:48,石川県能登地方,37°28.9′N,137°10.3′E,12 km,2.3,震度１,37.48166667,137.1716667
2024/1/1,21:48:32,新潟県上中越沖,37°41.1′N,137°34.4′E,13 km,4.3,震度２,37.685,137.5733333
2024/1/1,21:50:00,石川県能登地方,37°19.0′N,136°55.1′E,11 km,3.3,震度１,37.31666667,136.9183333
2024/1/1,21:53:05,能登半島沖,37°07.3′N,136°36.8′E,3 km,3.4,震度２,37.12166667,136.6133333
2024/1/1,21:54:28,能登半島沖,37°06.8′N,136°38.0′E,2 km,4.2,震度３,37.11333333,136.6333333
2024/1/1,21:55:08,石川県能登地方,37°21.3′N,136°56.8′E,8 km,2.8,震度１,37.355,136.9466667
2024/1/1,21:55:20,石川県能登地方,37°27.6′N,137°06.8′E,10 km,3.1,震度１,37.46,137.1133333
2024/1/1,21:56:20,石川県能登地方,37°26.3′N,137°06.4′E,9 km,3.1,震度１,37.43833333,137.1066667
2024/1/1,21:56:47,石川県能登地方,37°24.5′N,136°59.1′E,2 km,2.4,震度１,37.40833333,136.985
2024/1/1,21:56:56,能登半島沖,37°13.5′N,136°37.8′E,11 km,2.4,震度１,37.225,136.63
2024/1/1,21:57:42,石川県能登地方,37°16.9′N,136°49.4′E,7 km,2.4,震度１,37.28166667,136.8233333
2024/1/1,21:57:54,能登半島沖,37°34.2′N,137°13.9′E,6 km,3.1,震度１,37.57,137.2316667
2024/1/1,21:58:08,能登半島沖,37°08.8′N,136°41.7′E,3 km,2.3,震度１,37.14666667,136.695
2024/1/1,21:59:21,石川県能登地方,37°27.3′N,137°12.5′E,13 km,2.5,震度１,37.455,137.2083333
2024/1/1,22:02:05,石川県能登地方,37°22.9′N,136°59.8′E,13 km,3.5,震度２,37.38166667,136.9966667
2024/1/1,22:02:35,石川県能登地方,37°28.0′N,137°16.2′E,12 km,3.5,震度２,37.46666667,137.27
2024/1/1,22:03:00,石川県能登地方,37°19.4′N,136°56.2′E,13 km,4.2,震度３,37.32333333,136.9366667
2024/1/1,22:04:26,石川県能登地方,37°27.5′N,137°11.4′E,13 km,3.4,震度１,37.45833333,137.19
2024/1/1,22:04:30,石川県能登地方,37°09.6′N,136°44.9′E,4 km,3,震度２,37.16,136.7483333
2024/1/1,22:05:16,石川県能登地方,37°28.4′N,137°14.5′E,12 km,2.9,震度１,37.47333333,137.2416667
2024/1/1,22:06:08,石川県能登地方,37°22.4′N,136°50.3′E,8 km,3.4,震度２,37.37333333,136.8383333
2024/1/1,22:07:58,能登半島沖,37°07.3′N,136°36.9′E,4 km,3,震度３,37.12166667,136.615
2024/1/1,22:08:46,石川県能登地方,37°12.7′N,136°46.0′E,0 km,3.6,震度２,37.21166667,136.7666667
2024/1/1,22:10:16,石川県能登地方,37°10.3′N,136°42.3′E,8 km,3.1,震度１,37.17166667,136.705
2024/1/1,22:10:58,石川県能登地方,37°23.8′N,137°03.7′E,9 km,4.4,震度３,37.39666667,137.0616667
2024/1/1,22:12:02,石川県能登地方,37°27.5′N,137°15.8′E,13 km,3.2,震度１,37.45833333,137.2633333
2024/1/1,22:13:39,石川県能登地方,37°19.2′N,136°54.7′E,11 km,2.8,震度１,37.32,136.9116667
2024/1/1,22:14:09,石川県能登地方,37°26.6′N,137°10.4′E,13 km,3.6,震度２,37.44333333,137.1733333
2024/1/1,22:17:57,石川県能登地方,37°22.3′N,137°00.2′E,7 km,3.6,震度２,37.37166667,137.0033333
2024/1/1,22:18:52,石川県能登地方,37°12.5′N,136°47.4′E,9 km,3,震度１,37.20833333,136.79
2024/1/1,22:19:26,石川県能登地方,37°19.5′N,136°48.5′E,9 km,2.7,震度１,37.325,136.8083333
2024/1/1,22:20:09,石川県能登地方,37°17.9′N,136°48.2′E,10 km,3.3,震度２,37.29833333,136.8033333
2024/1/1,22:20:44,石川県能登地方,37°09.3′N,136°43.5′E,4 km,2.6,震度１,37.155,136.725
2024/1/1,22:23:02,石川県能登地方,37°29.5′N,137°14.5′E,13 km,3,震度１,37.49166667,137.2416667
2024/1/1,22:27:07,石川県能登地方,37°17.8′N,136°49.8′E,13 km,3.4,震度１,37.29666667,136.83
2024/1/1,22:27:10,能登半島沖,37°30.5′N,137°23.1′E,5 km,2.8,震度１,37.50833333,137.385
2024/1/1,22:28:03,石川県能登地方,37°18.2′N,136°45.7′E,6 km,2.5,震度１,37.30333333,136.7616667
2024/1/1,22:28:25,能登半島沖,37°07.2′N,136°39.2′E,10 km,3.8,震度２,37.12,136.6533333
2024/1/1,22:30:28,石川県能登地方,37°23.7′N,136°55.4′E,0 km,3.2,震度３,37.395,136.9233333
2024/1/1,22:32:53,石川県能登地方,37°22.3′N,137°00.5′E,11 km,3,震度１,37.37166667,137.0083333
2024/1/1,22:33:42,石川県能登地方,37°13.4′N,136°51.7′E,13 km,2.7,震度１,37.22333333,136.8616667
2024/1/1,22:34:36,石川県能登地方,37°12.2′N,136°42.7′E,3 km,3.1,震度１,37.20333333,136.7116667
2024/1/1,22:36:10,石川県能登地方,37°31.1′N,137°19.4′E,9 km,3.8,震度２,37.51833333,137.3233333
2024/1/1,22:36:58,石川県能登地方,37°28.4′N,137°08.5′E,9 km,3.1,震度２,37.47333333,137.1416667
2024/1/1,22:37:26,能登半島沖,37°09.7′N,136°39.3′E,2 km,2.3,震度２,37.16166667,136.655
2024/1/1,22:38:20,能登半島沖,37°07.9′N,136°40.6′E,11 km,2.7,震度１,37.13166667,136.6766667
2024/1/1,22:41:02,能登半島沖,37°07.4′N,136°36.7′E,2 km,2.6,震度２,37.12333333,136.6116667
2024/1/1,22:43:26,石川県能登地方,37°11.7′N,136°50.0′E,10 km,2.8,震度１,37.195,136.8333333
2024/1/1,22:47:37,石川県能登地方,37°27.3′N,137°07.2′E,10 km,2.9,震度１,37.455,137.12
2024/1/1,22:48:23,石川県能登地方,37°12.9′N,136°42.3′E,4 km,3.7,震度２,37.215,136.705
2024/1/1,22:50:50,能登半島沖,37°08.9′N,136°41.2′E,0 km,2.3,震度３,37.14833333,136.6866667
2024/1/1,22:54:31,能登半島沖,37°08.1′N,136°38.9′E,10 km,2.5,震度２,37.135,136.6483333
2024/1/1,22:55:00,能登半島沖,37°33.0′N,137°07.6′E,2 km,2.1,震度１,37.55,137.1266667
2024/1/1,22:56:06,石川県能登地方,37°12.2′N,136°45.0′E,0 km,3.7,震度２,37.20333333,136.75
2024/1/1,22:56:31,石川県能登地方,37°14.0′N,136°50.5′E,13 km,2.8,震度１,37.23333333,136.8416667
2024/1/1,22:56:54,石川県能登地方,37°20.9′N,136°53.7′E,8 km,3.1,震度１,37.34833333,136.895
2024/1/1,22:59:05,石川県能登地方,37°11.1′N,136°44.3′E,5 km,2.9,震度１,37.185,136.7383333
2024/1/1,22:59:37,石川県能登地方,37°22.5′N,136°57.4′E,12 km,2.8,震度１,37.375,136.9566667
2024/1/1,23:00:53,石川県能登地方,37°18.2′N,136°52.8′E,13 km,3.9,震度３,37.30333333,136.88
2024/1/1,23:01:54,石川県能登地方,37°24.2′N,136°59.8′E,3 km,3.6,震度２,37.40333333,136.9966667
2024/1/1,23:02:19,佐渡付近,38°08.1′N,138°12.4′E,16 km,3.2,震度１,38.135,138.2066667
2024/1/1,23:03:48,佐渡付近,37°43.4′N,137°36.5′E,18 km,4.4,震度２,37.72333333,137.6083333
2024/1/1,23:04:51,石川県能登地方,37°18.7′N,136°44.8′E,5 km,3.3,震度２,37.31166667,136.7466667
2024/1/1,23:05:57,石川県能登地方,37°10.5′N,136°46.1′E,8 km,3.3,震度１,37.175,136.7683333
2024/1/1,23:06:11,石川県能登地方,37°23.6′N,137°03.8′E,9 km,3.7,震度３,37.39333333,137.0633333
2024/1/1,23:07:00,石川県能登地方,37°15.5′N,136°46.9′E,0 km,2.6,震度２,37.25833333,136.7816667
2024/1/1,23:08:11,石川県能登地方,37°19.1′N,136°55.0′E,12 km,3.7,震度２,37.31833333,136.9166667
2024/1/1,23:12:30,石川県能登地方,37°21.9′N,136°53.6′E,0 km,2.5,震度１,37.365,136.8933333
2024/1/1,23:12:59,能登半島沖,37°33.0′N,137°13.1′E,0 km,3.2,震度２,37.55,137.2183333
2024/1/1,23:13:12,石川県能登地方,37°13.0′N,136°50.8′E,11 km,3.5,震度２,37.21666667,136.8466667
2024/1/1,23:14:47,能登半島沖,37°32.9′N,137°23.8′E,10 km,3.1,震度１,37.54833333,137.3966667
2024/1/1,23:15:49,石川県能登地方,37°17.5′N,136°50.2′E,14 km,3.5,震度１,37.29166667,136.8366667
2024/1/1,23:18:58,石川県能登地方,37°30.1′N,137°12.5′E,11 km,3.3,震度１,37.50166667,137.2083333
2024/1/1,23:19:29,能登半島沖,37°32.2′N,137°19.7′E,8 km,4.2,震度３,37.53666667,137.3283333
2024/1/1,23:21:18,能登半島沖,37°08.4′N,136°38.3′E,5 km,3.2,震度２,37.14,136.6383333
2024/1/1,23:22:27,石川県能登地方,37°11.6′N,136°45.0′E,7 km,2.6,震度１,37.19333333,136.75
2024/1/1,23:23:19,石川県能登地方,37°12.2′N,136°48.2′E,9 km,2.8,震度２,37.20333333,136.8033333
2024/1/1,23:24:22,石川県能登地方,37°13.0′N,136°42.8′E,4 km,3.2,震度２,37.21666667,136.7133333
2024/1/1,23:26:04,能登半島沖,37°32.9′N,137°07.0′E,0 km,2.5,震度１,37.54833333,137.1166667
2024/1/1,23:26:09,能登半島沖,37°07.6′N,136°43.0′E,6 km,2,震度１,37.12666667,136.7166667
2024/1/1,23:26:39,石川県能登地方,37°29.7′N,137°13.0′E,8 km,2.5,震度１,37.495,137.2166667
2024/1/1,23:28:49,石川県能登地方,37°22.8′N,136°58.5′E,8 km,3,震度２,37.38,136.975
2024/1/1,23:29:50,能登半島沖,37°32.8′N,137°08.9′E,5 km,2.5,震度２,37.54666667,137.1483333
2024/1/1,23:30:20,石川県能登地方,37°30.8′N,137°18.4′E,9 km,2.6,震度１,37.51333333,137.3066667
2024/1/1,23:30:36,石川県能登地方,37°11.9′N,136°41.4′E,6 km,4.3,震度４,37.19833333,136.69
2024/1/1,23:31:21,石川県能登地方,37°12.1′N,136°42.0′E,7 km,3.6,震度２,37.20166667,136.7
2024/1/1,23:32:09,石川県能登地方,37°28.7′N,137°18.6′E,11 km,3,震度１,37.47833333,137.31
2024/1/1,23:35:14,能登半島沖,37°32.0′N,137°12.5′E,0 km,3.2,震度２,37.53333333,137.2083333
2024/1/1,23:35:47,石川県能登地方,37°10.7′N,136°49.0′E,10 km,2.9,震度１,37.17833333,136.8166667
2024/1/1,23:35:59,能登半島沖,37°08.9′N,136°43.0′E,2 km,2.1,震度３,37.14833333,136.7166667
2024/1/1,23:36:10,石川県能登地方,37°22.1′N,136°53.1′E,11 km,3.3,震度１,37.36833333,136.885
2024/1/1,23:39:03,能登半島沖,37°06.7′N,136°38.2′E,2 km,2.8,震度１,37.11166667,136.6366667
2024/1/1,23:40:01,石川県能登地方,37°20.3′N,136°45.3′E,7 km,2.5,震度１,37.33833333,136.755
2024/1/1,23:41:30,能登半島沖,37°07.3′N,136°40.8′E,9 km,2.7,震度１,37.12166667,136.68
2024/1/1,23:44:36,石川県能登地方,37°28.3′N,137°14.2′E,11 km,2.8,震度１,37.47166667,137.2366667
2024/1/1,23:45:34,石川県能登地方,37°12.6′N,136°52.3′E,13 km,2.9,震度１,37.21,136.8716667
2024/1/1,23:48:30,能登半島沖,37°20.5′N,136°42.0′E,5 km,2.7,震度１,37.34166667,136.7
2024/1/1,23:50:14,石川県能登地方,37°12.6′N,136°43.1′E,7 km,3.2,震度１,37.21,136.7183333
2024/1/1,23:50:38,石川県能登地方,37°21.9′N,136°59.3′E,7 km,3.8,震度３,37.365,136.9883333
2024/1/1,23:53:01,石川県能登地方,37°09.2′N,136°44.5′E,1 km,1.9,震度１,37.15333333,136.7416667
2024/1/1,23:54:22,能登半島沖,37°08.8′N,136°38.3′E,6 km,3.3,震度３,37.14666667,136.6383333
2024/1/1,23:56:13,石川県能登地方,37°20.9′N,136°56.1′E,8 km,2.4,震度１,37.34833333,136.935
2024/1/1,23:58:25,石川県西方沖,37°04.2′N,136°34.8′E,8 km,3.6,震度１,37.07,136.58
2024/1/1,23:58:26,石川県能登地方,37°29.5′N,137°19.0′E,10 km,3.7,震度３,37.49166667,137.3166667
2024/1/2,0:01:51,石川県能登地方,37°29.1′N,137°15.7′E,12 km,3.2,震度２,37.485,137.2616667
2024/1/2,0:02:41,石川県能登地方,37°29.1′N,137°17.6′E,12 km,2.9,震度１,37.485,137.2933333
2024/1/2,0:05:07,石川県能登地方,37°15.4′N,136°48.7′E,10 km,2.5,震度１,37.25666667,136.8116667
2024/1/2,0:06:06,石川県能登地方,37°29.8′N,137°09.9′E,12 km,2.7,震度１,37.49666667,137.165
2024/1/2,0:07:54,石川県能登地方,37°25.1′N,137°02.6′E,6 km,3.3,震度１,37.41833333,137.0433333
2024/1/2,0:08:36,石川県能登地方,37°30.3′N,137°17.7′E,10 km,4.3,震度４,37.505,137.295
2024/1/2,0:09:49,石川県能登地方,37°23.3′N,136°55.4′E,0 km,3.1,震度２,37.38833333,136.9233333
2024/1/2,0:10:40,石川県能登地方,37°15.6′N,136°47.6′E,10 km,2.4,震度１,37.26,136.7933333
2024/1/2,0:10:59,石川県能登地方,37°09.9′N,136°44.9′E,3 km,2.8,震度２,37.165,136.7483333
2024/1/2,0:13:41,石川県能登地方,37°27.8′N,137°06.7′E,8 km,3.5,震度２,37.46333333,137.1116667
2024/1/2,0:14:25,石川県能登地方,37°23.9′N,136°53.4′E,1 km,3.5,震度２,37.39833333,136.89
2024/1/2,0:15:36,石川県能登地方,37°09.2′N,136°41.4′E,6 km,2.6,震度１,37.15333333,136.69
2024/1/2,0:17:20,石川県能登地方,37°09.9′N,136°44.6′E,1 km,2,震度１,37.165,136.7433333
2024/1/2,0:18:52,石川県能登地方,37°17.3′N,136°48.6′E,8 km,3.1,震度１,37.28833333,136.81
2024/1/2,0:19:25,能登半島沖,37°36.5′N,137°10.8′E,11 km,3.3,震度１,37.60833333,137.18
2024/1/2,0:24:42,能登半島沖,37°12.7′N,136°36.4′E,0 km,3.9,震度３,37.21166667,136.6066667
2024/1/2,0:29:04,石川県能登地方,37°14.9′N,136°47.8′E,11 km,2.6,震度２,37.24833333,136.7966667
2024/1/2,0:30:00,石川県能登地方,37°19.2′N,136°53.8′E,9 km,2.5,震度１,37.32,136.8966667
2024/1/2,0:30:46,石川県能登地方,37°18.9′N,136°53.1′E,0 km,2.2,震度１,37.315,136.885
2024/1/2,0:31:46,能登半島沖,37°07.4′N,136°37.3′E,5 km,2.6,震度１,37.12333333,136.6216667
2024/1/2,0:36:02,石川県能登地方,37°27.3′N,137°10.4′E,13 km,2.8,震度１,37.455,137.1733333
2024/1/2,0:38:20,石川県能登地方,37°13.6′N,136°46.2′E,9 km,3.4,震度１,37.22666667,136.77
2024/1/2,0:39:30,石川県能登地方,37°30.9′N,137°15.8′E,7 km,3.2,震度１,37.515,137.2633333
2024/1/2,0:40:19,能登半島沖,37°07.8′N,136°42.3′E,5 km,2.2,震度２,37.13,136.705
2024/1/2,0:41:09,能登半島沖,37°07.6′N,136°38.3′E,2 km,2.4,震度１,37.12666667,136.6383333
2024/1/2,0:44:14,能登半島沖,37°07.8′N,136°43.3′E,11 km,2.1,震度１,37.13,136.7216667
2024/1/2,0:45:00,能登半島沖,37°35.3′N,137°24.0′E,8 km,3,震度１,37.58833333,137.4
2024/1/2,0:46:01,能登半島沖,37°16.5′N,136°43.8′E,8 km,2.5,震度１,37.275,136.73
2024/1/2,0:47:18,能登半島沖,37°30.2′N,137°23.2′E,12 km,2.1,震度１,37.50333333,137.3866667
2024/1/2,0:50:52,石川県能登地方,37°26.9′N,137°13.7′E,13 km,3.2,震度１,37.44833333,137.2283333
2024/1/2,0:52:04,能登半島沖,37°07.3′N,136°37.4′E,7 km,3.2,震度２,37.12166667,136.6233333
2024/1/2,0:53:14,石川県能登地方,37°19.0′N,136°52.9′E,8 km,2.9,震度１,37.31666667,136.8816667
2024/1/2,0:53:56,石川県能登地方,37°11.4′N,136°41.2′E,8 km,3,震度１,37.19,136.6866667
2024/1/2,0:57:02,石川県能登地方,37°22.6′N,136°53.0′E,8 km,3.6,震度３,37.37666667,136.8833333
2024/1/2,0:57:22,石川県能登地方,37°27.9′N,137°11.7′E,11 km,3.3,震度１,37.465,137.195
2024/1/2,1:00:50,能登半島沖,37°06.7′N,136°40.6′E,5 km,2.8,震度１,37.11166667,136.6766667
2024/1/2,1:01:51,石川県能登地方,37°22.8′N,136°52.5′E,8 km,3.6,震度３,37.38,136.875
2024/1/2,1:03:14,石川県能登地方,37°21.3′N,137°02.0′E,10 km,3,震度１,37.355,137.0333333
2024/1/2,1:04:19,石川県能登地方,37°14.2′N,136°49.1′E,11 km,3.7,震度１,37.23666667,136.8183333
2024/1/2,1:10:38,石川県能登地方,37°12.3′N,136°47.5′E,8 km,3.3,震度１,37.205,136.7916667
2024/1/2,1:11:42,石川県能登地方,37°22.6′N,136°54.6′E,4 km,2,震度１,37.37666667,136.91
2024/1/2,1:13:51,能登半島沖,37°32.5′N,137°07.8′E,9 km,2.2,震度２,37.54166667,137.13
2024/1/2,1:14:12,石川県能登地方,37°13.9′N,136°44.5′E,0 km,,震度１,37.23166667,136.7416667
2024/1/2,1:15:58,石川県能登地方,37°22.5′N,136°56.2′E,11 km,3.9,震度２,37.375,136.9366667
2024/1/2,1:18:45,石川県能登地方,37°26.0′N,137°03.0′E,8 km,2.8,震度１,37.43333333,137.05
2024/1/2,1:20:30,能登半島沖,37°31.4′N,137°10.0′E,7 km,2.9,震度３,37.52333333,137.1666667
2024/1/2,1:25:20,能登半島沖,37°08.2′N,136°43.2′E,5 km,2.3,震度１,37.13666667,136.72
2024/1/2,1:26:04,石川県能登地方,37°18.0′N,136°52.9′E,11 km,3.4,震度２,37.3,136.8816667
2024/1/2,1:29:34,能登半島沖,37°30.1′N,137°11.9′E,12 km,3.4,震度２,37.50166667,137.1983333
2024/1/2,1:30:04,石川県能登地方,37°22.4′N,136°51.6′E,9 km,3.1,震度２,37.37333333,136.86
2024/1/2,1:34:42,石川県能登地方,37°13.6′N,136°50.5′E,12 km,3.3,震度２,37.22666667,136.8416667
2024/1/2,1:35:00,石川県能登地方,37°27.0′N,137°07.3′E,8 km,3.2,震度２,37.45,137.1216667
2024/1/2,1:35:11,石川県能登地方,37°21.2′N,137°00.4′E,8 km,3.3,震度１,37.35333333,137.0066667
2024/1/2,1:37:56,石川県能登地方,37°20.9′N,137°00.5′E,12 km,3.3,震度１,37.34833333,137.0083333
2024/1/2,1:38:23,石川県能登地方,37°30.3′N,137°12.5′E,11 km,2.9,震度１,37.505,137.2083333
2024/1/2,1:39:13,石川県能登地方,37°21.9′N,136°57.2′E,8 km,2.2,震度１,37.365,136.9533333
2024/1/2,1:41:49,石川県能登地方,37°23.8′N,136°53.4′E,2 km,2.9,震度１,37.39666667,136.89
2024/1/2,1:42:25,佐渡付近,37°46.3′N,137°36.8′E,18 km,3.9,震度１,37.77166667,137.6133333
2024/1/2,1:43:20,能登半島沖,37°32.8′N,137°22.0′E,12 km,4.1,震度２,37.54666667,137.3666667
2024/1/2,1:44:41,能登半島沖,37°11.4′N,136°40.3′E,3 km,2,震度１,37.19,136.6716667
2024/1/2,1:46:44,石川県能登地方,37°27.4′N,137°16.7′E,12 km,3.3,震度２,37.45666667,137.2783333
2024/1/2,1:53:47,奄美大島近海,28°20.8′N,130°06.2′E,45 km,3.3,震度１,28.34666667,130.1033333
2024/1/2,1:55:42,石川県能登地方,37°22.0′N,137°04.5′E,10 km,4.1,震度２,37.36666667,137.075
2024/1/2,1:57:58,石川県能登地方,37°14.3′N,136°50.7′E,11 km,3,震度１,37.23833333,136.845
2024/1/2,1:59:01,石川県能登地方,37°27.7′N,137°12.9′E,13 km,3.4,震度２,37.46166667,137.215
2024/1/2,2:00:35,石川県能登地方,37°10.8′N,136°41.7′E,9 km,3.9,震度３,37.18,136.695
2024/1/2,2:02:55,石川県能登地方,37°14.6′N,136°47.7′E,9 km,2.4,震度１,37.24333333,136.795
2024/1/2,2:04:13,石川県能登地方,37°18.2′N,136°50.0′E,10 km,3.2,震度１,37.30333333,136.8333333
2024/1/2,2:04:32,石川県能登地方,37°24.3′N,137°05.8′E,10 km,3.5,震度１,37.405,137.0966667
2024/1/2,2:06:27,石川県能登地方,37°25.8′N,137°11.8′E,14 km,3,震度１,37.43,137.1966667
2024/1/2,2:06:59,能登半島沖,37°23.1′N,136°44.1′E,8 km,3.8,震度２,37.385,136.735
2024/1/2,2:07:47,石川県能登地方,37°09.9′N,136°43.5′E,3 km,3.3,震度２,37.165,136.725
2024/1/2,2:13:02,石川県能登地方,37°14.1′N,136°49.6′E,10 km,3.6,震度１,37.235,136.8266667
2024/1/2,2:13:50,能登半島沖,37°09.8′N,136°38.5′E,9 km,2.2,震度１,37.16333333,136.6416667
2024/1/2,2:14:36,石川県能登地方,37°11.1′N,136°43.9′E,5 km,2.5,震度１,37.185,136.7316667
2024/1/2,2:16:44,石川県能登地方,37°23.5′N,136°53.3′E,10 km,3,震度３,37.39166667,136.8883333
2024/1/2,2:18:07,石川県能登地方,37°11.6′N,136°44.9′E,7 km,3.2,震度１,37.19333333,136.7483333
2024/1/2,2:18:33,石川県能登地方,37°18.5′N,136°49.5′E,10 km,3.2,震度１,37.30833333,136.825
2024/1/2,2:18:49,石川県能登地方,37°22.6′N,136°53.1′E,0 km,2.9,震度３,37.37666667,136.885
2024/1/2,2:21:11,石川県能登地方,37°12.1′N,136°44.8′E,0 km,2.9,震度１,37.20166667,136.7466667
2024/1/2,2:22:06,石川県能登地方,37°14.3′N,136°53.2′E,14 km,2.5,震度１,37.23833333,136.8866667
2024/1/2,2:25:38,能登半島沖,37°21.3′N,136°42.7′E,6 km,3.5,震度１,37.355,136.7116667
2024/1/2,2:26:23,石川県能登地方,37°10.5′N,136°42.4′E,2 km,3,震度３,37.175,136.7066667
2024/1/2,2:28:14,能登半島沖,37°33.2′N,137°19.7′E,12 km,2.5,震度１,37.55333333,137.3283333
2024/1/2,2:28:14,能登半島沖,37°11.7′N,136°40.0′E,6 km,2.5,震度１,37.195,136.6666667
2024/1/2,2:29:12,石川県能登地方,37°19.2′N,136°49.2′E,9 km,3.2,震度１,37.32,136.82
2024/1/2,2:29:56,石川県能登地方,37°22.3′N,136°56.2′E,10 km,3.7,震度２,37.37166667,136.9366667
2024/1/2,2:33:00,能登半島沖,37°08.5′N,136°41.7′E,4 km,3,震度３,37.14166667,136.695
2024/1/2,2:33:31,能登半島沖,37°38.2′N,137°25.5′E,11 km,4.6,震度３,37.63666667,137.425
2024/1/2,2:39:28,能登半島沖,37°14.8′N,136°41.7′E,6 km,3.4,震度１,37.24666667,136.695
2024/1/2,2:39:54,石川県能登地方,37°21.9′N,136°56.1′E,7 km,3.1,震度１,37.365,136.935
2024/1/2,2:40:50,石川県能登地方,37°09.6′N,136°42.3′E,8 km,2.1,震度１,37.16,136.705
2024/1/2,2:43:42,石川県能登地方,37°12.0′N,136°42.0′E,4 km,2.9,震度１,37.2,136.7
2024/1/2,2:44:50,能登半島沖,37°07.2′N,136°43.4′E,10 km,2.4,震度１,37.12,136.7233333
2024/1/2,2:47:25,石川県能登地方,37°09.6′N,136°46.3′E,7 km,3.2,震度２,37.16,136.7716667
2024/1/2,2:48:25,佐渡付近,37°51.6′N,137°49.4′E,20 km,4,震度２,37.86,137.8233333
2024/1/2,2:52:09,石川県能登地方,37°13.1′N,136°44.4′E,5 km,4.2,震度３,37.21833333,136.74
2024/1/2,2:53:13,能登半島沖,37°30.7′N,137°11.5′E,8 km,3.4,震度３,37.51166667,137.1916667
2024/1/2,2:54:35,石川県能登地方,37°22.4′N,137°01.0′E,11 km,2.7,震度１,37.37333333,137.0166667
2024/1/2,2:57:10,能登半島沖,37°32.2′N,137°10.6′E,8 km,2.8,震度２,37.53666667,137.1766667
2024/1/2,3:00:52,能登半島沖,37°08.8′N,136°36.8′E,12 km,2.3,震度２,37.14666667,136.6133333
2024/1/2,3:01:59,能登半島沖,37°14.6′N,136°41.7′E,6 km,4,震度２,37.24333333,136.695
2024/1/2,3:03:59,石川県能登地方,37°27.0′N,137°10.8′E,12 km,2.8,震度１,37.45,137.18
2024/1/2,3:06:00,石川県能登地方,37°21.9′N,136°51.3′E,9 km,3.4,震度２,37.365,136.855
2024/1/2,3:06:49,能登半島沖,37°07.9′N,136°40.2′E,7 km,2.7,震度１,37.13166667,136.67
2024/1/2,3:10:02,能登半島沖,37°08.2′N,136°41.8′E,7 km,3,震度２,37.13666667,136.6966667
2024/1/2,3:16:43,能登半島沖,37°06.0′N,136°35.1′E,9 km,3.1,震度１,37.1,136.585
2024/1/2,3:17:33,石川県西方沖,37°05.6′N,136°35.3′E,4 km,3.2,震度１,37.09333333,136.5883333
2024/1/2,3:20:12,石川県能登地方,37°28.1′N,137°17.3′E,11 km,2.9,震度２,37.46833333,137.2883333
2024/1/2,3:22:21,石川県能登地方,37°20.9′N,136°59.6′E,11 km,2.9,震度１,37.34833333,136.9933333
2024/1/2,3:22:39,能登半島沖,37°09.6′N,136°40.8′E,7 km,2.8,震度１,37.16,136.68
2024/1/2,3:23:46,石川県能登地方,37°09.9′N,136°42.1′E,6 km,3.1,震度２,37.165,136.7016667
2024/1/2,3:24:28,石川県能登地方,37°18.9′N,136°55.2′E,12 km,2.3,震度２,37.315,136.92
2024/1/2,3:25:47,石川県能登地方,37°22.5′N,136°53.5′E,9 km,2.8,震度１,37.375,136.8916667
2024/1/2,3:27:21,石川県能登地方,37°23.2′N,137°00.1′E,6 km,3.2,震度２,37.38666667,137.0016667
2024/1/2,3:29:39,石川県能登地方,37°08.6′N,136°44.6′E,2 km,3.9,震度４,37.14333333,136.7433333
2024/1/2,3:31:43,石川県能登地方,37°10.9′N,136°44.4′E,7 km,2.8,震度１,37.18166667,136.74
2024/1/2,3:32:56,能登半島沖,37°10.0′N,136°40.5′E,4 km,3.4,震度３,37.16666667,136.675
2024/1/2,3:33:56,石川県能登地方,37°21.8′N,136°57.3′E,10 km,4,震度３,37.36333333,136.955
2024/1/2,3:35:57,石川県能登地方,37°17.9′N,136°51.6′E,13 km,3.3,震度１,37.29833333,136.86
2024/1/2,3:39:03,能登半島沖,37°32.2′N,137°15.8′E,8 km,2.9,震度１,37.53666667,137.2633333
2024/1/2,3:42:10,石川県能登地方,37°10.1′N,136°41.0′E,6 km,2.1,震度１,37.16833333,136.6833333
2024/1/2,3:47:06,石川県西方沖,36°57.8′N,136°45.1′E,9 km,3.9,震度３,36.96333333,136.7516667
2024/1/2,3:49:22,石川県能登地方,37°22.0′N,137°00.7′E,10 km,2.5,震度１,37.36666667,137.0116667
2024/1/2,3:50:27,石川県能登地方,37°13.1′N,136°52.6′E,11 km,2.5,震度１,37.21833333,136.8766667
2024/1/2,3:53:04,能登半島沖,37°12.3′N,136°41.1′E,3 km,3.1,震度１,37.205,136.685
2024/1/2,3:54:08,石川県能登地方,37°22.5′N,136°53.6′E,6 km,2.5,震度１,37.375,136.8933333
2024/1/2,3:54:39,石川県能登地方,37°11.0′N,136°45.5′E,1 km,3.4,震度２,37.18333333,136.7583333
2024/1/2,3:55:24,石川県能登地方,37°21.8′N,136°53.0′E,8 km,3,震度２,37.36333333,136.8833333
2024/1/2,3:56:05,能登半島沖,37°08.3′N,136°41.1′E,3 km,2.1,震度１,37.13833333,136.685
2024/1/2,3:57:22,石川県能登地方,37°09.2′N,136°41.2′E,7 km,2.9,震度２,37.15333333,136.6866667
2024/1/2,3:59:01,石川県能登地方,37°30.1′N,137°15.1′E,11 km,2.5,震度１,37.50166667,137.2516667
2024/1/2,4:01:58,能登半島沖,37°08.9′N,136°41.8′E,10 km,2,震度１,37.14833333,136.6966667
2024/1/2,4:02:23,石川県能登地方,37°18.6′N,136°49.8′E,11 km,4,震度２,37.31,136.83
2024/1/2,4:04:44,能登半島沖,37°08.9′N,136°42.9′E,6 km,2.6,震度１,37.14833333,136.715
2024/1/2,4:05:40,石川県能登地方,37°27.4′N,137°08.5′E,10 km,4,震度３,37.45666667,137.1416667
2024/1/2,4:06:05,石川県能登地方,37°22.5′N,136°56.1′E,7 km,3.3,震度２,37.375,136.935
2024/1/2,4:07:13,石川県能登地方,37°26.6′N,137°07.6′E,11 km,2.7,震度１,37.44333333,137.1266667
2024/1/2,4:12:14,能登半島沖,37°33.5′N,137°28.8′E,16 km,3.3,震度１,37.55833333,137.48
2024/1/2,4:13:01,石川県能登地方,37°12.8′N,136°52.8′E,13 km,2.4,震度１,37.21333333,136.88
2024/1/2,4:13:08,石川県能登地方,37°12.1′N,136°42.8′E,8 km,2.9,震度１,37.20166667,136.7133333
2024/1/2,4:15:22,能登半島沖,37°07.2′N,136°37.0′E,7 km,3.1,震度２,37.12,136.6166667
2024/1/2,4:16:35,石川県能登地方,37°23.0′N,136°52.8′E,9 km,2,震度１,37.38333333,136.88
2024/1/2,4:21:46,石川県能登地方,37°20.1′N,136°50.4′E,9 km,2.6,震度１,37.335,136.84
2024/1/2,4:22:50,石川県能登地方,37°25.8′N,137°08.3′E,0 km,3.1,震度１,37.43,137.1383333
2024/1/2,4:24:01,能登半島沖,37°07.4′N,136°41.0′E,8 km,2.7,震度１,37.12333333,136.6833333
2024/1/2,4:24:04,能登半島沖,37°33.3′N,137°23.5′E,7 km,3.5,震度２,37.555,137.3916667
2024/1/2,4:24:49,石川県能登地方,37°27.5′N,137°16.7′E,13 km,2.8,震度１,37.45833333,137.2783333
2024/1/2,4:25:21,石川県能登地方,37°22.2′N,136°53.6′E,6 km,2.5,震度１,37.37,136.8933333
2024/1/2,4:27:14,石川県西方沖,37°04.3′N,136°34.5′E,9 km,4.7,震度４,37.07166667,136.575
2024/1/2,4:29:20,石川県能登地方,37°24.9′N,136°52.4′E,9 km,2.5,震度２,37.415,136.8733333
2024/1/2,4:31:50,石川県西方沖,37°05.4′N,136°34.1′E,9 km,2,震度１,37.09,136.5683333
2024/1/2,4:35:39,石川県能登地方,37°25.6′N,137°03.7′E,8 km,3.2,震度１,37.42666667,137.0616667
2024/1/2,4:37:25,新潟県上中越沖,37°37.7′N,137°32.9′E,15 km,3.9,震度１,37.62833333,137.5483333
2024/1/2,4:39:41,石川県能登地方,37°23.2′N,136°53.9′E,3 km,2.3,震度１,37.38666667,136.8983333
2024/1/2,4:41:09,石川県西方沖,37°03.9′N,136°34.6′E,10 km,3.3,震度１,37.065,136.5766667
2024/1/2,4:42:07,能登半島沖,37°15.4′N,136°40.6′E,12 km,4.9,震度４,37.25666667,136.6766667
2024/1/2,4:44:53,石川県西方沖,37°04.9′N,136°32.5′E,8 km,3.6,震度２,37.08166667,136.5416667
2024/1/2,4:49:59,石川県能登地方,37°23.1′N,137°03.0′E,10 km,3.9,震度２,37.385,137.05
2024/1/2,4:55:44,石川県能登地方,37°22.7′N,136°57.1′E,11 km,3.6,震度２,37.37833333,136.9516667
2024/1/2,4:56:56,石川県能登地方,37°30.3′N,137°16.6′E,9 km,2.9,震度１,37.505,137.2766667
2024/1/2,4:57:25,能登半島沖,37°14.8′N,136°41.5′E,11 km,3.2,震度１,37.24666667,136.6916667
2024/1/2,4:58:39,石川県能登地方,37°22.0′N,136°59.0′E,9 km,2.9,震度１,37.36666667,136.9833333
2024/1/2,4:58:55,能登半島沖,37°20.0′N,136°44.0′E,6 km,2.8,震度１,37.33333333,136.7333333
2024/1/2,5:03:36,石川県能登地方,37°19.8′N,136°59.8′E,12 km,3.9,震度２,37.33,136.9966667
2024/1/2,5:04:21,能登半島沖,37°12.3′N,136°37.6′E,3 km,3.2,震度１,37.205,136.6266667
2024/1/2,5:06:01,石川県能登地方,37°22.6′N,137°06.0′E,11 km,2.9,震度１,37.37666667,137.1
2024/1/2,5:10:18,石川県能登地方,37°22.7′N,136°50.6′E,8 km,2.8,震度１,37.37833333,136.8433333
2024/1/2,5:12:10,能登半島沖,37°08.6′N,136°39.3′E,2 km,2.6,震度３,37.14333333,136.655
2024/1/2,5:12:34,石川県能登地方,37°12.3′N,136°47.6′E,4 km,2.7,震度１,37.205,136.7933333
2024/1/2,5:13:24,石川県能登地方,37°18.6′N,136°51.3′E,12 km,2.5,震度１,37.31,136.855
2024/1/2,5:18:27,能登半島沖,37°07.3′N,136°41.3′E,6 km,3.5,震度２,37.12166667,136.6883333
2024/1/2,5:21:24,能登半島沖,37°10.0′N,136°39.9′E,11 km,3.9,震度３,37.16666667,136.665
2024/1/2,5:22:37,石川県能登地方,37°27.1′N,137°08.0′E,11 km,2.6,震度１,37.45166667,137.1333333
2024/1/2,5:23:10,石川県能登地方,37°23.6′N,136°53.4′E,7 km,3,震度２,37.39333333,136.89
2024/1/2,5:23:44,石川県能登地方,37°12.0′N,136°43.1′E,5 km,1.9,震度１,37.2,136.7183333
2024/1/2,5:29:14,石川県能登地方,37°31.1′N,137°16.3′E,11 km,2.4,震度１,37.51833333,137.2716667
2024/1/2,5:30:18,能登半島沖,37°31.3′N,137°11.7′E,6 km,2.6,震度１,37.52166667,137.195
2024/1/2,5:48:59,石川県能登地方,37°21.3′N,137°00.8′E,13 km,3.1,震度１,37.355,137.0133333
2024/1/2,5:51:29,佐渡付近,37°52.4′N,137°42.8′E,22 km,3.5,震度１,37.87333333,137.7133333
2024/1/2,5:56:36,石川県能登地方,37°22.4′N,137°09.3′E,12 km,3.7,震度２,37.37333333,137.155
2024/1/2,6:08:02,能登半島沖,37°07.5′N,136°37.5′E,12 km,1.8,震度１,37.125,136.625
2024/1/2,6:11:11,石川県能登地方,37°14.6′N,136°51.0′E,13 km,3.1,震度１,37.24333333,136.85
2024/1/2,6:13:02,石川県能登地方,37°22.9′N,136°53.4′E,7 km,3.1,震度３,37.38166667,136.89
2024/1/2,6:14:37,石川県能登地方,37°21.5′N,136°46.4′E,7 km,2.9,震度１,37.35833333,136.7733333
2024/1/2,6:24:52,石川県能登地方,37°21.6′N,136°54.4′E,0 km,2.6,震度１,37.36,136.9066667
2024/1/2,6:27:09,石川県能登地方,37°20.2′N,136°59.9′E,11 km,2.9,震度１,37.33666667,136.9983333
2024/1/2,6:30:28,石川県能登地方,37°19.3′N,136°46.5′E,8 km,3.6,震度２,37.32166667,136.775
2024/1/2,6:33:45,石川県能登地方,37°10.1′N,136°41.1′E,7 km,3.2,震度２,37.16833333,136.685
2024/1/2,6:34:28,石川県能登地方,37°21.0′N,136°54.3′E,12 km,4.2,震度３,37.35,136.905
2024/1/2,6:37:22,能登半島沖,37°30.0′N,137°08.9′E,8 km,2.1,震度１,37.5,137.1483333
2024/1/2,6:38:32,新潟県上中越沖,37°34.1′N,137°38.0′E,17 km,3.4,震度１,37.56833333,137.6333333
2024/1/2,6:39:21,石川県能登地方,37°10.5′N,136°44.4′E,2 km,2.3,震度２,37.175,136.74
2024/1/2,6:45:47,石川県能登地方,37°10.3′N,136°44.8′E,2 km,2.8,震度２,37.17166667,136.7466667
2024/1/2,6:47:13,岩手県沖,39°38.2′N,142°06.0′E,49 km,3.1,震度１,39.63666667,142.1
2024/1/2,6:47:54,能登半島沖,37°26.0′N,137°01.4′E,6 km,3.7,震度２,37.43333333,137.0233333
2024/1/2,6:53:47,新潟県上中越沖,37°33.3′N,137°37.4′E,19 km,4.1,震度２,37.555,137.6233333
2024/1/2,7:00:58,石川県能登地方,37°18.3′N,136°51.0′E,13 km,3,震度１,37.305,136.85
2024/1/2,7:05:48,石川県能登地方,37°10.3′N,136°43.4′E,4 km,2.5,震度１,37.17166667,136.7233333
2024/1/2,7:06:11,石川県能登地方,37°18.8′N,136°47.1′E,7 km,3.1,震度１,37.31333333,136.785
2024/1/2,7:09:19,石川県能登地方,37°22.5′N,136°57.2′E,11 km,3.7,震度３,37.375,136.9533333
2024/1/2,7:10:14,石川県能登地方,37°10.4′N,136°43.0′E,2 km,1.7,震度１,37.17333333,136.7166667
2024/1/2,7:10:57,能登半島沖,37°11.9′N,136°39.5′E,8 km,2.8,震度１,37.19833333,136.6583333
2024/1/2,7:13:30,石川県能登地方,37°19.2′N,136°55.4′E,11 km,4.5,震度４,37.32,136.9233333
2024/1/2,7:25:43,能登半島沖,37°25.0′N,136°56.2′E,0 km,3.2,震度２,37.41666667,136.9366667
2024/1/2,7:27:01,石川県能登地方,37°25.0′N,137°00.1′E,6 km,4.3,震度３,37.41666667,137.0016667
2024/1/2,7:37:50,石川県能登地方,37°29.9′N,137°16.6′E,13 km,4.2,震度３,37.49833333,137.2766667
2024/1/2,7:40:31,能登半島沖,37°12.0′N,136°41.2′E,5 km,3.6,震度３,37.2,136.6866667
2024/1/2,7:42:56,石川県能登地方,37°20.5′N,136°57.9′E,12 km,3.2,震度２,37.34166667,136.965
2024/1/2,7:44:02,石川県能登地方,37°24.5′N,136°52.3′E,10 km,2.4,震度２,37.40833333,136.8716667
2024/1/2,7:45:30,石川県能登地方,37°17.6′N,136°47.2′E,6 km,2.2,震度１,37.29333333,136.7866667
2024/1/2,7:46:51,能登半島沖,37°11.7′N,136°39.2′E,5 km,2.4,震度１,37.195,136.6533333
2024/1/2,7:49:14,石川県能登地方,37°09.7′N,136°43.5′E,4 km,2.7,震度２,37.16166667,136.725
2024/1/2,7:49:42,新潟県上中越沖,37°40.8′N,137°38.1′E,17 km,3.9,震度１,37.68,137.635
2024/1/2,7:51:22,石川県能登地方,37°29.3′N,137°16.8′E,13 km,3,震度１,37.48833333,137.28
2024/1/2,7:52:35,石川県能登地方,37°12.0′N,136°43.0′E,3 km,2.6,震度１,37.2,136.7166667
2024/1/2,7:54:16,能登半島沖,37°32.4′N,137°09.8′E,7 km,2.3,震度１,37.54,137.1633333
2024/1/2,7:56:53,能登半島沖,37°08.6′N,136°39.2′E,2 km,1.6,震度１,37.14333333,136.6533333
2024/1/2,7:57:51,石川県能登地方,37°29.7′N,137°17.0′E,11 km,2.4,震度１,37.495,137.2833333
2024/1/2,7:58:20,能登半島沖,37°33.8′N,137°21.6′E,6 km,3,震度１,37.56333333,137.36
2024/1/2,7:59:04,能登半島沖,37°33.1′N,137°22.9′E,7 km,2.9,震度１,37.55166667,137.3816667
2024/1/2,8:00:29,石川県能登地方,37°24.1′N,136°52.5′E,6 km,2.8,震度３,37.40166667,136.875
2024/1/2,8:01:40,石川県能登地方,37°29.8′N,137°18.5′E,12 km,2.9,震度２,37.49666667,137.3083333
2024/1/2,8:16:08,石川県能登地方,37°29.4′N,137°18.2′E,11 km,3.6,震度３,37.49,137.3033333
2024/1/2,8:17:46,石川県能登地方,37°08.7′N,136°45.0′E,1 km,1.6,震度１,37.145,136.75
2024/1/2,8:19:15,石川県能登地方,37°09.3′N,136°45.1′E,4 km,2.1,震度１,37.155,136.7516667
2024/1/2,8:21:05,石川県能登地方,37°22.3′N,137°00.9′E,12 km,3.7,震度２,37.37166667,137.015
2024/1/2,8:23:41,石川県能登地方,37°25.8′N,137°11.3′E,13 km,2.9,震度１,37.43,137.1883333
2024/1/2,8:26:59,能登半島沖,37°33.2′N,137°16.5′E,1 km,3.2,震度１,37.55333333,137.275
2024/1/2,8:30:23,石川県能登地方,37°23.5′N,136°52.5′E,7 km,2,震度１,37.39166667,136.875
2024/1/2,8:31:20,石川県能登地方,37°22.0′N,136°57.4′E,11 km,3.2,震度１,37.36666667,136.9566667
2024/1/2,8:35:09,石川県能登地方,37°11.5′N,136°42.2′E,6 km,3.4,震度２,37.19166667,136.7033333
2024/1/2,8:36:24,石川県能登地方,37°10.0′N,136°45.1′E,2 km,2,震度１,37.16666667,136.7516667
2024/1/2,8:40:15,石川県能登地方,37°12.7′N,136°42.1′E,3 km,1.3,震度１,37.21166667,136.7016667
2024/1/2,8:42:27,石川県能登地方,37°21.5′N,136°55.3′E,11 km,3.8,震度２,37.35833333,136.9216667
2024/1/2,8:45:14,石川県能登地方,37°27.3′N,137°06.3′E,9 km,2.8,震度１,37.455,137.105
2024/1/2,8:47:58,石川県能登地方,37°24.0′N,136°53.9′E,8 km,3.2,震度２,37.4,136.8983333
2024/1/2,8:52:24,能登半島沖,37°08.5′N,136°42.8′E,5 km,1.3,震度１,37.14166667,136.7133333
2024/1/2,8:54:10,石川県能登地方,37°29.0′N,137°14.1′E,11 km,2.5,震度１,37.48333333,137.235
2024/1/2,8:54:32,能登半島沖,37°06.6′N,136°36.6′E,7 km,3.4,震度２,37.11,136.61
2024/1/2,8:57:42,能登半島沖,37°08.0′N,136°42.0′E,6 km,2.7,震度２,37.13333333,136.7
2024/1/2,8:58:34,石川県能登地方,37°22.7′N,136°59.3′E,9 km,3,震度２,37.37833333,136.9883333
2024/1/2,8:59:41,能登半島沖,37°12.9′N,136°39.2′E,6 km,3.1,震度１,37.215,136.6533333
2024/1/2,9:01:35,石川県能登地方,37°23.4′N,136°52.9′E,7 km,4.1,震度４,37.39,136.8816667
2024/1/2,9:05:30,石川県能登地方,37°13.4′N,136°50.8′E,11 km,2.9,震度１,37.22333333,136.8466667
2024/1/2,9:08:26,石川県能登地方,37°23.0′N,136°53.2′E,10 km,2.7,震度１,37.38333333,136.8866667
2024/1/2,9:09:54,石川県能登地方,37°25.5′N,137°02.2′E,6 km,3.2,震度１,37.425,137.0366667
2024/1/2,9:13:20,石川県能登地方,37°29.5′N,137°17.6′E,12 km,3.6,震度２,37.49166667,137.2933333
2024/1/2,9:14:25,石川県能登地方,37°26.1′N,137°12.6′E,14 km,4.5,震度４,37.435,137.21
2024/1/2,9:15:47,石川県能登地方,37°29.9′N,137°14.9′E,10 km,3.1,震度２,37.49833333,137.2483333
2024/1/2,9:25:38,能登半島沖,37°30.5′N,137°25.8′E,17 km,3.6,震度１,37.50833333,137.43
2024/1/2,9:29:24,能登半島沖,37°07.7′N,136°43.0′E,2 km,2.5,震度１,37.12833333,136.7166667
2024/1/2,9:30:51,能登半島沖,37°08.9′N,136°40.0′E,7 km,1.9,震度１,37.14833333,136.6666667
2024/1/2,9:33:36,石川県能登地方,37°31.2′N,137°15.1′E,12 km,2.2,震度１,37.52,137.2516667
2024/1/2,9:34:37,石川県能登地方,37°22.1′N,136°51.9′E,8 km,2.6,震度１,37.36833333,136.865
2024/1/2,9:35:43,石川県能登地方,37°29.8′N,137°14.6′E,9 km,2.8,震度１,37.49666667,137.2433333
2024/1/2,9:37:43,石川県能登地方,37°27.3′N,137°10.8′E,13 km,2.9,震度１,37.455,137.18
2024/1/2,9:37:57,能登半島沖,37°07.1′N,136°41.0′E,4 km,3,震度２,37.11833333,136.6833333
2024/1/2,9:41:41,石川県能登地方,37°11.9′N,136°45.4′E,6 km,3.1,震度１,37.19833333,136.7566667
2024/1/2,9:44:18,能登半島沖,37°31.2′N,137°08.5′E,0 km,2.5,震度１,37.52,137.1416667
2024/1/2,9:46:10,石川県能登地方,37°29.7′N,137°18.4′E,11 km,2.4,震度１,37.495,137.3066667
2024/1/2,9:47:42,石川県能登地方,37°20.9′N,136°52.7′E,10 km,3.1,震度１,37.34833333,136.8783333
2024/1/2,9:54:09,石川県能登地方,37°16.2′N,136°44.2′E,6 km,3.2,震度２,37.27,136.7366667
2024/1/2,9:54:21,能登半島沖,37°32.6′N,137°19.3′E,10 km,2.8,震度１,37.54333333,137.3216667
2024/1/2,9:54:40,石川県能登地方,37°17.9′N,136°45.9′E,5 km,3,震度２,37.29833333,136.765
2024/1/2,9:55:05,石川県能登地方,37°12.6′N,136°50.3′E,12 km,3.9,震度２,37.21,136.8383333
2024/1/2,9:59:42,能登半島沖,37°18.2′N,136°40.5′E,8 km,3.8,震度２,37.30333333,136.675
2024/1/2,10:01:00,石川県能登地方,37°28.0′N,137°11.8′E,12 km,3.2,震度１,37.46666667,137.1966667
2024/1/2,10:09:15,能登半島沖,37°16.7′N,136°40.2′E,4 km,2.9,震度１,37.27833333,136.67
2024/1/2,10:15:49,能登半島沖,37°08.2′N,136°41.0′E,8 km,2.3,震度１,37.13666667,136.6833333
2024/1/2,10:17:33,石川県能登地方,37°13.3′N,136°43.3′E,10 km,5.6,震度５弱,37.22166667,136.7216667
2024/1/2,10:20:50,石川県能登地方,37°21.4′N,136°54.2′E,8 km,2.8,震度１,37.35666667,136.9033333
2024/1/2,10:24:10,石川県能登地方,37°11.4′N,136°42.6′E,4 km,2.7,震度１,37.19,136.71
2024/1/2,10:25:44,石川県能登地方,37°13.3′N,136°45.4′E,8 km,2.8,震度１,37.22166667,136.7566667
2024/1/2,10:26:51,石川県能登地方,37°11.0′N,136°41.2′E,6 km,1.3,震度１,37.18333333,136.6866667
2024/1/2,10:29:10,石川県能登地方,37°09.3′N,136°44.4′E,3 km,2.2,震度２,37.155,136.74
2024/1/2,10:32:30,石川県能登地方,37°22.2′N,136°53.1′E,6 km,2.4,震度１,37.37,136.885
2024/1/2,10:34:09,能登半島沖,37°08.1′N,136°39.1′E,3 km,2,震度１,37.135,136.6516667
2024/1/2,10:52:21,石川県能登地方,37°16.5′N,136°51.0′E,13 km,2.8,震度１,37.275,136.85
2024/1/2,11:01:01,石川県能登地方,37°13.7′N,136°42.8′E,5 km,3.4,震度１,37.22833333,136.7133333
2024/1/2,11:02:38,能登半島沖,37°07.7′N,136°41.6′E,1 km,1.9,震度１,37.12833333,136.6933333
2024/1/2,11:03:27,石川県能登地方,37°11.4′N,136°47.3′E,7 km,3.2,震度１,37.19,136.7883333
2024/1/2,11:03:56,能登半島沖,37°07.6′N,136°42.4′E,1 km,3.7,震度３,37.12666667,136.7066667
2024/1/2,11:04:44,石川県能登地方,37°13.6′N,136°48.7′E,10 km,3.4,震度２,37.22666667,136.8116667
2024/1/2,11:05:11,石川県能登地方,37°21.8′N,137°05.1′E,11 km,4,震度３,37.36333333,137.085
2024/1/2,11:12:05,能登半島沖,37°07.5′N,136°36.1′E,7 km,2.1,震度１,37.125,136.6016667
2024/1/2,11:12:15,石川県能登地方,37°20.4′N,136°48.3′E,6 km,3.2,震度１,37.34,136.805
2024/1/2,11:14:09,石川県能登地方,37°22.8′N,136°50.3′E,7 km,2.9,震度２,37.38,136.8383333
2024/1/2,11:16:02,石川県能登地方,37°29.6′N,137°14.8′E,11 km,3.8,震度３,37.49333333,137.2466667
2024/1/2,11:19:43,石川県能登地方,37°11.9′N,136°44.7′E,7 km,4,震度３,37.19833333,136.745
2024/1/2,11:25:13,能登半島沖,37°06.6′N,136°35.3′E,9 km,2.9,震度１,37.11,136.5883333
2024/1/2,11:32:15,石川県能登地方,37°20.6′N,136°58.6′E,9 km,2.8,震度１,37.34333333,136.9766667
2024/1/2,11:32:51,能登半島沖,37°18.5′N,136°42.7′E,4 km,3.1,震度１,37.30833333,136.7116667
2024/1/2,11:34:45,石川県能登地方,37°11.7′N,136°42.1′E,3 km,2.6,震度１,37.195,136.7016667
2024/1/2,11:36:05,能登半島沖,37°31.0′N,137°20.2′E,8 km,2.4,震度１,37.51666667,137.3366667
2024/1/2,11:37:25,石川県能登地方,37°11.3′N,136°45.0′E,7 km,1.9,震度１,37.18833333,136.75
2024/1/2,11:38:25,石川県能登地方,37°17.7′N,136°47.6′E,0 km,2.6,震度２,37.295,136.7933333
2024/1/2,11:40:04,能登半島沖,37°06.8′N,136°38.1′E,6 km,2.1,震度１,37.11333333,136.635
2024/1/2,11:40:57,石川県能登地方,37°21.8′N,136°54.3′E,0 km,2,震度１,37.36333333,136.905
2024/1/2,11:42:00,石川県能登地方,37°27.3′N,137°07.7′E,11 km,3.9,震度２,37.455,137.1283333
2024/1/2,11:44:11,能登半島沖,37°08.6′N,136°37.0′E,11 km,2.2,震度１,37.14333333,136.6166667
2024/1/2,11:49:16,石川県能登地方,37°21.5′N,137°06.7′E,13 km,3.3,震度１,37.35833333,137.1116667
2024/1/2,11:51:31,新潟県上中越沖,37°39.1′N,137°38.2′E,23 km,3.8,震度１,37.65166667,137.6366667
2024/1/2,11:54:20,石川県能登地方,37°10.0′N,136°42.2′E,7 km,2,震度１,37.16666667,136.7033333
2024/1/2,11:56:27,石川県能登地方,37°21.9′N,136°53.5′E,0 km,2.6,震度１,37.365,136.8916667
2024/1/2,12:07:16,石川県能登地方,37°21.8′N,136°57.1′E,8 km,2.4,震度１,37.36333333,136.9516667
2024/1/2,12:32:17,石川県能登地方,37°23.1′N,136°53.3′E,6 km,2.3,震度１,37.385,136.8883333
2024/1/2,12:37:03,石川県能登地方,37°29.8′N,137°17.4′E,12 km,2.9,震度２,37.49666667,137.29
2024/1/2,12:38:25,石川県能登地方,37°29.8′N,137°18.2′E,11 km,2.3,震度１,37.49666667,137.3033333
2024/1/2,12:47:58,石川県能登地方,37°20.3′N,136°58.8′E,12 km,3.3,震度１,37.33833333,136.98
2024/1/2,12:51:23,能登半島沖,37°13.8′N,136°40.4′E,8 km,2.9,震度１,37.23,136.6733333
2024/1/2,12:56:04,石川県能登地方,37°17.3′N,136°47.0′E,12 km,3.4,震度１,37.28833333,136.7833333
2024/1/2,13:01:58,石川県能登地方,37°21.8′N,136°59.6′E,11 km,3.1,震度１,37.36333333,136.9933333
2024/1/2,13:07:59,石川県能登地方,37°09.1′N,136°44.9′E,0 km,2.1,震度１,37.15166667,136.7483333
2024/1/2,13:09:08,石川県能登地方,37°27.4′N,137°10.0′E,11 km,3.5,震度２,37.45666667,137.1666667
2024/1/2,13:11:46,石川県能登地方,37°21.1′N,136°59.0′E,6 km,2.7,震度１,37.35166667,136.9833333
2024/1/2,13:18:15,能登半島沖,37°12.6′N,136°40.9′E,8 km,2.7,震度１,37.21,136.6816667
2024/1/2,13:19:56,石川県能登地方,37°11.5′N,136°42.1′E,3 km,2.4,震度１,37.19166667,136.7016667
2024/1/2,13:27:11,石川県能登地方,37°22.5′N,136°55.2′E,7 km,2.5,震度１,37.375,136.92
2024/1/2,13:41:20,石川県能登地方,37°29.2′N,137°16.7′E,12 km,3,震度２,37.48666667,137.2783333
2024/1/2,13:41:44,石川県能登地方,37°22.4′N,136°57.9′E,11 km,2.9,震度１,37.37333333,136.965
2024/1/2,13:42:30,石川県能登地方,37°27.6′N,137°10.9′E,13 km,3,震度１,37.46,137.1816667
2024/1/2,13:43:16,石川県能登地方,37°19.6′N,136°54.5′E,9 km,3.7,震度２,37.32666667,136.9083333
2024/1/2,13:46:44,石川県能登地方,37°21.8′N,136°51.3′E,8 km,2.6,震度２,37.36333333,136.855
2024/1/2,13:50:05,能登半島沖,37°14.4′N,136°40.4′E,6 km,3.5,震度２,37.24,136.6733333
2024/1/2,13:51:06,石川県能登地方,37°22.4′N,136°51.0′E,5 km,2.6,震度１,37.37333333,136.85
2024/1/2,13:54:25,能登半島沖,37°08.2′N,136°41.1′E,5 km,3.1,震度２,37.13666667,136.685
2024/1/2,13:55:58,石川県能登地方,37°27.9′N,137°08.2′E,10 km,2.9,震度１,37.465,137.1366667
2024/1/2,14:01:59,石川県能登地方,37°22.5′N,136°47.1′E,7 km,4.4,震度３,37.375,136.785
2024/1/2,14:03:52,新潟県上中越沖,37°40.7′N,137°35.6′E,17 km,3.4,震度１,37.67833333,137.5933333
2024/1/2,14:05:11,石川県能登地方,37°10.0′N,136°41.6′E,3 km,2.3,震度２,37.16666667,136.6933333
2024/1/2,14:09:19,石川県能登地方,37°12.5′N,136°46.0′E,9 km,3,震度１,37.20833333,136.7666667
2024/1/2,14:37:48,石川県能登地方,37°21.5′N,137°02.6′E,12 km,3.2,震度１,37.35833333,137.0433333
2024/1/2,14:41:15,能登半島沖,37°32.5′N,137°21.6′E,9 km,3,震度１,37.54166667,137.36
2024/1/2,14:43:36,石川県能登地方,37°10.0′N,136°44.7′E,4 km,2.6,震度１,37.16666667,136.745
2024/1/2,14:46:12,石川県能登地方,37°10.2′N,136°43.4′E,1 km,1.5,震度１,37.17,136.7233333
2024/1/2,14:47:01,石川県能登地方,37°20.9′N,136°51.8′E,11 km,3.2,震度１,37.34833333,136.8633333
2024/1/2,14:50:54,石川県能登地方,37°09.1′N,136°43.5′E,4 km,2.1,震度１,37.15166667,136.725
2024/1/2,14:58:40,石川県能登地方,37°11.9′N,136°44.1′E,6 km,3.3,震度１,37.19833333,136.735
2024/1/2,15:01:00,石川県能登地方,37°22.7′N,136°51.6′E,6 km,3.5,震度３,37.37833333,136.86
2024/1/2,15:02:38,佐渡付近,37°47.4′N,137°45.1′E,20 km,4.1,震度２,37.79,137.7516667
2024/1/2,15:05:42,石川県能登地方,37°20.5′N,136°54.6′E,12 km,3.4,震度１,37.34166667,136.91
2024/1/2,15:07:12,石川県能登地方,37°09.0′N,136°42.2′E,2 km,1.9,震度１,37.15,136.7033333
2024/1/2,15:10:25,石川県能登地方,37°11.4′N,136°46.2′E,7 km,2.8,震度１,37.19,136.77
2024/1/2,15:19:14,能登半島沖,37°30.3′N,137°08.4′E,7 km,2.8,震度２,37.505,137.14
2024/1/2,15:20:07,石川県能登地方,37°09.6′N,136°45.2′E,0 km,2.1,震度１,37.16,136.7533333
2024/1/2,15:26:05,石川県能登地方,37°19.1′N,136°48.3′E,11 km,3,震度１,37.31833333,136.805
2024/1/2,15:26:28,石川県能登地方,37°11.7′N,136°44.6′E,0 km,2.5,震度１,37.195,136.7433333
2024/1/2,15:35:19,石川県能登地方,37°22.2′N,136°53.5′E,0 km,3.2,震度３,37.37,136.8916667
2024/1/2,15:36:36,能登半島沖,37°18.1′N,136°42.3′E,0 km,2,震度１,37.30166667,136.705
2024/1/2,15:39:26,石川県能登地方,37°31.0′N,137°17.9′E,8 km,2.8,震度１,37.51666667,137.2983333
2024/1/2,15:45:31,石川県能登地方,37°22.4′N,136°57.0′E,10 km,2.4,震度１,37.37333333,136.95
2024/1/2,15:51:51,石川県能登地方,37°22.3′N,136°56.7′E,11 km,2.9,震度１,37.37166667,136.945
2024/1/2,15:53:34,石川県能登地方,37°23.7′N,136°53.8′E,8 km,2.2,震度１,37.395,136.8966667
2024/1/2,15:55:28,石川県能登地方,37°10.4′N,136°41.5′E,3 km,1.6,震度１,37.17333333,136.6916667
2024/1/2,15:57:54,石川県能登地方,37°11.9′N,136°41.8′E,6 km,4.5,震度４,37.19833333,136.6966667
2024/1/2,16:01:31,能登半島沖,37°31.7′N,137°10.9′E,7 km,2.7,震度１,37.52833333,137.1816667
2024/1/2,16:07:41,石川県能登地方,37°21.5′N,136°57.7′E,9 km,3.2,震度１,37.35833333,136.9616667
2024/1/2,16:11:13,石川県能登地方,37°09.8′N,136°46.0′E,7 km,3.2,震度１,37.16333333,136.7666667
2024/1/2,16:15:16,石川県能登地方,37°22.1′N,136°53.5′E,6 km,2.3,震度１,37.36833333,136.8916667
2024/1/2,16:18:14,石川県能登地方,37°12.9′N,136°48.2′E,11 km,2.8,震度１,37.215,136.8033333
2024/1/2,16:21:05,石川県能登地方,37°09.9′N,136°44.1′E,6 km,2.9,震度２,37.165,136.735
2024/1/2,16:22:48,石川県能登地方,37°10.4′N,136°43.0′E,4 km,2.6,震度２,37.17333333,136.7166667
2024/1/2,16:23:58,石川県能登地方,37°10.2′N,136°43.6′E,3 km,2.2,震度１,37.17,136.7266667
2024/1/2,16:27:47,能登半島沖,37°09.4′N,136°40.8′E,2 km,1.7,震度１,37.15666667,136.68
2024/1/2,16:41:55,能登半島沖,37°33.5′N,137°23.0′E,11 km,3.6,震度２,37.55833333,137.3833333
2024/1/2,16:44:28,能登半島沖,37°24.5′N,136°51.8′E,9 km,2.7,震度２,37.40833333,136.8633333
2024/1/2,16:45:47,石川県能登地方,37°09.8′N,136°42.1′E,3 km,3,震度２,37.16333333,136.7016667
2024/1/2,16:49:17,能登半島沖,37°08.2′N,136°39.6′E,4 km,3,震度２,37.13666667,136.66
2024/1/2,16:59:27,石川県能登地方,37°23.3′N,136°53.4′E,8 km,2.9,震度１,37.38833333,136.89
2024/1/2,17:01:57,石川県能登地方,37°09.8′N,136°41.0′E,2 km,1.8,震度１,37.16333333,136.6833333
2024/1/2,17:06:15,石川県能登地方,37°11.2′N,136°47.8′E,2 km,2.5,震度１,37.18666667,136.7966667
2024/1/2,17:07:22,能登半島沖,37°13.6′N,136°37.8′E,5 km,2.4,震度１,37.22666667,136.63
2024/1/2,17:13:41,能登半島沖,37°08.3′N,136°38.0′E,6 km,4.6,震度５強,37.13833333,136.6333333
2024/1/2,17:18:45,能登半島沖,37°08.2′N,136°38.6′E,2 km,1.7,震度１,37.13666667,136.6433333
2024/1/2,17:23:09,石川県能登地方,37°17.7′N,136°48.6′E,11 km,3.1,震度１,37.295,136.81
2024/1/2,17:31:50,石川県能登地方,37°29.3′N,137°15.0′E,11 km,2.7,震度１,37.48833333,137.25
2024/1/2,17:41:02,石川県能登地方,37°21.9′N,136°53.5′E,8 km,3,震度１,37.365,136.8916667
2024/1/2,17:41:54,石川県能登地方,37°10.0′N,136°41.8′E,2 km,1.4,震度１,37.16666667,136.6966667
2024/1/2,17:47:27,石川県能登地方,37°23.1′N,136°55.5′E,0 km,2.5,震度１,37.385,136.925
2024/1/2,17:49:51,石川県能登地方,37°10.5′N,136°45.9′E,7 km,2.8,震度１,37.175,136.765
2024/1/2,17:52:03,新潟県上中越沖,37°40.8′N,137°39.1′E,16 km,4.2,震度１,37.68,137.6516667
2024/1/2,17:56:11,石川県能登地方,37°17.5′N,136°45.5′E,7 km,4.1,震度３,37.29166667,136.7583333
2024/1/2,17:58:47,石川県能登地方,37°10.1′N,136°44.6′E,0 km,2.2,震度１,37.16833333,136.7433333
2024/1/2,17:59:22,石川県能登地方,37°25.6′N,137°06.2′E,9 km,3.1,震度１,37.42666667,137.1033333
2024/1/2,18:03:19,石川県能登地方,37°10.3′N,136°41.3′E,3 km,2.5,震度２,37.17166667,136.6883333
2024/1/2,18:04:29,能登半島沖,37°07.6′N,136°40.7′E,9 km,2.5,震度１,37.12666667,136.6783333
2024/1/2,18:06:59,和歌山県北部,33°54.6′N,135°05.4′E,10 km,3.1,震度１,33.91,135.09
2024/1/2,18:07:36,石川県能登地方,37°10.8′N,136°44.5′E,4 km,3.1,震度２,37.18,136.7416667
2024/1/2,18:20:23,石垣島近海,24°48.8′N,124°15.5′E,71 km,4.4,震度１,24.81333333,124.2583333
2024/1/2,18:22:22,能登半島沖,37°12.5′N,136°40.6′E,8 km,2.6,震度１,37.20833333,136.6766667
2024/1/2,18:25:46,石川県能登地方,37°13.5′N,136°43.2′E,5 km,2.8,震度１,37.225,136.72
2024/1/2,18:25:55,石川県能登地方,37°27.4′N,137°12.4′E,12 km,3.1,震度１,37.45666667,137.2066667
2024/1/2,18:29:37,石川県能登地方,37°27.5′N,137°15.4′E,13 km,4.3,震度３,37.45833333,137.2566667
2024/1/2,18:38:33,能登半島沖,37°15.4′N,136°42.1′E,6 km,3.1,震度１,37.25666667,136.7016667
2024/1/2,18:42:25,石川県能登地方,37°08.9′N,136°44.8′E,4 km,1.3,震度１,37.14833333,136.7466667
2024/1/2,18:46:34,石川県能登地方,37°21.8′N,137°06.9′E,11 km,3.7,震度２,37.36333333,137.115
2024/1/2,18:50:22,佐渡付近,37°44.0′N,137°35.5′E,22 km,4.1,震度２,37.73333333,137.5916667
2024/1/2,18:56:23,能登半島沖,37°15.9′N,136°41.3′E,5 km,2.4,震度１,37.265,136.6883333
2024/1/2,18:59:38,能登半島沖,37°12.2′N,136°39.2′E,3 km,3.5,震度２,37.20333333,136.6533333
2024/1/2,19:01:21,石川県能登地方,37°10.4′N,136°43.6′E,3 km,2.2,震度１,37.17333333,136.7266667
2024/1/2,19:11:15,能登半島沖,37°11.7′N,136°39.0′E,0 km,2.7,震度１,37.195,136.65
2024/1/2,19:18:06,石川県能登地方,37°22.5′N,136°54.6′E,8 km,2.9,震度１,37.375,136.91
2024/1/2,19:18:07,石川県能登地方,37°11.2′N,136°44.9′E,9 km,2.3,震度１,37.18666667,136.7483333
2024/1/2,19:18:15,石川県能登地方,37°30.3′N,137°19.8′E,11 km,2.5,震度１,37.505,137.33
2024/1/2,19:40:42,能登半島沖,37°12.4′N,136°40.3′E,9 km,2.8,震度１,37.20666667,136.6716667
2024/1/2,19:48:32,石川県能登地方,37°11.0′N,136°53.3′E,10 km,2.6,震度１,37.18333333,136.8883333
2024/1/2,19:52:04,石川県能登地方,37°31.3′N,137°19.1′E,8 km,2.8,震度１,37.52166667,137.3183333
2024/1/2,20:02:41,能登半島沖,37°20.8′N,136°42.9′E,6 km,2.6,震度１,37.34666667,136.715
2024/1/2,20:04:13,石川県能登地方,37°18.2′N,136°44.4′E,5 km,3.3,震度１,37.30333333,136.74
2024/1/2,20:04:16,石川県能登地方,37°29.6′N,137°19.6′E,11 km,3.3,震度２,37.49333333,137.3266667
2024/1/2,20:06:22,石川県能登地方,37°11.6′N,136°42.3′E,5 km,3.2,震度１,37.19333333,136.705
2024/1/2,20:08:40,能登半島沖,37°30.4′N,137°09.3′E,10 km,2.1,震度１,37.50666667,137.155
2024/1/2,20:10:58,能登半島沖,37°31.9′N,137°11.0′E,7 km,2.6,震度２,37.53166667,137.1833333
2024/1/2,20:13:20,石川県能登地方,37°19.8′N,136°50.2′E,11 km,3.1,震度１,37.33,136.8366667
2024/1/2,20:16:40,能登半島沖,37°07.4′N,136°39.6′E,7 km,3.8,震度２,37.12333333,136.66
2024/1/2,20:19:48,石川県能登地方,37°17.5′N,136°49.2′E,10 km,3.2,震度１,37.29166667,136.82
2024/1/2,20:30:53,石川県能登地方,37°23.1′N,137°04.2′E,12 km,3.3,震度１,37.385,137.07
2024/1/2,20:40:48,能登半島沖,37°09.7′N,136°40.5′E,6 km,1.5,震度１,37.16166667,136.675
2024/1/2,20:42:02,能登半島沖,37°06.9′N,136°37.0′E,4 km,2.8,震度１,37.115,136.6166667
2024/1/2,20:52:39,石川県能登地方,37°27.0′N,137°16.1′E,14 km,3.6,震度２,37.45,137.2683333
2024/1/2,21:00:32,能登半島沖,37°09.6′N,136°39.6′E,7 km,1.1,震度１,37.16,136.66
2024/1/2,21:11:45,石川県能登地方,37°11.8′N,136°45.2′E,9 km,3.4,震度１,37.19666667,136.7533333
2024/1/2,21:13:21,石川県能登地方,37°18.3′N,136°55.8′E,17 km,4.4,震度３,37.305,136.93
2024/1/2,21:16:31,石川県能登地方,37°11.9′N,136°41.6′E,4 km,2.6,震度１,37.19833333,136.6933333
2024/1/2,21:35:27,石川県能登地方,37°10.6′N,136°41.5′E,5 km,2.4,震度１,37.17666667,136.6916667
2024/1/2,21:40:29,能登半島沖,37°10.0′N,136°40.2′E,9 km,1.8,震度２,37.16666667,136.67
2024/1/2,21:42:02,石川県能登地方,37°28.0′N,137°20.0′E,13 km,2.9,震度１,37.46666667,137.3333333
2024/1/2,21:45:02,能登半島沖,37°10.7′N,136°40.4′E,9 km,2.8,震度１,37.17833333,136.6733333
2024/1/2,22:03:26,石川県能登地方,37°18.5′N,136°49.8′E,13 km,3.9,震度２,37.30833333,136.83
2024/1/2,22:04:43,能登半島沖,37°08.9′N,136°43.0′E,5 km,3.2,震度３,37.14833333,136.7166667
2024/1/2,22:19:46,能登半島沖,37°10.1′N,136°40.3′E,4 km,3.5,震度３,37.16833333,136.6716667
2024/1/2,22:24:21,石川県能登地方,37°18.7′N,136°45.8′E,5 km,2.6,震度１,37.31166667,136.7633333
2024/1/2,22:26:48,能登半島沖,37°08.4′N,136°42.2′E,7 km,2.5,震度１,37.14,136.7033333
2024/1/2,22:30:58,能登半島沖,37°09.3′N,136°40.2′E,8 km,2.9,震度１,37.155,136.67
2024/1/2,22:50:22,石川県能登地方,37°22.6′N,136°56.3′E,9 km,3.1,震度２,37.37666667,136.9383333
2024/1/2,23:05:17,石川県能登地方,37°29.9′N,137°19.2′E,10 km,2.5,震度１,37.49833333,137.32
2024/1/2,23:12:28,石川県能登地方,37°10.6′N,136°49.8′E,11 km,2.9,震度１,37.17666667,136.83
2024/1/2,23:16:50,能登半島沖,37°35.2′N,136°59.3′E,12 km,3.5,震度１,37.58666667,136.9883333
2024/1/2,23:17:23,石川県能登地方,37°11.6′N,136°48.2′E,8 km,3.7,震度２,37.19333333,136.8033333
2024/1/2,23:19:49,石川県能登地方,37°10.1′N,136°41.3′E,9 km,2.6,震度１,37.16833333,136.6883333
2024/1/2,23:30:49,石川県能登地方,37°23.2′N,136°55.2′E,6 km,2.8,震度１,37.38666667,136.92
2024/1/2,23:33:35,能登半島沖,37°08.7′N,136°42.0′E,8 km,2.8,震度１,37.145,136.7
2024/1/2,23:34:21,能登半島沖,37°32.7′N,137°22.2′E,8 km,2.7,震度１,37.545,137.37
2024/1/2,23:39:04,石川県能登地方,37°24.4′N,137°13.2′E,13 km,3.4,震度１,37.40666667,137.22
2024/1/2,23:47:56,能登半島沖,37°07.0′N,136°36.2′E,9 km,2.4,震度１,37.11666667,136.6033333
2024/1/2,23:51:01,能登半島沖,37°14.4′N,136°40.6′E,7 km,3.3,震度１,37.24,136.6766667
2024/1/2,23:52:54,石川県能登地方,37°12.2′N,136°42.5′E,5 km,2.8,震度１,37.20333333,136.7083333
2024/1/3,0:08:17,石川県能登地方,37°09.0′N,136°45.3′E,1 km,2.7,震度２,37.15,136.755
2024/1/3,0:13:00,石川県能登地方,37°22.0′N,136°51.6′E,0 km,2.8,震度２,37.36666667,136.86
2024/1/3,0:16:13,石川県能登地方,37°11.6′N,136°42.5′E,3 km,2,震度１,37.19333333,136.7083333
2024/1/3,0:17:12,石川県能登地方,37°22.7′N,136°52.4′E,8 km,2.7,震度１,37.37833333,136.8733333
2024/1/3,0:24:01,石川県能登地方,37°13.4′N,136°44.4′E,10 km,3.6,震度１,37.22333333,136.74
2024/1/3,0:25:59,石川県能登地方,37°28.5′N,137°13.6′E,9 km,2.8,震度２,37.475,137.2266667
2024/1/3,0:29:37,千葉県北西部,35°42.4′N,140°00.5′E,69 km,3.2,震度１,35.70666667,140.0083333
2024/1/3,0:36:05,石川県能登地方,37°09.6′N,136°42.0′E,7 km,2.5,震度１,37.16,136.7
2024/1/3,0:42:58,石川県能登地方,37°28.2′N,137°18.5′E,14 km,2,震度１,37.47,137.3083333
2024/1/3,0:49:27,石川県能登地方,37°12.3′N,136°50.7′E,12 km,2.4,震度１,37.205,136.845
2024/1/3,0:50:23,能登半島沖,37°31.9′N,137°12.4′E,9 km,2.7,震度１,37.53166667,137.2066667
2024/1/3,1:01:37,能登半島沖,37°33.1′N,137°22.3′E,9 km,3.1,震度１,37.55166667,137.3716667
2024/1/3,1:02:38,石川県能登地方,37°21.4′N,136°49.1′E,9 km,3.1,震度１,37.35666667,136.8183333
2024/1/3,1:08:40,石川県能登地方,37°21.2′N,136°53.7′E,6 km,2.5,震度１,37.35333333,136.895
2024/1/3,1:10:27,能登半島沖,37°06.7′N,136°38.4′E,6 km,2.9,震度１,37.11166667,136.64
2024/1/3,1:13:30,石川県能登地方,37°12.5′N,136°42.7′E,3 km,3.3,震度２,37.20833333,136.7116667
2024/1/3,1:16:31,能登半島沖,37°10.7′N,136°38.2′E,3 km,2.7,震度１,37.17833333,136.6366667
2024/1/3,1:21:10,能登半島沖,37°09.0′N,136°38.9′E,3 km,3.5,震度３,37.15,136.6483333
2024/1/3,1:25:17,石川県能登地方,37°10.5′N,136°41.1′E,4 km,2.6,震度２,37.175,136.685
2024/1/3,1:46:08,石川県能登地方,37°28.0′N,137°07.9′E,8 km,2.5,震度１,37.46666667,137.1316667
2024/1/3,2:20:25,石川県能登地方,37°09.2′N,136°42.2′E,6 km,2.7,震度１,37.15333333,136.7033333
2024/1/3,2:21:48,石川県能登地方,37°28.9′N,137°18.2′E,12 km,4.9,震度５強,37.48166667,137.3033333
2024/1/3,2:26:44,石川県能登地方,37°10.0′N,136°43.1′E,5 km,2.6,震度２,37.16666667,136.7183333
2024/1/3,2:28:10,石川県能登地方,37°29.6′N,137°17.8′E,11 km,2.4,震度１,37.49333333,137.2966667
2024/1/3,2:30:31,石川県能登地方,37°29.2′N,137°18.0′E,13 km,4.4,震度４,37.48666667,137.3
2024/1/3,2:31:38,石川県能登地方,37°29.1′N,137°18.0′E,12 km,3.5,震度２,37.485,137.3
2024/1/3,2:43:52,石川県能登地方,37°10.1′N,136°41.8′E,8 km,2,震度１,37.16833333,136.6966667
2024/1/3,2:49:10,石川県能登地方,37°26.0′N,137°10.6′E,14 km,3.1,震度１,37.43333333,137.1766667
2024/1/3,2:51:16,能登半島沖,37°34.5′N,136°57.4′E,9 km,3.3,震度１,37.575,136.9566667
2024/1/3,2:52:43,能登半島沖,37°10.7′N,136°39.2′E,5 km,1.6,震度１,37.17833333,136.6533333
2024/1/3,2:54:38,石川県能登地方,37°25.6′N,137°07.3′E,8 km,3.8,震度２,37.42666667,137.1216667
2024/1/3,2:57:29,石川県能登地方,37°29.2′N,137°18.7′E,11 km,2.5,震度１,37.48666667,137.3116667
2024/1/3,2:58:46,石川県能登地方,37°29.6′N,137°19.6′E,12 km,3.2,震度２,37.49333333,137.3266667
2024/1/3,3:00:05,石川県能登地方,37°27.9′N,137°11.6′E,12 km,3.3,震度１,37.465,137.1933333
2024/1/3,3:00:13,石川県能登地方,37°21.2′N,136°58.3′E,9 km,3.5,震度１,37.35333333,136.9716667
2024/1/3,3:01:16,能登半島沖,37°10.0′N,136°40.0′E,10 km,3.5,震度２,37.16666667,136.6666667
2024/1/3,3:18:11,石川県能登地方,37°22.5′N,136°56.4′E,9 km,3.2,震度２,37.375,136.94
2024/1/3,3:20:09,石川県能登地方,37°30.7′N,137°19.4′E,11 km,2.9,震度１,37.51166667,137.3233333
2024/1/3,3:22:42,能登半島沖,37°11.4′N,136°37.0′E,1 km,2.8,震度１,37.19,136.6166667
2024/1/3,3:27:22,石川県能登地方,37°30.0′N,137°18.7′E,10 km,3,震度１,37.5,137.3116667
2024/1/3,3:42:11,石川県能登地方,37°10.9′N,136°42.9′E,4 km,2.5,震度１,37.18166667,136.715
2024/1/3,3:45:01,石川県能登地方,37°09.6′N,136°43.4′E,5 km,3.7,震度３,37.16,136.7233333
2024/1/3,3:48:28,石川県能登地方,37°18.0′N,136°47.8′E,12 km,2.9,震度１,37.3,136.7966667
2024/1/3,3:51:45,石川県能登地方,37°23.0′N,136°53.0′E,0 km,1.9,震度１,37.38333333,136.8833333
2024/1/3,3:54:59,石川県能登地方,37°24.8′N,136°54.0′E,9 km,1.8,震度１,37.41333333,136.9
2024/1/3,4:01:08,石川県能登地方,37°09.4′N,136°44.5′E,3 km,2.7,震度２,37.15666667,136.7416667
2024/1/3,4:17:40,能登半島沖,37°07.2′N,136°38.3′E,8 km,2.4,震度２,37.12,136.6383333
2024/1/3,4:25:59,石川県能登地方,37°23.4′N,136°52.9′E,7 km,2.3,震度１,37.39,136.8816667
2024/1/3,4:35:47,石川県能登地方,37°22.0′N,136°54.7′E,8 km,2.5,震度１,37.36666667,136.9116667
2024/1/3,4:39:24,石川県能登地方,37°17.8′N,136°45.5′E,12 km,3.2,震度１,37.29666667,136.7583333
2024/1/3,4:44:23,石川県能登地方,37°12.9′N,136°52.4′E,6 km,2,震度１,37.215,136.8733333
2024/1/3,4:50:08,石川県能登地方,37°10.2′N,136°43.4′E,5 km,3.5,震度２,37.17,136.7233333
2024/1/3,4:59:03,石川県能登地方,37°22.9′N,136°53.1′E,6 km,2.3,震度１,37.38166667,136.885
2024/1/3,5:20:34,石川県能登地方,37°10.1′N,136°43.8′E,6 km,2.9,震度１,37.16833333,136.73
2024/1/3,5:23:43,石川県能登地方,37°12.4′N,136°43.6′E,4 km,3.3,震度１,37.20666667,136.7266667
2024/1/3,5:29:58,能登半島沖,37°10.2′N,136°38.8′E,5 km,2.4,震度２,37.17,136.6466667
2024/1/3,5:36:41,石川県能登地方,37°12.2′N,136°43.4′E,7 km,3.8,震度２,37.20333333,136.7233333
2024/1/3,5:43:50,石川県能登地方,37°10.3′N,136°42.5′E,3 km,1.8,震度１,37.17166667,136.7083333
2024/1/3,5:47:32,石川県能登地方,37°11.7′N,136°43.5′E,8 km,3.5,震度２,37.195,136.725
2024/1/3,5:49:27,石川県能登地方,37°11.7′N,136°43.5′E,6 km,3,震度１,37.195,136.725
2024/1/3,5:50:55,石川県能登地方,37°10.4′N,136°44.5′E,2 km,2.7,震度１,37.17333333,136.7416667
2024/1/3,5:54:34,佐渡付近,37°48.8′N,137°43.1′E,22 km,4.1,震度１,37.81333333,137.7183333
2024/1/3,5:56:15,石川県能登地方,37°18.1′N,136°45.5′E,9 km,2.6,震度１,37.30166667,136.7583333
2024/1/3,6:19:22,能登半島沖,37°08.5′N,136°43.7′E,4 km,2.3,震度２,37.14166667,136.7283333
2024/1/3,6:31:44,石川県能登地方,37°12.1′N,136°44.9′E,4 km,2.6,震度１,37.20166667,136.7483333
2024/1/3,6:32:39,石川県能登地方,37°10.3′N,136°43.7′E,5 km,4.3,震度４,37.17166667,136.7283333
2024/1/3,6:38:01,能登半島沖,37°29.9′N,137°21.7′E,14 km,3.5,震度２,37.49833333,137.3616667
2024/1/3,6:43:02,石川県能登地方,37°10.4′N,136°41.6′E,3 km,2.2,震度１,37.17333333,136.6933333
2024/1/3,6:44:55,能登半島沖,37°07.8′N,136°37.8′E,7 km,2.3,震度１,37.13,136.63
2024/1/3,6:45:25,石川県能登地方,37°11.1′N,136°47.3′E,10 km,3.1,震度１,37.185,136.7883333
2024/1/3,6:46:41,石川県能登地方,37°24.0′N,136°57.0′E,6 km,2.8,震度１,37.4,136.95
2024/1/3,6:49:23,石川県能登地方,37°13.3′N,137°02.8′E,17 km,2.9,震度１,37.22166667,137.0466667
2024/1/3,6:52:33,トカラ列島近海,29°56.0′N,130°02.1′E,10 km,2.3,震度１,29.93333333,130.035
2024/1/3,6:53:40,石川県能登地方,37°10.1′N,136°44.0′E,5 km,3.3,震度２,37.16833333,136.7333333
2024/1/3,7:15:34,石川県能登地方,37°31.0′N,137°18.2′E,10 km,2.6,震度１,37.51666667,137.3033333
2024/1/3,7:19:32,能登半島沖,37°08.5′N,136°40.5′E,8 km,2.4,震度１,37.14166667,136.675
2024/1/3,7:21:41,石川県能登地方,37°17.4′N,136°45.0′E,7 km,2.1,震度１,37.29,136.75
2024/1/3,7:40:53,石川県能登地方,37°09.3′N,136°41.2′E,7 km,2.6,震度２,37.155,136.6866667
2024/1/3,7:51:47,石川県西方沖,37°05.0′N,136°29.5′E,8 km,4,震度２,37.08333333,136.4916667
2024/1/3,7:56:56,能登半島沖,37°11.6′N,136°40.9′E,8 km,2.9,震度１,37.19333333,136.6816667
2024/1/3,7:58:06,石川県能登地方,37°22.1′N,136°56.3′E,7 km,2.2,震度１,37.36833333,136.9383333
2024/1/3,8:09:48,石川県能登地方,37°11.6′N,136°52.9′E,13 km,3.1,震度１,37.19333333,136.8816667
2024/1/3,8:14:48,石川県能登地方,37°22.9′N,136°52.3′E,0 km,2.5,震度２,37.38166667,136.8716667
2024/1/3,8:34:19,石川県能登地方,37°21.6′N,136°59.7′E,13 km,4,震度３,37.36,136.995
2024/1/3,8:41:28,能登半島沖,37°13.0′N,136°40.9′E,7 km,3.1,震度１,37.21666667,136.6816667
2024/1/3,8:45:26,石川県能登地方,37°09.5′N,136°45.9′E,6 km,3,震度１,37.15833333,136.765
2024/1/3,8:53:27,石川県能登地方,37°10.6′N,136°41.9′E,4 km,1.9,震度１,37.17666667,136.6983333
2024/1/3,8:56:35,石川県能登地方,37°11.5′N,136°45.8′E,8 km,2.6,震度１,37.19166667,136.7633333
2024/1/3,9:00:00,石川県能登地方,37°28.3′N,137°13.8′E,12 km,2.5,震度１,37.47166667,137.23
2024/1/3,9:07:12,石川県能登地方,37°10.0′N,136°42.5′E,7 km,2.6,震度３,37.16666667,136.7083333
2024/1/3,9:14:09,能登半島沖,37°32.2′N,137°08.9′E,8 km,2.1,震度１,37.53666667,137.1483333
2024/1/3,9:16:39,石川県能登地方,37°11.2′N,136°44.7′E,6 km,2.5,震度１,37.18666667,136.745
2024/1/3,9:18:15,石川県能登地方,37°15.1′N,136°51.0′E,14 km,3,震度１,37.25166667,136.85
2024/1/3,9:19:53,石川県能登地方,37°30.1′N,137°16.7′E,12 km,2.9,震度１,37.50166667,137.2783333
2024/1/3,9:22:20,石川県能登地方,37°23.1′N,136°55.7′E,9 km,3.3,震度１,37.385,136.9283333
2024/1/3,9:27:59,石川県能登地方,37°24.1′N,136°54.2′E,0 km,2.2,震度１,37.40166667,136.9033333
2024/1/3,9:58:27,石川県能登地方,37°11.9′N,136°41.3′E,10 km,3.2,震度２,37.19833333,136.6883333
2024/1/3,10:00:46,能登半島沖,37°07.4′N,136°39.3′E,8 km,2.9,震度１,37.12333333,136.655
2024/1/3,10:06:14,石川県能登地方,37°29.5′N,137°18.4′E,9 km,2.2,震度１,37.49166667,137.3066667
2024/1/3,10:07:56,石川県能登地方,37°14.7′N,136°50.7′E,11 km,2.7,震度１,37.245,136.845
2024/1/3,10:16:12,石川県能登地方,37°18.9′N,136°45.5′E,9 km,2.7,震度１,37.315,136.7583333
2024/1/3,10:23:28,石川県能登地方,37°28.2′N,137°09.6′E,10 km,2.9,震度１,37.47,137.16
2024/1/3,10:24:52,石川県能登地方,37°21.5′N,136°57.8′E,12 km,3.2,震度１,37.35833333,136.9633333
2024/1/3,10:26:54,石川県能登地方,37°30.6′N,137°13.1′E,8 km,2.7,震度２,37.51,137.2183333
2024/1/3,10:36:02,佐渡付近,37°52.5′N,137°49.6′E,19 km,3.8,震度１,37.875,137.8266667
2024/1/3,10:40:23,能登半島沖,37°31.0′N,137°10.6′E,10 km,2.5,震度１,37.51666667,137.1766667
2024/1/3,10:41:42,石川県能登地方,37°22.2′N,136°51.3′E,0 km,2.4,震度１,37.37,136.855
2024/1/3,10:54:35,石川県能登地方,37°22.4′N,136°52.3′E,13 km,5.6,震度５強,37.37333333,136.8716667
2024/1/3,10:58:36,石川県能登地方,37°22.8′N,136°53.4′E,7 km,2.8,震度２,37.38,136.89
2024/1/3,11:13:33,能登半島沖,37°25.0′N,136°56.6′E,0 km,2.6,震度１,37.41666667,136.9433333
2024/1/3,11:33:56,能登半島沖,37°08.3′N,136°42.6′E,6 km,2.4,震度１,37.13833333,136.71
2024/1/3,11:36:48,石川県能登地方,37°20.6′N,136°57.0′E,11 km,3,震度１,37.34333333,136.95
2024/1/3,11:40:30,能登半島沖,37°12.1′N,136°41.5′E,1 km,2.4,震度１,37.20166667,136.6916667
2024/1/3,11:48:28,石川県能登地方,37°27.5′N,137°12.1′E,12 km,4.2,震度３,37.45833333,137.2016667
2024/1/3,11:57:49,石川県能登地方,37°25.9′N,137°06.0′E,6 km,3.7,震度２,37.43166667,137.1
2024/1/3,12:02:42,石川県能登地方,37°11.8′N,136°45.9′E,2 km,3.4,震度１,37.19666667,136.765
2024/1/3,12:28:29,能登半島沖,37°11.9′N,136°39.5′E,8 km,3.2,震度１,37.19833333,136.6583333
2024/1/3,12:37:23,能登半島沖,37°14.2′N,136°38.4′E,5 km,4.3,震度３,37.23666667,136.64
2024/1/3,12:48:17,佐渡付近,37°46.6′N,138°05.9′E,20 km,4.1,震度１,37.77666667,138.0983333
2024/1/3,12:54:15,新潟県上中越沖,37°38.8′N,137°36.4′E,23 km,5,震度４,37.64666667,137.6066667
2024/1/3,12:55:30,石川県能登地方,37°27.1′N,137°08.8′E,11 km,4,震度２,37.45166667,137.1466667
2024/1/3,13:03:04,能登半島沖,37°10.1′N,136°39.8′E,9 km,2.8,震度１,37.16833333,136.6633333
2024/1/3,13:04:32,能登半島沖,37°40.4′N,137°27.0′E,15 km,4.1,震度１,37.67333333,137.45
2024/1/3,13:21:56,石川県能登地方,37°22.6′N,136°51.9′E,11 km,2.6,震度１,37.37666667,136.865
2024/1/3,13:26:44,能登半島沖,37°07.9′N,136°41.6′E,6 km,3.1,震度２,37.13166667,136.6933333
2024/1/3,13:39:18,石川県能登地方,37°21.0′N,136°52.6′E,11 km,3.2,震度１,37.35,136.8766667
2024/1/3,13:40:41,能登半島沖,37°12.3′N,136°41.9′E,2 km,3.1,震度１,37.205,136.6983333
2024/1/3,13:44:09,能登半島沖,37°34.0′N,137°22.7′E,12 km,4.1,震度２,37.56666667,137.3783333
2024/1/3,14:00:33,石川県能登地方,37°09.3′N,136°44.1′E,3 km,2.3,震度１,37.155,136.735
2024/1/3,14:04:36,石川県能登地方,37°13.7′N,136°48.8′E,10 km,2.7,震度１,37.22833333,136.8133333
2024/1/3,14:31:26,石川県能登地方,37°12.7′N,136°43.6′E,3 km,2.8,震度１,37.21166667,136.7266667
2024/1/3,14:51:02,石川県能登地方,37°23.2′N,136°50.8′E,7 km,3,震度２,37.38666667,136.8466667
2024/1/3,14:55:36,能登半島沖,37°07.1′N,136°36.5′E,7 km,3.4,震度２,37.11833333,136.6083333
2024/1/3,15:06:35,石川県能登地方,37°22.9′N,136°58.1′E,8 km,2.2,震度１,37.38166667,136.9683333
2024/1/3,15:11:12,石川県能登地方,37°09.8′N,136°44.1′E,6 km,2.2,震度１,37.16333333,136.735
2024/1/3,15:17:41,石川県能登地方,37°28.4′N,137°16.1′E,11 km,3.3,震度２,37.47333333,137.2683333
2024/1/3,15:30:02,石川県能登地方,37°24.2′N,137°00.4′E,5 km,3,震度１,37.40333333,137.0066667
2024/1/3,15:44:02,石川県能登地方,37°22.2′N,136°49.0′E,8 km,3.6,震度３,37.37,136.8166667
2024/1/3,15:52:20,石川県能登地方,37°22.4′N,136°56.9′E,10 km,3,震度１,37.37333333,136.9483333
2024/1/3,16:08:12,石川県能登地方,37°23.3′N,136°51.4′E,11 km,4.2,震度３,37.38833333,136.8566667
2024/1/3,16:19:31,能登半島沖,37°30.8′N,137°10.2′E,10 km,3,震度３,37.51333333,137.17
2024/1/3,16:24:57,石川県能登地方,37°11.9′N,136°47.3′E,9 km,3.1,震度１,37.19833333,136.7883333
2024/1/3,16:38:17,石川県能登地方,37°23.1′N,136°51.9′E,7 km,2.4,震度１,37.385,136.865
2024/1/3,17:02:27,石川県能登地方,37°11.9′N,136°42.7′E,3 km,2.8,震度１,37.19833333,136.7116667
2024/1/3,17:04:42,能登半島沖,37°12.7′N,136°40.7′E,8 km,1.5,震度１,37.21166667,136.6783333
2024/1/3,17:06:12,石川県能登地方,37°29.1′N,137°18.3′E,13 km,2.5,震度１,37.485,137.305
2024/1/3,17:14:11,石川県能登地方,37°23.4′N,137°00.2′E,6 km,3.1,震度１,37.39,137.0033333
2024/1/3,17:15:08,佐渡付近,37°49.0′N,137°44.3′E,23 km,4.1,震度１,37.81666667,137.7383333
2024/1/3,17:20:46,能登半島沖,37°13.2′N,136°38.6′E,6 km,3.5,震度２,37.22,136.6433333
2024/1/3,17:22:52,石川県能登地方,37°10.5′N,136°41.4′E,4 km,3.6,震度３,37.175,136.69
2024/1/3,17:32:26,能登半島沖,37°12.6′N,136°38.6′E,7 km,2.8,震度１,37.21,136.6433333
2024/1/3,17:33:27,能登半島沖,37°08.5′N,136°38.6′E,5 km,2.5,震度１,37.14166667,136.6433333
2024/1/3,17:38:23,石川県能登地方,37°10.5′N,136°41.5′E,5 km,2.5,震度１,37.175,136.6916667
2024/1/3,17:51:22,石川県能登地方,37°10.5′N,136°44.0′E,8 km,3.1,震度３,37.175,136.7333333
2024/1/3,17:54:07,石川県能登地方,37°13.5′N,136°44.4′E,9 km,3.6,震度２,37.225,136.74
2024/1/3,17:56:00,石川県能登地方,37°10.1′N,136°42.0′E,7 km,2.2,震度１,37.16833333,136.7
2024/1/3,17:57:49,能登半島沖,37°07.7′N,136°40.7′E,6 km,2.6,震度１,37.12833333,136.6783333
2024/1/3,18:02:51,能登半島沖,37°09.0′N,136°40.1′E,6 km,1.5,震度１,37.15,136.6683333
2024/1/3,18:08:46,石川県西方沖,37°05.0′N,136°31.3′E,7 km,3.2,震度１,37.08333333,136.5216667
2024/1/3,18:18:37,能登半島沖,37°06.4′N,136°42.6′E,0 km,2.9,震度１,37.10666667,136.71
2024/1/3,18:32:27,石川県能登地方,37°27.6′N,137°08.8′E,11 km,3.1,震度１,37.46,137.1466667
2024/1/3,18:40:39,能登半島沖,37°11.8′N,136°39.6′E,3 km,2.6,震度１,37.19666667,136.66
2024/1/3,18:48:01,石川県能登地方,37°19.3′N,136°48.2′E,12 km,4.8,震度４,37.32166667,136.8033333
2024/1/3,18:51:01,石川県能登地方,37°28.6′N,137°08.7′E,10 km,2.5,震度１,37.47666667,137.145
2024/1/3,18:57:02,能登半島沖,37°08.9′N,136°43.6′E,6 km,1.5,震度１,37.14833333,136.7266667
2024/1/3,19:01:01,能登半島沖,37°10.9′N,136°38.0′E,3 km,3.9,震度２,37.18166667,136.6333333
2024/1/3,19:04:51,能登半島沖,37°17.0′N,136°44.1′E,7 km,2.6,震度１,37.28333333,136.735
2024/1/3,19:07:50,石川県能登地方,37°27.6′N,137°07.8′E,12 km,3.6,震度２,37.46,137.13
2024/1/3,19:14:48,石川県能登地方,37°11.5′N,136°50.4′E,12 km,2.8,震度１,37.19166667,136.84
2024/1/3,19:34:46,石川県能登地方,37°12.6′N,136°43.6′E,4 km,3.6,震度２,37.21,136.7266667
2024/1/3,19:39:22,石川県能登地方,37°14.8′N,136°44.9′E,7 km,3.2,震度１,37.24666667,136.7483333
2024/1/3,19:42:14,石川県能登地方,37°10.2′N,136°44.2′E,8 km,4.1,震度３,37.17,136.7366667
2024/1/3,19:49:12,能登半島沖,37°34.9′N,137°26.6′E,14 km,4.1,震度２,37.58166667,137.4433333
2024/1/3,20:07:02,能登半島沖,37°12.7′N,136°40.7′E,9 km,2.9,震度１,37.21166667,136.6783333
2024/1/3,20:46:12,石川県能登地方,37°12.7′N,136°50.6′E,10 km,3.3,震度２,37.21166667,136.8433333
2024/1/3,20:48:38,石川県能登地方,37°27.8′N,137°12.7′E,12 km,3.8,震度３,37.46333333,137.2116667
2024/1/3,20:54:57,能登半島沖,37°06.8′N,136°35.7′E,7 km,3.7,震度３,37.11333333,136.595
2024/1/3,21:04:10,能登半島沖,37°24.3′N,136°55.5′E,10 km,2.1,震度１,37.405,136.925
2024/1/3,21:12:49,能登半島沖,37°12.7′N,136°39.6′E,9 km,2.9,震度１,37.21166667,136.66
2024/1/3,21:23:08,石川県能登地方,37°23.6′N,136°53.8′E,5 km,2.6,震度１,37.39333333,136.8966667
2024/1/3,21:28:37,石川県能登地方,37°31.3′N,137°15.2′E,10 km,3.6,震度２,37.52166667,137.2533333
2024/1/3,21:31:14,石川県能登地方,37°09.4′N,136°43.6′E,6 km,2.7,震度１,37.15666667,136.7266667
2024/1/3,21:32:48,石川県能登地方,37°19.2′N,136°53.5′E,11 km,3.1,震度１,37.32,136.8916667
2024/1/3,21:41:32,能登半島沖,37°22.1′N,136°42.6′E,7 km,2.7,震度１,37.36833333,136.71
2024/1/3,21:42:47,石川県能登地方,37°10.8′N,136°45.1′E,5 km,3.3,震度２,37.18,136.7516667
2024/1/3,21:50:04,石川県能登地方,37°23.0′N,136°51.9′E,11 km,3.4,震度２,37.38333333,136.865
2024/1/3,21:58:46,新潟県上中越沖,37°40.4′N,137°38.9′E,23 km,3.2,震度１,37.67333333,137.6483333
2024/1/3,22:01:38,千葉県北西部,35°39.3′N,140°13.8′E,12 km,2.5,震度１,35.655,140.23
2024/1/3,22:05:27,石川県能登地方,37°23.0′N,136°51.2′E,0 km,2.2,震度２,37.38333333,136.8533333
2024/1/3,22:07:18,石川県能登地方,37°21.4′N,136°47.8′E,8 km,3.6,震度１,37.35666667,136.7966667
2024/1/3,22:09:40,新潟県上中越沖,37°40.9′N,137°52.5′E,25 km,3.8,震度１,37.68166667,137.875
2024/1/3,22:23:47,能登半島沖,37°07.8′N,136°38.9′E,7 km,2.6,震度１,37.13,136.6483333
2024/1/3,22:26:27,石川県能登地方,37°29.2′N,137°18.0′E,11 km,3.2,震度３,37.48666667,137.3
2024/1/3,22:33:29,石川県能登地方,37°24.1′N,136°52.4′E,8 km,1.7,震度１,37.40166667,136.8733333
2024/1/3,22:33:56,石川県能登地方,37°27.8′N,137°08.4′E,11 km,3.1,震度１,37.46333333,137.14
2024/1/3,22:50:54,能登半島沖,37°30.5′N,137°10.1′E,9 km,2.3,震度１,37.50833333,137.1683333
2024/1/3,23:26:58,石川県能登地方,37°24.6′N,136°54.4′E,4 km,2.6,震度２,37.41,136.9066667
2024/1/3,23:33:17,石川県能登地方,37°19.2′N,136°59.0′E,13 km,4.2,震度３,37.32,136.9833333
2024/1/4,0:06:22,石川県能登地方,37°12.8′N,136°42.5′E,4 km,3,震度１,37.21333333,136.7083333
2024/1/4,0:12:24,石川県能登地方,37°22.5′N,136°52.2′E,12 km,3.8,震度２,37.375,136.87
2024/1/4,0:29:50,石川県能登地方,37°28.1′N,137°13.9′E,11 km,3.3,震度２,37.46833333,137.2316667
2024/1/4,0:31:07,石川県能登地方,37°13.4′N,136°52.5′E,12 km,2.8,震度１,37.22333333,136.875
2024/1/4,0:36:54,石川県能登地方,37°27.6′N,137°07.6′E,11 km,4.9,震度４,37.46,137.1266667
2024/1/4,0:56:27,石川県能登地方,37°27.9′N,137°07.4′E,11 km,3.5,震度２,37.465,137.1233333
2024/1/4,1:12:36,石川県能登地方,37°11.1′N,136°49.8′E,11 km,2.7,震度１,37.185,136.83
2024/1/4,1:18:04,石川県能登地方,37°21.0′N,137°01.0′E,11 km,2.8,震度１,37.35,137.0166667
2024/1/4,2:03:54,石川県能登地方,37°23.3′N,136°54.1′E,8 km,2.7,震度２,37.38833333,136.9016667
2024/1/4,2:10:16,石川県能登地方,37°11.1′N,136°41.5′E,4 km,2.2,震度１,37.185,136.6916667
2024/1/4,2:24:58,石川県能登地方,37°27.7′N,137°11.5′E,14 km,3.8,震度２,37.46166667,137.1916667
2024/1/4,2:32:41,能登半島沖,37°08.3′N,136°40.6′E,8 km,2.4,震度１,37.13833333,136.6766667
2024/1/4,2:47:14,石川県能登地方,37°10.1′N,136°45.2′E,6 km,2.6,震度１,37.16833333,136.7533333
2024/1/4,3:09:39,石川県能登地方,37°29.5′N,137°11.3′E,9 km,2.7,震度２,37.49166667,137.1883333
2024/1/4,3:18:33,石川県能登地方,37°22.6′N,136°51.4′E,9 km,3.2,震度２,37.37666667,136.8566667
2024/1/4,3:27:21,石川県能登地方,37°30.3′N,137°18.1′E,11 km,3.3,震度２,37.505,137.3016667
2024/1/4,3:40:26,能登半島沖,37°10.2′N,136°38.5′E,3 km,2.2,震度１,37.17,136.6416667
2024/1/4,3:41:51,石川県能登地方,37°29.2′N,137°19.5′E,14 km,3.2,震度２,37.48666667,137.325
2024/1/4,3:46:00,石川県能登地方,37°29.9′N,137°11.3′E,9 km,2.3,震度１,37.49833333,137.1883333
2024/1/4,3:46:36,石川県能登地方,37°27.1′N,137°13.8′E,13 km,2.5,震度１,37.45166667,137.23
2024/1/4,3:53:45,石川県能登地方,37°23.0′N,137°03.6′E,8 km,1.8,震度１,37.38333333,137.06
2024/1/4,3:58:45,石川県能登地方,37°22.2′N,136°51.7′E,10 km,2.6,震度１,37.37,136.8616667
2024/1/4,4:04:01,能登半島沖,37°13.4′N,136°38.0′E,6 km,2.8,震度１,37.22333333,136.6333333
2024/1/4,4:11:59,石川県能登地方,37°28.8′N,137°11.2′E,11 km,2.9,震度１,37.48,137.1866667
2024/1/4,4:16:02,石川県能登地方,37°23.5′N,136°53.4′E,0 km,1.7,震度１,37.39166667,136.89
2024/1/4,4:16:58,能登半島沖,37°26.0′N,136°52.7′E,10 km,2,震度１,37.43333333,136.8783333
2024/1/4,4:17:50,石川県能登地方,37°13.3′N,136°50.8′E,11 km,2.7,震度１,37.22166667,136.8466667
2024/1/4,4:27:16,能登半島沖,37°12.5′N,136°41.0′E,8 km,3.2,震度１,37.20833333,136.6833333
2024/1/4,4:32:01,石川県能登地方,37°10.3′N,136°44.1′E,4 km,2.5,震度１,37.17166667,136.735
2024/1/4,4:35:06,石川県能登地方,37°09.8′N,136°44.5′E,5 km,2.2,震度１,37.16333333,136.7416667
2024/1/4,4:38:42,佐渡付近,37°49.4′N,137°50.6′E,19 km,4.9,震度２,37.82333333,137.8433333
2024/1/4,5:14:56,石川県能登地方,37°25.6′N,137°07.6′E,8 km,3.5,震度２,37.42666667,137.1266667
2024/1/4,5:16:47,石川県能登地方,37°09.5′N,136°42.3′E,8 km,3.6,震度２,37.15833333,136.705
2024/1/4,5:22:37,石川県能登地方,37°21.5′N,136°56.4′E,10 km,2.6,震度１,37.35833333,136.94
2024/1/4,5:31:34,石川県能登地方,37°10.8′N,136°45.7′E,0 km,2.4,震度１,37.18,136.7616667
2024/1/4,5:36:34,石川県能登地方,37°09.6′N,136°48.7′E,9 km,2.6,震度１,37.16,136.8116667
2024/1/4,5:51:10,石川県能登地方,37°15.6′N,136°46.1′E,7 km,3.5,震度２,37.26,136.7683333
2024/1/4,5:52:22,石川県能登地方,37°22.6′N,136°52.6′E,0 km,2.3,震度１,37.37666667,136.8766667
2024/1/4,6:02:19,石川県能登地方,37°09.8′N,136°41.7′E,7 km,2.7,震度２,37.16333333,136.695
2024/1/4,6:02:49,能登半島沖,37°30.2′N,137°11.4′E,8 km,2.6,震度１,37.50333333,137.19
2024/1/4,6:02:50,石川県能登地方,37°22.5′N,136°54.8′E,7 km,1.8,震度２,37.375,136.9133333
2024/1/4,6:51:06,石川県能登地方,37°29.8′N,137°15.0′E,13 km,2.6,震度１,37.49666667,137.25
2024/1/4,6:51:13,石川県能登地方,37°09.2′N,136°43.0′E,7 km,2.6,震度１,37.15333333,136.7166667
2024/1/4,7:29:25,石川県能登地方,37°24.5′N,136°59.9′E,7 km,3.1,震度１,37.40833333,136.9983333
2024/1/4,7:47:12,能登半島沖,37°12.2′N,136°40.6′E,8 km,3.4,震度２,37.20333333,136.6766667
2024/1/4,8:00:15,石川県能登地方,37°29.6′N,137°17.6′E,13 km,2.6,震度１,37.49333333,137.2933333
2024/1/4,8:06:02,石川県能登地方,37°10.2′N,136°41.6′E,5 km,3.3,震度１,37.17,136.6933333
2024/1/4,8:09:25,石川県能登地方,37°13.4′N,136°48.6′E,11 km,3,震度１,37.22333333,136.81
2024/1/4,8:11:35,石川県能登地方,37°13.8′N,136°52.5′E,12 km,3.6,震度２,37.23,136.875
2024/1/4,9:03:00,富山湾,37°25.1′N,137°21.6′E,14 km,2.7,震度１,37.41833333,137.36
2024/1/4,9:19:55,能登半島沖,37°10.6′N,136°40.9′E,3 km,1.7,震度１,37.17666667,136.6816667
2024/1/4,9:43:47,石川県能登地方,37°28.7′N,137°16.3′E,11 km,2.7,震度１,37.47833333,137.2716667
2024/1/4,9:58:28,能登半島沖,37°30.8′N,137°09.0′E,9 km,2.3,震度１,37.51333333,137.15
2024/1/4,10:10:00,石川県能登地方,37°24.2′N,137°12.4′E,13 km,4.1,震度３,37.40333333,137.2066667
2024/1/4,10:24:25,石川県能登地方,37°23.9′N,137°03.6′E,11 km,3.5,震度１,37.39833333,137.06
2024/1/4,10:47:49,富山湾,37°00.3′N,137°30.6′E,13 km,3.4,震度１,37.005,137.51
2024/1/4,10:51:45,能登半島沖,37°13.5′N,136°37.5′E,4 km,4.1,震度２,37.225,136.625
2024/1/4,12:26:43,石川県能登地方,37°28.5′N,137°15.3′E,11 km,3.4,震度３,37.475,137.255
2024/1/4,12:50:46,石川県能登地方,37°13.0′N,136°50.6′E,11 km,2.8,震度１,37.21666667,136.8433333
2024/1/4,13:02:24,能登半島沖,37°10.3′N,136°40.8′E,3 km,2.6,震度２,37.17166667,136.68
2024/1/4,13:58:18,能登半島沖,37°07.1′N,136°41.9′E,5 km,3,震度１,37.11833333,136.6983333
2024/1/4,14:34:03,石川県能登地方,37°24.8′N,136°54.9′E,6 km,2.5,震度１,37.41333333,136.915
2024/1/4,14:43:57,茨城県北部,36°49.3′N,140°35.2′E,8 km,3.2,震度１,36.82166667,140.5866667
2024/1/4,14:57:34,石川県能登地方,37°27.9′N,137°16.0′E,12 km,2.7,震度１,37.465,137.2666667
2024/1/4,15:00:07,能登半島沖,37°08.7′N,136°43.6′E,4 km,2.4,震度２,37.145,136.7266667
2024/1/4,15:06:08,石川県能登地方,37°27.1′N,137°16.2′E,14 km,3.4,震度２,37.45166667,137.27
2024/1/4,15:12:03,能登半島沖,37°08.8′N,136°41.4′E,9 km,2.6,震度１,37.14666667,136.69
2024/1/4,15:12:59,石川県能登地方,37°11.1′N,136°43.0′E,5 km,2.8,震度１,37.185,136.7166667
2024/1/4,15:27:33,石川県能登地方,37°09.8′N,136°46.1′E,8 km,2.6,震度１,37.16333333,136.7683333
2024/1/4,15:31:31,石川県能登地方,37°22.9′N,136°58.5′E,9 km,2.7,震度１,37.38166667,136.975
2024/1/4,15:36:34,石川県能登地方,37°30.0′N,137°17.7′E,11 km,2.3,震度２,37.5,137.295
2024/1/4,15:38:35,石川県能登地方,37°10.1′N,136°44.2′E,5 km,2.4,震度１,37.16833333,136.7366667
2024/1/4,15:46:47,石川県能登地方,37°30.1′N,137°17.2′E,12 km,4.4,震度４,37.50166667,137.2866667
2024/1/4,15:56:39,能登半島沖,37°08.9′N,136°41.8′E,7 km,3.7,震度４,37.14833333,136.6966667
2024/1/4,16:39:11,能登半島沖,37°07.1′N,136°37.6′E,2 km,2.8,震度１,37.11833333,136.6266667
2024/1/4,16:48:53,能登半島沖,37°12.7′N,136°38.7′E,2 km,3.4,震度１,37.21166667,136.645
2024/1/4,17:16:25,佐渡付近,37°42.7′N,137°31.5′E,20 km,5,震度３,37.71166667,137.525
2024/1/4,17:20:00,能登半島沖,37°33.0′N,137°20.6′E,11 km,2.7,震度１,37.55,137.3433333
2024/1/4,17:28:53,能登半島沖,37°12.6′N,136°40.4′E,5 km,2.9,震度１,37.21,136.6733333
2024/1/4,17:33:55,能登半島沖,37°07.3′N,136°39.0′E,7 km,2.6,震度１,37.12166667,136.65
2024/1/4,17:47:30,能登半島沖,37°09.3′N,136°39.3′E,4 km,2,震度２,37.155,136.655
2024/1/4,17:52:18,石川県能登地方,37°25.9′N,137°09.6′E,13 km,2.8,震度１,37.43166667,137.16
2024/1/4,18:15:51,能登半島沖,37°24.3′N,136°56.0′E,8 km,2.6,震度２,37.405,136.9333333
2024/1/4,18:26:26,石川県能登地方,37°23.4′N,136°58.4′E,8 km,2.7,震度１,37.39,136.9733333
2024/1/4,18:36:56,石川県能登地方,37°20.1′N,136°59.8′E,10 km,3.3,震度１,37.335,136.9966667
2024/1/4,18:40:16,石川県能登地方,37°21.8′N,136°54.5′E,5 km,1.9,震度１,37.36333333,136.9083333
2024/1/4,18:45:47,石川県能登地方,37°09.4′N,136°41.1′E,3 km,1.9,震度１,37.15666667,136.685
2024/1/4,18:47:04,能登半島沖,37°34.7′N,136°58.0′E,11 km,3.5,震度１,37.57833333,136.9666667
2024/1/4,19:44:16,石川県能登地方,37°11.2′N,136°41.2′E,4 km,3.3,震度３,37.18666667,136.6866667
2024/1/4,19:53:27,石川県能登地方,37°22.3′N,137°02.2′E,11 km,3.1,震度１,37.37166667,137.0366667
2024/1/4,20:25:27,能登半島沖,37°31.1′N,137°11.1′E,11 km,4.1,震度３,37.51833333,137.185
2024/1/4,20:37:14,石川県能登地方,37°20.7′N,136°52.2′E,9 km,2.9,震度１,37.345,136.87
2024/1/4,20:43:03,能登半島沖,37°32.2′N,137°14.7′E,13 km,3.2,震度２,37.53666667,137.245
2024/1/4,21:03:24,石川県能登地方,37°23.9′N,136°57.0′E,7 km,2.4,震度１,37.39833333,136.95
2024/1/4,21:07:03,石川県能登地方,37°21.9′N,136°50.3′E,8 km,3.1,震度２,37.365,136.8383333
2024/1/4,21:07:59,石川県能登地方,37°22.8′N,136°52.5′E,0 km,1.9,震度１,37.38,136.875
2024/1/4,21:16:15,石川県能登地方,37°21.8′N,137°01.4′E,10 km,2.8,震度１,37.36333333,137.0233333
2024/1/4,21:27:34,石川県能登地方,37°09.6′N,136°41.2′E,8 km,2.9,震度１,37.16,136.6866667
2024/1/4,21:30:40,佐渡付近,37°52.8′N,137°45.6′E,16 km,4.3,震度１,37.88,137.76
2024/1/4,21:30:43,石川県能登地方,37°09.6′N,136°41.1′E,8 km,3.4,震度２,37.16,136.685
2024/1/4,21:38:46,石川県能登地方,37°10.9′N,136°48.8′E,12 km,3.2,震度１,37.18166667,136.8133333
2024/1/4,22:19:19,石川県能登地方,37°27.4′N,137°15.5′E,13 km,2.5,震度１,37.45666667,137.2583333
2024/1/4,22:28:02,石川県能登地方,37°30.0′N,137°18.7′E,10 km,2,震度１,37.5,137.3116667
2024/1/4,22:29:15,十勝地方中部,42°56.6′N,143°07.3′E,95 km,3.4,震度１,42.94333333,143.1216667
2024/1/4,22:46:01,石川県能登地方,37°09.9′N,136°42.0′E,9 km,1.8,震度１,37.165,136.7
2024/1/4,22:48:15,石川県能登地方,37°28.1′N,137°08.4′E,10 km,2.7,震度１,37.46833333,137.14
2024/1/4,22:53:34,能登半島沖,37°31.3′N,137°08.8′E,5 km,2.2,震度１,37.52166667,137.1466667
2024/1/4,23:03:27,能登半島沖,37°10.1′N,136°39.6′E,1 km,2,震度１,37.16833333,136.66
2024/1/4,23:07:44,石川県能登地方,37°22.5′N,136°51.6′E,0 km,2,震度１,37.375,136.86
2024/1/4,23:09:31,石川県能登地方,37°24.1′N,136°52.9′E,11 km,2.2,震度１,37.40166667,136.8816667
2024/1/4,23:33:50,石川県能登地方,37°11.0′N,136°42.3′E,6 km,2.8,震度１,37.18333333,136.705
2024/1/4,23:51:49,石川県能登地方,37°28.1′N,137°08.3′E,10 km,2.5,震度１,37.46833333,137.1383333
2024/1/5,0:04:14,石川県能登地方,37°11.2′N,136°49.9′E,12 km,4.4,震度３,37.18666667,136.8316667
2024/1/5,0:05:20,石川県能登地方,37°11.0′N,136°50.4′E,11 km,3.8,震度２,37.18333333,136.84
2024/1/5,0:10:14,能登半島沖,37°10.2′N,136°39.6′E,4 km,2.1,震度２,37.17,136.66
2024/1/5,0:17:58,宮城県沖,38°39.7′N,141°30.4′E,68 km,3.7,震度２,38.66166667,141.5066667
2024/1/5,0:28:03,能登半島沖,37°10.4′N,136°39.2′E,4 km,1.7,震度１,37.17333333,136.6533333
2024/1/5,0:31:08,石川県能登地方,37°11.0′N,136°49.9′E,11 km,2.7,震度１,37.18333333,136.8316667
2024/1/5,1:33:22,石川県能登地方,37°22.2′N,136°56.2′E,9 km,2.8,震度１,37.37,136.9366667
2024/1/5,1:34:10,石川県能登地方,37°23.0′N,136°59.1′E,5 km,2.7,震度１,37.38333333,136.985
2024/1/5,1:37:29,石川県能登地方,37°17.5′N,136°47.9′E,11 km,3.9,震度２,37.29166667,136.7983333
2024/1/5,1:40:27,石川県能登地方,37°11.2′N,136°41.8′E,5 km,2.5,震度１,37.18666667,136.6966667
2024/1/5,1:43:25,石川県能登地方,37°30.0′N,137°17.6′E,9 km,2.3,震度１,37.5,137.2933333
2024/1/5,2:21:56,石川県能登地方,37°10.2′N,136°44.8′E,6 km,2.8,震度１,37.17,136.7466667
2024/1/5,3:09:53,能登半島沖,37°12.5′N,136°41.0′E,10 km,2.9,震度１,37.20833333,136.6833333
2024/1/5,3:23:45,石川県能登地方,37°12.4′N,136°45.3′E,7 km,2.8,震度１,37.20666667,136.755
2024/1/5,3:38:48,能登半島沖,37°24.7′N,136°50.5′E,8 km,2.4,震度１,37.41166667,136.8416667
2024/1/5,4:10:57,石川県能登地方,37°28.3′N,137°17.3′E,12 km,2,震度１,37.47166667,137.2883333
2024/1/5,5:19:45,石川県能登地方,37°20.7′N,136°58.3′E,13 km,2.8,震度１,37.345,136.9716667
2024/1/5,5:24:01,石川県能登地方,37°21.3′N,136°51.1′E,13 km,3.4,震度２,37.355,136.8516667
2024/1/5,5:25:47,能登半島沖,37°30.3′N,137°07.4′E,0 km,2.2,震度１,37.505,137.1233333
2024/1/5,5:56:40,石川県能登地方,37°13.4′N,136°50.7′E,12 km,2.6,震度１,37.22333333,136.845
2024/1/5,5:58:44,能登半島沖,37°22.4′N,136°44.7′E,7 km,3,震度１,37.37333333,136.745
2024/1/5,6:07:33,石川県能登地方,37°10.8′N,136°44.1′E,4 km,2.5,震度１,37.18,136.735
2024/1/5,6:28:17,能登半島沖,37°07.7′N,136°41.7′E,5 km,2.6,震度１,37.12833333,136.695
2024/1/5,6:39:24,能登半島沖,37°09.4′N,136°40.7′E,2 km,1.9,震度２,37.15666667,136.6783333
2024/1/5,6:40:33,石川県能登地方,37°10.8′N,136°43.8′E,3 km,2.8,震度１,37.18,136.73
2024/1/5,6:42:28,能登半島沖,37°08.8′N,136°38.7′E,9 km,2.1,震度１,37.14666667,136.645
2024/1/5,7:09:35,能登半島沖,37°24.7′N,136°51.8′E,14 km,1.7,震度１,37.41166667,136.8633333
2024/1/5,7:15:26,能登半島沖,37°08.2′N,136°38.7′E,8 km,2.9,震度２,37.13666667,136.645
2024/1/5,7:29:44,山梨県東部・富士五湖,35°29.1′N,138°57.2′E,21 km,2.5,震度１,35.485,138.9533333
2024/1/5,7:41:21,石川県能登地方,37°27.9′N,137°15.8′E,12 km,2.6,震度１,37.465,137.2633333
2024/1/5,7:56:54,石川県能登地方,37°09.8′N,136°42.1′E,6 km,2.8,震度２,37.16333333,136.7016667
2024/1/5,8:06:19,石川県能登地方,37°09.1′N,136°43.6′E,3 km,1.7,震度１,37.15166667,136.7266667
2024/1/5,8:06:29,大隅半島東方沖,31°04.9′N,131°31.3′E,32 km,4,震度１,31.08166667,131.5216667
2024/1/5,8:08:11,石川県能登地方,37°22.5′N,136°50.7′E,12 km,2.4,震度１,37.375,136.845
2024/1/5,8:54:42,石川県能登地方,37°22.6′N,136°52.8′E,0 km,2,震度１,37.37666667,136.88
2024/1/5,8:58:38,石川県能登地方,37°20.4′N,136°57.6′E,10 km,3.3,震度１,37.34,136.96
2024/1/5,9:16:57,石川県能登地方,37°13.0′N,136°50.6′E,11 km,3.2,震度２,37.21666667,136.8433333
2024/1/5,9:18:10,石川県能登地方,37°24.9′N,136°57.3′E,11 km,2.7,震度１,37.415,136.955
2024/1/5,9:27:29,石川県能登地方,37°11.3′N,136°43.6′E,4 km,4,震度３,37.18833333,136.7266667
2024/1/5,9:33:36,石川県能登地方,37°12.9′N,136°50.4′E,11 km,3,震度１,37.215,136.84
2024/1/5,9:39:51,石川県能登地方,37°24.5′N,137°12.8′E,13 km,4.2,震度３,37.40833333,137.2133333
2024/1/5,9:42:35,石川県能登地方,37°10.1′N,136°41.0′E,10 km,3,震度２,37.16833333,136.6833333
2024/1/5,9:53:34,石川県能登地方,37°10.3′N,136°41.7′E,6 km,3.9,震度３,37.17166667,136.695
2024/1/5,9:57:34,石川県能登地方,37°08.1′N,136°44.9′E,1 km,1.9,震度１,37.135,136.7483333
2024/1/5,10:12:02,石川県能登地方,37°27.2′N,137°15.8′E,13 km,2.6,震度１,37.45333333,137.2633333
2024/1/5,10:14:10,石川県能登地方,37°22.4′N,137°00.3′E,15 km,2.9,震度１,37.37333333,137.005
2024/1/5,10:16:59,石川県能登地方,37°28.6′N,137°15.8′E,11 km,3.5,震度２,37.47666667,137.2633333
2024/1/5,10:20:03,石川県能登地方,37°10.1′N,136°41.6′E,5 km,2.7,震度２,37.16833333,136.6933333
2024/1/5,10:21:12,能登半島沖,37°31.0′N,137°14.5′E,12 km,3.7,震度３,37.51666667,137.2416667
2024/1/5,10:28:16,石川県西方沖,37°05.5′N,136°31.9′E,12 km,3.2,震度１,37.09166667,136.5316667
2024/1/5,10:53:13,石川県能登地方,37°23.8′N,136°50.1′E,16 km,2.3,震度１,37.39666667,136.835
2024/1/5,11:42:16,石川県能登地方,37°22.8′N,136°49.2′E,13 km,3.1,震度２,37.38,136.82
2024/1/5,12:31:15,能登半島沖,37°08.7′N,136°38.9′E,9 km,2.1,震度１,37.145,136.6483333
2024/1/5,12:38:50,石川県能登地方,37°20.0′N,136°55.4′E,14 km,3.2,震度２,37.33333333,136.9233333
2024/1/5,12:46:12,石川県能登地方,37°21.2′N,136°49.0′E,14 km,3.8,震度２,37.35333333,136.8166667
2024/1/5,12:56:32,石川県能登地方,37°16.9′N,136°52.0′E,14 km,2.5,震度１,37.28166667,136.8666667
2024/1/5,13:17:20,石川県能登地方,37°15.1′N,136°50.0′E,14 km,3.7,震度２,37.25166667,136.8333333
2024/1/5,13:32:25,石川県能登地方,37°10.4′N,136°44.5′E,4 km,3.5,震度２,37.17333333,136.7416667
2024/1/5,13:44:39,石川県能登地方,37°19.4′N,136°54.5′E,15 km,3.5,震度１,37.32333333,136.9083333
2024/1/5,13:50:59,石川県能登地方,37°11.2′N,136°48.8′E,11 km,2.8,震度１,37.18666667,136.8133333
2024/1/5,13:56:54,石川県能登地方,37°11.7′N,136°44.9′E,10 km,1.6,震度１,37.195,136.7483333
2024/1/5,14:14:19,能登半島沖,37°12.0′N,136°41.1′E,7 km,2.9,震度１,37.2,136.685
2024/1/5,14:15:03,石川県能登地方,37°27.5′N,137°14.3′E,14 km,4.2,震度３,37.45833333,137.2383333
2024/1/5,14:37:35,能登半島沖,37°25.1′N,136°48.6′E,9 km,2.2,震度１,37.41833333,136.81
2024/1/5,14:54:34,能登半島沖,37°25.1′N,136°49.4′E,9 km,2.2,震度１,37.41833333,136.8233333
2024/1/5,15:03:42,新潟県上中越沖,37°37.7′N,137°35.2′E,20 km,4,震度１,37.62833333,137.5866667
2024/1/5,15:18:57,石川県能登地方,37°20.5′N,137°00.5′E,15 km,3.6,震度２,37.34166667,137.0083333
2024/1/5,15:31:14,石川県能登地方,37°25.3′N,137°04.2′E,13 km,3.8,震度２,37.42166667,137.07
2024/1/5,15:39:41,石川県能登地方,37°11.4′N,136°43.8′E,6 km,3.2,震度２,37.19,136.73
2024/1/5,16:15:11,能登半島沖,37°12.7′N,136°38.7′E,5 km,2.5,震度１,37.21166667,136.645
2024/1/5,16:17:02,石川県能登地方,37°23.5′N,136°56.2′E,12 km,2.3,震度１,37.39166667,136.9366667
2024/1/5,16:43:05,能登半島沖,37°31.0′N,137°10.4′E,7 km,2.6,震度２,37.51666667,137.1733333
2024/1/5,17:17:14,石川県能登地方,37°21.7′N,136°48.3′E,11 km,2.9,震度１,37.36166667,136.805
2024/1/5,17:20:01,石川県能登地方,37°28.9′N,137°15.0′E,11 km,2.3,震度１,37.48166667,137.25
2024/1/5,17:25:17,石川県能登地方,37°18.0′N,136°47.8′E,12 km,2.9,震度１,37.3,136.7966667
2024/1/5,17:32:51,能登半島沖,37°10.2′N,136°37.3′E,4 km,2.3,震度１,37.17,136.6216667
2024/1/5,17:43:28,能登半島沖,37°08.5′N,136°43.4′E,6 km,3.5,震度３,37.14166667,136.7233333
2024/1/5,17:46:57,石川県能登地方,37°22.9′N,136°51.6′E,13 km,2.1,震度１,37.38166667,136.86
2024/1/5,17:50:31,石川県能登地方,37°10.5′N,136°41.9′E,6 km,3.1,震度２,37.175,136.6983333
2024/1/5,17:58:59,石川県能登地方,37°09.8′N,136°43.3′E,5 km,2.7,震度１,37.16333333,136.7216667
2024/1/5,18:22:58,能登半島沖,37°37.4′N,137°27.9′E,15 km,3.7,震度１,37.62333333,137.465
2024/1/5,18:42:13,能登半島沖,37°30.7′N,137°10.9′E,9 km,2.2,震度１,37.51166667,137.1816667
2024/1/5,19:01:59,石川県能登地方,37°29.4′N,137°16.8′E,13 km,2.3,震度１,37.49,137.28
2024/1/5,19:04:57,能登半島沖,37°08.6′N,136°43.8′E,4 km,1.9,震度１,37.14333333,136.73
2024/1/5,19:09:14,石川県能登地方,37°27.8′N,137°08.5′E,14 km,3.6,震度２,37.46333333,137.1416667
2024/1/5,19:10:49,石川県能登地方,37°27.8′N,137°08.3′E,14 km,4.1,震度３,37.46333333,137.1383333
2024/1/5,19:14:12,能登半島沖,37°07.4′N,136°41.6′E,6 km,2.4,震度１,37.12333333,136.6933333
2024/1/5,19:16:48,石川県能登地方,37°28.0′N,137°08.8′E,14 km,3.1,震度１,37.46666667,137.1466667
2024/1/5,19:56:20,石川県能登地方,37°22.3′N,136°51.6′E,9 km,2.2,震度１,37.37166667,136.86
2024/1/5,20:40:47,能登半島沖,37°31.3′N,137°10.7′E,8 km,2.3,震度１,37.52166667,137.1783333
2024/1/5,20:51:07,石川県能登地方,37°10.3′N,136°43.5′E,4 km,2.9,震度２,37.17166667,136.725
2024/1/5,21:04:04,能登半島沖,37°11.4′N,136°38.1′E,6 km,2.3,震度１,37.19,136.635
2024/1/5,21:17:46,石川県能登地方,37°28.0′N,137°09.3′E,12 km,3.1,震度１,37.46666667,137.155
2024/1/5,21:27:02,能登半島沖,37°07.0′N,136°36.3′E,8 km,2.3,震度１,37.11666667,136.605
2024/1/5,21:33:58,能登半島沖,37°25.2′N,136°52.4′E,12 km,1.8,震度１,37.42,136.8733333
2024/1/5,21:42:18,石川県能登地方,37°23.8′N,136°52.4′E,15 km,2.6,震度２,37.39666667,136.8733333
2024/1/5,21:43:17,石川県能登地方,37°10.6′N,136°45.6′E,1 km,2.6,震度１,37.17666667,136.76
2024/1/5,21:53:19,石川県能登地方,37°09.7′N,136°44.6′E,5 km,2.2,震度１,37.16166667,136.7433333
2024/1/5,21:54:04,能登半島沖,37°11.0′N,136°40.2′E,6 km,1.3,震度１,37.18333333,136.67
2024/1/5,21:56:35,石川県能登地方,37°24.0′N,136°54.6′E,11 km,1.7,震度１,37.4,136.91
2024/1/5,22:09:26,石川県能登地方,37°22.0′N,136°57.0′E,14 km,4.3,震度４,37.36666667,136.95
2024/1/5,22:51:46,石川県能登地方,37°27.5′N,137°16.6′E,13 km,3.4,震度１,37.45833333,137.2766667
2024/1/5,23:03:00,能登半島沖,37°07.8′N,136°36.7′E,7 km,2.8,震度２,37.13,136.6116667
2024/1/5,23:08:14,石川県能登地方,37°08.4′N,136°44.8′E,3 km,2.9,震度２,37.14,136.7466667
2024/1/5,23:13:07,石川県能登地方,37°21.8′N,136°52.9′E,12 km,2.9,震度１,37.36333333,136.8816667
2024/1/5,23:27:44,石川県能登地方,37°28.0′N,137°08.1′E,13 km,2.9,震度１,37.46666667,137.135
2024/1/5,23:35:06,石川県能登地方,37°11.3′N,136°43.1′E,4 km,2.3,震度１,37.18833333,136.7183333
2024/1/5,23:48:33,石川県能登地方,37°30.6′N,137°18.7′E,11 km,3.7,震度３,37.51,137.3116667
2024/1/6,0:06:12,石川県能登地方,37°11.7′N,136°41.5′E,4 km,2.5,震度１,37.195,136.6916667
2024/1/6,0:18:10,能登半島沖,37°10.0′N,136°39.9′E,5 km,1.8,震度１,37.16666667,136.665
2024/1/6,0:40:42,能登半島沖,37°11.2′N,136°40.5′E,8 km,1.6,震度１,37.18666667,136.675
2024/1/6,0:42:13,石川県能登地方,37°28.3′N,137°10.6′E,12 km,2.5,震度１,37.47166667,137.1766667
2024/1/6,1:05:58,石川県能登地方,37°21.7′N,136°54.4′E,12 km,3.9,震度２,37.36166667,136.9066667
2024/1/6,1:38:20,石川県能登地方,37°21.2′N,137°00.7′E,14 km,2.8,震度１,37.35333333,137.0116667
2024/1/6,1:38:50,新潟県上中越沖,37°40.1′N,137°38.1′E,20 km,4.1,震度１,37.66833333,137.635
2024/1/6,1:47:00,石川県能登地方,37°23.4′N,136°54.6′E,12 km,2.4,震度１,37.39,136.91
2024/1/6,1:59:05,能登半島沖,37°21.7′N,136°43.5′E,12 km,4.6,震度４,37.36166667,136.725
2024/1/6,2:54:45,石川県能登地方,37°09.4′N,136°43.3′E,5 km,1.7,震度１,37.15666667,136.7216667
2024/1/6,3:03:57,石川県能登地方,37°22.0′N,137°02.1′E,15 km,3.5,震度１,37.36666667,137.035
2024/1/6,3:47:23,石川県能登地方,37°10.0′N,136°42.4′E,2 km,2.1,震度１,37.16666667,136.7066667
2024/1/6,4:46:51,能登半島沖,37°09.8′N,136°40.3′E,3 km,2.3,震度２,37.16333333,136.6716667
2024/1/6,4:53:43,石川県能登地方,37°09.9′N,136°41.0′E,4 km,2.3,震度１,37.165,136.6833333
2024/1/6,5:22:06,石川県能登地方,37°23.0′N,136°55.2′E,11 km,2.3,震度１,37.38333333,136.92
2024/1/6,5:26:52,石川県能登地方,37°13.0′N,136°49.9′E,12 km,5.4,震度５強,37.21666667,136.8316667
2024/1/6,5:29:40,石川県能登地方,37°12.8′N,136°50.0′E,13 km,3.2,震度１,37.21333333,136.8333333
2024/1/6,5:32:50,石川県能登地方,37°11.8′N,136°50.1′E,12 km,3.5,震度２,37.19666667,136.835
2024/1/6,5:35:50,石川県能登地方,37°12.5′N,136°49.8′E,13 km,4.1,震度２,37.20833333,136.83
2024/1/6,5:43:35,佐渡付近,37°48.4′N,137°42.5′E,20 km,4.1,震度１,37.80666667,137.7083333
2024/1/6,5:44:27,石川県能登地方,37°29.7′N,137°19.2′E,11 km,2.9,震度１,37.495,137.32
2024/1/6,6:16:29,石川県能登地方,37°27.9′N,137°13.8′E,10 km,2.3,震度１,37.465,137.23
2024/1/6,6:57:16,石川県能登地方,37°20.4′N,136°57.5′E,14 km,4.4,震度３,37.34,136.9583333
2024/1/6,7:06:21,石川県西方沖,36°59.4′N,136°31.3′E,11 km,3.3,震度１,36.99,136.5216667
2024/1/6,7:33:29,石川県能登地方,37°19.6′N,136°57.7′E,14 km,2.6,震度１,37.32666667,136.9616667
2024/1/6,7:36:33,石川県能登地方,37°22.9′N,136°54.4′E,14 km,2,震度１,37.38166667,136.9066667
2024/1/6,7:39:31,能登半島沖,37°07.4′N,136°36.8′E,3 km,3,震度２,37.12333333,136.6133333
2024/1/6,8:04:31,石川県能登地方,37°12.8′N,136°49.7′E,10 km,2.7,震度１,37.21333333,136.8283333
2024/1/6,8:12:47,石川県能登地方,37°23.5′N,136°52.2′E,11 km,1.9,震度１,37.39166667,136.87
2024/1/6,8:31:31,石川県能登地方,37°14.6′N,136°49.9′E,13 km,2.7,震度１,37.24333333,136.8316667
2024/1/6,9:16:34,石川県能登地方,37°25.6′N,137°09.2′E,11 km,3.2,震度１,37.42666667,137.1533333
2024/1/6,10:15:30,茨城県沖,36°37.8′N,141°00.7′E,45 km,4.2,震度２,36.63,141.0116667
2024/1/6,10:21:52,石川県能登地方,37°29.8′N,137°12.5′E,12 km,2.8,震度１,37.49666667,137.2083333
2024/1/6,10:24:20,石川県能登地方,37°10.7′N,136°43.1′E,5 km,2.8,震度１,37.17833333,136.7183333
2024/1/6,10:43:04,石川県能登地方,37°11.9′N,136°45.1′E,7 km,3.3,震度２,37.19833333,136.7516667
2024/1/6,11:34:13,石川県能登地方,37°10.9′N,136°44.3′E,5 km,2.4,震度１,37.18166667,136.7383333
2024/1/6,12:09:26,石川県能登地方,37°10.7′N,136°42.5′E,5 km,2.8,震度１,37.17833333,136.7083333
2024/1/6,12:11:16,石川県能登地方,37°24.1′N,136°52.5′E,11 km,2.5,震度２,37.40166667,136.875
2024/1/6,12:29:39,石川県能登地方,37°23.8′N,136°51.0′E,13 km,1.8,震度１,37.39666667,136.85
2024/1/6,12:42:22,能登半島沖,37°30.8′N,137°11.0′E,8 km,1.5,震度１,37.51333333,137.1833333
2024/1/6,12:49:42,能登半島沖,37°12.8′N,136°41.6′E,2 km,2.8,震度１,37.21333333,136.6933333
2024/1/6,12:59:16,能登半島沖,37°30.4′N,137°10.8′E,8 km,2.5,震度２,37.50666667,137.18
2024/1/6,12:59:32,石川県能登地方,37°10.4′N,136°45.1′E,6 km,2.6,震度１,37.17333333,136.7516667
2024/1/6,13:00:35,石川県能登地方,37°10.6′N,136°45.4′E,6 km,,震度１,37.17666667,136.7566667
2024/1/6,13:13:43,石川県能登地方,37°10.1′N,136°44.4′E,6 km,3.2,震度２,37.16833333,136.74
2024/1/6,13:30:52,石川県能登地方,37°22.0′N,137°05.2′E,14 km,3.1,震度１,37.36666667,137.0866667
2024/1/6,13:36:19,石川県能登地方,37°10.1′N,136°44.4′E,6 km,2.2,震度１,37.16833333,136.74
2024/1/6,13:52:17,石川県能登地方,37°10.1′N,136°43.7′E,6 km,3.6,震度３,37.16833333,136.7283333
2024/1/6,14:30:15,石川県能登地方,37°09.0′N,136°42.3′E,11 km,2.8,震度１,37.15,136.705
2024/1/6,14:49:08,石川県能登地方,37°23.1′N,136°58.1′E,12 km,2.5,震度１,37.385,136.9683333
2024/1/6,15:09:39,石川県能登地方,37°27.5′N,137°08.5′E,14 km,3.6,震度３,37.45833333,137.1416667
2024/1/6,15:44:30,石川県能登地方,37°24.9′N,136°57.5′E,12 km,3.3,震度２,37.415,136.9583333
2024/1/6,15:47:39,能登半島沖,37°06.8′N,136°35.5′E,8 km,2.2,震度１,37.11333333,136.5916667
2024/1/6,16:43:13,能登半島沖,37°36.1′N,137°26.1′E,13 km,3.8,震度１,37.60166667,137.435
2024/1/6,17:08:56,石川県能登地方,37°17.5′N,136°49.7′E,14 km,3.1,震度１,37.29166667,136.8283333
2024/1/6,17:32:34,石川県能登地方,37°11.3′N,136°41.4′E,3 km,2.4,震度１,37.18833333,136.69
2024/1/6,18:02:41,石川県能登地方,37°29.3′N,137°18.5′E,12 km,2.8,震度２,37.48833333,137.3083333
2024/1/6,18:03:51,能登半島沖,37°09.7′N,136°40.7′E,3 km,2.4,震度２,37.16166667,136.6783333
2024/1/6,18:12:28,石川県能登地方,37°29.0′N,137°10.9′E,12 km,2.5,震度１,37.48333333,137.1816667
2024/1/6,18:15:18,能登半島沖,37°08.1′N,136°42.1′E,6 km,2.7,震度１,37.135,136.7016667
2024/1/6,18:22:39,石川県能登地方,37°25.8′N,137°06.5′E,9 km,2.6,震度１,37.43,137.1083333
2024/1/6,18:23:25,石川県能登地方,37°22.4′N,136°55.9′E,13 km,3.9,震度２,37.37333333,136.9316667
2024/1/6,18:30:06,石川県能登地方,37°14.5′N,136°48.0′E,11 km,3,震度１,37.24166667,136.8
2024/1/6,18:35:29,石川県能登地方,37°28.8′N,137°15.5′E,11 km,2.7,震度１,37.48,137.2583333
2024/1/6,18:41:37,石川県能登地方,37°28.8′N,137°15.5′E,11 km,2.7,震度１,37.48,137.2583333
2024/1/6,19:18:56,能登半島沖,37°10.0′N,136°40.7′E,3 km,1,震度１,37.16666667,136.6783333
2024/1/6,19:59:17,石川県能登地方,37°23.3′N,136°49.5′E,14 km,2.2,震度１,37.38833333,136.825
2024/1/6,20:24:57,石川県能登地方,37°23.0′N,136°52.3′E,12 km,2.1,震度１,37.38333333,136.8716667
2024/1/6,20:32:12,石川県能登地方,37°21.8′N,136°54.0′E,12 km,2.6,震度１,37.36333333,136.9
2024/1/6,20:56:33,石川県能登地方,37°22.4′N,136°56.8′E,14 km,2.7,震度１,37.37333333,136.9466667
2024/1/6,21:14:40,石川県能登地方,37°10.5′N,136°41.3′E,4 km,2,震度１,37.175,136.6883333
2024/1/6,21:52:09,石川県能登地方,37°28.6′N,137°21.4′E,14 km,3.6,震度２,37.47666667,137.3566667
2024/1/6,22:55:26,石川県能登地方,37°23.5′N,136°53.2′E,12 km,2.5,震度１,37.39166667,136.8866667
2024/1/6,22:58:34,石川県能登地方,37°22.7′N,136°59.0′E,11 km,2.8,震度１,37.37833333,136.9833333
2024/1/6,23:02:11,石川県能登地方,37°30.4′N,137°16.9′E,10 km,2.9,震度２,37.50666667,137.2816667
2024/1/6,23:20:23,能登半島沖,37°10.3′N,136°38.7′E,5 km,4.3,震度６弱,37.17166667,136.645
2024/1/6,23:22:23,能登半島沖,37°10.0′N,136°40.3′E,4 km,1.4,震度１,37.16666667,136.6716667
2024/1/6,23:23:34,能登半島沖,37°09.7′N,136°39.1′E,6 km,2.5,震度２,37.16166667,136.6516667
2024/1/6,23:30:10,新潟県上中越沖,37°02.2′N,137°45.1′E,0 km,2.2,震度１,37.03666667,137.7516667
2024/1/6,23:34:01,能登半島沖,37°31.5′N,137°09.2′E,8 km,2.6,震度１,37.525,137.1533333
2024/1/6,23:43:18,新潟県上中越沖,37°02.9′N,137°45.3′E,0 km,3.2,震度２,37.04833333,137.755
2024/1/6,23:44:35,新潟県上中越沖,37°01.7′N,137°45.6′E,0 km,2.5,震度１,37.02833333,137.76
2024/1/6,23:49:38,石川県能登地方,37°31.3′N,137°16.9′E,9 km,2.7,震度１,37.52166667,137.2816667
2024/1/7,0:09:24,宮城県北部,38°46.0′N,141°08.1′E,90 km,2.9,震度１,38.76666667,141.135
2024/1/7,0:57:07,能登半島沖,37°09.8′N,136°39.1′E,5 km,3.3,震度３,37.16333333,136.6516667
2024/1/7,1:08:50,能登半島沖,37°11.8′N,136°39.1′E,8 km,2,震度１,37.19666667,136.6516667
2024/1/7,1:12:33,石川県能登地方,37°22.1′N,136°56.8′E,13 km,3.2,震度２,37.36833333,136.9466667
2024/1/7,1:28:41,石川県能登地方,37°13.1′N,136°50.0′E,0 km,2.4,震度１,37.21833333,136.8333333
2024/1/7,1:34:46,能登半島沖,37°11.1′N,136°40.9′E,3 km,2,震度１,37.185,136.6816667
2024/1/7,1:49:19,石川県能登地方,37°11.4′N,136°50.1′E,11 km,2.9,震度１,37.19,136.835
2024/1/7,2:03:20,石川県能登地方,37°23.4′N,136°54.2′E,11 km,2.6,震度１,37.39,136.9033333
2024/1/7,2:05:21,能登半島沖,37°05.9′N,136°36.9′E,8 km,2.6,震度２,37.09833333,136.615
2024/1/7,2:46:34,福島県沖,37°07.7′N,141°18.3′E,54 km,3.5,震度１,37.12833333,141.305
2024/1/7,3:00:52,石川県能登地方,37°07.8′N,136°44.3′E,0 km,1.7,震度１,37.13,136.7383333
2024/1/7,5:16:03,石川県能登地方,37°24.1′N,136°52.6′E,15 km,1.3,震度１,37.40166667,136.8766667
2024/1/7,5:19:01,石川県能登地方,37°28.4′N,137°15.6′E,12 km,3.7,震度２,37.47333333,137.26
2024/1/7,5:26:55,石川県能登地方,37°24.2′N,137°00.9′E,13 km,3.5,震度２,37.40333333,137.015
2024/1/7,5:54:33,能登半島沖,37°14.1′N,136°40.4′E,6 km,3.1,震度１,37.235,136.6733333
2024/1/7,6:04:40,石川県能登地方,37°11.0′N,136°46.2′E,8 km,3.1,震度１,37.18333333,136.77
2024/1/7,6:05:34,能登半島沖,37°13.6′N,136°41.6′E,5 km,3.1,震度１,37.22666667,136.6933333
2024/1/7,6:57:25,石川県能登地方,37°15.6′N,136°49.1′E,16 km,3.2,震度２,37.26,136.8183333
2024/1/7,7:38:28,能登半島沖,37°09.8′N,136°40.7′E,5 km,3.4,震度３,37.16333333,136.6783333
2024/1/7,7:39:46,能登半島沖,37°10.1′N,136°40.5′E,5 km,2.4,震度１,37.16833333,136.675
2024/1/7,8:44:09,石川県能登地方,37°24.3′N,137°02.9′E,12 km,3.2,震度１,37.405,137.0483333
2024/1/7,9:02:28,石川県能登地方,37°23.6′N,136°52.2′E,12 km,2.1,震度１,37.39333333,136.87
2024/1/7,10:09:35,石川県能登地方,37°24.0′N,136°59.1′E,9 km,2.6,震度１,37.4,136.985
2024/1/7,11:19:19,能登半島沖,37°07.3′N,136°38.9′E,9 km,3.5,震度１,37.12166667,136.6483333
2024/1/7,13:26:20,能登半島沖,37°35.8′N,137°09.2′E,10 km,3.2,震度１,37.59666667,137.1533333
2024/1/7,13:39:09,石川県能登地方,37°21.8′N,136°59.4′E,11 km,3.2,震度２,37.36333333,136.99
2024/1/7,14:37:59,石川県能登地方,37°27.2′N,137°16.8′E,14 km,4.6,震度４,37.45333333,137.28
2024/1/7,14:48:44,石川県能登地方,37°20.4′N,136°47.7′E,11 km,3.2,震度１,37.34,136.795
2024/1/7,15:21:02,石川県能登地方,37°12.9′N,136°43.5′E,2 km,3.4,震度１,37.215,136.725
2024/1/7,15:26:57,石川県能登地方,37°12.7′N,136°43.1′E,11 km,4.5,震度４,37.21166667,136.7183333
2024/1/7,15:32:28,石川県能登地方,37°14.2′N,136°49.0′E,12 km,3,震度１,37.23666667,136.8166667
2024/1/7,16:06:50,石川県能登地方,37°11.2′N,136°41.5′E,4 km,2.3,震度１,37.18666667,136.6916667
2024/1/7,16:26:56,能登半島沖,37°25.4′N,136°54.2′E,9 km,1.6,震度１,37.42333333,136.9033333
2024/1/7,18:38:20,石川県能登地方,37°11.8′N,136°42.3′E,5 km,3,震度２,37.19666667,136.705
2024/1/7,21:32:12,石川県能登地方,37°22.7′N,136°55.0′E,12 km,3.1,震度２,37.37833333,136.9166667
2024/1/7,21:38:19,石川県能登地方,37°10.7′N,136°48.8′E,12 km,4.7,震度４,37.17833333,136.8133333
2024/1/7,21:39:31,石川県能登地方,37°22.0′N,136°57.0′E,11 km,3.7,震度２,37.36666667,136.95
2024/1/7,21:41:05,能登半島沖,37°08.6′N,136°40.1′E,11 km,3,震度１,37.14333333,136.6683333
2024/1/7,22:03:34,石川県能登地方,37°16.6′N,136°44.8′E,8 km,3.1,震度１,37.27666667,136.7466667
2024/1/7,22:05:25,石川県能登地方,37°21.4′N,137°02.5′E,15 km,3.5,震度２,37.35666667,137.0416667
2024/1/7,22:13:29,石川県能登地方,37°09.6′N,136°43.1′E,5 km,1.6,震度１,37.16,136.7183333
2024/1/7,22:31:28,能登半島沖,37°08.2′N,136°41.0′E,8 km,2.5,震度１,37.13666667,136.6833333
2024/1/7,22:46:09,能登半島沖,37°09.2′N,136°39.9′E,3 km,1.4,震度１,37.15333333,136.665
2024/1/7,23:01:36,能登半島沖,37°10.4′N,136°38.8′E,4 km,2.3,震度２,37.17333333,136.6466667
2024/1/7,23:43:58,石川県能登地方,37°22.1′N,136°51.1′E,12 km,3.9,震度３,37.36833333,136.8516667
2024/1/8,1:09:00,能登半島沖,37°09.3′N,136°39.3′E,3 km,2.5,震度２,37.155,136.655
2024/1/8,2:14:59,富山湾,37°17.3′N,137°08.0′E,13 km,3.5,震度２,37.28833333,137.1333333
2024/1/8,2:24:00,能登半島沖,37°08.9′N,136°43.6′E,5 km,2.8,震度２,37.14833333,136.7266667
2024/1/8,2:41:17,岩手県沖,39°37.0′N,141°59.7′E,54 km,3.2,震度１,39.61666667,141.995
2024/1/8,2:59:20,石川県能登地方,37°22.8′N,137°06.0′E,13 km,3.8,震度２,37.38,137.1
2024/1/8,3:15:41,石川県能登地方,37°15.3′N,136°46.1′E,9 km,3.8,震度２,37.255,136.7683333
2024/1/8,3:57:39,新潟県上中越沖,37°02.8′N,137°45.7′E,0 km,2.4,震度１,37.04666667,137.7616667
2024/1/8,4:24:02,能登半島沖,37°31.2′N,137°11.1′E,11 km,2.9,震度１,37.52,137.185
2024/1/8,4:26:47,石川県能登地方,37°22.6′N,136°56.6′E,9 km,2.7,震度１,37.37666667,136.9433333
2024/1/8,5:03:45,石川県能登地方,37°30.3′N,137°12.0′E,9 km,2,震度１,37.505,137.2
2024/1/8,5:07:38,能登半島沖,37°10.2′N,136°38.1′E,6 km,2.7,震度２,37.17,136.635
2024/1/8,6:18:29,新潟県上中越沖,37°37.5′N,137°31.7′E,19 km,3.8,震度１,37.625,137.5283333
2024/1/8,6:19:18,石川県能登地方,37°11.4′N,136°42.3′E,5 km,2.1,震度１,37.19,136.705
2024/1/8,6:34:05,石川県能登地方,37°24.9′N,136°52.5′E,13 km,1.5,震度１,37.415,136.875
2024/1/8,7:33:24,石川県能登地方,37°22.2′N,137°05.7′E,13 km,3.2,震度１,37.37,137.095
2024/1/8,9:49:19,石川県能登地方,37°20.8′N,136°48.7′E,10 km,3.5,震度２,37.34666667,136.8116667
2024/1/8,9:51:55,石川県能登地方,37°27.5′N,137°10.7′E,10 km,3,震度１,37.45833333,137.1783333
2024/1/8,9:54:19,石川県能登地方,37°29.7′N,137°17.4′E,10 km,2.4,震度１,37.495,137.29
2024/1/8,10:02:11,石川県能登地方,37°14.4′N,136°49.3′E,11 km,3.2,震度１,37.24,136.8216667
2024/1/8,10:06:41,石川県能登地方,37°09.7′N,136°43.9′E,5 km,2,震度１,37.16166667,136.7316667
2024/1/8,10:43:27,石川県能登地方,37°11.7′N,136°50.3′E,12 km,2.8,震度１,37.195,136.8383333
2024/1/8,11:01:09,能登半島沖,37°30.2′N,137°11.0′E,8 km,2.2,震度２,37.50333333,137.1833333
2024/1/8,11:05:04,石川県能登地方,37°07.8′N,136°45.1′E,4 km,3.7,震度２,37.13,136.7516667
2024/1/8,11:27:32,能登半島沖,37°25.9′N,136°51.5′E,13 km,1.9,震度１,37.43166667,136.8583333
2024/1/8,11:33:21,能登半島沖,37°27.3′N,136°57.0′E,4 km,2.2,震度１,37.455,136.95
2024/1/8,11:44:51,能登半島沖,37°32.3′N,137°10.6′E,10 km,2.5,震度１,37.53833333,137.1766667
2024/1/8,12:18:21,石川県能登地方,37°19.8′N,136°48.8′E,13 km,3.3,震度１,37.33,136.8133333
2024/1/8,12:51:41,能登半島沖,37°25.3′N,136°52.0′E,12 km,1.8,震度１,37.42166667,136.8666667
2024/1/8,13:11:15,秋田県内陸北部,40°28.6′N,140°52.9′E,5 km,3.7,震度２,40.47666667,140.8816667
2024/1/8,13:14:59,石川県能登地方,37°10.9′N,136°48.6′E,9 km,2.9,震度１,37.18166667,136.81
2024/1/8,13:15:06,石川県能登地方,37°25.9′N,137°07.6′E,7 km,3.1,震度１,37.43166667,137.1266667
2024/1/8,15:06:40,新潟県上中越沖,37°02.8′N,137°45.3′E,0 km,2.6,震度１,37.04666667,137.755
2024/1/8,15:23:45,能登半島沖,37°11.9′N,136°40.9′E,4 km,2,震度１,37.19833333,136.6816667
2024/1/8,17:37:33,石川県能登地方,37°12.6′N,136°52.2′E,11 km,2.8,震度１,37.21,136.87
2024/1/8,18:27:56,石川県能登地方,37°23.3′N,136°53.0′E,8 km,2.6,震度２,37.38833333,136.8833333
2024/1/8,18:35:28,佐渡付近,37°43.7′N,137°36.9′E,19 km,3.8,震度１,37.72833333,137.615
2024/1/8,19:14:28,能登半島沖,37°09.4′N,136°40.9′E,2 km,1.4,震度１,37.15666667,136.6816667
2024/1/8,19:18:45,石川県能登地方,37°23.0′N,136°59.6′E,10 km,2.7,震度２,37.38333333,136.9933333
2024/1/8,19:34:22,石川県能登地方,37°12.8′N,136°50.8′E,11 km,2.9,震度１,37.21333333,136.8466667
2024/1/8,19:52:41,石川県能登地方,37°10.5′N,136°42.2′E,2 km,2.3,震度１,37.175,136.7033333
2024/1/8,20:38:12,石川県能登地方,37°10.5′N,136°42.4′E,2 km,1.8,震度１,37.175,136.7066667
2024/1/8,20:39:27,石川県能登地方,37°22.1′N,136°50.2′E,9 km,2.8,震度２,37.36833333,136.8366667
2024/1/8,20:43:40,能登半島沖,37°08.7′N,136°42.5′E,4 km,2.2,震度１,37.145,136.7083333
2024/1/8,20:48:03,石川県能登地方,37°10.2′N,136°42.4′E,3 km,2.3,震度１,37.17,136.7066667
2024/1/8,21:18:07,石川県能登地方,37°10.4′N,136°42.0′E,3 km,2.5,震度２,37.17333333,136.7
2024/1/8,21:48:05,能登半島沖,37°08.1′N,136°38.1′E,8 km,3.1,震度３,37.135,136.635
2024/1/8,22:10:34,石川県能登地方,37°20.2′N,136°48.1′E,8 km,2.9,震度１,37.33666667,136.8016667
2024/1/8,22:23:56,能登半島沖,37°08.5′N,136°42.5′E,2 km,1.4,震度１,37.14166667,136.7083333
2024/1/9,0:54:04,石川県能登地方,37°21.4′N,137°01.6′E,12 km,2.6,震度１,37.35666667,137.0266667
2024/1/9,1:20:01,石川県能登地方,37°15.8′N,136°48.6′E,11 km,3.9,震度２,37.26333333,136.81
2024/1/9,1:48:40,能登半島沖,37°08.3′N,136°42.0′E,7 km,2.8,震度１,37.13833333,136.7
2024/1/9,2:38:00,石川県能登地方,37°23.8′N,137°04.1′E,12 km,3.1,震度１,37.39666667,137.0683333
2024/1/9,3:21:40,三重県北部,34°52.4′N,136°27.5′E,14 km,2.6,震度１,34.87333333,136.4583333
2024/1/9,4:17:14,石川県能登地方,37°27.7′N,137°18.7′E,14 km,2.8,震度１,37.46166667,137.3116667
2024/1/9,4:21:38,石川県能登地方,37°20.7′N,136°57.4′E,12 km,2.9,震度１,37.345,136.9566667
2024/1/9,4:47:19,石川県能登地方,37°23.8′N,136°54.7′E,8 km,1.8,震度１,37.39666667,136.9116667
2024/1/9,4:51:01,内浦湾,42°19.9′N,140°24.0′E,16 km,2.9,震度１,42.33166667,140.4
2024/1/9,5:45:49,石川県能登地方,37°13.4′N,136°44.6′E,10 km,3.1,震度１,37.22333333,136.7433333
2024/1/9,6:17:50,石川県能登地方,37°22.1′N,136°53.4′E,11 km,2.9,震度１,37.36833333,136.89
2024/1/9,6:22:33,能登半島沖,37°08.7′N,136°43.7′E,7 km,1.8,震度１,37.145,136.7283333
2024/1/9,6:55:59,能登半島沖,37°06.7′N,136°36.7′E,8 km,2.7,震度２,37.11166667,136.6116667
2024/1/9,7:01:24,石川県能登地方,37°22.7′N,136°56.7′E,11 km,2.4,震度１,37.37833333,136.945
2024/1/9,7:09:22,能登半島沖,37°10.0′N,136°39.6′E,3 km,2.8,震度３,37.16666667,136.66
2024/1/9,7:59:40,石川県能登地方,37°23.4′N,136°51.3′E,9 km,2.2,震度１,37.39,136.855
2024/1/9,8:30:23,石川県能登地方,37°23.1′N,137°00.2′E,11 km,2.6,震度１,37.385,137.0033333
2024/1/9,9:04:04,能登半島沖,37°10.2′N,136°40.2′E,2 km,1.2,震度１,37.17,136.67
2024/1/9,9:18:28,岐阜県飛騨地方,35°55.8′N,137°14.8′E,12 km,2.8,震度１,35.93,137.2466667
2024/1/9,10:18:44,能登半島沖,37°30.9′N,137°09.2′E,10 km,2.6,震度２,37.515,137.1533333
2024/1/9,10:37:28,石川県能登地方,37°19.3′N,136°48.7′E,10 km,2.9,震度１,37.32166667,136.8116667
2024/1/9,12:57:46,能登半島沖,37°33.0′N,137°09.7′E,6 km,1.7,震度１,37.55,137.1616667
2024/1/9,13:12:55,石川県能登地方,37°10.0′N,136°41.6′E,3 km,3.8,震度３,37.16666667,136.6933333
2024/1/9,13:16:33,石川県能登地方,37°21.5′N,136°53.0′E,13 km,3.1,震度１,37.35833333,136.8833333
2024/1/9,15:03:51,石川県能登地方,37°09.5′N,136°43.4′E,6 km,2.3,震度１,37.15833333,136.7233333
2024/1/9,16:18:19,能登半島沖,37°11.4′N,136°37.6′E,4 km,2.5,震度１,37.19,136.6266667
2024/1/9,16:58:35,石川県能登地方,37°28.5′N,137°12.7′E,11 km,2.6,震度１,37.475,137.2116667
2024/1/9,17:39:05,石川県能登地方,37°26.7′N,137°07.6′E,10 km,2.4,震度１,37.445,137.1266667
2024/1/9,17:59:11,佐渡付近,37°54.6′N,137°45.8′E,27 km,6.1,震度５弱,37.91,137.7633333
2024/1/9,18:09:09,佐渡付近,37°52.8′N,137°45.0′E,22 km,4,震度１,37.88,137.75
2024/1/9,18:45:40,石川県能登地方,37°12.1′N,136°47.2′E,8 km,3.2,震度１,37.20166667,136.7866667
2024/1/9,18:55:10,佐渡付近,37°52.2′N,137°46.5′E,23 km,4.3,震度２,37.87,137.775
2024/1/9,19:10:46,石川県能登地方,37°09.0′N,136°43.0′E,7 km,2.5,震度１,37.15,136.7166667
2024/1/9,19:10:49,佐渡付近,37°55.0′N,137°47.5′E,21 km,4,震度１,37.91666667,137.7916667
2024/1/9,20:10:48,佐渡付近,37°51.8′N,137°46.4′E,24 km,4.3,震度２,37.86333333,137.7733333
2024/1/9,20:16:29,能登半島沖,37°12.1′N,136°38.6′E,7 km,2.7,震度１,37.20166667,136.6433333
2024/1/9,20:25:08,石川県能登地方,37°24.1′N,136°53.8′E,9 km,1.7,震度１,37.40166667,136.8966667
2024/1/9,21:34:28,石川県能登地方,37°25.7′N,137°11.0′E,14 km,2.9,震度１,37.42833333,137.1833333
2024/1/9,22:50:30,石川県能登地方,37°22.3′N,136°53.0′E,7 km,1.5,震度１,37.37166667,136.8833333
2024/1/9,22:52:16,石川県能登地方,37°21.0′N,136°56.8′E,12 km,2.8,震度１,37.35,136.9466667
2024/1/9,23:14:43,石川県能登地方,37°18.3′N,136°49.8′E,11 km,3.1,震度１,37.305,136.83
2024/1/9,23:21:13,石川県能登地方,37°21.3′N,136°53.1′E,10 km,2.7,震度１,37.355,136.885
2024/1/9,23:21:43,石川県能登地方,37°29.4′N,137°18.2′E,10 km,2.6,震度１,37.49,137.3033333
2024/1/10,0:17:20,能登半島沖,37°06.5′N,136°36.6′E,7 km,2.4,震度１,37.10833333,136.61
2024/1/10,1:04:15,石川県能登地方,37°10.1′N,136°44.9′E,6 km,3.4,震度２,37.16833333,136.7483333
2024/1/10,1:59:06,能登半島沖,37°09.0′N,136°39.7′E,2 km,2.2,震度２,37.15,136.6616667
2024/1/10,2:29:15,石川県能登地方,37°10.4′N,136°45.3′E,6 km,2.3,震度１,37.17333333,136.755
2024/1/10,2:41:08,佐渡付近,37°55.9′N,137°46.6′E,25 km,3.6,震度１,37.93166667,137.7766667
2024/1/10,2:51:10,能登半島沖,37°09.7′N,136°38.3′E,1 km,2.1,震度１,37.16166667,136.6383333
2024/1/10,4:02:22,石川県能登地方,37°09.8′N,136°42.2′E,2 km,2.6,震度３,37.16333333,136.7033333
2024/1/10,4:32:16,能登半島沖,37°12.4′N,136°41.5′E,5 km,3,震度１,37.20666667,136.6916667
2024/1/10,6:00:41,秋田県内陸北部,40°06.1′N,140°38.2′E,6 km,3.5,震度２,40.10166667,140.6366667
2024/1/10,6:26:41,石川県能登地方,37°30.3′N,137°14.5′E,11 km,2.7,震度１,37.505,137.2416667
2024/1/10,6:35:04,秋田県内陸北部,40°06.0′N,140°38.3′E,6 km,2.9,震度１,40.1,140.6383333
2024/1/10,6:43:56,秋田県内陸北部,40°05.9′N,140°38.2′E,5 km,2.9,震度１,40.09833333,140.6366667
2024/1/10,6:46:11,石川県能登地方,37°24.8′N,136°53.1′E,10 km,2,震度１,37.41333333,136.885
2024/1/10,7:37:13,能登半島沖,37°24.6′N,136°51.6′E,10 km,2,震度１,37.41,136.86
2024/1/10,8:54:07,佐渡付近,37°54.6′N,137°44.7′E,27 km,4,震度１,37.91,137.745
2024/1/10,8:58:41,石川県西方沖,37°04.7′N,136°35.5′E,8 km,3.4,震度１,37.07833333,136.5916667
2024/1/10,9:08:14,石川県能登地方,37°09.9′N,136°43.3′E,0 km,1.6,震度１,37.165,136.7216667
2024/1/10,9:16:31,佐渡付近,37°52.8′N,137°47.0′E,24 km,3.8,震度１,37.88,137.7833333
2024/1/10,9:51:54,石川県能登地方,37°23.7′N,136°52.0′E,10 km,2.1,震度１,37.395,136.8666667
2024/1/10,9:59:51,石川県能登地方,37°23.1′N,136°51.3′E,9 km,2.5,震度１,37.385,136.855
2024/1/10,10:32:47,石川県能登地方,37°23.7′N,136°53.8′E,11 km,1.9,震度１,37.395,136.8966667
2024/1/10,12:13:16,岩手県沖,40°25.5′N,142°07.9′E,36 km,3.8,震度１,40.425,142.1316667
2024/1/10,12:45:12,石川県能登地方,37°20.7′N,136°57.3′E,12 km,2.8,震度１,37.345,136.955
2024/1/10,13:08:06,石川県能登地方,37°19.2′N,136°58.9′E,13 km,3.4,震度１,37.32,136.9816667
2024/1/10,13:47:17,長野県中部,36°11.8′N,138°00.2′E,5 km,2.7,震度１,36.19666667,138.0033333
2024/1/10,14:32:15,石川県能登地方,37°25.7′N,137°02.1′E,10 km,2.8,震度１,37.42833333,137.035
2024/1/10,14:43:34,秋田県内陸北部,40°05.9′N,140°37.7′E,6 km,4.3,震度３,40.09833333,140.6283333
2024/1/10,14:49:30,能登半島沖,37°30.6′N,137°11.0′E,11 km,1.8,震度１,37.51,137.1833333
2024/1/10,15:35:17,石川県能登地方,37°10.5′N,136°50.3′E,9 km,2.6,震度１,37.175,136.8383333
2024/1/10,16:15:30,石川県能登地方,37°27.8′N,137°10.2′E,12 km,2.6,震度１,37.46333333,137.17
2024/1/10,16:55:16,石川県能登地方,37°10.1′N,136°44.9′E,5 km,2.8,震度１,37.16833333,136.7483333
2024/1/10,17:57:50,秋田県内陸北部,40°05.9′N,140°38.0′E,6 km,3.2,震度２,40.09833333,140.6333333
2024/1/10,19:02:28,石川県能登地方,37°10.8′N,136°41.2′E,3 km,1.8,震度１,37.18,136.6866667
2024/1/10,20:00:33,石川県能登地方,37°22.2′N,136°57.7′E,12 km,4.1,震度３,37.37,136.9616667
2024/1/10,20:02:39,佐渡付近,37°45.8′N,137°38.0′E,23 km,3.8,震度１,37.76333333,137.6333333
2024/1/10,20:04:09,能登半島沖,37°10.1′N,136°39.2′E,3 km,1.8,震度１,37.16833333,136.6533333
2024/1/10,20:10:21,能登半島沖,37°08.3′N,136°42.9′E,5 km,2.1,震度１,37.13833333,136.715
2024/1/10,20:53:57,石川県能登地方,37°23.8′N,136°54.0′E,8 km,1.8,震度２,37.39666667,136.9
2024/1/10,21:26:19,能登半島沖,37°08.3′N,136°39.5′E,8 km,2.3,震度１,37.13833333,136.6583333
2024/1/10,21:26:32,能登半島沖,37°32.4′N,137°20.8′E,10 km,3.1,震度２,37.54,137.3466667
2024/1/10,21:44:57,石川県能登地方,37°22.3′N,136°56.7′E,11 km,2.3,震度１,37.37166667,136.945
2024/1/10,21:58:18,石川県能登地方,37°23.9′N,136°54.7′E,9 km,1.3,震度１,37.39833333,136.9116667
2024/1/10,22:57:54,石川県能登地方,37°21.2′N,136°50.7′E,8 km,2.7,震度１,37.35333333,136.845
2024/1/10,23:21:33,能登半島沖,37°08.6′N,136°39.1′E,2 km,1.9,震度１,37.14333333,136.6516667
2024/1/10,23:44:00,石川県能登地方,37°23.2′N,137°00.1′E,13 km,3.5,震度２,37.38666667,137.0016667
2024/1/11,0:42:19,石川県能登地方,37°19.0′N,136°58.8′E,13 km,3.4,震度２,37.31666667,136.98
2024/1/11,1:00:56,福島県中通り,37°04.2′N,140°33.6′E,6 km,2.8,震度１,37.07,140.56
2024/1/11,1:06:56,石川県能登地方,37°14.5′N,136°51.1′E,13 km,2.6,震度１,37.24166667,136.8516667
2024/1/11,3:09:18,石川県能登地方,37°22.2′N,136°57.5′E,12 km,3,震度１,37.37,136.9583333
2024/1/11,4:32:20,佐渡付近,37°54.1′N,137°44.6′E,24 km,4,震度１,37.90166667,137.7433333
2024/1/11,5:28:14,石川県能登地方,37°29.6′N,137°17.3′E,12 km,2.4,震度１,37.49333333,137.2883333
2024/1/11,6:31:55,石川県能登地方,37°12.3′N,136°44.0′E,7 km,2.9,震度１,37.205,136.7333333
2024/1/11,6:54:59,能登半島沖,37°34.4′N,137°24.3′E,12 km,3.3,震度１,37.57333333,137.405
2024/1/11,7:57:49,石川県能登地方,37°29.6′N,137°11.6′E,10 km,3.3,震度２,37.49333333,137.1933333
2024/1/11,10:56:04,石川県能登地方,37°09.9′N,136°45.0′E,3 km,2.9,震度２,37.165,136.75
2024/1/11,11:31:37,石川県能登地方,37°30.3′N,137°18.8′E,11 km,2.2,震度１,37.505,137.3133333
2024/1/11,12:21:56,石川県能登地方,37°10.7′N,136°46.2′E,8 km,3,震度１,37.17833333,136.77
2024/1/11,13:30:50,石川県能登地方,37°21.1′N,136°49.2′E,8 km,3.6,震度２,37.35166667,136.82
2024/1/11,13:43:45,石川県能登地方,37°29.4′N,137°11.4′E,11 km,2.9,震度１,37.49,137.19
2024/1/11,14:39:04,石川県能登地方,37°20.7′N,136°55.0′E,12 km,2.6,震度１,37.345,136.9166667
2024/1/11,14:47:10,石川県能登地方,37°12.0′N,136°50.2′E,11 km,2.3,震度１,37.2,136.8366667
2024/1/11,16:33:20,石川県能登地方,37°23.4′N,136°51.8′E,12 km,3.6,震度２,37.39,136.8633333
2024/1/11,17:03:13,能登半島沖,37°07.7′N,136°42.4′E,4 km,1.7,震度１,37.12833333,136.7066667
2024/1/11,17:31:48,宗谷地方北部,45°02.2′N,141°56.5′E,12 km,2.4,震度２,45.03666667,141.9416667
2024/1/11,17:59:05,石川県能登地方,37°21.8′N,137°02.1′E,14 km,3.9,震度３,37.36333333,137.035
2024/1/11,19:14:00,石川県能登地方,37°23.8′N,136°52.7′E,10 km,3.3,震度３,37.39666667,136.8783333
2024/1/11,19:15:58,石川県能登地方,37°24.9′N,136°53.1′E,9 km,2,震度１,37.415,136.885
2024/1/11,19:21:20,石川県能登地方,37°24.5′N,136°52.2′E,10 km,2.3,震度２,37.40833333,136.87
2024/1/11,19:48:46,日高地方西部,42°44.3′N,142°28.2′E,12 km,3.7,震度２,42.73833333,142.47
2024/1/11,21:24:00,天草灘,32°08.2′N,130°03.7′E,10 km,3.4,震度２,32.13666667,130.0616667
2024/1/11,21:25:15,天草灘,32°08.1′N,130°03.6′E,9 km,2.8,震度１,32.135,130.06
2024/1/11,21:43:43,天草灘,32°08.3′N,130°03.8′E,9 km,2.7,震度１,32.13833333,130.0633333
2024/1/11,22:44:57,石川県能登地方,37°09.9′N,136°41.9′E,6 km,2.4,震度１,37.165,136.6983333
2024/1/11,23:35:50,石川県能登地方,37°10.9′N,136°43.9′E,4 km,2.8,震度１,37.18166667,136.7316667
2024/1/12,1:33:14,能登半島沖,37°12.5′N,136°41.9′E,2 km,3.4,震度２,37.20833333,136.6983333
2024/1/12,4:05:19,石川県能登地方,37°28.5′N,137°16.4′E,13 km,2.6,震度１,37.475,137.2733333
2024/1/12,5:06:07,能登半島沖,37°25.3′N,136°53.4′E,11 km,1.7,震度１,37.42166667,136.89
2024/1/12,5:24:14,石川県能登地方,37°22.2′N,136°57.1′E,11 km,2.9,震度１,37.37,136.9516667
2024/1/12,5:31:36,石川県能登地方,37°22.9′N,136°51.8′E,8 km,2.5,震度１,37.38166667,136.8633333
2024/1/12,5:54:29,新潟県上中越沖,37°36.9′N,137°33.7′E,16 km,4.2,震度１,37.615,137.5616667
2024/1/12,7:23:22,石川県能登地方,37°24.5′N,136°53.9′E,11 km,2.9,震度２,37.40833333,136.8983333
2024/1/12,7:29:34,石川県能登地方,37°24.8′N,136°54.1′E,10 km,2,震度１,37.41333333,136.9016667
2024/1/12,7:35:14,石川県能登地方,37°21.2′N,136°55.5′E,10 km,2.7,震度１,37.35333333,136.925
2024/1/12,8:04:03,石川県能登地方,37°20.6′N,136°51.2′E,12 km,3,震度１,37.34333333,136.8533333
2024/1/12,8:24:33,石川県能登地方,37°21.6′N,136°59.3′E,11 km,2.5,震度１,37.36,136.9883333
2024/1/12,9:13:50,釧路地方北部,43°35.4′N,144°22.2′E,1 km,1.7,震度１,43.59,144.37
2024/1/12,10:33:10,石川県能登地方,37°14.3′N,136°50.2′E,12 km,2.7,震度１,37.23833333,136.8366667
2024/1/12,10:58:56,石川県能登地方,37°12.1′N,136°45.1′E,5 km,3.2,震度１,37.20166667,136.7516667
2024/1/12,11:15:00,石川県能登地方,37°12.3′N,136°43.2′E,3 km,3,震度１,37.205,136.72
2024/1/12,12:04:10,石川県能登地方,37°20.9′N,136°46.4′E,8 km,2.9,震度１,37.34833333,136.7733333
2024/1/12,13:21:45,能登半島沖,37°11.7′N,136°40.9′E,6 km,2.8,震度１,37.195,136.6816667
2024/1/12,14:10:46,能登半島沖,37°06.9′N,136°39.0′E,5 km,2.3,震度１,37.115,136.65
2024/1/12,14:27:13,能登半島沖,37°31.3′N,137°13.2′E,7 km,2.5,震度１,37.52166667,137.22
2024/1/12,14:35:23,能登半島沖,37°10.4′N,136°38.4′E,5 km,2.1,震度１,37.17333333,136.64
2024/1/12,15:15:58,石川県能登地方,37°21.5′N,136°58.3′E,13 km,2.9,震度１,37.35833333,136.9716667
2024/1/12,16:01:03,石川県能登地方,37°09.7′N,136°43.7′E,2 km,3.6,震度３,37.16166667,136.7283333
2024/1/12,16:05:59,能登半島沖,37°08.7′N,136°39.4′E,4 km,1.6,震度１,37.145,136.6566667
2024/1/12,16:21:05,石川県能登地方,37°22.8′N,136°52.8′E,9 km,1.8,震度１,37.38,136.88
2024/1/12,17:29:10,石川県能登地方,37°27.7′N,137°15.9′E,13 km,4.5,震度３,37.46166667,137.265
2024/1/12,17:39:33,石川県能登地方,37°27.6′N,137°15.4′E,13 km,2.7,震度１,37.46,137.2566667
2024/1/12,17:45:47,石川県能登地方,37°27.7′N,137°16.0′E,12 km,2.4,震度１,37.46166667,137.2666667
2024/1/12,19:19:28,石川県能登地方,37°12.4′N,136°43.8′E,5 km,3.1,震度１,37.20666667,136.73
2024/1/12,21:10:23,石川県能登地方,37°10.0′N,136°45.0′E,5 km,4.5,震度４,37.16666667,136.75
2024/1/12,21:17:48,石川県能登地方,37°10.1′N,136°43.7′E,6 km,2.8,震度１,37.16833333,136.7283333
2024/1/12,22:20:04,石川県能登地方,37°28.6′N,137°16.5′E,13 km,2.8,震度１,37.47666667,137.275
2024/1/12,22:35:04,石川県能登地方,37°09.9′N,136°45.1′E,4 km,2.3,震度１,37.165,136.7516667
2024/1/12,23:35:49,石川県能登地方,37°23.0′N,137°04.9′E,12 km,3,震度１,37.38333333,137.0816667
2024/1/13,3:15:18,石川県能登地方,37°23.7′N,136°53.4′E,10 km,2,震度１,37.395,136.89
2024/1/13,3:31:05,石川県能登地方,37°10.1′N,136°45.0′E,4 km,2.6,震度１,37.16833333,136.75
2024/1/13,4:04:30,石川県能登地方,37°10.1′N,136°44.7′E,5 km,4.3,震度４,37.16833333,136.745
2024/1/13,4:10:04,石川県能登地方,37°21.6′N,137°02.3′E,11 km,3.4,震度２,37.36,137.0383333
2024/1/13,5:41:44,石川県能登地方,37°18.7′N,136°45.6′E,5 km,2.8,震度１,37.31166667,136.76
2024/1/13,7:51:25,石川県能登地方,37°22.7′N,136°55.8′E,12 km,3.5,震度２,37.37833333,136.93
2024/1/13,8:56:52,能登半島沖,37°12.7′N,136°40.5′E,9 km,3.4,震度１,37.21166667,136.675
2024/1/13,9:20:58,佐渡付近,37°44.8′N,137°38.0′E,21 km,3.9,震度１,37.74666667,137.6333333
2024/1/13,10:57:08,石川県能登地方,37°29.8′N,137°15.8′E,14 km,2.2,震度１,37.49666667,137.2633333
2024/1/13,11:00:52,石川県能登地方,37°22.1′N,136°58.8′E,11 km,2.8,震度１,37.36833333,136.98
2024/1/13,11:06:05,石川県能登地方,37°21.9′N,136°59.9′E,10 km,2.9,震度１,37.365,136.9983333
2024/1/13,13:47:20,石垣島近海,24°29.6′N,124°05.8′E,49 km,4.7,震度３,24.49333333,124.0966667
2024/1/13,14:29:42,能登半島沖,37°33.8′N,137°22.6′E,9 km,3.1,震度１,37.56333333,137.3766667
2024/1/13,15:35:39,能登半島沖,37°32.0′N,137°18.1′E,9 km,2.4,震度１,37.53333333,137.3016667
2024/1/13,15:51:22,釧路地方北部,43°35.8′N,144°23.0′E,0 km,1.5,震度１,43.59666667,144.3833333
2024/1/13,15:55:59,釧路地方北部,43°35.9′N,144°22.4′E,0 km,4,震度４,43.59833333,144.3733333
2024/1/13,15:58:25,釧路地方北部,43°36.0′N,144°22.8′E,2 km,1.9,震度２,43.6,144.38
2024/1/13,16:44:21,釧路地方北部,43°36.2′N,144°22.3′E,1 km,2.1,震度２,43.60333333,144.3716667
2024/1/13,17:03:00,能登半島沖,37°07.8′N,136°42.6′E,2 km,2.3,震度２,37.13,136.71
2024/1/13,18:28:04,石川県能登地方,37°15.4′N,136°46.7′E,6 km,3.2,震度１,37.25666667,136.7783333
2024/1/13,21:37:40,石川県能登地方,37°11.3′N,136°48.4′E,10 km,2.6,震度１,37.18833333,136.8066667
2024/1/13,21:52:24,能登半島沖,37°08.2′N,136°41.7′E,5 km,1.9,震度１,37.13666667,136.695
2024/1/13,22:36:38,石川県能登地方,37°22.9′N,136°50.6′E,9 km,2,震度１,37.38166667,136.8433333
2024/1/13,23:41:18,石川県能登地方,37°21.6′N,137°02.8′E,12 km,3.5,震度１,37.36,137.0466667
2024/1/13,23:55:33,石川県能登地方,37°09.8′N,136°46.1′E,7 km,2.7,震度１,37.16333333,136.7683333
2024/1/14,0:01:31,石川県能登地方,37°10.9′N,136°50.0′E,11 km,4.3,震度３,37.18166667,136.8333333
2024/1/14,0:19:44,北海道西方沖,44°17.4′N,141°36.3′E,0 km,1.6,震度１,44.29,141.605
2024/1/14,1:19:23,有明海,32°50.5′N,130°33.9′E,13 km,2.6,震度１,32.84166667,130.565
2024/1/14,1:21:50,石川県能登地方,37°09.9′N,136°44.0′E,3 km,1.7,震度１,37.165,136.7333333
2024/1/14,1:36:22,福島県浜通り,37°04.0′N,140°40.8′E,9 km,4,震度３,37.06666667,140.68
2024/1/14,2:42:05,茨城県沖,36°28.0′N,141°06.5′E,43 km,3.7,震度２,36.46666667,141.1083333
2024/1/14,3:56:00,能登半島沖,37°07.4′N,136°37.9′E,7 km,2.8,震度２,37.12333333,136.6316667
2024/1/14,4:10:37,石川県能登地方,37°25.0′N,137°01.1′E,10 km,3.3,震度２,37.41666667,137.0183333
2024/1/14,4:45:53,能登半島沖,37°13.2′N,136°41.5′E,5 km,3.1,震度１,37.22,136.6916667
2024/1/14,5:08:14,石川県能登地方,37°23.0′N,136°50.7′E,7 km,2.5,震度１,37.38333333,136.845
2024/1/14,7:42:42,石川県能登地方,37°10.4′N,136°47.0′E,8 km,2.9,震度１,37.17333333,136.7833333
2024/1/14,7:49:41,能登半島沖,37°07.8′N,136°41.4′E,5 km,2.7,震度１,37.13,136.69
2024/1/14,12:03:26,トカラ列島近海,29°17.2′N,129°09.7′E,12 km,2.4,震度１,29.28666667,129.1616667
2024/1/14,12:24:22,秋田県内陸北部,40°06.0′N,140°38.3′E,6 km,3.8,震度３,40.1,140.6383333
2024/1/14,12:38:39,石川県能登地方,37°09.8′N,136°44.8′E,5 km,2.4,震度１,37.16333333,136.7466667
2024/1/14,13:39:08,能登半島沖,37°08.8′N,136°41.6′E,8 km,2.5,震度１,37.14666667,136.6933333
2024/1/14,16:01:59,石川県能登地方,37°27.0′N,137°19.5′E,14 km,3,震度１,37.45,137.325
2024/1/14,16:58:47,石川県能登地方,37°22.2′N,136°57.0′E,12 km,2.6,震度１,37.37,136.95
2024/1/14,17:26:52,能登半島沖,37°07.1′N,136°41.8′E,5 km,2.4,震度１,37.11833333,136.6966667
2024/1/14,17:46:26,石川県能登地方,37°23.2′N,136°52.0′E,8 km,2.1,震度１,37.38666667,136.8666667
2024/1/14,18:16:02,能登半島沖,37°06.1′N,136°36.8′E,7 km,2.5,震度２,37.10166667,136.6133333
2024/1/14,18:23:04,富山湾,37°26.9′N,137°18.4′E,15 km,3.2,震度２,37.44833333,137.3066667
2024/1/14,18:39:31,石川県能登地方,37°23.6′N,136°52.4′E,8 km,1.8,震度１,37.39333333,136.8733333
2024/1/14,19:34:52,能登半島沖,37°13.6′N,136°40.9′E,7 km,2.9,震度１,37.22666667,136.6816667
2024/1/14,21:13:33,能登半島沖,37°36.0′N,137°21.5′E,9 km,3,震度１,37.6,137.3583333
2024/1/14,21:42:34,石川県能登地方,37°20.6′N,137°03.6′E,14 km,3.4,震度１,37.34333333,137.06
2024/1/14,22:26:20,石川県西方沖,37°04.6′N,136°29.4′E,1 km,3.5,震度１,37.07666667,136.49
2024/1/15,0:40:21,石川県能登地方,37°09.7′N,136°43.5′E,6 km,3.1,震度２,37.16166667,136.725
2024/1/15,1:11:00,石川県能登地方,37°13.8′N,136°48.6′E,7 km,3.5,震度２,37.23,136.81
2024/1/15,3:33:56,埼玉県北部,36°04.0′N,139°39.7′E,62 km,3.3,震度１,36.06666667,139.6616667
2024/1/15,5:12:56,石川県能登地方,37°28.6′N,137°16.6′E,13 km,2.4,震度１,37.47666667,137.2766667
2024/1/15,7:16:42,石川県能登地方,37°10.4′N,136°43.1′E,4 km,1.6,震度１,37.17333333,136.7183333
2024/1/15,8:36:33,能登半島沖,37°09.5′N,136°40.6′E,3 km,2,震度２,37.15833333,136.6766667
2024/1/15,9:09:05,石川県能登地方,37°28.8′N,137°17.4′E,12 km,3.2,震度２,37.48,137.29
2024/1/15,9:14:02,薩摩半島西方沖,31°27.1′N,130°06.8′E,4 km,2.8,震度１,31.45166667,130.1133333
2024/1/15,9:19:05,能登半島沖,37°06.6′N,136°36.4′E,8 km,2.7,震度２,37.11,136.6066667
2024/1/15,9:59:02,石川県能登地方,37°15.9′N,136°51.0′E,8 km,3.3,震度２,37.265,136.85
2024/1/15,12:29:37,能登半島沖,37°36.0′N,137°21.0′E,9 km,3.5,震度１,37.6,137.35
2024/1/15,15:16:25,石川県能登地方,37°13.9′N,136°48.5′E,7 km,3.3,震度２,37.23166667,136.8083333
2024/1/15,15:37:28,石川県能登地方,37°13.0′N,136°47.7′E,8 km,3.5,震度１,37.21666667,136.795
2024/1/15,16:52:21,能登半島沖,37°10.3′N,136°40.8′E,5 km,2.1,震度１,37.17166667,136.68
2024/1/15,17:09:44,長野県中部,36°11.7′N,138°00.2′E,6 km,2.7,震度１,36.195,138.0033333
2024/1/15,17:50:17,石川県能登地方,37°27.6′N,137°17.7′E,13 km,2.2,震度１,37.46,137.295
2024/1/15,18:15:01,石川県能登地方,37°20.7′N,136°50.7′E,12 km,3.4,震度２,37.345,136.845
2024/1/15,18:37:43,岐阜県美濃中西部,35°20.3′N,136°37.0′E,18 km,2.9,震度１,35.33833333,136.6166667
2024/1/15,18:48:35,石川県能登地方,37°22.8′N,137°06.5′E,13 km,3,震度１,37.38,137.1083333
2024/1/15,21:20:35,長野県北部,36°46.9′N,138°31.7′E,2 km,2.9,震度２,36.78166667,138.5283333
2024/1/15,23:17:31,宮城県沖,38°40.9′N,141°40.9′E,64 km,2.9,震度１,38.68166667,141.6816667
2024/1/16,0:19:35,石川県能登地方,37°13.8′N,136°48.9′E,10 km,2.9,震度１,37.23,136.815
2024/1/16,0:57:06,石川県能登地方,37°08.2′N,136°44.3′E,0 km,2,震度２,37.13666667,136.7383333
2024/1/16,2:22:10,石川県加賀地方,36°13.6′N,136°30.2′E,10 km,3.1,震度１,36.22666667,136.5033333
2024/1/16,4:11:32,石川県能登地方,37°11.3′N,136°50.3′E,10 km,3.6,震度３,37.18833333,136.8383333
2024/1/16,4:39:44,石川県能登地方,37°23.9′N,136°57.0′E,10 km,2.9,震度２,37.39833333,136.95
2024/1/16,6:52:23,石川県能登地方,37°09.2′N,136°41.1′E,2 km,1.7,震度１,37.15333333,136.685
2024/1/16,8:38:25,石川県能登地方,37°10.1′N,136°41.6′E,3 km,2.8,震度２,37.16833333,136.6933333
2024/1/16,11:51:36,能登半島沖,37°32.5′N,137°14.8′E,13 km,2.6,震度１,37.54166667,137.2466667
2024/1/16,13:01:30,富山湾,37°22.4′N,137°17.1′E,13 km,2.9,震度１,37.37333333,137.285
2024/1/16,13:54:12,石川県能登地方,37°25.6′N,137°12.5′E,11 km,3,震度１,37.42666667,137.2083333
2024/1/16,15:53:04,石川県能登地方,37°13.0′N,136°50.7′E,1 km,2,震度１,37.21666667,136.845
2024/1/16,15:56:38,石川県能登地方,37°24.1′N,137°09.4′E,6 km,2.6,震度１,37.40166667,137.1566667
2024/1/16,18:17:42,石川県能登地方,37°13.1′N,136°42.4′E,5 km,3.3,震度１,37.21833333,136.7066667
2024/1/16,18:42:16,石川県能登地方,37°11.1′N,136°45.1′E,3 km,4.8,震度５弱,37.185,136.7516667
2024/1/16,18:43:26,石川県能登地方,37°10.3′N,136°44.6′E,4 km,4.4,震度４,37.17166667,136.7433333
2024/1/16,18:45:30,石川県能登地方,37°09.7′N,136°44.4′E,5 km,1.9,震度１,37.16166667,136.74
2024/1/16,18:46:50,石川県能登地方,37°10.0′N,136°45.7′E,1 km,2.7,震度１,37.16666667,136.7616667
2024/1/16,18:48:02,石川県能登地方,37°09.8′N,136°44.3′E,5 km,2.4,震度１,37.16333333,136.7383333
2024/1/16,18:50:02,石川県能登地方,37°10.9′N,136°44.4′E,4 km,2,震度１,37.18166667,136.74
2024/1/16,19:01:10,石川県能登地方,37°11.1′N,136°45.2′E,6 km,2.8,震度１,37.185,136.7533333
2024/1/16,19:08:14,能登半島沖,37°27.2′N,136°59.5′E,15 km,3,震度１,37.45333333,136.9916667
2024/1/16,19:54:34,石川県能登地方,37°10.1′N,136°45.0′E,3 km,2,震度１,37.16833333,136.75
2024/1/16,20:13:49,宗谷地方北部,45°02.6′N,141°43.2′E,13 km,2.6,震度１,45.04333333,141.72
2024/1/16,21:13:55,石川県能登地方,37°10.1′N,136°44.1′E,3 km,3,震度２,37.16833333,136.735
2024/1/16,22:02:19,石川県能登地方,37°27.9′N,137°08.5′E,12 km,3.7,震度３,37.465,137.1416667
2024/1/16,22:48:48,石川県能登地方,37°24.8′N,136°52.9′E,10 km,1.9,震度１,37.41333333,136.8816667
2024/1/17,0:38:21,能登半島沖,37°09.8′N,136°39.5′E,1 km,2.3,震度１,37.16333333,136.6583333
2024/1/17,4:01:54,石川県能登地方,37°20.7′N,136°51.5′E,11 km,3.6,震度３,37.345,136.8583333
2024/1/17,4:04:08,石川県能登地方,37°09.9′N,136°45.7′E,2 km,2.5,震度１,37.165,136.7616667
2024/1/17,4:48:17,秋田県内陸北部,40°05.9′N,140°38.1′E,6 km,3,震度１,40.09833333,140.635
2024/1/17,4:51:20,北海道東方沖,43°12.0′N,147°00.0′E,68 km,4.5,震度１,43.2,147
2024/1/17,7:38:58,三宅島近海,33°49.2′N,139°23.9′E,20 km,4,震度２,33.82,139.3983333
2024/1/17,7:52:21,能登半島沖,37°30.3′N,137°10.5′E,9 km,2.1,震度１,37.505,137.175
2024/1/17,8:32:08,石川県能登地方,37°09.9′N,136°41.0′E,3 km,1.4,震度１,37.165,136.6833333
2024/1/17,12:44:24,石川県能登地方,37°23.3′N,136°53.6′E,9 km,1.8,震度１,37.38833333,136.8933333
2024/1/17,13:16:09,石川県能登地方,37°22.9′N,136°53.8′E,7 km,1.7,震度１,37.38166667,136.8966667
2024/1/17,14:04:32,石川県能登地方,37°28.3′N,137°09.5′E,11 km,2.8,震度１,37.47166667,137.1583333
2024/1/17,14:36:16,石川県能登地方,37°28.1′N,137°08.4′E,11 km,2.7,震度２,37.46833333,137.14
2024/1/17,14:36:45,石川県能登地方,37°11.3′N,136°43.3′E,2 km,1.8,震度１,37.18833333,136.7216667
2024/1/17,15:07:19,能登半島沖,37°30.9′N,137°11.5′E,7 km,3.1,震度３,37.515,137.1916667
2024/1/17,16:53:06,石川県能登地方,37°27.6′N,137°09.5′E,12 km,2.8,震度１,37.46,137.1583333
2024/1/17,17:45:03,石川県能登地方,37°11.7′N,136°49.8′E,11 km,3.2,震度２,37.195,136.83
2024/1/17,18:32:34,石川県能登地方,37°22.3′N,136°57.9′E,12 km,3.2,震度１,37.37166667,136.965
2024/1/17,18:52:33,石川県能登地方,37°14.5′N,136°50.7′E,12 km,2.7,震度１,37.24166667,136.845
2024/1/17,20:00:36,石川県能登地方,37°27.1′N,137°08.8′E,10 km,2.7,震度１,37.45166667,137.1466667
2024/1/17,23:09:11,石川県能登地方,37°22.3′N,136°57.2′E,11 km,2.6,震度１,37.37166667,136.9533333
2024/1/18,0:01:37,石川県能登地方,37°22.7′N,136°52.3′E,9 km,2.3,震度１,37.37833333,136.8716667
2024/1/18,6:10:28,石川県能登地方,37°10.1′N,136°43.5′E,4 km,2.1,震度１,37.16833333,136.725
2024/1/18,6:39:36,石川県能登地方,37°23.4′N,136°54.3′E,10 km,2.4,震度１,37.39,136.905
2024/1/18,10:26:37,石川県能登地方,37°23.4′N,136°54.8′E,9 km,2,震度１,37.39,136.9133333
2024/1/18,10:51:38,佐渡付近,37°48.5′N,137°41.6′E,22 km,4.2,震度１,37.80833333,137.6933333
2024/1/18,12:04:27,石川県能登地方,37°22.3′N,136°55.8′E,10 km,2.8,震度１,37.37166667,136.93
2024/1/18,12:37:20,石川県能登地方,37°22.6′N,136°53.1′E,10 km,2.9,震度２,37.37666667,136.885
2024/1/18,14:25:58,能登半島沖,37°08.1′N,136°40.6′E,8 km,2.8,震度１,37.135,136.6766667
2024/1/18,14:36:24,石川県能登地方,37°22.0′N,136°51.1′E,10 km,2.7,震度１,37.36666667,136.8516667
2024/1/18,14:37:40,石川県能登地方,37°11.8′N,136°48.6′E,9 km,2.9,震度１,37.19666667,136.81
2024/1/18,17:31:07,石川県能登地方,37°23.4′N,136°59.2′E,12 km,3.5,震度２,37.39,136.9866667
2024/1/19,1:03:46,紀伊水道,34°12.3′N,135°06.8′E,8 km,2.6,震度１,34.205,135.1133333
2024/1/19,3:04:39,石川県能登地方,37°22.2′N,137°00.6′E,11 km,4.4,震度４,37.37,137.01
2024/1/19,3:35:09,石川県能登地方,37°22.5′N,136°53.2′E,8 km,1.5,震度１,37.375,136.8866667
2024/1/19,4:40:13,能登半島沖,37°08.8′N,136°43.0′E,3 km,2.9,震度３,37.14666667,136.7166667
2024/1/19,5:08:47,能登半島沖,37°10.8′N,136°38.7′E,3 km,2.1,震度１,37.18,136.645
2024/1/19,6:17:42,青森県東方沖,40°44.3′N,142°09.1′E,55 km,3.3,震度１,40.73833333,142.1516667
2024/1/19,6:51:59,石川県能登地方,37°22.5′N,137°00.0′E,10 km,3,震度１,37.375,137
2024/1/19,7:06:09,能登半島沖,37°08.1′N,136°42.6′E,7 km,4.2,震度４,37.135,136.71
2024/1/19,8:03:17,石川県能登地方,37°12.2′N,136°44.0′E,10 km,3.1,震度１,37.20333333,136.7333333
2024/1/19,8:32:13,能登半島沖,37°32.9′N,137°20.2′E,10 km,2.7,震度１,37.54833333,137.3366667
2024/1/19,8:35:50,能登半島沖,37°08.4′N,136°43.3′E,3 km,1.5,震度１,37.14,136.7216667
2024/1/19,9:32:39,石川県能登地方,37°12.3′N,136°45.3′E,6 km,2.7,震度１,37.205,136.755
2024/1/19,12:02:47,石川県能登地方,37°22.1′N,137°05.4′E,14 km,4.1,震度２,37.36833333,137.09
2024/1/19,15:43:27,千葉県北東部,35°43.0′N,140°41.7′E,51 km,3.8,震度２,35.71666667,140.695
2024/1/19,15:48:34,石川県能登地方,37°27.0′N,137°10.9′E,13 km,3.9,震度３,37.45,137.1816667
2024/1/19,17:21:19,石川県能登地方,37°23.6′N,136°50.2′E,10 km,2,震度１,37.39333333,136.8366667
2024/1/19,17:24:39,能登半島沖,37°08.2′N,136°41.0′E,4 km,1.9,震度１,37.13666667,136.6833333
2024/1/19,18:30:37,石川県能登地方,37°24.9′N,137°02.1′E,12 km,3.3,震度１,37.415,137.035
2024/1/19,18:38:10,石川県能登地方,37°16.7′N,136°46.2′E,3 km,2.3,震度１,37.27833333,136.77
2024/1/19,19:31:16,石川県能登地方,37°27.9′N,137°08.3′E,11 km,2.4,震度１,37.465,137.1383333
2024/1/19,20:22:35,新潟県上中越沖,37°34.8′N,137°31.3′E,18 km,4.2,震度２,37.58,137.5216667
2024/1/19,20:43:00,能登半島沖,37°12.2′N,136°41.3′E,7 km,2.5,震度１,37.20333333,136.6883333
2024/1/19,21:19:14,沖縄本島近海,26°19.2′N,127°21.6′E,53 km,3.5,震度１,26.32,127.36
2024/1/19,21:43:54,石川県能登地方,37°22.9′N,136°49.8′E,9 km,2.4,震度１,37.38166667,136.83
2024/1/19,22:06:14,佐渡付近,37°54.9′N,137°45.0′E,26 km,4,震度２,37.915,137.75
2024/1/20,0:43:23,陸奥湾,41°04.5′N,141°13.5′E,0 km,1.4,震度１,41.075,141.225
2024/1/20,2:52:37,石川県能登地方,37°23.1′N,136°53.3′E,8 km,2.2,震度２,37.385,136.8883333
2024/1/20,4:20:46,石川県能登地方,37°22.8′N,136°52.5′E,9 km,1.2,震度１,37.38,136.875
2024/1/20,5:07:56,石川県能登地方,37°29.2′N,137°15.8′E,11 km,2.9,震度１,37.48666667,137.2633333
2024/1/20,5:41:38,十勝沖,41°58.0′N,143°39.3′E,0 km,3.7,震度１,41.96666667,143.655
2024/1/20,6:59:40,沖縄本島近海,26°18.8′N,127°21.3′E,53 km,4.1,震度２,26.31333333,127.355
2024/1/20,9:54:43,石川県能登地方,37°10.5′N,136°49.7′E,10 km,2.7,震度１,37.175,136.8283333
2024/1/20,11:08:20,石川県能登地方,37°09.5′N,136°44.6′E,2 km,2.3,震度１,37.15833333,136.7433333
2024/1/20,11:17:46,石川県能登地方,37°22.3′N,137°01.9′E,13 km,3,震度１,37.37166667,137.0316667
2024/1/20,14:19:10,能登半島沖,37°30.6′N,137°10.6′E,7 km,2.1,震度１,37.51,137.1766667
2024/1/20,14:58:00,トカラ列島近海,29°55.7′N,130°00.7′E,10 km,2.2,震度１,29.92833333,130.0116667
2024/1/20,15:40:41,石川県能登地方,37°23.7′N,136°52.0′E,8 km,2.2,震度１,37.395,136.8666667
2024/1/20,15:59:29,石川県能登地方,37°18.0′N,136°53.2′E,13 km,3.3,震度１,37.3,136.8866667
2024/1/20,22:28:01,宮古島近海,24°12.1′N,125°09.9′E,20 km,4.3,震度１,24.20166667,125.165
2024/1/20,22:35:03,石川県能登地方,37°14.5′N,136°48.6′E,11 km,3.3,震度１,37.24166667,136.81
2024/1/21,0:52:28,能登半島沖,37°09.0′N,136°39.6′E,4 km,1.4,震度１,37.15,136.66
2024/1/21,2:08:16,熊本県熊本地方,32°36.5′N,131°01.6′E,15 km,3,震度１,32.60833333,131.0266667
2024/1/21,3:01:22,石川県能登地方,37°12.6′N,136°51.4′E,11 km,3,震度１,37.21,136.8566667
2024/1/21,4:07:36,石川県能登地方,37°13.6′N,136°48.1′E,10 km,3.1,震度１,37.22666667,136.8016667
2024/1/21,4:13:54,茨城県南部,36°08.7′N,139°51.3′E,50 km,3,震度１,36.145,139.855
2024/1/21,12:26:17,能登半島沖,37°07.4′N,136°41.7′E,6 km,2.8,震度２,37.12333333,136.695
2024/1/21,13:57:31,豊後水道,33°09.0′N,131°59.1′E,51 km,3.4,震度１,33.15,131.985
2024/1/21,14:49:48,石川県能登地方,37°22.5′N,136°59.3′E,10 km,2.2,震度１,37.375,136.9883333
2024/1/21,18:43:20,石川県能登地方,37°20.4′N,136°58.1′E,11 km,2.8,震度１,37.34,136.9683333
2024/1/21,19:02:05,瀬戸内海中部,34°04.2′N,133°26.0′E,15 km,3.8,震度２,34.07,133.4333333
2024/1/22,3:27:11,石川県能登地方,37°09.1′N,136°42.5′E,7 km,2.8,震度１,37.15166667,136.7083333
2024/1/22,4:45:58,能登半島沖,37°07.7′N,136°40.5′E,7 km,2.6,震度１,37.12833333,136.675
2024/1/22,6:30:20,三陸沖,39°51.0′N,143°07.7′E,19 km,4.7,震度１,39.85,143.1283333
2024/1/22,8:27:04,岩手県内陸北部,40°09.6′N,141°08.3′E,6 km,2.5,震度１,40.16,141.1383333
2024/1/22,12:09:09,能登半島沖,37°22.9′N,136°43.1′E,13 km,3.6,震度１,37.38166667,136.7183333
2024/1/22,14:32:04,能登半島沖,37°09.1′N,136°39.6′E,8 km,2.6,震度１,37.15166667,136.66
2024/1/22,16:00:37,能登半島沖,37°26.3′N,136°38.2′E,8 km,4,震度２,37.43833333,136.6366667
2024/1/22,16:07:10,石川県能登地方,37°10.1′N,136°41.9′E,4 km,3,震度３,37.16833333,136.6983333
2024/1/22,16:24:16,石川県能登地方,37°10.1′N,136°42.1′E,3 km,2.2,震度１,37.16833333,136.7016667
2024/1/22,16:56:11,能登半島沖,37°31.4′N,137°14.6′E,12 km,2.6,震度１,37.52333333,137.2433333
2024/1/22,17:03:32,石川県能登地方,37°22.3′N,136°55.6′E,10 km,3.1,震度２,37.37166667,136.9266667
2024/1/22,19:31:33,石川県能登地方,37°22.6′N,136°52.7′E,7 km,1.7,震度１,37.37666667,136.8783333
2024/1/22,22:32:21,石川県能登地方,37°23.8′N,137°04.3′E,9 km,3,震度１,37.39666667,137.0716667
2024/1/22,22:54:11,茨城県沖,36°28.2′N,141°06.5′E,41 km,3.7,震度１,36.47,141.1083333
2024/1/23,1:30:37,石川県西方沖,36°59.9′N,136°22.7′E,11 km,3.1,震度１,36.99833333,136.3783333
2024/1/23,2:13:20,石川県能登地方,37°11.6′N,136°43.7′E,6 km,4.2,震度３,37.19333333,136.7283333
2024/1/23,4:22:16,岐阜県飛騨地方,36°03.5′N,137°34.9′E,5 km,2.7,震度１,36.05833333,137.5816667
2024/1/23,8:45:42,奈良県,34°17.4′N,135°43.9′E,64 km,4,震度２,34.29,135.7316667
2024/1/23,10:34:42,能登半島沖,37°09.0′N,136°38.5′E,4 km,2.5,震度１,37.15,136.6416667
2024/1/23,11:28:34,石川県能登地方,37°22.1′N,136°52.8′E,7 km,2.2,震度１,37.36833333,136.88
2024/1/23,13:40:08,石川県能登地方,37°10.1′N,136°41.1′E,2 km,3,震度３,37.16833333,136.685
2024/1/23,18:31:50,石川県能登地方,37°22.1′N,136°57.0′E,10 km,3.1,震度１,37.36833333,136.95
2024/1/23,19:17:15,石川県能登地方,37°23.6′N,136°56.8′E,7 km,2.9,震度１,37.39333333,136.9466667
2024/1/23,21:01:58,石川県能登地方,37°22.4′N,136°51.3′E,6 km,2.5,震度２,37.37333333,136.855
2024/1/24,0:22:27,硫黄島近海,25°23.3′N,141°05.2′E,132 km,5.4,震度２,25.38833333,141.0866667
2024/1/24,1:43:00,茨城県南部,36°13.3′N,139°47.9′E,57 km,2.9,震度１,36.22166667,139.7983333
2024/1/24,6:00:02,天草灘,32°30.0′N,129°44.3′E,11 km,2.5,震度１,32.5,129.7383333
2024/1/24,6:06:29,能登半島沖,37°09.2′N,136°40.4′E,6 km,3.3,震度３,37.15333333,136.6733333
2024/1/24,6:33:50,釧路沖,42°28.8′N,145°02.2′E,25 km,5.1,震度２,42.48,145.0366667
2024/1/24,13:18:51,石川県能登地方,37°20.2′N,136°57.7′E,10 km,3,震度１,37.33666667,136.9616667
2024/1/24,13:29:15,長野県中部,36°11.0′N,137°41.1′E,6 km,3.3,震度２,36.18333333,137.685
2024/1/24,15:56:21,天草灘,32°33.7′N,129°52.2′E,13 km,2.7,震度１,32.56166667,129.87
2024/1/24,19:33:56,長野県南部,35°56.0′N,137°33.9′E,4 km,3.3,震度２,35.93333333,137.565
2024/1/24,21:12:28,日向灘,31°50.5′N,132°08.2′E,27 km,4.1,震度１,31.84166667,132.1366667
2024/1/24,21:48:41,石川県能登地方,37°28.4′N,137°09.9′E,11 km,3.1,震度１,37.47333333,137.165
2024/1/24,22:48:20,能登半島沖,37°31.1′N,137°12.6′E,9 km,2.2,震度１,37.51833333,137.21
2024/1/24,23:06:10,福島県沖,37°18.0′N,141°36.2′E,42 km,3.4,震度１,37.3,141.6033333
2024/1/24,23:20:10,石川県能登地方,37°09.2′N,136°44.0′E,7 km,3.1,震度１,37.15333333,136.7333333
2024/1/24,23:23:19,和歌山県北部,34°07.8′N,135°11.5′E,6 km,2.8,震度２,34.13,135.1916667
2024/1/24,23:46:44,石川県能登地方,37°23.9′N,137°04.6′E,9 km,3.4,震度２,37.39833333,137.0766667
2024/1/25,2:35:36,岩手県沖,40°21.9′N,142°12.9′E,46 km,4,震度１,40.365,142.215
2024/1/25,9:24:49,石川県能登地方,37°28.8′N,137°16.7′E,13 km,3.2,震度２,37.48,137.2783333
2024/1/25,9:48:34,石川県能登地方,37°21.5′N,136°52.8′E,7 km,2.9,震度２,37.35833333,136.88
2024/1/25,11:15:50,石川県能登地方,37°17.5′N,136°46.0′E,12 km,3.7,震度２,37.29166667,136.7666667
2024/1/25,13:10:44,石川県能登地方,37°18.9′N,136°45.5′E,5 km,3.1,震度１,37.315,136.7583333
2024/1/25,13:29:47,根室半島南東沖,43°09.3′N,145°47.4′E,46 km,4.8,震度３,43.155,145.79
2024/1/25,14:52:00,石川県能登地方,37°22.4′N,136°53.4′E,0 km,1.5,震度１,37.37333333,136.89
2024/1/25,19:24:13,新潟県上中越沖,37°28.4′N,137°34.0′E,15 km,3.6,震度１,37.47333333,137.5666667
2024/1/25,23:11:08,宮城県沖,38°51.9′N,141°38.6′E,61 km,2.8,震度１,38.865,141.6433333
2024/1/26,6:35:56,石川県能登地方,37°27.8′N,137°11.3′E,11 km,2.5,震度１,37.46333333,137.1883333
2024/1/26,6:59:29,石川県能登地方,37°18.5′N,136°48.0′E,10 km,2.9,震度１,37.30833333,136.8
2024/1/26,9:32:39,石川県能登地方,37°20.0′N,136°50.6′E,0 km,4.3,震度３,37.33333333,136.8433333
2024/1/26,9:35:05,千葉県北東部,35°24.6′N,140°21.9′E,30 km,3.1,震度２,35.41,140.365
2024/1/26,9:38:42,千葉県北東部,35°25.0′N,140°21.9′E,28 km,2.3,震度１,35.41666667,140.365
2024/1/26,9:53:06,岩手県沖,40°21.7′N,142°12.3′E,46 km,3.7,震度１,40.36166667,142.205
2024/1/26,14:21:04,石川県能登地方,37°21.6′N,136°53.9′E,5 km,2.7,震度１,37.36,136.8983333
2024/1/26,14:40:04,能登半島沖,37°09.5′N,136°36.9′E,13 km,4.4,震度４,37.15833333,136.615
2024/1/26,16:34:35,石川県能登地方,37°27.2′N,137°12.0′E,12 km,2.5,震度１,37.45333333,137.2
2024/1/26,17:11:29,石川県能登地方,37°19.8′N,136°51.3′E,0 km,2.5,震度１,37.33,136.855
2024/1/26,17:27:36,東京都２３区,35°45.6′N,139°45.4′E,33 km,2.7,震度１,35.76,139.7566667
2024/1/26,17:31:25,石川県能登地方,37°10.3′N,136°41.8′E,3 km,1.7,震度１,37.17166667,136.6966667
2024/1/26,18:27:46,石川県能登地方,37°10.8′N,136°42.8′E,4 km,2.5,震度１,37.18,136.7133333
2024/1/26,23:06:07,沖縄本島近海,26°47.2′N,128°25.3′E,31 km,4.1,震度２,26.78666667,128.4216667
2024/1/26,23:51:58,石川県能登地方,37°20.3′N,136°49.3′E,10 km,3.3,震度１,37.33833333,136.8216667
2024/1/27,2:33:53,石川県能登地方,37°13.3′N,136°48.9′E,9 km,3.5,震度２,37.22166667,136.815
2024/1/27,4:29:33,福井県嶺北,35°57.4′N,136°38.0′E,9 km,2.3,震度１,35.95666667,136.6333333
2024/1/27,4:41:01,能登半島沖,37°07.3′N,136°43.5′E,6 km,2.5,震度１,37.12166667,136.725
2024/1/27,4:44:09,福島県沖,37°29.4′N,141°52.7′E,40 km,4.2,震度２,37.49,141.8783333
2024/1/27,4:53:28,石川県能登地方,37°11.0′N,136°48.2′E,8 km,3.5,震度１,37.18333333,136.8033333
2024/1/27,6:27:31,能登半島沖,37°05.4′N,136°37.1′E,9 km,2.5,震度１,37.09,136.6183333
2024/1/27,9:25:56,茨城県沖,36°28.8′N,141°12.7′E,37 km,4,震度１,36.48,141.2116667
2024/1/27,12:52:56,石川県能登地方,37°22.1′N,136°59.4′E,11 km,2.8,震度１,37.36833333,136.99
2024/1/27,14:10:20,石川県能登地方,37°11.1′N,136°41.2′E,3 km,1.8,震度１,37.185,136.6866667
2024/1/27,19:31:07,石川県能登地方,37°13.7′N,136°52.1′E,14 km,2.8,震度１,37.22833333,136.8683333
2024/1/28,1:38:47,父島近海,26°42.7′N,142°30.2′E,6 km,4,震度１,26.71166667,142.5033333
2024/1/28,2:44:08,石川県能登地方,37°22.2′N,136°55.0′E,7 km,2.4,震度１,37.37,136.9166667
2024/1/28,5:02:25,石川県能登地方,37°11.4′N,136°51.6′E,11 km,2.7,震度１,37.19,136.86
2024/1/28,8:59:29,東京湾,35°38.2′N,140°01.1′E,73 km,4.7,震度４,35.63666667,140.0183333
2024/1/28,9:13:04,石川県能登地方,37°09.6′N,136°42.5′E,5 km,2.5,震度１,37.16,136.7083333
2024/1/28,13:25:51,能登半島沖,37°31.2′N,137°11.5′E,9 km,2,震度１,37.52,137.1916667
2024/1/28,14:22:09,熊本県熊本地方,32°32.9′N,130°34.8′E,9 km,3,震度２,32.54833333,130.58
2024/1/28,19:17:27,石川県能登地方,37°27.2′N,137°11.8′E,12 km,2.6,震度１,37.45333333,137.1966667
2024/1/28,20:16:45,石川県能登地方,37°10.1′N,136°43.3′E,4 km,2.6,震度１,37.16833333,136.7216667
2024/1/28,22:38:31,能登半島沖,37°25.0′N,136°59.0′E,6 km,2.6,震度１,37.41666667,136.9833333
2024/1/28,23:48:56,奈良県,34°17.3′N,135°42.9′E,60 km,3.6,震度２,34.28833333,135.715
2024/1/29,1:35:32,能登半島沖,37°31.3′N,137°14.4′E,10 km,2.8,震度１,37.52166667,137.24
2024/1/29,2:30:03,熊本県熊本地方,32°41.0′N,130°42.4′E,13 km,2.3,震度１,32.68333333,130.7066667
2024/1/29,3:57:54,石川県能登地方,37°11.5′N,136°45.8′E,7 km,3.2,震度１,37.19166667,136.7633333
2024/1/29,6:29:07,石川県能登地方,37°20.8′N,136°59.1′E,11 km,3,震度１,37.34666667,136.985
2024/1/29,7:59:04,佐渡付近,37°48.9′N,137°51.4′E,18 km,3.7,震度１,37.815,137.8566667
2024/1/29,15:56:47,石川県能登地方,37°11.1′N,136°42.2′E,3 km,2,震度１,37.185,136.7033333
2024/1/29,16:18:56,石川県能登地方,37°10.2′N,136°45.5′E,6 km,2.8,震度１,37.17,136.7583333
2024/1/29,16:26:57,佐渡付近,37°54.3′N,137°43.8′E,22 km,3.9,震度１,37.905,137.73
2024/1/29,22:43:05,石川県能登地方,37°09.9′N,136°50.4′E,11 km,3.1,震度１,37.165,136.84
2024/1/30,0:01:30,熊本県熊本地方,32°39.0′N,130°41.1′E,12 km,3.1,震度２,32.65,130.685
2024/1/30,0:19:19,浦河沖,41°57.5′N,142°19.9′E,70 km,4.1,震度１,41.95833333,142.3316667
2024/1/30,4:01:38,石川県能登地方,37°08.7′N,136°44.6′E,8 km,2.7,震度１,37.145,136.7433333
2024/1/30,4:46:23,岐阜県美濃中西部,35°40.4′N,137°06.3′E,12 km,2.9,震度１,35.67333333,137.105
2024/1/30,5:03:05,千葉県東方沖,35°25.2′N,141°10.4′E,18 km,4.7,震度１,35.42,141.1733333
2024/1/30,5:11:10,熊本県熊本地方,32°39.0′N,130°41.0′E,12 km,3.6,震度２,32.65,130.6833333
2024/1/30,8:08:13,石川県能登地方,37°30.7′N,137°13.0′E,10 km,2.5,震度１,37.51166667,137.2166667
2024/1/30,9:22:15,佐渡付近,37°53.3′N,137°44.5′E,21 km,3.8,震度１,37.88833333,137.7416667
2024/1/30,10:34:59,茨城県南部,36°03.8′N,139°56.4′E,45 km,3,震度１,36.06333333,139.94
2024/1/30,10:49:51,佐渡付近,37°49.2′N,137°50.9′E,17 km,3.9,震度１,37.82,137.8483333
2024/1/30,12:09:20,石川県能登地方,37°27.8′N,137°15.9′E,12 km,3,震度２,37.46333333,137.265
2024/1/30,13:12:51,石川県能登地方,37°19.4′N,136°55.6′E,11 km,2.7,震度１,37.32333333,136.9266667
2024/1/30,15:10:08,山梨県東部・富士五湖,35°32.5′N,138°58.0′E,21 km,2.5,震度１,35.54166667,138.9666667
2024/1/30,15:58:58,石川県能登地方,37°21.6′N,136°47.3′E,8 km,3.3,震度２,37.36,136.7883333
2024/1/30,17:42:01,能登半島沖,37°32.7′N,137°22.4′E,8 km,3,震度１,37.545,137.3733333
2024/1/30,19:35:53,北海道東方沖,43°24.0′N,146°46.6′E,47 km,4.1,震度１,43.4,146.7766667
2024/1/30,19:37:16,能登半島沖,37°09.2′N,136°39.6′E,6 km,3,震度３,37.15333333,136.66
2024/1/30,20:55:55,石川県能登地方,37°14.1′N,136°47.8′E,8 km,2.9,震度１,37.235,136.7966667
2024/1/31,2:09:44,石川県能登地方,37°10.1′N,136°41.1′E,3 km,1.9,震度１,37.16833333,136.685
2024/1/31,7:47:46,石川県能登地方,37°20.3′N,136°58.6′E,11 km,3.3,震度２,37.33833333,136.9766667
2024/1/31,8:40:15,石川県能登地方,37°28.9′N,137°14.4′E,7 km,2.4,震度１,37.48166667,137.24
2024/1/31,9:51:36,茨城県南部,35°54.5′N,140°21.8′E,38 km,3.1,震度１,35.90833333,140.3633333
2024/1/31,12:55:22,石川県能登地方,37°29.1′N,137°15.6′E,12 km,3.2,震度２,37.485,137.26
2024/1/31,16:20:58,徳島県南部,33°45.5′N,134°07.9′E,33 km,3.5,震度１,33.75833333,134.1316667
2024/1/31,18:58:18,能登半島沖,37°07.4′N,136°40.8′E,6 km,2.7,震度１,37.12333333,136.68
2024/1/31,22:08:50,能登半島沖,37°25.0′N,136°59.0′E,6 km,3.1,震度１,37.41666667,136.9833333
2024/2/1,1:55:25,石川県能登地方,37°09.6′N,136°44.5′E,4 km,2.1,震度１,37.16,136.7416667
2024/2/1,2:04:14,石川県能登地方,37°09.7′N,136°42.3′E,5 km,3.4,震度３,37.16166667,136.705
2024/2/1,4:10:55,能登半島沖,37°30.3′N,137°09.9′E,9 km,2.5,震度２,37.505,137.165
2024/2/1,4:20:09,千葉県北西部,35°41.8′N,139°58.0′E,67 km,3.4,震度１,35.69666667,139.9666667
2024/2/1,5:35:48,石川県能登地方,37°21.8′N,136°57.5′E,11 km,2.7,震度１,37.36333333,136.9583333
2024/2/1,5:50:51,石川県西方沖,37°03.6′N,136°37.7′E,7 km,3.1,震度１,37.06,136.6283333
2024/2/1,6:04:09,能登半島沖,37°30.8′N,137°09.0′E,0 km,2.3,震度２,37.51333333,137.15
2024/2/1,8:07:13,石川県能登地方,37°20.6′N,136°46.6′E,12 km,4.5,震度３,37.34333333,136.7766667
2024/2/1,8:47:58,石川県能登地方,37°23.1′N,136°53.5′E,6 km,2.3,震度２,37.385,136.8916667
2024/2/1,8:59:33,能登半島沖,37°31.2′N,137°09.8′E,9 km,2.9,震度１,37.52,137.1633333
2024/2/1,10:30:43,石川県能登地方,37°27.7′N,137°12.7′E,13 km,2.5,震度１,37.46166667,137.2116667
2024/2/1,11:39:45,石川県能登地方,37°09.7′N,136°42.5′E,6 km,2.7,震度１,37.16166667,136.7083333
2024/2/1,11:47:01,石川県能登地方,37°21.4′N,137°05.3′E,10 km,2.9,震度１,37.35666667,137.0883333
2024/2/1,12:26:41,石川県能登地方,37°22.1′N,136°51.9′E,0 km,2.1,震度１,37.36833333,136.865
2024/2/1,13:43:29,石川県西方沖,36°59.7′N,136°25.9′E,11 km,4,震度２,36.995,136.4316667
2024/2/1,14:08:20,新潟県上中越沖,37°03.0′N,137°44.6′E,0 km,3.1,震度２,37.05,137.7433333
2024/2/1,14:10:25,佐渡付近,37°55.3′N,137°45.9′E,25 km,3.9,震度１,37.92166667,137.765
2024/2/1,14:11:00,トカラ列島近海,29°58.8′N,129°58.0′E,11 km,2.4,震度１,29.98,129.9666667
2024/2/1,14:31:42,トカラ列島近海,29°59.7′N,129°58.7′E,0 km,2,震度１,29.995,129.9783333
2024/2/1,15:45:09,新潟県上中越沖,37°03.0′N,137°45.0′E,0 km,2.3,震度１,37.05,137.75
2024/2/1,17:40:24,石川県能登地方,37°22.6′N,137°09.1′E,12 km,2.9,震度１,37.37666667,137.1516667
2024/2/2,0:52:57,天草灘,32°06.3′N,129°40.1′E,10 km,3.5,震度１,32.105,129.6683333
2024/2/2,1:45:29,石川県能登地方,37°13.4′N,136°53.1′E,10 km,4.1,震度３,37.22333333,136.885
2024/2/2,2:58:07,石川県能登地方,37°13.4′N,136°53.1′E,10 km,2.6,震度１,37.22333333,136.885
2024/2/2,7:26:21,与那国島近海,23°39.8′N,123°16.0′E,38 km,5.2,震度１,23.66333333,123.2666667
2024/2/2,11:58:44,石川県能登地方,37°10.7′N,136°50.1′E,11 km,2.8,震度１,37.17833333,136.835
2024/2/2,14:40:54,石川県能登地方,37°13.7′N,136°51.0′E,9 km,3,震度２,37.22833333,136.85
2024/2/2,20:44:03,宮城県沖,38°55.3′N,141°55.9′E,51 km,3.7,震度１,38.92166667,141.9316667
2024/2/2,20:50:55,能登半島沖,37°34.1′N,137°21.7′E,8 km,3.4,震度１,37.56833333,137.3616667
2024/2/2,22:24:10,富山県西部,36°46.8′N,136°56.0′E,8 km,2.8,震度１,36.78,136.9333333
2024/2/3,0:18:59,奄美大島近海,28°01.9′N,129°00.6′E,38 km,3.6,震度２,28.03166667,129.01
2024/2/3,0:20:09,石川県能登地方,37°10.0′N,136°46.3′E,10 km,3.3,震度１,37.16666667,136.7716667
2024/2/3,3:16:21,石川県能登地方,37°27.1′N,137°08.9′E,9 km,2.6,震度１,37.45166667,137.1483333
2024/2/3,5:13:12,能登半島沖,37°15.1′N,136°41.5′E,8 km,3.7,震度２,37.25166667,136.6916667
2024/2/3,7:31:02,茨城県沖,35°55.3′N,141°02.3′E,14 km,3.4,震度１,35.92166667,141.0383333
2024/2/3,8:59:41,日向灘,32°14.0′N,132°01.8′E,32 km,3.1,震度１,32.23333333,132.03
2024/2/3,10:59:43,石川県能登地方,37°17.0′N,136°45.5′E,12 km,3.5,震度１,37.28333333,136.7583333
2024/2/3,15:09:05,山梨県東部・富士五湖,35°28.5′N,138°59.7′E,25 km,4,震度３,35.475,138.995
2024/2/3,16:54:55,石川県能登地方,37°31.5′N,137°15.1′E,11 km,2.9,震度１,37.525,137.2516667
2024/2/3,22:09:04,能登半島沖,37°07.0′N,136°39.2′E,10 km,3.7,震度２,37.11666667,136.6533333
2024/2/4,1:16:03,石川県能登地方,37°27.9′N,137°15.2′E,12 km,4.1,震度３,37.465,137.2533333
2024/2/4,3:46:38,能登半島沖,37°09.1′N,136°39.7′E,9 km,2.6,震度１,37.15166667,136.6616667
2024/2/4,6:10:07,天草灘,32°22.8′N,129°54.4′E,12 km,3.5,震度１,32.38,129.9066667
2024/2/4,6:43:35,能登半島沖,37°11.3′N,136°40.8′E,10 km,3.9,震度２,37.18833333,136.68
2024/2/4,10:24:26,択捉島南東沖,44°16.4′N,148°04.9′E,0 km,4.6,震度１,44.27333333,148.0816667
2024/2/4,11:32:48,宮城県沖,38°20.5′N,141°44.9′E,51 km,3.6,震度１,38.34166667,141.7483333
2024/2/4,14:53:11,薩摩半島西方沖,31°17.3′N,129°56.4′E,8 km,3.2,震度１,31.28833333,129.94
2024/2/4,16:57:23,石川県能登地方,37°22.8′N,136°51.5′E,10 km,2.8,震度１,37.38,136.8583333
2024/2/4,17:43:43,愛媛県東予,34°01.2′N,133°38.0′E,8 km,2.4,震度１,34.02,133.6333333
2024/2/4,18:53:18,石川県能登地方,37°09.3′N,136°42.0′E,6 km,2.7,震度１,37.155,136.7
2024/2/4,19:00:30,石川県能登地方,37°20.8′N,136°49.7′E,7 km,2.4,震度１,37.34666667,136.8283333
2024/2/4,19:44:52,鹿児島県薩摩地方,31°50.6′N,130°46.9′E,8 km,2.8,震度１,31.84333333,130.7816667
2024/2/5,0:57:15,石川県能登地方,37°15.8′N,136°50.5′E,12 km,3.6,震度２,37.26333333,136.8416667
2024/2/5,3:29:13,能登半島沖,37°08.5′N,136°43.3′E,5 km,2,震度２,37.14166667,136.7216667
2024/2/5,3:42:23,紀伊水道,33°51.0′N,134°58.7′E,13 km,3,震度１,33.85,134.9783333
2024/2/5,7:09:24,能登半島沖,37°32.4′N,137°08.6′E,9 km,1.8,震度１,37.54,137.1433333
2024/2/5,8:55:08,和歌山県北部,33°55.0′N,135°13.5′E,7 km,2.4,震度１,33.91666667,135.225
2024/2/5,9:25:27,石川県能登地方,37°11.8′N,136°41.7′E,7 km,2.7,震度１,37.19666667,136.695
2024/2/5,11:30:40,福島県沖,37°45.6′N,141°38.2′E,57 km,3.9,震度１,37.76,141.6366667
2024/2/5,11:38:31,石川県西方沖,37°00.1′N,136°25.5′E,12 km,4,震度２,37.00166667,136.425
2024/2/5,17:30:50,大隅半島東方沖,30°45.9′N,131°29.0′E,42 km,4.7,震度２,30.765,131.4833333
2024/2/6,0:39:09,鹿児島県大隅地方,31°37.2′N,130°58.5′E,9 km,3,震度２,31.62,130.975
2024/2/6,2:23:46,石川県能登地方,37°13.2′N,136°53.4′E,10 km,3.2,震度２,37.22,136.89
2024/2/6,2:59:01,日向灘,32°08.5′N,131°53.2′E,30 km,3.9,震度２,32.14166667,131.8866667
2024/2/6,4:04:10,硫黄島近海,22°24.7′N,143°24.8′E,173 km,5.7,震度１,22.41166667,143.4133333
2024/2/6,4:21:07,根室半島南東沖,43°22.3′N,146°11.2′E,79 km,4.1,震度１,43.37166667,146.1866667
2024/2/6,6:37:57,宮城県南部,38°14.9′N,140°37.2′E,9 km,3.2,震度２,38.24833333,140.62
2024/2/6,10:55:28,北海道南西沖,41°56.2′N,139°11.8′E,19 km,3.6,震度１,41.93666667,139.1966667
2024/2/6,11:12:12,トカラ列島近海,29°56.6′N,129°59.8′E,11 km,3,震度２,29.94333333,129.9966667
2024/2/6,11:56:38,石川県能登地方,37°11.8′N,136°50.5′E,10 km,4.1,震度３,37.19666667,136.8416667
2024/2/6,14:36:38,青森県津軽南部,40°36.9′N,140°29.7′E,11 km,2.2,震度１,40.615,140.495
2024/2/6,23:57:58,愛知県西部,35°14.4′N,137°32.3′E,47 km,3.4,震度２,35.24,137.5383333
2024/2/7,0:17:43,石川県能登地方,37°23.6′N,136°53.6′E,0 km,2.1,震度１,37.39333333,136.8933333
2024/2/7,6:08:15,佐渡付近,37°43.9′N,137°35.0′E,20 km,5.2,震度４,37.73166667,137.5833333
2024/2/7,7:17:30,石川県能登地方,37°11.7′N,136°41.3′E,6 km,2.7,震度１,37.195,136.6883333
2024/2/7,7:47:59,石川県能登地方,37°27.9′N,137°07.5′E,11 km,3.2,震度１,37.465,137.125
2024/2/7,11:15:29,石川県能登地方,37°12.2′N,136°48.5′E,9 km,3.1,震度２,37.20333333,136.8083333
2024/2/7,16:25:11,岩手県沖,39°14.7′N,142°24.4′E,31 km,4.2,震度２,39.245,142.4066667
2024/2/7,17:09:38,茨城県南部,36°02.3′N,140°05.8′E,63 km,3.4,震度１,36.03833333,140.0966667
2024/2/7,17:16:36,石川県能登地方,37°27.9′N,137°07.4′E,11 km,3.4,震度１,37.465,137.1233333
2024/2/7,18:44:57,石川県能登地方,37°14.8′N,136°45.4′E,9 km,3.1,震度１,37.24666667,136.7566667
2024/2/7,20:59:32,和歌山県北部,34°00.0′N,135°14.1′E,7 km,4.1,震度４,34,135.235
2024/2/7,23:24:05,石川県能登地方,37°09.0′N,136°43.7′E,4 km,2,震度１,37.15,136.7283333
2024/2/8,0:45:37,石川県能登地方,37°12.7′N,136°43.9′E,11 km,3.3,震度１,37.21166667,136.7316667
2024/2/8,0:47:30,種子島近海,30°16.1′N,130°55.6′E,15 km,2.9,震度１,30.26833333,130.9266667
2024/2/8,0:55:31,石川県能登地方,37°24.3′N,136°54.0′E,7 km,2,震度１,37.405,136.9
2024/2/8,1:13:37,石川県西方沖,36°59.7′N,136°25.4′E,13 km,3.8,震度１,36.995,136.4233333
2024/2/8,1:25:30,石川県能登地方,37°13.5′N,136°42.4′E,4 km,3.1,震度１,37.225,136.7066667
2024/2/8,5:42:18,釧路沖,42°52.1′N,144°56.3′E,51 km,3.3,震度１,42.86833333,144.9383333
2024/2/8,6:38:12,能登半島沖,37°08.2′N,136°41.4′E,7 km,2,震度１,37.13666667,136.69
2024/2/8,13:26:35,福島県沖,37°40.4′N,141°31.2′E,56 km,3.9,震度２,37.67333333,141.52
2024/2/8,19:21:28,天草灘,31°58.6′N,130°05.3′E,9 km,3,震度１,31.97666667,130.0883333
2024/2/8,21:49:32,石川県能登地方,37°23.1′N,136°56.9′E,9 km,3.3,震度２,37.385,136.9483333
2024/2/9,2:42:52,茨城県沖,36°31.4′N,140°41.2′E,54 km,3,震度１,36.52333333,140.6866667
2024/2/9,4:36:50,石川県能登地方,37°25.5′N,137°03.8′E,8 km,2.7,震度１,37.425,137.0633333
2024/2/9,5:52:21,石川県能登地方,37°13.2′N,136°51.6′E,9 km,2.2,震度１,37.22,136.86
2024/2/9,7:18:58,福岡県福岡地方,33°50.4′N,130°33.8′E,17 km,3.2,震度１,33.84,130.5633333
2024/2/9,9:30:35,能登半島沖,37°06.6′N,136°39.2′E,6 km,3,震度２,37.11,136.6533333
2024/2/9,11:58:50,石川県能登地方,37°19.8′N,136°50.2′E,7 km,3.1,震度１,37.33,136.8366667
2024/2/9,17:42:33,伊豆半島東方沖,34°57.6′N,139°13.7′E,172 km,4.9,震度２,34.96,139.2283333
2024/2/9,18:50:23,石川県能登地方,37°21.7′N,136°52.5′E,8 km,2.9,震度１,37.36166667,136.875
2024/2/9,23:40:49,埼玉県南部,35°58.9′N,139°49.9′E,83 km,3.9,震度２,35.98166667,139.8316667
2024/2/10,2:28:24,宮城県沖,38°53.4′N,141°36.0′E,73 km,3,震度１,38.89,141.6
2024/2/10,4:58:58,石川県能登地方,37°20.5′N,136°58.7′E,12 km,3.1,震度１,37.34166667,136.9783333
2024/2/10,5:18:52,能登半島沖,37°34.5′N,137°24.3′E,12 km,4.1,震度２,37.575,137.405
2024/2/10,7:49:00,石川県能登地方,37°09.7′N,136°41.1′E,3 km,2.1,震度２,37.16166667,136.685
2024/2/10,10:15:56,宮城県南部,38°15.0′N,140°37.4′E,10 km,2.5,震度１,38.25,140.6233333
2024/2/10,10:21:12,能登半島沖,37°08.3′N,136°43.2′E,5 km,2.2,震度２,37.13833333,136.72
2024/2/10,10:59:28,福島県会津,37°16.0′N,139°55.8′E,8 km,2,震度１,37.26666667,139.93
2024/2/10,16:10:00,能登半島沖,37°10.3′N,136°39.0′E,4 km,2.5,震度２,37.17166667,136.65
2024/2/10,16:47:34,茨城県南部,36°18.4′N,140°05.0′E,69 km,4,震度３,36.30666667,140.0833333
2024/2/10,17:16:18,石川県能登地方,37°11.1′N,136°42.6′E,3 km,2.7,震度２,37.185,136.71
2024/2/10,21:37:18,福島県会津,37°16.2′N,139°55.9′E,8 km,2.1,震度１,37.27,139.9316667
2024/2/10,21:40:22,千葉県北西部,35°35.0′N,140°07.6′E,69 km,3,震度１,35.58333333,140.1266667
2024/2/10,21:59:44,石川県能登地方,37°09.4′N,136°42.8′E,5 km,2.2,震度１,37.15666667,136.7133333
2024/2/11,0:34:41,新潟県上中越沖,37°37.7′N,137°34.6′E,16 km,4.1,震度２,37.62833333,137.5766667
2024/2/11,11:25:46,茨城県南部,36°08.7′N,140°05.4′E,65 km,3.8,震度２,36.145,140.09
2024/2/11,12:35:59,石川県能登地方,37°26.0′N,137°10.6′E,15 km,4.7,震度４,37.43333333,137.1766667
2024/2/11,15:44:28,千葉県南東沖,35°02.4′N,140°11.5′E,32 km,2.9,震度１,35.04,140.1916667
2024/2/11,18:18:54,石川県能登地方,37°25.8′N,137°10.1′E,14 km,3.3,震度１,37.43,137.1683333
2024/2/11,18:35:14,新潟県上中越沖,37°41.6′N,137°34.8′E,19 km,4.2,震度２,37.69333333,137.58
2024/2/11,23:26:36,石川県能登地方,37°09.9′N,136°41.4′E,4 km,3.2,震度２,37.165,136.69
2024/2/11,23:48:53,能登半島沖,37°17.0′N,136°41.5′E,10 km,3.9,震度２,37.28333333,136.6916667
2024/2/12,4:12:58,石川県能登地方,37°22.3′N,136°58.7′E,7 km,2.6,震度１,37.37166667,136.9783333
2024/2/12,4:23:43,能登半島沖,37°33.2′N,137°21.3′E,12 km,3.7,震度１,37.55333333,137.355
2024/2/12,5:31:55,兵庫県南東部,34°56.0′N,135°22.4′E,6 km,3.3,震度２,34.93333333,135.3733333
2024/2/12,6:40:58,石川県能登地方,37°22.1′N,136°58.7′E,7 km,2.7,震度１,37.36833333,136.9783333
2024/2/12,11:01:07,鹿児島県薩摩地方,31°49.7′N,130°44.1′E,9 km,2.9,震度１,31.82833333,130.735
2024/2/12,13:26:16,石川県能登地方,37°21.7′N,136°52.0′E,8 km,3.1,震度２,37.36166667,136.8666667
2024/2/12,19:35:13,能登半島沖,37°09.2′N,136°39.2′E,8 km,3.4,震度２,37.15333333,136.6533333
2024/2/12,19:37:25,石川県能登地方,37°29.1′N,137°15.2′E,11 km,2.9,震度１,37.485,137.2533333
2024/2/12,20:19:40,硫黄島近海,22°24.3′N,142°35.9′E,267 km,6.5,震度１,22.405,142.5983333
2024/2/13,13:06:56,茨城県南部,36°09.9′N,140°02.1′E,68 km,3.6,震度１,36.165,140.035
2024/2/13,20:34:30,石川県能登地方,37°19.0′N,136°52.1′E,10 km,2.8,震度１,37.31666667,136.8683333
2024/2/14,0:01:46,石川県能登地方,37°24.9′N,137°09.4′E,10 km,3.2,震度１,37.415,137.1566667
2024/2/14,1:00:00,石川県能登地方,37°12.3′N,136°48.2′E,7 km,3.1,震度１,37.205,136.8033333
2024/2/14,2:05:55,石川県能登地方,37°26.2′N,137°11.5′E,15 km,2.8,震度１,37.43666667,137.1916667
2024/2/14,2:13:29,石川県能登地方,37°27.8′N,137°16.0′E,13 km,3.2,震度１,37.46333333,137.2666667
2024/2/14,4:57:35,熊本県球磨地方,32°16.0′N,130°38.4′E,4 km,2.1,震度２,32.26666667,130.64
2024/2/14,10:32:54,石川県能登地方,37°12.9′N,136°47.1′E,11 km,4.5,震度４,37.215,136.785
2024/2/14,13:39:24,福島県沖,37°27.6′N,141°32.9′E,46 km,3.5,震度１,37.46,141.5483333
2024/2/14,15:15:20,石川県能登地方,37°12.4′N,136°43.7′E,6 km,2.8,震度１,37.20666667,136.7283333
2024/2/14,15:29:00,京都府南部,35°03.2′N,135°33.3′E,12 km,4.4,震度４,35.05333333,135.555
2024/2/14,15:34:17,能登半島沖,37°21.5′N,136°43.6′E,8 km,4.1,震度２,37.35833333,136.7266667
2024/2/14,15:53:58,鳥島近海,31°54.4′N,138°14.3′E,382 km,5,震度１,31.90666667,138.2383333
2024/2/14,17:11:21,青森県東方沖,41°33.7′N,142°06.0′E,53 km,4.2,震度２,41.56166667,142.1
2024/2/14,21:48:34,石川県能登地方,37°25.2′N,137°09.6′E,7 km,3.1,震度１,37.42,137.16
2024/2/15,0:59:56,石川県能登地方,37°12.8′N,136°48.3′E,7 km,3.2,震度１,37.21333333,136.805
2024/2/15,2:25:47,岩手県内陸北部,39°42.2′N,141°15.2′E,85 km,4.1,震度２,39.70333333,141.2533333
2024/2/15,10:08:23,京都府南部,35°03.3′N,135°33.1′E,12 km,3.7,震度３,35.055,135.5516667
2024/2/15,11:49:57,石川県能登地方,37°13.9′N,136°48.3′E,8 km,3.2,震度１,37.23166667,136.805
2024/2/15,12:48:19,佐渡付近,37°52.8′N,137°45.4′E,21 km,4.9,震度３,37.88,137.7566667
2024/2/15,14:22:39,石川県能登地方,37°12.1′N,136°50.1′E,11 km,3.2,震度２,37.20166667,136.835
2024/2/15,15:29:43,新潟県上中越沖,37°33.2′N,137°37.0′E,16 km,5,震度３,37.55333333,137.6166667
2024/2/15,18:38:51,宮城県沖,37°58.7′N,141°48.1′E,60 km,3.8,震度１,37.97833333,141.8016667
2024/2/15,19:27:41,新潟県上中越沖,37°33.1′N,137°37.2′E,16 km,3.5,震度１,37.55166667,137.62
2024/2/15,20:00:22,新潟県上中越沖,37°33.4′N,137°37.0′E,17 km,4.3,震度２,37.55666667,137.6166667
2024/2/15,22:06:42,岩手県沖,39°01.4′N,142°17.5′E,44 km,3.3,震度１,39.02333333,142.2916667
2024/2/16,1:56:29,石川県能登地方,37°09.6′N,136°42.4′E,5 km,2.4,震度１,37.16,136.7066667
2024/2/16,2:19:00,茨城県沖,36°40.6′N,141°07.7′E,51 km,4,震度２,36.67666667,141.1283333
2024/2/16,3:07:18,種子島近海,30°34.1′N,131°02.6′E,13 km,2.9,震度１,30.56833333,131.0433333
2024/2/16,6:46:56,能登半島沖,37°08.5′N,136°43.5′E,7 km,3.1,震度２,37.14166667,136.725
2024/2/16,9:43:18,青森県東方沖,40°58.6′N,142°00.1′E,59 km,3.8,震度２,40.97666667,142.0016667
2024/2/16,12:11:43,石川県能登地方,37°08.7′N,136°44.9′E,4 km,1.7,震度１,37.145,136.7483333
2024/2/16,17:49:52,石川県能登地方,37°27.7′N,137°13.0′E,14 km,2.9,震度２,37.46166667,137.2166667
2024/2/16,18:52:13,茨城県南部,36°05.1′N,139°52.5′E,47 km,3.9,震度３,36.085,139.875
2024/2/16,22:29:53,能登半島沖,37°07.7′N,136°41.1′E,9 km,3.1,震度１,37.12833333,136.685
2024/2/16,23:31:02,宮崎県南部山沿い,31°55.7′N,131°01.1′E,7 km,3,震度２,31.92833333,131.0183333
2024/2/17,3:48:45,京都府南部,35°03.2′N,135°33.2′E,12 km,3,震度１,35.05333333,135.5533333
2024/2/17,4:17:20,京都府南部,35°03.2′N,135°33.3′E,12 km,2.4,震度１,35.05333333,135.555
2024/2/17,6:23:31,石川県能登地方,37°11.7′N,136°50.4′E,11 km,3.5,震度３,37.195,136.84
2024/2/17,7:14:30,石川県能登地方,37°11.7′N,136°50.2′E,11 km,3.4,震度２,37.195,136.8366667
2024/2/17,12:24:54,石川県能登地方,37°09.9′N,136°43.3′E,5 km,2.8,震度１,37.165,136.7216667
2024/2/17,12:34:14,石川県能登地方,37°19.2′N,136°56.7′E,12 km,3,震度１,37.32,136.945
2024/2/17,15:33:34,択捉島南東沖,44°14.8′N,147°52.3′E,0 km,4.8,震度１,44.24666667,147.8716667
2024/2/17,20:47:28,岩手県沖,40°05.6′N,142°26.6′E,38 km,4.5,震度２,40.09333333,142.4433333
2024/2/18,0:00:52,石川県能登地方,37°23.6′N,136°52.1′E,7 km,2.4,震度２,37.39333333,136.8683333
2024/2/18,0:01:41,石川県能登地方,37°23.0′N,136°52.8′E,7 km,1.8,震度１,37.38333333,136.88
2024/2/18,0:09:01,石川県能登地方,37°23.7′N,136°52.8′E,6 km,2.3,震度２,37.395,136.88
2024/2/18,0:45:37,石川県能登地方,37°23.4′N,136°52.8′E,0 km,1.9,震度１,37.39,136.88
2024/2/18,3:23:46,石川県能登地方,37°11.3′N,136°42.2′E,4 km,2.1,震度１,37.18833333,136.7033333
2024/2/18,6:43:43,西表島付近,23°57.3′N,123°35.2′E,33 km,4.6,震度１,23.955,123.5866667
2024/2/18,7:00:45,熊本県阿蘇地方,33°01.1′N,131°09.8′E,9 km,2.7,震度１,33.01833333,131.1633333
2024/2/18,10:16:09,宮城県南部,38°15.0′N,140°37.4′E,10 km,2.4,震度１,38.25,140.6233333
2024/2/18,16:14:45,千葉県南部,35°25.2′N,139°55.9′E,113 km,4.1,震度２,35.42,139.9316667
2024/2/18,17:09:03,石川県能登地方,37°09.7′N,136°44.4′E,5 km,2,震度１,37.16166667,136.74
2024/2/18,19:48:00,福井県嶺北,36°02.5′N,136°43.5′E,4 km,3.4,震度１,36.04166667,136.725
2024/2/18,21:25:57,根室半島南東沖,43°11.7′N,145°26.1′E,91 km,3.8,震度１,43.195,145.435
2024/2/19,0:31:59,和歌山県北部,34°00.1′N,135°14.1′E,7 km,2.9,震度２,34.00166667,135.235
2024/2/19,3:57:25,石川県能登地方,37°12.2′N,136°42.9′E,8 km,3,震度１,37.20333333,136.715
2024/2/19,11:21:13,宮城県沖,38°19.0′N,141°46.2′E,50 km,3.9,震度２,38.31666667,141.77
2024/2/19,11:35:04,岩手県沖,39°06.4′N,142°07.3′E,45 km,3.3,震度１,39.10666667,142.1216667
2024/2/19,13:36:43,石川県能登地方,37°09.0′N,136°44.4′E,3 km,1.9,震度１,37.15,136.74
2024/2/19,18:28:43,新潟県上中越沖,37°33.3′N,137°36.9′E,17 km,3.4,震度１,37.555,137.615
2024/2/20,1:26:54,秋田県内陸北部,40°05.7′N,140°37.6′E,5 km,2.9,震度１,40.095,140.6266667
2024/2/20,6:33:10,石川県能登地方,37°14.6′N,136°53.2′E,11 km,2.6,震度１,37.24333333,136.8866667
2024/2/20,13:40:25,石川県能登地方,37°15.3′N,136°44.7′E,8 km,2.8,震度１,37.255,136.745
2024/2/20,14:12:17,島根県東部,35°23.7′N,133°17.6′E,11 km,2.5,震度１,35.395,133.2933333
2024/2/20,15:30:40,石川県能登地方,37°09.7′N,136°52.1′E,11 km,3,震度１,37.16166667,136.8683333
2024/2/20,21:19:31,石川県能登地方,37°10.3′N,136°42.2′E,6 km,2.9,震度２,37.17166667,136.7033333
2024/2/20,22:56:27,与那国島近海,23°40.7′N,123°16.5′E,47 km,5.2,震度１,23.67833333,123.275
2024/2/20,23:57:31,与那国島近海,23°40.6′N,123°16.2′E,47 km,5.4,震度１,23.67666667,123.27
2024/2/21,3:58:28,石川県能登地方,37°31.4′N,137°15.2′E,11 km,3.4,震度２,37.52333333,137.2533333
2024/2/21,6:12:26,東京都多摩東部,35°38.3′N,139°30.5′E,28 km,2.3,震度１,35.63833333,139.5083333
2024/2/21,6:49:01,神奈川県西部,35°35.1′N,139°23.2′E,26 km,2.5,震度１,35.585,139.3866667
2024/2/21,11:34:04,石川県能登地方,37°28.8′N,137°17.8′E,13 km,3.3,震度３,37.48,137.2966667
2024/2/21,16:31:00,長野県南部,35°52.8′N,137°34.9′E,4 km,2.7,震度１,35.88,137.5816667
2024/2/21,18:27:30,愛媛県南予,33°12.4′N,132°39.8′E,37 km,3.9,震度３,33.20666667,132.6633333
2024/2/21,18:38:52,トカラ列島近海,28°39.7′N,129°08.6′E,67 km,3.6,震度１,28.66166667,129.1433333
2024/2/21,19:24:55,石川県能登地方,37°10.3′N,136°41.2′E,3 km,2.1,震度１,37.17166667,136.6866667
2024/2/21,20:21:13,岩手県沖,40°22.1′N,142°12.0′E,46 km,3.9,震度１,40.36833333,142.2
2024/2/21,20:28:28,岩手県沖,40°21.9′N,142°12.4′E,46 km,3.7,震度１,40.365,142.2066667
2024/2/21,22:32:54,石川県能登地方,37°29.2′N,137°13.1′E,9 km,2.7,震度１,37.48666667,137.2183333
2024/2/22,13:22:41,宮古島近海,24°48.1′N,125°21.1′E,46 km,4.4,震度３,24.80166667,125.3516667
2024/2/22,18:55:53,能登半島沖,37°30.8′N,137°09.5′E,7 km,2.1,震度１,37.51333333,137.1583333
2024/2/23,13:55:59,埼玉県南部,35°57.4′N,139°34.7′E,46 km,3.1,震度１,35.95666667,139.5783333
2024/2/23,20:21:12,熊本県熊本地方,32°42.2′N,130°37.0′E,10 km,2.9,震度１,32.70333333,130.6166667
2024/2/23,20:52:58,島根県東部,35°08.5′N,132°39.9′E,8 km,3,震度１,35.14166667,132.665
2024/2/24,1:54:12,宮城県沖,38°32.3′N,141°44.1′E,53 km,3.5,震度１,38.53833333,141.735
2024/2/24,4:52:58,岩手県沖,39°36.5′N,142°26.7′E,30 km,3.5,震度１,39.60833333,142.445
2024/2/24,6:32:58,茨城県沖,36°11.0′N,141°00.6′E,39 km,3.5,震度１,36.18333333,141.01
2024/2/24,8:10:42,東海道南方沖,32°12.7′N,137°40.2′E,416 km,5.3,震度１,32.21166667,137.67
2024/2/24,12:57:53,宮城県沖,38°22.3′N,141°49.4′E,58 km,4.1,震度２,38.37166667,141.8233333
2024/2/24,16:43:52,沖縄本島近海,25°48.8′N,129°28.6′E,45 km,4.5,震度１,25.81333333,129.4766667
2024/2/24,19:17:41,三陸沖,39°32.7′N,143°33.0′E,13 km,5.2,震度２,39.545,143.55
2024/2/24,21:09:19,豊後水道,33°09.0′N,132°13.6′E,44 km,3.2,震度１,33.15,132.2266667
2024/2/25,8:24:35,三重県南部,34°30.7′N,136°38.6′E,36 km,3.3,震度１,34.51166667,136.6433333
2024/2/25,9:28:10,奄美大島近海,28°04.5′N,129°21.3′E,39 km,4,震度２,28.075,129.355
2024/2/25,11:30:49,能登半島沖,37°09.4′N,136°40.3′E,3 km,1.5,震度１,37.15666667,136.6716667
2024/2/25,13:41:00,石川県能登地方,37°20.9′N,136°52.7′E,0 km,2.3,震度１,37.34833333,136.8783333
2024/2/25,15:27:13,福島県沖,37°50.5′N,141°36.7′E,50 km,3.8,震度１,37.84166667,141.6116667
2024/2/25,18:27:14,石川県能登地方,37°22.3′N,136°54.4′E,8 km,2.6,震度１,37.37166667,136.9066667
2024/2/25,23:47:31,石川県能登地方,37°21.3′N,136°52.5′E,6 km,2.4,震度１,37.355,136.875
2024/2/26,1:32:37,岐阜県飛騨地方,36°05.9′N,137°26.7′E,6 km,2.6,震度１,36.09833333,137.445
2024/2/26,1:37:42,能登半島沖,37°25.4′N,136°53.2′E,10 km,1.6,震度１,37.42333333,136.8866667
2024/2/26,3:39:49,石川県能登地方,37°27.7′N,137°10.1′E,12 km,3.1,震度１,37.46166667,137.1683333
2024/2/26,8:06:37,茨城県南部,36°05.0′N,139°55.9′E,46 km,3,震度１,36.08333333,139.9316667
2024/2/26,8:44:22,岩手県沿岸北部,39°45.5′N,141°50.5′E,58 km,3.7,震度１,39.75833333,141.8416667
2024/2/26,14:29:39,石川県能登地方,37°21.5′N,136°59.8′E,10 km,3,震度１,37.35833333,136.9966667
2024/2/26,15:24:14,伊予灘,33°38.5′N,132°28.2′E,47 km,5.1,震度４,33.64166667,132.47
2024/2/26,22:20:20,茨城県沖,36°34.7′N,140°44.7′E,13 km,2.4,震度１,36.57833333,140.745
2024/2/27,3:17:56,石川県能登地方,37°27.3′N,137°10.8′E,13 km,2.7,震度１,37.455,137.18
2024/2/27,3:19:59,千葉県北東部,35°44.6′N,140°38.4′E,50 km,3.1,震度１,35.74333333,140.64
2024/2/27,3:30:21,沖縄本島近海,26°25.3′N,127°37.0′E,52 km,3.7,震度１,26.42166667,127.6166667
2024/2/27,6:40:18,福島県沖,37°49.7′N,141°45.8′E,54 km,4.7,震度３,37.82833333,141.7633333
2024/2/27,11:46:51,岐阜県美濃中西部,35°47.5′N,136°50.0′E,9 km,2.8,震度１,35.79166667,136.8333333
2024/2/27,13:09:11,石川県能登地方,37°20.0′N,136°46.3′E,10 km,3,震度１,37.33333333,136.7716667
2024/2/27,14:10:22,石川県能登地方,37°23.1′N,136°53.3′E,6 km,2.9,震度３,37.385,136.8883333
2024/2/27,14:19:44,石川県能登地方,37°22.9′N,136°53.2′E,6 km,3,震度３,37.38166667,136.8866667
2024/2/27,17:35:15,石川県能登地方,37°24.2′N,136°54.4′E,7 km,1.7,震度１,37.40333333,136.9066667
2024/2/27,20:27:12,石川県能登地方,37°22.7′N,136°54.1′E,0 km,1.6,震度１,37.37833333,136.9016667
2024/2/27,21:00:05,石川県能登地方,37°24.0′N,136°54.2′E,7 km,1.4,震度１,37.4,136.9033333
2024/2/27,21:43:56,千葉県東方沖,35°14.4′N,140°38.6′E,23 km,4.3,震度２,35.24,140.6433333
2024/2/27,22:05:49,石川県能登地方,37°24.9′N,136°53.9′E,8 km,1.9,震度１,37.415,136.8983333
2024/2/27,22:23:23,茨城県南部,36°19.4′N,140°02.0′E,72 km,3.4,震度１,36.32333333,140.0333333
2024/2/27,23:15:34,石川県能登地方,37°24.3′N,136°52.0′E,8 km,1.5,震度１,37.405,136.8666667
2024/2/27,23:58:19,石川県能登地方,37°24.4′N,136°53.7′E,5 km,2,震度１,37.40666667,136.895
2024/2/28,4:12:46,北海道北西沖,44°23.3′N,141°39.7′E,10 km,1.9,震度１,44.38833333,141.6616667
2024/2/28,5:54:53,石川県能登地方,37°23.3′N,137°00.1′E,7 km,2.7,震度１,37.38833333,137.0016667
2024/2/28,7:09:40,石川県能登地方,37°18.5′N,136°59.1′E,9 km,2.6,震度１,37.30833333,136.985
2024/2/28,12:05:58,千葉県東方沖,35°20.0′N,140°34.6′E,24 km,3.4,震度１,35.33333333,140.5766667
2024/2/28,16:05:43,宮城県沖,38°18.7′N,141°54.2′E,63 km,3.6,震度１,38.31166667,141.9033333
2024/2/28,16:14:30,石川県能登地方,37°23.3′N,136°52.3′E,5 km,3.8,震度３,37.38833333,136.8716667
2024/2/28,16:41:51,石川県能登地方,37°23.8′N,136°52.6′E,7 km,2.1,震度１,37.39666667,136.8766667
2024/2/28,16:43:00,石川県能登地方,37°22.8′N,136°53.7′E,0 km,2,震度１,37.38,136.895
2024/2/28,17:13:06,福島県会津,37°25.4′N,139°41.6′E,4 km,2.3,震度１,37.42333333,139.6933333
2024/2/28,17:29:15,京都府南部,35°03.3′N,135°33.4′E,13 km,3.3,震度１,35.055,135.5566667
2024/2/28,20:14:42,千葉県東方沖,35°22.3′N,140°31.1′E,28 km,3.3,震度１,35.37166667,140.5183333
2024/2/28,21:26:44,留萌地方南部,44°02.7′N,142°02.1′E,0 km,2.4,震度１,44.045,142.035
2024/2/28,22:43:34,浦河沖,41°59.2′N,142°32.6′E,67 km,4.5,震度３,41.98666667,142.5433333
2024/2/28,23:00:00,石川県能登地方,37°28.8′N,137°15.0′E,10 km,2.7,震度１,37.48,137.25
2024/2/29,4:15:34,千葉県東方沖,35°08.7′N,140°33.3′E,17 km,2.7,震度１,35.145,140.555
2024/2/29,8:40:16,千葉県東方沖,35°23.3′N,140°32.8′E,26 km,3,震度１,35.38833333,140.5466667
2024/2/29,8:42:47,千葉県東方沖,35°24.3′N,140°33.4′E,28 km,4.2,震度２,35.405,140.5566667
2024/2/29,8:45:55,千葉県東方沖,35°24.3′N,140°33.3′E,27 km,3.4,震度２,35.405,140.555
2024/2/29,10:29:56,西表島付近,24°01.3′N,123°38.6′E,45 km,3.7,震度１,24.02166667,123.6433333
2024/2/29,10:37:30,石川県能登地方,37°12.9′N,136°48.4′E,10 km,2.9,震度１,37.215,136.8066667
2024/2/29,11:13:09,千葉県東方沖,35°23.3′N,140°33.6′E,29 km,4.6,震度３,35.38833333,140.56
2024/2/29,11:25:13,千葉県東方沖,35°23.6′N,140°32.9′E,29 km,3.1,震度１,35.39333333,140.5483333
2024/2/29,12:30:39,千葉県東方沖,35°20.4′N,140°33.4′E,28 km,4.5,震度３,35.34,140.5566667
2024/2/29,15:49:30,石川県能登地方,37°08.9′N,136°44.1′E,1 km,1.5,震度１,37.14833333,136.735
2024/2/29,16:19:52,千葉県東方沖,35°23.1′N,140°33.1′E,29 km,3,震度１,35.385,140.5516667
2024/2/29,16:27:21,千葉県東方沖,35°23.2′N,140°33.1′E,29 km,4.6,震度３,35.38666667,140.5516667
2024/2/29,17:55:06,秋田県内陸南部,39°55.6′N,140°51.2′E,4 km,2.9,震度１,39.92666667,140.8533333
2024/2/29,18:35:42,千葉県東方沖,35°23.7′N,140°33.2′E,27 km,4.9,震度４,35.395,140.5533333
2024/2/29,23:52:39,石川県能登地方,37°21.3′N,136°56.2′E,10 km,3.1,震度１,37.355,136.9366667
2024/3/1,0:37:39,石川県能登地方,37°10.8′N,136°43.9′E,4 km,2.6,震度１,37.18,136.7316667
2024/3/1,1:01:55,茨城県南部,36°02.9′N,140°05.4′E,63 km,3.7,震度２,36.04833333,140.09
2024/3/1,5:35:03,千葉県南部,35°20.8′N,140°21.3′E,26 km,3,震度２,35.34666667,140.355
2024/3/1,5:38:37,千葉県南部,35°20.5′N,140°21.5′E,25 km,2.6,震度１,35.34166667,140.3583333
2024/3/1,5:43:17,千葉県東方沖,35°26.1′N,140°33.0′E,31 km,5.3,震度４,35.435,140.55
2024/3/1,13:14:17,石川県能登地方,37°20.7′N,136°54.5′E,11 km,3.8,震度２,37.345,136.9083333
2024/3/1,14:53:29,千葉県東方沖,35°23.1′N,140°29.6′E,28 km,2.5,震度１,35.385,140.4933333
2024/3/1,16:04:21,日高地方東部,42°20.2′N,143°00.2′E,52 km,3.6,震度１,42.33666667,143.0033333
2024/3/1,21:19:40,千葉県東方沖,35°25.4′N,140°31.9′E,30 km,3,震度２,35.42333333,140.5316667
2024/3/1,21:44:56,青森県東方沖,41°11.2′N,141°41.9′E,80 km,4.1,震度２,41.18666667,141.6983333
2024/3/1,22:41:38,千葉県南部,35°19.0′N,140°20.8′E,23 km,3.1,震度２,35.31666667,140.3466667
2024/3/2,0:50:08,石川県能登地方,37°10.0′N,136°43.1′E,5 km,2.4,震度１,37.16666667,136.7183333
2024/3/2,1:49:04,千葉県南部,35°18.9′N,140°20.8′E,26 km,5,震度４,35.315,140.3466667
2024/3/2,3:08:22,千葉県東方沖,35°30.3′N,140°31.8′E,31 km,3,震度２,35.505,140.53
2024/3/2,3:33:15,千葉県南部,35°19.4′N,140°21.1′E,24 km,2.9,震度２,35.32333333,140.3516667
2024/3/2,3:38:47,千葉県南部,35°19.8′N,140°21.1′E,25 km,3.8,震度３,35.33,140.3516667
2024/3/2,3:40:27,千葉県南部,35°19.5′N,140°21.5′E,25 km,4.4,震度３,35.325,140.3583333
2024/3/2,3:49:57,千葉県南部,35°19.3′N,140°21.5′E,25 km,3,震度２,35.32166667,140.3583333
2024/3/2,3:56:28,福島県沖,36°58.2′N,141°20.8′E,17 km,3.8,震度１,36.97,141.3466667
2024/3/2,7:13:58,千葉県東方沖,35°22.2′N,140°27.1′E,26 km,3.1,震度２,35.37,140.4516667
2024/3/2,9:44:52,千葉県南部,35°20.0′N,140°21.5′E,26 km,3,震度２,35.33333333,140.3583333
2024/3/2,9:50:56,千葉県北東部,35°23.0′N,140°21.9′E,29 km,2.3,震度１,35.38333333,140.365
2024/3/2,10:49:03,石川県能登地方,37°23.3′N,136°52.5′E,0 km,1.9,震度１,37.38833333,136.875
2024/3/2,16:31:19,北見地方,44°00.3′N,143°45.9′E,0 km,2.3,震度１,44.005,143.765
2024/3/2,18:20:14,福島県沖,37°48.5′N,141°36.1′E,56 km,4.1,震度２,37.80833333,141.6016667
2024/3/2,20:23:16,茨城県南部,36°02.6′N,139°54.1′E,44 km,3.8,震度３,36.04333333,139.9016667
2024/3/2,21:54:25,千葉県東方沖,35°23.3′N,140°24.9′E,28 km,2,震度１,35.38833333,140.415
2024/3/2,23:00:44,宮崎県北部平野部,32°26.1′N,131°31.4′E,13 km,4.3,震度４,32.435,131.5233333
2024/3/2,23:03:00,トカラ列島近海,29°55.4′N,130°03.1′E,9 km,2.3,震度１,29.92333333,130.0516667
2024/3/3,1:34:28,千葉県東方沖,35°25.2′N,140°31.8′E,30 km,2.8,震度１,35.42,140.53
2024/3/3,2:34:29,石川県能登地方,37°11.5′N,136°48.1′E,9 km,2.7,震度１,37.19166667,136.8016667
2024/3/3,4:40:51,千葉県東方沖,35°25.0′N,140°31.9′E,30 km,2.5,震度１,35.41666667,140.5316667
2024/3/3,4:54:14,石川県能登地方,37°24.9′N,136°59.9′E,10 km,3,震度１,37.415,136.9983333
2024/3/3,8:09:55,奄美大島北西沖,28°46.8′N,128°16.9′E,159 km,4.8,震度１,28.78,128.2816667
2024/3/3,13:08:51,千葉県東方沖,35°23.5′N,140°24.8′E,28 km,2.1,震度１,35.39166667,140.4133333
2024/3/3,17:32:00,青森県東方沖,41°12.0′N,142°03.7′E,56 km,4.8,震度３,41.2,142.0616667
2024/3/3,18:22:37,石川県能登地方,37°25.3′N,137°09.3′E,10 km,3.2,震度１,37.42166667,137.155
2024/3/3,19:23:52,能登半島沖,37°31.2′N,137°11.6′E,8 km,2,震度１,37.52,137.1933333
2024/3/3,20:43:41,石川県能登地方,37°10.2′N,136°42.1′E,5 km,2.3,震度１,37.17,136.7016667
2024/3/4,3:51:13,能登半島沖,37°06.1′N,136°37.1′E,8 km,3.4,震度２,37.10166667,136.6183333
2024/3/4,6:03:43,熊本県熊本地方,32°43.8′N,130°48.8′E,14 km,2.8,震度１,32.73,130.8133333
2024/3/4,13:03:47,愛知県西部,34°55.9′N,137°22.6′E,34 km,3,震度１,34.93166667,137.3766667
2024/3/4,14:53:03,能登半島沖,37°07.4′N,136°36.0′E,7 km,2.8,震度２,37.12333333,136.6
2024/3/4,17:31:21,能登半島沖,37°12.7′N,136°41.1′E,5 km,4.4,震度３,37.21166667,136.685
2024/3/4,17:46:42,石川県能登地方,37°11.5′N,136°48.9′E,12 km,3.3,震度２,37.19166667,136.815
2024/3/4,21:42:34,石川県能登地方,37°29.5′N,137°14.2′E,13 km,3.3,震度２,37.49166667,137.2366667
2024/3/5,1:30:45,千葉県南部,35°20.0′N,140°20.9′E,26 km,2.8,震度１,35.33333333,140.3483333
2024/3/5,2:06:24,千葉県南部,35°19.9′N,140°21.7′E,25 km,2.9,震度２,35.33166667,140.3616667
2024/3/5,2:36:06,千葉県東方沖,35°23.6′N,140°24.0′E,28 km,2.1,震度１,35.39333333,140.4
2024/3/5,3:58:15,福島県沖,36°56.1′N,142°01.0′E,19 km,4.4,震度１,36.935,142.0166667
2024/3/5,6:55:09,千葉県東方沖,35°25.9′N,140°31.3′E,29 km,2.7,震度１,35.43166667,140.5216667
2024/3/5,11:17:35,佐渡付近,37°44.9′N,137°39.2′E,19 km,4.2,震度１,37.74833333,137.6533333
2024/3/5,13:14:45,能登半島沖,37°34.6′N,137°27.2′E,13 km,3.5,震度１,37.57666667,137.4533333
2024/3/5,20:01:48,能登半島沖,37°07.3′N,136°40.1′E,8 km,3.3,震度２,37.12166667,136.6683333
2024/3/5,21:59:39,石川県能登地方,37°22.1′N,137°05.5′E,12 km,3.2,震度１,37.36833333,137.0916667
2024/3/6,4:25:36,能登半島沖,37°06.8′N,136°37.2′E,9 km,2.8,震度１,37.11333333,136.62
2024/3/6,8:21:02,茨城県南部,36°00.7′N,140°22.7′E,34 km,3.4,震度１,36.01166667,140.3783333
2024/3/6,8:27:42,石川県能登地方,37°24.4′N,136°53.0′E,8 km,1.8,震度１,37.40666667,136.8833333
2024/3/6,17:09:43,千葉県北東部,35°30.7′N,140°25.1′E,33 km,3.3,震度３,35.51166667,140.4183333
2024/3/6,22:16:57,福島県沖,37°03.3′N,141°13.3′E,48 km,3.8,震度２,37.055,141.2216667
2024/3/7,1:43:27,宮城県沖,37°54.5′N,141°45.2′E,60 km,3.8,震度１,37.90833333,141.7533333
2024/3/7,2:29:44,奄美大島近海,28°30.6′N,129°04.4′E,17 km,3.3,震度１,28.51,129.0733333
2024/3/7,5:40:27,山梨県東部・富士五湖,35°32.2′N,138°56.2′E,23 km,3.6,震度２,35.53666667,138.9366667
2024/3/7,7:32:39,千葉県東方沖,35°29.8′N,140°55.0′E,35 km,3.5,震度１,35.49666667,140.9166667
2024/3/7,11:28:03,紀伊水道,34°13.2′N,135°05.2′E,9 km,3.6,震度２,34.22,135.0866667
2024/3/7,14:19:11,宮崎県北部平野部,32°26.0′N,131°31.4′E,13 km,3.6,震度２,32.43333333,131.5233333
2024/3/7,14:25:44,宮崎県北部平野部,32°26.0′N,131°31.3′E,13 km,3.4,震度３,32.43333333,131.5216667
2024/3/7,15:41:45,石川県能登地方,37°22.3′N,136°55.9′E,11 km,4.3,震度３,37.37166667,136.9316667
2024/3/7,16:43:58,石川県能登地方,37°23.0′N,136°55.9′E,7 km,2.3,震度１,37.38333333,136.9316667
2024/3/7,17:14:07,宮崎県北部平野部,32°46.2′N,131°49.2′E,52 km,4,震度３,32.77,131.82
2024/3/7,19:36:06,紀伊水道,34°13.1′N,135°05.3′E,9 km,2.8,震度１,34.21833333,135.0883333
2024/3/7,20:54:16,能登半島沖,37°08.3′N,136°38.5′E,7 km,1.7,震度１,37.13833333,136.6416667
2024/3/7,20:58:37,和歌山県北部,34°02.7′N,135°18.6′E,6 km,3.3,震度２,34.045,135.31
2024/3/7,21:36:10,茨城県南部,36°11.7′N,140°01.7′E,52 km,3.2,震度１,36.195,140.0283333
2024/3/7,21:51:08,能登半島沖,37°08.3′N,136°38.6′E,6 km,1.8,震度１,37.13833333,136.6433333
2024/3/8,0:00:49,岩手県沖,40°08.5′N,142°27.5′E,39 km,4.3,震度１,40.14166667,142.4583333
2024/3/8,2:50:48,石川県能登地方,37°12.6′N,136°52.2′E,11 km,2.7,震度２,37.21,136.87
2024/3/8,2:58:18,伊豆半島東方沖,35°04.1′N,139°09.1′E,9 km,2.9,震度２,35.06833333,139.1516667
2024/3/8,5:54:54,岩手県沖,40°05.1′N,142°26.1′E,38 km,3.9,震度１,40.085,142.435
2024/3/8,7:21:46,千葉県北東部,35°22.8′N,140°23.9′E,27 km,2.5,震度１,35.38,140.3983333
2024/3/8,16:10:59,千葉県東方沖,35°22.7′N,140°24.6′E,27 km,2.7,震度２,35.37833333,140.41
2024/3/8,20:35:28,能登半島沖,37°21.3′N,136°42.0′E,8 km,3.5,震度１,37.355,136.7
2024/3/9,2:55:48,紀伊水道,34°12.9′N,135°05.1′E,9 km,3.6,震度３,34.215,135.085
2024/3/9,3:59:11,千葉県東方沖,35°23.7′N,140°24.7′E,28 km,2.5,震度２,35.395,140.4116667
2024/3/9,4:26:42,千葉県東方沖,35°23.4′N,140°25.2′E,28 km,4.4,震度４,35.39,140.42
2024/3/9,12:47:25,石川県能登地方,37°25.0′N,137°06.3′E,12 km,3.8,震度２,37.41666667,137.105
2024/3/9,14:18:25,浦河沖,41°55.8′N,142°20.7′E,71 km,4.6,震度３,41.93,142.345
2024/3/9,16:56:21,釧路地方北部,43°36.3′N,144°24.1′E,5 km,1.1,震度１,43.605,144.4016667
2024/3/9,18:09:06,能登半島沖,37°07.7′N,136°42.1′E,8 km,2.5,震度１,37.12833333,136.7016667
2024/3/9,19:03:33,石川県能登地方,37°10.1′N,136°48.7′E,9 km,2.8,震度１,37.16833333,136.8116667
2024/3/9,20:21:40,宮崎県北部平野部,32°25.8′N,131°31.4′E,13 km,3.5,震度２,32.43,131.5233333
2024/3/9,21:26:31,宮崎県北部平野部,32°25.9′N,131°31.4′E,12 km,3.3,震度２,32.43166667,131.5233333
2024/3/10,15:14:55,宮城県沖,37°57.2′N,141°44.8′E,55 km,4.3,震度２,37.95333333,141.7466667
2024/3/10,19:25:44,千葉県東方沖,35°22.1′N,140°28.8′E,27 km,2.6,震度１,35.36833333,140.48
2024/3/11,2:03:25,福島県沖,37°48.3′N,141°37.7′E,56 km,3.7,震度１,37.805,141.6283333
2024/3/11,8:43:44,石川県能登地方,37°22.8′N,136°53.5′E,0 km,2.3,震度１,37.38,136.8916667
2024/3/11,9:29:53,石川県能登地方,37°23.5′N,136°52.8′E,6 km,1.9,震度１,37.39166667,136.88
2024/3/11,11:22:54,浦河沖,41°56.2′N,142°19.3′E,69 km,3.4,震度１,41.93666667,142.3216667
2024/3/11,11:32:20,奄美大島北東沖,29°03.8′N,129°52.0′E,52 km,3.8,震度１,29.06333333,129.8666667
2024/3/11,16:53:32,能登半島沖,37°06.3′N,136°41.3′E,7 km,3.5,震度１,37.105,136.6883333
2024/3/11,21:14:02,十勝地方北部,43°18.1′N,143°44.7′E,3 km,1.9,震度１,43.30166667,143.745
2024/3/12,10:35:51,父島近海,27°31.9′N,142°19.8′E,43 km,4.2,震度１,27.53166667,142.33
2024/3/12,12:27:26,千葉県東方沖,35°23.2′N,140°24.7′E,30 km,3,震度３,35.38666667,140.4116667
2024/3/12,14:10:18,石川県能登地方,37°12.1′N,136°44.6′E,7 km,2.7,震度１,37.20166667,136.7433333
2024/3/12,20:12:51,熊本県熊本地方,32°42.7′N,130°39.1′E,12 km,2.2,震度１,32.71166667,130.6516667
2024/3/13,2:59:37,能登半島沖,37°07.0′N,136°38.1′E,7 km,2,震度１,37.11666667,136.635
2024/3/13,3:31:58,能登半島沖,37°07.7′N,136°41.2′E,6 km,4.1,震度３,37.12833333,136.6866667
2024/3/13,10:10:50,福島県沖,37°09.5′N,141°27.3′E,44 km,3.6,震度１,37.15833333,141.455
2024/3/13,16:08:45,奄美大島近海,27°45.2′N,129°38.9′E,62 km,4.3,震度２,27.75333333,129.6483333
2024/3/13,20:24:43,福島県沖,37°05.6′N,141°07.8′E,51 km,4.7,震度４,37.09333333,141.13
2024/3/14,1:43:20,宮崎県南部山沿い,31°55.9′N,130°59.0′E,8 km,2.8,震度１,31.93166667,130.9833333
2024/3/14,3:05:17,宮崎県南部山沿い,31°55.9′N,130°59.0′E,8 km,2.5,震度１,31.93166667,130.9833333
2024/3/14,4:54:39,茨城県南部,36°04.6′N,139°55.6′E,46 km,3,震度１,36.07666667,139.9266667
2024/3/14,5:57:07,福島県会津,37°03.0′N,139°21.8′E,7 km,1.8,震度１,37.05,139.3633333
2024/3/14,10:18:02,石川県能登地方,37°16.5′N,136°51.1′E,9 km,2.7,震度１,37.275,136.8516667
2024/3/14,11:07:01,能登半島沖,37°06.5′N,136°36.6′E,8 km,2.4,震度２,37.10833333,136.61
2024/3/14,12:49:39,能登半島沖,37°06.1′N,136°36.8′E,9 km,2.3,震度２,37.10166667,136.6133333
2024/3/14,14:56:18,石川県能登地方,37°24.8′N,137°08.5′E,12 km,3.2,震度１,37.41333333,137.1416667
2024/3/14,16:05:58,石川県能登地方,37°13.4′N,136°43.3′E,4 km,2.9,震度１,37.22333333,136.7216667
2024/3/14,16:34:41,十勝地方北部,43°34.9′N,143°45.4′E,8 km,4.1,震度２,43.58166667,143.7566667
2024/3/14,18:37:52,青森県東方沖,41°29.9′N,142°02.7′E,57 km,4.1,震度２,41.49833333,142.045
2024/3/14,21:05:03,能登半島沖,37°08.5′N,136°38.5′E,5 km,1.9,震度１,37.14166667,136.6416667
2024/3/14,23:22:29,青森県東方沖,41°09.1′N,142°37.0′E,41 km,3.9,震度１,41.15166667,142.6166667
2024/3/15,0:14:36,福島県沖,37°04.3′N,141°09.8′E,50 km,5.8,震度５弱,37.07166667,141.1633333
2024/3/15,5:07:22,胆振地方中東部,42°42.7′N,142°01.7′E,37 km,2.9,震度１,42.71166667,142.0283333
2024/3/15,9:58:51,石川県能登地方,37°27.8′N,137°12.3′E,11 km,2.6,震度１,37.46333333,137.205
2024/3/15,19:28:10,石川県能登地方,37°29.5′N,137°13.8′E,9 km,3.6,震度２,37.49166667,137.23
2024/3/15,19:32:50,奄美大島近海,28°29.6′N,130°12.1′E,40 km,5.6,震度４,28.49333333,130.2016667
2024/3/15,19:34:09,奄美大島近海,28°32.4′N,130°05.9′E,31 km,4.7,震度３,28.54,130.0983333
2024/3/15,19:35:28,奄美大島近海,28°37.1′N,130°08.6′E,24 km,3.8,震度１,28.61833333,130.1433333
2024/3/15,20:04:02,奄美大島近海,28°30.3′N,130°12.1′E,35 km,4.9,震度２,28.505,130.2016667
2024/3/16,6:34:33,熊本県阿蘇地方,32°54.4′N,131°02.8′E,7 km,3.3,震度２,32.90666667,131.0466667
2024/3/16,8:32:07,石川県能登地方,37°22.1′N,136°51.6′E,9 km,2.4,震度１,37.36833333,136.86
2024/3/16,14:13:22,能登半島沖,37°09.7′N,136°40.8′E,4 km,2.2,震度２,37.16166667,136.68
2024/3/16,14:27:42,石川県西方沖,37°04.3′N,136°33.0′E,10 km,3.2,震度１,37.07166667,136.55
2024/3/16,23:49:40,京都府南部,34°55.1′N,135°40.0′E,12 km,2.4,震度１,34.91833333,135.6666667
2024/3/17,6:17:04,福島県沖,37°09.3′N,141°26.8′E,44 km,5.4,震度４,37.155,141.4466667
2024/3/17,9:48:34,青森県東方沖,41°25.4′N,141°46.9′E,68 km,3.4,震度１,41.42333333,141.7816667
2024/3/17,12:38:35,東京都多摩東部,35°37.5′N,139°30.8′E,26 km,2.9,震度１,35.625,139.5133333
2024/3/17,14:31:52,千葉県東方沖,35°25.9′N,140°31.7′E,30 km,2.7,震度１,35.43166667,140.5283333
2024/3/17,17:57:07,千葉県東方沖,35°26.2′N,140°31.8′E,30 km,2.3,震度１,35.43666667,140.53
2024/3/18,2:12:39,石川県能登地方,37°12.4′N,136°42.0′E,5 km,2.8,震度１,37.20666667,136.7
2024/3/18,2:25:15,福島県沖,37°09.6′N,141°25.8′E,44 km,3.9,震度３,37.16,141.43
2024/3/18,3:50:20,千葉県北西部,35°45.7′N,140°16.0′E,58 km,4.2,震度２,35.76166667,140.2666667
2024/3/18,10:07:05,豊後水道,33°15.2′N,132°20.8′E,40 km,3.1,震度１,33.25333333,132.3466667
2024/3/18,10:58:01,豊後水道,33°15.3′N,132°21.0′E,40 km,3.9,震度２,33.255,132.35
2024/3/18,18:49:28,千葉県北西部,35°38.2′N,140°04.2′E,72 km,3.7,震度２,35.63666667,140.07
2024/3/19,1:01:24,石川県能登地方,37°29.6′N,137°13.9′E,12 km,2.9,震度１,37.49333333,137.2316667
2024/3/19,1:12:35,鹿児島湾,31°18.8′N,130°38.8′E,124 km,3.9,震度１,31.31333333,130.6466667
2024/3/19,10:15:06,十勝沖,41°41.6′N,143°49.2′E,21 km,4.6,震度２,41.69333333,143.82
2024/3/19,19:21:10,能登半島沖,37°32.9′N,137°16.3′E,10 km,2.9,震度１,37.54833333,137.2716667
2024/3/20,1:37:41,石川県能登地方,37°11.3′N,136°50.4′E,10 km,2.5,震度１,37.18833333,136.84
2024/3/20,1:43:22,千葉県北東部,35°29.9′N,140°24.9′E,37 km,2.7,震度１,35.49833333,140.415
2024/3/20,8:54:07,熊本県阿蘇地方,32°58.1′N,131°06.3′E,9 km,3.1,震度２,32.96833333,131.105
2024/3/21,7:03:51,千葉県北東部,35°23.6′N,140°23.6′E,29 km,2.6,震度１,35.39333333,140.3933333
2024/3/21,7:43:48,山梨県中・西部,35°19.6′N,138°29.0′E,17 km,2.6,震度２,35.32666667,138.4833333
2024/3/21,9:08:04,茨城県南部,36°02.9′N,139°53.2′E,46 km,5.3,震度５弱,36.04833333,139.8866667
2024/3/21,18:21:34,トカラ列島近海,29°09.9′N,129°10.2′E,12 km,,震度１,29.165,129.17
2024/3/22,1:08:27,京都府南部,35°17.8′N,135°44.0′E,13 km,3.4,震度１,35.29666667,135.7333333
2024/3/22,3:43:49,宮城県沖,38°14.1′N,141°43.1′E,52 km,3.4,震度１,38.235,141.7183333
2024/3/22,9:56:12,茨城県南部,36°10.5′N,139°53.8′E,66 km,3.2,震度１,36.175,139.8966667
2024/3/22,14:08:39,トカラ列島近海,29°09.5′N,129°11.0′E,12 km,2.2,震度１,29.15833333,129.1833333
2024/3/22,14:44:00,岩手県沖,40°21.8′N,142°12.1′E,46 km,4.3,震度２,40.36333333,142.2016667
2024/3/22,19:23:02,石川県能登地方,37°09.9′N,136°45.3′E,4 km,2.3,震度１,37.165,136.755
2024/3/23,2:56:03,能登半島沖,37°34.5′N,137°23.5′E,8 km,4.3,震度２,37.575,137.3916667
2024/3/23,8:31:49,岐阜県美濃中西部,35°40.9′N,136°37.8′E,14 km,4.6,震度４,35.68166667,136.63
2024/3/23,15:27:55,能登半島沖,37°31.5′N,137°11.1′E,10 km,2,震度１,37.525,137.185
2024/3/23,20:17:11,石川県能登地方,37°13.8′N,136°49.4′E,11 km,2.7,震度１,37.23,136.8233333
2024/3/23,21:05:23,千葉県南部,35°19.4′N,140°21.9′E,26 km,2.7,震度２,35.32333333,140.365
2024/3/24,1:49:54,千葉県北西部,35°29.5′N,140°05.2′E,70 km,3.2,震度２,35.49166667,140.0866667
2024/3/24,3:04:01,能登半島沖,37°08.0′N,136°39.0′E,6 km,2,震度１,37.13333333,136.65
2024/3/24,15:53:51,石川県能登地方,37°23.8′N,136°52.5′E,6 km,2.9,震度３,37.39666667,136.875
2024/3/24,15:57:53,石川県能登地方,37°23.9′N,136°52.4′E,0 km,1.8,震度１,37.39833333,136.8733333
2024/3/25,3:37:00,長野県南部,35°55.7′N,138°04.4′E,4 km,2.8,震度１,35.92833333,138.0733333
2024/3/25,3:54:16,石川県能登地方,37°20.7′N,136°59.6′E,11 km,2.5,震度１,37.345,136.9933333
2024/3/25,5:47:12,茨城県北部,36°27.9′N,140°35.7′E,55 km,3.3,震度１,36.465,140.595
2024/3/25,10:58:04,石川県能登地方,37°27.2′N,137°08.8′E,9 km,3,震度２,37.45333333,137.1466667
2024/3/25,20:16:21,石川県能登地方,37°09.1′N,136°42.9′E,6 km,1.4,震度１,37.15166667,136.715
2024/3/25,23:45:29,鹿児島県薩摩地方,31°50.8′N,130°47.0′E,7 km,2.8,震度２,31.84666667,130.7833333
2024/3/26,3:07:52,能登半島沖,37°08.8′N,136°43.0′E,4 km,1.7,震度１,37.14666667,136.7166667
2024/3/26,5:51:10,青森県東方沖,41°09.2′N,141°51.4′E,67 km,3.2,震度１,41.15333333,141.8566667
2024/3/26,8:01:08,鹿児島県薩摩地方,31°50.7′N,130°47.0′E,7 km,2.8,震度１,31.845,130.7833333
2024/3/26,16:54:28,石川県能登地方,37°25.0′N,137°06.0′E,9 km,3.1,震度１,37.41666667,137.1
2024/3/27,4:59:30,茨城県沖,36°13.9′N,141°00.4′E,33 km,3.3,震度１,36.23166667,141.0066667
2024/3/27,6:06:07,千葉県北東部,35°33.4′N,140°23.1′E,55 km,4.3,震度２,35.55666667,140.385
2024/3/27,10:25:44,石川県能登地方,37°30.8′N,137°17.1′E,8 km,2.2,震度１,37.51333333,137.285
2024/3/28,5:59:20,能登半島沖,37°31.4′N,137°13.4′E,13 km,2.6,震度１,37.52333333,137.2233333
2024/3/28,6:15:35,広島県南西部,34°28.5′N,132°06.2′E,17 km,3.4,震度１,34.475,132.1033333
2024/3/28,8:08:16,岩手県内陸北部,40°09.2′N,141°10.3′E,8 km,2.2,震度１,40.15333333,141.1716667
2024/3/28,16:10:56,十勝地方中部,42°45.0′N,143°13.0′E,105 km,3.1,震度１,42.75,143.2166667
2024/3/28,23:15:01,大阪府北部,34°57.6′N,135°35.8′E,9 km,3.1,震度２,34.96,135.5966667
2024/3/28,23:49:32,福島県沖,37°31.1′N,141°25.6′E,49 km,3.5,震度１,37.51833333,141.4266667
2024/3/29,0:14:38,石川県能登地方,37°12.5′N,136°47.7′E,8 km,3.2,震度１,37.20833333,136.795
2024/3/29,2:40:27,福島県中通り,37°16.7′N,139°59.7′E,9 km,2.4,震度１,37.27833333,139.995
2024/3/29,3:14:49,岐阜県飛騨地方,36°05.0′N,137°32.5′E,5 km,3.2,震度２,36.08333333,137.5416667
2024/3/29,6:10:17,能登半島沖,37°07.6′N,136°42.8′E,3 km,2.7,震度２,37.12666667,136.7133333
2024/3/29,14:17:30,淡路島付近,34°22.1′N,134°53.6′E,11 km,2.6,震度１,34.36833333,134.8933333
2024/3/30,8:31:54,能登半島沖,37°08.3′N,136°41.9′E,5 km,2.7,震度２,37.13833333,136.6983333
2024/3/30,12:24:27,兵庫県南東部,34°44.9′N,134°50.3′E,12 km,3,震度１,34.74833333,134.8383333
2024/3/30,17:05:20,石川県能登地方,37°17.1′N,136°51.6′E,12 km,3.2,震度１,37.285,136.86
2024/3/30,23:23:07,茨城県沖,36°43.0′N,141°31.0′E,37 km,4.2,震度１,36.71666667,141.5166667
2024/3/31,1:24:54,トカラ列島近海,29°55.4′N,130°00.3′E,11 km,1.9,震度１,29.92333333,130.005
2024/3/31,6:47:32,能登半島沖,37°28.8′N,136°53.6′E,14 km,3.2,震度１,37.48,136.8933333
2024/3/31,9:58:43,福島県会津,37°02.5′N,139°20.3′E,6 km,1.9,震度１,37.04166667,139.3383333
2024/3/31,20:44:55,石川県能登地方,37°13.5′N,136°50.7′E,11 km,3.4,震度２,37.225,136.845
2024/3/31,21:14:13,茨城県南部,36°03.5′N,139°53.2′E,45 km,3,震度１,36.05833333,139.8866667
2024/4/1,2:48:52,宮崎県北部平野部,32°25.8′N,131°31.4′E,13 km,3.3,震度２,32.43,131.5233333
2024/4/1,3:59:43,福島県沖,37°31.3′N,141°21.5′E,50 km,3.4,震度１,37.52166667,141.3583333
2024/4/1,4:59:42,宮城県沖,38°47.2′N,142°06.8′E,50 km,3.5,震度１,38.78666667,142.1133333
2024/4/1,7:54:51,長野県南部,35°40.8′N,138°12.0′E,13 km,3.3,震度２,35.68,138.2
2024/4/1,9:28:05,天草灘,32°33.3′N,129°53.4′E,14 km,2.5,震度１,32.555,129.89
2024/4/1,10:03:23,釧路地方北部,43°36.1′N,144°25.0′E,2 km,0.9,震度１,43.60166667,144.4166667
2024/4/1,23:05:08,釧路沖,42°57.6′N,145°01.8′E,60 km,3.5,震度１,42.96,145.03
2024/4/2,2:49:55,石川県能登地方,37°22.9′N,136°52.9′E,0 km,2.2,震度２,37.38166667,136.8816667
2024/4/2,3:27:05,石川県能登地方,37°22.7′N,136°52.7′E,0 km,1.7,震度１,37.37833333,136.8783333
2024/4/2,4:24:39,岩手県沿岸北部,40°08.0′N,141°42.7′E,71 km,6,震度５弱,40.13333333,141.7116667
2024/4/2,4:43:08,岩手県沿岸北部,40°08.6′N,141°41.7′E,75 km,3.2,震度１,40.14333333,141.695
2024/4/2,5:01:08,岩手県沿岸北部,40°08.9′N,141°41.8′E,74 km,3.3,震度１,40.14833333,141.6966667
2024/4/2,5:57:20,千葉県東方沖,35°36.0′N,141°00.3′E,24 km,3.5,震度１,35.6,141.005
2024/4/2,9:34:54,紀伊水道,34°13.4′N,135°07.9′E,7 km,2.6,震度２,34.22333333,135.1316667
2024/4/2,10:41:27,岩手県沿岸北部,40°08.8′N,141°42.1′E,75 km,3.2,震度１,40.14666667,141.7016667
2024/4/2,17:24:37,石川県能登地方,37°22.0′N,136°51.5′E,8 km,3.7,震度３,37.36666667,136.8583333
2024/4/3,6:26:45,岩手県内陸南部,39°32.4′N,141°22.5′E,120 km,3.6,震度１,39.54,141.375
2024/4/3,8:58:09,台湾付近,23°49.9′N,121°35.9′E,23 km,7.7,震度４,23.83166667,121.5983333
2024/4/3,9:11:26,台湾付近,24°05.8′N,121°40.7′E,15 km,6.6,震度２,24.09666667,121.6783333
2024/4/3,9:35:37,台湾付近,24°10.5′N,121°43.8′E,12 km,6.3,震度１,24.175,121.73
2024/4/3,9:46:36,千葉県東方沖,35°22.2′N,140°39.3′E,44 km,3,震度１,35.37,140.655
2024/4/3,9:55:39,奄美大島近海,28°02.3′N,129°20.6′E,43 km,2.8,震度１,28.03833333,129.3433333
2024/4/3,9:56:06,岐阜県飛騨地方,35°59.6′N,137°31.3′E,9 km,1.9,震度１,35.99333333,137.5216667
2024/4/3,10:56:39,石川県能登地方,37°11.7′N,136°53.1′E,10 km,3.6,震度３,37.195,136.885
2024/4/3,11:14:37,台湾付近,24°08.8′N,121°57.0′E,21 km,6,震度１,24.14666667,121.95
2024/4/3,12:34:19,千葉県北東部,35°22.7′N,140°18.6′E,29 km,3.7,震度３,35.37833333,140.31
2024/4/3,14:21:06,大分県西部,33°06.6′N,131°12.1′E,3 km,3,震度１,33.11,131.2016667
2024/4/3,14:56:20,大分県西部,33°06.6′N,131°12.1′E,2 km,2.8,震度１,33.11,131.2016667
2024/4/4,3:09:31,苫小牧沖,41°50.7′N,141°33.6′E,111 km,4.2,震度１,41.845,141.56
2024/4/4,5:11:35,岐阜県飛騨地方,35°59.6′N,137°31.3′E,9 km,2.3,震度１,35.99333333,137.5216667
2024/4/4,7:41:50,択捉島南東沖,43°57.9′N,148°07.5′E,0 km,4.8,震度１,43.965,148.125
2024/4/4,8:24:40,奄美大島北東沖,29°19.7′N,130°02.0′E,49 km,3.4,震度１,29.32833333,130.0333333
2024/4/4,11:15:52,東京都多摩東部,35°39.0′N,139°33.1′E,105 km,3.8,震度２,35.65,139.5516667
2024/4/4,12:16:30,福島県沖,37°43.8′N,141°51.7′E,44 km,6.3,震度４,37.73,141.8616667
2024/4/4,14:13:04,岩手県沿岸南部,38°59.7′N,141°29.5′E,106 km,3.7,震度１,38.995,141.4916667
2024/4/5,5:31:49,浦河沖,41°56.4′N,142°26.8′E,66 km,5,震度３,41.94,142.4466667
2024/4/5,11:47:58,愛知県西部,35°21.7′N,136°48.4′E,8 km,2.4,震度１,35.36166667,136.8066667
2024/4/5,14:27:20,石川県能登地方,37°13.7′N,136°49.0′E,11 km,3.2,震度１,37.22833333,136.8166667
2024/4/5,20:03:21,マリアナ諸島,19°38.3′N,145°30.0′E,250 km,6.8,震度２,19.63833333,145.5
2024/4/6,0:40:11,福島県沖,37°06.4′N,141°07.0′E,52 km,3.9,震度２,37.10666667,141.1166667
2024/4/6,1:13:23,福島県会津,37°03.0′N,139°21.7′E,6 km,2,震度２,37.05,139.3616667
2024/4/6,6:16:51,石川県能登地方,37°21.9′N,136°51.8′E,8 km,2.8,震度１,37.365,136.8633333
2024/4/6,9:12:18,青森県東方沖,40°52.1′N,143°23.9′E,17 km,5.5,震度３,40.86833333,143.3983333
2024/4/6,15:13:03,宮城県沖,38°10.3′N,141°41.7′E,52 km,4,震度２,38.17166667,141.695
2024/4/6,19:16:14,日向灘,31°58.1′N,131°35.8′E,38 km,3.2,震度１,31.96833333,131.5966667
2024/4/6,19:55:52,宗谷地方北部,45°03.1′N,141°45.1′E,11 km,2.1,震度１,45.05166667,141.7516667
2024/4/6,23:52:52,千葉県北東部,35°32.6′N,140°21.8′E,28 km,2.7,震度１,35.54333333,140.3633333
2024/4/7,10:58:09,石川県能登地方,37°29.1′N,137°09.7′E,11 km,2.2,震度１,37.485,137.1616667
2024/4/7,16:18:28,石川県能登地方,37°28.7′N,137°16.1′E,13 km,2.8,震度１,37.47833333,137.2683333
2024/4/7,22:47:55,岩手県沖,39°09.4′N,142°23.2′E,54 km,3.8,震度１,39.15666667,142.3866667
2024/4/8,1:59:08,岩手県沖,40°12.5′N,142°16.5′E,43 km,3.9,震度１,40.20833333,142.275
2024/4/8,5:51:31,宮城県沖,38°10.3′N,141°41.7′E,52 km,3.7,震度１,38.17166667,141.695
2024/4/8,10:25:29,大隅半島東方沖,31°35.4′N,131°28.6′E,39 km,5.1,震度５弱,31.59,131.4766667
2024/4/8,10:36:54,岩手県沿岸南部,39°14.1′N,141°43.3′E,16 km,3.2,震度１,39.235,141.7216667
2024/4/8,10:47:56,宮城県北部,38°55.5′N,140°47.8′E,3 km,2.8,震度１,38.925,140.7966667
2024/4/8,11:45:47,宮城県沖,38°54.9′N,141°56.2′E,51 km,3.9,震度１,38.915,141.9366667
2024/4/8,13:27:20,奄美大島近海,28°09.0′N,129°09.4′E,27 km,3.3,震度１,28.15,129.1566667
2024/4/8,13:57:09,日向灘,32°08.0′N,131°54.6′E,28 km,4.5,震度２,32.13333333,131.91
2024/4/8,22:29:27,石川県能登地方,37°28.3′N,137°10.0′E,13 km,4.1,震度３,37.47166667,137.1666667
2024/4/9,2:57:38,能登半島沖,37°08.1′N,136°37.6′E,7 km,2.5,震度１,37.135,136.6266667
2024/4/9,6:13:02,岩手県沿岸北部,40°07.7′N,141°41.2′E,76 km,4.1,震度２,40.12833333,141.6866667
2024/4/9,7:26:41,石川県能登地方,37°29.3′N,137°18.6′E,11 km,2.4,震度１,37.48833333,137.31
2024/4/9,7:36:23,石川県能登地方,37°29.3′N,137°18.9′E,12 km,2.7,震度２,37.48833333,137.315
2024/4/9,10:17:20,石川県能登地方,37°21.8′N,136°57.5′E,10 km,2.7,震度１,37.36333333,136.9583333
2024/4/9,17:25:35,岩手県沖,39°19.8′N,142°04.6′E,48 km,2.9,震度１,39.33,142.0766667
2024/4/9,19:00:55,石川県能登地方,37°29.2′N,137°16.6′E,12 km,2.4,震度１,37.48666667,137.2766667
2024/4/9,20:26:54,石川県能登地方,37°29.1′N,137°16.7′E,11 km,2.9,震度２,37.485,137.2783333
2024/4/10,3:56:15,長野県北部,36°41.8′N,138°24.0′E,10 km,2.2,震度１,36.69666667,138.4
2024/4/10,9:03:53,能登半島沖,37°24.6′N,136°56.9′E,0 km,2.8,震度１,37.41,136.9483333
2024/4/10,11:38:48,沖縄本島近海,25°45.7′N,126°37.6′E,57 km,3.6,震度１,25.76166667,126.6266667
2024/4/10,11:45:15,石川県能登地方,37°10.0′N,136°41.4′E,4 km,2.6,震度２,37.16666667,136.69
2024/4/10,15:19:20,奄美大島北西沖,29°09.2′N,128°30.1′E,178 km,4.1,震度１,29.15333333,128.5016667
2024/4/11,6:50:23,石川県加賀地方,36°27.6′N,136°43.0′E,11 km,2.6,震度１,36.46,136.7166667
2024/4/11,11:51:32,石川県能登地方,37°21.4′N,136°49.2′E,5 km,2.4,震度１,37.35666667,136.82
2024/4/11,12:43:06,日向灘,32°11.9′N,131°57.7′E,24 km,2.8,震度１,32.19833333,131.9616667
2024/4/11,13:16:16,石川県能登地方,37°27.5′N,137°08.8′E,12 km,3.5,震度２,37.45833333,137.1466667
2024/4/11,16:13:43,青森県東方沖,40°43.6′N,141°44.5′E,107 km,4.3,震度２,40.72666667,141.7416667
2024/4/11,16:45:02,石川県能登地方,37°14.1′N,136°48.4′E,12 km,2.9,震度１,37.235,136.8066667
2024/4/12,4:50:51,トカラ列島近海,29°21.8′N,129°34.8′E,10 km,2.5,震度１,29.36333333,129.58
2024/4/12,8:02:54,長野県北部,36°25.5′N,137°53.0′E,6 km,1.8,震度１,36.425,137.8833333
2024/4/12,11:14:47,岩手県沿岸北部,39°45.5′N,141°49.9′E,59 km,3.6,震度１,39.75833333,141.8316667
2024/4/12,18:00:18,奄美大島近海,28°24.0′N,129°11.6′E,41 km,4.9,震度３,28.4,129.1933333
2024/4/12,20:07:12,石川県能登地方,37°09.9′N,136°41.3′E,3 km,1.7,震度１,37.165,136.6883333
2024/4/13,0:40:06,釧路地方中南部,43°06.6′N,143°48.5′E,130 km,3.5,震度１,43.11,143.8083333
2024/4/13,1:59:50,奄美大島近海,28°24.0′N,129°10.8′E,40 km,3.2,震度１,28.4,129.18
2024/4/13,2:17:26,紀伊水道,34°07.7′N,135°06.9′E,8 km,2.4,震度１,34.12833333,135.115
2024/4/13,2:27:02,大隅半島東方沖,31°34.1′N,131°27.6′E,37 km,3,震度１,31.56833333,131.46
2024/4/13,4:48:14,釧路沖,42°57.4′N,145°25.2′E,45 km,3.9,震度２,42.95666667,145.42
2024/4/13,10:58:05,石川県能登地方,37°24.5′N,136°54.2′E,0 km,2.5,震度１,37.40833333,136.9033333
2024/4/13,16:43:12,愛媛県南予,33°30.9′N,132°33.4′E,42 km,3.4,震度２,33.515,132.5566667
2024/4/13,23:01:31,石川県能登地方,37°30.7′N,137°14.8′E,11 km,2.4,震度１,37.51166667,137.2466667
2024/4/14,1:29:50,択捉島南東沖,44°09.1′N,147°57.0′E,0 km,4.4,震度１,44.15166667,147.95
2024/4/14,8:32:11,石川県能登地方,37°10.7′N,136°50.4′E,11 km,3.4,震度２,37.17833333,136.84
2024/4/14,23:32:17,岩手県沖,39°05.4′N,142°12.5′E,40 km,3.7,震度１,39.09,142.2083333
2024/4/15,0:07:38,茨城県沖,36°24.0′N,141°08.2′E,38 km,3.2,震度１,36.4,141.1366667
2024/4/15,1:06:11,浦河沖,41°54.8′N,142°29.9′E,64 km,4.3,震度１,41.91333333,142.4983333
2024/4/16,2:26:20,トカラ列島近海,29°07.9′N,129°10.1′E,10 km,2.2,震度１,29.13166667,129.1683333
2024/4/16,5:40:16,長野県南部,35°53.9′N,137°37.6′E,7 km,2.1,震度１,35.89833333,137.6266667
2024/4/16,7:38:59,種子島南東沖,29°27.4′N,131°44.3′E,70 km,5.6,震度２,29.45666667,131.7383333
2024/4/16,8:59:27,石川県能登地方,37°09.5′N,136°41.4′E,2 km,1.2,震度１,37.15833333,136.69
2024/4/17,3:21:28,岩手県沖,39°20.1′N,142°04.2′E,48 km,4.2,震度２,39.335,142.07
2024/4/17,5:19:17,父島近海,26°33.5′N,142°47.7′E,14 km,5.1,震度２,26.55833333,142.795
2024/4/17,19:18:17,長野県南部,35°51.6′N,137°48.9′E,10 km,3.9,震度３,35.86,137.815
2024/4/17,23:14:49,豊後水道,33°12.0′N,132°24.5′E,39 km,6.6,震度６弱,33.2,132.4083333
2024/4/17,23:18:22,豊後水道,33°10.3′N,132°23.5′E,36 km,3.1,震度１,33.17166667,132.3916667
2024/4/17,23:19:01,豊後水道,33°13.2′N,132°23.9′E,41 km,5.1,震度４,33.22,132.3983333
2024/4/17,23:19:59,豊後水道,33°13.1′N,132°22.0′E,37 km,3.1,震度１,33.21833333,132.3666667
2024/4/17,23:26:53,豊後水道,33°12.1′N,132°20.3′E,38 km,4.2,震度３,33.20166667,132.3383333
2024/4/17,23:30:55,豊後水道,33°10.9′N,132°22.9′E,36 km,3,震度１,33.18166667,132.3816667
2024/4/17,23:31:32,長野県北部,36°41.8′N,138°24.0′E,11 km,3.3,震度３,36.69666667,138.4
2024/4/17,23:33:18,豊後水道,33°10.8′N,132°23.0′E,35 km,2.5,震度１,33.18,132.3833333
2024/4/17,23:34:04,豊後水道,33°11.7′N,132°23.2′E,36 km,2.9,震度１,33.195,132.3866667
2024/4/17,23:39:03,豊後水道,33°12.5′N,132°22.2′E,41 km,2.7,震度１,33.20833333,132.37
2024/4/17,23:40:57,豊後水道,33°10.6′N,132°23.1′E,36 km,2.6,震度１,33.17666667,132.385
2024/4/17,23:42:08,豊後水道,33°10.7′N,132°22.8′E,36 km,2.8,震度１,33.17833333,132.38
2024/4/17,23:43:18,豊後水道,33°11.9′N,132°23.2′E,36 km,2.9,震度１,33.19833333,132.3866667
2024/4/17,23:47:23,豊後水道,33°12.2′N,132°20.7′E,37 km,3.1,震度１,33.20333333,132.345
2024/4/17,23:52:14,豊後水道,33°11.5′N,132°21.0′E,38 km,3.4,震度１,33.19166667,132.35
2024/4/17,23:59:42,豊後水道,33°10.8′N,132°22.9′E,36 km,3.1,震度１,33.18,132.3816667
2024/4/18,0:30:29,豊後水道,33°12.6′N,132°22.5′E,37 km,3.6,震度２,33.21,132.375
2024/4/18,0:37:54,豊後水道,33°13.4′N,132°23.9′E,39 km,3.8,震度２,33.22333333,132.3983333
2024/4/18,0:44:04,豊後水道,33°13.2′N,132°22.9′E,36 km,3.4,震度２,33.22,132.3816667
2024/4/18,0:47:14,豊後水道,33°13.1′N,132°21.9′E,38 km,2.9,震度１,33.21833333,132.365
2024/4/18,1:01:11,豊後水道,33°12.1′N,132°20.6′E,38 km,3.2,震度２,33.20166667,132.3433333
2024/4/18,1:03:23,豊後水道,33°11.1′N,132°23.4′E,35 km,3.2,震度１,33.185,132.39
2024/4/18,1:05:39,豊後水道,33°11.6′N,132°23.1′E,37 km,3.3,震度２,33.19333333,132.385
2024/4/18,2:01:50,豊後水道,33°14.7′N,132°24.2′E,37 km,3,震度１,33.245,132.4033333
2024/4/18,2:11:53,豊後水道,33°12.9′N,132°22.8′E,38 km,2.8,震度１,33.215,132.38
2024/4/18,3:34:27,豊後水道,33°12.1′N,132°23.0′E,37 km,2.9,震度１,33.20166667,132.3833333
2024/4/18,3:48:11,豊後水道,33°12.3′N,132°22.9′E,37 km,2.8,震度１,33.205,132.3816667
2024/4/18,4:02:39,豊後水道,33°13.6′N,132°22.1′E,38 km,2.9,震度１,33.22666667,132.3683333
2024/4/18,4:10:49,豊後水道,33°11.4′N,132°23.1′E,37 km,2.9,震度１,33.19,132.385
2024/4/18,4:55:39,豊後水道,33°11.7′N,132°23.2′E,37 km,2.7,震度１,33.195,132.3866667
2024/4/18,5:27:22,豊後水道,33°12.8′N,132°22.0′E,38 km,3,震度１,33.21333333,132.3666667
2024/4/18,5:32:33,豊後水道,33°13.1′N,132°22.8′E,37 km,3.1,震度１,33.21833333,132.38
2024/4/18,6:31:45,豊後水道,33°12.9′N,132°22.2′E,37 km,3.6,震度２,33.215,132.37
2024/4/18,6:42:41,豊後水道,33°13.7′N,132°22.2′E,37 km,3.1,震度１,33.22833333,132.37
2024/4/18,7:27:05,豊後水道,33°13.1′N,132°22.8′E,37 km,2.9,震度１,33.21833333,132.38
2024/4/18,10:34:25,豊後水道,33°12.7′N,132°22.5′E,37 km,3.3,震度１,33.21166667,132.375
2024/4/18,12:01:45,豊後水道,33°12.2′N,132°22.9′E,37 km,3.2,震度１,33.20333333,132.3816667
2024/4/18,12:15:58,豊後水道,33°13.7′N,132°22.2′E,37 km,3.7,震度２,33.22833333,132.37
2024/4/18,13:04:24,熊本県熊本地方,32°24.6′N,130°33.8′E,9 km,3.3,震度１,32.41,130.5633333
2024/4/18,14:41:46,石川県能登地方,37°27.8′N,137°08.4′E,12 km,3.1,震度１,37.46333333,137.14
2024/4/18,15:41:15,豊後水道,33°08.3′N,132°23.6′E,41 km,3.3,震度１,33.13833333,132.3933333
2024/4/18,16:41:22,豊後水道,33°14.8′N,132°24.3′E,37 km,3.3,震度１,33.24666667,132.405
2024/4/18,18:04:28,豊後水道,33°12.0′N,132°23.1′E,36 km,2.7,震度１,33.2,132.385
2024/4/18,18:29:14,硫黄島近海,23°03.7′N,143°37.8′E,113 km,5.5,震度１,23.06166667,143.63
2024/4/18,18:37:34,豊後水道,33°12.8′N,132°22.9′E,37 km,3,震度１,33.21333333,132.3816667
2024/4/18,20:16:18,豊後水道,33°12.2′N,132°22.9′E,38 km,3.3,震度１,33.20333333,132.3816667
2024/4/18,20:28:35,豊後水道,33°12.5′N,132°22.5′E,39 km,3,震度１,33.20833333,132.375
2024/4/18,20:32:02,豊後水道,33°12.2′N,132°23.0′E,37 km,2.6,震度１,33.20333333,132.3833333
2024/4/18,23:45:59,豊後水道,33°12.4′N,132°22.2′E,39 km,3.7,震度２,33.20666667,132.37
2024/4/19,2:59:20,豊後水道,33°13.6′N,132°22.3′E,38 km,3.5,震度２,33.22666667,132.3716667
2024/4/19,3:06:24,豊後水道,33°12.9′N,132°21.7′E,38 km,2.8,震度１,33.215,132.3616667
2024/4/19,4:55:40,豊後水道,33°12.8′N,132°21.5′E,37 km,3,震度１,33.21333333,132.3583333
2024/4/19,8:16:26,豊後水道,33°12.3′N,132°22.4′E,37 km,3,震度１,33.205,132.3733333
2024/4/19,9:33:22,茨城県南部,36°05.3′N,139°53.4′E,48 km,4.1,震度２,36.08833333,139.89
2024/4/19,17:20:22,奄美大島近海,28°23.3′N,129°09.8′E,40 km,3.4,震度１,28.38833333,129.1633333
2024/4/19,19:19:51,宮城県沖,38°53.3′N,141°58.1′E,49 km,3.6,震度１,38.88833333,141.9683333
2024/4/19,20:55:06,石川県能登地方,37°23.1′N,137°04.5′E,10 km,3,震度１,37.385,137.075
2024/4/19,20:55:52,石川県能登地方,37°28.0′N,137°13.3′E,13 km,2.9,震度１,37.46666667,137.2216667
2024/4/19,20:56:11,豊後水道,33°10.7′N,132°22.9′E,38 km,3.1,震度１,33.17833333,132.3816667
2024/4/19,23:27:55,福岡県北西沖,34°55.9′N,129°41.7′E,15 km,4.1,震度２,34.93166667,129.695
2024/4/20,0:00:01,茨城県沖,36°36.8′N,141°00.8′E,45 km,3.5,震度１,36.61333333,141.0133333
2024/4/20,1:52:54,秋田県内陸北部,39°58.5′N,140°26.2′E,7 km,2.8,震度１,39.975,140.4366667
2024/4/20,1:56:15,豊後水道,33°11.8′N,132°22.9′E,38 km,2.9,震度１,33.19666667,132.3816667
2024/4/20,2:51:41,和歌山県南方沖,33°28.6′N,135°03.6′E,34 km,3.7,震度２,33.47666667,135.06
2024/4/20,5:22:59,豊後水道,33°11.5′N,132°22.7′E,36 km,3.1,震度１,33.19166667,132.3783333
2024/4/20,5:59:36,根室半島南東沖,42°58.3′N,146°50.1′E,36 km,4.8,震度１,42.97166667,146.835
2024/4/20,7:07:29,根室半島南東沖,43°19.9′N,146°23.7′E,47 km,4.4,震度２,43.33166667,146.395
2024/4/20,16:00:18,トカラ列島近海,29°57.1′N,130°00.5′E,12 km,2,震度１,29.95166667,130.0083333
2024/4/21,0:56:49,豊後水道,33°12.5′N,132°21.4′E,37 km,2.7,震度１,33.20833333,132.3566667
2024/4/21,6:19:22,紀伊水道,34°13.9′N,135°08.2′E,7 km,2.9,震度３,34.23166667,135.1366667
2024/4/21,6:40:25,宮城県沖,38°48.2′N,141°36.0′E,72 km,3.4,震度１,38.80333333,141.6
2024/4/21,6:46:58,石川県能登地方,37°29.7′N,137°13.7′E,12 km,2.4,震度１,37.495,137.2283333
2024/4/21,9:46:50,奄美大島北東沖,29°20.6′N,130°26.8′E,49 km,4.2,震度１,29.34333333,130.4466667
2024/4/21,14:13:16,石川県能登地方,37°22.6′N,136°51.5′E,10 km,2.4,震度１,37.37666667,136.8583333
2024/4/21,15:51:00,能登半島沖,37°07.7′N,136°40.9′E,6 km,2.5,震度１,37.12833333,136.6816667
2024/4/21,16:06:47,石川県能登地方,37°22.6′N,137°05.6′E,11 km,3.3,震度１,37.37666667,137.0933333
2024/4/21,21:28:13,遠州灘,34°31.2′N,137°03.7′E,341 km,4.1,震度１,34.52,137.0616667
2024/4/21,22:36:25,豊後水道,33°12.3′N,132°20.7′E,38 km,3.4,震度２,33.205,132.345
2024/4/22,3:44:19,豊後水道,33°12.1′N,132°22.8′E,39 km,2.9,震度１,33.20166667,132.38
2024/4/22,3:49:39,熊本県球磨地方,32°13.8′N,130°39.6′E,5 km,2.8,震度２,32.23,130.66
2024/4/22,13:19:46,宮古島近海,24°16.8′N,125°11.1′E,37 km,4.3,震度１,24.28,125.185
2024/4/22,15:38:59,能登半島沖,37°34.1′N,137°20.8′E,14 km,3.3,震度１,37.56833333,137.3466667
2024/4/23,3:32:50,台湾付近,23°48.4′N,121°29.6′E,19 km,6.5,震度２,23.80666667,121.4933333
2024/4/23,5:55:43,豊後水道,33°12.7′N,132°22.9′E,37 km,3.1,震度１,33.21166667,132.3816667
2024/4/23,9:51:16,豊後水道,33°12.0′N,132°21.9′E,40 km,3.6,震度２,33.2,132.365
2024/4/23,14:29:43,豊後水道,33°12.3′N,132°20.6′E,39 km,3.8,震度３,33.205,132.3433333
2024/4/23,14:37:05,豊後水道,33°12.3′N,132°20.5′E,38 km,2.8,震度１,33.205,132.3416667
2024/4/23,14:46:06,豊後水道,33°12.4′N,132°20.6′E,38 km,2.8,震度１,33.20666667,132.3433333
2024/4/24,2:01:58,千葉県北西部,35°38.7′N,140°03.9′E,71 km,3.8,震度１,35.645,140.065
2024/4/24,10:14:27,宮崎県南部山沿い,31°55.8′N,131°01.1′E,7 km,2.8,震度１,31.93,131.0183333
2024/4/24,10:58:54,豊後水道,33°12.7′N,132°21.5′E,38 km,3.7,震度２,33.21166667,132.3583333
2024/4/24,11:42:14,能登半島沖,37°10.2′N,136°40.2′E,10 km,3.7,震度２,37.17,136.67
2024/4/24,20:18:29,トカラ列島近海,29°36.4′N,129°40.7′E,3 km,2.5,震度２,29.60666667,129.6783333
2024/4/24,20:20:35,トカラ列島近海,29°35.1′N,129°40.6′E,5 km,2,震度２,29.585,129.6766667
2024/4/24,20:26:41,トカラ列島近海,29°33.8′N,129°43.5′E,4 km,2.2,震度１,29.56333333,129.725
2024/4/24,20:40:07,茨城県北部,36°26.9′N,140°36.9′E,55 km,5.1,震度４,36.44833333,140.615
2024/4/24,21:16:48,茨城県北部,36°25.9′N,140°35.3′E,53 km,3.7,震度２,36.43166667,140.5883333
2024/4/24,22:42:35,豊後水道,33°12.1′N,132°22.2′E,37 km,3.2,震度２,33.20166667,132.37
2024/4/25,0:26:04,日向灘,31°43.9′N,131°49.0′E,40 km,4.1,震度２,31.73166667,131.8166667
2024/4/25,3:11:55,台湾付近,23°59.9′N,122°18.5′E,19 km,5.5,震度１,23.99833333,122.3083333
2024/4/25,8:34:32,石川県能登地方,37°21.6′N,136°51.7′E,9 km,2.8,震度１,37.36,136.8616667
2024/4/25,13:45:53,茨城県北部,36°27.5′N,140°35.8′E,56 km,3.7,震度３,36.45833333,140.5966667
2024/4/25,18:35:45,石川県能登地方,37°11.2′N,136°44.2′E,7 km,3.1,震度１,37.18666667,136.7366667
2024/4/25,23:54:43,岩手県沖,39°19.9′N,142°05.1′E,48 km,3.4,震度１,39.33166667,142.085
2024/4/26,9:28:29,石川県能登地方,37°29.7′N,137°13.8′E,12 km,2.3,震度１,37.495,137.23
2024/4/26,10:23:54,大隅半島東方沖,31°10.4′N,131°51.2′E,33 km,3.7,震度１,31.17333333,131.8533333
2024/4/26,10:29:20,熊本県阿蘇地方,32°57.4′N,131°06.7′E,8 km,3.8,震度３,32.95666667,131.1116667
2024/4/26,10:32:58,熊本県阿蘇地方,32°57.5′N,131°06.8′E,8 km,2.6,震度１,32.95833333,131.1133333
2024/4/26,10:33:12,熊本県阿蘇地方,32°57.5′N,131°06.8′E,8 km,3.6,震度３,32.95833333,131.1133333
2024/4/26,10:41:29,熊本県阿蘇地方,32°57.4′N,131°06.7′E,8 km,2.2,震度１,32.95666667,131.1116667
2024/4/26,18:34:00,能登半島沖,37°09.7′N,136°40.1′E,3 km,2.6,震度３,37.16166667,136.6683333
2024/4/26,21:58:24,紀伊水道,34°13.6′N,135°08.0′E,6 km,2.3,震度１,34.22666667,135.1333333
2024/4/27,3:21:23,台湾付近,24°07.6′N,121°38.7′E,36 km,5.8,震度１,24.12666667,121.645
2024/4/27,6:09:59,トカラ列島近海,28°25.8′N,128°57.8′E,9 km,3.9,震度３,28.43,128.9633333
2024/4/27,6:36:14,岩手県沖,40°20.6′N,142°02.3′E,52 km,3.6,震度１,40.34333333,142.0383333
2024/4/27,16:58:47,石川県能登地方,37°13.9′N,136°46.0′E,7 km,3.3,震度１,37.23166667,136.7666667
2024/4/27,17:11:08,千葉県東方沖,35°22.1′N,140°27.1′E,28 km,3.1,震度２,35.36833333,140.4516667
2024/4/27,17:35:35,小笠原諸島西方沖,27°54.2′N,139°47.9′E,515 km,6.7,震度３,27.90333333,139.7983333
2024/4/28,4:04:10,宮古島近海,25°01.2′N,125°36.4′E,53 km,4.3,震度２,25.02,125.6066667
2024/4/28,9:25:57,秋田県沖,40°09.1′N,138°58.6′E,23 km,4.6,震度２,40.15166667,138.9766667
2024/4/28,11:38:38,根室半島南東沖,43°20.7′N,146°25.6′E,46 km,3.5,震度１,43.345,146.4266667
2024/4/28,14:37:59,石川県能登地方,37°22.3′N,137°00.6′E,7 km,3.3,震度２,37.37166667,137.01
2024/4/28,18:27:56,佐渡付近,37°48.1′N,137°41.9′E,20 km,3.9,震度１,37.80166667,137.6983333
2024/4/28,22:28:54,釧路沖,42°50.2′N,144°50.5′E,87 km,3.9,震度２,42.83666667,144.8416667
2024/4/28,23:40:44,青森県津軽北部,40°45.0′N,140°26.0′E,15 km,2.4,震度１,40.75,140.4333333
2024/4/29,0:18:14,岩手県沿岸北部,39°38.7′N,141°58.3′E,28 km,3.4,震度１,39.645,141.9716667
2024/4/29,1:16:06,福島県沖,37°19.1′N,141°19.1′E,32 km,4.6,震度３,37.31833333,141.3183333
2024/4/29,5:47:51,豊後水道,33°12.6′N,132°21.0′E,39 km,3.5,震度２,33.21,132.35
2024/4/29,6:09:36,豊後水道,33°12.6′N,132°21.0′E,39 km,3.8,震度２,33.21,132.35
2024/4/29,6:28:06,豊後水道,33°09.0′N,132°23.6′E,37 km,2.8,震度１,33.15,132.3933333
2024/4/29,11:18:50,豊後水道,33°11.1′N,132°19.8′E,38 km,2.7,震度１,33.185,132.33
2024/4/29,12:54:11,日高地方中部,42°16.5′N,142°38.2′E,14 km,2.9,震度１,42.275,142.6366667
2024/4/29,20:10:31,宮崎県北部平野部,32°26.0′N,131°31.6′E,14 km,2.8,震度１,32.43333333,131.5266667
2024/4/29,21:24:07,長野県南部,35°16.5′N,137°37.5′E,6 km,2.1,震度１,35.275,137.625
2024/4/30,0:08:51,石川県能登地方,37°27.5′N,137°18.0′E,13 km,3,震度２,37.45833333,137.3
2024/4/30,1:14:57,岐阜県飛騨地方,35°59.5′N,137°31.3′E,9 km,3.6,震度３,35.99166667,137.5216667
2024/4/30,10:54:40,能登半島沖,37°13.5′N,136°41.8′E,5 km,3.2,震度１,37.225,136.6966667
2024/4/30,16:24:55,石川県能登地方,37°27.8′N,137°13.3′E,13 km,3.1,震度１,37.46333333,137.2216667
2024/4/30,17:06:52,石川県能登地方,37°22.2′N,136°57.4′E,10 km,2.7,震度１,37.37,136.9566667
2024/4/30,20:40:55,岐阜県飛騨地方,35°59.7′N,137°31.4′E,9 km,3,震度２,35.995,137.5233333
2024/5/1,2:53:21,石川県能登地方,37°31.2′N,137°18.8′E,13 km,2.6,震度１,37.52,137.3133333
2024/5/1,8:28:16,石川県能登地方,37°10.4′N,136°44.9′E,6 km,2.8,震度１,37.17333333,136.7483333
2024/5/1,18:16:59,三重県南部,34°06.6′N,136°11.5′E,36 km,3.5,震度２,34.11,136.1916667
2024/5/1,21:54:00,石川県能登地方,37°22.2′N,136°52.6′E,8 km,3,震度２,37.37,136.8766667
2024/5/2,2:27:02,岐阜県飛騨地方,35°59.9′N,137°31.7′E,9 km,2.5,震度１,35.99833333,137.5283333
2024/5/2,2:35:53,福島県沖,37°44.5′N,141°36.3′E,58 km,3.6,震度１,37.74166667,141.605
2024/5/2,2:37:18,種子島近海,30°36.1′N,131°06.2′E,31 km,3.2,震度２,30.60166667,131.1033333
2024/5/2,4:06:11,宮城県沖,38°55.4′N,142°06.1′E,44 km,3.6,震度１,38.92333333,142.1016667
2024/5/2,8:20:57,山口県北西沖,34°26.2′N,131°24.3′E,17 km,4.2,震度３,34.43666667,131.405
2024/5/2,18:51:15,釧路沖,42°51.7′N,145°34.3′E,35 km,3.8,震度１,42.86166667,145.5716667
2024/5/3,6:51:48,静岡県西部,35°03.8′N,137°52.7′E,24 km,2.8,震度１,35.06333333,137.8783333
2024/5/3,7:34:58,福井県嶺北,36°06.6′N,136°29.9′E,8 km,3.1,震度１,36.11,136.4983333
2024/5/3,8:23:03,福井県嶺北,36°06.5′N,136°29.7′E,8 km,2.5,震度１,36.10833333,136.495
2024/5/3,8:27:14,福井県嶺北,36°06.6′N,136°29.7′E,8 km,2.7,震度１,36.11,136.495
2024/5/3,9:10:24,和歌山県北部,33°48.4′N,135°21.1′E,46 km,3.8,震度２,33.80666667,135.3516667
2024/5/3,11:42:26,豊後水道,33°15.1′N,132°24.7′E,38 km,3.4,震度１,33.25166667,132.4116667
2024/5/3,12:32:50,石川県能登地方,37°14.8′N,136°49.9′E,11 km,2.8,震度１,37.24666667,136.8316667
2024/5/3,13:52:20,豊後水道,33°11.5′N,132°23.1′E,37 km,3.2,震度２,33.19166667,132.385
2024/5/4,1:35:45,豊後水道,33°12.5′N,132°20.7′E,38 km,3.2,震度１,33.20833333,132.345
2024/5/4,9:40:10,豊後水道,33°13.8′N,132°22.4′E,38 km,3.9,震度３,33.23,132.3733333
2024/5/4,9:41:23,石川県能登地方,37°23.7′N,136°53.8′E,8 km,1.7,震度１,37.395,136.8966667
2024/5/4,14:14:54,トカラ列島近海,29°56.5′N,130°00.3′E,14 km,3.2,震度２,29.94166667,130.005
2024/5/4,23:32:44,豊後水道,33°10.7′N,132°23.0′E,37 km,2.6,震度１,33.17833333,132.3833333
2024/5/5,1:34:16,種子島近海,30°20.0′N,131°02.2′E,15 km,3.7,震度２,30.33333333,131.0366667
2024/5/5,6:54:45,岩手県沖,40°20.9′N,142°02.0′E,52 km,3.4,震度１,40.34833333,142.0333333
2024/5/5,14:47:00,トカラ列島近海,29°56.8′N,130°00.7′E,11 km,2.2,震度１,29.94666667,130.0116667
2024/5/5,14:52:23,京都府南部,35°02.9′N,135°32.6′E,12 km,3,震度１,35.04833333,135.5433333
2024/5/6,0:50:01,豊後水道,33°09.3′N,132°24.6′E,37 km,3.9,震度３,33.155,132.41
2024/5/6,3:53:21,石川県能登地方,37°23.0′N,136°56.2′E,10 km,3.3,震度２,37.38333333,136.9366667
2024/5/6,15:26:22,種子島南東沖,29°57.2′N,131°17.0′E,24 km,4.6,震度１,29.95333333,131.2833333
2024/5/7,15:08:04,北海道東方沖,43°34.0′N,146°33.1′E,50 km,4,震度２,43.56666667,146.5516667
2024/5/7,16:01:56,新潟県中越地方,37°06.0′N,138°38.6′E,10 km,1.9,震度１,37.1,138.6433333
2024/5/7,16:25:08,トカラ列島近海,29°56.4′N,130°00.6′E,13 km,3.6,震度２,29.94,130.01
2024/5/7,23:17:20,福島県沖,37°03.8′N,141°13.6′E,59 km,3.6,震度１,37.06333333,141.2266667
2024/5/8,6:53:44,能登半島沖,37°34.6′N,137°24.1′E,8 km,3.6,震度１,37.57666667,137.4016667
2024/5/8,8:47:10,豊後水道,33°11.7′N,132°23.1′E,36 km,2.4,震度１,33.195,132.385
2024/5/8,10:36:21,豊後水道,33°12.2′N,132°20.9′E,38 km,3,震度１,33.20333333,132.3483333
2024/5/8,20:39:29,豊後水道,33°12.6′N,132°20.9′E,39 km,3.3,震度１,33.21,132.3483333
2024/5/9,4:34:44,大分県南部,33°04.1′N,131°31.2′E,96 km,4,震度２,33.06833333,131.52
2024/5/9,16:14:11,石川県能登地方,37°11.3′N,136°51.9′E,10 km,2.6,震度１,37.18833333,136.865
2024/5/9,20:59:03,豊後水道,33°12.8′N,132°22.4′E,37 km,3.1,震度１,33.21333333,132.3733333
2024/5/10,5:38:38,石川県能登地方,37°22.0′N,136°53.6′E,7 km,2.7,震度１,37.36666667,136.8933333
2024/5/10,8:39:30,茨城県南部,36°04.4′N,139°54.5′E,46 km,3,震度１,36.07333333,139.9083333
2024/5/10,16:18:13,熊本県熊本地方,32°35.4′N,130°44.7′E,8 km,2.3,震度１,32.59,130.745
2024/5/10,17:30:06,十勝地方南部,42°25.3′N,143°23.8′E,52 km,3.9,震度２,42.42166667,143.3966667
2024/5/10,18:50:14,石川県能登地方,37°22.3′N,136°54.4′E,11 km,3.8,震度３,37.37166667,136.9066667
2024/5/10,19:40:50,能登半島沖,37°36.6′N,137°28.3′E,14 km,3.8,震度１,37.61,137.4716667
2024/5/11,2:34:17,宮城県沖,38°49.0′N,141°59.9′E,47 km,3.3,震度１,38.81666667,141.9983333
2024/5/11,3:16:16,石川県能登地方,37°21.7′N,136°52.4′E,7 km,2.7,震度２,37.36166667,136.8733333
2024/5/11,5:42:55,京都府南部,35°09.5′N,135°40.5′E,7 km,3.3,震度３,35.15833333,135.675
2024/5/11,5:43:44,京都府南部,35°09.4′N,135°40.5′E,7 km,2.1,震度１,35.15666667,135.675
2024/5/11,6:56:11,徳島県南部,33°48.9′N,134°11.3′E,18 km,3.3,震度２,33.815,134.1883333
2024/5/11,9:47:20,十勝沖,41°45.4′N,144°13.8′E,17 km,4.9,震度２,41.75666667,144.23
2024/5/11,13:09:07,岐阜県美濃中西部,35°25.1′N,136°49.1′E,15 km,3.3,震度１,35.41833333,136.8183333
2024/5/11,19:52:57,奄美大島近海,28°08.2′N,129°09.4′E,27 km,3.8,震度２,28.13666667,129.1566667
2024/5/12,7:00:27,石川県能登地方,37°21.8′N,136°57.4′E,10 km,3.4,震度２,37.36333333,136.9566667
2024/5/12,7:19:46,宮崎県南部山沿い,31°56.0′N,131°01.4′E,6 km,2.4,震度１,31.93333333,131.0233333
2024/5/12,12:03:09,山梨県東部・富士五湖,35°29.2′N,138°57.3′E,20 km,2.5,震度１,35.48666667,138.955
2024/5/12,12:03:17,福島県浜通り,37°15.8′N,140°48.2′E,99 km,3.6,震度１,37.26333333,140.8033333
2024/5/12,14:34:42,豊後水道,33°15.0′N,132°04.0′E,55 km,3.4,震度１,33.25,132.0666667
2024/5/13,1:37:09,宮城県沖,38°10.9′N,141°42.2′E,52 km,3.9,震度１,38.18166667,141.7033333
2024/5/13,16:38:09,徳島県北部,34°02.6′N,134°22.8′E,4 km,2.4,震度１,34.04333333,134.38
2024/5/13,23:13:36,根室半島南東沖,43°20.2′N,146°24.0′E,47 km,3.7,震度１,43.33666667,146.4
2024/5/14,2:13:17,茨城県沖,36°25.5′N,141°11.4′E,39 km,3.6,震度１,36.425,141.19
2024/5/14,19:05:35,鹿児島県薩摩地方,32°08.7′N,130°09.4′E,10 km,2.7,震度１,32.145,130.1566667
2024/5/15,2:49:58,能登半島沖,37°09.5′N,136°39.8′E,3 km,2.9,震度３,37.15833333,136.6633333
2024/5/15,10:00:49,能登半島沖,37°09.4′N,136°40.3′E,2 km,1.5,震度１,37.15666667,136.6716667
2024/5/15,13:38:32,豊後水道,33°13.3′N,132°23.4′E,37 km,2.8,震度１,33.22166667,132.39
2024/5/16,3:55:21,石川県能登地方,37°09.0′N,136°42.2′E,3 km,2.1,震度１,37.15,136.7033333
2024/5/16,9:48:36,紀伊水道,33°44.1′N,135°02.9′E,38 km,3.1,震度１,33.735,135.0483333
2024/5/16,11:26:16,福島県会津,37°02.1′N,139°22.9′E,7 km,2,震度１,37.035,139.3816667
2024/5/16,13:58:38,石川県能登地方,37°14.8′N,136°53.1′E,10 km,2.7,震度１,37.24666667,136.885
2024/5/16,22:18:28,岩手県沖,39°38.2′N,142°06.2′E,48 km,3.7,震度２,39.63666667,142.1033333
2024/5/17,0:15:42,熊本県熊本地方,32°49.8′N,130°42.2′E,13 km,3.2,震度２,32.83,130.7033333
2024/5/17,1:15:27,福島県沖,37°22.9′N,141°29.0′E,48 km,4,震度２,37.38166667,141.4833333
2024/5/17,14:05:43,岐阜県飛騨地方,36°13.2′N,137°33.0′E,3 km,1.8,震度１,36.22,137.55
2024/5/17,14:27:07,岐阜県飛騨地方,36°13.2′N,137°33.1′E,4 km,1.6,震度１,36.22,137.5516667
2024/5/17,18:53:12,福島県浜通り,37°20.5′N,140°46.8′E,101 km,3.5,震度１,37.34166667,140.78
2024/5/18,9:55:45,茨城県沖,35°55.5′N,141°02.4′E,15 km,4.5,震度３,35.925,141.04
2024/5/18,15:53:55,岐阜県美濃中西部,35°41.0′N,136°37.4′E,14 km,2.8,震度１,35.68333333,136.6233333
2024/5/18,17:01:51,石川県能登地方,37°30.6′N,137°14.8′E,11 km,2.8,震度１,37.51,137.2466667
2024/5/18,19:11:27,父島近海,26°53.5′N,141°46.1′E,114 km,4,震度１,26.89166667,141.7683333
2024/5/19,0:45:55,福島県沖,37°09.6′N,141°29.1′E,42 km,4.5,震度３,37.16,141.485
2024/5/19,5:23:59,能登半島沖,37°10.0′N,136°40.9′E,4 km,2.2,震度１,37.16666667,136.6816667
2024/5/19,6:32:03,福島県浜通り,36°52.6′N,140°46.8′E,10 km,3.4,震度２,36.87666667,140.78
2024/5/19,19:45:26,能登半島沖,37°13.6′N,136°40.8′E,9 km,2.7,震度１,37.22666667,136.68
2024/5/20,3:45:41,熊本県天草・芦北地方,32°15.8′N,130°33.1′E,8 km,2.3,震度１,32.26333333,130.5516667
2024/5/20,10:29:19,宮城県中部,38°24.6′N,141°10.7′E,7 km,2.6,震度２,38.41,141.1783333
2024/5/21,1:08:33,千葉県南部,35°12.6′N,140°10.7′E,26 km,2.9,震度１,35.21,140.1783333
2024/5/21,1:13:18,釧路地方北部,43°36.3′N,144°23.3′E,2 km,0.8,震度１,43.605,144.3883333
2024/5/21,9:39:40,父島近海,26°14.3′N,141°29.6′E,52 km,5.6,震度４,26.23833333,141.4933333
2024/5/21,21:06:43,青森県東方沖,40°36.5′N,142°13.9′E,87 km,4.2,震度２,40.60833333,142.2316667
2024/5/22,5:46:22,福島県沖,37°27.4′N,142°00.0′E,47 km,4.1,震度１,37.45666667,142
2024/5/22,6:40:18,千葉県北西部,35°47.3′N,140°05.0′E,78 km,3.7,震度１,35.78833333,140.0833333
2024/5/22,12:09:03,与那国島近海,24°21.6′N,122°36.7′E,57 km,4.1,震度１,24.36,122.6116667
2024/5/22,13:56:06,千葉県東方沖,35°22.5′N,140°28.1′E,29 km,3.2,震度２,35.375,140.4683333
2024/5/22,17:13:58,石川県能登地方,37°11.6′N,136°44.6′E,7 km,3,震度１,37.19333333,136.7433333
2024/5/23,12:26:44,日向灘,32°07.9′N,131°44.9′E,34 km,3.1,震度１,32.13166667,131.7483333
2024/5/23,16:28:55,トカラ列島近海,29°55.3′N,130°00.1′E,12 km,2.4,震度１,29.92166667,130.0016667
2024/5/23,19:59:58,根室半島南東沖,43°04.9′N,145°33.7′E,48 km,4.6,震度３,43.08166667,145.5616667
2024/5/24,2:13:08,三重県北部,34°54.1′N,136°26.3′E,11 km,2.1,震度１,34.90166667,136.4383333
2024/5/24,23:30:30,石川県能登地方,37°11.1′N,136°44.7′E,7 km,3.3,震度２,37.185,136.745
2024/5/25,9:03:31,豊後水道,33°12.3′N,132°22.7′E,37 km,2.8,震度１,33.205,132.3783333
2024/5/25,13:35:33,京都府南部,35°06.5′N,135°32.5′E,7 km,3.1,震度２,35.10833333,135.5416667
2024/5/25,15:44:32,石川県能登地方,37°11.3′N,136°50.4′E,10 km,2.6,震度１,37.18833333,136.84
2024/5/26,0:07:00,八丈島東方沖,33°30.5′N,141°03.8′E,44 km,4.6,震度１,33.50833333,141.0633333
2024/5/26,0:55:37,茨城県南部,36°09.4′N,140°05.6′E,66 km,4.7,震度３,36.15666667,140.0933333
2024/5/26,5:32:21,石川県能登地方,37°21.7′N,136°54.4′E,9 km,2.7,震度１,37.36166667,136.9066667
2024/5/26,14:23:26,大分県中部,33°18.9′N,131°25.1′E,6 km,3.3,震度３,33.315,131.4183333
2024/5/26,16:59:39,宮城県沖,38°45.1′N,141°34.9′E,75 km,4.1,震度２,38.75166667,141.5816667
2024/5/26,23:13:08,島根県東部,35°21.7′N,133°14.9′E,11 km,3,震度２,35.36166667,133.2483333
2024/5/27,2:04:37,和歌山県北部,34°05.0′N,135°23.1′E,5 km,2.2,震度１,34.08333333,135.385
2024/5/27,2:47:33,石川県能登地方,37°12.8′N,136°54.1′E,5 km,1.5,震度１,37.21333333,136.9016667
2024/5/27,14:13:21,豊後水道,33°11.9′N,132°22.7′E,38 km,3.1,震度１,33.19833333,132.3783333
2024/5/28,0:03:12,福島県会津,37°03.3′N,139°20.9′E,7 km,1.7,震度１,37.055,139.3483333
2024/5/28,11:50:17,能登半島沖,37°06.6′N,136°38.6′E,8 km,3,震度２,37.11,136.6433333
2024/5/28,17:57:08,日高地方東部,42°14.3′N,142°41.1′E,35 km,3.4,震度１,42.23833333,142.685
2024/5/28,18:55:21,福島県沖,37°42.0′N,141°50.1′E,44 km,4.4,震度２,37.7,141.835
2024/5/29,0:55:56,兵庫県南東部,34°47.8′N,135°19.3′E,9 km,2.5,震度１,34.79666667,135.3216667
2024/5/29,2:02:01,福島県会津,37°03.3′N,139°20.8′E,7 km,2.1,震度１,37.055,139.3466667
2024/5/29,6:14:58,石川県能登地方,37°21.2′N,136°53.2′E,10 km,3.1,震度１,37.35333333,136.8866667
2024/5/29,8:22:36,浦河沖,42°06.7′N,142°36.8′E,65 km,3.6,震度１,42.11166667,142.6133333
2024/5/29,18:12:32,茨城県南部,35°52.5′N,140°16.6′E,43 km,3,震度１,35.875,140.2766667
2024/5/29,20:59:06,能登半島沖,37°06.5′N,136°38.8′E,7 km,2.5,震度１,37.10833333,136.6466667
2024/5/30,2:14:56,東海道南方沖,32°18.6′N,137°47.2′E,405 km,5.5,震度２,32.31,137.7866667
2024/5/30,6:11:54,広島県北部,35°04.1′N,133°06.3′E,8 km,3,震度１,35.06833333,133.105
2024/5/30,11:54:20,山梨県中・西部,35°43.6′N,138°18.7′E,16 km,3.9,震度３,35.72666667,138.3116667
2024/5/30,20:42:00,宮城県沖,38°45.1′N,141°33.2′E,58 km,3.2,震度１,38.75166667,141.5533333
2024/5/31,0:46:56,高知県中部,33°46.5′N,133°29.1′E,3 km,2.8,震度２,33.775,133.485
2024/5/31,1:06:20,長野県南部,35°52.2′N,137°37.9′E,8 km,2.2,震度１,35.87,137.6316667
2024/5/31,1:58:05,静岡県西部,34°55.3′N,137°51.8′E,36 km,4.1,震度２,34.92166667,137.8633333
2024/5/31,4:46:44,熊本県熊本地方,32°35.0′N,130°38.8′E,13 km,4.7,震度４,32.58333333,130.6466667
2024/5/31,13:23:13,根室地方北部,43°40.5′N,145°06.1′E,140 km,3.4,震度１,43.675,145.1016667
2024/6/1,4:02:03,豊後水道,33°12.9′N,132°21.3′E,39 km,4.5,震度４,33.215,132.355
2024/6/1,10:57:43,岩手県沿岸北部,39°45.3′N,141°50.5′E,58 km,3.7,震度２,39.755,141.8416667
2024/6/1,11:37:33,奄美大島北東沖,28°58.1′N,131°06.0′E,86 km,4.6,震度１,28.96833333,131.1
2024/6/1,18:48:19,山梨県中・西部,35°44.9′N,138°17.4′E,13 km,2.8,震度１,35.74833333,138.29
2024/6/2,8:54:34,石川県能登地方,37°19.4′N,136°54.5′E,12 km,3,震度１,37.32333333,136.9083333
2024/6/2,20:17:31,熊本県熊本地方,32°34.9′N,130°39.0′E,12 km,3.4,震度２,32.58166667,130.65
2024/6/3,4:40:14,静岡県中部,35°15.4′N,138°16.8′E,31 km,2.7,震度１,35.25666667,138.28
2024/6/3,6:31:40,石川県能登地方,37°28.0′N,137°18.1′E,14 km,6,震度５強,37.46666667,137.3016667
2024/6/3,6:34:01,豊後水道,33°12.7′N,132°21.0′E,38 km,2.9,震度１,33.21166667,132.35
2024/6/3,6:36:09,能登半島沖,37°29.1′N,137°21.4′E,13 km,2.8,震度１,37.485,137.3566667
2024/6/3,6:38:54,石川県能登地方,37°28.5′N,137°17.4′E,11 km,2.4,震度１,37.475,137.29
2024/6/3,6:40:21,石川県能登地方,37°27.8′N,137°20.8′E,14 km,5,震度４,37.46333333,137.3466667
2024/6/3,6:45:44,能登半島沖,37°29.2′N,137°21.1′E,12 km,3.5,震度２,37.48666667,137.3516667
2024/6/3,6:49:38,石川県能登地方,37°27.3′N,137°18.3′E,14 km,2.9,震度２,37.455,137.305
2024/6/3,6:50:33,富山湾,37°26.8′N,137°20.1′E,15 km,3,震度１,37.44666667,137.335
2024/6/3,6:53:23,石川県能登地方,37°28.1′N,137°17.3′E,12 km,2.4,震度１,37.46833333,137.2883333
2024/6/3,6:54:33,石川県能登地方,37°28.5′N,137°19.2′E,12 km,3.5,震度２,37.475,137.32
2024/6/3,7:09:00,石川県能登地方,37°27.9′N,137°16.6′E,12 km,2.7,震度１,37.465,137.2766667
2024/6/3,7:14:08,石川県能登地方,37°28.1′N,137°19.3′E,13 km,2.4,震度１,37.46833333,137.3216667
2024/6/3,8:03:24,石川県能登地方,37°28.8′N,137°19.7′E,12 km,2.9,震度１,37.48,137.3283333
2024/6/3,8:40:58,能登半島沖,37°29.8′N,137°21.0′E,11 km,2.9,震度１,37.49666667,137.35
2024/6/3,9:34:04,富山湾,37°26.9′N,137°17.6′E,14 km,2.7,震度１,37.44833333,137.2933333
2024/6/3,11:59:49,石川県能登地方,37°28.2′N,137°20.5′E,12 km,2.7,震度１,37.47,137.3416667
2024/6/3,12:41:05,石川県能登地方,37°28.2′N,137°17.5′E,12 km,2.2,震度１,37.47,137.2916667
2024/6/3,12:56:48,神奈川県西部,35°28.8′N,139°04.5′E,136 km,3.6,震度１,35.48,139.075
2024/6/4,0:20:10,石川県能登地方,37°28.0′N,137°20.7′E,14 km,2.8,震度１,37.46666667,137.345
2024/6/4,23:26:32,福島県会津,37°03.3′N,139°20.9′E,7 km,2.2,震度１,37.055,139.3483333
2024/6/4,23:42:46,石川県能登地方,37°27.2′N,137°19.4′E,14 km,2.8,震度１,37.45333333,137.3233333
2024/6/5,1:02:25,豊後水道,33°10.9′N,132°22.8′E,37 km,2.8,震度１,33.18166667,132.38
2024/6/5,3:46:37,石川県能登地方,37°11.1′N,136°44.3′E,4 km,2.3,震度１,37.185,136.7383333
2024/6/5,21:54:16,栃木県南部,36°15.8′N,139°47.0′E,60 km,4.2,震度３,36.26333333,139.7833333
2024/6/6,0:53:56,トカラ列島近海,29°56.2′N,130°00.7′E,12 km,2,震度１,29.93666667,130.0116667
2024/6/6,4:15:51,岐阜県美濃東部,35°17.8′N,137°27.7′E,11 km,2.5,震度１,35.29666667,137.4616667
2024/6/6,9:03:26,千葉県東方沖,35°38.0′N,140°41.3′E,50 km,4.6,震度３,35.63333333,140.6883333
2024/6/6,11:12:05,奄美大島近海,28°00.4′N,130°15.3′E,32 km,4.7,震度２,28.00666667,130.255
2024/6/6,16:04:37,熊本県熊本地方,32°34.8′N,130°38.8′E,12 km,3.3,震度２,32.58,130.6466667
2024/6/6,19:22:39,沖縄本島近海,26°33.0′N,127°39.6′E,47 km,3.7,震度２,26.55,127.66
2024/6/6,20:07:51,オホーツク海南部,49°42.1′N,148°05.7′E,678 km,5.8,震度１,49.70166667,148.095
2024/6/7,1:08:52,石川県能登地方,37°23.6′N,136°52.1′E,8 km,2,震度１,37.39333333,136.8683333
2024/6/7,21:35:25,宮城県沖,38°37.4′N,141°53.9′E,47 km,3.9,震度２,38.62333333,141.8983333
2024/6/8,8:08:20,佐渡付近,37°52.6′N,137°42.9′E,23 km,3.8,震度１,37.87666667,137.715
2024/6/8,10:11:19,奄美大島近海,28°46.9′N,129°56.4′E,41 km,4.1,震度２,28.78166667,129.94
2024/6/9,3:21:27,熊本県熊本地方,32°42.3′N,130°37.3′E,11 km,2.8,震度２,32.705,130.6216667
2024/6/9,10:24:45,石川県能登地方,37°09.0′N,136°44.0′E,2 km,1,震度１,37.15,136.7333333
2024/6/9,15:41:44,沖縄本島近海,26°40.1′N,127°45.7′E,48 km,3.8,震度２,26.66833333,127.7616667
2024/6/10,8:04:17,熊本県熊本地方,32°26.3′N,130°36.0′E,11 km,3,震度１,32.43833333,130.6
2024/6/10,9:52:09,三重県中部,34°25.7′N,136°14.2′E,30 km,2.9,震度１,34.42833333,136.2366667
2024/6/10,12:56:16,与那国島近海,23°40.4′N,122°49.4′E,53 km,4.5,震度１,23.67333333,122.8233333
2024/6/11,6:12:56,能登半島沖,37°34.3′N,137°23.7′E,9 km,3.3,震度１,37.57166667,137.395
2024/6/11,7:09:17,鳥島近海,29°34.6′N,140°40.0′E,218 km,5.5,震度１,29.57666667,140.6666667
2024/6/11,8:04:11,青森県東方沖,40°54.5′N,142°06.3′E,56 km,3.7,震度１,40.90833333,142.105
2024/6/11,9:58:15,山形県庄内地方,38°59.2′N,140°00.8′E,18 km,4,震度２,38.98666667,140.0133333
2024/6/11,19:33:48,秋田県沖,40°09.4′N,138°59.1′E,23 km,4.8,震度２,40.15666667,138.985
2024/6/11,23:48:48,福島県沖,37°45.7′N,141°42.5′E,81 km,3.8,震度１,37.76166667,141.7083333
2024/6/12,3:19:24,宮城県沖,38°50.6′N,141°37.3′E,75 km,3,震度１,38.84333333,141.6216667
2024/6/12,7:24:00,石川県能登地方,37°30.1′N,137°18.9′E,10 km,4.3,震度３,37.50166667,137.315
2024/6/12,13:19:54,トカラ列島近海,29°56.5′N,130°00.5′E,13 km,3.4,震度２,29.94166667,130.0083333
2024/6/12,14:35:30,浦河沖,41°59.3′N,142°33.9′E,65 km,4.4,震度２,41.98833333,142.565
2024/6/12,15:27:52,群馬県北部,36°38.7′N,139°18.9′E,7 km,2.6,震度１,36.645,139.315
2024/6/12,23:38:11,和歌山県南方沖,33°24.8′N,135°58.7′E,27 km,3.4,震度１,33.41333333,135.9783333
2024/6/13,5:26:58,沖縄本島近海,27°15.4′N,128°24.4′E,46 km,3.4,震度１,27.25666667,128.4066667
2024/6/13,18:19:57,奄美大島近海,27°55.0′N,129°37.6′E,48 km,3.9,震度１,27.91666667,129.6266667
2024/6/13,21:39:45,千葉県北東部,35°27.3′N,140°24.2′E,34 km,2.7,震度１,35.455,140.4033333
2024/6/14,2:44:39,根室半島南東沖,43°07.5′N,145°34.5′E,80 km,4,震度２,43.125,145.575
2024/6/14,5:24:43,石川県能登地方,37°08.4′N,136°44.6′E,2 km,1.4,震度１,37.14,136.7433333
2024/6/15,3:24:18,青森県東方沖,41°14.5′N,142°05.2′E,43 km,3.7,震度１,41.24166667,142.0866667
2024/6/15,3:35:22,和歌山県北部,33°54.2′N,135°05.0′E,13 km,3.2,震度１,33.90333333,135.0833333
2024/6/15,12:00:29,沖縄本島近海,27°06.6′N,128°17.7′E,54 km,4,震度２,27.11,128.295
2024/6/15,12:50:40,熊本県熊本地方,32°45.5′N,130°45.9′E,7 km,2,震度１,32.75833333,130.765
2024/6/15,14:31:47,和歌山県南部,33°51.4′N,135°46.2′E,17 km,2.8,震度１,33.85666667,135.77
2024/6/15,14:39:24,薩摩半島西方沖,31°27.5′N,130°06.8′E,4 km,2.7,震度１,31.45833333,130.1133333
2024/6/15,15:41:56,薩摩半島西方沖,31°27.4′N,130°06.8′E,4 km,2.6,震度１,31.45666667,130.1133333
2024/6/15,23:08:34,高知県中部,33°38.1′N,133°36.2′E,9 km,2.6,震度１,33.635,133.6033333
2024/6/16,6:26:05,千葉県北東部,35°44.9′N,140°46.8′E,23 km,3,震度１,35.74833333,140.78
2024/6/16,8:42:45,熊本県天草・芦北地方,32°27.5′N,130°28.8′E,14 km,2.7,震度１,32.45833333,130.48
2024/6/16,19:16:36,千葉県北西部,35°48.1′N,140°04.6′E,69 km,4.3,震度２,35.80166667,140.0766667
2024/6/16,19:35:01,千葉県北西部,35°48.2′N,140°04.2′E,68 km,4.3,震度２,35.80333333,140.07
2024/6/17,15:57:21,日向灘,31°29.9′N,131°49.9′E,21 km,4.6,震度３,31.49833333,131.8316667
2024/6/17,18:26:02,日向灘,31°29.9′N,131°49.6′E,20 km,4.3,震度３,31.49833333,131.8266667
2024/6/18,1:31:09,浦河沖,41°56.2′N,142°26.6′E,65 km,3.6,震度１,41.93666667,142.4433333
2024/6/18,3:33:08,埼玉県南部,36°00.8′N,139°26.4′E,62 km,3.5,震度２,36.01333333,139.44
2024/6/18,14:42:43,石川県能登地方,37°09.7′N,136°41.8′E,5 km,2.6,震度１,37.16166667,136.6966667
2024/6/18,15:19:49,トカラ列島近海,29°13.0′N,129°18.1′E,9 km,2.1,震度１,29.21666667,129.3016667
2024/6/18,20:21:11,宮古島近海,24°49.1′N,125°23.3′E,49 km,4.2,震度２,24.81833333,125.3883333
2024/6/18,21:04:21,石川県能登地方,37°16.7′N,136°50.2′E,9 km,3.4,震度１,37.27833333,136.8366667
2024/6/19,0:47:35,トカラ列島近海,29°13.3′N,129°06.6′E,12 km,2.8,震度２,29.22166667,129.11
2024/6/19,3:55:56,埼玉県南部,36°02.7′N,139°47.7′E,79 km,3.3,震度１,36.045,139.795
2024/6/19,11:24:29,石川県能登地方,37°19.1′N,136°51.8′E,11 km,3.6,震度２,37.31833333,136.8633333
2024/6/19,12:04:39,トカラ列島近海,29°15.9′N,129°16.0′E,14 km,1.8,震度１,29.265,129.2666667
2024/6/19,16:05:56,トカラ列島近海,29°15.3′N,129°20.6′E,13 km,2.6,震度１,29.255,129.3433333
2024/6/19,16:10:25,トカラ列島近海,29°18.6′N,129°13.8′E,16 km,2.7,震度１,29.31,129.23
2024/6/19,16:11:41,トカラ列島近海,29°16.0′N,129°14.9′E,13 km,3.1,震度２,29.26666667,129.2483333
2024/6/19,16:12:14,トカラ列島近海,29°17.5′N,129°11.1′E,11 km,3.4,震度３,29.29166667,129.185
2024/6/19,16:13:42,トカラ列島近海,29°17.5′N,129°08.9′E,11 km,3.4,震度３,29.29166667,129.1483333
2024/6/19,16:16:21,トカラ列島近海,29°18.4′N,129°09.2′E,9 km,3.7,震度３,29.30666667,129.1533333
2024/6/19,16:18:45,トカラ列島近海,29°18.6′N,129°10.1′E,5 km,2.7,震度１,29.31,129.1683333
2024/6/19,16:21:23,トカラ列島近海,29°16.9′N,129°14.3′E,9 km,2.1,震度２,29.28166667,129.2383333
2024/6/19,16:26:12,トカラ列島近海,29°16.2′N,129°10.3′E,9 km,2.4,震度１,29.27,129.1716667
2024/6/19,17:01:29,トカラ列島近海,29°17.5′N,129°11.0′E,8 km,2.3,震度１,29.29166667,129.1833333
2024/6/19,17:52:36,トカラ列島近海,29°17.6′N,129°12.2′E,10 km,2.4,震度１,29.29333333,129.2033333
2024/6/19,23:06:07,トカラ列島近海,29°17.7′N,129°19.1′E,17 km,3.5,震度２,29.295,129.3183333
2024/6/19,23:19:37,新島・神津島近海,34°26.3′N,139°11.4′E,12 km,2.2,震度１,34.43833333,139.19
2024/6/20,0:53:51,岐阜県飛騨地方,36°03.5′N,137°28.9′E,5 km,2.3,震度１,36.05833333,137.4816667
2024/6/20,4:24:41,奈良県,34°12.3′N,135°49.5′E,59 km,3.8,震度２,34.205,135.825
2024/6/20,4:54:12,奄美大島近海,28°38.0′N,129°31.2′E,50 km,3.7,震度１,28.63333333,129.52
2024/6/20,5:06:07,日向灘,32°06.8′N,131°46.3′E,29 km,3.2,震度１,32.11333333,131.7716667
2024/6/20,5:39:34,トカラ列島近海,29°17.9′N,129°14.4′E,6 km,1.4,震度１,29.29833333,129.24
2024/6/20,14:37:56,岩手県沖,40°07.8′N,142°29.0′E,38 km,4.7,震度２,40.13,142.4833333
2024/6/20,16:40:33,宮城県沖,37°59.9′N,141°44.0′E,56 km,4.1,震度２,37.99833333,141.7333333
2024/6/20,20:30:26,宮城県沖,38°25.9′N,142°04.9′E,48 km,3.7,震度１,38.43166667,142.0816667
2024/6/20,22:23:28,三河湾,34°45.8′N,137°14.9′E,35 km,4.4,震度３,34.76333333,137.2483333
2024/6/20,23:53:17,和歌山県北部,34°03.9′N,135°22.8′E,7 km,3.1,震度２,34.065,135.38
2024/6/21,3:59:39,奄美大島近海,28°23.4′N,129°43.9′E,44 km,3.5,震度１,28.39,129.7316667
2024/6/21,4:29:41,石川県能登地方,37°10.9′N,136°45.2′E,7 km,3.1,震度１,37.18166667,136.7533333
2024/6/21,10:44:03,石川県能登地方,37°20.8′N,136°49.6′E,7 km,2.7,震度１,37.34666667,136.8266667
2024/6/21,14:03:59,安芸灘,33°48.7′N,132°39.8′E,44 km,3.9,震度３,33.81166667,132.6633333
2024/6/21,14:23:18,茨城県沖,36°28.7′N,141°01.5′E,48 km,4.4,震度３,36.47833333,141.025
2024/6/21,15:53:56,石川県能登地方,37°22.2′N,136°54.4′E,11 km,3,震度１,37.37,136.9066667
2024/6/21,16:56:05,茨城県沖,36°24.3′N,141°04.7′E,41 km,3.8,震度２,36.405,141.0783333
2024/6/22,2:33:12,島根県東部,35°21.8′N,133°14.7′E,11 km,3.1,震度１,35.36333333,133.245
2024/6/22,9:09:25,日向灘,32°42.7′N,132°02.2′E,41 km,3.5,震度１,32.71166667,132.0366667
2024/6/22,9:33:35,茨城県沖,36°18.6′N,141°24.1′E,32 km,4.6,震度１,36.31,141.4016667
2024/6/23,1:33:46,大分県中部,33°15.1′N,131°21.3′E,11 km,2.1,震度１,33.25166667,131.355
2024/6/23,10:03:46,長野県南部,35°55.2′N,137°37.3′E,8 km,1.7,震度１,35.92,137.6216667
2024/6/23,12:12:06,福島県沖,37°03.7′N,141°11.8′E,49 km,4.9,震度４,37.06166667,141.1966667
2024/6/23,13:11:11,天草灘,32°08.5′N,130°03.8′E,10 km,3.3,震度２,32.14166667,130.0633333
2024/6/23,16:43:10,滋賀県南部,35°08.1′N,135°56.2′E,13 km,2.6,震度１,35.135,135.9366667
2024/6/23,22:54:25,千葉県北西部,35°38.7′N,140°03.6′E,72 km,4.1,震度２,35.645,140.06
2024/6/24,0:44:53,埼玉県南部,36°00.8′N,139°26.5′E,62 km,3,震度１,36.01333333,139.4416667
2024/6/24,5:50:31,和歌山県北部,33°54.9′N,135°13.2′E,49 km,3.7,震度１,33.915,135.22
2024/6/24,9:54:38,茨城県北部,36°44.5′N,140°34.9′E,10 km,2.8,震度１,36.74166667,140.5816667
2024/6/24,20:15:17,和歌山県北部,34°12.9′N,135°14.5′E,6 km,2,震度１,34.215,135.2416667
2024/6/24,23:24:17,埼玉県南部,35°50.1′N,139°20.5′E,56 km,3.7,震度２,35.835,139.3416667
2024/6/25,4:21:56,神奈川県西部,35°16.7′N,139°08.0′E,12 km,2.6,震度１,35.27833333,139.1333333
2024/6/25,15:17:50,熊本県熊本地方,32°38.8′N,130°41.6′E,11 km,2.9,震度１,32.64666667,130.6933333
2024/6/25,15:26:44,熊本県熊本地方,32°38.9′N,130°41.4′E,11 km,3.4,震度２,32.64833333,130.69
2024/6/25,17:31:01,八丈島東方沖,33°33.0′N,141°14.7′E,44 km,5.5,震度２,33.55,141.245
2024/6/25,17:47:14,三重県北部,35°13.4′N,136°30.3′E,6 km,3.1,震度２,35.22333333,136.505
2024/6/27,3:23:58,石川県能登地方,37°23.6′N,136°56.8′E,14 km,3.7,震度２,37.39333333,136.9466667
2024/6/27,8:01:29,石川県能登地方,37°23.4′N,136°53.4′E,0 km,2,震度１,37.39,136.89
2024/6/27,12:20:51,トカラ列島近海,29°55.3′N,130°00.9′E,13 km,2.5,震度１,29.92166667,130.015
2024/6/27,18:45:12,福島県沖,37°30.9′N,141°24.2′E,50 km,4.5,震度３,37.515,141.4033333
2024/6/27,19:16:00,福井県嶺北,35°56.8′N,136°44.5′E,9 km,2.3,震度１,35.94666667,136.7416667
2024/6/27,19:43:57,岐阜県美濃東部,35°26.1′N,137°23.4′E,7 km,3.3,震度２,35.435,137.39
2024/6/27,20:27:30,浦河沖,42°02.8′N,142°36.2′E,63 km,3.5,震度１,42.04666667,142.6033333
2024/6/27,22:45:47,千葉県東方沖,35°43.0′N,140°57.8′E,34 km,3.2,震度１,35.71666667,140.9633333
2024/6/28,0:55:15,石川県能登地方,37°19.9′N,136°52.1′E,11 km,2.7,震度１,37.33166667,136.8683333
2024/6/28,4:27:46,沖縄本島近海,27°19.4′N,128°52.1′E,30 km,4.9,震度３,27.32333333,128.8683333
2024/6/28,10:46:52,福島県沖,37°35.4′N,141°52.9′E,43 km,4.8,震度２,37.59,141.8816667
2024/6/28,11:30:59,沖縄本島近海,27°18.0′N,128°51.6′E,30 km,4.8,震度２,27.3,128.86
2024/6/28,15:44:00,浦河沖,41°55.3′N,142°19.4′E,69 km,3.7,震度１,41.92166667,142.3233333
2024/6/28,16:16:33,茨城県北部,36°32.0′N,140°34.3′E,90 km,3.3,震度１,36.53333333,140.5716667
2024/6/29,0:08:26,愛媛県中予,33°54.1′N,132°53.8′E,11 km,3.3,震度２,33.90166667,132.8966667
2024/6/29,15:49:43,北海道東方沖,43°24.0′N,146°43.8′E,46 km,4.6,震度１,43.4,146.73
2024/6/30,10:15:58,千葉県南東沖,34°36.5′N,140°38.8′E,44 km,3.8,震度１,34.60833333,140.6466667
2024/6/30,19:38:14,日向灘,32°15.3′N,132°09.0′E,25 km,4.1,震度３,32.255,132.15
2024/6/30,20:43:45,佐渡付近,38°38.3′N,138°01.5′E,40 km,3.8,震度１,38.63833333,138.025
2024/7/1,0:43:42,紀伊水道,33°51.9′N,134°58.2′E,11 km,3.6,震度１,33.865,134.97
2024/7/1,8:11:52,硫黄島近海,25°33.1′N,141°13.6′E,129 km,4.9,震度１,25.55166667,141.2266667
2024/7/1,12:32:29,佐渡付近,37°43.0′N,137°34.1′E,22 km,4.1,震度１,37.71666667,137.5683333
2024/7/1,19:58:33,石川県能登地方,37°21.2′N,136°47.7′E,9 km,3,震度１,37.35333333,136.795
2024/7/1,20:59:00,長野県南部,35°53.3′N,137°37.9′E,5 km,2,震度１,35.88833333,137.6316667
2024/7/1,23:55:52,石川県能登地方,37°21.6′N,137°08.1′E,12 km,3.7,震度３,37.36,137.135
2024/7/2,7:44:55,小笠原諸島西方沖,27°09.7′N,140°53.6′E,488 km,5.4,震度１,27.16166667,140.8933333
2024/7/2,7:50:45,奄美大島近海,27°59.5′N,130°15.2′E,34 km,4.3,震度２,27.99166667,130.2533333
2024/7/3,8:08:52,鳥取県中部,35°21.1′N,133°44.5′E,5 km,2.7,震度１,35.35166667,133.7416667
2024/7/3,9:21:21,石川県能登地方,37°28.0′N,137°09.0′E,10 km,2.1,震度１,37.46666667,137.15
2024/7/3,14:32:54,浦河沖,42°26.1′N,142°08.4′E,19 km,2.2,震度１,42.435,142.14
2024/7/3,15:28:04,福島県沖,37°29.9′N,141°30.8′E,54 km,3.7,震度１,37.49833333,141.5133333
2024/7/4,5:43:59,能登半島沖,37°09.1′N,136°39.6′E,8 km,2.6,震度１,37.15166667,136.66
2024/7/4,5:50:28,石狩地方南部,42°54.8′N,141°27.3′E,9 km,2.3,震度１,42.91333333,141.455
2024/7/4,8:01:04,石川県能登地方,37°10.2′N,136°46.2′E,9 km,2.7,震度１,37.17,136.77
2024/7/4,8:43:16,北海道東方沖,43°50.6′N,147°04.0′E,60 km,4.4,震度１,43.84333333,147.0666667
2024/7/4,10:25:26,茨城県北部,36°28.0′N,140°36.2′E,55 km,4.3,震度３,36.46666667,140.6033333
2024/7/4,12:12:30,千葉県東方沖,35°12.5′N,140°27.8′E,49 km,5.2,震度４,35.20833333,140.4633333
2024/7/5,6:20:26,釧路沖,42°57.9′N,144°20.7′E,33 km,4.1,震度３,42.965,144.345
2024/7/5,11:08:47,秋田県内陸北部,40°21.8′N,140°51.4′E,6 km,3.2,震度１,40.36333333,140.8566667
2024/7/5,14:08:53,石川県西方沖,37°00.7′N,136°35.3′E,9 km,4,震度２,37.01166667,136.5883333
2024/7/6,3:14:03,上川地方北部,44°20.4′N,142°25.0′E,243 km,5,震度１,44.34,142.4166667
2024/7/6,4:15:02,若狭湾,35°34.8′N,135°42.5′E,9 km,2.9,震度１,35.58,135.7083333
2024/7/6,7:53:28,千葉県東方沖,35°47.4′N,140°53.5′E,12 km,3.3,震度１,35.79,140.8916667
2024/7/6,15:42:24,福島県沖,37°09.4′N,141°21.9′E,46 km,3.8,震度１,37.15666667,141.365
2024/7/6,19:21:19,八丈島東方沖,33°31.4′N,140°28.7′E,57 km,4.8,震度２,33.52333333,140.4783333
2024/7/7,1:19:20,石川県能登地方,37°13.2′N,136°48.6′E,10 km,2.8,震度１,37.22,136.81
2024/7/7,2:26:03,能登半島沖,37°07.4′N,136°39.9′E,9 km,2.4,震度１,37.12333333,136.665
2024/7/7,9:51:28,沖縄本島北西沖,27°18.5′N,126°40.3′E,20 km,4.6,震度１,27.30833333,126.6716667
2024/7/7,15:19:09,石川県能登地方,37°14.6′N,136°44.7′E,6 km,3,震度１,37.24333333,136.745
2024/7/7,23:28:23,栃木県北部,36°38.6′N,139°25.6′E,6 km,3.4,震度２,36.64333333,139.4266667
2024/7/8,5:01:13,小笠原諸島西方沖,27°02.4′N,139°16.8′E,598 km,6.4,震度３,27.04,139.28
2024/7/8,23:02:08,青森県東方沖,40°40.3′N,142°09.5′E,54 km,3.3,震度１,40.67166667,142.1583333
2024/7/9,1:26:58,岩手県沿岸北部,39°45.4′N,141°50.7′E,58 km,3.7,震度１,39.75666667,141.845
2024/7/10,0:19:36,石川県能登地方,37°07.5′N,136°46.7′E,12 km,3.5,震度２,37.125,136.7783333
2024/7/10,3:55:31,京都府南部,35°17.2′N,135°44.6′E,7 km,2.5,震度１,35.28666667,135.7433333
2024/7/10,4:01:26,愛媛県中予,33°54.1′N,132°53.7′E,12 km,2.7,震度１,33.90166667,132.895
2024/7/10,4:02:46,宮城県沖,38°51.9′N,142°02.4′E,47 km,3.8,震度２,38.865,142.04
2024/7/10,8:20:31,石川県能登地方,37°07.6′N,136°46.7′E,12 km,3.5,震度２,37.12666667,136.7783333
2024/7/10,16:00:37,能登半島沖,37°06.0′N,136°37.9′E,9 km,2.5,震度１,37.1,136.6316667
2024/7/10,17:39:20,福島県沖,37°04.2′N,142°17.2′E,18 km,4.8,震度１,37.07,142.2866667
2024/7/11,0:00:59,茨城県北部,36°27.9′N,140°35.8′E,55 km,3.5,震度２,36.465,140.5966667
2024/7/11,12:01:19,富山湾,37°00.5′N,137°30.9′E,16 km,4.7,震度３,37.00833333,137.515
2024/7/11,12:02:10,富山湾,36°59.8′N,137°30.3′E,14 km,4.3,震度３,36.99666667,137.505
2024/7/11,12:05:00,富山湾,37°00.6′N,137°30.8′E,15 km,3.3,震度１,37.01,137.5133333
2024/7/11,12:16:33,富山湾,37°00.0′N,137°30.6′E,15 km,3.1,震度１,37,137.51
2024/7/11,12:33:56,富山湾,37°00.0′N,137°30.6′E,13 km,3,震度１,37,137.51
2024/7/11,21:57:48,長野県南部,35°22.2′N,137°49.6′E,14 km,2.8,震度１,35.37,137.8266667
2024/7/12,19:16:26,茨城県北部,36°43.0′N,140°38.6′E,8 km,2.9,震度１,36.71666667,140.6433333
2024/7/13,2:30:06,奄美大島近海,28°12.3′N,129°29.9′E,34 km,3.4,震度１,28.205,129.4983333
2024/7/13,8:18:49,沖縄本島近海,25°06.0′N,128°09.1′E,69 km,5.3,震度２,25.1,128.1516667
2024/7/13,12:27:40,福島県沖,37°40.4′N,141°32.4′E,52 km,4,震度２,37.67333333,141.54
2024/7/13,13:54:29,埼玉県南部,35°58.7′N,139°28.0′E,47 km,3.2,震度１,35.97833333,139.4666667
2024/7/15,0:32:25,豊後水道,33°09.9′N,132°22.7′E,37 km,3,震度１,33.165,132.3783333
2024/7/15,3:03:37,八丈島東方沖,33°30.5′N,140°51.6′E,52 km,4.2,震度１,33.50833333,140.86
2024/7/15,14:55:04,石川県能登地方,37°13.4′N,136°48.6′E,11 km,3.1,震度１,37.22333333,136.81
2024/7/15,22:07:41,能登半島沖,37°12.5′N,136°41.5′E,6 km,2.8,震度１,37.20833333,136.6916667
2024/7/16,18:02:55,千葉県東方沖,35°17.6′N,141°07.2′E,11 km,4.5,震度１,35.29333333,141.12
2024/7/16,22:19:21,茨城県南部,36°02.5′N,140°06.0′E,65 km,4.2,震度３,36.04166667,140.1
2024/7/16,22:50:40,茨城県南部,36°02.4′N,140°05.7′E,63 km,3.1,震度１,36.04,140.095
2024/7/17,13:41:05,茨城県北部,36°37.4′N,140°30.5′E,78 km,2.9,震度１,36.62333333,140.5083333
2024/7/17,14:31:07,紀伊水道,34°05.7′N,135°05.4′E,9 km,2.2,震度１,34.095,135.09
2024/7/17,15:48:22,福島県会津,37°03.1′N,139°26.1′E,8 km,2.4,震度２,37.05166667,139.435
2024/7/17,16:06:12,茨城県北部,36°49.5′N,140°36.3′E,9 km,2.8,震度１,36.825,140.605
2024/7/17,23:37:39,愛知県西部,34°56.2′N,136°58.0′E,13 km,2.8,震度１,34.93666667,136.9666667
2024/7/18,0:04:59,トカラ列島近海,29°51.3′N,129°49.8′E,8 km,1.8,震度２,29.855,129.83
2024/7/18,5:51:33,福島県沖,37°18.7′N,141°08.9′E,65 km,3.6,震度２,37.31166667,141.1483333
2024/7/18,13:13:52,島根県東部,35°17.7′N,133°10.5′E,11 km,3,震度１,35.295,133.175
2024/7/18,20:07:36,八丈島東方沖,33°34.0′N,140°14.5′E,100 km,5.7,震度３,33.56666667,140.2416667
2024/7/18,20:37:08,日向灘,32°46.5′N,132°11.3′E,38 km,3.5,震度１,32.775,132.1883333
2024/7/18,22:19:21,奄美大島北東沖,29°14.9′N,130°26.3′E,57 km,4.5,震度１,29.24833333,130.4383333
2024/7/19,0:17:35,茨城県南部,36°02.3′N,140°06.1′E,63 km,3.8,震度２,36.03833333,140.1016667
2024/7/19,7:54:38,宗谷東方沖,45°40.7′N,143°12.9′E,335 km,4.6,震度１,45.67833333,143.215
2024/7/19,14:27:47,岩手県内陸北部,40°08.6′N,141°10.6′E,10 km,4,震度４,40.14333333,141.1766667
2024/7/19,16:14:22,福島県沖,37°10.5′N,141°13.0′E,81 km,4,震度２,37.175,141.2166667
2024/7/19,17:08:07,青森県東方沖,40°54.7′N,142°06.7′E,56 km,3.7,震度１,40.91166667,142.1116667
2024/7/19,18:59:41,岩手県沖,39°41.4′N,142°07.6′E,48 km,3.4,震度１,39.69,142.1266667
2024/7/19,21:11:06,千葉県北西部,35°41.3′N,140°07.2′E,68 km,3.1,震度１,35.68833333,140.12
2024/7/20,12:14:38,岩手県沿岸北部,39°59.4′N,141°35.9′E,8 km,2.8,震度１,39.99,141.5983333
2024/7/20,12:56:05,岩手県内陸北部,40°08.5′N,141°10.4′E,10 km,2.8,震度１,40.14166667,141.1733333
2024/7/20,20:15:51,茨城県沖,36°44.4′N,141°33.0′E,36 km,5,震度３,36.74,141.55
2024/7/21,0:12:52,和歌山県北部,33°59.6′N,135°08.4′E,7 km,3,震度２,33.99333333,135.14
2024/7/21,0:34:44,三宅島近海,33°49.1′N,139°23.7′E,19 km,3.7,震度１,33.81833333,139.395
2024/7/21,3:01:36,豊後水道,33°12.4′N,132°20.5′E,38 km,3,震度１,33.20666667,132.3416667
2024/7/21,5:46:44,宮城県沖,38°41.3′N,141°56.9′E,57 km,4.6,震度３,38.68833333,141.9483333
2024/7/21,13:27:30,釧路沖,42°42.3′N,145°31.3′E,28 km,5.4,震度３,42.705,145.5216667
2024/7/21,19:51:15,四国沖,33°31.5′N,134°27.0′E,37 km,3.2,震度１,33.525,134.45
2024/7/21,20:18:41,京都府北部,35°31.3′N,135°08.8′E,8 km,2.9,震度１,35.52166667,135.1466667
2024/7/22,2:21:38,能登半島沖,37°24.5′N,136°56.9′E,6 km,2.2,震度１,37.40833333,136.9483333
2024/7/22,2:41:02,島根県東部,35°14.2′N,132°59.5′E,14 km,2.7,震度１,35.23666667,132.9916667
2024/7/22,5:23:22,石川県能登地方,37°22.0′N,136°58.2′E,8 km,2.8,震度１,37.36666667,136.97
2024/7/22,8:48:11,岩手県沿岸南部,39°12.6′N,141°29.8′E,76 km,2.8,震度１,39.21,141.4966667
2024/7/22,9:38:48,青森県東方沖,41°34.2′N,142°06.3′E,53 km,3.5,震度１,41.57,142.105
2024/7/22,10:07:34,茨城県北部,36°46.7′N,140°44.6′E,89 km,4.8,震度３,36.77833333,140.7433333
2024/7/22,19:05:06,和歌山県北部,33°59.1′N,135°18.2′E,5 km,3.4,震度２,33.985,135.3033333
2024/7/22,20:55:34,宮城県沖,38°32.4′N,141°44.1′E,53 km,3.7,震度１,38.54,141.735
2024/7/22,21:55:53,岩手県内陸北部,40°08.6′N,141°10.5′E,10 km,2.6,震度１,40.14333333,141.175
2024/7/23,8:27:12,宮城県沖,38°13.0′N,141°48.2′E,66 km,4.7,震度３,38.21666667,141.8033333
2024/7/23,11:38:34,トカラ列島近海,29°56.5′N,130°00.7′E,12 km,2.5,震度２,29.94166667,130.0116667
2024/7/24,0:30:17,胆振地方中東部,42°37.5′N,142°00.7′E,43 km,3.2,震度１,42.625,142.0116667
2024/7/24,1:02:28,天草灘,32°29.3′N,129°55.4′E,12 km,3.5,震度２,32.48833333,129.9233333
2024/7/25,9:43:26,岩手県沿岸北部,39°45.5′N,141°49.9′E,58 km,3.2,震度１,39.75833333,141.8316667
2024/7/25,13:01:41,千葉県北東部,35°28.6′N,140°24.2′E,33 km,4,震度３,35.47666667,140.4033333
2024/7/25,16:26:09,宮城県沖,38°21.9′N,141°39.8′E,60 km,4.5,震度２,38.365,141.6633333
2024/7/26,7:50:15,沖縄本島近海,26°47.1′N,127°11.9′E,13 km,3.4,震度１,26.785,127.1983333
2024/7/26,20:17:26,千葉県東方沖,35°25.4′N,140°27.0′E,38 km,3.4,震度２,35.42333333,140.45
2024/7/27,4:20:05,奄美大島近海,28°06.5′N,129°18.6′E,33 km,3,震度１,28.10833333,129.31
2024/7/27,6:26:11,日向灘,31°32.4′N,131°51.4′E,23 km,3.6,震度１,31.54,131.8566667
2024/7/27,6:31:49,沖縄本島近海,26°20.6′N,127°21.0′E,52 km,3.1,震度１,26.34333333,127.35
2024/7/27,6:39:44,茨城県南部,36°02.3′N,140°06.0′E,63 km,3.2,震度１,36.03833333,140.1
2024/7/28,0:58:39,岩手県内陸北部,40°08.8′N,141°10.7′E,10 km,4.2,震度４,40.14666667,141.1783333
2024/7/28,5:09:53,岩手県内陸北部,40°08.7′N,141°10.8′E,10 km,2.3,震度１,40.145,141.18
2024/7/28,5:14:31,十勝地方中部,42°48.2′N,143°06.3′E,94 km,3.5,震度１,42.80333333,143.105
2024/7/28,6:06:03,福島県会津,37°02.2′N,139°21.2′E,7 km,2.1,震度１,37.03666667,139.3533333
2024/7/28,7:08:09,宮城県沖,38°51.2′N,142°06.3′E,44 km,3.9,震度１,38.85333333,142.105
2024/7/28,9:35:41,奄美大島近海,28°12.0′N,129°30.8′E,35 km,3.1,震度１,28.2,129.5133333
2024/7/28,14:17:22,岩手県内陸北部,40°13.1′N,141°05.6′E,7 km,2.4,震度１,40.21833333,141.0933333
2024/7/28,15:13:07,長野県中部,36°26.7′N,137°57.7′E,9 km,2.1,震度１,36.445,137.9616667
2024/7/28,19:13:24,三陸沖,39°28.6′N,143°35.9′E,7 km,5.5,震度２,39.47666667,143.5983333
2024/7/28,20:40:01,熊本県熊本地方,32°37.4′N,130°41.9′E,6 km,2.3,震度１,32.62333333,130.6983333
2024/7/28,23:57:31,和歌山県北部,34°12.9′N,135°09.7′E,5 km,2.4,震度１,34.215,135.1616667
2024/7/29,23:12:17,瀬戸内海中部,34°16.5′N,133°19.2′E,20 km,3.9,震度２,34.275,133.32
2024/7/30,0:44:02,鳥取県東部,35°21.2′N,134°14.3′E,6 km,2.5,震度１,35.35333333,134.2383333
2024/7/30,1:25:30,日向灘,32°08.8′N,131°36.6′E,48 km,5.1,震度４,32.14666667,131.61
2024/7/30,2:08:36,石川県能登地方,37°28.1′N,137°10.0′E,11 km,2.7,震度１,37.46833333,137.1666667
2024/7/30,5:08:19,トカラ列島近海,29°16.3′N,129°06.6′E,10 km,3.4,震度２,29.27166667,129.11
2024/7/30,6:23:39,福島県沖,37°38.7′N,141°31.6′E,56 km,3.7,震度１,37.645,141.5266667
2024/7/30,21:48:37,宮城県沖,38°10.7′N,141°42.2′E,52 km,3.9,震度１,38.17833333,141.7033333
2024/7/31,1:47:16,東京都多摩東部,35°40.9′N,139°34.6′E,121 km,4.7,震度３,35.68166667,139.5766667
2024/7/31,3:08:35,石川県加賀地方,36°14.8′N,136°34.5′E,6 km,2.4,震度１,36.24666667,136.575
2024/7/31,14:43:27,石川県能登地方,37°19.7′N,136°53.5′E,11 km,3.2,震度１,37.32833333,136.8916667
2024/7/31,17:32:41,石川県能登地方,37°18.4′N,136°51.6′E,7 km,2.8,震度１,37.30666667,136.86
2024/7/31,23:03:49,根室半島南東沖,43°16.5′N,146°19.3′E,47 km,4.1,震度２,43.275,146.3216667
2024/8/1,1:49:49,島根県東部,34°59.3′N,132°46.5′E,9 km,2.6,震度１,34.98833333,132.775
2024/8/1,18:07:49,青森県東方沖,41°06.5′N,141°55.8′E,65 km,3.2,震度１,41.10833333,141.93
2024/8/1,19:40:53,石川県能登地方,37°11.6′N,136°41.9′E,6 km,2.6,震度２,37.19333333,136.6983333
2024/8/1,23:51:22,福島県沖,37°10.7′N,142°11.1′E,20 km,4.5,震度１,37.17833333,142.185
2024/8/2,4:04:44,愛媛県南予,33°03.3′N,132°39.2′E,11 km,2.5,震度１,33.055,132.6533333
2024/8/2,4:16:24,沖縄本島近海,26°40.4′N,127°10.1′E,9 km,4.1,震度２,26.67333333,127.1683333
2024/8/3,2:35:41,千葉県北西部,35°37.5′N,140°06.3′E,69 km,3.2,震度１,35.625,140.105
2024/8/3,6:50:42,沖縄本島近海,26°41.1′N,127°09.8′E,9 km,3.5,震度１,26.685,127.1633333
2024/8/3,7:04:22,石川県能登地方,37°14.0′N,136°51.9′E,6 km,2,震度１,37.23333333,136.865
2024/8/3,7:16:11,三陸沖,39°27.9′N,143°22.9′E,15 km,4.8,震度１,39.465,143.3816667
2024/8/3,21:01:58,岐阜県飛騨地方,36°00.8′N,137°31.2′E,8 km,2.7,震度１,36.01333333,137.52
2024/8/4,11:31:43,長崎県南西部,32°52.2′N,129°44.9′E,9 km,2.5,震度１,32.87,129.7483333
2024/8/4,22:19:49,釧路沖,42°58.9′N,145°14.3′E,72 km,4.7,震度３,42.98166667,145.2383333
2024/8/5,20:00:27,石川県能登地方,37°12.7′N,136°44.3′E,4 km,3,震度１,37.21166667,136.7383333
2024/8/6,5:36:52,釧路地方北部,43°30.0′N,144°20.1′E,4 km,2.4,震度１,43.5,144.335
2024/8/6,5:54:41,石川県能登地方,37°13.4′N,136°48.6′E,11 km,2.8,震度１,37.22333333,136.81
2024/8/6,8:05:58,福島県会津,36°58.2′N,139°22.5′E,4 km,2.4,震度１,36.97,139.375
2024/8/6,8:42:23,石川県能登地方,37°08.4′N,136°45.1′E,5 km,2.4,震度１,37.14,136.7516667
2024/8/6,21:28:18,石川県西方沖,37°03.1′N,136°33.4′E,8 km,3.3,震度１,37.05166667,136.5566667
2024/8/7,3:02:40,長野県南部,35°16.9′N,137°40.8′E,13 km,2.7,震度１,35.28166667,137.68
2024/8/8,0:17:13,福島県会津,37°06.1′N,139°27.1′E,8 km,2.2,震度１,37.10166667,139.4516667
2024/8/8,5:07:22,能登半島沖,37°31.0′N,137°09.9′E,7 km,1.7,震度１,37.51666667,137.165
2024/8/8,14:23:51,静岡県中部,34°56.7′N,138°13.2′E,30 km,3.3,震度１,34.945,138.22
2024/8/8,16:42:56,日向灘,31°44.2′N,131°43.3′E,31 km,7.1,震度６弱,31.73666667,131.7216667
2024/8/8,17:35:47,日向灘,31°38.8′N,131°48.7′E,19 km,4.6,震度２,31.64666667,131.8116667
2024/8/8,17:46:54,日向灘,31°44.9′N,131°52.1′E,24 km,3.8,震度１,31.74833333,131.8683333
2024/8/8,17:49:14,日向灘,31°45.2′N,131°51.2′E,26 km,4.1,震度１,31.75333333,131.8533333
2024/8/8,18:00:01,日向灘,31°34.5′N,131°50.8′E,23 km,4.4,震度２,31.575,131.8466667
2024/8/8,19:04:26,日向灘,31°31.4′N,131°50.2′E,20 km,3.8,震度１,31.52333333,131.8366667
2024/8/8,20:01:37,日向灘,31°39.4′N,131°54.3′E,22 km,3.7,震度１,31.65666667,131.905
2024/8/8,21:49:16,北海道南西沖,41°58.6′N,139°37.1′E,190 km,4.9,震度１,41.97666667,139.6183333
2024/8/8,23:12:18,日向灘,31°33.7′N,131°51.6′E,21 km,3.5,震度１,31.56166667,131.86
2024/8/9,1:26:32,日向灘,31°46.9′N,131°51.6′E,29 km,3.9,震度１,31.78166667,131.86
2024/8/9,3:17:18,石川県能登地方,37°21.0′N,136°46.8′E,12 km,3.4,震度１,37.35,136.78
2024/8/9,3:48:54,日向灘,31°46.7′N,131°53.6′E,26 km,4.2,震度２,31.77833333,131.8933333
2024/8/9,4:23:36,日向灘,31°48.7′N,131°38.9′E,26 km,5.4,震度３,31.81166667,131.6483333
2024/8/9,4:26:22,日向灘,31°49.4′N,131°38.1′E,32 km,3.1,震度１,31.82333333,131.635
2024/8/9,4:47:51,日向灘,31°38.7′N,131°49.0′E,23 km,4,震度２,31.645,131.8166667
2024/8/9,5:01:58,日向灘,31°45.0′N,131°57.7′E,27 km,3.9,震度１,31.75,131.9616667
2024/8/9,7:51:26,日向灘,31°49.8′N,131°37.3′E,33 km,3,震度１,31.83,131.6216667
2024/8/9,8:31:05,岩手県内陸北部,40°08.7′N,141°10.7′E,10 km,2.4,震度１,40.145,141.1783333
2024/8/9,13:56:28,石川県能登地方,37°21.9′N,136°51.8′E,9 km,3.3,震度２,37.365,136.8633333
2024/8/9,17:32:18,福島県会津,37°02.2′N,139°21.3′E,7 km,1.7,震度１,37.03666667,139.355
2024/8/9,17:47:21,大隅半島東方沖,31°16.5′N,131°58.4′E,26 km,3.9,震度１,31.275,131.9733333
2024/8/9,17:54:21,日向灘,31°32.4′N,131°48.2′E,22 km,3.3,震度１,31.54,131.8033333
2024/8/9,19:14:24,大隅半島東方沖,31°16.1′N,131°58.4′E,25 km,4.2,震度１,31.26833333,131.9733333
2024/8/9,19:57:38,神奈川県西部,35°24.6′N,139°09.6′E,13 km,5.3,震度５弱,35.41,139.16
2024/8/9,19:59:08,神奈川県西部,35°24.3′N,139°09.0′E,12 km,3.2,震度１,35.405,139.15
2024/8/9,20:06:13,神奈川県西部,35°24.1′N,139°08.9′E,12 km,2.7,震度１,35.40166667,139.1483333
2024/8/9,22:34:43,神奈川県西部,35°24.5′N,139°09.7′E,13 km,2.5,震度１,35.40833333,139.1616667
2024/8/9,23:15:07,日向灘,31°50.7′N,131°39.8′E,31 km,3.3,震度１,31.845,131.6633333
2024/8/10,0:10:41,八丈島東方沖,33°44.4′N,140°35.6′E,56 km,4.9,震度１,33.74,140.5933333
2024/8/10,4:04:59,茨城県南部,36°03.5′N,139°53.4′E,45 km,3.6,震度２,36.05833333,139.89
2024/8/10,4:20:21,日向灘,31°49.9′N,131°37.8′E,32 km,3.1,震度１,31.83166667,131.63
2024/8/10,10:26:07,長野県中部,36°24.3′N,138°02.9′E,2 km,2.4,震度２,36.405,138.0483333
2024/8/10,12:28:32,オホーツク海南部,46°47.8′N,145°00.3′E,447 km,6.7,震度３,46.79666667,145.005
2024/8/10,14:18:16,熊本県熊本地方,32°35.3′N,130°39.8′E,12 km,3.7,震度３,32.58833333,130.6633333
2024/8/10,17:20:13,神奈川県西部,35°24.4′N,139°09.2′E,12 km,2.7,震度１,35.40666667,139.1533333
2024/8/10,21:15:58,日向灘,31°29.1′N,131°44.8′E,21 km,3.9,震度２,31.485,131.7466667
2024/8/11,1:18:05,能登半島沖,37°32.6′N,137°21.0′E,13 km,2.8,震度１,37.54333333,137.35
2024/8/11,2:32:51,宮崎県南部山沿い,31°57.3′N,130°51.8′E,0 km,2.5,震度１,31.955,130.8633333
2024/8/11,7:42:42,日向灘,31°49.9′N,131°38.7′E,32 km,4.5,震度３,31.83166667,131.645
2024/8/11,9:38:40,福島県沖,37°42.9′N,141°43.0′E,64 km,4.3,震度２,37.715,141.7166667
2024/8/11,10:19:30,千葉県南部,35°18.1′N,139°58.8′E,74 km,3.4,震度１,35.30166667,139.98
2024/8/11,12:42:23,日向灘,31°28.0′N,131°48.9′E,20 km,3.7,震度１,31.46666667,131.815
2024/8/11,20:01:21,有明海,32°43.7′N,130°36.7′E,13 km,3.4,震度２,32.72833333,130.6116667
2024/8/12,6:18:05,父島近海,26°32.0′N,141°48.7′E,47 km,4.2,震度１,26.53333333,141.8116667
2024/8/12,6:48:13,日向灘,31°31.6′N,131°53.7′E,24 km,4,震度１,31.52666667,131.895
2024/8/12,20:11:37,沖縄本島近海,27°19.0′N,128°52.6′E,32 km,3.5,震度１,27.31666667,128.8766667
2024/8/12,21:50:57,福島県沖,37°07.9′N,141°03.9′E,54 km,3.5,震度１,37.13166667,141.065
2024/8/13,0:45:54,沖縄本島近海,27°25.5′N,128°37.3′E,44 km,3.6,震度２,27.425,128.6216667
2024/8/13,3:47:05,北海道東方沖,43°08.6′N,146°51.1′E,67 km,4.1,震度１,43.14333333,146.8516667
2024/8/13,5:16:02,青森県東方沖,40°58.8′N,142°00.3′E,59 km,3.6,震度２,40.98,142.005
2024/8/13,10:16:53,沖縄本島近海,27°04.4′N,127°36.5′E,87 km,3.9,震度１,27.07333333,127.6083333
2024/8/14,0:59:14,根室地方北部,44°02.9′N,145°04.6′E,1 km,2.1,震度１,44.04833333,145.0766667
2024/8/14,7:50:47,千葉県東方沖,35°40.6′N,140°42.2′E,48 km,3.2,震度１,35.67666667,140.7033333
2024/8/14,19:38:46,神奈川県西部,35°24.6′N,139°09.9′E,13 km,4.2,震度３,35.41,139.165
2024/8/15,0:14:18,京都府南部,35°03.0′N,135°32.9′E,13 km,3,震度１,35.05,135.5483333
2024/8/15,13:50:58,大隅半島東方沖,31°01.5′N,131°36.3′E,36 km,4.2,震度１,31.025,131.605
2024/8/15,18:06:46,台湾付近,24°21.4′N,121°51.5′E,17 km,5.8,震度１,24.35666667,121.8583333
2024/8/15,20:20:35,神奈川県西部,35°24.1′N,139°09.3′E,12 km,4.3,震度４,35.40166667,139.155
2024/8/16,0:17:52,与那国島近海,23°57.2′N,123°08.0′E,37 km,4.7,震度１,23.95333333,123.1333333
2024/8/16,2:14:34,長野県北部,36°41.8′N,138°24.2′E,9 km,1.9,震度１,36.69666667,138.4033333
2024/8/16,5:57:33,神奈川県西部,35°24.6′N,139°09.8′E,13 km,2.8,震度１,35.41,139.1633333
2024/8/16,8:35:53,台湾付近,23°45.0′N,121°51.1′E,0 km,6.1,震度１,23.75,121.8516667
2024/8/16,22:06:02,兵庫県北方沖,36°21.6′N,134°48.1′E,25 km,4.3,震度２,36.36,134.8016667
2024/8/17,0:57:17,国後島付近,43°56.2′N,146°35.0′E,83 km,4.6,震度２,43.93666667,146.5833333
2024/8/17,9:33:29,宮城県沖,38°32.0′N,141°49.6′E,49 km,4.6,震度３,38.53333333,141.8266667
2024/8/17,13:37:40,福島県会津,36°59.1′N,139°28.6′E,8 km,2,震度１,36.985,139.4766667
2024/8/17,15:31:02,北海道南西沖,41°23.4′N,140°05.2′E,5 km,2.2,震度１,41.39,140.0866667
2024/8/18,1:38:59,岩手県内陸北部,40°08.6′N,141°10.5′E,10 km,3,震度２,40.14333333,141.175
2024/8/18,7:03:52,千葉県東方沖,35°28.3′N,140°26.6′E,32 km,3.2,震度２,35.47166667,140.4433333
2024/8/18,7:38:45,石川県能登地方,37°27.3′N,137°07.7′E,10 km,2.9,震度１,37.455,137.1283333
2024/8/18,15:49:51,岩手県沖,39°50.3′N,142°36.3′E,35 km,3.9,震度１,39.83833333,142.605
2024/8/18,23:11:00,福島県沖,37°42.7′N,141°35.8′E,82 km,3.5,震度１,37.71166667,141.5966667
2024/8/19,0:48:18,茨城県北部,36°43.4′N,140°37.5′E,7 km,4.8,震度４,36.72333333,140.625
2024/8/19,0:49:46,茨城県北部,36°43.0′N,140°37.8′E,6 km,3,震度１,36.71666667,140.63
2024/8/19,0:50:47,茨城県北部,36°43.0′N,140°37.2′E,8 km,5.1,震度５弱,36.71666667,140.62
2024/8/19,0:52:15,茨城県北部,36°43.3′N,140°38.1′E,5 km,2.8,震度１,36.72166667,140.635
2024/8/19,1:48:40,石川県能登地方,37°11.1′N,136°50.7′E,10 km,2.9,震度２,37.185,136.845
2024/8/19,5:24:46,茨城県北部,36°44.5′N,140°36.2′E,6 km,3.2,震度１,36.74166667,140.6033333
2024/8/19,20:36:55,鹿児島県薩摩地方,31°55.8′N,130°50.4′E,1 km,2.4,震度１,31.93,130.84
2024/8/19,21:06:42,鹿児島県薩摩地方,31°55.6′N,130°50.2′E,1 km,1.9,震度１,31.92666667,130.8366667
2024/8/20,8:02:12,釧路沖,42°55.0′N,144°08.3′E,114 km,4.5,震度２,42.91666667,144.1383333
2024/8/20,8:38:14,熊本県球磨地方,32°20.8′N,130°40.3′E,11 km,2.9,震度１,32.34666667,130.6716667
2024/8/20,17:24:23,北海道東方沖,43°57.7′N,147°25.6′E,95 km,4.8,震度２,43.96166667,147.4266667
2024/8/21,0:00:16,茨城県南部,35°59.2′N,140°09.7′E,62 km,3.1,震度１,35.98666667,140.1616667
2024/8/21,0:23:13,十勝沖,42°30.7′N,144°10.5′E,57 km,3.7,震度１,42.51166667,144.175
2024/8/21,22:18:03,青森県東方沖,41°29.2′N,142°01.6′E,56 km,3.8,震度１,41.48666667,142.0266667
2024/8/21,23:33:20,奄美大島近海,28°03.5′N,129°04.0′E,14 km,3.8,震度２,28.05833333,129.0666667
2024/8/22,6:05:36,釧路沖,42°43.8′N,144°57.8′E,80 km,3.7,震度２,42.73,144.9633333
2024/8/22,10:51:06,大隅半島東方沖,31°06.3′N,131°34.5′E,29 km,4.1,震度１,31.105,131.575
2024/8/22,12:57:40,茨城県沖,36°23.6′N,141°01.9′E,41 km,3.6,震度１,36.39333333,141.0316667
2024/8/23,3:14:07,茨城県北部,36°42.9′N,140°37.0′E,8 km,2.5,震度１,36.715,140.6166667
2024/8/23,7:46:37,伊予灘,33°26.8′N,131°44.6′E,10 km,2.4,震度１,33.44666667,131.7433333
2024/8/23,10:14:01,福島県会津,37°16.3′N,139°31.2′E,7 km,1.9,震度２,37.27166667,139.52
2024/8/23,10:21:39,福島県会津,37°25.9′N,139°41.6′E,4 km,2.1,震度１,37.43166667,139.6933333
2024/8/23,19:06:33,北海道東方沖,43°06.3′N,146°58.7′E,53 km,4.6,震度１,43.105,146.9783333
2024/8/23,21:00:57,茨城県南部,36°01.9′N,140°23.3′E,58 km,4,震度２,36.03166667,140.3883333
2024/8/24,0:48:35,岩手県内陸北部,40°14.3′N,141°15.9′E,7 km,2.8,震度２,40.23833333,141.265
2024/8/24,5:33:11,静岡県東部,35°22.3′N,138°56.4′E,13 km,2.6,震度１,35.37166667,138.94
2024/8/24,8:54:20,群馬県南部,36°29.2′N,139°21.8′E,5 km,3.4,震度１,36.48666667,139.3633333
2024/8/24,9:32:40,四国沖,32°55.3′N,134°20.1′E,36 km,4.2,震度１,32.92166667,134.335
2024/8/24,19:24:35,熊本県天草・芦北地方,32°13.3′N,130°23.0′E,0 km,1.8,震度１,32.22166667,130.3833333
2024/8/24,21:06:17,能登半島沖,37°09.3′N,136°37.8′E,11 km,2.7,震度１,37.155,136.63
2024/8/25,2:17:15,根室半島南東沖,43°15.1′N,146°22.5′E,52 km,3.4,震度１,43.25166667,146.375
2024/8/25,13:54:20,長野県南部,35°56.2′N,137°42.2′E,7 km,2.6,震度１,35.93666667,137.7033333
2024/8/25,14:05:45,和歌山県北部,34°01.8′N,135°16.5′E,6 km,2.5,震度１,34.03,135.275
2024/8/26,10:33:19,鹿児島県薩摩地方,31°48.7′N,130°17.6′E,8 km,2,震度１,31.81166667,130.2933333
2024/8/26,13:20:01,岐阜県美濃中西部,35°25.9′N,136°43.9′E,8 km,2,震度１,35.43166667,136.7316667
2024/8/26,13:26:13,岐阜県美濃中西部,35°25.9′N,136°43.9′E,8 km,2,震度１,35.43166667,136.7316667
2024/8/27,2:45:06,青森県東方沖,40°51.0′N,141°37.4′E,109 km,3.7,震度１,40.85,141.6233333
2024/8/27,10:51:48,石川県能登地方,37°10.3′N,136°47.4′E,7 km,2.5,震度１,37.17166667,136.79
2024/8/27,15:18:29,伊豆大島近海,34°40.1′N,139°15.2′E,11 km,2.4,震度１,34.66833333,139.2533333
2024/8/27,17:13:07,佐渡付近,37°42.7′N,137°39.8′E,18 km,4.2,震度１,37.71166667,137.6633333
2024/8/27,21:46:44,福島県沖,37°51.7′N,141°37.7′E,50 km,3.8,震度１,37.86166667,141.6283333
2024/8/28,2:05:11,神奈川県東部,35°34.4′N,139°29.0′E,38 km,4,震度３,35.57333333,139.4833333
2024/8/28,3:06:04,石川県能登地方,37°20.8′N,136°50.5′E,7 km,2.8,震度２,37.34666667,136.8416667
2024/8/28,5:48:28,鹿児島湾,31°22.1′N,130°35.1′E,0 km,1.8,震度１,31.36833333,130.585
2024/8/28,19:52:18,福島県会津,36°58.2′N,139°22.3′E,3 km,1.5,震度１,36.97,139.3716667
2024/8/29,11:17:26,石川県能登地方,37°24.9′N,137°00.3′E,11 km,4,震度３,37.415,137.005
2024/8/29,11:30:11,石川県能登地方,37°28.2′N,137°15.0′E,12 km,2.6,震度１,37.47,137.25
2024/8/30,0:18:13,日向灘,32°10.9′N,132°15.3′E,25 km,3.1,震度１,32.18166667,132.255
2024/8/30,5:03:40,硫黄島近海,25°59.5′N,143°07.7′E,10 km,4.8,震度１,25.99166667,143.1283333
2024/8/30,18:30:08,福島県沖,37°49.9′N,141°36.4′E,50 km,3.9,震度１,37.83166667,141.6066667
2024/8/30,23:00:38,伊勢湾,34°52.9′N,136°45.2′E,10 km,3,震度１,34.88166667,136.7533333
2024/8/31,11:52:42,兵庫県南東部,35°03.7′N,134°55.6′E,13 km,3.4,震度２,35.06166667,134.9266667
2024/8/31,16:41:00,福島県沖,37°38.8′N,141°30.5′E,56 km,3.9,震度１,37.64666667,141.5083333
2024/8/31,22:04:13,日向灘,31°55.4′N,131°54.4′E,28 km,4.7,震度３,31.92333333,131.9066667
2024/9/1,3:14:54,熊本県熊本地方,32°32.1′N,130°53.1′E,15 km,2.9,震度１,32.535,130.885
2024/9/1,11:28:40,山梨県東部・富士五湖,35°29.7′N,138°57.6′E,23 km,4.2,震度３,35.495,138.96
2024/9/1,11:48:11,山梨県東部・富士五湖,35°29.6′N,138°57.7′E,23 km,2.6,震度１,35.49333333,138.9616667
2024/9/1,12:29:32,トカラ列島近海,29°47.8′N,129°55.0′E,4 km,1.8,震度１,29.79666667,129.9166667
2024/9/1,20:42:10,十勝地方中部,42°41.8′N,143°21.5′E,105 km,3.3,震度１,42.69666667,143.3583333
2024/9/1,20:43:26,山梨県東部・富士五湖,35°27.4′N,138°56.5′E,24 km,2.7,震度１,35.45666667,138.9416667
2024/9/2,6:50:44,愛媛県中予,33°43.8′N,132°49.3′E,40 km,3.1,震度１,33.73,132.8216667
2024/9/2,8:39:50,沖縄本島北西沖,26°25.9′N,125°37.8′E,143 km,4.7,震度１,26.43166667,125.63
2024/9/2,19:00:51,根室半島南東沖,43°13.6′N,146°30.4′E,55 km,3.9,震度１,43.22666667,146.5066667
2024/9/3,1:14:20,石川県能登地方,37°19.4′N,136°45.8′E,5 km,2.8,震度１,37.32333333,136.7633333
2024/9/3,15:59:24,和歌山県北部,34°12.4′N,135°18.8′E,5 km,2.3,震度１,34.20666667,135.3133333
2024/9/3,20:10:00,トカラ列島近海,29°23.5′N,129°39.7′E,5 km,,震度１,29.39166667,129.6616667
2024/9/3,20:10:11,宮城県沖,38°20.7′N,141°40.8′E,53 km,3.5,震度１,38.345,141.68
2024/9/3,20:25:43,宮城県沖,38°25.7′N,141°46.7′E,55 km,3.5,震度１,38.42833333,141.7783333
2024/9/3,21:46:04,トカラ列島近海,29°24.6′N,129°36.4′E,0 km,,震度１,29.41,129.6066667
2024/9/3,23:04:46,トカラ列島近海,29°25.3′N,129°35.9′E,0 km,1.9,震度１,29.42166667,129.5983333
2024/9/3,23:07:09,トカラ列島近海,29°25.4′N,129°35.4′E,0 km,1.7,震度１,29.42333333,129.59
2024/9/4,0:22:16,トカラ列島近海,29°25.2′N,129°35.9′E,7 km,1.7,震度１,29.42,129.5983333
2024/9/4,4:44:35,トカラ列島近海,29°24.7′N,129°36.4′E,7 km,1.9,震度１,29.41166667,129.6066667
2024/9/4,6:31:41,茨城県沖,36°33.8′N,141°01.2′E,22 km,3.5,震度１,36.56333333,141.02
2024/9/4,9:02:20,種子島近海,30°00.3′N,130°32.3′E,18 km,4.2,震度１,30.005,130.5383333
2024/9/4,18:49:21,福島県沖,37°46.3′N,141°50.0′E,44 km,4.1,震度２,37.77166667,141.8333333
2024/9/5,12:46:03,福島県会津,37°02.2′N,139°21.2′E,7 km,1.9,震度１,37.03666667,139.3533333
2024/9/5,23:20:56,鹿児島県薩摩地方,31°53.9′N,130°50.6′E,3 km,2.2,震度１,31.89833333,130.8433333
2024/9/6,9:55:23,岩手県沖,39°14.6′N,142°07.3′E,58 km,2.9,震度１,39.24333333,142.1216667
2024/9/6,15:02:46,宮崎県南部山沿い,31°58.5′N,130°52.6′E,0 km,3,震度２,31.975,130.8766667
2024/9/6,16:09:26,鹿児島県薩摩地方,31°54.2′N,130°51.2′E,4 km,2.2,震度１,31.90333333,130.8533333
2024/9/6,20:23:13,福島県沖,37°07.5′N,141°42.6′E,41 km,4,震度１,37.125,141.71
2024/9/6,22:12:25,青森県下北地方,41°17.4′N,141°17.7′E,8 km,1.8,震度１,41.29,141.295
2024/9/7,17:20:08,栃木県南部,36°41.8′N,140°11.6′E,112 km,3.4,震度１,36.69666667,140.1933333
2024/9/7,22:42:51,東海道南方沖,32°15.7′N,137°53.1′E,399 km,5.3,震度２,32.26166667,137.885
2024/9/7,23:01:01,宮古島近海,24°49.8′N,125°22.8′E,48 km,4.2,震度２,24.83,125.38
2024/9/8,0:16:31,熊本県球磨地方,32°20.6′N,130°40.2′E,10 km,2.9,震度１,32.34333333,130.67
2024/9/8,7:29:29,石川県能登地方,37°10.1′N,136°44.8′E,5 km,3.3,震度２,37.16833333,136.7466667
2024/9/8,7:51:16,三陸沖,39°51.5′N,143°09.4′E,18 km,4.7,震度２,39.85833333,143.1566667
2024/9/8,10:41:54,福島県沖,37°30.7′N,141°53.3′E,55 km,4.6,震度２,37.51166667,141.8883333
2024/9/8,11:08:17,三陸沖,39°51.5′N,143°09.9′E,18 km,4.6,震度１,39.85833333,143.165
2024/9/8,14:21:22,石川県能登地方,37°10.3′N,136°41.7′E,8 km,3.2,震度１,37.17166667,136.695
2024/9/8,16:04:36,伊予灘,33°40.2′N,132°19.2′E,49 km,3.6,震度１,33.67,132.32
2024/9/8,19:03:02,群馬県南部,36°35.9′N,139°22.3′E,5 km,3,震度１,36.59833333,139.3716667
2024/9/8,21:23:04,福島県浜通り,36°59.7′N,140°38.6′E,19 km,3.7,震度２,36.995,140.6433333
2024/9/9,0:23:31,広島県南東部,34°35.9′N,133°15.3′E,17 km,3.2,震度１,34.59833333,133.255
2024/9/9,4:00:27,福島県沖,37°50.5′N,141°36.3′E,49 km,3.5,震度１,37.84166667,141.605
2024/9/9,15:47:26,奄美大島北東沖,29°15.8′N,130°31.2′E,45 km,4.4,震度２,29.26333333,130.52
2024/9/9,15:54:06,日向灘,31°45.1′N,131°57.4′E,26 km,4.2,震度２,31.75166667,131.9566667
2024/9/9,16:17:37,青森県三八上北地方,40°19.8′N,141°06.9′E,105 km,4.1,震度２,40.33,141.115
2024/9/9,16:26:33,能登半島沖,37°08.4′N,136°41.9′E,4 km,1.8,震度１,37.14,136.6983333
2024/9/9,16:56:08,日向灘,31°45.5′N,131°57.8′E,26 km,3.8,震度１,31.75833333,131.9633333
2024/9/10,0:35:44,大阪府北部,34°54.4′N,135°36.9′E,6 km,2,震度１,34.90666667,135.615
2024/9/10,3:49:51,日向灘,31°45.0′N,131°56.4′E,25 km,4.1,震度１,31.75,131.94
2024/9/10,6:32:12,与那国島近海,24°19.6′N,123°00.8′E,47 km,4.1,震度１,24.32666667,123.0133333
2024/9/10,8:14:05,鹿児島県薩摩地方,31°54.2′N,130°50.9′E,3 km,2.3,震度１,31.90333333,130.8483333
2024/9/10,12:27:45,宮崎県南部山沿い,31°58.5′N,130°52.6′E,0 km,3.1,震度２,31.975,130.8766667
2024/9/12,1:04:05,釧路沖,42°53.8′N,145°30.4′E,39 km,4.3,震度２,42.89666667,145.5066667
2024/9/12,10:59:14,伊予灘,33°37.5′N,132°20.5′E,48 km,3.9,震度２,33.625,132.3416667
2024/9/12,11:43:13,千葉県北東部,35°27.6′N,140°24.2′E,32 km,4,震度２,35.46,140.4033333
2024/9/12,13:09:00,浦河沖,41°56.1′N,142°20.0′E,68 km,3.5,震度１,41.935,142.3333333
2024/9/12,20:08:16,宮城県沖,38°49.6′N,142°13.3′E,47 km,3.8,震度１,38.82666667,142.2216667
2024/9/12,22:40:04,トカラ列島近海,29°55.4′N,130°02.4′E,13 km,2.3,震度１,29.92333333,130.04
2024/9/12,22:59:34,父島近海,27°30.6′N,142°21.7′E,41 km,4.5,震度１,27.51,142.3616667
2024/9/13,2:39:56,日向灘,31°44.4′N,131°54.7′E,26 km,3.8,震度１,31.74,131.9116667
2024/9/13,3:39:54,茨城県北部,36°42.9′N,140°36.1′E,8 km,2.6,震度１,36.715,140.6016667
2024/9/13,4:18:54,茨城県南部,36°05.3′N,139°52.1′E,47 km,3.4,震度２,36.08833333,139.8683333
2024/9/13,17:04:43,種子島近海,30°00.6′N,130°32.1′E,18 km,3.4,震度１,30.01,130.535
2024/9/14,2:39:53,山梨県東部・富士五湖,35°28.6′N,138°57.1′E,20 km,3.2,震度１,35.47666667,138.9516667
2024/9/14,6:59:29,岩手県内陸北部,39°48.3′N,141°19.1′E,89 km,3.6,震度１,39.805,141.3183333
2024/9/14,8:03:41,種子島南東沖,29°46.0′N,131°01.6′E,52 km,5.7,震度３,29.76666667,131.0266667
2024/9/14,8:59:35,与那国島近海,23°55.7′N,123°16.3′E,42 km,4.8,震度１,23.92833333,123.2716667
2024/9/14,13:46:07,十勝地方中部,42°46.6′N,142°47.0′E,101 km,3.7,震度２,42.77666667,142.7833333
2024/9/15,4:40:57,宮城県沖,38°28.2′N,142°07.1′E,41 km,4.4,震度１,38.47,142.1183333
2024/9/15,5:19:29,豊後水道,33°12.9′N,132°23.1′E,36 km,2.7,震度１,33.215,132.385
2024/9/15,22:18:48,愛知県西部,34°52.8′N,136°53.3′E,41 km,3.3,震度１,34.88,136.8883333
2024/9/16,1:21:58,石川県能登地方,37°24.5′N,136°57.4′E,1 km,3.6,震度２,37.40833333,136.9566667
2024/9/16,1:23:21,石川県能登地方,37°27.6′N,137°08.2′E,13 km,3.4,震度２,37.46,137.1366667
2024/9/16,1:51:31,茨城県南部,35°56.0′N,140°07.8′E,64 km,4.1,震度２,35.93333333,140.13
2024/9/16,2:14:25,釧路地方中南部,43°13.2′N,144°30.0′E,125 km,3.6,震度１,43.22,144.5
2024/9/16,5:15:50,新島・神津島近海,34°01.9′N,138°58.7′E,11 km,3.4,震度１,34.03166667,138.9783333
2024/9/16,23:13:48,日向灘,31°34.4′N,131°51.0′E,22 km,5.3,震度３,31.57333333,131.85
2024/9/16,23:25:42,日向灘,31°33.8′N,131°52.0′E,23 km,4.5,震度１,31.56333333,131.8666667
2024/9/17,10:58:14,愛媛県南予,33°30.3′N,132°33.2′E,44 km,2.9,震度１,33.505,132.5533333
2024/9/18,5:56:19,石川県能登地方,37°13.3′N,136°48.4′E,11 km,2.7,震度１,37.22166667,136.8066667
2024/9/18,7:35:43,日高地方中部,42°15.4′N,142°33.5′E,39 km,3.3,震度１,42.25666667,142.5583333
2024/9/18,8:33:15,石川県能登地方,37°28.9′N,137°18.2′E,11 km,2.8,震度２,37.48166667,137.3033333
2024/9/18,13:35:54,空知地方北部,43°48.8′N,141°52.2′E,13 km,2.8,震度１,43.81333333,141.87
2024/9/18,23:20:28,福島県会津,36°58.3′N,139°22.4′E,4 km,1.6,震度１,36.97166667,139.3733333
2024/9/19,5:45:51,根室半島南東沖,43°13.5′N,146°06.1′E,76 km,4.6,震度３,43.225,146.1016667
2024/9/19,6:33:31,浦河沖,41°39.8′N,142°43.0′E,45 km,4.4,震度２,41.66333333,142.7166667
2024/9/19,15:00:02,石川県能登地方,37°08.9′N,136°44.0′E,4 km,1.5,震度１,37.14833333,136.7333333
2024/9/19,18:18:11,千葉県北東部,35°44.1′N,140°41.1′E,50 km,4.2,震度２,35.735,140.685
2024/9/19,20:52:06,宮城県北部,38°53.9′N,141°39.8′E,73 km,2.9,震度１,38.89833333,141.6633333
2024/9/20,0:31:22,静岡県中部,34°56.3′N,138°11.7′E,31 km,3,震度１,34.93833333,138.195
2024/9/20,5:03:40,トカラ列島近海,29°23.7′N,129°32.1′E,13 km,2.6,震度１,29.395,129.535
2024/9/20,12:07:10,茨城県北部,36°32.9′N,140°22.1′E,94 km,3.7,震度２,36.54833333,140.3683333
2024/9/20,14:13:43,硫黄島近海,23°33.6′N,142°22.7′E,154 km,5.5,震度１,23.56,142.3783333
2024/9/20,21:22:19,豊後水道,33°16.0′N,132°18.9′E,41 km,4.7,震度４,33.26666667,132.315
2024/9/20,21:23:17,トカラ列島近海,29°25.5′N,129°30.1′E,22 km,3.5,震度２,29.425,129.5016667
2024/9/20,22:30:41,トカラ列島近海,29°21.9′N,129°33.4′E,9 km,2.3,震度１,29.365,129.5566667
2024/9/21,0:49:58,京都府南部,35°16.8′N,135°43.9′E,11 km,2.9,震度１,35.28,135.7316667
2024/9/21,1:29:13,福岡県筑後地方,33°05.9′N,130°33.9′E,9 km,2.2,震度１,33.09833333,130.565
2024/9/21,3:23:21,日向灘,31°33.2′N,131°51.4′E,22 km,3.8,震度１,31.55333333,131.8566667
2024/9/21,17:45:04,青森県東方沖,41°34.2′N,142°05.5′E,54 km,3.7,震度２,41.57,142.0916667
2024/9/21,23:07:38,石川県能登地方,37°14.3′N,136°49.8′E,11 km,3,震度１,37.23833333,136.83
2024/9/22,6:13:25,浦河沖,42°02.2′N,142°34.8′E,64 km,3.7,震度１,42.03666667,142.58
2024/9/22,9:52:30,福島県浜通り,37°04.7′N,140°45.1′E,8 km,3,震度２,37.07833333,140.7516667
2024/9/22,16:42:31,東京都多摩西部,35°41.9′N,139°07.1′E,122 km,3.7,震度２,35.69833333,139.1183333
2024/9/23,3:25:38,石川県能登地方,37°22.9′N,136°59.6′E,9 km,2.5,震度１,37.38166667,136.9933333
2024/9/23,6:28:17,山梨県東部・富士五湖,35°29.6′N,138°57.3′E,17 km,2.8,震度１,35.49333333,138.955
2024/9/23,6:53:31,静岡県中部,35°04.0′N,138°09.0′E,31 km,3.9,震度２,35.06666667,138.15
2024/9/23,15:53:46,国後島付近,43°35.0′N,146°09.8′E,79 km,4.2,震度３,43.58333333,146.1633333
2024/9/23,16:39:14,能登半島沖,37°35.9′N,137°17.3′E,13 km,3.2,震度１,37.59833333,137.2883333
2024/9/23,18:03:55,栃木県南部,36°23.5′N,139°49.3′E,87 km,3.3,震度１,36.39166667,139.8216667
2024/9/23,18:21:35,熊本県熊本地方,32°28.5′N,130°36.6′E,7 km,2.5,震度１,32.475,130.61
2024/9/24,8:29:59,新島・神津島近海,34°14.0′N,139°11.1′E,9 km,2.3,震度１,34.23333333,139.185
2024/9/24,12:07:06,長野県北部,36°41.8′N,138°24.2′E,8 km,2.1,震度１,36.69666667,138.4033333
2024/9/24,12:07:12,宮城県沖,38°17.6′N,141°52.0′E,46 km,3.9,震度１,38.29333333,141.8666667
2024/9/24,16:06:49,宮城県沖,37°56.9′N,141°49.6′E,53 km,3.9,震度１,37.94833333,141.8266667
2024/9/24,19:03:57,長野県南部,35°53.4′N,137°37.0′E,6 km,2.4,震度１,35.89,137.6166667
2024/9/24,19:32:48,群馬県南部,36°34.0′N,139°21.3′E,7 km,2.7,震度１,36.56666667,139.355
2024/9/24,22:09:09,留萌地方中北部,44°55.7′N,141°50.6′E,14 km,3.7,震度４,44.92833333,141.8433333
2024/9/25,2:07:40,十勝沖,41°31.8′N,143°28.5′E,27 km,4.2,震度１,41.53,143.475
2024/9/25,21:58:12,大阪府北部,34°57.3′N,135°24.8′E,11 km,2.3,震度１,34.955,135.4133333
2024/9/26,8:43:19,宮古島近海,24°51.6′N,124°50.2′E,63 km,3.8,震度１,24.86,124.8366667
2024/9/26,12:24:46,石川県能登地方,37°23.8′N,136°53.1′E,8 km,2.4,震度１,37.39666667,136.885
2024/9/26,16:01:10,釧路沖,42°46.6′N,145°06.7′E,59 km,5.7,震度４,42.77666667,145.1116667
2024/9/26,20:35:36,熊本県熊本地方,32°41.1′N,130°42.5′E,13 km,3.8,震度３,32.685,130.7083333
2024/9/27,0:01:58,熊本県球磨地方,32°20.7′N,130°40.2′E,10 km,2.5,震度１,32.345,130.67
2024/9/27,2:52:34,能登半島沖,37°09.2′N,136°40.4′E,6 km,2.2,震度１,37.15333333,136.6733333
2024/9/27,8:12:46,石川県能登地方,37°23.8′N,136°52.4′E,8 km,1.5,震度１,37.39666667,136.8733333
2024/9/27,9:31:31,日向灘,32°18.8′N,132°08.3′E,21 km,3.7,震度１,32.31333333,132.1383333
2024/9/27,9:54:48,熊本県熊本地方,32°41.0′N,130°42.5′E,13 km,2.6,震度１,32.68333333,130.7083333
2024/9/28,20:32:55,群馬県南部,36°24.2′N,139°14.3′E,9 km,2,震度１,36.40333333,139.2383333
2024/9/28,21:32:39,硫黄島近海,25°53.8′N,141°58.5′E,100 km,5.3,震度２,25.89666667,141.975
2024/9/29,0:53:43,石川県西方沖,37°00.9′N,136°25.8′E,9 km,3.7,震度１,37.015,136.43
2024/9/29,3:57:37,千葉県北東部,35°42.6′N,140°37.0′E,51 km,2.9,震度１,35.71,140.6166667
2024/9/30,2:53:29,千葉県東方沖,35°29.3′N,140°57.4′E,17 km,3.5,震度１,35.48833333,140.9566667
2024/9/30,15:18:26,石川県能登地方,37°25.1′N,137°09.4′E,7 km,2.8,震度１,37.41833333,137.1566667
2024/9/30,20:37:36,石川県西方沖,37°00.8′N,136°25.9′E,10 km,3.5,震度１,37.01333333,136.4316667
2024/10/1,0:20:58,栃木県北部,36°38.0′N,139°26.0′E,9 km,2.5,震度１,36.63333333,139.4333333
2024/10/1,5:11:37,能登半島沖,37°31.4′N,137°14.4′E,11 km,3.3,震度１,37.52333333,137.24
2024/10/1,14:52:48,九州地方南東沖,31°25.5′N,132°36.8′E,54 km,3.9,震度１,31.425,132.6133333
2024/10/1,15:33:02,父島近海,26°37.7′N,142°37.7′E,32 km,4.4,震度２,26.62833333,142.6283333
2024/10/1,16:03:44,千葉県東方沖,35°48.4′N,140°53.5′E,11 km,3.6,震度１,35.80666667,140.8916667
2024/10/1,16:12:09,トカラ列島近海,28°44.5′N,129°13.2′E,80 km,3.5,震度１,28.74166667,129.22
2024/10/1,18:52:11,石川県西方沖,37°01.0′N,136°26.4′E,9 km,3.4,震度１,37.01666667,136.44
2024/10/2,23:40:53,千葉県東方沖,35°32.1′N,140°58.7′E,33 km,4.3,震度１,35.535,140.9783333
2024/10/3,5:08:47,石川県能登地方,37°10.6′N,136°49.8′E,11 km,3.2,震度２,37.17666667,136.83
2024/10/3,19:58:52,高知県中部,33°47.0′N,133°55.1′E,34 km,3,震度１,33.78333333,133.9183333
2024/10/4,5:20:47,十勝地方中部,42°42.0′N,143°20.2′E,104 km,3.5,震度１,42.7,143.3366667
2024/10/4,6:48:14,広島県北部,35°00.7′N,132°56.0′E,7 km,2.9,震度２,35.01166667,132.9333333
2024/10/4,8:07:37,広島県北部,35°00.6′N,132°56.0′E,7 km,1.8,震度１,35.01,132.9333333
2024/10/4,10:22:41,福島県会津,37°02.9′N,139°21.8′E,7 km,2.1,震度１,37.04833333,139.3633333
2024/10/4,13:19:07,広島県北部,35°00.7′N,132°56.0′E,7 km,2.2,震度２,35.01166667,132.9333333
2024/10/4,16:37:03,熊本県熊本地方,32°42.5′N,130°38.0′E,12 km,2.4,震度１,32.70833333,130.6333333
2024/10/4,19:02:15,石川県能登地方,37°20.4′N,137°00.9′E,10 km,2.9,震度１,37.34,137.015
2024/10/4,22:18:48,岩手県内陸北部,40°06.3′N,141°06.1′E,8 km,2.2,震度１,40.105,141.1016667
2024/10/5,6:17:00,三重県南東沖,33°52.6′N,137°15.6′E,369 km,3.4,震度１,33.87666667,137.26
2024/10/5,8:58:41,熊本県熊本地方,32°42.5′N,130°37.9′E,12 km,3.7,震度３,32.70833333,130.6316667
2024/10/5,16:05:16,石川県能登地方,37°11.2′N,136°49.4′E,12 km,2.9,震度１,37.18666667,136.8233333
2024/10/5,18:56:43,トカラ列島近海,29°26.5′N,129°27.1′E,28 km,2.8,震度１,29.44166667,129.4516667
2024/10/6,2:19:07,宮崎県南部山沿い,31°57.8′N,130°56.7′E,9 km,2.5,震度１,31.96333333,130.945
2024/10/6,6:21:05,石川県能登地方,37°23.9′N,136°52.5′E,8 km,2.5,震度２,37.39833333,136.875
2024/10/6,10:49:30,宮城県沖,37°57.0′N,141°43.2′E,57 km,4,震度２,37.95,141.72
2024/10/6,15:13:54,小笠原諸島西方沖,28°07.5′N,140°06.7′E,434 km,4.2,震度１,28.125,140.1116667
2024/10/6,17:09:31,福島県沖,37°45.5′N,141°34.6′E,53 km,4,震度１,37.75833333,141.5766667
2024/10/6,19:06:09,釧路沖,42°18.2′N,144°28.3′E,13 km,4.1,震度１,42.30333333,144.4716667
2024/10/7,1:43:36,茨城県南部,36°08.8′N,139°50.5′E,50 km,3.2,震度１,36.14666667,139.8416667
2024/10/7,2:20:02,宮城県沖,38°33.4′N,141°48.6′E,42 km,4.4,震度３,38.55666667,141.81
2024/10/7,18:41:23,トカラ列島近海,29°22.3′N,129°33.4′E,17 km,2.2,震度１,29.37166667,129.5566667
2024/10/7,19:47:50,岩手県沿岸南部,39°14.8′N,141°53.4′E,61 km,3.2,震度１,39.24666667,141.89
2024/10/7,23:33:24,紀伊水道,34°12.5′N,135°08.7′E,6 km,1.9,震度１,34.20833333,135.145
2024/10/8,9:26:30,石川県西方沖,37°01.2′N,136°26.3′E,9 km,3.6,震度１,37.02,136.4383333
2024/10/8,9:35:04,石川県西方沖,37°01.1′N,136°26.4′E,11 km,3.8,震度１,37.01833333,136.44
2024/10/8,23:44:51,トカラ列島近海,29°22.6′N,129°34.7′E,9 km,2.6,震度１,29.37666667,129.5783333
2024/10/9,17:28:57,渡島地方東部,41°52.2′N,140°54.5′E,7 km,2.2,震度１,41.87,140.9083333
2024/10/9,20:19:42,能登半島沖,37°35.3′N,137°25.7′E,14 km,4.3,震度２,37.58833333,137.4283333
2024/10/10,5:48:07,日向灘,31°46.1′N,131°31.5′E,36 km,3.2,震度２,31.76833333,131.525
2024/10/10,11:33:03,十勝沖,42°11.2′N,143°22.3′E,41 km,4.4,震度３,42.18666667,143.3716667
2024/10/10,12:06:24,茨城県北部,36°45.0′N,140°35.2′E,9 km,2.9,震度１,36.75,140.5866667
2024/10/10,12:30:47,三重県南東沖,34°05.2′N,136°19.4′E,43 km,3.3,震度１,34.08666667,136.3233333
2024/10/11,9:15:50,石垣島近海,24°12.1′N,124°12.1′E,13 km,4.9,震度３,24.20166667,124.2016667
2024/10/11,14:40:27,福島県会津,37°45.9′N,140°03.6′E,6 km,3.4,震度１,37.765,140.06
2024/10/11,16:28:12,石川県西方沖,37°00.8′N,136°26.1′E,9 km,3.4,震度１,37.01333333,136.435
2024/10/11,22:53:23,和歌山県北部,34°07.7′N,135°25.3′E,6 km,2.7,震度１,34.12833333,135.4216667
2024/10/11,23:06:18,伊勢湾,34°43.9′N,136°32.2′E,18 km,3.2,震度１,34.73166667,136.5366667
2024/10/12,2:54:47,茨城県北部,36°44.1′N,140°35.8′E,8 km,2.9,震度１,36.735,140.5966667
2024/10/12,7:35:21,福島県浜通り,37°39.6′N,140°42.9′E,88 km,3.8,震度２,37.66,140.715
2024/10/12,9:12:05,新潟県中越地方,37°24.6′N,139°01.8′E,14 km,2.6,震度１,37.41,139.03
2024/10/12,18:56:59,広島県北部,35°00.6′N,132°56.0′E,7 km,2.1,震度１,35.01,132.9333333
2024/10/13,3:50:31,茨城県南部,36°02.6′N,139°54.9′E,45 km,4.4,震度３,36.04333333,139.915
2024/10/13,11:23:18,能登半島沖,37°08.6′N,136°43.0′E,5 km,2.2,震度２,37.14333333,136.7166667
2024/10/14,4:50:18,熊本県熊本地方,32°42.6′N,130°38.2′E,11 km,2.4,震度１,32.71,130.6366667
2024/10/14,12:04:21,千葉県東方沖,35°23.2′N,140°27.8′E,57 km,2.9,震度１,35.38666667,140.4633333
2024/10/14,16:23:31,広島県南西部,34°29.1′N,132°39.2′E,32 km,2.9,震度１,34.485,132.6533333
2024/10/14,16:49:33,岐阜県飛騨地方,35°59.4′N,137°32.2′E,5 km,2.3,震度１,35.99,137.5366667
2024/10/14,19:45:57,東京湾,35°33.3′N,140°05.1′E,71 km,4.5,震度３,35.555,140.085
2024/10/14,20:52:49,種子島南東沖,29°54.5′N,131°17.4′E,22 km,4.6,震度１,29.90833333,131.29
2024/10/15,15:14:36,福島県浜通り,37°29.0′N,140°47.0′E,76 km,3.7,震度２,37.48333333,140.7833333
2024/10/15,19:28:31,宮城県沖,38°55.5′N,141°56.0′E,51 km,3.7,震度１,38.925,141.9333333
2024/10/15,19:32:32,長野県南部,35°50.4′N,137°34.8′E,5 km,2,震度１,35.84,137.58
2024/10/15,23:32:58,長野県南部,35°50.4′N,137°34.7′E,5 km,1.8,震度１,35.84,137.5783333
2024/10/16,3:49:09,宮古島近海,24°49.5′N,125°22.7′E,49 km,3.9,震度２,24.825,125.3783333
2024/10/16,6:59:03,愛知県東部,35°12.5′N,137°40.1′E,17 km,2.6,震度１,35.20833333,137.6683333
2024/10/16,10:13:31,鹿児島県薩摩地方,31°57.3′N,130°42.3′E,5 km,2.1,震度２,31.955,130.705
2024/10/16,17:53:21,茨城県南部,36°05.4′N,139°51.9′E,47 km,4.3,震度３,36.09,139.865
2024/10/17,1:15:35,鳥島近海,29°02.0′N,139°43.3′E,422 km,4.3,震度１,29.03333333,139.7216667
2024/10/17,16:40:02,茨城県北部,36°36.0′N,140°38.1′E,9 km,3,震度２,36.6,140.635
2024/10/18,7:40:32,石川県能登地方,37°27.5′N,137°21.2′E,10 km,3,震度２,37.45833333,137.3533333
2024/10/18,13:38:04,岩手県沖,40°07.9′N,142°24.7′E,40 km,5.4,震度３,40.13166667,142.4116667
2024/10/18,16:03:14,宮城県沖,38°11.6′N,142°29.9′E,44 km,4,震度１,38.19333333,142.4983333
2024/10/18,18:18:20,硫黄島近海,25°11.5′N,143°23.9′E,9 km,5.8,震度１,25.19166667,143.3983333
2024/10/18,23:50:02,硫黄島近海,25°37.4′N,141°12.8′E,143 km,4.8,震度１,25.62333333,141.2133333
2024/10/19,0:58:47,和歌山県北部,34°12.6′N,135°12.5′E,5 km,1.9,震度１,34.21,135.2083333
2024/10/19,4:37:52,和歌山県北部,34°12.6′N,135°12.4′E,5 km,2,震度１,34.21,135.2066667
2024/10/19,4:59:26,岐阜県飛騨地方,35°43.4′N,137°07.8′E,5 km,2.6,震度１,35.72333333,137.13
2024/10/19,7:56:20,上川地方南部,42°57.5′N,142°26.1′E,112 km,3.6,震度１,42.95833333,142.435
2024/10/19,11:59:39,トカラ列島近海,29°22.1′N,129°35.5′E,7 km,2.2,震度１,29.36833333,129.5916667
2024/10/19,21:06:13,徳島県北部,33°58.1′N,134°35.5′E,7 km,2.6,震度２,33.96833333,134.5916667
2024/10/19,22:26:35,茨城県沖,36°26.4′N,141°01.9′E,44 km,3.1,震度１,36.44,141.0316667
2024/10/19,23:41:12,伊予灘,33°32.8′N,131°46.0′E,79 km,3.7,震度２,33.54666667,131.7666667
2024/10/20,8:37:33,根室半島南東沖,42°53.2′N,146°35.1′E,18 km,4.5,震度２,42.88666667,146.585
2024/10/20,16:58:50,胆振地方中東部,42°37.5′N,142°00.1′E,28 km,2.9,震度１,42.625,142.0016667
2024/10/20,17:24:28,千葉県東方沖,35°12.1′N,140°27.2′E,47 km,4.1,震度１,35.20166667,140.4533333
2024/10/20,22:52:49,福島県沖,36°52.9′N,141°03.5′E,50 km,3.6,震度１,36.88166667,141.0583333
2024/10/21,3:36:45,静岡県西部,34°42.1′N,137°52.6′E,35 km,2.7,震度１,34.70166667,137.8766667
2024/10/21,12:12:24,釧路地方中南部,42°55.2′N,143°58.8′E,78 km,3.3,震度１,42.92,143.98
2024/10/21,15:19:11,岐阜県美濃中西部,35°16.5′N,136°42.8′E,17 km,3.8,震度３,35.275,136.7133333
2024/10/21,17:40:12,福島県沖,36°54.5′N,140°55.5′E,91 km,3.5,震度１,36.90833333,140.925
2024/10/21,23:11:33,十勝地方中部,42°44.3′N,143°41.0′E,111 km,4.3,震度２,42.73833333,143.6833333
2024/10/22,2:40:27,京都府沖,35°41.0′N,134°53.9′E,11 km,3.4,震度２,35.68333333,134.8983333
2024/10/22,10:12:38,茨城県沖,36°14.7′N,141°10.6′E,33 km,3.9,震度１,36.245,141.1766667
2024/10/23,7:08:36,和歌山県北部,34°11.6′N,135°12.8′E,5 km,4,震度３,34.19333333,135.2133333
2024/10/23,9:26:00,和歌山県北部,34°11.4′N,135°12.6′E,5 km,3.2,震度２,34.19,135.21
2024/10/23,9:32:41,和歌山県北部,34°11.4′N,135°12.5′E,5 km,1.9,震度１,34.19,135.2083333
2024/10/23,9:56:14,和歌山県北部,34°11.3′N,135°12.7′E,4 km,2.9,震度２,34.18833333,135.2116667
2024/10/23,10:18:00,和歌山県北部,34°11.4′N,135°12.8′E,5 km,2.8,震度２,34.19,135.2133333
2024/10/23,11:23:25,和歌山県北部,34°11.5′N,135°12.9′E,6 km,2.4,震度２,34.19166667,135.215
2024/10/23,12:38:38,和歌山県北部,34°11.3′N,135°12.6′E,5 km,2.5,震度１,34.18833333,135.21
2024/10/23,15:18:45,和歌山県北部,34°11.3′N,135°12.4′E,5 km,2.1,震度１,34.18833333,135.2066667
2024/10/23,17:11:18,青森県東方沖,41°30.2′N,142°03.0′E,56 km,3.9,震度２,41.50333333,142.05
2024/10/23,23:41:46,愛媛県中予,33°41.9′N,132°50.2′E,39 km,3.5,震度２,33.69833333,132.8366667
2024/10/23,23:50:40,和歌山県北部,34°11.7′N,135°13.1′E,5 km,1.9,震度１,34.195,135.2183333
2024/10/24,3:26:35,宮崎県南部山沿い,31°43.7′N,131°02.8′E,6 km,3.1,震度２,31.72833333,131.0466667
2024/10/24,8:20:53,能登半島沖,37°08.9′N,136°43.2′E,3 km,1.8,震度１,37.14833333,136.72
2024/10/24,14:30:28,豊後水道,33°11.3′N,132°23.1′E,37 km,2.8,震度１,33.18833333,132.385
2024/10/24,20:16:19,福島県沖,37°41.0′N,141°59.7′E,40 km,4.1,震度１,37.68333333,141.995
2024/10/25,2:51:24,硫黄島近海,25°39.0′N,143°07.6′E,0 km,5.4,震度１,25.65,143.1266667
2024/10/25,11:20:28,和歌山県北部,34°11.1′N,135°12.5′E,5 km,2,震度１,34.185,135.2083333
2024/10/25,11:44:03,和歌山県北部,34°11.2′N,135°12.5′E,5 km,2.1,震度１,34.18666667,135.2083333
2024/10/25,12:59:55,熊本県球磨地方,32°20.8′N,130°40.3′E,10 km,2.6,震度１,32.34666667,130.6716667
2024/10/25,15:31:49,根室半島南東沖,43°15.7′N,146°37.5′E,66 km,4.5,震度２,43.26166667,146.625
2024/10/25,16:14:17,福島県会津,37°03.5′N,139°22.4′E,8 km,2,震度１,37.05833333,139.3733333
2024/10/25,17:23:13,和歌山県北部,34°11.3′N,135°12.5′E,5 km,2,震度１,34.18833333,135.2083333
2024/10/25,20:17:05,福島県沖,37°04.1′N,142°02.5′E,24 km,4.6,震度２,37.06833333,142.0416667
2024/10/25,21:22:16,浦河沖,42°02.3′N,142°36.5′E,63 km,3.6,震度１,42.03833333,142.6083333
2024/10/25,23:41:01,瀬戸内海中部,34°26.1′N,133°46.9′E,16 km,3.2,震度２,34.435,133.7816667
2024/10/25,23:55:04,福島県会津,37°41.4′N,140°01.0′E,5 km,2.8,震度１,37.69,140.0166667
2024/10/26,6:20:22,埼玉県南部,35°50.1′N,139°21.2′E,56 km,3.9,震度２,35.835,139.3533333
2024/10/26,7:20:30,石垣島近海,24°12.5′N,124°11.9′E,14 km,3.5,震度１,24.20833333,124.1983333
2024/10/26,10:21:10,トカラ列島近海,29°37.8′N,129°36.4′E,12 km,2.5,震度１,29.63,129.6066667
2024/10/26,11:02:33,トカラ列島近海,29°35.5′N,129°45.8′E,1 km,3.2,震度２,29.59166667,129.7633333
2024/10/26,18:26:59,能登半島沖,37°07.6′N,136°37.9′E,9 km,2.7,震度２,37.12666667,136.6316667
2024/10/26,21:30:54,新潟県上中越沖,37°23.9′N,138°31.5′E,18 km,2.7,震度１,37.39833333,138.525
2024/10/27,1:56:08,岩手県内陸北部,40°06.4′N,141°06.1′E,7 km,3,震度１,40.10666667,141.1016667
2024/10/27,2:10:15,釧路沖,42°40.5′N,145°22.2′E,24 km,3.6,震度１,42.675,145.37
2024/10/27,12:32:14,茨城県沖,36°26.5′N,140°41.2′E,52 km,3.8,震度３,36.44166667,140.6866667
2024/10/28,4:50:48,日向灘,31°48.9′N,131°35.9′E,34 km,3.3,震度１,31.815,131.5983333
2024/10/28,15:22:35,周防灘,33°45.2′N,131°47.7′E,82 km,3.4,震度１,33.75333333,131.795
2024/10/28,18:25:49,トカラ列島近海,29°59.6′N,130°23.4′E,41 km,4,震度１,29.99333333,130.39
2024/10/29,5:34:01,宮城県沖,38°32.2′N,141°59.7′E,80 km,3.1,震度１,38.53666667,141.995
2024/10/29,10:50:53,岐阜県飛騨地方,36°03.0′N,137°35.4′E,6 km,2.2,震度１,36.05,137.59
2024/10/30,4:36:24,岩手県沖,40°08.1′N,142°23.2′E,40 km,3.9,震度１,40.135,142.3866667
2024/10/30,5:37:04,岩手県沖,39°57.4′N,142°23.8′E,37 km,3.7,震度１,39.95666667,142.3966667
2024/10/30,12:00:14,岩手県沖,40°11.1′N,142°17.5′E,43 km,3.7,震度１,40.185,142.2916667
2024/10/30,15:14:24,茨城県南部,36°02.7′N,139°54.7′E,45 km,4,震度２,36.045,139.9116667
2024/10/30,20:25:42,豊後水道,33°24.7′N,132°14.5′E,49 km,3.2,震度１,33.41166667,132.2416667
2024/10/31,2:00:03,茨城県北部,36°36.0′N,140°37.8′E,8 km,2,震度１,36.6,140.63
2024/10/31,3:07:24,北海道東方沖,43°17.0′N,147°00.4′E,64 km,4.5,震度１,43.28333333,147.0066667
2024/10/31,10:18:56,宮城県沖,38°41.7′N,141°50.0′E,70 km,3.6,震度１,38.695,141.8333333
2024/10/31,22:12:40,根室半島南東沖,42°47.0′N,146°52.8′E,39 km,4.4,震度１,42.78333333,146.88
2024/10/31,23:11:35,茨城県北部,36°35.8′N,140°25.6′E,67 km,2.8,震度１,36.59666667,140.4266667
2024/11/1,9:11:46,長野県南部,35°25.0′N,138°05.5′E,3 km,2.8,震度１,35.41666667,138.0916667
2024/11/1,10:23:26,石川県能登地方,37°10.4′N,136°51.5′E,11 km,3.3,震度１,37.17333333,136.8583333
2024/11/1,12:32:05,和歌山県北部,34°12.8′N,135°18.7′E,5 km,2.7,震度１,34.21333333,135.3116667
2024/11/1,13:18:52,奄美大島北東沖,29°16.8′N,130°24.3′E,64 km,4.6,震度２,29.28,130.405
2024/11/1,21:25:56,釧路地方中南部,43°15.9′N,144°17.9′E,107 km,3.8,震度１,43.265,144.2983333
2024/11/1,23:16:51,茨城県沖,35°54.1′N,140°51.1′E,40 km,4.6,震度３,35.90166667,140.8516667
2024/11/2,6:10:57,岩手県沖,39°38.1′N,142°06.2′E,49 km,3.5,震度１,39.635,142.1033333
2024/11/2,9:28:29,岐阜県美濃中西部,35°40.7′N,136°37.9′E,13 km,2.7,震度１,35.67833333,136.6316667
2024/11/2,14:46:52,薩摩半島西方沖,31°22.1′N,129°37.0′E,10 km,3.8,震度１,31.36833333,129.6166667
2024/11/2,15:45:26,岐阜県美濃中西部,35°38.9′N,136°19.5′E,10 km,2.8,震度１,35.64833333,136.325
2024/11/2,16:53:35,薩摩半島西方沖,31°22.6′N,129°37.5′E,11 km,4.2,震度２,31.37666667,129.625
2024/11/2,17:14:58,和歌山県南方沖,33°24.5′N,135°58.5′E,28 km,3.2,震度１,33.40833333,135.975
2024/11/3,1:32:34,能登半島沖,37°08.1′N,136°41.3′E,9 km,2.8,震度１,37.135,136.6883333
2024/11/3,4:28:57,硫黄島近海,25°29.2′N,143°16.1′E,6 km,5,震度１,25.48666667,143.2683333
2024/11/3,5:48:39,岐阜県美濃中西部,35°40.7′N,136°37.9′E,14 km,3,震度２,35.67833333,136.6316667
2024/11/3,10:51:17,和歌山県北部,34°13.2′N,135°14.4′E,4 km,2.2,震度１,34.22,135.24
2024/11/3,18:58:46,佐渡付近,37°52.6′N,137°52.0′E,17 km,3.9,震度１,37.87666667,137.8666667
2024/11/4,8:31:29,茨城県沖,35°53.9′N,140°51.2′E,41 km,4,震度２,35.89833333,140.8533333
2024/11/4,19:21:23,石川県加賀地方,36°09.4′N,136°46.4′E,2 km,4.2,震度２,36.15666667,136.7733333
2024/11/5,0:10:55,東京湾,35°33.6′N,140°05.3′E,71 km,4.1,震度２,35.56,140.0883333
2024/11/5,17:52:49,奄美大島近海,28°38.6′N,129°20.7′E,66 km,3.8,震度１,28.64333333,129.345
2024/11/5,20:07:00,千葉県北西部,35°33.6′N,140°06.3′E,71 km,3,震度１,35.56,140.105
2024/11/5,22:01:48,トカラ列島近海,29°52.2′N,129°49.7′E,9 km,2.3,震度２,29.87,129.8283333
2024/11/6,0:40:53,岩手県沖,39°38.0′N,142°06.1′E,48 km,3.1,震度１,39.63333333,142.1016667
2024/11/6,6:42:24,石川県加賀地方,36°28.3′N,136°34.6′E,14 km,3.7,震度３,36.47166667,136.5766667
2024/11/6,10:59:44,薩摩半島西方沖,31°34.7′N,129°47.2′E,1 km,2.8,震度１,31.57833333,129.7866667
2024/11/6,11:10:07,薩摩半島西方沖,31°34.8′N,129°46.6′E,4 km,2.8,震度１,31.58,129.7766667
2024/11/6,11:16:55,薩摩半島西方沖,31°34.5′N,129°46.2′E,6 km,2.9,震度１,31.575,129.77
2024/11/6,11:21:43,福島県沖,37°30.7′N,141°27.9′E,47 km,3.4,震度１,37.51166667,141.465
2024/11/6,21:59:48,岩手県沖,40°02.8′N,141°58.8′E,48 km,3.8,震度２,40.04666667,141.98
2024/11/7,3:23:06,熊本県熊本地方,32°44.8′N,130°45.1′E,9 km,1.9,震度１,32.74666667,130.7516667
2024/11/7,4:44:06,薩摩半島西方沖,31°34.7′N,129°46.1′E,7 km,3.2,震度１,31.57833333,129.7683333
2024/11/7,5:07:59,瀬戸内海中部,34°07.3′N,133°31.0′E,20 km,2.9,震度１,34.12166667,133.5166667
2024/11/7,7:54:59,硫黄島近海,25°31.6′N,143°29.8′E,0 km,6.3,震度２,25.52666667,143.4966667
2024/11/7,7:58:59,硫黄島近海,25°26.5′N,143°33.3′E,17 km,5.5,震度１,25.44166667,143.555
2024/11/7,10:11:42,硫黄島近海,25°28.9′N,143°28.6′E,0 km,5.8,震度１,25.48166667,143.4766667
2024/11/7,11:24:08,宮城県沖,38°48.4′N,142°00.7′E,40 km,3.5,震度２,38.80666667,142.0116667
2024/11/7,15:29:48,長野県中部,36°26.5′N,138°02.1′E,5 km,2.6,震度１,36.44166667,138.035
2024/11/7,18:07:50,奄美大島北東沖,29°16.7′N,130°38.1′E,37 km,4.6,震度１,29.27833333,130.635
2024/11/7,23:20:46,石川県能登地方,37°27.4′N,137°08.2′E,13 km,3.1,震度１,37.45666667,137.1366667
2024/11/8,4:53:51,硫黄島近海,25°26.3′N,143°20.8′E,4 km,5.9,震度１,25.43833333,143.3466667
2024/11/8,6:43:57,硫黄島近海,25°27.7′N,143°22.1′E,32 km,4.8,震度１,25.46166667,143.3683333
2024/11/8,13:47:06,宮城県沖,38°42.3′N,141°48.2′E,52 km,2.9,震度１,38.705,141.8033333
2024/11/8,13:49:22,宮城県沖,38°21.9′N,142°08.5′E,36 km,3.9,震度１,38.365,142.1416667
2024/11/9,1:45:22,能登半島沖,37°08.7′N,136°43.2′E,2 km,1.9,震度１,37.145,136.72
2024/11/9,11:21:08,福島県沖,37°24.1′N,141°40.4′E,44 km,4,震度１,37.40166667,141.6733333
2024/11/9,22:47:33,福島県会津,36°59.1′N,139°28.0′E,7 km,2.9,震度２,36.985,139.4666667
2024/11/10,0:52:15,大隅半島東方沖,31°09.1′N,131°20.8′E,31 km,4,震度２,31.15166667,131.3466667
2024/11/10,4:28:11,奄美大島近海,27°56.6′N,128°52.5′E,43 km,3.2,震度１,27.94333333,128.875
2024/11/10,18:03:32,宮城県沖,38°19.7′N,141°52.8′E,46 km,4,震度２,38.32833333,141.88
2024/11/10,22:49:46,薩摩半島西方沖,31°34.4′N,129°46.3′E,5 km,3,震度１,31.57333333,129.7716667
2024/11/11,4:59:09,石川県能登地方,37°14.1′N,136°51.7′E,11 km,2.8,震度２,37.235,136.8616667
2024/11/11,11:00:10,石川県能登地方,37°22.0′N,136°50.5′E,10 km,2.8,震度１,37.36666667,136.8416667
2024/11/11,20:30:12,石川県能登地方,37°20.3′N,136°50.0′E,7 km,2.8,震度１,37.33833333,136.8333333
2024/11/11,20:34:08,沖縄本島近海,26°47.4′N,128°25.0′E,31 km,3.2,震度１,26.79,128.4166667
2024/11/11,22:25:43,宮城県沖,38°23.4′N,141°51.3′E,56 km,3.6,震度２,38.39,141.855
2024/11/12,7:13:52,浦河沖,42°15.8′N,142°31.4′E,72 km,3.5,震度１,42.26333333,142.5233333
2024/11/12,12:01:38,東京湾,35°14.1′N,139°50.8′E,91 km,3.2,震度１,35.235,139.8466667
2024/11/13,10:16:24,島根県西部,34°37.4′N,131°53.4′E,8 km,2.9,震度１,34.62333333,131.89
2024/11/13,10:24:23,千葉県北東部,35°44.8′N,140°40.8′E,50 km,3.3,震度１,35.74666667,140.68
2024/11/13,11:35:38,トカラ列島近海,29°34.9′N,129°38.7′E,8 km,2.5,震度１,29.58166667,129.645
2024/11/13,14:58:35,岐阜県美濃中西部,35°44.3′N,137°07.2′E,8 km,2.8,震度２,35.73833333,137.12
2024/11/13,16:02:09,千葉県南東沖,34°51.0′N,139°47.4′E,96 km,3.8,震度１,34.85,139.79
2024/11/13,18:40:48,福島県中通り,36°52.9′N,140°33.2′E,7 km,3.9,震度３,36.88166667,140.5533333
2024/11/14,6:30:42,石川県能登地方,37°13.2′N,136°48.3′E,7 km,2.9,震度２,37.22,136.805
2024/11/14,6:39:57,釧路沖,42°52.1′N,145°30.1′E,36 km,3.8,震度１,42.86833333,145.5016667
2024/11/14,7:15:25,熊本県熊本地方,32°46.9′N,130°38.8′E,9 km,2.5,震度１,32.78166667,130.6466667
2024/11/14,9:02:12,岩手県沿岸北部,39°51.9′N,141°43.8′E,70 km,4.1,震度２,39.865,141.73
2024/11/14,11:12:05,奄美大島北東沖,29°20.8′N,129°58.4′E,58 km,4.1,震度１,29.34666667,129.9733333
2024/11/14,20:15:15,宮城県沖,38°50.8′N,142°16.5′E,59 km,4.2,震度３,38.84666667,142.275
2024/11/15,17:46:51,北海道北西沖,44°20.4′N,141°37.6′E,7 km,1.9,震度１,44.34,141.6266667
2024/11/16,0:41:00,茨城県沖,36°01.2′N,141°12.1′E,13 km,4.5,震度２,36.02,141.2016667
2024/11/16,2:58:49,千葉県東方沖,35°50.0′N,140°53.9′E,33 km,4.9,震度３,35.83333333,140.8983333
2024/11/16,5:36:10,トカラ列島近海,29°54.5′N,129°59.5′E,10 km,2.7,震度２,29.90833333,129.9916667
2024/11/16,8:29:56,大阪府北部,34°52.9′N,135°39.3′E,11 km,3.4,震度２,34.88166667,135.655
2024/11/16,21:22:18,陸奥湾,41°02.0′N,141°04.7′E,8 km,4.6,震度４,41.03333333,141.0783333
2024/11/16,23:53:03,陸奥湾,41°02.1′N,141°04.3′E,8 km,3.4,震度２,41.035,141.0716667
2024/11/17,1:19:11,トカラ列島近海,28°15.6′N,128°48.7′E,65 km,3.9,震度２,28.26,128.8116667
2024/11/17,9:30:24,日高地方中部,42°28.6′N,142°41.1′E,111 km,3.9,震度１,42.47666667,142.685
2024/11/17,10:50:09,岩手県沖,39°38.0′N,142°06.9′E,48 km,3.3,震度１,39.63333333,142.115
2024/11/17,12:59:23,胆振地方中東部,42°41.5′N,141°53.5′E,12 km,2.4,震度１,42.69166667,141.8916667
2024/11/17,18:48:10,宮城県沖,38°09.2′N,141°58.8′E,52 km,4.3,震度１,38.15333333,141.98
2024/11/17,19:09:12,種子島近海,30°20.4′N,131°01.6′E,20 km,3.8,震度１,30.34,131.0266667
2024/11/17,21:16:32,奄美大島北東沖,29°03.8′N,131°21.0′E,80 km,5.9,震度３,29.06333333,131.35
2024/11/18,6:54:49,和歌山県北部,34°01.4′N,135°14.1′E,5 km,2.7,震度３,34.02333333,135.235
2024/11/18,9:43:50,京都府南部,35°05.8′N,135°35.8′E,12 km,3.4,震度２,35.09666667,135.5966667
2024/11/18,9:52:05,奄美大島近海,28°57.9′N,129°44.5′E,47 km,3.6,震度１,28.965,129.7416667
2024/11/18,20:17:01,青森県東方沖,40°59.0′N,141°59.2′E,58 km,3.5,震度２,40.98333333,141.9866667
2024/11/19,4:52:14,和歌山県北部,33°57.3′N,135°10.4′E,7 km,2.3,震度１,33.955,135.1733333
2024/11/19,19:08:03,和歌山県北部,34°04.5′N,135°11.7′E,6 km,2.2,震度１,34.075,135.195
2024/11/19,19:40:25,トカラ列島近海,29°54.8′N,129°59.3′E,11 km,2.4,震度１,29.91333333,129.9883333
2024/11/20,3:36:12,駿河湾南方沖,34°11.1′N,138°28.7′E,253 km,5,震度２,34.185,138.4783333
2024/11/20,5:18:45,愛媛県東予,34°02.0′N,133°02.1′E,15 km,2.6,震度１,34.03333333,133.035
2024/11/20,15:40:16,陸奥湾,41°02.1′N,141°03.6′E,10 km,5.1,震度４,41.035,141.06
2024/11/20,15:43:46,陸奥湾,41°02.0′N,141°03.8′E,8 km,3,震度１,41.03333333,141.0633333
2024/11/20,15:45:03,陸奥湾,41°02.2′N,141°03.8′E,9 km,2.8,震度１,41.03666667,141.0633333
2024/11/20,16:46:11,陸奥湾,41°02.0′N,141°04.2′E,10 km,3.1,震度１,41.03333333,141.07
2024/11/20,17:09:50,宮城県沖,37°58.9′N,141°48.3′E,60 km,4.8,震度３,37.98166667,141.805
2024/11/20,20:52:00,陸奥湾,41°02.4′N,141°03.8′E,10 km,3.3,震度２,41.04,141.0633333
2024/11/21,5:08:21,茨城県北部,36°43.3′N,140°37.2′E,7 km,2.7,震度１,36.72166667,140.62
2024/11/21,17:54:27,宮古島近海,24°46.3′N,125°22.4′E,30 km,3.4,震度１,24.77166667,125.3733333
2024/11/21,23:30:19,陸奥湾,41°01.8′N,141°04.2′E,9 km,4.1,震度３,41.03,141.07
2024/11/22,2:28:22,日向灘,31°48.8′N,131°35.5′E,35 km,4.4,震度３,31.81333333,131.5916667
2024/11/22,3:30:42,熊本県熊本地方,32°44.3′N,130°44.6′E,11 km,2.5,震度１,32.73833333,130.7433333
2024/11/22,15:07:31,茨城県沖,36°20.2′N,140°47.2′E,54 km,3.1,震度１,36.33666667,140.7866667
2024/11/22,18:48:18,宮崎県北部山沿い,32°31.8′N,131°06.8′E,147 km,3.9,震度１,32.53,131.1133333
2024/11/23,8:33:51,石川県能登地方,37°22.0′N,136°53.3′E,6 km,3.2,震度２,37.36666667,136.8883333
2024/11/23,9:59:28,トカラ列島近海,29°55.1′N,129°59.7′E,9 km,2,震度１,29.91833333,129.995
2024/11/23,10:05:09,茨城県沖,36°10.4′N,141°00.8′E,33 km,3.1,震度１,36.17333333,141.0133333
2024/11/23,22:01:29,愛知県西部,35°11.8′N,136°59.0′E,40 km,3.6,震度２,35.19666667,136.9833333
2024/11/24,8:22:29,岩手県沖,40°07.6′N,142°28.1′E,39 km,5,震度３,40.12666667,142.4683333
2024/11/24,13:22:42,茨城県北部,36°46.8′N,140°34.5′E,8 km,3.1,震度１,36.78,140.575
2024/11/24,20:06:30,青森県東方沖,40°51.1′N,143°00.0′E,21 km,4.4,震度１,40.85166667,143
2024/11/26,0:37:42,鳥島近海,29°24.4′N,141°22.8′E,110 km,5.3,震度１,29.40666667,141.38
2024/11/26,2:17:33,宮城県沖,37°59.3′N,141°46.8′E,55 km,4.1,震度１,37.98833333,141.78
2024/11/26,8:45:55,長野県中部,36°19.6′N,138°00.8′E,5 km,3.2,震度２,36.32666667,138.0133333
2024/11/26,13:31:20,宮城県沖,38°43.6′N,142°15.1′E,43 km,5.4,震度３,38.72666667,142.2516667
2024/11/26,13:37:39,青森県三八上北地方,40°26.9′N,140°54.2′E,5 km,2.9,震度１,40.44833333,140.9033333
2024/11/26,16:34:38,茨城県南部,36°02.3′N,140°05.7′E,63 km,3.2,震度１,36.03833333,140.095
2024/11/26,20:26:16,岐阜県美濃中西部,35°47.6′N,136°50.7′E,10 km,3.3,震度２,35.79333333,136.845
2024/11/26,21:18:14,陸奥湾,41°05.3′N,140°39.9′E,121 km,4.4,震度１,41.08833333,140.665
2024/11/26,22:45:09,大阪府北部,34°51.1′N,135°36.5′E,12 km,2.4,震度１,34.85166667,135.6083333
2024/11/26,22:47:03,石川県西方沖,37°00.5′N,136°23.8′E,7 km,6.6,震度５弱,37.00833333,136.3966667
2024/11/26,22:50:18,石川県西方沖,36°59.0′N,136°24.9′E,11 km,3.7,震度１,36.98333333,136.415
2024/11/26,22:51:25,石川県西方沖,37°00.5′N,136°26.4′E,9 km,4.5,震度２,37.00833333,136.44
2024/11/26,22:52:39,石川県西方沖,37°00.9′N,136°25.7′E,5 km,3.7,震度２,37.015,136.4283333
2024/11/26,22:53:33,石川県西方沖,37°00.0′N,136°24.7′E,5 km,4.1,震度１,37,136.4116667
2024/11/26,22:54:02,石川県西方沖,37°02.9′N,136°22.8′E,6 km,3.6,震度１,37.04833333,136.38
2024/11/26,22:56:26,石川県西方沖,36°59.0′N,136°25.6′E,2 km,3.5,震度１,36.98333333,136.4266667
2024/11/26,22:57:01,石川県西方沖,36°59.7′N,136°24.5′E,9 km,3.7,震度１,36.995,136.4083333
2024/11/26,22:57:53,石川県西方沖,36°57.1′N,136°24.8′E,10 km,3.5,震度２,36.95166667,136.4133333
2024/11/26,22:58:51,石川県西方沖,36°55.8′N,136°23.6′E,5 km,3.7,震度２,36.93,136.3933333
2024/11/26,23:00:18,石川県西方沖,36°58.0′N,136°24.9′E,4 km,2.8,震度１,36.96666667,136.415
2024/11/26,23:03:42,石川県西方沖,36°56.8′N,136°25.7′E,13 km,2.8,震度１,36.94666667,136.4283333
2024/11/26,23:07:35,石川県西方沖,36°56.4′N,136°25.3′E,11 km,3.3,震度１,36.94,136.4216667
2024/11/26,23:08:19,石川県西方沖,36°56.4′N,136°24.3′E,12 km,3.3,震度２,36.94,136.405
2024/11/26,23:10:01,石川県西方沖,36°57.8′N,136°25.3′E,8 km,3.6,震度１,36.96333333,136.4216667
2024/11/26,23:13:50,石川県西方沖,36°57.0′N,136°23.3′E,12 km,4.2,震度２,36.95,136.3883333
2024/11/26,23:14:47,石川県西方沖,37°00.4′N,136°25.7′E,6 km,4.1,震度２,37.00666667,136.4283333
2024/11/26,23:15:41,石川県西方沖,37°03.6′N,136°24.9′E,6 km,3.8,震度１,37.06,136.415
2024/11/26,23:17:20,石川県西方沖,36°56.0′N,136°24.0′E,10 km,3.9,震度２,36.93333333,136.4
2024/11/26,23:21:44,石川県西方沖,36°56.4′N,136°24.4′E,9 km,2.9,震度１,36.94,136.4066667
2024/11/26,23:25:33,石川県西方沖,36°59.3′N,136°25.5′E,11 km,3.4,震度１,36.98833333,136.425
2024/11/26,23:27:16,石川県西方沖,36°56.1′N,136°25.2′E,8 km,3.6,震度１,36.935,136.42
2024/11/26,23:28:32,石川県西方沖,37°03.5′N,136°25.9′E,0 km,3.9,震度１,37.05833333,136.4316667
2024/11/26,23:30:06,石川県西方沖,37°01.9′N,136°23.6′E,9 km,3.6,震度１,37.03166667,136.3933333
2024/11/26,23:32:58,石川県西方沖,37°00.6′N,136°24.8′E,8 km,4,震度２,37.01,136.4133333
2024/11/26,23:33:39,石川県西方沖,37°00.8′N,136°24.6′E,7 km,3.5,震度２,37.01333333,136.41
2024/11/26,23:36:50,石川県西方沖,37°00.5′N,136°24.9′E,10 km,3.6,震度１,37.00833333,136.415
2024/11/26,23:43:41,石川県西方沖,36°57.8′N,136°23.0′E,6 km,3.2,震度１,36.96333333,136.3833333
2024/11/26,23:50:40,石川県西方沖,36°59.3′N,136°23.4′E,13 km,3.4,震度１,36.98833333,136.39
2024/11/26,23:52:52,石川県西方沖,37°00.7′N,136°24.8′E,11 km,4.9,震度３,37.01166667,136.4133333
2024/11/26,23:54:02,石川県西方沖,36°56.9′N,136°23.7′E,7 km,4.3,震度２,36.94833333,136.395
2024/11/26,23:56:26,石川県西方沖,37°02.3′N,136°25.5′E,8 km,4,震度２,37.03833333,136.425
2024/11/26,23:58:31,石川県西方沖,36°56.7′N,136°25.1′E,10 km,2.8,震度１,36.945,136.4183333
2024/11/27,0:17:52,石川県西方沖,36°57.7′N,136°23.6′E,12 km,3.6,震度２,36.96166667,136.3933333
2024/11/27,0:20:52,石川県西方沖,36°55.9′N,136°23.5′E,9 km,3.7,震度１,36.93166667,136.3916667
2024/11/27,0:26:53,石川県西方沖,36°58.8′N,136°26.1′E,10 km,3,震度１,36.98,136.435
2024/11/27,0:30:28,石川県西方沖,36°59.2′N,136°26.2′E,11 km,3.7,震度２,36.98666667,136.4366667
2024/11/27,0:36:23,石川県西方沖,37°04.0′N,136°25.9′E,5 km,3.6,震度１,37.06666667,136.4316667
2024/11/27,0:37:20,石川県西方沖,37°03.4′N,136°25.2′E,9 km,3.9,震度１,37.05666667,136.42
2024/11/27,0:40:22,石川県西方沖,37°00.3′N,136°24.3′E,8 km,3.1,震度１,37.005,136.405
2024/11/27,0:42:17,石川県西方沖,36°57.7′N,136°24.2′E,11 km,3.4,震度１,36.96166667,136.4033333
2024/11/27,0:44:34,石川県西方沖,36°57.5′N,136°24.5′E,9 km,3.3,震度１,36.95833333,136.4083333
2024/11/27,0:45:52,石川県西方沖,36°56.4′N,136°24.6′E,12 km,3.3,震度２,36.94,136.41
2024/11/27,0:59:53,石川県西方沖,36°59.4′N,136°23.6′E,13 km,3.3,震度１,36.99,136.3933333
2024/11/27,1:03:14,石川県西方沖,36°57.0′N,136°24.1′E,14 km,3.3,震度１,36.95,136.4016667
2024/11/27,1:20:48,石川県西方沖,36°55.9′N,136°24.3′E,13 km,2.9,震度１,36.93166667,136.405
2024/11/27,1:24:22,石川県西方沖,36°57.2′N,136°25.4′E,12 km,3.1,震度１,36.95333333,136.4233333
2024/11/27,1:32:06,石川県西方沖,36°57.1′N,136°25.4′E,13 km,3.3,震度１,36.95166667,136.4233333
2024/11/27,1:41:57,石川県西方沖,36°56.4′N,136°24.6′E,12 km,3.4,震度１,36.94,136.41
2024/11/27,1:43:48,石川県西方沖,37°02.9′N,136°24.4′E,13 km,3.4,震度１,37.04833333,136.4066667
2024/11/27,1:46:47,石川県西方沖,36°58.6′N,136°24.4′E,12 km,3.5,震度１,36.97666667,136.4066667
2024/11/27,1:48:13,石川県西方沖,36°55.8′N,136°24.1′E,12 km,3.9,震度２,36.93,136.4016667
2024/11/27,2:10:49,石川県西方沖,36°56.7′N,136°25.1′E,10 km,3.9,震度３,36.945,136.4183333
2024/11/27,2:13:23,石川県西方沖,37°04.1′N,136°23.6′E,11 km,3.8,震度２,37.06833333,136.3933333
2024/11/27,2:19:47,石川県西方沖,37°02.3′N,136°25.2′E,10 km,4.8,震度３,37.03833333,136.42
2024/11/27,2:22:48,石川県西方沖,36°59.7′N,136°24.9′E,12 km,4,震度２,36.995,136.415
2024/11/27,2:41:59,石川県西方沖,36°56.4′N,136°24.2′E,11 km,3.3,震度１,36.94,136.4033333
2024/11/27,3:08:08,石川県西方沖,37°01.4′N,136°24.8′E,11 km,3.8,震度２,37.02333333,136.4133333
2024/11/27,3:09:49,石川県西方沖,36°56.6′N,136°24.6′E,8 km,3.3,震度１,36.94333333,136.41
2024/11/27,3:17:26,石川県西方沖,37°00.9′N,136°34.0′E,12 km,3.3,震度１,37.015,136.5666667
2024/11/27,3:27:36,石川県西方沖,36°59.1′N,136°25.9′E,10 km,3.3,震度１,36.985,136.4316667
2024/11/27,3:45:53,石川県西方沖,37°02.3′N,136°25.6′E,10 km,3.6,震度１,37.03833333,136.4266667
2024/11/27,3:49:04,石川県西方沖,36°59.2′N,136°26.0′E,11 km,3.5,震度２,36.98666667,136.4333333
2024/11/27,3:55:41,石川県西方沖,37°02.3′N,136°23.4′E,11 km,3.9,震度１,37.03833333,136.39
2024/11/27,4:03:40,石川県西方沖,37°01.9′N,136°26.5′E,7 km,3.6,震度１,37.03166667,136.4416667
2024/11/27,4:11:57,石川県西方沖,37°02.1′N,136°25.5′E,9 km,3.9,震度１,37.035,136.425
2024/11/27,4:17:21,石川県西方沖,37°02.5′N,136°24.4′E,10 km,4,震度２,37.04166667,136.4066667
2024/11/27,5:00:09,愛知県西部,34°55.4′N,137°13.5′E,41 km,2.8,震度１,34.92333333,137.225
2024/11/27,5:03:22,石川県西方沖,36°57.1′N,136°25.1′E,10 km,3.4,震度１,36.95166667,136.4183333
2024/11/27,5:38:50,石川県西方沖,36°56.0′N,136°24.6′E,12 km,3.2,震度１,36.93333333,136.41
2024/11/27,5:45:10,石川県西方沖,36°58.7′N,136°25.6′E,12 km,3,震度１,36.97833333,136.4266667
2024/11/27,6:26:27,石川県西方沖,36°57.3′N,136°25.0′E,11 km,3.4,震度１,36.955,136.4166667
2024/11/27,6:45:06,石川県西方沖,37°01.4′N,136°26.5′E,7 km,3.5,震度１,37.02333333,136.4416667
2024/11/27,7:47:38,石川県西方沖,36°56.3′N,136°25.2′E,12 km,3.3,震度１,36.93833333,136.42
2024/11/27,7:50:51,石川県西方沖,36°55.9′N,136°23.4′E,7 km,3.4,震度２,36.93166667,136.39
2024/11/27,8:03:11,石川県西方沖,37°02.6′N,136°25.9′E,10 km,3.6,震度１,37.04333333,136.4316667
2024/11/27,8:08:47,石川県西方沖,36°56.6′N,136°25.4′E,12 km,2.9,震度１,36.94333333,136.4233333
2024/11/27,9:56:53,石川県西方沖,36°57.7′N,136°26.2′E,12 km,2.6,震度１,36.96166667,136.4366667
2024/11/27,10:53:54,釧路沖,42°36.1′N,144°17.9′E,58 km,3.7,震度１,42.60166667,144.2983333
2024/11/27,11:28:56,石川県西方沖,37°01.8′N,136°23.6′E,13 km,3.9,震度２,37.03,136.3933333
2024/11/27,12:48:21,石川県西方沖,36°57.0′N,136°23.8′E,12 km,3.9,震度２,36.95,136.3966667
2024/11/27,12:51:48,石川県西方沖,36°59.0′N,136°24.3′E,12 km,3.6,震度１,36.98333333,136.405
2024/11/27,13:01:51,石川県西方沖,36°57.3′N,136°25.0′E,12 km,3.6,震度１,36.955,136.4166667
2024/11/27,13:04:09,石川県西方沖,36°56.4′N,136°24.8′E,8 km,4.1,震度１,36.94,136.4133333
2024/11/27,13:24:04,石川県西方沖,36°57.5′N,136°25.6′E,11 km,2.8,震度１,36.95833333,136.4266667
2024/11/27,14:55:05,石川県西方沖,36°56.4′N,136°22.7′E,10 km,2.6,震度１,36.94,136.3783333
2024/11/27,15:01:22,石川県西方沖,37°01.3′N,136°25.2′E,11 km,4.1,震度２,37.02166667,136.42
2024/11/27,15:20:38,石川県西方沖,36°57.1′N,136°23.5′E,9 km,3.3,震度１,36.95166667,136.3916667
2024/11/27,16:03:46,石川県西方沖,36°58.3′N,136°25.7′E,12 km,3.4,震度２,36.97166667,136.4283333
2024/11/27,16:05:47,石川県西方沖,37°02.5′N,136°24.8′E,11 km,3.8,震度２,37.04166667,136.4133333
2024/11/27,21:11:53,石川県西方沖,36°56.3′N,136°25.3′E,12 km,3.2,震度１,36.93833333,136.4216667
2024/11/27,23:08:19,石川県西方沖,36°59.7′N,136°24.3′E,1 km,3.7,震度１,36.995,136.405
2024/11/27,23:28:57,石川県西方沖,36°56.2′N,136°23.6′E,10 km,2.9,震度１,36.93666667,136.3933333
2024/11/27,23:57:24,石川県西方沖,37°02.2′N,136°23.6′E,10 km,3.1,震度１,37.03666667,136.3933333
2024/11/28,0:24:30,石川県西方沖,36°56.1′N,136°24.6′E,12 km,3,震度１,36.935,136.41
2024/11/28,0:32:53,石川県西方沖,36°56.5′N,136°25.5′E,13 km,4.3,震度３,36.94166667,136.425
2024/11/28,0:56:00,石川県西方沖,36°58.1′N,136°25.8′E,11 km,2.9,震度１,36.96833333,136.43
2024/11/28,1:32:22,石川県西方沖,36°57.1′N,136°23.8′E,10 km,2.8,震度１,36.95166667,136.3966667
2024/11/28,3:39:29,石川県西方沖,37°00.9′N,136°25.7′E,9 km,3.1,震度１,37.015,136.4283333
2024/11/28,4:12:06,茨城県北部,36°46.7′N,140°34.2′E,8 km,2.5,震度１,36.77833333,140.57
2024/11/28,6:14:43,石川県西方沖,36°56.4′N,136°25.4′E,12 km,3.8,震度２,36.94,136.4233333
2024/11/28,6:53:32,石川県西方沖,36°59.0′N,136°25.9′E,9 km,3,震度１,36.98333333,136.4316667
2024/11/28,6:58:22,石川県西方沖,37°01.4′N,136°25.1′E,12 km,3.4,震度１,37.02333333,136.4183333
2024/11/28,9:37:39,石川県西方沖,37°00.3′N,136°24.3′E,12 km,3.2,震度１,37.005,136.405
2024/11/28,11:18:47,日高地方西部,42°27.5′N,142°15.2′E,127 km,3.8,震度１,42.45833333,142.2533333
2024/11/28,14:23:38,石川県西方沖,36°56.5′N,136°25.5′E,10 km,3.3,震度１,36.94166667,136.425
2024/11/28,14:46:27,石川県西方沖,36°56.7′N,136°25.8′E,11 km,2.8,震度１,36.945,136.43
2024/11/28,14:52:26,十勝地方南部,42°37.9′N,143°29.7′E,67 km,3.8,震度１,42.63166667,143.495
2024/11/28,17:16:51,石川県西方沖,37°02.1′N,136°22.6′E,12 km,3.9,震度１,37.035,136.3766667
2024/11/28,17:31:06,石川県西方沖,36°55.8′N,136°23.4′E,10 km,4.7,震度４,36.93,136.39
2024/11/28,19:22:34,石川県西方沖,36°55.9′N,136°24.3′E,12 km,3.4,震度２,36.93166667,136.405
2024/11/28,20:19:45,石川県西方沖,36°55.6′N,136°25.4′E,11 km,3.6,震度２,36.92666667,136.4233333
2024/11/28,21:35:59,宮城県沖,38°56.2′N,142°03.4′E,55 km,3.8,震度２,38.93666667,142.0566667
2024/11/28,23:08:45,石川県西方沖,37°00.7′N,136°26.4′E,10 km,3.6,震度１,37.01166667,136.44
2024/11/29,0:10:31,石川県西方沖,36°57.0′N,136°24.5′E,11 km,3.2,震度１,36.95,136.4083333
2024/11/29,0:45:22,石川県西方沖,36°57.6′N,136°25.7′E,11 km,3.7,震度１,36.96,136.4283333
2024/11/29,5:24:18,陸奥湾,41°01.9′N,141°03.5′E,10 km,2.9,震度１,41.03166667,141.0583333
2024/11/29,11:09:51,奄美大島近海,28°31.2′N,129°09.5′E,72 km,3.4,震度１,28.52,129.1583333
2024/11/29,11:11:03,石川県西方沖,36°56.3′N,136°23.4′E,12 km,3,震度１,36.93833333,136.39
2024/11/29,12:57:31,石川県能登地方,37°27.3′N,137°09.1′E,12 km,3.6,震度２,37.455,137.1516667
2024/11/29,16:15:49,新潟県中越地方,37°08.6′N,138°38.1′E,15 km,2.2,震度１,37.14333333,138.635
2024/11/29,17:14:27,奄美大島近海,28°33.4′N,129°36.8′E,10 km,3.5,震度２,28.55666667,129.6133333
2024/11/29,17:42:55,石川県西方沖,36°58.8′N,136°22.9′E,12 km,3.5,震度２,36.98,136.3816667
2024/11/29,18:21:59,石川県西方沖,36°56.3′N,136°24.9′E,12 km,4,震度１,36.93833333,136.415
2024/11/29,22:13:59,石川県能登地方,37°13.8′N,136°51.5′E,11 km,2.6,震度１,37.23,136.8583333
2024/11/29,22:26:16,山形県置賜地方,38°06.3′N,139°56.0′E,10 km,3.4,震度１,38.105,139.9333333
2024/11/29,22:53:14,石川県西方沖,36°55.4′N,136°24.7′E,13 km,3.1,震度１,36.92333333,136.4116667
2024/11/30,0:05:39,石川県西方沖,36°57.9′N,136°25.6′E,12 km,3.1,震度１,36.965,136.4266667
2024/11/30,0:44:32,石川県西方沖,36°57.4′N,136°25.6′E,13 km,3.5,震度２,36.95666667,136.4266667
2024/11/30,2:46:32,石川県西方沖,36°55.8′N,136°25.5′E,12 km,3.6,震度１,36.93,136.425
2024/11/30,9:30:10,石川県西方沖,36°59.8′N,136°25.0′E,13 km,3.5,震度２,36.99666667,136.4166667
2024/11/30,9:52:29,石川県西方沖,37°03.8′N,136°25.0′E,8 km,4.9,震度３,37.06333333,136.4166667
2024/11/30,10:22:07,石川県西方沖,37°00.4′N,136°24.5′E,9 km,4,震度２,37.00666667,136.4083333
2024/11/30,11:04:57,岩手県沖,40°07.9′N,142°26.0′E,38 km,4,震度１,40.13166667,142.4333333
2024/11/30,11:11:18,石川県西方沖,36°56.6′N,136°25.4′E,12 km,3.3,震度２,36.94333333,136.4233333
2024/11/30,13:18:53,熊本県熊本地方,32°38.2′N,130°41.6′E,8 km,2.5,震度１,32.63666667,130.6933333
2024/11/30,14:16:18,宗谷地方北部,45°17.9′N,141°46.7′E,12 km,1.9,震度１,45.29833333,141.7783333
2024/11/30,17:34:11,与那国島近海,23°53.4′N,123°23.7′E,27 km,4.7,震度１,23.89,123.395
2024/11/30,17:40:03,石川県西方沖,37°02.4′N,136°24.2′E,11 km,3.9,震度２,37.04,136.4033333
2024/11/30,17:46:16,宮古島近海,25°19.8′N,125°59.6′E,70 km,5.8,震度３,25.33,125.9933333
2024/11/30,18:06:28,石川県西方沖,37°02.3′N,136°24.9′E,11 km,4.1,震度２,37.03833333,136.415
2024/11/30,18:07:04,与那国島近海,23°54.7′N,123°23.1′E,28 km,5.3,震度２,23.91166667,123.385
2024/11/30,22:56:03,千葉県東方沖,35°23.3′N,140°25.6′E,59 km,2.7,震度１,35.38833333,140.4266667
2024/11/30,23:13:41,石川県西方沖,36°56.1′N,136°23.8′E,12 km,3.7,震度１,36.935,136.3966667
2024/12/1,1:24:15,愛媛県南予,33°23.7′N,132°24.3′E,42 km,3.6,震度１,33.395,132.405
2024/12/1,3:54:54,石川県西方沖,36°55.9′N,136°24.5′E,12 km,3.5,震度２,36.93166667,136.4083333
2024/12/1,7:31:03,石川県西方沖,36°59.0′N,136°25.5′E,10 km,2.8,震度１,36.98333333,136.425
2024/12/1,11:21:27,石川県西方沖,37°00.1′N,136°24.7′E,12 km,4.3,震度２,37.00166667,136.4116667
2024/12/1,13:14:58,石川県西方沖,37°03.3′N,136°24.8′E,9 km,3.8,震度１,37.055,136.4133333
2024/12/1,13:40:37,石川県西方沖,37°02.1′N,136°26.2′E,11 km,3.6,震度１,37.035,136.4366667
2024/12/1,16:41:37,能登半島沖,37°31.3′N,137°10.9′E,10 km,3.2,震度２,37.52166667,137.1816667
2024/12/1,23:12:47,福島県沖,37°26.1′N,141°33.8′E,6 km,3.9,震度１,37.435,141.5633333
2024/12/1,23:49:27,石川県西方沖,36°58.0′N,136°23.8′E,12 km,3.7,震度１,36.96666667,136.3966667
2024/12/2,3:17:59,石川県西方沖,36°56.6′N,136°25.5′E,11 km,3.3,震度１,36.94333333,136.425
2024/12/2,3:49:46,石川県西方沖,36°57.5′N,136°22.6′E,13 km,3.5,震度１,36.95833333,136.3766667
2024/12/2,5:48:57,石川県西方沖,36°58.4′N,136°25.5′E,11 km,3.8,震度２,36.97333333,136.425
2024/12/2,6:16:03,石川県西方沖,36°56.0′N,136°23.5′E,11 km,3.3,震度１,36.93333333,136.3916667
2024/12/2,8:39:53,新潟県上中越沖,37°40.9′N,137°38.9′E,19 km,4,震度１,37.68166667,137.6483333
2024/12/2,9:20:51,石川県西方沖,36°57.7′N,136°25.8′E,12 km,4,震度２,36.96166667,136.43
2024/12/2,9:24:02,石川県西方沖,37°04.0′N,136°25.2′E,9 km,3.8,震度１,37.06666667,136.42
2024/12/2,13:29:11,長野県中部,36°19.3′N,138°01.0′E,5 km,3.2,震度２,36.32166667,138.0166667
2024/12/2,14:36:51,長野県中部,36°19.4′N,138°01.0′E,5 km,3.5,震度２,36.32333333,138.0166667
2024/12/2,14:43:35,茨城県南部,36°02.4′N,140°05.0′E,64 km,3.1,震度１,36.04,140.0833333
2024/12/2,17:40:46,岩手県沿岸北部,40°07.9′N,141°44.2′E,67 km,3.3,震度１,40.13166667,141.7366667
2024/12/3,4:51:17,愛媛県東予,34°01.9′N,133°02.1′E,15 km,3.9,震度３,34.03166667,133.035
2024/12/3,14:33:20,茨城県沖,36°49.5′N,141°17.0′E,35 km,4.1,震度２,36.825,141.2833333
2024/12/3,22:38:51,石川県西方沖,36°56.1′N,136°25.0′E,12 km,2.9,震度１,36.935,136.4166667
2024/12/4,0:40:30,石川県西方沖,37°03.4′N,136°23.2′E,12 km,3.8,震度１,37.05666667,136.3866667
2024/12/4,0:59:02,石川県西方沖,37°04.1′N,136°25.5′E,10 km,3.7,震度１,37.06833333,136.425
2024/12/4,6:05:43,石川県西方沖,36°59.6′N,136°26.3′E,11 km,3.9,震度２,36.99333333,136.4383333
2024/12/4,7:31:06,千葉県南東沖,34°36.3′N,140°19.5′E,79 km,4.4,震度１,34.605,140.325
2024/12/4,9:46:58,石川県西方沖,36°59.2′N,136°26.4′E,10 km,3,震度１,36.98666667,136.44
2024/12/4,10:14:49,奄美大島近海,27°48.8′N,128°59.8′E,39 km,2.7,震度１,27.81333333,128.9966667
2024/12/4,10:36:46,岩手県沖,40°20.7′N,142°02.6′E,52 km,3.8,震度１,40.345,142.0433333
2024/12/4,14:44:26,石川県西方沖,36°57.6′N,136°25.4′E,11 km,3.2,震度１,36.96,136.4233333
2024/12/4,19:11:43,茨城県南部,36°05.2′N,139°54.0′E,49 km,4.3,震度３,36.08666667,139.9
2024/12/5,7:09:48,長野県中部,36°19.5′N,138°00.9′E,5 km,2.8,震度１,36.325,138.015
2024/12/5,9:54:40,茨城県北部,36°45.1′N,140°35.2′E,10 km,2.9,震度１,36.75166667,140.5866667
2024/12/5,9:56:24,長野県中部,36°19.5′N,138°00.9′E,5 km,2.2,震度１,36.325,138.015
2024/12/5,12:55:10,東京都多摩東部,35°47.8′N,139°31.7′E,51 km,3.2,震度１,35.79666667,139.5283333
2024/12/5,18:45:07,島根県東部,35°13.0′N,132°44.9′E,7 km,2.5,震度１,35.21666667,132.7483333
2024/12/5,21:46:30,胆振地方中東部,42°47.2′N,142°06.2′E,35 km,2.7,震度１,42.78666667,142.1033333
2024/12/5,23:36:00,東海道南方沖,32°21.7′N,138°06.6′E,378 km,4.9,震度１,32.36166667,138.11
2024/12/6,6:46:20,能登半島沖,37°10.1′N,136°40.0′E,4 km,1.8,震度１,37.16833333,136.6666667
2024/12/6,9:12:46,奄美大島近海,28°16.9′N,129°25.6′E,33 km,3.3,震度１,28.28166667,129.4266667
2024/12/6,10:03:11,岩手県沖,39°26.3′N,142°42.5′E,29 km,4.3,震度１,39.43833333,142.7083333
2024/12/6,12:53:31,茨城県北部,36°46.8′N,140°33.7′E,7 km,4.1,震度２,36.78,140.5616667
2024/12/6,12:56:05,茨城県北部,36°47.0′N,140°34.2′E,8 km,3.4,震度２,36.78333333,140.57
2024/12/6,14:25:58,日向灘,31°49.6′N,131°38.1′E,34 km,4.5,震度３,31.82666667,131.635
2024/12/6,15:23:29,熊本県熊本地方,32°30.5′N,130°36.8′E,6 km,2.2,震度１,32.50833333,130.6133333
2024/12/6,17:38:51,茨城県北部,36°27.1′N,140°36.6′E,55 km,3.1,震度１,36.45166667,140.61
2024/12/7,6:41:56,浦河沖,42°06.0′N,142°21.6′E,34 km,4.3,震度２,42.1,142.36
2024/12/7,8:28:02,京都府南部,35°20.0′N,135°45.0′E,8 km,2.3,震度１,35.33333333,135.75
2024/12/7,10:15:50,淡路島付近,34°24.7′N,134°49.2′E,11 km,2,震度１,34.41166667,134.82
2024/12/7,17:34:32,奈良県,34°10.5′N,135°45.3′E,63 km,3,震度１,34.175,135.755
2024/12/7,20:27:39,石川県西方沖,36°56.1′N,136°24.0′E,13 km,3.4,震度１,36.935,136.4
2024/12/8,7:39:44,千葉県北西部,35°39.2′N,140°10.8′E,69 km,4.1,震度２,35.65333333,140.18
2024/12/8,10:36:11,石川県西方沖,37°05.3′N,136°24.3′E,9 km,3.5,震度１,37.08833333,136.405
2024/12/8,19:25:04,千島列島,47°36.7′N,152°52.8′E,302 km,6.1,震度１,47.61166667,152.88
2024/12/8,22:58:47,石川県西方沖,36°55.7′N,136°25.3′E,12 km,4.2,震度２,36.92833333,136.4216667
2024/12/9,2:58:41,石川県能登地方,37°11.1′N,136°50.8′E,9 km,2.8,震度１,37.185,136.8466667
2024/12/9,13:46:12,静岡県東部,35°21.9′N,138°58.0′E,9 km,2.4,震度２,35.365,138.9666667
2024/12/9,18:33:54,熊本県熊本地方,32°39.3′N,130°41.0′E,12 km,3,震度２,32.655,130.6833333
2024/12/9,21:00:22,岩手県沖,40°14.5′N,141°58.2′E,20 km,4.4,震度３,40.24166667,141.97
2024/12/9,21:42:43,北海道東方沖,44°01.9′N,147°37.2′E,104 km,4.5,震度１,44.03166667,147.62
2024/12/10,5:33:22,千葉県東方沖,35°10.0′N,140°34.4′E,53 km,4.8,震度２,35.16666667,140.5733333
2024/12/10,13:11:02,茨城県沖,36°36.7′N,140°54.2′E,49 km,3.2,震度１,36.61166667,140.9033333
2024/12/11,2:50:03,和歌山県北部,34°07.4′N,135°11.5′E,6 km,2.5,震度１,34.12333333,135.1916667
2024/12/12,10:12:27,福島県沖,37°23.9′N,141°42.1′E,44 km,4,震度１,37.39833333,141.7016667
2024/12/12,10:39:04,長野県南部,35°52.2′N,137°46.6′E,9 km,2,震度１,35.87,137.7766667
2024/12/12,14:23:50,石川県西方沖,36°55.1′N,136°24.5′E,11 km,3.3,震度１,36.91833333,136.4083333
2024/12/12,18:17:23,福島県沖,37°24.0′N,141°42.3′E,45 km,4.3,震度２,37.4,141.705
2024/12/13,0:26:11,福島県沖,37°24.0′N,141°42.2′E,45 km,3.9,震度１,37.4,141.7033333
2024/12/13,2:39:17,宮城県沖,37°58.5′N,141°45.8′E,57 km,3.9,震度１,37.975,141.7633333
2024/12/13,11:35:43,十勝地方中部,42°46.0′N,143°33.5′E,89 km,3.9,震度１,42.76666667,143.5583333
2024/12/13,15:16:44,岩手県沖,39°04.6′N,142°13.9′E,59 km,3.7,震度１,39.07666667,142.2316667
2024/12/13,18:17:39,宮城県沖,38°46.8′N,142°12.5′E,71 km,4.1,震度２,38.78,142.2083333
2024/12/14,0:26:10,茨城県北部,36°36.1′N,140°32.7′E,75 km,3.6,震度２,36.60166667,140.545
2024/12/14,3:16:55,根室地方北部,43°46.6′N,144°50.9′E,0 km,3,震度１,43.77666667,144.8483333
2024/12/14,3:58:21,日向灘,31°35.1′N,131°36.1′E,33 km,3.5,震度１,31.585,131.6016667
2024/12/14,5:53:41,浦河沖,41°51.5′N,142°58.8′E,45 km,3.9,震度１,41.85833333,142.98
2024/12/14,11:59:17,長野県北部,36°42.0′N,138°24.1′E,11 km,2.1,震度１,36.7,138.4016667
2024/12/14,20:27:32,岩手県沖,39°35.6′N,142°08.4′E,30 km,3,震度１,39.59333333,142.14
2024/12/15,0:19:45,奄美大島近海,27°20.0′N,129°36.9′E,38 km,4.2,震度１,27.33333333,129.615
2024/12/15,3:21:55,宮城県沖,38°53.4′N,141°58.3′E,49 km,3.6,震度１,38.89,141.9716667
2024/12/15,5:15:29,宮城県沖,38°53.5′N,141°58.3′E,48 km,2.9,震度１,38.89166667,141.9716667
2024/12/15,6:56:41,茨城県北部,36°45.1′N,140°34.6′E,9 km,2.7,震度１,36.75166667,140.5766667
2024/12/15,10:26:39,トカラ列島近海,29°21.9′N,129°28.8′E,15 km,2,震度１,29.365,129.48
2024/12/15,10:58:52,千葉県東方沖,35°25.2′N,140°29.4′E,56 km,3.4,震度２,35.42,140.49
2024/12/15,13:46:43,四国沖,33°17.3′N,134°57.2′E,29 km,3.7,震度１,33.28833333,134.9533333
2024/12/15,22:45:45,和歌山県北部,33°54.8′N,135°12.8′E,8 km,2.4,震度１,33.91333333,135.2133333
2024/12/15,23:23:13,福島県沖,37°18.3′N,141°36.2′E,42 km,3.4,震度１,37.305,141.6033333
2024/12/16,4:37:56,和歌山県北部,34°01.4′N,135°17.0′E,6 km,4.2,震度３,34.02333333,135.2833333
2024/12/16,11:34:01,種子島近海,30°03.5′N,130°28.6′E,52 km,4.1,震度２,30.05833333,130.4766667
2024/12/16,13:51:11,千葉県東方沖,35°41.4′N,140°45.2′E,47 km,3.4,震度１,35.69,140.7533333
2024/12/16,16:21:02,岐阜県飛騨地方,36°02.4′N,137°31.7′E,6 km,2.1,震度１,36.04,137.5283333
2024/12/17,9:22:56,能登半島沖,37°08.1′N,136°39.0′E,9 km,3.2,震度２,37.135,136.65
2024/12/17,12:27:45,神奈川県西部,35°23.7′N,139°09.6′E,12 km,2.8,震度２,35.395,139.16
2024/12/17,13:09:35,薩摩半島西方沖,31°06.5′N,130°21.6′E,164 km,5.2,震度３,31.10833333,130.36
2024/12/17,22:11:16,茨城県南部,36°14.2′N,140°06.3′E,54 km,4.2,震度４,36.23666667,140.105
2024/12/18,0:38:43,石川県能登地方,37°30.7′N,137°15.2′E,10 km,3.3,震度２,37.51166667,137.2533333
2024/12/18,19:04:27,茨城県北部,36°43.2′N,140°37.5′E,7 km,2.5,震度１,36.72,140.625
2024/12/19,6:42:28,島根県東部,35°26.3′N,133°15.6′E,10 km,2.6,震度１,35.43833333,133.26
2024/12/19,18:54:17,青森県津軽北部,40°41.6′N,140°28.2′E,14 km,3.1,震度２,40.69333333,140.47
2024/12/20,0:06:21,石川県西方沖,36°55.2′N,136°20.8′E,13 km,3.8,震度１,36.92,136.3466667
2024/12/20,8:11:50,陸奥湾,41°02.0′N,141°04.3′E,9 km,3.3,震度１,41.03333333,141.0716667
2024/12/20,11:51:29,日向灘,31°31.7′N,131°51.9′E,26 km,3.7,震度１,31.52833333,131.865
2024/12/20,12:39:05,石川県西方沖,36°56.3′N,136°24.8′E,12 km,3.6,震度２,36.93833333,136.4133333
2024/12/20,18:10:24,長野県中部,36°14.0′N,137°54.6′E,9 km,2.8,震度１,36.23333333,137.91
2024/12/21,3:58:27,八丈島東方沖,33°19.6′N,140°53.1′E,54 km,4.6,震度１,33.32666667,140.885
2024/12/21,4:16:39,茨城県沖,36°29.9′N,140°45.0′E,18 km,2.9,震度１,36.49833333,140.75
2024/12/21,5:00:40,新潟県上中越沖,37°23.9′N,138°06.1′E,28 km,3.2,震度１,37.39833333,138.1016667
2024/12/21,8:06:22,福島県沖,37°29.8′N,141°18.6′E,30 km,3.2,震度１,37.49666667,141.31
2024/12/21,12:58:06,茨城県南部,36°05.2′N,139°53.1′E,47 km,3,震度１,36.08666667,139.885
2024/12/21,17:01:32,石川県能登地方,37°10.7′N,136°44.1′E,7 km,2.6,震度１,37.17833333,136.735
2024/12/21,19:48:57,大隅半島東方沖,31°23.9′N,131°45.7′E,23 km,3.5,震度１,31.39833333,131.7616667
2024/12/22,2:06:35,石川県西方沖,37°00.6′N,136°23.4′E,11 km,3.6,震度１,37.01,136.39
2024/12/22,16:55:51,鹿児島県薩摩地方,31°55.4′N,130°43.9′E,171 km,4.7,震度２,31.92333333,130.7316667
2024/12/22,19:15:09,富山県東部,36°28.8′N,137°26.7′E,7 km,3,震度１,36.48,137.445
2024/12/23,9:57:26,日高地方中部,42°32.0′N,142°36.6′E,33 km,3.7,震度１,42.53333333,142.61
2024/12/23,14:48:53,富山県西部,36°18.4′N,137°00.3′E,5 km,1.7,震度１,36.30666667,137.005
2024/12/23,17:14:08,岩手県沖,40°05.7′N,141°52.3′E,97 km,3.7,震度１,40.095,141.8716667
2024/12/24,6:55:33,島根県西部,34°40.1′N,131°58.7′E,12 km,3.8,震度３,34.66833333,131.9783333
2024/12/24,7:03:46,石川県西方沖,36°56.9′N,136°25.5′E,12 km,3.7,震度２,36.94833333,136.425
2024/12/24,7:06:25,陸奥湾,41°02.6′N,141°03.9′E,10 km,3.1,震度１,41.04333333,141.065
2024/12/24,7:11:58,石川県西方沖,36°56.7′N,136°25.3′E,12 km,4.4,震度３,36.945,136.4216667
2024/12/24,11:30:54,石川県能登地方,37°10.1′N,136°41.0′E,3 km,1.9,震度１,37.16833333,136.6833333
2024/12/24,23:18:15,長野県中部,36°07.2′N,137°51.0′E,4 km,2.8,震度２,36.12,137.85
2024/12/25,8:23:48,岐阜県美濃中西部,35°52.1′N,136°55.9′E,9 km,3.1,震度１,35.86833333,136.9316667
2024/12/25,16:32:29,岩手県内陸北部,39°32.2′N,141°01.0′E,11 km,2.5,震度１,39.53666667,141.0166667
2024/12/25,20:06:22,奄美大島北西沖,28°07.3′N,128°05.4′E,17 km,4.2,震度１,28.12166667,128.09
2024/12/26,19:01:36,釧路地方中南部,43°07.1′N,144°57.9′E,71 km,3.5,震度２,43.11833333,144.965
2024/12/26,22:17:54,奄美大島北西沖,28°06.8′N,128°05.2′E,7 km,4.1,震度１,28.11333333,128.0866667
2024/12/27,4:52:12,茨城県沖,36°29.4′N,141°10.1′E,39 km,3.5,震度１,36.49,141.1683333
2024/12/27,19:14:16,山梨県東部・富士五湖,35°28.6′N,138°59.3′E,20 km,2.6,震度１,35.47666667,138.9883333
2024/12/27,20:47:33,奄美大島北西沖,28°07.7′N,128°04.7′E,9 km,4.5,震度２,28.12833333,128.0783333
2024/12/27,21:47:40,千島列島,46°20.2′N,151°28.4′E,210 km,6.8,震度２,46.33666667,151.4733333
2024/12/28,0:46:45,根室半島南東沖,42°59.2′N,146°52.7′E,50 km,4.3,震度１,42.98666667,146.8783333
2024/12/28,1:55:54,千葉県東方沖,35°25.9′N,140°28.4′E,56 km,4.2,震度２,35.43166667,140.4733333
2024/12/28,2:22:42,和歌山県北部,33°54.1′N,135°11.5′E,8 km,2.8,震度１,33.90166667,135.1916667
2024/12/28,4:10:05,福島県沖,37°20.6′N,141°34.8′E,43 km,5.3,震度４,37.34333333,141.58
2024/12/28,19:45:37,宮城県沖,38°55.2′N,141°56.1′E,50 km,3.6,震度１,38.92,141.935
2024/12/29,1:33:37,徳島県南部,33°48.2′N,134°19.9′E,14 km,3.9,震度３,33.80333333,134.3316667
2024/12/29,1:44:28,茨城県北部,36°46.7′N,140°33.5′E,7 km,3.7,震度２,36.77833333,140.5583333
2024/12/29,4:36:23,石川県西方沖,37°01.8′N,136°25.2′E,10 km,4.2,震度２,37.03,136.42
2024/12/29,14:19:53,津軽海峡,41°37.5′N,141°16.6′E,93 km,3.7,震度１,41.625,141.2766667
2024/12/30,10:08:37,秋田県内陸南部,38°58.3′N,140°33.4′E,2 km,2.7,震度１,38.97166667,140.5566667
2024/12/30,10:16:06,石川県西方沖,36°55.6′N,136°21.9′E,13 km,3.2,震度１,36.92666667,136.365
2024/12/30,15:04:57,内浦湾,42°22.7′N,140°20.1′E,15 km,2.8,震度１,42.37833333,140.335
2024/12/30,18:20:54,奄美大島北西沖,28°07.3′N,128°07.8′E,17 km,4.4,震度２,28.12166667,128.13
2024/12/30,18:34:14,鹿児島県薩摩地方,31°54.3′N,130°44.3′E,7 km,1.2,震度１,31.905,130.7383333
2024/12/30,19:35:11,福島県会津,37°25.7′N,139°41.7′E,4 km,2.1,震度１,37.42833333,139.695
2024/12/31,1:33:08,奄美大島北西沖,28°07.0′N,128°02.2′E,12 km,4.2,震度１,28.11666667,128.0366667
2024/12/31,11:01:08,宮城県北部,38°55.3′N,140°52.6′E,7 km,3.3,震度１,38.92166667,140.8766667
