date,time,epicenter,緯度,経度,depth,magnitude,maxshindo,lat,lng
2025/1/1,8:51:40,日向灘,32°29.1′N,132°16.9′E,32 km,4,震度２,32.485,132.2816667
2025/1/1,9:37:45,根室半島南東沖,43°26.8′N,146°05.2′E,66 km,3.8,震度２,43.44666667,146.0866667
2025/1/1,12:56:07,留萌地方南部,44°02.7′N,141°46.8′E,8 km,2.7,震度２,44.045,141.78
2025/1/1,15:35:57,岩手県沿岸北部,39°45.5′N,141°50.9′E,58 km,3.3,震度１,39.75833333,141.8483333
2025/1/4,4:27:24,鹿児島県薩摩地方,31°54.7′N,130°44.1′E,0 km,1.3,震度１,31.91166667,130.735
2025/1/4,7:35:34,和歌山県北部,34°01.5′N,135°17.0′E,6 km,2.2,震度１,34.025,135.2833333
2025/1/4,14:27:47,新潟県上越地方,36°52.3′N,138°16.1′E,13 km,2.2,震度１,36.87166667,138.2683333
2025/1/5,5:05:46,千葉県南東沖,34°42.9′N,140°46.5′E,52 km,3.8,震度１,34.715,140.775
2025/1/5,8:51:12,山梨県東部・富士五湖,35°30.0′N,138°57.2′E,21 km,3.9,震度３,35.5,138.9533333
2025/1/5,8:54:11,トカラ列島近海,29°35.1′N,129°46.0′E,2 km,2.6,震度１,29.585,129.7666667
2025/1/5,9:17:05,岩手県沖,39°48.7′N,142°21.7′E,12 km,4.1,震度１,39.81166667,142.3616667
2025/1/5,10:33:06,岩手県沖,39°48.8′N,142°21.5′E,13 km,3.9,震度１,39.81333333,142.3583333
2025/1/5,15:02:15,福島県沖,36°51.6′N,141°18.0′E,11 km,4.1,震度１,36.86,141.3
2025/1/5,15:12:12,熊本県阿蘇地方,32°51.4′N,131°09.1′E,5 km,2.1,震度１,32.85666667,131.1516667
2025/1/5,15:26:25,和歌山県北部,34°02.5′N,135°14.0′E,6 km,2.3,震度１,34.04166667,135.2333333
2025/1/6,16:41:03,茨城県沖,36°15.1′N,140°56.8′E,42 km,3.3,震度１,36.25166667,140.9466667
2025/1/6,16:50:30,石川県西方沖,36°55.8′N,136°23.4′E,13 km,3.4,震度１,36.93,136.39
2025/1/6,18:22:50,日向灘,32°32.2′N,132°06.8′E,30 km,4.5,震度３,32.53666667,132.1133333
2025/1/6,20:39:59,奄美大島近海,28°10.0′N,130°11.3′E,23 km,3.2,震度１,28.16666667,130.1883333
2025/1/7,6:07:25,秋田県沖,39°45.9′N,139°58.3′E,19 km,3.6,震度２,39.765,139.9716667
2025/1/7,8:23:59,日向灘,31°31.4′N,131°48.5′E,23 km,3.4,震度１,31.52333333,131.8083333
2025/1/7,11:47:23,青森県津軽北部,41°10.9′N,140°23.4′E,161 km,4.5,震度１,41.18166667,140.39
2025/1/7,15:22:15,宮崎県南部平野部,31°52.8′N,131°27.4′E,17 km,2,震度１,31.88,131.4566667
2025/1/7,17:31:32,鳥島近海,31°47.6′N,138°36.9′E,381 km,5.6,震度２,31.79333333,138.615
2025/1/7,19:19:51,沖縄本島近海,27°26.7′N,128°39.5′E,43 km,3.9,震度２,27.445,128.6583333
2025/1/7,23:00:26,茨城県北部,36°22.1′N,140°35.6′E,62 km,3.1,震度１,36.36833333,140.5933333
2025/1/7,23:07:08,北海道北西沖,45°16.6′N,140°59.9′E,16 km,2.6,震度１,45.27666667,140.9983333
2025/1/8,2:23:49,硫黄島近海,24°30.6′N,142°08.3′E,543 km,5.9,震度１,24.51,142.1383333
2025/1/8,4:18:44,トカラ列島近海,29°55.6′N,130°01.9′E,14 km,2.6,震度１,29.92666667,130.0316667
2025/1/8,10:55:19,三重県中部,34°36.1′N,136°08.7′E,8 km,3,震度１,34.60166667,136.145
2025/1/8,14:22:23,栃木県南部,36°40.5′N,140°12.1′E,80 km,3.6,震度２,36.675,140.2016667
2025/1/8,23:40:30,種子島南東沖,30°03.0′N,131°20.0′E,26 km,4.3,震度１,30.05,131.3333333
2025/1/8,23:49:33,石川県能登地方,37°08.2′N,136°46.5′E,8 km,3.5,震度２,37.13666667,136.775
2025/1/9,4:15:49,栃木県南部,36°20.6′N,139°48.7′E,72 km,4,震度２,36.34333333,139.8116667
2025/1/10,1:26:04,日向灘,32°08.4′N,132°07.7′E,22 km,4.2,震度２,32.14,132.1283333
2025/1/10,17:39:22,千葉県北西部,35°45.6′N,139°59.9′E,63 km,3.3,震度１,35.76,139.9983333
2025/1/10,23:43:50,能登半島沖,37°08.9′N,136°38.5′E,9 km,2.7,震度１,37.14833333,136.6416667
2025/1/11,5:54:13,石川県西方沖,37°04.0′N,136°25.6′E,8 km,3.6,震度１,37.06666667,136.4266667
2025/1/11,11:02:07,長野県中部,36°12.7′N,137°58.3′E,8 km,2.3,震度１,36.21166667,137.9716667
2025/1/12,0:15:49,石川県西方沖,36°55.4′N,136°25.1′E,10 km,3.3,震度１,36.92333333,136.4183333
2025/1/12,6:39:45,福島県会津,37°45.7′N,140°03.4′E,7 km,2.9,震度１,37.76166667,140.0566667
2025/1/12,23:27:24,大阪府南部,34°30.4′N,135°39.9′E,8 km,2.4,震度１,34.50666667,135.665
2025/1/13,7:21:12,父島近海,28°18.4′N,142°07.1′E,22 km,5.1,震度１,28.30666667,142.1183333
2025/1/13,21:19:33,日向灘,31°49.7′N,131°34.2′E,36 km,6.6,震度５弱,31.82833333,131.57
2025/1/13,21:29:38,日向灘,31°45.9′N,131°54.0′E,28 km,4.4,震度２,31.765,131.9
2025/1/13,21:35:22,日向灘,31°57.3′N,131°50.5′E,28 km,4,震度１,31.955,131.8416667
2025/1/13,21:42:13,日向灘,31°45.4′N,131°57.9′E,29 km,4.3,震度２,31.75666667,131.965
2025/1/13,21:51:49,日向灘,31°45.4′N,131°54.2′E,30 km,3.7,震度１,31.75666667,131.9033333
2025/1/13,22:10:48,日向灘,31°50.3′N,131°46.3′E,29 km,3.6,震度１,31.83833333,131.7716667
2025/1/13,23:17:42,日向灘,31°55.8′N,131°42.1′E,31 km,3.5,震度２,31.93,131.7016667
2025/1/14,0:28:58,日向灘,31°48.3′N,131°45.0′E,29 km,3.4,震度１,31.805,131.75
2025/1/14,1:14:56,日向灘,31°56.5′N,131°52.8′E,28 km,5,震度３,31.94166667,131.88
2025/1/14,1:21:59,日向灘,31°44.8′N,131°54.1′E,29 km,4.2,震度２,31.74666667,131.9016667
2025/1/14,1:56:49,豊後水道,33°23.9′N,132°20.8′E,46 km,3,震度１,33.39833333,132.3466667
2025/1/14,10:56:30,日向灘,31°49.2′N,132°11.8′E,38 km,4.3,震度１,31.82,132.1966667
2025/1/14,13:46:12,和歌山県北部,34°12.1′N,135°10.5′E,5 km,2.9,震度１,34.20166667,135.175
2025/1/14,13:54:25,和歌山県北部,34°12.3′N,135°10.6′E,6 km,2.5,震度１,34.205,135.1766667
2025/1/14,14:33:26,和歌山県北部,34°12.1′N,135°10.6′E,5 km,3,震度２,34.20166667,135.1766667
2025/1/14,14:53:22,岐阜県美濃中西部,35°25.2′N,136°42.3′E,9 km,2.4,震度１,35.42,136.705
2025/1/14,15:07:06,和歌山県北部,34°12.1′N,135°10.4′E,6 km,2.5,震度１,34.20166667,135.1733333
2025/1/14,21:44:28,岩手県沖,39°19.9′N,142°05.0′E,48 km,3.9,震度２,39.33166667,142.0833333
2025/1/15,2:12:39,日向灘,31°46.1′N,131°50.9′E,29 km,5.4,震度４,31.76833333,131.8483333
2025/1/15,2:55:13,日向灘,31°46.9′N,131°47.7′E,30 km,3.9,震度２,31.78166667,131.795
2025/1/15,9:52:28,渡島地方西部,41°34.1′N,140°14.2′E,7 km,2.3,震度１,41.56833333,140.2366667
2025/1/15,18:24:42,釧路地方中南部,43°07.7′N,143°46.3′E,108 km,3.9,震度１,43.12833333,143.7716667
2025/1/16,4:22:02,奄美大島近海,28°39.6′N,130°07.6′E,56 km,4.3,震度１,28.66,130.1266667
2025/1/16,7:38:23,青森県東方沖,41°33.8′N,142°07.2′E,53 km,4.8,震度３,41.56333333,142.12
2025/1/16,9:07:26,千葉県南東沖,34°38.5′N,139°57.5′E,46 km,4.4,震度３,34.64166667,139.9583333
2025/1/16,14:25:49,和歌山県北部,34°12.3′N,135°10.9′E,6 km,2.9,震度２,34.205,135.1816667
2025/1/16,14:30:24,和歌山県北部,34°12.2′N,135°10.8′E,5 km,2,震度１,34.20333333,135.18
2025/1/16,21:22:22,石川県西方沖,36°55.7′N,136°24.9′E,13 km,4.1,震度３,36.92833333,136.415
2025/1/16,22:09:33,宮古島近海,24°54.6′N,125°39.4′E,49 km,3.8,震度１,24.91,125.6566667
2025/1/16,22:14:07,和歌山県北部,34°12.3′N,135°12.4′E,5 km,2.6,震度２,34.205,135.2066667
2025/1/17,10:10:04,茨城県北部,36°49.0′N,140°35.6′E,7 km,3.7,震度２,36.81666667,140.5933333
2025/1/17,12:51:39,茨城県沖,36°26.2′N,140°39.2′E,53 km,3.6,震度２,36.43666667,140.6533333
2025/1/17,13:31:50,宮城県沖,38°36.7′N,142°36.7′E,56 km,3.8,震度１,38.61166667,142.6116667
2025/1/17,20:32:58,日向灘,32°06.5′N,132°08.9′E,19 km,4.4,震度２,32.10833333,132.1483333
2025/1/17,22:11:31,福島県沖,37°10.0′N,141°28.2′E,43 km,3.7,震度１,37.16666667,141.47
2025/1/18,0:11:43,茨城県沖,36°12.6′N,141°00.3′E,39 km,3.2,震度１,36.21,141.005
2025/1/18,0:38:14,和歌山県南部,33°42.3′N,135°29.2′E,12 km,2.8,震度１,33.705,135.4866667
2025/1/18,4:57:53,沖縄本島近海,26°47.5′N,129°00.6′E,34 km,4,震度１,26.79166667,129.01
2025/1/18,10:07:42,石川県西方沖,36°56.6′N,136°22.7′E,12 km,3.3,震度１,36.94333333,136.3783333
2025/1/18,20:50:30,三宅島近海,33°33.4′N,139°27.7′E,23 km,3.8,震度１,33.55666667,139.4616667
2025/1/19,1:49:18,岐阜県飛騨地方,36°02.2′N,137°32.9′E,6 km,2.4,震度１,36.03666667,137.5483333
2025/1/19,4:44:19,石垣島近海,24°58.3′N,123°31.0′E,29 km,5.2,震度１,24.97166667,123.5166667
2025/1/19,14:36:48,長野県北部,36°42.0′N,138°23.9′E,10 km,2.6,震度２,36.7,138.3983333
2025/1/19,14:42:22,トカラ列島近海,29°51.9′N,129°51.7′E,0 km,1.6,震度２,29.865,129.8616667
2025/1/20,13:26:04,石川県能登地方,37°11.5′N,136°41.9′E,6 km,2.6,震度１,37.19166667,136.6983333
2025/1/20,20:58:42,長野県北部,36°41.8′N,138°24.2′E,9 km,1.8,震度１,36.69666667,138.4033333
2025/1/20,22:00:18,三重県南東沖,34°04.3′N,136°23.5′E,39 km,3.6,震度１,34.07166667,136.3916667
2025/1/21,1:17:27,台湾付近,23°16.5′N,120°29.9′E,8 km,6.1,震度１,23.275,120.4983333
2025/1/21,2:33:54,伊勢湾,34°56.7′N,136°46.3′E,16 km,2.7,震度２,34.945,136.7716667
2025/1/21,3:14:36,宮城県沖,38°47.8′N,141°35.6′E,69 km,4.4,震度３,38.79666667,141.5933333
2025/1/21,5:39:14,兵庫県南東部,34°57.9′N,135°23.2′E,8 km,2.6,震度１,34.965,135.3866667
2025/1/21,5:48:38,福島県会津,36°58.6′N,139°22.6′E,4 km,2.7,震度１,36.97666667,139.3766667
2025/1/21,6:34:32,福島県会津,36°58.6′N,139°22.6′E,4 km,2.9,震度２,36.97666667,139.3766667
2025/1/21,6:42:56,福島県会津,36°58.6′N,139°22.7′E,4 km,2.6,震度２,36.97666667,139.3783333
2025/1/21,6:49:31,福島県会津,36°58.6′N,139°22.8′E,4 km,1.8,震度１,36.97666667,139.38
2025/1/21,6:54:48,福島県会津,36°58.7′N,139°22.8′E,4 km,1.8,震度１,36.97833333,139.38
2025/1/21,8:54:30,福島県会津,36°58.6′N,139°22.6′E,4 km,3.1,震度２,36.97666667,139.3766667
2025/1/21,9:03:42,福島県会津,36°58.5′N,139°22.8′E,4 km,2.2,震度２,36.975,139.38
2025/1/21,13:23:29,茨城県北部,36°45.0′N,140°35.1′E,9 km,2.7,震度１,36.75,140.585
2025/1/21,15:06:47,茨城県沖,36°13.4′N,140°59.3′E,42 km,3.6,震度１,36.22333333,140.9883333
2025/1/21,20:55:02,福島県会津,36°58.7′N,139°22.7′E,4 km,2.1,震度１,36.97833333,139.3783333
2025/1/21,22:01:38,日高地方西部,42°32.9′N,142°11.5′E,0 km,2.7,震度１,42.54833333,142.1916667
2025/1/21,22:31:27,日向灘,31°53.0′N,131°59.8′E,30 km,4.1,震度２,31.88333333,131.9966667
2025/1/22,0:11:49,福島県沖,37°44.7′N,141°29.4′E,55 km,3.7,震度１,37.745,141.49
2025/1/22,3:03:30,福島県会津,36°58.6′N,139°22.5′E,4 km,2.6,震度１,36.97666667,139.375
2025/1/22,3:22:22,福島県会津,36°58.6′N,139°22.5′E,4 km,2.2,震度１,36.97666667,139.375
2025/1/22,3:25:57,福島県会津,36°58.7′N,139°22.6′E,4 km,2,震度１,36.97833333,139.3766667
2025/1/22,3:29:40,福島県会津,36°58.7′N,139°22.7′E,4 km,2,震度１,36.97833333,139.3783333
2025/1/22,6:06:30,福島県会津,36°58.6′N,139°22.5′E,4 km,3.3,震度３,36.97666667,139.375
2025/1/22,9:45:08,山梨県東部・富士五湖,35°31.4′N,138°56.5′E,24 km,3.4,震度２,35.52333333,138.9416667
2025/1/22,13:37:32,日高地方東部,42°19.6′N,142°59.7′E,53 km,3.4,震度１,42.32666667,142.995
2025/1/23,2:49:28,福島県会津,36°58.6′N,139°22.8′E,4 km,5.2,震度５弱,36.97666667,139.38
2025/1/23,2:50:32,福島県会津,36°59.0′N,139°22.0′E,5 km,2.5,震度２,36.98333333,139.3666667
2025/1/23,2:51:38,福島県会津,36°58.0′N,139°22.4′E,3 km,2.3,震度２,36.96666667,139.3733333
2025/1/23,2:57:32,福島県会津,36°58.5′N,139°22.6′E,4 km,3,震度３,36.975,139.3766667
2025/1/23,3:01:06,福島県会津,36°58.0′N,139°22.7′E,3 km,2,震度２,36.96666667,139.3783333
2025/1/23,3:02:18,福島県会津,36°58.5′N,139°23.2′E,4 km,1.7,震度１,36.975,139.3866667
2025/1/23,3:12:21,福島県会津,36°58.4′N,139°23.5′E,4 km,2.1,震度１,36.97333333,139.3916667
2025/1/23,3:14:52,福島県会津,36°58.5′N,139°22.6′E,4 km,2.1,震度２,36.975,139.3766667
2025/1/23,3:21:30,福島県会津,36°58.2′N,139°22.9′E,4 km,2.7,震度３,36.97,139.3816667
2025/1/23,3:27:33,福島県会津,36°58.1′N,139°22.7′E,4 km,1.4,震度１,36.96833333,139.3783333
2025/1/23,3:28:44,福島県会津,36°58.2′N,139°22.9′E,3 km,2.8,震度３,36.97,139.3816667
2025/1/23,3:41:33,福島県会津,36°58.5′N,139°23.6′E,5 km,2.1,震度１,36.975,139.3933333
2025/1/23,3:43:47,福島県会津,36°58.3′N,139°21.9′E,4 km,2.4,震度１,36.97166667,139.365
2025/1/23,3:47:45,福島県会津,36°58.3′N,139°21.9′E,4 km,2.2,震度１,36.97166667,139.365
2025/1/23,4:07:50,福島県会津,36°58.1′N,139°22.3′E,3 km,1.9,震度１,36.96833333,139.3716667
2025/1/23,4:09:32,福島県会津,36°58.4′N,139°22.8′E,4 km,2.2,震度１,36.97333333,139.38
2025/1/23,4:16:29,福島県会津,36°58.2′N,139°23.0′E,4 km,2.3,震度２,36.97,139.3833333
2025/1/23,4:18:41,福島県会津,36°58.4′N,139°23.5′E,5 km,1.9,震度１,36.97333333,139.3916667
2025/1/23,4:20:32,福島県会津,36°58.4′N,139°22.7′E,3 km,2.9,震度３,36.97333333,139.3783333
2025/1/23,4:47:43,石川県西方沖,37°04.3′N,136°33.7′E,11 km,2.6,震度２,37.07166667,136.5616667
2025/1/23,4:53:19,福島県会津,36°58.1′N,139°22.1′E,3 km,2.4,震度１,36.96833333,139.3683333
2025/1/23,6:04:57,福島県会津,36°58.2′N,139°23.0′E,5 km,1.5,震度１,36.97,139.3833333
2025/1/23,6:11:12,福島県会津,36°58.1′N,139°22.7′E,4 km,2.1,震度１,36.96833333,139.3783333
2025/1/23,6:32:14,父島近海,26°34.5′N,142°30.1′E,46 km,3.7,震度１,26.575,142.5016667
2025/1/23,7:32:35,福島県会津,36°58.5′N,139°22.3′E,4 km,1.7,震度１,36.975,139.3716667
2025/1/23,7:41:46,福島県会津,36°58.4′N,139°22.6′E,3 km,2.5,震度２,36.97333333,139.3766667
2025/1/23,8:09:03,福島県会津,36°58.5′N,139°22.7′E,3 km,4.7,震度４,36.975,139.3783333
2025/1/23,8:15:50,福島県会津,36°58.2′N,139°23.1′E,4 km,1.6,震度１,36.97,139.385
2025/1/23,8:17:57,福島県会津,36°58.4′N,139°23.2′E,4 km,2.1,震度１,36.97333333,139.3866667
2025/1/23,8:26:13,福島県会津,36°58.6′N,139°22.1′E,4 km,2.3,震度１,36.97666667,139.3683333
2025/1/23,8:33:30,福島県会津,36°58.6′N,139°22.7′E,4 km,2,震度１,36.97666667,139.3783333
2025/1/23,8:37:41,福島県会津,36°58.4′N,139°23.4′E,4 km,2,震度１,36.97333333,139.39
2025/1/23,9:21:18,福島県会津,36°58.2′N,139°23.1′E,4 km,1.9,震度１,36.97,139.385
2025/1/23,9:27:48,福島県会津,36°58.0′N,139°22.6′E,4 km,1.5,震度１,36.96666667,139.3766667
2025/1/23,9:40:34,栃木県南部,36°41.9′N,140°12.0′E,112 km,3.4,震度１,36.69833333,140.2
2025/1/23,11:32:35,福島県会津,36°58.2′N,139°23.0′E,5 km,2.5,震度２,36.97,139.3833333
2025/1/23,14:23:03,福島県会津,36°58.1′N,139°22.6′E,4 km,1.8,震度１,36.96833333,139.3766667
2025/1/23,14:37:52,釧路沖,42°30.2′N,145°18.4′E,33 km,3.9,震度１,42.50333333,145.3066667
2025/1/23,16:22:34,福島県会津,36°58.6′N,139°23.2′E,4 km,1.9,震度２,36.97666667,139.3866667
2025/1/23,16:32:06,福島県会津,36°58.5′N,139°23.5′E,4 km,1.5,震度１,36.975,139.3916667
2025/1/23,17:32:47,福島県会津,36°58.5′N,139°23.6′E,4 km,2.1,震度１,36.975,139.3933333
2025/1/23,18:17:54,福島県会津,36°58.3′N,139°23.1′E,4 km,1.9,震度２,36.97166667,139.385
2025/1/23,20:07:43,福島県会津,36°58.6′N,139°22.6′E,4 km,1.7,震度１,36.97666667,139.3766667
2025/1/23,20:15:45,福島県会津,36°58.2′N,139°21.6′E,3 km,3.2,震度２,36.97,139.36
2025/1/23,21:17:25,福島県会津,36°58.8′N,139°22.0′E,4 km,1.9,震度１,36.98,139.3666667
2025/1/23,23:11:39,福島県会津,36°58.5′N,139°23.1′E,4 km,2,震度１,36.975,139.385
2025/1/23,23:24:59,福島県会津,36°58.0′N,139°21.7′E,3 km,2.9,震度２,36.96666667,139.3616667
2025/1/24,0:08:31,福島県会津,36°58.1′N,139°23.1′E,3 km,1.6,震度１,36.96833333,139.385
2025/1/24,0:14:45,福島県会津,36°58.0′N,139°22.8′E,4 km,2.1,震度２,36.96666667,139.38
2025/1/24,3:01:51,福島県会津,36°57.7′N,139°22.5′E,3 km,3.8,震度３,36.96166667,139.375
2025/1/24,3:22:01,福島県会津,36°58.0′N,139°22.4′E,3 km,2,震度１,36.96666667,139.3733333
2025/1/24,3:34:33,福島県会津,36°57.9′N,139°22.4′E,3 km,2.4,震度２,36.965,139.3733333
2025/1/24,5:31:24,福島県会津,36°57.8′N,139°22.7′E,4 km,1.9,震度１,36.96333333,139.3783333
2025/1/24,6:06:49,福島県会津,36°58.2′N,139°21.9′E,3 km,2,震度１,36.97,139.365
2025/1/24,8:31:26,福島県会津,36°57.9′N,139°22.6′E,3 km,2.2,震度１,36.965,139.3766667
2025/1/24,8:45:01,福島県会津,36°58.5′N,139°21.9′E,4 km,1.6,震度１,36.975,139.365
2025/1/24,9:09:36,福島県会津,36°57.6′N,139°22.7′E,4 km,2.5,震度２,36.96,139.3783333
2025/1/24,14:31:50,千葉県東方沖,35°38.6′N,140°40.0′E,50 km,3.5,震度２,35.64333333,140.6666667
2025/1/24,14:45:00,福島県会津,36°57.8′N,139°22.5′E,4 km,1.7,震度１,36.96333333,139.375
2025/1/24,17:33:37,福島県会津,36°58.0′N,139°22.1′E,3 km,2.3,震度１,36.96666667,139.3683333
2025/1/24,21:13:14,福島県会津,36°58.5′N,139°23.2′E,4 km,1.4,震度１,36.975,139.3866667
2025/1/25,4:21:33,福島県会津,36°57.8′N,139°22.4′E,3 km,2.5,震度１,36.96333333,139.3733333
2025/1/25,4:39:44,福島県会津,36°58.8′N,139°23.0′E,4 km,2.7,震度２,36.98,139.3833333
2025/1/25,5:10:27,福島県会津,36°58.2′N,139°23.1′E,4 km,2,震度１,36.97,139.385
2025/1/25,10:15:18,石川県能登地方,37°20.0′N,136°46.0′E,8 km,3.1,震度１,37.33333333,136.7666667
2025/1/25,11:32:37,徳島県南部,33°48.2′N,134°19.9′E,14 km,2.5,震度１,33.80333333,134.3316667
2025/1/25,12:14:59,和歌山県北部,34°11.3′N,135°10.5′E,4 km,2.4,震度１,34.18833333,135.175
2025/1/25,13:46:59,伊予灘,33°35.1′N,132°10.4′E,52 km,3.4,震度１,33.585,132.1733333
2025/1/25,15:23:00,福島県会津,36°57.5′N,139°22.2′E,3 km,2.4,震度２,36.95833333,139.37
2025/1/25,16:17:29,福島県会津,36°57.9′N,139°22.4′E,4 km,2.3,震度１,36.965,139.3733333
2025/1/25,22:19:57,福島県会津,36°57.9′N,139°22.0′E,3 km,2.1,震度１,36.965,139.3666667
2025/1/26,0:32:43,新潟県中越地方,37°43.4′N,139°05.6′E,11 km,2.3,震度１,37.72333333,139.0933333
2025/1/26,3:14:18,トカラ列島近海,29°54.4′N,129°59.6′E,10 km,3.1,震度２,29.90666667,129.9933333
2025/1/26,8:11:29,静岡県中部,34°58.5′N,138°12.8′E,21 km,3.4,震度２,34.975,138.2133333
2025/1/26,8:15:31,福島県会津,36°57.9′N,139°22.5′E,4 km,2.1,震度１,36.965,139.375
2025/1/26,9:05:15,紀伊水道,33°40.0′N,135°10.2′E,39 km,3.2,震度１,33.66666667,135.17
2025/1/26,9:07:13,福島県会津,36°58.4′N,139°23.3′E,4 km,2.1,震度２,36.97333333,139.3883333
2025/1/26,9:16:18,三重県北部,34°58.5′N,136°32.5′E,40 km,3.2,震度１,34.975,136.5416667
2025/1/26,9:42:37,福島県会津,36°58.5′N,139°23.2′E,4 km,2.2,震度２,36.975,139.3866667
2025/1/26,10:01:42,福島県会津,36°58.1′N,139°23.0′E,5 km,2,震度１,36.96833333,139.3833333
2025/1/26,12:42:45,福島県会津,36°58.7′N,139°22.1′E,4 km,1.6,震度１,36.97833333,139.3683333
2025/1/26,20:05:11,伊予灘,33°35.0′N,132°10.4′E,51 km,2.8,震度１,33.58333333,132.1733333
2025/1/27,1:31:44,宮古島近海,25°08.1′N,125°35.1′E,31 km,4.9,震度２,25.135,125.585
2025/1/27,5:56:20,鹿児島湾,31°39.7′N,130°45.5′E,5 km,2.8,震度２,31.66166667,130.7583333
2025/1/27,10:11:39,青森県東方沖,41°34.7′N,142°06.0′E,53 km,3.7,震度１,41.57833333,142.1
2025/1/27,14:06:45,日向灘,31°46.7′N,131°55.3′E,29 km,4.2,震度２,31.77833333,131.9216667
2025/1/27,18:41:21,福島県会津,36°58.7′N,139°23.0′E,5 km,1.6,震度１,36.97833333,139.3833333
2025/1/28,1:38:20,駿河湾南方沖,34°21.8′N,138°22.6′E,38 km,3.9,震度２,34.36333333,138.3766667
2025/1/28,7:31:10,石川県能登地方,37°09.3′N,136°41.6′E,8 km,2.4,震度１,37.155,136.6933333
2025/1/28,15:34:13,福島県会津,36°57.5′N,139°22.6′E,3 km,2.6,震度２,36.95833333,139.3766667
2025/1/29,8:58:32,石川県能登地方,37°11.5′N,136°48.1′E,11 km,4,震度３,37.19166667,136.8016667
2025/1/29,19:25:52,福島県会津,36°58.0′N,139°22.9′E,4 km,2.1,震度１,36.96666667,139.3816667
2025/1/30,1:22:33,岐阜県飛騨地方,36°01.5′N,137°33.0′E,6 km,2.1,震度１,36.025,137.55
2025/1/30,17:18:31,茨城県北部,36°37.2′N,140°29.3′E,79 km,3.6,震度２,36.62,140.4883333
2025/1/30,18:21:09,福島県会津,36°58.0′N,139°22.5′E,3 km,2.7,震度１,36.96666667,139.375
2025/1/30,21:00:52,父島近海,26°29.7′N,142°08.7′E,45 km,4.5,震度３,26.495,142.145
2025/1/30,22:42:36,宮城県沖,38°37.3′N,141°54.0′E,47 km,3.5,震度１,38.62166667,141.9
2025/1/31,5:28:11,長野県南部,35°42.4′N,138°10.4′E,14 km,3.1,震度１,35.70666667,138.1733333
2025/1/31,15:43:59,福島県会津,36°57.8′N,139°22.4′E,3 km,2.4,震度２,36.96333333,139.3733333
2025/1/31,19:42:42,岩手県沖,40°20.5′N,142°02.3′E,52 km,3.6,震度１,40.34166667,142.0383333
2025/1/31,23:24:40,種子島近海,30°29.1′N,131°05.7′E,15 km,3,震度１,30.485,131.095
2025/2/1,4:04:21,福島県会津,36°58.7′N,139°22.9′E,5 km,1.6,震度１,36.97833333,139.3816667
2025/2/1,4:43:41,石川県西方沖,37°03.7′N,136°22.1′E,11 km,3.8,震度１,37.06166667,136.3683333
2025/2/1,7:16:54,種子島近海,30°58.4′N,130°22.1′E,147 km,4,震度１,30.97333333,130.3683333
2025/2/1,8:16:56,福岡県北九州地方,33°40.0′N,130°55.6′E,8 km,3.1,震度２,33.66666667,130.9266667
2025/2/1,17:07:43,福島県会津,36°57.8′N,139°23.0′E,4 km,1.5,震度１,36.96333333,139.3833333
2025/2/2,7:48:33,福島県会津,36°58.2′N,139°21.5′E,3 km,2.1,震度１,36.97,139.3583333
2025/2/2,8:33:31,福島県会津,36°57.8′N,139°22.4′E,4 km,1.6,震度１,36.96333333,139.3733333
2025/2/2,17:13:10,福島県沖,37°03.3′N,141°09.7′E,49 km,4,震度２,37.055,141.1616667
2025/2/2,19:41:53,沖縄本島近海,27°19.3′N,128°52.8′E,31 km,3.2,震度１,27.32166667,128.88
2025/2/3,1:34:54,石川県西方沖,36°57.5′N,136°25.3′E,12 km,2.8,震度１,36.95833333,136.4216667
2025/2/3,3:15:26,宮城県沖,38°32.3′N,141°43.9′E,52 km,3.8,震度１,38.53833333,141.7316667
2025/2/3,5:37:52,沖縄本島近海,26°48.4′N,127°16.3′E,15 km,4.5,震度１,26.80666667,127.2716667
2025/2/3,9:14:55,和歌山県北部,34°08.9′N,135°15.6′E,5 km,2.4,震度２,34.14833333,135.26
2025/2/3,10:27:11,岐阜県飛騨地方,36°00.4′N,137°32.7′E,4 km,2.9,震度１,36.00666667,137.545
2025/2/3,16:25:49,福島県沖,37°37.9′N,141°35.5′E,66 km,3.9,震度１,37.63166667,141.5916667
2025/2/3,17:24:30,浦河沖,41°58.4′N,142°58.9′E,46 km,3.9,震度１,41.97333333,142.9816667
2025/2/4,4:15:01,奄美大島北東沖,28°42.8′N,130°50.4′E,83 km,5.2,震度３,28.71333333,130.84
2025/2/4,10:37:23,茨城県北部,36°39.1′N,140°28.7′E,98 km,3.5,震度１,36.65166667,140.4783333
2025/2/4,16:12:47,福島県会津,37°03.9′N,139°25.7′E,7 km,2.4,震度１,37.065,139.4283333
2025/2/4,18:12:24,宮古島近海,24°34.4′N,124°45.4′E,53 km,4,震度１,24.57333333,124.7566667
2025/2/4,21:10:15,神奈川県東部,35°34.6′N,139°30.9′E,20 km,2.5,震度１,35.57666667,139.515
2025/2/4,23:33:48,福島県会津,36°58.2′N,139°22.9′E,4 km,1.6,震度１,36.97,139.3816667
2025/2/5,21:55:39,岩手県沖,39°38.7′N,142°06.6′E,48 km,3.2,震度１,39.645,142.11
2025/2/5,22:47:08,宮城県沖,38°14.9′N,141°20.0′E,20 km,3.4,震度１,38.24833333,141.3333333
2025/2/6,12:03:30,岩手県沖,39°37.9′N,142°06.0′E,49 km,4,震度２,39.63166667,142.1
2025/2/6,18:16:48,京都府南部,34°45.1′N,135°58.6′E,8 km,2.8,震度１,34.75166667,135.9766667
2025/2/7,2:53:10,鹿児島県薩摩地方,31°55.8′N,130°43.7′E,0 km,0.9,震度１,31.93,130.7283333
2025/2/7,9:08:45,岩手県沖,39°37.8′N,142°06.3′E,48 km,3.2,震度１,39.63,142.105
2025/2/7,12:36:01,十勝地方北部,43°11.8′N,142°49.1′E,156 km,4.8,震度２,43.19666667,142.8183333
2025/2/7,13:38:22,能登半島沖,37°07.7′N,136°37.5′E,7 km,1.7,震度１,37.12833333,136.625
2025/2/8,7:48:39,沖縄本島近海,26°08.5′N,126°39.6′E,69 km,3.2,震度１,26.14166667,126.66
2025/2/8,12:34:00,和歌山県北部,34°15.0′N,135°13.9′E,6 km,2.3,震度１,34.25,135.2316667
2025/2/9,8:54:50,宮崎県北部平野部,32°13.2′N,131°32.6′E,14 km,2.5,震度１,32.22,131.5433333
2025/2/9,10:59:17,長野県南部,35°48.1′N,137°22.0′E,7 km,3.5,震度３,35.80166667,137.3666667
2025/2/9,15:55:48,根室地方南部,43°18.0′N,145°21.1′E,76 km,3.6,震度１,43.3,145.3516667
2025/2/9,17:21:19,熊本県天草・芦北地方,32°19.1′N,130°27.7′E,10 km,2.9,震度１,32.31833333,130.4616667
2025/2/10,2:55:48,福島県沖,37°18.2′N,141°35.6′E,42 km,3.7,震度１,37.30333333,141.5933333
2025/2/10,9:24:51,京都府南部,34°55.2′N,135°33.3′E,11 km,2.5,震度１,34.92,135.555
2025/2/10,14:12:32,佐渡付近,37°51.6′N,138°12.9′E,13 km,3.6,震度２,37.86,138.215
2025/2/10,16:40:59,石川県能登地方,37°21.2′N,137°00.9′E,10 km,3,震度１,37.35333333,137.015
2025/2/10,17:17:03,京都府南部,34°55.2′N,135°33.3′E,11 km,2.3,震度１,34.92,135.555
2025/2/10,23:16:56,苫小牧沖,41°39.7′N,141°21.2′E,90 km,5,震度２,41.66166667,141.3533333
2025/2/11,10:25:24,釧路沖,42°40.8′N,145°20.4′E,31 km,4.4,震度２,42.68,145.34
2025/2/11,11:31:27,奄美大島近海,28°04.9′N,128°59.0′E,56 km,3.4,震度１,28.08166667,128.9833333
2025/2/11,22:05:20,和歌山県北部,34°05.8′N,135°10.8′E,4 km,2.2,震度１,34.09666667,135.18
2025/2/12,4:46:53,長野県南部,35°54.0′N,137°39.2′E,6 km,2.5,震度１,35.9,137.6533333
2025/2/12,5:41:09,栃木県南部,36°14.4′N,139°46.9′E,58 km,3.9,震度２,36.24,139.7816667
2025/2/12,18:25:08,紀伊水道,34°13.3′N,135°08.8′E,5 km,1.7,震度１,34.22166667,135.1466667
2025/2/12,23:37:37,岩手県沖,39°05.6′N,141°51.5′E,65 km,4.7,震度３,39.09333333,141.8583333
2025/2/13,6:04:30,宮城県沖,38°21.1′N,142°02.5′E,52 km,4.9,震度３,38.35166667,142.0416667
2025/2/13,10:05:07,福島県会津,36°57.8′N,139°22.8′E,4 km,2.8,震度２,36.96333333,139.38
2025/2/13,14:56:31,石川県能登地方,37°17.9′N,136°52.8′E,12 km,3.4,震度１,37.29833333,136.88
2025/2/13,18:05:53,兵庫県南西部,34°58.5′N,134°37.2′E,13 km,3.2,震度１,34.975,134.62
2025/2/13,21:39:35,福島県会津,37°03.0′N,139°20.4′E,7 km,2.7,震度２,37.05,139.34
2025/2/13,21:41:00,福島県会津,37°03.1′N,139°20.5′E,7 km,2.4,震度１,37.05166667,139.3416667
2025/2/14,11:59:21,福島県会津,37°03.0′N,139°20.5′E,7 km,2.7,震度１,37.05,139.3416667
2025/2/15,9:43:26,紀伊水道,33°51.4′N,134°59.0′E,13 km,2.7,震度１,33.85666667,134.9833333
2025/2/15,9:59:09,岩手県沿岸北部,39°29.9′N,141°52.6′E,84 km,3.4,震度１,39.49833333,141.8766667
2025/2/15,12:28:57,福島県沖,37°09.1′N,141°22.4′E,20 km,3.7,震度１,37.15166667,141.3733333
2025/2/15,13:05:29,石川県能登地方,37°10.4′N,136°49.2′E,11 km,2.9,震度１,37.17333333,136.82
2025/2/15,18:03:42,福島県沖,37°46.0′N,141°41.6′E,57 km,3.9,震度１,37.76666667,141.6933333
2025/2/15,19:59:19,栃木県北部,36°52.2′N,140°14.8′E,102 km,3.6,震度１,36.87,140.2466667
2025/2/15,20:34:11,青森県東方沖,41°05.9′N,142°59.2′E,27 km,4.7,震度１,41.09833333,142.9866667
2025/2/15,21:45:39,豊後水道,33°10.5′N,132°23.4′E,37 km,3.1,震度１,33.175,132.39
2025/2/15,23:31:26,岩手県沖,39°17.1′N,142°36.5′E,26 km,4.3,震度１,39.285,142.6083333
2025/2/16,0:55:31,岩手県沖,39°22.2′N,142°16.7′E,42 km,3.8,震度２,39.37,142.2783333
2025/2/16,8:15:34,和歌山県北部,34°12.3′N,135°14.0′E,4 km,1.8,震度１,34.205,135.2333333
2025/2/17,0:36:01,福島県中通り,37°12.4′N,140°28.1′E,81 km,3.1,震度１,37.20666667,140.4683333
2025/2/17,2:16:05,千葉県北東部,35°43.7′N,140°49.5′E,11 km,3.3,震度１,35.72833333,140.825
2025/2/17,12:57:59,熊本県熊本地方,32°40.9′N,130°45.2′E,13 km,3.6,震度２,32.68166667,130.7533333
2025/2/17,13:04:18,沖縄本島北西沖,27°05.8′N,127°17.2′E,92 km,4.6,震度２,27.09666667,127.2866667
2025/2/17,13:29:19,鹿児島県薩摩地方,31°50.0′N,130°43.6′E,0 km,2.1,震度２,31.83333333,130.7266667
2025/2/17,14:07:35,徳島県南部,33°55.7′N,134°25.6′E,6 km,3.3,震度２,33.92833333,134.4266667
2025/2/17,14:20:18,十勝地方中部,43°09.1′N,143°34.3′E,13 km,3.3,震度１,43.15166667,143.5716667
2025/2/18,1:46:47,兵庫県南東部,34°55.6′N,135°24.0′E,7 km,2.7,震度１,34.92666667,135.4
2025/2/18,8:55:18,沖縄本島近海,27°26.4′N,128°34.4′E,48 km,3.2,震度１,27.44,128.5733333
2025/2/18,9:38:45,北海道東方沖,43°42.7′N,147°07.6′E,3 km,5.1,震度１,43.71166667,147.1266667
2025/2/18,12:01:23,和歌山県北部,34°04.0′N,135°08.4′E,7 km,3.2,震度２,34.06666667,135.14
2025/2/18,12:29:22,宮崎県北部平野部,32°03.4′N,131°28.8′E,17 km,2.5,震度１,32.05666667,131.48
2025/2/19,1:36:43,鹿児島県薩摩地方,31°55.3′N,130°43.1′E,0 km,1.5,震度２,31.92166667,130.7183333
2025/2/19,1:38:43,鹿児島県薩摩地方,31°55.3′N,130°43.2′E,0 km,1.4,震度２,31.92166667,130.72
2025/2/19,4:36:07,青森県三八上北地方,40°27.8′N,141°25.9′E,87 km,3.8,震度２,40.46333333,141.4316667
2025/2/19,19:36:25,鹿児島県薩摩地方,31°37.1′N,130°40.4′E,134 km,3.7,震度１,31.61833333,130.6733333
2025/2/19,23:13:31,青森県東方沖,41°33.9′N,142°06.8′E,53 km,3.8,震度１,41.565,142.1133333
2025/2/20,8:25:57,宮城県沖,38°50.7′N,142°16.4′E,61 km,4.3,震度２,38.845,142.2733333
2025/2/20,14:16:45,瀬戸内海中部,34°20.2′N,133°04.3′E,19 km,3,震度１,34.33666667,133.0716667
2025/2/20,22:13:45,山梨県東部・富士五湖,35°29.0′N,138°54.6′E,22 km,4.4,震度３,35.48333333,138.91
2025/2/21,13:41:28,岩手県沿岸北部,39°45.5′N,141°50.0′E,59 km,4.1,震度２,39.75833333,141.8333333
2025/2/21,17:24:40,和歌山県北部,34°06.5′N,135°12.6′E,6 km,3.4,震度３,34.10833333,135.21
2025/2/21,18:44:13,宮古島近海,24°50.1′N,125°22.9′E,47 km,3.5,震度１,24.835,125.3816667
2025/2/21,18:56:31,父島近海,26°59.0′N,142°30.0′E,60 km,4.1,震度１,26.98333333,142.5
2025/2/21,19:37:33,和歌山県北部,34°06.5′N,135°12.7′E,6 km,2.3,震度１,34.10833333,135.2116667
2025/2/21,22:01:46,福島県沖,37°30.9′N,141°26.2′E,49 km,4.9,震度４,37.515,141.4366667
2025/2/22,2:27:41,石川県西方沖,37°00.5′N,136°26.2′E,10 km,3.7,震度２,37.00833333,136.4366667
2025/2/22,21:25:19,熊本県熊本地方,32°36.8′N,130°42.9′E,5 km,1.9,震度２,32.61333333,130.715
2025/2/22,22:07:35,青森県東方沖,40°59.8′N,143°07.3′E,23 km,4.2,震度１,40.99666667,143.1216667
2025/2/23,10:22:04,福島県沖,37°02.2′N,141°20.8′E,15 km,4,震度２,37.03666667,141.3466667
2025/2/23,10:55:32,滋賀県南部,34°56.2′N,135°54.2′E,11 km,2.7,震度１,34.93666667,135.9033333
2025/2/23,13:08:06,宮城県沖,37°59.9′N,141°44.0′E,56 km,4.6,震度３,37.99833333,141.7333333
2025/2/24,4:07:52,千葉県南東沖,34°43.9′N,140°14.5′E,88 km,4.7,震度３,34.73166667,140.2416667
2025/2/24,4:08:59,石川県西方沖,36°55.9′N,136°22.8′E,9 km,4.9,震度３,36.93166667,136.38
2025/2/24,4:10:52,石川県西方沖,36°55.2′N,136°22.4′E,16 km,3,震度１,36.92,136.3733333
2025/2/24,4:17:46,石川県西方沖,36°56.3′N,136°24.0′E,12 km,2.9,震度１,36.93833333,136.4
2025/2/24,5:06:20,石川県西方沖,36°55.2′N,136°22.5′E,12 km,3.6,震度１,36.92,136.375
2025/2/24,5:14:54,石川県西方沖,36°56.5′N,136°23.4′E,13 km,3.2,震度１,36.94166667,136.39
2025/2/24,5:24:10,京都府北部,35°16.5′N,135°19.7′E,12 km,3.6,震度２,35.275,135.3283333
2025/2/24,7:07:07,石川県西方沖,36°56.4′N,136°22.8′E,13 km,4.4,震度３,36.94,136.38
2025/2/24,7:12:40,石川県西方沖,36°56.4′N,136°23.7′E,12 km,3.2,震度１,36.94,136.395
2025/2/24,8:33:00,石川県西方沖,36°56.3′N,136°22.8′E,11 km,3.1,震度１,36.93833333,136.38
2025/2/24,8:35:44,石川県西方沖,36°56.9′N,136°23.5′E,11 km,3.3,震度２,36.94833333,136.3916667
2025/2/24,10:20:26,熊本県天草・芦北地方,32°19.0′N,130°27.8′E,10 km,2.7,震度１,32.31666667,130.4633333
2025/2/24,13:25:33,熊本県天草・芦北地方,32°18.9′N,130°27.8′E,10 km,2.7,震度１,32.315,130.4633333
2025/2/24,20:02:09,石川県能登地方,37°22.0′N,136°52.6′E,7 km,2.1,震度１,37.36666667,136.8766667
2025/2/24,21:53:49,福島県会津,36°58.3′N,139°23.5′E,4 km,2.2,震度１,36.97166667,139.3916667
2025/2/25,1:30:42,苫小牧沖,42°15.1′N,141°14.2′E,107 km,4.3,震度１,42.25166667,141.2366667
2025/2/25,2:44:01,石川県西方沖,36°56.0′N,136°22.7′E,14 km,3.7,震度２,36.93333333,136.3783333
2025/2/25,3:43:21,石川県西方沖,36°55.3′N,136°22.1′E,12 km,3.6,震度１,36.92166667,136.3683333
2025/2/25,12:49:41,福井県嶺北,35°54.6′N,136°48.8′E,10 km,2.1,震度１,35.91,136.8133333
2025/2/25,13:10:12,石川県能登地方,37°22.2′N,136°53.2′E,7 km,2.7,震度１,37.37,136.8866667
2025/2/25,14:52:25,石川県西方沖,36°54.9′N,136°22.0′E,12 km,3,震度１,36.915,136.3666667
2025/2/25,15:00:35,釧路沖,42°54.3′N,145°30.6′E,38 km,3.8,震度２,42.905,145.51
2025/2/25,17:41:35,石川県西方沖,36°54.6′N,136°22.6′E,12 km,3,震度１,36.91,136.3766667
2025/2/25,21:50:10,茨城県南部,36°03.8′N,140°16.9′E,96 km,4,震度２,36.06333333,140.2816667
2025/2/26,1:42:29,三重県北部,34°54.2′N,136°32.5′E,15 km,2.8,震度１,34.90333333,136.5416667
2025/2/26,2:10:43,宮古島近海,24°43.8′N,125°25.9′E,47 km,3.8,震度１,24.73,125.4316667
2025/2/26,7:22:13,日高地方東部,42°21.4′N,142°59.1′E,51 km,3.6,震度１,42.35666667,142.985
2025/2/26,8:22:54,岩手県沖,40°04.6′N,142°40.5′E,38 km,4.6,震度１,40.07666667,142.675
2025/2/26,14:53:25,三重県南東沖,33°36.3′N,136°23.8′E,398 km,5.9,震度２,33.605,136.3966667
2025/2/27,1:16:52,静岡県伊豆地方,35°01.5′N,139°05.6′E,3 km,2.1,震度１,35.025,139.0933333
2025/2/27,1:58:08,愛知県西部,35°18.2′N,136°59.7′E,44 km,3,震度１,35.30333333,136.995
2025/2/27,3:32:20,静岡県伊豆地方,35°01.6′N,139°06.5′E,6 km,2.2,震度１,35.02666667,139.1083333
2025/2/27,4:45:01,石川県西方沖,36°55.1′N,136°22.7′E,13 km,3.8,震度２,36.91833333,136.3783333
2025/2/27,13:01:01,石川県西方沖,36°56.4′N,136°23.0′E,13 km,3.4,震度２,36.94,136.3833333
2025/2/28,13:37:24,能登半島沖,37°09.8′N,136°37.4′E,3 km,2.4,震度１,37.16333333,136.6233333
2025/2/28,15:29:36,高知県中部,33°41.1′N,133°38.8′E,36 km,3.8,震度２,33.685,133.6466667
2025/2/28,20:02:08,和歌山県北部,34°07.8′N,135°11.9′E,5 km,2.2,震度１,34.13,135.1983333
2025/3/1,13:29:47,岩手県沖,40°20.3′N,142°07.2′E,48 km,3.6,震度１,40.33833333,142.12
2025/3/1,13:42:43,福島県会津,36°58.5′N,139°23.2′E,4 km,1.8,震度１,36.975,139.3866667
2025/3/1,22:17:03,宮城県沖,38°10.7′N,141°42.8′E,51 km,3.9,震度２,38.17833333,141.7133333
2025/3/2,4:23:30,宮城県北部,38°40.5′N,141°24.2′E,71 km,3.7,震度２,38.675,141.4033333
2025/3/2,18:55:28,石川県能登地方,37°23.1′N,137°00.4′E,5 km,3.2,震度２,37.385,137.0066667
2025/3/2,23:39:25,埼玉県南部,36°02.1′N,139°42.9′E,54 km,3.1,震度１,36.035,139.715
2025/3/3,9:15:22,秋田県内陸南部,39°34.0′N,140°20.9′E,6 km,2,震度１,39.56666667,140.3483333
2025/3/3,12:50:59,群馬県南部,36°18.9′N,139°19.1′E,139 km,4.2,震度２,36.315,139.3183333
2025/3/3,14:38:04,福島県会津,36°58.4′N,139°23.5′E,4 km,2.4,震度１,36.97333333,139.3916667
2025/3/3,21:11:50,岩手県沖,39°38.1′N,142°06.1′E,48 km,3.3,震度１,39.635,142.1016667
2025/3/4,9:42:38,石川県西方沖,36°55.9′N,136°23.0′E,13 km,3.4,震度１,36.93166667,136.3833333
2025/3/4,15:12:04,茨城県南部,36°12.6′N,139°59.1′E,53 km,4,震度３,36.21,139.985
2025/3/5,21:06:33,北海道東方沖,43°34.3′N,147°20.2′E,82 km,4.6,震度１,43.57166667,147.3366667
2025/3/6,12:58:56,和歌山県南部,33°57.3′N,135°36.7′E,32 km,4,震度３,33.955,135.6116667
2025/3/6,18:55:33,沖縄本島近海,27°25.6′N,128°37.1′E,43 km,2.9,震度１,27.42666667,128.6183333
2025/3/6,23:34:09,根室半島南東沖,43°10.6′N,145°34.7′E,51 km,3.2,震度１,43.17666667,145.5783333
2025/3/7,23:51:54,和歌山県北部,34°02.9′N,135°11.1′E,9 km,2.7,震度１,34.04833333,135.185
2025/3/8,1:01:05,滋賀県南部,34°55.3′N,135°59.7′E,11 km,3,震度１,34.92166667,135.995
2025/3/8,3:56:38,青森県西方沖,40°59.1′N,139°15.4′E,33 km,3.3,震度１,40.985,139.2566667
2025/3/8,8:41:03,和歌山県北部,34°11.2′N,135°11.0′E,6 km,2.2,震度１,34.18666667,135.1833333
2025/3/8,12:31:34,日高地方東部,42°18.8′N,143°02.8′E,50 km,3.8,震度１,42.31333333,143.0466667
2025/3/8,16:12:15,岩手県沖,40°05.8′N,142°24.4′E,39 km,5,震度２,40.09666667,142.4066667
2025/3/8,23:33:09,豊後水道,33°23.2′N,132°17.3′E,45 km,3.1,震度１,33.38666667,132.2883333
2025/3/9,0:02:49,和歌山県北部,34°12.6′N,135°14.8′E,3 km,2,震度１,34.21,135.2466667
2025/3/9,0:37:33,奄美大島北東沖,28°43.0′N,130°13.5′E,50 km,4,震度１,28.71666667,130.225
2025/3/9,2:49:48,豊後水道,33°01.8′N,132°15.1′E,39 km,3.1,震度１,33.03,132.2516667
2025/3/9,3:54:05,奄美大島北東沖,28°42.0′N,130°15.0′E,62 km,5.8,震度４,28.7,130.25
2025/3/9,3:57:14,奄美大島北東沖,28°42.6′N,130°15.7′E,59 km,4.1,震度２,28.71,130.2616667
2025/3/9,4:07:03,奄美大島近海,28°41.8′N,130°11.5′E,52 km,3.9,震度１,28.69666667,130.1916667
2025/3/9,8:42:55,奄美大島北東沖,28°43.2′N,130°16.4′E,63 km,5.9,震度３,28.72,130.2733333
2025/3/9,9:04:44,奄美大島近海,28°45.3′N,130°07.0′E,35 km,3.5,震度１,28.755,130.1166667
2025/3/9,9:09:19,奄美大島近海,28°45.7′N,130°08.6′E,37 km,4.3,震度１,28.76166667,130.1433333
2025/3/9,10:29:51,埼玉県南部,36°04.0′N,139°47.7′E,80 km,3,震度１,36.06666667,139.795
2025/3/9,11:41:56,大阪湾,34°29.7′N,135°00.1′E,14 km,2.9,震度１,34.495,135.0016667
2025/3/9,13:20:53,奄美大島北東沖,28°44.2′N,130°11.4′E,57 km,4.5,震度２,28.73666667,130.19
2025/3/9,13:24:22,奄美大島北東沖,28°43.2′N,130°12.4′E,58 km,5,震度１,28.72,130.2066667
2025/3/9,14:02:47,愛知県西部,35°19.1′N,136°57.8′E,8 km,2.6,震度１,35.31833333,136.9633333
2025/3/9,14:57:56,奄美大島近海,28°43.1′N,130°09.6′E,55 km,4.9,震度２,28.71833333,130.16
2025/3/10,5:49:10,石川県能登地方,37°29.7′N,137°14.2′E,13 km,2.6,震度１,37.495,137.2366667
2025/3/10,18:18:04,胆振地方中東部,42°39.4′N,142°00.1′E,42 km,3.2,震度１,42.65666667,142.0016667
2025/3/10,18:43:53,宮城県沖,38°16.6′N,141°56.2′E,44 km,4,震度１,38.27666667,141.9366667
2025/3/11,8:04:19,沖縄本島近海,27°14.1′N,128°24.2′E,48 km,3.5,震度２,27.235,128.4033333
2025/3/11,9:26:49,奄美大島北東沖,28°46.6′N,130°17.0′E,53 km,4.6,震度１,28.77666667,130.2833333
2025/3/11,10:04:51,秋田県内陸南部,39°28.2′N,140°25.5′E,9 km,2.7,震度１,39.47,140.425
2025/3/11,11:10:46,奄美大島北東沖,28°45.9′N,130°19.8′E,62 km,5.2,震度２,28.765,130.33
2025/3/11,11:41:23,十勝沖,42°30.4′N,144°03.2′E,71 km,4.4,震度２,42.50666667,144.0533333
2025/3/11,12:23:02,沖縄本島北西沖,26°55.8′N,127°12.1′E,85 km,3.8,震度１,26.93,127.2016667
2025/3/11,19:36:00,沖縄本島近海,26°15.1′N,127°52.4′E,15 km,3.5,震度２,26.25166667,127.8733333
2025/3/12,2:19:35,トカラ列島近海,29°35.7′N,129°43.5′E,0 km,2.1,震度２,29.595,129.725
2025/3/12,2:23:09,トカラ列島近海,29°35.0′N,129°40.3′E,5 km,1.9,震度１,29.58333333,129.6716667
2025/3/12,4:33:45,福島県会津,36°57.9′N,139°22.7′E,4 km,1.9,震度１,36.965,139.3783333
2025/3/12,16:41:34,沖縄本島近海,26°14.8′N,127°53.1′E,13 km,2.9,震度２,26.24666667,127.885
2025/3/12,21:08:02,宮城県沖,38°41.7′N,142°14.8′E,41 km,3.8,震度１,38.695,142.2466667
2025/3/12,23:20:15,福島県中通り,36°53.6′N,140°24.8′E,81 km,4.2,震度３,36.89333333,140.4133333
2025/3/13,1:27:28,岩手県内陸南部,39°03.6′N,140°52.2′E,8 km,3,震度１,39.06,140.87
2025/3/13,1:41:17,奈良県,34°11.2′N,135°52.3′E,55 km,3.3,震度１,34.18666667,135.8716667
2025/3/13,4:40:50,福島県中通り,37°02.7′N,140°32.6′E,10 km,2.5,震度１,37.045,140.5433333
2025/3/13,23:57:02,神奈川県西部,35°27.4′N,139°09.3′E,19 km,3,震度２,35.45666667,139.155
2025/3/14,3:53:51,北海道東方沖,43°26.7′N,147°00.6′E,68 km,4.7,震度１,43.445,147.01
2025/3/14,6:20:02,石川県西方沖,37°05.2′N,136°23.7′E,10 km,3.7,震度１,37.08666667,136.395
2025/3/14,19:06:18,岩手県沖,39°48.5′N,142°21.8′E,13 km,4.2,震度２,39.80833333,142.3633333
2025/3/15,1:44:47,奄美大島近海,28°34.8′N,129°15.7′E,64 km,4.1,震度１,28.58,129.2616667
2025/3/15,10:55:44,静岡県中部,35°03.3′N,138°30.1′E,22 km,2.6,震度１,35.055,138.5016667
2025/3/15,15:40:35,茨城県北部,36°27.8′N,140°36.2′E,55 km,3.6,震度２,36.46333333,140.6033333
2025/3/15,21:22:14,能登半島沖,37°34.8′N,137°15.8′E,10 km,3.7,震度２,37.58,137.2633333
2025/3/15,22:50:07,胆振地方中東部,42°50.8′N,141°56.2′E,141 km,4.2,震度１,42.84666667,141.9366667
2025/3/16,21:58:50,熊本県天草・芦北地方,32°25.6′N,130°31.9′E,12 km,3.4,震度１,32.42666667,130.5316667
2025/3/16,23:11:25,東京湾,35°36.9′N,139°59.8′E,67 km,3,震度１,35.615,139.9966667
2025/3/16,23:55:51,沖縄本島近海,26°47.9′N,127°27.8′E,65 km,3.9,震度１,26.79833333,127.4633333
2025/3/16,23:58:21,釧路地方中南部,43°17.1′N,144°22.0′E,131 km,3.9,震度１,43.285,144.3666667
2025/3/17,0:49:53,十勝地方中部,42°45.5′N,143°12.2′E,111 km,4,震度２,42.75833333,143.2033333
2025/3/17,0:54:13,奄美大島近海,28°02.1′N,129°22.4′E,20 km,3.6,震度２,28.035,129.3733333
2025/3/17,2:36:50,能登半島沖,37°07.1′N,136°38.1′E,6 km,3.1,震度２,37.11833333,136.635
2025/3/17,3:35:00,静岡県東部,35°15.9′N,138°43.2′E,12 km,2.3,震度１,35.265,138.72
2025/3/17,6:23:24,福井県嶺南,35°26.8′N,135°53.3′E,13 km,3.5,震度２,35.44666667,135.8883333
2025/3/17,7:45:47,埼玉県北部,36°12.5′N,139°13.5′E,93 km,3.2,震度１,36.20833333,139.225
2025/3/17,18:22:27,奄美大島北東沖,29°19.4′N,130°28.2′E,40 km,4.5,震度１,29.32333333,130.47
2025/3/17,21:57:17,岩手県沖,39°46.2′N,142°14.8′E,50 km,4.3,震度２,39.77,142.2466667
2025/3/17,22:32:39,岩手県沖,39°46.1′N,142°14.8′E,49 km,3.4,震度１,39.76833333,142.2466667
2025/3/18,5:00:35,熊本県熊本地方,32°29.9′N,130°33.3′E,10 km,4.8,震度４,32.49833333,130.555
2025/3/18,5:47:41,熊本県熊本地方,32°29.4′N,130°33.0′E,9 km,2.9,震度１,32.49,130.55
2025/3/18,7:30:48,宮城県沖,38°59.1′N,142°21.7′E,49 km,4.1,震度２,38.985,142.3616667
2025/3/18,7:58:40,熊本県熊本地方,32°29.7′N,130°33.8′E,9 km,3.5,震度２,32.495,130.5633333
2025/3/18,17:28:54,熊本県熊本地方,32°29.2′N,130°33.8′E,9 km,3.8,震度２,32.48666667,130.5633333
2025/3/18,21:05:50,宮古島近海,24°50.5′N,125°08.6′E,52 km,3.4,震度１,24.84166667,125.1433333
2025/3/19,13:25:15,能登半島沖,37°06.9′N,136°38.4′E,6 km,4.7,震度４,37.115,136.64
2025/3/20,2:12:35,紀伊水道,34°10.9′N,135°07.5′E,7 km,2.6,震度１,34.18166667,135.125
2025/3/20,4:25:29,能登半島沖,37°06.8′N,136°38.2′E,7 km,3.3,震度３,37.11333333,136.6366667
2025/3/20,10:20:47,奄美大島近海,28°34.5′N,129°50.1′E,35 km,3.8,震度１,28.575,129.835
2025/3/20,12:42:15,熊本県天草・芦北地方,32°30.2′N,130°33.7′E,10 km,3.2,震度１,32.50333333,130.5616667
2025/3/20,17:35:37,石川県西方沖,36°56.4′N,136°25.1′E,12 km,3.7,震度１,36.94,136.4183333
2025/3/20,19:46:06,日高地方中部,42°28.1′N,142°37.5′E,42 km,3.7,震度１,42.46833333,142.625
2025/3/21,0:05:19,福島県会津,36°58.6′N,139°22.6′E,4 km,2.1,震度１,36.97666667,139.3766667
2025/3/21,0:59:08,三重県北部,34°54.5′N,136°26.5′E,15 km,2.2,震度１,34.90833333,136.4416667
2025/3/21,17:41:30,和歌山県北部,34°06.6′N,135°12.5′E,6 km,2.4,震度１,34.11,135.2083333
2025/3/22,1:00:38,岐阜県美濃中西部,35°38.4′N,137°04.2′E,7 km,2.2,震度１,35.64,137.07
2025/3/22,3:02:04,鹿児島県薩摩地方,31°48.6′N,130°17.6′E,8 km,2,震度１,31.81,130.2933333
2025/3/22,18:41:57,茨城県沖,36°26.1′N,140°41.4′E,52 km,4.1,震度３,36.435,140.69
2025/3/23,6:01:24,福島県沖,36°57.8′N,141°20.8′E,43 km,3.5,震度１,36.96333333,141.3466667
2025/3/23,7:14:28,宮古島北西沖,25°40.2′N,124°39.9′E,126 km,5.2,震度１,25.67,124.665
2025/3/23,8:16:34,茨城県南部,36°20.7′N,140°03.4′E,72 km,3.1,震度１,36.345,140.0566667
2025/3/24,11:34:26,長野県北部,36°56.8′N,138°31.5′E,8 km,2.8,震度１,36.94666667,138.525
2025/3/24,11:37:53,長野県北部,36°57.1′N,138°31.5′E,8 km,3.7,震度３,36.95166667,138.525
2025/3/24,11:49:55,北海道南西沖,41°28.8′N,139°55.9′E,10 km,3.1,震度１,41.48,139.9316667
2025/3/24,12:06:49,長野県北部,36°56.9′N,138°31.7′E,10 km,2.5,震度１,36.94833333,138.5283333
2025/3/24,21:49:41,千葉県北西部,35°34.8′N,140°07.9′E,70 km,3,震度１,35.58,140.1316667
2025/3/25,6:53:20,宗谷地方北部,45°13.3′N,141°50.1′E,0 km,3,震度３,45.22166667,141.835
2025/3/25,8:06:42,沖縄本島近海,26°19.4′N,127°19.5′E,53 km,3.3,震度１,26.32333333,127.325
2025/3/25,8:19:36,福島県沖,37°46.5′N,141°37.6′E,56 km,4.3,震度２,37.775,141.6266667
2025/3/25,10:59:21,千葉県南部,35°20.6′N,140°20.7′E,26 km,3.1,震度２,35.34333333,140.345
2025/3/25,11:16:28,胆振地方中東部,42°42.2′N,141°59.5′E,34 km,3.5,震度１,42.70333333,141.9916667
2025/3/25,19:39:26,根室地方南部,43°14.5′N,145°23.0′E,81 km,3.9,震度２,43.24166667,145.3833333
2025/3/26,0:25:47,上川地方北部,44°16.5′N,142°13.2′E,0 km,1.1,震度１,44.275,142.22
2025/3/26,0:46:01,能登半島沖,37°06.2′N,136°38.9′E,6 km,2.6,震度１,37.10333333,136.6483333
2025/3/26,9:47:44,千葉県南部,35°20.6′N,140°21.0′E,25 km,2.6,震度１,35.34333333,140.35
2025/3/26,12:29:07,愛知県西部,35°04.9′N,137°17.0′E,39 km,2.8,震度１,35.08166667,137.2833333
2025/3/27,11:56:01,紀伊水道,33°54.3′N,134°42.7′E,13 km,3.1,震度２,33.905,134.7116667
2025/3/27,17:16:47,岐阜県美濃中西部,35°47.8′N,136°55.4′E,9 km,3.1,震度２,35.79666667,136.9233333
2025/3/28,1:01:00,宗谷地方北部,45°13.2′N,141°51.1′E,0 km,2.8,震度２,45.22,141.8516667
2025/3/28,3:50:40,千葉県北東部,35°24.2′N,140°21.6′E,54 km,4.4,震度２,35.40333333,140.36
2025/3/28,4:41:26,石川県能登地方,37°23.3′N,136°53.4′E,9 km,2.7,震度１,37.38833333,136.89
2025/3/28,10:18:49,津軽海峡,41°30.6′N,141°21.0′E,122 km,3.5,震度１,41.51,141.35
2025/3/28,11:34:58,熊本県阿蘇地方,32°58.7′N,131°09.5′E,12 km,2.7,震度２,32.97833333,131.1583333
2025/3/29,0:09:45,熊本県天草・芦北地方,32°29.6′N,130°32.2′E,10 km,3,震度１,32.49333333,130.5366667
2025/3/29,4:45:15,大隅半島東方沖,31°05.4′N,131°30.7′E,33 km,4.6,震度３,31.09,131.5116667
2025/3/29,13:21:20,石川県西方沖,36°55.2′N,136°22.9′E,13 km,3.2,震度１,36.92,136.3816667
2025/3/29,22:00:37,国後島付近,44°14.9′N,146°01.1′E,163 km,4.3,震度１,44.24833333,146.0183333
2025/3/29,23:48:14,熊本県天草・芦北地方,32°25.6′N,130°31.9′E,12 km,3.2,震度１,32.42666667,130.5316667
2025/3/30,8:47:37,千葉県北西部,35°43.5′N,140°12.6′E,67 km,3.8,震度１,35.725,140.21
2025/3/30,10:18:31,千葉県南東沖,34°40.0′N,140°49.5′E,69 km,4.9,震度２,34.66666667,140.825
2025/3/30,10:46:21,有明海,32°55.4′N,130°22.3′E,11 km,3.4,震度２,32.92333333,130.3716667
2025/3/30,14:29:53,千葉県東方沖,35°25.5′N,140°39.3′E,58 km,3.8,震度１,35.425,140.655
2025/3/30,19:35:45,茨城県沖,36°12.0′N,141°03.7′E,37 km,3.6,震度１,36.2,141.0616667
2025/3/30,21:30:56,宮城県沖,38°32.1′N,142°17.7′E,44 km,4.3,震度２,38.535,142.295
2025/3/30,22:28:25,長野県北部,36°46.9′N,138°06.4′E,7 km,2.4,震度１,36.78166667,138.1066667
2025/3/30,22:55:58,浦河沖,41°59.6′N,142°43.5′E,55 km,4.6,震度２,41.99333333,142.725
2025/3/31,16:51:31,沖縄本島近海,27°26.6′N,128°40.4′E,42 km,3.7,震度２,27.44333333,128.6733333
2025/4/1,2:37:32,宮古島近海,24°44.0′N,125°25.2′E,46 km,3.7,震度１,24.73333333,125.42
2025/4/1,5:07:35,有明海,32°46.9′N,130°31.2′E,11 km,3.2,震度１,32.78166667,130.52
2025/4/1,14:41:49,根室半島南東沖,42°57.2′N,145°43.3′E,70 km,4.1,震度１,42.95333333,145.7216667
2025/4/1,20:32:33,石川県西方沖,36°55.3′N,136°23.5′E,12 km,2.7,震度１,36.92166667,136.3916667
2025/4/1,21:33:40,茨城県南部,36°09.8′N,139°51.1′E,102 km,3.7,震度２,36.16333333,139.8516667
2025/4/2,2:01:45,宮古島近海,24°44.5′N,125°25.2′E,47 km,3.4,震度１,24.74166667,125.42
2025/4/2,6:31:30,熊本県熊本地方,32°32.9′N,130°41.6′E,8 km,2.9,震度１,32.54833333,130.6933333
2025/4/2,7:04:13,根室半島南東沖,43°18.8′N,146°27.2′E,46 km,3.7,震度１,43.31333333,146.4533333
2025/4/2,8:54:46,父島近海,27°38.5′N,142°41.5′E,63 km,4.4,震度１,27.64166667,142.6916667
2025/4/2,8:59:55,沖縄本島近海,26°06.2′N,128°35.8′E,32 km,5.2,震度１,26.10333333,128.5966667
2025/4/2,11:07:55,滋賀県北部,35°33.6′N,136°22.0′E,14 km,3.2,震度１,35.56,136.3666667
2025/4/2,20:54:52,岩手県内陸南部,39°03.3′N,140°52.1′E,8 km,3.2,震度１,39.055,140.8683333
2025/4/2,23:03:59,大隅半島東方沖,31°02.7′N,131°31.3′E,36 km,6.1,震度４,31.045,131.5216667
2025/4/2,23:13:32,大隅半島東方沖,31°06.5′N,131°35.1′E,29 km,3.9,震度１,31.10833333,131.585
2025/4/3,6:42:53,大隅半島東方沖,31°06.7′N,131°31.5′E,30 km,4.4,震度２,31.11166667,131.525
2025/4/3,11:50:55,豊後水道,33°13.0′N,132°23.0′E,37 km,2.8,震度１,33.21666667,132.3833333
2025/4/3,14:17:58,青森県東方沖,40°58.4′N,142°00.4′E,58 km,2.9,震度１,40.97333333,142.0066667
2025/4/4,4:48:12,和歌山県北部,34°04.6′N,135°11.8′E,6 km,2.5,震度２,34.07666667,135.1966667
2025/4/4,19:46:06,佐渡付近,38°06.6′N,138°15.5′E,16 km,3.3,震度２,38.11,138.2583333
2025/4/4,19:52:08,山梨県中・西部,35°34.4′N,138°15.1′E,15 km,3,震度１,35.57333333,138.2516667
2025/4/5,4:15:42,北海道南西沖,41°18.2′N,140°09.2′E,10 km,4.1,震度４,41.30333333,140.1533333
2025/4/5,6:12:23,青森県東方沖,40°58.8′N,141°59.9′E,59 km,4.2,震度３,40.98,141.9983333
2025/4/5,12:26:02,岩手県沖,39°06.3′N,142°07.4′E,44 km,3.5,震度１,39.105,142.1233333
2025/4/5,18:42:52,有明海,32°46.8′N,130°31.0′E,11 km,3.4,震度２,32.78,130.5166667
2025/4/6,2:20:31,青森県東方沖,41°00.3′N,143°07.9′E,23 km,4.2,震度１,41.005,143.1316667
2025/4/6,2:25:49,青森県東方沖,41°00.4′N,143°07.2′E,23 km,4.2,震度１,41.00666667,143.12
2025/4/6,15:05:09,長野県南部,35°40.7′N,137°46.7′E,11 km,3.4,震度２,35.67833333,137.7783333
2025/4/6,17:14:48,静岡県中部,35°16.9′N,138°20.5′E,26 km,3,震度１,35.28166667,138.3416667
2025/4/7,9:52:14,千葉県東方沖,35°50.2′N,140°53.6′E,32 km,4.8,震度３,35.83666667,140.8933333
2025/4/7,11:26:32,福島県中通り,37°02.6′N,140°32.1′E,9 km,3.3,震度２,37.04333333,140.535
2025/4/7,12:08:25,岩手県内陸南部,39°03.3′N,140°52.8′E,8 km,3.5,震度１,39.055,140.88
2025/4/8,0:39:55,石川県能登地方,37°12.6′N,136°43.4′E,9 km,3,震度１,37.21,136.7233333
2025/4/8,9:08:32,熊本県天草・芦北地方,32°09.5′N,130°25.9′E,7 km,2.4,震度２,32.15833333,130.4316667
2025/4/8,13:54:02,熊本県天草・芦北地方,32°09.5′N,130°25.7′E,8 km,2.2,震度１,32.15833333,130.4283333
2025/4/8,19:26:12,愛知県西部,34°55.9′N,137°06.2′E,36 km,4.6,震度３,34.93166667,137.1033333
2025/4/9,0:26:36,与那国島近海,24°47.6′N,123°05.4′E,119 km,5.4,震度３,24.79333333,123.09
2025/4/9,4:40:58,千葉県東方沖,35°51.2′N,140°55.3′E,30 km,3.3,震度１,35.85333333,140.9216667
2025/4/9,5:46:50,茨城県沖,36°25.8′N,141°01.3′E,36 km,3.3,震度１,36.43,141.0216667
2025/4/9,6:10:48,能登半島沖,37°06.5′N,136°38.5′E,11 km,2.9,震度１,37.10833333,136.6416667
2025/4/9,9:10:17,岩手県沖,39°02.8′N,142°24.1′E,47 km,3.9,震度１,39.04666667,142.4016667
2025/4/9,15:21:56,小笠原諸島西方沖,27°59.0′N,139°54.7′E,513 km,4.7,震度１,27.98333333,139.9116667
2025/4/9,22:05:45,石川県西方沖,36°59.8′N,136°24.7′E,12 km,3.6,震度１,36.99666667,136.4116667
2025/4/10,8:33:21,岩手県沿岸南部,39°07.8′N,141°50.8′E,63 km,4.4,震度３,39.13,141.8466667
2025/4/10,10:13:10,福島県沖,37°01.0′N,141°09.0′E,49 km,4.2,震度２,37.01666667,141.15
2025/4/10,21:09:57,茨城県北部,36°29.0′N,140°32.1′E,58 km,3.4,震度１,36.48333333,140.535
2025/4/11,14:06:18,奄美大島北東沖,29°12.3′N,130°28.2′E,51 km,5,震度２,29.205,130.47
2025/4/11,14:41:26,奄美大島北東沖,29°11.0′N,130°30.2′E,24 km,4.3,震度１,29.18333333,130.5033333
2025/4/11,16:49:28,西表島付近,24°16.4′N,123°55.2′E,46 km,3.9,震度１,24.27333333,123.92
2025/4/11,18:06:48,伊予灘,33°23.2′N,131°50.1′E,65 km,3.3,震度１,33.38666667,131.835
2025/4/11,23:28:03,沖縄本島近海,26°19.4′N,127°19.3′E,53 km,3.2,震度１,26.32333333,127.3216667
2025/4/12,20:34:43,能登半島沖,37°32.8′N,137°13.5′E,12 km,3.6,震度２,37.54666667,137.225
2025/4/13,5:45:27,埼玉県南部,35°52.7′N,139°19.8′E,15 km,2.5,震度１,35.87833333,139.33
2025/4/13,18:13:32,千島列島,47°49.8′N,150°33.1′E,418 km,5.5,震度２,47.83,150.5516667
2025/4/14,5:38:08,大隅半島東方沖,31°01.7′N,131°34.8′E,37 km,4.2,震度２,31.02833333,131.58
2025/4/14,8:08:10,宮城県中部,38°29.1′N,141°29.1′E,70 km,3.6,震度１,38.485,141.485
2025/4/14,9:02:51,石川県能登地方,37°27.7′N,137°06.9′E,9 km,2.7,震度１,37.46166667,137.115
2025/4/14,9:47:08,青森県東方沖,41°25.5′N,141°47.1′E,67 km,3.3,震度１,41.425,141.785
2025/4/14,9:54:16,青森県津軽南部,40°27.7′N,140°12.1′E,8 km,4.1,震度２,40.46166667,140.2016667
2025/4/14,15:23:28,福島県会津,37°02.4′N,139°23.9′E,8 km,2.5,震度１,37.04,139.3983333
2025/4/14,19:53:39,福島県会津,37°02.2′N,139°23.8′E,8 km,2.2,震度１,37.03666667,139.3966667
2025/4/14,20:42:35,長野県中部,36°24.8′N,138°03.1′E,9 km,3.1,震度２,36.41333333,138.0516667
2025/4/15,1:49:19,石川県能登地方,37°11.4′N,136°50.0′E,10 km,2.8,震度１,37.19,136.8333333
2025/4/15,3:15:23,熊本県天草・芦北地方,32°09.3′N,130°26.1′E,8 km,1.9,震度１,32.155,130.435
2025/4/15,7:17:24,根室半島南東沖,43°06.3′N,146°00.7′E,64 km,4.3,震度２,43.105,146.0116667
2025/4/15,8:13:34,石川県西方沖,36°57.0′N,136°23.4′E,12 km,3.2,震度１,36.95,136.39
2025/4/15,16:37:56,岩手県沖,39°12.4′N,142°16.4′E,82 km,3.6,震度１,39.20666667,142.2733333
2025/4/15,18:42:47,北海道東方沖,43°31.1′N,147°22.7′E,58 km,4.7,震度１,43.51833333,147.3783333
2025/4/15,22:14:26,石川県西方沖,37°03.8′N,136°22.1′E,11 km,3.9,震度１,37.06333333,136.3683333
2025/4/16,11:18:19,トカラ列島近海,29°40.3′N,130°04.8′E,59 km,3.6,震度１,29.67166667,130.08
2025/4/17,1:47:22,石川県西方沖,36°57.4′N,136°22.4′E,12 km,3,震度１,36.95666667,136.3733333
2025/4/17,4:25:05,和歌山県北部,34°14.5′N,135°26.6′E,6 km,2.2,震度１,34.24166667,135.4433333
2025/4/17,5:33:29,和歌山県北部,34°13.0′N,135°14.5′E,3 km,2.6,震度１,34.21666667,135.2416667
2025/4/17,7:16:32,十勝地方南部,42°21.7′N,143°06.3′E,51 km,4.2,震度２,42.36166667,143.105
2025/4/17,16:05:32,福島県中通り,37°32.0′N,140°34.9′E,89 km,3.1,震度１,37.53333333,140.5816667
2025/4/18,5:10:09,西表島付近,24°24.4′N,123°47.1′E,12 km,4.3,震度３,24.40666667,123.785
2025/4/18,7:20:05,大分県中部,33°17.2′N,131°28.0′E,8 km,2.2,震度１,33.28666667,131.4666667
2025/4/18,7:21:02,大分県中部,33°17.3′N,131°27.8′E,8 km,2.5,震度１,33.28833333,131.4633333
2025/4/18,7:42:28,大分県中部,33°17.2′N,131°28.1′E,8 km,2.9,震度２,33.28666667,131.4683333
2025/4/18,7:46:18,大分県中部,33°17.1′N,131°28.0′E,8 km,2.7,震度２,33.285,131.4666667
2025/4/18,8:08:28,大分県中部,33°17.1′N,131°28.1′E,7 km,2.3,震度１,33.285,131.4683333
2025/4/18,8:57:33,大分県中部,33°17.1′N,131°28.1′E,8 km,3.7,震度３,33.285,131.4683333
2025/4/18,8:58:11,大分県中部,33°16.8′N,131°27.6′E,5 km,2.7,震度２,33.28,131.46
2025/4/18,9:00:52,大分県中部,33°17.0′N,131°27.9′E,7 km,1.9,震度１,33.28333333,131.465
2025/4/18,9:12:19,大分県中部,33°17.2′N,131°28.1′E,8 km,2.2,震度１,33.28666667,131.4683333
2025/4/18,9:19:42,大分県中部,33°17.2′N,131°27.3′E,8 km,2,震度１,33.28666667,131.455
2025/4/18,9:21:51,大分県中部,33°17.1′N,131°27.7′E,8 km,3.3,震度２,33.285,131.4616667
2025/4/18,12:53:39,大分県中部,33°17.0′N,131°28.1′E,8 km,2.3,震度１,33.28333333,131.4683333
2025/4/18,18:26:28,長野県北部,36°28.0′N,137°54.8′E,12 km,3,震度２,36.46666667,137.9133333
2025/4/18,18:49:54,長野県北部,36°28.0′N,137°54.8′E,11 km,2.4,震度１,36.46666667,137.9133333
2025/4/18,20:19:29,長野県北部,36°28.1′N,137°54.8′E,13 km,5.1,震度５弱,36.46833333,137.9133333
2025/4/18,20:20:17,長野県北部,36°27.8′N,137°54.7′E,12 km,3.7,震度２,36.46333333,137.9116667
2025/4/18,20:22:25,長野県北部,36°27.9′N,137°54.6′E,12 km,2.9,震度２,36.465,137.91
2025/4/18,20:24:54,長野県北部,36°28.7′N,137°54.4′E,13 km,2.6,震度１,36.47833333,137.9066667
2025/4/18,20:36:09,長野県北部,36°28.2′N,137°54.4′E,12 km,2.1,震度１,36.47,137.9066667
2025/4/18,20:40:12,長野県北部,36°27.9′N,137°54.8′E,12 km,2.5,震度１,36.465,137.9133333
2025/4/18,20:42:12,長野県北部,36°27.2′N,137°55.2′E,11 km,3.4,震度２,36.45333333,137.92
2025/4/18,20:54:28,長野県北部,36°28.6′N,137°54.1′E,12 km,2.6,震度１,36.47666667,137.9016667
2025/4/18,20:56:50,長野県北部,36°28.7′N,137°54.4′E,12 km,2.2,震度１,36.47833333,137.9066667
2025/4/18,21:07:52,長野県北部,36°27.0′N,137°55.1′E,11 km,2.5,震度１,36.45,137.9183333
2025/4/18,21:09:45,長野県北部,36°28.6′N,137°54.5′E,13 km,2.9,震度２,36.47666667,137.9083333
2025/4/18,21:17:25,長野県北部,36°28.1′N,137°54.7′E,12 km,2.5,震度１,36.46833333,137.9116667
2025/4/18,21:41:08,長野県北部,36°28.5′N,137°54.8′E,12 km,2.8,震度１,36.475,137.9133333
2025/4/18,22:19:54,長野県北部,36°27.2′N,137°54.9′E,12 km,2.7,震度１,36.45333333,137.915
2025/4/18,22:22:01,長野県北部,36°28.7′N,137°54.2′E,13 km,1.9,震度１,36.47833333,137.9033333
2025/4/18,22:29:07,長野県北部,36°28.9′N,137°54.5′E,12 km,2.8,震度１,36.48166667,137.9083333
2025/4/18,23:02:33,長野県北部,36°28.3′N,137°54.5′E,12 km,2,震度１,36.47166667,137.9083333
2025/4/18,23:12:23,長野県北部,36°28.7′N,137°54.5′E,13 km,2.4,震度１,36.47833333,137.9083333
2025/4/18,23:21:26,長野県北部,36°28.6′N,137°54.6′E,13 km,2.4,震度１,36.47666667,137.91
2025/4/18,23:23:25,長野県北部,36°28.4′N,137°54.6′E,13 km,2.4,震度１,36.47333333,137.91
2025/4/18,23:29:51,長野県北部,36°28.2′N,137°54.3′E,13 km,2.7,震度２,36.47,137.905
2025/4/18,23:39:47,長野県北部,36°27.7′N,137°54.5′E,13 km,4.5,震度４,36.46166667,137.9083333
2025/4/18,23:43:33,長野県北部,36°28.0′N,137°54.6′E,13 km,2.3,震度１,36.46666667,137.91
2025/4/19,0:07:59,長野県北部,36°27.7′N,137°55.2′E,11 km,3.8,震度３,36.46166667,137.92
2025/4/19,0:12:00,長野県北部,36°27.3′N,137°54.9′E,12 km,2.4,震度１,36.455,137.915
2025/4/19,0:13:56,長野県北部,36°27.6′N,137°55.5′E,11 km,2.2,震度１,36.46,137.925
2025/4/19,0:22:55,長野県北部,36°28.2′N,137°54.6′E,12 km,2.1,震度１,36.47,137.91
2025/4/19,0:50:25,父島近海,26°28.2′N,141°53.1′E,49 km,4,震度１,26.47,141.885
2025/4/19,1:02:37,長野県北部,36°28.8′N,137°54.2′E,12 km,4.3,震度４,36.48,137.9033333
2025/4/19,1:07:13,長野県北部,36°29.0′N,137°54.2′E,12 km,3.2,震度２,36.48333333,137.9033333
2025/4/19,1:12:11,長野県北部,36°29.1′N,137°54.4′E,12 km,1.9,震度１,36.485,137.9066667
2025/4/19,1:18:08,長野県北部,36°28.6′N,137°54.3′E,13 km,2.4,震度１,36.47666667,137.905
2025/4/19,1:30:52,長野県北部,36°28.7′N,137°54.3′E,12 km,2.7,震度１,36.47833333,137.905
2025/4/19,1:50:45,長野県北部,36°28.5′N,137°54.4′E,13 km,3,震度２,36.475,137.9066667
2025/4/19,1:52:12,長野県北部,36°27.7′N,137°55.6′E,11 km,2.7,震度１,36.46166667,137.9266667
2025/4/19,1:53:54,長野県北部,36°28.5′N,137°54.5′E,13 km,3.9,震度３,36.475,137.9083333
2025/4/19,1:55:58,長野県北部,36°27.8′N,137°55.6′E,11 km,2.5,震度１,36.46333333,137.9266667
2025/4/19,2:20:59,長野県北部,36°28.7′N,137°53.9′E,12 km,3.5,震度２,36.47833333,137.8983333
2025/4/19,2:24:39,長野県北部,36°29.0′N,137°54.2′E,12 km,3.1,震度２,36.48333333,137.9033333
2025/4/19,2:27:27,長野県北部,36°28.9′N,137°54.1′E,13 km,3.1,震度２,36.48166667,137.9016667
2025/4/19,2:30:10,長野県北部,36°29.2′N,137°54.3′E,12 km,2.3,震度１,36.48666667,137.905
2025/4/19,2:37:25,長野県北部,36°28.8′N,137°54.1′E,12 km,2.4,震度１,36.48,137.9016667
2025/4/19,2:41:25,長野県北部,36°28.9′N,137°54.3′E,12 km,3.3,震度３,36.48166667,137.905
2025/4/19,3:44:34,長野県北部,36°28.9′N,137°54.0′E,12 km,2.2,震度１,36.48166667,137.9
2025/4/19,4:41:22,長野県北部,36°28.8′N,137°54.2′E,12 km,2.5,震度１,36.48,137.9033333
2025/4/19,5:04:52,長野県北部,36°29.0′N,137°53.9′E,12 km,2.1,震度１,36.48333333,137.8983333
2025/4/19,5:07:57,長野県北部,36°29.0′N,137°54.1′E,12 km,2.1,震度１,36.48333333,137.9016667
2025/4/19,5:12:31,長野県北部,36°29.0′N,137°54.0′E,12 km,2.1,震度１,36.48333333,137.9
2025/4/19,6:08:52,十勝沖,41°59.2′N,144°20.8′E,21 km,4.3,震度１,41.98666667,144.3466667
2025/4/19,6:19:15,長野県北部,36°28.9′N,137°54.4′E,12 km,2.6,震度１,36.48166667,137.9066667
2025/4/19,6:47:36,長野県北部,36°28.0′N,137°54.7′E,12 km,2.5,震度１,36.46666667,137.9116667
2025/4/19,8:12:59,長野県北部,36°29.0′N,137°53.8′E,12 km,2.2,震度１,36.48333333,137.8966667
2025/4/19,9:37:07,長野県北部,36°28.8′N,137°54.3′E,12 km,2.2,震度１,36.48,137.905
2025/4/19,9:58:53,奄美大島近海,28°33.7′N,129°37.2′E,9 km,3.5,震度２,28.56166667,129.62
2025/4/19,12:24:55,長野県北部,36°28.7′N,137°54.1′E,13 km,3.3,震度２,36.47833333,137.9016667
2025/4/19,12:57:00,能登半島沖,37°33.6′N,137°13.4′E,13 km,3.8,震度２,37.56,137.2233333
2025/4/19,13:04:10,長野県北部,36°27.7′N,137°55.4′E,11 km,2.4,震度１,36.46166667,137.9233333
2025/4/19,20:12:25,長野県北部,36°27.3′N,137°55.5′E,9 km,2.2,震度１,36.455,137.925
2025/4/20,0:06:40,トカラ列島近海,29°34.3′N,129°41.6′E,4 km,2.7,震度２,29.57166667,129.6933333
2025/4/20,0:28:40,トカラ列島近海,29°34.5′N,129°40.0′E,6 km,2.4,震度１,29.575,129.6666667
2025/4/20,1:13:32,トカラ列島近海,29°34.2′N,129°40.3′E,5 km,2.3,震度１,29.57,129.6716667
2025/4/20,13:39:41,長野県北部,36°28.6′N,137°54.3′E,13 km,2.9,震度２,36.47666667,137.905
2025/4/20,13:42:00,長野県北部,36°28.7′N,137°54.2′E,13 km,1.9,震度１,36.47833333,137.9033333
2025/4/20,14:50:44,長野県北部,36°28.6′N,137°53.9′E,12 km,2.7,震度１,36.47666667,137.8983333
2025/4/20,15:11:04,千葉県北東部,35°34.4′N,140°20.5′E,75 km,4.3,震度２,35.57333333,140.3416667
2025/4/20,17:25:54,宮城県北部,38°53.2′N,141°40.2′E,68 km,3.2,震度１,38.88666667,141.67
2025/4/20,17:42:55,長野県北部,36°28.5′N,137°54.4′E,13 km,1.8,震度１,36.475,137.9066667
2025/4/20,18:57:06,長野県北部,36°28.9′N,137°54.2′E,12 km,2.6,震度１,36.48166667,137.9033333
2025/4/20,22:17:03,十勝地方南部,42°21.0′N,143°06.3′E,49 km,3.4,震度１,42.35,143.105
2025/4/21,13:11:17,長野県北部,36°28.3′N,137°54.2′E,13 km,2,震度１,36.47166667,137.9033333
2025/4/21,22:11:20,埼玉県南部,36°05.5′N,139°45.0′E,111 km,4.3,震度２,36.09166667,139.75
2025/4/21,22:41:33,長野県北部,36°27.2′N,137°55.5′E,11 km,2.6,震度１,36.45333333,137.925
2025/4/22,1:48:05,福島県沖,37°28.9′N,141°35.2′E,45 km,4.3,震度３,37.48166667,141.5866667
2025/4/22,3:23:48,十勝沖,41°48.5′N,143°16.8′E,35 km,4,震度２,41.80833333,143.28
2025/4/22,20:37:52,福島県沖,37°49.9′N,141°44.0′E,58 km,4,震度１,37.83166667,141.7333333
2025/4/23,7:01:40,熊本県熊本地方,32°44.7′N,130°40.1′E,11 km,2.2,震度１,32.745,130.6683333
2025/4/23,7:21:51,青森県東方沖,41°01.3′N,143°08.9′E,23 km,4.5,震度１,41.02166667,143.1483333
2025/4/23,15:35:27,石川県西方沖,36°56.6′N,136°22.7′E,11 km,3,震度１,36.94333333,136.3783333
2025/4/24,4:50:57,上川地方北部,44°48.0′N,142°08.9′E,0 km,2.1,震度１,44.8,142.1483333
2025/4/24,9:07:53,岩手県沖,40°22.2′N,141°53.8′E,62 km,4.4,震度３,40.37,141.8966667
2025/4/24,23:03:10,長野県北部,36°27.5′N,137°54.6′E,12 km,2.2,震度１,36.45833333,137.91
2025/4/25,1:15:50,宮城県沖,38°16.9′N,141°39.8′E,54 km,3.6,震度２,38.28166667,141.6633333
2025/4/25,4:55:50,日向灘,32°08.1′N,131°46.9′E,26 km,2.8,震度１,32.135,131.7816667
2025/4/25,7:58:44,福島県会津,36°58.5′N,139°22.6′E,4 km,1.6,震度１,36.975,139.3766667
2025/4/25,7:59:46,京都府南部,35°08.3′N,135°43.9′E,11 km,3.2,震度２,35.13833333,135.7316667
2025/4/25,21:51:43,大分県中部,33°17.1′N,131°27.5′E,7 km,1.9,震度１,33.285,131.4583333
2025/4/26,9:05:13,宮城県沖,38°29.0′N,142°07.6′E,42 km,4.1,震度１,38.48333333,142.1266667
2025/4/26,10:18:58,福島県沖,37°33.4′N,141°13.9′E,56 km,3.4,震度１,37.55666667,141.2316667
2025/4/26,10:46:42,熊本県熊本地方,32°35.3′N,130°38.1′E,11 km,2.7,震度１,32.58833333,130.635
2025/4/26,12:06:55,熊本県熊本地方,32°35.3′N,130°38.0′E,11 km,4.2,震度３,32.58833333,130.6333333
2025/4/26,18:35:18,和歌山県北部,33°52.9′N,135°23.1′E,51 km,3.5,震度１,33.88166667,135.385
2025/4/26,19:31:11,新潟県中越地方,37°19.9′N,138°43.5′E,23 km,3.2,震度２,37.33166667,138.725
2025/4/26,20:01:55,埼玉県北部,36°02.9′N,139°27.8′E,99 km,3.1,震度１,36.04833333,139.4633333
2025/4/27,8:03:36,長野県北部,36°27.4′N,137°54.7′E,11 km,2.6,震度１,36.45666667,137.9116667
2025/4/27,14:01:58,宮城県沖,38°10.1′N,141°41.9′E,52 km,3.9,震度１,38.16833333,141.6983333
2025/4/27,15:29:17,兵庫県南東部,34°47.8′N,134°50.9′E,8 km,2.4,震度１,34.79666667,134.8483333
2025/4/27,17:39:26,岩手県沖,39°38.4′N,142°07.4′E,49 km,3.8,震度１,39.64,142.1233333
2025/4/28,2:47:47,山形県庄内地方,38°56.7′N,140°00.1′E,17 km,3,震度１,38.945,140.0016667
2025/4/28,12:15:02,福島県会津,36°58.4′N,139°23.2′E,4 km,1.5,震度１,36.97333333,139.3866667
2025/4/28,15:37:26,浦河沖,41°53.9′N,142°29.2′E,62 km,4.2,震度２,41.89833333,142.4866667
2025/4/28,16:54:15,熊本県天草・芦北地方,32°30.1′N,130°33.4′E,11 km,3.8,震度２,32.50166667,130.5566667
2025/4/28,22:56:32,択捉島付近,44°15.6′N,147°03.0′E,100 km,4.3,震度１,44.26,147.05
2025/4/29,23:21:09,和歌山県北部,34°01.8′N,135°15.4′E,5 km,1.6,震度１,34.03,135.2566667
2025/4/30,2:30:30,宮城県沖,38°10.4′N,141°41.8′E,52 km,3.7,震度１,38.17333333,141.6966667
2025/4/30,7:15:49,沖縄本島近海,26°20.1′N,127°50.7′E,23 km,3.2,震度１,26.335,127.845
2025/4/30,10:03:39,宮城県沖,38°22.9′N,142°09.6′E,33 km,4.1,震度１,38.38166667,142.16
2025/4/30,10:31:42,紀伊水道,33°51.0′N,134°59.2′E,10 km,2.7,震度１,33.85,134.9866667
2025/5/1,4:27:14,岩手県沖,39°55.8′N,142°24.8′E,37 km,3.4,震度１,39.93,142.4133333
2025/5/1,7:35:40,奄美大島近海,28°50.4′N,129°56.5′E,29 km,3.5,震度１,28.84,129.9416667
2025/5/1,12:54:55,北海道南西沖,42°23.1′N,139°13.4′E,25 km,3.8,震度１,42.385,139.2233333
2025/5/2,10:44:45,大隅半島東方沖,31°06.0′N,131°27.7′E,28 km,4.1,震度１,31.1,131.4616667
2025/5/2,15:50:51,沖縄本島近海,26°33.9′N,127°55.3′E,12 km,3,震度１,26.565,127.9216667
2025/5/2,16:17:49,長野県北部,36°29.0′N,137°55.4′E,10 km,2.1,震度１,36.48333333,137.9233333
2025/5/2,16:32:09,和歌山県南部,33°36.9′N,135°25.6′E,37 km,2.9,震度１,33.615,135.4266667
2025/5/4,12:35:42,東京都２３区,35°41.2′N,139°47.1′E,82 km,4.1,震度２,35.68666667,139.785
2025/5/4,13:44:17,福島県会津,36°58.3′N,139°23.3′E,5 km,1.6,震度１,36.97166667,139.3883333
2025/5/4,16:38:57,福島県沖,37°32.2′N,141°21.7′E,53 km,3.7,震度１,37.53666667,141.3616667
2025/5/5,0:45:10,滋賀県北部,35°21.0′N,136°13.9′E,39 km,2.9,震度１,35.35,136.2316667
2025/5/5,1:34:52,茨城県沖,36°23.3′N,141°02.1′E,41 km,4.2,震度２,36.38833333,141.035
2025/5/5,2:03:58,熊本県天草・芦北地方,32°29.7′N,130°32.9′E,11 km,3,震度１,32.495,130.5483333
2025/5/5,6:26:03,紀伊水道,34°14.0′N,135°06.0′E,9 km,2.8,震度１,34.23333333,135.1
2025/5/5,17:05:39,三重県中部,34°39.3′N,136°29.7′E,19 km,2.8,震度１,34.655,136.495
2025/5/5,20:57:14,和歌山県北部,34°01.8′N,135°15.5′E,5 km,2.8,震度２,34.03,135.2583333
2025/5/6,15:16:43,和歌山県北部,34°01.8′N,135°15.4′E,5 km,1.8,震度１,34.03,135.2566667
2025/5/6,17:31:25,奄美大島近海,28°01.8′N,129°16.7′E,21 km,3.1,震度１,28.03,129.2783333
2025/5/6,18:06:05,熊本県天草・芦北地方,32°19.3′N,130°28.0′E,11 km,2.5,震度１,32.32166667,130.4666667
2025/5/6,18:22:13,宮城県沖,38°37.4′N,141°53.9′E,47 km,3.9,震度１,38.62333333,141.8983333
2025/5/6,20:36:12,福島県沖,37°27.6′N,141°33.1′E,46 km,3.6,震度１,37.46,141.5516667
2025/5/7,9:47:01,神奈川県西部,35°24.8′N,139°09.6′E,11 km,3.1,震度２,35.41333333,139.16
2025/5/7,11:15:23,種子島南東沖,29°55.6′N,131°23.5′E,30 km,4.4,震度１,29.92666667,131.3916667
2025/5/7,22:08:07,島根県西部,34°49.4′N,132°31.0′E,17 km,3,震度１,34.82333333,132.5166667
2025/5/8,0:06:55,熊本県球磨地方,32°13.7′N,130°36.9′E,5 km,2.3,震度１,32.22833333,130.615
2025/5/8,3:48:18,福島県沖,37°31.3′N,141°21.5′E,50 km,3.4,震度１,37.52166667,141.3583333
2025/5/8,21:21:11,福島県中通り,37°16.6′N,140°23.6′E,89 km,3.6,震度１,37.27666667,140.3933333
2025/5/9,12:24:04,十勝沖,41°41.5′N,143°28.4′E,42 km,4.3,震度２,41.69166667,143.4733333
2025/5/9,13:34:51,石川県西方沖,36°56.0′N,136°22.1′E,13 km,4.2,震度２,36.93333333,136.3683333
2025/5/9,20:26:22,紀伊水道,34°02.7′N,135°08.5′E,5 km,2.6,震度１,34.045,135.1416667
2025/5/10,20:45:15,トカラ列島近海,29°39.8′N,130°00.9′E,63 km,4.3,震度２,29.66333333,130.015
2025/5/10,21:43:40,青森県東方沖,40°55.2′N,141°32.9′E,113 km,3.9,震度１,40.92,141.5483333
2025/5/11,2:17:43,青森県西方沖,41°00.2′N,139°16.0′E,34 km,3.6,震度１,41.00333333,139.2666667
2025/5/11,7:15:34,宮城県沖,38°45.9′N,141°32.9′E,71 km,3.1,震度１,38.765,141.5483333
2025/5/11,9:48:43,和歌山県北部,34°01.8′N,135°15.5′E,5 km,2.1,震度１,34.03,135.2583333
2025/5/12,2:47:44,和歌山県北部,34°14.5′N,135°11.4′E,7 km,2.1,震度１,34.24166667,135.19
2025/5/12,6:04:00,土佐湾,33°27.7′N,133°32.3′E,30 km,3.4,震度１,33.46166667,133.5383333
2025/5/12,6:25:51,与那国島近海,24°43.5′N,122°26.5′E,37 km,4.6,震度１,24.725,122.4416667
2025/5/12,23:54:30,青森県東方沖,41°34.8′N,142°05.4′E,55 km,5.2,震度３,41.58,142.09
2025/5/13,6:33:35,胆振地方中東部,42°35.9′N,141°56.9′E,128 km,4.4,震度２,42.59833333,141.9483333
2025/5/13,8:33:35,茨城県南部,35°56.4′N,140°06.3′E,66 km,3.9,震度２,35.94,140.105
2025/5/13,10:37:03,福島県中通り,37°08.2′N,140°31.1′E,79 km,4.6,震度３,37.13666667,140.5183333
2025/5/14,1:44:10,宮城県沖,38°25.1′N,142°11.2′E,36 km,4,震度１,38.41833333,142.1866667
2025/5/14,1:52:36,小笠原諸島西方沖,27°23.8′N,140°22.6′E,457 km,5.7,震度２,27.39666667,140.3766667
2025/5/14,11:19:11,熊本県熊本地方,32°44.3′N,130°38.4′E,14 km,3.3,震度２,32.73833333,130.64
2025/5/14,12:41:19,熊本県熊本地方,32°44.3′N,130°38.5′E,14 km,2.4,震度１,32.73833333,130.6416667
2025/5/14,15:02:22,宮城県北部,38°56.1′N,140°52.8′E,7 km,2.7,震度１,38.935,140.88
2025/5/14,17:32:24,宮城県沖,38°20.5′N,142°09.6′E,38 km,4.2,震度２,38.34166667,142.16
2025/5/14,17:51:14,静岡県伊豆地方,35°02.9′N,139°06.7′E,8 km,2.9,震度２,35.04833333,139.1116667
2025/5/14,18:00:58,静岡県伊豆地方,35°02.9′N,139°06.5′E,8 km,2.2,震度１,35.04833333,139.1083333
2025/5/15,2:05:58,茨城県南部,36°06.7′N,139°59.2′E,48 km,3.4,震度２,36.11166667,139.9866667
2025/5/15,6:34:26,トカラ列島近海,29°25.0′N,129°29.1′E,16 km,3.3,震度２,29.41666667,129.485
2025/5/15,8:02:58,熊本県熊本地方,32°38.9′N,130°42.0′E,8 km,2,震度１,32.64833333,130.7
2025/5/15,9:04:04,トカラ列島近海,29°22.9′N,129°32.0′E,10 km,2.4,震度１,29.38166667,129.5333333
2025/5/15,9:45:17,石川県能登地方,37°27.1′N,137°07.8′E,11 km,3.2,震度１,37.45166667,137.13
2025/5/15,13:51:23,茨城県南部,36°06.6′N,139°59.1′E,47 km,2.8,震度１,36.11,139.985
2025/5/15,14:05:21,福島県中通り,37°05.9′N,140°38.4′E,8 km,4,震度２,37.09833333,140.64
2025/5/15,15:53:58,鹿児島県薩摩地方,32°11.2′N,130°10.2′E,12 km,2.2,震度１,32.18666667,130.17
2025/5/15,22:05:50,十勝地方中部,42°48.3′N,143°19.2′E,95 km,4.7,震度４,42.805,143.32
2025/5/16,22:04:03,福島県中通り,37°03.2′N,140°26.2′E,8 km,1.8,震度１,37.05333333,140.4366667
2025/5/16,22:15:29,釧路沖,42°52.7′N,144°32.6′E,55 km,4.2,震度２,42.87833333,144.5433333
2025/5/17,3:20:10,石川県西方沖,36°55.9′N,136°22.6′E,13 km,3.5,震度１,36.93166667,136.3766667
2025/5/17,8:52:03,新潟県中越地方,37°13.5′N,139°05.3′E,3 km,2.9,震度２,37.225,139.0883333
2025/5/17,10:39:08,奄美大島近海,28°13.9′N,129°28.6′E,34 km,3.7,震度１,28.23166667,129.4766667
2025/5/17,17:15:07,十勝地方南部,42°27.6′N,143°05.2′E,34 km,3.5,震度２,42.46,143.0866667
2025/5/17,18:31:12,青森県西方沖,40°41.0′N,139°51.1′E,9 km,2.5,震度１,40.68333333,139.8516667
2025/5/18,9:32:20,根室半島南東沖,42°59.7′N,146°36.0′E,40 km,4.5,震度２,42.995,146.6
2025/5/18,10:19:48,岩手県内陸北部,39°39.9′N,141°12.4′E,10 km,2.8,震度１,39.665,141.2066667
2025/5/18,10:43:05,千葉県北東部,35°52.2′N,140°30.6′E,38 km,2.9,震度１,35.87,140.51
2025/5/19,3:37:09,硫黄島近海,25°38.2′N,141°14.6′E,108 km,4.7,震度１,25.63666667,141.2433333
2025/5/19,12:14:41,福島県沖,37°10.8′N,141°18.8′E,7 km,4.7,震度２,37.18,141.3133333
2025/5/19,20:35:30,能登半島沖,37°08.8′N,136°40.1′E,6 km,2.1,震度１,37.14666667,136.6683333
2025/5/19,21:22:17,岩手県沖,39°44.6′N,142°15.4′E,21 km,3.5,震度１,39.74333333,142.2566667
2025/5/20,5:16:08,上川地方北部,44°50.6′N,142°06.7′E,3 km,2.1,震度１,44.84333333,142.1116667
2025/5/20,6:12:26,トカラ列島近海,29°23.2′N,129°31.0′E,10 km,2.4,震度１,29.38666667,129.5166667
2025/5/20,7:36:27,トカラ列島近海,29°11.3′N,129°17.5′E,12 km,2.5,震度１,29.18833333,129.2916667
2025/5/21,6:10:20,石川県能登地方,37°23.8′N,136°53.4′E,0 km,1.9,震度１,37.39666667,136.89
2025/5/21,9:19:18,三重県北部,34°55.8′N,136°33.0′E,39 km,3.2,震度１,34.93,136.55
2025/5/21,19:30:04,熊本県熊本地方,32°44.3′N,130°38.4′E,14 km,2.8,震度２,32.73833333,130.64
2025/5/21,20:49:42,和歌山県北部,34°11.3′N,135°35.7′E,72 km,3.6,震度１,34.18833333,135.595
2025/5/22,3:27:30,岩手県内陸北部,40°10.7′N,141°07.8′E,8 km,2.6,震度１,40.17833333,141.13
2025/5/22,15:33:04,沖縄本島近海,26°03.5′N,126°49.9′E,59 km,3.9,震度２,26.05833333,126.8316667
2025/5/23,3:46:49,山梨県中・西部,35°45.6′N,138°40.8′E,6 km,2.6,震度１,35.76,138.68
2025/5/23,6:28:01,浦河沖,41°51.2′N,142°41.0′E,53 km,5.4,震度４,41.85333333,142.6833333
2025/5/23,16:49:54,豊後水道,33°11.8′N,131°52.6′E,63 km,3.2,震度１,33.19666667,131.8766667
2025/5/23,23:44:28,茨城県沖,36°46.4′N,141°21.5′E,29 km,4.3,震度１,36.77333333,141.3583333
2025/5/24,7:40:07,沖縄本島近海,27°01.0′N,128°36.2′E,15 km,3.4,震度１,27.01666667,128.6033333
2025/5/24,21:07:45,栃木県北部,36°50.0′N,139°47.5′E,5 km,2.6,震度１,36.83333333,139.7916667
2025/5/25,0:23:24,長野県南部,35°54.6′N,137°37.7′E,8 km,2.5,震度１,35.91,137.6283333
2025/5/25,0:31:48,能登半島沖,37°09.8′N,136°40.5′E,3 km,1.5,震度１,37.16333333,136.675
2025/5/25,2:49:24,苫小牧沖,41°36.2′N,141°57.3′E,61 km,3.5,震度１,41.60333333,141.955
2025/5/26,9:56:15,宮城県沖,38°30.6′N,142°00.9′E,32 km,4.5,震度３,38.51,142.015
2025/5/26,14:41:38,秋田県沿岸北部,40°23.0′N,140°15.5′E,6 km,3,震度１,40.38333333,140.2583333
2025/5/26,17:47:45,十勝地方南部,42°19.9′N,143°04.2′E,50 km,5.3,震度４,42.33166667,143.07
2025/5/26,23:30:44,日高地方東部,42°19.4′N,143°03.5′E,51 km,4.4,震度２,42.32333333,143.0583333
2025/5/27,0:33:03,茨城県沖,36°07.4′N,141°00.7′E,46 km,4.2,震度２,36.12333333,141.0116667
2025/5/27,13:55:45,石川県西方沖,36°57.3′N,136°24.4′E,12 km,2.9,震度１,36.955,136.4066667
2025/5/27,21:23:50,青森県東方沖,41°33.8′N,142°06.4′E,54 km,4.2,震度２,41.56333333,142.1066667
2025/5/28,9:31:01,千葉県東方沖,35°48.6′N,140°53.9′E,12 km,3.3,震度１,35.81,140.8983333
2025/5/28,12:14:00,福島県会津,36°58.4′N,139°23.2′E,4 km,1.9,震度１,36.97333333,139.3866667
2025/5/28,15:49:13,福島県沖,37°01.1′N,140°59.4′E,92 km,3.6,震度１,37.01833333,140.99
2025/5/28,19:52:34,奄美大島近海,28°14.2′N,129°28.6′E,34 km,3.5,震度１,28.23666667,129.4766667
2025/5/29,3:27:18,福島県会津,37°01.5′N,139°22.8′E,8 km,2,震度１,37.025,139.38
2025/5/29,5:33:57,福島県会津,37°03.8′N,139°23.9′E,8 km,1.9,震度１,37.06333333,139.3983333
2025/5/29,6:15:19,福島県沖,37°04.7′N,141°11.4′E,50 km,3.7,震度１,37.07833333,141.19
2025/5/29,14:26:45,茨城県北部,36°29.0′N,140°31.4′E,58 km,3.2,震度１,36.48333333,140.5233333
2025/5/29,15:28:59,岐阜県飛騨地方,36°03.8′N,137°17.0′E,12 km,4.5,震度４,36.06333333,137.2833333
2025/5/29,16:21:54,岐阜県飛騨地方,36°03.6′N,137°17.2′E,12 km,3.7,震度２,36.06,137.2866667
2025/5/29,21:01:29,岐阜県飛騨地方,36°03.7′N,137°17.4′E,12 km,3.2,震度２,36.06166667,137.29
2025/5/29,21:16:06,岐阜県飛騨地方,36°03.7′N,137°17.4′E,12 km,3.1,震度１,36.06166667,137.29
2025/5/30,7:23:01,北海道東方沖,43°42.8′N,147°11.5′E,0 km,5.5,震度３,43.71333333,147.1916667
2025/5/31,1:47:20,宮城県沖,38°53.4′N,141°58.2′E,49 km,3.5,震度１,38.89,141.97
2025/5/31,4:22:05,青森県東方沖,41°34.8′N,142°06.2′E,54 km,3.8,震度１,41.58,142.1033333
2025/5/31,5:02:02,能登半島沖,37°06.2′N,136°36.8′E,9 km,3,震度３,37.10333333,136.6133333
2025/5/31,17:37:19,釧路沖,42°19.6′N,144°27.1′E,20 km,6,震度４,42.32666667,144.4516667
2025/5/31,17:43:59,釧路沖,42°19.8′N,144°29.5′E,20 km,4.1,震度１,42.33,144.4916667
2025/5/31,17:49:48,釧路沖,42°18.8′N,144°31.6′E,17 km,4.6,震度１,42.31333333,144.5266667
2025/5/31,17:56:38,釧路沖,42°20.0′N,144°27.9′E,20 km,4.1,震度１,42.33333333,144.465
2025/5/31,20:15:19,四国沖,33°30.5′N,134°51.7′E,35 km,3.8,震度２,33.50833333,134.8616667
2025/5/31,20:37:05,釧路沖,42°21.1′N,144°33.9′E,20 km,4.7,震度２,42.35166667,144.565
2025/5/31,21:29:01,釧路沖,42°19.0′N,144°27.9′E,17 km,4.7,震度１,42.31666667,144.465
2025/5/31,23:47:01,釧路沖,42°19.3′N,144°32.6′E,17 km,4.4,震度１,42.32166667,144.5433333
2025/6/1,1:56:36,宮城県沖,38°28.8′N,142°09.1′E,41 km,4.1,震度１,38.48,142.1516667
2025/6/1,6:47:49,兵庫県南東部,34°51.2′N,134°52.3′E,16 km,3.1,震度１,34.85333333,134.8716667
2025/6/1,8:07:16,青森県東方沖,40°44.5′N,142°08.5′E,54 km,3,震度１,40.74166667,142.1416667
2025/6/2,1:10:16,伊豆大島近海,34°48.5′N,139°12.7′E,10 km,2.2,震度１,34.80833333,139.2116667
2025/6/2,3:51:54,十勝沖,41°42.9′N,143°43.1′E,27 km,6.1,震度４,41.715,143.7183333
2025/6/2,4:08:34,十勝沖,41°45.3′N,143°39.3′E,28 km,4.6,震度２,41.755,143.655
2025/6/2,7:31:11,東京都多摩西部,35°48.4′N,139°06.3′E,9 km,2.7,震度１,35.80666667,139.105
2025/6/2,8:50:16,和歌山県南部,33°52.5′N,135°33.6′E,53 km,3.8,震度２,33.875,135.56
2025/6/2,9:56:35,茨城県北部,36°49.3′N,140°35.3′E,6 km,3.6,震度２,36.82166667,140.5883333
2025/6/2,11:31:18,宮城県沖,38°25.2′N,142°12.8′E,30 km,4.8,震度３,38.42,142.2133333
2025/6/2,12:16:37,茨城県南部,36°11.5′N,140°07.2′E,52 km,3.3,震度１,36.19166667,140.12
2025/6/2,15:46:08,福島県沖,37°51.0′N,141°44.4′E,62 km,4.5,震度２,37.85,141.74
2025/6/2,18:26:33,和歌山県南部,33°52.9′N,135°33.5′E,52 km,3.3,震度１,33.88166667,135.5583333
2025/6/3,4:46:56,茨城県南部,36°02.0′N,140°25.8′E,37 km,3.3,震度１,36.03333333,140.43
2025/6/3,5:00:10,岩手県内陸北部,39°51.2′N,140°59.5′E,4 km,3.1,震度２,39.85333333,140.9916667
2025/6/3,6:53:05,上川地方北部,44°23.2′N,142°24.4′E,0 km,2.2,震度１,44.38666667,142.4066667
2025/6/3,20:17:53,豊後水道,33°15.0′N,132°13.5′E,45 km,4.3,震度３,33.25,132.225
2025/6/3,22:18:27,十勝沖,41°44.8′N,143°37.6′E,33 km,5.2,震度３,41.74666667,143.6266667
2025/6/4,0:15:34,宮城県沖,38°01.3′N,141°51.4′E,56 km,4.1,震度１,38.02166667,141.8566667
2025/6/4,6:41:47,長野県南部,35°48.1′N,137°33.2′E,3 km,1,震度１,35.80166667,137.5533333
2025/6/5,4:55:19,釧路沖,42°21.6′N,144°33.9′E,21 km,4.5,震度２,42.36,144.565
2025/6/5,11:27:01,天草灘,32°20.5′N,129°45.2′E,14 km,3.4,震度１,32.34166667,129.7533333
2025/6/5,16:01:25,福島県沖,37°16.8′N,141°14.4′E,65 km,3.5,震度１,37.28,141.24
2025/6/5,19:02:48,沖縄本島近海,26°14.8′N,127°53.0′E,14 km,2.4,震度１,26.24666667,127.8833333
2025/6/5,23:51:26,福島県沖,37°45.7′N,141°43.2′E,63 km,4.6,震度３,37.76166667,141.72
2025/6/6,2:35:01,福島県会津,36°58.3′N,139°23.2′E,4 km,2.1,震度２,36.97166667,139.3866667
2025/6/6,3:00:37,沖縄本島近海,27°24.7′N,128°38.6′E,43 km,3.4,震度２,27.41166667,128.6433333
2025/6/6,4:17:55,有明海,32°47.7′N,130°32.5′E,11 km,2.6,震度１,32.795,130.5416667
2025/6/6,4:19:06,有明海,32°47.8′N,130°32.4′E,11 km,3,震度１,32.79666667,130.54
2025/6/6,13:48:01,石川県西方沖,37°06.2′N,136°25.8′E,10 km,4.3,震度２,37.10333333,136.43
2025/6/7,9:56:53,熊本県熊本地方,32°44.9′N,130°43.4′E,10 km,1.8,震度１,32.74833333,130.7233333
2025/6/7,12:40:32,安芸灘,33°55.8′N,132°29.0′E,46 km,3,震度１,33.93,132.4833333
2025/6/7,14:40:17,青森県東方沖,41°11.2′N,142°34.3′E,43 km,4.4,震度２,41.18666667,142.5716667
2025/6/7,22:51:42,浦河沖,41°52.6′N,143°02.6′E,38 km,3.3,震度１,41.87666667,143.0433333
2025/6/8,0:13:55,熊本県熊本地方,32°46.8′N,130°37.8′E,9 km,2.6,震度１,32.78,130.63
2025/6/8,1:16:33,長野県中部,36°11.1′N,137°40.1′E,6 km,2.8,震度１,36.185,137.6683333
2025/6/8,17:37:50,和歌山県北部,34°14.3′N,135°12.6′E,6 km,2,震度１,34.23833333,135.21
2025/6/8,18:58:02,茨城県北部,36°31.7′N,140°34.2′E,57 km,3.8,震度３,36.52833333,140.57
2025/6/9,3:18:42,福島県会津,36°57.7′N,139°22.9′E,4 km,1.6,震度１,36.96166667,139.3816667
2025/6/9,5:28:20,新島・神津島近海,34°30.9′N,139°12.9′E,11 km,2.8,震度２,34.515,139.215
2025/6/9,6:41:53,山口県北西沖,34°42.9′N,131°16.9′E,15 km,3.3,震度１,34.715,131.2816667
2025/6/9,8:15:17,千葉県北西部,35°39.4′N,140°12.1′E,68 km,3.1,震度１,35.65666667,140.2016667
2025/6/10,5:57:25,石川県能登地方,37°28.6′N,137°18.5′E,12 km,2.6,震度１,37.47666667,137.3083333
2025/6/10,12:56:05,石川県能登地方,37°20.4′N,136°59.4′E,12 km,2.6,震度１,37.34,136.99
2025/6/10,20:33:07,伊豆大島近海,34°33.0′N,139°25.2′E,14 km,3.2,震度１,34.55,139.42
2025/6/10,23:19:42,茨城県沖,36°13.8′N,140°59.8′E,40 km,3.4,震度１,36.23,140.9966667
2025/6/11,4:48:38,日向灘,32°01.3′N,132°06.9′E,20 km,3.7,震度２,32.02166667,132.115
2025/6/11,6:40:27,福井県嶺南,35°26.4′N,135°52.7′E,13 km,2.9,震度１,35.44,135.8783333
2025/6/11,14:44:25,石川県能登地方,37°30.8′N,137°17.8′E,9 km,2.6,震度１,37.51333333,137.2966667
2025/6/11,18:30:42,釧路沖,42°21.2′N,144°30.8′E,23 km,4.6,震度２,42.35333333,144.5133333
2025/6/11,19:44:43,茨城県沖,36°23.2′N,141°01.9′E,41 km,3.7,震度１,36.38666667,141.0316667
2025/6/11,20:00:28,台湾付近,23°22.6′N,121°35.2′E,38 km,6,震度２,23.37666667,121.5866667
2025/6/12,0:21:16,釧路沖,42°36.9′N,144°39.7′E,33 km,3.9,震度１,42.615,144.6616667
2025/6/12,6:46:45,熊本県熊本地方,32°45.7′N,130°42.2′E,11 km,2.7,震度２,32.76166667,130.7033333
2025/6/12,7:11:20,鹿児島県薩摩地方,31°48.6′N,130°17.4′E,8 km,3,震度２,31.81,130.29
2025/6/12,8:19:57,茨城県沖,36°25.9′N,140°42.1′E,52 km,3.3,震度１,36.43166667,140.7016667
2025/6/12,12:49:21,三重県南東沖,33°30.3′N,138°06.2′E,47 km,4.8,震度１,33.505,138.1033333
2025/6/13,3:02:25,岩手県沖,39°05.6′N,142°12.8′E,42 km,3.8,震度１,39.09333333,142.2133333
2025/6/13,7:00:10,熊本県天草・芦北地方,32°09.2′N,130°25.9′E,8 km,1.9,震度１,32.15333333,130.4316667
2025/6/13,15:18:29,千葉県北西部,35°40.0′N,140°04.2′E,75 km,4.2,震度２,35.66666667,140.07
2025/6/13,18:20:48,根室半島南東沖,43°23.8′N,146°12.1′E,90 km,3.8,震度１,43.39666667,146.2016667
2025/6/14,1:52:04,茨城県北部,36°47.0′N,140°33.5′E,7 km,3,震度１,36.78333333,140.5583333
2025/6/14,3:35:16,千島列島,45°36.1′N,153°04.6′E,30 km,6.2,震度１,45.60166667,153.0766667
2025/6/14,8:43:01,宮城県沖,38°32.4′N,141°44.0′E,52 km,3.6,震度１,38.54,141.7333333
2025/6/14,19:46:59,宮城県沖,38°27.5′N,142°08.5′E,41 km,5,震度２,38.45833333,142.1416667
2025/6/14,20:58:29,福井県嶺北,36°15.7′N,136°15.9′E,11 km,2.1,震度１,36.26166667,136.265
2025/6/16,11:23:22,茨城県北部,36°44.9′N,140°34.8′E,10 km,2.5,震度１,36.74833333,140.58
2025/6/16,11:42:01,宮城県沖,38°53.6′N,142°19.6′E,46 km,3.9,震度２,38.89333333,142.3266667
2025/6/16,18:56:58,十勝沖,42°26.6′N,144°08.9′E,60 km,3.8,震度１,42.44333333,144.1483333
2025/6/17,11:07:21,房総半島南方沖,34°30.3′N,140°18.8′E,105 km,4,震度１,34.505,140.3133333
2025/6/17,18:27:52,周防灘,33°55.6′N,131°46.6′E,13 km,3,震度１,33.92666667,131.7766667
2025/6/18,6:44:11,石川県能登地方,37°31.6′N,137°18.1′E,14 km,2.6,震度１,37.52666667,137.3016667
2025/6/18,8:27:42,福島県会津,36°58.4′N,139°23.5′E,4 km,1.9,震度１,36.97333333,139.3916667
2025/6/18,21:30:10,日向灘,32°04.8′N,131°55.8′E,25 km,4.7,震度２,32.08,131.93
2025/6/19,6:30:23,宮城県沖,38°51.8′N,141°39.8′E,66 km,3.1,震度１,38.86333333,141.6633333
2025/6/19,7:39:23,宮古島近海,24°54.3′N,125°25.2′E,28 km,3.8,震度１,24.905,125.42
2025/6/19,8:08:07,根室半島南東沖,42°54.7′N,146°30.7′E,25 km,6,震度４,42.91166667,146.5116667
2025/6/19,10:27:10,茨城県南部,36°05.9′N,139°59.3′E,46 km,3.2,震度１,36.09833333,139.9883333
2025/6/19,10:53:35,青森県東方沖,40°38.8′N,142°23.9′E,45 km,4.2,震度２,40.64666667,142.3983333
2025/6/19,11:35:25,根室半島南東沖,42°55.6′N,146°27.2′E,22 km,3.7,震度１,42.92666667,146.4533333
2025/6/19,16:37:04,三宅島近海,33°38.5′N,139°33.3′E,23 km,4.7,震度２,33.64166667,139.555
2025/6/19,17:46:00,奄美大島近海,28°13.4′N,129°29.3′E,33 km,4,震度２,28.22333333,129.4883333
2025/6/20,9:45:53,千葉県南東沖,34°46.4′N,140°31.9′E,57 km,4.2,震度１,34.77333333,140.5316667
2025/6/20,10:38:17,沖縄本島近海,26°25.6′N,126°50.9′E,14 km,2.6,震度１,26.42666667,126.8483333
2025/6/20,11:33:41,能登半島沖,37°31.7′N,137°12.2′E,14 km,3.3,震度１,37.52833333,137.2033333
2025/6/20,19:54:58,千葉県北西部,35°41.3′N,140°08.4′E,69 km,3.3,震度１,35.68833333,140.14
2025/6/21,1:37:15,根室半島南東沖,42°53.4′N,146°26.9′E,24 km,4.1,震度１,42.89,146.4483333
2025/6/21,5:32:41,伊予灘,33°31.8′N,132°09.5′E,50 km,3.1,震度１,33.53,132.1583333
2025/6/21,8:13:54,トカラ列島近海,29°18.1′N,129°22.9′E,20 km,2.5,震度１,29.30166667,129.3816667
2025/6/21,9:02:28,トカラ列島近海,29°18.6′N,129°22.1′E,21 km,3.2,震度２,29.31,129.3683333
2025/6/21,9:56:54,トカラ列島近海,29°18.4′N,129°22.5′E,20 km,3.4,震度１,29.30666667,129.375
2025/6/21,10:07:35,トカラ列島近海,29°17.7′N,129°22.8′E,19 km,2.6,震度１,29.295,129.38
2025/6/21,10:33:16,トカラ列島近海,29°18.2′N,129°22.9′E,20 km,3.4,震度１,29.30333333,129.3816667
2025/6/21,10:34:50,トカラ列島近海,29°18.2′N,129°22.1′E,19 km,2.6,震度１,29.30333333,129.3683333
2025/6/21,12:14:22,トカラ列島近海,29°18.2′N,129°22.5′E,18 km,2.4,震度１,29.30333333,129.375
2025/6/21,12:23:01,トカラ列島近海,29°18.3′N,129°22.4′E,19 km,2.8,震度１,29.305,129.3733333
2025/6/21,13:15:27,トカラ列島近海,29°18.6′N,129°22.0′E,21 km,3.1,震度１,29.31,129.3666667
2025/6/21,13:22:19,トカラ列島近海,29°18.9′N,129°21.2′E,21 km,2.8,震度１,29.315,129.3533333
2025/6/21,14:11:10,トカラ列島近海,29°18.5′N,129°22.2′E,21 km,2.8,震度１,29.30833333,129.37
2025/6/21,14:16:46,トカラ列島近海,29°18.0′N,129°22.9′E,20 km,2.5,震度１,29.3,129.3816667
2025/6/21,14:26:49,トカラ列島近海,29°17.7′N,129°24.0′E,16 km,2.4,震度１,29.295,129.4
2025/6/21,15:28:30,トカラ列島近海,29°18.0′N,129°23.8′E,17 km,2.8,震度１,29.3,129.3966667
2025/6/21,15:31:20,トカラ列島近海,29°18.3′N,129°22.9′E,19 km,2.8,震度１,29.305,129.3816667
2025/6/21,15:57:49,トカラ列島近海,29°18.1′N,129°23.0′E,20 km,2.8,震度１,29.30166667,129.3833333
2025/6/21,17:31:42,トカラ列島近海,29°17.3′N,129°24.8′E,16 km,2.7,震度１,29.28833333,129.4133333
2025/6/21,20:52:19,トカラ列島近海,29°17.6′N,129°22.3′E,17 km,2.6,震度１,29.29333333,129.3716667
2025/6/21,21:24:08,トカラ列島近海,29°17.7′N,129°22.3′E,19 km,2.3,震度１,29.295,129.3716667
2025/6/21,22:00:41,トカラ列島近海,29°18.0′N,129°22.9′E,19 km,2.8,震度１,29.3,129.3816667
2025/6/21,22:11:21,トカラ列島近海,29°18.2′N,129°23.5′E,17 km,2.8,震度１,29.30333333,129.3916667
2025/6/21,22:16:47,トカラ列島近海,29°17.4′N,129°24.8′E,16 km,2.8,震度１,29.29,129.4133333
2025/6/21,22:23:25,トカラ列島近海,29°19.1′N,129°22.8′E,20 km,2.8,震度２,29.31833333,129.38
2025/6/21,22:25:47,トカラ列島近海,29°17.5′N,129°28.5′E,13 km,2.5,震度１,29.29166667,129.475
2025/6/21,22:26:59,トカラ列島近海,29°18.8′N,129°22.4′E,16 km,2.5,震度１,29.31333333,129.3733333
2025/6/21,22:55:26,トカラ列島近海,29°18.5′N,129°24.5′E,17 km,2.2,震度１,29.30833333,129.4083333
2025/6/21,23:10:57,トカラ列島近海,29°17.4′N,129°24.7′E,17 km,4.3,震度３,29.29,129.4116667
2025/6/21,23:31:55,トカラ列島近海,29°17.2′N,129°24.6′E,20 km,4.1,震度３,29.28666667,129.41
2025/6/22,0:05:23,根室半島南東沖,42°53.5′N,146°37.2′E,22 km,5,震度２,42.89166667,146.62
2025/6/22,0:58:46,トカラ列島近海,29°18.3′N,129°23.4′E,18 km,2.7,震度１,29.305,129.39
2025/6/22,1:02:21,トカラ列島近海,29°19.5′N,129°17.0′E,27 km,2.5,震度１,29.325,129.2833333
2025/6/22,1:08:51,トカラ列島近海,29°18.5′N,129°22.5′E,16 km,2.8,震度１,29.30833333,129.375
2025/6/22,1:43:17,トカラ列島近海,29°18.7′N,129°22.2′E,19 km,2.9,震度１,29.31166667,129.37
2025/6/22,1:44:48,トカラ列島近海,29°17.4′N,129°27.4′E,8 km,2.6,震度１,29.29,129.4566667
2025/6/22,1:48:35,トカラ列島近海,29°16.4′N,129°25.6′E,11 km,3.1,震度２,29.27333333,129.4266667
2025/6/22,2:03:34,トカラ列島近海,29°18.4′N,129°20.4′E,21 km,2.4,震度１,29.30666667,129.34
2025/6/22,2:17:07,トカラ列島近海,29°18.5′N,129°22.3′E,17 km,2.6,震度１,29.30833333,129.3716667
2025/6/22,2:19:08,トカラ列島近海,29°18.8′N,129°22.2′E,21 km,3.6,震度２,29.31333333,129.37
2025/6/22,2:31:08,トカラ列島近海,29°18.1′N,129°24.4′E,17 km,3.4,震度２,29.30166667,129.4066667
2025/6/22,2:52:08,トカラ列島近海,29°19.1′N,129°22.8′E,20 km,4.5,震度３,29.31833333,129.38
2025/6/22,2:56:14,トカラ列島近海,29°18.4′N,129°21.7′E,21 km,2.8,震度１,29.30666667,129.3616667
2025/6/22,2:58:46,トカラ列島近海,29°19.3′N,129°23.5′E,18 km,2.9,震度２,29.32166667,129.3916667
2025/6/22,3:16:01,トカラ列島近海,29°16.0′N,129°21.8′E,17 km,2.9,震度１,29.26666667,129.3633333
2025/6/22,3:18:53,トカラ列島近海,29°17.9′N,129°23.1′E,16 km,2.8,震度１,29.29833333,129.385
2025/6/22,3:30:06,トカラ列島近海,29°16.8′N,129°26.1′E,12 km,2.6,震度１,29.28,129.435
2025/6/22,3:35:38,トカラ列島近海,29°18.5′N,129°14.8′E,24 km,2.9,震度１,29.30833333,129.2466667
2025/6/22,3:45:08,トカラ列島近海,29°15.5′N,129°19.9′E,17 km,3,震度１,29.25833333,129.3316667
2025/6/22,3:52:35,トカラ列島近海,29°16.2′N,129°20.5′E,16 km,3,震度１,29.27,129.3416667
2025/6/22,4:12:00,トカラ列島近海,29°17.1′N,129°24.0′E,15 km,3,震度１,29.285,129.4
2025/6/22,4:13:13,福島県沖,37°03.7′N,141°15.1′E,61 km,3.7,震度１,37.06166667,141.2516667
2025/6/22,4:13:15,トカラ列島近海,29°17.3′N,129°25.6′E,12 km,2.5,震度１,29.28833333,129.4266667
2025/6/22,4:18:35,トカラ列島近海,29°15.6′N,129°26.6′E,8 km,3.1,震度２,29.26,129.4433333
2025/6/22,4:21:07,トカラ列島近海,29°18.1′N,129°21.4′E,16 km,2.7,震度１,29.30166667,129.3566667
2025/6/22,4:31:28,トカラ列島近海,29°17.2′N,129°23.4′E,15 km,3.1,震度１,29.28666667,129.39
2025/6/22,4:37:07,トカラ列島近海,29°18.9′N,129°21.9′E,20 km,3.4,震度２,29.315,129.365
2025/6/22,4:38:05,トカラ列島近海,29°17.1′N,129°23.5′E,15 km,3.1,震度１,29.285,129.3916667
2025/6/22,4:57:48,トカラ列島近海,29°18.2′N,129°21.7′E,17 km,2.7,震度１,29.30333333,129.3616667
2025/6/22,5:08:54,トカラ列島近海,29°17.4′N,129°25.5′E,12 km,2.7,震度１,29.29,129.425
2025/6/22,5:24:36,トカラ列島近海,29°20.2′N,129°17.1′E,23 km,4.1,震度２,29.33666667,129.285
2025/6/22,5:25:41,トカラ列島近海,29°17.2′N,129°22.7′E,16 km,3.6,震度２,29.28666667,129.3783333
2025/6/22,5:31:52,伊豆大島近海,34°47.6′N,139°16.0′E,9 km,2.2,震度１,34.79333333,139.2666667
2025/6/22,5:32:58,トカラ列島近海,29°19.2′N,129°13.1′E,25 km,2.8,震度１,29.32,129.2183333
2025/6/22,5:37:48,鹿児島県薩摩地方,31°52.7′N,130°42.8′E,0 km,1.5,震度１,31.87833333,130.7133333
2025/6/22,5:39:57,伊豆大島近海,34°47.5′N,139°15.9′E,8 km,2.4,震度１,34.79166667,139.265
2025/6/22,5:45:13,トカラ列島近海,29°18.1′N,129°24.1′E,12 km,3.2,震度１,29.30166667,129.4016667
2025/6/22,5:48:58,トカラ列島近海,29°18.4′N,129°21.7′E,18 km,2.7,震度１,29.30666667,129.3616667
2025/6/22,5:53:15,トカラ列島近海,29°18.9′N,129°22.9′E,21 km,4.6,震度３,29.315,129.3816667
2025/6/22,6:04:08,トカラ列島近海,29°16.3′N,129°25.2′E,10 km,2.8,震度１,29.27166667,129.42
2025/6/22,6:11:39,トカラ列島近海,29°18.3′N,129°22.1′E,16 km,2.9,震度１,29.305,129.3683333
2025/6/22,6:23:20,根室半島南東沖,42°53.4′N,146°29.5′E,24 km,6,震度３,42.89,146.4916667
2025/6/22,6:25:43,根室半島南東沖,42°52.2′N,146°33.7′E,20 km,5.1,震度２,42.87,146.5616667
2025/6/22,6:28:03,トカラ列島近海,29°14.6′N,129°22.1′E,16 km,2.8,震度１,29.24333333,129.3683333
2025/6/22,6:30:59,トカラ列島近海,29°15.6′N,129°27.3′E,11 km,3,震度２,29.26,129.455
2025/6/22,6:35:56,トカラ列島近海,29°18.3′N,129°18.3′E,22 km,2.6,震度１,29.305,129.305
2025/6/22,6:40:00,トカラ列島近海,29°17.7′N,129°25.1′E,18 km,2.7,震度１,29.295,129.4183333
2025/6/22,6:53:47,根室半島南東沖,42°52.5′N,146°41.4′E,20 km,4.2,震度１,42.875,146.69
2025/6/22,7:23:16,トカラ列島近海,29°20.4′N,129°11.8′E,27 km,2.6,震度１,29.34,129.1966667
2025/6/22,7:27:25,トカラ列島近海,29°18.1′N,129°22.5′E,17 km,3.5,震度２,29.30166667,129.375
2025/6/22,8:34:48,トカラ列島近海,29°15.5′N,129°20.1′E,18 km,3.1,震度２,29.25833333,129.335
2025/6/22,9:15:42,トカラ列島近海,29°19.0′N,129°23.0′E,19 km,4.5,震度３,29.31666667,129.3833333
2025/6/22,9:18:49,トカラ列島近海,29°19.8′N,129°22.4′E,21 km,2.7,震度１,29.33,129.3733333
2025/6/22,9:44:24,トカラ列島近海,29°17.8′N,129°20.1′E,16 km,2.6,震度１,29.29666667,129.335
2025/6/22,9:58:43,トカラ列島近海,29°18.8′N,129°23.1′E,19 km,3.1,震度１,29.31333333,129.385
2025/6/22,10:04:28,トカラ列島近海,29°17.5′N,129°24.8′E,5 km,2.7,震度１,29.29166667,129.4133333
2025/6/22,10:18:13,トカラ列島近海,29°18.1′N,129°25.1′E,8 km,2.6,震度１,29.30166667,129.4183333
2025/6/22,10:25:42,トカラ列島近海,29°19.8′N,129°21.7′E,18 km,3.3,震度２,29.33,129.3616667
2025/6/22,10:32:05,トカラ列島近海,29°17.9′N,129°24.1′E,16 km,2.8,震度１,29.29833333,129.4016667
2025/6/22,10:35:07,トカラ列島近海,29°17.4′N,129°25.6′E,13 km,2.7,震度１,29.29,129.4266667
2025/6/22,10:37:19,トカラ列島近海,29°18.6′N,129°19.6′E,21 km,2.6,震度１,29.31,129.3266667
2025/6/22,11:06:12,トカラ列島近海,29°15.1′N,129°19.6′E,21 km,2.8,震度１,29.25166667,129.3266667
2025/6/22,11:11:09,根室半島南東沖,42°55.2′N,146°34.6′E,27 km,3.9,震度１,42.92,146.5766667
2025/6/22,11:19:14,トカラ列島近海,29°18.4′N,129°23.4′E,18 km,2.7,震度１,29.30666667,129.39
2025/6/22,11:35:57,トカラ列島近海,29°18.2′N,129°20.7′E,18 km,2.9,震度１,29.30333333,129.345
2025/6/22,11:39:59,トカラ列島近海,29°16.7′N,129°26.1′E,12 km,2.8,震度１,29.27833333,129.435
2025/6/22,11:55:23,トカラ列島近海,29°19.2′N,129°22.9′E,17 km,2.8,震度１,29.32,129.3816667
2025/6/22,11:58:31,トカラ列島近海,29°18.2′N,129°14.2′E,21 km,2.7,震度１,29.30333333,129.2366667
2025/6/22,12:10:10,トカラ列島近海,29°18.8′N,129°23.6′E,18 km,,震度１,29.31333333,129.3933333
2025/6/22,12:12:25,トカラ列島近海,29°19.0′N,129°22.9′E,19 km,4.5,震度４,29.31666667,129.3816667
2025/6/22,12:15:04,トカラ列島近海,29°13.9′N,129°24.5′E,19 km,3.1,震度２,29.23166667,129.4083333
2025/6/22,12:16:11,トカラ列島近海,29°18.6′N,129°21.9′E,17 km,3.2,震度１,29.31,129.365
2025/6/22,12:25:20,トカラ列島近海,29°17.5′N,129°25.8′E,13 km,3,震度１,29.29166667,129.43
2025/6/22,12:29:38,トカラ列島近海,29°17.0′N,129°24.9′E,15 km,2.8,震度１,29.28333333,129.415
2025/6/22,12:37:18,トカラ列島近海,29°18.8′N,129°20.3′E,20 km,4.4,震度３,29.31333333,129.3383333
2025/6/22,12:39:26,トカラ列島近海,29°15.6′N,129°26.8′E,1 km,,震度１,29.26,129.4466667
2025/6/22,12:40:00,トカラ列島近海,29°18.5′N,129°15.1′E,23 km,,震度１,29.30833333,129.2516667
2025/6/22,12:41:59,トカラ列島近海,29°19.0′N,129°22.3′E,20 km,3.1,震度２,29.31666667,129.3716667
2025/6/22,12:43:59,トカラ列島近海,29°18.5′N,129°17.6′E,23 km,3.7,震度３,29.30833333,129.2933333
2025/6/22,12:57:09,トカラ列島近海,29°19.4′N,129°22.0′E,18 km,3,震度２,29.32333333,129.3666667
2025/6/22,13:05:07,トカラ列島近海,29°18.7′N,129°23.1′E,19 km,2.9,震度２,29.31166667,129.385
2025/6/22,13:28:02,トカラ列島近海,29°18.3′N,129°23.4′E,14 km,2.4,震度１,29.305,129.39
2025/6/22,13:33:27,トカラ列島近海,29°17.2′N,129°24.8′E,12 km,2.9,震度１,29.28666667,129.4133333
2025/6/22,13:37:51,トカラ列島近海,29°19.8′N,129°20.7′E,18 km,4,震度２,29.33,129.345
2025/6/22,13:42:39,トカラ列島近海,29°18.2′N,129°22.8′E,18 km,2.9,震度１,29.30333333,129.38
2025/6/22,13:50:21,トカラ列島近海,29°18.0′N,129°13.2′E,23 km,3.5,震度２,29.3,129.22
2025/6/22,14:06:42,トカラ列島近海,29°18.8′N,129°21.4′E,18 km,3,震度２,29.31333333,129.3566667
2025/6/22,14:10:36,トカラ列島近海,29°18.0′N,129°22.4′E,17 km,2.9,震度２,29.3,129.3733333
2025/6/22,14:17:01,トカラ列島近海,29°20.5′N,129°20.2′E,21 km,3.3,震度２,29.34166667,129.3366667
2025/6/22,14:27:04,トカラ列島近海,29°17.6′N,129°23.0′E,19 km,4.2,震度２,29.29333333,129.3833333
2025/6/22,14:38:54,トカラ列島近海,29°18.9′N,129°16.1′E,23 km,2.9,震度１,29.315,129.2683333
2025/6/22,15:01:31,トカラ列島近海,29°18.5′N,129°21.8′E,17 km,2.5,震度１,29.30833333,129.3633333
2025/6/22,15:12:35,トカラ列島近海,29°19.4′N,129°20.7′E,20 km,2.6,震度１,29.32333333,129.345
2025/6/22,15:22:25,トカラ列島近海,29°20.7′N,129°18.2′E,27 km,2.4,震度１,29.345,129.3033333
2025/6/22,15:32:44,トカラ列島近海,29°20.1′N,129°16.5′E,24 km,2.9,震度１,29.335,129.275
2025/6/22,16:02:51,トカラ列島近海,29°18.5′N,129°24.9′E,18 km,3,震度１,29.30833333,129.415
2025/6/22,16:10:09,トカラ列島近海,29°18.0′N,129°21.2′E,19 km,3.3,震度２,29.3,129.3533333
2025/6/22,16:18:42,トカラ列島近海,29°19.2′N,129°22.3′E,19 km,2.5,震度１,29.32,129.3716667
2025/6/22,16:34:05,トカラ列島近海,29°18.6′N,129°20.4′E,19 km,2.9,震度２,29.31,129.34
2025/6/22,16:38:01,トカラ列島近海,29°18.3′N,129°20.9′E,20 km,2.3,震度１,29.305,129.3483333
2025/6/22,17:04:36,トカラ列島近海,29°17.4′N,129°20.6′E,20 km,2.9,震度１,29.29,129.3433333
2025/6/22,17:15:03,トカラ列島近海,29°21.3′N,129°17.0′E,24 km,5.1,震度４,29.355,129.2833333
2025/6/22,17:17:29,トカラ列島近海,29°19.2′N,129°18.5′E,15 km,3.8,震度２,29.32,129.3083333
2025/6/22,17:29:50,トカラ列島近海,29°19.3′N,129°12.8′E,24 km,4.1,震度２,29.32166667,129.2133333
2025/6/22,17:31:05,トカラ列島近海,29°17.0′N,129°20.0′E,17 km,3.4,震度２,29.28333333,129.3333333
2025/6/22,17:34:17,トカラ列島近海,29°16.7′N,129°19.6′E,21 km,2.9,震度１,29.27833333,129.3266667
2025/6/22,17:35:44,トカラ列島近海,29°16.5′N,129°24.3′E,12 km,3.2,震度２,29.275,129.405
2025/6/22,17:36:54,トカラ列島近海,29°16.6′N,129°22.7′E,13 km,2.4,震度１,29.27666667,129.3783333
2025/6/22,17:43:46,トカラ列島近海,29°16.5′N,129°20.1′E,14 km,3.2,震度１,29.275,129.335
2025/6/22,17:45:35,トカラ列島近海,29°16.2′N,129°19.9′E,13 km,3.7,震度２,29.27,129.3316667
2025/6/22,17:47:05,トカラ列島近海,29°15.5′N,129°19.8′E,20 km,2.7,震度１,29.25833333,129.33
2025/6/22,17:53:13,トカラ列島近海,29°19.7′N,129°18.1′E,22 km,2.5,震度１,29.32833333,129.3016667
2025/6/22,17:55:38,トカラ列島近海,29°17.5′N,129°19.3′E,12 km,3.1,震度１,29.29166667,129.3216667
2025/6/22,17:57:57,トカラ列島近海,29°19.7′N,129°18.3′E,21 km,3.8,震度２,29.32833333,129.305
2025/6/22,17:58:47,トカラ列島近海,29°16.6′N,129°22.0′E,15 km,3.7,震度３,29.27666667,129.3666667
2025/6/22,18:01:18,トカラ列島近海,29°14.3′N,129°24.3′E,16 km,3,震度１,29.23833333,129.405
2025/6/22,18:04:41,トカラ列島近海,29°21.8′N,129°24.0′E,26 km,2.4,震度１,29.36333333,129.4
2025/6/22,18:09:01,トカラ列島近海,29°18.0′N,129°20.8′E,19 km,2.4,震度１,29.3,129.3466667
2025/6/22,18:10:51,トカラ列島近海,29°18.3′N,129°19.5′E,8 km,3,震度２,29.305,129.325
2025/6/22,18:35:43,トカラ列島近海,29°16.3′N,129°25.0′E,13 km,2.3,震度１,29.27166667,129.4166667
2025/6/22,19:17:52,トカラ列島近海,29°17.8′N,129°24.2′E,15 km,2.6,震度１,29.29666667,129.4033333
2025/6/22,19:51:59,トカラ列島近海,29°20.2′N,129°20.9′E,17 km,3.5,震度２,29.33666667,129.3483333
2025/6/22,20:08:06,トカラ列島近海,29°19.8′N,129°11.4′E,14 km,4.1,震度３,29.33,129.19
2025/6/22,20:28:43,トカラ列島近海,29°16.7′N,129°23.4′E,14 km,2.5,震度１,29.27833333,129.39
2025/6/22,20:57:57,トカラ列島近海,29°15.5′N,129°09.4′E,11 km,1.7,震度１,29.25833333,129.1566667
2025/6/22,20:59:12,トカラ列島近海,29°13.8′N,129°10.2′E,12 km,2.2,震度１,29.23,129.17
2025/6/22,22:13:59,トカラ列島近海,29°16.0′N,129°19.2′E,19 km,3.3,震度２,29.26666667,129.32
2025/6/22,22:34:11,トカラ列島近海,29°19.0′N,129°22.5′E,20 km,3.1,震度２,29.31666667,129.375
2025/6/23,0:00:47,トカラ列島近海,29°19.0′N,129°23.0′E,19 km,4,震度２,29.31666667,129.3833333
2025/6/23,0:03:39,トカラ列島近海,29°18.7′N,129°23.1′E,19 km,2.7,震度１,29.31166667,129.385
2025/6/23,0:07:47,トカラ列島近海,29°18.6′N,129°23.9′E,18 km,3.3,震度２,29.31,129.3983333
2025/6/23,0:08:28,トカラ列島近海,29°20.1′N,129°15.7′E,27 km,2.9,震度１,29.335,129.2616667
2025/6/23,0:11:20,トカラ列島近海,29°17.6′N,129°20.7′E,24 km,2.7,震度２,29.29333333,129.345
2025/6/23,0:13:09,トカラ列島近海,29°18.5′N,129°23.5′E,19 km,2.7,震度１,29.30833333,129.3916667
2025/6/23,0:14:38,トカラ列島近海,29°21.1′N,129°22.0′E,18 km,2.4,震度１,29.35166667,129.3666667
2025/6/23,0:15:09,トカラ列島近海,29°18.3′N,129°26.1′E,12 km,3.6,震度４,29.305,129.435
2025/6/23,0:21:18,トカラ列島近海,29°18.1′N,129°24.4′E,17 km,2.5,震度１,29.30166667,129.4066667
2025/6/23,0:22:20,トカラ列島近海,29°17.3′N,129°25.3′E,17 km,3.7,震度２,29.28833333,129.4216667
2025/6/23,0:25:23,トカラ列島近海,29°19.2′N,129°24.8′E,19 km,2.6,震度１,29.32,129.4133333
2025/6/23,0:28:50,トカラ列島近海,29°19.8′N,129°19.5′E,19 km,2.4,震度１,29.33,129.325
2025/6/23,1:14:14,トカラ列島近海,29°18.6′N,129°22.7′E,20 km,2.9,震度１,29.31,129.3783333
2025/6/23,1:25:18,トカラ列島近海,29°18.7′N,129°24.2′E,18 km,2.3,震度１,29.31166667,129.4033333
2025/6/23,1:32:03,トカラ列島近海,29°18.6′N,129°24.0′E,19 km,3,震度１,29.31,129.4
2025/6/23,2:07:23,宮崎県南部平野部,31°40.1′N,131°19.2′E,51 km,3.5,震度１,31.66833333,131.32
2025/6/23,2:12:36,トカラ列島近海,29°19.4′N,129°22.4′E,23 km,2.4,震度１,29.32333333,129.3733333
2025/6/23,2:24:47,トカラ列島近海,29°18.7′N,129°25.6′E,16 km,2.9,震度１,29.31166667,129.4266667
2025/6/23,2:34:16,トカラ列島近海,29°19.2′N,129°23.3′E,19 km,3.9,震度２,29.32,129.3883333
2025/6/23,2:36:17,トカラ列島近海,29°17.3′N,129°26.3′E,10 km,3.4,震度２,29.28833333,129.4383333
2025/6/23,2:53:22,トカラ列島近海,29°18.9′N,129°23.4′E,19 km,3.1,震度２,29.315,129.39
2025/6/23,3:02:05,トカラ列島近海,29°19.7′N,129°23.6′E,20 km,2.8,震度１,29.32833333,129.3933333
2025/6/23,3:20:33,トカラ列島近海,29°18.1′N,129°24.4′E,18 km,3,震度２,29.30166667,129.4066667
2025/6/23,3:32:43,トカラ列島近海,29°17.2′N,129°23.7′E,20 km,4.4,震度３,29.28666667,129.395
2025/6/23,3:37:04,トカラ列島近海,29°20.0′N,129°20.2′E,18 km,2.6,震度１,29.33333333,129.3366667
2025/6/23,3:51:58,トカラ列島近海,29°18.4′N,129°23.6′E,18 km,2.8,震度１,29.30666667,129.3933333
2025/6/23,4:27:48,トカラ列島近海,29°17.2′N,129°28.7′E,18 km,3,震度１,29.28666667,129.4783333
2025/6/23,4:49:59,トカラ列島近海,29°18.2′N,129°24.6′E,14 km,3.2,震度１,29.30333333,129.41
2025/6/23,5:09:04,トカラ列島近海,29°18.7′N,129°24.7′E,15 km,2.9,震度２,29.31166667,129.4116667
2025/6/23,5:27:11,トカラ列島近海,29°17.8′N,129°21.8′E,18 km,3,震度１,29.29666667,129.3633333
2025/6/23,5:37:44,トカラ列島近海,29°17.6′N,129°24.0′E,16 km,2.6,震度１,29.29333333,129.4
2025/6/23,5:41:17,トカラ列島近海,29°18.3′N,129°23.5′E,17 km,3.8,震度２,29.305,129.3916667
2025/6/23,5:50:33,トカラ列島近海,29°17.7′N,129°24.7′E,15 km,2.6,震度１,29.295,129.4116667
2025/6/23,5:51:43,トカラ列島近海,29°17.1′N,129°23.2′E,15 km,2.9,震度１,29.285,129.3866667
2025/6/23,6:00:44,トカラ列島近海,29°18.4′N,129°20.7′E,20 km,2.7,震度１,29.30666667,129.345
2025/6/23,6:03:55,トカラ列島近海,29°18.0′N,129°24.6′E,13 km,2.8,震度１,29.3,129.41
2025/6/23,6:05:23,トカラ列島近海,29°19.4′N,129°21.8′E,20 km,2.8,震度１,29.32333333,129.3633333
2025/6/23,6:06:52,トカラ列島近海,29°18.6′N,129°23.5′E,16 km,3.6,震度３,29.31,129.3916667
2025/6/23,6:12:03,トカラ列島近海,29°17.4′N,129°25.9′E,12 km,3.2,震度２,29.29,129.4316667
2025/6/23,6:16:30,トカラ列島近海,29°17.5′N,129°23.6′E,14 km,2.4,震度１,29.29166667,129.3933333
2025/6/23,6:19:33,トカラ列島近海,29°17.9′N,129°25.2′E,10 km,3,震度１,29.29833333,129.42
2025/6/23,6:22:44,トカラ列島近海,29°18.0′N,129°24.6′E,15 km,4.3,震度３,29.3,129.41
2025/6/23,6:41:10,トカラ列島近海,29°18.4′N,129°24.4′E,15 km,3,震度１,29.30666667,129.4066667
2025/6/23,6:43:23,トカラ列島近海,29°17.4′N,129°26.2′E,16 km,3,震度２,29.29,129.4366667
2025/6/23,7:06:54,トカラ列島近海,29°18.8′N,129°20.2′E,19 km,3.4,震度２,29.31333333,129.3366667
2025/6/23,7:07:59,トカラ列島近海,29°19.3′N,129°19.0′E,23 km,3,震度２,29.32166667,129.3166667
2025/6/23,7:17:05,トカラ列島近海,29°18.1′N,129°25.5′E,14 km,2.8,震度１,29.30166667,129.425
2025/6/23,8:05:48,トカラ列島近海,29°18.5′N,129°24.3′E,19 km,3.4,震度２,29.30833333,129.405
2025/6/23,9:00:53,トカラ列島近海,29°19.4′N,129°19.7′E,19 km,2.8,震度１,29.32333333,129.3283333
2025/6/23,9:06:39,トカラ列島近海,29°18.7′N,129°23.5′E,18 km,4,震度２,29.31166667,129.3916667
2025/6/23,9:10:38,トカラ列島近海,29°18.9′N,129°25.9′E,12 km,2.8,震度１,29.315,129.4316667
2025/6/23,9:44:31,トカラ列島近海,29°18.0′N,129°22.3′E,17 km,2.8,震度１,29.3,129.3716667
2025/6/23,9:46:47,トカラ列島近海,29°17.3′N,129°26.1′E,14 km,2.8,震度１,29.28833333,129.435
2025/6/23,10:05:31,トカラ列島近海,29°16.9′N,129°25.0′E,4 km,3,震度１,29.28166667,129.4166667
2025/6/23,10:13:18,トカラ列島近海,29°17.0′N,129°20.0′E,20 km,4.5,震度３,29.28333333,129.3333333
2025/6/23,10:16:11,トカラ列島近海,29°18.7′N,129°21.8′E,15 km,3.7,震度２,29.31166667,129.3633333
2025/6/23,10:17:27,トカラ列島近海,29°16.0′N,129°20.1′E,20 km,2.8,震度１,29.26666667,129.335
2025/6/23,10:23:50,トカラ列島近海,29°18.8′N,129°20.6′E,20 km,3.1,震度２,29.31333333,129.3433333
2025/6/23,10:30:14,トカラ列島近海,29°18.2′N,129°24.0′E,19 km,2.5,震度１,29.30333333,129.4
2025/6/23,10:32:38,トカラ列島近海,29°22.1′N,129°20.0′E,18 km,2.1,震度１,29.36833333,129.3333333
2025/6/23,10:34:24,トカラ列島近海,29°18.9′N,129°19.8′E,19 km,2.8,震度１,29.315,129.33
2025/6/23,10:57:55,トカラ列島近海,29°18.2′N,129°19.7′E,21 km,2.5,震度１,29.30333333,129.3283333
2025/6/23,11:07:01,トカラ列島近海,29°18.5′N,129°23.3′E,17 km,3.5,震度２,29.30833333,129.3883333
2025/6/23,11:07:47,トカラ列島近海,29°18.5′N,129°23.8′E,12 km,4,震度２,29.30833333,129.3966667
2025/6/23,11:08:47,トカラ列島近海,29°18.2′N,129°22.0′E,16 km,3.3,震度２,29.30333333,129.3666667
2025/6/23,11:10:32,トカラ列島近海,29°19.0′N,129°24.5′E,20 km,3.4,震度３,29.31666667,129.4083333
2025/6/23,11:14:38,トカラ列島近海,29°15.4′N,129°25.5′E,15 km,2.5,震度１,29.25666667,129.425
2025/6/23,11:18:13,トカラ列島近海,29°19.2′N,129°20.8′E,19 km,3,震度１,29.32,129.3466667
2025/6/23,11:20:22,トカラ列島近海,29°18.8′N,129°21.0′E,21 km,3.1,震度１,29.31333333,129.35
2025/6/23,11:23:44,トカラ列島近海,29°19.0′N,129°19.7′E,17 km,2.6,震度１,29.31666667,129.3283333
2025/6/23,11:28:01,トカラ列島近海,29°17.3′N,129°23.2′E,15 km,2.5,震度１,29.28833333,129.3866667
2025/6/23,11:32:19,トカラ列島近海,29°18.6′N,129°23.0′E,18 km,3.1,震度２,29.31,129.3833333
2025/6/23,11:34:39,トカラ列島近海,29°18.9′N,129°22.5′E,18 km,2.5,震度１,29.315,129.375
2025/6/23,11:37:43,トカラ列島近海,29°18.6′N,129°21.8′E,19 km,2.7,震度１,29.31,129.3633333
2025/6/23,11:41:56,トカラ列島近海,29°18.3′N,129°24.1′E,18 km,2.8,震度１,29.305,129.4016667
2025/6/23,11:45:09,トカラ列島近海,29°12.0′N,129°09.5′E,14 km,2.5,震度２,29.2,129.1583333
2025/6/23,11:46:27,トカラ列島近海,29°13.2′N,129°11.9′E,11 km,2.6,震度２,29.22,129.1983333
2025/6/23,11:46:51,トカラ列島近海,29°19.1′N,129°18.9′E,11 km,3.3,震度２,29.31833333,129.315
2025/6/23,11:48:50,トカラ列島近海,29°18.2′N,129°21.2′E,18 km,2.5,震度２,29.30333333,129.3533333
2025/6/23,11:51:03,トカラ列島近海,29°18.4′N,129°21.0′E,19 km,2.7,震度１,29.30666667,129.35
2025/6/23,11:56:54,トカラ列島近海,29°14.1′N,129°08.9′E,13 km,2.7,震度１,29.235,129.1483333
2025/6/23,11:59:21,トカラ列島近海,29°16.0′N,129°05.5′E,7 km,2.7,震度１,29.26666667,129.0916667
2025/6/23,12:03:28,トカラ列島近海,29°19.1′N,129°22.5′E,19 km,2.8,震度１,29.31833333,129.375
2025/6/23,12:04:54,トカラ列島近海,29°13.9′N,129°08.6′E,14 km,3.1,震度２,29.23166667,129.1433333
2025/6/23,12:09:36,トカラ列島近海,29°13.2′N,129°14.5′E,10 km,,震度１,29.22,129.2416667
2025/6/23,12:12:09,トカラ列島近海,29°08.2′N,129°17.8′E,15 km,,震度１,29.13666667,129.2966667
2025/6/23,12:14:37,トカラ列島近海,29°13.3′N,129°12.0′E,13 km,2.5,震度３,29.22166667,129.2
2025/6/23,12:19:40,トカラ列島近海,29°15.1′N,129°26.5′E,2 km,2.9,震度１,29.25166667,129.4416667
2025/6/23,12:30:19,トカラ列島近海,29°18.0′N,129°18.5′E,21 km,2.8,震度１,29.3,129.3083333
2025/6/23,12:31:00,トカラ列島近海,29°18.7′N,129°27.3′E,4 km,,震度１,29.31166667,129.455
2025/6/23,12:33:00,トカラ列島近海,29°17.9′N,129°21.0′E,17 km,3.8,震度２,29.29833333,129.35
2025/6/23,12:36:42,トカラ列島近海,29°16.7′N,129°24.1′E,11 km,2.7,震度１,29.27833333,129.4016667
2025/6/23,12:45:09,トカラ列島近海,29°17.8′N,129°24.5′E,11 km,2.7,震度１,29.29666667,129.4083333
2025/6/23,12:48:15,トカラ列島近海,29°19.1′N,129°26.0′E,16 km,2.6,震度１,29.31833333,129.4333333
2025/6/23,13:01:41,トカラ列島近海,29°17.3′N,129°23.2′E,13 km,2.7,震度１,29.28833333,129.3866667
2025/6/23,13:19:23,トカラ列島近海,29°22.7′N,129°07.9′E,28 km,2.6,震度１,29.37833333,129.1316667
2025/6/23,13:24:26,トカラ列島近海,29°17.7′N,129°22.5′E,23 km,3.5,震度２,29.295,129.375
2025/6/23,13:25:32,トカラ列島近海,29°16.6′N,129°24.6′E,8 km,,震度１,29.27666667,129.41
2025/6/23,13:45:54,トカラ列島近海,29°19.3′N,129°21.8′E,20 km,3.5,震度２,29.32166667,129.3633333
2025/6/23,13:54:43,トカラ列島近海,29°17.7′N,129°23.8′E,11 km,2.6,震度１,29.295,129.3966667
2025/6/23,13:58:42,トカラ列島近海,29°15.2′N,129°26.2′E,7 km,2.6,震度１,29.25333333,129.4366667
2025/6/23,13:59:59,トカラ列島近海,29°19.0′N,129°14.9′E,24 km,2.9,震度１,29.31666667,129.2483333
2025/6/23,14:02:07,トカラ列島近海,29°19.6′N,129°11.5′E,26 km,2.7,震度１,29.32666667,129.1916667
2025/6/23,14:05:45,トカラ列島近海,29°19.1′N,129°22.6′E,19 km,2.8,震度１,29.31833333,129.3766667
2025/6/23,14:15:08,トカラ列島近海,29°21.3′N,129°08.5′E,27 km,2.8,震度１,29.355,129.1416667
2025/6/23,14:16:54,トカラ列島近海,29°18.5′N,129°20.5′E,19 km,2.9,震度１,29.30833333,129.3416667
2025/6/23,14:26:32,トカラ列島近海,29°17.7′N,129°24.2′E,14 km,2.6,震度１,29.295,129.4033333
2025/6/23,14:31:54,トカラ列島近海,29°19.8′N,129°13.1′E,27 km,2.8,震度１,29.33,129.2183333
2025/6/23,14:32:44,トカラ列島近海,29°16.7′N,129°24.8′E,0 km,2.9,震度１,29.27833333,129.4133333
2025/6/23,14:36:08,トカラ列島近海,29°18.5′N,129°17.9′E,20 km,3.2,震度１,29.30833333,129.2983333
2025/6/23,14:44:03,トカラ列島近海,29°18.5′N,129°18.7′E,20 km,2.9,震度２,29.30833333,129.3116667
2025/6/23,15:25:34,トカラ列島近海,29°18.5′N,129°17.1′E,22 km,2.9,震度１,29.30833333,129.285
2025/6/23,15:32:08,トカラ列島近海,29°19.5′N,129°18.6′E,18 km,2.4,震度１,29.325,129.31
2025/6/23,15:37:41,トカラ列島近海,29°15.8′N,129°15.7′E,23 km,2.7,震度１,29.26333333,129.2616667
2025/6/23,15:42:12,トカラ列島近海,29°18.5′N,129°19.1′E,19 km,2.9,震度２,29.30833333,129.3183333
2025/6/23,15:43:06,トカラ列島近海,29°16.1′N,129°20.5′E,16 km,3,震度１,29.26833333,129.3416667
2025/6/23,15:49:58,トカラ列島近海,29°18.1′N,129°20.9′E,19 km,2.9,震度１,29.30166667,129.3483333
2025/6/23,16:00:34,トカラ列島近海,29°18.6′N,129°17.3′E,21 km,3,震度１,29.31,129.2883333
2025/6/23,16:06:46,トカラ列島近海,29°17.7′N,129°21.1′E,16 km,2.7,震度１,29.295,129.3516667
2025/6/23,16:16:21,トカラ列島近海,29°21.3′N,129°14.6′E,18 km,2.8,震度１,29.355,129.2433333
2025/6/23,16:19:02,トカラ列島近海,29°17.6′N,129°22.5′E,15 km,3.6,震度２,29.29333333,129.375
2025/6/23,16:20:11,トカラ列島近海,29°16.2′N,129°14.9′E,25 km,,震度１,29.27,129.2483333
2025/6/23,16:26:41,トカラ列島近海,29°19.1′N,129°22.0′E,20 km,3.1,震度１,29.31833333,129.3666667
2025/6/23,16:36:34,トカラ列島近海,29°18.7′N,129°17.5′E,20 km,3.1,震度１,29.31166667,129.2916667
2025/6/23,16:40:23,トカラ列島近海,29°20.3′N,129°10.6′E,25 km,2.8,震度１,29.33833333,129.1766667
2025/6/23,16:41:33,トカラ列島近海,29°18.4′N,129°16.3′E,21 km,2.5,震度１,29.30666667,129.2716667
2025/6/23,16:46:17,トカラ列島近海,29°15.9′N,129°19.3′E,20 km,4.7,震度３,29.265,129.3216667
2025/6/23,16:48:15,トカラ列島近海,29°18.8′N,129°17.6′E,16 km,2.9,震度１,29.31333333,129.2933333
2025/6/23,16:50:58,トカラ列島近海,29°16.8′N,129°21.0′E,13 km,3.6,震度２,29.28,129.35
2025/6/23,16:56:32,トカラ列島近海,29°18.0′N,129°18.6′E,17 km,3.1,震度１,29.3,129.31
2025/6/23,17:02:19,トカラ列島近海,29°18.4′N,129°21.7′E,14 km,2.8,震度１,29.30666667,129.3616667
2025/6/23,17:02:32,トカラ列島近海,29°13.3′N,129°20.4′E,9 km,2.5,震度１,29.22166667,129.34
2025/6/23,17:09:59,トカラ列島近海,29°12.9′N,129°14.4′E,13 km,2.1,震度１,29.215,129.24
2025/6/23,17:11:10,トカラ列島近海,29°16.6′N,129°24.5′E,10 km,2.6,震度１,29.27666667,129.4083333
2025/6/23,17:12:02,トカラ列島近海,29°18.1′N,129°20.7′E,16 km,3.3,震度２,29.30166667,129.345
2025/6/23,17:28:01,トカラ列島近海,29°17.4′N,129°20.0′E,17 km,,震度１,29.29,129.3333333
2025/6/23,17:45:11,トカラ列島近海,29°12.0′N,129°16.2′E,14 km,3.3,震度２,29.2,129.27
2025/6/23,17:47:46,トカラ列島近海,29°16.1′N,129°26.2′E,3 km,2.5,震度１,29.26833333,129.4366667
2025/6/23,17:48:27,トカラ列島近海,29°12.1′N,129°14.2′E,15 km,3.3,震度２,29.20166667,129.2366667
2025/6/23,17:50:25,トカラ列島近海,29°11.8′N,129°15.4′E,11 km,2.4,震度１,29.19666667,129.2566667
2025/6/23,17:52:20,トカラ列島近海,29°19.0′N,129°26.6′E,15 km,2.7,震度２,29.31666667,129.4433333
2025/6/23,18:11:11,トカラ列島近海,29°18.1′N,129°20.1′E,18 km,3,震度１,29.30166667,129.335
2025/6/23,18:15:01,トカラ列島近海,29°17.6′N,129°21.0′E,18 km,2.6,震度１,29.29333333,129.35
2025/6/23,18:33:09,トカラ列島近海,29°18.2′N,129°20.5′E,6 km,,震度１,29.30333333,129.3416667
2025/6/23,18:34:53,トカラ列島近海,29°13.7′N,129°08.1′E,10 km,,震度１,29.22833333,129.135
2025/6/23,18:36:01,トカラ列島近海,29°18.3′N,129°21.3′E,19 km,2.8,震度１,29.305,129.355
2025/6/23,18:40:48,浦河沖,41°55.1′N,142°19.6′E,68 km,3.8,震度１,41.91833333,142.3266667
2025/6/23,19:09:34,トカラ列島近海,29°13.5′N,129°07.2′E,10 km,1.9,震度１,29.225,129.12
2025/6/23,19:14:40,トカラ列島近海,29°18.1′N,129°21.7′E,18 km,3.4,震度２,29.30166667,129.3616667
2025/6/23,19:37:05,トカラ列島近海,29°18.3′N,129°24.5′E,16 km,2.7,震度１,29.305,129.4083333
2025/6/23,20:05:39,トカラ列島近海,29°16.1′N,129°24.3′E,15 km,2.5,震度１,29.26833333,129.405
2025/6/23,20:13:26,トカラ列島近海,29°18.2′N,129°25.9′E,17 km,3.2,震度２,29.30333333,129.4316667
2025/6/23,20:19:43,トカラ列島近海,29°18.5′N,129°25.9′E,18 km,2.6,震度１,29.30833333,129.4316667
2025/6/23,20:33:02,トカラ列島近海,29°16.4′N,129°23.3′E,11 km,2.6,震度１,29.27333333,129.3883333
2025/6/23,20:50:11,トカラ列島近海,29°19.9′N,129°21.8′E,24 km,2.3,震度１,29.33166667,129.3633333
2025/6/23,21:05:35,トカラ列島近海,29°12.9′N,129°09.3′E,19 km,2.8,震度１,29.215,129.155
2025/6/23,21:09:29,トカラ列島近海,29°13.0′N,129°13.5′E,20 km,2.7,震度１,29.21666667,129.225
2025/6/23,21:40:59,トカラ列島近海,29°18.4′N,129°19.4′E,19 km,2.7,震度１,29.30666667,129.3233333
2025/6/23,22:03:42,トカラ列島近海,29°18.1′N,129°20.1′E,19 km,3.2,震度２,29.30166667,129.335
2025/6/23,22:10:45,トカラ列島近海,29°18.5′N,129°23.6′E,16 km,3,震度２,29.30833333,129.3933333
2025/6/23,22:20:13,トカラ列島近海,29°17.9′N,129°18.9′E,18 km,2.6,震度１,29.29833333,129.315
2025/6/23,22:23:16,トカラ列島近海,29°17.7′N,129°21.1′E,25 km,2.9,震度２,29.295,129.3516667
2025/6/23,22:28:12,トカラ列島近海,29°16.8′N,129°23.1′E,20 km,2.3,震度１,29.28,129.385
2025/6/23,22:31:00,トカラ列島近海,29°19.2′N,129°26.3′E,14 km,2.5,震度１,29.32,129.4383333
2025/6/23,22:35:54,トカラ列島近海,29°18.6′N,129°18.9′E,18 km,3,震度１,29.31,129.315
2025/6/23,22:39:47,トカラ列島近海,29°18.6′N,129°19.5′E,19 km,3.1,震度１,29.31,129.325
2025/6/23,22:40:49,トカラ列島近海,29°19.7′N,129°23.3′E,20 km,4,震度３,29.32833333,129.3883333
2025/6/23,22:45:22,トカラ列島近海,29°18.2′N,129°18.9′E,20 km,3.5,震度２,29.30333333,129.315
2025/6/23,22:52:45,トカラ列島近海,29°19.4′N,129°24.6′E,20 km,3.2,震度２,29.32333333,129.41
2025/6/23,23:05:54,トカラ列島近海,29°18.5′N,129°18.8′E,19 km,3.1,震度１,29.30833333,129.3133333
2025/6/23,23:07:30,トカラ列島近海,29°18.4′N,129°19.2′E,18 km,2.6,震度１,29.30666667,129.32
2025/6/23,23:11:13,トカラ列島近海,29°18.0′N,129°20.7′E,16 km,2.7,震度１,29.3,129.345
2025/6/23,23:17:53,トカラ列島近海,29°18.8′N,129°21.4′E,18 km,3.8,震度３,29.31333333,129.3566667
2025/6/23,23:20:06,トカラ列島近海,29°17.6′N,129°20.2′E,17 km,2.7,震度１,29.29333333,129.3366667
2025/6/23,23:20:38,トカラ列島近海,29°19.1′N,129°21.1′E,14 km,3.4,震度２,29.31833333,129.3516667
2025/6/23,23:25:39,トカラ列島近海,29°16.6′N,129°21.1′E,12 km,3,震度１,29.27666667,129.3516667
2025/6/23,23:27:40,トカラ列島近海,29°18.7′N,129°25.7′E,16 km,2.7,震度１,29.31166667,129.4283333
2025/6/23,23:36:19,トカラ列島近海,29°19.5′N,129°24.0′E,21 km,5,震度４,29.325,129.4
2025/6/23,23:46:56,トカラ列島近海,29°18.3′N,129°21.5′E,16 km,3.9,震度３,29.305,129.3583333
2025/6/23,23:47:52,トカラ列島近海,29°20.1′N,129°22.2′E,22 km,,震度２,29.335,129.37
2025/6/23,23:52:00,トカラ列島近海,29°18.9′N,129°27.5′E,14 km,2.5,震度１,29.315,129.4583333
2025/6/23,23:53:31,トカラ列島近海,29°19.1′N,129°20.3′E,17 km,2.7,震度１,29.31833333,129.3383333
2025/6/23,23:54:36,トカラ列島近海,29°18.2′N,129°20.4′E,17 km,2.7,震度１,29.30333333,129.34
2025/6/23,23:58:38,トカラ列島近海,29°19.4′N,129°26.3′E,16 km,2.3,震度１,29.32333333,129.4383333
2025/6/23,23:59:07,トカラ列島近海,29°17.2′N,129°28.8′E,9 km,1.8,震度１,29.28666667,129.48
2025/6/24,0:02:40,トカラ列島近海,29°13.5′N,129°12.5′E,13 km,2.7,震度１,29.225,129.2083333
2025/6/24,0:03:37,トカラ列島近海,29°16.2′N,129°07.6′E,11 km,2.7,震度２,29.27,129.1266667
2025/6/24,0:08:20,トカラ列島近海,29°20.0′N,129°24.6′E,20 km,4.1,震度３,29.33333333,129.41
2025/6/24,1:40:49,トカラ列島近海,29°19.1′N,129°19.6′E,22 km,2.6,震度１,29.31833333,129.3266667
2025/6/24,2:02:25,トカラ列島近海,29°18.5′N,129°20.2′E,19 km,3,震度２,29.30833333,129.3366667
2025/6/24,2:12:55,トカラ列島近海,29°18.5′N,129°21.4′E,19 km,2.8,震度１,29.30833333,129.3566667
2025/6/24,2:21:01,トカラ列島近海,29°21.1′N,129°19.5′E,14 km,3.3,震度２,29.35166667,129.325
2025/6/24,2:23:29,トカラ列島近海,29°17.4′N,129°23.0′E,9 km,4.9,震度４,29.29,129.3833333
2025/6/24,2:29:51,トカラ列島近海,29°18.9′N,129°24.5′E,16 km,2.5,震度１,29.315,129.4083333
2025/6/24,2:38:20,トカラ列島近海,29°18.5′N,129°19.9′E,18 km,3.1,震度２,29.30833333,129.3316667
2025/6/24,2:55:12,釧路沖,42°17.1′N,144°29.1′E,12 km,4.9,震度２,42.285,144.485
2025/6/24,5:32:26,トカラ列島近海,29°18.5′N,129°22.5′E,13 km,2.8,震度１,29.30833333,129.375
2025/6/24,5:44:36,岐阜県飛騨地方,36°17.4′N,137°06.2′E,4 km,2.2,震度１,36.29,137.1033333
2025/6/24,6:05:44,トカラ列島近海,29°19.5′N,129°24.2′E,15 km,2.2,震度１,29.325,129.4033333
2025/6/24,6:26:43,トカラ列島近海,29°18.0′N,129°22.1′E,15 km,2.4,震度１,29.3,129.3683333
2025/6/24,6:37:30,トカラ列島近海,29°18.5′N,129°20.7′E,20 km,3,震度１,29.30833333,129.345
2025/6/24,6:39:11,トカラ列島近海,29°17.9′N,129°21.5′E,18 km,3.1,震度２,29.29833333,129.3583333
2025/6/24,6:47:00,トカラ列島近海,29°17.5′N,129°22.7′E,16 km,3.3,震度２,29.29166667,129.3783333
2025/6/24,6:56:30,トカラ列島近海,29°19.2′N,129°15.0′E,24 km,3.4,震度２,29.32,129.25
2025/6/24,7:02:45,トカラ列島近海,29°17.9′N,129°17.7′E,22 km,2.8,震度２,29.29833333,129.295
2025/6/24,7:09:43,トカラ列島近海,29°14.7′N,129°27.5′E,13 km,2.6,震度１,29.245,129.4583333
2025/6/24,7:14:50,トカラ列島近海,29°16.4′N,129°23.5′E,15 km,2.4,震度１,29.27333333,129.3916667
2025/6/24,7:52:08,トカラ列島近海,29°15.8′N,129°25.4′E,12 km,2.3,震度１,29.26333333,129.4233333
2025/6/24,8:08:40,トカラ列島近海,29°19.1′N,129°13.8′E,24 km,3.2,震度１,29.31833333,129.23
2025/6/24,8:10:24,トカラ列島近海,29°15.2′N,129°26.6′E,8 km,2.3,震度１,29.25333333,129.4433333
2025/6/24,8:40:36,トカラ列島近海,29°18.4′N,129°17.5′E,19 km,3.6,震度２,29.30666667,129.2916667
2025/6/24,10:33:09,トカラ列島近海,29°17.8′N,129°20.4′E,18 km,2.5,震度１,29.29666667,129.34
2025/6/24,11:14:29,トカラ列島近海,29°19.8′N,129°22.2′E,21 km,3.2,震度１,29.33,129.37
2025/6/24,11:41:11,トカラ列島近海,29°17.5′N,129°22.1′E,16 km,2.8,震度１,29.29166667,129.3683333
2025/6/24,12:42:38,トカラ列島近海,29°18.8′N,129°19.6′E,20 km,3.4,震度２,29.31333333,129.3266667
2025/6/24,12:49:02,トカラ列島近海,29°18.8′N,129°21.2′E,18 km,3.2,震度２,29.31333333,129.3533333
2025/6/24,13:10:30,群馬県南部,36°36.6′N,139°27.9′E,8 km,2.6,震度１,36.61,139.465
2025/6/24,13:11:15,トカラ列島近海,29°19.2′N,129°21.0′E,17 km,2.7,震度１,29.32,129.35
2025/6/24,13:12:06,トカラ列島近海,29°22.8′N,129°19.2′E,24 km,2.4,震度１,29.38,129.32
2025/6/24,13:41:19,トカラ列島近海,29°18.9′N,129°21.0′E,15 km,2.6,震度１,29.315,129.35
2025/6/24,13:51:01,トカラ列島近海,29°18.7′N,129°21.6′E,18 km,3.3,震度２,29.31166667,129.36
2025/6/24,16:04:14,トカラ列島近海,29°18.8′N,129°22.7′E,18 km,5.1,震度４,29.31333333,129.3783333
2025/6/24,16:05:17,トカラ列島近海,29°17.6′N,129°20.4′E,19 km,,震度１,29.29333333,129.34
2025/6/24,16:06:16,トカラ列島近海,29°16.7′N,129°18.8′E,21 km,,震度１,29.27833333,129.3133333
2025/6/24,16:07:54,トカラ列島近海,29°18.5′N,129°20.5′E,20 km,3.1,震度１,29.30833333,129.3416667
2025/6/24,16:15:46,トカラ列島近海,29°18.1′N,129°25.9′E,14 km,3,震度１,29.30166667,129.4316667
2025/6/24,16:53:12,トカラ列島近海,29°17.0′N,129°24.1′E,16 km,2.6,震度１,29.28333333,129.4016667
2025/6/24,16:54:09,トカラ列島近海,29°17.2′N,129°17.4′E,19 km,3.9,震度２,29.28666667,129.29
2025/6/24,17:01:36,トカラ列島近海,29°17.4′N,129°18.8′E,19 km,3.1,震度２,29.29,129.3133333
2025/6/24,17:05:24,トカラ列島近海,29°17.2′N,129°19.1′E,19 km,2.7,震度１,29.28666667,129.3183333
2025/6/24,17:11:07,トカラ列島近海,29°19.2′N,129°18.1′E,18 km,2.6,震度１,29.32,129.3016667
2025/6/24,17:44:26,トカラ列島近海,29°19.0′N,129°25.5′E,15 km,2.5,震度１,29.31666667,129.425
2025/6/24,17:49:48,トカラ列島近海,29°18.4′N,129°22.9′E,20 km,3.1,震度２,29.30666667,129.3816667
2025/6/24,18:03:21,トカラ列島近海,29°17.1′N,129°17.1′E,0 km,,震度１,29.285,129.285
2025/6/24,18:33:15,トカラ列島近海,29°17.3′N,129°23.4′E,17 km,2.6,震度１,29.28833333,129.39
2025/6/24,18:35:44,トカラ列島近海,29°17.9′N,129°20.6′E,20 km,3.1,震度１,29.29833333,129.3433333
2025/6/24,18:44:04,トカラ列島近海,29°17.1′N,129°23.8′E,16 km,2.3,震度１,29.285,129.3966667
2025/6/24,19:12:10,トカラ列島近海,29°17.8′N,129°21.3′E,20 km,2.8,震度１,29.29666667,129.355
2025/6/24,19:27:36,トカラ列島近海,29°17.1′N,129°15.4′E,7 km,2.3,震度１,29.285,129.2566667
2025/6/24,19:58:20,トカラ列島近海,29°17.6′N,129°25.3′E,12 km,2.8,震度１,29.29333333,129.4216667
2025/6/24,20:02:33,トカラ列島近海,29°16.6′N,129°13.8′E,6 km,1.7,震度１,29.27666667,129.23
2025/6/24,20:18:17,トカラ列島近海,29°15.2′N,129°11.6′E,12 km,2.3,震度２,29.25333333,129.1933333
2025/6/24,20:49:51,トカラ列島近海,29°18.4′N,129°21.3′E,18 km,3.1,震度２,29.30666667,129.355
2025/6/24,21:11:09,トカラ列島近海,29°18.9′N,129°20.3′E,17 km,2.8,震度１,29.315,129.3383333
2025/6/24,21:13:53,トカラ列島近海,29°18.6′N,129°20.6′E,18 km,2.6,震度１,29.31,129.3433333
2025/6/24,21:30:46,トカラ列島近海,29°19.2′N,129°20.5′E,19 km,2.7,震度１,29.32,129.3416667
2025/6/24,21:32:27,トカラ列島近海,29°19.1′N,129°18.5′E,19 km,2.7,震度１,29.31833333,129.3083333
2025/6/24,21:38:18,トカラ列島近海,29°18.7′N,129°15.6′E,18 km,2.7,震度１,29.31166667,129.26
2025/6/24,21:39:55,トカラ列島近海,29°19.1′N,129°18.2′E,19 km,3.2,震度２,29.31833333,129.3033333
2025/6/24,22:03:34,トカラ列島近海,29°18.4′N,129°22.0′E,17 km,3.4,震度２,29.30666667,129.3666667
2025/6/24,22:15:05,トカラ列島近海,29°18.0′N,129°21.6′E,16 km,2.5,震度１,29.3,129.36
2025/6/24,22:29:22,トカラ列島近海,29°20.9′N,129°22.6′E,25 km,2.6,震度１,29.34833333,129.3766667
2025/6/24,22:30:35,トカラ列島近海,29°19.0′N,129°26.6′E,16 km,2.3,震度１,29.31666667,129.4433333
2025/6/24,23:43:44,トカラ列島近海,29°19.3′N,129°14.0′E,12 km,2,震度１,29.32166667,129.2333333
2025/6/24,23:44:39,トカラ列島近海,29°11.8′N,129°17.3′E,9 km,2.6,震度１,29.19666667,129.2883333
2025/6/24,23:45:59,トカラ列島近海,29°13.6′N,129°15.1′E,9 km,2.2,震度１,29.22666667,129.2516667
2025/6/25,0:11:22,トカラ列島近海,29°19.2′N,129°20.6′E,20 km,3.6,震度２,29.32,129.3433333
2025/6/25,0:26:08,トカラ列島近海,29°16.8′N,129°10.5′E,16 km,2,震度１,29.28,129.175
2025/6/25,0:40:54,トカラ列島近海,29°19.0′N,129°21.1′E,17 km,3.3,震度２,29.31666667,129.3516667
2025/6/25,1:06:38,トカラ列島近海,29°18.0′N,129°20.5′E,19 km,3.3,震度１,29.3,129.3416667
2025/6/25,1:08:24,トカラ列島近海,29°17.0′N,129°15.7′E,23 km,2.8,震度１,29.28333333,129.2616667
2025/6/25,1:34:09,トカラ列島近海,29°18.4′N,129°23.5′E,20 km,3.1,震度２,29.30666667,129.3916667
2025/6/25,1:58:21,トカラ列島近海,29°17.6′N,129°25.1′E,15 km,2.7,震度１,29.29333333,129.4183333
2025/6/25,2:30:57,トカラ列島近海,29°18.3′N,129°20.3′E,18 km,2.8,震度１,29.305,129.3383333
2025/6/25,3:40:30,トカラ列島近海,29°17.7′N,129°25.0′E,14 km,3.3,震度２,29.295,129.4166667
2025/6/25,3:59:42,トカラ列島近海,29°17.1′N,129°20.8′E,21 km,2.5,震度１,29.285,129.3466667
2025/6/25,4:04:43,トカラ列島近海,29°18.6′N,129°24.1′E,19 km,2.9,震度１,29.31,129.4016667
2025/6/25,4:29:25,トカラ列島近海,29°18.1′N,129°23.9′E,17 km,2.6,震度１,29.30166667,129.3983333
2025/6/25,5:05:49,トカラ列島近海,29°18.6′N,129°21.4′E,16 km,3.2,震度２,29.31,129.3566667
2025/6/25,5:49:47,トカラ列島近海,29°19.2′N,129°23.1′E,20 km,3.3,震度２,29.32,129.385
2025/6/25,6:36:33,トカラ列島近海,29°19.5′N,129°22.1′E,19 km,2.4,震度１,29.325,129.3683333
2025/6/25,6:48:48,トカラ列島近海,29°16.5′N,129°25.6′E,9 km,2.3,震度１,29.275,129.4266667
2025/6/25,7:04:25,トカラ列島近海,29°16.7′N,129°23.8′E,14 km,2.4,震度１,29.27833333,129.3966667
2025/6/25,7:09:22,トカラ列島近海,29°17.7′N,129°21.9′E,18 km,2.6,震度１,29.295,129.365
2025/6/25,7:21:31,トカラ列島近海,29°21.2′N,129°28.6′E,13 km,2.5,震度１,29.35333333,129.4766667
2025/6/25,8:03:50,トカラ列島近海,29°22.2′N,129°27.5′E,17 km,3,震度２,29.37,129.4583333
2025/6/25,8:28:24,トカラ列島近海,29°24.4′N,129°25.8′E,20 km,3.1,震度２,29.40666667,129.43
2025/6/25,11:05:28,福島県会津,36°58.7′N,139°23.3′E,5 km,2.7,震度２,36.97833333,139.3883333
2025/6/25,11:16:39,トカラ列島近海,29°17.4′N,129°25.7′E,13 km,2.7,震度１,29.29,129.4283333
2025/6/25,12:00:27,トカラ列島近海,29°17.2′N,129°28.8′E,7 km,2.2,震度１,29.28666667,129.48
2025/6/25,12:19:09,トカラ列島近海,29°17.9′N,129°26.8′E,8 km,2.8,震度２,29.29833333,129.4466667
2025/6/25,12:31:00,トカラ列島近海,29°17.9′N,129°25.1′E,16 km,2.9,震度１,29.29833333,129.4183333
2025/6/25,12:36:34,トカラ列島近海,29°17.5′N,129°24.7′E,16 km,2.8,震度１,29.29166667,129.4116667
2025/6/25,12:39:34,トカラ列島近海,29°18.9′N,129°19.5′E,23 km,3.1,震度１,29.315,129.325
2025/6/25,12:50:17,トカラ列島近海,29°18.9′N,129°21.9′E,20 km,2.8,震度１,29.315,129.365
2025/6/25,12:54:32,トカラ列島近海,29°14.5′N,129°29.0′E,6 km,2.6,震度１,29.24166667,129.4833333
2025/6/25,12:55:39,トカラ列島近海,29°16.2′N,129°24.9′E,13 km,2.6,震度１,29.27,129.415
2025/6/25,13:03:10,トカラ列島近海,29°18.7′N,129°22.3′E,20 km,3.2,震度２,29.31166667,129.3716667
2025/6/25,13:09:39,トカラ列島近海,29°18.1′N,129°23.4′E,18 km,2.4,震度１,29.30166667,129.39
2025/6/25,13:14:11,トカラ列島近海,29°18.7′N,129°22.1′E,21 km,3.5,震度２,29.31166667,129.3683333
2025/6/25,13:15:45,トカラ列島近海,29°20.5′N,129°17.1′E,24 km,2.5,震度１,29.34166667,129.285
2025/6/25,13:18:32,トカラ列島近海,29°15.5′N,129°12.0′E,10 km,2.1,震度１,29.25833333,129.2
2025/6/25,13:33:23,トカラ列島近海,29°18.4′N,129°20.7′E,21 km,2.7,震度１,29.30666667,129.345
2025/6/25,13:37:51,トカラ列島近海,29°17.4′N,129°23.9′E,17 km,2.7,震度１,29.29,129.3983333
2025/6/25,13:40:28,トカラ列島近海,29°17.3′N,129°22.7′E,21 km,2.5,震度１,29.28833333,129.3783333
2025/6/25,13:44:07,トカラ列島近海,29°17.9′N,129°24.8′E,16 km,3.1,震度２,29.29833333,129.4133333
2025/6/25,13:50:29,トカラ列島近海,29°17.8′N,129°24.6′E,17 km,2.7,震度１,29.29666667,129.41
2025/6/25,13:51:27,茨城県沖,36°26.0′N,140°38.7′E,54 km,4.2,震度４,36.43333333,140.645
2025/6/25,13:56:20,トカラ列島近海,29°18.0′N,129°22.3′E,21 km,2.6,震度１,29.3,129.3716667
2025/6/25,14:00:30,トカラ列島近海,29°18.0′N,129°23.6′E,20 km,2.5,震度１,29.3,129.3933333
2025/6/25,14:09:52,トカラ列島近海,29°19.1′N,129°22.2′E,18 km,2.4,震度１,29.31833333,129.37
2025/6/25,14:11:07,トカラ列島近海,29°18.0′N,129°24.7′E,17 km,3.1,震度１,29.3,129.4116667
2025/6/25,14:16:32,トカラ列島近海,29°18.9′N,129°23.9′E,18 km,3,震度２,29.315,129.3983333
2025/6/25,14:47:25,トカラ列島近海,29°18.6′N,129°23.7′E,21 km,4.4,震度３,29.31,129.395
2025/6/25,14:55:59,トカラ列島近海,29°17.0′N,129°26.5′E,14 km,2.4,震度１,29.28333333,129.4416667
2025/6/25,14:59:48,トカラ列島近海,29°18.3′N,129°24.1′E,20 km,3.6,震度２,29.305,129.4016667
2025/6/25,15:04:06,トカラ列島近海,29°17.9′N,129°25.0′E,19 km,2.8,震度１,29.29833333,129.4166667
2025/6/25,15:11:53,トカラ列島近海,29°18.6′N,129°23.9′E,17 km,3,震度２,29.31,129.3983333
2025/6/25,15:22:19,トカラ列島近海,29°19.0′N,129°23.3′E,18 km,2.9,震度１,29.31666667,129.3883333
2025/6/25,17:31:52,トカラ列島近海,29°17.4′N,129°23.9′E,24 km,2.7,震度１,29.29,129.3983333
2025/6/25,17:42:36,トカラ列島近海,29°19.5′N,129°25.8′E,17 km,2.7,震度１,29.325,129.43
2025/6/25,18:13:10,トカラ列島近海,29°17.4′N,129°25.3′E,22 km,3,震度１,29.29,129.4216667
2025/6/25,19:26:20,トカラ列島近海,29°21.7′N,129°28.4′E,15 km,2.5,震度１,29.36166667,129.4733333
2025/6/25,19:35:36,トカラ列島近海,29°13.7′N,129°08.4′E,13 km,3.3,震度３,29.22833333,129.14
2025/6/25,19:36:00,詳細不明,29°13.0′N,129°20.0′E,0 km,,震度１,29.21666667,129.3333333
2025/6/25,19:37:01,トカラ列島近海,29°15.0′N,129°06.7′E,12 km,3,震度３,29.25,129.1116667
2025/6/25,19:38:38,トカラ列島近海,29°14.7′N,129°06.3′E,10 km,,震度１,29.245,129.105
2025/6/25,19:39:13,トカラ列島近海,29°13.1′N,129°09.8′E,14 km,3.8,震度３,29.21833333,129.1633333
2025/6/25,19:40:00,詳細不明,29°13.0′N,129°20.0′E,0 km,,震度１,29.21666667,129.3333333
2025/6/25,19:43:12,トカラ列島近海,29°14.3′N,129°12.6′E,15 km,,震度１,29.23833333,129.21
2025/6/25,19:51:03,トカラ列島近海,29°14.1′N,129°11.4′E,10 km,1.7,震度１,29.235,129.19
2025/6/25,19:52:09,トカラ列島近海,29°14.2′N,129°10.7′E,11 km,2.1,震度１,29.23666667,129.1783333
2025/6/25,19:53:22,トカラ列島近海,29°15.7′N,129°10.5′E,11 km,2.3,震度１,29.26166667,129.175
2025/6/25,20:14:43,トカラ列島近海,29°20.2′N,129°24.9′E,20 km,2.5,震度１,29.33666667,129.415
2025/6/25,20:34:02,トカラ列島近海,29°18.4′N,129°23.6′E,22 km,3.8,震度２,29.30666667,129.3933333
2025/6/25,20:57:50,トカラ列島近海,29°13.6′N,129°14.6′E,11 km,1.7,震度１,29.22666667,129.2433333
2025/6/25,23:09:02,トカラ列島近海,29°18.6′N,129°22.0′E,21 km,2.8,震度１,29.31,129.3666667
2025/6/25,23:17:29,トカラ列島近海,29°17.9′N,129°23.4′E,20 km,3,震度１,29.29833333,129.39
2025/6/25,23:19:01,トカラ列島近海,29°17.8′N,129°23.7′E,18 km,2.7,震度１,29.29666667,129.395
2025/6/26,2:21:10,トカラ列島近海,29°17.0′N,129°08.2′E,11 km,3.2,震度２,29.28333333,129.1366667
2025/6/26,2:22:16,トカラ列島近海,29°23.2′N,129°26.1′E,23 km,,震度１,29.38666667,129.435
2025/6/26,4:19:15,トカラ列島近海,29°17.1′N,129°20.2′E,17 km,3.1,震度１,29.285,129.3366667
2025/6/26,6:00:00,トカラ列島近海,29°16.3′N,129°10.1′E,10 km,2.4,震度１,29.27166667,129.1683333
2025/6/26,6:13:21,トカラ列島近海,29°15.5′N,129°08.4′E,9 km,2.9,震度１,29.25833333,129.14
2025/6/26,6:23:25,トカラ列島近海,29°14.2′N,129°09.4′E,10 km,3.2,震度１,29.23666667,129.1566667
2025/6/26,6:27:47,トカラ列島近海,29°14.8′N,129°09.9′E,7 km,3.1,震度２,29.24666667,129.165
2025/6/26,6:28:45,トカラ列島近海,29°15.2′N,129°08.0′E,7 km,2.9,震度２,29.25333333,129.1333333
2025/6/26,7:05:53,トカラ列島近海,29°18.5′N,129°20.8′E,20 km,2.9,震度２,29.30833333,129.3466667
2025/6/26,7:20:41,トカラ列島近海,29°18.4′N,129°18.8′E,19 km,2.6,震度１,29.30666667,129.3133333
2025/6/26,8:37:51,トカラ列島近海,29°17.5′N,129°25.3′E,23 km,3.2,震度２,29.29166667,129.4216667
2025/6/26,9:10:47,トカラ列島近海,29°19.1′N,129°26.1′E,19 km,3.3,震度２,29.31833333,129.435
2025/6/26,10:42:45,山梨県中・西部,35°53.0′N,138°42.2′E,5 km,2.6,震度１,35.88333333,138.7033333
2025/6/26,10:48:54,トカラ列島近海,29°17.4′N,129°21.0′E,16 km,3.8,震度２,29.29,129.35
2025/6/26,14:18:05,トカラ列島近海,29°19.0′N,129°24.9′E,16 km,2.8,震度１,29.31666667,129.415
2025/6/26,19:58:16,トカラ列島近海,29°18.1′N,129°24.9′E,19 km,2.7,震度１,29.30166667,129.415
2025/6/27,2:32:33,トカラ列島近海,29°14.7′N,129°17.9′E,16 km,2.4,震度１,29.245,129.2983333
2025/6/27,6:07:17,トカラ列島近海,29°16.7′N,129°28.5′E,15 km,2.9,震度２,29.27833333,129.475
2025/6/27,6:30:09,トカラ列島近海,29°17.2′N,129°27.3′E,12 km,2.7,震度１,29.28666667,129.455
2025/6/27,8:00:48,トカラ列島近海,29°16.8′N,129°21.4′E,18 km,2.4,震度１,29.28,129.3566667
2025/6/27,8:15:37,トカラ列島近海,29°17.3′N,129°25.5′E,22 km,2.7,震度１,29.28833333,129.425
2025/6/27,8:56:00,茨城県北部,36°27.6′N,140°34.4′E,56 km,4.3,震度３,36.46,140.5733333
2025/6/27,9:04:14,トカラ列島近海,29°14.0′N,129°09.6′E,14 km,3.2,震度１,29.23333333,129.16
2025/6/27,11:31:12,トカラ列島近海,29°18.8′N,129°27.1′E,12 km,2.8,震度１,29.31333333,129.4516667
2025/6/27,12:38:34,トカラ列島近海,29°18.1′N,129°25.0′E,20 km,2.9,震度１,29.30166667,129.4166667
2025/6/27,13:04:47,秋田県内陸南部,39°28.7′N,140°25.6′E,10 km,2.4,震度１,39.47833333,140.4266667
2025/6/27,13:17:05,トカラ列島近海,29°20.2′N,129°23.0′E,20 km,4.8,震度３,29.33666667,129.3833333
2025/6/27,13:19:59,トカラ列島近海,29°21.4′N,129°15.1′E,28 km,,震度１,29.35666667,129.2516667
2025/6/27,13:59:27,トカラ列島近海,29°19.3′N,129°11.4′E,22 km,2.5,震度１,29.32166667,129.19
2025/6/27,15:00:12,トカラ列島近海,29°17.5′N,129°28.5′E,11 km,2.3,震度１,29.29166667,129.475
2025/6/27,18:44:43,釧路沖,42°53.7′N,145°32.0′E,38 km,4.2,震度２,42.895,145.5333333
2025/6/27,19:47:26,トカラ列島近海,29°16.5′N,129°11.1′E,13 km,2.9,震度１,29.275,129.185
2025/6/27,19:58:14,トカラ列島近海,29°18.8′N,129°25.1′E,14 km,2.6,震度１,29.31333333,129.4183333
2025/6/27,20:25:54,群馬県北部,36°41.4′N,139°18.6′E,7 km,3.2,震度２,36.69,139.31
2025/6/27,22:16:13,トカラ列島近海,29°18.0′N,129°18.5′E,20 km,2.6,震度１,29.3,129.3083333
2025/6/27,22:52:52,トカラ列島近海,29°17.3′N,129°25.7′E,22 km,3.9,震度２,29.28833333,129.4283333
2025/6/28,2:01:05,トカラ列島近海,29°18.7′N,129°25.1′E,21 km,2.7,震度１,29.31166667,129.4183333
2025/6/28,2:38:52,トカラ列島近海,29°18.8′N,129°25.4′E,20 km,2.6,震度１,29.31333333,129.4233333
2025/6/28,6:57:25,石川県能登地方,37°14.0′N,136°45.2′E,10 km,3.4,震度１,37.23333333,136.7533333
2025/6/28,8:55:49,トカラ列島近海,29°17.9′N,129°24.9′E,18 km,2.8,震度１,29.29833333,129.415
2025/6/28,9:01:30,トカラ列島近海,29°18.4′N,129°25.1′E,15 km,2.5,震度１,29.30666667,129.4183333
2025/6/28,9:04:57,トカラ列島近海,29°18.4′N,129°24.9′E,15 km,2.6,震度１,29.30666667,129.415
2025/6/28,9:07:37,トカラ列島近海,29°18.7′N,129°24.4′E,19 km,2.9,震度１,29.31166667,129.4066667
2025/6/28,9:15:15,トカラ列島近海,29°18.3′N,129°24.7′E,19 km,4.3,震度３,29.305,129.4116667
2025/6/28,9:22:49,トカラ列島近海,29°18.2′N,129°22.8′E,17 km,2.6,震度１,29.30333333,129.38
2025/6/28,9:28:58,トカラ列島近海,29°18.0′N,129°23.8′E,17 km,2.5,震度１,29.3,129.3966667
2025/6/28,9:31:18,トカラ列島近海,29°18.4′N,129°23.9′E,17 km,2.6,震度１,29.30666667,129.3983333
2025/6/28,9:43:31,トカラ列島近海,29°18.2′N,129°25.3′E,16 km,2.7,震度１,29.30333333,129.4216667
2025/6/28,9:53:00,トカラ列島近海,29°17.9′N,129°25.5′E,16 km,2.8,震度１,29.29833333,129.425
2025/6/28,9:55:31,トカラ列島近海,29°16.6′N,129°25.5′E,14 km,2.8,震度１,29.27666667,129.425
2025/6/28,10:18:15,トカラ列島近海,29°18.8′N,129°24.0′E,20 km,2.9,震度１,29.31333333,129.4
2025/6/28,10:20:11,トカラ列島近海,29°18.2′N,129°24.6′E,18 km,3,震度２,29.30333333,129.41
2025/6/28,10:31:06,トカラ列島近海,29°17.7′N,129°25.7′E,15 km,2.8,震度１,29.295,129.4283333
2025/6/28,10:47:40,トカラ列島近海,29°17.8′N,129°24.8′E,15 km,3,震度１,29.29666667,129.4133333
2025/6/28,11:12:50,トカラ列島近海,29°19.0′N,129°24.1′E,23 km,4.4,震度３,29.31666667,129.4016667
2025/6/28,11:43:06,トカラ列島近海,29°16.5′N,129°27.6′E,7 km,2.6,震度１,29.275,129.46
2025/6/28,11:51:01,トカラ列島近海,29°21.3′N,129°20.2′E,23 km,2.3,震度１,29.355,129.3366667
2025/6/28,11:54:11,トカラ列島近海,29°18.6′N,129°23.3′E,19 km,2.6,震度１,29.31,129.3883333
2025/6/28,13:00:51,トカラ列島近海,29°18.8′N,129°23.1′E,21 km,3.4,震度１,29.31333333,129.385
2025/6/28,13:52:09,トカラ列島近海,29°18.7′N,129°24.3′E,20 km,3.3,震度２,29.31166667,129.405
2025/6/28,13:54:36,トカラ列島近海,29°19.2′N,129°24.0′E,21 km,4.3,震度２,29.32,129.4
2025/6/28,14:27:25,トカラ列島近海,29°19.9′N,129°32.8′E,14 km,2.8,震度１,29.33166667,129.5466667
2025/6/28,14:45:32,トカラ列島近海,29°19.5′N,129°21.4′E,22 km,2.7,震度１,29.325,129.3566667
2025/6/28,15:11:48,愛知県西部,35°19.3′N,136°48.2′E,43 km,3.1,震度１,35.32166667,136.8033333
2025/6/28,15:11:50,トカラ列島近海,29°17.1′N,129°25.4′E,13 km,2.9,震度１,29.285,129.4233333
2025/6/28,16:43:40,新島・神津島近海,34°21.2′N,139°13.9′E,6 km,1.8,震度１,34.35333333,139.2316667
2025/6/28,18:43:00,トカラ列島近海,29°18.2′N,129°26.1′E,17 km,2.6,震度１,29.30333333,129.435
2025/6/28,18:51:09,トカラ列島近海,29°18.2′N,129°24.3′E,16 km,2.9,震度１,29.30333333,129.405
2025/6/28,18:58:49,トカラ列島近海,29°17.6′N,129°24.9′E,19 km,3.1,震度２,29.29333333,129.415
2025/6/28,19:09:31,トカラ列島近海,29°17.9′N,129°23.8′E,17 km,2.8,震度１,29.29833333,129.3966667
2025/6/28,19:22:58,トカラ列島近海,29°19.0′N,129°22.5′E,21 km,2.4,震度１,29.31666667,129.375
2025/6/28,22:13:37,トカラ列島近海,29°16.0′N,129°29.4′E,10 km,2.4,震度１,29.26666667,129.49
2025/6/28,23:31:10,トカラ列島近海,29°18.4′N,129°25.6′E,18 km,2.8,震度１,29.30666667,129.4266667
2025/6/29,0:41:20,トカラ列島近海,29°19.7′N,129°24.1′E,20 km,2.3,震度２,29.32833333,129.4016667
2025/6/29,4:13:39,トカラ列島近海,29°18.4′N,129°24.1′E,19 km,2.7,震度１,29.30666667,129.4016667
2025/6/29,5:46:26,トカラ列島近海,29°17.4′N,129°22.4′E,16 km,2.3,震度１,29.29,129.3733333
2025/6/29,6:48:02,トカラ列島近海,29°18.5′N,129°23.9′E,18 km,3.1,震度２,29.30833333,129.3983333
2025/6/29,8:15:19,根室半島南東沖,42°44.4′N,146°41.6′E,24 km,4.5,震度１,42.74,146.6933333
2025/6/29,8:25:19,岐阜県飛騨地方,36°17.4′N,137°06.0′E,4 km,2.4,震度１,36.29,137.1
2025/6/29,9:25:36,トカラ列島近海,29°18.3′N,129°24.9′E,19 km,2.4,震度１,29.305,129.415
2025/6/29,9:38:07,トカラ列島近海,29°19.4′N,129°24.3′E,16 km,2.5,震度１,29.32333333,129.405
2025/6/29,9:46:00,トカラ列島近海,29°18.7′N,129°21.0′E,18 km,3.1,震度２,29.31166667,129.35
2025/6/29,9:59:41,島根県東部,35°20.8′N,133°16.4′E,10 km,4.1,震度３,35.34666667,133.2733333
2025/6/29,10:02:20,トカラ列島近海,29°18.3′N,129°25.2′E,19 km,2.6,震度１,29.305,129.42
2025/6/29,10:07:36,トカラ列島近海,29°18.4′N,129°24.8′E,20 km,3.1,震度２,29.30666667,129.4133333
2025/6/29,10:10:31,トカラ列島近海,29°18.4′N,129°24.7′E,20 km,3.1,震度２,29.30666667,129.4116667
2025/6/29,10:12:18,トカラ列島近海,29°17.7′N,129°27.3′E,12 km,3.5,震度２,29.295,129.455
2025/6/29,10:13:58,トカラ列島近海,29°18.9′N,129°24.6′E,22 km,4.8,震度３,29.315,129.41
2025/6/29,10:15:25,トカラ列島近海,29°19.8′N,129°24.1′E,20 km,5.4,震度４,29.33,129.4016667
2025/6/29,10:18:29,トカラ列島近海,29°22.8′N,129°24.4′E,25 km,3.9,震度３,29.38,129.4066667
2025/6/29,10:19:55,トカラ列島近海,29°20.1′N,129°21.1′E,26 km,3.5,震度２,29.335,129.3516667
2025/6/29,10:22:42,トカラ列島近海,29°15.1′N,129°24.3′E,15 km,2.4,震度１,29.25166667,129.405
2025/6/29,10:28:58,トカラ列島近海,29°20.5′N,129°22.6′E,26 km,3.9,震度３,29.34166667,129.3766667
2025/6/29,10:33:53,トカラ列島近海,29°20.0′N,129°20.2′E,26 km,2.7,震度１,29.33333333,129.3366667
2025/6/29,10:43:20,トカラ列島近海,29°19.5′N,129°25.9′E,16 km,2.2,震度１,29.325,129.4316667
2025/6/29,10:48:25,トカラ列島近海,29°19.2′N,129°24.2′E,20 km,3.2,震度１,29.32,129.4033333
2025/6/29,11:29:28,トカラ列島近海,29°17.5′N,129°27.8′E,19 km,3,震度１,29.29166667,129.4633333
2025/6/29,11:32:00,トカラ列島近海,29°20.9′N,129°26.2′E,11 km,2.6,震度１,29.34833333,129.4366667
2025/6/29,11:36:22,トカラ列島近海,29°20.0′N,129°24.9′E,23 km,4.5,震度３,29.33333333,129.415
2025/6/29,11:45:38,トカラ列島近海,29°19.6′N,129°24.1′E,17 km,2.3,震度１,29.32666667,129.4016667
2025/6/29,11:55:25,トカラ列島近海,29°18.0′N,129°26.8′E,20 km,2.5,震度１,29.3,129.4466667
2025/6/29,11:58:57,トカラ列島近海,29°19.0′N,129°26.5′E,22 km,2.7,震度１,29.31666667,129.4416667
2025/6/29,12:18:07,トカラ列島近海,29°19.4′N,129°25.9′E,22 km,3.1,震度２,29.32333333,129.4316667
2025/6/29,12:30:19,トカラ列島近海,29°19.0′N,129°25.0′E,20 km,2.5,震度１,29.31666667,129.4166667
2025/6/29,12:35:42,トカラ列島近海,29°20.6′N,129°23.2′E,24 km,2.4,震度１,29.34333333,129.3866667
2025/6/29,12:40:47,トカラ列島近海,29°15.9′N,129°13.2′E,11 km,2.7,震度２,29.265,129.22
2025/6/29,12:42:32,トカラ列島近海,29°12.2′N,129°20.3′E,27 km,2.6,震度１,29.20333333,129.3383333
2025/6/29,12:45:28,トカラ列島近海,29°20.9′N,129°22.0′E,24 km,3.1,震度２,29.34833333,129.3666667
2025/6/29,12:48:40,トカラ列島近海,29°15.0′N,129°12.2′E,12 km,2.5,震度１,29.25,129.2033333
2025/6/29,12:51:44,トカラ列島近海,29°21.4′N,129°22.6′E,23 km,2.5,震度１,29.35666667,129.3766667
2025/6/29,12:58:17,トカラ列島近海,29°20.0′N,129°24.3′E,24 km,3,震度２,29.33333333,129.405
2025/6/29,13:00:48,トカラ列島近海,29°18.2′N,129°27.9′E,15 km,2.4,震度１,29.30333333,129.465
2025/6/29,13:03:00,トカラ列島近海,29°18.1′N,129°22.8′E,21 km,2.5,震度１,29.30166667,129.38
2025/6/29,13:13:50,トカラ列島近海,29°18.9′N,129°26.7′E,19 km,2.6,震度１,29.315,129.445
2025/6/29,13:14:19,島根県東部,35°21.0′N,133°16.3′E,9 km,2.5,震度１,35.35,133.2716667
2025/6/29,13:17:43,トカラ列島近海,29°19.0′N,129°25.8′E,20 km,2.5,震度１,29.31666667,129.43
2025/6/29,13:19:58,トカラ列島近海,29°19.1′N,129°26.7′E,22 km,2.7,震度２,29.31833333,129.445
2025/6/29,13:30:40,トカラ列島近海,29°19.6′N,129°25.1′E,24 km,3.7,震度３,29.32666667,129.4183333
2025/6/29,13:31:20,トカラ列島近海,29°13.3′N,129°22.4′E,19 km,3.5,震度１,29.22166667,129.3733333
2025/6/29,13:33:16,トカラ列島近海,29°21.2′N,129°20.1′E,26 km,2.5,震度１,29.35333333,129.335
2025/6/29,13:37:45,群馬県北部,36°41.5′N,139°18.6′E,6 km,2.4,震度１,36.69166667,139.31
2025/6/29,13:45:23,トカラ列島近海,29°23.0′N,129°21.8′E,22 km,2.7,震度１,29.38333333,129.3633333
2025/6/29,13:49:05,トカラ列島近海,29°19.3′N,129°25.3′E,23 km,3,震度２,29.32166667,129.4216667
2025/6/29,13:59:41,トカラ列島近海,29°18.8′N,129°24.9′E,22 km,2.8,震度２,29.31333333,129.415
2025/6/29,14:00:50,トカラ列島近海,29°20.5′N,129°22.7′E,25 km,3,震度２,29.34166667,129.3783333
2025/6/29,14:10:56,トカラ列島近海,29°20.2′N,129°25.9′E,18 km,2.7,震度２,29.33666667,129.4316667
2025/6/29,14:35:47,トカラ列島近海,29°18.8′N,129°27.8′E,18 km,2.3,震度１,29.31333333,129.4633333
2025/6/29,14:38:29,トカラ列島近海,29°19.5′N,129°22.8′E,18 km,2.3,震度１,29.325,129.38
2025/6/29,14:42:04,トカラ列島近海,29°19.5′N,129°25.2′E,22 km,3.4,震度２,29.325,129.42
2025/6/29,14:44:19,トカラ列島近海,29°17.5′N,129°28.3′E,16 km,2.4,震度１,29.29166667,129.4716667
2025/6/29,14:46:04,トカラ列島近海,29°17.3′N,129°30.0′E,13 km,2.4,震度１,29.28833333,129.5
2025/6/29,14:47:10,トカラ列島近海,29°19.4′N,129°26.1′E,22 km,3.2,震度２,29.32333333,129.435
2025/6/29,14:48:21,トカラ列島近海,29°19.8′N,129°19.3′E,28 km,2.4,震度１,29.33,129.3216667
2025/6/29,14:49:15,トカラ列島近海,29°14.0′N,129°23.8′E,20 km,2.7,震度１,29.23333333,129.3966667
2025/6/29,14:51:24,トカラ列島近海,29°18.2′N,129°26.7′E,21 km,2.5,震度１,29.30333333,129.445
2025/6/29,14:52:50,トカラ列島近海,29°19.3′N,129°26.7′E,20 km,3.9,震度３,29.32166667,129.445
2025/6/29,14:56:12,トカラ列島近海,29°19.1′N,129°19.6′E,25 km,2.7,震度１,29.31833333,129.3266667
2025/6/29,15:05:22,トカラ列島近海,29°19.2′N,129°27.4′E,14 km,3.2,震度２,29.32,129.4566667
2025/6/29,15:08:27,トカラ列島近海,29°19.4′N,129°26.8′E,19 km,2.6,震度１,29.32333333,129.4466667
2025/6/29,15:12:13,トカラ列島近海,29°19.3′N,129°26.2′E,21 km,3.7,震度３,29.32166667,129.4366667
2025/6/29,15:15:44,トカラ列島近海,29°17.8′N,129°28.3′E,18 km,2.6,震度１,29.29666667,129.4716667
2025/6/29,15:19:23,トカラ列島近海,29°18.3′N,129°27.7′E,17 km,2.3,震度１,29.305,129.4616667
2025/6/29,15:23:25,トカラ列島近海,29°15.0′N,129°24.1′E,19 km,2.3,震度１,29.25,129.4016667
2025/6/29,15:30:52,トカラ列島近海,29°18.5′N,129°28.9′E,14 km,2.7,震度１,29.30833333,129.4816667
2025/6/29,15:49:09,トカラ列島近海,29°18.3′N,129°28.1′E,15 km,2.7,震度１,29.305,129.4683333
2025/6/29,15:53:25,トカラ列島近海,29°19.4′N,129°24.6′E,23 km,2.9,震度２,29.32333333,129.41
2025/6/29,15:55:40,トカラ列島近海,29°17.8′N,129°29.2′E,17 km,2.5,震度１,29.29666667,129.4866667
2025/6/29,15:57:07,トカラ列島近海,29°19.8′N,129°24.9′E,23 km,3.2,震度２,29.33,129.415
2025/6/29,16:11:58,トカラ列島近海,29°19.1′N,129°28.3′E,17 km,5.3,震度４,29.31833333,129.4716667
2025/6/29,16:32:51,トカラ列島近海,29°19.6′N,129°23.1′E,19 km,4.2,震度２,29.32666667,129.385
2025/6/29,16:56:00,トカラ列島近海,29°19.1′N,129°27.3′E,20 km,4.1,震度４,29.31833333,129.455
2025/6/29,17:57:58,トカラ列島近海,29°22.2′N,129°22.1′E,25 km,3,震度１,29.37,129.3683333
2025/6/29,18:00:55,トカラ列島近海,29°21.0′N,129°24.1′E,25 km,3.1,震度１,29.35,129.4016667
2025/6/29,18:03:58,トカラ列島近海,29°20.1′N,129°26.7′E,21 km,2.2,震度１,29.335,129.445
2025/6/29,18:06:01,トカラ列島近海,29°18.8′N,129°24.8′E,14 km,2.8,震度２,29.31333333,129.4133333
2025/6/29,18:07:17,トカラ列島近海,29°17.1′N,129°19.7′E,20 km,3.5,震度２,29.285,129.3283333
2025/6/29,18:22:19,トカラ列島近海,29°19.9′N,129°26.5′E,22 km,3.4,震度２,29.33166667,129.4416667
2025/6/29,18:27:49,トカラ列島近海,29°19.4′N,129°27.9′E,18 km,2.9,震度２,29.32333333,129.465
2025/6/29,19:20:09,トカラ列島近海,29°19.3′N,129°26.5′E,20 km,2.4,震度１,29.32166667,129.4416667
2025/6/29,19:39:09,トカラ列島近海,29°19.0′N,129°26.3′E,22 km,3.8,震度３,29.31666667,129.4383333
2025/6/29,19:58:49,トカラ列島近海,29°20.3′N,129°24.4′E,26 km,2.4,震度１,29.33833333,129.4066667
2025/6/29,20:04:47,トカラ列島近海,29°19.2′N,129°25.3′E,25 km,2.2,震度１,29.32,129.4216667
2025/6/29,20:09:34,トカラ列島近海,29°20.1′N,129°26.9′E,25 km,2.9,震度２,29.335,129.4483333
2025/6/29,20:14:25,トカラ列島近海,29°18.1′N,129°31.5′E,12 km,2.5,震度１,29.30166667,129.525
2025/6/29,20:16:33,トカラ列島近海,29°20.1′N,129°26.5′E,22 km,3.9,震度３,29.335,129.4416667
2025/6/29,20:26:56,根室地方北部,43°30.1′N,144°47.3′E,129 km,3.8,震度１,43.50166667,144.7883333
2025/6/29,20:31:07,トカラ列島近海,29°19.6′N,129°26.9′E,23 km,2.8,震度１,29.32666667,129.4483333
2025/6/29,20:46:37,トカラ列島近海,29°17.3′N,129°29.1′E,18 km,2.3,震度１,29.28833333,129.485
2025/6/29,21:30:23,トカラ列島近海,29°18.8′N,129°28.3′E,17 km,2.7,震度１,29.31333333,129.4716667
2025/6/29,21:37:10,トカラ列島近海,29°19.0′N,129°28.4′E,20 km,2.5,震度１,29.31666667,129.4733333
2025/6/29,22:34:41,茨城県南部,36°06.9′N,139°59.2′E,48 km,3.1,震度１,36.115,139.9866667
2025/6/29,22:36:51,トカラ列島近海,29°20.1′N,129°26.0′E,23 km,4.2,震度３,29.335,129.4333333
2025/6/29,22:44:10,トカラ列島近海,29°22.4′N,129°15.6′E,29 km,3.1,震度２,29.37333333,129.26
2025/6/29,22:45:40,トカラ列島近海,29°19.2′N,129°18.0′E,23 km,3.1,震度１,29.32,129.3
2025/6/29,22:46:34,トカラ列島近海,29°16.1′N,129°25.0′E,21 km,2.3,震度１,29.26833333,129.4166667
2025/6/29,22:48:19,トカラ列島近海,29°17.1′N,129°26.8′E,18 km,3.3,震度２,29.285,129.4466667
2025/6/29,22:49:56,トカラ列島近海,29°21.0′N,129°20.5′E,29 km,,震度１,29.35,129.3416667
2025/6/29,22:56:45,トカラ列島近海,29°18.2′N,129°22.4′E,24 km,2.6,震度１,29.30333333,129.3733333
2025/6/29,23:00:52,トカラ列島近海,29°19.5′N,129°26.8′E,20 km,3.2,震度３,29.325,129.4466667
2025/6/29,23:03:38,トカラ列島近海,29°18.5′N,129°30.0′E,14 km,2.2,震度１,29.30833333,129.5
2025/6/29,23:37:07,トカラ列島近海,29°19.6′N,129°28.5′E,21 km,2.8,震度１,29.32666667,129.475
2025/6/29,23:38:00,トカラ列島近海,29°16.1′N,129°29.5′E,17 km,2.9,震度１,29.26833333,129.4916667
2025/6/29,23:45:32,トカラ列島近海,29°19.1′N,129°27.9′E,19 km,2.4,震度１,29.31833333,129.465
2025/6/30,0:03:33,岐阜県飛騨地方,36°17.5′N,137°06.0′E,4 km,2.3,震度１,36.29166667,137.1
2025/6/30,0:29:04,トカラ列島近海,29°17.6′N,129°30.6′E,8 km,2.7,震度１,29.29333333,129.51
2025/6/30,0:31:55,トカラ列島近海,29°19.4′N,129°27.6′E,20 km,3.8,震度３,29.32333333,129.46
2025/6/30,1:11:05,トカラ列島近海,29°20.2′N,129°27.8′E,22 km,3,震度２,29.33666667,129.4633333
2025/6/30,1:39:22,トカラ列島近海,29°19.1′N,129°28.1′E,21 km,2.4,震度１,29.31833333,129.4683333
2025/6/30,2:54:58,トカラ列島近海,29°19.1′N,129°25.2′E,19 km,2.5,震度１,29.31833333,129.42
2025/6/30,2:58:53,トカラ列島近海,29°19.7′N,129°24.8′E,21 km,4.1,震度３,29.32833333,129.4133333
2025/6/30,3:05:43,トカラ列島近海,29°19.5′N,129°26.2′E,23 km,2.8,震度１,29.325,129.4366667
2025/6/30,3:09:04,トカラ列島近海,29°18.4′N,129°27.7′E,17 km,2.8,震度１,29.30666667,129.4616667
2025/6/30,4:01:19,トカラ列島近海,29°19.2′N,129°25.6′E,18 km,2.7,震度１,29.32,129.4266667
2025/6/30,7:02:16,トカラ列島近海,29°19.1′N,129°28.0′E,19 km,2.5,震度１,29.31833333,129.4666667
2025/6/30,7:26:09,トカラ列島近海,29°20.9′N,129°29.4′E,17 km,3.4,震度３,29.34833333,129.49
2025/6/30,8:01:26,トカラ列島近海,29°19.3′N,129°25.7′E,20 km,2.6,震度１,29.32166667,129.4283333
2025/6/30,8:08:56,トカラ列島近海,29°19.7′N,129°24.6′E,22 km,3.3,震度２,29.32833333,129.41
2025/6/30,8:10:56,トカラ列島近海,29°18.8′N,129°25.6′E,21 km,2.7,震度１,29.31333333,129.4266667
2025/6/30,8:20:14,トカラ列島近海,29°18.5′N,129°25.0′E,21 km,2.6,震度１,29.30833333,129.4166667
2025/6/30,8:21:20,トカラ列島近海,29°19.2′N,129°25.4′E,21 km,2.8,震度１,29.32,129.4233333
2025/6/30,8:22:57,トカラ列島近海,29°17.9′N,129°26.8′E,21 km,2.7,震度１,29.29833333,129.4466667
2025/6/30,8:24:59,トカラ列島近海,29°17.3′N,129°27.8′E,15 km,2.7,震度１,29.28833333,129.4633333
2025/6/30,8:26:39,トカラ列島近海,29°19.8′N,129°25.1′E,22 km,4,震度３,29.33,129.4183333
2025/6/30,8:32:22,トカラ列島近海,29°19.8′N,129°18.7′E,29 km,3.1,震度１,29.33,129.3116667
2025/6/30,8:33:06,トカラ列島近海,29°16.7′N,129°20.6′E,23 km,,震度１,29.27833333,129.3433333
2025/6/30,8:39:34,トカラ列島近海,29°18.7′N,129°25.4′E,23 km,2.6,震度１,29.31166667,129.4233333
2025/6/30,8:42:14,トカラ列島近海,29°19.1′N,129°26.5′E,19 km,2.4,震度１,29.31833333,129.4416667
2025/6/30,8:45:26,トカラ列島近海,29°14.3′N,129°25.0′E,17 km,2.9,震度１,29.23833333,129.4166667
2025/6/30,9:09:02,トカラ列島近海,29°17.6′N,129°29.2′E,15 km,2.8,震度１,29.29333333,129.4866667
2025/6/30,9:17:05,トカラ列島近海,29°18.5′N,129°26.6′E,18 km,2.1,震度１,29.30833333,129.4433333
2025/6/30,9:22:59,トカラ列島近海,29°18.2′N,129°27.5′E,18 km,2.4,震度１,29.30333333,129.4583333
2025/6/30,10:04:48,トカラ列島近海,29°20.3′N,129°26.6′E,16 km,3.1,震度２,29.33833333,129.4433333
2025/6/30,10:17:07,トカラ列島近海,29°19.3′N,129°26.7′E,16 km,3.4,震度２,29.32166667,129.445
2025/6/30,10:39:38,トカラ列島近海,29°19.0′N,129°25.9′E,19 km,3,震度１,29.31666667,129.4316667
2025/6/30,11:53:38,トカラ列島近海,29°18.5′N,129°27.7′E,17 km,2.6,震度１,29.30833333,129.4616667
2025/6/30,12:04:32,トカラ列島近海,29°19.5′N,129°27.8′E,20 km,3,震度２,29.325,129.4633333
2025/6/30,12:20:23,トカラ列島近海,29°18.8′N,129°25.5′E,15 km,2.6,震度１,29.31333333,129.425
2025/6/30,12:36:20,トカラ列島近海,29°21.1′N,129°23.5′E,26 km,4.5,震度４,29.35166667,129.3916667
2025/6/30,12:57:50,トカラ列島近海,29°20.7′N,129°26.8′E,12 km,2.3,震度１,29.345,129.4466667
2025/6/30,14:04:37,トカラ列島近海,29°18.8′N,129°28.9′E,18 km,3,震度２,29.31333333,129.4816667
2025/6/30,14:53:07,トカラ列島近海,29°18.6′N,129°27.2′E,8 km,2.6,震度１,29.31,129.4533333
2025/6/30,16:40:38,千葉県東方沖,35°48.9′N,140°55.5′E,22 km,3.2,震度１,35.815,140.925
2025/6/30,17:11:47,トカラ列島近海,29°18.6′N,129°25.7′E,21 km,2.6,震度１,29.31,129.4283333
2025/6/30,17:17:02,トカラ列島近海,29°19.2′N,129°27.2′E,21 km,3.3,震度２,29.32,129.4533333
2025/6/30,17:27:28,留萌地方南部,44°01.7′N,141°46.9′E,7 km,2.3,震度１,44.02833333,141.7816667
2025/6/30,17:49:17,トカラ列島近海,29°18.9′N,129°24.2′E,14 km,2.7,震度１,29.315,129.4033333
2025/6/30,17:54:32,トカラ列島近海,29°19.1′N,129°27.1′E,20 km,2.9,震度１,29.31833333,129.4516667
2025/6/30,17:55:24,トカラ列島近海,29°19.8′N,129°27.4′E,20 km,2.7,震度１,29.33,129.4566667
2025/6/30,18:09:42,トカラ列島近海,29°19.1′N,129°27.9′E,13 km,2.5,震度１,29.31833333,129.465
2025/6/30,18:33:23,トカラ列島近海,29°19.6′N,129°26.3′E,22 km,5.3,震度５弱,29.32666667,129.4383333
2025/6/30,18:46:41,トカラ列島近海,29°20.0′N,129°24.9′E,22 km,2.8,震度１,29.33333333,129.415
2025/6/30,18:54:54,トカラ列島近海,29°17.5′N,129°26.8′E,14 km,2.4,震度１,29.29166667,129.4466667
2025/6/30,18:55:39,トカラ列島近海,29°18.7′N,129°25.2′E,21 km,2.5,震度１,29.31166667,129.42
2025/6/30,18:56:22,トカラ列島近海,29°19.1′N,129°23.6′E,23 km,2.4,震度１,29.31833333,129.3933333
2025/6/30,18:57:54,トカラ列島近海,29°14.6′N,129°23.5′E,12 km,2.8,震度１,29.24333333,129.3916667
2025/6/30,19:04:38,トカラ列島近海,29°18.9′N,129°23.9′E,23 km,2.6,震度１,29.315,129.3983333
2025/6/30,19:09:45,トカラ列島近海,29°20.8′N,129°21.7′E,18 km,3,震度２,29.34666667,129.3616667
2025/6/30,19:14:35,トカラ列島近海,29°18.0′N,129°28.1′E,11 km,3.2,震度２,29.3,129.4683333
2025/6/30,19:15:32,トカラ列島近海,29°17.5′N,129°25.7′E,16 km,2.5,震度１,29.29166667,129.4283333
2025/6/30,19:18:54,トカラ列島近海,29°17.7′N,129°27.5′E,15 km,2.9,震度２,29.295,129.4583333
2025/6/30,19:20:10,トカラ列島近海,29°17.9′N,129°25.0′E,21 km,2.5,震度１,29.29833333,129.4166667
2025/6/30,19:22:14,トカラ列島近海,29°19.7′N,129°23.9′E,24 km,2.7,震度１,29.32833333,129.3983333
2025/6/30,19:27:21,トカラ列島近海,29°19.3′N,129°24.9′E,20 km,3.9,震度３,29.32166667,129.415
2025/6/30,19:32:29,トカラ列島近海,29°18.8′N,129°28.0′E,20 km,2.4,震度１,29.31333333,129.4666667
2025/6/30,20:09:26,トカラ列島近海,29°18.6′N,129°26.7′E,18 km,2.4,震度１,29.31,129.445
2025/6/30,22:28:17,トカラ列島近海,29°16.4′N,129°16.3′E,13 km,2.3,震度２,29.27333333,129.2716667
2025/6/30,22:51:24,トカラ列島近海,29°18.2′N,129°27.7′E,16 km,2.7,震度１,29.30333333,129.4616667
2025/6/30,23:46:01,トカラ列島近海,29°20.0′N,129°27.6′E,9 km,3,震度２,29.33333333,129.46
2025/6/30,23:53:35,トカラ列島近海,29°18.9′N,129°23.7′E,23 km,3.3,震度２,29.315,129.395
2025/7/1,0:11:37,トカラ列島近海,29°19.8′N,129°25.4′E,15 km,2.3,震度１,29.33,129.4233333
2025/7/1,0:13:11,トカラ列島近海,29°19.9′N,129°25.7′E,23 km,2.3,震度１,29.33166667,129.4283333
2025/7/1,0:22:28,トカラ列島近海,29°19.4′N,129°26.7′E,17 km,4.3,震度３,29.32333333,129.445
2025/7/1,1:01:02,トカラ列島近海,29°18.6′N,129°26.3′E,18 km,2.8,震度１,29.31,129.4383333
2025/7/1,1:01:58,トカラ列島近海,29°13.7′N,129°26.9′E,11 km,2.8,震度１,29.22833333,129.4483333
2025/7/1,1:02:56,トカラ列島近海,29°17.4′N,129°28.1′E,11 km,3.5,震度２,29.29,129.4683333
2025/7/1,1:10:49,トカラ列島近海,29°19.6′N,129°24.1′E,22 km,2.8,震度１,29.32666667,129.4016667
2025/7/1,1:13:06,茨城県南部,36°06.1′N,139°59.4′E,47 km,3.6,震度２,36.10166667,139.99
2025/7/1,5:10:47,トカラ列島近海,29°19.4′N,129°26.6′E,24 km,2.6,震度１,29.32333333,129.4433333
2025/7/1,6:12:11,トカラ列島近海,29°18.5′N,129°26.8′E,17 km,2.3,震度１,29.30833333,129.4466667
2025/7/1,6:20:24,トカラ列島近海,29°18.8′N,129°26.6′E,20 km,2.5,震度１,29.31333333,129.4433333
2025/7/1,6:26:20,トカラ列島近海,29°19.3′N,129°21.2′E,20 km,2.3,震度１,29.32166667,129.3533333
2025/7/1,6:27:43,トカラ列島近海,29°18.1′N,129°27.5′E,15 km,2.5,震度１,29.30166667,129.4583333
2025/7/1,6:34:46,トカラ列島近海,29°17.9′N,129°26.9′E,12 km,2.6,震度１,29.29833333,129.4483333
2025/7/1,6:43:05,トカラ列島近海,29°17.2′N,129°29.4′E,18 km,,震度１,29.28666667,129.49
2025/7/1,6:44:43,トカラ列島近海,29°23.7′N,129°33.1′E,7 km,2.6,震度１,29.395,129.5516667
2025/7/1,6:46:13,トカラ列島近海,29°12.4′N,129°22.9′E,24 km,3.1,震度１,29.20666667,129.3816667
2025/7/1,6:47:31,トカラ列島近海,29°20.2′N,129°26.1′E,22 km,1.9,震度１,29.33666667,129.435
2025/7/1,6:49:48,トカラ列島近海,29°18.6′N,129°26.7′E,18 km,4.3,震度４,29.31,129.445
2025/7/1,6:51:45,トカラ列島近海,29°20.1′N,129°17.2′E,28 km,,震度１,29.335,129.2866667
2025/7/1,6:52:44,トカラ列島近海,29°18.8′N,129°25.4′E,18 km,3.1,震度２,29.31333333,129.4233333
2025/7/1,6:53:50,トカラ列島近海,29°19.8′N,129°25.3′E,22 km,3,震度１,29.33,129.4216667
2025/7/1,6:54:40,トカラ列島近海,29°18.0′N,129°28.6′E,7 km,3,震度１,29.3,129.4766667
2025/7/1,6:56:26,トカラ列島近海,29°17.6′N,129°29.3′E,11 km,2.8,震度１,29.29333333,129.4883333
2025/7/1,6:57:39,トカラ列島近海,29°19.9′N,129°30.5′E,10 km,3,震度１,29.33166667,129.5083333
2025/7/1,7:00:29,トカラ列島近海,29°18.7′N,129°27.5′E,12 km,3,震度２,29.31166667,129.4583333
2025/7/1,7:01:27,トカラ列島近海,29°19.2′N,129°23.7′E,20 km,3,震度１,29.32,129.395
2025/7/1,7:03:00,トカラ列島近海,29°19.4′N,129°25.9′E,18 km,2.9,震度２,29.32333333,129.4316667
2025/7/1,7:03:39,トカラ列島近海,29°16.4′N,129°28.8′E,14 km,,震度１,29.27333333,129.48
2025/7/1,7:05:11,トカラ列島近海,29°18.9′N,129°27.9′E,14 km,2.4,震度１,29.315,129.465
2025/7/1,7:06:47,トカラ列島近海,29°17.8′N,129°25.4′E,18 km,2.5,震度１,29.29666667,129.4233333
2025/7/1,7:07:54,トカラ列島近海,29°20.1′N,129°26.7′E,21 km,2.6,震度１,29.335,129.445
2025/7/1,7:09:47,トカラ列島近海,29°18.6′N,129°19.7′E,24 km,2.6,震度１,29.31,129.3283333
2025/7/1,7:10:04,トカラ列島近海,29°25.7′N,129°19.3′E,13 km,2.5,震度２,29.42833333,129.3216667
2025/7/1,7:13:27,トカラ列島近海,29°18.3′N,129°26.9′E,19 km,2.8,震度１,29.305,129.4483333
2025/7/1,7:15:08,トカラ列島近海,29°19.0′N,129°26.2′E,18 km,3.3,震度２,29.31666667,129.4366667
2025/7/1,7:18:54,トカラ列島近海,29°19.1′N,129°25.9′E,19 km,2.6,震度１,29.31833333,129.4316667
2025/7/1,7:20:08,トカラ列島近海,29°20.5′N,129°27.1′E,13 km,2.1,震度１,29.34166667,129.4516667
2025/7/1,7:23:16,トカラ列島近海,29°19.0′N,129°25.9′E,7 km,2.6,震度１,29.31666667,129.4316667
2025/7/1,7:25:20,トカラ列島近海,29°20.0′N,129°23.7′E,20 km,2.2,震度１,29.33333333,129.395
2025/7/1,7:27:50,トカラ列島近海,29°20.2′N,129°23.1′E,20 km,2.4,震度１,29.33666667,129.385
2025/7/1,7:30:16,トカラ列島近海,29°20.2′N,129°23.6′E,23 km,2.3,震度１,29.33666667,129.3933333
2025/7/1,7:33:08,トカラ列島近海,29°18.1′N,129°26.8′E,17 km,2.9,震度１,29.30166667,129.4466667
2025/7/1,7:33:57,トカラ列島近海,29°17.5′N,129°25.9′E,16 km,3.4,震度２,29.29166667,129.4316667
2025/7/1,7:35:02,トカラ列島近海,29°14.5′N,129°23.8′E,19 km,,震度１,29.24166667,129.3966667
2025/7/1,7:37:40,トカラ列島近海,29°18.5′N,129°28.1′E,7 km,2.6,震度１,29.30833333,129.4683333
2025/7/1,7:42:37,トカラ列島近海,29°18.5′N,129°26.7′E,18 km,2.4,震度１,29.30833333,129.445
2025/7/1,7:45:31,トカラ列島近海,29°19.4′N,129°26.6′E,15 km,2.2,震度１,29.32333333,129.4433333
2025/7/1,7:46:29,トカラ列島近海,29°19.9′N,129°25.6′E,18 km,2.3,震度１,29.33166667,129.4266667
2025/7/1,7:52:03,トカラ列島近海,29°17.3′N,129°28.7′E,6 km,2.8,震度１,29.28833333,129.4783333
2025/7/1,7:55:10,トカラ列島近海,29°19.1′N,129°26.6′E,15 km,2.5,震度１,29.31833333,129.4433333
2025/7/1,8:14:28,トカラ列島近海,29°21.4′N,129°25.1′E,23 km,2.4,震度１,29.35666667,129.4183333
2025/7/1,8:17:29,トカラ列島近海,29°23.5′N,129°18.8′E,30 km,2.4,震度１,29.39166667,129.3133333
2025/7/1,8:26:51,トカラ列島近海,29°18.3′N,129°26.5′E,19 km,2.2,震度１,29.305,129.4416667
2025/7/1,8:28:35,トカラ列島近海,29°20.1′N,129°26.3′E,19 km,3.3,震度２,29.335,129.4383333
2025/7/1,9:09:01,トカラ列島近海,29°17.4′N,129°29.2′E,13 km,2.6,震度１,29.29,129.4866667
2025/7/1,9:16:17,トカラ列島近海,29°20.2′N,129°22.6′E,19 km,2.9,震度１,29.33666667,129.3766667
2025/7/1,9:22:40,トカラ列島近海,29°19.5′N,129°24.1′E,15 km,2.3,震度１,29.325,129.4016667
2025/7/1,9:29:43,トカラ列島近海,29°19.7′N,129°26.4′E,18 km,2.7,震度２,29.32833333,129.44
2025/7/1,9:34:37,トカラ列島近海,29°19.3′N,129°28.7′E,18 km,2.7,震度１,29.32166667,129.4783333
2025/7/1,9:45:19,トカラ列島近海,29°17.7′N,129°29.1′E,14 km,2.7,震度１,29.295,129.485
2025/7/1,9:51:02,トカラ列島近海,29°21.4′N,129°32.3′E,8 km,2.5,震度２,29.35666667,129.5383333
2025/7/1,9:59:36,トカラ列島近海,29°19.5′N,129°27.1′E,17 km,3.1,震度２,29.325,129.4516667
2025/7/1,10:18:53,トカラ列島近海,29°19.6′N,129°17.6′E,25 km,2.4,震度１,29.32666667,129.2933333
2025/7/1,10:22:18,トカラ列島近海,29°19.4′N,129°24.9′E,22 km,2.9,震度１,29.32333333,129.415
2025/7/1,10:24:36,トカラ列島近海,29°19.5′N,129°25.9′E,21 km,2.7,震度２,29.325,129.4316667
2025/7/1,10:57:39,トカラ列島近海,29°19.9′N,129°24.7′E,17 km,3.2,震度２,29.33166667,129.4116667
2025/7/1,11:19:02,トカラ列島近海,29°20.7′N,129°26.4′E,19 km,3.1,震度１,29.345,129.44
2025/7/1,11:59:27,トカラ列島近海,29°18.4′N,129°28.3′E,9 km,3,震度２,29.30666667,129.4716667
2025/7/1,12:04:24,トカラ列島近海,29°25.2′N,129°36.6′E,9 km,1.5,震度１,29.42,129.61
2025/7/1,12:14:30,トカラ列島近海,29°19.0′N,129°27.1′E,18 km,2.4,震度１,29.31666667,129.4516667
2025/7/1,13:04:00,トカラ列島近海,29°15.5′N,129°23.6′E,22 km,2.7,震度１,29.25833333,129.3933333
2025/7/1,13:16:54,トカラ列島近海,29°20.8′N,129°30.1′E,12 km,2.6,震度１,29.34666667,129.5016667
2025/7/1,13:19:54,トカラ列島近海,29°18.0′N,129°26.9′E,15 km,3.1,震度２,29.3,129.4483333
2025/7/1,13:20:52,トカラ列島近海,29°18.8′N,129°28.9′E,8 km,3.5,震度３,29.31333333,129.4816667
2025/7/1,13:31:08,トカラ列島近海,29°19.0′N,129°27.2′E,16 km,2.7,震度１,29.31666667,129.4533333
2025/7/1,13:47:18,トカラ列島近海,29°19.3′N,129°24.4′E,22 km,2.7,震度１,29.32166667,129.4066667
2025/7/1,14:20:40,トカラ列島近海,29°18.2′N,129°26.0′E,20 km,3,震度２,29.30333333,129.4333333
2025/7/1,14:42:59,トカラ列島近海,29°18.4′N,129°25.9′E,20 km,3.1,震度２,29.30666667,129.4316667
2025/7/1,14:50:44,トカラ列島近海,29°19.4′N,129°25.2′E,19 km,2.6,震度１,29.32333333,129.42
2025/7/1,14:51:49,トカラ列島近海,29°19.8′N,129°21.5′E,26 km,2.6,震度１,29.33,129.3583333
2025/7/1,14:57:03,トカラ列島近海,29°18.2′N,129°24.8′E,19 km,2.2,震度１,29.30333333,129.4133333
2025/7/1,14:59:07,トカラ列島近海,29°20.4′N,129°25.5′E,18 km,2.8,震度１,29.34,129.425
2025/7/1,15:02:42,トカラ列島近海,29°19.3′N,129°14.9′E,29 km,2.4,震度１,29.32166667,129.2483333
2025/7/1,15:06:37,トカラ列島近海,29°16.6′N,129°29.2′E,12 km,2.8,震度１,29.27666667,129.4866667
2025/7/1,15:14:16,トカラ列島近海,29°21.7′N,129°14.2′E,28 km,2.6,震度１,29.36166667,129.2366667
2025/7/1,15:16:19,トカラ列島近海,29°17.8′N,129°27.5′E,9 km,2.7,震度１,29.29666667,129.4583333
2025/7/1,15:18:59,トカラ列島近海,29°20.5′N,129°23.1′E,23 km,2.3,震度１,29.34166667,129.385
2025/7/1,15:20:39,トカラ列島近海,29°17.2′N,129°08.8′E,13 km,4,震度２,29.28666667,129.1466667
2025/7/1,15:24:49,トカラ列島近海,29°19.6′N,129°25.2′E,20 km,3.7,震度３,29.32666667,129.42
2025/7/1,15:25:56,トカラ列島近海,29°19.2′N,129°25.6′E,18 km,,震度１,29.32,129.4266667
2025/7/1,15:28:12,トカラ列島近海,29°19.2′N,129°23.4′E,18 km,2.2,震度１,29.32,129.39
2025/7/1,15:36:27,トカラ列島近海,29°19.9′N,129°24.9′E,19 km,2.6,震度１,29.33166667,129.415
2025/7/1,15:39:01,トカラ列島近海,29°19.0′N,129°22.4′E,17 km,3.2,震度２,29.31666667,129.3733333
2025/7/1,15:43:25,トカラ列島近海,29°19.7′N,129°09.0′E,28 km,2.6,震度１,29.32833333,129.15
2025/7/1,15:50:59,トカラ列島近海,29°19.2′N,129°26.3′E,16 km,3.4,震度１,29.32,129.4383333
2025/7/1,15:52:06,トカラ列島近海,29°16.9′N,129°20.9′E,22 km,3.3,震度２,29.28166667,129.3483333
2025/7/1,16:07:56,トカラ列島近海,29°17.6′N,129°27.3′E,10 km,2.3,震度１,29.29333333,129.455
2025/7/1,16:09:28,トカラ列島近海,29°18.4′N,129°26.1′E,12 km,3,震度２,29.30666667,129.435
2025/7/1,16:14:01,トカラ列島近海,29°19.7′N,129°27.1′E,18 km,3.2,震度２,29.32833333,129.4516667
2025/7/1,16:15:25,トカラ列島近海,29°20.8′N,129°24.8′E,18 km,2.7,震度１,29.34666667,129.4133333
2025/7/1,16:16:45,トカラ列島近海,29°20.0′N,129°26.5′E,16 km,2.2,震度１,29.33333333,129.4416667
2025/7/1,16:21:17,トカラ列島近海,29°19.4′N,129°26.8′E,16 km,2.9,震度１,29.32333333,129.4466667
2025/7/1,17:09:22,トカラ列島近海,29°21.7′N,129°24.9′E,30 km,2.4,震度１,29.36166667,129.415
2025/7/1,17:10:27,トカラ列島近海,29°19.4′N,129°25.7′E,16 km,4.9,震度４,29.32333333,129.4283333
2025/7/1,17:15:17,トカラ列島近海,29°18.9′N,129°24.7′E,15 km,2.8,震度１,29.315,129.4116667
2025/7/1,17:20:34,トカラ列島近海,29°19.2′N,129°27.0′E,6 km,2.2,震度１,29.32,129.45
2025/7/1,17:28:10,トカラ列島近海,29°21.6′N,129°19.9′E,30 km,2.6,震度１,29.36,129.3316667
2025/7/1,18:00:04,トカラ列島近海,29°18.2′N,129°26.3′E,12 km,2.8,震度１,29.30333333,129.4383333
2025/7/1,18:17:08,トカラ列島近海,29°19.4′N,129°24.7′E,21 km,4.1,震度３,29.32333333,129.4116667
2025/7/1,18:46:32,新潟県上中越沖,37°41.4′N,137°37.6′E,18 km,4.2,震度１,37.69,137.6266667
2025/7/1,18:57:51,トカラ列島近海,29°21.6′N,129°30.4′E,22 km,2.1,震度１,29.36,129.5066667
2025/7/1,19:18:32,トカラ列島近海,29°18.9′N,129°25.0′E,19 km,3,震度１,29.315,129.4166667
2025/7/1,20:22:07,トカラ列島近海,29°20.4′N,129°26.6′E,18 km,4.4,震度４,29.34,129.4433333
2025/7/1,20:27:07,トカラ列島近海,29°19.7′N,129°24.9′E,20 km,2.6,震度１,29.32833333,129.415
2025/7/1,21:03:56,トカラ列島近海,29°19.6′N,129°27.4′E,19 km,2.6,震度１,29.32666667,129.4566667
2025/7/1,21:05:57,トカラ列島近海,29°19.7′N,129°26.9′E,16 km,3,震度２,29.32833333,129.4483333
2025/7/1,21:19:06,トカラ列島近海,29°22.0′N,129°19.3′E,29 km,3,震度１,29.36666667,129.3216667
2025/7/1,21:21:42,トカラ列島近海,29°16.6′N,129°30.7′E,15 km,2.5,震度１,29.27666667,129.5116667
2025/7/1,21:22:51,トカラ列島近海,29°18.6′N,129°27.8′E,14 km,2.9,震度１,29.31,129.4633333
2025/7/1,21:25:58,トカラ列島近海,29°19.4′N,129°24.8′E,13 km,2.6,震度１,29.32333333,129.4133333
2025/7/1,21:27:07,トカラ列島近海,29°19.1′N,129°25.3′E,22 km,2.8,震度２,29.31833333,129.4216667
2025/7/1,21:28:29,トカラ列島近海,29°18.3′N,129°28.9′E,15 km,2.7,震度１,29.305,129.4816667
2025/7/1,21:30:14,トカラ列島近海,29°14.9′N,129°25.6′E,17 km,2.7,震度１,29.24833333,129.4266667
2025/7/1,21:31:42,トカラ列島近海,29°18.5′N,129°28.9′E,17 km,2.6,震度１,29.30833333,129.4816667
2025/7/1,21:32:22,トカラ列島近海,29°17.6′N,129°21.9′E,21 km,2.7,震度２,29.29333333,129.365
2025/7/1,21:34:08,トカラ列島近海,29°19.0′N,129°28.6′E,9 km,2.5,震度１,29.31666667,129.4766667
2025/7/1,21:37:02,トカラ列島近海,29°18.8′N,129°28.1′E,10 km,3.6,震度２,29.31333333,129.4683333
2025/7/1,21:40:08,トカラ列島近海,29°19.2′N,129°21.0′E,27 km,2.8,震度１,29.32,129.35
2025/7/1,21:41:57,トカラ列島近海,29°19.1′N,129°26.9′E,18 km,2.4,震度１,29.31833333,129.4483333
2025/7/1,21:46:16,トカラ列島近海,29°20.3′N,129°25.9′E,21 km,2.7,震度１,29.33833333,129.4316667
2025/7/1,21:51:04,トカラ列島近海,29°16.6′N,129°27.1′E,20 km,2.7,震度１,29.27666667,129.4516667
2025/7/1,21:54:23,トカラ列島近海,29°18.1′N,129°32.0′E,10 km,3.2,震度３,29.30166667,129.5333333
2025/7/1,21:57:02,トカラ列島近海,29°20.3′N,129°21.9′E,30 km,2.5,震度１,29.33833333,129.365
2025/7/1,21:57:23,トカラ列島近海,29°20.0′N,129°20.0′E,27 km,2.4,震度１,29.33333333,129.3333333
2025/7/1,21:59:21,トカラ列島近海,29°16.3′N,129°24.2′E,18 km,2.7,震度２,29.27166667,129.4033333
2025/7/1,22:04:23,トカラ列島近海,29°19.5′N,129°30.2′E,10 km,2.8,震度１,29.325,129.5033333
2025/7/1,22:09:23,トカラ列島近海,29°19.1′N,129°28.7′E,16 km,2.7,震度１,29.31833333,129.4783333
2025/7/1,22:12:39,トカラ列島近海,29°21.0′N,129°26.5′E,19 km,3.2,震度２,29.35,129.4416667
2025/7/1,22:13:01,トカラ列島近海,29°17.8′N,129°24.8′E,17 km,3.2,震度２,29.29666667,129.4133333
2025/7/1,22:18:51,トカラ列島近海,29°24.4′N,129°26.2′E,30 km,2.2,震度１,29.40666667,129.4366667
2025/7/1,22:47:51,トカラ列島近海,29°25.6′N,129°36.4′E,13 km,2.5,震度２,29.42666667,129.6066667
2025/7/1,22:58:20,トカラ列島近海,29°27.5′N,129°33.3′E,12 km,1.7,震度１,29.45833333,129.555
2025/7/1,23:02:47,トカラ列島近海,29°20.9′N,129°26.3′E,11 km,2.3,震度１,29.34833333,129.4383333
2025/7/1,23:03:42,トカラ列島近海,29°20.0′N,129°28.0′E,20 km,4.3,震度３,29.33333333,129.4666667
2025/7/1,23:06:54,トカラ列島近海,29°19.1′N,129°29.2′E,13 km,2.5,震度１,29.31833333,129.4866667
2025/7/1,23:07:55,トカラ列島近海,29°21.9′N,129°23.3′E,17 km,2.4,震度１,29.365,129.3883333
2025/7/1,23:10:43,トカラ列島近海,29°15.4′N,129°27.9′E,10 km,2.8,震度１,29.25666667,129.465
2025/7/1,23:13:05,トカラ列島近海,29°18.4′N,129°30.0′E,6 km,2.4,震度１,29.30666667,129.5
2025/7/1,23:17:44,トカラ列島近海,29°22.0′N,129°20.4′E,28 km,2.5,震度１,29.36666667,129.34
2025/7/1,23:25:29,トカラ列島近海,29°20.2′N,129°23.1′E,27 km,2.3,震度１,29.33666667,129.385
2025/7/1,23:27:15,トカラ列島近海,29°18.6′N,129°31.8′E,13 km,2.6,震度１,29.31,129.53
2025/7/1,23:29:38,トカラ列島近海,29°18.6′N,129°30.8′E,18 km,3.3,震度２,29.31,129.5133333
2025/7/1,23:33:24,トカラ列島近海,29°19.0′N,129°32.3′E,17 km,3.3,震度２,29.31666667,129.5383333
2025/7/1,23:43:17,トカラ列島近海,29°19.2′N,129°28.7′E,17 km,2.7,震度１,29.32,129.4783333
2025/7/1,23:44:47,トカラ列島近海,29°19.4′N,129°29.1′E,19 km,2,震度１,29.32333333,129.485
2025/7/1,23:57:15,長野県中部,36°26.2′N,137°59.8′E,6 km,2.3,震度１,36.43666667,137.9966667
2025/7/1,23:59:03,トカラ列島近海,29°19.0′N,129°31.1′E,14 km,2.9,震度１,29.31666667,129.5183333
2025/7/2,0:06:58,トカラ列島近海,29°14.8′N,129°33.4′E,14 km,2.5,震度１,29.24666667,129.5566667
2025/7/2,0:12:03,トカラ列島近海,29°16.8′N,129°27.3′E,19 km,2.2,震度１,29.28,129.455
2025/7/2,0:14:06,トカラ列島近海,29°20.8′N,129°25.0′E,25 km,2.6,震度１,29.34666667,129.4166667
2025/7/2,0:16:54,トカラ列島近海,29°18.6′N,129°31.4′E,11 km,2.8,震度２,29.31,129.5233333
2025/7/2,0:20:19,トカラ列島近海,29°18.7′N,129°31.3′E,12 km,2.4,震度１,29.31166667,129.5216667
2025/7/2,0:22:26,トカラ列島近海,29°19.3′N,129°28.1′E,20 km,3.8,震度３,29.32166667,129.4683333
2025/7/2,0:24:13,トカラ列島近海,29°19.6′N,129°30.9′E,20 km,3.7,震度３,29.32666667,129.515
2025/7/2,0:31:46,トカラ列島近海,29°21.4′N,129°27.9′E,24 km,2.8,震度１,29.35666667,129.465
2025/7/2,1:46:25,トカラ列島近海,29°21.1′N,129°25.3′E,21 km,2.2,震度１,29.35166667,129.4216667
2025/7/2,1:59:38,トカラ列島近海,29°20.1′N,129°31.5′E,19 km,2.6,震度２,29.335,129.525
2025/7/2,2:02:01,トカラ列島近海,29°21.6′N,129°32.6′E,12 km,2.1,震度１,29.36,129.5433333
2025/7/2,2:26:18,トカラ列島近海,29°18.7′N,129°32.1′E,19 km,2.8,震度２,29.31166667,129.535
2025/7/2,2:36:55,トカラ列島近海,29°20.9′N,129°28.4′E,20 km,2.4,震度１,29.34833333,129.4733333
2025/7/2,2:46:54,宮城県沖,38°52.0′N,141°38.9′E,61 km,3.1,震度１,38.86666667,141.6483333
2025/7/2,3:11:48,トカラ列島近海,29°19.4′N,129°28.0′E,19 km,3,震度２,29.32333333,129.4666667
2025/7/2,3:27:32,トカラ列島近海,29°19.5′N,129°28.5′E,20 km,2.5,震度１,29.325,129.475
2025/7/2,4:32:08,トカラ列島近海,29°20.1′N,129°29.1′E,16 km,5.1,震度５弱,29.335,129.485
2025/7/2,4:33:10,詳細不明,29°27.0′N,129°36.0′E,0 km,,震度２,29.45,129.6
2025/7/2,4:35:20,トカラ列島近海,29°20.0′N,129°28.3′E,12 km,,震度２,29.33333333,129.4716667
2025/7/2,4:36:53,父島近海,26°46.0′N,142°24.9′E,4 km,4.5,震度２,26.76666667,142.415
2025/7/2,4:37:56,トカラ列島近海,29°17.8′N,129°28.2′E,14 km,2.6,震度１,29.29666667,129.47
2025/7/2,4:43:45,トカラ列島近海,29°21.2′N,129°24.6′E,18 km,2.8,震度２,29.35333333,129.41
2025/7/2,5:04:15,トカラ列島近海,29°19.9′N,129°25.3′E,25 km,2.4,震度１,29.33166667,129.4216667
2025/7/2,5:18:03,種子島近海,30°31.7′N,131°22.1′E,27 km,4.4,震度２,30.52833333,131.3683333
2025/7/2,5:35:30,奄美大島近海,28°22.5′N,130°03.0′E,27 km,3.4,震度２,28.375,130.05
2025/7/2,5:55:27,西表島付近,23°57.2′N,123°35.2′E,32 km,4.4,震度１,23.95333333,123.5866667
2025/7/2,6:08:02,トカラ列島近海,29°18.5′N,129°30.2′E,14 km,2.4,震度１,29.30833333,129.5033333
2025/7/2,6:31:47,トカラ列島近海,29°20.1′N,129°28.8′E,13 km,4.3,震度３,29.335,129.48
2025/7/2,6:45:28,トカラ列島近海,29°20.0′N,129°29.2′E,19 km,2.4,震度１,29.33333333,129.4866667
2025/7/2,6:48:04,トカラ列島近海,29°18.1′N,129°30.9′E,8 km,2.3,震度１,29.30166667,129.515
2025/7/2,6:52:45,トカラ列島近海,29°19.3′N,129°26.7′E,28 km,2.3,震度１,29.32166667,129.445
2025/7/2,7:00:41,トカラ列島近海,29°19.8′N,129°30.5′E,15 km,3,震度２,29.33,129.5083333
2025/7/2,7:06:50,トカラ列島近海,29°18.3′N,129°33.8′E,18 km,2.7,震度１,29.305,129.5633333
2025/7/2,7:12:09,トカラ列島近海,29°18.1′N,129°31.8′E,12 km,2.6,震度１,29.30166667,129.53
2025/7/2,7:20:01,トカラ列島近海,29°14.6′N,129°25.3′E,18 km,2.4,震度１,29.24333333,129.4216667
2025/7/2,7:43:54,トカラ列島近海,29°22.2′N,129°32.4′E,12 km,3.3,震度３,29.37,129.54
2025/7/2,7:45:42,トカラ列島近海,29°20.7′N,129°34.2′E,13 km,3.1,震度２,29.345,129.57
2025/7/2,8:01:05,トカラ列島近海,29°19.5′N,129°26.1′E,20 km,3.5,震度３,29.325,129.435
2025/7/2,8:05:46,トカラ列島近海,29°20.0′N,129°24.9′E,24 km,2.2,震度１,29.33333333,129.415
2025/7/2,8:10:44,トカラ列島近海,29°19.1′N,129°26.7′E,14 km,2.5,震度２,29.31833333,129.445
2025/7/2,8:27:23,トカラ列島近海,29°18.9′N,129°29.2′E,17 km,2.4,震度１,29.315,129.4866667
2025/7/2,8:28:08,トカラ列島近海,29°19.0′N,129°35.6′E,19 km,2.3,震度１,29.31666667,129.5933333
2025/7/2,8:33:55,トカラ列島近海,29°20.8′N,129°33.9′E,6 km,2.6,震度２,29.34666667,129.565
2025/7/2,8:58:28,トカラ列島近海,29°15.8′N,129°10.6′E,12 km,2.4,震度２,29.26333333,129.1766667
2025/7/2,9:00:53,トカラ列島近海,29°13.5′N,129°16.9′E,10 km,2.2,震度２,29.225,129.2816667
2025/7/2,9:06:47,トカラ列島近海,29°17.1′N,129°06.4′E,11 km,4.5,震度４,29.285,129.1066667
2025/7/2,9:07:49,トカラ列島近海,29°16.1′N,129°13.9′E,8 km,,震度３,29.26833333,129.2316667
2025/7/2,9:09:22,トカラ列島近海,29°13.0′N,129°06.1′E,10 km,3.2,震度３,29.21666667,129.1016667
2025/7/2,9:09:59,トカラ列島近海,29°14.5′N,129°04.2′E,7 km,3.7,震度４,29.24166667,129.07
2025/7/2,9:11:29,トカラ列島近海,29°14.9′N,129°10.8′E,10 km,,震度１,29.24833333,129.18
2025/7/2,9:12:48,トカラ列島近海,29°23.4′N,129°17.9′E,24 km,2.1,震度１,29.39,129.2983333
2025/7/2,9:14:30,トカラ列島近海,29°16.4′N,129°07.5′E,13 km,3.5,震度４,29.27333333,129.125
2025/7/2,9:15:05,トカラ列島近海,29°19.9′N,129°20.8′E,6 km,3.3,震度２,29.33166667,129.3466667
2025/7/2,9:16:43,トカラ列島近海,29°13.2′N,129°06.7′E,11 km,,震度１,29.22,129.1116667
2025/7/2,9:17:30,トカラ列島近海,29°14.8′N,129°10.9′E,8 km,,震度１,29.24666667,129.1816667
2025/7/2,9:22:26,トカラ列島近海,29°23.5′N,129°26.3′E,13 km,2.3,震度１,29.39166667,129.4383333
2025/7/2,9:23:50,トカラ列島近海,29°14.1′N,129°08.7′E,16 km,,震度１,29.235,129.145
2025/7/2,9:25:07,トカラ列島近海,29°17.3′N,129°10.3′E,11 km,2.3,震度１,29.28833333,129.1716667
2025/7/2,9:26:40,トカラ列島近海,29°19.9′N,129°25.8′E,20 km,2.5,震度１,29.33166667,129.43
2025/7/2,9:39:40,トカラ列島近海,29°14.8′N,129°09.3′E,11 km,,震度１,29.24666667,129.155
2025/7/2,9:43:28,トカラ列島近海,29°19.6′N,129°22.8′E,17 km,2.6,震度２,29.32666667,129.38
2025/7/2,9:53:28,トカラ列島近海,29°14.8′N,129°05.6′E,7 km,2.1,震度１,29.24666667,129.0933333
2025/7/2,9:58:40,トカラ列島近海,29°15.2′N,129°10.5′E,11 km,3,震度３,29.25333333,129.175
2025/7/2,10:07:31,トカラ列島近海,29°16.1′N,129°15.5′E,11 km,3,震度１,29.26833333,129.2583333
2025/7/2,10:13:47,トカラ列島近海,29°15.1′N,129°09.3′E,9 km,2.2,震度１,29.25166667,129.155
2025/7/2,10:35:30,トカラ列島近海,29°20.7′N,129°33.6′E,14 km,2.6,震度１,29.345,129.56
2025/7/2,12:34:46,トカラ列島近海,29°23.3′N,129°30.7′E,14 km,3.5,震度３,29.38833333,129.5116667
2025/7/2,12:40:03,トカラ列島近海,29°14.2′N,129°10.4′E,8 km,2.9,震度１,29.23666667,129.1733333
2025/7/2,12:42:10,トカラ列島近海,29°15.5′N,129°08.4′E,10 km,2.7,震度１,29.25833333,129.14
2025/7/2,12:55:18,トカラ列島近海,29°21.0′N,129°34.5′E,5 km,,震度１,29.35,129.575
2025/7/2,13:07:11,トカラ列島近海,29°14.7′N,129°07.6′E,9 km,2.5,震度１,29.245,129.1266667
2025/7/2,13:16:01,トカラ列島近海,29°19.4′N,129°24.4′E,17 km,2.6,震度１,29.32333333,129.4066667
2025/7/2,13:49:56,トカラ列島近海,29°25.6′N,129°26.9′E,18 km,2.5,震度１,29.42666667,129.4483333
2025/7/2,14:19:44,トカラ列島近海,29°18.4′N,129°30.1′E,20 km,2.4,震度１,29.30666667,129.5016667
2025/7/2,14:22:16,トカラ列島近海,29°15.1′N,129°11.6′E,14 km,4,震度４,29.25166667,129.1933333
2025/7/2,14:23:34,トカラ列島近海,29°09.6′N,129°11.3′E,19 km,3.9,震度３,29.16,129.1883333
2025/7/2,14:24:19,トカラ列島近海,29°12.2′N,129°05.5′E,0 km,3.9,震度３,29.20333333,129.0916667
2025/7/2,14:25:24,トカラ列島近海,29°14.1′N,129°10.5′E,12 km,5,震度３,29.235,129.175
2025/7/2,14:28:29,トカラ列島近海,29°15.9′N,129°06.7′E,2 km,3.3,震度２,29.265,129.1116667
2025/7/2,14:29:40,トカラ列島近海,29°10.1′N,129°04.4′E,0 km,,震度１,29.16833333,129.0733333
2025/7/2,14:36:24,トカラ列島近海,29°18.7′N,129°27.5′E,19 km,2.3,震度１,29.31166667,129.4583333
2025/7/2,14:41:44,トカラ列島近海,29°15.3′N,129°07.9′E,7 km,2.9,震度１,29.255,129.1316667
2025/7/2,14:42:51,トカラ列島近海,29°16.5′N,129°11.2′E,0 km,,震度１,29.275,129.1866667
2025/7/2,14:43:03,トカラ列島近海,29°19.1′N,129°23.2′E,8 km,2.8,震度１,29.31833333,129.3866667
2025/7/2,14:47:11,トカラ列島近海,29°15.7′N,129°07.3′E,5 km,3.2,震度２,29.26166667,129.1216667
2025/7/2,14:51:47,トカラ列島近海,29°15.1′N,129°05.2′E,2 km,5,震度３,29.25166667,129.0866667
2025/7/2,14:52:30,トカラ列島近海,29°13.9′N,129°08.7′E,0 km,4,震度２,29.23166667,129.145
2025/7/2,14:53:24,トカラ列島近海,29°14.3′N,129°04.1′E,1 km,5.3,震度４,29.23833333,129.0683333
2025/7/2,14:54:55,トカラ列島近海,29°13.3′N,129°04.9′E,1 km,,震度４,29.22166667,129.0816667
2025/7/2,14:56:44,トカラ列島近海,29°14.6′N,129°25.1′E,28 km,3.2,震度３,29.24333333,129.4183333
2025/7/2,14:57:27,トカラ列島近海,29°15.7′N,129°11.4′E,3 km,,震度１,29.26166667,129.19
2025/7/2,14:59:01,トカラ列島近海,29°15.3′N,129°04.2′E,8 km,5.1,震度３,29.255,129.07
2025/7/2,15:00:07,トカラ列島近海,29°16.1′N,129°05.6′E,19 km,3.9,震度３,29.26833333,129.0933333
2025/7/2,15:01:50,トカラ列島近海,29°12.7′N,129°20.1′E,8 km,3.5,震度２,29.21166667,129.335
2025/7/2,15:03:15,トカラ列島近海,29°12.9′N,129°11.7′E,13 km,3.5,震度３,29.215,129.195
2025/7/2,15:07:21,トカラ列島近海,29°12.3′N,129°14.8′E,18 km,4.6,震度３,29.205,129.2466667
2025/7/2,15:11:00,トカラ列島近海,29°17.2′N,129°13.2′E,0 km,3,震度１,29.28666667,129.22
2025/7/2,15:11:22,トカラ列島近海,29°12.3′N,129°06.3′E,13 km,3,震度２,29.205,129.105
2025/7/2,15:13:57,トカラ列島近海,29°13.7′N,129°09.8′E,8 km,3.1,震度１,29.22833333,129.1633333
2025/7/2,15:16:59,トカラ列島近海,29°13.8′N,129°05.9′E,8 km,3.4,震度１,29.23,129.0983333
2025/7/2,15:18:47,トカラ列島近海,29°14.6′N,129°09.1′E,3 km,2.9,震度１,29.24333333,129.1516667
2025/7/2,15:20:19,トカラ列島近海,29°12.7′N,129°05.6′E,0 km,2.6,震度１,29.21166667,129.0933333
2025/7/2,15:22:26,トカラ列島近海,29°12.9′N,129°09.3′E,11 km,3.2,震度１,29.215,129.155
2025/7/2,15:26:48,トカラ列島近海,29°15.4′N,129°03.1′E,1 km,5.6,震度５弱,29.25666667,129.0516667
2025/7/2,15:29:16,トカラ列島近海,29°14.6′N,129°08.9′E,2 km,3.5,震度２,29.24333333,129.1483333
2025/7/2,15:30:26,トカラ列島近海,29°14.6′N,129°08.7′E,6 km,3.5,震度２,29.24333333,129.145
2025/7/2,15:32:47,トカラ列島近海,29°11.5′N,129°07.5′E,0 km,2.9,震度１,29.19166667,129.125
2025/7/2,15:33:38,トカラ列島近海,29°09.5′N,129°08.6′E,18 km,2.9,震度２,29.15833333,129.1433333
2025/7/2,15:35:50,トカラ列島近海,29°14.2′N,129°09.4′E,11 km,3.2,震度１,29.23666667,129.1566667
2025/7/2,15:47:29,トカラ列島近海,29°14.5′N,129°13.4′E,9 km,2.4,震度１,29.24166667,129.2233333
2025/7/2,15:50:25,トカラ列島近海,29°13.1′N,129°10.6′E,9 km,2.7,震度１,29.21833333,129.1766667
2025/7/2,16:10:25,トカラ列島近海,29°16.2′N,129°07.6′E,8 km,3.1,震度１,29.27,129.1266667
2025/7/2,16:12:46,トカラ列島近海,29°15.9′N,129°07.9′E,9 km,3.1,震度１,29.265,129.1316667
2025/7/2,16:17:54,トカラ列島近海,29°13.8′N,129°06.2′E,4 km,5,震度４,29.23,129.1033333
2025/7/2,16:19:39,トカラ列島近海,29°15.8′N,129°06.2′E,10 km,4.1,震度２,29.26333333,129.1033333
2025/7/2,16:23:34,トカラ列島近海,29°14.1′N,129°06.5′E,7 km,3.4,震度１,29.235,129.1083333
2025/7/2,16:24:39,トカラ列島近海,29°11.7′N,129°09.5′E,0 km,4.1,震度２,29.195,129.1583333
2025/7/2,16:26:19,トカラ列島近海,29°10.7′N,129°06.3′E,0 km,,震度２,29.17833333,129.105
2025/7/2,16:27:41,トカラ列島近海,29°12.0′N,129°06.7′E,1 km,3.4,震度２,29.2,129.1116667
2025/7/2,16:29:10,トカラ列島近海,29°15.2′N,129°06.1′E,0 km,3.8,震度２,29.25333333,129.1016667
2025/7/2,16:31:30,トカラ列島近海,29°14.7′N,129°05.3′E,3 km,3.7,震度２,29.245,129.0883333
2025/7/2,16:32:48,トカラ列島近海,29°12.9′N,129°10.0′E,7 km,3.6,震度１,29.215,129.1666667
2025/7/2,16:40:45,トカラ列島近海,29°14.1′N,129°12.0′E,15 km,2.5,震度１,29.235,129.2
2025/7/2,16:42:39,トカラ列島近海,29°16.3′N,129°03.5′E,1 km,4.1,震度２,29.27166667,129.0583333
2025/7/2,16:43:46,トカラ列島近海,29°15.7′N,129°07.0′E,2 km,4.1,震度２,29.26166667,129.1166667
2025/7/2,16:45:31,トカラ列島近海,29°12.5′N,129°08.1′E,2 km,3.8,震度２,29.20833333,129.135
2025/7/2,16:47:16,トカラ列島近海,29°13.3′N,129°09.5′E,6 km,3.3,震度１,29.22166667,129.1583333
2025/7/2,16:50:37,トカラ列島近海,29°17.3′N,129°06.5′E,2 km,3.3,震度１,29.28833333,129.1083333
2025/7/2,16:52:15,トカラ列島近海,29°13.8′N,129°09.1′E,10 km,3.4,震度１,29.23,129.1516667
2025/7/2,16:55:59,トカラ列島近海,29°15.6′N,129°07.3′E,5 km,3.2,震度１,29.26,129.1216667
2025/7/2,17:16:06,トカラ列島近海,29°13.7′N,129°05.9′E,3 km,2.9,震度１,29.22833333,129.0983333
2025/7/2,17:23:56,トカラ列島近海,29°19.9′N,129°28.6′E,18 km,3.3,震度２,29.33166667,129.4766667
2025/7/2,17:34:38,トカラ列島近海,29°18.0′N,129°04.5′E,9 km,3.7,震度１,29.3,129.075
2025/7/2,17:36:37,トカラ列島近海,29°13.4′N,129°09.3′E,7 km,3.2,震度１,29.22333333,129.155
2025/7/2,17:41:33,トカラ列島近海,29°14.2′N,129°09.5′E,12 km,3.1,震度１,29.23666667,129.1583333
2025/7/2,18:00:02,トカラ列島近海,29°13.4′N,129°10.4′E,11 km,2.7,震度１,29.22333333,129.1733333
2025/7/2,18:03:48,トカラ列島近海,29°12.1′N,129°17.6′E,6 km,1.8,震度１,29.20166667,129.2933333
2025/7/2,18:12:08,トカラ列島近海,29°15.5′N,129°35.5′E,11 km,2.4,震度１,29.25833333,129.5916667
2025/7/2,18:18:04,トカラ列島近海,29°17.0′N,129°15.8′E,4 km,2.9,震度１,29.28333333,129.2633333
2025/7/2,18:41:50,トカラ列島近海,29°18.8′N,129°07.0′E,11 km,2.3,震度１,29.31333333,129.1166667
2025/7/2,18:44:35,トカラ列島近海,29°20.3′N,129°29.7′E,8 km,2.3,震度１,29.33833333,129.495
2025/7/2,18:53:44,トカラ列島近海,29°16.6′N,129°06.3′E,10 km,3.3,震度２,29.27666667,129.105
2025/7/2,19:09:36,トカラ列島近海,29°18.0′N,129°04.0′E,8 km,3.1,震度１,29.3,129.0666667
2025/7/2,19:14:00,トカラ列島近海,29°20.3′N,129°30.7′E,15 km,3.3,震度３,29.33833333,129.5116667
2025/7/2,21:32:19,トカラ列島近海,29°15.1′N,129°30.8′E,8 km,2.9,震度１,29.25166667,129.5133333
2025/7/2,21:52:36,トカラ列島近海,29°13.3′N,129°11.9′E,12 km,3.1,震度１,29.22166667,129.1983333
2025/7/2,22:08:48,トカラ列島近海,29°22.8′N,129°20.9′E,17 km,3.2,震度１,29.38,129.3483333
2025/7/2,23:10:10,トカラ列島近海,29°24.8′N,129°25.1′E,23 km,2.5,震度１,29.41333333,129.4183333
2025/7/2,23:55:57,トカラ列島近海,29°18.8′N,129°41.4′E,12 km,2.5,震度１,29.31333333,129.69
2025/7/3,0:45:00,トカラ列島近海,29°19.6′N,129°32.3′E,14 km,3.1,震度３,29.32666667,129.5383333
2025/7/3,0:49:17,トカラ列島近海,29°16.4′N,129°03.8′E,6 km,5.1,震度３,29.27333333,129.0633333
2025/7/3,1:00:40,トカラ列島近海,29°20.8′N,129°16.9′E,28 km,3.2,震度１,29.34666667,129.2816667
2025/7/3,1:12:32,トカラ列島近海,29°14.9′N,129°06.6′E,7 km,3.4,震度１,29.24833333,129.11
2025/7/3,1:54:41,トカラ列島近海,29°15.4′N,129°05.3′E,6 km,3.5,震度２,29.25666667,129.0883333
2025/7/3,2:29:01,トカラ列島近海,29°15.7′N,129°07.4′E,7 km,3.4,震度１,29.26166667,129.1233333
2025/7/3,2:32:55,トカラ列島近海,29°15.2′N,129°05.2′E,10 km,4.7,震度３,29.25333333,129.0866667
2025/7/3,2:38:54,トカラ列島近海,29°10.6′N,129°13.2′E,13 km,2,震度１,29.17666667,129.22
2025/7/3,3:00:51,トカラ列島近海,29°19.4′N,129°26.8′E,19 km,3.4,震度２,29.32333333,129.4466667
2025/7/3,3:11:10,トカラ列島近海,29°20.5′N,129°22.5′E,17 km,2.7,震度１,29.34166667,129.375
2025/7/3,4:00:40,トカラ列島近海,29°19.9′N,129°26.1′E,20 km,3.3,震度２,29.33166667,129.435
2025/7/3,4:09:57,トカラ列島近海,29°17.3′N,129°29.2′E,15 km,2.1,震度１,29.28833333,129.4866667
2025/7/3,5:46:46,トカラ列島近海,29°19.2′N,129°32.5′E,19 km,2.7,震度１,29.32,129.5416667
2025/7/3,6:06:51,トカラ列島近海,29°16.5′N,129°06.0′E,10 km,3.6,震度１,29.275,129.1
2025/7/3,6:10:45,トカラ列島近海,29°21.4′N,129°17.8′E,20 km,2.5,震度１,29.35666667,129.2966667
2025/7/3,6:19:27,岩手県内陸南部,38°55.1′N,141°20.7′E,15 km,2.7,震度１,38.91833333,141.345
2025/7/3,6:40:00,トカラ列島近海,29°20.1′N,129°27.6′E,22 km,2.9,震度２,29.335,129.46
2025/7/3,6:41:58,トカラ列島近海,29°20.5′N,129°25.6′E,17 km,2.3,震度１,29.34166667,129.4266667
2025/7/3,6:49:15,トカラ列島近海,29°20.2′N,129°27.1′E,22 km,3.5,震度３,29.33666667,129.4516667
2025/7/3,6:51:31,トカラ列島近海,29°20.0′N,129°29.1′E,17 km,4.5,震度４,29.33333333,129.485
2025/7/3,6:53:22,トカラ列島近海,29°12.0′N,129°10.3′E,15 km,,震度２,29.2,129.1716667
2025/7/3,7:11:52,トカラ列島近海,29°22.9′N,129°21.1′E,29 km,2.3,震度１,29.38166667,129.3516667
2025/7/3,7:13:02,トカラ列島近海,29°21.0′N,129°27.5′E,24 km,2.4,震度１,29.35,129.4583333
2025/7/3,7:27:23,トカラ列島近海,29°19.3′N,129°30.0′E,15 km,2.8,震度１,29.32166667,129.5
2025/7/3,7:33:17,秋田県内陸南部,39°28.6′N,140°25.6′E,10 km,3.9,震度３,39.47666667,140.4266667
2025/7/3,7:36:49,秋田県内陸南部,39°28.8′N,140°25.6′E,9 km,2.4,震度１,39.48,140.4266667
2025/7/3,8:22:37,トカラ列島近海,29°19.3′N,129°29.1′E,17 km,3.1,震度２,29.32166667,129.485
2025/7/3,8:33:41,トカラ列島近海,29°18.7′N,129°30.8′E,20 km,2.8,震度２,29.31166667,129.5133333
2025/7/3,10:33:26,トカラ列島近海,29°20.0′N,129°29.4′E,18 km,4.3,震度３,29.33333333,129.49
2025/7/3,11:00:09,トカラ列島近海,29°19.6′N,129°28.7′E,16 km,2.5,震度１,29.32666667,129.4783333
2025/7/3,11:13:08,トカラ列島近海,29°20.1′N,129°24.9′E,14 km,2.8,震度１,29.335,129.415
2025/7/3,11:38:12,トカラ列島近海,29°17.2′N,129°32.7′E,14 km,2,震度１,29.28666667,129.545
2025/7/3,11:52:55,トカラ列島近海,29°20.1′N,129°26.0′E,20 km,3.1,震度２,29.335,129.4333333
2025/7/3,12:18:27,トカラ列島近海,29°19.6′N,129°28.1′E,21 km,2.3,震度１,29.32666667,129.4683333
2025/7/3,12:48:41,トカラ列島近海,29°18.1′N,129°31.7′E,18 km,2.4,震度１,29.30166667,129.5283333
2025/7/3,12:54:49,トカラ列島近海,29°18.4′N,129°29.5′E,20 km,2.5,震度１,29.30666667,129.4916667
2025/7/3,13:32:43,トカラ列島近海,29°19.5′N,129°29.3′E,29 km,2.6,震度１,29.325,129.4883333
2025/7/3,13:39:31,トカラ列島近海,29°20.5′N,129°29.5′E,15 km,2.9,震度２,29.34166667,129.4916667
2025/7/3,14:11:42,トカラ列島近海,29°21.9′N,129°14.4′E,4 km,2.8,震度１,29.365,129.24
2025/7/3,14:14:31,トカラ列島近海,29°17.0′N,129°32.0′E,14 km,2.9,震度２,29.28333333,129.5333333
2025/7/3,14:17:46,トカラ列島近海,29°17.1′N,129°31.6′E,12 km,2.6,震度１,29.285,129.5266667
2025/7/3,14:30:00,トカラ列島近海,29°14.7′N,129°34.1′E,6 km,2.4,震度１,29.245,129.5683333
2025/7/3,14:31:07,トカラ列島近海,29°18.4′N,129°30.7′E,19 km,4.6,震度４,29.30666667,129.5116667
2025/7/3,14:38:01,トカラ列島近海,29°16.9′N,129°31.3′E,14 km,2.7,震度１,29.28166667,129.5216667
2025/7/3,14:41:39,トカラ列島近海,29°17.9′N,129°28.4′E,22 km,2.3,震度１,29.29833333,129.4733333
2025/7/3,14:46:16,トカラ列島近海,29°18.4′N,129°34.5′E,9 km,2.5,震度１,29.30666667,129.575
2025/7/3,14:54:13,トカラ列島近海,29°17.8′N,129°33.2′E,15 km,2.6,震度１,29.29666667,129.5533333
2025/7/3,14:55:27,トカラ列島近海,29°24.7′N,129°27.9′E,0 km,2.4,震度１,29.41166667,129.465
2025/7/3,15:08:12,トカラ列島近海,29°19.5′N,129°25.3′E,16 km,2.6,震度１,29.325,129.4216667
2025/7/3,15:09:47,トカラ列島近海,29°18.8′N,129°31.8′E,17 km,3.5,震度２,29.31333333,129.53
2025/7/3,15:11:48,トカラ列島近海,29°20.5′N,129°25.8′E,21 km,4.8,震度４,29.34166667,129.43
2025/7/3,15:14:40,トカラ列島近海,29°20.3′N,129°25.6′E,22 km,,震度１,29.33833333,129.4266667
2025/7/3,15:15:14,トカラ列島近海,29°15.7′N,129°24.5′E,12 km,2.7,震度１,29.26166667,129.4083333
2025/7/3,15:18:12,トカラ列島近海,29°20.1′N,129°28.4′E,9 km,4.6,震度４,29.335,129.4733333
2025/7/3,15:19:58,トカラ列島近海,29°15.7′N,129°28.6′E,17 km,,震度１,29.26166667,129.4766667
2025/7/3,15:22:18,トカラ列島近海,29°17.4′N,129°30.2′E,14 km,,震度１,29.29,129.5033333
2025/7/3,15:24:19,トカラ列島近海,29°17.4′N,129°28.3′E,20 km,2.3,震度１,29.29,129.4716667
2025/7/3,15:26:47,トカラ列島近海,29°18.3′N,129°31.4′E,18 km,3.1,震度２,29.305,129.5233333
2025/7/3,15:27:11,トカラ列島近海,29°20.9′N,129°27.2′E,16 km,,震度２,29.34833333,129.4533333
2025/7/3,15:29:17,トカラ列島近海,29°14.3′N,129°10.3′E,22 km,,震度１,29.23833333,129.1716667
2025/7/3,15:30:55,トカラ列島近海,29°18.7′N,129°33.7′E,0 km,3,震度１,29.31166667,129.5616667
2025/7/3,15:31:37,トカラ列島近海,29°20.0′N,129°25.0′E,27 km,2.8,震度２,29.33333333,129.4166667
2025/7/3,15:32:18,トカラ列島近海,29°15.2′N,129°32.3′E,5 km,,震度１,29.25333333,129.5383333
2025/7/3,15:33:41,トカラ列島近海,29°19.2′N,129°33.2′E,13 km,3.2,震度２,29.32,129.5533333
2025/7/3,15:35:02,トカラ列島近海,29°21.0′N,129°30.2′E,23 km,3.8,震度４,29.35,129.5033333
2025/7/3,15:38:41,トカラ列島近海,29°16.2′N,129°30.5′E,6 km,,震度２,29.27,129.5083333
2025/7/3,15:40:50,トカラ列島近海,29°17.8′N,129°28.6′E,19 km,2.7,震度１,29.29666667,129.4766667
2025/7/3,15:41:56,トカラ列島近海,29°17.3′N,129°29.4′E,16 km,3.9,震度３,29.28833333,129.49
2025/7/3,15:43:29,トカラ列島近海,29°18.2′N,129°27.8′E,23 km,2.9,震度１,29.30333333,129.4633333
2025/7/3,15:45:42,トカラ列島近海,29°19.2′N,129°32.9′E,10 km,3,震度２,29.32,129.5483333
2025/7/3,15:46:27,トカラ列島近海,29°09.9′N,129°38.8′E,12 km,1.9,震度１,29.165,129.6466667
2025/7/3,15:48:05,トカラ列島近海,29°20.1′N,129°29.4′E,20 km,3.1,震度２,29.335,129.49
2025/7/3,15:49:48,トカラ列島近海,29°20.0′N,129°24.1′E,16 km,,震度１,29.33333333,129.4016667
2025/7/3,15:51:01,トカラ列島近海,29°19.6′N,129°30.2′E,20 km,3.5,震度２,29.32666667,129.5033333
2025/7/3,15:53:04,トカラ列島近海,29°12.6′N,129°29.8′E,32 km,3.1,震度２,29.21,129.4966667
2025/7/3,15:53:36,トカラ列島近海,29°21.9′N,129°24.6′E,30 km,3,震度２,29.365,129.41
2025/7/3,15:55:31,トカラ列島近海,29°18.4′N,129°26.7′E,25 km,2.2,震度１,29.30666667,129.445
2025/7/3,15:56:40,トカラ列島近海,29°17.1′N,129°27.1′E,18 km,,震度１,29.285,129.4516667
2025/7/3,15:57:09,トカラ列島近海,29°16.8′N,129°30.9′E,17 km,2.6,震度１,29.28,129.515
2025/7/3,15:58:58,トカラ列島近海,29°21.9′N,129°27.4′E,24 km,3.1,震度２,29.365,129.4566667
2025/7/3,15:59:41,トカラ列島近海,29°15.3′N,129°31.8′E,14 km,3,震度２,29.255,129.53
2025/7/3,16:00:22,トカラ列島近海,29°15.0′N,129°31.8′E,13 km,,震度１,29.25,129.53
2025/7/3,16:01:14,トカラ列島近海,29°14.3′N,129°34.4′E,6 km,3,震度２,29.23833333,129.5733333
2025/7/3,16:03:05,トカラ列島近海,29°20.3′N,129°32.2′E,20 km,3.3,震度３,29.33833333,129.5366667
2025/7/3,16:04:17,トカラ列島近海,29°20.7′N,129°29.5′E,18 km,4.2,震度３,29.345,129.4916667
2025/7/3,16:05:59,トカラ列島近海,29°15.8′N,129°31.9′E,16 km,,震度２,29.26333333,129.5316667
2025/7/3,16:07:01,トカラ列島近海,29°15.5′N,129°31.9′E,16 km,2.7,震度２,29.25833333,129.5316667
2025/7/3,16:07:51,トカラ列島近海,29°14.8′N,129°32.5′E,9 km,2.9,震度２,29.24666667,129.5416667
2025/7/3,16:09:50,トカラ列島近海,29°21.0′N,129°26.2′E,29 km,3.3,震度２,29.35,129.4366667
2025/7/3,16:11:09,トカラ列島近海,29°22.1′N,129°25.0′E,30 km,2.8,震度２,29.36833333,129.4166667
2025/7/3,16:13:01,トカラ列島近海,29°21.4′N,129°31.3′E,20 km,5.5,震度６弱,29.35666667,129.5216667
2025/7/3,16:14:33,トカラ列島近海,29°21.9′N,129°21.3′E,32 km,,震度３,29.365,129.355
2025/7/3,16:15:05,トカラ列島近海,29°18.0′N,129°25.0′E,19 km,,震度１,29.3,129.4166667
2025/7/3,16:16:37,トカラ列島近海,29°22.3′N,129°20.4′E,27 km,,震度１,29.37166667,129.34
2025/7/3,16:17:39,トカラ列島近海,29°20.3′N,129°28.8′E,25 km,,震度２,29.33833333,129.48
2025/7/3,16:18:17,トカラ列島近海,29°19.3′N,129°23.6′E,19 km,,震度１,29.32166667,129.3933333
2025/7/3,16:19:37,トカラ列島近海,29°25.1′N,129°20.2′E,29 km,2.6,震度１,29.41833333,129.3366667
2025/7/3,16:22:26,トカラ列島近海,29°22.9′N,129°20.7′E,27 km,2.6,震度１,29.38166667,129.345
2025/7/3,16:24:45,トカラ列島近海,29°15.2′N,129°38.2′E,14 km,2.6,震度１,29.25333333,129.6366667
2025/7/3,16:31:29,トカラ列島近海,29°19.6′N,129°30.1′E,20 km,2,震度１,29.32666667,129.5016667
2025/7/3,16:34:34,トカラ列島近海,29°20.2′N,129°29.4′E,23 km,2.1,震度１,29.33666667,129.49
2025/7/3,16:37:12,トカラ列島近海,29°19.8′N,129°33.6′E,10 km,,震度１,29.33,129.56
2025/7/3,16:37:57,トカラ列島近海,29°17.9′N,129°33.1′E,11 km,1.8,震度１,29.29833333,129.5516667
2025/7/3,16:39:09,トカラ列島近海,29°23.0′N,129°32.1′E,17 km,,震度１,29.38333333,129.535
2025/7/3,16:42:00,トカラ列島近海,29°19.1′N,129°34.0′E,1 km,2.7,震度２,29.31833333,129.5666667
2025/7/3,16:42:55,トカラ列島近海,29°17.8′N,129°13.1′E,6 km,2.7,震度１,29.29666667,129.2183333
2025/7/3,16:45:36,トカラ列島近海,29°18.0′N,129°33.3′E,12 km,2.4,震度１,29.3,129.555
2025/7/3,16:49:33,トカラ列島近海,29°16.7′N,129°43.0′E,1 km,2.7,震度１,29.27833333,129.7166667
2025/7/3,16:53:22,トカラ列島近海,29°21.1′N,129°34.8′E,13 km,2.5,震度１,29.35166667,129.58
2025/7/3,16:57:23,トカラ列島近海,29°21.6′N,129°36.2′E,5 km,2.6,震度２,29.36,129.6033333
2025/7/3,16:58:16,トカラ列島近海,29°17.4′N,129°33.4′E,11 km,2.2,震度１,29.29,129.5566667
2025/7/3,17:01:07,トカラ列島近海,29°21.5′N,129°30.8′E,19 km,2.1,震度１,29.35833333,129.5133333
2025/7/3,17:02:16,トカラ列島近海,29°21.9′N,129°18.7′E,0 km,,震度１,29.365,129.3116667
2025/7/3,17:03:54,トカラ列島近海,29°22.3′N,129°33.1′E,14 km,3.3,震度３,29.37166667,129.5516667
2025/7/3,17:17:51,トカラ列島近海,29°19.1′N,129°34.3′E,14 km,2.1,震度１,29.31833333,129.5716667
2025/7/3,17:21:44,トカラ列島近海,29°23.3′N,129°33.1′E,12 km,2.6,震度２,29.38833333,129.5516667
2025/7/3,17:22:47,トカラ列島近海,29°19.6′N,129°31.9′E,16 km,,震度１,29.32666667,129.5316667
2025/7/3,17:24:58,トカラ列島近海,29°22.6′N,129°20.7′E,30 km,2.1,震度１,29.37666667,129.345
2025/7/3,17:25:57,トカラ列島近海,29°17.2′N,129°30.8′E,19 km,3.2,震度３,29.28666667,129.5133333
2025/7/3,17:29:11,トカラ列島近海,29°22.4′N,129°21.6′E,13 km,3,震度１,29.37333333,129.36
2025/7/3,17:30:59,トカラ列島近海,29°23.0′N,129°25.8′E,12 km,2.5,震度１,29.38333333,129.43
2025/7/3,17:33:51,トカラ列島近海,29°19.0′N,129°30.5′E,11 km,2.6,震度１,29.31666667,129.5083333
2025/7/3,17:35:30,トカラ列島近海,29°21.7′N,129°27.9′E,6 km,2.5,震度１,29.36166667,129.465
2025/7/3,17:39:11,トカラ列島近海,29°18.2′N,129°27.8′E,27 km,2.4,震度２,29.30333333,129.4633333
2025/7/3,17:42:43,トカラ列島近海,29°18.8′N,129°31.3′E,19 km,2.5,震度１,29.31333333,129.5216667
2025/7/3,17:43:26,トカラ列島近海,29°19.8′N,129°30.5′E,19 km,2.4,震度１,29.33,129.5083333
2025/7/3,17:46:45,トカラ列島近海,29°19.1′N,129°34.1′E,9 km,2.6,震度１,29.31833333,129.5683333
2025/7/3,17:58:58,トカラ列島近海,29°21.5′N,129°27.7′E,9 km,2.6,震度１,29.35833333,129.4616667
2025/7/3,18:01:06,トカラ列島近海,29°27.0′N,129°24.9′E,25 km,2,震度１,29.45,129.415
2025/7/3,18:12:57,トカラ列島近海,29°24.3′N,129°22.6′E,28 km,1.5,震度１,29.405,129.3766667
2025/7/3,18:14:14,トカラ列島近海,29°28.1′N,129°23.4′E,30 km,1.9,震度１,29.46833333,129.39
2025/7/3,18:19:23,トカラ列島近海,29°18.0′N,129°33.3′E,7 km,3,震度２,29.3,129.555
2025/7/3,18:32:10,トカラ列島近海,29°17.6′N,129°31.6′E,9 km,2.2,震度１,29.29333333,129.5266667
2025/7/3,18:40:05,トカラ列島近海,29°21.3′N,129°31.0′E,12 km,2.6,震度１,29.355,129.5166667
2025/7/3,18:47:26,トカラ列島近海,29°21.2′N,129°32.9′E,9 km,1.9,震度１,29.35333333,129.5483333
2025/7/3,18:48:57,トカラ列島近海,29°22.7′N,129°32.3′E,10 km,2.8,震度２,29.37833333,129.5383333
2025/7/3,18:58:43,トカラ列島近海,29°23.5′N,129°30.9′E,20 km,2.3,震度１,29.39166667,129.515
2025/7/3,19:03:24,トカラ列島近海,29°22.2′N,129°33.1′E,9 km,2.6,震度２,29.37,129.5516667
2025/7/3,19:09:27,トカラ列島近海,29°20.8′N,129°32.4′E,13 km,2.1,震度１,29.34666667,129.54
2025/7/3,19:19:32,トカラ列島近海,29°20.6′N,129°30.3′E,19 km,2.8,震度１,29.34333333,129.505
2025/7/3,19:30:56,トカラ列島近海,29°19.9′N,129°31.3′E,14 km,2.6,震度２,29.33166667,129.5216667
2025/7/3,19:43:10,トカラ列島近海,29°24.5′N,129°36.8′E,5 km,2.1,震度１,29.40833333,129.6133333
2025/7/3,20:12:37,トカラ列島近海,29°19.4′N,129°26.5′E,15 km,2.5,震度１,29.32333333,129.4416667
2025/7/3,20:14:34,トカラ列島近海,29°19.1′N,129°33.6′E,7 km,2.4,震度１,29.31833333,129.56
2025/7/3,20:15:31,トカラ列島近海,29°20.6′N,129°34.1′E,17 km,2.1,震度１,29.34333333,129.5683333
2025/7/3,20:21:14,トカラ列島近海,29°23.0′N,129°31.6′E,13 km,2.9,震度２,29.38333333,129.5266667
2025/7/3,20:29:51,トカラ列島近海,29°21.2′N,129°37.1′E,5 km,2.3,震度１,29.35333333,129.6183333
2025/7/3,21:19:02,トカラ列島近海,29°19.6′N,129°29.9′E,18 km,3.1,震度２,29.32666667,129.4983333
2025/7/3,21:21:10,トカラ列島近海,29°28.8′N,129°24.1′E,28 km,2.3,震度１,29.48,129.4016667
2025/7/3,21:23:00,トカラ列島近海,29°21.0′N,129°36.7′E,1 km,1.9,震度１,29.35,129.6116667
2025/7/3,21:28:33,日向灘,32°41.9′N,132°19.5′E,38 km,4,震度２,32.69833333,132.325
2025/7/3,21:35:20,トカラ列島近海,29°18.0′N,129°33.0′E,0 km,2.9,震度２,29.3,129.55
2025/7/3,21:45:39,トカラ列島近海,29°26.0′N,129°35.8′E,7 km,1.9,震度１,29.43333333,129.5966667
2025/7/3,21:51:23,トカラ列島近海,29°21.9′N,129°32.8′E,3 km,2.2,震度１,29.365,129.5466667
2025/7/3,22:02:10,トカラ列島近海,29°20.3′N,129°33.4′E,5 km,2.1,震度１,29.33833333,129.5566667
2025/7/3,22:13:23,トカラ列島近海,29°20.5′N,129°28.9′E,22 km,4.2,震度３,29.34166667,129.4816667
2025/7/3,22:18:17,トカラ列島近海,29°22.4′N,129°36.0′E,15 km,2.8,震度３,29.37333333,129.6
2025/7/3,22:19:36,トカラ列島近海,29°26.6′N,129°35.7′E,5 km,,震度１,29.44333333,129.595
2025/7/3,22:20:45,トカラ列島近海,29°26.2′N,129°36.4′E,6 km,1.9,震度１,29.43666667,129.6066667
2025/7/3,22:23:32,トカラ列島近海,29°26.9′N,129°35.6′E,12 km,3,震度３,29.44833333,129.5933333
2025/7/3,22:35:47,トカラ列島近海,29°25.1′N,129°36.3′E,5 km,1.4,震度１,29.41833333,129.605
2025/7/3,22:37:15,トカラ列島近海,29°20.6′N,129°28.8′E,16 km,2.5,震度１,29.34333333,129.48
2025/7/3,22:45:18,トカラ列島近海,29°18.6′N,129°34.5′E,6 km,,震度１,29.31,129.575
2025/7/3,22:51:15,トカラ列島近海,29°21.7′N,129°29.7′E,19 km,2,震度１,29.36166667,129.495
2025/7/3,22:58:07,トカラ列島近海,29°27.1′N,129°35.0′E,10 km,2.8,震度２,29.45166667,129.5833333
2025/7/3,23:07:56,トカラ列島近海,29°19.8′N,129°31.5′E,18 km,2.8,震度２,29.33,129.525
2025/7/3,23:09:04,トカラ列島近海,29°24.6′N,129°37.1′E,6 km,,震度１,29.41,129.6183333
2025/7/3,23:14:15,トカラ列島近海,29°18.4′N,129°34.7′E,9 km,2.4,震度２,29.30666667,129.5783333
2025/7/3,23:17:03,トカラ列島近海,29°21.2′N,129°35.7′E,11 km,1.9,震度１,29.35333333,129.595
2025/7/3,23:23:25,トカラ列島近海,29°30.0′N,129°31.0′E,17 km,1.8,震度２,29.5,129.5166667
2025/7/3,23:25:52,トカラ列島近海,29°26.0′N,129°36.8′E,7 km,1.8,震度２,29.43333333,129.6133333
2025/7/3,23:38:54,トカラ列島近海,29°28.2′N,129°31.5′E,10 km,1.5,震度１,29.47,129.525
2025/7/4,0:02:59,トカラ列島近海,29°24.9′N,129°38.7′E,2 km,1.6,震度１,29.415,129.645
2025/7/4,0:03:56,トカラ列島近海,29°20.5′N,129°29.2′E,21 km,4.3,震度３,29.34166667,129.4866667
2025/7/4,0:13:52,トカラ列島近海,29°23.4′N,129°33.3′E,7 km,2.2,震度１,29.39,129.555
2025/7/4,0:16:19,トカラ列島近海,29°21.4′N,129°30.6′E,9 km,2.4,震度１,29.35666667,129.51
2025/7/4,0:23:19,トカラ列島近海,29°25.9′N,129°36.7′E,0 km,1.8,震度１,29.43166667,129.6116667
2025/7/4,0:26:59,トカラ列島近海,29°21.4′N,129°35.4′E,13 km,2.2,震度１,29.35666667,129.59
2025/7/4,0:38:58,トカラ列島近海,29°23.1′N,129°27.7′E,1 km,,震度１,29.385,129.4616667
2025/7/4,0:40:36,トカラ列島近海,29°22.0′N,129°19.8′E,18 km,2.9,震度２,29.36666667,129.33
2025/7/4,0:52:57,トカラ列島近海,29°20.2′N,129°36.2′E,8 km,2.1,震度１,29.33666667,129.6033333
2025/7/4,1:11:21,奄美大島近海,28°12.1′N,130°05.6′E,33 km,3.2,震度１,28.20166667,130.0933333
2025/7/4,1:57:28,トカラ列島近海,29°21.5′N,129°27.5′E,17 km,2.2,震度１,29.35833333,129.4583333
2025/7/4,2:03:57,トカラ列島近海,29°22.7′N,129°31.9′E,11 km,2.1,震度１,29.37833333,129.5316667
2025/7/4,2:24:33,トカラ列島近海,29°21.9′N,129°32.6′E,5 km,2.2,震度１,29.365,129.5433333
2025/7/4,2:41:27,トカラ列島近海,29°22.8′N,129°33.6′E,9 km,2.3,震度１,29.38,129.56
2025/7/4,2:59:30,トカラ列島近海,29°19.6′N,129°33.0′E,18 km,2.6,震度２,29.32666667,129.55
2025/7/4,3:06:39,トカラ列島近海,29°27.3′N,129°36.3′E,7 km,1.5,震度１,29.455,129.605
2025/7/4,3:30:29,トカラ列島近海,29°19.9′N,129°32.8′E,16 km,2.3,震度１,29.33166667,129.5466667
2025/7/4,3:34:36,トカラ列島近海,29°27.8′N,129°35.5′E,7 km,1.9,震度２,29.46333333,129.5916667
2025/7/4,3:55:45,トカラ列島近海,29°20.3′N,129°35.2′E,14 km,2.6,震度１,29.33833333,129.5866667
2025/7/4,3:57:15,トカラ列島近海,29°19.8′N,129°35.5′E,11 km,2.3,震度１,29.33,129.5916667
2025/7/4,4:00:44,トカラ列島近海,29°21.6′N,129°22.7′E,11 km,2.2,震度１,29.36,129.3783333
2025/7/4,4:03:23,トカラ列島近海,29°22.7′N,129°32.6′E,14 km,2.4,震度１,29.37833333,129.5433333
2025/7/4,4:09:21,トカラ列島近海,29°22.9′N,129°41.6′E,8 km,0.8,震度１,29.38166667,129.6933333
2025/7/4,4:14:53,トカラ列島近海,29°22.2′N,129°33.4′E,10 km,2.2,震度１,29.37,129.5566667
2025/7/4,4:34:28,トカラ列島近海,29°19.5′N,129°25.4′E,14 km,2.7,震度１,29.325,129.4233333
2025/7/4,4:35:45,トカラ列島近海,29°21.8′N,129°32.1′E,11 km,2.5,震度１,29.36333333,129.535
2025/7/4,4:38:25,トカラ列島近海,29°18.4′N,129°27.2′E,7 km,2.7,震度１,29.30666667,129.4533333
2025/7/4,4:39:43,トカラ列島近海,29°18.9′N,129°24.4′E,14 km,2.6,震度１,29.315,129.4066667
2025/7/4,4:46:29,トカラ列島近海,29°26.7′N,129°33.8′E,8 km,1.5,震度１,29.445,129.5633333
2025/7/4,5:00:19,トカラ列島近海,29°22.8′N,129°33.2′E,8 km,2.5,震度１,29.38,129.5533333
2025/7/4,5:10:28,トカラ列島近海,29°29.5′N,129°23.9′E,10 km,1.9,震度１,29.49166667,129.3983333
2025/7/4,5:17:12,トカラ列島近海,29°27.2′N,129°28.5′E,24 km,1.5,震度１,29.45333333,129.475
2025/7/4,6:14:04,トカラ列島近海,29°23.6′N,129°34.5′E,14 km,2.8,震度３,29.39333333,129.575
2025/7/4,6:40:30,トカラ列島近海,29°22.4′N,129°28.7′E,21 km,,震度１,29.37333333,129.4783333
2025/7/4,7:00:21,トカラ列島近海,29°22.1′N,129°32.7′E,13 km,2.6,震度１,29.36833333,129.545
2025/7/4,7:45:25,トカラ列島近海,29°24.1′N,129°32.5′E,16 km,2.4,震度１,29.40166667,129.5416667
2025/7/4,8:36:44,トカラ列島近海,29°20.7′N,129°26.5′E,16 km,2.4,震度１,29.345,129.4416667
2025/7/4,8:39:55,トカラ列島近海,29°20.3′N,129°27.7′E,22 km,3.6,震度３,29.33833333,129.4616667
2025/7/4,8:42:01,トカラ列島近海,29°18.0′N,129°33.1′E,16 km,2.5,震度１,29.3,129.5516667
2025/7/4,8:43:14,トカラ列島近海,29°18.5′N,129°32.1′E,17 km,2.6,震度１,29.30833333,129.535
2025/7/4,8:45:15,トカラ列島近海,29°20.9′N,129°29.8′E,18 km,2.9,震度２,29.34833333,129.4966667
2025/7/4,8:59:30,トカラ列島近海,29°16.7′N,129°29.0′E,22 km,2.2,震度１,29.27833333,129.4833333
2025/7/4,9:02:57,トカラ列島近海,29°21.1′N,129°29.5′E,23 km,4.3,震度４,29.35166667,129.4916667
2025/7/4,9:11:24,トカラ列島近海,29°18.1′N,129°32.7′E,12 km,2.2,震度１,29.30166667,129.545
2025/7/4,9:12:42,トカラ列島近海,29°17.6′N,129°35.1′E,8 km,2.3,震度１,29.29333333,129.585
2025/7/4,9:13:56,トカラ列島近海,29°20.1′N,129°28.8′E,18 km,3.2,震度２,29.335,129.48
2025/7/4,9:15:24,トカラ列島近海,29°18.2′N,129°31.9′E,19 km,2.6,震度１,29.30333333,129.5316667
2025/7/4,9:33:38,トカラ列島近海,29°20.3′N,129°28.2′E,24 km,2.7,震度１,29.33833333,129.47
2025/7/4,9:35:48,トカラ列島近海,29°19.0′N,129°32.4′E,16 km,2.2,震度１,29.31666667,129.54
2025/7/4,9:36:34,トカラ列島近海,29°21.4′N,129°32.1′E,20 km,2.6,震度１,29.35666667,129.535
2025/7/4,9:43:05,トカラ列島近海,29°19.7′N,129°30.8′E,16 km,2.3,震度１,29.32833333,129.5133333
2025/7/4,9:45:51,トカラ列島近海,29°19.1′N,129°30.9′E,17 km,3.2,震度２,29.31833333,129.515
2025/7/4,9:53:31,トカラ列島近海,29°19.1′N,129°29.5′E,15 km,2.5,震度１,29.31833333,129.4916667
2025/7/4,9:57:25,トカラ列島近海,29°19.6′N,129°32.2′E,19 km,2.6,震度１,29.32666667,129.5366667
2025/7/4,9:58:19,トカラ列島近海,29°22.2′N,129°27.1′E,24 km,3.5,震度３,29.37,129.4516667
2025/7/4,9:59:10,トカラ列島近海,29°18.0′N,129°33.8′E,8 km,,震度２,29.3,129.5633333
2025/7/4,9:59:55,トカラ列島近海,29°15.7′N,129°24.7′E,20 km,,震度１,29.26166667,129.4116667
2025/7/4,10:06:14,トカラ列島近海,29°21.9′N,129°26.3′E,22 km,2.5,震度１,29.365,129.4383333
2025/7/4,10:07:50,トカラ列島近海,29°19.6′N,129°31.1′E,16 km,3.7,震度３,29.32666667,129.5183333
2025/7/4,10:11:22,トカラ列島近海,29°20.9′N,129°30.2′E,14 km,2.4,震度１,29.34833333,129.5033333
2025/7/4,10:14:47,トカラ列島近海,29°19.7′N,129°28.2′E,14 km,2.3,震度１,29.32833333,129.47
2025/7/4,10:17:39,トカラ列島近海,29°20.4′N,129°29.6′E,20 km,3.2,震度２,29.34,129.4933333
2025/7/4,10:19:53,トカラ列島近海,29°19.8′N,129°29.9′E,18 km,2.9,震度３,29.33,129.4983333
2025/7/4,10:27:08,トカラ列島近海,29°23.0′N,129°27.2′E,26 km,2.3,震度１,29.38333333,129.4533333
2025/7/4,10:33:38,トカラ列島近海,29°18.9′N,129°31.7′E,12 km,2.2,震度１,29.315,129.5283333
2025/7/4,10:35:49,トカラ列島近海,29°17.1′N,129°34.2′E,11 km,3,震度２,29.285,129.57
2025/7/4,10:41:04,トカラ列島近海,29°20.1′N,129°30.1′E,15 km,2.5,震度１,29.335,129.5016667
2025/7/4,10:57:36,トカラ列島近海,29°19.8′N,129°36.0′E,13 km,2,震度１,29.33,129.6
2025/7/4,11:05:49,トカラ列島近海,29°25.9′N,129°33.8′E,8 km,2.5,震度２,29.43166667,129.5633333
2025/7/4,11:17:19,トカラ列島近海,29°20.2′N,129°30.6′E,18 km,2.6,震度１,29.33666667,129.51
2025/7/4,11:38:35,トカラ列島近海,29°21.5′N,129°27.7′E,19 km,2.8,震度２,29.35833333,129.4616667
2025/7/4,12:01:30,トカラ列島近海,29°21.8′N,129°33.2′E,15 km,1.8,震度１,29.36333333,129.5533333
2025/7/4,12:06:44,日向灘,32°02.0′N,131°52.4′E,25 km,3,震度１,32.03333333,131.8733333
2025/7/4,12:20:27,トカラ列島近海,29°20.8′N,129°28.7′E,22 km,4.4,震度４,29.34666667,129.4783333
2025/7/4,12:23:20,トカラ列島近海,29°19.9′N,129°29.6′E,24 km,2.2,震度１,29.33166667,129.4933333
2025/7/4,12:24:32,トカラ列島近海,29°19.0′N,129°24.0′E,26 km,2.3,震度１,29.31666667,129.4
2025/7/4,12:48:32,トカラ列島近海,29°28.8′N,129°24.0′E,23 km,,震度１,29.48,129.4
2025/7/4,12:54:20,トカラ列島近海,29°37.8′N,129°33.3′E,0 km,1.4,震度１,29.63,129.555
2025/7/4,13:06:01,日向灘,31°31.3′N,131°44.5′E,26 km,3.8,震度１,31.52166667,131.7416667
2025/7/4,13:09:42,トカラ列島近海,29°20.2′N,129°29.2′E,20 km,3,震度１,29.33666667,129.4866667
2025/7/4,13:22:03,トカラ列島近海,29°18.5′N,129°30.9′E,17 km,2.7,震度２,29.30833333,129.515
2025/7/4,13:33:43,トカラ列島近海,29°19.2′N,129°33.2′E,15 km,2,震度１,29.32,129.5533333
2025/7/4,13:50:44,トカラ列島近海,29°20.8′N,129°26.6′E,19 km,3.8,震度３,29.34666667,129.4433333
2025/7/4,13:52:35,トカラ列島近海,29°21.3′N,129°27.0′E,24 km,3.4,震度２,29.355,129.45
2025/7/4,14:07:54,千葉県東方沖,35°19.3′N,140°36.1′E,44 km,3,震度１,35.32166667,140.6016667
2025/7/4,14:14:20,トカラ列島近海,29°22.0′N,129°21.7′E,23 km,2.7,震度１,29.36666667,129.3616667
2025/7/4,14:26:48,トカラ列島近海,29°12.9′N,129°12.4′E,11 km,2.1,震度１,29.215,129.2066667
2025/7/4,14:36:23,トカラ列島近海,29°23.4′N,129°32.8′E,16 km,3.6,震度３,29.39,129.5466667
2025/7/4,14:38:24,トカラ列島近海,29°16.8′N,129°17.1′E,5 km,,震度１,29.28,129.285
2025/7/4,14:41:17,トカラ列島近海,29°23.9′N,129°30.9′E,13 km,2.4,震度１,29.39833333,129.515
2025/7/4,14:51:37,トカラ列島近海,29°22.4′N,129°32.6′E,1 km,2.7,震度１,29.37333333,129.5433333
2025/7/4,15:10:52,トカラ列島近海,29°20.3′N,129°21.6′E,32 km,2.9,震度２,29.33833333,129.36
2025/7/4,15:56:17,トカラ列島近海,29°19.6′N,129°29.7′E,15 km,2.2,震度１,29.32666667,129.495
2025/7/4,16:14:40,トカラ列島近海,29°17.6′N,129°35.5′E,20 km,2.4,震度１,29.29333333,129.5916667
2025/7/4,16:41:35,トカラ列島近海,29°20.8′N,129°30.5′E,16 km,2.3,震度１,29.34666667,129.5083333
2025/7/4,16:51:36,トカラ列島近海,29°25.8′N,129°24.4′E,30 km,2,震度１,29.43,129.4066667
2025/7/4,16:56:47,岩手県沿岸北部,39°36.3′N,142°00.2′E,56 km,4,震度２,39.605,142.0033333
2025/7/4,17:36:56,トカラ列島近海,29°23.1′N,129°30.5′E,21 km,2.3,震度１,29.385,129.5083333
2025/7/4,17:48:09,トカラ列島近海,29°20.9′N,129°27.2′E,22 km,2.4,震度１,29.34833333,129.4533333
2025/7/4,17:49:58,トカラ列島近海,29°19.6′N,129°28.7′E,18 km,2.2,震度１,29.32666667,129.4783333
2025/7/4,17:51:27,トカラ列島近海,29°21.5′N,129°30.1′E,23 km,2.4,震度１,29.35833333,129.5016667
2025/7/4,17:53:13,トカラ列島近海,29°19.3′N,129°29.9′E,18 km,2.5,震度１,29.32166667,129.4983333
2025/7/4,18:12:24,トカラ列島近海,29°20.1′N,129°27.5′E,26 km,2.2,震度１,29.335,129.4583333
2025/7/4,18:20:01,トカラ列島近海,29°20.5′N,129°28.0′E,18 km,4.4,震度４,29.34166667,129.4666667
2025/7/4,18:30:16,トカラ列島近海,29°21.9′N,129°25.4′E,20 km,2.5,震度１,29.365,129.4233333
2025/7/4,18:36:08,トカラ列島近海,29°18.7′N,129°30.5′E,16 km,3.3,震度３,29.31166667,129.5083333
2025/7/4,18:45:13,トカラ列島近海,29°21.7′N,129°28.2′E,19 km,2.9,震度２,29.36166667,129.47
2025/7/4,19:12:49,トカラ列島近海,29°20.7′N,129°29.1′E,20 km,2.9,震度２,29.345,129.485
2025/7/4,19:23:40,トカラ列島近海,29°20.5′N,129°27.7′E,16 km,2.5,震度１,29.34166667,129.4616667
2025/7/4,19:28:27,トカラ列島近海,29°19.8′N,129°29.1′E,13 km,2.4,震度１,29.33,129.485
2025/7/4,20:06:48,トカラ列島近海,29°19.6′N,129°27.8′E,14 km,2.2,震度１,29.32666667,129.4633333
2025/7/4,20:54:05,トカラ列島近海,29°20.5′N,129°29.8′E,18 km,2.3,震度１,29.34166667,129.4966667
2025/7/4,20:56:17,トカラ列島近海,29°19.0′N,129°30.3′E,16 km,2.2,震度１,29.31666667,129.505
2025/7/4,21:31:29,トカラ列島近海,29°23.0′N,129°35.1′E,8 km,3.1,震度２,29.38333333,129.585
2025/7/4,21:45:03,トカラ列島近海,29°21.0′N,129°27.8′E,20 km,2.6,震度１,29.35,129.4633333
2025/7/4,22:09:30,トカラ列島近海,29°21.9′N,129°30.1′E,19 km,2.9,震度２,29.365,129.5016667
2025/7/4,22:47:40,トカラ列島近海,29°19.7′N,129°30.2′E,9 km,2.5,震度１,29.32833333,129.5033333
2025/7/4,23:04:35,トカラ列島近海,29°22.5′N,129°32.6′E,12 km,2.4,震度１,29.375,129.5433333
2025/7/4,23:45:12,トカラ列島近海,29°21.5′N,129°26.2′E,17 km,2.3,震度１,29.35833333,129.4366667
2025/7/4,23:52:44,トカラ列島近海,29°18.3′N,129°30.2′E,0 km,2.9,震度１,29.305,129.5033333
2025/7/5,0:18:19,トカラ列島近海,29°20.2′N,129°31.5′E,16 km,2.2,震度１,29.33666667,129.525
2025/7/5,0:56:40,トカラ列島近海,29°21.6′N,129°29.9′E,22 km,3,震度２,29.36,129.4983333
2025/7/5,1:00:06,トカラ列島近海,29°20.4′N,129°29.6′E,21 km,3.1,震度２,29.34,129.4933333
2025/7/5,1:29:56,トカラ列島近海,29°19.5′N,129°25.5′E,24 km,2.1,震度１,29.325,129.425
2025/7/5,1:40:25,トカラ列島近海,29°20.4′N,129°28.0′E,22 km,3,震度２,29.34,129.4666667
2025/7/5,2:04:48,トカラ列島近海,29°20.9′N,129°28.9′E,20 km,3.1,震度２,29.34833333,129.4816667
2025/7/5,2:28:09,トカラ列島近海,29°24.9′N,129°21.3′E,27 km,2.4,震度１,29.415,129.355
2025/7/5,2:35:58,茨城県南部,36°03.3′N,139°52.6′E,45 km,3.1,震度１,36.055,139.8766667
2025/7/5,2:58:04,トカラ列島近海,29°17.8′N,129°25.8′E,17 km,4.6,震度４,29.29666667,129.43
2025/7/5,3:00:49,トカラ列島近海,29°17.4′N,129°29.8′E,11 km,,震度１,29.29,129.4966667
2025/7/5,3:02:40,トカラ列島近海,29°19.4′N,129°30.4′E,17 km,4.3,震度３,29.32333333,129.5066667
2025/7/5,3:06:11,トカラ列島近海,29°15.5′N,129°30.0′E,11 km,2.7,震度１,29.25833333,129.5
2025/7/5,3:08:43,トカラ列島近海,29°18.9′N,129°30.3′E,8 km,2.4,震度１,29.315,129.505
2025/7/5,3:12:18,トカラ列島近海,29°18.2′N,129°31.9′E,11 km,3,震度２,29.30333333,129.5316667
2025/7/5,3:14:36,福島県沖,36°41.9′N,142°02.6′E,18 km,4.9,震度２,36.69833333,142.0433333
2025/7/5,3:15:36,トカラ列島近海,29°10.7′N,129°06.9′E,7 km,2.3,震度１,29.17833333,129.115
2025/7/5,3:17:42,トカラ列島近海,29°21.5′N,129°26.5′E,24 km,3.5,震度３,29.35833333,129.4416667
2025/7/5,3:19:17,トカラ列島近海,29°16.6′N,129°38.2′E,25 km,,震度１,29.27666667,129.6366667
2025/7/5,3:24:22,トカラ列島近海,29°20.4′N,129°28.4′E,17 km,2.8,震度２,29.34,129.4733333
2025/7/5,3:25:21,トカラ列島近海,29°20.9′N,129°29.0′E,18 km,2.9,震度２,29.34833333,129.4833333
2025/7/5,3:28:02,トカラ列島近海,29°20.6′N,129°28.4′E,22 km,2.8,震度１,29.34333333,129.4733333
2025/7/5,3:29:22,トカラ列島近海,29°21.3′N,129°15.3′E,31 km,2.2,震度１,29.355,129.255
2025/7/5,3:31:47,トカラ列島近海,29°21.8′N,129°27.7′E,16 km,2.8,震度１,29.36333333,129.4616667
2025/7/5,3:40:20,トカラ列島近海,29°20.9′N,129°24.1′E,26 km,1.4,震度１,29.34833333,129.4016667
2025/7/5,3:44:37,トカラ列島近海,29°21.0′N,129°29.0′E,22 km,4.8,震度４,29.35,129.4833333
2025/7/5,3:47:24,トカラ列島近海,29°23.1′N,129°25.4′E,27 km,2.7,震度１,29.385,129.4233333
2025/7/5,3:53:46,トカラ列島近海,29°21.7′N,129°28.6′E,17 km,2.4,震度１,29.36166667,129.4766667
2025/7/5,3:55:33,トカラ列島近海,29°14.0′N,129°37.6′E,9 km,2.1,震度１,29.23333333,129.6266667
2025/7/5,4:06:28,トカラ列島近海,29°19.1′N,129°29.4′E,19 km,3.5,震度３,29.31833333,129.49
2025/7/5,4:12:04,トカラ列島近海,29°19.7′N,129°31.1′E,15 km,2.7,震度１,29.32833333,129.5183333
2025/7/5,4:15:21,トカラ列島近海,29°20.3′N,129°30.1′E,17 km,2.7,震度１,29.33833333,129.5016667
2025/7/5,4:33:04,トカラ列島近海,29°19.3′N,129°31.2′E,14 km,2.4,震度１,29.32166667,129.52
2025/7/5,4:37:25,トカラ列島近海,29°19.5′N,129°29.3′E,19 km,3,震度２,29.325,129.4883333
2025/7/5,4:39:34,トカラ列島近海,29°19.3′N,129°29.5′E,18 km,2.4,震度１,29.32166667,129.4916667
2025/7/5,4:43:56,トカラ列島近海,29°20.4′N,129°27.2′E,17 km,3.1,震度２,29.34,129.4533333
2025/7/5,4:45:26,トカラ列島近海,29°17.7′N,129°12.7′E,25 km,3,震度１,29.295,129.2116667
2025/7/5,4:50:10,トカラ列島近海,29°20.8′N,129°31.4′E,20 km,3.3,震度３,29.34666667,129.5233333
2025/7/5,4:51:57,トカラ列島近海,29°19.8′N,129°27.2′E,15 km,3.1,震度２,29.33,129.4533333
2025/7/5,5:10:51,トカラ列島近海,29°18.6′N,129°31.2′E,12 km,2.5,震度１,29.31,129.52
2025/7/5,5:17:25,トカラ列島近海,29°23.1′N,129°31.6′E,22 km,2.7,震度２,29.385,129.5266667
2025/7/5,5:25:39,トカラ列島近海,29°20.7′N,129°31.5′E,21 km,2.7,震度２,29.345,129.525
2025/7/5,5:28:24,トカラ列島近海,29°20.3′N,129°29.8′E,18 km,2.5,震度１,29.33833333,129.4966667
2025/7/5,6:03:43,トカラ列島近海,29°18.9′N,129°27.6′E,21 km,2.6,震度１,29.315,129.46
2025/7/5,6:29:39,トカラ列島近海,29°20.1′N,129°28.2′E,19 km,5.4,震度５強,29.335,129.47
2025/7/5,6:34:03,トカラ列島近海,29°18.1′N,129°29.8′E,13 km,3.5,震度２,29.30166667,129.4966667
2025/7/5,6:37:03,トカラ列島近海,29°22.0′N,129°24.3′E,24 km,,震度１,29.36666667,129.405
2025/7/5,6:37:50,トカラ列島近海,29°20.1′N,129°26.5′E,9 km,3,震度２,29.335,129.4416667
2025/7/5,6:43:45,トカラ列島近海,29°19.3′N,129°28.3′E,13 km,2.5,震度２,29.32166667,129.4716667
2025/7/5,6:45:46,トカラ列島近海,29°21.3′N,129°27.4′E,21 km,2.4,震度１,29.355,129.4566667
2025/7/5,6:50:02,トカラ列島近海,29°19.5′N,129°27.1′E,12 km,2.3,震度１,29.325,129.4516667
2025/7/5,7:02:36,トカラ列島近海,29°17.5′N,129°26.0′E,18 km,2.9,震度２,29.29166667,129.4333333
2025/7/5,7:06:33,トカラ列島近海,29°19.0′N,129°32.6′E,1 km,2.6,震度１,29.31666667,129.5433333
2025/7/5,7:09:48,トカラ列島近海,29°19.3′N,129°32.2′E,14 km,2.4,震度１,29.32166667,129.5366667
2025/7/5,7:12:26,トカラ列島近海,29°19.9′N,129°28.6′E,4 km,2.4,震度１,29.33166667,129.4766667
2025/7/5,7:13:50,トカラ列島近海,29°21.4′N,129°29.1′E,16 km,3.1,震度２,29.35666667,129.485
2025/7/5,7:15:15,トカラ列島近海,29°22.1′N,129°25.6′E,20 km,,震度１,29.36833333,129.4266667
2025/7/5,7:17:21,トカラ列島近海,29°20.4′N,129°23.5′E,19 km,3.4,震度３,29.34,129.3916667
2025/7/5,7:20:26,トカラ列島近海,29°22.0′N,129°28.9′E,16 km,2.6,震度２,29.36666667,129.4816667
2025/7/5,7:30:01,トカラ列島近海,29°20.9′N,129°26.3′E,11 km,2.8,震度１,29.34833333,129.4383333
2025/7/5,7:31:04,トカラ列島近海,29°22.5′N,129°34.4′E,15 km,1.8,震度１,29.375,129.5733333
2025/7/5,7:38:42,トカラ列島近海,29°19.2′N,129°29.6′E,18 km,2.7,震度１,29.32,129.4933333
2025/7/5,8:05:39,トカラ列島近海,29°21.7′N,129°30.6′E,15 km,2.4,震度１,29.36166667,129.51
2025/7/5,8:08:36,トカラ列島近海,29°22.2′N,129°31.8′E,10 km,2.7,震度２,29.37,129.53
2025/7/5,8:40:30,トカラ列島近海,29°21.0′N,129°30.1′E,13 km,2.4,震度１,29.35,129.5016667
2025/7/5,8:43:10,トカラ列島近海,29°23.8′N,129°27.5′E,13 km,2.4,震度１,29.39666667,129.4583333
2025/7/5,8:45:45,トカラ列島近海,29°20.2′N,129°31.3′E,11 km,2.3,震度１,29.33666667,129.5216667
2025/7/5,8:57:18,トカラ列島近海,29°21.4′N,129°39.7′E,8 km,2.4,震度２,29.35666667,129.6616667
2025/7/5,8:59:16,トカラ列島近海,29°25.0′N,129°35.0′E,3 km,2.1,震度１,29.41666667,129.5833333
2025/7/5,9:01:54,トカラ列島近海,29°24.6′N,129°35.1′E,3 km,2.1,震度１,29.41,129.585
2025/7/5,9:09:08,トカラ列島近海,29°20.0′N,129°29.1′E,9 km,2.6,震度１,29.33333333,129.485
2025/7/5,9:33:25,トカラ列島近海,29°19.8′N,129°27.9′E,17 km,2.6,震度１,29.33,129.465
2025/7/5,9:54:44,トカラ列島近海,29°21.3′N,129°33.2′E,18 km,3,震度２,29.355,129.5533333
2025/7/5,10:18:42,トカラ列島近海,29°21.2′N,129°34.5′E,11 km,2.2,震度１,29.35333333,129.575
2025/7/5,10:32:09,トカラ列島近海,29°18.2′N,129°30.0′E,20 km,2.3,震度１,29.30333333,129.5
2025/7/5,10:32:55,トカラ列島近海,29°22.5′N,129°25.4′E,26 km,2.2,震度１,29.375,129.4233333
2025/7/5,10:52:59,トカラ列島近海,29°21.8′N,129°25.4′E,17 km,2.5,震度１,29.36333333,129.4233333
2025/7/5,10:56:36,トカラ列島近海,29°21.4′N,129°35.1′E,13 km,2,震度１,29.35666667,129.585
2025/7/5,11:02:20,トカラ列島近海,29°21.6′N,129°31.9′E,7 km,2.4,震度１,29.36,129.5316667
2025/7/5,11:03:13,トカラ列島近海,29°22.0′N,129°31.4′E,6 km,2.5,震度１,29.36666667,129.5233333
2025/7/5,11:16:19,トカラ列島近海,29°22.4′N,129°32.2′E,12 km,2.8,震度２,29.37333333,129.5366667
2025/7/5,11:56:26,トカラ列島近海,29°22.4′N,129°31.6′E,4 km,1.9,震度１,29.37333333,129.5266667
2025/7/5,12:00:33,トカラ列島近海,29°18.0′N,129°34.6′E,14 km,2.4,震度１,29.3,129.5766667
2025/7/5,12:36:00,トカラ列島近海,29°18.9′N,129°29.7′E,7 km,2.3,震度１,29.315,129.495
2025/7/5,12:41:18,トカラ列島近海,29°20.7′N,129°31.0′E,17 km,2.5,震度１,29.345,129.5166667
2025/7/5,12:44:30,トカラ列島近海,29°21.0′N,129°34.8′E,13 km,3.2,震度３,29.35,129.58
2025/7/5,12:47:43,トカラ列島近海,29°20.5′N,129°27.1′E,22 km,4.7,震度３,29.34166667,129.4516667
2025/7/5,13:59:43,トカラ列島近海,29°20.2′N,129°36.1′E,4 km,2.4,震度１,29.33666667,129.6016667
2025/7/5,14:25:54,トカラ列島近海,29°20.8′N,129°26.2′E,24 km,1.8,震度１,29.34666667,129.4366667
2025/7/5,14:44:41,トカラ列島近海,29°20.9′N,129°36.1′E,8 km,2.6,震度２,29.34833333,129.6016667
2025/7/5,14:52:16,トカラ列島近海,29°19.1′N,129°31.0′E,16 km,2.7,震度１,29.31833333,129.5166667
2025/7/5,15:42:22,トカラ列島近海,29°21.7′N,129°32.7′E,21 km,2.2,震度１,29.36166667,129.545
2025/7/5,16:07:30,トカラ列島近海,29°18.3′N,129°29.5′E,12 km,2.8,震度１,29.305,129.4916667
2025/7/5,16:10:25,トカラ列島近海,29°19.4′N,129°29.5′E,15 km,2.6,震度１,29.32333333,129.4916667
2025/7/5,16:12:29,トカラ列島近海,29°19.9′N,129°28.2′E,14 km,2.9,震度２,29.33166667,129.47
2025/7/5,16:15:26,トカラ列島近海,29°19.3′N,129°29.4′E,16 km,2.9,震度２,29.32166667,129.49
2025/7/5,16:16:37,トカラ列島近海,29°19.7′N,129°28.0′E,21 km,4.1,震度４,29.32833333,129.4666667
2025/7/5,16:18:56,トカラ列島近海,29°20.2′N,129°28.4′E,19 km,3.9,震度３,29.33666667,129.4733333
2025/7/5,16:23:26,トカラ列島近海,29°20.7′N,129°28.3′E,18 km,2.5,震度１,29.345,129.4716667
2025/7/5,16:24:32,トカラ列島近海,29°17.7′N,129°33.7′E,9 km,2.6,震度１,29.295,129.5616667
2025/7/5,16:28:19,トカラ列島近海,29°20.6′N,129°28.1′E,19 km,3.2,震度２,29.34333333,129.4683333
2025/7/5,16:29:02,トカラ列島近海,29°16.1′N,129°26.7′E,15 km,3,震度１,29.26833333,129.445
2025/7/5,16:33:23,トカラ列島近海,29°19.8′N,129°28.2′E,20 km,3.9,震度２,29.33,129.47
2025/7/5,16:38:52,トカラ列島近海,29°22.8′N,129°25.3′E,26 km,4,震度３,29.38,129.4216667
2025/7/5,16:40:28,トカラ列島近海,29°18.5′N,129°28.6′E,21 km,2.4,震度１,29.30833333,129.4766667
2025/7/5,16:50:09,トカラ列島近海,29°22.5′N,129°21.4′E,15 km,3.3,震度１,29.375,129.3566667
2025/7/5,16:53:24,トカラ列島近海,29°18.6′N,129°29.9′E,15 km,2.6,震度１,29.31,129.4983333
2025/7/5,16:57:15,トカラ列島近海,29°18.7′N,129°25.4′E,15 km,3.9,震度２,29.31166667,129.4233333
2025/7/5,16:57:51,トカラ列島近海,29°20.8′N,129°16.9′E,25 km,3.4,震度２,29.34666667,129.2816667
2025/7/5,17:52:42,トカラ列島近海,29°19.2′N,129°30.1′E,18 km,3,震度１,29.32,129.5016667
2025/7/5,18:15:30,トカラ列島近海,29°20.1′N,129°33.6′E,11 km,2.7,震度１,29.335,129.56
2025/7/5,18:36:33,トカラ列島近海,29°20.2′N,129°31.3′E,16 km,2.8,震度２,29.33666667,129.5216667
2025/7/5,18:52:59,トカラ列島近海,29°19.4′N,129°27.2′E,19 km,2.5,震度１,29.32333333,129.4533333
2025/7/5,19:05:32,岩手県沖,39°48.3′N,142°32.2′E,44 km,3.6,震度１,39.805,142.5366667
2025/7/5,19:07:34,トカラ列島近海,29°20.6′N,129°21.2′E,15 km,2.8,震度１,29.34333333,129.3533333
2025/7/5,19:10:02,熊本県熊本地方,32°29.8′N,130°33.6′E,11 km,3,震度１,32.49666667,130.56
2025/7/5,19:13:00,トカラ列島近海,29°19.6′N,129°28.2′E,19 km,2.9,震度１,29.32666667,129.47
2025/7/5,19:24:50,トカラ列島近海,29°19.3′N,129°30.2′E,17 km,3.3,震度２,29.32166667,129.5033333
2025/7/5,19:25:34,トカラ列島近海,29°32.8′N,129°15.2′E,18 km,,震度１,29.54666667,129.2533333
2025/7/5,19:49:13,トカラ列島近海,29°18.1′N,129°29.3′E,19 km,2.4,震度１,29.30166667,129.4883333
2025/7/5,20:12:06,トカラ列島近海,29°19.3′N,129°26.6′E,17 km,2.4,震度１,29.32166667,129.4433333
2025/7/5,20:14:14,トカラ列島近海,29°17.9′N,129°32.1′E,14 km,2.5,震度１,29.29833333,129.535
2025/7/5,20:20:16,トカラ列島近海,29°20.4′N,129°25.0′E,23 km,2.1,震度１,29.34,129.4166667
2025/7/5,20:25:38,トカラ列島近海,29°20.1′N,129°27.3′E,16 km,2.8,震度２,29.335,129.455
2025/7/5,20:26:11,トカラ列島近海,29°20.0′N,129°27.9′E,14 km,3.5,震度２,29.33333333,129.465
2025/7/5,20:28:39,トカラ列島近海,29°19.6′N,129°26.4′E,19 km,2.8,震度１,29.32666667,129.44
2025/7/5,20:30:09,トカラ列島近海,29°16.7′N,129°16.7′E,3 km,2.7,震度１,29.27833333,129.2783333
2025/7/5,20:31:01,トカラ列島近海,29°18.2′N,129°29.9′E,10 km,2.8,震度１,29.30333333,129.4983333
2025/7/5,20:34:08,トカラ列島近海,29°19.8′N,129°28.9′E,17 km,2.9,震度１,29.33,129.4816667
2025/7/5,20:35:29,トカラ列島近海,29°18.2′N,129°29.4′E,11 km,2.6,震度１,29.30333333,129.49
2025/7/5,20:37:33,トカラ列島近海,29°17.6′N,129°29.3′E,14 km,2.9,震度２,29.29333333,129.4883333
2025/7/5,20:40:11,トカラ列島近海,29°17.1′N,129°29.3′E,14 km,2.5,震度１,29.285,129.4883333
2025/7/5,20:48:04,トカラ列島近海,29°17.3′N,129°29.4′E,10 km,2.8,震度１,29.28833333,129.49
2025/7/5,20:52:52,トカラ列島近海,29°17.2′N,129°31.1′E,6 km,2.6,震度１,29.28666667,129.5183333
2025/7/5,22:12:59,トカラ列島近海,29°19.9′N,129°27.4′E,22 km,2.6,震度２,29.33166667,129.4566667
2025/7/5,22:38:35,トカラ列島近海,29°21.2′N,129°24.4′E,28 km,2.8,震度１,29.35333333,129.4066667
2025/7/5,22:47:05,トカラ列島近海,29°21.1′N,129°28.9′E,23 km,2.9,震度２,29.35166667,129.4816667
2025/7/5,22:49:13,トカラ列島近海,29°21.1′N,129°29.2′E,21 km,3.3,震度３,29.35166667,129.4866667
2025/7/5,22:59:35,トカラ列島近海,29°20.3′N,129°27.8′E,20 km,3.3,震度３,29.33833333,129.4633333
2025/7/5,23:05:08,トカラ列島近海,29°23.2′N,129°26.8′E,17 km,2.2,震度１,29.38666667,129.4466667
2025/7/5,23:11:00,トカラ列島近海,29°20.7′N,129°29.4′E,22 km,2.8,震度２,29.345,129.49
2025/7/5,23:33:26,トカラ列島近海,29°19.6′N,129°27.6′E,20 km,2.4,震度１,29.32666667,129.46
2025/7/5,23:39:39,トカラ列島近海,29°20.4′N,129°26.1′E,21 km,2.5,震度１,29.34,129.435
2025/7/6,0:12:46,トカラ列島近海,29°18.6′N,129°32.0′E,18 km,2.6,震度１,29.31,129.5333333
2025/7/6,0:30:11,トカラ列島近海,29°17.8′N,129°27.2′E,12 km,3.9,震度２,29.29666667,129.4533333
2025/7/6,0:38:29,トカラ列島近海,29°20.1′N,129°22.4′E,22 km,3.2,震度３,29.335,129.3733333
2025/7/6,1:00:08,トカラ列島近海,29°18.0′N,129°26.9′E,13 km,2.3,震度１,29.3,129.4483333
2025/7/6,1:10:45,トカラ列島近海,29°18.5′N,129°31.1′E,21 km,2.8,震度２,29.30833333,129.5183333
2025/7/6,1:44:20,トカラ列島近海,29°21.4′N,129°24.1′E,21 km,2.4,震度１,29.35666667,129.4016667
2025/7/6,1:57:15,トカラ列島近海,29°18.1′N,129°20.2′E,36 km,4,震度１,29.30166667,129.3366667
2025/7/6,3:55:39,トカラ列島近海,29°20.1′N,129°28.8′E,20 km,3,震度１,29.335,129.48
2025/7/6,4:20:17,トカラ列島近海,29°25.6′N,129°36.7′E,6 km,1.9,震度２,29.42666667,129.6116667
2025/7/6,4:33:02,トカラ列島近海,29°21.3′N,129°34.9′E,9 km,2.5,震度１,29.355,129.5816667
2025/7/6,4:37:04,トカラ列島近海,29°20.1′N,129°31.1′E,19 km,2.9,震度２,29.335,129.5183333
2025/7/6,4:40:28,トカラ列島近海,29°23.2′N,129°33.8′E,5 km,2.1,震度１,29.38666667,129.5633333
2025/7/6,4:42:59,トカラ列島近海,29°21.7′N,129°34.2′E,9 km,2.2,震度１,29.36166667,129.57
2025/7/6,4:45:12,トカラ列島近海,29°20.3′N,129°25.1′E,18 km,3.2,震度２,29.33833333,129.4183333
2025/7/6,4:49:11,トカラ列島近海,29°20.1′N,129°27.5′E,20 km,3.3,震度２,29.335,129.4583333
2025/7/6,4:52:55,トカラ列島近海,29°20.7′N,129°32.4′E,16 km,2.8,震度２,29.345,129.54
2025/7/6,5:18:03,トカラ列島近海,29°21.3′N,129°33.0′E,0 km,2.3,震度１,29.355,129.55
2025/7/6,5:20:05,トカラ列島近海,29°25.4′N,129°32.0′E,17 km,2,震度１,29.42333333,129.5333333
2025/7/6,5:50:02,トカラ列島近海,29°22.0′N,129°35.3′E,13 km,2.7,震度２,29.36666667,129.5883333
2025/7/6,5:51:01,トカラ列島近海,29°20.4′N,129°27.1′E,19 km,2.8,震度１,29.34,129.4516667
2025/7/6,6:07:54,トカラ列島近海,29°19.6′N,129°27.2′E,15 km,3.3,震度２,29.32666667,129.4533333
2025/7/6,6:24:13,トカラ列島近海,29°17.3′N,129°31.7′E,14 km,2.7,震度１,29.28833333,129.5283333
2025/7/6,6:32:15,トカラ列島近海,29°21.8′N,129°24.2′E,19 km,2.4,震度１,29.36333333,129.4033333
2025/7/6,6:53:54,トカラ列島近海,29°21.3′N,129°32.3′E,1 km,2.3,震度１,29.355,129.5383333
2025/7/6,7:07:25,トカラ列島近海,29°25.5′N,129°29.7′E,18 km,3.2,震度２,29.425,129.495
2025/7/6,7:41:34,トカラ列島近海,29°18.9′N,129°29.2′E,14 km,2.5,震度１,29.315,129.4866667
2025/7/6,7:54:20,トカラ列島近海,29°20.0′N,129°30.6′E,15 km,2.4,震度１,29.33333333,129.51
2025/7/6,7:55:52,トカラ列島近海,29°18.7′N,129°32.9′E,17 km,2.6,震度１,29.31166667,129.5483333
2025/7/6,8:17:18,トカラ列島近海,29°20.3′N,129°30.3′E,14 km,2.4,震度１,29.33833333,129.505
2025/7/6,8:34:30,トカラ列島近海,29°20.0′N,129°28.9′E,18 km,2.6,震度１,29.33333333,129.4816667
2025/7/6,10:26:01,トカラ列島近海,29°22.7′N,129°33.7′E,3 km,2.4,震度１,29.37833333,129.5616667
2025/7/6,11:00:42,トカラ列島近海,29°22.8′N,129°34.3′E,7 km,2.2,震度１,29.38,129.5716667
2025/7/6,11:01:24,トカラ列島近海,29°20.2′N,129°28.2′E,5 km,2.5,震度１,29.33666667,129.47
2025/7/6,11:11:43,トカラ列島近海,29°18.8′N,129°27.2′E,16 km,1.8,震度１,29.31333333,129.4533333
2025/7/6,11:13:23,トカラ列島近海,29°20.4′N,129°32.1′E,13 km,2.3,震度１,29.34,129.535
2025/7/6,11:21:27,トカラ列島近海,29°27.2′N,129°33.4′E,11 km,2.5,震度２,29.45333333,129.5566667
2025/7/6,11:48:23,トカラ列島近海,29°17.2′N,129°29.6′E,12 km,2.2,震度１,29.28666667,129.4933333
2025/7/6,11:55:47,トカラ列島近海,29°20.3′N,129°32.0′E,14 km,,震度１,29.33833333,129.5333333
2025/7/6,11:58:04,トカラ列島近海,29°19.2′N,129°32.8′E,17 km,2.9,震度２,29.32,129.5466667
2025/7/6,12:00:09,トカラ列島近海,29°21.4′N,129°32.1′E,8 km,,震度１,29.35666667,129.535
2025/7/6,12:04:36,トカラ列島近海,29°16.7′N,129°31.7′E,16 km,3.3,震度３,29.27833333,129.5283333
2025/7/6,12:11:26,トカラ列島近海,29°19.4′N,129°32.1′E,15 km,2.7,震度２,29.32333333,129.535
2025/7/6,12:12:36,トカラ列島近海,29°20.4′N,129°27.6′E,23 km,2.6,震度１,29.34,129.46
2025/7/6,12:16:21,トカラ列島近海,29°17.5′N,129°29.5′E,25 km,2.4,震度１,29.29166667,129.4916667
2025/7/6,12:17:34,トカラ列島近海,29°17.0′N,129°30.0′E,22 km,2.8,震度１,29.28333333,129.5
2025/7/6,12:18:32,トカラ列島近海,29°17.1′N,129°30.3′E,18 km,2.4,震度１,29.285,129.505
2025/7/6,12:21:46,トカラ列島近海,29°16.3′N,129°31.6′E,11 km,2.5,震度１,29.27166667,129.5266667
2025/7/6,12:24:33,トカラ列島近海,29°17.5′N,129°29.0′E,17 km,2.2,震度１,29.29166667,129.4833333
2025/7/6,12:25:57,トカラ列島近海,29°23.7′N,129°36.2′E,10 km,2.6,震度２,29.395,129.6033333
2025/7/6,12:27:54,トカラ列島近海,29°21.1′N,129°31.1′E,20 km,3.5,震度３,29.35166667,129.5183333
2025/7/6,12:30:12,トカラ列島近海,29°17.4′N,129°31.5′E,8 km,2.8,震度１,29.29,129.525
2025/7/6,12:34:00,トカラ列島近海,29°18.7′N,129°27.0′E,22 km,,震度１,29.31166667,129.45
2025/7/6,12:34:46,トカラ列島近海,29°25.4′N,129°33.4′E,14 km,,震度２,29.42333333,129.5566667
2025/7/6,12:36:00,トカラ列島近海,29°19.2′N,129°29.8′E,12 km,3.2,震度２,29.32,129.4966667
2025/7/6,12:38:05,トカラ列島近海,29°16.3′N,129°34.7′E,6 km,2.9,震度２,29.27166667,129.5783333
2025/7/6,12:39:07,トカラ列島近海,29°21.1′N,129°16.7′E,26 km,,震度１,29.35166667,129.2783333
2025/7/6,12:40:10,トカラ列島近海,29°15.7′N,129°34.5′E,4 km,,震度１,29.26166667,129.575
2025/7/6,12:42:09,トカラ列島近海,29°19.2′N,129°31.4′E,9 km,4.5,震度４,29.32,129.5233333
2025/7/6,12:43:33,トカラ列島近海,29°12.4′N,129°32.8′E,4 km,,震度１,29.20666667,129.5466667
2025/7/6,12:45:33,トカラ列島近海,29°19.2′N,129°29.7′E,18 km,,震度１,29.32,129.495
2025/7/6,12:48:26,トカラ列島近海,29°21.4′N,129°24.9′E,30 km,2.4,震度２,29.35666667,129.415
2025/7/6,12:49:46,トカラ列島近海,29°21.0′N,129°30.5′E,20 km,3.6,震度４,29.35,129.5083333
2025/7/6,12:50:56,トカラ列島近海,29°14.8′N,129°28.8′E,12 km,,震度１,29.24666667,129.48
2025/7/6,12:52:13,トカラ列島近海,29°20.6′N,129°30.2′E,23 km,,震度１,29.34333333,129.5033333
2025/7/6,12:57:41,トカラ列島近海,29°21.3′N,129°31.0′E,16 km,2.4,震度１,29.355,129.5166667
2025/7/6,12:59:22,トカラ列島近海,29°22.4′N,129°27.9′E,23 km,2.3,震度１,29.37333333,129.465
2025/7/6,13:01:20,トカラ列島近海,29°18.4′N,129°29.6′E,20 km,2.2,震度１,29.30666667,129.4933333
2025/7/6,13:02:18,トカラ列島近海,29°21.9′N,129°31.2′E,12 km,2.7,震度１,29.365,129.52
2025/7/6,13:06:45,トカラ列島近海,29°19.9′N,129°32.2′E,4 km,2.3,震度１,29.33166667,129.5366667
2025/7/6,13:08:35,トカラ列島近海,29°20.6′N,129°30.6′E,20 km,2.7,震度１,29.34333333,129.51
2025/7/6,13:10:00,トカラ列島近海,29°17.9′N,129°30.9′E,15 km,3.3,震度３,29.29833333,129.515
2025/7/6,13:11:01,トカラ列島近海,29°17.7′N,129°30.3′E,16 km,,震度１,29.295,129.505
2025/7/6,13:13:57,トカラ列島近海,29°17.9′N,129°28.5′E,22 km,2.4,震度１,29.29833333,129.475
2025/7/6,13:14:36,トカラ列島近海,29°20.4′N,129°31.2′E,19 km,2.8,震度２,29.34,129.52
2025/7/6,13:16:31,トカラ列島近海,29°22.4′N,129°30.6′E,14 km,2.6,震度２,29.37333333,129.51
2025/7/6,13:17:26,トカラ列島近海,29°20.8′N,129°30.4′E,15 km,2.7,震度２,29.34666667,129.5066667
2025/7/6,13:18:08,トカラ列島近海,29°17.9′N,129°32.4′E,1 km,3.3,震度２,29.29833333,129.54
2025/7/6,13:19:24,トカラ列島近海,29°16.6′N,129°33.4′E,5 km,,震度１,29.27666667,129.5566667
2025/7/6,13:19:53,トカラ列島近海,29°21.6′N,129°28.9′E,22 km,4.4,震度４,29.36,129.4816667
2025/7/6,13:21:52,トカラ列島近海,29°22.8′N,129°27.7′E,25 km,,震度１,29.38,129.4616667
2025/7/6,13:22:42,トカラ列島近海,29°21.6′N,129°31.9′E,22 km,3.6,震度３,29.36,129.5316667
2025/7/6,13:24:01,トカラ列島近海,29°20.1′N,129°31.4′E,13 km,,震度１,29.335,129.5233333
2025/7/6,13:25:14,トカラ列島近海,29°20.0′N,129°27.6′E,19 km,3.8,震度３,29.33333333,129.46
2025/7/6,13:26:15,トカラ列島近海,29°17.1′N,129°35.5′E,13 km,,震度３,29.285,129.5916667
2025/7/6,13:27:07,トカラ列島近海,29°21.0′N,129°32.3′E,7 km,,震度１,29.35,129.5383333
2025/7/6,13:28:08,トカラ列島近海,29°15.5′N,129°33.0′E,15 km,,震度１,29.25833333,129.55
2025/7/6,13:29:44,トカラ列島近海,29°20.2′N,129°31.9′E,20 km,3.2,震度２,29.33666667,129.5316667
2025/7/6,13:30:07,トカラ列島近海,29°13.9′N,129°34.7′E,25 km,,震度１,29.23166667,129.5783333
2025/7/6,13:32:45,トカラ列島近海,29°17.3′N,129°29.3′E,21 km,3.3,震度２,29.28833333,129.4883333
2025/7/6,13:34:21,トカラ列島近海,29°21.7′N,129°28.8′E,22 km,2.6,震度１,29.36166667,129.48
2025/7/6,13:36:24,トカラ列島近海,29°18.5′N,129°31.3′E,21 km,2.9,震度１,29.30833333,129.5216667
2025/7/6,13:37:38,トカラ列島近海,29°18.2′N,129°32.4′E,19 km,2.7,震度１,29.30333333,129.54
2025/7/6,13:39:14,トカラ列島近海,29°20.6′N,129°31.4′E,17 km,2.5,震度１,29.34333333,129.5233333
2025/7/6,13:42:23,トカラ列島近海,29°19.2′N,129°33.5′E,17 km,2.9,震度２,29.32,129.5583333
2025/7/6,13:42:30,福島県沖,37°47.6′N,141°43.5′E,62 km,3.7,震度１,37.79333333,141.725
2025/7/6,13:43:26,トカラ列島近海,29°18.2′N,129°30.9′E,16 km,,震度１,29.30333333,129.515
2025/7/6,13:47:26,トカラ列島近海,29°16.8′N,129°31.5′E,6 km,,震度１,29.28,129.525
2025/7/6,13:50:43,トカラ列島近海,29°20.5′N,129°32.5′E,18 km,3,震度１,29.34166667,129.5416667
2025/7/6,13:51:49,トカラ列島近海,29°22.0′N,129°29.8′E,23 km,3.6,震度３,29.36666667,129.4966667
2025/7/6,13:54:20,トカラ列島近海,29°16.2′N,129°32.4′E,0 km,2.8,震度１,29.27,129.54
2025/7/6,13:58:08,トカラ列島近海,29°18.1′N,129°34.0′E,9 km,2.6,震度２,29.30166667,129.5666667
2025/7/6,14:00:06,トカラ列島近海,29°20.0′N,129°32.1′E,7 km,2.2,震度１,29.33333333,129.535
2025/7/6,14:01:21,トカラ列島近海,29°20.9′N,129°30.3′E,21 km,4.9,震度５強,29.34833333,129.505
2025/7/6,14:03:30,トカラ列島近海,29°22.0′N,129°30.1′E,16 km,3.6,震度２,29.36666667,129.5016667
2025/7/6,14:05:02,トカラ列島近海,29°18.9′N,129°34.3′E,12 km,2.9,震度２,29.315,129.5716667
2025/7/6,14:07:04,トカラ列島近海,29°21.8′N,129°30.7′E,23 km,5.5,震度５強,29.36333333,129.5116667
2025/7/6,14:10:02,トカラ列島近海,29°24.2′N,129°29.4′E,22 km,,震度１,29.40333333,129.49
2025/7/6,14:11:58,トカラ列島近海,29°21.3′N,129°32.8′E,15 km,3.4,震度２,29.355,129.5466667
2025/7/6,14:12:51,トカラ列島近海,29°19.0′N,129°32.3′E,13 km,3.5,震度２,29.31666667,129.5383333
2025/7/6,14:15:16,トカラ列島近海,29°18.7′N,129°28.2′E,19 km,3.2,震度２,29.31166667,129.47
2025/7/6,14:19:16,トカラ列島近海,29°18.6′N,129°35.0′E,8 km,2.6,震度１,29.31,129.5833333
2025/7/6,14:22:50,トカラ列島近海,29°21.4′N,129°25.7′E,30 km,2.4,震度１,29.35666667,129.4283333
2025/7/6,14:24:37,トカラ列島近海,29°11.9′N,129°31.8′E,7 km,2.9,震度１,29.19833333,129.53
2025/7/6,14:26:45,トカラ列島近海,29°17.9′N,129°34.7′E,0 km,2.8,震度２,29.29833333,129.5783333
2025/7/6,14:28:08,トカラ列島近海,29°18.4′N,129°33.9′E,8 km,2.9,震度２,29.30666667,129.565
2025/7/6,14:29:09,トカラ列島近海,29°20.1′N,129°27.8′E,26 km,2.4,震度１,29.335,129.4633333
2025/7/6,14:30:19,トカラ列島近海,29°19.0′N,129°32.2′E,15 km,2.5,震度２,29.31666667,129.5366667
2025/7/6,14:31:12,トカラ列島近海,29°17.3′N,129°30.2′E,3 km,,震度１,29.28833333,129.5033333
2025/7/6,14:33:32,トカラ列島近海,29°14.9′N,129°32.7′E,9 km,,震度１,29.24833333,129.545
2025/7/6,14:35:27,トカラ列島近海,29°18.5′N,129°32.3′E,8 km,2.1,震度１,29.30833333,129.5383333
2025/7/6,14:37:07,トカラ列島近海,29°16.1′N,129°35.2′E,13 km,,震度１,29.26833333,129.5866667
2025/7/6,14:39:56,トカラ列島近海,29°23.5′N,129°31.1′E,14 km,3.5,震度２,29.39166667,129.5183333
2025/7/6,14:41:39,トカラ列島近海,29°19.5′N,129°27.2′E,29 km,2.8,震度２,29.325,129.4533333
2025/7/6,14:42:58,トカラ列島近海,29°20.4′N,129°33.2′E,0 km,2.9,震度１,29.34,129.5533333
2025/7/6,14:44:02,トカラ列島近海,29°22.9′N,129°24.8′E,29 km,2.3,震度１,29.38166667,129.4133333
2025/7/6,14:51:45,トカラ列島近海,29°19.9′N,129°32.7′E,14 km,2.9,震度２,29.33166667,129.545
2025/7/6,14:58:39,トカラ列島近海,29°21.0′N,129°21.3′E,22 km,2.9,震度２,29.35,129.355
2025/7/6,15:00:58,トカラ列島近海,29°17.5′N,129°34.3′E,6 km,2.2,震度１,29.29166667,129.5716667
2025/7/6,15:04:08,トカラ列島近海,29°22.4′N,129°32.8′E,16 km,3.3,震度３,29.37333333,129.5466667
2025/7/6,15:06:11,トカラ列島近海,29°20.8′N,129°35.0′E,8 km,2.2,震度１,29.34666667,129.5833333
2025/7/6,15:20:56,トカラ列島近海,29°23.7′N,129°28.3′E,20 km,,震度１,29.395,129.4716667
2025/7/6,15:23:42,トカラ列島近海,29°21.5′N,129°32.9′E,3 km,1.9,震度１,29.35833333,129.5483333
2025/7/6,15:26:42,トカラ列島近海,29°20.6′N,129°28.9′E,19 km,2.5,震度１,29.34333333,129.4816667
2025/7/6,15:43:22,トカラ列島近海,29°21.9′N,129°32.8′E,4 km,2,震度１,29.365,129.5466667
2025/7/6,15:48:13,トカラ列島近海,29°17.5′N,129°31.7′E,9 km,3.5,震度３,29.29166667,129.5283333
2025/7/6,15:50:28,トカラ列島近海,29°22.5′N,129°32.4′E,15 km,4.1,震度３,29.375,129.54
2025/7/6,15:53:06,トカラ列島近海,29°17.9′N,129°32.5′E,5 km,2.7,震度１,29.29833333,129.5416667
2025/7/6,15:57:21,トカラ列島近海,29°13.5′N,129°10.2′E,12 km,2.8,震度１,29.225,129.17
2025/7/6,16:08:53,トカラ列島近海,29°20.4′N,129°34.4′E,13 km,2.5,震度１,29.34,129.5733333
2025/7/6,16:11:33,トカラ列島近海,29°18.2′N,129°32.1′E,16 km,3,震度２,29.30333333,129.535
2025/7/6,16:20:44,トカラ列島近海,29°17.2′N,129°30.7′E,23 km,2.4,震度１,29.28666667,129.5116667
2025/7/6,16:47:38,トカラ列島近海,29°21.4′N,129°32.5′E,14 km,1.9,震度１,29.35666667,129.5416667
2025/7/6,16:55:24,トカラ列島近海,29°21.3′N,129°25.7′E,15 km,2.7,震度１,29.355,129.4283333
2025/7/6,17:18:42,トカラ列島近海,29°20.2′N,129°31.9′E,11 km,2.9,震度１,29.33666667,129.5316667
2025/7/6,17:42:20,トカラ列島近海,29°22.2′N,129°33.1′E,12 km,2.1,震度１,29.37,129.5516667
2025/7/6,17:53:45,トカラ列島近海,29°21.5′N,129°30.0′E,14 km,2.7,震度１,29.35833333,129.5
2025/7/6,18:00:40,トカラ列島近海,29°19.9′N,129°31.1′E,15 km,2.4,震度１,29.33166667,129.5183333
2025/7/6,18:40:35,北海道東方沖,43°34.1′N,147°00.5′E,45 km,4.8,震度２,43.56833333,147.0083333
2025/7/6,18:42:34,トカラ列島近海,29°19.4′N,129°29.5′E,16 km,2.9,震度２,29.32333333,129.4916667
2025/7/6,18:44:08,トカラ列島近海,29°23.1′N,129°32.1′E,5 km,2.3,震度１,29.385,129.535
2025/7/6,19:02:52,トカラ列島近海,29°20.4′N,129°31.5′E,20 km,2.4,震度１,29.34,129.525
2025/7/6,20:08:53,トカラ列島近海,29°22.0′N,129°27.0′E,27 km,2.5,震度２,29.36666667,129.45
2025/7/6,20:17:14,トカラ列島近海,29°19.9′N,129°34.9′E,11 km,2.7,震度１,29.33166667,129.5816667
2025/7/6,21:44:42,トカラ列島近海,29°20.7′N,129°27.1′E,20 km,2.7,震度２,29.345,129.4516667
2025/7/6,21:45:50,トカラ列島近海,29°20.6′N,129°27.1′E,15 km,2.8,震度１,29.34333333,129.4516667
2025/7/6,21:58:09,トカラ列島近海,29°20.2′N,129°34.4′E,9 km,2,震度１,29.33666667,129.5733333
2025/7/6,21:59:22,トカラ列島近海,29°19.3′N,129°31.4′E,13 km,1.9,震度１,29.32166667,129.5233333
2025/7/6,22:00:32,トカラ列島近海,29°21.9′N,129°25.9′E,11 km,2.1,震度１,29.365,129.4316667
2025/7/6,22:09:21,トカラ列島近海,29°20.2′N,129°27.9′E,11 km,2.1,震度１,29.33666667,129.465
2025/7/6,22:11:40,トカラ列島近海,29°19.8′N,129°27.5′E,14 km,2.2,震度１,29.33,129.4583333
2025/7/6,22:16:47,トカラ列島近海,29°20.7′N,129°32.3′E,13 km,2.6,震度２,29.345,129.5383333
2025/7/6,22:49:23,トカラ列島近海,29°18.4′N,129°32.8′E,14 km,2.2,震度１,29.30666667,129.5466667
2025/7/6,23:26:53,トカラ列島近海,29°20.3′N,129°30.4′E,19 km,2,震度１,29.33833333,129.5066667
2025/7/6,23:33:07,トカラ列島近海,29°18.1′N,129°32.3′E,5 km,2.8,震度１,29.30166667,129.5383333
2025/7/6,23:34:51,トカラ列島近海,29°24.6′N,129°31.4′E,14 km,1.9,震度１,29.41,129.5233333
2025/7/6,23:38:00,トカラ列島近海,29°16.2′N,129°30.0′E,6 km,2.4,震度１,29.27,129.5
2025/7/6,23:40:13,トカラ列島近海,29°16.3′N,129°31.6′E,13 km,3.3,震度２,29.27166667,129.5266667
2025/7/6,23:43:37,トカラ列島近海,29°17.8′N,129°33.9′E,7 km,2.4,震度１,29.29666667,129.565
2025/7/6,23:44:00,トカラ列島近海,29°20.7′N,129°30.6′E,17 km,4.5,震度４,29.345,129.51
2025/7/6,23:45:25,トカラ列島近海,29°20.6′N,129°23.3′E,28 km,,震度１,29.34333333,129.3883333
2025/7/6,23:46:13,トカラ列島近海,29°16.4′N,129°29.4′E,9 km,,震度１,29.27333333,129.49
2025/7/6,23:47:28,トカラ列島近海,29°19.0′N,129°32.4′E,7 km,3.2,震度２,29.31666667,129.54
2025/7/6,23:48:11,トカラ列島近海,29°26.2′N,129°25.2′E,25 km,,震度１,29.43666667,129.42
2025/7/6,23:49:46,トカラ列島近海,29°18.1′N,129°32.1′E,13 km,,震度１,29.30166667,129.535
2025/7/6,23:50:45,トカラ列島近海,29°20.7′N,129°30.0′E,18 km,4.5,震度４,29.345,129.5
2025/7/6,23:52:14,トカラ列島近海,29°20.7′N,129°23.9′E,29 km,3.4,震度３,29.345,129.3983333
2025/7/6,23:53:28,トカラ列島近海,29°20.4′N,129°30.0′E,19 km,3,震度２,29.34,129.5
2025/7/6,23:54:12,トカラ列島近海,29°21.4′N,129°29.0′E,20 km,2.9,震度２,29.35666667,129.4833333
2025/7/6,23:56:14,トカラ列島近海,29°20.3′N,129°23.9′E,27 km,3.3,震度３,29.33833333,129.3983333
2025/7/6,23:56:48,トカラ列島近海,29°20.4′N,129°30.8′E,12 km,,震度２,29.34,129.5133333
2025/7/6,23:58:11,トカラ列島近海,29°20.0′N,129°31.1′E,15 km,2.9,震度３,29.33333333,129.5183333
2025/7/6,23:59:14,トカラ列島近海,29°18.9′N,129°30.7′E,14 km,2.6,震度１,29.315,129.5116667
2025/7/6,23:59:51,トカラ列島近海,29°20.9′N,129°29.3′E,14 km,3.1,震度２,29.34833333,129.4883333
2025/7/7,0:00:49,トカラ列島近海,29°22.1′N,129°26.8′E,23 km,2.9,震度２,29.36833333,129.4466667
2025/7/7,0:01:54,トカラ列島近海,29°20.0′N,129°31.4′E,13 km,2.8,震度３,29.33333333,129.5233333
2025/7/7,0:02:42,トカラ列島近海,29°21.1′N,129°20.8′E,23 km,2.7,震度１,29.35166667,129.3466667
2025/7/7,0:03:47,トカラ列島近海,29°22.8′N,129°24.7′E,21 km,2.3,震度１,29.38,129.4116667
2025/7/7,0:04:57,トカラ列島近海,29°20.8′N,129°28.1′E,14 km,2.6,震度２,29.34666667,129.4683333
2025/7/7,0:06:30,トカラ列島近海,29°20.3′N,129°29.9′E,20 km,3,震度２,29.33833333,129.4983333
2025/7/7,0:07:14,トカラ列島近海,29°21.9′N,129°29.1′E,19 km,3.1,震度２,29.365,129.485
2025/7/7,0:08:48,トカラ列島近海,29°20.6′N,129°29.8′E,12 km,4.3,震度４,29.34333333,129.4966667
2025/7/7,0:10:31,トカラ列島近海,29°17.8′N,129°31.0′E,18 km,,震度１,29.29666667,129.5166667
2025/7/7,0:10:59,トカラ列島近海,29°16.7′N,129°32.2′E,3 km,,震度１,29.27833333,129.5366667
2025/7/7,0:12:08,トカラ列島近海,29°20.9′N,129°28.5′E,22 km,5.1,震度５弱,29.34833333,129.475
2025/7/7,0:13:56,トカラ列島近海,29°21.7′N,129°21.2′E,28 km,,震度１,29.36166667,129.3533333
2025/7/7,0:17:22,新島・神津島近海,34°30.0′N,139°24.2′E,15 km,3,震度１,34.5,139.4033333
2025/7/7,0:19:32,トカラ列島近海,29°16.8′N,129°27.4′E,17 km,2.3,震度１,29.28,129.4566667
2025/7/7,0:21:10,トカラ列島近海,29°25.1′N,129°28.7′E,23 km,2.1,震度１,29.41833333,129.4783333
2025/7/7,0:22:50,トカラ列島近海,29°20.1′N,129°22.5′E,28 km,2.2,震度１,29.335,129.375
2025/7/7,0:24:19,トカラ列島近海,29°19.9′N,129°30.1′E,18 km,2.3,震度１,29.33166667,129.5016667
2025/7/7,0:29:10,トカラ列島近海,29°20.3′N,129°29.0′E,15 km,2.8,震度１,29.33833333,129.4833333
2025/7/7,0:30:57,トカラ列島近海,29°22.5′N,129°30.9′E,21 km,1.7,震度１,29.375,129.515
2025/7/7,0:40:23,トカラ列島近海,29°20.5′N,129°28.5′E,13 km,2.7,震度２,29.34166667,129.475
2025/7/7,0:42:47,トカラ列島近海,29°23.7′N,129°23.9′E,23 km,1.8,震度１,29.395,129.3983333
2025/7/7,0:55:09,トカラ列島近海,29°21.3′N,129°29.6′E,18 km,2.4,震度１,29.355,129.4933333
2025/7/7,1:56:40,トカラ列島近海,29°19.9′N,129°35.5′E,6 km,2.1,震度２,29.33166667,129.5916667
2025/7/7,2:00:19,トカラ列島近海,29°24.1′N,129°26.2′E,28 km,2.2,震度１,29.40166667,129.4366667
2025/7/7,2:17:06,トカラ列島近海,29°22.3′N,129°31.7′E,6 km,2.3,震度２,29.37166667,129.5283333
2025/7/7,2:34:42,トカラ列島近海,29°18.6′N,129°36.8′E,12 km,2.5,震度１,29.31,129.6133333
2025/7/7,2:41:52,トカラ列島近海,29°19.8′N,129°28.0′E,21 km,2.7,震度１,29.33,129.4666667
2025/7/7,3:22:06,トカラ列島近海,29°20.7′N,129°29.3′E,19 km,2.7,震度１,29.345,129.4883333
2025/7/7,3:23:53,トカラ列島近海,29°18.8′N,129°32.0′E,15 km,2.6,震度１,29.31333333,129.5333333
2025/7/7,4:38:26,トカラ列島近海,29°21.1′N,129°29.4′E,22 km,2.8,震度２,29.35166667,129.49
2025/7/7,4:49:47,トカラ列島近海,29°19.7′N,129°32.1′E,16 km,2.3,震度１,29.32833333,129.535
2025/7/7,4:50:42,トカラ列島近海,29°20.2′N,129°30.4′E,14 km,2.1,震度１,29.33666667,129.5066667
2025/7/7,5:08:13,トカラ列島近海,29°20.7′N,129°29.5′E,21 km,2.3,震度１,29.345,129.4916667
2025/7/7,5:20:01,石川県能登地方,37°17.8′N,136°50.8′E,12 km,3.3,震度１,37.29666667,136.8466667
2025/7/7,6:16:26,トカラ列島近海,29°21.5′N,129°27.2′E,26 km,3,震度２,29.35833333,129.4533333
2025/7/7,7:13:11,トカラ列島近海,29°25.3′N,129°35.5′E,3 km,1.7,震度１,29.42166667,129.5916667
2025/7/7,7:33:23,トカラ列島近海,29°18.3′N,129°31.3′E,13 km,2.5,震度１,29.305,129.5216667
2025/7/7,7:50:00,トカラ列島近海,29°18.6′N,129°29.5′E,17 km,2.6,震度１,29.31,129.4916667
2025/7/7,7:58:44,トカラ列島近海,29°22.1′N,129°29.1′E,19 km,2.5,震度１,29.36833333,129.485
2025/7/7,8:24:47,トカラ列島近海,29°19.4′N,129°29.7′E,17 km,2.2,震度１,29.32333333,129.495
2025/7/7,9:08:03,トカラ列島近海,29°18.7′N,129°30.2′E,19 km,2.7,震度１,29.31166667,129.5033333
2025/7/7,9:19:56,トカラ列島近海,29°25.1′N,129°28.1′E,23 km,2.2,震度１,29.41833333,129.4683333
2025/7/7,10:10:38,トカラ列島近海,29°19.2′N,129°29.0′E,13 km,,震度１,29.32,129.4833333
2025/7/7,10:51:25,紀伊水道,34°01.8′N,135°07.8′E,5 km,3,震度１,34.03,135.13
2025/7/7,10:51:48,トカラ列島近海,29°19.0′N,129°29.2′E,16 km,2.3,震度１,29.31666667,129.4866667
2025/7/7,11:19:58,トカラ列島近海,29°19.0′N,129°32.3′E,12 km,2.4,震度１,29.31666667,129.5383333
2025/7/7,11:25:56,トカラ列島近海,29°16.3′N,129°24.3′E,5 km,2.9,震度１,29.27166667,129.405
2025/7/7,11:47:38,トカラ列島近海,29°22.8′N,129°24.9′E,24 km,2.3,震度１,29.38,129.415
2025/7/7,11:56:44,トカラ列島近海,29°26.7′N,129°26.6′E,23 km,1.9,震度１,29.445,129.4433333
2025/7/7,12:02:16,トカラ列島近海,29°19.9′N,129°29.4′E,15 km,4.5,震度４,29.33166667,129.49
2025/7/7,12:03:15,トカラ列島近海,29°18.9′N,129°32.0′E,12 km,,震度２,29.315,129.5333333
2025/7/7,12:04:00,トカラ列島近海,29°17.7′N,129°18.7′E,26 km,3.6,震度２,29.295,129.3116667
2025/7/7,12:29:11,トカラ列島近海,29°23.2′N,129°28.9′E,14 km,2.2,震度１,29.38666667,129.4816667
2025/7/7,12:54:27,トカラ列島近海,29°20.5′N,129°33.8′E,6 km,2.9,震度１,29.34166667,129.5633333
2025/7/7,13:02:28,トカラ列島近海,29°17.3′N,129°34.0′E,4 km,2.6,震度１,29.28833333,129.5666667
2025/7/7,13:52:57,トカラ列島近海,29°21.4′N,129°27.3′E,20 km,3.7,震度３,29.35666667,129.455
2025/7/7,14:03:13,茨城県沖,36°16.3′N,140°51.2′E,44 km,3.5,震度１,36.27166667,140.8533333
2025/7/7,14:06:48,トカラ列島近海,29°20.7′N,129°30.0′E,18 km,2.7,震度２,29.345,129.5
2025/7/7,14:13:44,トカラ列島近海,29°20.0′N,129°29.4′E,18 km,3.1,震度２,29.33333333,129.49
2025/7/7,15:43:19,トカラ列島近海,29°21.0′N,129°32.7′E,18 km,3.1,震度２,29.35,129.545
2025/7/7,15:44:14,トカラ列島近海,29°22.4′N,129°28.1′E,19 km,2.5,震度１,29.37333333,129.4683333
2025/7/7,16:18:26,トカラ列島近海,29°22.4′N,129°29.9′E,16 km,2.8,震度２,29.37333333,129.4983333
2025/7/7,16:55:40,宮城県沖,38°51.9′N,142°02.4′E,46 km,3.7,震度１,38.865,142.04
2025/7/7,17:15:54,トカラ列島近海,29°20.2′N,129°30.3′E,19 km,2.3,震度１,29.33666667,129.505
2025/7/7,17:24:08,トカラ列島近海,29°19.0′N,129°29.5′E,10 km,2.4,震度１,29.31666667,129.4916667
2025/7/7,17:29:52,釧路沖,42°51.7′N,145°05.2′E,87 km,4.1,震度２,42.86166667,145.0866667
2025/7/7,17:46:31,トカラ列島近海,29°22.8′N,129°26.5′E,16 km,2.5,震度１,29.38,129.4416667
2025/7/7,17:55:15,トカラ列島近海,29°21.4′N,129°26.0′E,13 km,2.2,震度１,29.35666667,129.4333333
2025/7/7,17:56:14,紀伊水道,34°01.8′N,135°07.9′E,3 km,2.2,震度１,34.03,135.1316667
2025/7/7,18:24:40,トカラ列島近海,29°22.0′N,129°33.3′E,13 km,2,震度１,29.36666667,129.555
2025/7/7,18:37:18,トカラ列島近海,29°20.1′N,129°28.2′E,15 km,2.2,震度１,29.335,129.47
2025/7/7,18:58:22,トカラ列島近海,29°18.4′N,129°32.7′E,7 km,,震度１,29.30666667,129.545
2025/7/7,19:20:37,トカラ列島近海,29°21.8′N,129°30.1′E,17 km,2.1,震度１,29.36333333,129.5016667
2025/7/7,19:36:35,トカラ列島近海,29°22.1′N,129°31.4′E,6 km,1.9,震度１,29.36833333,129.5233333
2025/7/7,21:27:35,トカラ列島近海,29°25.3′N,129°25.7′E,19 km,2.7,震度２,29.42166667,129.4283333
2025/7/7,23:39:39,トカラ列島近海,29°22.8′N,129°30.2′E,19 km,2.4,震度１,29.38,129.5033333
2025/7/7,23:46:58,トカラ列島近海,29°20.7′N,129°26.5′E,11 km,2.3,震度１,29.345,129.4416667
2025/7/8,0:20:10,トカラ列島近海,29°21.2′N,129°31.2′E,9 km,1.9,震度１,29.35333333,129.52
2025/7/8,1:15:46,トカラ列島近海,29°25.1′N,129°35.5′E,12 km,2.4,震度２,29.41833333,129.5916667
2025/7/8,1:20:54,トカラ列島近海,29°19.1′N,129°27.5′E,19 km,2.2,震度１,29.31833333,129.4583333
2025/7/8,1:27:02,トカラ列島近海,29°24.6′N,129°35.8′E,5 km,1.7,震度１,29.41,129.5966667
2025/7/8,2:16:26,トカラ列島近海,29°22.9′N,129°32.9′E,6 km,2.1,震度１,29.38166667,129.5483333
2025/7/8,2:26:54,トカラ列島近海,29°21.3′N,129°28.0′E,15 km,2,震度１,29.355,129.4666667
2025/7/8,3:03:24,トカラ列島近海,29°20.5′N,129°30.3′E,18 km,3.3,震度２,29.34166667,129.505
2025/7/8,4:58:56,トカラ列島近海,29°23.1′N,129°37.1′E,5 km,1.4,震度１,29.385,129.6183333
2025/7/8,5:32:18,トカラ列島近海,29°34.6′N,129°43.5′E,0 km,2.9,震度２,29.57666667,129.725
2025/7/8,5:34:26,トカラ列島近海,29°35.4′N,129°42.4′E,3 km,4.1,震度３,29.59,129.7066667
2025/7/8,5:35:50,トカラ列島近海,29°33.7′N,129°43.2′E,1 km,2.8,震度２,29.56166667,129.72
2025/7/8,5:36:41,トカラ列島近海,29°35.1′N,129°40.3′E,4 km,,震度１,29.585,129.6716667
2025/7/8,5:39:18,トカラ列島近海,29°36.3′N,129°43.9′E,0 km,1.8,震度１,29.605,129.7316667
2025/7/8,5:41:21,トカラ列島近海,29°33.4′N,129°41.4′E,3 km,2,震度１,29.55666667,129.69
2025/7/8,5:44:11,トカラ列島近海,29°35.2′N,129°42.6′E,3 km,,震度３,29.58666667,129.71
2025/7/8,5:44:58,トカラ列島近海,29°34.2′N,129°43.0′E,0 km,,震度１,29.57,129.7166667
2025/7/8,5:56:13,トカラ列島近海,29°40.4′N,129°39.8′E,3 km,1.6,震度１,29.67333333,129.6633333
2025/7/8,6:03:38,トカラ列島近海,29°36.2′N,129°43.9′E,0 km,2.7,震度２,29.60333333,129.7316667
2025/7/8,6:04:52,トカラ列島近海,29°35.9′N,129°40.9′E,5 km,2.1,震度１,29.59833333,129.6816667
2025/7/8,6:06:31,トカラ列島近海,29°36.1′N,129°44.2′E,0 km,2.6,震度２,29.60166667,129.7366667
2025/7/8,6:07:06,トカラ列島近海,29°34.9′N,129°41.7′E,5 km,3.3,震度３,29.58166667,129.695
2025/7/8,6:07:56,トカラ列島近海,29°34.8′N,129°41.5′E,5 km,3,震度３,29.58,129.6916667
2025/7/8,6:08:34,トカラ列島近海,29°35.2′N,129°42.6′E,4 km,2.8,震度３,29.58666667,129.71
2025/7/8,6:09:57,トカラ列島近海,29°35.3′N,129°41.3′E,1 km,2.3,震度２,29.58833333,129.6883333
2025/7/8,6:10:45,トカラ列島近海,29°36.5′N,129°44.2′E,0 km,,震度１,29.60833333,129.7366667
2025/7/8,6:13:12,トカラ列島近海,29°36.4′N,129°39.5′E,2 km,,震度１,29.60666667,129.6583333
2025/7/8,6:14:03,トカラ列島近海,29°35.3′N,129°41.2′E,2 km,2.2,震度１,29.58833333,129.6866667
2025/7/8,6:16:12,トカラ列島近海,29°34.9′N,129°41.6′E,5 km,3.4,震度３,29.58166667,129.6933333
2025/7/8,6:19:25,トカラ列島近海,29°34.4′N,129°42.0′E,3 km,2.4,震度１,29.57333333,129.7
2025/7/8,6:22:25,トカラ列島近海,29°35.9′N,129°40.9′E,4 km,2.7,震度２,29.59833333,129.6816667
2025/7/8,6:24:05,トカラ列島近海,29°36.1′N,129°43.9′E,0 km,1.8,震度１,29.60166667,129.7316667
2025/7/8,6:34:10,トカラ列島近海,29°36.8′N,129°43.2′E,0 km,1.9,震度１,29.61333333,129.72
2025/7/8,7:12:37,トカラ列島近海,29°36.6′N,129°40.4′E,4 km,1.8,震度１,29.61,129.6733333
2025/7/8,7:20:42,トカラ列島近海,29°20.3′N,129°26.7′E,14 km,2.7,震度１,29.33833333,129.445
2025/7/8,7:23:00,トカラ列島近海,29°22.8′N,129°27.1′E,21 km,2.3,震度１,29.38,129.4516667
2025/7/8,7:51:31,トカラ列島近海,29°22.8′N,129°27.4′E,26 km,2.3,震度１,29.38,129.4566667
2025/7/8,7:57:16,トカラ列島近海,29°24.0′N,129°30.6′E,19 km,2.4,震度２,29.4,129.51
2025/7/8,9:26:17,トカラ列島近海,29°22.8′N,129°31.3′E,19 km,2.4,震度２,29.38,129.5216667
2025/7/8,9:44:36,トカラ列島近海,29°18.7′N,129°31.1′E,15 km,1.9,震度１,29.31166667,129.5183333
2025/7/8,10:25:24,トカラ列島近海,29°24.7′N,129°24.9′E,20 km,2,震度１,29.41166667,129.415
2025/7/8,11:00:14,トカラ列島近海,29°20.8′N,129°25.1′E,28 km,4.6,震度４,29.34666667,129.4183333
2025/7/8,11:01:28,トカラ列島近海,29°18.6′N,129°35.1′E,0 km,4.1,震度３,29.31,129.585
2025/7/8,11:02:50,トカラ列島近海,29°22.2′N,129°29.3′E,18 km,,震度１,29.37,129.4883333
2025/7/8,11:06:24,トカラ列島近海,29°14.3′N,129°33.0′E,0 km,,震度１,29.23833333,129.55
2025/7/8,11:06:52,トカラ列島近海,29°36.2′N,129°37.8′E,0 km,2.3,震度１,29.60333333,129.63
2025/7/8,11:09:44,トカラ列島近海,29°34.9′N,129°40.6′E,3 km,1.8,震度１,29.58166667,129.6766667
2025/7/8,11:32:19,トカラ列島近海,29°17.2′N,129°32.1′E,12 km,2.8,震度１,29.28666667,129.535
2025/7/8,12:42:33,トカラ列島近海,29°19.8′N,129°26.3′E,4 km,2.6,震度１,29.33,129.4383333
2025/7/8,13:18:56,トカラ列島近海,29°18.0′N,129°31.7′E,17 km,3.3,震度３,29.3,129.5283333
2025/7/8,13:38:06,トカラ列島近海,29°34.0′N,129°44.0′E,0 km,2.2,震度１,29.56666667,129.7333333
2025/7/8,14:20:18,トカラ列島近海,29°19.3′N,129°29.3′E,14 km,2.5,震度１,29.32166667,129.4883333
2025/7/8,14:54:09,トカラ列島近海,29°19.9′N,129°36.3′E,11 km,1.8,震度１,29.33166667,129.605
2025/7/8,15:19:16,トカラ列島近海,29°14.1′N,129°36.2′E,8 km,2.6,震度１,29.235,129.6033333
2025/7/8,15:39:58,トカラ列島近海,29°18.8′N,129°35.6′E,8 km,2.5,震度２,29.31333333,129.5933333
2025/7/8,15:43:39,トカラ列島近海,29°21.6′N,129°33.3′E,5 km,2.3,震度１,29.36,129.555
2025/7/8,16:14:48,トカラ列島近海,29°19.3′N,129°35.1′E,6 km,1.9,震度１,29.32166667,129.585
2025/7/8,16:41:56,茨城県南部,36°11.5′N,140°01.4′E,52 km,3.1,震度１,36.19166667,140.0233333
2025/7/8,16:51:50,トカラ列島近海,29°20.1′N,129°30.7′E,10 km,2.1,震度１,29.335,129.5116667
2025/7/8,16:56:56,トカラ列島近海,29°19.0′N,129°29.0′E,10 km,3.1,震度２,29.31666667,129.4833333
2025/7/8,17:16:01,トカラ列島近海,29°18.7′N,129°30.7′E,14 km,2.3,震度１,29.31166667,129.5116667
2025/7/8,17:38:20,トカラ列島近海,29°20.2′N,129°35.2′E,9 km,2.5,震度１,29.33666667,129.5866667
2025/7/8,18:03:26,トカラ列島近海,29°16.6′N,129°30.2′E,15 km,3.5,震度２,29.27666667,129.5033333
2025/7/8,18:19:37,トカラ列島近海,29°16.6′N,129°29.1′E,18 km,2.9,震度１,29.27666667,129.485
2025/7/8,19:06:02,トカラ列島近海,29°20.0′N,129°27.8′E,13 km,3.6,震度２,29.33333333,129.4633333
2025/7/8,19:12:43,トカラ列島近海,29°21.8′N,129°32.2′E,8 km,2.5,震度１,29.36333333,129.5366667
2025/7/8,21:12:19,群馬県南部,36°34.8′N,139°21.8′E,4 km,2.9,震度１,36.58,139.3633333
2025/7/8,22:30:47,トカラ列島近海,29°19.7′N,129°34.7′E,8 km,2.5,震度１,29.32833333,129.5783333
2025/7/9,0:03:31,トカラ列島近海,29°19.6′N,129°34.4′E,8 km,2.6,震度２,29.32666667,129.5733333
2025/7/9,0:09:08,トカラ列島近海,29°19.6′N,129°28.7′E,12 km,3.2,震度２,29.32666667,129.4783333
2025/7/9,0:18:02,トカラ列島近海,29°18.7′N,129°34.3′E,11 km,2.2,震度１,29.31166667,129.5716667
2025/7/9,1:24:14,トカラ列島近海,29°20.0′N,129°36.2′E,9 km,2.5,震度１,29.33333333,129.6033333
2025/7/9,2:43:33,トカラ列島近海,29°19.8′N,129°35.0′E,7 km,2.4,震度１,29.33,129.5833333
2025/7/9,3:13:32,トカラ列島近海,29°18.0′N,129°30.5′E,12 km,3,震度３,29.3,129.5083333
2025/7/9,3:51:48,空知地方中部,43°29.9′N,141°59.2′E,7 km,1.7,震度１,43.49833333,141.9866667
2025/7/9,3:55:26,トカラ列島近海,29°19.8′N,129°28.1′E,9 km,2.5,震度１,29.33,129.4683333
2025/7/9,4:12:10,トカラ列島近海,29°18.5′N,129°36.1′E,5 km,2.7,震度２,29.30833333,129.6016667
2025/7/9,7:32:34,トカラ列島近海,29°17.2′N,129°27.8′E,14 km,2.8,震度１,29.28666667,129.4633333
2025/7/9,7:42:47,トカラ列島近海,29°22.1′N,129°29.5′E,12 km,2.3,震度１,29.36833333,129.4916667
2025/7/9,8:41:11,トカラ列島近海,29°24.2′N,129°34.1′E,9 km,2.1,震度１,29.40333333,129.5683333
2025/7/9,9:19:46,紀伊水道,34°01.7′N,135°08.1′E,4 km,2.4,震度１,34.02833333,135.135
2025/7/9,10:04:28,トカラ列島近海,29°22.2′N,129°33.7′E,10 km,2.2,震度１,29.37,129.5616667
2025/7/9,10:38:41,トカラ列島近海,29°19.4′N,129°34.8′E,5 km,2.4,震度１,29.32333333,129.58
2025/7/9,10:43:45,トカラ列島近海,29°19.4′N,129°35.3′E,9 km,2.9,震度２,29.32333333,129.5883333
2025/7/9,11:19:37,トカラ列島近海,29°25.8′N,129°38.4′E,5 km,,震度１,29.43,129.64
2025/7/9,12:09:57,トカラ列島近海,29°19.6′N,129°29.0′E,10 km,3.4,震度３,29.32666667,129.4833333
2025/7/9,12:39:50,根室半島南東沖,43°23.3′N,146°01.8′E,96 km,4.4,震度３,43.38833333,146.03
2025/7/9,12:42:01,トカラ列島近海,29°25.4′N,129°30.8′E,4 km,2.2,震度１,29.42333333,129.5133333
2025/7/9,13:17:46,トカラ列島近海,29°17.8′N,129°30.0′E,8 km,3,震度２,29.29666667,129.5
2025/7/9,14:07:29,トカラ列島近海,29°19.7′N,129°34.7′E,8 km,2.4,震度１,29.32833333,129.5783333
2025/7/9,16:43:38,トカラ列島近海,29°25.8′N,129°34.3′E,11 km,2.1,震度１,29.43,129.5716667
2025/7/9,18:04:07,トカラ列島近海,29°18.3′N,129°27.4′E,10 km,3.4,震度２,29.305,129.4566667
2025/7/9,18:06:09,トカラ列島近海,29°17.3′N,129°28.8′E,12 km,2.7,震度１,29.28833333,129.48
2025/7/9,18:06:35,トカラ列島近海,29°16.6′N,129°28.6′E,8 km,3.3,震度１,29.27666667,129.4766667
2025/7/9,18:08:25,トカラ列島近海,29°19.4′N,129°23.4′E,10 km,2.9,震度１,29.32333333,129.39
2025/7/9,18:09:41,トカラ列島近海,29°16.5′N,129°28.6′E,8 km,3.8,震度２,29.275,129.4766667
2025/7/9,18:13:03,トカラ列島近海,29°18.2′N,129°26.3′E,9 km,,震度１,29.30333333,129.4383333
2025/7/9,18:13:49,トカラ列島近海,29°15.9′N,129°29.3′E,6 km,2.8,震度１,29.265,129.4883333
2025/7/9,18:14:47,トカラ列島近海,29°18.5′N,129°26.6′E,13 km,2.6,震度１,29.30833333,129.4433333
2025/7/9,18:16:17,トカラ列島近海,29°16.9′N,129°28.0′E,9 km,3.4,震度２,29.28166667,129.4666667
2025/7/9,18:18:15,トカラ列島近海,29°16.1′N,129°28.1′E,5 km,2.7,震度１,29.26833333,129.4683333
2025/7/9,18:21:08,トカラ列島近海,29°18.0′N,129°28.0′E,9 km,3,震度１,29.3,129.4666667
2025/7/9,18:23:24,トカラ列島近海,29°17.6′N,129°28.0′E,11 km,3.3,震度２,29.29333333,129.4666667
2025/7/9,18:24:07,トカラ列島近海,29°14.6′N,129°29.7′E,4 km,2.9,震度１,29.24333333,129.495
2025/7/9,18:25:28,トカラ列島近海,29°17.0′N,129°27.9′E,9 km,2.9,震度１,29.28333333,129.465
2025/7/9,18:26:46,トカラ列島近海,29°18.7′N,129°26.6′E,10 km,,震度１,29.31166667,129.4433333
2025/7/9,18:31:23,トカラ列島近海,29°15.8′N,129°28.3′E,4 km,3.1,震度１,29.26333333,129.4716667
2025/7/9,18:32:19,トカラ列島近海,29°13.4′N,129°31.5′E,7 km,3.4,震度２,29.22333333,129.525
2025/7/9,18:34:03,トカラ列島近海,29°17.4′N,129°28.5′E,9 km,2.3,震度１,29.29,129.475
2025/7/9,18:36:49,トカラ列島近海,29°18.2′N,129°26.7′E,13 km,3.4,震度２,29.30333333,129.445
2025/7/9,18:37:39,トカラ列島近海,29°17.7′N,129°30.3′E,11 km,,震度２,29.295,129.505
2025/7/9,18:44:33,トカラ列島近海,29°17.6′N,129°27.1′E,14 km,3,震度１,29.29333333,129.4516667
2025/7/9,19:06:21,トカラ列島近海,29°17.8′N,129°26.4′E,15 km,2.5,震度１,29.29666667,129.44
2025/7/9,19:23:15,トカラ列島近海,29°18.8′N,129°27.6′E,11 km,2.3,震度１,29.31333333,129.46
2025/7/9,20:26:44,トカラ列島近海,29°18.1′N,129°26.8′E,12 km,2.5,震度１,29.30166667,129.4466667
2025/7/9,20:45:23,トカラ列島近海,29°17.0′N,129°26.4′E,13 km,2.9,震度１,29.28333333,129.44
2025/7/9,21:04:36,トカラ列島近海,29°18.4′N,129°36.0′E,2 km,2.6,震度２,29.30666667,129.6
2025/7/9,21:27:48,トカラ列島近海,29°17.5′N,129°28.3′E,0 km,3.1,震度１,29.29166667,129.4716667
2025/7/9,21:34:11,岩手県沖,40°01.6′N,141°56.5′E,18 km,3.1,震度１,40.02666667,141.9416667
2025/7/9,22:23:18,トカラ列島近海,29°18.9′N,129°29.1′E,13 km,3.1,震度１,29.315,129.485
2025/7/9,23:32:15,トカラ列島近海,29°19.7′N,129°29.1′E,10 km,2.7,震度１,29.32833333,129.485
2025/7/10,1:38:44,宮城県沖,38°38.4′N,141°54.3′E,47 km,3.3,震度１,38.64,141.905
2025/7/10,1:44:23,トカラ列島近海,29°21.9′N,129°33.2′E,10 km,2,震度１,29.365,129.5533333
2025/7/10,2:18:36,トカラ列島近海,29°18.1′N,129°30.8′E,12 km,2.5,震度１,29.30166667,129.5133333
2025/7/10,2:37:11,トカラ列島近海,29°17.0′N,129°29.7′E,10 km,2.6,震度１,29.28333333,129.495
2025/7/10,4:14:21,トカラ列島近海,29°21.7′N,129°31.8′E,8 km,2.3,震度１,29.36166667,129.53
2025/7/10,4:27:32,トカラ列島近海,29°17.4′N,129°30.5′E,9 km,2.9,震度１,29.29,129.5083333
2025/7/10,4:35:33,トカラ列島近海,29°18.6′N,129°29.7′E,12 km,3,震度２,29.31,129.495
2025/7/10,5:11:37,紀伊水道,34°01.7′N,135°08.0′E,5 km,2.7,震度１,34.02833333,135.1333333
2025/7/10,5:14:47,トカラ列島近海,29°17.1′N,129°26.9′E,12 km,3.1,震度１,29.285,129.4483333
2025/7/10,5:16:17,トカラ列島近海,29°17.2′N,129°27.1′E,8 km,2.9,震度１,29.28666667,129.4516667
2025/7/10,8:16:50,千葉県北東部,35°35.8′N,140°25.3′E,44 km,3.9,震度２,35.59666667,140.4216667
2025/7/10,9:33:11,トカラ列島近海,29°19.4′N,129°30.2′E,10 km,2.3,震度１,29.32333333,129.5033333
2025/7/10,9:36:31,千葉県南部,35°11.6′N,140°11.3′E,22 km,3,震度１,35.19333333,140.1883333
2025/7/10,11:00:20,トカラ列島近海,29°13.8′N,129°33.7′E,2 km,2.6,震度１,29.23,129.5616667
2025/7/10,11:21:03,静岡県中部,35°05.7′N,138°32.9′E,8 km,2.5,震度１,35.095,138.5483333
2025/7/10,12:31:07,トカラ列島近海,29°25.4′N,129°34.6′E,11 km,2.2,震度１,29.42333333,129.5766667
2025/7/10,14:28:18,トカラ列島近海,29°20.6′N,129°33.9′E,10 km,2.8,震度１,29.34333333,129.565
2025/7/10,16:11:37,トカラ列島近海,29°23.4′N,129°34.9′E,11 km,3.5,震度３,29.39,129.5816667
2025/7/10,17:31:35,トカラ列島近海,29°18.6′N,129°31.1′E,12 km,3,震度２,29.31,129.5183333
2025/7/10,18:16:58,トカラ列島近海,29°17.7′N,129°26.8′E,14 km,2.9,震度２,29.295,129.4466667
2025/7/10,19:11:08,トカラ列島近海,29°19.2′N,129°30.4′E,9 km,2.3,震度１,29.32,129.5066667
2025/7/10,19:45:40,トカラ列島近海,29°20.2′N,129°33.2′E,9 km,,震度１,29.33666667,129.5533333
2025/7/10,19:47:56,トカラ列島近海,29°20.5′N,129°33.3′E,11 km,,震度１,29.34166667,129.555
2025/7/10,22:26:05,トカラ列島近海,29°23.4′N,129°33.4′E,8 km,2.5,震度１,29.39,129.5566667
2025/7/10,23:04:57,トカラ列島近海,29°18.1′N,129°30.4′E,11 km,2.8,震度１,29.30166667,129.5066667
2025/7/10,23:23:47,トカラ列島近海,29°19.5′N,129°20.4′E,23 km,2.6,震度１,29.325,129.34
2025/7/10,23:41:26,トカラ列島近海,29°21.2′N,129°29.2′E,11 km,2.8,震度１,29.35333333,129.4866667
2025/7/11,1:06:15,トカラ列島近海,29°19.3′N,129°28.1′E,11 km,3.2,震度２,29.32166667,129.4683333
2025/7/11,1:21:23,トカラ列島近海,29°19.3′N,129°31.3′E,8 km,2.6,震度１,29.32166667,129.5216667
2025/7/11,1:42:23,トカラ列島近海,29°17.6′N,129°30.2′E,11 km,3,震度１,29.29333333,129.5033333
2025/7/11,1:45:06,トカラ列島近海,29°18.9′N,129°28.8′E,10 km,2.9,震度１,29.315,129.48
2025/7/11,1:45:52,トカラ列島近海,29°17.0′N,129°30.5′E,11 km,2.9,震度１,29.28333333,129.5083333
2025/7/11,2:29:32,トカラ列島近海,29°17.5′N,129°29.6′E,10 km,2.7,震度１,29.29166667,129.4933333
2025/7/11,3:39:55,福島県会津,36°58.0′N,139°23.5′E,4 km,2.5,震度２,36.96666667,139.3916667
2025/7/11,3:56:32,トカラ列島近海,29°25.8′N,129°37.5′E,7 km,,震度１,29.43,129.625
2025/7/11,3:59:31,トカラ列島近海,29°18.9′N,129°29.3′E,14 km,4.1,震度３,29.315,129.4883333
2025/7/11,4:08:03,トカラ列島近海,29°17.1′N,129°33.0′E,10 km,2.9,震度２,29.285,129.55
2025/7/11,4:39:47,トカラ列島近海,29°22.8′N,129°34.2′E,10 km,2.7,震度１,29.38,129.57
2025/7/11,5:17:11,トカラ列島近海,29°18.6′N,129°25.8′E,9 km,2.9,震度１,29.31,129.43
2025/7/11,5:20:10,福島県中通り,37°02.5′N,140°34.7′E,7 km,3.8,震度２,37.04166667,140.5783333
2025/7/11,6:42:17,トカラ列島近海,29°19.5′N,129°28.6′E,12 km,2.3,震度１,29.325,129.4766667
2025/7/11,7:34:33,トカラ列島近海,29°16.7′N,129°31.8′E,8 km,2.9,震度１,29.27833333,129.53
2025/7/11,8:58:44,トカラ列島近海,29°19.4′N,129°29.2′E,10 km,2.4,震度１,29.32333333,129.4866667
2025/7/11,9:15:00,トカラ列島近海,29°18.0′N,129°33.9′E,10 km,2.3,震度１,29.3,129.565
2025/7/11,9:16:19,トカラ列島近海,29°18.6′N,129°29.9′E,12 km,2.5,震度１,29.31,129.4983333
2025/7/11,9:23:07,トカラ列島近海,29°17.3′N,129°28.8′E,11 km,3.1,震度２,29.28833333,129.48
2025/7/11,9:31:47,トカラ列島近海,29°18.9′N,129°28.2′E,17 km,2.3,震度１,29.315,129.47
2025/7/11,9:38:57,トカラ列島近海,29°18.1′N,129°29.0′E,12 km,3.7,震度３,29.30166667,129.4833333
2025/7/11,9:41:27,トカラ列島近海,29°16.7′N,129°29.7′E,7 km,3.1,震度１,29.27833333,129.495
2025/7/11,9:45:15,トカラ列島近海,29°14.9′N,129°30.5′E,0 km,3,震度１,29.24833333,129.5083333
2025/7/11,9:46:30,トカラ列島近海,29°15.9′N,129°30.1′E,1 km,2.6,震度１,29.265,129.5016667
2025/7/11,9:47:30,トカラ列島近海,29°17.1′N,129°28.1′E,14 km,3.6,震度２,29.285,129.4683333
2025/7/11,9:48:43,トカラ列島近海,29°20.4′N,129°27.2′E,13 km,2.6,震度１,29.34,129.4533333
2025/7/11,9:50:03,トカラ列島近海,29°16.8′N,129°29.3′E,8 km,2.7,震度１,29.28,129.4883333
2025/7/11,9:50:44,トカラ列島近海,29°18.2′N,129°28.7′E,11 km,2.8,震度１,29.30333333,129.4783333
2025/7/11,9:51:41,トカラ列島近海,29°15.3′N,129°29.7′E,1 km,2.8,震度１,29.255,129.495
2025/7/11,9:53:40,トカラ列島近海,29°17.4′N,129°30.0′E,2 km,3.3,震度２,29.29,129.5
2025/7/11,9:54:53,トカラ列島近海,29°17.2′N,129°29.8′E,0 km,3.4,震度２,29.28666667,129.4966667
2025/7/11,9:57:06,トカラ列島近海,29°25.7′N,129°24.0′E,18 km,3.3,震度１,29.42833333,129.4
2025/7/11,9:58:01,トカラ列島近海,29°18.1′N,129°29.7′E,0 km,3.1,震度２,29.30166667,129.495
2025/7/11,9:59:17,トカラ列島近海,29°18.6′N,129°29.1′E,13 km,2,震度１,29.31,129.485
2025/7/11,9:59:43,トカラ列島近海,29°18.4′N,129°29.0′E,10 km,3,震度２,29.30666667,129.4833333
2025/7/11,10:00:33,トカラ列島近海,29°17.5′N,129°29.6′E,10 km,3.1,震度１,29.29166667,129.4933333
2025/7/11,10:02:24,トカラ列島近海,29°18.1′N,129°26.7′E,1 km,3.1,震度１,29.30166667,129.445
2025/7/11,10:04:32,トカラ列島近海,29°18.1′N,129°30.1′E,11 km,2.6,震度１,29.30166667,129.5016667
2025/7/11,10:06:11,トカラ列島近海,29°18.2′N,129°29.7′E,11 km,4.3,震度３,29.30333333,129.495
2025/7/11,10:08:57,トカラ列島近海,29°20.8′N,129°30.5′E,3 km,3.1,震度１,29.34666667,129.5083333
2025/7/11,10:10:35,トカラ列島近海,29°19.0′N,129°28.5′E,8 km,2.9,震度１,29.31666667,129.475
2025/7/11,10:11:31,トカラ列島近海,29°17.9′N,129°28.3′E,9 km,2.8,震度１,29.29833333,129.4716667
2025/7/11,10:12:15,トカラ列島近海,29°17.3′N,129°35.0′E,4 km,2.8,震度１,29.28833333,129.5833333
2025/7/11,10:13:00,トカラ列島近海,29°18.0′N,129°28.5′E,8 km,2.9,震度１,29.3,129.475
2025/7/11,10:16:17,トカラ列島近海,29°18.5′N,129°28.4′E,10 km,3.6,震度３,29.30833333,129.4733333
2025/7/11,10:17:10,トカラ列島近海,29°19.2′N,129°25.8′E,4 km,,震度１,29.32,129.43
2025/7/11,10:18:34,トカラ列島近海,29°18.2′N,129°28.2′E,7 km,3.2,震度２,29.30333333,129.47
2025/7/11,10:20:09,トカラ列島近海,29°15.3′N,129°30.5′E,2 km,,震度１,29.255,129.5083333
2025/7/11,10:21:51,トカラ列島近海,29°18.4′N,129°30.0′E,10 km,2.9,震度１,29.30666667,129.5
2025/7/11,10:26:01,トカラ列島近海,29°18.2′N,129°28.4′E,12 km,2.5,震度１,29.30333333,129.4733333
2025/7/11,10:27:34,トカラ列島近海,29°17.1′N,129°29.5′E,11 km,3.3,震度２,29.285,129.4916667
2025/7/11,10:28:31,トカラ列島近海,29°17.3′N,129°32.3′E,6 km,2.3,震度１,29.28833333,129.5383333
2025/7/11,10:30:19,トカラ列島近海,29°17.2′N,129°30.3′E,13 km,3,震度２,29.28666667,129.505
2025/7/11,10:31:34,トカラ列島近海,29°17.6′N,129°28.9′E,8 km,2.3,震度１,29.29333333,129.4816667
2025/7/11,10:32:37,トカラ列島近海,29°17.8′N,129°28.3′E,7 km,2.4,震度１,29.29666667,129.4716667
2025/7/11,10:38:02,トカラ列島近海,29°17.1′N,129°29.5′E,0 km,4.2,震度３,29.285,129.4916667
2025/7/11,10:41:42,トカラ列島近海,29°21.9′N,129°27.3′E,6 km,2.4,震度１,29.365,129.455
2025/7/11,10:43:19,トカラ列島近海,29°17.3′N,129°29.7′E,3 km,2.8,震度１,29.28833333,129.495
2025/7/11,10:45:08,トカラ列島近海,29°17.5′N,129°29.8′E,7 km,3.1,震度２,29.29166667,129.4966667
2025/7/11,10:46:53,トカラ列島近海,29°17.7′N,129°28.8′E,13 km,2.7,震度１,29.295,129.48
2025/7/11,10:48:58,トカラ列島近海,29°20.0′N,129°29.2′E,10 km,2.2,震度１,29.33333333,129.4866667
2025/7/11,10:50:16,トカラ列島近海,29°17.7′N,129°29.7′E,9 km,3.1,震度２,29.295,129.495
2025/7/11,10:51:21,トカラ列島近海,29°15.8′N,129°29.6′E,0 km,3.2,震度２,29.26333333,129.4933333
2025/7/11,10:51:49,トカラ列島近海,29°19.4′N,129°26.9′E,15 km,,震度１,29.32333333,129.4483333
2025/7/11,10:52:43,トカラ列島近海,29°15.9′N,129°31.8′E,5 km,2.7,震度１,29.265,129.53
2025/7/11,10:54:54,トカラ列島近海,29°17.0′N,129°27.3′E,10 km,3.4,震度２,29.28333333,129.455
2025/7/11,10:57:40,トカラ列島近海,29°17.7′N,129°29.1′E,7 km,3.5,震度２,29.295,129.485
2025/7/11,11:00:34,トカラ列島近海,29°18.6′N,129°28.2′E,15 km,2.5,震度１,29.31,129.47
2025/7/11,11:01:01,トカラ列島近海,29°16.3′N,129°29.4′E,0 km,,震度２,29.27166667,129.49
2025/7/11,11:03:19,トカラ列島近海,29°18.1′N,129°28.6′E,9 km,3.4,震度２,29.30166667,129.4766667
2025/7/11,11:05:03,トカラ列島近海,29°17.6′N,129°28.2′E,13 km,,震度１,29.29333333,129.47
2025/7/11,11:10:31,トカラ列島近海,29°18.2′N,129°28.3′E,11 km,2.9,震度２,29.30333333,129.4716667
2025/7/11,11:13:23,トカラ列島近海,29°20.7′N,129°26.6′E,13 km,2.3,震度１,29.345,129.4433333
2025/7/11,11:16:01,トカラ列島近海,29°17.3′N,129°30.6′E,12 km,3.2,震度２,29.28833333,129.51
2025/7/11,11:19:41,トカラ列島近海,29°18.6′N,129°26.0′E,11 km,,震度１,29.31,129.4333333
2025/7/11,11:31:16,トカラ列島近海,29°18.1′N,129°29.7′E,12 km,3,震度１,29.30166667,129.495
2025/7/11,11:39:57,トカラ列島近海,29°18.5′N,129°27.6′E,12 km,3.6,震度２,29.30833333,129.46
2025/7/11,11:47:09,トカラ列島近海,29°20.3′N,129°28.7′E,11 km,3.2,震度２,29.33833333,129.4783333
2025/7/11,11:55:22,トカラ列島近海,29°16.8′N,129°31.3′E,10 km,3.4,震度２,29.28,129.5216667
2025/7/11,11:56:36,トカラ列島近海,29°18.4′N,129°29.0′E,13 km,2.7,震度１,29.30666667,129.4833333
2025/7/11,12:01:37,トカラ列島近海,29°18.1′N,129°28.1′E,0 km,2.3,震度１,29.30166667,129.4683333
2025/7/11,12:04:30,トカラ列島近海,29°17.0′N,129°31.3′E,12 km,3.2,震度２,29.28333333,129.5216667
2025/7/11,12:13:23,トカラ列島近海,29°18.6′N,129°26.2′E,11 km,3,震度１,29.31,129.4366667
2025/7/11,12:18:08,トカラ列島近海,29°16.3′N,129°29.2′E,0 km,3.1,震度２,29.27166667,129.4866667
2025/7/11,12:22:34,トカラ列島近海,29°18.6′N,129°34.2′E,10 km,2.5,震度１,29.31,129.57
2025/7/11,12:24:54,トカラ列島近海,29°21.2′N,129°25.3′E,13 km,2.4,震度１,29.35333333,129.4216667
2025/7/11,12:35:43,トカラ列島近海,29°18.8′N,129°27.9′E,14 km,2.9,震度１,29.31333333,129.465
2025/7/11,12:45:42,トカラ列島近海,29°18.4′N,129°29.1′E,12 km,2.8,震度１,29.30666667,129.485
2025/7/11,12:50:39,トカラ列島近海,29°17.4′N,129°28.4′E,13 km,3.1,震度１,29.29,129.4733333
2025/7/11,12:59:13,トカラ列島近海,29°17.0′N,129°27.1′E,13 km,3.3,震度２,29.28333333,129.4516667
2025/7/11,13:01:46,トカラ列島近海,29°18.9′N,129°27.4′E,15 km,2.7,震度１,29.315,129.4566667
2025/7/11,13:04:06,トカラ列島近海,29°17.7′N,129°29.0′E,11 km,2.8,震度１,29.295,129.4833333
2025/7/11,13:23:39,トカラ列島近海,29°17.9′N,129°28.0′E,11 km,2.9,震度１,29.29833333,129.4666667
2025/7/11,13:40:13,トカラ列島近海,29°18.3′N,129°28.6′E,10 km,4,震度３,29.305,129.4766667
2025/7/11,14:13:30,トカラ列島近海,29°18.4′N,129°27.5′E,12 km,3.3,震度２,29.30666667,129.4583333
2025/7/11,14:22:30,トカラ列島近海,29°16.8′N,129°30.3′E,6 km,2.6,震度１,29.28,129.505
2025/7/11,14:39:39,トカラ列島近海,29°17.5′N,129°31.0′E,9 km,2.3,震度１,29.29166667,129.5166667
2025/7/11,15:25:31,トカラ列島近海,29°17.7′N,129°30.0′E,11 km,3.2,震度２,29.295,129.5
2025/7/11,16:09:09,トカラ列島近海,29°16.2′N,129°27.5′E,11 km,5,震度４,29.27,129.4583333
2025/7/11,16:09:27,宮古島近海,24°04.7′N,125°56.4′E,77 km,5.1,震度１,24.07833333,125.94
2025/7/11,16:21:38,トカラ列島近海,29°16.9′N,129°26.2′E,12 km,4.8,震度３,29.28166667,129.4366667
2025/7/11,16:29:36,トカラ列島近海,29°21.0′N,129°33.2′E,8 km,2.5,震度１,29.35,129.5533333
2025/7/11,16:30:16,トカラ列島近海,29°16.5′N,129°27.2′E,13 km,4.9,震度４,29.275,129.4533333
2025/7/11,16:33:09,トカラ列島近海,29°15.5′N,129°28.5′E,1 km,,震度１,29.25833333,129.475
2025/7/11,16:54:33,トカラ列島近海,29°15.9′N,129°31.7′E,9 km,2.8,震度１,29.265,129.5283333
2025/7/11,17:28:05,トカラ列島近海,29°19.0′N,129°27.1′E,8 km,2.5,震度１,29.31666667,129.4516667
2025/7/11,17:33:25,トカラ列島近海,29°18.1′N,129°32.7′E,4 km,2.5,震度１,29.30166667,129.545
2025/7/11,17:47:37,トカラ列島近海,29°16.4′N,129°27.8′E,10 km,2.3,震度１,29.27333333,129.4633333
2025/7/11,18:08:09,トカラ列島近海,29°17.6′N,129°29.6′E,8 km,2.7,震度１,29.29333333,129.4933333
2025/7/11,18:26:07,トカラ列島近海,29°16.9′N,129°30.2′E,5 km,2.4,震度１,29.28166667,129.5033333
2025/7/11,18:40:15,トカラ列島近海,29°16.3′N,129°27.7′E,9 km,2.6,震度１,29.27166667,129.4616667
2025/7/11,19:41:23,トカラ列島近海,29°17.4′N,129°28.4′E,10 km,3,震度１,29.29,129.4733333
2025/7/11,20:16:24,トカラ列島近海,29°16.2′N,129°29.5′E,8 km,3,震度２,29.27,129.4916667
2025/7/11,20:21:32,トカラ列島近海,29°18.8′N,129°27.1′E,11 km,2.8,震度１,29.31333333,129.4516667
2025/7/11,20:48:03,トカラ列島近海,29°20.5′N,129°27.6′E,9 km,2.9,震度２,29.34166667,129.46
2025/7/11,21:47:15,トカラ列島近海,29°17.3′N,129°30.8′E,13 km,2.7,震度１,29.28833333,129.5133333
2025/7/11,21:47:57,トカラ列島近海,29°18.0′N,129°28.6′E,8 km,3.2,震度２,29.3,129.4766667
2025/7/11,22:02:42,トカラ列島近海,29°16.4′N,129°29.2′E,1 km,2.6,震度１,29.27333333,129.4866667
2025/7/11,22:17:09,トカラ列島近海,29°19.3′N,129°30.7′E,9 km,2.6,震度２,29.32166667,129.5116667
2025/7/11,22:45:48,トカラ列島近海,29°19.5′N,129°34.4′E,3 km,2.6,震度１,29.325,129.5733333
2025/7/12,0:30:46,トカラ列島近海,29°20.1′N,129°26.6′E,13 km,2.6,震度１,29.335,129.4433333
2025/7/12,0:59:00,福島県沖,37°14.7′N,141°54.7′E,35 km,4.2,震度１,37.245,141.9116667
2025/7/12,1:44:13,トカラ列島近海,29°19.3′N,129°29.1′E,12 km,2.7,震度１,29.32166667,129.485
2025/7/12,3:02:27,茨城県沖,36°13.8′N,140°59.3′E,35 km,3.3,震度１,36.23,140.9883333
2025/7/12,3:44:01,十勝地方南部,42°39.4′N,143°15.5′E,20 km,4.1,震度２,42.65666667,143.2583333
2025/7/12,5:37:56,トカラ列島近海,29°17.9′N,129°29.5′E,12 km,2.8,震度１,29.29833333,129.4916667
2025/7/12,6:11:25,青森県東方沖,40°54.3′N,142°06.4′E,55 km,3.6,震度１,40.905,142.1066667
2025/7/12,6:50:42,トカラ列島近海,29°17.3′N,129°31.3′E,14 km,3.1,震度２,29.28833333,129.5216667
2025/7/12,6:55:19,トカラ列島近海,29°17.4′N,129°30.6′E,12 km,3.5,震度３,29.29,129.51
2025/7/12,9:19:04,トカラ列島近海,29°18.7′N,129°30.3′E,11 km,3.2,震度１,29.31166667,129.505
2025/7/12,9:59:50,トカラ列島近海,29°18.2′N,129°29.9′E,9 km,3,震度１,29.30333333,129.4983333
2025/7/12,10:07:35,青森県東方沖,41°29.9′N,142°03.2′E,56 km,3.8,震度１,41.49833333,142.0533333
2025/7/12,11:01:24,トカラ列島近海,29°18.9′N,129°30.1′E,13 km,4.9,震度４,29.315,129.5016667
2025/7/12,11:08:23,トカラ列島近海,29°19.6′N,129°28.8′E,11 km,3.1,震度２,29.32666667,129.48
2025/7/12,11:31:21,トカラ列島近海,29°18.9′N,129°30.1′E,11 km,2.7,震度１,29.315,129.5016667
2025/7/12,11:43:23,トカラ列島近海,29°18.5′N,129°29.9′E,14 km,,震度２,29.30833333,129.4983333
2025/7/12,11:52:03,トカラ列島近海,29°19.7′N,129°34.4′E,8 km,3.2,震度２,29.32833333,129.5733333
2025/7/12,12:01:03,トカラ列島近海,29°18.4′N,129°30.2′E,13 km,3.1,震度３,29.30666667,129.5033333
2025/7/12,12:08:54,トカラ列島近海,29°18.8′N,129°29.9′E,12 km,2.6,震度１,29.31333333,129.4983333
2025/7/12,12:10:13,トカラ列島近海,29°19.3′N,129°31.9′E,12 km,2.9,震度１,29.32166667,129.5316667
2025/7/12,12:18:38,トカラ列島近海,29°19.9′N,129°31.1′E,10 km,2.9,震度２,29.33166667,129.5183333
2025/7/12,12:22:55,トカラ列島近海,29°19.0′N,129°29.7′E,10 km,3.4,震度２,29.31666667,129.495
2025/7/12,12:45:29,トカラ列島近海,29°18.3′N,129°31.0′E,10 km,2.9,震度２,29.305,129.5166667
2025/7/12,12:52:11,トカラ列島近海,29°19.7′N,129°30.0′E,9 km,2.7,震度１,29.32833333,129.5
2025/7/12,12:53:16,トカラ列島近海,29°18.3′N,129°29.3′E,11 km,3.9,震度３,29.305,129.4883333
2025/7/12,13:31:14,トカラ列島近海,29°19.4′N,129°34.5′E,8 km,3.1,震度２,29.32333333,129.575
2025/7/12,13:33:13,トカラ列島近海,29°18.3′N,129°29.1′E,9 km,2.8,震度１,29.305,129.485
2025/7/12,13:40:30,トカラ列島近海,29°17.7′N,129°27.2′E,0 km,3.2,震度１,29.295,129.4533333
2025/7/12,15:43:09,トカラ列島近海,29°20.2′N,129°34.2′E,1 km,2.5,震度１,29.33666667,129.57
2025/7/12,18:48:30,日向灘,32°14.8′N,132°05.1′E,23 km,3.3,震度１,32.24666667,132.085
2025/7/12,19:46:14,千葉県東方沖,35°43.3′N,140°57.3′E,33 km,3.2,震度１,35.72166667,140.955
2025/7/12,20:12:20,新島・神津島近海,34°30.2′N,139°24.1′E,15 km,3.1,震度１,34.50333333,139.4016667
2025/7/12,20:33:39,トカラ列島近海,29°24.0′N,129°34.5′E,10 km,2.3,震度２,29.4,129.575
2025/7/12,21:07:13,トカラ列島近海,29°17.2′N,129°30.4′E,3 km,2.4,震度１,29.28666667,129.5066667
2025/7/12,21:40:02,トカラ列島近海,29°17.9′N,129°30.9′E,10 km,3.1,震度２,29.29833333,129.515
2025/7/12,21:44:38,トカラ列島近海,29°17.5′N,129°31.5′E,10 km,2.9,震度１,29.29166667,129.525
2025/7/12,22:17:38,トカラ列島近海,29°17.5′N,129°31.9′E,9 km,2.6,震度１,29.29166667,129.5316667
2025/7/12,22:29:17,トカラ列島近海,29°13.6′N,129°20.8′E,6 km,2.4,震度１,29.22666667,129.3466667
2025/7/12,22:41:46,和歌山県北部,34°01.8′N,135°15.3′E,6 km,2.4,震度１,34.03,135.255
2025/7/13,0:51:26,トカラ列島近海,29°17.7′N,129°30.4′E,12 km,2.7,震度１,29.295,129.5066667
2025/7/13,1:51:28,トカラ列島近海,29°18.5′N,129°33.5′E,6 km,2.6,震度１,29.30833333,129.5583333
2025/7/13,2:33:25,トカラ列島近海,29°21.5′N,129°37.0′E,9 km,2.3,震度２,29.35833333,129.6166667
2025/7/13,5:32:53,トカラ列島近海,29°18.3′N,129°30.9′E,13 km,4.4,震度４,29.305,129.515
2025/7/13,5:35:33,トカラ列島近海,29°19.3′N,129°31.2′E,11 km,2.5,震度１,29.32166667,129.52
2025/7/13,5:46:16,トカラ列島近海,29°21.8′N,129°32.7′E,8 km,2.6,震度１,29.36333333,129.545
2025/7/13,5:54:21,トカラ列島近海,29°17.4′N,129°32.3′E,11 km,4.4,震度４,29.29,129.5383333
2025/7/13,6:10:14,トカラ列島近海,29°18.6′N,129°30.2′E,6 km,3.3,震度２,29.31,129.5033333
2025/7/13,6:14:38,トカラ列島近海,29°19.2′N,129°29.7′E,10 km,3,震度２,29.32,129.495
2025/7/13,6:34:10,トカラ列島近海,29°18.6′N,129°27.3′E,10 km,2.9,震度１,29.31,129.455
2025/7/13,7:22:51,トカラ列島近海,29°19.9′N,129°29.3′E,10 km,2.6,震度１,29.33166667,129.4883333
2025/7/13,8:20:00,トカラ列島近海,29°21.1′N,129°36.0′E,7 km,2.8,震度２,29.35166667,129.6
2025/7/13,9:49:26,新島・神津島近海,34°30.0′N,139°24.1′E,15 km,2.6,震度１,34.5,139.4016667
2025/7/13,11:03:22,トカラ列島近海,29°18.2′N,129°30.3′E,14 km,3.5,震度２,29.30333333,129.505
2025/7/13,11:33:13,岩手県沖,39°52.0′N,142°24.7′E,16 km,3.9,震度１,39.86666667,142.4116667
2025/7/13,12:04:30,トカラ列島近海,29°16.9′N,129°33.4′E,9 km,3,震度１,29.28166667,129.5566667
2025/7/13,12:07:05,茨城県南部,35°59.9′N,140°15.7′E,41 km,3.1,震度１,35.99833333,140.2616667
2025/7/13,12:22:50,トカラ列島近海,29°20.9′N,129°34.6′E,8 km,2.7,震度１,29.34833333,129.5766667
2025/7/13,12:40:31,トカラ列島近海,29°18.0′N,129°30.9′E,13 km,2.8,震度１,29.3,129.515
2025/7/13,13:35:45,トカラ列島近海,29°19.2′N,129°30.7′E,12 km,4,震度３,29.32,129.5116667
2025/7/13,17:18:39,トカラ列島近海,29°20.8′N,129°29.3′E,16 km,2.6,震度２,29.34666667,129.4883333
2025/7/13,17:41:41,トカラ列島近海,29°19.4′N,129°31.9′E,11 km,2.4,震度２,29.32333333,129.5316667
2025/7/13,18:27:00,トカラ列島近海,29°18.7′N,129°32.2′E,12 km,3.2,震度２,29.31166667,129.5366667
2025/7/13,20:03:34,トカラ列島近海,29°17.8′N,129°30.1′E,12 km,2.9,震度１,29.29666667,129.5016667
2025/7/13,20:04:46,トカラ列島近海,29°18.8′N,129°29.2′E,6 km,2.4,震度１,29.31333333,129.4866667
2025/7/13,20:07:03,トカラ列島近海,29°17.4′N,129°30.6′E,11 km,2.7,震度１,29.29,129.51
2025/7/13,20:16:07,トカラ列島近海,29°20.3′N,129°26.2′E,13 km,3,震度１,29.33833333,129.4366667
2025/7/13,20:19:35,トカラ列島近海,29°19.3′N,129°28.2′E,9 km,4.9,震度４,29.32166667,129.47
2025/7/13,20:21:12,トカラ列島近海,29°18.9′N,129°28.7′E,15 km,,震度１,29.315,129.4783333
2025/7/13,20:22:46,トカラ列島近海,29°16.9′N,129°29.7′E,0 km,3.7,震度２,29.28166667,129.495
2025/7/13,20:23:44,トカラ列島近海,29°24.6′N,129°31.6′E,19 km,,震度１,29.41,129.5266667
2025/7/13,20:25:36,トカラ列島近海,29°17.7′N,129°29.3′E,5 km,2.6,震度１,29.295,129.4883333
2025/7/13,20:27:47,トカラ列島近海,29°18.8′N,129°29.5′E,11 km,2.7,震度１,29.31333333,129.4916667
2025/7/13,20:28:58,トカラ列島近海,29°17.6′N,129°30.8′E,10 km,4.7,震度４,29.29333333,129.5133333
2025/7/13,20:32:20,トカラ列島近海,29°19.7′N,129°26.6′E,8 km,2.8,震度１,29.32833333,129.4433333
2025/7/13,20:34:36,トカラ列島近海,29°19.2′N,129°29.5′E,9 km,2.9,震度１,29.32,129.4916667
2025/7/13,20:35:49,トカラ列島近海,29°16.5′N,129°31.0′E,6 km,2.9,震度１,29.275,129.5166667
2025/7/13,20:37:15,トカラ列島近海,29°24.0′N,129°23.5′E,9 km,,震度１,29.4,129.3916667
2025/7/13,20:38:01,トカラ列島近海,29°16.0′N,129°30.4′E,6 km,2.6,震度１,29.26666667,129.5066667
2025/7/13,20:40:07,トカラ列島近海,29°18.7′N,129°26.1′E,6 km,2.8,震度１,29.31166667,129.435
2025/7/13,20:41:11,トカラ列島近海,29°18.7′N,129°29.1′E,9 km,3.8,震度２,29.31166667,129.485
2025/7/13,20:42:22,トカラ列島近海,29°18.7′N,129°31.1′E,14 km,,震度１,29.31166667,129.5183333
2025/7/13,20:44:06,トカラ列島近海,29°17.8′N,129°29.7′E,5 km,3.5,震度２,29.29666667,129.495
2025/7/13,20:45:50,トカラ列島近海,29°17.2′N,129°31.7′E,7 km,3.5,震度２,29.28666667,129.5283333
2025/7/13,20:48:43,トカラ列島近海,29°20.1′N,129°29.3′E,12 km,2.9,震度１,29.335,129.4883333
2025/7/13,20:50:50,トカラ列島近海,29°19.4′N,129°22.8′E,21 km,3.2,震度２,29.32333333,129.38
2025/7/13,20:52:45,トカラ列島近海,29°17.9′N,129°30.0′E,12 km,3.1,震度２,29.29833333,129.5
2025/7/13,20:54:50,トカラ列島近海,29°19.2′N,129°29.6′E,11 km,2.7,震度１,29.32,129.4933333
2025/7/13,20:56:19,トカラ列島近海,29°17.9′N,129°28.4′E,3 km,2.4,震度１,29.29833333,129.4733333
2025/7/13,21:01:21,トカラ列島近海,29°18.8′N,129°29.6′E,12 km,3,震度２,29.31333333,129.4933333
2025/7/13,21:06:35,トカラ列島近海,29°19.0′N,129°29.7′E,11 km,2.8,震度２,29.31666667,129.495
2025/7/13,21:08:51,トカラ列島近海,29°18.1′N,129°30.6′E,11 km,3.5,震度３,29.30166667,129.51
2025/7/13,21:09:34,トカラ列島近海,29°19.6′N,129°27.0′E,9 km,,震度１,29.32666667,129.45
2025/7/13,21:12:06,トカラ列島近海,29°19.2′N,129°29.4′E,10 km,2.7,震度１,29.32,129.49
2025/7/13,21:13:19,トカラ列島近海,29°17.7′N,129°29.8′E,10 km,2.5,震度１,29.295,129.4966667
2025/7/13,21:15:13,トカラ列島近海,29°17.9′N,129°36.9′E,4 km,3.2,震度２,29.29833333,129.615
2025/7/13,21:17:57,トカラ列島近海,29°19.4′N,129°28.3′E,6 km,2.4,震度１,29.32333333,129.4716667
2025/7/13,21:22:23,トカラ列島近海,29°16.8′N,129°30.4′E,0 km,3.3,震度３,29.28,129.5066667
2025/7/13,21:23:59,トカラ列島近海,29°17.5′N,129°31.4′E,9 km,2.5,震度１,29.29166667,129.5233333
2025/7/13,21:27:08,トカラ列島近海,29°16.4′N,129°32.8′E,10 km,2.4,震度１,29.27333333,129.5466667
2025/7/13,21:28:29,トカラ列島近海,29°20.6′N,129°29.7′E,8 km,,震度１,29.34333333,129.495
2025/7/13,21:32:35,トカラ列島近海,29°20.0′N,129°28.8′E,14 km,2.7,震度１,29.33333333,129.48
2025/7/13,21:33:39,トカラ列島近海,29°17.9′N,129°29.0′E,8 km,3.1,震度２,29.29833333,129.4833333
2025/7/13,21:35:35,トカラ列島近海,29°18.9′N,129°29.8′E,9 km,3,震度１,29.315,129.4966667
2025/7/13,21:39:22,トカラ列島近海,29°18.5′N,129°30.2′E,11 km,2.6,震度１,29.30833333,129.5033333
2025/7/13,21:40:57,トカラ列島近海,29°17.8′N,129°29.6′E,9 km,3.3,震度２,29.29666667,129.4933333
2025/7/13,21:41:56,トカラ列島近海,29°15.4′N,129°34.9′E,6 km,2.9,震度１,29.25666667,129.5816667
2025/7/13,21:43:25,トカラ列島近海,29°22.2′N,129°32.1′E,8 km,2.3,震度１,29.37,129.535
2025/7/13,21:44:44,トカラ列島近海,29°21.1′N,129°28.3′E,16 km,3,震度１,29.35166667,129.4716667
2025/7/13,21:49:40,トカラ列島近海,29°22.4′N,129°25.9′E,14 km,3.3,震度２,29.37333333,129.4316667
2025/7/13,21:52:00,トカラ列島近海,29°17.1′N,129°31.3′E,9 km,2.7,震度１,29.285,129.5216667
2025/7/13,21:54:13,トカラ列島近海,29°18.6′N,129°30.1′E,13 km,2.4,震度１,29.31,129.5016667
2025/7/13,21:55:16,トカラ列島近海,29°19.6′N,129°28.9′E,10 km,2.8,震度１,29.32666667,129.4816667
2025/7/13,21:56:47,トカラ列島近海,29°17.3′N,129°31.5′E,7 km,2.9,震度１,29.28833333,129.525
2025/7/13,21:58:07,トカラ列島近海,29°16.7′N,129°29.8′E,8 km,2.4,震度１,29.27833333,129.4966667
2025/7/13,21:59:33,トカラ列島近海,29°19.3′N,129°31.1′E,12 km,2.7,震度１,29.32166667,129.5183333
2025/7/13,22:02:26,トカラ列島近海,29°16.5′N,129°31.9′E,8 km,3.2,震度２,29.275,129.5316667
2025/7/13,22:06:26,トカラ列島近海,29°18.6′N,129°29.9′E,9 km,2.8,震度１,29.31,129.4983333
2025/7/13,22:10:49,トカラ列島近海,29°18.8′N,129°29.8′E,11 km,3.1,震度３,29.31333333,129.4966667
2025/7/13,22:19:26,トカラ列島近海,29°17.7′N,129°30.3′E,11 km,2.7,震度１,29.295,129.505
2025/7/13,22:22:41,トカラ列島近海,29°18.1′N,129°29.7′E,6 km,2.6,震度１,29.30166667,129.495
2025/7/13,22:55:50,トカラ列島近海,29°17.2′N,129°30.8′E,3 km,2.5,震度１,29.28666667,129.5133333
2025/7/13,22:56:40,トカラ列島近海,29°17.6′N,129°32.5′E,11 km,2.4,震度１,29.29333333,129.5416667
2025/7/13,23:22:42,トカラ列島近海,29°18.3′N,129°30.1′E,9 km,4.5,震度３,29.305,129.5016667
2025/7/13,23:46:48,トカラ列島近海,29°15.4′N,129°32.7′E,8 km,3.1,震度２,29.25666667,129.545
2025/7/13,23:55:27,トカラ列島近海,29°17.3′N,129°31.7′E,6 km,2.8,震度１,29.28833333,129.5283333
2025/7/14,0:08:40,トカラ列島近海,29°18.6′N,129°29.1′E,6 km,2.7,震度１,29.31,129.485
2025/7/14,1:13:22,トカラ列島近海,29°20.2′N,129°31.4′E,9 km,2.9,震度２,29.33666667,129.5233333
2025/7/14,1:51:52,トカラ列島近海,29°18.3′N,129°30.4′E,10 km,2.7,震度２,29.305,129.5066667
2025/7/14,2:09:27,トカラ列島近海,29°18.1′N,129°30.5′E,10 km,2.2,震度１,29.30166667,129.5083333
2025/7/14,2:29:49,トカラ列島近海,29°16.6′N,129°30.9′E,1 km,,震度１,29.27666667,129.515
2025/7/14,3:18:45,トカラ列島近海,29°18.0′N,129°28.3′E,11 km,2.4,震度１,29.3,129.4716667
2025/7/14,3:21:13,トカラ列島近海,29°18.6′N,129°27.4′E,14 km,2.3,震度１,29.31,129.4566667
2025/7/14,3:23:21,トカラ列島近海,29°18.4′N,129°28.1′E,12 km,2.7,震度１,29.30666667,129.4683333
2025/7/14,3:24:45,トカラ列島近海,29°17.3′N,129°31.1′E,6 km,2.9,震度２,29.28833333,129.5183333
2025/7/14,4:32:39,トカラ列島近海,29°18.6′N,129°29.7′E,9 km,2.9,震度１,29.31,129.495
2025/7/14,5:36:09,トカラ列島近海,29°18.1′N,129°32.1′E,9 km,3.9,震度３,29.30166667,129.535
2025/7/14,5:42:37,トカラ列島近海,29°19.0′N,129°34.5′E,7 km,2.5,震度１,29.31666667,129.575
2025/7/14,6:36:52,トカラ列島近海,29°21.5′N,129°32.1′E,7 km,2.2,震度２,29.35833333,129.535
2025/7/14,6:38:49,トカラ列島近海,29°20.3′N,129°29.7′E,7 km,,震度１,29.33833333,129.495
2025/7/14,7:02:08,トカラ列島近海,29°13.2′N,129°19.7′E,7 km,2.3,震度１,29.22,129.3283333
2025/7/14,7:36:19,トカラ列島近海,29°19.1′N,129°29.0′E,8 km,3.1,震度２,29.31833333,129.4833333
2025/7/14,7:42:01,トカラ列島近海,29°19.4′N,129°28.7′E,8 km,2.8,震度２,29.32333333,129.4783333
2025/7/14,8:24:39,トカラ列島近海,29°20.0′N,129°28.5′E,11 km,2.3,震度１,29.33333333,129.475
2025/7/14,8:32:17,トカラ列島近海,29°18.4′N,129°30.1′E,13 km,4.3,震度４,29.30666667,129.5016667
2025/7/14,9:50:36,トカラ列島近海,29°17.1′N,129°29.7′E,7 km,2.5,震度１,29.285,129.495
2025/7/14,10:16:37,トカラ列島近海,29°19.3′N,129°27.8′E,8 km,2.7,震度１,29.32166667,129.4633333
2025/7/14,12:48:13,トカラ列島近海,29°17.6′N,129°32.4′E,15 km,2.7,震度１,29.29333333,129.54
2025/7/14,13:14:11,トカラ列島近海,29°21.4′N,129°35.8′E,8 km,2.9,震度２,29.35666667,129.5966667
2025/7/14,13:55:05,トカラ列島近海,29°18.4′N,129°34.4′E,0 km,,震度１,29.30666667,129.5733333
2025/7/14,14:37:56,トカラ列島近海,29°19.1′N,129°31.6′E,10 km,2.6,震度２,29.31833333,129.5266667
2025/7/14,14:40:06,トカラ列島近海,29°17.3′N,129°31.0′E,9 km,3.3,震度２,29.28833333,129.5166667
2025/7/14,14:55:55,伊豆大島近海,35°00.7′N,139°32.9′E,30 km,3.3,震度２,35.01166667,139.5483333
2025/7/14,15:01:22,トカラ列島近海,29°17.9′N,129°34.8′E,9 km,2.9,震度２,29.29833333,129.58
2025/7/14,15:04:02,トカラ列島近海,29°18.8′N,129°34.3′E,2 km,,震度１,29.31333333,129.5716667
2025/7/14,15:04:37,トカラ列島近海,29°18.2′N,129°29.4′E,9 km,2.9,震度２,29.30333333,129.49
2025/7/14,15:11:21,トカラ列島近海,29°19.7′N,129°33.1′E,7 km,2.5,震度１,29.32833333,129.5516667
2025/7/14,15:43:28,トカラ列島近海,29°22.5′N,129°35.5′E,10 km,2.4,震度１,29.375,129.5916667
2025/7/14,16:28:32,トカラ列島近海,29°19.9′N,129°31.4′E,10 km,2.5,震度１,29.33166667,129.5233333
2025/7/14,16:59:59,トカラ列島近海,29°19.7′N,129°29.3′E,10 km,2.6,震度１,29.32833333,129.4883333
2025/7/14,17:16:10,トカラ列島近海,29°19.4′N,129°26.3′E,5 km,2.3,震度１,29.32333333,129.4383333
2025/7/14,18:43:38,トカラ列島近海,29°20.2′N,129°32.6′E,6 km,,震度１,29.33666667,129.5433333
2025/7/14,18:48:30,トカラ列島近海,29°19.4′N,129°29.7′E,12 km,3.3,震度２,29.32333333,129.495
2025/7/14,18:52:43,トカラ列島近海,29°18.2′N,129°31.1′E,12 km,3,震度２,29.30333333,129.5183333
2025/7/14,19:13:35,トカラ列島近海,29°25.7′N,129°34.1′E,11 km,2.4,震度１,29.42833333,129.5683333
2025/7/14,21:43:28,トカラ列島近海,29°20.2′N,129°32.2′E,12 km,,震度１,29.33666667,129.5366667
2025/7/14,21:48:15,トカラ列島近海,29°19.0′N,129°31.8′E,14 km,3.1,震度１,29.31666667,129.53
2025/7/14,22:05:18,十勝地方南部,42°39.4′N,143°15.4′E,20 km,3.1,震度１,42.65666667,143.2566667
2025/7/15,1:15:54,千葉県東方沖,35°30.5′N,140°56.6′E,28 km,3.4,震度１,35.50833333,140.9433333
2025/7/15,1:43:56,トカラ列島近海,29°18.7′N,129°27.6′E,10 km,3.3,震度２,29.31166667,129.46
2025/7/15,2:28:37,トカラ列島近海,29°20.0′N,129°34.6′E,6 km,3.2,震度２,29.33333333,129.5766667
2025/7/15,4:15:30,トカラ列島近海,29°19.1′N,129°32.7′E,8 km,2.7,震度１,29.31833333,129.545
2025/7/15,5:12:01,トカラ列島近海,29°21.8′N,129°37.3′E,3 km,2.4,震度１,29.36333333,129.6216667
2025/7/15,5:16:28,トカラ列島近海,29°18.5′N,129°34.2′E,9 km,2.4,震度１,29.30833333,129.57
2025/7/15,6:19:22,トカラ列島近海,29°19.8′N,129°35.3′E,6 km,2.6,震度２,29.33,129.5883333
2025/7/15,6:38:04,千島列島,45°50.8′N,151°23.5′E,30 km,5.9,震度１,45.84666667,151.3916667
2025/7/15,7:23:29,トカラ列島近海,29°21.1′N,129°35.7′E,6 km,2.6,震度１,29.35166667,129.595
2025/7/15,7:48:39,トカラ列島近海,29°17.4′N,129°32.8′E,11 km,2.9,震度１,29.29,129.5466667
2025/7/15,10:25:32,トカラ列島近海,29°17.1′N,129°27.8′E,14 km,3.2,震度２,29.285,129.4633333
2025/7/15,10:38:06,トカラ列島近海,29°15.7′N,129°28.9′E,6 km,2.9,震度１,29.26166667,129.4816667
2025/7/15,11:08:22,トカラ列島近海,29°19.2′N,129°32.9′E,9 km,2.5,震度１,29.32,129.5483333
2025/7/15,11:37:35,トカラ列島近海,29°16.8′N,129°28.2′E,14 km,2.7,震度１,29.28,129.47
2025/7/15,12:31:45,トカラ列島近海,29°17.8′N,129°27.8′E,9 km,2.5,震度１,29.29666667,129.4633333
2025/7/15,13:20:01,トカラ列島近海,29°19.3′N,129°28.8′E,12 km,5.4,震度４,29.32166667,129.48
2025/7/15,13:21:33,トカラ列島近海,29°20.3′N,129°27.8′E,16 km,,震度３,29.33833333,129.4633333
2025/7/15,13:28:09,トカラ列島近海,29°18.2′N,129°28.7′E,5 km,2.7,震度２,29.30333333,129.4783333
2025/7/15,13:38:54,トカラ列島近海,29°18.8′N,129°29.9′E,7 km,2.7,震度１,29.31333333,129.4983333
2025/7/15,13:45:57,トカラ列島近海,29°18.2′N,129°30.6′E,10 km,2.7,震度１,29.30333333,129.51
2025/7/15,13:58:52,トカラ列島近海,29°15.8′N,129°24.1′E,10 km,2.8,震度１,29.26333333,129.4016667
2025/7/15,14:01:52,トカラ列島近海,29°18.1′N,129°26.7′E,11 km,3.1,震度２,29.30166667,129.445
2025/7/15,14:28:30,トカラ列島近海,29°18.6′N,129°31.0′E,7 km,2.7,震度１,29.31,129.5166667
2025/7/15,14:37:57,トカラ列島近海,29°17.7′N,129°27.2′E,12 km,2.9,震度１,29.295,129.4533333
2025/7/15,15:04:51,トカラ列島近海,29°20.4′N,129°30.9′E,7 km,2.6,震度２,29.34,129.515
2025/7/15,15:06:56,トカラ列島近海,29°20.9′N,129°30.7′E,10 km,2.8,震度１,29.34833333,129.5116667
2025/7/15,15:46:47,トカラ列島近海,29°19.0′N,129°29.6′E,9 km,2.2,震度１,29.31666667,129.4933333
2025/7/15,15:51:14,トカラ列島近海,29°18.1′N,129°31.1′E,12 km,2.4,震度１,29.30166667,129.5183333
2025/7/15,17:04:07,トカラ列島近海,29°19.4′N,129°29.2′E,8 km,2.7,震度１,29.32333333,129.4866667
2025/7/15,17:07:05,トカラ列島近海,29°18.7′N,129°27.7′E,13 km,2.8,震度１,29.31166667,129.4616667
2025/7/15,19:36:43,トカラ列島近海,29°20.4′N,129°25.3′E,5 km,2.9,震度１,29.34,129.4216667
2025/7/15,20:10:26,秋田県内陸南部,38°58.4′N,140°34.2′E,2 km,2.5,震度１,38.97333333,140.57
2025/7/15,20:55:25,トカラ列島近海,29°22.9′N,129°38.0′E,8 km,2.3,震度２,29.38166667,129.6333333
2025/7/15,21:09:43,トカラ列島近海,29°19.0′N,129°29.5′E,11 km,2.6,震度１,29.31666667,129.4916667
2025/7/15,22:08:42,トカラ列島近海,29°19.5′N,129°29.5′E,12 km,4.3,震度３,29.325,129.4916667
2025/7/15,22:25:18,長野県南部,35°18.5′N,137°51.9′E,16 km,3.1,震度２,35.30833333,137.865
2025/7/15,23:47:10,茨城県北部,36°27.6′N,140°36.7′E,56 km,4.9,震度４,36.46,140.6116667
2025/7/16,0:10:12,トカラ列島近海,29°18.8′N,129°32.5′E,12 km,2.5,震度１,29.31333333,129.5416667
2025/7/16,0:49:41,広島県南東部,34°33.1′N,132°57.3′E,19 km,3.7,震度２,34.55166667,132.955
2025/7/16,2:08:45,トカラ列島近海,29°19.6′N,129°31.8′E,9 km,2.2,震度１,29.32666667,129.53
2025/7/16,2:15:27,トカラ列島近海,29°18.5′N,129°26.5′E,12 km,4.7,震度４,29.30833333,129.4416667
2025/7/16,2:18:47,トカラ列島近海,29°18.5′N,129°28.2′E,9 km,2.7,震度１,29.30833333,129.47
2025/7/16,2:43:08,トカラ列島近海,29°18.0′N,129°26.6′E,12 km,3.4,震度２,29.3,129.4433333
2025/7/16,4:20:53,トカラ列島近海,29°18.6′N,129°26.7′E,11 km,3.2,震度２,29.31,129.445
2025/7/16,4:48:12,トカラ列島近海,29°23.3′N,129°37.4′E,8 km,2.4,震度１,29.38833333,129.6233333
2025/7/16,5:38:27,トカラ列島近海,29°18.4′N,129°28.7′E,12 km,3,震度２,29.30666667,129.4783333
2025/7/16,9:54:44,トカラ列島近海,29°25.9′N,129°36.3′E,7 km,2.4,震度２,29.43166667,129.605
2025/7/16,10:27:00,トカラ列島近海,29°18.0′N,129°28.5′E,7 km,4,震度３,29.3,129.475
2025/7/16,10:29:06,トカラ列島近海,29°18.3′N,129°30.9′E,10 km,3,震度１,29.305,129.515
2025/7/16,11:34:52,トカラ列島近海,29°15.3′N,129°28.1′E,11 km,2.3,震度１,29.255,129.4683333
2025/7/16,14:33:13,トカラ列島近海,29°17.0′N,129°32.1′E,6 km,2.4,震度１,29.28333333,129.535
2025/7/16,14:35:04,紀伊水道,34°06.0′N,135°06.6′E,8 km,2.7,震度１,34.1,135.11
2025/7/16,14:35:21,トカラ列島近海,29°17.2′N,129°32.8′E,10 km,3.3,震度２,29.28666667,129.5466667
2025/7/16,14:51:03,トカラ列島近海,29°17.8′N,129°31.5′E,9 km,3.1,震度２,29.29666667,129.525
2025/7/16,14:53:29,トカラ列島近海,29°18.4′N,129°31.7′E,11 km,3.3,震度２,29.30666667,129.5283333
2025/7/16,14:56:25,トカラ列島近海,29°17.1′N,129°32.6′E,2 km,3.6,震度２,29.285,129.5433333
2025/7/16,15:00:59,トカラ列島近海,29°16.7′N,129°31.7′E,0 km,3,震度１,29.27833333,129.5283333
2025/7/16,15:01:35,トカラ列島近海,29°16.4′N,129°32.9′E,0 km,3.4,震度２,29.27333333,129.5483333
2025/7/16,15:02:30,トカラ列島近海,29°18.3′N,129°31.8′E,13 km,3.2,震度１,29.305,129.53
2025/7/16,15:05:31,トカラ列島近海,29°18.4′N,129°31.0′E,10 km,4.4,震度４,29.30666667,129.5166667
2025/7/16,15:08:57,トカラ列島近海,29°18.8′N,129°30.3′E,13 km,,震度１,29.31333333,129.505
2025/7/16,15:09:03,トカラ列島近海,29°16.8′N,129°30.7′E,0 km,2.9,震度１,29.28,129.5116667
2025/7/16,15:10:39,トカラ列島近海,29°19.4′N,129°32.2′E,15 km,,震度１,29.32333333,129.5366667
2025/7/16,15:11:27,トカラ列島近海,29°22.4′N,129°32.7′E,19 km,3.9,震度１,29.37333333,129.545
2025/7/16,15:12:58,トカラ列島近海,29°18.4′N,129°31.8′E,10 km,3.3,震度２,29.30666667,129.53
2025/7/16,15:14:06,トカラ列島近海,29°19.4′N,129°29.7′E,12 km,4.2,震度４,29.32333333,129.495
2025/7/16,15:15:49,トカラ列島近海,29°17.7′N,129°29.4′E,0 km,3.3,震度２,29.295,129.49
2025/7/16,15:16:47,トカラ列島近海,29°20.9′N,129°30.3′E,12 km,,震度２,29.34833333,129.505
2025/7/16,15:18:06,トカラ列島近海,29°17.1′N,129°33.1′E,0 km,2.7,震度１,29.285,129.5516667
2025/7/16,15:19:46,トカラ列島近海,29°18.1′N,129°38.2′E,0 km,2.7,震度１,29.30166667,129.6366667
2025/7/16,15:21:06,トカラ列島近海,29°18.6′N,129°31.8′E,11 km,3.3,震度２,29.31,129.53
2025/7/16,15:22:13,トカラ列島近海,29°19.7′N,129°31.7′E,15 km,,震度１,29.32833333,129.5283333
2025/7/16,15:24:33,トカラ列島近海,29°19.7′N,129°29.5′E,12 km,3,震度２,29.32833333,129.4916667
2025/7/16,15:25:37,トカラ列島近海,29°18.2′N,129°31.1′E,0 km,,震度１,29.30333333,129.5183333
2025/7/16,15:26:31,トカラ列島近海,29°18.2′N,129°31.7′E,0 km,,震度１,29.30333333,129.5283333
2025/7/16,15:28:02,トカラ列島近海,29°17.6′N,129°32.6′E,11 km,3.1,震度２,29.29333333,129.5433333
2025/7/16,15:28:44,トカラ列島近海,29°20.0′N,129°31.0′E,12 km,,震度１,29.33333333,129.5166667
2025/7/16,15:29:33,トカラ列島近海,29°19.2′N,129°31.0′E,11 km,3,震度２,29.32,129.5166667
2025/7/16,15:35:36,トカラ列島近海,29°17.8′N,129°30.5′E,3 km,,震度１,29.29666667,129.5083333
2025/7/16,15:37:07,トカラ列島近海,29°21.6′N,129°29.7′E,16 km,,震度１,29.36,129.495
2025/7/16,15:38:58,トカラ列島近海,29°18.9′N,129°29.4′E,11 km,2.8,震度１,29.315,129.49
2025/7/16,15:40:58,トカラ列島近海,29°19.5′N,129°31.0′E,12 km,3.2,震度２,29.325,129.5166667
2025/7/16,15:43:31,トカラ列島近海,29°19.6′N,129°31.2′E,13 km,,震度１,29.32666667,129.52
2025/7/16,15:46:49,トカラ列島近海,29°17.3′N,129°33.7′E,0 km,2.7,震度１,29.28833333,129.5616667
2025/7/16,15:48:11,トカラ列島近海,29°19.6′N,129°31.3′E,12 km,2.8,震度１,29.32666667,129.5216667
2025/7/16,15:48:43,トカラ列島近海,29°19.2′N,129°33.1′E,15 km,3.1,震度２,29.32,129.5516667
2025/7/16,15:49:56,トカラ列島近海,29°17.0′N,129°32.9′E,0 km,2.9,震度１,29.28333333,129.5483333
2025/7/16,15:53:36,トカラ列島近海,29°19.0′N,129°35.1′E,9 km,3.8,震度３,29.31666667,129.585
2025/7/16,15:56:10,トカラ列島近海,29°17.1′N,129°32.5′E,11 km,3.2,震度２,29.285,129.5416667
2025/7/16,15:57:51,トカラ列島近海,29°17.4′N,129°33.6′E,11 km,3.3,震度３,29.29,129.56
2025/7/16,16:11:46,トカラ列島近海,29°18.4′N,129°30.1′E,10 km,3.1,震度２,29.30666667,129.5016667
2025/7/16,16:21:20,トカラ列島近海,29°18.9′N,129°31.8′E,12 km,,震度１,29.315,129.53
2025/7/16,16:42:29,トカラ列島近海,29°19.1′N,129°30.7′E,11 km,2.1,震度１,29.31833333,129.5116667
2025/7/16,16:55:16,トカラ列島近海,29°19.4′N,129°33.6′E,9 km,3,震度２,29.32333333,129.56
2025/7/16,17:00:16,トカラ列島近海,29°16.4′N,129°33.9′E,5 km,2.8,震度１,29.27333333,129.565
2025/7/16,21:25:42,トカラ列島近海,29°21.2′N,129°32.3′E,12 km,3.5,震度３,29.35333333,129.5383333
2025/7/16,21:32:46,トカラ列島近海,29°16.6′N,129°32.6′E,11 km,3,震度２,29.27666667,129.5433333
2025/7/16,21:39:09,トカラ列島近海,29°18.1′N,129°30.2′E,10 km,3,震度１,29.30166667,129.5033333
2025/7/16,21:49:50,トカラ列島近海,29°18.2′N,129°30.9′E,11 km,2.4,震度１,29.30333333,129.515
2025/7/16,22:16:59,トカラ列島近海,29°18.4′N,129°28.5′E,8 km,2.1,震度１,29.30666667,129.475
2025/7/16,23:27:45,トカラ列島近海,29°19.4′N,129°32.1′E,12 km,2.7,震度１,29.32333333,129.535
2025/7/17,0:35:56,トカラ列島近海,29°21.0′N,129°32.0′E,4 km,2.3,震度１,29.35,129.5333333
2025/7/17,1:25:30,トカラ列島近海,29°18.7′N,129°29.1′E,9 km,2.7,震度１,29.31166667,129.485
2025/7/17,5:17:26,宮古島近海,24°11.6′N,125°11.5′E,24 km,3.9,震度１,24.19333333,125.1916667
2025/7/17,5:26:38,トカラ列島近海,29°19.5′N,129°34.9′E,8 km,,震度１,29.325,129.5816667
2025/7/17,5:30:14,トカラ列島近海,29°20.1′N,129°33.9′E,9 km,,震度１,29.335,129.565
2025/7/17,6:27:15,トカラ列島近海,29°20.4′N,129°33.4′E,10 km,2.5,震度１,29.34,129.5566667
2025/7/17,7:58:03,大隅半島東方沖,31°20.8′N,131°23.6′E,63 km,3.5,震度１,31.34666667,131.3933333
2025/7/17,8:26:14,トカラ列島近海,29°18.6′N,129°32.9′E,10 km,2.6,震度１,29.31,129.5483333
2025/7/17,9:08:54,トカラ列島近海,29°21.1′N,129°32.4′E,5 km,2.4,震度１,29.35166667,129.54
2025/7/17,10:05:16,トカラ列島近海,29°17.8′N,129°28.3′E,10 km,2.5,震度１,29.29666667,129.4716667
2025/7/17,11:12:07,トカラ列島近海,29°16.5′N,129°33.1′E,6 km,2.7,震度１,29.275,129.5516667
2025/7/17,11:55:38,トカラ列島近海,29°17.2′N,129°32.5′E,11 km,2.3,震度１,29.28666667,129.5416667
2025/7/17,12:05:54,トカラ列島近海,29°19.1′N,129°31.0′E,9 km,3.6,震度３,29.31833333,129.5166667
2025/7/17,13:48:37,トカラ列島近海,29°18.9′N,129°30.5′E,8 km,2.5,震度１,29.315,129.5083333
2025/7/17,14:47:02,トカラ列島近海,29°17.9′N,129°33.4′E,11 km,2.6,震度１,29.29833333,129.5566667
2025/7/17,14:48:51,トカラ列島近海,29°18.7′N,129°32.3′E,11 km,2.3,震度１,29.31166667,129.5383333
2025/7/17,15:43:21,トカラ列島近海,29°17.5′N,129°27.7′E,10 km,2.6,震度１,29.29166667,129.4616667
2025/7/17,15:47:42,トカラ列島近海,29°18.3′N,129°33.9′E,10 km,3.2,震度２,29.305,129.565
2025/7/17,15:58:14,トカラ列島近海,29°18.1′N,129°32.3′E,13 km,2.8,震度１,29.30166667,129.5383333
2025/7/17,16:20:34,トカラ列島近海,29°17.3′N,129°33.1′E,10 km,2.8,震度１,29.28833333,129.5516667
2025/7/17,18:36:40,トカラ列島近海,29°18.2′N,129°35.2′E,9 km,,震度１,29.30333333,129.5866667
2025/7/17,18:45:21,トカラ列島近海,29°25.8′N,129°36.9′E,8 km,2.4,震度２,29.43,129.615
2025/7/17,22:39:32,トカラ列島近海,29°17.8′N,129°32.0′E,9 km,2.9,震度１,29.29666667,129.5333333
2025/7/17,23:02:32,トカラ列島近海,29°21.5′N,129°34.5′E,10 km,2.9,震度１,29.35833333,129.575
2025/7/18,0:07:00,トカラ列島近海,29°18.2′N,129°30.8′E,9 km,2.7,震度１,29.30333333,129.5133333
2025/7/18,0:45:52,トカラ列島近海,29°18.3′N,129°36.6′E,6 km,2.5,震度１,29.305,129.61
2025/7/18,2:49:35,岩手県沖,39°37.8′N,142°07.5′E,48 km,3.5,震度１,39.63,142.125
2025/7/18,3:44:09,青森県東方沖,41°08.6′N,143°08.7′E,17 km,4.7,震度２,41.14333333,143.145
2025/7/18,5:14:45,トカラ列島近海,29°19.3′N,129°33.7′E,10 km,2.2,震度１,29.32166667,129.5616667
2025/7/18,5:33:55,トカラ列島近海,29°18.3′N,129°32.1′E,11 km,3.6,震度３,29.305,129.535
2025/7/18,7:20:49,トカラ列島近海,29°20.5′N,129°35.2′E,8 km,2.4,震度１,29.34166667,129.5866667
2025/7/18,8:20:34,トカラ列島近海,29°18.8′N,129°30.7′E,8 km,2.9,震度２,29.31333333,129.5116667
2025/7/18,9:46:32,トカラ列島近海,29°19.8′N,129°34.4′E,8 km,2.5,震度１,29.33,129.5733333
2025/7/18,13:20:47,トカラ列島近海,29°18.8′N,129°32.1′E,11 km,2.4,震度１,29.31333333,129.535
2025/7/18,13:56:29,トカラ列島近海,29°19.7′N,129°31.4′E,9 km,3.1,震度２,29.32833333,129.5233333
2025/7/18,14:29:45,トカラ列島近海,29°20.3′N,129°32.2′E,10 km,3.2,震度３,29.33833333,129.5366667
2025/7/18,18:19:14,小笠原諸島西方沖,27°52.2′N,139°51.3′E,492 km,5.5,震度１,27.87,139.855
2025/7/18,18:58:32,大分県南部,33°02.3′N,131°29.3′E,100 km,3.7,震度２,33.03833333,131.4883333
2025/7/18,19:14:35,トカラ列島近海,29°19.5′N,129°35.0′E,7 km,2.3,震度１,29.325,129.5833333
2025/7/18,20:43:38,トカラ列島近海,29°17.6′N,129°31.1′E,13 km,3.1,震度１,29.29333333,129.5183333
2025/7/18,22:12:17,トカラ列島近海,29°16.9′N,129°31.6′E,7 km,2.5,震度１,29.28166667,129.5266667
2025/7/18,23:56:45,トカラ列島近海,29°18.8′N,129°34.7′E,7 km,2.4,震度１,29.31333333,129.5783333
2025/7/19,2:11:45,茨城県北部,36°27.3′N,140°33.5′E,56 km,3,震度１,36.455,140.5583333
2025/7/19,2:53:17,トカラ列島近海,29°38.3′N,129°41.1′E,0 km,,震度１,29.63833333,129.685
2025/7/19,3:17:56,トカラ列島近海,29°19.7′N,129°31.4′E,10 km,2.7,震度１,29.32833333,129.5233333
2025/7/19,7:35:17,留萌地方中北部,44°56.6′N,141°44.2′E,25 km,3.6,震度２,44.94333333,141.7366667
2025/7/19,13:39:08,トカラ列島近海,29°19.1′N,129°30.9′E,11 km,3.3,震度２,29.31833333,129.515
2025/7/19,17:04:34,トカラ列島近海,29°17.6′N,129°32.4′E,13 km,2.9,震度２,29.29333333,129.54
2025/7/19,17:46:14,トカラ列島近海,29°15.9′N,129°28.6′E,9 km,3,震度１,29.265,129.4766667
2025/7/19,17:51:12,トカラ列島近海,29°16.1′N,129°29.5′E,10 km,2.5,震度１,29.26833333,129.4916667
2025/7/19,17:53:09,トカラ列島近海,29°16.7′N,129°28.1′E,10 km,3,震度２,29.27833333,129.4683333
2025/7/19,18:25:48,トカラ列島近海,29°17.0′N,129°27.8′E,12 km,2.7,震度１,29.28333333,129.4633333
2025/7/19,18:58:52,トカラ列島近海,29°17.7′N,129°27.8′E,14 km,2.9,震度２,29.295,129.4633333
2025/7/19,19:08:39,トカラ列島近海,29°16.3′N,129°28.1′E,13 km,3.7,震度２,29.27166667,129.4683333
2025/7/19,19:13:24,トカラ列島近海,29°17.7′N,129°31.4′E,12 km,3.3,震度２,29.295,129.5233333
2025/7/19,19:25:01,トカラ列島近海,29°17.0′N,129°27.4′E,13 km,3,震度１,29.28333333,129.4566667
2025/7/19,19:33:07,トカラ列島近海,29°18.0′N,129°26.7′E,14 km,2.6,震度１,29.3,129.445
2025/7/19,19:59:24,トカラ列島近海,29°17.8′N,129°31.1′E,11 km,2.6,震度１,29.29666667,129.5183333
2025/7/19,21:54:36,トカラ列島近海,29°16.9′N,129°32.0′E,8 km,2.8,震度１,29.28166667,129.5333333
2025/7/19,22:40:42,トカラ列島近海,29°17.4′N,129°32.2′E,13 km,2.7,震度１,29.29,129.5366667
2025/7/20,2:13:30,福井県嶺南,35°26.4′N,135°52.2′E,13 km,2.3,震度１,35.44,135.87
2025/7/20,2:16:32,トカラ列島近海,29°19.7′N,129°31.5′E,10 km,2.5,震度１,29.32833333,129.525
2025/7/20,2:40:41,トカラ列島近海,29°18.8′N,129°33.5′E,12 km,3.8,震度３,29.31333333,129.5583333
2025/7/20,5:45:59,トカラ列島近海,29°21.1′N,129°33.9′E,9 km,2.8,震度１,29.35166667,129.565
2025/7/20,10:34:16,奄美大島近海,28°42.6′N,130°05.3′E,42 km,3.9,震度１,28.71,130.0883333
2025/7/20,15:31:11,トカラ列島近海,29°37.7′N,129°38.5′E,0 km,2.1,震度１,29.62833333,129.6416667
2025/7/20,16:29:27,トカラ列島近海,29°21.7′N,129°29.2′E,8 km,3,震度１,29.36166667,129.4866667
2025/7/20,17:49:07,トカラ列島近海,29°19.7′N,129°34.2′E,8 km,2.2,震度１,29.32833333,129.57
2025/7/20,23:28:12,トカラ列島近海,29°19.9′N,129°31.8′E,9 km,2,震度１,29.33166667,129.53
2025/7/21,0:34:57,新潟県中越地方,37°15.4′N,139°05.0′E,3 km,3.2,震度２,37.25666667,139.0833333
2025/7/21,2:57:33,茨城県沖,36°28.2′N,141°09.3′E,40 km,3.8,震度１,36.47,141.155
2025/7/21,4:28:12,神奈川県西部,35°12.2′N,139°01.1′E,5 km,3.1,震度２,35.20333333,139.0183333
2025/7/21,7:37:58,トカラ列島近海,29°19.5′N,129°33.7′E,12 km,,震度１,29.325,129.5616667
2025/7/21,8:17:07,伊豆大島近海,34°47.8′N,139°15.8′E,9 km,2.7,震度２,34.79666667,139.2633333
2025/7/21,9:53:58,福島県沖,37°20.6′N,141°20.4′E,48 km,3.9,震度１,37.34333333,141.34
2025/7/21,11:17:29,トカラ列島近海,29°17.9′N,129°33.2′E,12 km,2.6,震度１,29.29833333,129.5533333
2025/7/21,11:53:44,トカラ列島近海,29°19.8′N,129°36.6′E,10 km,3.5,震度３,29.33,129.61
2025/7/21,15:02:40,トカラ列島近海,29°25.6′N,129°39.6′E,0 km,,震度１,29.42666667,129.66
2025/7/21,15:05:53,浦河沖,42°01.1′N,142°35.3′E,60 km,4.1,震度２,42.01833333,142.5883333
2025/7/21,15:06:22,トカラ列島近海,29°18.1′N,129°32.5′E,11 km,2.9,震度１,29.30166667,129.5416667
2025/7/21,17:13:30,トカラ列島近海,29°18.6′N,129°34.3′E,8 km,3,震度２,29.31,129.5716667
2025/7/21,21:51:17,石川県能登地方,37°29.0′N,137°14.4′E,12 km,2.3,震度１,37.48333333,137.24
2025/7/21,22:33:27,トカラ列島近海,29°19.6′N,129°34.3′E,4 km,2,震度１,29.32666667,129.5716667
2025/7/22,4:05:18,佐渡付近,37°49.0′N,137°41.5′E,21 km,4,震度１,37.81666667,137.6916667
2025/7/22,12:56:57,トカラ列島近海,29°20.0′N,129°36.7′E,7 km,2.5,震度１,29.33333333,129.6116667
2025/7/22,13:53:41,トカラ列島近海,29°17.0′N,129°34.0′E,10 km,3.1,震度２,29.28333333,129.5666667
2025/7/22,20:20:36,茨城県北部,36°41.8′N,140°34.8′E,10 km,3,震度１,36.69666667,140.58
2025/7/22,21:00:16,トカラ列島近海,29°18.8′N,129°35.9′E,7 km,2.9,震度２,29.31333333,129.5983333
2025/7/23,6:00:47,トカラ列島近海,29°17.1′N,129°32.6′E,10 km,2.7,震度１,29.285,129.5433333
2025/7/23,10:21:13,茨城県南部,36°02.4′N,140°05.8′E,71 km,3.4,震度１,36.04,140.0966667
2025/7/23,10:38:44,栃木県北部,36°39.8′N,139°28.1′E,2 km,2.7,震度２,36.66333333,139.4683333
2025/7/23,12:13:52,福島県沖,37°00.9′N,141°01.6′E,67 km,3.7,震度２,37.015,141.0266667
2025/7/23,14:28:56,伊予灘,33°40.1′N,132°27.5′E,42 km,3.3,震度１,33.66833333,132.4583333
2025/7/23,21:34:19,十勝地方南部,42°37.6′N,142°48.8′E,41 km,3.4,震度１,42.62666667,142.8133333
2025/7/23,21:49:46,神奈川県西部,35°12.2′N,139°01.0′E,5 km,3.8,震度２,35.20333333,139.0166667
2025/7/24,0:15:52,国後島付近,44°11.4′N,146°41.2′E,144 km,4.4,震度１,44.19,146.6866667
2025/7/24,4:52:18,トカラ列島近海,29°19.1′N,129°35.0′E,9 km,2.1,震度１,29.31833333,129.5833333
2025/7/24,6:55:41,和歌山県北部,34°14.4′N,135°26.4′E,6 km,2.3,震度１,34.24,135.44
2025/7/24,7:55:33,奄美大島近海,28°08.9′N,129°16.7′E,49 km,3.9,震度２,28.14833333,129.2783333
2025/7/24,8:00:55,トカラ列島近海,29°19.0′N,129°34.5′E,0 km,2.8,震度１,29.31666667,129.575
2025/7/24,10:41:35,島根県西部,35°02.0′N,132°34.2′E,11 km,3.1,震度１,35.03333333,132.57
2025/7/24,14:27:14,トカラ列島近海,29°18.0′N,129°34.2′E,9 km,2.6,震度１,29.3,129.57
2025/7/24,17:47:38,新潟県上中越沖,37°13.1′N,137°59.9′E,26 km,3.7,震度２,37.21833333,137.9983333
2025/7/24,20:24:21,根室半島南東沖,42°59.2′N,145°36.9′E,70 km,4.2,震度１,42.98666667,145.615
2025/7/24,20:44:45,島根県西部,35°01.7′N,132°34.3′E,10 km,2.7,震度１,35.02833333,132.5716667
2025/7/24,21:14:48,択捉島南東沖,44°08.1′N,147°57.0′E,0 km,4.6,震度１,44.135,147.95
2025/7/25,0:57:55,トカラ列島近海,29°36.8′N,129°46.2′E,0 km,2,震度１,29.61333333,129.77
2025/7/25,5:25:03,トカラ列島近海,29°34.9′N,129°40.2′E,14 km,,震度１,29.58166667,129.67
2025/7/25,10:21:25,長野県南部,35°45.1′N,137°51.2′E,14 km,3,震度１,35.75166667,137.8533333
2025/7/25,11:17:03,長崎県南西部,32°48.0′N,130°07.7′E,9 km,4.8,震度４,32.8,130.1283333
2025/7/25,12:16:19,福島県浜通り,37°03.2′N,140°42.9′E,18 km,4.2,震度３,37.05333333,140.715
2025/7/25,12:48:17,トカラ列島近海,29°23.2′N,129°33.4′E,5 km,2.7,震度１,29.38666667,129.5566667
2025/7/25,12:51:05,トカラ列島近海,29°21.7′N,129°33.3′E,11 km,,震度１,29.36166667,129.555
2025/7/25,15:08:22,トカラ列島近海,29°18.4′N,129°33.3′E,10 km,2.4,震度１,29.30666667,129.555
2025/7/25,18:12:19,茨城県沖,36°38.6′N,140°55.9′E,48 km,4.2,震度３,36.64333333,140.9316667
2025/7/26,0:28:35,橘湾,32°47.6′N,130°07.9′E,8 km,3.4,震度２,32.79333333,130.1316667
2025/7/26,6:24:22,宮城県沖,38°55.6′N,141°56.1′E,51 km,3.7,震度１,38.92666667,141.935
2025/7/26,6:43:24,岡山県南部,34°54.3′N,134°14.6′E,19 km,3.6,震度２,34.905,134.2433333
2025/7/26,8:52:38,トカラ列島近海,29°18.3′N,129°34.1′E,11 km,2.6,震度１,29.305,129.5683333
2025/7/26,11:37:20,トカラ列島近海,29°19.6′N,129°30.2′E,12 km,2.9,震度１,29.32666667,129.5033333
2025/7/26,17:17:43,トカラ列島近海,29°18.7′N,129°29.9′E,10 km,2.4,震度１,29.31166667,129.4983333
2025/7/26,18:20:07,トカラ列島近海,29°18.8′N,129°32.2′E,4 km,4.3,震度３,29.31333333,129.5366667
2025/7/26,18:51:54,トカラ列島近海,29°18.7′N,129°30.4′E,9 km,3.2,震度２,29.31166667,129.5066667
2025/7/26,19:52:06,トカラ列島近海,29°17.6′N,129°31.9′E,11 km,2.6,震度１,29.29333333,129.5316667
2025/7/27,9:32:08,トカラ列島近海,29°19.0′N,129°30.6′E,10 km,2.8,震度１,29.31666667,129.51
2025/7/27,10:43:40,岩手県沿岸南部,38°59.5′N,141°42.1′E,68 km,3,震度１,38.99166667,141.7016667
2025/7/27,11:46:17,父島近海,26°20.0′N,142°06.6′E,47 km,3.6,震度１,26.33333333,142.11
2025/7/27,15:22:42,石川県能登地方,37°10.8′N,136°46.1′E,7 km,2.8,震度１,37.18,136.7683333
2025/7/27,16:56:25,トカラ列島近海,29°17.2′N,129°27.0′E,9 km,2.5,震度１,29.28666667,129.45
2025/7/27,17:49:49,トカラ列島近海,29°22.5′N,129°32.9′E,13 km,2.4,震度１,29.375,129.5483333
2025/7/28,2:03:58,福島県沖,37°50.4′N,141°37.8′E,83 km,4.5,震度３,37.84,141.63
2025/7/28,2:27:51,トカラ列島近海,29°24.4′N,129°34.3′E,10 km,2.4,震度１,29.40666667,129.5716667
2025/7/28,4:04:33,トカラ列島近海,29°20.5′N,129°34.2′E,9 km,2.5,震度１,29.34166667,129.57
2025/7/28,5:08:46,トカラ列島近海,29°18.2′N,129°31.2′E,12 km,3.3,震度２,29.30333333,129.52
2025/7/28,7:41:29,トカラ列島近海,29°13.0′N,129°11.4′E,13 km,4.3,震度２,29.21666667,129.19
2025/7/28,11:53:24,トカラ列島近海,29°21.4′N,129°28.7′E,6 km,2.5,震度１,29.35666667,129.4783333
2025/7/28,12:10:28,十勝地方南部,42°19.8′N,143°07.4′E,51 km,5.2,震度４,42.33,143.1233333
2025/7/28,18:56:35,長野県中部,36°25.4′N,138°03.8′E,4 km,1.9,震度１,36.42333333,138.0633333
2025/7/29,2:44:10,和歌山県北部,34°05.9′N,135°08.1′E,6 km,2.3,震度１,34.09833333,135.135
2025/7/29,9:00:44,トカラ列島近海,29°20.1′N,129°34.5′E,6 km,2.1,震度１,29.335,129.575
2025/7/29,17:25:53,伊勢湾,34°41.4′N,136°32.4′E,18 km,2.9,震度１,34.69,136.54
2025/7/29,18:30:01,和歌山県北部,34°01.3′N,135°16.6′E,7 km,2.8,震度１,34.02166667,135.2766667
2025/7/29,20:52:00,北海道東方沖,43°51.8′N,147°16.1′E,100 km,4.5,震度１,43.86333333,147.2683333
2025/7/29,21:12:26,トカラ列島近海,29°20.6′N,129°34.1′E,10 km,2.3,震度１,29.34333333,129.5683333
2025/7/30,0:29:54,石狩地方南部,42°56.6′N,141°28.7′E,9 km,2.7,震度２,42.94333333,141.4783333
2025/7/30,3:16:23,伊勢湾,34°41.6′N,136°32.5′E,18 km,2.8,震度１,34.69333333,136.5416667
2025/7/30,3:58:54,茨城県南部,36°09.9′N,140°05.4′E,50 km,3.8,震度２,36.165,140.09
2025/7/30,4:00:53,和歌山県北部,34°03.2′N,135°16.4′E,8 km,2.7,震度１,34.05333333,135.2733333
2025/7/30,5:53:19,トカラ列島近海,29°17.8′N,129°30.4′E,11 km,2.5,震度１,29.29666667,129.5066667
2025/7/30,8:24:52,カムチャツカ半島付近,52°30.7′N,160°19.4′E,35 km,8.8,震度２,52.51166667,160.3233333
2025/7/30,14:11:16,トカラ列島近海,29°19.1′N,129°34.2′E,4 km,2.6,震度１,29.31833333,129.57
2025/7/30,15:17:25,トカラ列島近海,29°24.8′N,129°32.4′E,9 km,2.9,震度２,29.41333333,129.54
2025/7/30,16:04:11,岩手県沖,40°15.4′N,142°29.2′E,41 km,3.9,震度１,40.25666667,142.4866667
2025/7/30,16:15:16,根室半島南東沖,42°53.0′N,146°27.9′E,24 km,4.1,震度１,42.88333333,146.465
2025/7/30,16:23:22,択捉島南東沖,44°20.7′N,148°57.7′E,30 km,5.1,震度１,44.345,148.9616667
2025/7/31,1:42:18,トカラ列島近海,29°19.8′N,129°34.9′E,10 km,2.7,震度１,29.33,129.5816667
2025/7/31,2:37:52,青森県西方沖,41°13.1′N,139°00.0′E,29 km,3.8,震度１,41.21833333,139
2025/7/31,8:44:10,伊豆大島近海,34°36.1′N,139°12.9′E,11 km,2.8,震度１,34.60166667,139.215
2025/7/31,13:00:39,トカラ列島近海,29°19.0′N,129°34.1′E,13 km,3.1,震度１,29.31666667,129.5683333
2025/7/31,13:53:56,石川県能登地方,37°23.4′N,137°10.3′E,11 km,3.6,震度１,37.39,137.1716667
2025/7/31,15:38:09,トカラ列島近海,29°22.2′N,129°34.5′E,10 km,3.3,震度２,29.37,129.575
2025/7/31,16:17:25,トカラ列島近海,29°21.0′N,129°29.5′E,7 km,3.2,震度２,29.35,129.4916667
2025/7/31,16:46:00,トカラ列島近海,29°23.6′N,129°34.8′E,10 km,2.4,震度１,29.39333333,129.58
2025/7/31,17:21:50,岩手県沖,39°53.7′N,142°32.6′E,36 km,3.7,震度１,39.895,142.5433333
2025/7/31,18:18:47,茨城県沖,36°16.4′N,141°05.9′E,37 km,3.3,震度１,36.27333333,141.0983333
2025/7/31,20:26:16,トカラ列島近海,29°20.4′N,129°33.1′E,9 km,2.6,震度２,29.34,129.5516667
2025/8/1,1:49:36,トカラ列島近海,29°16.4′N,129°32.5′E,7 km,2.9,震度１,29.27333333,129.5416667
2025/8/1,3:12:17,宮古島近海,24°32.2′N,125°26.8′E,51 km,3.5,震度１,24.53666667,125.4466667
2025/8/1,3:16:30,石川県能登地方,37°14.6′N,136°45.0′E,11 km,3.1,震度１,37.24333333,136.75
2025/8/1,8:24:15,伊勢湾,34°35.0′N,136°56.6′E,349 km,4.7,震度１,34.58333333,136.9433333
2025/8/1,15:30:51,福島県沖,37°33.2′N,141°29.0′E,54 km,3.9,震度１,37.55333333,141.4833333
2025/8/1,22:58:44,群馬県南部,36°14.1′N,139°30.0′E,102 km,4,震度２,36.235,139.5
2025/8/2,1:16:55,和歌山県北部,34°06.3′N,135°09.3′E,7 km,2.5,震度１,34.105,135.155
2025/8/2,2:02:40,トカラ列島近海,29°25.5′N,129°39.9′E,0 km,1.5,震度１,29.425,129.665
2025/8/2,3:37:03,トカラ列島近海,29°19.2′N,129°37.1′E,9 km,2.4,震度１,29.32,129.6183333
2025/8/2,4:34:17,福島県沖,37°22.8′N,141°56.1′E,39 km,4.3,震度１,37.38,141.935
2025/8/2,6:18:19,根室半島南東沖,43°14.0′N,146°18.9′E,67 km,4.5,震度３,43.23333333,146.315
2025/8/2,7:27:37,釧路沖,42°22.2′N,145°24.9′E,13 km,5.4,震度３,42.37,145.415
2025/8/2,12:31:05,宮城県沖,38°14.0′N,141°43.1′E,52 km,3.4,震度１,38.23333333,141.7183333
2025/8/2,18:24:55,トカラ列島近海,29°15.4′N,129°29.1′E,9 km,2.6,震度１,29.25666667,129.485
2025/8/2,20:23:06,伊豆大島近海,34°47.5′N,139°15.3′E,8 km,2.6,震度１,34.79166667,139.255
2025/8/2,21:19:01,沖縄本島近海,27°26.8′N,128°37.0′E,44 km,3.4,震度１,27.44666667,128.6166667
2025/8/3,2:34:37,伊豆大島近海,34°47.7′N,139°15.2′E,8 km,2.5,震度１,34.795,139.2533333
2025/8/3,3:19:13,石川県能登地方,37°28.7′N,137°14.2′E,11 km,2.6,震度１,37.47833333,137.2366667
2025/8/3,13:06:46,能登半島沖,37°31.3′N,137°11.8′E,13 km,2.6,震度１,37.52166667,137.1966667
2025/8/3,19:14:59,トカラ列島近海,29°20.2′N,129°34.0′E,8 km,3.2,震度２,29.33666667,129.5666667
2025/8/3,20:09:31,トカラ列島近海,29°19.0′N,129°32.2′E,12 km,3,震度１,29.31666667,129.5366667
2025/8/3,20:38:21,トカラ列島近海,29°19.4′N,129°34.5′E,5 km,2.3,震度１,29.32333333,129.575
2025/8/4,4:01:20,トカラ列島近海,29°18.6′N,129°33.2′E,11 km,3.1,震度２,29.31,129.5533333
2025/8/4,4:23:44,鳥取県中部,35°25.4′N,133°49.1′E,8 km,2.5,震度１,35.42333333,133.8183333
2025/8/4,8:37:00,高知県中部,33°42.8′N,133°16.4′E,36 km,3.3,震度１,33.71333333,133.2733333
2025/8/4,12:14:54,トカラ列島近海,29°20.4′N,129°33.2′E,6 km,2.7,震度１,29.34,129.5533333
2025/8/4,14:05:02,静岡県中部,34°54.8′N,138°21.8′E,24 km,2.9,震度１,34.91333333,138.3633333
2025/8/4,17:41:30,トカラ列島近海,29°25.4′N,129°35.7′E,14 km,2.5,震度１,29.42333333,129.595
2025/8/4,23:40:47,釧路地方中南部,43°04.7′N,144°59.3′E,60 km,4.1,震度２,43.07833333,144.9883333
2025/8/5,1:42:12,秋田県沖,40°07.6′N,139°24.0′E,20 km,3.8,震度１,40.12666667,139.4
2025/8/5,6:52:58,トカラ列島近海,29°19.7′N,129°31.5′E,10 km,2.9,震度２,29.32833333,129.525
2025/8/5,6:59:18,トカラ列島近海,29°20.6′N,129°28.0′E,10 km,2.8,震度１,29.34333333,129.4666667
2025/8/5,13:43:57,紀伊水道,34°13.4′N,135°08.0′E,7 km,2.5,震度１,34.22333333,135.1333333
2025/8/5,18:26:20,トカラ列島近海,29°18.3′N,129°29.8′E,9 km,2.5,震度１,29.305,129.4966667
2025/8/5,19:20:36,トカラ列島近海,29°15.6′N,129°10.5′E,10 km,3.1,震度２,29.26,129.175
2025/8/5,22:10:44,岩手県沿岸北部,39°45.4′N,141°50.8′E,58 km,3.7,震度１,39.75666667,141.8466667
2025/8/5,22:20:15,滋賀県北部,35°35.9′N,136°18.0′E,40 km,2.8,震度１,35.59833333,136.3
2025/8/6,2:47:23,トカラ列島近海,29°18.7′N,129°34.3′E,13 km,2.8,震度１,29.31166667,129.5716667
2025/8/6,2:53:44,大分県中部,33°04.6′N,131°58.8′E,50 km,4.2,震度３,33.07666667,131.98
2025/8/6,4:19:05,千葉県北東部,35°50.0′N,140°33.0′E,37 km,3.8,震度１,35.83333333,140.55
2025/8/6,4:26:55,千葉県北東部,35°50.2′N,140°33.2′E,38 km,3.9,震度２,35.83666667,140.5533333
2025/8/6,8:10:51,トカラ列島近海,29°18.2′N,129°29.5′E,10 km,2.6,震度１,29.30333333,129.4916667
2025/8/6,9:56:39,沖縄本島北西沖,28°05.1′N,127°59.1′E,12 km,4.9,震度１,28.085,127.985
2025/8/6,17:37:17,石川県能登地方,37°09.9′N,136°49.0′E,10 km,2.4,震度１,37.165,136.8166667
2025/8/6,17:49:42,トカラ列島近海,29°20.2′N,129°34.1′E,9 km,2.6,震度１,29.33666667,129.5683333
2025/8/7,1:28:37,石川県能登地方,37°12.8′N,136°49.3′E,11 km,2.8,震度１,37.21333333,136.8216667
2025/8/7,8:47:45,大分県西部,33°07.7′N,131°12.6′E,2 km,4.8,震度３,33.12833333,131.21
2025/8/7,8:56:18,大分県西部,33°08.1′N,131°12.7′E,3 km,3,震度２,33.135,131.2116667
2025/8/7,9:06:41,大分県西部,33°07.9′N,131°12.1′E,4 km,2.9,震度１,33.13166667,131.2016667
2025/8/7,11:27:26,トカラ列島近海,29°20.3′N,129°34.9′E,9 km,2.1,震度１,29.33833333,129.5816667
2025/8/7,13:39:56,大分県西部,33°07.8′N,131°11.7′E,4 km,3.2,震度２,33.13,131.195
2025/8/7,14:16:29,石川県能登地方,37°18.9′N,136°48.7′E,10 km,2.6,震度１,37.315,136.8116667
2025/8/7,15:12:56,トカラ列島近海,29°24.1′N,129°34.9′E,10 km,2.4,震度１,29.40166667,129.5816667
2025/8/7,16:45:05,与那国島近海,24°32.3′N,122°56.3′E,106 km,5.6,震度３,24.53833333,122.9383333
2025/8/8,16:58:08,熊本県天草・芦北地方,32°15.6′N,130°35.3′E,6 km,2.3,震度１,32.26,130.5883333
2025/8/8,19:29:18,茨城県沖,36°31.0′N,141°38.7′E,24 km,4.7,震度１,36.51666667,141.645
2025/8/9,0:18:06,トカラ列島近海,29°18.1′N,129°26.6′E,12 km,4.4,震度３,29.30166667,129.4433333
2025/8/9,2:36:14,岩手県沖,40°20.7′N,142°02.1′E,52 km,3.8,震度１,40.345,142.035
2025/8/9,4:19:22,トカラ列島近海,29°17.2′N,129°26.7′E,13 km,2.6,震度１,29.28666667,129.445
2025/8/9,8:24:28,福島県沖,37°46.1′N,141°49.7′E,44 km,3.9,震度１,37.76833333,141.8283333
2025/8/9,12:01:48,トカラ列島近海,29°17.6′N,129°27.1′E,12 km,3,震度１,29.29333333,129.4516667
2025/8/9,19:00:33,長野県南部,35°15.9′N,137°39.8′E,8 km,2.5,震度２,35.265,137.6633333
2025/8/9,20:04:25,トカラ列島近海,29°36.6′N,129°45.5′E,0 km,2,震度１,29.61,129.7583333
2025/8/10,3:16:29,岐阜県美濃東部,35°30.7′N,137°15.1′E,6 km,2.6,震度１,35.51166667,137.2516667
2025/8/10,7:18:38,トカラ列島近海,29°39.9′N,129°44.3′E,5 km,3,震度２,29.665,129.7383333
2025/8/10,7:34:58,トカラ列島近海,29°39.5′N,129°45.1′E,4 km,2.9,震度１,29.65833333,129.7516667
2025/8/10,10:09:03,トカラ列島近海,29°23.4′N,129°32.6′E,9 km,2.7,震度１,29.39,129.5433333
2025/8/10,16:13:48,トカラ列島近海,29°35.5′N,129°43.4′E,0 km,2.2,震度１,29.59166667,129.7233333
2025/8/10,16:56:49,トカラ列島近海,29°18.7′N,129°35.9′E,6 km,2.8,震度１,29.31166667,129.5983333
2025/8/10,18:37:40,トカラ列島近海,29°22.4′N,129°06.1′E,14 km,2.9,震度１,29.37333333,129.1016667
2025/8/10,18:57:41,トカラ列島近海,29°20.6′N,129°32.1′E,10 km,2.6,震度１,29.34333333,129.535
2025/8/10,20:08:22,伊豆大島近海,34°34.0′N,139°24.9′E,14 km,3.5,震度１,34.56666667,139.415
2025/8/11,1:20:07,トカラ列島近海,29°19.9′N,129°36.1′E,11 km,2.4,震度１,29.33166667,129.6016667
2025/8/11,5:19:36,トカラ列島近海,29°11.2′N,129°19.9′E,5 km,2.1,震度１,29.18666667,129.3316667
2025/8/11,5:20:25,トカラ列島近海,29°11.7′N,129°20.3′E,3 km,2,震度１,29.195,129.3383333
2025/8/11,8:15:15,トカラ列島近海,29°22.8′N,129°32.4′E,6 km,2.6,震度１,29.38,129.54
2025/8/11,9:15:37,石川県西方沖,36°55.4′N,136°23.7′E,12 km,3.6,震度１,36.92333333,136.395
2025/8/11,15:14:07,トカラ列島近海,29°36.6′N,129°42.8′E,0 km,,震度１,29.61,129.7133333
2025/8/11,15:16:31,トカラ列島近海,29°37.7′N,129°41.7′E,1 km,,震度１,29.62833333,129.695
2025/8/12,2:11:55,熊本県球磨地方,32°15.0′N,130°40.1′E,5 km,2.9,震度２,32.25,130.6683333
2025/8/12,2:27:03,熊本県球磨地方,32°15.0′N,130°39.9′E,5 km,2.4,震度１,32.25,130.665
2025/8/12,6:32:33,トカラ列島近海,29°20.3′N,129°33.1′E,6 km,2.6,震度１,29.33833333,129.5516667
2025/8/12,6:34:23,愛媛県中予,33°49.4′N,132°50.2′E,42 km,3.8,震度１,33.82333333,132.8366667
2025/8/12,7:42:35,トカラ列島近海,29°23.1′N,129°32.4′E,7 km,2.5,震度１,29.385,129.54
2025/8/12,11:34:45,トカラ列島近海,29°17.9′N,129°32.4′E,13 km,2.8,震度１,29.29833333,129.54
2025/8/12,14:49:32,父島近海,26°19.7′N,143°04.6′E,30 km,4.7,震度１,26.32833333,143.0766667
2025/8/12,17:36:43,薩摩半島西方沖,31°12.7′N,130°24.7′E,159 km,4.1,震度１,31.21166667,130.4116667
2025/8/12,18:11:13,釧路沖,42°21.4′N,144°33.4′E,22 km,5.5,震度３,42.35666667,144.5566667
2025/8/12,18:13:11,釧路沖,42°22.2′N,144°35.3′E,17 km,4.3,震度１,42.37,144.5883333
2025/8/12,22:08:37,釧路沖,42°21.1′N,144°33.6′E,21 km,4.1,震度１,42.35166667,144.56
2025/8/12,23:31:41,釧路沖,42°21.5′N,144°32.2′E,22 km,4.2,震度２,42.35833333,144.5366667
2025/8/13,0:57:01,トカラ列島近海,29°37.6′N,129°41.2′E,0 km,1.5,震度３,29.62666667,129.6866667
2025/8/13,1:05:02,詳細不明,29°37.0′N,129°42.0′E,0 km,,震度２,29.61666667,129.7
2025/8/13,1:12:09,詳細不明,29°37.0′N,129°42.0′E,0 km,,震度１,29.61666667,129.7
2025/8/13,1:56:34,トカラ列島近海,29°36.1′N,129°38.1′E,11 km,2.7,震度１,29.60166667,129.635
2025/8/13,3:05:35,詳細不明,29°37.0′N,129°42.0′E,0 km,,震度２,29.61666667,129.7
2025/8/13,4:10:49,大分県西部,33°08.0′N,131°13.1′E,4 km,2.7,震度１,33.13333333,131.2183333
2025/8/13,6:54:06,トカラ列島近海,29°19.8′N,129°30.1′E,10 km,2.9,震度１,29.33,129.5016667
2025/8/13,7:50:26,根室半島南東沖,43°12.0′N,146°08.8′E,48 km,4.2,震度２,43.2,146.1466667
2025/8/13,13:12:32,トカラ列島近海,29°18.6′N,129°26.4′E,12 km,3.3,震度１,29.31,129.44
2025/8/13,13:34:13,宮城県沖,37°54.4′N,141°42.2′E,55 km,3.9,震度１,37.90666667,141.7033333
2025/8/13,18:52:28,日向灘,32°05.5′N,131°53.6′E,24 km,4.1,震度１,32.09166667,131.8933333
2025/8/13,19:35:27,トカラ列島近海,29°19.0′N,129°37.0′E,10 km,2.3,震度１,29.31666667,129.6166667
2025/8/13,20:46:03,日向灘,32°08.3′N,131°58.5′E,29 km,3.8,震度２,32.13833333,131.975
2025/8/14,4:13:38,茨城県沖,36°27.3′N,141°05.1′E,47 km,5.2,震度４,36.455,141.085
2025/8/14,9:12:54,トカラ列島近海,29°36.2′N,129°35.4′E,10 km,2.5,震度１,29.60333333,129.59
2025/8/14,12:03:34,トカラ列島近海,29°37.2′N,129°35.3′E,9 km,2.4,震度１,29.62,129.5883333
2025/8/14,12:21:21,トカラ列島近海,29°36.3′N,129°35.2′E,10 km,2.7,震度１,29.605,129.5866667
2025/8/14,12:48:52,青森県三八上北地方,40°33.5′N,141°23.3′E,88 km,4,震度２,40.55833333,141.3883333
2025/8/14,16:31:34,日高地方西部,42°46.7′N,142°38.8′E,125 km,3.9,震度１,42.77833333,142.6466667
2025/8/14,17:38:22,トカラ列島近海,29°19.8′N,129°32.9′E,10 km,2.6,震度２,29.33,129.5483333
2025/8/14,23:18:00,静岡県中部,35°00.3′N,138°28.8′E,23 km,3.9,震度３,35.005,138.48
2025/8/15,3:25:02,トカラ列島近海,29°19.9′N,129°33.0′E,11 km,4.1,震度３,29.33166667,129.55
2025/8/15,3:26:32,トカラ列島近海,29°20.0′N,129°32.8′E,12 km,2.7,震度１,29.33333333,129.5466667
2025/8/15,3:29:51,トカラ列島近海,29°18.0′N,129°34.9′E,8 km,2.8,震度１,29.3,129.5816667
2025/8/15,3:34:26,トカラ列島近海,29°20.8′N,129°32.2′E,10 km,2.4,震度１,29.34666667,129.5366667
2025/8/15,4:00:51,トカラ列島近海,29°19.6′N,129°30.9′E,6 km,2.5,震度１,29.32666667,129.515
2025/8/15,4:06:25,トカラ列島近海,29°18.2′N,129°33.6′E,9 km,2.8,震度２,29.30333333,129.56
2025/8/15,5:09:31,トカラ列島近海,29°20.4′N,129°31.4′E,1 km,3.2,震度２,29.34,129.5233333
2025/8/15,5:22:15,トカラ列島近海,29°18.9′N,129°33.4′E,9 km,2.7,震度２,29.315,129.5566667
2025/8/15,5:45:28,トカラ列島近海,29°35.3′N,129°37.2′E,12 km,2.6,震度１,29.58833333,129.62
2025/8/15,6:13:46,トカラ列島近海,29°36.1′N,129°40.6′E,0 km,1.5,震度３,29.60166667,129.6766667
2025/8/15,6:59:30,トカラ列島近海,29°18.6′N,129°33.7′E,9 km,2.7,震度２,29.31,129.5616667
2025/8/15,8:50:51,トカラ列島近海,29°36.7′N,129°43.8′E,8 km,2.5,震度１,29.61166667,129.73
2025/8/15,11:44:31,橘湾,32°36.0′N,129°52.5′E,11 km,2.3,震度１,32.6,129.875
2025/8/15,13:24:56,トカラ列島近海,29°19.3′N,129°32.4′E,12 km,3.1,震度３,29.32166667,129.54
2025/8/15,15:04:22,浦河沖,41°54.5′N,142°31.1′E,62 km,3.9,震度１,41.90833333,142.5183333
2025/8/15,20:28:43,能登半島沖,37°32.8′N,137°14.6′E,12 km,2.5,震度１,37.54666667,137.2433333
2025/8/15,22:41:40,トカラ列島近海,29°36.6′N,129°35.7′E,11 km,2.3,震度１,29.61,129.595
2025/8/15,22:43:22,トカラ列島近海,29°35.9′N,129°37.2′E,11 km,2.2,震度１,29.59833333,129.62
2025/8/16,1:23:57,鹿児島県薩摩地方,31°43.6′N,130°46.2′E,8 km,1.6,震度１,31.72666667,130.77
2025/8/16,3:19:40,トカラ列島近海,29°19.1′N,129°33.7′E,6 km,1.9,震度１,29.31833333,129.5616667
2025/8/16,3:25:19,福島県中通り,36°50.9′N,140°31.7′E,17 km,3.4,震度２,36.84833333,140.5283333
2025/8/16,5:20:40,浦河沖,42°02.5′N,142°41.3′E,63 km,4,震度１,42.04166667,142.6883333
2025/8/16,8:28:07,沖縄本島近海,27°18.2′N,128°27.0′E,48 km,3.8,震度１,27.30333333,128.45
2025/8/16,10:47:52,釧路地方北部,43°38.4′N,144°27.1′E,0 km,2.2,震度２,43.64,144.4516667
2025/8/17,6:13:15,日向灘,32°02.2′N,131°56.1′E,29 km,5.7,震度４,32.03666667,131.935
2025/8/17,7:46:15,詳細不明,29°37.0′N,129°42.0′E,0 km,,震度２,29.61666667,129.7
2025/8/17,7:48:17,千葉県北東部,35°52.0′N,140°32.5′E,37 km,2.8,震度１,35.86666667,140.5416667
2025/8/17,8:44:04,奄美大島近海,28°13.5′N,129°29.0′E,34 km,3.1,震度１,28.225,129.4833333
2025/8/17,14:33:19,大分県西部,33°07.7′N,131°12.6′E,2 km,3.2,震度１,33.12833333,131.21
2025/8/17,15:26:31,トカラ列島近海,29°23.5′N,129°35.4′E,9 km,2.2,震度１,29.39166667,129.59
2025/8/17,20:50:01,石川県西方沖,36°57.0′N,136°22.9′E,12 km,3.9,震度２,36.95,136.3816667
2025/8/18,8:33:29,遠州灘,34°09.1′N,137°49.1′E,13 km,4.6,震度２,34.15166667,137.8183333
2025/8/18,9:12:18,トカラ列島近海,29°20.9′N,129°34.3′E,8 km,2.2,震度１,29.34833333,129.5716667
2025/8/18,12:06:07,島根県東部,35°23.6′N,132°51.6′E,15 km,2.7,震度１,35.39333333,132.86
2025/8/18,14:53:02,愛媛県南予,32°58.0′N,132°32.1′E,14 km,3.3,震度１,32.96666667,132.535
2025/8/18,17:04:04,トカラ列島近海,29°20.5′N,129°35.6′E,9 km,2.3,震度１,29.34166667,129.5933333
2025/8/18,21:57:14,愛知県西部,34°54.4′N,137°21.7′E,38 km,3.7,震度２,34.90666667,137.3616667
2025/8/18,22:39:44,石川県能登地方,37°25.4′N,137°07.9′E,8 km,2.9,震度１,37.42333333,137.1316667
2025/8/18,23:12:01,愛知県東部,34°53.9′N,137°21.7′E,38 km,3.8,震度２,34.89833333,137.3616667
2025/8/19,2:32:56,胆振地方中東部,42°43.5′N,141°49.7′E,16 km,2.4,震度１,42.725,141.8283333
2025/8/19,4:59:27,宮城県沖,38°23.9′N,141°57.5′E,50 km,3.6,震度１,38.39833333,141.9583333
2025/8/19,6:50:04,トカラ列島近海,29°39.0′N,129°40.8′E,0 km,,震度２,29.65,129.68
2025/8/19,7:17:23,日向灘,32°13.4′N,132°04.6′E,21 km,3.7,震度２,32.22333333,132.0766667
2025/8/19,7:19:24,渡島地方東部,42°00.5′N,140°40.9′E,133 km,5.1,震度３,42.00833333,140.6816667
2025/8/19,11:49:06,詳細不明,29°37.0′N,129°42.0′E,0 km,,震度１,29.61666667,129.7
2025/8/19,13:01:55,大阪府北部,34°58.0′N,135°21.7′E,8 km,2.4,震度１,34.96666667,135.3616667
2025/8/19,14:36:11,トカラ列島近海,29°37.9′N,129°38.8′E,0 km,2,震度１,29.63166667,129.6466667
2025/8/19,19:22:06,徳島県北部,33°55.3′N,134°14.4′E,9 km,2.2,震度１,33.92166667,134.24
2025/8/19,23:03:07,熊本県熊本地方,32°23.3′N,130°41.5′E,11 km,2.9,震度１,32.38833333,130.6916667
2025/8/20,5:44:45,徳島県北部,33°55.3′N,134°14.4′E,8 km,2.1,震度１,33.92166667,134.24
2025/8/20,7:48:40,日向灘,32°09.5′N,132°10.1′E,7 km,3.6,震度１,32.15833333,132.1683333
2025/8/20,10:23:47,長野県中部,35°59.4′N,138°04.6′E,9 km,3.2,震度１,35.99,138.0766667
2025/8/20,17:26:56,栃木県南部,36°38.4′N,139°37.9′E,6 km,3.2,震度１,36.64,139.6316667
2025/8/20,20:37:30,網走地方,43°57.3′N,144°59.5′E,4 km,2.5,震度１,43.955,144.9916667
2025/8/21,6:02:02,岐阜県美濃中西部,35°26.0′N,136°46.6′E,9 km,2.1,震度１,35.43333333,136.7766667
2025/8/21,6:24:57,北海道東方沖,43°25.0′N,147°19.5′E,63 km,4.3,震度１,43.41666667,147.325
2025/8/21,10:44:00,新島・神津島近海,34°30.0′N,139°24.6′E,16 km,4.8,震度３,34.5,139.41
2025/8/21,10:50:38,岩手県沖,39°48.5′N,142°09.7′E,27 km,3,震度１,39.80833333,142.1616667
2025/8/21,12:21:28,石川県能登地方,37°13.0′N,136°55.3′E,5 km,2.1,震度１,37.21666667,136.9216667
2025/8/21,15:08:43,詳細不明,29°37.0′N,129°42.0′E,0 km,,震度１,29.61666667,129.7
2025/8/21,16:58:17,上川地方北部,44°23.3′N,142°23.4′E,4 km,3.7,震度２,44.38833333,142.39
2025/8/21,18:27:53,石川県能登地方,37°20.1′N,136°51.2′E,9 km,2.9,震度１,37.335,136.8533333
2025/8/22,0:18:28,トカラ列島近海,29°15.0′N,129°29.1′E,0 km,3.1,震度１,29.25,129.485
2025/8/22,1:30:03,京都府南部,35°02.7′N,135°32.8′E,14 km,3.3,震度２,35.045,135.5466667
2025/8/22,7:34:43,宮城県沖,38°41.0′N,142°14.5′E,43 km,5.6,震度３,38.68333333,142.2416667
2025/8/22,8:06:14,宮城県沖,38°41.7′N,142°15.3′E,41 km,4.4,震度２,38.695,142.255
2025/8/22,9:38:27,トカラ列島近海,29°18.9′N,129°32.6′E,9 km,2.4,震度１,29.315,129.5433333
2025/8/22,9:57:50,石川県能登地方,37°14.5′N,136°50.3′E,7 km,2.5,震度１,37.24166667,136.8383333
2025/8/22,10:07:37,京都府南部,35°02.6′N,135°35.5′E,12 km,2.6,震度１,35.04333333,135.5916667
2025/8/22,17:05:48,岐阜県飛騨地方,36°07.8′N,137°22.1′E,5 km,2.8,震度１,36.13,137.3683333
2025/8/23,8:44:23,徳島県南部,33°43.1′N,134°19.0′E,19 km,2.8,震度１,33.71833333,134.3166667
2025/8/23,8:50:28,トカラ列島近海,29°39.9′N,129°42.9′E,0 km,,震度１,29.665,129.715
2025/8/23,16:06:51,トカラ列島近海,29°32.5′N,129°36.9′E,7 km,2,震度１,29.54166667,129.615
2025/8/23,17:07:13,島根県東部,35°21.0′N,133°16.3′E,10 km,2.4,震度１,35.35,133.2716667
2025/8/23,17:32:49,福島県中通り,37°09.8′N,140°09.1′E,126 km,3.8,震度１,37.16333333,140.1516667
2025/8/23,18:36:46,根室半島南東沖,42°52.5′N,146°37.0′E,24 km,4.3,震度１,42.875,146.6166667
2025/8/23,19:22:11,埼玉県秩父地方,36°03.1′N,138°57.5′E,132 km,3.8,震度１,36.05166667,138.9583333
2025/8/23,21:03:27,トカラ列島近海,29°33.5′N,129°34.4′E,1 km,1.9,震度１,29.55833333,129.5733333
2025/8/23,23:50:51,トカラ列島近海,29°32.6′N,129°36.5′E,8 km,2.5,震度２,29.54333333,129.6083333
2025/8/24,1:19:37,トカラ列島近海,29°20.1′N,129°33.2′E,9 km,3.1,震度３,29.335,129.5533333
2025/8/24,1:22:27,トカラ列島近海,29°20.1′N,129°32.7′E,7 km,2.7,震度１,29.335,129.545
2025/8/24,2:18:34,宮城県沖,38°41.7′N,142°15.4′E,42 km,3.8,震度１,38.695,142.2566667
2025/8/24,8:44:09,和歌山県北部,34°02.0′N,135°15.2′E,4 km,1.6,震度１,34.03333333,135.2533333
2025/8/24,13:58:29,岩手県沖,39°38.2′N,142°06.2′E,49 km,3.5,震度１,39.63666667,142.1033333
2025/8/24,15:00:31,福島県会津,37°02.5′N,139°23.7′E,7 km,2.4,震度１,37.04166667,139.395
2025/8/25,1:44:24,福井県嶺北,35°45.5′N,136°18.5′E,10 km,4.4,震度３,35.75833333,136.3083333
2025/8/25,11:25:05,宮城県沖,38°52.3′N,142°01.3′E,46 km,3.2,震度１,38.87166667,142.0216667
2025/8/25,12:58:08,茨城県南部,36°10.3′N,139°47.8′E,59 km,3.1,震度１,36.17166667,139.7966667
2025/8/25,20:57:35,上川地方北部,44°23.1′N,142°24.1′E,0 km,2.5,震度１,44.385,142.4016667
2025/8/26,5:15:26,宮崎県南部平野部,32°02.5′N,131°29.1′E,53 km,2.6,震度１,32.04166667,131.485
2025/8/26,6:45:37,トカラ列島近海,29°22.7′N,129°34.5′E,9 km,2.4,震度１,29.37833333,129.575
2025/8/26,12:33:42,トカラ列島近海,29°20.8′N,129°34.1′E,8 km,3.3,震度３,29.34666667,129.5683333
2025/8/26,16:19:07,東京都多摩東部,35°41.4′N,139°12.4′E,132 km,3.8,震度１,35.69,139.2066667
2025/8/27,9:32:27,八丈島東方沖,32°24.7′N,140°26.3′E,30 km,4.6,震度１,32.41166667,140.4383333
2025/8/27,17:52:50,トカラ列島近海,29°19.0′N,129°26.6′E,11 km,3.5,震度２,29.31666667,129.4433333
2025/8/27,19:46:03,熊本県熊本地方,32°50.6′N,130°49.7′E,10 km,2.4,震度１,32.84333333,130.8283333
2025/8/27,21:50:00,日向灘,32°03.6′N,131°56.1′E,29 km,4.2,震度２,32.06,131.935
2025/8/27,22:11:00,台湾付近,24°47.6′N,121°52.0′E,113 km,5.3,震度２,24.79333333,121.8666667
2025/8/27,23:11:40,トカラ列島近海,29°38.0′N,129°38.6′E,0 km,3.4,震度３,29.63333333,129.6433333
2025/8/27,23:18:16,トカラ列島近海,29°37.8′N,129°38.5′E,2 km,2.5,震度１,29.63,129.6416667
2025/8/28,3:17:13,トカラ列島近海,29°38.5′N,129°39.3′E,0 km,1.8,震度１,29.64166667,129.655
2025/8/28,3:25:15,トカラ列島近海,29°38.7′N,129°39.1′E,2 km,2.8,震度２,29.645,129.6516667
2025/8/28,10:06:57,茨城県南部,35°54.3′N,140°20.8′E,40 km,3.1,震度２,35.905,140.3466667
2025/8/28,11:24:23,トカラ列島近海,29°23.0′N,129°34.5′E,10 km,2.3,震度１,29.38333333,129.575
2025/8/28,12:12:50,沖縄本島近海,26°37.0′N,127°45.6′E,44 km,4.5,震度２,26.61666667,127.76
2025/8/28,18:31:07,宮城県沖,38°18.9′N,141°45.2′E,50 km,4,震度２,38.315,141.7533333
2025/8/28,18:50:07,根室半島南東沖,42°58.0′N,145°58.9′E,15 km,4.6,震度２,42.96666667,145.9816667
2025/8/28,23:35:18,福井県嶺北,35°45.4′N,136°18.4′E,10 km,3.4,震度２,35.75666667,136.3066667
2025/8/29,3:39:35,伊豆半島東方沖,35°05.0′N,139°07.6′E,0 km,2.6,震度２,35.08333333,139.1266667
2025/8/29,4:54:33,茨城県沖,36°39.5′N,140°59.0′E,88 km,4.5,震度３,36.65833333,140.9833333
2025/8/29,8:10:46,福島県中通り,36°54.1′N,140°30.5′E,7 km,3.5,震度２,36.90166667,140.5083333
2025/8/29,17:08:46,栃木県北部,36°50.0′N,139°47.6′E,5 km,2.7,震度１,36.83333333,139.7933333
2025/8/29,20:20:20,トカラ列島近海,29°20.0′N,129°34.9′E,8 km,3.1,震度２,29.33333333,129.5816667
2025/8/29,20:21:30,トカラ列島近海,29°20.3′N,129°34.0′E,6 km,2.7,震度１,29.33833333,129.5666667
2025/8/30,0:32:46,トカラ列島近海,29°37.8′N,129°44.3′E,8 km,2.6,震度１,29.63,129.7383333
2025/8/30,1:29:20,宮城県沖,38°26.6′N,142°12.0′E,41 km,5.8,震度４,38.44333333,142.2
2025/8/30,1:51:00,福島県沖,37°18.0′N,141°36.2′E,44 km,4.9,震度３,37.3,141.6033333
2025/8/30,1:53:40,福島県沖,37°17.9′N,141°36.1′E,42 km,3.9,震度２,37.29833333,141.6016667
2025/8/30,2:02:43,トカラ列島近海,29°21.4′N,129°34.1′E,11 km,2.3,震度１,29.35666667,129.5683333
2025/8/30,2:03:42,トカラ列島近海,29°20.2′N,129°34.0′E,0 km,2.7,震度２,29.33666667,129.5666667
2025/8/30,4:33:08,長野県南部,35°17.5′N,137°40.0′E,9 km,1.9,震度１,35.29166667,137.6666667
2025/8/30,4:54:54,トカラ列島近海,29°20.2′N,129°35.0′E,8 km,2.1,震度１,29.33666667,129.5833333
2025/8/30,13:58:45,紀伊水道,33°48.1′N,134°54.7′E,14 km,2.9,震度１,33.80166667,134.9116667
2025/8/30,18:26:34,岩手県沖,39°20.0′N,142°04.2′E,48 km,4.7,震度３,39.33333333,142.07
2025/8/30,22:17:00,トカラ列島近海,29°19.0′N,129°33.7′E,3 km,2.4,震度１,29.31666667,129.5616667
2025/8/31,3:49:55,長野県南部,35°17.5′N,137°48.3′E,17 km,3.4,震度２,35.29166667,137.805
2025/8/31,12:37:38,トカラ列島近海,29°36.5′N,129°36.5′E,10 km,2.2,震度１,29.60833333,129.6083333
2025/8/31,23:28:12,トカラ列島近海,29°12.1′N,129°19.9′E,0 km,2.5,震度１,29.20166667,129.3316667
2025/9/1,3:20:09,トカラ列島近海,29°18.0′N,129°37.7′E,11 km,2.6,震度１,29.3,129.6283333
2025/9/1,4:19:48,トカラ列島近海,29°19.8′N,129°34.7′E,8 km,2.6,震度２,29.33,129.5783333
2025/9/1,12:39:35,空知地方北部,43°52.5′N,142°03.6′E,10 km,3.6,震度２,43.875,142.06
2025/9/1,13:11:22,石川県能登地方,37°09.2′N,136°44.1′E,6 km,3.2,震度２,37.15333333,136.735
2025/9/1,15:30:05,トカラ列島近海,29°20.3′N,129°30.3′E,10 km,4,震度４,29.33833333,129.505
2025/9/1,22:09:32,トカラ列島近海,29°19.7′N,129°34.9′E,7 km,2.2,震度１,29.32833333,129.5816667
2025/9/1,23:43:09,トカラ列島近海,29°21.2′N,129°33.1′E,8 km,2.4,震度１,29.35333333,129.5516667
2025/9/2,2:59:08,沖縄本島近海,27°25.0′N,128°37.3′E,43 km,2.9,震度１,27.41666667,128.6216667
2025/9/2,11:13:44,トカラ列島近海,29°16.8′N,129°26.9′E,10 km,2.3,震度１,29.28,129.4483333
2025/9/2,16:02:30,愛知県西部,35°13.7′N,137°25.9′E,11 km,2.6,震度１,35.22833333,137.4316667
2025/9/3,2:05:59,トカラ列島近海,29°17.7′N,129°29.8′E,0 km,2.2,震度１,29.295,129.4966667
2025/9/3,5:58:20,トカラ列島近海,29°21.3′N,129°33.1′E,7 km,2.2,震度１,29.355,129.5516667
2025/9/3,6:02:11,トカラ列島近海,29°19.4′N,129°35.4′E,4 km,2.2,震度１,29.32333333,129.59
2025/9/3,11:36:23,紀伊水道,34°10.5′N,135°09.3′E,7 km,2.4,震度１,34.175,135.155
2025/9/3,13:27:47,福島県会津,36°57.7′N,139°23.2′E,4 km,1.4,震度１,36.96166667,139.3866667
2025/9/3,19:32:22,トカラ列島近海,29°26.3′N,129°34.8′E,7 km,,震度１,29.43833333,129.58
2025/9/3,19:34:12,トカラ列島近海,29°26.7′N,129°33.2′E,7 km,2.1,震度１,29.445,129.5533333
2025/9/3,20:01:27,トカラ列島近海,29°25.8′N,129°37.5′E,7 km,2,震度２,29.43,129.625
2025/9/3,20:45:19,トカラ列島近海,29°26.0′N,129°36.1′E,8 km,1.9,震度１,29.43333333,129.6016667
2025/9/3,23:13:50,徳島県北部,33°58.7′N,133°42.3′E,7 km,2.1,震度１,33.97833333,133.705
2025/9/4,5:31:18,奄美大島近海,27°27.7′N,129°17.7′E,39 km,4.4,震度２,27.46166667,129.295
2025/9/4,9:31:07,秋田県内陸南部,39°28.9′N,140°25.7′E,10 km,3,震度２,39.48166667,140.4283333
2025/9/4,11:34:00,浦河沖,42°08.1′N,142°27.5′E,58 km,3.7,震度１,42.135,142.4583333
2025/9/4,19:23:56,岩手県沖,39°09.3′N,142°42.9′E,31 km,4.3,震度１,39.155,142.715
2025/9/5,13:01:47,宮城県沖,38°58.8′N,141°40.1′E,73 km,3.1,震度１,38.98,141.6683333
2025/9/5,20:45:40,トカラ列島近海,29°19.9′N,129°29.4′E,10 km,2.8,震度１,29.33166667,129.49
2025/9/5,21:00:08,茨城県南部,36°04.0′N,139°53.7′E,46 km,4.4,震度４,36.06666667,139.895
2025/9/6,1:01:36,奄美大島近海,28°02.2′N,129°04.6′E,13 km,3.3,震度１,28.03666667,129.0766667
2025/9/6,2:51:23,青森県東方沖,41°01.6′N,141°31.8′E,19 km,3.3,震度１,41.02666667,141.53
2025/9/6,5:42:37,上川地方北部,44°40.2′N,142°20.8′E,0 km,1.8,震度１,44.67,142.3466667
2025/9/6,11:56:23,青森県三八上北地方,40°22.6′N,141°11.4′E,8 km,2,震度１,40.37666667,141.19
2025/9/6,12:48:47,青森県東方沖,41°02.8′N,142°02.6′E,58 km,3.9,震度２,41.04666667,142.0433333
2025/9/6,18:13:13,トカラ列島近海,29°23.2′N,129°34.4′E,10 km,3,震度２,29.38666667,129.5733333
2025/9/6,23:48:45,トカラ列島近海,29°21.6′N,129°36.8′E,10 km,2.7,震度２,29.36,129.6133333
2025/9/7,0:44:06,宮古島近海,25°15.8′N,124°55.5′E,5 km,4.4,震度１,25.26333333,124.925
2025/9/7,1:18:00,宮古島近海,25°15.8′N,124°55.3′E,2 km,4.3,震度１,25.26333333,124.9216667
2025/9/7,2:39:42,福島県沖,37°51.0′N,141°31.1′E,86 km,3.7,震度２,37.85,141.5183333
2025/9/7,8:11:04,トカラ列島近海,29°20.6′N,129°34.1′E,8 km,2.2,震度１,29.34333333,129.5683333
2025/9/7,10:50:58,愛知県西部,34°59.5′N,137°15.4′E,39 km,4.1,震度２,34.99166667,137.2566667
2025/9/7,12:49:25,トカラ列島近海,29°18.7′N,129°34.4′E,12 km,2.8,震度１,29.31166667,129.5733333
2025/9/7,15:51:09,父島近海,26°15.7′N,141°27.5′E,137 km,4.9,震度１,26.26166667,141.4583333
2025/9/7,21:05:26,十勝地方中部,43°02.7′N,143°36.2′E,8 km,2.8,震度２,43.045,143.6033333
2025/9/8,1:31:53,トカラ列島近海,29°27.1′N,129°35.1′E,4 km,1.9,震度２,29.45166667,129.585
2025/9/8,8:24:24,石川県能登地方,37°23.8′N,137°08.0′E,13 km,4.5,震度３,37.39666667,137.1333333
2025/9/8,19:24:20,富山県東部,36°26.1′N,137°24.6′E,10 km,3.1,震度１,36.435,137.41
2025/9/8,23:04:12,福島県沖,37°01.8′N,141°58.7′E,30 km,4.4,震度１,37.03,141.9783333
2025/9/9,1:47:29,日向灘,32°02.2′N,131°54.3′E,32 km,3.5,震度１,32.03666667,131.905
2025/9/9,3:27:06,福島県沖,37°18.2′N,141°36.9′E,42 km,3.8,震度１,37.30333333,141.615
2025/9/9,8:53:03,千葉県南部,35°26.6′N,139°58.4′E,72 km,4.1,震度２,35.44333333,139.9733333
2025/9/9,15:54:32,宮城県沖,38°18.8′N,141°54.1′E,63 km,3.7,震度１,38.31333333,141.9016667
2025/9/9,18:05:18,伊豆大島近海,34°43.7′N,139°18.3′E,5 km,2.5,震度１,34.72833333,139.305
2025/9/9,18:06:06,トカラ列島近海,29°24.0′N,129°37.2′E,5 km,1.9,震度１,29.4,129.62
2025/9/9,18:21:03,トカラ列島近海,29°25.0′N,129°36.2′E,5 km,1.8,震度１,29.41666667,129.6033333
2025/9/9,19:22:39,伊豆大島近海,34°43.7′N,139°18.5′E,7 km,2.6,震度１,34.72833333,139.3083333
2025/9/9,19:37:20,伊豆大島近海,34°43.3′N,139°18.2′E,8 km,2.6,震度１,34.72166667,139.3033333
2025/9/9,20:08:23,三宅島近海,33°41.0′N,139°28.3′E,17 km,4.3,震度２,33.68333333,139.4716667
2025/9/10,2:28:04,トカラ列島近海,29°23.3′N,129°37.2′E,9 km,2.3,震度１,29.38833333,129.62
2025/9/10,5:02:22,三宅島近海,33°41.1′N,139°29.2′E,17 km,3.7,震度１,33.685,139.4866667
2025/9/10,5:56:16,奄美大島北東沖,29°27.1′N,130°43.0′E,48 km,4.5,震度１,29.45166667,130.7166667
2025/9/10,13:13:45,能登半島沖,37°31.4′N,137°14.5′E,11 km,2.6,震度１,37.52333333,137.2416667
2025/9/10,15:26:43,秋田県内陸南部,39°12.3′N,140°33.9′E,6 km,2.1,震度１,39.205,140.565
2025/9/10,16:30:43,茨城県南部,36°02.5′N,139°54.7′E,44 km,3.5,震度２,36.04166667,139.9116667
2025/9/10,19:20:47,トカラ列島近海,29°55.0′N,129°59.3′E,10 km,3.3,震度２,29.91666667,129.9883333
2025/9/11,1:49:02,福島県沖,37°42.5′N,141°35.5′E,82 km,3.8,震度１,37.70833333,141.5916667
2025/9/11,12:19:48,茨城県北部,36°44.7′N,140°34.5′E,10 km,2.4,震度１,36.745,140.575
2025/9/11,14:12:48,茨城県南部,36°19.3′N,140°01.4′E,73 km,3.5,震度２,36.32166667,140.0233333
2025/9/11,15:03:41,宮古島近海,24°46.8′N,125°16.7′E,47 km,3.7,震度１,24.78,125.2783333
2025/9/11,15:07:08,岐阜県飛騨地方,36°04.9′N,137°32.0′E,3 km,2.3,震度１,36.08166667,137.5333333
2025/9/11,19:11:20,石川県能登地方,37°31.3′N,137°18.0′E,14 km,2.5,震度１,37.52166667,137.3
2025/9/12,0:47:42,トカラ列島近海,29°18.5′N,129°27.0′E,13 km,3.4,震度２,29.30833333,129.45
2025/9/12,3:18:17,茨城県南部,36°11.6′N,140°06.9′E,51 km,3.1,震度１,36.19333333,140.115
2025/9/12,8:52:27,石川県能登地方,37°09.1′N,136°43.9′E,6 km,2.2,震度１,37.15166667,136.7316667
2025/9/12,12:39:54,トカラ列島近海,29°37.1′N,129°40.2′E,3 km,2,震度１,29.61833333,129.67
2025/9/12,14:25:42,トカラ列島近海,29°17.9′N,129°33.6′E,9 km,3.2,震度２,29.29833333,129.56
2025/9/12,16:37:53,トカラ列島近海,29°18.2′N,129°33.3′E,12 km,2.2,震度１,29.30333333,129.555
2025/9/12,19:57:26,神奈川県西部,35°27.1′N,139°02.6′E,16 km,3.1,震度１,35.45166667,139.0433333
2025/9/13,0:48:38,宮城県沖,38°29.1′N,142°09.2′E,41 km,3.7,震度１,38.485,142.1533333
2025/9/13,0:57:44,根室半島南東沖,43°06.9′N,146°42.7′E,44 km,4.7,震度２,43.115,146.7116667
2025/9/13,3:09:07,薩摩半島西方沖,31°35.1′N,130°10.0′E,1 km,2.1,震度１,31.585,130.1666667
2025/9/13,5:03:21,伊豆大島近海,34°44.1′N,139°17.6′E,8 km,2.3,震度１,34.735,139.2933333
2025/9/13,12:19:05,秋田県内陸北部,40°15.4′N,140°50.4′E,7 km,2.3,震度１,40.25666667,140.84
2025/9/13,15:40:05,奄美大島近海,28°23.5′N,129°09.3′E,48 km,3.5,震度１,28.39166667,129.155
2025/9/13,18:34:01,長崎県南西部,32°41.6′N,129°49.5′E,10 km,1.9,震度１,32.69333333,129.825
2025/9/13,23:22:21,トカラ列島近海,29°55.0′N,129°59.2′E,10 km,4.5,震度４,29.91666667,129.9866667
2025/9/13,23:39:39,紀伊水道,33°48.1′N,134°54.8′E,14 km,3.1,震度１,33.80166667,134.9133333
2025/9/13,23:43:23,トカラ列島近海,29°55.3′N,129°59.5′E,9 km,2.4,震度１,29.92166667,129.9916667
2025/9/14,6:17:59,長野県南部,35°54.2′N,137°40.3′E,7 km,2.1,震度１,35.90333333,137.6716667
2025/9/14,9:08:27,トカラ列島近海,29°31.9′N,129°36.7′E,9 km,2.1,震度１,29.53166667,129.6116667
2025/9/14,20:53:09,兵庫県南東部,35°06.6′N,135°11.6′E,8 km,2.8,震度１,35.11,135.1933333
2025/9/15,6:41:26,茨城県南部,36°11.6′N,140°05.0′E,67 km,3,震度１,36.19333333,140.0833333
2025/9/15,10:08:28,長野県北部,36°55.3′N,138°25.4′E,7 km,2.2,震度１,36.92166667,138.4233333
2025/9/15,11:31:58,トカラ列島近海,29°19.0′N,129°33.9′E,1 km,3.1,震度３,29.31666667,129.565
2025/9/15,12:01:13,トカラ列島近海,29°19.1′N,129°33.9′E,10 km,2.8,震度１,29.31833333,129.565
2025/9/15,12:04:39,トカラ列島近海,29°19.7′N,129°33.1′E,8 km,2,震度１,29.32833333,129.5516667
2025/9/15,13:34:45,宮城県沖,38°25.6′N,142°03.7′E,41 km,4.4,震度２,38.42666667,142.0616667
2025/9/15,17:43:14,福島県沖,36°55.3′N,141°22.6′E,48 km,3.9,震度１,36.92166667,141.3766667
2025/9/16,9:32:39,長野県北部,36°34.2′N,137°51.8′E,8 km,2.2,震度１,36.57,137.8633333
2025/9/16,9:33:22,トカラ列島近海,29°19.6′N,129°34.5′E,8 km,2.1,震度１,29.32666667,129.575
2025/9/16,10:21:49,千葉県東方沖,35°52.9′N,140°50.1′E,40 km,3.4,震度１,35.88166667,140.835
2025/9/16,11:22:44,トカラ列島近海,29°37.3′N,129°34.8′E,10 km,2.5,震度１,29.62166667,129.58
2025/9/16,19:48:19,石川県能登地方,37°14.7′N,136°48.8′E,10 km,2.6,震度１,37.245,136.8133333
2025/9/16,20:22:23,トカラ列島近海,29°19.6′N,129°33.2′E,9 km,2.6,震度１,29.32666667,129.5533333
2025/9/17,3:44:53,日向灘,31°32.3′N,131°51.0′E,26 km,3.6,震度１,31.53833333,131.85
2025/9/17,6:34:00,伊豆大島近海,34°33.4′N,139°26.1′E,13 km,4,震度２,34.55666667,139.435
2025/9/17,14:45:58,伊豆大島近海,34°33.6′N,139°25.5′E,14 km,3.2,震度１,34.56,139.425
2025/9/17,16:28:01,和歌山県北部,34°01.3′N,135°14.1′E,5 km,2,震度１,34.02166667,135.235
2025/9/17,20:50:09,トカラ列島近海,29°38.1′N,129°39.5′E,0 km,2.2,震度１,29.635,129.6583333
2025/9/17,20:52:16,トカラ列島近海,29°38.2′N,129°39.3′E,0 km,2.5,震度１,29.63666667,129.655
2025/9/17,20:53:42,トカラ列島近海,29°36.4′N,129°43.7′E,0 km,2.6,震度２,29.60666667,129.7283333
2025/9/17,20:56:08,トカラ列島近海,29°37.8′N,129°41.1′E,0 km,2.2,震度１,29.63,129.685
2025/9/17,21:04:26,トカラ列島近海,29°34.7′N,129°44.2′E,0 km,2.5,震度２,29.57833333,129.7366667
2025/9/17,21:50:30,トカラ列島近海,29°38.4′N,129°39.7′E,0 km,3,震度３,29.64,129.6616667
2025/9/17,21:51:52,トカラ列島近海,29°37.9′N,129°40.4′E,1 km,2.5,震度２,29.63166667,129.6733333
2025/9/17,21:53:27,トカラ列島近海,29°38.4′N,129°40.1′E,0 km,3.8,震度３,29.64,129.6683333
2025/9/17,21:55:02,トカラ列島近海,29°35.1′N,129°43.1′E,1 km,4.7,震度５弱,29.585,129.7183333
2025/9/17,21:56:06,トカラ列島近海,29°38.8′N,129°39.5′E,0 km,3.4,震度２,29.64666667,129.6583333
2025/9/17,21:56:53,トカラ列島近海,29°35.4′N,129°42.4′E,2 km,,震度２,29.59,129.7066667
2025/9/17,21:58:17,トカラ列島近海,29°38.6′N,129°38.2′E,1 km,3.3,震度３,29.64333333,129.6366667
2025/9/17,21:59:45,トカラ列島近海,29°36.2′N,129°40.3′E,2 km,2.7,震度２,29.60333333,129.6716667
2025/9/17,22:00:28,トカラ列島近海,29°38.1′N,129°38.0′E,0 km,4.8,震度４,29.635,129.6333333
2025/9/17,22:02:21,トカラ列島近海,29°37.1′N,129°38.4′E,3 km,,震度２,29.61833333,129.64
2025/9/17,22:03:52,トカラ列島近海,29°35.7′N,129°41.1′E,2 km,,震度１,29.595,129.685
2025/9/17,22:06:45,トカラ列島近海,29°37.0′N,129°39.6′E,0 km,3.5,震度３,29.61666667,129.66
2025/9/17,22:12:11,トカラ列島近海,29°35.6′N,129°41.4′E,3 km,2.9,震度３,29.59333333,129.69
2025/9/17,22:13:20,トカラ列島近海,29°36.9′N,129°40.0′E,2 km,,震度２,29.615,129.6666667
2025/9/17,22:14:18,トカラ列島近海,29°35.2′N,129°42.2′E,2 km,2.3,震度２,29.58666667,129.7033333
2025/9/17,22:16:33,トカラ列島近海,29°38.5′N,129°40.1′E,0 km,2.6,震度２,29.64166667,129.6683333
2025/9/17,22:18:59,トカラ列島近海,29°38.8′N,129°42.4′E,0 km,1.6,震度１,29.64666667,129.7066667
2025/9/17,22:21:24,トカラ列島近海,29°38.4′N,129°42.3′E,0 km,2.1,震度１,29.64,129.705
2025/9/17,22:27:29,トカラ列島近海,29°37.9′N,129°39.4′E,3 km,3.4,震度３,29.63166667,129.6566667
2025/9/17,22:28:27,トカラ列島近海,29°37.5′N,129°38.6′E,0 km,2.5,震度１,29.625,129.6433333
2025/9/17,22:31:05,トカラ列島近海,29°38.8′N,129°40.8′E,0 km,2.8,震度３,29.64666667,129.68
2025/9/17,22:31:38,トカラ列島近海,29°36.7′N,129°45.8′E,1 km,3.2,震度３,29.61166667,129.7633333
2025/9/17,22:33:04,トカラ列島近海,29°38.4′N,129°39.0′E,0 km,,震度１,29.64,129.65
2025/9/17,22:34:14,トカラ列島近海,29°38.6′N,129°41.0′E,0 km,2,震度１,29.64333333,129.6833333
2025/9/17,22:35:10,トカラ列島近海,29°37.6′N,129°43.2′E,0 km,2.1,震度２,29.62666667,129.72
2025/9/17,22:38:37,トカラ列島近海,29°37.7′N,129°42.2′E,4 km,2.3,震度１,29.62833333,129.7033333
2025/9/17,22:58:03,トカラ列島近海,29°37.0′N,129°43.7′E,0 km,1.6,震度１,29.61666667,129.7283333
2025/9/17,23:12:41,トカラ列島近海,29°35.2′N,129°40.6′E,4 km,1.8,震度１,29.58666667,129.6766667
2025/9/17,23:23:04,トカラ列島近海,29°38.2′N,129°41.8′E,0 km,2.4,震度２,29.63666667,129.6966667
2025/9/17,23:34:12,トカラ列島近海,29°36.2′N,129°43.1′E,0 km,1.9,震度１,29.60333333,129.7183333
2025/9/18,0:11:59,トカラ列島近海,29°39.6′N,129°43.6′E,0 km,2.5,震度１,29.66,129.7266667
2025/9/18,0:13:42,トカラ列島近海,29°39.5′N,129°43.8′E,0 km,2.7,震度１,29.65833333,129.73
2025/9/18,0:17:00,トカラ列島近海,29°38.3′N,129°44.3′E,0 km,2.5,震度２,29.63833333,129.7383333
2025/9/18,0:19:23,トカラ列島近海,29°38.0′N,129°44.8′E,0 km,2.3,震度１,29.63333333,129.7466667
2025/9/18,1:49:20,トカラ列島近海,29°55.3′N,130°00.1′E,9 km,2.5,震度１,29.92166667,130.0016667
2025/9/18,2:00:48,トカラ列島近海,29°40.1′N,129°41.2′E,2 km,3,震度２,29.66833333,129.6866667
2025/9/18,2:02:17,トカラ列島近海,29°37.9′N,129°45.1′E,0 km,2.2,震度１,29.63166667,129.7516667
2025/9/18,2:03:23,トカラ列島近海,29°37.5′N,129°45.7′E,0 km,2.1,震度１,29.625,129.7616667
2025/9/18,2:10:13,トカラ列島近海,29°37.1′N,129°47.0′E,0 km,1.9,震度１,29.61833333,129.7833333
2025/9/18,2:25:35,トカラ列島近海,29°39.7′N,129°42.5′E,1 km,3.1,震度２,29.66166667,129.7083333
2025/9/18,3:35:06,日向灘,32°02.2′N,131°54.7′E,32 km,3.2,震度１,32.03666667,131.9116667
2025/9/18,3:46:48,日向灘,32°02.2′N,131°54.8′E,33 km,3.6,震度１,32.03666667,131.9133333
2025/9/18,4:24:43,トカラ列島近海,29°36.3′N,129°45.1′E,0 km,0.9,震度１,29.605,129.7516667
2025/9/18,5:53:43,トカラ列島近海,29°39.1′N,129°42.8′E,3 km,2.9,震度３,29.65166667,129.7133333
2025/9/18,8:15:33,トカラ列島近海,29°38.6′N,129°37.6′E,0 km,3.5,震度３,29.64333333,129.6266667
2025/9/18,10:55:51,トカラ列島近海,29°39.8′N,129°39.6′E,1 km,2,震度１,29.66333333,129.66
2025/9/18,11:35:26,岩手県沿岸北部,39°45.6′N,141°50.0′E,58 km,3.3,震度１,39.76,141.8333333
2025/9/18,13:10:39,トカラ列島近海,29°18.3′N,129°33.6′E,5 km,2.7,震度１,29.305,129.56
2025/9/18,16:48:26,石川県能登地方,37°10.4′N,136°50.2′E,9 km,2.3,震度１,37.17333333,136.8366667
2025/9/18,18:36:40,トカラ列島近海,29°38.0′N,129°45.7′E,0 km,2.1,震度１,29.63333333,129.7616667
2025/9/18,19:06:48,日向灘,32°02.2′N,131°53.8′E,29 km,4.1,震度２,32.03666667,131.8966667
2025/9/18,19:34:02,トカラ列島近海,29°24.3′N,129°32.8′E,7 km,2,震度１,29.405,129.5466667
2025/9/19,0:23:54,神奈川県東部,35°32.8′N,139°33.9′E,67 km,3.2,震度１,35.54666667,139.565
2025/9/19,1:04:48,トカラ列島近海,29°37.7′N,129°45.9′E,0 km,2.4,震度１,29.62833333,129.765
2025/9/19,1:45:58,トカラ列島近海,29°39.2′N,129°43.0′E,4 km,3.1,震度２,29.65333333,129.7166667
2025/9/19,2:00:05,トカラ列島近海,29°38.0′N,129°45.1′E,0 km,2.2,震度１,29.63333333,129.7516667
2025/9/19,2:24:10,トカラ列島近海,29°37.7′N,129°46.1′E,0 km,2.5,震度２,29.62833333,129.7683333
2025/9/19,3:39:21,千葉県東方沖,35°28.7′N,140°58.4′E,30 km,4.3,震度１,35.47833333,140.9733333
2025/9/19,6:20:25,トカラ列島近海,29°39.4′N,129°43.4′E,4 km,2.3,震度１,29.65666667,129.7233333
2025/9/19,6:58:40,トカラ列島近海,29°40.3′N,129°40.5′E,0 km,2.1,震度１,29.67166667,129.675
2025/9/19,8:07:43,トカラ列島近海,29°40.4′N,129°41.1′E,2 km,3.5,震度３,29.67333333,129.685
2025/9/19,8:09:05,トカラ列島近海,29°38.0′N,129°44.9′E,0 km,3.3,震度２,29.63333333,129.7483333
2025/9/19,8:11:38,トカラ列島近海,29°38.6′N,129°42.7′E,3 km,3.5,震度４,29.64333333,129.7116667
2025/9/19,8:12:51,トカラ列島近海,29°37.9′N,129°44.6′E,0 km,2.5,震度１,29.63166667,129.7433333
2025/9/19,8:19:05,トカラ列島近海,29°39.2′N,129°42.7′E,4 km,2.3,震度１,29.65333333,129.7116667
2025/9/19,8:36:21,茨城県北部,36°46.2′N,140°34.1′E,9 km,2.9,震度１,36.77,140.5683333
2025/9/19,9:10:44,トカラ列島近海,29°37.2′N,129°45.6′E,0 km,3.9,震度４,29.62,129.76
2025/9/19,9:12:39,トカラ列島近海,29°37.8′N,129°44.5′E,0 km,1.9,震度１,29.63,129.7416667
2025/9/19,9:13:49,トカラ列島近海,29°37.9′N,129°45.3′E,0 km,1.6,震度１,29.63166667,129.755
2025/9/19,9:19:53,トカラ列島近海,29°39.5′N,129°41.3′E,0 km,3.1,震度２,29.65833333,129.6883333
2025/9/19,9:34:28,トカラ列島近海,29°38.1′N,129°44.8′E,0 km,2.7,震度２,29.635,129.7466667
2025/9/19,9:47:01,トカラ列島近海,29°38.1′N,129°44.3′E,0 km,2.2,震度１,29.635,129.7383333
2025/9/19,9:51:55,トカラ列島近海,29°37.7′N,129°45.7′E,0 km,2.8,震度１,29.62833333,129.7616667
2025/9/19,9:56:51,安芸灘,33°52.6′N,132°20.5′E,48 km,3.1,震度１,33.87666667,132.3416667
2025/9/19,10:43:49,トカラ列島近海,29°36.7′N,129°43.9′E,1 km,2,震度３,29.61166667,129.7316667
2025/9/19,10:53:49,トカラ列島近海,29°38.7′N,129°42.3′E,5 km,3,震度２,29.645,129.705
2025/9/19,11:10:54,トカラ列島近海,29°38.1′N,129°43.9′E,0 km,2.1,震度１,29.635,129.7316667
2025/9/19,12:29:40,トカラ列島近海,29°38.0′N,129°46.0′E,0 km,2.3,震度１,29.63333333,129.7666667
2025/9/19,13:03:37,トカラ列島近海,29°41.2′N,129°39.7′E,1 km,2.2,震度１,29.68666667,129.6616667
2025/9/19,17:35:41,詳細不明,29°37.0′N,129°42.0′E,0 km,,震度１,29.61666667,129.7
2025/9/19,19:33:43,トカラ列島近海,29°38.9′N,129°43.8′E,6 km,2.2,震度１,29.64833333,129.73
2025/9/19,20:06:02,詳細不明,29°37.0′N,129°42.0′E,0 km,,震度１,29.61666667,129.7
2025/9/19,23:01:15,薩摩半島西方沖,31°17.3′N,129°56.6′E,9 km,3.4,震度１,31.28833333,129.9433333
2025/9/20,3:02:13,茨城県沖,36°13.3′N,141°02.1′E,39 km,4.3,震度２,36.22166667,141.035
2025/9/20,3:18:31,茨城県沖,36°13.2′N,141°03.1′E,37 km,3,震度１,36.22,141.0516667
2025/9/20,3:20:18,茨城県沖,36°13.5′N,141°02.5′E,38 km,3.2,震度１,36.225,141.0416667
2025/9/20,4:04:16,トカラ列島近海,29°39.1′N,129°43.2′E,3 km,2.1,震度１,29.65166667,129.72
2025/9/20,8:02:31,トカラ列島近海,29°37.7′N,129°44.6′E,0 km,2.7,震度２,29.62833333,129.7433333
2025/9/20,11:31:00,トカラ列島近海,29°37.7′N,129°40.3′E,3 km,2,震度１,29.62833333,129.6716667
2025/9/20,13:02:52,トカラ列島近海,29°36.8′N,129°42.2′E,0 km,1.4,震度３,29.61333333,129.7033333
2025/9/20,19:16:02,トカラ列島近海,29°40.2′N,129°43.9′E,6 km,2.2,震度１,29.67,129.7316667
2025/9/20,19:49:11,トカラ列島近海,29°38.7′N,129°47.0′E,1 km,2.3,震度１,29.645,129.7833333
2025/9/20,20:12:48,トカラ列島近海,29°38.6′N,129°47.0′E,1 km,2.2,震度１,29.64333333,129.7833333
2025/9/20,20:23:02,詳細不明,29°37.0′N,129°42.0′E,0 km,,震度１,29.61666667,129.7
2025/9/20,20:24:00,詳細不明,29°37.0′N,129°42.0′E,0 km,,震度１,29.61666667,129.7
2025/9/20,21:32:39,トカラ列島近海,29°39.4′N,129°42.7′E,4 km,3.5,震度３,29.65666667,129.7116667
2025/9/20,21:33:50,トカラ列島近海,29°37.9′N,129°45.6′E,0 km,,震度１,29.63166667,129.76
2025/9/20,22:04:09,トカラ列島近海,29°39.7′N,129°40.7′E,0 km,3.2,震度２,29.66166667,129.6783333
2025/9/20,23:45:07,トカラ列島近海,29°37.8′N,129°45.5′E,0 km,4,震度３,29.63,129.7583333
2025/9/20,23:49:49,トカラ列島近海,29°37.8′N,129°45.2′E,0 km,2.3,震度１,29.63,129.7533333
2025/9/20,23:52:55,トカラ列島近海,29°37.9′N,129°45.3′E,0 km,2.4,震度１,29.63166667,129.755
2025/9/21,1:03:40,トカラ列島近海,29°37.9′N,129°45.6′E,0 km,2.5,震度１,29.63166667,129.76
2025/9/21,2:26:45,トカラ列島近海,29°39.5′N,129°43.2′E,4 km,2.8,震度１,29.65833333,129.72
2025/9/21,2:30:27,トカラ列島近海,29°39.3′N,129°44.0′E,4 km,2.7,震度１,29.655,129.7333333
2025/9/21,2:52:50,トカラ列島近海,29°39.1′N,129°43.4′E,4 km,2.4,震度１,29.65166667,129.7233333
2025/9/21,4:34:13,トカラ列島近海,29°19.1′N,129°28.6′E,10 km,2.6,震度１,29.31833333,129.4766667
2025/9/21,5:34:13,トカラ列島近海,29°39.4′N,129°42.3′E,3 km,3.8,震度３,29.65666667,129.705
2025/9/21,6:47:19,岩手県沖,40°06.4′N,141°56.3′E,16 km,4.3,震度２,40.10666667,141.9383333
2025/9/21,6:49:03,トカラ列島近海,29°34.9′N,129°38.3′E,0 km,2.1,震度１,29.58166667,129.6383333
2025/9/21,8:49:49,トカラ列島近海,29°40.0′N,129°44.5′E,6 km,2.2,震度１,29.66666667,129.7416667
2025/9/21,9:44:47,長野県中部,36°20.0′N,138°00.0′E,7 km,2.4,震度１,36.33333333,138
2025/9/21,10:04:44,長野県中部,36°20.0′N,138°00.0′E,8 km,2.6,震度１,36.33333333,138
2025/9/21,11:32:54,長野県中部,36°20.1′N,138°00.1′E,8 km,3.1,震度２,36.335,138.0016667
2025/9/21,16:50:47,トカラ列島近海,29°34.9′N,129°36.7′E,6 km,2,震度１,29.58166667,129.6116667
2025/9/21,16:53:43,トカラ列島近海,29°35.2′N,129°36.3′E,6 km,2.1,震度１,29.58666667,129.605
2025/9/21,17:02:24,和歌山県北部,34°15.2′N,135°25.8′E,6 km,2.7,震度２,34.25333333,135.43
2025/9/21,23:53:40,トカラ列島近海,29°35.0′N,129°36.6′E,7 km,1.8,震度１,29.58333333,129.61
2025/9/22,2:14:18,茨城県沖,36°36.1′N,140°58.0′E,47 km,3.8,震度２,36.60166667,140.9666667
2025/9/22,8:44:16,トカラ列島近海,29°38.6′N,129°35.2′E,0 km,2.7,震度１,29.64333333,129.5866667
2025/9/22,8:56:44,トカラ列島近海,29°35.5′N,129°34.9′E,0 km,2.1,震度１,29.59166667,129.5816667
2025/9/23,3:49:48,トカラ列島近海,29°38.5′N,129°42.9′E,7 km,2.1,震度１,29.64166667,129.715
2025/9/23,16:07:16,新島・神津島近海,34°22.3′N,139°16.5′E,4 km,2.1,震度１,34.37166667,139.275
2025/9/23,16:37:51,渡島地方東部,42°01.8′N,140°47.3′E,9 km,2.3,震度２,42.03,140.7883333
2025/9/23,16:38:38,トカラ列島近海,29°27.2′N,129°34.0′E,7 km,,震度１,29.45333333,129.5666667
2025/9/23,17:45:59,長野県中部,36°20.1′N,138°00.2′E,7 km,2.6,震度１,36.335,138.0033333
2025/9/23,18:46:26,茨城県沖,36°31.5′N,140°41.7′E,54 km,4.1,震度２,36.525,140.695
2025/9/23,18:57:43,渡島地方東部,42°01.4′N,140°47.5′E,11 km,2,震度１,42.02333333,140.7916667
2025/9/23,19:05:42,渡島地方東部,42°01.6′N,140°47.3′E,8 km,2.1,震度１,42.02666667,140.7883333
2025/9/23,22:43:09,渡島地方東部,42°01.7′N,140°47.4′E,9 km,2.1,震度１,42.02833333,140.79
2025/9/24,7:11:41,有明海,32°45.1′N,130°34.1′E,11 km,3.1,震度１,32.75166667,130.5683333
2025/9/24,7:22:56,トカラ列島近海,29°38.7′N,129°43.3′E,7 km,2.8,震度２,29.645,129.7216667
2025/9/24,10:05:19,トカラ列島近海,29°37.8′N,129°40.8′E,3 km,2.8,震度２,29.63,129.68
2025/9/24,16:11:45,トカラ列島近海,29°20.1′N,129°34.8′E,11 km,2.8,震度２,29.335,129.58
2025/9/24,18:53:48,トカラ列島近海,29°24.1′N,129°33.1′E,7 km,3.3,震度３,29.40166667,129.5516667
2025/9/24,21:17:33,東京都２３区,35°40.9′N,139°45.1′E,64 km,3.4,震度１,35.68166667,139.7516667
2025/9/25,1:50:36,渡島地方東部,42°01.4′N,140°47.7′E,10 km,2.1,震度１,42.02333333,140.795
2025/9/25,3:03:15,宮城県沖,38°54.0′N,142°04.5′E,46 km,4.2,震度２,38.9,142.075
2025/9/25,7:29:28,トカラ列島近海,29°38.8′N,129°43.4′E,8 km,2.2,震度１,29.64666667,129.7233333
2025/9/25,9:41:33,茨城県北部,36°42.1′N,140°35.0′E,10 km,2.8,震度１,36.70166667,140.5833333
2025/9/25,11:42:12,根室半島南東沖,43°13.0′N,146°31.5′E,51 km,4.2,震度１,43.21666667,146.525
2025/9/25,13:20:03,渡島地方東部,42°01.8′N,140°47.5′E,9 km,1.8,震度１,42.03,140.7916667
2025/9/25,13:47:36,トカラ列島近海,29°38.4′N,129°44.1′E,7 km,2.3,震度１,29.64,129.735
2025/9/25,13:51:48,トカラ列島近海,29°38.6′N,129°43.7′E,7 km,2.6,震度１,29.64333333,129.7283333
2025/9/25,14:01:10,トカラ列島近海,29°38.1′N,129°43.9′E,7 km,2.8,震度２,29.635,129.7316667
2025/9/25,20:07:14,トカラ列島近海,29°39.3′N,129°41.4′E,7 km,2.4,震度１,29.655,129.69
2025/9/26,10:58:06,千葉県南部,34°57.2′N,139°57.8′E,62 km,4.1,震度２,34.95333333,139.9633333
2025/9/26,14:33:51,熊本県熊本地方,32°42.5′N,130°38.3′E,11 km,2.2,震度１,32.70833333,130.6383333
2025/9/26,15:52:30,有明海,32°48.5′N,130°36.7′E,14 km,3,震度１,32.80833333,130.6116667
2025/9/27,19:30:28,トカラ列島近海,29°35.5′N,129°43.2′E,1 km,2,震度１,29.59166667,129.72
2025/9/28,7:40:45,紀伊水道,33°50.3′N,134°57.7′E,12 km,3,震度１,33.83833333,134.9616667
2025/9/28,10:42:21,岐阜県美濃東部,35°29.0′N,137°22.9′E,57 km,2.9,震度１,35.48333333,137.3816667
2025/9/28,11:45:40,青森県東方沖,41°27.5′N,142°08.8′E,52 km,3.7,震度１,41.45833333,142.1466667
2025/9/28,12:11:45,茨城県沖,36°33.5′N,140°54.6′E,48 km,3.2,震度１,36.55833333,140.91
2025/9/28,12:51:35,北海道北西沖,44°19.1′N,141°39.2′E,6 km,2.3,震度１,44.31833333,141.6533333
2025/9/28,21:28:31,釧路沖,42°22.0′N,144°28.6′E,14 km,3.8,震度１,42.36666667,144.4766667
2025/9/28,21:35:43,トカラ列島近海,29°39.3′N,129°41.8′E,8 km,3.4,震度３,29.655,129.6966667
2025/9/28,22:59:47,トカラ列島近海,29°38.1′N,129°44.4′E,8 km,2.5,震度１,29.635,129.74
2025/9/29,2:35:59,トカラ列島近海,29°23.2′N,129°38.1′E,10 km,3.3,震度３,29.38666667,129.635
2025/9/29,2:39:50,トカラ列島近海,29°25.4′N,129°35.2′E,11 km,2.3,震度１,29.42333333,129.5866667
2025/9/29,3:48:05,トカラ列島近海,29°25.5′N,129°34.4′E,8 km,2.4,震度１,29.425,129.5733333
2025/9/29,5:39:13,トカラ列島近海,29°20.8′N,129°33.1′E,9 km,2.5,震度１,29.34666667,129.5516667
2025/9/29,6:23:52,与那国島近海,24°21.6′N,123°17.8′E,59 km,4.5,震度１,24.36,123.2966667
2025/9/29,19:30:38,埼玉県北部,36°02.9′N,139°15.3′E,5 km,2.1,震度１,36.04833333,139.255
2025/9/29,19:36:15,能登半島沖,37°45.6′N,137°25.3′E,14 km,3.7,震度１,37.76,137.4216667
2025/9/29,21:27:47,トカラ列島近海,29°17.6′N,129°30.4′E,10 km,2.3,震度１,29.29333333,129.5066667
2025/9/29,23:33:08,福島県沖,37°45.5′N,141°38.2′E,55 km,4,震度１,37.75833333,141.6366667
2025/9/30,1:01:21,トカラ列島近海,29°35.4′N,129°45.1′E,0 km,2.1,震度１,29.59,129.7516667
2025/9/30,6:30:13,トカラ列島近海,29°19.6′N,129°32.3′E,10 km,2.5,震度１,29.32666667,129.5383333
2025/9/30,17:13:14,広島県北部,34°57.5′N,132°53.5′E,11 km,2.8,震度１,34.95833333,132.8916667
2025/9/30,18:35:53,トカラ列島近海,29°35.3′N,129°44.4′E,1 km,1.8,震度１,29.58833333,129.74
2025/10/1,13:58:42,トカラ列島近海,29°19.9′N,129°33.9′E,9 km,2.4,震度１,29.33166667,129.565
2025/10/1,19:19:38,トカラ列島近海,29°37.8′N,129°42.3′E,2 km,1.9,震度１,29.63,129.705
2025/10/1,23:50:06,宮城県沖,38°41.9′N,141°58.5′E,59 km,4.6,震度３,38.69833333,141.975
2025/10/2,9:08:59,岩手県内陸北部,39°51.4′N,140°55.0′E,5 km,3,震度１,39.85666667,140.9166667
2025/10/2,10:48:21,トカラ列島近海,29°23.3′N,129°35.2′E,9 km,2.4,震度１,29.38833333,129.5866667
2025/10/2,13:03:47,トカラ列島近海,29°23.1′N,129°36.0′E,9 km,2.8,震度１,29.385,129.6
2025/10/2,13:51:32,トカラ列島近海,29°39.0′N,129°41.1′E,2 km,1.7,震度１,29.65,129.685
2025/10/2,20:41:49,伊予灘,33°39.3′N,132°32.1′E,44 km,3.5,震度１,33.655,132.535
2025/10/3,7:19:48,トカラ列島近海,29°37.5′N,129°38.6′E,6 km,2.7,震度１,29.625,129.6433333
2025/10/3,7:32:42,トカラ列島近海,29°38.4′N,129°36.7′E,0 km,2.7,震度１,29.64,129.6116667
2025/10/3,8:15:26,トカラ列島近海,29°38.6′N,129°36.2′E,0 km,3.1,震度２,29.64333333,129.6033333
2025/10/3,8:18:27,トカラ列島近海,29°38.7′N,129°36.8′E,0 km,3,震度１,29.645,129.6133333
2025/10/3,12:37:07,千葉県南東沖,34°50.8′N,140°06.2′E,60 km,4.2,震度２,34.84666667,140.1033333
2025/10/3,12:48:04,東京湾,35°31.8′N,139°53.2′E,112 km,4.1,震度２,35.53,139.8866667
2025/10/3,15:20:18,福島県沖,37°16.3′N,141°15.3′E,55 km,4.4,震度３,37.27166667,141.255
2025/10/3,17:45:15,宮城県沖,38°20.7′N,141°40.7′E,53 km,3.3,震度１,38.345,141.6783333
2025/10/4,11:46:37,岩手県沖,39°43.1′N,142°06.1′E,45 km,3.3,震度１,39.71833333,142.1016667
2025/10/4,12:06:15,茨城県北部,36°38.1′N,140°37.3′E,7 km,2.1,震度１,36.635,140.6216667
2025/10/4,14:29:25,新潟県上越地方,37°00.3′N,138°07.9′E,4 km,2.8,震度２,37.005,138.1316667
2025/10/4,18:25:20,トカラ列島近海,29°21.7′N,129°32.5′E,10 km,2.5,震度１,29.36166667,129.5416667
2025/10/4,23:15:17,岩手県沖,39°39.2′N,142°16.1′E,33 km,4.4,震度２,39.65333333,142.2683333
2025/10/5,0:21:09,福島県沖,37°25.1′N,141°35.1′E,45 km,6,震度４,37.41833333,141.585
2025/10/5,1:37:22,石川県能登地方,37°24.0′N,136°53.3′E,0 km,1.7,震度１,37.4,136.8883333
2025/10/5,8:19:04,トカラ列島近海,29°24.8′N,129°34.9′E,9 km,2.4,震度２,29.41333333,129.5816667
2025/10/5,14:42:29,トカラ列島近海,29°23.0′N,129°37.9′E,9 km,3.6,震度３,29.38333333,129.6316667
2025/10/5,14:44:17,トカラ列島近海,29°22.2′N,129°35.3′E,0 km,2,震度１,29.37,129.5883333
2025/10/5,14:46:18,トカラ列島近海,29°21.9′N,129°37.1′E,4 km,2.2,震度１,29.365,129.6183333
2025/10/5,15:30:48,苫小牧沖,42°33.1′N,141°52.2′E,130 km,4,震度１,42.55166667,141.87
2025/10/5,19:58:33,伊勢湾,34°53.1′N,136°47.8′E,8 km,3.3,震度２,34.885,136.7966667
2025/10/5,23:35:29,トカラ列島近海,29°24.6′N,129°34.9′E,10 km,2.3,震度１,29.41,129.5816667
2025/10/6,0:35:39,釧路地方中南部,43°01.2′N,144°42.4′E,107 km,3.8,震度１,43.02,144.7066667
2025/10/6,2:32:10,群馬県南部,36°28.1′N,139°09.2′E,14 km,2.3,震度１,36.46833333,139.1533333
2025/10/6,7:44:01,トカラ列島近海,29°23.7′N,129°37.2′E,11 km,3,震度２,29.395,129.62
2025/10/6,11:31:07,岩手県沿岸北部,39°45.5′N,141°50.2′E,59 km,3.7,震度２,39.75833333,141.8366667
2025/10/6,12:28:46,トカラ列島近海,29°22.0′N,129°34.9′E,0 km,2.1,震度１,29.36666667,129.5816667
2025/10/6,16:48:05,トカラ列島近海,29°23.0′N,129°37.2′E,8 km,2.4,震度２,29.38333333,129.62
2025/10/7,9:30:24,福島県沖,37°31.8′N,141°22.4′E,52 km,5,震度４,37.53,141.3733333
2025/10/7,13:01:10,トカラ列島近海,29°23.9′N,129°36.4′E,9 km,2.9,震度２,29.39833333,129.6066667
2025/10/7,13:53:03,トカラ列島近海,29°17.2′N,129°20.7′E,13 km,3,震度１,29.28666667,129.345
2025/10/8,2:02:55,トカラ列島近海,29°19.5′N,129°06.0′E,13 km,3.7,震度２,29.325,129.1
2025/10/8,2:03:48,トカラ列島近海,29°20.2′N,129°06.8′E,5 km,3.4,震度１,29.33666667,129.1133333
2025/10/8,2:15:24,トカラ列島近海,29°23.9′N,129°38.7′E,3 km,1.8,震度１,29.39833333,129.645
2025/10/8,2:37:09,トカラ列島近海,29°19.7′N,129°05.7′E,13 km,2.7,震度１,29.32833333,129.095
2025/10/8,2:53:06,トカラ列島近海,29°25.5′N,129°35.9′E,6 km,2.1,震度１,29.425,129.5983333
2025/10/8,2:54:31,トカラ列島近海,29°25.5′N,129°31.5′E,4 km,2.1,震度１,29.425,129.525
2025/10/8,6:38:37,トカラ列島近海,29°19.8′N,129°06.2′E,12 km,5.3,震度３,29.33,129.1033333
2025/10/8,8:13:46,トカラ列島近海,29°19.7′N,129°06.1′E,15 km,2.8,震度１,29.32833333,129.1016667
2025/10/8,15:29:32,岡山県北部,35°01.0′N,134°06.6′E,13 km,2.9,震度１,35.01666667,134.11
2025/10/8,16:09:29,渡島地方東部,42°07.3′N,140°26.1′E,7 km,2.9,震度１,42.12166667,140.435
2025/10/8,20:19:22,熊本県熊本地方,32°39.8′N,130°42.8′E,12 km,2.9,震度１,32.66333333,130.7133333
2025/10/9,1:56:07,トカラ列島近海,29°20.7′N,129°32.7′E,15 km,2.4,震度１,29.345,129.545
2025/10/9,6:51:25,伊勢湾,34°53.0′N,136°47.8′E,8 km,3.4,震度２,34.88333333,136.7966667
2025/10/9,10:01:50,石川県能登地方,37°15.7′N,136°51.4′E,9 km,2.7,震度１,37.26166667,136.8566667
2025/10/9,17:59:02,渡島地方東部,42°01.8′N,140°47.8′E,10 km,2.6,震度２,42.03,140.7966667
2025/10/10,3:28:33,熊本県熊本地方,32°52.2′N,130°51.7′E,10 km,2.4,震度１,32.87,130.8616667
2025/10/10,3:41:20,熊本県熊本地方,32°52.2′N,130°51.8′E,9 km,2.3,震度１,32.87,130.8633333
2025/10/10,12:52:33,トカラ列島近海,29°24.6′N,129°35.5′E,9 km,2.5,震度１,29.41,129.5916667
2025/10/10,15:31:29,岐阜県飛騨地方,35°49.3′N,137°18.1′E,8 km,2.8,震度１,35.82166667,137.3016667
2025/10/10,21:24:54,宮城県沖,37°59.9′N,141°44.1′E,56 km,3.8,震度１,37.99833333,141.735
2025/10/10,23:39:51,父島近海,26°18.5′N,141°54.4′E,42 km,4,震度１,26.30833333,141.9066667
2025/10/11,5:56:32,広島県南東部,34°36.1′N,133°05.4′E,21 km,2.8,震度１,34.60166667,133.09
2025/10/11,6:39:40,福島県浜通り,37°13.6′N,140°58.1′E,98 km,3.5,震度１,37.22666667,140.9683333
2025/10/11,7:06:36,浦河沖,41°43.5′N,142°40.4′E,61 km,4.4,震度１,41.725,142.6733333
2025/10/11,8:23:24,トカラ列島近海,29°23.9′N,129°36.0′E,10 km,2.6,震度２,29.39833333,129.6
2025/10/11,10:14:19,愛知県西部,34°54.8′N,137°22.5′E,37 km,2.8,震度１,34.91333333,137.375
2025/10/11,12:30:36,茨城県沖,36°37.7′N,140°59.4′E,46 km,3.5,震度１,36.62833333,140.99
2025/10/11,23:24:23,沖縄本島近海,27°14.3′N,127°41.5′E,88 km,4,震度１,27.23833333,127.6916667
2025/10/12,4:25:00,石川県西方沖,36°56.0′N,136°22.5′E,12 km,3.6,震度２,36.93333333,136.375
2025/10/12,4:25:30,岐阜県飛騨地方,36°02.7′N,137°33.2′E,4 km,2,震度１,36.045,137.5533333
2025/10/12,12:34:35,日高地方東部,42°18.4′N,143°01.0′E,51 km,3.6,震度１,42.30666667,143.0166667
2025/10/13,2:35:15,トカラ列島近海,29°09.6′N,129°18.0′E,12 km,2.5,震度１,29.16,129.3
2025/10/13,2:36:10,トカラ列島近海,29°10.3′N,129°17.7′E,12 km,2.6,震度１,29.17166667,129.295
2025/10/13,12:25:47,宮城県沖,38°36.6′N,142°23.9′E,62 km,4.6,震度２,38.61,142.3983333
2025/10/13,19:25:18,富山湾,37°26.9′N,137°26.4′E,12 km,3,震度１,37.44833333,137.44
2025/10/14,0:58:53,苫小牧沖,42°13.1′N,141°50.6′E,39 km,2.9,震度１,42.21833333,141.8433333
2025/10/14,2:33:44,岐阜県飛騨地方,35°49.0′N,137°19.4′E,10 km,3.3,震度２,35.81666667,137.3233333
2025/10/14,5:29:11,石川県能登地方,37°23.2′N,136°59.5′E,8 km,2.7,震度１,37.38666667,136.9916667
2025/10/14,7:06:03,岩手県沿岸北部,39°31.0′N,142°01.0′E,20 km,4.3,震度３,39.51666667,142.0166667
2025/10/14,12:34:24,秋田県沖,39°39.8′N,139°25.3′E,20 km,4.4,震度２,39.66333333,139.4216667
2025/10/14,15:10:44,福島県会津,37°02.9′N,139°20.5′E,7 km,2.2,震度１,37.04833333,139.3416667
2025/10/14,21:34:49,宮古島近海,24°44.2′N,125°16.8′E,44 km,3.5,震度１,24.73666667,125.28
2025/10/14,23:23:39,トカラ列島近海,29°19.3′N,129°34.8′E,10 km,3.3,震度３,29.32166667,129.58
2025/10/14,23:28:19,和歌山県北部,34°11.9′N,135°13.6′E,5 km,2.2,震度１,34.19833333,135.2266667
2025/10/15,16:52:24,熊本県球磨地方,32°14.3′N,130°43.3′E,4 km,2.1,震度１,32.23833333,130.7216667
2025/10/15,17:50:20,宮城県中部,38°31.9′N,141°24.9′E,72 km,3.9,震度２,38.53166667,141.415
2025/10/15,21:49:34,渡島地方東部,42°01.9′N,140°47.5′E,9 km,2.1,震度１,42.03166667,140.7916667
2025/10/16,3:57:20,茨城県沖,36°50.1′N,141°24.3′E,14 km,4.2,震度１,36.835,141.405
2025/10/16,10:51:21,山口県東部,33°55.9′N,132°05.6′E,58 km,3.3,震度１,33.93166667,132.0933333
2025/10/17,16:15:52,福島県会津,36°58.3′N,139°22.8′E,4 km,1.3,震度１,36.97166667,139.38
2025/10/17,21:31:00,トカラ列島近海,29°38.2′N,129°44.0′E,5 km,2.5,震度１,29.63666667,129.7333333
2025/10/18,9:53:39,後志地方北部,43°02.8′N,141°01.5′E,0 km,2.4,震度１,43.04666667,141.025
2025/10/19,2:10:51,能登半島沖,37°30.6′N,137°08.8′E,9 km,2,震度１,37.51,137.1466667
2025/10/19,4:05:07,トカラ列島近海,29°19.2′N,129°36.2′E,10 km,2.9,震度１,29.32,129.6033333
2025/10/19,7:19:53,トカラ列島近海,29°39.6′N,129°42.7′E,6 km,3.1,震度２,29.66,129.7116667
2025/10/19,7:20:48,トカラ列島近海,29°39.3′N,129°43.3′E,6 km,3.1,震度２,29.655,129.7216667
2025/10/19,7:30:32,トカラ列島近海,29°37.9′N,129°45.9′E,2 km,2.1,震度１,29.63166667,129.765
2025/10/19,8:42:57,トカラ列島近海,29°38.5′N,129°43.9′E,6 km,3.4,震度２,29.64166667,129.7316667
2025/10/19,12:13:37,トカラ列島近海,29°40.9′N,129°40.2′E,3 km,2.5,震度２,29.68166667,129.67
2025/10/19,14:32:58,トカラ列島近海,29°37.8′N,129°46.6′E,0 km,2.5,震度１,29.63,129.7766667
2025/10/20,11:23:04,トカラ列島近海,29°18.8′N,129°32.9′E,10 km,2.8,震度１,29.31333333,129.5483333
2025/10/20,17:15:31,トカラ列島近海,29°19.4′N,129°32.5′E,8 km,2.4,震度１,29.32333333,129.5416667
2025/10/21,4:04:06,福井県嶺南,35°26.6′N,135°32.7′E,363 km,5.1,震度１,35.44333333,135.545
2025/10/21,11:08:26,渡島地方東部,42°01.3′N,140°47.7′E,10 km,2.2,震度１,42.02166667,140.795
2025/10/21,14:20:47,宮城県沖,38°55.1′N,142°07.1′E,44 km,3.7,震度２,38.91833333,142.1183333
2025/10/21,16:41:39,日向灘,32°12.5′N,131°50.5′E,29 km,3.5,震度１,32.20833333,131.8416667
2025/10/21,17:23:23,茨城県沖,36°40.1′N,141°05.7′E,25 km,3.2,震度１,36.66833333,141.095
2025/10/22,3:48:31,福島県沖,37°35.3′N,142°08.8′E,36 km,4.4,震度１,37.58833333,142.1466667
2025/10/22,6:19:10,トカラ列島近海,29°19.4′N,129°29.4′E,9 km,3.1,震度２,29.32333333,129.49
2025/10/22,10:24:38,有明海,32°50.2′N,130°34.8′E,3 km,2.4,震度２,32.83666667,130.58
2025/10/22,18:17:32,釧路沖,42°55.4′N,145°28.4′E,43 km,5.1,震度４,42.92333333,145.4733333
2025/10/23,3:59:40,熊本県天草・芦北地方,32°09.0′N,130°26.1′E,7 km,2.1,震度１,32.15,130.435
2025/10/23,13:33:08,鹿児島県薩摩地方,31°51.5′N,130°42.9′E,0 km,1.7,震度１,31.85833333,130.715
2025/10/23,21:32:57,静岡県西部,34°53.5′N,137°47.0′E,21 km,3.3,震度１,34.89166667,137.7833333
2025/10/23,23:36:07,種子島近海,30°33.2′N,131°10.0′E,13 km,3.7,震度２,30.55333333,131.1666667
2025/10/24,2:40:41,トカラ列島近海,29°55.0′N,129°59.5′E,9 km,2.1,震度１,29.91666667,129.9916667
2025/10/24,5:07:01,有明海,33°04.8′N,130°17.7′E,13 km,2.8,震度１,33.08,130.295
2025/10/24,6:09:28,福島県沖,37°26.7′N,141°50.5′E,50 km,4.9,震度３,37.445,141.8416667
2025/10/24,9:27:14,宮城県沖,38°11.4′N,141°42.4′E,51 km,3.9,震度２,38.19,141.7066667
2025/10/24,10:43:00,トカラ列島近海,29°18.6′N,129°34.1′E,11 km,3.1,震度１,29.31,129.5683333
2025/10/24,15:47:24,千葉県北西部,35°48.3′N,140°07.3′E,69 km,4,震度２,35.805,140.1216667
2025/10/25,0:43:46,鳥取県中部,35°25.4′N,133°49.8′E,5 km,1.2,震度１,35.42333333,133.83
2025/10/25,1:40:10,根室半島南東沖,42°55.9′N,145°37.0′E,40 km,5.8,震度５弱,42.93166667,145.6166667
2025/10/25,9:39:10,茨城県北部,36°33.8′N,140°34.3′E,94 km,3.4,震度１,36.56333333,140.5716667
2025/10/25,14:12:49,トカラ列島近海,29°18.6′N,129°33.7′E,12 km,3.3,震度３,29.31,129.5616667
2025/10/25,22:19:31,渡島地方東部,42°01.6′N,140°47.7′E,10 km,1.8,震度１,42.02666667,140.795
2025/10/25,23:44:31,徳島県南部,33°49.8′N,134°21.5′E,36 km,2.9,震度１,33.83,134.3583333
2025/10/26,0:34:37,熊本県熊本地方,32°44.6′N,130°38.4′E,14 km,3,震度１,32.74333333,130.64
2025/10/26,1:09:57,福島県中通り,36°53.3′N,140°31.0′E,9 km,3.6,震度２,36.88833333,140.5166667
2025/10/26,5:49:04,渡島地方東部,42°01.5′N,140°47.3′E,10 km,2,震度１,42.025,140.7883333
2025/10/26,12:04:55,栃木県北部,36°37.4′N,139°27.1′E,5 km,4.7,震度４,36.62333333,139.4516667
2025/10/26,12:07:41,栃木県北部,36°37.4′N,139°27.1′E,5 km,3.5,震度３,36.62333333,139.4516667
2025/10/26,15:54:26,奈良県,34°22.7′N,136°01.5′E,8 km,3.4,震度２,34.37833333,136.025
2025/10/26,22:34:56,千葉県北西部,35°48.0′N,140°05.8′E,69 km,4.3,震度２,35.8,140.0966667
2025/10/27,14:39:44,トカラ列島近海,29°14.1′N,129°24.4′E,0 km,3.3,震度１,29.235,129.4066667
2025/10/27,16:17:23,トカラ列島近海,29°27.3′N,129°34.7′E,8 km,2,震度２,29.455,129.5783333
2025/10/27,21:18:41,宮古島近海,24°32.6′N,125°26.0′E,57 km,3.3,震度１,24.54333333,125.4333333
2025/10/28,7:37:32,トカラ列島近海,29°17.7′N,129°33.8′E,10 km,2.9,震度１,29.295,129.5633333
2025/10/28,17:11:59,静岡県西部,34°53.5′N,137°47.0′E,20 km,2.8,震度１,34.89166667,137.7833333
2025/10/28,19:05:02,青森県東方沖,41°35.2′N,141°57.4′E,60 km,3.9,震度２,41.58666667,141.9566667
2025/10/28,19:14:57,和歌山県北部,34°02.3′N,135°12.5′E,2 km,1.8,震度１,34.03833333,135.2083333
2025/10/29,5:19:26,上川地方南部,43°22.1′N,142°33.0′E,3 km,2.4,震度１,43.36833333,142.55
2025/10/29,7:50:33,福島県沖,37°10.1′N,141°13.7′E,59 km,3.6,震度１,37.16833333,141.2283333
2025/10/29,20:12:02,トカラ列島近海,29°35.7′N,129°39.7′E,9 km,2.2,震度１,29.595,129.6616667
2025/10/30,5:06:25,津軽海峡,41°42.8′N,140°44.7′E,12 km,2.8,震度２,41.71333333,140.745
2025/10/30,5:08:06,津軽海峡,41°43.0′N,140°44.7′E,12 km,2.1,震度１,41.71666667,140.745
2025/10/30,11:05:34,茨城県南部,35°53.1′N,140°04.1′E,77 km,3,震度１,35.885,140.0683333
2025/10/30,14:09:25,兵庫県南西部,34°54.5′N,134°42.6′E,13 km,2.7,震度１,34.90833333,134.71
2025/10/30,16:09:25,和歌山県北部,34°01.5′N,135°13.9′E,3 km,1.6,震度１,34.025,135.2316667
2025/10/30,16:41:35,和歌山県北部,34°01.5′N,135°14.0′E,3 km,1.9,震度１,34.025,135.2333333
2025/10/30,16:55:16,福島県沖,37°07.8′N,141°22.2′E,6 km,4.2,震度１,37.13,141.37
2025/10/30,17:00:52,福島県沖,37°07.7′N,141°22.2′E,5 km,4.7,震度２,37.12833333,141.37
2025/10/31,0:46:05,徳島県北部,34°05.2′N,134°26.2′E,6 km,3.2,震度１,34.08666667,134.4366667
2025/10/31,1:40:06,富山県東部,36°33.5′N,137°35.6′E,3 km,2.6,震度１,36.55833333,137.5933333
2025/10/31,10:07:07,胆振地方中東部,42°31.4′N,141°06.9′E,3 km,2.2,震度１,42.52333333,141.115
2025/10/31,11:26:13,沖縄本島近海,26°40.8′N,127°46.2′E,46 km,3.3,震度１,26.68,127.77
2025/11/1,11:17:52,大分県西部,33°06.6′N,131°11.0′E,8 km,2.9,震度１,33.11,131.1833333
2025/11/1,15:31:58,若狭湾,35°34.1′N,135°20.2′E,11 km,3,震度１,35.56833333,135.3366667
2025/11/1,23:44:06,岩手県沖,39°06.2′N,142°11.4′E,50 km,4.4,震度３,39.10333333,142.19
2025/11/2,7:30:05,和歌山県北部,34°04.6′N,135°19.5′E,9 km,4.2,震度３,34.07666667,135.325
2025/11/2,17:24:40,和歌山県北部,34°02.2′N,135°12.4′E,3 km,1.9,震度１,34.03666667,135.2066667
2025/11/2,18:43:39,土佐湾,33°25.6′N,133°56.9′E,29 km,2.7,震度１,33.42666667,133.9483333
2025/11/2,20:39:51,鹿児島県薩摩地方,31°49.2′N,130°43.0′E,0 km,1.2,震度１,31.82,130.7166667
2025/11/2,20:43:10,宮城県沖,37°57.2′N,141°44.7′E,56 km,3.8,震度１,37.95333333,141.745
2025/11/2,23:15:29,茨城県南部,36°02.2′N,139°56.1′E,44 km,3.6,震度２,36.03666667,139.935
2025/11/3,5:57:50,トカラ列島近海,29°19.0′N,129°37.2′E,8 km,3,震度２,29.31666667,129.62
2025/11/3,9:15:45,新島・神津島近海,34°20.8′N,139°15.7′E,8 km,2.1,震度１,34.34666667,139.2616667
2025/11/3,14:41:02,トカラ列島近海,29°38.1′N,129°44.2′E,5 km,2.8,震度２,29.635,129.7366667
2025/11/3,17:38:52,鹿児島県薩摩地方,31°49.1′N,130°43.2′E,0 km,2.3,震度２,31.81833333,130.72
2025/11/3,18:50:43,鹿児島県薩摩地方,31°49.3′N,130°43.5′E,0 km,2.6,震度３,31.82166667,130.725
2025/11/3,19:18:42,鹿児島県薩摩地方,31°49.5′N,130°43.5′E,0 km,3.3,震度４,31.825,130.725
2025/11/3,19:20:59,鹿児島県薩摩地方,31°49.2′N,130°43.4′E,0 km,2.5,震度３,31.82,130.7233333
2025/11/3,19:30:53,鹿児島県薩摩地方,31°49.5′N,130°44.0′E,0 km,2.1,震度２,31.825,130.7333333
2025/11/3,19:46:02,鹿児島県薩摩地方,31°49.3′N,130°44.3′E,0 km,3,震度３,31.82166667,130.7383333
2025/11/3,19:48:33,鹿児島県薩摩地方,31°49.4′N,130°44.1′E,8 km,2.1,震度２,31.82333333,130.735
2025/11/3,19:49:13,鹿児島県薩摩地方,31°48.5′N,130°43.8′E,10 km,1.3,震度１,31.80833333,130.73
2025/11/3,19:50:56,鹿児島県薩摩地方,31°49.2′N,130°44.3′E,0 km,2.9,震度３,31.82,130.7383333
2025/11/3,19:53:27,鹿児島県薩摩地方,31°49.3′N,130°44.6′E,8 km,1.8,震度１,31.82166667,130.7433333
2025/11/3,19:54:30,鹿児島県薩摩地方,31°48.8′N,130°42.6′E,0 km,2,震度２,31.81333333,130.71
2025/11/3,19:56:00,鹿児島県薩摩地方,31°49.3′N,130°44.8′E,0 km,2.9,震度３,31.82166667,130.7466667
2025/11/3,19:58:05,鹿児島県薩摩地方,31°49.5′N,130°44.5′E,0 km,1.3,震度１,31.825,130.7416667
2025/11/3,20:01:22,鹿児島県薩摩地方,31°49.3′N,130°45.0′E,0 km,1.3,震度１,31.82166667,130.75
2025/11/3,20:09:09,鹿児島県薩摩地方,31°49.4′N,130°44.6′E,0 km,1.5,震度１,31.82333333,130.7433333
2025/11/3,21:01:44,鹿児島県薩摩地方,31°48.9′N,130°42.8′E,0 km,2.1,震度２,31.815,130.7133333
2025/11/3,23:16:33,鹿児島県薩摩地方,31°54.4′N,130°43.9′E,0 km,1.1,震度１,31.90666667,130.7316667
2025/11/4,4:16:07,三陸沖,39°21.2′N,143°33.2′E,12 km,5.3,震度２,39.35333333,143.5533333
2025/11/4,5:40:10,和歌山県北部,34°04.5′N,135°19.7′E,9 km,2.4,震度１,34.075,135.3283333
2025/11/4,13:07:46,福島県沖,37°24.2′N,141°55.8′E,39 km,4.3,震度１,37.40333333,141.93
2025/11/4,14:00:10,茨城県南部,36°06.4′N,140°01.5′E,68 km,3.6,震度２,36.10666667,140.025
2025/11/5,7:17:31,千葉県南東沖,34°50.0′N,140°48.9′E,42 km,4.9,震度２,34.83333333,140.815
2025/11/5,17:55:00,父島近海,27°46.3′N,142°29.3′E,74 km,4.7,震度１,27.77166667,142.4883333
2025/11/5,20:00:47,トカラ列島近海,29°37.9′N,129°41.8′E,5 km,2.2,震度１,29.63166667,129.6966667
2025/11/6,0:18:50,トカラ列島近海,29°23.7′N,129°35.9′E,7 km,2.1,震度１,29.395,129.5983333
2025/11/6,0:37:36,トカラ列島近海,29°25.5′N,129°33.8′E,6 km,2.7,震度２,29.425,129.5633333
2025/11/6,2:01:18,トカラ列島近海,29°25.4′N,129°34.4′E,6 km,2.6,震度２,29.42333333,129.5733333
2025/11/6,3:55:56,トカラ列島近海,29°20.4′N,129°37.5′E,5 km,2.3,震度１,29.34,129.625
2025/11/6,7:54:25,トカラ列島近海,29°25.1′N,129°35.1′E,9 km,3.2,震度３,29.41833333,129.585
2025/11/6,8:51:05,トカラ列島近海,29°22.8′N,129°36.7′E,6 km,2.1,震度１,29.38,129.6116667
2025/11/6,20:16:30,トカラ列島近海,29°37.7′N,129°42.3′E,5 km,2.1,震度１,29.62833333,129.705
2025/11/6,23:05:45,静岡県西部,34°52.7′N,137°48.5′E,22 km,3.2,震度１,34.87833333,137.8083333
2025/11/6,23:29:50,十勝沖,41°57.8′N,144°35.6′E,15 km,4.6,震度２,41.96333333,144.5933333
2025/11/6,23:38:23,福島県沖,37°03.3′N,141°13.3′E,48 km,3.7,震度２,37.055,141.2216667
2025/11/7,1:23:23,日向灘,32°02.5′N,132°02.0′E,23 km,4.7,震度３,32.04166667,132.0333333
2025/11/7,4:25:54,日向灘,32°02.2′N,132°01.6′E,22 km,4.4,震度３,32.03666667,132.0266667
2025/11/7,12:07:57,愛知県西部,34°52.7′N,137°06.8′E,11 km,2.9,震度１,34.87833333,137.1133333
2025/11/7,17:26:50,群馬県南部,36°35.4′N,139°27.9′E,8 km,2.6,震度１,36.59,139.465
2025/11/7,21:41:14,愛知県西部,35°16.4′N,137°03.1′E,42 km,3.1,震度１,35.27333333,137.0516667
2025/11/8,8:52:58,岐阜県飛騨地方,35°40.1′N,137°08.0′E,10 km,2.3,震度１,35.66833333,137.1333333
2025/11/8,10:13:30,三陸沖,39°22.1′N,143°26.8′E,14 km,4.8,震度１,39.36833333,143.4466667
2025/11/8,11:36:10,三陸沖,39°21.6′N,143°27.1′E,14 km,4.7,震度２,39.36,143.4516667
2025/11/8,18:17:27,宮城県沖,38°17.7′N,141°52.4′E,63 km,3.9,震度２,38.295,141.8733333
2025/11/9,5:29:16,三陸沖,39°25.8′N,143°30.1′E,15 km,5.4,震度２,39.43,143.5016667
2025/11/9,6:04:19,三陸沖,39°22.1′N,143°25.2′E,13 km,5.5,震度３,39.36833333,143.42
2025/11/9,6:24:58,茨城県南部,36°20.9′N,140°04.6′E,71 km,4,震度２,36.34833333,140.0766667
2025/11/9,7:15:09,三陸沖,39°26.0′N,143°28.2′E,13 km,5.9,震度３,39.43333333,143.47
2025/11/9,7:27:01,三陸沖,39°23.4′N,143°27.1′E,14 km,5,震度１,39.39,143.4516667
2025/11/9,7:33:47,三陸沖,39°23.3′N,143°27.5′E,14 km,5.1,震度２,39.38833333,143.4583333
2025/11/9,7:34:37,三陸沖,39°24.4′N,143°27.2′E,9 km,4.5,震度１,39.40666667,143.4533333
2025/11/9,9:17:31,三陸沖,39°20.9′N,143°22.8′E,15 km,5.2,震度２,39.34833333,143.38
2025/11/9,13:16:40,浦河沖,41°57.5′N,142°20.2′E,71 km,4,震度２,41.95833333,142.3366667
2025/11/9,16:34:30,沖縄本島近海,27°26.1′N,128°49.8′E,35 km,3.7,震度２,27.435,128.83
2025/11/9,17:03:39,三陸沖,39°24.1′N,143°30.4′E,16 km,6.9,震度４,39.40166667,143.5066667
2025/11/9,17:06:34,三陸沖,39°37.0′N,143°27.9′E,11 km,4.6,震度２,39.61666667,143.465
2025/11/9,17:07:55,三陸沖,39°31.5′N,143°27.3′E,10 km,4.5,震度２,39.525,143.455
2025/11/9,17:11:26,三陸沖,39°33.9′N,143°23.2′E,7 km,5.1,震度２,39.565,143.3866667
2025/11/9,17:14:53,三陸沖,39°28.8′N,143°31.2′E,6 km,6.1,震度２,39.48,143.52
2025/11/9,17:17:25,三陸沖,39°35.9′N,143°30.7′E,9 km,4,震度１,39.59833333,143.5116667
2025/11/9,17:34:04,三陸沖,39°26.0′N,143°28.5′E,16 km,5.9,震度２,39.43333333,143.475
2025/11/9,17:35:19,三陸沖,39°28.1′N,143°24.1′E,7 km,4.5,震度１,39.46833333,143.4016667
2025/11/9,17:49:52,三陸沖,39°21.7′N,143°23.0′E,15 km,5.5,震度３,39.36166667,143.3833333
2025/11/9,17:50:30,三陸沖,39°25.1′N,143°26.6′E,9 km,,震度１,39.41833333,143.4433333
2025/11/9,17:54:38,三陸沖,39°27.1′N,143°24.0′E,14 km,6.6,震度３,39.45166667,143.4
2025/11/9,17:56:38,三陸沖,39°26.9′N,143°22.1′E,8 km,,震度２,39.44833333,143.3683333
2025/11/9,18:10:50,三陸沖,39°28.4′N,143°22.4′E,10 km,5.5,震度３,39.47333333,143.3733333
2025/11/9,18:16:59,三陸沖,39°27.9′N,143°20.7′E,11 km,5.1,震度２,39.465,143.345
2025/11/9,18:21:36,三陸沖,39°27.5′N,143°19.1′E,14 km,5,震度１,39.45833333,143.3183333
2025/11/9,18:24:04,三陸沖,39°24.1′N,143°15.2′E,13 km,4.1,震度１,39.40166667,143.2533333
2025/11/9,18:28:25,三陸沖,39°36.5′N,143°33.2′E,10 km,5.9,震度３,39.60833333,143.5533333
2025/11/9,18:35:48,三陸沖,39°23.8′N,143°17.7′E,15 km,4.4,震度１,39.39666667,143.295
2025/11/9,18:52:45,三陸沖,39°23.4′N,143°26.9′E,14 km,5.2,震度１,39.39,143.4483333
2025/11/9,20:11:26,三陸沖,39°16.7′N,143°36.3′E,12 km,4.9,震度１,39.27833333,143.605
2025/11/9,23:41:15,三陸沖,39°43.3′N,143°26.1′E,14 km,4.8,震度１,39.72166667,143.435
2025/11/10,0:30:20,トカラ列島近海,29°19.0′N,129°36.6′E,7 km,2.7,震度１,29.31666667,129.61
2025/11/10,0:44:23,三陸沖,39°29.3′N,143°21.1′E,15 km,4.9,震度２,39.48833333,143.3516667
2025/11/10,0:46:48,三陸沖,39°29.5′N,143°19.2′E,13 km,5,震度２,39.49166667,143.32
2025/11/10,7:41:30,三陸沖,39°28.1′N,143°24.6′E,14 km,4.8,震度１,39.46833333,143.41
2025/11/10,9:40:07,三陸沖,39°27.0′N,143°19.8′E,14 km,4.6,震度１,39.45,143.33
2025/11/10,10:20:53,三陸沖,39°12.8′N,143°34.8′E,12 km,5.5,震度２,39.21333333,143.58
2025/11/10,12:00:21,三陸沖,39°08.5′N,143°01.4′E,20 km,5.5,震度３,39.14166667,143.0233333
2025/11/10,16:22:16,三陸沖,39°33.3′N,143°34.3′E,12 km,5.3,震度２,39.555,143.5716667
2025/11/10,16:23:19,三陸沖,39°33.5′N,143°33.3′E,8 km,6.4,震度３,39.55833333,143.555
2025/11/10,18:59:01,三陸沖,39°34.3′N,143°15.8′E,13 km,5.2,震度２,39.57166667,143.2633333
2025/11/10,19:36:00,奄美大島近海,28°05.7′N,129°14.0′E,15 km,2.7,震度１,28.095,129.2333333
2025/11/11,6:17:24,広島県南西部,34°26.6′N,132°39.7′E,32 km,2.9,震度１,34.44333333,132.6616667
2025/11/12,3:03:17,沖縄本島近海,27°27.2′N,128°35.6′E,41 km,3.5,震度１,27.45333333,128.5933333
2025/11/12,5:51:36,千葉県東方沖,35°45.1′N,140°53.4′E,11 km,3.3,震度１,35.75166667,140.89
2025/11/12,6:13:24,千葉県東方沖,35°44.4′N,140°53.6′E,11 km,3.2,震度１,35.74,140.8933333
2025/11/12,6:13:47,千葉県東方沖,35°44.0′N,140°53.6′E,11 km,3.1,震度１,35.73333333,140.8933333
2025/11/12,6:15:48,千葉県東方沖,35°44.4′N,140°53.8′E,12 km,3.6,震度１,35.74,140.8966667
2025/11/12,6:50:48,茨城県北部,36°27.8′N,140°36.0′E,56 km,3.8,震度２,36.46333333,140.6
2025/11/12,8:59:34,福島県沖,37°20.3′N,141°13.6′E,55 km,3.4,震度２,37.33833333,141.2266667
2025/11/12,9:29:21,三陸沖,39°45.5′N,143°21.0′E,15 km,5.4,震度２,39.75833333,143.35
2025/11/12,15:50:37,愛知県西部,35°13.8′N,137°09.2′E,45 km,3.4,震度２,35.23,137.1533333
2025/11/12,19:49:26,日向灘,31°41.5′N,131°44.1′E,36 km,3.7,震度１,31.69166667,131.735
2025/11/12,21:27:03,島根県東部,35°10.5′N,133°07.8′E,8 km,2.4,震度１,35.175,133.13
2025/11/12,23:56:20,空知地方南部,43°20.0′N,141°38.8′E,12 km,2.3,震度１,43.33333333,141.6466667
2025/11/13,2:55:25,福島県沖,37°11.7′N,141°34.7′E,45 km,3.8,震度１,37.195,141.5783333
2025/11/13,9:54:36,茨城県沖,36°11.4′N,141°40.1′E,25 km,4.9,震度１,36.19,141.6683333
2025/11/13,10:38:47,釧路沖,42°55.3′N,145°28.1′E,42 km,3.9,震度２,42.92166667,145.4683333
2025/11/13,11:33:49,岩手県沖,39°48.5′N,142°20.9′E,14 km,3.7,震度１,39.80833333,142.3483333
2025/11/13,17:47:01,岐阜県飛騨地方,36°02.9′N,137°36.0′E,5 km,2.9,震度２,36.04833333,137.6
2025/11/13,23:01:32,宮城県沖,38°19.3′N,141°36.9′E,55 km,3.5,震度１,38.32166667,141.615
2025/11/14,4:58:03,三陸沖,39°17.3′N,143°32.2′E,13 km,5.4,震度２,39.28833333,143.5366667
2025/11/14,5:32:17,鹿児島県薩摩地方,32°08.4′N,130°22.8′E,7 km,2.2,震度１,32.14,130.38
2025/11/14,6:36:21,東京湾,35°37.3′N,139°55.6′E,101 km,3.6,震度１,35.62166667,139.9266667
2025/11/14,8:05:22,岩手県内陸北部,39°36.8′N,141°21.5′E,85 km,3.7,震度２,39.61333333,141.3583333
2025/11/14,11:26:19,石川県西方沖,37°06.0′N,136°25.6′E,9 km,4,震度１,37.1,136.4266667
2025/11/14,23:10:15,石川県能登地方,37°11.1′N,136°53.3′E,10 km,2.2,震度１,37.185,136.8883333
2025/11/15,0:01:51,福島県沖,37°01.7′N,141°56.5′E,49 km,4.3,震度１,37.02833333,141.9416667
2025/11/15,1:10:26,熊本県熊本地方,32°29.7′N,130°35.7′E,8 km,3.1,震度１,32.495,130.595
2025/11/15,2:34:54,福島県沖,37°19.5′N,141°54.1′E,37 km,4.2,震度１,37.325,141.9016667
2025/11/15,7:32:51,青森県東方沖,40°32.1′N,142°20.5′E,83 km,3.6,震度１,40.535,142.3416667
2025/11/15,13:14:53,熊本県熊本地方,32°42.7′N,130°41.0′E,13 km,2.3,震度２,32.71166667,130.6833333
2025/11/15,16:57:04,宮城県沖,38°38.5′N,141°54.3′E,47 km,3.5,震度１,38.64166667,141.905
2025/11/15,22:03:15,佐渡付近,37°43.6′N,137°37.0′E,22 km,4.2,震度２,37.72666667,137.6166667
2025/11/16,4:44:37,岐阜県飛騨地方,36°14.5′N,137°34.8′E,3 km,2.6,震度２,36.24166667,137.58
2025/11/16,5:16:19,トカラ列島近海,29°27.1′N,129°31.8′E,1 km,2,震度１,29.45166667,129.53
2025/11/16,7:26:32,岩手県沖,40°04.0′N,142°42.0′E,31 km,4.1,震度１,40.06666667,142.7
2025/11/16,8:54:36,茨城県沖,36°25.1′N,140°42.2′E,52 km,3.6,震度２,36.41833333,140.7033333
2025/11/16,11:24:49,宮城県沖,38°49.0′N,141°59.9′E,47 km,3.3,震度１,38.81666667,141.9983333
2025/11/16,16:03:23,千葉県東方沖,35°23.4′N,140°25.7′E,60 km,3.7,震度２,35.39,140.4283333
2025/11/17,0:14:34,岐阜県飛騨地方,36°14.3′N,137°35.2′E,3 km,2,震度１,36.23833333,137.5866667
2025/11/18,0:05:58,沖縄本島近海,26°47.1′N,128°25.1′E,31 km,2.9,震度１,26.785,128.4183333
2025/11/18,4:06:34,三陸沖,39°44.4′N,143°13.9′E,11 km,5.7,震度３,39.74,143.2316667
2025/11/18,5:27:35,新島・神津島近海,34°27.3′N,139°11.8′E,13 km,3.2,震度２,34.455,139.1966667
2025/11/18,5:52:11,新島・神津島近海,34°27.6′N,139°12.0′E,13 km,2.8,震度１,34.46,139.2
2025/11/18,6:01:45,トカラ列島近海,29°17.9′N,129°27.7′E,10 km,2.7,震度１,29.29833333,129.4616667
2025/11/18,6:24:31,宮城県北部,38°37.0′N,141°26.7′E,74 km,3.5,震度１,38.61666667,141.445
2025/11/18,6:46:51,新島・神津島近海,34°27.4′N,139°11.8′E,14 km,2.6,震度１,34.45666667,139.1966667
2025/11/18,8:46:15,浦河沖,41°54.9′N,142°30.3′E,54 km,3.6,震度１,41.915,142.505
2025/11/18,11:05:49,岩手県沖,39°13.8′N,142°28.7′E,27 km,4.3,震度１,39.23,142.4783333
2025/11/18,12:03:37,宮城県沖,38°32.2′N,141°43.8′E,53 km,3.6,震度１,38.53666667,141.73
2025/11/18,12:22:52,茨城県沖,36°26.2′N,140°39.5′E,53 km,3.5,震度２,36.43666667,140.6583333
2025/11/18,17:21:21,青森県東方沖,40°56.0′N,142°37.3′E,45 km,4.8,震度３,40.93333333,142.6216667
2025/11/19,0:56:17,和歌山県北部,34°12.4′N,135°09.7′E,6 km,2.3,震度１,34.20666667,135.1616667
2025/11/19,11:23:20,三陸沖,39°06.5′N,143°33.1′E,17 km,4.8,震度１,39.10833333,143.5516667
2025/11/19,14:54:09,トカラ列島近海,29°14.8′N,129°23.5′E,9 km,2.5,震度１,29.24666667,129.3916667
2025/11/19,21:04:35,上川地方北部,44°49.0′N,142°09.7′E,0 km,2.6,震度２,44.81666667,142.1616667
2025/11/20,3:50:39,和歌山県北部,34°01.9′N,135°16.1′E,6 km,1.9,震度１,34.03166667,135.2683333
2025/11/20,5:33:01,奄美大島近海,28°02.1′N,128°55.5′E,57 km,3.9,震度２,28.035,128.925
2025/11/20,10:35:17,島根県東部,35°07.6′N,133°08.4′E,6 km,2.5,震度１,35.12666667,133.14
2025/11/20,23:57:32,石狩地方南部,42°59.4′N,141°30.7′E,12 km,1.7,震度１,42.99,141.5116667
2025/11/21,3:51:51,岐阜県飛騨地方,36°05.1′N,137°32.6′E,4 km,2.8,震度２,36.085,137.5433333
2025/11/21,6:09:48,トカラ列島近海,29°54.9′N,129°59.5′E,10 km,2.7,震度２,29.915,129.9916667
2025/11/21,8:36:08,宮古島北西沖,25°38.3′N,124°45.2′E,121 km,5,震度２,25.63833333,124.7533333
2025/11/21,8:46:33,上川地方北部,44°17.5′N,142°09.7′E,7 km,1.7,震度２,44.29166667,142.1616667
2025/11/21,12:17:10,国後島付近,43°58.2′N,146°55.1′E,79 km,4.2,震度１,43.97,146.9183333
2025/11/21,12:24:09,東京湾,35°36.9′N,139°53.0′E,32 km,3.2,震度２,35.615,139.8833333
2025/11/21,21:22:05,三陸沖,39°37.1′N,143°33.5′E,12 km,5.7,震度２,39.61833333,143.5583333
2025/11/22,19:11:32,千葉県北西部,35°40.4′N,140°10.6′E,49 km,3,震度１,35.67333333,140.1766667
2025/11/23,9:03:33,網走地方,43°28.7′N,144°02.9′E,0 km,2.8,震度２,43.47833333,144.0483333
2025/11/23,10:24:25,熊本県天草・芦北地方,32°29.1′N,130°32.1′E,8 km,2.9,震度１,32.485,130.535
2025/11/23,12:37:45,岩手県沖,39°26.9′N,142°35.0′E,30 km,4.2,震度１,39.44833333,142.5833333
2025/11/23,13:54:16,トカラ列島近海,29°19.7′N,129°28.3′E,9 km,2.4,震度１,29.32833333,129.4716667
2025/11/23,14:25:48,和歌山県北部,34°05.8′N,135°08.4′E,6 km,1.8,震度１,34.09666667,135.14
2025/11/23,19:09:26,福島県中通り,37°17.3′N,140°36.3′E,7 km,3.2,震度２,37.28833333,140.605
2025/11/24,1:16:01,根室半島南東沖,42°43.2′N,145°59.0′E,3 km,4,震度１,42.72,145.9833333
2025/11/24,15:54:22,苫小牧沖,42°35.6′N,141°48.1′E,9 km,2.2,震度１,42.59333333,141.8016667
2025/11/24,19:09:52,宮城県沖,38°53.3′N,141°58.1′E,49 km,3.7,震度１,38.88833333,141.9683333
2025/11/25,10:44:23,沖縄本島近海,26°11.5′N,127°00.1′E,57 km,3.4,震度１,26.19166667,127.0016667
2025/11/25,11:08:16,岩手県沖,39°56.2′N,142°05.7′E,14 km,3.4,震度２,39.93666667,142.095
2025/11/25,12:17:59,宮城県沖,38°37.4′N,141°53.8′E,47 km,3.7,震度１,38.62333333,141.8966667
2025/11/25,18:01:16,熊本県阿蘇地方,32°59.8′N,131°06.4′E,9 km,5.8,震度５強,32.99666667,131.1066667
2025/11/25,18:04:39,熊本県阿蘇地方,32°59.4′N,131°06.5′E,5 km,3.2,震度２,32.99,131.1083333
2025/11/25,18:05:28,熊本県阿蘇地方,32°59.8′N,131°06.7′E,8 km,2.7,震度１,32.99666667,131.1116667
2025/11/25,18:07:23,熊本県阿蘇地方,32°59.2′N,131°07.1′E,7 km,2.9,震度１,32.98666667,131.1183333
2025/11/25,18:10:27,熊本県阿蘇地方,33°00.0′N,131°06.1′E,8 km,3.4,震度２,33,131.1016667
2025/11/25,18:11:59,熊本県阿蘇地方,32°59.6′N,131°06.8′E,7 km,2.4,震度１,32.99333333,131.1133333
2025/11/25,18:15:32,熊本県阿蘇地方,32°59.7′N,131°06.1′E,7 km,3.1,震度２,32.995,131.1016667
2025/11/25,18:17:46,熊本県阿蘇地方,33°00.0′N,131°06.7′E,9 km,2.4,震度１,33,131.1116667
2025/11/25,18:26:43,熊本県阿蘇地方,32°58.9′N,131°07.1′E,6 km,2.4,震度１,32.98166667,131.1183333
2025/11/25,18:27:40,熊本県阿蘇地方,32°59.9′N,131°06.8′E,9 km,2.3,震度１,32.99833333,131.1133333
2025/11/25,18:31:50,熊本県阿蘇地方,32°59.7′N,131°06.3′E,7 km,3.4,震度２,32.995,131.105
2025/11/25,18:50:10,熊本県阿蘇地方,32°58.9′N,131°07.6′E,7 km,2.9,震度２,32.98166667,131.1266667
2025/11/25,18:56:22,熊本県阿蘇地方,32°59.8′N,131°06.0′E,7 km,2.4,震度１,32.99666667,131.1
2025/11/25,19:01:10,熊本県阿蘇地方,32°59.8′N,131°06.2′E,7 km,2.2,震度１,32.99666667,131.1033333
2025/11/25,19:26:22,熊本県阿蘇地方,32°59.5′N,131°07.6′E,8 km,2.5,震度１,32.99166667,131.1266667
2025/11/25,19:27:06,熊本県阿蘇地方,32°59.6′N,131°05.8′E,7 km,2.6,震度２,32.99333333,131.0966667
2025/11/25,20:18:48,熊本県阿蘇地方,32°59.8′N,131°07.0′E,9 km,2.5,震度１,32.99666667,131.1166667
2025/11/25,20:44:42,熊本県阿蘇地方,32°59.5′N,131°07.6′E,8 km,3.8,震度３,32.99166667,131.1266667
2025/11/25,20:59:34,熊本県阿蘇地方,32°59.8′N,131°06.9′E,8 km,2.7,震度１,32.99666667,131.115
2025/11/25,21:31:29,熊本県阿蘇地方,32°59.8′N,131°07.1′E,9 km,3,震度２,32.99666667,131.1183333
2025/11/25,21:59:10,熊本県阿蘇地方,32°59.1′N,131°06.6′E,9 km,4.3,震度４,32.985,131.11
2025/11/25,22:01:00,熊本県阿蘇地方,32°59.1′N,131°06.5′E,9 km,2.7,震度１,32.985,131.1083333
2025/11/25,22:10:02,熊本県阿蘇地方,32°59.0′N,131°06.6′E,9 km,2.7,震度１,32.98333333,131.11
2025/11/25,22:17:52,熊本県阿蘇地方,32°58.9′N,131°07.1′E,9 km,3.3,震度２,32.98166667,131.1183333
2025/11/25,22:31:25,熊本県阿蘇地方,32°59.2′N,131°06.5′E,9 km,3.6,震度２,32.98666667,131.1083333
2025/11/25,22:39:21,熊本県阿蘇地方,32°59.2′N,131°06.7′E,9 km,2.3,震度１,32.98666667,131.1116667
2025/11/25,23:23:23,熊本県阿蘇地方,32°59.3′N,131°06.3′E,9 km,3.3,震度２,32.98833333,131.105
2025/11/25,23:41:47,熊本県阿蘇地方,32°59.2′N,131°06.5′E,9 km,2.9,震度２,32.98666667,131.1083333
2025/11/25,23:48:23,熊本県阿蘇地方,32°58.9′N,131°07.2′E,9 km,3.6,震度３,32.98166667,131.12
2025/11/26,0:25:52,熊本県阿蘇地方,32°59.2′N,131°06.7′E,10 km,2.9,震度１,32.98666667,131.1116667
2025/11/26,0:47:44,熊本県阿蘇地方,32°59.1′N,131°06.6′E,10 km,2.5,震度１,32.985,131.11
2025/11/26,1:01:11,熊本県阿蘇地方,32°59.8′N,131°07.1′E,9 km,2.9,震度２,32.99666667,131.1183333
2025/11/26,1:58:48,熊本県阿蘇地方,32°59.8′N,131°07.1′E,9 km,2.5,震度１,32.99666667,131.1183333
2025/11/26,5:56:27,大隅半島東方沖,31°23.6′N,131°40.5′E,37 km,3.9,震度１,31.39333333,131.675
2025/11/26,9:04:19,鹿児島県薩摩地方,31°43.3′N,130°46.1′E,8 km,2,震度１,31.72166667,130.7683333
2025/11/26,12:25:02,熊本県阿蘇地方,32°58.7′N,131°07.0′E,5 km,2.8,震度１,32.97833333,131.1166667
2025/11/26,13:41:29,熊本県阿蘇地方,32°59.1′N,131°06.8′E,6 km,2.2,震度１,32.985,131.1133333
2025/11/26,15:17:42,福島県会津,36°58.7′N,139°22.7′E,5 km,1.9,震度１,36.97833333,139.3783333
2025/11/26,15:39:24,熊本県阿蘇地方,32°58.9′N,131°07.3′E,6 km,2.3,震度１,32.98166667,131.1216667
2025/11/26,20:19:19,熊本県阿蘇地方,32°59.1′N,131°06.2′E,5 km,2.5,震度１,32.985,131.1033333
2025/11/26,20:24:27,熊本県阿蘇地方,32°59.1′N,131°06.3′E,5 km,2.7,震度１,32.985,131.105
2025/11/26,20:55:32,東シナ海,27°08.9′N,125°12.8′E,235 km,4.6,震度１,27.14833333,125.2133333
2025/11/26,21:42:06,熊本県阿蘇地方,32°58.9′N,131°07.5′E,7 km,2.3,震度１,32.98166667,131.125
2025/11/26,21:59:32,熊本県阿蘇地方,32°58.9′N,131°06.8′E,7 km,2.4,震度１,32.98166667,131.1133333
2025/11/26,22:12:06,熊本県阿蘇地方,32°59.1′N,131°06.1′E,5 km,2.5,震度１,32.985,131.1016667
2025/11/27,1:43:57,釧路沖,42°27.6′N,144°19.4′E,74 km,4.6,震度２,42.46,144.3233333
2025/11/27,7:38:33,熊本県阿蘇地方,32°59.5′N,131°06.1′E,9 km,3,震度１,32.99166667,131.1016667
2025/11/27,9:21:04,熊本県阿蘇地方,32°59.2′N,131°06.8′E,9 km,2.5,震度１,32.98666667,131.1133333
2025/11/27,14:15:22,熊本県阿蘇地方,32°59.2′N,131°06.5′E,5 km,2.8,震度１,32.98666667,131.1083333
2025/11/27,19:57:12,熊本県阿蘇地方,32°57.2′N,131°05.4′E,5 km,2,震度１,32.95333333,131.09
2025/11/27,22:01:13,熊本県阿蘇地方,32°59.4′N,131°06.3′E,6 km,3,震度２,32.99,131.105
2025/11/27,22:07:30,熊本県阿蘇地方,32°58.9′N,131°07.5′E,7 km,2.8,震度２,32.98166667,131.125
2025/11/28,15:27:24,上川地方北部,44°17.0′N,142°09.9′E,6 km,1.6,震度１,44.28333333,142.165
2025/11/28,17:14:50,奄美大島近海,28°21.3′N,129°32.5′E,34 km,3.1,震度１,28.355,129.5416667
2025/11/28,22:14:20,根室半島南東沖,43°13.5′N,146°28.2′E,55 km,3.7,震度１,43.225,146.47
2025/11/29,0:14:56,茨城県沖,36°21.9′N,140°59.0′E,42 km,3.4,震度１,36.365,140.9833333
2025/11/29,1:57:05,宮崎県南部山沿い,32°02.3′N,130°57.2′E,8 km,2.6,震度１,32.03833333,130.9533333
2025/11/29,21:23:09,福島県中通り,37°31.1′N,140°29.9′E,93 km,3.3,震度２,37.51833333,140.4983333
2025/11/30,7:00:32,山梨県東部・富士五湖,35°32.3′N,138°59.1′E,20 km,2.7,震度１,35.53833333,138.985
2025/11/30,8:03:38,青森県東方沖,40°36.4′N,141°58.1′E,61 km,3.5,震度１,40.60666667,141.9683333
2025/11/30,20:25:32,長野県南部,35°58.4′N,137°35.8′E,5 km,3,震度１,35.97333333,137.5966667
2025/11/30,23:55:24,愛知県西部,34°59.8′N,137°18.5′E,39 km,3.8,震度２,34.99666667,137.3083333
2025/12/1,2:25:51,宮城県沖,38°12.7′N,141°47.7′E,59 km,4.7,震度３,38.21166667,141.795
2025/12/1,3:40:25,熊本県阿蘇地方,32°59.6′N,131°07.6′E,9 km,2.5,震度１,32.99333333,131.1266667
2025/12/1,8:44:36,福島県沖,37°19.6′N,141°34.9′E,38 km,4.1,震度２,37.32666667,141.5816667
2025/12/1,9:48:02,浦河沖,42°06.7′N,142°33.1′E,46 km,4.5,震度３,42.11166667,142.5516667
2025/12/1,19:42:17,トカラ列島近海,29°27.0′N,129°32.0′E,7 km,2,震度１,29.45,129.5333333
2025/12/1,23:35:35,熊本県阿蘇地方,32°59.6′N,131°06.3′E,7 km,2.2,震度１,32.99333333,131.105
2025/12/2,19:03:04,釧路沖,42°56.3′N,145°27.5′E,45 km,5.2,震度４,42.93833333,145.4583333
2025/12/2,20:07:16,新島・神津島近海,34°31.9′N,139°26.4′E,15 km,4.2,震度２,34.53166667,139.44
2025/12/2,23:02:56,石川県能登地方,37°28.0′N,137°06.7′E,9 km,2.8,震度１,37.46666667,137.1116667
2025/12/2,23:44:54,静岡県東部,35°20.0′N,138°43.8′E,10 km,2.5,震度３,35.33333333,138.73
2025/12/3,4:53:38,トカラ列島近海,29°23.7′N,129°33.4′E,9 km,2.4,震度１,29.395,129.5566667
2025/12/3,5:03:13,熊本県阿蘇地方,32°58.9′N,131°07.0′E,6 km,2.2,震度１,32.98166667,131.1166667
2025/12/3,9:39:24,神奈川県西部,35°28.3′N,139°16.8′E,109 km,3.4,震度２,35.47166667,139.28
2025/12/3,15:20:23,十勝沖,42°21.3′N,143°58.8′E,67 km,3.9,震度２,42.355,143.98
2025/12/3,22:17:21,宮城県沖,38°26.3′N,141°40.8′E,53 km,3.3,震度１,38.43833333,141.68
2025/12/3,22:19:10,能登半島沖,37°31.0′N,137°13.1′E,13 km,3,震度１,37.51666667,137.2183333
2025/12/3,23:41:01,宮城県沖,38°18.6′N,141°53.5′E,46 km,3.9,震度１,38.31,141.8916667
2025/12/4,8:37:47,福島県浜通り,37°05.5′N,140°49.8′E,9 km,3.6,震度２,37.09166667,140.83
2025/12/4,18:03:51,十勝地方中部,42°45.1′N,143°13.1′E,56 km,3.6,震度２,42.75166667,143.2183333
2025/12/4,21:11:34,日向灘,32°02.9′N,131°58.3′E,24 km,3.6,震度１,32.04833333,131.9716667
2025/12/4,22:58:59,高知県中部,33°47.4′N,134°03.8′E,33 km,2.9,震度１,33.79,134.0633333
2025/12/5,8:17:06,長野県北部,36°44.7′N,138°09.5′E,0 km,2.5,震度１,36.745,138.1583333
2025/12/5,9:00:31,新潟県中越地方,37°09.2′N,138°35.1′E,14 km,1.8,震度１,37.15333333,138.585
2025/12/5,10:22:20,熊本県阿蘇地方,32°58.5′N,131°07.0′E,6 km,2.5,震度１,32.975,131.1166667
2025/12/5,11:04:53,長野県北部,36°44.9′N,138°09.4′E,0 km,2.7,震度１,36.74833333,138.1566667
2025/12/5,12:11:24,熊本県阿蘇地方,32°58.5′N,131°06.8′E,4 km,3.3,震度３,32.975,131.1133333
2025/12/5,15:09:48,長野県北部,36°44.5′N,138°09.7′E,3 km,2.3,震度１,36.74166667,138.1616667
2025/12/5,19:00:55,トカラ列島近海,29°22.7′N,129°33.5′E,10 km,2.5,震度１,29.37833333,129.5583333
2025/12/5,19:19:15,トカラ列島近海,29°22.9′N,129°32.7′E,10 km,2.2,震度１,29.38166667,129.545
2025/12/6,0:01:12,西表島付近,24°22.2′N,123°45.3′E,11 km,2.6,震度１,24.37,123.755
2025/12/6,12:26:10,トカラ列島近海,29°18.9′N,129°31.2′E,9 km,2.9,震度１,29.315,129.52
2025/12/6,17:14:59,大隅半島東方沖,31°08.0′N,131°29.6′E,38 km,3.4,震度１,31.13333333,131.4933333
2025/12/6,20:52:04,紀伊水道,33°54.0′N,135°03.7′E,13 km,3,震度１,33.9,135.0616667
2025/12/7,1:52:34,岐阜県美濃中西部,35°33.2′N,136°25.2′E,12 km,2.6,震度１,35.55333333,136.42
2025/12/7,5:29:58,高知県中部,33°38.3′N,133°35.3′E,7 km,2.6,震度１,33.63833333,133.5883333
2025/12/7,9:16:45,三陸沖,39°27.7′N,143°25.9′E,15 km,4.8,震度２,39.46166667,143.4316667
2025/12/7,9:31:40,日向灘,31°40.7′N,132°08.9′E,43 km,4.2,震度１,31.67833333,132.1483333
2025/12/7,18:33:00,青森県東方沖,41°34.5′N,142°05.3′E,54 km,3.3,震度１,41.575,142.0883333
2025/12/7,21:01:38,青森県下北地方,41°13.0′N,141°17.2′E,8 km,2.6,震度１,41.21666667,141.2866667
2025/12/8,4:55:25,トカラ列島近海,29°24.4′N,129°31.1′E,11 km,2.6,震度１,29.40666667,129.5183333
2025/12/8,7:45:01,茨城県南部,36°06.8′N,139°45.0′E,60 km,2.9,震度１,36.11333333,139.75
2025/12/8,21:30:14,トカラ列島近海,29°21.6′N,129°10.8′E,15 km,2.9,震度１,29.36,129.18
2025/12/8,23:15:10,青森県東方沖,40°58.0′N,142°17.2′E,54 km,7.5,震度６強,40.96666667,142.2866667
2025/12/8,23:33:39,青森県東方沖,40°53.0′N,142°35.2′E,42 km,5.9,震度３,40.88333333,142.5866667
2025/12/8,23:40:42,青森県東方沖,40°55.0′N,143°09.7′E,17 km,3.6,震度１,40.91666667,143.1616667
2025/12/8,23:51:20,宮古島近海,25°00.3′N,125°36.0′E,54 km,3.5,震度１,25.005,125.6
2025/12/9,0:09:56,青森県東方沖,40°59.5′N,142°41.9′E,37 km,3.9,震度１,40.99166667,142.6983333
2025/12/9,0:57:56,青森県東方沖,40°53.3′N,143°08.3′E,20 km,4.9,震度２,40.88833333,143.1383333
2025/12/9,1:08:11,青森県東方沖,40°58.8′N,142°06.7′E,56 km,3.7,震度１,40.98,142.1116667
2025/12/9,2:12:44,青森県東方沖,41°03.8′N,142°56.2′E,26 km,4.1,震度１,41.06333333,142.9366667
2025/12/9,2:16:15,釧路沖,42°55.6′N,145°26.9′E,44 km,4.1,震度２,42.92666667,145.4483333
2025/12/9,2:58:27,青森県東方沖,40°59.3′N,143°09.1′E,21 km,4.4,震度１,40.98833333,143.1516667
2025/12/9,3:56:30,青森県東方沖,40°57.0′N,143°07.6′E,19 km,6.1,震度３,40.95,143.1266667
2025/12/9,4:01:11,青森県東方沖,40°56.4′N,143°11.7′E,18 km,4.8,震度２,40.94,143.195
2025/12/9,6:31:26,岩手県沖,39°09.0′N,142°20.7′E,46 km,3.7,震度１,39.15,142.345
2025/12/9,6:52:43,青森県東方沖,40°56.6′N,143°18.0′E,15 km,6.6,震度４,40.94333333,143.3
2025/12/9,7:07:16,青森県東方沖,41°00.0′N,143°13.2′E,19 km,4.7,震度２,41,143.22
2025/12/9,8:59:06,青森県東方沖,40°48.8′N,142°55.4′E,26 km,5.4,震度２,40.81333333,142.9233333
2025/12/9,9:18:27,青森県東方沖,41°09.3′N,142°15.3′E,52 km,4.4,震度２,41.155,142.255
2025/12/9,13:47:26,青森県東方沖,41°09.3′N,142°36.6′E,40 km,3.9,震度１,41.155,142.61
2025/12/9,14:15:48,青森県東方沖,41°12.9′N,143°04.4′E,24 km,4.4,震度１,41.215,143.0733333
2025/12/9,14:48:25,青森県東方沖,40°50.9′N,143°00.2′E,21 km,3.7,震度１,40.84833333,143.0033333
2025/12/9,18:09:46,青森県東方沖,41°16.0′N,142°25.1′E,47 km,5.3,震度３,41.26666667,142.4183333
2025/12/9,18:20:02,青森県東方沖,41°12.5′N,143°02.9′E,28 km,4.4,震度１,41.20833333,143.0483333
2025/12/9,19:18:17,千葉県東方沖,35°44.6′N,140°53.7′E,12 km,3.1,震度１,35.74333333,140.895
2025/12/9,22:58:00,茨城県南部,36°08.9′N,140°02.2′E,49 km,2.9,震度１,36.14833333,140.0366667
2025/12/9,23:09:40,新島・神津島近海,34°11.6′N,139°17.7′E,12 km,2.6,震度１,34.19333333,139.295
2025/12/10,7:14:39,青森県東方沖,41°10.5′N,142°33.4′E,44 km,3.8,震度１,41.175,142.5566667
2025/12/10,7:20:03,青森県東方沖,40°51.1′N,143°00.1′E,17 km,4.4,震度１,40.85166667,143.0016667
2025/12/10,8:04:36,青森県東方沖,41°16.1′N,142°23.8′E,48 km,4.3,震度２,41.26833333,142.3966667
2025/12/10,12:15:12,三宅島近海,33°38.7′N,139°31.5′E,22 km,3.8,震度１,33.645,139.525
2025/12/10,15:23:48,青森県東方沖,41°01.9′N,142°42.9′E,36 km,4.3,震度１,41.03166667,142.715
2025/12/10,17:45:12,三重県中部,34°39.9′N,136°33.5′E,16 km,2.8,震度１,34.665,136.5583333
2025/12/10,23:01:30,青森県東方沖,41°15.1′N,142°23.5′E,48 km,4.2,震度１,41.25166667,142.3916667
2025/12/10,23:52:24,青森県東方沖,40°50.1′N,142°45.3′E,36 km,6,震度４,40.835,142.755
2025/12/11,0:36:03,青森県東方沖,40°32.1′N,141°42.8′E,21 km,2.7,震度１,40.535,141.7133333
2025/12/11,3:26:24,新島・神津島近海,34°11.6′N,139°17.5′E,13 km,3,震度１,34.19333333,139.2916667
2025/12/11,3:46:13,新島・神津島近海,34°11.9′N,139°17.2′E,13 km,2.8,震度１,34.19833333,139.2866667
2025/12/11,3:55:26,新島・神津島近海,34°11.8′N,139°17.5′E,13 km,3.8,震度２,34.19666667,139.2916667
2025/12/11,4:00:19,新島・神津島近海,34°12.0′N,139°17.6′E,12 km,3.4,震度２,34.2,139.2933333
2025/12/11,12:42:57,千葉県東方沖,35°47.1′N,140°58.3′E,18 km,4,震度２,35.785,140.9716667
2025/12/11,19:12:14,浦河沖,41°52.2′N,142°47.1′E,61 km,4,震度２,41.87,142.785
2025/12/12,3:11:06,青森県東方沖,41°14.8′N,142°49.1′E,29 km,4.5,震度２,41.24666667,142.8183333
2025/12/12,3:59:41,石狩地方北部,43°22.2′N,141°33.8′E,7 km,2.9,震度２,43.37,141.5633333
2025/12/12,7:09:20,青森県東方沖,40°59.9′N,143°10.0′E,16 km,5,震度２,40.99833333,143.1666667
2025/12/12,7:10:37,石狩地方北部,43°22.5′N,141°33.2′E,7 km,3.5,震度２,43.375,141.5533333
2025/12/12,7:27:28,千葉県東方沖,35°44.2′N,140°53.7′E,12 km,2.9,震度１,35.73666667,140.895
2025/12/12,11:44:13,青森県東方沖,40°54.0′N,142°57.9′E,17 km,6.9,震度４,40.9,142.965
2025/12/12,12:06:34,青森県東方沖,40°55.5′N,142°59.6′E,17 km,4.4,震度１,40.925,142.9933333
2025/12/12,12:21:39,青森県東方沖,40°59.3′N,143°00.1′E,17 km,5.7,震度３,40.98833333,143.0016667
2025/12/12,12:26:11,青森県東方沖,40°59.5′N,142°59.9′E,18 km,4.4,震度１,40.99166667,142.9983333
2025/12/12,13:58:23,青森県東方沖,40°58.2′N,142°57.5′E,19 km,4.4,震度１,40.97,142.9583333
2025/12/12,15:40:02,石川県西方沖,37°02.9′N,136°37.6′E,8 km,3,震度１,37.04833333,136.6266667
2025/12/12,16:05:09,青森県東方沖,40°59.7′N,143°03.3′E,17 km,4.2,震度１,40.995,143.055
2025/12/12,16:55:42,青森県東方沖,41°10.6′N,142°32.2′E,45 km,4.1,震度１,41.17666667,142.5366667
2025/12/12,19:05:20,茨城県南部,36°11.6′N,140°03.5′E,52 km,4.9,震度４,36.19333333,140.0583333
2025/12/12,19:14:33,青森県東方沖,40°58.3′N,143°00.2′E,19 km,4.1,震度１,40.97166667,143.0033333
2025/12/13,1:18:54,青森県東方沖,40°54.5′N,142°07.0′E,55 km,3.5,震度１,40.90833333,142.1166667
2025/12/13,4:03:11,東海道南方沖,32°25.4′N,137°43.2′E,399 km,5.3,震度１,32.42333333,137.72
2025/12/13,14:59:42,青森県東方沖,40°59.0′N,142°19.3′E,49 km,4,震度２,40.98333333,142.3216667
2025/12/14,6:12:53,トカラ列島近海,29°23.0′N,129°31.1′E,10 km,2.7,震度１,29.38333333,129.5183333
2025/12/14,7:52:55,福島県沖,37°04.3′N,141°12.3′E,48 km,3.9,震度２,37.07166667,141.205
2025/12/14,13:57:01,和歌山県北部,34°03.8′N,135°16.7′E,8 km,2.1,震度１,34.06333333,135.2783333
2025/12/14,16:58:13,三陸沖,39°44.8′N,143°43.0′E,17 km,4.9,震度１,39.74666667,143.7166667
2025/12/14,17:51:20,青森県東方沖,40°44.1′N,142°09.4′E,55 km,3.7,震度２,40.735,142.1566667
2025/12/14,19:54:03,釧路沖,42°52.3′N,144°56.7′E,51 km,3.1,震度１,42.87166667,144.945
2025/12/14,19:59:20,釧路沖,42°52.4′N,144°56.5′E,51 km,3.1,震度１,42.87333333,144.9416667
2025/12/14,22:49:43,青森県東方沖,41°33.8′N,142°06.4′E,53 km,4.2,震度２,41.56333333,142.1066667
2025/12/14,23:26:51,石川県西方沖,37°03.2′N,136°37.5′E,8 km,4.9,震度４,37.05333333,136.625
2025/12/14,23:37:01,石川県西方沖,37°03.8′N,136°37.7′E,8 km,3.2,震度２,37.06333333,136.6283333
2025/12/14,23:53:56,青森県東方沖,40°54.5′N,142°06.3′E,55 km,3.7,震度１,40.90833333,142.105
2025/12/15,1:24:48,石川県西方沖,37°03.2′N,136°36.7′E,8 km,2.8,震度１,37.05333333,136.6116667
2025/12/15,3:09:27,青森県東方沖,41°10.7′N,142°42.6′E,38 km,4.4,震度１,41.17833333,142.71
2025/12/15,4:03:36,石川県西方沖,37°02.8′N,136°37.7′E,7 km,4.7,震度３,37.04666667,136.6283333
2025/12/15,8:44:06,釧路沖,42°55.8′N,145°27.1′E,43 km,4.1,震度２,42.93,145.4516667
2025/12/15,13:47:24,長野県北部,36°40.7′N,138°31.7′E,9 km,2.2,震度１,36.67833333,138.5283333
2025/12/15,21:31:41,石川県能登地方,37°13.3′N,136°53.3′E,11 km,2.6,震度１,37.22166667,136.8883333
2025/12/16,5:47:40,奄美大島近海,28°46.9′N,129°39.0′E,27 km,3.4,震度１,28.78166667,129.65
2025/12/16,6:06:28,茨城県北部,36°24.8′N,140°36.8′E,55 km,3.7,震度２,36.41333333,140.6133333
2025/12/16,6:44:47,青森県東方沖,40°56.1′N,143°04.1′E,16 km,4.1,震度１,40.935,143.0683333
2025/12/16,10:26:32,青森県東方沖,40°54.5′N,142°06.3′E,55 km,3.8,震度１,40.90833333,142.105
2025/12/16,11:45:36,宮城県沖,38°45.9′N,141°42.0′E,100 km,4.5,震度３,38.765,141.7
2025/12/16,13:57:05,福井県嶺北,35°54.7′N,136°44.8′E,10 km,3.8,震度３,35.91166667,136.7466667
2025/12/16,14:38:51,青森県東方沖,40°53.6′N,143°03.5′E,15 km,5.3,震度３,40.89333333,143.0583333
2025/12/16,17:05:32,福井県嶺北,35°54.8′N,136°44.6′E,10 km,3,震度１,35.91333333,136.7433333
2025/12/16,23:13:06,熊本県阿蘇地方,32°59.5′N,131°07.3′E,10 km,3.5,震度２,32.99166667,131.1216667
2025/12/16,23:39:32,石川県西方沖,37°02.9′N,136°36.9′E,9 km,3.4,震度１,37.04833333,136.615
2025/12/17,2:49:23,岐阜県美濃中西部,35°38.5′N,137°04.2′E,7 km,2.5,震度１,35.64166667,137.07
2025/12/17,7:28:37,青森県東方沖,40°44.5′N,142°08.5′E,55 km,3.8,震度２,40.74166667,142.1416667
2025/12/17,10:44:13,北海道東方沖,43°26.5′N,147°58.0′E,74 km,5.3,震度１,43.44166667,147.9666667
2025/12/17,18:50:17,青森県東方沖,41°15.1′N,142°28.9′E,45 km,4.8,震度２,41.25166667,142.4816667
2025/12/18,9:50:39,三陸沖,39°44.3′N,143°11.9′E,12 km,4.7,震度２,39.73833333,143.1983333
2025/12/18,11:18:12,熊本県阿蘇地方,32°59.1′N,131°07.5′E,8 km,3,震度２,32.985,131.125
2025/12/18,13:51:15,トカラ列島近海,29°55.0′N,129°59.7′E,9 km,2.2,震度１,29.91666667,129.995
2025/12/18,14:07:25,熊本県阿蘇地方,32°59.2′N,131°07.5′E,8 km,2.6,震度１,32.98666667,131.125
2025/12/18,14:20:08,三陸沖,39°44.6′N,143°12.1′E,11 km,4.6,震度１,39.74333333,143.2016667
2025/12/18,22:57:22,福島県沖,36°52.6′N,140°58.8′E,53 km,4,震度２,36.87666667,140.98
2025/12/19,0:27:40,石川県西方沖,37°03.3′N,136°37.9′E,8 km,2.7,震度１,37.055,136.6316667
2025/12/19,3:28:59,福島県会津,36°57.8′N,139°22.2′E,3 km,2.3,震度１,36.96333333,139.37
2025/12/19,5:44:50,トカラ列島近海,29°38.6′N,129°45.2′E,0 km,2.4,震度１,29.64333333,129.7533333
2025/12/19,13:04:11,石川県能登地方,37°10.9′N,136°41.5′E,8 km,3.3,震度１,37.18166667,136.6916667
2025/12/19,13:35:54,宮古島北西沖,26°24.3′N,124°57.6′E,172 km,4.9,震度１,26.405,124.96
2025/12/19,19:45:02,トカラ列島近海,29°22.2′N,129°29.7′E,7 km,2.5,震度１,29.37,129.495
2025/12/19,21:54:20,八丈島東方沖,32°37.0′N,140°09.2′E,143 km,4.6,震度１,32.61666667,140.1533333
2025/12/20,2:05:41,石川県西方沖,37°04.0′N,136°37.7′E,8 km,3.5,震度２,37.06666667,136.6283333
2025/12/20,5:21:40,トカラ列島近海,29°32.5′N,129°36.7′E,8 km,2.7,震度２,29.54166667,129.6116667
2025/12/20,6:15:03,宮崎県南部山沿い,32°02.2′N,130°56.5′E,8 km,2.5,震度１,32.03666667,130.9416667
2025/12/20,6:37:13,トカラ列島近海,29°32.5′N,129°36.7′E,7 km,2.2,震度１,29.54166667,129.6116667
2025/12/20,6:40:05,三陸沖,39°36.9′N,143°18.2′E,14 km,4.7,震度１,39.615,143.3033333
2025/12/20,15:45:53,宗谷地方南部,45°01.8′N,142°10.6′E,0 km,3.3,震度１,45.03,142.1766667
2025/12/20,21:30:29,根室半島南東沖,42°44.1′N,146°02.7′E,15 km,5.4,震度３,42.735,146.045
2025/12/20,21:33:53,根室半島南東沖,42°45.1′N,146°02.3′E,14 km,4.8,震度３,42.75166667,146.0383333
2025/12/20,21:58:52,根室半島南東沖,42°43.6′N,146°01.2′E,14 km,5,震度２,42.72666667,146.02
2025/12/21,0:28:56,沖縄本島近海,26°23.7′N,127°03.8′E,19 km,2.2,震度１,26.395,127.0633333
2025/12/21,6:29:47,青森県西方沖,41°08.5′N,139°10.5′E,33 km,4,震度１,41.14166667,139.175
2025/12/21,9:13:39,トカラ列島近海,29°32.4′N,129°36.7′E,7 km,2.1,震度１,29.54,129.6116667
2025/12/21,10:29:02,青森県東方沖,40°43.4′N,142°15.2′E,51 km,5.6,震度４,40.72333333,142.2533333
2025/12/21,12:00:27,和歌山県北部,34°04.4′N,135°19.0′E,9 km,2.6,震度１,34.07333333,135.3166667
2025/12/21,12:48:04,北海道東方沖,43°25.1′N,147°46.7′E,61 km,5.3,震度１,43.41833333,147.7783333
2025/12/21,15:51:37,奄美大島近海,27°28.6′N,129°08.7′E,13 km,3.9,震度２,27.47666667,129.145
2025/12/21,21:31:20,トカラ列島近海,29°32.5′N,129°37.4′E,9 km,2.1,震度１,29.54166667,129.6233333
2025/12/21,22:03:04,トカラ列島近海,29°32.4′N,129°36.9′E,7 km,3.5,震度３,29.54,129.615
2025/12/21,22:06:31,トカラ列島近海,29°32.3′N,129°37.0′E,8 km,2.5,震度１,29.53833333,129.6166667
2025/12/21,23:03:15,橘湾,32°47.9′N,130°08.7′E,10 km,2.3,震度１,32.79833333,130.145
2025/12/22,8:33:01,岩手県沖,39°38.0′N,142°06.3′E,49 km,4.2,震度３,39.63333333,142.105
2025/12/22,21:38:09,沖縄本島北西沖,26°06.5′N,126°01.5′E,97 km,4.6,震度１,26.10833333,126.025
2025/12/23,5:03:49,日高地方東部,42°19.5′N,143°00.9′E,52 km,3.9,震度２,42.325,143.015
2025/12/23,8:28:56,福島県沖,37°48.2′N,141°42.3′E,55 km,3.9,震度１,37.80333333,141.705
2025/12/23,18:44:22,三重県南東沖,33°05.3′N,137°55.9′E,330 km,5.1,震度２,33.08833333,137.9316667
2025/12/24,5:40:33,トカラ列島近海,29°32.7′N,129°36.9′E,8 km,2.2,震度１,29.545,129.615
2025/12/24,5:55:01,奄美大島近海,27°40.6′N,128°42.1′E,18 km,3.6,震度１,27.67666667,128.7016667
2025/12/24,9:47:42,石川県西方沖,37°03.2′N,136°37.0′E,8 km,3.7,震度２,37.05333333,136.6166667
2025/12/25,11:52:44,長野県中部,36°19.3′N,138°01.4′E,6 km,2.9,震度１,36.32166667,138.0233333
2025/12/25,19:21:59,瀬戸内海中部,34°26.9′N,133°29.3′E,13 km,3.2,震度１,34.44833333,133.4883333
2025/12/25,21:28:34,大分県中部,33°16.0′N,131°23.1′E,10 km,2.3,震度１,33.26666667,131.385
2025/12/26,1:17:40,青森県東方沖,41°10.0′N,142°34.9′E,42 km,5.8,震度３,41.16666667,142.5816667
2025/12/26,1:19:49,青森県東方沖,41°11.2′N,142°34.1′E,41 km,4.3,震度１,41.18666667,142.5683333
2025/12/26,1:25:49,青森県東方沖,41°11.1′N,142°35.8′E,43 km,4.5,震度２,41.185,142.5966667
2025/12/26,2:56:46,熊本県熊本地方,32°44.6′N,130°39.9′E,11 km,2.9,震度２,32.74333333,130.665
2025/12/26,3:18:52,奄美大島近海,27°39.3′N,128°43.4′E,18 km,3.3,震度１,27.655,128.7233333
2025/12/26,3:29:31,トカラ列島近海,29°32.4′N,129°36.9′E,8 km,2.7,震度２,29.54,129.615
2025/12/27,8:26:27,兵庫県北方沖,35°43.0′N,134°49.2′E,13 km,3.5,震度２,35.71666667,134.82
2025/12/27,9:33:40,釧路沖,42°41.7′N,144°33.9′E,55 km,3.6,震度１,42.695,144.565
2025/12/27,12:55:18,釧路沖,42°54.3′N,145°30.3′E,40 km,4.2,震度２,42.905,145.505
2025/12/27,15:30:42,愛知県西部,35°22.8′N,136°54.7′E,8 km,2.3,震度１,35.38,136.9116667
2025/12/27,18:55:58,豊後水道,33°01.0′N,132°14.1′E,38 km,3.2,震度１,33.01666667,132.235
2025/12/28,0:05:55,台湾付近,24°37.9′N,121°58.2′E,86 km,7,震度３,24.63166667,121.97
2025/12/28,2:19:53,熊本県阿蘇地方,32°58.4′N,131°06.0′E,9 km,3,震度２,32.97333333,131.1
2025/12/28,9:02:22,福島県会津,37°02.6′N,139°24.3′E,7 km,1.7,震度１,37.04333333,139.405
2025/12/28,16:39:59,岩手県沖,39°06.3′N,142°07.3′E,45 km,3.4,震度１,39.105,142.1216667
2025/12/28,18:08:13,トカラ列島近海,29°32.5′N,129°36.5′E,7 km,2.2,震度１,29.54166667,129.6083333
2025/12/29,6:12:56,熊本県阿蘇地方,32°59.9′N,131°07.4′E,9 km,3.1,震度２,32.99833333,131.1233333
2025/12/29,7:35:22,熊本県阿蘇地方,32°59.9′N,131°07.6′E,9 km,3.9,震度３,32.99833333,131.1266667
2025/12/29,7:37:40,熊本県阿蘇地方,32°59.8′N,131°07.8′E,8 km,2.6,震度１,32.99666667,131.13
2025/12/29,7:51:37,トカラ列島近海,29°20.0′N,129°29.3′E,9 km,3.4,震度３,29.33333333,129.4883333
2025/12/29,8:32:58,豊後水道,33°16.5′N,132°25.1′E,38 km,3.1,震度１,33.275,132.4183333
2025/12/29,21:08:27,埼玉県南部,35°58.4′N,139°31.4′E,84 km,3.3,震度１,35.97333333,139.5233333
2025/12/30,8:07:11,新潟県上越地方,37°02.7′N,138°07.1′E,10 km,2.4,震度１,37.045,138.1183333
2025/12/30,10:08:47,千葉県南部,35°08.3′N,140°17.0′E,0 km,2.3,震度１,35.13833333,140.2833333
2025/12/30,12:24:01,熊本県熊本地方,32°39.4′N,130°43.0′E,9 km,2,震度１,32.65666667,130.7166667
2025/12/30,17:12:25,奄美大島近海,27°40.3′N,128°42.6′E,19 km,5.7,震度４,27.67166667,128.71
2025/12/30,17:16:12,奄美大島近海,27°39.1′N,128°44.6′E,16 km,3.2,震度１,27.65166667,128.7433333
2025/12/30,17:23:05,奄美大島近海,27°37.3′N,128°46.2′E,15 km,4.1,震度１,27.62166667,128.77
2025/12/30,17:32:58,奄美大島近海,27°38.3′N,128°44.7′E,17 km,3.3,震度１,27.63833333,128.745
2025/12/30,17:48:13,奄美大島近海,27°38.0′N,128°45.7′E,16 km,4,震度２,27.63333333,128.7616667
2025/12/31,4:03:46,奄美大島近海,27°38.6′N,128°45.5′E,19 km,3.5,震度１,27.64333333,128.7583333
2025/12/31,7:19:45,三陸沖,39°33.3′N,143°26.1′E,13 km,5,震度２,39.555,143.435
2025/12/31,8:51:36,岩手県沖,39°27.2′N,142°35.2′E,31 km,4.6,震度２,39.45333333,142.5866667
2025/12/31,10:33:34,富山県西部,36°40.1′N,136°50.2′E,14 km,2.9,震度１,36.66833333,136.8366667
2025/12/31,14:22:49,奄美大島近海,28°05.3′N,129°16.6′E,20 km,2.9,震度１,28.08833333,129.2766667
2025/12/31,16:43:36,奄美大島近海,27°39.7′N,128°42.9′E,17 km,4.1,震度２,27.66166667,128.715
2025/12/31,20:26:53,熊本県阿蘇地方,32°59.6′N,131°07.5′E,9 km,3.3,震度２,32.99333333,131.125
2025/12/31,20:52:21,熊本県阿蘇地方,32°59.6′N,131°07.5′E,9 km,2.9,震度１,32.99333333,131.125
2025/12/31,23:26:58,岩手県沖,40°04.0′N,142°53.1′E,32 km,6.1,震度４,40.06666667,142.885
2025/12/31,23:50:02,岩手県沖,39°38.3′N,142°06.3′E,48 km,3.8,震度２,39.63833333,142.105
